idIsinCodeFk,mnemonicCode,fisnCode,nominalAmount,currencyCode,stockQuantity,operationYield,operationPrice,operationDate,operationHour,operationType,operationPart,settlementSystem,settlementDate,operationState,idMechanismOperationPk,indSendOtcApp,issuanceDate,expirationDate,operationRate,issuerName,shortName,checkDigit
DO2018100324,BC1AES03,AESTRELLA/11.25 BO 20301130,302731,DOP,302731,10.5243,102.351982,04/08/2026,05:52:03 PM,ESTRUCTURADA,SEGUNDA PARTE,ROTC,07/08/2026,MODIFICADA,3261131,0,30/11/2020,30/11/2030,9.35,ACERO ESTRELLA S A,AESTRELLA,62181
DO2018100324,BC1AES03,AESTRELLA/11.25 BO 20301130,302731,DOP,302731,10.5243,102.351982,04/08/2026,05:52:02 PM,PRESTAMO,SEGUNDA PARTE,ROTC,07/08/2026,MODIFICADA,3261132,0,30/11/2020,30/11/2030,4.744849,ACERO ESTRELLA S A,AESTRELLA,60074
DO1002223621,NO150127,BCENTRAL/8 BOEST 20270115 GTIA,10000,DOP,1,7.250001,100.30292,07/08/2026,05:37:56 PM,CONTADO,PRIMERA PARTE,ROTC,10/08/2026,CONFIRMADA,3269773,0,15/01/2022,15/01/2027,0,BANCO CENTRAL DE LA REPUBLICA DOMINICANA,BCENTRAL,59115
USP3579EDB04,BSRD2038, ,15000,USD,15,6.215537,99.964502,07/08/2026,05:34:02 PM,PLAZO,PRIMERA PARTE,ROTC,14/08/2026,CONFIRMADA,3269772,0,17/02/2026,17/05/2038,0,MINISTERIO DE HACIENDA,HACIENDA,47243
DO1002261423,NO301129,BCENTRAL/9.5 BOEST 20291130 GTIA,20000,DOP,2,8.7,102.231348,07/08/2026,05:32:39 PM,CONTADO,PRIMERA PARTE,ROTC,10/08/2026,CONFIRMADA,3269771,0,30/11/2025,30/11/2029,0,BANCO CENTRAL DE LA REPUBLICA DOMINICANA,BCENTRAL,58520
USP3579EBV85,BSDR2027,DOMINICAN Rep/5.95 BD 20270125 Se,210000,USD,210,4.2,100.704467,07/08/2026,05:31:20 PM,PRESTAMO,SEGUNDA PARTE,ROTC,10/11/2026,CONFIRMADA,3269770,0,25/01/2017,25/01/2027,0.02,MINISTERIO DE HACIENDA,HACIENDA,62069
USP3579EBV85,BSDR2027,DOMINICAN Rep/5.95 BD 20270125 Se,210000,USD,210,4.2,100.704467,07/08/2026,05:31:20 PM,PRESTAMO,PRIMERA PARTE,ROTC,10/08/2026,CONFIRMADA,3269770,0,25/01/2017,25/01/2027,0.02,MINISTERIO DE HACIENDA,HACIENDA,62174
USP3579EBV85,BSDR2027,DOMINICAN Rep/5.95 BD 20270125 Se,210000,USD,210,4.47086,100.295363,07/08/2026,05:31:16 PM,PLAZO,PRIMERA PARTE,ROTC,10/11/2026,CONFIRMADA,3269769,0,25/01/2017,25/01/2027,0,MINISTERIO DE HACIENDA,HACIENDA,62069
USP3579EBV85,BSDR2027,DOMINICAN Rep/5.95 BD 20270125 Se,210000,USD,210,4.375306,100.704467,07/08/2026,05:31:08 PM,CONTADO,PRIMERA PARTE,ROTC,10/08/2026,CONFIRMADA,3269768,0,25/01/2017,25/01/2027,0,MINISTERIO DE HACIENDA,HACIENDA,63357
DO1002228612,NO031227,BCENTRAL/8 BOEST 20271203 GTIA,2130000,DOP,213,8.55,99.452631,07/08/2026,05:30:54 PM,PRESTAMO,SEGUNDA PARTE,ROTC,26/11/2026,CONFIRMADA,3269767,0,03/12/2024,03/12/2027,0.02,BANCO CENTRAL DE LA REPUBLICA DOMINICANA,BCENTRAL,59955
DO1002228612,NO031227,BCENTRAL/8 BOEST 20271203 GTIA,2130000,DOP,213,8.55,99.452631,07/08/2026,05:30:54 PM,PRESTAMO,PRIMERA PARTE,ROTC,10/08/2026,CONFIRMADA,3269767,0,03/12/2024,03/12/2027,0.02,BANCO CENTRAL DE LA REPUBLICA DOMINICANA,BCENTRAL,60011
DO1002228612,NO031227,BCENTRAL/8 BOEST 20271203 GTIA,2130000,DOP,213,8.336077,99.675003,07/08/2026,05:30:50 PM,PLAZO,PRIMERA PARTE,ROTC,26/11/2026,CONFIRMADA,3269766,0,03/12/2024,03/12/2027,0,BANCO CENTRAL DE LA REPUBLICA DOMINICANA,BCENTRAL,59843
DO1002228612,NO031227,BCENTRAL/8 BOEST 20271203 GTIA,2130000,DOP,213,8.432935,99.452631,07/08/2026,05:30:32 PM,CONTADO,PRIMERA PARTE,ROTC,10/08/2026,CONFIRMADA,3269765,0,03/12/2024,03/12/2027,0,BANCO CENTRAL DE LA REPUBLICA DOMINICANA,BCENTRAL,60746
DO1002223621,NO150127,BCENTRAL/8 BOEST 20270115 GTIA,3270000,DOP,327,8.5,100.17883,07/08/2026,05:30:18 PM,PRESTAMO,SEGUNDA PARTE,ROTC,08/12/2026,CONFIRMADA,3269764,0,15/01/2022,15/01/2027,0.02,BANCO CENTRAL DE LA REPUBLICA DOMINICANA,BCENTRAL,59577
DO1002223621,NO150127,BCENTRAL/8 BOEST 20270115 GTIA,3270000,DOP,327,8.5,100.17883,07/08/2026,05:30:18 PM,PRESTAMO,PRIMERA PARTE,ROTC,10/08/2026,CONFIRMADA,3269764,0,15/01/2022,15/01/2027,0.02,BANCO CENTRAL DE LA REPUBLICA DOMINICANA,BCENTRAL,59626
DO1002223621,NO150127,BCENTRAL/8 BOEST 20270115 GTIA,3270000,DOP,327,3.84554,100.417833,07/08/2026,05:30:14 PM,PLAZO,PRIMERA PARTE,ROTC,08/12/2026,CONFIRMADA,3269763,0,15/01/2022,15/01/2027,0,BANCO CENTRAL DE LA REPUBLICA DOMINICANA,BCENTRAL,59794
DO1002223621,NO150127,BCENTRAL/8 BOEST 20270115 GTIA,3270000,DOP,327,7.547316,100.17883,07/08/2026,05:30:09 PM,CONTADO,PRIMERA PARTE,ROTC,10/08/2026,CONFIRMADA,3269762,0,15/01/2022,15/01/2027,0,BANCO CENTRAL DE LA REPUBLICA DOMINICANA,BCENTRAL,60753
DO1002228612,NO031227,BCENTRAL/8 BOEST 20271203 GTIA,4350000,DOP,435,8.5,99.976498,07/08/2026,05:30:01 PM,PRESTAMO,SEGUNDA PARTE,ROTC,27/11/2026,CONFIRMADA,3269761,0,03/12/2024,03/12/2027,0.02,BANCO CENTRAL DE LA REPUBLICA DOMINICANA,BCENTRAL,59773
DO1002228612,NO031227,BCENTRAL/8 BOEST 20271203 GTIA,4350000,DOP,435,8.5,99.976498,07/08/2026,05:30:01 PM,PRESTAMO,PRIMERA PARTE,ROTC,10/08/2026,CONFIRMADA,3269761,0,03/12/2024,03/12/2027,0.02,BANCO CENTRAL DE LA REPUBLICA DOMINICANA,BCENTRAL,59822
DO1002228612,NO031227,BCENTRAL/8 BOEST 20271203 GTIA,4350000,DOP,435,7.789925,100.199099,07/08/2026,05:29:56 PM,PLAZO,PRIMERA PARTE,ROTC,27/11/2026,CONFIRMADA,3269760,0,03/12/2024,03/12/2027,0,BANCO CENTRAL DE LA REPUBLICA DOMINICANA,BCENTRAL,60452
DO1002228612,NO031227,BCENTRAL/8 BOEST 20271203 GTIA,4350000,DOP,435,8.004253,99.976498,07/08/2026,05:29:51 PM,CONTADO,PRIMERA PARTE,ROTC,10/08/2026,CONFIRMADA,3269759,0,03/12/2024,03/12/2027,0,BANCO CENTRAL DE LA REPUBLICA DOMINICANA,BCENTRAL,60963
DO1002223621,NO150127,BCENTRAL/8 BOEST 20270115 GTIA,2480000,DOP,248,8.1,100.241235,07/08/2026,05:29:37 PM,PRESTAMO,SEGUNDA PARTE,ROTC,23/10/2026,CONFIRMADA,3269758,0,15/01/2022,15/01/2027,0.02,BANCO CENTRAL DE LA REPUBLICA DOMINICANA,BCENTRAL,59871
DO1002223621,NO150127,BCENTRAL/8 BOEST 20270115 GTIA,2480000,DOP,248,8.1,100.241235,07/08/2026,05:29:37 PM,PRESTAMO,PRIMERA PARTE,ROTC,10/08/2026,CONFIRMADA,3269758,0,15/01/2022,15/01/2027,0.02,BANCO CENTRAL DE LA REPUBLICA DOMINICANA,BCENTRAL,59955
DO1002223621,NO150127,BCENTRAL/8 BOEST 20270115 GTIA,2480000,DOP,248,6.552072,100.306823,07/08/2026,05:29:30 PM,PLAZO,PRIMERA PARTE,ROTC,23/10/2026,CONFIRMADA,3269757,0,15/01/2022,15/01/2027,0,BANCO CENTRAL DE LA REPUBLICA DOMINICANA,BCENTRAL,60123
DO1002223621,NO150127,BCENTRAL/8 BOEST 20270115 GTIA,2480000,DOP,248,7.397697,100.241235,07/08/2026,05:29:25 PM,CONTADO,PRIMERA PARTE,ROTC,10/08/2026,CONFIRMADA,3269756,0,15/01/2022,15/01/2027,0,BANCO CENTRAL DE LA REPUBLICA DOMINICANA,BCENTRAL,61194
USP3579ECF27,BSRD2030,DOMINICAN REP/4.5 BD 20300130 UNS,45000,USD,45,5,98.422749,07/08/2026,05:29:14 PM,CONTADO,PRIMERA PARTE,ROTC,10/08/2026,CONFIRMADA,3269755,0,30/01/2020,30/01/2030,0,MINISTERIO DE HACIENDA,HACIENDA,59409
USP3579ECF27,BSRD2030,DOMINICAN REP/4.5 BD 20300130 UNS,5000,USD,5,5.8,95.962494,07/08/2026,05:29:07 PM,CONTADO,PRIMERA PARTE,ROTC,10/08/2026,CONFIRMADA,3269754,0,30/01/2020,30/01/2030,0,MINISTERIO DE HACIENDA,HACIENDA,59430
DO1002261522,NO180130,BCENTRAL/9.5 BOEST 20300118 GTIA,100000,DOP,10,9.2,100.855644,07/08/2026,05:28:55 PM,CONTADO,PRIMERA PARTE,ROTC,10/08/2026,CONFIRMADA,3269753,0,18/01/2026,18/01/2030,0,BANCO CENTRAL DE LA REPUBLICA DOMINICANA,BCENTRAL,59192
DO1002261522,NO180130,BCENTRAL/9.5 BOEST 20300118 GTIA,1000000,DOP,100,9.5,99.987571,07/08/2026,05:28:49 PM,CONTADO,PRIMERA PARTE,ROTC,11/08/2026,CONFIRMADA,3269752,0,18/01/2026,18/01/2030,0,BANCO CENTRAL DE LA REPUBLICA DOMINICANA,BCENTRAL,59731
DO1002261522,NO180130,BCENTRAL/9.5 BOEST 20300118 GTIA,500000,DOP,50,9.1,101.146938,07/08/2026,05:28:44 PM,CONTADO,PRIMERA PARTE,ROTC,10/08/2026,CONFIRMADA,3269751,0,18/01/2026,18/01/2030,0,BANCO CENTRAL DE LA REPUBLICA DOMINICANA,BCENTRAL,59227
DO1002227721,NO111226,BCENTRAL/9 BOEST 20261211 GTIA,20000,DOP,2,9,99.978046,07/08/2026,05:28:25 PM,CONTADO,PRIMERA PARTE,ROTC,11/08/2026,CONFIRMADA,3269750,0,11/12/2023,11/12/2026,0,BANCO CENTRAL DE LA REPUBLICA DOMINICANA,BCENTRAL,56973
DO2018100324,BC1AES03,AESTRELLA/11.25 BO 20301130,185886,DOP,185886,10.4772,102.562248,07/08/2026,05:11:26 PM,ESTRUCTURADA,SEGUNDA PARTE,ROTC,09/10/2026,CONFIRMADA,3269748,0,30/11/2020,30/11/2030,9.3,ACERO ESTRELLA S A,AESTRELLA,62615
DO2018100324,BC1AES03,AESTRELLA/11.25 BO 20301130,185886,DOP,185886,11.2503,99.991675,07/08/2026,05:11:26 PM,ESTRUCTURADA,PRIMERA PARTE,ROTC,10/08/2026,CONFIRMADA,3269748,0,30/11/2020,30/11/2030,9.3,ACERO ESTRELLA S A,AESTRELLA,62447
DO2018100324,BC1AES03,AESTRELLA/11.25 BO 20301130,185886,DOP,185886,10.4772,102.562248,07/08/2026,05:11:25 PM,PRESTAMO,SEGUNDA PARTE,ROTC,09/10/2026,CONFIRMADA,3269749,0,30/11/2020,30/11/2030,3.664384,ACERO ESTRELLA S A,AESTRELLA,60508
DO2018100324,BC1AES03,AESTRELLA/11.25 BO 20301130,185886,DOP,185886,11.2503,99.991675,07/08/2026,05:11:25 PM,PRESTAMO,PRIMERA PARTE,ROTC,10/08/2026,CONFIRMADA,3269749,0,30/11/2020,30/11/2030,3.664384,ACERO ESTRELLA S A,AESTRELLA,60340
DO1005210922,MH22034,HACIENDA/13 BOEST 20340610 GTIA,11300000,DOP,113,8.9392,121.471213,07/08/2026,05:05:58 PM,ESTRUCTURADA,SEGUNDA PARTE,ROTC,08/02/2027,CONFIRMADA,3269723,0,10/06/2022,10/06/2034,9.95,MINISTERIO DE HACIENDA,HACIENDA,63063
DO1005210922,MH22034,HACIENDA/13 BOEST 20340610 GTIA,11300000,DOP,113,9.0618,121.721203,07/08/2026,05:05:58 PM,ESTRUCTURADA,PRIMERA PARTE,ROTC,10/08/2026,CONFIRMADA,3269723,0,10/06/2022,10/06/2034,9.95,MINISTERIO DE HACIENDA,HACIENDA,63042
DO1005210922,MH22034,HACIENDA/13 BOEST 20340610 GTIA,11300000,DOP,113,0,0,07/08/2026,05:05:58 PM,PRESTAMO,SEGUNDA PARTE,ROTC,09/06/2034,CONFIRMADA,3269724,0,10/06/2022,10/06/2034,0,MINISTERIO DE HACIENDA,HACIENDA,55937
DO1005210922,MH22034,HACIENDA/13 BOEST 20340610 GTIA,11300000,DOP,113,9.0618,121.721203,07/08/2026,05:05:58 PM,PRESTAMO,PRIMERA PARTE,ROTC,10/08/2026,CONFIRMADA,3269724,0,10/06/2022,10/06/2034,0,MINISTERIO DE HACIENDA,HACIENDA,60942
DO1002261928,LE090427,BCENTRAL/ LT 20270409 GTIA,330000,DOP,33,9.1338,94.918615,07/08/2026,05:05:57 PM,ESTRUCTURADA,SEGUNDA PARTE,ROTC,10/09/2026,CONFIRMADA,3269725,0,09/04/2026,09/04/2027,8.35,BANCO CENTRAL DE LA REPUBLICA DOMINICANA,BCENTRAL,60284
DO1002261928,LE090427,BCENTRAL/ LT 20270409 GTIA,330000,DOP,33,9.0906,94.240997,07/08/2026,05:05:57 PM,ESTRUCTURADA,PRIMERA PARTE,ROTC,10/08/2026,CONFIRMADA,3269725,0,09/04/2026,09/04/2027,8.35,BANCO CENTRAL DE LA REPUBLICA DOMINICANA,BCENTRAL,60347
DO1002261928,LE090427,BCENTRAL/ LT 20270409 GTIA,330000,DOP,33,0,0,07/08/2026,05:05:56 PM,PRESTAMO,SEGUNDA PARTE,ROTC,08/04/2027,CONFIRMADA,3269726,0,09/04/2026,09/04/2027,0,BANCO CENTRAL DE LA REPUBLICA DOMINICANA,BCENTRAL,53389
DO1002261928,LE090427,BCENTRAL/ LT 20270409 GTIA,330000,DOP,33,9.0906,94.240997,07/08/2026,05:05:56 PM,PRESTAMO,PRIMERA PARTE,ROTC,10/08/2026,CONFIRMADA,3269726,0,09/04/2026,09/04/2027,0,BANCO CENTRAL DE LA REPUBLICA DOMINICANA,BCENTRAL,58240
DO1005210922,MH22034,HACIENDA/13 BOEST 20340610 GTIA,2000000,DOP,20,8.8255,122.159094,07/08/2026,05:05:56 PM,ESTRUCTURADA,SEGUNDA PARTE,ROTC,08/02/2027,CONFIRMADA,3269727,0,10/06/2022,10/06/2034,9.2,MINISTERIO DE HACIENDA,HACIENDA,62391
DO1005210922,MH22034,HACIENDA/13 BOEST 20340610 GTIA,2000000,DOP,20,8.8872,122.827397,07/08/2026,05:05:56 PM,ESTRUCTURADA,PRIMERA PARTE,ROTC,10/08/2026,CONFIRMADA,3269727,0,10/06/2022,10/06/2034,9.2,MINISTERIO DE HACIENDA,HACIENDA,62531
DO1005210922,MH22034,HACIENDA/13 BOEST 20340610 GTIA,2000000,DOP,20,0,0,07/08/2026,05:05:55 PM,PRESTAMO,SEGUNDA PARTE,ROTC,09/06/2034,CONFIRMADA,3269728,0,10/06/2022,10/06/2034,0,MINISTERIO DE HACIENDA,HACIENDA,55202
DO1005210922,MH22034,HACIENDA/13 BOEST 20340610 GTIA,2000000,DOP,20,8.8872,122.827397,07/08/2026,05:05:55 PM,PRESTAMO,PRIMERA PARTE,ROTC,10/08/2026,CONFIRMADA,3269728,0,10/06/2022,10/06/2034,0,MINISTERIO DE HACIENDA,HACIENDA,60424
DO1002261928,LE090427,BCENTRAL/ LT 20270409 GTIA,320000,DOP,32,4.358,99.314709,07/08/2026,05:05:55 PM,ESTRUCTURADA,SEGUNDA PARTE,ROTC,11/02/2027,CONFIRMADA,3269729,0,09/04/2026,09/04/2027,9.1,BANCO CENTRAL DE LA REPUBLICA DOMINICANA,BCENTRAL,59850
DO1002261928,LE090427,BCENTRAL/ LT 20270409 GTIA,320000,DOP,32,8.0311,94.877853,07/08/2026,05:05:55 PM,ESTRUCTURADA,PRIMERA PARTE,ROTC,10/08/2026,CONFIRMADA,3269729,0,09/04/2026,09/04/2027,9.1,BANCO CENTRAL DE LA REPUBLICA DOMINICANA,BCENTRAL,60291
DO1002261928,LE090427,BCENTRAL/ LT 20270409 GTIA,320000,DOP,32,0,0,07/08/2026,05:05:54 PM,PRESTAMO,SEGUNDA PARTE,ROTC,08/04/2027,CONFIRMADA,3269730,0,09/04/2026,09/04/2027,0,BANCO CENTRAL DE LA REPUBLICA DOMINICANA,BCENTRAL,53361
DO1002261928,LE090427,BCENTRAL/ LT 20270409 GTIA,320000,DOP,32,8.0311,94.877853,07/08/2026,05:05:54 PM,PRESTAMO,PRIMERA PARTE,ROTC,10/08/2026,CONFIRMADA,3269730,0,09/04/2026,09/04/2027,0,BANCO CENTRAL DE LA REPUBLICA DOMINICANA,BCENTRAL,58184
USP3579ECQ81,BSDR2033, ,900000,DOP,18,9.0081,120.979553,07/08/2026,05:05:54 PM,ESTRUCTURADA,SEGUNDA PARTE,ROTC,11/02/2027,CONFIRMADA,3269731,0,03/02/2023,03/02/2033,9.35,MINISTERIO DE HACIENDA,HACIENDA,50841
USP3579ECQ81,BSDR2033, ,900000,DOP,18,9.0689,121.957292,07/08/2026,05:05:54 PM,ESTRUCTURADA,PRIMERA PARTE,ROTC,10/08/2026,CONFIRMADA,3269731,0,03/02/2023,03/02/2033,9.35,MINISTERIO DE HACIENDA,HACIENDA,51009
USP3579ECQ81,BSDR2033, ,900000,DOP,18,0,0,07/08/2026,05:05:53 PM,PRESTAMO,SEGUNDA PARTE,ROTC,02/02/2033,CONFIRMADA,3269732,0,03/02/2023,03/02/2033,0,MINISTERIO DE HACIENDA,HACIENDA,43624
USP3579ECQ81,BSDR2033, ,900000,DOP,18,9.0689,121.957292,07/08/2026,05:05:53 PM,PRESTAMO,PRIMERA PARTE,ROTC,10/08/2026,CONFIRMADA,3269732,0,03/02/2023,03/02/2033,0,MINISTERIO DE HACIENDA,HACIENDA,48902
USP3579EBY25,BSRD2048,DOMINICAN REP/6.5 CHURCH BD UNSEC,30000,USD,30,6.8382,96.255289,07/08/2026,05:05:52 PM,ESTRUCTURADA,SEGUNDA PARTE,ROTC,08/02/2027,CONFIRMADA,3269733,0,08/02/2018,15/02/2048,5.2,MINISTERIO DE HACIENDA,HACIENDA,65373
USP3579EBY25,BSRD2048,DOMINICAN REP/6.5 CHURCH BD UNSEC,30000,USD,30,6.7811,96.840278,07/08/2026,05:05:52 PM,ESTRUCTURADA,PRIMERA PARTE,ROTC,10/08/2026,CONFIRMADA,3269733,0,08/02/2018,15/02/2048,5.2,MINISTERIO DE HACIENDA,HACIENDA,65380
USP3579EBY25,BSRD2048,DOMINICAN REP/6.5 CHURCH BD UNSEC,30000,USD,30,0,0,07/08/2026,05:05:52 PM,PRESTAMO,SEGUNDA PARTE,ROTC,14/02/2048,CONFIRMADA,3269734,0,08/02/2018,15/02/2048,0,MINISTERIO DE HACIENDA,HACIENDA,58422
USP3579EBY25,BSRD2048,DOMINICAN REP/6.5 CHURCH BD UNSEC,30000,USD,30,6.7811,96.840278,07/08/2026,05:05:52 PM,PRESTAMO,PRIMERA PARTE,ROTC,10/08/2026,CONFIRMADA,3269734,0,08/02/2018,15/02/2048,0,MINISTERIO DE HACIENDA,HACIENDA,63280
USP3579ECN50,BSRD2033, ,54000,USD,54,6.1754,99.095963,07/08/2026,05:05:51 PM,ESTRUCTURADA,SEGUNDA PARTE,ROTC,08/12/2026,CONFIRMADA,3269735,0,22/02/2022,22/02/2033,5.05,MINISTERIO DE HACIENDA,HACIENDA,50302
USP3579ECN50,BSRD2033, ,54000,USD,54,6.123,99.343222,07/08/2026,05:05:51 PM,ESTRUCTURADA,PRIMERA PARTE,ROTC,10/08/2026,CONFIRMADA,3269735,0,22/02/2022,22/02/2033,5.05,MINISTERIO DE HACIENDA,HACIENDA,49826
USP3579ECN50,BSRD2033, ,54000,USD,54,0,0,07/08/2026,05:05:50 PM,PRESTAMO,SEGUNDA PARTE,ROTC,21/02/2033,CONFIRMADA,3269736,0,22/02/2022,22/02/2033,0,MINISTERIO DE HACIENDA,HACIENDA,43288
USP3579ECN50,BSRD2033, ,54000,USD,54,6.123,99.343222,07/08/2026,05:05:50 PM,PRESTAMO,PRIMERA PARTE,ROTC,10/08/2026,CONFIRMADA,3269736,0,22/02/2022,22/02/2033,0,MINISTERIO DE HACIENDA,HACIENDA,47719
DO1002261928,LE090427,BCENTRAL/ LT 20270409 GTIA,1390000,DOP,139,9.8425,98.386058,07/08/2026,05:05:50 PM,ESTRUCTURADA,SEGUNDA PARTE,ROTC,08/02/2027,CONFIRMADA,3269737,0,09/04/2026,09/04/2027,9.2,BANCO CENTRAL DE LA REPUBLICA DOMINICANA,BCENTRAL,61068
DO1002261928,LE090427,BCENTRAL/ LT 20270409 GTIA,1390000,DOP,139,9.4728,94.013391,07/08/2026,05:05:50 PM,ESTRUCTURADA,PRIMERA PARTE,ROTC,10/08/2026,CONFIRMADA,3269737,0,09/04/2026,09/04/2027,9.2,BANCO CENTRAL DE LA REPUBLICA DOMINICANA,BCENTRAL,61012
DO1002261928,LE090427,BCENTRAL/ LT 20270409 GTIA,1390000,DOP,139,0,0,07/08/2026,05:05:49 PM,PRESTAMO,SEGUNDA PARTE,ROTC,08/04/2027,CONFIRMADA,3269738,0,09/04/2026,09/04/2027,0,BANCO CENTRAL DE LA REPUBLICA DOMINICANA,BCENTRAL,54173
DO1002261928,LE090427,BCENTRAL/ LT 20270409 GTIA,1390000,DOP,139,9.4728,94.013391,07/08/2026,05:05:49 PM,PRESTAMO,PRIMERA PARTE,ROTC,10/08/2026,CONFIRMADA,3269738,0,09/04/2026,09/04/2027,0,BANCO CENTRAL DE LA REPUBLICA DOMINICANA,BCENTRAL,58968
USP3579ECY16,BSDR2037, ,3600000,DOP,72,8.8866,110.693075,07/08/2026,05:05:49 PM,ESTRUCTURADA,SEGUNDA PARTE,ROTC,08/12/2026,CONFIRMADA,3269739,0,24/02/2025,15/03/2037,9.35,MINISTERIO DE HACIENDA,HACIENDA,51380
USP3579ECY16,BSDR2037, ,3600000,DOP,72,8.9355,110.557232,07/08/2026,05:05:49 PM,ESTRUCTURADA,PRIMERA PARTE,ROTC,10/08/2026,CONFIRMADA,3269739,0,24/02/2025,15/03/2037,9.35,MINISTERIO DE HACIENDA,HACIENDA,51345
USP3579ECY16,BSDR2037, ,3600000,DOP,72,0,0,07/08/2026,05:05:48 PM,PRESTAMO,SEGUNDA PARTE,ROTC,13/03/2037,CONFIRMADA,3269740,0,24/02/2025,15/03/2037,0,MINISTERIO DE HACIENDA,HACIENDA,44107
USP3579ECY16,BSDR2037, ,3600000,DOP,72,8.9355,110.557232,07/08/2026,05:05:48 PM,PRESTAMO,PRIMERA PARTE,ROTC,10/08/2026,CONFIRMADA,3269740,0,24/02/2025,15/03/2037,0,MINISTERIO DE HACIENDA,HACIENDA,49238
USP3579ECS48,BSDR2035, ,1250000,DOP,25,8.6788,115.49875,07/08/2026,05:05:47 PM,ESTRUCTURADA,SEGUNDA PARTE,ROTC,18/12/2026,CONFIRMADA,3269741,0,15/09/2023,15/09/2035,9.3,MINISTERIO DE HACIENDA,HACIENDA,51058
USP3579ECS48,BSDR2035, ,1250000,DOP,25,8.7462,115.46875,07/08/2026,05:05:47 PM,ESTRUCTURADA,PRIMERA PARTE,ROTC,10/08/2026,CONFIRMADA,3269741,0,15/09/2023,15/09/2035,9.3,MINISTERIO DE HACIENDA,HACIENDA,51009
USP3579ECS48,BSDR2035, ,1250000,DOP,25,0,0,07/08/2026,05:05:47 PM,PRESTAMO,SEGUNDA PARTE,ROTC,14/09/2035,CONFIRMADA,3269742,0,15/09/2023,15/09/2035,0,MINISTERIO DE HACIENDA,HACIENDA,44093
USP3579ECS48,BSDR2035, ,1250000,DOP,25,8.7462,115.46875,07/08/2026,05:05:47 PM,PRESTAMO,PRIMERA PARTE,ROTC,10/08/2026,CONFIRMADA,3269742,0,15/09/2023,15/09/2035,0,MINISTERIO DE HACIENDA,HACIENDA,48909
USP3579ECV76,BSDR2036, ,3950000,DOP,79,8.864,111.840392,07/08/2026,05:05:46 PM,ESTRUCTURADA,SEGUNDA PARTE,ROTC,08/01/2027,CONFIRMADA,3269743,0,01/07/2024,01/06/2036,9.2,MINISTERIO DE HACIENDA,HACIENDA,51044
USP3579ECV76,BSDR2036, ,3950000,DOP,79,8.9067,111.863634,07/08/2026,05:05:46 PM,ESTRUCTURADA,PRIMERA PARTE,ROTC,10/08/2026,CONFIRMADA,3269743,0,01/07/2024,01/06/2036,9.2,MINISTERIO DE HACIENDA,HACIENDA,51492
USP3579ECV76,BSDR2036, ,3950000,DOP,79,0,0,07/08/2026,05:05:45 PM,PRESTAMO,SEGUNDA PARTE,ROTC,30/05/2036,CONFIRMADA,3269744,0,01/07/2024,01/06/2036,0,MINISTERIO DE HACIENDA,HACIENDA,44205
USP3579ECV76,BSDR2036, ,3950000,DOP,79,8.9067,111.863634,07/08/2026,05:05:45 PM,PRESTAMO,PRIMERA PARTE,ROTC,10/08/2026,CONFIRMADA,3269744,0,01/07/2024,01/06/2036,0,MINISTERIO DE HACIENDA,HACIENDA,49385
USP3579ECQ81,BSDR2033, ,1200000,DOP,24,9.312,119.45169,07/08/2026,05:05:45 PM,ESTRUCTURADA,SEGUNDA PARTE,ROTC,08/02/2027,CONFIRMADA,3269745,0,03/02/2023,03/02/2033,9.2,MINISTERIO DE HACIENDA,HACIENDA,50428
USP3579ECQ81,BSDR2033, ,1200000,DOP,24,9.3238,120.568403,07/08/2026,05:05:45 PM,ESTRUCTURADA,PRIMERA PARTE,ROTC,10/08/2026,CONFIRMADA,3269745,0,03/02/2023,03/02/2033,9.2,MINISTERIO DE HACIENDA,HACIENDA,51170
USP3579ECQ81,BSDR2033, ,1200000,DOP,24,0,0,07/08/2026,05:05:44 PM,PRESTAMO,SEGUNDA PARTE,ROTC,02/02/2033,CONFIRMADA,3269746,0,03/02/2023,03/02/2033,0,MINISTERIO DE HACIENDA,HACIENDA,43897
USP3579ECQ81,BSDR2033, ,1200000,DOP,24,9.3238,120.568403,07/08/2026,05:05:44 PM,PRESTAMO,PRIMERA PARTE,ROTC,10/08/2026,CONFIRMADA,3269746,0,03/02/2023,03/02/2033,0,MINISTERIO DE HACIENDA,HACIENDA,49063
USP3579EBE60,BSRD2045,DOMINICAN Rep/6.85 BD 20450127 Un,210000,USD,210,6.65,102.105043,07/08/2026,05:05:44 PM,CONTADO,PRIMERA PARTE,ROTC,10/08/2026,CONFIRMADA,3269747,0,27/01/2015,27/01/2045,0,MINISTERIO DE HACIENDA,HACIENDA,61775
DO2018100324,BC1AES03,AESTRELLA/11.25 BO 20301130,195669,DOP,195669,10.4772,102.56224,07/08/2026,05:05:29 PM,ESTRUCTURADA,SEGUNDA PARTE,ROTC,09/10/2026,CONFIRMADA,3269709,0,30/11/2020,30/11/2030,9.3,ACERO ESTRELLA S A,AESTRELLA,62265
DO2018100324,BC1AES03,AESTRELLA/11.25 BO 20301130,195669,DOP,195669,11.2503,99.991675,07/08/2026,05:05:29 PM,ESTRUCTURADA,PRIMERA PARTE,ROTC,10/08/2026,CONFIRMADA,3269709,0,30/11/2020,30/11/2030,9.3,ACERO ESTRELLA S A,AESTRELLA,62489
DO2018100324,BC1AES03,AESTRELLA/11.25 BO 20301130,195669,DOP,195669,10.4772,102.56224,07/08/2026,05:05:29 PM,PRESTAMO,SEGUNDA PARTE,ROTC,09/10/2026,CONFIRMADA,3269710,0,30/11/2020,30/11/2030,3.664376,ACERO ESTRELLA S A,AESTRELLA,60165
DO2018100324,BC1AES03,AESTRELLA/11.25 BO 20301130,195669,DOP,195669,11.2503,99.991675,07/08/2026,05:05:29 PM,PRESTAMO,PRIMERA PARTE,ROTC,10/08/2026,CONFIRMADA,3269710,0,30/11/2020,30/11/2030,3.664376,ACERO ESTRELLA S A,AESTRELLA,60389
DO1002223621,NO150127,BCENTRAL/8 BOEST 20270115 GTIA,1200000,DOP,120,7.9,100.032058,07/08/2026,05:03:30 PM,CONTADO,PRIMERA PARTE,ROTC,10/08/2026,CONFIRMADA,3269720,0,15/01/2022,15/01/2027,0,BANCO CENTRAL DE LA REPUBLICA DOMINICANA,BCENTRAL,59059
DO2006901311,BC1ITA01,EGEITABO/5.65 BO 20311208,16890,USD,16890,5.4033,101.079574,07/08/2026,05:01:44 PM,ESTRUCTURADA,SEGUNDA PARTE,ROTC,27/11/2026,CONFIRMADA,3269721,0,08/12/2021,08/12/2031,4.4,"EMPRESA GENERADORA DE ELECTRICIDAD ITABO, S.A.",EGEITABO,60634
DO2006901311,BC1ITA01,EGEITABO/5.65 BO 20311208,16890,USD,16890,5.65,99.997577,07/08/2026,05:01:44 PM,ESTRUCTURADA,PRIMERA PARTE,ROTC,10/08/2026,CONFIRMADA,3269721,0,08/12/2021,08/12/2031,4.4,"EMPRESA GENERADORA DE ELECTRICIDAD ITABO, S.A.",EGEITABO,59878
DO2006901311,BC1ITA01,EGEITABO/5.65 BO 20311208,16890,USD,16890,5.4033,101.079574,07/08/2026,05:01:43 PM,PRESTAMO,SEGUNDA PARTE,ROTC,27/11/2026,CONFIRMADA,3269722,0,08/12/2021,08/12/2031,2.267796,"EMPRESA GENERADORA DE ELECTRICIDAD ITABO, S.A.",EGEITABO,58527
DO2006901311,BC1ITA01,EGEITABO/5.65 BO 20311208,16890,USD,16890,5.65,99.997577,07/08/2026,05:01:43 PM,PRESTAMO,PRIMERA PARTE,ROTC,10/08/2026,CONFIRMADA,3269722,0,08/12/2021,08/12/2031,2.267796,"EMPRESA GENERADORA DE ELECTRICIDAD ITABO, S.A.",EGEITABO,57771
DO2018100324,BC1AES03,AESTRELLA/11.25 BO 20301130,39133,DOP,39133,11.3013,99.825339,07/08/2026,05:01:20 PM,ESTRUCTURADA,SEGUNDA PARTE,ROTC,25/08/2026,CONFIRMADA,3269717,0,30/11/2020,30/11/2030,6.95,ACERO ESTRELLA S A,AESTRELLA,61397
DO2018100324,BC1AES03,AESTRELLA/11.25 BO 20301130,39133,DOP,39133,11.2503,99.991675,07/08/2026,05:01:20 PM,ESTRUCTURADA,PRIMERA PARTE,ROTC,10/08/2026,CONFIRMADA,3269717,0,30/11/2020,30/11/2030,6.95,ACERO ESTRELLA S A,AESTRELLA,61488
DO2018100324,BC1AES03,AESTRELLA/11.25 BO 20301130,39133,DOP,39133,11.3013,99.825339,07/08/2026,05:01:20 PM,PRESTAMO,SEGUNDA PARTE,ROTC,25/08/2026,CONFIRMADA,3269718,0,30/11/2020,30/11/2030,2.453652,ACERO ESTRELLA S A,AESTRELLA,59297
DO2018100324,BC1AES03,AESTRELLA/11.25 BO 20301130,39133,DOP,39133,11.2503,99.991675,07/08/2026,05:01:20 PM,PRESTAMO,PRIMERA PARTE,ROTC,10/08/2026,CONFIRMADA,3269718,0,30/11/2020,30/11/2030,2.453652,ACERO ESTRELLA S A,AESTRELLA,59388
DO2018100324,BC1AES03,AESTRELLA/11.25 BO 20301130,765445,DOP,765445,10.4582,102.673475,07/08/2026,04:58:53 PM,ESTRUCTURADA,SEGUNDA PARTE,ROTC,09/09/2026,CONFIRMADA,3269713,0,30/11/2020,30/11/2030,9.05,ACERO ESTRELLA S A,AESTRELLA,62699
DO2018100324,BC1AES03,AESTRELLA/11.25 BO 20301130,765445,DOP,765445,11.2503,99.991675,07/08/2026,04:58:53 PM,ESTRUCTURADA,PRIMERA PARTE,ROTC,10/08/2026,CONFIRMADA,3269713,0,30/11/2020,30/11/2030,9.05,ACERO ESTRELLA S A,AESTRELLA,62447
DO2018100324,BC1AES03,AESTRELLA/11.25 BO 20301130,765445,DOP,765445,10.4582,102.673475,07/08/2026,04:58:52 PM,PRESTAMO,SEGUNDA PARTE,ROTC,09/09/2026,CONFIRMADA,3269714,0,30/11/2020,30/11/2030,2.903447,ACERO ESTRELLA S A,AESTRELLA,60592
DO2018100324,BC1AES03,AESTRELLA/11.25 BO 20301130,765445,DOP,765445,11.2503,99.991675,07/08/2026,04:58:52 PM,PRESTAMO,PRIMERA PARTE,ROTC,10/08/2026,CONFIRMADA,3269714,0,30/11/2020,30/11/2030,2.903447,ACERO ESTRELLA S A,AESTRELLA,60340
DO1005213025,MH22031,HACIENDA/10.25 BOEST 20310209 GTIA,5500000,DOP,55,8.7396,105.449603,07/08/2026,04:57:26 PM,ESTRUCTURADA,SEGUNDA PARTE,ROTC,09/09/2026,CONFIRMADA,3269581,0,09/02/2024,09/02/2031,9.85,MINISTERIO DE HACIENDA,HACIENDA,63588
DO1005213025,MH22031,HACIENDA/10.25 BOEST 20310209 GTIA,5500000,DOP,55,8.7732,105.426463,07/08/2026,04:57:26 PM,ESTRUCTURADA,PRIMERA PARTE,ROTC,10/08/2026,CONFIRMADA,3269581,0,09/02/2024,09/02/2031,9.85,MINISTERIO DE HACIENDA,HACIENDA,63539
DO1005213025,MH22031,HACIENDA/10.25 BOEST 20310209 GTIA,5500000,DOP,55,8.7396,105.449603,07/08/2026,04:57:25 PM,PRESTAMO,SEGUNDA PARTE,ROTC,09/09/2026,CONFIRMADA,3269582,0,09/02/2024,09/02/2031,0.840563,MINISTERIO DE HACIENDA,HACIENDA,61481
DO1005213025,MH22031,HACIENDA/10.25 BOEST 20310209 GTIA,5500000,DOP,55,8.7732,105.426463,07/08/2026,04:57:25 PM,PRESTAMO,PRIMERA PARTE,ROTC,10/08/2026,CONFIRMADA,3269582,0,09/02/2024,09/02/2031,0.840563,MINISTERIO DE HACIENDA,HACIENDA,61432
DO2018100324,BC1AES03,AESTRELLA/11.25 BO 20301130,39639,DOP,39639,10.4582,102.673453,07/08/2026,04:57:25 PM,ESTRUCTURADA,SEGUNDA PARTE,ROTC,09/09/2026,CONFIRMADA,3269711,0,30/11/2020,30/11/2030,9.05,ACERO ESTRELLA S A,AESTRELLA,61971
DO2018100324,BC1AES03,AESTRELLA/11.25 BO 20301130,39639,DOP,39639,11.2503,99.991675,07/08/2026,04:57:25 PM,ESTRUCTURADA,PRIMERA PARTE,ROTC,10/08/2026,CONFIRMADA,3269711,0,30/11/2020,30/11/2030,9.05,ACERO ESTRELLA S A,AESTRELLA,61747
DO1005213025,MH22031,HACIENDA/10.25 BOEST 20310209 GTIA,4100000,DOP,41,8.3483,106.673382,07/08/2026,04:57:24 PM,ESTRUCTURADA,SEGUNDA PARTE,ROTC,10/11/2026,CONFIRMADA,3269583,0,09/02/2024,09/02/2031,9.85,MINISTERIO DE HACIENDA,HACIENDA,63378
DO1005213025,MH22031,HACIENDA/10.25 BOEST 20310209 GTIA,4100000,DOP,41,8.4701,106.57392,07/08/2026,04:57:24 PM,ESTRUCTURADA,PRIMERA PARTE,ROTC,11/08/2026,CONFIRMADA,3269583,0,09/02/2024,09/02/2031,9.85,MINISTERIO DE HACIENDA,HACIENDA,63091
DO2018100324,BC1AES03,AESTRELLA/11.25 BO 20301130,39639,DOP,39639,10.4582,102.673453,07/08/2026,04:57:24 PM,PRESTAMO,SEGUNDA PARTE,ROTC,09/09/2026,CONFIRMADA,3269712,0,30/11/2020,30/11/2030,2.903438,ACERO ESTRELLA S A,AESTRELLA,59864
DO2018100324,BC1AES03,AESTRELLA/11.25 BO 20301130,39639,DOP,39639,11.2503,99.991675,07/08/2026,04:57:24 PM,PRESTAMO,PRIMERA PARTE,ROTC,10/08/2026,CONFIRMADA,3269712,0,30/11/2020,30/11/2030,2.903438,ACERO ESTRELLA S A,AESTRELLA,59640
DO1005213025,MH22031,HACIENDA/10.25 BOEST 20310209 GTIA,4100000,DOP,41,8.3483,106.673382,07/08/2026,04:57:23 PM,PRESTAMO,SEGUNDA PARTE,ROTC,10/11/2026,CONFIRMADA,3269584,0,09/02/2024,09/02/2031,2.480766,MINISTERIO DE HACIENDA,HACIENDA,61271
DO1005213025,MH22031,HACIENDA/10.25 BOEST 20310209 GTIA,4100000,DOP,41,8.4701,106.57392,07/08/2026,04:57:23 PM,PRESTAMO,PRIMERA PARTE,ROTC,11/08/2026,CONFIRMADA,3269584,0,09/02/2024,09/02/2031,2.480766,MINISTERIO DE HACIENDA,HACIENDA,60984
DO1005213025,MH22031,HACIENDA/10.25 BOEST 20310209 GTIA,11400000,DOP,114,8.8534,105.020916,07/08/2026,04:57:22 PM,ESTRUCTURADA,SEGUNDA PARTE,ROTC,11/09/2026,CONFIRMADA,3269585,0,09/02/2024,09/02/2031,9.45,MINISTERIO DE HACIENDA,HACIENDA,64036
DO1005213025,MH22031,HACIENDA/10.25 BOEST 20310209 GTIA,11400000,DOP,114,8.8753,105.035563,07/08/2026,04:57:22 PM,ESTRUCTURADA,PRIMERA PARTE,ROTC,12/08/2026,CONFIRMADA,3269585,0,09/02/2024,09/02/2031,9.45,MINISTERIO DE HACIENDA,HACIENDA,64148
DO1005213025,MH22031,HACIENDA/10.25 BOEST 20310209 GTIA,11400000,DOP,114,8.8534,105.020916,07/08/2026,04:57:21 PM,PRESTAMO,SEGUNDA PARTE,ROTC,11/09/2026,CONFIRMADA,3269587,0,09/02/2024,09/02/2031,0.860864,MINISTERIO DE HACIENDA,HACIENDA,61929
DO1005213025,MH22031,HACIENDA/10.25 BOEST 20310209 GTIA,11400000,DOP,114,8.8753,105.035563,07/08/2026,04:57:21 PM,PRESTAMO,PRIMERA PARTE,ROTC,12/08/2026,CONFIRMADA,3269587,0,09/02/2024,09/02/2031,0.860864,MINISTERIO DE HACIENDA,HACIENDA,62041
DO1005213025,MH22031,HACIENDA/10.25 BOEST 20310209 GTIA,12100000,DOP,121,8.762,105.366281,07/08/2026,04:57:20 PM,ESTRUCTURADA,SEGUNDA PARTE,ROTC,09/09/2026,CONFIRMADA,3269588,0,09/02/2024,09/02/2031,9.85,MINISTERIO DE HACIENDA,HACIENDA,63728
DO1005213025,MH22031,HACIENDA/10.25 BOEST 20310209 GTIA,12100000,DOP,121,8.7951,105.343819,07/08/2026,04:57:20 PM,ESTRUCTURADA,PRIMERA PARTE,ROTC,10/08/2026,CONFIRMADA,3269588,0,09/02/2024,09/02/2031,9.85,MINISTERIO DE HACIENDA,HACIENDA,64127
DO1005213025,MH22031,HACIENDA/10.25 BOEST 20310209 GTIA,12100000,DOP,121,8.762,105.366281,07/08/2026,04:57:19 PM,PRESTAMO,SEGUNDA PARTE,ROTC,09/09/2026,CONFIRMADA,3269589,0,09/02/2024,09/02/2031,0.840584,MINISTERIO DE HACIENDA,HACIENDA,61684
DO1005213025,MH22031,HACIENDA/10.25 BOEST 20310209 GTIA,12100000,DOP,121,8.7951,105.343819,07/08/2026,04:57:19 PM,PRESTAMO,PRIMERA PARTE,ROTC,10/08/2026,CONFIRMADA,3269589,0,09/02/2024,09/02/2031,0.840584,MINISTERIO DE HACIENDA,HACIENDA,62083
USP3579ECV76,BSDR2036, ,147350000,DOP,2947,9.50130899,107.822175,07/08/2026,04:57:18 PM,CONTADO,PRIMERA PARTE,ROTC,12/08/2026,CONFIRMADA,3269707,0,01/07/2024,01/06/2036,0,MINISTERIO DE HACIENDA,HACIENDA,51597
DO2018100324,BC1AES03,AESTRELLA/11.25 BO 20301130,88050,DOP,88050,10.4334,102.758649,07/08/2026,04:53:37 PM,ESTRUCTURADA,SEGUNDA PARTE,ROTC,09/09/2026,CONFIRMADA,3269686,0,30/11/2020,30/11/2030,10.05,ACERO ESTRELLA S A,AESTRELLA,61880
DO2018100324,BC1AES03,AESTRELLA/11.25 BO 20301130,88050,DOP,88050,11.2503,99.991675,07/08/2026,04:53:37 PM,ESTRUCTURADA,PRIMERA PARTE,ROTC,10/08/2026,CONFIRMADA,3269686,0,30/11/2020,30/11/2030,10.05,ACERO ESTRELLA S A,AESTRELLA,61614
DO2018100324,BC1AES03,AESTRELLA/11.25 BO 20301130,88050,DOP,88050,10.4334,102.758649,07/08/2026,04:53:36 PM,PRESTAMO,SEGUNDA PARTE,ROTC,09/09/2026,CONFIRMADA,3269687,0,30/11/2020,30/11/2030,2.98369,ACERO ESTRELLA S A,AESTRELLA,59773
DO2018100324,BC1AES03,AESTRELLA/11.25 BO 20301130,88050,DOP,88050,11.2503,99.991675,07/08/2026,04:53:36 PM,PRESTAMO,PRIMERA PARTE,ROTC,10/08/2026,CONFIRMADA,3269687,0,30/11/2020,30/11/2030,2.98369,ACERO ESTRELLA S A,AESTRELLA,59507
DO2018100324,BC1AES03,AESTRELLA/11.25 BO 20301130,21836,DOP,21836,8.8196,107.658271,07/08/2026,04:52:17 PM,ESTRUCTURADA,SEGUNDA PARTE,ROTC,08/03/2027,CONFIRMADA,3269715,0,30/11/2020,30/11/2030,9.55,ACERO ESTRELLA S A,AESTRELLA,61551
DO2018100324,BC1AES03,AESTRELLA/11.25 BO 20301130,21836,DOP,21836,11.2503,99.991675,07/08/2026,04:52:17 PM,ESTRUCTURADA,PRIMERA PARTE,ROTC,10/08/2026,CONFIRMADA,3269715,0,30/11/2020,30/11/2030,9.55,ACERO ESTRELLA S A,AESTRELLA,61579
DO2018100324,BC1AES03,AESTRELLA/11.25 BO 20301130,21836,DOP,21836,8.8196,107.658271,07/08/2026,04:52:16 PM,PRESTAMO,SEGUNDA PARTE,ROTC,08/03/2027,CONFIRMADA,3269716,0,30/11/2020,30/11/2030,7.333463,ACERO ESTRELLA S A,AESTRELLA,59444
DO2018100324,BC1AES03,AESTRELLA/11.25 BO 20301130,21836,DOP,21836,11.2503,99.991675,07/08/2026,04:52:16 PM,PRESTAMO,PRIMERA PARTE,ROTC,10/08/2026,CONFIRMADA,3269716,0,30/11/2020,30/11/2030,7.333463,ACERO ESTRELLA S A,AESTRELLA,59472
DO2018100324,BC1AES03,AESTRELLA/11.25 BO 20301130,48917,DOP,48917,10.4772,102.562238,07/08/2026,04:50:16 PM,ESTRUCTURADA,SEGUNDA PARTE,ROTC,09/10/2026,CONFIRMADA,3269684,0,30/11/2020,30/11/2030,9.3,ACERO ESTRELLA S A,AESTRELLA,61845
DO2018100324,BC1AES03,AESTRELLA/11.25 BO 20301130,48917,DOP,48917,11.2503,99.991675,07/08/2026,04:50:16 PM,ESTRUCTURADA,PRIMERA PARTE,ROTC,10/08/2026,CONFIRMADA,3269684,0,30/11/2020,30/11/2030,9.3,ACERO ESTRELLA S A,AESTRELLA,61684
DO2018100324,BC1AES03,AESTRELLA/11.25 BO 20301130,48917,DOP,48917,10.4772,102.562238,07/08/2026,04:50:15 PM,PRESTAMO,SEGUNDA PARTE,ROTC,09/10/2026,CONFIRMADA,3269685,0,30/11/2020,30/11/2030,3.66438,ACERO ESTRELLA S A,AESTRELLA,59738
DO2018100324,BC1AES03,AESTRELLA/11.25 BO 20301130,48917,DOP,48917,11.2503,99.991675,07/08/2026,04:50:15 PM,PRESTAMO,PRIMERA PARTE,ROTC,10/08/2026,CONFIRMADA,3269685,0,30/11/2020,30/11/2030,3.66438,ACERO ESTRELLA S A,AESTRELLA,59577
DO1005213025,MH22031,HACIENDA/10.25 BOEST 20310209 GTIA,9500000,DOP,95,8.7915,105.256645,07/08/2026,04:48:40 PM,PRESTAMO,SEGUNDA PARTE,ROTC,09/09/2026,CONFIRMADA,3269650,0,09/02/2024,09/02/2031,0.840611,MINISTERIO DE HACIENDA,HACIENDA,61509
DO1005213025,MH22031,HACIENDA/10.25 BOEST 20310209 GTIA,9500000,DOP,95,8.824,105.235076,07/08/2026,04:48:40 PM,PRESTAMO,PRIMERA PARTE,ROTC,10/08/2026,CONFIRMADA,3269650,0,09/02/2024,09/02/2031,0.840611,MINISTERIO DE HACIENDA,HACIENDA,61082
DO1005213025,MH22031,HACIENDA/10.25 BOEST 20310209 GTIA,9500000,DOP,95,8.7915,105.256645,07/08/2026,04:48:39 PM,ESTRUCTURADA,SEGUNDA PARTE,ROTC,09/09/2026,CONFIRMADA,3269648,0,09/02/2024,09/02/2031,9.85,MINISTERIO DE HACIENDA,HACIENDA,63665
DO1005213025,MH22031,HACIENDA/10.25 BOEST 20310209 GTIA,9500000,DOP,95,8.824,105.235076,07/08/2026,04:48:39 PM,ESTRUCTURADA,PRIMERA PARTE,ROTC,10/08/2026,CONFIRMADA,3269648,0,09/02/2024,09/02/2031,9.85,MINISTERIO DE HACIENDA,HACIENDA,63238
DO1005213025,MH22031,HACIENDA/10.25 BOEST 20310209 GTIA,1900000,DOP,19,8.7915,105.256645,07/08/2026,04:48:38 PM,PRESTAMO,SEGUNDA PARTE,ROTC,09/09/2026,CONFIRMADA,3269647,0,09/02/2024,09/02/2031,0.840611,MINISTERIO DE HACIENDA,HACIENDA,61502
DO1005213025,MH22031,HACIENDA/10.25 BOEST 20310209 GTIA,1900000,DOP,19,8.824,105.235076,07/08/2026,04:48:38 PM,PRESTAMO,PRIMERA PARTE,ROTC,10/08/2026,CONFIRMADA,3269647,0,09/02/2024,09/02/2031,0.840611,MINISTERIO DE HACIENDA,HACIENDA,61075
DO1005213025,MH22031,HACIENDA/10.25 BOEST 20310209 GTIA,1900000,DOP,19,8.7915,105.256645,07/08/2026,04:48:37 PM,ESTRUCTURADA,SEGUNDA PARTE,ROTC,09/09/2026,CONFIRMADA,3269646,0,09/02/2024,09/02/2031,9.85,MINISTERIO DE HACIENDA,HACIENDA,63595
DO1005213025,MH22031,HACIENDA/10.25 BOEST 20310209 GTIA,1900000,DOP,19,8.824,105.235076,07/08/2026,04:48:37 PM,ESTRUCTURADA,PRIMERA PARTE,ROTC,10/08/2026,CONFIRMADA,3269646,0,09/02/2024,09/02/2031,9.85,MINISTERIO DE HACIENDA,HACIENDA,63168
DO1005213025,MH22031,HACIENDA/10.25 BOEST 20310209 GTIA,900000,DOP,9,7.2574,111.1526,07/08/2026,04:48:36 PM,PRESTAMO,SEGUNDA PARTE,ROTC,09/09/2026,CONFIRMADA,3269645,0,09/02/2024,09/02/2031,0.839218,MINISTERIO DE HACIENDA,HACIENDA,59976
DO1005213025,MH22031,HACIENDA/10.25 BOEST 20310209 GTIA,900000,DOP,9,7.3225,111.083029,07/08/2026,04:48:36 PM,PRESTAMO,PRIMERA PARTE,ROTC,10/08/2026,CONFIRMADA,3269645,0,09/02/2024,09/02/2031,0.839218,MINISTERIO DE HACIENDA,HACIENDA,60662
DO1005213025,MH22031,HACIENDA/10.25 BOEST 20310209 GTIA,900000,DOP,9,7.2574,111.1526,07/08/2026,04:48:35 PM,ESTRUCTURADA,SEGUNDA PARTE,ROTC,09/09/2026,CONFIRMADA,3269644,0,09/02/2024,09/02/2031,9.85,MINISTERIO DE HACIENDA,HACIENDA,62069
DO1005213025,MH22031,HACIENDA/10.25 BOEST 20310209 GTIA,900000,DOP,9,7.3225,111.083029,07/08/2026,04:48:35 PM,ESTRUCTURADA,PRIMERA PARTE,ROTC,10/08/2026,CONFIRMADA,3269644,0,09/02/2024,09/02/2031,9.85,MINISTERIO DE HACIENDA,HACIENDA,62755
DO1005208629,MH12031,HACIENDA/8.5 BOEST 20310611 GTIA,2100000,DOP,21,10.401,93.74289,07/08/2026,04:48:34 PM,PRESTAMO,SEGUNDA PARTE,ROTC,14/12/2026,CONFIRMADA,3269643,0,11/06/2021,11/06/2031,4.399727,MINISTERIO DE HACIENDA,HACIENDA,59955
DO1005208629,MH12031,HACIENDA/8.5 BOEST 20310611 GTIA,2100000,DOP,21,10.2716,93.820287,07/08/2026,04:48:34 PM,PRESTAMO,PRIMERA PARTE,ROTC,10/08/2026,CONFIRMADA,3269643,0,11/06/2021,11/06/2031,4.399727,MINISTERIO DE HACIENDA,HACIENDA,60753
DO1005208629,MH12031,HACIENDA/8.5 BOEST 20310611 GTIA,2100000,DOP,21,10.401,93.74289,07/08/2026,04:48:33 PM,ESTRUCTURADA,SEGUNDA PARTE,ROTC,14/12/2026,CONFIRMADA,3269642,0,11/06/2021,11/06/2031,8.7,MINISTERIO DE HACIENDA,HACIENDA,62048
DO1005208629,MH12031,HACIENDA/8.5 BOEST 20310611 GTIA,2100000,DOP,21,10.2716,93.820287,07/08/2026,04:48:33 PM,ESTRUCTURADA,PRIMERA PARTE,ROTC,10/08/2026,CONFIRMADA,3269642,0,11/06/2021,11/06/2031,8.7,MINISTERIO DE HACIENDA,HACIENDA,62846
DO1005213025,MH22031,HACIENDA/10.25 BOEST 20310209 GTIA,3500000,DOP,35,9.0056,104.299174,07/08/2026,04:48:32 PM,PRESTAMO,SEGUNDA PARTE,ROTC,10/11/2026,CONFIRMADA,3269641,0,09/02/2024,09/02/2031,2.481681,MINISTERIO DE HACIENDA,HACIENDA,61278
DO1005213025,MH22031,HACIENDA/10.25 BOEST 20310209 GTIA,3500000,DOP,35,9.0851,104.257632,07/08/2026,04:48:32 PM,PRESTAMO,PRIMERA PARTE,ROTC,10/08/2026,CONFIRMADA,3269641,0,09/02/2024,09/02/2031,2.481681,MINISTERIO DE HACIENDA,HACIENDA,61355
DO1005213025,MH22031,HACIENDA/10.25 BOEST 20310209 GTIA,3500000,DOP,35,9.0056,104.299174,07/08/2026,04:48:31 PM,ESTRUCTURADA,SEGUNDA PARTE,ROTC,10/11/2026,CONFIRMADA,3269640,0,09/02/2024,09/02/2031,9.85,MINISTERIO DE HACIENDA,HACIENDA,63371
DO1005213025,MH22031,HACIENDA/10.25 BOEST 20310209 GTIA,3500000,DOP,35,9.0851,104.257632,07/08/2026,04:48:31 PM,ESTRUCTURADA,PRIMERA PARTE,ROTC,10/08/2026,CONFIRMADA,3269640,0,09/02/2024,09/02/2031,9.85,MINISTERIO DE HACIENDA,HACIENDA,63448
DO2035500217,VF1ACR02,FDOVIRF ACR/7.85 BO 20380806,4000,USD,4,7.84315685,100,07/08/2026,04:48:29 PM,CONTADO,PRIMERA PARTE,ROTC,10/08/2026,CONFIRMADA,3269708,0,06/08/2026,06/08/2038,0,FIDEICOMISO DE OFERTA PUBLICA DE VALORES INMOBILIARIOS DE RENTA FIJA ACROPOLIS 02 FU,FDOVIRF ACR,56630
DO2018100324,BC1AES03,AESTRELLA/11.25 BO 20301130,312345,DOP,312345,10.4797,102.553727,07/08/2026,04:47:48 PM,ESTRUCTURADA,SEGUNDA PARTE,ROTC,09/10/2026,CONFIRMADA,3269689,0,30/11/2020,30/11/2030,9.25,ACERO ESTRELLA S A,AESTRELLA,62510
DO2018100324,BC1AES03,AESTRELLA/11.25 BO 20301130,312345,DOP,312345,11.2503,99.991675,07/08/2026,04:47:48 PM,ESTRUCTURADA,PRIMERA PARTE,ROTC,10/08/2026,CONFIRMADA,3269689,0,30/11/2020,30/11/2030,9.25,ACERO ESTRELLA S A,AESTRELLA,62279
DO2018100324,BC1AES03,AESTRELLA/11.25 BO 20301130,312345,DOP,312345,10.4797,102.553727,07/08/2026,04:47:48 PM,PRESTAMO,SEGUNDA PARTE,ROTC,09/10/2026,CONFIRMADA,3269690,0,30/11/2020,30/11/2030,3.656473,ACERO ESTRELLA S A,AESTRELLA,60410
DO2018100324,BC1AES03,AESTRELLA/11.25 BO 20301130,312345,DOP,312345,11.2503,99.991675,07/08/2026,04:47:48 PM,PRESTAMO,PRIMERA PARTE,ROTC,10/08/2026,CONFIRMADA,3269690,0,30/11/2020,30/11/2030,3.656473,ACERO ESTRELLA S A,AESTRELLA,60179
DO2018100324,BC1AES03,AESTRELLA/11.25 BO 20301130,817903,DOP,817903,10.4334,102.75865,07/08/2026,04:44:39 PM,ESTRUCTURADA,SEGUNDA PARTE,ROTC,09/09/2026,CONFIRMADA,3269679,0,30/11/2020,30/11/2030,10.05,ACERO ESTRELLA S A,AESTRELLA,62272
DO2018100324,BC1AES03,AESTRELLA/11.25 BO 20301130,817903,DOP,817903,11.2503,99.991675,07/08/2026,04:44:39 PM,ESTRUCTURADA,PRIMERA PARTE,ROTC,10/08/2026,CONFIRMADA,3269679,0,30/11/2020,30/11/2030,10.05,ACERO ESTRELLA S A,AESTRELLA,62398
DO2018100324,BC1AES03,AESTRELLA/11.25 BO 20301130,817903,DOP,817903,10.4334,102.75865,07/08/2026,04:44:38 PM,PRESTAMO,SEGUNDA PARTE,ROTC,09/09/2026,CONFIRMADA,3269680,0,30/11/2020,30/11/2030,2.983688,ACERO ESTRELLA S A,AESTRELLA,60165
DO2018100324,BC1AES03,AESTRELLA/11.25 BO 20301130,817903,DOP,817903,11.2503,99.991675,07/08/2026,04:44:38 PM,PRESTAMO,PRIMERA PARTE,ROTC,10/08/2026,CONFIRMADA,3269680,0,30/11/2020,30/11/2030,2.983688,ACERO ESTRELLA S A,AESTRELLA,60291
DO2018100324,BC1AES03,AESTRELLA/11.25 BO 20301130,48917,DOP,48917,11.2619,99.957377,07/08/2026,04:44:37 PM,ESTRUCTURADA,SEGUNDA PARTE,ROTC,25/08/2026,CONFIRMADA,3269682,0,30/11/2020,30/11/2030,10.05,ACERO ESTRELLA S A,AESTRELLA,61768
DO2018100324,BC1AES03,AESTRELLA/11.25 BO 20301130,48917,DOP,48917,11.2503,99.991675,07/08/2026,04:44:37 PM,ESTRUCTURADA,PRIMERA PARTE,ROTC,10/08/2026,CONFIRMADA,3269682,0,30/11/2020,30/11/2030,10.05,ACERO ESTRELLA S A,AESTRELLA,61726
DO2018100324,BC1AES03,AESTRELLA/11.25 BO 20301130,48917,DOP,48917,11.2619,99.957377,07/08/2026,04:44:36 PM,PRESTAMO,SEGUNDA PARTE,ROTC,25/08/2026,CONFIRMADA,3269683,0,30/11/2020,30/11/2030,2.579143,ACERO ESTRELLA S A,AESTRELLA,59661
DO2018100324,BC1AES03,AESTRELLA/11.25 BO 20301130,48917,DOP,48917,11.2503,99.991675,07/08/2026,04:44:36 PM,PRESTAMO,PRIMERA PARTE,ROTC,10/08/2026,CONFIRMADA,3269683,0,30/11/2020,30/11/2030,2.579143,ACERO ESTRELLA S A,AESTRELLA,59619
DO1002223621,NO150127,BCENTRAL/8 BOEST 20270115 GTIA,198720000,DOP,19872,7.376025,100.231518,07/08/2026,04:43:05 PM,PLAZO,PRIMERA PARTE,ROTC,20/08/2026,CONFIRMADA,3269599,0,15/01/2022,15/01/2027,0,BANCO CENTRAL DE LA REPUBLICA DOMINICANA,BCENTRAL,61663
DO1002223621,NO150127,BCENTRAL/8 BOEST 20270115 GTIA,198720000,DOP,19872,7.418562,100.218358,07/08/2026,04:41:58 PM,PLAZO,PRIMERA PARTE,ROTC,18/08/2026,CONFIRMADA,3269598,0,15/01/2022,15/01/2027,0,BANCO CENTRAL DE LA REPUBLICA DOMINICANA,BCENTRAL,61824
DO2018100324,BC1AES03,AESTRELLA/11.25 BO 20301130,224027,DOP,224027,10.4582,102.673477,07/08/2026,04:41:56 PM,ESTRUCTURADA,SEGUNDA PARTE,ROTC,09/09/2026,CONFIRMADA,3269654,0,30/11/2020,30/11/2030,9.05,ACERO ESTRELLA S A,AESTRELLA,62482
DO2018100324,BC1AES03,AESTRELLA/11.25 BO 20301130,224027,DOP,224027,11.2503,99.991675,07/08/2026,04:41:56 PM,ESTRUCTURADA,PRIMERA PARTE,ROTC,10/08/2026,CONFIRMADA,3269654,0,30/11/2020,30/11/2030,9.05,ACERO ESTRELLA S A,AESTRELLA,62216
DO2018100324,BC1AES03,AESTRELLA/11.25 BO 20301130,224027,DOP,224027,10.4582,102.673477,07/08/2026,04:41:55 PM,PRESTAMO,SEGUNDA PARTE,ROTC,09/09/2026,CONFIRMADA,3269655,0,30/11/2020,30/11/2030,2.903447,ACERO ESTRELLA S A,AESTRELLA,60375
DO2018100324,BC1AES03,AESTRELLA/11.25 BO 20301130,224027,DOP,224027,11.2503,99.991675,07/08/2026,04:41:55 PM,PRESTAMO,PRIMERA PARTE,ROTC,10/08/2026,CONFIRMADA,3269655,0,30/11/2020,30/11/2030,2.903447,ACERO ESTRELLA S A,AESTRELLA,60109
DO1002223621,NO150127,BCENTRAL/8 BOEST 20270115 GTIA,636830000,DOP,63683,7.262343,100.265383,07/08/2026,04:40:43 PM,PLAZO,PRIMERA PARTE,ROTC,25/08/2026,CONFIRMADA,3269600,0,15/01/2022,15/01/2027,0,BANCO CENTRAL DE LA REPUBLICA DOMINICANA,BCENTRAL,61705
DO1002261225,LE021026,BCENTRAL/ LT 20261002 GTIA,14150000,DOP,1415,8,98.93993,07/08/2026,04:39:54 PM,PRESTAMO,SEGUNDA PARTE,ROTC,09/09/2026,CONFIRMADA,3269706,0,02/10/2025,02/10/2026,0.02,BANCO CENTRAL DE LA REPUBLICA DOMINICANA,BCENTRAL,57386
DO1002261225,LE021026,BCENTRAL/ LT 20261002 GTIA,14150000,DOP,1415,8,98.93993,07/08/2026,04:39:54 PM,PRESTAMO,PRIMERA PARTE,ROTC,10/08/2026,CONFIRMADA,3269706,0,02/10/2025,02/10/2026,0.02,BANCO CENTRAL DE LA REPUBLICA DOMINICANA,BCENTRAL,57386
DO1002261225,LE021026,BCENTRAL/ LT 20261002 GTIA,14150000,DOP,1415,6.319448,99.597881,07/08/2026,04:39:50 PM,PLAZO,PRIMERA PARTE,ROTC,09/09/2026,CONFIRMADA,3269705,0,02/10/2025,02/10/2026,0,BANCO CENTRAL DE LA REPUBLICA DOMINICANA,BCENTRAL,58723
DO2006901311,BC1ITA01,EGEITABO/5.65 BO 20311208,2562,USD,2562,5.397,101.113973,07/08/2026,04:39:48 PM,ESTRUCTURADA,SEGUNDA PARTE,ROTC,13/11/2026,CONFIRMADA,3269656,0,08/12/2021,08/12/2031,4.35,"EMPRESA GENERADORA DE ELECTRICIDAD ITABO, S.A.",EGEITABO,59570
DO2006901311,BC1ITA01,EGEITABO/5.65 BO 20311208,2562,USD,2562,5.65,99.997577,07/08/2026,04:39:48 PM,ESTRUCTURADA,PRIMERA PARTE,ROTC,11/08/2026,CONFIRMADA,3269656,0,08/12/2021,08/12/2031,4.35,"EMPRESA GENERADORA DE ELECTRICIDAD ITABO, S.A.",EGEITABO,59185
DO2006901311,BC1ITA01,EGEITABO/5.65 BO 20311208,2562,USD,2562,5.397,101.113973,07/08/2026,04:39:47 PM,PRESTAMO,SEGUNDA PARTE,ROTC,13/11/2026,CONFIRMADA,3269657,0,08/12/2021,08/12/2031,2.093165,"EMPRESA GENERADORA DE ELECTRICIDAD ITABO, S.A.",EGEITABO,57463
DO2006901311,BC1ITA01,EGEITABO/5.65 BO 20311208,2562,USD,2562,5.65,99.997577,07/08/2026,04:39:47 PM,PRESTAMO,PRIMERA PARTE,ROTC,11/08/2026,CONFIRMADA,3269657,0,08/12/2021,08/12/2031,2.093165,"EMPRESA GENERADORA DE ELECTRICIDAD ITABO, S.A.",EGEITABO,57078
DO1002261225,LE021026,BCENTRAL/ LT 20261002 GTIA,14150000,DOP,1415,7.277623,98.93993,07/08/2026,04:39:44 PM,CONTADO,PRIMERA PARTE,ROTC,10/08/2026,CONFIRMADA,3269704,0,02/10/2025,02/10/2026,0,BANCO CENTRAL DE LA REPUBLICA DOMINICANA,BCENTRAL,59206
USP3579ECB13,BSRD2028,"DOMINICAN, REP /6 BD 20280719 REGS",99000,USD,99,4,100.660101,07/08/2026,04:39:37 PM,PRESTAMO,SEGUNDA PARTE,ROTC,23/09/2026,CONFIRMADA,3269703,0,19/07/2018,19/07/2028,0.02,MINISTERIO DE HACIENDA,HACIENDA,60746
USP3579ECB13,BSRD2028,"DOMINICAN, REP /6 BD 20280719 REGS",99000,USD,99,4,100.660101,07/08/2026,04:39:37 PM,PRESTAMO,PRIMERA PARTE,ROTC,10/08/2026,CONFIRMADA,3269703,0,19/07/2018,19/07/2028,0.02,MINISTERIO DE HACIENDA,HACIENDA,60774
USP3579ECB13,BSRD2028,"DOMINICAN, REP /6 BD 20280719 REGS",99000,USD,99,5.739606,100.434792,07/08/2026,04:39:32 PM,PLAZO,PRIMERA PARTE,ROTC,23/09/2026,CONFIRMADA,3269702,0,19/07/2018,19/07/2028,0,MINISTERIO DE HACIENDA,HACIENDA,61838
USP3579ECB13,BSRD2028,"DOMINICAN, REP /6 BD 20280719 REGS",99000,USD,99,5.633981,100.660101,07/08/2026,04:39:22 PM,CONTADO,PRIMERA PARTE,ROTC,10/08/2026,CONFIRMADA,3269701,0,19/07/2018,19/07/2028,0,MINISTERIO DE HACIENDA,HACIENDA,62594
USP3579ECB13,BSRD2028,"DOMINICAN, REP /6 BD 20280719 REGS",20000,USD,20,3.45,100.107533,07/08/2026,04:39:15 PM,PRESTAMO,SEGUNDA PARTE,ROTC,10/11/2026,CONFIRMADA,3269700,0,19/07/2018,19/07/2028,0.02,MINISTERIO DE HACIENDA,HACIENDA,61502
USP3579ECB13,BSRD2028,"DOMINICAN, REP /6 BD 20280719 REGS",20000,USD,20,3.45,100.107533,07/08/2026,04:39:15 PM,PRESTAMO,PRIMERA PARTE,ROTC,11/08/2026,CONFIRMADA,3269700,0,19/07/2018,19/07/2028,0.02,MINISTERIO DE HACIENDA,HACIENDA,61614
USP3579ECB13,BSRD2028,"DOMINICAN, REP /6 BD 20280719 REGS",20000,USD,20,6.312234,99.495339,07/08/2026,04:39:10 PM,PLAZO,PRIMERA PARTE,ROTC,10/11/2026,CONFIRMADA,3269699,0,19/07/2018,19/07/2028,0,MINISTERIO DE HACIENDA,HACIENDA,61215
USP3579ECB13,BSRD2028,"DOMINICAN, REP /6 BD 20280719 REGS",20000,USD,20,5.93787,100.107533,07/08/2026,04:39:05 PM,CONTADO,PRIMERA PARTE,ROTC,11/08/2026,CONFIRMADA,3269698,0,19/07/2018,19/07/2028,0,MINISTERIO DE HACIENDA,HACIENDA,62111
DO1002228612,NO031227,BCENTRAL/8 BOEST 20271203 GTIA,11890000,DOP,1189,8.55,99.438809,07/08/2026,04:38:55 PM,PRESTAMO,SEGUNDA PARTE,ROTC,26/11/2026,CONFIRMADA,3269697,0,03/12/2024,03/12/2027,0.02,BANCO CENTRAL DE LA REPUBLICA DOMINICANA,BCENTRAL,60942
DO1002228612,NO031227,BCENTRAL/8 BOEST 20271203 GTIA,11890000,DOP,1189,8.55,99.438809,07/08/2026,04:38:55 PM,PRESTAMO,PRIMERA PARTE,ROTC,10/08/2026,CONFIRMADA,3269697,0,03/12/2024,03/12/2027,0.02,BANCO CENTRAL DE LA REPUBLICA DOMINICANA,BCENTRAL,60998
DO1002228612,NO031227,BCENTRAL/8 BOEST 20271203 GTIA,11890000,DOP,1189,8.350905,99.660828,07/08/2026,04:38:49 PM,PLAZO,PRIMERA PARTE,ROTC,26/11/2026,CONFIRMADA,3269696,0,03/12/2024,03/12/2027,0,BANCO CENTRAL DE LA REPUBLICA DOMINICANA,BCENTRAL,60837
DO1002228612,NO031227,BCENTRAL/8 BOEST 20271203 GTIA,11890000,DOP,1189,8.444289,99.438809,07/08/2026,04:38:45 PM,CONTADO,PRIMERA PARTE,ROTC,10/08/2026,CONFIRMADA,3269695,0,03/12/2024,03/12/2027,0,BANCO CENTRAL DE LA REPUBLICA DOMINICANA,BCENTRAL,61789
DO1002228612,NO031227,BCENTRAL/8 BOEST 20271203 GTIA,9910000,DOP,991,8.55,99.421835,07/08/2026,04:38:39 PM,PRESTAMO,SEGUNDA PARTE,ROTC,26/11/2026,CONFIRMADA,3269694,0,03/12/2024,03/12/2027,0.02,BANCO CENTRAL DE LA REPUBLICA DOMINICANA,BCENTRAL,60221
DO1002228612,NO031227,BCENTRAL/8 BOEST 20271203 GTIA,9910000,DOP,991,8.55,99.421835,07/08/2026,04:38:39 PM,PRESTAMO,PRIMERA PARTE,ROTC,10/08/2026,CONFIRMADA,3269694,0,03/12/2024,03/12/2027,0.02,BANCO CENTRAL DE LA REPUBLICA DOMINICANA,BCENTRAL,60277
DO1002226525,NO180228,BCENTRAL/15 BOEST 20280218 GTIA,300000000,DOP,30000,9.5,107.619959,07/08/2026,04:38:36 PM,CONTADO,PRIMERA PARTE,ROTC,10/08/2026,CONFIRMADA,3268988,0,18/02/2023,18/02/2028,0,BANCO CENTRAL DE LA REPUBLICA DOMINICANA,BCENTRAL,61110
DO1002228612,NO031227,BCENTRAL/8 BOEST 20271203 GTIA,9910000,DOP,991,8.36912,99.643419,07/08/2026,04:38:34 PM,PLAZO,PRIMERA PARTE,ROTC,26/11/2026,CONFIRMADA,3269693,0,03/12/2024,03/12/2027,0,BANCO CENTRAL DE LA REPUBLICA DOMINICANA,BCENTRAL,59759
DO1002228612,NO031227,BCENTRAL/8 BOEST 20271203 GTIA,9910000,DOP,991,8.458235,99.421835,07/08/2026,04:38:28 PM,CONTADO,PRIMERA PARTE,ROTC,10/08/2026,CONFIRMADA,3269692,0,03/12/2024,03/12/2027,0,BANCO CENTRAL DE LA REPUBLICA DOMINICANA,BCENTRAL,61033
USP3579EBV85,BSDR2027,DOMINICAN Rep/5.95 BD 20270125 Se,113000,USD,113,4.55,100.035265,07/08/2026,04:38:15 PM,PRESTAMO,SEGUNDA PARTE,ROTC,21/01/2027,CONFIRMADA,3269691,0,25/01/2017,25/01/2027,0.02,MINISTERIO DE HACIENDA,HACIENDA,62524
USP3579EBV85,BSDR2027,DOMINICAN Rep/5.95 BD 20270125 Se,113000,USD,113,4.55,100.035265,07/08/2026,04:38:15 PM,PRESTAMO,PRIMERA PARTE,ROTC,10/08/2026,CONFIRMADA,3269691,0,25/01/2017,25/01/2027,0.02,MINISTERIO DE HACIENDA,HACIENDA,62615
USP3579EBV85,BSDR2027,DOMINICAN Rep/5.95 BD 20270125 Se,113000,USD,113,62.72048,99.443803,07/08/2026,04:38:09 PM,PLAZO,PRIMERA PARTE,ROTC,21/01/2027,CONFIRMADA,3269688,0,25/01/2017,25/01/2027,0,MINISTERIO DE HACIENDA,HACIENDA,62244
USP3579EBV85,BSDR2027,DOMINICAN Rep/5.95 BD 20270125 Se,113000,USD,113,5.863562,100.035265,07/08/2026,04:38:04 PM,CONTADO,PRIMERA PARTE,ROTC,10/08/2026,CONFIRMADA,3269681,0,25/01/2017,25/01/2027,0,MINISTERIO DE HACIENDA,HACIENDA,63399
DO1002261928,LE090427,BCENTRAL/ LT 20270409 GTIA,3310000,DOP,331,8.55,94.219195,07/08/2026,04:37:59 PM,PRESTAMO,SEGUNDA PARTE,ROTC,08/12/2026,CONFIRMADA,3269678,0,09/04/2026,09/04/2027,0.02,BANCO CENTRAL DE LA REPUBLICA DOMINICANA,BCENTRAL,58184
DO1002261928,LE090427,BCENTRAL/ LT 20270409 GTIA,3310000,DOP,331,8.55,94.219195,07/08/2026,04:37:59 PM,PRESTAMO,PRIMERA PARTE,ROTC,10/08/2026,CONFIRMADA,3269678,0,09/04/2026,09/04/2027,0.02,BANCO CENTRAL DE LA REPUBLICA DOMINICANA,BCENTRAL,58233
DO1002261928,LE090427,BCENTRAL/ LT 20270409 GTIA,3310000,DOP,331,9.445966,96.898161,07/08/2026,04:37:54 PM,PLAZO,PRIMERA PARTE,ROTC,08/12/2026,CONFIRMADA,3269677,0,09/04/2026,09/04/2027,0,BANCO CENTRAL DE LA REPUBLICA DOMINICANA,BCENTRAL,58184
DO1002261928,LE090427,BCENTRAL/ LT 20270409 GTIA,3310000,DOP,331,9.127168,94.219195,07/08/2026,04:37:49 PM,CONTADO,PRIMERA PARTE,ROTC,10/08/2026,CONFIRMADA,3269676,0,09/04/2026,09/04/2027,0,BANCO CENTRAL DE LA REPUBLICA DOMINICANA,BCENTRAL,58989
DO1002228612,NO031227,BCENTRAL/8 BOEST 20271203 GTIA,15760000,DOP,1576,8.55,100.03651,07/08/2026,04:37:42 PM,PRESTAMO,SEGUNDA PARTE,ROTC,23/11/2026,CONFIRMADA,3269675,0,03/12/2024,03/12/2027,0.02,BANCO CENTRAL DE LA REPUBLICA DOMINICANA,BCENTRAL,60648
DO1002228612,NO031227,BCENTRAL/8 BOEST 20271203 GTIA,15760000,DOP,1576,8.55,100.03651,07/08/2026,04:37:42 PM,PRESTAMO,PRIMERA PARTE,ROTC,10/08/2026,CONFIRMADA,3269675,0,03/12/2024,03/12/2027,0.02,BANCO CENTRAL DE LA REPUBLICA DOMINICANA,BCENTRAL,60725
DO1002228612,NO031227,BCENTRAL/8 BOEST 20271203 GTIA,15760000,DOP,1576,7.720379,100.267232,07/08/2026,04:37:37 PM,PLAZO,PRIMERA PARTE,ROTC,23/11/2026,CONFIRMADA,3269674,0,03/12/2024,03/12/2027,0,BANCO CENTRAL DE LA REPUBLICA DOMINICANA,BCENTRAL,60984
DO1002228612,NO031227,BCENTRAL/8 BOEST 20271203 GTIA,15760000,DOP,1576,7.955346,100.03651,07/08/2026,04:37:32 PM,CONTADO,PRIMERA PARTE,ROTC,10/08/2026,CONFIRMADA,3269673,0,03/12/2024,03/12/2027,0,BANCO CENTRAL DE LA REPUBLICA DOMINICANA,BCENTRAL,61516
USP3579EBV85,BSDR2027,DOMINICAN Rep/5.95 BD 20270125 Se,552000,USD,552,4.8,100.4821,07/08/2026,04:37:26 PM,PRESTAMO,SEGUNDA PARTE,ROTC,19/01/2027,CONFIRMADA,3269672,0,25/01/2017,25/01/2027,0.02,MINISTERIO DE HACIENDA,HACIENDA,61614
USP3579EBV85,BSDR2027,DOMINICAN Rep/5.95 BD 20270125 Se,552000,USD,552,4.8,100.4821,07/08/2026,04:37:26 PM,PRESTAMO,PRIMERA PARTE,ROTC,10/08/2026,CONFIRMADA,3269672,0,25/01/2017,25/01/2027,0.02,MINISTERIO DE HACIENDA,HACIENDA,61656
USP3579EBV85,BSDR2027,DOMINICAN Rep/5.95 BD 20270125 Se,552000,USD,552,4.61533,100.020886,07/08/2026,04:37:22 PM,PLAZO,PRIMERA PARTE,ROTC,19/01/2027,CONFIRMADA,3269671,0,25/01/2017,25/01/2027,0,MINISTERIO DE HACIENDA,HACIENDA,62195
USP3579EBV85,BSDR2027,DOMINICAN Rep/5.95 BD 20270125 Se,552000,USD,552,4.86754,100.4821,07/08/2026,04:37:17 PM,CONTADO,PRIMERA PARTE,ROTC,10/08/2026,CONFIRMADA,3269670,0,25/01/2017,25/01/2027,0,MINISTERIO DE HACIENDA,HACIENDA,62461
DO1002228612,NO031227,BCENTRAL/8 BOEST 20271203 GTIA,2970000,DOP,297,8.3,99.523764,07/08/2026,04:36:58 PM,PRESTAMO,SEGUNDA PARTE,ROTC,27/11/2026,CONFIRMADA,3269669,0,03/12/2024,03/12/2027,0.02,BANCO CENTRAL DE LA REPUBLICA DOMINICANA,BCENTRAL,59850
DO1002228612,NO031227,BCENTRAL/8 BOEST 20271203 GTIA,2970000,DOP,297,8.3,99.523764,07/08/2026,04:36:58 PM,PRESTAMO,PRIMERA PARTE,ROTC,10/08/2026,CONFIRMADA,3269669,0,03/12/2024,03/12/2027,0.02,BANCO CENTRAL DE LA REPUBLICA DOMINICANA,BCENTRAL,59899
DO1002228612,NO031227,BCENTRAL/8 BOEST 20271203 GTIA,2970000,DOP,297,8.338881,99.673574,07/08/2026,04:36:53 PM,PLAZO,PRIMERA PARTE,ROTC,27/11/2026,CONFIRMADA,3269668,0,03/12/2024,03/12/2027,0,BANCO CENTRAL DE LA REPUBLICA DOMINICANA,BCENTRAL,60186
DO1002228612,NO031227,BCENTRAL/8 BOEST 20271203 GTIA,2970000,DOP,297,8.374541,99.523764,07/08/2026,04:36:45 PM,CONTADO,PRIMERA PARTE,ROTC,10/08/2026,CONFIRMADA,3269667,0,03/12/2024,03/12/2027,0,BANCO CENTRAL DE LA REPUBLICA DOMINICANA,BCENTRAL,61005
DO2018100324,BC1AES03,AESTRELLA/11.25 BO 20301130,68484,DOP,68484,10.4613,102.652926,07/08/2026,04:36:35 PM,ESTRUCTURADA,SEGUNDA PARTE,ROTC,15/09/2026,CONFIRMADA,3269638,0,30/11/2020,30/11/2030,9.15,ACERO ESTRELLA S A,AESTRELLA,61915
DO2018100324,BC1AES03,AESTRELLA/11.25 BO 20301130,68484,DOP,68484,11.2503,99.991675,07/08/2026,04:36:35 PM,ESTRUCTURADA,PRIMERA PARTE,ROTC,10/08/2026,CONFIRMADA,3269638,0,30/11/2020,30/11/2030,9.15,ACERO ESTRELLA S A,AESTRELLA,61733
DO2018100324,BC1AES03,AESTRELLA/11.25 BO 20301130,978347,DOP,978347,8.8287,107.628462,07/08/2026,04:36:34 PM,ESTRUCTURADA,SEGUNDA PARTE,ROTC,08/03/2027,CONFIRMADA,3269610,0,30/11/2020,30/11/2030,9.5,ACERO ESTRELLA S A,AESTRELLA,62482
DO2018100324,BC1AES03,AESTRELLA/11.25 BO 20301130,978347,DOP,978347,11.2503,99.991675,07/08/2026,04:36:34 PM,ESTRUCTURADA,PRIMERA PARTE,ROTC,10/08/2026,CONFIRMADA,3269610,0,30/11/2020,30/11/2030,9.5,ACERO ESTRELLA S A,AESTRELLA,62510
DO2018100324,BC1AES03,AESTRELLA/11.25 BO 20301130,68484,DOP,68484,10.4613,102.652926,07/08/2026,04:36:34 PM,PRESTAMO,SEGUNDA PARTE,ROTC,15/09/2026,CONFIRMADA,3269639,0,30/11/2020,30/11/2030,3.05819,ACERO ESTRELLA S A,AESTRELLA,59808
DO2018100324,BC1AES03,AESTRELLA/11.25 BO 20301130,68484,DOP,68484,11.2503,99.991675,07/08/2026,04:36:34 PM,PRESTAMO,PRIMERA PARTE,ROTC,10/08/2026,CONFIRMADA,3269639,0,30/11/2020,30/11/2030,3.05819,ACERO ESTRELLA S A,AESTRELLA,59626
DO2018100324,BC1AES03,AESTRELLA/11.25 BO 20301130,978347,DOP,978347,8.8287,107.628462,07/08/2026,04:36:33 PM,PRESTAMO,SEGUNDA PARTE,ROTC,08/03/2027,CONFIRMADA,3269611,0,30/11/2020,30/11/2030,7.307865,ACERO ESTRELLA S A,AESTRELLA,60375
DO2018100324,BC1AES03,AESTRELLA/11.25 BO 20301130,978347,DOP,978347,11.2503,99.991675,07/08/2026,04:36:33 PM,PRESTAMO,PRIMERA PARTE,ROTC,10/08/2026,CONFIRMADA,3269611,0,30/11/2020,30/11/2030,7.307865,ACERO ESTRELLA S A,AESTRELLA,60403
DO1002228612,NO031227,BCENTRAL/8 BOEST 20271203 GTIA,2480000,DOP,248,7.8,100.028581,07/08/2026,04:36:33 PM,PRESTAMO,SEGUNDA PARTE,ROTC,19/10/2026,CONFIRMADA,3269666,0,03/12/2024,03/12/2027,0.02,BANCO CENTRAL DE LA REPUBLICA DOMINICANA,BCENTRAL,59969
DO1002228612,NO031227,BCENTRAL/8 BOEST 20271203 GTIA,2480000,DOP,248,7.8,100.028581,07/08/2026,04:36:33 PM,PRESTAMO,PRIMERA PARTE,ROTC,10/08/2026,CONFIRMADA,3269666,0,03/12/2024,03/12/2027,0.02,BANCO CENTRAL DE LA REPUBLICA DOMINICANA,BCENTRAL,60018
DO1002228612,NO031227,BCENTRAL/8 BOEST 20271203 GTIA,2480000,DOP,248,7.95378,100.034221,07/08/2026,04:36:28 PM,PLAZO,PRIMERA PARTE,ROTC,19/10/2026,CONFIRMADA,3269665,0,03/12/2024,03/12/2027,0,BANCO CENTRAL DE LA REPUBLICA DOMINICANA,BCENTRAL,59885
DO1002228612,NO031227,BCENTRAL/8 BOEST 20271203 GTIA,2480000,DOP,248,7.961806,100.028581,07/08/2026,04:36:21 PM,CONTADO,PRIMERA PARTE,ROTC,10/08/2026,CONFIRMADA,3269664,0,03/12/2024,03/12/2027,0,BANCO CENTRAL DE LA REPUBLICA DOMINICANA,BCENTRAL,61138
USP3579ECP09,BSRD2029, ,1867000,USD,1867,5.370787,100.3,07/08/2026,04:35:37 PM,CONTADO,PRIMERA PARTE,ROTC,10/08/2026,CONFIRMADA,3269171,0,22/02/2022,22/02/2029,0,MINISTERIO DE HACIENDA,HACIENDA,48307
DO2018100324,BC1AES03,AESTRELLA/11.25 BO 20301130,926740,DOP,926740,11.3014,99.825332,07/08/2026,04:35:11 PM,ESTRUCTURADA,SEGUNDA PARTE,ROTC,25/08/2026,CONFIRMADA,3269652,0,30/11/2020,30/11/2030,6.95,ACERO ESTRELLA S A,AESTRELLA,62195
DO2018100324,BC1AES03,AESTRELLA/11.25 BO 20301130,926740,DOP,926740,11.2503,99.991675,07/08/2026,04:35:11 PM,ESTRUCTURADA,PRIMERA PARTE,ROTC,10/08/2026,CONFIRMADA,3269652,0,30/11/2020,30/11/2030,6.95,ACERO ESTRELLA S A,AESTRELLA,62328
DO2018100324,BC1AES03,AESTRELLA/11.25 BO 20301130,926740,DOP,926740,11.3014,99.825332,07/08/2026,04:35:10 PM,PRESTAMO,SEGUNDA PARTE,ROTC,25/08/2026,CONFIRMADA,3269653,0,30/11/2020,30/11/2030,2.453655,ACERO ESTRELLA S A,AESTRELLA,60088
DO2018100324,BC1AES03,AESTRELLA/11.25 BO 20301130,926740,DOP,926740,11.2503,99.991675,07/08/2026,04:35:10 PM,PRESTAMO,PRIMERA PARTE,ROTC,10/08/2026,CONFIRMADA,3269653,0,30/11/2020,30/11/2030,2.453655,ACERO ESTRELLA S A,AESTRELLA,60221
USP3579ECE51,BSRD2049,"DOMINICAN, REP /6.4 BD 20490605",1025000,USD,1025,6.709647,96.400921,07/08/2026,04:33:41 PM,PLAZO,PRIMERA PARTE,ROTC,09/09/2026,CONFIRMADA,3269596,0,05/06/2019,05/06/2049,0,MINISTERIO DE HACIENDA,HACIENDA,61082
DO2018100324,BC1AES03,AESTRELLA/11.25 BO 20301130,1369731,DOP,1369731,11.3158,99.781174,07/08/2026,04:33:26 PM,ESTRUCTURADA,SEGUNDA PARTE,ROTC,10/11/2026,CONFIRMADA,3269608,0,30/11/2020,30/11/2030,10.05,ACERO ESTRELLA S A,AESTRELLA,62937
DO2018100324,BC1AES03,AESTRELLA/11.25 BO 20301130,1369731,DOP,1369731,11.2503,99.991675,07/08/2026,04:33:26 PM,ESTRUCTURADA,PRIMERA PARTE,ROTC,10/08/2026,CONFIRMADA,3269608,0,30/11/2020,30/11/2030,10.05,ACERO ESTRELLA S A,AESTRELLA,63056
DO2018100324,BC1AES03,AESTRELLA/11.25 BO 20301130,1369731,DOP,1369731,11.3158,99.781174,07/08/2026,04:33:25 PM,PRESTAMO,SEGUNDA PARTE,ROTC,10/11/2026,CONFIRMADA,3269609,0,30/11/2020,30/11/2030,1.969284,ACERO ESTRELLA S A,AESTRELLA,60830
DO2018100324,BC1AES03,AESTRELLA/11.25 BO 20301130,1369731,DOP,1369731,11.2503,99.991675,07/08/2026,04:33:25 PM,PRESTAMO,PRIMERA PARTE,ROTC,10/08/2026,CONFIRMADA,3269609,0,30/11/2020,30/11/2030,1.969284,ACERO ESTRELLA S A,AESTRELLA,60949
DO2018100324,BC1AES03,AESTRELLA/11.25 BO 20301130,440256,DOP,440256,10.5023,102.434606,07/08/2026,04:31:24 PM,ESTRUCTURADA,SEGUNDA PARTE,ROTC,13/11/2026,CONFIRMADA,3269649,0,30/11/2020,30/11/2030,9.4,ACERO ESTRELLA S A,AESTRELLA,62272
DO2018100324,BC1AES03,AESTRELLA/11.25 BO 20301130,440256,DOP,440256,11.2503,99.991675,07/08/2026,04:31:24 PM,ESTRUCTURADA,PRIMERA PARTE,ROTC,10/08/2026,CONFIRMADA,3269649,0,30/11/2020,30/11/2030,9.4,ACERO ESTRELLA S A,AESTRELLA,62230
DO2018100324,BC1AES03,AESTRELLA/11.25 BO 20301130,440256,DOP,440256,10.5023,102.434606,07/08/2026,04:31:23 PM,PRESTAMO,SEGUNDA PARTE,ROTC,13/11/2026,CONFIRMADA,3269651,0,30/11/2020,30/11/2030,4.539136,ACERO ESTRELLA S A,AESTRELLA,60165
DO2018100324,BC1AES03,AESTRELLA/11.25 BO 20301130,440256,DOP,440256,11.2503,99.991675,07/08/2026,04:31:23 PM,PRESTAMO,PRIMERA PARTE,ROTC,10/08/2026,CONFIRMADA,3269651,0,30/11/2020,30/11/2030,4.539136,ACERO ESTRELLA S A,AESTRELLA,60123
DO2018100324,BC1AES03,AESTRELLA/11.25 BO 20301130,401122,DOP,401122,10.5105,102.407634,07/08/2026,04:30:08 PM,PRESTAMO,SEGUNDA PARTE,ROTC,13/11/2026,CONFIRMADA,3269607,0,30/11/2020,30/11/2030,4.514548,ACERO ESTRELLA S A,AESTRELLA,60039
DO2018100324,BC1AES03,AESTRELLA/11.25 BO 20301130,401122,DOP,401122,11.2503,99.991675,07/08/2026,04:30:08 PM,PRESTAMO,PRIMERA PARTE,ROTC,10/08/2026,CONFIRMADA,3269607,0,30/11/2020,30/11/2030,4.514548,ACERO ESTRELLA S A,AESTRELLA,59983
DO2018100324,BC1AES03,AESTRELLA/11.25 BO 20301130,401122,DOP,401122,10.5105,102.407634,07/08/2026,04:30:07 PM,ESTRUCTURADA,SEGUNDA PARTE,ROTC,13/11/2026,CONFIRMADA,3269606,0,30/11/2020,30/11/2030,9.3,ACERO ESTRELLA S A,AESTRELLA,62132
DO2018100324,BC1AES03,AESTRELLA/11.25 BO 20301130,401122,DOP,401122,11.2503,99.991675,07/08/2026,04:30:07 PM,ESTRUCTURADA,PRIMERA PARTE,ROTC,10/08/2026,CONFIRMADA,3269606,0,30/11/2020,30/11/2030,9.3,ACERO ESTRELLA S A,AESTRELLA,62076
DO2018100324,BC1AES03,AESTRELLA/11.25 BO 20301130,1550895,DOP,1550895,9.9101,104.493276,13/04/2026,04:29:12 PM,ESTRUCTURADA,SEGUNDA PARTE,ROTC,07/08/2026,MODIFICADA,3055848,0,30/11/2020,30/11/2030,4.35,ACERO ESTRELLA S A,AESTRELLA,62818
DO2018100324,BC1AES03,AESTRELLA/11.25 BO 20301130,1550895,DOP,1550895,9.9101,104.493276,13/04/2026,04:29:10 PM,PRESTAMO,SEGUNDA PARTE,ROTC,07/08/2026,MODIFICADA,3055849,0,30/11/2020,30/11/2030,4.35,ACERO ESTRELLA S A,AESTRELLA,60704
USP3579EBV85,BSDR2027,DOMINICAN Rep/5.95 BD 20270125 Se,25000,USD,25,3.85,99.752083,07/08/2026,04:28:27 PM,PRESTAMO,SEGUNDA PARTE,ROTC,19/10/2026,CONFIRMADA,3269636,0,25/01/2017,25/01/2027,0.02,MINISTERIO DE HACIENDA,HACIENDA,61761
USP3579EBV85,BSDR2027,DOMINICAN Rep/5.95 BD 20270125 Se,25000,USD,25,3.85,99.752083,07/08/2026,04:28:27 PM,PRESTAMO,PRIMERA PARTE,ROTC,10/08/2026,CONFIRMADA,3269636,0,25/01/2017,25/01/2027,0.02,MINISTERIO DE HACIENDA,HACIENDA,61810
USP3579EBV85,BSDR2027,DOMINICAN Rep/5.95 BD 20270125 Se,25000,USD,25,8.382048,99.356389,07/08/2026,04:28:22 PM,PLAZO,PRIMERA PARTE,ROTC,19/10/2026,CONFIRMADA,3269634,0,25/01/2017,25/01/2027,0,MINISTERIO DE HACIENDA,HACIENDA,61712
USP3579EBV85,BSDR2027,DOMINICAN Rep/5.95 BD 20270125 Se,25000,USD,25,6.499609,99.752083,07/08/2026,04:28:17 PM,CONTADO,PRIMERA PARTE,ROTC,10/08/2026,CONFIRMADA,3269633,0,25/01/2017,25/01/2027,0,MINISTERIO DE HACIENDA,HACIENDA,62643
DO1002261225,LE021026,BCENTRAL/ LT 20261002 GTIA,10100000,DOP,1010,8.2,99.009901,07/08/2026,04:28:02 PM,PRESTAMO,SEGUNDA PARTE,ROTC,11/09/2026,CONFIRMADA,3269632,0,02/10/2025,02/10/2026,0.02,BANCO CENTRAL DE LA REPUBLICA DOMINICANA,BCENTRAL,58065
DO1002261225,LE021026,BCENTRAL/ LT 20261002 GTIA,10100000,DOP,1010,8.2,99.009901,07/08/2026,04:28:02 PM,PRESTAMO,PRIMERA PARTE,ROTC,10/08/2026,CONFIRMADA,3269632,0,02/10/2025,02/10/2026,0.02,BANCO CENTRAL DE LA REPUBLICA DOMINICANA,BCENTRAL,58114
DO1002261225,LE021026,BCENTRAL/ LT 20261002 GTIA,10100000,DOP,1010,4.644326,99.729813,07/08/2026,04:27:56 PM,PLAZO,PRIMERA PARTE,ROTC,11/09/2026,CONFIRMADA,3269631,0,02/10/2025,02/10/2026,0,BANCO CENTRAL DE LA REPUBLICA DOMINICANA,BCENTRAL,58471
DO1002261225,LE021026,BCENTRAL/ LT 20261002 GTIA,10100000,DOP,1010,6.792453,99.009901,07/08/2026,04:27:46 PM,CONTADO,PRIMERA PARTE,ROTC,10/08/2026,CONFIRMADA,3269630,0,02/10/2025,02/10/2026,0,BANCO CENTRAL DE LA REPUBLICA DOMINICANA,BCENTRAL,59332
DO2018100324,BC1AES03,AESTRELLA/11.25 BO 20301130,293504,DOP,293504,10.5163,102.37837,07/08/2026,04:27:37 PM,ESTRUCTURADA,SEGUNDA PARTE,ROTC,23/11/2026,CONFIRMADA,3269612,0,30/11/2020,30/11/2030,9.35,ACERO ESTRELLA S A,AESTRELLA,62104
DO2018100324,BC1AES03,AESTRELLA/11.25 BO 20301130,293504,DOP,293504,11.2503,99.991675,07/08/2026,04:27:37 PM,ESTRUCTURADA,PRIMERA PARTE,ROTC,10/08/2026,CONFIRMADA,3269612,0,30/11/2020,30/11/2030,9.35,ACERO ESTRELLA S A,AESTRELLA,62321
USP3579ECB13,BSRD2028,"DOMINICAN, REP /6 BD 20280719 REGS",104000,USD,104,3.1,100.611538,07/08/2026,04:27:37 PM,PRESTAMO,SEGUNDA PARTE,ROTC,09/09/2026,CONFIRMADA,3269629,0,19/07/2018,19/07/2028,0.02,MINISTERIO DE HACIENDA,HACIENDA,61971
USP3579ECB13,BSRD2028,"DOMINICAN, REP /6 BD 20280719 REGS",104000,USD,104,3.1,100.611538,07/08/2026,04:27:37 PM,PRESTAMO,PRIMERA PARTE,ROTC,10/08/2026,CONFIRMADA,3269629,0,19/07/2018,19/07/2028,0.02,MINISTERIO DE HACIENDA,HACIENDA,61971
DO2018100324,BC1AES03,AESTRELLA/11.25 BO 20301130,293504,DOP,293504,10.5163,102.37837,07/08/2026,04:27:36 PM,PRESTAMO,SEGUNDA PARTE,ROTC,23/11/2026,CONFIRMADA,3269613,0,30/11/2020,30/11/2030,4.768229,ACERO ESTRELLA S A,AESTRELLA,59997
DO2018100324,BC1AES03,AESTRELLA/11.25 BO 20301130,293504,DOP,293504,11.2503,99.991675,07/08/2026,04:27:36 PM,PRESTAMO,PRIMERA PARTE,ROTC,10/08/2026,CONFIRMADA,3269613,0,30/11/2020,30/11/2030,4.768229,ACERO ESTRELLA S A,AESTRELLA,60214
USP3579ECB13,BSRD2028,"DOMINICAN, REP /6 BD 20280719 REGS",104000,USD,104,5.772603,100.387339,07/08/2026,04:27:31 PM,PLAZO,PRIMERA PARTE,ROTC,09/09/2026,CONFIRMADA,3269628,0,19/07/2018,19/07/2028,0,MINISTERIO DE HACIENDA,HACIENDA,62314
USP3579ECB13,BSRD2028,"DOMINICAN, REP /6 BD 20280719 REGS",104000,USD,104,5.660618,100.611538,07/08/2026,04:27:26 PM,CONTADO,PRIMERA PARTE,ROTC,10/08/2026,CONFIRMADA,3269627,0,19/07/2018,19/07/2028,0,MINISTERIO DE HACIENDA,HACIENDA,63140
DO1002228612,NO031227,BCENTRAL/8 BOEST 20271203 GTIA,8150000,DOP,815,8.45,99.444326,07/08/2026,04:27:20 PM,PRESTAMO,SEGUNDA PARTE,ROTC,09/10/2026,CONFIRMADA,3269626,0,03/12/2024,03/12/2027,0.02,BANCO CENTRAL DE LA REPUBLICA DOMINICANA,BCENTRAL,60060
DO1002228612,NO031227,BCENTRAL/8 BOEST 20271203 GTIA,8150000,DOP,815,8.45,99.444326,07/08/2026,04:27:20 PM,PRESTAMO,PRIMERA PARTE,ROTC,10/08/2026,CONFIRMADA,3269626,0,03/12/2024,03/12/2027,0.02,BANCO CENTRAL DE LA REPUBLICA DOMINICANA,BCENTRAL,60116
DO1002228612,NO031227,BCENTRAL/8 BOEST 20271203 GTIA,8150000,DOP,815,8.401576,99.550926,07/08/2026,04:27:15 PM,PLAZO,PRIMERA PARTE,ROTC,09/10/2026,CONFIRMADA,3269625,0,03/12/2024,03/12/2027,0,BANCO CENTRAL DE LA REPUBLICA DOMINICANA,BCENTRAL,60018
DO1002228612,NO031227,BCENTRAL/8 BOEST 20271203 GTIA,8150000,DOP,815,8.439757,99.444326,07/08/2026,04:27:11 PM,CONTADO,PRIMERA PARTE,ROTC,10/08/2026,CONFIRMADA,3269624,0,03/12/2024,03/12/2027,0,BANCO CENTRAL DE LA REPUBLICA DOMINICANA,BCENTRAL,60949
DO1002228612,NO031227,BCENTRAL/8 BOEST 20271203 GTIA,4930000,DOP,493,8.55,99.93354,07/08/2026,04:26:54 PM,PRESTAMO,SEGUNDA PARTE,ROTC,27/11/2026,CONFIRMADA,3269623,0,03/12/2024,03/12/2027,0.02,BANCO CENTRAL DE LA REPUBLICA DOMINICANA,BCENTRAL,59815
DO1002228612,NO031227,BCENTRAL/8 BOEST 20271203 GTIA,4930000,DOP,493,8.55,99.93354,07/08/2026,04:26:54 PM,PRESTAMO,PRIMERA PARTE,ROTC,10/08/2026,CONFIRMADA,3269623,0,03/12/2024,03/12/2027,0.02,BANCO CENTRAL DE LA REPUBLICA DOMINICANA,BCENTRAL,59864
DO1002228612,NO031227,BCENTRAL/8 BOEST 20271203 GTIA,4930000,DOP,493,7.8198,100.170392,07/08/2026,04:26:49 PM,PLAZO,PRIMERA PARTE,ROTC,27/11/2026,CONFIRMADA,3269622,0,03/12/2024,03/12/2027,0,BANCO CENTRAL DE LA REPUBLICA DOMINICANA,BCENTRAL,59619
DO1002228612,NO031227,BCENTRAL/8 BOEST 20271203 GTIA,4930000,DOP,493,8.039287,99.93354,07/08/2026,04:26:43 PM,CONTADO,PRIMERA PARTE,ROTC,10/08/2026,CONFIRMADA,3269621,0,03/12/2024,03/12/2027,0,BANCO CENTRAL DE LA REPUBLICA DOMINICANA,BCENTRAL,60634
DO1002227721,NO111226,BCENTRAL/9 BOEST 20261211 GTIA,4300000,DOP,430,9.7,99.75048,07/08/2026,04:26:25 PM,CONTADO,PRIMERA PARTE,ROTC,10/08/2026,CONFIRMADA,3269619,0,11/12/2023,11/12/2026,0,BANCO CENTRAL DE LA REPUBLICA DOMINICANA,BCENTRAL,58660
DO1002261522,NO180130,BCENTRAL/9.5 BOEST 20300118 GTIA,1000000,DOP,100,10.65,96.747142,07/08/2026,04:26:19 PM,CONTADO,PRIMERA PARTE,ROTC,10/08/2026,CONFIRMADA,3269618,0,18/01/2026,18/01/2030,0,BANCO CENTRAL DE LA REPUBLICA DOMINICANA,BCENTRAL,60235
DO1002261522,NO180130,BCENTRAL/9.5 BOEST 20300118 GTIA,100000,DOP,10,9.2,100.854629,07/08/2026,04:26:11 PM,CONTADO,PRIMERA PARTE,ROTC,11/08/2026,CONFIRMADA,3269617,0,18/01/2026,18/01/2030,0,BANCO CENTRAL DE LA REPUBLICA DOMINICANA,BCENTRAL,59136
DO1002261324,NO241128,BCENTRAL/9.25 BOEST 20281124 GTIA,150000,DOP,15,9.1,100.278565,07/08/2026,04:26:00 PM,CONTADO,PRIMERA PARTE,ROTC,10/08/2026,CONFIRMADA,3269616,0,24/11/2025,24/11/2028,0,BANCO CENTRAL DE LA REPUBLICA DOMINICANA,BCENTRAL,59591
DO2018100324,BC1AES03,AESTRELLA/11.25 BO 20301130,1483408,DOP,1483408,10.5117,102.441671,07/08/2026,04:25:17 PM,ESTRUCTURADA,SEGUNDA PARTE,ROTC,12/10/2026,CONFIRMADA,3269604,0,30/11/2020,30/11/2030,8.7,ACERO ESTRELLA S A,AESTRELLA,63091
DO2018100324,BC1AES03,AESTRELLA/11.25 BO 20301130,1483408,DOP,1483408,11.2503,99.991675,07/08/2026,04:25:17 PM,ESTRUCTURADA,PRIMERA PARTE,ROTC,10/08/2026,CONFIRMADA,3269604,0,30/11/2020,30/11/2030,8.7,ACERO ESTRELLA S A,AESTRELLA,63035
DO2018100324,BC1AES03,AESTRELLA/11.25 BO 20301130,1483408,DOP,1483408,10.5117,102.441671,07/08/2026,04:25:16 PM,PRESTAMO,SEGUNDA PARTE,ROTC,12/10/2026,CONFIRMADA,3269605,0,30/11/2020,30/11/2030,3.638284,ACERO ESTRELLA S A,AESTRELLA,60984
DO2018100324,BC1AES03,AESTRELLA/11.25 BO 20301130,1483408,DOP,1483408,11.2503,99.991675,07/08/2026,04:25:16 PM,PRESTAMO,PRIMERA PARTE,ROTC,10/08/2026,CONFIRMADA,3269605,0,30/11/2020,30/11/2030,3.638284,ACERO ESTRELLA S A,AESTRELLA,60928
DO1002226525,NO180228,BCENTRAL/15 BOEST 20280218 GTIA,500000000,DOP,50000,9.5,107.619959,07/08/2026,04:24:32 PM,CONTADO,PRIMERA PARTE,ROTC,10/08/2026,CONFIRMADA,3268987,0,18/02/2023,18/02/2028,0,BANCO CENTRAL DE LA REPUBLICA DOMINICANA,BCENTRAL,61075
DO2006901311,BC1ITA01,EGEITABO/5.65 BO 20311208,6041,USD,6041,5.1029,102.368813,07/08/2026,04:15:54 PM,ESTRUCTURADA,SEGUNDA PARTE,ROTC,04/01/2027,CONFIRMADA,3269557,0,08/12/2021,08/12/2031,4.4,"EMPRESA GENERADORA DE ELECTRICIDAD ITABO, S.A.",EGEITABO,59780
DO2006901311,BC1ITA01,EGEITABO/5.65 BO 20311208,6041,USD,6041,5.65,99.997577,07/08/2026,04:15:54 PM,ESTRUCTURADA,PRIMERA PARTE,ROTC,10/08/2026,CONFIRMADA,3269557,0,08/12/2021,08/12/2031,4.4,"EMPRESA GENERADORA DE ELECTRICIDAD ITABO, S.A.",EGEITABO,59059
DO2006901311,BC1ITA01,EGEITABO/5.65 BO 20311208,6041,USD,6041,5.1029,102.368813,07/08/2026,04:15:53 PM,PRESTAMO,SEGUNDA PARTE,ROTC,04/01/2027,CONFIRMADA,3269558,0,08/12/2021,08/12/2031,2.713591,"EMPRESA GENERADORA DE ELECTRICIDAD ITABO, S.A.",EGEITABO,57673
DO2006901311,BC1ITA01,EGEITABO/5.65 BO 20311208,6041,USD,6041,5.65,99.997577,07/08/2026,04:15:53 PM,PRESTAMO,PRIMERA PARTE,ROTC,10/08/2026,CONFIRMADA,3269558,0,08/12/2021,08/12/2031,2.713591,"EMPRESA GENERADORA DE ELECTRICIDAD ITABO, S.A.",EGEITABO,56952
DO2018100324,BC1AES03,AESTRELLA/11.25 BO 20301130,195669,DOP,195669,10.4582,102.673474,07/08/2026,04:15:37 PM,ESTRUCTURADA,SEGUNDA PARTE,ROTC,09/09/2026,CONFIRMADA,3269571,0,30/11/2020,30/11/2030,9.05,ACERO ESTRELLA S A,AESTRELLA,62727
DO2018100324,BC1AES03,AESTRELLA/11.25 BO 20301130,195669,DOP,195669,11.2503,99.991675,07/08/2026,04:15:37 PM,ESTRUCTURADA,PRIMERA PARTE,ROTC,10/08/2026,CONFIRMADA,3269571,0,30/11/2020,30/11/2030,9.05,ACERO ESTRELLA S A,AESTRELLA,62482
DO2018100324,BC1AES03,AESTRELLA/11.25 BO 20301130,195669,DOP,195669,10.4582,102.673474,07/08/2026,04:15:36 PM,PRESTAMO,SEGUNDA PARTE,ROTC,09/09/2026,CONFIRMADA,3269572,0,30/11/2020,30/11/2030,2.903447,ACERO ESTRELLA S A,AESTRELLA,60620
DO2018100324,BC1AES03,AESTRELLA/11.25 BO 20301130,195669,DOP,195669,11.2503,99.991675,07/08/2026,04:15:36 PM,PRESTAMO,PRIMERA PARTE,ROTC,10/08/2026,CONFIRMADA,3269572,0,30/11/2020,30/11/2030,2.903447,ACERO ESTRELLA S A,AESTRELLA,60375
DO1002223621,NO150127,BCENTRAL/8 BOEST 20270115 GTIA,25000000,DOP,2500,8.9,99.608607,07/08/2026,04:15:16 PM,CONTADO,PRIMERA PARTE,ROTC,11/08/2026,CONFIRMADA,3269568,0,15/01/2022,15/01/2027,0,BANCO CENTRAL DE LA REPUBLICA DOMINICANA,BCENTRAL,59689
DO2018100324,BC1AES03,AESTRELLA/11.25 BO 20301130,567441,DOP,567441,10.4545,102.686251,07/08/2026,04:13:35 PM,ESTRUCTURADA,SEGUNDA PARTE,ROTC,09/09/2026,CONFIRMADA,3269563,0,30/11/2020,30/11/2030,9.2,ACERO ESTRELLA S A,AESTRELLA,62545
DO2018100324,BC1AES03,AESTRELLA/11.25 BO 20301130,567441,DOP,567441,11.2503,99.991675,07/08/2026,04:13:35 PM,ESTRUCTURADA,PRIMERA PARTE,ROTC,10/08/2026,CONFIRMADA,3269563,0,30/11/2020,30/11/2030,9.2,ACERO ESTRELLA S A,AESTRELLA,62328
DO2018100324,BC1AES03,AESTRELLA/11.25 BO 20301130,567441,DOP,567441,10.4545,102.686251,07/08/2026,04:13:34 PM,PRESTAMO,SEGUNDA PARTE,ROTC,09/09/2026,CONFIRMADA,3269564,0,30/11/2020,30/11/2030,2.915491,ACERO ESTRELLA S A,AESTRELLA,60438
DO2018100324,BC1AES03,AESTRELLA/11.25 BO 20301130,567441,DOP,567441,11.2503,99.991675,07/08/2026,04:13:34 PM,PRESTAMO,PRIMERA PARTE,ROTC,10/08/2026,CONFIRMADA,3269564,0,30/11/2020,30/11/2030,2.915491,ACERO ESTRELLA S A,AESTRELLA,60221
DO2018100324,BC1AES03,AESTRELLA/11.25 BO 20301130,2525499,DOP,2525499,10.4545,102.68625,07/08/2026,04:13:34 PM,PRESTAMO,SEGUNDA PARTE,ROTC,09/09/2026,CONFIRMADA,3269566,0,30/11/2020,30/11/2030,2.915491,ACERO ESTRELLA S A,AESTRELLA,60893
DO2018100324,BC1AES03,AESTRELLA/11.25 BO 20301130,2525499,DOP,2525499,11.2503,99.991675,07/08/2026,04:13:34 PM,PRESTAMO,PRIMERA PARTE,ROTC,10/08/2026,CONFIRMADA,3269566,0,30/11/2020,30/11/2030,2.915491,ACERO ESTRELLA S A,AESTRELLA,61019
DO2018100324,BC1AES03,AESTRELLA/11.25 BO 20301130,2525499,DOP,2525499,10.4545,102.68625,07/08/2026,04:13:33 PM,ESTRUCTURADA,SEGUNDA PARTE,ROTC,09/09/2026,CONFIRMADA,3269565,0,30/11/2020,30/11/2030,9.2,ACERO ESTRELLA S A,AESTRELLA,62986
DO2018100324,BC1AES03,AESTRELLA/11.25 BO 20301130,2525499,DOP,2525499,11.2503,99.991675,07/08/2026,04:13:33 PM,ESTRUCTURADA,PRIMERA PARTE,ROTC,10/08/2026,CONFIRMADA,3269565,0,30/11/2020,30/11/2030,9.2,ACERO ESTRELLA S A,AESTRELLA,63112
DO2016300223,BC1GUL02,GULFSTREAM/11.15 BO 20290624,500000,DOP,500000,10.3115,102.051683,07/08/2026,04:13:07 PM,CONTADO,PRIMERA PARTE,ROTC,11/08/2026,CONFIRMADA,3269586,0,24/06/2019,24/06/2029,0,GULFSTREAM PETROLEUM DOMINICANA S DE RL,GULFSTREAM,60186
USP3579EBY25,BSRD2048,DOMINICAN REP/6.5 CHURCH BD UNSEC,29000,USD,29,6.74,97.293143,07/08/2026,04:12:18 PM,CONTADO,PRIMERA PARTE,ROTC,10/08/2026,CONFIRMADA,3269567,0,08/02/2018,15/02/2048,0,MINISTERIO DE HACIENDA,HACIENDA,61936
DO2006901311,BC1ITA01,EGEITABO/5.65 BO 20311208,12475,USD,12475,5.3801,101.208176,07/08/2026,04:12:17 PM,PRESTAMO,SEGUNDA PARTE,ROTC,09/10/2026,CONFIRMADA,3269574,0,08/12/2021,08/12/2031,1.662377,"EMPRESA GENERADORA DE ELECTRICIDAD ITABO, S.A.",EGEITABO,58422
DO2006901311,BC1ITA01,EGEITABO/5.65 BO 20311208,12475,USD,12475,5.65,99.997577,07/08/2026,04:12:17 PM,PRESTAMO,PRIMERA PARTE,ROTC,10/08/2026,CONFIRMADA,3269574,0,08/12/2021,08/12/2031,1.662377,"EMPRESA GENERADORA DE ELECTRICIDAD ITABO, S.A.",EGEITABO,57715
DO2006901311,BC1ITA01,EGEITABO/5.65 BO 20311208,12475,USD,12475,5.3801,101.208176,07/08/2026,04:12:16 PM,ESTRUCTURADA,SEGUNDA PARTE,ROTC,09/10/2026,CONFIRMADA,3269573,0,08/12/2021,08/12/2031,4.25,"EMPRESA GENERADORA DE ELECTRICIDAD ITABO, S.A.",EGEITABO,60515
DO2006901311,BC1ITA01,EGEITABO/5.65 BO 20311208,12475,USD,12475,5.65,99.997577,07/08/2026,04:12:16 PM,ESTRUCTURADA,PRIMERA PARTE,ROTC,10/08/2026,CONFIRMADA,3269573,0,08/12/2021,08/12/2031,4.25,"EMPRESA GENERADORA DE ELECTRICIDAD ITABO, S.A.",EGEITABO,59808
DO2018100324,BC1AES03,AESTRELLA/11.25 BO 20301130,244586,DOP,244586,10.4582,102.673473,07/08/2026,04:11:12 PM,ESTRUCTURADA,SEGUNDA PARTE,ROTC,09/09/2026,CONFIRMADA,3269575,0,30/11/2020,30/11/2030,9.05,ACERO ESTRELLA S A,AESTRELLA,62545
DO2018100324,BC1AES03,AESTRELLA/11.25 BO 20301130,244586,DOP,244586,11.2503,99.991675,07/08/2026,04:11:12 PM,ESTRUCTURADA,PRIMERA PARTE,ROTC,10/08/2026,CONFIRMADA,3269575,0,30/11/2020,30/11/2030,9.05,ACERO ESTRELLA S A,AESTRELLA,62307
DO2018100324,BC1AES03,AESTRELLA/11.25 BO 20301130,244586,DOP,244586,10.4582,102.673473,07/08/2026,04:11:11 PM,PRESTAMO,SEGUNDA PARTE,ROTC,09/09/2026,CONFIRMADA,3269576,0,30/11/2020,30/11/2030,2.903445,ACERO ESTRELLA S A,AESTRELLA,60438
DO2018100324,BC1AES03,AESTRELLA/11.25 BO 20301130,244586,DOP,244586,11.2503,99.991675,07/08/2026,04:11:11 PM,PRESTAMO,PRIMERA PARTE,ROTC,10/08/2026,CONFIRMADA,3269576,0,30/11/2020,30/11/2030,2.903445,ACERO ESTRELLA S A,AESTRELLA,60200
USP3579ECE51,BSRD2049,"DOMINICAN, REP /6.4 BD 20490605",567000,USD,567,5.0001,118.879582,07/08/2026,04:08:16 PM,ESTRUCTURADA,SEGUNDA PARTE,ROTC,09/09/2026,CONFIRMADA,3269577,0,05/06/2019,05/06/2049,5.1,MINISTERIO DE HACIENDA,HACIENDA,63777
USP3579ECE51,BSRD2049,"DOMINICAN, REP /6.4 BD 20490605",567000,USD,567,5.0022,118.884965,07/08/2026,04:08:16 PM,ESTRUCTURADA,PRIMERA PARTE,ROTC,10/08/2026,CONFIRMADA,3269577,0,05/06/2019,05/06/2049,5.1,MINISTERIO DE HACIENDA,HACIENDA,63805
USP3579ECE51,BSRD2049,"DOMINICAN, REP /6.4 BD 20490605",567000,USD,567,5.0001,118.879582,07/08/2026,04:08:15 PM,PRESTAMO,SEGUNDA PARTE,ROTC,09/09/2026,CONFIRMADA,3269578,0,05/06/2019,05/06/2049,1.381766,MINISTERIO DE HACIENDA,HACIENDA,61670
USP3579ECE51,BSRD2049,"DOMINICAN, REP /6.4 BD 20490605",567000,USD,567,5.0022,118.884965,07/08/2026,04:08:15 PM,PRESTAMO,PRIMERA PARTE,ROTC,10/08/2026,CONFIRMADA,3269578,0,05/06/2019,05/06/2049,1.381766,MINISTERIO DE HACIENDA,HACIENDA,61698
DO2018100324,BC1AES03,AESTRELLA/11.25 BO 20301130,155162,DOP,155162,10.4782,102.558751,07/08/2026,04:07:55 PM,ESTRUCTURADA,SEGUNDA PARTE,ROTC,09/10/2026,CONFIRMADA,3269561,0,30/11/2020,30/11/2030,9.25,ACERO ESTRELLA S A,AESTRELLA,62468
DO2018100324,BC1AES03,AESTRELLA/11.25 BO 20301130,155162,DOP,155162,11.2503,99.991675,07/08/2026,04:07:55 PM,ESTRUCTURADA,PRIMERA PARTE,ROTC,11/08/2026,CONFIRMADA,3269561,0,30/11/2020,30/11/2030,9.25,ACERO ESTRELLA S A,AESTRELLA,62272
DO2018100324,BC1AES03,AESTRELLA/11.25 BO 20301130,155162,DOP,155162,10.4782,102.558751,07/08/2026,04:07:54 PM,PRESTAMO,SEGUNDA PARTE,ROTC,09/10/2026,CONFIRMADA,3269562,0,30/11/2020,30/11/2030,3.661139,ACERO ESTRELLA S A,AESTRELLA,60361
DO2018100324,BC1AES03,AESTRELLA/11.25 BO 20301130,155162,DOP,155162,11.2503,99.991675,07/08/2026,04:07:54 PM,PRESTAMO,PRIMERA PARTE,ROTC,11/08/2026,CONFIRMADA,3269562,0,30/11/2020,30/11/2030,3.661139,ACERO ESTRELLA S A,AESTRELLA,60165
DO2018100324,BC1AES03,AESTRELLA/11.25 BO 20301130,4891738,DOP,4891738,11.3814,99.572018,07/08/2026,04:04:50 PM,ESTRUCTURADA,SEGUNDA PARTE,ROTC,13/11/2026,CONFIRMADA,3269559,0,30/11/2020,30/11/2030,9.3,ACERO ESTRELLA S A,AESTRELLA,63021
DO2018100324,BC1AES03,AESTRELLA/11.25 BO 20301130,4891738,DOP,4891738,11.2503,99.991675,07/08/2026,04:04:50 PM,ESTRUCTURADA,PRIMERA PARTE,ROTC,10/08/2026,CONFIRMADA,3269559,0,30/11/2020,30/11/2030,9.3,ACERO ESTRELLA S A,AESTRELLA,63161
DO2018100324,BC1AES03,AESTRELLA/11.25 BO 20301130,4891738,DOP,4891738,11.3814,99.572018,07/08/2026,04:04:50 PM,PRESTAMO,SEGUNDA PARTE,ROTC,13/11/2026,CONFIRMADA,3269560,0,30/11/2020,30/11/2030,1.857007,ACERO ESTRELLA S A,AESTRELLA,60921
DO2018100324,BC1AES03,AESTRELLA/11.25 BO 20301130,4891738,DOP,4891738,11.2503,99.991675,07/08/2026,04:04:50 PM,PRESTAMO,PRIMERA PARTE,ROTC,10/08/2026,CONFIRMADA,3269560,0,30/11/2020,30/11/2030,1.857007,ACERO ESTRELLA S A,AESTRELLA,61061
DO2018100324,BC1AES03,AESTRELLA/11.25 BO 20301130,1956105,DOP,1956105,11.3015,99.825421,07/08/2026,04:02:49 PM,ESTRUCTURADA,SEGUNDA PARTE,ROTC,26/08/2026,CONFIRMADA,3269544,0,30/11/2020,30/11/2030,6.95,ACERO ESTRELLA S A,AESTRELLA,62895
DO2018100324,BC1AES03,AESTRELLA/11.25 BO 20301130,1956105,DOP,1956105,11.2503,99.991675,07/08/2026,04:02:49 PM,ESTRUCTURADA,PRIMERA PARTE,ROTC,11/08/2026,CONFIRMADA,3269544,0,30/11/2020,30/11/2030,6.95,ACERO ESTRELLA S A,AESTRELLA,63028
DO2018100324,BC1AES03,AESTRELLA/11.25 BO 20301130,1956105,DOP,1956105,11.3015,99.825421,07/08/2026,04:02:48 PM,PRESTAMO,SEGUNDA PARTE,ROTC,26/08/2026,CONFIRMADA,3269545,0,30/11/2020,30/11/2030,2.483061,ACERO ESTRELLA S A,AESTRELLA,60788
DO2018100324,BC1AES03,AESTRELLA/11.25 BO 20301130,1956105,DOP,1956105,11.2503,99.991675,07/08/2026,04:02:48 PM,PRESTAMO,PRIMERA PARTE,ROTC,11/08/2026,CONFIRMADA,3269545,0,30/11/2020,30/11/2030,2.483061,ACERO ESTRELLA S A,AESTRELLA,60921
DO2018100324,BC1AES03,AESTRELLA/11.25 BO 20301130,316206,DOP,316206,10.4782,102.558756,07/08/2026,04:01:38 PM,ESTRUCTURADA,SEGUNDA PARTE,ROTC,09/10/2026,CONFIRMADA,3269546,0,30/11/2020,30/11/2030,9.25,ACERO ESTRELLA S A,AESTRELLA,62440
DO2018100324,BC1AES03,AESTRELLA/11.25 BO 20301130,316206,DOP,316206,11.2503,99.991675,07/08/2026,04:01:38 PM,ESTRUCTURADA,PRIMERA PARTE,ROTC,11/08/2026,CONFIRMADA,3269546,0,30/11/2020,30/11/2030,9.25,ACERO ESTRELLA S A,AESTRELLA,62209
DO2018100324,BC1AES03,AESTRELLA/11.25 BO 20301130,316206,DOP,316206,10.4782,102.558756,07/08/2026,04:01:37 PM,PRESTAMO,SEGUNDA PARTE,ROTC,09/10/2026,CONFIRMADA,3269547,0,30/11/2020,30/11/2030,3.661141,ACERO ESTRELLA S A,AESTRELLA,60333
DO2018100324,BC1AES03,AESTRELLA/11.25 BO 20301130,316206,DOP,316206,11.2503,99.991675,07/08/2026,04:01:37 PM,PRESTAMO,PRIMERA PARTE,ROTC,11/08/2026,CONFIRMADA,3269547,0,30/11/2020,30/11/2030,3.661141,ACERO ESTRELLA S A,AESTRELLA,60102
DO2018100324,BC1AES03,AESTRELLA/11.25 BO 20301130,610282,DOP,610282,10.5105,102.407633,07/08/2026,03:59:06 PM,ESTRUCTURADA,SEGUNDA PARTE,ROTC,13/11/2026,CONFIRMADA,3269542,0,30/11/2020,30/11/2030,9.3,ACERO ESTRELLA S A,AESTRELLA,62314
DO2018100324,BC1AES03,AESTRELLA/11.25 BO 20301130,610282,DOP,610282,11.2503,99.991675,07/08/2026,03:59:06 PM,ESTRUCTURADA,PRIMERA PARTE,ROTC,10/08/2026,CONFIRMADA,3269542,0,30/11/2020,30/11/2030,9.3,ACERO ESTRELLA S A,AESTRELLA,62265
DO2018100324,BC1AES03,AESTRELLA/11.25 BO 20301130,610282,DOP,610282,10.5105,102.407633,07/08/2026,03:59:05 PM,PRESTAMO,SEGUNDA PARTE,ROTC,13/11/2026,CONFIRMADA,3269543,0,30/11/2020,30/11/2030,4.514548,ACERO ESTRELLA S A,AESTRELLA,60207
DO2018100324,BC1AES03,AESTRELLA/11.25 BO 20301130,610282,DOP,610282,11.2503,99.991675,07/08/2026,03:59:05 PM,PRESTAMO,PRIMERA PARTE,ROTC,10/08/2026,CONFIRMADA,3269543,0,30/11/2020,30/11/2030,4.514548,ACERO ESTRELLA S A,AESTRELLA,60158
USP3579ECE51,BSRD2049,"DOMINICAN, REP /6.4 BD 20490605",205000,USD,205,5.0025,118.843185,07/08/2026,03:56:22 PM,ESTRUCTURADA,SEGUNDA PARTE,ROTC,09/09/2026,CONFIRMADA,3269536,0,05/06/2019,05/06/2049,5.05,MINISTERIO DE HACIENDA,HACIENDA,63588
USP3579ECE51,BSRD2049,"DOMINICAN, REP /6.4 BD 20490605",205000,USD,205,5.0042,118.853703,07/08/2026,03:56:22 PM,ESTRUCTURADA,PRIMERA PARTE,ROTC,10/08/2026,CONFIRMADA,3269536,0,05/06/2019,05/06/2049,5.05,MINISTERIO DE HACIENDA,HACIENDA,63560
USP3579ECE51,BSRD2049,"DOMINICAN, REP /6.4 BD 20490605",205000,USD,205,5.0025,118.843185,07/08/2026,03:56:21 PM,PRESTAMO,SEGUNDA PARTE,ROTC,09/09/2026,CONFIRMADA,3269537,0,05/06/2019,05/06/2049,1.377923,MINISTERIO DE HACIENDA,HACIENDA,61481
USP3579ECE51,BSRD2049,"DOMINICAN, REP /6.4 BD 20490605",205000,USD,205,5.0042,118.853703,07/08/2026,03:56:21 PM,PRESTAMO,PRIMERA PARTE,ROTC,10/08/2026,CONFIRMADA,3269537,0,05/06/2019,05/06/2049,1.377923,MINISTERIO DE HACIENDA,HACIENDA,61453
DO1002261829,NO010330,BCENTRAL/9.5 BOEST 20300301 GTIA,107000000,DOP,10700,9.9282,98.730989,07/08/2026,03:54:07 PM,CONTADO,PRIMERA PARTE,ROTC,11/08/2026,CONFIRMADA,3269102,0,01/03/2026,01/03/2030,0,BANCO CENTRAL DE LA REPUBLICA DOMINICANA,BCENTRAL,62202
DO2018100324,BC1AES03,AESTRELLA/11.25 BO 20301130,71401,DOP,71401,10.4334,102.758659,07/08/2026,03:53:02 PM,PRESTAMO,SEGUNDA PARTE,ROTC,09/09/2026,CONFIRMADA,3269533,0,30/11/2020,30/11/2030,2.983695,ACERO ESTRELLA S A,AESTRELLA,59612
DO2018100324,BC1AES03,AESTRELLA/11.25 BO 20301130,71401,DOP,71401,11.2503,99.991675,07/08/2026,03:53:02 PM,PRESTAMO,PRIMERA PARTE,ROTC,10/08/2026,CONFIRMADA,3269533,0,30/11/2020,30/11/2030,2.983695,ACERO ESTRELLA S A,AESTRELLA,59339
DO2018100324,BC1AES03,AESTRELLA/11.25 BO 20301130,71401,DOP,71401,10.4334,102.758659,07/08/2026,03:53:01 PM,ESTRUCTURADA,SEGUNDA PARTE,ROTC,09/09/2026,CONFIRMADA,3269532,0,30/11/2020,30/11/2030,10.05,ACERO ESTRELLA S A,AESTRELLA,61705
DO2018100324,BC1AES03,AESTRELLA/11.25 BO 20301130,71401,DOP,71401,11.2503,99.991675,07/08/2026,03:53:01 PM,ESTRUCTURADA,PRIMERA PARTE,ROTC,10/08/2026,CONFIRMADA,3269532,0,30/11/2020,30/11/2030,10.05,ACERO ESTRELLA S A,AESTRELLA,61432
DO2018100324,BC1AES03,AESTRELLA/11.25 BO 20301130,862237,DOP,862237,10.4797,102.553727,07/08/2026,03:52:19 PM,ESTRUCTURADA,SEGUNDA PARTE,ROTC,09/10/2026,CONFIRMADA,3269540,0,30/11/2020,30/11/2030,9.25,ACERO ESTRELLA S A,AESTRELLA,62601
DO2018100324,BC1AES03,AESTRELLA/11.25 BO 20301130,862237,DOP,862237,11.2503,99.991675,07/08/2026,03:52:19 PM,ESTRUCTURADA,PRIMERA PARTE,ROTC,10/08/2026,CONFIRMADA,3269540,0,30/11/2020,30/11/2030,9.25,ACERO ESTRELLA S A,AESTRELLA,62370
DO2018100324,BC1AES03,AESTRELLA/11.25 BO 20301130,862237,DOP,862237,10.4797,102.553727,07/08/2026,03:52:18 PM,PRESTAMO,SEGUNDA PARTE,ROTC,09/10/2026,CONFIRMADA,3269541,0,30/11/2020,30/11/2030,3.656473,ACERO ESTRELLA S A,AESTRELLA,60494
DO2018100324,BC1AES03,AESTRELLA/11.25 BO 20301130,862237,DOP,862237,11.2503,99.991675,07/08/2026,03:52:18 PM,PRESTAMO,PRIMERA PARTE,ROTC,10/08/2026,CONFIRMADA,3269541,0,30/11/2020,30/11/2030,3.656473,ACERO ESTRELLA S A,AESTRELLA,60263
USP3579ECF27,BSRD2030,DOMINICAN REP/4.5 BD 20300130 UNS,1000,USD,1,5.45316215,97.02,07/08/2026,03:51:47 PM,CONTADO,PRIMERA PARTE,ROTC,10/08/2026,CONFIRMADA,3269521,0,30/01/2020,30/01/2030,0,MINISTERIO DE HACIENDA,HACIENDA,60284
DO1002228612,NO031227,BCENTRAL/8 BOEST 20271203 GTIA,6040000,DOP,604,7.9475,100.046085,07/08/2026,03:51:46 PM,CONTADO,PRIMERA PARTE,ROTC,10/08/2026,CONFIRMADA,3269522,0,03/12/2024,03/12/2027,0,BANCO CENTRAL DE LA REPUBLICA DOMINICANA,BCENTRAL,60389
DO1002228612,NO031227,BCENTRAL/8 BOEST 20271203 GTIA,6040000,DOP,604,7.661,100.331481,07/08/2026,03:51:44 PM,PRESTAMO,SEGUNDA PARTE,ROTC,10/11/2026,CONFIRMADA,3269523,0,03/12/2024,03/12/2027,3.643176,BANCO CENTRAL DE LA REPUBLICA DOMINICANA,BCENTRAL,60522
DO1002228612,NO031227,BCENTRAL/8 BOEST 20271203 GTIA,6040000,DOP,604,7.9475,100.046085,07/08/2026,03:51:44 PM,PRESTAMO,PRIMERA PARTE,ROTC,10/08/2026,CONFIRMADA,3269523,0,03/12/2024,03/12/2027,3.643176,BANCO CENTRAL DE LA REPUBLICA DOMINICANA,BCENTRAL,61068
DO1002228612,NO031227,BCENTRAL/8 BOEST 20271203 GTIA,6040000,DOP,604,7.661,100.331481,07/08/2026,03:51:44 PM,PLAZO,PRIMERA PARTE,ROTC,10/11/2026,CONFIRMADA,3269524,0,03/12/2024,03/12/2027,0,BANCO CENTRAL DE LA REPUBLICA DOMINICANA,BCENTRAL,58982
DO2035500118,VF1ACR01,FDOVIRF ACR/7.3 BO 20340806,1000,USD,1,7.23274197,100.5,07/08/2026,03:51:43 PM,CONTADO,PRIMERA PARTE,ROTC,10/08/2026,CONFIRMADA,3269525,0,06/08/2026,06/08/2034,0,FIDEICOMISO DE OFERTA PUBLICA DE VALORES INMOBILIARIOS DE RENTA FIJA ACROPOLIS 02 FU,FDOVIRF ACR,56728
DO2016300124,BC1GUL01,GULFSTREAM/11.25 BO 20290528,2871995,DOP,2871995,10.99913058,99.999997,07/08/2026,03:51:42 PM,CONTADO,PRIMERA PARTE,ROTC,10/08/2026,CONFIRMADA,3269548,0,28/05/2019,28/05/2029,0,GULFSTREAM PETROLEUM DOMINICANA S DE RL,GULFSTREAM,62930
DO2016300124,BC1GUL01,GULFSTREAM/11.25 BO 20290528,2871995,DOP,2871995,10.99913058,99.999997,07/08/2026,03:51:40 PM,CONTADO,PRIMERA PARTE,ROTC,10/08/2026,CONFIRMADA,3269549,0,28/05/2019,28/05/2029,0,GULFSTREAM PETROLEUM DOMINICANA S DE RL,GULFSTREAM,62916
DO2006901311,BC1ITA01,EGEITABO/5.65 BO 20311208,530,USD,530,5.3794,101.211321,07/08/2026,03:50:36 PM,ESTRUCTURADA,SEGUNDA PARTE,ROTC,09/10/2026,CONFIRMADA,3269530,0,08/12/2021,08/12/2031,4.25,"EMPRESA GENERADORA DE ELECTRICIDAD ITABO, S.A.",EGEITABO,59017
DO2006901311,BC1ITA01,EGEITABO/5.65 BO 20311208,530,USD,530,5.65,99.997577,07/08/2026,03:50:36 PM,ESTRUCTURADA,PRIMERA PARTE,ROTC,10/08/2026,CONFIRMADA,3269530,0,08/12/2021,08/12/2031,4.25,"EMPRESA GENERADORA DE ELECTRICIDAD ITABO, S.A.",EGEITABO,58331
DO2006901311,BC1ITA01,EGEITABO/5.65 BO 20311208,530,USD,530,5.3794,101.211321,07/08/2026,03:50:36 PM,PRESTAMO,SEGUNDA PARTE,ROTC,09/10/2026,CONFIRMADA,3269531,0,08/12/2021,08/12/2031,1.664843,"EMPRESA GENERADORA DE ELECTRICIDAD ITABO, S.A.",EGEITABO,56917
DO2006901311,BC1ITA01,EGEITABO/5.65 BO 20311208,530,USD,530,5.65,99.997577,07/08/2026,03:50:36 PM,PRESTAMO,PRIMERA PARTE,ROTC,10/08/2026,CONFIRMADA,3269531,0,08/12/2021,08/12/2031,1.664843,"EMPRESA GENERADORA DE ELECTRICIDAD ITABO, S.A.",EGEITABO,56231
DO2018100324,BC1AES03,AESTRELLA/11.25 BO 20301130,63066,DOP,63066,10.4582,102.673469,07/08/2026,03:50:08 PM,ESTRUCTURADA,SEGUNDA PARTE,ROTC,09/09/2026,CONFIRMADA,3269538,0,30/11/2020,30/11/2030,9.05,ACERO ESTRELLA S A,AESTRELLA,61845
DO2018100324,BC1AES03,AESTRELLA/11.25 BO 20301130,63066,DOP,63066,11.2503,99.991675,07/08/2026,03:50:08 PM,ESTRUCTURADA,PRIMERA PARTE,ROTC,10/08/2026,CONFIRMADA,3269538,0,30/11/2020,30/11/2030,9.05,ACERO ESTRELLA S A,AESTRELLA,61572
DO2018100324,BC1AES03,AESTRELLA/11.25 BO 20301130,63066,DOP,63066,10.4582,102.673469,07/08/2026,03:50:07 PM,PRESTAMO,SEGUNDA PARTE,ROTC,09/09/2026,CONFIRMADA,3269539,0,30/11/2020,30/11/2030,2.903439,ACERO ESTRELLA S A,AESTRELLA,59738
DO2018100324,BC1AES03,AESTRELLA/11.25 BO 20301130,63066,DOP,63066,11.2503,99.991675,07/08/2026,03:50:07 PM,PRESTAMO,PRIMERA PARTE,ROTC,10/08/2026,CONFIRMADA,3269539,0,30/11/2020,30/11/2030,2.903439,ACERO ESTRELLA S A,AESTRELLA,59465
USP3579ECZ80,BSRD2035, ,35000,USD,35,6.15,98.077028,07/08/2026,03:48:27 PM,CONTADO,PRIMERA PARTE,ROTC,12/08/2026,CONFIRMADA,3269556,0,28/10/2025,28/10/2035,0,MINISTERIO DE HACIENDA,HACIENDA,46921
DO2018100324,BC1AES03,AESTRELLA/11.25 BO 20301130,733760,DOP,733760,10.4334,102.758649,07/08/2026,03:48:23 PM,ESTRUCTURADA,SEGUNDA PARTE,ROTC,09/09/2026,CONFIRMADA,3269534,0,30/11/2020,30/11/2030,10.05,ACERO ESTRELLA S A,AESTRELLA,62608
DO2018100324,BC1AES03,AESTRELLA/11.25 BO 20301130,733760,DOP,733760,11.2503,99.991675,07/08/2026,03:48:23 PM,ESTRUCTURADA,PRIMERA PARTE,ROTC,10/08/2026,CONFIRMADA,3269534,0,30/11/2020,30/11/2030,10.05,ACERO ESTRELLA S A,AESTRELLA,62342
DO2018100324,BC1AES03,AESTRELLA/11.25 BO 20301130,733760,DOP,733760,10.4334,102.758649,07/08/2026,03:48:22 PM,PRESTAMO,SEGUNDA PARTE,ROTC,09/09/2026,CONFIRMADA,3269535,0,30/11/2020,30/11/2030,2.983687,ACERO ESTRELLA S A,AESTRELLA,60501
DO2018100324,BC1AES03,AESTRELLA/11.25 BO 20301130,733760,DOP,733760,11.2503,99.991675,07/08/2026,03:48:22 PM,PRESTAMO,PRIMERA PARTE,ROTC,10/08/2026,CONFIRMADA,3269535,0,30/11/2020,30/11/2030,2.983687,ACERO ESTRELLA S A,AESTRELLA,60235
USP3579ECZ80,BSRD2035, ,35000,USD,35,6.05,98.767269,07/08/2026,03:48:17 PM,CONTADO,PRIMERA PARTE,ROTC,12/08/2026,CONFIRMADA,3269553,0,28/10/2025,28/10/2035,0,MINISTERIO DE HACIENDA,HACIENDA,46998
DO1005254219,MH22041,HACIENDA/12 BOEST 20410529 GTIA,48000000,DOP,480,10.15,114.053,07/08/2026,03:48:16 PM,CONTADO,PRIMERA PARTE,ROTC,10/08/2026,CONFIRMADA,3268838,0,29/05/2026,29/05/2041,0,MINISTERIO DE HACIENDA,HACIENDA,58919
USP3579ECE51,BSRD2049,"DOMINICAN, REP /6.4 BD 20490605",10000,USD,10,6.83,95.05183,07/08/2026,03:48:02 PM,CONTADO,PRIMERA PARTE,ROTC,11/08/2026,CONFIRMADA,3269554,0,05/06/2019,05/06/2049,0,MINISTERIO DE HACIENDA,HACIENDA,58674
USP3579ECE51,BSRD2049,"DOMINICAN, REP /6.4 BD 20490605",10000,USD,10,6.65,97.073508,07/08/2026,03:47:48 PM,CONTADO,PRIMERA PARTE,ROTC,11/08/2026,CONFIRMADA,3269555,0,05/06/2019,05/06/2049,0,MINISTERIO DE HACIENDA,HACIENDA,59129
DO2018100324,BC1AES03,AESTRELLA/11.25 BO 20301130,1052510,DOP,1052510,10.5105,102.407634,07/08/2026,03:45:52 PM,PRESTAMO,SEGUNDA PARTE,ROTC,13/11/2026,CONFIRMADA,3269529,0,30/11/2020,30/11/2030,4.514549,ACERO ESTRELLA S A,AESTRELLA,60795
DO2018100324,BC1AES03,AESTRELLA/11.25 BO 20301130,1052510,DOP,1052510,11.2503,99.991675,07/08/2026,03:45:52 PM,PRESTAMO,PRIMERA PARTE,ROTC,10/08/2026,CONFIRMADA,3269529,0,30/11/2020,30/11/2030,4.514549,ACERO ESTRELLA S A,AESTRELLA,60739
DO2018100324,BC1AES03,AESTRELLA/11.25 BO 20301130,1052510,DOP,1052510,10.5105,102.407634,07/08/2026,03:45:51 PM,ESTRUCTURADA,SEGUNDA PARTE,ROTC,13/11/2026,CONFIRMADA,3269528,0,30/11/2020,30/11/2030,9.3,ACERO ESTRELLA S A,AESTRELLA,62888
DO2018100324,BC1AES03,AESTRELLA/11.25 BO 20301130,1052510,DOP,1052510,11.2503,99.991675,07/08/2026,03:45:51 PM,ESTRUCTURADA,PRIMERA PARTE,ROTC,10/08/2026,CONFIRMADA,3269528,0,30/11/2020,30/11/2030,9.3,ACERO ESTRELLA S A,AESTRELLA,62832
DO1002261225,LE021026,BCENTRAL/ LT 20261002 GTIA,7930000,DOP,793,8.2,98.991173,07/08/2026,03:45:43 PM,PRESTAMO,SEGUNDA PARTE,ROTC,09/09/2026,CONFIRMADA,3269552,0,02/10/2025,02/10/2026,0.02,BANCO CENTRAL DE LA REPUBLICA DOMINICANA,BCENTRAL,57771
DO1002261225,LE021026,BCENTRAL/ LT 20261002 GTIA,7930000,DOP,793,8.2,98.991173,07/08/2026,03:45:43 PM,PRESTAMO,PRIMERA PARTE,ROTC,10/08/2026,CONFIRMADA,3269552,0,02/10/2025,02/10/2026,0.02,BANCO CENTRAL DE LA REPUBLICA DOMINICANA,BCENTRAL,57771
DO1002261225,LE021026,BCENTRAL/ LT 20261002 GTIA,7930000,DOP,793,5.245929,99.665963,07/08/2026,03:45:37 PM,PLAZO,PRIMERA PARTE,ROTC,09/09/2026,CONFIRMADA,3269551,0,02/10/2025,02/10/2026,0,BANCO CENTRAL DE LA REPUBLICA DOMINICANA,BCENTRAL,58156
DO1002261225,LE021026,BCENTRAL/ LT 20261002 GTIA,7930000,DOP,793,6.922243,98.991173,07/08/2026,03:45:31 PM,CONTADO,PRIMERA PARTE,ROTC,10/08/2026,CONFIRMADA,3269550,0,02/10/2025,02/10/2026,0,BANCO CENTRAL DE LA REPUBLICA DOMINICANA,BCENTRAL,58863
DO1002261928,LE090427,BCENTRAL/ LT 20270409 GTIA,60000,DOP,6,0,88.694117,07/08/2026,03:43:23 PM,PRESTAMO,SEGUNDA PARTE,ROTC,09/09/2026,CONFIRMADA,3269509,0,09/04/2026,09/04/2027,0.748528,BANCO CENTRAL DE LA REPUBLICA DOMINICANA,BCENTRAL,55692
DO1002261928,LE090427,BCENTRAL/ LT 20270409 GTIA,60000,DOP,6,20.2275,88.030217,07/08/2026,03:43:23 PM,PRESTAMO,PRIMERA PARTE,ROTC,10/08/2026,CONFIRMADA,3269509,0,09/04/2026,09/04/2027,0.748528,BANCO CENTRAL DE LA REPUBLICA DOMINICANA,BCENTRAL,57715
DO1002261928,LE090427,BCENTRAL/ LT 20270409 GTIA,60000,DOP,6,0,88.694117,07/08/2026,03:43:22 PM,PLAZO,PRIMERA PARTE,ROTC,09/09/2026,CONFIRMADA,3269510,0,09/04/2026,09/04/2027,0,BANCO CENTRAL DE LA REPUBLICA DOMINICANA,BCENTRAL,54145
DO1002261928,LE090427,BCENTRAL/ LT 20270409 GTIA,160000,DOP,16,0,97.738506,07/08/2026,03:43:21 PM,PRESTAMO,SEGUNDA PARTE,ROTC,09/09/2026,CONFIRMADA,3269512,0,09/04/2026,09/04/2027,0.748522,BANCO CENTRAL DE LA REPUBLICA DOMINICANA,BCENTRAL,56371
DO1002261928,LE090427,BCENTRAL/ LT 20270409 GTIA,160000,DOP,16,4.5899,97.006913,07/08/2026,03:43:21 PM,PRESTAMO,PRIMERA PARTE,ROTC,10/08/2026,CONFIRMADA,3269512,0,09/04/2026,09/04/2027,0.748522,BANCO CENTRAL DE LA REPUBLICA DOMINICANA,BCENTRAL,58212
DO1002261928,LE090427,BCENTRAL/ LT 20270409 GTIA,160000,DOP,16,0,97.738506,07/08/2026,03:43:20 PM,PLAZO,PRIMERA PARTE,ROTC,09/09/2026,CONFIRMADA,3269513,0,09/04/2026,09/04/2027,0,BANCO CENTRAL DE LA REPUBLICA DOMINICANA,BCENTRAL,54824
DO1002261928,LE090427,BCENTRAL/ LT 20270409 GTIA,160000,DOP,16,4.5899,97.006913,07/08/2026,03:43:09 PM,CONTADO,PRIMERA PARTE,ROTC,10/08/2026,CONFIRMADA,3269511,0,09/04/2026,09/04/2027,0,BANCO CENTRAL DE LA REPUBLICA DOMINICANA,BCENTRAL,57561
DO1002261928,LE090427,BCENTRAL/ LT 20270409 GTIA,60000,DOP,6,20.2275,88.030217,07/08/2026,03:42:45 PM,CONTADO,PRIMERA PARTE,ROTC,10/08/2026,CONFIRMADA,3269508,0,09/04/2026,09/04/2027,0,BANCO CENTRAL DE LA REPUBLICA DOMINICANA,BCENTRAL,57043
DO1002261225,LE021026,BCENTRAL/ LT 20261002 GTIA,10000,DOP,1,-203.47,120.4179,07/08/2026,03:41:48 PM,PRESTAMO,SEGUNDA PARTE,ROTC,02/09/2026,CONFIRMADA,3269527,0,02/10/2025,02/10/2026,5.45,BANCO CENTRAL DE LA REPUBLICA DOMINICANA,BCENTRAL,57001
DO1002261225,LE021026,BCENTRAL/ LT 20261002 GTIA,10000,DOP,1,-113.2,120,07/08/2026,03:41:48 PM,PRESTAMO,PRIMERA PARTE,ROTC,10/08/2026,CONFIRMADA,3269527,0,02/10/2025,02/10/2026,5.45,BANCO CENTRAL DE LA REPUBLICA DOMINICANA,BCENTRAL,54838
DO1002261225,LE021026,BCENTRAL/ LT 20261002 GTIA,10000,DOP,1,-203.47,120.4179,07/08/2026,03:41:47 PM,ESTRUCTURADA,SEGUNDA PARTE,ROTC,02/09/2026,CONFIRMADA,3269526,0,02/10/2025,02/10/2026,5.45,BANCO CENTRAL DE LA REPUBLICA DOMINICANA,BCENTRAL,59094
DO1002261225,LE021026,BCENTRAL/ LT 20261002 GTIA,10000,DOP,1,-113.2,120,07/08/2026,03:41:47 PM,ESTRUCTURADA,PRIMERA PARTE,ROTC,10/08/2026,CONFIRMADA,3269526,0,02/10/2025,02/10/2026,5.45,BANCO CENTRAL DE LA REPUBLICA DOMINICANA,BCENTRAL,56931
DO2018100324,BC1AES03,AESTRELLA/11.25 BO 20301130,695257,DOP,695257,10.4582,102.673473,07/08/2026,03:40:27 PM,ESTRUCTURADA,SEGUNDA PARTE,ROTC,09/09/2026,CONFIRMADA,3269408,0,30/11/2020,30/11/2030,9.05,ACERO ESTRELLA S A,AESTRELLA,62664
DO2018100324,BC1AES03,AESTRELLA/11.25 BO 20301130,695257,DOP,695257,11.2503,99.991675,07/08/2026,03:40:27 PM,ESTRUCTURADA,PRIMERA PARTE,ROTC,10/08/2026,CONFIRMADA,3269408,0,30/11/2020,30/11/2030,9.05,ACERO ESTRELLA S A,AESTRELLA,62426
DO2018100324,BC1AES03,AESTRELLA/11.25 BO 20301130,695257,DOP,695257,10.4582,102.673473,07/08/2026,03:40:27 PM,PRESTAMO,SEGUNDA PARTE,ROTC,09/09/2026,CONFIRMADA,3269409,0,30/11/2020,30/11/2030,2.903446,ACERO ESTRELLA S A,AESTRELLA,60564
DO2018100324,BC1AES03,AESTRELLA/11.25 BO 20301130,695257,DOP,695257,11.2503,99.991675,07/08/2026,03:40:27 PM,PRESTAMO,PRIMERA PARTE,ROTC,10/08/2026,CONFIRMADA,3269409,0,30/11/2020,30/11/2030,2.903446,ACERO ESTRELLA S A,AESTRELLA,60326
DO2006901311,BC1ITA01,EGEITABO/5.65 BO 20311208,1202,USD,1202,5.3646,101.297837,07/08/2026,03:39:55 PM,ESTRUCTURADA,SEGUNDA PARTE,ROTC,09/09/2026,CONFIRMADA,3269425,0,08/12/2021,08/12/2031,4.05,"EMPRESA GENERADORA DE ELECTRICIDAD ITABO, S.A.",EGEITABO,59913
DO2006901311,BC1ITA01,EGEITABO/5.65 BO 20311208,1202,USD,1202,5.65,99.997577,07/08/2026,03:39:55 PM,ESTRUCTURADA,PRIMERA PARTE,ROTC,10/08/2026,CONFIRMADA,3269425,0,08/12/2021,08/12/2031,4.05,"EMPRESA GENERADORA DE ELECTRICIDAD ITABO, S.A.",EGEITABO,59017
DO2006901311,BC1ITA01,EGEITABO/5.65 BO 20311208,1202,USD,1202,5.3646,101.297837,07/08/2026,03:39:54 PM,PRESTAMO,SEGUNDA PARTE,ROTC,09/09/2026,CONFIRMADA,3269426,0,08/12/2021,08/12/2031,1.299002,"EMPRESA GENERADORA DE ELECTRICIDAD ITABO, S.A.",EGEITABO,57806
DO2006901311,BC1ITA01,EGEITABO/5.65 BO 20311208,1202,USD,1202,5.65,99.997577,07/08/2026,03:39:54 PM,PRESTAMO,PRIMERA PARTE,ROTC,10/08/2026,CONFIRMADA,3269426,0,08/12/2021,08/12/2031,1.299002,"EMPRESA GENERADORA DE ELECTRICIDAD ITABO, S.A.",EGEITABO,56910
DO2018100324,BC1AES03,AESTRELLA/11.25 BO 20301130,25763,DOP,25763,10.5105,102.407678,07/08/2026,03:38:30 PM,ESTRUCTURADA,SEGUNDA PARTE,ROTC,13/11/2026,CONFIRMADA,3269406,0,30/11/2020,30/11/2030,9.3,ACERO ESTRELLA S A,AESTRELLA,61719
DO2018100324,BC1AES03,AESTRELLA/11.25 BO 20301130,25763,DOP,25763,11.2503,99.991675,07/08/2026,03:38:30 PM,ESTRUCTURADA,PRIMERA PARTE,ROTC,10/08/2026,CONFIRMADA,3269406,0,30/11/2020,30/11/2030,9.3,ACERO ESTRELLA S A,AESTRELLA,61607
DO2018100324,BC1AES03,AESTRELLA/11.25 BO 20301130,25763,DOP,25763,10.5105,102.407678,07/08/2026,03:38:29 PM,PRESTAMO,SEGUNDA PARTE,ROTC,13/11/2026,CONFIRMADA,3269407,0,30/11/2020,30/11/2030,4.514593,ACERO ESTRELLA S A,AESTRELLA,59675
DO2018100324,BC1AES03,AESTRELLA/11.25 BO 20301130,25763,DOP,25763,11.2503,99.991675,07/08/2026,03:38:29 PM,PRESTAMO,PRIMERA PARTE,ROTC,10/08/2026,CONFIRMADA,3269407,0,30/11/2020,30/11/2030,4.514593,ACERO ESTRELLA S A,AESTRELLA,59563
DO2006901311,BC1ITA01,EGEITABO/5.65 BO 20311208,22895,USD,22895,5.1122,102.288054,07/08/2026,03:37:34 PM,ESTRUCTURADA,SEGUNDA PARTE,ROTC,08/02/2027,CONFIRMADA,3269404,0,08/12/2021,08/12/2031,4.45,"EMPRESA GENERADORA DE ELECTRICIDAD ITABO, S.A.",EGEITABO,60648
DO2006901311,BC1ITA01,EGEITABO/5.65 BO 20311208,22895,USD,22895,5.65,99.997577,07/08/2026,03:37:34 PM,ESTRUCTURADA,PRIMERA PARTE,ROTC,11/08/2026,CONFIRMADA,3269404,0,08/12/2021,08/12/2031,4.45,"EMPRESA GENERADORA DE ELECTRICIDAD ITABO, S.A.",EGEITABO,59955
DO2006901311,BC1ITA01,EGEITABO/5.65 BO 20311208,22895,USD,22895,5.1122,102.288054,07/08/2026,03:37:33 PM,PRESTAMO,SEGUNDA PARTE,ROTC,08/02/2027,CONFIRMADA,3269405,0,08/12/2021,08/12/2031,3.147967,"EMPRESA GENERADORA DE ELECTRICIDAD ITABO, S.A.",EGEITABO,58541
DO2006901311,BC1ITA01,EGEITABO/5.65 BO 20311208,22895,USD,22895,5.65,99.997577,07/08/2026,03:37:33 PM,PRESTAMO,PRIMERA PARTE,ROTC,11/08/2026,CONFIRMADA,3269405,0,08/12/2021,08/12/2031,3.147967,"EMPRESA GENERADORA DE ELECTRICIDAD ITABO, S.A.",EGEITABO,57848
DO2006901311,BC1ITA01,EGEITABO/5.65 BO 20311208,27432,USD,27432,5.1117,102.293672,07/08/2026,03:37:29 PM,ESTRUCTURADA,SEGUNDA PARTE,ROTC,05/02/2027,CONFIRMADA,3269423,0,08/12/2021,08/12/2031,4.45,"EMPRESA GENERADORA DE ELECTRICIDAD ITABO, S.A.",EGEITABO,60585
DO2006901311,BC1ITA01,EGEITABO/5.65 BO 20311208,27432,USD,27432,5.65,99.997577,07/08/2026,03:37:29 PM,ESTRUCTURADA,PRIMERA PARTE,ROTC,10/08/2026,CONFIRMADA,3269423,0,08/12/2021,08/12/2031,4.45,"EMPRESA GENERADORA DE ELECTRICIDAD ITABO, S.A.",EGEITABO,59864
DO2006901311,BC1ITA01,EGEITABO/5.65 BO 20311208,27432,USD,27432,5.1117,102.293672,07/08/2026,03:37:29 PM,PRESTAMO,SEGUNDA PARTE,ROTC,05/02/2027,CONFIRMADA,3269424,0,08/12/2021,08/12/2031,3.109646,"EMPRESA GENERADORA DE ELECTRICIDAD ITABO, S.A.",EGEITABO,58485
DO2006901311,BC1ITA01,EGEITABO/5.65 BO 20311208,27432,USD,27432,5.65,99.997577,07/08/2026,03:37:29 PM,PRESTAMO,PRIMERA PARTE,ROTC,10/08/2026,CONFIRMADA,3269424,0,08/12/2021,08/12/2031,3.109646,"EMPRESA GENERADORA DE ELECTRICIDAD ITABO, S.A.",EGEITABO,57764
DO2018100324,BC1AES03,AESTRELLA/11.25 BO 20301130,260956,DOP,260956,10.4782,102.558753,07/08/2026,03:35:45 PM,PRESTAMO,SEGUNDA PARTE,ROTC,09/10/2026,CONFIRMADA,3269403,0,30/11/2020,30/11/2030,3.66114,ACERO ESTRELLA S A,AESTRELLA,60487
DO2018100324,BC1AES03,AESTRELLA/11.25 BO 20301130,260956,DOP,260956,11.2503,99.991675,07/08/2026,03:35:45 PM,PRESTAMO,PRIMERA PARTE,ROTC,11/08/2026,CONFIRMADA,3269403,0,30/11/2020,30/11/2030,3.66114,ACERO ESTRELLA S A,AESTRELLA,60277
DO2018100324,BC1AES03,AESTRELLA/11.25 BO 20301130,260956,DOP,260956,10.4782,102.558753,07/08/2026,03:35:44 PM,ESTRUCTURADA,SEGUNDA PARTE,ROTC,09/10/2026,CONFIRMADA,3269402,0,30/11/2020,30/11/2030,9.25,ACERO ESTRELLA S A,AESTRELLA,62580
DO2018100324,BC1AES03,AESTRELLA/11.25 BO 20301130,260956,DOP,260956,11.2503,99.991675,07/08/2026,03:35:44 PM,ESTRUCTURADA,PRIMERA PARTE,ROTC,11/08/2026,CONFIRMADA,3269402,0,30/11/2020,30/11/2030,9.25,ACERO ESTRELLA S A,AESTRELLA,62370
DO2018100324,BC1AES03,AESTRELLA/11.25 BO 20301130,1956695,DOP,1956695,10.5105,102.407634,07/08/2026,03:34:50 PM,PRESTAMO,SEGUNDA PARTE,ROTC,13/11/2026,CONFIRMADA,3269422,0,30/11/2020,30/11/2030,4.514549,ACERO ESTRELLA S A,AESTRELLA,61145
DO2018100324,BC1AES03,AESTRELLA/11.25 BO 20301130,1956695,DOP,1956695,11.2503,99.991675,07/08/2026,03:34:50 PM,PRESTAMO,PRIMERA PARTE,ROTC,10/08/2026,CONFIRMADA,3269422,0,30/11/2020,30/11/2030,4.514549,ACERO ESTRELLA S A,AESTRELLA,61089
DO2018100324,BC1AES03,AESTRELLA/11.25 BO 20301130,1956695,DOP,1956695,10.5105,102.407634,07/08/2026,03:34:49 PM,ESTRUCTURADA,SEGUNDA PARTE,ROTC,13/11/2026,CONFIRMADA,3269421,0,30/11/2020,30/11/2030,9.3,ACERO ESTRELLA S A,AESTRELLA,63301
DO2018100324,BC1AES03,AESTRELLA/11.25 BO 20301130,1956695,DOP,1956695,11.2503,99.991675,07/08/2026,03:34:49 PM,ESTRUCTURADA,PRIMERA PARTE,ROTC,10/08/2026,CONFIRMADA,3269421,0,30/11/2020,30/11/2030,9.3,ACERO ESTRELLA S A,AESTRELLA,63245
DO1002227317,NO150928,BCENTRAL/11 BOEST 20280915 GTIA,11170000,DOP,1117,9.3772,103.006705,07/08/2026,03:34:15 PM,CONTADO,PRIMERA PARTE,ROTC,10/08/2026,CONFIRMADA,3269411,0,15/09/2023,15/09/2028,0,BANCO CENTRAL DE LA REPUBLICA DOMINICANA,BCENTRAL,61439
DO1002227317,NO150928,BCENTRAL/11 BOEST 20280915 GTIA,11170000,DOP,1117,5.6213,102.947528,07/08/2026,03:34:14 PM,PRESTAMO,SEGUNDA PARTE,ROTC,14/09/2026,CONFIRMADA,3269412,0,15/09/2023,15/09/2028,4.990823,BANCO CENTRAL DE LA REPUBLICA DOMINICANA,BCENTRAL,62132
DO1002227317,NO150928,BCENTRAL/11 BOEST 20280915 GTIA,11170000,DOP,1117,9.3772,103.006705,07/08/2026,03:34:14 PM,PRESTAMO,PRIMERA PARTE,ROTC,10/08/2026,CONFIRMADA,3269412,0,15/09/2023,15/09/2028,4.990823,BANCO CENTRAL DE LA REPUBLICA DOMINICANA,BCENTRAL,62125
DO1002227317,NO150928,BCENTRAL/11 BOEST 20280915 GTIA,11170000,DOP,1117,5.6213,102.947528,07/08/2026,03:34:13 PM,PLAZO,PRIMERA PARTE,ROTC,14/09/2026,CONFIRMADA,3269413,0,15/09/2023,15/09/2028,0,BANCO CENTRAL DE LA REPUBLICA DOMINICANA,BCENTRAL,60585
DO1002227317,NO150928,BCENTRAL/11 BOEST 20280915 GTIA,3720000,DOP,372,9.3547,103.043186,07/08/2026,03:34:12 PM,CONTADO,PRIMERA PARTE,ROTC,12/08/2026,CONFIRMADA,3269414,0,15/09/2023,15/09/2028,0,BANCO CENTRAL DE LA REPUBLICA DOMINICANA,BCENTRAL,60816
DO1002227317,NO150928,BCENTRAL/11 BOEST 20280915 GTIA,3720000,DOP,372,-0.6456,102.953727,07/08/2026,03:34:11 PM,PRESTAMO,SEGUNDA PARTE,ROTC,14/09/2026,CONFIRMADA,3269415,0,15/09/2023,15/09/2028,4.962607,BANCO CENTRAL DE LA REPUBLICA DOMINICANA,BCENTRAL,61796
DO1002227317,NO150928,BCENTRAL/11 BOEST 20280915 GTIA,3720000,DOP,372,9.3547,103.043186,07/08/2026,03:34:11 PM,PRESTAMO,PRIMERA PARTE,ROTC,12/08/2026,CONFIRMADA,3269415,0,15/09/2023,15/09/2028,4.962607,BANCO CENTRAL DE LA REPUBLICA DOMINICANA,BCENTRAL,61502
DO1002227317,NO150928,BCENTRAL/11 BOEST 20280915 GTIA,3720000,DOP,372,-0.6456,102.953727,07/08/2026,03:34:10 PM,PLAZO,PRIMERA PARTE,ROTC,14/09/2026,CONFIRMADA,3269416,0,15/09/2023,15/09/2028,0,BANCO CENTRAL DE LA REPUBLICA DOMINICANA,BCENTRAL,60249
DO2035500118,VF1ACR01,FDOVIRF ACR/7.3 BO 20340806,10000,USD,10,7.21632271,100.5,07/08/2026,03:34:09 PM,CONTADO,PRIMERA PARTE,ROTC,10/08/2026,CONFIRMADA,3269417,0,06/08/2026,06/08/2034,0,FIDEICOMISO DE OFERTA PUBLICA DE VALORES INMOBILIARIOS DE RENTA FIJA ACROPOLIS 02 FU,FDOVIRF ACR,57344
DO1002228612,NO031227,BCENTRAL/8 BOEST 20271203 GTIA,170000,DOP,17,8.5039,99.366271,07/08/2026,03:34:08 PM,CONTADO,PRIMERA PARTE,ROTC,10/08/2026,CONFIRMADA,3269418,0,03/12/2024,03/12/2027,0,BANCO CENTRAL DE LA REPUBLICA DOMINICANA,BCENTRAL,59430
DO1002228612,NO031227,BCENTRAL/8 BOEST 20271203 GTIA,170000,DOP,17,8.5209,99.3468,07/08/2026,03:34:07 PM,PRESTAMO,SEGUNDA PARTE,ROTC,11/08/2026,CONFIRMADA,3269419,0,03/12/2024,03/12/2027,1.476103,BANCO CENTRAL DE LA REPUBLICA DOMINICANA,BCENTRAL,59353
DO1002228612,NO031227,BCENTRAL/8 BOEST 20271203 GTIA,170000,DOP,17,8.5039,99.366271,07/08/2026,03:34:07 PM,PRESTAMO,PRIMERA PARTE,ROTC,10/08/2026,CONFIRMADA,3269419,0,03/12/2024,03/12/2027,1.476103,BANCO CENTRAL DE LA REPUBLICA DOMINICANA,BCENTRAL,60116
DO1002228612,NO031227,BCENTRAL/8 BOEST 20271203 GTIA,170000,DOP,17,8.5209,99.3468,07/08/2026,03:34:06 PM,PLAZO,PRIMERA PARTE,ROTC,11/08/2026,CONFIRMADA,3269420,0,03/12/2024,03/12/2027,0,BANCO CENTRAL DE LA REPUBLICA DOMINICANA,BCENTRAL,57806
DO1002227317,NO150928,BCENTRAL/11 BOEST 20280915 GTIA,2010000,DOP,201,9.2953,103.156231,07/08/2026,03:34:05 PM,CONTADO,PRIMERA PARTE,ROTC,12/08/2026,CONFIRMADA,3269428,0,15/09/2023,15/09/2028,0,BANCO CENTRAL DE LA REPUBLICA DOMINICANA,BCENTRAL,60676
DO1002227317,NO150928,BCENTRAL/11 BOEST 20280915 GTIA,2010000,DOP,201,-1.6176,103.166385,07/08/2026,03:34:04 PM,PRESTAMO,SEGUNDA PARTE,ROTC,14/09/2026,CONFIRMADA,3269430,0,15/09/2023,15/09/2028,5.044586,BANCO CENTRAL DE LA REPUBLICA DOMINICANA,BCENTRAL,61663
DO1002227317,NO150928,BCENTRAL/11 BOEST 20280915 GTIA,2010000,DOP,201,9.2953,103.156231,07/08/2026,03:34:04 PM,PRESTAMO,PRIMERA PARTE,ROTC,12/08/2026,CONFIRMADA,3269430,0,15/09/2023,15/09/2028,5.044586,BANCO CENTRAL DE LA REPUBLICA DOMINICANA,BCENTRAL,61362
DO1002227317,NO150928,BCENTRAL/11 BOEST 20280915 GTIA,2010000,DOP,201,-1.6176,103.166385,07/08/2026,03:34:03 PM,PLAZO,PRIMERA PARTE,ROTC,14/09/2026,CONFIRMADA,3269431,0,15/09/2023,15/09/2028,0,BANCO CENTRAL DE LA REPUBLICA DOMINICANA,BCENTRAL,60116
DO2016300124,BC1GUL01,GULFSTREAM/11.25 BO 20290528,57440,DOP,57440,11.24731727,99.999819,07/08/2026,03:34:02 PM,CONTADO,PRIMERA PARTE,ROTC,10/08/2026,CONFIRMADA,3269433,0,28/05/2019,28/05/2029,0,GULFSTREAM PETROLEUM DOMINICANA S DE RL,GULFSTREAM,61152
DO2016300124,BC1GUL01,GULFSTREAM/11.25 BO 20290528,57440,DOP,57440,11.24731727,99.999819,07/08/2026,03:34:01 PM,CONTADO,PRIMERA PARTE,ROTC,10/08/2026,CONFIRMADA,3269434,0,28/05/2019,28/05/2029,0,GULFSTREAM PETROLEUM DOMINICANA S DE RL,GULFSTREAM,61145
USP3579ECF27,BSRD2030,DOMINICAN REP/4.5 BD 20300130 UNS,1000,USD,1,4.5389,99.875,07/08/2026,03:34:00 PM,CONTADO,PRIMERA PARTE,ROTC,10/08/2026,CONFIRMADA,3269436,0,30/01/2020,30/01/2030,0,MINISTERIO DE HACIENDA,HACIENDA,59325
USP3579ECF27,BSRD2030,DOMINICAN REP/4.5 BD 20300130 UNS,1000,USD,1,4.5499,99.85,07/08/2026,03:33:59 PM,PRESTAMO,SEGUNDA PARTE,ROTC,07/12/2026,CONFIRMADA,3269437,0,30/01/2020,30/01/2030,1.540843,MINISTERIO DE HACIENDA,HACIENDA,59682
USP3579ECF27,BSRD2030,DOMINICAN REP/4.5 BD 20300130 UNS,1000,USD,1,4.5389,99.875,07/08/2026,03:33:59 PM,PRESTAMO,PRIMERA PARTE,ROTC,10/08/2026,CONFIRMADA,3269437,0,30/01/2020,30/01/2030,1.540843,MINISTERIO DE HACIENDA,HACIENDA,60109
USP3579ECF27,BSRD2030,DOMINICAN REP/4.5 BD 20300130 UNS,1000,USD,1,4.5499,99.85,07/08/2026,03:33:57 PM,PLAZO,PRIMERA PARTE,ROTC,07/12/2026,CONFIRMADA,3269438,0,30/01/2020,30/01/2030,0,MINISTERIO DE HACIENDA,HACIENDA,58128
USP3579EBV85,BSDR2027,DOMINICAN Rep/5.95 BD 20270125 Se,5000,USD,5,5.8359,100.0466,07/08/2026,03:33:57 PM,CONTADO,PRIMERA PARTE,ROTC,12/08/2026,CONFIRMADA,3269439,0,25/01/2017,25/01/2027,0,MINISTERIO DE HACIENDA,HACIENDA,60669
USP3579EBV85,BSDR2027,DOMINICAN Rep/5.95 BD 20270125 Se,5000,USD,5,6.4622,99.8056,07/08/2026,03:33:56 PM,PRESTAMO,SEGUNDA PARTE,ROTC,11/09/2026,CONFIRMADA,3269440,0,25/01/2017,25/01/2027,0.516279,MINISTERIO DE HACIENDA,HACIENDA,61026
USP3579EBV85,BSDR2027,DOMINICAN Rep/5.95 BD 20270125 Se,5000,USD,5,5.8359,100.0466,07/08/2026,03:33:56 PM,PRESTAMO,PRIMERA PARTE,ROTC,12/08/2026,CONFIRMADA,3269440,0,25/01/2017,25/01/2027,0.516279,MINISTERIO DE HACIENDA,HACIENDA,61355
USP3579EBV85,BSDR2027,DOMINICAN Rep/5.95 BD 20270125 Se,5000,USD,5,6.4622,99.8056,07/08/2026,03:33:55 PM,PLAZO,PRIMERA PARTE,ROTC,11/09/2026,CONFIRMADA,3269441,0,25/01/2017,25/01/2027,0,MINISTERIO DE HACIENDA,HACIENDA,59479
DO1002228612,NO031227,BCENTRAL/8 BOEST 20271203 GTIA,2250000,DOP,225,0,99.778241,07/08/2026,03:33:54 PM,PLAZO,PRIMERA PARTE,ROTC,12/03/2027,CONFIRMADA,3269442,0,03/12/2024,03/12/2027,0,BANCO CENTRAL DE LA REPUBLICA DOMINICANA,BCENTRAL,57379
DO1002228612,NO031227,BCENTRAL/8 BOEST 20271203 GTIA,2250000,DOP,225,4,100.188219,07/08/2026,03:33:53 PM,PRESTAMO,SEGUNDA PARTE,ROTC,02/06/2027,CONFIRMADA,3269443,0,03/12/2024,03/12/2027,4.212497,BANCO CENTRAL DE LA REPUBLICA DOMINICANA,BCENTRAL,59171
DO1002228612,NO031227,BCENTRAL/8 BOEST 20271203 GTIA,2250000,DOP,225,0,99.778241,07/08/2026,03:33:53 PM,PRESTAMO,PRIMERA PARTE,ROTC,12/03/2027,CONFIRMADA,3269443,0,03/12/2024,03/12/2027,4.212497,BANCO CENTRAL DE LA REPUBLICA DOMINICANA,BCENTRAL,58975
DO1002228612,NO031227,BCENTRAL/8 BOEST 20271203 GTIA,2250000,DOP,225,4,100.188219,07/08/2026,03:33:52 PM,PLAZO,PRIMERA PARTE,ROTC,02/06/2027,CONFIRMADA,3269444,0,03/12/2024,03/12/2027,0,BANCO CENTRAL DE LA REPUBLICA DOMINICANA,BCENTRAL,57624
DO1002227317,NO150928,BCENTRAL/11 BOEST 20280915 GTIA,2230000,DOP,223,0,102.768888,07/08/2026,03:33:51 PM,PLAZO,PRIMERA PARTE,ROTC,02/06/2027,CONFIRMADA,3269445,0,15/09/2023,15/09/2028,0,BANCO CENTRAL DE LA REPUBLICA DOMINICANA,BCENTRAL,58128
DO1002227317,NO150928,BCENTRAL/11 BOEST 20280915 GTIA,2230000,DOP,223,4,102.595234,07/08/2026,03:33:50 PM,PRESTAMO,SEGUNDA PARTE,ROTC,06/08/2027,CONFIRMADA,3269446,0,15/09/2023,15/09/2028,3.864088,BANCO CENTRAL DE LA REPUBLICA DOMINICANA,BCENTRAL,59612
DO1002227317,NO150928,BCENTRAL/11 BOEST 20280915 GTIA,2230000,DOP,223,0,102.768888,07/08/2026,03:33:50 PM,PRESTAMO,PRIMERA PARTE,ROTC,02/06/2027,CONFIRMADA,3269446,0,15/09/2023,15/09/2028,3.864088,BANCO CENTRAL DE LA REPUBLICA DOMINICANA,BCENTRAL,59724
DO1002227317,NO150928,BCENTRAL/11 BOEST 20280915 GTIA,2230000,DOP,223,4,102.595234,07/08/2026,03:33:49 PM,PLAZO,PRIMERA PARTE,ROTC,06/08/2027,CONFIRMADA,3269447,0,15/09/2023,15/09/2028,0,BANCO CENTRAL DE LA REPUBLICA DOMINICANA,BCENTRAL,58128
DO1002228612,NO031227,BCENTRAL/8 BOEST 20271203 GTIA,4130000,DOP,413,0,99.943681,07/08/2026,03:33:49 PM,PLAZO,PRIMERA PARTE,ROTC,12/03/2027,CONFIRMADA,3269448,0,03/12/2024,03/12/2027,0,BANCO CENTRAL DE LA REPUBLICA DOMINICANA,BCENTRAL,57407
DO1002228612,NO031227,BCENTRAL/8 BOEST 20271203 GTIA,4130000,DOP,413,4,100.149016,07/08/2026,03:33:48 PM,PRESTAMO,SEGUNDA PARTE,ROTC,02/06/2027,CONFIRMADA,3269449,0,03/12/2024,03/12/2027,4.017551,BANCO CENTRAL DE LA REPUBLICA DOMINICANA,BCENTRAL,59129
DO1002228612,NO031227,BCENTRAL/8 BOEST 20271203 GTIA,4130000,DOP,413,0,99.943681,07/08/2026,03:33:48 PM,PRESTAMO,PRIMERA PARTE,ROTC,12/03/2027,CONFIRMADA,3269449,0,03/12/2024,03/12/2027,4.017551,BANCO CENTRAL DE LA REPUBLICA DOMINICANA,BCENTRAL,59003
DO1002228612,NO031227,BCENTRAL/8 BOEST 20271203 GTIA,4130000,DOP,413,4,100.149016,07/08/2026,03:33:47 PM,PLAZO,PRIMERA PARTE,ROTC,02/06/2027,CONFIRMADA,3269450,0,03/12/2024,03/12/2027,0,BANCO CENTRAL DE LA REPUBLICA DOMINICANA,BCENTRAL,57582
DO1002227317,NO150928,BCENTRAL/11 BOEST 20280915 GTIA,4090000,DOP,409,0,102.814056,07/08/2026,03:33:46 PM,PLAZO,PRIMERA PARTE,ROTC,02/06/2027,CONFIRMADA,3269451,0,15/09/2023,15/09/2028,0,BANCO CENTRAL DE LA REPUBLICA DOMINICANA,BCENTRAL,58093
DO1002227317,NO150928,BCENTRAL/11 BOEST 20280915 GTIA,4090000,DOP,409,4,102.478021,07/08/2026,03:33:45 PM,PRESTAMO,SEGUNDA PARTE,ROTC,06/08/2027,CONFIRMADA,3269452,0,15/09/2023,15/09/2028,3.716263,BANCO CENTRAL DE LA REPUBLICA DOMINICANA,BCENTRAL,59682
DO1002227317,NO150928,BCENTRAL/11 BOEST 20280915 GTIA,4090000,DOP,409,0,102.814056,07/08/2026,03:33:45 PM,PRESTAMO,PRIMERA PARTE,ROTC,02/06/2027,CONFIRMADA,3269452,0,15/09/2023,15/09/2028,3.716263,BANCO CENTRAL DE LA REPUBLICA DOMINICANA,BCENTRAL,59689
DO1002227317,NO150928,BCENTRAL/11 BOEST 20280915 GTIA,4090000,DOP,409,4,102.478021,07/08/2026,03:33:44 PM,PLAZO,PRIMERA PARTE,ROTC,06/08/2027,CONFIRMADA,3269453,0,15/09/2023,15/09/2028,0,BANCO CENTRAL DE LA REPUBLICA DOMINICANA,BCENTRAL,58135
DO1002228612,NO031227,BCENTRAL/8 BOEST 20271203 GTIA,2140000,DOP,214,0,99.798225,07/08/2026,03:33:43 PM,PLAZO,PRIMERA PARTE,ROTC,14/09/2026,CONFIRMADA,3269454,0,03/12/2024,03/12/2027,0,BANCO CENTRAL DE LA REPUBLICA DOMINICANA,BCENTRAL,57414
DO1002228612,NO031227,BCENTRAL/8 BOEST 20271203 GTIA,2140000,DOP,214,4,100.312242,07/08/2026,03:33:42 PM,PRESTAMO,SEGUNDA PARTE,ROTC,02/12/2026,CONFIRMADA,3269455,0,03/12/2024,03/12/2027,4.307356,BANCO CENTRAL DE LA REPUBLICA DOMINICANA,BCENTRAL,58996
DO1002228612,NO031227,BCENTRAL/8 BOEST 20271203 GTIA,2140000,DOP,214,0,99.798225,07/08/2026,03:33:42 PM,PRESTAMO,PRIMERA PARTE,ROTC,14/09/2026,CONFIRMADA,3269455,0,03/12/2024,03/12/2027,4.307356,BANCO CENTRAL DE LA REPUBLICA DOMINICANA,BCENTRAL,59010
DO1002228612,NO031227,BCENTRAL/8 BOEST 20271203 GTIA,2140000,DOP,214,4,100.312242,07/08/2026,03:33:41 PM,PLAZO,PRIMERA PARTE,ROTC,02/12/2026,CONFIRMADA,3269456,0,03/12/2024,03/12/2027,0,BANCO CENTRAL DE LA REPUBLICA DOMINICANA,BCENTRAL,57449
DO1002227317,NO150928,BCENTRAL/11 BOEST 20280915 GTIA,2120000,DOP,212,0,102.934324,07/08/2026,03:33:41 PM,PLAZO,PRIMERA PARTE,ROTC,02/12/2026,CONFIRMADA,3269457,0,15/09/2023,15/09/2028,0,BANCO CENTRAL DE LA REPUBLICA DOMINICANA,BCENTRAL,57925
DO1002227317,NO150928,BCENTRAL/11 BOEST 20280915 GTIA,2120000,DOP,212,4,102.758855,07/08/2026,03:33:40 PM,PRESTAMO,SEGUNDA PARTE,ROTC,12/03/2027,CONFIRMADA,3269458,0,15/09/2023,15/09/2028,4.838201,BANCO CENTRAL DE LA REPUBLICA DOMINICANA,BCENTRAL,59591
DO1002227317,NO150928,BCENTRAL/11 BOEST 20280915 GTIA,2120000,DOP,212,0,102.934324,07/08/2026,03:33:40 PM,PRESTAMO,PRIMERA PARTE,ROTC,02/12/2026,CONFIRMADA,3269458,0,15/09/2023,15/09/2028,4.838201,BANCO CENTRAL DE LA REPUBLICA DOMINICANA,BCENTRAL,59521
DO1002227317,NO150928,BCENTRAL/11 BOEST 20280915 GTIA,2120000,DOP,212,4,102.758855,07/08/2026,03:33:39 PM,PLAZO,PRIMERA PARTE,ROTC,12/03/2027,CONFIRMADA,3269459,0,15/09/2023,15/09/2028,0,BANCO CENTRAL DE LA REPUBLICA DOMINICANA,BCENTRAL,58107
DO1002223928,NO120227,BCENTRAL/8 BOEST 20270212 GTIA,12050000,DOP,1205,0,99.797132,07/08/2026,03:33:38 PM,PLAZO,PRIMERA PARTE,ROTC,14/09/2026,CONFIRMADA,3269460,0,12/02/2022,12/02/2027,0,BANCO CENTRAL DE LA REPUBLICA DOMINICANA,BCENTRAL,58121
DO1002223928,NO120227,BCENTRAL/8 BOEST 20270212 GTIA,12050000,DOP,1205,4,100.431012,07/08/2026,03:33:37 PM,PRESTAMO,SEGUNDA PARTE,ROTC,05/02/2027,CONFIRMADA,3269461,0,12/02/2022,12/02/2027,4.29781,BANCO CENTRAL DE LA REPUBLICA DOMINICANA,BCENTRAL,59731
DO1002223928,NO120227,BCENTRAL/8 BOEST 20270212 GTIA,12050000,DOP,1205,0,99.797132,07/08/2026,03:33:37 PM,PRESTAMO,PRIMERA PARTE,ROTC,14/09/2026,CONFIRMADA,3269461,0,12/02/2022,12/02/2027,4.29781,BANCO CENTRAL DE LA REPUBLICA DOMINICANA,BCENTRAL,59717
DO1002223928,NO120227,BCENTRAL/8 BOEST 20270212 GTIA,12050000,DOP,1205,4,100.431012,07/08/2026,03:33:36 PM,PLAZO,PRIMERA PARTE,ROTC,05/02/2027,CONFIRMADA,3269462,0,12/02/2022,12/02/2027,0,BANCO CENTRAL DE LA REPUBLICA DOMINICANA,BCENTRAL,58184
DO1002228612,NO031227,BCENTRAL/8 BOEST 20271203 GTIA,3950000,DOP,395,0,99.871714,07/08/2026,03:33:36 PM,PLAZO,PRIMERA PARTE,ROTC,14/09/2026,CONFIRMADA,3269463,0,03/12/2024,03/12/2027,0,BANCO CENTRAL DE LA REPUBLICA DOMINICANA,BCENTRAL,57533
DO1002228612,NO031227,BCENTRAL/8 BOEST 20271203 GTIA,3950000,DOP,395,4,100.16716,07/08/2026,03:33:35 PM,PRESTAMO,SEGUNDA PARTE,ROTC,02/12/2026,CONFIRMADA,3269464,0,03/12/2024,03/12/2027,4.103486,BANCO CENTRAL DE LA REPUBLICA DOMINICANA,BCENTRAL,58863
DO1002228612,NO031227,BCENTRAL/8 BOEST 20271203 GTIA,3950000,DOP,395,0,99.871714,07/08/2026,03:33:35 PM,PRESTAMO,PRIMERA PARTE,ROTC,14/09/2026,CONFIRMADA,3269464,0,03/12/2024,03/12/2027,4.103486,BANCO CENTRAL DE LA REPUBLICA DOMINICANA,BCENTRAL,59129
DO1002228612,NO031227,BCENTRAL/8 BOEST 20271203 GTIA,3950000,DOP,395,4,100.16716,07/08/2026,03:33:34 PM,PLAZO,PRIMERA PARTE,ROTC,02/12/2026,CONFIRMADA,3269465,0,03/12/2024,03/12/2027,0,BANCO CENTRAL DE LA REPUBLICA DOMINICANA,BCENTRAL,57316
DO1002227317,NO150928,BCENTRAL/11 BOEST 20280915 GTIA,3920000,DOP,392,0,102.602397,07/08/2026,03:33:33 PM,PLAZO,PRIMERA PARTE,ROTC,02/12/2026,CONFIRMADA,3269466,0,15/09/2023,15/09/2028,0,BANCO CENTRAL DE LA REPUBLICA DOMINICANA,BCENTRAL,58072
DO1002227317,NO150928,BCENTRAL/11 BOEST 20280915 GTIA,3920000,DOP,392,4,102.143088,07/08/2026,03:33:32 PM,PRESTAMO,SEGUNDA PARTE,ROTC,12/03/2027,CONFIRMADA,3269467,0,15/09/2023,15/09/2028,4.601992,BANCO CENTRAL DE LA REPUBLICA DOMINICANA,BCENTRAL,59626
DO1002227317,NO150928,BCENTRAL/11 BOEST 20280915 GTIA,3920000,DOP,392,0,102.602397,07/08/2026,03:33:32 PM,PRESTAMO,PRIMERA PARTE,ROTC,02/12/2026,CONFIRMADA,3269467,0,15/09/2023,15/09/2028,4.601992,BANCO CENTRAL DE LA REPUBLICA DOMINICANA,BCENTRAL,59668
DO1002227317,NO150928,BCENTRAL/11 BOEST 20280915 GTIA,3920000,DOP,392,4,102.143088,07/08/2026,03:33:31 PM,PLAZO,PRIMERA PARTE,ROTC,12/03/2027,CONFIRMADA,3269468,0,15/09/2023,15/09/2028,0,BANCO CENTRAL DE LA REPUBLICA DOMINICANA,BCENTRAL,58079
USP3579ECF27,BSRD2030,DOMINICAN REP/4.5 BD 20300130 UNS,4000,USD,4,3.8674,102.03425,07/08/2026,03:33:30 PM,CONTADO,PRIMERA PARTE,ROTC,11/08/2026,CONFIRMADA,3269474,0,30/01/2020,30/01/2030,0,MINISTERIO DE HACIENDA,HACIENDA,60242
USP3579ECF27,BSRD2030,DOMINICAN REP/4.5 BD 20300130 UNS,4000,USD,4,1.5923,102.288,07/08/2026,03:33:29 PM,PRESTAMO,SEGUNDA PARTE,ROTC,29/01/2027,CONFIRMADA,3269475,0,30/01/2020,30/01/2030,2.38339,MINISTERIO DE HACIENDA,HACIENDA,60249
USP3579ECF27,BSRD2030,DOMINICAN REP/4.5 BD 20300130 UNS,4000,USD,4,3.8674,102.03425,07/08/2026,03:33:29 PM,PRESTAMO,PRIMERA PARTE,ROTC,11/08/2026,CONFIRMADA,3269475,0,30/01/2020,30/01/2030,2.38339,MINISTERIO DE HACIENDA,HACIENDA,60991
USP3579ECF27,BSRD2030,DOMINICAN REP/4.5 BD 20300130 UNS,4000,USD,4,1.5923,102.288,07/08/2026,03:33:28 PM,PLAZO,PRIMERA PARTE,ROTC,29/01/2027,CONFIRMADA,3269476,0,30/01/2020,30/01/2030,0,MINISTERIO DE HACIENDA,HACIENDA,58702
DO1002227317,NO150928,BCENTRAL/11 BOEST 20280915 GTIA,100000,DOP,10,9.643,102.50234,07/08/2026,03:33:27 PM,CONTADO,PRIMERA PARTE,ROTC,10/08/2026,CONFIRMADA,3269477,0,15/09/2023,15/09/2028,0,BANCO CENTRAL DE LA REPUBLICA DOMINICANA,BCENTRAL,59234
DO1002227317,NO150928,BCENTRAL/11 BOEST 20280915 GTIA,100000,DOP,10,5.986,102.42813,07/08/2026,03:33:26 PM,PRESTAMO,SEGUNDA PARTE,ROTC,14/09/2026,CONFIRMADA,3269478,0,15/09/2023,15/09/2028,5.000916,BANCO CENTRAL DE LA REPUBLICA DOMINICANA,BCENTRAL,59962
DO1002227317,NO150928,BCENTRAL/11 BOEST 20280915 GTIA,100000,DOP,10,9.643,102.50234,07/08/2026,03:33:26 PM,PRESTAMO,PRIMERA PARTE,ROTC,10/08/2026,CONFIRMADA,3269478,0,15/09/2023,15/09/2028,5.000916,BANCO CENTRAL DE LA REPUBLICA DOMINICANA,BCENTRAL,59920
DO1002227317,NO150928,BCENTRAL/11 BOEST 20280915 GTIA,100000,DOP,10,5.986,102.42813,07/08/2026,03:33:25 PM,PLAZO,PRIMERA PARTE,ROTC,14/09/2026,CONFIRMADA,3269479,0,15/09/2023,15/09/2028,0,BANCO CENTRAL DE LA REPUBLICA DOMINICANA,BCENTRAL,58415
USP3579EBV85,BSDR2027,DOMINICAN Rep/5.95 BD 20270125 Se,209000,USD,209,4.5746,100.614292,07/08/2026,03:33:24 PM,CONTADO,PRIMERA PARTE,ROTC,10/08/2026,CONFIRMADA,3269480,0,25/01/2017,25/01/2027,0,MINISTERIO DE HACIENDA,HACIENDA,62741
USP3579EBV85,BSDR2027,DOMINICAN Rep/5.95 BD 20270125 Se,209000,USD,209,4.9117,100.126517,07/08/2026,03:33:23 PM,PRESTAMO,SEGUNDA PARTE,ROTC,08/12/2026,CONFIRMADA,3269481,0,25/01/2017,25/01/2027,1.671562,MINISTERIO DE HACIENDA,HACIENDA,63336
USP3579EBV85,BSDR2027,DOMINICAN Rep/5.95 BD 20270125 Se,209000,USD,209,4.5746,100.614292,07/08/2026,03:33:23 PM,PRESTAMO,PRIMERA PARTE,ROTC,10/08/2026,CONFIRMADA,3269481,0,25/01/2017,25/01/2027,1.671562,MINISTERIO DE HACIENDA,HACIENDA,63427
USP3579EBV85,BSDR2027,DOMINICAN Rep/5.95 BD 20270125 Se,209000,USD,209,4.9117,100.126517,07/08/2026,03:33:22 PM,PLAZO,PRIMERA PARTE,ROTC,08/12/2026,CONFIRMADA,3269482,0,25/01/2017,25/01/2027,0,MINISTERIO DE HACIENDA,HACIENDA,61789
USP3579EBV85,BSDR2027,DOMINICAN Rep/5.95 BD 20270125 Se,3000,USD,3,-5.6191,105.386,07/08/2026,03:33:21 PM,CONTADO,PRIMERA PARTE,ROTC,12/08/2026,CONFIRMADA,3269483,0,25/01/2017,25/01/2027,0,MINISTERIO DE HACIENDA,HACIENDA,60543
USP3579EBV85,BSDR2027,DOMINICAN Rep/5.95 BD 20270125 Se,3000,USD,3,-7.5899,105.223667,07/08/2026,03:33:20 PM,PRESTAMO,SEGUNDA PARTE,ROTC,11/09/2026,CONFIRMADA,3269484,0,25/01/2017,25/01/2027,0.564236,MINISTERIO DE HACIENDA,HACIENDA,62349
USP3579EBV85,BSDR2027,DOMINICAN Rep/5.95 BD 20270125 Se,3000,USD,3,-5.6191,105.386,07/08/2026,03:33:20 PM,PRESTAMO,PRIMERA PARTE,ROTC,12/08/2026,CONFIRMADA,3269484,0,25/01/2017,25/01/2027,0.564236,MINISTERIO DE HACIENDA,HACIENDA,61229
USP3579EBV85,BSDR2027,DOMINICAN Rep/5.95 BD 20270125 Se,3000,USD,3,-7.5899,105.223667,07/08/2026,03:33:19 PM,PLAZO,PRIMERA PARTE,ROTC,11/09/2026,CONFIRMADA,3269485,0,25/01/2017,25/01/2027,0,MINISTERIO DE HACIENDA,HACIENDA,60865
DO1002227317,NO150928,BCENTRAL/11 BOEST 20280915 GTIA,530000,DOP,53,9.0327,103.6576,07/08/2026,03:33:19 PM,CONTADO,PRIMERA PARTE,ROTC,12/08/2026,CONFIRMADA,3269486,0,15/09/2023,15/09/2028,0,BANCO CENTRAL DE LA REPUBLICA DOMINICANA,BCENTRAL,59423
DO1002227317,NO150928,BCENTRAL/11 BOEST 20280915 GTIA,530000,DOP,53,5.5421,103.498917,07/08/2026,03:33:17 PM,PRESTAMO,SEGUNDA PARTE,ROTC,14/09/2026,CONFIRMADA,3269487,0,15/09/2023,15/09/2028,4.874253,BANCO CENTRAL DE LA REPUBLICA DOMINICANA,BCENTRAL,60802
DO1002227317,NO150928,BCENTRAL/11 BOEST 20280915 GTIA,530000,DOP,53,9.0327,103.6576,07/08/2026,03:33:17 PM,PRESTAMO,PRIMERA PARTE,ROTC,12/08/2026,CONFIRMADA,3269487,0,15/09/2023,15/09/2028,4.874253,BANCO CENTRAL DE LA REPUBLICA DOMINICANA,BCENTRAL,60102
DO1002227317,NO150928,BCENTRAL/11 BOEST 20280915 GTIA,530000,DOP,53,5.5421,103.498917,07/08/2026,03:33:16 PM,PLAZO,PRIMERA PARTE,ROTC,14/09/2026,CONFIRMADA,3269488,0,15/09/2023,15/09/2028,0,BANCO CENTRAL DE LA REPUBLICA DOMINICANA,BCENTRAL,59255
USP3579ECP09,BSRD2029, ,4000,USD,4,0,102.1925,07/08/2026,03:33:16 PM,PLAZO,PRIMERA PARTE,ROTC,29/01/2027,CONFIRMADA,3269489,0,22/02/2022,22/02/2029,0,MINISTERIO DE HACIENDA,HACIENDA,43638
USP3579ECP09,BSRD2029, ,4000,USD,4,5,102.17575,07/08/2026,03:33:15 PM,PRESTAMO,SEGUNDA PARTE,ROTC,19/02/2027,CONFIRMADA,3269490,0,22/02/2022,22/02/2029,2.562452,MINISTERIO DE HACIENDA,HACIENDA,45598
USP3579ECP09,BSRD2029, ,4000,USD,4,0,102.1925,07/08/2026,03:33:15 PM,PRESTAMO,PRIMERA PARTE,ROTC,29/01/2027,CONFIRMADA,3269490,0,22/02/2022,22/02/2029,2.562452,MINISTERIO DE HACIENDA,HACIENDA,45234
USP3579ECP09,BSRD2029, ,4000,USD,4,5,102.17575,07/08/2026,03:33:14 PM,PLAZO,PRIMERA PARTE,ROTC,19/02/2027,CONFIRMADA,3269491,0,22/02/2022,22/02/2029,0,MINISTERIO DE HACIENDA,HACIENDA,44051
USP3579ECF27,BSRD2030,DOMINICAN REP/4.5 BD 20300130 UNS,4000,USD,4,0,104.6505,07/08/2026,03:33:13 PM,PLAZO,PRIMERA PARTE,ROTC,19/02/2027,CONFIRMADA,3269492,0,30/01/2020,30/01/2030,0,MINISTERIO DE HACIENDA,HACIENDA,57190
USP3579ECF27,BSRD2030,DOMINICAN REP/4.5 BD 20300130 UNS,4000,USD,4,5,104.853,07/08/2026,03:33:12 PM,PRESTAMO,SEGUNDA PARTE,ROTC,29/07/2027,CONFIRMADA,3269493,0,30/01/2020,30/01/2030,2.278447,MINISTERIO DE HACIENDA,HACIENDA,58464
USP3579ECF27,BSRD2030,DOMINICAN REP/4.5 BD 20300130 UNS,4000,USD,4,0,104.6505,07/08/2026,03:33:12 PM,PRESTAMO,PRIMERA PARTE,ROTC,19/02/2027,CONFIRMADA,3269493,0,30/01/2020,30/01/2030,2.278447,MINISTERIO DE HACIENDA,HACIENDA,58786
USP3579ECF27,BSRD2030,DOMINICAN REP/4.5 BD 20300130 UNS,4000,USD,4,5,104.853,07/08/2026,03:33:11 PM,PLAZO,PRIMERA PARTE,ROTC,29/07/2027,CONFIRMADA,3269494,0,30/01/2020,30/01/2030,0,MINISTERIO DE HACIENDA,HACIENDA,56917
USP3579ECP09,BSRD2029, ,4000,USD,4,0,104.75325,07/08/2026,03:33:10 PM,PLAZO,PRIMERA PARTE,ROTC,29/07/2027,CONFIRMADA,3269495,0,22/02/2022,22/02/2029,0,MINISTERIO DE HACIENDA,HACIENDA,44023
USP3579ECP09,BSRD2029, ,4000,USD,4,5,104.75625,07/08/2026,03:33:09 PM,PRESTAMO,SEGUNDA PARTE,ROTC,06/08/2027,CONFIRMADA,3269496,0,22/02/2022,22/02/2029,2.338672,MINISTERIO DE HACIENDA,HACIENDA,45647
USP3579ECP09,BSRD2029, ,4000,USD,4,0,104.75325,07/08/2026,03:33:09 PM,PRESTAMO,PRIMERA PARTE,ROTC,29/07/2027,CONFIRMADA,3269496,0,22/02/2022,22/02/2029,2.338672,MINISTERIO DE HACIENDA,HACIENDA,45682
USP3579ECP09,BSRD2029, ,4000,USD,4,5,104.75625,07/08/2026,03:33:08 PM,PLAZO,PRIMERA PARTE,ROTC,06/08/2027,CONFIRMADA,3269497,0,22/02/2022,22/02/2029,0,MINISTERIO DE HACIENDA,HACIENDA,44100
DO1002223928,NO120227,BCENTRAL/8 BOEST 20270212 GTIA,110000,DOP,11,0,97.384673,07/08/2026,03:33:07 PM,PLAZO,PRIMERA PARTE,ROTC,14/09/2026,CONFIRMADA,3269498,0,12/02/2022,12/02/2027,0,BANCO CENTRAL DE LA REPUBLICA DOMINICANA,BCENTRAL,56665
DO1002223928,NO120227,BCENTRAL/8 BOEST 20270212 GTIA,110000,DOP,11,5,97.889727,07/08/2026,03:33:06 PM,PRESTAMO,SEGUNDA PARTE,ROTC,05/02/2027,CONFIRMADA,3269499,0,12/02/2022,12/02/2027,4.27854,BANCO CENTRAL DE LA REPUBLICA DOMINICANA,BCENTRAL,58261
DO1002223928,NO120227,BCENTRAL/8 BOEST 20270212 GTIA,110000,DOP,11,0,97.384673,07/08/2026,03:33:06 PM,PRESTAMO,PRIMERA PARTE,ROTC,14/09/2026,CONFIRMADA,3269499,0,12/02/2022,12/02/2027,4.27854,BANCO CENTRAL DE LA REPUBLICA DOMINICANA,BCENTRAL,58261
DO1002223928,NO120227,BCENTRAL/8 BOEST 20270212 GTIA,110000,DOP,11,5,97.889727,07/08/2026,03:33:05 PM,PLAZO,PRIMERA PARTE,ROTC,05/02/2027,CONFIRMADA,3269500,0,12/02/2022,12/02/2027,0,BANCO CENTRAL DE LA REPUBLICA DOMINICANA,BCENTRAL,56714
DO1002223928,NO120227,BCENTRAL/8 BOEST 20270212 GTIA,570000,DOP,57,0,100.61713,07/08/2026,03:33:05 PM,PLAZO,PRIMERA PARTE,ROTC,14/09/2026,CONFIRMADA,3269501,0,12/02/2022,12/02/2027,0,BANCO CENTRAL DE LA REPUBLICA DOMINICANA,BCENTRAL,56595
DO1002223928,NO120227,BCENTRAL/8 BOEST 20270212 GTIA,570000,DOP,57,5,100.849896,07/08/2026,03:33:04 PM,PRESTAMO,SEGUNDA PARTE,ROTC,08/02/2027,CONFIRMADA,3269502,0,12/02/2022,12/02/2027,3.957325,BANCO CENTRAL DE LA REPUBLICA DOMINICANA,BCENTRAL,58660
DO1002223928,NO120227,BCENTRAL/8 BOEST 20270212 GTIA,570000,DOP,57,0,100.61713,07/08/2026,03:33:04 PM,PRESTAMO,PRIMERA PARTE,ROTC,14/09/2026,CONFIRMADA,3269502,0,12/02/2022,12/02/2027,3.957325,BANCO CENTRAL DE LA REPUBLICA DOMINICANA,BCENTRAL,58191
DO1002223928,NO120227,BCENTRAL/8 BOEST 20270212 GTIA,570000,DOP,57,5,100.849896,07/08/2026,03:33:03 PM,PLAZO,PRIMERA PARTE,ROTC,08/02/2027,CONFIRMADA,3269503,0,12/02/2022,12/02/2027,0,BANCO CENTRAL DE LA REPUBLICA DOMINICANA,BCENTRAL,57113
DO1002228612,NO031227,BCENTRAL/8 BOEST 20271203 GTIA,590000,DOP,59,7.8153,100.208576,07/08/2026,03:33:02 PM,CONTADO,PRIMERA PARTE,ROTC,10/08/2026,CONFIRMADA,3269504,0,03/12/2024,03/12/2027,0,BANCO CENTRAL DE LA REPUBLICA DOMINICANA,BCENTRAL,59696
DO1002228612,NO031227,BCENTRAL/8 BOEST 20271203 GTIA,590000,DOP,59,7.7579,100.260466,07/08/2026,03:33:00 PM,PRESTAMO,SEGUNDA PARTE,ROTC,09/09/2026,CONFIRMADA,3269505,0,03/12/2024,03/12/2027,2.142492,BANCO CENTRAL DE LA REPUBLICA DOMINICANA,BCENTRAL,60424
DO1002228612,NO031227,BCENTRAL/8 BOEST 20271203 GTIA,590000,DOP,59,7.8153,100.208576,07/08/2026,03:33:00 PM,PRESTAMO,PRIMERA PARTE,ROTC,10/08/2026,CONFIRMADA,3269505,0,03/12/2024,03/12/2027,2.142492,BANCO CENTRAL DE LA REPUBLICA DOMINICANA,BCENTRAL,60375
DO1002228612,NO031227,BCENTRAL/8 BOEST 20271203 GTIA,590000,DOP,59,7.7579,100.260466,07/08/2026,03:32:59 PM,PLAZO,PRIMERA PARTE,ROTC,09/09/2026,CONFIRMADA,3269506,0,03/12/2024,03/12/2027,0,BANCO CENTRAL DE LA REPUBLICA DOMINICANA,BCENTRAL,58975
USP3579ECB13,BSRD2028,"DOMINICAN, REP /6 BD 20280719 REGS",155000,USD,155,5.06212543,101.71,07/08/2026,03:32:58 PM,CONTADO,PRIMERA PARTE,ROTC,10/08/2026,CONFIRMADA,3269514,0,19/07/2018,19/07/2028,0,MINISTERIO DE HACIENDA,HACIENDA,62419
DO1002228612,NO031227,BCENTRAL/8 BOEST 20271203 GTIA,990000,DOP,99,8.3745,99.523763,07/08/2026,03:32:57 PM,CONTADO,PRIMERA PARTE,ROTC,10/08/2026,CONFIRMADA,3269515,0,03/12/2024,03/12/2027,0,BANCO CENTRAL DE LA REPUBLICA DOMINICANA,BCENTRAL,59605
DO1002228612,NO031227,BCENTRAL/8 BOEST 20271203 GTIA,990000,DOP,99,8.1941,99.797345000000007,07/08/2026,03:32:56 PM,PRESTAMO,SEGUNDA PARTE,ROTC,10/11/2026,CONFIRMADA,3269516,0,03/12/2024,03/12/2027,3.650578,BANCO CENTRAL DE LA REPUBLICA DOMINICANA,BCENTRAL,60221
DO1002228612,NO031227,BCENTRAL/8 BOEST 20271203 GTIA,990000,DOP,99,8.3745,99.523763,07/08/2026,03:32:56 PM,PRESTAMO,PRIMERA PARTE,ROTC,10/08/2026,CONFIRMADA,3269516,0,03/12/2024,03/12/2027,3.650578,BANCO CENTRAL DE LA REPUBLICA DOMINICANA,BCENTRAL,60291
DO1002228612,NO031227,BCENTRAL/8 BOEST 20271203 GTIA,990000,DOP,99,8.1941,99.797345000000007,07/08/2026,03:32:55 PM,PLAZO,PRIMERA PARTE,ROTC,10/11/2026,CONFIRMADA,3269517,0,03/12/2024,03/12/2027,0,BANCO CENTRAL DE LA REPUBLICA DOMINICANA,BCENTRAL,58674
USP3579EBV85,BSDR2027,DOMINICAN Rep/5.95 BD 20270125 Se,505000,USD,505,12.6886,97.081428,07/08/2026,03:32:54 PM,CONTADO,PRIMERA PARTE,ROTC,10/08/2026,CONFIRMADA,3269518,0,25/01/2017,25/01/2027,0,MINISTERIO DE HACIENDA,HACIENDA,62874
USP3579EBV85,BSDR2027,DOMINICAN Rep/5.95 BD 20270125 Se,505000,USD,505,14.4801,96.907701,07/08/2026,03:32:53 PM,PRESTAMO,SEGUNDA PARTE,ROTC,07/09/2026,CONFIRMADA,3269519,0,25/01/2017,25/01/2027,0.533227,MINISTERIO DE HACIENDA,HACIENDA,63455
USP3579EBV85,BSDR2027,DOMINICAN Rep/5.95 BD 20270125 Se,505000,USD,505,12.6886,97.081428,07/08/2026,03:32:53 PM,PRESTAMO,PRIMERA PARTE,ROTC,10/08/2026,CONFIRMADA,3269519,0,25/01/2017,25/01/2027,0.533227,MINISTERIO DE HACIENDA,HACIENDA,63560
USP3579EBV85,BSDR2027,DOMINICAN Rep/5.95 BD 20270125 Se,505000,USD,505,14.4801,96.907701,07/08/2026,03:32:52 PM,PLAZO,PRIMERA PARTE,ROTC,07/09/2026,CONFIRMADA,3269520,0,25/01/2017,25/01/2027,0,MINISTERIO DE HACIENDA,HACIENDA,61908
DO2018100324,BC1AES03,AESTRELLA/11.25 BO 20301130,757675,DOP,757675,10.4576,102.673706,07/08/2026,03:31:36 PM,PRESTAMO,SEGUNDA PARTE,ROTC,10/09/2026,CONFIRMADA,3269400,0,30/11/2020,30/11/2030,2.932716,ACERO ESTRELLA S A,AESTRELLA,60564
DO2018100324,BC1AES03,AESTRELLA/11.25 BO 20301130,757675,DOP,757675,11.2503,99.991675,07/08/2026,03:31:36 PM,PRESTAMO,PRIMERA PARTE,ROTC,11/08/2026,CONFIRMADA,3269400,0,30/11/2020,30/11/2030,2.932716,ACERO ESTRELLA S A,AESTRELLA,60375
DO2018100324,BC1AES03,AESTRELLA/11.25 BO 20301130,757675,DOP,757675,10.4576,102.673706,07/08/2026,03:31:35 PM,ESTRUCTURADA,SEGUNDA PARTE,ROTC,10/09/2026,CONFIRMADA,3269399,0,30/11/2020,30/11/2030,9.05,ACERO ESTRELLA S A,AESTRELLA,62657
DO2018100324,BC1AES03,AESTRELLA/11.25 BO 20301130,757675,DOP,757675,11.2503,99.991675,07/08/2026,03:31:35 PM,ESTRUCTURADA,PRIMERA PARTE,ROTC,11/08/2026,CONFIRMADA,3269399,0,30/11/2020,30/11/2030,9.05,ACERO ESTRELLA S A,AESTRELLA,62468
DO2006901311,BC1ITA01,EGEITABO/5.65 BO 20311208,12130,USD,12130,5.3646,101.298104,07/08/2026,03:31:35 PM,ESTRUCTURADA,SEGUNDA PARTE,ROTC,09/09/2026,CONFIRMADA,3269427,0,08/12/2021,08/12/2031,4.05,"EMPRESA GENERADORA DE ELECTRICIDAD ITABO, S.A.",EGEITABO,60459
DO2006901311,BC1ITA01,EGEITABO/5.65 BO 20311208,12130,USD,12130,5.65,99.997577,07/08/2026,03:31:35 PM,ESTRUCTURADA,PRIMERA PARTE,ROTC,10/08/2026,CONFIRMADA,3269427,0,08/12/2021,08/12/2031,4.05,"EMPRESA GENERADORA DE ELECTRICIDAD ITABO, S.A.",EGEITABO,59647
DO2006901311,BC1ITA01,EGEITABO/5.65 BO 20311208,12130,USD,12130,5.3646,101.298104,07/08/2026,03:31:34 PM,PRESTAMO,SEGUNDA PARTE,ROTC,09/09/2026,CONFIRMADA,3269429,0,08/12/2021,08/12/2031,1.298962,"EMPRESA GENERADORA DE ELECTRICIDAD ITABO, S.A.",EGEITABO,58352
DO2006901311,BC1ITA01,EGEITABO/5.65 BO 20311208,12130,USD,12130,5.65,99.997577,07/08/2026,03:31:34 PM,PRESTAMO,PRIMERA PARTE,ROTC,10/08/2026,CONFIRMADA,3269429,0,08/12/2021,08/12/2031,1.298962,"EMPRESA GENERADORA DE ELECTRICIDAD ITABO, S.A.",EGEITABO,57540
DO2018100324,BC1AES03,AESTRELLA/11.25 BO 20301130,9857,DOP,9857,10.4582,102.67343,07/08/2026,03:28:19 PM,ESTRUCTURADA,SEGUNDA PARTE,ROTC,09/09/2026,CONFIRMADA,3269432,0,30/11/2020,30/11/2030,9.05,ACERO ESTRELLA S A,AESTRELLA,60914
DO2018100324,BC1AES03,AESTRELLA/11.25 BO 20301130,9857,DOP,9857,11.2503,99.991675,07/08/2026,03:28:19 PM,ESTRUCTURADA,PRIMERA PARTE,ROTC,10/08/2026,CONFIRMADA,3269432,0,30/11/2020,30/11/2030,9.05,ACERO ESTRELLA S A,AESTRELLA,61061
DO2018100324,BC1AES03,AESTRELLA/11.25 BO 20301130,9857,DOP,9857,10.4582,102.67343,07/08/2026,03:28:18 PM,PRESTAMO,SEGUNDA PARTE,ROTC,09/09/2026,CONFIRMADA,3269435,0,30/11/2020,30/11/2030,2.903394,ACERO ESTRELLA S A,AESTRELLA,58807
DO2018100324,BC1AES03,AESTRELLA/11.25 BO 20301130,9857,DOP,9857,11.2503,99.991675,07/08/2026,03:28:18 PM,PRESTAMO,PRIMERA PARTE,ROTC,10/08/2026,CONFIRMADA,3269435,0,30/11/2020,30/11/2030,2.903394,ACERO ESTRELLA S A,AESTRELLA,58954
DO1005213025,MH22031,HACIENDA/10.25 BOEST 20310209 GTIA,85000000,DOP,850,8.30000007,107.226814,07/08/2026,03:27:29 PM,CONTADO,PRIMERA PARTE,ROTC,11/08/2026,CONFIRMADA,3269280,0,09/02/2024,09/02/2031,0,MINISTERIO DE HACIENDA,HACIENDA,62741
DO1002261829,NO010330,BCENTRAL/9.5 BOEST 20300301 GTIA,25000000,DOP,2500,9.75,99.251015,07/08/2026,03:25:57 PM,CONTADO,PRIMERA PARTE,ROTC,10/08/2026,CONFIRMADA,3267381,0,01/03/2026,01/03/2030,0,BANCO CENTRAL DE LA REPUBLICA DOMINICANA,BCENTRAL,60648
DO1005254128,MH12041,HACIENDA/12 BOEST 20410310 GTIA,102000000,DOP,1020,10.25000011,113.057789,07/08/2026,03:25:52 PM,CONTADO,PRIMERA PARTE,ROTC,11/08/2026,CONFIRMADA,3269279,0,10/03/2026,10/03/2041,0,MINISTERIO DE HACIENDA,HACIENDA,62573
USP3579ECG00,BSRD2060,DOMINICAN REP/5.875 BD 20600130 U,1000,USD,1,6.88,86.907862,07/08/2026,03:25:22 PM,CONTADO,PRIMERA PARTE,ROTC,11/08/2026,CONFIRMADA,3269470,0,30/01/2020,30/01/2060,0,MINISTERIO DE HACIENDA,HACIENDA,59346
USP3579ECG00,BSRD2060,DOMINICAN REP/5.875 BD 20600130 U,1000,USD,1,6.65,89.648046,07/08/2026,03:25:12 PM,CONTADO,PRIMERA PARTE,ROTC,11/08/2026,CONFIRMADA,3269471,0,30/01/2020,30/01/2060,0,MINISTERIO DE HACIENDA,HACIENDA,59297
DO1005211227,MH32029,HACIENDA/12.75 BOEST 20290923 GTIA,5000000,DOP,50,6.5789,116.32673,07/08/2026,03:24:55 PM,PRESTAMO,SEGUNDA PARTE,ROTC,09/10/2026,CONFIRMADA,3269473,0,23/09/2022,23/09/2029,8.45,MINISTERIO DE HACIENDA,HACIENDA,61173
DO1005211227,MH32029,HACIENDA/12.75 BOEST 20290923 GTIA,5000000,DOP,50,8.8647,110.371945,07/08/2026,03:24:55 PM,PRESTAMO,PRIMERA PARTE,ROTC,10/08/2026,CONFIRMADA,3269473,0,23/09/2022,23/09/2029,8.45,MINISTERIO DE HACIENDA,HACIENDA,61565
DO1005211227,MH32029,HACIENDA/12.75 BOEST 20290923 GTIA,5000000,DOP,50,6.5789,116.32673,07/08/2026,03:24:54 PM,ESTRUCTURADA,SEGUNDA PARTE,ROTC,09/10/2026,CONFIRMADA,3269469,0,23/09/2022,23/09/2029,8.45,MINISTERIO DE HACIENDA,HACIENDA,63266
DO1005211227,MH32029,HACIENDA/12.75 BOEST 20290923 GTIA,5000000,DOP,50,8.8647,110.371945,07/08/2026,03:24:54 PM,ESTRUCTURADA,PRIMERA PARTE,ROTC,10/08/2026,CONFIRMADA,3269469,0,23/09/2022,23/09/2029,8.45,MINISTERIO DE HACIENDA,HACIENDA,63658
DO1002261522,NO180130,BCENTRAL/9.5 BOEST 20300118 GTIA,4300000,DOP,430,10.00290553,98.554339,07/08/2026,03:24:45 PM,CONTADO,PRIMERA PARTE,ROTC,10/08/2026,CONFIRMADA,3269472,0,18/01/2026,18/01/2030,0,BANCO CENTRAL DE LA REPUBLICA DOMINICANA,BCENTRAL,62440
DO1002227721,NO111226,BCENTRAL/9 BOEST 20261211 GTIA,1770000,DOP,177,7.49999986,100.46651,07/08/2026,03:21:44 PM,CONTADO,PRIMERA PARTE,ROTC,11/08/2026,CONFIRMADA,3269401,0,11/12/2023,11/12/2026,0,BANCO CENTRAL DE LA REPUBLICA DOMINICANA,BCENTRAL,61677
DO1005205716,MHUS2027,HACIENDA/6 BOEST 20270305 GTIA,25000,USD,25,-15.55333396,107.32572,07/08/2026,03:19:19 PM,PRESTAMO,SEGUNDA PARTE,ROTC,10/11/2026,CONFIRMADA,3269247,0,05/09/2016,05/03/2027,3.669898,MINISTERIO DE HACIENDA,HACIENDA,62006
DO1005205716,MHUS2027,HACIENDA/6 BOEST 20270305 GTIA,25000,USD,25,-1.72920493,104.43208,07/08/2026,03:19:19 PM,PRESTAMO,PRIMERA PARTE,ROTC,10/08/2026,CONFIRMADA,3269247,0,05/09/2016,05/03/2027,3.669898,MINISTERIO DE HACIENDA,HACIENDA,61698
DO1005205716,MHUS2027,HACIENDA/6 BOEST 20270305 GTIA,25000,USD,25,-15.55333396,107.32572,07/08/2026,03:19:18 PM,ESTRUCTURADA,SEGUNDA PARTE,ROTC,10/11/2026,CONFIRMADA,3269246,0,05/09/2016,05/03/2027,5.05,MINISTERIO DE HACIENDA,HACIENDA,64099
DO1005205716,MHUS2027,HACIENDA/6 BOEST 20270305 GTIA,25000,USD,25,-1.72920493,104.43208,07/08/2026,03:19:18 PM,ESTRUCTURADA,PRIMERA PARTE,ROTC,10/08/2026,CONFIRMADA,3269246,0,05/09/2016,05/03/2027,5.05,MINISTERIO DE HACIENDA,HACIENDA,63791
DO1005205716,MHUS2027,HACIENDA/6 BOEST 20270305 GTIA,21000,USD,21,-14.42583868,106.906762,07/08/2026,03:19:17 PM,PRESTAMO,SEGUNDA PARTE,ROTC,10/11/2026,CONFIRMADA,3269245,0,05/09/2016,05/03/2027,3.679162,MINISTERIO DE HACIENDA,HACIENDA,62384
DO1005205716,MHUS2027,HACIENDA/6 BOEST 20270305 GTIA,21000,USD,21,-1.03831928,104.018524,07/08/2026,03:19:17 PM,PRESTAMO,PRIMERA PARTE,ROTC,10/08/2026,CONFIRMADA,3269245,0,05/09/2016,05/03/2027,3.679162,MINISTERIO DE HACIENDA,HACIENDA,61971
DO1005205716,MHUS2027,HACIENDA/6 BOEST 20270305 GTIA,21000,USD,21,-14.42583868,106.906762,07/08/2026,03:19:16 PM,ESTRUCTURADA,SEGUNDA PARTE,ROTC,10/11/2026,CONFIRMADA,3269244,0,05/09/2016,05/03/2027,5.05,MINISTERIO DE HACIENDA,HACIENDA,64477
DO1005205716,MHUS2027,HACIENDA/6 BOEST 20270305 GTIA,21000,USD,21,-1.03831928,104.018524,07/08/2026,03:19:16 PM,ESTRUCTURADA,PRIMERA PARTE,ROTC,10/08/2026,CONFIRMADA,3269244,0,05/09/2016,05/03/2027,5.05,MINISTERIO DE HACIENDA,HACIENDA,64064
DO1005205716,MHUS2027,HACIENDA/6 BOEST 20270305 GTIA,11000,USD,11,-1.12651811,102.260636,07/08/2026,03:19:15 PM,PRESTAMO,SEGUNDA PARTE,ROTC,10/11/2026,CONFIRMADA,3269243,0,05/09/2016,05/03/2027,3.787382,MINISTERIO DE HACIENDA,HACIENDA,61782
DO1005205716,MHUS2027,HACIENDA/6 BOEST 20270305 GTIA,11000,USD,11,6.9852,99.431455,07/08/2026,03:19:15 PM,PRESTAMO,PRIMERA PARTE,ROTC,10/08/2026,CONFIRMADA,3269243,0,05/09/2016,05/03/2027,3.787382,MINISTERIO DE HACIENDA,HACIENDA,60018
DO1005205716,MHUS2027,HACIENDA/6 BOEST 20270305 GTIA,11000,USD,11,-1.12651811,102.260636,07/08/2026,03:19:14 PM,ESTRUCTURADA,SEGUNDA PARTE,ROTC,10/11/2026,CONFIRMADA,3269242,0,05/09/2016,05/03/2027,5.05,MINISTERIO DE HACIENDA,HACIENDA,63875
DO1005205716,MHUS2027,HACIENDA/6 BOEST 20270305 GTIA,11000,USD,11,6.9852,99.431455,07/08/2026,03:19:14 PM,ESTRUCTURADA,PRIMERA PARTE,ROTC,10/08/2026,CONFIRMADA,3269242,0,05/09/2016,05/03/2027,5.05,MINISTERIO DE HACIENDA,HACIENDA,62111
DO1005208215,MHUS2029,HACIENDA/6.95 BOEST 20290626 GTIA,344000,USD,344,2.1892,112.089506,07/08/2026,03:19:13 PM,PRESTAMO,SEGUNDA PARTE,ROTC,10/11/2026,CONFIRMADA,3269241,0,26/06/2020,26/06/2029,2.014845,MINISTERIO DE HACIENDA,HACIENDA,62062
DO1005208215,MHUS2029,HACIENDA/6.95 BOEST 20290626 GTIA,344000,USD,344,2.4705,112.365898,07/08/2026,03:19:13 PM,PRESTAMO,PRIMERA PARTE,ROTC,10/08/2026,CONFIRMADA,3269241,0,26/06/2020,26/06/2029,2.014845,MINISTERIO DE HACIENDA,HACIENDA,62216
DO1005208215,MHUS2029,HACIENDA/6.95 BOEST 20290626 GTIA,344000,USD,344,2.1892,112.089506,07/08/2026,03:19:12 PM,PRESTAMO,SEGUNDA PARTE,ROTC,10/11/2026,CONFIRMADA,3269239,0,26/06/2020,26/06/2029,2.014845,MINISTERIO DE HACIENDA,HACIENDA,62055
DO1005208215,MHUS2029,HACIENDA/6.95 BOEST 20290626 GTIA,344000,USD,344,2.4705,112.365898,07/08/2026,03:19:12 PM,PRESTAMO,PRIMERA PARTE,ROTC,10/08/2026,CONFIRMADA,3269239,0,26/06/2020,26/06/2029,2.014845,MINISTERIO DE HACIENDA,HACIENDA,62209
DO1005208215,MHUS2029,HACIENDA/6.95 BOEST 20290626 GTIA,344000,USD,344,2.1892,112.089506,07/08/2026,03:19:12 PM,ESTRUCTURADA,SEGUNDA PARTE,ROTC,10/11/2026,CONFIRMADA,3269240,0,26/06/2020,26/06/2029,5.05,MINISTERIO DE HACIENDA,HACIENDA,64155
DO1005208215,MHUS2029,HACIENDA/6.95 BOEST 20290626 GTIA,344000,USD,344,2.4705,112.365898,07/08/2026,03:19:12 PM,ESTRUCTURADA,PRIMERA PARTE,ROTC,10/08/2026,CONFIRMADA,3269240,0,26/06/2020,26/06/2029,5.05,MINISTERIO DE HACIENDA,HACIENDA,64309
DO1005208215,MHUS2029,HACIENDA/6.95 BOEST 20290626 GTIA,344000,USD,344,2.1892,112.089506,07/08/2026,03:19:10 PM,PRESTAMO,SEGUNDA PARTE,ROTC,10/11/2026,CONFIRMADA,3269237,0,26/06/2020,26/06/2029,2.014845,MINISTERIO DE HACIENDA,HACIENDA,62041
DO1005208215,MHUS2029,HACIENDA/6.95 BOEST 20290626 GTIA,344000,USD,344,2.4705,112.365898,07/08/2026,03:19:10 PM,PRESTAMO,PRIMERA PARTE,ROTC,10/08/2026,CONFIRMADA,3269237,0,26/06/2020,26/06/2029,2.014845,MINISTERIO DE HACIENDA,HACIENDA,62195
DO1005208215,MHUS2029,HACIENDA/6.95 BOEST 20290626 GTIA,344000,USD,344,2.1892,112.089506,07/08/2026,03:19:10 PM,ESTRUCTURADA,SEGUNDA PARTE,ROTC,10/11/2026,CONFIRMADA,3269238,0,26/06/2020,26/06/2029,5.05,MINISTERIO DE HACIENDA,HACIENDA,64141
DO1005208215,MHUS2029,HACIENDA/6.95 BOEST 20290626 GTIA,344000,USD,344,2.4705,112.365898,07/08/2026,03:19:10 PM,ESTRUCTURADA,PRIMERA PARTE,ROTC,10/08/2026,CONFIRMADA,3269238,0,26/06/2020,26/06/2029,5.05,MINISTERIO DE HACIENDA,HACIENDA,64295
DO1005208215,MHUS2029,HACIENDA/6.95 BOEST 20290626 GTIA,344000,USD,344,2.1892,112.089506,07/08/2026,03:19:09 PM,ESTRUCTURADA,SEGUNDA PARTE,ROTC,10/11/2026,CONFIRMADA,3269236,0,26/06/2020,26/06/2029,5.05,MINISTERIO DE HACIENDA,HACIENDA,64197
DO1005208215,MHUS2029,HACIENDA/6.95 BOEST 20290626 GTIA,344000,USD,344,2.4705,112.365898,07/08/2026,03:19:09 PM,ESTRUCTURADA,PRIMERA PARTE,ROTC,10/08/2026,CONFIRMADA,3269236,0,26/06/2020,26/06/2029,5.05,MINISTERIO DE HACIENDA,HACIENDA,64351
DO1002261829,NO010330,BCENTRAL/9.5 BOEST 20300301 GTIA,491780000,DOP,49178,8.052,104.40322,07/08/2026,03:11:39 PM,CONTADO,PRIMERA PARTE,ROTC,07/08/2026,CONFIRMADA,3269390,0,01/03/2026,01/03/2030,0,BANCO CENTRAL DE LA REPUBLICA DOMINICANA,BCENTRAL,61817
DO1002261829,NO010330,BCENTRAL/9.5 BOEST 20300301 GTIA,301360000,DOP,30136,8.052,104.40322,07/08/2026,03:09:38 PM,CONTADO,PRIMERA PARTE,ROTC,07/08/2026,CONFIRMADA,3269391,0,01/03/2026,01/03/2030,0,BANCO CENTRAL DE LA REPUBLICA DOMINICANA,BCENTRAL,61635
DO1002261829,NO010330,BCENTRAL/9.5 BOEST 20300301 GTIA,301360000,DOP,30136,8.052,104.40322,07/08/2026,03:08:08 PM,CONTADO,PRIMERA PARTE,ROTC,07/08/2026,CONFIRMADA,3269388,0,01/03/2026,01/03/2030,0,BANCO CENTRAL DE LA REPUBLICA DOMINICANA,BCENTRAL,61607
DO1005211227,MH32029,HACIENDA/12.75 BOEST 20290923 GTIA,100000,DOP,1,-6.2004,153.74325,07/08/2026,03:07:54 PM,PRESTAMO,SEGUNDA PARTE,ROTC,26/02/2027,CONFIRMADA,3269397,0,23/09/2022,23/09/2029,7.65,MINISTERIO DE HACIENDA,HACIENDA,60613
DO1005211227,MH32029,HACIENDA/12.75 BOEST 20290923 GTIA,100000,DOP,1,-2.0161,147.8123,07/08/2026,03:07:54 PM,PRESTAMO,PRIMERA PARTE,ROTC,10/08/2026,CONFIRMADA,3269397,0,23/09/2022,23/09/2029,7.65,MINISTERIO DE HACIENDA,HACIENDA,60284
DO1005211227,MH32029,HACIENDA/12.75 BOEST 20290923 GTIA,100000,DOP,1,-6.2004,153.74325,07/08/2026,03:07:53 PM,ESTRUCTURADA,SEGUNDA PARTE,ROTC,26/02/2027,CONFIRMADA,3269394,0,23/09/2022,23/09/2029,7.65,MINISTERIO DE HACIENDA,HACIENDA,62706
DO1005211227,MH32029,HACIENDA/12.75 BOEST 20290923 GTIA,100000,DOP,1,-2.0161,147.8123,07/08/2026,03:07:53 PM,ESTRUCTURADA,PRIMERA PARTE,ROTC,10/08/2026,CONFIRMADA,3269394,0,23/09/2022,23/09/2029,7.65,MINISTERIO DE HACIENDA,HACIENDA,62377
DO1002261829,NO010330,BCENTRAL/9.5 BOEST 20300301 GTIA,491780000,DOP,49178,8.052,104.40322,07/08/2026,03:07:48 PM,CONTADO,PRIMERA PARTE,ROTC,07/08/2026,CONFIRMADA,3269389,0,01/03/2026,01/03/2030,0,BANCO CENTRAL DE LA REPUBLICA DOMINICANA,BCENTRAL,61852
DO1005205716,MHUS2027,HACIENDA/6 BOEST 20270305 GTIA,31000,USD,31,-10.847,105.604258,07/08/2026,03:07:41 PM,PRESTAMO,SEGUNDA PARTE,ROTC,10/11/2026,CONFIRMADA,3269396,0,05/09/2016,05/03/2027,4.25,MINISTERIO DE HACIENDA,HACIENDA,60431
DO1005205716,MHUS2027,HACIENDA/6 BOEST 20270305 GTIA,31000,USD,31,0.7609,102.941516,07/08/2026,03:07:41 PM,PRESTAMO,PRIMERA PARTE,ROTC,11/08/2026,CONFIRMADA,3269396,0,05/09/2016,05/03/2027,4.25,MINISTERIO DE HACIENDA,HACIENDA,60228
DO1005205716,MHUS2027,HACIENDA/6 BOEST 20270305 GTIA,31000,USD,31,-10.847,105.604258,07/08/2026,03:07:40 PM,ESTRUCTURADA,SEGUNDA PARTE,ROTC,10/11/2026,CONFIRMADA,3269393,0,05/09/2016,05/03/2027,4.25,MINISTERIO DE HACIENDA,HACIENDA,62524
DO1005205716,MHUS2027,HACIENDA/6 BOEST 20270305 GTIA,31000,USD,31,0.7609,102.941516,07/08/2026,03:07:40 PM,ESTRUCTURADA,PRIMERA PARTE,ROTC,11/08/2026,CONFIRMADA,3269393,0,05/09/2016,05/03/2027,4.25,MINISTERIO DE HACIENDA,HACIENDA,62321
DO1005205716,MHUS2027,HACIENDA/6 BOEST 20270305 GTIA,288000,USD,288,-5.0521,105.518479,07/08/2026,03:07:27 PM,PRESTAMO,SEGUNDA PARTE,ROTC,09/09/2026,CONFIRMADA,3269395,0,05/09/2016,05/03/2027,4.05,MINISTERIO DE HACIENDA,HACIENDA,61446
DO1005205716,MHUS2027,HACIENDA/6 BOEST 20270305 GTIA,288000,USD,288,1.3163,102.631826,07/08/2026,03:07:27 PM,PRESTAMO,PRIMERA PARTE,ROTC,10/08/2026,CONFIRMADA,3269395,0,05/09/2016,05/03/2027,4.05,MINISTERIO DE HACIENDA,HACIENDA,61061
DO1005205716,MHUS2027,HACIENDA/6 BOEST 20270305 GTIA,288000,USD,288,-5.0521,105.518479,07/08/2026,03:07:26 PM,ESTRUCTURADA,SEGUNDA PARTE,ROTC,09/09/2026,CONFIRMADA,3269392,0,05/09/2016,05/03/2027,4.05,MINISTERIO DE HACIENDA,HACIENDA,63539
DO1005205716,MHUS2027,HACIENDA/6 BOEST 20270305 GTIA,288000,USD,288,1.3163,102.631826,07/08/2026,03:07:26 PM,ESTRUCTURADA,PRIMERA PARTE,ROTC,10/08/2026,CONFIRMADA,3269392,0,05/09/2016,05/03/2027,4.05,MINISTERIO DE HACIENDA,HACIENDA,63154
DO1002261423,NO301129,BCENTRAL/9.5 BOEST 20291130 GTIA,60000000,DOP,6000,8.29,103.420726,07/08/2026,03:00:20 PM,CONTADO,PRIMERA PARTE,ROTC,07/08/2026,CONFIRMADA,3269385,0,30/11/2025,30/11/2029,0,BANCO CENTRAL DE LA REPUBLICA DOMINICANA,BCENTRAL,60886
DO1002223621,NO150127,BCENTRAL/8 BOEST 20270115 GTIA,830000,DOP,83,9.00000001,99.570619,07/08/2026,02:59:15 PM,CONTADO,PRIMERA PARTE,ROTC,07/08/2026,CONFIRMADA,3269381,0,15/01/2022,15/01/2027,0,BANCO CENTRAL DE LA REPUBLICA DOMINICANA,BCENTRAL,60781
DO1002261829,NO010330,BCENTRAL/9.5 BOEST 20300301 GTIA,100000000,DOP,10000,8.1,104.252984,07/08/2026,02:59:09 PM,CONTADO,PRIMERA PARTE,ROTC,07/08/2026,CONFIRMADA,3269384,0,01/03/2026,01/03/2030,0,BANCO CENTRAL DE LA REPUBLICA DOMINICANA,BCENTRAL,61236
DO1002261522,NO180130,BCENTRAL/9.5 BOEST 20300118 GTIA,40000000,DOP,4000,8.06,104.249336,07/08/2026,02:57:41 PM,CONTADO,PRIMERA PARTE,ROTC,07/08/2026,CONFIRMADA,3269382,0,18/01/2026,18/01/2030,0,BANCO CENTRAL DE LA REPUBLICA DOMINICANA,BCENTRAL,60928
DO2018100324,BC1AES03,AESTRELLA/11.25 BO 20301130,479986,DOP,479986,9.6434,105.075469,07/08/2026,02:55:50 PM,ESTRUCTURADA,SEGUNDA PARTE,ROTC,05/02/2027,CONFIRMADA,3269370,0,30/11/2020,30/11/2030,9.7,ACERO ESTRELLA S A,AESTRELLA,62461
DO2018100324,BC1AES03,AESTRELLA/11.25 BO 20301130,479986,DOP,479986,11.2503,99.991675,07/08/2026,02:55:50 PM,ESTRUCTURADA,PRIMERA PARTE,ROTC,10/08/2026,CONFIRMADA,3269370,0,30/11/2020,30/11/2030,9.7,ACERO ESTRELLA S A,AESTRELLA,62559
DO2018100324,BC1AES03,AESTRELLA/11.25 BO 20301130,479986,DOP,479986,9.6434,105.075469,07/08/2026,02:55:49 PM,PRESTAMO,SEGUNDA PARTE,ROTC,05/02/2027,CONFIRMADA,3269371,0,30/11/2020,30/11/2030,6.672416,ACERO ESTRELLA S A,AESTRELLA,60417
DO2018100324,BC1AES03,AESTRELLA/11.25 BO 20301130,479986,DOP,479986,11.2503,99.991675,07/08/2026,02:55:49 PM,PRESTAMO,PRIMERA PARTE,ROTC,10/08/2026,CONFIRMADA,3269371,0,30/11/2020,30/11/2030,6.672416,ACERO ESTRELLA S A,AESTRELLA,60515
USP3579EAY34,BSRD2044,DOMINICAN Rep/7.45 BD 20440430 GO,113000,USD,113,6.7693,106.95,07/08/2026,02:52:56 PM,CONTADO,PRIMERA PARTE,ROTC,10/08/2026,CONFIRMADA,3269192,0,30/04/2014,30/04/2044,0,MINISTERIO DE HACIENDA,HACIENDA,61047
DO1002261522,NO180130,BCENTRAL/9.5 BOEST 20300118 GTIA,66610000,DOP,6661,9.55,99.845406,07/08/2026,02:52:37 PM,CONTADO,PRIMERA PARTE,ROTC,07/08/2026,CONFIRMADA,3269367,0,18/01/2026,18/01/2030,0,BANCO CENTRAL DE LA REPUBLICA DOMINICANA,BCENTRAL,60928
DO2018100324,BC1AES03,AESTRELLA/11.25 BO 20301130,185661,DOP,185661,10.4797,102.55373,07/08/2026,02:51:46 PM,ESTRUCTURADA,SEGUNDA PARTE,ROTC,09/10/2026,CONFIRMADA,3269368,0,30/11/2020,30/11/2030,9.25,ACERO ESTRELLA S A,AESTRELLA,62195
DO2018100324,BC1AES03,AESTRELLA/11.25 BO 20301130,185661,DOP,185661,11.2503,99.991675,07/08/2026,02:51:46 PM,ESTRUCTURADA,PRIMERA PARTE,ROTC,10/08/2026,CONFIRMADA,3269368,0,30/11/2020,30/11/2030,9.25,ACERO ESTRELLA S A,AESTRELLA,62342
DO2018100324,BC1AES03,AESTRELLA/11.25 BO 20301130,185661,DOP,185661,10.4797,102.55373,07/08/2026,02:51:45 PM,PRESTAMO,SEGUNDA PARTE,ROTC,09/10/2026,CONFIRMADA,3269369,0,30/11/2020,30/11/2030,3.656474,ACERO ESTRELLA S A,AESTRELLA,60088
DO2018100324,BC1AES03,AESTRELLA/11.25 BO 20301130,185661,DOP,185661,11.2503,99.991675,07/08/2026,02:51:45 PM,PRESTAMO,PRIMERA PARTE,ROTC,10/08/2026,CONFIRMADA,3269369,0,30/11/2020,30/11/2030,3.656474,ACERO ESTRELLA S A,AESTRELLA,60235
DO2018100324,BC1AES03,AESTRELLA/11.25 BO 20301130,2006516,DOP,2006516,10.5105,102.407634,07/08/2026,02:49:34 PM,ESTRUCTURADA,SEGUNDA PARTE,ROTC,13/11/2026,CONFIRMADA,3269365,0,30/11/2020,30/11/2030,9.3,ACERO ESTRELLA S A,AESTRELLA,63000
DO2018100324,BC1AES03,AESTRELLA/11.25 BO 20301130,2006516,DOP,2006516,11.2503,99.991675,07/08/2026,02:49:34 PM,ESTRUCTURADA,PRIMERA PARTE,ROTC,10/08/2026,CONFIRMADA,3269365,0,30/11/2020,30/11/2030,9.3,ACERO ESTRELLA S A,AESTRELLA,62944
DO2018100324,BC1AES03,AESTRELLA/11.25 BO 20301130,2006516,DOP,2006516,10.5105,102.407634,07/08/2026,02:49:33 PM,PRESTAMO,SEGUNDA PARTE,ROTC,13/11/2026,CONFIRMADA,3269366,0,30/11/2020,30/11/2030,4.514548,ACERO ESTRELLA S A,AESTRELLA,60893
DO2018100324,BC1AES03,AESTRELLA/11.25 BO 20301130,2006516,DOP,2006516,11.2503,99.991675,07/08/2026,02:49:33 PM,PRESTAMO,PRIMERA PARTE,ROTC,10/08/2026,CONFIRMADA,3269366,0,30/11/2020,30/11/2030,4.514548,ACERO ESTRELLA S A,AESTRELLA,60837
DO2018100324,BC1AES03,AESTRELLA/11.25 BO 20301130,20266,DOP,20266,10.4582,102.673493,07/08/2026,02:47:56 PM,ESTRUCTURADA,SEGUNDA PARTE,ROTC,09/09/2026,CONFIRMADA,3269363,0,30/11/2020,30/11/2030,9.05,ACERO ESTRELLA S A,AESTRELLA,61810
DO2018100324,BC1AES03,AESTRELLA/11.25 BO 20301130,20266,DOP,20266,11.2503,99.991675,07/08/2026,02:47:56 PM,ESTRUCTURADA,PRIMERA PARTE,ROTC,10/08/2026,CONFIRMADA,3269363,0,30/11/2020,30/11/2030,9.05,ACERO ESTRELLA S A,AESTRELLA,61558
DO2018100324,BC1AES03,AESTRELLA/11.25 BO 20301130,20266,DOP,20266,10.4582,102.673493,07/08/2026,02:47:55 PM,PRESTAMO,SEGUNDA PARTE,ROTC,09/09/2026,CONFIRMADA,3269364,0,30/11/2020,30/11/2030,2.903447,ACERO ESTRELLA S A,AESTRELLA,59703
DO2018100324,BC1AES03,AESTRELLA/11.25 BO 20301130,20266,DOP,20266,11.2503,99.991675,07/08/2026,02:47:55 PM,PRESTAMO,PRIMERA PARTE,ROTC,10/08/2026,CONFIRMADA,3269364,0,30/11/2020,30/11/2030,2.903447,ACERO ESTRELLA S A,AESTRELLA,59451
DO2018100324,BC1AES03,AESTRELLA/11.25 BO 20301130,10761,DOP,10761,8.8287,107.628473,07/08/2026,02:46:18 PM,PRESTAMO,SEGUNDA PARTE,ROTC,08/03/2027,CONFIRMADA,3269373,0,30/11/2020,30/11/2030,7.307843,ACERO ESTRELLA S A,AESTRELLA,59409
DO2018100324,BC1AES03,AESTRELLA/11.25 BO 20301130,10761,DOP,10761,11.2503,99.991675,07/08/2026,02:46:18 PM,PRESTAMO,PRIMERA PARTE,ROTC,10/08/2026,CONFIRMADA,3269373,0,30/11/2020,30/11/2030,7.307843,ACERO ESTRELLA S A,AESTRELLA,59423
DO2018100324,BC1AES03,AESTRELLA/11.25 BO 20301130,10761,DOP,10761,8.8287,107.628473,07/08/2026,02:46:17 PM,ESTRUCTURADA,SEGUNDA PARTE,ROTC,08/03/2027,CONFIRMADA,3269372,0,30/11/2020,30/11/2030,9.5,ACERO ESTRELLA S A,AESTRELLA,61502
DO2018100324,BC1AES03,AESTRELLA/11.25 BO 20301130,10761,DOP,10761,11.2503,99.991675,07/08/2026,02:46:17 PM,ESTRUCTURADA,PRIMERA PARTE,ROTC,10/08/2026,CONFIRMADA,3269372,0,30/11/2020,30/11/2030,9.5,ACERO ESTRELLA S A,AESTRELLA,61516
DO1005205716,MHUS2027,HACIENDA/6 BOEST 20270305 GTIA,4000,USD,4,2.8429,101.24275,07/08/2026,02:44:33 PM,PRESTAMO,SEGUNDA PARTE,ROTC,09/10/2026,CONFIRMADA,3269379,0,05/09/2016,05/03/2027,4.25,MINISTERIO DE HACIENDA,HACIENDA,59136
DO1005205716,MHUS2027,HACIENDA/6 BOEST 20270305 GTIA,4000,USD,4,8.7212,98.4885,07/08/2026,02:44:33 PM,PRESTAMO,PRIMERA PARTE,ROTC,10/08/2026,CONFIRMADA,3269379,0,05/09/2016,05/03/2027,4.25,MINISTERIO DE HACIENDA,HACIENDA,58625
DO1005205716,MHUS2027,HACIENDA/6 BOEST 20270305 GTIA,4000,USD,4,2.8429,101.24275,07/08/2026,02:44:32 PM,ESTRUCTURADA,SEGUNDA PARTE,ROTC,09/10/2026,CONFIRMADA,3269377,0,05/09/2016,05/03/2027,4.25,MINISTERIO DE HACIENDA,HACIENDA,61229
DO1005205716,MHUS2027,HACIENDA/6 BOEST 20270305 GTIA,4000,USD,4,8.7212,98.4885,07/08/2026,02:44:32 PM,ESTRUCTURADA,PRIMERA PARTE,ROTC,10/08/2026,CONFIRMADA,3269377,0,05/09/2016,05/03/2027,4.25,MINISTERIO DE HACIENDA,HACIENDA,60718
DO1005206011,MH12032,HACIENDA/12 BOEST 20320305 GTIA,100000,DOP,1,9.15,112.187686,07/08/2026,02:44:20 PM,CONTADO,PRIMERA PARTE,ROTC,10/08/2026,CONFIRMADA,3269376,0,05/03/2017,05/03/2032,0,MINISTERIO DE HACIENDA,HACIENDA,58107
DO1005206011,MH12032,HACIENDA/12 BOEST 20320305 GTIA,100000,DOP,1,11,104.044071,07/08/2026,02:44:12 PM,CONTADO,PRIMERA PARTE,ROTC,10/08/2026,CONFIRMADA,3269375,0,05/03/2017,05/03/2032,0,MINISTERIO DE HACIENDA,HACIENDA,57232
DO1005211227,MH32029,HACIENDA/12.75 BOEST 20290923 GTIA,100000,DOP,1,7.8597,112.66878,07/08/2026,02:43:48 PM,PRESTAMO,SEGUNDA PARTE,ROTC,09/10/2026,CONFIRMADA,3269378,0,23/09/2022,23/09/2029,7.45,MINISTERIO DE HACIENDA,HACIENDA,60536
DO1005211227,MH32029,HACIENDA/12.75 BOEST 20290923 GTIA,100000,DOP,1,10.0898,106.9486,07/08/2026,02:43:48 PM,PRESTAMO,PRIMERA PARTE,ROTC,10/08/2026,CONFIRMADA,3269378,0,23/09/2022,23/09/2029,7.45,MINISTERIO DE HACIENDA,HACIENDA,60487
DO1005211227,MH32029,HACIENDA/12.75 BOEST 20290923 GTIA,100000,DOP,1,7.8597,112.66878,07/08/2026,02:43:47 PM,ESTRUCTURADA,SEGUNDA PARTE,ROTC,09/10/2026,CONFIRMADA,3269374,0,23/09/2022,23/09/2029,7.45,MINISTERIO DE HACIENDA,HACIENDA,62629
DO1005211227,MH32029,HACIENDA/12.75 BOEST 20290923 GTIA,100000,DOP,1,10.0898,106.9486,07/08/2026,02:43:47 PM,ESTRUCTURADA,PRIMERA PARTE,ROTC,10/08/2026,CONFIRMADA,3269374,0,23/09/2022,23/09/2029,7.45,MINISTERIO DE HACIENDA,HACIENDA,62580
DO1002228612,NO031227,BCENTRAL/8 BOEST 20271203 GTIA,260000,DOP,26,7.0332,101.1727,07/08/2026,02:43:30 PM,CONTADO,PRIMERA PARTE,ROTC,12/08/2026,CONFIRMADA,3269281,0,03/12/2024,03/12/2027,0,BANCO CENTRAL DE LA REPUBLICA DOMINICANA,BCENTRAL,58828
DO1002228612,NO031227,BCENTRAL/8 BOEST 20271203 GTIA,260000,DOP,26,6.7524,101.335973,07/08/2026,02:43:29 PM,PRESTAMO,SEGUNDA PARTE,ROTC,12/10/2026,CONFIRMADA,3269282,0,03/12/2024,03/12/2027,2.904683,BANCO CENTRAL DE LA REPUBLICA DOMINICANA,BCENTRAL,60291
DO1002228612,NO031227,BCENTRAL/8 BOEST 20271203 GTIA,260000,DOP,26,7.0332,101.1727,07/08/2026,02:43:29 PM,PRESTAMO,PRIMERA PARTE,ROTC,12/08/2026,CONFIRMADA,3269282,0,03/12/2024,03/12/2027,2.904683,BANCO CENTRAL DE LA REPUBLICA DOMINICANA,BCENTRAL,59577
DO1002228612,NO031227,BCENTRAL/8 BOEST 20271203 GTIA,260000,DOP,26,6.7524,101.335973,07/08/2026,02:43:28 PM,PLAZO,PRIMERA PARTE,ROTC,12/10/2026,CONFIRMADA,3269283,0,03/12/2024,03/12/2027,0,BANCO CENTRAL DE LA REPUBLICA DOMINICANA,BCENTRAL,58744
DO1002228612,NO031227,BCENTRAL/8 BOEST 20271203 GTIA,4930000,DOP,493,8.0393,99.93354,07/08/2026,02:43:27 PM,CONTADO,PRIMERA PARTE,ROTC,10/08/2026,CONFIRMADA,3269284,0,03/12/2024,03/12/2027,0,BANCO CENTRAL DE LA REPUBLICA DOMINICANA,BCENTRAL,59857
DO1002228612,NO031227,BCENTRAL/8 BOEST 20271203 GTIA,4930000,DOP,493,-19.927,100.116182,07/08/2026,02:43:26 PM,PRESTAMO,SEGUNDA PARTE,ROTC,10/09/2026,CONFIRMADA,3269285,0,03/12/2024,03/12/2027,2.294265,BANCO CENTRAL DE LA REPUBLICA DOMINICANA,BCENTRAL,61355
DO1002228612,NO031227,BCENTRAL/8 BOEST 20271203 GTIA,4930000,DOP,493,8.0393,99.93354,07/08/2026,02:43:26 PM,PRESTAMO,PRIMERA PARTE,ROTC,10/08/2026,CONFIRMADA,3269285,0,03/12/2024,03/12/2027,2.294265,BANCO CENTRAL DE LA REPUBLICA DOMINICANA,BCENTRAL,60543
DO1002228612,NO031227,BCENTRAL/8 BOEST 20271203 GTIA,4930000,DOP,493,-19.927,100.116182,07/08/2026,02:43:25 PM,PLAZO,PRIMERA PARTE,ROTC,10/09/2026,CONFIRMADA,3269286,0,03/12/2024,03/12/2027,0,BANCO CENTRAL DE LA REPUBLICA DOMINICANA,BCENTRAL,59808
DO1002227317,NO150928,BCENTRAL/11 BOEST 20280915 GTIA,360000,DOP,36,10.0371,101.758789,07/08/2026,02:43:24 PM,CONTADO,PRIMERA PARTE,ROTC,11/08/2026,CONFIRMADA,3269287,0,15/09/2023,15/09/2028,0,BANCO CENTRAL DE LA REPUBLICA DOMINICANA,BCENTRAL,60473
DO1002227317,NO150928,BCENTRAL/11 BOEST 20280915 GTIA,360000,DOP,36,0.5166,101.655325,07/08/2026,02:43:23 PM,PRESTAMO,SEGUNDA PARTE,ROTC,14/09/2026,CONFIRMADA,3269288,0,15/09/2023,15/09/2028,5.009683,BANCO CENTRAL DE LA REPUBLICA DOMINICANA,BCENTRAL,60704
DO1002227317,NO150928,BCENTRAL/11 BOEST 20280915 GTIA,360000,DOP,36,10.0371,101.758789,07/08/2026,02:43:23 PM,PRESTAMO,PRIMERA PARTE,ROTC,11/08/2026,CONFIRMADA,3269288,0,15/09/2023,15/09/2028,5.009683,BANCO CENTRAL DE LA REPUBLICA DOMINICANA,BCENTRAL,61159
DO1002227317,NO150928,BCENTRAL/11 BOEST 20280915 GTIA,360000,DOP,36,0.5166,101.655325,07/08/2026,02:43:22 PM,PLAZO,PRIMERA PARTE,ROTC,14/09/2026,CONFIRMADA,3269289,0,15/09/2023,15/09/2028,0,BANCO CENTRAL DE LA REPUBLICA DOMINICANA,BCENTRAL,59157
DO1002228612,NO031227,BCENTRAL/8 BOEST 20271203 GTIA,2960000,DOP,296,8.1313,99.821297,07/08/2026,02:43:21 PM,CONTADO,PRIMERA PARTE,ROTC,12/08/2026,CONFIRMADA,3269290,0,03/12/2024,03/12/2027,0,BANCO CENTRAL DE LA REPUBLICA DOMINICANA,BCENTRAL,60165
DO1002228612,NO031227,BCENTRAL/8 BOEST 20271203 GTIA,2960000,DOP,296,8.0956,99.870796,07/08/2026,02:43:20 PM,PRESTAMO,SEGUNDA PARTE,ROTC,11/09/2026,CONFIRMADA,3269291,0,03/12/2024,03/12/2027,2.190247,BANCO CENTRAL DE LA REPUBLICA DOMINICANA,BCENTRAL,60928
DO1002228612,NO031227,BCENTRAL/8 BOEST 20271203 GTIA,2960000,DOP,296,8.1313,99.821297,07/08/2026,02:43:20 PM,PRESTAMO,PRIMERA PARTE,ROTC,12/08/2026,CONFIRMADA,3269291,0,03/12/2024,03/12/2027,2.190247,BANCO CENTRAL DE LA REPUBLICA DOMINICANA,BCENTRAL,60851
DO1002228612,NO031227,BCENTRAL/8 BOEST 20271203 GTIA,2960000,DOP,296,8.0956,99.870796,07/08/2026,02:43:19 PM,PLAZO,PRIMERA PARTE,ROTC,11/09/2026,CONFIRMADA,3269292,0,03/12/2024,03/12/2027,0,BANCO CENTRAL DE LA REPUBLICA DOMINICANA,BCENTRAL,59444
DO1002228612,NO031227,BCENTRAL/8 BOEST 20271203 GTIA,4890000,DOP,489,0,100.085554,07/08/2026,02:43:18 PM,PLAZO,PRIMERA PARTE,ROTC,10/09/2026,CONFIRMADA,3269293,0,03/12/2024,03/12/2027,0,BANCO CENTRAL DE LA REPUBLICA DOMINICANA,BCENTRAL,57771
DO1002228612,NO031227,BCENTRAL/8 BOEST 20271203 GTIA,4890000,DOP,489,4,100.262996,07/08/2026,02:43:17 PM,PRESTAMO,SEGUNDA PARTE,ROTC,09/10/2026,CONFIRMADA,3269294,0,03/12/2024,03/12/2027,2.886893,BANCO CENTRAL DE LA REPUBLICA DOMINICANA,BCENTRAL,59381
DO1002228612,NO031227,BCENTRAL/8 BOEST 20271203 GTIA,4890000,DOP,489,0,100.085554,07/08/2026,02:43:17 PM,PRESTAMO,PRIMERA PARTE,ROTC,10/09/2026,CONFIRMADA,3269294,0,03/12/2024,03/12/2027,2.886893,BANCO CENTRAL DE LA REPUBLICA DOMINICANA,BCENTRAL,59367
DO1002228612,NO031227,BCENTRAL/8 BOEST 20271203 GTIA,4890000,DOP,489,4,100.262996,07/08/2026,02:43:16 PM,PLAZO,PRIMERA PARTE,ROTC,09/10/2026,CONFIRMADA,3269295,0,03/12/2024,03/12/2027,0,BANCO CENTRAL DE LA REPUBLICA DOMINICANA,BCENTRAL,57834
DO1002228612,NO031227,BCENTRAL/8 BOEST 20271203 GTIA,4860000,DOP,486,0,100.082844,07/08/2026,02:43:16 PM,PLAZO,PRIMERA PARTE,ROTC,09/10/2026,CONFIRMADA,3269296,0,03/12/2024,03/12/2027,0,BANCO CENTRAL DE LA REPUBLICA DOMINICANA,BCENTRAL,57708
DO1002228612,NO031227,BCENTRAL/8 BOEST 20271203 GTIA,4860000,DOP,486,4,100.284168,07/08/2026,02:43:15 PM,PRESTAMO,SEGUNDA PARTE,ROTC,10/11/2026,CONFIRMADA,3269297,0,03/12/2024,03/12/2027,3.563828,BANCO CENTRAL DE LA REPUBLICA DOMINICANA,BCENTRAL,59241
DO1002228612,NO031227,BCENTRAL/8 BOEST 20271203 GTIA,4860000,DOP,486,0,100.082844,07/08/2026,02:43:15 PM,PRESTAMO,PRIMERA PARTE,ROTC,09/10/2026,CONFIRMADA,3269297,0,03/12/2024,03/12/2027,3.563828,BANCO CENTRAL DE LA REPUBLICA DOMINICANA,BCENTRAL,59304
DO1002228612,NO031227,BCENTRAL/8 BOEST 20271203 GTIA,4860000,DOP,486,4,100.284168,07/08/2026,02:43:14 PM,PLAZO,PRIMERA PARTE,ROTC,10/11/2026,CONFIRMADA,3269298,0,03/12/2024,03/12/2027,0,BANCO CENTRAL DE LA REPUBLICA DOMINICANA,BCENTRAL,57694
DO1002227317,NO150928,BCENTRAL/11 BOEST 20280915 GTIA,4790000,DOP,479,0,102.682476,07/08/2026,02:43:13 PM,PLAZO,PRIMERA PARTE,ROTC,10/11/2026,CONFIRMADA,3269299,0,15/09/2023,15/09/2028,0,BANCO CENTRAL DE LA REPUBLICA DOMINICANA,BCENTRAL,58170
DO1002227317,NO150928,BCENTRAL/11 BOEST 20280915 GTIA,4790000,DOP,479,4,102.627694,07/08/2026,02:43:12 PM,PRESTAMO,SEGUNDA PARTE,ROTC,10/12/2026,CONFIRMADA,3269300,0,15/09/2023,15/09/2028,2.431066,BANCO CENTRAL DE LA REPUBLICA DOMINICANA,BCENTRAL,59745
DO1002227317,NO150928,BCENTRAL/11 BOEST 20280915 GTIA,4790000,DOP,479,0,102.682476,07/08/2026,02:43:12 PM,PRESTAMO,PRIMERA PARTE,ROTC,10/11/2026,CONFIRMADA,3269300,0,15/09/2023,15/09/2028,2.431066,BANCO CENTRAL DE LA REPUBLICA DOMINICANA,BCENTRAL,59766
DO1002227317,NO150928,BCENTRAL/11 BOEST 20280915 GTIA,4790000,DOP,479,4,102.627694,07/08/2026,02:43:11 PM,PLAZO,PRIMERA PARTE,ROTC,10/12/2026,CONFIRMADA,3269301,0,15/09/2023,15/09/2028,0,BANCO CENTRAL DE LA REPUBLICA DOMINICANA,BCENTRAL,58198
DO1002228612,NO031227,BCENTRAL/8 BOEST 20271203 GTIA,4990000,DOP,499,0,100.046555,07/08/2026,02:43:10 PM,PLAZO,PRIMERA PARTE,ROTC,10/12/2026,CONFIRMADA,3269302,0,03/12/2024,03/12/2027,0,BANCO CENTRAL DE LA REPUBLICA DOMINICANA,BCENTRAL,57673
DO1002228612,NO031227,BCENTRAL/8 BOEST 20271203 GTIA,4990000,DOP,499,4,100.204254,07/08/2026,02:43:09 PM,PRESTAMO,SEGUNDA PARTE,ROTC,08/01/2027,CONFIRMADA,3269303,0,03/12/2024,03/12/2027,0.939555,BANCO CENTRAL DE LA REPUBLICA DOMINICANA,BCENTRAL,59283
DO1002228612,NO031227,BCENTRAL/8 BOEST 20271203 GTIA,4990000,DOP,499,0,100.046555,07/08/2026,02:43:09 PM,PRESTAMO,PRIMERA PARTE,ROTC,10/12/2026,CONFIRMADA,3269303,0,03/12/2024,03/12/2027,0.939555,BANCO CENTRAL DE LA REPUBLICA DOMINICANA,BCENTRAL,59332
DO1002228612,NO031227,BCENTRAL/8 BOEST 20271203 GTIA,4990000,DOP,499,4,100.204254,07/08/2026,02:43:08 PM,PLAZO,PRIMERA PARTE,ROTC,08/01/2027,CONFIRMADA,3269304,0,03/12/2024,03/12/2027,0,BANCO CENTRAL DE LA REPUBLICA DOMINICANA,BCENTRAL,57736
DO1002228612,NO031227,BCENTRAL/8 BOEST 20271203 GTIA,4960000,DOP,496,0,100.015243,07/08/2026,02:43:08 PM,PLAZO,PRIMERA PARTE,ROTC,08/01/2027,CONFIRMADA,3269305,0,03/12/2024,03/12/2027,0,BANCO CENTRAL DE LA REPUBLICA DOMINICANA,BCENTRAL,57652
DO1002228612,NO031227,BCENTRAL/8 BOEST 20271203 GTIA,4960000,DOP,496,4,100.200166,07/08/2026,02:43:07 PM,PRESTAMO,SEGUNDA PARTE,ROTC,10/02/2027,CONFIRMADA,3269306,0,03/12/2024,03/12/2027,1.672693,BANCO CENTRAL DE LA REPUBLICA DOMINICANA,BCENTRAL,59171
DO1002228612,NO031227,BCENTRAL/8 BOEST 20271203 GTIA,4960000,DOP,496,0,100.015243,07/08/2026,02:43:07 PM,PRESTAMO,PRIMERA PARTE,ROTC,08/01/2027,CONFIRMADA,3269306,0,03/12/2024,03/12/2027,1.672693,BANCO CENTRAL DE LA REPUBLICA DOMINICANA,BCENTRAL,59248
DO1002228612,NO031227,BCENTRAL/8 BOEST 20271203 GTIA,4960000,DOP,496,4,100.200166,07/08/2026,02:43:06 PM,PLAZO,PRIMERA PARTE,ROTC,10/02/2027,CONFIRMADA,3269307,0,03/12/2024,03/12/2027,0,BANCO CENTRAL DE LA REPUBLICA DOMINICANA,BCENTRAL,57624
DO1002228612,NO031227,BCENTRAL/8 BOEST 20271203 GTIA,4930000,DOP,493,0,99.903395,07/08/2026,02:43:05 PM,PLAZO,PRIMERA PARTE,ROTC,10/02/2027,CONFIRMADA,3269308,0,03/12/2024,03/12/2027,0,BANCO CENTRAL DE LA REPUBLICA DOMINICANA,BCENTRAL,57428
DO1002228612,NO031227,BCENTRAL/8 BOEST 20271203 GTIA,4930000,DOP,493,4,100.064999,07/08/2026,02:43:04 PM,PRESTAMO,SEGUNDA PARTE,ROTC,10/03/2027,CONFIRMADA,3269309,0,03/12/2024,03/12/2027,2.244171,BANCO CENTRAL DE LA REPUBLICA DOMINICANA,BCENTRAL,59269
DO1002228612,NO031227,BCENTRAL/8 BOEST 20271203 GTIA,4930000,DOP,493,0,99.903395,07/08/2026,02:43:04 PM,PRESTAMO,PRIMERA PARTE,ROTC,10/02/2027,CONFIRMADA,3269309,0,03/12/2024,03/12/2027,2.244171,BANCO CENTRAL DE LA REPUBLICA DOMINICANA,BCENTRAL,59024
DO1002228612,NO031227,BCENTRAL/8 BOEST 20271203 GTIA,4930000,DOP,493,4,100.064999,07/08/2026,02:43:03 PM,PLAZO,PRIMERA PARTE,ROTC,10/03/2027,CONFIRMADA,3269310,0,03/12/2024,03/12/2027,0,BANCO CENTRAL DE LA REPUBLICA DOMINICANA,BCENTRAL,57722
DO1002228612,NO031227,BCENTRAL/8 BOEST 20271203 GTIA,4900000,DOP,490,0,99.908948,07/08/2026,02:43:02 PM,PLAZO,PRIMERA PARTE,ROTC,10/03/2027,CONFIRMADA,3269311,0,03/12/2024,03/12/2027,0,BANCO CENTRAL DE LA REPUBLICA DOMINICANA,BCENTRAL,57435
DO1002228612,NO031227,BCENTRAL/8 BOEST 20271203 GTIA,4900000,DOP,490,4,100.087193,07/08/2026,02:43:01 PM,PRESTAMO,SEGUNDA PARTE,ROTC,09/04/2027,CONFIRMADA,3269312,0,03/12/2024,03/12/2027,2.886372,BANCO CENTRAL DE LA REPUBLICA DOMINICANA,BCENTRAL,59206
DO1002228612,NO031227,BCENTRAL/8 BOEST 20271203 GTIA,4900000,DOP,490,0,99.908948,07/08/2026,02:43:01 PM,PRESTAMO,PRIMERA PARTE,ROTC,10/03/2027,CONFIRMADA,3269312,0,03/12/2024,03/12/2027,2.886372,BANCO CENTRAL DE LA REPUBLICA DOMINICANA,BCENTRAL,59031
DO1002228612,NO031227,BCENTRAL/8 BOEST 20271203 GTIA,4900000,DOP,490,4,100.087193,07/08/2026,02:43:00 PM,PLAZO,PRIMERA PARTE,ROTC,09/04/2027,CONFIRMADA,3269313,0,03/12/2024,03/12/2027,0,BANCO CENTRAL DE LA REPUBLICA DOMINICANA,BCENTRAL,57659
DO1002228612,NO031227,BCENTRAL/8 BOEST 20271203 GTIA,4860000,DOP,486,0,100.08945,07/08/2026,02:42:59 PM,PLAZO,PRIMERA PARTE,ROTC,09/04/2027,CONFIRMADA,3269314,0,03/12/2024,03/12/2027,0,BANCO CENTRAL DE LA REPUBLICA DOMINICANA,BCENTRAL,57442
DO1002228612,NO031227,BCENTRAL/8 BOEST 20271203 GTIA,4860000,DOP,486,4,100.280759,07/08/2026,02:42:58 PM,PRESTAMO,SEGUNDA PARTE,ROTC,10/05/2027,CONFIRMADA,3269315,0,03/12/2024,03/12/2027,3.531297,BANCO CENTRAL DE LA REPUBLICA DOMINICANA,BCENTRAL,59325
DO1002228612,NO031227,BCENTRAL/8 BOEST 20271203 GTIA,4860000,DOP,486,0,100.08945,07/08/2026,02:42:58 PM,PRESTAMO,PRIMERA PARTE,ROTC,09/04/2027,CONFIRMADA,3269315,0,03/12/2024,03/12/2027,3.531297,BANCO CENTRAL DE LA REPUBLICA DOMINICANA,BCENTRAL,59038
DO1002228612,NO031227,BCENTRAL/8 BOEST 20271203 GTIA,4860000,DOP,486,4,100.280759,07/08/2026,02:42:57 PM,PLAZO,PRIMERA PARTE,ROTC,10/05/2027,CONFIRMADA,3269316,0,03/12/2024,03/12/2027,0,BANCO CENTRAL DE LA REPUBLICA DOMINICANA,BCENTRAL,57778
DO1002227317,NO150928,BCENTRAL/11 BOEST 20280915 GTIA,4790000,DOP,479,0,102.710221,07/08/2026,02:42:56 PM,PLAZO,PRIMERA PARTE,ROTC,10/05/2027,CONFIRMADA,3269317,0,15/09/2023,15/09/2028,0,BANCO CENTRAL DE LA REPUBLICA DOMINICANA,BCENTRAL,58100
DO1002227317,NO150928,BCENTRAL/11 BOEST 20280915 GTIA,4790000,DOP,479,4,102.668971,07/08/2026,02:42:56 PM,PRESTAMO,SEGUNDA PARTE,ROTC,10/06/2027,CONFIRMADA,3269318,0,15/09/2023,15/09/2028,2.431182,BANCO CENTRAL DE LA REPUBLICA DOMINICANA,BCENTRAL,59843
DO1002227317,NO150928,BCENTRAL/11 BOEST 20280915 GTIA,4790000,DOP,479,0,102.710221,07/08/2026,02:42:56 PM,PRESTAMO,PRIMERA PARTE,ROTC,10/05/2027,CONFIRMADA,3269318,0,15/09/2023,15/09/2028,2.431182,BANCO CENTRAL DE LA REPUBLICA DOMINICANA,BCENTRAL,59703
DO1002227317,NO150928,BCENTRAL/11 BOEST 20280915 GTIA,4790000,DOP,479,4,102.668971,07/08/2026,02:42:54 PM,PLAZO,PRIMERA PARTE,ROTC,10/06/2027,CONFIRMADA,3269319,0,15/09/2023,15/09/2028,0,BANCO CENTRAL DE LA REPUBLICA DOMINICANA,BCENTRAL,58289
DO1002228612,NO031227,BCENTRAL/8 BOEST 20271203 GTIA,4990000,DOP,499,0,100.047395,07/08/2026,02:42:54 PM,PLAZO,PRIMERA PARTE,ROTC,10/06/2027,CONFIRMADA,3269320,0,03/12/2024,03/12/2027,0,BANCO CENTRAL DE LA REPUBLICA DOMINICANA,BCENTRAL,57771
DO1002228612,NO031227,BCENTRAL/8 BOEST 20271203 GTIA,4990000,DOP,499,4,100.208578,07/08/2026,02:42:53 PM,PRESTAMO,SEGUNDA PARTE,ROTC,09/07/2027,CONFIRMADA,3269321,0,03/12/2024,03/12/2027,0.938723,BANCO CENTRAL DE LA REPUBLICA DOMINICANA,BCENTRAL,59409
DO1002228612,NO031227,BCENTRAL/8 BOEST 20271203 GTIA,4990000,DOP,499,0,100.047395,07/08/2026,02:42:53 PM,PRESTAMO,PRIMERA PARTE,ROTC,10/06/2027,CONFIRMADA,3269321,0,03/12/2024,03/12/2027,0.938723,BANCO CENTRAL DE LA REPUBLICA DOMINICANA,BCENTRAL,59367
DO1002228612,NO031227,BCENTRAL/8 BOEST 20271203 GTIA,4990000,DOP,499,4,100.208578,07/08/2026,02:42:52 PM,PLAZO,PRIMERA PARTE,ROTC,09/07/2027,CONFIRMADA,3269323,0,03/12/2024,03/12/2027,0,BANCO CENTRAL DE LA REPUBLICA DOMINICANA,BCENTRAL,57862
DO1002228612,NO031227,BCENTRAL/8 BOEST 20271203 GTIA,4960000,DOP,496,0,100.019566,07/08/2026,02:42:51 PM,PLAZO,PRIMERA PARTE,ROTC,09/07/2027,CONFIRMADA,3269324,0,03/12/2024,03/12/2027,0,BANCO CENTRAL DE LA REPUBLICA DOMINICANA,BCENTRAL,57764
DO1002228612,NO031227,BCENTRAL/8 BOEST 20271203 GTIA,4960000,DOP,496,4,100.17411,07/08/2026,02:42:50 PM,PRESTAMO,SEGUNDA PARTE,ROTC,05/08/2027,CONFIRMADA,3269325,0,03/12/2024,03/12/2027,1.508198,BANCO CENTRAL DE LA REPUBLICA DOMINICANA,BCENTRAL,58877
DO1002228612,NO031227,BCENTRAL/8 BOEST 20271203 GTIA,4960000,DOP,496,0,100.019566,07/08/2026,02:42:50 PM,PRESTAMO,PRIMERA PARTE,ROTC,09/07/2027,CONFIRMADA,3269325,0,03/12/2024,03/12/2027,1.508198,BANCO CENTRAL DE LA REPUBLICA DOMINICANA,BCENTRAL,59360
DO1002228612,NO031227,BCENTRAL/8 BOEST 20271203 GTIA,4960000,DOP,496,4,100.17411,07/08/2026,02:42:49 PM,PLAZO,PRIMERA PARTE,ROTC,05/08/2027,CONFIRMADA,3269326,0,03/12/2024,03/12/2027,0,BANCO CENTRAL DE LA REPUBLICA DOMINICANA,BCENTRAL,57393
DO1002228612,NO031227,BCENTRAL/8 BOEST 20271203 GTIA,380000,DOP,38,0,99.248716,07/08/2026,02:42:48 PM,PLAZO,PRIMERA PARTE,ROTC,14/09/2026,CONFIRMADA,3269327,0,03/12/2024,03/12/2027,0,BANCO CENTRAL DE LA REPUBLICA DOMINICANA,BCENTRAL,56791
DO1002228612,NO031227,BCENTRAL/8 BOEST 20271203 GTIA,380000,DOP,38,4,99.531316,07/08/2026,02:42:47 PM,PRESTAMO,SEGUNDA PARTE,ROTC,02/12/2026,CONFIRMADA,3269328,0,03/12/2024,03/12/2027,4.116283,BANCO CENTRAL DE LA REPUBLICA DOMINICANA,BCENTRAL,58226
DO1002228612,NO031227,BCENTRAL/8 BOEST 20271203 GTIA,380000,DOP,38,0,99.248716,07/08/2026,02:42:47 PM,PRESTAMO,PRIMERA PARTE,ROTC,14/09/2026,CONFIRMADA,3269328,0,03/12/2024,03/12/2027,4.116283,BANCO CENTRAL DE LA REPUBLICA DOMINICANA,BCENTRAL,58387
DO1002228612,NO031227,BCENTRAL/8 BOEST 20271203 GTIA,380000,DOP,38,4,99.531316,07/08/2026,02:42:46 PM,PLAZO,PRIMERA PARTE,ROTC,02/12/2026,CONFIRMADA,3269329,0,03/12/2024,03/12/2027,0,BANCO CENTRAL DE LA REPUBLICA DOMINICANA,BCENTRAL,56679
DO1002227317,NO150928,BCENTRAL/11 BOEST 20280915 GTIA,370000,DOP,37,0,103.967459,07/08/2026,02:42:45 PM,PLAZO,PRIMERA PARTE,ROTC,02/12/2026,CONFIRMADA,3269330,0,15/09/2023,15/09/2028,0,BANCO CENTRAL DE LA REPUBLICA DOMINICANA,BCENTRAL,57456
DO1002227317,NO150928,BCENTRAL/11 BOEST 20280915 GTIA,370000,DOP,37,4,103.541038,07/08/2026,02:42:44 PM,PRESTAMO,SEGUNDA PARTE,ROTC,12/03/2027,CONFIRMADA,3269331,0,15/09/2023,15/09/2028,4.573129,BANCO CENTRAL DE LA REPUBLICA DOMINICANA,BCENTRAL,58898
DO1002227317,NO150928,BCENTRAL/11 BOEST 20280915 GTIA,370000,DOP,37,0,103.967459,07/08/2026,02:42:44 PM,PRESTAMO,PRIMERA PARTE,ROTC,02/12/2026,CONFIRMADA,3269331,0,15/09/2023,15/09/2028,4.573129,BANCO CENTRAL DE LA REPUBLICA DOMINICANA,BCENTRAL,59052
DO1002227317,NO150928,BCENTRAL/11 BOEST 20280915 GTIA,370000,DOP,37,4,103.541038,07/08/2026,02:42:43 PM,PLAZO,PRIMERA PARTE,ROTC,12/03/2027,CONFIRMADA,3269332,0,15/09/2023,15/09/2028,0,BANCO CENTRAL DE LA REPUBLICA DOMINICANA,BCENTRAL,57351
DO1002228612,NO031227,BCENTRAL/8 BOEST 20271203 GTIA,390000,DOP,39,0,101.223649,07/08/2026,02:42:42 PM,PLAZO,PRIMERA PARTE,ROTC,12/03/2027,CONFIRMADA,3269333,0,03/12/2024,03/12/2027,0,BANCO CENTRAL DE LA REPUBLICA DOMINICANA,BCENTRAL,56924
DO1002228612,NO031227,BCENTRAL/8 BOEST 20271203 GTIA,390000,DOP,39,4,101.453651,07/08/2026,02:42:42 PM,PRESTAMO,SEGUNDA PARTE,ROTC,02/06/2027,CONFIRMADA,3269334,0,03/12/2024,03/12/2027,3.991235,BANCO CENTRAL DE LA REPUBLICA DOMINICANA,BCENTRAL,58492
DO1002228612,NO031227,BCENTRAL/8 BOEST 20271203 GTIA,390000,DOP,39,0,101.223649,07/08/2026,02:42:42 PM,PRESTAMO,PRIMERA PARTE,ROTC,12/03/2027,CONFIRMADA,3269334,0,03/12/2024,03/12/2027,3.991235,BANCO CENTRAL DE LA REPUBLICA DOMINICANA,BCENTRAL,58527
DO1002228612,NO031227,BCENTRAL/8 BOEST 20271203 GTIA,390000,DOP,39,4,101.453651,07/08/2026,02:42:41 PM,PLAZO,PRIMERA PARTE,ROTC,02/06/2027,CONFIRMADA,3269335,0,03/12/2024,03/12/2027,0,BANCO CENTRAL DE LA REPUBLICA DOMINICANA,BCENTRAL,56945
DO1002227317,NO150928,BCENTRAL/11 BOEST 20280915 GTIA,390000,DOP,39,0,103.100408,07/08/2026,02:42:40 PM,PLAZO,PRIMERA PARTE,ROTC,02/06/2027,CONFIRMADA,3269336,0,15/09/2023,15/09/2028,0,BANCO CENTRAL DE LA REPUBLICA DOMINICANA,BCENTRAL,57288
DO1002227317,NO150928,BCENTRAL/11 BOEST 20280915 GTIA,390000,DOP,39,4,102.768362,07/08/2026,02:42:39 PM,PRESTAMO,SEGUNDA PARTE,ROTC,06/08/2027,CONFIRMADA,3269337,0,15/09/2023,15/09/2028,3.709911,BANCO CENTRAL DE LA REPUBLICA DOMINICANA,BCENTRAL,59080
DO1002227317,NO150928,BCENTRAL/11 BOEST 20280915 GTIA,390000,DOP,39,0,103.100408,07/08/2026,02:42:39 PM,PRESTAMO,PRIMERA PARTE,ROTC,02/06/2027,CONFIRMADA,3269337,0,15/09/2023,15/09/2028,3.709911,BANCO CENTRAL DE LA REPUBLICA DOMINICANA,BCENTRAL,58947
DO1002227317,NO150928,BCENTRAL/11 BOEST 20280915 GTIA,390000,DOP,39,4,102.768362,07/08/2026,02:42:38 PM,PLAZO,PRIMERA PARTE,ROTC,06/08/2027,CONFIRMADA,3269338,0,15/09/2023,15/09/2028,0,BANCO CENTRAL DE LA REPUBLICA DOMINICANA,BCENTRAL,57533
DO1002227317,NO150928,BCENTRAL/11 BOEST 20280915 GTIA,30000,DOP,3,9.40177995,102.96,07/08/2026,02:42:37 PM,CONTADO,PRIMERA PARTE,ROTC,10/08/2026,CONFIRMADA,3269339,0,15/09/2023,15/09/2028,0,BANCO CENTRAL DE LA REPUBLICA DOMINICANA,BCENTRAL,59472
DO1002261522,NO180130,BCENTRAL/9.5 BOEST 20300118 GTIA,50000,DOP,5,9.64919285,99.56,07/08/2026,02:42:36 PM,CONTADO,PRIMERA PARTE,ROTC,10/08/2026,CONFIRMADA,3269340,0,18/01/2026,18/01/2030,0,BANCO CENTRAL DE LA REPUBLICA DOMINICANA,BCENTRAL,59458
DO2028900119,BC1ENA01,ENADOM/7.9 BO 20340912,1990,USD,1990,7.56320337,102,07/08/2026,02:42:35 PM,CONTADO,PRIMERA PARTE,ROTC,10/08/2026,CONFIRMADA,3269341,0,12/09/2024,12/09/2034,0,ENERGIA NATURAL DOMINICANA ENADOM SRL,ENADOM,54803
DO1002228612,NO031227,BCENTRAL/8 BOEST 20271203 GTIA,3810000,DOP,381,7.9089,100.093572,07/08/2026,02:42:34 PM,CONTADO,PRIMERA PARTE,ROTC,10/08/2026,CONFIRMADA,3269342,0,03/12/2024,03/12/2027,0,BANCO CENTRAL DE LA REPUBLICA DOMINICANA,BCENTRAL,60417
DO1002228612,NO031227,BCENTRAL/8 BOEST 20271203 GTIA,3810000,DOP,381,7.8579,100.144662,07/08/2026,02:42:32 PM,PRESTAMO,SEGUNDA PARTE,ROTC,09/09/2026,CONFIRMADA,3269343,0,03/12/2024,03/12/2027,2.144135,BANCO CENTRAL DE LA REPUBLICA DOMINICANA,BCENTRAL,61096
DO1002228612,NO031227,BCENTRAL/8 BOEST 20271203 GTIA,3810000,DOP,381,7.9089,100.093572,07/08/2026,02:42:32 PM,PRESTAMO,PRIMERA PARTE,ROTC,10/08/2026,CONFIRMADA,3269343,0,03/12/2024,03/12/2027,2.144135,BANCO CENTRAL DE LA REPUBLICA DOMINICANA,BCENTRAL,61096
DO1002228612,NO031227,BCENTRAL/8 BOEST 20271203 GTIA,3810000,DOP,381,7.8579,100.144662,07/08/2026,02:42:31 PM,PLAZO,PRIMERA PARTE,ROTC,09/09/2026,CONFIRMADA,3269344,0,03/12/2024,03/12/2027,0,BANCO CENTRAL DE LA REPUBLICA DOMINICANA,BCENTRAL,59549
USP3579EBE60,BSRD2045,DOMINICAN Rep/6.85 BD 20450127 Un,500000,USD,500,6.71149221,101.45,07/08/2026,02:42:30 PM,CONTADO,PRIMERA PARTE,ROTC,10/08/2026,CONFIRMADA,3269345,0,27/01/2015,27/01/2045,0,MINISTERIO DE HACIENDA,HACIENDA,62503
DO2028900119,BC1ENA01,ENADOM/7.9 BO 20340912,9480,USD,9480,7.56316514,102,07/08/2026,02:42:29 PM,CONTADO,PRIMERA PARTE,ROTC,11/08/2026,CONFIRMADA,3269346,0,12/09/2024,12/09/2034,0,ENERGIA NATURAL DOMINICANA ENADOM SRL,ENADOM,54873
DO2028900317,BC1ENA03,ENADOM/7.5 BO 20341203,18796,USD,18796,7.54970887,99.68,07/08/2026,02:42:28 PM,CONTADO,PRIMERA PARTE,ROTC,11/08/2026,CONFIRMADA,3269347,0,03/12/2024,03/12/2034,0,ENERGIA NATURAL DOMINICANA ENADOM SRL,ENADOM,56602
DO2028900416,BC1ENA04,ENADOM/7.4 BO 20350313,25685,USD,25685,7.52642909,99.2,07/08/2026,02:42:27 PM,CONTADO,PRIMERA PARTE,ROTC,11/08/2026,CONFIRMADA,3269348,0,13/03/2025,13/03/2035,0,ENERGIA NATURAL DOMINICANA ENADOM SRL,ENADOM,56042
DO2028900416,BC1ENA04,ENADOM/7.4 BO 20350313,195,USD,195,7.52636096,99.2,07/08/2026,02:42:26 PM,CONTADO,PRIMERA PARTE,ROTC,10/08/2026,CONFIRMADA,3269349,0,13/03/2025,13/03/2035,0,ENERGIA NATURAL DOMINICANA ENADOM SRL,ENADOM,54530
USP3579ECQ81,BSDR2033, ,24200000,DOP,484,9.399439,120.033325,07/08/2026,02:42:25 PM,ESTRUCTURADA,SEGUNDA PARTE,ROTC,28/08/2026,CONFIRMADA,3269322,0,03/02/2023,03/02/2033,10,MINISTERIO DE HACIENDA,HACIENDA,52668
USP3579ECQ81,BSDR2033, ,24200000,DOP,484,9.40967262,120.126495,07/08/2026,02:42:25 PM,ESTRUCTURADA,PRIMERA PARTE,ROTC,07/08/2026,CONFIRMADA,3269322,0,03/02/2023,03/02/2033,10,MINISTERIO DE HACIENDA,HACIENDA,53452
DO1005205716,MHUS2027,HACIENDA/6 BOEST 20270305 GTIA,39000,USD,39,6.0132,99.966846,07/08/2026,02:42:24 PM,CONTADO,PRIMERA PARTE,ROTC,10/08/2026,CONFIRMADA,3269350,0,05/09/2016,05/03/2027,0,MINISTERIO DE HACIENDA,HACIENDA,59423
DO1005205716,MHUS2027,HACIENDA/6 BOEST 20270305 GTIA,39000,USD,39,-9.2932,99.883487,07/08/2026,02:42:23 PM,PRESTAMO,SEGUNDA PARTE,ROTC,04/09/2026,CONFIRMADA,3269351,0,05/09/2016,05/03/2027,2.84267,MINISTERIO DE HACIENDA,HACIENDA,60473
DO1005205716,MHUS2027,HACIENDA/6 BOEST 20270305 GTIA,39000,USD,39,6.0132,99.966846,07/08/2026,02:42:23 PM,PRESTAMO,PRIMERA PARTE,ROTC,10/08/2026,CONFIRMADA,3269351,0,05/09/2016,05/03/2027,2.84267,MINISTERIO DE HACIENDA,HACIENDA,60109
DO1005205716,MHUS2027,HACIENDA/6 BOEST 20270305 GTIA,39000,USD,39,-9.2932,99.883487,07/08/2026,02:42:22 PM,PLAZO,PRIMERA PARTE,ROTC,04/09/2026,CONFIRMADA,3269352,0,05/09/2016,05/03/2027,0,MINISTERIO DE HACIENDA,HACIENDA,58926
DO1002228612,NO031227,BCENTRAL/8 BOEST 20271203 GTIA,9800000,DOP,980,8.0324,99.941952,07/08/2026,02:42:21 PM,CONTADO,PRIMERA PARTE,ROTC,10/08/2026,CONFIRMADA,3269353,0,03/12/2024,03/12/2027,0,BANCO CENTRAL DE LA REPUBLICA DOMINICANA,BCENTRAL,60158
DO1002228612,NO031227,BCENTRAL/8 BOEST 20271203 GTIA,9800000,DOP,980,7.99,99.991986,07/08/2026,02:42:20 PM,PRESTAMO,SEGUNDA PARTE,ROTC,09/09/2026,CONFIRMADA,3269354,0,03/12/2024,03/12/2027,2.146307,BANCO CENTRAL DE LA REPUBLICA DOMINICANA,BCENTRAL,60312
DO1002228612,NO031227,BCENTRAL/8 BOEST 20271203 GTIA,9800000,DOP,980,8.0324,99.941952,07/08/2026,02:42:20 PM,PRESTAMO,PRIMERA PARTE,ROTC,10/08/2026,CONFIRMADA,3269354,0,03/12/2024,03/12/2027,2.146307,BANCO CENTRAL DE LA REPUBLICA DOMINICANA,BCENTRAL,60844
DO1002228612,NO031227,BCENTRAL/8 BOEST 20271203 GTIA,9800000,DOP,980,7.99,99.991986,07/08/2026,02:42:19 PM,PLAZO,PRIMERA PARTE,ROTC,09/09/2026,CONFIRMADA,3269355,0,03/12/2024,03/12/2027,0,BANCO CENTRAL DE LA REPUBLICA DOMINICANA,BCENTRAL,58828
DO2016300124,BC1GUL01,GULFSTREAM/11.25 BO 20290528,53771,DOP,53771,11.247547,99.999273,07/08/2026,02:42:18 PM,CONTADO,PRIMERA PARTE,ROTC,10/08/2026,CONFIRMADA,3269356,0,28/05/2019,28/05/2029,0,GULFSTREAM PETROLEUM DOMINICANA S DE RL,GULFSTREAM,60487
DO2016300124,BC1GUL01,GULFSTREAM/11.25 BO 20290528,53771,DOP,53771,11.247547,99.999273,07/08/2026,02:42:17 PM,CONTADO,PRIMERA PARTE,ROTC,10/08/2026,CONFIRMADA,3269357,0,28/05/2019,28/05/2029,0,GULFSTREAM PETROLEUM DOMINICANA S DE RL,GULFSTREAM,60480
USP3579ECR64,BSRD2031, ,1000,USD,1,5.89738743,105.4,07/08/2026,02:42:16 PM,CONTADO,PRIMERA PARTE,ROTC,10/08/2026,CONFIRMADA,3269358,0,03/02/2023,03/02/2031,0,MINISTERIO DE HACIENDA,HACIENDA,46753
USP3579ECP09,BSRD2029, ,40000,USD,40,0,100.1455,07/08/2026,02:42:14 PM,PLAZO,PRIMERA PARTE,ROTC,04/09/2026,CONFIRMADA,3269359,0,22/02/2022,22/02/2029,0,MINISTERIO DE HACIENDA,HACIENDA,44261
USP3579ECP09,BSRD2029, ,40000,USD,40,4,99.86355,07/08/2026,02:42:14 PM,PRESTAMO,SEGUNDA PARTE,ROTC,07/01/2027,CONFIRMADA,3269360,0,22/02/2022,22/02/2029,1.746904,MINISTERIO DE HACIENDA,HACIENDA,46004
USP3579ECP09,BSRD2029, ,40000,USD,40,0,100.1455,07/08/2026,02:42:14 PM,PRESTAMO,PRIMERA PARTE,ROTC,04/09/2026,CONFIRMADA,3269360,0,22/02/2022,22/02/2029,1.746904,MINISTERIO DE HACIENDA,HACIENDA,45864
USP3579ECP09,BSRD2029, ,40000,USD,40,4,99.86355,07/08/2026,02:42:13 PM,PLAZO,PRIMERA PARTE,ROTC,07/01/2027,CONFIRMADA,3269361,0,22/02/2022,22/02/2029,0,MINISTERIO DE HACIENDA,HACIENDA,44457
USP3579EDB04,BSRD2038, ,188000,USD,188,6.220364,99.962855,07/08/2026,02:41:44 PM,CONTADO,PRIMERA PARTE,ROTC,07/08/2026,CONFIRMADA,3269362,0,17/02/2026,17/05/2038,0,MINISTERIO DE HACIENDA,HACIENDA,49021
DO1005212019,MH32034,HACIENDA/13.625 BOEST 20340210 GTIA,5500000,DOP,55,8.3571,128.69003,07/08/2026,02:36:47 PM,ESTRUCTURADA,SEGUNDA PARTE,ROTC,07/09/2026,CONFIRMADA,3269253,0,10/02/2023,10/02/2034,13.625,MINISTERIO DE HACIENDA,HACIENDA,63546
DO1005212019,MH32034,HACIENDA/13.625 BOEST 20340210 GTIA,5500000,DOP,55,9.42888,122.225141,07/08/2026,02:36:47 PM,ESTRUCTURADA,PRIMERA PARTE,ROTC,07/08/2026,CONFIRMADA,3269253,0,10/02/2023,10/02/2034,13.625,MINISTERIO DE HACIENDA,HACIENDA,64316
USP3579ECZ80,BSRD2035, ,2000,USD,2,5.86,100.095227,07/08/2026,02:35:48 PM,CONTADO,PRIMERA PARTE,ROTC,07/08/2026,CONFIRMADA,3269277,0,28/10/2025,28/10/2035,0,MINISTERIO DE HACIENDA,HACIENDA,46459
DO1005206516,MH32028,HACIENDA/10.75 BOEST 20280811 GTIA,3700000,DOP,37,7.89725,104.375543,07/08/2026,02:34:44 PM,PRESTAMO,SEGUNDA PARTE,ROTC,07/12/2026,CONFIRMADA,3269276,0,10/08/2018,11/08/2028,10.75,MINISTERIO DE HACIENDA,HACIENDA,61922
DO1005206516,MH32028,HACIENDA/10.75 BOEST 20280811 GTIA,3700000,DOP,37,10.91536,99.703751,07/08/2026,02:34:44 PM,PRESTAMO,PRIMERA PARTE,ROTC,07/08/2026,CONFIRMADA,3269276,0,10/08/2018,11/08/2028,10.75,MINISTERIO DE HACIENDA,HACIENDA,61992
DO1005206516,MH32028,HACIENDA/10.75 BOEST 20280811 GTIA,3700000,DOP,37,7.89725,104.375543,07/08/2026,02:33:46 PM,ESTRUCTURADA,SEGUNDA PARTE,ROTC,07/12/2026,CONFIRMADA,3269275,0,10/08/2018,11/08/2028,10.75,MINISTERIO DE HACIENDA,HACIENDA,64029
DO1005206516,MH32028,HACIENDA/10.75 BOEST 20280811 GTIA,3700000,DOP,37,10.91536,99.703751,07/08/2026,02:33:46 PM,ESTRUCTURADA,PRIMERA PARTE,ROTC,07/08/2026,CONFIRMADA,3269275,0,10/08/2018,11/08/2028,10.75,MINISTERIO DE HACIENDA,HACIENDA,64099
USP3579ECH82,BSRD2032,"DOMINICAN, REP /4.875 BD 20320923",280000,USD,280,4.7278,100.715,07/08/2026,02:33:30 PM,PRESTAMO,SEGUNDA PARTE,ROTC,05/02/2027,CONFIRMADA,3269153,0,23/09/2020,23/09/2032,4.875,MINISTERIO DE HACIENDA,HACIENDA,61068
USP3579ECH82,BSRD2032,"DOMINICAN, REP /4.875 BD 20320923",280000,USD,280,5.22371,98.185414,07/08/2026,02:33:30 PM,PRESTAMO,PRIMERA PARTE,ROTC,07/08/2026,CONFIRMADA,3269153,0,23/09/2020,23/09/2032,4.875,MINISTERIO DE HACIENDA,HACIENDA,62314
USP3579ECH82,BSRD2032,"DOMINICAN, REP /4.875 BD 20320923",280000,USD,280,4.7278,100.715,07/08/2026,02:32:49 PM,ESTRUCTURADA,SEGUNDA PARTE,ROTC,05/02/2027,CONFIRMADA,3269152,0,23/09/2020,23/09/2032,4.875,MINISTERIO DE HACIENDA,HACIENDA,63231
USP3579ECH82,BSRD2032,"DOMINICAN, REP /4.875 BD 20320923",280000,USD,280,5.22371,98.185414,07/08/2026,02:32:49 PM,ESTRUCTURADA,PRIMERA PARTE,ROTC,07/08/2026,CONFIRMADA,3269152,0,23/09/2020,23/09/2032,4.875,MINISTERIO DE HACIENDA,HACIENDA,64477
DO1005206516,MH32028,HACIENDA/10.75 BOEST 20280811 GTIA,1100000,DOP,11,8.2066,104.457082,07/08/2026,02:32:30 PM,PRESTAMO,SEGUNDA PARTE,ROTC,08/09/2026,CONFIRMADA,3269278,0,10/08/2018,11/08/2028,8.24,MINISTERIO DE HACIENDA,HACIENDA,61355
DO1005206516,MH32028,HACIENDA/10.75 BOEST 20280811 GTIA,1100000,DOP,11,11.1679,99.302989,07/08/2026,02:32:30 PM,PRESTAMO,PRIMERA PARTE,ROTC,07/08/2026,CONFIRMADA,3269278,0,10/08/2018,11/08/2028,8.24,MINISTERIO DE HACIENDA,HACIENDA,61551
DO1005206516,MH32028,HACIENDA/10.75 BOEST 20280811 GTIA,1100000,DOP,11,8.2066,104.457082,07/08/2026,02:32:29 PM,ESTRUCTURADA,SEGUNDA PARTE,ROTC,08/09/2026,CONFIRMADA,3269233,0,10/08/2018,11/08/2028,8.24,MINISTERIO DE HACIENDA,HACIENDA,63511
DO1005206516,MH32028,HACIENDA/10.75 BOEST 20280811 GTIA,1100000,DOP,11,11.1679,99.302989,07/08/2026,02:32:29 PM,ESTRUCTURADA,PRIMERA PARTE,ROTC,07/08/2026,CONFIRMADA,3269233,0,10/08/2018,11/08/2028,8.24,MINISTERIO DE HACIENDA,HACIENDA,63707
DO1005208629,MH12031,HACIENDA/8.5 BOEST 20310611 GTIA,1700000,DOP,17,2.4409,125.356573,07/08/2026,02:31:40 PM,PRESTAMO,SEGUNDA PARTE,ROTC,04/02/2027,CONFIRMADA,3269274,0,11/06/2021,11/06/2031,7.99,MINISTERIO DE HACIENDA,HACIENDA,60655
DO1005208629,MH12031,HACIENDA/8.5 BOEST 20310611 GTIA,1700000,DOP,17,3.9501,120.417788,07/08/2026,02:31:40 PM,PRESTAMO,PRIMERA PARTE,ROTC,07/08/2026,CONFIRMADA,3269274,0,11/06/2021,11/06/2031,7.99,MINISTERIO DE HACIENDA,HACIENDA,60774
DO1005208629,MH12031,HACIENDA/8.5 BOEST 20310611 GTIA,1700000,DOP,17,2.4409,125.356573,07/08/2026,02:31:39 PM,ESTRUCTURADA,SEGUNDA PARTE,ROTC,04/02/2027,CONFIRMADA,3269220,0,11/06/2021,11/06/2031,7.99,MINISTERIO DE HACIENDA,HACIENDA,62811
DO1005208629,MH12031,HACIENDA/8.5 BOEST 20310611 GTIA,1700000,DOP,17,3.9501,120.417788,07/08/2026,02:31:39 PM,ESTRUCTURADA,PRIMERA PARTE,ROTC,07/08/2026,CONFIRMADA,3269220,0,11/06/2021,11/06/2031,7.99,MINISTERIO DE HACIENDA,HACIENDA,62930
DO1005206516,MH32028,HACIENDA/10.75 BOEST 20280811 GTIA,1400000,DOP,14,6.29254,107.00246,07/08/2026,02:31:21 PM,PRESTAMO,SEGUNDA PARTE,ROTC,04/12/2026,CONFIRMADA,3269256,0,10/08/2018,11/08/2028,10.75,MINISTERIO DE HACIENDA,HACIENDA,61285
DO1005206516,MH32028,HACIENDA/10.75 BOEST 20280811 GTIA,1400000,DOP,14,9.68719,101.900391,07/08/2026,02:31:21 PM,PRESTAMO,PRIMERA PARTE,ROTC,07/08/2026,CONFIRMADA,3269256,0,10/08/2018,11/08/2028,10.75,MINISTERIO DE HACIENDA,HACIENDA,61852
DO1005206516,MH32028,HACIENDA/10.75 BOEST 20280811 GTIA,1400000,DOP,14,6.29254,107.00246,07/08/2026,02:31:06 PM,ESTRUCTURADA,SEGUNDA PARTE,ROTC,04/12/2026,CONFIRMADA,3269255,0,10/08/2018,11/08/2028,10.75,MINISTERIO DE HACIENDA,HACIENDA,63406
DO1005206516,MH32028,HACIENDA/10.75 BOEST 20280811 GTIA,1400000,DOP,14,9.68719,101.900391,07/08/2026,02:31:06 PM,ESTRUCTURADA,PRIMERA PARTE,ROTC,07/08/2026,CONFIRMADA,3269255,0,10/08/2018,11/08/2028,10.75,MINISTERIO DE HACIENDA,HACIENDA,63973
USP3579ECH82,BSRD2032,"DOMINICAN, REP /4.875 BD 20320923",1245000,USD,1245,3.5532,106.696344,07/08/2026,02:30:21 PM,PRESTAMO,SEGUNDA PARTE,ROTC,03/02/2027,CONFIRMADA,3269273,0,23/09/2020,23/09/2032,4.99,MINISTERIO DE HACIENDA,HACIENDA,62846
USP3579ECH82,BSRD2032,"DOMINICAN, REP /4.875 BD 20320923",1245000,USD,1245,4.1282,104.002052,07/08/2026,02:30:21 PM,PRESTAMO,PRIMERA PARTE,ROTC,07/08/2026,CONFIRMADA,3269273,0,23/09/2020,23/09/2032,4.99,MINISTERIO DE HACIENDA,HACIENDA,62790
USP3579ECH82,BSRD2032,"DOMINICAN, REP /4.875 BD 20320923",1245000,USD,1245,3.5532,106.696344,07/08/2026,02:30:20 PM,ESTRUCTURADA,SEGUNDA PARTE,ROTC,03/02/2027,CONFIRMADA,3269219,0,23/09/2020,23/09/2032,4.99,MINISTERIO DE HACIENDA,HACIENDA,64939
USP3579ECH82,BSRD2032,"DOMINICAN, REP /4.875 BD 20320923",1245000,USD,1245,4.1282,104.002052,07/08/2026,02:30:20 PM,ESTRUCTURADA,PRIMERA PARTE,ROTC,07/08/2026,CONFIRMADA,3269219,0,23/09/2020,23/09/2032,4.99,MINISTERIO DE HACIENDA,HACIENDA,64883
DO2020000124,BC1IES01,IES/8 BO 20310930,1440000,DOP,14400,7.2488,102.896692,07/08/2026,02:29:49 PM,ESTRUCTURADA,SEGUNDA PARTE,ROTC,12/02/2027,CONFIRMADA,3269251,0,30/09/2021,30/09/2031,8,"INGENIERIA ESTRELLA, S. A.",IES,57680
DO2020000124,BC1IES01,IES/8 BO 20310930,1440000,DOP,14400,8.15397,99.346603,07/08/2026,02:29:49 PM,ESTRUCTURADA,PRIMERA PARTE,ROTC,07/08/2026,CONFIRMADA,3269251,0,30/09/2021,30/09/2031,8,"INGENIERIA ESTRELLA, S. A.",IES,57813
USP3579ECH82,BSRD2032,"DOMINICAN, REP /4.875 BD 20320923",15000,USD,15,4.75648,100.607292,07/08/2026,02:29:45 PM,PRESTAMO,SEGUNDA PARTE,ROTC,06/10/2026,CONFIRMADA,3269258,0,23/09/2020,23/09/2032,4.875,MINISTERIO DE HACIENDA,HACIENDA,61887
USP3579ECH82,BSRD2032,"DOMINICAN, REP /4.875 BD 20320923",15000,USD,15,5.22371,98.1854,07/08/2026,02:29:45 PM,PRESTAMO,PRIMERA PARTE,ROTC,07/08/2026,CONFIRMADA,3269258,0,23/09/2020,23/09/2032,4.875,MINISTERIO DE HACIENDA,HACIENDA,60956
DO1005208629,MH12031,HACIENDA/8.5 BOEST 20310611 GTIA,41400000,DOP,414,4.3531,117.614601,07/08/2026,02:29:13 PM,PRESTAMO,SEGUNDA PARTE,ROTC,05/11/2026,CONFIRMADA,3269272,0,11/06/2021,11/06/2031,8.99,MINISTERIO DE HACIENDA,HACIENDA,61299
DO1005208629,MH12031,HACIENDA/8.5 BOEST 20310611 GTIA,41400000,DOP,414,4.6442,117.079676,07/08/2026,02:29:13 PM,PRESTAMO,PRIMERA PARTE,ROTC,07/08/2026,CONFIRMADA,3269272,0,11/06/2021,11/06/2031,8.99,MINISTERIO DE HACIENDA,HACIENDA,61565
DO1005208629,MH12031,HACIENDA/8.5 BOEST 20310611 GTIA,41400000,DOP,414,4.3531,117.614601,07/08/2026,02:29:12 PM,ESTRUCTURADA,SEGUNDA PARTE,ROTC,05/11/2026,CONFIRMADA,3269217,0,11/06/2021,11/06/2031,8.99,MINISTERIO DE HACIENDA,HACIENDA,63392
DO1005208629,MH12031,HACIENDA/8.5 BOEST 20310611 GTIA,41400000,DOP,414,4.6442,117.079676,07/08/2026,02:29:12 PM,ESTRUCTURADA,PRIMERA PARTE,ROTC,07/08/2026,CONFIRMADA,3269217,0,11/06/2021,11/06/2031,8.99,MINISTERIO DE HACIENDA,HACIENDA,63658
DO2006901311,BC1ITA01,EGEITABO/5.65 BO 20311208,285000,USD,285000,4.7298,104.226166,07/08/2026,02:28:59 PM,ESTRUCTURADA,SEGUNDA PARTE,ROTC,07/09/2026,CONFIRMADA,3269252,0,08/12/2021,08/12/2031,5.65,"EMPRESA GENERADORA DE ELECTRICIDAD ITABO, S.A.",EGEITABO,61362
DO2006901311,BC1ITA01,EGEITABO/5.65 BO 20311208,285000,USD,285000,4.72001,104.334393,07/08/2026,02:28:59 PM,ESTRUCTURADA,PRIMERA PARTE,ROTC,07/08/2026,CONFIRMADA,3269252,0,08/12/2021,08/12/2031,5.65,"EMPRESA GENERADORA DE ELECTRICIDAD ITABO, S.A.",EGEITABO,61656
USP3579ECH82,BSRD2032,"DOMINICAN, REP /4.875 BD 20320923",15000,USD,15,4.75648,100.607292,07/08/2026,02:28:52 PM,ESTRUCTURADA,SEGUNDA PARTE,ROTC,06/10/2026,CONFIRMADA,3269257,0,23/09/2020,23/09/2032,4.875,MINISTERIO DE HACIENDA,HACIENDA,63966
USP3579ECH82,BSRD2032,"DOMINICAN, REP /4.875 BD 20320923",15000,USD,15,5.22371,98.1854,07/08/2026,02:28:52 PM,ESTRUCTURADA,PRIMERA PARTE,ROTC,07/08/2026,CONFIRMADA,3269257,0,23/09/2020,23/09/2032,4.875,MINISTERIO DE HACIENDA,HACIENDA,63035
USP3579ECH82,BSRD2032,"DOMINICAN, REP /4.875 BD 20320923",385000,USD,385,1.7878,117.604649,07/08/2026,02:28:25 PM,PRESTAMO,SEGUNDA PARTE,ROTC,08/09/2026,CONFIRMADA,3269271,0,23/09/2020,23/09/2032,3.99,MINISTERIO DE HACIENDA,HACIENDA,62468
USP3579ECH82,BSRD2032,"DOMINICAN, REP /4.875 BD 20320923",385000,USD,385,1.8256,117.600912,07/08/2026,02:28:25 PM,PRESTAMO,PRIMERA PARTE,ROTC,07/08/2026,CONFIRMADA,3269271,0,23/09/2020,23/09/2032,3.99,MINISTERIO DE HACIENDA,HACIENDA,62377
USP3579ECH82,BSRD2032,"DOMINICAN, REP /4.875 BD 20320923",385000,USD,385,1.7878,117.604649,07/08/2026,02:28:24 PM,ESTRUCTURADA,SEGUNDA PARTE,ROTC,08/09/2026,CONFIRMADA,3269216,0,23/09/2020,23/09/2032,3.99,MINISTERIO DE HACIENDA,HACIENDA,64561
USP3579ECH82,BSRD2032,"DOMINICAN, REP /4.875 BD 20320923",385000,USD,385,1.8256,117.600912,07/08/2026,02:28:24 PM,ESTRUCTURADA,PRIMERA PARTE,ROTC,07/08/2026,CONFIRMADA,3269216,0,23/09/2020,23/09/2032,3.99,MINISTERIO DE HACIENDA,HACIENDA,64470
DO1005208629,MH12031,HACIENDA/8.5 BOEST 20310611 GTIA,512000000,DOP,5120,8.8,99.300795,07/08/2026,02:27:57 PM,CONTADO,PRIMERA PARTE,ROTC,10/08/2026,CONFIRMADA,3269211,0,11/06/2021,11/06/2031,0,MINISTERIO DE HACIENDA,HACIENDA,60144
DO1005205716,MHUS2027,HACIENDA/6 BOEST 20270305 GTIA,9000,USD,9,-19.618,111.182222,07/08/2026,02:27:22 PM,PRESTAMO,SEGUNDA PARTE,ROTC,12/10/2026,CONFIRMADA,3269270,0,05/09/2016,05/03/2027,3.55,MINISTERIO DE HACIENDA,HACIENDA,59794
DO1005205716,MHUS2027,HACIENDA/6 BOEST 20270305 GTIA,9000,USD,9,-8.3228,108.497444,07/08/2026,02:27:22 PM,PRESTAMO,PRIMERA PARTE,ROTC,11/08/2026,CONFIRMADA,3269270,0,05/09/2016,05/03/2027,3.55,MINISTERIO DE HACIENDA,HACIENDA,60032
DO1005205716,MHUS2027,HACIENDA/6 BOEST 20270305 GTIA,9000,USD,9,-19.618,111.182222,07/08/2026,02:27:21 PM,ESTRUCTURADA,SEGUNDA PARTE,ROTC,12/10/2026,CONFIRMADA,3269268,0,05/09/2016,05/03/2027,3.55,MINISTERIO DE HACIENDA,HACIENDA,61887
DO1005205716,MHUS2027,HACIENDA/6 BOEST 20270305 GTIA,9000,USD,9,-8.3228,108.497444,07/08/2026,02:27:21 PM,ESTRUCTURADA,PRIMERA PARTE,ROTC,11/08/2026,CONFIRMADA,3269268,0,05/09/2016,05/03/2027,3.55,MINISTERIO DE HACIENDA,HACIENDA,62125
DO1005205716,MHUS2027,HACIENDA/6 BOEST 20270305 GTIA,38000,USD,38,-3.4991,104.675737,07/08/2026,02:27:13 PM,PRESTAMO,SEGUNDA PARTE,ROTC,10/09/2026,CONFIRMADA,3269269,0,05/09/2016,05/03/2027,3.55,MINISTERIO DE HACIENDA,HACIENDA,60683
DO1005205716,MHUS2027,HACIENDA/6 BOEST 20270305 GTIA,38000,USD,38,2.6807,101.835211,07/08/2026,02:27:13 PM,PRESTAMO,PRIMERA PARTE,ROTC,11/08/2026,CONFIRMADA,3269269,0,05/09/2016,05/03/2027,3.55,MINISTERIO DE HACIENDA,HACIENDA,60284
DO1005205716,MHUS2027,HACIENDA/6 BOEST 20270305 GTIA,38000,USD,38,-3.4991,104.675737,07/08/2026,02:27:12 PM,ESTRUCTURADA,SEGUNDA PARTE,ROTC,10/09/2026,CONFIRMADA,3269267,0,05/09/2016,05/03/2027,3.55,MINISTERIO DE HACIENDA,HACIENDA,62776
DO1005205716,MHUS2027,HACIENDA/6 BOEST 20270305 GTIA,38000,USD,38,2.6807,101.835211,07/08/2026,02:27:12 PM,ESTRUCTURADA,PRIMERA PARTE,ROTC,11/08/2026,CONFIRMADA,3269267,0,05/09/2016,05/03/2027,3.55,MINISTERIO DE HACIENDA,HACIENDA,62377
DO1005213025,MH22031,HACIENDA/10.25 BOEST 20310209 GTIA,264700000,DOP,2647,8.8,105.325359,07/08/2026,02:27:04 PM,CONTADO,PRIMERA PARTE,ROTC,10/08/2026,CONFIRMADA,3269212,0,09/02/2024,09/02/2031,0,MINISTERIO DE HACIENDA,HACIENDA,61082
USP3579ECH82,BSRD2032,"DOMINICAN, REP /4.875 BD 20320923",100000,USD,100,4.72526,100.75625,07/08/2026,02:26:17 PM,PRESTAMO,SEGUNDA PARTE,ROTC,05/11/2026,CONFIRMADA,3269260,0,23/09/2020,23/09/2032,4.875,MINISTERIO DE HACIENDA,HACIENDA,62062
USP3579ECH82,BSRD2032,"DOMINICAN, REP /4.875 BD 20320923",100000,USD,100,5.22371,98.18542,07/08/2026,02:26:17 PM,PRESTAMO,PRIMERA PARTE,ROTC,07/08/2026,CONFIRMADA,3269260,0,23/09/2020,23/09/2032,4.875,MINISTERIO DE HACIENDA,HACIENDA,61880
DO1002223928,NO120227,BCENTRAL/8 BOEST 20270212 GTIA,43560000,DOP,4356,8,99.99788,07/08/2026,02:25:27 PM,CONTADO,PRIMERA PARTE,ROTC,07/08/2026,CONFIRMADA,3269207,0,12/02/2022,12/02/2027,0,BANCO CENTRAL DE LA REPUBLICA DOMINICANA,BCENTRAL,58968
USP3579ECH82,BSRD2032,"DOMINICAN, REP /4.875 BD 20320923",100000,USD,100,4.72526,100.75625,07/08/2026,02:25:24 PM,ESTRUCTURADA,SEGUNDA PARTE,ROTC,05/11/2026,CONFIRMADA,3269259,0,23/09/2020,23/09/2032,4.875,MINISTERIO DE HACIENDA,HACIENDA,64141
USP3579ECH82,BSRD2032,"DOMINICAN, REP /4.875 BD 20320923",100000,USD,100,5.22371,98.18542,07/08/2026,02:25:24 PM,ESTRUCTURADA,PRIMERA PARTE,ROTC,07/08/2026,CONFIRMADA,3269259,0,23/09/2020,23/09/2032,4.875,MINISTERIO DE HACIENDA,HACIENDA,63959
DO1002261423,NO301129,BCENTRAL/9.5 BOEST 20291130 GTIA,20000,DOP,2,9.5155,99.94995,07/08/2026,02:23:48 PM,PRESTAMO,SEGUNDA PARTE,ROTC,12/11/2026,CONFIRMADA,3269265,0,30/11/2025,30/11/2029,7.25,BANCO CENTRAL DE LA REPUBLICA DOMINICANA,BCENTRAL,59717
DO1002261423,NO301129,BCENTRAL/9.5 BOEST 20291130 GTIA,20000,DOP,2,9.3403,100.4177,07/08/2026,02:23:48 PM,PRESTAMO,PRIMERA PARTE,ROTC,14/08/2026,CONFIRMADA,3269265,0,30/11/2025,30/11/2029,7.25,BANCO CENTRAL DE LA REPUBLICA DOMINICANA,BCENTRAL,59556
DO1002261423,NO301129,BCENTRAL/9.5 BOEST 20291130 GTIA,20000,DOP,2,9.5155,99.94995,07/08/2026,02:23:47 PM,ESTRUCTURADA,SEGUNDA PARTE,ROTC,12/11/2026,CONFIRMADA,3269254,0,30/11/2025,30/11/2029,7.25,BANCO CENTRAL DE LA REPUBLICA DOMINICANA,BCENTRAL,61810
DO1002261423,NO301129,BCENTRAL/9.5 BOEST 20291130 GTIA,20000,DOP,2,9.3403,100.4177,07/08/2026,02:23:47 PM,ESTRUCTURADA,PRIMERA PARTE,ROTC,14/08/2026,CONFIRMADA,3269254,0,30/11/2025,30/11/2029,7.25,BANCO CENTRAL DE LA REPUBLICA DOMINICANA,BCENTRAL,61649
USP3579ECP09,BSRD2029, ,1000,USD,1,5.05,101.058261,07/08/2026,02:23:46 PM,CONTADO,PRIMERA PARTE,ROTC,07/08/2026,CONFIRMADA,3269261,0,22/02/2022,22/02/2029,0,MINISTERIO DE HACIENDA,HACIENDA,46291
DO1002261225,LE021026,BCENTRAL/ LT 20261002 GTIA,210000,DOP,21,19.7199,98.862752,07/08/2026,02:23:34 PM,PRESTAMO,SEGUNDA PARTE,ROTC,11/09/2026,CONFIRMADA,3269264,0,02/10/2025,02/10/2026,7.35,BANCO CENTRAL DE LA REPUBLICA DOMINICANA,BCENTRAL,58317
DO1002261225,LE021026,BCENTRAL/ LT 20261002 GTIA,210000,DOP,21,12.4932,98.260905,07/08/2026,02:23:34 PM,PRESTAMO,PRIMERA PARTE,ROTC,12/08/2026,CONFIRMADA,3269264,0,02/10/2025,02/10/2026,7.35,BANCO CENTRAL DE LA REPUBLICA DOMINICANA,BCENTRAL,58219
DO1002261225,LE021026,BCENTRAL/ LT 20261002 GTIA,210000,DOP,21,19.7199,98.862752,07/08/2026,02:23:33 PM,ESTRUCTURADA,SEGUNDA PARTE,ROTC,11/09/2026,CONFIRMADA,3269250,0,02/10/2025,02/10/2026,7.35,BANCO CENTRAL DE LA REPUBLICA DOMINICANA,BCENTRAL,60410
DO1002261225,LE021026,BCENTRAL/ LT 20261002 GTIA,210000,DOP,21,12.4932,98.260905,07/08/2026,02:23:33 PM,ESTRUCTURADA,PRIMERA PARTE,ROTC,12/08/2026,CONFIRMADA,3269250,0,02/10/2025,02/10/2026,7.35,BANCO CENTRAL DE LA REPUBLICA DOMINICANA,BCENTRAL,60312
DO1002261423,NO301129,BCENTRAL/9.5 BOEST 20291130 GTIA,10000,DOP,1,7.7994,104.4265,07/08/2026,02:23:21 PM,PRESTAMO,SEGUNDA PARTE,ROTC,11/12/2026,CONFIRMADA,3269263,0,30/11/2025,30/11/2029,7.55,BANCO CENTRAL DE LA REPUBLICA DOMINICANA,BCENTRAL,59493
DO1002261423,NO301129,BCENTRAL/9.5 BOEST 20291130 GTIA,10000,DOP,1,9.4138,100.2134,07/08/2026,02:23:21 PM,PRESTAMO,PRIMERA PARTE,ROTC,12/08/2026,CONFIRMADA,3269263,0,30/11/2025,30/11/2029,7.55,BANCO CENTRAL DE LA REPUBLICA DOMINICANA,BCENTRAL,59444
DO1002261423,NO301129,BCENTRAL/9.5 BOEST 20291130 GTIA,10000,DOP,1,7.7994,104.4265,07/08/2026,02:23:20 PM,ESTRUCTURADA,SEGUNDA PARTE,ROTC,11/12/2026,CONFIRMADA,3269249,0,30/11/2025,30/11/2029,7.55,BANCO CENTRAL DE LA REPUBLICA DOMINICANA,BCENTRAL,61586
DO1002261423,NO301129,BCENTRAL/9.5 BOEST 20291130 GTIA,10000,DOP,1,9.4138,100.2134,07/08/2026,02:23:20 PM,ESTRUCTURADA,PRIMERA PARTE,ROTC,12/08/2026,CONFIRMADA,3269249,0,30/11/2025,30/11/2029,7.55,BANCO CENTRAL DE LA REPUBLICA DOMINICANA,BCENTRAL,61537
DO1002261423,NO301129,BCENTRAL/9.5 BOEST 20291130 GTIA,20000,DOP,2,7.1944,106.3637,07/08/2026,02:23:04 PM,PRESTAMO,SEGUNDA PARTE,ROTC,09/10/2026,CONFIRMADA,3269262,0,30/11/2025,30/11/2029,7.25,BANCO CENTRAL DE LA REPUBLICA DOMINICANA,BCENTRAL,59500
DO1002261423,NO301129,BCENTRAL/9.5 BOEST 20291130 GTIA,20000,DOP,2,7.2119,106.60205,07/08/2026,02:23:04 PM,PRESTAMO,PRIMERA PARTE,ROTC,10/08/2026,CONFIRMADA,3269262,0,30/11/2025,30/11/2029,7.25,BANCO CENTRAL DE LA REPUBLICA DOMINICANA,BCENTRAL,59815
DO1002261423,NO301129,BCENTRAL/9.5 BOEST 20291130 GTIA,20000,DOP,2,7.1944,106.3637,07/08/2026,02:23:03 PM,ESTRUCTURADA,SEGUNDA PARTE,ROTC,09/10/2026,CONFIRMADA,3269248,0,30/11/2025,30/11/2029,7.25,BANCO CENTRAL DE LA REPUBLICA DOMINICANA,BCENTRAL,61593
DO1002261423,NO301129,BCENTRAL/9.5 BOEST 20291130 GTIA,20000,DOP,2,7.2119,106.60205,07/08/2026,02:23:03 PM,ESTRUCTURADA,PRIMERA PARTE,ROTC,10/08/2026,CONFIRMADA,3269248,0,30/11/2025,30/11/2029,7.25,BANCO CENTRAL DE LA REPUBLICA DOMINICANA,BCENTRAL,61908
DO1005206516,MH32028,HACIENDA/10.75 BOEST 20280811 GTIA,1200000,DOP,12,9.48663,101.741055,07/08/2026,02:22:55 PM,PRESTAMO,SEGUNDA PARTE,ROTC,04/02/2027,CONFIRMADA,3269235,0,10/08/2018,11/08/2028,10.75,MINISTERIO DE HACIENDA,HACIENDA,61726
DO1005206516,MH32028,HACIENDA/10.75 BOEST 20280811 GTIA,1200000,DOP,12,12.32556,97.257534,07/08/2026,02:22:55 PM,PRESTAMO,PRIMERA PARTE,ROTC,07/08/2026,CONFIRMADA,3269235,0,10/08/2018,11/08/2028,10.75,MINISTERIO DE HACIENDA,HACIENDA,61887
DO1002224124,NO120327,BCENTRAL/8 BOEST 20270312 GTIA,21210000,DOP,2121,8,99.987607,07/08/2026,02:21:56 PM,CONTADO,PRIMERA PARTE,ROTC,07/08/2026,CONFIRMADA,3269208,0,12/03/2022,12/03/2027,0,BANCO CENTRAL DE LA REPUBLICA DOMINICANA,BCENTRAL,59031
DO1005206516,MH32028,HACIENDA/10.75 BOEST 20280811 GTIA,1200000,DOP,12,9.48663,101.741055,07/08/2026,02:21:51 PM,ESTRUCTURADA,SEGUNDA PARTE,ROTC,04/02/2027,CONFIRMADA,3269234,0,10/08/2018,11/08/2028,10.75,MINISTERIO DE HACIENDA,HACIENDA,63791
DO1005206516,MH32028,HACIENDA/10.75 BOEST 20280811 GTIA,1200000,DOP,12,12.32556,97.257534,07/08/2026,02:21:51 PM,ESTRUCTURADA,PRIMERA PARTE,ROTC,07/08/2026,CONFIRMADA,3269234,0,10/08/2018,11/08/2028,10.75,MINISTERIO DE HACIENDA,HACIENDA,63952
DO1005208322,MHUS2040,HACIENDA/6.75 BOEST 20400724 GTIA,352000,USD,352,4.65,121.377538,07/08/2026,02:18:18 PM,CONTADO,PRIMERA PARTE,ROTC,11/08/2026,CONFIRMADA,3269116,0,24/07/2020,24/07/2040,0,MINISTERIO DE HACIENDA,HACIENDA,60676
DO1005206011,MH12032,HACIENDA/12 BOEST 20320305 GTIA,92000000,DOP,920,8.3,116.197329,07/08/2026,02:16:58 PM,CONTADO,PRIMERA PARTE,ROTC,11/08/2026,CONFIRMADA,3269117,0,05/03/2017,05/03/2032,0,MINISTERIO DE HACIENDA,HACIENDA,59297
DO1002223621,NO150127,BCENTRAL/8 BOEST 20270115 GTIA,500000,DOP,50,7.9,100.032058,07/08/2026,02:15:21 PM,CONTADO,PRIMERA PARTE,ROTC,10/08/2026,CONFIRMADA,3269191,0,15/01/2022,15/01/2027,0,BANCO CENTRAL DE LA REPUBLICA DOMINICANA,BCENTRAL,58415
DO1005208629,MH12031,HACIENDA/8.5 BOEST 20310611 GTIA,96000000,DOP,960,8.3,101.251639,07/08/2026,02:15:15 PM,CONTADO,PRIMERA PARTE,ROTC,11/08/2026,CONFIRMADA,3269115,0,11/06/2021,11/06/2031,0,MINISTERIO DE HACIENDA,HACIENDA,59717
DO1002261522,NO180130,BCENTRAL/9.5 BOEST 20300118 GTIA,7000000,DOP,700,9.5,99.988015,07/08/2026,02:14:37 PM,CONTADO,PRIMERA PARTE,ROTC,10/08/2026,CONFIRMADA,3269227,0,18/01/2026,18/01/2030,0,BANCO CENTRAL DE LA REPUBLICA DOMINICANA,BCENTRAL,59689
DO1002227721,NO111226,BCENTRAL/9 BOEST 20261211 GTIA,6740000,DOP,674,9,99.978231,07/08/2026,02:14:27 PM,CONTADO,PRIMERA PARTE,ROTC,10/08/2026,CONFIRMADA,3269226,0,11/12/2023,11/12/2026,0,BANCO CENTRAL DE LA REPUBLICA DOMINICANA,BCENTRAL,58450
DO1005254219,MH22041,HACIENDA/12 BOEST 20410529 GTIA,146000000,DOP,1460,10.2587,113.148801,07/08/2026,02:14:01 PM,CONTADO,PRIMERA PARTE,ROTC,11/08/2026,CONFIRMADA,3269114,0,29/05/2026,29/05/2041,0,MINISTERIO DE HACIENDA,HACIENDA,61369
USP3579ECE51,BSRD2049,"DOMINICAN, REP /6.4 BD 20490605",103000,USD,103,6.815,95.217745,07/08/2026,02:13:56 PM,CONTADO,PRIMERA PARTE,ROTC,10/08/2026,CONFIRMADA,3269224,0,05/06/2019,05/06/2049,0,MINISTERIO DE HACIENDA,HACIENDA,60137
USP3579ECE51,BSRD2049,"DOMINICAN, REP /6.4 BD 20490605",103000,USD,103,6.5,98.807154,07/08/2026,02:13:44 PM,CONTADO,PRIMERA PARTE,ROTC,10/08/2026,CONFIRMADA,3269225,0,05/06/2019,05/06/2049,0,MINISTERIO DE HACIENDA,HACIENDA,59395
DO1005205716,MHUS2027,HACIENDA/6 BOEST 20270305 GTIA,79000,USD,79,-4.84,105.406304,07/08/2026,02:13:28 PM,PRESTAMO,SEGUNDA PARTE,ROTC,09/09/2026,CONFIRMADA,3269232,0,05/09/2016,05/03/2027,3.55,MINISTERIO DE HACIENDA,HACIENDA,59955
DO1005205716,MHUS2027,HACIENDA/6 BOEST 20270305 GTIA,79000,USD,79,1.4336,102.563696,07/08/2026,02:13:28 PM,PRESTAMO,PRIMERA PARTE,ROTC,10/08/2026,CONFIRMADA,3269232,0,05/09/2016,05/03/2027,3.55,MINISTERIO DE HACIENDA,HACIENDA,60424
DO1005205716,MHUS2027,HACIENDA/6 BOEST 20270305 GTIA,79000,USD,79,-4.84,105.406304,07/08/2026,02:13:27 PM,ESTRUCTURADA,SEGUNDA PARTE,ROTC,09/09/2026,CONFIRMADA,3269228,0,05/09/2016,05/03/2027,3.55,MINISTERIO DE HACIENDA,HACIENDA,62048
DO1005205716,MHUS2027,HACIENDA/6 BOEST 20270305 GTIA,79000,USD,79,1.4336,102.563696,07/08/2026,02:13:27 PM,ESTRUCTURADA,PRIMERA PARTE,ROTC,10/08/2026,CONFIRMADA,3269228,0,05/09/2016,05/03/2027,3.55,MINISTERIO DE HACIENDA,HACIENDA,62517
DO1002261522,NO180130,BCENTRAL/9.5 BOEST 20300118 GTIA,8350000,DOP,835,9.1,101.146938,07/08/2026,02:13:19 PM,CONTADO,PRIMERA PARTE,ROTC,10/08/2026,CONFIRMADA,3269190,0,18/01/2026,18/01/2030,0,BANCO CENTRAL DE LA REPUBLICA DOMINICANA,BCENTRAL,60004
DO1005211227,MH32029,HACIENDA/12.75 BOEST 20290923 GTIA,200000,DOP,2,18.6453,87.295895,07/08/2026,02:13:13 PM,PRESTAMO,SEGUNDA PARTE,ROTC,10/11/2026,CONFIRMADA,3269231,0,23/09/2022,23/09/2029,7.45,MINISTERIO DE HACIENDA,HACIENDA,60795
DO1005211227,MH32029,HACIENDA/12.75 BOEST 20290923 GTIA,200000,DOP,2,20.6454,82.4199,07/08/2026,02:13:13 PM,PRESTAMO,PRIMERA PARTE,ROTC,10/08/2026,CONFIRMADA,3269231,0,23/09/2022,23/09/2029,7.45,MINISTERIO DE HACIENDA,HACIENDA,60046
DO1005211227,MH32029,HACIENDA/12.75 BOEST 20290923 GTIA,200000,DOP,2,18.6453,87.295895,07/08/2026,02:13:12 PM,ESTRUCTURADA,SEGUNDA PARTE,ROTC,10/11/2026,CONFIRMADA,3269223,0,23/09/2022,23/09/2029,7.45,MINISTERIO DE HACIENDA,HACIENDA,62888
DO1005211227,MH32029,HACIENDA/12.75 BOEST 20290923 GTIA,200000,DOP,2,20.6454,82.4199,07/08/2026,02:13:12 PM,ESTRUCTURADA,PRIMERA PARTE,ROTC,10/08/2026,CONFIRMADA,3269223,0,23/09/2022,23/09/2029,7.45,MINISTERIO DE HACIENDA,HACIENDA,62139
DO1005205716,MHUS2027,HACIENDA/6 BOEST 20270305 GTIA,66000,USD,66,-8.5742,106.146909,07/08/2026,02:12:54 PM,PRESTAMO,SEGUNDA PARTE,ROTC,09/10/2026,CONFIRMADA,3269230,0,05/09/2016,05/03/2027,3.65,MINISTERIO DE HACIENDA,HACIENDA,60662
DO1005205716,MHUS2027,HACIENDA/6 BOEST 20270305 GTIA,66000,USD,66,-0.1027,103.463348,07/08/2026,02:12:54 PM,PRESTAMO,PRIMERA PARTE,ROTC,10/08/2026,CONFIRMADA,3269230,0,05/09/2016,05/03/2027,3.65,MINISTERIO DE HACIENDA,HACIENDA,60578
DO1005205716,MHUS2027,HACIENDA/6 BOEST 20270305 GTIA,66000,USD,66,-8.5742,106.146909,07/08/2026,02:12:53 PM,ESTRUCTURADA,SEGUNDA PARTE,ROTC,09/10/2026,CONFIRMADA,3269222,0,05/09/2016,05/03/2027,3.65,MINISTERIO DE HACIENDA,HACIENDA,62755
DO1005205716,MHUS2027,HACIENDA/6 BOEST 20270305 GTIA,66000,USD,66,-0.1027,103.463348,07/08/2026,02:12:53 PM,ESTRUCTURADA,PRIMERA PARTE,ROTC,10/08/2026,CONFIRMADA,3269222,0,05/09/2016,05/03/2027,3.65,MINISTERIO DE HACIENDA,HACIENDA,62671
DO1005211227,MH32029,HACIENDA/12.75 BOEST 20290923 GTIA,30100000,DOP,301,6.0943,111.201938,07/08/2026,02:12:38 PM,PRESTAMO,SEGUNDA PARTE,ROTC,10/09/2026,CONFIRMADA,3269229,0,23/09/2022,23/09/2029,8.95,MINISTERIO DE HACIENDA,HACIENDA,62034
DO1005211227,MH32029,HACIENDA/12.75 BOEST 20290923 GTIA,30100000,DOP,301,8.5102,111.388659,07/08/2026,02:12:38 PM,PRESTAMO,PRIMERA PARTE,ROTC,10/08/2026,CONFIRMADA,3269229,0,23/09/2022,23/09/2029,8.95,MINISTERIO DE HACIENDA,HACIENDA,62160
DO1005211227,MH32029,HACIENDA/12.75 BOEST 20290923 GTIA,30100000,DOP,301,6.0943,111.201938,07/08/2026,02:12:37 PM,ESTRUCTURADA,SEGUNDA PARTE,ROTC,10/09/2026,CONFIRMADA,3269221,0,23/09/2022,23/09/2029,8.95,MINISTERIO DE HACIENDA,HACIENDA,64127
DO1005211227,MH32029,HACIENDA/12.75 BOEST 20290923 GTIA,30100000,DOP,301,8.5102,111.388659,07/08/2026,02:12:37 PM,ESTRUCTURADA,PRIMERA PARTE,ROTC,10/08/2026,CONFIRMADA,3269221,0,23/09/2022,23/09/2029,8.95,MINISTERIO DE HACIENDA,HACIENDA,64253
DO1005208629,MH12031,HACIENDA/8.5 BOEST 20310611 GTIA,75000000,DOP,750,8.90000002,98.915357,07/08/2026,02:09:21 PM,CONTADO,PRIMERA PARTE,ROTC,07/08/2026,CONFIRMADA,3267605,0,11/06/2021,11/06/2031,0,MINISTERIO DE HACIENDA,HACIENDA,61915
DO1002261829,NO010330,BCENTRAL/9.5 BOEST 20300301 GTIA,144100000,DOP,14410,9.50074368,99.990525,07/08/2026,02:08:56 PM,PLAZO,PRIMERA PARTE,ROTC,19/08/2026,CONFIRMADA,3269210,0,01/03/2026,01/03/2030,0,BANCO CENTRAL DE LA REPUBLICA DOMINICANA,BCENTRAL,62783
DO1002261829,NO010330,BCENTRAL/9.5 BOEST 20300301 GTIA,144100000,DOP,14410,9.49906622,99.989759,07/08/2026,02:08:17 PM,CONTADO,PRIMERA PARTE,ROTC,07/08/2026,CONFIRMADA,3269209,0,01/03/2026,01/03/2030,0,BANCO CENTRAL DE LA REPUBLICA DOMINICANA,BCENTRAL,63805
USP3579ECV76,BSDR2036, ,200000,DOP,4,10.76477082,99.879167,07/08/2026,02:07:37 PM,CONTADO,PRIMERA PARTE,ROTC,07/08/2026,CONFIRMADA,3269214,0,01/07/2024,01/06/2036,0,MINISTERIO DE HACIENDA,HACIENDA,49462
USP3579ECV76,BSDR2036, ,200000,DOP,4,10.76477082,99.879167,07/08/2026,02:06:52 PM,CONTADO,PRIMERA PARTE,ROTC,07/08/2026,CONFIRMADA,3269215,0,01/07/2024,01/06/2036,0,MINISTERIO DE HACIENDA,HACIENDA,49434
USP3579ECV76,BSDR2036, ,150000,DOP,3,8.54502693,114.429167,07/08/2026,02:06:03 PM,CONTADO,PRIMERA PARTE,ROTC,07/08/2026,CONFIRMADA,3269193,0,01/07/2024,01/06/2036,0,MINISTERIO DE HACIENDA,HACIENDA,49280
USP3579ECV76,BSDR2036, ,150000,DOP,3,8.54502693,114.429167,07/08/2026,02:05:40 PM,CONTADO,PRIMERA PARTE,ROTC,07/08/2026,CONFIRMADA,3269194,0,01/07/2024,01/06/2036,0,MINISTERIO DE HACIENDA,HACIENDA,49280
USP3579ECJ49,BSRD2041, ,74000,USD,74,6.55,88.429713,07/08/2026,02:05:39 PM,CONTADO,PRIMERA PARTE,ROTC,07/08/2026,CONFIRMADA,3269181,0,21/01/2021,21/01/2041,0,MINISTERIO DE HACIENDA,HACIENDA,46893
DO1002261928,LE090427,BCENTRAL/ LT 20270409 GTIA,220000,DOP,22,9.9987,95.898218,07/08/2026,02:05:15 PM,ESTRUCTURADA,SEGUNDA PARTE,ROTC,06/11/2026,CONFIRMADA,3269195,0,09/04/2026,09/04/2027,9.1,BANCO CENTRAL DE LA REPUBLICA DOMINICANA,BCENTRAL,60354
DO1002261928,LE090427,BCENTRAL/ LT 20270409 GTIA,220000,DOP,22,9.8095,93.741895,07/08/2026,02:05:15 PM,ESTRUCTURADA,PRIMERA PARTE,ROTC,07/08/2026,CONFIRMADA,3269195,0,09/04/2026,09/04/2027,9.1,BANCO CENTRAL DE LA REPUBLICA DOMINICANA,BCENTRAL,60361
DO1002261928,LE090427,BCENTRAL/ LT 20270409 GTIA,220000,DOP,22,0,0,07/08/2026,02:05:15 PM,PRESTAMO,SEGUNDA PARTE,ROTC,08/04/2027,CONFIRMADA,3269196,0,09/04/2026,09/04/2027,0,BANCO CENTRAL DE LA REPUBLICA DOMINICANA,BCENTRAL,53305
DO1002261928,LE090427,BCENTRAL/ LT 20270409 GTIA,220000,DOP,22,9.8095,93.741895,07/08/2026,02:05:15 PM,PRESTAMO,PRIMERA PARTE,ROTC,07/08/2026,CONFIRMADA,3269196,0,09/04/2026,09/04/2027,0,BANCO CENTRAL DE LA REPUBLICA DOMINICANA,BCENTRAL,58261
USP3579ECH82,BSRD2032,"DOMINICAN, REP /4.875 BD 20320923",31000,USD,31,5.8786,95.062298,07/08/2026,02:05:14 PM,ESTRUCTURADA,SEGUNDA PARTE,ROTC,05/11/2026,CONFIRMADA,3269201,0,23/09/2020,23/09/2032,5.35,MINISTERIO DE HACIENDA,HACIENDA,63315
USP3579ECH82,BSRD2032,"DOMINICAN, REP /4.875 BD 20320923",31000,USD,31,5.8647,94.95961,07/08/2026,02:05:14 PM,ESTRUCTURADA,PRIMERA PARTE,ROTC,07/08/2026,CONFIRMADA,3269201,0,23/09/2020,23/09/2032,5.35,MINISTERIO DE HACIENDA,HACIENDA,63084
USP3579ECH82,BSRD2032,"DOMINICAN, REP /4.875 BD 20320923",31000,USD,31,0,0,07/08/2026,02:05:14 PM,PRESTAMO,SEGUNDA PARTE,ROTC,22/09/2032,CONFIRMADA,3269202,0,23/09/2020,23/09/2032,0,MINISTERIO DE HACIENDA,HACIENDA,56371
USP3579ECH82,BSRD2032,"DOMINICAN, REP /4.875 BD 20320923",31000,USD,31,5.8647,94.95961,07/08/2026,02:05:14 PM,PRESTAMO,PRIMERA PARTE,ROTC,07/08/2026,CONFIRMADA,3269202,0,23/09/2020,23/09/2032,0,MINISTERIO DE HACIENDA,HACIENDA,60984
DO1002227317,NO150928,BCENTRAL/11 BOEST 20280915 GTIA,80000,DOP,8,8.952,103.695407,07/08/2026,02:05:13 PM,ESTRUCTURADA,SEGUNDA PARTE,ROTC,10/09/2026,CONFIRMADA,3269203,0,15/09/2023,15/09/2028,8.45,BANCO CENTRAL DE LA REPUBLICA DOMINICANA,BCENTRAL,61824
DO1002227317,NO150928,BCENTRAL/11 BOEST 20280915 GTIA,80000,DOP,8,8.944,103.848361,07/08/2026,02:05:13 PM,ESTRUCTURADA,PRIMERA PARTE,ROTC,07/08/2026,CONFIRMADA,3269203,0,15/09/2023,15/09/2028,8.45,BANCO CENTRAL DE LA REPUBLICA DOMINICANA,BCENTRAL,61922
DO1002227317,NO150928,BCENTRAL/11 BOEST 20280915 GTIA,80000,DOP,8,0,0,07/08/2026,02:05:12 PM,PRESTAMO,SEGUNDA PARTE,ROTC,14/09/2028,CONFIRMADA,3269204,0,15/09/2023,15/09/2028,0,BANCO CENTRAL DE LA REPUBLICA DOMINICANA,BCENTRAL,55006
DO1002227317,NO150928,BCENTRAL/11 BOEST 20280915 GTIA,80000,DOP,8,8.944,103.848361,07/08/2026,02:05:12 PM,PRESTAMO,PRIMERA PARTE,ROTC,07/08/2026,CONFIRMADA,3269204,0,15/09/2023,15/09/2028,0,BANCO CENTRAL DE LA REPUBLICA DOMINICANA,BCENTRAL,59815
DO1002261928,LE090427,BCENTRAL/ LT 20270409 GTIA,470000,DOP,47,7.7471,97.503094,07/08/2026,02:05:12 PM,ESTRUCTURADA,SEGUNDA PARTE,ROTC,11/12/2026,CONFIRMADA,3269205,0,09/04/2026,09/04/2027,8.95,BANCO CENTRAL DE LA REPUBLICA DOMINICANA,BCENTRAL,60207
DO1002261928,LE090427,BCENTRAL/ LT 20270409 GTIA,470000,DOP,47,8.4836,94.541579,07/08/2026,02:05:12 PM,ESTRUCTURADA,PRIMERA PARTE,ROTC,07/08/2026,CONFIRMADA,3269205,0,09/04/2026,09/04/2027,8.95,BANCO CENTRAL DE LA REPUBLICA DOMINICANA,BCENTRAL,60410
DO1002261928,LE090427,BCENTRAL/ LT 20270409 GTIA,470000,DOP,47,0,0,07/08/2026,02:05:11 PM,PRESTAMO,SEGUNDA PARTE,ROTC,08/04/2027,CONFIRMADA,3269206,0,09/04/2026,09/04/2027,0,BANCO CENTRAL DE LA REPUBLICA DOMINICANA,BCENTRAL,53375
DO1002261928,LE090427,BCENTRAL/ LT 20270409 GTIA,470000,DOP,47,8.4836,94.541579,07/08/2026,02:05:11 PM,PRESTAMO,PRIMERA PARTE,ROTC,07/08/2026,CONFIRMADA,3269206,0,09/04/2026,09/04/2027,0,BANCO CENTRAL DE LA REPUBLICA DOMINICANA,BCENTRAL,58303
DO1002261126,NO280929,BCENTRAL/9.5 BOEST 20290928 GTIA,1060000,DOP,106,9.35555711,100.363361,07/08/2026,02:04:59 PM,CONTADO,PRIMERA PARTE,ROTC,07/08/2026,CONFIRMADA,3269198,0,28/09/2025,28/09/2029,0,BANCO CENTRAL DE LA REPUBLICA DOMINICANA,BCENTRAL,62685
DO1002227721,NO111226,BCENTRAL/9 BOEST 20261211 GTIA,8480000,DOP,848,8.5,100.146151,07/08/2026,02:04:44 PM,CONTADO,PRIMERA PARTE,ROTC,07/08/2026,CONFIRMADA,3269189,0,11/12/2023,11/12/2026,0,BANCO CENTRAL DE LA REPUBLICA DOMINICANA,BCENTRAL,59339
DO1002261126,NO280929,BCENTRAL/9.5 BOEST 20290928 GTIA,1060000,DOP,106,9.35555711,100.363361,07/08/2026,02:04:44 PM,CONTADO,PRIMERA PARTE,ROTC,07/08/2026,CONFIRMADA,3269197,0,28/09/2025,28/09/2029,0,BANCO CENTRAL DE LA REPUBLICA DOMINICANA,BCENTRAL,62643
USP3579ECG00,BSRD2060,DOMINICAN REP/5.875 BD 20600130 U,66000,USD,66,6.99401657,85.6,07/08/2026,02:04:23 PM,CONTADO,PRIMERA PARTE,ROTC,07/08/2026,CONFIRMADA,3269199,0,30/01/2020,30/01/2060,0,MINISTERIO DE HACIENDA,HACIENDA,60508
USP3579ECJ49,BSRD2041, ,447000,USD,447,6.45,89.289145,07/08/2026,02:04:01 PM,CONTADO,PRIMERA PARTE,ROTC,07/08/2026,CONFIRMADA,3269200,0,21/01/2021,21/01/2041,0,MINISTERIO DE HACIENDA,HACIENDA,47558
DO1005206516,MH32028,HACIENDA/10.75 BOEST 20280811 GTIA,93000000,DOP,930,6.0815,107.525915,07/08/2026,02:02:17 PM,ESTRUCTURADA,SEGUNDA PARTE,ROTC,20/11/2026,CONFIRMADA,3269169,0,10/08/2018,11/08/2028,9.6,MINISTERIO DE HACIENDA,HACIENDA,64204
DO1005206516,MH32028,HACIENDA/10.75 BOEST 20280811 GTIA,93000000,DOP,930,9.499,102.277014,07/08/2026,02:02:17 PM,ESTRUCTURADA,PRIMERA PARTE,ROTC,07/08/2026,CONFIRMADA,3269169,0,10/08/2018,11/08/2028,9.6,MINISTERIO DE HACIENDA,HACIENDA,64008
DO1005206516,MH32028,HACIENDA/10.75 BOEST 20280811 GTIA,93000000,DOP,930,6.0815,107.525915,07/08/2026,02:02:16 PM,PRESTAMO,SEGUNDA PARTE,ROTC,20/11/2026,CONFIRMADA,3269170,0,10/08/2018,11/08/2028,7.46676,MINISTERIO DE HACIENDA,HACIENDA,62097
DO1005206516,MH32028,HACIENDA/10.75 BOEST 20280811 GTIA,93000000,DOP,930,9.499,102.277014,07/08/2026,02:02:16 PM,PRESTAMO,PRIMERA PARTE,ROTC,07/08/2026,CONFIRMADA,3269170,0,10/08/2018,11/08/2028,7.46676,MINISTERIO DE HACIENDA,HACIENDA,61901
DO1002227721,NO111226,BCENTRAL/9 BOEST 20261211 GTIA,1770000,DOP,177,7.5,100.46651,07/08/2026,02:00:56 PM,CONTADO,PRIMERA PARTE,ROTC,11/08/2026,CONFIRMADA,3269144,0,11/12/2023,11/12/2026,0,BANCO CENTRAL DE LA REPUBLICA DOMINICANA,BCENTRAL,58912
DO1002224124,NO120327,BCENTRAL/8 BOEST 20270312 GTIA,125000000,DOP,12500,8.9,99.480992,07/08/2026,01:59:28 PM,CONTADO,PRIMERA PARTE,ROTC,10/08/2026,CONFIRMADA,3269091,0,12/03/2022,12/03/2027,0,BANCO CENTRAL DE LA REPUBLICA DOMINICANA,BCENTRAL,60438
DO1002223621,NO150127,BCENTRAL/8 BOEST 20270115 GTIA,1034270000,DOP,103427,7.642114,100.143,07/08/2026,01:59:18 PM,CONTADO,PRIMERA PARTE,ROTC,07/08/2026,CONFIRMADA,3268956,0,15/01/2022,15/01/2027,0,BANCO CENTRAL DE LA REPUBLICA DOMINICANA,BCENTRAL,62069
DO1002261324,NO241128,BCENTRAL/9.25 BOEST 20281124 GTIA,2000000,DOP,200,9.2,100.075529,07/08/2026,01:59:02 PM,CONTADO,PRIMERA PARTE,ROTC,11/08/2026,CONFIRMADA,3269145,0,24/11/2025,24/11/2028,0,BANCO CENTRAL DE LA REPUBLICA DOMINICANA,BCENTRAL,60221
DO1002261522,NO180130,BCENTRAL/9.5 BOEST 20300118 GTIA,25000000,DOP,2500,9.75,99.27209,07/08/2026,01:58:18 PM,CONTADO,PRIMERA PARTE,ROTC,10/08/2026,CONFIRMADA,3268485,0,18/01/2026,18/01/2030,0,BANCO CENTRAL DE LA REPUBLICA DOMINICANA,BCENTRAL,60375
DO1005206516,MH32028,HACIENDA/10.75 BOEST 20280811 GTIA,4200000,DOP,42,5.80935,108.153971,07/08/2026,01:58:15 PM,PRESTAMO,SEGUNDA PARTE,ROTC,05/11/2026,CONFIRMADA,3269147,0,10/08/2018,11/08/2028,10.75,MINISTERIO DE HACIENDA,HACIENDA,61831
DO1005206516,MH32028,HACIENDA/10.75 BOEST 20280811 GTIA,4200000,DOP,42,8.95704,103.236456,07/08/2026,01:58:15 PM,PRESTAMO,PRIMERA PARTE,ROTC,07/08/2026,CONFIRMADA,3269147,0,10/08/2018,11/08/2028,10.75,MINISTERIO DE HACIENDA,HACIENDA,61936
DO1002261522,NO180130,BCENTRAL/9.5 BOEST 20300118 GTIA,100000000,DOP,10000,9.8,99.129673,07/08/2026,01:57:56 PM,CONTADO,PRIMERA PARTE,ROTC,10/08/2026,CONFIRMADA,3267647,0,18/01/2026,18/01/2030,0,BANCO CENTRAL DE LA REPUBLICA DOMINICANA,BCENTRAL,60998
DO1002261423,NO301129,BCENTRAL/9.5 BOEST 20291130 GTIA,60000000,DOP,6000,9,101.380775,07/08/2026,01:57:41 PM,CONTADO,PRIMERA PARTE,ROTC,07/08/2026,CONFIRMADA,3269166,0,30/11/2025,30/11/2029,0,BANCO CENTRAL DE LA REPUBLICA DOMINICANA,BCENTRAL,59962
USP3579ECE51,BSRD2049,"DOMINICAN, REP /6.4 BD 20490605",1025000,USD,1025,6.70000001,96.505207,07/08/2026,01:57:40 PM,CONTADO,PRIMERA PARTE,ROTC,07/08/2026,CONFIRMADA,3268965,0,05/06/2019,05/06/2049,0,MINISTERIO DE HACIENDA,HACIENDA,62503
USP3579ECE51,BSRD2049,"DOMINICAN, REP /6.4 BD 20490605",5000,USD,5,6.9292,93.971689,07/08/2026,01:56:58 PM,ESTRUCTURADA,SEGUNDA PARTE,ROTC,09/09/2026,CONFIRMADA,3269172,0,05/06/2019,05/06/2049,5.1,MINISTERIO DE HACIENDA,HACIENDA,62132
USP3579ECE51,BSRD2049,"DOMINICAN, REP /6.4 BD 20490605",5000,USD,5,6.9171,94.095578,07/08/2026,01:56:58 PM,ESTRUCTURADA,PRIMERA PARTE,ROTC,07/08/2026,CONFIRMADA,3269172,0,05/06/2019,05/06/2049,5.1,MINISTERIO DE HACIENDA,HACIENDA,62111
USP3579ECE51,BSRD2049,"DOMINICAN, REP /6.4 BD 20490605",5000,USD,5,0,0,07/08/2026,01:56:57 PM,PRESTAMO,SEGUNDA PARTE,ROTC,04/06/2049,CONFIRMADA,3269173,0,05/06/2019,05/06/2049,0,MINISTERIO DE HACIENDA,HACIENDA,55104
USP3579ECE51,BSRD2049,"DOMINICAN, REP /6.4 BD 20490605",5000,USD,5,6.9171,94.095578,07/08/2026,01:56:57 PM,PRESTAMO,PRIMERA PARTE,ROTC,07/08/2026,CONFIRMADA,3269173,0,05/06/2019,05/06/2049,0,MINISTERIO DE HACIENDA,HACIENDA,60004
USP3579EBY25,BSRD2048,DOMINICAN REP/6.5 CHURCH BD UNSEC,5000,USD,5,6.7831,96.819167,07/08/2026,01:56:57 PM,ESTRUCTURADA,SEGUNDA PARTE,ROTC,31/08/2026,CONFIRMADA,3269174,0,08/02/2018,15/02/2048,5.1,MINISTERIO DE HACIENDA,HACIENDA,64778
USP3579EBY25,BSRD2048,DOMINICAN REP/6.5 CHURCH BD UNSEC,5000,USD,5,6.7761,96.894444,07/08/2026,01:56:57 PM,ESTRUCTURADA,PRIMERA PARTE,ROTC,07/08/2026,CONFIRMADA,3269174,0,08/02/2018,15/02/2048,5.1,MINISTERIO DE HACIENDA,HACIENDA,64883
USP3579EBY25,BSRD2048,DOMINICAN REP/6.5 CHURCH BD UNSEC,5000,USD,5,0,0,07/08/2026,01:56:56 PM,PRESTAMO,SEGUNDA PARTE,ROTC,14/02/2048,CONFIRMADA,3269175,0,08/02/2018,15/02/2048,0,MINISTERIO DE HACIENDA,HACIENDA,57820
USP3579EBY25,BSRD2048,DOMINICAN REP/6.5 CHURCH BD UNSEC,5000,USD,5,6.7761,96.894444,07/08/2026,01:56:56 PM,PRESTAMO,PRIMERA PARTE,ROTC,07/08/2026,CONFIRMADA,3269175,0,08/02/2018,15/02/2048,0,MINISTERIO DE HACIENDA,HACIENDA,62776
DO1002261928,LE090427,BCENTRAL/ LT 20270409 GTIA,430000,DOP,43,13.4365,96.680233,07/08/2026,01:56:56 PM,ESTRUCTURADA,SEGUNDA PARTE,ROTC,07/01/2027,CONFIRMADA,3269176,0,09/04/2026,09/04/2027,9.25,BANCO CENTRAL DE LA REPUBLICA DOMINICANA,BCENTRAL,60578
DO1002261928,LE090427,BCENTRAL/ LT 20270409 GTIA,430000,DOP,43,11.0204,93.023256,07/08/2026,01:56:56 PM,ESTRUCTURADA,PRIMERA PARTE,ROTC,07/08/2026,CONFIRMADA,3269176,0,09/04/2026,09/04/2027,9.25,BANCO CENTRAL DE LA REPUBLICA DOMINICANA,BCENTRAL,60536
DO1002261928,LE090427,BCENTRAL/ LT 20270409 GTIA,430000,DOP,43,0,0,07/08/2026,01:56:55 PM,PRESTAMO,SEGUNDA PARTE,ROTC,08/04/2027,CONFIRMADA,3269177,0,09/04/2026,09/04/2027,0,BANCO CENTRAL DE LA REPUBLICA DOMINICANA,BCENTRAL,53410
DO1002261928,LE090427,BCENTRAL/ LT 20270409 GTIA,430000,DOP,43,11.0204,93.023256,07/08/2026,01:56:55 PM,PRESTAMO,PRIMERA PARTE,ROTC,07/08/2026,CONFIRMADA,3269177,0,09/04/2026,09/04/2027,0,BANCO CENTRAL DE LA REPUBLICA DOMINICANA,BCENTRAL,58429
DO1002261928,LE090427,BCENTRAL/ LT 20270409 GTIA,530000,DOP,53,8.1224,97.321147,07/08/2026,01:56:55 PM,ESTRUCTURADA,SEGUNDA PARTE,ROTC,08/12/2026,CONFIRMADA,3269178,0,09/04/2026,09/04/2027,9.25,BANCO CENTRAL DE LA REPUBLICA DOMINICANA,BCENTRAL,60207
DO1002261928,LE090427,BCENTRAL/ LT 20270409 GTIA,530000,DOP,53,8.8163,94.339623,07/08/2026,01:56:55 PM,ESTRUCTURADA,PRIMERA PARTE,ROTC,07/08/2026,CONFIRMADA,3269178,0,09/04/2026,09/04/2027,9.25,BANCO CENTRAL DE LA REPUBLICA DOMINICANA,BCENTRAL,60396
DO1002261928,LE090427,BCENTRAL/ LT 20270409 GTIA,530000,DOP,53,0,0,07/08/2026,01:56:54 PM,PRESTAMO,SEGUNDA PARTE,ROTC,08/04/2027,CONFIRMADA,3269179,0,09/04/2026,09/04/2027,0,BANCO CENTRAL DE LA REPUBLICA DOMINICANA,BCENTRAL,53417
DO1002261928,LE090427,BCENTRAL/ LT 20270409 GTIA,530000,DOP,53,8.8163,94.339623,07/08/2026,01:56:54 PM,PRESTAMO,PRIMERA PARTE,ROTC,07/08/2026,CONFIRMADA,3269179,0,09/04/2026,09/04/2027,0,BANCO CENTRAL DE LA REPUBLICA DOMINICANA,BCENTRAL,58289
USP3579ECN50,BSRD2033, ,140000,USD,140,6.0136,99.919714,07/08/2026,01:56:53 PM,ESTRUCTURADA,SEGUNDA PARTE,ROTC,07/12/2026,CONFIRMADA,3269180,0,22/02/2022,22/02/2033,5.2,MINISTERIO DE HACIENDA,HACIENDA,50883
USP3579ECN50,BSRD2033, ,140000,USD,140,5.9793,100.107143,07/08/2026,01:56:53 PM,ESTRUCTURADA,PRIMERA PARTE,ROTC,07/08/2026,CONFIRMADA,3269180,0,22/02/2022,22/02/2033,5.2,MINISTERIO DE HACIENDA,HACIENDA,51212
USP3579ECN50,BSRD2033, ,140000,USD,140,0,0,07/08/2026,01:56:53 PM,PRESTAMO,SEGUNDA PARTE,ROTC,21/02/2033,CONFIRMADA,3269182,0,22/02/2022,22/02/2033,0,MINISTERIO DE HACIENDA,HACIENDA,43939
USP3579ECN50,BSRD2033, ,140000,USD,140,5.9793,100.107143,07/08/2026,01:56:53 PM,PRESTAMO,PRIMERA PARTE,ROTC,07/08/2026,CONFIRMADA,3269182,0,22/02/2022,22/02/2033,0,MINISTERIO DE HACIENDA,HACIENDA,49112
USP3579EBE60,BSRD2045,DOMINICAN Rep/6.85 BD 20450127 Un,20000,USD,20,6.9353,99.123056,07/08/2026,01:56:52 PM,ESTRUCTURADA,SEGUNDA PARTE,ROTC,07/01/2027,CONFIRMADA,3269183,0,27/01/2015,27/01/2045,5.1,MINISTERIO DE HACIENDA,HACIENDA,64358
USP3579EBE60,BSRD2045,DOMINICAN Rep/6.85 BD 20450127 Un,20000,USD,20,6.868,99.809722,07/08/2026,01:56:52 PM,ESTRUCTURADA,PRIMERA PARTE,ROTC,07/08/2026,CONFIRMADA,3269183,0,27/01/2015,27/01/2045,5.1,MINISTERIO DE HACIENDA,HACIENDA,64218
USP3579EBE60,BSRD2045,DOMINICAN Rep/6.85 BD 20450127 Un,20000,USD,20,0,0,07/08/2026,01:56:51 PM,PRESTAMO,SEGUNDA PARTE,ROTC,26/01/2045,CONFIRMADA,3269184,0,27/01/2015,27/01/2045,0,MINISTERIO DE HACIENDA,HACIENDA,57491
USP3579EBE60,BSRD2045,DOMINICAN Rep/6.85 BD 20450127 Un,20000,USD,20,6.868,99.809722,07/08/2026,01:56:51 PM,PRESTAMO,PRIMERA PARTE,ROTC,07/08/2026,CONFIRMADA,3269184,0,27/01/2015,27/01/2045,0,MINISTERIO DE HACIENDA,HACIENDA,62111
DO1002261928,LE090427,BCENTRAL/ LT 20270409 GTIA,270000,DOP,27,7.1338,96.4821,07/08/2026,01:56:51 PM,ESTRUCTURADA,SEGUNDA PARTE,ROTC,07/10/2026,CONFIRMADA,3269185,0,09/04/2026,09/04/2027,8.95,BANCO CENTRAL DE LA REPUBLICA DOMINICANA,BCENTRAL,59507
DO1002261928,LE090427,BCENTRAL/ LT 20270409 GTIA,270000,DOP,27,7.6673,95.040781,07/08/2026,01:56:51 PM,ESTRUCTURADA,PRIMERA PARTE,ROTC,07/08/2026,CONFIRMADA,3269185,0,09/04/2026,09/04/2027,8.95,BANCO CENTRAL DE LA REPUBLICA DOMINICANA,BCENTRAL,60368
DO1002261928,LE090427,BCENTRAL/ LT 20270409 GTIA,270000,DOP,27,0,0,07/08/2026,01:56:50 PM,PRESTAMO,SEGUNDA PARTE,ROTC,08/04/2027,CONFIRMADA,3269186,0,09/04/2026,09/04/2027,0,BANCO CENTRAL DE LA REPUBLICA DOMINICANA,BCENTRAL,53403
DO1002261928,LE090427,BCENTRAL/ LT 20270409 GTIA,270000,DOP,27,7.6673,95.040781,07/08/2026,01:56:50 PM,PRESTAMO,PRIMERA PARTE,ROTC,07/08/2026,CONFIRMADA,3269186,0,09/04/2026,09/04/2027,0,BANCO CENTRAL DE LA REPUBLICA DOMINICANA,BCENTRAL,58261
USP3579ECJ49,BSRD2041, ,5000,USD,5,6.6832,87.473978,07/08/2026,01:56:50 PM,ESTRUCTURADA,SEGUNDA PARTE,ROTC,07/12/2026,CONFIRMADA,3269187,0,21/01/2021,21/01/2041,4.95,MINISTERIO DE HACIENDA,HACIENDA,49630
USP3579ECJ49,BSRD2041, ,5000,USD,5,6.6283,87.764444,07/08/2026,01:56:50 PM,ESTRUCTURADA,PRIMERA PARTE,ROTC,07/08/2026,CONFIRMADA,3269187,0,21/01/2021,21/01/2041,4.95,MINISTERIO DE HACIENDA,HACIENDA,49665
USP3579ECJ49,BSRD2041, ,5000,USD,5,0,0,07/08/2026,01:56:49 PM,PRESTAMO,SEGUNDA PARTE,ROTC,18/01/2041,CONFIRMADA,3269188,0,21/01/2021,21/01/2041,0,MINISTERIO DE HACIENDA,HACIENDA,42679
USP3579ECJ49,BSRD2041, ,5000,USD,5,6.6283,87.764444,07/08/2026,01:56:49 PM,PRESTAMO,PRIMERA PARTE,ROTC,07/08/2026,CONFIRMADA,3269188,0,21/01/2021,21/01/2041,0,MINISTERIO DE HACIENDA,HACIENDA,47621
DO1002261324,NO241128,BCENTRAL/9.25 BOEST 20281124 GTIA,2000000,DOP,200,9.2,100.075529,07/08/2026,01:56:32 PM,CONTADO,PRIMERA PARTE,ROTC,11/08/2026,CONFIRMADA,3268998,0,24/11/2025,24/11/2028,0,BANCO CENTRAL DE LA REPUBLICA DOMINICANA,BCENTRAL,60221
DO1005206516,MH32028,HACIENDA/10.75 BOEST 20280811 GTIA,4200000,DOP,42,5.80935,108.153971,07/08/2026,01:56:18 PM,ESTRUCTURADA,SEGUNDA PARTE,ROTC,05/11/2026,CONFIRMADA,3269146,0,10/08/2018,11/08/2028,10.75,MINISTERIO DE HACIENDA,HACIENDA,63938
DO1005206516,MH32028,HACIENDA/10.75 BOEST 20280811 GTIA,4200000,DOP,42,8.95704,103.236456,07/08/2026,01:56:18 PM,ESTRUCTURADA,PRIMERA PARTE,ROTC,07/08/2026,CONFIRMADA,3269146,0,10/08/2018,11/08/2028,10.75,MINISTERIO DE HACIENDA,HACIENDA,64043
DO1005206516,MH32028,HACIENDA/10.75 BOEST 20280811 GTIA,4600000,DOP,46,5.9399,108.637678,07/08/2026,01:54:48 PM,PRESTAMO,SEGUNDA PARTE,ROTC,08/09/2026,CONFIRMADA,3269168,0,10/08/2018,11/08/2028,8.24,MINISTERIO DE HACIENDA,HACIENDA,61747
DO1005206516,MH32028,HACIENDA/10.75 BOEST 20280811 GTIA,4600000,DOP,46,8.8564,103.453187,07/08/2026,01:54:48 PM,PRESTAMO,PRIMERA PARTE,ROTC,07/08/2026,CONFIRMADA,3269168,0,10/08/2018,11/08/2028,8.24,MINISTERIO DE HACIENDA,HACIENDA,61670
DO1005206516,MH32028,HACIENDA/10.75 BOEST 20280811 GTIA,4600000,DOP,46,5.9399,108.637678,07/08/2026,01:54:47 PM,ESTRUCTURADA,SEGUNDA PARTE,ROTC,08/09/2026,CONFIRMADA,3269167,0,10/08/2018,11/08/2028,8.24,MINISTERIO DE HACIENDA,HACIENDA,63840
DO1005206516,MH32028,HACIENDA/10.75 BOEST 20280811 GTIA,4600000,DOP,46,8.8564,103.453187,07/08/2026,01:54:47 PM,ESTRUCTURADA,PRIMERA PARTE,ROTC,07/08/2026,CONFIRMADA,3269167,0,10/08/2018,11/08/2028,8.24,MINISTERIO DE HACIENDA,HACIENDA,63763
USP3579ECH82,BSRD2032,"DOMINICAN, REP /4.875 BD 20320923",124000,USD,124,4.61515,101.284788,07/08/2026,01:54:42 PM,PRESTAMO,SEGUNDA PARTE,ROTC,07/01/2027,CONFIRMADA,3269149,0,23/09/2020,23/09/2032,4.875,MINISTERIO DE HACIENDA,HACIENDA,62545
USP3579ECH82,BSRD2032,"DOMINICAN, REP /4.875 BD 20320923",124000,USD,124,5.12377,98.699887,07/08/2026,01:54:42 PM,PRESTAMO,PRIMERA PARTE,ROTC,07/08/2026,CONFIRMADA,3269149,0,23/09/2020,23/09/2032,4.875,MINISTERIO DE HACIENDA,HACIENDA,62510
DO1002261423,NO301129,BCENTRAL/9.5 BOEST 20291130 GTIA,74410000,DOP,7441,9.81409998,99.10491,07/08/2026,01:53:17 PM,ESTRUCTURADA,SEGUNDA PARTE,ROTC,11/08/2026,CONFIRMADA,3269000,0,30/11/2025,30/11/2029,10,BANCO CENTRAL DE LA REPUBLICA DOMINICANA,BCENTRAL,65471
DO1002261423,NO301129,BCENTRAL/9.5 BOEST 20291130 GTIA,74410000,DOP,7441,9.8166269,99.096085,07/08/2026,01:53:17 PM,ESTRUCTURADA,PRIMERA PARTE,ROTC,07/08/2026,CONFIRMADA,3269000,0,30/11/2025,30/11/2029,10,BANCO CENTRAL DE LA REPUBLICA DOMINICANA,BCENTRAL,65590
USP3579ECH82,BSRD2032,"DOMINICAN, REP /4.875 BD 20320923",124000,USD,124,4.61515,101.284788,07/08/2026,01:51:33 PM,ESTRUCTURADA,SEGUNDA PARTE,ROTC,07/01/2027,CONFIRMADA,3269148,0,23/09/2020,23/09/2032,4.875,MINISTERIO DE HACIENDA,HACIENDA,64624
USP3579ECH82,BSRD2032,"DOMINICAN, REP /4.875 BD 20320923",124000,USD,124,5.12377,98.699887,07/08/2026,01:51:33 PM,ESTRUCTURADA,PRIMERA PARTE,ROTC,07/08/2026,CONFIRMADA,3269148,0,23/09/2020,23/09/2032,4.875,MINISTERIO DE HACIENDA,HACIENDA,64589
DO1002261423,NO301129,BCENTRAL/9.5 BOEST 20291130 GTIA,202280000,DOP,20228,9.81640724,99.098564,07/08/2026,01:51:20 PM,ESTRUCTURADA,SEGUNDA PARTE,ROTC,11/08/2026,CONFIRMADA,3268999,0,30/11/2025,30/11/2029,0.1111111172319,BANCO CENTRAL DE LA REPUBLICA DOMINICANA,BCENTRAL,66402
DO1002261423,NO301129,BCENTRAL/9.5 BOEST 20291130 GTIA,202280000,DOP,20228,9.81892547,99.089746,07/08/2026,01:51:20 PM,ESTRUCTURADA,PRIMERA PARTE,ROTC,07/08/2026,CONFIRMADA,3268999,0,30/11/2025,30/11/2029,0.1111111172319,BANCO CENTRAL DE LA REPUBLICA DOMINICANA,BCENTRAL,66598
DO1002261522,NO180130,BCENTRAL/9.5 BOEST 20300118 GTIA,420000,DOP,42,9.5,99.989387,07/08/2026,01:48:44 PM,CONTADO,PRIMERA PARTE,ROTC,07/08/2026,CONFIRMADA,3269158,0,18/01/2026,18/01/2030,0,BANCO CENTRAL DE LA REPUBLICA DOMINICANA,BCENTRAL,59164
DO1005206516,MH32028,HACIENDA/10.75 BOEST 20280811 GTIA,6100000,DOP,61,6.5507,106.238032,07/08/2026,01:47:48 PM,PRESTAMO,SEGUNDA PARTE,ROTC,07/01/2027,CONFIRMADA,3269157,0,10/08/2018,11/08/2028,10.75,MINISTERIO DE HACIENDA,HACIENDA,61432
DO1005206516,MH32028,HACIENDA/10.75 BOEST 20280811 GTIA,6100000,DOP,61,10.01112,101.314911,07/08/2026,01:47:48 PM,PRESTAMO,PRIMERA PARTE,ROTC,07/08/2026,CONFIRMADA,3269157,0,10/08/2018,11/08/2028,10.75,MINISTERIO DE HACIENDA,HACIENDA,62062
DO1005206516,MH32028,HACIENDA/10.75 BOEST 20280811 GTIA,6100000,DOP,61,6.5507,106.238032,07/08/2026,01:47:33 PM,ESTRUCTURADA,SEGUNDA PARTE,ROTC,07/01/2027,CONFIRMADA,3269156,0,10/08/2018,11/08/2028,10.75,MINISTERIO DE HACIENDA,HACIENDA,63490
DO1005206516,MH32028,HACIENDA/10.75 BOEST 20280811 GTIA,6100000,DOP,61,10.01112,101.314911,07/08/2026,01:47:33 PM,ESTRUCTURADA,PRIMERA PARTE,ROTC,07/08/2026,CONFIRMADA,3269156,0,10/08/2018,11/08/2028,10.75,MINISTERIO DE HACIENDA,HACIENDA,64120
DO1005206516,MH32028,HACIENDA/10.75 BOEST 20280811 GTIA,1000000,DOP,10,7.54652,104.032922,07/08/2026,01:45:20 PM,PRESTAMO,SEGUNDA PARTE,ROTC,05/04/2027,CONFIRMADA,3269155,0,10/08/2018,11/08/2028,10.75,MINISTERIO DE HACIENDA,HACIENDA,61635
DO1005206516,MH32028,HACIENDA/10.75 BOEST 20280811 GTIA,1000000,DOP,10,13.81576,94.757534,07/08/2026,01:45:20 PM,PRESTAMO,PRIMERA PARTE,ROTC,07/08/2026,CONFIRMADA,3269155,0,10/08/2018,11/08/2028,10.75,MINISTERIO DE HACIENDA,HACIENDA,61894
DO1005206516,MH32028,HACIENDA/10.75 BOEST 20280811 GTIA,1000000,DOP,10,7.54652,104.032922,07/08/2026,01:44:54 PM,ESTRUCTURADA,SEGUNDA PARTE,ROTC,05/04/2027,CONFIRMADA,3269154,0,10/08/2018,11/08/2028,10.75,MINISTERIO DE HACIENDA,HACIENDA,63777
DO1005206516,MH32028,HACIENDA/10.75 BOEST 20280811 GTIA,1000000,DOP,10,13.81576,94.757534,07/08/2026,01:44:54 PM,ESTRUCTURADA,PRIMERA PARTE,ROTC,07/08/2026,CONFIRMADA,3269154,0,10/08/2018,11/08/2028,10.75,MINISTERIO DE HACIENDA,HACIENDA,64036
USP3579ECH82,BSRD2032,"DOMINICAN, REP /4.875 BD 20320923",221000,USD,221,4.6246,101.224399,07/08/2026,01:41:20 PM,PRESTAMO,SEGUNDA PARTE,ROTC,04/02/2027,CONFIRMADA,3269151,0,23/09/2020,23/09/2032,4.875,MINISTERIO DE HACIENDA,HACIENDA,62055
USP3579ECH82,BSRD2032,"DOMINICAN, REP /4.875 BD 20320923",221000,USD,221,5.15097,98.559548,07/08/2026,01:41:20 PM,PRESTAMO,PRIMERA PARTE,ROTC,07/08/2026,CONFIRMADA,3269151,0,23/09/2020,23/09/2032,4.875,MINISTERIO DE HACIENDA,HACIENDA,62363
USP3579ECH82,BSRD2032,"DOMINICAN, REP /4.875 BD 20320923",221000,USD,221,4.6246,101.224399,07/08/2026,01:40:54 PM,ESTRUCTURADA,SEGUNDA PARTE,ROTC,04/02/2027,CONFIRMADA,3269150,0,23/09/2020,23/09/2032,4.875,MINISTERIO DE HACIENDA,HACIENDA,64197
USP3579ECH82,BSRD2032,"DOMINICAN, REP /4.875 BD 20320923",221000,USD,221,5.15097,98.559548,07/08/2026,01:40:54 PM,ESTRUCTURADA,PRIMERA PARTE,ROTC,07/08/2026,CONFIRMADA,3269150,0,23/09/2020,23/09/2032,4.875,MINISTERIO DE HACIENDA,HACIENDA,64505
DO1005206516,MH32028,HACIENDA/10.75 BOEST 20280811 GTIA,3200000,DOP,32,5.5597,109.373511,07/08/2026,01:40:49 PM,PRESTAMO,SEGUNDA PARTE,ROTC,07/09/2026,CONFIRMADA,3269165,0,10/08/2018,11/08/2028,8.74,MINISTERIO DE HACIENDA,HACIENDA,61502
DO1005206516,MH32028,HACIENDA/10.75 BOEST 20280811 GTIA,3200000,DOP,32,8.4897,104.132534,07/08/2026,01:40:49 PM,PRESTAMO,PRIMERA PARTE,ROTC,07/08/2026,CONFIRMADA,3269165,0,10/08/2018,11/08/2028,8.74,MINISTERIO DE HACIENDA,HACIENDA,61544
DO1005206516,MH32028,HACIENDA/10.75 BOEST 20280811 GTIA,3200000,DOP,32,5.5597,109.373511,07/08/2026,01:40:48 PM,ESTRUCTURADA,SEGUNDA PARTE,ROTC,07/09/2026,CONFIRMADA,3269160,0,10/08/2018,11/08/2028,8.74,MINISTERIO DE HACIENDA,HACIENDA,63595
DO1005206516,MH32028,HACIENDA/10.75 BOEST 20280811 GTIA,3200000,DOP,32,8.4897,104.132534,07/08/2026,01:40:48 PM,ESTRUCTURADA,PRIMERA PARTE,ROTC,07/08/2026,CONFIRMADA,3269160,0,10/08/2018,11/08/2028,8.74,MINISTERIO DE HACIENDA,HACIENDA,63637
DO1005208629,MH12031,HACIENDA/8.5 BOEST 20310611 GTIA,1500000,DOP,15,7.868,102.677338,07/08/2026,01:40:07 PM,PRESTAMO,SEGUNDA PARTE,ROTC,04/03/2027,CONFIRMADA,3269164,0,11/06/2021,11/06/2031,7.99,MINISTERIO DE HACIENDA,HACIENDA,60382
DO1005208629,MH12031,HACIENDA/8.5 BOEST 20310611 GTIA,1500000,DOP,15,8.9684,98.653082,07/08/2026,01:40:07 PM,PRESTAMO,PRIMERA PARTE,ROTC,07/08/2026,CONFIRMADA,3269164,0,11/06/2021,11/06/2031,7.99,MINISTERIO DE HACIENDA,HACIENDA,60564
DO1005208629,MH12031,HACIENDA/8.5 BOEST 20310611 GTIA,1500000,DOP,15,7.868,102.677338,07/08/2026,01:40:06 PM,ESTRUCTURADA,SEGUNDA PARTE,ROTC,04/03/2027,CONFIRMADA,3269159,0,11/06/2021,11/06/2031,7.99,MINISTERIO DE HACIENDA,HACIENDA,62475
DO1005208629,MH12031,HACIENDA/8.5 BOEST 20310611 GTIA,1500000,DOP,15,8.9684,98.653082,07/08/2026,01:40:06 PM,ESTRUCTURADA,PRIMERA PARTE,ROTC,07/08/2026,CONFIRMADA,3269159,0,11/06/2021,11/06/2031,7.99,MINISTERIO DE HACIENDA,HACIENDA,62657
USP3579ECH82,BSRD2032,"DOMINICAN, REP /4.875 BD 20320923",58000,USD,58,2.5004,112.561052,07/08/2026,01:39:57 PM,PRESTAMO,SEGUNDA PARTE,ROTC,07/01/2027,CONFIRMADA,3269163,0,23/09/2020,23/09/2032,3.99,MINISTERIO DE HACIENDA,HACIENDA,61495
USP3579ECH82,BSRD2032,"DOMINICAN, REP /4.875 BD 20320923",58000,USD,58,3.0283,110.254379,07/08/2026,01:39:57 PM,PRESTAMO,PRIMERA PARTE,ROTC,07/08/2026,CONFIRMADA,3269163,0,23/09/2020,23/09/2032,3.99,MINISTERIO DE HACIENDA,HACIENDA,61698
USP3579ECH82,BSRD2032,"DOMINICAN, REP /4.875 BD 20320923",58000,USD,58,2.5004,112.561052,07/08/2026,01:39:56 PM,ESTRUCTURADA,SEGUNDA PARTE,ROTC,07/01/2027,CONFIRMADA,3269161,0,23/09/2020,23/09/2032,3.99,MINISTERIO DE HACIENDA,HACIENDA,63588
USP3579ECH82,BSRD2032,"DOMINICAN, REP /4.875 BD 20320923",58000,USD,58,3.0283,110.254379,07/08/2026,01:39:56 PM,ESTRUCTURADA,PRIMERA PARTE,ROTC,07/08/2026,CONFIRMADA,3269161,0,23/09/2020,23/09/2032,3.99,MINISTERIO DE HACIENDA,HACIENDA,63791
DO1005208025,COV2040,HACIENDA/10.875 BOEST 20400228 GTIA,100000,DOP,1,10.6531,101.58739,07/08/2026,01:39:22 PM,PRESTAMO,SEGUNDA PARTE,ROTC,07/09/2026,CONFIRMADA,3269107,0,28/02/2020,28/02/2040,5.422507,MINISTERIO DE HACIENDA,HACIENDA,61215
DO1005208025,COV2040,HACIENDA/10.875 BOEST 20400228 GTIA,100000,DOP,1,11.4099,96.3606,07/08/2026,01:39:22 PM,PRESTAMO,PRIMERA PARTE,ROTC,07/08/2026,CONFIRMADA,3269107,0,28/02/2020,28/02/2040,5.422507,MINISTERIO DE HACIENDA,HACIENDA,60627
USP3579EBY25,BSRD2048,DOMINICAN REP/6.5 CHURCH BD UNSEC,1601000,USD,1601,6.2385,103.072234,07/08/2026,01:39:21 PM,PRESTAMO,SEGUNDA PARTE,ROTC,14/08/2026,CONFIRMADA,3269109,0,08/02/2018,15/02/2048,2.974829,MINISTERIO DE HACIENDA,HACIENDA,64841
USP3579EBY25,BSRD2048,DOMINICAN REP/6.5 CHURCH BD UNSEC,1601000,USD,1601,6.2327,103.14181,07/08/2026,01:39:21 PM,PRESTAMO,PRIMERA PARTE,ROTC,07/08/2026,CONFIRMADA,3269109,0,08/02/2018,15/02/2048,2.974829,MINISTERIO DE HACIENDA,HACIENDA,64533
DO1002228125,NO090229,BCENTRAL/10 BOEST 20290209 GTIA,50000,DOP,5,9.9811,100.00848,07/08/2026,01:39:20 PM,PRESTAMO,SEGUNDA PARTE,ROTC,07/12/2026,CONFIRMADA,3269111,0,09/02/2024,09/02/2029,7.954055,BANCO CENTRAL DE LA REPUBLICA DOMINICANA,BCENTRAL,59577
DO1002228125,NO090229,BCENTRAL/10 BOEST 20290209 GTIA,50000,DOP,5,12.3538,95.05524,07/08/2026,01:39:20 PM,PRESTAMO,PRIMERA PARTE,ROTC,07/08/2026,CONFIRMADA,3269111,0,09/02/2024,09/02/2029,7.954055,BANCO CENTRAL DE LA REPUBLICA DOMINICANA,BCENTRAL,59696
USP3579ECH82,BSRD2032,"DOMINICAN, REP /4.875 BD 20320923",67000,USD,67,2.4816,112.668075,07/08/2026,01:39:20 PM,PRESTAMO,SEGUNDA PARTE,ROTC,07/01/2027,CONFIRMADA,3269162,0,23/09/2020,23/09/2032,4.49,MINISTERIO DE HACIENDA,HACIENDA,61586
USP3579ECH82,BSRD2032,"DOMINICAN, REP /4.875 BD 20320923",67000,USD,67,3.0502,110.125716,07/08/2026,01:39:20 PM,PRESTAMO,PRIMERA PARTE,ROTC,07/08/2026,CONFIRMADA,3269162,0,23/09/2020,23/09/2032,4.49,MINISTERIO DE HACIENDA,HACIENDA,61530
USP3579ECH82,BSRD2032,"DOMINICAN, REP /4.875 BD 20320923",67000,USD,67,2.4816,112.668075,07/08/2026,01:39:19 PM,ESTRUCTURADA,SEGUNDA PARTE,ROTC,07/01/2027,CONFIRMADA,3269092,0,23/09/2020,23/09/2032,4.49,MINISTERIO DE HACIENDA,HACIENDA,63742
USP3579ECH82,BSRD2032,"DOMINICAN, REP /4.875 BD 20320923",67000,USD,67,3.0502,110.125716,07/08/2026,01:39:19 PM,ESTRUCTURADA,PRIMERA PARTE,ROTC,07/08/2026,CONFIRMADA,3269092,0,23/09/2020,23/09/2032,4.49,MINISTERIO DE HACIENDA,HACIENDA,63686
DO1002228125,NO090229,BCENTRAL/10 BOEST 20290209 GTIA,50000,DOP,5,9.9811,100.00864,07/08/2026,01:39:19 PM,PRESTAMO,SEGUNDA PARTE,ROTC,08/12/2026,CONFIRMADA,3269113,0,09/02/2024,09/02/2029,7.978417,BANCO CENTRAL DE LA REPUBLICA DOMINICANA,BCENTRAL,59626
DO1002228125,NO090229,BCENTRAL/10 BOEST 20290209 GTIA,50000,DOP,5,12.3538,95.05524,07/08/2026,01:39:19 PM,PRESTAMO,PRIMERA PARTE,ROTC,07/08/2026,CONFIRMADA,3269113,0,09/02/2024,09/02/2029,7.978417,BANCO CENTRAL DE LA REPUBLICA DOMINICANA,BCENTRAL,59752
DO1002228125,NO090229,BCENTRAL/10 BOEST 20290209 GTIA,50000,DOP,5,9.9811,100.00864,07/08/2026,01:39:11 PM,ESTRUCTURADA,SEGUNDA PARTE,ROTC,08/12/2026,CONFIRMADA,3269112,0,09/02/2024,09/02/2029,9.6488,BANCO CENTRAL DE LA REPUBLICA DOMINICANA,BCENTRAL,61670
DO1002228125,NO090229,BCENTRAL/10 BOEST 20290209 GTIA,50000,DOP,5,12.3538,95.05524,07/08/2026,01:39:11 PM,ESTRUCTURADA,PRIMERA PARTE,ROTC,07/08/2026,CONFIRMADA,3269112,0,09/02/2024,09/02/2029,9.6488,BANCO CENTRAL DE LA REPUBLICA DOMINICANA,BCENTRAL,61796
DO1002228125,NO090229,BCENTRAL/10 BOEST 20290209 GTIA,50000,DOP,5,9.9811,100.00848,07/08/2026,01:39:10 PM,ESTRUCTURADA,SEGUNDA PARTE,ROTC,07/12/2026,CONFIRMADA,3269110,0,09/02/2024,09/02/2029,9.6472,BANCO CENTRAL DE LA REPUBLICA DOMINICANA,BCENTRAL,61670
DO1002228125,NO090229,BCENTRAL/10 BOEST 20290209 GTIA,50000,DOP,5,12.3538,95.05524,07/08/2026,01:39:10 PM,ESTRUCTURADA,PRIMERA PARTE,ROTC,07/08/2026,CONFIRMADA,3269110,0,09/02/2024,09/02/2029,9.6472,BANCO CENTRAL DE LA REPUBLICA DOMINICANA,BCENTRAL,61789
USP3579EBY25,BSRD2048,DOMINICAN REP/6.5 CHURCH BD UNSEC,1601000,USD,1601,6.2385,103.072234,07/08/2026,01:39:09 PM,ESTRUCTURADA,SEGUNDA PARTE,ROTC,14/08/2026,CONFIRMADA,3269108,0,08/02/2018,15/02/2048,2.75,MINISTERIO DE HACIENDA,HACIENDA,66983
USP3579EBY25,BSRD2048,DOMINICAN REP/6.5 CHURCH BD UNSEC,1601000,USD,1601,6.2327,103.14181,07/08/2026,01:39:09 PM,ESTRUCTURADA,PRIMERA PARTE,ROTC,07/08/2026,CONFIRMADA,3269108,0,08/02/2018,15/02/2048,2.75,MINISTERIO DE HACIENDA,HACIENDA,66675
DO1005208025,COV2040,HACIENDA/10.875 BOEST 20400228 GTIA,100000,DOP,1,10.6531,101.58739,07/08/2026,01:39:08 PM,ESTRUCTURADA,SEGUNDA PARTE,ROTC,07/09/2026,CONFIRMADA,3269106,0,28/02/2020,28/02/2040,8.7,MINISTERIO DE HACIENDA,HACIENDA,63343
DO1005208025,COV2040,HACIENDA/10.875 BOEST 20400228 GTIA,100000,DOP,1,11.4099,96.3606,07/08/2026,01:39:08 PM,ESTRUCTURADA,PRIMERA PARTE,ROTC,07/08/2026,CONFIRMADA,3269106,0,28/02/2020,28/02/2040,8.7,MINISTERIO DE HACIENDA,HACIENDA,62755
USP3579ECS48,BSDR2035, ,32600000,DOP,652,8.7859,114.834376,07/08/2026,01:37:28 PM,ESTRUCTURADA,SEGUNDA PARTE,ROTC,04/12/2026,CONFIRMADA,3269118,0,15/09/2023,15/09/2035,9.35,MINISTERIO DE HACIENDA,HACIENDA,52073
USP3579ECS48,BSDR2035, ,32600000,DOP,652,8.8452,114.805199,07/08/2026,01:37:28 PM,ESTRUCTURADA,PRIMERA PARTE,ROTC,07/08/2026,CONFIRMADA,3269118,0,15/09/2023,15/09/2035,9.35,MINISTERIO DE HACIENDA,HACIENDA,52129
USP3579ECS48,BSDR2035, ,32600000,DOP,652,0,0,07/08/2026,01:37:27 PM,PRESTAMO,SEGUNDA PARTE,ROTC,14/09/2035,CONFIRMADA,3269119,0,15/09/2023,15/09/2035,0,MINISTERIO DE HACIENDA,HACIENDA,44821
USP3579ECS48,BSDR2035, ,32600000,DOP,652,8.8452,114.805199,07/08/2026,01:37:27 PM,PRESTAMO,PRIMERA PARTE,ROTC,07/08/2026,CONFIRMADA,3269119,0,15/09/2023,15/09/2035,0,MINISTERIO DE HACIENDA,HACIENDA,50022
DO1005212019,MH32034,HACIENDA/13.625 BOEST 20340210 GTIA,100000,DOP,1,9.5679,120.708726,07/08/2026,01:37:27 PM,ESTRUCTURADA,SEGUNDA PARTE,ROTC,04/12/2026,CONFIRMADA,3269120,0,10/02/2023,10/02/2034,9.35,MINISTERIO DE HACIENDA,HACIENDA,63119
DO1005212019,MH32034,HACIENDA/13.625 BOEST 20340210 GTIA,100000,DOP,1,9.6049,121.199579,07/08/2026,01:37:27 PM,ESTRUCTURADA,PRIMERA PARTE,ROTC,07/08/2026,CONFIRMADA,3269120,0,10/02/2023,10/02/2034,9.35,MINISTERIO DE HACIENDA,HACIENDA,63259
DO1005212019,MH32034,HACIENDA/13.625 BOEST 20340210 GTIA,100000,DOP,1,0,0,07/08/2026,01:37:26 PM,PRESTAMO,SEGUNDA PARTE,ROTC,09/02/2034,CONFIRMADA,3269121,0,10/02/2023,10/02/2034,0,MINISTERIO DE HACIENDA,HACIENDA,55874
DO1005212019,MH32034,HACIENDA/13.625 BOEST 20340210 GTIA,100000,DOP,1,9.6049,121.199579,07/08/2026,01:37:26 PM,PRESTAMO,PRIMERA PARTE,ROTC,07/08/2026,CONFIRMADA,3269121,0,10/02/2023,10/02/2034,0,MINISTERIO DE HACIENDA,HACIENDA,61152
DO1005210922,MH22034,HACIENDA/13 BOEST 20340610 GTIA,4500000,DOP,45,9.0184,121.024104,07/08/2026,01:37:26 PM,ESTRUCTURADA,SEGUNDA PARTE,ROTC,03/02/2027,CONFIRMADA,3269122,0,10/06/2022,10/06/2034,9.55,MINISTERIO DE HACIENDA,HACIENDA,62272
DO1005210922,MH22034,HACIENDA/13 BOEST 20340610 GTIA,4500000,DOP,45,9.0943,121.533212,07/08/2026,01:37:26 PM,ESTRUCTURADA,PRIMERA PARTE,ROTC,07/08/2026,CONFIRMADA,3269122,0,10/06/2022,10/06/2034,9.55,MINISTERIO DE HACIENDA,HACIENDA,62454
DO1005210922,MH22034,HACIENDA/13 BOEST 20340610 GTIA,4500000,DOP,45,0,0,07/08/2026,01:37:25 PM,PRESTAMO,SEGUNDA PARTE,ROTC,09/06/2034,CONFIRMADA,3269123,0,10/06/2022,10/06/2034,0,MINISTERIO DE HACIENDA,HACIENDA,55286
DO1005210922,MH22034,HACIENDA/13 BOEST 20340610 GTIA,4500000,DOP,45,9.0943,121.533212,07/08/2026,01:37:25 PM,PRESTAMO,PRIMERA PARTE,ROTC,07/08/2026,CONFIRMADA,3269123,0,10/06/2022,10/06/2034,0,MINISTERIO DE HACIENDA,HACIENDA,60347
DO1002261928,LE090427,BCENTRAL/ LT 20270409 GTIA,300000,DOP,30,9.1995,95.55584,07/08/2026,01:37:25 PM,ESTRUCTURADA,SEGUNDA PARTE,ROTC,09/10/2026,CONFIRMADA,3269124,0,09/04/2026,09/04/2027,8.9,BANCO CENTRAL DE LA REPUBLICA DOMINICANA,BCENTRAL,59927
DO1002261928,LE090427,BCENTRAL/ LT 20270409 GTIA,300000,DOP,30,9.2289,94.090383,07/08/2026,01:37:25 PM,ESTRUCTURADA,PRIMERA PARTE,ROTC,07/08/2026,CONFIRMADA,3269124,0,09/04/2026,09/04/2027,8.9,BANCO CENTRAL DE LA REPUBLICA DOMINICANA,BCENTRAL,60305
DO1002261928,LE090427,BCENTRAL/ LT 20270409 GTIA,300000,DOP,30,0,0,07/08/2026,01:37:24 PM,PRESTAMO,SEGUNDA PARTE,ROTC,08/04/2027,CONFIRMADA,3269125,0,09/04/2026,09/04/2027,0,BANCO CENTRAL DE LA REPUBLICA DOMINICANA,BCENTRAL,53319
DO1002261928,LE090427,BCENTRAL/ LT 20270409 GTIA,300000,DOP,30,9.2289,94.090383,07/08/2026,01:37:24 PM,PRESTAMO,PRIMERA PARTE,ROTC,07/08/2026,CONFIRMADA,3269125,0,09/04/2026,09/04/2027,0,BANCO CENTRAL DE LA REPUBLICA DOMINICANA,BCENTRAL,58198
USP3579ECJ49,BSRD2041, ,401000,USD,401,6.6446,87.706977,07/08/2026,01:37:23 PM,ESTRUCTURADA,SEGUNDA PARTE,ROTC,08/10/2026,CONFIRMADA,3269126,0,21/01/2021,21/01/2041,5.1,MINISTERIO DE HACIENDA,HACIENDA,50953
USP3579ECJ49,BSRD2041, ,401000,USD,401,6.6204,87.831512,07/08/2026,01:37:23 PM,ESTRUCTURADA,PRIMERA PARTE,ROTC,07/08/2026,CONFIRMADA,3269126,0,21/01/2021,21/01/2041,5.1,MINISTERIO DE HACIENDA,HACIENDA,50890
USP3579ECJ49,BSRD2041, ,401000,USD,401,0,0,07/08/2026,01:37:23 PM,PRESTAMO,SEGUNDA PARTE,ROTC,18/01/2041,CONFIRMADA,3269127,0,21/01/2021,21/01/2041,0,MINISTERIO DE HACIENDA,HACIENDA,43960
USP3579ECJ49,BSRD2041, ,401000,USD,401,6.6204,87.831512,07/08/2026,01:37:23 PM,PRESTAMO,PRIMERA PARTE,ROTC,07/08/2026,CONFIRMADA,3269127,0,21/01/2021,21/01/2041,0,MINISTERIO DE HACIENDA,HACIENDA,48790
USP3579EBY25,BSRD2048,DOMINICAN REP/6.5 CHURCH BD UNSEC,5000,USD,5,6.7808,96.843822,07/08/2026,01:37:22 PM,ESTRUCTURADA,SEGUNDA PARTE,ROTC,11/08/2026,CONFIRMADA,3269128,0,08/02/2018,15/02/2048,1.95,MINISTERIO DE HACIENDA,HACIENDA,64694
USP3579EBY25,BSRD2048,DOMINICAN REP/6.5 CHURCH BD UNSEC,5000,USD,5,6.7761,96.894444,07/08/2026,01:37:22 PM,ESTRUCTURADA,PRIMERA PARTE,ROTC,07/08/2026,CONFIRMADA,3269128,0,08/02/2018,15/02/2048,1.95,MINISTERIO DE HACIENDA,HACIENDA,64820
USP3579EBY25,BSRD2048,DOMINICAN REP/6.5 CHURCH BD UNSEC,5000,USD,5,0,0,07/08/2026,01:37:22 PM,PRESTAMO,SEGUNDA PARTE,ROTC,14/02/2048,CONFIRMADA,3269129,0,08/02/2018,15/02/2048,0,MINISTERIO DE HACIENDA,HACIENDA,57764
USP3579EBY25,BSRD2048,DOMINICAN REP/6.5 CHURCH BD UNSEC,5000,USD,5,6.7761,96.894444,07/08/2026,01:37:22 PM,PRESTAMO,PRIMERA PARTE,ROTC,07/08/2026,CONFIRMADA,3269129,0,08/02/2018,15/02/2048,0,MINISTERIO DE HACIENDA,HACIENDA,62720
DO1002261423,NO301129,BCENTRAL/9.5 BOEST 20291130 GTIA,90000,DOP,9,9.786,99.197337,07/08/2026,01:37:21 PM,ESTRUCTURADA,SEGUNDA PARTE,ROTC,09/09/2026,CONFIRMADA,3269130,0,30/11/2025,30/11/2029,9.35,BANCO CENTRAL DE LA REPUBLICA DOMINICANA,BCENTRAL,61964
DO1002261423,NO301129,BCENTRAL/9.5 BOEST 20291130 GTIA,90000,DOP,9,9.7848,99.183883,07/08/2026,01:37:21 PM,ESTRUCTURADA,PRIMERA PARTE,ROTC,07/08/2026,CONFIRMADA,3269130,0,30/11/2025,30/11/2029,9.35,BANCO CENTRAL DE LA REPUBLICA DOMINICANA,BCENTRAL,62391
DO1002261423,NO301129,BCENTRAL/9.5 BOEST 20291130 GTIA,90000,DOP,9,0,0,07/08/2026,01:37:20 PM,PRESTAMO,SEGUNDA PARTE,ROTC,29/11/2029,CONFIRMADA,3269131,0,30/11/2025,30/11/2029,0,BANCO CENTRAL DE LA REPUBLICA DOMINICANA,BCENTRAL,55293
DO1002261423,NO301129,BCENTRAL/9.5 BOEST 20291130 GTIA,90000,DOP,9,9.7848,99.183883,07/08/2026,01:37:20 PM,PRESTAMO,PRIMERA PARTE,ROTC,07/08/2026,CONFIRMADA,3269131,0,30/11/2025,30/11/2029,0,BANCO CENTRAL DE LA REPUBLICA DOMINICANA,BCENTRAL,60284
USP3579ECS48,BSDR2035, ,5150000,DOP,103,9.2148,111.959951,07/08/2026,01:37:20 PM,ESTRUCTURADA,SEGUNDA PARTE,ROTC,07/01/2027,CONFIRMADA,3269132,0,15/09/2023,15/09/2035,9.25,MINISTERIO DE HACIENDA,HACIENDA,51569
USP3579ECS48,BSDR2035, ,5150000,DOP,103,9.2564,112.067354,07/08/2026,01:37:20 PM,ESTRUCTURADA,PRIMERA PARTE,ROTC,07/08/2026,CONFIRMADA,3269132,0,15/09/2023,15/09/2035,9.25,MINISTERIO DE HACIENDA,HACIENDA,51604
USP3579ECS48,BSDR2035, ,5150000,DOP,103,0,0,07/08/2026,01:37:19 PM,PRESTAMO,SEGUNDA PARTE,ROTC,14/09/2035,CONFIRMADA,3269133,0,15/09/2023,15/09/2035,0,MINISTERIO DE HACIENDA,HACIENDA,44429
USP3579ECS48,BSDR2035, ,5150000,DOP,103,9.2564,112.067354,07/08/2026,01:37:19 PM,PRESTAMO,PRIMERA PARTE,ROTC,07/08/2026,CONFIRMADA,3269133,0,15/09/2023,15/09/2035,0,MINISTERIO DE HACIENDA,HACIENDA,49560
DO1002261928,LE090427,BCENTRAL/ LT 20270409 GTIA,830000,DOP,83,9.1139,97.675566,07/08/2026,01:37:19 PM,ESTRUCTURADA,SEGUNDA PARTE,ROTC,05/01/2027,CONFIRMADA,3269134,0,09/04/2026,09/04/2027,9.3,BANCO CENTRAL DE LA REPUBLICA DOMINICANA,BCENTRAL,60375
DO1002261928,LE090427,BCENTRAL/ LT 20270409 GTIA,830000,DOP,83,9.365,94.008453,07/08/2026,01:37:19 PM,ESTRUCTURADA,PRIMERA PARTE,ROTC,07/08/2026,CONFIRMADA,3269134,0,09/04/2026,09/04/2027,9.3,BANCO CENTRAL DE LA REPUBLICA DOMINICANA,BCENTRAL,60032
DO1002261928,LE090427,BCENTRAL/ LT 20270409 GTIA,830000,DOP,83,0,0,07/08/2026,01:37:18 PM,PRESTAMO,SEGUNDA PARTE,ROTC,08/04/2027,CONFIRMADA,3269135,0,09/04/2026,09/04/2027,0,BANCO CENTRAL DE LA REPUBLICA DOMINICANA,BCENTRAL,53452
DO1002261928,LE090427,BCENTRAL/ LT 20270409 GTIA,830000,DOP,83,9.365,94.008453,07/08/2026,01:37:18 PM,PRESTAMO,PRIMERA PARTE,ROTC,07/08/2026,CONFIRMADA,3269135,0,09/04/2026,09/04/2027,0,BANCO CENTRAL DE LA REPUBLICA DOMINICANA,BCENTRAL,57925
USP3579ECS48,BSDR2035, ,7550000,DOP,151,8.7781,114.98303,07/08/2026,01:37:18 PM,ESTRUCTURADA,SEGUNDA PARTE,ROTC,05/11/2026,CONFIRMADA,3269136,0,15/09/2023,15/09/2035,9.95,MINISTERIO DE HACIENDA,HACIENDA,51296
USP3579ECS48,BSDR2035, ,7550000,DOP,151,8.8507,114.767798,07/08/2026,01:37:18 PM,ESTRUCTURADA,PRIMERA PARTE,ROTC,07/08/2026,CONFIRMADA,3269136,0,15/09/2023,15/09/2035,9.95,MINISTERIO DE HACIENDA,HACIENDA,51877
USP3579ECS48,BSDR2035, ,7550000,DOP,151,0,0,07/08/2026,01:37:17 PM,PRESTAMO,SEGUNDA PARTE,ROTC,14/09/2035,CONFIRMADA,3269137,0,15/09/2023,15/09/2035,0,MINISTERIO DE HACIENDA,HACIENDA,44478
USP3579ECS48,BSDR2035, ,7550000,DOP,151,8.8507,114.767798,07/08/2026,01:37:17 PM,PRESTAMO,PRIMERA PARTE,ROTC,07/08/2026,CONFIRMADA,3269137,0,15/09/2023,15/09/2035,0,MINISTERIO DE HACIENDA,HACIENDA,49770
DO1002261423,NO301129,BCENTRAL/9.5 BOEST 20291130 GTIA,50000,DOP,5,10.1601,98.28288,07/08/2026,01:37:16 PM,ESTRUCTURADA,SEGUNDA PARTE,ROTC,05/11/2026,CONFIRMADA,3269138,0,30/11/2025,30/11/2029,9.55,BANCO CENTRAL DE LA REPUBLICA DOMINICANA,BCENTRAL,62027
DO1002261423,NO301129,BCENTRAL/9.5 BOEST 20291130 GTIA,50000,DOP,5,10.1365,98.21875,07/08/2026,01:37:16 PM,ESTRUCTURADA,PRIMERA PARTE,ROTC,07/08/2026,CONFIRMADA,3269138,0,30/11/2025,30/11/2029,9.55,BANCO CENTRAL DE LA REPUBLICA DOMINICANA,BCENTRAL,62160
DO1002261423,NO301129,BCENTRAL/9.5 BOEST 20291130 GTIA,50000,DOP,5,0,0,07/08/2026,01:37:16 PM,PRESTAMO,SEGUNDA PARTE,ROTC,29/11/2029,CONFIRMADA,3269139,0,30/11/2025,30/11/2029,0,BANCO CENTRAL DE LA REPUBLICA DOMINICANA,BCENTRAL,55272
DO1002261423,NO301129,BCENTRAL/9.5 BOEST 20291130 GTIA,50000,DOP,5,10.1365,98.21875,07/08/2026,01:37:16 PM,PRESTAMO,PRIMERA PARTE,ROTC,07/08/2026,CONFIRMADA,3269139,0,30/11/2025,30/11/2029,0,BANCO CENTRAL DE LA REPUBLICA DOMINICANA,BCENTRAL,60060
USP3579ECX33,BSDR2055, ,122000,USD,122,6.9234,102.778347,07/08/2026,01:37:15 PM,ESTRUCTURADA,SEGUNDA PARTE,ROTC,07/12/2026,CONFIRMADA,3269140,0,24/02/2025,24/02/2055,5.1,MINISTERIO DE HACIENDA,HACIENDA,51289
USP3579ECX33,BSDR2055, ,122000,USD,122,6.8824,103.320016,07/08/2026,01:37:15 PM,ESTRUCTURADA,PRIMERA PARTE,ROTC,07/08/2026,CONFIRMADA,3269140,0,24/02/2025,24/02/2055,5.1,MINISTERIO DE HACIENDA,HACIENDA,51254
USP3579ECX33,BSDR2055, ,122000,USD,122,0,0,07/08/2026,01:37:14 PM,PRESTAMO,SEGUNDA PARTE,ROTC,23/02/2055,CONFIRMADA,3269141,0,24/02/2025,24/02/2055,0,MINISTERIO DE HACIENDA,HACIENDA,44058
USP3579ECX33,BSDR2055, ,122000,USD,122,6.8824,103.320016,07/08/2026,01:37:14 PM,PRESTAMO,PRIMERA PARTE,ROTC,07/08/2026,CONFIRMADA,3269141,0,24/02/2025,24/02/2055,0,MINISTERIO DE HACIENDA,HACIENDA,49147
DO1002261928,LE090427,BCENTRAL/ LT 20270409 GTIA,210000,DOP,21,11.7513,93.670676,07/08/2026,01:37:14 PM,ESTRUCTURADA,SEGUNDA PARTE,ROTC,14/09/2026,CONFIRMADA,3269142,0,09/04/2026,09/04/2027,8.3,BANCO CENTRAL DE LA REPUBLICA DOMINICANA,BCENTRAL,60529
DO1002261928,LE090427,BCENTRAL/ LT 20270409 GTIA,210000,DOP,21,11.303,92.857143,07/08/2026,01:37:14 PM,ESTRUCTURADA,PRIMERA PARTE,ROTC,07/08/2026,CONFIRMADA,3269142,0,09/04/2026,09/04/2027,8.3,BANCO CENTRAL DE LA REPUBLICA DOMINICANA,BCENTRAL,60158
DO1002261928,LE090427,BCENTRAL/ LT 20270409 GTIA,210000,DOP,21,0,0,07/08/2026,01:37:13 PM,PRESTAMO,SEGUNDA PARTE,ROTC,08/04/2027,CONFIRMADA,3269143,0,09/04/2026,09/04/2027,0,BANCO CENTRAL DE LA REPUBLICA DOMINICANA,BCENTRAL,53305
DO1002261928,LE090427,BCENTRAL/ LT 20270409 GTIA,210000,DOP,21,11.303,92.857143,07/08/2026,01:37:13 PM,PRESTAMO,PRIMERA PARTE,ROTC,07/08/2026,CONFIRMADA,3269143,0,09/04/2026,09/04/2027,0,BANCO CENTRAL DE LA REPUBLICA DOMINICANA,BCENTRAL,58051
USP3579ECV76,BSDR2036, ,46000000,DOP,920,9.6436,106.854067,07/08/2026,01:36:26 PM,PLAZO,PRIMERA PARTE,ROTC,07/09/2026,CONFIRMADA,3268985,0,01/07/2024,01/06/2036,0,MINISTERIO DE HACIENDA,HACIENDA,48426
DO1002261423,NO301129,BCENTRAL/9.5 BOEST 20291130 GTIA,1050000,DOP,105,9.40048226,100.255,01/06/2026,01:28:43 PM,ESTRUCTURADA,SEGUNDA PARTE,ROTC,07/08/2026,MODIFICADA,3138711,0,30/11/2025,30/11/2029,0.255,BANCO CENTRAL DE LA REPUBLICA DOMINICANA,BCENTRAL,63882
DO1002261423,NO301129,BCENTRAL/9.5 BOEST 20291130 GTIA,4870000,DOP,487,9.15651244,100.923994,07/08/2026,01:28:25 PM,PRESTAMO,SEGUNDA PARTE,ROTC,25/08/2026,CONFIRMADA,3269105,0,30/11/2025,30/11/2029,9.75,BANCO CENTRAL DE LA REPUBLICA DOMINICANA,BCENTRAL,63343
DO1002261423,NO301129,BCENTRAL/9.5 BOEST 20291130 GTIA,4870000,DOP,487,9.17412661,100.888155,07/08/2026,01:28:25 PM,PRESTAMO,PRIMERA PARTE,ROTC,07/08/2026,CONFIRMADA,3269105,0,30/11/2025,30/11/2029,9.75,BANCO CENTRAL DE LA REPUBLICA DOMINICANA,BCENTRAL,63399
DO1002261423,NO301129,BCENTRAL/9.5 BOEST 20291130 GTIA,4870000,DOP,487,9.15651244,100.923994,07/08/2026,01:28:24 PM,ESTRUCTURADA,SEGUNDA PARTE,ROTC,25/08/2026,CONFIRMADA,3269099,0,30/11/2025,30/11/2029,9.75,BANCO CENTRAL DE LA REPUBLICA DOMINICANA,BCENTRAL,65436
DO1002261423,NO301129,BCENTRAL/9.5 BOEST 20291130 GTIA,4870000,DOP,487,9.17412661,100.888155,07/08/2026,01:28:24 PM,ESTRUCTURADA,PRIMERA PARTE,ROTC,07/08/2026,CONFIRMADA,3269099,0,30/11/2025,30/11/2029,9.75,BANCO CENTRAL DE LA REPUBLICA DOMINICANA,BCENTRAL,65492
DO2006901311,BC1ITA01,EGEITABO/5.65 BO 20311208,4813,USD,4813,4.68195708,104.362069,07/08/2026,01:28:24 PM,PRESTAMO,SEGUNDA PARTE,ROTC,05/11/2026,CONFIRMADA,3269104,0,08/12/2021,08/12/2031,4.55,"EMPRESA GENERADORA DE ELECTRICIDAD ITABO, S.A.",EGEITABO,59297
DO2006901311,BC1ITA01,EGEITABO/5.65 BO 20311208,4813,USD,4813,4.68047779,104.555338,07/08/2026,01:28:24 PM,PRESTAMO,PRIMERA PARTE,ROTC,07/08/2026,CONFIRMADA,3269104,0,08/12/2021,08/12/2031,4.55,"EMPRESA GENERADORA DE ELECTRICIDAD ITABO, S.A.",EGEITABO,59465
DO2006901311,BC1ITA01,EGEITABO/5.65 BO 20311208,4813,USD,4813,4.68195708,104.362069,07/08/2026,01:28:23 PM,ESTRUCTURADA,SEGUNDA PARTE,ROTC,05/11/2026,CONFIRMADA,3269100,0,08/12/2021,08/12/2031,4.55,"EMPRESA GENERADORA DE ELECTRICIDAD ITABO, S.A.",EGEITABO,61390
DO2006901311,BC1ITA01,EGEITABO/5.65 BO 20311208,4813,USD,4813,4.68047779,104.555338,07/08/2026,01:28:23 PM,ESTRUCTURADA,PRIMERA PARTE,ROTC,07/08/2026,CONFIRMADA,3269100,0,08/12/2021,08/12/2031,4.55,"EMPRESA GENERADORA DE ELECTRICIDAD ITABO, S.A.",EGEITABO,61558
DO1005204412,MH12029,HACIENDA/11.375 BOEST 20290706 GTIA,92300000,DOP,923,8.30745522,107.059028,07/08/2026,01:28:23 PM,PRESTAMO,SEGUNDA PARTE,ROTC,20/11/2026,CONFIRMADA,3269103,0,06/07/2014,06/07/2029,9.45,MINISTERIO DE HACIENDA,HACIENDA,63931
DO1005204412,MH12029,HACIENDA/11.375 BOEST 20290706 GTIA,92300000,DOP,923,8.46932939,107.345102,07/08/2026,01:28:23 PM,PRESTAMO,PRIMERA PARTE,ROTC,07/08/2026,CONFIRMADA,3269103,0,06/07/2014,06/07/2029,9.45,MINISTERIO DE HACIENDA,HACIENDA,64127
DO1005204412,MH12029,HACIENDA/11.375 BOEST 20290706 GTIA,92300000,DOP,923,8.30745522,107.059028,07/08/2026,01:28:21 PM,ESTRUCTURADA,SEGUNDA PARTE,ROTC,20/11/2026,CONFIRMADA,3269101,0,06/07/2014,06/07/2029,9.45,MINISTERIO DE HACIENDA,HACIENDA,66017
DO1005204412,MH12029,HACIENDA/11.375 BOEST 20290706 GTIA,92300000,DOP,923,8.46932939,107.345102,07/08/2026,01:28:21 PM,ESTRUCTURADA,PRIMERA PARTE,ROTC,07/08/2026,CONFIRMADA,3269101,0,06/07/2014,06/07/2029,9.45,MINISTERIO DE HACIENDA,HACIENDA,66213
DO1002261928,LE090427,BCENTRAL/ LT 20270409 GTIA,210000,DOP,21,10.6512,95.750595,07/08/2026,01:28:10 PM,PRESTAMO,SEGUNDA PARTE,ROTC,10/11/2026,CONFIRMADA,3267922,0,09/04/2026,09/04/2027,2.296039,BANCO CENTRAL DE LA REPUBLICA DOMINICANA,BCENTRAL,58310
DO1002261928,LE090427,BCENTRAL/ LT 20270409 GTIA,210000,DOP,21,10.3384,93.552124,07/08/2026,01:28:10 PM,PRESTAMO,PRIMERA PARTE,ROTC,12/08/2026,CONFIRMADA,3267922,0,09/04/2026,09/04/2027,2.296039,BANCO CENTRAL DE LA REPUBLICA DOMINICANA,BCENTRAL,58359
DO1002261928,LE090427,BCENTRAL/ LT 20270409 GTIA,210000,DOP,21,10.6512,95.750595,07/08/2026,01:28:09 PM,PLAZO,PRIMERA PARTE,ROTC,10/11/2026,CONFIRMADA,3267923,0,09/04/2026,09/04/2027,0,BANCO CENTRAL DE LA REPUBLICA DOMINICANA,BCENTRAL,56826
DO1002261928,LE090427,BCENTRAL/ LT 20270409 GTIA,60000,DOP,6,6.8635,98.869017,07/08/2026,01:28:08 PM,PRESTAMO,SEGUNDA PARTE,ROTC,08/02/2027,CONFIRMADA,3267925,0,09/04/2026,09/04/2027,4.674653,BANCO CENTRAL DE LA REPUBLICA DOMINICANA,BCENTRAL,57561
DO1002261928,LE090427,BCENTRAL/ LT 20270409 GTIA,60000,DOP,6,9.0802,94.247233,07/08/2026,01:28:08 PM,PRESTAMO,PRIMERA PARTE,ROTC,10/08/2026,CONFIRMADA,3267925,0,09/04/2026,09/04/2027,4.674653,BANCO CENTRAL DE LA REPUBLICA DOMINICANA,BCENTRAL,57449
DO1002261928,LE090427,BCENTRAL/ LT 20270409 GTIA,60000,DOP,6,6.8635,98.869017,07/08/2026,01:28:07 PM,PLAZO,PRIMERA PARTE,ROTC,08/02/2027,CONFIRMADA,3267926,0,09/04/2026,09/04/2027,0,BANCO CENTRAL DE LA REPUBLICA DOMINICANA,BCENTRAL,56014
DO1002261928,LE090427,BCENTRAL/ LT 20270409 GTIA,240000,DOP,24,5.6054,97.717704,07/08/2026,01:28:06 PM,PRESTAMO,SEGUNDA PARTE,ROTC,10/11/2026,CONFIRMADA,3267928,0,09/04/2026,09/04/2027,2.345869,BANCO CENTRAL DE LA REPUBLICA DOMINICANA,BCENTRAL,58065
DO1002261928,LE090427,BCENTRAL/ LT 20270409 GTIA,240000,DOP,24,7.1315,95.425375,07/08/2026,01:28:06 PM,PRESTAMO,PRIMERA PARTE,ROTC,10/08/2026,CONFIRMADA,3267928,0,09/04/2026,09/04/2027,2.345869,BANCO CENTRAL DE LA REPUBLICA DOMINICANA,BCENTRAL,58135
DO1002261928,LE090427,BCENTRAL/ LT 20270409 GTIA,240000,DOP,24,5.6054,97.717704,07/08/2026,01:28:05 PM,PLAZO,PRIMERA PARTE,ROTC,10/11/2026,CONFIRMADA,3267929,0,09/04/2026,09/04/2027,0,BANCO CENTRAL DE LA REPUBLICA DOMINICANA,BCENTRAL,56518
DO1002261928,LE090427,BCENTRAL/ LT 20270409 GTIA,90000,DOP,9,10.621,94.904111,07/08/2026,01:28:05 PM,PRESTAMO,SEGUNDA PARTE,ROTC,09/10/2026,CONFIRMADA,3267931,0,09/04/2026,09/04/2027,1.502101,BANCO CENTRAL DE LA REPUBLICA DOMINICANA,BCENTRAL,57316
DO1002261928,LE090427,BCENTRAL/ LT 20270409 GTIA,90000,DOP,9,10.3781,93.478556,07/08/2026,01:28:05 PM,PRESTAMO,PRIMERA PARTE,ROTC,10/08/2026,CONFIRMADA,3267931,0,09/04/2026,09/04/2027,1.502101,BANCO CENTRAL DE LA REPUBLICA DOMINICANA,BCENTRAL,57904
DO1002261928,LE090427,BCENTRAL/ LT 20270409 GTIA,90000,DOP,9,10.621,94.904111,07/08/2026,01:28:04 PM,PLAZO,PRIMERA PARTE,ROTC,09/10/2026,CONFIRMADA,3267932,0,09/04/2026,09/04/2027,0,BANCO CENTRAL DE LA REPUBLICA DOMINICANA,BCENTRAL,55769
DO1002261928,LE090427,BCENTRAL/ LT 20270409 GTIA,60000,DOP,6,24.0653,87.5873,07/08/2026,01:28:03 PM,PRESTAMO,SEGUNDA PARTE,ROTC,09/09/2026,CONFIRMADA,3267934,0,09/04/2026,09/04/2027,0.74851,BANCO CENTRAL DE LA REPUBLICA DOMINICANA,BCENTRAL,57113
DO1002261928,LE090427,BCENTRAL/ LT 20270409 GTIA,60000,DOP,6,22.3629,86.9317,07/08/2026,01:28:03 PM,PRESTAMO,PRIMERA PARTE,ROTC,10/08/2026,CONFIRMADA,3267934,0,09/04/2026,09/04/2027,0.74851,BANCO CENTRAL DE LA REPUBLICA DOMINICANA,BCENTRAL,57113
DO1002261928,LE090427,BCENTRAL/ LT 20270409 GTIA,60000,DOP,6,24.0653,87.5873,07/08/2026,01:28:02 PM,PLAZO,PRIMERA PARTE,ROTC,09/09/2026,CONFIRMADA,3267935,0,09/04/2026,09/04/2027,0,BANCO CENTRAL DE LA REPUBLICA DOMINICANA,BCENTRAL,55566
DO1002261928,LE090427,BCENTRAL/ LT 20270409 GTIA,50000,DOP,5,30.7739,88.63482,07/08/2026,01:28:01 PM,PRESTAMO,SEGUNDA PARTE,ROTC,10/11/2026,CONFIRMADA,3267946,0,09/04/2026,09/04/2027,2.320961,BANCO CENTRAL DE LA REPUBLICA DOMINICANA,BCENTRAL,57386
DO1002261928,LE090427,BCENTRAL/ LT 20270409 GTIA,50000,DOP,5,23.1584,86.57764,07/08/2026,01:28:01 PM,PRESTAMO,PRIMERA PARTE,ROTC,11/08/2026,CONFIRMADA,3267946,0,09/04/2026,09/04/2027,2.320961,BANCO CENTRAL DE LA REPUBLICA DOMINICANA,BCENTRAL,57484
DO1002261928,LE090427,BCENTRAL/ LT 20270409 GTIA,50000,DOP,5,30.7739,88.63482,07/08/2026,01:28:00 PM,PLAZO,PRIMERA PARTE,ROTC,10/11/2026,CONFIRMADA,3267947,0,09/04/2026,09/04/2027,0,BANCO CENTRAL DE LA REPUBLICA DOMINICANA,BCENTRAL,55839
DO1002261928,LE090427,BCENTRAL/ LT 20270409 GTIA,910000,DOP,91,8.5322,95.215871,07/08/2026,01:27:59 PM,PRESTAMO,SEGUNDA PARTE,ROTC,09/09/2026,CONFIRMADA,3267949,0,09/04/2026,09/04/2027,0.748522,BANCO CENTRAL DE LA REPUBLICA DOMINICANA,BCENTRAL,58247
DO1002261928,LE090427,BCENTRAL/ LT 20270409 GTIA,910000,DOP,91,8.6527,94.503159,07/08/2026,01:27:59 PM,PRESTAMO,PRIMERA PARTE,ROTC,10/08/2026,CONFIRMADA,3267949,0,09/04/2026,09/04/2027,0.748522,BANCO CENTRAL DE LA REPUBLICA DOMINICANA,BCENTRAL,58289
DO1002261928,LE090427,BCENTRAL/ LT 20270409 GTIA,910000,DOP,91,8.5322,95.215871,07/08/2026,01:27:58 PM,PLAZO,PRIMERA PARTE,ROTC,09/09/2026,CONFIRMADA,3267950,0,09/04/2026,09/04/2027,0,BANCO CENTRAL DE LA REPUBLICA DOMINICANA,BCENTRAL,56700
DO1002261928,LE090427,BCENTRAL/ LT 20270409 GTIA,530000,DOP,53,7.8421,97.411189,07/08/2026,01:27:57 PM,PRESTAMO,SEGUNDA PARTE,ROTC,08/12/2026,CONFIRMADA,3267952,0,09/04/2026,09/04/2027,3.069466,BANCO CENTRAL DE LA REPUBLICA DOMINICANA,BCENTRAL,58184
DO1002261928,LE090427,BCENTRAL/ LT 20270409 GTIA,530000,DOP,53,8.7894,94.421185,07/08/2026,01:27:57 PM,PRESTAMO,PRIMERA PARTE,ROTC,10/08/2026,CONFIRMADA,3267952,0,09/04/2026,09/04/2027,3.069466,BANCO CENTRAL DE LA REPUBLICA DOMINICANA,BCENTRAL,58289
DO1002261928,LE090427,BCENTRAL/ LT 20270409 GTIA,530000,DOP,53,7.8421,97.411189,07/08/2026,01:27:56 PM,PLAZO,PRIMERA PARTE,ROTC,08/12/2026,CONFIRMADA,3267953,0,09/04/2026,09/04/2027,0,BANCO CENTRAL DE LA REPUBLICA DOMINICANA,BCENTRAL,56637
DO1002261928,LE090427,BCENTRAL/ LT 20270409 GTIA,50000,DOP,5,4.1057,97.6393,07/08/2026,01:27:56 PM,PRESTAMO,SEGUNDA PARTE,ROTC,09/09/2026,CONFIRMADA,3267964,0,09/04/2026,09/04/2027,0.748531,BANCO CENTRAL DE LA REPUBLICA DOMINICANA,BCENTRAL,56784
DO1002261928,LE090427,BCENTRAL/ LT 20270409 GTIA,50000,DOP,5,4.7457,96.90844,07/08/2026,01:27:56 PM,PRESTAMO,PRIMERA PARTE,ROTC,10/08/2026,CONFIRMADA,3267964,0,09/04/2026,09/04/2027,0.748531,BANCO CENTRAL DE LA REPUBLICA DOMINICANA,BCENTRAL,57211
DO1002261928,LE090427,BCENTRAL/ LT 20270409 GTIA,50000,DOP,5,4.1057,97.6393,07/08/2026,01:27:55 PM,PLAZO,PRIMERA PARTE,ROTC,09/09/2026,CONFIRMADA,3267965,0,09/04/2026,09/04/2027,0,BANCO CENTRAL DE LA REPUBLICA DOMINICANA,BCENTRAL,55237
DO1002261928,LE090427,BCENTRAL/ LT 20270409 GTIA,7420000,DOP,742,8.8774,95.03194,07/08/2026,01:27:54 PM,PRESTAMO,SEGUNDA PARTE,ROTC,09/09/2026,CONFIRMADA,3267970,0,09/04/2026,09/04/2027,0.748522,BANCO CENTRAL DE LA REPUBLICA DOMINICANA,BCENTRAL,58639
DO1002261928,LE090427,BCENTRAL/ LT 20270409 GTIA,7420000,DOP,742,8.9574,94.320605,07/08/2026,01:27:54 PM,PRESTAMO,PRIMERA PARTE,ROTC,10/08/2026,CONFIRMADA,3267970,0,09/04/2026,09/04/2027,0.748522,BANCO CENTRAL DE LA REPUBLICA DOMINICANA,BCENTRAL,58954
DO1002261928,LE090427,BCENTRAL/ LT 20270409 GTIA,7420000,DOP,742,8.8774,95.03194,07/08/2026,01:27:53 PM,PLAZO,PRIMERA PARTE,ROTC,09/09/2026,CONFIRMADA,3267971,0,09/04/2026,09/04/2027,0,BANCO CENTRAL DE LA REPUBLICA DOMINICANA,BCENTRAL,57092
DO1002261928,LE090427,BCENTRAL/ LT 20270409 GTIA,4240000,DOP,424,8.8593,95.04152,07/08/2026,01:27:52 PM,PRESTAMO,SEGUNDA PARTE,ROTC,09/09/2026,CONFIRMADA,3267973,0,09/04/2026,09/04/2027,0.748522,BANCO CENTRAL DE LA REPUBLICA DOMINICANA,BCENTRAL,58541
DO1002261928,LE090427,BCENTRAL/ LT 20270409 GTIA,4240000,DOP,424,8.9415,94.330114,07/08/2026,01:27:52 PM,PRESTAMO,PRIMERA PARTE,ROTC,10/08/2026,CONFIRMADA,3267973,0,09/04/2026,09/04/2027,0.748522,BANCO CENTRAL DE LA REPUBLICA DOMINICANA,BCENTRAL,58828
DO1002261928,LE090427,BCENTRAL/ LT 20270409 GTIA,4240000,DOP,424,8.8593,95.04152,07/08/2026,01:27:51 PM,PLAZO,PRIMERA PARTE,ROTC,09/09/2026,CONFIRMADA,3267974,0,09/04/2026,09/04/2027,0,BANCO CENTRAL DE LA REPUBLICA DOMINICANA,BCENTRAL,56994
DO1002261928,LE090427,BCENTRAL/ LT 20270409 GTIA,9090000,DOP,909,7.3905,98.823322,07/08/2026,01:27:50 PM,PRESTAMO,SEGUNDA PARTE,ROTC,10/02/2027,CONFIRMADA,3267976,0,09/04/2026,09/04/2027,4.630709,BANCO CENTRAL DE LA REPUBLICA DOMINICANA,BCENTRAL,58891
DO1002261928,LE090427,BCENTRAL/ LT 20270409 GTIA,9090000,DOP,909,9.0804,94.247101,07/08/2026,01:27:50 PM,PRESTAMO,PRIMERA PARTE,ROTC,10/08/2026,CONFIRMADA,3267976,0,09/04/2026,09/04/2027,4.630709,BANCO CENTRAL DE LA REPUBLICA DOMINICANA,BCENTRAL,58905
DO1002261928,LE090427,BCENTRAL/ LT 20270409 GTIA,9090000,DOP,909,7.3905,98.823322,07/08/2026,01:27:49 PM,PLAZO,PRIMERA PARTE,ROTC,10/02/2027,CONFIRMADA,3267979,0,09/04/2026,09/04/2027,0,BANCO CENTRAL DE LA REPUBLICA DOMINICANA,BCENTRAL,57407
DO1002261928,LE090427,BCENTRAL/ LT 20270409 GTIA,5450000,DOP,545,6.4176,98.976639,07/08/2026,01:27:49 PM,PRESTAMO,SEGUNDA PARTE,ROTC,10/02/2027,CONFIRMADA,3267981,0,09/04/2026,09/04/2027,4.677173,BANCO CENTRAL DE LA REPUBLICA DOMINICANA,BCENTRAL,59031
DO1002261928,LE090427,BCENTRAL/ LT 20270409 GTIA,5450000,DOP,545,8.9127,94.34733,07/08/2026,01:27:49 PM,PRESTAMO,PRIMERA PARTE,ROTC,10/08/2026,CONFIRMADA,3267981,0,09/04/2026,09/04/2027,4.677173,BANCO CENTRAL DE LA REPUBLICA DOMINICANA,BCENTRAL,58646
DO1002261928,LE090427,BCENTRAL/ LT 20270409 GTIA,5450000,DOP,545,6.4176,98.976639,07/08/2026,01:27:48 PM,PLAZO,PRIMERA PARTE,ROTC,10/02/2027,CONFIRMADA,3267982,0,09/04/2026,09/04/2027,0,BANCO CENTRAL DE LA REPUBLICA DOMINICANA,BCENTRAL,57484
DO1005207118,MHUS2026,HACIENDA/6.65 BOEST 20261227 GTIA,10000,USD,10,-6.5904,102.9449,07/08/2026,01:27:47 PM,PRESTAMO,SEGUNDA PARTE,ROTC,09/10/2026,CONFIRMADA,3267984,0,27/12/2019,27/12/2026,1.459752,MINISTERIO DE HACIENDA,HACIENDA,60893
DO1005207118,MHUS2026,HACIENDA/6.65 BOEST 20261227 GTIA,10000,USD,10,-1.9624,103.3093,07/08/2026,01:27:47 PM,PRESTAMO,PRIMERA PARTE,ROTC,10/08/2026,CONFIRMADA,3267984,0,27/12/2019,27/12/2026,1.459752,MINISTERIO DE HACIENDA,HACIENDA,60865
DO1005207118,MHUS2026,HACIENDA/6.65 BOEST 20261227 GTIA,10000,USD,10,-6.5904,102.9449,07/08/2026,01:27:46 PM,PLAZO,PRIMERA PARTE,ROTC,09/10/2026,CONFIRMADA,3267985,0,27/12/2019,27/12/2026,0,MINISTERIO DE HACIENDA,HACIENDA,59346
DO1002261928,LE090427,BCENTRAL/ LT 20270409 GTIA,140000,DOP,14,44.5165,93.093036,07/08/2026,01:27:45 PM,PRESTAMO,SEGUNDA PARTE,ROTC,08/02/2027,CONFIRMADA,3268280,0,09/04/2026,09/04/2027,0.255911,BANCO CENTRAL DE LA REPUBLICA DOMINICANA,BCENTRAL,58429
DO1002261928,LE090427,BCENTRAL/ LT 20270409 GTIA,140000,DOP,14,11.4471,92.8548,07/08/2026,01:27:45 PM,PRESTAMO,PRIMERA PARTE,ROTC,10/08/2026,CONFIRMADA,3268280,0,09/04/2026,09/04/2027,0.255911,BANCO CENTRAL DE LA REPUBLICA DOMINICANA,BCENTRAL,57778
DO1002261928,LE090427,BCENTRAL/ LT 20270409 GTIA,140000,DOP,14,44.5165,93.093036,07/08/2026,01:27:44 PM,PLAZO,PRIMERA PARTE,ROTC,08/02/2027,CONFIRMADA,3268281,0,09/04/2026,09/04/2027,0,BANCO CENTRAL DE LA REPUBLICA DOMINICANA,BCENTRAL,56882
DO1002261928,LE090427,BCENTRAL/ LT 20270409 GTIA,1180000,DOP,118,20.4535,93.567563,07/08/2026,01:27:43 PM,PRESTAMO,SEGUNDA PARTE,ROTC,09/12/2026,CONFIRMADA,3268283,0,09/04/2026,09/04/2027,0.157252,BANCO CENTRAL DE LA REPUBLICA DOMINICANA,BCENTRAL,59199
DO1002261928,LE090427,BCENTRAL/ LT 20270409 GTIA,1180000,DOP,118,10.5206,93.420425,07/08/2026,01:27:43 PM,PRESTAMO,PRIMERA PARTE,ROTC,11/08/2026,CONFIRMADA,3268283,0,09/04/2026,09/04/2027,0.157252,BANCO CENTRAL DE LA REPUBLICA DOMINICANA,BCENTRAL,59108
DO1002261928,LE090427,BCENTRAL/ LT 20270409 GTIA,1180000,DOP,118,20.4535,93.567563,07/08/2026,01:27:42 PM,PLAZO,PRIMERA PARTE,ROTC,09/12/2026,CONFIRMADA,3268284,0,09/04/2026,09/04/2027,0,BANCO CENTRAL DE LA REPUBLICA DOMINICANA,BCENTRAL,57652
DO1002261928,LE090427,BCENTRAL/ LT 20270409 GTIA,4280000,DOP,428,16.0915,93.716495,07/08/2026,01:27:41 PM,PRESTAMO,SEGUNDA PARTE,ROTC,10/11/2026,CONFIRMADA,3268286,0,09/04/2026,09/04/2027,0.124969,BANCO CENTRAL DE LA REPUBLICA DOMINICANA,BCENTRAL,59199
DO1002261928,LE090427,BCENTRAL/ LT 20270409 GTIA,4280000,DOP,428,10.2149,93.599378,07/08/2026,01:27:41 PM,PRESTAMO,PRIMERA PARTE,ROTC,11/08/2026,CONFIRMADA,3268286,0,09/04/2026,09/04/2027,0.124969,BANCO CENTRAL DE LA REPUBLICA DOMINICANA,BCENTRAL,59339
DO1002261928,LE090427,BCENTRAL/ LT 20270409 GTIA,4280000,DOP,428,16.0915,93.716495,07/08/2026,01:27:40 PM,PLAZO,PRIMERA PARTE,ROTC,10/11/2026,CONFIRMADA,3268287,0,09/04/2026,09/04/2027,0,BANCO CENTRAL DE LA REPUBLICA DOMINICANA,BCENTRAL,57652
DO1005208322,MHUS2040,HACIENDA/6.75 BOEST 20400724 GTIA,20000,USD,20,4.9442,117.6382,07/08/2026,01:27:39 PM,PRESTAMO,SEGUNDA PARTE,ROTC,22/01/2027,CONFIRMADA,3268289,0,24/07/2020,24/07/2040,0.364743,MINISTERIO DE HACIENDA,HACIENDA,60501
DO1005208322,MHUS2040,HACIENDA/6.75 BOEST 20400724 GTIA,20000,USD,20,4.7234,120.53445,07/08/2026,01:27:39 PM,PRESTAMO,PRIMERA PARTE,ROTC,11/08/2026,CONFIRMADA,3268289,0,24/07/2020,24/07/2040,0.364743,MINISTERIO DE HACIENDA,HACIENDA,60879
DO1005208322,MHUS2040,HACIENDA/6.75 BOEST 20400724 GTIA,20000,USD,20,4.9442,117.6382,07/08/2026,01:27:38 PM,PLAZO,PRIMERA PARTE,ROTC,22/01/2027,CONFIRMADA,3268290,0,24/07/2020,24/07/2040,0,MINISTERIO DE HACIENDA,HACIENDA,58954
DO1002261928,LE090427,BCENTRAL/ LT 20270409 GTIA,2530000,DOP,253,7.958,98.691036,07/08/2026,01:27:38 PM,PRESTAMO,SEGUNDA PARTE,ROTC,08/02/2027,CONFIRMADA,3268309,0,09/04/2026,09/04/2027,4.625656,BANCO CENTRAL DE LA REPUBLICA DOMINICANA,BCENTRAL,58604
DO1002261928,LE090427,BCENTRAL/ LT 20270409 GTIA,2530000,DOP,253,9.361,94.125928,07/08/2026,01:27:38 PM,PRESTAMO,PRIMERA PARTE,ROTC,12/08/2026,CONFIRMADA,3268309,0,09/04/2026,09/04/2027,4.625656,BANCO CENTRAL DE LA REPUBLICA DOMINICANA,BCENTRAL,58583
DO1002261928,LE090427,BCENTRAL/ LT 20270409 GTIA,2530000,DOP,253,7.958,98.691036,07/08/2026,01:27:37 PM,PLAZO,PRIMERA PARTE,ROTC,08/02/2027,CONFIRMADA,3268310,0,09/04/2026,09/04/2027,0,BANCO CENTRAL DE LA REPUBLICA DOMINICANA,BCENTRAL,57057
DO1002261928,LE090427,BCENTRAL/ LT 20270409 GTIA,18640000,DOP,1864,11.6785,98.090745,07/08/2026,01:27:36 PM,PRESTAMO,SEGUNDA PARTE,ROTC,08/02/2027,CONFIRMADA,3268312,0,09/04/2026,09/04/2027,4.580153,BANCO CENTRAL DE LA REPUBLICA DOMINICANA,BCENTRAL,60053
DO1002261928,LE090427,BCENTRAL/ LT 20270409 GTIA,18640000,DOP,1864,10.2598,93.598039,07/08/2026,01:27:36 PM,PRESTAMO,PRIMERA PARTE,ROTC,12/08/2026,CONFIRMADA,3268312,0,09/04/2026,09/04/2027,4.580153,BANCO CENTRAL DE LA REPUBLICA DOMINICANA,BCENTRAL,60123
DO1002261928,LE090427,BCENTRAL/ LT 20270409 GTIA,18640000,DOP,1864,11.6785,98.090745,07/08/2026,01:27:35 PM,PLAZO,PRIMERA PARTE,ROTC,08/02/2027,CONFIRMADA,3268313,0,09/04/2026,09/04/2027,0,BANCO CENTRAL DE LA REPUBLICA DOMINICANA,BCENTRAL,58506
DO1002261928,LE090427,BCENTRAL/ LT 20270409 GTIA,20000,DOP,2,3.4821,98.2981,07/08/2026,01:27:34 PM,PRESTAMO,SEGUNDA PARTE,ROTC,12/10/2026,CONFIRMADA,3268315,0,09/04/2026,09/04/2027,1.526733,BANCO CENTRAL DE LA REPUBLICA DOMINICANA,BCENTRAL,56623
DO1002261928,LE090427,BCENTRAL/ LT 20270409 GTIA,20000,DOP,2,4.9629,96.79735,07/08/2026,01:27:34 PM,PRESTAMO,PRIMERA PARTE,ROTC,12/08/2026,CONFIRMADA,3268315,0,09/04/2026,09/04/2027,1.526733,BANCO CENTRAL DE LA REPUBLICA DOMINICANA,BCENTRAL,57218
DO1002261928,LE090427,BCENTRAL/ LT 20270409 GTIA,20000,DOP,2,3.4821,98.2981,07/08/2026,01:27:33 PM,PLAZO,PRIMERA PARTE,ROTC,12/10/2026,CONFIRMADA,3268316,0,09/04/2026,09/04/2027,0,BANCO CENTRAL DE LA REPUBLICA DOMINICANA,BCENTRAL,55076
DO1002261928,LE090427,BCENTRAL/ LT 20270409 GTIA,40000,DOP,4,-38.719,106.8984,07/08/2026,01:27:32 PM,PRESTAMO,SEGUNDA PARTE,ROTC,08/02/2027,CONFIRMADA,3268318,0,09/04/2026,09/04/2027,4.625654,BANCO CENTRAL DE LA REPUBLICA DOMINICANA,BCENTRAL,57400
DO1002261928,LE090427,BCENTRAL/ LT 20270409 GTIA,40000,DOP,4,-2.8743,101.95365,07/08/2026,01:27:32 PM,PRESTAMO,PRIMERA PARTE,ROTC,12/08/2026,CONFIRMADA,3268318,0,09/04/2026,09/04/2027,4.625654,BANCO CENTRAL DE LA REPUBLICA DOMINICANA,BCENTRAL,57729
DO1002261928,LE090427,BCENTRAL/ LT 20270409 GTIA,40000,DOP,4,-38.719,106.8984,07/08/2026,01:27:31 PM,PLAZO,PRIMERA PARTE,ROTC,08/02/2027,CONFIRMADA,3268320,0,09/04/2026,09/04/2027,0,BANCO CENTRAL DE LA REPUBLICA DOMINICANA,BCENTRAL,55853
DO1005207118,MHUS2026,HACIENDA/6.65 BOEST 20261227 GTIA,167000,USD,167,-27.424,101.837892,07/08/2026,01:27:31 PM,PRESTAMO,SEGUNDA PARTE,ROTC,09/12/2026,CONFIRMADA,3268322,0,27/12/2019,27/12/2026,2.195059,MINISTERIO DE HACIENDA,HACIENDA,62419
DO1005207118,MHUS2026,HACIENDA/6.65 BOEST 20261227 GTIA,167000,USD,167,-0.0729,102.542665,07/08/2026,01:27:31 PM,PRESTAMO,PRIMERA PARTE,ROTC,11/08/2026,CONFIRMADA,3268322,0,27/12/2019,27/12/2026,2.195059,MINISTERIO DE HACIENDA,HACIENDA,62405
DO1005207118,MHUS2026,HACIENDA/6.65 BOEST 20261227 GTIA,167000,USD,167,-27.424,101.837892,07/08/2026,01:27:30 PM,PLAZO,PRIMERA PARTE,ROTC,09/12/2026,CONFIRMADA,3268323,0,27/12/2019,27/12/2026,0,MINISTERIO DE HACIENDA,HACIENDA,60872
DO1005207118,MHUS2026,HACIENDA/6.65 BOEST 20261227 GTIA,40000,USD,40,-3.2947,102.98565,07/08/2026,01:27:29 PM,PRESTAMO,SEGUNDA PARTE,ROTC,10/09/2026,CONFIRMADA,3268325,0,27/12/2019,27/12/2026,1.126187,MINISTERIO DE HACIENDA,HACIENDA,61327
DO1005207118,MHUS2026,HACIENDA/6.65 BOEST 20261227 GTIA,40000,USD,40,-1.6882,103.1769,07/08/2026,01:27:29 PM,PRESTAMO,PRIMERA PARTE,ROTC,11/08/2026,CONFIRMADA,3268325,0,27/12/2019,27/12/2026,1.126187,MINISTERIO DE HACIENDA,HACIENDA,60991
DO1005207118,MHUS2026,HACIENDA/6.65 BOEST 20261227 GTIA,40000,USD,40,-3.2947,102.98565,07/08/2026,01:27:28 PM,PLAZO,PRIMERA PARTE,ROTC,10/09/2026,CONFIRMADA,3268326,0,27/12/2019,27/12/2026,0,MINISTERIO DE HACIENDA,HACIENDA,59780
DO1005208322,MHUS2040,HACIENDA/6.75 BOEST 20400724 GTIA,29000,USD,29,4.5602,121.900552,07/08/2026,01:27:27 PM,PRESTAMO,SEGUNDA PARTE,ROTC,22/01/2027,CONFIRMADA,3268329,0,24/07/2020,24/07/2040,2.28522,MINISTERIO DE HACIENDA,HACIENDA,61215
DO1005208322,MHUS2040,HACIENDA/6.75 BOEST 20400724 GTIA,29000,USD,29,4.5639,122.376103,07/08/2026,01:27:27 PM,PRESTAMO,PRIMERA PARTE,ROTC,11/08/2026,CONFIRMADA,3268329,0,24/07/2020,24/07/2040,2.28522,MINISTERIO DE HACIENDA,HACIENDA,61376
DO1005208322,MHUS2040,HACIENDA/6.75 BOEST 20400724 GTIA,29000,USD,29,4.5602,121.900552,07/08/2026,01:27:26 PM,PLAZO,PRIMERA PARTE,ROTC,22/01/2027,CONFIRMADA,3268330,0,24/07/2020,24/07/2040,0,MINISTERIO DE HACIENDA,HACIENDA,59668
DO1002261928,LE090427,BCENTRAL/ LT 20270409 GTIA,100000,DOP,10,20.411,92.162,07/08/2026,01:27:25 PM,PRESTAMO,SEGUNDA PARTE,ROTC,10/11/2026,CONFIRMADA,3268332,0,09/04/2026,09/04/2027,2.345869,BANCO CENTRAL DE LA REPUBLICA DOMINICANA,BCENTRAL,56749
DO1002261928,LE090427,BCENTRAL/ LT 20270409 GTIA,100000,DOP,10,16.5289,90,07/08/2026,01:27:25 PM,PRESTAMO,PRIMERA PARTE,ROTC,10/08/2026,CONFIRMADA,3268332,0,09/04/2026,09/04/2027,2.345869,BANCO CENTRAL DE LA REPUBLICA DOMINICANA,BCENTRAL,55944
DO1002261928,LE090427,BCENTRAL/ LT 20270409 GTIA,100000,DOP,10,20.411,92.162,07/08/2026,01:27:24 PM,PLAZO,PRIMERA PARTE,ROTC,10/11/2026,CONFIRMADA,3268333,0,09/04/2026,09/04/2027,0,BANCO CENTRAL DE LA REPUBLICA DOMINICANA,BCENTRAL,55202
DO1002261928,LE090427,BCENTRAL/ LT 20270409 GTIA,210000,DOP,21,7.1604,95.953929,07/08/2026,01:27:23 PM,PRESTAMO,SEGUNDA PARTE,ROTC,09/09/2026,CONFIRMADA,3268335,0,09/04/2026,09/04/2027,0.748519,BANCO CENTRAL DE LA REPUBLICA DOMINICANA,BCENTRAL,58163
DO1002261928,LE090427,BCENTRAL/ LT 20270409 GTIA,210000,DOP,21,7.442,95.235695,07/08/2026,01:27:23 PM,PRESTAMO,PRIMERA PARTE,ROTC,10/08/2026,CONFIRMADA,3268335,0,09/04/2026,09/04/2027,0.748519,BANCO CENTRAL DE LA REPUBLICA DOMINICANA,BCENTRAL,57771
DO1002261928,LE090427,BCENTRAL/ LT 20270409 GTIA,210000,DOP,21,7.1604,95.953929,07/08/2026,01:27:22 PM,PLAZO,PRIMERA PARTE,ROTC,09/09/2026,CONFIRMADA,3268336,0,09/04/2026,09/04/2027,0,BANCO CENTRAL DE LA REPUBLICA DOMINICANA,BCENTRAL,56616
DO1002261928,LE090427,BCENTRAL/ LT 20270409 GTIA,3430000,DOP,343,8.6429,97.154366,07/08/2026,01:27:22 PM,PRESTAMO,SEGUNDA PARTE,ROTC,08/12/2026,CONFIRMADA,3268338,0,09/04/2026,09/04/2027,3.069467,BANCO CENTRAL DE LA REPUBLICA DOMINICANA,BCENTRAL,58884
DO1002261928,LE090427,BCENTRAL/ LT 20270409 GTIA,3430000,DOP,343,9.2059,94.172245,07/08/2026,01:27:22 PM,PRESTAMO,PRIMERA PARTE,ROTC,10/08/2026,CONFIRMADA,3268338,0,09/04/2026,09/04/2027,3.069467,BANCO CENTRAL DE LA REPUBLICA DOMINICANA,BCENTRAL,58856
DO1002261928,LE090427,BCENTRAL/ LT 20270409 GTIA,3430000,DOP,343,8.6429,97.154366,07/08/2026,01:27:20 PM,PLAZO,PRIMERA PARTE,ROTC,08/12/2026,CONFIRMADA,3268339,0,09/04/2026,09/04/2027,0,BANCO CENTRAL DE LA REPUBLICA DOMINICANA,BCENTRAL,57330
DO1002261928,LE090427,BCENTRAL/ LT 20270409 GTIA,5360000,DOP,536,34.583,94.550275,07/08/2026,01:27:20 PM,PRESTAMO,SEGUNDA PARTE,ROTC,08/02/2027,CONFIRMADA,3268341,0,09/04/2026,09/04/2027,0.245852,BANCO CENTRAL DE LA REPUBLICA DOMINICANA,BCENTRAL,58856
DO1002261928,LE090427,BCENTRAL/ LT 20270409 GTIA,5360000,DOP,536,8.9621,94.317821,07/08/2026,01:27:20 PM,PRESTAMO,PRIMERA PARTE,ROTC,10/08/2026,CONFIRMADA,3268341,0,09/04/2026,09/04/2027,0.245852,BANCO CENTRAL DE LA REPUBLICA DOMINICANA,BCENTRAL,58912
DO1002261928,LE090427,BCENTRAL/ LT 20270409 GTIA,5360000,DOP,536,34.583,94.550275,07/08/2026,01:27:19 PM,PLAZO,PRIMERA PARTE,ROTC,08/02/2027,CONFIRMADA,3268342,0,09/04/2026,09/04/2027,0,BANCO CENTRAL DE LA REPUBLICA DOMINICANA,BCENTRAL,57372
DO1005207118,MHUS2026,HACIENDA/6.65 BOEST 20261227 GTIA,34000,USD,34,-6.5935,102.945618,07/08/2026,01:27:18 PM,PRESTAMO,SEGUNDA PARTE,ROTC,09/10/2026,CONFIRMADA,3268344,0,27/12/2019,27/12/2026,1.459754,MINISTERIO DE HACIENDA,HACIENDA,61712
DO1005207118,MHUS2026,HACIENDA/6.65 BOEST 20261227 GTIA,34000,USD,34,-1.9641,103.31,07/08/2026,01:27:18 PM,PRESTAMO,PRIMERA PARTE,ROTC,10/08/2026,CONFIRMADA,3268344,0,27/12/2019,27/12/2026,1.459754,MINISTERIO DE HACIENDA,HACIENDA,60179
DO1005207118,MHUS2026,HACIENDA/6.65 BOEST 20261227 GTIA,34000,USD,34,-6.5935,102.945618,07/08/2026,01:27:17 PM,PLAZO,PRIMERA PARTE,ROTC,09/10/2026,CONFIRMADA,3268345,0,27/12/2019,27/12/2026,0,MINISTERIO DE HACIENDA,HACIENDA,60165
DO1005207118,MHUS2026,HACIENDA/6.65 BOEST 20261227 GTIA,12000,USD,12,-30.74,105.381583,07/08/2026,01:27:16 PM,PRESTAMO,SEGUNDA PARTE,ROTC,10/11/2026,CONFIRMADA,3268347,0,27/12/2019,27/12/2026,1.817721,MINISTERIO DE HACIENDA,HACIENDA,61145
DO1005207118,MHUS2026,HACIENDA/6.65 BOEST 20261227 GTIA,12000,USD,12,-8.2655,105.898833,07/08/2026,01:27:16 PM,PRESTAMO,PRIMERA PARTE,ROTC,10/08/2026,CONFIRMADA,3268347,0,27/12/2019,27/12/2026,1.817721,MINISTERIO DE HACIENDA,HACIENDA,61747
DO1005207118,MHUS2026,HACIENDA/6.65 BOEST 20261227 GTIA,12000,USD,12,-30.74,105.381583,07/08/2026,01:27:15 PM,PLAZO,PRIMERA PARTE,ROTC,10/11/2026,CONFIRMADA,3268348,0,27/12/2019,27/12/2026,0,MINISTERIO DE HACIENDA,HACIENDA,59598
DO1005207118,MHUS2026,HACIENDA/6.65 BOEST 20261227 GTIA,114000,USD,114,-31.574,102.206149,07/08/2026,01:27:14 PM,PRESTAMO,SEGUNDA PARTE,ROTC,08/12/2026,CONFIRMADA,3268353,0,27/12/2019,27/12/2026,2.175135,MINISTERIO DE HACIENDA,HACIENDA,62216
DO1005207118,MHUS2026,HACIENDA/6.65 BOEST 20261227 GTIA,114000,USD,114,-0.9478,102.905982,07/08/2026,01:27:14 PM,PRESTAMO,PRIMERA PARTE,ROTC,10/08/2026,CONFIRMADA,3268353,0,27/12/2019,27/12/2026,2.175135,MINISTERIO DE HACIENDA,HACIENDA,62398
DO1005207118,MHUS2026,HACIENDA/6.65 BOEST 20261227 GTIA,114000,USD,114,-31.574,102.206149,07/08/2026,01:27:13 PM,PLAZO,PRIMERA PARTE,ROTC,08/12/2026,CONFIRMADA,3268354,0,27/12/2019,27/12/2026,0,MINISTERIO DE HACIENDA,HACIENDA,60669
DO1002261928,LE090427,BCENTRAL/ LT 20270409 GTIA,20000,DOP,2,-83.248,116.10995,07/08/2026,01:27:12 PM,PRESTAMO,SEGUNDA PARTE,ROTC,08/02/2027,CONFIRMADA,3268502,0,09/04/2026,09/04/2027,4.674621,BANCO CENTRAL DE LA REPUBLICA DOMINICANA,BCENTRAL,57645
DO1002261928,LE090427,BCENTRAL/ LT 20270409 GTIA,20000,DOP,2,-14.357,110.68225,07/08/2026,01:27:12 PM,PRESTAMO,PRIMERA PARTE,ROTC,10/08/2026,CONFIRMADA,3268502,0,09/04/2026,09/04/2027,4.674621,BANCO CENTRAL DE LA REPUBLICA DOMINICANA,BCENTRAL,57610
DO1002261928,LE090427,BCENTRAL/ LT 20270409 GTIA,20000,DOP,2,-83.248,116.10995,07/08/2026,01:27:11 PM,PLAZO,PRIMERA PARTE,ROTC,08/02/2027,CONFIRMADA,3268506,0,09/04/2026,09/04/2027,0,BANCO CENTRAL DE LA REPUBLICA DOMINICANA,BCENTRAL,56098
DO1002261928,LE090427,BCENTRAL/ LT 20270409 GTIA,40000,DOP,4,-12.697,106.738675,07/08/2026,01:27:10 PM,PRESTAMO,SEGUNDA PARTE,ROTC,12/10/2026,CONFIRMADA,3268546,0,09/04/2026,09/04/2027,1.551382,BANCO CENTRAL DE LA REPUBLICA DOMINICANA,BCENTRAL,58023
DO1002261928,LE090427,BCENTRAL/ LT 20270409 GTIA,40000,DOP,4,-7.2252,105.08275,07/08/2026,01:27:10 PM,PRESTAMO,PRIMERA PARTE,ROTC,11/08/2026,CONFIRMADA,3268546,0,09/04/2026,09/04/2027,1.551382,BANCO CENTRAL DE LA REPUBLICA DOMINICANA,BCENTRAL,57638
DO1002261928,LE090427,BCENTRAL/ LT 20270409 GTIA,40000,DOP,4,-12.697,106.738675,07/08/2026,01:27:09 PM,PLAZO,PRIMERA PARTE,ROTC,12/10/2026,CONFIRMADA,3268549,0,09/04/2026,09/04/2027,0,BANCO CENTRAL DE LA REPUBLICA DOMINICANA,BCENTRAL,56539
DO1005207118,MHUS2026,HACIENDA/6.65 BOEST 20261227 GTIA,3000,USD,3,-100,110.265333,07/08/2026,01:27:08 PM,PRESTAMO,SEGUNDA PARTE,ROTC,09/12/2026,CONFIRMADA,3268571,0,27/12/2019,27/12/2026,2.137051,MINISTERIO DE HACIENDA,HACIENDA,59724
DO1005207118,MHUS2026,HACIENDA/6.65 BOEST 20261227 GTIA,3000,USD,3,-19.553,110.850667,07/08/2026,01:27:08 PM,PRESTAMO,PRIMERA PARTE,ROTC,11/08/2026,CONFIRMADA,3268571,0,27/12/2019,27/12/2026,2.137051,MINISTERIO DE HACIENDA,HACIENDA,60991
DO1005207118,MHUS2026,HACIENDA/6.65 BOEST 20261227 GTIA,3000,USD,3,-100,110.265333,07/08/2026,01:27:07 PM,PLAZO,PRIMERA PARTE,ROTC,09/12/2026,CONFIRMADA,3268572,0,27/12/2019,27/12/2026,0,MINISTERIO DE HACIENDA,HACIENDA,58177
DO1005205419,MH42026,HACIENDA/11 BOEST 20261204 GTIA,1900000,DOP,19,-8.1426,103.038331,07/08/2026,01:27:06 PM,PRESTAMO,SEGUNDA PARTE,ROTC,09/10/2026,CONFIRMADA,3268578,0,04/06/2016,04/12/2026,3.391546,MINISTERIO DE HACIENDA,HACIENDA,60599
DO1005205419,MH42026,HACIENDA/11 BOEST 20261204 GTIA,1900000,DOP,19,0.7636,103.241327,07/08/2026,01:27:06 PM,PRESTAMO,PRIMERA PARTE,ROTC,10/08/2026,CONFIRMADA,3268578,0,04/06/2016,04/12/2026,3.391546,MINISTERIO DE HACIENDA,HACIENDA,60354
DO1005205419,MH42026,HACIENDA/11 BOEST 20261204 GTIA,1900000,DOP,19,-8.1426,103.038331,07/08/2026,01:27:05 PM,PLAZO,PRIMERA PARTE,ROTC,09/10/2026,CONFIRMADA,3268579,0,04/06/2016,04/12/2026,0,MINISTERIO DE HACIENDA,HACIENDA,59052
DO1002261928,LE090427,BCENTRAL/ LT 20270409 GTIA,2740000,DOP,274,8.7886,95.813096,07/08/2026,01:27:04 PM,PRESTAMO,SEGUNDA PARTE,ROTC,12/10/2026,CONFIRMADA,3268581,0,09/04/2026,09/04/2027,1.551386,BANCO CENTRAL DE LA REPUBLICA DOMINICANA,BCENTRAL,58933
DO1002261928,LE090427,BCENTRAL/ LT 20270409 GTIA,2740000,DOP,274,8.9844,94.326665,07/08/2026,01:27:04 PM,PRESTAMO,PRIMERA PARTE,ROTC,11/08/2026,CONFIRMADA,3268581,0,09/04/2026,09/04/2027,1.551386,BANCO CENTRAL DE LA REPUBLICA DOMINICANA,BCENTRAL,59010
DO1002261928,LE090427,BCENTRAL/ LT 20270409 GTIA,2740000,DOP,274,8.7886,95.813096,07/08/2026,01:27:03 PM,PLAZO,PRIMERA PARTE,ROTC,12/10/2026,CONFIRMADA,3268582,0,09/04/2026,09/04/2027,0,BANCO CENTRAL DE LA REPUBLICA DOMINICANA,BCENTRAL,57386
DO1002261928,LE090427,BCENTRAL/ LT 20270409 GTIA,390000,DOP,39,9.7832,94.552628,07/08/2026,01:27:03 PM,PRESTAMO,SEGUNDA PARTE,ROTC,09/09/2026,CONFIRMADA,3268584,0,09/04/2026,09/04/2027,0.748521,BANCO CENTRAL DE LA REPUBLICA DOMINICANA,BCENTRAL,58282
DO1002261928,LE090427,BCENTRAL/ LT 20270409 GTIA,390000,DOP,39,9.7569,93.844882,07/08/2026,01:27:03 PM,PRESTAMO,PRIMERA PARTE,ROTC,10/08/2026,CONFIRMADA,3268584,0,09/04/2026,09/04/2027,0.748521,BANCO CENTRAL DE LA REPUBLICA DOMINICANA,BCENTRAL,58366
DO1002261928,LE090427,BCENTRAL/ LT 20270409 GTIA,390000,DOP,39,9.7832,94.552628,07/08/2026,01:27:02 PM,PLAZO,PRIMERA PARTE,ROTC,09/09/2026,CONFIRMADA,3268585,0,09/04/2026,09/04/2027,0,BANCO CENTRAL DE LA REPUBLICA DOMINICANA,BCENTRAL,56735
DO1002261928,LE090427,BCENTRAL/ LT 20270409 GTIA,580000,DOP,58,6.8743,97.723405,07/08/2026,01:27:01 PM,PRESTAMO,SEGUNDA PARTE,ROTC,08/12/2026,CONFIRMADA,3268587,0,09/04/2026,09/04/2027,3.069467,BANCO CENTRAL DE LA REPUBLICA DOMINICANA,BCENTRAL,58198
DO1002261928,LE090427,BCENTRAL/ LT 20270409 GTIA,580000,DOP,58,8.2861,94.723817,07/08/2026,01:27:01 PM,PRESTAMO,PRIMERA PARTE,ROTC,10/08/2026,CONFIRMADA,3268587,0,09/04/2026,09/04/2027,3.069467,BANCO CENTRAL DE LA REPUBLICA DOMINICANA,BCENTRAL,58254
DO1002261928,LE090427,BCENTRAL/ LT 20270409 GTIA,580000,DOP,58,6.8743,97.723405,07/08/2026,01:27:00 PM,PLAZO,PRIMERA PARTE,ROTC,08/12/2026,CONFIRMADA,3268588,0,09/04/2026,09/04/2027,0,BANCO CENTRAL DE LA REPUBLICA DOMINICANA,BCENTRAL,56651
DO1002261928,LE090427,BCENTRAL/ LT 20270409 GTIA,160000,DOP,16,1.608,99.462437,07/08/2026,01:26:59 PM,PRESTAMO,SEGUNDA PARTE,ROTC,09/12/2026,CONFIRMADA,3268590,0,09/04/2026,09/04/2027,3.069463,BANCO CENTRAL DE LA REPUBLICA DOMINICANA,BCENTRAL,57827
DO1002261928,LE090427,BCENTRAL/ LT 20270409 GTIA,160000,DOP,16,5.5632,96.409475,07/08/2026,01:26:59 PM,PRESTAMO,PRIMERA PARTE,ROTC,11/08/2026,CONFIRMADA,3268590,0,09/04/2026,09/04/2027,3.069463,BANCO CENTRAL DE LA REPUBLICA DOMINICANA,BCENTRAL,58254
DO1002261928,LE090427,BCENTRAL/ LT 20270409 GTIA,160000,DOP,16,1.608,99.462437,07/08/2026,01:26:58 PM,PLAZO,PRIMERA PARTE,ROTC,09/12/2026,CONFIRMADA,3268591,0,09/04/2026,09/04/2027,0,BANCO CENTRAL DE LA REPUBLICA DOMINICANA,BCENTRAL,56280
DO1002261928,LE090427,BCENTRAL/ LT 20270409 GTIA,4300000,DOP,430,8.5277,96.568727,07/08/2026,01:26:57 PM,PRESTAMO,SEGUNDA PARTE,ROTC,10/11/2026,CONFIRMADA,3269054,0,09/04/2026,09/04/2027,2.431092,BANCO CENTRAL DE LA REPUBLICA DOMINICANA,BCENTRAL,58898
DO1002261928,LE090427,BCENTRAL/ LT 20270409 GTIA,4300000,DOP,430,9.1241,94.221053,07/08/2026,01:26:57 PM,PRESTAMO,PRIMERA PARTE,ROTC,10/08/2026,CONFIRMADA,3269054,0,09/04/2026,09/04/2027,2.431092,BANCO CENTRAL DE LA REPUBLICA DOMINICANA,BCENTRAL,58751
DO1002261928,LE090427,BCENTRAL/ LT 20270409 GTIA,4300000,DOP,430,8.5277,96.568727,07/08/2026,01:26:56 PM,PLAZO,PRIMERA PARTE,ROTC,10/11/2026,CONFIRMADA,3269055,0,09/04/2026,09/04/2027,0,BANCO CENTRAL DE LA REPUBLICA DOMINICANA,BCENTRAL,57351
DO1005207118,MHUS2026,HACIENDA/6.65 BOEST 20261227 GTIA,53000,USD,53,0,101.242962,07/08/2026,01:26:55 PM,PRESTAMO,SEGUNDA PARTE,ROTC,10/11/2026,CONFIRMADA,3269057,0,27/12/2019,27/12/2026,1.84734,MINISTERIO DE HACIENDA,HACIENDA,59437
DO1005207118,MHUS2026,HACIENDA/6.65 BOEST 20261227 GTIA,53000,USD,53,1.8697,101.804698,07/08/2026,01:26:55 PM,PRESTAMO,PRIMERA PARTE,ROTC,10/08/2026,CONFIRMADA,3269057,0,27/12/2019,27/12/2026,1.84734,MINISTERIO DE HACIENDA,HACIENDA,61495
DO1005207118,MHUS2026,HACIENDA/6.65 BOEST 20261227 GTIA,53000,USD,53,0,101.242962,07/08/2026,01:26:54 PM,PLAZO,PRIMERA PARTE,ROTC,10/11/2026,CONFIRMADA,3269058,0,27/12/2019,27/12/2026,0,MINISTERIO DE HACIENDA,HACIENDA,57890
DO1002261928,LE090427,BCENTRAL/ LT 20270409 GTIA,110000,DOP,11,0,93.632082,07/08/2026,01:26:53 PM,PRESTAMO,SEGUNDA PARTE,ROTC,09/09/2026,CONFIRMADA,3269060,0,09/04/2026,09/04/2027,0.74852,BANCO CENTRAL DE LA REPUBLICA DOMINICANA,BCENTRAL,56245
DO1002261928,LE090427,BCENTRAL/ LT 20270409 GTIA,110000,DOP,11,11.3154,92.931227,07/08/2026,01:26:53 PM,PRESTAMO,PRIMERA PARTE,ROTC,10/08/2026,CONFIRMADA,3269060,0,09/04/2026,09/04/2027,0.74852,BANCO CENTRAL DE LA REPUBLICA DOMINICANA,BCENTRAL,58366
DO1002261928,LE090427,BCENTRAL/ LT 20270409 GTIA,110000,DOP,11,0,93.632082,07/08/2026,01:26:52 PM,PLAZO,PRIMERA PARTE,ROTC,09/09/2026,CONFIRMADA,3269061,0,09/04/2026,09/04/2027,0,BANCO CENTRAL DE LA REPUBLICA DOMINICANA,BCENTRAL,54698
DO2018100324,BC1AES03,AESTRELLA/11.25 BO 20301130,687350,DOP,687350,10.4582,102.673475,07/08/2026,01:23:49 PM,ESTRUCTURADA,SEGUNDA PARTE,ROTC,09/09/2026,CONFIRMADA,3269016,0,30/11/2020,30/11/2030,9.05,ACERO ESTRELLA S A,AESTRELLA,62629
DO2018100324,BC1AES03,AESTRELLA/11.25 BO 20301130,687350,DOP,687350,11.2503,99.991675,07/08/2026,01:23:49 PM,ESTRUCTURADA,PRIMERA PARTE,ROTC,10/08/2026,CONFIRMADA,3269016,0,30/11/2020,30/11/2030,9.05,ACERO ESTRELLA S A,AESTRELLA,62377
DO2018100324,BC1AES03,AESTRELLA/11.25 BO 20301130,687350,DOP,687350,10.4582,102.673475,07/08/2026,01:23:48 PM,PRESTAMO,SEGUNDA PARTE,ROTC,09/09/2026,CONFIRMADA,3269017,0,30/11/2020,30/11/2030,2.903447,ACERO ESTRELLA S A,AESTRELLA,60522
DO2018100324,BC1AES03,AESTRELLA/11.25 BO 20301130,687350,DOP,687350,11.2503,99.991675,07/08/2026,01:23:48 PM,PRESTAMO,PRIMERA PARTE,ROTC,10/08/2026,CONFIRMADA,3269017,0,30/11/2020,30/11/2030,2.903447,ACERO ESTRELLA S A,AESTRELLA,60270
DO1005208322,MHUS2040,HACIENDA/6.75 BOEST 20400724 GTIA,383000,USD,383,4.55998038,122.239051,07/08/2026,01:23:40 PM,PRESTAMO,SEGUNDA PARTE,ROTC,06/10/2026,CONFIRMADA,3269098,0,24/07/2020,24/07/2040,5.56,MINISTERIO DE HACIENDA,HACIENDA,63455
DO1005208322,MHUS2040,HACIENDA/6.75 BOEST 20400724 GTIA,383000,USD,383,4.57926645,122.210558,07/08/2026,01:23:40 PM,PRESTAMO,PRIMERA PARTE,ROTC,07/08/2026,CONFIRMADA,3269098,0,24/07/2020,24/07/2040,5.56,MINISTERIO DE HACIENDA,HACIENDA,63560
DO1005208322,MHUS2040,HACIENDA/6.75 BOEST 20400724 GTIA,383000,USD,383,4.55998038,122.239051,07/08/2026,01:23:39 PM,ESTRUCTURADA,SEGUNDA PARTE,ROTC,06/10/2026,CONFIRMADA,3269095,0,24/07/2020,24/07/2040,5.56,MINISTERIO DE HACIENDA,HACIENDA,65611
DO1005208322,MHUS2040,HACIENDA/6.75 BOEST 20400724 GTIA,383000,USD,383,4.57926645,122.210558,07/08/2026,01:23:39 PM,ESTRUCTURADA,PRIMERA PARTE,ROTC,07/08/2026,CONFIRMADA,3269095,0,24/07/2020,24/07/2040,5.56,MINISTERIO DE HACIENDA,HACIENDA,65716
DO1005208322,MHUS2040,HACIENDA/6.75 BOEST 20400724 GTIA,47000,USD,47,4.66343594,121.050426,07/08/2026,01:23:39 PM,PRESTAMO,SEGUNDA PARTE,ROTC,06/10/2026,CONFIRMADA,3269097,0,24/07/2020,24/07/2040,5.56,MINISTERIO DE HACIENDA,HACIENDA,62720
DO1005208322,MHUS2040,HACIENDA/6.75 BOEST 20400724 GTIA,47000,USD,47,4.68103,121.032846,07/08/2026,01:23:39 PM,PRESTAMO,PRIMERA PARTE,ROTC,07/08/2026,CONFIRMADA,3269097,0,24/07/2020,24/07/2040,5.56,MINISTERIO DE HACIENDA,HACIENDA,61719
DO1005208322,MHUS2040,HACIENDA/6.75 BOEST 20400724 GTIA,47000,USD,47,4.66343594,121.050426,07/08/2026,01:23:38 PM,ESTRUCTURADA,SEGUNDA PARTE,ROTC,06/10/2026,CONFIRMADA,3269096,0,24/07/2020,24/07/2040,5.56,MINISTERIO DE HACIENDA,HACIENDA,64813
DO1005208322,MHUS2040,HACIENDA/6.75 BOEST 20400724 GTIA,47000,USD,47,4.68103,121.032846,07/08/2026,01:23:38 PM,ESTRUCTURADA,PRIMERA PARTE,ROTC,07/08/2026,CONFIRMADA,3269096,0,24/07/2020,24/07/2040,5.56,MINISTERIO DE HACIENDA,HACIENDA,63812
DO1005208025,COV2040,HACIENDA/10.875 BOEST 20400228 GTIA,1000000,DOP,10,10.2551,93.456849,07/08/2026,01:21:10 PM,ESTRUCTURADA,SEGUNDA PARTE,ROTC,02/08/2027,ANULADA,3269093,0,28/02/2020,28/02/2040,8.95,MINISTERIO DE HACIENDA,HACIENDA,62398
DO1005208025,COV2040,HACIENDA/10.875 BOEST 20400228 GTIA,1000000,DOP,10,10.2551,93.456849,07/08/2026,01:21:10 PM,ESTRUCTURADA,SEGUNDA PARTE,ROTC,02/08/2027,CONFIRMADA,3269093,0,28/02/2020,28/02/2040,8.95,MINISTERIO DE HACIENDA,HACIENDA,63952
DO1005208025,COV2040,HACIENDA/10.875 BOEST 20400228 GTIA,1000000,DOP,10,11.5814,95.232877,07/08/2026,01:21:10 PM,ESTRUCTURADA,PRIMERA PARTE,ROTC,07/08/2026,CONFIRMADA,3269093,0,28/02/2020,28/02/2040,8.95,MINISTERIO DE HACIENDA,HACIENDA,64050
DO2018100324,BC1AES03,AESTRELLA/11.25 BO 20301130,200158,DOP,200158,10.4797,102.553728,07/08/2026,01:21:04 PM,PRESTAMO,SEGUNDA PARTE,ROTC,09/10/2026,CONFIRMADA,3269015,0,30/11/2020,30/11/2030,3.656472,ACERO ESTRELLA S A,AESTRELLA,60256
DO2018100324,BC1AES03,AESTRELLA/11.25 BO 20301130,200158,DOP,200158,11.2503,99.991675,07/08/2026,01:21:04 PM,PRESTAMO,PRIMERA PARTE,ROTC,10/08/2026,CONFIRMADA,3269015,0,30/11/2020,30/11/2030,3.656472,ACERO ESTRELLA S A,AESTRELLA,60018
DO2018100324,BC1AES03,AESTRELLA/11.25 BO 20301130,200158,DOP,200158,10.4797,102.553728,07/08/2026,01:21:03 PM,ESTRUCTURADA,SEGUNDA PARTE,ROTC,09/10/2026,CONFIRMADA,3269014,0,30/11/2020,30/11/2030,9.25,ACERO ESTRELLA S A,AESTRELLA,62349
DO2018100324,BC1AES03,AESTRELLA/11.25 BO 20301130,200158,DOP,200158,11.2503,99.991675,07/08/2026,01:21:03 PM,ESTRUCTURADA,PRIMERA PARTE,ROTC,10/08/2026,CONFIRMADA,3269014,0,30/11/2020,30/11/2030,9.25,ACERO ESTRELLA S A,AESTRELLA,62111
DO1002261522,NO180130,BCENTRAL/9.5 BOEST 20300118 GTIA,140000,DOP,14,9.6,99.701684,07/08/2026,01:20:58 PM,CONTADO,PRIMERA PARTE,ROTC,07/08/2026,CONFIRMADA,3269036,0,18/01/2026,18/01/2030,0,BANCO CENTRAL DE LA REPUBLICA DOMINICANA,BCENTRAL,58996
DO1005206516,MH32028,HACIENDA/10.75 BOEST 20280811 GTIA,1900000,DOP,19,3.64936,109.866462,07/08/2026,01:19:31 PM,PRESTAMO,SEGUNDA PARTE,ROTC,05/03/2027,CONFIRMADA,3269002,0,10/08/2018,11/08/2028,10.75,MINISTERIO DE HACIENDA,HACIENDA,61922
DO1005206516,MH32028,HACIENDA/10.75 BOEST 20280811 GTIA,1900000,DOP,19,10.73597,100.020692,07/08/2026,01:19:31 PM,PRESTAMO,PRIMERA PARTE,ROTC,07/08/2026,CONFIRMADA,3269002,0,10/08/2018,11/08/2028,10.75,MINISTERIO DE HACIENDA,HACIENDA,62216
DO1005206516,MH32028,HACIENDA/10.75 BOEST 20280811 GTIA,1900000,DOP,19,3.64936,109.866462,07/08/2026,01:18:11 PM,ESTRUCTURADA,SEGUNDA PARTE,ROTC,05/03/2027,CONFIRMADA,3269001,0,10/08/2018,11/08/2028,10.75,MINISTERIO DE HACIENDA,HACIENDA,64001
DO1005206516,MH32028,HACIENDA/10.75 BOEST 20280811 GTIA,1900000,DOP,19,10.73597,100.020692,07/08/2026,01:18:11 PM,ESTRUCTURADA,PRIMERA PARTE,ROTC,07/08/2026,CONFIRMADA,3269001,0,10/08/2018,11/08/2028,10.75,MINISTERIO DE HACIENDA,HACIENDA,64295
DO1005206516,MH32028,HACIENDA/10.75 BOEST 20280811 GTIA,21000000,DOP,210,0.64373,114.925206,07/08/2026,01:16:51 PM,PRESTAMO,SEGUNDA PARTE,ROTC,16/02/2027,CONFIRMADA,3269010,0,10/08/2018,11/08/2028,10.75,MINISTERIO DE HACIENDA,HACIENDA,62356
DO1005206516,MH32028,HACIENDA/10.75 BOEST 20280811 GTIA,21000000,DOP,210,8.3946,104.281344,07/08/2026,01:16:51 PM,PRESTAMO,PRIMERA PARTE,ROTC,07/08/2026,CONFIRMADA,3269010,0,10/08/2018,11/08/2028,10.75,MINISTERIO DE HACIENDA,HACIENDA,62146
USP3579ECV76,BSDR2036, ,46000000,DOP,920,9.65,106.850312,07/08/2026,01:16:14 PM,CONTADO,PRIMERA PARTE,ROTC,07/08/2026,CONFIRMADA,3268781,0,01/07/2024,01/06/2036,0,MINISTERIO DE HACIENDA,HACIENDA,48489
DO1005206516,MH32028,HACIENDA/10.75 BOEST 20280811 GTIA,21000000,DOP,210,0.64373,114.925206,07/08/2026,01:16:07 PM,ESTRUCTURADA,SEGUNDA PARTE,ROTC,16/02/2027,CONFIRMADA,3269009,0,10/08/2018,11/08/2028,10.75,MINISTERIO DE HACIENDA,HACIENDA,64463
DO1005206516,MH32028,HACIENDA/10.75 BOEST 20280811 GTIA,21000000,DOP,210,8.3946,104.281344,07/08/2026,01:16:07 PM,ESTRUCTURADA,PRIMERA PARTE,ROTC,07/08/2026,CONFIRMADA,3269009,0,10/08/2018,11/08/2028,10.75,MINISTERIO DE HACIENDA,HACIENDA,64253
DO2018100324,BC1AES03,AESTRELLA/11.25 BO 20301130,306363,DOP,306363,10.4797,102.553729,07/08/2026,01:15:54 PM,ESTRUCTURADA,SEGUNDA PARTE,ROTC,09/10/2026,CONFIRMADA,3269020,0,30/11/2020,30/11/2030,9.25,ACERO ESTRELLA S A,AESTRELLA,62489
DO2018100324,BC1AES03,AESTRELLA/11.25 BO 20301130,306363,DOP,306363,11.2503,99.991675,07/08/2026,01:15:54 PM,ESTRUCTURADA,PRIMERA PARTE,ROTC,10/08/2026,CONFIRMADA,3269020,0,30/11/2020,30/11/2030,9.25,ACERO ESTRELLA S A,AESTRELLA,62244
DO2018100324,BC1AES03,AESTRELLA/11.25 BO 20301130,306363,DOP,306363,10.4797,102.553729,07/08/2026,01:15:53 PM,PRESTAMO,SEGUNDA PARTE,ROTC,09/10/2026,CONFIRMADA,3269013,0,30/11/2020,30/11/2030,3.656475,ACERO ESTRELLA S A,AESTRELLA,60382
DO2018100324,BC1AES03,AESTRELLA/11.25 BO 20301130,306363,DOP,306363,11.2503,99.991675,07/08/2026,01:15:53 PM,PRESTAMO,PRIMERA PARTE,ROTC,10/08/2026,CONFIRMADA,3269013,0,30/11/2020,30/11/2030,3.656475,ACERO ESTRELLA S A,AESTRELLA,60137
DO1002261928,LE090427,BCENTRAL/ LT 20270409 GTIA,110000,DOP,11,11.3154,92.931227,07/08/2026,01:14:52 PM,CONTADO,PRIMERA PARTE,ROTC,10/08/2026,CONFIRMADA,3269059,0,09/04/2026,09/04/2027,0,BANCO CENTRAL DE LA REPUBLICA DOMINICANA,BCENTRAL,57645
DO1005207118,MHUS2026,HACIENDA/6.65 BOEST 20261227 GTIA,53000,USD,53,1.8697,101.804698,07/08/2026,01:14:31 PM,CONTADO,PRIMERA PARTE,ROTC,10/08/2026,CONFIRMADA,3269056,0,27/12/2019,27/12/2026,0,MINISTERIO DE HACIENDA,HACIENDA,60739
DO1002261928,LE090427,BCENTRAL/ LT 20270409 GTIA,4300000,DOP,430,9.1241,94.221053,07/08/2026,01:14:06 PM,CONTADO,PRIMERA PARTE,ROTC,10/08/2026,CONFIRMADA,3269053,0,09/04/2026,09/04/2027,0,BANCO CENTRAL DE LA REPUBLICA DOMINICANA,BCENTRAL,57995
DO1005208322,MHUS2040,HACIENDA/6.75 BOEST 20400724 GTIA,411000,USD,411,4.63009695,121.431833,07/08/2026,01:13:35 PM,PRESTAMO,SEGUNDA PARTE,ROTC,06/10/2026,CONFIRMADA,3269090,0,24/07/2020,24/07/2040,5.56,MINISTERIO DE HACIENDA,HACIENDA,63308
DO1005208322,MHUS2040,HACIENDA/6.75 BOEST 20400724 GTIA,411000,USD,411,4.64823723,121.410751,07/08/2026,01:13:35 PM,PRESTAMO,PRIMERA PARTE,ROTC,07/08/2026,CONFIRMADA,3269090,0,24/07/2020,24/07/2040,5.56,MINISTERIO DE HACIENDA,HACIENDA,63378
DO1005208322,MHUS2040,HACIENDA/6.75 BOEST 20400724 GTIA,411000,USD,411,4.63009695,121.431833,07/08/2026,01:13:34 PM,ESTRUCTURADA,SEGUNDA PARTE,ROTC,06/10/2026,CONFIRMADA,3269012,0,24/07/2020,24/07/2040,5.56,MINISTERIO DE HACIENDA,HACIENDA,65401
DO1005208322,MHUS2040,HACIENDA/6.75 BOEST 20400724 GTIA,411000,USD,411,4.64823723,121.410751,07/08/2026,01:13:34 PM,ESTRUCTURADA,PRIMERA PARTE,ROTC,07/08/2026,CONFIRMADA,3269012,0,24/07/2020,24/07/2040,5.56,MINISTERIO DE HACIENDA,HACIENDA,65471
DO1005208322,MHUS2040,HACIENDA/6.75 BOEST 20400724 GTIA,49000,USD,49,4.56911781,122.039923,07/08/2026,01:13:34 PM,PRESTAMO,SEGUNDA PARTE,ROTC,05/11/2026,CONFIRMADA,3269089,0,24/07/2020,24/07/2040,4.85,MINISTERIO DE HACIENDA,HACIENDA,62762
DO1005208322,MHUS2040,HACIENDA/6.75 BOEST 20400724 GTIA,49000,USD,49,4.57972402,122.20523,07/08/2026,01:13:34 PM,PRESTAMO,PRIMERA PARTE,ROTC,07/08/2026,CONFIRMADA,3269089,0,24/07/2020,24/07/2040,4.85,MINISTERIO DE HACIENDA,HACIENDA,62433
DO1005208322,MHUS2040,HACIENDA/6.75 BOEST 20400724 GTIA,49000,USD,49,4.56911781,122.039923,07/08/2026,01:13:33 PM,ESTRUCTURADA,SEGUNDA PARTE,ROTC,05/11/2026,CONFIRMADA,3269031,0,24/07/2020,24/07/2040,4.85,MINISTERIO DE HACIENDA,HACIENDA,64855
DO1005208322,MHUS2040,HACIENDA/6.75 BOEST 20400724 GTIA,49000,USD,49,4.57972402,122.20523,07/08/2026,01:13:33 PM,ESTRUCTURADA,PRIMERA PARTE,ROTC,07/08/2026,CONFIRMADA,3269031,0,24/07/2020,24/07/2040,4.85,MINISTERIO DE HACIENDA,HACIENDA,64526
DO1005204412,MH12029,HACIENDA/11.375 BOEST 20290706 GTIA,2200000,DOP,22,7.69491138,109.162843,07/08/2026,01:13:32 PM,PRESTAMO,SEGUNDA PARTE,ROTC,07/09/2026,CONFIRMADA,3269088,0,06/07/2014,06/07/2029,8.5,MINISTERIO DE HACIENDA,HACIENDA,63259
DO1005204412,MH12029,HACIENDA/11.375 BOEST 20290706 GTIA,2200000,DOP,22,7.73279389,109.321467,07/08/2026,01:13:32 PM,PRESTAMO,PRIMERA PARTE,ROTC,07/08/2026,CONFIRMADA,3269088,0,06/07/2014,06/07/2029,8.5,MINISTERIO DE HACIENDA,HACIENDA,63357
DO1002261928,LE090427,BCENTRAL/ LT 20270409 GTIA,160000,DOP,16,5.5632,96.409475,07/08/2026,01:13:31 PM,CONTADO,PRIMERA PARTE,ROTC,11/08/2026,CONFIRMADA,3268589,0,09/04/2026,09/04/2027,0,BANCO CENTRAL DE LA REPUBLICA DOMINICANA,BCENTRAL,57463
DO1005204412,MH12029,HACIENDA/11.375 BOEST 20290706 GTIA,2200000,DOP,22,7.69491138,109.162843,07/08/2026,01:13:31 PM,ESTRUCTURADA,SEGUNDA PARTE,ROTC,07/09/2026,CONFIRMADA,3269032,0,06/07/2014,06/07/2029,8.5,MINISTERIO DE HACIENDA,HACIENDA,65352
DO1005204412,MH12029,HACIENDA/11.375 BOEST 20290706 GTIA,2200000,DOP,22,7.73279389,109.321467,07/08/2026,01:13:31 PM,ESTRUCTURADA,PRIMERA PARTE,ROTC,07/08/2026,CONFIRMADA,3269032,0,06/07/2014,06/07/2029,8.5,MINISTERIO DE HACIENDA,HACIENDA,65450
DO1002261423,NO301129,BCENTRAL/9.5 BOEST 20291130 GTIA,420000,DOP,42,9.33211017,100.426333,07/08/2026,01:13:31 PM,PRESTAMO,SEGUNDA PARTE,ROTC,05/11/2026,CONFIRMADA,3269087,0,30/11/2025,30/11/2029,8.4,BANCO CENTRAL DE LA REPUBLICA DOMINICANA,BCENTRAL,62195
DO1002261423,NO301129,BCENTRAL/9.5 BOEST 20291130 GTIA,420000,DOP,42,9.2765785,100.599702,07/08/2026,01:13:31 PM,PRESTAMO,PRIMERA PARTE,ROTC,07/08/2026,CONFIRMADA,3269087,0,30/11/2025,30/11/2029,8.4,BANCO CENTRAL DE LA REPUBLICA DOMINICANA,BCENTRAL,62209
DO1002261423,NO301129,BCENTRAL/9.5 BOEST 20291130 GTIA,420000,DOP,42,9.33211017,100.426333,07/08/2026,01:13:30 PM,ESTRUCTURADA,SEGUNDA PARTE,ROTC,05/11/2026,CONFIRMADA,3269033,0,30/11/2025,30/11/2029,8.4,BANCO CENTRAL DE LA REPUBLICA DOMINICANA,BCENTRAL,64288
DO1002261423,NO301129,BCENTRAL/9.5 BOEST 20291130 GTIA,420000,DOP,42,9.2765785,100.599702,07/08/2026,01:13:30 PM,ESTRUCTURADA,PRIMERA PARTE,ROTC,07/08/2026,CONFIRMADA,3269033,0,30/11/2025,30/11/2029,8.4,BANCO CENTRAL DE LA REPUBLICA DOMINICANA,BCENTRAL,64302
DO1005208322,MHUS2040,HACIENDA/6.75 BOEST 20400724 GTIA,25000,USD,25,4.3106263,125.276101,07/08/2026,01:13:30 PM,PRESTAMO,SEGUNDA PARTE,ROTC,07/09/2026,CONFIRMADA,3269086,0,24/07/2020,24/07/2040,3.25,MINISTERIO DE HACIENDA,HACIENDA,62216
DO1005208322,MHUS2040,HACIENDA/6.75 BOEST 20400724 GTIA,25000,USD,25,4.30270191,125.48673,07/08/2026,01:13:30 PM,PRESTAMO,PRIMERA PARTE,ROTC,07/08/2026,CONFIRMADA,3269086,0,24/07/2020,24/07/2040,3.25,MINISTERIO DE HACIENDA,HACIENDA,62363
DO1005208322,MHUS2040,HACIENDA/6.75 BOEST 20400724 GTIA,25000,USD,25,4.3106263,125.276101,07/08/2026,01:13:29 PM,ESTRUCTURADA,SEGUNDA PARTE,ROTC,07/09/2026,CONFIRMADA,3269034,0,24/07/2020,24/07/2040,3.25,MINISTERIO DE HACIENDA,HACIENDA,64372
DO1005208322,MHUS2040,HACIENDA/6.75 BOEST 20400724 GTIA,25000,USD,25,4.30270191,125.48673,07/08/2026,01:13:29 PM,ESTRUCTURADA,PRIMERA PARTE,ROTC,07/08/2026,CONFIRMADA,3269034,0,24/07/2020,24/07/2040,3.25,MINISTERIO DE HACIENDA,HACIENDA,64519
DO1005208322,MHUS2040,HACIENDA/6.75 BOEST 20400724 GTIA,596000,USD,596,4.64267772,121.287724,07/08/2026,01:13:29 PM,PRESTAMO,SEGUNDA PARTE,ROTC,06/10/2026,CONFIRMADA,3269085,0,24/07/2020,24/07/2040,4.9,MINISTERIO DE HACIENDA,HACIENDA,63602
DO1005208322,MHUS2040,HACIENDA/6.75 BOEST 20400724 GTIA,596000,USD,596,4.64912111,121.400545,07/08/2026,01:13:29 PM,PRESTAMO,PRIMERA PARTE,ROTC,07/08/2026,CONFIRMADA,3269085,0,24/07/2020,24/07/2040,4.9,MINISTERIO DE HACIENDA,HACIENDA,63525
DO1005208322,MHUS2040,HACIENDA/6.75 BOEST 20400724 GTIA,596000,USD,596,4.64267772,121.287724,07/08/2026,01:13:28 PM,ESTRUCTURADA,SEGUNDA PARTE,ROTC,06/10/2026,CONFIRMADA,3269035,0,24/07/2020,24/07/2040,4.9,MINISTERIO DE HACIENDA,HACIENDA,65695
DO1005208322,MHUS2040,HACIENDA/6.75 BOEST 20400724 GTIA,596000,USD,596,4.64912111,121.400545,07/08/2026,01:13:28 PM,ESTRUCTURADA,PRIMERA PARTE,ROTC,07/08/2026,CONFIRMADA,3269035,0,24/07/2020,24/07/2040,4.9,MINISTERIO DE HACIENDA,HACIENDA,65618
DO1005204412,MH12029,HACIENDA/11.375 BOEST 20290706 GTIA,5100000,DOP,51,7.77062168,108.962828,07/08/2026,01:13:28 PM,PRESTAMO,SEGUNDA PARTE,ROTC,07/09/2026,CONFIRMADA,3269084,0,06/07/2014,06/07/2029,8.65,MINISTERIO DE HACIENDA,HACIENDA,63364
DO1005204412,MH12029,HACIENDA/11.375 BOEST 20290706 GTIA,5100000,DOP,51,7.81124072,109.108787,07/08/2026,01:13:28 PM,PRESTAMO,PRIMERA PARTE,ROTC,07/08/2026,CONFIRMADA,3269084,0,06/07/2014,06/07/2029,8.65,MINISTERIO DE HACIENDA,HACIENDA,63315
DO1005204412,MH12029,HACIENDA/11.375 BOEST 20290706 GTIA,5100000,DOP,51,7.77062168,108.962828,07/08/2026,01:13:27 PM,ESTRUCTURADA,SEGUNDA PARTE,ROTC,07/09/2026,CONFIRMADA,3269037,0,06/07/2014,06/07/2029,8.65,MINISTERIO DE HACIENDA,HACIENDA,65457
DO1005204412,MH12029,HACIENDA/11.375 BOEST 20290706 GTIA,5100000,DOP,51,7.81124072,109.108787,07/08/2026,01:13:27 PM,ESTRUCTURADA,PRIMERA PARTE,ROTC,07/08/2026,CONFIRMADA,3269037,0,06/07/2014,06/07/2029,8.65,MINISTERIO DE HACIENDA,HACIENDA,65408
DO1005204412,MH12029,HACIENDA/11.375 BOEST 20290706 GTIA,1900000,DOP,19,7.50988721,109.142024,07/08/2026,01:13:27 PM,PRESTAMO,SEGUNDA PARTE,ROTC,05/11/2026,CONFIRMADA,3269083,0,06/07/2014,06/07/2029,8.75,MINISTERIO DE HACIENDA,HACIENDA,63224
DO1005204412,MH12029,HACIENDA/11.375 BOEST 20290706 GTIA,1900000,DOP,19,7.65641123,109.529056,07/08/2026,01:13:27 PM,PRESTAMO,PRIMERA PARTE,ROTC,07/08/2026,CONFIRMADA,3269083,0,06/07/2014,06/07/2029,8.75,MINISTERIO DE HACIENDA,HACIENDA,63357
DO1005204412,MH12029,HACIENDA/11.375 BOEST 20290706 GTIA,1900000,DOP,19,7.50988721,109.142024,07/08/2026,01:13:26 PM,ESTRUCTURADA,SEGUNDA PARTE,ROTC,05/11/2026,CONFIRMADA,3269038,0,06/07/2014,06/07/2029,8.75,MINISTERIO DE HACIENDA,HACIENDA,65317
DO1005204412,MH12029,HACIENDA/11.375 BOEST 20290706 GTIA,1900000,DOP,19,7.65641123,109.529056,07/08/2026,01:13:26 PM,ESTRUCTURADA,PRIMERA PARTE,ROTC,07/08/2026,CONFIRMADA,3269038,0,06/07/2014,06/07/2029,8.75,MINISTERIO DE HACIENDA,HACIENDA,65450
DO1002261423,NO301129,BCENTRAL/9.5 BOEST 20291130 GTIA,690000,DOP,69,9.72124643,99.411685,07/08/2026,01:13:25 PM,PRESTAMO,SEGUNDA PARTE,ROTC,05/11/2026,CONFIRMADA,3269082,0,30/11/2025,30/11/2029,8.15,BANCO CENTRAL DE LA REPUBLICA DOMINICANA,BCENTRAL,62230
DO1002261423,NO301129,BCENTRAL/9.5 BOEST 20291130 GTIA,690000,DOP,69,9.61000848,99.668025,07/08/2026,01:13:25 PM,PRESTAMO,PRIMERA PARTE,ROTC,07/08/2026,CONFIRMADA,3269082,0,30/11/2025,30/11/2029,8.15,BANCO CENTRAL DE LA REPUBLICA DOMINICANA,BCENTRAL,62349
DO1002261423,NO301129,BCENTRAL/9.5 BOEST 20291130 GTIA,690000,DOP,69,9.72124643,99.411685,07/08/2026,01:13:24 PM,ESTRUCTURADA,SEGUNDA PARTE,ROTC,05/11/2026,CONFIRMADA,3269039,0,30/11/2025,30/11/2029,8.15,BANCO CENTRAL DE LA REPUBLICA DOMINICANA,BCENTRAL,64323
DO1002261423,NO301129,BCENTRAL/9.5 BOEST 20291130 GTIA,690000,DOP,69,9.61000848,99.668025,07/08/2026,01:13:24 PM,ESTRUCTURADA,PRIMERA PARTE,ROTC,07/08/2026,CONFIRMADA,3269039,0,30/11/2025,30/11/2029,8.15,BANCO CENTRAL DE LA REPUBLICA DOMINICANA,BCENTRAL,64442
DO1002261423,NO301129,BCENTRAL/9.5 BOEST 20291130 GTIA,320000,DOP,32,9.02147727,101.282589,07/08/2026,01:13:24 PM,PRESTAMO,SEGUNDA PARTE,ROTC,14/09/2026,CONFIRMADA,3269081,0,30/11/2025,30/11/2029,8.45,BANCO CENTRAL DE LA REPUBLICA DOMINICANA,BCENTRAL,62426
DO1002261423,NO301129,BCENTRAL/9.5 BOEST 20291130 GTIA,320000,DOP,32,9.0130506,101.34375,07/08/2026,01:13:24 PM,PRESTAMO,PRIMERA PARTE,ROTC,07/08/2026,CONFIRMADA,3269081,0,30/11/2025,30/11/2029,8.45,BANCO CENTRAL DE LA REPUBLICA DOMINICANA,BCENTRAL,61635
DO1002261423,NO301129,BCENTRAL/9.5 BOEST 20291130 GTIA,320000,DOP,32,9.02147727,101.282589,07/08/2026,01:13:23 PM,ESTRUCTURADA,SEGUNDA PARTE,ROTC,14/09/2026,CONFIRMADA,3269040,0,30/11/2025,30/11/2029,8.45,BANCO CENTRAL DE LA REPUBLICA DOMINICANA,BCENTRAL,64519
DO1002261423,NO301129,BCENTRAL/9.5 BOEST 20291130 GTIA,320000,DOP,32,9.0130506,101.34375,07/08/2026,01:13:23 PM,ESTRUCTURADA,PRIMERA PARTE,ROTC,07/08/2026,CONFIRMADA,3269040,0,30/11/2025,30/11/2029,8.45,BANCO CENTRAL DE LA REPUBLICA DOMINICANA,BCENTRAL,63728
DO1005204412,MH12029,HACIENDA/11.375 BOEST 20290706 GTIA,11100000,DOP,111,8.46181616,106.779026,07/08/2026,01:13:23 PM,PRESTAMO,SEGUNDA PARTE,ROTC,05/11/2026,CONFIRMADA,3269080,0,06/07/2014,06/07/2029,9.15,MINISTERIO DE HACIENDA,HACIENDA,63833
DO1005204412,MH12029,HACIENDA/11.375 BOEST 20290706 GTIA,11100000,DOP,111,8.55776765,107.110848,07/08/2026,01:13:23 PM,PRESTAMO,PRIMERA PARTE,ROTC,07/08/2026,CONFIRMADA,3269080,0,06/07/2014,06/07/2029,9.15,MINISTERIO DE HACIENDA,HACIENDA,64001
DO1005204412,MH12029,HACIENDA/11.375 BOEST 20290706 GTIA,11100000,DOP,111,8.46181616,106.779026,07/08/2026,01:13:22 PM,ESTRUCTURADA,SEGUNDA PARTE,ROTC,05/11/2026,CONFIRMADA,3269045,0,06/07/2014,06/07/2029,9.15,MINISTERIO DE HACIENDA,HACIENDA,65926
DO1005204412,MH12029,HACIENDA/11.375 BOEST 20290706 GTIA,11100000,DOP,111,8.55776765,107.110848,07/08/2026,01:13:22 PM,ESTRUCTURADA,PRIMERA PARTE,ROTC,07/08/2026,CONFIRMADA,3269045,0,06/07/2014,06/07/2029,9.15,MINISTERIO DE HACIENDA,HACIENDA,66094
DO2022700416,BC1HIT04,HIT/8.2 BO 20330525,1301,USD,1301,8,101.012407,07/08/2026,01:13:22 PM,CONTADO,PRIMERA PARTE,ROTC,10/08/2026,CONFIRMADA,3269062,0,25/05/2023,25/05/2033,0,HAINA INVESTMENT CO. LTD.,HIT,52367
DO2022700119,BC1HIT01,HIT/8.45 BO 20330217,3000,USD,3000,8,102.250103,07/08/2026,01:13:21 PM,CONTADO,PRIMERA PARTE,ROTC,10/08/2026,CONFIRMADA,3269064,0,17/02/2023,17/02/2033,0,HAINA INVESTMENT CO. LTD.,HIT,52668
DO1002261423,NO301129,BCENTRAL/9.5 BOEST 20291130 GTIA,5000000,DOP,500,9.5,99.973794,07/08/2026,01:13:20 PM,CONTADO,PRIMERA PARTE,ROTC,10/08/2026,CONFIRMADA,3269065,0,30/11/2025,30/11/2029,0,BANCO CENTRAL DE LA REPUBLICA DOMINICANA,BCENTRAL,59689
DO1005254219,MH22041,HACIENDA/12 BOEST 20410529 GTIA,1500000,DOP,15,11.5,103.479026,07/08/2026,01:13:18 PM,CONTADO,PRIMERA PARTE,ROTC,10/08/2026,CONFIRMADA,3269066,0,29/05/2026,29/05/2041,0,MINISTERIO DE HACIENDA,HACIENDA,58905
DO2006901311,BC1ITA01,EGEITABO/5.65 BO 20311208,4740,USD,4740,4.71313324,104.218166,07/08/2026,01:13:17 PM,PRESTAMO,SEGUNDA PARTE,ROTC,05/11/2026,CONFIRMADA,3269079,0,08/12/2021,08/12/2031,4,"EMPRESA GENERADORA DE ELECTRICIDAD ITABO, S.A.",EGEITABO,59101
DO2006901311,BC1ITA01,EGEITABO/5.65 BO 20311208,4740,USD,4740,4.68024417,104.556465,07/08/2026,01:13:17 PM,PRESTAMO,PRIMERA PARTE,ROTC,07/08/2026,CONFIRMADA,3269079,0,08/12/2021,08/12/2031,4,"EMPRESA GENERADORA DE ELECTRICIDAD ITABO, S.A.",EGEITABO,59325
DO2006901311,BC1ITA01,EGEITABO/5.65 BO 20311208,4740,USD,4740,4.71313324,104.218166,07/08/2026,01:13:16 PM,ESTRUCTURADA,SEGUNDA PARTE,ROTC,05/11/2026,CONFIRMADA,3269078,0,08/12/2021,08/12/2031,4,"EMPRESA GENERADORA DE ELECTRICIDAD ITABO, S.A.",EGEITABO,61194
DO2006901311,BC1ITA01,EGEITABO/5.65 BO 20311208,4740,USD,4740,4.68024417,104.556465,07/08/2026,01:13:16 PM,ESTRUCTURADA,PRIMERA PARTE,ROTC,07/08/2026,CONFIRMADA,3269078,0,08/12/2021,08/12/2031,4,"EMPRESA GENERADORA DE ELECTRICIDAD ITABO, S.A.",EGEITABO,61418
DO1005206516,MH32028,HACIENDA/10.75 BOEST 20280811 GTIA,2000000,DOP,20,4.27169,108.947581,07/08/2026,01:13:14 PM,PRESTAMO,SEGUNDA PARTE,ROTC,05/03/2027,CONFIRMADA,3269008,0,10/08/2018,11/08/2028,10.75,MINISTERIO DE HACIENDA,HACIENDA,61768
DO1005206516,MH32028,HACIENDA/10.75 BOEST 20280811 GTIA,2000000,DOP,20,11.15017,99.290868,07/08/2026,01:13:14 PM,PRESTAMO,PRIMERA PARTE,ROTC,07/08/2026,CONFIRMADA,3269008,0,10/08/2018,11/08/2028,10.75,MINISTERIO DE HACIENDA,HACIENDA,61838
DO1002261928,LE090427,BCENTRAL/ LT 20270409 GTIA,580000,DOP,58,8.2861,94.723817,07/08/2026,01:13:07 PM,CONTADO,PRIMERA PARTE,ROTC,10/08/2026,CONFIRMADA,3268586,0,09/04/2026,09/04/2027,0,BANCO CENTRAL DE LA REPUBLICA DOMINICANA,BCENTRAL,57568
USP3579ECE51,BSRD2049,"DOMINICAN, REP /6.4 BD 20490605",129000,USD,129,5.0126,118.615372,07/08/2026,01:13:07 PM,ESTRUCTURADA,SEGUNDA PARTE,ROTC,13/11/2026,CONFIRMADA,3269018,0,05/06/2019,05/06/2049,4.35,MINISTERIO DE HACIENDA,HACIENDA,63511
USP3579ECE51,BSRD2049,"DOMINICAN, REP /6.4 BD 20490605",129000,USD,129,5.0018,118.890677,07/08/2026,01:13:07 PM,ESTRUCTURADA,PRIMERA PARTE,ROTC,10/08/2026,CONFIRMADA,3269018,0,05/06/2019,05/06/2049,4.35,MINISTERIO DE HACIENDA,HACIENDA,63686
USP3579ECE51,BSRD2049,"DOMINICAN, REP /6.4 BD 20490605",129000,USD,129,5.0126,118.615372,07/08/2026,01:13:06 PM,PRESTAMO,SEGUNDA PARTE,ROTC,13/11/2026,CONFIRMADA,3269019,0,05/06/2019,05/06/2049,2.086557,MINISTERIO DE HACIENDA,HACIENDA,61404
USP3579ECE51,BSRD2049,"DOMINICAN, REP /6.4 BD 20490605",129000,USD,129,5.0018,118.890677,07/08/2026,01:13:06 PM,PRESTAMO,PRIMERA PARTE,ROTC,10/08/2026,CONFIRMADA,3269019,0,05/06/2019,05/06/2049,2.086557,MINISTERIO DE HACIENDA,HACIENDA,61579
USP3579EDB04,BSRD2038, ,1490000,USD,1490,5.84000001,102.578215,07/08/2026,01:12:39 PM,CONTADO,PRIMERA PARTE,ROTC,07/08/2026,CONFIRMADA,3268788,0,17/02/2026,17/05/2038,0,MINISTERIO DE HACIENDA,HACIENDA,50477
DO1002261928,LE090427,BCENTRAL/ LT 20270409 GTIA,390000,DOP,39,9.7569,93.844882,07/08/2026,01:12:33 PM,CONTADO,PRIMERA PARTE,ROTC,10/08/2026,CONFIRMADA,3268583,0,09/04/2026,09/04/2027,0,BANCO CENTRAL DE LA REPUBLICA DOMINICANA,BCENTRAL,57652
DO1005206516,MH32028,HACIENDA/10.75 BOEST 20280811 GTIA,2000000,DOP,20,4.27169,108.947581,07/08/2026,01:12:23 PM,ESTRUCTURADA,SEGUNDA PARTE,ROTC,05/03/2027,CONFIRMADA,3269007,0,10/08/2018,11/08/2028,10.75,MINISTERIO DE HACIENDA,HACIENDA,63861
DO1005206516,MH32028,HACIENDA/10.75 BOEST 20280811 GTIA,2000000,DOP,20,11.15017,99.290868,07/08/2026,01:12:23 PM,ESTRUCTURADA,PRIMERA PARTE,ROTC,07/08/2026,CONFIRMADA,3269007,0,10/08/2018,11/08/2028,10.75,MINISTERIO DE HACIENDA,HACIENDA,63931
DO1002261928,LE090427,BCENTRAL/ LT 20270409 GTIA,2740000,DOP,274,8.9844,94.326665,07/08/2026,01:12:14 PM,CONTADO,PRIMERA PARTE,ROTC,11/08/2026,CONFIRMADA,3268580,0,09/04/2026,09/04/2027,0,BANCO CENTRAL DE LA REPUBLICA DOMINICANA,BCENTRAL,58282
DO1005205419,MH42026,HACIENDA/11 BOEST 20261204 GTIA,1900000,DOP,19,0.7636,103.241327,07/08/2026,01:11:56 PM,CONTADO,PRIMERA PARTE,ROTC,10/08/2026,CONFIRMADA,3268577,0,04/06/2016,04/12/2026,0,MINISTERIO DE HACIENDA,HACIENDA,59647
DO1002261928,LE090427,BCENTRAL/ LT 20270409 GTIA,530000,DOP,53,10.0425,93.676125,07/08/2026,01:11:50 PM,CONTADO,PRIMERA PARTE,ROTC,10/08/2026,CONFIRMADA,3269069,0,09/04/2026,09/04/2027,0,BANCO CENTRAL DE LA REPUBLICA DOMINICANA,BCENTRAL,57701
DO1002261928,LE090427,BCENTRAL/ LT 20270409 GTIA,530000,DOP,53,11.1524,98.175181,07/08/2026,01:11:49 PM,PRESTAMO,SEGUNDA PARTE,ROTC,08/02/2027,CONFIRMADA,3269070,0,09/04/2026,09/04/2027,4.582682,BANCO CENTRAL DE LA REPUBLICA DOMINICANA,BCENTRAL,58422
DO1002261928,LE090427,BCENTRAL/ LT 20270409 GTIA,530000,DOP,53,10.0425,93.676125,07/08/2026,01:11:49 PM,PRESTAMO,PRIMERA PARTE,ROTC,10/08/2026,CONFIRMADA,3269070,0,09/04/2026,09/04/2027,4.582682,BANCO CENTRAL DE LA REPUBLICA DOMINICANA,BCENTRAL,58450
DO1002228125,NO090229,BCENTRAL/10 BOEST 20290209 GTIA,20000,DOP,2,30.2063,76.7204,07/08/2026,01:11:48 PM,PRESTAMO,SEGUNDA PARTE,ROTC,02/08/2027,CONFIRMADA,3269044,0,09/02/2024,09/02/2029,14.071158,BANCO CENTRAL DE LA REPUBLICA DOMINICANA,BCENTRAL,59143
DO1002228125,NO090229,BCENTRAL/10 BOEST 20290209 GTIA,20000,DOP,2,27.2608,70.05525,07/08/2026,01:11:48 PM,PRESTAMO,PRIMERA PARTE,ROTC,07/08/2026,CONFIRMADA,3269044,0,09/02/2024,09/02/2029,14.071158,BANCO CENTRAL DE LA REPUBLICA DOMINICANA,BCENTRAL,59633
DO1002261928,LE090427,BCENTRAL/ LT 20270409 GTIA,530000,DOP,53,11.1524,98.175181,07/08/2026,01:11:48 PM,PLAZO,PRIMERA PARTE,ROTC,08/02/2027,CONFIRMADA,3269071,0,09/04/2026,09/04/2027,0,BANCO CENTRAL DE LA REPUBLICA DOMINICANA,BCENTRAL,56875
DO1002228125,NO090229,BCENTRAL/10 BOEST 20290209 GTIA,20000,DOP,2,30.2063,76.7204,07/08/2026,01:11:47 PM,PRESTAMO,SEGUNDA PARTE,ROTC,02/08/2027,CONFIRMADA,3269042,0,09/02/2024,09/02/2029,14.071158,BANCO CENTRAL DE LA REPUBLICA DOMINICANA,BCENTRAL,59136
DO1002228125,NO090229,BCENTRAL/10 BOEST 20290209 GTIA,20000,DOP,2,27.2608,70.05525,07/08/2026,01:11:47 PM,PRESTAMO,PRIMERA PARTE,ROTC,07/08/2026,CONFIRMADA,3269042,0,09/02/2024,09/02/2029,14.071158,BANCO CENTRAL DE LA REPUBLICA DOMINICANA,BCENTRAL,59626
DO1002228125,NO090229,BCENTRAL/10 BOEST 20290209 GTIA,20000,DOP,2,30.2063,76.7204,07/08/2026,01:11:47 PM,ESTRUCTURADA,SEGUNDA PARTE,ROTC,02/08/2027,CONFIRMADA,3269043,0,09/02/2024,09/02/2029,8.7027,BANCO CENTRAL DE LA REPUBLICA DOMINICANA,BCENTRAL,61236
DO1002228125,NO090229,BCENTRAL/10 BOEST 20290209 GTIA,20000,DOP,2,27.2608,70.05525,07/08/2026,01:11:47 PM,ESTRUCTURADA,PRIMERA PARTE,ROTC,07/08/2026,CONFIRMADA,3269043,0,09/02/2024,09/02/2029,8.7027,BANCO CENTRAL DE LA REPUBLICA DOMINICANA,BCENTRAL,61726
DO1005207118,MHUS2026,HACIENDA/6.65 BOEST 20261227 GTIA,3000,USD,3,3.6973,101.096667,07/08/2026,01:11:47 PM,CONTADO,PRIMERA PARTE,ROTC,11/08/2026,CONFIRMADA,3269072,0,27/12/2019,27/12/2026,0,MINISTERIO DE HACIENDA,HACIENDA,60004
DO1002228125,NO090229,BCENTRAL/10 BOEST 20290209 GTIA,20000,DOP,2,30.2063,76.7204,07/08/2026,01:11:46 PM,ESTRUCTURADA,SEGUNDA PARTE,ROTC,02/08/2027,CONFIRMADA,3269041,0,09/02/2024,09/02/2029,8.7027,BANCO CENTRAL DE LA REPUBLICA DOMINICANA,BCENTRAL,61229
DO1002228125,NO090229,BCENTRAL/10 BOEST 20290209 GTIA,20000,DOP,2,27.2608,70.05525,07/08/2026,01:11:46 PM,ESTRUCTURADA,PRIMERA PARTE,ROTC,07/08/2026,CONFIRMADA,3269041,0,09/02/2024,09/02/2029,8.7027,BANCO CENTRAL DE LA REPUBLICA DOMINICANA,BCENTRAL,61719
DO1005207118,MHUS2026,HACIENDA/6.65 BOEST 20261227 GTIA,3000,USD,3,0,100.534,07/08/2026,01:11:46 PM,PRESTAMO,SEGUNDA PARTE,ROTC,10/11/2026,CONFIRMADA,3269073,0,27/12/2019,27/12/2026,1.859013,MINISTERIO DE HACIENDA,HACIENDA,57547
DO1005207118,MHUS2026,HACIENDA/6.65 BOEST 20261227 GTIA,3000,USD,3,3.6973,101.096667,07/08/2026,01:11:46 PM,PRESTAMO,PRIMERA PARTE,ROTC,11/08/2026,CONFIRMADA,3269073,0,27/12/2019,27/12/2026,1.859013,MINISTERIO DE HACIENDA,HACIENDA,60690
DO1005207118,MHUS2026,HACIENDA/6.65 BOEST 20261227 GTIA,3000,USD,3,0,100.534,07/08/2026,01:11:45 PM,PLAZO,PRIMERA PARTE,ROTC,10/11/2026,CONFIRMADA,3269074,0,27/12/2019,27/12/2026,0,MINISTERIO DE HACIENDA,HACIENDA,56000
DO1002261928,LE090427,BCENTRAL/ LT 20270409 GTIA,770000,DOP,77,0,97.479755,07/08/2026,01:11:44 PM,PLAZO,PRIMERA PARTE,ROTC,09/12/2026,CONFIRMADA,3269077,0,09/04/2026,09/04/2027,0,BANCO CENTRAL DE LA REPUBLICA DOMINICANA,BCENTRAL,54929
DO1002261928,LE090427,BCENTRAL/ LT 20270409 GTIA,770000,DOP,77,0,97.479755,07/08/2026,01:11:43 PM,PRESTAMO,SEGUNDA PARTE,ROTC,09/12/2026,CONFIRMADA,3269076,0,09/04/2026,09/04/2027,3.069466,BANCO CENTRAL DE LA REPUBLICA DOMINICANA,BCENTRAL,56462
DO1002261928,LE090427,BCENTRAL/ LT 20270409 GTIA,770000,DOP,77,8.7146,94.487647,07/08/2026,01:11:43 PM,PRESTAMO,PRIMERA PARTE,ROTC,11/08/2026,CONFIRMADA,3269076,0,09/04/2026,09/04/2027,3.069466,BANCO CENTRAL DE LA REPUBLICA DOMINICANA,BCENTRAL,58331
DO1002261928,LE090427,BCENTRAL/ LT 20270409 GTIA,770000,DOP,77,8.7146,94.487647,07/08/2026,01:11:42 PM,CONTADO,PRIMERA PARTE,ROTC,11/08/2026,CONFIRMADA,3269075,0,09/04/2026,09/04/2027,0,BANCO CENTRAL DE LA REPUBLICA DOMINICANA,BCENTRAL,57631
DO1005206516,MH32028,HACIENDA/10.75 BOEST 20280811 GTIA,1000000,DOP,10,11.50519,98.974749,07/08/2026,01:11:20 PM,PRESTAMO,SEGUNDA PARTE,ROTC,05/02/2027,CONFIRMADA,3269004,0,10/08/2018,11/08/2028,10.75,MINISTERIO DE HACIENDA,HACIENDA,61761
DO1005206516,MH32028,HACIENDA/10.75 BOEST 20280811 GTIA,1000000,DOP,10,13.81576,94.757534,07/08/2026,01:11:20 PM,PRESTAMO,PRIMERA PARTE,ROTC,07/08/2026,CONFIRMADA,3269004,0,10/08/2018,11/08/2028,10.75,MINISTERIO DE HACIENDA,HACIENDA,61845
DO1005207118,MHUS2026,HACIENDA/6.65 BOEST 20261227 GTIA,3000,USD,3,-19.553,110.850667,07/08/2026,01:11:19 PM,CONTADO,PRIMERA PARTE,ROTC,11/08/2026,CONFIRMADA,3268570,0,27/12/2019,27/12/2026,0,MINISTERIO DE HACIENDA,HACIENDA,60263
DO1002261928,LE090427,BCENTRAL/ LT 20270409 GTIA,20000,DOP,2,-14.357,110.68225,07/08/2026,01:11:04 PM,CONTADO,PRIMERA PARTE,ROTC,10/08/2026,CONFIRMADA,3268499,0,09/04/2026,09/04/2027,0,BANCO CENTRAL DE LA REPUBLICA DOMINICANA,BCENTRAL,56875
DO1005205617,MH12027,HACIENDA/11.25 BOEST 20270205 GTIA,7000000,DOP,70,-100,102.259121,07/08/2026,01:10:27 PM,PLAZO,PRIMERA PARTE,ROTC,03/02/2027,CONFIRMADA,3269052,0,05/08/2016,05/02/2027,0,MINISTERIO DE HACIENDA,HACIENDA,58863
DO1005205617,MH12027,HACIENDA/11.25 BOEST 20270205 GTIA,7000000,DOP,70,-100,102.259121,07/08/2026,01:10:26 PM,PRESTAMO,SEGUNDA PARTE,ROTC,03/02/2027,CONFIRMADA,3269051,0,05/08/2016,05/02/2027,4.705538,MINISTERIO DE HACIENDA,HACIENDA,60396
DO1005205617,MH12027,HACIENDA/11.25 BOEST 20270205 GTIA,7000000,DOP,70,5.538,102.792907,07/08/2026,01:10:26 PM,PRESTAMO,PRIMERA PARTE,ROTC,07/08/2026,CONFIRMADA,3269051,0,05/08/2016,05/02/2027,4.705538,MINISTERIO DE HACIENDA,HACIENDA,61103
DO1005207118,MHUS2026,HACIENDA/6.65 BOEST 20261227 GTIA,114000,USD,114,-0.9478,102.905982,07/08/2026,01:10:25 PM,CONTADO,PRIMERA PARTE,ROTC,10/08/2026,CONFIRMADA,3268352,0,27/12/2019,27/12/2026,0,MINISTERIO DE HACIENDA,HACIENDA,61663
DO1005205617,MH12027,HACIENDA/11.25 BOEST 20270205 GTIA,7000000,DOP,70,5.538,102.792907,07/08/2026,01:10:25 PM,CONTADO,PRIMERA PARTE,ROTC,07/08/2026,CONFIRMADA,3269050,0,05/08/2016,05/02/2027,0,MINISTERIO DE HACIENDA,HACIENDA,60403
DO1002261928,LE090427,BCENTRAL/ LT 20270409 GTIA,4350000,DOP,435,8.8017,95.028,07/08/2026,01:10:24 PM,PLAZO,PRIMERA PARTE,ROTC,07/09/2026,CONFIRMADA,3269049,0,09/04/2026,09/04/2027,0,BANCO CENTRAL DE LA REPUBLICA DOMINICANA,BCENTRAL,56203
DO1002261928,LE090427,BCENTRAL/ LT 20270409 GTIA,4350000,DOP,435,8.8017,95.028,07/08/2026,01:10:23 PM,PRESTAMO,SEGUNDA PARTE,ROTC,07/09/2026,CONFIRMADA,3269048,0,09/04/2026,09/04/2027,0.798708,BANCO CENTRAL DE LA REPUBLICA DOMINICANA,BCENTRAL,57736
DO1002261928,LE090427,BCENTRAL/ LT 20270409 GTIA,4350000,DOP,435,8.933,94.269004,07/08/2026,01:10:23 PM,PRESTAMO,PRIMERA PARTE,ROTC,07/08/2026,CONFIRMADA,3269048,0,09/04/2026,09/04/2027,0.798708,BANCO CENTRAL DE LA REPUBLICA DOMINICANA,BCENTRAL,58527
DO1002261928,LE090427,BCENTRAL/ LT 20270409 GTIA,4350000,DOP,435,8.933,94.269004,07/08/2026,01:10:22 PM,CONTADO,PRIMERA PARTE,ROTC,07/08/2026,CONFIRMADA,3269047,0,09/04/2026,09/04/2027,0,BANCO CENTRAL DE LA REPUBLICA DOMINICANA,BCENTRAL,57827
DO1002261928,LE090427,BCENTRAL/ LT 20270409 GTIA,5360000,DOP,536,8.9621,94.317821,07/08/2026,01:10:01 PM,CONTADO,PRIMERA PARTE,ROTC,10/08/2026,CONFIRMADA,3268340,0,09/04/2026,09/04/2027,0,BANCO CENTRAL DE LA REPUBLICA DOMINICANA,BCENTRAL,58156
DO1005208215,MHUS2029,HACIENDA/6.95 BOEST 20290626 GTIA,56000,USD,56,2.4679,111.332554,07/08/2026,01:09:59 PM,PRESTAMO,SEGUNDA PARTE,ROTC,10/11/2026,CONFIRMADA,3268794,0,26/06/2020,26/06/2029,2.019769,MINISTERIO DE HACIENDA,HACIENDA,61432
DO1005208215,MHUS2029,HACIENDA/6.95 BOEST 20290626 GTIA,56000,USD,56,2.7234,111.618589,07/08/2026,01:09:59 PM,PRESTAMO,PRIMERA PARTE,ROTC,10/08/2026,CONFIRMADA,3268794,0,26/06/2020,26/06/2029,2.019769,MINISTERIO DE HACIENDA,HACIENDA,61572
DO1005208215,MHUS2029,HACIENDA/6.95 BOEST 20290626 GTIA,56000,USD,56,2.4679,111.332554,07/08/2026,01:09:58 PM,ESTRUCTURADA,SEGUNDA PARTE,ROTC,10/11/2026,CONFIRMADA,3268793,0,26/06/2020,26/06/2029,5.05,MINISTERIO DE HACIENDA,HACIENDA,63525
DO1005208215,MHUS2029,HACIENDA/6.95 BOEST 20290626 GTIA,56000,USD,56,2.7234,111.618589,07/08/2026,01:09:58 PM,ESTRUCTURADA,PRIMERA PARTE,ROTC,10/08/2026,CONFIRMADA,3268793,0,26/06/2020,26/06/2029,5.05,MINISTERIO DE HACIENDA,HACIENDA,63665
DO1005208215,MHUS2029,HACIENDA/6.95 BOEST 20290626 GTIA,25000,USD,25,1.6475,113.57916,07/08/2026,01:09:57 PM,PRESTAMO,SEGUNDA PARTE,ROTC,10/11/2026,CONFIRMADA,3268791,0,26/06/2020,26/06/2029,2.00537,MINISTERIO DE HACIENDA,HACIENDA,61047
DO1005208215,MHUS2029,HACIENDA/6.95 BOEST 20290626 GTIA,25000,USD,25,1.9789,113.83656,07/08/2026,01:09:57 PM,PRESTAMO,PRIMERA PARTE,ROTC,10/08/2026,CONFIRMADA,3268791,0,26/06/2020,26/06/2029,2.00537,MINISTERIO DE HACIENDA,HACIENDA,61229
DO1005208215,MHUS2029,HACIENDA/6.95 BOEST 20290626 GTIA,35000,USD,35,1.9875,112.641257,07/08/2026,01:09:56 PM,PRESTAMO,SEGUNDA PARTE,ROTC,10/11/2026,CONFIRMADA,3268789,0,26/06/2020,26/06/2029,1.510617,MINISTERIO DE HACIENDA,HACIENDA,61411
DO1005208215,MHUS2029,HACIENDA/6.95 BOEST 20290626 GTIA,35000,USD,35,2.0948,113.487543,07/08/2026,01:09:56 PM,PRESTAMO,PRIMERA PARTE,ROTC,10/08/2026,CONFIRMADA,3268789,0,26/06/2020,26/06/2029,1.510617,MINISTERIO DE HACIENDA,HACIENDA,61516
DO1005208215,MHUS2029,HACIENDA/6.95 BOEST 20290626 GTIA,25000,USD,25,1.6475,113.57916,07/08/2026,01:09:56 PM,ESTRUCTURADA,SEGUNDA PARTE,ROTC,10/11/2026,CONFIRMADA,3268790,0,26/06/2020,26/06/2029,5.05,MINISTERIO DE HACIENDA,HACIENDA,63140
DO1005208215,MHUS2029,HACIENDA/6.95 BOEST 20290626 GTIA,25000,USD,25,1.9789,113.83656,07/08/2026,01:09:56 PM,ESTRUCTURADA,PRIMERA PARTE,ROTC,10/08/2026,CONFIRMADA,3268790,0,26/06/2020,26/06/2029,5.05,MINISTERIO DE HACIENDA,HACIENDA,63322
DO1005208215,MHUS2029,HACIENDA/6.95 BOEST 20290626 GTIA,35000,USD,35,1.9875,112.641257,07/08/2026,01:09:55 PM,ESTRUCTURADA,SEGUNDA PARTE,ROTC,10/11/2026,CONFIRMADA,3268787,0,26/06/2020,26/06/2029,3.05,MINISTERIO DE HACIENDA,HACIENDA,63504
DO1005208215,MHUS2029,HACIENDA/6.95 BOEST 20290626 GTIA,35000,USD,35,2.0948,113.487543,07/08/2026,01:09:55 PM,ESTRUCTURADA,PRIMERA PARTE,ROTC,10/08/2026,CONFIRMADA,3268787,0,26/06/2020,26/06/2029,3.05,MINISTERIO DE HACIENDA,HACIENDA,63609
DO1005208215,MHUS2029,HACIENDA/6.95 BOEST 20290626 GTIA,14000,USD,14,3.3733,108.916929,07/08/2026,01:09:54 PM,PRESTAMO,SEGUNDA PARTE,ROTC,10/11/2026,CONFIRMADA,3268786,0,26/06/2020,26/06/2029,2.035932,MINISTERIO DE HACIENDA,HACIENDA,61390
DO1005208215,MHUS2029,HACIENDA/6.95 BOEST 20290626 GTIA,14000,USD,14,3.5445,109.233714,07/08/2026,01:09:54 PM,PRESTAMO,PRIMERA PARTE,ROTC,10/08/2026,CONFIRMADA,3268786,0,26/06/2020,26/06/2029,2.035932,MINISTERIO DE HACIENDA,HACIENDA,61404
DO1005208215,MHUS2029,HACIENDA/6.95 BOEST 20290626 GTIA,14000,USD,14,3.3733,108.916929,07/08/2026,01:09:53 PM,ESTRUCTURADA,SEGUNDA PARTE,ROTC,10/11/2026,CONFIRMADA,3268785,0,26/06/2020,26/06/2029,5.05,MINISTERIO DE HACIENDA,HACIENDA,63483
DO1005208215,MHUS2029,HACIENDA/6.95 BOEST 20290626 GTIA,14000,USD,14,3.5445,109.233714,07/08/2026,01:09:53 PM,ESTRUCTURADA,PRIMERA PARTE,ROTC,10/08/2026,CONFIRMADA,3268785,0,26/06/2020,26/06/2029,5.05,MINISTERIO DE HACIENDA,HACIENDA,63497
DO1005208629,MH12031,HACIENDA/8.5 BOEST 20310611 GTIA,2800000,DOP,28,10.2329,94.315314,07/08/2026,01:09:52 PM,PRESTAMO,SEGUNDA PARTE,ROTC,15/12/2026,CONFIRMADA,3268784,0,11/06/2021,11/06/2031,4.798958,MINISTERIO DE HACIENDA,HACIENDA,60683
DO1005208629,MH12031,HACIENDA/8.5 BOEST 20310611 GTIA,2800000,DOP,28,10.2209,93.995939,07/08/2026,01:09:52 PM,PRESTAMO,PRIMERA PARTE,ROTC,07/08/2026,CONFIRMADA,3268784,0,11/06/2021,11/06/2031,4.798958,MINISTERIO DE HACIENDA,HACIENDA,60949
DO1005208629,MH12031,HACIENDA/8.5 BOEST 20310611 GTIA,2800000,DOP,28,10.2329,94.315314,07/08/2026,01:09:51 PM,ESTRUCTURADA,SEGUNDA PARTE,ROTC,15/12/2026,CONFIRMADA,3268783,0,11/06/2021,11/06/2031,9.85,MINISTERIO DE HACIENDA,HACIENDA,62776
DO1005208629,MH12031,HACIENDA/8.5 BOEST 20310611 GTIA,2800000,DOP,28,10.2209,93.995939,07/08/2026,01:09:51 PM,ESTRUCTURADA,PRIMERA PARTE,ROTC,07/08/2026,CONFIRMADA,3268783,0,11/06/2021,11/06/2031,9.85,MINISTERIO DE HACIENDA,HACIENDA,63042
DO1002261928,LE090427,BCENTRAL/ LT 20270409 GTIA,1180000,DOP,118,10.5206,93.420425,07/08/2026,01:09:37 PM,CONTADO,PRIMERA PARTE,ROTC,11/08/2026,CONFIRMADA,3268282,0,09/04/2026,09/04/2027,0,BANCO CENTRAL DE LA REPUBLICA DOMINICANA,BCENTRAL,58436
DO1002261829,NO010330,BCENTRAL/9.5 BOEST 20300301 GTIA,107000000,DOP,10700,9.9301,98.72,07/08/2026,01:09:33 PM,CONTADO,PRIMERA PARTE,ROTC,07/08/2026,CONFIRMADA,3268921,0,01/03/2026,01/03/2030,0,BANCO CENTRAL DE LA REPUBLICA DOMINICANA,BCENTRAL,60627
DO1002261928,LE090427,BCENTRAL/ LT 20270409 GTIA,7420000,DOP,742,8.9574,94.320605,07/08/2026,01:09:16 PM,CONTADO,PRIMERA PARTE,ROTC,10/08/2026,CONFIRMADA,3267969,0,09/04/2026,09/04/2027,0,BANCO CENTRAL DE LA REPUBLICA DOMINICANA,BCENTRAL,58247
DO2018100324,BC1AES03,AESTRELLA/11.25 BO 20301130,44990,DOP,44990,10.5089,102.412781,07/08/2026,01:09:10 PM,PRESTAMO,SEGUNDA PARTE,ROTC,13/11/2026,CONFIRMADA,3269022,0,30/11/2020,30/11/2030,4.519244,ACERO ESTRELLA S A,AESTRELLA,59633
DO2018100324,BC1AES03,AESTRELLA/11.25 BO 20301130,44990,DOP,44990,11.2503,99.991675,07/08/2026,01:09:10 PM,PRESTAMO,PRIMERA PARTE,ROTC,11/08/2026,CONFIRMADA,3269022,0,30/11/2020,30/11/2030,4.519244,ACERO ESTRELLA S A,AESTRELLA,59514
DO2018100324,BC1AES03,AESTRELLA/11.25 BO 20301130,44990,DOP,44990,10.5089,102.412781,07/08/2026,01:09:09 PM,ESTRUCTURADA,SEGUNDA PARTE,ROTC,13/11/2026,CONFIRMADA,3269021,0,30/11/2020,30/11/2030,9.3,ACERO ESTRELLA S A,AESTRELLA,61789
DO2018100324,BC1AES03,AESTRELLA/11.25 BO 20301130,44990,DOP,44990,11.2503,99.991675,07/08/2026,01:09:09 PM,ESTRUCTURADA,PRIMERA PARTE,ROTC,11/08/2026,CONFIRMADA,3269021,0,30/11/2020,30/11/2030,9.3,ACERO ESTRELLA S A,AESTRELLA,61670
DO1005206516,MH32028,HACIENDA/10.75 BOEST 20280811 GTIA,1000000,DOP,10,11.50519,98.974749,07/08/2026,01:08:58 PM,ESTRUCTURADA,SEGUNDA PARTE,ROTC,05/02/2027,CONFIRMADA,3269003,0,10/08/2018,11/08/2028,10.75,MINISTERIO DE HACIENDA,HACIENDA,63980
DO1005206516,MH32028,HACIENDA/10.75 BOEST 20280811 GTIA,1000000,DOP,10,13.81576,94.757534,07/08/2026,01:08:58 PM,ESTRUCTURADA,PRIMERA PARTE,ROTC,07/08/2026,CONFIRMADA,3269003,0,10/08/2018,11/08/2028,10.75,MINISTERIO DE HACIENDA,HACIENDA,64064
DO1002261928,LE090427,BCENTRAL/ LT 20270409 GTIA,90000,DOP,9,10.3781,93.478556,07/08/2026,01:08:47 PM,CONTADO,PRIMERA PARTE,ROTC,10/08/2026,CONFIRMADA,3267930,0,09/04/2026,09/04/2027,0,BANCO CENTRAL DE LA REPUBLICA DOMINICANA,BCENTRAL,57239
DO1005208322,MHUS2040,HACIENDA/6.75 BOEST 20400724 GTIA,40000,USD,40,6.7734,99.783425,07/08/2026,01:08:41 PM,PLAZO,PRIMERA PARTE,ROTC,07/12/2026,CONFIRMADA,3268992,0,24/07/2020,24/07/2040,0,MINISTERIO DE HACIENDA,HACIENDA,59458
DO1005208322,MHUS2040,HACIENDA/6.75 BOEST 20400724 GTIA,40000,USD,40,6.7734,99.783425,07/08/2026,01:08:40 PM,PRESTAMO,SEGUNDA PARTE,ROTC,07/12/2026,CONFIRMADA,3268991,0,24/07/2020,24/07/2040,1.740418,MINISTERIO DE HACIENDA,HACIENDA,60991
DO1005208322,MHUS2040,HACIENDA/6.75 BOEST 20400724 GTIA,40000,USD,40,6.6942,100.497125,07/08/2026,01:08:40 PM,PRESTAMO,PRIMERA PARTE,ROTC,07/08/2026,CONFIRMADA,3268991,0,24/07/2020,24/07/2040,1.740418,MINISTERIO DE HACIENDA,HACIENDA,61299
DO1005208322,MHUS2040,HACIENDA/6.75 BOEST 20400724 GTIA,40000,USD,40,6.6942,100.497125,07/08/2026,01:08:39 PM,CONTADO,PRIMERA PARTE,ROTC,07/08/2026,CONFIRMADA,3268990,0,24/07/2020,24/07/2040,0,MINISTERIO DE HACIENDA,HACIENDA,60662
DO1002261928,LE090427,BCENTRAL/ LT 20270409 GTIA,240000,DOP,24,7.1315,95.425375,07/08/2026,01:08:22 PM,CONTADO,PRIMERA PARTE,ROTC,10/08/2026,CONFIRMADA,3267927,0,09/04/2026,09/04/2027,0,BANCO CENTRAL DE LA REPUBLICA DOMINICANA,BCENTRAL,57414
DO1002261928,LE090427,BCENTRAL/ LT 20270409 GTIA,60000,DOP,6,22.3629,86.9317,07/08/2026,01:07:53 PM,CONTADO,PRIMERA PARTE,ROTC,10/08/2026,CONFIRMADA,3267933,0,09/04/2026,09/04/2027,0,BANCO CENTRAL DE LA REPUBLICA DOMINICANA,BCENTRAL,56434
DO1002261928,LE090427,BCENTRAL/ LT 20270409 GTIA,60000,DOP,6,9.0802,94.247233,07/08/2026,01:07:30 PM,CONTADO,PRIMERA PARTE,ROTC,10/08/2026,CONFIRMADA,3267924,0,09/04/2026,09/04/2027,0,BANCO CENTRAL DE LA REPUBLICA DOMINICANA,BCENTRAL,56700
DO1002261928,LE090427,BCENTRAL/ LT 20270409 GTIA,100000,DOP,10,16.5289,90,07/08/2026,01:06:55 PM,CONTADO,PRIMERA PARTE,ROTC,10/08/2026,CONFIRMADA,3268331,0,09/04/2026,09/04/2027,0,BANCO CENTRAL DE LA REPUBLICA DOMINICANA,BCENTRAL,55251
DO1002261928,LE090427,BCENTRAL/ LT 20270409 GTIA,210000,DOP,21,10.3384,93.552124,07/08/2026,01:06:18 PM,CONTADO,PRIMERA PARTE,ROTC,12/08/2026,CONFIRMADA,3267921,0,09/04/2026,09/04/2027,0,BANCO CENTRAL DE LA REPUBLICA DOMINICANA,BCENTRAL,57694
DO1002261928,LE090427,BCENTRAL/ LT 20270409 GTIA,410000,DOP,41,11.1561,96.385834,07/08/2026,01:05:23 PM,PRESTAMO,SEGUNDA PARTE,ROTC,09/12/2026,CONFIRMADA,3267861,0,09/04/2026,09/04/2027,3.069467,BANCO CENTRAL DE LA REPUBLICA DOMINICANA,BCENTRAL,58401
DO1002261928,LE090427,BCENTRAL/ LT 20270409 GTIA,410000,DOP,41,10.5089,93.427302,07/08/2026,01:05:23 PM,PRESTAMO,PRIMERA PARTE,ROTC,11/08/2026,CONFIRMADA,3267861,0,09/04/2026,09/04/2027,3.069467,BANCO CENTRAL DE LA REPUBLICA DOMINICANA,BCENTRAL,58394
DO1002261928,LE090427,BCENTRAL/ LT 20270409 GTIA,410000,DOP,41,11.1561,96.385834,07/08/2026,01:05:22 PM,PLAZO,PRIMERA PARTE,ROTC,09/12/2026,CONFIRMADA,3267862,0,09/04/2026,09/04/2027,0,BANCO CENTRAL DE LA REPUBLICA DOMINICANA,BCENTRAL,56854
DO1002261928,LE090427,BCENTRAL/ LT 20270409 GTIA,70000,DOP,7,19.7594,91.054114,07/08/2026,01:05:21 PM,PRESTAMO,SEGUNDA PARTE,ROTC,12/10/2026,CONFIRMADA,3267864,0,09/04/2026,09/04/2027,1.526737,BANCO CENTRAL DE LA REPUBLICA DOMINICANA,BCENTRAL,57680
DO1002261928,LE090427,BCENTRAL/ LT 20270409 GTIA,70000,DOP,7,17.2913,89.663957,07/08/2026,01:05:21 PM,PRESTAMO,PRIMERA PARTE,ROTC,12/08/2026,CONFIRMADA,3267864,0,09/04/2026,09/04/2027,1.526737,BANCO CENTRAL DE LA REPUBLICA DOMINICANA,BCENTRAL,57904
DO1002261928,LE090427,BCENTRAL/ LT 20270409 GTIA,70000,DOP,7,19.7594,91.054114,07/08/2026,01:05:20 PM,PLAZO,PRIMERA PARTE,ROTC,12/10/2026,CONFIRMADA,3267865,0,09/04/2026,09/04/2027,0,BANCO CENTRAL DE LA REPUBLICA DOMINICANA,BCENTRAL,56133
DO1005208322,MHUS2040,HACIENDA/6.75 BOEST 20400724 GTIA,36000,USD,36,4.7779,119.824806,07/08/2026,01:05:19 PM,PRESTAMO,SEGUNDA PARTE,ROTC,11/09/2026,CONFIRMADA,3267867,0,24/07/2020,24/07/2040,0.61184,MINISTERIO DE HACIENDA,HACIENDA,61418
DO1005208322,MHUS2040,HACIENDA/6.75 BOEST 20400724 GTIA,36000,USD,36,4.7729,119.967528,07/08/2026,01:05:19 PM,PRESTAMO,PRIMERA PARTE,ROTC,12/08/2026,CONFIRMADA,3267867,0,24/07/2020,24/07/2040,0.61184,MINISTERIO DE HACIENDA,HACIENDA,61509
DO1005208322,MHUS2040,HACIENDA/6.75 BOEST 20400724 GTIA,36000,USD,36,4.7779,119.824806,07/08/2026,01:05:18 PM,PLAZO,PRIMERA PARTE,ROTC,11/09/2026,CONFIRMADA,3267868,0,24/07/2020,24/07/2040,0,MINISTERIO DE HACIENDA,HACIENDA,59871
DO1005208322,MHUS2040,HACIENDA/6.75 BOEST 20400724 GTIA,45000,USD,45,4.6067,121.503756,07/08/2026,01:05:18 PM,PRESTAMO,SEGUNDA PARTE,ROTC,09/12/2026,CONFIRMADA,3267870,0,24/07/2020,24/07/2040,1.718655,MINISTERIO DE HACIENDA,HACIENDA,61278
DO1005208322,MHUS2040,HACIENDA/6.75 BOEST 20400724 GTIA,45000,USD,45,4.6046,121.903267,07/08/2026,01:05:18 PM,PRESTAMO,PRIMERA PARTE,ROTC,11/08/2026,CONFIRMADA,3267870,0,24/07/2020,24/07/2040,1.718655,MINISTERIO DE HACIENDA,HACIENDA,61313
DO1005208322,MHUS2040,HACIENDA/6.75 BOEST 20400724 GTIA,45000,USD,45,4.6067,121.503756,07/08/2026,01:05:17 PM,PLAZO,PRIMERA PARTE,ROTC,09/12/2026,CONFIRMADA,3267872,0,24/07/2020,24/07/2040,0,MINISTERIO DE HACIENDA,HACIENDA,59731
DO1002261928,LE090427,BCENTRAL/ LT 20270409 GTIA,220000,DOP,22,13.3336,95.744591,07/08/2026,01:05:16 PM,PRESTAMO,SEGUNDA PARTE,ROTC,10/12/2026,CONFIRMADA,3267874,0,09/04/2026,09/04/2027,3.069468,BANCO CENTRAL DE LA REPUBLICA DOMINICANA,BCENTRAL,58359
DO1002261928,LE090427,BCENTRAL/ LT 20270409 GTIA,220000,DOP,22,11.6279,92.805741,07/08/2026,01:05:16 PM,PRESTAMO,PRIMERA PARTE,ROTC,12/08/2026,CONFIRMADA,3267874,0,09/04/2026,09/04/2027,3.069468,BANCO CENTRAL DE LA REPUBLICA DOMINICANA,BCENTRAL,58464
DO1002261928,LE090427,BCENTRAL/ LT 20270409 GTIA,220000,DOP,22,13.3336,95.744591,07/08/2026,01:05:15 PM,PLAZO,PRIMERA PARTE,ROTC,10/12/2026,CONFIRMADA,3267875,0,09/04/2026,09/04/2027,0,BANCO CENTRAL DE LA REPUBLICA DOMINICANA,BCENTRAL,56812
DO1005208322,MHUS2040,HACIENDA/6.75 BOEST 20400724 GTIA,11000,USD,11,4.3246,125.097545,07/08/2026,01:05:14 PM,PRESTAMO,SEGUNDA PARTE,ROTC,10/09/2026,CONFIRMADA,3267877,0,24/07/2020,24/07/2040,0.605964,MINISTERIO DE HACIENDA,HACIENDA,61166
DO1005208322,MHUS2040,HACIENDA/6.75 BOEST 20400724 GTIA,11000,USD,11,4.3255,125.196818,07/08/2026,01:05:14 PM,PRESTAMO,PRIMERA PARTE,ROTC,11/08/2026,CONFIRMADA,3267877,0,24/07/2020,24/07/2040,0.605964,MINISTERIO DE HACIENDA,HACIENDA,61250
DO1005208322,MHUS2040,HACIENDA/6.75 BOEST 20400724 GTIA,11000,USD,11,4.3246,125.097545,07/08/2026,01:05:13 PM,PLAZO,PRIMERA PARTE,ROTC,10/09/2026,CONFIRMADA,3267878,0,24/07/2020,24/07/2040,0,MINISTERIO DE HACIENDA,HACIENDA,59619
DO1005207118,MHUS2026,HACIENDA/6.65 BOEST 20261227 GTIA,5000,USD,5,0,100.5334,07/08/2026,01:05:12 PM,PRESTAMO,SEGUNDA PARTE,ROTC,12/10/2026,CONFIRMADA,3267880,0,27/12/2019,27/12/2026,1.524158,MINISTERIO DE HACIENDA,HACIENDA,57911
DO1005207118,MHUS2026,HACIENDA/6.65 BOEST 20261227 GTIA,5000,USD,5,4.1462,100.9208,07/08/2026,01:05:12 PM,PRESTAMO,PRIMERA PARTE,ROTC,12/08/2026,CONFIRMADA,3267880,0,27/12/2019,27/12/2026,1.524158,MINISTERIO DE HACIENDA,HACIENDA,59836
DO1005207118,MHUS2026,HACIENDA/6.65 BOEST 20261227 GTIA,5000,USD,5,0,100.5334,07/08/2026,01:05:11 PM,PLAZO,PRIMERA PARTE,ROTC,12/10/2026,CONFIRMADA,3267881,0,27/12/2019,27/12/2026,0,MINISTERIO DE HACIENDA,HACIENDA,56364
DO1005208322,MHUS2040,HACIENDA/6.75 BOEST 20400724 GTIA,18000,USD,18,4.5184,122.514167,07/08/2026,01:05:10 PM,PRESTAMO,SEGUNDA PARTE,ROTC,09/12/2026,CONFIRMADA,3267884,0,24/07/2020,24/07/2040,1.603195,MINISTERIO DE HACIENDA,HACIENDA,61208
DO1005208322,MHUS2040,HACIENDA/6.75 BOEST 20400724 GTIA,18000,USD,18,4.5071,123.040722,07/08/2026,01:05:10 PM,PRESTAMO,PRIMERA PARTE,ROTC,11/08/2026,CONFIRMADA,3267884,0,24/07/2020,24/07/2040,1.603195,MINISTERIO DE HACIENDA,HACIENDA,61166
DO1005208322,MHUS2040,HACIENDA/6.75 BOEST 20400724 GTIA,18000,USD,18,4.5184,122.514167,07/08/2026,01:05:09 PM,PLAZO,PRIMERA PARTE,ROTC,09/12/2026,CONFIRMADA,3267887,0,24/07/2020,24/07/2040,0,MINISTERIO DE HACIENDA,HACIENDA,59724
DO1002261928,LE090427,BCENTRAL/ LT 20270409 GTIA,110000,DOP,11,0,101.190282,07/08/2026,01:05:08 PM,PRESTAMO,SEGUNDA PARTE,ROTC,08/02/2027,CONFIRMADA,3267889,0,09/04/2026,09/04/2027,4.62566,BANCO CENTRAL DE LA REPUBLICA DOMINICANA,BCENTRAL,56448
DO1002261928,LE090427,BCENTRAL/ LT 20270409 GTIA,110000,DOP,11,5.425,96.509564,07/08/2026,01:05:08 PM,PRESTAMO,PRIMERA PARTE,ROTC,12/08/2026,CONFIRMADA,3267889,0,09/04/2026,09/04/2027,4.62566,BANCO CENTRAL DE LA REPUBLICA DOMINICANA,BCENTRAL,57757
DO1002261928,LE090427,BCENTRAL/ LT 20270409 GTIA,110000,DOP,11,0,101.190282,07/08/2026,01:05:07 PM,PLAZO,PRIMERA PARTE,ROTC,08/02/2027,CONFIRMADA,3267890,0,09/04/2026,09/04/2027,0,BANCO CENTRAL DE LA REPUBLICA DOMINICANA,BCENTRAL,54901
DO1005208322,MHUS2040,HACIENDA/6.75 BOEST 20400724 GTIA,5000,USD,5,4.6421,121.2752,07/08/2026,01:05:06 PM,PRESTAMO,SEGUNDA PARTE,ROTC,12/10/2026,CONFIRMADA,3267892,0,24/07/2020,24/07/2040,0.994967,MINISTERIO DE HACIENDA,HACIENDA,59689
DO1005208322,MHUS2040,HACIENDA/6.75 BOEST 20400724 GTIA,5000,USD,5,4.638,121.5166,07/08/2026,01:05:06 PM,PRESTAMO,PRIMERA PARTE,ROTC,11/08/2026,CONFIRMADA,3267892,0,24/07/2020,24/07/2040,0.994967,MINISTERIO DE HACIENDA,HACIENDA,59500
DO1005208322,MHUS2040,HACIENDA/6.75 BOEST 20400724 GTIA,5000,USD,5,4.6421,121.2752,07/08/2026,01:05:05 PM,PLAZO,PRIMERA PARTE,ROTC,12/10/2026,CONFIRMADA,3267893,0,24/07/2020,24/07/2040,0,MINISTERIO DE HACIENDA,HACIENDA,58142
DO1002261928,LE090427,BCENTRAL/ LT 20270409 GTIA,60000,DOP,6,11.5145,95.421933,07/08/2026,01:05:04 PM,PRESTAMO,SEGUNDA PARTE,ROTC,10/11/2026,CONFIRMADA,3267895,0,09/04/2026,09/04/2027,2.296048,BANCO CENTRAL DE LA REPUBLICA DOMINICANA,BCENTRAL,57617
DO1002261928,LE090427,BCENTRAL/ LT 20270409 GTIA,60000,DOP,6,10.8907,93.231,07/08/2026,01:05:04 PM,PRESTAMO,PRIMERA PARTE,ROTC,12/08/2026,CONFIRMADA,3267895,0,09/04/2026,09/04/2027,2.296048,BANCO CENTRAL DE LA REPUBLICA DOMINICANA,BCENTRAL,56658
DO1002261928,LE090427,BCENTRAL/ LT 20270409 GTIA,60000,DOP,6,11.5145,95.421933,07/08/2026,01:05:03 PM,PLAZO,PRIMERA PARTE,ROTC,10/11/2026,CONFIRMADA,3267896,0,09/04/2026,09/04/2027,0,BANCO CENTRAL DE LA REPUBLICA DOMINICANA,BCENTRAL,56070
DO1002261928,LE090427,BCENTRAL/ LT 20270409 GTIA,560000,DOP,56,0,99.00287,07/08/2026,01:05:02 PM,PRESTAMO,SEGUNDA PARTE,ROTC,08/02/2027,CONFIRMADA,3267898,0,09/04/2026,09/04/2027,4.625656,BANCO CENTRAL DE LA REPUBLICA DOMINICANA,BCENTRAL,55937
DO1002261928,LE090427,BCENTRAL/ LT 20270409 GTIA,560000,DOP,56,8.859,94.423338,07/08/2026,01:05:02 PM,PRESTAMO,PRIMERA PARTE,ROTC,12/08/2026,CONFIRMADA,3267898,0,09/04/2026,09/04/2027,4.625656,BANCO CENTRAL DE LA REPUBLICA DOMINICANA,BCENTRAL,57883
DO1002261928,LE090427,BCENTRAL/ LT 20270409 GTIA,560000,DOP,56,0,99.00287,07/08/2026,01:05:01 PM,PLAZO,PRIMERA PARTE,ROTC,08/02/2027,CONFIRMADA,3267901,0,09/04/2026,09/04/2027,0,BANCO CENTRAL DE LA REPUBLICA DOMINICANA,BCENTRAL,54390
DO1002261928,LE090427,BCENTRAL/ LT 20270409 GTIA,870000,DOP,87,9.0335,96.372569,07/08/2026,01:05:00 PM,PRESTAMO,SEGUNDA PARTE,ROTC,10/11/2026,CONFIRMADA,3267912,0,09/04/2026,09/04/2027,2.296044,BANCO CENTRAL DE LA REPUBLICA DOMINICANA,BCENTRAL,58149
DO1002261928,LE090427,BCENTRAL/ LT 20270409 GTIA,870000,DOP,87,9.3036,94.159813,07/08/2026,01:05:00 PM,PRESTAMO,PRIMERA PARTE,ROTC,12/08/2026,CONFIRMADA,3267912,0,09/04/2026,09/04/2027,2.296044,BANCO CENTRAL DE LA REPUBLICA DOMINICANA,BCENTRAL,58226
DO1002261928,LE090427,BCENTRAL/ LT 20270409 GTIA,870000,DOP,87,9.0335,96.372569,07/08/2026,01:04:59 PM,PLAZO,PRIMERA PARTE,ROTC,10/11/2026,CONFIRMADA,3267913,0,09/04/2026,09/04/2027,0,BANCO CENTRAL DE LA REPUBLICA DOMINICANA,BCENTRAL,56700
DO1002261928,LE090427,BCENTRAL/ LT 20270409 GTIA,30000,DOP,3,0,94.697567,07/08/2026,01:04:58 PM,PRESTAMO,SEGUNDA PARTE,ROTC,08/02/2027,CONFIRMADA,3267915,0,09/04/2026,09/04/2027,4.625638,BANCO CENTRAL DE LA REPUBLICA DOMINICANA,BCENTRAL,55685
DO1002261928,LE090427,BCENTRAL/ LT 20270409 GTIA,30000,DOP,3,16.0813,90.3172,07/08/2026,01:04:58 PM,PRESTAMO,PRIMERA PARTE,ROTC,12/08/2026,CONFIRMADA,3267915,0,09/04/2026,09/04/2027,4.625638,BANCO CENTRAL DE LA REPUBLICA DOMINICANA,BCENTRAL,56994
DO1002261928,LE090427,BCENTRAL/ LT 20270409 GTIA,30000,DOP,3,0,94.697567,07/08/2026,01:04:57 PM,PLAZO,PRIMERA PARTE,ROTC,08/02/2027,CONFIRMADA,3267916,0,09/04/2026,09/04/2027,0,BANCO CENTRAL DE LA REPUBLICA DOMINICANA,BCENTRAL,54138
DO1005207118,MHUS2026,HACIENDA/6.65 BOEST 20261227 GTIA,8000,USD,8,11.5254,99.008,07/08/2026,01:04:56 PM,PRESTAMO,SEGUNDA PARTE,ROTC,12/10/2026,CONFIRMADA,3267918,0,27/12/2019,27/12/2026,1.536785,MINISTERIO DE HACIENDA,HACIENDA,59528
DO1005207118,MHUS2026,HACIENDA/6.65 BOEST 20261227 GTIA,8000,USD,8,8.2773,99.406,07/08/2026,01:04:56 PM,PRESTAMO,PRIMERA PARTE,ROTC,12/08/2026,CONFIRMADA,3267918,0,27/12/2019,27/12/2026,1.536785,MINISTERIO DE HACIENDA,HACIENDA,59381
DO1005207118,MHUS2026,HACIENDA/6.65 BOEST 20261227 GTIA,8000,USD,8,11.5254,99.008,07/08/2026,01:04:55 PM,PLAZO,PRIMERA PARTE,ROTC,12/10/2026,CONFIRMADA,3267919,0,27/12/2019,27/12/2026,0,MINISTERIO DE HACIENDA,HACIENDA,57981
DO1005206516,MH32028,HACIENDA/10.75 BOEST 20280811 GTIA,3300000,DOP,33,2.83873,110.434337,07/08/2026,01:04:45 PM,PRESTAMO,SEGUNDA PARTE,ROTC,05/04/2027,CONFIRMADA,3269006,0,10/08/2018,11/08/2028,10.75,MINISTERIO DE HACIENDA,HACIENDA,61754
DO1005206516,MH32028,HACIENDA/10.75 BOEST 20280811 GTIA,3300000,DOP,33,10.2879,100.81814,07/08/2026,01:04:45 PM,PRESTAMO,PRIMERA PARTE,ROTC,07/08/2026,CONFIRMADA,3269006,0,10/08/2018,11/08/2028,10.75,MINISTERIO DE HACIENDA,HACIENDA,61467
DO1002261928,LE090427,BCENTRAL/ LT 20270409 GTIA,30000,DOP,3,16.0813,90.3172,07/08/2026,01:04:26 PM,CONTADO,PRIMERA PARTE,ROTC,12/08/2026,CONFIRMADA,3267914,0,09/04/2026,09/04/2027,0,BANCO CENTRAL DE LA REPUBLICA DOMINICANA,BCENTRAL,56266
DO1005206516,MH32028,HACIENDA/10.75 BOEST 20280811 GTIA,3300000,DOP,33,2.83873,110.434337,07/08/2026,01:04:06 PM,ESTRUCTURADA,SEGUNDA PARTE,ROTC,05/04/2027,CONFIRMADA,3269005,0,10/08/2018,11/08/2028,10.75,MINISTERIO DE HACIENDA,HACIENDA,63833
DO1005206516,MH32028,HACIENDA/10.75 BOEST 20280811 GTIA,3300000,DOP,33,10.2879,100.81814,07/08/2026,01:04:06 PM,ESTRUCTURADA,PRIMERA PARTE,ROTC,07/08/2026,CONFIRMADA,3269005,0,10/08/2018,11/08/2028,10.75,MINISTERIO DE HACIENDA,HACIENDA,63546
DO1002261928,LE090427,BCENTRAL/ LT 20270409 GTIA,110000,DOP,11,5.425,96.509564,07/08/2026,01:03:59 PM,CONTADO,PRIMERA PARTE,ROTC,12/08/2026,CONFIRMADA,3267888,0,09/04/2026,09/04/2027,0,BANCO CENTRAL DE LA REPUBLICA DOMINICANA,BCENTRAL,57092
DO1005207118,MHUS2026,HACIENDA/6.65 BOEST 20261227 GTIA,5000,USD,5,4.1462,100.9208,07/08/2026,01:03:41 PM,CONTADO,PRIMERA PARTE,ROTC,12/08/2026,CONFIRMADA,3267879,0,27/12/2019,27/12/2026,0,MINISTERIO DE HACIENDA,HACIENDA,59143
DO1005208322,MHUS2040,HACIENDA/6.75 BOEST 20400724 GTIA,11000,USD,11,4.3255,125.196818,07/08/2026,01:03:19 PM,CONTADO,PRIMERA PARTE,ROTC,11/08/2026,CONFIRMADA,3267876,0,24/07/2020,24/07/2040,0,MINISTERIO DE HACIENDA,HACIENDA,60578
DO1002227721,NO111226,BCENTRAL/9 BOEST 20261211 GTIA,2000000000,DOP,200000,5,101.30455,07/08/2026,01:03:02 PM,CONTADO,PRIMERA PARTE,ROTC,10/08/2026,CONFIRMADA,3268421,0,11/12/2023,11/12/2026,0,BANCO CENTRAL DE LA REPUBLICA DOMINICANA,BCENTRAL,59955
DO1005208322,MHUS2040,HACIENDA/6.75 BOEST 20400724 GTIA,18000,USD,18,4.5071,123.040722,07/08/2026,01:02:56 PM,CONTADO,PRIMERA PARTE,ROTC,11/08/2026,CONFIRMADA,3267882,0,24/07/2020,24/07/2040,0,MINISTERIO DE HACIENDA,HACIENDA,60522
DO1005208322,MHUS2040,HACIENDA/6.75 BOEST 20400724 GTIA,45000,USD,45,4.6046,121.903267,07/08/2026,01:02:39 PM,CONTADO,PRIMERA PARTE,ROTC,11/08/2026,CONFIRMADA,3267869,0,24/07/2020,24/07/2040,0,MINISTERIO DE HACIENDA,HACIENDA,60620
DO1002223928,NO120227,BCENTRAL/8 BOEST 20270212 GTIA,140000,DOP,14,9.5,99.262193,07/08/2026,01:02:14 PM,CONTADO,PRIMERA PARTE,ROTC,07/08/2026,CONFIRMADA,3269011,0,12/02/2022,12/02/2027,0,BANCO CENTRAL DE LA REPUBLICA DOMINICANA,BCENTRAL,58282
DO1005208322,MHUS2040,HACIENDA/6.75 BOEST 20400724 GTIA,36000,USD,36,4.7729,119.967528,07/08/2026,01:01:29 PM,CONTADO,PRIMERA PARTE,ROTC,12/08/2026,CONFIRMADA,3267866,0,24/07/2020,24/07/2040,0,MINISTERIO DE HACIENDA,HACIENDA,60795
DO1002261928,LE090427,BCENTRAL/ LT 20270409 GTIA,70000,DOP,7,17.2913,89.663957,07/08/2026,01:00:42 PM,CONTADO,PRIMERA PARTE,ROTC,12/08/2026,CONFIRMADA,3267863,0,09/04/2026,09/04/2027,0,BANCO CENTRAL DE LA REPUBLICA DOMINICANA,BCENTRAL,57197
DO1002261928,LE090427,BCENTRAL/ LT 20270409 GTIA,410000,DOP,41,10.5089,93.427302,07/08/2026,01:00:19 PM,CONTADO,PRIMERA PARTE,ROTC,11/08/2026,CONFIRMADA,3267860,0,09/04/2026,09/04/2027,0,BANCO CENTRAL DE LA REPUBLICA DOMINICANA,BCENTRAL,57701
DO1005208322,MHUS2040,HACIENDA/6.75 BOEST 20400724 GTIA,5000,USD,5,4.638,121.5166,07/08/2026,12:59:55 PM,CONTADO,PRIMERA PARTE,ROTC,11/08/2026,CONFIRMADA,3267891,0,24/07/2020,24/07/2040,0,MINISTERIO DE HACIENDA,HACIENDA,58912
DO1002261928,LE090427,BCENTRAL/ LT 20270409 GTIA,60000,DOP,6,10.8907,93.231,07/08/2026,12:59:27 PM,CONTADO,PRIMERA PARTE,ROTC,12/08/2026,CONFIRMADA,3267894,0,09/04/2026,09/04/2027,0,BANCO CENTRAL DE LA REPUBLICA DOMINICANA,BCENTRAL,56077
DO1002261928,LE090427,BCENTRAL/ LT 20270409 GTIA,560000,DOP,56,8.859,94.423338,07/08/2026,12:58:58 PM,CONTADO,PRIMERA PARTE,ROTC,12/08/2026,CONFIRMADA,3267897,0,09/04/2026,09/04/2027,0,BANCO CENTRAL DE LA REPUBLICA DOMINICANA,BCENTRAL,57337
DO1002261928,LE090427,BCENTRAL/ LT 20270409 GTIA,870000,DOP,87,9.3036,94.159813,07/08/2026,12:58:36 PM,CONTADO,PRIMERA PARTE,ROTC,12/08/2026,CONFIRMADA,3267911,0,09/04/2026,09/04/2027,0,BANCO CENTRAL DE LA REPUBLICA DOMINICANA,BCENTRAL,57666
DO1002261928,LE090427,BCENTRAL/ LT 20270409 GTIA,220000,DOP,22,11.6279,92.805741,07/08/2026,12:58:14 PM,CONTADO,PRIMERA PARTE,ROTC,12/08/2026,CONFIRMADA,3267873,0,09/04/2026,09/04/2027,0,BANCO CENTRAL DE LA REPUBLICA DOMINICANA,BCENTRAL,57827
DO1002261928,LE090427,BCENTRAL/ LT 20270409 GTIA,910000,DOP,91,8.6527,94.503159,07/08/2026,12:57:48 PM,CONTADO,PRIMERA PARTE,ROTC,10/08/2026,CONFIRMADA,3267948,0,09/04/2026,09/04/2027,0,BANCO CENTRAL DE LA REPUBLICA DOMINICANA,BCENTRAL,57617
DO1002261928,LE090427,BCENTRAL/ LT 20270409 GTIA,110000,DOP,11,3.2803,97.859936,07/08/2026,12:57:43 PM,CONTADO,PRIMERA PARTE,ROTC,12/08/2026,CONFIRMADA,3268751,0,09/04/2026,09/04/2027,0,BANCO CENTRAL DE LA REPUBLICA DOMINICANA,BCENTRAL,57540
DO1002261928,LE090427,BCENTRAL/ LT 20270409 GTIA,110000,DOP,11,0.7052,99.707045,07/08/2026,12:57:42 PM,PRESTAMO,SEGUNDA PARTE,ROTC,10/11/2026,CONFIRMADA,3268753,0,09/04/2026,09/04/2027,1.852536,BANCO CENTRAL DE LA REPUBLICA DOMINICANA,BCENTRAL,57988
DO1002261928,LE090427,BCENTRAL/ LT 20270409 GTIA,110000,DOP,11,3.2803,97.859936,07/08/2026,12:57:42 PM,PRESTAMO,PRIMERA PARTE,ROTC,12/08/2026,CONFIRMADA,3268753,0,09/04/2026,09/04/2027,1.852536,BANCO CENTRAL DE LA REPUBLICA DOMINICANA,BCENTRAL,58226
DO1002261928,LE090427,BCENTRAL/ LT 20270409 GTIA,110000,DOP,11,0.7052,99.707045,07/08/2026,12:57:41 PM,PLAZO,PRIMERA PARTE,ROTC,10/11/2026,CONFIRMADA,3268755,0,09/04/2026,09/04/2027,0,BANCO CENTRAL DE LA REPUBLICA DOMINICANA,BCENTRAL,56441
DO1002261928,LE090427,BCENTRAL/ LT 20270409 GTIA,4900000,DOP,490,9.1449,94.208641,07/08/2026,12:57:40 PM,CONTADO,PRIMERA PARTE,ROTC,10/08/2026,CONFIRMADA,3268925,0,09/04/2026,09/04/2027,0,BANCO CENTRAL DE LA REPUBLICA DOMINICANA,BCENTRAL,58254
DO1002261928,LE090427,BCENTRAL/ LT 20270409 GTIA,4900000,DOP,490,35.3185,94.440827,07/08/2026,12:57:39 PM,PRESTAMO,SEGUNDA PARTE,ROTC,08/02/2027,CONFIRMADA,3268926,0,09/04/2026,09/04/2027,0.245852,BANCO CENTRAL DE LA REPUBLICA DOMINICANA,BCENTRAL,59304
DO1002261928,LE090427,BCENTRAL/ LT 20270409 GTIA,4900000,DOP,490,9.1449,94.208641,07/08/2026,12:57:39 PM,PRESTAMO,PRIMERA PARTE,ROTC,10/08/2026,CONFIRMADA,3268926,0,09/04/2026,09/04/2027,0.245852,BANCO CENTRAL DE LA REPUBLICA DOMINICANA,BCENTRAL,59003
DO1002261928,LE090427,BCENTRAL/ LT 20270409 GTIA,4900000,DOP,490,35.3185,94.440827,07/08/2026,12:57:38 PM,PLAZO,PRIMERA PARTE,ROTC,08/02/2027,CONFIRMADA,3268927,0,09/04/2026,09/04/2027,0,BANCO CENTRAL DE LA REPUBLICA DOMINICANA,BCENTRAL,57757
DO1002261928,LE090427,BCENTRAL/ LT 20270409 GTIA,160000,DOP,16,5.525,96.418956,07/08/2026,12:57:37 PM,CONTADO,PRIMERA PARTE,ROTC,10/08/2026,CONFIRMADA,3268934,0,09/04/2026,09/04/2027,0,BANCO CENTRAL DE LA REPUBLICA DOMINICANA,BCENTRAL,57232
DO1002261928,LE090427,BCENTRAL/ LT 20270409 GTIA,160000,DOP,16,0,97.146119,07/08/2026,12:57:36 PM,PRESTAMO,SEGUNDA PARTE,ROTC,09/09/2026,CONFIRMADA,3268935,0,09/04/2026,09/04/2027,0.748525,BANCO CENTRAL DE LA REPUBLICA DOMINICANA,BCENTRAL,56399
DO1002261928,LE090427,BCENTRAL/ LT 20270409 GTIA,160000,DOP,16,5.525,96.418956,07/08/2026,12:57:36 PM,PRESTAMO,PRIMERA PARTE,ROTC,10/08/2026,CONFIRMADA,3268935,0,09/04/2026,09/04/2027,0.748525,BANCO CENTRAL DE LA REPUBLICA DOMINICANA,BCENTRAL,57918
DO1002261928,LE090427,BCENTRAL/ LT 20270409 GTIA,160000,DOP,16,0,97.146119,07/08/2026,12:57:35 PM,PLAZO,PRIMERA PARTE,ROTC,09/09/2026,CONFIRMADA,3268936,0,09/04/2026,09/04/2027,0,BANCO CENTRAL DE LA REPUBLICA DOMINICANA,BCENTRAL,54852
DO1005207118,MHUS2026,HACIENDA/6.65 BOEST 20261227 GTIA,4000,USD,4,-5.5686,104.77275,07/08/2026,12:57:35 PM,CONTADO,PRIMERA PARTE,ROTC,10/08/2026,CONFIRMADA,3268937,0,27/12/2019,27/12/2026,0,MINISTERIO DE HACIENDA,HACIENDA,60046
DO1005207118,MHUS2026,HACIENDA/6.65 BOEST 20261227 GTIA,4000,USD,4,-12.744,104.41875,07/08/2026,12:57:33 PM,PRESTAMO,SEGUNDA PARTE,ROTC,09/10/2026,CONFIRMADA,3268938,0,27/12/2019,27/12/2026,1.449252,MINISTERIO DE HACIENDA,HACIENDA,60564
DO1005207118,MHUS2026,HACIENDA/6.65 BOEST 20261227 GTIA,4000,USD,4,-5.5686,104.77275,07/08/2026,12:57:33 PM,PRESTAMO,PRIMERA PARTE,ROTC,10/08/2026,CONFIRMADA,3268938,0,27/12/2019,27/12/2026,1.449252,MINISTERIO DE HACIENDA,HACIENDA,60725
DO1005207118,MHUS2026,HACIENDA/6.65 BOEST 20261227 GTIA,4000,USD,4,-12.744,104.41875,07/08/2026,12:57:33 PM,PLAZO,PRIMERA PARTE,ROTC,09/10/2026,CONFIRMADA,3268939,0,27/12/2019,27/12/2026,0,MINISTERIO DE HACIENDA,HACIENDA,59024
DO1005208322,MHUS2040,HACIENDA/6.75 BOEST 20400724 GTIA,17000,USD,17,4.8118,119.532,07/08/2026,12:57:32 PM,CONTADO,PRIMERA PARTE,ROTC,10/08/2026,CONFIRMADA,3268940,0,24/07/2020,24/07/2040,0,MINISTERIO DE HACIENDA,HACIENDA,59570
DO1005208322,MHUS2040,HACIENDA/6.75 BOEST 20400724 GTIA,17000,USD,17,4.8195,119.116941,07/08/2026,12:57:31 PM,PRESTAMO,SEGUNDA PARTE,ROTC,08/12/2026,CONFIRMADA,3268941,0,24/07/2020,24/07/2040,1.724476,MINISTERIO DE HACIENDA,HACIENDA,61334
DO1005208322,MHUS2040,HACIENDA/6.75 BOEST 20400724 GTIA,17000,USD,17,4.8118,119.532,07/08/2026,12:57:31 PM,PRESTAMO,PRIMERA PARTE,ROTC,10/08/2026,CONFIRMADA,3268941,0,24/07/2020,24/07/2040,1.724476,MINISTERIO DE HACIENDA,HACIENDA,60256
DO1005208322,MHUS2040,HACIENDA/6.75 BOEST 20400724 GTIA,17000,USD,17,4.8195,119.116941,07/08/2026,12:57:30 PM,PLAZO,PRIMERA PARTE,ROTC,08/12/2026,CONFIRMADA,3268942,0,24/07/2020,24/07/2040,0,MINISTERIO DE HACIENDA,HACIENDA,59787
DO1002261928,LE090427,BCENTRAL/ LT 20270409 GTIA,140000,DOP,14,5.3752,96.5127,07/08/2026,12:57:29 PM,CONTADO,PRIMERA PARTE,ROTC,10/08/2026,CONFIRMADA,3268943,0,09/04/2026,09/04/2027,0,BANCO CENTRAL DE LA REPUBLICA DOMINICANA,BCENTRAL,56784
DO1002261928,LE090427,BCENTRAL/ LT 20270409 GTIA,140000,DOP,14,4.8188,97.240564,07/08/2026,12:57:28 PM,PRESTAMO,SEGUNDA PARTE,ROTC,09/09/2026,CONFIRMADA,3268944,0,09/04/2026,09/04/2027,0.748519,BANCO CENTRAL DE LA REPUBLICA DOMINICANA,BCENTRAL,58240
DO1002261928,LE090427,BCENTRAL/ LT 20270409 GTIA,140000,DOP,14,5.3752,96.5127,07/08/2026,12:57:28 PM,PRESTAMO,PRIMERA PARTE,ROTC,10/08/2026,CONFIRMADA,3268944,0,09/04/2026,09/04/2027,0.748519,BANCO CENTRAL DE LA REPUBLICA DOMINICANA,BCENTRAL,57470
DO1002261928,LE090427,BCENTRAL/ LT 20270409 GTIA,140000,DOP,14,4.8188,97.240564,07/08/2026,12:57:27 PM,PLAZO,PRIMERA PARTE,ROTC,09/09/2026,CONFIRMADA,3268945,0,09/04/2026,09/04/2027,0,BANCO CENTRAL DE LA REPUBLICA DOMINICANA,BCENTRAL,56693
DO1005207118,MHUS2026,HACIENDA/6.65 BOEST 20261227 GTIA,8000,USD,8,8.2773,99.406,07/08/2026,12:57:12 PM,CONTADO,PRIMERA PARTE,ROTC,12/08/2026,CONFIRMADA,3267917,0,27/12/2019,27/12/2026,0,MINISTERIO DE HACIENDA,HACIENDA,58702
DO1005208322,MHUS2040,HACIENDA/6.75 BOEST 20400724 GTIA,83000,USD,83,4.63266668,121.40238,07/08/2026,12:56:49 PM,PRESTAMO,SEGUNDA PARTE,ROTC,06/10/2026,CONFIRMADA,3268997,0,24/07/2020,24/07/2040,4.88,MINISTERIO DE HACIENDA,HACIENDA,62468
DO1005208322,MHUS2040,HACIENDA/6.75 BOEST 20400724 GTIA,83000,USD,83,4.63892891,121.518298,07/08/2026,12:56:49 PM,PRESTAMO,PRIMERA PARTE,ROTC,07/08/2026,CONFIRMADA,3268997,0,24/07/2020,24/07/2040,4.88,MINISTERIO DE HACIENDA,HACIENDA,63056
DO1005208322,MHUS2040,HACIENDA/6.75 BOEST 20400724 GTIA,83000,USD,83,4.63266668,121.40238,07/08/2026,12:56:48 PM,ESTRUCTURADA,SEGUNDA PARTE,ROTC,06/10/2026,CONFIRMADA,3268982,0,24/07/2020,24/07/2040,4.88,MINISTERIO DE HACIENDA,HACIENDA,64561
DO1005208322,MHUS2040,HACIENDA/6.75 BOEST 20400724 GTIA,83000,USD,83,4.63892891,121.518298,07/08/2026,12:56:48 PM,ESTRUCTURADA,PRIMERA PARTE,ROTC,07/08/2026,CONFIRMADA,3268982,0,24/07/2020,24/07/2040,4.88,MINISTERIO DE HACIENDA,HACIENDA,65149
DO1002261423,NO301129,BCENTRAL/9.5 BOEST 20291130 GTIA,990000,DOP,99,9.80660609,99.190835,07/08/2026,12:56:48 PM,PRESTAMO,SEGUNDA PARTE,ROTC,05/11/2026,CONFIRMADA,3268996,0,30/11/2025,30/11/2029,9.05,BANCO CENTRAL DE LA REPUBLICA DOMINICANA,BCENTRAL,62419
DO1002261423,NO301129,BCENTRAL/9.5 BOEST 20291130 GTIA,990000,DOP,99,9.76853184,99.228851,07/08/2026,12:56:48 PM,PRESTAMO,PRIMERA PARTE,ROTC,07/08/2026,CONFIRMADA,3268996,0,30/11/2025,30/11/2029,9.05,BANCO CENTRAL DE LA REPUBLICA DOMINICANA,BCENTRAL,62587
DO1002261423,NO301129,BCENTRAL/9.5 BOEST 20291130 GTIA,990000,DOP,99,9.80660609,99.190835,07/08/2026,12:56:47 PM,ESTRUCTURADA,SEGUNDA PARTE,ROTC,05/11/2026,CONFIRMADA,3268983,0,30/11/2025,30/11/2029,9.05,BANCO CENTRAL DE LA REPUBLICA DOMINICANA,BCENTRAL,64512
DO1002261423,NO301129,BCENTRAL/9.5 BOEST 20291130 GTIA,990000,DOP,99,9.76853184,99.228851,07/08/2026,12:56:47 PM,ESTRUCTURADA,PRIMERA PARTE,ROTC,07/08/2026,CONFIRMADA,3268983,0,30/11/2025,30/11/2029,9.05,BANCO CENTRAL DE LA REPUBLICA DOMINICANA,BCENTRAL,64680
DO1005204412,MH12029,HACIENDA/11.375 BOEST 20290706 GTIA,11100000,DOP,111,8.5460811,106.940698,07/08/2026,12:56:47 PM,PRESTAMO,SEGUNDA PARTE,ROTC,07/09/2026,CONFIRMADA,3268995,0,06/07/2014,06/07/2029,8.55,MINISTERIO DE HACIENDA,HACIENDA,63644
DO1005204412,MH12029,HACIENDA/11.375 BOEST 20290706 GTIA,11100000,DOP,111,8.55776765,107.110848,07/08/2026,12:56:47 PM,PRESTAMO,PRIMERA PARTE,ROTC,07/08/2026,CONFIRMADA,3268995,0,06/07/2014,06/07/2029,8.55,MINISTERIO DE HACIENDA,HACIENDA,64106
DO1005204412,MH12029,HACIENDA/11.375 BOEST 20290706 GTIA,11100000,DOP,111,8.5460811,106.940698,07/08/2026,12:56:46 PM,ESTRUCTURADA,SEGUNDA PARTE,ROTC,07/09/2026,CONFIRMADA,3268984,0,06/07/2014,06/07/2029,8.55,MINISTERIO DE HACIENDA,HACIENDA,65737
DO1005204412,MH12029,HACIENDA/11.375 BOEST 20290706 GTIA,11100000,DOP,111,8.55776765,107.110848,07/08/2026,12:56:46 PM,ESTRUCTURADA,PRIMERA PARTE,ROTC,07/08/2026,CONFIRMADA,3268984,0,06/07/2014,06/07/2029,8.55,MINISTERIO DE HACIENDA,HACIENDA,66199
DO1002261423,NO301129,BCENTRAL/9.5 BOEST 20291130 GTIA,430000,DOP,43,9.02253259,101.242815,07/08/2026,12:56:46 PM,PRESTAMO,SEGUNDA PARTE,ROTC,05/11/2026,CONFIRMADA,3268994,0,30/11/2025,30/11/2029,8.3,BANCO CENTRAL DE LA REPUBLICA DOMINICANA,BCENTRAL,62398
DO1002261423,NO301129,BCENTRAL/9.5 BOEST 20291130 GTIA,430000,DOP,43,8.98453863,101.424662,07/08/2026,12:56:46 PM,PRESTAMO,PRIMERA PARTE,ROTC,07/08/2026,CONFIRMADA,3268994,0,30/11/2025,30/11/2029,8.3,BANCO CENTRAL DE LA REPUBLICA DOMINICANA,BCENTRAL,62650
DO1002261423,NO301129,BCENTRAL/9.5 BOEST 20291130 GTIA,430000,DOP,43,9.02253259,101.242815,07/08/2026,12:56:44 PM,ESTRUCTURADA,SEGUNDA PARTE,ROTC,05/11/2026,CONFIRMADA,3268986,0,30/11/2025,30/11/2029,8.3,BANCO CENTRAL DE LA REPUBLICA DOMINICANA,BCENTRAL,64484
DO1002261423,NO301129,BCENTRAL/9.5 BOEST 20291130 GTIA,430000,DOP,43,8.98453863,101.424662,07/08/2026,12:56:44 PM,ESTRUCTURADA,PRIMERA PARTE,ROTC,07/08/2026,CONFIRMADA,3268986,0,30/11/2025,30/11/2029,8.3,BANCO CENTRAL DE LA REPUBLICA DOMINICANA,BCENTRAL,64736
DO1005208322,MHUS2040,HACIENDA/6.75 BOEST 20400724 GTIA,237000,USD,237,4.60491798,121.720914,07/08/2026,12:56:44 PM,PRESTAMO,SEGUNDA PARTE,ROTC,06/10/2026,CONFIRMADA,3268993,0,24/07/2020,24/07/2040,5.56,MINISTERIO DE HACIENDA,HACIENDA,63504
DO1005208322,MHUS2040,HACIENDA/6.75 BOEST 20400724 GTIA,237000,USD,237,4.62347017,121.697178,07/08/2026,12:56:44 PM,PRESTAMO,PRIMERA PARTE,ROTC,07/08/2026,CONFIRMADA,3268993,0,24/07/2020,24/07/2040,5.56,MINISTERIO DE HACIENDA,HACIENDA,63630
DO1005208322,MHUS2040,HACIENDA/6.75 BOEST 20400724 GTIA,237000,USD,237,4.60491798,121.720914,07/08/2026,12:56:43 PM,ESTRUCTURADA,SEGUNDA PARTE,ROTC,06/10/2026,CONFIRMADA,3268981,0,24/07/2020,24/07/2040,5.56,MINISTERIO DE HACIENDA,HACIENDA,65597
DO1005208322,MHUS2040,HACIENDA/6.75 BOEST 20400724 GTIA,237000,USD,237,4.62347017,121.697178,07/08/2026,12:56:43 PM,ESTRUCTURADA,PRIMERA PARTE,ROTC,07/08/2026,CONFIRMADA,3268981,0,24/07/2020,24/07/2040,5.56,MINISTERIO DE HACIENDA,HACIENDA,65723
DO1002261928,LE090427,BCENTRAL/ LT 20270409 GTIA,50000,DOP,5,4.7457,96.90844,07/08/2026,12:56:13 PM,CONTADO,PRIMERA PARTE,ROTC,10/08/2026,CONFIRMADA,3267963,0,09/04/2026,09/04/2027,0,BANCO CENTRAL DE LA REPUBLICA DOMINICANA,BCENTRAL,56497
DO1002261928,LE090427,BCENTRAL/ LT 20270409 GTIA,530000,DOP,53,8.7894,94.421185,07/08/2026,12:55:44 PM,CONTADO,PRIMERA PARTE,ROTC,10/08/2026,CONFIRMADA,3267951,0,09/04/2026,09/04/2027,0,BANCO CENTRAL DE LA REPUBLICA DOMINICANA,BCENTRAL,57589
DO1002261928,LE090427,BCENTRAL/ LT 20270409 GTIA,4240000,DOP,424,8.9415,94.330114,07/08/2026,12:55:16 PM,CONTADO,PRIMERA PARTE,ROTC,10/08/2026,CONFIRMADA,3267972,0,09/04/2026,09/04/2027,0,BANCO CENTRAL DE LA REPUBLICA DOMINICANA,BCENTRAL,58156
DO1002261928,LE090427,BCENTRAL/ LT 20270409 GTIA,490000,DOP,49,0,95.985535,07/08/2026,12:55:05 PM,PLAZO,PRIMERA PARTE,ROTC,10/11/2026,CONFIRMADA,3268948,0,09/04/2026,09/04/2027,0,BANCO CENTRAL DE LA REPUBLICA DOMINICANA,BCENTRAL,54873
DO1002261928,LE090427,BCENTRAL/ LT 20270409 GTIA,490000,DOP,49,0,95.985535,07/08/2026,12:55:04 PM,PRESTAMO,SEGUNDA PARTE,ROTC,10/11/2026,CONFIRMADA,3268947,0,09/04/2026,09/04/2027,2.34587,BANCO CENTRAL DE LA REPUBLICA DOMINICANA,BCENTRAL,56406
DO1002261928,LE090427,BCENTRAL/ LT 20270409 GTIA,490000,DOP,49,9.9447,93.733839,07/08/2026,12:55:04 PM,PRESTAMO,PRIMERA PARTE,ROTC,10/08/2026,CONFIRMADA,3268947,0,09/04/2026,09/04/2027,2.34587,BANCO CENTRAL DE LA REPUBLICA DOMINICANA,BCENTRAL,58380
DO1002261928,LE090427,BCENTRAL/ LT 20270409 GTIA,490000,DOP,49,9.9447,93.733839,07/08/2026,12:55:03 PM,CONTADO,PRIMERA PARTE,ROTC,10/08/2026,CONFIRMADA,3268946,0,09/04/2026,09/04/2027,0,BANCO CENTRAL DE LA REPUBLICA DOMINICANA,BCENTRAL,57680
DO1002261928,LE090427,BCENTRAL/ LT 20270409 GTIA,9090000,DOP,909,9.0804,94.247101,07/08/2026,12:54:55 PM,CONTADO,PRIMERA PARTE,ROTC,10/08/2026,CONFIRMADA,3267975,0,09/04/2026,09/04/2027,0,BANCO CENTRAL DE LA REPUBLICA DOMINICANA,BCENTRAL,58261
DO1002261928,LE090427,BCENTRAL/ LT 20270409 GTIA,610000,DOP,61,7.2868,97.053298,07/08/2026,12:54:40 PM,PLAZO,PRIMERA PARTE,ROTC,10/11/2026,CONFIRMADA,3268951,0,09/04/2026,09/04/2027,0,BANCO CENTRAL DE LA REPUBLICA DOMINICANA,BCENTRAL,56616
DO1002261928,LE090427,BCENTRAL/ LT 20270409 GTIA,610000,DOP,61,7.2868,97.053298,07/08/2026,12:54:39 PM,PRESTAMO,SEGUNDA PARTE,ROTC,10/11/2026,CONFIRMADA,3268950,0,09/04/2026,09/04/2027,2.345868,BANCO CENTRAL DE LA REPUBLICA DOMINICANA,BCENTRAL,58212
DO1002261928,LE090427,BCENTRAL/ LT 20270409 GTIA,610000,DOP,61,8.1987,94.776556,07/08/2026,12:54:39 PM,PRESTAMO,PRIMERA PARTE,ROTC,10/08/2026,CONFIRMADA,3268950,0,09/04/2026,09/04/2027,2.345868,BANCO CENTRAL DE LA REPUBLICA DOMINICANA,BCENTRAL,58373
DO1002261928,LE090427,BCENTRAL/ LT 20270409 GTIA,610000,DOP,61,8.1987,94.776556,07/08/2026,12:54:38 PM,CONTADO,PRIMERA PARTE,ROTC,10/08/2026,CONFIRMADA,3268949,0,09/04/2026,09/04/2027,0,BANCO CENTRAL DE LA REPUBLICA DOMINICANA,BCENTRAL,57673
DO1005207118,MHUS2026,HACIENDA/6.65 BOEST 20261227 GTIA,10000,USD,10,-1.9624,103.3093,07/08/2026,12:54:32 PM,CONTADO,PRIMERA PARTE,ROTC,10/08/2026,CONFIRMADA,3267983,0,27/12/2019,27/12/2026,0,MINISTERIO DE HACIENDA,HACIENDA,60144
DO1002261928,LE090427,BCENTRAL/ LT 20270409 GTIA,140000,DOP,14,11.4471,92.8548,07/08/2026,12:53:45 PM,CONTADO,PRIMERA PARTE,ROTC,10/08/2026,CONFIRMADA,3268279,0,09/04/2026,09/04/2027,0,BANCO CENTRAL DE LA REPUBLICA DOMINICANA,BCENTRAL,57092
DO1002261928,LE090427,BCENTRAL/ LT 20270409 GTIA,4280000,DOP,428,10.2149,93.599378,07/08/2026,12:53:21 PM,CONTADO,PRIMERA PARTE,ROTC,11/08/2026,CONFIRMADA,3268285,0,09/04/2026,09/04/2027,0,BANCO CENTRAL DE LA REPUBLICA DOMINICANA,BCENTRAL,58639
DO1005208322,MHUS2040,HACIENDA/6.75 BOEST 20400724 GTIA,20000,USD,20,4.7234,120.53445,07/08/2026,12:52:54 PM,CONTADO,PRIMERA PARTE,ROTC,11/08/2026,CONFIRMADA,3268288,0,24/07/2020,24/07/2040,0,MINISTERIO DE HACIENDA,HACIENDA,60165
DO1002261928,LE090427,BCENTRAL/ LT 20270409 GTIA,20000,DOP,2,4.9629,96.79735,07/08/2026,12:52:35 PM,CONTADO,PRIMERA PARTE,ROTC,12/08/2026,CONFIRMADA,3268314,0,09/04/2026,09/04/2027,0,BANCO CENTRAL DE LA REPUBLICA DOMINICANA,BCENTRAL,56532
DO1002261928,LE090427,BCENTRAL/ LT 20270409 GTIA,40000,DOP,4,-2.8743,101.95365,07/08/2026,12:52:11 PM,CONTADO,PRIMERA PARTE,ROTC,12/08/2026,CONFIRMADA,3268317,0,09/04/2026,09/04/2027,0,BANCO CENTRAL DE LA REPUBLICA DOMINICANA,BCENTRAL,57015
DO1005207118,MHUS2026,HACIENDA/6.65 BOEST 20261227 GTIA,167000,USD,167,-0.0729,102.542665,07/08/2026,12:51:51 PM,CONTADO,PRIMERA PARTE,ROTC,11/08/2026,CONFIRMADA,3268321,0,27/12/2019,27/12/2026,0,MINISTERIO DE HACIENDA,HACIENDA,61719
DO1005208322,MHUS2040,HACIENDA/6.75 BOEST 20400724 GTIA,29000,USD,29,4.5639,122.376103,07/08/2026,12:51:30 PM,CONTADO,PRIMERA PARTE,ROTC,11/08/2026,CONFIRMADA,3268328,0,24/07/2020,24/07/2040,0,MINISTERIO DE HACIENDA,HACIENDA,60634
DO1005207118,MHUS2026,HACIENDA/6.65 BOEST 20261227 GTIA,40000,USD,40,-1.6882,103.1769,07/08/2026,12:51:10 PM,CONTADO,PRIMERA PARTE,ROTC,11/08/2026,CONFIRMADA,3268324,0,27/12/2019,27/12/2026,0,MINISTERIO DE HACIENDA,HACIENDA,60221
DO1002261928,LE090427,BCENTRAL/ LT 20270409 GTIA,50000,DOP,5,23.1584,86.57764,07/08/2026,12:50:46 PM,CONTADO,PRIMERA PARTE,ROTC,11/08/2026,CONFIRMADA,3267945,0,09/04/2026,09/04/2027,0,BANCO CENTRAL DE LA REPUBLICA DOMINICANA,BCENTRAL,56833
DO2016300124,BC1GUL01,GULFSTREAM/11.25 BO 20290528,103202,DOP,103202,11.36585685,99.727816,07/08/2026,12:50:34 PM,PRESTAMO,SEGUNDA PARTE,ROTC,07/09/2026,CONFIRMADA,3268980,0,28/05/2019,28/05/2029,7.85,GULFSTREAM PETROLEUM DOMINICANA S DE RL,GULFSTREAM,62349
DO2016300124,BC1GUL01,GULFSTREAM/11.25 BO 20290528,103202,DOP,103202,11.2500479,99.99258,07/08/2026,12:50:34 PM,PRESTAMO,PRIMERA PARTE,ROTC,07/08/2026,CONFIRMADA,3268980,0,28/05/2019,28/05/2029,7.85,GULFSTREAM PETROLEUM DOMINICANA S DE RL,GULFSTREAM,61614
DO2016300124,BC1GUL01,GULFSTREAM/11.25 BO 20290528,103202,DOP,103202,11.36585685,99.727816,07/08/2026,12:50:33 PM,ESTRUCTURADA,SEGUNDA PARTE,ROTC,07/09/2026,CONFIRMADA,3268969,0,28/05/2019,28/05/2029,7.85,GULFSTREAM PETROLEUM DOMINICANA S DE RL,GULFSTREAM,64442
DO2016300124,BC1GUL01,GULFSTREAM/11.25 BO 20290528,103202,DOP,103202,11.2500479,99.99258,07/08/2026,12:50:33 PM,ESTRUCTURADA,PRIMERA PARTE,ROTC,07/08/2026,CONFIRMADA,3268969,0,28/05/2019,28/05/2029,7.85,GULFSTREAM PETROLEUM DOMINICANA S DE RL,GULFSTREAM,63707
DO1002261423,NO301129,BCENTRAL/9.5 BOEST 20291130 GTIA,1640000,DOP,164,8.98020799,101.355087,07/08/2026,12:50:33 PM,PRESTAMO,SEGUNDA PARTE,ROTC,05/11/2026,CONFIRMADA,3268979,0,30/11/2025,30/11/2029,8.75,BANCO CENTRAL DE LA REPUBLICA DOMINICANA,BCENTRAL,63203
DO1002261423,NO301129,BCENTRAL/9.5 BOEST 20291130 GTIA,1640000,DOP,164,8.98586032,101.420909,07/08/2026,12:50:33 PM,PRESTAMO,PRIMERA PARTE,ROTC,07/08/2026,CONFIRMADA,3268979,0,30/11/2025,30/11/2029,8.75,BANCO CENTRAL DE LA REPUBLICA DOMINICANA,BCENTRAL,63273
DO1002261423,NO301129,BCENTRAL/9.5 BOEST 20291130 GTIA,1640000,DOP,164,8.98020799,101.355087,07/08/2026,12:50:32 PM,ESTRUCTURADA,SEGUNDA PARTE,ROTC,05/11/2026,CONFIRMADA,3268970,0,30/11/2025,30/11/2029,8.75,BANCO CENTRAL DE LA REPUBLICA DOMINICANA,BCENTRAL,65296
DO1002261423,NO301129,BCENTRAL/9.5 BOEST 20291130 GTIA,1640000,DOP,164,8.98586032,101.420909,07/08/2026,12:50:32 PM,ESTRUCTURADA,PRIMERA PARTE,ROTC,07/08/2026,CONFIRMADA,3268970,0,30/11/2025,30/11/2029,8.75,BANCO CENTRAL DE LA REPUBLICA DOMINICANA,BCENTRAL,65366
DO2016300124,BC1GUL01,GULFSTREAM/11.25 BO 20290528,88653,DOP,88653,11.36563844,99.72832,07/08/2026,12:50:32 PM,PRESTAMO,SEGUNDA PARTE,ROTC,07/09/2026,CONFIRMADA,3268978,0,28/05/2019,28/05/2029,7.85,GULFSTREAM PETROLEUM DOMINICANA S DE RL,GULFSTREAM,61523
DO2016300124,BC1GUL01,GULFSTREAM/11.25 BO 20290528,88653,DOP,88653,11.24983727,99.993082,07/08/2026,12:50:32 PM,PRESTAMO,PRIMERA PARTE,ROTC,07/08/2026,CONFIRMADA,3268978,0,28/05/2019,28/05/2029,7.85,GULFSTREAM PETROLEUM DOMINICANA S DE RL,GULFSTREAM,61999
DO2016300124,BC1GUL01,GULFSTREAM/11.25 BO 20290528,88653,DOP,88653,11.36563844,99.72832,07/08/2026,12:50:31 PM,ESTRUCTURADA,SEGUNDA PARTE,ROTC,07/09/2026,CONFIRMADA,3268971,0,28/05/2019,28/05/2029,7.85,GULFSTREAM PETROLEUM DOMINICANA S DE RL,GULFSTREAM,63616
DO2016300124,BC1GUL01,GULFSTREAM/11.25 BO 20290528,88653,DOP,88653,11.24983727,99.993082,07/08/2026,12:50:31 PM,ESTRUCTURADA,PRIMERA PARTE,ROTC,07/08/2026,CONFIRMADA,3268971,0,28/05/2019,28/05/2029,7.85,GULFSTREAM PETROLEUM DOMINICANA S DE RL,GULFSTREAM,64092
DO1005208322,MHUS2040,HACIENDA/6.75 BOEST 20400724 GTIA,34000,USD,34,4.59405447,121.653975,07/08/2026,12:50:30 PM,PRESTAMO,SEGUNDA PARTE,ROTC,07/12/2026,CONFIRMADA,3268977,0,24/07/2020,24/07/2040,5.05,MINISTERIO DE HACIENDA,HACIENDA,62748
DO1005208322,MHUS2040,HACIENDA/6.75 BOEST 20400724 GTIA,34000,USD,34,4.61329774,121.815074,07/08/2026,12:50:30 PM,PRESTAMO,PRIMERA PARTE,ROTC,07/08/2026,CONFIRMADA,3268977,0,24/07/2020,24/07/2040,5.05,MINISTERIO DE HACIENDA,HACIENDA,62783
DO1005208322,MHUS2040,HACIENDA/6.75 BOEST 20400724 GTIA,34000,USD,34,4.59405447,121.653975,07/08/2026,12:50:29 PM,ESTRUCTURADA,SEGUNDA PARTE,ROTC,07/12/2026,CONFIRMADA,3268974,0,24/07/2020,24/07/2040,5.05,MINISTERIO DE HACIENDA,HACIENDA,64904
DO1005208322,MHUS2040,HACIENDA/6.75 BOEST 20400724 GTIA,34000,USD,34,4.61329774,121.815074,07/08/2026,12:50:29 PM,ESTRUCTURADA,PRIMERA PARTE,ROTC,07/08/2026,CONFIRMADA,3268974,0,24/07/2020,24/07/2040,5.05,MINISTERIO DE HACIENDA,HACIENDA,64939
DO1005208322,MHUS2040,HACIENDA/6.75 BOEST 20400724 GTIA,658000,USD,658,4.63527949,121.282542,07/08/2026,12:50:29 PM,PRESTAMO,SEGUNDA PARTE,ROTC,05/11/2026,CONFIRMADA,3268976,0,24/07/2020,24/07/2040,5.25,MINISTERIO DE HACIENDA,HACIENDA,63588
DO1005208322,MHUS2040,HACIENDA/6.75 BOEST 20400724 GTIA,658000,USD,658,4.65464422,121.336797,07/08/2026,12:50:29 PM,PRESTAMO,PRIMERA PARTE,ROTC,07/08/2026,CONFIRMADA,3268976,0,24/07/2020,24/07/2040,5.25,MINISTERIO DE HACIENDA,HACIENDA,63707
DO1005208322,MHUS2040,HACIENDA/6.75 BOEST 20400724 GTIA,658000,USD,658,4.63527949,121.282542,07/08/2026,12:50:28 PM,ESTRUCTURADA,SEGUNDA PARTE,ROTC,05/11/2026,CONFIRMADA,3268973,0,24/07/2020,24/07/2040,5.25,MINISTERIO DE HACIENDA,HACIENDA,65681
DO1005208322,MHUS2040,HACIENDA/6.75 BOEST 20400724 GTIA,658000,USD,658,4.65464422,121.336797,07/08/2026,12:50:28 PM,ESTRUCTURADA,PRIMERA PARTE,ROTC,07/08/2026,CONFIRMADA,3268973,0,24/07/2020,24/07/2040,5.25,MINISTERIO DE HACIENDA,HACIENDA,65800
DO1005208322,MHUS2040,HACIENDA/6.75 BOEST 20400724 GTIA,33000,USD,33,4.6910137,120.902399,07/08/2026,12:50:28 PM,PRESTAMO,SEGUNDA PARTE,ROTC,12/08/2026,CONFIRMADA,3268975,0,24/07/2020,24/07/2040,1.65,MINISTERIO DE HACIENDA,HACIENDA,62349
DO1005208322,MHUS2040,HACIENDA/6.75 BOEST 20400724 GTIA,33000,USD,33,4.68663799,120.968371,07/08/2026,12:50:28 PM,PRESTAMO,PRIMERA PARTE,ROTC,07/08/2026,CONFIRMADA,3268975,0,24/07/2020,24/07/2040,1.65,MINISTERIO DE HACIENDA,HACIENDA,62979
DO1005208322,MHUS2040,HACIENDA/6.75 BOEST 20400724 GTIA,33000,USD,33,4.6910137,120.902399,07/08/2026,12:50:27 PM,ESTRUCTURADA,SEGUNDA PARTE,ROTC,12/08/2026,CONFIRMADA,3268972,0,24/07/2020,24/07/2040,1.65,MINISTERIO DE HACIENDA,HACIENDA,64442
DO1005208322,MHUS2040,HACIENDA/6.75 BOEST 20400724 GTIA,33000,USD,33,4.68663799,120.968371,07/08/2026,12:50:27 PM,ESTRUCTURADA,PRIMERA PARTE,ROTC,07/08/2026,CONFIRMADA,3268972,0,24/07/2020,24/07/2040,1.65,MINISTERIO DE HACIENDA,HACIENDA,65072
DO1002261928,LE090427,BCENTRAL/ LT 20270409 GTIA,5450000,DOP,545,8.9127,94.34733,07/08/2026,12:50:25 PM,CONTADO,PRIMERA PARTE,ROTC,10/08/2026,CONFIRMADA,3267980,0,09/04/2026,09/04/2027,0,BANCO CENTRAL DE LA REPUBLICA DOMINICANA,BCENTRAL,57897
DO1002261928,LE090427,BCENTRAL/ LT 20270409 GTIA,18640000,DOP,1864,10.2598,93.598039,07/08/2026,12:50:01 PM,CONTADO,PRIMERA PARTE,ROTC,12/08/2026,CONFIRMADA,3268311,0,09/04/2026,09/04/2027,0,BANCO CENTRAL DE LA REPUBLICA DOMINICANA,BCENTRAL,59360
DO1002261126,NO280929,BCENTRAL/9.5 BOEST 20290928 GTIA,680000,DOP,68,7.8538136099999996,104.292867,07/08/2026,12:47:33 PM,ESTRUCTURADA,SEGUNDA PARTE,ROTC,06/10/2026,CONFIRMADA,3268966,0,28/09/2025,28/09/2029,9.5,BANCO CENTRAL DE LA REPUBLICA DOMINICANA,BCENTRAL,64904
DO1002261126,NO280929,BCENTRAL/9.5 BOEST 20290928 GTIA,680000,DOP,68,9.69248511,99.466365,07/08/2026,12:47:33 PM,ESTRUCTURADA,PRIMERA PARTE,ROTC,07/08/2026,CONFIRMADA,3268966,0,28/09/2025,28/09/2029,9.5,BANCO CENTRAL DE LA REPUBLICA DOMINICANA,BCENTRAL,64771
DO1002261928,LE090427,BCENTRAL/ LT 20270409 GTIA,3270000,DOP,327,8.55,94.264272,07/08/2026,12:47:01 PM,PRESTAMO,SEGUNDA PARTE,ROTC,08/12/2026,CONFIRMADA,3268968,0,09/04/2026,09/04/2027,0.02,BANCO CENTRAL DE LA REPUBLICA DOMINICANA,BCENTRAL,58135
DO1002261928,LE090427,BCENTRAL/ LT 20270409 GTIA,3270000,DOP,327,8.55,94.264272,07/08/2026,12:47:01 PM,PRESTAMO,PRIMERA PARTE,ROTC,10/08/2026,CONFIRMADA,3268968,0,09/04/2026,09/04/2027,0.02,BANCO CENTRAL DE LA REPUBLICA DOMINICANA,BCENTRAL,58184
DO1002261928,LE090427,BCENTRAL/ LT 20270409 GTIA,3270000,DOP,327,9.300344,96.944519,07/08/2026,12:46:51 PM,PLAZO,PRIMERA PARTE,ROTC,08/12/2026,CONFIRMADA,3268967,0,09/04/2026,09/04/2027,0,BANCO CENTRAL DE LA REPUBLICA DOMINICANA,BCENTRAL,58079
DO1002261928,LE090427,BCENTRAL/ LT 20270409 GTIA,3270000,DOP,327,9.051667,94.264272,07/08/2026,12:46:40 PM,CONTADO,PRIMERA PARTE,ROTC,10/08/2026,CONFIRMADA,3268964,0,09/04/2026,09/04/2027,0,BANCO CENTRAL DE LA REPUBLICA DOMINICANA,BCENTRAL,58961
DO1002261928,LE090427,BCENTRAL/ LT 20270409 GTIA,20000,DOP,2,198.958,75.0978,07/08/2026,12:45:58 PM,PLAZO,PRIMERA PARTE,ROTC,08/02/2027,CONFIRMADA,3268474,0,09/04/2026,09/04/2027,0,BANCO CENTRAL DE LA REPUBLICA DOMINICANA,BCENTRAL,55671
DO1002261928,LE090427,BCENTRAL/ LT 20270409 GTIA,20000,DOP,2,198.958,75.0978,07/08/2026,12:45:57 PM,PRESTAMO,SEGUNDA PARTE,ROTC,08/02/2027,CONFIRMADA,3268473,0,09/04/2026,09/04/2027,4.625635,BANCO CENTRAL DE LA REPUBLICA DOMINICANA,BCENTRAL,57204
DO1002261928,LE090427,BCENTRAL/ LT 20270409 GTIA,20000,DOP,2,59.4269,71.62405,07/08/2026,12:45:57 PM,PRESTAMO,PRIMERA PARTE,ROTC,12/08/2026,CONFIRMADA,3268473,0,09/04/2026,09/04/2027,4.625635,BANCO CENTRAL DE LA REPUBLICA DOMINICANA,BCENTRAL,57491
DO1002261928,LE090427,BCENTRAL/ LT 20270409 GTIA,430000,DOP,43,9.4415,94.756386,07/08/2026,12:45:56 PM,PLAZO,PRIMERA PARTE,ROTC,10/09/2026,CONFIRMADA,3268471,0,09/04/2026,09/04/2027,0,BANCO CENTRAL DE LA REPUBLICA DOMINICANA,BCENTRAL,56693
USP3579ECH82,BSRD2032,"DOMINICAN, REP /4.875 BD 20320923",982000,USD,982,4.4166,102.384313,07/08/2026,12:45:56 PM,PRESTAMO,SEGUNDA PARTE,ROTC,01/10/2026,CONFIRMADA,3268963,0,23/09/2020,23/09/2032,4.24,MINISTERIO DE HACIENDA,HACIENDA,62272
USP3579ECH82,BSRD2032,"DOMINICAN, REP /4.875 BD 20320923",982000,USD,982,4.8704,100.01841,07/08/2026,12:45:56 PM,PRESTAMO,PRIMERA PARTE,ROTC,07/08/2026,CONFIRMADA,3268963,0,23/09/2020,23/09/2032,4.24,MINISTERIO DE HACIENDA,HACIENDA,62034
DO1002261928,LE090427,BCENTRAL/ LT 20270409 GTIA,430000,DOP,43,9.4415,94.756386,07/08/2026,12:45:55 PM,PRESTAMO,SEGUNDA PARTE,ROTC,10/09/2026,CONFIRMADA,3268469,0,09/04/2026,09/04/2027,0.748522,BANCO CENTRAL DE LA REPUBLICA DOMINICANA,BCENTRAL,58226
DO1002261928,LE090427,BCENTRAL/ LT 20270409 GTIA,430000,DOP,43,9.4551,94.047114,07/08/2026,12:45:55 PM,PRESTAMO,PRIMERA PARTE,ROTC,11/08/2026,CONFIRMADA,3268469,0,09/04/2026,09/04/2027,0.748522,BANCO CENTRAL DE LA REPUBLICA DOMINICANA,BCENTRAL,58170
USP3579ECH82,BSRD2032,"DOMINICAN, REP /4.875 BD 20320923",982000,USD,982,4.4166,102.384313,07/08/2026,12:45:55 PM,ESTRUCTURADA,SEGUNDA PARTE,ROTC,01/10/2026,CONFIRMADA,3268961,0,23/09/2020,23/09/2032,4.24,MINISTERIO DE HACIENDA,HACIENDA,64365
USP3579ECH82,BSRD2032,"DOMINICAN, REP /4.875 BD 20320923",982000,USD,982,4.8704,100.01841,07/08/2026,12:45:55 PM,ESTRUCTURADA,PRIMERA PARTE,ROTC,07/08/2026,CONFIRMADA,3268961,0,23/09/2020,23/09/2032,4.24,MINISTERIO DE HACIENDA,HACIENDA,64127
DO1002261928,LE090427,BCENTRAL/ LT 20270409 GTIA,30000,DOP,3,32.6434,86.035567,07/08/2026,12:45:54 PM,PLAZO,PRIMERA PARTE,ROTC,12/10/2026,CONFIRMADA,3268397,0,09/04/2026,09/04/2027,0,BANCO CENTRAL DE LA REPUBLICA DOMINICANA,BCENTRAL,56182
DO1002261928,LE090427,BCENTRAL/ LT 20270409 GTIA,30000,DOP,3,32.6434,86.035567,07/08/2026,12:45:53 PM,PRESTAMO,SEGUNDA PARTE,ROTC,12/10/2026,CONFIRMADA,3268396,0,09/04/2026,09/04/2027,1.551374,BANCO CENTRAL DE LA REPUBLICA DOMINICANA,BCENTRAL,57715
DO1002261928,LE090427,BCENTRAL/ LT 20270409 GTIA,30000,DOP,3,26.9815,84.700833,07/08/2026,12:45:53 PM,PRESTAMO,PRIMERA PARTE,ROTC,11/08/2026,CONFIRMADA,3268396,0,09/04/2026,09/04/2027,1.551374,BANCO CENTRAL DE LA REPUBLICA DOMINICANA,BCENTRAL,57834
DO1002261928,LE090427,BCENTRAL/ LT 20270409 GTIA,390000,DOP,39,11.0122,94.808718,07/08/2026,12:45:52 PM,PRESTAMO,SEGUNDA PARTE,ROTC,12/10/2026,CONFIRMADA,3268393,0,09/04/2026,09/04/2027,1.551386,BANCO CENTRAL DE LA REPUBLICA DOMINICANA,BCENTRAL,58436
DO1002261928,LE090427,BCENTRAL/ LT 20270409 GTIA,390000,DOP,39,10.6621,93.337869,07/08/2026,12:45:52 PM,PRESTAMO,PRIMERA PARTE,ROTC,11/08/2026,CONFIRMADA,3268393,0,09/04/2026,09/04/2027,1.551386,BANCO CENTRAL DE LA REPUBLICA DOMINICANA,BCENTRAL,58625
DO1002261928,LE090427,BCENTRAL/ LT 20270409 GTIA,390000,DOP,39,11.0122,94.808718,07/08/2026,12:45:52 PM,PLAZO,PRIMERA PARTE,ROTC,12/10/2026,CONFIRMADA,3268394,0,09/04/2026,09/04/2027,0,BANCO CENTRAL DE LA REPUBLICA DOMINICANA,BCENTRAL,56896
DO1002261928,LE090427,BCENTRAL/ LT 20270409 GTIA,2250000,DOP,225,11.5695,96.256921,07/08/2026,12:45:51 PM,PLAZO,PRIMERA PARTE,ROTC,09/12/2026,CONFIRMADA,3268386,0,09/04/2026,09/04/2027,0,BANCO CENTRAL DE LA REPUBLICA DOMINICANA,BCENTRAL,57680
DO1002261928,LE090427,BCENTRAL/ LT 20270409 GTIA,2250000,DOP,225,11.5695,96.256921,07/08/2026,12:45:50 PM,PRESTAMO,SEGUNDA PARTE,ROTC,09/12/2026,CONFIRMADA,3268385,0,09/04/2026,09/04/2027,3.069467,BANCO CENTRAL DE LA REPUBLICA DOMINICANA,BCENTRAL,59213
DO1002261928,LE090427,BCENTRAL/ LT 20270409 GTIA,2250000,DOP,225,10.723,93.302347,07/08/2026,12:45:50 PM,PRESTAMO,PRIMERA PARTE,ROTC,11/08/2026,CONFIRMADA,3268385,0,09/04/2026,09/04/2027,3.069467,BANCO CENTRAL DE LA REPUBLICA DOMINICANA,BCENTRAL,58765
DO1002261928,LE090427,BCENTRAL/ LT 20270409 GTIA,2860000,DOP,286,5.8449,99.035244,07/08/2026,12:45:49 PM,PLAZO,PRIMERA PARTE,ROTC,08/02/2027,CONFIRMADA,3268379,0,09/04/2026,09/04/2027,0,BANCO CENTRAL DE LA REPUBLICA DOMINICANA,BCENTRAL,57477
DO1002261928,LE090427,BCENTRAL/ LT 20270409 GTIA,2860000,DOP,286,5.8449,99.035244,07/08/2026,12:45:48 PM,PRESTAMO,SEGUNDA PARTE,ROTC,08/02/2027,CONFIRMADA,3268378,0,09/04/2026,09/04/2027,4.674649,BANCO CENTRAL DE LA REPUBLICA DOMINICANA,BCENTRAL,59010
DO1002261928,LE090427,BCENTRAL/ LT 20270409 GTIA,2860000,DOP,286,8.8153,94.405694,07/08/2026,12:45:48 PM,PRESTAMO,PRIMERA PARTE,ROTC,10/08/2026,CONFIRMADA,3268378,0,09/04/2026,09/04/2027,4.674649,BANCO CENTRAL DE LA REPUBLICA DOMINICANA,BCENTRAL,59059
DO1005208322,MHUS2040,HACIENDA/6.75 BOEST 20400724 GTIA,83000,USD,83,4.6327,121.487554,07/08/2026,12:45:47 PM,PLAZO,PRIMERA PARTE,ROTC,09/09/2026,CONFIRMADA,3268367,0,24/07/2020,24/07/2040,0,MINISTERIO DE HACIENDA,HACIENDA,59906
DO1005206516,MH32028,HACIENDA/10.75 BOEST 20280811 GTIA,300000,DOP,3,10.8282,99.86896,07/08/2026,12:45:47 PM,ESTRUCTURADA,SEGUNDA PARTE,ROTC,06/10/2026,CONFIRMADA,3268959,0,10/08/2018,11/08/2028,9.3,MINISTERIO DE HACIENDA,HACIENDA,62643
DO1005206516,MH32028,HACIENDA/10.75 BOEST 20280811 GTIA,300000,DOP,3,13.8511,94.755294,07/08/2026,12:45:47 PM,ESTRUCTURADA,PRIMERA PARTE,ROTC,07/08/2026,CONFIRMADA,3268959,0,10/08/2018,11/08/2028,9.3,MINISTERIO DE HACIENDA,HACIENDA,63014
DO1005208322,MHUS2040,HACIENDA/6.75 BOEST 20400724 GTIA,83000,USD,83,4.6327,121.487554,07/08/2026,12:45:46 PM,PRESTAMO,SEGUNDA PARTE,ROTC,09/09/2026,CONFIRMADA,3268366,0,24/07/2020,24/07/2040,0.598149,MINISTERIO DE HACIENDA,HACIENDA,61439
DO1005208322,MHUS2040,HACIENDA/6.75 BOEST 20400724 GTIA,83000,USD,83,4.6311,121.599578,07/08/2026,12:45:46 PM,PRESTAMO,PRIMERA PARTE,ROTC,10/08/2026,CONFIRMADA,3268366,0,24/07/2020,24/07/2040,0.598149,MINISTERIO DE HACIENDA,HACIENDA,61460
DO1005206516,MH32028,HACIENDA/10.75 BOEST 20280811 GTIA,300000,DOP,3,10.8282,99.86896,07/08/2026,12:45:46 PM,PRESTAMO,SEGUNDA PARTE,ROTC,06/10/2026,CONFIRMADA,3268960,0,10/08/2018,11/08/2028,6.688906,MINISTERIO DE HACIENDA,HACIENDA,60536
DO1005206516,MH32028,HACIENDA/10.75 BOEST 20280811 GTIA,300000,DOP,3,13.8511,94.755294,07/08/2026,12:45:46 PM,PRESTAMO,PRIMERA PARTE,ROTC,07/08/2026,CONFIRMADA,3268960,0,10/08/2018,11/08/2028,6.688906,MINISTERIO DE HACIENDA,HACIENDA,60907
DO1002261928,LE090427,BCENTRAL/ LT 20270409 GTIA,1630000,DOP,163,7.6548,98.740266,07/08/2026,12:45:45 PM,PLAZO,PRIMERA PARTE,ROTC,08/02/2027,CONFIRMADA,3268357,0,09/04/2026,09/04/2027,0,BANCO CENTRAL DE LA REPUBLICA DOMINICANA,BCENTRAL,57407
DO1002261928,LE090427,BCENTRAL/ LT 20270409 GTIA,1630000,DOP,163,7.6548,98.740266,07/08/2026,12:45:44 PM,PRESTAMO,SEGUNDA PARTE,ROTC,08/02/2027,CONFIRMADA,3268356,0,09/04/2026,09/04/2027,4.674649,BANCO CENTRAL DE LA REPUBLICA DOMINICANA,BCENTRAL,58940
DO1002261928,LE090427,BCENTRAL/ LT 20270409 GTIA,1630000,DOP,163,9.286,94.124506,07/08/2026,12:45:44 PM,PRESTAMO,PRIMERA PARTE,ROTC,10/08/2026,CONFIRMADA,3268356,0,09/04/2026,09/04/2027,4.674649,BANCO CENTRAL DE LA REPUBLICA DOMINICANA,BCENTRAL,58541
DO1005208124,INF2040,HACIENDA/10.875 BOEST 20400228 GTIA,25000000,DOP,250,9.49999714,110.3726,07/08/2026,12:45:26 PM,CONTADO,PRIMERA PARTE,ROTC,07/08/2026,CONFIRMADA,3268003,0,28/02/2020,28/02/2040,0,MINISTERIO DE HACIENDA,HACIENDA,62839
DO1002261928,LE090427,BCENTRAL/ LT 20270409 GTIA,2530000,DOP,253,9.361,94.125928,07/08/2026,12:45:09 PM,CONTADO,PRIMERA PARTE,ROTC,12/08/2026,CONFIRMADA,3268308,0,09/04/2026,09/04/2027,0,BANCO CENTRAL DE LA REPUBLICA DOMINICANA,BCENTRAL,57890
USP3579ECG00,BSRD2060,DOMINICAN REP/5.875 BD 20600130 U,66000,USD,66,6.99843315,85.55,07/08/2026,12:45:02 PM,CONTADO,PRIMERA PARTE,ROTC,07/08/2026,CONFIRMADA,3268004,0,30/01/2020,30/01/2060,0,MINISTERIO DE HACIENDA,HACIENDA,60900
DO1005206516,MH32028,HACIENDA/10.75 BOEST 20280811 GTIA,900000,DOP,9,4.1155,110.729132,07/08/2026,12:44:40 PM,PRESTAMO,SEGUNDA PARTE,ROTC,02/12/2026,CONFIRMADA,3268962,0,10/08/2018,11/08/2028,8.24,MINISTERIO DE HACIENDA,HACIENDA,60655
DO1005206516,MH32028,HACIENDA/10.75 BOEST 20280811 GTIA,900000,DOP,9,7.5664,105.868646,07/08/2026,12:44:40 PM,PRESTAMO,PRIMERA PARTE,ROTC,07/08/2026,CONFIRMADA,3268962,0,10/08/2018,11/08/2028,8.24,MINISTERIO DE HACIENDA,HACIENDA,60998
DO1005206516,MH32028,HACIENDA/10.75 BOEST 20280811 GTIA,900000,DOP,9,4.1155,110.729132,07/08/2026,12:44:39 PM,ESTRUCTURADA,SEGUNDA PARTE,ROTC,02/12/2026,CONFIRMADA,3268957,0,10/08/2018,11/08/2028,8.24,MINISTERIO DE HACIENDA,HACIENDA,62811
DO1005206516,MH32028,HACIENDA/10.75 BOEST 20280811 GTIA,900000,DOP,9,7.5664,105.868646,07/08/2026,12:44:39 PM,ESTRUCTURADA,PRIMERA PARTE,ROTC,07/08/2026,CONFIRMADA,3268957,0,10/08/2018,11/08/2028,8.24,MINISTERIO DE HACIENDA,HACIENDA,63154
DO2016300124,BC1GUL01,GULFSTREAM/11.25 BO 20290528,89489,DOP,89489,13.77401131,95.262691,19/03/2026,12:44:19 PM,ESTRUCTURADA,SEGUNDA PARTE,ROTC,07/08/2026,MODIFICADA,3017216,0,28/05/2019,28/05/2029,6.367644,GULFSTREAM PETROLEUM DOMINICANA S DE RL,GULFSTREAM,63882
DO1005208322,MHUS2040,HACIENDA/6.75 BOEST 20400724 GTIA,106000,USD,106,4.6348,121.185,07/08/2026,12:44:18 PM,PRESTAMO,SEGUNDA PARTE,ROTC,09/12/2026,CONFIRMADA,3267840,0,24/07/2020,24/07/2040,1.703121,MINISTERIO DE HACIENDA,HACIENDA,60879
DO1005208322,MHUS2040,HACIENDA/6.75 BOEST 20400724 GTIA,106000,USD,106,4.6299,121.609217,07/08/2026,12:44:18 PM,PRESTAMO,PRIMERA PARTE,ROTC,11/08/2026,CONFIRMADA,3267840,0,24/07/2020,24/07/2040,1.703121,MINISTERIO DE HACIENDA,HACIENDA,62048
DO1005208322,MHUS2040,HACIENDA/6.75 BOEST 20400724 GTIA,106000,USD,106,4.6348,121.185,07/08/2026,12:44:17 PM,PLAZO,PRIMERA PARTE,ROTC,09/12/2026,CONFIRMADA,3267841,0,24/07/2020,24/07/2040,0,MINISTERIO DE HACIENDA,HACIENDA,59332
DO1005207118,MHUS2026,HACIENDA/6.65 BOEST 20261227 GTIA,1000,USD,1,-100,113.041,07/08/2026,12:44:17 PM,PRESTAMO,SEGUNDA PARTE,ROTC,10/12/2026,CONFIRMADA,3267843,0,27/12/2019,27/12/2026,2.135011,MINISTERIO DE HACIENDA,HACIENDA,58541
DO1005207118,MHUS2026,HACIENDA/6.65 BOEST 20261227 GTIA,1000,USD,1,-25.463,113.587,07/08/2026,12:44:17 PM,PRESTAMO,PRIMERA PARTE,ROTC,12/08/2026,CONFIRMADA,3267843,0,27/12/2019,27/12/2026,2.135011,MINISTERIO DE HACIENDA,HACIENDA,59885
DO1005207118,MHUS2026,HACIENDA/6.65 BOEST 20261227 GTIA,1000,USD,1,-100,113.041,07/08/2026,12:44:16 PM,PLAZO,PRIMERA PARTE,ROTC,10/12/2026,CONFIRMADA,3267844,0,27/12/2019,27/12/2026,0,MINISTERIO DE HACIENDA,HACIENDA,56994
DO1002261928,LE090427,BCENTRAL/ LT 20270409 GTIA,630000,DOP,63,8.868,95.776849,07/08/2026,12:44:15 PM,PRESTAMO,SEGUNDA PARTE,ROTC,12/10/2026,CONFIRMADA,3267846,0,09/04/2026,09/04/2027,1.526747,BANCO CENTRAL DE LA REPUBLICA DOMINICANA,BCENTRAL,57939
DO1002261928,LE090427,BCENTRAL/ LT 20270409 GTIA,630000,DOP,63,9.0422,94.314579,07/08/2026,12:44:15 PM,PRESTAMO,PRIMERA PARTE,ROTC,12/08/2026,CONFIRMADA,3267846,0,09/04/2026,09/04/2027,1.526747,BANCO CENTRAL DE LA REPUBLICA DOMINICANA,BCENTRAL,58205
DO1002261928,LE090427,BCENTRAL/ LT 20270409 GTIA,630000,DOP,63,8.868,95.776849,07/08/2026,12:44:14 PM,PLAZO,PRIMERA PARTE,ROTC,12/10/2026,CONFIRMADA,3267847,0,09/04/2026,09/04/2027,0,BANCO CENTRAL DE LA REPUBLICA DOMINICANA,BCENTRAL,56392
DO1002261928,LE090427,BCENTRAL/ LT 20270409 GTIA,1230000,DOP,123,8.7745,95.81953,07/08/2026,12:44:13 PM,PRESTAMO,SEGUNDA PARTE,ROTC,12/10/2026,CONFIRMADA,3267849,0,09/04/2026,09/04/2027,1.551386,BANCO CENTRAL DE LA REPUBLICA DOMINICANA,BCENTRAL,58457
DO1002261928,LE090427,BCENTRAL/ LT 20270409 GTIA,1230000,DOP,123,8.9738,94.332999,07/08/2026,12:44:13 PM,PRESTAMO,PRIMERA PARTE,ROTC,11/08/2026,CONFIRMADA,3267849,0,09/04/2026,09/04/2027,1.551386,BANCO CENTRAL DE LA REPUBLICA DOMINICANA,BCENTRAL,58982
DO1002261928,LE090427,BCENTRAL/ LT 20270409 GTIA,1230000,DOP,123,8.7745,95.81953,07/08/2026,12:44:12 PM,PLAZO,PRIMERA PARTE,ROTC,12/10/2026,CONFIRMADA,3267850,0,09/04/2026,09/04/2027,0,BANCO CENTRAL DE LA REPUBLICA DOMINICANA,BCENTRAL,56910
DO1002261928,LE090427,BCENTRAL/ LT 20270409 GTIA,1090000,DOP,109,9.2964,95.581846,07/08/2026,12:44:11 PM,PRESTAMO,SEGUNDA PARTE,ROTC,12/10/2026,CONFIRMADA,3267852,0,09/04/2026,09/04/2027,1.551387,BANCO CENTRAL DE LA REPUBLICA DOMINICANA,BCENTRAL,58870
DO1002261928,LE090427,BCENTRAL/ LT 20270409 GTIA,1090000,DOP,109,9.3675,94.099002,07/08/2026,12:44:11 PM,PRESTAMO,PRIMERA PARTE,ROTC,11/08/2026,CONFIRMADA,3267852,0,09/04/2026,09/04/2027,1.551387,BANCO CENTRAL DE LA REPUBLICA DOMINICANA,BCENTRAL,58884
DO1002261928,LE090427,BCENTRAL/ LT 20270409 GTIA,1090000,DOP,109,9.2964,95.581846,07/08/2026,12:44:10 PM,PLAZO,PRIMERA PARTE,ROTC,12/10/2026,CONFIRMADA,3267853,0,09/04/2026,09/04/2027,0,BANCO CENTRAL DE LA REPUBLICA DOMINICANA,BCENTRAL,57323
DO1002261928,LE090427,BCENTRAL/ LT 20270409 GTIA,170000,DOP,17,0,100.266159,07/08/2026,12:44:09 PM,PRESTAMO,SEGUNDA PARTE,ROTC,08/02/2027,CONFIRMADA,3267858,0,09/04/2026,09/04/2027,4.625653,BANCO CENTRAL DE LA REPUBLICA DOMINICANA,BCENTRAL,56616
DO1002261928,LE090427,BCENTRAL/ LT 20270409 GTIA,170000,DOP,17,6.8575,95.628194,07/08/2026,12:44:09 PM,PRESTAMO,PRIMERA PARTE,ROTC,12/08/2026,CONFIRMADA,3267858,0,09/04/2026,09/04/2027,4.625653,BANCO CENTRAL DE LA REPUBLICA DOMINICANA,BCENTRAL,58324
DO1002261928,LE090427,BCENTRAL/ LT 20270409 GTIA,170000,DOP,17,0,100.266159,07/08/2026,12:44:08 PM,PLAZO,PRIMERA PARTE,ROTC,08/02/2027,CONFIRMADA,3267859,0,09/04/2026,09/04/2027,0,BANCO CENTRAL DE LA REPUBLICA DOMINICANA,BCENTRAL,55069
DO1002261928,LE090427,BCENTRAL/ LT 20270409 GTIA,170000,DOP,17,6.8575,95.628194,07/08/2026,12:43:51 PM,CONTADO,PRIMERA PARTE,ROTC,12/08/2026,CONFIRMADA,3267855,0,09/04/2026,09/04/2027,0,BANCO CENTRAL DE LA REPUBLICA DOMINICANA,BCENTRAL,57603
DO1002261928,LE090427,BCENTRAL/ LT 20270409 GTIA,1090000,DOP,109,9.3675,94.099002,07/08/2026,12:43:28 PM,CONTADO,PRIMERA PARTE,ROTC,11/08/2026,CONFIRMADA,3267851,0,09/04/2026,09/04/2027,0,BANCO CENTRAL DE LA REPUBLICA DOMINICANA,BCENTRAL,58240
DO1002261928,LE090427,BCENTRAL/ LT 20270409 GTIA,1230000,DOP,123,8.9738,94.332999,07/08/2026,12:43:07 PM,CONTADO,PRIMERA PARTE,ROTC,11/08/2026,CONFIRMADA,3267848,0,09/04/2026,09/04/2027,0,BANCO CENTRAL DE LA REPUBLICA DOMINICANA,BCENTRAL,58303
DO1002261928,LE090427,BCENTRAL/ LT 20270409 GTIA,630000,DOP,63,9.0422,94.314579,07/08/2026,12:42:40 PM,CONTADO,PRIMERA PARTE,ROTC,12/08/2026,CONFIRMADA,3267845,0,09/04/2026,09/04/2027,0,BANCO CENTRAL DE LA REPUBLICA DOMINICANA,BCENTRAL,57484
DO1002261928,LE090427,BCENTRAL/ LT 20270409 GTIA,210000,DOP,21,7.442,95.235695,07/08/2026,12:42:08 PM,CONTADO,PRIMERA PARTE,ROTC,10/08/2026,CONFIRMADA,3268334,0,09/04/2026,09/04/2027,0,BANCO CENTRAL DE LA REPUBLICA DOMINICANA,BCENTRAL,57092
DO1002261928,LE090427,BCENTRAL/ LT 20270409 GTIA,210000,DOP,21,7.3508,95.235695,07/08/2026,12:41:51 PM,CONTADO,PRIMERA PARTE,ROTC,07/08/2026,CONFIRMADA,3268922,0,09/04/2026,09/04/2027,0,BANCO CENTRAL DE LA REPUBLICA DOMINICANA,BCENTRAL,57491
DO1002261928,LE090427,BCENTRAL/ LT 20270409 GTIA,210000,DOP,21,26.235,95.477352,07/08/2026,12:41:51 PM,PLAZO,PRIMERA PARTE,ROTC,03/02/2027,CONFIRMADA,3268924,0,09/04/2026,09/04/2027,0,BANCO CENTRAL DE LA REPUBLICA DOMINICANA,BCENTRAL,56469
DO1002261928,LE090427,BCENTRAL/ LT 20270409 GTIA,210000,DOP,21,26.235,95.477352,07/08/2026,12:41:49 PM,PRESTAMO,SEGUNDA PARTE,ROTC,03/02/2027,CONFIRMADA,3268923,0,09/04/2026,09/04/2027,0.253104,BANCO CENTRAL DE LA REPUBLICA DOMINICANA,BCENTRAL,58058
DO1002261928,LE090427,BCENTRAL/ LT 20270409 GTIA,210000,DOP,21,7.3508,95.235695,07/08/2026,12:41:49 PM,PRESTAMO,PRIMERA PARTE,ROTC,07/08/2026,CONFIRMADA,3268923,0,09/04/2026,09/04/2027,0.253104,BANCO CENTRAL DE LA REPUBLICA DOMINICANA,BCENTRAL,58233
DO1002261928,LE090427,BCENTRAL/ LT 20270409 GTIA,3430000,DOP,343,9.2059,94.172245,07/08/2026,12:41:33 PM,CONTADO,PRIMERA PARTE,ROTC,10/08/2026,CONFIRMADA,3268337,0,09/04/2026,09/04/2027,0,BANCO CENTRAL DE LA REPUBLICA DOMINICANA,BCENTRAL,58163
DO1005207118,MHUS2026,HACIENDA/6.65 BOEST 20261227 GTIA,34000,USD,34,-1.9641,103.31,07/08/2026,12:41:05 PM,CONTADO,PRIMERA PARTE,ROTC,10/08/2026,CONFIRMADA,3268343,0,27/12/2019,27/12/2026,0,MINISTERIO DE HACIENDA,HACIENDA,59444
USP3579ECJ49,BSRD2041, ,74000,USD,74,6.5,88.858075,07/08/2026,12:40:59 PM,CONTADO,PRIMERA PARTE,ROTC,07/08/2026,CONFIRMADA,3268955,0,21/01/2021,21/01/2041,0,MINISTERIO DE HACIENDA,HACIENDA,46585
DO1005207118,MHUS2026,HACIENDA/6.65 BOEST 20261227 GTIA,12000,USD,12,-8.2655,105.898833,07/08/2026,12:40:40 PM,CONTADO,PRIMERA PARTE,ROTC,10/08/2026,CONFIRMADA,3268346,0,27/12/2019,27/12/2026,0,MINISTERIO DE HACIENDA,HACIENDA,61012
DO1005208322,MHUS2040,HACIENDA/6.75 BOEST 20400724 GTIA,83000,USD,83,4.6311,121.599578,07/08/2026,12:40:20 PM,CONTADO,PRIMERA PARTE,ROTC,10/08/2026,CONFIRMADA,3268365,0,24/07/2020,24/07/2040,0,MINISTERIO DE HACIENDA,HACIENDA,60676
DO1005205617,MH12027,HACIENDA/11.25 BOEST 20270205 GTIA,1000000,DOP,10,12.4539,99.611482,07/08/2026,12:40:13 PM,PLAZO,PRIMERA PARTE,ROTC,06/10/2026,CONFIRMADA,3268930,0,05/08/2016,05/02/2027,0,MINISTERIO DE HACIENDA,HACIENDA,59745
DO1005205617,MH12027,HACIENDA/11.25 BOEST 20270205 GTIA,1000000,DOP,10,12.4539,99.611482,07/08/2026,12:40:12 PM,PRESTAMO,SEGUNDA PARTE,ROTC,06/10/2026,CONFIRMADA,3268929,0,05/08/2016,05/02/2027,1.562812,MINISTERIO DE HACIENDA,HACIENDA,61278
DO1005205617,MH12027,HACIENDA/11.25 BOEST 20270205 GTIA,1000000,DOP,10,11.476,99.935836,07/08/2026,12:40:12 PM,PRESTAMO,PRIMERA PARTE,ROTC,07/08/2026,CONFIRMADA,3268929,0,05/08/2016,05/02/2027,1.562812,MINISTERIO DE HACIENDA,HACIENDA,61110
DO1005205617,MH12027,HACIENDA/11.25 BOEST 20270205 GTIA,1000000,DOP,10,11.476,99.935836,07/08/2026,12:40:11 PM,CONTADO,PRIMERA PARTE,ROTC,07/08/2026,CONFIRMADA,3268928,0,05/08/2016,05/02/2027,0,MINISTERIO DE HACIENDA,HACIENDA,60410
DO1002261928,LE090427,BCENTRAL/ LT 20270409 GTIA,2250000,DOP,225,10.723,93.302347,07/08/2026,12:39:58 PM,CONTADO,PRIMERA PARTE,ROTC,11/08/2026,CONFIRMADA,3268384,0,09/04/2026,09/04/2027,0,BANCO CENTRAL DE LA REPUBLICA DOMINICANA,BCENTRAL,58149
DO1002261928,LE090427,BCENTRAL/ LT 20270409 GTIA,390000,DOP,39,10.6621,93.337869,07/08/2026,12:39:33 PM,CONTADO,PRIMERA PARTE,ROTC,11/08/2026,CONFIRMADA,3268392,0,09/04/2026,09/04/2027,0,BANCO CENTRAL DE LA REPUBLICA DOMINICANA,BCENTRAL,57946
DO1005208322,MHUS2040,HACIENDA/6.75 BOEST 20400724 GTIA,39000,USD,39,4.7165,120.150615,07/08/2026,12:39:27 PM,PLAZO,PRIMERA PARTE,ROTC,19/01/2027,CONFIRMADA,3268933,0,24/07/2020,24/07/2040,0,MINISTERIO DE HACIENDA,HACIENDA,59780
DO1005208322,MHUS2040,HACIENDA/6.75 BOEST 20400724 GTIA,39000,USD,39,4.7165,120.150615,07/08/2026,12:39:26 PM,PRESTAMO,SEGUNDA PARTE,ROTC,19/01/2027,CONFIRMADA,3268932,0,24/07/2020,24/07/2040,2.152251,MINISTERIO DE HACIENDA,HACIENDA,61313
DO1005208322,MHUS2040,HACIENDA/6.75 BOEST 20400724 GTIA,39000,USD,39,4.7035,120.775308,07/08/2026,12:39:26 PM,PRESTAMO,PRIMERA PARTE,ROTC,07/08/2026,CONFIRMADA,3268932,0,24/07/2020,24/07/2040,2.152251,MINISTERIO DE HACIENDA,HACIENDA,61453
DO1005208322,MHUS2040,HACIENDA/6.75 BOEST 20400724 GTIA,39000,USD,39,4.7035,120.775308,07/08/2026,12:39:25 PM,CONTADO,PRIMERA PARTE,ROTC,07/08/2026,CONFIRMADA,3268931,0,24/07/2020,24/07/2040,0,MINISTERIO DE HACIENDA,HACIENDA,60753
DO1002261928,LE090427,BCENTRAL/ LT 20270409 GTIA,30000,DOP,3,26.9815,84.700833,07/08/2026,12:38:46 PM,CONTADO,PRIMERA PARTE,ROTC,11/08/2026,CONFIRMADA,3268395,0,09/04/2026,09/04/2027,0,BANCO CENTRAL DE LA REPUBLICA DOMINICANA,BCENTRAL,57169
DO1005207118,MHUS2026,HACIENDA/6.65 BOEST 20261227 GTIA,3000,USD,3,32.103,98.503667,07/08/2026,12:38:45 PM,PRESTAMO,SEGUNDA PARTE,ROTC,04/12/2026,CONFIRMADA,3268574,0,27/12/2019,27/12/2026,2.138002,MINISTERIO DE HACIENDA,HACIENDA,60263
DO1005207118,MHUS2026,HACIENDA/6.65 BOEST 20261227 GTIA,3000,USD,3,8.6418,99.250333,07/08/2026,12:38:45 PM,PRESTAMO,PRIMERA PARTE,ROTC,07/08/2026,CONFIRMADA,3268574,0,27/12/2019,27/12/2026,2.138002,MINISTERIO DE HACIENDA,HACIENDA,60438
DO1005207118,MHUS2026,HACIENDA/6.65 BOEST 20261227 GTIA,3000,USD,3,32.103,98.503667,07/08/2026,12:38:45 PM,PLAZO,PRIMERA PARTE,ROTC,04/12/2026,CONFIRMADA,3268575,0,27/12/2019,27/12/2026,0,MINISTERIO DE HACIENDA,HACIENDA,58723
DO1005207118,MHUS2026,HACIENDA/6.65 BOEST 20261227 GTIA,3000,USD,3,8.6418,99.250333,07/08/2026,12:38:43 PM,CONTADO,PRIMERA PARTE,ROTC,07/08/2026,CONFIRMADA,3268573,0,27/12/2019,27/12/2026,0,MINISTERIO DE HACIENDA,HACIENDA,59731
DO1002261928,LE090427,BCENTRAL/ LT 20270409 GTIA,430000,DOP,43,9.4551,94.047114,07/08/2026,12:38:21 PM,CONTADO,PRIMERA PARTE,ROTC,11/08/2026,CONFIRMADA,3268467,0,09/04/2026,09/04/2027,0,BANCO CENTRAL DE LA REPUBLICA DOMINICANA,BCENTRAL,57442
DO1002261928,LE090427,BCENTRAL/ LT 20270409 GTIA,20000,DOP,2,59.4269,71.62405,07/08/2026,12:37:58 PM,CONTADO,PRIMERA PARTE,ROTC,12/08/2026,CONFIRMADA,3268472,0,09/04/2026,09/04/2027,0,BANCO CENTRAL DE LA REPUBLICA DOMINICANA,BCENTRAL,56812
DO1002261225,LE021026,BCENTRAL/ LT 20261002 GTIA,18170000,DOP,1817,8.2,99.064392,07/08/2026,12:37:47 PM,PRESTAMO,SEGUNDA PARTE,ROTC,11/09/2026,CONFIRMADA,3268954,0,02/10/2025,02/10/2026,0.02,BANCO CENTRAL DE LA REPUBLICA DOMINICANA,BCENTRAL,58366
DO1002261225,LE021026,BCENTRAL/ LT 20261002 GTIA,18170000,DOP,1817,8.2,99.064392,07/08/2026,12:37:47 PM,PRESTAMO,PRIMERA PARTE,ROTC,10/08/2026,CONFIRMADA,3268954,0,02/10/2025,02/10/2026,0.02,BANCO CENTRAL DE LA REPUBLICA DOMINICANA,BCENTRAL,58415
DO1002261225,LE021026,BCENTRAL/ LT 20261002 GTIA,18170000,DOP,1817,3.698821,99.7847,07/08/2026,12:37:45 PM,PLAZO,PRIMERA PARTE,ROTC,11/09/2026,CONFIRMADA,3268953,0,02/10/2025,02/10/2026,0,BANCO CENTRAL DE LA REPUBLICA DOMINICANA,BCENTRAL,58023
DO1002261225,LE021026,BCENTRAL/ LT 20261002 GTIA,18170000,DOP,1817,6.415093,99.064392,07/08/2026,12:37:44 PM,CONTADO,PRIMERA PARTE,ROTC,10/08/2026,CONFIRMADA,3268952,0,02/10/2025,02/10/2026,0,BANCO CENTRAL DE LA REPUBLICA DOMINICANA,BCENTRAL,59507
DO1002261928,LE090427,BCENTRAL/ LT 20270409 GTIA,40000,DOP,4,-7.2252,105.08275,07/08/2026,12:37:36 PM,CONTADO,PRIMERA PARTE,ROTC,11/08/2026,CONFIRMADA,3268544,0,09/04/2026,09/04/2027,0,BANCO CENTRAL DE LA REPUBLICA DOMINICANA,BCENTRAL,57022
DO1005207118,MHUS2026,HACIENDA/6.65 BOEST 20261227 GTIA,1000,USD,1,-25.463,113.587,07/08/2026,12:37:13 PM,CONTADO,PRIMERA PARTE,ROTC,12/08/2026,CONFIRMADA,3267842,0,27/12/2019,27/12/2026,0,MINISTERIO DE HACIENDA,HACIENDA,59178
DO1002261928,LE090427,BCENTRAL/ LT 20270409 GTIA,3090000,DOP,309,8.1744,96.600111,07/08/2026,12:35:23 PM,PRESTAMO,SEGUNDA PARTE,ROTC,05/11/2026,CONFIRMADA,3268824,0,09/04/2026,09/04/2027,2.296043,BANCO CENTRAL DE LA REPUBLICA DOMINICANA,BCENTRAL,58744
DO1002261928,LE090427,BCENTRAL/ LT 20270409 GTIA,3090000,DOP,309,8.7462,94.382131,07/08/2026,12:35:23 PM,PRESTAMO,PRIMERA PARTE,ROTC,07/08/2026,CONFIRMADA,3268824,0,09/04/2026,09/04/2027,2.296043,BANCO CENTRAL DE LA REPUBLICA DOMINICANA,BCENTRAL,58933
DO1002261928,LE090427,BCENTRAL/ LT 20270409 GTIA,3090000,DOP,309,8.1744,96.600111,07/08/2026,12:35:23 PM,PLAZO,PRIMERA PARTE,ROTC,05/11/2026,CONFIRMADA,3268825,0,09/04/2026,09/04/2027,0,BANCO CENTRAL DE LA REPUBLICA DOMINICANA,BCENTRAL,57204
DO1002261928,LE090427,BCENTRAL/ LT 20270409 GTIA,3090000,DOP,309,8.7462,94.382131,07/08/2026,12:35:22 PM,CONTADO,PRIMERA PARTE,ROTC,07/08/2026,CONFIRMADA,3268823,0,09/04/2026,09/04/2027,0,BANCO CENTRAL DE LA REPUBLICA DOMINICANA,BCENTRAL,58233
DO1005205617,MH12027,HACIENDA/11.25 BOEST 20270205 GTIA,2900000,DOP,29,-94.67,100.800723,07/08/2026,12:35:21 PM,PLAZO,PRIMERA PARTE,ROTC,03/02/2027,CONFIRMADA,3268822,0,05/08/2016,05/02/2027,0,MINISTERIO DE HACIENDA,HACIENDA,59759
DO1005205617,MH12027,HACIENDA/11.25 BOEST 20270205 GTIA,2900000,DOP,29,-94.67,100.800723,07/08/2026,12:35:20 PM,PRESTAMO,SEGUNDA PARTE,ROTC,03/02/2027,CONFIRMADA,3268821,0,05/08/2016,05/02/2027,4.683586,MINISTERIO DE HACIENDA,HACIENDA,61292
DO1005205617,MH12027,HACIENDA/11.25 BOEST 20270205 GTIA,2900000,DOP,29,8.336,101.426493,07/08/2026,12:35:20 PM,PRESTAMO,PRIMERA PARTE,ROTC,07/08/2026,CONFIRMADA,3268821,0,05/08/2016,05/02/2027,4.683586,MINISTERIO DE HACIENDA,HACIENDA,61124
DO1005205617,MH12027,HACIENDA/11.25 BOEST 20270205 GTIA,2900000,DOP,29,8.336,101.426493,07/08/2026,12:35:19 PM,CONTADO,PRIMERA PARTE,ROTC,07/08/2026,CONFIRMADA,3268820,0,05/08/2016,05/02/2027,0,MINISTERIO DE HACIENDA,HACIENDA,60487
DO1005208322,MHUS2040,HACIENDA/6.75 BOEST 20400724 GTIA,83000,USD,83,4.6248,121.584578,07/08/2026,12:35:18 PM,PLAZO,PRIMERA PARTE,ROTC,07/09/2026,CONFIRMADA,3268807,0,24/07/2020,24/07/2040,0,MINISTERIO DE HACIENDA,HACIENDA,59913
DO1005208322,MHUS2040,HACIENDA/6.75 BOEST 20400724 GTIA,83000,USD,83,4.6248,121.584578,07/08/2026,12:35:17 PM,PRESTAMO,SEGUNDA PARTE,ROTC,07/09/2026,CONFIRMADA,3268806,0,24/07/2020,24/07/2040,0.580886,MINISTERIO DE HACIENDA,HACIENDA,61446
DO1005208322,MHUS2040,HACIENDA/6.75 BOEST 20400724 GTIA,83000,USD,83,4.625,121.67988,07/08/2026,12:35:17 PM,PRESTAMO,PRIMERA PARTE,ROTC,07/08/2026,CONFIRMADA,3268806,0,24/07/2020,24/07/2040,0.580886,MINISTERIO DE HACIENDA,HACIENDA,60788
DO1005208322,MHUS2040,HACIENDA/6.75 BOEST 20400724 GTIA,83000,USD,83,4.625,121.67988,07/08/2026,12:35:16 PM,CONTADO,PRIMERA PARTE,ROTC,07/08/2026,CONFIRMADA,3268805,0,24/07/2020,24/07/2040,0,MINISTERIO DE HACIENDA,HACIENDA,60088
DO1002261928,LE090427,BCENTRAL/ LT 20270409 GTIA,2860000,DOP,286,8.8153,94.405694,07/08/2026,12:35:10 PM,CONTADO,PRIMERA PARTE,ROTC,10/08/2026,CONFIRMADA,3268377,0,09/04/2026,09/04/2027,0,BANCO CENTRAL DE LA REPUBLICA DOMINICANA,BCENTRAL,58282
DO1005208322,MHUS2040,HACIENDA/6.75 BOEST 20400724 GTIA,106000,USD,106,4.6299,121.609217,07/08/2026,12:34:45 PM,CONTADO,PRIMERA PARTE,ROTC,11/08/2026,CONFIRMADA,3267839,0,24/07/2020,24/07/2040,0,MINISTERIO DE HACIENDA,HACIENDA,61348
DO1002261928,LE090427,BCENTRAL/ LT 20270409 GTIA,1630000,DOP,163,9.286,94.124506,07/08/2026,12:34:18 PM,CONTADO,PRIMERA PARTE,ROTC,10/08/2026,CONFIRMADA,3268355,0,09/04/2026,09/04/2027,0,BANCO CENTRAL DE LA REPUBLICA DOMINICANA,BCENTRAL,57841
DO1005207118,MHUS2026,HACIENDA/6.65 BOEST 20261227 GTIA,21000,USD,21,-23.152,104.173571,07/08/2026,12:33:32 PM,PLAZO,PRIMERA PARTE,ROTC,10/11/2026,CONFIRMADA,3267838,0,27/12/2019,27/12/2026,0,MINISTERIO DE HACIENDA,HACIENDA,59878
DO1005207118,MHUS2026,HACIENDA/6.65 BOEST 20261227 GTIA,21000,USD,21,-23.152,104.173571,07/08/2026,12:33:31 PM,PRESTAMO,SEGUNDA PARTE,ROTC,10/11/2026,CONFIRMADA,3267837,0,27/12/2019,27/12/2026,1.831646,MINISTERIO DE HACIENDA,HACIENDA,61411
DO1005207118,MHUS2026,HACIENDA/6.65 BOEST 20261227 GTIA,21000,USD,21,-5.47,104.697905,07/08/2026,12:33:31 PM,PRESTAMO,PRIMERA PARTE,ROTC,11/08/2026,CONFIRMADA,3267837,0,27/12/2019,27/12/2026,1.831646,MINISTERIO DE HACIENDA,HACIENDA,60956
DO1002261928,LE090427,BCENTRAL/ LT 20270409 GTIA,250000,DOP,25,9.9968,96.001228,07/08/2026,12:33:30 PM,PLAZO,PRIMERA PARTE,ROTC,10/11/2026,CONFIRMADA,3267835,0,09/04/2026,09/04/2027,0,BANCO CENTRAL DE LA REPUBLICA DOMINICANA,BCENTRAL,56553
DO1002261928,LE090427,BCENTRAL/ LT 20270409 GTIA,250000,DOP,25,9.9968,96.001228,07/08/2026,12:33:29 PM,PRESTAMO,SEGUNDA PARTE,ROTC,10/11/2026,CONFIRMADA,3267834,0,09/04/2026,09/04/2027,2.296041,BANCO CENTRAL DE LA REPUBLICA DOMINICANA,BCENTRAL,58149
DO1002261928,LE090427,BCENTRAL/ LT 20270409 GTIA,250000,DOP,25,9.9198,93.797,07/08/2026,12:33:29 PM,PRESTAMO,PRIMERA PARTE,ROTC,12/08/2026,CONFIRMADA,3267834,0,09/04/2026,09/04/2027,2.296041,BANCO CENTRAL DE LA REPUBLICA DOMINICANA,BCENTRAL,57274
DO1002261928,LE090427,BCENTRAL/ LT 20270409 GTIA,30000,DOP,3,72.9125,89.164633,07/08/2026,12:33:28 PM,PRESTAMO,SEGUNDA PARTE,ROTC,08/02/2027,CONFIRMADA,3267831,0,09/04/2026,09/04/2027,4.558646,BANCO CENTRAL DE LA REPUBLICA DOMINICANA,BCENTRAL,57785
DO1002261928,LE090427,BCENTRAL/ LT 20270409 GTIA,30000,DOP,3,26.1544,85.099933,07/08/2026,12:33:28 PM,PRESTAMO,PRIMERA PARTE,ROTC,11/08/2026,CONFIRMADA,3267831,0,09/04/2026,09/04/2027,4.558646,BANCO CENTRAL DE LA REPUBLICA DOMINICANA,BCENTRAL,57855
DO1002261928,LE090427,BCENTRAL/ LT 20270409 GTIA,30000,DOP,3,72.9125,89.164633,07/08/2026,12:33:28 PM,PLAZO,PRIMERA PARTE,ROTC,08/02/2027,CONFIRMADA,3267832,0,09/04/2026,09/04/2027,0,BANCO CENTRAL DE LA REPUBLICA DOMINICANA,BCENTRAL,56245
DO1005207118,MHUS2026,HACIENDA/6.65 BOEST 20261227 GTIA,28000,USD,28,-6.0097,101.669179,07/08/2026,12:33:27 PM,PLAZO,PRIMERA PARTE,ROTC,10/11/2026,CONFIRMADA,3267829,0,27/12/2019,27/12/2026,0,MINISTERIO DE HACIENDA,HACIENDA,60144
DO1005207118,MHUS2026,HACIENDA/6.65 BOEST 20261227 GTIA,28000,USD,28,-6.0097,101.669179,07/08/2026,12:33:26 PM,PRESTAMO,SEGUNDA PARTE,ROTC,10/11/2026,CONFIRMADA,3267828,0,27/12/2019,27/12/2026,1.850098,MINISTERIO DE HACIENDA,HACIENDA,61677
DO1005207118,MHUS2026,HACIENDA/6.65 BOEST 20261227 GTIA,28000,USD,28,0.7573,102.220179,07/08/2026,12:33:26 PM,PRESTAMO,PRIMERA PARTE,ROTC,11/08/2026,CONFIRMADA,3267828,0,27/12/2019,27/12/2026,1.850098,MINISTERIO DE HACIENDA,HACIENDA,61362
DO1002261928,LE090427,BCENTRAL/ LT 20270409 GTIA,1380000,DOP,138,0,97.537904,07/08/2026,12:33:25 PM,PLAZO,PRIMERA PARTE,ROTC,09/12/2026,CONFIRMADA,3267826,0,09/04/2026,09/04/2027,0,BANCO CENTRAL DE LA REPUBLICA DOMINICANA,BCENTRAL,55545
DO1002261928,LE090427,BCENTRAL/ LT 20270409 GTIA,1380000,DOP,138,0,97.537904,07/08/2026,12:33:24 PM,PRESTAMO,SEGUNDA PARTE,ROTC,09/12/2026,CONFIRMADA,3267825,0,09/04/2026,09/04/2027,3.069467,BANCO CENTRAL DE LA REPUBLICA DOMINICANA,BCENTRAL,57078
DO1002261928,LE090427,BCENTRAL/ LT 20270409 GTIA,1380000,DOP,138,8.6204,94.54401,07/08/2026,12:33:24 PM,PRESTAMO,PRIMERA PARTE,ROTC,11/08/2026,CONFIRMADA,3267825,0,09/04/2026,09/04/2027,3.069467,BANCO CENTRAL DE LA REPUBLICA DOMINICANA,BCENTRAL,58478
DO1002228612,NO031227,BCENTRAL/8 BOEST 20271203 GTIA,990000,DOP,99,7.9,99.523762,07/08/2026,12:33:22 PM,PRESTAMO,SEGUNDA PARTE,ROTC,27/11/2026,CONFIRMADA,3268920,0,03/12/2024,03/12/2027,0.02,BANCO CENTRAL DE LA REPUBLICA DOMINICANA,BCENTRAL,59108
DO1002228612,NO031227,BCENTRAL/8 BOEST 20271203 GTIA,990000,DOP,99,7.9,99.523762,07/08/2026,12:33:22 PM,PRESTAMO,PRIMERA PARTE,ROTC,10/08/2026,CONFIRMADA,3268920,0,03/12/2024,03/12/2027,0.02,BANCO CENTRAL DE LA REPUBLICA DOMINICANA,BCENTRAL,59157
DO1002228612,NO031227,BCENTRAL/8 BOEST 20271203 GTIA,990000,DOP,99,8.4673,99.551237,07/08/2026,12:33:21 PM,PLAZO,PRIMERA PARTE,ROTC,27/11/2026,CONFIRMADA,3268919,0,03/12/2024,03/12/2027,0,BANCO CENTRAL DE LA REPUBLICA DOMINICANA,BCENTRAL,58639
DO1002228612,NO031227,BCENTRAL/8 BOEST 20271203 GTIA,990000,DOP,99,8.374543,99.523762,07/08/2026,12:33:17 PM,CONTADO,PRIMERA PARTE,ROTC,10/08/2026,CONFIRMADA,3268918,0,03/12/2024,03/12/2027,0,BANCO CENTRAL DE LA REPUBLICA DOMINICANA,BCENTRAL,60298
DO1005205617,MH12027,HACIENDA/11.25 BOEST 20270205 GTIA,21600000,DOP,216,15.8654,99.2156,07/08/2026,12:33:01 PM,PLAZO,PRIMERA PARTE,ROTC,04/12/2026,CONFIRMADA,3268491,0,05/08/2016,05/02/2027,0,MINISTERIO DE HACIENDA,HACIENDA,59829
DO1005205617,MH12027,HACIENDA/11.25 BOEST 20270205 GTIA,21600000,DOP,216,15.8654,99.2156,07/08/2026,12:33:00 PM,PRESTAMO,SEGUNDA PARTE,ROTC,04/12/2026,CONFIRMADA,3268490,0,05/08/2016,05/02/2027,0.224885,MINISTERIO DE HACIENDA,HACIENDA,61362
DO1005205617,MH12027,HACIENDA/11.25 BOEST 20270205 GTIA,21600000,DOP,216,5.6985,102.713544,07/08/2026,12:33:00 PM,PRESTAMO,PRIMERA PARTE,ROTC,07/08/2026,CONFIRMADA,3268490,0,05/08/2016,05/02/2027,0.224885,MINISTERIO DE HACIENDA,HACIENDA,62146
DO1005205617,MH12027,HACIENDA/11.25 BOEST 20270205 GTIA,21600000,DOP,216,5.6985,102.713544,07/08/2026,12:32:59 PM,CONTADO,PRIMERA PARTE,ROTC,07/08/2026,CONFIRMADA,3268489,0,05/08/2016,05/02/2027,0,MINISTERIO DE HACIENDA,HACIENDA,61544
DO1002261928,LE090427,BCENTRAL/ LT 20270409 GTIA,3180000,DOP,318,5.1527,99.162596,07/08/2026,12:32:58 PM,PLAZO,PRIMERA PARTE,ROTC,09/02/2027,CONFIRMADA,3268483,0,09/04/2026,09/04/2027,0,BANCO CENTRAL DE LA REPUBLICA DOMINICANA,BCENTRAL,57407
DO1002261928,LE090427,BCENTRAL/ LT 20270409 GTIA,3180000,DOP,318,5.1527,99.162596,07/08/2026,12:32:57 PM,PRESTAMO,SEGUNDA PARTE,ROTC,09/02/2027,CONFIRMADA,3268482,0,09/04/2026,09/04/2027,4.866099,BANCO CENTRAL DE LA REPUBLICA DOMINICANA,BCENTRAL,58940
DO1002261928,LE090427,BCENTRAL/ LT 20270409 GTIA,3180000,DOP,318,8.8203,94.337245,07/08/2026,12:32:57 PM,PRESTAMO,PRIMERA PARTE,ROTC,07/08/2026,CONFIRMADA,3268482,0,09/04/2026,09/04/2027,4.866099,BANCO CENTRAL DE LA REPUBLICA DOMINICANA,BCENTRAL,58961
DO1002261928,LE090427,BCENTRAL/ LT 20270409 GTIA,3180000,DOP,318,8.8203,94.337245,07/08/2026,12:32:56 PM,CONTADO,PRIMERA PARTE,ROTC,07/08/2026,CONFIRMADA,3268481,0,09/04/2026,09/04/2027,0,BANCO CENTRAL DE LA REPUBLICA DOMINICANA,BCENTRAL,58261
DO1002261928,LE090427,BCENTRAL/ LT 20270409 GTIA,80000,DOP,8,19.9128,89.415788,07/08/2026,12:32:55 PM,PLAZO,PRIMERA PARTE,ROTC,07/09/2026,CONFIRMADA,3268480,0,09/04/2026,09/04/2027,0,BANCO CENTRAL DE LA REPUBLICA DOMINICANA,BCENTRAL,56441
DO1005207118,MHUS2026,HACIENDA/6.65 BOEST 20261227 GTIA,21000,USD,21,-5.47,104.697905,07/08/2026,12:32:54 PM,CONTADO,PRIMERA PARTE,ROTC,11/08/2026,CONFIRMADA,3267836,0,27/12/2019,27/12/2026,0,MINISTERIO DE HACIENDA,HACIENDA,60291
DO1002261928,LE090427,BCENTRAL/ LT 20270409 GTIA,80000,DOP,8,19.9128,89.415788,07/08/2026,12:32:54 PM,PRESTAMO,SEGUNDA PARTE,ROTC,07/09/2026,CONFIRMADA,3268479,0,09/04/2026,09/04/2027,0.773283,BANCO CENTRAL DE LA REPUBLICA DOMINICANA,BCENTRAL,57974
DO1002261928,LE090427,BCENTRAL/ LT 20270409 GTIA,80000,DOP,8,18.6739,88.72435,07/08/2026,12:32:54 PM,PRESTAMO,PRIMERA PARTE,ROTC,07/08/2026,CONFIRMADA,3268479,0,09/04/2026,09/04/2027,0.773283,BANCO CENTRAL DE LA REPUBLICA DOMINICANA,BCENTRAL,57631
DO1002261928,LE090427,BCENTRAL/ LT 20270409 GTIA,80000,DOP,8,18.6739,88.72435,07/08/2026,12:32:53 PM,CONTADO,PRIMERA PARTE,ROTC,07/08/2026,CONFIRMADA,3268478,0,09/04/2026,09/04/2027,0,BANCO CENTRAL DE LA REPUBLICA DOMINICANA,BCENTRAL,56931
DO1005208322,MHUS2040,HACIENDA/6.75 BOEST 20400724 GTIA,4000,USD,4,3.6026,133.82725,07/08/2026,12:32:52 PM,PLAZO,PRIMERA PARTE,ROTC,05/11/2026,CONFIRMADA,3268477,0,24/07/2020,24/07/2040,0,MINISTERIO DE HACIENDA,HACIENDA,58590
DO1005208322,MHUS2040,HACIENDA/6.75 BOEST 20400724 GTIA,4000,USD,4,3.6026,133.82725,07/08/2026,12:32:51 PM,PRESTAMO,SEGUNDA PARTE,ROTC,05/11/2026,CONFIRMADA,3268476,0,24/07/2020,24/07/2040,1.230834,MINISTERIO DE HACIENDA,HACIENDA,60123
DO1005208322,MHUS2040,HACIENDA/6.75 BOEST 20400724 GTIA,4000,USD,4,3.6215,134.0505,07/08/2026,12:32:51 PM,PRESTAMO,PRIMERA PARTE,ROTC,07/08/2026,CONFIRMADA,3268476,0,24/07/2020,24/07/2040,1.230834,MINISTERIO DE HACIENDA,HACIENDA,59815
DO1005208322,MHUS2040,HACIENDA/6.75 BOEST 20400724 GTIA,4000,USD,4,3.6215,134.0505,07/08/2026,12:32:50 PM,CONTADO,PRIMERA PARTE,ROTC,07/08/2026,CONFIRMADA,3268475,0,24/07/2020,24/07/2040,0,MINISTERIO DE HACIENDA,HACIENDA,59115
DO1002261928,LE090427,BCENTRAL/ LT 20270409 GTIA,3180000,DOP,318,7.6454,97.454305,07/08/2026,12:32:49 PM,PLAZO,PRIMERA PARTE,ROTC,07/12/2026,CONFIRMADA,3268404,0,09/04/2026,09/04/2027,0,BANCO CENTRAL DE LA REPUBLICA DOMINICANA,BCENTRAL,57365
DO1002261928,LE090427,BCENTRAL/ LT 20270409 GTIA,3180000,DOP,318,7.6454,97.454305,07/08/2026,12:32:48 PM,PRESTAMO,SEGUNDA PARTE,ROTC,07/12/2026,CONFIRMADA,3268403,0,09/04/2026,09/04/2027,3.198483,BANCO CENTRAL DE LA REPUBLICA DOMINICANA,BCENTRAL,58898
DO1002261928,LE090427,BCENTRAL/ LT 20270409 GTIA,3180000,DOP,318,8.8203,94.337245,07/08/2026,12:32:48 PM,PRESTAMO,PRIMERA PARTE,ROTC,07/08/2026,CONFIRMADA,3268403,0,09/04/2026,09/04/2027,3.198483,BANCO CENTRAL DE LA REPUBLICA DOMINICANA,BCENTRAL,58961
DO1002261928,LE090427,BCENTRAL/ LT 20270409 GTIA,3180000,DOP,318,8.8203,94.337245,07/08/2026,12:32:47 PM,CONTADO,PRIMERA PARTE,ROTC,07/08/2026,CONFIRMADA,3268402,0,09/04/2026,09/04/2027,0,BANCO CENTRAL DE LA REPUBLICA DOMINICANA,BCENTRAL,58261
DO1002261928,LE090427,BCENTRAL/ LT 20270409 GTIA,1180000,DOP,118,7.7068,98.627599,07/08/2026,12:32:46 PM,PLAZO,PRIMERA PARTE,ROTC,03/02/2027,CONFIRMADA,3268401,0,09/04/2026,09/04/2027,0,BANCO CENTRAL DE LA REPUBLICA DOMINICANA,BCENTRAL,57428
DO1002261928,LE090427,BCENTRAL/ LT 20270409 GTIA,1180000,DOP,118,7.7068,98.627599,07/08/2026,12:32:45 PM,PRESTAMO,SEGUNDA PARTE,ROTC,03/02/2027,CONFIRMADA,3268400,0,09/04/2026,09/04/2027,4.625655,BANCO CENTRAL DE LA REPUBLICA DOMINICANA,BCENTRAL,58961
DO1002261928,LE090427,BCENTRAL/ LT 20270409 GTIA,1180000,DOP,118,9.2703,94.065426,07/08/2026,12:32:45 PM,PRESTAMO,PRIMERA PARTE,ROTC,07/08/2026,CONFIRMADA,3268400,0,09/04/2026,09/04/2027,4.625655,BANCO CENTRAL DE LA REPUBLICA DOMINICANA,BCENTRAL,58905
DO1002261928,LE090427,BCENTRAL/ LT 20270409 GTIA,1180000,DOP,118,9.2703,94.065426,07/08/2026,12:32:44 PM,CONTADO,PRIMERA PARTE,ROTC,07/08/2026,CONFIRMADA,3268399,0,09/04/2026,09/04/2027,0,BANCO CENTRAL DE LA REPUBLICA DOMINICANA,BCENTRAL,58205
USP3579EAY34,BSRD2044,DOMINICAN Rep/7.45 BD 20440430 GO,30000,USD,30,6.8245,106.357744,07/08/2026,12:32:40 PM,ESTRUCTURADA,SEGUNDA PARTE,ROTC,14/08/2026,CONFIRMADA,3268833,0,30/04/2014,30/04/2044,4.15,MINISTERIO DE HACIENDA,HACIENDA,64463
USP3579EAY34,BSRD2044,DOMINICAN Rep/7.45 BD 20440430 GO,30000,USD,30,6.8194,106.415139,07/08/2026,12:32:40 PM,ESTRUCTURADA,PRIMERA PARTE,ROTC,07/08/2026,CONFIRMADA,3268833,0,30/04/2014,30/04/2044,4.15,MINISTERIO DE HACIENDA,HACIENDA,64512
USP3579EAY34,BSRD2044,DOMINICAN Rep/7.45 BD 20440430 GO,30000,USD,30,0,0,07/08/2026,12:32:39 PM,PRESTAMO,SEGUNDA PARTE,ROTC,29/04/2044,CONFIRMADA,3268835,0,30/04/2014,30/04/2044,0,MINISTERIO DE HACIENDA,HACIENDA,57323
USP3579EAY34,BSRD2044,DOMINICAN Rep/7.45 BD 20440430 GO,30000,USD,30,6.8194,106.415139,07/08/2026,12:32:39 PM,PRESTAMO,PRIMERA PARTE,ROTC,07/08/2026,CONFIRMADA,3268835,0,30/04/2014,30/04/2044,0,MINISTERIO DE HACIENDA,HACIENDA,62468
DO1005210922,MH22034,HACIENDA/13 BOEST 20340610 GTIA,1600000,DOP,16,8.8141,122.422231,07/08/2026,12:32:39 PM,ESTRUCTURADA,SEGUNDA PARTE,ROTC,08/01/2027,CONFIRMADA,3268836,0,10/06/2022,10/06/2034,9.3,MINISTERIO DE HACIENDA,HACIENDA,62307
DO1005210922,MH22034,HACIENDA/13 BOEST 20340610 GTIA,1600000,DOP,16,8.8733,122.934247,07/08/2026,12:32:39 PM,ESTRUCTURADA,PRIMERA PARTE,ROTC,07/08/2026,CONFIRMADA,3268836,0,10/06/2022,10/06/2034,9.3,MINISTERIO DE HACIENDA,HACIENDA,62559
DO1005210922,MH22034,HACIENDA/13 BOEST 20340610 GTIA,1600000,DOP,16,0,0,07/08/2026,12:32:38 PM,PRESTAMO,SEGUNDA PARTE,ROTC,09/06/2034,CONFIRMADA,3268837,0,10/06/2022,10/06/2034,0,MINISTERIO DE HACIENDA,HACIENDA,55265
DO1005210922,MH22034,HACIENDA/13 BOEST 20340610 GTIA,1600000,DOP,16,8.8733,122.934247,07/08/2026,12:32:38 PM,PRESTAMO,PRIMERA PARTE,ROTC,07/08/2026,CONFIRMADA,3268837,0,10/06/2022,10/06/2034,0,MINISTERIO DE HACIENDA,HACIENDA,60452
DO1002261928,LE090427,BCENTRAL/ LT 20270409 GTIA,160000,DOP,16,4.7567,98.413569,07/08/2026,12:32:38 PM,ESTRUCTURADA,SEGUNDA PARTE,ROTC,08/12/2026,CONFIRMADA,3268839,0,09/04/2026,09/04/2027,9.2,BANCO CENTRAL DE LA REPUBLICA DOMINICANA,BCENTRAL,60333
DO1002261928,LE090427,BCENTRAL/ LT 20270409 GTIA,160000,DOP,16,7.0619,95.414375,07/08/2026,12:32:38 PM,ESTRUCTURADA,PRIMERA PARTE,ROTC,07/08/2026,CONFIRMADA,3268839,0,09/04/2026,09/04/2027,9.2,BANCO CENTRAL DE LA REPUBLICA DOMINICANA,BCENTRAL,60333
DO1002261928,LE090427,BCENTRAL/ LT 20270409 GTIA,160000,DOP,16,0,0,07/08/2026,12:32:37 PM,PRESTAMO,SEGUNDA PARTE,ROTC,08/04/2027,CONFIRMADA,3268840,0,09/04/2026,09/04/2027,0,BANCO CENTRAL DE LA REPUBLICA DOMINICANA,BCENTRAL,53382
DO1002261928,LE090427,BCENTRAL/ LT 20270409 GTIA,160000,DOP,16,7.0619,95.414375,07/08/2026,12:32:37 PM,PRESTAMO,PRIMERA PARTE,ROTC,07/08/2026,CONFIRMADA,3268840,0,09/04/2026,09/04/2027,0,BANCO CENTRAL DE LA REPUBLICA DOMINICANA,BCENTRAL,58226
USP3579EBY25,BSRD2048,DOMINICAN REP/6.5 CHURCH BD UNSEC,30000,USD,30,6.7288,97.424333,07/08/2026,12:32:36 PM,ESTRUCTURADA,SEGUNDA PARTE,ROTC,09/12/2026,CONFIRMADA,3268841,0,08/02/2018,15/02/2048,4.95,MINISTERIO DE HACIENDA,HACIENDA,65331
USP3579EBY25,BSRD2048,DOMINICAN REP/6.5 CHURCH BD UNSEC,30000,USD,30,6.6848,97.904878,07/08/2026,12:32:36 PM,ESTRUCTURADA,PRIMERA PARTE,ROTC,07/08/2026,CONFIRMADA,3268841,0,08/02/2018,15/02/2048,4.95,MINISTERIO DE HACIENDA,HACIENDA,65541
USP3579EBY25,BSRD2048,DOMINICAN REP/6.5 CHURCH BD UNSEC,30000,USD,30,0,0,07/08/2026,12:32:36 PM,PRESTAMO,SEGUNDA PARTE,ROTC,14/02/2048,CONFIRMADA,3268842,0,08/02/2018,15/02/2048,0,MINISTERIO DE HACIENDA,HACIENDA,58422
USP3579EBY25,BSRD2048,DOMINICAN REP/6.5 CHURCH BD UNSEC,30000,USD,30,6.6848,97.904878,07/08/2026,12:32:36 PM,PRESTAMO,PRIMERA PARTE,ROTC,07/08/2026,CONFIRMADA,3268842,0,08/02/2018,15/02/2048,0,MINISTERIO DE HACIENDA,HACIENDA,63441
USP3579ECJ49,BSRD2041, ,12000,USD,12,6.563,88.393861,07/08/2026,12:32:35 PM,ESTRUCTURADA,SEGUNDA PARTE,ROTC,07/10/2026,CONFIRMADA,3268843,0,21/01/2021,21/01/2041,5.1,MINISTERIO DE HACIENDA,HACIENDA,49833
USP3579ECJ49,BSRD2041, ,12000,USD,12,6.5406,88.510278,07/08/2026,12:32:35 PM,ESTRUCTURADA,PRIMERA PARTE,ROTC,07/08/2026,CONFIRMADA,3268843,0,21/01/2021,21/01/2041,5.1,MINISTERIO DE HACIENDA,HACIENDA,50239
USP3579ECJ49,BSRD2041, ,12000,USD,12,0,0,07/08/2026,12:32:34 PM,PRESTAMO,SEGUNDA PARTE,ROTC,18/01/2041,CONFIRMADA,3268844,0,21/01/2021,21/01/2041,0,MINISTERIO DE HACIENDA,HACIENDA,43253
USP3579ECJ49,BSRD2041, ,12000,USD,12,6.5406,88.510278,07/08/2026,12:32:34 PM,PRESTAMO,PRIMERA PARTE,ROTC,07/08/2026,CONFIRMADA,3268844,0,21/01/2021,21/01/2041,0,MINISTERIO DE HACIENDA,HACIENDA,48132
USP3579ECJ49,BSRD2041, ,737000,USD,737,6.632,87.859086,07/08/2026,12:32:34 PM,ESTRUCTURADA,SEGUNDA PARTE,ROTC,10/11/2026,CONFIRMADA,3268845,0,21/01/2021,21/01/2041,5.45,MINISTERIO DE HACIENDA,HACIENDA,50673
USP3579ECJ49,BSRD2041, ,737000,USD,737,6.6052,87.959831,07/08/2026,12:32:34 PM,ESTRUCTURADA,PRIMERA PARTE,ROTC,07/08/2026,CONFIRMADA,3268845,0,21/01/2021,21/01/2041,5.45,MINISTERIO DE HACIENDA,HACIENDA,51163
USP3579ECJ49,BSRD2041, ,737000,USD,737,0,0,07/08/2026,12:32:33 PM,PRESTAMO,SEGUNDA PARTE,ROTC,18/01/2041,CONFIRMADA,3268846,0,21/01/2021,21/01/2041,0,MINISTERIO DE HACIENDA,HACIENDA,44114
USP3579ECJ49,BSRD2041, ,737000,USD,737,6.6052,87.959831,07/08/2026,12:32:33 PM,PRESTAMO,PRIMERA PARTE,ROTC,07/08/2026,CONFIRMADA,3268846,0,21/01/2021,21/01/2041,0,MINISTERIO DE HACIENDA,HACIENDA,49056
USP3579ECN50,BSRD2033, ,24000,USD,24,5.753,101.24375,07/08/2026,12:32:33 PM,ESTRUCTURADA,SEGUNDA PARTE,ROTC,03/02/2027,CONFIRMADA,3268847,0,22/02/2022,22/02/2033,5.3,MINISTERIO DE HACIENDA,HACIENDA,49665
USP3579ECN50,BSRD2033, ,24000,USD,24,5.7366,101.416667,07/08/2026,12:32:33 PM,ESTRUCTURADA,PRIMERA PARTE,ROTC,07/08/2026,CONFIRMADA,3268847,0,22/02/2022,22/02/2033,5.3,MINISTERIO DE HACIENDA,HACIENDA,50575
USP3579ECN50,BSRD2033, ,24000,USD,24,0,0,07/08/2026,12:32:32 PM,PRESTAMO,SEGUNDA PARTE,ROTC,21/02/2033,CONFIRMADA,3268848,0,22/02/2022,22/02/2033,0,MINISTERIO DE HACIENDA,HACIENDA,43232
USP3579ECN50,BSRD2033, ,24000,USD,24,5.7366,101.416667,07/08/2026,12:32:32 PM,PRESTAMO,PRIMERA PARTE,ROTC,07/08/2026,CONFIRMADA,3268848,0,22/02/2022,22/02/2033,0,MINISTERIO DE HACIENDA,HACIENDA,48468
USP3579ECJ49,BSRD2041, ,50000,USD,50,6.6579,87.634889,07/08/2026,12:32:31 PM,ESTRUCTURADA,SEGUNDA PARTE,ROTC,05/11/2026,CONFIRMADA,3268849,0,21/01/2021,21/01/2041,5.3,MINISTERIO DE HACIENDA,HACIENDA,50302
USP3579ECJ49,BSRD2041, ,50000,USD,50,6.6283,87.764444,07/08/2026,12:32:31 PM,ESTRUCTURADA,PRIMERA PARTE,ROTC,07/08/2026,CONFIRMADA,3268849,0,21/01/2021,21/01/2041,5.3,MINISTERIO DE HACIENDA,HACIENDA,50302
USP3579ECJ49,BSRD2041, ,50000,USD,50,0,0,07/08/2026,12:32:31 PM,PRESTAMO,SEGUNDA PARTE,ROTC,18/01/2041,CONFIRMADA,3268850,0,21/01/2021,21/01/2041,0,MINISTERIO DE HACIENDA,HACIENDA,43260
USP3579ECJ49,BSRD2041, ,50000,USD,50,6.6283,87.764444,07/08/2026,12:32:31 PM,PRESTAMO,PRIMERA PARTE,ROTC,07/08/2026,CONFIRMADA,3268850,0,21/01/2021,21/01/2041,0,MINISTERIO DE HACIENDA,HACIENDA,48202
DO1002261928,LE090427,BCENTRAL/ LT 20270409 GTIA,1590000,DOP,159,8.6069,95.786295,07/08/2026,12:32:30 PM,ESTRUCTURADA,SEGUNDA PARTE,ROTC,07/10/2026,CONFIRMADA,3268851,0,09/04/2026,09/04/2027,9.05,BANCO CENTRAL DE LA REPUBLICA DOMINICANA,BCENTRAL,61082
DO1002261928,LE090427,BCENTRAL/ LT 20270409 GTIA,1590000,DOP,159,8.8163,94.339623,07/08/2026,12:32:30 PM,ESTRUCTURADA,PRIMERA PARTE,ROTC,07/08/2026,CONFIRMADA,3268851,0,09/04/2026,09/04/2027,9.05,BANCO CENTRAL DE LA REPUBLICA DOMINICANA,BCENTRAL,61089
DO1002261928,LE090427,BCENTRAL/ LT 20270409 GTIA,1590000,DOP,159,0,0,07/08/2026,12:32:29 PM,PRESTAMO,SEGUNDA PARTE,ROTC,08/04/2027,CONFIRMADA,3268852,0,09/04/2026,09/04/2027,0,BANCO CENTRAL DE LA REPUBLICA DOMINICANA,BCENTRAL,54173
DO1002261928,LE090427,BCENTRAL/ LT 20270409 GTIA,1590000,DOP,159,8.8163,94.339623,07/08/2026,12:32:29 PM,PRESTAMO,PRIMERA PARTE,ROTC,07/08/2026,CONFIRMADA,3268852,0,09/04/2026,09/04/2027,0,BANCO CENTRAL DE LA REPUBLICA DOMINICANA,BCENTRAL,59045
USP3579ECY16,BSDR2037, ,100000,DOP,2,9.8973,103.798823,07/08/2026,12:32:29 PM,ESTRUCTURADA,SEGUNDA PARTE,ROTC,10/12/2026,CONFIRMADA,3268853,0,24/02/2025,15/03/2037,9.2,MINISTERIO DE HACIENDA,HACIENDA,50589
USP3579ECY16,BSDR2037, ,100000,DOP,2,9.8896,103.933903,07/08/2026,12:32:29 PM,ESTRUCTURADA,PRIMERA PARTE,ROTC,07/08/2026,CONFIRMADA,3268853,0,24/02/2025,15/03/2037,9.2,MINISTERIO DE HACIENDA,HACIENDA,50687
USP3579ECY16,BSDR2037, ,100000,DOP,2,0,0,07/08/2026,12:32:28 PM,PRESTAMO,SEGUNDA PARTE,ROTC,13/03/2037,CONFIRMADA,3268854,0,24/02/2025,15/03/2037,0,MINISTERIO DE HACIENDA,HACIENDA,43302
USP3579ECY16,BSDR2037, ,100000,DOP,2,9.8896,103.933903,07/08/2026,12:32:28 PM,PRESTAMO,PRIMERA PARTE,ROTC,07/08/2026,CONFIRMADA,3268854,0,24/02/2025,15/03/2037,0,MINISTERIO DE HACIENDA,HACIENDA,48580
USP3579ECE51,BSRD2049,"DOMINICAN, REP /6.4 BD 20490605",39000,USD,39,6.88,94.509034,07/08/2026,12:32:28 PM,ESTRUCTURADA,SEGUNDA PARTE,ROTC,10/09/2026,CONFIRMADA,3268855,0,05/06/2019,05/06/2049,4.55,MINISTERIO DE HACIENDA,HACIENDA,61957
USP3579ECE51,BSRD2049,"DOMINICAN, REP /6.4 BD 20490605",39000,USD,39,6.8633,94.684085,07/08/2026,12:32:28 PM,ESTRUCTURADA,PRIMERA PARTE,ROTC,07/08/2026,CONFIRMADA,3268855,0,05/06/2019,05/06/2049,4.55,MINISTERIO DE HACIENDA,HACIENDA,62825
DO1002227317,NO150928,BCENTRAL/11 BOEST 20280915 GTIA,95000000,DOP,9500,9.15,103.451551,07/08/2026,12:32:28 PM,CONTADO,PRIMERA PARTE,ROTC,07/08/2026,CONFIRMADA,3268914,0,15/09/2023,15/09/2028,0,BANCO CENTRAL DE LA REPUBLICA DOMINICANA,BCENTRAL,60809
USP3579ECE51,BSRD2049,"DOMINICAN, REP /6.4 BD 20490605",39000,USD,39,0,0,07/08/2026,12:32:27 PM,PRESTAMO,SEGUNDA PARTE,ROTC,04/06/2049,CONFIRMADA,3268856,0,05/06/2019,05/06/2049,0,MINISTERIO DE HACIENDA,HACIENDA,55825
USP3579ECE51,BSRD2049,"DOMINICAN, REP /6.4 BD 20490605",39000,USD,39,6.8633,94.684085,07/08/2026,12:32:27 PM,PRESTAMO,PRIMERA PARTE,ROTC,07/08/2026,CONFIRMADA,3268856,0,05/06/2019,05/06/2049,0,MINISTERIO DE HACIENDA,HACIENDA,60718
DO1002261423,NO301129,BCENTRAL/9.5 BOEST 20291130 GTIA,100000,DOP,10,7.9518,104.214067,07/08/2026,12:32:26 PM,ESTRUCTURADA,SEGUNDA PARTE,ROTC,08/10/2026,CONFIRMADA,3268857,0,30/11/2025,30/11/2029,9.05,BANCO CENTRAL DE LA REPUBLICA DOMINICANA,BCENTRAL,62986
DO1002261423,NO301129,BCENTRAL/9.5 BOEST 20291130 GTIA,100000,DOP,10,8.0359,104.16334,07/08/2026,12:32:26 PM,ESTRUCTURADA,PRIMERA PARTE,ROTC,07/08/2026,CONFIRMADA,3268857,0,30/11/2025,30/11/2029,9.05,BANCO CENTRAL DE LA REPUBLICA DOMINICANA,BCENTRAL,62699
DO1002261423,NO301129,BCENTRAL/9.5 BOEST 20291130 GTIA,100000,DOP,10,0,0,07/08/2026,12:32:26 PM,PRESTAMO,SEGUNDA PARTE,ROTC,29/11/2029,CONFIRMADA,3268858,0,30/11/2025,30/11/2029,0,BANCO CENTRAL DE LA REPUBLICA DOMINICANA,BCENTRAL,55874
DO1002261423,NO301129,BCENTRAL/9.5 BOEST 20291130 GTIA,100000,DOP,10,8.0359,104.16334,07/08/2026,12:32:26 PM,PRESTAMO,PRIMERA PARTE,ROTC,07/08/2026,CONFIRMADA,3268858,0,30/11/2025,30/11/2029,0,BANCO CENTRAL DE LA REPUBLICA DOMINICANA,BCENTRAL,60599
USP3579ECN50,BSRD2033, ,34000,USD,34,5.7277,101.395382,07/08/2026,12:32:25 PM,ESTRUCTURADA,SEGUNDA PARTE,ROTC,07/12/2026,CONFIRMADA,3268859,0,22/02/2022,22/02/2033,5.05,MINISTERIO DE HACIENDA,HACIENDA,50505
USP3579ECN50,BSRD2033, ,34000,USD,34,5.7012,101.609382,07/08/2026,12:32:25 PM,ESTRUCTURADA,PRIMERA PARTE,ROTC,07/08/2026,CONFIRMADA,3268859,0,22/02/2022,22/02/2033,5.05,MINISTERIO DE HACIENDA,HACIENDA,50498
USP3579ECN50,BSRD2033, ,34000,USD,34,0,0,07/08/2026,12:32:24 PM,PRESTAMO,SEGUNDA PARTE,ROTC,21/02/2033,CONFIRMADA,3268860,0,22/02/2022,22/02/2033,0,MINISTERIO DE HACIENDA,HACIENDA,43253
USP3579ECN50,BSRD2033, ,34000,USD,34,5.7012,101.609382,07/08/2026,12:32:24 PM,PRESTAMO,PRIMERA PARTE,ROTC,07/08/2026,CONFIRMADA,3268860,0,22/02/2022,22/02/2033,0,MINISTERIO DE HACIENDA,HACIENDA,48391
DO1002261423,NO301129,BCENTRAL/9.5 BOEST 20291130 GTIA,60000,DOP,6,9.4552,100.094996,07/08/2026,12:32:24 PM,ESTRUCTURADA,SEGUNDA PARTE,ROTC,08/09/2026,CONFIRMADA,3268861,0,30/11/2025,30/11/2029,8.25,BANCO CENTRAL DE LA REPUBLICA DOMINICANA,BCENTRAL,62482
DO1002261423,NO301129,BCENTRAL/9.5 BOEST 20291130 GTIA,60000,DOP,6,9.4287,100.173417,07/08/2026,12:32:24 PM,ESTRUCTURADA,PRIMERA PARTE,ROTC,07/08/2026,CONFIRMADA,3268861,0,30/11/2025,30/11/2029,8.25,BANCO CENTRAL DE LA REPUBLICA DOMINICANA,BCENTRAL,62468
DO1002261423,NO301129,BCENTRAL/9.5 BOEST 20291130 GTIA,60000,DOP,6,0,0,07/08/2026,12:32:23 PM,PRESTAMO,SEGUNDA PARTE,ROTC,29/11/2029,CONFIRMADA,3268862,0,30/11/2025,30/11/2029,0,BANCO CENTRAL DE LA REPUBLICA DOMINICANA,BCENTRAL,55251
DO1002261423,NO301129,BCENTRAL/9.5 BOEST 20291130 GTIA,60000,DOP,6,9.4287,100.173417,07/08/2026,12:32:23 PM,PRESTAMO,PRIMERA PARTE,ROTC,07/08/2026,CONFIRMADA,3268862,0,30/11/2025,30/11/2029,0,BANCO CENTRAL DE LA REPUBLICA DOMINICANA,BCENTRAL,60361
USP3579ECN50,BSRD2033, ,8000,USD,8,5.8327,100.861083,07/08/2026,12:32:23 PM,ESTRUCTURADA,SEGUNDA PARTE,ROTC,05/11/2026,CONFIRMADA,3268863,0,22/02/2022,22/02/2033,4.95,MINISTERIO DE HACIENDA,HACIENDA,49756
USP3579ECN50,BSRD2033, ,8000,USD,8,5.8054,101.043375,07/08/2026,12:32:23 PM,ESTRUCTURADA,PRIMERA PARTE,ROTC,07/08/2026,CONFIRMADA,3268863,0,22/02/2022,22/02/2033,4.95,MINISTERIO DE HACIENDA,HACIENDA,49833
USP3579ECN50,BSRD2033, ,8000,USD,8,0,0,07/08/2026,12:32:22 PM,PRESTAMO,SEGUNDA PARTE,ROTC,21/02/2033,CONFIRMADA,3268864,0,22/02/2022,22/02/2033,0,MINISTERIO DE HACIENDA,HACIENDA,42581
USP3579ECN50,BSRD2033, ,8000,USD,8,5.8054,101.043375,07/08/2026,12:32:22 PM,PRESTAMO,PRIMERA PARTE,ROTC,07/08/2026,CONFIRMADA,3268864,0,22/02/2022,22/02/2033,0,MINISTERIO DE HACIENDA,HACIENDA,47726
USP3579ECJ49,BSRD2041, ,20000,USD,20,6.4843,89.063961,07/08/2026,12:32:22 PM,ESTRUCTURADA,SEGUNDA PARTE,ROTC,07/10/2026,CONFIRMADA,3268866,0,21/01/2021,21/01/2041,5.1,MINISTERIO DE HACIENDA,HACIENDA,50134
USP3579ECJ49,BSRD2041, ,20000,USD,20,6.4633,89.174644,07/08/2026,12:32:22 PM,ESTRUCTURADA,PRIMERA PARTE,ROTC,07/08/2026,CONFIRMADA,3268866,0,21/01/2021,21/01/2041,5.1,MINISTERIO DE HACIENDA,HACIENDA,50232
USP3579ECJ49,BSRD2041, ,20000,USD,20,0,0,07/08/2026,12:32:21 PM,PRESTAMO,SEGUNDA PARTE,ROTC,18/01/2041,CONFIRMADA,3268867,0,21/01/2021,21/01/2041,0,MINISTERIO DE HACIENDA,HACIENDA,43211
USP3579ECJ49,BSRD2041, ,20000,USD,20,6.4633,89.174644,07/08/2026,12:32:21 PM,PRESTAMO,PRIMERA PARTE,ROTC,07/08/2026,CONFIRMADA,3268867,0,21/01/2021,21/01/2041,0,MINISTERIO DE HACIENDA,HACIENDA,48125
USP3579ECV76,BSDR2036, ,2000000,DOP,40,8.8006,112.478482,07/08/2026,12:32:21 PM,ESTRUCTURADA,SEGUNDA PARTE,ROTC,07/10/2026,CONFIRMADA,3268868,0,01/07/2024,01/06/2036,9.35,MINISTERIO DE HACIENDA,HACIENDA,51142
USP3579ECV76,BSDR2036, ,2000000,DOP,40,8.8228,112.457259,07/08/2026,12:32:21 PM,ESTRUCTURADA,PRIMERA PARTE,ROTC,07/08/2026,CONFIRMADA,3268868,0,01/07/2024,01/06/2036,9.35,MINISTERIO DE HACIENDA,HACIENDA,51289
USP3579ECV76,BSDR2036, ,2000000,DOP,40,0,0,07/08/2026,12:32:20 PM,PRESTAMO,SEGUNDA PARTE,ROTC,30/05/2036,CONFIRMADA,3268869,0,01/07/2024,01/06/2036,0,MINISTERIO DE HACIENDA,HACIENDA,43953
USP3579ECV76,BSDR2036, ,2000000,DOP,40,8.8228,112.457259,07/08/2026,12:32:20 PM,PRESTAMO,PRIMERA PARTE,ROTC,07/08/2026,CONFIRMADA,3268869,0,01/07/2024,01/06/2036,0,MINISTERIO DE HACIENDA,HACIENDA,49182
DO1002261928,LE090427,BCENTRAL/ LT 20270409 GTIA,890000,DOP,89,9.2827,97.022918,07/08/2026,12:32:19 PM,ESTRUCTURADA,SEGUNDA PARTE,ROTC,11/12/2026,CONFIRMADA,3268870,0,09/04/2026,09/04/2027,9.35,BANCO CENTRAL DE LA REPUBLICA DOMINICANA,BCENTRAL,60368
DO1002261928,LE090427,BCENTRAL/ LT 20270409 GTIA,890000,DOP,89,9.4648,93.948454,07/08/2026,12:32:19 PM,ESTRUCTURADA,PRIMERA PARTE,ROTC,07/08/2026,CONFIRMADA,3268870,0,09/04/2026,09/04/2027,9.35,BANCO CENTRAL DE LA REPUBLICA DOMINICANA,BCENTRAL,60578
DO1002261928,LE090427,BCENTRAL/ LT 20270409 GTIA,890000,DOP,89,0,0,07/08/2026,12:32:19 PM,PRESTAMO,SEGUNDA PARTE,ROTC,08/04/2027,CONFIRMADA,3268871,0,09/04/2026,09/04/2027,0,BANCO CENTRAL DE LA REPUBLICA DOMINICANA,BCENTRAL,53522
DO1002261928,LE090427,BCENTRAL/ LT 20270409 GTIA,890000,DOP,89,9.4648,93.948454,07/08/2026,12:32:19 PM,PRESTAMO,PRIMERA PARTE,ROTC,07/08/2026,CONFIRMADA,3268871,0,09/04/2026,09/04/2027,0,BANCO CENTRAL DE LA REPUBLICA DOMINICANA,BCENTRAL,58478
USP3579ECY16,BSDR2037, ,133200000,DOP,2664,9.2099,108.569895,07/08/2026,12:32:18 PM,ESTRUCTURADA,SEGUNDA PARTE,ROTC,09/09/2026,CONFIRMADA,3268872,0,24/02/2025,15/03/2037,10,MINISTERIO DE HACIENDA,HACIENDA,52878
USP3579ECY16,BSDR2037, ,133200000,DOP,2664,9.2278,108.470946,07/08/2026,12:32:18 PM,ESTRUCTURADA,PRIMERA PARTE,ROTC,07/08/2026,CONFIRMADA,3268872,0,24/02/2025,15/03/2037,10,MINISTERIO DE HACIENDA,HACIENDA,52829
USP3579ECY16,BSDR2037, ,133200000,DOP,2664,0,0,07/08/2026,12:32:18 PM,PRESTAMO,SEGUNDA PARTE,ROTC,13/03/2037,CONFIRMADA,3268873,0,24/02/2025,15/03/2037,0,MINISTERIO DE HACIENDA,HACIENDA,45479
USP3579ECY16,BSDR2037, ,133200000,DOP,2664,9.2278,108.470946,07/08/2026,12:32:18 PM,PRESTAMO,PRIMERA PARTE,ROTC,07/08/2026,CONFIRMADA,3268873,0,24/02/2025,15/03/2037,0,MINISTERIO DE HACIENDA,HACIENDA,50729
USP3579ECY16,BSDR2037, ,133200000,DOP,2664,9.2099,108.569895,07/08/2026,12:32:17 PM,ESTRUCTURADA,SEGUNDA PARTE,ROTC,09/09/2026,CONFIRMADA,3268874,0,24/02/2025,15/03/2037,10,MINISTERIO DE HACIENDA,HACIENDA,52871
USP3579ECY16,BSDR2037, ,133200000,DOP,2664,9.2278,108.470946,07/08/2026,12:32:17 PM,ESTRUCTURADA,PRIMERA PARTE,ROTC,07/08/2026,CONFIRMADA,3268874,0,24/02/2025,15/03/2037,10,MINISTERIO DE HACIENDA,HACIENDA,52822
USP3579ECY16,BSDR2037, ,133200000,DOP,2664,0,0,07/08/2026,12:32:16 PM,PRESTAMO,SEGUNDA PARTE,ROTC,13/03/2037,CONFIRMADA,3268875,0,24/02/2025,15/03/2037,0,MINISTERIO DE HACIENDA,HACIENDA,45465
USP3579ECY16,BSDR2037, ,133200000,DOP,2664,9.2278,108.470946,07/08/2026,12:32:16 PM,PRESTAMO,PRIMERA PARTE,ROTC,07/08/2026,CONFIRMADA,3268875,0,24/02/2025,15/03/2037,0,MINISTERIO DE HACIENDA,HACIENDA,50715
USP3579ECY16,BSDR2037, ,133200000,DOP,2664,9.2099,108.569895,07/08/2026,12:32:16 PM,ESTRUCTURADA,SEGUNDA PARTE,ROTC,09/09/2026,CONFIRMADA,3268876,0,24/02/2025,15/03/2037,10,MINISTERIO DE HACIENDA,HACIENDA,52864
USP3579ECY16,BSDR2037, ,133200000,DOP,2664,9.2278,108.470946,07/08/2026,12:32:16 PM,ESTRUCTURADA,PRIMERA PARTE,ROTC,07/08/2026,CONFIRMADA,3268876,0,24/02/2025,15/03/2037,10,MINISTERIO DE HACIENDA,HACIENDA,52815
DO1005206516,MH32028,HACIENDA/10.75 BOEST 20280811 GTIA,95400000,DOP,954,6.2452,108.073258,07/08/2026,12:32:16 PM,PRESTAMO,SEGUNDA PARTE,ROTC,07/09/2026,CONFIRMADA,3268916,0,10/08/2018,11/08/2028,8.99,MINISTERIO DE HACIENDA,HACIENDA,62279
DO1005206516,MH32028,HACIENDA/10.75 BOEST 20280811 GTIA,95400000,DOP,954,9.2017,102.818905,07/08/2026,12:32:16 PM,PRESTAMO,PRIMERA PARTE,ROTC,07/08/2026,CONFIRMADA,3268916,0,10/08/2018,11/08/2028,8.99,MINISTERIO DE HACIENDA,HACIENDA,62335
DO1005206516,MH32028,HACIENDA/10.75 BOEST 20280811 GTIA,95400000,DOP,954,6.2452,108.073258,07/08/2026,12:32:15 PM,ESTRUCTURADA,SEGUNDA PARTE,ROTC,07/09/2026,CONFIRMADA,3268819,0,10/08/2018,11/08/2028,8.99,MINISTERIO DE HACIENDA,HACIENDA,64372
DO1005206516,MH32028,HACIENDA/10.75 BOEST 20280811 GTIA,95400000,DOP,954,9.2017,102.818905,07/08/2026,12:32:15 PM,ESTRUCTURADA,PRIMERA PARTE,ROTC,07/08/2026,CONFIRMADA,3268819,0,10/08/2018,11/08/2028,8.99,MINISTERIO DE HACIENDA,HACIENDA,64428
USP3579ECY16,BSDR2037, ,133200000,DOP,2664,0,0,07/08/2026,12:32:15 PM,PRESTAMO,SEGUNDA PARTE,ROTC,13/03/2037,CONFIRMADA,3268877,0,24/02/2025,15/03/2037,0,MINISTERIO DE HACIENDA,HACIENDA,45458
USP3579ECY16,BSDR2037, ,133200000,DOP,2664,9.2278,108.470946,07/08/2026,12:32:15 PM,PRESTAMO,PRIMERA PARTE,ROTC,07/08/2026,CONFIRMADA,3268877,0,24/02/2025,15/03/2037,0,MINISTERIO DE HACIENDA,HACIENDA,50708
USP3579ECY16,BSDR2037, ,133200000,DOP,2664,9.2099,108.569895,07/08/2026,12:32:15 PM,ESTRUCTURADA,SEGUNDA PARTE,ROTC,09/09/2026,CONFIRMADA,3268878,0,24/02/2025,15/03/2037,10,MINISTERIO DE HACIENDA,HACIENDA,52857
USP3579ECY16,BSDR2037, ,133200000,DOP,2664,9.2278,108.470946,07/08/2026,12:32:15 PM,ESTRUCTURADA,PRIMERA PARTE,ROTC,07/08/2026,CONFIRMADA,3268878,0,24/02/2025,15/03/2037,10,MINISTERIO DE HACIENDA,HACIENDA,52808
USP3579ECY16,BSDR2037, ,133200000,DOP,2664,0,0,07/08/2026,12:32:14 PM,PRESTAMO,SEGUNDA PARTE,ROTC,13/03/2037,CONFIRMADA,3268879,0,24/02/2025,15/03/2037,0,MINISTERIO DE HACIENDA,HACIENDA,45451
USP3579ECY16,BSDR2037, ,133200000,DOP,2664,9.2278,108.470946,07/08/2026,12:32:14 PM,PRESTAMO,PRIMERA PARTE,ROTC,07/08/2026,CONFIRMADA,3268879,0,24/02/2025,15/03/2037,0,MINISTERIO DE HACIENDA,HACIENDA,50701
USP3579ECY16,BSDR2037, ,133200000,DOP,2664,9.2099,108.569895,07/08/2026,12:32:13 PM,ESTRUCTURADA,SEGUNDA PARTE,ROTC,09/09/2026,CONFIRMADA,3268880,0,24/02/2025,15/03/2037,10,MINISTERIO DE HACIENDA,HACIENDA,52843
USP3579ECY16,BSDR2037, ,133200000,DOP,2664,9.2278,108.470946,07/08/2026,12:32:13 PM,ESTRUCTURADA,PRIMERA PARTE,ROTC,07/08/2026,CONFIRMADA,3268880,0,24/02/2025,15/03/2037,10,MINISTERIO DE HACIENDA,HACIENDA,52794
USP3579ECY16,BSDR2037, ,133200000,DOP,2664,0,0,07/08/2026,12:32:13 PM,PRESTAMO,SEGUNDA PARTE,ROTC,13/03/2037,CONFIRMADA,3268881,0,24/02/2025,15/03/2037,0,MINISTERIO DE HACIENDA,HACIENDA,45444
USP3579ECY16,BSDR2037, ,133200000,DOP,2664,9.2278,108.470946,07/08/2026,12:32:13 PM,PRESTAMO,PRIMERA PARTE,ROTC,07/08/2026,CONFIRMADA,3268881,0,24/02/2025,15/03/2037,0,MINISTERIO DE HACIENDA,HACIENDA,50694
USP3579ECY16,BSDR2037, ,133200000,DOP,2664,9.2099,108.569895,07/08/2026,12:32:12 PM,ESTRUCTURADA,SEGUNDA PARTE,ROTC,09/09/2026,CONFIRMADA,3268882,0,24/02/2025,15/03/2037,10,MINISTERIO DE HACIENDA,HACIENDA,52836
USP3579ECY16,BSDR2037, ,133200000,DOP,2664,9.2278,108.470946,07/08/2026,12:32:12 PM,ESTRUCTURADA,PRIMERA PARTE,ROTC,07/08/2026,CONFIRMADA,3268882,0,24/02/2025,15/03/2037,10,MINISTERIO DE HACIENDA,HACIENDA,52787
USP3579ECY16,BSDR2037, ,133200000,DOP,2664,0,0,07/08/2026,12:32:11 PM,PRESTAMO,SEGUNDA PARTE,ROTC,13/03/2037,CONFIRMADA,3268883,0,24/02/2025,15/03/2037,0,MINISTERIO DE HACIENDA,HACIENDA,45430
USP3579ECY16,BSDR2037, ,133200000,DOP,2664,9.2278,108.470946,07/08/2026,12:32:11 PM,PRESTAMO,PRIMERA PARTE,ROTC,07/08/2026,CONFIRMADA,3268883,0,24/02/2025,15/03/2037,0,MINISTERIO DE HACIENDA,HACIENDA,50680
USP3579ECY16,BSDR2037, ,133200000,DOP,2664,9.2099,108.569895,07/08/2026,12:32:11 PM,ESTRUCTURADA,SEGUNDA PARTE,ROTC,09/09/2026,CONFIRMADA,3268884,0,24/02/2025,15/03/2037,10,MINISTERIO DE HACIENDA,HACIENDA,52829
USP3579ECY16,BSDR2037, ,133200000,DOP,2664,9.2278,108.470946,07/08/2026,12:32:11 PM,ESTRUCTURADA,PRIMERA PARTE,ROTC,07/08/2026,CONFIRMADA,3268884,0,24/02/2025,15/03/2037,10,MINISTERIO DE HACIENDA,HACIENDA,52780
USP3579ECY16,BSDR2037, ,133200000,DOP,2664,0,0,07/08/2026,12:32:10 PM,PRESTAMO,SEGUNDA PARTE,ROTC,13/03/2037,CONFIRMADA,3268885,0,24/02/2025,15/03/2037,0,MINISTERIO DE HACIENDA,HACIENDA,45423
USP3579ECY16,BSDR2037, ,133200000,DOP,2664,9.2278,108.470946,07/08/2026,12:32:10 PM,PRESTAMO,PRIMERA PARTE,ROTC,07/08/2026,CONFIRMADA,3268885,0,24/02/2025,15/03/2037,0,MINISTERIO DE HACIENDA,HACIENDA,50673
USP3579ECY16,BSDR2037, ,133200000,DOP,2664,9.2099,108.569895,07/08/2026,12:32:10 PM,ESTRUCTURADA,SEGUNDA PARTE,ROTC,09/09/2026,CONFIRMADA,3268886,0,24/02/2025,15/03/2037,10,MINISTERIO DE HACIENDA,HACIENDA,52822
USP3579ECY16,BSDR2037, ,133200000,DOP,2664,9.2278,108.470946,07/08/2026,12:32:10 PM,ESTRUCTURADA,PRIMERA PARTE,ROTC,07/08/2026,CONFIRMADA,3268886,0,24/02/2025,15/03/2037,10,MINISTERIO DE HACIENDA,HACIENDA,52773
USP3579ECY16,BSDR2037, ,133200000,DOP,2664,0,0,07/08/2026,12:32:09 PM,PRESTAMO,SEGUNDA PARTE,ROTC,13/03/2037,CONFIRMADA,3268887,0,24/02/2025,15/03/2037,0,MINISTERIO DE HACIENDA,HACIENDA,45479
USP3579ECY16,BSDR2037, ,133200000,DOP,2664,9.2278,108.470946,07/08/2026,12:32:09 PM,PRESTAMO,PRIMERA PARTE,ROTC,07/08/2026,CONFIRMADA,3268887,0,24/02/2025,15/03/2037,0,MINISTERIO DE HACIENDA,HACIENDA,50729
USP3579ECY16,BSDR2037, ,133200000,DOP,2664,9.2099,108.569895,07/08/2026,12:32:08 PM,ESTRUCTURADA,SEGUNDA PARTE,ROTC,09/09/2026,CONFIRMADA,3268888,0,24/02/2025,15/03/2037,10,MINISTERIO DE HACIENDA,HACIENDA,52871
USP3579ECY16,BSDR2037, ,133200000,DOP,2664,9.2278,108.470946,07/08/2026,12:32:08 PM,ESTRUCTURADA,PRIMERA PARTE,ROTC,07/08/2026,CONFIRMADA,3268888,0,24/02/2025,15/03/2037,10,MINISTERIO DE HACIENDA,HACIENDA,52822
USP3579ECY16,BSDR2037, ,133200000,DOP,2664,0,0,07/08/2026,12:32:07 PM,PRESTAMO,SEGUNDA PARTE,ROTC,13/03/2037,CONFIRMADA,3268889,0,24/02/2025,15/03/2037,0,MINISTERIO DE HACIENDA,HACIENDA,45465
USP3579ECY16,BSDR2037, ,133200000,DOP,2664,9.2278,108.470946,07/08/2026,12:32:07 PM,PRESTAMO,PRIMERA PARTE,ROTC,07/08/2026,CONFIRMADA,3268889,0,24/02/2025,15/03/2037,0,MINISTERIO DE HACIENDA,HACIENDA,50715
USP3579ECY16,BSDR2037, ,133200000,DOP,2664,9.2099,108.569895,07/08/2026,12:32:07 PM,ESTRUCTURADA,SEGUNDA PARTE,ROTC,09/09/2026,CONFIRMADA,3268890,0,24/02/2025,15/03/2037,10,MINISTERIO DE HACIENDA,HACIENDA,52864
USP3579ECY16,BSDR2037, ,133200000,DOP,2664,9.2278,108.470946,07/08/2026,12:32:07 PM,ESTRUCTURADA,PRIMERA PARTE,ROTC,07/08/2026,CONFIRMADA,3268890,0,24/02/2025,15/03/2037,10,MINISTERIO DE HACIENDA,HACIENDA,52815
USP3579ECY16,BSDR2037, ,133200000,DOP,2664,0,0,07/08/2026,12:32:06 PM,PRESTAMO,SEGUNDA PARTE,ROTC,13/03/2037,CONFIRMADA,3268891,0,24/02/2025,15/03/2037,0,MINISTERIO DE HACIENDA,HACIENDA,45458
USP3579ECY16,BSDR2037, ,133200000,DOP,2664,9.2278,108.470946,07/08/2026,12:32:06 PM,PRESTAMO,PRIMERA PARTE,ROTC,07/08/2026,CONFIRMADA,3268891,0,24/02/2025,15/03/2037,0,MINISTERIO DE HACIENDA,HACIENDA,50708
DO1002261423,NO301129,BCENTRAL/9.5 BOEST 20291130 GTIA,130000,DOP,13,8.7024,102.08972,07/08/2026,12:32:06 PM,ESTRUCTURADA,SEGUNDA PARTE,ROTC,10/11/2026,CONFIRMADA,3268893,0,30/11/2025,30/11/2029,9.15,BANCO CENTRAL DE LA REPUBLICA DOMINICANA,BCENTRAL,62601
DO1002261423,NO301129,BCENTRAL/9.5 BOEST 20291130 GTIA,130000,DOP,13,8.7702,102.035427,07/08/2026,12:32:06 PM,ESTRUCTURADA,PRIMERA PARTE,ROTC,07/08/2026,CONFIRMADA,3268893,0,30/11/2025,30/11/2029,9.15,BANCO CENTRAL DE LA REPUBLICA DOMINICANA,BCENTRAL,63070
DO1002261423,NO301129,BCENTRAL/9.5 BOEST 20291130 GTIA,130000,DOP,13,0,0,07/08/2026,12:32:05 PM,PRESTAMO,SEGUNDA PARTE,ROTC,29/11/2029,CONFIRMADA,3268894,0,30/11/2025,30/11/2029,0,BANCO CENTRAL DE LA REPUBLICA DOMINICANA,BCENTRAL,55895
DO1002261423,NO301129,BCENTRAL/9.5 BOEST 20291130 GTIA,130000,DOP,13,8.7702,102.035427,07/08/2026,12:32:05 PM,PRESTAMO,PRIMERA PARTE,ROTC,07/08/2026,CONFIRMADA,3268894,0,30/11/2025,30/11/2029,0,BANCO CENTRAL DE LA REPUBLICA DOMINICANA,BCENTRAL,60963
USP3579ECS48,BSDR2035, ,4700000,DOP,94,8.7978,114.659273,07/08/2026,12:32:05 PM,ESTRUCTURADA,SEGUNDA PARTE,ROTC,05/01/2027,CONFIRMADA,3268895,0,15/09/2023,15/09/2035,9.15,MINISTERIO DE HACIENDA,HACIENDA,51366
USP3579ECS48,BSDR2035, ,4700000,DOP,94,8.859,114.711436,07/08/2026,12:32:05 PM,ESTRUCTURADA,PRIMERA PARTE,ROTC,07/08/2026,CONFIRMADA,3268895,0,15/09/2023,15/09/2035,9.15,MINISTERIO DE HACIENDA,HACIENDA,51016
USP3579ECS48,BSDR2035, ,4700000,DOP,94,0,0,07/08/2026,12:32:04 PM,PRESTAMO,SEGUNDA PARTE,ROTC,14/09/2035,CONFIRMADA,3268896,0,15/09/2023,15/09/2035,0,MINISTERIO DE HACIENDA,HACIENDA,44093
USP3579ECS48,BSDR2035, ,4700000,DOP,94,8.859,114.711436,07/08/2026,12:32:04 PM,PRESTAMO,PRIMERA PARTE,ROTC,07/08/2026,CONFIRMADA,3268896,0,15/09/2023,15/09/2035,0,MINISTERIO DE HACIENDA,HACIENDA,48909
USP3579ECJ49,BSRD2041, ,205000,USD,205,6.6639,87.68059,07/08/2026,12:32:03 PM,ESTRUCTURADA,SEGUNDA PARTE,ROTC,05/01/2027,CONFIRMADA,3268897,0,21/01/2021,21/01/2041,5.05,MINISTERIO DE HACIENDA,HACIENDA,50568
USP3579ECJ49,BSRD2041, ,205000,USD,205,6.6016,87.990674,07/08/2026,12:32:03 PM,ESTRUCTURADA,PRIMERA PARTE,ROTC,07/08/2026,CONFIRMADA,3268897,0,21/01/2021,21/01/2041,5.05,MINISTERIO DE HACIENDA,HACIENDA,50995
USP3579ECJ49,BSRD2041, ,205000,USD,205,0,0,07/08/2026,12:32:03 PM,PRESTAMO,SEGUNDA PARTE,ROTC,18/01/2041,CONFIRMADA,3268898,0,21/01/2021,21/01/2041,0,MINISTERIO DE HACIENDA,HACIENDA,43953
USP3579ECJ49,BSRD2041, ,205000,USD,205,6.6016,87.990674,07/08/2026,12:32:03 PM,PRESTAMO,PRIMERA PARTE,ROTC,07/08/2026,CONFIRMADA,3268898,0,21/01/2021,21/01/2041,0,MINISTERIO DE HACIENDA,HACIENDA,48895
DO1002261928,LE090427,BCENTRAL/ LT 20270409 GTIA,620000,DOP,62,11.1677,96.238345,07/08/2026,12:32:02 PM,ESTRUCTURADA,SEGUNDA PARTE,ROTC,04/12/2026,CONFIRMADA,3268899,0,09/04/2026,09/04/2027,9.4,BANCO CENTRAL DE LA REPUBLICA DOMINICANA,BCENTRAL,60515
DO1002261928,LE090427,BCENTRAL/ LT 20270409 GTIA,620000,DOP,62,10.4875,93.338123,07/08/2026,12:32:02 PM,ESTRUCTURADA,PRIMERA PARTE,ROTC,07/08/2026,CONFIRMADA,3268899,0,09/04/2026,09/04/2027,9.4,BANCO CENTRAL DE LA REPUBLICA DOMINICANA,BCENTRAL,60592
DO1002261928,LE090427,BCENTRAL/ LT 20270409 GTIA,620000,DOP,62,0,0,07/08/2026,12:32:01 PM,PRESTAMO,SEGUNDA PARTE,ROTC,08/04/2027,CONFIRMADA,3268900,0,09/04/2026,09/04/2027,0,BANCO CENTRAL DE LA REPUBLICA DOMINICANA,BCENTRAL,53333
DO1002261928,LE090427,BCENTRAL/ LT 20270409 GTIA,620000,DOP,62,10.4875,93.338123,07/08/2026,12:32:01 PM,PRESTAMO,PRIMERA PARTE,ROTC,07/08/2026,CONFIRMADA,3268900,0,09/04/2026,09/04/2027,0,BANCO CENTRAL DE LA REPUBLICA DOMINICANA,BCENTRAL,58485
USP3579EBY25,BSRD2048,DOMINICAN REP/6.5 CHURCH BD UNSEC,509000,USD,509,6.8425,96.172992,07/08/2026,12:32:01 PM,ESTRUCTURADA,SEGUNDA PARTE,ROTC,06/10/2026,CONFIRMADA,3268901,0,08/02/2018,15/02/2048,5.45,MINISTERIO DE HACIENDA,HACIENDA,66094
USP3579EBY25,BSRD2048,DOMINICAN REP/6.5 CHURCH BD UNSEC,509000,USD,509,6.8272,96.335018,07/08/2026,12:32:01 PM,ESTRUCTURADA,PRIMERA PARTE,ROTC,07/08/2026,CONFIRMADA,3268901,0,08/02/2018,15/02/2048,5.45,MINISTERIO DE HACIENDA,HACIENDA,66143
USP3579EBY25,BSRD2048,DOMINICAN REP/6.5 CHURCH BD UNSEC,509000,USD,509,0,0,07/08/2026,12:32:00 PM,PRESTAMO,SEGUNDA PARTE,ROTC,14/02/2048,CONFIRMADA,3268902,0,08/02/2018,15/02/2048,0,MINISTERIO DE HACIENDA,HACIENDA,59185
USP3579EBY25,BSRD2048,DOMINICAN REP/6.5 CHURCH BD UNSEC,509000,USD,509,6.8272,96.335018,07/08/2026,12:32:00 PM,PRESTAMO,PRIMERA PARTE,ROTC,07/08/2026,CONFIRMADA,3268902,0,08/02/2018,15/02/2048,0,MINISTERIO DE HACIENDA,HACIENDA,64036
USP3579EBY25,BSRD2048,DOMINICAN REP/6.5 CHURCH BD UNSEC,346000,USD,346,6.839,96.210843,07/08/2026,12:32:00 PM,ESTRUCTURADA,SEGUNDA PARTE,ROTC,02/10/2026,CONFIRMADA,3268903,0,08/02/2018,15/02/2048,5.45,MINISTERIO DE HACIENDA,HACIENDA,65632
USP3579EBY25,BSRD2048,DOMINICAN REP/6.5 CHURCH BD UNSEC,346000,USD,346,6.8249,96.360647,07/08/2026,12:32:00 PM,ESTRUCTURADA,PRIMERA PARTE,ROTC,07/08/2026,CONFIRMADA,3268903,0,08/02/2018,15/02/2048,5.45,MINISTERIO DE HACIENDA,HACIENDA,66192
USP3579EBY25,BSRD2048,DOMINICAN REP/6.5 CHURCH BD UNSEC,346000,USD,346,0,0,07/08/2026,12:31:59 PM,PRESTAMO,SEGUNDA PARTE,ROTC,14/02/2048,CONFIRMADA,3268904,0,08/02/2018,15/02/2048,0,MINISTERIO DE HACIENDA,HACIENDA,59262
USP3579EBY25,BSRD2048,DOMINICAN REP/6.5 CHURCH BD UNSEC,346000,USD,346,6.8249,96.360647,07/08/2026,12:31:59 PM,PRESTAMO,PRIMERA PARTE,ROTC,07/08/2026,CONFIRMADA,3268904,0,08/02/2018,15/02/2048,0,MINISTERIO DE HACIENDA,HACIENDA,64183
DO1002261928,LE090427,BCENTRAL/ LT 20270409 GTIA,1600000,DOP,160,9.7815,94.553516,07/08/2026,12:31:59 PM,ESTRUCTURADA,SEGUNDA PARTE,ROTC,09/09/2026,CONFIRMADA,3268905,0,09/04/2026,09/04/2027,9.35,BANCO CENTRAL DE LA REPUBLICA DOMINICANA,BCENTRAL,61026
DO1002261928,LE090427,BCENTRAL/ LT 20270409 GTIA,1600000,DOP,160,9.7959,93.75,07/08/2026,12:31:59 PM,ESTRUCTURADA,PRIMERA PARTE,ROTC,07/08/2026,CONFIRMADA,3268905,0,09/04/2026,09/04/2027,9.35,BANCO CENTRAL DE LA REPUBLICA DOMINICANA,BCENTRAL,59689
DO1002261928,LE090427,BCENTRAL/ LT 20270409 GTIA,1600000,DOP,160,0,0,07/08/2026,12:31:58 PM,PRESTAMO,SEGUNDA PARTE,ROTC,08/04/2027,CONFIRMADA,3268906,0,09/04/2026,09/04/2027,0,BANCO CENTRAL DE LA REPUBLICA DOMINICANA,BCENTRAL,54068
DO1002261928,LE090427,BCENTRAL/ LT 20270409 GTIA,1600000,DOP,160,9.7959,93.75,07/08/2026,12:31:58 PM,PRESTAMO,PRIMERA PARTE,ROTC,07/08/2026,CONFIRMADA,3268906,0,09/04/2026,09/04/2027,0,BANCO CENTRAL DE LA REPUBLICA DOMINICANA,BCENTRAL,57582
DO1002261423,NO301129,BCENTRAL/9.5 BOEST 20291130 GTIA,150000,DOP,15,9.0354,101.20866,07/08/2026,12:31:58 PM,ESTRUCTURADA,SEGUNDA PARTE,ROTC,05/11/2026,CONFIRMADA,3268907,0,30/11/2025,30/11/2029,9.1,BANCO CENTRAL DE LA REPUBLICA DOMINICANA,BCENTRAL,62664
DO1002261423,NO301129,BCENTRAL/9.5 BOEST 20291130 GTIA,150000,DOP,15,9.0675,101.18945,07/08/2026,12:31:58 PM,ESTRUCTURADA,PRIMERA PARTE,ROTC,07/08/2026,CONFIRMADA,3268907,0,30/11/2025,30/11/2029,9.1,BANCO CENTRAL DE LA REPUBLICA DOMINICANA,BCENTRAL,62860
DO1002261928,LE090427,BCENTRAL/ LT 20270409 GTIA,250000,DOP,25,9.9198,93.797,07/08/2026,12:31:57 PM,CONTADO,PRIMERA PARTE,ROTC,12/08/2026,CONFIRMADA,3267833,0,09/04/2026,09/04/2027,0,BANCO CENTRAL DE LA REPUBLICA DOMINICANA,BCENTRAL,56574
DO1002261423,NO301129,BCENTRAL/9.5 BOEST 20291130 GTIA,150000,DOP,15,0,0,07/08/2026,12:31:57 PM,PRESTAMO,SEGUNDA PARTE,ROTC,29/11/2029,CONFIRMADA,3268908,0,30/11/2025,30/11/2029,0,BANCO CENTRAL DE LA REPUBLICA DOMINICANA,BCENTRAL,55965
DO1002261423,NO301129,BCENTRAL/9.5 BOEST 20291130 GTIA,150000,DOP,15,9.0675,101.18945,07/08/2026,12:31:57 PM,PRESTAMO,PRIMERA PARTE,ROTC,07/08/2026,CONFIRMADA,3268908,0,30/11/2025,30/11/2029,0,BANCO CENTRAL DE LA REPUBLICA DOMINICANA,BCENTRAL,60753
DO1002261423,NO301129,BCENTRAL/9.5 BOEST 20291130 GTIA,550000,DOP,55,9.1295,100.988397,07/08/2026,12:31:56 PM,ESTRUCTURADA,SEGUNDA PARTE,ROTC,09/09/2026,CONFIRMADA,3268909,0,30/11/2025,30/11/2029,8.45,BANCO CENTRAL DE LA REPUBLICA DOMINICANA,BCENTRAL,63301
DO1002261423,NO301129,BCENTRAL/9.5 BOEST 20291130 GTIA,550000,DOP,55,9.119,101.043832,07/08/2026,12:31:56 PM,ESTRUCTURADA,PRIMERA PARTE,ROTC,07/08/2026,CONFIRMADA,3268909,0,30/11/2025,30/11/2029,8.45,BANCO CENTRAL DE LA REPUBLICA DOMINICANA,BCENTRAL,62804
DO1002261423,NO301129,BCENTRAL/9.5 BOEST 20291130 GTIA,550000,DOP,55,0,0,07/08/2026,12:31:56 PM,PRESTAMO,SEGUNDA PARTE,ROTC,29/11/2029,CONFIRMADA,3268910,0,30/11/2025,30/11/2029,0,BANCO CENTRAL DE LA REPUBLICA DOMINICANA,BCENTRAL,56014
DO1002261423,NO301129,BCENTRAL/9.5 BOEST 20291130 GTIA,550000,DOP,55,9.119,101.043832,07/08/2026,12:31:56 PM,PRESTAMO,PRIMERA PARTE,ROTC,07/08/2026,CONFIRMADA,3268910,0,30/11/2025,30/11/2029,0,BANCO CENTRAL DE LA REPUBLICA DOMINICANA,BCENTRAL,60704
DO1005206516,MH32028,HACIENDA/10.75 BOEST 20280811 GTIA,95400000,DOP,954,6.2452,108.073258,07/08/2026,12:31:37 PM,PRESTAMO,SEGUNDA PARTE,ROTC,07/09/2026,CONFIRMADA,3268915,0,10/08/2018,11/08/2028,8.99,MINISTERIO DE HACIENDA,HACIENDA,62293
DO1005206516,MH32028,HACIENDA/10.75 BOEST 20280811 GTIA,95400000,DOP,954,9.2017,102.818905,07/08/2026,12:31:37 PM,PRESTAMO,PRIMERA PARTE,ROTC,07/08/2026,CONFIRMADA,3268915,0,10/08/2018,11/08/2028,8.99,MINISTERIO DE HACIENDA,HACIENDA,62349
DO1005206516,MH32028,HACIENDA/10.75 BOEST 20280811 GTIA,95400000,DOP,954,6.2452,108.073258,07/08/2026,12:31:36 PM,ESTRUCTURADA,SEGUNDA PARTE,ROTC,07/09/2026,CONFIRMADA,3268818,0,10/08/2018,11/08/2028,8.99,MINISTERIO DE HACIENDA,HACIENDA,64386
DO1005206516,MH32028,HACIENDA/10.75 BOEST 20280811 GTIA,95400000,DOP,954,9.2017,102.818905,07/08/2026,12:31:36 PM,ESTRUCTURADA,PRIMERA PARTE,ROTC,07/08/2026,CONFIRMADA,3268818,0,10/08/2018,11/08/2028,8.99,MINISTERIO DE HACIENDA,HACIENDA,64442
DO1002261928,LE090427,BCENTRAL/ LT 20270409 GTIA,30000,DOP,3,26.1544,85.099933,07/08/2026,12:31:28 PM,CONTADO,PRIMERA PARTE,ROTC,11/08/2026,CONFIRMADA,3267830,0,09/04/2026,09/04/2027,0,BANCO CENTRAL DE LA REPUBLICA DOMINICANA,BCENTRAL,57148
DO1002228612,NO031227,BCENTRAL/8 BOEST 20271203 GTIA,7640000,DOP,764,8.8,99.380345,07/08/2026,12:31:26 PM,PRESTAMO,SEGUNDA PARTE,ROTC,27/11/2026,CONFIRMADA,3268913,0,03/12/2024,03/12/2027,0.02,BANCO CENTRAL DE LA REPUBLICA DOMINICANA,BCENTRAL,59766
DO1002228612,NO031227,BCENTRAL/8 BOEST 20271203 GTIA,7640000,DOP,764,8.8,99.380345,07/08/2026,12:31:26 PM,PRESTAMO,PRIMERA PARTE,ROTC,10/08/2026,CONFIRMADA,3268913,0,03/12/2024,03/12/2027,0.02,BANCO CENTRAL DE LA REPUBLICA DOMINICANA,BCENTRAL,59815
DO1002228612,NO031227,BCENTRAL/8 BOEST 20271203 GTIA,7640000,DOP,764,8.332918,99.67926,07/08/2026,12:31:25 PM,PLAZO,PRIMERA PARTE,ROTC,27/11/2026,CONFIRMADA,3268912,0,03/12/2024,03/12/2027,0,BANCO CENTRAL DE LA REPUBLICA DOMINICANA,BCENTRAL,59738
DO1002228612,NO031227,BCENTRAL/8 BOEST 20271203 GTIA,7640000,DOP,764,8.492336,99.380345,07/08/2026,12:31:23 PM,CONTADO,PRIMERA PARTE,ROTC,10/08/2026,CONFIRMADA,3268911,0,03/12/2024,03/12/2027,0,BANCO CENTRAL DE LA REPUBLICA DOMINICANA,BCENTRAL,60914
DO1002228125,NO090229,BCENTRAL/10 BOEST 20290209 GTIA,10000,DOP,1,5.7042,108.975,07/08/2026,12:30:56 PM,PRESTAMO,SEGUNDA PARTE,ROTC,05/11/2026,CONFIRMADA,3268892,0,09/02/2024,09/02/2029,6.775748,BANCO CENTRAL DE LA REPUBLICA DOMINICANA,BCENTRAL,58835
DO1002228125,NO090229,BCENTRAL/10 BOEST 20290209 GTIA,10000,DOP,1,8.2798,103.8204,07/08/2026,12:30:56 PM,PRESTAMO,PRIMERA PARTE,ROTC,07/08/2026,CONFIRMADA,3268892,0,09/02/2024,09/02/2029,6.775748,BANCO CENTRAL DE LA REPUBLICA DOMINICANA,BCENTRAL,59318
DO1005207118,MHUS2026,HACIENDA/6.65 BOEST 20261227 GTIA,28000,USD,28,0.7573,102.220179,07/08/2026,12:30:47 PM,CONTADO,PRIMERA PARTE,ROTC,11/08/2026,CONFIRMADA,3267827,0,27/12/2019,27/12/2026,0,MINISTERIO DE HACIENDA,HACIENDA,60669
DO1005206516,MH32028,HACIENDA/10.75 BOEST 20280811 GTIA,6300000,DOP,63,6.4823,107.628163,07/08/2026,12:29:48 PM,PRESTAMO,SEGUNDA PARTE,ROTC,07/09/2026,CONFIRMADA,3268865,0,10/08/2018,11/08/2028,8.24,MINISTERIO DE HACIENDA,HACIENDA,61586
DO1005206516,MH32028,HACIENDA/10.75 BOEST 20280811 GTIA,6300000,DOP,63,9.4059,102.446243,07/08/2026,12:29:48 PM,PRESTAMO,PRIMERA PARTE,ROTC,07/08/2026,CONFIRMADA,3268865,0,10/08/2018,11/08/2028,8.24,MINISTERIO DE HACIENDA,HACIENDA,61614
DO1005206516,MH32028,HACIENDA/10.75 BOEST 20280811 GTIA,6300000,DOP,63,6.4823,107.628163,07/08/2026,12:29:47 PM,ESTRUCTURADA,SEGUNDA PARTE,ROTC,07/09/2026,CONFIRMADA,3268817,0,10/08/2018,11/08/2028,8.24,MINISTERIO DE HACIENDA,HACIENDA,63679
DO1005206516,MH32028,HACIENDA/10.75 BOEST 20280811 GTIA,6300000,DOP,63,9.4059,102.446243,07/08/2026,12:29:47 PM,ESTRUCTURADA,PRIMERA PARTE,ROTC,07/08/2026,CONFIRMADA,3268817,0,10/08/2018,11/08/2028,8.24,MINISTERIO DE HACIENDA,HACIENDA,63707
DO1002261928,LE090427,BCENTRAL/ LT 20270409 GTIA,1380000,DOP,138,8.6204,94.54401,07/08/2026,12:29:43 PM,CONTADO,PRIMERA PARTE,ROTC,11/08/2026,CONFIRMADA,3267824,0,09/04/2026,09/04/2027,0,BANCO CENTRAL DE LA REPUBLICA DOMINICANA,BCENTRAL,57827
DO1002261225,LE021026,BCENTRAL/ LT 20261002 GTIA,20000,DOP,2,385.24,80.2487,07/08/2026,12:29:15 PM,PRESTAMO,SEGUNDA PARTE,ROTC,09/09/2026,CONFIRMADA,3268834,0,02/10/2025,02/10/2026,7.15,BANCO CENTRAL DE LA REPUBLICA DOMINICANA,BCENTRAL,56490
DO1002261225,LE021026,BCENTRAL/ LT 20261002 GTIA,20000,DOP,2,172.223,79.77335,07/08/2026,12:29:15 PM,PRESTAMO,PRIMERA PARTE,ROTC,10/08/2026,CONFIRMADA,3268834,0,02/10/2025,02/10/2026,7.15,BANCO CENTRAL DE LA REPUBLICA DOMINICANA,BCENTRAL,57211
DO1002261225,LE021026,BCENTRAL/ LT 20261002 GTIA,20000,DOP,2,385.24,80.2487,07/08/2026,12:29:14 PM,ESTRUCTURADA,SEGUNDA PARTE,ROTC,09/09/2026,CONFIRMADA,3268829,0,02/10/2025,02/10/2026,7.15,BANCO CENTRAL DE LA REPUBLICA DOMINICANA,BCENTRAL,58583
DO1002261225,LE021026,BCENTRAL/ LT 20261002 GTIA,20000,DOP,2,172.223,79.77335,07/08/2026,12:29:14 PM,ESTRUCTURADA,PRIMERA PARTE,ROTC,10/08/2026,CONFIRMADA,3268829,0,02/10/2025,02/10/2026,7.15,BANCO CENTRAL DE LA REPUBLICA DOMINICANA,BCENTRAL,59304
DO1005211227,MH32029,HACIENDA/12.75 BOEST 20290923 GTIA,300000,DOP,3,7.4845,112.91503,07/08/2026,12:29:03 PM,PRESTAMO,SEGUNDA PARTE,ROTC,18/12/2026,CONFIRMADA,3268832,0,23/09/2022,23/09/2029,8.65,MINISTERIO DE HACIENDA,HACIENDA,60375
DO1005211227,MH32029,HACIENDA/12.75 BOEST 20290923 GTIA,300000,DOP,3,9.8828,107.517543,07/08/2026,12:29:03 PM,PRESTAMO,PRIMERA PARTE,ROTC,10/08/2026,CONFIRMADA,3268832,0,23/09/2022,23/09/2029,8.65,MINISTERIO DE HACIENDA,HACIENDA,60879
DO1005211227,MH32029,HACIENDA/12.75 BOEST 20290923 GTIA,300000,DOP,3,7.4845,112.91503,07/08/2026,12:29:02 PM,ESTRUCTURADA,SEGUNDA PARTE,ROTC,18/12/2026,CONFIRMADA,3268828,0,23/09/2022,23/09/2029,8.65,MINISTERIO DE HACIENDA,HACIENDA,62468
DO1005211227,MH32029,HACIENDA/12.75 BOEST 20290923 GTIA,300000,DOP,3,9.8828,107.517543,07/08/2026,12:29:02 PM,ESTRUCTURADA,PRIMERA PARTE,ROTC,10/08/2026,CONFIRMADA,3268828,0,23/09/2022,23/09/2029,8.65,MINISTERIO DE HACIENDA,HACIENDA,62972
DO1005205716,MHUS2027,HACIENDA/6 BOEST 20270305 GTIA,242000,USD,242,-7.2683,105.679339,07/08/2026,12:28:51 PM,PRESTAMO,SEGUNDA PARTE,ROTC,09/09/2026,CONFIRMADA,3268831,0,05/09/2016,05/03/2027,4.25,MINISTERIO DE HACIENDA,HACIENDA,61418
DO1005205716,MHUS2027,HACIENDA/6 BOEST 20270305 GTIA,242000,USD,242,1.0711,102.774641,07/08/2026,12:28:51 PM,PRESTAMO,PRIMERA PARTE,ROTC,10/08/2026,CONFIRMADA,3268831,0,05/09/2016,05/03/2027,4.25,MINISTERIO DE HACIENDA,HACIENDA,60914
DO1005205716,MHUS2027,HACIENDA/6 BOEST 20270305 GTIA,242000,USD,242,-7.2683,105.679339,07/08/2026,12:28:50 PM,ESTRUCTURADA,SEGUNDA PARTE,ROTC,09/09/2026,CONFIRMADA,3268827,0,05/09/2016,05/03/2027,4.25,MINISTERIO DE HACIENDA,HACIENDA,63511
DO1005205716,MHUS2027,HACIENDA/6 BOEST 20270305 GTIA,242000,USD,242,1.0711,102.774641,07/08/2026,12:28:50 PM,ESTRUCTURADA,PRIMERA PARTE,ROTC,10/08/2026,CONFIRMADA,3268827,0,05/09/2016,05/03/2027,4.25,MINISTERIO DE HACIENDA,HACIENDA,63007
DO1005211227,MH32029,HACIENDA/12.75 BOEST 20290923 GTIA,11200000,DOP,112,6.2097,110.952717,07/08/2026,12:28:34 PM,PRESTAMO,SEGUNDA PARTE,ROTC,10/09/2026,CONFIRMADA,3268830,0,23/09/2022,23/09/2029,8.55,MINISTERIO DE HACIENDA,HACIENDA,62125
DO1005211227,MH32029,HACIENDA/12.75 BOEST 20290923 GTIA,11200000,DOP,112,8.5822,111.181018,07/08/2026,12:28:34 PM,PRESTAMO,PRIMERA PARTE,ROTC,10/08/2026,CONFIRMADA,3268830,0,23/09/2022,23/09/2029,8.55,MINISTERIO DE HACIENDA,HACIENDA,62111
DO1005211227,MH32029,HACIENDA/12.75 BOEST 20290923 GTIA,11200000,DOP,112,6.2097,110.952717,07/08/2026,12:28:33 PM,ESTRUCTURADA,SEGUNDA PARTE,ROTC,10/09/2026,CONFIRMADA,3268826,0,23/09/2022,23/09/2029,8.55,MINISTERIO DE HACIENDA,HACIENDA,64218
DO1005211227,MH32029,HACIENDA/12.75 BOEST 20290923 GTIA,11200000,DOP,112,8.5822,111.181018,07/08/2026,12:28:33 PM,ESTRUCTURADA,PRIMERA PARTE,ROTC,10/08/2026,CONFIRMADA,3268826,0,23/09/2022,23/09/2029,8.55,MINISTERIO DE HACIENDA,HACIENDA,64204
DO1005208322,MHUS2040,HACIENDA/6.75 BOEST 20400724 GTIA,82000,USD,82,4.62,121.456793,07/08/2026,12:26:05 PM,PLAZO,PRIMERA PARTE,ROTC,05/11/2026,CONFIRMADA,3268390,0,24/07/2020,24/07/2040,0,MINISTERIO DE HACIENDA,HACIENDA,59031
DO1005208322,MHUS2040,HACIENDA/6.75 BOEST 20400724 GTIA,82000,USD,82,4.62,121.456793,07/08/2026,12:26:04 PM,PRESTAMO,SEGUNDA PARTE,ROTC,05/11/2026,CONFIRMADA,3268388,0,24/07/2020,24/07/2040,1.334537,MINISTERIO DE HACIENDA,HACIENDA,60564
DO1005208322,MHUS2040,HACIENDA/6.75 BOEST 20400724 GTIA,82000,USD,82,4.6228,121.70439,07/08/2026,12:26:04 PM,PRESTAMO,PRIMERA PARTE,ROTC,07/08/2026,CONFIRMADA,3268388,0,24/07/2020,24/07/2040,1.334537,MINISTERIO DE HACIENDA,HACIENDA,61012
DO1005208322,MHUS2040,HACIENDA/6.75 BOEST 20400724 GTIA,82000,USD,82,4.6228,121.70439,07/08/2026,12:26:03 PM,CONTADO,PRIMERA PARTE,ROTC,07/08/2026,CONFIRMADA,3268387,0,24/07/2020,24/07/2040,0,MINISTERIO DE HACIENDA,HACIENDA,60312
DO1002261928,LE090427,BCENTRAL/ LT 20270409 GTIA,330000,DOP,33,11.6118,94.368864,07/08/2026,12:26:02 PM,PLAZO,PRIMERA PARTE,ROTC,06/10/2026,CONFIRMADA,3268382,0,09/04/2026,09/04/2027,0,BANCO CENTRAL DE LA REPUBLICA DOMINICANA,BCENTRAL,56889
DO1002261928,LE090427,BCENTRAL/ LT 20270409 GTIA,330000,DOP,33,11.6118,94.368864,07/08/2026,12:26:01 PM,PRESTAMO,SEGUNDA PARTE,ROTC,06/10/2026,CONFIRMADA,3268381,0,09/04/2026,09/04/2027,1.502094,BANCO CENTRAL DE LA REPUBLICA DOMINICANA,BCENTRAL,58422
DO1002261928,LE090427,BCENTRAL/ LT 20270409 GTIA,330000,DOP,33,11.1426,92.951355,07/08/2026,12:26:01 PM,PRESTAMO,PRIMERA PARTE,ROTC,07/08/2026,CONFIRMADA,3268381,0,09/04/2026,09/04/2027,1.502094,BANCO CENTRAL DE LA REPUBLICA DOMINICANA,BCENTRAL,58457
DO1002261928,LE090427,BCENTRAL/ LT 20270409 GTIA,330000,DOP,33,11.1426,92.951355,07/08/2026,12:26:00 PM,CONTADO,PRIMERA PARTE,ROTC,07/08/2026,CONFIRMADA,3268380,0,09/04/2026,09/04/2027,0,BANCO CENTRAL DE LA REPUBLICA DOMINICANA,BCENTRAL,57757
DO1002261928,LE090427,BCENTRAL/ LT 20270409 GTIA,750000,DOP,75,8.5248,98.484132,07/08/2026,12:25:59 PM,PLAZO,PRIMERA PARTE,ROTC,03/02/2027,CONFIRMADA,3268376,0,09/04/2026,09/04/2027,0,BANCO CENTRAL DE LA REPUBLICA DOMINICANA,BCENTRAL,56707
DO1002261928,LE090427,BCENTRAL/ LT 20270409 GTIA,750000,DOP,75,8.5248,98.484132,07/08/2026,12:25:58 PM,PRESTAMO,SEGUNDA PARTE,ROTC,03/02/2027,CONFIRMADA,3268375,0,09/04/2026,09/04/2027,4.625656,BANCO CENTRAL DE LA REPUBLICA DOMINICANA,BCENTRAL,58240
DO1002261928,LE090427,BCENTRAL/ LT 20270409 GTIA,750000,DOP,75,9.4979,93.928595,07/08/2026,12:25:58 PM,PRESTAMO,PRIMERA PARTE,ROTC,07/08/2026,CONFIRMADA,3268375,0,09/04/2026,09/04/2027,4.625656,BANCO CENTRAL DE LA REPUBLICA DOMINICANA,BCENTRAL,58520
DO1002261928,LE090427,BCENTRAL/ LT 20270409 GTIA,750000,DOP,75,9.4979,93.928595,07/08/2026,12:25:57 PM,CONTADO,PRIMERA PARTE,ROTC,07/08/2026,CONFIRMADA,3268374,0,09/04/2026,09/04/2027,0,BANCO CENTRAL DE LA REPUBLICA DOMINICANA,BCENTRAL,57820
DO1002261928,LE090427,BCENTRAL/ LT 20270409 GTIA,20000,DOP,2,-23.945,116.597,07/08/2026,12:25:56 PM,PLAZO,PRIMERA PARTE,ROTC,07/09/2026,CONFIRMADA,3268373,0,09/04/2026,09/04/2027,0,BANCO CENTRAL DE LA REPUBLICA DOMINICANA,BCENTRAL,55489
DO1002261928,LE090427,BCENTRAL/ LT 20270409 GTIA,20000,DOP,2,-19.933,115.69535,07/08/2026,12:25:55 PM,CONTADO,PRIMERA PARTE,ROTC,07/08/2026,CONFIRMADA,3268371,0,09/04/2026,09/04/2027,0,BANCO CENTRAL DE LA REPUBLICA DOMINICANA,BCENTRAL,57113
DO1002261928,LE090427,BCENTRAL/ LT 20270409 GTIA,20000,DOP,2,-23.945,116.597,07/08/2026,12:25:55 PM,PRESTAMO,SEGUNDA PARTE,ROTC,07/09/2026,CONFIRMADA,3268372,0,09/04/2026,09/04/2027,0.773305,BANCO CENTRAL DE LA REPUBLICA DOMINICANA,BCENTRAL,57022
DO1002261928,LE090427,BCENTRAL/ LT 20270409 GTIA,20000,DOP,2,-19.933,115.69535,07/08/2026,12:25:55 PM,PRESTAMO,PRIMERA PARTE,ROTC,07/08/2026,CONFIRMADA,3268372,0,09/04/2026,09/04/2027,0.773305,BANCO CENTRAL DE LA REPUBLICA DOMINICANA,BCENTRAL,57806
DO1002261928,LE090427,BCENTRAL/ LT 20270409 GTIA,50000,DOP,5,-3.9902,102.42958,07/08/2026,12:25:53 PM,PLAZO,PRIMERA PARTE,ROTC,07/09/2026,CONFIRMADA,3268370,0,09/04/2026,09/04/2027,0,BANCO CENTRAL DE LA REPUBLICA DOMINICANA,BCENTRAL,56196
DO1002261928,LE090427,BCENTRAL/ LT 20270409 GTIA,50000,DOP,5,-3.9902,102.42958,07/08/2026,12:25:52 PM,PRESTAMO,SEGUNDA PARTE,ROTC,07/09/2026,CONFIRMADA,3268369,0,09/04/2026,09/04/2027,0.773273,BANCO CENTRAL DE LA REPUBLICA DOMINICANA,BCENTRAL,57729
DO1002261928,LE090427,BCENTRAL/ LT 20270409 GTIA,50000,DOP,5,-2.3674,101.63752,07/08/2026,12:25:52 PM,PRESTAMO,PRIMERA PARTE,ROTC,07/08/2026,CONFIRMADA,3268369,0,09/04/2026,09/04/2027,0.773273,BANCO CENTRAL DE LA REPUBLICA DOMINICANA,BCENTRAL,57736
DO1002261928,LE090427,BCENTRAL/ LT 20270409 GTIA,50000,DOP,5,-2.3674,101.63752,07/08/2026,12:25:51 PM,CONTADO,PRIMERA PARTE,ROTC,07/08/2026,CONFIRMADA,3268368,0,09/04/2026,09/04/2027,0,BANCO CENTRAL DE LA REPUBLICA DOMINICANA,BCENTRAL,57036
DO1005208322,MHUS2040,HACIENDA/6.75 BOEST 20400724 GTIA,1000,USD,1,5.9518,107.429,07/08/2026,12:25:50 PM,PRESTAMO,SEGUNDA PARTE,ROTC,06/10/2026,CONFIRMADA,3268362,0,24/07/2020,24/07/2040,0.8862,MINISTERIO DE HACIENDA,HACIENDA,59437
DO1005208322,MHUS2040,HACIENDA/6.75 BOEST 20400724 GTIA,1000,USD,1,5.9194,107.815,07/08/2026,12:25:50 PM,PRESTAMO,PRIMERA PARTE,ROTC,07/08/2026,CONFIRMADA,3268362,0,24/07/2020,24/07/2040,0.8862,MINISTERIO DE HACIENDA,HACIENDA,59549
DO1005208322,MHUS2040,HACIENDA/6.75 BOEST 20400724 GTIA,1000,USD,1,5.9518,107.429,07/08/2026,12:25:50 PM,PLAZO,PRIMERA PARTE,ROTC,06/10/2026,CONFIRMADA,3268364,0,24/07/2020,24/07/2040,0,MINISTERIO DE HACIENDA,HACIENDA,57897
DO1005208322,MHUS2040,HACIENDA/6.75 BOEST 20400724 GTIA,1000,USD,1,5.9194,107.815,07/08/2026,12:25:48 PM,CONTADO,PRIMERA PARTE,ROTC,07/08/2026,CONFIRMADA,3268359,0,24/07/2020,24/07/2040,0,MINISTERIO DE HACIENDA,HACIENDA,58905
DO1002261928,LE090427,BCENTRAL/ LT 20270409 GTIA,2010000,DOP,201,8.34,96.533626,07/08/2026,12:25:47 PM,PLAZO,PRIMERA PARTE,ROTC,05/11/2026,CONFIRMADA,3268351,0,09/04/2026,09/04/2027,0,BANCO CENTRAL DE LA REPUBLICA DOMINICANA,BCENTRAL,56490
DO1002261928,LE090427,BCENTRAL/ LT 20270409 GTIA,2010000,DOP,201,8.34,96.533626,07/08/2026,12:25:46 PM,PRESTAMO,SEGUNDA PARTE,ROTC,05/11/2026,CONFIRMADA,3268350,0,09/04/2026,09/04/2027,2.296043,BANCO CENTRAL DE LA REPUBLICA DOMINICANA,BCENTRAL,58023
DO1002261928,LE090427,BCENTRAL/ LT 20270409 GTIA,2010000,DOP,201,8.8534,94.317173,07/08/2026,12:25:46 PM,PRESTAMO,PRIMERA PARTE,ROTC,07/08/2026,CONFIRMADA,3268350,0,09/04/2026,09/04/2027,2.296043,BANCO CENTRAL DE LA REPUBLICA DOMINICANA,BCENTRAL,58870
DO1002261928,LE090427,BCENTRAL/ LT 20270409 GTIA,2010000,DOP,201,8.8534,94.317173,07/08/2026,12:25:45 PM,CONTADO,PRIMERA PARTE,ROTC,07/08/2026,CONFIRMADA,3268349,0,09/04/2026,09/04/2027,0,BANCO CENTRAL DE LA REPUBLICA DOMINICANA,BCENTRAL,58170
DO1002228612,NO031227,BCENTRAL/8 BOEST 20271203 GTIA,100000,DOP,10,4.3948,104.54517,07/08/2026,12:24:01 PM,CONTADO,PRIMERA PARTE,ROTC,10/08/2026,CONFIRMADA,3268604,0,03/12/2024,03/12/2027,0,BANCO CENTRAL DE LA REPUBLICA DOMINICANA,BCENTRAL,59185
DO1002228612,NO031227,BCENTRAL/8 BOEST 20271203 GTIA,100000,DOP,10,3.4906,104.66135,07/08/2026,12:24:00 PM,PRESTAMO,SEGUNDA PARTE,ROTC,10/11/2026,CONFIRMADA,3268605,0,03/12/2024,03/12/2027,3.34088,BANCO CENTRAL DE LA REPUBLICA DOMINICANA,BCENTRAL,59717
DO1002228612,NO031227,BCENTRAL/8 BOEST 20271203 GTIA,100000,DOP,10,4.3948,104.54517,07/08/2026,12:24:00 PM,PRESTAMO,PRIMERA PARTE,ROTC,10/08/2026,CONFIRMADA,3268605,0,03/12/2024,03/12/2027,3.34088,BANCO CENTRAL DE LA REPUBLICA DOMINICANA,BCENTRAL,59871
DO1002228612,NO031227,BCENTRAL/8 BOEST 20271203 GTIA,100000,DOP,10,3.4906,104.66135,07/08/2026,12:23:58 PM,PLAZO,PRIMERA PARTE,ROTC,10/11/2026,CONFIRMADA,3268606,0,03/12/2024,03/12/2027,0,BANCO CENTRAL DE LA REPUBLICA DOMINICANA,BCENTRAL,58261
DO1002223928,NO120227,BCENTRAL/8 BOEST 20270212 GTIA,1070000,DOP,107,7.3902,100.295239,07/08/2026,12:23:58 PM,CONTADO,PRIMERA PARTE,ROTC,11/08/2026,CONFIRMADA,3268607,0,12/02/2022,12/02/2027,0,BANCO CENTRAL DE LA REPUBLICA DOMINICANA,BCENTRAL,60375
DO1002223928,NO120227,BCENTRAL/8 BOEST 20270212 GTIA,1070000,DOP,107,-17.581,104.816805,07/08/2026,12:23:56 PM,PRESTAMO,SEGUNDA PARTE,ROTC,02/12/2026,CONFIRMADA,3268608,0,12/02/2022,12/02/2027,6.486009,BANCO CENTRAL DE LA REPUBLICA DOMINICANA,BCENTRAL,61292
DO1002223928,NO120227,BCENTRAL/8 BOEST 20270212 GTIA,1070000,DOP,107,7.3902,100.295239,07/08/2026,12:23:56 PM,PRESTAMO,PRIMERA PARTE,ROTC,11/08/2026,CONFIRMADA,3268608,0,12/02/2022,12/02/2027,6.486009,BANCO CENTRAL DE LA REPUBLICA DOMINICANA,BCENTRAL,61054
DO1002223928,NO120227,BCENTRAL/8 BOEST 20270212 GTIA,1070000,DOP,107,-17.581,104.816805,07/08/2026,12:23:55 PM,PLAZO,PRIMERA PARTE,ROTC,02/12/2026,CONFIRMADA,3268609,0,12/02/2022,12/02/2027,0,BANCO CENTRAL DE LA REPUBLICA DOMINICANA,BCENTRAL,59745
DO1002228612,NO031227,BCENTRAL/8 BOEST 20271203 GTIA,280000,DOP,28,0,100.405971,07/08/2026,12:23:54 PM,PLAZO,PRIMERA PARTE,ROTC,14/09/2026,CONFIRMADA,3268610,0,03/12/2024,03/12/2027,0,BANCO CENTRAL DE LA REPUBLICA DOMINICANA,BCENTRAL,56959
DO1002228612,NO031227,BCENTRAL/8 BOEST 20271203 GTIA,280000,DOP,28,1,100.932064,07/08/2026,12:23:54 PM,PRESTAMO,SEGUNDA PARTE,ROTC,02/12/2026,CONFIRMADA,3268611,0,03/12/2024,03/12/2027,4.29342,BANCO CENTRAL DE LA REPUBLICA DOMINICANA,BCENTRAL,58429
DO1002228612,NO031227,BCENTRAL/8 BOEST 20271203 GTIA,280000,DOP,28,0,100.405971,07/08/2026,12:23:54 PM,PRESTAMO,PRIMERA PARTE,ROTC,14/09/2026,CONFIRMADA,3268611,0,03/12/2024,03/12/2027,4.29342,BANCO CENTRAL DE LA REPUBLICA DOMINICANA,BCENTRAL,58562
DO1002228612,NO031227,BCENTRAL/8 BOEST 20271203 GTIA,280000,DOP,28,1,100.932064,07/08/2026,12:23:53 PM,PLAZO,PRIMERA PARTE,ROTC,02/12/2026,CONFIRMADA,3268612,0,03/12/2024,03/12/2027,0,BANCO CENTRAL DE LA REPUBLICA DOMINICANA,BCENTRAL,56882
DO1002227317,NO150928,BCENTRAL/11 BOEST 20280915 GTIA,280000,DOP,28,0,102.570157,07/08/2026,12:23:52 PM,PLAZO,PRIMERA PARTE,ROTC,02/12/2026,CONFIRMADA,3268613,0,15/09/2023,15/09/2028,0,BANCO CENTRAL DE LA REPUBLICA DOMINICANA,BCENTRAL,57330
DO1002227317,NO150928,BCENTRAL/11 BOEST 20280915 GTIA,280000,DOP,28,1,102.383214,07/08/2026,12:23:51 PM,PRESTAMO,SEGUNDA PARTE,ROTC,12/03/2027,CONFIRMADA,3268614,0,15/09/2023,15/09/2028,4.844417,BANCO CENTRAL DE LA REPUBLICA DOMINICANA,BCENTRAL,58856
DO1002227317,NO150928,BCENTRAL/11 BOEST 20280915 GTIA,280000,DOP,28,0,102.570157,07/08/2026,12:23:51 PM,PRESTAMO,PRIMERA PARTE,ROTC,02/12/2026,CONFIRMADA,3268614,0,15/09/2023,15/09/2028,4.844417,BANCO CENTRAL DE LA REPUBLICA DOMINICANA,BCENTRAL,58926
DO1002227317,NO150928,BCENTRAL/11 BOEST 20280915 GTIA,280000,DOP,28,1,102.383214,07/08/2026,12:23:50 PM,PLAZO,PRIMERA PARTE,ROTC,12/03/2027,CONFIRMADA,3268615,0,15/09/2023,15/09/2028,0,BANCO CENTRAL DE LA REPUBLICA DOMINICANA,BCENTRAL,57309
DO1002228612,NO031227,BCENTRAL/8 BOEST 20271203 GTIA,300000,DOP,30,0,98.46567,07/08/2026,12:23:49 PM,PLAZO,PRIMERA PARTE,ROTC,12/03/2027,CONFIRMADA,3268616,0,03/12/2024,03/12/2027,0,BANCO CENTRAL DE LA REPUBLICA DOMINICANA,BCENTRAL,56294
USP3579EDB04,BSRD2038, ,4000,USD,4,5.964491,102.064805,07/08/2026,12:23:49 PM,CONTADO,PRIMERA PARTE,ROTC,11/08/2026,CONFIRMADA,3268816,0,17/02/2026,17/05/2038,0,MINISTERIO DE HACIENDA,HACIENDA,47754
DO1002228612,NO031227,BCENTRAL/8 BOEST 20271203 GTIA,300000,DOP,30,1,98.845997,07/08/2026,12:23:48 PM,PRESTAMO,SEGUNDA PARTE,ROTC,02/06/2027,CONFIRMADA,3268617,0,03/12/2024,03/12/2027,4.23865,BANCO CENTRAL DE LA REPUBLICA DOMINICANA,BCENTRAL,58282
DO1002228612,NO031227,BCENTRAL/8 BOEST 20271203 GTIA,300000,DOP,30,0,98.46567,07/08/2026,12:23:48 PM,PRESTAMO,PRIMERA PARTE,ROTC,12/03/2027,CONFIRMADA,3268617,0,03/12/2024,03/12/2027,4.23865,BANCO CENTRAL DE LA REPUBLICA DOMINICANA,BCENTRAL,57890
DO1002228612,NO031227,BCENTRAL/8 BOEST 20271203 GTIA,300000,DOP,30,1,98.845997,07/08/2026,12:23:47 PM,PLAZO,PRIMERA PARTE,ROTC,02/06/2027,CONFIRMADA,3268618,0,03/12/2024,03/12/2027,0,BANCO CENTRAL DE LA REPUBLICA DOMINICANA,BCENTRAL,56735
DO1002227317,NO150928,BCENTRAL/11 BOEST 20280915 GTIA,290000,DOP,29,0,104.038438,07/08/2026,12:23:46 PM,PLAZO,PRIMERA PARTE,ROTC,02/06/2027,CONFIRMADA,3268619,0,15/09/2023,15/09/2028,0,BANCO CENTRAL DE LA REPUBLICA DOMINICANA,BCENTRAL,57414
DO1002227317,NO150928,BCENTRAL/11 BOEST 20280915 GTIA,290000,DOP,29,1,103.887569,07/08/2026,12:23:45 PM,PRESTAMO,SEGUNDA PARTE,ROTC,05/08/2027,CONFIRMADA,3268620,0,15/09/2023,15/09/2028,3.812416,BANCO CENTRAL DE LA REPUBLICA DOMINICANA,BCENTRAL,59101
DO1002227317,NO150928,BCENTRAL/11 BOEST 20280915 GTIA,290000,DOP,29,0,104.038438,07/08/2026,12:23:45 PM,PRESTAMO,PRIMERA PARTE,ROTC,02/06/2027,CONFIRMADA,3268620,0,15/09/2023,15/09/2028,3.812416,BANCO CENTRAL DE LA REPUBLICA DOMINICANA,BCENTRAL,59010
DO1002227317,NO150928,BCENTRAL/11 BOEST 20280915 GTIA,290000,DOP,29,1,103.887569,07/08/2026,12:23:44 PM,PLAZO,PRIMERA PARTE,ROTC,05/08/2027,CONFIRMADA,3268621,0,15/09/2023,15/09/2028,0,BANCO CENTRAL DE LA REPUBLICA DOMINICANA,BCENTRAL,57554
USP3579EBV85,BSDR2027,DOMINICAN Rep/5.95 BD 20270125 Se,12000,USD,12,8.5054,98.869917,07/08/2026,12:23:43 PM,CONTADO,PRIMERA PARTE,ROTC,10/08/2026,CONFIRMADA,3268622,0,25/01/2017,25/01/2027,0,MINISTERIO DE HACIENDA,HACIENDA,61817
USP3579EBV85,BSDR2027,DOMINICAN Rep/5.95 BD 20270125 Se,12000,USD,12,9.2001,98.740917,07/08/2026,12:23:42 PM,PRESTAMO,SEGUNDA PARTE,ROTC,01/09/2026,CONFIRMADA,3268623,0,25/01/2017,25/01/2027,0.469115,MINISTERIO DE HACIENDA,HACIENDA,62293
USP3579EBV85,BSDR2027,DOMINICAN Rep/5.95 BD 20270125 Se,12000,USD,12,8.5054,98.869917,07/08/2026,12:23:42 PM,PRESTAMO,PRIMERA PARTE,ROTC,10/08/2026,CONFIRMADA,3268623,0,25/01/2017,25/01/2027,0.469115,MINISTERIO DE HACIENDA,HACIENDA,62503
USP3579EBV85,BSDR2027,DOMINICAN Rep/5.95 BD 20270125 Se,12000,USD,12,9.2001,98.740917,07/08/2026,12:23:41 PM,PLAZO,PRIMERA PARTE,ROTC,01/09/2026,CONFIRMADA,3268624,0,25/01/2017,25/01/2027,0,MINISTERIO DE HACIENDA,HACIENDA,60746
DO1002227317,NO150928,BCENTRAL/11 BOEST 20280915 GTIA,270000,DOP,27,10.4521,100.986641,07/08/2026,12:23:40 PM,CONTADO,PRIMERA PARTE,ROTC,10/08/2026,CONFIRMADA,3268625,0,15/09/2023,15/09/2028,0,BANCO CENTRAL DE LA REPUBLICA DOMINICANA,BCENTRAL,60375
DO1002227317,NO150928,BCENTRAL/11 BOEST 20280915 GTIA,270000,DOP,27,0.3665,100.975519,07/08/2026,12:23:39 PM,PRESTAMO,SEGUNDA PARTE,ROTC,14/09/2026,CONFIRMADA,3268626,0,15/09/2023,15/09/2028,5.128426,BANCO CENTRAL DE LA REPUBLICA DOMINICANA,BCENTRAL,60823
DO1002227317,NO150928,BCENTRAL/11 BOEST 20280915 GTIA,270000,DOP,27,10.4521,100.986641,07/08/2026,12:23:39 PM,PRESTAMO,PRIMERA PARTE,ROTC,10/08/2026,CONFIRMADA,3268626,0,15/09/2023,15/09/2028,5.128426,BANCO CENTRAL DE LA REPUBLICA DOMINICANA,BCENTRAL,61124
DO1002227317,NO150928,BCENTRAL/11 BOEST 20280915 GTIA,270000,DOP,27,0.3665,100.975519,07/08/2026,12:23:38 PM,PLAZO,PRIMERA PARTE,ROTC,14/09/2026,CONFIRMADA,3268627,0,15/09/2023,15/09/2028,0,BANCO CENTRAL DE LA REPUBLICA DOMINICANA,BCENTRAL,59276
DO1002228612,NO031227,BCENTRAL/8 BOEST 20271203 GTIA,200000,DOP,20,0,99.517145,07/08/2026,12:23:37 PM,PLAZO,PRIMERA PARTE,ROTC,14/09/2026,CONFIRMADA,3268628,0,03/12/2024,03/12/2027,0,BANCO CENTRAL DE LA REPUBLICA DOMINICANA,BCENTRAL,56616
DO1002228612,NO031227,BCENTRAL/8 BOEST 20271203 GTIA,200000,DOP,20,9,99.96718,07/08/2026,12:23:36 PM,PRESTAMO,SEGUNDA PARTE,ROTC,02/12/2026,CONFIRMADA,3268629,0,03/12/2024,03/12/2027,4.2601,BANCO CENTRAL DE LA REPUBLICA DOMINICANA,BCENTRAL,57869
DO1002228612,NO031227,BCENTRAL/8 BOEST 20271203 GTIA,200000,DOP,20,0,99.517145,07/08/2026,12:23:36 PM,PRESTAMO,PRIMERA PARTE,ROTC,14/09/2026,CONFIRMADA,3268629,0,03/12/2024,03/12/2027,4.2601,BANCO CENTRAL DE LA REPUBLICA DOMINICANA,BCENTRAL,58212
DO1002228612,NO031227,BCENTRAL/8 BOEST 20271203 GTIA,200000,DOP,20,9,99.96718,07/08/2026,12:23:35 PM,PLAZO,PRIMERA PARTE,ROTC,02/12/2026,CONFIRMADA,3268630,0,03/12/2024,03/12/2027,0,BANCO CENTRAL DE LA REPUBLICA DOMINICANA,BCENTRAL,56322
DO1002227317,NO150928,BCENTRAL/11 BOEST 20280915 GTIA,1090000,DOP,109,0,102.956876,07/08/2026,12:23:34 PM,PLAZO,PRIMERA PARTE,ROTC,02/12/2026,CONFIRMADA,3268631,0,15/09/2023,15/09/2028,0,BANCO CENTRAL DE LA REPUBLICA DOMINICANA,BCENTRAL,58114
DO1002227317,NO150928,BCENTRAL/11 BOEST 20280915 GTIA,1090000,DOP,109,8,102.92529,07/08/2026,12:23:34 PM,PRESTAMO,SEGUNDA PARTE,ROTC,09/12/2026,CONFIRMADA,3268632,0,15/09/2023,15/09/2028,2.418094,BANCO CENTRAL DE LA REPUBLICA DOMINICANA,BCENTRAL,59325
DO1002227317,NO150928,BCENTRAL/11 BOEST 20280915 GTIA,1090000,DOP,109,0,102.956876,07/08/2026,12:23:34 PM,PRESTAMO,PRIMERA PARTE,ROTC,02/12/2026,CONFIRMADA,3268632,0,15/09/2023,15/09/2028,2.418094,BANCO CENTRAL DE LA REPUBLICA DOMINICANA,BCENTRAL,59717
DO1002227317,NO150928,BCENTRAL/11 BOEST 20280915 GTIA,1090000,DOP,109,8,102.92529,07/08/2026,12:23:33 PM,PLAZO,PRIMERA PARTE,ROTC,09/12/2026,CONFIRMADA,3268633,0,15/09/2023,15/09/2028,0,BANCO CENTRAL DE LA REPUBLICA DOMINICANA,BCENTRAL,57778
DO1002227317,NO150928,BCENTRAL/11 BOEST 20280915 GTIA,510000,DOP,51,0,101.71802,07/08/2026,12:23:32 PM,PLAZO,PRIMERA PARTE,ROTC,02/12/2026,CONFIRMADA,3268634,0,15/09/2023,15/09/2028,0,BANCO CENTRAL DE LA REPUBLICA DOMINICANA,BCENTRAL,56868
DO1002227317,NO150928,BCENTRAL/11 BOEST 20280915 GTIA,510000,DOP,51,8,101.455869,07/08/2026,12:23:31 PM,PRESTAMO,SEGUNDA PARTE,ROTC,03/02/2027,CONFIRMADA,3268635,0,15/09/2023,15/09/2028,3.804013,BANCO CENTRAL DE LA REPUBLICA DOMINICANA,BCENTRAL,58933
DO1002227317,NO150928,BCENTRAL/11 BOEST 20280915 GTIA,510000,DOP,51,0,101.71802,07/08/2026,12:23:31 PM,PRESTAMO,PRIMERA PARTE,ROTC,02/12/2026,CONFIRMADA,3268635,0,15/09/2023,15/09/2028,3.804013,BANCO CENTRAL DE LA REPUBLICA DOMINICANA,BCENTRAL,58464
DO1002227317,NO150928,BCENTRAL/11 BOEST 20280915 GTIA,510000,DOP,51,8,101.455869,07/08/2026,12:23:30 PM,PLAZO,PRIMERA PARTE,ROTC,03/02/2027,CONFIRMADA,3268636,0,15/09/2023,15/09/2028,0,BANCO CENTRAL DE LA REPUBLICA DOMINICANA,BCENTRAL,57386
DO1002228612,NO031227,BCENTRAL/8 BOEST 20271203 GTIA,310000,DOP,31,0,98.997961,07/08/2026,12:23:29 PM,PLAZO,PRIMERA PARTE,ROTC,10/09/2026,CONFIRMADA,3268637,0,03/12/2024,03/12/2027,0,BANCO CENTRAL DE LA REPUBLICA DOMINICANA,BCENTRAL,56742
DO1002228612,NO031227,BCENTRAL/8 BOEST 20271203 GTIA,310000,DOP,31,8,99.003794,07/08/2026,12:23:28 PM,PRESTAMO,SEGUNDA PARTE,ROTC,09/10/2026,CONFIRMADA,3268638,0,03/12/2024,03/12/2027,2.754028,BANCO CENTRAL DE LA REPUBLICA DOMINICANA,BCENTRAL,58212
DO1002228612,NO031227,BCENTRAL/8 BOEST 20271203 GTIA,310000,DOP,31,0,98.997961,07/08/2026,12:23:28 PM,PRESTAMO,PRIMERA PARTE,ROTC,10/09/2026,CONFIRMADA,3268638,0,03/12/2024,03/12/2027,2.754028,BANCO CENTRAL DE LA REPUBLICA DOMINICANA,BCENTRAL,58338
DO1002228612,NO031227,BCENTRAL/8 BOEST 20271203 GTIA,310000,DOP,31,8,99.003794,07/08/2026,12:23:28 PM,PLAZO,PRIMERA PARTE,ROTC,09/10/2026,CONFIRMADA,3268639,0,03/12/2024,03/12/2027,0,BANCO CENTRAL DE LA REPUBLICA DOMINICANA,BCENTRAL,56672
DO1002228612,NO031227,BCENTRAL/8 BOEST 20271203 GTIA,310000,DOP,31,0,98.364084,07/08/2026,12:23:27 PM,PLAZO,PRIMERA PARTE,ROTC,09/10/2026,CONFIRMADA,3268640,0,03/12/2024,03/12/2027,0,BANCO CENTRAL DE LA REPUBLICA DOMINICANA,BCENTRAL,56616
DO1002228612,NO031227,BCENTRAL/8 BOEST 20271203 GTIA,310000,DOP,31,8,98.370516,07/08/2026,12:23:26 PM,PRESTAMO,SEGUNDA PARTE,ROTC,10/11/2026,CONFIRMADA,3268641,0,03/12/2024,03/12/2027,3.439458,BANCO CENTRAL DE LA REPUBLICA DOMINICANA,BCENTRAL,58135
DO1002228612,NO031227,BCENTRAL/8 BOEST 20271203 GTIA,310000,DOP,31,0,98.364084,07/08/2026,12:23:26 PM,PRESTAMO,PRIMERA PARTE,ROTC,09/10/2026,CONFIRMADA,3268641,0,03/12/2024,03/12/2027,3.439458,BANCO CENTRAL DE LA REPUBLICA DOMINICANA,BCENTRAL,58212
DO1002228612,NO031227,BCENTRAL/8 BOEST 20271203 GTIA,310000,DOP,31,8,98.370516,07/08/2026,12:23:25 PM,PLAZO,PRIMERA PARTE,ROTC,10/11/2026,CONFIRMADA,3268642,0,03/12/2024,03/12/2027,0,BANCO CENTRAL DE LA REPUBLICA DOMINICANA,BCENTRAL,56588
DO1002227317,NO150928,BCENTRAL/11 BOEST 20280915 GTIA,300000,DOP,30,0,102.832303,07/08/2026,12:23:24 PM,PLAZO,PRIMERA PARTE,ROTC,10/11/2026,CONFIRMADA,3268643,0,15/09/2023,15/09/2028,0,BANCO CENTRAL DE LA REPUBLICA DOMINICANA,BCENTRAL,57169
DO1002227317,NO150928,BCENTRAL/11 BOEST 20280915 GTIA,300000,DOP,30,8,102.61971,07/08/2026,12:23:24 PM,PRESTAMO,SEGUNDA PARTE,ROTC,08/12/2026,CONFIRMADA,3268644,0,15/09/2023,15/09/2028,2.224821,BANCO CENTRAL DE LA REPUBLICA DOMINICANA,BCENTRAL,58520
DO1002227317,NO150928,BCENTRAL/11 BOEST 20280915 GTIA,300000,DOP,30,0,102.832303,07/08/2026,12:23:24 PM,PRESTAMO,PRIMERA PARTE,ROTC,10/11/2026,CONFIRMADA,3268644,0,15/09/2023,15/09/2028,2.224821,BANCO CENTRAL DE LA REPUBLICA DOMINICANA,BCENTRAL,58772
DO1002227317,NO150928,BCENTRAL/11 BOEST 20280915 GTIA,300000,DOP,30,8,102.61971,07/08/2026,12:23:23 PM,PLAZO,PRIMERA PARTE,ROTC,08/12/2026,CONFIRMADA,3268645,0,15/09/2023,15/09/2028,0,BANCO CENTRAL DE LA REPUBLICA DOMINICANA,BCENTRAL,56973
DO1002227317,NO150928,BCENTRAL/11 BOEST 20280915 GTIA,200000,DOP,20,0,101.60499,07/08/2026,12:23:22 PM,PLAZO,PRIMERA PARTE,ROTC,02/12/2026,CONFIRMADA,3268646,0,15/09/2023,15/09/2028,0,BANCO CENTRAL DE LA REPUBLICA DOMINICANA,BCENTRAL,56875
DO1002227317,NO150928,BCENTRAL/11 BOEST 20280915 GTIA,200000,DOP,20,9,101.321775,07/08/2026,12:23:21 PM,PRESTAMO,SEGUNDA PARTE,ROTC,12/03/2027,CONFIRMADA,3268647,0,15/09/2023,15/09/2028,4.802394,BANCO CENTRAL DE LA REPUBLICA DOMINICANA,BCENTRAL,58800
DO1002227317,NO150928,BCENTRAL/11 BOEST 20280915 GTIA,200000,DOP,20,0,101.60499,07/08/2026,12:23:21 PM,PRESTAMO,PRIMERA PARTE,ROTC,02/12/2026,CONFIRMADA,3268647,0,15/09/2023,15/09/2028,4.802394,BANCO CENTRAL DE LA REPUBLICA DOMINICANA,BCENTRAL,58471
DO1002227317,NO150928,BCENTRAL/11 BOEST 20280915 GTIA,200000,DOP,20,9,101.321775,07/08/2026,12:23:20 PM,PLAZO,PRIMERA PARTE,ROTC,12/03/2027,CONFIRMADA,3268648,0,15/09/2023,15/09/2028,0,BANCO CENTRAL DE LA REPUBLICA DOMINICANA,BCENTRAL,57253
DO1002227317,NO150928,BCENTRAL/11 BOEST 20280915 GTIA,29500000,DOP,2950,0,102.711966,07/08/2026,12:23:19 PM,PLAZO,PRIMERA PARTE,ROTC,02/12/2026,CONFIRMADA,3268649,0,15/09/2023,15/09/2028,0,BANCO CENTRAL DE LA REPUBLICA DOMINICANA,BCENTRAL,58814
DO1002227317,NO150928,BCENTRAL/11 BOEST 20280915 GTIA,29500000,DOP,2950,0,102.526399,07/08/2026,12:23:19 PM,PRESTAMO,SEGUNDA PARTE,ROTC,12/03/2027,CONFIRMADA,3268650,0,15/09/2023,15/09/2028,4.839266,BANCO CENTRAL DE LA REPUBLICA DOMINICANA,BCENTRAL,60396
DO1002227317,NO150928,BCENTRAL/11 BOEST 20280915 GTIA,29500000,DOP,2950,0,102.711966,07/08/2026,12:23:19 PM,PRESTAMO,PRIMERA PARTE,ROTC,02/12/2026,CONFIRMADA,3268650,0,15/09/2023,15/09/2028,4.839266,BANCO CENTRAL DE LA REPUBLICA DOMINICANA,BCENTRAL,60417
DO1002227317,NO150928,BCENTRAL/11 BOEST 20280915 GTIA,29500000,DOP,2950,0,102.526399,07/08/2026,12:23:18 PM,PLAZO,PRIMERA PARTE,ROTC,12/03/2027,CONFIRMADA,3268651,0,15/09/2023,15/09/2028,0,BANCO CENTRAL DE LA REPUBLICA DOMINICANA,BCENTRAL,58849
DO1002228612,NO031227,BCENTRAL/8 BOEST 20271203 GTIA,31180000,DOP,3118,0,99.983478,07/08/2026,12:23:17 PM,PLAZO,PRIMERA PARTE,ROTC,12/03/2027,CONFIRMADA,3268652,0,03/12/2024,03/12/2027,0,BANCO CENTRAL DE LA REPUBLICA DOMINICANA,BCENTRAL,58163
DO1002228612,NO031227,BCENTRAL/8 BOEST 20271203 GTIA,31180000,DOP,3118,0,100.394772,07/08/2026,12:23:16 PM,PRESTAMO,SEGUNDA PARTE,ROTC,02/06/2027,CONFIRMADA,3268653,0,03/12/2024,03/12/2027,4.205421,BANCO CENTRAL DE LA REPUBLICA DOMINICANA,BCENTRAL,59878
DO1002228612,NO031227,BCENTRAL/8 BOEST 20271203 GTIA,31180000,DOP,3118,0,99.983478,07/08/2026,12:23:16 PM,PRESTAMO,PRIMERA PARTE,ROTC,12/03/2027,CONFIRMADA,3268653,0,03/12/2024,03/12/2027,4.205421,BANCO CENTRAL DE LA REPUBLICA DOMINICANA,BCENTRAL,59759
DO1002228612,NO031227,BCENTRAL/8 BOEST 20271203 GTIA,31180000,DOP,3118,0,100.394772,07/08/2026,12:23:15 PM,PLAZO,PRIMERA PARTE,ROTC,02/06/2027,CONFIRMADA,3268654,0,03/12/2024,03/12/2027,0,BANCO CENTRAL DE LA REPUBLICA DOMINICANA,BCENTRAL,58331
USP3579ECH82,BSRD2032,"DOMINICAN, REP /4.875 BD 20320923",37000,USD,37,1.8664,117.105946,07/08/2026,12:22:51 PM,PRESTAMO,SEGUNDA PARTE,ROTC,09/09/2026,CONFIRMADA,3268815,0,23/09/2020,23/09/2032,3.99,MINISTERIO DE HACIENDA,HACIENDA,61607
USP3579ECH82,BSRD2032,"DOMINICAN, REP /4.875 BD 20320923",37000,USD,37,1.9041,117.104324,07/08/2026,12:22:51 PM,PRESTAMO,PRIMERA PARTE,ROTC,07/08/2026,CONFIRMADA,3268815,0,23/09/2020,23/09/2032,3.99,MINISTERIO DE HACIENDA,HACIENDA,61502
USP3579ECH82,BSRD2032,"DOMINICAN, REP /4.875 BD 20320923",37000,USD,37,1.8664,117.105946,07/08/2026,12:22:50 PM,ESTRUCTURADA,SEGUNDA PARTE,ROTC,09/09/2026,CONFIRMADA,3268598,0,23/09/2020,23/09/2032,3.99,MINISTERIO DE HACIENDA,HACIENDA,63700
USP3579ECH82,BSRD2032,"DOMINICAN, REP /4.875 BD 20320923",37000,USD,37,1.9041,117.104324,07/08/2026,12:22:50 PM,ESTRUCTURADA,PRIMERA PARTE,ROTC,07/08/2026,CONFIRMADA,3268598,0,23/09/2020,23/09/2032,3.99,MINISTERIO DE HACIENDA,HACIENDA,63595
DO1002261324,NO241128,BCENTRAL/9.25 BOEST 20281124 GTIA,490000,DOP,49,9,100.48193499999999,07/08/2026,12:21:51 PM,CONTADO,PRIMERA PARTE,ROTC,10/08/2026,CONFIRMADA,3268814,0,24/11/2025,24/11/2028,0,BANCO CENTRAL DE LA REPUBLICA DOMINICANA,BCENTRAL,59003
USP3579ECH82,BSRD2032,"DOMINICAN, REP /4.875 BD 20320923",335000,USD,335,2.4245,112.83406600000001,07/08/2026,12:21:39 PM,PRESTAMO,SEGUNDA PARTE,ROTC,04/02/2027,CONFIRMADA,3268813,0,23/09/2020,23/09/2032,4.74,MINISTERIO DE HACIENDA,HACIENDA,62174
USP3579ECH82,BSRD2032,"DOMINICAN, REP /4.875 BD 20320923",335000,USD,335,3.0502,110.125716,07/08/2026,12:21:39 PM,PRESTAMO,PRIMERA PARTE,ROTC,07/08/2026,CONFIRMADA,3268813,0,23/09/2020,23/09/2032,4.74,MINISTERIO DE HACIENDA,HACIENDA,62195
USP3579ECH82,BSRD2032,"DOMINICAN, REP /4.875 BD 20320923",335000,USD,335,2.4245,112.83406600000001,07/08/2026,12:21:38 PM,ESTRUCTURADA,SEGUNDA PARTE,ROTC,04/02/2027,CONFIRMADA,3268811,0,23/09/2020,23/09/2032,4.74,MINISTERIO DE HACIENDA,HACIENDA,64267
USP3579ECH82,BSRD2032,"DOMINICAN, REP /4.875 BD 20320923",335000,USD,335,3.0502,110.125716,07/08/2026,12:21:38 PM,ESTRUCTURADA,PRIMERA PARTE,ROTC,07/08/2026,CONFIRMADA,3268811,0,23/09/2020,23/09/2032,4.74,MINISTERIO DE HACIENDA,HACIENDA,64288
DO1002227317,NO150928,BCENTRAL/11 BOEST 20280915 GTIA,30980000,DOP,3098,0,102.717943,07/08/2026,12:21:01 PM,PLAZO,PRIMERA PARTE,ROTC,02/06/2027,CONFIRMADA,3268655,0,15/09/2023,15/09/2028,0,BANCO CENTRAL DE LA REPUBLICA DOMINICANA,BCENTRAL,58828
DO1002227317,NO150928,BCENTRAL/11 BOEST 20280915 GTIA,30980000,DOP,3098,0,102.551826,07/08/2026,12:21:00 PM,PRESTAMO,SEGUNDA PARTE,ROTC,02/08/2027,CONFIRMADA,3268656,0,15/09/2023,15/09/2028,3.76503,BANCO CENTRAL DE LA REPUBLICA DOMINICANA,BCENTRAL,60347
DO1002227317,NO150928,BCENTRAL/11 BOEST 20280915 GTIA,30980000,DOP,3098,0,102.717943,07/08/2026,12:21:00 PM,PRESTAMO,PRIMERA PARTE,ROTC,02/06/2027,CONFIRMADA,3268656,0,15/09/2023,15/09/2028,3.76503,BANCO CENTRAL DE LA REPUBLICA DOMINICANA,BCENTRAL,60424
DO1002227317,NO150928,BCENTRAL/11 BOEST 20280915 GTIA,30980000,DOP,3098,0,102.551826,07/08/2026,12:20:59 PM,PLAZO,PRIMERA PARTE,ROTC,02/08/2027,CONFIRMADA,3268657,0,15/09/2023,15/09/2028,0,BANCO CENTRAL DE LA REPUBLICA DOMINICANA,BCENTRAL,58898
DO1002227317,NO150928,BCENTRAL/11 BOEST 20280915 GTIA,80000,DOP,8,0,101.925125,07/08/2026,12:20:58 PM,PLAZO,PRIMERA PARTE,ROTC,02/12/2026,CONFIRMADA,3268658,0,15/09/2023,15/09/2028,0,BANCO CENTRAL DE LA REPUBLICA DOMINICANA,BCENTRAL,56637
DO1002227317,NO150928,BCENTRAL/11 BOEST 20280915 GTIA,80000,DOP,8,9,101.915538,07/08/2026,12:20:58 PM,PRESTAMO,SEGUNDA PARTE,ROTC,04/12/2026,CONFIRMADA,3268659,0,15/09/2023,15/09/2028,2.32049,BANCO CENTRAL DE LA REPUBLICA DOMINICANA,BCENTRAL,58303
DO1002227317,NO150928,BCENTRAL/11 BOEST 20280915 GTIA,80000,DOP,8,0,101.925125,07/08/2026,12:20:58 PM,PRESTAMO,PRIMERA PARTE,ROTC,02/12/2026,CONFIRMADA,3268659,0,15/09/2023,15/09/2028,2.32049,BANCO CENTRAL DE LA REPUBLICA DOMINICANA,BCENTRAL,58240
DO1002227317,NO150928,BCENTRAL/11 BOEST 20280915 GTIA,80000,DOP,8,9,101.915538,07/08/2026,12:20:57 PM,PLAZO,PRIMERA PARTE,ROTC,04/12/2026,CONFIRMADA,3268660,0,15/09/2023,15/09/2028,0,BANCO CENTRAL DE LA REPUBLICA DOMINICANA,BCENTRAL,56756
DO1002227317,NO150928,BCENTRAL/11 BOEST 20280915 GTIA,100000,DOP,10,0,100.95621,07/08/2026,12:20:56 PM,PLAZO,PRIMERA PARTE,ROTC,02/12/2026,CONFIRMADA,3268661,0,15/09/2023,15/09/2028,0,BANCO CENTRAL DE LA REPUBLICA DOMINICANA,BCENTRAL,56847
DO1002227317,NO150928,BCENTRAL/11 BOEST 20280915 GTIA,100000,DOP,10,8,100.72309,07/08/2026,12:20:55 PM,PRESTAMO,SEGUNDA PARTE,ROTC,12/03/2027,CONFIRMADA,3268662,0,15/09/2023,15/09/2028,4.876685,BANCO CENTRAL DE LA REPUBLICA DOMINICANA,BCENTRAL,58436
DO1002227317,NO150928,BCENTRAL/11 BOEST 20280915 GTIA,100000,DOP,10,0,100.95621,07/08/2026,12:20:55 PM,PRESTAMO,PRIMERA PARTE,ROTC,02/12/2026,CONFIRMADA,3268662,0,15/09/2023,15/09/2028,4.876685,BANCO CENTRAL DE LA REPUBLICA DOMINICANA,BCENTRAL,58443
DO1002227317,NO150928,BCENTRAL/11 BOEST 20280915 GTIA,100000,DOP,10,8,100.72309,07/08/2026,12:20:54 PM,PLAZO,PRIMERA PARTE,ROTC,12/03/2027,CONFIRMADA,3268663,0,15/09/2023,15/09/2028,0,BANCO CENTRAL DE LA REPUBLICA DOMINICANA,BCENTRAL,56889
DO1002228612,NO031227,BCENTRAL/8 BOEST 20271203 GTIA,110000,DOP,11,0,94.341845,07/08/2026,12:20:53 PM,PLAZO,PRIMERA PARTE,ROTC,12/03/2027,CONFIRMADA,3268664,0,03/12/2024,03/12/2027,0,BANCO CENTRAL DE LA REPUBLICA DOMINICANA,BCENTRAL,56511
DO1002228612,NO031227,BCENTRAL/8 BOEST 20271203 GTIA,110000,DOP,11,8,94.631064,07/08/2026,12:20:53 PM,PRESTAMO,SEGUNDA PARTE,ROTC,02/06/2027,CONFIRMADA,3268665,0,03/12/2024,03/12/2027,4.327427,BANCO CENTRAL DE LA REPUBLICA DOMINICANA,BCENTRAL,58086
DO1002228612,NO031227,BCENTRAL/8 BOEST 20271203 GTIA,110000,DOP,11,0,94.341845,07/08/2026,12:20:53 PM,PRESTAMO,PRIMERA PARTE,ROTC,12/03/2027,CONFIRMADA,3268665,0,03/12/2024,03/12/2027,4.327427,BANCO CENTRAL DE LA REPUBLICA DOMINICANA,BCENTRAL,58114
DO1002228612,NO031227,BCENTRAL/8 BOEST 20271203 GTIA,110000,DOP,11,8,94.631064,07/08/2026,12:20:52 PM,PLAZO,PRIMERA PARTE,ROTC,02/06/2027,CONFIRMADA,3268666,0,03/12/2024,03/12/2027,0,BANCO CENTRAL DE LA REPUBLICA DOMINICANA,BCENTRAL,56539
DO1002227317,NO150928,BCENTRAL/11 BOEST 20280915 GTIA,100000,DOP,10,0,106.13934,07/08/2026,12:20:51 PM,PLAZO,PRIMERA PARTE,ROTC,02/06/2027,CONFIRMADA,3268667,0,15/09/2023,15/09/2028,0,BANCO CENTRAL DE LA REPUBLICA DOMINICANA,BCENTRAL,56861
DO1002227317,NO150928,BCENTRAL/11 BOEST 20280915 GTIA,100000,DOP,10,8,106.02736,07/08/2026,12:20:50 PM,PRESTAMO,SEGUNDA PARTE,ROTC,02/08/2027,CONFIRMADA,3268668,0,15/09/2023,15/09/2028,3.695419,BANCO CENTRAL DE LA REPUBLICA DOMINICANA,BCENTRAL,58450
DO1002227317,NO150928,BCENTRAL/11 BOEST 20280915 GTIA,100000,DOP,10,0,106.13934,07/08/2026,12:20:50 PM,PRESTAMO,PRIMERA PARTE,ROTC,02/06/2027,CONFIRMADA,3268668,0,15/09/2023,15/09/2028,3.695419,BANCO CENTRAL DE LA REPUBLICA DOMINICANA,BCENTRAL,58457
DO1002227317,NO150928,BCENTRAL/11 BOEST 20280915 GTIA,100000,DOP,10,8,106.02736,07/08/2026,12:20:49 PM,PLAZO,PRIMERA PARTE,ROTC,02/08/2027,CONFIRMADA,3268669,0,15/09/2023,15/09/2028,0,BANCO CENTRAL DE LA REPUBLICA DOMINICANA,BCENTRAL,56966
USP3579ECP09,BSRD2029, ,2000,USD,2,0,101.804,07/08/2026,12:20:48 PM,PLAZO,PRIMERA PARTE,ROTC,29/01/2027,CONFIRMADA,3268670,0,22/02/2022,22/02/2029,0,MINISTERIO DE HACIENDA,HACIENDA,43239
USP3579ECP09,BSRD2029, ,2000,USD,2,1,101.7715,07/08/2026,12:20:48 PM,PRESTAMO,SEGUNDA PARTE,ROTC,19/02/2027,CONFIRMADA,3268671,0,22/02/2022,22/02/2029,2.557059,MINISTERIO DE HACIENDA,HACIENDA,45178
USP3579ECP09,BSRD2029, ,2000,USD,2,0,101.804,07/08/2026,12:20:48 PM,PRESTAMO,PRIMERA PARTE,ROTC,29/01/2027,CONFIRMADA,3268671,0,22/02/2022,22/02/2029,2.557059,MINISTERIO DE HACIENDA,HACIENDA,44842
USP3579ECP09,BSRD2029, ,2000,USD,2,1,101.7715,07/08/2026,12:20:47 PM,PLAZO,PRIMERA PARTE,ROTC,19/02/2027,CONFIRMADA,3268672,0,22/02/2022,22/02/2029,0,MINISTERIO DE HACIENDA,HACIENDA,43631
USP3579ECF27,BSRD2030,DOMINICAN REP/4.5 BD 20300130 UNS,2000,USD,2,0,104.2465,07/08/2026,12:20:46 PM,PLAZO,PRIMERA PARTE,ROTC,19/02/2027,CONFIRMADA,3268673,0,30/01/2020,30/01/2030,0,MINISTERIO DE HACIENDA,HACIENDA,57183
USP3579ECF27,BSRD2030,DOMINICAN REP/4.5 BD 20300130 UNS,2000,USD,2,1,104.2825,07/08/2026,12:20:45 PM,PRESTAMO,SEGUNDA PARTE,ROTC,24/05/2027,CONFIRMADA,3268674,0,30/01/2020,30/01/2030,1.382116,MINISTERIO DE HACIENDA,HACIENDA,58716
USP3579ECF27,BSRD2030,DOMINICAN REP/4.5 BD 20300130 UNS,2000,USD,2,0,104.2465,07/08/2026,12:20:45 PM,PRESTAMO,PRIMERA PARTE,ROTC,19/02/2027,CONFIRMADA,3268674,0,30/01/2020,30/01/2030,1.382116,MINISTERIO DE HACIENDA,HACIENDA,58779
USP3579ECF27,BSRD2030,DOMINICAN REP/4.5 BD 20300130 UNS,2000,USD,2,1,104.2825,07/08/2026,12:20:44 PM,PLAZO,PRIMERA PARTE,ROTC,24/05/2027,CONFIRMADA,3268675,0,30/01/2020,30/01/2030,0,MINISTERIO DE HACIENDA,HACIENDA,57169
DO1002228612,NO031227,BCENTRAL/8 BOEST 20271203 GTIA,780000,DOP,78,0,100.151486,07/08/2026,12:20:43 PM,PLAZO,PRIMERA PARTE,ROTC,14/09/2026,CONFIRMADA,3268676,0,03/12/2024,03/12/2027,0,BANCO CENTRAL DE LA REPUBLICA DOMINICANA,BCENTRAL,56987
DO1002228612,NO031227,BCENTRAL/8 BOEST 20271203 GTIA,780000,DOP,78,0,100.670097,07/08/2026,12:20:42 PM,PRESTAMO,SEGUNDA PARTE,ROTC,02/12/2026,CONFIRMADA,3268677,0,03/12/2024,03/12/2027,4.297018,BANCO CENTRAL DE LA REPUBLICA DOMINICANA,BCENTRAL,58485
DO1002228612,NO031227,BCENTRAL/8 BOEST 20271203 GTIA,780000,DOP,78,0,100.151486,07/08/2026,12:20:42 PM,PRESTAMO,PRIMERA PARTE,ROTC,14/09/2026,CONFIRMADA,3268677,0,03/12/2024,03/12/2027,4.297018,BANCO CENTRAL DE LA REPUBLICA DOMINICANA,BCENTRAL,58583
DO1002228612,NO031227,BCENTRAL/8 BOEST 20271203 GTIA,780000,DOP,78,0,100.670097,07/08/2026,12:20:41 PM,PLAZO,PRIMERA PARTE,ROTC,02/12/2026,CONFIRMADA,3268678,0,03/12/2024,03/12/2027,0,BANCO CENTRAL DE LA REPUBLICA DOMINICANA,BCENTRAL,56938
DO1002227317,NO150928,BCENTRAL/11 BOEST 20280915 GTIA,780000,DOP,78,0,102.308087,07/08/2026,12:20:40 PM,PLAZO,PRIMERA PARTE,ROTC,02/12/2026,CONFIRMADA,3268679,0,15/09/2023,15/09/2028,0,BANCO CENTRAL DE LA REPUBLICA DOMINICANA,BCENTRAL,57365
DO1002227317,NO150928,BCENTRAL/11 BOEST 20280915 GTIA,780000,DOP,78,0,102.111676,07/08/2026,12:20:40 PM,PRESTAMO,SEGUNDA PARTE,ROTC,12/03/2027,CONFIRMADA,3268680,0,15/09/2023,15/09/2028,4.847845,BANCO CENTRAL DE LA REPUBLICA DOMINICANA,BCENTRAL,58891
DO1002227317,NO150928,BCENTRAL/11 BOEST 20280915 GTIA,780000,DOP,78,0,102.308087,07/08/2026,12:20:40 PM,PRESTAMO,PRIMERA PARTE,ROTC,02/12/2026,CONFIRMADA,3268680,0,15/09/2023,15/09/2028,4.847845,BANCO CENTRAL DE LA REPUBLICA DOMINICANA,BCENTRAL,58968
DO1002227317,NO150928,BCENTRAL/11 BOEST 20280915 GTIA,780000,DOP,78,0,102.111676,07/08/2026,12:20:39 PM,PLAZO,PRIMERA PARTE,ROTC,12/03/2027,CONFIRMADA,3268681,0,15/09/2023,15/09/2028,0,BANCO CENTRAL DE LA REPUBLICA DOMINICANA,BCENTRAL,57407
DO1002228612,NO031227,BCENTRAL/8 BOEST 20271203 GTIA,820000,DOP,82,0,100.135924,07/08/2026,12:20:38 PM,PLAZO,PRIMERA PARTE,ROTC,12/03/2027,CONFIRMADA,3268682,0,03/12/2024,03/12/2027,0,BANCO CENTRAL DE LA REPUBLICA DOMINICANA,BCENTRAL,56889
DO1002228612,NO031227,BCENTRAL/8 BOEST 20271203 GTIA,820000,DOP,82,0,100.550691,07/08/2026,12:20:37 PM,PRESTAMO,SEGUNDA PARTE,ROTC,02/06/2027,CONFIRMADA,3268683,0,03/12/2024,03/12/2027,4.202471,BANCO CENTRAL DE LA REPUBLICA DOMINICANA,BCENTRAL,58450
DO1002228612,NO031227,BCENTRAL/8 BOEST 20271203 GTIA,820000,DOP,82,0,100.135924,07/08/2026,12:20:37 PM,PRESTAMO,PRIMERA PARTE,ROTC,12/03/2027,CONFIRMADA,3268683,0,03/12/2024,03/12/2027,4.202471,BANCO CENTRAL DE LA REPUBLICA DOMINICANA,BCENTRAL,58485
DO1002228612,NO031227,BCENTRAL/8 BOEST 20271203 GTIA,820000,DOP,82,0,100.550691,07/08/2026,12:20:36 PM,PLAZO,PRIMERA PARTE,ROTC,02/06/2027,CONFIRMADA,3268684,0,03/12/2024,03/12/2027,0,BANCO CENTRAL DE LA REPUBLICA DOMINICANA,BCENTRAL,56903
DO1002227317,NO150928,BCENTRAL/11 BOEST 20280915 GTIA,820000,DOP,82,0,102.196933,07/08/2026,12:20:35 PM,PLAZO,PRIMERA PARTE,ROTC,02/06/2027,CONFIRMADA,3268685,0,15/09/2023,15/09/2028,0,BANCO CENTRAL DE LA REPUBLICA DOMINICANA,BCENTRAL,57386
DO1002227317,NO150928,BCENTRAL/11 BOEST 20280915 GTIA,820000,DOP,82,0,102.02277,07/08/2026,12:20:35 PM,PRESTAMO,SEGUNDA PARTE,ROTC,02/08/2027,CONFIRMADA,3268686,0,15/09/2023,15/09/2028,3.776209,BANCO CENTRAL DE LA REPUBLICA DOMINICANA,BCENTRAL,58513
DO1002227317,NO150928,BCENTRAL/11 BOEST 20280915 GTIA,820000,DOP,82,0,102.196933,07/08/2026,12:20:35 PM,PRESTAMO,PRIMERA PARTE,ROTC,02/06/2027,CONFIRMADA,3268686,0,15/09/2023,15/09/2028,3.776209,BANCO CENTRAL DE LA REPUBLICA DOMINICANA,BCENTRAL,58989
DO1002227317,NO150928,BCENTRAL/11 BOEST 20280915 GTIA,820000,DOP,82,0,102.02277,07/08/2026,12:20:34 PM,PLAZO,PRIMERA PARTE,ROTC,02/08/2027,CONFIRMADA,3268687,0,15/09/2023,15/09/2028,0,BANCO CENTRAL DE LA REPUBLICA DOMINICANA,BCENTRAL,56966
DO1002228612,NO031227,BCENTRAL/8 BOEST 20271203 GTIA,1480000,DOP,148,0,99.966152,07/08/2026,12:20:33 PM,PLAZO,PRIMERA PARTE,ROTC,07/09/2026,CONFIRMADA,3268688,0,03/12/2024,03/12/2027,0,BANCO CENTRAL DE LA REPUBLICA DOMINICANA,BCENTRAL,57449
DO1002228612,NO031227,BCENTRAL/8 BOEST 20271203 GTIA,1480000,DOP,148,9,100.041876,07/08/2026,12:20:32 PM,PRESTAMO,SEGUNDA PARTE,ROTC,07/10/2026,CONFIRMADA,3268689,0,03/12/2024,03/12/2027,2.752854,BANCO CENTRAL DE LA REPUBLICA DOMINICANA,BCENTRAL,59185
DO1002228612,NO031227,BCENTRAL/8 BOEST 20271203 GTIA,1480000,DOP,148,0,99.966152,07/08/2026,12:20:32 PM,PRESTAMO,PRIMERA PARTE,ROTC,07/09/2026,CONFIRMADA,3268689,0,03/12/2024,03/12/2027,2.752854,BANCO CENTRAL DE LA REPUBLICA DOMINICANA,BCENTRAL,59045
DO1002228612,NO031227,BCENTRAL/8 BOEST 20271203 GTIA,1480000,DOP,148,9,100.041876,07/08/2026,12:20:31 PM,PLAZO,PRIMERA PARTE,ROTC,07/10/2026,CONFIRMADA,3268690,0,03/12/2024,03/12/2027,0,BANCO CENTRAL DE LA REPUBLICA DOMINICANA,BCENTRAL,57638
DO1002228612,NO031227,BCENTRAL/8 BOEST 20271203 GTIA,1470000,DOP,147,0,100.004731,07/08/2026,12:20:30 PM,PLAZO,PRIMERA PARTE,ROTC,07/10/2026,CONFIRMADA,3268691,0,03/12/2024,03/12/2027,0,BANCO CENTRAL DE LA REPUBLICA DOMINICANA,BCENTRAL,57477
DO1002228612,NO031227,BCENTRAL/8 BOEST 20271203 GTIA,1470000,DOP,147,9,100.085431,07/08/2026,12:20:30 PM,PRESTAMO,SEGUNDA PARTE,ROTC,06/11/2026,CONFIRMADA,3268692,0,03/12/2024,03/12/2027,3.372653,BANCO CENTRAL DE LA REPUBLICA DOMINICANA,BCENTRAL,59122
DO1002228612,NO031227,BCENTRAL/8 BOEST 20271203 GTIA,1470000,DOP,147,0,100.004731,07/08/2026,12:20:30 PM,PRESTAMO,PRIMERA PARTE,ROTC,07/10/2026,CONFIRMADA,3268692,0,03/12/2024,03/12/2027,3.372653,BANCO CENTRAL DE LA REPUBLICA DOMINICANA,BCENTRAL,59080
DO1002228612,NO031227,BCENTRAL/8 BOEST 20271203 GTIA,1470000,DOP,147,9,100.085431,07/08/2026,12:20:29 PM,PLAZO,PRIMERA PARTE,ROTC,06/11/2026,CONFIRMADA,3268693,0,03/12/2024,03/12/2027,0,BANCO CENTRAL DE LA REPUBLICA DOMINICANA,BCENTRAL,57638
DO1002227317,NO150928,BCENTRAL/11 BOEST 20280915 GTIA,1450000,DOP,145,0,102.596082,07/08/2026,12:20:28 PM,PLAZO,PRIMERA PARTE,ROTC,06/11/2026,CONFIRMADA,3268694,0,15/09/2023,15/09/2028,0,BANCO CENTRAL DE LA REPUBLICA DOMINICANA,BCENTRAL,58058
DO1002227317,NO150928,BCENTRAL/11 BOEST 20280915 GTIA,1450000,DOP,145,9,102.425576,07/08/2026,12:20:27 PM,PRESTAMO,SEGUNDA PARTE,ROTC,07/12/2026,CONFIRMADA,3268695,0,15/09/2023,15/09/2028,2.240729,BANCO CENTRAL DE LA REPUBLICA DOMINICANA,BCENTRAL,59661
DO1002227317,NO150928,BCENTRAL/11 BOEST 20280915 GTIA,1450000,DOP,145,0,102.596082,07/08/2026,12:20:27 PM,PRESTAMO,PRIMERA PARTE,ROTC,06/11/2026,CONFIRMADA,3268695,0,15/09/2023,15/09/2028,2.240729,BANCO CENTRAL DE LA REPUBLICA DOMINICANA,BCENTRAL,59654
DO1002227317,NO150928,BCENTRAL/11 BOEST 20280915 GTIA,1450000,DOP,145,9,102.425576,07/08/2026,12:20:26 PM,PLAZO,PRIMERA PARTE,ROTC,07/12/2026,CONFIRMADA,3268696,0,15/09/2023,15/09/2028,0,BANCO CENTRAL DE LA REPUBLICA DOMINICANA,BCENTRAL,58114
DO1002228612,NO031227,BCENTRAL/8 BOEST 20271203 GTIA,310000,DOP,31,8.2501,99.675558,07/08/2026,12:20:25 PM,CONTADO,PRIMERA PARTE,ROTC,10/08/2026,CONFIRMADA,3268697,0,03/12/2024,03/12/2027,0,BANCO CENTRAL DE LA REPUBLICA DOMINICANA,BCENTRAL,59346
DO1002228612,NO031227,BCENTRAL/8 BOEST 20271203 GTIA,310000,DOP,31,4.1327,99.681787,07/08/2026,12:20:24 PM,PRESTAMO,SEGUNDA PARTE,ROTC,10/09/2026,CONFIRMADA,3268698,0,03/12/2024,03/12/2027,2.130835,BANCO CENTRAL DE LA REPUBLICA DOMINICANA,BCENTRAL,59990
DO1002228612,NO031227,BCENTRAL/8 BOEST 20271203 GTIA,310000,DOP,31,8.2501,99.675558,07/08/2026,12:20:24 PM,PRESTAMO,PRIMERA PARTE,ROTC,10/08/2026,CONFIRMADA,3268698,0,03/12/2024,03/12/2027,2.130835,BANCO CENTRAL DE LA REPUBLICA DOMINICANA,BCENTRAL,60032
DO1002228612,NO031227,BCENTRAL/8 BOEST 20271203 GTIA,310000,DOP,31,4.1327,99.681787,07/08/2026,12:20:23 PM,PLAZO,PRIMERA PARTE,ROTC,10/09/2026,CONFIRMADA,3268699,0,03/12/2024,03/12/2027,0,BANCO CENTRAL DE LA REPUBLICA DOMINICANA,BCENTRAL,58443
DO1002228612,NO031227,BCENTRAL/8 BOEST 20271203 GTIA,20000,DOP,2,-1.3113,112.3612,07/08/2026,12:20:22 PM,CONTADO,PRIMERA PARTE,ROTC,11/08/2026,CONFIRMADA,3268700,0,03/12/2024,03/12/2027,0,BANCO CENTRAL DE LA REPUBLICA DOMINICANA,BCENTRAL,58296
DO1002228612,NO031227,BCENTRAL/8 BOEST 20271203 GTIA,20000,DOP,2,-1.7687,112.39315,07/08/2026,12:20:21 PM,PRESTAMO,SEGUNDA PARTE,ROTC,03/09/2026,CONFIRMADA,3268701,0,03/12/2024,03/12/2027,1.785688,BANCO CENTRAL DE LA REPUBLICA DOMINICANA,BCENTRAL,59472
DO1002228612,NO031227,BCENTRAL/8 BOEST 20271203 GTIA,20000,DOP,2,-1.3113,112.3612,07/08/2026,12:20:21 PM,PRESTAMO,PRIMERA PARTE,ROTC,11/08/2026,CONFIRMADA,3268701,0,03/12/2024,03/12/2027,1.785688,BANCO CENTRAL DE LA REPUBLICA DOMINICANA,BCENTRAL,58982
DO1002228612,NO031227,BCENTRAL/8 BOEST 20271203 GTIA,20000,DOP,2,-1.7687,112.39315,07/08/2026,12:20:20 PM,PLAZO,PRIMERA PARTE,ROTC,03/09/2026,CONFIRMADA,3268702,0,03/12/2024,03/12/2027,0,BANCO CENTRAL DE LA REPUBLICA DOMINICANA,BCENTRAL,57925
DO1002228612,NO031227,BCENTRAL/8 BOEST 20271203 GTIA,3670000,DOP,367,7.9631,100.026744,07/08/2026,12:20:20 PM,CONTADO,PRIMERA PARTE,ROTC,11/08/2026,CONFIRMADA,3268705,0,03/12/2024,03/12/2027,0,BANCO CENTRAL DE LA REPUBLICA DOMINICANA,BCENTRAL,60354
DO1002228612,NO031227,BCENTRAL/8 BOEST 20271203 GTIA,3670000,DOP,367,7.983,100.001801,07/08/2026,12:20:18 PM,PRESTAMO,SEGUNDA PARTE,ROTC,09/10/2026,CONFIRMADA,3268711,0,03/12/2024,03/12/2027,2.697355,BANCO CENTRAL DE LA REPUBLICA DOMINICANA,BCENTRAL,60613
DO1002228612,NO031227,BCENTRAL/8 BOEST 20271203 GTIA,3670000,DOP,367,7.9631,100.026744,07/08/2026,12:20:18 PM,PRESTAMO,PRIMERA PARTE,ROTC,11/08/2026,CONFIRMADA,3268711,0,03/12/2024,03/12/2027,2.697355,BANCO CENTRAL DE LA REPUBLICA DOMINICANA,BCENTRAL,61096
DO1002228612,NO031227,BCENTRAL/8 BOEST 20271203 GTIA,3670000,DOP,367,7.983,100.001801,07/08/2026,12:20:18 PM,PLAZO,PRIMERA PARTE,ROTC,09/10/2026,CONFIRMADA,3268719,0,03/12/2024,03/12/2027,0,BANCO CENTRAL DE LA REPUBLICA DOMINICANA,BCENTRAL,59073
DO1002228612,NO031227,BCENTRAL/8 BOEST 20271203 GTIA,20000,DOP,2,9.2298,98.4918,07/08/2026,12:20:17 PM,CONTADO,PRIMERA PARTE,ROTC,11/08/2026,CONFIRMADA,3268725,0,03/12/2024,03/12/2027,0,BANCO CENTRAL DE LA REPUBLICA DOMINICANA,BCENTRAL,57981
DO1002228612,NO031227,BCENTRAL/8 BOEST 20271203 GTIA,20000,DOP,2,9.5199,98.48705,07/08/2026,12:20:16 PM,PRESTAMO,SEGUNDA PARTE,ROTC,10/11/2026,CONFIRMADA,3268728,0,03/12/2024,03/12/2027,3.424547,BANCO CENTRAL DE LA REPUBLICA DOMINICANA,BCENTRAL,58926
DO1002228612,NO031227,BCENTRAL/8 BOEST 20271203 GTIA,20000,DOP,2,9.2298,98.4918,07/08/2026,12:20:16 PM,PRESTAMO,PRIMERA PARTE,ROTC,11/08/2026,CONFIRMADA,3268728,0,03/12/2024,03/12/2027,3.424547,BANCO CENTRAL DE LA REPUBLICA DOMINICANA,BCENTRAL,58667
DO1002228612,NO031227,BCENTRAL/8 BOEST 20271203 GTIA,20000,DOP,2,9.5199,98.48705,07/08/2026,12:20:15 PM,PLAZO,PRIMERA PARTE,ROTC,10/11/2026,CONFIRMADA,3268729,0,03/12/2024,03/12/2027,0,BANCO CENTRAL DE LA REPUBLICA DOMINICANA,BCENTRAL,57379
USP3579EBV85,BSDR2027,DOMINICAN Rep/5.95 BD 20270125 Se,3000,USD,3,4.000001,100.863899,07/08/2026,12:20:15 PM,CONTADO,PRIMERA PARTE,ROTC,12/08/2026,CONFIRMADA,3268812,0,25/01/2017,25/01/2027,0,MINISTERIO DE HACIENDA,HACIENDA,61929
DO1002228612,NO031227,BCENTRAL/8 BOEST 20271203 GTIA,120000,DOP,12,7.4399,100.67205,07/08/2026,12:20:14 PM,CONTADO,PRIMERA PARTE,ROTC,10/08/2026,CONFIRMADA,3268730,0,03/12/2024,03/12/2027,0,BANCO CENTRAL DE LA REPUBLICA DOMINICANA,BCENTRAL,59199
DO1002228612,NO031227,BCENTRAL/8 BOEST 20271203 GTIA,120000,DOP,12,7.0277,100.971608,07/08/2026,12:20:13 PM,PRESTAMO,SEGUNDA PARTE,ROTC,10/11/2026,CONFIRMADA,3268731,0,03/12/2024,03/12/2027,3.634408,BANCO CENTRAL DE LA REPUBLICA DOMINICANA,BCENTRAL,60130
DO1002228612,NO031227,BCENTRAL/8 BOEST 20271203 GTIA,120000,DOP,12,7.4399,100.67205,07/08/2026,12:20:13 PM,PRESTAMO,PRIMERA PARTE,ROTC,10/08/2026,CONFIRMADA,3268731,0,03/12/2024,03/12/2027,3.634408,BANCO CENTRAL DE LA REPUBLICA DOMINICANA,BCENTRAL,59885
DO1002228612,NO031227,BCENTRAL/8 BOEST 20271203 GTIA,120000,DOP,12,7.0277,100.971608,07/08/2026,12:20:12 PM,PLAZO,PRIMERA PARTE,ROTC,10/11/2026,CONFIRMADA,3268732,0,03/12/2024,03/12/2027,0,BANCO CENTRAL DE LA REPUBLICA DOMINICANA,BCENTRAL,58583
DO1002228612,NO031227,BCENTRAL/8 BOEST 20271203 GTIA,730000,DOP,73,8.2246,99.706695,07/08/2026,12:20:11 PM,CONTADO,PRIMERA PARTE,ROTC,10/08/2026,CONFIRMADA,3268733,0,03/12/2024,03/12/2027,0,BANCO CENTRAL DE LA REPUBLICA DOMINICANA,BCENTRAL,59416
DO1002228612,NO031227,BCENTRAL/8 BOEST 20271203 GTIA,730000,DOP,73,3.7584,100.050825,07/08/2026,12:20:10 PM,PRESTAMO,SEGUNDA PARTE,ROTC,02/12/2026,CONFIRMADA,3268734,0,03/12/2024,03/12/2027,4.154874,BANCO CENTRAL DE LA REPUBLICA DOMINICANA,BCENTRAL,60172
DO1002228612,NO031227,BCENTRAL/8 BOEST 20271203 GTIA,730000,DOP,73,8.2246,99.706695,07/08/2026,12:20:10 PM,PRESTAMO,PRIMERA PARTE,ROTC,10/08/2026,CONFIRMADA,3268734,0,03/12/2024,03/12/2027,4.154874,BANCO CENTRAL DE LA REPUBLICA DOMINICANA,BCENTRAL,60102
DO1002228612,NO031227,BCENTRAL/8 BOEST 20271203 GTIA,730000,DOP,73,3.7584,100.050825,07/08/2026,12:20:09 PM,PLAZO,PRIMERA PARTE,ROTC,02/12/2026,CONFIRMADA,3268735,0,03/12/2024,03/12/2027,0,BANCO CENTRAL DE LA REPUBLICA DOMINICANA,BCENTRAL,58688
DO1002228612,NO031227,BCENTRAL/8 BOEST 20271203 GTIA,100000,DOP,10,8.01,99.96949,07/08/2026,12:20:08 PM,CONTADO,PRIMERA PARTE,ROTC,10/08/2026,CONFIRMADA,3268736,0,03/12/2024,03/12/2027,0,BANCO CENTRAL DE LA REPUBLICA DOMINICANA,BCENTRAL,58261
DO1002228612,NO031227,BCENTRAL/8 BOEST 20271203 GTIA,100000,DOP,10,7.881,100.11222,07/08/2026,12:20:07 PM,PRESTAMO,SEGUNDA PARTE,ROTC,09/10/2026,CONFIRMADA,3268737,0,03/12/2024,03/12/2027,2.857389,BANCO CENTRAL DE LA REPUBLICA DOMINICANA,BCENTRAL,59346
DO1002228612,NO031227,BCENTRAL/8 BOEST 20271203 GTIA,100000,DOP,10,8.01,99.96949,07/08/2026,12:20:07 PM,PRESTAMO,PRIMERA PARTE,ROTC,10/08/2026,CONFIRMADA,3268737,0,03/12/2024,03/12/2027,2.857389,BANCO CENTRAL DE LA REPUBLICA DOMINICANA,BCENTRAL,58947
DO1002228612,NO031227,BCENTRAL/8 BOEST 20271203 GTIA,100000,DOP,10,7.881,100.11222,07/08/2026,12:20:06 PM,PLAZO,PRIMERA PARTE,ROTC,09/10/2026,CONFIRMADA,3268738,0,03/12/2024,03/12/2027,0,BANCO CENTRAL DE LA REPUBLICA DOMINICANA,BCENTRAL,57799
DO1002228612,NO031227,BCENTRAL/8 BOEST 20271203 GTIA,210000,DOP,21,0,99.508348,07/08/2026,12:20:05 PM,PLAZO,PRIMERA PARTE,ROTC,12/03/2027,CONFIRMADA,3268739,0,03/12/2024,03/12/2027,0,BANCO CENTRAL DE LA REPUBLICA DOMINICANA,BCENTRAL,56560
DO1002228612,NO031227,BCENTRAL/8 BOEST 20271203 GTIA,210000,DOP,21,0,99.734362,07/08/2026,12:20:04 PM,PRESTAMO,SEGUNDA PARTE,ROTC,04/05/2027,CONFIRMADA,3268740,0,03/12/2024,03/12/2027,3.460268,BANCO CENTRAL DE LA REPUBLICA DOMINICANA,BCENTRAL,58093
DO1002228612,NO031227,BCENTRAL/8 BOEST 20271203 GTIA,210000,DOP,21,0,99.508348,07/08/2026,12:20:04 PM,PRESTAMO,PRIMERA PARTE,ROTC,12/03/2027,CONFIRMADA,3268740,0,03/12/2024,03/12/2027,3.460268,BANCO CENTRAL DE LA REPUBLICA DOMINICANA,BCENTRAL,58156
DO1002228612,NO031227,BCENTRAL/8 BOEST 20271203 GTIA,210000,DOP,21,0,99.734362,07/08/2026,12:20:03 PM,PLAZO,PRIMERA PARTE,ROTC,04/05/2027,CONFIRMADA,3268741,0,03/12/2024,03/12/2027,0,BANCO CENTRAL DE LA REPUBLICA DOMINICANA,BCENTRAL,56546
DO1002228612,NO031227,BCENTRAL/8 BOEST 20271203 GTIA,1010000,DOP,101,7.6547,100.406551,07/08/2026,12:20:03 PM,CONTADO,PRIMERA PARTE,ROTC,10/08/2026,CONFIRMADA,3268742,0,03/12/2024,03/12/2027,0,BANCO CENTRAL DE LA REPUBLICA DOMINICANA,BCENTRAL,60165
DO1002228612,NO031227,BCENTRAL/8 BOEST 20271203 GTIA,1010000,DOP,101,7.5861,100.459818,07/08/2026,12:20:01 PM,PRESTAMO,SEGUNDA PARTE,ROTC,09/09/2026,CONFIRMADA,3268743,0,03/12/2024,03/12/2027,2.139672,BANCO CENTRAL DE LA REPUBLICA DOMINICANA,BCENTRAL,60928
DO1002228612,NO031227,BCENTRAL/8 BOEST 20271203 GTIA,1010000,DOP,101,7.6547,100.406551,07/08/2026,12:20:01 PM,PRESTAMO,PRIMERA PARTE,ROTC,10/08/2026,CONFIRMADA,3268743,0,03/12/2024,03/12/2027,2.139672,BANCO CENTRAL DE LA REPUBLICA DOMINICANA,BCENTRAL,60844
DO1002228612,NO031227,BCENTRAL/8 BOEST 20271203 GTIA,1010000,DOP,101,7.5861,100.459818,07/08/2026,12:20:00 PM,PLAZO,PRIMERA PARTE,ROTC,09/09/2026,CONFIRMADA,3268744,0,03/12/2024,03/12/2027,0,BANCO CENTRAL DE LA REPUBLICA DOMINICANA,BCENTRAL,59381
USP3579EBV85,BSDR2027,DOMINICAN Rep/5.95 BD 20270125 Se,110000,USD,110,3.6365,101.040136,07/08/2026,12:20:00 PM,CONTADO,PRIMERA PARTE,ROTC,10/08/2026,CONFIRMADA,3268745,0,25/01/2017,25/01/2027,0,MINISTERIO DE HACIENDA,HACIENDA,62461
USP3579EBV85,BSDR2027,DOMINICAN Rep/5.95 BD 20270125 Se,110000,USD,110,3.6116,100.8647,07/08/2026,12:19:58 PM,PRESTAMO,SEGUNDA PARTE,ROTC,09/09/2026,CONFIRMADA,3268746,0,25/01/2017,25/01/2027,0.543136,MINISTERIO DE HACIENDA,HACIENDA,62657
USP3579EBV85,BSDR2027,DOMINICAN Rep/5.95 BD 20270125 Se,110000,USD,110,3.6365,101.040136,07/08/2026,12:19:58 PM,PRESTAMO,PRIMERA PARTE,ROTC,10/08/2026,CONFIRMADA,3268746,0,25/01/2017,25/01/2027,0.543136,MINISTERIO DE HACIENDA,HACIENDA,63301
USP3579EBV85,BSDR2027,DOMINICAN Rep/5.95 BD 20270125 Se,110000,USD,110,3.6116,100.8647,07/08/2026,12:19:57 PM,PLAZO,PRIMERA PARTE,ROTC,09/09/2026,CONFIRMADA,3268747,0,25/01/2017,25/01/2027,0,MINISTERIO DE HACIENDA,HACIENDA,61110
DO1002228612,NO031227,BCENTRAL/8 BOEST 20271203 GTIA,100000,DOP,10,7.369,100.75991,07/08/2026,12:19:57 PM,CONTADO,PRIMERA PARTE,ROTC,10/08/2026,CONFIRMADA,3268748,0,03/12/2024,03/12/2027,0,BANCO CENTRAL DE LA REPUBLICA DOMINICANA,BCENTRAL,58968
DO1002228612,NO031227,BCENTRAL/8 BOEST 20271203 GTIA,100000,DOP,10,7.1968,100.80016,07/08/2026,12:19:56 PM,PRESTAMO,SEGUNDA PARTE,ROTC,10/11/2026,CONFIRMADA,3268749,0,03/12/2024,03/12/2027,3.391761,BANCO CENTRAL DE LA REPUBLICA DOMINICANA,BCENTRAL,59815
DO1002228612,NO031227,BCENTRAL/8 BOEST 20271203 GTIA,100000,DOP,10,7.369,100.75991,07/08/2026,12:19:56 PM,PRESTAMO,PRIMERA PARTE,ROTC,10/08/2026,CONFIRMADA,3268749,0,03/12/2024,03/12/2027,3.391761,BANCO CENTRAL DE LA REPUBLICA DOMINICANA,BCENTRAL,59654
DO1002228612,NO031227,BCENTRAL/8 BOEST 20271203 GTIA,100000,DOP,10,7.1968,100.80016,07/08/2026,12:19:55 PM,PLAZO,PRIMERA PARTE,ROTC,10/11/2026,CONFIRMADA,3268750,0,03/12/2024,03/12/2027,0,BANCO CENTRAL DE LA REPUBLICA DOMINICANA,BCENTRAL,58268
DO1002228612,NO031227,BCENTRAL/8 BOEST 20271203 GTIA,100000,DOP,10,0,102.06142,07/08/2026,12:19:54 PM,PLAZO,PRIMERA PARTE,ROTC,14/09/2026,CONFIRMADA,3268752,0,03/12/2024,03/12/2027,0,BANCO CENTRAL DE LA REPUBLICA DOMINICANA,BCENTRAL,56455
DO1002228612,NO031227,BCENTRAL/8 BOEST 20271203 GTIA,100000,DOP,10,9,102.51216,07/08/2026,12:19:53 PM,PRESTAMO,SEGUNDA PARTE,ROTC,02/12/2026,CONFIRMADA,3268754,0,03/12/2024,03/12/2027,4.158952,BANCO CENTRAL DE LA REPUBLICA DOMINICANA,BCENTRAL,58002
DO1002228612,NO031227,BCENTRAL/8 BOEST 20271203 GTIA,100000,DOP,10,0,102.06142,07/08/2026,12:19:53 PM,PRESTAMO,PRIMERA PARTE,ROTC,14/09/2026,CONFIRMADA,3268754,0,03/12/2024,03/12/2027,4.158952,BANCO CENTRAL DE LA REPUBLICA DOMINICANA,BCENTRAL,58051
DO1002228612,NO031227,BCENTRAL/8 BOEST 20271203 GTIA,100000,DOP,10,9,102.51216,07/08/2026,12:19:52 PM,PLAZO,PRIMERA PARTE,ROTC,02/12/2026,CONFIRMADA,3268756,0,03/12/2024,03/12/2027,0,BANCO CENTRAL DE LA REPUBLICA DOMINICANA,BCENTRAL,56455
DO1002227317,NO150928,BCENTRAL/11 BOEST 20280915 GTIA,100000,DOP,10,0,104.15074,07/08/2026,12:19:51 PM,PLAZO,PRIMERA PARTE,ROTC,02/12/2026,CONFIRMADA,3268757,0,15/09/2023,15/09/2028,0,BANCO CENTRAL DE LA REPUBLICA DOMINICANA,BCENTRAL,56854
DO1002227317,NO150928,BCENTRAL/11 BOEST 20280915 GTIA,100000,DOP,10,9,103.8684,07/08/2026,12:19:50 PM,PRESTAMO,SEGUNDA PARTE,ROTC,12/03/2027,CONFIRMADA,3268758,0,15/09/2023,15/09/2028,4.691279,BANCO CENTRAL DE LA REPUBLICA DOMINICANA,BCENTRAL,58184
DO1002227317,NO150928,BCENTRAL/11 BOEST 20280915 GTIA,100000,DOP,10,0,104.15074,07/08/2026,12:19:50 PM,PRESTAMO,PRIMERA PARTE,ROTC,02/12/2026,CONFIRMADA,3268758,0,15/09/2023,15/09/2028,4.691279,BANCO CENTRAL DE LA REPUBLICA DOMINICANA,BCENTRAL,58450
DO1002227317,NO150928,BCENTRAL/11 BOEST 20280915 GTIA,100000,DOP,10,9,103.8684,07/08/2026,12:19:49 PM,PLAZO,PRIMERA PARTE,ROTC,12/03/2027,CONFIRMADA,3268759,0,15/09/2023,15/09/2028,0,BANCO CENTRAL DE LA REPUBLICA DOMINICANA,BCENTRAL,56700
DO1002228612,NO031227,BCENTRAL/8 BOEST 20271203 GTIA,110000,DOP,11,0,97.202355,07/08/2026,12:19:49 PM,PLAZO,PRIMERA PARTE,ROTC,12/03/2027,CONFIRMADA,3268760,0,03/12/2024,03/12/2027,0,BANCO CENTRAL DE LA REPUBLICA DOMINICANA,BCENTRAL,56567
DO1002228612,NO031227,BCENTRAL/8 BOEST 20271203 GTIA,110000,DOP,11,9,97.374809,07/08/2026,12:19:48 PM,PRESTAMO,SEGUNDA PARTE,ROTC,07/05/2027,CONFIRMADA,3268761,0,03/12/2024,03/12/2027,3.551296,BANCO CENTRAL DE LA REPUBLICA DOMINICANA,BCENTRAL,58303
DO1002228612,NO031227,BCENTRAL/8 BOEST 20271203 GTIA,110000,DOP,11,0,97.202355,07/08/2026,12:19:48 PM,PRESTAMO,PRIMERA PARTE,ROTC,12/03/2027,CONFIRMADA,3268761,0,03/12/2024,03/12/2027,3.551296,BANCO CENTRAL DE LA REPUBLICA DOMINICANA,BCENTRAL,58163
DO1002228612,NO031227,BCENTRAL/8 BOEST 20271203 GTIA,110000,DOP,11,9,97.374809,07/08/2026,12:19:47 PM,PLAZO,PRIMERA PARTE,ROTC,07/05/2027,CONFIRMADA,3268762,0,03/12/2024,03/12/2027,0,BANCO CENTRAL DE LA REPUBLICA DOMINICANA,BCENTRAL,56756
DO1002227317,NO150928,BCENTRAL/11 BOEST 20280915 GTIA,100000,DOP,10,11.5883,98.90866,07/08/2026,12:19:46 PM,CONTADO,PRIMERA PARTE,ROTC,11/08/2026,CONFIRMADA,3268763,0,15/09/2023,15/09/2028,0,BANCO CENTRAL DE LA REPUBLICA DOMINICANA,BCENTRAL,59843
DO1002227317,NO150928,BCENTRAL/11 BOEST 20280915 GTIA,100000,DOP,10,3.9615,98.82951,07/08/2026,12:19:45 PM,PRESTAMO,SEGUNDA PARTE,ROTC,14/09/2026,CONFIRMADA,3268764,0,15/09/2023,15/09/2028,5.168724,BANCO CENTRAL DE LA REPUBLICA DOMINICANA,BCENTRAL,60116
DO1002227317,NO150928,BCENTRAL/11 BOEST 20280915 GTIA,100000,DOP,10,11.5883,98.90866,07/08/2026,12:19:45 PM,PRESTAMO,PRIMERA PARTE,ROTC,11/08/2026,CONFIRMADA,3268764,0,15/09/2023,15/09/2028,5.168724,BANCO CENTRAL DE LA REPUBLICA DOMINICANA,BCENTRAL,60529
DO1002227317,NO150928,BCENTRAL/11 BOEST 20280915 GTIA,100000,DOP,10,3.9615,98.82951,07/08/2026,12:19:44 PM,PLAZO,PRIMERA PARTE,ROTC,14/09/2026,CONFIRMADA,3268765,0,15/09/2023,15/09/2028,0,BANCO CENTRAL DE LA REPUBLICA DOMINICANA,BCENTRAL,58569
USP3579EBV85,BSDR2027,DOMINICAN Rep/5.95 BD 20270125 Se,5000,USD,5,20.9198,93.752,07/08/2026,12:19:43 PM,CONTADO,PRIMERA PARTE,ROTC,10/08/2026,CONFIRMADA,3268766,0,25/01/2017,25/01/2027,0,MINISTERIO DE HACIENDA,HACIENDA,60368
USP3579EBV85,BSDR2027,DOMINICAN Rep/5.95 BD 20270125 Se,5000,USD,5,24.7631,93.5548,07/08/2026,12:19:42 PM,PRESTAMO,SEGUNDA PARTE,ROTC,09/09/2026,CONFIRMADA,3268767,0,25/01/2017,25/01/2027,0.562143,MINISTERIO DE HACIENDA,HACIENDA,61404
USP3579EBV85,BSDR2027,DOMINICAN Rep/5.95 BD 20270125 Se,5000,USD,5,20.9198,93.752,07/08/2026,12:19:42 PM,PRESTAMO,PRIMERA PARTE,ROTC,10/08/2026,CONFIRMADA,3268767,0,25/01/2017,25/01/2027,0.562143,MINISTERIO DE HACIENDA,HACIENDA,61054
USP3579EBV85,BSDR2027,DOMINICAN Rep/5.95 BD 20270125 Se,5000,USD,5,24.7631,93.5548,07/08/2026,12:19:41 PM,PLAZO,PRIMERA PARTE,ROTC,09/09/2026,CONFIRMADA,3268768,0,25/01/2017,25/01/2027,0,MINISTERIO DE HACIENDA,HACIENDA,59857
USP3579EBV85,BSDR2027,DOMINICAN Rep/5.95 BD 20270125 Se,138000,USD,138,3.8545,100.940884,07/08/2026,12:19:40 PM,CONTADO,PRIMERA PARTE,ROTC,10/08/2026,CONFIRMADA,3268769,0,25/01/2017,25/01/2027,0,MINISTERIO DE HACIENDA,HACIENDA,62825
DO1005207118,MHUS2026,HACIENDA/6.65 BOEST 20261227 GTIA,3000,USD,3,0,96.230667,07/08/2026,12:19:39 PM,PRESTAMO,SEGUNDA PARTE,ROTC,07/12/2026,CONFIRMADA,3268306,0,27/12/2019,27/12/2026,2.189173,MINISTERIO DE HACIENDA,HACIENDA,58534
DO1005207118,MHUS2026,HACIENDA/6.65 BOEST 20261227 GTIA,3000,USD,3,14.7713,97.028667,07/08/2026,12:19:39 PM,PRESTAMO,PRIMERA PARTE,ROTC,07/08/2026,CONFIRMADA,3268306,0,27/12/2019,27/12/2026,2.189173,MINISTERIO DE HACIENDA,HACIENDA,60837
DO1005207118,MHUS2026,HACIENDA/6.65 BOEST 20261227 GTIA,3000,USD,3,0,96.230667,07/08/2026,12:19:39 PM,PLAZO,PRIMERA PARTE,ROTC,07/12/2026,CONFIRMADA,3268307,0,27/12/2019,27/12/2026,0,MINISTERIO DE HACIENDA,HACIENDA,56994
USP3579EBV85,BSDR2027,DOMINICAN Rep/5.95 BD 20270125 Se,138000,USD,138,3.8062,100.615043,07/08/2026,12:19:39 PM,PRESTAMO,SEGUNDA PARTE,ROTC,09/10/2026,CONFIRMADA,3268770,0,25/01/2017,25/01/2027,0.881023,MINISTERIO DE HACIENDA,HACIENDA,63378
USP3579EBV85,BSDR2027,DOMINICAN Rep/5.95 BD 20270125 Se,138000,USD,138,3.8545,100.940884,07/08/2026,12:19:39 PM,PRESTAMO,PRIMERA PARTE,ROTC,10/08/2026,CONFIRMADA,3268770,0,25/01/2017,25/01/2027,0.881023,MINISTERIO DE HACIENDA,HACIENDA,63574
DO1005207118,MHUS2026,HACIENDA/6.65 BOEST 20261227 GTIA,3000,USD,3,14.7713,97.028667,07/08/2026,12:19:38 PM,CONTADO,PRIMERA PARTE,ROTC,07/08/2026,CONFIRMADA,3268305,0,27/12/2019,27/12/2026,0,MINISTERIO DE HACIENDA,HACIENDA,60137
USP3579EBV85,BSDR2027,DOMINICAN Rep/5.95 BD 20270125 Se,138000,USD,138,3.8062,100.615043,07/08/2026,12:19:38 PM,PLAZO,PRIMERA PARTE,ROTC,09/10/2026,CONFIRMADA,3268771,0,25/01/2017,25/01/2027,0,MINISTERIO DE HACIENDA,HACIENDA,61831
DO1002227317,NO150928,BCENTRAL/11 BOEST 20280915 GTIA,2940000,DOP,294,0,102.816186,07/08/2026,12:19:37 PM,PLAZO,PRIMERA PARTE,ROTC,02/12/2026,CONFIRMADA,3268772,0,15/09/2023,15/09/2028,0,BANCO CENTRAL DE LA REPUBLICA DOMINICANA,BCENTRAL,58163
DO1002227317,NO150928,BCENTRAL/11 BOEST 20280915 GTIA,2940000,DOP,294,9,102.571465,07/08/2026,12:19:37 PM,PRESTAMO,SEGUNDA PARTE,ROTC,03/02/2027,CONFIRMADA,3268773,0,15/09/2023,15/09/2028,3.78061,BANCO CENTRAL DE LA REPUBLICA DOMINICANA,BCENTRAL,59759
DO1002227317,NO150928,BCENTRAL/11 BOEST 20280915 GTIA,2940000,DOP,294,0,102.816186,07/08/2026,12:19:37 PM,PRESTAMO,PRIMERA PARTE,ROTC,02/12/2026,CONFIRMADA,3268773,0,15/09/2023,15/09/2028,3.78061,BANCO CENTRAL DE LA REPUBLICA DOMINICANA,BCENTRAL,59766
DO1002261928,LE090427,BCENTRAL/ LT 20270409 GTIA,570000,DOP,57,0,95.706463,07/08/2026,12:19:36 PM,PRESTAMO,SEGUNDA PARTE,ROTC,06/10/2026,CONFIRMADA,3268303,0,09/04/2026,09/04/2027,1.502093,BANCO CENTRAL DE LA REPUBLICA DOMINICANA,BCENTRAL,56392
DO1002261928,LE090427,BCENTRAL/ LT 20270409 GTIA,570000,DOP,57,8.9332,94.268863,07/08/2026,12:19:36 PM,PRESTAMO,PRIMERA PARTE,ROTC,07/08/2026,CONFIRMADA,3268303,0,09/04/2026,09/04/2027,1.502093,BANCO CENTRAL DE LA REPUBLICA DOMINICANA,BCENTRAL,58394
DO1002261928,LE090427,BCENTRAL/ LT 20270409 GTIA,570000,DOP,57,0,95.706463,07/08/2026,12:19:36 PM,PLAZO,PRIMERA PARTE,ROTC,06/10/2026,CONFIRMADA,3268304,0,09/04/2026,09/04/2027,0,BANCO CENTRAL DE LA REPUBLICA DOMINICANA,BCENTRAL,54852
DO1002227317,NO150928,BCENTRAL/11 BOEST 20280915 GTIA,2940000,DOP,294,9,102.571465,07/08/2026,12:19:36 PM,PLAZO,PRIMERA PARTE,ROTC,03/02/2027,CONFIRMADA,3268774,0,15/09/2023,15/09/2028,0,BANCO CENTRAL DE LA REPUBLICA DOMINICANA,BCENTRAL,58212
DO1002261928,LE090427,BCENTRAL/ LT 20270409 GTIA,570000,DOP,57,8.9332,94.268863,07/08/2026,12:19:35 PM,CONTADO,PRIMERA PARTE,ROTC,07/08/2026,CONFIRMADA,3268301,0,09/04/2026,09/04/2027,0,BANCO CENTRAL DE LA REPUBLICA DOMINICANA,BCENTRAL,57694
DO1002227317,NO150928,BCENTRAL/11 BOEST 20280915 GTIA,720000,DOP,72,0,103.14751,07/08/2026,12:19:35 PM,PLAZO,PRIMERA PARTE,ROTC,02/12/2026,CONFIRMADA,3268775,0,15/09/2023,15/09/2028,0,BANCO CENTRAL DE LA REPUBLICA DOMINICANA,BCENTRAL,56980
DO1002261928,LE090427,BCENTRAL/ LT 20270409 GTIA,230000,DOP,23,11.039,94.990039,07/08/2026,12:19:34 PM,PLAZO,PRIMERA PARTE,ROTC,19/10/2026,CONFIRMADA,3268300,0,09/04/2026,09/04/2027,0,BANCO CENTRAL DE LA REPUBLICA DOMINICANA,BCENTRAL,56553
DO1002227317,NO150928,BCENTRAL/11 BOEST 20280915 GTIA,720000,DOP,72,9,103.116521,07/08/2026,12:19:34 PM,PRESTAMO,SEGUNDA PARTE,ROTC,08/12/2026,CONFIRMADA,3268777,0,15/09/2023,15/09/2028,2.386222,BANCO CENTRAL DE LA REPUBLICA DOMINICANA,BCENTRAL,58940
DO1002227317,NO150928,BCENTRAL/11 BOEST 20280915 GTIA,720000,DOP,72,0,103.14751,07/08/2026,12:19:34 PM,PRESTAMO,PRIMERA PARTE,ROTC,02/12/2026,CONFIRMADA,3268777,0,15/09/2023,15/09/2028,2.386222,BANCO CENTRAL DE LA REPUBLICA DOMINICANA,BCENTRAL,58576
DO1002261928,LE090427,BCENTRAL/ LT 20270409 GTIA,230000,DOP,23,11.039,94.990039,07/08/2026,12:19:33 PM,PRESTAMO,SEGUNDA PARTE,ROTC,19/10/2026,CONFIRMADA,3268299,0,09/04/2026,09/04/2027,1.841159,BANCO CENTRAL DE LA REPUBLICA DOMINICANA,BCENTRAL,58086
DO1002261928,LE090427,BCENTRAL/ LT 20270409 GTIA,230000,DOP,23,10.6513,93.241122,07/08/2026,12:19:33 PM,PRESTAMO,PRIMERA PARTE,ROTC,07/08/2026,CONFIRMADA,3268299,0,09/04/2026,09/04/2027,1.841159,BANCO CENTRAL DE LA REPUBLICA DOMINICANA,BCENTRAL,58394
DO1002227317,NO150928,BCENTRAL/11 BOEST 20280915 GTIA,720000,DOP,72,9,103.116521,07/08/2026,12:19:33 PM,PLAZO,PRIMERA PARTE,ROTC,08/12/2026,CONFIRMADA,3268778,0,15/09/2023,15/09/2028,0,BANCO CENTRAL DE LA REPUBLICA DOMINICANA,BCENTRAL,57393
DO1002261928,LE090427,BCENTRAL/ LT 20270409 GTIA,230000,DOP,23,10.6513,93.241122,07/08/2026,12:19:32 PM,CONTADO,PRIMERA PARTE,ROTC,07/08/2026,CONFIRMADA,3268298,0,09/04/2026,09/04/2027,0,BANCO CENTRAL DE LA REPUBLICA DOMINICANA,BCENTRAL,57694
DO2035500118,VF1ACR01,FDOVIRF ACR/7.3 BO 20340806,150000,USD,150,7.21632271,100.5,07/08/2026,12:19:32 PM,CONTADO,PRIMERA PARTE,ROTC,10/08/2026,CONFIRMADA,3268809,0,06/08/2026,06/08/2034,0,FIDEICOMISO DE OFERTA PUBLICA DE VALORES INMOBILIARIOS DE RENTA FIJA ACROPOLIS 02 FU,FDOVIRF ACR,58079
DO1002261928,LE090427,BCENTRAL/ LT 20270409 GTIA,6460000,DOP,646,32.2206,94.502235,07/08/2026,12:19:31 PM,PLAZO,PRIMERA PARTE,ROTC,03/02/2027,CONFIRMADA,3268297,0,09/04/2026,09/04/2027,0,BANCO CENTRAL DE LA REPUBLICA DOMINICANA,BCENTRAL,57575
DO1002261928,LE090427,BCENTRAL/ LT 20270409 GTIA,6460000,DOP,646,32.2206,94.502235,07/08/2026,12:19:30 PM,PRESTAMO,SEGUNDA PARTE,ROTC,03/02/2027,CONFIRMADA,3268296,0,09/04/2026,09/04/2027,0.243157,BANCO CENTRAL DE LA REPUBLICA DOMINICANA,BCENTRAL,59108
DO1002261928,LE090427,BCENTRAL/ LT 20270409 GTIA,6460000,DOP,646,8.9273,94.272446,07/08/2026,12:19:30 PM,PRESTAMO,PRIMERA PARTE,ROTC,07/08/2026,CONFIRMADA,3268296,0,09/04/2026,09/04/2027,0.243157,BANCO CENTRAL DE LA REPUBLICA DOMINICANA,BCENTRAL,59052
DO1002261928,LE090427,BCENTRAL/ LT 20270409 GTIA,6460000,DOP,646,8.9273,94.272446,07/08/2026,12:19:29 PM,CONTADO,PRIMERA PARTE,ROTC,07/08/2026,CONFIRMADA,3268295,0,09/04/2026,09/04/2027,0,BANCO CENTRAL DE LA REPUBLICA DOMINICANA,BCENTRAL,58415
DO1002261928,LE090427,BCENTRAL/ LT 20270409 GTIA,1040000,DOP,104,34.3309,94.163177,07/08/2026,12:19:28 PM,PLAZO,PRIMERA PARTE,ROTC,03/02/2027,CONFIRMADA,3268294,0,09/04/2026,09/04/2027,0,BANCO CENTRAL DE LA REPUBLICA DOMINICANA,BCENTRAL,57568
DO1002261928,LE090427,BCENTRAL/ LT 20270409 GTIA,1040000,DOP,104,34.3309,94.163177,07/08/2026,12:19:27 PM,PRESTAMO,SEGUNDA PARTE,ROTC,03/02/2027,CONFIRMADA,3268292,0,09/04/2026,09/04/2027,0.253107,BANCO CENTRAL DE LA REPUBLICA DOMINICANA,BCENTRAL,59101
DO1002261928,LE090427,BCENTRAL/ LT 20270409 GTIA,1040000,DOP,104,9.5042,93.924843,07/08/2026,12:19:27 PM,PRESTAMO,PRIMERA PARTE,ROTC,07/08/2026,CONFIRMADA,3268292,0,09/04/2026,09/04/2027,0.253107,BANCO CENTRAL DE LA REPUBLICA DOMINICANA,BCENTRAL,58905
DO1002261928,LE090427,BCENTRAL/ LT 20270409 GTIA,1040000,DOP,104,9.5042,93.924843,07/08/2026,12:19:26 PM,CONTADO,PRIMERA PARTE,ROTC,07/08/2026,CONFIRMADA,3268291,0,09/04/2026,09/04/2027,0,BANCO CENTRAL DE LA REPUBLICA DOMINICANA,BCENTRAL,58205
DO2035500118,VF1ACR01,FDOVIRF ACR/7.3 BO 20340806,5000,USD,5,7.21656061,100.5,07/08/2026,12:18:06 PM,CONTADO,PRIMERA PARTE,ROTC,07/08/2026,CONFIRMADA,3268808,0,06/08/2026,06/08/2034,0,FIDEICOMISO DE OFERTA PUBLICA DE VALORES INMOBILIARIOS DE RENTA FIJA ACROPOLIS 02 FU,FDOVIRF ACR,56784
DO2035500118,VF1ACR01,FDOVIRF ACR/7.3 BO 20340806,469000,USD,469,7.21656061,100.5,07/08/2026,12:18:05 PM,CONTADO,PRIMERA PARTE,ROTC,07/08/2026,CONFIRMADA,3268810,0,06/08/2026,06/08/2034,0,FIDEICOMISO DE OFERTA PUBLICA DE VALORES INMOBILIARIOS DE RENTA FIJA ACROPOLIS 02 FU,FDOVIRF ACR,58317
DO1005211227,MH32029,HACIENDA/12.75 BOEST 20290923 GTIA,4300000,DOP,43,8.5009,111.159512,07/08/2026,12:13:51 PM,PRESTAMO,SEGUNDA PARTE,ROTC,09/09/2026,CONFIRMADA,3268804,0,23/09/2022,23/09/2029,8.45,MINISTERIO DE HACIENDA,HACIENDA,61439
DO1005211227,MH32029,HACIENDA/12.75 BOEST 20290923 GTIA,4300000,DOP,43,8.5102,111.388659,07/08/2026,12:13:51 PM,PRESTAMO,PRIMERA PARTE,ROTC,10/08/2026,CONFIRMADA,3268804,0,23/09/2022,23/09/2029,8.45,MINISTERIO DE HACIENDA,HACIENDA,61509
DO1005211227,MH32029,HACIENDA/12.75 BOEST 20290923 GTIA,4300000,DOP,43,8.5009,111.159512,07/08/2026,12:13:49 PM,ESTRUCTURADA,SEGUNDA PARTE,ROTC,09/09/2026,CONFIRMADA,3268799,0,23/09/2022,23/09/2029,8.45,MINISTERIO DE HACIENDA,HACIENDA,63588
DO1005211227,MH32029,HACIENDA/12.75 BOEST 20290923 GTIA,4300000,DOP,43,8.5102,111.388659,07/08/2026,12:13:49 PM,ESTRUCTURADA,PRIMERA PARTE,ROTC,10/08/2026,CONFIRMADA,3268799,0,23/09/2022,23/09/2029,8.45,MINISTERIO DE HACIENDA,HACIENDA,63658
DO1005211227,MH32029,HACIENDA/12.75 BOEST 20290923 GTIA,4300000,DOP,43,8.5009,111.159512,07/08/2026,12:13:39 PM,PRESTAMO,SEGUNDA PARTE,ROTC,09/09/2026,CONFIRMADA,3268803,0,23/09/2022,23/09/2029,8.45,MINISTERIO DE HACIENDA,HACIENDA,61481
DO1005211227,MH32029,HACIENDA/12.75 BOEST 20290923 GTIA,4300000,DOP,43,8.5102,111.388659,07/08/2026,12:13:39 PM,PRESTAMO,PRIMERA PARTE,ROTC,10/08/2026,CONFIRMADA,3268803,0,23/09/2022,23/09/2029,8.45,MINISTERIO DE HACIENDA,HACIENDA,61551
DO1005211227,MH32029,HACIENDA/12.75 BOEST 20290923 GTIA,4300000,DOP,43,8.5009,111.159512,07/08/2026,12:13:38 PM,ESTRUCTURADA,SEGUNDA PARTE,ROTC,09/09/2026,CONFIRMADA,3268798,0,23/09/2022,23/09/2029,8.45,MINISTERIO DE HACIENDA,HACIENDA,63574
DO1005211227,MH32029,HACIENDA/12.75 BOEST 20290923 GTIA,4300000,DOP,43,8.5102,111.388659,07/08/2026,12:13:38 PM,ESTRUCTURADA,PRIMERA PARTE,ROTC,10/08/2026,CONFIRMADA,3268798,0,23/09/2022,23/09/2029,8.45,MINISTERIO DE HACIENDA,HACIENDA,63644
DO1002261225,LE021026,BCENTRAL/ LT 20261002 GTIA,1130000,DOP,113,-3.1469,100.201456,07/08/2026,12:13:26 PM,PRESTAMO,SEGUNDA PARTE,ROTC,09/09/2026,CONFIRMADA,3268802,0,02/10/2025,02/10/2026,8,BANCO CENTRAL DE LA REPUBLICA DOMINICANA,BCENTRAL,59101
DO1002261225,LE021026,BCENTRAL/ LT 20261002 GTIA,1130000,DOP,113,3.1536,99.53787,07/08/2026,12:13:26 PM,PRESTAMO,PRIMERA PARTE,ROTC,10/08/2026,CONFIRMADA,3268802,0,02/10/2025,02/10/2026,8,BANCO CENTRAL DE LA REPUBLICA DOMINICANA,BCENTRAL,58282
DO1002261225,LE021026,BCENTRAL/ LT 20261002 GTIA,1130000,DOP,113,-3.1469,100.201456,07/08/2026,12:13:25 PM,ESTRUCTURADA,SEGUNDA PARTE,ROTC,09/09/2026,CONFIRMADA,3268797,0,02/10/2025,02/10/2026,8,BANCO CENTRAL DE LA REPUBLICA DOMINICANA,BCENTRAL,61194
DO1002261225,LE021026,BCENTRAL/ LT 20261002 GTIA,1130000,DOP,113,3.1536,99.53787,07/08/2026,12:13:25 PM,ESTRUCTURADA,PRIMERA PARTE,ROTC,10/08/2026,CONFIRMADA,3268797,0,02/10/2025,02/10/2026,8,BANCO CENTRAL DE LA REPUBLICA DOMINICANA,BCENTRAL,60375
DO1002261423,NO301129,BCENTRAL/9.5 BOEST 20291130 GTIA,40000,DOP,4,9.6299,99.632275,07/08/2026,12:13:14 PM,PRESTAMO,SEGUNDA PARTE,ROTC,09/10/2026,CONFIRMADA,3268801,0,30/11/2025,30/11/2029,8.55,BANCO CENTRAL DE LA REPUBLICA DOMINICANA,BCENTRAL,60060
DO1002261423,NO301129,BCENTRAL/9.5 BOEST 20291130 GTIA,40000,DOP,4,9.5865,99.7335,07/08/2026,12:13:14 PM,PRESTAMO,PRIMERA PARTE,ROTC,10/08/2026,CONFIRMADA,3268801,0,30/11/2025,30/11/2029,8.55,BANCO CENTRAL DE LA REPUBLICA DOMINICANA,BCENTRAL,59381
DO1002261423,NO301129,BCENTRAL/9.5 BOEST 20291130 GTIA,40000,DOP,4,9.6299,99.632275,07/08/2026,12:13:13 PM,ESTRUCTURADA,SEGUNDA PARTE,ROTC,09/10/2026,CONFIRMADA,3268796,0,30/11/2025,30/11/2029,8.55,BANCO CENTRAL DE LA REPUBLICA DOMINICANA,BCENTRAL,62153
DO1002261423,NO301129,BCENTRAL/9.5 BOEST 20291130 GTIA,40000,DOP,4,9.5865,99.7335,07/08/2026,12:13:13 PM,ESTRUCTURADA,PRIMERA PARTE,ROTC,10/08/2026,CONFIRMADA,3268796,0,30/11/2025,30/11/2029,8.55,BANCO CENTRAL DE LA REPUBLICA DOMINICANA,BCENTRAL,61474
DO1005211227,MH32029,HACIENDA/12.75 BOEST 20290923 GTIA,300000,DOP,3,11.9122,102.02051,07/08/2026,12:13:03 PM,PRESTAMO,SEGUNDA PARTE,ROTC,09/10/2026,CONFIRMADA,3268800,0,23/09/2022,23/09/2029,7.25,MINISTERIO DE HACIENDA,HACIENDA,60487
DO1005211227,MH32029,HACIENDA/12.75 BOEST 20290923 GTIA,300000,DOP,3,14.177,96.4643,07/08/2026,12:13:03 PM,PRESTAMO,PRIMERA PARTE,ROTC,10/08/2026,CONFIRMADA,3268800,0,23/09/2022,23/09/2029,7.25,MINISTERIO DE HACIENDA,HACIENDA,59710
DO1005211227,MH32029,HACIENDA/12.75 BOEST 20290923 GTIA,300000,DOP,3,11.9122,102.02051,07/08/2026,12:13:02 PM,ESTRUCTURADA,SEGUNDA PARTE,ROTC,09/10/2026,CONFIRMADA,3268795,0,23/09/2022,23/09/2029,7.25,MINISTERIO DE HACIENDA,HACIENDA,62580
DO1005211227,MH32029,HACIENDA/12.75 BOEST 20290923 GTIA,300000,DOP,3,14.177,96.4643,07/08/2026,12:13:02 PM,ESTRUCTURADA,PRIMERA PARTE,ROTC,10/08/2026,CONFIRMADA,3268795,0,23/09/2022,23/09/2029,7.25,MINISTERIO DE HACIENDA,HACIENDA,61803
USP3579EDB04,BSRD2038, ,1490000,USD,1490,5.84583216,102.528215,07/08/2026,12:12:49 PM,CONTADO,PRIMERA PARTE,ROTC,07/08/2026,CONFIRMADA,3268594,0,17/02/2026,17/05/2038,0,MINISTERIO DE HACIENDA,HACIENDA,50631
DO1005206516,MH32028,HACIENDA/10.75 BOEST 20280811 GTIA,95400000,DOP,954,6.2452,108.073258,07/08/2026,12:11:18 PM,PRESTAMO,SEGUNDA PARTE,ROTC,07/09/2026,CONFIRMADA,3268782,0,10/08/2018,11/08/2028,8.99,MINISTERIO DE HACIENDA,HACIENDA,62272
DO1005206516,MH32028,HACIENDA/10.75 BOEST 20280811 GTIA,95400000,DOP,954,9.2017,102.818905,07/08/2026,12:11:18 PM,PRESTAMO,PRIMERA PARTE,ROTC,07/08/2026,CONFIRMADA,3268782,0,10/08/2018,11/08/2028,8.99,MINISTERIO DE HACIENDA,HACIENDA,62328
DO1005206516,MH32028,HACIENDA/10.75 BOEST 20280811 GTIA,95400000,DOP,954,6.2452,108.073258,07/08/2026,12:11:17 PM,ESTRUCTURADA,SEGUNDA PARTE,ROTC,07/09/2026,CONFIRMADA,3268776,0,10/08/2018,11/08/2028,8.99,MINISTERIO DE HACIENDA,HACIENDA,64365
DO1005206516,MH32028,HACIENDA/10.75 BOEST 20280811 GTIA,95400000,DOP,954,9.2017,102.818905,07/08/2026,12:11:17 PM,ESTRUCTURADA,PRIMERA PARTE,ROTC,07/08/2026,CONFIRMADA,3268776,0,10/08/2018,11/08/2028,8.99,MINISTERIO DE HACIENDA,HACIENDA,64421
USP3579ECH82,BSRD2032,"DOMINICAN, REP /4.875 BD 20320923",925000,USD,925,4.3599,102.544209,07/08/2026,12:10:27 PM,PRESTAMO,SEGUNDA PARTE,ROTC,04/02/2027,CONFIRMADA,3268780,0,23/09/2020,23/09/2032,4.89,MINISTERIO DE HACIENDA,HACIENDA,62272
USP3579ECH82,BSRD2032,"DOMINICAN, REP /4.875 BD 20320923",925000,USD,925,4.8739,100.000377,07/08/2026,12:10:27 PM,PRESTAMO,PRIMERA PARTE,ROTC,07/08/2026,CONFIRMADA,3268780,0,23/09/2020,23/09/2032,4.89,MINISTERIO DE HACIENDA,HACIENDA,62335
USP3579ECH82,BSRD2032,"DOMINICAN, REP /4.875 BD 20320923",925000,USD,925,4.3599,102.544209,07/08/2026,12:10:26 PM,ESTRUCTURADA,SEGUNDA PARTE,ROTC,04/02/2027,CONFIRMADA,3268600,0,23/09/2020,23/09/2032,4.89,MINISTERIO DE HACIENDA,HACIENDA,64365
USP3579ECH82,BSRD2032,"DOMINICAN, REP /4.875 BD 20320923",925000,USD,925,4.8739,100.000377,07/08/2026,12:10:26 PM,ESTRUCTURADA,PRIMERA PARTE,ROTC,07/08/2026,CONFIRMADA,3268600,0,23/09/2020,23/09/2032,4.89,MINISTERIO DE HACIENDA,HACIENDA,64428
DO1005205617,MH12027,HACIENDA/11.25 BOEST 20270205 GTIA,5100000,DOP,51,-100,103.838959,07/08/2026,12:10:24 PM,PLAZO,PRIMERA PARTE,ROTC,03/02/2027,CONFIRMADA,3268267,0,05/08/2016,05/02/2027,0,MINISTERIO DE HACIENDA,HACIENDA,59003
DO1005205617,MH12027,HACIENDA/11.25 BOEST 20270205 GTIA,5100000,DOP,51,-100,103.838959,07/08/2026,12:10:23 PM,PRESTAMO,SEGUNDA PARTE,ROTC,03/02/2027,CONFIRMADA,3268266,0,05/08/2016,05/02/2027,5.087217,MINISTERIO DE HACIENDA,HACIENDA,60536
DO1005205617,MH12027,HACIENDA/11.25 BOEST 20270205 GTIA,5100000,DOP,51,-32.419,103.880663,07/08/2026,12:10:23 PM,PRESTAMO,PRIMERA PARTE,ROTC,07/01/2027,CONFIRMADA,3268266,0,05/08/2016,05/02/2027,5.087217,MINISTERIO DE HACIENDA,HACIENDA,61663
DO1005205617,MH12027,HACIENDA/11.25 BOEST 20270205 GTIA,5100000,DOP,51,-32.419,103.880663,07/08/2026,12:10:22 PM,PLAZO,PRIMERA PARTE,ROTC,07/01/2027,CONFIRMADA,3268265,0,05/08/2016,05/02/2027,0,MINISTERIO DE HACIENDA,HACIENDA,60053
DO1005205617,MH12027,HACIENDA/11.25 BOEST 20270205 GTIA,5200000,DOP,52,-20.191,102.681228,07/08/2026,12:10:21 PM,PRESTAMO,SEGUNDA PARTE,ROTC,07/01/2027,CONFIRMADA,3268263,0,05/08/2016,05/02/2027,4.385,MINISTERIO DE HACIENDA,HACIENDA,61523
DO1005205617,MH12027,HACIENDA/11.25 BOEST 20270205 GTIA,5200000,DOP,52,-5.1191,102.746564,07/08/2026,12:10:21 PM,PRESTAMO,PRIMERA PARTE,ROTC,07/12/2026,CONFIRMADA,3268263,0,05/08/2016,05/02/2027,4.385,MINISTERIO DE HACIENDA,HACIENDA,61656
DO1005205617,MH12027,HACIENDA/11.25 BOEST 20270205 GTIA,5200000,DOP,52,-20.191,102.681228,07/08/2026,12:10:21 PM,PLAZO,PRIMERA PARTE,ROTC,07/01/2027,CONFIRMADA,3268264,0,05/08/2016,05/02/2027,0,MINISTERIO DE HACIENDA,HACIENDA,59983
DO1005205617,MH12027,HACIENDA/11.25 BOEST 20270205 GTIA,5200000,DOP,52,-5.1191,102.746564,07/08/2026,12:10:20 PM,PLAZO,PRIMERA PARTE,ROTC,07/12/2026,CONFIRMADA,3268262,0,05/08/2016,05/02/2027,0,MINISTERIO DE HACIENDA,HACIENDA,60046
DO1005205617,MH12027,HACIENDA/11.25 BOEST 20270205 GTIA,5200000,DOP,52,-10.027,103.636707,07/08/2026,12:10:19 PM,PLAZO,PRIMERA PARTE,ROTC,07/12/2026,CONFIRMADA,3268261,0,05/08/2016,05/02/2027,0,MINISTERIO DE HACIENDA,HACIENDA,60039
DO1005205617,MH12027,HACIENDA/11.25 BOEST 20270205 GTIA,5200000,DOP,52,-10.027,103.636707,07/08/2026,12:10:18 PM,PRESTAMO,SEGUNDA PARTE,ROTC,07/12/2026,CONFIRMADA,3268260,0,05/08/2016,05/02/2027,3.49584,MINISTERIO DE HACIENDA,HACIENDA,61572
DO1005205617,MH12027,HACIENDA/11.25 BOEST 20270205 GTIA,5200000,DOP,52,-3.3901,103.702044,07/08/2026,12:10:18 PM,PRESTAMO,PRIMERA PARTE,ROTC,06/11/2026,CONFIRMADA,3268260,0,05/08/2016,05/02/2027,3.49584,MINISTERIO DE HACIENDA,HACIENDA,61579
DO1005205617,MH12027,HACIENDA/11.25 BOEST 20270205 GTIA,5200000,DOP,52,-3.3901,103.702044,07/08/2026,12:10:17 PM,PLAZO,PRIMERA PARTE,ROTC,06/11/2026,CONFIRMADA,3268259,0,05/08/2016,05/02/2027,0,MINISTERIO DE HACIENDA,HACIENDA,59969
DO1005205617,MH12027,HACIENDA/11.25 BOEST 20270205 GTIA,5300000,DOP,53,1.0307,102.536493,07/08/2026,12:10:16 PM,PRESTAMO,SEGUNDA PARTE,ROTC,06/11/2026,CONFIRMADA,3268256,0,05/08/2016,05/02/2027,2.644097,MINISTERIO DE HACIENDA,HACIENDA,61250
DO1005205617,MH12027,HACIENDA/11.25 BOEST 20270205 GTIA,5300000,DOP,53,3.2478,102.615975,07/08/2026,12:10:16 PM,PRESTAMO,PRIMERA PARTE,ROTC,07/10/2026,CONFIRMADA,3268256,0,05/08/2016,05/02/2027,2.644097,MINISTERIO DE HACIENDA,HACIENDA,61425
DO1005205617,MH12027,HACIENDA/11.25 BOEST 20270205 GTIA,5300000,DOP,53,1.0307,102.536493,07/08/2026,12:10:16 PM,PLAZO,PRIMERA PARTE,ROTC,06/11/2026,CONFIRMADA,3268257,0,05/08/2016,05/02/2027,0,MINISTERIO DE HACIENDA,HACIENDA,59710
DO1005205617,MH12027,HACIENDA/11.25 BOEST 20270205 GTIA,5300000,DOP,53,3.2478,102.615975,07/08/2026,12:10:15 PM,PLAZO,PRIMERA PARTE,ROTC,07/10/2026,CONFIRMADA,3268255,0,05/08/2016,05/02/2027,0,MINISTERIO DE HACIENDA,HACIENDA,59815
DO1005205617,MH12027,HACIENDA/11.25 BOEST 20270205 GTIA,5300000,DOP,53,0.7747,103.461151,07/08/2026,12:10:14 PM,PLAZO,PRIMERA PARTE,ROTC,07/10/2026,CONFIRMADA,3268254,0,05/08/2016,05/02/2027,0,MINISTERIO DE HACIENDA,HACIENDA,59717
DO1005205617,MH12027,HACIENDA/11.25 BOEST 20270205 GTIA,5300000,DOP,53,0.7747,103.461151,07/08/2026,12:10:13 PM,PRESTAMO,SEGUNDA PARTE,ROTC,07/10/2026,CONFIRMADA,3268253,0,05/08/2016,05/02/2027,1.766837,MINISTERIO DE HACIENDA,HACIENDA,61250
DO1005205617,MH12027,HACIENDA/11.25 BOEST 20270205 GTIA,5300000,DOP,53,2.5984,103.540633,07/08/2026,12:10:13 PM,PRESTAMO,PRIMERA PARTE,ROTC,07/09/2026,CONFIRMADA,3268253,0,05/08/2016,05/02/2027,1.766837,MINISTERIO DE HACIENDA,HACIENDA,61411
DO1005205617,MH12027,HACIENDA/11.25 BOEST 20270205 GTIA,5300000,DOP,53,2.5984,103.540633,07/08/2026,12:10:12 PM,PLAZO,PRIMERA PARTE,ROTC,07/09/2026,CONFIRMADA,3268252,0,05/08/2016,05/02/2027,0,MINISTERIO DE HACIENDA,HACIENDA,59801
DO1005205617,MH12027,HACIENDA/11.25 BOEST 20270205 GTIA,5400000,DOP,54,5.1757,102.461553,07/08/2026,12:10:11 PM,PLAZO,PRIMERA PARTE,ROTC,07/09/2026,CONFIRMADA,3268251,0,05/08/2016,05/02/2027,0,MINISTERIO DE HACIENDA,HACIENDA,59801
DO1005205617,MH12027,HACIENDA/11.25 BOEST 20270205 GTIA,5400000,DOP,54,5.1757,102.461553,07/08/2026,12:10:10 PM,PRESTAMO,SEGUNDA PARTE,ROTC,07/09/2026,CONFIRMADA,3268250,0,05/08/2016,05/02/2027,0.88793,MINISTERIO DE HACIENDA,HACIENDA,61334
DO1005205617,MH12027,HACIENDA/11.25 BOEST 20270205 GTIA,5400000,DOP,54,6.0099,102.559857,07/08/2026,12:10:10 PM,PRESTAMO,PRIMERA PARTE,ROTC,07/08/2026,CONFIRMADA,3268250,0,05/08/2016,05/02/2027,0.88793,MINISTERIO DE HACIENDA,HACIENDA,61488
DO1005205617,MH12027,HACIENDA/11.25 BOEST 20270205 GTIA,5400000,DOP,54,6.0099,102.559857,07/08/2026,12:10:09 PM,CONTADO,PRIMERA PARTE,ROTC,07/08/2026,CONFIRMADA,3268249,0,05/08/2016,05/02/2027,0,MINISTERIO DE HACIENDA,HACIENDA,60851
DO1005205617,MH12027,HACIENDA/11.25 BOEST 20270205 GTIA,23200000,DOP,232,-100,102.937017,07/08/2026,12:10:08 PM,PLAZO,PRIMERA PARTE,ROTC,03/02/2027,CONFIRMADA,3268243,0,05/08/2016,05/02/2027,0,MINISTERIO DE HACIENDA,HACIENDA,59591
DO1005205617,MH12027,HACIENDA/11.25 BOEST 20270205 GTIA,23200000,DOP,232,-100,102.937017,07/08/2026,12:10:07 PM,PRESTAMO,SEGUNDA PARTE,ROTC,03/02/2027,CONFIRMADA,3268241,0,05/08/2016,05/02/2027,5.127182,MINISTERIO DE HACIENDA,HACIENDA,61124
DO1005205617,MH12027,HACIENDA/11.25 BOEST 20270205 GTIA,23200000,DOP,232,-23.343,102.981223,07/08/2026,12:10:07 PM,PRESTAMO,PRIMERA PARTE,ROTC,07/01/2027,CONFIRMADA,3268241,0,05/08/2016,05/02/2027,5.127182,MINISTERIO DE HACIENDA,HACIENDA,62286
DO1005205617,MH12027,HACIENDA/11.25 BOEST 20270205 GTIA,23400000,DOP,234,-23.093,102.9572,07/08/2026,12:10:06 PM,PLAZO,PRIMERA PARTE,ROTC,07/01/2027,CONFIRMADA,3268238,0,05/08/2016,05/02/2027,0,MINISTERIO DE HACIENDA,HACIENDA,60032
DO1005205617,MH12027,HACIENDA/11.25 BOEST 20270205 GTIA,23200000,DOP,232,-23.343,102.981223,07/08/2026,12:10:06 PM,PLAZO,PRIMERA PARTE,ROTC,07/01/2027,CONFIRMADA,3268239,0,05/08/2016,05/02/2027,0,MINISTERIO DE HACIENDA,HACIENDA,60676
DO1005205617,MH12027,HACIENDA/11.25 BOEST 20270205 GTIA,23400000,DOP,234,-23.093,102.9572,07/08/2026,12:10:05 PM,PRESTAMO,SEGUNDA PARTE,ROTC,07/01/2027,CONFIRMADA,3268236,0,05/08/2016,05/02/2027,4.380124,MINISTERIO DE HACIENDA,HACIENDA,61565
DO1005205617,MH12027,HACIENDA/11.25 BOEST 20270205 GTIA,23400000,DOP,234,-6.6207,103.015689,07/08/2026,12:10:05 PM,PRESTAMO,PRIMERA PARTE,ROTC,07/12/2026,CONFIRMADA,3268236,0,05/08/2016,05/02/2027,4.380124,MINISTERIO DE HACIENDA,HACIENDA,62384
DO1005205617,MH12027,HACIENDA/11.25 BOEST 20270205 GTIA,23400000,DOP,234,-6.6207,103.015689,07/08/2026,12:10:04 PM,PLAZO,PRIMERA PARTE,ROTC,07/12/2026,CONFIRMADA,3268233,0,05/08/2016,05/02/2027,0,MINISTERIO DE HACIENDA,HACIENDA,60774
DO1005205617,MH12027,HACIENDA/11.25 BOEST 20270205 GTIA,23600000,DOP,236,-6.5318,102.999675,07/08/2026,12:10:03 PM,PLAZO,PRIMERA PARTE,ROTC,07/12/2026,CONFIRMADA,3268232,0,05/08/2016,05/02/2027,0,MINISTERIO DE HACIENDA,HACIENDA,60914
DO1005205617,MH12027,HACIENDA/11.25 BOEST 20270205 GTIA,23600000,DOP,236,-6.5318,102.999675,07/08/2026,12:10:02 PM,PRESTAMO,SEGUNDA PARTE,ROTC,07/12/2026,CONFIRMADA,3268231,0,05/08/2016,05/02/2027,3.515982,MINISTERIO DE HACIENDA,HACIENDA,62447
DO1005205617,MH12027,HACIENDA/11.25 BOEST 20270205 GTIA,23600000,DOP,236,-0.995,103.065765,07/08/2026,12:10:02 PM,PRESTAMO,PRIMERA PARTE,ROTC,06/11/2026,CONFIRMADA,3268231,0,05/08/2016,05/02/2027,3.515982,MINISTERIO DE HACIENDA,HACIENDA,62055
DO1005205617,MH12027,HACIENDA/11.25 BOEST 20270205 GTIA,23600000,DOP,236,-0.995,103.065765,07/08/2026,12:10:01 PM,PLAZO,PRIMERA PARTE,ROTC,06/11/2026,CONFIRMADA,3268230,0,05/08/2016,05/02/2027,0,MINISTERIO DE HACIENDA,HACIENDA,60445
DO1005205617,MH12027,HACIENDA/11.25 BOEST 20270205 GTIA,23800000,DOP,238,-0.8554,103.029045,07/08/2026,12:10:00 PM,PLAZO,PRIMERA PARTE,ROTC,06/11/2026,CONFIRMADA,3268228,0,05/08/2016,05/02/2027,0,MINISTERIO DE HACIENDA,HACIENDA,60732
DO1005205617,MH12027,HACIENDA/11.25 BOEST 20270205 GTIA,23800000,DOP,238,-0.8554,103.029045,07/08/2026,12:09:59 PM,PRESTAMO,SEGUNDA PARTE,ROTC,06/11/2026,CONFIRMADA,3268226,0,05/08/2016,05/02/2027,2.639628,MINISTERIO DE HACIENDA,HACIENDA,62426
DO1005205617,MH12027,HACIENDA/11.25 BOEST 20270205 GTIA,23800000,DOP,238,1.8246,103.100236,07/08/2026,12:09:59 PM,PRESTAMO,PRIMERA PARTE,ROTC,07/10/2026,CONFIRMADA,3268226,0,05/08/2016,05/02/2027,2.639628,MINISTERIO DE HACIENDA,HACIENDA,62111
DO1005205617,MH12027,HACIENDA/11.25 BOEST 20270205 GTIA,23800000,DOP,238,1.8246,103.100236,07/08/2026,12:09:58 PM,PLAZO,PRIMERA PARTE,ROTC,07/10/2026,CONFIRMADA,3268224,0,05/08/2016,05/02/2027,0,MINISTERIO DE HACIENDA,HACIENDA,60501
DO1005205617,MH12027,HACIENDA/11.25 BOEST 20270205 GTIA,24100000,DOP,241,4.5594,102.717317,07/08/2026,12:09:57 PM,PLAZO,PRIMERA PARTE,ROTC,07/09/2026,CONFIRMADA,3268218,0,05/08/2016,05/02/2027,0,MINISTERIO DE HACIENDA,HACIENDA,60599
DO1005205617,MH12027,HACIENDA/11.25 BOEST 20270205 GTIA,24100000,DOP,241,3.1901,102.635501,07/08/2026,12:09:56 PM,PRESTAMO,SEGUNDA PARTE,ROTC,07/10/2026,CONFIRMADA,3268220,0,05/08/2016,05/02/2027,1.778556,MINISTERIO DE HACIENDA,HACIENDA,61943
DO1005205617,MH12027,HACIENDA/11.25 BOEST 20270205 GTIA,24100000,DOP,241,4.5594,102.717317,07/08/2026,12:09:56 PM,PRESTAMO,PRIMERA PARTE,ROTC,07/09/2026,CONFIRMADA,3268220,0,05/08/2016,05/02/2027,1.778556,MINISTERIO DE HACIENDA,HACIENDA,62195
DO1005205617,MH12027,HACIENDA/11.25 BOEST 20270205 GTIA,24100000,DOP,241,3.1901,102.635501,07/08/2026,12:09:56 PM,PLAZO,PRIMERA PARTE,ROTC,07/10/2026,CONFIRMADA,3268222,0,05/08/2016,05/02/2027,0,MINISTERIO DE HACIENDA,HACIENDA,60403
DO1005205617,MH12027,HACIENDA/11.25 BOEST 20270205 GTIA,24300000,DOP,243,4.5354,102.727304,07/08/2026,12:09:55 PM,PLAZO,PRIMERA PARTE,ROTC,07/09/2026,CONFIRMADA,3268207,0,05/08/2016,05/02/2027,0,MINISTERIO DE HACIENDA,HACIENDA,60550
DO1005205617,MH12027,HACIENDA/11.25 BOEST 20270205 GTIA,24300000,DOP,243,4.5354,102.727304,07/08/2026,12:09:54 PM,PRESTAMO,SEGUNDA PARTE,ROTC,07/09/2026,CONFIRMADA,3268206,0,05/08/2016,05/02/2027,0.892012,MINISTERIO DE HACIENDA,HACIENDA,62083
DO1005205617,MH12027,HACIENDA/11.25 BOEST 20270205 GTIA,24300000,DOP,243,5.4853,102.819015,07/08/2026,12:09:54 PM,PRESTAMO,PRIMERA PARTE,ROTC,07/08/2026,CONFIRMADA,3268206,0,05/08/2016,05/02/2027,0.892012,MINISTERIO DE HACIENDA,HACIENDA,62174
DO1005205617,MH12027,HACIENDA/11.25 BOEST 20270205 GTIA,24300000,DOP,243,5.4853,102.819015,07/08/2026,12:09:53 PM,CONTADO,PRIMERA PARTE,ROTC,07/08/2026,CONFIRMADA,3268204,0,05/08/2016,05/02/2027,0,MINISTERIO DE HACIENDA,HACIENDA,61474
DO1002261928,LE090427,BCENTRAL/ LT 20270409 GTIA,2790000,DOP,279,12.1185,95.041048,07/08/2026,12:09:52 PM,PLAZO,PRIMERA PARTE,ROTC,05/11/2026,CONFIRMADA,3268186,0,09/04/2026,09/04/2027,0,BANCO CENTRAL DE LA REPUBLICA DOMINICANA,BCENTRAL,57652
DO1002261928,LE090427,BCENTRAL/ LT 20270409 GTIA,2790000,DOP,279,12.1185,95.041048,07/08/2026,12:09:51 PM,PRESTAMO,SEGUNDA PARTE,ROTC,05/11/2026,CONFIRMADA,3268185,0,09/04/2026,09/04/2027,0.735659,BANCO CENTRAL DE LA REPUBLICA DOMINICANA,BCENTRAL,59185
DO1002261928,LE090427,BCENTRAL/ LT 20270409 GTIA,2790000,DOP,279,11.7342,94.34187,07/08/2026,12:09:51 PM,PRESTAMO,PRIMERA PARTE,ROTC,07/10/2026,CONFIRMADA,3268185,0,09/04/2026,09/04/2027,0.735659,BANCO CENTRAL DE LA REPUBLICA DOMINICANA,BCENTRAL,58954
DO1002261928,LE090427,BCENTRAL/ LT 20270409 GTIA,2790000,DOP,279,8.6877,95.089267,07/08/2026,12:09:50 PM,PRESTAMO,SEGUNDA PARTE,ROTC,07/09/2026,CONFIRMADA,3268177,0,09/04/2026,09/04/2027,0.785995,BANCO CENTRAL DE LA REPUBLICA DOMINICANA,BCENTRAL,59136
DO1002261928,LE090427,BCENTRAL/ LT 20270409 GTIA,2790000,DOP,279,8.8126,94.34187,07/08/2026,12:09:50 PM,PRESTAMO,PRIMERA PARTE,ROTC,07/08/2026,CONFIRMADA,3268177,0,09/04/2026,09/04/2027,0.785995,BANCO CENTRAL DE LA REPUBLICA DOMINICANA,BCENTRAL,58709
DO1002261928,LE090427,BCENTRAL/ LT 20270409 GTIA,2790000,DOP,279,8.6877,95.089267,07/08/2026,12:09:49 PM,PLAZO,PRIMERA PARTE,ROTC,07/09/2026,CONFIRMADA,3268178,0,09/04/2026,09/04/2027,0,BANCO CENTRAL DE LA REPUBLICA DOMINICANA,BCENTRAL,57652
DO1002261928,LE090427,BCENTRAL/ LT 20270409 GTIA,2790000,DOP,279,10.0892,94.34187,07/08/2026,12:09:48 PM,PLAZO,PRIMERA PARTE,ROTC,07/09/2026,CONFIRMADA,3268181,0,09/04/2026,09/04/2027,0,BANCO CENTRAL DE LA REPUBLICA DOMINICANA,BCENTRAL,57463
DO1002261928,LE090427,BCENTRAL/ LT 20270409 GTIA,2790000,DOP,279,10.1563,95.065157,07/08/2026,12:09:47 PM,PRESTAMO,SEGUNDA PARTE,ROTC,07/10/2026,CONFIRMADA,3268182,0,09/04/2026,09/04/2027,0.760834,BANCO CENTRAL DE LA REPUBLICA DOMINICANA,BCENTRAL,59262
DO1002261928,LE090427,BCENTRAL/ LT 20270409 GTIA,2790000,DOP,279,10.0892,94.34187,07/08/2026,12:09:47 PM,PRESTAMO,PRIMERA PARTE,ROTC,07/09/2026,CONFIRMADA,3268182,0,09/04/2026,09/04/2027,0.760834,BANCO CENTRAL DE LA REPUBLICA DOMINICANA,BCENTRAL,59059
DO1002261928,LE090427,BCENTRAL/ LT 20270409 GTIA,2790000,DOP,279,10.1563,95.065157,07/08/2026,12:09:46 PM,PLAZO,PRIMERA PARTE,ROTC,07/10/2026,CONFIRMADA,3268183,0,09/04/2026,09/04/2027,0,BANCO CENTRAL DE LA REPUBLICA DOMINICANA,BCENTRAL,57715
DO1002261928,LE090427,BCENTRAL/ LT 20270409 GTIA,2790000,DOP,279,11.7342,94.34187,07/08/2026,12:09:46 PM,PLAZO,PRIMERA PARTE,ROTC,07/10/2026,CONFIRMADA,3268184,0,09/04/2026,09/04/2027,0,BANCO CENTRAL DE LA REPUBLICA DOMINICANA,BCENTRAL,57379
DO1002261928,LE090427,BCENTRAL/ LT 20270409 GTIA,2790000,DOP,279,8.8126,94.34187,07/08/2026,12:09:45 PM,CONTADO,PRIMERA PARTE,ROTC,07/08/2026,CONFIRMADA,3268176,0,09/04/2026,09/04/2027,0,BANCO CENTRAL DE LA REPUBLICA DOMINICANA,BCENTRAL,58044
DO1005206516,MH32028,HACIENDA/10.75 BOEST 20280811 GTIA,11100000,DOP,111,5.8169,107.818179,07/08/2026,12:09:37 PM,PRESTAMO,SEGUNDA PARTE,ROTC,03/12/2026,CONFIRMADA,3268779,0,10/08/2018,11/08/2028,8.74,MINISTERIO DE HACIENDA,HACIENDA,62174
DO1005206516,MH32028,HACIENDA/10.75 BOEST 20280811 GTIA,11100000,DOP,111,9.1762,102.865642,07/08/2026,12:09:37 PM,PRESTAMO,PRIMERA PARTE,ROTC,07/08/2026,CONFIRMADA,3268779,0,10/08/2018,11/08/2028,8.74,MINISTERIO DE HACIENDA,HACIENDA,62216
DO1005206516,MH32028,HACIENDA/10.75 BOEST 20280811 GTIA,11100000,DOP,111,5.8169,107.818179,07/08/2026,12:09:36 PM,ESTRUCTURADA,SEGUNDA PARTE,ROTC,03/12/2026,CONFIRMADA,3268599,0,10/08/2018,11/08/2028,8.74,MINISTERIO DE HACIENDA,HACIENDA,64267
DO1005206516,MH32028,HACIENDA/10.75 BOEST 20280811 GTIA,11100000,DOP,111,9.1762,102.865642,07/08/2026,12:09:36 PM,ESTRUCTURADA,PRIMERA PARTE,ROTC,07/08/2026,CONFIRMADA,3268599,0,10/08/2018,11/08/2028,8.74,MINISTERIO DE HACIENDA,HACIENDA,64309
DO2018100324,BC1AES03,AESTRELLA/11.25 BO 20301130,500272,DOP,500272,10.4797,102.553727,07/08/2026,12:08:14 PM,ESTRUCTURADA,SEGUNDA PARTE,ROTC,09/10/2026,CONFIRMADA,3268569,0,30/11/2020,30/11/2030,9.25,ACERO ESTRELLA S A,AESTRELLA,62405
DO2018100324,BC1AES03,AESTRELLA/11.25 BO 20301130,500272,DOP,500272,11.2503,99.991675,07/08/2026,12:08:14 PM,ESTRUCTURADA,PRIMERA PARTE,ROTC,10/08/2026,CONFIRMADA,3268569,0,30/11/2020,30/11/2030,9.25,ACERO ESTRELLA S A,AESTRELLA,62174
DO2018100324,BC1AES03,AESTRELLA/11.25 BO 20301130,500272,DOP,500272,10.4797,102.553727,07/08/2026,12:08:13 PM,PRESTAMO,SEGUNDA PARTE,ROTC,09/10/2026,CONFIRMADA,3268564,0,30/11/2020,30/11/2030,3.656473,ACERO ESTRELLA S A,AESTRELLA,60298
DO2018100324,BC1AES03,AESTRELLA/11.25 BO 20301130,500272,DOP,500272,11.2503,99.991675,07/08/2026,12:08:13 PM,PRESTAMO,PRIMERA PARTE,ROTC,10/08/2026,CONFIRMADA,3268564,0,30/11/2020,30/11/2030,3.656473,ACERO ESTRELLA S A,AESTRELLA,60067
DO2018100324,BC1AES03,AESTRELLA/11.25 BO 20301130,405264,DOP,405264,8.8287,107.628462,07/08/2026,12:05:11 PM,PRESTAMO,SEGUNDA PARTE,ROTC,08/03/2027,CONFIRMADA,3268566,0,30/11/2020,30/11/2030,7.307865,ACERO ESTRELLA S A,AESTRELLA,60074
DO2018100324,BC1AES03,AESTRELLA/11.25 BO 20301130,405264,DOP,405264,11.2503,99.991675,07/08/2026,12:05:11 PM,PRESTAMO,PRIMERA PARTE,ROTC,10/08/2026,CONFIRMADA,3268566,0,30/11/2020,30/11/2030,7.307865,ACERO ESTRELLA S A,AESTRELLA,60102
DO2018100324,BC1AES03,AESTRELLA/11.25 BO 20301130,405264,DOP,405264,8.8287,107.628462,07/08/2026,12:05:10 PM,ESTRUCTURADA,SEGUNDA PARTE,ROTC,08/03/2027,CONFIRMADA,3268565,0,30/11/2020,30/11/2030,9.5,ACERO ESTRELLA S A,AESTRELLA,62167
DO2018100324,BC1AES03,AESTRELLA/11.25 BO 20301130,405264,DOP,405264,11.2503,99.991675,07/08/2026,12:05:10 PM,ESTRUCTURADA,PRIMERA PARTE,ROTC,10/08/2026,CONFIRMADA,3268565,0,30/11/2020,30/11/2030,9.5,ACERO ESTRELLA S A,AESTRELLA,62195
DO1002228612,NO031227,BCENTRAL/8 BOEST 20271203 GTIA,76150000,DOP,7615,8.65,99.400328,07/08/2026,12:03:54 PM,PRESTAMO,SEGUNDA PARTE,ROTC,05/11/2026,CONFIRMADA,3268603,0,03/12/2024,03/12/2027,0.02,BANCO CENTRAL DE LA REPUBLICA DOMINICANA,BCENTRAL,60753
DO1002228612,NO031227,BCENTRAL/8 BOEST 20271203 GTIA,76150000,DOP,7615,8.65,99.400328,07/08/2026,12:03:54 PM,PRESTAMO,PRIMERA PARTE,ROTC,07/08/2026,CONFIRMADA,3268603,0,03/12/2024,03/12/2027,0.02,BANCO CENTRAL DE LA REPUBLICA DOMINICANA,BCENTRAL,60872
DO1002228612,NO031227,BCENTRAL/8 BOEST 20271203 GTIA,76150000,DOP,7615,8.377464,99.60833,07/08/2026,12:03:52 PM,PLAZO,PRIMERA PARTE,ROTC,05/11/2026,CONFIRMADA,3268602,0,03/12/2024,03/12/2027,0,BANCO CENTRAL DE LA REPUBLICA DOMINICANA,BCENTRAL,60368
DO1002228612,NO031227,BCENTRAL/8 BOEST 20271203 GTIA,76150000,DOP,7615,8.473418,99.400328,07/08/2026,12:03:50 PM,CONTADO,PRIMERA PARTE,ROTC,07/08/2026,CONFIRMADA,3268601,0,03/12/2024,03/12/2027,0,BANCO CENTRAL DE LA REPUBLICA DOMINICANA,BCENTRAL,61607
DO1002228125,NO090229,BCENTRAL/10 BOEST 20290209 GTIA,10000,DOP,1,9.0491,101.8141,07/08/2026,12:01:57 PM,PRESTAMO,SEGUNDA PARTE,ROTC,07/12/2026,CONFIRMADA,3268074,0,09/02/2024,09/02/2029,7.983821,BANCO CENTRAL DE LA REPUBLICA DOMINICANA,BCENTRAL,59122
DO1002228125,NO090229,BCENTRAL/10 BOEST 20290209 GTIA,10000,DOP,1,11.5603,96.686,07/08/2026,12:01:57 PM,PRESTAMO,PRIMERA PARTE,ROTC,07/08/2026,CONFIRMADA,3268074,0,09/02/2024,09/02/2029,7.983821,BANCO CENTRAL DE LA REPUBLICA DOMINICANA,BCENTRAL,58968
USP3579ECZ80,BSRD2035, ,3000,USD,3,4.4259,110.641667,07/08/2026,12:01:56 PM,PRESTAMO,SEGUNDA PARTE,ROTC,05/11/2026,CONFIRMADA,3268076,0,28/10/2025,28/10/2035,2.649066,MINISTERIO DE HACIENDA,HACIENDA,47747
USP3579ECZ80,BSRD2035, ,3000,USD,3,4.8138,107.822,07/08/2026,12:01:56 PM,PRESTAMO,PRIMERA PARTE,ROTC,07/08/2026,CONFIRMADA,3268076,0,28/10/2025,28/10/2035,2.649066,MINISTERIO DE HACIENDA,HACIENDA,46774
DO1005208025,COV2040,HACIENDA/10.875 BOEST 20400228 GTIA,800000,DOP,8,6.5543,137.815111,07/08/2026,12:01:55 PM,PRESTAMO,SEGUNDA PARTE,ROTC,07/12/2026,CONFIRMADA,3268078,0,28/02/2020,28/02/2040,6.583544,MINISTERIO DE HACIENDA,HACIENDA,61257
DO1005208025,COV2040,HACIENDA/10.875 BOEST 20400228 GTIA,800000,DOP,8,7.1944,131.553124,07/08/2026,12:01:55 PM,PRESTAMO,PRIMERA PARTE,ROTC,07/08/2026,CONFIRMADA,3268078,0,28/02/2020,28/02/2040,6.583544,MINISTERIO DE HACIENDA,HACIENDA,61348
DO1005208025,COV2040,HACIENDA/10.875 BOEST 20400228 GTIA,400000,DOP,4,7.2685,130.301238,07/08/2026,12:01:54 PM,PRESTAMO,SEGUNDA PARTE,ROTC,07/12/2026,CONFIRMADA,3268080,0,28/02/2020,28/02/2040,6.741814,MINISTERIO DE HACIENDA,HACIENDA,61180
DO1005208025,COV2040,HACIENDA/10.875 BOEST 20400228 GTIA,400000,DOP,4,7.9186,124.32294,07/08/2026,12:01:54 PM,PRESTAMO,PRIMERA PARTE,ROTC,07/08/2026,CONFIRMADA,3268080,0,28/02/2020,28/02/2040,6.741814,MINISTERIO DE HACIENDA,HACIENDA,61005
DO1002261928,LE090427,BCENTRAL/ LT 20270409 GTIA,5300000,DOP,530,29.034,95.018868,07/08/2026,12:01:54 PM,PLAZO,PRIMERA PARTE,ROTC,03/02/2027,CONFIRMADA,3268175,0,09/04/2026,09/04/2027,0,BANCO CENTRAL DE LA REPUBLICA DOMINICANA,BCENTRAL,57225
DO1002228125,NO090229,BCENTRAL/10 BOEST 20290209 GTIA,30000,DOP,3,9.4397,101.052267,07/08/2026,12:01:53 PM,PRESTAMO,SEGUNDA PARTE,ROTC,07/12/2026,CONFIRMADA,3268082,0,09/02/2024,09/02/2029,7.906163,BANCO CENTRAL DE LA REPUBLICA DOMINICANA,BCENTRAL,59913
DO1002228125,NO090229,BCENTRAL/10 BOEST 20290209 GTIA,30000,DOP,3,11.86,96.065967,07/08/2026,12:01:53 PM,PRESTAMO,PRIMERA PARTE,ROTC,07/08/2026,CONFIRMADA,3268082,0,09/02/2024,09/02/2029,7.906163,BANCO CENTRAL DE LA REPUBLICA DOMINICANA,BCENTRAL,59395
DO1002261928,LE090427,BCENTRAL/ LT 20270409 GTIA,5300000,DOP,530,29.034,95.018868,07/08/2026,12:01:53 PM,PRESTAMO,SEGUNDA PARTE,ROTC,03/02/2027,CONFIRMADA,3268174,0,09/04/2026,09/04/2027,0.714853,BANCO CENTRAL DE LA REPUBLICA DOMINICANA,BCENTRAL,58758
DO1002261928,LE090427,BCENTRAL/ LT 20270409 GTIA,5300000,DOP,530,23.4783,94.339623,07/08/2026,12:01:53 PM,PRESTAMO,PRIMERA PARTE,ROTC,07/01/2027,CONFIRMADA,3268174,0,09/04/2026,09/04/2027,0.714853,BANCO CENTRAL DE LA REPUBLICA DOMINICANA,BCENTRAL,59199
DO1005208025,COV2040,HACIENDA/10.875 BOEST 20400228 GTIA,1000000,DOP,10,11.8912,93.456849,07/08/2026,12:01:52 PM,PRESTAMO,SEGUNDA PARTE,ROTC,02/08/2027,CONFIRMADA,3268084,0,28/02/2020,28/02/2040,2.897908,MINISTERIO DE HACIENDA,HACIENDA,61950
DO1005208025,COV2040,HACIENDA/10.875 BOEST 20400228 GTIA,1000000,DOP,10,11.5814,95.232877,07/08/2026,12:01:52 PM,PRESTAMO,PRIMERA PARTE,ROTC,07/08/2026,CONFIRMADA,3268084,0,28/02/2020,28/02/2040,2.897908,MINISTERIO DE HACIENDA,HACIENDA,61992
DO1002261928,LE090427,BCENTRAL/ LT 20270409 GTIA,5300000,DOP,530,23.4783,94.339623,07/08/2026,12:01:52 PM,PLAZO,PRIMERA PARTE,ROTC,07/01/2027,CONFIRMADA,3268173,0,09/04/2026,09/04/2027,0,BANCO CENTRAL DE LA REPUBLICA DOMINICANA,BCENTRAL,57589
DO1005208025,COV2040,HACIENDA/10.875 BOEST 20400228 GTIA,500000,DOP,5,5.4813,149.634628,07/08/2026,12:01:51 PM,PRESTAMO,SEGUNDA PARTE,ROTC,05/03/2027,CONFIRMADA,3268086,0,28/02/2020,28/02/2040,8.379238,MINISTERIO DE HACIENDA,HACIENDA,61271
DO1005208025,COV2040,HACIENDA/10.875 BOEST 20400228 GTIA,500000,DOP,5,6.6635,137.232876,07/08/2026,12:01:51 PM,PRESTAMO,PRIMERA PARTE,ROTC,07/08/2026,CONFIRMADA,3268086,0,28/02/2020,28/02/2040,8.379238,MINISTERIO DE HACIENDA,HACIENDA,61383
DO1002261928,LE090427,BCENTRAL/ LT 20270409 GTIA,5300000,DOP,530,20.0775,95.119497,07/08/2026,12:01:51 PM,PLAZO,PRIMERA PARTE,ROTC,07/01/2027,CONFIRMADA,3268172,0,09/04/2026,09/04/2027,0,BANCO CENTRAL DE LA REPUBLICA DOMINICANA,BCENTRAL,57582
DO1002261928,LE090427,BCENTRAL/ LT 20270409 GTIA,5300000,DOP,530,20.0775,95.119497,07/08/2026,12:01:50 PM,PRESTAMO,SEGUNDA PARTE,ROTC,07/01/2027,CONFIRMADA,3268171,0,09/04/2026,09/04/2027,0.819889,BANCO CENTRAL DE LA REPUBLICA DOMINICANA,BCENTRAL,59115
DO1002261928,LE090427,BCENTRAL/ LT 20270409 GTIA,5300000,DOP,530,17.561,94.339623,07/08/2026,12:01:50 PM,PRESTAMO,PRIMERA PARTE,ROTC,07/12/2026,CONFIRMADA,3268171,0,09/04/2026,09/04/2027,0.819889,BANCO CENTRAL DE LA REPUBLICA DOMINICANA,BCENTRAL,58800
DO1002261928,LE090427,BCENTRAL/ LT 20270409 GTIA,5300000,DOP,530,17.561,94.339623,07/08/2026,12:01:49 PM,PLAZO,PRIMERA PARTE,ROTC,07/12/2026,CONFIRMADA,3268170,0,09/04/2026,09/04/2027,0,BANCO CENTRAL DE LA REPUBLICA DOMINICANA,BCENTRAL,57253
DO1002261928,LE090427,BCENTRAL/ LT 20270409 GTIA,5300000,DOP,530,15.0173,95.119497,07/08/2026,12:01:48 PM,PRESTAMO,SEGUNDA PARTE,ROTC,07/12/2026,CONFIRMADA,3268168,0,09/04/2026,09/04/2027,0.819889,BANCO CENTRAL DE LA REPUBLICA DOMINICANA,BCENTRAL,59143
DO1002261928,LE090427,BCENTRAL/ LT 20270409 GTIA,5300000,DOP,530,14.026,94.339623,07/08/2026,12:01:48 PM,PRESTAMO,PRIMERA PARTE,ROTC,06/11/2026,CONFIRMADA,3268168,0,09/04/2026,09/04/2027,0.819889,BANCO CENTRAL DE LA REPUBLICA DOMINICANA,BCENTRAL,58786
DO1002261928,LE090427,BCENTRAL/ LT 20270409 GTIA,5300000,DOP,530,15.0173,95.119497,07/08/2026,12:01:48 PM,PLAZO,PRIMERA PARTE,ROTC,07/12/2026,CONFIRMADA,3268169,0,09/04/2026,09/04/2027,0,BANCO CENTRAL DE LA REPUBLICA DOMINICANA,BCENTRAL,57603
DO1002261928,LE090427,BCENTRAL/ LT 20270409 GTIA,5300000,DOP,530,14.026,94.339623,07/08/2026,12:01:47 PM,PLAZO,PRIMERA PARTE,ROTC,06/11/2026,CONFIRMADA,3268167,0,09/04/2026,09/04/2027,0,BANCO CENTRAL DE LA REPUBLICA DOMINICANA,BCENTRAL,57176
DO1002261928,LE090427,BCENTRAL/ LT 20270409 GTIA,5300000,DOP,530,12.0594,95.09434,07/08/2026,12:01:46 PM,PLAZO,PRIMERA PARTE,ROTC,06/11/2026,CONFIRMADA,3268166,0,09/04/2026,09/04/2027,0,BANCO CENTRAL DE LA REPUBLICA DOMINICANA,BCENTRAL,57190
USP3579ECH82,BSRD2032,"DOMINICAN, REP /4.875 BD 20320923",35000,USD,35,4.20896,103.439246,07/08/2026,12:01:46 PM,PRESTAMO,SEGUNDA PARTE,ROTC,02/11/2026,CONFIRMADA,3268593,0,23/09/2020,23/09/2032,4.875,MINISTERIO DE HACIENDA,HACIENDA,61838
USP3579ECH82,BSRD2032,"DOMINICAN, REP /4.875 BD 20320923",35000,USD,35,4.69642,100.936029,07/08/2026,12:01:46 PM,PRESTAMO,PRIMERA PARTE,ROTC,07/08/2026,CONFIRMADA,3268593,0,23/09/2020,23/09/2032,4.875,MINISTERIO DE HACIENDA,HACIENDA,61978
DO1002261928,LE090427,BCENTRAL/ LT 20270409 GTIA,5300000,DOP,530,12.0594,95.09434,07/08/2026,12:01:45 PM,PRESTAMO,SEGUNDA PARTE,ROTC,06/11/2026,CONFIRMADA,3268165,0,09/04/2026,09/04/2027,0.793651,BANCO CENTRAL DE LA REPUBLICA DOMINICANA,BCENTRAL,58723
DO1002261928,LE090427,BCENTRAL/ LT 20270409 GTIA,5300000,DOP,530,11.7391,94.339623,07/08/2026,12:01:45 PM,PRESTAMO,PRIMERA PARTE,ROTC,07/10/2026,CONFIRMADA,3268165,0,09/04/2026,09/04/2027,0.793651,BANCO CENTRAL DE LA REPUBLICA DOMINICANA,BCENTRAL,59164
USP3579EDB04,BSRD2038, ,2017000,USD,2017,6.57671029,96.5,07/08/2026,12:01:45 PM,CONTADO,PRIMERA PARTE,ROTC,07/08/2026,CONFIRMADA,3268411,0,17/02/2026,17/05/2038,0,MINISTERIO DE HACIENDA,HACIENDA,48482
DO1002261928,LE090427,BCENTRAL/ LT 20270409 GTIA,5300000,DOP,530,11.7391,94.339623,07/08/2026,12:01:44 PM,PLAZO,PRIMERA PARTE,ROTC,07/10/2026,CONFIRMADA,3268164,0,09/04/2026,09/04/2027,0,BANCO CENTRAL DE LA REPUBLICA DOMINICANA,BCENTRAL,57554
USP3579EDB04,BSRD2038, ,1260000,USD,1260,6.57671029,96.5,07/08/2026,12:01:44 PM,CONTADO,PRIMERA PARTE,ROTC,07/08/2026,CONFIRMADA,3268410,0,17/02/2026,17/05/2038,0,MINISTERIO DE HACIENDA,HACIENDA,48461
DO1002261928,LE090427,BCENTRAL/ LT 20270409 GTIA,5300000,DOP,530,10.0932,95.09434,07/08/2026,12:01:43 PM,PLAZO,PRIMERA PARTE,ROTC,07/10/2026,CONFIRMADA,3268163,0,09/04/2026,09/04/2027,0,BANCO CENTRAL DE LA REPUBLICA DOMINICANA,BCENTRAL,57127
DO1005205716,MHUS2027,HACIENDA/6 BOEST 20270305 GTIA,23000,USD,23,-7.05625929,105.352217,07/08/2026,12:01:43 PM,PRESTAMO,SEGUNDA PARTE,ROTC,12/10/2026,CONFIRMADA,3268408,0,05/09/2016,05/03/2027,3.313952,MINISTERIO DE HACIENDA,HACIENDA,61908
DO1005205716,MHUS2027,HACIENDA/6 BOEST 20270305 GTIA,23000,USD,23,1.5902,102.448957,07/08/2026,12:01:43 PM,PRESTAMO,PRIMERA PARTE,ROTC,12/08/2026,CONFIRMADA,3268408,0,05/09/2016,05/03/2027,3.313952,MINISTERIO DE HACIENDA,HACIENDA,60263
DO1002261928,LE090427,BCENTRAL/ LT 20270409 GTIA,5300000,DOP,530,10.0932,95.09434,07/08/2026,12:01:42 PM,PRESTAMO,SEGUNDA PARTE,ROTC,07/10/2026,CONFIRMADA,3268162,0,09/04/2026,09/04/2027,0.793651,BANCO CENTRAL DE LA REPUBLICA DOMINICANA,BCENTRAL,58660
DO1002261928,LE090427,BCENTRAL/ LT 20270409 GTIA,5300000,DOP,530,10.0935,94.339623,07/08/2026,12:01:42 PM,PRESTAMO,PRIMERA PARTE,ROTC,07/09/2026,CONFIRMADA,3268162,0,09/04/2026,09/04/2027,0.793651,BANCO CENTRAL DE LA REPUBLICA DOMINICANA,BCENTRAL,59171
DO1005205716,MHUS2027,HACIENDA/6 BOEST 20270305 GTIA,82000,USD,82,-9.65452222,105.178902,07/08/2026,12:01:42 PM,ESTRUCTURADA,SEGUNDA PARTE,ROTC,10/11/2026,CONFIRMADA,3268405,0,05/09/2016,05/03/2027,4.35,MINISTERIO DE HACIENDA,HACIENDA,64057
DO1005205716,MHUS2027,HACIENDA/6 BOEST 20270305 GTIA,82000,USD,82,1.5179,102.4905,07/08/2026,12:01:42 PM,ESTRUCTURADA,PRIMERA PARTE,ROTC,12/08/2026,CONFIRMADA,3268405,0,05/09/2016,05/03/2027,4.35,MINISTERIO DE HACIENDA,HACIENDA,61663
DO1002261928,LE090427,BCENTRAL/ LT 20270409 GTIA,5300000,DOP,530,10.0935,94.339623,07/08/2026,12:01:41 PM,PLAZO,PRIMERA PARTE,ROTC,07/09/2026,CONFIRMADA,3268161,0,09/04/2026,09/04/2027,0,BANCO CENTRAL DE LA REPUBLICA DOMINICANA,BCENTRAL,57561
DO1005205716,MHUS2027,HACIENDA/6 BOEST 20270305 GTIA,82000,USD,82,-9.65452222,105.178902,07/08/2026,12:01:41 PM,PRESTAMO,SEGUNDA PARTE,ROTC,10/11/2026,CONFIRMADA,3268406,0,05/09/2016,05/03/2027,3.550907,MINISTERIO DE HACIENDA,HACIENDA,61950
DO1005205716,MHUS2027,HACIENDA/6 BOEST 20270305 GTIA,82000,USD,82,1.5179,102.4905,07/08/2026,12:01:41 PM,PRESTAMO,PRIMERA PARTE,ROTC,12/08/2026,CONFIRMADA,3268406,0,05/09/2016,05/03/2027,3.550907,MINISTERIO DE HACIENDA,HACIENDA,59556
DO1002261928,LE090427,BCENTRAL/ LT 20270409 GTIA,5300000,DOP,530,8.6315,95.119497,07/08/2026,12:01:40 PM,PRESTAMO,SEGUNDA PARTE,ROTC,07/09/2026,CONFIRMADA,3268159,0,09/04/2026,09/04/2027,0.819889,BANCO CENTRAL DE LA REPUBLICA DOMINICANA,BCENTRAL,58835
DO1002261928,LE090427,BCENTRAL/ LT 20270409 GTIA,5300000,DOP,530,8.8163,94.339623,07/08/2026,12:01:40 PM,PRESTAMO,PRIMERA PARTE,ROTC,07/08/2026,CONFIRMADA,3268159,0,09/04/2026,09/04/2027,0.819889,BANCO CENTRAL DE LA REPUBLICA DOMINICANA,BCENTRAL,58870
DO1002261928,LE090427,BCENTRAL/ LT 20270409 GTIA,5300000,DOP,530,8.6315,95.119497,07/08/2026,12:01:40 PM,PLAZO,PRIMERA PARTE,ROTC,07/09/2026,CONFIRMADA,3268160,0,09/04/2026,09/04/2027,0,BANCO CENTRAL DE LA REPUBLICA DOMINICANA,BCENTRAL,57295
DO1005205716,MHUS2027,HACIENDA/6 BOEST 20270305 GTIA,23000,USD,23,-7.05625929,105.352217,07/08/2026,12:01:40 PM,ESTRUCTURADA,SEGUNDA PARTE,ROTC,12/10/2026,CONFIRMADA,3268407,0,05/09/2016,05/03/2027,4.95,MINISTERIO DE HACIENDA,HACIENDA,63987
DO1005205716,MHUS2027,HACIENDA/6 BOEST 20270305 GTIA,23000,USD,23,1.5902,102.448957,07/08/2026,12:01:40 PM,ESTRUCTURADA,PRIMERA PARTE,ROTC,12/08/2026,CONFIRMADA,3268407,0,05/09/2016,05/03/2027,4.95,MINISTERIO DE HACIENDA,HACIENDA,62342
DO1002261928,LE090427,BCENTRAL/ LT 20270409 GTIA,5300000,DOP,530,8.8163,94.339623,07/08/2026,12:01:39 PM,CONTADO,PRIMERA PARTE,ROTC,07/08/2026,CONFIRMADA,3268158,0,09/04/2026,09/04/2027,0,BANCO CENTRAL DE LA REPUBLICA DOMINICANA,BCENTRAL,58233
DO1002261928,LE090427,BCENTRAL/ LT 20270409 GTIA,160000,DOP,16,9.8603,95.177288,07/08/2026,12:01:37 PM,PRESTAMO,SEGUNDA PARTE,ROTC,06/10/2026,CONFIRMADA,3268000,0,09/04/2026,09/04/2027,1.502092,BANCO CENTRAL DE LA REPUBLICA DOMINICANA,BCENTRAL,58163
DO1002261928,LE090427,BCENTRAL/ LT 20270409 GTIA,160000,DOP,16,9.7999,93.747638,07/08/2026,12:01:37 PM,PRESTAMO,PRIMERA PARTE,ROTC,07/08/2026,CONFIRMADA,3268000,0,09/04/2026,09/04/2027,1.502092,BANCO CENTRAL DE LA REPUBLICA DOMINICANA,BCENTRAL,58401
DO1002261928,LE090427,BCENTRAL/ LT 20270409 GTIA,160000,DOP,16,9.8603,95.177288,07/08/2026,12:01:37 PM,PLAZO,PRIMERA PARTE,ROTC,06/10/2026,CONFIRMADA,3268001,0,09/04/2026,09/04/2027,0,BANCO CENTRAL DE LA REPUBLICA DOMINICANA,BCENTRAL,56623
DO1002261928,LE090427,BCENTRAL/ LT 20270409 GTIA,160000,DOP,16,9.7999,93.747638,07/08/2026,12:01:36 PM,CONTADO,PRIMERA PARTE,ROTC,07/08/2026,CONFIRMADA,3267999,0,09/04/2026,09/04/2027,0,BANCO CENTRAL DE LA REPUBLICA DOMINICANA,BCENTRAL,57701
DO1002261928,LE090427,BCENTRAL/ LT 20270409 GTIA,530000,DOP,53,7.6454,97.454306,07/08/2026,12:01:35 PM,PLAZO,PRIMERA PARTE,ROTC,07/12/2026,CONFIRMADA,3267998,0,09/04/2026,09/04/2027,0,BANCO CENTRAL DE LA REPUBLICA DOMINICANA,BCENTRAL,56581
DO1002261928,LE090427,BCENTRAL/ LT 20270409 GTIA,530000,DOP,53,7.6454,97.454306,07/08/2026,12:01:34 PM,PRESTAMO,SEGUNDA PARTE,ROTC,07/12/2026,CONFIRMADA,3267997,0,09/04/2026,09/04/2027,3.198484,BANCO CENTRAL DE LA REPUBLICA DOMINICANA,BCENTRAL,58114
DO1002261928,LE090427,BCENTRAL/ LT 20270409 GTIA,530000,DOP,53,8.8203,94.337245,07/08/2026,12:01:34 PM,PRESTAMO,PRIMERA PARTE,ROTC,07/08/2026,CONFIRMADA,3267997,0,09/04/2026,09/04/2027,3.198484,BANCO CENTRAL DE LA REPUBLICA DOMINICANA,BCENTRAL,58170
DO1002261928,LE090427,BCENTRAL/ LT 20270409 GTIA,530000,DOP,53,8.8203,94.337245,07/08/2026,12:01:33 PM,CONTADO,PRIMERA PARTE,ROTC,07/08/2026,CONFIRMADA,3267996,0,09/04/2026,09/04/2027,0,BANCO CENTRAL DE LA REPUBLICA DOMINICANA,BCENTRAL,57470
DO1005205617,MH12027,HACIENDA/11.25 BOEST 20270205 GTIA,1600000,DOP,16,1.2471,104.089152,07/08/2026,12:01:32 PM,PLAZO,PRIMERA PARTE,ROTC,08/09/2026,CONFIRMADA,3267995,0,05/08/2016,05/02/2027,0,MINISTERIO DE HACIENDA,HACIENDA,59752
DO1005205617,MH12027,HACIENDA/11.25 BOEST 20270205 GTIA,1600000,DOP,16,1.2471,104.089152,07/08/2026,12:01:31 PM,PRESTAMO,SEGUNDA PARTE,ROTC,08/09/2026,CONFIRMADA,3267994,0,05/08/2016,05/02/2027,0.856656,MINISTERIO DE HACIENDA,HACIENDA,61285
DO1005205617,MH12027,HACIENDA/11.25 BOEST 20270205 GTIA,1600000,DOP,16,2.6623,104.236433,07/08/2026,12:01:31 PM,PRESTAMO,PRIMERA PARTE,ROTC,07/08/2026,CONFIRMADA,3267994,0,05/08/2016,05/02/2027,0.856656,MINISTERIO DE HACIENDA,HACIENDA,61334
DO1005205617,MH12027,HACIENDA/11.25 BOEST 20270205 GTIA,1600000,DOP,16,2.6623,104.236433,07/08/2026,12:01:30 PM,CONTADO,PRIMERA PARTE,ROTC,07/08/2026,CONFIRMADA,3267993,0,05/08/2016,05/02/2027,0,MINISTERIO DE HACIENDA,HACIENDA,60634
DO1002261928,LE090427,BCENTRAL/ LT 20270409 GTIA,910000,DOP,91,11.0688,98.040631,07/08/2026,12:01:29 PM,PLAZO,PRIMERA PARTE,ROTC,03/02/2027,CONFIRMADA,3267991,0,09/04/2026,09/04/2027,0,BANCO CENTRAL DE LA REPUBLICA DOMINICANA,BCENTRAL,56875
DO1002261928,LE090427,BCENTRAL/ LT 20270409 GTIA,910000,DOP,91,11.0688,98.040631,07/08/2026,12:01:28 PM,PRESTAMO,SEGUNDA PARTE,ROTC,03/02/2027,CONFIRMADA,3267990,0,09/04/2026,09/04/2027,4.625656,BANCO CENTRAL DE LA REPUBLICA DOMINICANA,BCENTRAL,58408
DO1002261928,LE090427,BCENTRAL/ LT 20270409 GTIA,910000,DOP,91,10.2056,93.505609,07/08/2026,12:01:28 PM,PRESTAMO,PRIMERA PARTE,ROTC,07/08/2026,CONFIRMADA,3267990,0,09/04/2026,09/04/2027,4.625656,BANCO CENTRAL DE LA REPUBLICA DOMINICANA,BCENTRAL,58506
DO1002261928,LE090427,BCENTRAL/ LT 20270409 GTIA,910000,DOP,91,10.2056,93.505609,07/08/2026,12:01:27 PM,CONTADO,PRIMERA PARTE,ROTC,07/08/2026,CONFIRMADA,3267989,0,09/04/2026,09/04/2027,0,BANCO CENTRAL DE LA REPUBLICA DOMINICANA,BCENTRAL,57806
DO1002261928,LE090427,BCENTRAL/ LT 20270409 GTIA,6890000,DOP,689,7.744,97.422335,07/08/2026,12:01:26 PM,PLAZO,PRIMERA PARTE,ROTC,07/12/2026,CONFIRMADA,3267988,0,09/04/2026,09/04/2027,0,BANCO CENTRAL DE LA REPUBLICA DOMINICANA,BCENTRAL,57078
DO1002261928,LE090427,BCENTRAL/ LT 20270409 GTIA,6890000,DOP,689,7.744,97.422335,07/08/2026,12:01:25 PM,PRESTAMO,SEGUNDA PARTE,ROTC,07/12/2026,CONFIRMADA,3267987,0,09/04/2026,09/04/2027,3.166717,BANCO CENTRAL DE LA REPUBLICA DOMINICANA,BCENTRAL,58611
DO1002261928,LE090427,BCENTRAL/ LT 20270409 GTIA,6890000,DOP,689,8.8203,94.337245,07/08/2026,12:01:25 PM,PRESTAMO,PRIMERA PARTE,ROTC,07/08/2026,CONFIRMADA,3267987,0,09/04/2026,09/04/2027,3.166717,BANCO CENTRAL DE LA REPUBLICA DOMINICANA,BCENTRAL,59052
DO1002261928,LE090427,BCENTRAL/ LT 20270409 GTIA,6890000,DOP,689,8.8203,94.337245,07/08/2026,12:01:24 PM,CONTADO,PRIMERA PARTE,ROTC,07/08/2026,CONFIRMADA,3267986,0,09/04/2026,09/04/2027,0,BANCO CENTRAL DE LA REPUBLICA DOMINICANA,BCENTRAL,58352
DO1002261928,LE090427,BCENTRAL/ LT 20270409 GTIA,110000,DOP,11,27.2037,95.318182,07/08/2026,12:01:23 PM,PLAZO,PRIMERA PARTE,ROTC,03/02/2027,CONFIRMADA,3267968,0,09/04/2026,09/04/2027,0,BANCO CENTRAL DE LA REPUBLICA DOMINICANA,BCENTRAL,56742
DO1002261928,LE090427,BCENTRAL/ LT 20270409 GTIA,110000,DOP,11,27.2037,95.318182,07/08/2026,12:01:22 PM,PRESTAMO,SEGUNDA PARTE,ROTC,03/02/2027,CONFIRMADA,3267967,0,09/04/2026,09/04/2027,4.625656,BANCO CENTRAL DE LA REPUBLICA DOMINICANA,BCENTRAL,58275
DO1002261928,LE090427,BCENTRAL/ LT 20270409 GTIA,110000,DOP,11,14.6939,90.909091,07/08/2026,12:01:22 PM,PRESTAMO,PRIMERA PARTE,ROTC,07/08/2026,CONFIRMADA,3267967,0,09/04/2026,09/04/2027,4.625656,BANCO CENTRAL DE LA REPUBLICA DOMINICANA,BCENTRAL,58478
DO1002261928,LE090427,BCENTRAL/ LT 20270409 GTIA,110000,DOP,11,14.6939,90.909091,07/08/2026,12:01:21 PM,CONTADO,PRIMERA PARTE,ROTC,07/08/2026,CONFIRMADA,3267966,0,09/04/2026,09/04/2027,0,BANCO CENTRAL DE LA REPUBLICA DOMINICANA,BCENTRAL,57778
DO1002261928,LE090427,BCENTRAL/ LT 20270409 GTIA,40000,DOP,4,16.4151,92.2207,07/08/2026,12:01:20 PM,PLAZO,PRIMERA PARTE,ROTC,06/10/2026,CONFIRMADA,3267958,0,09/04/2026,09/04/2027,0,BANCO CENTRAL DE LA REPUBLICA DOMINICANA,BCENTRAL,55286
DO1002261928,LE090427,BCENTRAL/ LT 20270409 GTIA,40000,DOP,4,16.4151,92.2207,07/08/2026,12:01:19 PM,PRESTAMO,SEGUNDA PARTE,ROTC,06/10/2026,CONFIRMADA,3267955,0,09/04/2026,09/04/2027,1.469762,BANCO CENTRAL DE LA REPUBLICA DOMINICANA,BCENTRAL,56882
DO1002261928,LE090427,BCENTRAL/ LT 20270409 GTIA,40000,DOP,4,14.7718,90.865275,07/08/2026,12:01:19 PM,PRESTAMO,PRIMERA PARTE,ROTC,07/08/2026,CONFIRMADA,3267955,0,09/04/2026,09/04/2027,1.469762,BANCO CENTRAL DE LA REPUBLICA DOMINICANA,BCENTRAL,57883
DO1005205419,MH42026,HACIENDA/11 BOEST 20261204 GTIA,10000000,DOP,100,7.0697,101.155717,07/08/2026,12:01:19 PM,PLAZO,PRIMERA PARTE,ROTC,14/08/2026,CONFIRMADA,3268597,0,04/06/2016,04/12/2026,0,MINISTERIO DE HACIENDA,HACIENDA,59395
DO1002261928,LE090427,BCENTRAL/ LT 20270409 GTIA,40000,DOP,4,14.7718,90.865275,07/08/2026,12:01:18 PM,CONTADO,PRIMERA PARTE,ROTC,07/08/2026,CONFIRMADA,3267954,0,09/04/2026,09/04/2027,0,BANCO CENTRAL DE LA REPUBLICA DOMINICANA,BCENTRAL,57183
DO1005205419,MH42026,HACIENDA/11 BOEST 20261204 GTIA,10000000,DOP,100,7.0697,101.155717,07/08/2026,12:01:18 PM,PRESTAMO,SEGUNDA PARTE,ROTC,14/08/2026,CONFIRMADA,3268596,0,04/06/2016,04/12/2026,2.013824,MINISTERIO DE HACIENDA,HACIENDA,60928
DO1005205419,MH42026,HACIENDA/11 BOEST 20261204 GTIA,10000000,DOP,100,7.1137,101.215255,07/08/2026,12:01:18 PM,PRESTAMO,PRIMERA PARTE,ROTC,07/08/2026,CONFIRMADA,3268596,0,04/06/2016,04/12/2026,2.013824,MINISTERIO DE HACIENDA,HACIENDA,60893
DO1005208322,MHUS2040,HACIENDA/6.75 BOEST 20400724 GTIA,78000,USD,78,4.6581,121.022846,07/08/2026,12:01:17 PM,PLAZO,PRIMERA PARTE,ROTC,05/11/2026,CONFIRMADA,3267962,0,24/07/2020,24/07/2040,0,MINISTERIO DE HACIENDA,HACIENDA,59745
DO1005205419,MH42026,HACIENDA/11 BOEST 20261204 GTIA,10000000,DOP,100,7.1137,101.215255,07/08/2026,12:01:17 PM,CONTADO,PRIMERA PARTE,ROTC,07/08/2026,CONFIRMADA,3268595,0,04/06/2016,04/12/2026,0,MINISTERIO DE HACIENDA,HACIENDA,60193
DO1005208322,MHUS2040,HACIENDA/6.75 BOEST 20400724 GTIA,78000,USD,78,4.6581,121.022846,07/08/2026,12:01:16 PM,PRESTAMO,SEGUNDA PARTE,ROTC,05/11/2026,CONFIRMADA,3267960,0,24/07/2020,24/07/2040,1.310791,MINISTERIO DE HACIENDA,HACIENDA,61278
DO1005208322,MHUS2040,HACIENDA/6.75 BOEST 20400724 GTIA,78000,USD,78,4.6574,121.305423,07/08/2026,12:01:16 PM,PRESTAMO,PRIMERA PARTE,ROTC,07/08/2026,CONFIRMADA,3267960,0,24/07/2020,24/07/2040,1.310791,MINISTERIO DE HACIENDA,HACIENDA,61376
DO1005208322,MHUS2040,HACIENDA/6.75 BOEST 20400724 GTIA,78000,USD,78,4.6574,121.305423,07/08/2026,12:01:15 PM,CONTADO,PRIMERA PARTE,ROTC,07/08/2026,CONFIRMADA,3267959,0,24/07/2020,24/07/2040,0,MINISTERIO DE HACIENDA,HACIENDA,60676
DO1005208322,MHUS2040,HACIENDA/6.75 BOEST 20400724 GTIA,15000,USD,15,4.6284,121.4512,07/08/2026,12:01:13 PM,PLAZO,PRIMERA PARTE,ROTC,06/10/2026,CONFIRMADA,3267944,0,24/07/2020,24/07/2040,0,MINISTERIO DE HACIENDA,HACIENDA,58849
DO1005208322,MHUS2040,HACIENDA/6.75 BOEST 20400724 GTIA,15000,USD,15,4.6284,121.4512,07/08/2026,12:01:12 PM,PRESTAMO,SEGUNDA PARTE,ROTC,06/10/2026,CONFIRMADA,3267943,0,24/07/2020,24/07/2040,0.893639,MINISTERIO DE HACIENDA,HACIENDA,60382
DO1005208322,MHUS2040,HACIENDA/6.75 BOEST 20400724 GTIA,15000,USD,15,4.6229,121.7038,07/08/2026,12:01:12 PM,PRESTAMO,PRIMERA PARTE,ROTC,07/08/2026,CONFIRMADA,3267943,0,24/07/2020,24/07/2040,0.893639,MINISTERIO DE HACIENDA,HACIENDA,60536
DO1005208322,MHUS2040,HACIENDA/6.75 BOEST 20400724 GTIA,15000,USD,15,4.6229,121.7038,07/08/2026,12:01:11 PM,CONTADO,PRIMERA PARTE,ROTC,07/08/2026,CONFIRMADA,3267942,0,24/07/2020,24/07/2040,0,MINISTERIO DE HACIENDA,HACIENDA,59836
USP3579ECH82,BSRD2032,"DOMINICAN, REP /4.875 BD 20320923",35000,USD,35,4.20896,103.439246,07/08/2026,12:00:47 PM,ESTRUCTURADA,SEGUNDA PARTE,ROTC,02/11/2026,CONFIRMADA,3268592,0,23/09/2020,23/09/2032,4.875,MINISTERIO DE HACIENDA,HACIENDA,63938
USP3579ECH82,BSRD2032,"DOMINICAN, REP /4.875 BD 20320923",35000,USD,35,4.69642,100.936029,07/08/2026,12:00:47 PM,ESTRUCTURADA,PRIMERA PARTE,ROTC,07/08/2026,CONFIRMADA,3268592,0,23/09/2020,23/09/2032,4.875,MINISTERIO DE HACIENDA,HACIENDA,64078
DO1005208025,COV2040,HACIENDA/10.875 BOEST 20400228 GTIA,500000,DOP,5,5.4813,149.634628,07/08/2026,12:00:36 PM,ESTRUCTURADA,SEGUNDA PARTE,ROTC,05/03/2027,CONFIRMADA,3268085,0,28/02/2020,28/02/2040,9.3967,MINISTERIO DE HACIENDA,HACIENDA,63385
DO1005208025,COV2040,HACIENDA/10.875 BOEST 20400228 GTIA,500000,DOP,5,6.6635,137.232876,07/08/2026,12:00:36 PM,ESTRUCTURADA,PRIMERA PARTE,ROTC,07/08/2026,CONFIRMADA,3268085,0,28/02/2020,28/02/2040,9.3967,MINISTERIO DE HACIENDA,HACIENDA,63497
DO1005208025,COV2040,HACIENDA/10.875 BOEST 20400228 GTIA,1000000,DOP,10,11.8912,93.456849,07/08/2026,12:00:35 PM,ESTRUCTURADA,SEGUNDA PARTE,ROTC,02/08/2027,CONFIRMADA,3268083,0,28/02/2020,28/02/2040,8.95,MINISTERIO DE HACIENDA,HACIENDA,64050
DO1005208025,COV2040,HACIENDA/10.875 BOEST 20400228 GTIA,1000000,DOP,10,11.5814,95.232877,07/08/2026,12:00:35 PM,ESTRUCTURADA,PRIMERA PARTE,ROTC,07/08/2026,CONFIRMADA,3268083,0,28/02/2020,28/02/2040,8.95,MINISTERIO DE HACIENDA,HACIENDA,64092
DO1002228125,NO090229,BCENTRAL/10 BOEST 20290209 GTIA,30000,DOP,3,9.4397,101.052267,07/08/2026,12:00:34 PM,ESTRUCTURADA,SEGUNDA PARTE,ROTC,07/12/2026,CONFIRMADA,3268081,0,09/02/2024,09/02/2029,9.6472,BANCO CENTRAL DE LA REPUBLICA DOMINICANA,BCENTRAL,61999
DO1002228125,NO090229,BCENTRAL/10 BOEST 20290209 GTIA,30000,DOP,3,11.86,96.065967,07/08/2026,12:00:34 PM,ESTRUCTURADA,PRIMERA PARTE,ROTC,07/08/2026,CONFIRMADA,3268081,0,09/02/2024,09/02/2029,9.6472,BANCO CENTRAL DE LA REPUBLICA DOMINICANA,BCENTRAL,61481
DO1005208025,COV2040,HACIENDA/10.875 BOEST 20400228 GTIA,800000,DOP,8,6.5543,137.815111,07/08/2026,12:00:33 PM,ESTRUCTURADA,SEGUNDA PARTE,ROTC,07/12/2026,CONFIRMADA,3268077,0,28/02/2020,28/02/2040,9.7497,MINISTERIO DE HACIENDA,HACIENDA,63322
DO1005208025,COV2040,HACIENDA/10.875 BOEST 20400228 GTIA,800000,DOP,8,7.1944,131.553124,07/08/2026,12:00:33 PM,ESTRUCTURADA,PRIMERA PARTE,ROTC,07/08/2026,CONFIRMADA,3268077,0,28/02/2020,28/02/2040,9.7497,MINISTERIO DE HACIENDA,HACIENDA,63413
DO1005208025,COV2040,HACIENDA/10.875 BOEST 20400228 GTIA,400000,DOP,4,7.2685,130.301238,07/08/2026,12:00:33 PM,ESTRUCTURADA,SEGUNDA PARTE,ROTC,07/12/2026,CONFIRMADA,3268079,0,28/02/2020,28/02/2040,9.6473,MINISTERIO DE HACIENDA,HACIENDA,63252
DO1005208025,COV2040,HACIENDA/10.875 BOEST 20400228 GTIA,400000,DOP,4,7.9186,124.32294,07/08/2026,12:00:33 PM,ESTRUCTURADA,PRIMERA PARTE,ROTC,07/08/2026,CONFIRMADA,3268079,0,28/02/2020,28/02/2040,9.6473,MINISTERIO DE HACIENDA,HACIENDA,63077
USP3579ECZ80,BSRD2035, ,3000,USD,3,4.4259,110.641667,07/08/2026,12:00:32 PM,ESTRUCTURADA,SEGUNDA PARTE,ROTC,05/11/2026,CONFIRMADA,3268075,0,28/10/2025,28/10/2035,4.8185,MINISTERIO DE HACIENDA,HACIENDA,49798
USP3579ECZ80,BSRD2035, ,3000,USD,3,4.8138,107.822,07/08/2026,12:00:32 PM,ESTRUCTURADA,PRIMERA PARTE,ROTC,07/08/2026,CONFIRMADA,3268075,0,28/10/2025,28/10/2035,4.8185,MINISTERIO DE HACIENDA,HACIENDA,48825
DO1002228125,NO090229,BCENTRAL/10 BOEST 20290209 GTIA,10000,DOP,1,9.0491,101.8141,07/08/2026,12:00:31 PM,ESTRUCTURADA,SEGUNDA PARTE,ROTC,07/12/2026,CONFIRMADA,3268073,0,09/02/2024,09/02/2029,10,BANCO CENTRAL DE LA REPUBLICA DOMINICANA,BCENTRAL,61159
DO1002228125,NO090229,BCENTRAL/10 BOEST 20290209 GTIA,10000,DOP,1,11.5603,96.686,07/08/2026,12:00:31 PM,ESTRUCTURADA,PRIMERA PARTE,ROTC,07/08/2026,CONFIRMADA,3268073,0,09/02/2024,09/02/2029,10,BANCO CENTRAL DE LA REPUBLICA DOMINICANA,BCENTRAL,61005
DO2018100324,BC1AES03,AESTRELLA/11.25 BO 20301130,30400,DOP,30400,10.5105,102.407632,07/08/2026,11:58:42 AM,ESTRUCTURADA,SEGUNDA PARTE,ROTC,13/11/2026,CONFIRMADA,3268567,0,30/11/2020,30/11/2030,9.3,ACERO ESTRELLA S A,AESTRELLA,61348
DO2018100324,BC1AES03,AESTRELLA/11.25 BO 20301130,30400,DOP,30400,11.2503,99.991675,07/08/2026,11:58:42 AM,ESTRUCTURADA,PRIMERA PARTE,ROTC,10/08/2026,CONFIRMADA,3268567,0,30/11/2020,30/11/2030,9.3,ACERO ESTRELLA S A,AESTRELLA,61306
DO2018100324,BC1AES03,AESTRELLA/11.25 BO 20301130,30400,DOP,30400,10.5105,102.407632,07/08/2026,11:58:41 AM,PRESTAMO,SEGUNDA PARTE,ROTC,13/11/2026,CONFIRMADA,3268568,0,30/11/2020,30/11/2030,4.514547,ACERO ESTRELLA S A,AESTRELLA,59241
DO2018100324,BC1AES03,AESTRELLA/11.25 BO 20301130,30400,DOP,30400,11.2503,99.991675,07/08/2026,11:58:41 AM,PRESTAMO,PRIMERA PARTE,ROTC,10/08/2026,CONFIRMADA,3268568,0,30/11/2020,30/11/2030,4.514547,ACERO ESTRELLA S A,AESTRELLA,59199
DO1002261829,NO010330,BCENTRAL/9.5 BOEST 20300301 GTIA,350000,DOP,35,9.5,99.98833,07/08/2026,11:57:09 AM,CONTADO,PRIMERA PARTE,ROTC,10/08/2026,CONFIRMADA,3268153,0,01/03/2026,01/03/2030,0,BANCO CENTRAL DE LA REPUBLICA DOMINICANA,BCENTRAL,58618
USP3579ECH82,BSRD2032,"DOMINICAN, REP /4.875 BD 20320923",453000,USD,453,2.5247,112.614324,07/08/2026,11:55:26 AM,PRESTAMO,SEGUNDA PARTE,ROTC,03/12/2026,CONFIRMADA,3268576,0,23/09/2020,23/09/2032,4.49,MINISTERIO DE HACIENDA,HACIENDA,62062
USP3579ECH82,BSRD2032,"DOMINICAN, REP /4.875 BD 20320923",453000,USD,453,3.0545,110.100578,07/08/2026,11:55:26 AM,PRESTAMO,PRIMERA PARTE,ROTC,07/08/2026,CONFIRMADA,3268576,0,23/09/2020,23/09/2032,4.49,MINISTERIO DE HACIENDA,HACIENDA,62160
USP3579ECH82,BSRD2032,"DOMINICAN, REP /4.875 BD 20320923",453000,USD,453,2.5247,112.614324,07/08/2026,11:55:25 AM,ESTRUCTURADA,SEGUNDA PARTE,ROTC,03/12/2026,CONFIRMADA,3268563,0,23/09/2020,23/09/2032,4.49,MINISTERIO DE HACIENDA,HACIENDA,64155
USP3579ECH82,BSRD2032,"DOMINICAN, REP /4.875 BD 20320923",453000,USD,453,3.0545,110.100578,07/08/2026,11:55:25 AM,ESTRUCTURADA,PRIMERA PARTE,ROTC,07/08/2026,CONFIRMADA,3268563,0,23/09/2020,23/09/2032,4.49,MINISTERIO DE HACIENDA,HACIENDA,64253
DO1002261829,NO010330,BCENTRAL/9.5 BOEST 20300301 GTIA,22420000,DOP,2242,9.55,99.838687,07/08/2026,11:55:08 AM,CONTADO,PRIMERA PARTE,ROTC,07/08/2026,CONFIRMADA,3268154,0,01/03/2026,01/03/2030,0,BANCO CENTRAL DE LA REPUBLICA DOMINICANA,BCENTRAL,60781
DO2018100324,BC1AES03,AESTRELLA/11.25 BO 20301130,587540,DOP,587540,10.5081,102.418841,07/08/2026,11:54:44 AM,PRESTAMO,SEGUNDA PARTE,ROTC,10/11/2026,CONFIRMADA,3268417,0,30/11/2020,30/11/2030,4.440398,ACERO ESTRELLA S A,AESTRELLA,60242
DO2018100324,BC1AES03,AESTRELLA/11.25 BO 20301130,587540,DOP,587540,11.2501,99.991675,07/08/2026,11:54:44 AM,PRESTAMO,PRIMERA PARTE,ROTC,07/08/2026,CONFIRMADA,3268417,0,30/11/2020,30/11/2030,4.440398,ACERO ESTRELLA S A,AESTRELLA,60200
DO2018100324,BC1AES03,AESTRELLA/11.25 BO 20301130,587540,DOP,587540,10.5081,102.418841,07/08/2026,11:54:43 AM,ESTRUCTURADA,SEGUNDA PARTE,ROTC,10/11/2026,CONFIRMADA,3268416,0,30/11/2020,30/11/2030,9.35,ACERO ESTRELLA S A,AESTRELLA,62335
DO2018100324,BC1AES03,AESTRELLA/11.25 BO 20301130,587540,DOP,587540,11.2501,99.991675,07/08/2026,11:54:43 AM,ESTRUCTURADA,PRIMERA PARTE,ROTC,07/08/2026,CONFIRMADA,3268416,0,30/11/2020,30/11/2030,9.35,ACERO ESTRELLA S A,AESTRELLA,62293
DO1002227721,NO111226,BCENTRAL/9 BOEST 20261211 GTIA,19700000,DOP,1970,7,100.65223400000001,07/08/2026,11:54:36 AM,CONTADO,PRIMERA PARTE,ROTC,07/08/2026,CONFIRMADA,3268561,0,11/12/2023,11/12/2026,0,BANCO CENTRAL DE LA REPUBLICA DOMINICANA,BCENTRAL,59234
DO1005206516,MH32028,HACIENDA/10.75 BOEST 20280811 GTIA,7700000,DOP,77,5.4579,107.60028200000001,07/08/2026,11:53:13 AM,PRESTAMO,SEGUNDA PARTE,ROTC,04/02/2027,CONFIRMADA,3268562,0,10/08/2018,11/08/2028,8.74,MINISTERIO DE HACIENDA,HACIENDA,61397
DO1005206516,MH32028,HACIENDA/10.75 BOEST 20280811 GTIA,7700000,DOP,77,9.1845,102.850382,07/08/2026,11:53:13 AM,PRESTAMO,PRIMERA PARTE,ROTC,07/08/2026,CONFIRMADA,3268562,0,10/08/2018,11/08/2028,8.74,MINISTERIO DE HACIENDA,HACIENDA,61516
DO1005206516,MH32028,HACIENDA/10.75 BOEST 20280811 GTIA,7700000,DOP,77,5.4579,107.60028200000001,07/08/2026,11:53:12 AM,ESTRUCTURADA,SEGUNDA PARTE,ROTC,04/02/2027,CONFIRMADA,3268422,0,10/08/2018,11/08/2028,8.74,MINISTERIO DE HACIENDA,HACIENDA,63490
DO1005206516,MH32028,HACIENDA/10.75 BOEST 20280811 GTIA,7700000,DOP,77,9.1845,102.850382,07/08/2026,11:53:12 AM,ESTRUCTURADA,PRIMERA PARTE,ROTC,07/08/2026,CONFIRMADA,3268422,0,10/08/2018,11/08/2028,8.74,MINISTERIO DE HACIENDA,HACIENDA,63609
DO1002261829,NO010330,BCENTRAL/9.5 BOEST 20300301 GTIA,350000,DOP,35,9.5,99.98833,07/08/2026,11:53:08 AM,CONTADO,PRIMERA PARTE,ROTC,10/08/2026,CONFIRMADA,3268102,0,01/03/2026,01/03/2030,0,BANCO CENTRAL DE LA REPUBLICA DOMINICANA,BCENTRAL,58583
DO2018100324,BC1AES03,AESTRELLA/11.25 BO 20301130,323147,DOP,323147,10.4609,102.667628,07/08/2026,11:51:47 AM,ESTRUCTURADA,SEGUNDA PARTE,ROTC,07/09/2026,CONFIRMADA,3268414,0,30/11/2020,30/11/2030,9.05,ACERO ESTRELLA S A,AESTRELLA,62405
DO2018100324,BC1AES03,AESTRELLA/11.25 BO 20301130,323147,DOP,323147,11.2501,99.991675,07/08/2026,11:51:47 AM,ESTRUCTURADA,PRIMERA PARTE,ROTC,07/08/2026,CONFIRMADA,3268414,0,30/11/2020,30/11/2030,9.05,ACERO ESTRELLA S A,AESTRELLA,62174
DO2018100324,BC1AES03,AESTRELLA/11.25 BO 20301130,323147,DOP,323147,10.4609,102.667628,07/08/2026,11:51:46 AM,PRESTAMO,SEGUNDA PARTE,ROTC,07/09/2026,CONFIRMADA,3268415,0,30/11/2020,30/11/2030,2.839771,ACERO ESTRELLA S A,AESTRELLA,60298
DO2018100324,BC1AES03,AESTRELLA/11.25 BO 20301130,323147,DOP,323147,11.2501,99.991675,07/08/2026,11:51:46 AM,PRESTAMO,PRIMERA PARTE,ROTC,07/08/2026,CONFIRMADA,3268415,0,30/11/2020,30/11/2030,2.839771,ACERO ESTRELLA S A,AESTRELLA,60067
DO1002261928,LE090427,BCENTRAL/ LT 20270409 GTIA,530000,DOP,53,6.0746,98.915094,07/08/2026,11:51:31 AM,PRESTAMO,SEGUNDA PARTE,ROTC,03/02/2027,CONFIRMADA,3267940,0,09/04/2026,09/04/2027,4.625656,BANCO CENTRAL DE LA REPUBLICA DOMINICANA,BCENTRAL,58016
DO1002261928,LE090427,BCENTRAL/ LT 20270409 GTIA,530000,DOP,53,8.8163,94.339623,07/08/2026,11:51:31 AM,PRESTAMO,PRIMERA PARTE,ROTC,07/08/2026,CONFIRMADA,3267940,0,09/04/2026,09/04/2027,4.625656,BANCO CENTRAL DE LA REPUBLICA DOMINICANA,BCENTRAL,58121
DO1002261928,LE090427,BCENTRAL/ LT 20270409 GTIA,530000,DOP,53,6.0746,98.915094,07/08/2026,11:51:31 AM,PLAZO,PRIMERA PARTE,ROTC,03/02/2027,CONFIRMADA,3267941,0,09/04/2026,09/04/2027,0,BANCO CENTRAL DE LA REPUBLICA DOMINICANA,BCENTRAL,56476
DO1002261928,LE090427,BCENTRAL/ LT 20270409 GTIA,530000,DOP,53,8.8163,94.339623,07/08/2026,11:51:30 AM,CONTADO,PRIMERA PARTE,ROTC,07/08/2026,CONFIRMADA,3267939,0,09/04/2026,09/04/2027,0,BANCO CENTRAL DE LA REPUBLICA DOMINICANA,BCENTRAL,57421
DO1002261928,LE090427,BCENTRAL/ LT 20270409 GTIA,7340000,DOP,734,8.7024,95.719351,07/08/2026,11:51:29 AM,PLAZO,PRIMERA PARTE,ROTC,06/10/2026,CONFIRMADA,3267938,0,09/04/2026,09/04/2027,0,BANCO CENTRAL DE LA REPUBLICA DOMINICANA,BCENTRAL,57239
DO1002261928,LE090427,BCENTRAL/ LT 20270409 GTIA,7340000,DOP,734,8.7024,95.719351,07/08/2026,11:51:28 AM,PRESTAMO,SEGUNDA PARTE,ROTC,06/10/2026,CONFIRMADA,3267937,0,09/04/2026,09/04/2027,1.51826,BANCO CENTRAL DE LA REPUBLICA DOMINICANA,BCENTRAL,58772
DO1002261928,LE090427,BCENTRAL/ LT 20270409 GTIA,7340000,DOP,734,8.9378,94.266082,07/08/2026,11:51:28 AM,PRESTAMO,PRIMERA PARTE,ROTC,07/08/2026,CONFIRMADA,3267937,0,09/04/2026,09/04/2027,1.51826,BANCO CENTRAL DE LA REPUBLICA DOMINICANA,BCENTRAL,58968
DO1002261928,LE090427,BCENTRAL/ LT 20270409 GTIA,7340000,DOP,734,8.9378,94.266082,07/08/2026,11:51:27 AM,CONTADO,PRIMERA PARTE,ROTC,07/08/2026,CONFIRMADA,3267936,0,09/04/2026,09/04/2027,0,BANCO CENTRAL DE LA REPUBLICA DOMINICANA,BCENTRAL,58268
DO1002261928,LE090427,BCENTRAL/ LT 20270409 GTIA,20000,DOP,2,-1.2966,100.77675,07/08/2026,11:51:26 AM,PLAZO,PRIMERA PARTE,ROTC,07/09/2026,CONFIRMADA,3267910,0,09/04/2026,09/04/2027,0,BANCO CENTRAL DE LA REPUBLICA DOMINICANA,BCENTRAL,56056
DO1002261928,LE090427,BCENTRAL/ LT 20270409 GTIA,20000,DOP,2,-1.2966,100.77675,07/08/2026,11:51:25 AM,PRESTAMO,SEGUNDA PARTE,ROTC,07/09/2026,CONFIRMADA,3267908,0,09/04/2026,09/04/2027,0.773244,BANCO CENTRAL DE LA REPUBLICA DOMINICANA,BCENTRAL,57589
DO1002261928,LE090427,BCENTRAL/ LT 20270409 GTIA,20000,DOP,2,0.0037,99.9975,07/08/2026,11:51:25 AM,PRESTAMO,PRIMERA PARTE,ROTC,07/08/2026,CONFIRMADA,3267908,0,09/04/2026,09/04/2027,0.773244,BANCO CENTRAL DE LA REPUBLICA DOMINICANA,BCENTRAL,56665
DO1002261928,LE090427,BCENTRAL/ LT 20270409 GTIA,20000,DOP,2,0.0037,99.9975,07/08/2026,11:51:24 AM,CONTADO,PRIMERA PARTE,ROTC,07/08/2026,CONFIRMADA,3267905,0,09/04/2026,09/04/2027,0,BANCO CENTRAL DE LA REPUBLICA DOMINICANA,BCENTRAL,55965
DO1002227721,NO111226,BCENTRAL/9 BOEST 20261211 GTIA,1330000,DOP,133,0,0,07/08/2026,11:51:22 AM,PRESTAMO,SEGUNDA PARTE,ROTC,10/12/2026,CONFIRMADA,3268559,0,11/12/2023,11/12/2026,0,BANCO CENTRAL DE LA REPUBLICA DOMINICANA,BCENTRAL,55699
DO1002227721,NO111226,BCENTRAL/9 BOEST 20261211 GTIA,1330000,DOP,133,0,100.9254,07/08/2026,11:51:22 AM,PRESTAMO,PRIMERA PARTE,ROTC,07/08/2026,CONFIRMADA,3268559,0,11/12/2023,11/12/2026,0,BANCO CENTRAL DE LA REPUBLICA DOMINICANA,BCENTRAL,58324
DO2028900317,BC1ENA03,ENADOM/7.5 BO 20341203,12980,USD,12980,0,0,07/08/2026,11:51:22 AM,PRESTAMO,SEGUNDA PARTE,ROTC,01/12/2034,CONFIRMADA,3268560,0,03/12/2024,03/12/2034,0,ENERGIA NATURAL DOMINICANA ENADOM SRL,ENADOM,51933
DO2028900317,BC1ENA03,ENADOM/7.5 BO 20341203,12980,USD,12980,0,100.5973,07/08/2026,11:51:22 AM,PRESTAMO,PRIMERA PARTE,ROTC,07/08/2026,CONFIRMADA,3268560,0,03/12/2024,03/12/2034,0,ENERGIA NATURAL DOMINICANA ENADOM SRL,ENADOM,54593
DO2028900317,BC1ENA03,ENADOM/7.5 BO 20341203,1214,USD,1214,0,0,07/08/2026,11:51:14 AM,PRESTAMO,SEGUNDA PARTE,ROTC,01/12/2034,CONFIRMADA,3268492,0,03/12/2024,03/12/2034,0,ENERGIA NATURAL DOMINICANA ENADOM SRL,ENADOM,51100
DO2028900317,BC1ENA03,ENADOM/7.5 BO 20341203,1214,USD,1214,0,100.5973,07/08/2026,11:51:14 AM,PRESTAMO,PRIMERA PARTE,ROTC,07/08/2026,CONFIRMADA,3268492,0,03/12/2024,03/12/2034,0,ENERGIA NATURAL DOMINICANA ENADOM SRL,ENADOM,53760
USP3579ECF27,BSRD2030,DOMINICAN REP/4.5 BD 20300130 UNS,31000,USD,31,0,95.574194,07/08/2026,11:51:13 AM,PLAZO,PRIMERA PARTE,ROTC,06/11/2026,CONFIRMADA,3268493,0,30/01/2020,30/01/2030,0,MINISTERIO DE HACIENDA,HACIENDA,58212
USP3579ECF27,BSRD2030,DOMINICAN REP/4.5 BD 20300130 UNS,31000,USD,31,0,95.549161,07/08/2026,11:51:12 AM,PRESTAMO,SEGUNDA PARTE,ROTC,07/12/2026,CONFIRMADA,3268494,0,30/01/2020,30/01/2030,1.608542,MINISTERIO DE HACIENDA,HACIENDA,59731
USP3579ECF27,BSRD2030,DOMINICAN REP/4.5 BD 20300130 UNS,31000,USD,31,0,95.574194,07/08/2026,11:51:12 AM,PRESTAMO,PRIMERA PARTE,ROTC,06/11/2026,CONFIRMADA,3268494,0,30/01/2020,30/01/2030,1.608542,MINISTERIO DE HACIENDA,HACIENDA,59808
USP3579ECF27,BSRD2030,DOMINICAN REP/4.5 BD 20300130 UNS,31000,USD,31,0,95.549161,07/08/2026,11:51:11 AM,PLAZO,PRIMERA PARTE,ROTC,07/12/2026,CONFIRMADA,3268495,0,30/01/2020,30/01/2030,0,MINISTERIO DE HACIENDA,HACIENDA,58184
USP3579ECF27,BSRD2030,DOMINICAN REP/4.5 BD 20300130 UNS,31000,USD,31,0,95.186677,07/08/2026,11:51:11 AM,PLAZO,PRIMERA PARTE,ROTC,07/12/2026,CONFIRMADA,3268496,0,30/01/2020,30/01/2030,0,MINISTERIO DE HACIENDA,HACIENDA,58247
USP3579ECF27,BSRD2030,DOMINICAN REP/4.5 BD 20300130 UNS,31000,USD,31,0,95.174161,07/08/2026,11:51:10 AM,PRESTAMO,SEGUNDA PARTE,ROTC,07/01/2027,CONFIRMADA,3268497,0,30/01/2020,30/01/2030,2.007481,MINISTERIO DE HACIENDA,HACIENDA,59668
USP3579ECF27,BSRD2030,DOMINICAN REP/4.5 BD 20300130 UNS,31000,USD,31,0,95.186677,07/08/2026,11:51:10 AM,PRESTAMO,PRIMERA PARTE,ROTC,07/12/2026,CONFIRMADA,3268497,0,30/01/2020,30/01/2030,2.007481,MINISTERIO DE HACIENDA,HACIENDA,59843
USP3579ECF27,BSRD2030,DOMINICAN REP/4.5 BD 20300130 UNS,31000,USD,31,0,95.174161,07/08/2026,11:51:09 AM,PLAZO,PRIMERA PARTE,ROTC,07/01/2027,CONFIRMADA,3268498,0,30/01/2020,30/01/2030,0,MINISTERIO DE HACIENDA,HACIENDA,58184
USP3579ECP09,BSRD2029, ,29000,USD,29,0,101.385759,07/08/2026,11:51:08 AM,PLAZO,PRIMERA PARTE,ROTC,07/01/2027,CONFIRMADA,3268500,0,22/02/2022,22/02/2029,0,MINISTERIO DE HACIENDA,HACIENDA,45080
USP3579ECP09,BSRD2029, ,29000,USD,29,0,101.326034,07/08/2026,11:51:07 AM,PRESTAMO,SEGUNDA PARTE,ROTC,03/02/2027,CONFIRMADA,3268501,0,22/02/2022,22/02/2029,2.312456,MINISTERIO DE HACIENDA,HACIENDA,46459
USP3579ECP09,BSRD2029, ,29000,USD,29,0,101.385759,07/08/2026,11:51:07 AM,PRESTAMO,PRIMERA PARTE,ROTC,07/01/2027,CONFIRMADA,3268501,0,22/02/2022,22/02/2029,2.312456,MINISTERIO DE HACIENDA,HACIENDA,46676
USP3579ECP09,BSRD2029, ,29000,USD,29,0,101.326034,07/08/2026,11:51:06 AM,PLAZO,PRIMERA PARTE,ROTC,03/02/2027,CONFIRMADA,3268503,0,22/02/2022,22/02/2029,0,MINISTERIO DE HACIENDA,HACIENDA,44912
USP3579EBV85,BSDR2027,DOMINICAN Rep/5.95 BD 20270125 Se,49000,USD,49,0,101.346653,07/08/2026,11:51:05 AM,PLAZO,PRIMERA PARTE,ROTC,07/09/2026,CONFIRMADA,3268504,0,25/01/2017,25/01/2027,0,MINISTERIO DE HACIENDA,HACIENDA,59297
USP3579EBV85,BSDR2027,DOMINICAN Rep/5.95 BD 20270125 Se,49000,USD,49,0,101.24198,07/08/2026,11:51:05 AM,PRESTAMO,SEGUNDA PARTE,ROTC,07/10/2026,CONFIRMADA,3268505,0,25/01/2017,25/01/2027,1.059558,MINISTERIO DE HACIENDA,HACIENDA,60424
USP3579EBV85,BSDR2027,DOMINICAN Rep/5.95 BD 20270125 Se,49000,USD,49,0,101.346653,07/08/2026,11:51:05 AM,PRESTAMO,PRIMERA PARTE,ROTC,07/09/2026,CONFIRMADA,3268505,0,25/01/2017,25/01/2027,1.059558,MINISTERIO DE HACIENDA,HACIENDA,60900
USP3579EBV85,BSDR2027,DOMINICAN Rep/5.95 BD 20270125 Se,49000,USD,49,0,101.24198,07/08/2026,11:51:04 AM,PLAZO,PRIMERA PARTE,ROTC,07/10/2026,CONFIRMADA,3268507,0,25/01/2017,25/01/2027,0,MINISTERIO DE HACIENDA,HACIENDA,58877
USP3579EBV85,BSDR2027,DOMINICAN Rep/5.95 BD 20270125 Se,49000,USD,49,0,100.850816,07/08/2026,11:51:03 AM,PLAZO,PRIMERA PARTE,ROTC,07/10/2026,CONFIRMADA,3268508,0,25/01/2017,25/01/2027,0,MINISTERIO DE HACIENDA,HACIENDA,59227
USP3579EBV85,BSDR2027,DOMINICAN Rep/5.95 BD 20270125 Se,49000,USD,49,0,100.762673,07/08/2026,11:51:02 AM,PRESTAMO,SEGUNDA PARTE,ROTC,06/11/2026,CONFIRMADA,3268509,0,25/01/2017,25/01/2027,1.543623,MINISTERIO DE HACIENDA,HACIENDA,60781
USP3579EBV85,BSDR2027,DOMINICAN Rep/5.95 BD 20270125 Se,49000,USD,49,0,100.850816,07/08/2026,11:51:02 AM,PRESTAMO,PRIMERA PARTE,ROTC,07/10/2026,CONFIRMADA,3268509,0,25/01/2017,25/01/2027,1.543623,MINISTERIO DE HACIENDA,HACIENDA,60823
USP3579EBV85,BSDR2027,DOMINICAN Rep/5.95 BD 20270125 Se,49000,USD,49,0,100.762673,07/08/2026,11:51:01 AM,PLAZO,PRIMERA PARTE,ROTC,06/11/2026,CONFIRMADA,3268510,0,25/01/2017,25/01/2027,0,MINISTERIO DE HACIENDA,HACIENDA,59234
USP3579EBV85,BSDR2027,DOMINICAN Rep/5.95 BD 20270125 Se,49000,USD,49,0,100.37151,07/08/2026,11:51:00 AM,PLAZO,PRIMERA PARTE,ROTC,06/11/2026,CONFIRMADA,3268511,0,25/01/2017,25/01/2027,0,MINISTERIO DE HACIENDA,HACIENDA,58793
USP3579EBV85,BSDR2027,DOMINICAN Rep/5.95 BD 20270125 Se,49000,USD,49,0,100.263327,07/08/2026,11:50:59 AM,PRESTAMO,SEGUNDA PARTE,ROTC,07/12/2026,CONFIRMADA,3268512,0,25/01/2017,25/01/2027,2.024003,MINISTERIO DE HACIENDA,HACIENDA,60816
USP3579EBV85,BSDR2027,DOMINICAN Rep/5.95 BD 20270125 Se,49000,USD,49,0,100.37151,07/08/2026,11:50:59 AM,PRESTAMO,PRIMERA PARTE,ROTC,06/11/2026,CONFIRMADA,3268512,0,25/01/2017,25/01/2027,2.024003,MINISTERIO DE HACIENDA,HACIENDA,60487
USP3579EBV85,BSDR2027,DOMINICAN Rep/5.95 BD 20270125 Se,49000,USD,49,0,100.263327,07/08/2026,11:50:58 AM,PLAZO,PRIMERA PARTE,ROTC,07/12/2026,CONFIRMADA,3268513,0,25/01/2017,25/01/2027,0,MINISTERIO DE HACIENDA,HACIENDA,59269
USP3579EBV85,BSDR2027,DOMINICAN Rep/5.95 BD 20270125 Se,49000,USD,49,0,99.859143,07/08/2026,11:50:58 AM,PLAZO,PRIMERA PARTE,ROTC,07/12/2026,CONFIRMADA,3268514,0,25/01/2017,25/01/2027,0,MINISTERIO DE HACIENDA,HACIENDA,59101
USP3579EBV85,BSDR2027,DOMINICAN Rep/5.95 BD 20270125 Se,49000,USD,49,0,99.76751,07/08/2026,11:50:57 AM,PRESTAMO,SEGUNDA PARTE,ROTC,07/01/2027,CONFIRMADA,3268515,0,25/01/2017,25/01/2027,2.524161,MINISTERIO DE HACIENDA,HACIENDA,60263
USP3579EBV85,BSDR2027,DOMINICAN Rep/5.95 BD 20270125 Se,49000,USD,49,0,99.859143,07/08/2026,11:50:57 AM,PRESTAMO,PRIMERA PARTE,ROTC,07/12/2026,CONFIRMADA,3268515,0,25/01/2017,25/01/2027,2.524161,MINISTERIO DE HACIENDA,HACIENDA,60697
USP3579EBV85,BSDR2027,DOMINICAN Rep/5.95 BD 20270125 Se,49000,USD,49,0,99.76751,07/08/2026,11:50:56 AM,PLAZO,PRIMERA PARTE,ROTC,07/01/2027,CONFIRMADA,3268516,0,25/01/2017,25/01/2027,0,MINISTERIO DE HACIENDA,HACIENDA,58716
DO1005205716,MHUS2027,HACIENDA/6 BOEST 20270305 GTIA,48000,USD,48,0,102.128313,07/08/2026,11:50:55 AM,PLAZO,PRIMERA PARTE,ROTC,07/01/2027,CONFIRMADA,3268517,0,05/09/2016,05/03/2027,0,MINISTERIO DE HACIENDA,HACIENDA,56763
DO1005205716,MHUS2027,HACIENDA/6 BOEST 20270305 GTIA,48000,USD,48,0,102.037604,07/08/2026,11:50:54 AM,PRESTAMO,SEGUNDA PARTE,ROTC,05/02/2027,CONFIRMADA,3268519,0,05/09/2016,05/03/2027,2.318788,MINISTERIO DE HACIENDA,HACIENDA,58303
DO1005205716,MHUS2027,HACIENDA/6 BOEST 20270305 GTIA,48000,USD,48,0,102.128313,07/08/2026,11:50:54 AM,PRESTAMO,PRIMERA PARTE,ROTC,07/01/2027,CONFIRMADA,3268519,0,05/09/2016,05/03/2027,2.318788,MINISTERIO DE HACIENDA,HACIENDA,58359
DO1005205716,MHUS2027,HACIENDA/6 BOEST 20270305 GTIA,48000,USD,48,0,102.037604,07/08/2026,11:50:53 AM,PLAZO,PRIMERA PARTE,ROTC,05/02/2027,CONFIRMADA,3268520,0,05/09/2016,05/03/2027,0,MINISTERIO DE HACIENDA,HACIENDA,56756
USP3579ECF27,BSRD2030,DOMINICAN REP/4.5 BD 20300130 UNS,52000,USD,52,0,96.091346,07/08/2026,11:50:52 AM,PLAZO,PRIMERA PARTE,ROTC,05/02/2027,CONFIRMADA,3268521,0,30/01/2020,30/01/2030,0,MINISTERIO DE HACIENDA,HACIENDA,58226
USP3579ECF27,BSRD2030,DOMINICAN REP/4.5 BD 20300130 UNS,52000,USD,52,0,96.060365,07/08/2026,11:50:52 AM,PRESTAMO,SEGUNDA PARTE,ROTC,05/03/2027,CONFIRMADA,3268522,0,30/01/2020,30/01/2030,0.421273,MINISTERIO DE HACIENDA,HACIENDA,59752
USP3579ECF27,BSRD2030,DOMINICAN REP/4.5 BD 20300130 UNS,52000,USD,52,0,96.091346,07/08/2026,11:50:52 AM,PRESTAMO,PRIMERA PARTE,ROTC,05/02/2027,CONFIRMADA,3268522,0,30/01/2020,30/01/2030,0.421273,MINISTERIO DE HACIENDA,HACIENDA,59829
USP3579ECF27,BSRD2030,DOMINICAN REP/4.5 BD 20300130 UNS,52000,USD,52,0,96.060365,07/08/2026,11:50:51 AM,PLAZO,PRIMERA PARTE,ROTC,05/03/2027,CONFIRMADA,3268523,0,30/01/2020,30/01/2030,0,MINISTERIO DE HACIENDA,HACIENDA,58205
USP3579ECP09,BSRD2029, ,50000,USD,50,0,99.80138,07/08/2026,11:50:50 AM,PLAZO,PRIMERA PARTE,ROTC,05/03/2027,CONFIRMADA,3268524,0,22/02/2022,22/02/2029,0,MINISTERIO DE HACIENDA,HACIENDA,44289
USP3579ECP09,BSRD2029, ,50000,USD,50,0,99.73416,07/08/2026,11:50:49 AM,PRESTAMO,SEGUNDA PARTE,ROTC,07/04/2027,CONFIRMADA,3268525,0,22/02/2022,22/02/2029,0.617676,MINISTERIO DE HACIENDA,HACIENDA,45913
USP3579ECP09,BSRD2029, ,50000,USD,50,0,99.80138,07/08/2026,11:50:49 AM,PRESTAMO,PRIMERA PARTE,ROTC,05/03/2027,CONFIRMADA,3268525,0,22/02/2022,22/02/2029,0.617676,MINISTERIO DE HACIENDA,HACIENDA,45948
USP3579ECP09,BSRD2029, ,50000,USD,50,0,99.73416,07/08/2026,11:50:48 AM,PLAZO,PRIMERA PARTE,ROTC,07/04/2027,CONFIRMADA,3268526,0,22/02/2022,22/02/2029,0,MINISTERIO DE HACIENDA,HACIENDA,44366
USP3579ECP09,BSRD2029, ,50000,USD,50,0,99.3125,07/08/2026,11:50:47 AM,PLAZO,PRIMERA PARTE,ROTC,07/04/2027,CONFIRMADA,3268527,0,22/02/2022,22/02/2029,0,MINISTERIO DE HACIENDA,HACIENDA,43953
USP3579ECP09,BSRD2029, ,50000,USD,50,0,99.2375,07/08/2026,11:50:46 AM,PRESTAMO,SEGUNDA PARTE,ROTC,07/05/2027,CONFIRMADA,3268528,0,22/02/2022,22/02/2029,1.066751,MINISTERIO DE HACIENDA,HACIENDA,45535
USP3579ECP09,BSRD2029, ,50000,USD,50,0,99.3125,07/08/2026,11:50:46 AM,PRESTAMO,PRIMERA PARTE,ROTC,07/04/2027,CONFIRMADA,3268528,0,22/02/2022,22/02/2029,1.066751,MINISTERIO DE HACIENDA,HACIENDA,45549
USP3579ECP09,BSRD2029, ,50000,USD,50,0,99.2375,07/08/2026,11:50:46 AM,PLAZO,PRIMERA PARTE,ROTC,07/05/2027,CONFIRMADA,3268529,0,22/02/2022,22/02/2029,0,MINISTERIO DE HACIENDA,HACIENDA,43995
USP3579ECP09,BSRD2029, ,49000,USD,49,0,100.89498,07/08/2026,11:50:45 AM,PLAZO,PRIMERA PARTE,ROTC,07/05/2027,CONFIRMADA,3268530,0,22/02/2022,22/02/2029,0,MINISTERIO DE HACIENDA,HACIENDA,44800
USP3579ECP09,BSRD2029, ,49000,USD,49,0,100.840837,07/08/2026,11:50:44 AM,PRESTAMO,SEGUNDA PARTE,ROTC,07/06/2027,CONFIRMADA,3268531,0,22/02/2022,22/02/2029,1.513027,MINISTERIO DE HACIENDA,HACIENDA,46620
USP3579ECP09,BSRD2029, ,49000,USD,49,0,100.89498,07/08/2026,11:50:44 AM,PRESTAMO,PRIMERA PARTE,ROTC,07/05/2027,CONFIRMADA,3268531,0,22/02/2022,22/02/2029,1.513027,MINISTERIO DE HACIENDA,HACIENDA,46396
USP3579ECP09,BSRD2029, ,49000,USD,49,0,100.840837,07/08/2026,11:50:43 AM,PLAZO,PRIMERA PARTE,ROTC,07/06/2027,CONFIRMADA,3268532,0,22/02/2022,22/02/2029,0,MINISTERIO DE HACIENDA,HACIENDA,45073
USP3579ECP09,BSRD2029, ,49000,USD,49,0,100.436653,07/08/2026,11:50:42 AM,PLAZO,PRIMERA PARTE,ROTC,07/06/2027,CONFIRMADA,3268533,0,22/02/2022,22/02/2029,0,MINISTERIO DE HACIENDA,HACIENDA,45045
USP3579ECP09,BSRD2029, ,49000,USD,49,0,100.36949,07/08/2026,11:50:41 AM,PRESTAMO,SEGUNDA PARTE,ROTC,07/07/2027,CONFIRMADA,3268534,0,22/02/2022,22/02/2029,1.947972,MINISTERIO DE HACIENDA,HACIENDA,46277
USP3579ECP09,BSRD2029, ,49000,USD,49,0,100.436653,07/08/2026,11:50:41 AM,PRESTAMO,PRIMERA PARTE,ROTC,07/06/2027,CONFIRMADA,3268534,0,22/02/2022,22/02/2029,1.947972,MINISTERIO DE HACIENDA,HACIENDA,46641
USP3579ECP09,BSRD2029, ,49000,USD,49,0,100.36949,07/08/2026,11:50:40 AM,PLAZO,PRIMERA PARTE,ROTC,07/07/2027,CONFIRMADA,3268535,0,22/02/2022,22/02/2029,0,MINISTERIO DE HACIENDA,HACIENDA,44730
USP3579ECP09,BSRD2029, ,49000,USD,49,0,99.978327,07/08/2026,11:50:40 AM,PLAZO,PRIMERA PARTE,ROTC,07/07/2027,CONFIRMADA,3268536,0,22/02/2022,22/02/2029,0,MINISTERIO DE HACIENDA,HACIENDA,44884
USP3579ECP09,BSRD2029, ,49000,USD,49,0,99.935367,07/08/2026,11:50:39 AM,PRESTAMO,SEGUNDA PARTE,ROTC,02/08/2027,CONFIRMADA,3268537,0,22/02/2022,22/02/2029,2.345667,MINISTERIO DE HACIENDA,HACIENDA,46431
USP3579ECP09,BSRD2029, ,49000,USD,49,0,99.978327,07/08/2026,11:50:39 AM,PRESTAMO,PRIMERA PARTE,ROTC,07/07/2027,CONFIRMADA,3268537,0,22/02/2022,22/02/2029,2.345667,MINISTERIO DE HACIENDA,HACIENDA,46543
USP3579ECP09,BSRD2029, ,49000,USD,49,0,99.935367,07/08/2026,11:50:38 AM,PLAZO,PRIMERA PARTE,ROTC,02/08/2027,CONFIRMADA,3268538,0,22/02/2022,22/02/2029,0,MINISTERIO DE HACIENDA,HACIENDA,44884
USP3579ECF27,BSRD2030,DOMINICAN REP/4.5 BD 20300130 UNS,15000,USD,15,0,93.726333,07/08/2026,11:50:37 AM,PLAZO,PRIMERA PARTE,ROTC,07/09/2026,CONFIRMADA,3268539,0,30/01/2020,30/01/2030,0,MINISTERIO DE HACIENDA,HACIENDA,58275
USP3579ECF27,BSRD2030,DOMINICAN REP/4.5 BD 20300130 UNS,15000,USD,15,1,93.637,07/08/2026,11:50:36 AM,PRESTAMO,SEGUNDA PARTE,ROTC,06/10/2026,CONFIRMADA,3268540,0,30/01/2020,30/01/2030,0.778796,MINISTERIO DE HACIENDA,HACIENDA,58688
USP3579ECF27,BSRD2030,DOMINICAN REP/4.5 BD 20300130 UNS,15000,USD,15,0,93.726333,07/08/2026,11:50:36 AM,PRESTAMO,PRIMERA PARTE,ROTC,07/09/2026,CONFIRMADA,3268540,0,30/01/2020,30/01/2030,0.778796,MINISTERIO DE HACIENDA,HACIENDA,59871
USP3579ECF27,BSRD2030,DOMINICAN REP/4.5 BD 20300130 UNS,15000,USD,15,1,93.637,07/08/2026,11:50:35 AM,PLAZO,PRIMERA PARTE,ROTC,06/10/2026,CONFIRMADA,3268541,0,30/01/2020,30/01/2030,0,MINISTERIO DE HACIENDA,HACIENDA,57141
USP3579EBV85,BSDR2027,DOMINICAN Rep/5.95 BD 20270125 Se,1000,USD,1,0,0,07/08/2026,11:50:34 AM,PRESTAMO,SEGUNDA PARTE,ROTC,22/01/2027,CONFIRMADA,3268542,0,25/01/2017,25/01/2027,0,MINISTERIO DE HACIENDA,HACIENDA,56721
USP3579EBV85,BSDR2027,DOMINICAN Rep/5.95 BD 20270125 Se,1000,USD,1,0,100.5,07/08/2026,11:50:34 AM,PRESTAMO,PRIMERA PARTE,ROTC,07/08/2026,CONFIRMADA,3268542,0,25/01/2017,25/01/2027,0,MINISTERIO DE HACIENDA,HACIENDA,58219
USP3579ECJ49,BSRD2041, ,10000,USD,10,0,0,07/08/2026,11:50:34 AM,PRESTAMO,SEGUNDA PARTE,ROTC,18/01/2041,CONFIRMADA,3268543,0,21/01/2021,21/01/2041,0,MINISTERIO DE HACIENDA,HACIENDA,43113
USP3579ECJ49,BSRD2041, ,10000,USD,10,0,87.9195,07/08/2026,11:50:34 AM,PRESTAMO,PRIMERA PARTE,ROTC,07/08/2026,CONFIRMADA,3268543,0,21/01/2021,21/01/2041,0,MINISTERIO DE HACIENDA,HACIENDA,45507
USP3579ECF27,BSRD2030,DOMINICAN REP/4.5 BD 20300130 UNS,31000,USD,31,0,96.311677,07/08/2026,11:50:34 AM,PLAZO,PRIMERA PARTE,ROTC,07/09/2026,CONFIRMADA,3268545,0,30/01/2020,30/01/2030,0,MINISTERIO DE HACIENDA,HACIENDA,58254
USP3579ECF27,BSRD2030,DOMINICAN REP/4.5 BD 20300130 UNS,31000,USD,31,0,96.287484,07/08/2026,11:50:33 AM,PRESTAMO,SEGUNDA PARTE,ROTC,07/10/2026,CONFIRMADA,3268547,0,30/01/2020,30/01/2030,0.837398,MINISTERIO DE HACIENDA,HACIENDA,59787
USP3579ECF27,BSRD2030,DOMINICAN REP/4.5 BD 20300130 UNS,31000,USD,31,0,96.311677,07/08/2026,11:50:33 AM,PRESTAMO,PRIMERA PARTE,ROTC,07/09/2026,CONFIRMADA,3268547,0,30/01/2020,30/01/2030,0.837398,MINISTERIO DE HACIENDA,HACIENDA,59850
USP3579ECF27,BSRD2030,DOMINICAN REP/4.5 BD 20300130 UNS,31000,USD,31,0,96.287484,07/08/2026,11:50:32 AM,PLAZO,PRIMERA PARTE,ROTC,07/10/2026,CONFIRMADA,3268548,0,30/01/2020,30/01/2030,0,MINISTERIO DE HACIENDA,HACIENDA,58240
USP3579ECF27,BSRD2030,DOMINICAN REP/4.5 BD 20300130 UNS,31000,USD,31,0,95.936677,07/08/2026,11:50:31 AM,PLAZO,PRIMERA PARTE,ROTC,07/10/2026,CONFIRMADA,3268550,0,30/01/2020,30/01/2030,0,MINISTERIO DE HACIENDA,HACIENDA,58261
USP3579ECF27,BSRD2030,DOMINICAN REP/4.5 BD 20300130 UNS,31000,USD,31,0,95.925,07/08/2026,11:50:30 AM,PRESTAMO,SEGUNDA PARTE,ROTC,06/11/2026,CONFIRMADA,3268551,0,30/01/2020,30/01/2030,1.223498,MINISTERIO DE HACIENDA,HACIENDA,58632
USP3579ECF27,BSRD2030,DOMINICAN REP/4.5 BD 20300130 UNS,31000,USD,31,0,95.936677,07/08/2026,11:50:30 AM,PRESTAMO,PRIMERA PARTE,ROTC,07/10/2026,CONFIRMADA,3268551,0,30/01/2020,30/01/2030,1.223498,MINISTERIO DE HACIENDA,HACIENDA,59857
USP3579ECF27,BSRD2030,DOMINICAN REP/4.5 BD 20300130 UNS,31000,USD,31,0,95.925,07/08/2026,11:50:29 AM,PLAZO,PRIMERA PARTE,ROTC,06/11/2026,CONFIRMADA,3268552,0,30/01/2020,30/01/2030,0,MINISTERIO DE HACIENDA,HACIENDA,57148
USP3579ECF27,BSRD2030,DOMINICAN REP/4.5 BD 20300130 UNS,31000,USD,31,0,96.311677,07/08/2026,11:50:28 AM,PLAZO,PRIMERA PARTE,ROTC,07/09/2026,CONFIRMADA,3268553,0,30/01/2020,30/01/2030,0,MINISTERIO DE HACIENDA,HACIENDA,58275
USP3579ECF27,BSRD2030,DOMINICAN REP/4.5 BD 20300130 UNS,31000,USD,31,1,96.247161,07/08/2026,11:50:27 AM,PRESTAMO,SEGUNDA PARTE,ROTC,07/10/2026,CONFIRMADA,3268554,0,30/01/2020,30/01/2030,0.796212,MINISTERIO DE HACIENDA,HACIENDA,59731
USP3579ECF27,BSRD2030,DOMINICAN REP/4.5 BD 20300130 UNS,31000,USD,31,0,96.311677,07/08/2026,11:50:27 AM,PRESTAMO,PRIMERA PARTE,ROTC,07/09/2026,CONFIRMADA,3268554,0,30/01/2020,30/01/2030,0.796212,MINISTERIO DE HACIENDA,HACIENDA,59871
USP3579ECF27,BSRD2030,DOMINICAN REP/4.5 BD 20300130 UNS,31000,USD,31,1,96.247161,07/08/2026,11:50:26 AM,PLAZO,PRIMERA PARTE,ROTC,07/10/2026,CONFIRMADA,3268555,0,30/01/2020,30/01/2030,0,MINISTERIO DE HACIENDA,HACIENDA,58184
USP3579ECF27,BSRD2030,DOMINICAN REP/4.5 BD 20300130 UNS,31000,USD,31,0,95.936677,07/08/2026,11:50:25 AM,PLAZO,PRIMERA PARTE,ROTC,07/10/2026,CONFIRMADA,3268556,0,30/01/2020,30/01/2030,0,MINISTERIO DE HACIENDA,HACIENDA,58282
USP3579ECF27,BSRD2030,DOMINICAN REP/4.5 BD 20300130 UNS,31000,USD,31,1,95.886806000000007,07/08/2026,11:50:24 AM,PRESTAMO,SEGUNDA PARTE,ROTC,05/11/2026,CONFIRMADA,3268557,0,30/01/2020,30/01/2030,1.171932,MINISTERIO DE HACIENDA,HACIENDA,59801
USP3579ECF27,BSRD2030,DOMINICAN REP/4.5 BD 20300130 UNS,31000,USD,31,0,95.936677,07/08/2026,11:50:24 AM,PRESTAMO,PRIMERA PARTE,ROTC,07/10/2026,CONFIRMADA,3268557,0,30/01/2020,30/01/2030,1.171932,MINISTERIO DE HACIENDA,HACIENDA,59878
USP3579ECF27,BSRD2030,DOMINICAN REP/4.5 BD 20300130 UNS,31000,USD,31,1,95.886806000000007,07/08/2026,11:50:23 AM,PLAZO,PRIMERA PARTE,ROTC,05/11/2026,CONFIRMADA,3268558,0,30/01/2020,30/01/2030,0,MINISTERIO DE HACIENDA,HACIENDA,58254
DO1002227317,NO150928,BCENTRAL/11 BOEST 20280915 GTIA,2270000,DOP,227,0.0046,115.864952,07/08/2026,11:47:50 AM,PRESTAMO,SEGUNDA PARTE,ROTC,05/04/2027,CONFIRMADA,3268088,0,15/09/2023,15/09/2028,9.158435,BANCO CENTRAL DE LA REPUBLICA DOMINICANA,BCENTRAL,61334
DO1002227317,NO150928,BCENTRAL/11 BOEST 20280915 GTIA,2270000,DOP,227,7.9334,105.823764,07/08/2026,11:47:50 AM,PRESTAMO,PRIMERA PARTE,ROTC,07/08/2026,CONFIRMADA,3268088,0,15/09/2023,15/09/2028,9.158435,BANCO CENTRAL DE LA REPUBLICA DOMINICANA,BCENTRAL,61509
DO1005204412,MH12029,HACIENDA/11.375 BOEST 20290706 GTIA,2800000,DOP,28,8.94513444,105.604195,07/08/2026,11:47:29 AM,PRESTAMO,SEGUNDA PARTE,ROTC,05/11/2026,CONFIRMADA,3268487,0,06/07/2014,06/07/2029,8.45,MINISTERIO DE HACIENDA,HACIENDA,63210
DO1005204412,MH12029,HACIENDA/11.375 BOEST 20290706 GTIA,2800000,DOP,28,8.92478487,106.145597,07/08/2026,11:47:29 AM,PRESTAMO,PRIMERA PARTE,ROTC,07/08/2026,CONFIRMADA,3268487,0,06/07/2014,06/07/2029,8.45,MINISTERIO DE HACIENDA,HACIENDA,63483
DO1005204412,MH12029,HACIENDA/11.375 BOEST 20290706 GTIA,2800000,DOP,28,8.94513444,105.604195,07/08/2026,11:47:28 AM,ESTRUCTURADA,SEGUNDA PARTE,ROTC,05/11/2026,CONFIRMADA,3268484,0,06/07/2014,06/07/2029,8.45,MINISTERIO DE HACIENDA,HACIENDA,65303
DO1005204412,MH12029,HACIENDA/11.375 BOEST 20290706 GTIA,2800000,DOP,28,8.92478487,106.145597,07/08/2026,11:47:28 AM,ESTRUCTURADA,PRIMERA PARTE,ROTC,07/08/2026,CONFIRMADA,3268484,0,06/07/2014,06/07/2029,8.45,MINISTERIO DE HACIENDA,HACIENDA,65576
DO1002227317,NO150928,BCENTRAL/11 BOEST 20280915 GTIA,2270000,DOP,227,0.0046,115.864952,07/08/2026,11:46:51 AM,ESTRUCTURADA,SEGUNDA PARTE,ROTC,05/04/2027,CONFIRMADA,3268087,0,15/09/2023,15/09/2028,8.59,BANCO CENTRAL DE LA REPUBLICA DOMINICANA,BCENTRAL,63434
DO1002227317,NO150928,BCENTRAL/11 BOEST 20280915 GTIA,2270000,DOP,227,7.9334,105.823764,07/08/2026,11:46:51 AM,ESTRUCTURADA,PRIMERA PARTE,ROTC,07/08/2026,CONFIRMADA,3268087,0,15/09/2023,15/09/2028,8.59,BANCO CENTRAL DE LA REPUBLICA DOMINICANA,BCENTRAL,63609
USP3579ECV76,BSDR2036, ,165450000,DOP,3309,9.5,107.832363,07/08/2026,11:46:15 AM,CONTADO,PRIMERA PARTE,ROTC,11/08/2026,CONFIRMADA,3268413,0,01/07/2024,01/06/2036,0,MINISTERIO DE HACIENDA,HACIENDA,48832
DO1005207118,MHUS2026,HACIENDA/6.65 BOEST 20261227 GTIA,19000,USD,19,-23.622,104.246421,07/08/2026,11:45:53 AM,PLAZO,PRIMERA PARTE,ROTC,10/11/2026,CONFIRMADA,3267823,0,27/12/2019,27/12/2026,0,MINISTERIO DE HACIENDA,HACIENDA,59885
DO1005207118,MHUS2026,HACIENDA/6.65 BOEST 20261227 GTIA,19000,USD,19,-23.622,104.246421,07/08/2026,11:45:52 AM,PRESTAMO,SEGUNDA PARTE,ROTC,10/11/2026,CONFIRMADA,3267822,0,27/12/2019,27/12/2026,1.836608,MINISTERIO DE HACIENDA,HACIENDA,61418
DO1005207118,MHUS2026,HACIENDA/6.65 BOEST 20261227 GTIA,19000,USD,19,-5.717,104.764105,07/08/2026,11:45:52 AM,PRESTAMO,PRIMERA PARTE,ROTC,12/08/2026,CONFIRMADA,3267822,0,27/12/2019,27/12/2026,1.836608,MINISTERIO DE HACIENDA,HACIENDA,61264
DO1005207118,MHUS2026,HACIENDA/6.65 BOEST 20261227 GTIA,19000,USD,19,-5.717,104.764105,07/08/2026,11:45:51 AM,CONTADO,PRIMERA PARTE,ROTC,12/08/2026,CONFIRMADA,3267821,0,27/12/2019,27/12/2026,0,MINISTERIO DE HACIENDA,HACIENDA,60564
DO1002261928,LE090427,BCENTRAL/ LT 20270409 GTIA,430000,DOP,43,0,96.79393,07/08/2026,11:45:50 AM,PLAZO,PRIMERA PARTE,ROTC,10/11/2026,CONFIRMADA,3267820,0,09/04/2026,09/04/2027,0,BANCO CENTRAL DE LA REPUBLICA DOMINICANA,BCENTRAL,54313
DO1002261928,LE090427,BCENTRAL/ LT 20270409 GTIA,430000,DOP,43,0,96.79393,07/08/2026,11:45:49 AM,PRESTAMO,SEGUNDA PARTE,ROTC,10/11/2026,CONFIRMADA,3267819,0,09/04/2026,09/04/2027,2.320963,BANCO CENTRAL DE LA REPUBLICA DOMINICANA,BCENTRAL,55909
DO1002261928,LE090427,BCENTRAL/ LT 20270409 GTIA,430000,DOP,43,8.6147,94.547379,07/08/2026,11:45:49 AM,PRESTAMO,PRIMERA PARTE,ROTC,11/08/2026,CONFIRMADA,3267819,0,09/04/2026,09/04/2027,2.320963,BANCO CENTRAL DE LA REPUBLICA DOMINICANA,BCENTRAL,58219
DO1002261928,LE090427,BCENTRAL/ LT 20270409 GTIA,430000,DOP,43,8.6147,94.547379,07/08/2026,11:45:48 AM,CONTADO,PRIMERA PARTE,ROTC,11/08/2026,CONFIRMADA,3267818,0,09/04/2026,09/04/2027,0,BANCO CENTRAL DE LA REPUBLICA DOMINICANA,BCENTRAL,57519
DO1002261928,LE090427,BCENTRAL/ LT 20270409 GTIA,130000,DOP,13,10.2679,95.740115,07/08/2026,11:45:47 AM,PLAZO,PRIMERA PARTE,ROTC,04/11/2026,CONFIRMADA,3267817,0,09/04/2026,09/04/2027,0,BANCO CENTRAL DE LA REPUBLICA DOMINICANA,BCENTRAL,56749
DO1002261928,LE090427,BCENTRAL/ LT 20270409 GTIA,130000,DOP,13,10.2679,95.740115,07/08/2026,11:45:46 AM,PRESTAMO,SEGUNDA PARTE,ROTC,04/11/2026,CONFIRMADA,3267816,0,09/04/2026,09/04/2027,2.146259,BANCO CENTRAL DE LA REPUBLICA DOMINICANA,BCENTRAL,58282
DO1002261928,LE090427,BCENTRAL/ LT 20270409 GTIA,130000,DOP,13,10.1105,93.685285,07/08/2026,11:45:46 AM,PRESTAMO,PRIMERA PARTE,ROTC,12/08/2026,CONFIRMADA,3267816,0,09/04/2026,09/04/2027,2.146259,BANCO CENTRAL DE LA REPUBLICA DOMINICANA,BCENTRAL,58359
DO1002261928,LE090427,BCENTRAL/ LT 20270409 GTIA,130000,DOP,13,10.1105,93.685285,07/08/2026,11:45:45 AM,CONTADO,PRIMERA PARTE,ROTC,12/08/2026,CONFIRMADA,3267815,0,09/04/2026,09/04/2027,0,BANCO CENTRAL DE LA REPUBLICA DOMINICANA,BCENTRAL,57659
DO1005207118,MHUS2026,HACIENDA/6.65 BOEST 20261227 GTIA,41000,USD,41,-36.177,102.376024,07/08/2026,11:45:44 AM,PLAZO,PRIMERA PARTE,ROTC,09/12/2026,CONFIRMADA,3267814,0,27/12/2019,27/12/2026,0,MINISTERIO DE HACIENDA,HACIENDA,59948
DO1005207118,MHUS2026,HACIENDA/6.65 BOEST 20261227 GTIA,41000,USD,41,-36.177,102.376024,07/08/2026,11:45:43 AM,PRESTAMO,SEGUNDA PARTE,ROTC,09/12/2026,CONFIRMADA,3267813,0,27/12/2019,27/12/2026,2.191049,MINISTERIO DE HACIENDA,HACIENDA,61481
DO1005207118,MHUS2026,HACIENDA/6.65 BOEST 20261227 GTIA,41000,USD,41,-1.4257,103.07322,07/08/2026,11:45:43 AM,PRESTAMO,PRIMERA PARTE,ROTC,11/08/2026,CONFIRMADA,3267813,0,27/12/2019,27/12/2026,2.191049,MINISTERIO DE HACIENDA,HACIENDA,61110
DO1005207118,MHUS2026,HACIENDA/6.65 BOEST 20261227 GTIA,41000,USD,41,-1.4257,103.07322,07/08/2026,11:45:42 AM,CONTADO,PRIMERA PARTE,ROTC,11/08/2026,CONFIRMADA,3267812,0,27/12/2019,27/12/2026,0,MINISTERIO DE HACIENDA,HACIENDA,60410
DO1005207118,MHUS2026,HACIENDA/6.65 BOEST 20261227 GTIA,3000,USD,3,-2.3589,101.171667,07/08/2026,11:45:40 AM,PLAZO,PRIMERA PARTE,ROTC,10/11/2026,CONFIRMADA,3267811,0,27/12/2019,27/12/2026,0,MINISTERIO DE HACIENDA,HACIENDA,59213
DO1005207118,MHUS2026,HACIENDA/6.65 BOEST 20261227 GTIA,3000,USD,3,-2.3589,101.171667,07/08/2026,11:45:39 AM,PRESTAMO,SEGUNDA PARTE,ROTC,10/11/2026,CONFIRMADA,3267810,0,27/12/2019,27/12/2026,1.859796,MINISTERIO DE HACIENDA,HACIENDA,60809
DO1005207118,MHUS2026,HACIENDA/6.65 BOEST 20261227 GTIA,3000,USD,3,2.0197,101.721667,07/08/2026,11:45:39 AM,PRESTAMO,PRIMERA PARTE,ROTC,12/08/2026,CONFIRMADA,3267810,0,27/12/2019,27/12/2026,1.859796,MINISTERIO DE HACIENDA,HACIENDA,60564
DO1005207118,MHUS2026,HACIENDA/6.65 BOEST 20261227 GTIA,3000,USD,3,2.0197,101.721667,07/08/2026,11:45:38 AM,CONTADO,PRIMERA PARTE,ROTC,12/08/2026,CONFIRMADA,3267809,0,27/12/2019,27/12/2026,0,MINISTERIO DE HACIENDA,HACIENDA,59864
DO1005208322,MHUS2040,HACIENDA/6.75 BOEST 20400724 GTIA,7000,USD,7,5.0395,116.724857,07/08/2026,11:45:37 AM,PLAZO,PRIMERA PARTE,ROTC,01/12/2026,CONFIRMADA,3267808,0,24/07/2020,24/07/2040,0,MINISTERIO DE HACIENDA,HACIENDA,58989
DO1005208322,MHUS2040,HACIENDA/6.75 BOEST 20400724 GTIA,7000,USD,7,5.0395,116.724857,07/08/2026,11:45:36 AM,PRESTAMO,SEGUNDA PARTE,ROTC,01/12/2026,CONFIRMADA,3267807,0,24/07/2020,24/07/2040,1.633117,MINISTERIO DE HACIENDA,HACIENDA,60522
DO1005208322,MHUS2040,HACIENDA/6.75 BOEST 20400724 GTIA,7000,USD,7,5.0239,117.161,07/08/2026,11:45:36 AM,PRESTAMO,PRIMERA PARTE,ROTC,11/08/2026,CONFIRMADA,3267807,0,24/07/2020,24/07/2040,1.633117,MINISTERIO DE HACIENDA,HACIENDA,59430
DO1005208322,MHUS2040,HACIENDA/6.75 BOEST 20400724 GTIA,7000,USD,7,5.0239,117.161,07/08/2026,11:45:35 AM,CONTADO,PRIMERA PARTE,ROTC,11/08/2026,CONFIRMADA,3267806,0,24/07/2020,24/07/2040,0,MINISTERIO DE HACIENDA,HACIENDA,58730
DO1002261928,LE090427,BCENTRAL/ LT 20270409 GTIA,210000,DOP,21,5.1472,97.900362,07/08/2026,11:45:34 AM,PLAZO,PRIMERA PARTE,ROTC,10/11/2026,CONFIRMADA,3267805,0,09/04/2026,09/04/2027,0,BANCO CENTRAL DE LA REPUBLICA DOMINICANA,BCENTRAL,56336
DO1002261928,LE090427,BCENTRAL/ LT 20270409 GTIA,210000,DOP,21,5.1472,97.900362,07/08/2026,11:45:33 AM,PRESTAMO,SEGUNDA PARTE,ROTC,10/11/2026,CONFIRMADA,3267804,0,09/04/2026,09/04/2027,2.296047,BANCO CENTRAL DE LA REPUBLICA DOMINICANA,BCENTRAL,57869
DO1002261928,LE090427,BCENTRAL/ LT 20270409 GTIA,210000,DOP,21,6.8176,95.652524,07/08/2026,11:45:33 AM,PRESTAMO,PRIMERA PARTE,ROTC,12/08/2026,CONFIRMADA,3267804,0,09/04/2026,09/04/2027,2.296047,BANCO CENTRAL DE LA REPUBLICA DOMINICANA,BCENTRAL,58065
DO1002261928,LE090427,BCENTRAL/ LT 20270409 GTIA,210000,DOP,21,6.8176,95.652524,07/08/2026,11:45:32 AM,CONTADO,PRIMERA PARTE,ROTC,12/08/2026,CONFIRMADA,3267803,0,09/04/2026,09/04/2027,0,BANCO CENTRAL DE LA REPUBLICA DOMINICANA,BCENTRAL,57365
DO1002261928,LE090427,BCENTRAL/ LT 20270409 GTIA,7740000,DOP,774,8.5762,96.549868,07/08/2026,11:45:31 AM,PLAZO,PRIMERA PARTE,ROTC,10/11/2026,CONFIRMADA,3267802,0,09/04/2026,09/04/2027,0,BANCO CENTRAL DE LA REPUBLICA DOMINICANA,BCENTRAL,57393
DO1002261928,LE090427,BCENTRAL/ LT 20270409 GTIA,7740000,DOP,774,8.5762,96.549868,07/08/2026,11:45:30 AM,PRESTAMO,SEGUNDA PARTE,ROTC,10/11/2026,CONFIRMADA,3267801,0,09/04/2026,09/04/2027,2.296838,BANCO CENTRAL DE LA REPUBLICA DOMINICANA,BCENTRAL,58926
DO1002261928,LE090427,BCENTRAL/ LT 20270409 GTIA,7740000,DOP,774,8.975,94.332274,07/08/2026,11:45:30 AM,PRESTAMO,PRIMERA PARTE,ROTC,11/08/2026,CONFIRMADA,3267801,0,09/04/2026,09/04/2027,2.296838,BANCO CENTRAL DE LA REPUBLICA DOMINICANA,BCENTRAL,58562
DO1002261928,LE090427,BCENTRAL/ LT 20270409 GTIA,7740000,DOP,774,8.975,94.332274,07/08/2026,11:45:29 AM,CONTADO,PRIMERA PARTE,ROTC,11/08/2026,CONFIRMADA,3267800,0,09/04/2026,09/04/2027,0,BANCO CENTRAL DE LA REPUBLICA DOMINICANA,BCENTRAL,57925
DO1005207118,MHUS2026,HACIENDA/6.65 BOEST 20261227 GTIA,10000,USD,10,25.3546,99.1703,07/08/2026,11:45:28 AM,PLAZO,PRIMERA PARTE,ROTC,10/12/2026,CONFIRMADA,3267799,0,27/12/2019,27/12/2026,0,MINISTERIO DE HACIENDA,HACIENDA,58898
DO1005207118,MHUS2026,HACIENDA/6.65 BOEST 20261227 GTIA,10000,USD,10,25.3546,99.1703,07/08/2026,11:45:27 AM,PRESTAMO,SEGUNDA PARTE,ROTC,10/12/2026,CONFIRMADA,3267798,0,27/12/2019,27/12/2026,2.249432,MINISTERIO DE HACIENDA,HACIENDA,60431
DO1005207118,MHUS2026,HACIENDA/6.65 BOEST 20261227 GTIA,10000,USD,10,6.9254,99.8959,07/08/2026,11:45:27 AM,PRESTAMO,PRIMERA PARTE,ROTC,12/08/2026,CONFIRMADA,3267798,0,27/12/2019,27/12/2026,2.249432,MINISTERIO DE HACIENDA,HACIENDA,60354
DO1005207118,MHUS2026,HACIENDA/6.65 BOEST 20261227 GTIA,10000,USD,10,6.9254,99.8959,07/08/2026,11:45:26 AM,CONTADO,PRIMERA PARTE,ROTC,12/08/2026,CONFIRMADA,3267797,0,27/12/2019,27/12/2026,0,MINISTERIO DE HACIENDA,HACIENDA,59654
DO1005208322,MHUS2040,HACIENDA/6.75 BOEST 20400724 GTIA,1000,USD,1,6.8079,99.475,07/08/2026,11:45:24 AM,PLAZO,PRIMERA PARTE,ROTC,10/09/2026,CONFIRMADA,3267796,0,24/07/2020,24/07/2040,0,MINISTERIO DE HACIENDA,HACIENDA,57582
DO1005208322,MHUS2040,HACIENDA/6.75 BOEST 20400724 GTIA,1000,USD,1,6.8079,99.475,07/08/2026,11:45:23 AM,PRESTAMO,SEGUNDA PARTE,ROTC,10/09/2026,CONFIRMADA,3267795,0,24/07/2020,24/07/2040,0.657777,MINISTERIO DE HACIENDA,HACIENDA,59115
DO1005208322,MHUS2040,HACIENDA/6.75 BOEST 20400724 GTIA,1000,USD,1,6.7855,99.678,07/08/2026,11:45:23 AM,PRESTAMO,PRIMERA PARTE,ROTC,11/08/2026,CONFIRMADA,3267795,0,24/07/2020,24/07/2040,0.657777,MINISTERIO DE HACIENDA,HACIENDA,59220
DO1005208322,MHUS2040,HACIENDA/6.75 BOEST 20400724 GTIA,1000,USD,1,6.7855,99.678,07/08/2026,11:45:22 AM,CONTADO,PRIMERA PARTE,ROTC,11/08/2026,CONFIRMADA,3267794,0,24/07/2020,24/07/2040,0,MINISTERIO DE HACIENDA,HACIENDA,58520
DO1002261928,LE090427,BCENTRAL/ LT 20270409 GTIA,1690000,DOP,169,9.1998,96.30826,07/08/2026,11:45:21 AM,PLAZO,PRIMERA PARTE,ROTC,10/11/2026,CONFIRMADA,3267793,0,09/04/2026,09/04/2027,0,BANCO CENTRAL DE LA REPUBLICA DOMINICANA,BCENTRAL,56931
DO1002261928,LE090427,BCENTRAL/ LT 20270409 GTIA,1690000,DOP,169,9.1998,96.30826,07/08/2026,11:45:20 AM,PRESTAMO,SEGUNDA PARTE,ROTC,10/11/2026,CONFIRMADA,3267792,0,09/04/2026,09/04/2027,2.345869,BANCO CENTRAL DE LA REPUBLICA DOMINICANA,BCENTRAL,58464
DO1002261928,LE090427,BCENTRAL/ LT 20270409 GTIA,1690000,DOP,169,9.4129,94.048994,07/08/2026,11:45:20 AM,PRESTAMO,PRIMERA PARTE,ROTC,10/08/2026,CONFIRMADA,3267792,0,09/04/2026,09/04/2027,2.345869,BANCO CENTRAL DE LA REPUBLICA DOMINICANA,BCENTRAL,58919
DO1002261928,LE090427,BCENTRAL/ LT 20270409 GTIA,1690000,DOP,169,9.4129,94.048994,07/08/2026,11:45:19 AM,CONTADO,PRIMERA PARTE,ROTC,10/08/2026,CONFIRMADA,3267791,0,09/04/2026,09/04/2027,0,BANCO CENTRAL DE LA REPUBLICA DOMINICANA,BCENTRAL,58282
DO1002261928,LE090427,BCENTRAL/ LT 20270409 GTIA,10960000,DOP,1096,8.6815,96.508986,07/08/2026,11:45:18 AM,PLAZO,PRIMERA PARTE,ROTC,10/11/2026,CONFIRMADA,3267790,0,09/04/2026,09/04/2027,0,BANCO CENTRAL DE LA REPUBLICA DOMINICANA,BCENTRAL,58044
DO1002261928,LE090427,BCENTRAL/ LT 20270409 GTIA,10960000,DOP,1096,8.6815,96.508986,07/08/2026,11:45:17 AM,PRESTAMO,SEGUNDA PARTE,ROTC,10/11/2026,CONFIRMADA,3267789,0,09/04/2026,09/04/2027,2.345075,BANCO CENTRAL DE LA REPUBLICA DOMINICANA,BCENTRAL,59577
DO1002261928,LE090427,BCENTRAL/ LT 20270409 GTIA,10960000,DOP,1096,9.1203,94.245779,07/08/2026,11:45:17 AM,PRESTAMO,PRIMERA PARTE,ROTC,11/08/2026,CONFIRMADA,3267789,0,09/04/2026,09/04/2027,2.345075,BANCO CENTRAL DE LA REPUBLICA DOMINICANA,BCENTRAL,59570
DO1002261928,LE090427,BCENTRAL/ LT 20270409 GTIA,10960000,DOP,1096,9.1203,94.245779,07/08/2026,11:45:16 AM,CONTADO,PRIMERA PARTE,ROTC,11/08/2026,CONFIRMADA,3267788,0,09/04/2026,09/04/2027,0,BANCO CENTRAL DE LA REPUBLICA DOMINICANA,BCENTRAL,58870
DO1002261928,LE090427,BCENTRAL/ LT 20270409 GTIA,70000,DOP,7,-22.308,108.105971,07/08/2026,11:45:15 AM,PLAZO,PRIMERA PARTE,ROTC,09/12/2026,CONFIRMADA,3267787,0,09/04/2026,09/04/2027,0,BANCO CENTRAL DE LA REPUBLICA DOMINICANA,BCENTRAL,56371
DO1002227317,NO150928,BCENTRAL/11 BOEST 20280915 GTIA,2330000,DOP,233,9.4479,102.872224,07/08/2026,11:45:15 AM,CONTADO,PRIMERA PARTE,ROTC,10/08/2026,CONFIRMADA,3268426,0,15/09/2023,15/09/2028,0,BANCO CENTRAL DE LA REPUBLICA DOMINICANA,BCENTRAL,60718
DO1002261928,LE090427,BCENTRAL/ LT 20270409 GTIA,70000,DOP,7,-22.308,108.105971,07/08/2026,11:45:14 AM,PRESTAMO,SEGUNDA PARTE,ROTC,09/12/2026,CONFIRMADA,3267786,0,09/04/2026,09/04/2027,2.692186,BANCO CENTRAL DE LA REPUBLICA DOMINICANA,BCENTRAL,57904
DO1002261928,LE090427,BCENTRAL/ LT 20270409 GTIA,70000,DOP,7,-7.3777,105.195557,07/08/2026,11:45:14 AM,PRESTAMO,PRIMERA PARTE,ROTC,11/08/2026,CONFIRMADA,3267786,0,09/04/2026,09/04/2027,2.692186,BANCO CENTRAL DE LA REPUBLICA DOMINICANA,BCENTRAL,58107
DO1002261928,LE090427,BCENTRAL/ LT 20270409 GTIA,70000,DOP,7,-7.3777,105.195557,07/08/2026,11:45:13 AM,CONTADO,PRIMERA PARTE,ROTC,11/08/2026,CONFIRMADA,3267785,0,09/04/2026,09/04/2027,0,BANCO CENTRAL DE LA REPUBLICA DOMINICANA,BCENTRAL,57407
DO1002227317,NO150928,BCENTRAL/11 BOEST 20280915 GTIA,2330000,DOP,233,-1.2236,102.855674,07/08/2026,11:45:13 AM,PRESTAMO,SEGUNDA PARTE,ROTC,10/09/2026,CONFIRMADA,3268427,0,15/09/2023,15/09/2028,4.92947,BANCO CENTRAL DE LA REPUBLICA DOMINICANA,BCENTRAL,61593
DO1002227317,NO150928,BCENTRAL/11 BOEST 20280915 GTIA,2330000,DOP,233,9.4479,102.872224,07/08/2026,11:45:13 AM,PRESTAMO,PRIMERA PARTE,ROTC,10/08/2026,CONFIRMADA,3268427,0,15/09/2023,15/09/2028,4.92947,BANCO CENTRAL DE LA REPUBLICA DOMINICANA,BCENTRAL,61397
DO1002227317,NO150928,BCENTRAL/11 BOEST 20280915 GTIA,2330000,DOP,233,-1.2236,102.855674,07/08/2026,11:45:12 AM,PLAZO,PRIMERA PARTE,ROTC,10/09/2026,CONFIRMADA,3268428,0,15/09/2023,15/09/2028,0,BANCO CENTRAL DE LA REPUBLICA DOMINICANA,BCENTRAL,60046
DO1002261928,LE090427,BCENTRAL/ LT 20270409 GTIA,4040000,DOP,404,8.6955,96.503547,07/08/2026,11:45:11 AM,PLAZO,PRIMERA PARTE,ROTC,10/11/2026,CONFIRMADA,3267784,0,09/04/2026,09/04/2027,0,BANCO CENTRAL DE LA REPUBLICA DOMINICANA,BCENTRAL,57162
USP3579EBY25,BSRD2048,DOMINICAN REP/6.5 CHURCH BD UNSEC,13000,USD,13,0,0,07/08/2026,11:45:11 AM,PRESTAMO,SEGUNDA PARTE,ROTC,14/02/2048,CONFIRMADA,3268429,0,08/02/2018,15/02/2048,0,MINISTERIO DE HACIENDA,HACIENDA,58303
USP3579EBY25,BSRD2048,DOMINICAN REP/6.5 CHURCH BD UNSEC,13000,USD,13,0,96.234,07/08/2026,11:45:11 AM,PRESTAMO,PRIMERA PARTE,ROTC,07/08/2026,CONFIRMADA,3268429,0,08/02/2018,15/02/2048,0,MINISTERIO DE HACIENDA,HACIENDA,60228
DO9015700121,VF1GPA01,FIDEICOMISO GPATIO FU/FIDSO,6901.09,USD,5,0,0,07/08/2026,11:45:11 AM,PRESTAMO,SEGUNDA PARTE,ROTC,10/03/2034,CONFIRMADA,3268430,0,13/03/2019,13/03/2034,0,FIDEICOMISO DE OFERTA PUBLICA DE VALORES FIDUCIARIOS G PATIO 01 FU,FOP GPATIO FU,55916
DO9015700121,VF1GPA01,FIDEICOMISO GPATIO FU/FIDSO,6901.09,USD,5,0,1379.8804,07/08/2026,11:45:11 AM,PRESTAMO,PRIMERA PARTE,ROTC,07/08/2026,CONFIRMADA,3268430,0,13/03/2019,13/03/2034,0,FIDEICOMISO DE OFERTA PUBLICA DE VALORES FIDUCIARIOS G PATIO 01 FU,FOP GPATIO FU,59017
DO1002228729,NO030328,BCENTRAL/9.5 BOEST 20280303 GTIA,2100000,DOP,210,0,0,07/08/2026,11:45:11 AM,PRESTAMO,SEGUNDA PARTE,ROTC,02/03/2028,CONFIRMADA,3268431,0,03/03/2025,03/03/2028,0,BANCO CENTRAL DE LA REPUBLICA DOMINICANA,BCENTRAL,56469
DO1002228729,NO030328,BCENTRAL/9.5 BOEST 20280303 GTIA,2100000,DOP,210,0,99.774,07/08/2026,11:45:11 AM,PRESTAMO,PRIMERA PARTE,ROTC,07/08/2026,CONFIRMADA,3268431,0,03/03/2025,03/03/2028,0,BANCO CENTRAL DE LA REPUBLICA DOMINICANA,BCENTRAL,58506
DO1002261928,LE090427,BCENTRAL/ LT 20270409 GTIA,4040000,DOP,404,8.6955,96.503547,07/08/2026,11:45:10 AM,PRESTAMO,SEGUNDA PARTE,ROTC,10/11/2026,CONFIRMADA,3267783,0,09/04/2026,09/04/2027,2.345869,BANCO CENTRAL DE LA REPUBLICA DOMINICANA,BCENTRAL,58695
DO1002261928,LE090427,BCENTRAL/ LT 20270409 GTIA,4040000,DOP,404,9.0928,94.2397,07/08/2026,11:45:10 AM,PRESTAMO,PRIMERA PARTE,ROTC,10/08/2026,CONFIRMADA,3267783,0,09/04/2026,09/04/2027,2.345869,BANCO CENTRAL DE LA REPUBLICA DOMINICANA,BCENTRAL,58058
DO1002228612,NO031227,BCENTRAL/8 BOEST 20271203 GTIA,2450000,DOP,245,0,99.876882,07/08/2026,11:45:10 AM,PLAZO,PRIMERA PARTE,ROTC,10/09/2026,CONFIRMADA,3268432,0,03/12/2024,03/12/2027,0,BANCO CENTRAL DE LA REPUBLICA DOMINICANA,BCENTRAL,57351
DO1002261928,LE090427,BCENTRAL/ LT 20270409 GTIA,4040000,DOP,404,9.0928,94.2397,07/08/2026,11:45:09 AM,CONTADO,PRIMERA PARTE,ROTC,10/08/2026,CONFIRMADA,3267782,0,09/04/2026,09/04/2027,0,BANCO CENTRAL DE LA REPUBLICA DOMINICANA,BCENTRAL,57421
DO1002228612,NO031227,BCENTRAL/8 BOEST 20271203 GTIA,2450000,DOP,245,1,100.052668,07/08/2026,11:45:09 AM,PRESTAMO,SEGUNDA PARTE,ROTC,09/10/2026,CONFIRMADA,3268433,0,03/12/2024,03/12/2027,2.891187,BANCO CENTRAL DE LA REPUBLICA DOMINICANA,BCENTRAL,59087
DO1002228612,NO031227,BCENTRAL/8 BOEST 20271203 GTIA,2450000,DOP,245,0,99.876882,07/08/2026,11:45:09 AM,PRESTAMO,PRIMERA PARTE,ROTC,10/09/2026,CONFIRMADA,3268433,0,03/12/2024,03/12/2027,2.891187,BANCO CENTRAL DE LA REPUBLICA DOMINICANA,BCENTRAL,59010
DO1002261928,LE090427,BCENTRAL/ LT 20270409 GTIA,5650000,DOP,565,7.0881,98.832436,07/08/2026,11:45:08 AM,PLAZO,PRIMERA PARTE,ROTC,08/02/2027,CONFIRMADA,3267777,0,09/04/2026,09/04/2027,0,BANCO CENTRAL DE LA REPUBLICA DOMINICANA,BCENTRAL,57337
DO1002228612,NO031227,BCENTRAL/8 BOEST 20271203 GTIA,2450000,DOP,245,1,100.052668,07/08/2026,11:45:08 AM,PLAZO,PRIMERA PARTE,ROTC,09/10/2026,CONFIRMADA,3268434,0,03/12/2024,03/12/2027,0,BANCO CENTRAL DE LA REPUBLICA DOMINICANA,BCENTRAL,57540
DO1002227317,NO150928,BCENTRAL/11 BOEST 20280915 GTIA,2420000,DOP,242,0,102.576503,07/08/2026,11:45:08 AM,PLAZO,PRIMERA PARTE,ROTC,09/10/2026,CONFIRMADA,3268435,0,15/09/2023,15/09/2028,0,BANCO CENTRAL DE LA REPUBLICA DOMINICANA,BCENTRAL,57939
DO1002261928,LE090427,BCENTRAL/ LT 20270409 GTIA,5650000,DOP,565,7.0881,98.832436,07/08/2026,11:45:07 AM,PRESTAMO,SEGUNDA PARTE,ROTC,08/02/2027,CONFIRMADA,3267776,0,09/04/2026,09/04/2027,4.674649,BANCO CENTRAL DE LA REPUBLICA DOMINICANA,BCENTRAL,58870
DO1002261928,LE090427,BCENTRAL/ LT 20270409 GTIA,5650000,DOP,565,9.1386,94.212366,07/08/2026,11:45:07 AM,PRESTAMO,PRIMERA PARTE,ROTC,10/08/2026,CONFIRMADA,3267776,0,09/04/2026,09/04/2027,4.674649,BANCO CENTRAL DE LA REPUBLICA DOMINICANA,BCENTRAL,58870
DO1002227317,NO150928,BCENTRAL/11 BOEST 20280915 GTIA,2420000,DOP,242,1,102.508627,07/08/2026,11:45:07 AM,PRESTAMO,SEGUNDA PARTE,ROTC,10/11/2026,CONFIRMADA,3268436,0,15/09/2023,15/09/2028,1.567774,BANCO CENTRAL DE LA REPUBLICA DOMINICANA,BCENTRAL,59444
DO1002227317,NO150928,BCENTRAL/11 BOEST 20280915 GTIA,2420000,DOP,242,0,102.576503,07/08/2026,11:45:07 AM,PRESTAMO,PRIMERA PARTE,ROTC,09/10/2026,CONFIRMADA,3268436,0,15/09/2023,15/09/2028,1.567774,BANCO CENTRAL DE LA REPUBLICA DOMINICANA,BCENTRAL,59535
DO1002261928,LE090427,BCENTRAL/ LT 20270409 GTIA,5650000,DOP,565,9.1386,94.212366,07/08/2026,11:45:06 AM,CONTADO,PRIMERA PARTE,ROTC,10/08/2026,CONFIRMADA,3267775,0,09/04/2026,09/04/2027,0,BANCO CENTRAL DE LA REPUBLICA DOMINICANA,BCENTRAL,58170
DO1002227317,NO150928,BCENTRAL/11 BOEST 20280915 GTIA,2420000,DOP,242,1,102.508627,07/08/2026,11:45:06 AM,PLAZO,PRIMERA PARTE,ROTC,10/11/2026,CONFIRMADA,3268437,0,15/09/2023,15/09/2028,0,BANCO CENTRAL DE LA REPUBLICA DOMINICANA,BCENTRAL,57897
USP3579ECN50,BSRD2033, ,9000,USD,9,0,0,07/08/2026,11:45:05 AM,PRESTAMO,SEGUNDA PARTE,ROTC,21/02/2033,CONFIRMADA,3268438,0,22/02/2022,22/02/2033,0,MINISTERIO DE HACIENDA,HACIENDA,42518
USP3579ECN50,BSRD2033, ,9000,USD,9,0,100.1395,07/08/2026,11:45:05 AM,PRESTAMO,PRIMERA PARTE,ROTC,07/08/2026,CONFIRMADA,3268438,0,22/02/2022,22/02/2033,0,MINISTERIO DE HACIENDA,HACIENDA,45136
DO1002227317,NO150928,BCENTRAL/11 BOEST 20280915 GTIA,2390000,DOP,239,0,102.900853,07/08/2026,11:45:05 AM,PLAZO,PRIMERA PARTE,ROTC,10/11/2026,CONFIRMADA,3268439,0,15/09/2023,15/09/2028,0,BANCO CENTRAL DE LA REPUBLICA DOMINICANA,BCENTRAL,57946
DO1002227317,NO150928,BCENTRAL/11 BOEST 20280915 GTIA,2390000,DOP,239,1,102.847863,07/08/2026,11:45:04 AM,PRESTAMO,SEGUNDA PARTE,ROTC,10/12/2026,CONFIRMADA,3268440,0,15/09/2023,15/09/2028,2.42769,BANCO CENTRAL DE LA REPUBLICA DOMINICANA,BCENTRAL,59570
DO1002227317,NO150928,BCENTRAL/11 BOEST 20280915 GTIA,2390000,DOP,239,0,102.900853,07/08/2026,11:45:04 AM,PRESTAMO,PRIMERA PARTE,ROTC,10/11/2026,CONFIRMADA,3268440,0,15/09/2023,15/09/2028,2.42769,BANCO CENTRAL DE LA REPUBLICA DOMINICANA,BCENTRAL,59542
DO1002227317,NO150928,BCENTRAL/11 BOEST 20280915 GTIA,2390000,DOP,239,1,102.847863,07/08/2026,11:45:03 AM,PLAZO,PRIMERA PARTE,ROTC,10/12/2026,CONFIRMADA,3268441,0,15/09/2023,15/09/2028,0,BANCO CENTRAL DE LA REPUBLICA DOMINICANA,BCENTRAL,58023
DO1002227317,NO150928,BCENTRAL/11 BOEST 20280915 GTIA,2370000,DOP,237,0,102.871973,07/08/2026,11:45:02 AM,PLAZO,PRIMERA PARTE,ROTC,10/12/2026,CONFIRMADA,3268442,0,15/09/2023,15/09/2028,0,BANCO CENTRAL DE LA REPUBLICA DOMINICANA,BCENTRAL,57974
DO1002227317,NO150928,BCENTRAL/11 BOEST 20280915 GTIA,2370000,DOP,237,1,102.827753,07/08/2026,11:45:01 AM,PRESTAMO,SEGUNDA PARTE,ROTC,08/01/2027,CONFIRMADA,3268443,0,15/09/2023,15/09/2028,3.245093,BANCO CENTRAL DE LA REPUBLICA DOMINICANA,BCENTRAL,59535
DO1002227317,NO150928,BCENTRAL/11 BOEST 20280915 GTIA,2370000,DOP,237,0,102.871973,07/08/2026,11:45:01 AM,PRESTAMO,PRIMERA PARTE,ROTC,10/12/2026,CONFIRMADA,3268443,0,15/09/2023,15/09/2028,3.245093,BANCO CENTRAL DE LA REPUBLICA DOMINICANA,BCENTRAL,59570
DO1002227317,NO150928,BCENTRAL/11 BOEST 20280915 GTIA,2370000,DOP,237,1,102.827753,07/08/2026,11:45:00 AM,PLAZO,PRIMERA PARTE,ROTC,08/01/2027,CONFIRMADA,3268444,0,15/09/2023,15/09/2028,0,BANCO CENTRAL DE LA REPUBLICA DOMINICANA,BCENTRAL,57988
DO1002227317,NO150928,BCENTRAL/11 BOEST 20280915 GTIA,2350000,DOP,235,0,102.888503,07/08/2026,11:44:59 AM,PLAZO,PRIMERA PARTE,ROTC,08/01/2027,CONFIRMADA,3268445,0,15/09/2023,15/09/2028,0,BANCO CENTRAL DE LA REPUBLICA DOMINICANA,BCENTRAL,58044
DO1002227317,NO150928,BCENTRAL/11 BOEST 20280915 GTIA,2350000,DOP,235,1,102.846291,07/08/2026,11:44:58 AM,PRESTAMO,SEGUNDA PARTE,ROTC,10/02/2027,CONFIRMADA,3268446,0,15/09/2023,15/09/2028,4.15025,BANCO CENTRAL DE LA REPUBLICA DOMINICANA,BCENTRAL,59528
DO1002227317,NO150928,BCENTRAL/11 BOEST 20280915 GTIA,2350000,DOP,235,0,102.888503,07/08/2026,11:44:58 AM,PRESTAMO,PRIMERA PARTE,ROTC,08/01/2027,CONFIRMADA,3268446,0,15/09/2023,15/09/2028,4.15025,BANCO CENTRAL DE LA REPUBLICA DOMINICANA,BCENTRAL,59640
DO1002227317,NO150928,BCENTRAL/11 BOEST 20280915 GTIA,2350000,DOP,235,1,102.846291,07/08/2026,11:44:57 AM,PLAZO,PRIMERA PARTE,ROTC,10/02/2027,CONFIRMADA,3268448,0,15/09/2023,15/09/2028,0,BANCO CENTRAL DE LA REPUBLICA DOMINICANA,BCENTRAL,57981
DO1002227317,NO150928,BCENTRAL/11 BOEST 20280915 GTIA,2330000,DOP,233,0,102.7989,07/08/2026,11:44:57 AM,PLAZO,PRIMERA PARTE,ROTC,10/02/2027,CONFIRMADA,3268449,0,15/09/2023,15/09/2028,0,BANCO CENTRAL DE LA REPUBLICA DOMINICANA,BCENTRAL,57295
DO1002227317,NO150928,BCENTRAL/11 BOEST 20280915 GTIA,2330000,DOP,233,1,102.770079,07/08/2026,11:44:56 AM,PRESTAMO,SEGUNDA PARTE,ROTC,10/03/2027,CONFIRMADA,3268450,0,15/09/2023,15/09/2028,4.919845,BANCO CENTRAL DE LA REPUBLICA DOMINICANA,BCENTRAL,59493
DO1002227317,NO150928,BCENTRAL/11 BOEST 20280915 GTIA,2330000,DOP,233,0,102.7989,07/08/2026,11:44:56 AM,PRESTAMO,PRIMERA PARTE,ROTC,10/02/2027,CONFIRMADA,3268450,0,15/09/2023,15/09/2028,4.919845,BANCO CENTRAL DE LA REPUBLICA DOMINICANA,BCENTRAL,58891
DO1002227317,NO150928,BCENTRAL/11 BOEST 20280915 GTIA,2330000,DOP,233,1,102.770079,07/08/2026,11:44:55 AM,PLAZO,PRIMERA PARTE,ROTC,10/03/2027,CONFIRMADA,3268451,0,15/09/2023,15/09/2028,0,BANCO CENTRAL DE LA REPUBLICA DOMINICANA,BCENTRAL,57946
DO1002228612,NO031227,BCENTRAL/8 BOEST 20271203 GTIA,2450000,DOP,245,0,99.908948,07/08/2026,11:44:54 AM,PLAZO,PRIMERA PARTE,ROTC,10/03/2027,CONFIRMADA,3268452,0,03/12/2024,03/12/2027,0,BANCO CENTRAL DE LA REPUBLICA DOMINICANA,BCENTRAL,57358
DO1002228612,NO031227,BCENTRAL/8 BOEST 20271203 GTIA,2450000,DOP,245,1,100.087192,07/08/2026,11:44:53 AM,PRESTAMO,SEGUNDA PARTE,ROTC,09/04/2027,CONFIRMADA,3268453,0,03/12/2024,03/12/2027,2.886372,BANCO CENTRAL DE LA REPUBLICA DOMINICANA,BCENTRAL,59101
DO1002228612,NO031227,BCENTRAL/8 BOEST 20271203 GTIA,2450000,DOP,245,0,99.908948,07/08/2026,11:44:53 AM,PRESTAMO,PRIMERA PARTE,ROTC,10/03/2027,CONFIRMADA,3268453,0,03/12/2024,03/12/2027,2.886372,BANCO CENTRAL DE LA REPUBLICA DOMINICANA,BCENTRAL,58954
DO1002228612,NO031227,BCENTRAL/8 BOEST 20271203 GTIA,2450000,DOP,245,1,100.087192,07/08/2026,11:44:52 AM,PLAZO,PRIMERA PARTE,ROTC,09/04/2027,CONFIRMADA,3268454,0,03/12/2024,03/12/2027,0,BANCO CENTRAL DE LA REPUBLICA DOMINICANA,BCENTRAL,57554
DO1002227317,NO150928,BCENTRAL/11 BOEST 20280915 GTIA,2420000,DOP,242,0,102.558502,07/08/2026,11:44:51 AM,PLAZO,PRIMERA PARTE,ROTC,09/04/2027,CONFIRMADA,3268455,0,15/09/2023,15/09/2028,0,BANCO CENTRAL DE LA REPUBLICA DOMINICANA,BCENTRAL,57939
DO1002227317,NO150928,BCENTRAL/11 BOEST 20280915 GTIA,2420000,DOP,242,1,102.508106,07/08/2026,11:44:50 AM,PRESTAMO,SEGUNDA PARTE,ROTC,10/05/2027,CONFIRMADA,3268456,0,15/09/2023,15/09/2028,1.558346,BANCO CENTRAL DE LA REPUBLICA DOMINICANA,BCENTRAL,59395
DO1002227317,NO150928,BCENTRAL/11 BOEST 20280915 GTIA,2420000,DOP,242,0,102.558502,07/08/2026,11:44:50 AM,PRESTAMO,PRIMERA PARTE,ROTC,09/04/2027,CONFIRMADA,3268456,0,15/09/2023,15/09/2028,1.558346,BANCO CENTRAL DE LA REPUBLICA DOMINICANA,BCENTRAL,59535
DO1002227317,NO150928,BCENTRAL/11 BOEST 20280915 GTIA,2420000,DOP,242,1,102.508106,07/08/2026,11:44:49 AM,PLAZO,PRIMERA PARTE,ROTC,10/05/2027,CONFIRMADA,3268457,0,15/09/2023,15/09/2028,0,BANCO CENTRAL DE LA REPUBLICA DOMINICANA,BCENTRAL,57911
DO1002227317,NO150928,BCENTRAL/11 BOEST 20280915 GTIA,2390000,DOP,239,0,102.928597,07/08/2026,11:44:48 AM,PLAZO,PRIMERA PARTE,ROTC,10/05/2027,CONFIRMADA,3268458,0,15/09/2023,15/09/2028,0,BANCO CENTRAL DE LA REPUBLICA DOMINICANA,BCENTRAL,58121
DO1002227317,NO150928,BCENTRAL/11 BOEST 20280915 GTIA,2390000,DOP,239,1,102.8892,07/08/2026,11:44:47 AM,PRESTAMO,SEGUNDA PARTE,ROTC,10/06/2027,CONFIRMADA,3268459,0,15/09/2023,15/09/2028,2.427862,BANCO CENTRAL DE LA REPUBLICA DOMINICANA,BCENTRAL,58905
DO1002227317,NO150928,BCENTRAL/11 BOEST 20280915 GTIA,2390000,DOP,239,0,102.928597,07/08/2026,11:44:47 AM,PRESTAMO,PRIMERA PARTE,ROTC,10/05/2027,CONFIRMADA,3268459,0,15/09/2023,15/09/2028,2.427862,BANCO CENTRAL DE LA REPUBLICA DOMINICANA,BCENTRAL,59717
DO1002227317,NO150928,BCENTRAL/11 BOEST 20280915 GTIA,2390000,DOP,239,1,102.8892,07/08/2026,11:44:46 AM,PLAZO,PRIMERA PARTE,ROTC,10/06/2027,CONFIRMADA,3268460,0,15/09/2023,15/09/2028,0,BANCO CENTRAL DE LA REPUBLICA DOMINICANA,BCENTRAL,57358
DO1002227317,NO150928,BCENTRAL/11 BOEST 20280915 GTIA,2370000,DOP,237,0,102.884689,07/08/2026,11:44:45 AM,PLAZO,PRIMERA PARTE,ROTC,10/06/2027,CONFIRMADA,3268461,0,15/09/2023,15/09/2028,0,BANCO CENTRAL DE LA REPUBLICA DOMINICANA,BCENTRAL,58100
DO1002227317,NO150928,BCENTRAL/11 BOEST 20280915 GTIA,2370000,DOP,237,1,102.854837,07/08/2026,11:44:44 AM,PRESTAMO,SEGUNDA PARTE,ROTC,09/07/2027,CONFIRMADA,3268462,0,15/09/2023,15/09/2028,3.233134,BANCO CENTRAL DE LA REPUBLICA DOMINICANA,BCENTRAL,59647
DO1002227317,NO150928,BCENTRAL/11 BOEST 20280915 GTIA,2370000,DOP,237,0,102.884689,07/08/2026,11:44:44 AM,PRESTAMO,PRIMERA PARTE,ROTC,10/06/2027,CONFIRMADA,3268462,0,15/09/2023,15/09/2028,3.233134,BANCO CENTRAL DE LA REPUBLICA DOMINICANA,BCENTRAL,59696
DO1002227317,NO150928,BCENTRAL/11 BOEST 20280915 GTIA,2370000,DOP,237,1,102.854837,07/08/2026,11:44:43 AM,PLAZO,PRIMERA PARTE,ROTC,09/07/2027,CONFIRMADA,3268463,0,15/09/2023,15/09/2028,0,BANCO CENTRAL DE LA REPUBLICA DOMINICANA,BCENTRAL,58100
DO1002227317,NO150928,BCENTRAL/11 BOEST 20280915 GTIA,2350000,DOP,235,0,102.915587,07/08/2026,11:44:42 AM,PLAZO,PRIMERA PARTE,ROTC,09/07/2027,CONFIRMADA,3268464,0,15/09/2023,15/09/2028,0,BANCO CENTRAL DE LA REPUBLICA DOMINICANA,BCENTRAL,58058
DO1002227317,NO150928,BCENTRAL/11 BOEST 20280915 GTIA,2350000,DOP,235,1,102.891291,07/08/2026,11:44:42 AM,PRESTAMO,SEGUNDA PARTE,ROTC,09/08/2027,CONFIRMADA,3268465,0,15/09/2023,15/09/2028,4.072995,BANCO CENTRAL DE LA REPUBLICA DOMINICANA,BCENTRAL,59577
DO1002227317,NO150928,BCENTRAL/11 BOEST 20280915 GTIA,2350000,DOP,235,0,102.915587,07/08/2026,11:44:42 AM,PRESTAMO,PRIMERA PARTE,ROTC,09/07/2027,CONFIRMADA,3268465,0,15/09/2023,15/09/2028,4.072995,BANCO CENTRAL DE LA REPUBLICA DOMINICANA,BCENTRAL,59661
DO1002227317,NO150928,BCENTRAL/11 BOEST 20280915 GTIA,2350000,DOP,235,1,102.891291,07/08/2026,11:44:41 AM,PLAZO,PRIMERA PARTE,ROTC,09/08/2027,CONFIRMADA,3268466,0,15/09/2023,15/09/2028,0,BANCO CENTRAL DE LA REPUBLICA DOMINICANA,BCENTRAL,58030
USP3579ECH82,BSRD2032,"DOMINICAN, REP /4.875 BD 20320923",35000,USD,35,0,0,07/08/2026,11:44:40 AM,PRESTAMO,SEGUNDA PARTE,ROTC,22/09/2032,CONFIRMADA,3268468,0,23/09/2020,23/09/2032,0,MINISTERIO DE HACIENDA,HACIENDA,56336
USP3579ECH82,BSRD2032,"DOMINICAN, REP /4.875 BD 20320923",35000,USD,35,0,94.64,07/08/2026,11:44:40 AM,PRESTAMO,PRIMERA PARTE,ROTC,07/08/2026,CONFIRMADA,3268468,0,23/09/2020,23/09/2032,0,MINISTERIO DE HACIENDA,HACIENDA,57925
DO8017400128,CP1FI201,FIC PIONEER INM II/PARTFI,19495798.12,DOP,13363,0,0,07/08/2026,11:44:39 AM,PRESTAMO,SEGUNDA PARTE,ROTC,23/10/2029,CONFIRMADA,3268470,0,24/10/2019,24/10/2029,0,FONDO DE INVERSION CERRADO PIONEER INMOBILIARIO II,FIC PIONEER INM,57407
DO8017400128,CP1FI201,FIC PIONEER INM II/PARTFI,19495798.12,DOP,13363,0,1300,07/08/2026,11:44:39 AM,PRESTAMO,PRIMERA PARTE,ROTC,07/08/2026,CONFIRMADA,3268470,0,24/10/2019,24/10/2029,0,FONDO DE INVERSION CERRADO PIONEER INMOBILIARIO II,FIC PIONEER INM,58548
DO1002223928,NO120227,BCENTRAL/8 BOEST 20270212 GTIA,510000,DOP,51,75.971,98.298593,07/08/2026,11:44:38 AM,PRESTAMO,SEGUNDA PARTE,ROTC,03/02/2027,CONFIRMADA,3268090,0,12/02/2022,12/02/2027,7.789421,BANCO CENTRAL DE LA REPUBLICA DOMINICANA,BCENTRAL,60046
DO1002223928,NO120227,BCENTRAL/8 BOEST 20270212 GTIA,510000,DOP,51,20.5619,94.149713,07/08/2026,11:44:38 AM,PRESTAMO,PRIMERA PARTE,ROTC,07/08/2026,CONFIRMADA,3268090,0,12/02/2022,12/02/2027,7.789421,BANCO CENTRAL DE LA REPUBLICA DOMINICANA,BCENTRAL,60361
DO1005208322,MHUS2040,HACIENDA/6.75 BOEST 20400724 GTIA,724000,USD,724,3.26179846,138.113367,07/08/2026,11:44:09 AM,PLAZO,PRIMERA PARTE,ROTC,10/12/2026,CONFIRMADA,3268420,0,24/07/2020,24/07/2040,0,MINISTERIO DE HACIENDA,HACIENDA,61859
DO1005208322,MHUS2040,HACIENDA/6.75 BOEST 20400724 GTIA,724000,USD,724,3.33472686,137.877797,07/08/2026,11:44:08 AM,CONTADO,PRIMERA PARTE,ROTC,07/08/2026,CONFIRMADA,3268419,0,24/07/2020,24/07/2040,0,MINISTERIO DE HACIENDA,HACIENDA,62972
DO1002223928,NO120227,BCENTRAL/8 BOEST 20270212 GTIA,510000,DOP,51,75.971,98.298593,07/08/2026,11:44:07 AM,ESTRUCTURADA,SEGUNDA PARTE,ROTC,03/02/2027,CONFIRMADA,3268089,0,12/02/2022,12/02/2027,8.29,BANCO CENTRAL DE LA REPUBLICA DOMINICANA,BCENTRAL,62118
DO1002223928,NO120227,BCENTRAL/8 BOEST 20270212 GTIA,510000,DOP,51,20.5619,94.149713,07/08/2026,11:44:07 AM,ESTRUCTURADA,PRIMERA PARTE,ROTC,07/08/2026,CONFIRMADA,3268089,0,12/02/2022,12/02/2027,8.29,BANCO CENTRAL DE LA REPUBLICA DOMINICANA,BCENTRAL,62433
DO1005206516,MH32028,HACIENDA/10.75 BOEST 20280811 GTIA,4600000,DOP,46,1.11291,113.724777,07/08/2026,11:44:05 AM,PRESTAMO,SEGUNDA PARTE,ROTC,05/03/2027,CONFIRMADA,3268276,0,10/08/2018,11/08/2028,10.75,MINISTERIO DE HACIENDA,HACIENDA,61684
DO1005206516,MH32028,HACIENDA/10.75 BOEST 20280811 GTIA,4600000,DOP,46,8.83977,103.453186,07/08/2026,11:44:05 AM,PRESTAMO,PRIMERA PARTE,ROTC,07/08/2026,CONFIRMADA,3268276,0,10/08/2018,11/08/2028,10.75,MINISTERIO DE HACIENDA,HACIENDA,61922
DO1005208322,MHUS2040,HACIENDA/6.75 BOEST 20400724 GTIA,394000,USD,394,4.61070902,121.563103,07/08/2026,11:43:21 AM,PRESTAMO,SEGUNDA PARTE,ROTC,05/11/2026,CONFIRMADA,3268447,0,24/07/2020,24/07/2040,5.35,MINISTERIO DE HACIENDA,HACIENDA,63217
DO1005208322,MHUS2040,HACIENDA/6.75 BOEST 20400724 GTIA,394000,USD,394,4.63327687,121.583661,07/08/2026,11:43:21 AM,PRESTAMO,PRIMERA PARTE,ROTC,07/08/2026,CONFIRMADA,3268447,0,24/07/2020,24/07/2040,5.35,MINISTERIO DE HACIENDA,HACIENDA,63532
DO1005206516,MH32028,HACIENDA/10.75 BOEST 20280811 GTIA,4600000,DOP,46,1.11291,113.724777,07/08/2026,11:43:20 AM,ESTRUCTURADA,SEGUNDA PARTE,ROTC,05/03/2027,CONFIRMADA,3268275,0,10/08/2018,11/08/2028,10.75,MINISTERIO DE HACIENDA,HACIENDA,63756
DO1005206516,MH32028,HACIENDA/10.75 BOEST 20280811 GTIA,4600000,DOP,46,8.83977,103.453186,07/08/2026,11:43:20 AM,ESTRUCTURADA,PRIMERA PARTE,ROTC,07/08/2026,CONFIRMADA,3268275,0,10/08/2018,11/08/2028,10.75,MINISTERIO DE HACIENDA,HACIENDA,63994
DO1005208322,MHUS2040,HACIENDA/6.75 BOEST 20400724 GTIA,394000,USD,394,4.61070902,121.563103,07/08/2026,11:43:20 AM,ESTRUCTURADA,SEGUNDA PARTE,ROTC,05/11/2026,CONFIRMADA,3268425,0,24/07/2020,24/07/2040,5.35,MINISTERIO DE HACIENDA,HACIENDA,65310
DO1005208322,MHUS2040,HACIENDA/6.75 BOEST 20400724 GTIA,394000,USD,394,4.63327687,121.583661,07/08/2026,11:43:20 AM,ESTRUCTURADA,PRIMERA PARTE,ROTC,07/08/2026,CONFIRMADA,3268425,0,24/07/2020,24/07/2040,5.35,MINISTERIO DE HACIENDA,HACIENDA,65625
USP3579ECY16,BSDR2037, ,10000000,DOP,200,9.15,109.021962,07/08/2026,11:42:49 AM,CONTADO,PRIMERA PARTE,ROTC,07/08/2026,CONFIRMADA,3267382,0,24/02/2025,15/03/2037,0,MINISTERIO DE HACIENDA,HACIENDA,48293
DO1005212019,MH32034,HACIENDA/13.625 BOEST 20340210 GTIA,50000000,DOP,500,9.05,124.582864,07/08/2026,11:42:47 AM,CONTADO,PRIMERA PARTE,ROTC,07/08/2026,CONFIRMADA,3267871,0,10/02/2023,10/02/2034,0,MINISTERIO DE HACIENDA,HACIENDA,60956
USP3579ECY16,BSDR2037, ,18500000,DOP,370,9.12,109.2355,07/08/2026,11:42:46 AM,CONTADO,PRIMERA PARTE,ROTC,07/08/2026,CONFIRMADA,3268026,0,24/02/2025,15/03/2037,0,MINISTERIO DE HACIENDA,HACIENDA,47691
DO1005206516,MH32028,HACIENDA/10.75 BOEST 20280811 GTIA,9200000,DOP,92,5.44412,108.533413,07/08/2026,11:42:37 AM,PRESTAMO,SEGUNDA PARTE,ROTC,25/11/2026,CONFIRMADA,3268278,0,10/08/2018,11/08/2028,10.75,MINISTERIO DE HACIENDA,HACIENDA,61677
DO1005206516,MH32028,HACIENDA/10.75 BOEST 20280811 GTIA,9200000,DOP,92,8.83977,103.453186,07/08/2026,11:42:37 AM,PRESTAMO,PRIMERA PARTE,ROTC,07/08/2026,CONFIRMADA,3268278,0,10/08/2018,11/08/2028,10.75,MINISTERIO DE HACIENDA,HACIENDA,61957
DO1005206516,MH32028,HACIENDA/10.75 BOEST 20280811 GTIA,9200000,DOP,92,5.44412,108.533413,07/08/2026,11:42:06 AM,ESTRUCTURADA,SEGUNDA PARTE,ROTC,25/11/2026,CONFIRMADA,3268277,0,10/08/2018,11/08/2028,10.75,MINISTERIO DE HACIENDA,HACIENDA,63749
DO1005206516,MH32028,HACIENDA/10.75 BOEST 20280811 GTIA,9200000,DOP,92,8.83977,103.453186,07/08/2026,11:42:06 AM,ESTRUCTURADA,PRIMERA PARTE,ROTC,07/08/2026,CONFIRMADA,3268277,0,10/08/2018,11/08/2028,10.75,MINISTERIO DE HACIENDA,HACIENDA,64029
USP3579ECH82,BSRD2032,"DOMINICAN, REP /4.875 BD 20320923",60000,USD,60,4.4944,101.915358,07/08/2026,11:41:47 AM,PRESTAMO,SEGUNDA PARTE,ROTC,08/12/2026,CONFIRMADA,3268274,0,23/09/2020,23/09/2032,4.875,MINISTERIO DE HACIENDA,HACIENDA,61425
USP3579ECH82,BSRD2032,"DOMINICAN, REP /4.875 BD 20320923",60000,USD,60,5.00094,99.336567,07/08/2026,11:41:47 AM,PRESTAMO,PRIMERA PARTE,ROTC,07/08/2026,CONFIRMADA,3268274,0,23/09/2020,23/09/2032,4.875,MINISTERIO DE HACIENDA,HACIENDA,61572
USP3579EBE60,BSRD2045,DOMINICAN Rep/6.85 BD 20450127 Un,576000,USD,576,5.49033404,115.52612,07/08/2026,11:41:35 AM,ESTRUCTURADA,SEGUNDA PARTE,ROTC,05/11/2026,CONFIRMADA,3268418,0,27/01/2015,27/01/2045,5.5,MINISTERIO DE HACIENDA,HACIENDA,66409
USP3579EBE60,BSRD2045,DOMINICAN Rep/6.85 BD 20450127 Un,576000,USD,576,5.4941232,115.608333,07/08/2026,11:41:35 AM,ESTRUCTURADA,PRIMERA PARTE,ROTC,07/08/2026,CONFIRMADA,3268418,0,27/01/2015,27/01/2045,5.5,MINISTERIO DE HACIENDA,HACIENDA,66563
USP3579EDB04,BSRD2038, ,14000,USD,14,0,0,07/08/2026,11:41:26 AM,PRESTAMO,SEGUNDA PARTE,ROTC,14/05/2038,CONFIRMADA,3267648,0,17/02/2026,17/05/2038,0,MINISTERIO DE HACIENDA,HACIENDA,43148
USP3579EDB04,BSRD2038, ,14000,USD,14,0,97.339,07/08/2026,11:41:26 AM,PRESTAMO,PRIMERA PARTE,ROTC,07/08/2026,CONFIRMADA,3267648,0,17/02/2026,17/05/2038,0,MINISTERIO DE HACIENDA,HACIENDA,45108
USP3579ECZ80,BSRD2035, ,1000,USD,1,0,0,07/08/2026,11:41:26 AM,PRESTAMO,SEGUNDA PARTE,ROTC,26/10/2035,CONFIRMADA,3267649,0,28/10/2025,28/10/2035,0,MINISTERIO DE HACIENDA,HACIENDA,42560
USP3579ECZ80,BSRD2035, ,1000,USD,1,0,97.6805,07/08/2026,11:41:26 AM,PRESTAMO,PRIMERA PARTE,ROTC,07/08/2026,CONFIRMADA,3267649,0,28/10/2025,28/10/2035,0,MINISTERIO DE HACIENDA,HACIENDA,44912
DO2022700416,BC1HIT04,HIT/8.2 BO 20330525,898731,USD,898731,0,0,07/08/2026,11:41:26 AM,PRESTAMO,SEGUNDA PARTE,ROTC,24/05/2033,CONFIRMADA,3267650,0,25/05/2023,25/05/2033,0,HAINA INVESTMENT CO. LTD.,HIT,51534
DO2022700416,BC1HIT04,HIT/8.2 BO 20330525,898731,USD,898731,0,104.3403,07/08/2026,11:41:26 AM,PRESTAMO,PRIMERA PARTE,ROTC,07/08/2026,CONFIRMADA,3267650,0,25/05/2023,25/05/2033,0,HAINA INVESTMENT CO. LTD.,HIT,54082
DO2022700325,BC1HIT03,HIT/8.3 BO 20330428,76999,USD,76999,0,0,07/08/2026,11:41:25 AM,PRESTAMO,SEGUNDA PARTE,ROTC,27/04/2033,CONFIRMADA,3267651,0,28/04/2023,28/04/2033,0,HAINA INVESTMENT CO. LTD.,HIT,50932
DO2022700325,BC1HIT03,HIT/8.3 BO 20330428,76999,USD,76999,0,103.9173,07/08/2026,11:41:25 AM,PRESTAMO,PRIMERA PARTE,ROTC,07/08/2026,CONFIRMADA,3267651,0,28/04/2023,28/04/2033,0,HAINA INVESTMENT CO. LTD.,HIT,53529
DO1002228612,NO031227,BCENTRAL/8 BOEST 20271203 GTIA,300000,DOP,30,7.1419,100.865053,07/08/2026,11:41:25 AM,PRESTAMO,SEGUNDA PARTE,ROTC,05/11/2026,CONFIRMADA,3268189,0,03/12/2024,03/12/2027,3.40762,BANCO CENTRAL DE LA REPUBLICA DOMINICANA,BCENTRAL,60053
DO1002228612,NO031227,BCENTRAL/8 BOEST 20271203 GTIA,300000,DOP,30,7.4207,100.700483,07/08/2026,11:41:25 AM,PRESTAMO,PRIMERA PARTE,ROTC,07/08/2026,CONFIRMADA,3268189,0,03/12/2024,03/12/2027,3.40762,BANCO CENTRAL DE LA REPUBLICA DOMINICANA,BCENTRAL,60123
DO1002228612,NO031227,BCENTRAL/8 BOEST 20271203 GTIA,300000,DOP,30,7.1419,100.865053,07/08/2026,11:41:24 AM,PLAZO,PRIMERA PARTE,ROTC,05/11/2026,CONFIRMADA,3268190,0,03/12/2024,03/12/2027,0,BANCO CENTRAL DE LA REPUBLICA DOMINICANA,BCENTRAL,58506
USP3579EBV85,BSDR2027,DOMINICAN Rep/5.95 BD 20270125 Se,4000,USD,4,63.1625,93.526,07/08/2026,11:41:23 AM,PRESTAMO,SEGUNDA PARTE,ROTC,07/12/2026,CONFIRMADA,3268192,0,25/01/2017,25/01/2027,1.65974,MINISTERIO DE HACIENDA,HACIENDA,60781
USP3579EBV85,BSDR2027,DOMINICAN Rep/5.95 BD 20270125 Se,4000,USD,4,19.732,94.11925,07/08/2026,11:41:23 AM,PRESTAMO,PRIMERA PARTE,ROTC,07/08/2026,CONFIRMADA,3268192,0,25/01/2017,25/01/2027,1.65974,MINISTERIO DE HACIENDA,HACIENDA,61250
USP3579EBV85,BSDR2027,DOMINICAN Rep/5.95 BD 20270125 Se,4000,USD,4,63.1625,93.526,07/08/2026,11:41:22 AM,PLAZO,PRIMERA PARTE,ROTC,07/12/2026,CONFIRMADA,3268193,0,25/01/2017,25/01/2027,0,MINISTERIO DE HACIENDA,HACIENDA,59234
DO1002227317,NO150928,BCENTRAL/11 BOEST 20280915 GTIA,470000,DOP,47,9.9436,101.887032,07/08/2026,11:41:21 AM,PRESTAMO,SEGUNDA PARTE,ROTC,07/09/2026,CONFIRMADA,3268195,0,15/09/2023,15/09/2028,4.758993,BANCO CENTRAL DE LA REPUBLICA DOMINICANA,BCENTRAL,60718
DO1002227317,NO150928,BCENTRAL/11 BOEST 20280915 GTIA,470000,DOP,47,9.8867,102.04874,07/08/2026,11:41:21 AM,PRESTAMO,PRIMERA PARTE,ROTC,07/08/2026,CONFIRMADA,3268195,0,15/09/2023,15/09/2028,4.758993,BANCO CENTRAL DE LA REPUBLICA DOMINICANA,BCENTRAL,60459
DO1002227317,NO150928,BCENTRAL/11 BOEST 20280915 GTIA,470000,DOP,47,9.9436,101.887032,07/08/2026,11:41:20 AM,PLAZO,PRIMERA PARTE,ROTC,07/09/2026,CONFIRMADA,3268196,0,15/09/2023,15/09/2028,0,BANCO CENTRAL DE LA REPUBLICA DOMINICANA,BCENTRAL,59171
USP3579ECF27,BSRD2030,DOMINICAN REP/4.5 BD 20300130 UNS,31000,USD,31,5.6905,96.632484,07/08/2026,11:41:19 AM,PRESTAMO,SEGUNDA PARTE,ROTC,07/09/2026,CONFIRMADA,3268201,0,30/01/2020,30/01/2030,0.420539,MINISTERIO DE HACIENDA,HACIENDA,61670
USP3579ECF27,BSRD2030,DOMINICAN REP/4.5 BD 20300130 UNS,31000,USD,31,5.5598,96.686677,07/08/2026,11:41:19 AM,PRESTAMO,PRIMERA PARTE,ROTC,07/08/2026,CONFIRMADA,3268201,0,30/01/2020,30/01/2030,0.420539,MINISTERIO DE HACIENDA,HACIENDA,61866
USP3579ECF27,BSRD2030,DOMINICAN REP/4.5 BD 20300130 UNS,31000,USD,31,5.6905,96.632484,07/08/2026,11:41:18 AM,PLAZO,PRIMERA PARTE,ROTC,07/09/2026,CONFIRMADA,3268202,0,30/01/2020,30/01/2030,0,MINISTERIO DE HACIENDA,HACIENDA,60123
DO1002228612,NO031227,BCENTRAL/8 BOEST 20271203 GTIA,1890000,DOP,189,8.0958,99.869507,07/08/2026,11:41:17 AM,PRESTAMO,SEGUNDA PARTE,ROTC,07/09/2026,CONFIRMADA,3268205,0,03/12/2024,03/12/2027,2.107241,BANCO CENTRAL DE LA REPUBLICA DOMINICANA,BCENTRAL,60900
DO1002228612,NO031227,BCENTRAL/8 BOEST 20271203 GTIA,1890000,DOP,189,8.1322,99.81916,07/08/2026,11:41:17 AM,PRESTAMO,PRIMERA PARTE,ROTC,07/08/2026,CONFIRMADA,3268205,0,03/12/2024,03/12/2027,2.107241,BANCO CENTRAL DE LA REPUBLICA DOMINICANA,BCENTRAL,60452
DO1002228612,NO031227,BCENTRAL/8 BOEST 20271203 GTIA,1890000,DOP,189,8.0958,99.869507,07/08/2026,11:41:16 AM,PLAZO,PRIMERA PARTE,ROTC,07/09/2026,CONFIRMADA,3268208,0,03/12/2024,03/12/2027,0,BANCO CENTRAL DE LA REPUBLICA DOMINICANA,BCENTRAL,59353
DO1002228612,NO031227,BCENTRAL/8 BOEST 20271203 GTIA,340000,DOP,34,8.018,99.959624,07/08/2026,11:41:16 AM,PRESTAMO,SEGUNDA PARTE,ROTC,07/09/2026,CONFIRMADA,3268210,0,03/12/2024,03/12/2027,2.106009,BANCO CENTRAL DE LA REPUBLICA DOMINICANA,BCENTRAL,59640
DO1002228612,NO031227,BCENTRAL/8 BOEST 20271203 GTIA,340000,DOP,34,8.0595,99.908635,07/08/2026,11:41:16 AM,PRESTAMO,PRIMERA PARTE,ROTC,07/08/2026,CONFIRMADA,3268210,0,03/12/2024,03/12/2027,2.106009,BANCO CENTRAL DE LA REPUBLICA DOMINICANA,BCENTRAL,60074
DO1002228612,NO031227,BCENTRAL/8 BOEST 20271203 GTIA,340000,DOP,34,8.018,99.959624,07/08/2026,11:41:15 AM,PLAZO,PRIMERA PARTE,ROTC,07/09/2026,CONFIRMADA,3268211,0,03/12/2024,03/12/2027,0,BANCO CENTRAL DE LA REPUBLICA DOMINICANA,BCENTRAL,58093
DO1002228612,NO031227,BCENTRAL/8 BOEST 20271203 GTIA,29590000,DOP,2959,-19.984,100.735444,07/08/2026,11:41:14 AM,PRESTAMO,SEGUNDA PARTE,ROTC,02/12/2026,CONFIRMADA,3268213,0,03/12/2024,03/12/2027,4.534987,BANCO CENTRAL DE LA REPUBLICA DOMINICANA,BCENTRAL,62055
DO1002228612,NO031227,BCENTRAL/8 BOEST 20271203 GTIA,29590000,DOP,2959,8.014,99.964838,07/08/2026,11:41:14 AM,PRESTAMO,PRIMERA PARTE,ROTC,07/08/2026,CONFIRMADA,3268213,0,03/12/2024,03/12/2027,4.534987,BANCO CENTRAL DE LA REPUBLICA DOMINICANA,BCENTRAL,61271
DO1002227317,NO150928,BCENTRAL/11 BOEST 20280915 GTIA,760000,DOP,76,1.6791,99.612738,07/08/2026,11:41:13 AM,PRESTAMO,SEGUNDA PARTE,ROTC,14/09/2026,CONFIRMADA,3268216,0,15/09/2023,15/09/2028,5.179457,BANCO CENTRAL DE LA REPUBLICA DOMINICANA,BCENTRAL,60459
DO1002227317,NO150928,BCENTRAL/11 BOEST 20280915 GTIA,760000,DOP,76,11.1828,99.640126,07/08/2026,11:41:13 AM,PRESTAMO,PRIMERA PARTE,ROTC,07/08/2026,CONFIRMADA,3268216,0,15/09/2023,15/09/2028,5.179457,BANCO CENTRAL DE LA REPUBLICA DOMINICANA,BCENTRAL,60788
DO1002227317,NO150928,BCENTRAL/11 BOEST 20280915 GTIA,760000,DOP,76,1.6791,99.612738,07/08/2026,11:41:12 AM,PLAZO,PRIMERA PARTE,ROTC,14/09/2026,CONFIRMADA,3268217,0,15/09/2023,15/09/2028,0,BANCO CENTRAL DE LA REPUBLICA DOMINICANA,BCENTRAL,58912
USP3579ECF27,BSRD2030,DOMINICAN REP/4.5 BD 20300130 UNS,116000,USD,116,5.6269,96.625991,07/08/2026,11:41:11 AM,PRESTAMO,SEGUNDA PARTE,ROTC,06/10/2026,CONFIRMADA,3268221,0,30/01/2020,30/01/2030,0.727368,MINISTERIO DE HACIENDA,HACIENDA,62335
USP3579ECF27,BSRD2030,DOMINICAN REP/4.5 BD 20300130 UNS,116000,USD,116,5.5417,96.742164,07/08/2026,11:41:11 AM,PRESTAMO,PRIMERA PARTE,ROTC,07/08/2026,CONFIRMADA,3268221,0,30/01/2020,30/01/2030,0.727368,MINISTERIO DE HACIENDA,HACIENDA,62356
DO1002228612,NO031227,BCENTRAL/8 BOEST 20271203 GTIA,29590000,DOP,2959,-19.984,100.735444,07/08/2026,11:41:10 AM,PLAZO,PRIMERA PARTE,ROTC,02/12/2026,CONFIRMADA,3268223,0,03/12/2024,03/12/2027,0,BANCO CENTRAL DE LA REPUBLICA DOMINICANA,BCENTRAL,60487
USP3579ECF27,BSRD2030,DOMINICAN REP/4.5 BD 20300130 UNS,116000,USD,116,5.6269,96.625991,07/08/2026,11:41:09 AM,PLAZO,PRIMERA PARTE,ROTC,06/10/2026,CONFIRMADA,3268225,0,30/01/2020,30/01/2030,0,MINISTERIO DE HACIENDA,HACIENDA,60844
USP3579EBV85,BSDR2027,DOMINICAN Rep/5.95 BD 20270125 Se,368000,USD,368,4.3969,100.694685,07/08/2026,11:41:08 AM,PRESTAMO,SEGUNDA PARTE,ROTC,10/08/2026,CONFIRMADA,3268229,0,25/01/2017,25/01/2027,0.196068,MINISTERIO DE HACIENDA,HACIENDA,63483
USP3579EBV85,BSDR2027,DOMINICAN Rep/5.95 BD 20270125 Se,368000,USD,368,4.3167,100.744685,07/08/2026,11:41:08 AM,PRESTAMO,PRIMERA PARTE,ROTC,07/08/2026,CONFIRMADA,3268229,0,25/01/2017,25/01/2027,0.196068,MINISTERIO DE HACIENDA,HACIENDA,63490
USP3579ECF27,BSRD2030,DOMINICAN REP/4.5 BD 20300130 UNS,31000,USD,31,4.921,96.674161,07/08/2026,11:41:07 AM,PRESTAMO,SEGUNDA PARTE,ROTC,07/09/2026,CONFIRMADA,3268237,0,30/01/2020,30/01/2030,0.463265,MINISTERIO DE HACIENDA,HACIENDA,61236
USP3579ECF27,BSRD2030,DOMINICAN REP/4.5 BD 20300130 UNS,31000,USD,31,5.5598,96.686677,07/08/2026,11:41:07 AM,PRESTAMO,PRIMERA PARTE,ROTC,07/08/2026,CONFIRMADA,3268237,0,30/01/2020,30/01/2030,0.463265,MINISTERIO DE HACIENDA,HACIENDA,61845
USP3579ECF27,BSRD2030,DOMINICAN REP/4.5 BD 20300130 UNS,31000,USD,31,4.921,96.674161,07/08/2026,11:41:06 AM,PLAZO,PRIMERA PARTE,ROTC,07/09/2026,CONFIRMADA,3268240,0,30/01/2020,30/01/2030,0,MINISTERIO DE HACIENDA,HACIENDA,59689
USP3579EBV85,BSDR2027,DOMINICAN Rep/5.95 BD 20270125 Se,50000,USD,50,0,99.70194,07/08/2026,11:41:05 AM,PRESTAMO,SEGUNDA PARTE,ROTC,07/09/2026,CONFIRMADA,3268244,0,25/01/2017,25/01/2027,0.592095,MINISTERIO DE HACIENDA,HACIENDA,60116
USP3579EBV85,BSDR2027,DOMINICAN Rep/5.95 BD 20270125 Se,50000,USD,50,6.3817,99.80166,07/08/2026,11:41:05 AM,PRESTAMO,PRIMERA PARTE,ROTC,07/08/2026,CONFIRMADA,3268244,0,25/01/2017,25/01/2027,0.592095,MINISTERIO DE HACIENDA,HACIENDA,62013
USP3579EBV85,BSDR2027,DOMINICAN Rep/5.95 BD 20270125 Se,50000,USD,50,0,99.70194,07/08/2026,11:41:04 AM,PLAZO,PRIMERA PARTE,ROTC,07/09/2026,CONFIRMADA,3268245,0,25/01/2017,25/01/2027,0,MINISTERIO DE HACIENDA,HACIENDA,58569
USP3579ECF27,BSRD2030,DOMINICAN REP/4.5 BD 20300130 UNS,15000,USD,15,6.5638,94.018333,07/08/2026,11:41:03 AM,PRESTAMO,SEGUNDA PARTE,ROTC,07/09/2026,CONFIRMADA,3268247,0,30/01/2020,30/01/2030,0.401704,MINISTERIO DE HACIENDA,HACIENDA,61593
USP3579ECF27,BSRD2030,DOMINICAN REP/4.5 BD 20300130 UNS,15000,USD,15,6.4176,94.101333,07/08/2026,11:41:03 AM,PRESTAMO,PRIMERA PARTE,ROTC,07/08/2026,CONFIRMADA,3268247,0,30/01/2020,30/01/2030,0.401704,MINISTERIO DE HACIENDA,HACIENDA,61572
USP3579ECF27,BSRD2030,DOMINICAN REP/4.5 BD 20300130 UNS,15000,USD,15,6.5638,94.018333,07/08/2026,11:41:02 AM,PLAZO,PRIMERA PARTE,ROTC,07/09/2026,CONFIRMADA,3268248,0,30/01/2020,30/01/2030,0,MINISTERIO DE HACIENDA,HACIENDA,60046
DO1005206516,MH32028,HACIENDA/10.75 BOEST 20280811 GTIA,15800000,DOP,158,4.2454,109.430001,07/08/2026,11:40:59 AM,PRESTAMO,SEGUNDA PARTE,ROTC,05/02/2027,CONFIRMADA,3268272,0,10/08/2018,11/08/2028,10.75,MINISTERIO DE HACIENDA,HACIENDA,61985
DO1005206516,MH32028,HACIENDA/10.75 BOEST 20280811 GTIA,15800000,DOP,158,8.40824,104.25585,07/08/2026,11:40:59 AM,PRESTAMO,PRIMERA PARTE,ROTC,07/08/2026,CONFIRMADA,3268272,0,10/08/2018,11/08/2028,10.75,MINISTERIO DE HACIENDA,HACIENDA,62230
USP3579ECH82,BSRD2032,"DOMINICAN, REP /4.875 BD 20320923",60000,USD,60,4.4944,101.915358,07/08/2026,11:40:54 AM,ESTRUCTURADA,SEGUNDA PARTE,ROTC,08/12/2026,CONFIRMADA,3268273,0,23/09/2020,23/09/2032,4.875,MINISTERIO DE HACIENDA,HACIENDA,63504
USP3579ECH82,BSRD2032,"DOMINICAN, REP /4.875 BD 20320923",60000,USD,60,5.00094,99.336567,07/08/2026,11:40:54 AM,ESTRUCTURADA,PRIMERA PARTE,ROTC,07/08/2026,CONFIRMADA,3268273,0,23/09/2020,23/09/2032,4.875,MINISTERIO DE HACIENDA,HACIENDA,63651
DO1005206516,MH32028,HACIENDA/10.75 BOEST 20280811 GTIA,15800000,DOP,158,4.2454,109.430001,07/08/2026,11:40:42 AM,ESTRUCTURADA,SEGUNDA PARTE,ROTC,05/02/2027,CONFIRMADA,3268271,0,10/08/2018,11/08/2028,10.75,MINISTERIO DE HACIENDA,HACIENDA,64029
DO1005206516,MH32028,HACIENDA/10.75 BOEST 20280811 GTIA,15800000,DOP,158,8.40824,104.25585,07/08/2026,11:40:42 AM,ESTRUCTURADA,PRIMERA PARTE,ROTC,07/08/2026,CONFIRMADA,3268271,0,10/08/2018,11/08/2028,10.75,MINISTERIO DE HACIENDA,HACIENDA,64274
DO1002223928,NO120227,BCENTRAL/8 BOEST 20270212 GTIA,5020000,DOP,502,7.6897,100.000433,07/08/2026,11:40:25 AM,PRESTAMO,SEGUNDA PARTE,ROTC,03/02/2027,CONFIRMADA,3268092,0,12/02/2022,12/02/2027,7.796067,BANCO CENTRAL DE LA REPUBLICA DOMINICANA,BCENTRAL,60774
DO1002223928,NO120227,BCENTRAL/8 BOEST 20270212 GTIA,5020000,DOP,502,17.0577,95.712091,07/08/2026,11:40:25 AM,PRESTAMO,PRIMERA PARTE,ROTC,07/08/2026,CONFIRMADA,3268092,0,12/02/2022,12/02/2027,7.796067,BANCO CENTRAL DE LA REPUBLICA DOMINICANA,BCENTRAL,60991
DO1002223928,NO120227,BCENTRAL/8 BOEST 20270212 GTIA,5020000,DOP,502,7.6897,100.000433,07/08/2026,11:40:06 AM,ESTRUCTURADA,SEGUNDA PARTE,ROTC,03/02/2027,CONFIRMADA,3268091,0,12/02/2022,12/02/2027,8.44,BANCO CENTRAL DE LA REPUBLICA DOMINICANA,BCENTRAL,62867
DO1002223928,NO120227,BCENTRAL/8 BOEST 20270212 GTIA,5020000,DOP,502,17.0577,95.712091,07/08/2026,11:40:06 AM,ESTRUCTURADA,PRIMERA PARTE,ROTC,07/08/2026,CONFIRMADA,3268091,0,12/02/2022,12/02/2027,8.44,BANCO CENTRAL DE LA REPUBLICA DOMINICANA,BCENTRAL,63084
DO1002228612,NO031227,BCENTRAL/8 BOEST 20271203 GTIA,300000,DOP,30,7.4207,100.700483,07/08/2026,11:40:01 AM,CONTADO,PRIMERA PARTE,ROTC,07/08/2026,CONFIRMADA,3268188,0,03/12/2024,03/12/2027,0,BANCO CENTRAL DE LA REPUBLICA DOMINICANA,BCENTRAL,59381
USP3579EBV85,BSDR2027,DOMINICAN Rep/5.95 BD 20270125 Se,4000,USD,4,19.732,94.11925,07/08/2026,11:40:00 AM,CONTADO,PRIMERA PARTE,ROTC,07/08/2026,CONFIRMADA,3268191,0,25/01/2017,25/01/2027,0,MINISTERIO DE HACIENDA,HACIENDA,60515
DO1002227317,NO150928,BCENTRAL/11 BOEST 20280915 GTIA,470000,DOP,47,9.8867,102.04874,07/08/2026,11:39:59 AM,CONTADO,PRIMERA PARTE,ROTC,07/08/2026,CONFIRMADA,3268194,0,15/09/2023,15/09/2028,0,BANCO CENTRAL DE LA REPUBLICA DOMINICANA,BCENTRAL,59892
USP3579EBV85,BSDR2027,DOMINICAN Rep/5.95 BD 20270125 Se,1000,USD,1,4.34315062,100.75,07/08/2026,11:39:58 AM,CONTADO,PRIMERA PARTE,ROTC,07/08/2026,CONFIRMADA,3268197,0,25/01/2017,25/01/2027,0,MINISTERIO DE HACIENDA,HACIENDA,61208
USP3579EBV85,BSDR2027,DOMINICAN Rep/5.95 BD 20270125 Se,1000,USD,1,4.34315062,100.75,07/08/2026,11:39:56 AM,CONTADO,PRIMERA PARTE,ROTC,07/08/2026,CONFIRMADA,3268198,0,25/01/2017,25/01/2027,0,MINISTERIO DE HACIENDA,HACIENDA,61194
USP3579EBY25,BSRD2048,DOMINICAN REP/6.5 CHURCH BD UNSEC,17000,USD,17,6.72841375,97.42,07/08/2026,11:39:55 AM,CONTADO,PRIMERA PARTE,ROTC,07/08/2026,CONFIRMADA,3268199,0,08/02/2018,15/02/2048,0,MINISTERIO DE HACIENDA,HACIENDA,62629
USP3579ECF27,BSRD2030,DOMINICAN REP/4.5 BD 20300130 UNS,31000,USD,31,5.5598,96.686677,07/08/2026,11:39:54 AM,CONTADO,PRIMERA PARTE,ROTC,07/08/2026,CONFIRMADA,3268200,0,30/01/2020,30/01/2030,0,MINISTERIO DE HACIENDA,HACIENDA,61215
DO1002228612,NO031227,BCENTRAL/8 BOEST 20271203 GTIA,1890000,DOP,189,8.1322,99.81916,07/08/2026,11:39:53 AM,CONTADO,PRIMERA PARTE,ROTC,07/08/2026,CONFIRMADA,3268203,0,03/12/2024,03/12/2027,0,BANCO CENTRAL DE LA REPUBLICA DOMINICANA,BCENTRAL,59808
DO1002228612,NO031227,BCENTRAL/8 BOEST 20271203 GTIA,340000,DOP,34,8.0595,99.908635,07/08/2026,11:39:52 AM,CONTADO,PRIMERA PARTE,ROTC,07/08/2026,CONFIRMADA,3268209,0,03/12/2024,03/12/2027,0,BANCO CENTRAL DE LA REPUBLICA DOMINICANA,BCENTRAL,59430
DO1002228612,NO031227,BCENTRAL/8 BOEST 20271203 GTIA,29590000,DOP,2959,8.014,99.964838,07/08/2026,11:39:50 AM,CONTADO,PRIMERA PARTE,ROTC,07/08/2026,CONFIRMADA,3268212,0,03/12/2024,03/12/2027,0,BANCO CENTRAL DE LA REPUBLICA DOMINICANA,BCENTRAL,60627
DO1002261423,NO301129,BCENTRAL/9.5 BOEST 20291130 GTIA,40000,DOP,4,9.94966119,98.73,07/08/2026,11:39:49 AM,CONTADO,PRIMERA PARTE,ROTC,07/08/2026,CONFIRMADA,3268214,0,30/11/2025,30/11/2029,0,BANCO CENTRAL DE LA REPUBLICA DOMINICANA,BCENTRAL,59486
DO1002227317,NO150928,BCENTRAL/11 BOEST 20280915 GTIA,760000,DOP,76,11.1828,99.640126,07/08/2026,11:39:48 AM,CONTADO,PRIMERA PARTE,ROTC,07/08/2026,CONFIRMADA,3268215,0,15/09/2023,15/09/2028,0,BANCO CENTRAL DE LA REPUBLICA DOMINICANA,BCENTRAL,60200
USP3579ECF27,BSRD2030,DOMINICAN REP/4.5 BD 20300130 UNS,116000,USD,116,5.5417,96.742164,07/08/2026,11:39:47 AM,CONTADO,PRIMERA PARTE,ROTC,07/08/2026,CONFIRMADA,3268219,0,30/01/2020,30/01/2030,0,MINISTERIO DE HACIENDA,HACIENDA,61775
USP3579EBV85,BSDR2027,DOMINICAN Rep/5.95 BD 20270125 Se,368000,USD,368,4.3167,100.744685,07/08/2026,11:39:45 AM,CONTADO,PRIMERA PARTE,ROTC,07/08/2026,CONFIRMADA,3268227,0,25/01/2017,25/01/2027,0,MINISTERIO DE HACIENDA,HACIENDA,62853
USP3579ECF27,BSRD2030,DOMINICAN REP/4.5 BD 20300130 UNS,31000,USD,31,5.5598,96.686677,07/08/2026,11:39:44 AM,CONTADO,PRIMERA PARTE,ROTC,07/08/2026,CONFIRMADA,3268234,0,30/01/2020,30/01/2030,0,MINISTERIO DE HACIENDA,HACIENDA,61208
USP3579EBV85,BSDR2027,DOMINICAN Rep/5.95 BD 20270125 Se,50000,USD,50,6.3817,99.80166,07/08/2026,11:39:43 AM,CONTADO,PRIMERA PARTE,ROTC,07/08/2026,CONFIRMADA,3268242,0,25/01/2017,25/01/2027,0,MINISTERIO DE HACIENDA,HACIENDA,61383
USP3579ECF27,BSRD2030,DOMINICAN REP/4.5 BD 20300130 UNS,15000,USD,15,6.4176,94.101333,07/08/2026,11:39:42 AM,CONTADO,PRIMERA PARTE,ROTC,07/08/2026,CONFIRMADA,3268246,0,30/01/2020,30/01/2030,0,MINISTERIO DE HACIENDA,HACIENDA,60949
USP3579EBV85,BSDR2027,DOMINICAN Rep/5.95 BD 20270125 Se,368000,USD,368,4.3969,100.694685,07/08/2026,11:39:40 AM,CONTADO,PRIMERA PARTE,ROTC,10/08/2026,CONFIRMADA,3268258,0,25/01/2017,25/01/2027,0,MINISTERIO DE HACIENDA,HACIENDA,62874
DO1005206516,MH32028,HACIENDA/10.75 BOEST 20280811 GTIA,1000000,DOP,10,11.05887,99.506586,07/08/2026,11:39:21 AM,PRESTAMO,SEGUNDA PARTE,ROTC,08/12/2026,CONFIRMADA,3268270,0,10/08/2018,11/08/2028,10.75,MINISTERIO DE HACIENDA,HACIENDA,61754
DO1005206516,MH32028,HACIENDA/10.75 BOEST 20280811 GTIA,1000000,DOP,10,13.81576,94.757534,07/08/2026,11:39:21 AM,PRESTAMO,PRIMERA PARTE,ROTC,07/08/2026,CONFIRMADA,3268270,0,10/08/2018,11/08/2028,10.75,MINISTERIO DE HACIENDA,HACIENDA,61824
DO1002261522,NO180130,BCENTRAL/9.5 BOEST 20300118 GTIA,1480000,DOP,148,9.3,100.567905,07/08/2026,11:39:04 AM,CONTADO,PRIMERA PARTE,ROTC,07/08/2026,CONFIRMADA,3268155,0,18/01/2026,18/01/2030,0,BANCO CENTRAL DE LA REPUBLICA DOMINICANA,BCENTRAL,59927
DO1005206516,MH32028,HACIENDA/10.75 BOEST 20280811 GTIA,1000000,DOP,10,11.05887,99.506586,07/08/2026,11:38:58 AM,ESTRUCTURADA,SEGUNDA PARTE,ROTC,08/12/2026,CONFIRMADA,3268269,0,10/08/2018,11/08/2028,10.75,MINISTERIO DE HACIENDA,HACIENDA,63917
DO1005206516,MH32028,HACIENDA/10.75 BOEST 20280811 GTIA,1000000,DOP,10,13.81576,94.757534,07/08/2026,11:38:58 AM,ESTRUCTURADA,PRIMERA PARTE,ROTC,07/08/2026,CONFIRMADA,3268269,0,10/08/2018,11/08/2028,10.75,MINISTERIO DE HACIENDA,HACIENDA,63987
DO1005205716,MHUS2027,HACIENDA/6 BOEST 20270305 GTIA,24000,USD,24,-23.494,105.07025,07/08/2026,11:37:58 AM,PRESTAMO,SEGUNDA PARTE,ROTC,07/01/2027,CONFIRMADA,3268412,0,05/09/2016,05/03/2027,4.25,MINISTERIO DE HACIENDA,HACIENDA,60067
DO1005205716,MHUS2027,HACIENDA/6 BOEST 20270305 GTIA,24000,USD,24,1.2891,102.647667,07/08/2026,11:37:58 AM,PRESTAMO,PRIMERA PARTE,ROTC,10/08/2026,CONFIRMADA,3268412,0,05/09/2016,05/03/2027,4.25,MINISTERIO DE HACIENDA,HACIENDA,60277
DO1005205716,MHUS2027,HACIENDA/6 BOEST 20270305 GTIA,24000,USD,24,-23.494,105.07025,07/08/2026,11:37:57 AM,ESTRUCTURADA,SEGUNDA PARTE,ROTC,07/01/2027,CONFIRMADA,3268363,0,05/09/2016,05/03/2027,4.25,MINISTERIO DE HACIENDA,HACIENDA,62160
DO1005205716,MHUS2027,HACIENDA/6 BOEST 20270305 GTIA,24000,USD,24,1.2891,102.647667,07/08/2026,11:37:57 AM,ESTRUCTURADA,PRIMERA PARTE,ROTC,10/08/2026,CONFIRMADA,3268363,0,05/09/2016,05/03/2027,4.25,MINISTERIO DE HACIENDA,HACIENDA,62370
DO1002261225,LE021026,BCENTRAL/ LT 20261002 GTIA,290000,DOP,29,22.6708,98.572269,07/08/2026,11:37:41 AM,PRESTAMO,SEGUNDA PARTE,ROTC,09/09/2026,CONFIRMADA,3268398,0,02/10/2025,02/10/2026,7.45,BANCO CENTRAL DE LA REPUBLICA DOMINICANA,BCENTRAL,58324
DO1002261225,LE021026,BCENTRAL/ LT 20261002 GTIA,290000,DOP,29,14.1163,97.964076,07/08/2026,11:37:41 AM,PRESTAMO,PRIMERA PARTE,ROTC,10/08/2026,CONFIRMADA,3268398,0,02/10/2025,02/10/2026,7.45,BANCO CENTRAL DE LA REPUBLICA DOMINICANA,BCENTRAL,58261
DO1002227317,NO150928,BCENTRAL/11 BOEST 20280915 GTIA,5310000,DOP,531,0.0773,112.220881,07/08/2026,11:37:39 AM,PRESTAMO,SEGUNDA PARTE,ROTC,02/08/2027,CONFIRMADA,3268094,0,15/09/2023,15/09/2028,11.591459,BANCO CENTRAL DE LA REPUBLICA DOMINICANA,BCENTRAL,61292
DO1002227317,NO150928,BCENTRAL/11 BOEST 20280915 GTIA,5310000,DOP,531,9.4315,102.912548,07/08/2026,11:37:39 AM,PRESTAMO,PRIMERA PARTE,ROTC,07/08/2026,CONFIRMADA,3268094,0,15/09/2023,15/09/2028,11.591459,BANCO CENTRAL DE LA REPUBLICA DOMINICANA,BCENTRAL,61467
DO1002261225,LE021026,BCENTRAL/ LT 20261002 GTIA,290000,DOP,29,22.6708,98.572269,07/08/2026,11:37:39 AM,ESTRUCTURADA,SEGUNDA PARTE,ROTC,09/09/2026,CONFIRMADA,3268361,0,02/10/2025,02/10/2026,7.45,BANCO CENTRAL DE LA REPUBLICA DOMINICANA,BCENTRAL,60473
DO1002261225,LE021026,BCENTRAL/ LT 20261002 GTIA,290000,DOP,29,14.1163,97.964076,07/08/2026,11:37:39 AM,ESTRUCTURADA,PRIMERA PARTE,ROTC,10/08/2026,CONFIRMADA,3268361,0,02/10/2025,02/10/2026,7.45,BANCO CENTRAL DE LA REPUBLICA DOMINICANA,BCENTRAL,60410
DO1005205716,MHUS2027,HACIENDA/6 BOEST 20270305 GTIA,3000,USD,3,-42.705,118.868333,07/08/2026,11:37:28 AM,PRESTAMO,SEGUNDA PARTE,ROTC,10/11/2026,CONFIRMADA,3268391,0,05/09/2016,05/03/2027,3.35,MINISTERIO DE HACIENDA,HACIENDA,59745
DO1005205716,MHUS2027,HACIENDA/6 BOEST 20270305 GTIA,3000,USD,3,-19.636,116.338,07/08/2026,11:37:28 AM,PRESTAMO,PRIMERA PARTE,ROTC,10/08/2026,CONFIRMADA,3268391,0,05/09/2016,05/03/2027,3.35,MINISTERIO DE HACIENDA,HACIENDA,58758
DO1005205716,MHUS2027,HACIENDA/6 BOEST 20270305 GTIA,3000,USD,3,-42.705,118.868333,07/08/2026,11:37:27 AM,ESTRUCTURADA,SEGUNDA PARTE,ROTC,10/11/2026,CONFIRMADA,3268360,0,05/09/2016,05/03/2027,3.35,MINISTERIO DE HACIENDA,HACIENDA,61838
DO1005205716,MHUS2027,HACIENDA/6 BOEST 20270305 GTIA,3000,USD,3,-19.636,116.338,07/08/2026,11:37:27 AM,ESTRUCTURADA,PRIMERA PARTE,ROTC,10/08/2026,CONFIRMADA,3268360,0,05/09/2016,05/03/2027,3.35,MINISTERIO DE HACIENDA,HACIENDA,60851
DO1005206516,MH32028,HACIENDA/10.75 BOEST 20280811 GTIA,2300000,DOP,23,5.3819,108.084366,07/08/2026,11:37:25 AM,PRESTAMO,SEGUNDA PARTE,ROTC,07/01/2027,CONFIRMADA,3268389,0,10/08/2018,11/08/2028,8.24,MINISTERIO DE HACIENDA,HACIENDA,61362
DO1005206516,MH32028,HACIENDA/10.75 BOEST 20280811 GTIA,2300000,DOP,23,8.8564,103.453187,07/08/2026,11:37:25 AM,PRESTAMO,PRIMERA PARTE,ROTC,07/08/2026,CONFIRMADA,3268389,0,10/08/2018,11/08/2028,8.24,MINISTERIO DE HACIENDA,HACIENDA,61474
DO1005206516,MH32028,HACIENDA/10.75 BOEST 20280811 GTIA,2300000,DOP,23,5.3819,108.084366,07/08/2026,11:37:24 AM,ESTRUCTURADA,SEGUNDA PARTE,ROTC,07/01/2027,CONFIRMADA,3268302,0,10/08/2018,11/08/2028,8.24,MINISTERIO DE HACIENDA,HACIENDA,63455
DO1005206516,MH32028,HACIENDA/10.75 BOEST 20280811 GTIA,2300000,DOP,23,8.8564,103.453187,07/08/2026,11:37:24 AM,ESTRUCTURADA,PRIMERA PARTE,ROTC,07/08/2026,CONFIRMADA,3268302,0,10/08/2018,11/08/2028,8.24,MINISTERIO DE HACIENDA,HACIENDA,63567
DO1005211227,MH32029,HACIENDA/12.75 BOEST 20290923 GTIA,900000,DOP,9,7.7155,112.088342,07/08/2026,11:37:15 AM,PRESTAMO,SEGUNDA PARTE,ROTC,07/01/2027,CONFIRMADA,3268383,0,23/09/2022,23/09/2029,8.25,MINISTERIO DE HACIENDA,HACIENDA,60704
DO1005211227,MH32029,HACIENDA/12.75 BOEST 20290923 GTIA,900000,DOP,9,10.0518,107.052629,07/08/2026,11:37:15 AM,PRESTAMO,PRIMERA PARTE,ROTC,10/08/2026,CONFIRMADA,3268383,0,23/09/2022,23/09/2029,8.25,MINISTERIO DE HACIENDA,HACIENDA,61054
DO1005211227,MH32029,HACIENDA/12.75 BOEST 20290923 GTIA,900000,DOP,9,7.7155,112.088342,07/08/2026,11:37:14 AM,ESTRUCTURADA,SEGUNDA PARTE,ROTC,07/01/2027,CONFIRMADA,3268358,0,23/09/2022,23/09/2029,8.25,MINISTERIO DE HACIENDA,HACIENDA,62797
DO1005211227,MH32029,HACIENDA/12.75 BOEST 20290923 GTIA,900000,DOP,9,10.0518,107.052629,07/08/2026,11:37:14 AM,ESTRUCTURADA,PRIMERA PARTE,ROTC,10/08/2026,CONFIRMADA,3268358,0,23/09/2022,23/09/2029,8.25,MINISTERIO DE HACIENDA,HACIENDA,63147
DO1002227317,NO150928,BCENTRAL/11 BOEST 20280915 GTIA,5310000,DOP,531,0.0773,112.220881,07/08/2026,11:37:13 AM,ESTRUCTURADA,SEGUNDA PARTE,ROTC,02/08/2027,CONFIRMADA,3268093,0,15/09/2023,15/09/2028,8.54,BANCO CENTRAL DE LA REPUBLICA DOMINICANA,BCENTRAL,63336
DO1002227317,NO150928,BCENTRAL/11 BOEST 20280915 GTIA,5310000,DOP,531,9.4315,102.912548,07/08/2026,11:37:13 AM,ESTRUCTURADA,PRIMERA PARTE,ROTC,07/08/2026,CONFIRMADA,3268093,0,15/09/2023,15/09/2028,8.54,BANCO CENTRAL DE LA REPUBLICA DOMINICANA,BCENTRAL,63511
DO1002261522,NO180130,BCENTRAL/9.5 BOEST 20300118 GTIA,1000000,DOP,100,9.5,99.987571,07/08/2026,11:37:01 AM,CONTADO,PRIMERA PARTE,ROTC,11/08/2026,CONFIRMADA,3268156,0,18/01/2026,18/01/2030,0,BANCO CENTRAL DE LA REPUBLICA DOMINICANA,BCENTRAL,59521
DO1002261522,NO180130,BCENTRAL/9.5 BOEST 20300118 GTIA,1480000,DOP,148,9.3,100.567904,07/08/2026,11:36:41 AM,CONTADO,PRIMERA PARTE,ROTC,07/08/2026,CONFIRMADA,3267319,0,18/01/2026,18/01/2030,0,BANCO CENTRAL DE LA REPUBLICA DOMINICANA,BCENTRAL,59906
DO1005208322,MHUS2040,HACIENDA/6.75 BOEST 20400724 GTIA,21000,USD,21,4.8827,118.667095,07/08/2026,11:35:36 AM,PRESTAMO,SEGUNDA PARTE,ROTC,04/09/2026,CONFIRMADA,3268327,0,24/07/2020,24/07/2040,3.99,MINISTERIO DE HACIENDA,HACIENDA,61257
DO1005208322,MHUS2040,HACIENDA/6.75 BOEST 20400724 GTIA,21000,USD,21,4.8772,118.803857,07/08/2026,11:35:36 AM,PRESTAMO,PRIMERA PARTE,ROTC,07/08/2026,CONFIRMADA,3268327,0,24/07/2020,24/07/2040,3.99,MINISTERIO DE HACIENDA,HACIENDA,61313
DO1005208322,MHUS2040,HACIENDA/6.75 BOEST 20400724 GTIA,21000,USD,21,4.8827,118.667095,07/08/2026,11:35:35 AM,ESTRUCTURADA,SEGUNDA PARTE,ROTC,04/09/2026,CONFIRMADA,3268187,0,24/07/2020,24/07/2040,3.99,MINISTERIO DE HACIENDA,HACIENDA,63350
DO1005208322,MHUS2040,HACIENDA/6.75 BOEST 20400724 GTIA,21000,USD,21,4.8772,118.803857,07/08/2026,11:35:35 AM,ESTRUCTURADA,PRIMERA PARTE,ROTC,07/08/2026,CONFIRMADA,3268187,0,24/07/2020,24/07/2040,3.99,MINISTERIO DE HACIENDA,HACIENDA,63406
DO1002227317,NO150928,BCENTRAL/11 BOEST 20280915 GTIA,910000,DOP,91,0.9859,115.959075,07/08/2026,11:35:00 AM,PRESTAMO,SEGUNDA PARTE,ROTC,03/02/2027,CONFIRMADA,3268096,0,15/09/2023,15/09/2028,7.584577,BANCO CENTRAL DE LA REPUBLICA DOMINICANA,BCENTRAL,60718
DO1002227317,NO150928,BCENTRAL/11 BOEST 20280915 GTIA,910000,DOP,91,5.3393,111.123637,07/08/2026,11:35:00 AM,PRESTAMO,PRIMERA PARTE,ROTC,07/08/2026,CONFIRMADA,3268096,0,15/09/2023,15/09/2028,7.584577,BANCO CENTRAL DE LA REPUBLICA DOMINICANA,BCENTRAL,60669
USP3579EAG28,BSRD2027,DOMINICAN Rep/8.625 BD 20270420 U,57000,USD,57,0,107.178966,07/08/2026,11:34:39 AM,PRESTAMO,SEGUNDA PARTE,ROTC,05/11/2026,CONFIRMADA,3268293,0,20/03/2006,20/04/2027,3.24,MINISTERIO DE HACIENDA,HACIENDA,60438
USP3579EAG28,BSRD2027,DOMINICAN Rep/8.625 BD 20270420 U,57000,USD,57,2.6717,104.110725,07/08/2026,11:34:39 AM,PRESTAMO,PRIMERA PARTE,ROTC,07/08/2026,CONFIRMADA,3268293,0,20/03/2006,20/04/2027,3.24,MINISTERIO DE HACIENDA,HACIENDA,62216
USP3579EAG28,BSRD2027,DOMINICAN Rep/8.625 BD 20270420 U,57000,USD,57,0,107.178966,07/08/2026,11:34:38 AM,ESTRUCTURADA,SEGUNDA PARTE,ROTC,05/11/2026,CONFIRMADA,3268180,0,20/03/2006,20/04/2027,3.24,MINISTERIO DE HACIENDA,HACIENDA,62531
USP3579EAG28,BSRD2027,DOMINICAN Rep/8.625 BD 20270420 U,57000,USD,57,2.6717,104.110725,07/08/2026,11:34:38 AM,ESTRUCTURADA,PRIMERA PARTE,ROTC,07/08/2026,CONFIRMADA,3268180,0,20/03/2006,20/04/2027,3.24,MINISTERIO DE HACIENDA,HACIENDA,64309
DO1005206516,MH32028,HACIENDA/10.75 BOEST 20280811 GTIA,29000000,DOP,290,6.8734,106.899422,07/08/2026,11:33:15 AM,PRESTAMO,SEGUNDA PARTE,ROTC,07/09/2026,CONFIRMADA,3268268,0,10/08/2018,11/08/2028,8.99,MINISTERIO DE HACIENDA,HACIENDA,62181
DO1005206516,MH32028,HACIENDA/10.75 BOEST 20280811 GTIA,29000000,DOP,290,9.8432,101.654086,07/08/2026,11:33:15 AM,PRESTAMO,PRIMERA PARTE,ROTC,07/08/2026,CONFIRMADA,3268268,0,10/08/2018,11/08/2028,8.99,MINISTERIO DE HACIENDA,HACIENDA,62153
DO1005206516,MH32028,HACIENDA/10.75 BOEST 20280811 GTIA,29000000,DOP,290,6.8734,106.899422,07/08/2026,11:33:14 AM,ESTRUCTURADA,SEGUNDA PARTE,ROTC,07/09/2026,CONFIRMADA,3268179,0,10/08/2018,11/08/2028,8.99,MINISTERIO DE HACIENDA,HACIENDA,64274
DO1005206516,MH32028,HACIENDA/10.75 BOEST 20280811 GTIA,29000000,DOP,290,9.8432,101.654086,07/08/2026,11:33:14 AM,ESTRUCTURADA,PRIMERA PARTE,ROTC,07/08/2026,CONFIRMADA,3268179,0,10/08/2018,11/08/2028,8.99,MINISTERIO DE HACIENDA,HACIENDA,64246
DO1002227317,NO150928,BCENTRAL/11 BOEST 20280915 GTIA,910000,DOP,91,0.9859,115.959075,07/08/2026,11:32:57 AM,ESTRUCTURADA,SEGUNDA PARTE,ROTC,03/02/2027,CONFIRMADA,3268095,0,15/09/2023,15/09/2028,8.29,BANCO CENTRAL DE LA REPUBLICA DOMINICANA,BCENTRAL,62881
DO1002227317,NO150928,BCENTRAL/11 BOEST 20280915 GTIA,910000,DOP,91,5.3393,111.123637,07/08/2026,11:32:57 AM,ESTRUCTURADA,PRIMERA PARTE,ROTC,07/08/2026,CONFIRMADA,3268095,0,15/09/2023,15/09/2028,8.29,BANCO CENTRAL DE LA REPUBLICA DOMINICANA,BCENTRAL,62832
DO1005213025,MH22031,HACIENDA/10.25 BOEST 20310209 GTIA,2100000,DOP,21,8.7984000000000009,105.126868,07/08/2026,11:32:21 AM,PRESTAMO,SEGUNDA PARTE,ROTC,12/10/2026,CONFIRMADA,3267904,0,09/02/2024,09/02/2031,1.093528,MINISTERIO DE HACIENDA,HACIENDA,61145
DO1005213025,MH22031,HACIENDA/10.25 BOEST 20310209 GTIA,2100000,DOP,21,8.6844,105.754883,07/08/2026,11:32:21 AM,PRESTAMO,PRIMERA PARTE,ROTC,12/08/2026,CONFIRMADA,3267904,0,09/02/2024,09/02/2031,1.093528,MINISTERIO DE HACIENDA,HACIENDA,61243
DO1005213025,MH22031,HACIENDA/10.25 BOEST 20310209 GTIA,2100000,DOP,21,8.7984000000000009,105.126868,07/08/2026,11:32:20 AM,ESTRUCTURADA,SEGUNDA PARTE,ROTC,12/10/2026,CONFIRMADA,3267903,0,09/02/2024,09/02/2031,6.05,MINISTERIO DE HACIENDA,HACIENDA,63238
DO1005213025,MH22031,HACIENDA/10.25 BOEST 20310209 GTIA,2100000,DOP,21,8.6844,105.754883,07/08/2026,11:32:20 AM,ESTRUCTURADA,PRIMERA PARTE,ROTC,12/08/2026,CONFIRMADA,3267903,0,09/02/2024,09/02/2031,6.05,MINISTERIO DE HACIENDA,HACIENDA,63336
DO1005205716,MHUS2027,HACIENDA/6 BOEST 20270305 GTIA,354000,USD,354,-10.81156915,105.591359,07/08/2026,11:32:19 AM,PRESTAMO,SEGUNDA PARTE,ROTC,10/11/2026,CONFIRMADA,3267902,0,05/09/2016,05/03/2027,3.710558,MINISTERIO DE HACIENDA,HACIENDA,62972
DO1005205716,MHUS2027,HACIENDA/6 BOEST 20270305 GTIA,354000,USD,354,1.1457,102.718006,07/08/2026,11:32:19 AM,PRESTAMO,PRIMERA PARTE,ROTC,11/08/2026,CONFIRMADA,3267902,0,05/09/2016,05/03/2027,3.710558,MINISTERIO DE HACIENDA,HACIENDA,60865
DO1005205716,MHUS2027,HACIENDA/6 BOEST 20270305 GTIA,354000,USD,354,-10.81156915,105.591359,07/08/2026,11:32:18 AM,ESTRUCTURADA,SEGUNDA PARTE,ROTC,10/11/2026,CONFIRMADA,3267900,0,05/09/2016,05/03/2027,5.05,MINISTERIO DE HACIENDA,HACIENDA,65065
DO1005205716,MHUS2027,HACIENDA/6 BOEST 20270305 GTIA,354000,USD,354,1.1457,102.718006,07/08/2026,11:32:18 AM,ESTRUCTURADA,PRIMERA PARTE,ROTC,11/08/2026,CONFIRMADA,3267900,0,05/09/2016,05/03/2027,5.05,MINISTERIO DE HACIENDA,HACIENDA,62958
USP3579ECB13,BSRD2028,"DOMINICAN, REP /6 BD 20280719 REGS",71000,USD,71,0.7419,107.613493,07/08/2026,11:31:07 AM,PRESTAMO,SEGUNDA PARTE,ROTC,03/02/2027,CONFIRMADA,3268099,0,19/07/2018,19/07/2028,2.330183,MINISTERIO DE HACIENDA,HACIENDA,62272
USP3579ECB13,BSRD2028,"DOMINICAN, REP /6 BD 20280719 REGS",71000,USD,71,3.1547,105.333803,07/08/2026,11:31:07 AM,PRESTAMO,PRIMERA PARTE,ROTC,07/08/2026,CONFIRMADA,3268099,0,19/07/2018,19/07/2028,2.330183,MINISTERIO DE HACIENDA,HACIENDA,62335
DO1002261928,LE090427,BCENTRAL/ LT 20270409 GTIA,3540000,DOP,354,6.9183,98.860091,07/08/2026,11:30:42 AM,PLAZO,PRIMERA PARTE,ROTC,08/02/2027,CONFIRMADA,3267774,0,09/04/2026,09/04/2027,0,BANCO CENTRAL DE LA REPUBLICA DOMINICANA,BCENTRAL,57232
USP3579ECB13,BSRD2028,"DOMINICAN, REP /6 BD 20280719 REGS",71000,USD,71,0.7419,107.613493,07/08/2026,11:30:42 AM,ESTRUCTURADA,SEGUNDA PARTE,ROTC,03/02/2027,CONFIRMADA,3268098,0,19/07/2018,19/07/2028,4.19,MINISTERIO DE HACIENDA,HACIENDA,64358
USP3579ECB13,BSRD2028,"DOMINICAN, REP /6 BD 20280719 REGS",71000,USD,71,3.1547,105.333803,07/08/2026,11:30:42 AM,ESTRUCTURADA,PRIMERA PARTE,ROTC,07/08/2026,CONFIRMADA,3268098,0,19/07/2018,19/07/2028,4.19,MINISTERIO DE HACIENDA,HACIENDA,64421
DO1002261928,LE090427,BCENTRAL/ LT 20270409 GTIA,3540000,DOP,354,6.9183,98.860091,07/08/2026,11:30:41 AM,PRESTAMO,SEGUNDA PARTE,ROTC,08/02/2027,CONFIRMADA,3267773,0,09/04/2026,09/04/2027,4.674649,BANCO CENTRAL DE LA REPUBLICA DOMINICANA,BCENTRAL,58765
DO1002261928,LE090427,BCENTRAL/ LT 20270409 GTIA,3540000,DOP,354,9.0944,94.238729,07/08/2026,11:30:41 AM,PRESTAMO,PRIMERA PARTE,ROTC,10/08/2026,CONFIRMADA,3267773,0,09/04/2026,09/04/2027,4.674649,BANCO CENTRAL DE LA REPUBLICA DOMINICANA,BCENTRAL,58828
DO1002261928,LE090427,BCENTRAL/ LT 20270409 GTIA,3540000,DOP,354,9.0944,94.238729,07/08/2026,11:30:40 AM,CONTADO,PRIMERA PARTE,ROTC,10/08/2026,CONFIRMADA,3267772,0,09/04/2026,09/04/2027,0,BANCO CENTRAL DE LA REPUBLICA DOMINICANA,BCENTRAL,58128
DO1002261928,LE090427,BCENTRAL/ LT 20270409 GTIA,1390000,DOP,139,11.7367,98.081407,07/08/2026,11:30:39 AM,PLAZO,PRIMERA PARTE,ROTC,08/02/2027,CONFIRMADA,3267771,0,09/04/2026,09/04/2027,0,BANCO CENTRAL DE LA REPUBLICA DOMINICANA,BCENTRAL,57582
DO1002261928,LE090427,BCENTRAL/ LT 20270409 GTIA,1390000,DOP,139,11.7367,98.081407,07/08/2026,11:30:38 AM,PRESTAMO,SEGUNDA PARTE,ROTC,08/02/2027,CONFIRMADA,3267770,0,09/04/2026,09/04/2027,4.650159,BANCO CENTRAL DE LA REPUBLICA DOMINICANA,BCENTRAL,59115
DO1002261928,LE090427,BCENTRAL/ LT 20270409 GTIA,1390000,DOP,139,10.3496,93.520466,07/08/2026,11:30:38 AM,PRESTAMO,PRIMERA PARTE,ROTC,11/08/2026,CONFIRMADA,3267770,0,09/04/2026,09/04/2027,4.650159,BANCO CENTRAL DE LA REPUBLICA DOMINICANA,BCENTRAL,59143
DO1002261928,LE090427,BCENTRAL/ LT 20270409 GTIA,1390000,DOP,139,10.3496,93.520466,07/08/2026,11:30:37 AM,CONTADO,PRIMERA PARTE,ROTC,11/08/2026,CONFIRMADA,3267769,0,09/04/2026,09/04/2027,0,BANCO CENTRAL DE LA REPUBLICA DOMINICANA,BCENTRAL,58443
DO1002261928,LE090427,BCENTRAL/ LT 20270409 GTIA,10000,DOP,1,-67.358,139.0166,07/08/2026,11:30:36 AM,PLAZO,PRIMERA PARTE,ROTC,10/11/2026,CONFIRMADA,3267768,0,09/04/2026,09/04/2027,0,BANCO CENTRAL DE LA REPUBLICA DOMINICANA,BCENTRAL,55587
DO1002261928,LE090427,BCENTRAL/ LT 20270409 GTIA,10000,DOP,1,-67.358,139.0166,07/08/2026,11:30:35 AM,PRESTAMO,SEGUNDA PARTE,ROTC,10/11/2026,CONFIRMADA,3267767,0,09/04/2026,09/04/2027,2.320946,BANCO CENTRAL DE LA REPUBLICA DOMINICANA,BCENTRAL,57120
DO1002261928,LE090427,BCENTRAL/ LT 20270409 GTIA,10000,DOP,1,-39.371,135.7901,07/08/2026,11:30:35 AM,PRESTAMO,PRIMERA PARTE,ROTC,11/08/2026,CONFIRMADA,3267767,0,09/04/2026,09/04/2027,2.320946,BANCO CENTRAL DE LA REPUBLICA DOMINICANA,BCENTRAL,57190
DO1002261928,LE090427,BCENTRAL/ LT 20270409 GTIA,10000,DOP,1,-39.371,135.7901,07/08/2026,11:30:34 AM,CONTADO,PRIMERA PARTE,ROTC,11/08/2026,CONFIRMADA,3267766,0,09/04/2026,09/04/2027,0,BANCO CENTRAL DE LA REPUBLICA DOMINICANA,BCENTRAL,56490
DO1002261928,LE090427,BCENTRAL/ LT 20270409 GTIA,10000,DOP,1,-15.047,106.689,07/08/2026,11:30:33 AM,PLAZO,PRIMERA PARTE,ROTC,10/11/2026,CONFIRMADA,3267765,0,09/04/2026,09/04/2027,0,BANCO CENTRAL DE LA REPUBLICA DOMINICANA,BCENTRAL,55174
DO1002261928,LE090427,BCENTRAL/ LT 20270409 GTIA,10000,DOP,1,-15.047,106.689,07/08/2026,11:30:32 AM,PRESTAMO,SEGUNDA PARTE,ROTC,10/11/2026,CONFIRMADA,3267764,0,09/04/2026,09/04/2027,2.320952,BANCO CENTRAL DE LA REPUBLICA DOMINICANA,BCENTRAL,56707
DO1002261928,LE090427,BCENTRAL/ LT 20270409 GTIA,10000,DOP,1,-6.0386,104.2128,07/08/2026,11:30:32 AM,PRESTAMO,PRIMERA PARTE,ROTC,11/08/2026,CONFIRMADA,3267764,0,09/04/2026,09/04/2027,2.320952,BANCO CENTRAL DE LA REPUBLICA DOMINICANA,BCENTRAL,57113
DO1002261928,LE090427,BCENTRAL/ LT 20270409 GTIA,10000,DOP,1,-6.0386,104.2128,07/08/2026,11:30:31 AM,CONTADO,PRIMERA PARTE,ROTC,11/08/2026,CONFIRMADA,3267763,0,09/04/2026,09/04/2027,0,BANCO CENTRAL DE LA REPUBLICA DOMINICANA,BCENTRAL,56413
DO1002261928,LE090427,BCENTRAL/ LT 20270409 GTIA,3350000,DOP,335,7.6256,98.745014,07/08/2026,11:30:30 AM,PRESTAMO,SEGUNDA PARTE,ROTC,08/02/2027,CONFIRMADA,3267761,0,09/04/2026,09/04/2027,4.674649,BANCO CENTRAL DE LA REPUBLICA DOMINICANA,BCENTRAL,58709
DO1002261928,LE090427,BCENTRAL/ LT 20270409 GTIA,3350000,DOP,335,9.2784,94.129031,07/08/2026,11:30:30 AM,PRESTAMO,PRIMERA PARTE,ROTC,10/08/2026,CONFIRMADA,3267761,0,09/04/2026,09/04/2027,4.674649,BANCO CENTRAL DE LA REPUBLICA DOMINICANA,BCENTRAL,58723
DO1002261928,LE090427,BCENTRAL/ LT 20270409 GTIA,3350000,DOP,335,7.6256,98.745014,07/08/2026,11:30:30 AM,PLAZO,PRIMERA PARTE,ROTC,08/02/2027,CONFIRMADA,3267762,0,09/04/2026,09/04/2027,0,BANCO CENTRAL DE LA REPUBLICA DOMINICANA,BCENTRAL,57169
DO1002261928,LE090427,BCENTRAL/ LT 20270409 GTIA,3350000,DOP,335,9.2784,94.129031,07/08/2026,11:30:29 AM,CONTADO,PRIMERA PARTE,ROTC,10/08/2026,CONFIRMADA,3267760,0,09/04/2026,09/04/2027,0,BANCO CENTRAL DE LA REPUBLICA DOMINICANA,BCENTRAL,58086
DO1002261928,LE090427,BCENTRAL/ LT 20270409 GTIA,1260000,DOP,126,10.2899,96.65708,07/08/2026,11:30:28 AM,PLAZO,PRIMERA PARTE,ROTC,09/12/2026,CONFIRMADA,3267759,0,09/04/2026,09/04/2027,0,BANCO CENTRAL DE LA REPUBLICA DOMINICANA,BCENTRAL,57239
DO1002261928,LE090427,BCENTRAL/ LT 20270409 GTIA,1260000,DOP,126,10.2899,96.65708,07/08/2026,11:30:27 AM,PRESTAMO,SEGUNDA PARTE,ROTC,09/12/2026,CONFIRMADA,3267758,0,09/04/2026,09/04/2027,3.100775,BANCO CENTRAL DE LA REPUBLICA DOMINICANA,BCENTRAL,58772
DO1002261928,LE090427,BCENTRAL/ LT 20270409 GTIA,1260000,DOP,126,10.1117,93.659961,07/08/2026,11:30:27 AM,PRESTAMO,PRIMERA PARTE,ROTC,11/08/2026,CONFIRMADA,3267758,0,09/04/2026,09/04/2027,3.100775,BANCO CENTRAL DE LA REPUBLICA DOMINICANA,BCENTRAL,59080
DO1002261928,LE090427,BCENTRAL/ LT 20270409 GTIA,1260000,DOP,126,10.1117,93.659961,07/08/2026,11:30:26 AM,CONTADO,PRIMERA PARTE,ROTC,11/08/2026,CONFIRMADA,3267757,0,09/04/2026,09/04/2027,0,BANCO CENTRAL DE LA REPUBLICA DOMINICANA,BCENTRAL,58380
DO1005208322,MHUS2040,HACIENDA/6.75 BOEST 20400724 GTIA,10000,USD,10,4.3843,123.9193,07/08/2026,11:30:25 AM,PLAZO,PRIMERA PARTE,ROTC,22/01/2027,CONFIRMADA,3267756,0,24/07/2020,24/07/2040,0,MINISTERIO DE HACIENDA,HACIENDA,58765
DO1005208322,MHUS2040,HACIENDA/6.75 BOEST 20400724 GTIA,10000,USD,10,4.3843,123.9193,07/08/2026,11:30:24 AM,PRESTAMO,SEGUNDA PARTE,ROTC,22/01/2027,CONFIRMADA,3267755,0,24/07/2020,24/07/2040,2.3249050000000002,MINISTERIO DE HACIENDA,HACIENDA,60298
DO1005208322,MHUS2040,HACIENDA/6.75 BOEST 20400724 GTIA,10000,USD,10,4.4007,124.2982,07/08/2026,11:30:24 AM,PRESTAMO,PRIMERA PARTE,ROTC,11/08/2026,CONFIRMADA,3267755,0,24/07/2020,24/07/2040,2.3249050000000002,MINISTERIO DE HACIENDA,HACIENDA,60340
DO1005208322,MHUS2040,HACIENDA/6.75 BOEST 20400724 GTIA,10000,USD,10,4.4007,124.2982,07/08/2026,11:30:23 AM,CONTADO,PRIMERA PARTE,ROTC,11/08/2026,CONFIRMADA,3267754,0,24/07/2020,24/07/2040,0,MINISTERIO DE HACIENDA,HACIENDA,59640
DO1002261928,LE090427,BCENTRAL/ LT 20270409 GTIA,13460000,DOP,1346,0,98.203466,07/08/2026,11:30:22 AM,PLAZO,PRIMERA PARTE,ROTC,08/02/2027,CONFIRMADA,3267753,0,09/04/2026,09/04/2027,0,BANCO CENTRAL DE LA REPUBLICA DOMINICANA,BCENTRAL,56042
DO1002261928,LE090427,BCENTRAL/ LT 20270409 GTIA,13460000,DOP,1346,0,98.203466,07/08/2026,11:30:21 AM,PRESTAMO,SEGUNDA PARTE,ROTC,08/02/2027,CONFIRMADA,3267752,0,09/04/2026,09/04/2027,4.674649,BANCO CENTRAL DE LA REPUBLICA DOMINICANA,BCENTRAL,57575
DO1002261928,LE090427,BCENTRAL/ LT 20270409 GTIA,13460000,DOP,1346,10.1499,93.612798,07/08/2026,11:30:21 AM,PRESTAMO,PRIMERA PARTE,ROTC,10/08/2026,CONFIRMADA,3267752,0,09/04/2026,09/04/2027,4.674649,BANCO CENTRAL DE LA REPUBLICA DOMINICANA,BCENTRAL,59843
DO1002261928,LE090427,BCENTRAL/ LT 20270409 GTIA,13460000,DOP,1346,10.1499,93.612798,07/08/2026,11:30:20 AM,CONTADO,PRIMERA PARTE,ROTC,10/08/2026,CONFIRMADA,3267751,0,09/04/2026,09/04/2027,0,BANCO CENTRAL DE LA REPUBLICA DOMINICANA,BCENTRAL,59143
DO1002261928,LE090427,BCENTRAL/ LT 20270409 GTIA,3180000,DOP,318,6.2998,98.960945,07/08/2026,11:30:19 AM,PLAZO,PRIMERA PARTE,ROTC,08/02/2027,CONFIRMADA,3267750,0,09/04/2026,09/04/2027,0,BANCO CENTRAL DE LA REPUBLICA DOMINICANA,BCENTRAL,57372
DO1002261928,LE090427,BCENTRAL/ LT 20270409 GTIA,3180000,DOP,318,6.2998,98.960945,07/08/2026,11:30:18 AM,PRESTAMO,SEGUNDA PARTE,ROTC,08/02/2027,CONFIRMADA,3267749,0,09/04/2026,09/04/2027,4.674649,BANCO CENTRAL DE LA REPUBLICA DOMINICANA,BCENTRAL,58905
DO1002261928,LE090427,BCENTRAL/ LT 20270409 GTIA,3180000,DOP,318,8.9336,94.334868,07/08/2026,11:30:18 AM,PRESTAMO,PRIMERA PARTE,ROTC,10/08/2026,CONFIRMADA,3267749,0,09/04/2026,09/04/2027,4.674649,BANCO CENTRAL DE LA REPUBLICA DOMINICANA,BCENTRAL,58884
DO1002261928,LE090427,BCENTRAL/ LT 20270409 GTIA,3180000,DOP,318,8.9336,94.334868,07/08/2026,11:30:17 AM,CONTADO,PRIMERA PARTE,ROTC,10/08/2026,CONFIRMADA,3267748,0,09/04/2026,09/04/2027,0,BANCO CENTRAL DE LA REPUBLICA DOMINICANA,BCENTRAL,58184
DO1002261928,LE090427,BCENTRAL/ LT 20270409 GTIA,3730000,DOP,373,9.6219,96.145403,07/08/2026,11:30:16 AM,PLAZO,PRIMERA PARTE,ROTC,10/11/2026,CONFIRMADA,3267747,0,09/04/2026,09/04/2027,0,BANCO CENTRAL DE LA REPUBLICA DOMINICANA,BCENTRAL,57134
DO1002261928,LE090427,BCENTRAL/ LT 20270409 GTIA,3730000,DOP,373,9.6219,96.145403,07/08/2026,11:30:15 AM,PRESTAMO,SEGUNDA PARTE,ROTC,10/11/2026,CONFIRMADA,3267746,0,09/04/2026,09/04/2027,2.406758,BANCO CENTRAL DE LA REPUBLICA DOMINICANA,BCENTRAL,58667
DO1002261928,LE090427,BCENTRAL/ LT 20270409 GTIA,3730000,DOP,373,9.7797,93.831416,07/08/2026,11:30:15 AM,PRESTAMO,PRIMERA PARTE,ROTC,10/08/2026,CONFIRMADA,3267746,0,09/04/2026,09/04/2027,2.406758,BANCO CENTRAL DE LA REPUBLICA DOMINICANA,BCENTRAL,58877
DO1002261928,LE090427,BCENTRAL/ LT 20270409 GTIA,3730000,DOP,373,9.7797,93.831416,07/08/2026,11:30:14 AM,CONTADO,PRIMERA PARTE,ROTC,10/08/2026,CONFIRMADA,3267745,0,09/04/2026,09/04/2027,0,BANCO CENTRAL DE LA REPUBLICA DOMINICANA,BCENTRAL,58177
DO1002261928,LE090427,BCENTRAL/ LT 20270409 GTIA,20000,DOP,2,-4.747,102.87585,07/08/2026,11:30:13 AM,PLAZO,PRIMERA PARTE,ROTC,09/09/2026,CONFIRMADA,3267744,0,09/04/2026,09/04/2027,0,BANCO CENTRAL DE LA REPUBLICA DOMINICANA,BCENTRAL,55692
DO1002261928,LE090427,BCENTRAL/ LT 20270409 GTIA,20000,DOP,2,-4.747,102.87585,07/08/2026,11:30:12 AM,PRESTAMO,SEGUNDA PARTE,ROTC,09/09/2026,CONFIRMADA,3267743,0,09/04/2026,09/04/2027,0.748524,BANCO CENTRAL DE LA REPUBLICA DOMINICANA,BCENTRAL,57225
DO1002261928,LE090427,BCENTRAL/ LT 20270409 GTIA,20000,DOP,2,-3.068,102.1058,07/08/2026,11:30:12 AM,PRESTAMO,PRIMERA PARTE,ROTC,10/08/2026,CONFIRMADA,3267743,0,09/04/2026,09/04/2027,0.748524,BANCO CENTRAL DE LA REPUBLICA DOMINICANA,BCENTRAL,56721
DO1002261928,LE090427,BCENTRAL/ LT 20270409 GTIA,20000,DOP,2,-3.068,102.1058,07/08/2026,11:30:11 AM,CONTADO,PRIMERA PARTE,ROTC,10/08/2026,CONFIRMADA,3267742,0,09/04/2026,09/04/2027,0,BANCO CENTRAL DE LA REPUBLICA DOMINICANA,BCENTRAL,56021
DO1005207118,MHUS2026,HACIENDA/6.65 BOEST 20261227 GTIA,4000,USD,4,-11.177,104.03675,07/08/2026,11:30:10 AM,PLAZO,PRIMERA PARTE,ROTC,09/10/2026,CONFIRMADA,3267741,0,27/12/2019,27/12/2026,0,MINISTERIO DE HACIENDA,HACIENDA,58779
DO1005207118,MHUS2026,HACIENDA/6.65 BOEST 20261227 GTIA,4000,USD,4,-11.177,104.03675,07/08/2026,11:30:09 AM,PRESTAMO,SEGUNDA PARTE,ROTC,09/10/2026,CONFIRMADA,3267740,0,27/12/2019,27/12/2026,1.452118,MINISTERIO DE HACIENDA,HACIENDA,60375
DO1005207118,MHUS2026,HACIENDA/6.65 BOEST 20261227 GTIA,4000,USD,4,-4.6446,104.39325,07/08/2026,11:30:09 AM,PRESTAMO,PRIMERA PARTE,ROTC,10/08/2026,CONFIRMADA,3267740,0,27/12/2019,27/12/2026,1.452118,MINISTERIO DE HACIENDA,HACIENDA,60487
DO1005207118,MHUS2026,HACIENDA/6.65 BOEST 20261227 GTIA,4000,USD,4,-4.6446,104.39325,07/08/2026,11:30:08 AM,CONTADO,PRIMERA PARTE,ROTC,10/08/2026,CONFIRMADA,3267739,0,27/12/2019,27/12/2026,0,MINISTERIO DE HACIENDA,HACIENDA,59787
DO1002261928,LE090427,BCENTRAL/ LT 20270409 GTIA,10000,DOP,1,-14.137,106.2593,07/08/2026,11:30:06 AM,PLAZO,PRIMERA PARTE,ROTC,10/11/2026,CONFIRMADA,3267738,0,09/04/2026,09/04/2027,0,BANCO CENTRAL DE LA REPUBLICA DOMINICANA,BCENTRAL,55475
DO1002261928,LE090427,BCENTRAL/ LT 20270409 GTIA,10000,DOP,1,-14.137,106.2593,07/08/2026,11:30:05 AM,PRESTAMO,SEGUNDA PARTE,ROTC,10/11/2026,CONFIRMADA,3267737,0,09/04/2026,09/04/2027,2.345865,BANCO CENTRAL DE LA REPUBLICA DOMINICANA,BCENTRAL,57008
DO1002261928,LE090427,BCENTRAL/ LT 20270409 GTIA,10000,DOP,1,-5.3998,103.7666,07/08/2026,11:30:05 AM,PRESTAMO,PRIMERA PARTE,ROTC,10/08/2026,CONFIRMADA,3267737,0,09/04/2026,09/04/2027,2.345865,BANCO CENTRAL DE LA REPUBLICA DOMINICANA,BCENTRAL,57260
DO1005208629,MH12031,HACIENDA/8.5 BOEST 20310611 GTIA,400000,DOP,4,4.3739,117.922373,07/08/2026,11:30:05 AM,PRESTAMO,SEGUNDA PARTE,ROTC,23/09/2026,CONFIRMADA,3268235,0,11/06/2021,11/06/2031,8.19,MINISTERIO DE HACIENDA,HACIENDA,59906
DO1005208629,MH12031,HACIENDA/8.5 BOEST 20310611 GTIA,400000,DOP,4,4.5009,117.759445,07/08/2026,11:30:05 AM,PRESTAMO,PRIMERA PARTE,ROTC,07/08/2026,CONFIRMADA,3268235,0,11/06/2021,11/06/2031,8.19,MINISTERIO DE HACIENDA,HACIENDA,59976
DO1002261928,LE090427,BCENTRAL/ LT 20270409 GTIA,10000,DOP,1,-5.3998,103.7666,07/08/2026,11:30:04 AM,CONTADO,PRIMERA PARTE,ROTC,10/08/2026,CONFIRMADA,3267736,0,09/04/2026,09/04/2027,0,BANCO CENTRAL DE LA REPUBLICA DOMINICANA,BCENTRAL,56560
DO1005208629,MH12031,HACIENDA/8.5 BOEST 20310611 GTIA,400000,DOP,4,4.3739,117.922373,07/08/2026,11:30:04 AM,ESTRUCTURADA,SEGUNDA PARTE,ROTC,23/09/2026,CONFIRMADA,3268157,0,11/06/2021,11/06/2031,8.19,MINISTERIO DE HACIENDA,HACIENDA,61999
DO1005208629,MH12031,HACIENDA/8.5 BOEST 20310611 GTIA,400000,DOP,4,4.5009,117.759445,07/08/2026,11:30:04 AM,ESTRUCTURADA,PRIMERA PARTE,ROTC,07/08/2026,CONFIRMADA,3268157,0,11/06/2021,11/06/2031,8.19,MINISTERIO DE HACIENDA,HACIENDA,62069
DO1002261928,LE090427,BCENTRAL/ LT 20270409 GTIA,10000,DOP,1,-66.259,138.1372,07/08/2026,11:30:03 AM,PLAZO,PRIMERA PARTE,ROTC,10/11/2026,CONFIRMADA,3267735,0,09/04/2026,09/04/2027,0,BANCO CENTRAL DE LA REPUBLICA DOMINICANA,BCENTRAL,55531
DO1002261928,LE090427,BCENTRAL/ LT 20270409 GTIA,10000,DOP,1,-66.259,138.1372,07/08/2026,11:30:02 AM,PRESTAMO,SEGUNDA PARTE,ROTC,10/11/2026,CONFIRMADA,3267734,0,09/04/2026,09/04/2027,2.345856,BANCO CENTRAL DE LA REPUBLICA DOMINICANA,BCENTRAL,57064
DO1002261928,LE090427,BCENTRAL/ LT 20270409 GTIA,10000,DOP,1,-38.483,134.8967,07/08/2026,11:30:02 AM,PRESTAMO,PRIMERA PARTE,ROTC,10/08/2026,CONFIRMADA,3267734,0,09/04/2026,09/04/2027,2.345856,BANCO CENTRAL DE LA REPUBLICA DOMINICANA,BCENTRAL,57246
DO1002261928,LE090427,BCENTRAL/ LT 20270409 GTIA,10000,DOP,1,-38.483,134.8967,07/08/2026,11:30:01 AM,CONTADO,PRIMERA PARTE,ROTC,10/08/2026,CONFIRMADA,3267733,0,09/04/2026,09/04/2027,0,BANCO CENTRAL DE LA REPUBLICA DOMINICANA,BCENTRAL,56546
DO1002261928,LE090427,BCENTRAL/ LT 20270409 GTIA,140000,DOP,14,0.5447,99.815743,07/08/2026,11:30:00 AM,PLAZO,PRIMERA PARTE,ROTC,08/12/2026,CONFIRMADA,3267732,0,09/04/2026,09/04/2027,0,BANCO CENTRAL DE LA REPUBLICA DOMINICANA,BCENTRAL,56406
DO1002261928,LE090427,BCENTRAL/ LT 20270409 GTIA,140000,DOP,14,0.5447,99.815743,07/08/2026,11:29:59 AM,PRESTAMO,SEGUNDA PARTE,ROTC,08/12/2026,CONFIRMADA,3267731,0,09/04/2026,09/04/2027,3.038141,BANCO CENTRAL DE LA REPUBLICA DOMINICANA,BCENTRAL,58100
DO1002261928,LE090427,BCENTRAL/ LT 20270409 GTIA,140000,DOP,14,4.9444,96.7832,07/08/2026,11:29:59 AM,PRESTAMO,PRIMERA PARTE,ROTC,10/08/2026,CONFIRMADA,3267731,0,09/04/2026,09/04/2027,3.038141,BANCO CENTRAL DE LA REPUBLICA DOMINICANA,BCENTRAL,57435
DO1002261928,LE090427,BCENTRAL/ LT 20270409 GTIA,140000,DOP,14,4.9444,96.7832,07/08/2026,11:29:58 AM,CONTADO,PRIMERA PARTE,ROTC,10/08/2026,CONFIRMADA,3267730,0,09/04/2026,09/04/2027,0,BANCO CENTRAL DE LA REPUBLICA DOMINICANA,BCENTRAL,56735
DO1002261928,LE090427,BCENTRAL/ LT 20270409 GTIA,3030000,DOP,303,0,94.978846,07/08/2026,11:29:57 AM,PLAZO,PRIMERA PARTE,ROTC,07/09/2026,CONFIRMADA,3267729,0,09/04/2026,09/04/2027,0,BANCO CENTRAL DE LA REPUBLICA DOMINICANA,BCENTRAL,55524
DO1002261928,LE090427,BCENTRAL/ LT 20270409 GTIA,3030000,DOP,303,0,94.978846,07/08/2026,11:29:56 AM,PRESTAMO,SEGUNDA PARTE,ROTC,07/09/2026,CONFIRMADA,3267728,0,09/04/2026,09/04/2027,0.773279,BANCO CENTRAL DE LA REPUBLICA DOMINICANA,BCENTRAL,57057
DO1002261928,LE090427,BCENTRAL/ LT 20270409 GTIA,3030000,DOP,303,8.9737,94.244394,07/08/2026,11:29:56 AM,PRESTAMO,PRIMERA PARTE,ROTC,07/08/2026,CONFIRMADA,3267728,0,09/04/2026,09/04/2027,0.773279,BANCO CENTRAL DE LA REPUBLICA DOMINICANA,BCENTRAL,58905
DO1002261928,LE090427,BCENTRAL/ LT 20270409 GTIA,3030000,DOP,303,8.9737,94.244394,07/08/2026,11:29:55 AM,CONTADO,PRIMERA PARTE,ROTC,07/08/2026,CONFIRMADA,3267727,0,09/04/2026,09/04/2027,0,BANCO CENTRAL DE LA REPUBLICA DOMINICANA,BCENTRAL,58205
DO1002261928,LE090427,BCENTRAL/ LT 20270409 GTIA,220000,DOP,22,6.4527,98.935991,07/08/2026,11:29:53 AM,PRESTAMO,SEGUNDA PARTE,ROTC,08/02/2027,CONFIRMADA,3267725,0,09/04/2026,09/04/2027,4.674648,BANCO CENTRAL DE LA REPUBLICA DOMINICANA,BCENTRAL,58121
DO1002261928,LE090427,BCENTRAL/ LT 20270409 GTIA,220000,DOP,22,8.9733,94.311082,07/08/2026,11:29:53 AM,PRESTAMO,PRIMERA PARTE,ROTC,10/08/2026,CONFIRMADA,3267725,0,09/04/2026,09/04/2027,4.674648,BANCO CENTRAL DE LA REPUBLICA DOMINICANA,BCENTRAL,58037
DO1002261928,LE090427,BCENTRAL/ LT 20270409 GTIA,220000,DOP,22,6.4527,98.935991,07/08/2026,11:29:53 AM,PLAZO,PRIMERA PARTE,ROTC,08/02/2027,CONFIRMADA,3267726,0,09/04/2026,09/04/2027,0,BANCO CENTRAL DE LA REPUBLICA DOMINICANA,BCENTRAL,56581
DO1002261928,LE090427,BCENTRAL/ LT 20270409 GTIA,220000,DOP,22,8.9733,94.311082,07/08/2026,11:29:51 AM,CONTADO,PRIMERA PARTE,ROTC,10/08/2026,CONFIRMADA,3267724,0,09/04/2026,09/04/2027,0,BANCO CENTRAL DE LA REPUBLICA DOMINICANA,BCENTRAL,57330
DO1002261928,LE090427,BCENTRAL/ LT 20270409 GTIA,800000,DOP,80,10.0976,98.344918,07/08/2026,11:29:50 AM,PLAZO,PRIMERA PARTE,ROTC,08/02/2027,CONFIRMADA,3267723,0,09/04/2026,09/04/2027,0,BANCO CENTRAL DE LA REPUBLICA DOMINICANA,BCENTRAL,56896
DO1002261928,LE090427,BCENTRAL/ LT 20270409 GTIA,800000,DOP,80,10.0976,98.344918,07/08/2026,11:29:49 AM,PRESTAMO,SEGUNDA PARTE,ROTC,08/02/2027,CONFIRMADA,3267722,0,09/04/2026,09/04/2027,4.674649,BANCO CENTRAL DE LA REPUBLICA DOMINICANA,BCENTRAL,58492
DO1002261928,LE090427,BCENTRAL/ LT 20270409 GTIA,800000,DOP,80,9.9214,93.747638,07/08/2026,11:29:49 AM,PRESTAMO,PRIMERA PARTE,ROTC,10/08/2026,CONFIRMADA,3267722,0,09/04/2026,09/04/2027,4.674649,BANCO CENTRAL DE LA REPUBLICA DOMINICANA,BCENTRAL,58226
DO1002261928,LE090427,BCENTRAL/ LT 20270409 GTIA,800000,DOP,80,9.9214,93.747638,07/08/2026,11:29:48 AM,CONTADO,PRIMERA PARTE,ROTC,10/08/2026,CONFIRMADA,3267721,0,09/04/2026,09/04/2027,0,BANCO CENTRAL DE LA REPUBLICA DOMINICANA,BCENTRAL,57526
DO1002261928,LE090427,BCENTRAL/ LT 20270409 GTIA,410000,DOP,41,0,96.960839000000007,07/08/2026,11:29:47 AM,PLAZO,PRIMERA PARTE,ROTC,10/11/2026,CONFIRMADA,3267720,0,09/04/2026,09/04/2027,0,BANCO CENTRAL DE LA REPUBLICA DOMINICANA,BCENTRAL,54705
DO1002261928,LE090427,BCENTRAL/ LT 20270409 GTIA,410000,DOP,41,0,96.960839000000007,07/08/2026,11:29:46 AM,PRESTAMO,SEGUNDA PARTE,ROTC,10/11/2026,CONFIRMADA,3267719,0,09/04/2026,09/04/2027,2.345868,BANCO CENTRAL DE LA REPUBLICA DOMINICANA,BCENTRAL,56238
DO1002261928,LE090427,BCENTRAL/ LT 20270409 GTIA,410000,DOP,41,8.3483,94.686266,07/08/2026,11:29:46 AM,PRESTAMO,PRIMERA PARTE,ROTC,10/08/2026,CONFIRMADA,3267719,0,09/04/2026,09/04/2027,2.345868,BANCO CENTRAL DE LA REPUBLICA DOMINICANA,BCENTRAL,58170
DO1002261928,LE090427,BCENTRAL/ LT 20270409 GTIA,410000,DOP,41,8.3483,94.686266,07/08/2026,11:29:45 AM,CONTADO,PRIMERA PARTE,ROTC,10/08/2026,CONFIRMADA,3267718,0,09/04/2026,09/04/2027,0,BANCO CENTRAL DE LA REPUBLICA DOMINICANA,BCENTRAL,57470
DO1005206516,MH32028,HACIENDA/10.75 BOEST 20280811 GTIA,1800000,DOP,18,3.13697,110.631095,07/08/2026,11:27:57 AM,PRESTAMO,SEGUNDA PARTE,ROTC,05/03/2027,CONFIRMADA,3268035,0,10/08/2018,11/08/2028,10.75,MINISTERIO DE HACIENDA,HACIENDA,61733
DO1005206516,MH32028,HACIENDA/10.75 BOEST 20280811 GTIA,1800000,DOP,18,10.29373,100.807706,07/08/2026,11:27:57 AM,PRESTAMO,PRIMERA PARTE,ROTC,07/08/2026,CONFIRMADA,3268035,0,10/08/2018,11/08/2028,10.75,MINISTERIO DE HACIENDA,HACIENDA,62167
DO1005206516,MH32028,HACIENDA/10.75 BOEST 20280811 GTIA,1800000,DOP,18,3.13697,110.631095,07/08/2026,11:26:56 AM,ESTRUCTURADA,SEGUNDA PARTE,ROTC,05/03/2027,CONFIRMADA,3268034,0,10/08/2018,11/08/2028,10.75,MINISTERIO DE HACIENDA,HACIENDA,63819
DO1005206516,MH32028,HACIENDA/10.75 BOEST 20280811 GTIA,1800000,DOP,18,10.29373,100.807706,07/08/2026,11:26:56 AM,ESTRUCTURADA,PRIMERA PARTE,ROTC,07/08/2026,CONFIRMADA,3268034,0,10/08/2018,11/08/2028,10.75,MINISTERIO DE HACIENDA,HACIENDA,64253
DO1002261829,NO010330,BCENTRAL/9.5 BOEST 20300301 GTIA,22420000,DOP,2242,9.55,99.838687,07/08/2026,11:26:46 AM,CONTADO,PRIMERA PARTE,ROTC,07/08/2026,CONFIRMADA,3268100,0,01/03/2026,01/03/2030,0,BANCO CENTRAL DE LA REPUBLICA DOMINICANA,BCENTRAL,60781
USP3579EBY25,BSRD2048,DOMINICAN REP/6.5 CHURCH BD UNSEC,38000,USD,38,6.8768,95.800751,07/08/2026,11:25:53 AM,ESTRUCTURADA,SEGUNDA PARTE,ROTC,16/09/2026,CONFIRMADA,3268109,0,08/02/2018,15/02/2048,4.15,MINISTERIO DE HACIENDA,HACIENDA,65394
USP3579EBY25,BSRD2048,DOMINICAN REP/6.5 CHURCH BD UNSEC,38000,USD,38,6.8536,96.047708,07/08/2026,11:25:53 AM,ESTRUCTURADA,PRIMERA PARTE,ROTC,07/08/2026,CONFIRMADA,3268109,0,08/02/2018,15/02/2048,4.15,MINISTERIO DE HACIENDA,HACIENDA,65443
USP3579EBY25,BSRD2048,DOMINICAN REP/6.5 CHURCH BD UNSEC,38000,USD,38,0,0,07/08/2026,11:25:52 AM,PRESTAMO,SEGUNDA PARTE,ROTC,14/02/2048,CONFIRMADA,3268110,0,08/02/2018,15/02/2048,0,MINISTERIO DE HACIENDA,HACIENDA,58422
USP3579EBY25,BSRD2048,DOMINICAN REP/6.5 CHURCH BD UNSEC,38000,USD,38,6.8536,96.047708,07/08/2026,11:25:52 AM,PRESTAMO,PRIMERA PARTE,ROTC,07/08/2026,CONFIRMADA,3268110,0,08/02/2018,15/02/2048,0,MINISTERIO DE HACIENDA,HACIENDA,63336
DO1005210922,MH22034,HACIENDA/13 BOEST 20340610 GTIA,2100000,DOP,21,9.2942,120.114998,07/08/2026,11:25:52 AM,ESTRUCTURADA,SEGUNDA PARTE,ROTC,09/09/2026,CONFIRMADA,3268111,0,10/06/2022,10/06/2034,9.2,MINISTERIO DE HACIENDA,HACIENDA,62314
DO1005210922,MH22034,HACIENDA/13 BOEST 20340610 GTIA,2100000,DOP,21,9.2983,120.258738,07/08/2026,11:25:52 AM,ESTRUCTURADA,PRIMERA PARTE,ROTC,07/08/2026,CONFIRMADA,3268111,0,10/06/2022,10/06/2034,9.2,MINISTERIO DE HACIENDA,HACIENDA,62398
DO1005210922,MH22034,HACIENDA/13 BOEST 20340610 GTIA,2100000,DOP,21,0,0,07/08/2026,11:25:51 AM,PRESTAMO,SEGUNDA PARTE,ROTC,09/06/2034,CONFIRMADA,3268112,0,10/06/2022,10/06/2034,0,MINISTERIO DE HACIENDA,HACIENDA,55076
DO1005210922,MH22034,HACIENDA/13 BOEST 20340610 GTIA,2100000,DOP,21,9.2983,120.258738,07/08/2026,11:25:51 AM,PRESTAMO,PRIMERA PARTE,ROTC,07/08/2026,CONFIRMADA,3268112,0,10/06/2022,10/06/2034,0,MINISTERIO DE HACIENDA,HACIENDA,60291
USP3579EBY25,BSRD2048,DOMINICAN REP/6.5 CHURCH BD UNSEC,22000,USD,22,6.8208,96.418172,07/08/2026,11:25:51 AM,ESTRUCTURADA,SEGUNDA PARTE,ROTC,04/12/2026,CONFIRMADA,3268113,0,08/02/2018,15/02/2048,4.95,MINISTERIO DE HACIENDA,HACIENDA,65163
USP3579EBY25,BSRD2048,DOMINICAN REP/6.5 CHURCH BD UNSEC,22000,USD,22,6.7761,96.894444,07/08/2026,11:25:51 AM,ESTRUCTURADA,PRIMERA PARTE,ROTC,07/08/2026,CONFIRMADA,3268113,0,08/02/2018,15/02/2048,4.95,MINISTERIO DE HACIENDA,HACIENDA,65373
USP3579EBY25,BSRD2048,DOMINICAN REP/6.5 CHURCH BD UNSEC,22000,USD,22,0,0,07/08/2026,11:25:50 AM,PRESTAMO,SEGUNDA PARTE,ROTC,14/02/2048,CONFIRMADA,3268114,0,08/02/2018,15/02/2048,0,MINISTERIO DE HACIENDA,HACIENDA,58310
USP3579EBY25,BSRD2048,DOMINICAN REP/6.5 CHURCH BD UNSEC,22000,USD,22,6.7761,96.894444,07/08/2026,11:25:50 AM,PRESTAMO,PRIMERA PARTE,ROTC,07/08/2026,CONFIRMADA,3268114,0,08/02/2018,15/02/2048,0,MINISTERIO DE HACIENDA,HACIENDA,63266
USP3579ECJ49,BSRD2041, ,14000,USD,14,6.5087,88.855183,07/08/2026,11:25:50 AM,ESTRUCTURADA,SEGUNDA PARTE,ROTC,07/10/2026,CONFIRMADA,3268115,0,21/01/2021,21/01/2041,4.55,MINISTERIO DE HACIENDA,HACIENDA,50120
USP3579ECJ49,BSRD2041, ,14000,USD,14,6.4777,89.050159,07/08/2026,11:25:50 AM,ESTRUCTURADA,PRIMERA PARTE,ROTC,07/08/2026,CONFIRMADA,3268115,0,21/01/2021,21/01/2041,4.55,MINISTERIO DE HACIENDA,HACIENDA,50204
USP3579ECJ49,BSRD2041, ,14000,USD,14,0,0,07/08/2026,11:25:49 AM,PRESTAMO,SEGUNDA PARTE,ROTC,18/01/2041,CONFIRMADA,3268116,0,21/01/2021,21/01/2041,0,MINISTERIO DE HACIENDA,HACIENDA,43225
USP3579ECJ49,BSRD2041, ,14000,USD,14,6.4777,89.050159,07/08/2026,11:25:49 AM,PRESTAMO,PRIMERA PARTE,ROTC,07/08/2026,CONFIRMADA,3268116,0,21/01/2021,21/01/2041,0,MINISTERIO DE HACIENDA,HACIENDA,48160
USP3579ECN50,BSRD2033, ,125000,USD,125,5.9392,100.3188,07/08/2026,11:25:48 AM,ESTRUCTURADA,SEGUNDA PARTE,ROTC,07/09/2026,CONFIRMADA,3268117,0,22/02/2022,22/02/2033,4.15,MINISTERIO DE HACIENDA,HACIENDA,50421
USP3579ECN50,BSRD2033, ,125000,USD,125,5.9154,100.45,07/08/2026,11:25:48 AM,ESTRUCTURADA,PRIMERA PARTE,ROTC,07/08/2026,CONFIRMADA,3268117,0,22/02/2022,22/02/2033,4.15,MINISTERIO DE HACIENDA,HACIENDA,49700
USP3579ECN50,BSRD2033, ,125000,USD,125,0,0,07/08/2026,11:25:48 AM,PRESTAMO,SEGUNDA PARTE,ROTC,21/02/2033,CONFIRMADA,3268118,0,22/02/2022,22/02/2033,0,MINISTERIO DE HACIENDA,HACIENDA,43883
USP3579ECN50,BSRD2033, ,125000,USD,125,5.9154,100.45,07/08/2026,11:25:48 AM,PRESTAMO,PRIMERA PARTE,ROTC,07/08/2026,CONFIRMADA,3268118,0,22/02/2022,22/02/2033,0,MINISTERIO DE HACIENDA,HACIENDA,47600
USP3579ECV76,BSDR2036, ,1500000,DOP,30,8.9457,111.370259,07/08/2026,11:25:47 AM,ESTRUCTURADA,SEGUNDA PARTE,ROTC,07/12/2026,CONFIRMADA,3268119,0,01/07/2024,01/06/2036,9.35,MINISTERIO DE HACIENDA,HACIENDA,51156
USP3579ECV76,BSDR2036, ,1500000,DOP,30,8.9799,111.3625,07/08/2026,11:25:47 AM,ESTRUCTURADA,PRIMERA PARTE,ROTC,07/08/2026,CONFIRMADA,3268119,0,01/07/2024,01/06/2036,9.35,MINISTERIO DE HACIENDA,HACIENDA,50575
USP3579ECV76,BSDR2036, ,1500000,DOP,30,0,0,07/08/2026,11:25:46 AM,PRESTAMO,SEGUNDA PARTE,ROTC,30/05/2036,CONFIRMADA,3268120,0,01/07/2024,01/06/2036,0,MINISTERIO DE HACIENDA,HACIENDA,43932
USP3579ECV76,BSDR2036, ,1500000,DOP,30,8.9799,111.3625,07/08/2026,11:25:46 AM,PRESTAMO,PRIMERA PARTE,ROTC,07/08/2026,CONFIRMADA,3268120,0,01/07/2024,01/06/2036,0,MINISTERIO DE HACIENDA,HACIENDA,48468
USP3579ECN50,BSRD2033, ,5000,USD,5,6.194,99.014133,07/08/2026,11:25:46 AM,ESTRUCTURADA,SEGUNDA PARTE,ROTC,05/01/2027,CONFIRMADA,3268121,0,22/02/2022,22/02/2033,4.95,MINISTERIO DE HACIENDA,HACIENDA,48965
USP3579ECN50,BSRD2033, ,5000,USD,5,6.1194,99.3608,07/08/2026,11:25:46 AM,ESTRUCTURADA,PRIMERA PARTE,ROTC,07/08/2026,CONFIRMADA,3268121,0,22/02/2022,22/02/2033,4.95,MINISTERIO DE HACIENDA,HACIENDA,48790
USP3579ECN50,BSRD2033, ,5000,USD,5,0,0,07/08/2026,11:25:45 AM,PRESTAMO,SEGUNDA PARTE,ROTC,21/02/2033,CONFIRMADA,3268122,0,22/02/2022,22/02/2033,0,MINISTERIO DE HACIENDA,HACIENDA,42476
USP3579ECN50,BSRD2033, ,5000,USD,5,6.1194,99.3608,07/08/2026,11:25:45 AM,PRESTAMO,PRIMERA PARTE,ROTC,07/08/2026,CONFIRMADA,3268122,0,22/02/2022,22/02/2033,0,MINISTERIO DE HACIENDA,HACIENDA,46683
DO1002261928,LE090427,BCENTRAL/ LT 20270409 GTIA,1650000,DOP,165,7.7906,98.006352,07/08/2026,11:25:45 AM,ESTRUCTURADA,SEGUNDA PARTE,ROTC,05/01/2027,CONFIRMADA,3268123,0,09/04/2026,09/04/2027,9.25,BANCO CENTRAL DE LA REPUBLICA DOMINICANA,BCENTRAL,60851
DO1002261928,LE090427,BCENTRAL/ LT 20270409 GTIA,1650000,DOP,165,8.806,94.345863,07/08/2026,11:25:45 AM,ESTRUCTURADA,PRIMERA PARTE,ROTC,07/08/2026,CONFIRMADA,3268123,0,09/04/2026,09/04/2027,9.25,BANCO CENTRAL DE LA REPUBLICA DOMINICANA,BCENTRAL,60648
DO1002261928,LE090427,BCENTRAL/ LT 20270409 GTIA,1650000,DOP,165,0,0,07/08/2026,11:25:44 AM,PRESTAMO,SEGUNDA PARTE,ROTC,08/04/2027,CONFIRMADA,3268124,0,09/04/2026,09/04/2027,0,BANCO CENTRAL DE LA REPUBLICA DOMINICANA,BCENTRAL,54012
DO1002261928,LE090427,BCENTRAL/ LT 20270409 GTIA,1650000,DOP,165,8.806,94.345863,07/08/2026,11:25:44 AM,PRESTAMO,PRIMERA PARTE,ROTC,07/08/2026,CONFIRMADA,3268124,0,09/04/2026,09/04/2027,0,BANCO CENTRAL DE LA REPUBLICA DOMINICANA,BCENTRAL,58541
DO1002261423,NO301129,BCENTRAL/9.5 BOEST 20291130 GTIA,50000,DOP,5,9.0812,101.103037,07/08/2026,11:25:44 AM,ESTRUCTURADA,SEGUNDA PARTE,ROTC,06/10/2026,CONFIRMADA,3268125,0,30/11/2025,30/11/2029,8.95,BANCO CENTRAL DE LA REPUBLICA DOMINICANA,BCENTRAL,62125
DO1002261423,NO301129,BCENTRAL/9.5 BOEST 20291130 GTIA,50000,DOP,5,9.0931,101.11705,07/08/2026,11:25:44 AM,ESTRUCTURADA,PRIMERA PARTE,ROTC,07/08/2026,CONFIRMADA,3268125,0,30/11/2025,30/11/2029,8.95,BANCO CENTRAL DE LA REPUBLICA DOMINICANA,BCENTRAL,61922
DO1002261423,NO301129,BCENTRAL/9.5 BOEST 20291130 GTIA,50000,DOP,5,0,0,07/08/2026,11:25:43 AM,PRESTAMO,SEGUNDA PARTE,ROTC,29/11/2029,CONFIRMADA,3268126,0,30/11/2025,30/11/2029,0,BANCO CENTRAL DE LA REPUBLICA DOMINICANA,BCENTRAL,55153
DO1002261423,NO301129,BCENTRAL/9.5 BOEST 20291130 GTIA,50000,DOP,5,9.0931,101.11705,07/08/2026,11:25:43 AM,PRESTAMO,PRIMERA PARTE,ROTC,07/08/2026,CONFIRMADA,3268126,0,30/11/2025,30/11/2029,0,BANCO CENTRAL DE LA REPUBLICA DOMINICANA,BCENTRAL,59815
USP3579ECY16,BSDR2037, ,32600000,DOP,652,8.8084,111.259899,07/08/2026,11:25:42 AM,ESTRUCTURADA,SEGUNDA PARTE,ROTC,04/12/2026,CONFIRMADA,3268127,0,24/02/2025,15/03/2037,9.95,MINISTERIO DE HACIENDA,HACIENDA,51940
USP3579ECY16,BSDR2037, ,32600000,DOP,652,8.8904,110.889008,07/08/2026,11:25:42 AM,ESTRUCTURADA,PRIMERA PARTE,ROTC,07/08/2026,CONFIRMADA,3268127,0,24/02/2025,15/03/2037,9.95,MINISTERIO DE HACIENDA,HACIENDA,51996
USP3579ECY16,BSDR2037, ,32600000,DOP,652,0,0,07/08/2026,11:25:42 AM,PRESTAMO,SEGUNDA PARTE,ROTC,13/03/2037,CONFIRMADA,3268128,0,24/02/2025,15/03/2037,0,MINISTERIO DE HACIENDA,HACIENDA,44667
USP3579ECY16,BSDR2037, ,32600000,DOP,652,8.8904,110.889008,07/08/2026,11:25:42 AM,PRESTAMO,PRIMERA PARTE,ROTC,07/08/2026,CONFIRMADA,3268128,0,24/02/2025,15/03/2037,0,MINISTERIO DE HACIENDA,HACIENDA,49896
USP3579ECY16,BSDR2037, ,32600000,DOP,652,8.8084,111.259899,07/08/2026,11:25:41 AM,ESTRUCTURADA,SEGUNDA PARTE,ROTC,04/12/2026,CONFIRMADA,3268129,0,24/02/2025,15/03/2037,9.95,MINISTERIO DE HACIENDA,HACIENDA,51933
USP3579ECY16,BSDR2037, ,32600000,DOP,652,8.8904,110.889008,07/08/2026,11:25:41 AM,ESTRUCTURADA,PRIMERA PARTE,ROTC,07/08/2026,CONFIRMADA,3268129,0,24/02/2025,15/03/2037,9.95,MINISTERIO DE HACIENDA,HACIENDA,51989
USP3579ECY16,BSDR2037, ,32600000,DOP,652,0,0,07/08/2026,11:25:40 AM,PRESTAMO,SEGUNDA PARTE,ROTC,13/03/2037,CONFIRMADA,3268130,0,24/02/2025,15/03/2037,0,MINISTERIO DE HACIENDA,HACIENDA,44653
USP3579ECY16,BSDR2037, ,32600000,DOP,652,8.8904,110.889008,07/08/2026,11:25:40 AM,PRESTAMO,PRIMERA PARTE,ROTC,07/08/2026,CONFIRMADA,3268130,0,24/02/2025,15/03/2037,0,MINISTERIO DE HACIENDA,HACIENDA,49882
DO1002261928,LE090427,BCENTRAL/ LT 20270409 GTIA,110000,DOP,11,10.2874,96.524555,07/08/2026,11:25:40 AM,ESTRUCTURADA,SEGUNDA PARTE,ROTC,04/12/2026,CONFIRMADA,3268131,0,09/04/2026,09/04/2027,9.35,BANCO CENTRAL DE LA REPUBLICA DOMINICANA,BCENTRAL,60347
DO1002261928,LE090427,BCENTRAL/ LT 20270409 GTIA,110000,DOP,11,9.9956,93.630709,07/08/2026,11:25:40 AM,ESTRUCTURADA,PRIMERA PARTE,ROTC,07/08/2026,CONFIRMADA,3268131,0,09/04/2026,09/04/2027,9.35,BANCO CENTRAL DE LA REPUBLICA DOMINICANA,BCENTRAL,60214
DO1002261928,LE090427,BCENTRAL/ LT 20270409 GTIA,110000,DOP,11,0,0,07/08/2026,11:25:39 AM,PRESTAMO,SEGUNDA PARTE,ROTC,08/04/2027,CONFIRMADA,3268132,0,09/04/2026,09/04/2027,0,BANCO CENTRAL DE LA REPUBLICA DOMINICANA,BCENTRAL,53228
DO1002261928,LE090427,BCENTRAL/ LT 20270409 GTIA,110000,DOP,11,9.9956,93.630709,07/08/2026,11:25:39 AM,PRESTAMO,PRIMERA PARTE,ROTC,07/08/2026,CONFIRMADA,3268132,0,09/04/2026,09/04/2027,0,BANCO CENTRAL DE LA REPUBLICA DOMINICANA,BCENTRAL,58170
DO1002261928,LE090427,BCENTRAL/ LT 20270409 GTIA,800000,DOP,80,8.1102,97.303729,07/08/2026,11:25:39 AM,ESTRUCTURADA,SEGUNDA PARTE,ROTC,07/12/2026,CONFIRMADA,3268133,0,09/04/2026,09/04/2027,9.35,BANCO CENTRAL DE LA REPUBLICA DOMINICANA,BCENTRAL,60095
DO1002261928,LE090427,BCENTRAL/ LT 20270409 GTIA,800000,DOP,80,8.8566,94.315245,07/08/2026,11:25:39 AM,ESTRUCTURADA,PRIMERA PARTE,ROTC,07/08/2026,CONFIRMADA,3268133,0,09/04/2026,09/04/2027,9.35,BANCO CENTRAL DE LA REPUBLICA DOMINICANA,BCENTRAL,60291
DO1002261928,LE090427,BCENTRAL/ LT 20270409 GTIA,800000,DOP,80,0,0,07/08/2026,11:25:38 AM,PRESTAMO,SEGUNDA PARTE,ROTC,08/04/2027,CONFIRMADA,3268134,0,09/04/2026,09/04/2027,0,BANCO CENTRAL DE LA REPUBLICA DOMINICANA,BCENTRAL,53305
DO1002261928,LE090427,BCENTRAL/ LT 20270409 GTIA,800000,DOP,80,8.8566,94.315245,07/08/2026,11:25:38 AM,PRESTAMO,PRIMERA PARTE,ROTC,07/08/2026,CONFIRMADA,3268134,0,09/04/2026,09/04/2027,0,BANCO CENTRAL DE LA REPUBLICA DOMINICANA,BCENTRAL,58184
DO1002261928,LE090427,BCENTRAL/ LT 20270409 GTIA,230000,DOP,23,11.7909,94.286939,07/08/2026,11:25:38 AM,ESTRUCTURADA,SEGUNDA PARTE,ROTC,06/10/2026,CONFIRMADA,3268135,0,09/04/2026,09/04/2027,8.9,BANCO CENTRAL DE LA REPUBLICA DOMINICANA,BCENTRAL,60536
DO1002261928,LE090427,BCENTRAL/ LT 20270409 GTIA,230000,DOP,23,11.215,92.908791,07/08/2026,11:25:38 AM,ESTRUCTURADA,PRIMERA PARTE,ROTC,07/08/2026,CONFIRMADA,3268135,0,09/04/2026,09/04/2027,8.9,BANCO CENTRAL DE LA REPUBLICA DOMINICANA,BCENTRAL,60165
DO1002261928,LE090427,BCENTRAL/ LT 20270409 GTIA,230000,DOP,23,0,0,07/08/2026,11:25:37 AM,PRESTAMO,SEGUNDA PARTE,ROTC,08/04/2027,CONFIRMADA,3268136,0,09/04/2026,09/04/2027,0,BANCO CENTRAL DE LA REPUBLICA DOMINICANA,BCENTRAL,53256
DO1002261928,LE090427,BCENTRAL/ LT 20270409 GTIA,230000,DOP,23,11.215,92.908791,07/08/2026,11:25:37 AM,PRESTAMO,PRIMERA PARTE,ROTC,07/08/2026,CONFIRMADA,3268136,0,09/04/2026,09/04/2027,0,BANCO CENTRAL DE LA REPUBLICA DOMINICANA,BCENTRAL,58058
USP3579ECE51,BSRD2049,"DOMINICAN, REP /6.4 BD 20490605",32000,USD,32,6.9473,93.816288,07/08/2026,11:25:36 AM,ESTRUCTURADA,SEGUNDA PARTE,ROTC,07/12/2026,CONFIRMADA,3268137,0,05/06/2019,05/06/2049,5.2,MINISTERIO DE HACIENDA,HACIENDA,62552
USP3579ECE51,BSRD2049,"DOMINICAN, REP /6.4 BD 20490605",32000,USD,32,6.9012,94.268965,07/08/2026,11:25:36 AM,ESTRUCTURADA,PRIMERA PARTE,ROTC,07/08/2026,CONFIRMADA,3268137,0,05/06/2019,05/06/2049,5.2,MINISTERIO DE HACIENDA,HACIENDA,62601
USP3579ECE51,BSRD2049,"DOMINICAN, REP /6.4 BD 20490605",32000,USD,32,0,0,07/08/2026,11:25:36 AM,PRESTAMO,SEGUNDA PARTE,ROTC,04/06/2049,CONFIRMADA,3268138,0,05/06/2019,05/06/2049,0,MINISTERIO DE HACIENDA,HACIENDA,55629
USP3579ECE51,BSRD2049,"DOMINICAN, REP /6.4 BD 20490605",32000,USD,32,6.9012,94.268965,07/08/2026,11:25:36 AM,PRESTAMO,PRIMERA PARTE,ROTC,07/08/2026,CONFIRMADA,3268138,0,05/06/2019,05/06/2049,0,MINISTERIO DE HACIENDA,HACIENDA,60501
USP3579ECN50,BSRD2033, ,339000,USD,339,5.9191,100.40482,07/08/2026,11:25:35 AM,ESTRUCTURADA,SEGUNDA PARTE,ROTC,04/12/2026,CONFIRMADA,3268139,0,22/02/2022,22/02/2033,5.45,MINISTERIO DE HACIENDA,HACIENDA,50729
USP3579ECN50,BSRD2033, ,339000,USD,339,5.9071,100.494838,07/08/2026,11:25:35 AM,ESTRUCTURADA,PRIMERA PARTE,ROTC,07/08/2026,CONFIRMADA,3268139,0,22/02/2022,22/02/2033,5.45,MINISTERIO DE HACIENDA,HACIENDA,51289
USP3579ECN50,BSRD2033, ,339000,USD,339,0,0,07/08/2026,11:25:35 AM,PRESTAMO,SEGUNDA PARTE,ROTC,21/02/2033,CONFIRMADA,3268140,0,22/02/2022,22/02/2033,0,MINISTERIO DE HACIENDA,HACIENDA,43953
USP3579ECN50,BSRD2033, ,339000,USD,339,5.9071,100.494838,07/08/2026,11:25:35 AM,PRESTAMO,PRIMERA PARTE,ROTC,07/08/2026,CONFIRMADA,3268140,0,22/02/2022,22/02/2033,0,MINISTERIO DE HACIENDA,HACIENDA,49189
USP3579ECN50,BSRD2033, ,2000,USD,2,5.9192,100.403,07/08/2026,11:25:34 AM,ESTRUCTURADA,SEGUNDA PARTE,ROTC,16/12/2026,CONFIRMADA,3268141,0,22/02/2022,22/02/2033,5.1,MINISTERIO DE HACIENDA,HACIENDA,48475
USP3579ECN50,BSRD2033, ,2000,USD,2,5.8811,100.6345,07/08/2026,11:25:34 AM,ESTRUCTURADA,PRIMERA PARTE,ROTC,07/08/2026,CONFIRMADA,3268141,0,22/02/2022,22/02/2033,5.1,MINISTERIO DE HACIENDA,HACIENDA,48965
USP3579ECN50,BSRD2033, ,2000,USD,2,0,0,07/08/2026,11:25:33 AM,PRESTAMO,SEGUNDA PARTE,ROTC,21/02/2033,CONFIRMADA,3268142,0,22/02/2022,22/02/2033,0,MINISTERIO DE HACIENDA,HACIENDA,42413
USP3579ECN50,BSRD2033, ,2000,USD,2,5.8811,100.6345,07/08/2026,11:25:33 AM,PRESTAMO,PRIMERA PARTE,ROTC,07/08/2026,CONFIRMADA,3268142,0,22/02/2022,22/02/2033,0,MINISTERIO DE HACIENDA,HACIENDA,46858
DO1002261928,LE090427,BCENTRAL/ LT 20270409 GTIA,320000,DOP,32,9.9694,94.454688,07/08/2026,11:25:33 AM,ESTRUCTURADA,SEGUNDA PARTE,ROTC,09/09/2026,CONFIRMADA,3268143,0,09/04/2026,09/04/2027,8.2,BANCO CENTRAL DE LA REPUBLICA DOMINICANA,BCENTRAL,60298
DO1002261928,LE090427,BCENTRAL/ LT 20270409 GTIA,320000,DOP,32,9.7959,93.75,07/08/2026,11:25:33 AM,ESTRUCTURADA,PRIMERA PARTE,ROTC,07/08/2026,CONFIRMADA,3268143,0,09/04/2026,09/04/2027,8.2,BANCO CENTRAL DE LA REPUBLICA DOMINICANA,BCENTRAL,58842
DO1002261928,LE090427,BCENTRAL/ LT 20270409 GTIA,320000,DOP,32,0,0,07/08/2026,11:25:32 AM,PRESTAMO,SEGUNDA PARTE,ROTC,08/04/2027,CONFIRMADA,3268144,0,09/04/2026,09/04/2027,0,BANCO CENTRAL DE LA REPUBLICA DOMINICANA,BCENTRAL,53221
DO1002261928,LE090427,BCENTRAL/ LT 20270409 GTIA,320000,DOP,32,9.7959,93.75,07/08/2026,11:25:32 AM,PRESTAMO,PRIMERA PARTE,ROTC,07/08/2026,CONFIRMADA,3268144,0,09/04/2026,09/04/2027,0,BANCO CENTRAL DE LA REPUBLICA DOMINICANA,BCENTRAL,56735
USP3579ECN50,BSRD2033, ,243000,USD,243,5.9582,100.221342,07/08/2026,11:25:32 AM,ESTRUCTURADA,SEGUNDA PARTE,ROTC,13/08/2026,CONFIRMADA,3268145,0,22/02/2022,22/02/2033,1.95,MINISTERIO DE HACIENDA,HACIENDA,50995
USP3579ECN50,BSRD2033, ,243000,USD,243,5.9456,100.287856,07/08/2026,11:25:32 AM,ESTRUCTURADA,PRIMERA PARTE,ROTC,07/08/2026,CONFIRMADA,3268145,0,22/02/2022,22/02/2033,1.95,MINISTERIO DE HACIENDA,HACIENDA,51233
USP3579ECN50,BSRD2033, ,243000,USD,243,0,0,07/08/2026,11:25:31 AM,PRESTAMO,SEGUNDA PARTE,ROTC,21/02/2033,CONFIRMADA,3268146,0,22/02/2022,22/02/2033,0,MINISTERIO DE HACIENDA,HACIENDA,43841
USP3579ECN50,BSRD2033, ,243000,USD,243,5.9456,100.287856,07/08/2026,11:25:31 AM,PRESTAMO,PRIMERA PARTE,ROTC,07/08/2026,CONFIRMADA,3268146,0,22/02/2022,22/02/2033,0,MINISTERIO DE HACIENDA,HACIENDA,49126
USP3579ECS48,BSDR2035, ,7700000,DOP,154,9.1578,112.399188,07/08/2026,11:25:31 AM,ESTRUCTURADA,SEGUNDA PARTE,ROTC,07/12/2026,CONFIRMADA,3268147,0,15/09/2023,15/09/2035,9.35,MINISTERIO DE HACIENDA,HACIENDA,51583
USP3579ECS48,BSDR2035, ,7700000,DOP,154,9.1988,112.445617,07/08/2026,11:25:31 AM,ESTRUCTURADA,PRIMERA PARTE,ROTC,07/08/2026,CONFIRMADA,3268147,0,15/09/2023,15/09/2035,9.35,MINISTERIO DE HACIENDA,HACIENDA,51639
USP3579ECS48,BSDR2035, ,7700000,DOP,154,0,0,07/08/2026,11:25:30 AM,PRESTAMO,SEGUNDA PARTE,ROTC,14/09/2035,CONFIRMADA,3268148,0,15/09/2023,15/09/2035,0,MINISTERIO DE HACIENDA,HACIENDA,44324
USP3579ECS48,BSDR2035, ,7700000,DOP,154,9.1988,112.445617,07/08/2026,11:25:30 AM,PRESTAMO,PRIMERA PARTE,ROTC,07/08/2026,CONFIRMADA,3268148,0,15/09/2023,15/09/2035,0,MINISTERIO DE HACIENDA,HACIENDA,49532
USP3579ECN50,BSRD2033, ,585000,USD,585,5.9823,100.092537,07/08/2026,11:25:29 AM,ESTRUCTURADA,SEGUNDA PARTE,ROTC,13/08/2026,CONFIRMADA,3268149,0,22/02/2022,22/02/2033,1.95,MINISTERIO DE HACIENDA,HACIENDA,51233
USP3579ECN50,BSRD2033, ,585000,USD,585,5.9696,100.159092,07/08/2026,11:25:29 AM,ESTRUCTURADA,PRIMERA PARTE,ROTC,07/08/2026,CONFIRMADA,3268149,0,22/02/2022,22/02/2033,1.95,MINISTERIO DE HACIENDA,HACIENDA,51373
USP3579ECN50,BSRD2033, ,585000,USD,585,0,0,07/08/2026,11:25:29 AM,PRESTAMO,SEGUNDA PARTE,ROTC,21/02/2033,CONFIRMADA,3268150,0,22/02/2022,22/02/2033,0,MINISTERIO DE HACIENDA,HACIENDA,44016
USP3579ECN50,BSRD2033, ,585000,USD,585,5.9696,100.159092,07/08/2026,11:25:29 AM,PRESTAMO,PRIMERA PARTE,ROTC,07/08/2026,CONFIRMADA,3268150,0,22/02/2022,22/02/2033,0,MINISTERIO DE HACIENDA,HACIENDA,49273
USP3579ECN50,BSRD2033, ,585000,USD,585,5.9823,100.092535,07/08/2026,11:25:28 AM,ESTRUCTURADA,SEGUNDA PARTE,ROTC,13/08/2026,CONFIRMADA,3268151,0,22/02/2022,22/02/2033,1.95,MINISTERIO DE HACIENDA,HACIENDA,51212
USP3579ECN50,BSRD2033, ,585000,USD,585,5.9696,100.159091,07/08/2026,11:25:28 AM,ESTRUCTURADA,PRIMERA PARTE,ROTC,07/08/2026,CONFIRMADA,3268151,0,22/02/2022,22/02/2033,1.95,MINISTERIO DE HACIENDA,HACIENDA,51359
USP3579ECN50,BSRD2033, ,585000,USD,585,0,0,07/08/2026,11:25:27 AM,PRESTAMO,SEGUNDA PARTE,ROTC,21/02/2033,CONFIRMADA,3268152,0,22/02/2022,22/02/2033,0,MINISTERIO DE HACIENDA,HACIENDA,44002
USP3579ECN50,BSRD2033, ,585000,USD,585,5.9696,100.159091,07/08/2026,11:25:27 AM,PRESTAMO,PRIMERA PARTE,ROTC,07/08/2026,CONFIRMADA,3268152,0,22/02/2022,22/02/2033,0,MINISTERIO DE HACIENDA,HACIENDA,49252
DO1002227721,NO111226,BCENTRAL/9 BOEST 20261211 GTIA,19700000,DOP,1970,7,100.65223400000001,07/08/2026,11:25:10 AM,CONTADO,PRIMERA PARTE,ROTC,07/08/2026,CONFIRMADA,3268101,0,11/12/2023,11/12/2026,0,BANCO CENTRAL DE LA REPUBLICA DOMINICANA,BCENTRAL,59164
DO1005208215,MHUS2029,HACIENDA/6.95 BOEST 20290626 GTIA,243000,USD,243,2.2054,112.107062,07/08/2026,11:23:18 AM,PRESTAMO,SEGUNDA PARTE,ROTC,05/11/2026,CONFIRMADA,3267907,0,26/06/2020,26/06/2029,1.93746,MINISTERIO DE HACIENDA,HACIENDA,61803
DO1005208215,MHUS2029,HACIENDA/6.95 BOEST 20290626 GTIA,243000,USD,243,2.4784,112.377198,07/08/2026,11:23:18 AM,PRESTAMO,PRIMERA PARTE,ROTC,07/08/2026,CONFIRMADA,3267907,0,26/06/2020,26/06/2029,1.93746,MINISTERIO DE HACIENDA,HACIENDA,62139
DO1005208215,MHUS2029,HACIENDA/6.95 BOEST 20290626 GTIA,243000,USD,243,2.2054,112.107062,07/08/2026,11:23:17 AM,ESTRUCTURADA,SEGUNDA PARTE,ROTC,05/11/2026,CONFIRMADA,3267906,0,26/06/2020,26/06/2029,5.05,MINISTERIO DE HACIENDA,HACIENDA,63896
DO1005208215,MHUS2029,HACIENDA/6.95 BOEST 20290626 GTIA,243000,USD,243,2.4784,112.377198,07/08/2026,11:23:17 AM,ESTRUCTURADA,PRIMERA PARTE,ROTC,07/08/2026,CONFIRMADA,3267906,0,26/06/2020,26/06/2029,5.05,MINISTERIO DE HACIENDA,HACIENDA,64232
DO1002227721,NO111226,BCENTRAL/9 BOEST 20261211 GTIA,25000000,DOP,2500,6.1289,100.939025,07/08/2026,11:22:53 AM,CONTADO,PRIMERA PARTE,ROTC,07/08/2026,CONFIRMADA,3267616,0,11/12/2023,11/12/2026,0,BANCO CENTRAL DE LA REPUBLICA DOMINICANA,BCENTRAL,60893
DO1005206516,MH32028,HACIENDA/10.75 BOEST 20280811 GTIA,22200000,DOP,222,6.2201,108.120357,07/08/2026,11:22:28 AM,PRESTAMO,SEGUNDA PARTE,ROTC,07/09/2026,CONFIRMADA,3268108,0,10/08/2018,11/08/2028,8.99,MINISTERIO DE HACIENDA,HACIENDA,61908
DO1005206516,MH32028,HACIENDA/10.75 BOEST 20280811 GTIA,22200000,DOP,222,9.1762,102.865642,07/08/2026,11:22:28 AM,PRESTAMO,PRIMERA PARTE,ROTC,07/08/2026,CONFIRMADA,3268108,0,10/08/2018,11/08/2028,8.99,MINISTERIO DE HACIENDA,HACIENDA,62111
DO1005206516,MH32028,HACIENDA/10.75 BOEST 20280811 GTIA,22200000,DOP,222,6.2201,108.120357,07/08/2026,11:22:27 AM,ESTRUCTURADA,SEGUNDA PARTE,ROTC,07/09/2026,CONFIRMADA,3268104,0,10/08/2018,11/08/2028,8.99,MINISTERIO DE HACIENDA,HACIENDA,64001
DO1005206516,MH32028,HACIENDA/10.75 BOEST 20280811 GTIA,22200000,DOP,222,9.1762,102.865642,07/08/2026,11:22:27 AM,ESTRUCTURADA,PRIMERA PARTE,ROTC,07/08/2026,CONFIRMADA,3268104,0,10/08/2018,11/08/2028,8.99,MINISTERIO DE HACIENDA,HACIENDA,64204
DO1005206516,MH32028,HACIENDA/10.75 BOEST 20280811 GTIA,29400000,DOP,294,6.1724,108.210219,07/08/2026,11:21:48 AM,PRESTAMO,SEGUNDA PARTE,ROTC,07/09/2026,CONFIRMADA,3268107,0,10/08/2018,11/08/2028,8.99,MINISTERIO DE HACIENDA,HACIENDA,62083
DO1005206516,MH32028,HACIENDA/10.75 BOEST 20280811 GTIA,29400000,DOP,294,9.1275,102.954813,07/08/2026,11:21:48 AM,PRESTAMO,PRIMERA PARTE,ROTC,07/08/2026,CONFIRMADA,3268107,0,10/08/2018,11/08/2028,8.99,MINISTERIO DE HACIENDA,HACIENDA,62230
DO1005206516,MH32028,HACIENDA/10.75 BOEST 20280811 GTIA,29400000,DOP,294,6.1724,108.210219,07/08/2026,11:21:47 AM,ESTRUCTURADA,SEGUNDA PARTE,ROTC,07/09/2026,CONFIRMADA,3268103,0,10/08/2018,11/08/2028,8.99,MINISTERIO DE HACIENDA,HACIENDA,64176
DO1005206516,MH32028,HACIENDA/10.75 BOEST 20280811 GTIA,29400000,DOP,294,9.1275,102.954813,07/08/2026,11:21:47 AM,ESTRUCTURADA,PRIMERA PARTE,ROTC,07/08/2026,CONFIRMADA,3268103,0,10/08/2018,11/08/2028,8.99,MINISTERIO DE HACIENDA,HACIENDA,64323
DO1002261928,LE090427,BCENTRAL/ LT 20270409 GTIA,2680000,DOP,268,11.1076,98.182383,28/07/2026,11:21:43 AM,PRESTAMO,SEGUNDA PARTE,ROTC,10/08/2026,MODIFICADA,3245513,0,09/04/2026,09/04/2027,4.991885,BANCO CENTRAL DE LA REPUBLICA DOMINICANA,BCENTRAL,58968
DO1002261928,LE090427,BCENTRAL/ LT 20270409 GTIA,2680000,DOP,268,11.1076,98.182383,28/07/2026,11:21:42 AM,PLAZO,PRIMERA PARTE,ROTC,10/08/2026,MODIFICADA,3245514,0,09/04/2026,09/04/2027,0,BANCO CENTRAL DE LA REPUBLICA DOMINICANA,BCENTRAL,57421
DO1005204412,MH12029,HACIENDA/11.375 BOEST 20290706 GTIA,3100000,DOP,31,7.65468336,109.025952,07/08/2026,11:20:54 AM,PRESTAMO,SEGUNDA PARTE,ROTC,06/10/2026,CONFIRMADA,3268106,0,06/07/2014,06/07/2029,8,MINISTERIO DE HACIENDA,HACIENDA,63105
DO1005204412,MH12029,HACIENDA/11.375 BOEST 20290706 GTIA,3100000,DOP,31,7.69521366,109.423538,07/08/2026,11:20:54 AM,PRESTAMO,PRIMERA PARTE,ROTC,07/08/2026,CONFIRMADA,3268106,0,06/07/2014,06/07/2029,8,MINISTERIO DE HACIENDA,HACIENDA,63217
DO1005204412,MH12029,HACIENDA/11.375 BOEST 20290706 GTIA,3100000,DOP,31,7.65468336,109.025952,07/08/2026,11:20:53 AM,ESTRUCTURADA,SEGUNDA PARTE,ROTC,06/10/2026,CONFIRMADA,3268105,0,06/07/2014,06/07/2029,8,MINISTERIO DE HACIENDA,HACIENDA,65198
DO1005204412,MH12029,HACIENDA/11.375 BOEST 20290706 GTIA,3100000,DOP,31,7.69521366,109.423538,07/08/2026,11:20:53 AM,ESTRUCTURADA,PRIMERA PARTE,ROTC,07/08/2026,CONFIRMADA,3268105,0,06/07/2014,06/07/2029,8,MINISTERIO DE HACIENDA,HACIENDA,65310
DO1002261928,LE090427,BCENTRAL/ LT 20270409 GTIA,930000,DOP,93,0,94.368538,07/08/2026,11:20:05 AM,PLAZO,PRIMERA PARTE,ROTC,09/09/2026,CONFIRMADA,3267717,0,09/04/2026,09/04/2027,0,BANCO CENTRAL DE LA REPUBLICA DOMINICANA,BCENTRAL,54775
DO1002261928,LE090427,BCENTRAL/ LT 20270409 GTIA,930000,DOP,93,0,94.368538,07/08/2026,11:20:04 AM,PRESTAMO,SEGUNDA PARTE,ROTC,09/09/2026,CONFIRMADA,3267716,0,09/04/2026,09/04/2027,0.748522,BANCO CENTRAL DE LA REPUBLICA DOMINICANA,BCENTRAL,56308
DO1002261928,LE090427,BCENTRAL/ LT 20270409 GTIA,930000,DOP,93,10.0662,93.662169,07/08/2026,11:20:04 AM,PRESTAMO,PRIMERA PARTE,ROTC,10/08/2026,CONFIRMADA,3267716,0,09/04/2026,09/04/2027,0.748522,BANCO CENTRAL DE LA REPUBLICA DOMINICANA,BCENTRAL,58387
DO1002261928,LE090427,BCENTRAL/ LT 20270409 GTIA,930000,DOP,93,10.0662,93.662169,07/08/2026,11:20:03 AM,CONTADO,PRIMERA PARTE,ROTC,10/08/2026,CONFIRMADA,3267715,0,09/04/2026,09/04/2027,0,BANCO CENTRAL DE LA REPUBLICA DOMINICANA,BCENTRAL,57687
DO1002261928,LE090427,BCENTRAL/ LT 20270409 GTIA,60000,DOP,6,15.0088,95.159883,07/08/2026,11:20:02 AM,PLAZO,PRIMERA PARTE,ROTC,08/12/2026,CONFIRMADA,3267714,0,09/04/2026,09/04/2027,0,BANCO CENTRAL DE LA REPUBLICA DOMINICANA,BCENTRAL,56119
DO1002261928,LE090427,BCENTRAL/ LT 20270409 GTIA,60000,DOP,6,15.0088,95.159883,07/08/2026,11:20:01 AM,PRESTAMO,SEGUNDA PARTE,ROTC,08/12/2026,CONFIRMADA,3267713,0,09/04/2026,09/04/2027,3.069466,BANCO CENTRAL DE LA REPUBLICA DOMINICANA,BCENTRAL,57652
DO1002261928,LE090427,BCENTRAL/ LT 20270409 GTIA,60000,DOP,6,12.5167,92.238983,07/08/2026,11:20:01 AM,PRESTAMO,PRIMERA PARTE,ROTC,10/08/2026,CONFIRMADA,3267713,0,09/04/2026,09/04/2027,3.069466,BANCO CENTRAL DE LA REPUBLICA DOMINICANA,BCENTRAL,57673
DO1002261928,LE090427,BCENTRAL/ LT 20270409 GTIA,60000,DOP,6,12.5167,92.238983,07/08/2026,11:20:00 AM,CONTADO,PRIMERA PARTE,ROTC,10/08/2026,CONFIRMADA,3267712,0,09/04/2026,09/04/2027,0,BANCO CENTRAL DE LA REPUBLICA DOMINICANA,BCENTRAL,56973
DO1002261928,LE090427,BCENTRAL/ LT 20270409 GTIA,640000,DOP,64,10.0976,98.344919,07/08/2026,11:19:58 AM,PRESTAMO,SEGUNDA PARTE,ROTC,08/02/2027,CONFIRMADA,3267710,0,09/04/2026,09/04/2027,4.674651,BANCO CENTRAL DE LA REPUBLICA DOMINICANA,BCENTRAL,58520
DO1002261928,LE090427,BCENTRAL/ LT 20270409 GTIA,640000,DOP,64,9.9214,93.747638,07/08/2026,11:19:58 AM,PRESTAMO,PRIMERA PARTE,ROTC,10/08/2026,CONFIRMADA,3267710,0,09/04/2026,09/04/2027,4.674651,BANCO CENTRAL DE LA REPUBLICA DOMINICANA,BCENTRAL,58247
DO1002261928,LE090427,BCENTRAL/ LT 20270409 GTIA,640000,DOP,64,10.0976,98.344919,07/08/2026,11:19:58 AM,PLAZO,PRIMERA PARTE,ROTC,08/02/2027,CONFIRMADA,3267711,0,09/04/2026,09/04/2027,0,BANCO CENTRAL DE LA REPUBLICA DOMINICANA,BCENTRAL,56980
DO1002261928,LE090427,BCENTRAL/ LT 20270409 GTIA,640000,DOP,64,9.9214,93.747638,07/08/2026,11:19:56 AM,CONTADO,PRIMERA PARTE,ROTC,10/08/2026,CONFIRMADA,3267709,0,09/04/2026,09/04/2027,0,BANCO CENTRAL DE LA REPUBLICA DOMINICANA,BCENTRAL,57540
USP3579ECG00,BSRD2060,DOMINICAN REP/5.875 BD 20600130 U,1414000,USD,1414,6.74493376,88.5,07/08/2026,11:19:04 AM,CONTADO,PRIMERA PARTE,ROTC,07/08/2026,CONFIRMADA,3267909,0,30/01/2020,30/01/2060,0,MINISTERIO DE HACIENDA,HACIENDA,61782
USP3579ECX33,BSDR2055, ,1840000,USD,1840,6.69530094,105.75,07/08/2026,11:19:03 AM,CONTADO,PRIMERA PARTE,ROTC,07/08/2026,CONFIRMADA,3267899,0,24/02/2025,24/02/2055,0,MINISTERIO DE HACIENDA,HACIENDA,49238
DO1005208025,COV2040,HACIENDA/10.875 BOEST 20400228 GTIA,28000000,DOP,280,9.05,114.104379,07/08/2026,11:19:01 AM,CONTADO,PRIMERA PARTE,ROTC,07/08/2026,CONFIRMADA,3268002,0,28/02/2020,28/02/2040,0,MINISTERIO DE HACIENDA,HACIENDA,61201
DO1005208025,COV2040,HACIENDA/10.875 BOEST 20400228 GTIA,28000000,DOP,280,8.05,123.070633,07/08/2026,11:19:00 AM,CONTADO,PRIMERA PARTE,ROTC,07/08/2026,CONFIRMADA,3267409,0,28/02/2020,28/02/2040,0,MINISTERIO DE HACIENDA,HACIENDA,61152
DO1005205419,MH42026,HACIENDA/11 BOEST 20261204 GTIA,100000,DOP,1,276.481,56.4914,07/08/2026,11:18:36 AM,PLAZO,PRIMERA PARTE,ROTC,05/11/2026,CONFIRMADA,3268062,0,04/06/2016,04/12/2026,0,MINISTERIO DE HACIENDA,HACIENDA,57274
DO1005205419,MH42026,HACIENDA/11 BOEST 20261204 GTIA,100000,DOP,1,276.481,56.4914,07/08/2026,11:18:35 AM,PRESTAMO,SEGUNDA PARTE,ROTC,05/11/2026,CONFIRMADA,3268061,0,04/06/2016,04/12/2026,5.007598,MINISTERIO DE HACIENDA,HACIENDA,58807
DO1005205419,MH42026,HACIENDA/11 BOEST 20261204 GTIA,100000,DOP,1,276.481,58.07123,07/08/2026,11:18:35 AM,PRESTAMO,PRIMERA PARTE,ROTC,07/08/2026,CONFIRMADA,3268061,0,04/06/2016,04/12/2026,5.007598,MINISTERIO DE HACIENDA,HACIENDA,59241
DO1005205419,MH42026,HACIENDA/11 BOEST 20261204 GTIA,100000,DOP,1,276.481,58.07123,07/08/2026,11:18:34 AM,CONTADO,PRIMERA PARTE,ROTC,07/08/2026,CONFIRMADA,3268018,0,04/06/2016,04/12/2026,0,MINISTERIO DE HACIENDA,HACIENDA,58541
DO1005206516,MH32028,HACIENDA/10.75 BOEST 20280811 GTIA,400000,DOP,4,3.90786,109.952387,07/08/2026,11:17:10 AM,PRESTAMO,SEGUNDA PARTE,ROTC,05/02/2027,CONFIRMADA,3268031,0,10/08/2018,11/08/2028,10.75,MINISTERIO DE HACIENDA,HACIENDA,61054
DO1005206516,MH32028,HACIENDA/10.75 BOEST 20280811 GTIA,400000,DOP,4,8.12821,104.781087,07/08/2026,11:17:10 AM,PRESTAMO,PRIMERA PARTE,ROTC,07/08/2026,CONFIRMADA,3268031,0,10/08/2018,11/08/2028,10.75,MINISTERIO DE HACIENDA,HACIENDA,61033
DO1005206516,MH32028,HACIENDA/10.75 BOEST 20280811 GTIA,8800000,DOP,88,6.3024,107.965606,07/08/2026,11:17:02 AM,PRESTAMO,SEGUNDA PARTE,ROTC,07/09/2026,CONFIRMADA,3268097,0,10/08/2018,11/08/2028,8.99,MINISTERIO DE HACIENDA,HACIENDA,61467
DO1005206516,MH32028,HACIENDA/10.75 BOEST 20280811 GTIA,8800000,DOP,88,9.2602,102.71208,07/08/2026,11:17:02 AM,PRESTAMO,PRIMERA PARTE,ROTC,07/08/2026,CONFIRMADA,3268097,0,10/08/2018,11/08/2028,8.99,MINISTERIO DE HACIENDA,HACIENDA,61082
DO1005206516,MH32028,HACIENDA/10.75 BOEST 20280811 GTIA,8800000,DOP,88,6.3024,107.965606,07/08/2026,11:17:01 AM,ESTRUCTURADA,SEGUNDA PARTE,ROTC,07/09/2026,CONFIRMADA,3268072,0,10/08/2018,11/08/2028,8.99,MINISTERIO DE HACIENDA,HACIENDA,63560
DO1005206516,MH32028,HACIENDA/10.75 BOEST 20280811 GTIA,8800000,DOP,88,9.2602,102.71208,07/08/2026,11:17:01 AM,ESTRUCTURADA,PRIMERA PARTE,ROTC,07/08/2026,CONFIRMADA,3268072,0,10/08/2018,11/08/2028,8.99,MINISTERIO DE HACIENDA,HACIENDA,63175
DO1005206516,MH32028,HACIENDA/10.75 BOEST 20280811 GTIA,400000,DOP,4,3.90786,109.952387,07/08/2026,11:16:17 AM,ESTRUCTURADA,SEGUNDA PARTE,ROTC,05/02/2027,CONFIRMADA,3268030,0,10/08/2018,11/08/2028,10.75,MINISTERIO DE HACIENDA,HACIENDA,63196
DO1005206516,MH32028,HACIENDA/10.75 BOEST 20280811 GTIA,400000,DOP,4,8.12821,104.781087,07/08/2026,11:16:17 AM,ESTRUCTURADA,PRIMERA PARTE,ROTC,07/08/2026,CONFIRMADA,3268030,0,10/08/2018,11/08/2028,10.75,MINISTERIO DE HACIENDA,HACIENDA,63175
USP3579ECH82,BSRD2032,"DOMINICAN, REP /4.875 BD 20320923",100000,USD,100,4.73617,100.710833,07/08/2026,11:14:57 AM,PRESTAMO,SEGUNDA PARTE,ROTC,09/10/2026,CONFIRMADA,3268033,0,23/09/2020,23/09/2032,4.875,MINISTERIO DE HACIENDA,HACIENDA,62314
USP3579ECH82,BSRD2032,"DOMINICAN, REP /4.875 BD 20320923",100000,USD,100,5.22371,98.18542,07/08/2026,11:14:57 AM,PRESTAMO,PRIMERA PARTE,ROTC,07/08/2026,CONFIRMADA,3268033,0,23/09/2020,23/09/2032,4.875,MINISTERIO DE HACIENDA,HACIENDA,61782
USP3579ECH82,BSRD2032,"DOMINICAN, REP /4.875 BD 20320923",100000,USD,100,4.73617,100.710833,07/08/2026,11:14:42 AM,ESTRUCTURADA,SEGUNDA PARTE,ROTC,09/10/2026,CONFIRMADA,3268032,0,23/09/2020,23/09/2032,4.875,MINISTERIO DE HACIENDA,HACIENDA,64372
USP3579ECH82,BSRD2032,"DOMINICAN, REP /4.875 BD 20320923",100000,USD,100,5.22371,98.18542,07/08/2026,11:14:42 AM,ESTRUCTURADA,PRIMERA PARTE,ROTC,07/08/2026,CONFIRMADA,3268032,0,23/09/2020,23/09/2032,4.875,MINISTERIO DE HACIENDA,HACIENDA,63840
DO1005208322,MHUS2040,HACIENDA/6.75 BOEST 20400724 GTIA,4888000,USD,4888,3.336405,137.812635,07/08/2026,11:12:35 AM,PLAZO,PRIMERA PARTE,ROTC,14/08/2026,CONFIRMADA,3268060,0,24/07/2020,24/07/2040,0,MINISTERIO DE HACIENDA,HACIENDA,61957
DO1005208322,MHUS2040,HACIENDA/6.75 BOEST 20400724 GTIA,4888000,USD,4888,3.34003905,137.805644,07/08/2026,11:12:34 AM,CONTADO,PRIMERA PARTE,ROTC,07/08/2026,CONFIRMADA,3268059,0,24/07/2020,24/07/2040,0,MINISTERIO DE HACIENDA,HACIENDA,63581
USP3579ECH82,BSRD2032,"DOMINICAN, REP /4.875 BD 20320923",118000,USD,118,4.62403,101.276756,07/08/2026,11:12:20 AM,PRESTAMO,SEGUNDA PARTE,ROTC,02/11/2026,CONFIRMADA,3268029,0,23/09/2020,23/09/2032,4.875,MINISTERIO DE HACIENDA,HACIENDA,62335
USP3579ECH82,BSRD2032,"DOMINICAN, REP /4.875 BD 20320923",118000,USD,118,5.09066,98.871017,07/08/2026,11:12:20 AM,PRESTAMO,PRIMERA PARTE,ROTC,07/08/2026,CONFIRMADA,3268029,0,23/09/2020,23/09/2032,4.875,MINISTERIO DE HACIENDA,HACIENDA,62230
DO1005206516,MH32028,HACIENDA/10.75 BOEST 20280811 GTIA,1300000,DOP,13,2.16407,112.103372,07/08/2026,11:11:54 AM,PRESTAMO,SEGUNDA PARTE,ROTC,05/03/2027,CONFIRMADA,3268037,0,10/08/2018,11/08/2028,10.75,MINISTERIO DE HACIENDA,HACIENDA,61488
DO1005206516,MH32028,HACIENDA/10.75 BOEST 20280811 GTIA,1300000,DOP,13,9.38541,102.449842,07/08/2026,11:11:54 AM,PRESTAMO,PRIMERA PARTE,ROTC,07/08/2026,CONFIRMADA,3268037,0,10/08/2018,11/08/2028,10.75,MINISTERIO DE HACIENDA,HACIENDA,61761
DO1005206516,MH32028,HACIENDA/10.75 BOEST 20280811 GTIA,2300000,DOP,23,5.9399,108.637678,07/08/2026,11:11:54 AM,PRESTAMO,SEGUNDA PARTE,ROTC,08/09/2026,CONFIRMADA,3268071,0,10/08/2018,11/08/2028,8.24,MINISTERIO DE HACIENDA,HACIENDA,61509
DO1005206516,MH32028,HACIENDA/10.75 BOEST 20280811 GTIA,2300000,DOP,23,8.8564,103.453187,07/08/2026,11:11:54 AM,PRESTAMO,PRIMERA PARTE,ROTC,07/08/2026,CONFIRMADA,3268071,0,10/08/2018,11/08/2028,8.24,MINISTERIO DE HACIENDA,HACIENDA,61432
DO1005206516,MH32028,HACIENDA/10.75 BOEST 20280811 GTIA,2300000,DOP,23,5.9399,108.637678,07/08/2026,11:11:53 AM,ESTRUCTURADA,SEGUNDA PARTE,ROTC,08/09/2026,CONFIRMADA,3268070,0,10/08/2018,11/08/2028,8.24,MINISTERIO DE HACIENDA,HACIENDA,63602
DO1005206516,MH32028,HACIENDA/10.75 BOEST 20280811 GTIA,2300000,DOP,23,8.8564,103.453187,07/08/2026,11:11:53 AM,ESTRUCTURADA,PRIMERA PARTE,ROTC,07/08/2026,CONFIRMADA,3268070,0,10/08/2018,11/08/2028,8.24,MINISTERIO DE HACIENDA,HACIENDA,63525
DO1005206516,MH32028,HACIENDA/10.75 BOEST 20280811 GTIA,1300000,DOP,13,2.16407,112.103372,07/08/2026,11:11:25 AM,ESTRUCTURADA,SEGUNDA PARTE,ROTC,05/03/2027,CONFIRMADA,3268036,0,10/08/2018,11/08/2028,10.75,MINISTERIO DE HACIENDA,HACIENDA,63574
DO1005206516,MH32028,HACIENDA/10.75 BOEST 20280811 GTIA,1300000,DOP,13,9.38541,102.449842,07/08/2026,11:11:25 AM,ESTRUCTURADA,PRIMERA PARTE,ROTC,07/08/2026,CONFIRMADA,3268036,0,10/08/2018,11/08/2028,10.75,MINISTERIO DE HACIENDA,HACIENDA,63847
DO1005208025,COV2040,HACIENDA/10.875 BOEST 20400228 GTIA,700000,DOP,7,5.274,140.149707,07/08/2026,11:11:21 AM,PRESTAMO,SEGUNDA PARTE,ROTC,02/08/2027,ANULADA,3267389,0,28/02/2020,28/02/2040,4.61279,MINISTERIO DE HACIENDA,HACIENDA,59206
DO1005208025,COV2040,HACIENDA/10.875 BOEST 20400228 GTIA,700000,DOP,7,5.274,140.149707,07/08/2026,11:11:21 AM,PRESTAMO,SEGUNDA PARTE,ROTC,02/08/2027,CONFIRMADA,3267389,0,28/02/2020,28/02/2040,4.61279,MINISTERIO DE HACIENDA,HACIENDA,60760
DO1005208025,COV2040,HACIENDA/10.875 BOEST 20400228 GTIA,700000,DOP,7,6.586,138.09002,07/08/2026,11:11:21 AM,PRESTAMO,PRIMERA PARTE,ROTC,07/08/2026,CONFIRMADA,3267389,0,28/02/2020,28/02/2040,4.61279,MINISTERIO DE HACIENDA,HACIENDA,60494
DO1005208025,COV2040,HACIENDA/10.875 BOEST 20400228 GTIA,100000,DOP,1,10.7057,101.18421,07/08/2026,11:11:20 AM,PRESTAMO,SEGUNDA PARTE,ROTC,08/10/2026,CONFIRMADA,3267391,0,28/02/2020,28/02/2040,6.239882,MINISTERIO DE HACIENDA,HACIENDA,60900
DO1005208025,COV2040,HACIENDA/10.875 BOEST 20400228 GTIA,100000,DOP,1,11.462,96.01579,07/08/2026,11:11:20 AM,PRESTAMO,PRIMERA PARTE,ROTC,07/08/2026,CONFIRMADA,3267391,0,28/02/2020,28/02/2040,6.239882,MINISTERIO DE HACIENDA,HACIENDA,60424
DO1005208025,COV2040,HACIENDA/10.875 BOEST 20400228 GTIA,100000,DOP,1,10.8201,100.36108,07/08/2026,11:11:19 AM,PRESTAMO,SEGUNDA PARTE,ROTC,05/11/2026,CONFIRMADA,3267393,0,28/02/2020,28/02/2040,7.014487,MINISTERIO DE HACIENDA,HACIENDA,60893
DO1005208025,COV2040,HACIENDA/10.875 BOEST 20400228 GTIA,100000,DOP,1,11.5814,95.23288,07/08/2026,11:11:19 AM,PRESTAMO,PRIMERA PARTE,ROTC,07/08/2026,CONFIRMADA,3267393,0,28/02/2020,28/02/2040,7.014487,MINISTERIO DE HACIENDA,HACIENDA,60858
DO1005208025,COV2040,HACIENDA/10.875 BOEST 20400228 GTIA,600000,DOP,6,4.1347,169.12488,07/08/2026,11:11:18 AM,PRESTAMO,SEGUNDA PARTE,ROTC,07/09/2026,CONFIRMADA,3267395,0,28/02/2020,28/02/2040,3.599739,MINISTERIO DE HACIENDA,HACIENDA,60872
DO1005208025,COV2040,HACIENDA/10.875 BOEST 20400228 GTIA,600000,DOP,6,4.5627,163.324045,07/08/2026,11:11:18 AM,PRESTAMO,PRIMERA PARTE,ROTC,07/08/2026,CONFIRMADA,3267395,0,28/02/2020,28/02/2040,3.599739,MINISTERIO DE HACIENDA,HACIENDA,61222
DO1005208025,COV2040,HACIENDA/10.875 BOEST 20400228 GTIA,1700000,DOP,17,5.6427,148.519914,07/08/2026,11:11:17 AM,PRESTAMO,SEGUNDA PARTE,ROTC,05/11/2026,CONFIRMADA,3267397,0,28/02/2020,28/02/2040,5.501574,MINISTERIO DE HACIENDA,HACIENDA,61894
DO1005208025,COV2040,HACIENDA/10.875 BOEST 20400228 GTIA,1700000,DOP,17,6.2155,142.2917,07/08/2026,11:11:17 AM,PRESTAMO,PRIMERA PARTE,ROTC,07/08/2026,CONFIRMADA,3267397,0,28/02/2020,28/02/2040,5.501574,MINISTERIO DE HACIENDA,HACIENDA,61194
DO1005208025,COV2040,HACIENDA/10.875 BOEST 20400228 GTIA,300000,DOP,3,6.7483,135.870977,07/08/2026,11:11:16 AM,PRESTAMO,SEGUNDA PARTE,ROTC,05/11/2026,CONFIRMADA,3267399,0,28/02/2020,28/02/2040,5.791915,MINISTERIO DE HACIENDA,HACIENDA,61208
DO1005208025,COV2040,HACIENDA/10.875 BOEST 20400228 GTIA,300000,DOP,3,7.3513,129.938197,07/08/2026,11:11:16 AM,PRESTAMO,PRIMERA PARTE,ROTC,07/08/2026,CONFIRMADA,3267399,0,28/02/2020,28/02/2040,5.791915,MINISTERIO DE HACIENDA,HACIENDA,61278
DO1005208025,COV2040,HACIENDA/10.875 BOEST 20400228 GTIA,500000,DOP,5,6.7628,135.864456,07/08/2026,11:11:15 AM,PRESTAMO,SEGUNDA PARTE,ROTC,06/10/2026,CONFIRMADA,3267401,0,28/02/2020,28/02/2040,4.989158,MINISTERIO DE HACIENDA,HACIENDA,61201
DO1005208025,COV2040,HACIENDA/10.875 BOEST 20400228 GTIA,500000,DOP,5,7.3266,130.189976,07/08/2026,11:11:15 AM,PRESTAMO,PRIMERA PARTE,ROTC,07/08/2026,CONFIRMADA,3267401,0,28/02/2020,28/02/2040,4.989158,MINISTERIO DE HACIENDA,HACIENDA,61299
USP3579ECH82,BSRD2032,"DOMINICAN, REP /4.875 BD 20320923",118000,USD,118,4.62403,101.276756,07/08/2026,11:11:04 AM,ESTRUCTURADA,SEGUNDA PARTE,ROTC,02/11/2026,CONFIRMADA,3268028,0,23/09/2020,23/09/2032,4.875,MINISTERIO DE HACIENDA,HACIENDA,64442
USP3579ECH82,BSRD2032,"DOMINICAN, REP /4.875 BD 20320923",118000,USD,118,5.09066,98.871017,07/08/2026,11:11:04 AM,ESTRUCTURADA,PRIMERA PARTE,ROTC,07/08/2026,CONFIRMADA,3268028,0,23/09/2020,23/09/2032,4.875,MINISTERIO DE HACIENDA,HACIENDA,64337
DO1005208025,COV2040,HACIENDA/10.875 BOEST 20400228 GTIA,300000,DOP,3,6.7483,135.870977,07/08/2026,11:10:59 AM,ESTRUCTURADA,SEGUNDA PARTE,ROTC,05/11/2026,CONFIRMADA,3267398,0,28/02/2020,28/02/2040,9.566,MINISTERIO DE HACIENDA,HACIENDA,63350
DO1005208025,COV2040,HACIENDA/10.875 BOEST 20400228 GTIA,300000,DOP,3,7.3513,129.938197,07/08/2026,11:10:59 AM,ESTRUCTURADA,PRIMERA PARTE,ROTC,07/08/2026,CONFIRMADA,3267398,0,28/02/2020,28/02/2040,9.566,MINISTERIO DE HACIENDA,HACIENDA,63420
DO1005208025,COV2040,HACIENDA/10.875 BOEST 20400228 GTIA,500000,DOP,5,6.7628,135.864456,07/08/2026,11:10:59 AM,ESTRUCTURADA,SEGUNDA PARTE,ROTC,06/10/2026,CONFIRMADA,3267400,0,28/02/2020,28/02/2040,9.2,MINISTERIO DE HACIENDA,HACIENDA,63350
DO1005208025,COV2040,HACIENDA/10.875 BOEST 20400228 GTIA,500000,DOP,5,7.3266,130.189976,07/08/2026,11:10:59 AM,ESTRUCTURADA,PRIMERA PARTE,ROTC,07/08/2026,CONFIRMADA,3267400,0,28/02/2020,28/02/2040,9.2,MINISTERIO DE HACIENDA,HACIENDA,63448
DO1005208025,COV2040,HACIENDA/10.875 BOEST 20400228 GTIA,1700000,DOP,17,5.6427,148.519914,07/08/2026,11:10:58 AM,ESTRUCTURADA,SEGUNDA PARTE,ROTC,05/11/2026,CONFIRMADA,3267396,0,28/02/2020,28/02/2040,9.566,MINISTERIO DE HACIENDA,HACIENDA,64022
DO1005208025,COV2040,HACIENDA/10.875 BOEST 20400228 GTIA,1700000,DOP,17,6.2155,142.2917,07/08/2026,11:10:58 AM,ESTRUCTURADA,PRIMERA PARTE,ROTC,07/08/2026,CONFIRMADA,3267396,0,28/02/2020,28/02/2040,9.566,MINISTERIO DE HACIENDA,HACIENDA,63322
DO1005208025,COV2040,HACIENDA/10.875 BOEST 20400228 GTIA,600000,DOP,6,4.1347,169.12488,07/08/2026,11:10:57 AM,ESTRUCTURADA,SEGUNDA PARTE,ROTC,07/09/2026,CONFIRMADA,3267394,0,28/02/2020,28/02/2040,9.2,MINISTERIO DE HACIENDA,HACIENDA,62986
DO1005208025,COV2040,HACIENDA/10.875 BOEST 20400228 GTIA,600000,DOP,6,4.5627,163.324045,07/08/2026,11:10:57 AM,ESTRUCTURADA,PRIMERA PARTE,ROTC,07/08/2026,CONFIRMADA,3267394,0,28/02/2020,28/02/2040,9.2,MINISTERIO DE HACIENDA,HACIENDA,63336
DO1005208025,COV2040,HACIENDA/10.875 BOEST 20400228 GTIA,100000,DOP,1,10.8201,100.36108,07/08/2026,11:10:56 AM,ESTRUCTURADA,SEGUNDA PARTE,ROTC,05/11/2026,CONFIRMADA,3267392,0,28/02/2020,28/02/2040,9.6676,MINISTERIO DE HACIENDA,HACIENDA,62993
DO1005208025,COV2040,HACIENDA/10.875 BOEST 20400228 GTIA,100000,DOP,1,11.5814,95.23288,07/08/2026,11:10:56 AM,ESTRUCTURADA,PRIMERA PARTE,ROTC,07/08/2026,CONFIRMADA,3267392,0,28/02/2020,28/02/2040,9.6676,MINISTERIO DE HACIENDA,HACIENDA,62958
DO1002228125,NO090229,BCENTRAL/10 BOEST 20290209 GTIA,10000,DOP,1,5.7042,108.975,07/08/2026,11:10:55 AM,ESTRUCTURADA,SEGUNDA PARTE,ROTC,05/11/2026,CONFIRMADA,3267386,0,09/02/2024,09/02/2029,9.5659,BANCO CENTRAL DE LA REPUBLICA DOMINICANA,BCENTRAL,60802
DO1002228125,NO090229,BCENTRAL/10 BOEST 20290209 GTIA,10000,DOP,1,8.2798,103.8204,07/08/2026,11:10:55 AM,ESTRUCTURADA,PRIMERA PARTE,ROTC,07/08/2026,CONFIRMADA,3267386,0,09/02/2024,09/02/2029,9.5659,BANCO CENTRAL DE LA REPUBLICA DOMINICANA,BCENTRAL,61285
DO1005208025,COV2040,HACIENDA/10.875 BOEST 20400228 GTIA,100000,DOP,1,10.7057,101.18421,07/08/2026,11:10:55 AM,ESTRUCTURADA,SEGUNDA PARTE,ROTC,08/10/2026,CONFIRMADA,3267390,0,28/02/2020,28/02/2040,9.35,MINISTERIO DE HACIENDA,HACIENDA,63049
DO1005208025,COV2040,HACIENDA/10.875 BOEST 20400228 GTIA,100000,DOP,1,11.462,96.01579,07/08/2026,11:10:55 AM,ESTRUCTURADA,PRIMERA PARTE,ROTC,07/08/2026,CONFIRMADA,3267390,0,28/02/2020,28/02/2040,9.35,MINISTERIO DE HACIENDA,HACIENDA,62573
DO1005206516,MH32028,HACIENDA/10.75 BOEST 20280811 GTIA,2100000,DOP,21,5.66973,108.748082,07/08/2026,11:09:36 AM,PRESTAMO,SEGUNDA PARTE,ROTC,08/10/2026,CONFIRMADA,3268039,0,10/08/2018,11/08/2028,10.75,MINISTERIO DE HACIENDA,HACIENDA,61761
DO1005206516,MH32028,HACIENDA/10.75 BOEST 20280811 GTIA,2100000,DOP,21,8.75887,103.603045,07/08/2026,11:09:36 AM,PRESTAMO,PRIMERA PARTE,ROTC,07/08/2026,CONFIRMADA,3268039,0,10/08/2018,11/08/2028,10.75,MINISTERIO DE HACIENDA,HACIENDA,61803
DO1005206516,MH32028,HACIENDA/10.75 BOEST 20280811 GTIA,2100000,DOP,21,5.66973,108.748082,07/08/2026,11:09:20 AM,ESTRUCTURADA,SEGUNDA PARTE,ROTC,08/10/2026,CONFIRMADA,3268038,0,10/08/2018,11/08/2028,10.75,MINISTERIO DE HACIENDA,HACIENDA,63812
DO1005206516,MH32028,HACIENDA/10.75 BOEST 20280811 GTIA,2100000,DOP,21,8.75887,103.603045,07/08/2026,11:09:20 AM,ESTRUCTURADA,PRIMERA PARTE,ROTC,07/08/2026,CONFIRMADA,3268038,0,10/08/2018,11/08/2028,10.75,MINISTERIO DE HACIENDA,HACIENDA,63854
DO2016300124,BC1GUL01,GULFSTREAM/11.25 BO 20290528,221596,DOP,221596,11.54234926,99.351935,07/08/2026,11:09:10 AM,PRESTAMO,SEGUNDA PARTE,ROTC,05/11/2026,CONFIRMADA,3268058,0,28/05/2019,28/05/2029,8.35,GULFSTREAM PETROLEUM DOMINICANA S DE RL,GULFSTREAM,62286
DO2016300124,BC1GUL01,GULFSTREAM/11.25 BO 20290528,221596,DOP,221596,11.24992425,99.992875,07/08/2026,11:09:10 AM,PRESTAMO,PRIMERA PARTE,ROTC,07/08/2026,CONFIRMADA,3268058,0,28/05/2019,28/05/2029,8.35,GULFSTREAM PETROLEUM DOMINICANA S DE RL,GULFSTREAM,62517
DO2016300124,BC1GUL01,GULFSTREAM/11.25 BO 20290528,221596,DOP,221596,11.54234926,99.351935,07/08/2026,11:09:09 AM,ESTRUCTURADA,SEGUNDA PARTE,ROTC,05/11/2026,CONFIRMADA,3268007,0,28/05/2019,28/05/2029,8.35,GULFSTREAM PETROLEUM DOMINICANA S DE RL,GULFSTREAM,64442
DO2016300124,BC1GUL01,GULFSTREAM/11.25 BO 20290528,221596,DOP,221596,11.24992425,99.992875,07/08/2026,11:09:09 AM,ESTRUCTURADA,PRIMERA PARTE,ROTC,07/08/2026,CONFIRMADA,3268007,0,28/05/2019,28/05/2029,8.35,GULFSTREAM PETROLEUM DOMINICANA S DE RL,GULFSTREAM,64673
DO1002261423,NO301129,BCENTRAL/9.5 BOEST 20291130 GTIA,620000,DOP,62,10.03099572,98.613201,07/08/2026,11:09:09 AM,PRESTAMO,SEGUNDA PARTE,ROTC,05/11/2026,CONFIRMADA,3268057,0,30/11/2025,30/11/2029,8.4,BANCO CENTRAL DE LA REPUBLICA DOMINICANA,BCENTRAL,62314
DO1002261423,NO301129,BCENTRAL/9.5 BOEST 20291130 GTIA,620000,DOP,62,9.91549312,98.823863,07/08/2026,11:09:09 AM,PRESTAMO,PRIMERA PARTE,ROTC,07/08/2026,CONFIRMADA,3268057,0,30/11/2025,30/11/2029,8.4,BANCO CENTRAL DE LA REPUBLICA DOMINICANA,BCENTRAL,62265
DO1002261423,NO301129,BCENTRAL/9.5 BOEST 20291130 GTIA,620000,DOP,62,10.03099572,98.613201,07/08/2026,11:09:08 AM,ESTRUCTURADA,SEGUNDA PARTE,ROTC,05/11/2026,CONFIRMADA,3268009,0,30/11/2025,30/11/2029,8.4,BANCO CENTRAL DE LA REPUBLICA DOMINICANA,BCENTRAL,64407
DO1002261423,NO301129,BCENTRAL/9.5 BOEST 20291130 GTIA,620000,DOP,62,9.91549312,98.823863,07/08/2026,11:09:08 AM,ESTRUCTURADA,PRIMERA PARTE,ROTC,07/08/2026,CONFIRMADA,3268009,0,30/11/2025,30/11/2029,8.4,BANCO CENTRAL DE LA REPUBLICA DOMINICANA,BCENTRAL,64358
DO2016300124,BC1GUL01,GULFSTREAM/11.25 BO 20290528,235780,DOP,235780,11.35531734,99.752175,07/08/2026,11:09:08 AM,PRESTAMO,SEGUNDA PARTE,ROTC,07/09/2026,CONFIRMADA,3268056,0,28/05/2019,28/05/2029,7.85,GULFSTREAM PETROLEUM DOMINICANA S DE RL,GULFSTREAM,62377
DO2016300124,BC1GUL01,GULFSTREAM/11.25 BO 20290528,235780,DOP,235780,11.23988399,100.016776,07/08/2026,11:09:08 AM,PRESTAMO,PRIMERA PARTE,ROTC,07/08/2026,CONFIRMADA,3268056,0,28/05/2019,28/05/2029,7.85,GULFSTREAM PETROLEUM DOMINICANA S DE RL,GULFSTREAM,62790
DO2016300124,BC1GUL01,GULFSTREAM/11.25 BO 20290528,235780,DOP,235780,11.35531734,99.752175,07/08/2026,11:09:07 AM,ESTRUCTURADA,SEGUNDA PARTE,ROTC,07/09/2026,CONFIRMADA,3268010,0,28/05/2019,28/05/2029,7.85,GULFSTREAM PETROLEUM DOMINICANA S DE RL,GULFSTREAM,64470
DO2016300124,BC1GUL01,GULFSTREAM/11.25 BO 20290528,235780,DOP,235780,11.23988399,100.016776,07/08/2026,11:09:07 AM,ESTRUCTURADA,PRIMERA PARTE,ROTC,07/08/2026,CONFIRMADA,3268010,0,28/05/2019,28/05/2029,7.85,GULFSTREAM PETROLEUM DOMINICANA S DE RL,GULFSTREAM,64883
DO1002261423,NO301129,BCENTRAL/9.5 BOEST 20291130 GTIA,530000,DOP,53,9.72139032,99.378362,07/08/2026,11:09:06 AM,PRESTAMO,SEGUNDA PARTE,ROTC,21/09/2026,CONFIRMADA,3268055,0,30/11/2025,30/11/2029,7.9,BANCO CENTRAL DE LA REPUBLICA DOMINICANA,BCENTRAL,62111
DO1002261423,NO301129,BCENTRAL/9.5 BOEST 20291130 GTIA,530000,DOP,53,9.65630867,99.539505,07/08/2026,11:09:06 AM,PRESTAMO,PRIMERA PARTE,ROTC,07/08/2026,CONFIRMADA,3268055,0,30/11/2025,30/11/2029,7.9,BANCO CENTRAL DE LA REPUBLICA DOMINICANA,BCENTRAL,62279
DO1002261423,NO301129,BCENTRAL/9.5 BOEST 20291130 GTIA,530000,DOP,53,9.72139032,99.378362,07/08/2026,11:09:05 AM,ESTRUCTURADA,SEGUNDA PARTE,ROTC,21/09/2026,CONFIRMADA,3268011,0,30/11/2025,30/11/2029,7.9,BANCO CENTRAL DE LA REPUBLICA DOMINICANA,BCENTRAL,64204
DO1002261423,NO301129,BCENTRAL/9.5 BOEST 20291130 GTIA,530000,DOP,53,9.65630867,99.539505,07/08/2026,11:09:05 AM,ESTRUCTURADA,PRIMERA PARTE,ROTC,07/08/2026,CONFIRMADA,3268011,0,30/11/2025,30/11/2029,7.9,BANCO CENTRAL DE LA REPUBLICA DOMINICANA,BCENTRAL,64372
DO1002261423,NO301129,BCENTRAL/9.5 BOEST 20291130 GTIA,250000,DOP,25,9.67793764,99.488671,07/08/2026,11:09:05 AM,PRESTAMO,SEGUNDA PARTE,ROTC,07/09/2026,CONFIRMADA,3268054,0,30/11/2025,30/11/2029,7.9,BANCO CENTRAL DE LA REPUBLICA DOMINICANA,BCENTRAL,62307
DO1002261423,NO301129,BCENTRAL/9.5 BOEST 20291130 GTIA,250000,DOP,25,9.63476723,99.599274,07/08/2026,11:09:05 AM,PRESTAMO,PRIMERA PARTE,ROTC,07/08/2026,CONFIRMADA,3268054,0,30/11/2025,30/11/2029,7.9,BANCO CENTRAL DE LA REPUBLICA DOMINICANA,BCENTRAL,62300
DO1002261423,NO301129,BCENTRAL/9.5 BOEST 20291130 GTIA,250000,DOP,25,9.67793764,99.488671,07/08/2026,11:09:04 AM,ESTRUCTURADA,SEGUNDA PARTE,ROTC,07/09/2026,CONFIRMADA,3268012,0,30/11/2025,30/11/2029,7.9,BANCO CENTRAL DE LA REPUBLICA DOMINICANA,BCENTRAL,64400
DO1002261423,NO301129,BCENTRAL/9.5 BOEST 20291130 GTIA,250000,DOP,25,9.63476723,99.599274,07/08/2026,11:09:04 AM,ESTRUCTURADA,PRIMERA PARTE,ROTC,07/08/2026,CONFIRMADA,3268012,0,30/11/2025,30/11/2029,7.9,BANCO CENTRAL DE LA REPUBLICA DOMINICANA,BCENTRAL,64393
DO2016300124,BC1GUL01,GULFSTREAM/11.25 BO 20290528,157404,DOP,157404,13.50096318,96.407411,07/08/2026,11:09:04 AM,PRESTAMO,SEGUNDA PARTE,ROTC,02/08/2027,CONFIRMADA,3268053,0,28/05/2019,28/05/2029,7.35,GULFSTREAM PETROLEUM DOMINICANA S DE RL,GULFSTREAM,62188
DO2016300124,BC1GUL01,GULFSTREAM/11.25 BO 20290528,157404,DOP,157404,11.24988272,99.992973,07/08/2026,11:09:04 AM,PRESTAMO,PRIMERA PARTE,ROTC,07/08/2026,CONFIRMADA,3268053,0,28/05/2019,28/05/2029,7.35,GULFSTREAM PETROLEUM DOMINICANA S DE RL,GULFSTREAM,62510
DO2016300124,BC1GUL01,GULFSTREAM/11.25 BO 20290528,157404,DOP,157404,13.50096318,96.407411,07/08/2026,11:09:03 AM,ESTRUCTURADA,SEGUNDA PARTE,ROTC,02/08/2027,CONFIRMADA,3268013,0,28/05/2019,28/05/2029,7.35,GULFSTREAM PETROLEUM DOMINICANA S DE RL,GULFSTREAM,64281
DO2016300124,BC1GUL01,GULFSTREAM/11.25 BO 20290528,157404,DOP,157404,11.24988272,99.992973,07/08/2026,11:09:03 AM,ESTRUCTURADA,PRIMERA PARTE,ROTC,07/08/2026,CONFIRMADA,3268013,0,28/05/2019,28/05/2029,7.35,GULFSTREAM PETROLEUM DOMINICANA S DE RL,GULFSTREAM,64603
DO1002261423,NO301129,BCENTRAL/9.5 BOEST 20291130 GTIA,340000,DOP,34,8.99827397,101.307145,07/08/2026,11:09:03 AM,PRESTAMO,SEGUNDA PARTE,ROTC,05/11/2026,CONFIRMADA,3268052,0,30/11/2025,30/11/2029,9.6,BANCO CENTRAL DE LA REPUBLICA DOMINICANA,BCENTRAL,62384
DO1002261423,NO301129,BCENTRAL/9.5 BOEST 20291130 GTIA,340000,DOP,34,9.07793268,101.159926,07/08/2026,11:09:03 AM,PRESTAMO,PRIMERA PARTE,ROTC,07/08/2026,CONFIRMADA,3268052,0,30/11/2025,30/11/2029,9.6,BANCO CENTRAL DE LA REPUBLICA DOMINICANA,BCENTRAL,62510
DO1002261423,NO301129,BCENTRAL/9.5 BOEST 20291130 GTIA,340000,DOP,34,8.99827397,101.307145,07/08/2026,11:09:02 AM,ESTRUCTURADA,SEGUNDA PARTE,ROTC,05/11/2026,CONFIRMADA,3268014,0,30/11/2025,30/11/2029,9.6,BANCO CENTRAL DE LA REPUBLICA DOMINICANA,BCENTRAL,64477
DO1002261423,NO301129,BCENTRAL/9.5 BOEST 20291130 GTIA,340000,DOP,34,9.07793268,101.159926,07/08/2026,11:09:02 AM,ESTRUCTURADA,PRIMERA PARTE,ROTC,07/08/2026,CONFIRMADA,3268014,0,30/11/2025,30/11/2029,9.6,BANCO CENTRAL DE LA REPUBLICA DOMINICANA,BCENTRAL,64603
DO2016300124,BC1GUL01,GULFSTREAM/11.25 BO 20290528,164653,DOP,164653,11.45715511,99.523233,07/08/2026,11:09:01 AM,PRESTAMO,SEGUNDA PARTE,ROTC,06/10/2026,CONFIRMADA,3268051,0,28/05/2019,28/05/2029,8.1,GULFSTREAM PETROLEUM DOMINICANA S DE RL,GULFSTREAM,62188
DO2016300124,BC1GUL01,GULFSTREAM/11.25 BO 20290528,164653,DOP,164653,11.2498303,99.993098,07/08/2026,11:09:01 AM,PRESTAMO,PRIMERA PARTE,ROTC,07/08/2026,CONFIRMADA,3268051,0,28/05/2019,28/05/2029,8.1,GULFSTREAM PETROLEUM DOMINICANA S DE RL,GULFSTREAM,62111
DO2016300124,BC1GUL01,GULFSTREAM/11.25 BO 20290528,164653,DOP,164653,11.45715511,99.523233,07/08/2026,11:09:00 AM,ESTRUCTURADA,SEGUNDA PARTE,ROTC,06/10/2026,CONFIRMADA,3268015,0,28/05/2019,28/05/2029,8.1,GULFSTREAM PETROLEUM DOMINICANA S DE RL,GULFSTREAM,64281
DO2016300124,BC1GUL01,GULFSTREAM/11.25 BO 20290528,164653,DOP,164653,11.2498303,99.993098,07/08/2026,11:09:00 AM,ESTRUCTURADA,PRIMERA PARTE,ROTC,07/08/2026,CONFIRMADA,3268015,0,28/05/2019,28/05/2029,8.1,GULFSTREAM PETROLEUM DOMINICANA S DE RL,GULFSTREAM,64204
DO1005208322,MHUS2040,HACIENDA/6.75 BOEST 20400724 GTIA,125000,USD,125,4.63769944,121.344722,07/08/2026,11:09:00 AM,PRESTAMO,SEGUNDA PARTE,ROTC,06/10/2026,CONFIRMADA,3268050,0,24/07/2020,24/07/2040,4.9,MINISTERIO DE HACIENDA,HACIENDA,63287
DO1005208322,MHUS2040,HACIENDA/6.75 BOEST 20400724 GTIA,125000,USD,125,4.64422594,121.457082,07/08/2026,11:09:00 AM,PRESTAMO,PRIMERA PARTE,ROTC,07/08/2026,CONFIRMADA,3268050,0,24/07/2020,24/07/2040,4.9,MINISTERIO DE HACIENDA,HACIENDA,63350
DO1005208322,MHUS2040,HACIENDA/6.75 BOEST 20400724 GTIA,125000,USD,125,4.63769944,121.344722,07/08/2026,11:08:59 AM,ESTRUCTURADA,SEGUNDA PARTE,ROTC,06/10/2026,CONFIRMADA,3268020,0,24/07/2020,24/07/2040,4.9,MINISTERIO DE HACIENDA,HACIENDA,65478
DO1005208322,MHUS2040,HACIENDA/6.75 BOEST 20400724 GTIA,125000,USD,125,4.64422594,121.457082,07/08/2026,11:08:59 AM,ESTRUCTURADA,PRIMERA PARTE,ROTC,07/08/2026,CONFIRMADA,3268020,0,24/07/2020,24/07/2040,4.9,MINISTERIO DE HACIENDA,HACIENDA,65541
DO2016300124,BC1GUL01,GULFSTREAM/11.25 BO 20290528,151764,DOP,151764,11.54524557,99.345613,07/08/2026,11:08:59 AM,PRESTAMO,SEGUNDA PARTE,ROTC,05/11/2026,CONFIRMADA,3268049,0,28/05/2019,28/05/2029,8.4,GULFSTREAM PETROLEUM DOMINICANA S DE RL,GULFSTREAM,62342
DO2016300124,BC1GUL01,GULFSTREAM/11.25 BO 20290528,151764,DOP,151764,11.25778249,99.974172,07/08/2026,11:08:59 AM,PRESTAMO,PRIMERA PARTE,ROTC,07/08/2026,CONFIRMADA,3268049,0,28/05/2019,28/05/2029,8.4,GULFSTREAM PETROLEUM DOMINICANA S DE RL,GULFSTREAM,62566
DO2016300124,BC1GUL01,GULFSTREAM/11.25 BO 20290528,151764,DOP,151764,11.54524557,99.345613,07/08/2026,11:08:58 AM,ESTRUCTURADA,SEGUNDA PARTE,ROTC,05/11/2026,CONFIRMADA,3268021,0,28/05/2019,28/05/2029,8.4,GULFSTREAM PETROLEUM DOMINICANA S DE RL,GULFSTREAM,64435
DO2016300124,BC1GUL01,GULFSTREAM/11.25 BO 20290528,151764,DOP,151764,11.25778249,99.974172,07/08/2026,11:08:58 AM,ESTRUCTURADA,PRIMERA PARTE,ROTC,07/08/2026,CONFIRMADA,3268021,0,28/05/2019,28/05/2029,8.4,GULFSTREAM PETROLEUM DOMINICANA S DE RL,GULFSTREAM,64659
DO1002261423,NO301129,BCENTRAL/9.5 BOEST 20291130 GTIA,480000,DOP,48,9.89693179,98.897046,07/08/2026,11:08:57 AM,PRESTAMO,SEGUNDA PARTE,ROTC,07/09/2026,CONFIRMADA,3268048,0,30/11/2025,30/11/2029,7.9,BANCO CENTRAL DE LA REPUBLICA DOMINICANA,BCENTRAL,62433
DO1002261423,NO301129,BCENTRAL/9.5 BOEST 20291130 GTIA,480000,DOP,48,9.84725757,99.011646,07/08/2026,11:08:57 AM,PRESTAMO,PRIMERA PARTE,ROTC,07/08/2026,CONFIRMADA,3268048,0,30/11/2025,30/11/2029,7.9,BANCO CENTRAL DE LA REPUBLICA DOMINICANA,BCENTRAL,62335
DO1002261423,NO301129,BCENTRAL/9.5 BOEST 20291130 GTIA,480000,DOP,48,9.89693179,98.897046,07/08/2026,11:08:56 AM,ESTRUCTURADA,SEGUNDA PARTE,ROTC,07/09/2026,CONFIRMADA,3268022,0,30/11/2025,30/11/2029,7.9,BANCO CENTRAL DE LA REPUBLICA DOMINICANA,BCENTRAL,64526
DO1002261423,NO301129,BCENTRAL/9.5 BOEST 20291130 GTIA,480000,DOP,48,9.84725757,99.011646,07/08/2026,11:08:56 AM,ESTRUCTURADA,PRIMERA PARTE,ROTC,07/08/2026,CONFIRMADA,3268022,0,30/11/2025,30/11/2029,7.9,BANCO CENTRAL DE LA REPUBLICA DOMINICANA,BCENTRAL,64428
DO2006901311,BC1ITA01,EGEITABO/5.65 BO 20311208,5616,USD,5616,4.70682791,104.368053,07/08/2026,11:08:56 AM,PRESTAMO,SEGUNDA PARTE,ROTC,07/09/2026,CONFIRMADA,3268047,0,08/12/2021,08/12/2031,3.25,"EMPRESA GENERADORA DE ELECTRICIDAD ITABO, S.A.",EGEITABO,59276
DO2006901311,BC1ITA01,EGEITABO/5.65 BO 20311208,5616,USD,5616,4.68102199,104.552714,07/08/2026,11:08:56 AM,PRESTAMO,PRIMERA PARTE,ROTC,07/08/2026,CONFIRMADA,3268047,0,08/12/2021,08/12/2031,3.25,"EMPRESA GENERADORA DE ELECTRICIDAD ITABO, S.A.",EGEITABO,59297
DO2006901311,BC1ITA01,EGEITABO/5.65 BO 20311208,5616,USD,5616,4.70682791,104.368053,07/08/2026,11:08:55 AM,ESTRUCTURADA,SEGUNDA PARTE,ROTC,07/09/2026,CONFIRMADA,3268040,0,08/12/2021,08/12/2031,3.25,"EMPRESA GENERADORA DE ELECTRICIDAD ITABO, S.A.",EGEITABO,61369
DO2006901311,BC1ITA01,EGEITABO/5.65 BO 20311208,5616,USD,5616,4.68102199,104.552714,07/08/2026,11:08:55 AM,ESTRUCTURADA,PRIMERA PARTE,ROTC,07/08/2026,CONFIRMADA,3268040,0,08/12/2021,08/12/2031,3.25,"EMPRESA GENERADORA DE ELECTRICIDAD ITABO, S.A.",EGEITABO,61390
DO1002261423,NO301129,BCENTRAL/9.5 BOEST 20291130 GTIA,1260000,DOP,126,9.91250187,98.917706,07/08/2026,11:08:55 AM,PRESTAMO,SEGUNDA PARTE,ROTC,05/11/2026,CONFIRMADA,3268046,0,30/11/2025,30/11/2029,8.45,BANCO CENTRAL DE LA REPUBLICA DOMINICANA,BCENTRAL,62825
DO1002261423,NO301129,BCENTRAL/9.5 BOEST 20291130 GTIA,1260000,DOP,126,9.81167198,99.109753,07/08/2026,11:08:55 AM,PRESTAMO,PRIMERA PARTE,ROTC,07/08/2026,CONFIRMADA,3268046,0,30/11/2025,30/11/2029,8.45,BANCO CENTRAL DE LA REPUBLICA DOMINICANA,BCENTRAL,62972
DO1002261423,NO301129,BCENTRAL/9.5 BOEST 20291130 GTIA,1260000,DOP,126,9.91250187,98.917706,07/08/2026,11:08:54 AM,ESTRUCTURADA,SEGUNDA PARTE,ROTC,05/11/2026,CONFIRMADA,3268041,0,30/11/2025,30/11/2029,8.45,BANCO CENTRAL DE LA REPUBLICA DOMINICANA,BCENTRAL,64918
DO1002261423,NO301129,BCENTRAL/9.5 BOEST 20291130 GTIA,1260000,DOP,126,9.81167198,99.109753,07/08/2026,11:08:54 AM,ESTRUCTURADA,PRIMERA PARTE,ROTC,07/08/2026,CONFIRMADA,3268041,0,30/11/2025,30/11/2029,8.45,BANCO CENTRAL DE LA REPUBLICA DOMINICANA,BCENTRAL,65065
DO2006901311,BC1ITA01,EGEITABO/5.65 BO 20311208,6636,USD,6636,4.68171045,104.363208,07/08/2026,11:08:54 AM,PRESTAMO,SEGUNDA PARTE,ROTC,05/11/2026,CONFIRMADA,3268045,0,08/12/2021,08/12/2031,4.55,"EMPRESA GENERADORA DE ELECTRICIDAD ITABO, S.A.",EGEITABO,59164
DO2006901311,BC1ITA01,EGEITABO/5.65 BO 20311208,6636,USD,6636,4.68024417,104.556465,07/08/2026,11:08:54 AM,PRESTAMO,PRIMERA PARTE,ROTC,07/08/2026,CONFIRMADA,3268045,0,08/12/2021,08/12/2031,4.55,"EMPRESA GENERADORA DE ELECTRICIDAD ITABO, S.A.",EGEITABO,59346
DO2006901311,BC1ITA01,EGEITABO/5.65 BO 20311208,6636,USD,6636,4.68171045,104.363208,07/08/2026,11:08:53 AM,ESTRUCTURADA,SEGUNDA PARTE,ROTC,05/11/2026,CONFIRMADA,3268008,0,08/12/2021,08/12/2031,4.55,"EMPRESA GENERADORA DE ELECTRICIDAD ITABO, S.A.",EGEITABO,61257
DO2006901311,BC1ITA01,EGEITABO/5.65 BO 20311208,6636,USD,6636,4.68024417,104.556465,07/08/2026,11:08:53 AM,ESTRUCTURADA,PRIMERA PARTE,ROTC,07/08/2026,CONFIRMADA,3268008,0,08/12/2021,08/12/2031,4.55,"EMPRESA GENERADORA DE ELECTRICIDAD ITABO, S.A.",EGEITABO,61439
DO1005206516,MH32028,HACIENDA/10.75 BOEST 20280811 GTIA,6800000,DOP,68,2.1578,111.977131,07/08/2026,11:07:54 AM,PRESTAMO,SEGUNDA PARTE,ROTC,10/03/2027,CONFIRMADA,3268044,0,10/08/2018,11/08/2028,8.24,MINISTERIO DE HACIENDA,HACIENDA,61397
DO1005206516,MH32028,HACIENDA/10.75 BOEST 20280811 GTIA,6800000,DOP,68,9.5036,102.268585,07/08/2026,11:07:54 AM,PRESTAMO,PRIMERA PARTE,ROTC,07/08/2026,CONFIRMADA,3268044,0,10/08/2018,11/08/2028,8.24,MINISTERIO DE HACIENDA,HACIENDA,61572
DO1005206516,MH32028,HACIENDA/10.75 BOEST 20280811 GTIA,6800000,DOP,68,2.1578,111.977131,07/08/2026,11:07:53 AM,ESTRUCTURADA,SEGUNDA PARTE,ROTC,10/03/2027,CONFIRMADA,3268025,0,10/08/2018,11/08/2028,8.24,MINISTERIO DE HACIENDA,HACIENDA,63490
DO1005206516,MH32028,HACIENDA/10.75 BOEST 20280811 GTIA,6800000,DOP,68,9.5036,102.268585,07/08/2026,11:07:53 AM,ESTRUCTURADA,PRIMERA PARTE,ROTC,07/08/2026,CONFIRMADA,3268025,0,10/08/2018,11/08/2028,8.24,MINISTERIO DE HACIENDA,HACIENDA,63665
DO1005208629,MH12031,HACIENDA/8.5 BOEST 20310611 GTIA,5900000,DOP,59,4.5047,117.440703,07/08/2026,11:07:22 AM,PRESTAMO,SEGUNDA PARTE,ROTC,09/09/2026,CONFIRMADA,3268043,0,11/06/2021,11/06/2031,8.49,MINISTERIO DE HACIENDA,HACIENDA,60669
DO1005208629,MH12031,HACIENDA/8.5 BOEST 20310611 GTIA,5900000,DOP,59,4.5982,117.29715,07/08/2026,11:07:22 AM,PRESTAMO,PRIMERA PARTE,ROTC,07/08/2026,CONFIRMADA,3268043,0,11/06/2021,11/06/2031,8.49,MINISTERIO DE HACIENDA,HACIENDA,60473
DO1005208629,MH12031,HACIENDA/8.5 BOEST 20310611 GTIA,5900000,DOP,59,4.5047,117.440703,07/08/2026,11:07:21 AM,ESTRUCTURADA,SEGUNDA PARTE,ROTC,09/09/2026,CONFIRMADA,3268024,0,11/06/2021,11/06/2031,8.49,MINISTERIO DE HACIENDA,HACIENDA,62762
DO1005208629,MH12031,HACIENDA/8.5 BOEST 20310611 GTIA,5900000,DOP,59,4.5982,117.29715,07/08/2026,11:07:21 AM,ESTRUCTURADA,PRIMERA PARTE,ROTC,07/08/2026,CONFIRMADA,3268024,0,11/06/2021,11/06/2031,8.49,MINISTERIO DE HACIENDA,HACIENDA,62566
DO1005208629,MH12031,HACIENDA/8.5 BOEST 20310611 GTIA,5900000,DOP,59,4.5164,117.386324,07/08/2026,11:07:10 AM,PRESTAMO,SEGUNDA PARTE,ROTC,09/09/2026,CONFIRMADA,3268042,0,11/06/2021,11/06/2031,7.99,MINISTERIO DE HACIENDA,HACIENDA,60704
DO1005208629,MH12031,HACIENDA/8.5 BOEST 20310611 GTIA,5900000,DOP,59,4.5982,117.29715,07/08/2026,11:07:10 AM,PRESTAMO,PRIMERA PARTE,ROTC,07/08/2026,CONFIRMADA,3268042,0,11/06/2021,11/06/2031,7.99,MINISTERIO DE HACIENDA,HACIENDA,60452
DO1005208629,MH12031,HACIENDA/8.5 BOEST 20310611 GTIA,5900000,DOP,59,4.5164,117.386324,07/08/2026,11:07:09 AM,ESTRUCTURADA,SEGUNDA PARTE,ROTC,09/09/2026,CONFIRMADA,3268027,0,11/06/2021,11/06/2031,7.99,MINISTERIO DE HACIENDA,HACIENDA,62860
DO1005208629,MH12031,HACIENDA/8.5 BOEST 20310611 GTIA,5900000,DOP,59,4.5982,117.29715,07/08/2026,11:07:09 AM,ESTRUCTURADA,PRIMERA PARTE,ROTC,07/08/2026,CONFIRMADA,3268027,0,11/06/2021,11/06/2031,7.99,MINISTERIO DE HACIENDA,HACIENDA,62608
DO1005207118,MHUS2026,HACIENDA/6.65 BOEST 20261227 GTIA,43000,USD,43,-0.0203,102.540419,07/08/2026,11:04:31 AM,CONTADO,PRIMERA PARTE,ROTC,10/08/2026,CONFIRMADA,3267706,0,27/12/2019,27/12/2026,0,MINISTERIO DE HACIENDA,HACIENDA,60676
DO1005207118,MHUS2026,HACIENDA/6.65 BOEST 20261227 GTIA,43000,USD,43,-3.2409,102.170674,07/08/2026,11:04:30 AM,PRESTAMO,SEGUNDA PARTE,ROTC,09/10/2026,CONFIRMADA,3267707,0,27/12/2019,27/12/2026,1.465468,MINISTERIO DE HACIENDA,HACIENDA,61411
DO1005207118,MHUS2026,HACIENDA/6.65 BOEST 20261227 GTIA,43000,USD,43,-0.0203,102.540419,07/08/2026,11:04:30 AM,PRESTAMO,PRIMERA PARTE,ROTC,10/08/2026,CONFIRMADA,3267707,0,27/12/2019,27/12/2026,1.465468,MINISTERIO DE HACIENDA,HACIENDA,61362
DO1005207118,MHUS2026,HACIENDA/6.65 BOEST 20261227 GTIA,43000,USD,43,-3.2409,102.170674,07/08/2026,11:04:29 AM,PLAZO,PRIMERA PARTE,ROTC,09/10/2026,CONFIRMADA,3267708,0,27/12/2019,27/12/2026,0,MINISTERIO DE HACIENDA,HACIENDA,59927
DO1002261928,LE090427,BCENTRAL/ LT 20270409 GTIA,180000,DOP,18,11.6387,92.799572,07/08/2026,11:04:28 AM,CONTADO,PRIMERA PARTE,ROTC,12/08/2026,CONFIRMADA,3267652,0,09/04/2026,09/04/2027,0,BANCO CENTRAL DE LA REPUBLICA DOMINICANA,BCENTRAL,57855
DO1002261928,LE090427,BCENTRAL/ LT 20270409 GTIA,180000,DOP,18,12.6838,94.980361,07/08/2026,11:04:27 AM,PRESTAMO,SEGUNDA PARTE,ROTC,10/11/2026,CONFIRMADA,3267653,0,09/04/2026,09/04/2027,2.296042,BANCO CENTRAL DE LA REPUBLICA DOMINICANA,BCENTRAL,58366
DO1002261928,LE090427,BCENTRAL/ LT 20270409 GTIA,180000,DOP,18,11.6387,92.799572,07/08/2026,11:04:27 AM,PRESTAMO,PRIMERA PARTE,ROTC,12/08/2026,CONFIRMADA,3267653,0,09/04/2026,09/04/2027,2.296042,BANCO CENTRAL DE LA REPUBLICA DOMINICANA,BCENTRAL,58541
DO1002261928,LE090427,BCENTRAL/ LT 20270409 GTIA,180000,DOP,18,12.6838,94.980361,07/08/2026,11:04:26 AM,PLAZO,PRIMERA PARTE,ROTC,10/11/2026,CONFIRMADA,3267654,0,09/04/2026,09/04/2027,0,BANCO CENTRAL DE LA REPUBLICA DOMINICANA,BCENTRAL,56819
DO1002261928,LE090427,BCENTRAL/ LT 20270409 GTIA,1590000,DOP,159,8.8203,94.337245,07/08/2026,11:04:25 AM,CONTADO,PRIMERA PARTE,ROTC,07/08/2026,CONFIRMADA,3267655,0,09/04/2026,09/04/2027,0,BANCO CENTRAL DE LA REPUBLICA DOMINICANA,BCENTRAL,58156
DO1002261928,LE090427,BCENTRAL/ LT 20270409 GTIA,1590000,DOP,159,5.1202,99.293881,07/08/2026,11:04:24 AM,PRESTAMO,SEGUNDA PARTE,ROTC,18/02/2027,CONFIRMADA,3267656,0,09/04/2026,09/04/2027,4.991884,BANCO CENTRAL DE LA REPUBLICA DOMINICANA,BCENTRAL,58765
DO1002261928,LE090427,BCENTRAL/ LT 20270409 GTIA,1590000,DOP,159,8.8203,94.337245,07/08/2026,11:04:24 AM,PRESTAMO,PRIMERA PARTE,ROTC,07/08/2026,CONFIRMADA,3267656,0,09/04/2026,09/04/2027,4.991884,BANCO CENTRAL DE LA REPUBLICA DOMINICANA,BCENTRAL,58842
DO1002261928,LE090427,BCENTRAL/ LT 20270409 GTIA,1590000,DOP,159,5.1202,99.293881,07/08/2026,11:04:23 AM,PLAZO,PRIMERA PARTE,ROTC,18/02/2027,CONFIRMADA,3267657,0,09/04/2026,09/04/2027,0,BANCO CENTRAL DE LA REPUBLICA DOMINICANA,BCENTRAL,57218
DO1005208322,MHUS2040,HACIENDA/6.75 BOEST 20400724 GTIA,4000,USD,4,4.3638,124.753,07/08/2026,11:04:22 AM,CONTADO,PRIMERA PARTE,ROTC,07/08/2026,CONFIRMADA,3267658,0,24/07/2020,24/07/2040,0,MINISTERIO DE HACIENDA,HACIENDA,58730
DO1005208322,MHUS2040,HACIENDA/6.75 BOEST 20400724 GTIA,4000,USD,4,4.3629,124.1675,07/08/2026,11:04:21 AM,PRESTAMO,SEGUNDA PARTE,ROTC,22/01/2027,CONFIRMADA,3267659,0,24/07/2020,24/07/2040,2.158347,MINISTERIO DE HACIENDA,HACIENDA,59654
DO1005208322,MHUS2040,HACIENDA/6.75 BOEST 20400724 GTIA,4000,USD,4,4.3638,124.753,07/08/2026,11:04:21 AM,PRESTAMO,PRIMERA PARTE,ROTC,07/08/2026,CONFIRMADA,3267659,0,24/07/2020,24/07/2040,2.158347,MINISTERIO DE HACIENDA,HACIENDA,59416
DO1005208322,MHUS2040,HACIENDA/6.75 BOEST 20400724 GTIA,4000,USD,4,4.3629,124.1675,07/08/2026,11:04:20 AM,PLAZO,PRIMERA PARTE,ROTC,22/01/2027,CONFIRMADA,3267660,0,24/07/2020,24/07/2040,0,MINISTERIO DE HACIENDA,HACIENDA,58107
DO1005208322,MHUS2040,HACIENDA/6.75 BOEST 20400724 GTIA,5000,USD,5,4.7983,119.6934,07/08/2026,11:04:19 AM,CONTADO,PRIMERA PARTE,ROTC,07/08/2026,CONFIRMADA,3267661,0,24/07/2020,24/07/2040,0,MINISTERIO DE HACIENDA,HACIENDA,59248
DO1005208322,MHUS2040,HACIENDA/6.75 BOEST 20400724 GTIA,5000,USD,5,4.813,119.1912,07/08/2026,11:04:18 AM,PRESTAMO,SEGUNDA PARTE,ROTC,07/12/2026,CONFIRMADA,3267662,0,24/07/2020,24/07/2040,1.636685,MINISTERIO DE HACIENDA,HACIENDA,59332
DO1005208322,MHUS2040,HACIENDA/6.75 BOEST 20400724 GTIA,5000,USD,5,4.7983,119.6934,07/08/2026,11:04:18 AM,PRESTAMO,PRIMERA PARTE,ROTC,07/08/2026,CONFIRMADA,3267662,0,24/07/2020,24/07/2040,1.636685,MINISTERIO DE HACIENDA,HACIENDA,59934
DO1005208322,MHUS2040,HACIENDA/6.75 BOEST 20400724 GTIA,5000,USD,5,4.813,119.1912,07/08/2026,11:04:17 AM,PLAZO,PRIMERA PARTE,ROTC,07/12/2026,CONFIRMADA,3267663,0,24/07/2020,24/07/2040,0,MINISTERIO DE HACIENDA,HACIENDA,57785
DO1002261928,LE090427,BCENTRAL/ LT 20270409 GTIA,110000,DOP,11,14.698,90.9068,07/08/2026,11:04:16 AM,CONTADO,PRIMERA PARTE,ROTC,07/08/2026,CONFIRMADA,3267664,0,09/04/2026,09/04/2027,0,BANCO CENTRAL DE LA REPUBLICA DOMINICANA,BCENTRAL,56644
DO1002261928,LE090427,BCENTRAL/ LT 20270409 GTIA,110000,DOP,11,17.4881,92.997655,07/08/2026,11:04:15 AM,PRESTAMO,SEGUNDA PARTE,ROTC,05/11/2026,CONFIRMADA,3267665,0,09/04/2026,09/04/2027,2.248287,BANCO CENTRAL DE LA REPUBLICA DOMINICANA,BCENTRAL,58366
DO1002261928,LE090427,BCENTRAL/ LT 20270409 GTIA,110000,DOP,11,14.698,90.9068,07/08/2026,11:04:15 AM,PRESTAMO,PRIMERA PARTE,ROTC,07/08/2026,CONFIRMADA,3267665,0,09/04/2026,09/04/2027,2.248287,BANCO CENTRAL DE LA REPUBLICA DOMINICANA,BCENTRAL,57330
DO1002261928,LE090427,BCENTRAL/ LT 20270409 GTIA,110000,DOP,11,17.4881,92.997655,07/08/2026,11:04:14 AM,PLAZO,PRIMERA PARTE,ROTC,05/11/2026,CONFIRMADA,3267666,0,09/04/2026,09/04/2027,0,BANCO CENTRAL DE LA REPUBLICA DOMINICANA,BCENTRAL,56819
DO1005208322,MHUS2040,HACIENDA/6.75 BOEST 20400724 GTIA,4000,USD,4,4.2106,126.603,07/08/2026,11:04:13 AM,CONTADO,PRIMERA PARTE,ROTC,07/08/2026,CONFIRMADA,3267667,0,24/07/2020,24/07/2040,0,MINISTERIO DE HACIENDA,HACIENDA,58625
DO1005208322,MHUS2040,HACIENDA/6.75 BOEST 20400724 GTIA,4000,USD,4,4.2099,126.37425,07/08/2026,11:04:12 AM,PRESTAMO,SEGUNDA PARTE,ROTC,06/10/2026,CONFIRMADA,3267668,0,24/07/2020,24/07/2040,0.877868,MINISTERIO DE HACIENDA,HACIENDA,60025
DO1005208322,MHUS2040,HACIENDA/6.75 BOEST 20400724 GTIA,4000,USD,4,4.2106,126.603,07/08/2026,11:04:12 AM,PRESTAMO,PRIMERA PARTE,ROTC,07/08/2026,CONFIRMADA,3267668,0,24/07/2020,24/07/2040,0.877868,MINISTERIO DE HACIENDA,HACIENDA,59311
DO1005208322,MHUS2040,HACIENDA/6.75 BOEST 20400724 GTIA,4000,USD,4,4.2099,126.37425,07/08/2026,11:04:11 AM,PLAZO,PRIMERA PARTE,ROTC,06/10/2026,CONFIRMADA,3267669,0,24/07/2020,24/07/2040,0,MINISTERIO DE HACIENDA,HACIENDA,58478
DO1005206516,MH32028,HACIENDA/10.75 BOEST 20280811 GTIA,11600000,DOP,116,6.4076,107.768165,07/08/2026,11:04:11 AM,PRESTAMO,SEGUNDA PARTE,ROTC,07/09/2026,CONFIRMADA,3268023,0,10/08/2018,11/08/2028,8.99,MINISTERIO DE HACIENDA,HACIENDA,62062
DO1005206516,MH32028,HACIENDA/10.75 BOEST 20280811 GTIA,11600000,DOP,116,9.3675,102.516155,07/08/2026,11:04:11 AM,PRESTAMO,PRIMERA PARTE,ROTC,07/08/2026,CONFIRMADA,3268023,0,10/08/2018,11/08/2028,8.99,MINISTERIO DE HACIENDA,HACIENDA,62062
DO1005207118,MHUS2026,HACIENDA/6.65 BOEST 20261227 GTIA,6000,USD,6,-14.684,108.886167,07/08/2026,11:04:10 AM,CONTADO,PRIMERA PARTE,ROTC,07/08/2026,CONFIRMADA,3267670,0,27/12/2019,27/12/2026,0,MINISTERIO DE HACIENDA,HACIENDA,60270
DO1005206516,MH32028,HACIENDA/10.75 BOEST 20280811 GTIA,11600000,DOP,116,6.4076,107.768165,07/08/2026,11:04:10 AM,ESTRUCTURADA,SEGUNDA PARTE,ROTC,07/09/2026,CONFIRMADA,3268016,0,10/08/2018,11/08/2028,8.99,MINISTERIO DE HACIENDA,HACIENDA,64155
DO1005206516,MH32028,HACIENDA/10.75 BOEST 20280811 GTIA,11600000,DOP,116,9.3675,102.516155,07/08/2026,11:04:10 AM,ESTRUCTURADA,PRIMERA PARTE,ROTC,07/08/2026,CONFIRMADA,3268016,0,10/08/2018,11/08/2028,8.99,MINISTERIO DE HACIENDA,HACIENDA,64155
DO1005207118,MHUS2026,HACIENDA/6.65 BOEST 20261227 GTIA,6000,USD,6,-19.64,108.708333,07/08/2026,11:04:09 AM,PRESTAMO,SEGUNDA PARTE,ROTC,07/09/2026,CONFIRMADA,3267671,0,27/12/2019,27/12/2026,1.03072,MINISTERIO DE HACIENDA,HACIENDA,60522
DO1005207118,MHUS2026,HACIENDA/6.65 BOEST 20261227 GTIA,6000,USD,6,-14.684,108.886167,07/08/2026,11:04:09 AM,PRESTAMO,PRIMERA PARTE,ROTC,07/08/2026,CONFIRMADA,3267671,0,27/12/2019,27/12/2026,1.03072,MINISTERIO DE HACIENDA,HACIENDA,61019
DO1005207118,MHUS2026,HACIENDA/6.65 BOEST 20261227 GTIA,6000,USD,6,-19.64,108.708333,07/08/2026,11:04:08 AM,PLAZO,PRIMERA PARTE,ROTC,07/09/2026,CONFIRMADA,3267672,0,27/12/2019,27/12/2026,0,MINISTERIO DE HACIENDA,HACIENDA,58975
DO1005205617,MH12027,HACIENDA/11.25 BOEST 20270205 GTIA,4400000,DOP,44,4.7793,103.169854,07/08/2026,11:04:07 AM,CONTADO,PRIMERA PARTE,ROTC,07/08/2026,CONFIRMADA,3267673,0,05/08/2016,05/02/2027,0,MINISTERIO DE HACIENDA,HACIENDA,60739
DO1005205617,MH12027,HACIENDA/11.25 BOEST 20270205 GTIA,4400000,DOP,44,-100,102.628636,07/08/2026,11:04:06 AM,PRESTAMO,SEGUNDA PARTE,ROTC,03/02/2027,CONFIRMADA,3267674,0,05/08/2016,05/02/2027,4.682608,MINISTERIO DE HACIENDA,HACIENDA,60396
DO1005205617,MH12027,HACIENDA/11.25 BOEST 20270205 GTIA,4400000,DOP,44,4.7793,103.169854,07/08/2026,11:04:06 AM,PRESTAMO,PRIMERA PARTE,ROTC,07/08/2026,CONFIRMADA,3267674,0,05/08/2016,05/02/2027,4.682608,MINISTERIO DE HACIENDA,HACIENDA,61425
DO1005205617,MH12027,HACIENDA/11.25 BOEST 20270205 GTIA,4400000,DOP,44,-100,102.628636,07/08/2026,11:04:05 AM,PLAZO,PRIMERA PARTE,ROTC,03/02/2027,CONFIRMADA,3267675,0,05/08/2016,05/02/2027,0,MINISTERIO DE HACIENDA,HACIENDA,58849
DO1002261928,LE090427,BCENTRAL/ LT 20270409 GTIA,1060000,DOP,106,8.8203,94.337245,07/08/2026,11:04:04 AM,CONTADO,PRIMERA PARTE,ROTC,07/08/2026,CONFIRMADA,3267676,0,09/04/2026,09/04/2027,0,BANCO CENTRAL DE LA REPUBLICA DOMINICANA,BCENTRAL,58023
DO1002261928,LE090427,BCENTRAL/ LT 20270409 GTIA,1060000,DOP,106,6.0887,98.912602,07/08/2026,11:04:02 AM,PRESTAMO,SEGUNDA PARTE,ROTC,03/02/2027,CONFIRMADA,3267677,0,09/04/2026,09/04/2027,4.625656,BANCO CENTRAL DE LA REPUBLICA DOMINICANA,BCENTRAL,58632
DO1002261928,LE090427,BCENTRAL/ LT 20270409 GTIA,1060000,DOP,106,8.8203,94.337245,07/08/2026,11:04:02 AM,PRESTAMO,PRIMERA PARTE,ROTC,07/08/2026,CONFIRMADA,3267677,0,09/04/2026,09/04/2027,4.625656,BANCO CENTRAL DE LA REPUBLICA DOMINICANA,BCENTRAL,58702
DO1002261928,LE090427,BCENTRAL/ LT 20270409 GTIA,1060000,DOP,106,6.0887,98.912602,07/08/2026,11:04:01 AM,PLAZO,PRIMERA PARTE,ROTC,03/02/2027,CONFIRMADA,3267678,0,09/04/2026,09/04/2027,0,BANCO CENTRAL DE LA REPUBLICA DOMINICANA,BCENTRAL,57085
DO1002261928,LE090427,BCENTRAL/ LT 20270409 GTIA,30000,DOP,3,0,100,07/08/2026,11:04:01 AM,CONTADO,PRIMERA PARTE,ROTC,07/08/2026,CONFIRMADA,3267679,0,09/04/2026,09/04/2027,0,BANCO CENTRAL DE LA REPUBLICA DOMINICANA,BCENTRAL,52535
DO1002261928,LE090427,BCENTRAL/ LT 20270409 GTIA,30000,DOP,3,-7.3018,102.5586,07/08/2026,11:03:59 AM,PRESTAMO,SEGUNDA PARTE,ROTC,07/12/2026,CONFIRMADA,3267680,0,09/04/2026,09/04/2027,2.494769,BANCO CENTRAL DE LA REPUBLICA DOMINICANA,BCENTRAL,57176
DO1002261928,LE090427,BCENTRAL/ LT 20270409 GTIA,30000,DOP,3,0,100,07/08/2026,11:03:59 AM,PRESTAMO,PRIMERA PARTE,ROTC,07/08/2026,CONFIRMADA,3267680,0,09/04/2026,09/04/2027,2.494769,BANCO CENTRAL DE LA REPUBLICA DOMINICANA,BCENTRAL,53312
DO1002261928,LE090427,BCENTRAL/ LT 20270409 GTIA,30000,DOP,3,-7.3018,102.5586,07/08/2026,11:03:58 AM,PLAZO,PRIMERA PARTE,ROTC,07/12/2026,CONFIRMADA,3267681,0,09/04/2026,09/04/2027,0,BANCO CENTRAL DE LA REPUBLICA DOMINICANA,BCENTRAL,55629
DO1002261928,LE090427,BCENTRAL/ LT 20270409 GTIA,12220000,DOP,1222,8.9606,94.318698,07/08/2026,11:03:58 AM,CONTADO,PRIMERA PARTE,ROTC,10/08/2026,CONFIRMADA,3267682,0,09/04/2026,09/04/2027,0,BANCO CENTRAL DE LA REPUBLICA DOMINICANA,BCENTRAL,58842
DO1002261928,LE090427,BCENTRAL/ LT 20270409 GTIA,12220000,DOP,1222,8.3323,96.644702,07/08/2026,11:03:56 AM,PRESTAMO,SEGUNDA PARTE,ROTC,10/11/2026,CONFIRMADA,3267683,0,09/04/2026,09/04/2027,2.406758,BANCO CENTRAL DE LA REPUBLICA DOMINICANA,BCENTRAL,59276
DO1002261928,LE090427,BCENTRAL/ LT 20270409 GTIA,12220000,DOP,1222,8.9606,94.318698,07/08/2026,11:03:56 AM,PRESTAMO,PRIMERA PARTE,ROTC,10/08/2026,CONFIRMADA,3267683,0,09/04/2026,09/04/2027,2.406758,BANCO CENTRAL DE LA REPUBLICA DOMINICANA,BCENTRAL,59521
DO1002261928,LE090427,BCENTRAL/ LT 20270409 GTIA,12220000,DOP,1222,8.3323,96.644702,07/08/2026,11:03:55 AM,PLAZO,PRIMERA PARTE,ROTC,10/11/2026,CONFIRMADA,3267684,0,09/04/2026,09/04/2027,0,BANCO CENTRAL DE LA REPUBLICA DOMINICANA,BCENTRAL,57729
DO1002261928,LE090427,BCENTRAL/ LT 20270409 GTIA,80000,DOP,8,18.9424,88.7048,07/08/2026,11:03:55 AM,CONTADO,PRIMERA PARTE,ROTC,10/08/2026,CONFIRMADA,3267685,0,09/04/2026,09/04/2027,0,BANCO CENTRAL DE LA REPUBLICA DOMINICANA,BCENTRAL,56385
DO1002261928,LE090427,BCENTRAL/ LT 20270409 GTIA,80000,DOP,8,24.2133,90.835688,07/08/2026,11:03:53 AM,PRESTAMO,SEGUNDA PARTE,ROTC,10/11/2026,CONFIRMADA,3267686,0,09/04/2026,09/04/2027,2.34587,BANCO CENTRAL DE LA REPUBLICA DOMINICANA,BCENTRAL,57624
DO1002261928,LE090427,BCENTRAL/ LT 20270409 GTIA,80000,DOP,8,18.9424,88.7048,07/08/2026,11:03:53 AM,PRESTAMO,PRIMERA PARTE,ROTC,10/08/2026,CONFIRMADA,3267686,0,09/04/2026,09/04/2027,2.34587,BANCO CENTRAL DE LA REPUBLICA DOMINICANA,BCENTRAL,57064
DO1002261928,LE090427,BCENTRAL/ LT 20270409 GTIA,80000,DOP,8,24.2133,90.835688,07/08/2026,11:03:52 AM,PLAZO,PRIMERA PARTE,ROTC,10/11/2026,CONFIRMADA,3267687,0,09/04/2026,09/04/2027,0,BANCO CENTRAL DE LA REPUBLICA DOMINICANA,BCENTRAL,56077
DO1002261928,LE090427,BCENTRAL/ LT 20270409 GTIA,9550000,DOP,955,9.0909,94.240838,07/08/2026,11:03:52 AM,CONTADO,PRIMERA PARTE,ROTC,10/08/2026,CONFIRMADA,3267688,0,09/04/2026,09/04/2027,0,BANCO CENTRAL DE LA REPUBLICA DOMINICANA,BCENTRAL,58212
DO1002261928,LE090427,BCENTRAL/ LT 20270409 GTIA,9550000,DOP,955,0,98.862304,07/08/2026,11:03:50 AM,PRESTAMO,SEGUNDA PARTE,ROTC,08/02/2027,CONFIRMADA,3267689,0,09/04/2026,09/04/2027,4.674649,BANCO CENTRAL DE LA REPUBLICA DOMINICANA,BCENTRAL,57001
DO1002261928,LE090427,BCENTRAL/ LT 20270409 GTIA,9550000,DOP,955,9.0909,94.240838,07/08/2026,11:03:50 AM,PRESTAMO,PRIMERA PARTE,ROTC,10/08/2026,CONFIRMADA,3267689,0,09/04/2026,09/04/2027,4.674649,BANCO CENTRAL DE LA REPUBLICA DOMINICANA,BCENTRAL,58891
DO1002261928,LE090427,BCENTRAL/ LT 20270409 GTIA,9550000,DOP,955,0,98.862304,07/08/2026,11:03:49 AM,PLAZO,PRIMERA PARTE,ROTC,08/02/2027,CONFIRMADA,3267690,0,09/04/2026,09/04/2027,0,BANCO CENTRAL DE LA REPUBLICA DOMINICANA,BCENTRAL,55517
DO1002261928,LE090427,BCENTRAL/ LT 20270409 GTIA,480000,DOP,48,9.9214,93.747638,07/08/2026,11:03:49 AM,CONTADO,PRIMERA PARTE,ROTC,10/08/2026,CONFIRMADA,3267691,0,09/04/2026,09/04/2027,0,BANCO CENTRAL DE LA REPUBLICA DOMINICANA,BCENTRAL,57533
DO1002261928,LE090427,BCENTRAL/ LT 20270409 GTIA,480000,DOP,48,0,98.344917,07/08/2026,11:03:47 AM,PRESTAMO,SEGUNDA PARTE,ROTC,08/02/2027,CONFIRMADA,3267692,0,09/04/2026,09/04/2027,4.674648,BANCO CENTRAL DE LA REPUBLICA DOMINICANA,BCENTRAL,56308
DO1002261928,LE090427,BCENTRAL/ LT 20270409 GTIA,480000,DOP,48,9.9214,93.747638,07/08/2026,11:03:47 AM,PRESTAMO,PRIMERA PARTE,ROTC,10/08/2026,CONFIRMADA,3267692,0,09/04/2026,09/04/2027,4.674648,BANCO CENTRAL DE LA REPUBLICA DOMINICANA,BCENTRAL,58212
DO1002261928,LE090427,BCENTRAL/ LT 20270409 GTIA,480000,DOP,48,0,98.344917,07/08/2026,11:03:46 AM,PLAZO,PRIMERA PARTE,ROTC,08/02/2027,CONFIRMADA,3267693,0,09/04/2026,09/04/2027,0,BANCO CENTRAL DE LA REPUBLICA DOMINICANA,BCENTRAL,54761
DO1002261928,LE090427,BCENTRAL/ LT 20270409 GTIA,1070000,DOP,107,10.09,93.64809,07/08/2026,11:03:46 AM,CONTADO,PRIMERA PARTE,ROTC,10/08/2026,CONFIRMADA,3267694,0,09/04/2026,09/04/2027,0,BANCO CENTRAL DE LA REPUBLICA DOMINICANA,BCENTRAL,57295
DO1002261928,LE090427,BCENTRAL/ LT 20270409 GTIA,1070000,DOP,107,0,96.613612,07/08/2026,11:03:44 AM,PRESTAMO,SEGUNDA PARTE,ROTC,08/12/2026,CONFIRMADA,3267695,0,09/04/2026,09/04/2027,3.069466,BANCO CENTRAL DE LA REPUBLICA DOMINICANA,BCENTRAL,56826
DO1002261928,LE090427,BCENTRAL/ LT 20270409 GTIA,1070000,DOP,107,10.09,93.64809,07/08/2026,11:03:44 AM,PRESTAMO,PRIMERA PARTE,ROTC,10/08/2026,CONFIRMADA,3267695,0,09/04/2026,09/04/2027,3.069466,BANCO CENTRAL DE LA REPUBLICA DOMINICANA,BCENTRAL,57974
DO1002261928,LE090427,BCENTRAL/ LT 20270409 GTIA,1070000,DOP,107,0,96.613612,07/08/2026,11:03:43 AM,PLAZO,PRIMERA PARTE,ROTC,08/12/2026,CONFIRMADA,3267696,0,09/04/2026,09/04/2027,0,BANCO CENTRAL DE LA REPUBLICA DOMINICANA,BCENTRAL,55279
DO1002261522,NO180130,BCENTRAL/9.5 BOEST 20300118 GTIA,2020000,DOP,202,9.2,100.855644,07/08/2026,11:03:43 AM,CONTADO,PRIMERA PARTE,ROTC,10/08/2026,CONFIRMADA,3268019,0,18/01/2026,18/01/2030,0,BANCO CENTRAL DE LA REPUBLICA DOMINICANA,BCENTRAL,59710
DO1002261928,LE090427,BCENTRAL/ LT 20270409 GTIA,3850000,DOP,385,9.1513,94.204785,07/08/2026,11:03:42 AM,CONTADO,PRIMERA PARTE,ROTC,10/08/2026,CONFIRMADA,3267697,0,09/04/2026,09/04/2027,0,BANCO CENTRAL DE LA REPUBLICA DOMINICANA,BCENTRAL,58114
DO1002261928,LE090427,BCENTRAL/ LT 20270409 GTIA,3850000,DOP,385,6.6984,98.895921,07/08/2026,11:03:41 AM,PRESTAMO,SEGUNDA PARTE,ROTC,08/02/2027,CONFIRMADA,3267698,0,09/04/2026,09/04/2027,4.743509,BANCO CENTRAL DE LA REPUBLICA DOMINICANA,BCENTRAL,58933
DO1002261928,LE090427,BCENTRAL/ LT 20270409 GTIA,3850000,DOP,385,9.1513,94.204785,07/08/2026,11:03:41 AM,PRESTAMO,PRIMERA PARTE,ROTC,10/08/2026,CONFIRMADA,3267698,0,09/04/2026,09/04/2027,4.743509,BANCO CENTRAL DE LA REPUBLICA DOMINICANA,BCENTRAL,58800
DO1002261928,LE090427,BCENTRAL/ LT 20270409 GTIA,3850000,DOP,385,6.6984,98.895921,07/08/2026,11:03:40 AM,PLAZO,PRIMERA PARTE,ROTC,08/02/2027,CONFIRMADA,3267699,0,09/04/2026,09/04/2027,0,BANCO CENTRAL DE LA REPUBLICA DOMINICANA,BCENTRAL,57386
DO1002261928,LE090427,BCENTRAL/ LT 20270409 GTIA,1800000,DOP,180,8.7546,94.442064,07/08/2026,11:03:39 AM,CONTADO,PRIMERA PARTE,ROTC,10/08/2026,CONFIRMADA,3267700,0,09/04/2026,09/04/2027,0,BANCO CENTRAL DE LA REPUBLICA DOMINICANA,BCENTRAL,58093
DO1002261928,LE090427,BCENTRAL/ LT 20270409 GTIA,1800000,DOP,180,6.1959,98.977907,07/08/2026,11:03:38 AM,PRESTAMO,SEGUNDA PARTE,ROTC,08/02/2027,CONFIRMADA,3267701,0,09/04/2026,09/04/2027,4.582682,BANCO CENTRAL DE LA REPUBLICA DOMINICANA,BCENTRAL,58891
DO1002261928,LE090427,BCENTRAL/ LT 20270409 GTIA,1800000,DOP,180,8.7546,94.442064,07/08/2026,11:03:38 AM,PRESTAMO,PRIMERA PARTE,ROTC,10/08/2026,CONFIRMADA,3267701,0,09/04/2026,09/04/2027,4.582682,BANCO CENTRAL DE LA REPUBLICA DOMINICANA,BCENTRAL,58779
DO1002261928,LE090427,BCENTRAL/ LT 20270409 GTIA,1800000,DOP,180,6.1959,98.977907,07/08/2026,11:03:37 AM,PLAZO,PRIMERA PARTE,ROTC,08/02/2027,CONFIRMADA,3267702,0,09/04/2026,09/04/2027,0,BANCO CENTRAL DE LA REPUBLICA DOMINICANA,BCENTRAL,57344
DO1005207118,MHUS2026,HACIENDA/6.65 BOEST 20261227 GTIA,25000,USD,25,3.7268,101.09348,07/08/2026,11:03:37 AM,CONTADO,PRIMERA PARTE,ROTC,10/08/2026,CONFIRMADA,3267703,0,27/12/2019,27/12/2026,0,MINISTERIO DE HACIENDA,HACIENDA,60207
DO1005207118,MHUS2026,HACIENDA/6.65 BOEST 20261227 GTIA,25000,USD,25,-0.3999,100.36764,07/08/2026,11:03:35 AM,PRESTAMO,SEGUNDA PARTE,ROTC,08/12/2026,CONFIRMADA,3267704,0,27/12/2019,27/12/2026,2.188677,MINISTERIO DE HACIENDA,HACIENDA,61187
DO1005207118,MHUS2026,HACIENDA/6.65 BOEST 20261227 GTIA,25000,USD,25,3.7268,101.09348,07/08/2026,11:03:35 AM,PRESTAMO,PRIMERA PARTE,ROTC,10/08/2026,CONFIRMADA,3267704,0,27/12/2019,27/12/2026,2.188677,MINISTERIO DE HACIENDA,HACIENDA,60886
DO1005207118,MHUS2026,HACIENDA/6.65 BOEST 20261227 GTIA,25000,USD,25,-0.3999,100.36764,07/08/2026,11:03:34 AM,PLAZO,PRIMERA PARTE,ROTC,08/12/2026,CONFIRMADA,3267705,0,27/12/2019,27/12/2026,0,MINISTERIO DE HACIENDA,HACIENDA,59640
DO1002224223,NO260227,BCENTRAL/8 BOEST 20270226 GTIA,2000000,DOP,200,10.200001,98.855267,07/08/2026,11:03:02 AM,CONTADO,PRIMERA PARTE,ROTC,10/08/2026,CONFIRMADA,3268017,0,26/02/2022,26/02/2027,0,BANCO CENTRAL DE LA REPUBLICA DOMINICANA,BCENTRAL,60760
DO1002223621,NO150127,BCENTRAL/8 BOEST 20270115 GTIA,730000,DOP,73,7.9,100.033756,07/08/2026,10:59:45 AM,CONTADO,PRIMERA PARTE,ROTC,07/08/2026,CONFIRMADA,3267957,0,15/01/2022,15/01/2027,0,BANCO CENTRAL DE LA REPUBLICA DOMINICANA,BCENTRAL,58555
DO1002228612,NO031227,BCENTRAL/8 BOEST 20271203 GTIA,1040000,DOP,104,8,99.981714,07/08/2026,10:57:30 AM,CONTADO,PRIMERA PARTE,ROTC,10/08/2026,CONFIRMADA,3267956,0,03/12/2024,03/12/2027,0,BANCO CENTRAL DE LA REPUBLICA DOMINICANA,BCENTRAL,58191
DO1002228729,NO030328,BCENTRAL/9.5 BOEST 20280303 GTIA,110000,DOP,11,9.148,100.492465,07/08/2026,10:57:19 AM,CONTADO,PRIMERA PARTE,ROTC,07/08/2026,CONFIRMADA,3267781,0,03/03/2025,03/03/2028,0,BANCO CENTRAL DE LA REPUBLICA DOMINICANA,BCENTRAL,59990
DO1002228729,NO030328,BCENTRAL/9.5 BOEST 20280303 GTIA,110000,DOP,11,9.148,100.492465,07/08/2026,10:57:17 AM,CONTADO,PRIMERA PARTE,ROTC,07/08/2026,CONFIRMADA,3267780,0,03/03/2025,03/03/2028,0,BANCO CENTRAL DE LA REPUBLICA DOMINICANA,BCENTRAL,59976
USP3579ECP09,BSRD2029, ,395000,USD,395,5.8089,99.282151,07/08/2026,10:57:16 AM,PRESTAMO,SEGUNDA PARTE,ROTC,13/08/2026,CONFIRMADA,3268006,0,22/02/2022,22/02/2029,1.9,MINISTERIO DE HACIENDA,HACIENDA,48951
USP3579ECP09,BSRD2029, ,395000,USD,395,5.781,99.341562,07/08/2026,10:57:16 AM,PRESTAMO,PRIMERA PARTE,ROTC,07/08/2026,CONFIRMADA,3268006,0,22/02/2022,22/02/2029,1.9,MINISTERIO DE HACIENDA,HACIENDA,48650
USP3579ECP09,BSRD2029, ,395000,USD,395,5.8089,99.282151,07/08/2026,10:57:15 AM,ESTRUCTURADA,SEGUNDA PARTE,ROTC,13/08/2026,CONFIRMADA,3267778,0,22/02/2022,22/02/2029,1.9,MINISTERIO DE HACIENDA,HACIENDA,51044
USP3579ECP09,BSRD2029, ,395000,USD,395,5.781,99.341562,07/08/2026,10:57:15 AM,ESTRUCTURADA,PRIMERA PARTE,ROTC,07/08/2026,CONFIRMADA,3267778,0,22/02/2022,22/02/2029,1.9,MINISTERIO DE HACIENDA,HACIENDA,50743
USP3579ECP09,BSRD2029, ,395000,USD,395,5.9664,98.919685,07/08/2026,10:57:15 AM,PRESTAMO,SEGUNDA PARTE,ROTC,13/08/2026,CONFIRMADA,3268005,0,22/02/2022,22/02/2029,1.9,MINISTERIO DE HACIENDA,HACIENDA,49070
USP3579ECP09,BSRD2029, ,395000,USD,395,5.9373,98.97921,07/08/2026,10:57:15 AM,PRESTAMO,PRIMERA PARTE,ROTC,07/08/2026,CONFIRMADA,3268005,0,22/02/2022,22/02/2029,1.9,MINISTERIO DE HACIENDA,HACIENDA,48727
USP3579ECP09,BSRD2029, ,395000,USD,395,5.9664,98.919685,07/08/2026,10:57:14 AM,ESTRUCTURADA,SEGUNDA PARTE,ROTC,13/08/2026,CONFIRMADA,3267779,0,22/02/2022,22/02/2029,1.9,MINISTERIO DE HACIENDA,HACIENDA,51163
USP3579ECP09,BSRD2029, ,395000,USD,395,5.9373,98.97921,07/08/2026,10:57:14 AM,ESTRUCTURADA,PRIMERA PARTE,ROTC,07/08/2026,CONFIRMADA,3267779,0,22/02/2022,22/02/2029,1.9,MINISTERIO DE HACIENDA,HACIENDA,50820
DO1005204412,MH12029,HACIENDA/11.375 BOEST 20290706 GTIA,55400000,DOP,554,8.5,107.263788,07/08/2026,10:56:36 AM,CONTADO,PRIMERA PARTE,ROTC,07/08/2026,CONFIRMADA,3267977,0,06/07/2014,06/07/2029,0,MINISTERIO DE HACIENDA,HACIENDA,60865
DO1005204412,MH12029,HACIENDA/11.375 BOEST 20290706 GTIA,55400000,DOP,554,8.3924,107.144146,07/08/2026,10:56:35 AM,PLAZO,PRIMERA PARTE,ROTC,06/10/2026,CONFIRMADA,3267978,0,06/07/2014,06/07/2029,0,MINISTERIO DE HACIENDA,HACIENDA,60893
DO1005206516,MH32028,HACIENDA/10.75 BOEST 20280811 GTIA,11600000,DOP,116,6.4076,107.768165,07/08/2026,10:55:47 AM,PRESTAMO,SEGUNDA PARTE,ROTC,07/09/2026,CONFIRMADA,3267992,0,10/08/2018,11/08/2028,8.99,MINISTERIO DE HACIENDA,HACIENDA,62160
DO1005206516,MH32028,HACIENDA/10.75 BOEST 20280811 GTIA,11600000,DOP,116,9.3675,102.516155,07/08/2026,10:55:47 AM,PRESTAMO,PRIMERA PARTE,ROTC,07/08/2026,CONFIRMADA,3267992,0,10/08/2018,11/08/2028,8.99,MINISTERIO DE HACIENDA,HACIENDA,62160
DO1005206516,MH32028,HACIENDA/10.75 BOEST 20280811 GTIA,11600000,DOP,116,6.4076,107.768165,07/08/2026,10:55:46 AM,ESTRUCTURADA,SEGUNDA PARTE,ROTC,07/09/2026,CONFIRMADA,3267857,0,10/08/2018,11/08/2028,8.99,MINISTERIO DE HACIENDA,HACIENDA,64253
DO1005206516,MH32028,HACIENDA/10.75 BOEST 20280811 GTIA,11600000,DOP,116,9.3675,102.516155,07/08/2026,10:55:46 AM,ESTRUCTURADA,PRIMERA PARTE,ROTC,07/08/2026,CONFIRMADA,3267857,0,10/08/2018,11/08/2028,8.99,MINISTERIO DE HACIENDA,HACIENDA,64253
DO1005208629,MH12031,HACIENDA/8.5 BOEST 20310611 GTIA,12200000,DOP,122,4.4645,117.67494,07/08/2026,10:54:57 AM,PRESTAMO,SEGUNDA PARTE,ROTC,04/09/2026,CONFIRMADA,3267961,0,11/06/2021,11/06/2031,8.99,MINISTERIO DE HACIENDA,HACIENDA,61012
DO1005208629,MH12031,HACIENDA/8.5 BOEST 20310611 GTIA,12200000,DOP,122,4.5543,117.505541,07/08/2026,10:54:57 AM,PRESTAMO,PRIMERA PARTE,ROTC,07/08/2026,CONFIRMADA,3267961,0,11/06/2021,11/06/2031,8.99,MINISTERIO DE HACIENDA,HACIENDA,61341
DO1005208629,MH12031,HACIENDA/8.5 BOEST 20310611 GTIA,12200000,DOP,122,4.4645,117.67494,07/08/2026,10:54:56 AM,ESTRUCTURADA,SEGUNDA PARTE,ROTC,04/09/2026,CONFIRMADA,3267856,0,11/06/2021,11/06/2031,8.99,MINISTERIO DE HACIENDA,HACIENDA,63105
DO1005208629,MH12031,HACIENDA/8.5 BOEST 20310611 GTIA,12200000,DOP,122,4.5543,117.505541,07/08/2026,10:54:56 AM,ESTRUCTURADA,PRIMERA PARTE,ROTC,07/08/2026,CONFIRMADA,3267856,0,11/06/2021,11/06/2031,8.99,MINISTERIO DE HACIENDA,HACIENDA,63434
DO1005206516,MH32028,HACIENDA/10.75 BOEST 20280811 GTIA,2400000,DOP,24,5.6584,109.159465,07/08/2026,10:53:57 AM,PRESTAMO,SEGUNDA PARTE,ROTC,09/09/2026,CONFIRMADA,3267920,0,10/08/2018,11/08/2028,8.24,MINISTERIO DE HACIENDA,HACIENDA,61495
DO1005206516,MH32028,HACIENDA/10.75 BOEST 20280811 GTIA,2400000,DOP,24,8.5741,103.9756,07/08/2026,10:53:57 AM,PRESTAMO,PRIMERA PARTE,ROTC,07/08/2026,CONFIRMADA,3267920,0,10/08/2018,11/08/2028,8.24,MINISTERIO DE HACIENDA,HACIENDA,60781
DO1005206516,MH32028,HACIENDA/10.75 BOEST 20280811 GTIA,2400000,DOP,24,5.6584,109.159465,07/08/2026,10:53:56 AM,ESTRUCTURADA,SEGUNDA PARTE,ROTC,09/09/2026,CONFIRMADA,3267854,0,10/08/2018,11/08/2028,8.24,MINISTERIO DE HACIENDA,HACIENDA,63588
DO1005206516,MH32028,HACIENDA/10.75 BOEST 20280811 GTIA,2400000,DOP,24,8.5741,103.9756,07/08/2026,10:53:56 AM,ESTRUCTURADA,PRIMERA PARTE,ROTC,07/08/2026,CONFIRMADA,3267854,0,10/08/2018,11/08/2028,8.24,MINISTERIO DE HACIENDA,HACIENDA,62874
DO1002228612,NO031227,BCENTRAL/8 BOEST 20271203 GTIA,10310000,DOP,1031,8.55,99.386601,07/08/2026,10:53:14 AM,PRESTAMO,SEGUNDA PARTE,ROTC,27/11/2026,CONFIRMADA,3267886,0,03/12/2024,03/12/2027,0.02,BANCO CENTRAL DE LA REPUBLICA DOMINICANA,BCENTRAL,60515
DO1002228612,NO031227,BCENTRAL/8 BOEST 20271203 GTIA,10310000,DOP,1031,8.55,99.386601,07/08/2026,10:53:14 AM,PRESTAMO,PRIMERA PARTE,ROTC,10/08/2026,CONFIRMADA,3267886,0,03/12/2024,03/12/2027,0.02,BANCO CENTRAL DE LA REPUBLICA DOMINICANA,BCENTRAL,60564
DO1002228612,NO031227,BCENTRAL/8 BOEST 20271203 GTIA,10310000,DOP,1031,8.406292,99.609327,07/08/2026,10:53:13 AM,PLAZO,PRIMERA PARTE,ROTC,27/11/2026,CONFIRMADA,3267885,0,03/12/2024,03/12/2027,0,BANCO CENTRAL DE LA REPUBLICA DOMINICANA,BCENTRAL,60424
DO1002228612,NO031227,BCENTRAL/8 BOEST 20271203 GTIA,10310000,DOP,1031,8.487193,99.386601,07/08/2026,10:53:12 AM,CONTADO,PRIMERA PARTE,ROTC,10/08/2026,CONFIRMADA,3267883,0,03/12/2024,03/12/2027,0,BANCO CENTRAL DE LA REPUBLICA DOMINICANA,BCENTRAL,61355
USP3579ECF27,BSRD2030,DOMINICAN REP/4.5 BD 20300130 UNS,5000,USD,5,5.3,97.493105,07/08/2026,10:52:38 AM,CONTADO,PRIMERA PARTE,ROTC,11/08/2026,CONFIRMADA,3267615,0,30/01/2020,30/01/2030,0,MINISTERIO DE HACIENDA,HACIENDA,59199
USP3579EAY34,BSRD2044,DOMINICAN Rep/7.45 BD 20440430 GO,181000,USD,181,6.1407,114.011818,07/08/2026,10:42:21 AM,CONTADO,PRIMERA PARTE,ROTC,07/08/2026,CONFIRMADA,3267486,0,30/04/2014,30/04/2044,0,MINISTERIO DE HACIENDA,HACIENDA,62265
USP3579EAY34,BSRD2044,DOMINICAN Rep/7.45 BD 20440430 GO,181000,USD,181,6.1541,113.818895,07/08/2026,10:42:20 AM,PRESTAMO,SEGUNDA PARTE,ROTC,08/09/2026,CONFIRMADA,3267487,0,30/04/2014,30/04/2044,2.108709,MINISTERIO DE HACIENDA,HACIENDA,63028
USP3579EAY34,BSRD2044,DOMINICAN Rep/7.45 BD 20440430 GO,181000,USD,181,6.1407,114.011818,07/08/2026,10:42:20 AM,PRESTAMO,PRIMERA PARTE,ROTC,07/08/2026,CONFIRMADA,3267487,0,30/04/2014,30/04/2044,2.108709,MINISTERIO DE HACIENDA,HACIENDA,62951
USP3579EAY34,BSRD2044,DOMINICAN Rep/7.45 BD 20440430 GO,181000,USD,181,6.1541,113.818895,07/08/2026,10:42:19 AM,PLAZO,PRIMERA PARTE,ROTC,08/09/2026,CONFIRMADA,3267488,0,30/04/2014,30/04/2044,0,MINISTERIO DE HACIENDA,HACIENDA,61544
DO1005207118,MHUS2026,HACIENDA/6.65 BOEST 20261227 GTIA,50000,USD,50,2.1672,101.72654,07/08/2026,10:42:18 AM,CONTADO,PRIMERA PARTE,ROTC,07/08/2026,CONFIRMADA,3267489,0,27/12/2019,27/12/2026,0,MINISTERIO DE HACIENDA,HACIENDA,60172
DO1005207118,MHUS2026,HACIENDA/6.65 BOEST 20261227 GTIA,50000,USD,50,0,101.17558,07/08/2026,10:42:17 AM,PRESTAMO,SEGUNDA PARTE,ROTC,05/11/2026,CONFIRMADA,3267490,0,27/12/2019,27/12/2026,1.772614,MINISTERIO DE HACIENDA,HACIENDA,58961
DO1005207118,MHUS2026,HACIENDA/6.65 BOEST 20261227 GTIA,50000,USD,50,2.1672,101.72654,07/08/2026,10:42:17 AM,PRESTAMO,PRIMERA PARTE,ROTC,07/08/2026,CONFIRMADA,3267490,0,27/12/2019,27/12/2026,1.772614,MINISTERIO DE HACIENDA,HACIENDA,60858
DO1005207118,MHUS2026,HACIENDA/6.65 BOEST 20261227 GTIA,50000,USD,50,0,101.17558,07/08/2026,10:42:16 AM,PLAZO,PRIMERA PARTE,ROTC,05/11/2026,CONFIRMADA,3267491,0,27/12/2019,27/12/2026,0,MINISTERIO DE HACIENDA,HACIENDA,57414
DO1002261928,LE090427,BCENTRAL/ LT 20270409 GTIA,1220000,DOP,122,10.9716,93.052019,07/08/2026,10:42:15 AM,CONTADO,PRIMERA PARTE,ROTC,07/08/2026,CONFIRMADA,3267492,0,09/04/2026,09/04/2027,0,BANCO CENTRAL DE LA REPUBLICA DOMINICANA,BCENTRAL,58317
DO1002261928,LE090427,BCENTRAL/ LT 20270409 GTIA,1220000,DOP,122,0,97.565042,07/08/2026,10:42:14 AM,PRESTAMO,SEGUNDA PARTE,ROTC,03/02/2027,CONFIRMADA,3267493,0,09/04/2026,09/04/2027,4.625656,BANCO CENTRAL DE LA REPUBLICA DOMINICANA,BCENTRAL,56770
DO1002261928,LE090427,BCENTRAL/ LT 20270409 GTIA,1220000,DOP,122,10.9716,93.052019,07/08/2026,10:42:14 AM,PRESTAMO,PRIMERA PARTE,ROTC,07/08/2026,CONFIRMADA,3267493,0,09/04/2026,09/04/2027,4.625656,BANCO CENTRAL DE LA REPUBLICA DOMINICANA,BCENTRAL,59003
DO1002261928,LE090427,BCENTRAL/ LT 20270409 GTIA,1220000,DOP,122,0,97.565042,07/08/2026,10:42:13 AM,PLAZO,PRIMERA PARTE,ROTC,03/02/2027,CONFIRMADA,3267494,0,09/04/2026,09/04/2027,0,BANCO CENTRAL DE LA REPUBLICA DOMINICANA,BCENTRAL,55223
DO1002261928,LE090427,BCENTRAL/ LT 20270409 GTIA,80000,DOP,8,1.7748,98.806538,07/08/2026,10:42:12 AM,CONTADO,PRIMERA PARTE,ROTC,07/08/2026,CONFIRMADA,3267495,0,09/04/2026,09/04/2027,0,BANCO CENTRAL DE LA REPUBLICA DOMINICANA,BCENTRAL,56805
DO1002261928,LE090427,BCENTRAL/ LT 20270409 GTIA,80000,DOP,8,-0.6078,100.313338,07/08/2026,10:42:11 AM,PRESTAMO,SEGUNDA PARTE,ROTC,06/10/2026,CONFIRMADA,3267496,0,09/04/2026,09/04/2027,1.502093,BANCO CENTRAL DE LA REPUBLICA DOMINICANA,BCENTRAL,57806
DO1002261928,LE090427,BCENTRAL/ LT 20270409 GTIA,80000,DOP,8,1.7748,98.806538,07/08/2026,10:42:11 AM,PRESTAMO,PRIMERA PARTE,ROTC,07/08/2026,CONFIRMADA,3267496,0,09/04/2026,09/04/2027,1.502093,BANCO CENTRAL DE LA REPUBLICA DOMINICANA,BCENTRAL,57491
DO1002261928,LE090427,BCENTRAL/ LT 20270409 GTIA,80000,DOP,8,-0.6078,100.313338,07/08/2026,10:42:10 AM,PLAZO,PRIMERA PARTE,ROTC,06/10/2026,CONFIRMADA,3267497,0,09/04/2026,09/04/2027,0,BANCO CENTRAL DE LA REPUBLICA DOMINICANA,BCENTRAL,56259
DO1002261829,NO010330,BCENTRAL/9.5 BOEST 20300301 GTIA,40000000,DOP,4000,9.85,98.954619,07/08/2026,10:40:18 AM,CONTADO,PRIMERA PARTE,ROTC,07/08/2026,CONFIRMADA,3267405,0,01/03/2026,01/03/2030,0,BANCO CENTRAL DE LA REPUBLICA DOMINICANA,BCENTRAL,60627
USP3579ECP09,BSRD2029, ,69000,USD,69,4.2286,102.953512,05/05/2026,10:38:38 AM,ESTRUCTURADA,SEGUNDA PARTE,ROTC,10/08/2026,MODIFICADA,3087913,0,22/02/2022,22/02/2029,1.633343,MINISTERIO DE HACIENDA,HACIENDA,50400
DO1002228612,NO031227,BCENTRAL/8 BOEST 20271203 GTIA,1490000,DOP,149,8.0189,99.958751,07/08/2026,10:38:01 AM,CONTADO,PRIMERA PARTE,ROTC,07/08/2026,CONFIRMADA,3267617,0,03/12/2024,03/12/2027,0,BANCO CENTRAL DE LA REPUBLICA DOMINICANA,BCENTRAL,60165
USP3579ECP09,BSRD2029, ,1000,USD,1,3.2822,104.642889,17/06/2026,10:38:00 AM,ESTRUCTURADA,SEGUNDA PARTE,ROTC,11/08/2026,MODIFICADA,3170828,0,22/02/2022,22/02/2029,2.150507,MINISTERIO DE HACIENDA,HACIENDA,49553
DO1002228612,NO031227,BCENTRAL/8 BOEST 20271203 GTIA,1490000,DOP,149,3.5907,100.031928,07/08/2026,10:38:00 AM,PRESTAMO,SEGUNDA PARTE,ROTC,07/09/2026,CONFIRMADA,3267618,0,03/12/2024,03/12/2027,2.126242,BANCO CENTRAL DE LA REPUBLICA DOMINICANA,BCENTRAL,60914
DO1002228612,NO031227,BCENTRAL/8 BOEST 20271203 GTIA,1490000,DOP,149,8.0189,99.958751,07/08/2026,10:38:00 AM,PRESTAMO,PRIMERA PARTE,ROTC,07/08/2026,CONFIRMADA,3267618,0,03/12/2024,03/12/2027,2.126242,BANCO CENTRAL DE LA REPUBLICA DOMINICANA,BCENTRAL,60851
DO1002228612,NO031227,BCENTRAL/8 BOEST 20271203 GTIA,1490000,DOP,149,3.5907,100.031928,07/08/2026,10:37:59 AM,PLAZO,PRIMERA PARTE,ROTC,07/09/2026,CONFIRMADA,3267619,0,03/12/2024,03/12/2027,0,BANCO CENTRAL DE LA REPUBLICA DOMINICANA,BCENTRAL,59465
USP3579ECF27,BSRD2030,DOMINICAN REP/4.5 BD 20300130 UNS,6000,USD,6,4.5819,99.738333,07/08/2026,10:37:58 AM,CONTADO,PRIMERA PARTE,ROTC,07/08/2026,CONFIRMADA,3267620,0,30/01/2020,30/01/2030,0,MINISTERIO DE HACIENDA,HACIENDA,60473
USP3579ECF27,BSRD2030,DOMINICAN REP/4.5 BD 20300130 UNS,6000,USD,6,4.6038,99.672833,07/08/2026,10:37:57 AM,PRESTAMO,SEGUNDA PARTE,ROTC,07/09/2026,CONFIRMADA,3267621,0,30/01/2020,30/01/2030,0.396463,MINISTERIO DE HACIENDA,HACIENDA,61075
USP3579ECF27,BSRD2030,DOMINICAN REP/4.5 BD 20300130 UNS,6000,USD,6,4.5819,99.738333,07/08/2026,10:37:57 AM,PRESTAMO,PRIMERA PARTE,ROTC,07/08/2026,CONFIRMADA,3267621,0,30/01/2020,30/01/2030,0.396463,MINISTERIO DE HACIENDA,HACIENDA,61159
USP3579ECF27,BSRD2030,DOMINICAN REP/4.5 BD 20300130 UNS,6000,USD,6,4.6038,99.672833,07/08/2026,10:37:56 AM,PLAZO,PRIMERA PARTE,ROTC,07/09/2026,CONFIRMADA,3267622,0,30/01/2020,30/01/2030,0,MINISTERIO DE HACIENDA,HACIENDA,59528
DO1002228612,NO031227,BCENTRAL/8 BOEST 20271203 GTIA,20000,DOP,2,-8.4587,123.57925,07/08/2026,10:37:55 AM,CONTADO,PRIMERA PARTE,ROTC,07/08/2026,CONFIRMADA,3267623,0,03/12/2024,03/12/2027,0,BANCO CENTRAL DE LA REPUBLICA DOMINICANA,BCENTRAL,58933
DO1002228612,NO031227,BCENTRAL/8 BOEST 20271203 GTIA,20000,DOP,2,-12.214,124.0651,07/08/2026,10:37:54 AM,PRESTAMO,SEGUNDA PARTE,ROTC,05/11/2026,CONFIRMADA,3267624,0,03/12/2024,03/12/2027,3.039432,BANCO CENTRAL DE LA REPUBLICA DOMINICANA,BCENTRAL,58905
DO1002228612,NO031227,BCENTRAL/8 BOEST 20271203 GTIA,20000,DOP,2,-8.4587,123.57925,07/08/2026,10:37:54 AM,PRESTAMO,PRIMERA PARTE,ROTC,07/08/2026,CONFIRMADA,3267624,0,03/12/2024,03/12/2027,3.039432,BANCO CENTRAL DE LA REPUBLICA DOMINICANA,BCENTRAL,59619
DO1002228612,NO031227,BCENTRAL/8 BOEST 20271203 GTIA,20000,DOP,2,-12.214,124.0651,07/08/2026,10:37:53 AM,PLAZO,PRIMERA PARTE,ROTC,05/11/2026,CONFIRMADA,3267625,0,03/12/2024,03/12/2027,0,BANCO CENTRAL DE LA REPUBLICA DOMINICANA,BCENTRAL,57358
DO1002227317,NO150928,BCENTRAL/11 BOEST 20280915 GTIA,1170000,DOP,117,9.6465,102.503368,07/08/2026,10:37:52 AM,CONTADO,PRIMERA PARTE,ROTC,07/08/2026,CONFIRMADA,3267626,0,15/09/2023,15/09/2028,0,BANCO CENTRAL DE LA REPUBLICA DOMINICANA,BCENTRAL,60760
DO1002227317,NO150928,BCENTRAL/11 BOEST 20280915 GTIA,1170000,DOP,117,9.692,102.34493,07/08/2026,10:37:51 AM,PRESTAMO,SEGUNDA PARTE,ROTC,07/09/2026,CONFIRMADA,3267627,0,15/09/2023,15/09/2028,4.741781,BANCO CENTRAL DE LA REPUBLICA DOMINICANA,BCENTRAL,60676
DO1002227317,NO150928,BCENTRAL/11 BOEST 20280915 GTIA,1170000,DOP,117,9.6465,102.503368,07/08/2026,10:37:51 AM,PRESTAMO,PRIMERA PARTE,ROTC,07/08/2026,CONFIRMADA,3267627,0,15/09/2023,15/09/2028,4.741781,BANCO CENTRAL DE LA REPUBLICA DOMINICANA,BCENTRAL,61446
DO1002227317,NO150928,BCENTRAL/11 BOEST 20280915 GTIA,1170000,DOP,117,9.692,102.34493,07/08/2026,10:37:50 AM,PLAZO,PRIMERA PARTE,ROTC,07/09/2026,CONFIRMADA,3267628,0,15/09/2023,15/09/2028,0,BANCO CENTRAL DE LA REPUBLICA DOMINICANA,BCENTRAL,59129
DO1002228612,NO031227,BCENTRAL/8 BOEST 20271203 GTIA,2750000,DOP,275,8.1143,99.841179,07/08/2026,10:37:50 AM,CONTADO,PRIMERA PARTE,ROTC,07/08/2026,CONFIRMADA,3267629,0,03/12/2024,03/12/2027,0,BANCO CENTRAL DE LA REPUBLICA DOMINICANA,BCENTRAL,60088
DO1002228612,NO031227,BCENTRAL/8 BOEST 20271203 GTIA,2750000,DOP,275,8.0766,99.891684,07/08/2026,10:37:48 AM,PRESTAMO,SEGUNDA PARTE,ROTC,07/09/2026,CONFIRMADA,3267630,0,03/12/2024,03/12/2027,2.106938,BANCO CENTRAL DE LA REPUBLICA DOMINICANA,BCENTRAL,60886
DO1002228612,NO031227,BCENTRAL/8 BOEST 20271203 GTIA,2750000,DOP,275,8.1143,99.841179,07/08/2026,10:37:48 AM,PRESTAMO,PRIMERA PARTE,ROTC,07/08/2026,CONFIRMADA,3267630,0,03/12/2024,03/12/2027,2.106938,BANCO CENTRAL DE LA REPUBLICA DOMINICANA,BCENTRAL,60830
DO1002228612,NO031227,BCENTRAL/8 BOEST 20271203 GTIA,2750000,DOP,275,8.0766,99.891684,07/08/2026,10:37:47 AM,PLAZO,PRIMERA PARTE,ROTC,07/09/2026,CONFIRMADA,3267631,0,03/12/2024,03/12/2027,0,BANCO CENTRAL DE LA REPUBLICA DOMINICANA,BCENTRAL,59339
DO1002228612,NO031227,BCENTRAL/8 BOEST 20271203 GTIA,1110000,DOP,111,7.7061,100.345595,07/08/2026,10:37:47 AM,CONTADO,PRIMERA PARTE,ROTC,07/08/2026,CONFIRMADA,3267632,0,03/12/2024,03/12/2027,0,BANCO CENTRAL DE LA REPUBLICA DOMINICANA,BCENTRAL,60228
DO1002228612,NO031227,BCENTRAL/8 BOEST 20271203 GTIA,1110000,DOP,111,7.6393,100.399727,07/08/2026,10:37:46 AM,PRESTAMO,SEGUNDA PARTE,ROTC,07/09/2026,CONFIRMADA,3267633,0,03/12/2024,03/12/2027,2.100032,BANCO CENTRAL DE LA REPUBLICA DOMINICANA,BCENTRAL,60949
DO1002228612,NO031227,BCENTRAL/8 BOEST 20271203 GTIA,1110000,DOP,111,7.7061,100.345595,07/08/2026,10:37:46 AM,PRESTAMO,PRIMERA PARTE,ROTC,07/08/2026,CONFIRMADA,3267633,0,03/12/2024,03/12/2027,2.100032,BANCO CENTRAL DE LA REPUBLICA DOMINICANA,BCENTRAL,60914
DO1005213025,MH22031,HACIENDA/10.25 BOEST 20310209 GTIA,1000000,DOP,10,8.9253,104.585493,07/08/2026,10:37:45 AM,PRESTAMO,SEGUNDA PARTE,ROTC,10/11/2026,CONFIRMADA,3267335,0,09/02/2024,09/02/2031,2.481767,MINISTERIO DE HACIENDA,HACIENDA,61131
DO1005213025,MH22031,HACIENDA/10.25 BOEST 20310209 GTIA,1000000,DOP,10,9.0094,104.536754,07/08/2026,10:37:45 AM,PRESTAMO,PRIMERA PARTE,ROTC,11/08/2026,CONFIRMADA,3267335,0,09/02/2024,09/02/2031,2.481767,MINISTERIO DE HACIENDA,HACIENDA,61180
DO1002228612,NO031227,BCENTRAL/8 BOEST 20271203 GTIA,1110000,DOP,111,7.6393,100.399727,07/08/2026,10:37:45 AM,PLAZO,PRIMERA PARTE,ROTC,07/09/2026,CONFIRMADA,3267634,0,03/12/2024,03/12/2027,0,BANCO CENTRAL DE LA REPUBLICA DOMINICANA,BCENTRAL,59402
DO1005213025,MH22031,HACIENDA/10.25 BOEST 20310209 GTIA,1000000,DOP,10,8.9253,104.585493,07/08/2026,10:37:44 AM,ESTRUCTURADA,SEGUNDA PARTE,ROTC,10/11/2026,CONFIRMADA,3267334,0,09/02/2024,09/02/2031,9.85,MINISTERIO DE HACIENDA,HACIENDA,63224
DO1005213025,MH22031,HACIENDA/10.25 BOEST 20310209 GTIA,1000000,DOP,10,9.0094,104.536754,07/08/2026,10:37:44 AM,ESTRUCTURADA,PRIMERA PARTE,ROTC,11/08/2026,CONFIRMADA,3267334,0,09/02/2024,09/02/2031,9.85,MINISTERIO DE HACIENDA,HACIENDA,63273
USP3579ECF27,BSRD2030,DOMINICAN REP/4.5 BD 20300130 UNS,51000,USD,51,5.3276,97.40102,07/08/2026,10:37:44 AM,CONTADO,PRIMERA PARTE,ROTC,07/08/2026,CONFIRMADA,3267635,0,30/01/2020,30/01/2030,0,MINISTERIO DE HACIENDA,HACIENDA,60592
DO1005205716,MHUS2027,HACIENDA/6 BOEST 20270305 GTIA,37000,USD,37,-10.51409789,104.090108,07/08/2026,10:37:43 AM,PRESTAMO,SEGUNDA PARTE,ROTC,09/12/2026,CONFIRMADA,3267333,0,05/09/2016,05/03/2027,3.854555,MINISTERIO DE HACIENDA,HACIENDA,62286
DO1005205716,MHUS2027,HACIENDA/6 BOEST 20270305 GTIA,37000,USD,37,3.1303,101.579351,07/08/2026,10:37:43 AM,PRESTAMO,PRIMERA PARTE,ROTC,11/08/2026,CONFIRMADA,3267333,0,05/09/2016,05/03/2027,3.854555,MINISTERIO DE HACIENDA,HACIENDA,60165
USP3579ECF27,BSRD2030,DOMINICAN REP/4.5 BD 20300130 UNS,51000,USD,51,5.3693,97.328235,07/08/2026,10:37:43 AM,PRESTAMO,SEGUNDA PARTE,ROTC,07/09/2026,CONFIRMADA,3267636,0,30/01/2020,30/01/2030,0.39853,MINISTERIO DE HACIENDA,HACIENDA,61691
USP3579ECF27,BSRD2030,DOMINICAN REP/4.5 BD 20300130 UNS,51000,USD,51,5.3276,97.40102,07/08/2026,10:37:43 AM,PRESTAMO,PRIMERA PARTE,ROTC,07/08/2026,CONFIRMADA,3267636,0,30/01/2020,30/01/2030,0.39853,MINISTERIO DE HACIENDA,HACIENDA,61278
DO1005205716,MHUS2027,HACIENDA/6 BOEST 20270305 GTIA,37000,USD,37,-10.51409789,104.090108,07/08/2026,10:37:42 AM,ESTRUCTURADA,SEGUNDA PARTE,ROTC,09/12/2026,CONFIRMADA,3267332,0,05/09/2016,05/03/2027,4.2,MINISTERIO DE HACIENDA,HACIENDA,64379
DO1005205716,MHUS2027,HACIENDA/6 BOEST 20270305 GTIA,37000,USD,37,3.1303,101.579351,07/08/2026,10:37:42 AM,ESTRUCTURADA,PRIMERA PARTE,ROTC,11/08/2026,CONFIRMADA,3267332,0,05/09/2016,05/03/2027,4.2,MINISTERIO DE HACIENDA,HACIENDA,62258
USP3579ECF27,BSRD2030,DOMINICAN REP/4.5 BD 20300130 UNS,51000,USD,51,5.3693,97.328235,07/08/2026,10:37:42 AM,PLAZO,PRIMERA PARTE,ROTC,07/09/2026,CONFIRMADA,3267637,0,30/01/2020,30/01/2030,0,MINISTERIO DE HACIENDA,HACIENDA,60144
DO1005213025,MH22031,HACIENDA/10.25 BOEST 20310209 GTIA,1500000,DOP,15,9.7567,101.637475,07/08/2026,10:37:41 AM,PRESTAMO,SEGUNDA PARTE,ROTC,09/12/2026,CONFIRMADA,3267331,0,09/02/2024,09/02/2031,2.871728,MINISTERIO DE HACIENDA,HACIENDA,61250
DO1005213025,MH22031,HACIENDA/10.25 BOEST 20310209 GTIA,1500000,DOP,15,9.6868,102.046364,07/08/2026,10:37:41 AM,PRESTAMO,PRIMERA PARTE,ROTC,11/08/2026,CONFIRMADA,3267331,0,09/02/2024,09/02/2031,2.871728,MINISTERIO DE HACIENDA,HACIENDA,61264
DO1002228612,NO031227,BCENTRAL/8 BOEST 20271203 GTIA,840000,DOP,84,8.4529,99.425407,07/08/2026,10:37:41 AM,CONTADO,PRIMERA PARTE,ROTC,07/08/2026,CONFIRMADA,3267638,0,03/12/2024,03/12/2027,0,BANCO CENTRAL DE LA REPUBLICA DOMINICANA,BCENTRAL,59409
DO1005213025,MH22031,HACIENDA/10.25 BOEST 20310209 GTIA,1500000,DOP,15,9.7567,101.637475,07/08/2026,10:37:40 AM,ESTRUCTURADA,SEGUNDA PARTE,ROTC,09/12/2026,CONFIRMADA,3267330,0,09/02/2024,09/02/2031,8.7,MINISTERIO DE HACIENDA,HACIENDA,63343
DO1005213025,MH22031,HACIENDA/10.25 BOEST 20310209 GTIA,1500000,DOP,15,9.6868,102.046364,07/08/2026,10:37:40 AM,ESTRUCTURADA,PRIMERA PARTE,ROTC,11/08/2026,CONFIRMADA,3267330,0,09/02/2024,09/02/2031,8.7,MINISTERIO DE HACIENDA,HACIENDA,63357
DO1002228612,NO031227,BCENTRAL/8 BOEST 20271203 GTIA,840000,DOP,84,8.4395,99.472924,07/08/2026,10:37:40 AM,PRESTAMO,SEGUNDA PARTE,ROTC,07/09/2026,CONFIRMADA,3267639,0,03/12/2024,03/12/2027,2.112681,BANCO CENTRAL DE LA REPUBLICA DOMINICANA,BCENTRAL,60088
DO1002228612,NO031227,BCENTRAL/8 BOEST 20271203 GTIA,840000,DOP,84,8.4529,99.425407,07/08/2026,10:37:40 AM,PRESTAMO,PRIMERA PARTE,ROTC,07/08/2026,CONFIRMADA,3267639,0,03/12/2024,03/12/2027,2.112681,BANCO CENTRAL DE LA REPUBLICA DOMINICANA,BCENTRAL,60095
DO1002228612,NO031227,BCENTRAL/8 BOEST 20271203 GTIA,840000,DOP,84,8.4395,99.472924,07/08/2026,10:37:39 AM,PLAZO,PRIMERA PARTE,ROTC,07/09/2026,CONFIRMADA,3267640,0,03/12/2024,03/12/2027,0,BANCO CENTRAL DE LA REPUBLICA DOMINICANA,BCENTRAL,58604
DO1002228612,NO031227,BCENTRAL/8 BOEST 20271203 GTIA,1970000,DOP,197,7.9028,100.102078,07/08/2026,10:37:38 AM,CONTADO,PRIMERA PARTE,ROTC,07/08/2026,CONFIRMADA,3267641,0,03/12/2024,03/12/2027,0,BANCO CENTRAL DE LA REPUBLICA DOMINICANA,BCENTRAL,60368
DO1002228612,NO031227,BCENTRAL/8 BOEST 20271203 GTIA,1970000,DOP,197,7.85,100.15446,07/08/2026,10:37:37 AM,PRESTAMO,SEGUNDA PARTE,ROTC,07/09/2026,CONFIRMADA,3267642,0,03/12/2024,03/12/2027,2.103358,BANCO CENTRAL DE LA REPUBLICA DOMINICANA,BCENTRAL,59962
DO1002228612,NO031227,BCENTRAL/8 BOEST 20271203 GTIA,1970000,DOP,197,7.9028,100.102078,07/08/2026,10:37:37 AM,PRESTAMO,PRIMERA PARTE,ROTC,07/08/2026,CONFIRMADA,3267642,0,03/12/2024,03/12/2027,2.103358,BANCO CENTRAL DE LA REPUBLICA DOMINICANA,BCENTRAL,61054
DO1002261928,LE090427,BCENTRAL/ LT 20270409 GTIA,97470000,DOP,9747,9,94.259195,07/08/2026,10:37:37 AM,PRESTAMO,SEGUNDA PARTE,ROTC,07/12/2026,CONFIRMADA,3267646,0,09/04/2026,09/04/2027,0.02,BANCO CENTRAL DE LA REPUBLICA DOMINICANA,BCENTRAL,57946
DO1002261928,LE090427,BCENTRAL/ LT 20270409 GTIA,97470000,DOP,9747,9,94.259195,07/08/2026,10:37:37 AM,PRESTAMO,PRIMERA PARTE,ROTC,07/08/2026,CONFIRMADA,3267646,0,09/04/2026,09/04/2027,0.02,BANCO CENTRAL DE LA REPUBLICA DOMINICANA,BCENTRAL,58044
DO1002228612,NO031227,BCENTRAL/8 BOEST 20271203 GTIA,1970000,DOP,197,7.85,100.15446,07/08/2026,10:37:36 AM,PLAZO,PRIMERA PARTE,ROTC,07/09/2026,CONFIRMADA,3267643,0,03/12/2024,03/12/2027,0,BANCO CENTRAL DE LA REPUBLICA DOMINICANA,BCENTRAL,58415
DO1002261928,LE090427,BCENTRAL/ LT 20270409 GTIA,97470000,DOP,9747,8.655302,97.127712,07/08/2026,10:37:36 AM,PLAZO,PRIMERA PARTE,ROTC,07/12/2026,CONFIRMADA,3267645,0,09/04/2026,09/04/2027,0,BANCO CENTRAL DE LA REPUBLICA DOMINICANA,BCENTRAL,58821
DO1002261928,LE090427,BCENTRAL/ LT 20270409 GTIA,97470000,DOP,9747,8.949226,94.259195,07/08/2026,10:37:35 AM,CONTADO,PRIMERA PARTE,ROTC,07/08/2026,CONFIRMADA,3267644,0,09/04/2026,09/04/2027,0,BANCO CENTRAL DE LA REPUBLICA DOMINICANA,BCENTRAL,59892
DO1002261928,LE090427,BCENTRAL/ LT 20270409 GTIA,110000,DOP,11,14.698,90.9068,07/08/2026,10:33:25 AM,CONTADO,PRIMERA PARTE,ROTC,07/08/2026,CONFIRMADA,3267468,0,09/04/2026,09/04/2027,0,BANCO CENTRAL DE LA REPUBLICA DOMINICANA,BCENTRAL,56651
DO1002261928,LE090427,BCENTRAL/ LT 20270409 GTIA,110000,DOP,11,15.4118,91.607409,07/08/2026,10:33:24 AM,PRESTAMO,SEGUNDA PARTE,ROTC,07/09/2026,CONFIRMADA,3267469,0,09/04/2026,09/04/2027,0.764795,BANCO CENTRAL DE LA REPUBLICA DOMINICANA,BCENTRAL,58261
DO1002261928,LE090427,BCENTRAL/ LT 20270409 GTIA,110000,DOP,11,14.698,90.9068,07/08/2026,10:33:24 AM,PRESTAMO,PRIMERA PARTE,ROTC,07/08/2026,CONFIRMADA,3267469,0,09/04/2026,09/04/2027,0.764795,BANCO CENTRAL DE LA REPUBLICA DOMINICANA,BCENTRAL,57337
DO1002261928,LE090427,BCENTRAL/ LT 20270409 GTIA,110000,DOP,11,15.4118,91.607409,07/08/2026,10:33:23 AM,PLAZO,PRIMERA PARTE,ROTC,07/09/2026,CONFIRMADA,3267470,0,09/04/2026,09/04/2027,0,BANCO CENTRAL DE LA REPUBLICA DOMINICANA,BCENTRAL,56714
DO1002261928,LE090427,BCENTRAL/ LT 20270409 GTIA,530000,DOP,53,8.8203,94.337245,07/08/2026,10:33:22 AM,CONTADO,PRIMERA PARTE,ROTC,07/08/2026,CONFIRMADA,3267471,0,09/04/2026,09/04/2027,0,BANCO CENTRAL DE LA REPUBLICA DOMINICANA,BCENTRAL,57372
DO1002261928,LE090427,BCENTRAL/ LT 20270409 GTIA,530000,DOP,53,8.5824,95.775889,07/08/2026,10:33:21 AM,PRESTAMO,SEGUNDA PARTE,ROTC,06/10/2026,CONFIRMADA,3267472,0,09/04/2026,09/04/2027,1.502094,BANCO CENTRAL DE LA REPUBLICA DOMINICANA,BCENTRAL,58128
DO1002261928,LE090427,BCENTRAL/ LT 20270409 GTIA,530000,DOP,53,8.8203,94.337245,07/08/2026,10:33:21 AM,PRESTAMO,PRIMERA PARTE,ROTC,07/08/2026,CONFIRMADA,3267472,0,09/04/2026,09/04/2027,1.502094,BANCO CENTRAL DE LA REPUBLICA DOMINICANA,BCENTRAL,58058
DO1002261928,LE090427,BCENTRAL/ LT 20270409 GTIA,530000,DOP,53,8.5824,95.775889,07/08/2026,10:33:20 AM,PLAZO,PRIMERA PARTE,ROTC,06/10/2026,CONFIRMADA,3267473,0,09/04/2026,09/04/2027,0,BANCO CENTRAL DE LA REPUBLICA DOMINICANA,BCENTRAL,56581
DO1002261928,LE090427,BCENTRAL/ LT 20270409 GTIA,340000,DOP,34,10.4987,93.331503,07/08/2026,10:33:19 AM,CONTADO,PRIMERA PARTE,ROTC,07/08/2026,CONFIRMADA,3267474,0,09/04/2026,09/04/2027,0,BANCO CENTRAL DE LA REPUBLICA DOMINICANA,BCENTRAL,57722
DO1002261928,LE090427,BCENTRAL/ LT 20270409 GTIA,340000,DOP,34,0,97.858079,07/08/2026,10:33:18 AM,PRESTAMO,SEGUNDA PARTE,ROTC,03/02/2027,CONFIRMADA,3267475,0,09/04/2026,09/04/2027,4.625654,BANCO CENTRAL DE LA REPUBLICA DOMINICANA,BCENTRAL,56259
DO1002261928,LE090427,BCENTRAL/ LT 20270409 GTIA,340000,DOP,34,10.4987,93.331503,07/08/2026,10:33:18 AM,PRESTAMO,PRIMERA PARTE,ROTC,07/08/2026,CONFIRMADA,3267475,0,09/04/2026,09/04/2027,4.625654,BANCO CENTRAL DE LA REPUBLICA DOMINICANA,BCENTRAL,58408
DO1002261928,LE090427,BCENTRAL/ LT 20270409 GTIA,340000,DOP,34,0,97.858079,07/08/2026,10:33:17 AM,PLAZO,PRIMERA PARTE,ROTC,03/02/2027,CONFIRMADA,3267476,0,09/04/2026,09/04/2027,0,BANCO CENTRAL DE LA REPUBLICA DOMINICANA,BCENTRAL,54712
DO1002261928,LE090427,BCENTRAL/ LT 20270409 GTIA,550000,DOP,55,9.1531,94.136078,07/08/2026,10:33:16 AM,CONTADO,PRIMERA PARTE,ROTC,07/08/2026,CONFIRMADA,3267477,0,09/04/2026,09/04/2027,0,BANCO CENTRAL DE LA REPUBLICA DOMINICANA,BCENTRAL,57414
DO1005208629,MH12031,HACIENDA/8.5 BOEST 20310611 GTIA,200000000,DOP,2000,8.763776,99.442963,07/08/2026,10:33:15 AM,ESTRUCTURADA,SEGUNDA PARTE,ROTC,07/09/2026,CONFIRMADA,3267410,0,11/06/2021,11/06/2031,9,MINISTERIO DE HACIENDA,HACIENDA,64568
DO1005208629,MH12031,HACIENDA/8.5 BOEST 20310611 GTIA,200000000,DOP,2000,8.77563858,99.394749,07/08/2026,10:33:15 AM,ESTRUCTURADA,PRIMERA PARTE,ROTC,07/08/2026,CONFIRMADA,3267410,0,11/06/2021,11/06/2031,9,MINISTERIO DE HACIENDA,HACIENDA,65443
DO1002261928,LE090427,BCENTRAL/ LT 20270409 GTIA,550000,DOP,55,7.2853,98.701676,07/08/2026,10:33:15 AM,PRESTAMO,SEGUNDA PARTE,ROTC,03/02/2027,CONFIRMADA,3267478,0,09/04/2026,09/04/2027,4.625654,BANCO CENTRAL DE LA REPUBLICA DOMINICANA,BCENTRAL,58058
DO1002261928,LE090427,BCENTRAL/ LT 20270409 GTIA,550000,DOP,55,9.1531,94.136078,07/08/2026,10:33:15 AM,PRESTAMO,PRIMERA PARTE,ROTC,07/08/2026,CONFIRMADA,3267478,0,09/04/2026,09/04/2027,4.625654,BANCO CENTRAL DE LA REPUBLICA DOMINICANA,BCENTRAL,58100
DO1002261928,LE090427,BCENTRAL/ LT 20270409 GTIA,550000,DOP,55,7.2853,98.701676,07/08/2026,10:33:14 AM,PLAZO,PRIMERA PARTE,ROTC,03/02/2027,CONFIRMADA,3267479,0,09/04/2026,09/04/2027,0,BANCO CENTRAL DE LA REPUBLICA DOMINICANA,BCENTRAL,56511
DO1002261928,LE090427,BCENTRAL/ LT 20270409 GTIA,1020000,DOP,102,8.1811,94.725959,07/08/2026,10:33:13 AM,CONTADO,PRIMERA PARTE,ROTC,07/08/2026,CONFIRMADA,3267480,0,09/04/2026,09/04/2027,0,BANCO CENTRAL DE LA REPUBLICA DOMINICANA,BCENTRAL,58051
DO1002261928,LE090427,BCENTRAL/ LT 20270409 GTIA,1020000,DOP,102,4.3234,99.225441,07/08/2026,10:33:12 AM,PRESTAMO,SEGUNDA PARTE,ROTC,03/02/2027,CONFIRMADA,3267481,0,09/04/2026,09/04/2027,4.534606,BANCO CENTRAL DE LA REPUBLICA DOMINICANA,BCENTRAL,58492
DO1002261928,LE090427,BCENTRAL/ LT 20270409 GTIA,1020000,DOP,102,8.1811,94.725959,07/08/2026,10:33:12 AM,PRESTAMO,PRIMERA PARTE,ROTC,07/08/2026,CONFIRMADA,3267481,0,09/04/2026,09/04/2027,4.534606,BANCO CENTRAL DE LA REPUBLICA DOMINICANA,BCENTRAL,58737
DO1002261928,LE090427,BCENTRAL/ LT 20270409 GTIA,1020000,DOP,102,4.3234,99.225441,07/08/2026,10:33:11 AM,PLAZO,PRIMERA PARTE,ROTC,03/02/2027,CONFIRMADA,3267482,0,09/04/2026,09/04/2027,0,BANCO CENTRAL DE LA REPUBLICA DOMINICANA,BCENTRAL,56945
DO1002261928,LE090427,BCENTRAL/ LT 20270409 GTIA,310000,DOP,31,10.6772,93.225806,07/08/2026,10:33:10 AM,CONTADO,PRIMERA PARTE,ROTC,07/08/2026,CONFIRMADA,3267483,0,09/04/2026,09/04/2027,0,BANCO CENTRAL DE LA REPUBLICA DOMINICANA,BCENTRAL,57631
DO1002261928,LE090427,BCENTRAL/ LT 20270409 GTIA,310000,DOP,31,10.8285,93.952319,07/08/2026,10:33:08 AM,PRESTAMO,SEGUNDA PARTE,ROTC,07/09/2026,CONFIRMADA,3267484,0,09/04/2026,09/04/2027,0.773278,BANCO CENTRAL DE LA REPUBLICA DOMINICANA,BCENTRAL,58366
DO1002261928,LE090427,BCENTRAL/ LT 20270409 GTIA,310000,DOP,31,10.6772,93.225806,07/08/2026,10:33:08 AM,PRESTAMO,PRIMERA PARTE,ROTC,07/08/2026,CONFIRMADA,3267484,0,09/04/2026,09/04/2027,0.773278,BANCO CENTRAL DE LA REPUBLICA DOMINICANA,BCENTRAL,58373
DO1002261928,LE090427,BCENTRAL/ LT 20270409 GTIA,310000,DOP,31,10.8285,93.952319,07/08/2026,10:33:07 AM,PLAZO,PRIMERA PARTE,ROTC,07/09/2026,CONFIRMADA,3267485,0,09/04/2026,09/04/2027,0,BANCO CENTRAL DE LA REPUBLICA DOMINICANA,BCENTRAL,56819
USP3579ECF27,BSRD2030,DOMINICAN REP/4.5 BD 20300130 UNS,12000,USD,12,6.0021,95.343,07/08/2026,10:29:57 AM,CONTADO,PRIMERA PARTE,ROTC,07/08/2026,CONFIRMADA,3267591,0,30/01/2020,30/01/2030,0,MINISTERIO DE HACIENDA,HACIENDA,59822
USP3579ECF27,BSRD2030,DOMINICAN REP/4.5 BD 20300130 UNS,12000,USD,12,6.0617,95.263833,07/08/2026,10:29:56 AM,PRESTAMO,SEGUNDA PARTE,ROTC,07/09/2026,CONFIRMADA,3267592,0,30/01/2020,30/01/2030,0.400447,MINISTERIO DE HACIENDA,HACIENDA,61642
USP3579ECF27,BSRD2030,DOMINICAN REP/4.5 BD 20300130 UNS,12000,USD,12,6.0021,95.343,07/08/2026,10:29:56 AM,PRESTAMO,PRIMERA PARTE,ROTC,07/08/2026,CONFIRMADA,3267592,0,30/01/2020,30/01/2030,0.400447,MINISTERIO DE HACIENDA,HACIENDA,60508
USP3579ECF27,BSRD2030,DOMINICAN REP/4.5 BD 20300130 UNS,12000,USD,12,6.0617,95.263833,07/08/2026,10:29:55 AM,PLAZO,PRIMERA PARTE,ROTC,07/09/2026,CONFIRMADA,3267593,0,30/01/2020,30/01/2030,0,MINISTERIO DE HACIENDA,HACIENDA,60095
DO1002227317,NO150928,BCENTRAL/11 BOEST 20280915 GTIA,190000,DOP,19,10.0861,101.673221,07/08/2026,10:29:54 AM,CONTADO,PRIMERA PARTE,ROTC,07/08/2026,CONFIRMADA,3267594,0,15/09/2023,15/09/2028,0,BANCO CENTRAL DE LA REPUBLICA DOMINICANA,BCENTRAL,60326
DO1002227317,NO150928,BCENTRAL/11 BOEST 20280915 GTIA,190000,DOP,19,1.7954,101.639532,07/08/2026,10:29:53 AM,PRESTAMO,SEGUNDA PARTE,ROTC,14/09/2026,CONFIRMADA,3267595,0,15/09/2023,15/09/2028,5.075566,BANCO CENTRAL DE LA REPUBLICA DOMINICANA,BCENTRAL,60725
DO1002227317,NO150928,BCENTRAL/11 BOEST 20280915 GTIA,190000,DOP,19,10.0861,101.673221,07/08/2026,10:29:53 AM,PRESTAMO,PRIMERA PARTE,ROTC,07/08/2026,CONFIRMADA,3267595,0,15/09/2023,15/09/2028,5.075566,BANCO CENTRAL DE LA REPUBLICA DOMINICANA,BCENTRAL,61012
DO1002227317,NO150928,BCENTRAL/11 BOEST 20280915 GTIA,190000,DOP,19,1.7954,101.639532,07/08/2026,10:29:52 AM,PLAZO,PRIMERA PARTE,ROTC,14/09/2026,CONFIRMADA,3267596,0,15/09/2023,15/09/2028,0,BANCO CENTRAL DE LA REPUBLICA DOMINICANA,BCENTRAL,59178
USP3579EBV85,BSDR2027,DOMINICAN Rep/5.95 BD 20270125 Se,1000,USD,1,4.31120754,100.75,07/08/2026,10:29:51 AM,CONTADO,PRIMERA PARTE,ROTC,07/08/2026,CONFIRMADA,3267597,0,25/01/2017,25/01/2027,0,MINISTERIO DE HACIENDA,HACIENDA,61138
USP3579EBV85,BSDR2027,DOMINICAN Rep/5.95 BD 20270125 Se,1000,USD,1,4.34315062,100.75,07/08/2026,10:29:50 AM,CONTADO,PRIMERA PARTE,ROTC,07/08/2026,CONFIRMADA,3267598,0,25/01/2017,25/01/2027,0,MINISTERIO DE HACIENDA,HACIENDA,61138
USP3579EBV85,BSDR2027,DOMINICAN Rep/5.95 BD 20270125 Se,150000,USD,150,4.4763,100.67112,07/08/2026,10:29:49 AM,CONTADO,PRIMERA PARTE,ROTC,07/08/2026,CONFIRMADA,3267599,0,25/01/2017,25/01/2027,0,MINISTERIO DE HACIENDA,HACIENDA,62279
DO1002228729,NO030328,BCENTRAL/9.5 BOEST 20280303 GTIA,260000,DOP,26,7.4823,102.717304,07/08/2026,10:29:48 AM,PRESTAMO,SEGUNDA PARTE,ROTC,21/09/2026,CONFIRMADA,3267614,0,03/03/2025,03/03/2028,8.2,BANCO CENTRAL DE LA REPUBLICA DOMINICANA,BCENTRAL,60998
DO1002228729,NO030328,BCENTRAL/9.5 BOEST 20280303 GTIA,260000,DOP,26,10.842,98.089727,07/08/2026,10:29:48 AM,PRESTAMO,PRIMERA PARTE,ROTC,07/08/2026,CONFIRMADA,3267614,0,03/03/2025,03/03/2028,8.2,BANCO CENTRAL DE LA REPUBLICA DOMINICANA,BCENTRAL,60858
DO1002228729,NO030328,BCENTRAL/9.5 BOEST 20280303 GTIA,260000,DOP,26,7.4823,102.717304,07/08/2026,10:29:47 AM,ESTRUCTURADA,SEGUNDA PARTE,ROTC,21/09/2026,CONFIRMADA,3267336,0,03/03/2025,03/03/2028,8.2,BANCO CENTRAL DE LA REPUBLICA DOMINICANA,BCENTRAL,63091
DO1002228729,NO030328,BCENTRAL/9.5 BOEST 20280303 GTIA,260000,DOP,26,10.842,98.089727,07/08/2026,10:29:47 AM,ESTRUCTURADA,PRIMERA PARTE,ROTC,07/08/2026,CONFIRMADA,3267336,0,03/03/2025,03/03/2028,8.2,BANCO CENTRAL DE LA REPUBLICA DOMINICANA,BCENTRAL,62951
USP3579EBV85,BSDR2027,DOMINICAN Rep/5.95 BD 20270125 Se,150000,USD,150,4.6348,100.487987,07/08/2026,10:29:47 AM,PRESTAMO,SEGUNDA PARTE,ROTC,07/09/2026,CONFIRMADA,3267600,0,25/01/2017,25/01/2027,0.505063,MINISTERIO DE HACIENDA,HACIENDA,63427
USP3579EBV85,BSDR2027,DOMINICAN Rep/5.95 BD 20270125 Se,150000,USD,150,4.4763,100.67112,07/08/2026,10:29:47 AM,PRESTAMO,PRIMERA PARTE,ROTC,07/08/2026,CONFIRMADA,3267600,0,25/01/2017,25/01/2027,0.505063,MINISTERIO DE HACIENDA,HACIENDA,62958
DO1002228729,NO030328,BCENTRAL/9.5 BOEST 20280303 GTIA,920000,DOP,92,8.6119,101.214579,07/08/2026,10:29:47 AM,PRESTAMO,SEGUNDA PARTE,ROTC,07/09/2026,CONFIRMADA,3267613,0,03/03/2025,03/03/2028,7.55,BANCO CENTRAL DE LA REPUBLICA DOMINICANA,BCENTRAL,61103
DO1002228729,NO030328,BCENTRAL/9.5 BOEST 20280303 GTIA,920000,DOP,92,11.9123,96.6121,07/08/2026,10:29:47 AM,PRESTAMO,PRIMERA PARTE,ROTC,07/08/2026,CONFIRMADA,3267613,0,03/03/2025,03/03/2028,7.55,BANCO CENTRAL DE LA REPUBLICA DOMINICANA,BCENTRAL,60396
DO1002228729,NO030328,BCENTRAL/9.5 BOEST 20280303 GTIA,920000,DOP,92,8.6119,101.214579,07/08/2026,10:29:46 AM,ESTRUCTURADA,SEGUNDA PARTE,ROTC,07/09/2026,CONFIRMADA,3267337,0,03/03/2025,03/03/2028,7.55,BANCO CENTRAL DE LA REPUBLICA DOMINICANA,BCENTRAL,63196
DO1002228729,NO030328,BCENTRAL/9.5 BOEST 20280303 GTIA,920000,DOP,92,11.9123,96.6121,07/08/2026,10:29:46 AM,ESTRUCTURADA,PRIMERA PARTE,ROTC,07/08/2026,CONFIRMADA,3267337,0,03/03/2025,03/03/2028,7.55,BANCO CENTRAL DE LA REPUBLICA DOMINICANA,BCENTRAL,62489
USP3579EBV85,BSDR2027,DOMINICAN Rep/5.95 BD 20270125 Se,150000,USD,150,4.6348,100.487987,07/08/2026,10:29:46 AM,PLAZO,PRIMERA PARTE,ROTC,07/09/2026,CONFIRMADA,3267601,0,25/01/2017,25/01/2027,0,MINISTERIO DE HACIENDA,HACIENDA,61880
USP3579ECP09,BSRD2029, ,86000,USD,86,3.6834,104.230531,07/08/2026,10:29:46 AM,PRESTAMO,SEGUNDA PARTE,ROTC,07/09/2026,CONFIRMADA,3267612,0,22/02/2022,22/02/2029,3.8,MINISTERIO DE HACIENDA,HACIENDA,48447
USP3579ECP09,BSRD2029, ,86000,USD,86,4.8233,101.598167,07/08/2026,10:29:46 AM,PRESTAMO,PRIMERA PARTE,ROTC,07/08/2026,CONFIRMADA,3267612,0,22/02/2022,22/02/2029,3.8,MINISTERIO DE HACIENDA,HACIENDA,48608
USP3579ECP09,BSRD2029, ,86000,USD,86,3.6834,104.230531,07/08/2026,10:29:45 AM,ESTRUCTURADA,SEGUNDA PARTE,ROTC,07/09/2026,CONFIRMADA,3267338,0,22/02/2022,22/02/2029,3.8,MINISTERIO DE HACIENDA,HACIENDA,50540
USP3579ECP09,BSRD2029, ,86000,USD,86,4.8233,101.598167,07/08/2026,10:29:45 AM,ESTRUCTURADA,PRIMERA PARTE,ROTC,07/08/2026,CONFIRMADA,3267338,0,22/02/2022,22/02/2029,3.8,MINISTERIO DE HACIENDA,HACIENDA,50701
DO1002228612,NO031227,BCENTRAL/8 BOEST 20271203 GTIA,18000000,DOP,1800,7.9849,100.00066700000001,07/08/2026,10:29:45 AM,CONTADO,PRIMERA PARTE,ROTC,07/08/2026,CONFIRMADA,3267602,0,03/12/2024,03/12/2027,0,BANCO CENTRAL DE LA REPUBLICA DOMINICANA,BCENTRAL,61005
DO1002228729,NO030328,BCENTRAL/9.5 BOEST 20280303 GTIA,120000,DOP,12,9.4013,100.121317,07/08/2026,10:29:45 AM,PRESTAMO,SEGUNDA PARTE,ROTC,21/09/2026,CONFIRMADA,3267611,0,03/03/2025,03/03/2028,8.2,BANCO CENTRAL DE LA REPUBLICA DOMINICANA,BCENTRAL,60795
DO1002228729,NO030328,BCENTRAL/9.5 BOEST 20280303 GTIA,120000,DOP,12,12.7177,95.520075,07/08/2026,10:29:45 AM,PRESTAMO,PRIMERA PARTE,ROTC,07/08/2026,CONFIRMADA,3267611,0,03/03/2025,03/03/2028,8.2,BANCO CENTRAL DE LA REPUBLICA DOMINICANA,BCENTRAL,61054
DO1002228729,NO030328,BCENTRAL/9.5 BOEST 20280303 GTIA,120000,DOP,12,9.4013,100.121317,07/08/2026,10:29:44 AM,ESTRUCTURADA,SEGUNDA PARTE,ROTC,21/09/2026,CONFIRMADA,3267339,0,03/03/2025,03/03/2028,8.2,BANCO CENTRAL DE LA REPUBLICA DOMINICANA,BCENTRAL,62888
DO1002228729,NO030328,BCENTRAL/9.5 BOEST 20280303 GTIA,120000,DOP,12,12.7177,95.520075,07/08/2026,10:29:44 AM,ESTRUCTURADA,PRIMERA PARTE,ROTC,07/08/2026,CONFIRMADA,3267339,0,03/03/2025,03/03/2028,8.2,BANCO CENTRAL DE LA REPUBLICA DOMINICANA,BCENTRAL,63147
DO1002228612,NO031227,BCENTRAL/8 BOEST 20271203 GTIA,18000000,DOP,1800,7.938,100.05232,07/08/2026,10:29:44 AM,PRESTAMO,SEGUNDA PARTE,ROTC,07/09/2026,CONFIRMADA,3267603,0,03/12/2024,03/12/2027,2.104747,BANCO CENTRAL DE LA REPUBLICA DOMINICANA,BCENTRAL,60844
DO1002228612,NO031227,BCENTRAL/8 BOEST 20271203 GTIA,18000000,DOP,1800,7.9849,100.00066700000001,07/08/2026,10:29:44 AM,PRESTAMO,PRIMERA PARTE,ROTC,07/08/2026,CONFIRMADA,3267603,0,03/12/2024,03/12/2027,2.104747,BANCO CENTRAL DE LA REPUBLICA DOMINICANA,BCENTRAL,61691
DO1002228612,NO031227,BCENTRAL/8 BOEST 20271203 GTIA,18000000,DOP,1800,7.938,100.05232,07/08/2026,10:29:43 AM,PLAZO,PRIMERA PARTE,ROTC,07/09/2026,CONFIRMADA,3267604,0,03/12/2024,03/12/2027,0,BANCO CENTRAL DE LA REPUBLICA DOMINICANA,BCENTRAL,59297
DO1002228729,NO030328,BCENTRAL/9.5 BOEST 20280303 GTIA,590000,DOP,59,7.784,102.303047,07/08/2026,10:29:43 AM,PRESTAMO,SEGUNDA PARTE,ROTC,21/09/2026,CONFIRMADA,3267610,0,03/03/2025,03/03/2028,8.5,BANCO CENTRAL DE LA REPUBLICA DOMINICANA,BCENTRAL,60690
DO1002228729,NO030328,BCENTRAL/9.5 BOEST 20280303 GTIA,590000,DOP,59,11.164,97.641925,07/08/2026,10:29:43 AM,PRESTAMO,PRIMERA PARTE,ROTC,07/08/2026,CONFIRMADA,3267610,0,03/03/2025,03/03/2028,8.5,BANCO CENTRAL DE LA REPUBLICA DOMINICANA,BCENTRAL,60844
DO1002228729,NO030328,BCENTRAL/9.5 BOEST 20280303 GTIA,590000,DOP,59,7.784,102.303047,07/08/2026,10:29:42 AM,ESTRUCTURADA,SEGUNDA PARTE,ROTC,21/09/2026,CONFIRMADA,3267340,0,03/03/2025,03/03/2028,8.5,BANCO CENTRAL DE LA REPUBLICA DOMINICANA,BCENTRAL,62783
DO1002228729,NO030328,BCENTRAL/9.5 BOEST 20280303 GTIA,590000,DOP,59,11.164,97.641925,07/08/2026,10:29:42 AM,ESTRUCTURADA,PRIMERA PARTE,ROTC,07/08/2026,CONFIRMADA,3267340,0,03/03/2025,03/03/2028,8.5,BANCO CENTRAL DE LA REPUBLICA DOMINICANA,BCENTRAL,62937
DO1002228729,NO030328,BCENTRAL/9.5 BOEST 20280303 GTIA,2100000,DOP,210,8.6669,101.138585,07/08/2026,10:29:42 AM,PRESTAMO,SEGUNDA PARTE,ROTC,07/09/2026,CONFIRMADA,3267609,0,03/03/2025,03/03/2028,7.95,BANCO CENTRAL DE LA REPUBLICA DOMINICANA,BCENTRAL,61712
DO1002228729,NO030328,BCENTRAL/9.5 BOEST 20280303 GTIA,2100000,DOP,210,11.9928,96.502184,07/08/2026,10:29:42 AM,PRESTAMO,PRIMERA PARTE,ROTC,07/08/2026,CONFIRMADA,3267609,0,03/03/2025,03/03/2028,7.95,BANCO CENTRAL DE LA REPUBLICA DOMINICANA,BCENTRAL,61754
DO1002228729,NO030328,BCENTRAL/9.5 BOEST 20280303 GTIA,2100000,DOP,210,8.6669,101.138585,07/08/2026,10:29:41 AM,ESTRUCTURADA,SEGUNDA PARTE,ROTC,07/09/2026,CONFIRMADA,3267342,0,03/03/2025,03/03/2028,7.95,BANCO CENTRAL DE LA REPUBLICA DOMINICANA,BCENTRAL,63805
DO1002228729,NO030328,BCENTRAL/9.5 BOEST 20280303 GTIA,2100000,DOP,210,11.9928,96.502184,07/08/2026,10:29:41 AM,ESTRUCTURADA,PRIMERA PARTE,ROTC,07/08/2026,CONFIRMADA,3267342,0,03/03/2025,03/03/2028,7.95,BANCO CENTRAL DE LA REPUBLICA DOMINICANA,BCENTRAL,63847
DO1002228729,NO030328,BCENTRAL/9.5 BOEST 20280303 GTIA,4670000,DOP,467,8.9163,100.79521,07/08/2026,10:29:41 AM,PRESTAMO,SEGUNDA PARTE,ROTC,07/09/2026,CONFIRMADA,3267608,0,03/03/2025,03/03/2028,7.95,BANCO CENTRAL DE LA REPUBLICA DOMINICANA,BCENTRAL,61460
DO1002228729,NO030328,BCENTRAL/9.5 BOEST 20280303 GTIA,4670000,DOP,467,12.2434,96.161144,07/08/2026,10:29:41 AM,PRESTAMO,PRIMERA PARTE,ROTC,07/08/2026,CONFIRMADA,3267608,0,03/03/2025,03/03/2028,7.95,BANCO CENTRAL DE LA REPUBLICA DOMINICANA,BCENTRAL,61824
DO1002228729,NO030328,BCENTRAL/9.5 BOEST 20280303 GTIA,4670000,DOP,467,8.9163,100.79521,07/08/2026,10:29:40 AM,ESTRUCTURADA,SEGUNDA PARTE,ROTC,07/09/2026,CONFIRMADA,3267341,0,03/03/2025,03/03/2028,7.95,BANCO CENTRAL DE LA REPUBLICA DOMINICANA,BCENTRAL,63553
DO1002228729,NO030328,BCENTRAL/9.5 BOEST 20280303 GTIA,4670000,DOP,467,12.2434,96.161144,07/08/2026,10:29:40 AM,ESTRUCTURADA,PRIMERA PARTE,ROTC,07/08/2026,CONFIRMADA,3267341,0,03/03/2025,03/03/2028,7.95,BANCO CENTRAL DE LA REPUBLICA DOMINICANA,BCENTRAL,63917
DO1002228729,NO030328,BCENTRAL/9.5 BOEST 20280303 GTIA,520000,DOP,52,9.5601,99.916031,07/08/2026,10:29:40 AM,PRESTAMO,SEGUNDA PARTE,ROTC,07/09/2026,CONFIRMADA,3267607,0,03/03/2025,03/03/2028,7.35,BANCO CENTRAL DE LA REPUBLICA DOMINICANA,BCENTRAL,60690
DO1002228729,NO030328,BCENTRAL/9.5 BOEST 20280303 GTIA,520000,DOP,52,12.8525,95.338948,07/08/2026,10:29:40 AM,PRESTAMO,PRIMERA PARTE,ROTC,07/08/2026,CONFIRMADA,3267607,0,03/03/2025,03/03/2028,7.35,BANCO CENTRAL DE LA REPUBLICA DOMINICANA,BCENTRAL,61173
DO1002228729,NO030328,BCENTRAL/9.5 BOEST 20280303 GTIA,520000,DOP,52,9.5601,99.916031,07/08/2026,10:29:39 AM,ESTRUCTURADA,SEGUNDA PARTE,ROTC,07/09/2026,CONFIRMADA,3267343,0,03/03/2025,03/03/2028,7.35,BANCO CENTRAL DE LA REPUBLICA DOMINICANA,BCENTRAL,62846
DO1002228729,NO030328,BCENTRAL/9.5 BOEST 20280303 GTIA,520000,DOP,52,12.8525,95.338948,07/08/2026,10:29:39 AM,ESTRUCTURADA,PRIMERA PARTE,ROTC,07/08/2026,CONFIRMADA,3267343,0,03/03/2025,03/03/2028,7.35,BANCO CENTRAL DE LA REPUBLICA DOMINICANA,BCENTRAL,63329
USP3579ECP09,BSRD2029, ,11000,USD,11,7.0078,96.644833,07/08/2026,10:29:38 AM,PRESTAMO,SEGUNDA PARTE,ROTC,07/09/2026,CONFIRMADA,3267606,0,22/02/2022,22/02/2029,3,MINISTERIO DE HACIENDA,HACIENDA,48104
USP3579ECP09,BSRD2029, ,11000,USD,11,8.112,94.103621,07/08/2026,10:29:38 AM,PRESTAMO,PRIMERA PARTE,ROTC,07/08/2026,CONFIRMADA,3267606,0,22/02/2022,22/02/2029,3,MINISTERIO DE HACIENDA,HACIENDA,47635
USP3579ECP09,BSRD2029, ,11000,USD,11,7.0078,96.644833,07/08/2026,10:29:37 AM,ESTRUCTURADA,SEGUNDA PARTE,ROTC,07/09/2026,CONFIRMADA,3267344,0,22/02/2022,22/02/2029,3,MINISTERIO DE HACIENDA,HACIENDA,50197
USP3579ECP09,BSRD2029, ,11000,USD,11,8.112,94.103621,07/08/2026,10:29:37 AM,ESTRUCTURADA,PRIMERA PARTE,ROTC,07/08/2026,CONFIRMADA,3267344,0,22/02/2022,22/02/2029,3,MINISTERIO DE HACIENDA,HACIENDA,49728
DO1005213025,MH22031,HACIENDA/10.25 BOEST 20310209 GTIA,1400000,DOP,14,7.249,110.821614,07/08/2026,10:29:13 AM,PRESTAMO,SEGUNDA PARTE,ROTC,06/11/2026,CONFIRMADA,3267329,0,09/02/2024,09/02/2031,6.865193,MINISTERIO DE HACIENDA,HACIENDA,60718
DO1005213025,MH22031,HACIENDA/10.25 BOEST 20310209 GTIA,1400000,DOP,14,8.7448,105.541229,07/08/2026,10:29:13 AM,PRESTAMO,PRIMERA PARTE,ROTC,07/08/2026,CONFIRMADA,3267329,0,09/02/2024,09/02/2031,6.865193,MINISTERIO DE HACIENDA,HACIENDA,61264
DO1005213025,MH22031,HACIENDA/10.25 BOEST 20310209 GTIA,1400000,DOP,14,7.249,110.821614,07/08/2026,10:29:12 AM,ESTRUCTURADA,SEGUNDA PARTE,ROTC,06/11/2026,CONFIRMADA,3267328,0,09/02/2024,09/02/2031,9.85,MINISTERIO DE HACIENDA,HACIENDA,62811
DO1005213025,MH22031,HACIENDA/10.25 BOEST 20310209 GTIA,1400000,DOP,14,8.7448,105.541229,07/08/2026,10:29:12 AM,ESTRUCTURADA,PRIMERA PARTE,ROTC,07/08/2026,CONFIRMADA,3267328,0,09/02/2024,09/02/2031,9.85,MINISTERIO DE HACIENDA,HACIENDA,63357
DO1005213025,MH22031,HACIENDA/10.25 BOEST 20310209 GTIA,2700000,DOP,27,7.0574,111.562275,07/08/2026,10:29:11 AM,PRESTAMO,SEGUNDA PARTE,ROTC,06/11/2026,CONFIRMADA,3267327,0,09/02/2024,09/02/2031,6.836389,MINISTERIO DE HACIENDA,HACIENDA,61145
DO1005213025,MH22031,HACIENDA/10.25 BOEST 20310209 GTIA,2700000,DOP,27,8.5546,106.263896,07/08/2026,10:29:11 AM,PRESTAMO,PRIMERA PARTE,ROTC,07/08/2026,CONFIRMADA,3267327,0,09/02/2024,09/02/2031,6.836389,MINISTERIO DE HACIENDA,HACIENDA,61369
DO1005213025,MH22031,HACIENDA/10.25 BOEST 20310209 GTIA,2700000,DOP,27,7.0574,111.562275,07/08/2026,10:29:10 AM,ESTRUCTURADA,SEGUNDA PARTE,ROTC,06/11/2026,CONFIRMADA,3267326,0,09/02/2024,09/02/2031,9.85,MINISTERIO DE HACIENDA,HACIENDA,63238
DO1005213025,MH22031,HACIENDA/10.25 BOEST 20310209 GTIA,2700000,DOP,27,8.5546,106.263896,07/08/2026,10:29:10 AM,ESTRUCTURADA,PRIMERA PARTE,ROTC,07/08/2026,CONFIRMADA,3267326,0,09/02/2024,09/02/2031,9.85,MINISTERIO DE HACIENDA,HACIENDA,63462
DO1002227317,NO150928,BCENTRAL/11 BOEST 20280915 GTIA,480000,DOP,48,0,102.586556,07/08/2026,10:28:29 AM,PLAZO,PRIMERA PARTE,ROTC,06/11/2026,CONFIRMADA,3267498,0,15/09/2023,15/09/2028,0,BANCO CENTRAL DE LA REPUBLICA DOMINICANA,BCENTRAL,57393
DO1002227317,NO150928,BCENTRAL/11 BOEST 20280915 GTIA,480000,DOP,48,9,102.528104,07/08/2026,10:28:28 AM,PRESTAMO,SEGUNDA PARTE,ROTC,07/12/2026,CONFIRMADA,3267499,0,15/09/2023,15/09/2028,2.34521,BANCO CENTRAL DE LA REPUBLICA DOMINICANA,BCENTRAL,58898
DO1002227317,NO150928,BCENTRAL/11 BOEST 20280915 GTIA,480000,DOP,48,0,102.586556,07/08/2026,10:28:28 AM,PRESTAMO,PRIMERA PARTE,ROTC,06/11/2026,CONFIRMADA,3267499,0,15/09/2023,15/09/2028,2.34521,BANCO CENTRAL DE LA REPUBLICA DOMINICANA,BCENTRAL,58989
DO1002227317,NO150928,BCENTRAL/11 BOEST 20280915 GTIA,480000,DOP,48,9,102.528104,07/08/2026,10:28:27 AM,PLAZO,PRIMERA PARTE,ROTC,07/12/2026,CONFIRMADA,3267500,0,15/09/2023,15/09/2028,0,BANCO CENTRAL DE LA REPUBLICA DOMINICANA,BCENTRAL,57351
DO1002227317,NO150928,BCENTRAL/11 BOEST 20280915 GTIA,470000,DOP,47,0,102.037674,07/08/2026,10:28:26 AM,PLAZO,PRIMERA PARTE,ROTC,05/02/2027,CONFIRMADA,3267501,0,15/09/2023,15/09/2028,0,BANCO CENTRAL DE LA REPUBLICA DOMINICANA,BCENTRAL,57302
DO1002227317,NO150928,BCENTRAL/11 BOEST 20280915 GTIA,470000,DOP,47,9,102.00186,07/08/2026,10:28:25 AM,PRESTAMO,SEGUNDA PARTE,ROTC,05/03/2027,CONFIRMADA,3267502,0,15/09/2023,15/09/2028,4.813819,BANCO CENTRAL DE LA REPUBLICA DOMINICANA,BCENTRAL,58485
DO1002227317,NO150928,BCENTRAL/11 BOEST 20280915 GTIA,470000,DOP,47,0,102.037674,07/08/2026,10:28:25 AM,PRESTAMO,PRIMERA PARTE,ROTC,05/02/2027,CONFIRMADA,3267502,0,15/09/2023,15/09/2028,4.813819,BANCO CENTRAL DE LA REPUBLICA DOMINICANA,BCENTRAL,58898
DO1002227317,NO150928,BCENTRAL/11 BOEST 20280915 GTIA,470000,DOP,47,9,102.00186,07/08/2026,10:28:24 AM,PLAZO,PRIMERA PARTE,ROTC,05/03/2027,CONFIRMADA,3267503,0,15/09/2023,15/09/2028,0,BANCO CENTRAL DE LA REPUBLICA DOMINICANA,BCENTRAL,56938
DO1002227317,NO150928,BCENTRAL/11 BOEST 20280915 GTIA,480000,DOP,48,0,102.582427,07/08/2026,10:28:23 AM,PLAZO,PRIMERA PARTE,ROTC,07/05/2027,CONFIRMADA,3267504,0,15/09/2023,15/09/2028,0,BANCO CENTRAL DE LA REPUBLICA DOMINICANA,BCENTRAL,57337
DO1002227317,NO150928,BCENTRAL/11 BOEST 20280915 GTIA,480000,DOP,48,9,102.539335,07/08/2026,10:28:23 AM,PRESTAMO,SEGUNDA PARTE,ROTC,07/06/2027,CONFIRMADA,3267505,0,15/09/2023,15/09/2028,2.349141,BANCO CENTRAL DE LA REPUBLICA DOMINICANA,BCENTRAL,58947
DO1002227317,NO150928,BCENTRAL/11 BOEST 20280915 GTIA,480000,DOP,48,0,102.582427,07/08/2026,10:28:23 AM,PRESTAMO,PRIMERA PARTE,ROTC,07/05/2027,CONFIRMADA,3267505,0,15/09/2023,15/09/2028,2.349141,BANCO CENTRAL DE LA REPUBLICA DOMINICANA,BCENTRAL,58940
DO1002227317,NO150928,BCENTRAL/11 BOEST 20280915 GTIA,480000,DOP,48,9,102.539335,07/08/2026,10:28:22 AM,PLAZO,PRIMERA PARTE,ROTC,07/06/2027,CONFIRMADA,3267506,0,15/09/2023,15/09/2028,0,BANCO CENTRAL DE LA REPUBLICA DOMINICANA,BCENTRAL,57400
USP3579EBE60,BSRD2045,DOMINICAN Rep/6.85 BD 20450127 Un,210000,USD,210,6.90203136,98.81,07/08/2026,10:28:21 AM,CONTADO,PRIMERA PARTE,ROTC,07/08/2026,CONFIRMADA,3267507,0,27/01/2015,27/01/2045,0,MINISTERIO DE HACIENDA,HACIENDA,62181
DO2028900416,BC1ENA04,ENADOM/7.4 BO 20350313,8000,USD,8000,7.52616078,99.2,07/08/2026,10:28:20 AM,CONTADO,PRIMERA PARTE,ROTC,07/08/2026,CONFIRMADA,3267508,0,13/03/2025,13/03/2035,0,ENERGIA NATURAL DOMINICANA ENADOM SRL,ENADOM,55006
DO1002227317,NO150928,BCENTRAL/11 BOEST 20280915 GTIA,470000,DOP,47,9.8867,102.04874,07/08/2026,10:28:18 AM,CONTADO,PRIMERA PARTE,ROTC,07/08/2026,CONFIRMADA,3267509,0,15/09/2023,15/09/2028,0,BANCO CENTRAL DE LA REPUBLICA DOMINICANA,BCENTRAL,59836
DO1002227317,NO150928,BCENTRAL/11 BOEST 20280915 GTIA,470000,DOP,47,-0.3942,102.024445,07/08/2026,10:28:17 AM,PRESTAMO,SEGUNDA PARTE,ROTC,07/09/2026,CONFIRMADA,3267510,0,15/09/2023,15/09/2028,4.88098,BANCO CENTRAL DE LA REPUBLICA DOMINICANA,BCENTRAL,60949
DO1002227317,NO150928,BCENTRAL/11 BOEST 20280915 GTIA,470000,DOP,47,9.8867,102.04874,07/08/2026,10:28:17 AM,PRESTAMO,PRIMERA PARTE,ROTC,07/08/2026,CONFIRMADA,3267510,0,15/09/2023,15/09/2028,4.88098,BANCO CENTRAL DE LA REPUBLICA DOMINICANA,BCENTRAL,60522
DO1002227317,NO150928,BCENTRAL/11 BOEST 20280915 GTIA,470000,DOP,47,-0.3942,102.024445,07/08/2026,10:28:16 AM,PLAZO,PRIMERA PARTE,ROTC,07/09/2026,CONFIRMADA,3267511,0,15/09/2023,15/09/2028,0,BANCO CENTRAL DE LA REPUBLICA DOMINICANA,BCENTRAL,59402
USP3579EBV85,BSDR2027,DOMINICAN Rep/5.95 BD 20270125 Se,1000,USD,1,4.34315062,100.75,07/08/2026,10:28:15 AM,CONTADO,PRIMERA PARTE,ROTC,07/08/2026,CONFIRMADA,3267512,0,25/01/2017,25/01/2027,0,MINISTERIO DE HACIENDA,HACIENDA,61138
DO1002228612,NO031227,BCENTRAL/8 BOEST 20271203 GTIA,3230000,DOP,323,7.9436,100.051747,07/08/2026,10:28:14 AM,CONTADO,PRIMERA PARTE,ROTC,07/08/2026,CONFIRMADA,3267513,0,03/12/2024,03/12/2027,0,BANCO CENTRAL DE LA REPUBLICA DOMINICANA,BCENTRAL,60263
DO1002228612,NO031227,BCENTRAL/8 BOEST 20271203 GTIA,3230000,DOP,323,8.046,99.925378,07/08/2026,10:28:13 AM,PRESTAMO,SEGUNDA PARTE,ROTC,14/08/2026,CONFIRMADA,3267514,0,03/12/2024,03/12/2027,1.426023,BANCO CENTRAL DE LA REPUBLICA DOMINICANA,BCENTRAL,60312
DO1002228612,NO031227,BCENTRAL/8 BOEST 20271203 GTIA,3230000,DOP,323,7.9436,100.051747,07/08/2026,10:28:13 AM,PRESTAMO,PRIMERA PARTE,ROTC,07/08/2026,CONFIRMADA,3267514,0,03/12/2024,03/12/2027,1.426023,BANCO CENTRAL DE LA REPUBLICA DOMINICANA,BCENTRAL,60949
DO1002228612,NO031227,BCENTRAL/8 BOEST 20271203 GTIA,3230000,DOP,323,8.046,99.925378,07/08/2026,10:28:12 AM,PLAZO,PRIMERA PARTE,ROTC,14/08/2026,CONFIRMADA,3267515,0,03/12/2024,03/12/2027,0,BANCO CENTRAL DE LA REPUBLICA DOMINICANA,BCENTRAL,58765
DO1002228612,NO031227,BCENTRAL/8 BOEST 20271203 GTIA,90000,DOP,9,12.6902,94.422122,07/08/2026,10:28:11 AM,CONTADO,PRIMERA PARTE,ROTC,07/08/2026,CONFIRMADA,3267516,0,03/12/2024,03/12/2027,0,BANCO CENTRAL DE LA REPUBLICA DOMINICANA,BCENTRAL,58856
DO1002228612,NO031227,BCENTRAL/8 BOEST 20271203 GTIA,90000,DOP,9,12.9842,94.433678,07/08/2026,10:28:10 AM,PRESTAMO,SEGUNDA PARTE,ROTC,07/09/2026,CONFIRMADA,3267517,0,03/12/2024,03/12/2027,2.185711,BANCO CENTRAL DE LA REPUBLICA DOMINICANA,BCENTRAL,59654
DO1002228612,NO031227,BCENTRAL/8 BOEST 20271203 GTIA,90000,DOP,9,12.6902,94.422122,07/08/2026,10:28:10 AM,PRESTAMO,PRIMERA PARTE,ROTC,07/08/2026,CONFIRMADA,3267517,0,03/12/2024,03/12/2027,2.185711,BANCO CENTRAL DE LA REPUBLICA DOMINICANA,BCENTRAL,59542
DO1002228612,NO031227,BCENTRAL/8 BOEST 20271203 GTIA,90000,DOP,9,12.9842,94.433678,07/08/2026,10:28:09 AM,PLAZO,PRIMERA PARTE,ROTC,07/09/2026,CONFIRMADA,3267518,0,03/12/2024,03/12/2027,0,BANCO CENTRAL DE LA REPUBLICA DOMINICANA,BCENTRAL,58170
USP3579EBV85,BSDR2027,DOMINICAN Rep/5.95 BD 20270125 Se,1000,USD,1,4.34315062,100.75,07/08/2026,10:28:08 AM,CONTADO,PRIMERA PARTE,ROTC,07/08/2026,CONFIRMADA,3267519,0,25/01/2017,25/01/2027,0,MINISTERIO DE HACIENDA,HACIENDA,61152
USP3579EBV85,BSDR2027,DOMINICAN Rep/5.95 BD 20270125 Se,1000,USD,1,4.34315062,100.75,07/08/2026,10:28:07 AM,CONTADO,PRIMERA PARTE,ROTC,07/08/2026,CONFIRMADA,3267520,0,25/01/2017,25/01/2027,0,MINISTERIO DE HACIENDA,HACIENDA,61145
DO1002227317,NO150928,BCENTRAL/11 BOEST 20280915 GTIA,480000,DOP,48,0,103.498158,07/08/2026,10:28:06 AM,PLAZO,PRIMERA PARTE,ROTC,07/10/2026,CONFIRMADA,3267521,0,15/09/2023,15/09/2028,0,BANCO CENTRAL DE LA REPUBLICA DOMINICANA,BCENTRAL,57365
DO1002227317,NO150928,BCENTRAL/11 BOEST 20280915 GTIA,480000,DOP,48,9,103.441592,07/08/2026,10:28:05 AM,PRESTAMO,SEGUNDA PARTE,ROTC,06/11/2026,CONFIRMADA,3267522,0,15/09/2023,15/09/2028,1.450694,BANCO CENTRAL DE LA REPUBLICA DOMINICANA,BCENTRAL,58891
DO1002227317,NO150928,BCENTRAL/11 BOEST 20280915 GTIA,480000,DOP,48,0,103.498158,07/08/2026,10:28:05 AM,PRESTAMO,PRIMERA PARTE,ROTC,07/10/2026,CONFIRMADA,3267522,0,15/09/2023,15/09/2028,1.450694,BANCO CENTRAL DE LA REPUBLICA DOMINICANA,BCENTRAL,58961
DO1002227317,NO150928,BCENTRAL/11 BOEST 20280915 GTIA,480000,DOP,48,9,103.441592,07/08/2026,10:28:04 AM,PLAZO,PRIMERA PARTE,ROTC,06/11/2026,CONFIRMADA,3267523,0,15/09/2023,15/09/2028,0,BANCO CENTRAL DE LA REPUBLICA DOMINICANA,BCENTRAL,57344
DO1002228612,NO031227,BCENTRAL/8 BOEST 20271203 GTIA,490000,DOP,49,0,100.018839,07/08/2026,10:28:03 AM,PLAZO,PRIMERA PARTE,ROTC,05/03/2027,CONFIRMADA,3267524,0,03/12/2024,03/12/2027,0,BANCO CENTRAL DE LA REPUBLICA DOMINICANA,BCENTRAL,56861
DO1002228612,NO031227,BCENTRAL/8 BOEST 20271203 GTIA,490000,DOP,49,9,100.214906,07/08/2026,10:28:02 AM,PRESTAMO,SEGUNDA PARTE,ROTC,07/04/2027,CONFIRMADA,3267525,0,03/12/2024,03/12/2027,2.858643,BANCO CENTRAL DE LA REPUBLICA DOMINICANA,BCENTRAL,58429
DO1002228612,NO031227,BCENTRAL/8 BOEST 20271203 GTIA,490000,DOP,49,0,100.018839,07/08/2026,10:28:02 AM,PRESTAMO,PRIMERA PARTE,ROTC,05/03/2027,CONFIRMADA,3267525,0,03/12/2024,03/12/2027,2.858643,BANCO CENTRAL DE LA REPUBLICA DOMINICANA,BCENTRAL,58457
DO1002228612,NO031227,BCENTRAL/8 BOEST 20271203 GTIA,490000,DOP,49,9,100.214906,07/08/2026,10:28:01 AM,PLAZO,PRIMERA PARTE,ROTC,07/04/2027,CONFIRMADA,3267526,0,03/12/2024,03/12/2027,0,BANCO CENTRAL DE LA REPUBLICA DOMINICANA,BCENTRAL,56882
DO1002227317,NO150928,BCENTRAL/11 BOEST 20280915 GTIA,480000,DOP,48,0,101.655798,07/08/2026,10:28:00 AM,PLAZO,PRIMERA PARTE,ROTC,07/06/2027,CONFIRMADA,3267527,0,15/09/2023,15/09/2028,0,BANCO CENTRAL DE LA REPUBLICA DOMINICANA,BCENTRAL,57386
DO1002227317,NO150928,BCENTRAL/11 BOEST 20280915 GTIA,480000,DOP,48,9,101.614094,07/08/2026,10:27:59 AM,PRESTAMO,SEGUNDA PARTE,ROTC,07/07/2027,CONFIRMADA,3267528,0,15/09/2023,15/09/2028,3.204961,BANCO CENTRAL DE LA REPUBLICA DOMINICANA,BCENTRAL,58975
DO1002227317,NO150928,BCENTRAL/11 BOEST 20280915 GTIA,480000,DOP,48,0,101.655798,07/08/2026,10:27:59 AM,PRESTAMO,PRIMERA PARTE,ROTC,07/06/2027,CONFIRMADA,3267528,0,15/09/2023,15/09/2028,3.204961,BANCO CENTRAL DE LA REPUBLICA DOMINICANA,BCENTRAL,59080
DO1002227317,NO150928,BCENTRAL/11 BOEST 20280915 GTIA,480000,DOP,48,9,101.614094,07/08/2026,10:27:58 AM,PLAZO,PRIMERA PARTE,ROTC,07/07/2027,CONFIRMADA,3267529,0,15/09/2023,15/09/2028,0,BANCO CENTRAL DE LA REPUBLICA DOMINICANA,BCENTRAL,57428
DO1002223928,NO120227,BCENTRAL/8 BOEST 20270212 GTIA,500000,DOP,50,0,99.434782,07/08/2026,10:27:57 AM,PLAZO,PRIMERA PARTE,ROTC,07/09/2026,CONFIRMADA,3267530,0,12/02/2022,12/02/2027,0,BANCO CENTRAL DE LA REPUBLICA DOMINICANA,BCENTRAL,56651
DO1002223928,NO120227,BCENTRAL/8 BOEST 20270212 GTIA,500000,DOP,50,9,99.603442,07/08/2026,10:27:57 AM,PRESTAMO,SEGUNDA PARTE,ROTC,07/10/2026,CONFIRMADA,3267531,0,12/02/2022,12/02/2027,1.374767,BANCO CENTRAL DE LA REPUBLICA DOMINICANA,BCENTRAL,58135
DO1002223928,NO120227,BCENTRAL/8 BOEST 20270212 GTIA,500000,DOP,50,0,99.434782,07/08/2026,10:27:57 AM,PRESTAMO,PRIMERA PARTE,ROTC,07/09/2026,CONFIRMADA,3267531,0,12/02/2022,12/02/2027,1.374767,BANCO CENTRAL DE LA REPUBLICA DOMINICANA,BCENTRAL,58254
DO1002223928,NO120227,BCENTRAL/8 BOEST 20270212 GTIA,500000,DOP,50,9,99.603442,07/08/2026,10:27:56 AM,PLAZO,PRIMERA PARTE,ROTC,07/10/2026,CONFIRMADA,3267532,0,12/02/2022,12/02/2027,0,BANCO CENTRAL DE LA REPUBLICA DOMINICANA,BCENTRAL,56588
DO1002227317,NO150928,BCENTRAL/11 BOEST 20280915 GTIA,480000,DOP,48,0,101.644567,07/08/2026,10:27:55 AM,PLAZO,PRIMERA PARTE,ROTC,07/12/2026,CONFIRMADA,3267533,0,15/09/2023,15/09/2028,0,BANCO CENTRAL DE LA REPUBLICA DOMINICANA,BCENTRAL,57365
DO1002227317,NO150928,BCENTRAL/11 BOEST 20280915 GTIA,480000,DOP,48,9,101.586117,07/08/2026,10:27:54 AM,PRESTAMO,SEGUNDA PARTE,ROTC,07/01/2027,CONFIRMADA,3267534,0,15/09/2023,15/09/2028,3.241914,BANCO CENTRAL DE LA REPUBLICA DOMINICANA,BCENTRAL,58926
DO1002227317,NO150928,BCENTRAL/11 BOEST 20280915 GTIA,480000,DOP,48,0,101.644567,07/08/2026,10:27:54 AM,PRESTAMO,PRIMERA PARTE,ROTC,07/12/2026,CONFIRMADA,3267534,0,15/09/2023,15/09/2028,3.241914,BANCO CENTRAL DE LA REPUBLICA DOMINICANA,BCENTRAL,58961
DO1002227317,NO150928,BCENTRAL/11 BOEST 20280915 GTIA,480000,DOP,48,9,101.586117,07/08/2026,10:27:53 AM,PLAZO,PRIMERA PARTE,ROTC,07/01/2027,CONFIRMADA,3267535,0,15/09/2023,15/09/2028,0,BANCO CENTRAL DE LA REPUBLICA DOMINICANA,BCENTRAL,57379
DO1002227317,NO150928,BCENTRAL/11 BOEST 20280915 GTIA,470000,DOP,47,0,102.918889,07/08/2026,10:27:52 AM,PLAZO,PRIMERA PARTE,ROTC,07/01/2027,CONFIRMADA,3267536,0,15/09/2023,15/09/2028,0,BANCO CENTRAL DE LA REPUBLICA DOMINICANA,BCENTRAL,57407
DO1002227317,NO150928,BCENTRAL/11 BOEST 20280915 GTIA,470000,DOP,47,9,102.881794,07/08/2026,10:27:51 AM,PRESTAMO,SEGUNDA PARTE,ROTC,05/02/2027,CONFIRMADA,3267537,0,15/09/2023,15/09/2028,4.017836,BANCO CENTRAL DE LA REPUBLICA DOMINICANA,BCENTRAL,58954
DO1002227317,NO150928,BCENTRAL/11 BOEST 20280915 GTIA,470000,DOP,47,0,102.918889,07/08/2026,10:27:51 AM,PRESTAMO,PRIMERA PARTE,ROTC,07/01/2027,CONFIRMADA,3267537,0,15/09/2023,15/09/2028,4.017836,BANCO CENTRAL DE LA REPUBLICA DOMINICANA,BCENTRAL,59003
DO1002227317,NO150928,BCENTRAL/11 BOEST 20280915 GTIA,470000,DOP,47,9,102.881794,07/08/2026,10:27:50 AM,PLAZO,PRIMERA PARTE,ROTC,05/02/2027,CONFIRMADA,3267538,0,15/09/2023,15/09/2028,0,BANCO CENTRAL DE LA REPUBLICA DOMINICANA,BCENTRAL,57407
DO1002227317,NO150928,BCENTRAL/11 BOEST 20280915 GTIA,480000,DOP,48,0,103.479167,07/08/2026,10:27:49 AM,PLAZO,PRIMERA PARTE,ROTC,07/04/2027,CONFIRMADA,3267539,0,15/09/2023,15/09/2028,0,BANCO CENTRAL DE LA REPUBLICA DOMINICANA,BCENTRAL,57428
DO1002227317,NO150928,BCENTRAL/11 BOEST 20280915 GTIA,480000,DOP,48,9,103.437462,07/08/2026,10:27:48 AM,PRESTAMO,SEGUNDA PARTE,ROTC,07/05/2027,CONFIRMADA,3267540,0,15/09/2023,15/09/2028,1.468778,BANCO CENTRAL DE LA REPUBLICA DOMINICANA,BCENTRAL,58975
DO1002227317,NO150928,BCENTRAL/11 BOEST 20280915 GTIA,480000,DOP,48,0,103.479167,07/08/2026,10:27:48 AM,PRESTAMO,PRIMERA PARTE,ROTC,07/04/2027,CONFIRMADA,3267540,0,15/09/2023,15/09/2028,1.468778,BANCO CENTRAL DE LA REPUBLICA DOMINICANA,BCENTRAL,59024
DO1002227317,NO150928,BCENTRAL/11 BOEST 20280915 GTIA,480000,DOP,48,9,103.437462,07/08/2026,10:27:47 AM,PLAZO,PRIMERA PARTE,ROTC,07/05/2027,CONFIRMADA,3267541,0,15/09/2023,15/09/2028,0,BANCO CENTRAL DE LA REPUBLICA DOMINICANA,BCENTRAL,57428
DO1002227317,NO150928,BCENTRAL/11 BOEST 20280915 GTIA,470000,DOP,47,0,102.97537,07/08/2026,10:27:46 AM,PLAZO,PRIMERA PARTE,ROTC,07/07/2027,CONFIRMADA,3267542,0,15/09/2023,15/09/2028,0,BANCO CENTRAL DE LA REPUBLICA DOMINICANA,BCENTRAL,57050
DO1002227317,NO150928,BCENTRAL/11 BOEST 20280915 GTIA,470000,DOP,47,9,102.95186,07/08/2026,10:27:46 AM,PRESTAMO,SEGUNDA PARTE,ROTC,06/08/2027,CONFIRMADA,3267543,0,15/09/2023,15/09/2028,3.991225,BANCO CENTRAL DE LA REPUBLICA DOMINICANA,BCENTRAL,58639
DO1002227317,NO150928,BCENTRAL/11 BOEST 20280915 GTIA,470000,DOP,47,0,102.97537,07/08/2026,10:27:46 AM,PRESTAMO,PRIMERA PARTE,ROTC,07/07/2027,CONFIRMADA,3267543,0,15/09/2023,15/09/2028,3.991225,BANCO CENTRAL DE LA REPUBLICA DOMINICANA,BCENTRAL,58653
DO1002227317,NO150928,BCENTRAL/11 BOEST 20280915 GTIA,470000,DOP,47,9,102.95186,07/08/2026,10:27:45 AM,PLAZO,PRIMERA PARTE,ROTC,06/08/2027,CONFIRMADA,3267544,0,15/09/2023,15/09/2028,0,BANCO CENTRAL DE LA REPUBLICA DOMINICANA,BCENTRAL,57092
DO1002228612,NO031227,BCENTRAL/8 BOEST 20271203 GTIA,510000,DOP,51,8.3474,99.554725,07/08/2026,10:27:44 AM,CONTADO,PRIMERA PARTE,ROTC,07/08/2026,CONFIRMADA,3267545,0,03/12/2024,03/12/2027,0,BANCO CENTRAL DE LA REPUBLICA DOMINICANA,BCENTRAL,59367
DO1002228612,NO031227,BCENTRAL/8 BOEST 20271203 GTIA,510000,DOP,51,2.6765,100.065741,07/08/2026,10:27:43 AM,PRESTAMO,SEGUNDA PARTE,ROTC,02/12/2026,CONFIRMADA,3267546,0,03/12/2024,03/12/2027,4.314676,BANCO CENTRAL DE LA REPUBLICA DOMINICANA,BCENTRAL,60102
DO1002228612,NO031227,BCENTRAL/8 BOEST 20271203 GTIA,510000,DOP,51,8.3474,99.554725,07/08/2026,10:27:43 AM,PRESTAMO,PRIMERA PARTE,ROTC,07/08/2026,CONFIRMADA,3267546,0,03/12/2024,03/12/2027,4.314676,BANCO CENTRAL DE LA REPUBLICA DOMINICANA,BCENTRAL,60053
DO1002228612,NO031227,BCENTRAL/8 BOEST 20271203 GTIA,510000,DOP,51,2.6765,100.065741,07/08/2026,10:27:42 AM,PLAZO,PRIMERA PARTE,ROTC,02/12/2026,CONFIRMADA,3267547,0,03/12/2024,03/12/2027,0,BANCO CENTRAL DE LA REPUBLICA DOMINICANA,BCENTRAL,58555
USP3579ECF27,BSRD2030,DOMINICAN REP/4.5 BD 20300130 UNS,18000,USD,18,5.79809698,95.96,07/08/2026,10:27:41 AM,CONTADO,PRIMERA PARTE,ROTC,07/08/2026,CONFIRMADA,3267548,0,30/01/2020,30/01/2030,0,MINISTERIO DE HACIENDA,HACIENDA,61250
DO1002228612,NO031227,BCENTRAL/8 BOEST 20271203 GTIA,3610000,DOP,361,8.0706,99.895034,07/08/2026,10:27:40 AM,CONTADO,PRIMERA PARTE,ROTC,07/08/2026,CONFIRMADA,3267549,0,03/12/2024,03/12/2027,0,BANCO CENTRAL DE LA REPUBLICA DOMINICANA,BCENTRAL,60039
DO1002261928,LE090427,BCENTRAL/ LT 20270409 GTIA,80000,DOP,8,2.7474,98.16455,07/08/2026,10:27:38 AM,CONTADO,PRIMERA PARTE,ROTC,07/08/2026,CONFIRMADA,3267411,0,09/04/2026,09/04/2027,0,BANCO CENTRAL DE LA REPUBLICA DOMINICANA,BCENTRAL,56462
DO1002228612,NO031227,BCENTRAL/8 BOEST 20271203 GTIA,3610000,DOP,361,-19.8,100.663348,07/08/2026,10:27:38 AM,PRESTAMO,SEGUNDA PARTE,ROTC,02/12/2026,CONFIRMADA,3267550,0,03/12/2024,03/12/2027,4.535922,BANCO CENTRAL DE LA REPUBLICA DOMINICANA,BCENTRAL,60494
DO1002228612,NO031227,BCENTRAL/8 BOEST 20271203 GTIA,3610000,DOP,361,8.0706,99.895034,07/08/2026,10:27:38 AM,PRESTAMO,PRIMERA PARTE,ROTC,07/08/2026,CONFIRMADA,3267550,0,03/12/2024,03/12/2027,4.535922,BANCO CENTRAL DE LA REPUBLICA DOMINICANA,BCENTRAL,60781
DO1002228612,NO031227,BCENTRAL/8 BOEST 20271203 GTIA,3610000,DOP,361,-19.8,100.663348,07/08/2026,10:27:37 AM,PLAZO,PRIMERA PARTE,ROTC,02/12/2026,CONFIRMADA,3267551,0,03/12/2024,03/12/2027,0,BANCO CENTRAL DE LA REPUBLICA DOMINICANA,BCENTRAL,58947
DO1002228612,NO031227,BCENTRAL/8 BOEST 20271203 GTIA,1130000,DOP,113,7.7033,100.349147,07/08/2026,10:27:37 AM,CONTADO,PRIMERA PARTE,ROTC,07/08/2026,CONFIRMADA,3267552,0,03/12/2024,03/12/2027,0,BANCO CENTRAL DE LA REPUBLICA DOMINICANA,BCENTRAL,60214
DO1002261928,LE090427,BCENTRAL/ LT 20270409 GTIA,80000,DOP,8,0,99.661563,07/08/2026,10:27:36 AM,PRESTAMO,SEGUNDA PARTE,ROTC,06/10/2026,CONFIRMADA,3267412,0,09/04/2026,09/04/2027,1.502096,BANCO CENTRAL DE LA REPUBLICA DOMINICANA,BCENTRAL,55573
DO1002261928,LE090427,BCENTRAL/ LT 20270409 GTIA,80000,DOP,8,2.7474,98.16455,07/08/2026,10:27:36 AM,PRESTAMO,PRIMERA PARTE,ROTC,07/08/2026,CONFIRMADA,3267412,0,09/04/2026,09/04/2027,1.502096,BANCO CENTRAL DE LA REPUBLICA DOMINICANA,BCENTRAL,57141
DO1002228612,NO031227,BCENTRAL/8 BOEST 20271203 GTIA,1130000,DOP,113,7.5298,100.496373,07/08/2026,10:27:36 AM,PRESTAMO,SEGUNDA PARTE,ROTC,06/10/2026,CONFIRMADA,3267553,0,03/12/2024,03/12/2027,2.789407,BANCO CENTRAL DE LA REPUBLICA DOMINICANA,BCENTRAL,60886
DO1002228612,NO031227,BCENTRAL/8 BOEST 20271203 GTIA,1130000,DOP,113,7.7033,100.349147,07/08/2026,10:27:36 AM,PRESTAMO,PRIMERA PARTE,ROTC,07/08/2026,CONFIRMADA,3267553,0,03/12/2024,03/12/2027,2.789407,BANCO CENTRAL DE LA REPUBLICA DOMINICANA,BCENTRAL,60900
DO1002261928,LE090427,BCENTRAL/ LT 20270409 GTIA,80000,DOP,8,0,99.661563,07/08/2026,10:27:35 AM,PLAZO,PRIMERA PARTE,ROTC,06/10/2026,CONFIRMADA,3267413,0,09/04/2026,09/04/2027,0,BANCO CENTRAL DE LA REPUBLICA DOMINICANA,BCENTRAL,54026
DO1002261928,LE090427,BCENTRAL/ LT 20270409 GTIA,90000,DOP,9,9.4785,93.940267,07/08/2026,10:27:35 AM,CONTADO,PRIMERA PARTE,ROTC,07/08/2026,CONFIRMADA,3267414,0,09/04/2026,09/04/2027,0,BANCO CENTRAL DE LA REPUBLICA DOMINICANA,BCENTRAL,56868
USP3579EBV85,BSDR2027,DOMINICAN Rep/5.95 BD 20270125 Se,1000,USD,1,4.34315062,100.75,07/08/2026,10:27:35 AM,CONTADO,PRIMERA PARTE,ROTC,07/08/2026,CONFIRMADA,3267554,0,25/01/2017,25/01/2027,0,MINISTERIO DE HACIENDA,HACIENDA,61145
DO1002261928,LE090427,BCENTRAL/ LT 20270409 GTIA,90000,DOP,9,0,98.496378000000007,07/08/2026,10:27:33 AM,PLAZO,PRIMERA PARTE,ROTC,03/02/2027,CONFIRMADA,3267416,0,09/04/2026,09/04/2027,0,BANCO CENTRAL DE LA REPUBLICA DOMINICANA,BCENTRAL,54082
DO1002228612,NO031227,BCENTRAL/8 BOEST 20271203 GTIA,1130000,DOP,113,7.5298,100.496373,07/08/2026,10:27:33 AM,PLAZO,PRIMERA PARTE,ROTC,06/10/2026,CONFIRMADA,3267555,0,03/12/2024,03/12/2027,0,BANCO CENTRAL DE LA REPUBLICA DOMINICANA,BCENTRAL,59325
DO1002228612,NO031227,BCENTRAL/8 BOEST 20271203 GTIA,2110000,DOP,211,8.1048,99.852894,07/08/2026,10:27:33 AM,CONTADO,PRIMERA PARTE,ROTC,07/08/2026,CONFIRMADA,3267556,0,03/12/2024,03/12/2027,0,BANCO CENTRAL DE LA REPUBLICA DOMINICANA,BCENTRAL,60018
DO1002261928,LE090427,BCENTRAL/ LT 20270409 GTIA,90000,DOP,9,0,98.496378000000007,07/08/2026,10:27:32 AM,PRESTAMO,SEGUNDA PARTE,ROTC,03/02/2027,CONFIRMADA,3267415,0,09/04/2026,09/04/2027,4.6256640000000004,BANCO CENTRAL DE LA REPUBLICA DOMINICANA,BCENTRAL,55615
DO1002261928,LE090427,BCENTRAL/ LT 20270409 GTIA,90000,DOP,9,9.4785,93.940267,07/08/2026,10:27:32 AM,PRESTAMO,PRIMERA PARTE,ROTC,07/08/2026,CONFIRMADA,3267415,0,09/04/2026,09/04/2027,4.6256640000000004,BANCO CENTRAL DE LA REPUBLICA DOMINICANA,BCENTRAL,57540
DO1002261928,LE090427,BCENTRAL/ LT 20270409 GTIA,290000,DOP,29,0,95.291186,07/08/2026,10:27:31 AM,PRESTAMO,SEGUNDA PARTE,ROTC,05/11/2026,CONFIRMADA,3267418,0,09/04/2026,09/04/2027,2.296044,BANCO CENTRAL DE LA REPUBLICA DOMINICANA,BCENTRAL,56224
DO1002261928,LE090427,BCENTRAL/ LT 20270409 GTIA,290000,DOP,29,10.8847,93.103259,07/08/2026,10:27:31 AM,PRESTAMO,PRIMERA PARTE,ROTC,07/08/2026,CONFIRMADA,3267418,0,09/04/2026,09/04/2027,2.296044,BANCO CENTRAL DE LA REPUBLICA DOMINICANA,BCENTRAL,58478
DO1002228612,NO031227,BCENTRAL/8 BOEST 20271203 GTIA,2110000,DOP,211,8.0664,99.903484,07/08/2026,10:27:31 AM,PRESTAMO,SEGUNDA PARTE,ROTC,07/09/2026,CONFIRMADA,3267557,0,03/12/2024,03/12/2027,2.106776,BANCO CENTRAL DE LA REPUBLICA DOMINICANA,BCENTRAL,60606
DO1002228612,NO031227,BCENTRAL/8 BOEST 20271203 GTIA,2110000,DOP,211,8.1048,99.852894,07/08/2026,10:27:31 AM,PRESTAMO,PRIMERA PARTE,ROTC,07/08/2026,CONFIRMADA,3267557,0,03/12/2024,03/12/2027,2.106776,BANCO CENTRAL DE LA REPUBLICA DOMINICANA,BCENTRAL,60697
DO1002261928,LE090427,BCENTRAL/ LT 20270409 GTIA,290000,DOP,29,10.8847,93.103259,07/08/2026,10:27:30 AM,CONTADO,PRIMERA PARTE,ROTC,07/08/2026,CONFIRMADA,3267417,0,09/04/2026,09/04/2027,0,BANCO CENTRAL DE LA REPUBLICA DOMINICANA,BCENTRAL,57778
DO1002228612,NO031227,BCENTRAL/8 BOEST 20271203 GTIA,2110000,DOP,211,8.0664,99.903484,07/08/2026,10:27:30 AM,PLAZO,PRIMERA PARTE,ROTC,07/09/2026,CONFIRMADA,3267558,0,03/12/2024,03/12/2027,0,BANCO CENTRAL DE LA REPUBLICA DOMINICANA,BCENTRAL,59059
DO1002261621,NO010230,BCENTRAL/9.5 BOEST 20300201 GTIA,20000,DOP,2,9.65050835,99.56,07/08/2026,10:27:30 AM,CONTADO,PRIMERA PARTE,ROTC,07/08/2026,CONFIRMADA,3267559,0,01/02/2026,01/02/2030,0,BANCO CENTRAL DE LA REPUBLICA DOMINICANA,BCENTRAL,59143
DO1002261928,LE090427,BCENTRAL/ LT 20270409 GTIA,290000,DOP,29,0,95.291186,07/08/2026,10:27:29 AM,PLAZO,PRIMERA PARTE,ROTC,05/11/2026,CONFIRMADA,3267425,0,09/04/2026,09/04/2027,0,BANCO CENTRAL DE LA REPUBLICA DOMINICANA,BCENTRAL,54733
DO1005208322,MHUS2040,HACIENDA/6.75 BOEST 20400724 GTIA,33000,USD,33,4.5534,122.493848,07/08/2026,10:27:28 AM,CONTADO,PRIMERA PARTE,ROTC,07/08/2026,CONFIRMADA,3267433,0,24/07/2020,24/07/2040,0,MINISTERIO DE HACIENDA,HACIENDA,60620
DO1002228612,NO031227,BCENTRAL/8 BOEST 20271203 GTIA,2960000,DOP,296,8.0417,99.930586,07/08/2026,10:27:28 AM,CONTADO,PRIMERA PARTE,ROTC,07/08/2026,CONFIRMADA,3267560,0,03/12/2024,03/12/2027,0,BANCO CENTRAL DE LA REPUBLICA DOMINICANA,BCENTRAL,60186
DO1005208322,MHUS2040,HACIENDA/6.75 BOEST 20400724 GTIA,33000,USD,33,4.5484,122.034879,07/08/2026,10:27:27 AM,PRESTAMO,SEGUNDA PARTE,ROTC,22/01/2027,CONFIRMADA,3267434,0,24/07/2020,24/07/2040,2.295996,MINISTERIO DE HACIENDA,HACIENDA,61173
DO1005208322,MHUS2040,HACIENDA/6.75 BOEST 20400724 GTIA,33000,USD,33,4.5534,122.493848,07/08/2026,10:27:27 AM,PRESTAMO,PRIMERA PARTE,ROTC,07/08/2026,CONFIRMADA,3267434,0,24/07/2020,24/07/2040,2.295996,MINISTERIO DE HACIENDA,HACIENDA,61306
DO1002228612,NO031227,BCENTRAL/8 BOEST 20271203 GTIA,2960000,DOP,296,2.2127,100.453023,07/08/2026,10:27:27 AM,PRESTAMO,SEGUNDA PARTE,ROTC,02/12/2026,CONFIRMADA,3267561,0,03/12/2024,03/12/2027,4.309613,BANCO CENTRAL DE LA REPUBLICA DOMINICANA,BCENTRAL,60816
DO1002228612,NO031227,BCENTRAL/8 BOEST 20271203 GTIA,2960000,DOP,296,8.0417,99.930586,07/08/2026,10:27:27 AM,PRESTAMO,PRIMERA PARTE,ROTC,07/08/2026,CONFIRMADA,3267561,0,03/12/2024,03/12/2027,4.309613,BANCO CENTRAL DE LA REPUBLICA DOMINICANA,BCENTRAL,60872
DO1002261928,LE090427,BCENTRAL/ LT 20270409 GTIA,500000,DOP,50,9.2599,94.071702,07/08/2026,10:27:26 AM,CONTADO,PRIMERA PARTE,ROTC,07/08/2026,CONFIRMADA,3267436,0,09/04/2026,09/04/2027,0,BANCO CENTRAL DE LA REPUBLICA DOMINICANA,BCENTRAL,57421
DO1002228612,NO031227,BCENTRAL/8 BOEST 20271203 GTIA,2960000,DOP,296,2.2127,100.453023,07/08/2026,10:27:26 AM,PLAZO,PRIMERA PARTE,ROTC,02/12/2026,CONFIRMADA,3267562,0,03/12/2024,03/12/2027,0,BANCO CENTRAL DE LA REPUBLICA DOMINICANA,BCENTRAL,59269
DO1005208322,MHUS2040,HACIENDA/6.75 BOEST 20400724 GTIA,33000,USD,33,4.5484,122.034879,07/08/2026,10:27:25 AM,PLAZO,PRIMERA PARTE,ROTC,22/01/2027,CONFIRMADA,3267435,0,24/07/2020,24/07/2040,0,MINISTERIO DE HACIENDA,HACIENDA,59619
DO1002228612,NO031227,BCENTRAL/8 BOEST 20271203 GTIA,80000,DOP,8,8.119,99.83545,07/08/2026,10:27:25 AM,CONTADO,PRIMERA PARTE,ROTC,07/08/2026,CONFIRMADA,3267563,0,03/12/2024,03/12/2027,0,BANCO CENTRAL DE LA REPUBLICA DOMINICANA,BCENTRAL,57974
DO1002261928,LE090427,BCENTRAL/ LT 20270409 GTIA,500000,DOP,50,0,94.804808,07/08/2026,10:27:24 AM,PRESTAMO,SEGUNDA PARTE,ROTC,07/09/2026,CONFIRMADA,3267437,0,09/04/2026,09/04/2027,0.773279,BANCO CENTRAL DE LA REPUBLICA DOMINICANA,BCENTRAL,56217
DO1002261928,LE090427,BCENTRAL/ LT 20270409 GTIA,500000,DOP,50,9.2599,94.071702,07/08/2026,10:27:24 AM,PRESTAMO,PRIMERA PARTE,ROTC,07/08/2026,CONFIRMADA,3267437,0,09/04/2026,09/04/2027,0.773279,BANCO CENTRAL DE LA REPUBLICA DOMINICANA,BCENTRAL,58100
DO1002228612,NO031227,BCENTRAL/8 BOEST 20271203 GTIA,80000,DOP,8,3.5922,100.272725,07/08/2026,10:27:24 AM,PRESTAMO,SEGUNDA PARTE,ROTC,02/12/2026,CONFIRMADA,3267564,0,03/12/2024,03/12/2027,4.235373,BANCO CENTRAL DE LA REPUBLICA DOMINICANA,BCENTRAL,59430
DO1002228612,NO031227,BCENTRAL/8 BOEST 20271203 GTIA,80000,DOP,8,8.119,99.83545,07/08/2026,10:27:24 AM,PRESTAMO,PRIMERA PARTE,ROTC,07/08/2026,CONFIRMADA,3267564,0,03/12/2024,03/12/2027,4.235373,BANCO CENTRAL DE LA REPUBLICA DOMINICANA,BCENTRAL,58660
DO1002261928,LE090427,BCENTRAL/ LT 20270409 GTIA,500000,DOP,50,0,94.804808,07/08/2026,10:27:23 AM,PLAZO,PRIMERA PARTE,ROTC,07/09/2026,CONFIRMADA,3267438,0,09/04/2026,09/04/2027,0,BANCO CENTRAL DE LA REPUBLICA DOMINICANA,BCENTRAL,54670
DO1002228612,NO031227,BCENTRAL/8 BOEST 20271203 GTIA,80000,DOP,8,3.5922,100.272725,07/08/2026,10:27:23 AM,PLAZO,PRIMERA PARTE,ROTC,02/12/2026,CONFIRMADA,3267565,0,03/12/2024,03/12/2027,0,BANCO CENTRAL DE LA REPUBLICA DOMINICANA,BCENTRAL,57883
DO1002261928,LE090427,BCENTRAL/ LT 20270409 GTIA,930000,DOP,93,9.5801,93.879266,07/08/2026,10:27:22 AM,CONTADO,PRIMERA PARTE,ROTC,07/08/2026,CONFIRMADA,3267439,0,09/04/2026,09/04/2027,0,BANCO CENTRAL DE LA REPUBLICA DOMINICANA,BCENTRAL,57554
USP3579ECF27,BSRD2030,DOMINICAN REP/4.5 BD 20300130 UNS,2000,USD,2,3.9503,101.7705,07/08/2026,10:27:22 AM,CONTADO,PRIMERA PARTE,ROTC,07/08/2026,CONFIRMADA,3267566,0,30/01/2020,30/01/2030,0,MINISTERIO DE HACIENDA,HACIENDA,59794
DO1002261928,LE090427,BCENTRAL/ LT 20270409 GTIA,930000,DOP,93,9.5736,95.310925,07/08/2026,10:27:21 AM,PRESTAMO,SEGUNDA PARTE,ROTC,06/10/2026,CONFIRMADA,3267440,0,09/04/2026,09/04/2027,1.502093,BANCO CENTRAL DE LA REPUBLICA DOMINICANA,BCENTRAL,58058
DO1002261928,LE090427,BCENTRAL/ LT 20270409 GTIA,930000,DOP,93,9.5801,93.879266,07/08/2026,10:27:21 AM,PRESTAMO,PRIMERA PARTE,ROTC,07/08/2026,CONFIRMADA,3267440,0,09/04/2026,09/04/2027,1.502093,BANCO CENTRAL DE LA REPUBLICA DOMINICANA,BCENTRAL,58240
USP3579ECF27,BSRD2030,DOMINICAN REP/4.5 BD 20300130 UNS,2000,USD,2,2.8585,101.898,07/08/2026,10:27:21 AM,PRESTAMO,SEGUNDA PARTE,ROTC,29/01/2027,CONFIRMADA,3267567,0,30/01/2020,30/01/2030,2.271079,MINISTERIO DE HACIENDA,HACIENDA,60165
USP3579ECF27,BSRD2030,DOMINICAN REP/4.5 BD 20300130 UNS,2000,USD,2,3.9503,101.7705,07/08/2026,10:27:21 AM,PRESTAMO,PRIMERA PARTE,ROTC,07/08/2026,CONFIRMADA,3267567,0,30/01/2020,30/01/2030,2.271079,MINISTERIO DE HACIENDA,HACIENDA,60480
DO1002261928,LE090427,BCENTRAL/ LT 20270409 GTIA,930000,DOP,93,9.5736,95.310925,07/08/2026,10:27:20 AM,PLAZO,PRIMERA PARTE,ROTC,06/10/2026,CONFIRMADA,3267441,0,09/04/2026,09/04/2027,0,BANCO CENTRAL DE LA REPUBLICA DOMINICANA,BCENTRAL,56511
USP3579ECF27,BSRD2030,DOMINICAN REP/4.5 BD 20300130 UNS,2000,USD,2,2.8585,101.898,07/08/2026,10:27:20 AM,PLAZO,PRIMERA PARTE,ROTC,29/01/2027,CONFIRMADA,3267568,0,30/01/2020,30/01/2030,0,MINISTERIO DE HACIENDA,HACIENDA,58618
DO1005207118,MHUS2026,HACIENDA/6.65 BOEST 20261227 GTIA,2000,USD,2,-35.182,114.8895,07/08/2026,10:27:19 AM,PRESTAMO,SEGUNDA PARTE,ROTC,07/09/2026,CONFIRMADA,3267443,0,27/12/2019,27/12/2026,0.994393,MINISTERIO DE HACIENDA,HACIENDA,60179
DO1005207118,MHUS2026,HACIENDA/6.65 BOEST 20261227 GTIA,2000,USD,2,-27.29,115.046,07/08/2026,10:27:19 AM,PRESTAMO,PRIMERA PARTE,ROTC,07/08/2026,CONFIRMADA,3267443,0,27/12/2019,27/12/2026,0.994393,MINISTERIO DE HACIENDA,HACIENDA,59437
USP3579ECF27,BSRD2030,DOMINICAN REP/4.5 BD 20300130 UNS,200000,USD,200,5.80798146,95.93,07/08/2026,10:27:19 AM,CONTADO,PRIMERA PARTE,ROTC,07/08/2026,CONFIRMADA,3267569,0,30/01/2020,30/01/2030,0,MINISTERIO DE HACIENDA,HACIENDA,61747
DO1005207118,MHUS2026,HACIENDA/6.65 BOEST 20261227 GTIA,2000,USD,2,-27.29,115.046,07/08/2026,10:27:18 AM,CONTADO,PRIMERA PARTE,ROTC,07/08/2026,CONFIRMADA,3267442,0,27/12/2019,27/12/2026,0,MINISTERIO DE HACIENDA,HACIENDA,58737
DO1002261423,NO301129,BCENTRAL/9.5 BOEST 20291130 GTIA,16810000,DOP,1681,9.94966119,98.73,07/08/2026,10:27:18 AM,CONTADO,PRIMERA PARTE,ROTC,07/08/2026,CONFIRMADA,3267570,0,30/11/2025,30/11/2029,0,BANCO CENTRAL DE LA REPUBLICA DOMINICANA,BCENTRAL,61614
DO1005207118,MHUS2026,HACIENDA/6.65 BOEST 20261227 GTIA,2000,USD,2,-35.182,114.8895,07/08/2026,10:27:17 AM,PLAZO,PRIMERA PARTE,ROTC,07/09/2026,CONFIRMADA,3267445,0,27/12/2019,27/12/2026,0,MINISTERIO DE HACIENDA,HACIENDA,58625
DO1002261928,LE090427,BCENTRAL/ LT 20270409 GTIA,70000,DOP,7,0.0037,99.997486,07/08/2026,10:27:16 AM,CONTADO,PRIMERA PARTE,ROTC,07/08/2026,CONFIRMADA,3267449,0,09/04/2026,09/04/2027,0,BANCO CENTRAL DE LA REPUBLICA DOMINICANA,BCENTRAL,56819
DO1002228612,NO031227,BCENTRAL/8 BOEST 20271203 GTIA,100000,DOP,10,9.1483,98.57923,07/08/2026,10:27:16 AM,CONTADO,PRIMERA PARTE,ROTC,07/08/2026,CONFIRMADA,3267571,0,03/12/2024,03/12/2027,0,BANCO CENTRAL DE LA REPUBLICA DOMINICANA,BCENTRAL,58926
DO1002261928,LE090427,BCENTRAL/ LT 20270409 GTIA,70000,DOP,7,-53.982,105.539014,07/08/2026,10:27:15 AM,PRESTAMO,SEGUNDA PARTE,ROTC,05/03/2027,CONFIRMADA,3267452,0,09/04/2026,09/04/2027,5.250692,BANCO CENTRAL DE LA REPUBLICA DOMINICANA,BCENTRAL,57939
DO1002261928,LE090427,BCENTRAL/ LT 20270409 GTIA,70000,DOP,7,0.0037,99.997486,07/08/2026,10:27:15 AM,PRESTAMO,PRIMERA PARTE,ROTC,07/08/2026,CONFIRMADA,3267452,0,09/04/2026,09/04/2027,5.250692,BANCO CENTRAL DE LA REPUBLICA DOMINICANA,BCENTRAL,57505
DO1002228612,NO031227,BCENTRAL/8 BOEST 20271203 GTIA,100000,DOP,10,-16.261,99.30436,07/08/2026,10:27:15 AM,PRESTAMO,SEGUNDA PARTE,ROTC,02/12/2026,CONFIRMADA,3267572,0,03/12/2024,03/12/2027,4.553792,BANCO CENTRAL DE LA REPUBLICA DOMINICANA,BCENTRAL,59668
DO1002228612,NO031227,BCENTRAL/8 BOEST 20271203 GTIA,100000,DOP,10,9.1483,98.57923,07/08/2026,10:27:15 AM,PRESTAMO,PRIMERA PARTE,ROTC,07/08/2026,CONFIRMADA,3267572,0,03/12/2024,03/12/2027,4.553792,BANCO CENTRAL DE LA REPUBLICA DOMINICANA,BCENTRAL,59612
DO1002228612,NO031227,BCENTRAL/8 BOEST 20271203 GTIA,100000,DOP,10,-16.261,99.30436,07/08/2026,10:27:14 AM,PLAZO,PRIMERA PARTE,ROTC,02/12/2026,CONFIRMADA,3267573,0,03/12/2024,03/12/2027,0,BANCO CENTRAL DE LA REPUBLICA DOMINICANA,BCENTRAL,58121
DO1002261928,LE090427,BCENTRAL/ LT 20270409 GTIA,70000,DOP,7,-53.982,105.539014,07/08/2026,10:27:13 AM,PLAZO,PRIMERA PARTE,ROTC,05/03/2027,CONFIRMADA,3267456,0,09/04/2026,09/04/2027,0,BANCO CENTRAL DE LA REPUBLICA DOMINICANA,BCENTRAL,56385
DO1002261928,LE090427,BCENTRAL/ LT 20270409 GTIA,210000,DOP,21,7.3508,95.235695,07/08/2026,10:27:13 AM,CONTADO,PRIMERA PARTE,ROTC,07/08/2026,CONFIRMADA,3267459,0,09/04/2026,09/04/2027,0,BANCO CENTRAL DE LA REPUBLICA DOMINICANA,BCENTRAL,57386
DO1002228612,NO031227,BCENTRAL/8 BOEST 20271203 GTIA,150000,DOP,15,9.1483,98.579233,07/08/2026,10:27:13 AM,CONTADO,PRIMERA PARTE,ROTC,07/08/2026,CONFIRMADA,3267574,0,03/12/2024,03/12/2027,0,BANCO CENTRAL DE LA REPUBLICA DOMINICANA,BCENTRAL,59332
DO1002228612,NO031227,BCENTRAL/8 BOEST 20271203 GTIA,150000,DOP,15,9.1848,98.620667,07/08/2026,10:27:12 AM,PRESTAMO,SEGUNDA PARTE,ROTC,07/09/2026,CONFIRMADA,3267575,0,03/12/2024,03/12/2027,2.124517,BANCO CENTRAL DE LA REPUBLICA DOMINICANA,BCENTRAL,59983
DO1002228612,NO031227,BCENTRAL/8 BOEST 20271203 GTIA,150000,DOP,15,9.1483,98.579233,07/08/2026,10:27:12 AM,PRESTAMO,PRIMERA PARTE,ROTC,07/08/2026,CONFIRMADA,3267575,0,03/12/2024,03/12/2027,2.124517,BANCO CENTRAL DE LA REPUBLICA DOMINICANA,BCENTRAL,60018
DO1002261928,LE090427,BCENTRAL/ LT 20270409 GTIA,210000,DOP,21,-0.1912,100.031871,07/08/2026,10:27:11 AM,PRESTAMO,SEGUNDA PARTE,ROTC,08/02/2027,CONFIRMADA,3267460,0,09/04/2026,09/04/2027,4.794648,BANCO CENTRAL DE LA REPUBLICA DOMINICANA,BCENTRAL,58394
DO1002261928,LE090427,BCENTRAL/ LT 20270409 GTIA,210000,DOP,21,7.3508,95.235695,07/08/2026,10:27:11 AM,PRESTAMO,PRIMERA PARTE,ROTC,07/08/2026,CONFIRMADA,3267460,0,09/04/2026,09/04/2027,4.794648,BANCO CENTRAL DE LA REPUBLICA DOMINICANA,BCENTRAL,58065
DO1002228612,NO031227,BCENTRAL/8 BOEST 20271203 GTIA,150000,DOP,15,9.1848,98.620667,07/08/2026,10:27:11 AM,PLAZO,PRIMERA PARTE,ROTC,07/09/2026,CONFIRMADA,3267576,0,03/12/2024,03/12/2027,0,BANCO CENTRAL DE LA REPUBLICA DOMINICANA,BCENTRAL,58436
USP3579EBV85,BSDR2027,DOMINICAN Rep/5.95 BD 20270125 Se,46000,USD,46,2.4737,101.601957,07/08/2026,10:27:11 AM,CONTADO,PRIMERA PARTE,ROTC,07/08/2026,CONFIRMADA,3267577,0,25/01/2017,25/01/2027,0,MINISTERIO DE HACIENDA,HACIENDA,61985
DO1002261928,LE090427,BCENTRAL/ LT 20270409 GTIA,210000,DOP,21,-0.1912,100.031871,07/08/2026,10:27:10 AM,PLAZO,PRIMERA PARTE,ROTC,08/02/2027,CONFIRMADA,3267461,0,09/04/2026,09/04/2027,0,BANCO CENTRAL DE LA REPUBLICA DOMINICANA,BCENTRAL,56847
DO1002261928,LE090427,BCENTRAL/ LT 20270409 GTIA,2650000,DOP,265,8.8203,94.337245,07/08/2026,10:27:10 AM,CONTADO,PRIMERA PARTE,ROTC,07/08/2026,CONFIRMADA,3267462,0,09/04/2026,09/04/2027,0,BANCO CENTRAL DE LA REPUBLICA DOMINICANA,BCENTRAL,58114
USP3579EBV85,BSDR2027,DOMINICAN Rep/5.95 BD 20270125 Se,46000,USD,46,-1.9691,101.132,07/08/2026,10:27:09 AM,PRESTAMO,SEGUNDA PARTE,ROTC,04/12/2026,CONFIRMADA,3267578,0,25/01/2017,25/01/2027,1.609592,MINISTERIO DE HACIENDA,HACIENDA,61782
USP3579EBV85,BSDR2027,DOMINICAN Rep/5.95 BD 20270125 Se,46000,USD,46,2.4737,101.601957,07/08/2026,10:27:09 AM,PRESTAMO,PRIMERA PARTE,ROTC,07/08/2026,CONFIRMADA,3267578,0,25/01/2017,25/01/2027,1.609592,MINISTERIO DE HACIENDA,HACIENDA,62727
DO1002261928,LE090427,BCENTRAL/ LT 20270409 GTIA,2650000,DOP,265,6.0887,98.912602,07/08/2026,10:27:08 AM,PRESTAMO,SEGUNDA PARTE,ROTC,03/02/2027,CONFIRMADA,3267463,0,09/04/2026,09/04/2027,4.625656,BANCO CENTRAL DE LA REPUBLICA DOMINICANA,BCENTRAL,58786
DO1002261928,LE090427,BCENTRAL/ LT 20270409 GTIA,2650000,DOP,265,8.8203,94.337245,07/08/2026,10:27:08 AM,PRESTAMO,PRIMERA PARTE,ROTC,07/08/2026,CONFIRMADA,3267463,0,09/04/2026,09/04/2027,4.625656,BANCO CENTRAL DE LA REPUBLICA DOMINICANA,BCENTRAL,58856
USP3579EBV85,BSDR2027,DOMINICAN Rep/5.95 BD 20270125 Se,46000,USD,46,-1.9691,101.132,07/08/2026,10:27:08 AM,PLAZO,PRIMERA PARTE,ROTC,04/12/2026,CONFIRMADA,3267579,0,25/01/2017,25/01/2027,0,MINISTERIO DE HACIENDA,HACIENDA,60235
DO1002227317,NO150928,BCENTRAL/11 BOEST 20280915 GTIA,3600000,DOP,360,0,102.606571,07/08/2026,10:27:08 AM,PLAZO,PRIMERA PARTE,ROTC,02/12/2026,CONFIRMADA,3267580,0,15/09/2023,15/09/2028,0,BANCO CENTRAL DE LA REPUBLICA DOMINICANA,BCENTRAL,57904
DO1002261928,LE090427,BCENTRAL/ LT 20270409 GTIA,60000,DOP,6,10.813,93.145533,07/08/2026,10:27:07 AM,CONTADO,PRIMERA PARTE,ROTC,07/08/2026,CONFIRMADA,3267465,0,09/04/2026,09/04/2027,0,BANCO CENTRAL DE LA REPUBLICA DOMINICANA,BCENTRAL,56630
DO1002227317,NO150928,BCENTRAL/11 BOEST 20280915 GTIA,3600000,DOP,360,9,102.418264,07/08/2026,10:27:07 AM,PRESTAMO,SEGUNDA PARTE,ROTC,12/03/2027,CONFIRMADA,3267581,0,15/09/2023,15/09/2028,4.841577,BANCO CENTRAL DE LA REPUBLICA DOMINICANA,BCENTRAL,59514
DO1002227317,NO150928,BCENTRAL/11 BOEST 20280915 GTIA,3600000,DOP,360,0,102.606571,07/08/2026,10:27:07 AM,PRESTAMO,PRIMERA PARTE,ROTC,02/12/2026,CONFIRMADA,3267581,0,15/09/2023,15/09/2028,4.841577,BANCO CENTRAL DE LA REPUBLICA DOMINICANA,BCENTRAL,59500
DO1002261928,LE090427,BCENTRAL/ LT 20270409 GTIA,2650000,DOP,265,6.0887,98.912602,07/08/2026,10:27:06 AM,PLAZO,PRIMERA PARTE,ROTC,03/02/2027,CONFIRMADA,3267464,0,09/04/2026,09/04/2027,0,BANCO CENTRAL DE LA REPUBLICA DOMINICANA,BCENTRAL,57232
DO1002227317,NO150928,BCENTRAL/11 BOEST 20280915 GTIA,3600000,DOP,360,9,102.418264,07/08/2026,10:27:06 AM,PLAZO,PRIMERA PARTE,ROTC,12/03/2027,CONFIRMADA,3267582,0,15/09/2023,15/09/2028,0,BANCO CENTRAL DE LA REPUBLICA DOMINICANA,BCENTRAL,57967
DO1002261928,LE090427,BCENTRAL/ LT 20270409 GTIA,60000,DOP,6,13.5686,97.788583,07/08/2026,10:27:05 AM,PRESTAMO,SEGUNDA PARTE,ROTC,08/02/2027,CONFIRMADA,3267466,0,09/04/2026,09/04/2027,4.748049,BANCO CENTRAL DE LA REPUBLICA DOMINICANA,BCENTRAL,57820
DO1002261928,LE090427,BCENTRAL/ LT 20270409 GTIA,60000,DOP,6,10.813,93.145533,07/08/2026,10:27:05 AM,PRESTAMO,PRIMERA PARTE,ROTC,07/08/2026,CONFIRMADA,3267466,0,09/04/2026,09/04/2027,4.748049,BANCO CENTRAL DE LA REPUBLICA DOMINICANA,BCENTRAL,57309
DO1002228612,NO031227,BCENTRAL/8 BOEST 20271203 GTIA,3800000,DOP,380,0,100.012263,07/08/2026,10:27:05 AM,PLAZO,PRIMERA PARTE,ROTC,12/03/2027,CONFIRMADA,3267583,0,03/12/2024,03/12/2027,0,BANCO CENTRAL DE LA REPUBLICA DOMINICANA,BCENTRAL,57393
DO1002261928,LE090427,BCENTRAL/ LT 20270409 GTIA,60000,DOP,6,13.5686,97.788583,07/08/2026,10:27:04 AM,PLAZO,PRIMERA PARTE,ROTC,08/02/2027,CONFIRMADA,3267467,0,09/04/2026,09/04/2027,0,BANCO CENTRAL DE LA REPUBLICA DOMINICANA,BCENTRAL,56273
DO1002228612,NO031227,BCENTRAL/8 BOEST 20271203 GTIA,3800000,DOP,380,9,100.424349,07/08/2026,10:27:04 AM,PRESTAMO,SEGUNDA PARTE,ROTC,02/06/2027,CONFIRMADA,3267584,0,03/12/2024,03/12/2027,4.20499,BANCO CENTRAL DE LA REPUBLICA DOMINICANA,BCENTRAL,59087
DO1002228612,NO031227,BCENTRAL/8 BOEST 20271203 GTIA,3800000,DOP,380,0,100.012263,07/08/2026,10:27:04 AM,PRESTAMO,PRIMERA PARTE,ROTC,12/03/2027,CONFIRMADA,3267584,0,03/12/2024,03/12/2027,4.20499,BANCO CENTRAL DE LA REPUBLICA DOMINICANA,BCENTRAL,58989
DO1002228612,NO031227,BCENTRAL/8 BOEST 20271203 GTIA,3800000,DOP,380,9,100.424349,07/08/2026,10:27:03 AM,PLAZO,PRIMERA PARTE,ROTC,02/06/2027,CONFIRMADA,3267585,0,03/12/2024,03/12/2027,0,BANCO CENTRAL DE LA REPUBLICA DOMINICANA,BCENTRAL,57540
DO1002227317,NO150928,BCENTRAL/11 BOEST 20280915 GTIA,3780000,DOP,378,0,102.623106,07/08/2026,10:27:02 AM,PLAZO,PRIMERA PARTE,ROTC,02/06/2027,CONFIRMADA,3267586,0,15/09/2023,15/09/2028,0,BANCO CENTRAL DE LA REPUBLICA DOMINICANA,BCENTRAL,57967
DO1002227317,NO150928,BCENTRAL/11 BOEST 20280915 GTIA,3780000,DOP,378,9,102.455664,07/08/2026,10:27:01 AM,PRESTAMO,SEGUNDA PARTE,ROTC,02/08/2027,CONFIRMADA,3267587,0,15/09/2023,15/09/2028,3.767183,BANCO CENTRAL DE LA REPUBLICA DOMINICANA,BCENTRAL,59661
DO1002227317,NO150928,BCENTRAL/11 BOEST 20280915 GTIA,3780000,DOP,378,0,102.623106,07/08/2026,10:27:01 AM,PRESTAMO,PRIMERA PARTE,ROTC,02/06/2027,CONFIRMADA,3267587,0,15/09/2023,15/09/2028,3.767183,BANCO CENTRAL DE LA REPUBLICA DOMINICANA,BCENTRAL,59563
DO1002227317,NO150928,BCENTRAL/11 BOEST 20280915 GTIA,3780000,DOP,378,9,102.455664,07/08/2026,10:27:00 AM,PLAZO,PRIMERA PARTE,ROTC,02/08/2027,CONFIRMADA,3267588,0,15/09/2023,15/09/2028,0,BANCO CENTRAL DE LA REPUBLICA DOMINICANA,BCENTRAL,58114
DO1005208124,INF2040,HACIENDA/10.875 BOEST 20400228 GTIA,25000000,DOP,250,0,110.3726,07/08/2026,10:24:16 AM,CONTADO,PRIMERA PARTE,MHRD,07/08/2026,CONFIRMADA,3267590,0,28/02/2020,28/02/2040,0,MINISTERIO DE HACIENDA,HACIENDA,59164
DO1002224124,NO120327,BCENTRAL/8 BOEST 20270312 GTIA,140000,DOP,14,7.829158,100.085787,07/08/2026,10:19:35 AM,CONTADO,PRIMERA PARTE,ROTC,07/08/2026,CONFIRMADA,3267419,0,12/03/2022,12/03/2027,0,BANCO CENTRAL DE LA REPUBLICA DOMINICANA,BCENTRAL,60354
DO1002224124,NO120327,BCENTRAL/8 BOEST 20270312 GTIA,140000,DOP,14,0,0,07/08/2026,10:19:34 AM,PRESTAMO,SEGUNDA PARTE,ROTC,11/03/2027,CONFIRMADA,3267420,0,12/03/2022,12/03/2027,0,BANCO CENTRAL DE LA REPUBLICA DOMINICANA,BCENTRAL,55034
DO1002224124,NO120327,BCENTRAL/8 BOEST 20270312 GTIA,140000,DOP,14,0,104.20182,07/08/2026,10:19:34 AM,PRESTAMO,PRIMERA PARTE,ROTC,07/08/2026,CONFIRMADA,3267420,0,12/03/2022,12/03/2027,0,BANCO CENTRAL DE LA REPUBLICA DOMINICANA,BCENTRAL,57960
DO1002224124,NO120327,BCENTRAL/8 BOEST 20270312 GTIA,140000,DOP,14,0,104.20182,07/08/2026,10:19:33 AM,PLAZO,PRIMERA PARTE,ROTC,06/10/2026,CONFIRMADA,3267421,0,12/03/2022,12/03/2027,0,BANCO CENTRAL DE LA REPUBLICA DOMINICANA,BCENTRAL,56294
DO1005210922,MH22034,HACIENDA/13 BOEST 20340610 GTIA,1200000,DOP,12,8.404611,125.977404,07/08/2026,10:19:32 AM,CONTADO,PRIMERA PARTE,ROTC,07/08/2026,CONFIRMADA,3267422,0,10/06/2022,10/06/2034,0,MINISTERIO DE HACIENDA,HACIENDA,60249
DO1005210922,MH22034,HACIENDA/13 BOEST 20340610 GTIA,1200000,DOP,12,0,0,07/08/2026,10:19:31 AM,PRESTAMO,SEGUNDA PARTE,ROTC,09/06/2034,CONFIRMADA,3267423,0,10/06/2022,10/06/2034,0,MINISTERIO DE HACIENDA,HACIENDA,55076
DO1005210922,MH22034,HACIENDA/13 BOEST 20340610 GTIA,1200000,DOP,12,8.343332,125.778756,07/08/2026,10:19:31 AM,PRESTAMO,PRIMERA PARTE,ROTC,07/08/2026,CONFIRMADA,3267423,0,10/06/2022,10/06/2034,0,MINISTERIO DE HACIENDA,HACIENDA,61012
DO1005210922,MH22034,HACIENDA/13 BOEST 20340610 GTIA,1200000,DOP,12,8.343332,125.778756,07/08/2026,10:19:31 AM,PLAZO,PRIMERA PARTE,ROTC,06/11/2026,CONFIRMADA,3267424,0,10/06/2022,10/06/2034,0,MINISTERIO DE HACIENDA,HACIENDA,59360
DO2006901311,BC1ITA01,EGEITABO/5.65 BO 20311208,18000,USD,18000,3.548028,110.182344,07/08/2026,10:19:30 AM,CONTADO,PRIMERA PARTE,ROTC,07/08/2026,CONFIRMADA,3267426,0,08/12/2021,08/12/2031,0,"EMPRESA GENERADORA DE ELECTRICIDAD ITABO, S.A.",EGEITABO,58324
DO2006901311,BC1ITA01,EGEITABO/5.65 BO 20311208,18000,USD,18000,0,0,07/08/2026,10:19:29 AM,PRESTAMO,SEGUNDA PARTE,ROTC,05/12/2031,CONFIRMADA,3267427,0,08/12/2021,08/12/2031,0,"EMPRESA GENERADORA DE ELECTRICIDAD ITABO, S.A.",EGEITABO,53207
DO2006901311,BC1ITA01,EGEITABO/5.65 BO 20311208,18000,USD,18000,3.542124,110.066092,07/08/2026,10:19:29 AM,PRESTAMO,PRIMERA PARTE,ROTC,07/08/2026,CONFIRMADA,3267427,0,08/12/2021,08/12/2031,0,"EMPRESA GENERADORA DE ELECTRICIDAD ITABO, S.A.",EGEITABO,59017
DO2006901311,BC1ITA01,EGEITABO/5.65 BO 20311208,18000,USD,18000,3.542124,110.066092,07/08/2026,10:19:29 AM,PLAZO,PRIMERA PARTE,ROTC,07/09/2026,CONFIRMADA,3267428,0,08/12/2021,08/12/2031,0,"EMPRESA GENERADORA DE ELECTRICIDAD ITABO, S.A.",EGEITABO,57421
USP3579ECS48,BSDR2035, ,49300000,DOP,986,6.12841364,135.090924,07/08/2026,10:19:28 AM,PLAZO,PRIMERA PARTE,ROTC,07/09/2026,CONFIRMADA,3267430,0,15/09/2023,15/09/2035,0,MINISTERIO DE HACIENDA,HACIENDA,49798
DO1002261423,NO301129,BCENTRAL/9.5 BOEST 20291130 GTIA,73000000,DOP,7300,9.1492053,100.958476,07/08/2026,10:19:27 AM,CONTADO,PRIMERA PARTE,ROTC,07/08/2026,CONFIRMADA,3267431,0,30/11/2025,30/11/2029,0,BANCO CENTRAL DE LA REPUBLICA DOMINICANA,BCENTRAL,62825
DO1002261423,NO301129,BCENTRAL/9.5 BOEST 20291130 GTIA,73000000,DOP,7300,9.10388858,101.060602,07/08/2026,10:19:26 AM,PLAZO,PRIMERA PARTE,ROTC,07/09/2026,CONFIRMADA,3267432,0,30/11/2025,30/11/2029,0,BANCO CENTRAL DE LA REPUBLICA DOMINICANA,BCENTRAL,62202
USP3579ECS48,BSDR2035, ,49300000,DOP,986,6.20299299,134.698515,07/08/2026,10:19:25 AM,CONTADO,PRIMERA PARTE,ROTC,07/08/2026,CONFIRMADA,3267429,0,15/09/2023,15/09/2035,0,MINISTERIO DE HACIENDA,HACIENDA,50834
DO1002228125,NO090229,BCENTRAL/10 BOEST 20290209 GTIA,26100000,DOP,2610,0.0624,124.038751,07/08/2026,10:16:42 AM,ESTRUCTURADA,SEGUNDA PARTE,ROTC,07/09/2026,CONFIRMADA,3267320,0,09/02/2024,09/02/2029,0.9558333271488,BANCO CENTRAL DE LA REPUBLICA DOMINICANA,BCENTRAL,63973
DO1002228125,NO090229,BCENTRAL/10 BOEST 20290209 GTIA,26100000,DOP,2610,2.2788,118.700203,07/08/2026,10:16:42 AM,ESTRUCTURADA,PRIMERA PARTE,ROTC,07/08/2026,CONFIRMADA,3267320,0,09/02/2024,09/02/2029,0.9558333271488,BANCO CENTRAL DE LA REPUBLICA DOMINICANA,BCENTRAL,64071
DO1002224124,NO120327,BCENTRAL/8 BOEST 20270312 GTIA,1080000,DOP,108,9.75,99.006111,07/08/2026,10:09:38 AM,CONTADO,PRIMERA PARTE,ROTC,10/08/2026,CONFIRMADA,3267380,0,12/03/2022,12/03/2027,0,BANCO CENTRAL DE LA REPUBLICA DOMINICANA,BCENTRAL,59178
DO1005212019,MH32034,HACIENDA/13.625 BOEST 20340210 GTIA,29600000,DOP,296,5.7776,146.659073,07/08/2026,10:09:10 AM,ESTRUCTURADA,SEGUNDA PARTE,ROTC,21/09/2026,CONFIRMADA,3267378,0,10/02/2023,10/02/2034,1.2500000107585,MINISTERIO DE HACIENDA,HACIENDA,64582
DO1005212019,MH32034,HACIENDA/13.625 BOEST 20340210 GTIA,29600000,DOP,296,6.7872,139.752399,07/08/2026,10:09:10 AM,ESTRUCTURADA,PRIMERA PARTE,ROTC,07/08/2026,CONFIRMADA,3267378,0,10/02/2023,10/02/2034,1.2500000107585,MINISTERIO DE HACIENDA,HACIENDA,64701
DO1002261928,LE090427,BCENTRAL/ LT 20270409 GTIA,5950000,DOP,595,8.55,94.119195,07/08/2026,10:08:56 AM,PRESTAMO,SEGUNDA PARTE,ROTC,08/12/2026,CONFIRMADA,3267408,0,09/04/2026,09/04/2027,0.02,BANCO CENTRAL DE LA REPUBLICA DOMINICANA,BCENTRAL,58184
DO1002261928,LE090427,BCENTRAL/ LT 20270409 GTIA,5950000,DOP,595,8.55,94.119195,07/08/2026,10:08:56 AM,PRESTAMO,PRIMERA PARTE,ROTC,10/08/2026,CONFIRMADA,3267408,0,09/04/2026,09/04/2027,0.02,BANCO CENTRAL DE LA REPUBLICA DOMINICANA,BCENTRAL,58233
DO1002261928,LE090427,BCENTRAL/ LT 20270409 GTIA,5950000,DOP,595,9.769524,96.795317,07/08/2026,10:08:55 AM,PLAZO,PRIMERA PARTE,ROTC,08/12/2026,CONFIRMADA,3267407,0,09/04/2026,09/04/2027,0,BANCO CENTRAL DE LA REPUBLICA DOMINICANA,BCENTRAL,58205
DO1002261928,LE090427,BCENTRAL/ LT 20270409 GTIA,5950000,DOP,595,9.294921,94.119195,07/08/2026,10:08:53 AM,CONTADO,PRIMERA PARTE,ROTC,10/08/2026,CONFIRMADA,3267406,0,09/04/2026,09/04/2027,0,BANCO CENTRAL DE LA REPUBLICA DOMINICANA,BCENTRAL,58989
DO1002226525,NO180228,BCENTRAL/15 BOEST 20280218 GTIA,1540000,DOP,154,-6.65397559,129.604566,07/08/2026,10:08:40 AM,ESTRUCTURADA,SEGUNDA PARTE,ROTC,05/11/2026,CONFIRMADA,3267347,0,18/02/2023,18/02/2028,2.2749999965023,BANCO CENTRAL DE LA REPUBLICA DOMINICANA,BCENTRAL,65296
DO1002226525,NO180228,BCENTRAL/15 BOEST 20280218 GTIA,1540000,DOP,154,0.0737,122.82593,07/08/2026,10:08:40 AM,ESTRUCTURADA,PRIMERA PARTE,ROTC,07/08/2026,CONFIRMADA,3267347,0,18/02/2023,18/02/2028,2.2749999965023,BANCO CENTRAL DE LA REPUBLICA DOMINICANA,BCENTRAL,63105
USP3579ECN50,BSRD2033, ,20000,USD,20,3.9932,111.32345,07/08/2026,10:07:56 AM,ESTRUCTURADA,SEGUNDA PARTE,ROTC,07/09/2026,CONFIRMADA,3267318,0,22/02/2022,22/02/2033,0.3831843346975,MINISTERIO DE HACIENDA,HACIENDA,49966
USP3579ECN50,BSRD2033, ,20000,USD,20,4.45,108.39755,07/08/2026,10:07:56 AM,ESTRUCTURADA,PRIMERA PARTE,ROTC,07/08/2026,CONFIRMADA,3267318,0,22/02/2022,22/02/2033,0.3831843346975,MINISTERIO DE HACIENDA,HACIENDA,49385
USP3579EBV85,BSDR2027,DOMINICAN Rep/5.95 BD 20270125 Se,99000,USD,99,5,100.762182,07/08/2026,10:06:00 AM,PRESTAMO,SEGUNDA PARTE,ROTC,20/01/2027,CONFIRMADA,3267404,0,25/01/2017,25/01/2027,0.02,MINISTERIO DE HACIENDA,HACIENDA,60802
USP3579EBV85,BSDR2027,DOMINICAN Rep/5.95 BD 20270125 Se,99000,USD,99,5,100.762182,07/08/2026,10:06:00 AM,PRESTAMO,PRIMERA PARTE,ROTC,10/08/2026,CONFIRMADA,3267404,0,25/01/2017,25/01/2027,0.02,MINISTERIO DE HACIENDA,HACIENDA,60900
USP3579EBV85,BSDR2027,DOMINICAN Rep/5.95 BD 20270125 Se,99000,USD,99,-20.68206,100.395347,07/08/2026,10:05:59 AM,PLAZO,PRIMERA PARTE,ROTC,20/01/2027,CONFIRMADA,3267403,0,25/01/2017,25/01/2027,0,MINISTERIO DE HACIENDA,HACIENDA,62174
USP3579EBV85,BSDR2027,DOMINICAN Rep/5.95 BD 20270125 Se,99000,USD,99,4.247918,100.762182,07/08/2026,10:05:58 AM,CONTADO,PRIMERA PARTE,ROTC,10/08/2026,CONFIRMADA,3267402,0,25/01/2017,25/01/2027,0,MINISTERIO DE HACIENDA,HACIENDA,62839
DO1002228612,NO031227,BCENTRAL/8 BOEST 20271203 GTIA,11350000,DOP,1135,9.1,99.375903,07/08/2026,10:04:17 AM,PRESTAMO,SEGUNDA PARTE,ROTC,27/11/2026,CONFIRMADA,3267385,0,03/12/2024,03/12/2027,0.02,BANCO CENTRAL DE LA REPUBLICA DOMINICANA,BCENTRAL,60207
DO1002228612,NO031227,BCENTRAL/8 BOEST 20271203 GTIA,11350000,DOP,1135,9.1,99.375903,07/08/2026,10:04:17 AM,PRESTAMO,PRIMERA PARTE,ROTC,10/08/2026,CONFIRMADA,3267385,0,03/12/2024,03/12/2027,0.02,BANCO CENTRAL DE LA REPUBLICA DOMINICANA,BCENTRAL,60256
DO1002228612,NO031227,BCENTRAL/8 BOEST 20271203 GTIA,11350000,DOP,1135,8.241685,99.766317,07/08/2026,10:04:15 AM,PLAZO,PRIMERA PARTE,ROTC,27/11/2026,CONFIRMADA,3267384,0,03/12/2024,03/12/2027,0,BANCO CENTRAL DE LA REPUBLICA DOMINICANA,BCENTRAL,60522
DO1002228612,NO031227,BCENTRAL/8 BOEST 20271203 GTIA,11350000,DOP,1135,8.495989,99.375903,07/08/2026,10:04:13 AM,CONTADO,PRIMERA PARTE,ROTC,10/08/2026,CONFIRMADA,3267383,0,03/12/2024,03/12/2027,0,BANCO CENTRAL DE LA REPUBLICA DOMINICANA,BCENTRAL,61509
DO1005208322,MHUS2040,HACIENDA/6.75 BOEST 20400724 GTIA,70000,USD,70,4.9437,117.761271,07/08/2026,09:56:05 AM,PRESTAMO,SEGUNDA PARTE,ROTC,03/12/2026,CONFIRMADA,3267379,0,24/07/2020,24/07/2040,3.99,MINISTERIO DE HACIENDA,HACIENDA,61222
DO1005208322,MHUS2040,HACIENDA/6.75 BOEST 20400724 GTIA,70000,USD,70,4.9146,118.3848,07/08/2026,09:56:05 AM,PRESTAMO,PRIMERA PARTE,ROTC,07/08/2026,CONFIRMADA,3267379,0,24/07/2020,24/07/2040,3.99,MINISTERIO DE HACIENDA,HACIENDA,60655
DO1005208322,MHUS2040,HACIENDA/6.75 BOEST 20400724 GTIA,70000,USD,70,4.9437,117.761271,07/08/2026,09:56:04 AM,ESTRUCTURADA,SEGUNDA PARTE,ROTC,03/12/2026,CONFIRMADA,3267352,0,24/07/2020,24/07/2040,3.99,MINISTERIO DE HACIENDA,HACIENDA,63315
DO1005208322,MHUS2040,HACIENDA/6.75 BOEST 20400724 GTIA,70000,USD,70,4.9146,118.3848,07/08/2026,09:56:04 AM,ESTRUCTURADA,PRIMERA PARTE,ROTC,07/08/2026,CONFIRMADA,3267352,0,24/07/2020,24/07/2040,3.99,MINISTERIO DE HACIENDA,HACIENDA,62748
USP3579ECH82,BSRD2032,"DOMINICAN, REP /4.875 BD 20320923",1689000,USD,1689,1.3282,120.207665,07/08/2026,09:55:01 AM,PRESTAMO,SEGUNDA PARTE,ROTC,13/10/2026,CONFIRMADA,3267377,0,23/09/2020,23/09/2032,2.99,MINISTERIO DE HACIENDA,HACIENDA,62902
USP3579ECH82,BSRD2032,"DOMINICAN, REP /4.875 BD 20320923",1689000,USD,1689,1.7632,117.997196,07/08/2026,09:55:01 AM,PRESTAMO,PRIMERA PARTE,ROTC,07/08/2026,CONFIRMADA,3267377,0,23/09/2020,23/09/2032,2.99,MINISTERIO DE HACIENDA,HACIENDA,63203
USP3579ECH82,BSRD2032,"DOMINICAN, REP /4.875 BD 20320923",1689000,USD,1689,1.3282,120.207665,07/08/2026,09:55:00 AM,ESTRUCTURADA,SEGUNDA PARTE,ROTC,13/10/2026,CONFIRMADA,3267354,0,23/09/2020,23/09/2032,2.99,MINISTERIO DE HACIENDA,HACIENDA,64995
USP3579ECH82,BSRD2032,"DOMINICAN, REP /4.875 BD 20320923",1689000,USD,1689,1.7632,117.997196,07/08/2026,09:55:00 AM,ESTRUCTURADA,PRIMERA PARTE,ROTC,07/08/2026,CONFIRMADA,3267354,0,23/09/2020,23/09/2032,2.99,MINISTERIO DE HACIENDA,HACIENDA,65296
DO1002261225,LE021026,BCENTRAL/ LT 20261002 GTIA,2310000,DOP,231,55.308,96.301229,07/08/2026,09:54:19 AM,PRESTAMO,SEGUNDA PARTE,ROTC,07/09/2026,CONFIRMADA,3267376,0,02/10/2025,02/10/2026,7.65,BANCO CENTRAL DE LA REPUBLICA DOMINICANA,BCENTRAL,58513
DO1002261225,LE021026,BCENTRAL/ LT 20261002 GTIA,2310000,DOP,231,29.0886,95.670996,07/08/2026,09:54:19 AM,PRESTAMO,PRIMERA PARTE,ROTC,07/08/2026,CONFIRMADA,3267376,0,02/10/2025,02/10/2026,7.65,BANCO CENTRAL DE LA REPUBLICA DOMINICANA,BCENTRAL,59122
DO1002261225,LE021026,BCENTRAL/ LT 20261002 GTIA,2310000,DOP,231,55.308,96.301229,07/08/2026,09:54:18 AM,ESTRUCTURADA,SEGUNDA PARTE,ROTC,07/09/2026,CONFIRMADA,3267317,0,02/10/2025,02/10/2026,7.65,BANCO CENTRAL DE LA REPUBLICA DOMINICANA,BCENTRAL,60606
DO1002261225,LE021026,BCENTRAL/ LT 20261002 GTIA,2310000,DOP,231,29.0886,95.670996,07/08/2026,09:54:18 AM,ESTRUCTURADA,PRIMERA PARTE,ROTC,07/08/2026,CONFIRMADA,3267317,0,02/10/2025,02/10/2026,7.65,BANCO CENTRAL DE LA REPUBLICA DOMINICANA,BCENTRAL,61215
DO1005205716,MHUS2027,HACIENDA/6 BOEST 20270305 GTIA,95000,USD,95,-5.1837,105.651768,07/08/2026,09:53:44 AM,PRESTAMO,SEGUNDA PARTE,ROTC,07/09/2026,CONFIRMADA,3267375,0,05/09/2016,05/03/2027,4.65,MINISTERIO DE HACIENDA,HACIENDA,60711
DO1005205716,MHUS2027,HACIENDA/6 BOEST 20270305 GTIA,95000,USD,95,1.2396,102.715211,07/08/2026,09:53:44 AM,PRESTAMO,PRIMERA PARTE,ROTC,07/08/2026,CONFIRMADA,3267375,0,05/09/2016,05/03/2027,4.65,MINISTERIO DE HACIENDA,HACIENDA,60298
DO1005205716,MHUS2027,HACIENDA/6 BOEST 20270305 GTIA,95000,USD,95,-5.1837,105.651768,07/08/2026,09:53:43 AM,ESTRUCTURADA,SEGUNDA PARTE,ROTC,07/09/2026,CONFIRMADA,3267316,0,05/09/2016,05/03/2027,4.65,MINISTERIO DE HACIENDA,HACIENDA,62804
DO1005205716,MHUS2027,HACIENDA/6 BOEST 20270305 GTIA,95000,USD,95,1.2396,102.715211,07/08/2026,09:53:43 AM,ESTRUCTURADA,PRIMERA PARTE,ROTC,07/08/2026,CONFIRMADA,3267316,0,05/09/2016,05/03/2027,4.65,MINISTERIO DE HACIENDA,HACIENDA,62391
USP3579ECH82,BSRD2032,"DOMINICAN, REP /4.875 BD 20320923",1689000,USD,1689,1.3273,120.204075,07/08/2026,09:53:09 AM,PRESTAMO,SEGUNDA PARTE,ROTC,14/10/2026,CONFIRMADA,3267374,0,23/09/2020,23/09/2032,2.99,MINISTERIO DE HACIENDA,HACIENDA,62895
USP3579ECH82,BSRD2032,"DOMINICAN, REP /4.875 BD 20320923",1689000,USD,1689,1.7632,117.997196,07/08/2026,09:53:09 AM,PRESTAMO,PRIMERA PARTE,ROTC,07/08/2026,CONFIRMADA,3267374,0,23/09/2020,23/09/2032,2.99,MINISTERIO DE HACIENDA,HACIENDA,63245
USP3579ECH82,BSRD2032,"DOMINICAN, REP /4.875 BD 20320923",1689000,USD,1689,1.3273,120.204075,07/08/2026,09:53:08 AM,ESTRUCTURADA,SEGUNDA PARTE,ROTC,14/10/2026,CONFIRMADA,3267353,0,23/09/2020,23/09/2032,2.99,MINISTERIO DE HACIENDA,HACIENDA,64988
USP3579ECH82,BSRD2032,"DOMINICAN, REP /4.875 BD 20320923",1689000,USD,1689,1.7632,117.997196,07/08/2026,09:53:08 AM,ESTRUCTURADA,PRIMERA PARTE,ROTC,07/08/2026,CONFIRMADA,3267353,0,23/09/2020,23/09/2032,2.99,MINISTERIO DE HACIENDA,HACIENDA,65338
DO1005205716,MHUS2027,HACIENDA/6 BOEST 20270305 GTIA,95000,USD,95,-5.1161,105.615516,07/08/2026,09:53:08 AM,PRESTAMO,SEGUNDA PARTE,ROTC,07/09/2026,CONFIRMADA,3267373,0,05/09/2016,05/03/2027,4.25,MINISTERIO DE HACIENDA,HACIENDA,60578
DO1005205716,MHUS2027,HACIENDA/6 BOEST 20270305 GTIA,95000,USD,95,1.2396,102.715211,07/08/2026,09:53:08 AM,PRESTAMO,PRIMERA PARTE,ROTC,07/08/2026,CONFIRMADA,3267373,0,05/09/2016,05/03/2027,4.25,MINISTERIO DE HACIENDA,HACIENDA,60298
DO1005205716,MHUS2027,HACIENDA/6 BOEST 20270305 GTIA,95000,USD,95,-5.1161,105.615516,07/08/2026,09:53:07 AM,ESTRUCTURADA,SEGUNDA PARTE,ROTC,07/09/2026,CONFIRMADA,3267315,0,05/09/2016,05/03/2027,4.25,MINISTERIO DE HACIENDA,HACIENDA,62671
DO1005205716,MHUS2027,HACIENDA/6 BOEST 20270305 GTIA,95000,USD,95,1.2396,102.715211,07/08/2026,09:53:07 AM,ESTRUCTURADA,PRIMERA PARTE,ROTC,07/08/2026,CONFIRMADA,3267315,0,05/09/2016,05/03/2027,4.25,MINISTERIO DE HACIENDA,HACIENDA,62391
DO1002261423,NO301129,BCENTRAL/9.5 BOEST 20291130 GTIA,420000,DOP,42,9.35822658,100.357831,07/08/2026,09:52:36 AM,PRESTAMO,SEGUNDA PARTE,ROTC,05/11/2026,CONFIRMADA,3267372,0,30/11/2025,30/11/2029,8.4,BANCO CENTRAL DE LA REPUBLICA DOMINICANA,BCENTRAL,62391
DO1002261423,NO301129,BCENTRAL/9.5 BOEST 20291130 GTIA,420000,DOP,42,9.30046092,100.53261,07/08/2026,09:52:36 AM,PRESTAMO,PRIMERA PARTE,ROTC,07/08/2026,CONFIRMADA,3267372,0,30/11/2025,30/11/2029,8.4,BANCO CENTRAL DE LA REPUBLICA DOMINICANA,BCENTRAL,61999
DO1002261423,NO301129,BCENTRAL/9.5 BOEST 20291130 GTIA,420000,DOP,42,9.35822658,100.357831,07/08/2026,09:52:35 AM,ESTRUCTURADA,SEGUNDA PARTE,ROTC,05/11/2026,CONFIRMADA,3267321,0,30/11/2025,30/11/2029,8.4,BANCO CENTRAL DE LA REPUBLICA DOMINICANA,BCENTRAL,64484
DO1002261423,NO301129,BCENTRAL/9.5 BOEST 20291130 GTIA,420000,DOP,42,9.30046092,100.53261,07/08/2026,09:52:35 AM,ESTRUCTURADA,PRIMERA PARTE,ROTC,07/08/2026,CONFIRMADA,3267321,0,30/11/2025,30/11/2029,8.4,BANCO CENTRAL DE LA REPUBLICA DOMINICANA,BCENTRAL,64092
DO1002261423,NO301129,BCENTRAL/9.5 BOEST 20291130 GTIA,680000,DOP,68,9.67655533,99.49242,07/08/2026,09:52:35 AM,PRESTAMO,SEGUNDA PARTE,ROTC,07/09/2026,CONFIRMADA,3267371,0,30/11/2025,30/11/2029,7.9,BANCO CENTRAL DE LA REPUBLICA DOMINICANA,BCENTRAL,61971
DO1002261423,NO301129,BCENTRAL/9.5 BOEST 20291130 GTIA,680000,DOP,68,9.63342593,99.602997,07/08/2026,09:52:35 AM,PRESTAMO,PRIMERA PARTE,ROTC,07/08/2026,CONFIRMADA,3267371,0,30/11/2025,30/11/2029,7.9,BANCO CENTRAL DE LA REPUBLICA DOMINICANA,BCENTRAL,62412
DO1002261423,NO301129,BCENTRAL/9.5 BOEST 20291130 GTIA,680000,DOP,68,9.67655533,99.49242,07/08/2026,09:52:34 AM,ESTRUCTURADA,SEGUNDA PARTE,ROTC,07/09/2026,CONFIRMADA,3267322,0,30/11/2025,30/11/2029,7.9,BANCO CENTRAL DE LA REPUBLICA DOMINICANA,BCENTRAL,64064
DO1002261423,NO301129,BCENTRAL/9.5 BOEST 20291130 GTIA,680000,DOP,68,9.63342593,99.602997,07/08/2026,09:52:34 AM,ESTRUCTURADA,PRIMERA PARTE,ROTC,07/08/2026,CONFIRMADA,3267322,0,30/11/2025,30/11/2029,7.9,BANCO CENTRAL DE LA REPUBLICA DOMINICANA,BCENTRAL,64505
DO2006901311,BC1ITA01,EGEITABO/5.65 BO 20311208,4740,USD,4740,4.66459172,104.442322,07/08/2026,09:52:34 AM,PRESTAMO,SEGUNDA PARTE,ROTC,05/11/2026,CONFIRMADA,3267370,0,08/12/2021,08/12/2031,4.85,"EMPRESA GENERADORA DE ELECTRICIDAD ITABO, S.A.",EGEITABO,59129
DO2006901311,BC1ITA01,EGEITABO/5.65 BO 20311208,4740,USD,4740,4.68024417,104.556465,07/08/2026,09:52:34 AM,PRESTAMO,PRIMERA PARTE,ROTC,07/08/2026,CONFIRMADA,3267370,0,08/12/2021,08/12/2031,4.85,"EMPRESA GENERADORA DE ELECTRICIDAD ITABO, S.A.",EGEITABO,59290
DO2006901311,BC1ITA01,EGEITABO/5.65 BO 20311208,4740,USD,4740,4.66459172,104.442322,07/08/2026,09:52:32 AM,ESTRUCTURADA,SEGUNDA PARTE,ROTC,05/11/2026,CONFIRMADA,3267323,0,08/12/2021,08/12/2031,4.85,"EMPRESA GENERADORA DE ELECTRICIDAD ITABO, S.A.",EGEITABO,61215
DO2006901311,BC1ITA01,EGEITABO/5.65 BO 20311208,4740,USD,4740,4.68024417,104.556465,07/08/2026,09:52:32 AM,ESTRUCTURADA,PRIMERA PARTE,ROTC,07/08/2026,CONFIRMADA,3267323,0,08/12/2021,08/12/2031,4.85,"EMPRESA GENERADORA DE ELECTRICIDAD ITABO, S.A.",EGEITABO,61376
DO1005208322,MHUS2040,HACIENDA/6.75 BOEST 20400724 GTIA,71000,USD,71,4.45704268,123.33683,07/08/2026,09:52:32 AM,PRESTAMO,SEGUNDA PARTE,ROTC,05/11/2026,CONFIRMADA,3267369,0,24/07/2020,24/07/2040,5.75,MINISTERIO DE HACIENDA,HACIENDA,62286
DO1005208322,MHUS2040,HACIENDA/6.75 BOEST 20400724 GTIA,71000,USD,71,4.4937113,123.212151,07/08/2026,09:52:32 AM,PRESTAMO,PRIMERA PARTE,ROTC,07/08/2026,CONFIRMADA,3267369,0,24/07/2020,24/07/2040,5.75,MINISTERIO DE HACIENDA,HACIENDA,62272
DO1005208322,MHUS2040,HACIENDA/6.75 BOEST 20400724 GTIA,71000,USD,71,4.45704268,123.33683,07/08/2026,09:52:31 AM,ESTRUCTURADA,SEGUNDA PARTE,ROTC,05/11/2026,CONFIRMADA,3267324,0,24/07/2020,24/07/2040,5.75,MINISTERIO DE HACIENDA,HACIENDA,64379
DO1005208322,MHUS2040,HACIENDA/6.75 BOEST 20400724 GTIA,71000,USD,71,4.4937113,123.212151,07/08/2026,09:52:31 AM,ESTRUCTURADA,PRIMERA PARTE,ROTC,07/08/2026,CONFIRMADA,3267324,0,24/07/2020,24/07/2040,5.75,MINISTERIO DE HACIENDA,HACIENDA,64365
DO1005208322,MHUS2040,HACIENDA/6.75 BOEST 20400724 GTIA,89000,USD,89,4.47787671,123.193071,07/08/2026,09:52:31 AM,PRESTAMO,SEGUNDA PARTE,ROTC,06/10/2026,CONFIRMADA,3267368,0,24/07/2020,24/07/2040,4.6,MINISTERIO DE HACIENDA,HACIENDA,62804
DO1005208322,MHUS2040,HACIENDA/6.75 BOEST 20400724 GTIA,89000,USD,89,4.48185761,123.351756,07/08/2026,09:52:31 AM,PRESTAMO,PRIMERA PARTE,ROTC,07/08/2026,CONFIRMADA,3267368,0,24/07/2020,24/07/2040,4.6,MINISTERIO DE HACIENDA,HACIENDA,62916
DO1005208322,MHUS2040,HACIENDA/6.75 BOEST 20400724 GTIA,89000,USD,89,4.47787671,123.193071,07/08/2026,09:52:30 AM,ESTRUCTURADA,SEGUNDA PARTE,ROTC,06/10/2026,CONFIRMADA,3267325,0,24/07/2020,24/07/2040,4.6,MINISTERIO DE HACIENDA,HACIENDA,64897
DO1005208322,MHUS2040,HACIENDA/6.75 BOEST 20400724 GTIA,89000,USD,89,4.48185761,123.351756,07/08/2026,09:52:30 AM,ESTRUCTURADA,PRIMERA PARTE,ROTC,07/08/2026,CONFIRMADA,3267325,0,24/07/2020,24/07/2040,4.6,MINISTERIO DE HACIENDA,HACIENDA,65009
DO1005208215,MHUS2029,HACIENDA/6.95 BOEST 20290626 GTIA,23000,USD,23,2.27358811,112.453975,07/08/2026,09:52:30 AM,PRESTAMO,SEGUNDA PARTE,ROTC,21/09/2026,CONFIRMADA,3267367,0,26/06/2020,26/06/2029,3.5,MINISTERIO DE HACIENDA,HACIENDA,62762
DO1005208215,MHUS2029,HACIENDA/6.95 BOEST 20290626 GTIA,23000,USD,23,2.33446623,112.806429,07/08/2026,09:52:30 AM,PRESTAMO,PRIMERA PARTE,ROTC,07/08/2026,CONFIRMADA,3267367,0,26/06/2020,26/06/2029,3.5,MINISTERIO DE HACIENDA,HACIENDA,62790
DO1005208215,MHUS2029,HACIENDA/6.95 BOEST 20290626 GTIA,23000,USD,23,2.27358811,112.453975,07/08/2026,09:52:29 AM,ESTRUCTURADA,SEGUNDA PARTE,ROTC,21/09/2026,CONFIRMADA,3267357,0,26/06/2020,26/06/2029,3.5,MINISTERIO DE HACIENDA,HACIENDA,64918
DO1005208215,MHUS2029,HACIENDA/6.95 BOEST 20290626 GTIA,23000,USD,23,2.33446623,112.806429,07/08/2026,09:52:29 AM,ESTRUCTURADA,PRIMERA PARTE,ROTC,07/08/2026,CONFIRMADA,3267357,0,26/06/2020,26/06/2029,3.5,MINISTERIO DE HACIENDA,HACIENDA,64946
DO1005208215,MHUS2029,HACIENDA/6.95 BOEST 20290626 GTIA,14000,USD,14,3.07272277,110.330183,07/08/2026,09:52:29 AM,PRESTAMO,SEGUNDA PARTE,ROTC,07/09/2026,CONFIRMADA,3267365,0,26/06/2020,26/06/2029,3.25,MINISTERIO DE HACIENDA,HACIENDA,62727
DO1005208215,MHUS2029,HACIENDA/6.95 BOEST 20290626 GTIA,14000,USD,14,3.08240392,110.597615,07/08/2026,09:52:29 AM,PRESTAMO,PRIMERA PARTE,ROTC,07/08/2026,CONFIRMADA,3267365,0,26/06/2020,26/06/2029,3.25,MINISTERIO DE HACIENDA,HACIENDA,62846
DO1005205716,MHUS2027,HACIENDA/6 BOEST 20270305 GTIA,15000,USD,15,-6.9418,106.603533,07/08/2026,09:52:29 AM,PRESTAMO,SEGUNDA PARTE,ROTC,07/09/2026,CONFIRMADA,3267366,0,05/09/2016,05/03/2027,3.95,MINISTERIO DE HACIENDA,HACIENDA,60557
DO1005205716,MHUS2027,HACIENDA/6 BOEST 20270305 GTIA,15000,USD,15,-0.4583,103.727,07/08/2026,09:52:29 AM,PRESTAMO,PRIMERA PARTE,ROTC,07/08/2026,CONFIRMADA,3267366,0,05/09/2016,05/03/2027,3.95,MINISTERIO DE HACIENDA,HACIENDA,59500
DO1005205716,MHUS2027,HACIENDA/6 BOEST 20270305 GTIA,15000,USD,15,-6.9418,106.603533,07/08/2026,09:52:28 AM,ESTRUCTURADA,SEGUNDA PARTE,ROTC,07/09/2026,CONFIRMADA,3267314,0,05/09/2016,05/03/2027,3.95,MINISTERIO DE HACIENDA,HACIENDA,62650
DO1005205716,MHUS2027,HACIENDA/6 BOEST 20270305 GTIA,15000,USD,15,-0.4583,103.727,07/08/2026,09:52:28 AM,ESTRUCTURADA,PRIMERA PARTE,ROTC,07/08/2026,CONFIRMADA,3267314,0,05/09/2016,05/03/2027,3.95,MINISTERIO DE HACIENDA,HACIENDA,61593
DO1005208215,MHUS2029,HACIENDA/6.95 BOEST 20290626 GTIA,14000,USD,14,3.07272277,110.330183,07/08/2026,09:52:28 AM,ESTRUCTURADA,SEGUNDA PARTE,ROTC,07/09/2026,CONFIRMADA,3267358,0,26/06/2020,26/06/2029,3.25,MINISTERIO DE HACIENDA,HACIENDA,64820
DO1005208215,MHUS2029,HACIENDA/6.95 BOEST 20290626 GTIA,14000,USD,14,3.08240392,110.597615,07/08/2026,09:52:28 AM,ESTRUCTURADA,PRIMERA PARTE,ROTC,07/08/2026,CONFIRMADA,3267358,0,26/06/2020,26/06/2029,3.25,MINISTERIO DE HACIENDA,HACIENDA,64939
DO1005205716,MHUS2027,HACIENDA/6 BOEST 20270305 GTIA,266000,USD,266,-18.398,113.25409,07/08/2026,09:52:04 AM,PRESTAMO,SEGUNDA PARTE,ROTC,07/09/2026,CONFIRMADA,3267364,0,05/09/2016,05/03/2027,5.2,MINISTERIO DE HACIENDA,HACIENDA,60949
DO1005205716,MHUS2027,HACIENDA/6 BOEST 20270305 GTIA,266000,USD,266,-10.682,110.234011,07/08/2026,09:52:04 AM,PRESTAMO,PRIMERA PARTE,ROTC,07/08/2026,CONFIRMADA,3267364,0,05/09/2016,05/03/2027,5.2,MINISTERIO DE HACIENDA,HACIENDA,61173
DO1005205716,MHUS2027,HACIENDA/6 BOEST 20270305 GTIA,266000,USD,266,-18.398,113.25409,07/08/2026,09:52:03 AM,ESTRUCTURADA,SEGUNDA PARTE,ROTC,07/09/2026,CONFIRMADA,3267313,0,05/09/2016,05/03/2027,5.2,MINISTERIO DE HACIENDA,HACIENDA,63042
DO1005205716,MHUS2027,HACIENDA/6 BOEST 20270305 GTIA,266000,USD,266,-10.682,110.234011,07/08/2026,09:52:03 AM,ESTRUCTURADA,PRIMERA PARTE,ROTC,07/08/2026,CONFIRMADA,3267313,0,05/09/2016,05/03/2027,5.2,MINISTERIO DE HACIENDA,HACIENDA,63266
DO1005211227,MH32029,HACIENDA/12.75 BOEST 20290923 GTIA,3500000,DOP,35,9.1818,109.278332,07/08/2026,09:51:21 AM,PRESTAMO,SEGUNDA PARTE,ROTC,07/09/2026,CONFIRMADA,3267363,0,23/09/2022,23/09/2029,8.75,MINISTERIO DE HACIENDA,HACIENDA,61467
DO1005211227,MH32029,HACIENDA/12.75 BOEST 20290923 GTIA,3500000,DOP,35,9.1796,109.500098,07/08/2026,09:51:21 AM,PRESTAMO,PRIMERA PARTE,ROTC,07/08/2026,CONFIRMADA,3267363,0,23/09/2022,23/09/2029,8.75,MINISTERIO DE HACIENDA,HACIENDA,61537
DO1005211227,MH32029,HACIENDA/12.75 BOEST 20290923 GTIA,3500000,DOP,35,9.1818,109.278332,07/08/2026,09:51:20 AM,ESTRUCTURADA,SEGUNDA PARTE,ROTC,07/09/2026,CONFIRMADA,3267312,0,23/09/2022,23/09/2029,8.75,MINISTERIO DE HACIENDA,HACIENDA,63560
DO1005211227,MH32029,HACIENDA/12.75 BOEST 20290923 GTIA,3500000,DOP,35,9.1796,109.500098,07/08/2026,09:51:20 AM,ESTRUCTURADA,PRIMERA PARTE,ROTC,07/08/2026,CONFIRMADA,3267312,0,23/09/2022,23/09/2029,8.75,MINISTERIO DE HACIENDA,HACIENDA,63630
DO1005211227,MH32029,HACIENDA/12.75 BOEST 20290923 GTIA,1300000,DOP,13,8.7668,110.430225,07/08/2026,09:50:48 AM,PRESTAMO,SEGUNDA PARTE,ROTC,07/09/2026,CONFIRMADA,3267362,0,23/09/2022,23/09/2029,9.2,MINISTERIO DE HACIENDA,HACIENDA,61404
DO1005211227,MH32029,HACIENDA/12.75 BOEST 20290923 GTIA,1300000,DOP,13,8.7935,110.598999,07/08/2026,09:50:48 AM,PRESTAMO,PRIMERA PARTE,ROTC,07/08/2026,CONFIRMADA,3267362,0,23/09/2022,23/09/2029,9.2,MINISTERIO DE HACIENDA,HACIENDA,61670
DO1005211227,MH32029,HACIENDA/12.75 BOEST 20290923 GTIA,1300000,DOP,13,8.7668,110.430225,07/08/2026,09:50:47 AM,ESTRUCTURADA,SEGUNDA PARTE,ROTC,07/09/2026,CONFIRMADA,3267311,0,23/09/2022,23/09/2029,9.2,MINISTERIO DE HACIENDA,HACIENDA,63497
DO1005211227,MH32029,HACIENDA/12.75 BOEST 20290923 GTIA,1300000,DOP,13,8.7935,110.598999,07/08/2026,09:50:47 AM,ESTRUCTURADA,PRIMERA PARTE,ROTC,07/08/2026,CONFIRMADA,3267311,0,23/09/2022,23/09/2029,9.2,MINISTERIO DE HACIENDA,HACIENDA,63763
DO1005211227,MH32029,HACIENDA/12.75 BOEST 20290923 GTIA,13900000,DOP,139,8.8862,110.082267,07/08/2026,09:50:16 AM,PRESTAMO,SEGUNDA PARTE,ROTC,09/09/2026,CONFIRMADA,3267361,0,23/09/2022,23/09/2029,8.65,MINISTERIO DE HACIENDA,HACIENDA,62223
DO1005211227,MH32029,HACIENDA/12.75 BOEST 20290923 GTIA,13900000,DOP,139,8.8903,110.322297,07/08/2026,09:50:16 AM,PRESTAMO,PRIMERA PARTE,ROTC,07/08/2026,CONFIRMADA,3267361,0,23/09/2022,23/09/2029,8.65,MINISTERIO DE HACIENDA,HACIENDA,62237
DO1005211227,MH32029,HACIENDA/12.75 BOEST 20290923 GTIA,13900000,DOP,139,8.8862,110.082267,07/08/2026,09:50:15 AM,ESTRUCTURADA,SEGUNDA PARTE,ROTC,09/09/2026,CONFIRMADA,3267310,0,23/09/2022,23/09/2029,8.65,MINISTERIO DE HACIENDA,HACIENDA,64316
DO1005211227,MH32029,HACIENDA/12.75 BOEST 20290923 GTIA,13900000,DOP,139,8.8903,110.322297,07/08/2026,09:50:15 AM,ESTRUCTURADA,PRIMERA PARTE,ROTC,07/08/2026,CONFIRMADA,3267310,0,23/09/2022,23/09/2029,8.65,MINISTERIO DE HACIENDA,HACIENDA,64330
DO1005211227,MH32029,HACIENDA/12.75 BOEST 20290923 GTIA,28500000,DOP,285,8.6167,110.850619,07/08/2026,09:49:17 AM,PRESTAMO,SEGUNDA PARTE,ROTC,07/09/2026,CONFIRMADA,3267360,0,23/09/2022,23/09/2029,9.3,MINISTERIO DE HACIENDA,HACIENDA,62300
DO1005211227,MH32029,HACIENDA/12.75 BOEST 20290923 GTIA,28500000,DOP,285,8.6517,111.006196,07/08/2026,09:49:17 AM,PRESTAMO,PRIMERA PARTE,ROTC,07/08/2026,CONFIRMADA,3267360,0,23/09/2022,23/09/2029,9.3,MINISTERIO DE HACIENDA,HACIENDA,62307
DO1005211227,MH32029,HACIENDA/12.75 BOEST 20290923 GTIA,28500000,DOP,285,8.6167,110.850619,07/08/2026,09:49:16 AM,ESTRUCTURADA,SEGUNDA PARTE,ROTC,07/09/2026,CONFIRMADA,3267309,0,23/09/2022,23/09/2029,9.3,MINISTERIO DE HACIENDA,HACIENDA,64393
DO1005211227,MH32029,HACIENDA/12.75 BOEST 20290923 GTIA,28500000,DOP,285,8.6517,111.006196,07/08/2026,09:49:16 AM,ESTRUCTURADA,PRIMERA PARTE,ROTC,07/08/2026,CONFIRMADA,3267309,0,23/09/2022,23/09/2029,9.3,MINISTERIO DE HACIENDA,HACIENDA,64400
DO1005211227,MH32029,HACIENDA/12.75 BOEST 20290923 GTIA,13000000,DOP,130,8.7757,110.405385,07/08/2026,09:48:43 AM,PRESTAMO,SEGUNDA PARTE,ROTC,07/09/2026,CONFIRMADA,3267359,0,23/09/2022,23/09/2029,8.95,MINISTERIO DE HACIENDA,HACIENDA,62146
DO1005211227,MH32029,HACIENDA/12.75 BOEST 20290923 GTIA,13000000,DOP,130,8.7935,110.598999,07/08/2026,09:48:43 AM,PRESTAMO,PRIMERA PARTE,ROTC,07/08/2026,CONFIRMADA,3267359,0,23/09/2022,23/09/2029,8.95,MINISTERIO DE HACIENDA,HACIENDA,62356
DO1005211227,MH32029,HACIENDA/12.75 BOEST 20290923 GTIA,13000000,DOP,130,8.7757,110.405385,07/08/2026,09:48:42 AM,ESTRUCTURADA,SEGUNDA PARTE,ROTC,07/09/2026,CONFIRMADA,3267308,0,23/09/2022,23/09/2029,8.95,MINISTERIO DE HACIENDA,HACIENDA,64239
DO1005211227,MH32029,HACIENDA/12.75 BOEST 20290923 GTIA,13000000,DOP,130,8.7935,110.598999,07/08/2026,09:48:42 AM,ESTRUCTURADA,PRIMERA PARTE,ROTC,07/08/2026,CONFIRMADA,3267308,0,23/09/2022,23/09/2029,8.95,MINISTERIO DE HACIENDA,HACIENDA,64449
DO1005211227,MH32029,HACIENDA/12.75 BOEST 20290923 GTIA,9300000,DOP,93,8.6711,110.697962,07/08/2026,09:48:21 AM,PRESTAMO,SEGUNDA PARTE,ROTC,07/09/2026,CONFIRMADA,3267356,0,23/09/2022,23/09/2029,8.95,MINISTERIO DE HACIENDA,HACIENDA,61579
DO1005211227,MH32029,HACIENDA/12.75 BOEST 20290923 GTIA,9300000,DOP,93,8.6923,110.889338,07/08/2026,09:48:21 AM,PRESTAMO,PRIMERA PARTE,ROTC,07/08/2026,CONFIRMADA,3267356,0,23/09/2022,23/09/2029,8.95,MINISTERIO DE HACIENDA,HACIENDA,61670
DO1005211227,MH32029,HACIENDA/12.75 BOEST 20290923 GTIA,9300000,DOP,93,8.6711,110.697962,07/08/2026,09:48:20 AM,ESTRUCTURADA,SEGUNDA PARTE,ROTC,07/09/2026,CONFIRMADA,3267307,0,23/09/2022,23/09/2029,8.95,MINISTERIO DE HACIENDA,HACIENDA,63672
DO1005211227,MH32029,HACIENDA/12.75 BOEST 20290923 GTIA,9300000,DOP,93,8.6923,110.889338,07/08/2026,09:48:20 AM,ESTRUCTURADA,PRIMERA PARTE,ROTC,07/08/2026,CONFIRMADA,3267307,0,23/09/2022,23/09/2029,8.95,MINISTERIO DE HACIENDA,HACIENDA,63763
DO1005211227,MH32029,HACIENDA/12.75 BOEST 20290923 GTIA,5500000,DOP,55,7.7964,113.164295,07/08/2026,09:47:46 AM,PRESTAMO,SEGUNDA PARTE,ROTC,09/09/2026,CONFIRMADA,3267355,0,23/09/2022,23/09/2029,8.5,MINISTERIO DE HACIENDA,HACIENDA,61614
DO1005211227,MH32029,HACIENDA/12.75 BOEST 20290923 GTIA,5500000,DOP,55,7.8324,113.396202,07/08/2026,09:47:46 AM,PRESTAMO,PRIMERA PARTE,ROTC,07/08/2026,CONFIRMADA,3267355,0,23/09/2022,23/09/2029,8.5,MINISTERIO DE HACIENDA,HACIENDA,61558
DO1005211227,MH32029,HACIENDA/12.75 BOEST 20290923 GTIA,5500000,DOP,55,7.7964,113.164295,07/08/2026,09:47:45 AM,ESTRUCTURADA,SEGUNDA PARTE,ROTC,09/09/2026,CONFIRMADA,3267306,0,23/09/2022,23/09/2029,8.5,MINISTERIO DE HACIENDA,HACIENDA,63707
DO1005211227,MH32029,HACIENDA/12.75 BOEST 20290923 GTIA,5500000,DOP,55,7.8324,113.396202,07/08/2026,09:47:45 AM,ESTRUCTURADA,PRIMERA PARTE,ROTC,07/08/2026,CONFIRMADA,3267306,0,23/09/2022,23/09/2029,8.5,MINISTERIO DE HACIENDA,HACIENDA,63651
DO1005211227,MH32029,HACIENDA/12.75 BOEST 20290923 GTIA,25700000,DOP,257,8.1646,112.119922,07/08/2026,09:47:13 AM,PRESTAMO,SEGUNDA PARTE,ROTC,08/09/2026,CONFIRMADA,3267351,0,23/09/2022,23/09/2029,12.45,MINISTERIO DE HACIENDA,HACIENDA,62209
DO1005211227,MH32029,HACIENDA/12.75 BOEST 20290923 GTIA,25700000,DOP,257,8.3269,111.945901,07/08/2026,09:47:13 AM,PRESTAMO,PRIMERA PARTE,ROTC,07/08/2026,CONFIRMADA,3267351,0,23/09/2022,23/09/2029,12.45,MINISTERIO DE HACIENDA,HACIENDA,62300
DO1005211227,MH32029,HACIENDA/12.75 BOEST 20290923 GTIA,25700000,DOP,257,8.1646,112.119922,07/08/2026,09:47:12 AM,ESTRUCTURADA,SEGUNDA PARTE,ROTC,08/09/2026,CONFIRMADA,3267305,0,23/09/2022,23/09/2029,12.45,MINISTERIO DE HACIENDA,HACIENDA,64302
DO1005211227,MH32029,HACIENDA/12.75 BOEST 20290923 GTIA,25700000,DOP,257,8.3269,111.945901,07/08/2026,09:47:12 AM,ESTRUCTURADA,PRIMERA PARTE,ROTC,07/08/2026,CONFIRMADA,3267305,0,23/09/2022,23/09/2029,12.45,MINISTERIO DE HACIENDA,HACIENDA,64393
DO1005211227,MH32029,HACIENDA/12.75 BOEST 20290923 GTIA,4300000,DOP,43,8.3258,111.662467,07/08/2026,09:46:47 AM,PRESTAMO,SEGUNDA PARTE,ROTC,08/09/2026,CONFIRMADA,3267350,0,23/09/2022,23/09/2029,12.45,MINISTERIO DE HACIENDA,HACIENDA,61530
DO1005211227,MH32029,HACIENDA/12.75 BOEST 20290923 GTIA,4300000,DOP,43,8.4829,111.493453,07/08/2026,09:46:47 AM,PRESTAMO,PRIMERA PARTE,ROTC,07/08/2026,CONFIRMADA,3267350,0,23/09/2022,23/09/2029,12.45,MINISTERIO DE HACIENDA,HACIENDA,61593
DO1005211227,MH32029,HACIENDA/12.75 BOEST 20290923 GTIA,4300000,DOP,43,8.3258,111.662467,07/08/2026,09:46:46 AM,ESTRUCTURADA,SEGUNDA PARTE,ROTC,08/09/2026,CONFIRMADA,3267304,0,23/09/2022,23/09/2029,12.45,MINISTERIO DE HACIENDA,HACIENDA,63623
DO1005211227,MH32029,HACIENDA/12.75 BOEST 20290923 GTIA,4300000,DOP,43,8.4829,111.493453,07/08/2026,09:46:46 AM,ESTRUCTURADA,PRIMERA PARTE,ROTC,07/08/2026,CONFIRMADA,3267304,0,23/09/2022,23/09/2029,12.45,MINISTERIO DE HACIENDA,HACIENDA,63686
DO1005211227,MH32029,HACIENDA/12.75 BOEST 20290923 GTIA,8600000,DOP,86,8.3258,111.662467,07/08/2026,09:45:04 AM,PRESTAMO,SEGUNDA PARTE,ROTC,08/09/2026,CONFIRMADA,3267349,0,23/09/2022,23/09/2029,12.45,MINISTERIO DE HACIENDA,HACIENDA,61572
DO1005211227,MH32029,HACIENDA/12.75 BOEST 20290923 GTIA,8600000,DOP,86,8.4829,111.493453,07/08/2026,09:45:04 AM,PRESTAMO,PRIMERA PARTE,ROTC,07/08/2026,CONFIRMADA,3267349,0,23/09/2022,23/09/2029,12.45,MINISTERIO DE HACIENDA,HACIENDA,61635
DO1005211227,MH32029,HACIENDA/12.75 BOEST 20290923 GTIA,8600000,DOP,86,8.3258,111.662467,07/08/2026,09:45:03 AM,ESTRUCTURADA,SEGUNDA PARTE,ROTC,08/09/2026,CONFIRMADA,3267303,0,23/09/2022,23/09/2029,12.45,MINISTERIO DE HACIENDA,HACIENDA,63665
DO1005211227,MH32029,HACIENDA/12.75 BOEST 20290923 GTIA,8600000,DOP,86,8.4829,111.493453,07/08/2026,09:45:03 AM,ESTRUCTURADA,PRIMERA PARTE,ROTC,07/08/2026,CONFIRMADA,3267303,0,23/09/2022,23/09/2029,12.45,MINISTERIO DE HACIENDA,HACIENDA,63728
DO1005211227,MH32029,HACIENDA/12.75 BOEST 20290923 GTIA,30100000,DOP,301,8.3258,111.662467,07/08/2026,09:44:32 AM,PRESTAMO,SEGUNDA PARTE,ROTC,08/09/2026,CONFIRMADA,3267348,0,23/09/2022,23/09/2029,12.45,MINISTERIO DE HACIENDA,HACIENDA,62104
DO1005211227,MH32029,HACIENDA/12.75 BOEST 20290923 GTIA,30100000,DOP,301,8.4829,111.493453,07/08/2026,09:44:32 AM,PRESTAMO,PRIMERA PARTE,ROTC,07/08/2026,CONFIRMADA,3267348,0,23/09/2022,23/09/2029,12.45,MINISTERIO DE HACIENDA,HACIENDA,62167
DO1005211227,MH32029,HACIENDA/12.75 BOEST 20290923 GTIA,30100000,DOP,301,8.3258,111.662467,07/08/2026,09:44:30 AM,ESTRUCTURADA,SEGUNDA PARTE,ROTC,08/09/2026,CONFIRMADA,3267302,0,23/09/2022,23/09/2029,12.45,MINISTERIO DE HACIENDA,HACIENDA,64190
DO1005211227,MH32029,HACIENDA/12.75 BOEST 20290923 GTIA,30100000,DOP,301,8.4829,111.493453,07/08/2026,09:44:30 AM,ESTRUCTURADA,PRIMERA PARTE,ROTC,07/08/2026,CONFIRMADA,3267302,0,23/09/2022,23/09/2029,12.45,MINISTERIO DE HACIENDA,HACIENDA,64253
DO1002261225,LE021026,BCENTRAL/ LT 20261002 GTIA,1050000,DOP,105,18.277,98.796199,07/08/2026,09:43:58 AM,PRESTAMO,SEGUNDA PARTE,ROTC,08/09/2026,CONFIRMADA,3267346,0,02/10/2025,02/10/2026,7.75,BANCO CENTRAL DE LA REPUBLICA DOMINICANA,BCENTRAL,58737
DO1002261225,LE021026,BCENTRAL/ LT 20261002 GTIA,1050000,DOP,105,12.3155,98.12026,07/08/2026,09:43:58 AM,PRESTAMO,PRIMERA PARTE,ROTC,07/08/2026,CONFIRMADA,3267346,0,02/10/2025,02/10/2026,7.75,BANCO CENTRAL DE LA REPUBLICA DOMINICANA,BCENTRAL,58520
DO1002261225,LE021026,BCENTRAL/ LT 20261002 GTIA,1050000,DOP,105,18.277,98.796199,07/08/2026,09:43:57 AM,ESTRUCTURADA,SEGUNDA PARTE,ROTC,08/09/2026,CONFIRMADA,3267301,0,02/10/2025,02/10/2026,7.75,BANCO CENTRAL DE LA REPUBLICA DOMINICANA,BCENTRAL,60830
DO1002261225,LE021026,BCENTRAL/ LT 20261002 GTIA,1050000,DOP,105,12.3155,98.12026,07/08/2026,09:43:57 AM,ESTRUCTURADA,PRIMERA PARTE,ROTC,07/08/2026,CONFIRMADA,3267301,0,02/10/2025,02/10/2026,7.75,BANCO CENTRAL DE LA REPUBLICA DOMINICANA,BCENTRAL,60613
DO1002261225,LE021026,BCENTRAL/ LT 20261002 GTIA,650000,DOP,65,364.128,80.466563,07/08/2026,09:42:40 AM,PRESTAMO,SEGUNDA PARTE,ROTC,08/09/2026,CONFIRMADA,3267345,0,02/10/2025,02/10/2026,7.95,BANCO CENTRAL DE LA REPUBLICA DOMINICANA,BCENTRAL,58254
DO1002261225,LE021026,BCENTRAL/ LT 20261002 GTIA,650000,DOP,65,161.7,79.901923,07/08/2026,09:42:40 AM,PRESTAMO,PRIMERA PARTE,ROTC,07/08/2026,CONFIRMADA,3267345,0,02/10/2025,02/10/2026,7.95,BANCO CENTRAL DE LA REPUBLICA DOMINICANA,BCENTRAL,57582
DO1002261225,LE021026,BCENTRAL/ LT 20261002 GTIA,650000,DOP,65,364.128,80.466563,07/08/2026,09:42:39 AM,ESTRUCTURADA,SEGUNDA PARTE,ROTC,08/09/2026,CONFIRMADA,3267300,0,02/10/2025,02/10/2026,7.95,BANCO CENTRAL DE LA REPUBLICA DOMINICANA,BCENTRAL,60410
DO1002261225,LE021026,BCENTRAL/ LT 20261002 GTIA,650000,DOP,65,161.7,79.901923,07/08/2026,09:42:39 AM,ESTRUCTURADA,PRIMERA PARTE,ROTC,07/08/2026,CONFIRMADA,3267300,0,02/10/2025,02/10/2026,7.95,BANCO CENTRAL DE LA REPUBLICA DOMINICANA,BCENTRAL,59738
DO1005207118,MHUS2026,HACIENDA/6.65 BOEST 20261227 GTIA,29000,USD,29,-3.6354,102.346862,07/08/2026,09:40:35 AM,PRESTAMO,SEGUNDA PARTE,ROTC,06/10/2026,CONFIRMADA,3267183,0,27/12/2019,27/12/2026,1.428532,MINISTERIO DE HACIENDA,HACIENDA,61579
DO1005207118,MHUS2026,HACIENDA/6.65 BOEST 20261227 GTIA,29000,USD,29,-0.2779,102.698655,07/08/2026,09:40:35 AM,PRESTAMO,PRIMERA PARTE,ROTC,07/08/2026,CONFIRMADA,3267183,0,27/12/2019,27/12/2026,1.428532,MINISTERIO DE HACIENDA,HACIENDA,61796
DO1005207118,MHUS2026,HACIENDA/6.65 BOEST 20261227 GTIA,29000,USD,29,-3.6354,102.346862,07/08/2026,09:40:34 AM,PLAZO,PRIMERA PARTE,ROTC,06/10/2026,CONFIRMADA,3267184,0,27/12/2019,27/12/2026,0,MINISTERIO DE HACIENDA,HACIENDA,60032
DO1002261928,LE090427,BCENTRAL/ LT 20270409 GTIA,660000,DOP,66,6.6703,97.789474,07/08/2026,09:40:33 AM,PRESTAMO,SEGUNDA PARTE,ROTC,08/12/2026,CONFIRMADA,3267186,0,09/04/2026,09/04/2027,3.069468,BANCO CENTRAL DE LA REPUBLICA DOMINICANA,BCENTRAL,58219
DO1002261928,LE090427,BCENTRAL/ LT 20270409 GTIA,660000,DOP,66,8.18,94.787858,07/08/2026,09:40:33 AM,PRESTAMO,PRIMERA PARTE,ROTC,10/08/2026,CONFIRMADA,3267186,0,09/04/2026,09/04/2027,3.069468,BANCO CENTRAL DE LA REPUBLICA DOMINICANA,BCENTRAL,57568
DO1002261928,LE090427,BCENTRAL/ LT 20270409 GTIA,660000,DOP,66,6.6703,97.789474,07/08/2026,09:40:32 AM,PLAZO,PRIMERA PARTE,ROTC,08/12/2026,CONFIRMADA,3267187,0,09/04/2026,09/04/2027,0,BANCO CENTRAL DE LA REPUBLICA DOMINICANA,BCENTRAL,56672
DO1002261928,LE090427,BCENTRAL/ LT 20270409 GTIA,20000,DOP,2,-2.8141,101.4432,07/08/2026,09:40:31 AM,PRESTAMO,SEGUNDA PARTE,ROTC,09/10/2026,CONFIRMADA,3267189,0,09/04/2026,09/04/2027,1.502072,BANCO CENTRAL DE LA REPUBLICA DOMINICANA,BCENTRAL,57043
DO1002261928,LE090427,BCENTRAL/ LT 20270409 GTIA,20000,DOP,2,0.1199,99.91945,07/08/2026,09:40:31 AM,PRESTAMO,PRIMERA PARTE,ROTC,10/08/2026,CONFIRMADA,3267189,0,09/04/2026,09/04/2027,1.502072,BANCO CENTRAL DE LA REPUBLICA DOMINICANA,BCENTRAL,57029
DO1002261928,LE090427,BCENTRAL/ LT 20270409 GTIA,20000,DOP,2,-2.8141,101.4432,07/08/2026,09:40:30 AM,PLAZO,PRIMERA PARTE,ROTC,09/10/2026,CONFIRMADA,3267190,0,09/04/2026,09/04/2027,0,BANCO CENTRAL DE LA REPUBLICA DOMINICANA,BCENTRAL,55496
DO1002261928,LE090427,BCENTRAL/ LT 20270409 GTIA,330000,DOP,33,0,95.160524,07/08/2026,09:40:29 AM,PRESTAMO,SEGUNDA PARTE,ROTC,06/10/2026,CONFIRMADA,3267192,0,09/04/2026,09/04/2027,1.502093,BANCO CENTRAL DE LA REPUBLICA DOMINICANA,BCENTRAL,56161
DO1002261928,LE090427,BCENTRAL/ LT 20270409 GTIA,330000,DOP,33,9.8275,93.731124,07/08/2026,09:40:29 AM,PRESTAMO,PRIMERA PARTE,ROTC,07/08/2026,CONFIRMADA,3267192,0,09/04/2026,09/04/2027,1.502093,BANCO CENTRAL DE LA REPUBLICA DOMINICANA,BCENTRAL,58149
DO1002261928,LE090427,BCENTRAL/ LT 20270409 GTIA,330000,DOP,33,0,95.160524,07/08/2026,09:40:28 AM,PLAZO,PRIMERA PARTE,ROTC,06/10/2026,CONFIRMADA,3267193,0,09/04/2026,09/04/2027,0,BANCO CENTRAL DE LA REPUBLICA DOMINICANA,BCENTRAL,54614
DO1002261928,LE090427,BCENTRAL/ LT 20270409 GTIA,30000,DOP,3,-14.921,109.583867,07/08/2026,09:40:27 AM,PRESTAMO,SEGUNDA PARTE,ROTC,10/09/2026,CONFIRMADA,3267195,0,09/04/2026,09/04/2027,0.748529,BANCO CENTRAL DE LA REPUBLICA DOMINICANA,BCENTRAL,57995
DO1002261928,LE090427,BCENTRAL/ LT 20270409 GTIA,30000,DOP,3,-12.036,108.7636,07/08/2026,09:40:27 AM,PRESTAMO,PRIMERA PARTE,ROTC,11/08/2026,CONFIRMADA,3267195,0,09/04/2026,09/04/2027,0.748529,BANCO CENTRAL DE LA REPUBLICA DOMINICANA,BCENTRAL,57239
DO1002261928,LE090427,BCENTRAL/ LT 20270409 GTIA,30000,DOP,3,-14.921,109.583867,07/08/2026,09:40:26 AM,PLAZO,PRIMERA PARTE,ROTC,10/09/2026,CONFIRMADA,3267196,0,09/04/2026,09/04/2027,0,BANCO CENTRAL DE LA REPUBLICA DOMINICANA,BCENTRAL,56448
DO1002261928,LE090427,BCENTRAL/ LT 20270409 GTIA,1880000,DOP,188,0,94.038593,07/08/2026,09:40:26 AM,PRESTAMO,SEGUNDA PARTE,ROTC,07/09/2026,CONFIRMADA,3267217,0,09/04/2026,09/04/2027,0.77328,BANCO CENTRAL DE LA REPUBLICA DOMINICANA,BCENTRAL,57092
DO1002261928,LE090427,BCENTRAL/ LT 20270409 GTIA,1880000,DOP,188,10.5326,93.311411,07/08/2026,09:40:26 AM,PRESTAMO,PRIMERA PARTE,ROTC,07/08/2026,CONFIRMADA,3267217,0,09/04/2026,09/04/2027,0.77328,BANCO CENTRAL DE LA REPUBLICA DOMINICANA,BCENTRAL,59143
DO1002261928,LE090427,BCENTRAL/ LT 20270409 GTIA,1880000,DOP,188,0,94.038593,07/08/2026,09:40:25 AM,PLAZO,PRIMERA PARTE,ROTC,07/09/2026,CONFIRMADA,3267218,0,09/04/2026,09/04/2027,0,BANCO CENTRAL DE LA REPUBLICA DOMINICANA,BCENTRAL,55545
DO1005207118,MHUS2026,HACIENDA/6.65 BOEST 20261227 GTIA,2000,USD,2,0,79.6865,07/08/2026,09:40:24 AM,PRESTAMO,SEGUNDA PARTE,ROTC,07/12/2026,CONFIRMADA,3267220,0,27/12/2019,27/12/2026,2.339818,MINISTERIO DE HACIENDA,HACIENDA,57715
DO1005207118,MHUS2026,HACIENDA/6.65 BOEST 20261227 GTIA,2000,USD,2,71.7024,80.722,07/08/2026,09:40:24 AM,PRESTAMO,PRIMERA PARTE,ROTC,07/08/2026,CONFIRMADA,3267220,0,27/12/2019,27/12/2026,2.339818,MINISTERIO DE HACIENDA,HACIENDA,59472
DO1005207118,MHUS2026,HACIENDA/6.65 BOEST 20261227 GTIA,2000,USD,2,0,79.6865,07/08/2026,09:40:23 AM,PLAZO,PRIMERA PARTE,ROTC,07/12/2026,CONFIRMADA,3267221,0,27/12/2019,27/12/2026,0,MINISTERIO DE HACIENDA,HACIENDA,56168
DO1002261928,LE090427,BCENTRAL/ LT 20270409 GTIA,2560000,DOP,256,0,94.824476,07/08/2026,09:40:22 AM,PRESTAMO,SEGUNDA PARTE,ROTC,06/10/2026,CONFIRMADA,3267223,0,09/04/2026,09/04/2027,1.502093,BANCO CENTRAL DE LA REPUBLICA DOMINICANA,BCENTRAL,56966
DO1002261928,LE090427,BCENTRAL/ LT 20270409 GTIA,2560000,DOP,256,10.383,93.400124,07/08/2026,09:40:22 AM,PRESTAMO,PRIMERA PARTE,ROTC,07/08/2026,CONFIRMADA,3267223,0,09/04/2026,09/04/2027,1.502093,BANCO CENTRAL DE LA REPUBLICA DOMINICANA,BCENTRAL,58709
DO1002261928,LE090427,BCENTRAL/ LT 20270409 GTIA,2560000,DOP,256,0,94.824476,07/08/2026,09:40:21 AM,PLAZO,PRIMERA PARTE,ROTC,06/10/2026,CONFIRMADA,3267224,0,09/04/2026,09/04/2027,0,BANCO CENTRAL DE LA REPUBLICA DOMINICANA,BCENTRAL,55419
DO1005207118,MHUS2026,HACIENDA/6.65 BOEST 20261227 GTIA,8000,USD,8,-62.708,104.701625,07/08/2026,09:40:20 AM,PRESTAMO,SEGUNDA PARTE,ROTC,07/12/2026,CONFIRMADA,3267226,0,27/12/2019,27/12/2026,2.130093,MINISTERIO DE HACIENDA,HACIENDA,60816
DO1005207118,MHUS2026,HACIENDA/6.65 BOEST 20261227 GTIA,8000,USD,8,-6.752,105.377875,07/08/2026,09:40:20 AM,PRESTAMO,PRIMERA PARTE,ROTC,07/08/2026,CONFIRMADA,3267226,0,27/12/2019,27/12/2026,2.130093,MINISTERIO DE HACIENDA,HACIENDA,60676
DO1005207118,MHUS2026,HACIENDA/6.65 BOEST 20261227 GTIA,8000,USD,8,-62.708,104.701625,07/08/2026,09:40:19 AM,PLAZO,PRIMERA PARTE,ROTC,07/12/2026,CONFIRMADA,3267227,0,27/12/2019,27/12/2026,0,MINISTERIO DE HACIENDA,HACIENDA,59332
DO1002261928,LE090427,BCENTRAL/ LT 20270409 GTIA,90000,DOP,9,2.3684,98.990578,07/08/2026,09:40:18 AM,PRESTAMO,SEGUNDA PARTE,ROTC,05/11/2026,CONFIRMADA,3267229,0,09/04/2026,09/04/2027,1.852533,BANCO CENTRAL DE LA REPUBLICA DOMINICANA,BCENTRAL,57505
DO1002261928,LE090427,BCENTRAL/ LT 20270409 GTIA,90000,DOP,9,4.3001,97.156744,07/08/2026,09:40:18 AM,PRESTAMO,PRIMERA PARTE,ROTC,07/08/2026,CONFIRMADA,3267229,0,09/04/2026,09/04/2027,1.852533,BANCO CENTRAL DE LA REPUBLICA DOMINICANA,BCENTRAL,57435
DO1002261928,LE090427,BCENTRAL/ LT 20270409 GTIA,90000,DOP,9,2.3684,98.990578,07/08/2026,09:40:17 AM,PLAZO,PRIMERA PARTE,ROTC,05/11/2026,CONFIRMADA,3267230,0,09/04/2026,09/04/2027,0,BANCO CENTRAL DE LA REPUBLICA DOMINICANA,BCENTRAL,55958
DO1005207118,MHUS2026,HACIENDA/6.65 BOEST 20261227 GTIA,6000,USD,6,-39.602,102.886667,07/08/2026,09:40:17 AM,PRESTAMO,SEGUNDA PARTE,ROTC,07/12/2026,CONFIRMADA,3267232,0,27/12/2019,27/12/2026,2.142054,MINISTERIO DE HACIENDA,HACIENDA,60935
DO1005207118,MHUS2026,HACIENDA/6.65 BOEST 20261227 GTIA,6000,USD,6,-2.4711,103.588833,07/08/2026,09:40:17 AM,PRESTAMO,PRIMERA PARTE,ROTC,07/08/2026,CONFIRMADA,3267232,0,27/12/2019,27/12/2026,2.142054,MINISTERIO DE HACIENDA,HACIENDA,60963
DO1005207118,MHUS2026,HACIENDA/6.65 BOEST 20261227 GTIA,6000,USD,6,-39.602,102.886667,07/08/2026,09:40:16 AM,PLAZO,PRIMERA PARTE,ROTC,07/12/2026,CONFIRMADA,3267233,0,27/12/2019,27/12/2026,0,MINISTERIO DE HACIENDA,HACIENDA,59388
DO1002261928,LE090427,BCENTRAL/ LT 20270409 GTIA,1630000,DOP,163,9.5345,94.164223,07/08/2026,09:40:15 AM,PRESTAMO,SEGUNDA PARTE,ROTC,18/08/2026,CONFIRMADA,3267235,0,09/04/2026,09/04/2027,0.144928,BANCO CENTRAL DE LA REPUBLICA DOMINICANA,BCENTRAL,58765
DO1002261928,LE090427,BCENTRAL/ LT 20270409 GTIA,1630000,DOP,163,9.3329,94.027752,07/08/2026,09:40:15 AM,PRESTAMO,PRIMERA PARTE,ROTC,07/08/2026,CONFIRMADA,3267235,0,09/04/2026,09/04/2027,0.144928,BANCO CENTRAL DE LA REPUBLICA DOMINICANA,BCENTRAL,58849
DO1002261928,LE090427,BCENTRAL/ LT 20270409 GTIA,1630000,DOP,163,9.5345,94.164223,07/08/2026,09:40:14 AM,PLAZO,PRIMERA PARTE,ROTC,18/08/2026,CONFIRMADA,3267236,0,09/04/2026,09/04/2027,0,BANCO CENTRAL DE LA REPUBLICA DOMINICANA,BCENTRAL,57218
DO1002261928,LE090427,BCENTRAL/ LT 20270409 GTIA,160000,DOP,16,9.92,95.903831,07/08/2026,09:40:13 AM,PRESTAMO,SEGUNDA PARTE,ROTC,05/11/2026,CONFIRMADA,3267238,0,09/04/2026,09/04/2027,2.248287,BANCO CENTRAL DE LA REPUBLICA DOMINICANA,BCENTRAL,57302
DO1002261928,LE090427,BCENTRAL/ LT 20270409 GTIA,160000,DOP,16,9.7999,93.747638,07/08/2026,09:40:13 AM,PRESTAMO,PRIMERA PARTE,ROTC,07/08/2026,CONFIRMADA,3267238,0,09/04/2026,09/04/2027,2.248287,BANCO CENTRAL DE LA REPUBLICA DOMINICANA,BCENTRAL,58317
DO1002261928,LE090427,BCENTRAL/ LT 20270409 GTIA,160000,DOP,16,9.92,95.903831,07/08/2026,09:40:12 AM,PLAZO,PRIMERA PARTE,ROTC,05/11/2026,CONFIRMADA,3267239,0,09/04/2026,09/04/2027,0,BANCO CENTRAL DE LA REPUBLICA DOMINICANA,BCENTRAL,55755
DO1005207118,MHUS2026,HACIENDA/6.65 BOEST 20261227 GTIA,16000,USD,16,-34.779,102.5445,07/08/2026,09:40:11 AM,PRESTAMO,SEGUNDA PARTE,ROTC,07/12/2026,CONFIRMADA,3267241,0,27/12/2019,27/12/2026,2.226477,MINISTERIO DE HACIENDA,HACIENDA,60816
DO1005207118,MHUS2026,HACIENDA/6.65 BOEST 20261227 GTIA,16000,USD,16,-1.4322,103.165,07/08/2026,09:40:11 AM,PRESTAMO,PRIMERA PARTE,ROTC,07/08/2026,CONFIRMADA,3267241,0,27/12/2019,27/12/2026,2.226477,MINISTERIO DE HACIENDA,HACIENDA,60417
DO1005207118,MHUS2026,HACIENDA/6.65 BOEST 20261227 GTIA,16000,USD,16,-34.779,102.5445,07/08/2026,09:40:10 AM,PLAZO,PRIMERA PARTE,ROTC,07/12/2026,CONFIRMADA,3267242,0,27/12/2019,27/12/2026,0,MINISTERIO DE HACIENDA,HACIENDA,59269
DO1002261928,LE090427,BCENTRAL/ LT 20270409 GTIA,140000,DOP,14,14.4862,97.451107,07/08/2026,09:40:09 AM,PRESTAMO,SEGUNDA PARTE,ROTC,03/02/2027,CONFIRMADA,3267244,0,09/04/2026,09/04/2027,4.716526,BANCO CENTRAL DE LA REPUBLICA DOMINICANA,BCENTRAL,58317
DO1002261928,LE090427,BCENTRAL/ LT 20270409 GTIA,140000,DOP,14,11.307,92.8548,07/08/2026,09:40:09 AM,PRESTAMO,PRIMERA PARTE,ROTC,07/08/2026,CONFIRMADA,3267244,0,09/04/2026,09/04/2027,4.716526,BANCO CENTRAL DE LA REPUBLICA DOMINICANA,BCENTRAL,57358
DO1002261928,LE090427,BCENTRAL/ LT 20270409 GTIA,140000,DOP,14,14.4862,97.451107,07/08/2026,09:40:08 AM,PLAZO,PRIMERA PARTE,ROTC,03/02/2027,CONFIRMADA,3267245,0,09/04/2026,09/04/2027,0,BANCO CENTRAL DE LA REPUBLICA DOMINICANA,BCENTRAL,56770
DO1005207118,MHUS2026,HACIENDA/6.65 BOEST 20261227 GTIA,27000,USD,27,-9.6411,103.807111,07/08/2026,09:40:07 AM,PRESTAMO,SEGUNDA PARTE,ROTC,06/10/2026,CONFIRMADA,3267247,0,27/12/2019,27/12/2026,1.40222,MINISTERIO DE HACIENDA,HACIENDA,61474
DO1005207118,MHUS2026,HACIENDA/6.65 BOEST 20261227 GTIA,27000,USD,27,-3.8701,104.165852,07/08/2026,09:40:07 AM,PRESTAMO,PRIMERA PARTE,ROTC,07/08/2026,CONFIRMADA,3267247,0,27/12/2019,27/12/2026,1.40222,MINISTERIO DE HACIENDA,HACIENDA,61649
DO1005207118,MHUS2026,HACIENDA/6.65 BOEST 20261227 GTIA,27000,USD,27,-9.6411,103.807111,07/08/2026,09:40:06 AM,PLAZO,PRIMERA PARTE,ROTC,06/10/2026,CONFIRMADA,3267248,0,27/12/2019,27/12/2026,0,MINISTERIO DE HACIENDA,HACIENDA,59927
DO1005207118,MHUS2026,HACIENDA/6.65 BOEST 20261227 GTIA,5000,USD,5,-23.885,110.3094,07/08/2026,09:40:05 AM,PRESTAMO,SEGUNDA PARTE,ROTC,07/09/2026,CONFIRMADA,3267250,0,27/12/2019,27/12/2026,1.020953,MINISTERIO DE HACIENDA,HACIENDA,60130
DO1005207118,MHUS2026,HACIENDA/6.65 BOEST 20261227 GTIA,5000,USD,5,-18.102,110.4816,07/08/2026,09:40:05 AM,PRESTAMO,PRIMERA PARTE,ROTC,07/08/2026,CONFIRMADA,3267250,0,27/12/2019,27/12/2026,1.020953,MINISTERIO DE HACIENDA,HACIENDA,60109
DO1005207118,MHUS2026,HACIENDA/6.65 BOEST 20261227 GTIA,5000,USD,5,-23.885,110.3094,07/08/2026,09:40:04 AM,PLAZO,PRIMERA PARTE,ROTC,07/09/2026,CONFIRMADA,3267251,0,27/12/2019,27/12/2026,0,MINISTERIO DE HACIENDA,HACIENDA,58583
DO1002261928,LE090427,BCENTRAL/ LT 20270409 GTIA,30000,DOP,3,0,93.176333,07/08/2026,09:40:04 AM,PRESTAMO,SEGUNDA PARTE,ROTC,05/11/2026,CONFIRMADA,3267253,0,09/04/2026,09/04/2027,2.296041,BANCO CENTRAL DE LA REPUBLICA DOMINICANA,BCENTRAL,55419
DO1002261928,LE090427,BCENTRAL/ LT 20270409 GTIA,30000,DOP,3,14.4668,91.036967,07/08/2026,09:40:04 AM,PRESTAMO,PRIMERA PARTE,ROTC,07/08/2026,CONFIRMADA,3267253,0,09/04/2026,09/04/2027,2.296041,BANCO CENTRAL DE LA REPUBLICA DOMINICANA,BCENTRAL,57785
DO1002261928,LE090427,BCENTRAL/ LT 20270409 GTIA,30000,DOP,3,0,93.176333,07/08/2026,09:40:03 AM,PLAZO,PRIMERA PARTE,ROTC,05/11/2026,CONFIRMADA,3267254,0,09/04/2026,09/04/2027,0,BANCO CENTRAL DE LA REPUBLICA DOMINICANA,BCENTRAL,53872
DO1002261928,LE090427,BCENTRAL/ LT 20270409 GTIA,2690000,DOP,269,6.2924,98.876644,07/08/2026,09:40:02 AM,PRESTAMO,SEGUNDA PARTE,ROTC,03/02/2027,CONFIRMADA,3267256,0,09/04/2026,09/04/2027,4.693829,BANCO CENTRAL DE LA REPUBLICA DOMINICANA,BCENTRAL,58884
DO1002261928,LE090427,BCENTRAL/ LT 20270409 GTIA,2690000,DOP,269,8.9884,94.235543,07/08/2026,09:40:02 AM,PRESTAMO,PRIMERA PARTE,ROTC,07/08/2026,CONFIRMADA,3267256,0,09/04/2026,09/04/2027,4.693829,BANCO CENTRAL DE LA REPUBLICA DOMINICANA,BCENTRAL,58989
DO1002261928,LE090427,BCENTRAL/ LT 20270409 GTIA,2690000,DOP,269,6.2924,98.876644,07/08/2026,09:40:01 AM,PLAZO,PRIMERA PARTE,ROTC,03/02/2027,CONFIRMADA,3267257,0,09/04/2026,09/04/2027,0,BANCO CENTRAL DE LA REPUBLICA DOMINICANA,BCENTRAL,57337
DO1002261928,LE090427,BCENTRAL/ LT 20270409 GTIA,250000,DOP,25,0,97.020588,07/08/2026,09:40:00 AM,PRESTAMO,SEGUNDA PARTE,ROTC,05/11/2026,CONFIRMADA,3267259,0,09/04/2026,09/04/2027,2.296045,BANCO CENTRAL DE LA REPUBLICA DOMINICANA,BCENTRAL,56147
DO1002261928,LE090427,BCENTRAL/ LT 20270409 GTIA,250000,DOP,25,8.0715,94.792952,07/08/2026,09:40:00 AM,PRESTAMO,PRIMERA PARTE,ROTC,07/08/2026,CONFIRMADA,3267259,0,09/04/2026,09/04/2027,2.296045,BANCO CENTRAL DE LA REPUBLICA DOMINICANA,BCENTRAL,58135
DO1002261928,LE090427,BCENTRAL/ LT 20270409 GTIA,250000,DOP,25,0,97.020588,07/08/2026,09:39:59 AM,PLAZO,PRIMERA PARTE,ROTC,05/11/2026,CONFIRMADA,3267260,0,09/04/2026,09/04/2027,0,BANCO CENTRAL DE LA REPUBLICA DOMINICANA,BCENTRAL,54761
DO1002261928,LE090427,BCENTRAL/ LT 20270409 GTIA,120000,DOP,12,5.2588,97.785933,07/08/2026,09:39:58 AM,PRESTAMO,SEGUNDA PARTE,ROTC,05/11/2026,CONFIRMADA,3267262,0,09/04/2026,09/04/2027,1.996811,BANCO CENTRAL DE LA REPUBLICA DOMINICANA,BCENTRAL,58184
DO1002261928,LE090427,BCENTRAL/ LT 20270409 GTIA,120000,DOP,12,6.3886,95.833333,07/08/2026,09:39:58 AM,PRESTAMO,PRIMERA PARTE,ROTC,07/08/2026,CONFIRMADA,3267262,0,09/04/2026,09/04/2027,1.996811,BANCO CENTRAL DE LA REPUBLICA DOMINICANA,BCENTRAL,58226
DO1002261928,LE090427,BCENTRAL/ LT 20270409 GTIA,120000,DOP,12,5.2588,97.785933,07/08/2026,09:39:57 AM,PLAZO,PRIMERA PARTE,ROTC,05/11/2026,CONFIRMADA,3267263,0,09/04/2026,09/04/2027,0,BANCO CENTRAL DE LA REPUBLICA DOMINICANA,BCENTRAL,56637
DO1002261928,LE090427,BCENTRAL/ LT 20270409 GTIA,10000,DOP,1,-32.011,119.6894,07/08/2026,09:39:56 AM,PRESTAMO,SEGUNDA PARTE,ROTC,06/10/2026,CONFIRMADA,3267265,0,09/04/2026,09/04/2027,1.193924,BANCO CENTRAL DE LA REPUBLICA DOMINICANA,BCENTRAL,57211
DO1002261928,LE090427,BCENTRAL/ LT 20270409 GTIA,10000,DOP,1,-22.688,118.2604,07/08/2026,09:39:56 AM,PRESTAMO,PRIMERA PARTE,ROTC,07/08/2026,CONFIRMADA,3267265,0,09/04/2026,09/04/2027,1.193924,BANCO CENTRAL DE LA REPUBLICA DOMINICANA,BCENTRAL,57351
DO1002261928,LE090427,BCENTRAL/ LT 20270409 GTIA,10000,DOP,1,-32.011,119.6894,07/08/2026,09:39:55 AM,PLAZO,PRIMERA PARTE,ROTC,06/10/2026,CONFIRMADA,3267266,0,09/04/2026,09/04/2027,0,BANCO CENTRAL DE LA REPUBLICA DOMINICANA,BCENTRAL,55664
DO1002261928,LE090427,BCENTRAL/ LT 20270409 GTIA,630000,DOP,63,9.9328,96.0258,07/08/2026,09:39:55 AM,PRESTAMO,SEGUNDA PARTE,ROTC,10/11/2026,CONFIRMADA,3267268,0,09/04/2026,09/04/2027,2.345869,BANCO CENTRAL DE LA REPUBLICA DOMINICANA,BCENTRAL,57421
DO1002261928,LE090427,BCENTRAL/ LT 20270409 GTIA,630000,DOP,63,9.8782,93.77316,07/08/2026,09:39:55 AM,PRESTAMO,PRIMERA PARTE,ROTC,10/08/2026,CONFIRMADA,3267268,0,09/04/2026,09/04/2027,2.345869,BANCO CENTRAL DE LA REPUBLICA DOMINICANA,BCENTRAL,57925
DO1002261928,LE090427,BCENTRAL/ LT 20270409 GTIA,630000,DOP,63,9.9328,96.0258,07/08/2026,09:39:54 AM,PLAZO,PRIMERA PARTE,ROTC,10/11/2026,CONFIRMADA,3267269,0,09/04/2026,09/04/2027,0,BANCO CENTRAL DE LA REPUBLICA DOMINICANA,BCENTRAL,55874
DO1002261928,LE090427,BCENTRAL/ LT 20270409 GTIA,110000,DOP,11,15.4275,91.599582,07/08/2026,09:39:53 AM,PRESTAMO,SEGUNDA PARTE,ROTC,07/09/2026,CONFIRMADA,3267271,0,09/04/2026,09/04/2027,0.756315,BANCO CENTRAL DE LA REPUBLICA DOMINICANA,BCENTRAL,58485
DO1002261928,LE090427,BCENTRAL/ LT 20270409 GTIA,110000,DOP,11,14.698,90.9068,07/08/2026,09:39:53 AM,PRESTAMO,PRIMERA PARTE,ROTC,07/08/2026,CONFIRMADA,3267271,0,09/04/2026,09/04/2027,0.756315,BANCO CENTRAL DE LA REPUBLICA DOMINICANA,BCENTRAL,57449
DO1002261928,LE090427,BCENTRAL/ LT 20270409 GTIA,110000,DOP,11,15.4275,91.599582,07/08/2026,09:39:52 AM,PLAZO,PRIMERA PARTE,ROTC,07/09/2026,CONFIRMADA,3267272,0,09/04/2026,09/04/2027,0,BANCO CENTRAL DE LA REPUBLICA DOMINICANA,BCENTRAL,56938
DO1002261928,LE090427,BCENTRAL/ LT 20270409 GTIA,1230000,DOP,123,10.4107,94.921748,07/08/2026,09:39:51 AM,PRESTAMO,SEGUNDA PARTE,ROTC,06/10/2026,CONFIRMADA,3267274,0,09/04/2026,09/04/2027,1.502093,BANCO CENTRAL DE LA REPUBLICA DOMINICANA,BCENTRAL,59031
DO1002261928,LE090427,BCENTRAL/ LT 20270409 GTIA,1230000,DOP,123,10.2218,93.495935,07/08/2026,09:39:51 AM,PRESTAMO,PRIMERA PARTE,ROTC,07/08/2026,CONFIRMADA,3267274,0,09/04/2026,09/04/2027,1.502093,BANCO CENTRAL DE LA REPUBLICA DOMINICANA,BCENTRAL,59178
DO1002261928,LE090427,BCENTRAL/ LT 20270409 GTIA,1230000,DOP,123,10.4107,94.921748,07/08/2026,09:39:50 AM,PLAZO,PRIMERA PARTE,ROTC,06/10/2026,CONFIRMADA,3267275,0,09/04/2026,09/04/2027,0,BANCO CENTRAL DE LA REPUBLICA DOMINICANA,BCENTRAL,57484
DO1002261928,LE090427,BCENTRAL/ LT 20270409 GTIA,100000,DOP,10,-0.854,100.35712,07/08/2026,09:39:49 AM,PRESTAMO,SEGUNDA PARTE,ROTC,10/11/2026,CONFIRMADA,3267277,0,09/04/2026,09/04/2027,2.345872,BANCO CENTRAL DE LA REPUBLICA DOMINICANA,BCENTRAL,57806
DO1002261928,LE090427,BCENTRAL/ LT 20270409 GTIA,100000,DOP,10,3.0315,98.00287,07/08/2026,09:39:49 AM,PRESTAMO,PRIMERA PARTE,ROTC,10/08/2026,CONFIRMADA,3267277,0,09/04/2026,09/04/2027,2.345872,BANCO CENTRAL DE LA REPUBLICA DOMINICANA,BCENTRAL,57666
DO1002261928,LE090427,BCENTRAL/ LT 20270409 GTIA,100000,DOP,10,-0.854,100.35712,07/08/2026,09:39:48 AM,PLAZO,PRIMERA PARTE,ROTC,10/11/2026,CONFIRMADA,3267278,0,09/04/2026,09/04/2027,0,BANCO CENTRAL DE LA REPUBLICA DOMINICANA,BCENTRAL,56259
DO1002261928,LE090427,BCENTRAL/ LT 20270409 GTIA,590000,DOP,59,9.8045,96.075117,07/08/2026,09:39:47 AM,PRESTAMO,SEGUNDA PARTE,ROTC,10/11/2026,CONFIRMADA,3267280,0,09/04/2026,09/04/2027,2.345869,BANCO CENTRAL DE LA REPUBLICA DOMINICANA,BCENTRAL,58177
DO1002261928,LE090427,BCENTRAL/ LT 20270409 GTIA,590000,DOP,59,9.7967,93.82132,07/08/2026,09:39:47 AM,PRESTAMO,PRIMERA PARTE,ROTC,10/08/2026,CONFIRMADA,3267280,0,09/04/2026,09/04/2027,2.345869,BANCO CENTRAL DE LA REPUBLICA DOMINICANA,BCENTRAL,57974
DO1002261928,LE090427,BCENTRAL/ LT 20270409 GTIA,590000,DOP,59,9.8045,96.075117,07/08/2026,09:39:46 AM,PLAZO,PRIMERA PARTE,ROTC,10/11/2026,CONFIRMADA,3267281,0,09/04/2026,09/04/2027,0,BANCO CENTRAL DE LA REPUBLICA DOMINICANA,BCENTRAL,56630
DO1005207118,MHUS2026,HACIENDA/6.65 BOEST 20261227 GTIA,1000,USD,1,-78.863,105.868,07/08/2026,09:39:45 AM,PRESTAMO,SEGUNDA PARTE,ROTC,08/12/2026,CONFIRMADA,3267283,0,27/12/2019,27/12/2026,2.150548,MINISTERIO DE HACIENDA,HACIENDA,59899
DO1005207118,MHUS2026,HACIENDA/6.65 BOEST 20261227 GTIA,1000,USD,1,-9.7136,106.515,07/08/2026,09:39:45 AM,PRESTAMO,PRIMERA PARTE,ROTC,10/08/2026,CONFIRMADA,3267283,0,27/12/2019,27/12/2026,2.150548,MINISTERIO DE HACIENDA,HACIENDA,59836
DO1005207118,MHUS2026,HACIENDA/6.65 BOEST 20261227 GTIA,1000,USD,1,-78.863,105.868,07/08/2026,09:39:44 AM,PLAZO,PRIMERA PARTE,ROTC,08/12/2026,CONFIRMADA,3267284,0,27/12/2019,27/12/2026,0,MINISTERIO DE HACIENDA,HACIENDA,58352
DO1002261928,LE090427,BCENTRAL/ LT 20270409 GTIA,90000,DOP,9,8.5751,95.192978,07/08/2026,09:39:44 AM,PRESTAMO,SEGUNDA PARTE,ROTC,09/09/2026,CONFIRMADA,3267286,0,09/04/2026,09/04/2027,0.748515,BANCO CENTRAL DE LA REPUBLICA DOMINICANA,BCENTRAL,57617
DO1002261928,LE090427,BCENTRAL/ LT 20270409 GTIA,90000,DOP,9,8.6906,94.480444,07/08/2026,09:39:44 AM,PRESTAMO,PRIMERA PARTE,ROTC,10/08/2026,CONFIRMADA,3267286,0,09/04/2026,09/04/2027,0.748515,BANCO CENTRAL DE LA REPUBLICA DOMINICANA,BCENTRAL,57547
DO1002261928,LE090427,BCENTRAL/ LT 20270409 GTIA,90000,DOP,9,8.5751,95.192978,07/08/2026,09:39:43 AM,PLAZO,PRIMERA PARTE,ROTC,09/09/2026,CONFIRMADA,3267287,0,09/04/2026,09/04/2027,0,BANCO CENTRAL DE LA REPUBLICA DOMINICANA,BCENTRAL,56070
DO1005207118,MHUS2026,HACIENDA/6.65 BOEST 20261227 GTIA,3000,USD,3,1.3605,101.137333,07/08/2026,09:39:42 AM,PRESTAMO,SEGUNDA PARTE,ROTC,09/10/2026,CONFIRMADA,3267289,0,27/12/2019,27/12/2026,1.4733290000000001,MINISTERIO DE HACIENDA,HACIENDA,60431
DO1005207118,MHUS2026,HACIENDA/6.65 BOEST 20261227 GTIA,3000,USD,3,2.6251,101.514,07/08/2026,09:39:42 AM,PRESTAMO,PRIMERA PARTE,ROTC,10/08/2026,CONFIRMADA,3267289,0,27/12/2019,27/12/2026,1.4733290000000001,MINISTERIO DE HACIENDA,HACIENDA,59416
DO1005207118,MHUS2026,HACIENDA/6.65 BOEST 20261227 GTIA,3000,USD,3,1.3605,101.137333,07/08/2026,09:39:41 AM,PLAZO,PRIMERA PARTE,ROTC,09/10/2026,CONFIRMADA,3267290,0,27/12/2019,27/12/2026,0,MINISTERIO DE HACIENDA,HACIENDA,58884
DO1002261928,LE090427,BCENTRAL/ LT 20270409 GTIA,2120000,DOP,212,8.6888,95.088668,07/08/2026,09:39:40 AM,PRESTAMO,SEGUNDA PARTE,ROTC,07/09/2026,CONFIRMADA,3267292,0,09/04/2026,09/04/2027,0.790234,BANCO CENTRAL DE LA REPUBLICA DOMINICANA,BCENTRAL,58947
DO1002261928,LE090427,BCENTRAL/ LT 20270409 GTIA,2120000,DOP,212,8.8203,94.337245,07/08/2026,09:39:40 AM,PRESTAMO,PRIMERA PARTE,ROTC,07/08/2026,CONFIRMADA,3267292,0,09/04/2026,09/04/2027,0.790234,BANCO CENTRAL DE LA REPUBLICA DOMINICANA,BCENTRAL,58793
DO1002261928,LE090427,BCENTRAL/ LT 20270409 GTIA,2120000,DOP,212,8.6888,95.088668,07/08/2026,09:39:39 AM,PLAZO,PRIMERA PARTE,ROTC,07/09/2026,CONFIRMADA,3267293,0,09/04/2026,09/04/2027,0,BANCO CENTRAL DE LA REPUBLICA DOMINICANA,BCENTRAL,57463
DO1005208322,MHUS2040,HACIENDA/6.75 BOEST 20400724 GTIA,4000,USD,4,5.4084,112.9175,07/08/2026,09:39:38 AM,PRESTAMO,SEGUNDA PARTE,ROTC,06/10/2026,CONFIRMADA,3267295,0,24/07/2020,24/07/2040,0.891986,MINISTERIO DE HACIENDA,HACIENDA,59801
DO1005208322,MHUS2040,HACIENDA/6.75 BOEST 20400724 GTIA,4000,USD,4,5.3876,113.24825,07/08/2026,09:39:38 AM,PRESTAMO,PRIMERA PARTE,ROTC,07/08/2026,CONFIRMADA,3267295,0,24/07/2020,24/07/2040,0.891986,MINISTERIO DE HACIENDA,HACIENDA,60312
DO1005208322,MHUS2040,HACIENDA/6.75 BOEST 20400724 GTIA,4000,USD,4,5.4084,112.9175,07/08/2026,09:39:37 AM,PLAZO,PRIMERA PARTE,ROTC,06/10/2026,CONFIRMADA,3267296,0,24/07/2020,24/07/2040,0,MINISTERIO DE HACIENDA,HACIENDA,58254
DO1002261928,LE090427,BCENTRAL/ LT 20270409 GTIA,1120000,DOP,112,8.5009,95.189779,07/08/2026,09:39:36 AM,PRESTAMO,SEGUNDA PARTE,ROTC,07/09/2026,CONFIRMADA,3267298,0,09/04/2026,09/04/2027,0.756319,BANCO CENTRAL DE LA REPUBLICA DOMINICANA,BCENTRAL,58891
DO1002261928,LE090427,BCENTRAL/ LT 20270409 GTIA,1120000,DOP,112,8.6016,94.469841,07/08/2026,09:39:36 AM,PRESTAMO,PRIMERA PARTE,ROTC,07/08/2026,CONFIRMADA,3267298,0,09/04/2026,09/04/2027,0.756319,BANCO CENTRAL DE LA REPUBLICA DOMINICANA,BCENTRAL,58870
DO1002261928,LE090427,BCENTRAL/ LT 20270409 GTIA,1120000,DOP,112,8.5009,95.189779,07/08/2026,09:39:35 AM,PLAZO,PRIMERA PARTE,ROTC,07/09/2026,CONFIRMADA,3267299,0,09/04/2026,09/04/2027,0,BANCO CENTRAL DE LA REPUBLICA DOMINICANA,BCENTRAL,57344
DO1002261928,LE090427,BCENTRAL/ LT 20270409 GTIA,1120000,DOP,112,8.6016,94.469841,07/08/2026,09:38:34 AM,CONTADO,PRIMERA PARTE,ROTC,07/08/2026,CONFIRMADA,3267297,0,09/04/2026,09/04/2027,0,BANCO CENTRAL DE LA REPUBLICA DOMINICANA,BCENTRAL,58156
DO1005208322,MHUS2040,HACIENDA/6.75 BOEST 20400724 GTIA,4000,USD,4,5.3876,113.24825,07/08/2026,09:38:11 AM,CONTADO,PRIMERA PARTE,ROTC,07/08/2026,CONFIRMADA,3267294,0,24/07/2020,24/07/2040,0,MINISTERIO DE HACIENDA,HACIENDA,59549
DO1002261928,LE090427,BCENTRAL/ LT 20270409 GTIA,2120000,DOP,212,8.8203,94.337245,07/08/2026,09:37:45 AM,CONTADO,PRIMERA PARTE,ROTC,07/08/2026,CONFIRMADA,3267291,0,09/04/2026,09/04/2027,0,BANCO CENTRAL DE LA REPUBLICA DOMINICANA,BCENTRAL,58121
DO1005207118,MHUS2026,HACIENDA/6.65 BOEST 20261227 GTIA,3000,USD,3,2.6251,101.514,07/08/2026,09:37:17 AM,CONTADO,PRIMERA PARTE,ROTC,10/08/2026,CONFIRMADA,3267288,0,27/12/2019,27/12/2026,0,MINISTERIO DE HACIENDA,HACIENDA,58723
DO1002261928,LE090427,BCENTRAL/ LT 20270409 GTIA,90000,DOP,9,8.6906,94.480444,07/08/2026,09:36:58 AM,CONTADO,PRIMERA PARTE,ROTC,10/08/2026,CONFIRMADA,3267285,0,09/04/2026,09/04/2027,0,BANCO CENTRAL DE LA REPUBLICA DOMINICANA,BCENTRAL,56868
DO1005207118,MHUS2026,HACIENDA/6.65 BOEST 20261227 GTIA,1000,USD,1,-9.7136,106.515,07/08/2026,09:36:31 AM,CONTADO,PRIMERA PARTE,ROTC,10/08/2026,CONFIRMADA,3267282,0,27/12/2019,27/12/2026,0,MINISTERIO DE HACIENDA,HACIENDA,59087
DO1002261928,LE090427,BCENTRAL/ LT 20270409 GTIA,590000,DOP,59,9.7967,93.82132,07/08/2026,09:36:12 AM,CONTADO,PRIMERA PARTE,ROTC,10/08/2026,CONFIRMADA,3267279,0,09/04/2026,09/04/2027,0,BANCO CENTRAL DE LA REPUBLICA DOMINICANA,BCENTRAL,57204
DO1002261928,LE090427,BCENTRAL/ LT 20270409 GTIA,100000,DOP,10,3.0315,98.00287,07/08/2026,09:35:50 AM,CONTADO,PRIMERA PARTE,ROTC,10/08/2026,CONFIRMADA,3267276,0,09/04/2026,09/04/2027,0,BANCO CENTRAL DE LA REPUBLICA DOMINICANA,BCENTRAL,56889
DO1002261928,LE090427,BCENTRAL/ LT 20270409 GTIA,1230000,DOP,123,10.2218,93.495935,07/08/2026,09:35:29 AM,CONTADO,PRIMERA PARTE,ROTC,07/08/2026,CONFIRMADA,3267273,0,09/04/2026,09/04/2027,0,BANCO CENTRAL DE LA REPUBLICA DOMINICANA,BCENTRAL,58492
DO1002261928,LE090427,BCENTRAL/ LT 20270409 GTIA,110000,DOP,11,14.698,90.9068,07/08/2026,09:33:17 AM,CONTADO,PRIMERA PARTE,ROTC,07/08/2026,CONFIRMADA,3267270,0,09/04/2026,09/04/2027,0,BANCO CENTRAL DE LA REPUBLICA DOMINICANA,BCENTRAL,56714
DO1002261928,LE090427,BCENTRAL/ LT 20270409 GTIA,630000,DOP,63,9.8782,93.77316,07/08/2026,09:32:51 AM,CONTADO,PRIMERA PARTE,ROTC,10/08/2026,CONFIRMADA,3267267,0,09/04/2026,09/04/2027,0,BANCO CENTRAL DE LA REPUBLICA DOMINICANA,BCENTRAL,57155
DO1002261928,LE090427,BCENTRAL/ LT 20270409 GTIA,10000,DOP,1,-22.688,118.2604,07/08/2026,09:32:15 AM,CONTADO,PRIMERA PARTE,ROTC,07/08/2026,CONFIRMADA,3267264,0,09/04/2026,09/04/2027,0,BANCO CENTRAL DE LA REPUBLICA DOMINICANA,BCENTRAL,56574
DO1002261928,LE090427,BCENTRAL/ LT 20270409 GTIA,120000,DOP,12,6.3886,95.833333,07/08/2026,09:31:50 AM,CONTADO,PRIMERA PARTE,ROTC,07/08/2026,CONFIRMADA,3267261,0,09/04/2026,09/04/2027,0,BANCO CENTRAL DE LA REPUBLICA DOMINICANA,BCENTRAL,57421
DO1002261928,LE090427,BCENTRAL/ LT 20270409 GTIA,250000,DOP,25,8.0715,94.792952,07/08/2026,09:31:27 AM,CONTADO,PRIMERA PARTE,ROTC,07/08/2026,CONFIRMADA,3267258,0,09/04/2026,09/04/2027,0,BANCO CENTRAL DE LA REPUBLICA DOMINICANA,BCENTRAL,57505
DO1002261928,LE090427,BCENTRAL/ LT 20270409 GTIA,2690000,DOP,269,8.9884,94.235543,07/08/2026,09:30:59 AM,CONTADO,PRIMERA PARTE,ROTC,07/08/2026,CONFIRMADA,3267255,0,09/04/2026,09/04/2027,0,BANCO CENTRAL DE LA REPUBLICA DOMINICANA,BCENTRAL,58373
DO1002261928,LE090427,BCENTRAL/ LT 20270409 GTIA,30000,DOP,3,14.4668,91.036967,07/08/2026,09:30:32 AM,CONTADO,PRIMERA PARTE,ROTC,07/08/2026,CONFIRMADA,3267252,0,09/04/2026,09/04/2027,0,BANCO CENTRAL DE LA REPUBLICA DOMINICANA,BCENTRAL,57092
DO1005207118,MHUS2026,HACIENDA/6.65 BOEST 20261227 GTIA,5000,USD,5,-18.102,110.4816,07/08/2026,09:30:13 AM,CONTADO,PRIMERA PARTE,ROTC,07/08/2026,CONFIRMADA,3267249,0,27/12/2019,27/12/2026,0,MINISTERIO DE HACIENDA,HACIENDA,59402
DO1005207118,MHUS2026,HACIENDA/6.65 BOEST 20261227 GTIA,27000,USD,27,-3.8701,104.165852,07/08/2026,09:29:51 AM,CONTADO,PRIMERA PARTE,ROTC,07/08/2026,CONFIRMADA,3267246,0,27/12/2019,27/12/2026,0,MINISTERIO DE HACIENDA,HACIENDA,60998
DO1005207118,MHUS2026,HACIENDA/6.65 BOEST 20261227 GTIA,29000,USD,29,-0.2779,102.698655,07/08/2026,09:29:30 AM,CONTADO,PRIMERA PARTE,ROTC,07/08/2026,CONFIRMADA,3267182,0,27/12/2019,27/12/2026,0,MINISTERIO DE HACIENDA,HACIENDA,61117
DO1002261928,LE090427,BCENTRAL/ LT 20270409 GTIA,660000,DOP,66,8.18,94.787858,07/08/2026,09:29:04 AM,CONTADO,PRIMERA PARTE,ROTC,10/08/2026,CONFIRMADA,3267185,0,09/04/2026,09/04/2027,0,BANCO CENTRAL DE LA REPUBLICA DOMINICANA,BCENTRAL,56910
DO1002261928,LE090427,BCENTRAL/ LT 20270409 GTIA,20000,DOP,2,0.1199,99.91945,07/08/2026,09:28:37 AM,CONTADO,PRIMERA PARTE,ROTC,10/08/2026,CONFIRMADA,3267188,0,09/04/2026,09/04/2027,0,BANCO CENTRAL DE LA REPUBLICA DOMINICANA,BCENTRAL,56420
DO1002261928,LE090427,BCENTRAL/ LT 20270409 GTIA,330000,DOP,33,9.8275,93.731124,07/08/2026,09:28:13 AM,CONTADO,PRIMERA PARTE,ROTC,07/08/2026,CONFIRMADA,3267191,0,09/04/2026,09/04/2027,0,BANCO CENTRAL DE LA REPUBLICA DOMINICANA,BCENTRAL,57449
DO1002261928,LE090427,BCENTRAL/ LT 20270409 GTIA,30000,DOP,3,-12.036,108.7636,07/08/2026,09:27:46 AM,CONTADO,PRIMERA PARTE,ROTC,11/08/2026,CONFIRMADA,3267194,0,09/04/2026,09/04/2027,0,BANCO CENTRAL DE LA REPUBLICA DOMINICANA,BCENTRAL,56588
DO1002261928,LE090427,BCENTRAL/ LT 20270409 GTIA,1880000,DOP,188,10.5326,93.311411,07/08/2026,09:27:22 AM,CONTADO,PRIMERA PARTE,ROTC,07/08/2026,CONFIRMADA,3267216,0,09/04/2026,09/04/2027,0,BANCO CENTRAL DE LA REPUBLICA DOMINICANA,BCENTRAL,58457
DO1005207118,MHUS2026,HACIENDA/6.65 BOEST 20261227 GTIA,2000,USD,2,71.7024,80.722,07/08/2026,09:27:01 AM,CONTADO,PRIMERA PARTE,ROTC,07/08/2026,CONFIRMADA,3267219,0,27/12/2019,27/12/2026,0,MINISTERIO DE HACIENDA,HACIENDA,58779
DO1002261928,LE090427,BCENTRAL/ LT 20270409 GTIA,2560000,DOP,256,10.383,93.400124,07/08/2026,09:26:39 AM,CONTADO,PRIMERA PARTE,ROTC,07/08/2026,CONFIRMADA,3267222,0,09/04/2026,09/04/2027,0,BANCO CENTRAL DE LA REPUBLICA DOMINICANA,BCENTRAL,58100
DO1005207118,MHUS2026,HACIENDA/6.65 BOEST 20261227 GTIA,8000,USD,8,-6.752,105.377875,07/08/2026,09:26:11 AM,CONTADO,PRIMERA PARTE,ROTC,07/08/2026,CONFIRMADA,3267225,0,27/12/2019,27/12/2026,0,MINISTERIO DE HACIENDA,HACIENDA,60011
DO1002261928,LE090427,BCENTRAL/ LT 20270409 GTIA,90000,DOP,9,4.3001,97.156744,07/08/2026,09:25:47 AM,CONTADO,PRIMERA PARTE,ROTC,07/08/2026,CONFIRMADA,3267228,0,09/04/2026,09/04/2027,0,BANCO CENTRAL DE LA REPUBLICA DOMINICANA,BCENTRAL,56777
DO1005207118,MHUS2026,HACIENDA/6.65 BOEST 20261227 GTIA,6000,USD,6,-2.4711,103.588833,07/08/2026,09:25:24 AM,CONTADO,PRIMERA PARTE,ROTC,07/08/2026,CONFIRMADA,3267231,0,27/12/2019,27/12/2026,0,MINISTERIO DE HACIENDA,HACIENDA,60277
DO1002261928,LE090427,BCENTRAL/ LT 20270409 GTIA,1630000,DOP,163,9.3329,94.027752,07/08/2026,09:24:57 AM,CONTADO,PRIMERA PARTE,ROTC,07/08/2026,CONFIRMADA,3267234,0,09/04/2026,09/04/2027,0,BANCO CENTRAL DE LA REPUBLICA DOMINICANA,BCENTRAL,58212
DO1002261928,LE090427,BCENTRAL/ LT 20270409 GTIA,160000,DOP,16,9.7999,93.747638,07/08/2026,09:24:32 AM,CONTADO,PRIMERA PARTE,ROTC,07/08/2026,CONFIRMADA,3267237,0,09/04/2026,09/04/2027,0,BANCO CENTRAL DE LA REPUBLICA DOMINICANA,BCENTRAL,57645
DO1005207118,MHUS2026,HACIENDA/6.65 BOEST 20261227 GTIA,16000,USD,16,-1.4322,103.165,07/08/2026,09:24:05 AM,CONTADO,PRIMERA PARTE,ROTC,07/08/2026,CONFIRMADA,3267240,0,27/12/2019,27/12/2026,0,MINISTERIO DE HACIENDA,HACIENDA,59759
DO1002261928,LE090427,BCENTRAL/ LT 20270409 GTIA,140000,DOP,14,11.307,92.8548,07/08/2026,09:23:42 AM,CONTADO,PRIMERA PARTE,ROTC,07/08/2026,CONFIRMADA,3267243,0,09/04/2026,09/04/2027,0,BANCO CENTRAL DE LA REPUBLICA DOMINICANA,BCENTRAL,56651
DO1002261928,LE090427,BCENTRAL/ LT 20270409 GTIA,640000,DOP,64,9.8791,98.247525,07/08/2026,09:23:15 AM,PLAZO,PRIMERA PARTE,ROTC,03/02/2027,CONFIRMADA,3267181,0,09/04/2026,09/04/2027,0,BANCO CENTRAL DE LA REPUBLICA DOMINICANA,BCENTRAL,56616
DO1005207118,MHUS2026,HACIENDA/6.65 BOEST 20261227 GTIA,37000,USD,37,-3.0018,102.196568,07/08/2026,09:23:14 AM,PRESTAMO,SEGUNDA PARTE,ROTC,06/10/2026,CONFIRMADA,3267099,0,27/12/2019,27/12/2026,1.413119,MINISTERIO DE HACIENDA,HACIENDA,61530
DO1005207118,MHUS2026,HACIENDA/6.65 BOEST 20261227 GTIA,37000,USD,37,0.0514,102.566541,07/08/2026,09:23:14 AM,PRESTAMO,PRIMERA PARTE,ROTC,07/08/2026,CONFIRMADA,3267099,0,27/12/2019,27/12/2026,1.413119,MINISTERIO DE HACIENDA,HACIENDA,61264
DO1005207118,MHUS2026,HACIENDA/6.65 BOEST 20261227 GTIA,37000,USD,37,-3.0018,102.196568,07/08/2026,09:23:13 AM,PLAZO,PRIMERA PARTE,ROTC,06/10/2026,CONFIRMADA,3267100,0,27/12/2019,27/12/2026,0,MINISTERIO DE HACIENDA,HACIENDA,59983
DO1005207118,MHUS2026,HACIENDA/6.65 BOEST 20261227 GTIA,29000,USD,29,-3.2686,103.06031,07/08/2026,09:23:12 AM,PRESTAMO,SEGUNDA PARTE,ROTC,07/09/2026,CONFIRMADA,3267102,0,27/12/2019,27/12/2026,1.067533,MINISTERIO DE HACIENDA,HACIENDA,61180
DO1005207118,MHUS2026,HACIENDA/6.65 BOEST 20261227 GTIA,29000,USD,29,-1.6608,103.257897,07/08/2026,09:23:12 AM,PRESTAMO,PRIMERA PARTE,ROTC,07/08/2026,CONFIRMADA,3267102,0,27/12/2019,27/12/2026,1.067533,MINISTERIO DE HACIENDA,HACIENDA,61740
DO1005207118,MHUS2026,HACIENDA/6.65 BOEST 20261227 GTIA,29000,USD,29,-3.2686,103.06031,07/08/2026,09:23:11 AM,PLAZO,PRIMERA PARTE,ROTC,07/09/2026,CONFIRMADA,3267103,0,27/12/2019,27/12/2026,0,MINISTERIO DE HACIENDA,HACIENDA,59633
DO1002261928,LE090427,BCENTRAL/ LT 20270409 GTIA,20000,DOP,2,-0.6395,100.378,07/08/2026,09:23:11 AM,PRESTAMO,SEGUNDA PARTE,ROTC,09/09/2026,CONFIRMADA,3267105,0,09/04/2026,09/04/2027,0.748521,BANCO CENTRAL DE LA REPUBLICA DOMINICANA,BCENTRAL,56833
DO1002261928,LE090427,BCENTRAL/ LT 20270409 GTIA,20000,DOP,2,0.5575,99.62665,07/08/2026,09:23:11 AM,PRESTAMO,PRIMERA PARTE,ROTC,10/08/2026,CONFIRMADA,3267105,0,09/04/2026,09/04/2027,0.748521,BANCO CENTRAL DE LA REPUBLICA DOMINICANA,BCENTRAL,57015
DO1002261928,LE090427,BCENTRAL/ LT 20270409 GTIA,20000,DOP,2,-0.6395,100.378,07/08/2026,09:23:10 AM,PLAZO,PRIMERA PARTE,ROTC,09/09/2026,CONFIRMADA,3267106,0,09/04/2026,09/04/2027,0,BANCO CENTRAL DE LA REPUBLICA DOMINICANA,BCENTRAL,55286
DO1002261928,LE090427,BCENTRAL/ LT 20270409 GTIA,110000,DOP,11,8.7684,96.475273,07/08/2026,09:23:09 AM,PRESTAMO,SEGUNDA PARTE,ROTC,10/11/2026,CONFIRMADA,3267108,0,09/04/2026,09/04/2027,2.345867,BANCO CENTRAL DE LA REPUBLICA DOMINICANA,BCENTRAL,58044
DO1002261928,LE090427,BCENTRAL/ LT 20270409 GTIA,110000,DOP,11,9.1391,94.212091,07/08/2026,09:23:09 AM,PRESTAMO,PRIMERA PARTE,ROTC,10/08/2026,CONFIRMADA,3267108,0,09/04/2026,09/04/2027,2.345867,BANCO CENTRAL DE LA REPUBLICA DOMINICANA,BCENTRAL,57974
DO1002261928,LE090427,BCENTRAL/ LT 20270409 GTIA,110000,DOP,11,8.7684,96.475273,07/08/2026,09:23:08 AM,PLAZO,PRIMERA PARTE,ROTC,10/11/2026,CONFIRMADA,3267109,0,09/04/2026,09/04/2027,0,BANCO CENTRAL DE LA REPUBLICA DOMINICANA,BCENTRAL,56497
DO1002261928,LE090427,BCENTRAL/ LT 20270409 GTIA,190000,DOP,19,12.1733,95.172653,07/08/2026,09:23:07 AM,PRESTAMO,SEGUNDA PARTE,ROTC,10/11/2026,CONFIRMADA,3267111,0,09/04/2026,09/04/2027,2.260496,BANCO CENTRAL DE LA REPUBLICA DOMINICANA,BCENTRAL,58331
DO1002261928,LE090427,BCENTRAL/ LT 20270409 GTIA,190000,DOP,19,11.1604,93.021279,07/08/2026,09:23:07 AM,PRESTAMO,PRIMERA PARTE,ROTC,10/08/2026,CONFIRMADA,3267111,0,09/04/2026,09/04/2027,2.260496,BANCO CENTRAL DE LA REPUBLICA DOMINICANA,BCENTRAL,58373
DO1002261928,LE090427,BCENTRAL/ LT 20270409 GTIA,190000,DOP,19,12.1733,95.172653,07/08/2026,09:23:06 AM,PLAZO,PRIMERA PARTE,ROTC,10/11/2026,CONFIRMADA,3267112,0,09/04/2026,09/04/2027,0,BANCO CENTRAL DE LA REPUBLICA DOMINICANA,BCENTRAL,56784
DO1005207118,MHUS2026,HACIENDA/6.65 BOEST 20261227 GTIA,1000,USD,1,-42.275,117.686,07/08/2026,09:23:05 AM,PRESTAMO,SEGUNDA PARTE,ROTC,09/09/2026,CONFIRMADA,3267114,0,27/12/2019,27/12/2026,1.013996,MINISTERIO DE HACIENDA,HACIENDA,59794
DO1005207118,MHUS2026,HACIENDA/6.65 BOEST 20261227 GTIA,1000,USD,1,-33.233,117.827,07/08/2026,09:23:05 AM,PRESTAMO,PRIMERA PARTE,ROTC,10/08/2026,CONFIRMADA,3267114,0,27/12/2019,27/12/2026,1.013996,MINISTERIO DE HACIENDA,HACIENDA,59731
DO1005207118,MHUS2026,HACIENDA/6.65 BOEST 20261227 GTIA,1000,USD,1,-42.275,117.686,07/08/2026,09:23:04 AM,PLAZO,PRIMERA PARTE,ROTC,09/09/2026,CONFIRMADA,3267115,0,27/12/2019,27/12/2026,0,MINISTERIO DE HACIENDA,HACIENDA,58247
DO1002261928,LE090427,BCENTRAL/ LT 20270409 GTIA,1870000,DOP,187,8.7669,96.475839,07/08/2026,09:23:03 AM,PRESTAMO,SEGUNDA PARTE,ROTC,10/11/2026,CONFIRMADA,3267117,0,09/04/2026,09/04/2027,2.345869,BANCO CENTRAL DE LA REPUBLICA DOMINICANA,BCENTRAL,58947
DO1002261928,LE090427,BCENTRAL/ LT 20270409 GTIA,1870000,DOP,187,9.1381,94.212642,07/08/2026,09:23:03 AM,PRESTAMO,PRIMERA PARTE,ROTC,10/08/2026,CONFIRMADA,3267117,0,09/04/2026,09/04/2027,2.345869,BANCO CENTRAL DE LA REPUBLICA DOMINICANA,BCENTRAL,58807
DO1002261928,LE090427,BCENTRAL/ LT 20270409 GTIA,1870000,DOP,187,8.7669,96.475839,07/08/2026,09:23:02 AM,PLAZO,PRIMERA PARTE,ROTC,10/11/2026,CONFIRMADA,3267118,0,09/04/2026,09/04/2027,0,BANCO CENTRAL DE LA REPUBLICA DOMINICANA,BCENTRAL,57400
DO1002261928,LE090427,BCENTRAL/ LT 20270409 GTIA,30000,DOP,3,47.0677,86.243533,07/08/2026,09:23:01 AM,PRESTAMO,SEGUNDA PARTE,ROTC,08/12/2026,CONFIRMADA,3267120,0,09/04/2026,09/04/2027,3.069448,BANCO CENTRAL DE LA REPUBLICA DOMINICANA,BCENTRAL,57645
DO1002261928,LE090427,BCENTRAL/ LT 20270409 GTIA,30000,DOP,3,29.1905,83.596333,07/08/2026,09:23:01 AM,PRESTAMO,PRIMERA PARTE,ROTC,10/08/2026,CONFIRMADA,3267120,0,09/04/2026,09/04/2027,3.069448,BANCO CENTRAL DE LA REPUBLICA DOMINICANA,BCENTRAL,57701
DO1002261928,LE090427,BCENTRAL/ LT 20270409 GTIA,30000,DOP,3,47.0677,86.243533,07/08/2026,09:23:00 AM,PLAZO,PRIMERA PARTE,ROTC,08/12/2026,CONFIRMADA,3267121,0,09/04/2026,09/04/2027,0,BANCO CENTRAL DE LA REPUBLICA DOMINICANA,BCENTRAL,56098
DO1002261928,LE090427,BCENTRAL/ LT 20270409 GTIA,550000,DOP,55,10.6254,94.902122,07/08/2026,09:22:59 AM,PRESTAMO,SEGUNDA PARTE,ROTC,09/10/2026,CONFIRMADA,3267123,0,09/04/2026,09/04/2027,1.502093,BANCO CENTRAL DE LA REPUBLICA DOMINICANA,BCENTRAL,58366
DO1002261928,LE090427,BCENTRAL/ LT 20270409 GTIA,550000,DOP,55,10.3814,93.476604,07/08/2026,09:22:59 AM,PRESTAMO,PRIMERA PARTE,ROTC,10/08/2026,CONFIRMADA,3267123,0,09/04/2026,09/04/2027,1.502093,BANCO CENTRAL DE LA REPUBLICA DOMINICANA,BCENTRAL,58485
DO1002261928,LE090427,BCENTRAL/ LT 20270409 GTIA,550000,DOP,55,10.6254,94.902122,07/08/2026,09:22:58 AM,PLAZO,PRIMERA PARTE,ROTC,09/10/2026,CONFIRMADA,3267124,0,09/04/2026,09/04/2027,0,BANCO CENTRAL DE LA REPUBLICA DOMINICANA,BCENTRAL,56819
DO1002261928,LE090427,BCENTRAL/ LT 20270409 GTIA,660000,DOP,66,10.3766,95.015541,07/08/2026,09:22:57 AM,PRESTAMO,SEGUNDA PARTE,ROTC,09/10/2026,CONFIRMADA,3267126,0,09/04/2026,09/04/2027,1.502092,BANCO CENTRAL DE LA REPUBLICA DOMINICANA,BCENTRAL,58422
DO1002261928,LE090427,BCENTRAL/ LT 20270409 GTIA,660000,DOP,66,10.1915,93.58832,07/08/2026,09:22:57 AM,PRESTAMO,PRIMERA PARTE,ROTC,10/08/2026,CONFIRMADA,3267126,0,09/04/2026,09/04/2027,1.502092,BANCO CENTRAL DE LA REPUBLICA DOMINICANA,BCENTRAL,58156
DO1002261928,LE090427,BCENTRAL/ LT 20270409 GTIA,660000,DOP,66,10.3766,95.015541,07/08/2026,09:22:56 AM,PLAZO,PRIMERA PARTE,ROTC,09/10/2026,CONFIRMADA,3267127,0,09/04/2026,09/04/2027,0,BANCO CENTRAL DE LA REPUBLICA DOMINICANA,BCENTRAL,56875
DO1005207118,MHUS2026,HACIENDA/6.65 BOEST 20261227 GTIA,3000,USD,3,-14.159,104.767333,07/08/2026,09:22:55 AM,PRESTAMO,SEGUNDA PARTE,ROTC,09/10/2026,CONFIRMADA,3267129,0,27/12/2019,27/12/2026,1.446938,MINISTERIO DE HACIENDA,HACIENDA,60837
DO1005207118,MHUS2026,HACIENDA/6.65 BOEST 20261227 GTIA,3000,USD,3,-6.4041,105.118667,07/08/2026,09:22:55 AM,PRESTAMO,PRIMERA PARTE,ROTC,10/08/2026,CONFIRMADA,3267129,0,27/12/2019,27/12/2026,1.446938,MINISTERIO DE HACIENDA,HACIENDA,60865
DO1005207118,MHUS2026,HACIENDA/6.65 BOEST 20261227 GTIA,3000,USD,3,-14.159,104.767333,07/08/2026,09:22:54 AM,PLAZO,PRIMERA PARTE,ROTC,09/10/2026,CONFIRMADA,3267130,0,27/12/2019,27/12/2026,0,MINISTERIO DE HACIENDA,HACIENDA,59290
DO1002261928,LE090427,BCENTRAL/ LT 20270409 GTIA,3230000,DOP,323,5.6187,98.995702,07/08/2026,09:22:54 AM,PRESTAMO,SEGUNDA PARTE,ROTC,03/02/2027,CONFIRMADA,3267132,0,09/04/2026,09/04/2027,4.625656,BANCO CENTRAL DE LA REPUBLICA DOMINICANA,BCENTRAL,58814
DO1002261928,LE090427,BCENTRAL/ LT 20270409 GTIA,3230000,DOP,323,8.6895,94.416502,07/08/2026,09:22:54 AM,PRESTAMO,PRIMERA PARTE,ROTC,07/08/2026,CONFIRMADA,3267132,0,09/04/2026,09/04/2027,4.625656,BANCO CENTRAL DE LA REPUBLICA DOMINICANA,BCENTRAL,58877
DO1002261928,LE090427,BCENTRAL/ LT 20270409 GTIA,3230000,DOP,323,5.6187,98.995702,07/08/2026,09:22:53 AM,PLAZO,PRIMERA PARTE,ROTC,03/02/2027,CONFIRMADA,3267133,0,09/04/2026,09/04/2027,0,BANCO CENTRAL DE LA REPUBLICA DOMINICANA,BCENTRAL,57267
DO1005207118,MHUS2026,HACIENDA/6.65 BOEST 20261227 GTIA,7000,USD,7,-100,108.708286,07/08/2026,09:22:52 AM,PRESTAMO,SEGUNDA PARTE,ROTC,08/12/2026,CONFIRMADA,3267135,0,27/12/2019,27/12/2026,2.130906,MINISTERIO DE HACIENDA,HACIENDA,59794
DO1005207118,MHUS2026,HACIENDA/6.65 BOEST 20261227 GTIA,7000,USD,7,-16.06,109.316143,07/08/2026,09:22:52 AM,PRESTAMO,PRIMERA PARTE,ROTC,10/08/2026,CONFIRMADA,3267135,0,27/12/2019,27/12/2026,2.130906,MINISTERIO DE HACIENDA,HACIENDA,60501
DO1005207118,MHUS2026,HACIENDA/6.65 BOEST 20261227 GTIA,7000,USD,7,-100,108.708286,07/08/2026,09:22:51 AM,PLAZO,PRIMERA PARTE,ROTC,08/12/2026,CONFIRMADA,3267136,0,27/12/2019,27/12/2026,0,MINISTERIO DE HACIENDA,HACIENDA,58247
DO1002261928,LE090427,BCENTRAL/ LT 20270409 GTIA,60000,DOP,6,-9.6104,104.171367,07/08/2026,09:22:50 AM,PRESTAMO,SEGUNDA PARTE,ROTC,10/11/2026,CONFIRMADA,3267138,0,09/04/2026,09/04/2027,2.320967,BANCO CENTRAL DE LA REPUBLICA DOMINICANA,BCENTRAL,57862
DO1002261928,LE090427,BCENTRAL/ LT 20270409 GTIA,60000,DOP,6,-2.5743,101.753583,07/08/2026,09:22:50 AM,PRESTAMO,PRIMERA PARTE,ROTC,11/08/2026,CONFIRMADA,3267138,0,09/04/2026,09/04/2027,2.320967,BANCO CENTRAL DE LA REPUBLICA DOMINICANA,BCENTRAL,58002
DO1002261928,LE090427,BCENTRAL/ LT 20270409 GTIA,60000,DOP,6,-9.6104,104.171367,07/08/2026,09:22:49 AM,PLAZO,PRIMERA PARTE,ROTC,10/11/2026,CONFIRMADA,3267139,0,09/04/2026,09/04/2027,0,BANCO CENTRAL DE LA REPUBLICA DOMINICANA,BCENTRAL,56378
DO1002261928,LE090427,BCENTRAL/ LT 20270409 GTIA,220000,DOP,22,10.304,98.311668,07/08/2026,09:22:48 AM,PRESTAMO,SEGUNDA PARTE,ROTC,08/02/2027,CONFIRMADA,3267141,0,09/04/2026,09/04/2027,4.650156,BANCO CENTRAL DE LA REPUBLICA DOMINICANA,BCENTRAL,57960
DO1002261928,LE090427,BCENTRAL/ LT 20270409 GTIA,220000,DOP,22,9.9755,93.740023,07/08/2026,09:22:48 AM,PRESTAMO,PRIMERA PARTE,ROTC,11/08/2026,CONFIRMADA,3267141,0,09/04/2026,09/04/2027,4.650156,BANCO CENTRAL DE LA REPUBLICA DOMINICANA,BCENTRAL,58107
DO1002261928,LE090427,BCENTRAL/ LT 20270409 GTIA,220000,DOP,22,10.304,98.311668,07/08/2026,09:22:47 AM,PLAZO,PRIMERA PARTE,ROTC,08/02/2027,CONFIRMADA,3267142,0,09/04/2026,09/04/2027,0,BANCO CENTRAL DE LA REPUBLICA DOMINICANA,BCENTRAL,56413
DO1005207118,MHUS2026,HACIENDA/6.65 BOEST 20261227 GTIA,5000,USD,5,4.7311,100.4016,07/08/2026,09:22:46 AM,PRESTAMO,SEGUNDA PARTE,ROTC,09/10/2026,CONFIRMADA,3267144,0,27/12/2019,27/12/2026,1.478644,MINISTERIO DE HACIENDA,HACIENDA,59696
DO1005207118,MHUS2026,HACIENDA/6.65 BOEST 20261227 GTIA,5000,USD,5,4.5448,100.7838,07/08/2026,09:22:46 AM,PRESTAMO,PRIMERA PARTE,ROTC,10/08/2026,CONFIRMADA,3267144,0,27/12/2019,27/12/2026,1.478644,MINISTERIO DE HACIENDA,HACIENDA,59920
DO1005207118,MHUS2026,HACIENDA/6.65 BOEST 20261227 GTIA,5000,USD,5,4.7311,100.4016,07/08/2026,09:22:45 AM,PLAZO,PRIMERA PARTE,ROTC,09/10/2026,CONFIRMADA,3267145,0,27/12/2019,27/12/2026,0,MINISTERIO DE HACIENDA,HACIENDA,58149
DO1002261928,LE090427,BCENTRAL/ LT 20270409 GTIA,60000,DOP,6,-3.6191,101.53105,07/08/2026,09:22:44 AM,PRESTAMO,SEGUNDA PARTE,ROTC,10/11/2026,CONFIRMADA,3267147,0,09/04/2026,09/04/2027,2.345867,BANCO CENTRAL DE LA REPUBLICA DOMINICANA,BCENTRAL,57449
DO1002261928,LE090427,BCENTRAL/ LT 20270409 GTIA,60000,DOP,6,1.2764,99.149267,07/08/2026,09:22:44 AM,PRESTAMO,PRIMERA PARTE,ROTC,10/08/2026,CONFIRMADA,3267147,0,09/04/2026,09/04/2027,2.345867,BANCO CENTRAL DE LA REPUBLICA DOMINICANA,BCENTRAL,57456
DO1002261928,LE090427,BCENTRAL/ LT 20270409 GTIA,60000,DOP,6,-3.6191,101.53105,07/08/2026,09:22:43 AM,PLAZO,PRIMERA PARTE,ROTC,10/11/2026,CONFIRMADA,3267148,0,09/04/2026,09/04/2027,0,BANCO CENTRAL DE LA REPUBLICA DOMINICANA,BCENTRAL,55902
DO1002261928,LE090427,BCENTRAL/ LT 20270409 GTIA,2120000,DOP,212,8.1012,97.327967,07/08/2026,09:22:43 AM,PRESTAMO,SEGUNDA PARTE,ROTC,08/12/2026,CONFIRMADA,3267150,0,09/04/2026,09/04/2027,3.069467,BANCO CENTRAL DE LA REPUBLICA DOMINICANA,BCENTRAL,58695
DO1002261928,LE090427,BCENTRAL/ LT 20270409 GTIA,2120000,DOP,212,8.9241,94.340517,07/08/2026,09:22:43 AM,PRESTAMO,PRIMERA PARTE,ROTC,10/08/2026,CONFIRMADA,3267150,0,09/04/2026,09/04/2027,3.069467,BANCO CENTRAL DE LA REPUBLICA DOMINICANA,BCENTRAL,58709
DO1002261928,LE090427,BCENTRAL/ LT 20270409 GTIA,2120000,DOP,212,8.1012,97.327967,07/08/2026,09:22:42 AM,PLAZO,PRIMERA PARTE,ROTC,08/12/2026,CONFIRMADA,3267151,0,09/04/2026,09/04/2027,0,BANCO CENTRAL DE LA REPUBLICA DOMINICANA,BCENTRAL,57148
DO1002261928,LE090427,BCENTRAL/ LT 20270409 GTIA,270000,DOP,27,9.1115,95.596493,07/08/2026,09:22:41 AM,PRESTAMO,SEGUNDA PARTE,ROTC,09/10/2026,CONFIRMADA,3267153,0,09/04/2026,09/04/2027,1.502093,BANCO CENTRAL DE LA REPUBLICA DOMINICANA,BCENTRAL,58093
DO1002261928,LE090427,BCENTRAL/ LT 20270409 GTIA,270000,DOP,27,9.2255,94.160544,07/08/2026,09:22:41 AM,PRESTAMO,PRIMERA PARTE,ROTC,10/08/2026,CONFIRMADA,3267153,0,09/04/2026,09/04/2027,1.502093,BANCO CENTRAL DE LA REPUBLICA DOMINICANA,BCENTRAL,58072
DO1002261928,LE090427,BCENTRAL/ LT 20270409 GTIA,270000,DOP,27,9.1115,95.596493,07/08/2026,09:22:40 AM,PLAZO,PRIMERA PARTE,ROTC,09/10/2026,CONFIRMADA,3267154,0,09/04/2026,09/04/2027,0,BANCO CENTRAL DE LA REPUBLICA DOMINICANA,BCENTRAL,56546
DO1002261928,LE090427,BCENTRAL/ LT 20270409 GTIA,3000000,DOP,300,6.5143,98.925946,07/08/2026,09:22:39 AM,PRESTAMO,SEGUNDA PARTE,ROTC,08/02/2027,CONFIRMADA,3267156,0,09/04/2026,09/04/2027,4.674649,BANCO CENTRAL DE LA REPUBLICA DOMINICANA,BCENTRAL,58765
DO1002261928,LE090427,BCENTRAL/ LT 20270409 GTIA,3000000,DOP,300,8.9894,94.301505,07/08/2026,09:22:39 AM,PRESTAMO,PRIMERA PARTE,ROTC,10/08/2026,CONFIRMADA,3267156,0,09/04/2026,09/04/2027,4.674649,BANCO CENTRAL DE LA REPUBLICA DOMINICANA,BCENTRAL,58772
DO1002261928,LE090427,BCENTRAL/ LT 20270409 GTIA,3000000,DOP,300,6.5143,98.925946,07/08/2026,09:22:38 AM,PLAZO,PRIMERA PARTE,ROTC,08/02/2027,CONFIRMADA,3267157,0,09/04/2026,09/04/2027,0,BANCO CENTRAL DE LA REPUBLICA DOMINICANA,BCENTRAL,57218
DO1005207118,MHUS2026,HACIENDA/6.65 BOEST 20261227 GTIA,13000,USD,13,-3.4224,103.053692,07/08/2026,09:22:37 AM,PRESTAMO,SEGUNDA PARTE,ROTC,09/09/2026,CONFIRMADA,3267159,0,27/12/2019,27/12/2026,1.108291,MINISTERIO DE HACIENDA,HACIENDA,61509
DO1005207118,MHUS2026,HACIENDA/6.65 BOEST 20261227 GTIA,13000,USD,13,-1.8009,103.244846,07/08/2026,09:22:37 AM,PRESTAMO,PRIMERA PARTE,ROTC,10/08/2026,CONFIRMADA,3267159,0,27/12/2019,27/12/2026,1.108291,MINISTERIO DE HACIENDA,HACIENDA,61551
DO1005207118,MHUS2026,HACIENDA/6.65 BOEST 20261227 GTIA,13000,USD,13,-3.4224,103.053692,07/08/2026,09:22:36 AM,PLAZO,PRIMERA PARTE,ROTC,09/09/2026,CONFIRMADA,3267160,0,27/12/2019,27/12/2026,0,MINISTERIO DE HACIENDA,HACIENDA,59962
DO1002261928,LE090427,BCENTRAL/ LT 20270409 GTIA,190000,DOP,19,6.2445,98.969974,07/08/2026,09:22:35 AM,PRESTAMO,SEGUNDA PARTE,ROTC,08/02/2027,CONFIRMADA,3267162,0,09/04/2026,09/04/2027,4.720565,BANCO CENTRAL DE LA REPUBLICA DOMINICANA,BCENTRAL,58240
DO1002261928,LE090427,BCENTRAL/ LT 20270409 GTIA,190000,DOP,19,8.9952,94.298032,07/08/2026,09:22:35 AM,PRESTAMO,PRIMERA PARTE,ROTC,10/08/2026,CONFIRMADA,3267162,0,09/04/2026,09/04/2027,4.720565,BANCO CENTRAL DE LA REPUBLICA DOMINICANA,BCENTRAL,58205
DO1002261928,LE090427,BCENTRAL/ LT 20270409 GTIA,190000,DOP,19,6.2445,98.969974,07/08/2026,09:22:34 AM,PLAZO,PRIMERA PARTE,ROTC,08/02/2027,CONFIRMADA,3267163,0,09/04/2026,09/04/2027,0,BANCO CENTRAL DE LA REPUBLICA DOMINICANA,BCENTRAL,56693
DO1002261928,LE090427,BCENTRAL/ LT 20270409 GTIA,240000,DOP,24,4.8235,98.029796,07/08/2026,09:22:34 AM,PRESTAMO,SEGUNDA PARTE,ROTC,10/11/2026,CONFIRMADA,3267165,0,09/04/2026,09/04/2027,2.345868,BANCO CENTRAL DE LA REPUBLICA DOMINICANA,BCENTRAL,58051
DO1002261928,LE090427,BCENTRAL/ LT 20270409 GTIA,240000,DOP,24,6.6352,95.730146,07/08/2026,09:22:34 AM,PRESTAMO,PRIMERA PARTE,ROTC,10/08/2026,CONFIRMADA,3267165,0,09/04/2026,09/04/2027,2.345868,BANCO CENTRAL DE LA REPUBLICA DOMINICANA,BCENTRAL,58051
DO1002261928,LE090427,BCENTRAL/ LT 20270409 GTIA,240000,DOP,24,4.8235,98.029796,07/08/2026,09:22:33 AM,PLAZO,PRIMERA PARTE,ROTC,10/11/2026,CONFIRMADA,3267166,0,09/04/2026,09/04/2027,0,BANCO CENTRAL DE LA REPUBLICA DOMINICANA,BCENTRAL,56504
DO1005207118,MHUS2026,HACIENDA/6.65 BOEST 20261227 GTIA,6000,USD,6,0,98.874833,07/08/2026,09:22:32 AM,PRESTAMO,SEGUNDA PARTE,ROTC,06/10/2026,CONFIRMADA,3267168,0,27/12/2019,27/12/2026,1.436893,MINISTERIO DE HACIENDA,HACIENDA,58478
DO1005207118,MHUS2026,HACIENDA/6.65 BOEST 20261227 GTIA,6000,USD,6,8.5948,99.267833,07/08/2026,09:22:32 AM,PRESTAMO,PRIMERA PARTE,ROTC,07/08/2026,CONFIRMADA,3267168,0,27/12/2019,27/12/2026,1.436893,MINISTERIO DE HACIENDA,HACIENDA,60480
DO1005207118,MHUS2026,HACIENDA/6.65 BOEST 20261227 GTIA,6000,USD,6,0,98.874833,07/08/2026,09:22:31 AM,PLAZO,PRIMERA PARTE,ROTC,06/10/2026,CONFIRMADA,3267169,0,27/12/2019,27/12/2026,0,MINISTERIO DE HACIENDA,HACIENDA,56931
DO1002261928,LE090427,BCENTRAL/ LT 20270409 GTIA,30000,DOP,3,43.7508,81.8877,07/08/2026,09:22:30 AM,PRESTAMO,SEGUNDA PARTE,ROTC,09/10/2026,CONFIRMADA,3267171,0,09/04/2026,09/04/2027,1.502098,BANCO CENTRAL DE LA REPUBLICA DOMINICANA,BCENTRAL,56980
DO1002261928,LE090427,BCENTRAL/ LT 20270409 GTIA,30000,DOP,3,35.6739,80.657667,07/08/2026,09:22:30 AM,PRESTAMO,PRIMERA PARTE,ROTC,10/08/2026,CONFIRMADA,3267171,0,09/04/2026,09/04/2027,1.502098,BANCO CENTRAL DE LA REPUBLICA DOMINICANA,BCENTRAL,57792
DO1002261928,LE090427,BCENTRAL/ LT 20270409 GTIA,30000,DOP,3,43.7508,81.8877,07/08/2026,09:22:29 AM,PLAZO,PRIMERA PARTE,ROTC,09/10/2026,CONFIRMADA,3267172,0,09/04/2026,09/04/2027,0,BANCO CENTRAL DE LA REPUBLICA DOMINICANA,BCENTRAL,55496
DO1002261928,LE090427,BCENTRAL/ LT 20270409 GTIA,40000,DOP,4,-14.081,106.232925,07/08/2026,09:22:28 AM,PRESTAMO,SEGUNDA PARTE,ROTC,10/11/2026,CONFIRMADA,3267174,0,09/04/2026,09/04/2027,2.37024,BANCO CENTRAL DE LA REPUBLICA DOMINICANA,BCENTRAL,57827
DO1002261928,LE090427,BCENTRAL/ LT 20270409 GTIA,40000,DOP,4,-5.2632,103.71495,07/08/2026,09:22:28 AM,PRESTAMO,PRIMERA PARTE,ROTC,07/08/2026,CONFIRMADA,3267174,0,09/04/2026,09/04/2027,2.37024,BANCO CENTRAL DE LA REPUBLICA DOMINICANA,BCENTRAL,57666
DO1002261928,LE090427,BCENTRAL/ LT 20270409 GTIA,40000,DOP,4,-14.081,106.232925,07/08/2026,09:22:27 AM,PLAZO,PRIMERA PARTE,ROTC,10/11/2026,CONFIRMADA,3267175,0,09/04/2026,09/04/2027,0,BANCO CENTRAL DE LA REPUBLICA DOMINICANA,BCENTRAL,56280
DO1002261928,LE090427,BCENTRAL/ LT 20270409 GTIA,40000,DOP,4,-30.23,105.305825,07/08/2026,09:22:26 AM,PRESTAMO,SEGUNDA PARTE,ROTC,08/02/2027,CONFIRMADA,3267177,0,09/04/2026,09/04/2027,4.625646,BANCO CENTRAL DE LA REPUBLICA DOMINICANA,BCENTRAL,57484
DO1002261928,LE090427,BCENTRAL/ LT 20270409 GTIA,40000,DOP,4,-0.6493,100.43475,07/08/2026,09:22:26 AM,PRESTAMO,PRIMERA PARTE,ROTC,12/08/2026,CONFIRMADA,3267177,0,09/04/2026,09/04/2027,4.625646,BANCO CENTRAL DE LA REPUBLICA DOMINICANA,BCENTRAL,57610
DO1002261928,LE090427,BCENTRAL/ LT 20270409 GTIA,40000,DOP,4,-30.23,105.305825,07/08/2026,09:22:25 AM,PLAZO,PRIMERA PARTE,ROTC,08/02/2027,CONFIRMADA,3267178,0,09/04/2026,09/04/2027,0,BANCO CENTRAL DE LA REPUBLICA DOMINICANA,BCENTRAL,55937
DO1002261928,LE090427,BCENTRAL/ LT 20270409 GTIA,640000,DOP,64,9.8791,98.247525,07/08/2026,09:22:25 AM,PRESTAMO,SEGUNDA PARTE,ROTC,03/02/2027,CONFIRMADA,3267180,0,09/04/2026,09/04/2027,4.580154,BANCO CENTRAL DE LA REPUBLICA DOMINICANA,BCENTRAL,58156
DO1002261928,LE090427,BCENTRAL/ LT 20270409 GTIA,640000,DOP,64,9.7999,93.747638,07/08/2026,09:22:25 AM,PRESTAMO,PRIMERA PARTE,ROTC,07/08/2026,CONFIRMADA,3267180,0,09/04/2026,09/04/2027,4.580154,BANCO CENTRAL DE LA REPUBLICA DOMINICANA,BCENTRAL,58380
DO1002261928,LE090427,BCENTRAL/ LT 20270409 GTIA,640000,DOP,64,9.7999,93.747638,07/08/2026,09:21:32 AM,CONTADO,PRIMERA PARTE,ROTC,07/08/2026,CONFIRMADA,3267179,0,09/04/2026,09/04/2027,0,BANCO CENTRAL DE LA REPUBLICA DOMINICANA,BCENTRAL,57666
DO1002261928,LE090427,BCENTRAL/ LT 20270409 GTIA,40000,DOP,4,-0.6493,100.43475,07/08/2026,09:21:03 AM,CONTADO,PRIMERA PARTE,ROTC,12/08/2026,CONFIRMADA,3267176,0,09/04/2026,09/04/2027,0,BANCO CENTRAL DE LA REPUBLICA DOMINICANA,BCENTRAL,56875
DO1002261928,LE090427,BCENTRAL/ LT 20270409 GTIA,40000,DOP,4,-5.2632,103.71495,07/08/2026,09:20:44 AM,CONTADO,PRIMERA PARTE,ROTC,07/08/2026,CONFIRMADA,3267173,0,09/04/2026,09/04/2027,0,BANCO CENTRAL DE LA REPUBLICA DOMINICANA,BCENTRAL,56945
DO1002261928,LE090427,BCENTRAL/ LT 20270409 GTIA,30000,DOP,3,35.6739,80.657667,07/08/2026,09:20:23 AM,CONTADO,PRIMERA PARTE,ROTC,10/08/2026,CONFIRMADA,3267170,0,09/04/2026,09/04/2027,0,BANCO CENTRAL DE LA REPUBLICA DOMINICANA,BCENTRAL,57099
DO1005207118,MHUS2026,HACIENDA/6.65 BOEST 20261227 GTIA,6000,USD,6,8.5948,99.267833,07/08/2026,09:20:01 AM,CONTADO,PRIMERA PARTE,ROTC,07/08/2026,CONFIRMADA,3267167,0,27/12/2019,27/12/2026,0,MINISTERIO DE HACIENDA,HACIENDA,59745
DO1002261928,LE090427,BCENTRAL/ LT 20270409 GTIA,240000,DOP,24,6.6352,95.730146,07/08/2026,09:19:38 AM,CONTADO,PRIMERA PARTE,ROTC,10/08/2026,CONFIRMADA,3267164,0,09/04/2026,09/04/2027,0,BANCO CENTRAL DE LA REPUBLICA DOMINICANA,BCENTRAL,57428
DO1002261928,LE090427,BCENTRAL/ LT 20270409 GTIA,190000,DOP,19,8.9952,94.298032,07/08/2026,09:19:11 AM,CONTADO,PRIMERA PARTE,ROTC,10/08/2026,CONFIRMADA,3267161,0,09/04/2026,09/04/2027,0,BANCO CENTRAL DE LA REPUBLICA DOMINICANA,BCENTRAL,57512
DO1005207118,MHUS2026,HACIENDA/6.65 BOEST 20261227 GTIA,13000,USD,13,-1.8009,103.244846,07/08/2026,09:18:39 AM,CONTADO,PRIMERA PARTE,ROTC,10/08/2026,CONFIRMADA,3267158,0,27/12/2019,27/12/2026,0,MINISTERIO DE HACIENDA,HACIENDA,60907
DO1002261928,LE090427,BCENTRAL/ LT 20270409 GTIA,3000000,DOP,300,8.9894,94.301505,07/08/2026,09:18:15 AM,CONTADO,PRIMERA PARTE,ROTC,10/08/2026,CONFIRMADA,3267155,0,09/04/2026,09/04/2027,0,BANCO CENTRAL DE LA REPUBLICA DOMINICANA,BCENTRAL,58072
DO1002261928,LE090427,BCENTRAL/ LT 20270409 GTIA,270000,DOP,27,9.2255,94.160544,07/08/2026,09:17:52 AM,CONTADO,PRIMERA PARTE,ROTC,10/08/2026,CONFIRMADA,3267152,0,09/04/2026,09/04/2027,0,BANCO CENTRAL DE LA REPUBLICA DOMINICANA,BCENTRAL,57421
DO1002261928,LE090427,BCENTRAL/ LT 20270409 GTIA,2120000,DOP,212,8.9241,94.340517,07/08/2026,09:17:22 AM,CONTADO,PRIMERA PARTE,ROTC,10/08/2026,CONFIRMADA,3267149,0,09/04/2026,09/04/2027,0,BANCO CENTRAL DE LA REPUBLICA DOMINICANA,BCENTRAL,58023
DO1002261928,LE090427,BCENTRAL/ LT 20270409 GTIA,60000,DOP,6,1.2764,99.149267,07/08/2026,09:16:53 AM,CONTADO,PRIMERA PARTE,ROTC,10/08/2026,CONFIRMADA,3267146,0,09/04/2026,09/04/2027,0,BANCO CENTRAL DE LA REPUBLICA DOMINICANA,BCENTRAL,56784
DO1005207118,MHUS2026,HACIENDA/6.65 BOEST 20261227 GTIA,5000,USD,5,4.5448,100.7838,07/08/2026,09:16:23 AM,CONTADO,PRIMERA PARTE,ROTC,10/08/2026,CONFIRMADA,3267143,0,27/12/2019,27/12/2026,0,MINISTERIO DE HACIENDA,HACIENDA,59213
DO1002261928,LE090427,BCENTRAL/ LT 20270409 GTIA,60000,DOP,6,-2.5743,101.753583,07/08/2026,09:16:00 AM,CONTADO,PRIMERA PARTE,ROTC,11/08/2026,CONFIRMADA,3267137,0,09/04/2026,09/04/2027,0,BANCO CENTRAL DE LA REPUBLICA DOMINICANA,BCENTRAL,57295
DO1002261928,LE090427,BCENTRAL/ LT 20270409 GTIA,220000,DOP,22,9.9755,93.740023,07/08/2026,09:15:37 AM,CONTADO,PRIMERA PARTE,ROTC,11/08/2026,CONFIRMADA,3267140,0,09/04/2026,09/04/2027,0,BANCO CENTRAL DE LA REPUBLICA DOMINICANA,BCENTRAL,57414
DO1005207118,MHUS2026,HACIENDA/6.65 BOEST 20261227 GTIA,7000,USD,7,-16.06,109.316143,07/08/2026,09:15:09 AM,CONTADO,PRIMERA PARTE,ROTC,10/08/2026,CONFIRMADA,3267134,0,27/12/2019,27/12/2026,0,MINISTERIO DE HACIENDA,HACIENDA,59836
DO1002261928,LE090427,BCENTRAL/ LT 20270409 GTIA,3230000,DOP,323,8.6895,94.416502,07/08/2026,09:14:47 AM,CONTADO,PRIMERA PARTE,ROTC,07/08/2026,CONFIRMADA,3267131,0,09/04/2026,09/04/2027,0,BANCO CENTRAL DE LA REPUBLICA DOMINICANA,BCENTRAL,58205
DO1005207118,MHUS2026,HACIENDA/6.65 BOEST 20261227 GTIA,3000,USD,3,-6.4041,105.118667,07/08/2026,09:14:25 AM,CONTADO,PRIMERA PARTE,ROTC,10/08/2026,CONFIRMADA,3267128,0,27/12/2019,27/12/2026,0,MINISTERIO DE HACIENDA,HACIENDA,60158
DO1002261829,NO010330,BCENTRAL/9.5 BOEST 20300301 GTIA,25000000,DOP,2500,9.8,99.101284,07/08/2026,09:13:57 AM,CONTADO,PRIMERA PARTE,ROTC,07/08/2026,CONFIRMADA,3267197,0,01/03/2026,01/03/2030,0,BANCO CENTRAL DE LA REPUBLICA DOMINICANA,BCENTRAL,60256
DO1002261928,LE090427,BCENTRAL/ LT 20270409 GTIA,660000,DOP,66,10.1915,93.58832,07/08/2026,09:13:44 AM,CONTADO,PRIMERA PARTE,ROTC,10/08/2026,CONFIRMADA,3267125,0,09/04/2026,09/04/2027,0,BANCO CENTRAL DE LA REPUBLICA DOMINICANA,BCENTRAL,57435
DO1002261928,LE090427,BCENTRAL/ LT 20270409 GTIA,550000,DOP,55,10.3814,93.476604,07/08/2026,09:12:11 AM,CONTADO,PRIMERA PARTE,ROTC,10/08/2026,CONFIRMADA,3267122,0,09/04/2026,09/04/2027,0,BANCO CENTRAL DE LA REPUBLICA DOMINICANA,BCENTRAL,57701
DO1002261423,NO301129,BCENTRAL/9.5 BOEST 20291130 GTIA,710000,DOP,71,9.95020044,98.767439,07/08/2026,09:11:35 AM,PRESTAMO,SEGUNDA PARTE,ROTC,21/09/2026,CONFIRMADA,3267215,0,30/11/2025,30/11/2029,7.9,BANCO CENTRAL DE LA REPUBLICA DOMINICANA,BCENTRAL,62146
DO1002261423,NO301129,BCENTRAL/9.5 BOEST 20291130 GTIA,710000,DOP,71,9.87525063,98.934556,07/08/2026,09:11:35 AM,PRESTAMO,PRIMERA PARTE,ROTC,07/08/2026,CONFIRMADA,3267215,0,30/11/2025,30/11/2029,7.9,BANCO CENTRAL DE LA REPUBLICA DOMINICANA,BCENTRAL,62286
DO1002261423,NO301129,BCENTRAL/9.5 BOEST 20291130 GTIA,710000,DOP,71,9.95020044,98.767439,07/08/2026,09:11:34 AM,ESTRUCTURADA,SEGUNDA PARTE,ROTC,21/09/2026,CONFIRMADA,3267094,0,30/11/2025,30/11/2029,7.9,BANCO CENTRAL DE LA REPUBLICA DOMINICANA,BCENTRAL,64239
DO1002261423,NO301129,BCENTRAL/9.5 BOEST 20291130 GTIA,710000,DOP,71,9.87525063,98.934556,07/08/2026,09:11:34 AM,ESTRUCTURADA,PRIMERA PARTE,ROTC,07/08/2026,CONFIRMADA,3267094,0,30/11/2025,30/11/2029,7.9,BANCO CENTRAL DE LA REPUBLICA DOMINICANA,BCENTRAL,64379
DO2016300124,BC1GUL01,GULFSTREAM/11.25 BO 20290528,148831,DOP,148831,11.5388293,99.359619,07/08/2026,09:11:34 AM,PRESTAMO,SEGUNDA PARTE,ROTC,05/11/2026,CONFIRMADA,3267214,0,28/05/2019,28/05/2029,8.35,GULFSTREAM PETROLEUM DOMINICANA S DE RL,GULFSTREAM,62062
DO2016300124,BC1GUL01,GULFSTREAM/11.25 BO 20290528,148831,DOP,148831,11.24676205,100.000402,07/08/2026,09:11:34 AM,PRESTAMO,PRIMERA PARTE,ROTC,07/08/2026,CONFIRMADA,3267214,0,28/05/2019,28/05/2029,8.35,GULFSTREAM PETROLEUM DOMINICANA S DE RL,GULFSTREAM,62503
DO2016300124,BC1GUL01,GULFSTREAM/11.25 BO 20290528,148831,DOP,148831,11.5388293,99.359619,07/08/2026,09:11:33 AM,ESTRUCTURADA,SEGUNDA PARTE,ROTC,05/11/2026,CONFIRMADA,3267095,0,28/05/2019,28/05/2029,8.35,GULFSTREAM PETROLEUM DOMINICANA S DE RL,GULFSTREAM,64155
DO2016300124,BC1GUL01,GULFSTREAM/11.25 BO 20290528,148831,DOP,148831,11.24676205,100.000402,07/08/2026,09:11:33 AM,ESTRUCTURADA,PRIMERA PARTE,ROTC,07/08/2026,CONFIRMADA,3267095,0,28/05/2019,28/05/2029,8.35,GULFSTREAM PETROLEUM DOMINICANA S DE RL,GULFSTREAM,64596
DO1002261423,NO301129,BCENTRAL/9.5 BOEST 20291130 GTIA,620000,DOP,62,8.8829937,101.641605,07/08/2026,09:11:33 AM,PRESTAMO,SEGUNDA PARTE,ROTC,06/10/2026,CONFIRMADA,3267213,0,30/11/2025,30/11/2029,8.15,BANCO CENTRAL DE LA REPUBLICA DOMINICANA,BCENTRAL,62041
DO1002261423,NO301129,BCENTRAL/9.5 BOEST 20291130 GTIA,620000,DOP,62,8.85833934,101.78376,07/08/2026,09:11:33 AM,PRESTAMO,PRIMERA PARTE,ROTC,07/08/2026,CONFIRMADA,3267213,0,30/11/2025,30/11/2029,8.15,BANCO CENTRAL DE LA REPUBLICA DOMINICANA,BCENTRAL,62202
DO1002261423,NO301129,BCENTRAL/9.5 BOEST 20291130 GTIA,620000,DOP,62,8.8829937,101.641605,07/08/2026,09:11:32 AM,ESTRUCTURADA,SEGUNDA PARTE,ROTC,06/10/2026,CONFIRMADA,3267096,0,30/11/2025,30/11/2029,8.15,BANCO CENTRAL DE LA REPUBLICA DOMINICANA,BCENTRAL,64134
DO1002261423,NO301129,BCENTRAL/9.5 BOEST 20291130 GTIA,620000,DOP,62,8.85833934,101.78376,07/08/2026,09:11:32 AM,ESTRUCTURADA,PRIMERA PARTE,ROTC,07/08/2026,CONFIRMADA,3267096,0,30/11/2025,30/11/2029,8.15,BANCO CENTRAL DE LA REPUBLICA DOMINICANA,BCENTRAL,64295
DO1002261423,NO301129,BCENTRAL/9.5 BOEST 20291130 GTIA,370000,DOP,37,8.84291474,101.768193,07/08/2026,09:11:31 AM,PRESTAMO,SEGUNDA PARTE,ROTC,21/09/2026,CONFIRMADA,3267212,0,30/11/2025,30/11/2029,9.1,BANCO CENTRAL DE LA REPUBLICA DOMINICANA,BCENTRAL,62461
DO1002261423,NO301129,BCENTRAL/9.5 BOEST 20291130 GTIA,370000,DOP,37,8.86941345,101.752185,07/08/2026,09:11:31 AM,PRESTAMO,PRIMERA PARTE,ROTC,07/08/2026,CONFIRMADA,3267212,0,30/11/2025,30/11/2029,9.1,BANCO CENTRAL DE LA REPUBLICA DOMINICANA,BCENTRAL,62510
DO1002261423,NO301129,BCENTRAL/9.5 BOEST 20291130 GTIA,370000,DOP,37,8.84291474,101.768193,07/08/2026,09:11:30 AM,ESTRUCTURADA,SEGUNDA PARTE,ROTC,21/09/2026,CONFIRMADA,3267097,0,30/11/2025,30/11/2029,9.1,BANCO CENTRAL DE LA REPUBLICA DOMINICANA,BCENTRAL,64554
DO1002261423,NO301129,BCENTRAL/9.5 BOEST 20291130 GTIA,370000,DOP,37,8.86941345,101.752185,07/08/2026,09:11:30 AM,ESTRUCTURADA,PRIMERA PARTE,ROTC,07/08/2026,CONFIRMADA,3267097,0,30/11/2025,30/11/2029,9.1,BANCO CENTRAL DE LA REPUBLICA DOMINICANA,BCENTRAL,64603
DO1002261928,LE090427,BCENTRAL/ LT 20270409 GTIA,30000,DOP,3,29.1905,83.596333,07/08/2026,09:11:22 AM,CONTADO,PRIMERA PARTE,ROTC,10/08/2026,CONFIRMADA,3267119,0,09/04/2026,09/04/2027,0,BANCO CENTRAL DE LA REPUBLICA DOMINICANA,BCENTRAL,57008
DO1002261928,LE090427,BCENTRAL/ LT 20270409 GTIA,1870000,DOP,187,9.1381,94.212642,07/08/2026,09:10:50 AM,CONTADO,PRIMERA PARTE,ROTC,10/08/2026,CONFIRMADA,3267116,0,09/04/2026,09/04/2027,0,BANCO CENTRAL DE LA REPUBLICA DOMINICANA,BCENTRAL,58100
DO1005207118,MHUS2026,HACIENDA/6.65 BOEST 20261227 GTIA,1000,USD,1,-33.233,117.827,07/08/2026,09:10:09 AM,CONTADO,PRIMERA PARTE,ROTC,10/08/2026,CONFIRMADA,3267113,0,27/12/2019,27/12/2026,0,MINISTERIO DE HACIENDA,HACIENDA,59038
DO1002261928,LE090427,BCENTRAL/ LT 20270409 GTIA,190000,DOP,19,11.1604,93.021279,07/08/2026,09:09:48 AM,CONTADO,PRIMERA PARTE,ROTC,10/08/2026,CONFIRMADA,3267110,0,09/04/2026,09/04/2027,0,BANCO CENTRAL DE LA REPUBLICA DOMINICANA,BCENTRAL,57743
DO1002261928,LE090427,BCENTRAL/ LT 20270409 GTIA,110000,DOP,11,9.1391,94.212091,07/08/2026,09:09:26 AM,CONTADO,PRIMERA PARTE,ROTC,10/08/2026,CONFIRMADA,3267107,0,09/04/2026,09/04/2027,0,BANCO CENTRAL DE LA REPUBLICA DOMINICANA,BCENTRAL,57302
DO1002261928,LE090427,BCENTRAL/ LT 20270409 GTIA,20000,DOP,2,0.5575,99.62665,07/08/2026,09:09:04 AM,CONTADO,PRIMERA PARTE,ROTC,10/08/2026,CONFIRMADA,3267104,0,09/04/2026,09/04/2027,0,BANCO CENTRAL DE LA REPUBLICA DOMINICANA,BCENTRAL,56364
DO1005207118,MHUS2026,HACIENDA/6.65 BOEST 20261227 GTIA,29000,USD,29,-1.6608,103.257897,07/08/2026,09:08:36 AM,CONTADO,PRIMERA PARTE,ROTC,07/08/2026,CONFIRMADA,3267101,0,27/12/2019,27/12/2026,0,MINISTERIO DE HACIENDA,HACIENDA,61110
DO1005207118,MHUS2026,HACIENDA/6.65 BOEST 20261227 GTIA,37000,USD,37,0.0514,102.566541,07/08/2026,09:06:20 AM,CONTADO,PRIMERA PARTE,ROTC,07/08/2026,CONFIRMADA,3267098,0,27/12/2019,27/12/2026,0,MINISTERIO DE HACIENDA,HACIENDA,60557
DO2016300124,BC1GUL01,GULFSTREAM/11.25 BO 20290528,217500,DOP,217500,11.36583615,99.727863,07/08/2026,09:00:16 AM,PRESTAMO,SEGUNDA PARTE,ROTC,07/09/2026,CONFIRMADA,3267211,0,28/05/2019,28/05/2029,7.85,GULFSTREAM PETROLEUM DOMINICANA S DE RL,GULFSTREAM,62300
DO2016300124,BC1GUL01,GULFSTREAM/11.25 BO 20290528,217500,DOP,217500,11.25002794,99.992628,07/08/2026,09:00:16 AM,PRESTAMO,PRIMERA PARTE,ROTC,07/08/2026,CONFIRMADA,3267211,0,28/05/2019,28/05/2029,7.85,GULFSTREAM PETROLEUM DOMINICANA S DE RL,GULFSTREAM,62321
DO2016300124,BC1GUL01,GULFSTREAM/11.25 BO 20290528,217500,DOP,217500,11.36583615,99.727863,07/08/2026,09:00:15 AM,ESTRUCTURADA,SEGUNDA PARTE,ROTC,07/09/2026,CONFIRMADA,3267080,0,28/05/2019,28/05/2029,7.85,GULFSTREAM PETROLEUM DOMINICANA S DE RL,GULFSTREAM,64393
DO2016300124,BC1GUL01,GULFSTREAM/11.25 BO 20290528,217500,DOP,217500,11.25002794,99.992628,07/08/2026,09:00:15 AM,ESTRUCTURADA,PRIMERA PARTE,ROTC,07/08/2026,CONFIRMADA,3267080,0,28/05/2019,28/05/2029,7.85,GULFSTREAM PETROLEUM DOMINICANA S DE RL,GULFSTREAM,64414
DO2006901311,BC1ITA01,EGEITABO/5.65 BO 20311208,11826,USD,11826,4.69233724,104.375876,07/08/2026,09:00:14 AM,PRESTAMO,SEGUNDA PARTE,ROTC,06/10/2026,CONFIRMADA,3267210,0,08/12/2021,08/12/2031,4.25,"EMPRESA GENERADORA DE ELECTRICIDAD ITABO, S.A.",EGEITABO,59885
DO2006901311,BC1ITA01,EGEITABO/5.65 BO 20311208,11826,USD,11826,4.68003995,104.55745,07/08/2026,09:00:14 AM,PRESTAMO,PRIMERA PARTE,ROTC,07/08/2026,CONFIRMADA,3267210,0,08/12/2021,08/12/2031,4.25,"EMPRESA GENERADORA DE ELECTRICIDAD ITABO, S.A.",EGEITABO,59626
DO2006901311,BC1ITA01,EGEITABO/5.65 BO 20311208,11826,USD,11826,4.69233724,104.375876,07/08/2026,09:00:13 AM,ESTRUCTURADA,SEGUNDA PARTE,ROTC,06/10/2026,CONFIRMADA,3267081,0,08/12/2021,08/12/2031,4.25,"EMPRESA GENERADORA DE ELECTRICIDAD ITABO, S.A.",EGEITABO,61978
DO2006901311,BC1ITA01,EGEITABO/5.65 BO 20311208,11826,USD,11826,4.68003995,104.55745,07/08/2026,09:00:13 AM,ESTRUCTURADA,PRIMERA PARTE,ROTC,07/08/2026,CONFIRMADA,3267081,0,08/12/2021,08/12/2031,4.25,"EMPRESA GENERADORA DE ELECTRICIDAD ITABO, S.A.",EGEITABO,61719
DO2006901311,BC1ITA01,EGEITABO/5.65 BO 20311208,3442,USD,3442,4.6539501,104.491537,07/08/2026,09:00:13 AM,PRESTAMO,SEGUNDA PARTE,ROTC,05/11/2026,CONFIRMADA,3267209,0,08/12/2021,08/12/2031,5,"EMPRESA GENERADORA DE ELECTRICIDAD ITABO, S.A.",EGEITABO,58702
DO2006901311,BC1ITA01,EGEITABO/5.65 BO 20311208,3442,USD,3442,4.67826617,104.566003,07/08/2026,09:00:13 AM,PRESTAMO,PRIMERA PARTE,ROTC,07/08/2026,CONFIRMADA,3267209,0,08/12/2021,08/12/2031,5,"EMPRESA GENERADORA DE ELECTRICIDAD ITABO, S.A.",EGEITABO,59192
DO2006901311,BC1ITA01,EGEITABO/5.65 BO 20311208,3442,USD,3442,4.6539501,104.491537,07/08/2026,09:00:12 AM,ESTRUCTURADA,SEGUNDA PARTE,ROTC,05/11/2026,CONFIRMADA,3267082,0,08/12/2021,08/12/2031,5,"EMPRESA GENERADORA DE ELECTRICIDAD ITABO, S.A.",EGEITABO,60795
DO2006901311,BC1ITA01,EGEITABO/5.65 BO 20311208,3442,USD,3442,4.67826617,104.566003,07/08/2026,09:00:12 AM,ESTRUCTURADA,PRIMERA PARTE,ROTC,07/08/2026,CONFIRMADA,3267082,0,08/12/2021,08/12/2031,5,"EMPRESA GENERADORA DE ELECTRICIDAD ITABO, S.A.",EGEITABO,61285
DO2016300124,BC1GUL01,GULFSTREAM/11.25 BO 20290528,10321,DOP,10321,11.39658534,99.670732,07/08/2026,09:00:12 AM,PRESTAMO,SEGUNDA PARTE,ROTC,05/11/2026,CONFIRMADA,3267208,0,28/05/2019,28/05/2029,9.55,GULFSTREAM PETROLEUM DOMINICANA S DE RL,GULFSTREAM,61411
DO2016300124,BC1GUL01,GULFSTREAM/11.25 BO 20290528,10321,DOP,10321,11.24489661,100.004842,07/08/2026,09:00:12 AM,PRESTAMO,PRIMERA PARTE,ROTC,07/08/2026,CONFIRMADA,3267208,0,28/05/2019,28/05/2029,9.55,GULFSTREAM PETROLEUM DOMINICANA S DE RL,GULFSTREAM,61677
DO2016300124,BC1GUL01,GULFSTREAM/11.25 BO 20290528,10321,DOP,10321,11.39658534,99.670732,07/08/2026,09:00:11 AM,ESTRUCTURADA,SEGUNDA PARTE,ROTC,05/11/2026,CONFIRMADA,3267083,0,28/05/2019,28/05/2029,9.55,GULFSTREAM PETROLEUM DOMINICANA S DE RL,GULFSTREAM,63504
DO2016300124,BC1GUL01,GULFSTREAM/11.25 BO 20290528,10321,DOP,10321,11.24489661,100.004842,07/08/2026,09:00:11 AM,ESTRUCTURADA,PRIMERA PARTE,ROTC,07/08/2026,CONFIRMADA,3267083,0,28/05/2019,28/05/2029,9.55,GULFSTREAM PETROLEUM DOMINICANA S DE RL,GULFSTREAM,63770
DO2006901311,BC1ITA01,EGEITABO/5.65 BO 20311208,1422,USD,1422,4.69442555,104.366094,07/08/2026,09:00:11 AM,PRESTAMO,SEGUNDA PARTE,ROTC,06/10/2026,CONFIRMADA,3267207,0,08/12/2021,08/12/2031,4.2,"EMPRESA GENERADORA DE ELECTRICIDAD ITABO, S.A.",EGEITABO,59038
DO2006901311,BC1ITA01,EGEITABO/5.65 BO 20311208,1422,USD,1422,4.68024417,104.556465,07/08/2026,09:00:11 AM,PRESTAMO,PRIMERA PARTE,ROTC,07/08/2026,CONFIRMADA,3267207,0,08/12/2021,08/12/2031,4.2,"EMPRESA GENERADORA DE ELECTRICIDAD ITABO, S.A.",EGEITABO,59122
DO2006901311,BC1ITA01,EGEITABO/5.65 BO 20311208,1422,USD,1422,4.69442555,104.366094,07/08/2026,09:00:10 AM,ESTRUCTURADA,SEGUNDA PARTE,ROTC,06/10/2026,CONFIRMADA,3267084,0,08/12/2021,08/12/2031,4.2,"EMPRESA GENERADORA DE ELECTRICIDAD ITABO, S.A.",EGEITABO,61131
DO2006901311,BC1ITA01,EGEITABO/5.65 BO 20311208,1422,USD,1422,4.68024417,104.556465,07/08/2026,09:00:10 AM,ESTRUCTURADA,PRIMERA PARTE,ROTC,07/08/2026,CONFIRMADA,3267084,0,08/12/2021,08/12/2031,4.2,"EMPRESA GENERADORA DE ELECTRICIDAD ITABO, S.A.",EGEITABO,61215
DO1002261423,NO301129,BCENTRAL/9.5 BOEST 20291130 GTIA,600000,DOP,60,9.684685,99.485163,07/08/2026,09:00:10 AM,PRESTAMO,SEGUNDA PARTE,ROTC,06/10/2026,CONFIRMADA,3267206,0,30/11/2025,30/11/2029,8.15,BANCO CENTRAL DE LA REPUBLICA DOMINICANA,BCENTRAL,61383
DO1002261423,NO301129,BCENTRAL/9.5 BOEST 20291130 GTIA,600000,DOP,60,9.61425952,99.656217,07/08/2026,09:00:10 AM,PRESTAMO,PRIMERA PARTE,ROTC,07/08/2026,CONFIRMADA,3267206,0,30/11/2025,30/11/2029,8.15,BANCO CENTRAL DE LA REPUBLICA DOMINICANA,BCENTRAL,62153
DO1002261423,NO301129,BCENTRAL/9.5 BOEST 20291130 GTIA,600000,DOP,60,9.684685,99.485163,07/08/2026,09:00:08 AM,ESTRUCTURADA,SEGUNDA PARTE,ROTC,06/10/2026,CONFIRMADA,3267085,0,30/11/2025,30/11/2029,8.15,BANCO CENTRAL DE LA REPUBLICA DOMINICANA,BCENTRAL,63532
DO1002261423,NO301129,BCENTRAL/9.5 BOEST 20291130 GTIA,600000,DOP,60,9.61425952,99.656217,07/08/2026,09:00:08 AM,ESTRUCTURADA,PRIMERA PARTE,ROTC,07/08/2026,CONFIRMADA,3267085,0,30/11/2025,30/11/2029,8.15,BANCO CENTRAL DE LA REPUBLICA DOMINICANA,BCENTRAL,64302
DO1002261423,NO301129,BCENTRAL/9.5 BOEST 20291130 GTIA,800000,DOP,80,8.93738411,101.468842,07/08/2026,09:00:08 AM,PRESTAMO,SEGUNDA PARTE,ROTC,05/11/2026,CONFIRMADA,3267205,0,30/11/2025,30/11/2029,8.45,BANCO CENTRAL DE LA REPUBLICA DOMINICANA,BCENTRAL,62377
DO1002261423,NO301129,BCENTRAL/9.5 BOEST 20291130 GTIA,800000,DOP,80,8.91999874,101.608111,07/08/2026,09:00:08 AM,PRESTAMO,PRIMERA PARTE,ROTC,07/08/2026,CONFIRMADA,3267205,0,30/11/2025,30/11/2029,8.45,BANCO CENTRAL DE LA REPUBLICA DOMINICANA,BCENTRAL,62531
DO1002261423,NO301129,BCENTRAL/9.5 BOEST 20291130 GTIA,800000,DOP,80,8.93738411,101.468842,07/08/2026,09:00:07 AM,ESTRUCTURADA,SEGUNDA PARTE,ROTC,05/11/2026,CONFIRMADA,3267086,0,30/11/2025,30/11/2029,8.45,BANCO CENTRAL DE LA REPUBLICA DOMINICANA,BCENTRAL,64470
DO1002261423,NO301129,BCENTRAL/9.5 BOEST 20291130 GTIA,800000,DOP,80,8.91999874,101.608111,07/08/2026,09:00:07 AM,ESTRUCTURADA,PRIMERA PARTE,ROTC,07/08/2026,CONFIRMADA,3267086,0,30/11/2025,30/11/2029,8.45,BANCO CENTRAL DE LA REPUBLICA DOMINICANA,BCENTRAL,64624
DO1002261423,NO301129,BCENTRAL/9.5 BOEST 20291130 GTIA,320000,DOP,32,9.12071298,101.014092,07/08/2026,09:00:07 AM,PRESTAMO,SEGUNDA PARTE,ROTC,07/09/2026,CONFIRMADA,3267204,0,30/11/2025,30/11/2029,7.9,BANCO CENTRAL DE LA REPUBLICA DOMINICANA,BCENTRAL,62244
DO1002261423,NO301129,BCENTRAL/9.5 BOEST 20291130 GTIA,320000,DOP,32,9.09402876,101.114388,07/08/2026,09:00:07 AM,PRESTAMO,PRIMERA PARTE,ROTC,07/08/2026,CONFIRMADA,3267204,0,30/11/2025,30/11/2029,7.9,BANCO CENTRAL DE LA REPUBLICA DOMINICANA,BCENTRAL,62405
DO1002261423,NO301129,BCENTRAL/9.5 BOEST 20291130 GTIA,320000,DOP,32,9.12071298,101.014092,07/08/2026,09:00:06 AM,ESTRUCTURADA,SEGUNDA PARTE,ROTC,07/09/2026,CONFIRMADA,3267087,0,30/11/2025,30/11/2029,7.9,BANCO CENTRAL DE LA REPUBLICA DOMINICANA,BCENTRAL,64337
DO1002261423,NO301129,BCENTRAL/9.5 BOEST 20291130 GTIA,320000,DOP,32,9.09402876,101.114388,07/08/2026,09:00:06 AM,ESTRUCTURADA,PRIMERA PARTE,ROTC,07/08/2026,CONFIRMADA,3267087,0,30/11/2025,30/11/2029,7.9,BANCO CENTRAL DE LA REPUBLICA DOMINICANA,BCENTRAL,64498
DO1005204412,MH12029,HACIENDA/11.375 BOEST 20290706 GTIA,1900000,DOP,19,8.44735531,106.814433,07/08/2026,09:00:06 AM,PRESTAMO,SEGUNDA PARTE,ROTC,05/11/2026,CONFIRMADA,3267203,0,06/07/2014,06/07/2029,9.05,MINISTERIO DE HACIENDA,HACIENDA,63126
DO1005204412,MH12029,HACIENDA/11.375 BOEST 20290706 GTIA,1900000,DOP,19,8.53469481,107.1719,07/08/2026,09:00:06 AM,PRESTAMO,PRIMERA PARTE,ROTC,07/08/2026,CONFIRMADA,3267203,0,06/07/2014,06/07/2029,9.05,MINISTERIO DE HACIENDA,HACIENDA,62601
DO1005204412,MH12029,HACIENDA/11.375 BOEST 20290706 GTIA,1900000,DOP,19,8.44735531,106.814433,07/08/2026,09:00:05 AM,ESTRUCTURADA,SEGUNDA PARTE,ROTC,05/11/2026,CONFIRMADA,3267088,0,06/07/2014,06/07/2029,9.05,MINISTERIO DE HACIENDA,HACIENDA,65219
DO1005204412,MH12029,HACIENDA/11.375 BOEST 20290706 GTIA,1900000,DOP,19,8.53469481,107.1719,07/08/2026,09:00:05 AM,ESTRUCTURADA,PRIMERA PARTE,ROTC,07/08/2026,CONFIRMADA,3267088,0,06/07/2014,06/07/2029,9.05,MINISTERIO DE HACIENDA,HACIENDA,64694
DO2006901311,BC1ITA01,EGEITABO/5.65 BO 20311208,4769,USD,4769,4.70816544,104.361706,07/08/2026,09:00:05 AM,PRESTAMO,SEGUNDA PARTE,ROTC,07/09/2026,CONFIRMADA,3267202,0,08/12/2021,08/12/2031,3.25,"EMPRESA GENERADORA DE ELECTRICIDAD ITABO, S.A.",EGEITABO,59290
DO2006901311,BC1ITA01,EGEITABO/5.65 BO 20311208,4769,USD,4769,4.68233472,104.546385,07/08/2026,09:00:05 AM,PRESTAMO,PRIMERA PARTE,ROTC,07/08/2026,CONFIRMADA,3267202,0,08/12/2021,08/12/2031,3.25,"EMPRESA GENERADORA DE ELECTRICIDAD ITABO, S.A.",EGEITABO,59402
DO2006901311,BC1ITA01,EGEITABO/5.65 BO 20311208,4769,USD,4769,4.70816544,104.361706,07/08/2026,09:00:04 AM,ESTRUCTURADA,SEGUNDA PARTE,ROTC,07/09/2026,CONFIRMADA,3267089,0,08/12/2021,08/12/2031,3.25,"EMPRESA GENERADORA DE ELECTRICIDAD ITABO, S.A.",EGEITABO,61383
DO2006901311,BC1ITA01,EGEITABO/5.65 BO 20311208,4769,USD,4769,4.68233472,104.546385,07/08/2026,09:00:04 AM,ESTRUCTURADA,PRIMERA PARTE,ROTC,07/08/2026,CONFIRMADA,3267089,0,08/12/2021,08/12/2031,3.25,"EMPRESA GENERADORA DE ELECTRICIDAD ITABO, S.A.",EGEITABO,61495
DO2006901311,BC1ITA01,EGEITABO/5.65 BO 20311208,6726,USD,6726,4.69209094,104.37703,07/08/2026,09:00:03 AM,PRESTAMO,SEGUNDA PARTE,ROTC,06/10/2026,CONFIRMADA,3267201,0,08/12/2021,08/12/2031,4.25,"EMPRESA GENERADORA DE ELECTRICIDAD ITABO, S.A.",EGEITABO,58814
DO2006901311,BC1ITA01,EGEITABO/5.65 BO 20311208,6726,USD,6726,4.67980236,104.558595,07/08/2026,09:00:03 AM,PRESTAMO,PRIMERA PARTE,ROTC,07/08/2026,CONFIRMADA,3267201,0,08/12/2021,08/12/2031,4.25,"EMPRESA GENERADORA DE ELECTRICIDAD ITABO, S.A.",EGEITABO,59402
DO2006901311,BC1ITA01,EGEITABO/5.65 BO 20311208,6726,USD,6726,4.69209094,104.37703,07/08/2026,09:00:02 AM,ESTRUCTURADA,SEGUNDA PARTE,ROTC,06/10/2026,CONFIRMADA,3267090,0,08/12/2021,08/12/2031,4.25,"EMPRESA GENERADORA DE ELECTRICIDAD ITABO, S.A.",EGEITABO,60907
DO2006901311,BC1ITA01,EGEITABO/5.65 BO 20311208,6726,USD,6726,4.67980236,104.558595,07/08/2026,09:00:02 AM,ESTRUCTURADA,PRIMERA PARTE,ROTC,07/08/2026,CONFIRMADA,3267090,0,08/12/2021,08/12/2031,4.25,"EMPRESA GENERADORA DE ELECTRICIDAD ITABO, S.A.",EGEITABO,61495
DO2006901311,BC1ITA01,EGEITABO/5.65 BO 20311208,1531,USD,1531,4.64088795,104.551982,07/08/2026,09:00:02 AM,PRESTAMO,SEGUNDA PARTE,ROTC,05/11/2026,CONFIRMADA,3267200,0,08/12/2021,08/12/2031,5.1,"EMPRESA GENERADORA DE ELECTRICIDAD ITABO, S.A.",EGEITABO,59115
DO2006901311,BC1ITA01,EGEITABO/5.65 BO 20311208,1531,USD,1531,4.67129133,104.599646,07/08/2026,09:00:02 AM,PRESTAMO,PRIMERA PARTE,ROTC,07/08/2026,CONFIRMADA,3267200,0,08/12/2021,08/12/2031,5.1,"EMPRESA GENERADORA DE ELECTRICIDAD ITABO, S.A.",EGEITABO,59192
DO2006901311,BC1ITA01,EGEITABO/5.65 BO 20311208,1531,USD,1531,4.64088795,104.551982,07/08/2026,09:00:01 AM,ESTRUCTURADA,SEGUNDA PARTE,ROTC,05/11/2026,CONFIRMADA,3267091,0,08/12/2021,08/12/2031,5.1,"EMPRESA GENERADORA DE ELECTRICIDAD ITABO, S.A.",EGEITABO,61208
DO2006901311,BC1ITA01,EGEITABO/5.65 BO 20311208,1531,USD,1531,4.67129133,104.599646,07/08/2026,09:00:01 AM,ESTRUCTURADA,PRIMERA PARTE,ROTC,07/08/2026,CONFIRMADA,3267091,0,08/12/2021,08/12/2031,5.1,"EMPRESA GENERADORA DE ELECTRICIDAD ITABO, S.A.",EGEITABO,61285
DO1002261423,NO301129,BCENTRAL/9.5 BOEST 20291130 GTIA,1040000,DOP,104,9.83564916,99.115832,07/08/2026,09:00:01 AM,PRESTAMO,SEGUNDA PARTE,ROTC,05/11/2026,CONFIRMADA,3267199,0,30/11/2025,30/11/2029,8.45,BANCO CENTRAL DE LA REPUBLICA DOMINICANA,BCENTRAL,62699
DO1002261423,NO301129,BCENTRAL/9.5 BOEST 20291130 GTIA,1040000,DOP,104,9.74142351,99.303781,07/08/2026,09:00:01 AM,PRESTAMO,PRIMERA PARTE,ROTC,07/08/2026,CONFIRMADA,3267199,0,30/11/2025,30/11/2029,8.45,BANCO CENTRAL DE LA REPUBLICA DOMINICANA,BCENTRAL,62727
DO1002261423,NO301129,BCENTRAL/9.5 BOEST 20291130 GTIA,1040000,DOP,104,9.83564916,99.115832,07/08/2026,09:00:00 AM,ESTRUCTURADA,SEGUNDA PARTE,ROTC,05/11/2026,CONFIRMADA,3267092,0,30/11/2025,30/11/2029,8.45,BANCO CENTRAL DE LA REPUBLICA DOMINICANA,BCENTRAL,64792
DO1002261423,NO301129,BCENTRAL/9.5 BOEST 20291130 GTIA,1040000,DOP,104,9.74142351,99.303781,07/08/2026,09:00:00 AM,ESTRUCTURADA,PRIMERA PARTE,ROTC,07/08/2026,CONFIRMADA,3267092,0,30/11/2025,30/11/2029,8.45,BANCO CENTRAL DE LA REPUBLICA DOMINICANA,BCENTRAL,64820
DO1002261423,NO301129,BCENTRAL/9.5 BOEST 20291130 GTIA,610000,DOP,61,9.71218665,99.435161,07/08/2026,09:00:00 AM,PRESTAMO,SEGUNDA PARTE,ROTC,05/11/2026,CONFIRMADA,3267198,0,30/11/2025,30/11/2029,8.4,BANCO CENTRAL DE LA REPUBLICA DOMINICANA,BCENTRAL,62006
DO1002261423,NO301129,BCENTRAL/9.5 BOEST 20291130 GTIA,610000,DOP,61,9.6240895,99.628917,07/08/2026,09:00:00 AM,PRESTAMO,PRIMERA PARTE,ROTC,07/08/2026,CONFIRMADA,3267198,0,30/11/2025,30/11/2029,8.4,BANCO CENTRAL DE LA REPUBLICA DOMINICANA,BCENTRAL,61866
DO1002261423,NO301129,BCENTRAL/9.5 BOEST 20291130 GTIA,610000,DOP,61,9.71218665,99.435161,07/08/2026,08:59:59 AM,ESTRUCTURADA,SEGUNDA PARTE,ROTC,05/11/2026,CONFIRMADA,3267093,0,30/11/2025,30/11/2029,8.4,BANCO CENTRAL DE LA REPUBLICA DOMINICANA,BCENTRAL,64295
DO1002261423,NO301129,BCENTRAL/9.5 BOEST 20291130 GTIA,610000,DOP,61,9.6240895,99.628917,07/08/2026,08:59:59 AM,ESTRUCTURADA,PRIMERA PARTE,ROTC,07/08/2026,CONFIRMADA,3267093,0,30/11/2025,30/11/2029,8.4,BANCO CENTRAL DE LA REPUBLICA DOMINICANA,BCENTRAL,64155
DO1002261829,NO010330,BCENTRAL/9.5 BOEST 20300301 GTIA,40000000,DOP,4000,9.82,99.042585,07/08/2026,08:54:56 AM,CONTADO,PRIMERA PARTE,ROTC,07/08/2026,CONFIRMADA,3267077,0,01/03/2026,01/03/2030,0,BANCO CENTRAL DE LA REPUBLICA DOMINICANA,BCENTRAL,60641
DO1002261423,NO301129,BCENTRAL/9.5 BOEST 20291130 GTIA,320000,DOP,32,10.06212336,98.489712,07/08/2026,08:42:21 AM,PRESTAMO,SEGUNDA PARTE,ROTC,06/10/2026,CONFIRMADA,3267079,0,30/11/2025,30/11/2029,8.15,BANCO CENTRAL DE LA REPUBLICA DOMINICANA,BCENTRAL,62293
DO1002261423,NO301129,BCENTRAL/9.5 BOEST 20291130 GTIA,320000,DOP,32,9.97002696,98.674106,07/08/2026,08:42:21 AM,PRESTAMO,PRIMERA PARTE,ROTC,07/08/2026,CONFIRMADA,3267079,0,30/11/2025,30/11/2029,8.15,BANCO CENTRAL DE LA REPUBLICA DOMINICANA,BCENTRAL,62195
DO1002261423,NO301129,BCENTRAL/9.5 BOEST 20291130 GTIA,320000,DOP,32,10.06212336,98.489712,07/08/2026,08:42:20 AM,ESTRUCTURADA,SEGUNDA PARTE,ROTC,06/10/2026,CONFIRMADA,3267078,0,30/11/2025,30/11/2029,8.15,BANCO CENTRAL DE LA REPUBLICA DOMINICANA,BCENTRAL,64386
DO1002261423,NO301129,BCENTRAL/9.5 BOEST 20291130 GTIA,320000,DOP,32,9.97002696,98.674106,07/08/2026,08:42:20 AM,ESTRUCTURADA,PRIMERA PARTE,ROTC,07/08/2026,CONFIRMADA,3267078,0,30/11/2025,30/11/2029,8.15,BANCO CENTRAL DE LA REPUBLICA DOMINICANA,BCENTRAL,64288
