idIsinCodeFk,mnemonicCode,fisnCode,nominalAmount,currencyCode,stockQuantity,operationYield,operationPrice,operationDate,operationHour,operationType,operationPart,settlementSystem,settlementDate,operationState,idMechanismOperationPk,indSendOtcApp,issuanceDate,expirationDate,operationRate,issuerName,shortName,checkDigit
DO1002228729,NO030328,BCENTRAL/9.5 BOEST 20280303 GTIA,2000000,DOP,200,8.5,101.306619,25/09/2026,06:26:48 PM,CONTADO,PRIMERA PARTE,ROTC,29/09/2026,CONFIRMADA,3363723,0,03/03/2025,03/03/2028,0,BANCO CENTRAL DE LA REPUBLICA DOMINICANA,BCENTRAL,60067
DO1002228729,NO030328,BCENTRAL/9.5 BOEST 20280303 GTIA,570000,DOP,57,10.5,98.688288,25/09/2026,06:25:41 PM,CONTADO,PRIMERA PARTE,ROTC,28/09/2026,CONFIRMADA,3363722,0,03/03/2025,03/03/2028,0,BANCO CENTRAL DE LA REPUBLICA DOMINICANA,BCENTRAL,59633
DO1002262223,LE030927,BCENTRAL/ LT 20270903 GTIA,1280000,DOP,128,7.35,92.193755,25/09/2026,06:19:44 PM,PRESTAMO,SEGUNDA PARTE,ROTC,30/03/2027,CONFIRMADA,3363721,0,03/09/2026,03/09/2027,0.02,BANCO CENTRAL DE LA REPUBLICA DOMINICANA,BCENTRAL,58086
DO1002262223,LE030927,BCENTRAL/ LT 20270903 GTIA,1280000,DOP,128,7.35,92.193755,25/09/2026,06:19:44 PM,PRESTAMO,PRIMERA PARTE,ROTC,28/09/2026,CONFIRMADA,3363721,0,03/09/2026,03/09/2027,0.02,BANCO CENTRAL DE LA REPUBLICA DOMINICANA,BCENTRAL,58233
DO1002262223,LE030927,BCENTRAL/ LT 20270903 GTIA,1280000,DOP,128,10.480863,95.628971,25/09/2026,06:19:38 PM,PLAZO,PRIMERA PARTE,ROTC,30/03/2027,CONFIRMADA,3363720,0,03/09/2026,03/09/2027,0,BANCO CENTRAL DE LA REPUBLICA DOMINICANA,BCENTRAL,58394
DO1002262223,LE030927,BCENTRAL/ LT 20270903 GTIA,1280000,DOP,128,8.965288,92.193755,25/09/2026,06:19:33 PM,CONTADO,PRIMERA PARTE,ROTC,28/09/2026,CONFIRMADA,3363719,0,03/09/2026,03/09/2027,0,BANCO CENTRAL DE LA REPUBLICA DOMINICANA,BCENTRAL,59087
DO1002224124,NO120327,BCENTRAL/8 BOEST 20270312 GTIA,2650000,DOP,265,7.78,99.646409,25/09/2026,06:18:21 PM,PRESTAMO,SEGUNDA PARTE,ROTC,28/12/2026,CONFIRMADA,3363718,0,12/03/2022,12/03/2027,0.02,BANCO CENTRAL DE LA REPUBLICA DOMINICANA,BCENTRAL,60130
DO1002224124,NO120327,BCENTRAL/8 BOEST 20270312 GTIA,2650000,DOP,265,7.78,99.646409,25/09/2026,06:18:21 PM,PRESTAMO,PRIMERA PARTE,ROTC,28/09/2026,CONFIRMADA,3363718,0,12/03/2022,12/03/2027,0.02,BANCO CENTRAL DE LA REPUBLICA DOMINICANA,BCENTRAL,60235
DO1002224124,NO120327,BCENTRAL/8 BOEST 20270312 GTIA,2650000,DOP,265,9.921786,99.596915,25/09/2026,06:18:16 PM,PLAZO,PRIMERA PARTE,ROTC,28/12/2026,CONFIRMADA,3363717,0,12/03/2022,12/03/2027,0,BANCO CENTRAL DE LA REPUBLICA DOMINICANA,BCENTRAL,60144
DO1002224124,NO120327,BCENTRAL/8 BOEST 20270312 GTIA,2650000,DOP,265,8.792576,99.646409,25/09/2026,06:18:05 PM,CONTADO,PRIMERA PARTE,ROTC,28/09/2026,CONFIRMADA,3363716,0,12/03/2022,12/03/2027,0,BANCO CENTRAL DE LA REPUBLICA DOMINICANA,BCENTRAL,61054
DO1002261928,LE090427,BCENTRAL/ LT 20270409 GTIA,3860000,DOP,386,8.066096,95.854923,25/09/2026,06:16:47 PM,CONTADO,PRIMERA PARTE,ROTC,28/09/2026,CONFIRMADA,3363715,0,09/04/2026,09/04/2027,0,BANCO CENTRAL DE LA REPUBLICA DOMINICANA,BCENTRAL,59227
USP3579ECE51,BSRD2049,"DOMINICAN, REP /6.4 BD 20490605",7000,USD,7,4.8398,121.274857,25/09/2026,06:15:47 PM,PRESTAMO,SEGUNDA PARTE,ROTC,12/11/2026,CONFIRMADA,3363695,0,05/06/2019,05/06/2049,2.122859,MINISTERIO DE HACIENDA,HACIENDA,60221
USP3579ECE51,BSRD2049,"DOMINICAN, REP /6.4 BD 20490605",7000,USD,7,4.8335,121.432254,25/09/2026,06:15:47 PM,PRESTAMO,PRIMERA PARTE,ROTC,28/09/2026,CONFIRMADA,3363695,0,05/06/2019,05/06/2049,2.122859,MINISTERIO DE HACIENDA,HACIENDA,60228
USP3579ECE51,BSRD2049,"DOMINICAN, REP /6.4 BD 20490605",7000,USD,7,4.8398,121.274857,25/09/2026,06:15:36 PM,ESTRUCTURADA,SEGUNDA PARTE,ROTC,12/11/2026,CONFIRMADA,3363694,0,05/06/2019,05/06/2049,4.05,MINISTERIO DE HACIENDA,HACIENDA,62307
USP3579ECE51,BSRD2049,"DOMINICAN, REP /6.4 BD 20490605",7000,USD,7,4.8335,121.432254,25/09/2026,06:15:36 PM,ESTRUCTURADA,PRIMERA PARTE,ROTC,28/09/2026,CONFIRMADA,3363694,0,05/06/2019,05/06/2049,4.05,MINISTERIO DE HACIENDA,HACIENDA,62314
DO2016300223,BC1GUL02,GULFSTREAM/11.15 BO 20290624,2697567,DOP,2697567,11.3651,99.509596,25/09/2026,06:14:50 PM,PRESTAMO,SEGUNDA PARTE,ROTC,13/11/2026,CONFIRMADA,3363699,0,24/06/2019,24/06/2029,1.178018,GULFSTREAM PETROLEUM DOMINICANA S DE RL,GULFSTREAM,61880
DO2016300223,BC1GUL02,GULFSTREAM/11.15 BO 20290624,2697567,DOP,2697567,11.2149,99.846758,25/09/2026,06:14:50 PM,PRESTAMO,PRIMERA PARTE,ROTC,29/09/2026,CONFIRMADA,3363699,0,24/06/2019,24/06/2029,1.178018,GULFSTREAM PETROLEUM DOMINICANA S DE RL,GULFSTREAM,62076
DO2016300223,BC1GUL02,GULFSTREAM/11.15 BO 20290624,2697567,DOP,2697567,11.3651,99.509596,25/09/2026,06:14:48 PM,ESTRUCTURADA,SEGUNDA PARTE,ROTC,13/11/2026,CONFIRMADA,3363698,0,24/06/2019,24/06/2029,8.3,GULFSTREAM PETROLEUM DOMINICANA S DE RL,GULFSTREAM,64029
DO2016300223,BC1GUL02,GULFSTREAM/11.15 BO 20290624,2697567,DOP,2697567,11.2149,99.846758,25/09/2026,06:14:48 PM,ESTRUCTURADA,PRIMERA PARTE,ROTC,29/09/2026,CONFIRMADA,3363698,0,24/06/2019,24/06/2029,8.3,GULFSTREAM PETROLEUM DOMINICANA S DE RL,GULFSTREAM,64225
DO1002224124,NO120327,BCENTRAL/8 BOEST 20270312 GTIA,5000000,DOP,500,8.792576,99.646409,25/09/2026,06:13:05 PM,CONTADO,PRIMERA PARTE,ROTC,28/09/2026,CONFIRMADA,3363714,0,12/03/2022,12/03/2027,0,BANCO CENTRAL DE LA REPUBLICA DOMINICANA,BCENTRAL,60907
DO1002262223,LE030927,BCENTRAL/ LT 20270903 GTIA,8380000,DOP,838,8.3,92.16775,25/09/2026,06:12:48 PM,PRESTAMO,SEGUNDA PARTE,ROTC,29/03/2027,CONFIRMADA,3363713,0,03/09/2026,03/09/2027,0.02,BANCO CENTRAL DE LA REPUBLICA DOMINICANA,BCENTRAL,57505
DO1002262223,LE030927,BCENTRAL/ LT 20270903 GTIA,8380000,DOP,838,8.3,92.16775,25/09/2026,06:12:48 PM,PRESTAMO,PRIMERA PARTE,ROTC,28/09/2026,CONFIRMADA,3363713,0,03/09/2026,03/09/2027,0.02,BANCO CENTRAL DE LA REPUBLICA DOMINICANA,BCENTRAL,57596
DO2016300223,BC1GUL02,GULFSTREAM/11.15 BO 20290624,2036965,DOP,2036965,11.7436,98.842258,25/09/2026,06:12:41 PM,PRESTAMO,SEGUNDA PARTE,ROTC,29/03/2027,CONFIRMADA,3363691,0,24/06/2019,24/06/2029,0.891245,GULFSTREAM PETROLEUM DOMINICANA S DE RL,GULFSTREAM,61768
DO2016300223,BC1GUL02,GULFSTREAM/11.15 BO 20290624,2036965,DOP,2036965,11.2019,99.877286,25/09/2026,06:12:41 PM,PRESTAMO,PRIMERA PARTE,ROTC,28/09/2026,CONFIRMADA,3363691,0,24/06/2019,24/06/2029,0.891245,GULFSTREAM PETROLEUM DOMINICANA S DE RL,GULFSTREAM,61873
DO1002224124,NO120327,BCENTRAL/8 BOEST 20270312 GTIA,5000000,DOP,500,8.1,99.646409,25/09/2026,06:12:40 PM,PRESTAMO,SEGUNDA PARTE,ROTC,25/02/2027,CONFIRMADA,3363712,0,12/03/2022,12/03/2027,0.02,BANCO CENTRAL DE LA REPUBLICA DOMINICANA,BCENTRAL,59535
DO1002224124,NO120327,BCENTRAL/8 BOEST 20270312 GTIA,5000000,DOP,500,8.1,99.646409,25/09/2026,06:12:40 PM,PRESTAMO,PRIMERA PARTE,ROTC,28/09/2026,CONFIRMADA,3363712,0,12/03/2022,12/03/2027,0.02,BANCO CENTRAL DE LA REPUBLICA DOMINICANA,BCENTRAL,59661
DO1002224124,NO120327,BCENTRAL/8 BOEST 20270312 GTIA,5000000,DOP,500,15.298375,99.698159,25/09/2026,06:12:39 PM,PLAZO,PRIMERA PARTE,ROTC,25/02/2027,CONFIRMADA,3363711,0,12/03/2022,12/03/2027,0,BANCO CENTRAL DE LA REPUBLICA DOMINICANA,BCENTRAL,60347
DO2016300223,BC1GUL02,GULFSTREAM/11.15 BO 20290624,2036965,DOP,2036965,11.7436,98.842258,25/09/2026,06:12:30 PM,ESTRUCTURADA,SEGUNDA PARTE,ROTC,29/03/2027,CONFIRMADA,3363690,0,24/06/2019,24/06/2029,8.95,GULFSTREAM PETROLEUM DOMINICANA S DE RL,GULFSTREAM,63854
DO2016300223,BC1GUL02,GULFSTREAM/11.15 BO 20290624,2036965,DOP,2036965,11.2019,99.877286,25/09/2026,06:12:30 PM,ESTRUCTURADA,PRIMERA PARTE,ROTC,28/09/2026,CONFIRMADA,3363690,0,24/06/2019,24/06/2029,8.95,GULFSTREAM PETROLEUM DOMINICANA S DE RL,GULFSTREAM,63959
DO2018100324,BC1AES03,AESTRELLA/11.25 BO 20301130,3755221,DOP,3755221,11.8874,98.113908,25/09/2026,06:12:10 PM,ESTRUCTURADA,SEGUNDA PARTE,ROTC,29/03/2027,CONFIRMADA,3363703,0,30/11/2020,30/11/2030,9.15,ACERO ESTRELLA S A,AESTRELLA,62923
DO2018100324,BC1AES03,AESTRELLA/11.25 BO 20301130,3755221,DOP,3755221,11.5224,99.098039,25/09/2026,06:12:10 PM,ESTRUCTURADA,PRIMERA PARTE,ROTC,28/09/2026,CONFIRMADA,3363703,0,30/11/2020,30/11/2030,9.15,ACERO ESTRELLA S A,AESTRELLA,62972
DO2018100324,BC1AES03,AESTRELLA/11.25 BO 20301130,3755221,DOP,3755221,11.8874,98.113908,25/09/2026,06:12:09 PM,PRESTAMO,SEGUNDA PARTE,ROTC,29/03/2027,CONFIRMADA,3363704,0,30/11/2020,30/11/2030,0.091201,ACERO ESTRELLA S A,AESTRELLA,60879
DO2018100324,BC1AES03,AESTRELLA/11.25 BO 20301130,3755221,DOP,3755221,11.5224,99.098039,25/09/2026,06:12:09 PM,PRESTAMO,PRIMERA PARTE,ROTC,28/09/2026,CONFIRMADA,3363704,0,30/11/2020,30/11/2030,0.091201,ACERO ESTRELLA S A,AESTRELLA,60928
DO1005206516,MH32028,HACIENDA/10.75 BOEST 20280811 GTIA,48900000,DOP,489,10.3042,100.699299,25/09/2026,06:09:13 PM,ESTRUCTURADA,SEGUNDA PARTE,ROTC,28/10/2026,CONFIRMADA,3363682,0,10/08/2018,11/08/2028,9.6,MINISTERIO DE HACIENDA,HACIENDA,64771
DO1005206516,MH32028,HACIENDA/10.75 BOEST 20280811 GTIA,48900000,DOP,489,10.2906,100.765194,25/09/2026,06:09:13 PM,ESTRUCTURADA,PRIMERA PARTE,ROTC,28/09/2026,CONFIRMADA,3363682,0,10/08/2018,11/08/2028,9.6,MINISTERIO DE HACIENDA,HACIENDA,64862
DO1005206516,MH32028,HACIENDA/10.75 BOEST 20280811 GTIA,48900000,DOP,489,10.3042,100.699299,25/09/2026,06:09:11 PM,PRESTAMO,SEGUNDA PARTE,ROTC,28/10/2026,CONFIRMADA,3363683,0,10/08/2018,11/08/2028,2.194414,MINISTERIO DE HACIENDA,HACIENDA,62657
DO1005206516,MH32028,HACIENDA/10.75 BOEST 20280811 GTIA,48900000,DOP,489,10.2906,100.765194,25/09/2026,06:09:11 PM,PRESTAMO,PRIMERA PARTE,ROTC,28/09/2026,CONFIRMADA,3363683,0,10/08/2018,11/08/2028,2.194414,MINISTERIO DE HACIENDA,HACIENDA,62748
USP3579EBV85,BSDR2027,DOMINICAN Rep/5.95 BD 20270125 Se,220000,USD,220,6.000017,99.974275,25/09/2026,06:08:38 PM,CONTADO,PRIMERA PARTE,ROTC,30/09/2026,CONFIRMADA,3363710,0,25/01/2017,25/01/2027,0,MINISTERIO DE HACIENDA,HACIENDA,63182
USP3579ECN50,BSRD2033, ,220000,USD,220,6,99.992637,25/09/2026,06:08:31 PM,CONTADO,PRIMERA PARTE,ROTC,30/09/2026,CONFIRMADA,3363709,0,22/02/2022,22/02/2033,0,MINISTERIO DE HACIENDA,HACIENDA,46445
DO1002226525,NO180228,BCENTRAL/15 BOEST 20280218 GTIA,3470000,DOP,347,1.6359,110.767511,25/09/2026,06:07:51 PM,PRESTAMO,SEGUNDA PARTE,ROTC,26/04/2027,CONFIRMADA,3363664,0,18/02/2023,18/02/2028,6.486297,BANCO CENTRAL DE LA REPUBLICA DOMINICANA,BCENTRAL,61502
DO1002226525,NO180228,BCENTRAL/15 BOEST 20280218 GTIA,3470000,DOP,347,10.0947,106.178968,25/09/2026,06:07:51 PM,PRESTAMO,PRIMERA PARTE,ROTC,28/09/2026,CONFIRMADA,3363664,0,18/02/2023,18/02/2028,6.486297,BANCO CENTRAL DE LA REPUBLICA DOMINICANA,BCENTRAL,62041
DO1002226525,NO180228,BCENTRAL/15 BOEST 20280218 GTIA,3470000,DOP,347,1.6359,110.767511,25/09/2026,06:07:50 PM,ESTRUCTURADA,SEGUNDA PARTE,ROTC,26/04/2027,CONFIRMADA,3363663,0,18/02/2023,18/02/2028,9.05,BANCO CENTRAL DE LA REPUBLICA DOMINICANA,BCENTRAL,63595
DO1002226525,NO180228,BCENTRAL/15 BOEST 20280218 GTIA,3470000,DOP,347,10.0947,106.178968,25/09/2026,06:07:50 PM,ESTRUCTURADA,PRIMERA PARTE,ROTC,28/09/2026,CONFIRMADA,3363663,0,18/02/2023,18/02/2028,9.05,BANCO CENTRAL DE LA REPUBLICA DOMINICANA,BCENTRAL,64134
USP3579EBV85,BSDR2027,DOMINICAN Rep/5.95 BD 20270125 Se,70000,USD,70,5.900047,100.00582,25/09/2026,06:07:12 PM,CONTADO,PRIMERA PARTE,ROTC,29/09/2026,CONFIRMADA,3363708,0,25/01/2017,25/01/2027,0,MINISTERIO DE HACIENDA,HACIENDA,62370
DO1002228729,NO030328,BCENTRAL/9.5 BOEST 20280303 GTIA,10300000,DOP,1030,11,98.047708,25/09/2026,06:07:07 PM,CONTADO,PRIMERA PARTE,ROTC,28/09/2026,CONFIRMADA,3363707,0,03/03/2025,03/03/2028,0,BANCO CENTRAL DE LA REPUBLICA DOMINICANA,BCENTRAL,60095
DO1002227721,NO111226,BCENTRAL/9 BOEST 20261211 GTIA,3000000,DOP,300,11.000001,99.581524,25/09/2026,06:06:58 PM,CONTADO,PRIMERA PARTE,ROTC,28/09/2026,CONFIRMADA,3363706,0,11/12/2023,11/12/2026,0,BANCO CENTRAL DE LA REPUBLICA DOMINICANA,BCENTRAL,60991
DO2016300223,BC1GUL02,GULFSTREAM/11.15 BO 20290624,2559956,DOP,2559956,11.233,99.802422000000007,25/09/2026,06:06:51 PM,ESTRUCTURADA,SEGUNDA PARTE,ROTC,16/10/2026,CONFIRMADA,3363680,0,24/06/2019,24/06/2029,9.5,GULFSTREAM PETROLEUM DOMINICANA S DE RL,GULFSTREAM,63497
DO2016300223,BC1GUL02,GULFSTREAM/11.15 BO 20290624,2559956,DOP,2559956,11.2019,99.877287,25/09/2026,06:06:51 PM,ESTRUCTURADA,PRIMERA PARTE,ROTC,28/09/2026,CONFIRMADA,3363680,0,24/06/2019,24/06/2029,9.5,GULFSTREAM PETROLEUM DOMINICANA S DE RL,GULFSTREAM,64148
DO2016300223,BC1GUL02,GULFSTREAM/11.15 BO 20290624,2559956,DOP,2559956,11.233,99.802422000000007,25/09/2026,06:06:49 PM,PRESTAMO,SEGUNDA PARTE,ROTC,16/10/2026,CONFIRMADA,3363681,0,24/06/2019,24/06/2029,0.594369,GULFSTREAM PETROLEUM DOMINICANA S DE RL,GULFSTREAM,61446
DO2016300223,BC1GUL02,GULFSTREAM/11.15 BO 20290624,2559956,DOP,2559956,11.2019,99.877287,25/09/2026,06:06:49 PM,PRESTAMO,PRIMERA PARTE,ROTC,28/09/2026,CONFIRMADA,3363681,0,24/06/2019,24/06/2029,0.594369,GULFSTREAM PETROLEUM DOMINICANA S DE RL,GULFSTREAM,62097
DO1002261324,NO241128,BCENTRAL/9.25 BOEST 20281124 GTIA,2500000,DOP,250,8.8,100.843988,25/09/2026,06:06:26 PM,CONTADO,PRIMERA PARTE,ROTC,29/09/2026,CONFIRMADA,3363705,0,24/11/2025,24/11/2028,0,BANCO CENTRAL DE LA REPUBLICA DOMINICANA,BCENTRAL,60508
DO1002223928,NO120227,BCENTRAL/8 BOEST 20270212 GTIA,600000,DOP,60,6.999999,100.348221,25/09/2026,06:06:16 PM,CONTADO,PRIMERA PARTE,ROTC,28/09/2026,CONFIRMADA,3363702,0,12/02/2022,12/02/2027,0,BANCO CENTRAL DE LA REPUBLICA DOMINICANA,BCENTRAL,60606
DO1002261423,NO301129,BCENTRAL/9.5 BOEST 20291130 GTIA,1500000,DOP,150,8.6,102.429873,25/09/2026,06:06:09 PM,CONTADO,PRIMERA PARTE,ROTC,28/09/2026,CONFIRMADA,3363701,0,30/11/2025,30/11/2029,0,BANCO CENTRAL DE LA REPUBLICA DOMINICANA,BCENTRAL,60067
DO1002261829,NO010330,BCENTRAL/9.5 BOEST 20300301 GTIA,8000000,DOP,800,9.15,100.996259,25/09/2026,06:06:04 PM,CONTADO,PRIMERA PARTE,ROTC,28/09/2026,CONFIRMADA,3363700,0,01/03/2026,01/03/2030,0,BANCO CENTRAL DE LA REPUBLICA DOMINICANA,BCENTRAL,60382
DO1002227721,NO111226,BCENTRAL/9 BOEST 20261211 GTIA,8000000,DOP,800,7.900002,100.195404,25/09/2026,06:05:57 PM,CONTADO,PRIMERA PARTE,ROTC,28/09/2026,CONFIRMADA,3363697,0,11/12/2023,11/12/2026,0,BANCO CENTRAL DE LA REPUBLICA DOMINICANA,BCENTRAL,61019
USP3579ECF27,BSRD2030,DOMINICAN REP/4.5 BD 20300130 UNS,142000,USD,142,5.3,97.576425,25/09/2026,06:05:47 PM,CONTADO,PRIMERA PARTE,ROTC,29/09/2026,CONFIRMADA,3363696,0,30/01/2020,30/01/2030,0,MINISTERIO DE HACIENDA,HACIENDA,60823
USP3579EDB04,BSRD2038, ,2000,USD,2,6.032563,101.2221,25/09/2026,06:05:39 PM,CONTADO,PRIMERA PARTE,ROTC,30/09/2026,CONFIRMADA,3363693,0,17/02/2026,17/05/2038,0,MINISTERIO DE HACIENDA,HACIENDA,46879
DO1002227721,NO111226,BCENTRAL/9 BOEST 20261211 GTIA,10000,DOP,1,5.499998,100.679566,25/09/2026,06:05:29 PM,CONTADO,PRIMERA PARTE,ROTC,28/09/2026,CONFIRMADA,3363692,0,11/12/2023,11/12/2026,0,BANCO CENTRAL DE LA REPUBLICA DOMINICANA,BCENTRAL,59927
DO1002261829,NO010330,BCENTRAL/9.5 BOEST 20300301 GTIA,1100000,DOP,110,9.1,101.141606,25/09/2026,06:05:14 PM,CONTADO,PRIMERA PARTE,ROTC,28/09/2026,CONFIRMADA,3363689,0,01/03/2026,01/03/2030,0,BANCO CENTRAL DE LA REPUBLICA DOMINICANA,BCENTRAL,59780
DO1002227721,NO111226,BCENTRAL/9 BOEST 20261211 GTIA,310000,DOP,31,9.93,99.791973,25/09/2026,06:04:57 PM,CONTADO,PRIMERA PARTE,ROTC,28/09/2026,CONFIRMADA,3362774,0,11/12/2023,11/12/2026,0,BANCO CENTRAL DE LA REPUBLICA DOMINICANA,BCENTRAL,58835
DO1002228729,NO030328,BCENTRAL/9.5 BOEST 20280303 GTIA,250000,DOP,25,9.2,100.381168,25/09/2026,06:04:55 PM,CONTADO,PRIMERA PARTE,ROTC,28/09/2026,CONFIRMADA,3363688,0,03/03/2025,03/03/2028,0,BANCO CENTRAL DE LA REPUBLICA DOMINICANA,BCENTRAL,59409
USP3579ECG00,BSRD2060,DOMINICAN REP/5.875 BD 20600130 U,10000,USD,10,5.0955,112.4132,25/09/2026,06:04:18 PM,ESTRUCTURADA,SEGUNDA PARTE,ROTC,12/11/2026,CONFIRMADA,3363673,0,30/01/2020,30/01/2060,4.05,MINISTERIO DE HACIENDA,HACIENDA,62881
USP3579ECG00,BSRD2060,DOMINICAN REP/5.875 BD 20600130 U,10000,USD,10,5.0883,112.556672,25/09/2026,06:04:18 PM,ESTRUCTURADA,PRIMERA PARTE,ROTC,28/09/2026,CONFIRMADA,3363673,0,30/01/2020,30/01/2060,4.05,MINISTERIO DE HACIENDA,HACIENDA,63861
DO1002226525,NO180228,BCENTRAL/15 BOEST 20280218 GTIA,100000,DOP,10,11.3319,104.16561,25/09/2026,06:04:17 PM,PRESTAMO,SEGUNDA PARTE,ROTC,12/11/2026,CONFIRMADA,3363662,0,18/02/2023,18/02/2028,2.572851,BANCO CENTRAL DE LA REPUBLICA DOMINICANA,BCENTRAL,60508
DO1002226525,NO180228,BCENTRAL/15 BOEST 20280218 GTIA,100000,DOP,10,11.0682,104.900824,25/09/2026,06:04:17 PM,PRESTAMO,PRIMERA PARTE,ROTC,28/09/2026,CONFIRMADA,3363662,0,18/02/2023,18/02/2028,2.572851,BANCO CENTRAL DE LA REPUBLICA DOMINICANA,BCENTRAL,61033
USP3579ECG00,BSRD2060,DOMINICAN REP/5.875 BD 20600130 U,10000,USD,10,5.0955,112.4132,25/09/2026,06:04:17 PM,PRESTAMO,SEGUNDA PARTE,ROTC,12/11/2026,CONFIRMADA,3363674,0,30/01/2020,30/01/2060,1.333413,MINISTERIO DE HACIENDA,HACIENDA,60774
USP3579ECG00,BSRD2060,DOMINICAN REP/5.875 BD 20600130 U,10000,USD,10,5.0883,112.556672,25/09/2026,06:04:17 PM,PRESTAMO,PRIMERA PARTE,ROTC,28/09/2026,CONFIRMADA,3363674,0,30/01/2020,30/01/2060,1.333413,MINISTERIO DE HACIENDA,HACIENDA,61754
DO1002226525,NO180228,BCENTRAL/15 BOEST 20280218 GTIA,100000,DOP,10,11.3319,104.16561,25/09/2026,06:04:16 PM,ESTRUCTURADA,SEGUNDA PARTE,ROTC,12/11/2026,CONFIRMADA,3363661,0,18/02/2023,18/02/2028,8.25,BANCO CENTRAL DE LA REPUBLICA DOMINICANA,BCENTRAL,62601
DO1002226525,NO180228,BCENTRAL/15 BOEST 20280218 GTIA,100000,DOP,10,11.0682,104.900824,25/09/2026,06:04:16 PM,ESTRUCTURADA,PRIMERA PARTE,ROTC,28/09/2026,CONFIRMADA,3363661,0,18/02/2023,18/02/2028,8.25,BANCO CENTRAL DE LA REPUBLICA DOMINICANA,BCENTRAL,63126
DO1002226525,NO180228,BCENTRAL/15 BOEST 20280218 GTIA,430000,DOP,43,9.1715,106.779951,25/09/2026,06:04:16 PM,ESTRUCTURADA,SEGUNDA PARTE,ROTC,12/11/2026,CONFIRMADA,3363676,0,18/02/2023,18/02/2028,8.25,BANCO CENTRAL DE LA REPUBLICA DOMINICANA,BCENTRAL,62867
DO1002226525,NO180228,BCENTRAL/15 BOEST 20280218 GTIA,430000,DOP,43,9.1143,107.488481,25/09/2026,06:04:16 PM,ESTRUCTURADA,PRIMERA PARTE,ROTC,28/09/2026,CONFIRMADA,3363676,0,18/02/2023,18/02/2028,8.25,BANCO CENTRAL DE LA REPUBLICA DOMINICANA,BCENTRAL,62965
DO1002226525,NO180228,BCENTRAL/15 BOEST 20280218 GTIA,430000,DOP,43,9.1715,106.779951,25/09/2026,06:04:14 PM,PRESTAMO,SEGUNDA PARTE,ROTC,12/11/2026,CONFIRMADA,3363677,0,18/02/2023,18/02/2028,2.536061,BANCO CENTRAL DE LA REPUBLICA DOMINICANA,BCENTRAL,60753
DO1002226525,NO180228,BCENTRAL/15 BOEST 20280218 GTIA,430000,DOP,43,9.1143,107.488481,25/09/2026,06:04:14 PM,PRESTAMO,PRIMERA PARTE,ROTC,28/09/2026,CONFIRMADA,3363677,0,18/02/2023,18/02/2028,2.536061,BANCO CENTRAL DE LA REPUBLICA DOMINICANA,BCENTRAL,60851
DO1002226525,NO180228,BCENTRAL/15 BOEST 20280218 GTIA,830000,DOP,83,9.9102,105.875504,25/09/2026,06:04:13 PM,ESTRUCTURADA,SEGUNDA PARTE,ROTC,12/11/2026,CONFIRMADA,3363678,0,18/02/2023,18/02/2028,8.25,BANCO CENTRAL DE LA REPUBLICA DOMINICANA,BCENTRAL,62818
DO1002226525,NO180228,BCENTRAL/15 BOEST 20280218 GTIA,830000,DOP,83,9.7827,106.593266,25/09/2026,06:04:13 PM,ESTRUCTURADA,PRIMERA PARTE,ROTC,28/09/2026,CONFIRMADA,3363678,0,18/02/2023,18/02/2028,8.25,BANCO CENTRAL DE LA REPUBLICA DOMINICANA,BCENTRAL,63084
DO1002226525,NO180228,BCENTRAL/15 BOEST 20280218 GTIA,830000,DOP,83,9.9102,105.875504,25/09/2026,06:04:12 PM,PRESTAMO,SEGUNDA PARTE,ROTC,12/11/2026,CONFIRMADA,3363679,0,18/02/2023,18/02/2028,2.548591,BANCO CENTRAL DE LA REPUBLICA DOMINICANA,BCENTRAL,60711
DO1002226525,NO180228,BCENTRAL/15 BOEST 20280218 GTIA,830000,DOP,83,9.7827,106.593266,25/09/2026,06:04:12 PM,PRESTAMO,PRIMERA PARTE,ROTC,28/09/2026,CONFIRMADA,3363679,0,18/02/2023,18/02/2028,2.548591,BANCO CENTRAL DE LA REPUBLICA DOMINICANA,BCENTRAL,60977
DO1002223621,NO150127,BCENTRAL/8 BOEST 20270115 GTIA,5630000,DOP,563,7.6,99.569426000000007,25/09/2026,06:02:31 PM,PRESTAMO,SEGUNDA PARTE,ROTC,04/12/2026,CONFIRMADA,3363687,0,15/01/2022,15/01/2027,0.02,BANCO CENTRAL DE LA REPUBLICA DOMINICANA,BCENTRAL,59703
DO1002223621,NO150127,BCENTRAL/8 BOEST 20270115 GTIA,5630000,DOP,563,7.6,99.569426000000007,25/09/2026,06:02:31 PM,PRESTAMO,PRIMERA PARTE,ROTC,30/09/2026,CONFIRMADA,3363687,0,15/01/2022,15/01/2027,0.02,BANCO CENTRAL DE LA REPUBLICA DOMINICANA,BCENTRAL,59801
DO1002223621,NO150127,BCENTRAL/8 BOEST 20270115 GTIA,5630000,DOP,563,11.972297,99.54201,25/09/2026,06:02:27 PM,PLAZO,PRIMERA PARTE,ROTC,04/12/2026,CONFIRMADA,3363686,0,15/01/2022,15/01/2027,0,BANCO CENTRAL DE LA REPUBLICA DOMINICANA,BCENTRAL,59913
DO1002223621,NO150127,BCENTRAL/8 BOEST 20270115 GTIA,5630000,DOP,563,9.455933,99.569426000000007,25/09/2026,06:02:23 PM,CONTADO,PRIMERA PARTE,ROTC,30/09/2026,CONFIRMADA,3363685,0,15/01/2022,15/01/2027,0,BANCO CENTRAL DE LA REPUBLICA DOMINICANA,BCENTRAL,60970
DO1002261621,NO010230,BCENTRAL/9.5 BOEST 20300201 GTIA,7390000,DOP,739,9.3,100.539631,25/09/2026,06:00:37 PM,CONTADO,PRIMERA PARTE,ROTC,29/09/2026,CONFIRMADA,3363380,0,01/02/2026,01/02/2030,0,BANCO CENTRAL DE LA REPUBLICA DOMINICANA,BCENTRAL,60011
DO2016300223,BC1GUL02,GULFSTREAM/11.15 BO 20290624,4000435,DOP,4000435,10.2448,101.90183,25/09/2026,05:58:04 PM,PRESTAMO,SEGUNDA PARTE,ROTC,27/01/2027,CONFIRMADA,3363660,0,24/06/2019,24/06/2029,2.975652,GULFSTREAM PETROLEUM DOMINICANA S DE RL,GULFSTREAM,61404
DO2016300223,BC1GUL02,GULFSTREAM/11.15 BO 20290624,4000435,DOP,4000435,11.2019,99.87731,25/09/2026,05:58:04 PM,PRESTAMO,PRIMERA PARTE,ROTC,28/09/2026,CONFIRMADA,3363660,0,24/06/2019,24/06/2029,2.975652,GULFSTREAM PETROLEUM DOMINICANA S DE RL,GULFSTREAM,61299
USP3579ECF27,BSRD2030,DOMINICAN REP/4.5 BD 20300130 UNS,103000,USD,103,6.10000004,95.224547,25/09/2026,05:57:54 PM,CONTADO,PRIMERA PARTE,ROTC,28/09/2026,CONFIRMADA,3363395,0,30/01/2020,30/01/2030,0,MINISTERIO DE HACIENDA,HACIENDA,63126
DO2016300223,BC1GUL02,GULFSTREAM/11.15 BO 20290624,4000435,DOP,4000435,10.2448,101.90183,25/09/2026,05:57:53 PM,ESTRUCTURADA,SEGUNDA PARTE,ROTC,27/01/2027,CONFIRMADA,3363659,0,24/06/2019,24/06/2029,8.75,GULFSTREAM PETROLEUM DOMINICANA S DE RL,GULFSTREAM,63525
DO2016300223,BC1GUL02,GULFSTREAM/11.15 BO 20290624,4000435,DOP,4000435,11.2019,99.87731,25/09/2026,05:57:53 PM,ESTRUCTURADA,PRIMERA PARTE,ROTC,28/09/2026,CONFIRMADA,3363659,0,24/06/2019,24/06/2029,8.75,GULFSTREAM PETROLEUM DOMINICANA S DE RL,GULFSTREAM,63420
DO2016300223,BC1GUL02,GULFSTREAM/11.15 BO 20290624,98379,DOP,98379,7.4554,106.019964,25/09/2026,05:56:29 PM,ESTRUCTURADA,SEGUNDA PARTE,ROTC,23/09/2027,CONFIRMADA,3363653,0,24/06/2019,24/06/2029,8.8,GULFSTREAM PETROLEUM DOMINICANA S DE RL,GULFSTREAM,62636
DO2016300223,BC1GUL02,GULFSTREAM/11.15 BO 20290624,98379,DOP,98379,11.2021,99.877646,25/09/2026,05:56:29 PM,ESTRUCTURADA,PRIMERA PARTE,ROTC,28/09/2026,CONFIRMADA,3363653,0,24/06/2019,24/06/2029,8.8,GULFSTREAM PETROLEUM DOMINICANA S DE RL,GULFSTREAM,62741
DO2016300223,BC1GUL02,GULFSTREAM/11.15 BO 20290624,98379,DOP,98379,7.4554,106.019964,25/09/2026,05:56:28 PM,PRESTAMO,SEGUNDA PARTE,ROTC,23/09/2027,CONFIRMADA,3363654,0,24/06/2019,24/06/2029,8.200546,GULFSTREAM PETROLEUM DOMINICANA S DE RL,GULFSTREAM,60529
DO2016300223,BC1GUL02,GULFSTREAM/11.15 BO 20290624,98379,DOP,98379,11.2021,99.877646,25/09/2026,05:56:28 PM,PRESTAMO,PRIMERA PARTE,ROTC,28/09/2026,CONFIRMADA,3363654,0,24/06/2019,24/06/2029,8.200546,GULFSTREAM PETROLEUM DOMINICANA S DE RL,GULFSTREAM,60634
USP3579ECF27,BSRD2030,DOMINICAN REP/4.5 BD 20300130 UNS,103000,USD,103,5.61520798,96.640476,25/09/2026,05:56:05 PM,CONTADO,PRIMERA PARTE,ROTC,28/09/2026,CONFIRMADA,3363396,0,30/01/2020,30/01/2030,0,MINISTERIO DE HACIENDA,HACIENDA,63343
DO1005205716,MHUS2027,HACIENDA/6 BOEST 20270305 GTIA,50000,USD,50,4.4,102.31554,25/09/2026,05:54:05 PM,PRESTAMO,SEGUNDA PARTE,ROTC,27/01/2027,CONFIRMADA,3363675,0,05/09/2016,05/03/2027,0.02,MINISTERIO DE HACIENDA,HACIENDA,58723
DO1005205716,MHUS2027,HACIENDA/6 BOEST 20270305 GTIA,50000,USD,50,4.4,102.31554,25/09/2026,05:54:05 PM,PRESTAMO,PRIMERA PARTE,ROTC,28/09/2026,CONFIRMADA,3363675,0,05/09/2016,05/03/2027,0.02,MINISTERIO DE HACIENDA,HACIENDA,58842
DO1005205716,MHUS2027,HACIENDA/6 BOEST 20270305 GTIA,50000,USD,50,-11.287041,101.83832,25/09/2026,05:53:59 PM,PLAZO,PRIMERA PARTE,ROTC,27/01/2027,CONFIRMADA,3363672,0,05/09/2016,05/03/2027,0,MINISTERIO DE HACIENDA,HACIENDA,59717
DO1005205716,MHUS2027,HACIENDA/6 BOEST 20270305 GTIA,50000,USD,50,0.628656,102.31554,25/09/2026,05:53:55 PM,CONTADO,PRIMERA PARTE,ROTC,28/09/2026,CONFIRMADA,3363671,0,05/09/2016,05/03/2027,0,MINISTERIO DE HACIENDA,HACIENDA,60032
USP3579ECH82,BSRD2032,"DOMINICAN, REP /4.875 BD 20320923",213000,USD,213,6.55,91.813232,25/09/2026,05:52:57 PM,CONTADO,PRIMERA PARTE,ROTC,28/09/2026,CONFIRMADA,3363427,0,23/09/2020,23/09/2032,0,MINISTERIO DE HACIENDA,HACIENDA,60578
DO2018100324,BC1AES03,AESTRELLA/11.25 BO 20301130,112956,DOP,112956,11.6489,98.711171,25/09/2026,05:52:30 PM,PRESTAMO,SEGUNDA PARTE,ROTC,13/11/2026,CONFIRMADA,3363658,0,30/11/2020,30/11/2030,1.936018,ACERO ESTRELLA S A,AESTRELLA,60081
DO2018100324,BC1AES03,AESTRELLA/11.25 BO 20301130,112956,DOP,112956,11.532,99.066994,25/09/2026,05:52:30 PM,PRESTAMO,PRIMERA PARTE,ROTC,29/09/2026,CONFIRMADA,3363658,0,30/11/2020,30/11/2030,1.936018,ACERO ESTRELLA S A,AESTRELLA,59906
DO2018100324,BC1AES03,AESTRELLA/11.25 BO 20301130,112956,DOP,112956,11.6489,98.711171,25/09/2026,05:52:29 PM,ESTRUCTURADA,SEGUNDA PARTE,ROTC,13/11/2026,CONFIRMADA,3363657,0,30/11/2020,30/11/2030,8.25,ACERO ESTRELLA S A,AESTRELLA,62237
DO2018100324,BC1AES03,AESTRELLA/11.25 BO 20301130,112956,DOP,112956,11.532,99.066994,25/09/2026,05:52:29 PM,ESTRUCTURADA,PRIMERA PARTE,ROTC,29/09/2026,CONFIRMADA,3363657,0,30/11/2020,30/11/2030,8.25,ACERO ESTRELLA S A,AESTRELLA,62062
DO2018100324,BC1AES03,AESTRELLA/11.25 BO 20301130,732175,DOP,732175,11.663,98.690324,25/09/2026,05:52:24 PM,ESTRUCTURADA,SEGUNDA PARTE,ROTC,27/11/2026,CONFIRMADA,3363647,0,30/11/2020,30/11/2030,8.65,ACERO ESTRELLA S A,AESTRELLA,61873
DO2018100324,BC1AES03,AESTRELLA/11.25 BO 20301130,732175,DOP,732175,11.5223,99.098088,25/09/2026,05:52:24 PM,ESTRUCTURADA,PRIMERA PARTE,ROTC,28/09/2026,CONFIRMADA,3363647,0,30/11/2020,30/11/2030,8.65,ACERO ESTRELLA S A,AESTRELLA,62377
DO2018100324,BC1AES03,AESTRELLA/11.25 BO 20301130,732175,DOP,732175,11.663,98.690324,25/09/2026,05:52:23 PM,PRESTAMO,SEGUNDA PARTE,ROTC,27/11/2026,CONFIRMADA,3363648,0,30/11/2020,30/11/2030,2.302382,ACERO ESTRELLA S A,AESTRELLA,59766
DO2018100324,BC1AES03,AESTRELLA/11.25 BO 20301130,732175,DOP,732175,11.5223,99.098088,25/09/2026,05:52:23 PM,PRESTAMO,PRIMERA PARTE,ROTC,28/09/2026,CONFIRMADA,3363648,0,30/11/2020,30/11/2030,2.302382,ACERO ESTRELLA S A,AESTRELLA,60270
DO2018100324,BC1AES03,AESTRELLA/11.25 BO 20301130,164539,DOP,164539,11.6629,98.690541,25/09/2026,05:52:22 PM,ESTRUCTURADA,SEGUNDA PARTE,ROTC,27/11/2026,CONFIRMADA,3363649,0,30/11/2020,30/11/2030,8.65,ACERO ESTRELLA S A,AESTRELLA,62300
DO2018100324,BC1AES03,AESTRELLA/11.25 BO 20301130,164539,DOP,164539,11.5223,99.0983,25/09/2026,05:52:22 PM,ESTRUCTURADA,PRIMERA PARTE,ROTC,28/09/2026,CONFIRMADA,3363649,0,30/11/2020,30/11/2030,8.65,ACERO ESTRELLA S A,AESTRELLA,61642
DO2018100324,BC1AES03,AESTRELLA/11.25 BO 20301130,164539,DOP,164539,11.6629,98.690541,25/09/2026,05:52:20 PM,PRESTAMO,SEGUNDA PARTE,ROTC,27/11/2026,CONFIRMADA,3363650,0,30/11/2020,30/11/2030,2.302381,ACERO ESTRELLA S A,AESTRELLA,60186
DO2018100324,BC1AES03,AESTRELLA/11.25 BO 20301130,164539,DOP,164539,11.5223,99.0983,25/09/2026,05:52:20 PM,PRESTAMO,PRIMERA PARTE,ROTC,28/09/2026,CONFIRMADA,3363650,0,30/11/2020,30/11/2030,2.302381,ACERO ESTRELLA S A,AESTRELLA,59528
DO2018100324,BC1AES03,AESTRELLA/11.25 BO 20301130,524484,DOP,524484,11.663,98.690282,25/09/2026,05:52:19 PM,ESTRUCTURADA,SEGUNDA PARTE,ROTC,27/11/2026,CONFIRMADA,3363651,0,30/11/2020,30/11/2030,8.65,ACERO ESTRELLA S A,AESTRELLA,61950
DO2018100324,BC1AES03,AESTRELLA/11.25 BO 20301130,524484,DOP,524484,11.5224,99.098048,25/09/2026,05:52:19 PM,ESTRUCTURADA,PRIMERA PARTE,ROTC,28/09/2026,CONFIRMADA,3363651,0,30/11/2020,30/11/2030,8.65,ACERO ESTRELLA S A,AESTRELLA,62412
DO2018100324,BC1AES03,AESTRELLA/11.25 BO 20301130,524484,DOP,524484,11.663,98.690282,25/09/2026,05:52:18 PM,PRESTAMO,SEGUNDA PARTE,ROTC,27/11/2026,CONFIRMADA,3363652,0,30/11/2020,30/11/2030,2.302383,ACERO ESTRELLA S A,AESTRELLA,59843
DO2018100324,BC1AES03,AESTRELLA/11.25 BO 20301130,524484,DOP,524484,11.5224,99.098048,25/09/2026,05:52:18 PM,PRESTAMO,PRIMERA PARTE,ROTC,28/09/2026,CONFIRMADA,3363652,0,30/11/2020,30/11/2030,2.302383,ACERO ESTRELLA S A,AESTRELLA,60305
USP3579ECH82,BSRD2032,"DOMINICAN, REP /4.875 BD 20320923",213000,USD,213,6.15,93.693779,25/09/2026,05:51:19 PM,CONTADO,PRIMERA PARTE,ROTC,28/09/2026,CONFIRMADA,3363428,0,23/09/2020,23/09/2032,0,MINISTERIO DE HACIENDA,HACIENDA,60697
DO1002224124,NO120327,BCENTRAL/8 BOEST 20270312 GTIA,2800000,DOP,280,8.1,99.646409,25/09/2026,05:50:21 PM,PRESTAMO,SEGUNDA PARTE,ROTC,25/02/2027,CONFIRMADA,3363670,0,12/03/2022,12/03/2027,0.02,BANCO CENTRAL DE LA REPUBLICA DOMINICANA,BCENTRAL,59605
DO1002224124,NO120327,BCENTRAL/8 BOEST 20270312 GTIA,2800000,DOP,280,8.1,99.646409,25/09/2026,05:50:21 PM,PRESTAMO,PRIMERA PARTE,ROTC,28/09/2026,CONFIRMADA,3363670,0,12/03/2022,12/03/2027,0.02,BANCO CENTRAL DE LA REPUBLICA DOMINICANA,BCENTRAL,59731
DO1002224124,NO120327,BCENTRAL/8 BOEST 20270312 GTIA,2800000,DOP,280,15.298375,99.698159,25/09/2026,05:50:16 PM,PLAZO,PRIMERA PARTE,ROTC,25/02/2027,CONFIRMADA,3363669,0,12/03/2022,12/03/2027,0,BANCO CENTRAL DE LA REPUBLICA DOMINICANA,BCENTRAL,60389
DO1002224124,NO120327,BCENTRAL/8 BOEST 20270312 GTIA,2800000,DOP,280,8.792576,99.646409,25/09/2026,05:50:12 PM,CONTADO,PRIMERA PARTE,ROTC,28/09/2026,CONFIRMADA,3363668,0,12/03/2022,12/03/2027,0,BANCO CENTRAL DE LA REPUBLICA DOMINICANA,BCENTRAL,60963
DO1002223621,NO150127,BCENTRAL/8 BOEST 20270115 GTIA,13440000,DOP,1344,7.5,99.616899,25/09/2026,05:49:00 PM,PRESTAMO,SEGUNDA PARTE,ROTC,28/12/2026,CONFIRMADA,3363667,0,15/01/2022,15/01/2027,0.02,BANCO CENTRAL DE LA REPUBLICA DOMINICANA,BCENTRAL,60473
DO1002223621,NO150127,BCENTRAL/8 BOEST 20270115 GTIA,13440000,DOP,1344,7.5,99.616899,25/09/2026,05:49:00 PM,PRESTAMO,PRIMERA PARTE,ROTC,28/09/2026,CONFIRMADA,3363667,0,15/01/2022,15/01/2027,0.02,BANCO CENTRAL DE LA REPUBLICA DOMINICANA,BCENTRAL,60578
DO1002223621,NO150127,BCENTRAL/8 BOEST 20270115 GTIA,13440000,DOP,1344,17.249982,99.553,25/09/2026,05:48:54 PM,PLAZO,PRIMERA PARTE,ROTC,28/12/2026,CONFIRMADA,3363666,0,15/01/2022,15/01/2027,0,BANCO CENTRAL DE LA REPUBLICA DOMINICANA,BCENTRAL,60025
DO2018100324,BC1AES03,AESTRELLA/11.25 BO 20301130,1031236,DOP,1031236,10.8733,101.161687,25/09/2026,05:48:49 PM,PRESTAMO,SEGUNDA PARTE,ROTC,27/01/2027,CONFIRMADA,3363656,0,30/11/2020,30/11/2030,3.741035,ACERO ESTRELLA S A,AESTRELLA,61040
DO2018100324,BC1AES03,AESTRELLA/11.25 BO 20301130,1031236,DOP,1031236,11.5224,99.097986,25/09/2026,05:48:49 PM,PRESTAMO,PRIMERA PARTE,ROTC,28/09/2026,CONFIRMADA,3363656,0,30/11/2020,30/11/2030,3.741035,ACERO ESTRELLA S A,AESTRELLA,60956
DO1002223621,NO150127,BCENTRAL/8 BOEST 20270115 GTIA,13440000,DOP,1344,9.264528,99.616899,25/09/2026,05:48:49 PM,CONTADO,PRIMERA PARTE,ROTC,28/09/2026,CONFIRMADA,3363665,0,15/01/2022,15/01/2027,0,BANCO CENTRAL DE LA REPUBLICA DOMINICANA,BCENTRAL,61817
DO2018100324,BC1AES03,AESTRELLA/11.25 BO 20301130,1031236,DOP,1031236,10.8733,101.161687,25/09/2026,05:48:42 PM,ESTRUCTURADA,SEGUNDA PARTE,ROTC,27/01/2027,CONFIRMADA,3363655,0,30/11/2020,30/11/2030,8.8,ACERO ESTRELLA S A,AESTRELLA,63091
DO2018100324,BC1AES03,AESTRELLA/11.25 BO 20301130,1031236,DOP,1031236,11.5224,99.097986,25/09/2026,05:48:42 PM,ESTRUCTURADA,PRIMERA PARTE,ROTC,28/09/2026,CONFIRMADA,3363655,0,30/11/2020,30/11/2030,8.8,ACERO ESTRELLA S A,AESTRELLA,63007
USP3579EDB04,BSRD2038, ,10000,USD,10,6.76000001,95.115394,25/09/2026,05:48:19 PM,CONTADO,PRIMERA PARTE,ROTC,28/09/2026,CONFIRMADA,3362776,0,17/02/2026,17/05/2038,0,MINISTERIO DE HACIENDA,HACIENDA,48783
USP3579EDB04,BSRD2038, ,10000,USD,10,6.50000001,97.1503,25/09/2026,05:47:09 PM,CONTADO,PRIMERA PARTE,ROTC,28/09/2026,CONFIRMADA,3362777,0,17/02/2026,17/05/2038,0,MINISTERIO DE HACIENDA,HACIENDA,47957
DO2018100324,BC1AES03,AESTRELLA/11.25 BO 20301130,2382659,DOP,2382659,10.6004,102.033771,25/09/2026,05:45:29 PM,ESTRUCTURADA,SEGUNDA PARTE,ROTC,15/01/2027,CONFIRMADA,3363645,0,30/11/2020,30/11/2030,8.4,ACERO ESTRELLA S A,AESTRELLA,63224
DO2018100324,BC1AES03,AESTRELLA/11.25 BO 20301130,2382659,DOP,2382659,11.2497,99.991883,25/09/2026,05:45:29 PM,ESTRUCTURADA,PRIMERA PARTE,ROTC,28/09/2026,CONFIRMADA,3363645,0,30/11/2020,30/11/2030,8.4,ACERO ESTRELLA S A,AESTRELLA,63343
DO2018100324,BC1AES03,AESTRELLA/11.25 BO 20301130,2382659,DOP,2382659,10.6004,102.033771,25/09/2026,05:45:28 PM,PRESTAMO,SEGUNDA PARTE,ROTC,15/01/2027,CONFIRMADA,3363646,0,30/11/2020,30/11/2030,3.344266,ACERO ESTRELLA S A,AESTRELLA,61117
DO2018100324,BC1AES03,AESTRELLA/11.25 BO 20301130,2382659,DOP,2382659,11.2497,99.991883,25/09/2026,05:45:28 PM,PRESTAMO,PRIMERA PARTE,ROTC,28/09/2026,CONFIRMADA,3363646,0,30/11/2020,30/11/2030,3.344266,ACERO ESTRELLA S A,AESTRELLA,61236
USP3579ECN50,BSRD2033, ,112000,USD,112,6.58,97.00302,25/09/2026,05:44:31 PM,CONTADO,PRIMERA PARTE,ROTC,29/09/2026,CONFIRMADA,3363381,0,22/02/2022,22/02/2033,0,MINISTERIO DE HACIENDA,HACIENDA,47012
USP3579ECN50,BSRD2033, ,90000,USD,90,6.05000006,99.730719,25/09/2026,05:43:20 PM,CONTADO,PRIMERA PARTE,ROTC,29/09/2026,CONFIRMADA,3363378,0,22/02/2022,22/02/2033,0,MINISTERIO DE HACIENDA,HACIENDA,48895
DO2018100324,BC1AES03,AESTRELLA/11.25 BO 20301130,417411,DOP,417411,11.5914,98.889869,25/09/2026,05:40:56 PM,ESTRUCTURADA,SEGUNDA PARTE,ROTC,28/10/2026,CONFIRMADA,3363642,0,30/11/2020,30/11/2030,8.6,ACERO ESTRELLA S A,AESTRELLA,62321
DO2018100324,BC1AES03,AESTRELLA/11.25 BO 20301130,417411,DOP,417411,11.5224,99.097918,25/09/2026,05:40:56 PM,ESTRUCTURADA,PRIMERA PARTE,ROTC,28/09/2026,CONFIRMADA,3363642,0,30/11/2020,30/11/2030,8.6,ACERO ESTRELLA S A,AESTRELLA,62307
DO2018100324,BC1AES03,AESTRELLA/11.25 BO 20301130,417411,DOP,417411,11.5914,98.889869,25/09/2026,05:40:55 PM,PRESTAMO,SEGUNDA PARTE,ROTC,28/10/2026,CONFIRMADA,3363643,0,30/11/2020,30/11/2030,1.599116,ACERO ESTRELLA S A,AESTRELLA,60214
DO2018100324,BC1AES03,AESTRELLA/11.25 BO 20301130,417411,DOP,417411,11.5224,99.097918,25/09/2026,05:40:55 PM,PRESTAMO,PRIMERA PARTE,ROTC,28/09/2026,CONFIRMADA,3363643,0,30/11/2020,30/11/2030,1.599116,ACERO ESTRELLA S A,AESTRELLA,60200
USP3579ECN50,BSRD2033, ,22000,USD,22,6.11000006,99.417334,25/09/2026,05:40:28 PM,CONTADO,PRIMERA PARTE,ROTC,29/09/2026,CONFIRMADA,3363379,0,22/02/2022,22/02/2033,0,MINISTERIO DE HACIENDA,HACIENDA,48804
DO2018100324,BC1AES03,AESTRELLA/11.25 BO 20301130,424485,DOP,424485,10.0321,103.698173,25/09/2026,05:38:18 PM,ESTRUCTURADA,SEGUNDA PARTE,ROTC,29/03/2027,CONFIRMADA,3363639,0,30/11/2020,30/11/2030,9.1,ACERO ESTRELLA S A,AESTRELLA,62559
DO2018100324,BC1AES03,AESTRELLA/11.25 BO 20301130,424485,DOP,424485,11.5224,99.097994,25/09/2026,05:38:18 PM,ESTRUCTURADA,PRIMERA PARTE,ROTC,28/09/2026,CONFIRMADA,3363639,0,30/11/2020,30/11/2030,9.1,ACERO ESTRELLA S A,AESTRELLA,62496
DO2018100324,BC1AES03,AESTRELLA/11.25 BO 20301130,424485,DOP,424485,10.0321,103.698173,25/09/2026,05:38:16 PM,PRESTAMO,SEGUNDA PARTE,ROTC,29/03/2027,CONFIRMADA,3363640,0,30/11/2020,30/11/2030,5.252805,ACERO ESTRELLA S A,AESTRELLA,60445
DO2018100324,BC1AES03,AESTRELLA/11.25 BO 20301130,424485,DOP,424485,11.5224,99.097994,25/09/2026,05:38:16 PM,PRESTAMO,PRIMERA PARTE,ROTC,28/09/2026,CONFIRMADA,3363640,0,30/11/2020,30/11/2030,5.252805,ACERO ESTRELLA S A,AESTRELLA,60382
DO2018100324,BC1AES03,AESTRELLA/11.25 BO 20301130,2977175,DOP,2977175,11.8527,98.215019,25/09/2026,05:35:44 PM,ESTRUCTURADA,SEGUNDA PARTE,ROTC,29/03/2027,CONFIRMADA,3363637,0,30/11/2020,30/11/2030,9.35,ACERO ESTRELLA S A,AESTRELLA,63119
DO2018100324,BC1AES03,AESTRELLA/11.25 BO 20301130,2977175,DOP,2977175,11.5224,99.098047,25/09/2026,05:35:44 PM,ESTRUCTURADA,PRIMERA PARTE,ROTC,28/09/2026,CONFIRMADA,3363637,0,30/11/2020,30/11/2030,9.35,ACERO ESTRELLA S A,AESTRELLA,63224
DO2018100324,BC1AES03,AESTRELLA/11.25 BO 20301130,2977175,DOP,2977175,11.8527,98.215019,25/09/2026,05:35:43 PM,PRESTAMO,SEGUNDA PARTE,ROTC,29/03/2027,CONFIRMADA,3363638,0,30/11/2020,30/11/2030,0.010905,ACERO ESTRELLA S A,AESTRELLA,61012
DO2018100324,BC1AES03,AESTRELLA/11.25 BO 20301130,2977175,DOP,2977175,11.5224,99.098047,25/09/2026,05:35:43 PM,PRESTAMO,PRIMERA PARTE,ROTC,28/09/2026,CONFIRMADA,3363638,0,30/11/2020,30/11/2030,0.010905,ACERO ESTRELLA S A,AESTRELLA,61117
DO2018100324,BC1AES03,AESTRELLA/11.25 BO 20301130,10240,DOP,10240,10.9727,100.84375,25/09/2026,05:32:33 PM,ESTRUCTURADA,SEGUNDA PARTE,ROTC,26/02/2027,CONFIRMADA,3363635,0,30/11/2020,30/11/2030,8.55,ACERO ESTRELLA S A,AESTRELLA,61243
DO2018100324,BC1AES03,AESTRELLA/11.25 BO 20301130,10240,DOP,10240,11.5313,99.069092,25/09/2026,05:32:33 PM,ESTRUCTURADA,PRIMERA PARTE,ROTC,29/09/2026,CONFIRMADA,3363635,0,30/11/2020,30/11/2030,8.55,ACERO ESTRELLA S A,AESTRELLA,61397
DO2018100324,BC1AES03,AESTRELLA/11.25 BO 20301130,10240,DOP,10240,10.9727,100.84375,25/09/2026,05:32:32 PM,PRESTAMO,SEGUNDA PARTE,ROTC,26/02/2027,CONFIRMADA,3363636,0,30/11/2020,30/11/2030,4.332883,ACERO ESTRELLA S A,AESTRELLA,59136
DO2018100324,BC1AES03,AESTRELLA/11.25 BO 20301130,10240,DOP,10240,11.5313,99.069092,25/09/2026,05:32:32 PM,PRESTAMO,PRIMERA PARTE,ROTC,29/09/2026,CONFIRMADA,3363636,0,30/11/2020,30/11/2030,4.332883,ACERO ESTRELLA S A,AESTRELLA,59290
DO1005205716,MHUS2027,HACIENDA/6 BOEST 20270305 GTIA,309000,USD,309,-1.149,102.366696,25/09/2026,05:32:14 PM,PRESTAMO,SEGUNDA PARTE,ROTC,05/11/2026,CONFIRMADA,3363644,0,05/09/2016,05/03/2027,4.7,MINISTERIO DE HACIENDA,HACIENDA,60935
DO1005205716,MHUS2027,HACIENDA/6 BOEST 20270305 GTIA,309000,USD,309,0.1433,102.468786,25/09/2026,05:32:14 PM,PRESTAMO,PRIMERA PARTE,ROTC,02/10/2026,CONFIRMADA,3363644,0,05/09/2016,05/03/2027,4.7,MINISTERIO DE HACIENDA,HACIENDA,60984
DO1005205716,MHUS2027,HACIENDA/6 BOEST 20270305 GTIA,309000,USD,309,-1.149,102.366696,25/09/2026,05:32:12 PM,ESTRUCTURADA,SEGUNDA PARTE,ROTC,05/11/2026,CONFIRMADA,3363443,0,05/09/2016,05/03/2027,4.7,MINISTERIO DE HACIENDA,HACIENDA,63021
DO1005205716,MHUS2027,HACIENDA/6 BOEST 20270305 GTIA,309000,USD,309,0.1433,102.468786,25/09/2026,05:32:12 PM,ESTRUCTURADA,PRIMERA PARTE,ROTC,02/10/2026,CONFIRMADA,3363443,0,05/09/2016,05/03/2027,4.7,MINISTERIO DE HACIENDA,HACIENDA,63070
DO2018100324,BC1AES03,AESTRELLA/11.25 BO 20301130,212193,DOP,212193,11.6417,98.742023,25/09/2026,05:30:23 PM,ESTRUCTURADA,SEGUNDA PARTE,ROTC,12/11/2026,CONFIRMADA,3363633,0,30/11/2020,30/11/2030,8.25,ACERO ESTRELLA S A,AESTRELLA,62013
DO2018100324,BC1AES03,AESTRELLA/11.25 BO 20301130,212193,DOP,212193,11.5224,99.097842,25/09/2026,05:30:23 PM,ESTRUCTURADA,PRIMERA PARTE,ROTC,28/09/2026,CONFIRMADA,3363633,0,30/11/2020,30/11/2030,8.25,ACERO ESTRELLA S A,AESTRELLA,62230
DO2018100324,BC1AES03,AESTRELLA/11.25 BO 20301130,212193,DOP,212193,11.6417,98.742023,25/09/2026,05:30:22 PM,PRESTAMO,SEGUNDA PARTE,ROTC,12/11/2026,CONFIRMADA,3363634,0,30/11/2020,30/11/2030,1.90551,ACERO ESTRELLA S A,AESTRELLA,59906
DO2018100324,BC1AES03,AESTRELLA/11.25 BO 20301130,212193,DOP,212193,11.5224,99.097842,25/09/2026,05:30:22 PM,PRESTAMO,PRIMERA PARTE,ROTC,28/09/2026,CONFIRMADA,3363634,0,30/11/2020,30/11/2030,1.90551,ACERO ESTRELLA S A,AESTRELLA,60123
DO1005205716,MHUS2027,HACIENDA/6 BOEST 20270305 GTIA,20000,USD,20,-2.2738,102.91715,25/09/2026,05:27:01 PM,PRESTAMO,SEGUNDA PARTE,ROTC,29/10/2026,CONFIRMADA,3363641,0,05/09/2016,05/03/2027,3.75,MINISTERIO DE HACIENDA,HACIENDA,60116
DO1005205716,MHUS2027,HACIENDA/6 BOEST 20270305 GTIA,20000,USD,20,-1.1272,103.0869,25/09/2026,05:27:01 PM,PRESTAMO,PRIMERA PARTE,ROTC,29/09/2026,CONFIRMADA,3363641,0,05/09/2016,05/03/2027,3.75,MINISTERIO DE HACIENDA,HACIENDA,59843
DO1005205716,MHUS2027,HACIENDA/6 BOEST 20270305 GTIA,20000,USD,20,-2.2738,102.91715,25/09/2026,05:27:00 PM,ESTRUCTURADA,SEGUNDA PARTE,ROTC,29/10/2026,CONFIRMADA,3363440,0,05/09/2016,05/03/2027,3.75,MINISTERIO DE HACIENDA,HACIENDA,62209
DO1005205716,MHUS2027,HACIENDA/6 BOEST 20270305 GTIA,20000,USD,20,-1.1272,103.0869,25/09/2026,05:27:00 PM,ESTRUCTURADA,PRIMERA PARTE,ROTC,29/09/2026,CONFIRMADA,3363440,0,05/09/2016,05/03/2027,3.75,MINISTERIO DE HACIENDA,HACIENDA,61936
DO1002261423,NO301129,BCENTRAL/9.5 BOEST 20291130 GTIA,200000,DOP,20,8.0994,103.568985,25/09/2026,05:25:11 PM,PRESTAMO,SEGUNDA PARTE,ROTC,28/12/2026,CONFIRMADA,3363632,0,30/11/2025,30/11/2029,8.25,BANCO CENTRAL DE LA REPUBLICA DOMINICANA,BCENTRAL,61061
DO1002261423,NO301129,BCENTRAL/9.5 BOEST 20291130 GTIA,200000,DOP,20,9.848,99.046545,25/09/2026,05:25:11 PM,PRESTAMO,PRIMERA PARTE,ROTC,29/09/2026,CONFIRMADA,3363632,0,30/11/2025,30/11/2029,8.25,BANCO CENTRAL DE LA REPUBLICA DOMINICANA,BCENTRAL,60473
DO1002261423,NO301129,BCENTRAL/9.5 BOEST 20291130 GTIA,200000,DOP,20,8.0994,103.568985,25/09/2026,05:25:10 PM,ESTRUCTURADA,SEGUNDA PARTE,ROTC,28/12/2026,CONFIRMADA,3363431,0,30/11/2025,30/11/2029,8.25,BANCO CENTRAL DE LA REPUBLICA DOMINICANA,BCENTRAL,63154
DO1002261423,NO301129,BCENTRAL/9.5 BOEST 20291130 GTIA,200000,DOP,20,9.848,99.046545,25/09/2026,05:25:10 PM,ESTRUCTURADA,PRIMERA PARTE,ROTC,29/09/2026,CONFIRMADA,3363431,0,30/11/2025,30/11/2029,8.25,BANCO CENTRAL DE LA REPUBLICA DOMINICANA,BCENTRAL,62566
DO2018100324,BC1AES03,AESTRELLA/11.25 BO 20301130,1204277,DOP,1204277,11.6416,98.742189,25/09/2026,05:24:30 PM,ESTRUCTURADA,SEGUNDA PARTE,ROTC,12/11/2026,CONFIRMADA,3363576,0,30/11/2020,30/11/2030,8.25,ACERO ESTRELLA S A,AESTRELLA,62846
DO2018100324,BC1AES03,AESTRELLA/11.25 BO 20301130,1204277,DOP,1204277,11.5224,99.098009,25/09/2026,05:24:30 PM,ESTRUCTURADA,PRIMERA PARTE,ROTC,28/09/2026,CONFIRMADA,3363576,0,30/11/2020,30/11/2030,8.25,ACERO ESTRELLA S A,AESTRELLA,62951
DO2018100324,BC1AES03,AESTRELLA/11.25 BO 20301130,1204277,DOP,1204277,11.6416,98.742189,25/09/2026,05:24:29 PM,PRESTAMO,SEGUNDA PARTE,ROTC,12/11/2026,CONFIRMADA,3363577,0,30/11/2020,30/11/2030,1.905508,ACERO ESTRELLA S A,AESTRELLA,60802
DO2018100324,BC1AES03,AESTRELLA/11.25 BO 20301130,1204277,DOP,1204277,11.5224,99.098009,25/09/2026,05:24:29 PM,PRESTAMO,PRIMERA PARTE,ROTC,28/09/2026,CONFIRMADA,3363577,0,30/11/2020,30/11/2030,1.905508,ACERO ESTRELLA S A,AESTRELLA,60907
DO2018100324,BC1AES03,AESTRELLA/11.25 BO 20301130,167892,DOP,167892,11.6416,98.742328,25/09/2026,05:22:20 PM,ESTRUCTURADA,SEGUNDA PARTE,ROTC,12/11/2026,CONFIRMADA,3363569,0,30/11/2020,30/11/2030,8.25,ACERO ESTRELLA S A,AESTRELLA,62258
DO2018100324,BC1AES03,AESTRELLA/11.25 BO 20301130,167892,DOP,167892,11.5223,99.098147,25/09/2026,05:22:20 PM,ESTRUCTURADA,PRIMERA PARTE,ROTC,28/09/2026,CONFIRMADA,3363569,0,30/11/2020,30/11/2030,8.25,ACERO ESTRELLA S A,AESTRELLA,62412
DO2018100324,BC1AES03,AESTRELLA/11.25 BO 20301130,167892,DOP,167892,11.6416,98.742328,25/09/2026,05:22:18 PM,PRESTAMO,SEGUNDA PARTE,ROTC,12/11/2026,CONFIRMADA,3363571,0,30/11/2020,30/11/2030,1.905508,ACERO ESTRELLA S A,AESTRELLA,60207
DO2018100324,BC1AES03,AESTRELLA/11.25 BO 20301130,167892,DOP,167892,11.5223,99.098147,25/09/2026,05:22:18 PM,PRESTAMO,PRIMERA PARTE,ROTC,28/09/2026,CONFIRMADA,3363571,0,30/11/2020,30/11/2030,1.905508,ACERO ESTRELLA S A,AESTRELLA,60361
DO1002261423,NO301129,BCENTRAL/9.5 BOEST 20291130 GTIA,30000,DOP,3,11.8022,94.160333,25/09/2026,05:21:57 PM,PRESTAMO,SEGUNDA PARTE,ROTC,28/10/2026,CONFIRMADA,3363631,0,30/11/2025,30/11/2029,8.05,BANCO CENTRAL DE LA REPUBLICA DOMINICANA,BCENTRAL,60207
DO1002261423,NO301129,BCENTRAL/9.5 BOEST 20291130 GTIA,30000,DOP,3,11.6983,94.281367,25/09/2026,05:21:57 PM,PRESTAMO,PRIMERA PARTE,ROTC,28/09/2026,CONFIRMADA,3363631,0,30/11/2025,30/11/2029,8.05,BANCO CENTRAL DE LA REPUBLICA DOMINICANA,BCENTRAL,60501
DO1002261423,NO301129,BCENTRAL/9.5 BOEST 20291130 GTIA,30000,DOP,3,11.8022,94.160333,25/09/2026,05:21:56 PM,ESTRUCTURADA,SEGUNDA PARTE,ROTC,28/10/2026,CONFIRMADA,3363430,0,30/11/2025,30/11/2029,8.05,BANCO CENTRAL DE LA REPUBLICA DOMINICANA,BCENTRAL,62300
DO1002261423,NO301129,BCENTRAL/9.5 BOEST 20291130 GTIA,30000,DOP,3,11.6983,94.281367,25/09/2026,05:21:56 PM,ESTRUCTURADA,PRIMERA PARTE,ROTC,28/09/2026,CONFIRMADA,3363430,0,30/11/2025,30/11/2029,8.05,BANCO CENTRAL DE LA REPUBLICA DOMINICANA,BCENTRAL,62594
DO1002223621,NO150127,BCENTRAL/8 BOEST 20270115 GTIA,990000,DOP,99,7.5,99.379667,25/09/2026,05:20:46 PM,PRESTAMO,SEGUNDA PARTE,ROTC,28/12/2026,CONFIRMADA,3363630,0,15/01/2022,15/01/2027,0.02,BANCO CENTRAL DE LA REPUBLICA DOMINICANA,BCENTRAL,59199
DO1002223621,NO150127,BCENTRAL/8 BOEST 20270115 GTIA,990000,DOP,99,7.5,99.379667,25/09/2026,05:20:46 PM,PRESTAMO,PRIMERA PARTE,ROTC,28/09/2026,CONFIRMADA,3363630,0,15/01/2022,15/01/2027,0.02,BANCO CENTRAL DE LA REPUBLICA DOMINICANA,BCENTRAL,59304
DO1002223621,NO150127,BCENTRAL/8 BOEST 20270115 GTIA,990000,DOP,99,22.522531,99.311283,25/09/2026,05:20:41 PM,PLAZO,PRIMERA PARTE,ROTC,28/12/2026,CONFIRMADA,3363629,0,15/01/2022,15/01/2027,0,BANCO CENTRAL DE LA REPUBLICA DOMINICANA,BCENTRAL,59570
DO1002223621,NO150127,BCENTRAL/8 BOEST 20270115 GTIA,990000,DOP,99,10.094849,99.379667,25/09/2026,05:20:35 PM,CONTADO,PRIMERA PARTE,ROTC,28/09/2026,CONFIRMADA,3363628,0,15/01/2022,15/01/2027,0,BANCO CENTRAL DE LA REPUBLICA DOMINICANA,BCENTRAL,60774
DO2018100324,BC1AES03,AESTRELLA/11.25 BO 20301130,10241,DOP,10241,11.651,98.713505,25/09/2026,05:19:54 PM,PRESTAMO,SEGUNDA PARTE,ROTC,13/11/2026,CONFIRMADA,3363485,0,30/11/2020,30/11/2030,1.93596,ACERO ESTRELLA S A,AESTRELLA,58828
DO2018100324,BC1AES03,AESTRELLA/11.25 BO 20301130,10241,DOP,10241,11.5312,99.069386,25/09/2026,05:19:54 PM,PRESTAMO,PRIMERA PARTE,ROTC,29/09/2026,CONFIRMADA,3363485,0,30/11/2020,30/11/2030,1.93596,ACERO ESTRELLA S A,AESTRELLA,59402
DO2018100324,BC1AES03,AESTRELLA/11.25 BO 20301130,10241,DOP,10241,11.651,98.713505,25/09/2026,05:19:53 PM,ESTRUCTURADA,SEGUNDA PARTE,ROTC,13/11/2026,CONFIRMADA,3363484,0,30/11/2020,30/11/2030,8.25,ACERO ESTRELLA S A,AESTRELLA,60921
DO2018100324,BC1AES03,AESTRELLA/11.25 BO 20301130,10241,DOP,10241,11.5312,99.069386,25/09/2026,05:19:53 PM,ESTRUCTURADA,PRIMERA PARTE,ROTC,29/09/2026,CONFIRMADA,3363484,0,30/11/2020,30/11/2030,8.25,ACERO ESTRELLA S A,AESTRELLA,61495
DO1002261423,NO301129,BCENTRAL/9.5 BOEST 20291130 GTIA,50000,DOP,5,9.6254,99.65584,25/09/2026,05:19:46 PM,PRESTAMO,SEGUNDA PARTE,ROTC,29/10/2026,CONFIRMADA,3363627,0,30/11/2025,30/11/2029,8.05,BANCO CENTRAL DE LA REPUBLICA DOMINICANA,BCENTRAL,59808
DO1002261423,NO301129,BCENTRAL/9.5 BOEST 20291130 GTIA,50000,DOP,5,9.5878,99.74008,25/09/2026,05:19:46 PM,PRESTAMO,PRIMERA PARTE,ROTC,29/09/2026,CONFIRMADA,3363627,0,30/11/2025,30/11/2029,8.05,BANCO CENTRAL DE LA REPUBLICA DOMINICANA,BCENTRAL,59941
DO1002261423,NO301129,BCENTRAL/9.5 BOEST 20291130 GTIA,50000,DOP,5,9.6254,99.65584,25/09/2026,05:19:44 PM,ESTRUCTURADA,SEGUNDA PARTE,ROTC,29/10/2026,CONFIRMADA,3363429,0,30/11/2025,30/11/2029,8.05,BANCO CENTRAL DE LA REPUBLICA DOMINICANA,BCENTRAL,61894
DO1002261423,NO301129,BCENTRAL/9.5 BOEST 20291130 GTIA,50000,DOP,5,9.5878,99.74008,25/09/2026,05:19:44 PM,ESTRUCTURADA,PRIMERA PARTE,ROTC,29/09/2026,CONFIRMADA,3363429,0,30/11/2025,30/11/2029,8.05,BANCO CENTRAL DE LA REPUBLICA DOMINICANA,BCENTRAL,62027
USP3579ECP09,BSRD2029, ,629000,USD,629,4.3,99.950795,25/09/2026,05:19:27 PM,PRESTAMO,SEGUNDA PARTE,ROTC,09/02/2027,CONFIRMADA,3363626,0,22/02/2022,22/02/2029,0.02,MINISTERIO DE HACIENDA,HACIENDA,48034
USP3579ECP09,BSRD2029, ,629000,USD,629,4.3,99.950795,25/09/2026,05:19:27 PM,PRESTAMO,PRIMERA PARTE,ROTC,28/09/2026,CONFIRMADA,3363626,0,22/02/2022,22/02/2029,0.02,MINISTERIO DE HACIENDA,HACIENDA,48146
USP3579ECP09,BSRD2029, ,629000,USD,629,5.735676,99.550495,25/09/2026,05:19:21 PM,PLAZO,PRIMERA PARTE,ROTC,09/02/2027,CONFIRMADA,3363625,0,22/02/2022,22/02/2029,0,MINISTERIO DE HACIENDA,HACIENDA,48307
USP3579ECG00,BSRD2060,DOMINICAN REP/5.875 BD 20600130 U,3000,USD,3,3.9716,134.744,25/09/2026,05:19:18 PM,PRESTAMO,SEGUNDA PARTE,ROTC,29/03/2027,CONFIRMADA,3363558,0,30/01/2020,30/01/2060,2.897562,MINISTERIO DE HACIENDA,HACIENDA,59983
USP3579ECG00,BSRD2060,DOMINICAN REP/5.875 BD 20600130 U,3000,USD,3,4.1145,131.774805,25/09/2026,05:19:18 PM,PRESTAMO,PRIMERA PARTE,ROTC,28/09/2026,CONFIRMADA,3363558,0,30/01/2020,30/01/2060,2.897562,MINISTERIO DE HACIENDA,HACIENDA,61096
USP3579ECX33,BSDR2055, ,2690000,USD,2690,7.12856649,100.25,25/09/2026,05:19:18 PM,CONTADO,PRIMERA PARTE,ROTC,28/09/2026,CONFIRMADA,3363620,0,24/02/2025,24/02/2055,0,MINISTERIO DE HACIENDA,HACIENDA,49469
USP3579ECG00,BSRD2060,DOMINICAN REP/5.875 BD 20600130 U,3000,USD,3,3.9716,134.744,25/09/2026,05:19:16 PM,ESTRUCTURADA,SEGUNDA PARTE,ROTC,29/03/2027,CONFIRMADA,3363556,0,30/01/2020,30/01/2060,4.45,MINISTERIO DE HACIENDA,HACIENDA,62069
USP3579ECG00,BSRD2060,DOMINICAN REP/5.875 BD 20600130 U,3000,USD,3,4.1145,131.774805,25/09/2026,05:19:16 PM,ESTRUCTURADA,PRIMERA PARTE,ROTC,28/09/2026,CONFIRMADA,3363556,0,30/01/2020,30/01/2060,4.45,MINISTERIO DE HACIENDA,HACIENDA,63182
USP3579ECP09,BSRD2029, ,629000,USD,629,5.51948,99.950795,25/09/2026,05:19:16 PM,CONTADO,PRIMERA PARTE,ROTC,28/09/2026,CONFIRMADA,3363624,0,22/02/2022,22/02/2029,0,MINISTERIO DE HACIENDA,HACIENDA,48958
DO1002224124,NO120327,BCENTRAL/8 BOEST 20270312 GTIA,3000000,DOP,300,8.1,99.646409,25/09/2026,05:19:08 PM,PRESTAMO,SEGUNDA PARTE,ROTC,25/02/2027,CONFIRMADA,3363623,0,12/03/2022,12/03/2027,0.02,BANCO CENTRAL DE LA REPUBLICA DOMINICANA,BCENTRAL,59577
DO1002224124,NO120327,BCENTRAL/8 BOEST 20270312 GTIA,3000000,DOP,300,8.1,99.646409,25/09/2026,05:19:08 PM,PRESTAMO,PRIMERA PARTE,ROTC,28/09/2026,CONFIRMADA,3363623,0,12/03/2022,12/03/2027,0.02,BANCO CENTRAL DE LA REPUBLICA DOMINICANA,BCENTRAL,59703
DO1002224124,NO120327,BCENTRAL/8 BOEST 20270312 GTIA,3000000,DOP,300,15.298375,99.698159,25/09/2026,05:19:03 PM,PLAZO,PRIMERA PARTE,ROTC,25/02/2027,CONFIRMADA,3363622,0,12/03/2022,12/03/2027,0,BANCO CENTRAL DE LA REPUBLICA DOMINICANA,BCENTRAL,60298
DO1002224124,NO120327,BCENTRAL/8 BOEST 20270312 GTIA,3000000,DOP,300,8.792576,99.646409,25/09/2026,05:18:56 PM,CONTADO,PRIMERA PARTE,ROTC,28/09/2026,CONFIRMADA,3363621,0,12/03/2022,12/03/2027,0,BANCO CENTRAL DE LA REPUBLICA DOMINICANA,BCENTRAL,60949
USP3579ECP09,BSRD2029, ,65000,USD,65,4.3,99.45,25/09/2026,05:18:15 PM,PRESTAMO,SEGUNDA PARTE,ROTC,27/01/2027,CONFIRMADA,3363619,0,22/02/2022,22/02/2029,0.02,MINISTERIO DE HACIENDA,HACIENDA,45717
USP3579ECP09,BSRD2029, ,65000,USD,65,4.3,99.45,25/09/2026,05:18:15 PM,PRESTAMO,PRIMERA PARTE,ROTC,28/09/2026,CONFIRMADA,3363619,0,22/02/2022,22/02/2029,0.02,MINISTERIO DE HACIENDA,HACIENDA,45836
USP3579ECP09,BSRD2029, ,65000,USD,65,5.981669,99.0705,25/09/2026,05:18:08 PM,PLAZO,PRIMERA PARTE,ROTC,27/01/2027,CONFIRMADA,3363618,0,22/02/2022,22/02/2029,0,MINISTERIO DE HACIENDA,HACIENDA,46823
USP3579ECP09,BSRD2029, ,65000,USD,65,5.745793,99.45,25/09/2026,05:18:03 PM,CONTADO,PRIMERA PARTE,ROTC,28/09/2026,CONFIRMADA,3363617,0,22/02/2022,22/02/2029,0,MINISTERIO DE HACIENDA,HACIENDA,47033
DO1002262223,LE030927,BCENTRAL/ LT 20270903 GTIA,1050000,DOP,105,8.15,99.047619,25/09/2026,05:17:53 PM,PRESTAMO,SEGUNDA PARTE,ROTC,26/04/2027,CONFIRMADA,3363616,0,03/09/2026,03/09/2027,0.02,BANCO CENTRAL DE LA REPUBLICA DOMINICANA,BCENTRAL,58058
DO1002262223,LE030927,BCENTRAL/ LT 20270903 GTIA,1050000,DOP,105,8.15,99.047619,25/09/2026,05:17:53 PM,PRESTAMO,PRIMERA PARTE,ROTC,28/09/2026,CONFIRMADA,3363616,0,03/09/2026,03/09/2027,0.02,BANCO CENTRAL DE LA REPUBLICA DOMINICANA,BCENTRAL,58163
DO1002262223,LE030927,BCENTRAL/ LT 20270903 GTIA,1050000,DOP,105,-9.99628,103.744952,25/09/2026,05:17:48 PM,PLAZO,PRIMERA PARTE,ROTC,26/04/2027,CONFIRMADA,3363615,0,03/09/2026,03/09/2027,0,BANCO CENTRAL DE LA REPUBLICA DOMINICANA,BCENTRAL,58338
DO1002262223,LE030927,BCENTRAL/ LT 20270903 GTIA,1050000,DOP,105,1.0181,99.047619,25/09/2026,05:17:37 PM,CONTADO,PRIMERA PARTE,ROTC,28/09/2026,CONFIRMADA,3363614,0,03/09/2026,03/09/2027,0,BANCO CENTRAL DE LA REPUBLICA DOMINICANA,BCENTRAL,58135
DO2016300223,BC1GUL02,GULFSTREAM/11.15 BO 20290624,24560,DOP,24560,10.2704,101.871458,25/09/2026,05:16:37 PM,PRESTAMO,SEGUNDA PARTE,ROTC,15/01/2027,CONFIRMADA,3363483,0,24/06/2019,24/06/2029,2.599398,GULFSTREAM PETROLEUM DOMINICANA S DE RL,GULFSTREAM,60438
DO2016300223,BC1GUL02,GULFSTREAM/11.15 BO 20290624,24560,DOP,24560,11.2016,99.878012,25/09/2026,05:16:37 PM,PRESTAMO,PRIMERA PARTE,ROTC,28/09/2026,CONFIRMADA,3363483,0,24/06/2019,24/06/2029,2.599398,GULFSTREAM PETROLEUM DOMINICANA S DE RL,GULFSTREAM,60284
DO2016300223,BC1GUL02,GULFSTREAM/11.15 BO 20290624,24560,DOP,24560,10.2704,101.871458,25/09/2026,05:16:30 PM,ESTRUCTURADA,SEGUNDA PARTE,ROTC,15/01/2027,CONFIRMADA,3363482,0,24/06/2019,24/06/2029,8.4,GULFSTREAM PETROLEUM DOMINICANA S DE RL,GULFSTREAM,62489
DO2016300223,BC1GUL02,GULFSTREAM/11.15 BO 20290624,24560,DOP,24560,11.2016,99.878012,25/09/2026,05:16:30 PM,ESTRUCTURADA,PRIMERA PARTE,ROTC,28/09/2026,CONFIRMADA,3363482,0,24/06/2019,24/06/2029,8.4,GULFSTREAM PETROLEUM DOMINICANA S DE RL,GULFSTREAM,62335
USP3579ECG00,BSRD2060,DOMINICAN REP/5.875 BD 20600130 U,3000,USD,3,3.9716,134.744,25/09/2026,05:16:24 PM,ESTRUCTURADA,SEGUNDA PARTE,ROTC,29/03/2027,CONFIRMADA,3363541,0,30/01/2020,30/01/2060,4.45,MINISTERIO DE HACIENDA,HACIENDA,62041
USP3579ECG00,BSRD2060,DOMINICAN REP/5.875 BD 20600130 U,3000,USD,3,4.1145,131.774805,25/09/2026,05:16:24 PM,ESTRUCTURADA,PRIMERA PARTE,ROTC,28/09/2026,CONFIRMADA,3363541,0,30/01/2020,30/01/2060,4.45,MINISTERIO DE HACIENDA,HACIENDA,63154
USP3579ECG00,BSRD2060,DOMINICAN REP/5.875 BD 20600130 U,3000,USD,3,3.9716,134.744,25/09/2026,05:16:23 PM,PRESTAMO,SEGUNDA PARTE,ROTC,29/03/2027,CONFIRMADA,3363543,0,30/01/2020,30/01/2060,2.897562,MINISTERIO DE HACIENDA,HACIENDA,59934
USP3579ECG00,BSRD2060,DOMINICAN REP/5.875 BD 20600130 U,3000,USD,3,4.1145,131.774805,25/09/2026,05:16:23 PM,PRESTAMO,PRIMERA PARTE,ROTC,28/09/2026,CONFIRMADA,3363543,0,30/01/2020,30/01/2060,2.897562,MINISTERIO DE HACIENDA,HACIENDA,61047
DO1002223621,NO150127,BCENTRAL/8 BOEST 20270115 GTIA,990000,DOP,99,7.1,99.379666,25/09/2026,05:15:54 PM,PRESTAMO,SEGUNDA PARTE,ROTC,07/12/2026,CONFIRMADA,3363613,0,15/01/2022,15/01/2027,0.02,BANCO CENTRAL DE LA REPUBLICA DOMINICANA,BCENTRAL,59164
DO1002223621,NO150127,BCENTRAL/8 BOEST 20270115 GTIA,990000,DOP,99,7.1,99.379666,25/09/2026,05:15:54 PM,PRESTAMO,PRIMERA PARTE,ROTC,28/09/2026,CONFIRMADA,3363613,0,15/01/2022,15/01/2027,0.02,BANCO CENTRAL DE LA REPUBLICA DOMINICANA,BCENTRAL,59290
DO1002223621,NO150127,BCENTRAL/8 BOEST 20270115 GTIA,990000,DOP,99,15.171271,99.248499,25/09/2026,05:15:49 PM,PLAZO,PRIMERA PARTE,ROTC,07/12/2026,CONFIRMADA,3363612,0,15/01/2022,15/01/2027,0,BANCO CENTRAL DE LA REPUBLICA DOMINICANA,BCENTRAL,59780
DO1002223621,NO150127,BCENTRAL/8 BOEST 20270115 GTIA,990000,DOP,99,10.094853,99.379666,25/09/2026,05:15:44 PM,CONTADO,PRIMERA PARTE,ROTC,28/09/2026,CONFIRMADA,3363611,0,15/01/2022,15/01/2027,0,BANCO CENTRAL DE LA REPUBLICA DOMINICANA,BCENTRAL,60760
DO1005205716,MHUS2027,HACIENDA/6 BOEST 20270305 GTIA,19000,USD,19,3.6,104.885053,25/09/2026,05:15:28 PM,PRESTAMO,SEGUNDA PARTE,ROTC,25/02/2027,CONFIRMADA,3363610,0,05/09/2016,05/03/2027,0.02,MINISTERIO DE HACIENDA,HACIENDA,59234
DO1005205716,MHUS2027,HACIENDA/6 BOEST 20270305 GTIA,19000,USD,19,3.6,104.885053,25/09/2026,05:15:28 PM,PRESTAMO,PRIMERA PARTE,ROTC,28/09/2026,CONFIRMADA,3363610,0,05/09/2016,05/03/2027,0.02,MINISTERIO DE HACIENDA,HACIENDA,59360
DO1005205716,MHUS2027,HACIENDA/6 BOEST 20270305 GTIA,19000,USD,19,-100,103.989475,25/09/2026,05:15:25 PM,PLAZO,PRIMERA PARTE,ROTC,25/02/2027,CONFIRMADA,3363609,0,05/09/2016,05/03/2027,0,MINISTERIO DE HACIENDA,HACIENDA,58030
DO1005205716,MHUS2027,HACIENDA/6 BOEST 20270305 GTIA,19000,USD,19,-4.971644,104.885053,25/09/2026,05:15:20 PM,CONTADO,PRIMERA PARTE,ROTC,28/09/2026,CONFIRMADA,3363608,0,05/09/2016,05/03/2027,0,MINISTERIO DE HACIENDA,HACIENDA,60788
DO1002224124,NO120327,BCENTRAL/8 BOEST 20270312 GTIA,10710000,DOP,1071,7.5,99.709323,25/09/2026,05:15:10 PM,PRESTAMO,SEGUNDA PARTE,ROTC,07/01/2027,CONFIRMADA,3363607,0,12/03/2022,12/03/2027,0.02,BANCO CENTRAL DE LA REPUBLICA DOMINICANA,BCENTRAL,60235
DO1002224124,NO120327,BCENTRAL/8 BOEST 20270312 GTIA,10710000,DOP,1071,7.5,99.709323,25/09/2026,05:15:10 PM,PRESTAMO,PRIMERA PARTE,ROTC,29/09/2026,CONFIRMADA,3363607,0,12/03/2022,12/03/2027,0.02,BANCO CENTRAL DE LA REPUBLICA DOMINICANA,BCENTRAL,60375
DO1002224124,NO120327,BCENTRAL/8 BOEST 20270312 GTIA,10710000,DOP,1071,10.329465,99.578922,25/09/2026,05:15:05 PM,PLAZO,PRIMERA PARTE,ROTC,07/01/2027,CONFIRMADA,3363606,0,12/03/2022,12/03/2027,0,BANCO CENTRAL DE LA REPUBLICA DOMINICANA,BCENTRAL,60928
DO1002224124,NO120327,BCENTRAL/8 BOEST 20270312 GTIA,10710000,DOP,1071,8.65158,99.709323,25/09/2026,05:15:01 PM,CONTADO,PRIMERA PARTE,ROTC,29/09/2026,CONFIRMADA,3363605,0,12/03/2022,12/03/2027,0,BANCO CENTRAL DE LA REPUBLICA DOMINICANA,BCENTRAL,61173
DO1002224124,NO120327,BCENTRAL/8 BOEST 20270312 GTIA,3500000,DOP,350,7.4,99.646409,25/09/2026,05:14:54 PM,PRESTAMO,SEGUNDA PARTE,ROTC,26/01/2027,CONFIRMADA,3363604,0,12/03/2022,12/03/2027,0.02,BANCO CENTRAL DE LA REPUBLICA DOMINICANA,BCENTRAL,59633
DO1002224124,NO120327,BCENTRAL/8 BOEST 20270312 GTIA,3500000,DOP,350,7.4,99.646409,25/09/2026,05:14:54 PM,PRESTAMO,PRIMERA PARTE,ROTC,28/09/2026,CONFIRMADA,3363604,0,12/03/2022,12/03/2027,0.02,BANCO CENTRAL DE LA REPUBLICA DOMINICANA,BCENTRAL,59759
DO1002224124,NO120327,BCENTRAL/8 BOEST 20270312 GTIA,3500000,DOP,350,12.368416,99.454475,25/09/2026,05:14:49 PM,PLAZO,PRIMERA PARTE,ROTC,26/01/2027,CONFIRMADA,3363602,0,12/03/2022,12/03/2027,0,BANCO CENTRAL DE LA REPUBLICA DOMINICANA,BCENTRAL,60277
DO1005211227,MH32029,HACIENDA/12.75 BOEST 20290923 GTIA,400000,DOP,4,10.2239,106.018038,25/09/2026,05:14:49 PM,PRESTAMO,SEGUNDA PARTE,ROTC,30/11/2026,CONFIRMADA,3363603,0,23/09/2022,23/09/2029,8.05,MINISTERIO DE HACIENDA,HACIENDA,61019
DO1005211227,MH32029,HACIENDA/12.75 BOEST 20290923 GTIA,400000,DOP,4,10.0893,106.701585,25/09/2026,05:14:49 PM,PRESTAMO,PRIMERA PARTE,ROTC,29/09/2026,CONFIRMADA,3363603,0,23/09/2022,23/09/2029,8.05,MINISTERIO DE HACIENDA,HACIENDA,61257
DO1005211227,MH32029,HACIENDA/12.75 BOEST 20290923 GTIA,400000,DOP,4,10.2239,106.018038,25/09/2026,05:14:48 PM,ESTRUCTURADA,SEGUNDA PARTE,ROTC,30/11/2026,CONFIRMADA,3363423,0,23/09/2022,23/09/2029,8.05,MINISTERIO DE HACIENDA,HACIENDA,63112
DO1005211227,MH32029,HACIENDA/12.75 BOEST 20290923 GTIA,400000,DOP,4,10.0893,106.701585,25/09/2026,05:14:48 PM,ESTRUCTURADA,PRIMERA PARTE,ROTC,29/09/2026,CONFIRMADA,3363423,0,23/09/2022,23/09/2029,8.05,MINISTERIO DE HACIENDA,HACIENDA,63350
DO1002224124,NO120327,BCENTRAL/8 BOEST 20270312 GTIA,3500000,DOP,350,8.792576,99.646409,25/09/2026,05:14:45 PM,CONTADO,PRIMERA PARTE,ROTC,28/09/2026,CONFIRMADA,3363601,0,12/03/2022,12/03/2027,0,BANCO CENTRAL DE LA REPUBLICA DOMINICANA,BCENTRAL,60977
DO1002223621,NO150127,BCENTRAL/8 BOEST 20270115 GTIA,3100000,DOP,310,7.15,99.666001,25/09/2026,05:14:38 PM,PRESTAMO,SEGUNDA PARTE,ROTC,07/01/2027,CONFIRMADA,3363600,0,15/01/2022,15/01/2027,0.02,BANCO CENTRAL DE LA REPUBLICA DOMINICANA,BCENTRAL,59885
DO1002223621,NO150127,BCENTRAL/8 BOEST 20270115 GTIA,3100000,DOP,310,7.15,99.666001,25/09/2026,05:14:38 PM,PRESTAMO,PRIMERA PARTE,ROTC,28/09/2026,CONFIRMADA,3363600,0,15/01/2022,15/01/2027,0.02,BANCO CENTRAL DE LA REPUBLICA DOMINICANA,BCENTRAL,60018
DO1002223621,NO150127,BCENTRAL/8 BOEST 20270115 GTIA,3100000,DOP,310,32.429761,99.496643,25/09/2026,05:14:34 PM,PLAZO,PRIMERA PARTE,ROTC,07/01/2027,CONFIRMADA,3363599,0,15/01/2022,15/01/2027,0,BANCO CENTRAL DE LA REPUBLICA DOMINICANA,BCENTRAL,60235
DO1002223621,NO150127,BCENTRAL/8 BOEST 20270115 GTIA,3100000,DOP,310,9.093322,99.666001,25/09/2026,05:14:29 PM,CONTADO,PRIMERA PARTE,ROTC,28/09/2026,CONFIRMADA,3363598,0,15/01/2022,15/01/2027,0,BANCO CENTRAL DE LA REPUBLICA DOMINICANA,BCENTRAL,60774
DO1002223621,NO150127,BCENTRAL/8 BOEST 20270115 GTIA,9880000,DOP,988,8.76,99.58415,25/09/2026,05:14:21 PM,PRESTAMO,SEGUNDA PARTE,ROTC,12/11/2026,CONFIRMADA,3363597,0,15/01/2022,15/01/2027,0.02,BANCO CENTRAL DE LA REPUBLICA DOMINICANA,BCENTRAL,59843
DO1002223621,NO150127,BCENTRAL/8 BOEST 20270115 GTIA,9880000,DOP,988,8.76,99.58415,25/09/2026,05:14:21 PM,PRESTAMO,PRIMERA PARTE,ROTC,28/09/2026,CONFIRMADA,3363597,0,15/01/2022,15/01/2027,0.02,BANCO CENTRAL DE LA REPUBLICA DOMINICANA,BCENTRAL,60004
DO1002223621,NO150127,BCENTRAL/8 BOEST 20270115 GTIA,9880000,DOP,988,9.584906,99.711658,25/09/2026,05:14:17 PM,PLAZO,PRIMERA PARTE,ROTC,12/11/2026,CONFIRMADA,3363596,0,15/01/2022,15/01/2027,0,BANCO CENTRAL DE LA REPUBLICA DOMINICANA,BCENTRAL,60193
DO1002223621,NO150127,BCENTRAL/8 BOEST 20270115 GTIA,9880000,DOP,988,9.37884,99.58415,25/09/2026,05:14:12 PM,CONTADO,PRIMERA PARTE,ROTC,28/09/2026,CONFIRMADA,3363595,0,15/01/2022,15/01/2027,0,BANCO CENTRAL DE LA REPUBLICA DOMINICANA,BCENTRAL,60445
DO1002223621,NO150127,BCENTRAL/8 BOEST 20270115 GTIA,10370000,DOP,1037,8,99.623181,25/09/2026,05:14:02 PM,PRESTAMO,SEGUNDA PARTE,ROTC,03/12/2026,CONFIRMADA,3363594,0,15/01/2022,15/01/2027,0.02,BANCO CENTRAL DE LA REPUBLICA DOMINICANA,BCENTRAL,59556
DO1002223621,NO150127,BCENTRAL/8 BOEST 20270115 GTIA,10370000,DOP,1037,8,99.623181,25/09/2026,05:14:02 PM,PRESTAMO,PRIMERA PARTE,ROTC,28/09/2026,CONFIRMADA,3363594,0,15/01/2022,15/01/2027,0.02,BANCO CENTRAL DE LA REPUBLICA DOMINICANA,BCENTRAL,59710
DO1002223621,NO150127,BCENTRAL/8 BOEST 20270115 GTIA,10370000,DOP,1037,10.752955,99.669739,25/09/2026,05:13:58 PM,PLAZO,PRIMERA PARTE,ROTC,03/12/2026,CONFIRMADA,3363593,0,15/01/2022,15/01/2027,0,BANCO CENTRAL DE LA REPUBLICA DOMINICANA,BCENTRAL,61075
DO1002223621,NO150127,BCENTRAL/8 BOEST 20270115 GTIA,10370000,DOP,1037,9.242612,99.623181,25/09/2026,05:13:52 PM,CONTADO,PRIMERA PARTE,ROTC,28/09/2026,CONFIRMADA,3363592,0,15/01/2022,15/01/2027,0,BANCO CENTRAL DE LA REPUBLICA DOMINICANA,BCENTRAL,61509
USP3579ECP09,BSRD2029, ,85000,USD,85,4.5,99.45,25/09/2026,05:13:34 PM,PRESTAMO,SEGUNDA PARTE,ROTC,26/01/2027,CONFIRMADA,3363591,0,22/02/2022,22/02/2029,0.02,MINISTERIO DE HACIENDA,HACIENDA,45724
USP3579ECP09,BSRD2029, ,85000,USD,85,4.5,99.45,25/09/2026,05:13:34 PM,PRESTAMO,PRIMERA PARTE,ROTC,28/09/2026,CONFIRMADA,3363591,0,22/02/2022,22/02/2029,0.02,MINISTERIO DE HACIENDA,HACIENDA,45850
USP3579ECP09,BSRD2029, ,85000,USD,85,5.944342,99.140556,25/09/2026,05:13:27 PM,PLAZO,PRIMERA PARTE,ROTC,26/01/2027,CONFIRMADA,3363590,0,22/02/2022,22/02/2029,0,MINISTERIO DE HACIENDA,HACIENDA,47460
DO2018100324,BC1AES03,AESTRELLA/11.25 BO 20301130,11741,DOP,11741,11.6405,98.745763,25/09/2026,05:13:24 PM,PRESTAMO,SEGUNDA PARTE,ROTC,12/11/2026,CONFIRMADA,3363516,0,30/11/2020,30/11/2030,1.905532,ACERO ESTRELLA S A,AESTRELLA,59276
DO2018100324,BC1AES03,AESTRELLA/11.25 BO 20301130,11741,DOP,11741,11.5213,99.10148,25/09/2026,05:13:24 PM,PRESTAMO,PRIMERA PARTE,ROTC,28/09/2026,CONFIRMADA,3363516,0,30/11/2020,30/11/2030,1.905532,ACERO ESTRELLA S A,AESTRELLA,58954
DO2018100324,BC1AES03,AESTRELLA/11.25 BO 20301130,11741,DOP,11741,11.6405,98.745763,25/09/2026,05:13:23 PM,ESTRUCTURADA,SEGUNDA PARTE,ROTC,12/11/2026,CONFIRMADA,3363515,0,30/11/2020,30/11/2030,8.25,ACERO ESTRELLA S A,AESTRELLA,61369
DO2018100324,BC1AES03,AESTRELLA/11.25 BO 20301130,11741,DOP,11741,11.5213,99.10148,25/09/2026,05:13:23 PM,ESTRUCTURADA,PRIMERA PARTE,ROTC,28/09/2026,CONFIRMADA,3363515,0,30/11/2020,30/11/2030,8.25,ACERO ESTRELLA S A,AESTRELLA,61047
USP3579ECP09,BSRD2029, ,85000,USD,85,5.745793,99.45,25/09/2026,05:13:23 PM,CONTADO,PRIMERA PARTE,ROTC,28/09/2026,CONFIRMADA,3363589,0,22/02/2022,22/02/2029,0,MINISTERIO DE HACIENDA,HACIENDA,47040
DO1002261423,NO301129,BCENTRAL/9.5 BOEST 20291130 GTIA,20000,DOP,2,10.748,96.77275,25/09/2026,05:13:06 PM,PRESTAMO,SEGUNDA PARTE,ROTC,28/10/2026,CONFIRMADA,3363588,0,30/11/2025,30/11/2029,8.05,BANCO CENTRAL DE LA REPUBLICA DOMINICANA,BCENTRAL,59626
DO1002261423,NO301129,BCENTRAL/9.5 BOEST 20291130 GTIA,20000,DOP,2,10.6764,96.87635,25/09/2026,05:13:06 PM,PRESTAMO,PRIMERA PARTE,ROTC,28/09/2026,CONFIRMADA,3363588,0,30/11/2025,30/11/2029,8.05,BANCO CENTRAL DE LA REPUBLICA DOMINICANA,BCENTRAL,60116
DO1002261423,NO301129,BCENTRAL/9.5 BOEST 20291130 GTIA,20000,DOP,2,10.748,96.77275,25/09/2026,05:13:05 PM,ESTRUCTURADA,SEGUNDA PARTE,ROTC,28/10/2026,CONFIRMADA,3363421,0,30/11/2025,30/11/2029,8.05,BANCO CENTRAL DE LA REPUBLICA DOMINICANA,BCENTRAL,61719
DO1002261423,NO301129,BCENTRAL/9.5 BOEST 20291130 GTIA,20000,DOP,2,10.6764,96.87635,25/09/2026,05:13:05 PM,ESTRUCTURADA,PRIMERA PARTE,ROTC,28/09/2026,CONFIRMADA,3363421,0,30/11/2025,30/11/2029,8.05,BANCO CENTRAL DE LA REPUBLICA DOMINICANA,BCENTRAL,62209
USP3579EBV85,BSDR2027,DOMINICAN Rep/5.95 BD 20270125 Se,25000,USD,25,4,99.92495,25/09/2026,05:12:58 PM,PRESTAMO,SEGUNDA PARTE,ROTC,08/01/2027,CONFIRMADA,3363587,0,25/01/2017,25/01/2027,0.02,MINISTERIO DE HACIENDA,HACIENDA,60361
USP3579EBV85,BSDR2027,DOMINICAN Rep/5.95 BD 20270125 Se,25000,USD,25,4,99.92495,25/09/2026,05:12:58 PM,PRESTAMO,PRIMERA PARTE,ROTC,28/09/2026,CONFIRMADA,3363587,0,25/01/2017,25/01/2027,0.02,MINISTERIO DE HACIENDA,HACIENDA,60487
USP3579EBV85,BSDR2027,DOMINICAN Rep/5.95 BD 20270125 Se,25000,USD,25,18.804453,99.410734,25/09/2026,05:12:54 PM,PLAZO,PRIMERA PARTE,ROTC,08/01/2027,CONFIRMADA,3363586,0,25/01/2017,25/01/2027,0,MINISTERIO DE HACIENDA,HACIENDA,61936
USP3579EBV85,BSDR2027,DOMINICAN Rep/5.95 BD 20270125 Se,25000,USD,25,6.154466,99.92495,25/09/2026,05:12:50 PM,CONTADO,PRIMERA PARTE,ROTC,28/09/2026,CONFIRMADA,3363585,0,25/01/2017,25/01/2027,0,MINISTERIO DE HACIENDA,HACIENDA,62272
DO1002224124,NO120327,BCENTRAL/8 BOEST 20270312 GTIA,6760000,DOP,676,8.5,99.794338,25/09/2026,05:12:30 PM,PRESTAMO,SEGUNDA PARTE,ROTC,25/02/2027,CONFIRMADA,3363584,0,12/03/2022,12/03/2027,0.02,BANCO CENTRAL DE LA REPUBLICA DOMINICANA,BCENTRAL,59780
DO1002224124,NO120327,BCENTRAL/8 BOEST 20270312 GTIA,6760000,DOP,676,8.5,99.794338,25/09/2026,05:12:30 PM,PRESTAMO,PRIMERA PARTE,ROTC,28/09/2026,CONFIRMADA,3363584,0,12/03/2022,12/03/2027,0.02,BANCO CENTRAL DE LA REPUBLICA DOMINICANA,BCENTRAL,59906
DO2018100324,BC1AES03,AESTRELLA/11.25 BO 20301130,98638,DOP,98638,11.5667,98.969089,25/09/2026,05:12:27 PM,PRESTAMO,SEGUNDA PARTE,ROTC,28/10/2026,CONFIRMADA,3363481,0,30/11/2020,30/11/2030,1.676401,ACERO ESTRELLA S A,AESTRELLA,59738
DO2018100324,BC1AES03,AESTRELLA/11.25 BO 20301130,98638,DOP,98638,11.5224,99.097983,25/09/2026,05:12:27 PM,PRESTAMO,PRIMERA PARTE,ROTC,28/09/2026,CONFIRMADA,3363481,0,30/11/2020,30/11/2030,1.676401,ACERO ESTRELLA S A,AESTRELLA,59752
DO2018100324,BC1AES03,AESTRELLA/11.25 BO 20301130,98638,DOP,98638,11.5667,98.969089,25/09/2026,05:12:25 PM,ESTRUCTURADA,SEGUNDA PARTE,ROTC,28/10/2026,CONFIRMADA,3363480,0,30/11/2020,30/11/2030,9.55,ACERO ESTRELLA S A,AESTRELLA,61824
DO2018100324,BC1AES03,AESTRELLA/11.25 BO 20301130,98638,DOP,98638,11.5224,99.097983,25/09/2026,05:12:25 PM,ESTRUCTURADA,PRIMERA PARTE,ROTC,28/09/2026,CONFIRMADA,3363480,0,30/11/2020,30/11/2030,9.55,ACERO ESTRELLA S A,AESTRELLA,61838
DO1002224124,NO120327,BCENTRAL/8 BOEST 20270312 GTIA,6760000,DOP,676,7.420386,100.017981,25/09/2026,05:12:25 PM,PLAZO,PRIMERA PARTE,ROTC,25/02/2027,CONFIRMADA,3363583,0,12/03/2022,12/03/2027,0,BANCO CENTRAL DE LA REPUBLICA DOMINICANA,BCENTRAL,60228
DO1002224124,NO120327,BCENTRAL/8 BOEST 20270312 GTIA,6760000,DOP,676,8.454285,99.794338,25/09/2026,05:12:19 PM,CONTADO,PRIMERA PARTE,ROTC,28/09/2026,CONFIRMADA,3363582,0,12/03/2022,12/03/2027,0,BANCO CENTRAL DE LA REPUBLICA DOMINICANA,BCENTRAL,61103
DO1005211227,MH32029,HACIENDA/12.75 BOEST 20290923 GTIA,1000000,DOP,10,8.302,110.967896,25/09/2026,05:11:17 PM,PRESTAMO,SEGUNDA PARTE,ROTC,27/11/2026,CONFIRMADA,3363581,0,23/09/2022,23/09/2029,8.05,MINISTERIO DE HACIENDA,HACIENDA,61075
DO1005211227,MH32029,HACIENDA/12.75 BOEST 20290923 GTIA,1000000,DOP,10,8.2958,111.564618,25/09/2026,05:11:17 PM,PRESTAMO,PRIMERA PARTE,ROTC,28/09/2026,CONFIRMADA,3363581,0,23/09/2022,23/09/2029,8.05,MINISTERIO DE HACIENDA,HACIENDA,61565
DO1005211227,MH32029,HACIENDA/12.75 BOEST 20290923 GTIA,1000000,DOP,10,8.302,110.967896,25/09/2026,05:11:16 PM,ESTRUCTURADA,SEGUNDA PARTE,ROTC,27/11/2026,CONFIRMADA,3363422,0,23/09/2022,23/09/2029,8.05,MINISTERIO DE HACIENDA,HACIENDA,63168
DO1005211227,MH32029,HACIENDA/12.75 BOEST 20290923 GTIA,1000000,DOP,10,8.2958,111.564618,25/09/2026,05:11:16 PM,ESTRUCTURADA,PRIMERA PARTE,ROTC,28/09/2026,CONFIRMADA,3363422,0,23/09/2022,23/09/2029,8.05,MINISTERIO DE HACIENDA,HACIENDA,63658
DO1005254219,MH22041,HACIENDA/12 BOEST 20410529 GTIA,150000000,DOP,1500,9.85,116.45608,25/09/2026,05:09:29 PM,CONTADO,PRIMERA PARTE,ROTC,28/09/2026,CONFIRMADA,3363578,0,29/05/2026,29/05/2041,0,MINISTERIO DE HACIENDA,HACIENDA,60165
DO2018100324,BC1AES03,AESTRELLA/11.25 BO 20301130,114278,DOP,114278,11.5927,98.88563,25/09/2026,05:09:09 PM,PRESTAMO,SEGUNDA PARTE,ROTC,28/10/2026,CONFIRMADA,3363479,0,30/11/2020,30/11/2030,1.595043,ACERO ESTRELLA S A,AESTRELLA,59878
DO2018100324,BC1AES03,AESTRELLA/11.25 BO 20301130,114278,DOP,114278,11.5224,99.097851,25/09/2026,05:09:09 PM,PRESTAMO,PRIMERA PARTE,ROTC,28/09/2026,CONFIRMADA,3363479,0,30/11/2020,30/11/2030,1.595043,ACERO ESTRELLA S A,AESTRELLA,60270
DO2018100324,BC1AES03,AESTRELLA/11.25 BO 20301130,114278,DOP,114278,11.5927,98.88563,25/09/2026,05:08:59 PM,ESTRUCTURADA,SEGUNDA PARTE,ROTC,28/10/2026,CONFIRMADA,3363478,0,30/11/2020,30/11/2030,8.55,ACERO ESTRELLA S A,AESTRELLA,62006
DO2018100324,BC1AES03,AESTRELLA/11.25 BO 20301130,114278,DOP,114278,11.5224,99.097851,25/09/2026,05:08:59 PM,ESTRUCTURADA,PRIMERA PARTE,ROTC,28/09/2026,CONFIRMADA,3363478,0,30/11/2020,30/11/2030,8.55,ACERO ESTRELLA S A,AESTRELLA,62398
DO1005205716,MHUS2027,HACIENDA/6 BOEST 20270305 GTIA,8000,USD,8,7.3051,99.852,25/09/2026,05:08:54 PM,PRESTAMO,SEGUNDA PARTE,ROTC,26/01/2027,CONFIRMADA,3363579,0,05/09/2016,05/03/2027,3.45,MINISTERIO DE HACIENDA,HACIENDA,58247
DO1005205716,MHUS2027,HACIENDA/6 BOEST 20270305 GTIA,8000,USD,8,4.3929,100.662625,25/09/2026,05:08:54 PM,PRESTAMO,PRIMERA PARTE,ROTC,28/09/2026,CONFIRMADA,3363579,0,05/09/2016,05/03/2027,3.45,MINISTERIO DE HACIENDA,HACIENDA,59759
DO1005205716,MHUS2027,HACIENDA/6 BOEST 20270305 GTIA,8000,USD,8,7.3051,99.852,25/09/2026,05:08:53 PM,ESTRUCTURADA,SEGUNDA PARTE,ROTC,26/01/2027,CONFIRMADA,3363393,0,05/09/2016,05/03/2027,3.45,MINISTERIO DE HACIENDA,HACIENDA,60340
DO1005205716,MHUS2027,HACIENDA/6 BOEST 20270305 GTIA,8000,USD,8,4.3929,100.662625,25/09/2026,05:08:53 PM,ESTRUCTURADA,PRIMERA PARTE,ROTC,28/09/2026,CONFIRMADA,3363393,0,05/09/2016,05/03/2027,3.45,MINISTERIO DE HACIENDA,HACIENDA,61852
DO1005254219,MH22041,HACIENDA/12 BOEST 20410529 GTIA,373000000,DOP,3730,9.47950891,119.709335,25/09/2026,05:08:23 PM,CONTADO,PRIMERA PARTE,ROTC,29/09/2026,CONFIRMADA,3363475,0,29/05/2026,29/05/2041,0,MINISTERIO DE HACIENDA,HACIENDA,62832
DO1002226525,NO180228,BCENTRAL/15 BOEST 20280218 GTIA,410000,DOP,41,7.1539,108.694613,25/09/2026,05:07:13 PM,ESTRUCTURADA,SEGUNDA PARTE,ROTC,14/12/2026,CONFIRMADA,3363517,0,18/02/2023,18/02/2028,9.2,BANCO CENTRAL DE LA REPUBLICA DOMINICANA,BCENTRAL,62818
DO1002226525,NO180228,BCENTRAL/15 BOEST 20280218 GTIA,410000,DOP,41,7.5375,109.642787,25/09/2026,05:07:13 PM,ESTRUCTURADA,PRIMERA PARTE,ROTC,28/09/2026,CONFIRMADA,3363517,0,18/02/2023,18/02/2028,9.2,BANCO CENTRAL DE LA REPUBLICA DOMINICANA,BCENTRAL,63014
DO1002226525,NO180228,BCENTRAL/15 BOEST 20280218 GTIA,410000,DOP,41,0,0,25/09/2026,05:07:12 PM,PRESTAMO,SEGUNDA PARTE,ROTC,17/02/2028,CONFIRMADA,3363518,0,18/02/2023,18/02/2028,0,BANCO CENTRAL DE LA REPUBLICA DOMINICANA,BCENTRAL,55622
DO1002226525,NO180228,BCENTRAL/15 BOEST 20280218 GTIA,410000,DOP,41,7.5375,109.642787,25/09/2026,05:07:12 PM,PRESTAMO,PRIMERA PARTE,ROTC,28/09/2026,CONFIRMADA,3363518,0,18/02/2023,18/02/2028,0,BANCO CENTRAL DE LA REPUBLICA DOMINICANA,BCENTRAL,60907
DO1002226525,NO180228,BCENTRAL/15 BOEST 20280218 GTIA,210000,DOP,21,7.6852,107.803042,25/09/2026,05:07:11 PM,ESTRUCTURADA,SEGUNDA PARTE,ROTC,29/12/2026,CONFIRMADA,3363519,0,18/02/2023,18/02/2028,9.25,BANCO CENTRAL DE LA REPUBLICA DOMINICANA,BCENTRAL,62748
DO1002226525,NO180228,BCENTRAL/15 BOEST 20280218 GTIA,210000,DOP,21,8.0483,108.938357,25/09/2026,05:07:11 PM,ESTRUCTURADA,PRIMERA PARTE,ROTC,28/09/2026,CONFIRMADA,3363519,0,18/02/2023,18/02/2028,9.25,BANCO CENTRAL DE LA REPUBLICA DOMINICANA,BCENTRAL,62944
DO1002226525,NO180228,BCENTRAL/15 BOEST 20280218 GTIA,210000,DOP,21,0,0,25/09/2026,05:07:09 PM,PRESTAMO,SEGUNDA PARTE,ROTC,17/02/2028,CONFIRMADA,3363520,0,18/02/2023,18/02/2028,0,BANCO CENTRAL DE LA REPUBLICA DOMINICANA,BCENTRAL,55636
DO1002226525,NO180228,BCENTRAL/15 BOEST 20280218 GTIA,210000,DOP,21,8.0483,108.938357,25/09/2026,05:07:09 PM,PRESTAMO,PRIMERA PARTE,ROTC,28/09/2026,CONFIRMADA,3363520,0,18/02/2023,18/02/2028,0,BANCO CENTRAL DE LA REPUBLICA DOMINICANA,BCENTRAL,60893
DO1005210922,MH22034,HACIENDA/13 BOEST 20340610 GTIA,800000,DOP,8,9.1026,120.728396,25/09/2026,05:07:08 PM,ESTRUCTURADA,SEGUNDA PARTE,ROTC,29/12/2026,CONFIRMADA,3363521,0,10/06/2022,10/06/2034,9.15,MINISTERIO DE HACIENDA,HACIENDA,61789
DO1005210922,MH22034,HACIENDA/13 BOEST 20340610 GTIA,800000,DOP,8,9.1218,121.082192,25/09/2026,05:07:08 PM,ESTRUCTURADA,PRIMERA PARTE,ROTC,28/09/2026,CONFIRMADA,3363521,0,10/06/2022,10/06/2034,9.15,MINISTERIO DE HACIENDA,HACIENDA,61824
DO1005210922,MH22034,HACIENDA/13 BOEST 20340610 GTIA,800000,DOP,8,0,0,25/09/2026,05:07:07 PM,PRESTAMO,SEGUNDA PARTE,ROTC,09/06/2034,CONFIRMADA,3363522,0,10/06/2022,10/06/2034,0,MINISTERIO DE HACIENDA,HACIENDA,54614
DO1005210922,MH22034,HACIENDA/13 BOEST 20340610 GTIA,800000,DOP,8,9.1218,121.082192,25/09/2026,05:07:07 PM,PRESTAMO,PRIMERA PARTE,ROTC,28/09/2026,CONFIRMADA,3363522,0,10/06/2022,10/06/2034,0,MINISTERIO DE HACIENDA,HACIENDA,59717
USP3579ECH82,BSRD2032,"DOMINICAN, REP /4.875 BD 20320923",27000,USD,27,6.2703,93.45587,25/09/2026,05:07:06 PM,ESTRUCTURADA,SEGUNDA PARTE,ROTC,05/02/2027,CONFIRMADA,3363523,0,23/09/2020,23/09/2032,5.05,MINISTERIO DE HACIENDA,HACIENDA,62993
USP3579ECH82,BSRD2032,"DOMINICAN, REP /4.875 BD 20320923",27000,USD,27,6.1971,93.469884,25/09/2026,05:07:06 PM,ESTRUCTURADA,PRIMERA PARTE,ROTC,28/09/2026,CONFIRMADA,3363523,0,23/09/2020,23/09/2032,5.05,MINISTERIO DE HACIENDA,HACIENDA,63581
USP3579ECH82,BSRD2032,"DOMINICAN, REP /4.875 BD 20320923",27000,USD,27,0,0,25/09/2026,05:07:05 PM,PRESTAMO,SEGUNDA PARTE,ROTC,22/09/2032,CONFIRMADA,3363524,0,23/09/2020,23/09/2032,0,MINISTERIO DE HACIENDA,HACIENDA,56483
USP3579ECH82,BSRD2032,"DOMINICAN, REP /4.875 BD 20320923",27000,USD,27,6.1971,93.469884,25/09/2026,05:07:05 PM,PRESTAMO,PRIMERA PARTE,ROTC,28/09/2026,CONFIRMADA,3363524,0,23/09/2020,23/09/2032,0,MINISTERIO DE HACIENDA,HACIENDA,61474
USP3579ECE51,BSRD2049,"DOMINICAN, REP /6.4 BD 20490605",11000,USD,11,7.1199,91.99401,25/09/2026,05:07:04 PM,ESTRUCTURADA,SEGUNDA PARTE,ROTC,27/01/2027,CONFIRMADA,3363525,0,05/06/2019,05/06/2049,4.95,MINISTERIO DE HACIENDA,HACIENDA,62181
USP3579ECE51,BSRD2049,"DOMINICAN, REP /6.4 BD 20490605",11000,USD,11,7.0637,92.536566,25/09/2026,05:07:04 PM,ESTRUCTURADA,PRIMERA PARTE,ROTC,28/09/2026,CONFIRMADA,3363525,0,05/06/2019,05/06/2049,4.95,MINISTERIO DE HACIENDA,HACIENDA,62671
USP3579ECE51,BSRD2049,"DOMINICAN, REP /6.4 BD 20490605",11000,USD,11,0,0,25/09/2026,05:07:02 PM,PRESTAMO,SEGUNDA PARTE,ROTC,04/06/2049,CONFIRMADA,3363526,0,05/06/2019,05/06/2049,0,MINISTERIO DE HACIENDA,HACIENDA,55671
USP3579ECE51,BSRD2049,"DOMINICAN, REP /6.4 BD 20490605",11000,USD,11,7.0637,92.536566,25/09/2026,05:07:02 PM,PRESTAMO,PRIMERA PARTE,ROTC,28/09/2026,CONFIRMADA,3363526,0,05/06/2019,05/06/2049,0,MINISTERIO DE HACIENDA,HACIENDA,60557
DO1005213421,MH22035,HACIENDA/10.5 BOEST 20350510 GTIA,500000,DOP,5,10.9828,97.348074,25/09/2026,05:07:01 PM,ESTRUCTURADA,SEGUNDA PARTE,ROTC,27/11/2026,CONFIRMADA,3363527,0,10/05/2024,10/05/2035,9.05,MINISTERIO DE HACIENDA,HACIENDA,62433
DO1005213421,MH22035,HACIENDA/10.5 BOEST 20350510 GTIA,500000,DOP,5,10.9398,97.541668,25/09/2026,05:07:01 PM,ESTRUCTURADA,PRIMERA PARTE,ROTC,28/09/2026,CONFIRMADA,3363527,0,10/05/2024,10/05/2035,9.05,MINISTERIO DE HACIENDA,HACIENDA,62594
DO1005213421,MH22035,HACIENDA/10.5 BOEST 20350510 GTIA,500000,DOP,5,0,0,25/09/2026,05:07:00 PM,PRESTAMO,SEGUNDA PARTE,ROTC,09/05/2035,CONFIRMADA,3363528,0,10/05/2024,10/05/2035,0,MINISTERIO DE HACIENDA,HACIENDA,55181
DO1005213421,MH22035,HACIENDA/10.5 BOEST 20350510 GTIA,500000,DOP,5,10.9398,97.541668,25/09/2026,05:07:00 PM,PRESTAMO,PRIMERA PARTE,ROTC,28/09/2026,CONFIRMADA,3363528,0,10/05/2024,10/05/2035,0,MINISTERIO DE HACIENDA,HACIENDA,60487
DO1002261522,NO180130,BCENTRAL/9.5 BOEST 20300118 GTIA,50000,DOP,5,8.5035,102.671886,25/09/2026,05:06:59 PM,ESTRUCTURADA,SEGUNDA PARTE,ROTC,30/11/2026,CONFIRMADA,3363529,0,18/01/2026,18/01/2030,8.95,BANCO CENTRAL DE LA REPUBLICA DOMINICANA,BCENTRAL,62405
DO1002261522,NO180130,BCENTRAL/9.5 BOEST 20300118 GTIA,50000,DOP,5,8.5502,102.661204,25/09/2026,05:06:59 PM,ESTRUCTURADA,PRIMERA PARTE,ROTC,28/09/2026,CONFIRMADA,3363529,0,18/01/2026,18/01/2030,8.95,BANCO CENTRAL DE LA REPUBLICA DOMINICANA,BCENTRAL,62440
DO1002261522,NO180130,BCENTRAL/9.5 BOEST 20300118 GTIA,50000,DOP,5,0,0,25/09/2026,05:06:58 PM,PRESTAMO,SEGUNDA PARTE,ROTC,17/01/2030,CONFIRMADA,3363530,0,18/01/2026,18/01/2030,0,BANCO CENTRAL DE LA REPUBLICA DOMINICANA,BCENTRAL,55195
DO1002261522,NO180130,BCENTRAL/9.5 BOEST 20300118 GTIA,50000,DOP,5,8.5502,102.661204,25/09/2026,05:06:58 PM,PRESTAMO,PRIMERA PARTE,ROTC,28/09/2026,CONFIRMADA,3363530,0,18/01/2026,18/01/2030,0,BANCO CENTRAL DE LA REPUBLICA DOMINICANA,BCENTRAL,60333
USP3579ECH82,BSRD2032,"DOMINICAN, REP /4.875 BD 20320923",436000,USD,436,6.3714,92.916649,25/09/2026,05:06:57 PM,ESTRUCTURADA,SEGUNDA PARTE,ROTC,06/01/2027,CONFIRMADA,3363531,0,23/09/2020,23/09/2032,5.3,MINISTERIO DE HACIENDA,HACIENDA,64148
USP3579ECH82,BSRD2032,"DOMINICAN, REP /4.875 BD 20320923",436000,USD,436,6.3229,92.875402,25/09/2026,05:06:57 PM,ESTRUCTURADA,PRIMERA PARTE,ROTC,28/09/2026,CONFIRMADA,3363531,0,23/09/2020,23/09/2032,5.3,MINISTERIO DE HACIENDA,HACIENDA,64232
USP3579ECH82,BSRD2032,"DOMINICAN, REP /4.875 BD 20320923",436000,USD,436,0,0,25/09/2026,05:06:55 PM,PRESTAMO,SEGUNDA PARTE,ROTC,22/09/2032,CONFIRMADA,3363532,0,23/09/2020,23/09/2032,0,MINISTERIO DE HACIENDA,HACIENDA,57239
USP3579ECH82,BSRD2032,"DOMINICAN, REP /4.875 BD 20320923",436000,USD,436,6.3229,92.875402,25/09/2026,05:06:55 PM,PRESTAMO,PRIMERA PARTE,ROTC,28/09/2026,CONFIRMADA,3363532,0,23/09/2020,23/09/2032,0,MINISTERIO DE HACIENDA,HACIENDA,62118
USP3579ECZ80,BSRD2035, ,464000,USD,464,6.5303,95.650539,25/09/2026,05:06:54 PM,ESTRUCTURADA,SEGUNDA PARTE,ROTC,06/01/2027,CONFIRMADA,3363533,0,28/10/2025,28/10/2035,5.3,MINISTERIO DE HACIENDA,HACIENDA,51079
USP3579ECZ80,BSRD2035, ,464000,USD,464,6.4929,95.803368,25/09/2026,05:06:54 PM,ESTRUCTURADA,PRIMERA PARTE,ROTC,28/09/2026,CONFIRMADA,3363533,0,28/10/2025,28/10/2035,5.3,MINISTERIO DE HACIENDA,HACIENDA,51310
USP3579ECZ80,BSRD2035, ,464000,USD,464,0,0,25/09/2026,05:06:53 PM,PRESTAMO,SEGUNDA PARTE,ROTC,26/10/2035,CONFIRMADA,3363534,0,28/10/2025,28/10/2035,0,MINISTERIO DE HACIENDA,HACIENDA,44226
USP3579ECZ80,BSRD2035, ,464000,USD,464,6.4929,95.803368,25/09/2026,05:06:53 PM,PRESTAMO,PRIMERA PARTE,ROTC,28/09/2026,CONFIRMADA,3363534,0,28/10/2025,28/10/2035,0,MINISTERIO DE HACIENDA,HACIENDA,49203
USP3579ECZ80,BSRD2035, ,464000,USD,464,6.5303,95.650539,25/09/2026,05:06:52 PM,ESTRUCTURADA,SEGUNDA PARTE,ROTC,06/01/2027,CONFIRMADA,3363535,0,28/10/2025,28/10/2035,5.3,MINISTERIO DE HACIENDA,HACIENDA,51065
USP3579ECZ80,BSRD2035, ,464000,USD,464,6.4929,95.803368,25/09/2026,05:06:52 PM,ESTRUCTURADA,PRIMERA PARTE,ROTC,28/09/2026,CONFIRMADA,3363535,0,28/10/2025,28/10/2035,5.3,MINISTERIO DE HACIENDA,HACIENDA,51296
USP3579ECZ80,BSRD2035, ,464000,USD,464,0,0,25/09/2026,05:06:51 PM,PRESTAMO,SEGUNDA PARTE,ROTC,26/10/2035,CONFIRMADA,3363536,0,28/10/2025,28/10/2035,0,MINISTERIO DE HACIENDA,HACIENDA,44212
USP3579ECZ80,BSRD2035, ,464000,USD,464,6.4929,95.803368,25/09/2026,05:06:51 PM,PRESTAMO,PRIMERA PARTE,ROTC,28/09/2026,CONFIRMADA,3363536,0,28/10/2025,28/10/2035,0,MINISTERIO DE HACIENDA,HACIENDA,49189
DO1005210922,MH22034,HACIENDA/13 BOEST 20340610 GTIA,22800000,DOP,228,8.9063,121.871123,25/09/2026,05:06:50 PM,ESTRUCTURADA,SEGUNDA PARTE,ROTC,06/01/2027,CONFIRMADA,3363537,0,10/06/2022,10/06/2034,9.95,MINISTERIO DE HACIENDA,HACIENDA,63091
DO1005210922,MH22034,HACIENDA/13 BOEST 20340610 GTIA,22800000,DOP,228,8.9817,121.953815,25/09/2026,05:06:50 PM,ESTRUCTURADA,PRIMERA PARTE,ROTC,28/09/2026,CONFIRMADA,3363537,0,10/06/2022,10/06/2034,9.95,MINISTERIO DE HACIENDA,HACIENDA,63343
DO1005210922,MH22034,HACIENDA/13 BOEST 20340610 GTIA,22800000,DOP,228,0,0,25/09/2026,05:06:49 PM,PRESTAMO,SEGUNDA PARTE,ROTC,09/06/2034,CONFIRMADA,3363538,0,10/06/2022,10/06/2034,0,MINISTERIO DE HACIENDA,HACIENDA,56049
DO1005210922,MH22034,HACIENDA/13 BOEST 20340610 GTIA,22800000,DOP,228,8.9817,121.953815,25/09/2026,05:06:49 PM,PRESTAMO,PRIMERA PARTE,ROTC,28/09/2026,CONFIRMADA,3363538,0,10/06/2022,10/06/2034,0,MINISTERIO DE HACIENDA,HACIENDA,61299
DO1002226525,NO180228,BCENTRAL/15 BOEST 20280218 GTIA,1060000,DOP,106,7.232,108.338365,25/09/2026,05:06:47 PM,ESTRUCTURADA,SEGUNDA PARTE,ROTC,28/12/2026,CONFIRMADA,3363539,0,18/02/2023,18/02/2028,9.15,BANCO CENTRAL DE LA REPUBLICA DOMINICANA,BCENTRAL,63175
DO1002226525,NO180228,BCENTRAL/15 BOEST 20280218 GTIA,1060000,DOP,106,7.6574,109.476843,25/09/2026,05:06:47 PM,ESTRUCTURADA,PRIMERA PARTE,ROTC,28/09/2026,CONFIRMADA,3363539,0,18/02/2023,18/02/2028,9.15,BANCO CENTRAL DE LA REPUBLICA DOMINICANA,BCENTRAL,63756
DO1002226525,NO180228,BCENTRAL/15 BOEST 20280218 GTIA,1060000,DOP,106,0,0,25/09/2026,05:06:46 PM,PRESTAMO,SEGUNDA PARTE,ROTC,17/02/2028,CONFIRMADA,3363540,0,18/02/2023,18/02/2028,0,BANCO CENTRAL DE LA REPUBLICA DOMINICANA,BCENTRAL,56364
DO1002226525,NO180228,BCENTRAL/15 BOEST 20280218 GTIA,1060000,DOP,106,7.6574,109.476843,25/09/2026,05:06:46 PM,PRESTAMO,PRIMERA PARTE,ROTC,28/09/2026,CONFIRMADA,3363540,0,18/02/2023,18/02/2028,0,BANCO CENTRAL DE LA REPUBLICA DOMINICANA,BCENTRAL,61649
DO1002262223,LE030927,BCENTRAL/ LT 20270903 GTIA,1060000,DOP,106,8.9326,94.203174,25/09/2026,05:06:45 PM,ESTRUCTURADA,SEGUNDA PARTE,ROTC,29/12/2026,CONFIRMADA,3363542,0,03/09/2026,03/09/2027,9.25,BANCO CENTRAL DE LA REPUBLICA DOMINICANA,BCENTRAL,60837
DO1002262223,LE030927,BCENTRAL/ LT 20270903 GTIA,1060000,DOP,106,9.1725,92.027741,25/09/2026,05:06:45 PM,ESTRUCTURADA,PRIMERA PARTE,ROTC,28/09/2026,CONFIRMADA,3363542,0,03/09/2026,03/09/2027,9.25,BANCO CENTRAL DE LA REPUBLICA DOMINICANA,BCENTRAL,60921
DO1002262223,LE030927,BCENTRAL/ LT 20270903 GTIA,1060000,DOP,106,0,0,25/09/2026,05:06:44 PM,PRESTAMO,SEGUNDA PARTE,ROTC,02/09/2027,CONFIRMADA,3363544,0,03/09/2026,03/09/2027,0,BANCO CENTRAL DE LA REPUBLICA DOMINICANA,BCENTRAL,53970
DO1002262223,LE030927,BCENTRAL/ LT 20270903 GTIA,1060000,DOP,106,9.1725,92.027741,25/09/2026,05:06:44 PM,PRESTAMO,PRIMERA PARTE,ROTC,28/09/2026,CONFIRMADA,3363544,0,03/09/2026,03/09/2027,0,BANCO CENTRAL DE LA REPUBLICA DOMINICANA,BCENTRAL,58814
DO1005210922,MH22034,HACIENDA/13 BOEST 20340610 GTIA,4700000,DOP,47,8.9869,121.080162,25/09/2026,05:06:43 PM,ESTRUCTURADA,SEGUNDA PARTE,ROTC,26/02/2027,CONFIRMADA,3363545,0,10/06/2022,10/06/2034,9.2,MINISTERIO DE HACIENDA,HACIENDA,62503
DO1005210922,MH22034,HACIENDA/13 BOEST 20340610 GTIA,4700000,DOP,47,9.0361,121.614107,25/09/2026,05:06:43 PM,ESTRUCTURADA,PRIMERA PARTE,ROTC,28/09/2026,CONFIRMADA,3363545,0,10/06/2022,10/06/2034,9.2,MINISTERIO DE HACIENDA,HACIENDA,62489
DO1005210922,MH22034,HACIENDA/13 BOEST 20340610 GTIA,4700000,DOP,47,0,0,25/09/2026,05:06:42 PM,PRESTAMO,SEGUNDA PARTE,ROTC,09/06/2034,CONFIRMADA,3363546,0,10/06/2022,10/06/2034,0,MINISTERIO DE HACIENDA,HACIENDA,55314
DO1005210922,MH22034,HACIENDA/13 BOEST 20340610 GTIA,4700000,DOP,47,9.0361,121.614107,25/09/2026,05:06:42 PM,PRESTAMO,PRIMERA PARTE,ROTC,28/09/2026,CONFIRMADA,3363546,0,10/06/2022,10/06/2034,0,MINISTERIO DE HACIENDA,HACIENDA,60382
DO1002261522,NO180130,BCENTRAL/9.5 BOEST 20300118 GTIA,50000,DOP,5,9.6501,99.600104,25/09/2026,05:06:40 PM,ESTRUCTURADA,SEGUNDA PARTE,ROTC,29/12/2026,CONFIRMADA,3363547,0,18/01/2026,18/01/2030,9.15,BANCO CENTRAL DE LA REPUBLICA DOMINICANA,BCENTRAL,61992
DO1002261522,NO180130,BCENTRAL/9.5 BOEST 20300118 GTIA,50000,DOP,5,9.6337,99.602604,25/09/2026,05:06:40 PM,ESTRUCTURADA,PRIMERA PARTE,ROTC,28/09/2026,CONFIRMADA,3363547,0,18/01/2026,18/01/2030,9.15,BANCO CENTRAL DE LA REPUBLICA DOMINICANA,BCENTRAL,62188
DO1002261522,NO180130,BCENTRAL/9.5 BOEST 20300118 GTIA,50000,DOP,5,0,0,25/09/2026,05:06:39 PM,PRESTAMO,SEGUNDA PARTE,ROTC,17/01/2030,CONFIRMADA,3363548,0,18/01/2026,18/01/2030,0,BANCO CENTRAL DE LA REPUBLICA DOMINICANA,BCENTRAL,55188
DO1002261522,NO180130,BCENTRAL/9.5 BOEST 20300118 GTIA,50000,DOP,5,9.6337,99.602604,25/09/2026,05:06:39 PM,PRESTAMO,PRIMERA PARTE,ROTC,28/09/2026,CONFIRMADA,3363548,0,18/01/2026,18/01/2030,0,BANCO CENTRAL DE LA REPUBLICA DOMINICANA,BCENTRAL,60144
DO1002262124,LE110627,BCENTRAL/ LT 20270611 GTIA,80000,DOP,8,6.7761,97.504037,25/09/2026,05:06:38 PM,ESTRUCTURADA,SEGUNDA PARTE,ROTC,26/01/2027,CONFIRMADA,3363549,0,03/09/2026,11/06/2027,9.25,BANCO CENTRAL DE LA REPUBLICA DOMINICANA,BCENTRAL,59465
DO1002262124,LE110627,BCENTRAL/ LT 20270611 GTIA,80000,DOP,8,8.0467,94.587587,25/09/2026,05:06:38 PM,ESTRUCTURADA,PRIMERA PARTE,ROTC,28/09/2026,CONFIRMADA,3363549,0,03/09/2026,11/06/2027,9.25,BANCO CENTRAL DE LA REPUBLICA DOMINICANA,BCENTRAL,59703
DO1002262124,LE110627,BCENTRAL/ LT 20270611 GTIA,80000,DOP,8,0,0,25/09/2026,05:06:37 PM,PRESTAMO,SEGUNDA PARTE,ROTC,10/06/2027,CONFIRMADA,3363550,0,03/09/2026,11/06/2027,0,BANCO CENTRAL DE LA REPUBLICA DOMINICANA,BCENTRAL,52570
DO1002262124,LE110627,BCENTRAL/ LT 20270611 GTIA,80000,DOP,8,8.0467,94.587587,25/09/2026,05:06:37 PM,PRESTAMO,PRIMERA PARTE,ROTC,28/09/2026,CONFIRMADA,3363550,0,03/09/2026,11/06/2027,0,BANCO CENTRAL DE LA REPUBLICA DOMINICANA,BCENTRAL,57596
DO1005213421,MH22035,HACIENDA/10.5 BOEST 20350510 GTIA,900000,DOP,9,0,0,25/09/2026,05:06:36 PM,PRESTAMO,SEGUNDA PARTE,ROTC,09/05/2035,CONFIRMADA,3363551,0,10/05/2024,10/05/2035,0,MINISTERIO DE HACIENDA,HACIENDA,55293
DO1005213421,MH22035,HACIENDA/10.5 BOEST 20350510 GTIA,900000,DOP,9,9.2855,107.054947,25/09/2026,05:06:36 PM,PRESTAMO,PRIMERA PARTE,ROTC,28/09/2026,CONFIRMADA,3363551,0,10/05/2024,10/05/2035,0,MINISTERIO DE HACIENDA,HACIENDA,60529
USP3579EAY34,BSRD2044,DOMINICAN Rep/7.45 BD 20440430 GO,59000,USD,59,7.0114,104.325935,25/09/2026,05:06:35 PM,ESTRUCTURADA,SEGUNDA PARTE,ROTC,25/02/2027,CONFIRMADA,3363552,0,30/04/2014,30/04/2044,4.95,MINISTERIO DE HACIENDA,HACIENDA,64533
USP3579EAY34,BSRD2044,DOMINICAN Rep/7.45 BD 20440430 GO,59000,USD,59,6.939,105.136409,25/09/2026,05:06:35 PM,ESTRUCTURADA,PRIMERA PARTE,ROTC,28/09/2026,CONFIRMADA,3363552,0,30/04/2014,30/04/2044,4.95,MINISTERIO DE HACIENDA,HACIENDA,64400
USP3579EAY34,BSRD2044,DOMINICAN Rep/7.45 BD 20440430 GO,59000,USD,59,0,0,25/09/2026,05:06:34 PM,PRESTAMO,SEGUNDA PARTE,ROTC,29/04/2044,CONFIRMADA,3363553,0,30/04/2014,30/04/2044,0,MINISTERIO DE HACIENDA,HACIENDA,57470
USP3579EAY34,BSRD2044,DOMINICAN Rep/7.45 BD 20440430 GO,59000,USD,59,6.939,105.136409,25/09/2026,05:06:34 PM,PRESTAMO,PRIMERA PARTE,ROTC,28/09/2026,CONFIRMADA,3363553,0,30/04/2014,30/04/2044,0,MINISTERIO DE HACIENDA,HACIENDA,62293
USP3579EBE60,BSRD2045,DOMINICAN Rep/6.85 BD 20450127 Un,33000,USD,33,6.9825,98.634939,25/09/2026,05:06:32 PM,ESTRUCTURADA,SEGUNDA PARTE,ROTC,27/11/2026,CONFIRMADA,3363554,0,27/01/2015,27/01/2045,4.6,MINISTERIO DE HACIENDA,HACIENDA,64554
USP3579EBE60,BSRD2045,DOMINICAN Rep/6.85 BD 20450127 Un,33000,USD,33,6.947,98.98976,25/09/2026,05:06:32 PM,ESTRUCTURADA,PRIMERA PARTE,ROTC,28/09/2026,CONFIRMADA,3363554,0,27/01/2015,27/01/2045,4.6,MINISTERIO DE HACIENDA,HACIENDA,64008
USP3579EBE60,BSRD2045,DOMINICAN Rep/6.85 BD 20450127 Un,33000,USD,33,0,0,25/09/2026,05:06:31 PM,PRESTAMO,SEGUNDA PARTE,ROTC,26/01/2045,CONFIRMADA,3363555,0,27/01/2015,27/01/2045,0,MINISTERIO DE HACIENDA,HACIENDA,57533
USP3579EBE60,BSRD2045,DOMINICAN Rep/6.85 BD 20450127 Un,33000,USD,33,6.947,98.98976,25/09/2026,05:06:31 PM,PRESTAMO,PRIMERA PARTE,ROTC,28/09/2026,CONFIRMADA,3363555,0,27/01/2015,27/01/2045,0,MINISTERIO DE HACIENDA,HACIENDA,61901
USP3579ECY16,BSDR2037, ,200000,DOP,4,9.2349,108.2653,25/09/2026,05:06:30 PM,ESTRUCTURADA,SEGUNDA PARTE,ROTC,27/11/2026,CONFIRMADA,3363557,0,24/02/2025,15/03/2037,9.05,MINISTERIO DE HACIENDA,HACIENDA,49784
USP3579ECY16,BSDR2037, ,200000,DOP,4,9.2376,108.346193,25/09/2026,05:06:30 PM,ESTRUCTURADA,PRIMERA PARTE,ROTC,28/09/2026,CONFIRMADA,3363557,0,24/02/2025,15/03/2037,9.05,MINISTERIO DE HACIENDA,HACIENDA,50645
USP3579ECY16,BSDR2037, ,200000,DOP,4,0,0,25/09/2026,05:06:29 PM,PRESTAMO,SEGUNDA PARTE,ROTC,13/03/2037,CONFIRMADA,3363559,0,24/02/2025,15/03/2037,0,MINISTERIO DE HACIENDA,HACIENDA,43358
USP3579ECY16,BSDR2037, ,200000,DOP,4,9.2376,108.346193,25/09/2026,05:06:29 PM,PRESTAMO,PRIMERA PARTE,ROTC,28/09/2026,CONFIRMADA,3363559,0,24/02/2025,15/03/2037,0,MINISTERIO DE HACIENDA,HACIENDA,48601
USP3579ECH82,BSRD2032,"DOMINICAN, REP /4.875 BD 20320923",3000,USD,3,7.6785,87.465667,25/09/2026,05:06:28 PM,ESTRUCTURADA,SEGUNDA PARTE,ROTC,25/02/2027,CONFIRMADA,3363560,0,23/09/2020,23/09/2032,4.95,MINISTERIO DE HACIENDA,HACIENDA,62769
USP3579ECH82,BSRD2032,"DOMINICAN, REP /4.875 BD 20320923",3000,USD,3,7.4718,87.647292,25/09/2026,05:06:28 PM,ESTRUCTURADA,PRIMERA PARTE,ROTC,28/09/2026,CONFIRMADA,3363560,0,23/09/2020,23/09/2032,4.95,MINISTERIO DE HACIENDA,HACIENDA,62825
USP3579ECH82,BSRD2032,"DOMINICAN, REP /4.875 BD 20320923",3000,USD,3,0,0,25/09/2026,05:06:27 PM,PRESTAMO,SEGUNDA PARTE,ROTC,22/09/2032,CONFIRMADA,3363562,0,23/09/2020,23/09/2032,0,MINISTERIO DE HACIENDA,HACIENDA,55748
USP3579ECH82,BSRD2032,"DOMINICAN, REP /4.875 BD 20320923",3000,USD,3,7.4718,87.647292,25/09/2026,05:06:27 PM,PRESTAMO,PRIMERA PARTE,ROTC,28/09/2026,CONFIRMADA,3363562,0,23/09/2020,23/09/2032,0,MINISTERIO DE HACIENDA,HACIENDA,60718
DO1002262223,LE030927,BCENTRAL/ LT 20270903 GTIA,1950000,DOP,195,8.6467,94.981115,25/09/2026,05:06:26 PM,ESTRUCTURADA,SEGUNDA PARTE,ROTC,26/01/2027,CONFIRMADA,3363563,0,03/09/2026,03/09/2027,9.2,BANCO CENTRAL DE LA REPUBLICA DOMINICANA,BCENTRAL,60991
DO1002262223,LE030927,BCENTRAL/ LT 20270903 GTIA,1950000,DOP,195,9.0136,92.155027,25/09/2026,05:06:26 PM,ESTRUCTURADA,PRIMERA PARTE,ROTC,28/09/2026,CONFIRMADA,3363563,0,03/09/2026,03/09/2027,9.2,BANCO CENTRAL DE LA REPUBLICA DOMINICANA,BCENTRAL,60984
DO1002262223,LE030927,BCENTRAL/ LT 20270903 GTIA,1950000,DOP,195,0,0,25/09/2026,05:06:24 PM,PRESTAMO,SEGUNDA PARTE,ROTC,02/09/2027,CONFIRMADA,3363564,0,03/09/2026,03/09/2027,0,BANCO CENTRAL DE LA REPUBLICA DOMINICANA,BCENTRAL,54068
DO1002262223,LE030927,BCENTRAL/ LT 20270903 GTIA,1950000,DOP,195,9.0136,92.155027,25/09/2026,05:06:24 PM,PRESTAMO,PRIMERA PARTE,ROTC,28/09/2026,CONFIRMADA,3363564,0,03/09/2026,03/09/2027,0,BANCO CENTRAL DE LA REPUBLICA DOMINICANA,BCENTRAL,58870
USP3579EBE60,BSRD2045,DOMINICAN Rep/6.85 BD 20450127 Un,19000,USD,19,7.0244,98.233446,25/09/2026,05:06:23 PM,ESTRUCTURADA,SEGUNDA PARTE,ROTC,28/01/2027,CONFIRMADA,3363565,0,27/01/2015,27/01/2045,4.95,MINISTERIO DE HACIENDA,HACIENDA,64442
USP3579EBE60,BSRD2045,DOMINICAN Rep/6.85 BD 20450127 Un,19000,USD,19,6.9618,98.839306,25/09/2026,05:06:23 PM,ESTRUCTURADA,PRIMERA PARTE,ROTC,28/09/2026,CONFIRMADA,3363565,0,27/01/2015,27/01/2045,4.95,MINISTERIO DE HACIENDA,HACIENDA,64694
USP3579EBE60,BSRD2045,DOMINICAN Rep/6.85 BD 20450127 Un,19000,USD,19,0,0,25/09/2026,05:06:22 PM,PRESTAMO,SEGUNDA PARTE,ROTC,26/01/2045,CONFIRMADA,3363566,0,27/01/2015,27/01/2045,0,MINISTERIO DE HACIENDA,HACIENDA,57589
USP3579EBE60,BSRD2045,DOMINICAN Rep/6.85 BD 20450127 Un,19000,USD,19,6.9618,98.839306,25/09/2026,05:06:22 PM,PRESTAMO,PRIMERA PARTE,ROTC,28/09/2026,CONFIRMADA,3363566,0,27/01/2015,27/01/2045,0,MINISTERIO DE HACIENDA,HACIENDA,62587
DO1005213421,MH22035,HACIENDA/10.5 BOEST 20350510 GTIA,600000,DOP,6,8.3495,112.721799,25/09/2026,05:06:21 PM,ESTRUCTURADA,SEGUNDA PARTE,ROTC,29/12/2026,CONFIRMADA,3363567,0,10/05/2024,10/05/2035,9.25,MINISTERIO DE HACIENDA,HACIENDA,62461
DO1005213421,MH22035,HACIENDA/10.5 BOEST 20350510 GTIA,600000,DOP,6,8.4071,112.610502,25/09/2026,05:06:21 PM,ESTRUCTURADA,PRIMERA PARTE,ROTC,28/09/2026,CONFIRMADA,3363567,0,10/05/2024,10/05/2035,9.25,MINISTERIO DE HACIENDA,HACIENDA,62349
DO1005213421,MH22035,HACIENDA/10.5 BOEST 20350510 GTIA,600000,DOP,6,0,0,25/09/2026,05:06:20 PM,PRESTAMO,SEGUNDA PARTE,ROTC,09/05/2035,CONFIRMADA,3363568,0,10/05/2024,10/05/2035,0,MINISTERIO DE HACIENDA,HACIENDA,55202
DO1005213421,MH22035,HACIENDA/10.5 BOEST 20350510 GTIA,600000,DOP,6,8.4071,112.610502,25/09/2026,05:06:20 PM,PRESTAMO,PRIMERA PARTE,ROTC,28/09/2026,CONFIRMADA,3363568,0,10/05/2024,10/05/2035,0,MINISTERIO DE HACIENDA,HACIENDA,60242
DO1002262124,LE110627,BCENTRAL/ LT 20270611 GTIA,440000,DOP,44,7.3171,97.310123,25/09/2026,05:06:19 PM,ESTRUCTURADA,SEGUNDA PARTE,ROTC,26/01/2027,CONFIRMADA,3363570,0,03/09/2026,11/06/2027,9.35,BANCO CENTRAL DE LA REPUBLICA DOMINICANA,BCENTRAL,60011
DO1002262124,LE110627,BCENTRAL/ LT 20270611 GTIA,440000,DOP,44,8.3912,94.368957,25/09/2026,05:06:19 PM,ESTRUCTURADA,PRIMERA PARTE,ROTC,28/09/2026,CONFIRMADA,3363570,0,03/09/2026,11/06/2027,9.35,BANCO CENTRAL DE LA REPUBLICA DOMINICANA,BCENTRAL,60340
DO1002262124,LE110627,BCENTRAL/ LT 20270611 GTIA,440000,DOP,44,0,0,25/09/2026,05:06:17 PM,PRESTAMO,SEGUNDA PARTE,ROTC,10/06/2027,CONFIRMADA,3363572,0,03/09/2026,11/06/2027,0,BANCO CENTRAL DE LA REPUBLICA DOMINICANA,BCENTRAL,53228
DO1002262124,LE110627,BCENTRAL/ LT 20270611 GTIA,440000,DOP,44,8.3912,94.368957,25/09/2026,05:06:17 PM,PRESTAMO,PRIMERA PARTE,ROTC,28/09/2026,CONFIRMADA,3363572,0,03/09/2026,11/06/2027,0,BANCO CENTRAL DE LA REPUBLICA DOMINICANA,BCENTRAL,58226
DO1002226525,NO180228,BCENTRAL/15 BOEST 20280218 GTIA,900000,DOP,90,7.0635,107.974537,25/09/2026,05:06:16 PM,ESTRUCTURADA,SEGUNDA PARTE,ROTC,26/01/2027,CONFIRMADA,3363573,0,18/02/2023,18/02/2028,9.25,BANCO CENTRAL DE LA REPUBLICA DOMINICANA,BCENTRAL,62909
DO1002226525,NO180228,BCENTRAL/15 BOEST 20280218 GTIA,900000,DOP,90,7.6841,109.439915,25/09/2026,05:06:16 PM,ESTRUCTURADA,PRIMERA PARTE,ROTC,28/09/2026,CONFIRMADA,3363573,0,18/02/2023,18/02/2028,9.25,BANCO CENTRAL DE LA REPUBLICA DOMINICANA,BCENTRAL,63056
DO1002226525,NO180228,BCENTRAL/15 BOEST 20280218 GTIA,900000,DOP,90,0,0,25/09/2026,05:06:15 PM,PRESTAMO,SEGUNDA PARTE,ROTC,17/02/2028,CONFIRMADA,3363574,0,18/02/2023,18/02/2028,0,BANCO CENTRAL DE LA REPUBLICA DOMINICANA,BCENTRAL,55692
DO1002226525,NO180228,BCENTRAL/15 BOEST 20280218 GTIA,900000,DOP,90,7.6841,109.439915,25/09/2026,05:06:15 PM,PRESTAMO,PRIMERA PARTE,ROTC,28/09/2026,CONFIRMADA,3363574,0,18/02/2023,18/02/2028,0,BANCO CENTRAL DE LA REPUBLICA DOMINICANA,BCENTRAL,60949
DO1005213421,MH22035,HACIENDA/10.5 BOEST 20350510 GTIA,900000,DOP,9,9.2772,106.99065,25/09/2026,05:06:14 PM,ESTRUCTURADA,SEGUNDA PARTE,ROTC,14/12/2026,CONFIRMADA,3363575,0,10/05/2024,10/05/2035,9.05,MINISTERIO DE HACIENDA,HACIENDA,62104
DO1005213421,MH22035,HACIENDA/10.5 BOEST 20350510 GTIA,900000,DOP,9,9.2855,107.054947,25/09/2026,05:06:14 PM,ESTRUCTURADA,PRIMERA PARTE,ROTC,28/09/2026,CONFIRMADA,3363575,0,10/05/2024,10/05/2035,9.05,MINISTERIO DE HACIENDA,HACIENDA,62601
DO2018100324,BC1AES03,AESTRELLA/11.25 BO 20301130,61024,DOP,61024,10.9633,100.872722,25/09/2026,05:05:11 PM,PRESTAMO,SEGUNDA PARTE,ROTC,25/02/2027,CONFIRMADA,3363472,0,30/11/2020,30/11/2030,4.303115,ACERO ESTRELLA S A,AESTRELLA,59507
DO2018100324,BC1AES03,AESTRELLA/11.25 BO 20301130,61024,DOP,61024,11.5223,99.098168,25/09/2026,05:05:11 PM,PRESTAMO,PRIMERA PARTE,ROTC,28/09/2026,CONFIRMADA,3363472,0,30/11/2020,30/11/2030,4.303115,ACERO ESTRELLA S A,AESTRELLA,59388
DO2018100324,BC1AES03,AESTRELLA/11.25 BO 20301130,61024,DOP,61024,10.9633,100.872722,25/09/2026,05:05:10 PM,ESTRUCTURADA,SEGUNDA PARTE,ROTC,25/02/2027,CONFIRMADA,3363471,0,30/11/2020,30/11/2030,8.55,ACERO ESTRELLA S A,AESTRELLA,61600
DO2018100324,BC1AES03,AESTRELLA/11.25 BO 20301130,61024,DOP,61024,11.5223,99.098168,25/09/2026,05:05:10 PM,ESTRUCTURADA,PRIMERA PARTE,ROTC,28/09/2026,CONFIRMADA,3363471,0,30/11/2020,30/11/2030,8.55,ACERO ESTRELLA S A,AESTRELLA,61481
DO1002261423,NO301129,BCENTRAL/9.5 BOEST 20291130 GTIA,20000,DOP,2,10.7356,96.79005,25/09/2026,05:04:09 PM,PRESTAMO,SEGUNDA PARTE,ROTC,23/10/2026,CONFIRMADA,3363561,0,30/11/2025,30/11/2029,8.05,BANCO CENTRAL DE LA REPUBLICA DOMINICANA,BCENTRAL,59913
DO1002261423,NO301129,BCENTRAL/9.5 BOEST 20291130 GTIA,20000,DOP,2,10.6764,96.87635,25/09/2026,05:04:09 PM,PRESTAMO,PRIMERA PARTE,ROTC,28/09/2026,CONFIRMADA,3363561,0,30/11/2025,30/11/2029,8.05,BANCO CENTRAL DE LA REPUBLICA DOMINICANA,BCENTRAL,60137
DO1002261423,NO301129,BCENTRAL/9.5 BOEST 20291130 GTIA,20000,DOP,2,10.7356,96.79005,25/09/2026,05:04:08 PM,ESTRUCTURADA,SEGUNDA PARTE,ROTC,23/10/2026,CONFIRMADA,3363382,0,30/11/2025,30/11/2029,8.05,BANCO CENTRAL DE LA REPUBLICA DOMINICANA,BCENTRAL,62006
DO1002261423,NO301129,BCENTRAL/9.5 BOEST 20291130 GTIA,20000,DOP,2,10.6764,96.87635,25/09/2026,05:04:08 PM,ESTRUCTURADA,PRIMERA PARTE,ROTC,28/09/2026,CONFIRMADA,3363382,0,30/11/2025,30/11/2029,8.05,BANCO CENTRAL DE LA REPUBLICA DOMINICANA,BCENTRAL,62230
USP3579ECG00,BSRD2060,DOMINICAN REP/5.875 BD 20600130 U,4000,USD,4,5.5902,104.2435,25/09/2026,05:03:33 PM,PRESTAMO,SEGUNDA PARTE,ROTC,25/06/2027,CONFIRMADA,3363477,0,30/01/2020,30/01/2060,4.22267,MINISTERIO DE HACIENDA,HACIENDA,60193
USP3579ECG00,BSRD2060,DOMINICAN REP/5.875 BD 20600130 U,4000,USD,4,5.7319,102.107972,25/09/2026,05:03:33 PM,PRESTAMO,PRIMERA PARTE,ROTC,28/09/2026,CONFIRMADA,3363477,0,30/01/2020,30/01/2060,4.22267,MINISTERIO DE HACIENDA,HACIENDA,61061
USP3579ECG00,BSRD2060,DOMINICAN REP/5.875 BD 20600130 U,4000,USD,4,5.5902,104.2435,25/09/2026,05:03:32 PM,ESTRUCTURADA,SEGUNDA PARTE,ROTC,25/06/2027,CONFIRMADA,3363476,0,30/01/2020,30/01/2060,4.6,MINISTERIO DE HACIENDA,HACIENDA,62286
USP3579ECG00,BSRD2060,DOMINICAN REP/5.875 BD 20600130 U,4000,USD,4,5.7319,102.107972,25/09/2026,05:03:32 PM,ESTRUCTURADA,PRIMERA PARTE,ROTC,28/09/2026,CONFIRMADA,3363476,0,30/01/2020,30/01/2060,4.6,MINISTERIO DE HACIENDA,HACIENDA,63154
DO1002261423,NO301129,BCENTRAL/9.5 BOEST 20291130 GTIA,10000,DOP,1,10.7236,96.7725,25/09/2026,05:02:25 PM,PRESTAMO,SEGUNDA PARTE,ROTC,05/10/2026,CONFIRMADA,3363513,0,30/11/2025,30/11/2029,3.95,BANCO CENTRAL DE LA REPUBLICA DOMINICANA,BCENTRAL,59514
DO1002261423,NO301129,BCENTRAL/9.5 BOEST 20291130 GTIA,10000,DOP,1,10.6764,96.8764,25/09/2026,05:02:25 PM,PRESTAMO,PRIMERA PARTE,ROTC,28/09/2026,CONFIRMADA,3363513,0,30/11/2025,30/11/2029,3.95,BANCO CENTRAL DE LA REPUBLICA DOMINICANA,BCENTRAL,59731
DO1002261423,NO301129,BCENTRAL/9.5 BOEST 20291130 GTIA,10000,DOP,1,10.7236,96.7725,25/09/2026,05:02:24 PM,ESTRUCTURADA,SEGUNDA PARTE,ROTC,05/10/2026,CONFIRMADA,3362836,0,30/11/2025,30/11/2029,3.95,BANCO CENTRAL DE LA REPUBLICA DOMINICANA,BCENTRAL,61607
DO1002261423,NO301129,BCENTRAL/9.5 BOEST 20291130 GTIA,10000,DOP,1,10.6764,96.8764,25/09/2026,05:02:24 PM,ESTRUCTURADA,PRIMERA PARTE,ROTC,28/09/2026,CONFIRMADA,3362836,0,30/11/2025,30/11/2029,3.95,BANCO CENTRAL DE LA REPUBLICA DOMINICANA,BCENTRAL,61824
DO2018100324,BC1AES03,AESTRELLA/11.25 BO 20301130,778805,DOP,778805,8.3461,108.051462,25/09/2026,05:02:24 PM,ESTRUCTURADA,SEGUNDA PARTE,ROTC,23/09/2027,CONFIRMADA,3363469,0,30/11/2020,30/11/2030,8.8,ACERO ESTRELLA S A,AESTRELLA,62279
DO2018100324,BC1AES03,AESTRELLA/11.25 BO 20301130,778805,DOP,778805,11.5223,99.098065,25/09/2026,05:02:24 PM,ESTRUCTURADA,PRIMERA PARTE,ROTC,28/09/2026,CONFIRMADA,3363469,0,30/11/2020,30/11/2030,8.8,ACERO ESTRELLA S A,AESTRELLA,62447
DO2018100324,BC1AES03,AESTRELLA/11.25 BO 20301130,778805,DOP,778805,8.3461,108.051462,25/09/2026,05:02:23 PM,PRESTAMO,SEGUNDA PARTE,ROTC,23/09/2027,CONFIRMADA,3363470,0,30/11/2020,30/11/2030,8.909842,ACERO ESTRELLA S A,AESTRELLA,60172
DO2018100324,BC1AES03,AESTRELLA/11.25 BO 20301130,778805,DOP,778805,11.5223,99.098065,25/09/2026,05:02:23 PM,PRESTAMO,PRIMERA PARTE,ROTC,28/09/2026,CONFIRMADA,3363470,0,30/11/2020,30/11/2030,8.909842,ACERO ESTRELLA S A,AESTRELLA,60340
DO1002223621,NO150127,BCENTRAL/8 BOEST 20270115 GTIA,4380000,DOP,438,9.03,98.826286,25/09/2026,05:00:42 PM,PRESTAMO,SEGUNDA PARTE,ROTC,28/12/2026,CONFIRMADA,3363512,0,15/01/2022,15/01/2027,0.02,BANCO CENTRAL DE LA REPUBLICA DOMINICANA,BCENTRAL,60074
DO1002223621,NO150127,BCENTRAL/8 BOEST 20270115 GTIA,4380000,DOP,438,9.03,98.826286,25/09/2026,05:00:42 PM,PRESTAMO,PRIMERA PARTE,ROTC,28/09/2026,CONFIRMADA,3363512,0,15/01/2022,15/01/2027,0.02,BANCO CENTRAL DE LA REPUBLICA DOMINICANA,BCENTRAL,60179
DO1002223621,NO150127,BCENTRAL/8 BOEST 20270115 GTIA,4380000,DOP,438,26.434822,99.135955,25/09/2026,05:00:35 PM,PLAZO,PRIMERA PARTE,ROTC,28/12/2026,CONFIRMADA,3363511,0,15/01/2022,15/01/2027,0,BANCO CENTRAL DE LA REPUBLICA DOMINICANA,BCENTRAL,60340
DO1002223621,NO150127,BCENTRAL/8 BOEST 20270115 GTIA,4380000,DOP,438,12.052223,98.826286,25/09/2026,05:00:30 PM,CONTADO,PRIMERA PARTE,ROTC,28/09/2026,CONFIRMADA,3363510,0,15/01/2022,15/01/2027,0,BANCO CENTRAL DE LA REPUBLICA DOMINICANA,BCENTRAL,61180
DO1002262223,LE030927,BCENTRAL/ LT 20270903 GTIA,1980000,DOP,198,7.65,92.424242,25/09/2026,05:00:10 PM,PRESTAMO,SEGUNDA PARTE,ROTC,12/04/2027,CONFIRMADA,3363509,0,03/09/2026,03/09/2027,0.02,BANCO CENTRAL DE LA REPUBLICA DOMINICANA,BCENTRAL,58002
DO1002262223,LE030927,BCENTRAL/ LT 20270903 GTIA,1980000,DOP,198,7.65,92.424242,25/09/2026,05:00:10 PM,PRESTAMO,PRIMERA PARTE,ROTC,28/09/2026,CONFIRMADA,3363509,0,03/09/2026,03/09/2027,0.02,BANCO CENTRAL DE LA REPUBLICA DOMINICANA,BCENTRAL,58142
DO1002262223,LE030927,BCENTRAL/ LT 20270903 GTIA,1980000,DOP,198,9.703434,96.263648,25/09/2026,05:00:04 PM,PLAZO,PRIMERA PARTE,ROTC,12/04/2027,CONFIRMADA,3363508,0,03/09/2026,03/09/2027,0,BANCO CENTRAL DE LA REPUBLICA DOMINICANA,BCENTRAL,58016
DO1002262223,LE030927,BCENTRAL/ LT 20270903 GTIA,1980000,DOP,198,8.678882,92.424242,25/09/2026,04:59:58 PM,CONTADO,PRIMERA PARTE,ROTC,28/09/2026,CONFIRMADA,3363507,0,03/09/2026,03/09/2027,0,BANCO CENTRAL DE LA REPUBLICA DOMINICANA,BCENTRAL,59171
DO2018100324,BC1AES03,AESTRELLA/11.25 BO 20301130,15466,DOP,15466,10.8788,101.144446,25/09/2026,04:59:43 PM,ESTRUCTURADA,SEGUNDA PARTE,ROTC,27/01/2027,CONFIRMADA,3363466,0,30/11/2020,30/11/2030,8.75,ACERO ESTRELLA S A,AESTRELLA,61873
DO2018100324,BC1AES03,AESTRELLA/11.25 BO 20301130,15466,DOP,15466,11.5225,99.097565,25/09/2026,04:59:43 PM,ESTRUCTURADA,PRIMERA PARTE,ROTC,28/09/2026,CONFIRMADA,3363466,0,30/11/2020,30/11/2030,8.75,ACERO ESTRELLA S A,AESTRELLA,61719
DO2018100324,BC1AES03,AESTRELLA/11.25 BO 20301130,15466,DOP,15466,10.8788,101.144446,25/09/2026,04:59:42 PM,PRESTAMO,SEGUNDA PARTE,ROTC,27/01/2027,CONFIRMADA,3363467,0,30/11/2020,30/11/2030,3.725314,ACERO ESTRELLA S A,AESTRELLA,59766
DO2018100324,BC1AES03,AESTRELLA/11.25 BO 20301130,15466,DOP,15466,11.5225,99.097565,25/09/2026,04:59:42 PM,PRESTAMO,PRIMERA PARTE,ROTC,28/09/2026,CONFIRMADA,3363467,0,30/11/2020,30/11/2030,3.725314,ACERO ESTRELLA S A,AESTRELLA,59612
DO1002223621,NO150127,BCENTRAL/8 BOEST 20270115 GTIA,14380000,DOP,1438,7.6,99.634424,25/09/2026,04:59:41 PM,PRESTAMO,SEGUNDA PARTE,ROTC,03/12/2026,CONFIRMADA,3363506,0,15/01/2022,15/01/2027,0.02,BANCO CENTRAL DE LA REPUBLICA DOMINICANA,BCENTRAL,60410
DO1002223621,NO150127,BCENTRAL/8 BOEST 20270115 GTIA,14380000,DOP,1438,7.6,99.634424,25/09/2026,04:59:41 PM,PRESTAMO,PRIMERA PARTE,ROTC,28/09/2026,CONFIRMADA,3363506,0,15/01/2022,15/01/2027,0.02,BANCO CENTRAL DE LA REPUBLICA DOMINICANA,BCENTRAL,60564
DO1002223621,NO150127,BCENTRAL/8 BOEST 20270115 GTIA,14380000,DOP,1438,11.305591,99.606885,25/09/2026,04:59:37 PM,PLAZO,PRIMERA PARTE,ROTC,03/12/2026,CONFIRMADA,3363505,0,15/01/2022,15/01/2027,0,BANCO CENTRAL DE LA REPUBLICA DOMINICANA,BCENTRAL,61075
DO1002223621,NO150127,BCENTRAL/8 BOEST 20270115 GTIA,14380000,DOP,1438,9.203397,99.634424,25/09/2026,04:59:32 PM,CONTADO,PRIMERA PARTE,ROTC,28/09/2026,CONFIRMADA,3363504,0,15/01/2022,15/01/2027,0,BANCO CENTRAL DE LA REPUBLICA DOMINICANA,BCENTRAL,61691
DO1002224124,NO120327,BCENTRAL/8 BOEST 20270312 GTIA,11600000,DOP,1160,7.6,99.812539,25/09/2026,04:59:20 PM,PRESTAMO,SEGUNDA PARTE,ROTC,03/12/2026,CONFIRMADA,3363503,0,12/03/2022,12/03/2027,0.02,BANCO CENTRAL DE LA REPUBLICA DOMINICANA,BCENTRAL,60291
DO1002224124,NO120327,BCENTRAL/8 BOEST 20270312 GTIA,11600000,DOP,1160,7.6,99.812539,25/09/2026,04:59:20 PM,PRESTAMO,PRIMERA PARTE,ROTC,28/09/2026,CONFIRMADA,3363503,0,12/03/2022,12/03/2027,0.02,BANCO CENTRAL DE LA REPUBLICA DOMINICANA,BCENTRAL,60445
DO1002224124,NO120327,BCENTRAL/8 BOEST 20270312 GTIA,11600000,DOP,1160,8.879387,99.745951,25/09/2026,04:59:15 PM,PLAZO,PRIMERA PARTE,ROTC,03/12/2026,CONFIRMADA,3363502,0,12/03/2022,12/03/2027,0,BANCO CENTRAL DE LA REPUBLICA DOMINICANA,BCENTRAL,60739
DO1002224124,NO120327,BCENTRAL/8 BOEST 20270312 GTIA,11600000,DOP,1160,8.412735,99.812539,25/09/2026,04:59:07 PM,CONTADO,PRIMERA PARTE,ROTC,28/09/2026,CONFIRMADA,3363501,0,12/03/2022,12/03/2027,0,BANCO CENTRAL DE LA REPUBLICA DOMINICANA,BCENTRAL,61586
DO1005208322,MHUS2040,HACIENDA/6.75 BOEST 20400724 GTIA,3640000,USD,3640,4.490417,122.97901,25/09/2026,04:59:01 PM,PLAZO,PRIMERA PARTE,ROTC,26/10/2026,CONFIRMADA,3363458,0,24/07/2020,24/07/2040,0,MINISTERIO DE HACIENDA,HACIENDA,61537
DO1005205716,MHUS2027,HACIENDA/6 BOEST 20270305 GTIA,1197000,USD,1197,2.4831,101.228432,25/09/2026,04:59:00 PM,PLAZO,PRIMERA PARTE,ROTC,26/10/2026,CONFIRMADA,3363473,0,05/09/2016,05/03/2027,0,MINISTERIO DE HACIENDA,HACIENDA,60116
DO1002261928,LE090427,BCENTRAL/ LT 20270409 GTIA,3860000,DOP,386,8.15,95.854923,25/09/2026,04:58:48 PM,PRESTAMO,SEGUNDA PARTE,ROTC,29/03/2027,CONFIRMADA,3363500,0,09/04/2026,09/04/2027,0.02,BANCO CENTRAL DE LA REPUBLICA DOMINICANA,BCENTRAL,58373
DO1002261928,LE090427,BCENTRAL/ LT 20270409 GTIA,3860000,DOP,386,8.15,95.854923,25/09/2026,04:58:48 PM,PRESTAMO,PRIMERA PARTE,ROTC,28/09/2026,CONFIRMADA,3363500,0,09/04/2026,09/04/2027,0.02,BANCO CENTRAL DE LA REPUBLICA DOMINICANA,BCENTRAL,58464
DO1002261928,LE090427,BCENTRAL/ LT 20270409 GTIA,3860000,DOP,386,6.732074,99.79472,25/09/2026,04:58:43 PM,PLAZO,PRIMERA PARTE,ROTC,29/03/2027,CONFIRMADA,3363499,0,09/04/2026,09/04/2027,0,BANCO CENTRAL DE LA REPUBLICA DOMINICANA,BCENTRAL,57925
DO1002224124,NO120327,BCENTRAL/8 BOEST 20270312 GTIA,15300000,DOP,1530,8.3,99.816344,25/09/2026,04:58:36 PM,PRESTAMO,SEGUNDA PARTE,ROTC,25/02/2027,CONFIRMADA,3363498,0,12/03/2022,12/03/2027,0.02,BANCO CENTRAL DE LA REPUBLICA DOMINICANA,BCENTRAL,60347
DO1002224124,NO120327,BCENTRAL/8 BOEST 20270312 GTIA,15300000,DOP,1530,8.3,99.816344,25/09/2026,04:58:36 PM,PRESTAMO,PRIMERA PARTE,ROTC,28/09/2026,CONFIRMADA,3363498,0,12/03/2022,12/03/2027,0.02,BANCO CENTRAL DE LA REPUBLICA DOMINICANA,BCENTRAL,60473
DO1002224124,NO120327,BCENTRAL/8 BOEST 20270312 GTIA,15300000,DOP,1530,8.891015,99.95729,25/09/2026,04:58:23 PM,PLAZO,PRIMERA PARTE,ROTC,25/02/2027,CONFIRMADA,3363497,0,12/03/2022,12/03/2027,0,BANCO CENTRAL DE LA REPUBLICA DOMINICANA,BCENTRAL,60312
DO1005211227,MH32029,HACIENDA/12.75 BOEST 20290923 GTIA,200000,DOP,2,10.4992,105.853285,25/09/2026,04:58:19 PM,PRESTAMO,SEGUNDA PARTE,ROTC,29/10/2026,CONFIRMADA,3363496,0,23/09/2022,23/09/2029,8.25,MINISTERIO DE HACIENDA,HACIENDA,61194
DO1005211227,MH32029,HACIENDA/12.75 BOEST 20290923 GTIA,200000,DOP,2,10.2942,106.15916,25/09/2026,04:58:19 PM,PRESTAMO,PRIMERA PARTE,ROTC,30/09/2026,CONFIRMADA,3363496,0,23/09/2022,23/09/2029,8.25,MINISTERIO DE HACIENDA,HACIENDA,60816
DO1005211227,MH32029,HACIENDA/12.75 BOEST 20290923 GTIA,200000,DOP,2,10.4992,105.853285,25/09/2026,04:58:18 PM,ESTRUCTURADA,SEGUNDA PARTE,ROTC,29/10/2026,CONFIRMADA,3362837,0,23/09/2022,23/09/2029,8.25,MINISTERIO DE HACIENDA,HACIENDA,63287
DO1005211227,MH32029,HACIENDA/12.75 BOEST 20290923 GTIA,200000,DOP,2,10.2942,106.15916,25/09/2026,04:58:18 PM,ESTRUCTURADA,PRIMERA PARTE,ROTC,30/09/2026,CONFIRMADA,3362837,0,23/09/2022,23/09/2029,8.25,MINISTERIO DE HACIENDA,HACIENDA,62909
DO1002224124,NO120327,BCENTRAL/8 BOEST 20270312 GTIA,15300000,DOP,1530,8.40405,99.816344,25/09/2026,04:58:13 PM,CONTADO,PRIMERA PARTE,ROTC,28/09/2026,CONFIRMADA,3363495,0,12/03/2022,12/03/2027,0,BANCO CENTRAL DE LA REPUBLICA DOMINICANA,BCENTRAL,61159
DO1002224124,NO120327,BCENTRAL/8 BOEST 20270312 GTIA,8310000,DOP,831,7.6,99.851824,25/09/2026,04:58:07 PM,PRESTAMO,SEGUNDA PARTE,ROTC,03/12/2026,CONFIRMADA,3363494,0,12/03/2022,12/03/2027,0.02,BANCO CENTRAL DE LA REPUBLICA DOMINICANA,BCENTRAL,59703
DO1002224124,NO120327,BCENTRAL/8 BOEST 20270312 GTIA,8310000,DOP,831,7.6,99.851824,25/09/2026,04:58:07 PM,PRESTAMO,PRIMERA PARTE,ROTC,28/09/2026,CONFIRMADA,3363494,0,12/03/2022,12/03/2027,0.02,BANCO CENTRAL DE LA REPUBLICA DOMINICANA,BCENTRAL,59857
DO1002224124,NO120327,BCENTRAL/8 BOEST 20270312 GTIA,8310000,DOP,831,8.729693,99.785782,25/09/2026,04:58:03 PM,PLAZO,PRIMERA PARTE,ROTC,03/12/2026,CONFIRMADA,3363493,0,12/03/2022,12/03/2027,0,BANCO CENTRAL DE LA REPUBLICA DOMINICANA,BCENTRAL,60095
DO1002224124,NO120327,BCENTRAL/8 BOEST 20270312 GTIA,8310000,DOP,831,8.323106,99.851824,25/09/2026,04:57:55 PM,CONTADO,PRIMERA PARTE,ROTC,28/09/2026,CONFIRMADA,3363492,0,12/03/2022,12/03/2027,0,BANCO CENTRAL DE LA REPUBLICA DOMINICANA,BCENTRAL,60928
DO1002223621,NO150127,BCENTRAL/8 BOEST 20270115 GTIA,8280000,DOP,828,7.6,99.67425,25/09/2026,04:57:32 PM,PRESTAMO,SEGUNDA PARTE,ROTC,03/12/2026,CONFIRMADA,3363491,0,15/01/2022,15/01/2027,0.02,BANCO CENTRAL DE LA REPUBLICA DOMINICANA,BCENTRAL,59423
DO1002223621,NO150127,BCENTRAL/8 BOEST 20270115 GTIA,8280000,DOP,828,7.6,99.67425,25/09/2026,04:57:32 PM,PRESTAMO,PRIMERA PARTE,ROTC,28/09/2026,CONFIRMADA,3363491,0,15/01/2022,15/01/2027,0.02,BANCO CENTRAL DE LA REPUBLICA DOMINICANA,BCENTRAL,59577
DO1002223621,NO150127,BCENTRAL/8 BOEST 20270115 GTIA,8280000,DOP,828,10.95035,99.647265,25/09/2026,04:57:27 PM,PLAZO,PRIMERA PARTE,ROTC,03/12/2026,CONFIRMADA,3363490,0,15/01/2022,15/01/2027,0,BANCO CENTRAL DE LA REPUBLICA DOMINICANA,BCENTRAL,60039
DO1002223621,NO150127,BCENTRAL/8 BOEST 20270115 GTIA,8280000,DOP,828,9.064582,99.67425,25/09/2026,04:57:22 PM,CONTADO,PRIMERA PARTE,ROTC,28/09/2026,CONFIRMADA,3363489,0,15/01/2022,15/01/2027,0,BANCO CENTRAL DE LA REPUBLICA DOMINICANA,BCENTRAL,60704
DO1002223621,NO150127,BCENTRAL/8 BOEST 20270115 GTIA,9880000,DOP,988,7.93,99.58414,25/09/2026,04:57:08 PM,PRESTAMO,SEGUNDA PARTE,ROTC,12/11/2026,CONFIRMADA,3363488,0,15/01/2022,15/01/2027,0.02,BANCO CENTRAL DE LA REPUBLICA DOMINICANA,BCENTRAL,59899
DO1002223621,NO150127,BCENTRAL/8 BOEST 20270115 GTIA,9880000,DOP,988,7.93,99.58414,25/09/2026,04:57:08 PM,PRESTAMO,PRIMERA PARTE,ROTC,28/09/2026,CONFIRMADA,3363488,0,15/01/2022,15/01/2027,0.02,BANCO CENTRAL DE LA REPUBLICA DOMINICANA,BCENTRAL,60060
DO1002223621,NO150127,BCENTRAL/8 BOEST 20270115 GTIA,9880000,DOP,988,10.204593,99.606638,25/09/2026,04:57:07 PM,PLAZO,PRIMERA PARTE,ROTC,12/11/2026,CONFIRMADA,3363487,0,15/01/2022,15/01/2027,0,BANCO CENTRAL DE LA REPUBLICA DOMINICANA,BCENTRAL,60452
DO1002223621,NO150127,BCENTRAL/8 BOEST 20270115 GTIA,9880000,DOP,988,9.378875,99.58414,25/09/2026,04:57:02 PM,CONTADO,PRIMERA PARTE,ROTC,28/09/2026,CONFIRMADA,3363486,0,15/01/2022,15/01/2027,0,BANCO CENTRAL DE LA REPUBLICA DOMINICANA,BCENTRAL,60865
DO1005206516,MH32028,HACIENDA/10.75 BOEST 20280811 GTIA,2900000,DOP,29,9.6277,101.750717,25/09/2026,04:55:52 PM,PRESTAMO,SEGUNDA PARTE,ROTC,12/11/2026,CONFIRMADA,3363455,0,10/08/2018,11/08/2028,2.407598,MINISTERIO DE HACIENDA,HACIENDA,61530
DO1005206516,MH32028,HACIENDA/10.75 BOEST 20280811 GTIA,2900000,DOP,29,9.556,102.002808,25/09/2026,04:55:52 PM,PRESTAMO,PRIMERA PARTE,ROTC,28/09/2026,CONFIRMADA,3363455,0,10/08/2018,11/08/2028,2.407598,MINISTERIO DE HACIENDA,HACIENDA,61257
DO1005206516,MH32028,HACIENDA/10.75 BOEST 20280811 GTIA,2900000,DOP,29,9.6277,101.750717,25/09/2026,04:55:42 PM,ESTRUCTURADA,SEGUNDA PARTE,ROTC,12/11/2026,CONFIRMADA,3363454,0,10/08/2018,11/08/2028,8.3,MINISTERIO DE HACIENDA,HACIENDA,63623
DO1005206516,MH32028,HACIENDA/10.75 BOEST 20280811 GTIA,2900000,DOP,29,9.556,102.002808,25/09/2026,04:55:42 PM,ESTRUCTURADA,PRIMERA PARTE,ROTC,28/09/2026,CONFIRMADA,3363454,0,10/08/2018,11/08/2028,8.3,MINISTERIO DE HACIENDA,HACIENDA,63350
DO2018100324,BC1AES03,AESTRELLA/11.25 BO 20301130,147728,DOP,147728,11.6396,98.748578,25/09/2026,04:55:28 PM,ESTRUCTURADA,SEGUNDA PARTE,ROTC,12/11/2026,CONFIRMADA,3363464,0,30/11/2020,30/11/2030,8.3,ACERO ESTRELLA S A,AESTRELLA,62433
DO2018100324,BC1AES03,AESTRELLA/11.25 BO 20301130,147728,DOP,147728,11.5223,99.098143,25/09/2026,04:55:28 PM,ESTRUCTURADA,PRIMERA PARTE,ROTC,28/09/2026,CONFIRMADA,3363464,0,30/11/2020,30/11/2030,8.3,ACERO ESTRELLA S A,AESTRELLA,62419
DO2018100324,BC1AES03,AESTRELLA/11.25 BO 20301130,147728,DOP,147728,11.6396,98.748578,25/09/2026,04:55:27 PM,PRESTAMO,SEGUNDA PARTE,ROTC,12/11/2026,CONFIRMADA,3363465,0,30/11/2020,30/11/2030,1.911578,ACERO ESTRELLA S A,AESTRELLA,60326
DO2018100324,BC1AES03,AESTRELLA/11.25 BO 20301130,147728,DOP,147728,11.5223,99.098143,25/09/2026,04:55:27 PM,PRESTAMO,PRIMERA PARTE,ROTC,28/09/2026,CONFIRMADA,3363465,0,30/11/2020,30/11/2030,1.911578,ACERO ESTRELLA S A,AESTRELLA,60312
USP3579ECB13,BSRD2028,"DOMINICAN, REP /6 BD 20280719 REGS",3934000,USD,3934,5.668793,100.551832,25/09/2026,04:54:40 PM,CONTADO,PRIMERA PARTE,ROTC,28/09/2026,CONFIRMADA,3363394,0,19/07/2018,19/07/2028,0,MINISTERIO DE HACIENDA,HACIENDA,64141
DO2018100324,BC1AES03,AESTRELLA/11.25 BO 20301130,13347660,DOP,13347660,10.8733,101.161736,25/09/2026,04:53:48 PM,PRESTAMO,SEGUNDA PARTE,ROTC,27/01/2027,CONFIRMADA,3363451,0,30/11/2020,30/11/2030,3.741035,ACERO ESTRELLA S A,AESTRELLA,61831
DO2018100324,BC1AES03,AESTRELLA/11.25 BO 20301130,13347660,DOP,13347660,11.5224,99.098034,25/09/2026,04:53:48 PM,PRESTAMO,PRIMERA PARTE,ROTC,28/09/2026,CONFIRMADA,3363451,0,30/11/2020,30/11/2030,3.741035,ACERO ESTRELLA S A,AESTRELLA,61677
DO2018100324,BC1AES03,AESTRELLA/11.25 BO 20301130,13347660,DOP,13347660,10.8733,101.161736,25/09/2026,04:53:22 PM,ESTRUCTURADA,SEGUNDA PARTE,ROTC,27/01/2027,CONFIRMADA,3363450,0,30/11/2020,30/11/2030,8.8,ACERO ESTRELLA S A,AESTRELLA,63875
DO2018100324,BC1AES03,AESTRELLA/11.25 BO 20301130,13347660,DOP,13347660,11.5224,99.098034,25/09/2026,04:53:22 PM,ESTRUCTURADA,PRIMERA PARTE,ROTC,28/09/2026,CONFIRMADA,3363450,0,30/11/2020,30/11/2030,8.8,ACERO ESTRELLA S A,AESTRELLA,63721
DO2018100324,BC1AES03,AESTRELLA/11.25 BO 20301130,665039,DOP,665039,10.048400000000001,103.647691,25/09/2026,04:53:16 PM,ESTRUCTURADA,SEGUNDA PARTE,ROTC,29/03/2027,CONFIRMADA,3363459,0,30/11/2020,30/11/2030,9,ACERO ESTRELLA S A,AESTRELLA,62608
DO2018100324,BC1AES03,AESTRELLA/11.25 BO 20301130,665039,DOP,665039,11.5221,99.09806,25/09/2026,04:53:16 PM,ESTRUCTURADA,PRIMERA PARTE,ROTC,28/09/2026,CONFIRMADA,3363459,0,30/11/2020,30/11/2030,9,ACERO ESTRELLA S A,AESTRELLA,62020
DO2018100324,BC1AES03,AESTRELLA/11.25 BO 20301130,665039,DOP,665039,10.048400000000001,103.647691,25/09/2026,04:53:15 PM,PRESTAMO,SEGUNDA PARTE,ROTC,29/03/2027,CONFIRMADA,3363460,0,30/11/2020,30/11/2030,5.206991,ACERO ESTRELLA S A,AESTRELLA,60501
DO2018100324,BC1AES03,AESTRELLA/11.25 BO 20301130,665039,DOP,665039,11.5221,99.09806,25/09/2026,04:53:15 PM,PRESTAMO,PRIMERA PARTE,ROTC,28/09/2026,CONFIRMADA,3363460,0,30/11/2020,30/11/2030,5.206991,ACERO ESTRELLA S A,AESTRELLA,59913
USP3579ECE51,BSRD2049,"DOMINICAN, REP /6.4 BD 20490605",199000,USD,199,4.6302,124.368332,25/09/2026,04:53:06 PM,PRESTAMO,SEGUNDA PARTE,ROTC,29/03/2027,CONFIRMADA,3363453,0,05/06/2019,05/06/2049,4.030775,MINISTERIO DE HACIENDA,HACIENDA,61614
USP3579ECE51,BSRD2049,"DOMINICAN, REP /6.4 BD 20490605",199000,USD,199,4.8419,121.300302,25/09/2026,04:53:06 PM,PRESTAMO,PRIMERA PARTE,ROTC,28/09/2026,CONFIRMADA,3363453,0,05/06/2019,05/06/2049,4.030775,MINISTERIO DE HACIENDA,HACIENDA,61642
USP3579ECE51,BSRD2049,"DOMINICAN, REP /6.4 BD 20490605",199000,USD,199,4.6302,124.368332,25/09/2026,04:52:53 PM,ESTRUCTURADA,SEGUNDA PARTE,ROTC,29/03/2027,CONFIRMADA,3363452,0,05/06/2019,05/06/2049,4.95,MINISTERIO DE HACIENDA,HACIENDA,63721
USP3579ECE51,BSRD2049,"DOMINICAN, REP /6.4 BD 20490605",199000,USD,199,4.8419,121.300302,25/09/2026,04:52:53 PM,ESTRUCTURADA,PRIMERA PARTE,ROTC,28/09/2026,CONFIRMADA,3363452,0,05/06/2019,05/06/2049,4.95,MINISTERIO DE HACIENDA,HACIENDA,63749
DO1005211227,MH32029,HACIENDA/12.75 BOEST 20290923 GTIA,1000000,DOP,10,8.9907,109.405314,25/09/2026,04:49:53 PM,PRESTAMO,SEGUNDA PARTE,ROTC,28/10/2026,CONFIRMADA,3363474,0,23/09/2022,23/09/2029,6.85,MINISTERIO DE HACIENDA,HACIENDA,61481
DO1005211227,MH32029,HACIENDA/12.75 BOEST 20290923 GTIA,1000000,DOP,10,8.9264,109.825342,25/09/2026,04:49:53 PM,PRESTAMO,PRIMERA PARTE,ROTC,28/09/2026,CONFIRMADA,3363474,0,23/09/2022,23/09/2029,6.85,MINISTERIO DE HACIENDA,HACIENDA,61621
DO1005211227,MH32029,HACIENDA/12.75 BOEST 20290923 GTIA,1000000,DOP,10,8.9907,109.405314,25/09/2026,04:49:51 PM,ESTRUCTURADA,SEGUNDA PARTE,ROTC,28/10/2026,CONFIRMADA,3362775,0,23/09/2022,23/09/2029,6.85,MINISTERIO DE HACIENDA,HACIENDA,63567
DO1005211227,MH32029,HACIENDA/12.75 BOEST 20290923 GTIA,1000000,DOP,10,8.9264,109.825342,25/09/2026,04:49:51 PM,ESTRUCTURADA,PRIMERA PARTE,ROTC,28/09/2026,CONFIRMADA,3362775,0,23/09/2022,23/09/2029,6.85,MINISTERIO DE HACIENDA,HACIENDA,63707
DO2018100324,BC1AES03,AESTRELLA/11.25 BO 20301130,555045,DOP,555045,10.925,100.996054,25/09/2026,04:49:48 PM,PRESTAMO,SEGUNDA PARTE,ROTC,05/02/2027,CONFIRMADA,3363449,0,30/11/2020,30/11/2030,3.845322,ACERO ESTRELLA S A,AESTRELLA,60102
DO2018100324,BC1AES03,AESTRELLA/11.25 BO 20301130,555045,DOP,555045,11.5223,99.098091,25/09/2026,04:49:48 PM,PRESTAMO,PRIMERA PARTE,ROTC,28/09/2026,CONFIRMADA,3363449,0,30/11/2020,30/11/2030,3.845322,ACERO ESTRELLA S A,AESTRELLA,60298
DO2018100324,BC1AES03,AESTRELLA/11.25 BO 20301130,555045,DOP,555045,10.925,100.996054,25/09/2026,04:49:40 PM,ESTRUCTURADA,SEGUNDA PARTE,ROTC,05/02/2027,CONFIRMADA,3363448,0,30/11/2020,30/11/2030,8.5,ACERO ESTRELLA S A,AESTRELLA,62146
DO2018100324,BC1AES03,AESTRELLA/11.25 BO 20301130,555045,DOP,555045,11.5223,99.098091,25/09/2026,04:49:40 PM,ESTRUCTURADA,PRIMERA PARTE,ROTC,28/09/2026,CONFIRMADA,3363448,0,30/11/2020,30/11/2030,8.5,ACERO ESTRELLA S A,AESTRELLA,62342
DO1002223621,NO150127,BCENTRAL/8 BOEST 20270115 GTIA,276200000,DOP,27620,9.3,99.711025,25/09/2026,04:49:03 PM,PLAZO,PRIMERA PARTE,ROTC,29/10/2026,CONFIRMADA,3363463,0,15/01/2022,15/01/2027,0,BANCO CENTRAL DE LA REPUBLICA DOMINICANA,BCENTRAL,59521
DO1002223621,NO150127,BCENTRAL/8 BOEST 20270115 GTIA,276200000,DOP,27620,9.3,99.711025,25/09/2026,04:47:27 PM,PLAZO,PRIMERA PARTE,ROTC,29/10/2026,CONFIRMADA,3363462,0,15/01/2022,15/01/2027,0,BANCO CENTRAL DE LA REPUBLICA DOMINICANA,BCENTRAL,59549
USP3579ECG00,BSRD2060,DOMINICAN REP/5.875 BD 20600130 U,10000,USD,10,4.8088,117.5885,25/09/2026,04:46:36 PM,PRESTAMO,SEGUNDA PARTE,ROTC,12/11/2026,CONFIRMADA,3363447,0,30/01/2020,30/01/2060,1.297432,MINISTERIO DE HACIENDA,HACIENDA,60984
USP3579ECG00,BSRD2060,DOMINICAN REP/5.875 BD 20600130 U,10000,USD,10,4.8041,117.705872,25/09/2026,04:46:36 PM,PRESTAMO,PRIMERA PARTE,ROTC,28/09/2026,CONFIRMADA,3363447,0,30/01/2020,30/01/2060,1.297432,MINISTERIO DE HACIENDA,HACIENDA,61761
USP3579ECG00,BSRD2060,DOMINICAN REP/5.875 BD 20600130 U,10000,USD,10,4.8088,117.5885,25/09/2026,04:46:28 PM,ESTRUCTURADA,SEGUNDA PARTE,ROTC,12/11/2026,CONFIRMADA,3363446,0,30/01/2020,30/01/2060,4.05,MINISTERIO DE HACIENDA,HACIENDA,63091
USP3579ECG00,BSRD2060,DOMINICAN REP/5.875 BD 20600130 U,10000,USD,10,4.8041,117.705872,25/09/2026,04:46:28 PM,ESTRUCTURADA,PRIMERA PARTE,ROTC,28/09/2026,CONFIRMADA,3363446,0,30/01/2020,30/01/2060,4.05,MINISTERIO DE HACIENDA,HACIENDA,63868
DO1002223621,NO150127,BCENTRAL/8 BOEST 20270115 GTIA,276200000,DOP,27620,9.3,99.711025,25/09/2026,04:45:59 PM,PLAZO,PRIMERA PARTE,ROTC,29/10/2026,CONFIRMADA,3363461,0,15/01/2022,15/01/2027,0,BANCO CENTRAL DE LA REPUBLICA DOMINICANA,BCENTRAL,59570
DO1002261423,NO301129,BCENTRAL/9.5 BOEST 20291130 GTIA,1160000,DOP,116,7.7346,104.290127,25/09/2026,04:45:45 PM,PRESTAMO,SEGUNDA PARTE,ROTC,25/02/2027,CONFIRMADA,3363468,0,30/11/2025,30/11/2029,7.25,BANCO CENTRAL DE LA REPUBLICA DOMINICANA,BCENTRAL,61698
DO1002261423,NO301129,BCENTRAL/9.5 BOEST 20291130 GTIA,1160000,DOP,116,9.3702,100.324634,25/09/2026,04:45:45 PM,PRESTAMO,PRIMERA PARTE,ROTC,28/09/2026,CONFIRMADA,3363468,0,30/11/2025,30/11/2029,7.25,BANCO CENTRAL DE LA REPUBLICA DOMINICANA,BCENTRAL,61761
DO1002261423,NO301129,BCENTRAL/9.5 BOEST 20291130 GTIA,1160000,DOP,116,7.7346,104.290127,25/09/2026,04:45:44 PM,ESTRUCTURADA,SEGUNDA PARTE,ROTC,25/02/2027,CONFIRMADA,3362661,0,30/11/2025,30/11/2029,7.25,BANCO CENTRAL DE LA REPUBLICA DOMINICANA,BCENTRAL,63791
DO1002261423,NO301129,BCENTRAL/9.5 BOEST 20291130 GTIA,1160000,DOP,116,9.3702,100.324634,25/09/2026,04:45:44 PM,ESTRUCTURADA,PRIMERA PARTE,ROTC,28/09/2026,CONFIRMADA,3362661,0,30/11/2025,30/11/2029,7.25,BANCO CENTRAL DE LA REPUBLICA DOMINICANA,BCENTRAL,63854
DO1005211227,MH32029,HACIENDA/12.75 BOEST 20290923 GTIA,300000,DOP,3,12.7136,100.058297,25/09/2026,04:42:34 PM,PRESTAMO,SEGUNDA PARTE,ROTC,29/10/2026,CONFIRMADA,3363457,0,23/09/2022,23/09/2029,6.55,MINISTERIO DE HACIENDA,HACIENDA,61068
DO1005211227,MH32029,HACIENDA/12.75 BOEST 20290923 GTIA,300000,DOP,3,12.5162,100.556227,25/09/2026,04:42:34 PM,PRESTAMO,PRIMERA PARTE,ROTC,29/09/2026,CONFIRMADA,3363457,0,23/09/2022,23/09/2029,6.55,MINISTERIO DE HACIENDA,HACIENDA,61138
DO1005211227,MH32029,HACIENDA/12.75 BOEST 20290923 GTIA,300000,DOP,3,12.7136,100.058297,25/09/2026,04:42:33 PM,ESTRUCTURADA,SEGUNDA PARTE,ROTC,29/10/2026,CONFIRMADA,3362662,0,23/09/2022,23/09/2029,6.55,MINISTERIO DE HACIENDA,HACIENDA,63161
DO1005211227,MH32029,HACIENDA/12.75 BOEST 20290923 GTIA,300000,DOP,3,12.5162,100.556227,25/09/2026,04:42:33 PM,ESTRUCTURADA,PRIMERA PARTE,ROTC,29/09/2026,CONFIRMADA,3362662,0,23/09/2022,23/09/2029,6.55,MINISTERIO DE HACIENDA,HACIENDA,63231
DO1005205716,MHUS2027,HACIENDA/6 BOEST 20270305 GTIA,2000,USD,2,-51.348,124.804,25/09/2026,04:41:12 PM,PRESTAMO,SEGUNDA PARTE,ROTC,03/11/2026,CONFIRMADA,3363456,0,05/09/2016,05/03/2027,3.25,MINISTERIO DE HACIENDA,HACIENDA,58646
DO1005205716,MHUS2027,HACIENDA/6 BOEST 20270305 GTIA,2000,USD,2,-41.103,124.9725,25/09/2026,04:41:12 PM,PRESTAMO,PRIMERA PARTE,ROTC,01/10/2026,CONFIRMADA,3363456,0,05/09/2016,05/03/2027,3.25,MINISTERIO DE HACIENDA,HACIENDA,59017
DO1005205716,MHUS2027,HACIENDA/6 BOEST 20270305 GTIA,2000,USD,2,-51.348,124.804,25/09/2026,04:41:11 PM,ESTRUCTURADA,SEGUNDA PARTE,ROTC,03/11/2026,CONFIRMADA,3362669,0,05/09/2016,05/03/2027,3.25,MINISTERIO DE HACIENDA,HACIENDA,60739
DO1005205716,MHUS2027,HACIENDA/6 BOEST 20270305 GTIA,2000,USD,2,-41.103,124.9725,25/09/2026,04:41:11 PM,ESTRUCTURADA,PRIMERA PARTE,ROTC,01/10/2026,CONFIRMADA,3362669,0,05/09/2016,05/03/2027,3.25,MINISTERIO DE HACIENDA,HACIENDA,61110
DO1005208124,INF2040,HACIENDA/10.875 BOEST 20400228 GTIA,291000000,DOP,2910,7.77000005,125.591775,25/09/2026,04:40:13 PM,CONTADO,PRIMERA PARTE,ROTC,30/09/2026,CONFIRMADA,3363439,0,28/02/2020,28/02/2040,0,MINISTERIO DE HACIENDA,HACIENDA,64092
DO1005254128,MH12041,HACIENDA/12 BOEST 20410310 GTIA,277000000,DOP,2770,8,133.861183,25/09/2026,04:40:11 PM,CONTADO,PRIMERA PARTE,ROTC,30/09/2026,CONFIRMADA,3363438,0,10/03/2026,10/03/2041,0,MINISTERIO DE HACIENDA,HACIENDA,59318
USP3579ECG00,BSRD2060,DOMINICAN REP/5.875 BD 20600130 U,20000,USD,20,4.8734,116.3989,25/09/2026,04:28:06 PM,ESTRUCTURADA,SEGUNDA PARTE,ROTC,28/10/2026,CONFIRMADA,3363391,0,30/01/2020,30/01/2060,4.45,MINISTERIO DE HACIENDA,HACIENDA,63119
USP3579ECG00,BSRD2060,DOMINICAN REP/5.875 BD 20600130 U,20000,USD,20,4.8714,116.453122,25/09/2026,04:28:06 PM,ESTRUCTURADA,PRIMERA PARTE,ROTC,28/09/2026,CONFIRMADA,3363391,0,30/01/2020,30/01/2060,4.45,MINISTERIO DE HACIENDA,HACIENDA,63812
USP3579ECG00,BSRD2060,DOMINICAN REP/5.875 BD 20600130 U,20000,USD,20,4.8734,116.3989,25/09/2026,04:28:04 PM,PRESTAMO,SEGUNDA PARTE,ROTC,28/10/2026,CONFIRMADA,3363392,0,30/01/2020,30/01/2060,1.172723,MINISTERIO DE HACIENDA,HACIENDA,61005
USP3579ECG00,BSRD2060,DOMINICAN REP/5.875 BD 20600130 U,20000,USD,20,4.8714,116.453122,25/09/2026,04:28:04 PM,PRESTAMO,PRIMERA PARTE,ROTC,28/09/2026,CONFIRMADA,3363392,0,30/01/2020,30/01/2060,1.172723,MINISTERIO DE HACIENDA,HACIENDA,61698
DO1005211227,MH32029,HACIENDA/12.75 BOEST 20290923 GTIA,100000,DOP,1,-0.1638,137.60817,25/09/2026,04:26:18 PM,PRESTAMO,SEGUNDA PARTE,ROTC,28/10/2026,CONFIRMADA,3363441,0,23/09/2022,23/09/2029,7.05,MINISTERIO DE HACIENDA,HACIENDA,60697
DO1005211227,MH32029,HACIENDA/12.75 BOEST 20290923 GTIA,100000,DOP,1,0.0631,137.84524,25/09/2026,04:26:18 PM,PRESTAMO,PRIMERA PARTE,ROTC,28/09/2026,CONFIRMADA,3363441,0,23/09/2022,23/09/2029,7.05,MINISTERIO DE HACIENDA,HACIENDA,60452
DO1005211227,MH32029,HACIENDA/12.75 BOEST 20290923 GTIA,100000,DOP,1,-0.1638,137.60817,25/09/2026,04:26:16 PM,ESTRUCTURADA,SEGUNDA PARTE,ROTC,28/10/2026,CONFIRMADA,3362710,0,23/09/2022,23/09/2029,7.05,MINISTERIO DE HACIENDA,HACIENDA,62783
DO1005211227,MH32029,HACIENDA/12.75 BOEST 20290923 GTIA,100000,DOP,1,0.0631,137.84524,25/09/2026,04:26:16 PM,ESTRUCTURADA,PRIMERA PARTE,ROTC,28/09/2026,CONFIRMADA,3362710,0,23/09/2022,23/09/2029,7.05,MINISTERIO DE HACIENDA,HACIENDA,62538
DO2018100324,BC1AES03,AESTRELLA/11.25 BO 20301130,134900,DOP,134900,10.0564,103.622706,25/09/2026,04:24:25 PM,ESTRUCTURADA,SEGUNDA PARTE,ROTC,29/03/2027,CONFIRMADA,3363389,0,30/11/2020,30/11/2030,8.95,ACERO ESTRELLA S A,AESTRELLA,62349
DO2018100324,BC1AES03,AESTRELLA/11.25 BO 20301130,134900,DOP,134900,11.5223,99.098336,25/09/2026,04:24:25 PM,ESTRUCTURADA,PRIMERA PARTE,ROTC,28/09/2026,CONFIRMADA,3363389,0,30/11/2020,30/11/2030,8.95,ACERO ESTRELLA S A,AESTRELLA,62230
DO2018100324,BC1AES03,AESTRELLA/11.25 BO 20301130,134900,DOP,134900,10.0564,103.622706,25/09/2026,04:24:24 PM,PRESTAMO,SEGUNDA PARTE,ROTC,29/03/2027,CONFIRMADA,3363390,0,30/11/2020,30/11/2030,5.184062,ACERO ESTRELLA S A,AESTRELLA,60242
DO2018100324,BC1AES03,AESTRELLA/11.25 BO 20301130,134900,DOP,134900,11.5223,99.098336,25/09/2026,04:24:24 PM,PRESTAMO,PRIMERA PARTE,ROTC,28/09/2026,CONFIRMADA,3363390,0,30/11/2020,30/11/2030,5.184062,ACERO ESTRELLA S A,AESTRELLA,60123
DO1002224124,NO120327,BCENTRAL/8 BOEST 20270312 GTIA,4490000,DOP,449,8.1,99.869126,25/09/2026,04:24:01 PM,PRESTAMO,SEGUNDA PARTE,ROTC,25/02/2027,CONFIRMADA,3363437,0,12/03/2022,12/03/2027,0.02,BANCO CENTRAL DE LA REPUBLICA DOMINICANA,BCENTRAL,59710
DO1002224124,NO120327,BCENTRAL/8 BOEST 20270312 GTIA,4490000,DOP,449,8.1,99.869126,25/09/2026,04:24:01 PM,PRESTAMO,PRIMERA PARTE,ROTC,28/09/2026,CONFIRMADA,3363437,0,12/03/2022,12/03/2027,0.02,BANCO CENTRAL DE LA REPUBLICA DOMINICANA,BCENTRAL,59836
DO1002224124,NO120327,BCENTRAL/8 BOEST 20270312 GTIA,4490000,DOP,449,9.595658,99.928374,25/09/2026,04:23:57 PM,PLAZO,PRIMERA PARTE,ROTC,25/02/2027,CONFIRMADA,3363436,0,12/03/2022,12/03/2027,0,BANCO CENTRAL DE LA REPUBLICA DOMINICANA,BCENTRAL,60193
DO1002224124,NO120327,BCENTRAL/8 BOEST 20270312 GTIA,4490000,DOP,449,8.283655,99.869126,25/09/2026,04:23:51 PM,CONTADO,PRIMERA PARTE,ROTC,28/09/2026,CONFIRMADA,3363435,0,12/03/2022,12/03/2027,0,BANCO CENTRAL DE LA REPUBLICA DOMINICANA,BCENTRAL,61047
DO1005211227,MH32029,HACIENDA/12.75 BOEST 20290923 GTIA,100000,DOP,1,16.0409,92.55585,25/09/2026,04:23:33 PM,PRESTAMO,SEGUNDA PARTE,ROTC,28/10/2026,CONFIRMADA,3363434,0,23/09/2022,23/09/2029,7.35,MINISTERIO DE HACIENDA,HACIENDA,60396
DO1005211227,MH32029,HACIENDA/12.75 BOEST 20290923 GTIA,100000,DOP,1,15.7584,93.03289,25/09/2026,04:23:33 PM,PRESTAMO,PRIMERA PARTE,ROTC,28/09/2026,CONFIRMADA,3363434,0,23/09/2022,23/09/2029,7.35,MINISTERIO DE HACIENDA,HACIENDA,60550
DO1005211227,MH32029,HACIENDA/12.75 BOEST 20290923 GTIA,100000,DOP,1,16.0409,92.55585,25/09/2026,04:23:31 PM,ESTRUCTURADA,SEGUNDA PARTE,ROTC,28/10/2026,CONFIRMADA,3361908,0,23/09/2022,23/09/2029,7.35,MINISTERIO DE HACIENDA,HACIENDA,62482
DO1005211227,MH32029,HACIENDA/12.75 BOEST 20290923 GTIA,100000,DOP,1,15.7584,93.03289,25/09/2026,04:23:31 PM,ESTRUCTURADA,PRIMERA PARTE,ROTC,28/09/2026,CONFIRMADA,3361908,0,23/09/2022,23/09/2029,7.35,MINISTERIO DE HACIENDA,HACIENDA,62636
USP3579ECE51,BSRD2049,"DOMINICAN, REP /6.4 BD 20490605",100000,USD,100,4.8888,120.50469,25/09/2026,04:21:20 PM,ESTRUCTURADA,SEGUNDA PARTE,ROTC,12/11/2026,CONFIRMADA,3363387,0,05/06/2019,05/06/2049,4.05,MINISTERIO DE HACIENDA,HACIENDA,63105
USP3579ECE51,BSRD2049,"DOMINICAN, REP /6.4 BD 20490605",100000,USD,100,4.8826,120.665871,25/09/2026,04:21:20 PM,ESTRUCTURADA,PRIMERA PARTE,ROTC,28/09/2026,CONFIRMADA,3363387,0,05/06/2019,05/06/2049,4.05,MINISTERIO DE HACIENDA,HACIENDA,63609
USP3579ECE51,BSRD2049,"DOMINICAN, REP /6.4 BD 20490605",100000,USD,100,4.8888,120.50469,25/09/2026,04:21:19 PM,PRESTAMO,SEGUNDA PARTE,ROTC,12/11/2026,CONFIRMADA,3363388,0,05/06/2019,05/06/2049,2.133024,MINISTERIO DE HACIENDA,HACIENDA,61061
USP3579ECE51,BSRD2049,"DOMINICAN, REP /6.4 BD 20490605",100000,USD,100,4.8826,120.665871,25/09/2026,04:21:19 PM,PRESTAMO,PRIMERA PARTE,ROTC,28/09/2026,CONFIRMADA,3363388,0,05/06/2019,05/06/2049,2.133024,MINISTERIO DE HACIENDA,HACIENDA,61565
DO1005208322,MHUS2040,HACIENDA/6.75 BOEST 20400724 GTIA,5720000,USD,5720,4.64997398,121.229123,25/09/2026,04:20:59 PM,CONTADO,PRIMERA PARTE,ROTC,28/09/2026,CONFIRMADA,3363426,0,24/07/2020,24/07/2040,0,MINISTERIO DE HACIENDA,HACIENDA,63700
DO1005213025,MH22031,HACIENDA/10.25 BOEST 20310209 GTIA,28600000,DOP,286,8.5084,106.127447,25/09/2026,04:20:22 PM,PRESTAMO,SEGUNDA PARTE,ROTC,30/10/2026,CONFIRMADA,3363209,0,09/02/2024,09/02/2031,2.136687,MINISTERIO DE HACIENDA,HACIENDA,61999
DO1005213025,MH22031,HACIENDA/10.25 BOEST 20310209 GTIA,28600000,DOP,286,8.5433,106.113373,25/09/2026,04:20:22 PM,PRESTAMO,PRIMERA PARTE,ROTC,28/09/2026,CONFIRMADA,3363209,0,09/02/2024,09/02/2031,2.136687,MINISTERIO DE HACIENDA,HACIENDA,62104
DO1005213025,MH22031,HACIENDA/10.25 BOEST 20310209 GTIA,28600000,DOP,286,8.5084,106.127447,25/09/2026,04:20:21 PM,ESTRUCTURADA,SEGUNDA PARTE,ROTC,30/10/2026,CONFIRMADA,3363208,0,09/02/2024,09/02/2031,9.55,MINISTERIO DE HACIENDA,HACIENDA,64092
DO1005213025,MH22031,HACIENDA/10.25 BOEST 20310209 GTIA,28600000,DOP,286,8.5433,106.113373,25/09/2026,04:20:21 PM,ESTRUCTURADA,PRIMERA PARTE,ROTC,28/09/2026,CONFIRMADA,3363208,0,09/02/2024,09/02/2031,9.55,MINISTERIO DE HACIENDA,HACIENDA,64197
DO1005211227,MH32029,HACIENDA/12.75 BOEST 20290923 GTIA,4100000,DOP,41,8.766,110.004393,25/09/2026,04:19:42 PM,PRESTAMO,SEGUNDA PARTE,ROTC,28/10/2026,CONFIRMADA,3363433,0,23/09/2022,23/09/2029,7.15,MINISTERIO DE HACIENDA,HACIENDA,61082
DO1005211227,MH32029,HACIENDA/12.75 BOEST 20290923 GTIA,4100000,DOP,41,8.719,110.393536,25/09/2026,04:19:42 PM,PRESTAMO,PRIMERA PARTE,ROTC,28/09/2026,CONFIRMADA,3363433,0,23/09/2022,23/09/2029,7.15,MINISTERIO DE HACIENDA,HACIENDA,61257
DO1005211227,MH32029,HACIENDA/12.75 BOEST 20290923 GTIA,4100000,DOP,41,8.766,110.004393,25/09/2026,04:19:41 PM,ESTRUCTURADA,SEGUNDA PARTE,ROTC,28/10/2026,CONFIRMADA,3361907,0,23/09/2022,23/09/2029,7.15,MINISTERIO DE HACIENDA,HACIENDA,63175
DO1005211227,MH32029,HACIENDA/12.75 BOEST 20290923 GTIA,4100000,DOP,41,8.719,110.393536,25/09/2026,04:19:41 PM,ESTRUCTURADA,PRIMERA PARTE,ROTC,28/09/2026,CONFIRMADA,3361907,0,23/09/2022,23/09/2029,7.15,MINISTERIO DE HACIENDA,HACIENDA,63350
DO2018100324,BC1AES03,AESTRELLA/11.25 BO 20301130,200677,DOP,200677,11.5927,98.885782,25/09/2026,04:18:04 PM,ESTRUCTURADA,SEGUNDA PARTE,ROTC,28/10/2026,CONFIRMADA,3363385,0,30/11/2020,30/11/2030,8.55,ACERO ESTRELLA S A,AESTRELLA,62314
DO2018100324,BC1AES03,AESTRELLA/11.25 BO 20301130,200677,DOP,200677,11.5224,99.097997,25/09/2026,04:18:04 PM,ESTRUCTURADA,PRIMERA PARTE,ROTC,28/09/2026,CONFIRMADA,3363385,0,30/11/2020,30/11/2030,8.55,ACERO ESTRELLA S A,AESTRELLA,62391
DO2018100324,BC1AES03,AESTRELLA/11.25 BO 20301130,200677,DOP,200677,11.5927,98.885782,25/09/2026,04:18:03 PM,PRESTAMO,SEGUNDA PARTE,ROTC,28/10/2026,CONFIRMADA,3363386,0,30/11/2020,30/11/2030,1.595045,ACERO ESTRELLA S A,AESTRELLA,60207
DO2018100324,BC1AES03,AESTRELLA/11.25 BO 20301130,200677,DOP,200677,11.5224,99.097997,25/09/2026,04:18:03 PM,PRESTAMO,PRIMERA PARTE,ROTC,28/09/2026,CONFIRMADA,3363386,0,30/11/2020,30/11/2030,1.595045,ACERO ESTRELLA S A,AESTRELLA,60284
DO1005212019,MH32034,HACIENDA/13.625 BOEST 20340210 GTIA,26000000,DOP,260,8.85,125.446258,25/09/2026,04:17:01 PM,CONTADO,PRIMERA PARTE,ROTC,28/09/2026,CONFIRMADA,3363425,0,10/02/2023,10/02/2034,0,MINISTERIO DE HACIENDA,HACIENDA,61124
DO2018100324,BC1AES03,AESTRELLA/11.25 BO 20301130,233125,DOP,233125,11.6631,98.690063,25/09/2026,04:14:06 PM,ESTRUCTURADA,SEGUNDA PARTE,ROTC,27/11/2026,CONFIRMADA,3363383,0,30/11/2020,30/11/2030,8.65,ACERO ESTRELLA S A,AESTRELLA,62069
DO2018100324,BC1AES03,AESTRELLA/11.25 BO 20301130,233125,DOP,233125,11.5224,99.097834,25/09/2026,04:14:06 PM,ESTRUCTURADA,PRIMERA PARTE,ROTC,28/09/2026,CONFIRMADA,3363383,0,30/11/2020,30/11/2030,8.65,ACERO ESTRELLA S A,AESTRELLA,62223
DO2018100324,BC1AES03,AESTRELLA/11.25 BO 20301130,233125,DOP,233125,11.6631,98.690063,25/09/2026,04:14:05 PM,PRESTAMO,SEGUNDA PARTE,ROTC,27/11/2026,CONFIRMADA,3363384,0,30/11/2020,30/11/2030,2.302382,ACERO ESTRELLA S A,AESTRELLA,59962
DO2018100324,BC1AES03,AESTRELLA/11.25 BO 20301130,233125,DOP,233125,11.5224,99.097834,25/09/2026,04:14:05 PM,PRESTAMO,PRIMERA PARTE,ROTC,28/09/2026,CONFIRMADA,3363384,0,30/11/2020,30/11/2030,2.302382,ACERO ESTRELLA S A,AESTRELLA,60116
DO1005208322,MHUS2040,HACIENDA/6.75 BOEST 20400724 GTIA,1979000,USD,1979,3.8787,130.229479,25/09/2026,04:10:40 PM,PLAZO,PRIMERA PARTE,ROTC,24/11/2026,CONFIRMADA,3363424,0,24/07/2020,24/07/2040,0,MINISTERIO DE HACIENDA,HACIENDA,61376
DO1002262223,LE030927,BCENTRAL/ LT 20270903 GTIA,3250000,DOP,325,8.25,92.307692,25/09/2026,04:05:32 PM,PRESTAMO,SEGUNDA PARTE,ROTC,10/08/2027,CONFIRMADA,3363420,0,03/09/2026,03/09/2027,0.02,BANCO CENTRAL DE LA REPUBLICA DOMINICANA,BCENTRAL,58002
DO1002262223,LE030927,BCENTRAL/ LT 20270903 GTIA,3250000,DOP,325,8.25,92.307692,25/09/2026,04:05:32 PM,PRESTAMO,PRIMERA PARTE,ROTC,28/09/2026,CONFIRMADA,3363420,0,03/09/2026,03/09/2027,0.02,BANCO CENTRAL DE LA REPUBLICA DOMINICANA,BCENTRAL,58128
DO1002262223,LE030927,BCENTRAL/ LT 20270903 GTIA,3250000,DOP,325,15.517352,98.976102,25/09/2026,04:05:22 PM,PLAZO,PRIMERA PARTE,ROTC,10/08/2027,CONFIRMADA,3363419,0,03/09/2026,03/09/2027,0,BANCO CENTRAL DE LA REPUBLICA DOMINICANA,BCENTRAL,58261
DO1002262223,LE030927,BCENTRAL/ LT 20270903 GTIA,3250000,DOP,325,8.82353,92.307692,25/09/2026,04:05:17 PM,CONTADO,PRIMERA PARTE,ROTC,28/09/2026,CONFIRMADA,3363418,0,03/09/2026,03/09/2027,0,BANCO CENTRAL DE LA REPUBLICA DOMINICANA,BCENTRAL,58562
DO1002224124,NO120327,BCENTRAL/8 BOEST 20270312 GTIA,4200000,DOP,420,8.2,99.646409,25/09/2026,04:05:13 PM,PRESTAMO,SEGUNDA PARTE,ROTC,25/02/2027,CONFIRMADA,3363417,0,12/03/2022,12/03/2027,0.02,BANCO CENTRAL DE LA REPUBLICA DOMINICANA,BCENTRAL,59556
DO1002224124,NO120327,BCENTRAL/8 BOEST 20270312 GTIA,4200000,DOP,420,8.2,99.646409,25/09/2026,04:05:13 PM,PRESTAMO,PRIMERA PARTE,ROTC,28/09/2026,CONFIRMADA,3363417,0,12/03/2022,12/03/2027,0.02,BANCO CENTRAL DE LA REPUBLICA DOMINICANA,BCENTRAL,59682
DO1002224124,NO120327,BCENTRAL/8 BOEST 20270312 GTIA,4200000,DOP,420,14.253928,99.739825,25/09/2026,04:05:09 PM,PLAZO,PRIMERA PARTE,ROTC,25/02/2027,CONFIRMADA,3363416,0,12/03/2022,12/03/2027,0,BANCO CENTRAL DE LA REPUBLICA DOMINICANA,BCENTRAL,60270
DO1002224124,NO120327,BCENTRAL/8 BOEST 20270312 GTIA,4200000,DOP,420,8.792576,99.646409,25/09/2026,04:05:05 PM,CONTADO,PRIMERA PARTE,ROTC,28/09/2026,CONFIRMADA,3363415,0,12/03/2022,12/03/2027,0,BANCO CENTRAL DE LA REPUBLICA DOMINICANA,BCENTRAL,60914
DO1002223621,NO150127,BCENTRAL/8 BOEST 20270115 GTIA,10270000,DOP,1027,7.6,99.635397,25/09/2026,04:04:57 PM,PRESTAMO,SEGUNDA PARTE,ROTC,03/12/2026,CONFIRMADA,3363414,0,15/01/2022,15/01/2027,0.02,BANCO CENTRAL DE LA REPUBLICA DOMINICANA,BCENTRAL,60375
DO1002223621,NO150127,BCENTRAL/8 BOEST 20270115 GTIA,10270000,DOP,1027,7.6,99.635397,25/09/2026,04:04:57 PM,PRESTAMO,PRIMERA PARTE,ROTC,28/09/2026,CONFIRMADA,3363414,0,15/01/2022,15/01/2027,0.02,BANCO CENTRAL DE LA REPUBLICA DOMINICANA,BCENTRAL,60529
DO1002223621,NO150127,BCENTRAL/8 BOEST 20270115 GTIA,10270000,DOP,1027,11.296899,99.607872,25/09/2026,04:04:53 PM,PLAZO,PRIMERA PARTE,ROTC,03/12/2026,CONFIRMADA,3363413,0,15/01/2022,15/01/2027,0,BANCO CENTRAL DE LA REPUBLICA DOMINICANA,BCENTRAL,61026
DO1002223621,NO150127,BCENTRAL/8 BOEST 20270115 GTIA,10270000,DOP,1027,9.200004,99.635397,25/09/2026,04:04:48 PM,CONTADO,PRIMERA PARTE,ROTC,28/09/2026,CONFIRMADA,3363412,0,15/01/2022,15/01/2027,0,BANCO CENTRAL DE LA REPUBLICA DOMINICANA,BCENTRAL,61530
DO1005205716,MHUS2027,HACIENDA/6 BOEST 20270305 GTIA,50000,USD,50,4.5,103.62192,25/09/2026,04:04:44 PM,PRESTAMO,SEGUNDA PARTE,ROTC,26/01/2027,CONFIRMADA,3363411,0,05/09/2016,05/03/2027,0.02,MINISTERIO DE HACIENDA,HACIENDA,58723
DO1005205716,MHUS2027,HACIENDA/6 BOEST 20270305 GTIA,50000,USD,50,4.5,103.62192,25/09/2026,04:04:44 PM,PRESTAMO,PRIMERA PARTE,ROTC,28/09/2026,CONFIRMADA,3363411,0,05/09/2016,05/03/2027,0.02,MINISTERIO DE HACIENDA,HACIENDA,58849
DO1005205716,MHUS2027,HACIENDA/6 BOEST 20270305 GTIA,50000,USD,50,-22.219134,103.202384,25/09/2026,04:04:40 PM,PLAZO,PRIMERA PARTE,ROTC,26/01/2027,CONFIRMADA,3363410,0,05/09/2016,05/03/2027,0,MINISTERIO DE HACIENDA,HACIENDA,59920
DO1005205716,MHUS2027,HACIENDA/6 BOEST 20270305 GTIA,50000,USD,50,-2.255721,103.62192,25/09/2026,04:04:33 PM,CONTADO,PRIMERA PARTE,ROTC,28/09/2026,CONFIRMADA,3363409,0,05/09/2016,05/03/2027,0,MINISTERIO DE HACIENDA,HACIENDA,60242
DO1002224124,NO120327,BCENTRAL/8 BOEST 20270312 GTIA,5990000,DOP,599,8.1,99.813354,25/09/2026,04:04:27 PM,PRESTAMO,SEGUNDA PARTE,ROTC,25/02/2027,CONFIRMADA,3363408,0,12/03/2022,12/03/2027,0.02,BANCO CENTRAL DE LA REPUBLICA DOMINICANA,BCENTRAL,59780
DO1002224124,NO120327,BCENTRAL/8 BOEST 20270312 GTIA,5990000,DOP,599,8.1,99.813354,25/09/2026,04:04:27 PM,PRESTAMO,PRIMERA PARTE,ROTC,28/09/2026,CONFIRMADA,3363408,0,12/03/2022,12/03/2027,0.02,BANCO CENTRAL DE LA REPUBLICA DOMINICANA,BCENTRAL,59906
DO1002224124,NO120327,BCENTRAL/8 BOEST 20270312 GTIA,5990000,DOP,599,11.008204,99.870724,25/09/2026,04:04:21 PM,PLAZO,PRIMERA PARTE,ROTC,25/02/2027,CONFIRMADA,3363407,0,12/03/2022,12/03/2027,0,BANCO CENTRAL DE LA REPUBLICA DOMINICANA,BCENTRAL,60291
DO1002224124,NO120327,BCENTRAL/8 BOEST 20270312 GTIA,5990000,DOP,599,8.410875,99.813354,25/09/2026,04:04:18 PM,CONTADO,PRIMERA PARTE,ROTC,28/09/2026,CONFIRMADA,3363406,0,12/03/2022,12/03/2027,0,BANCO CENTRAL DE LA REPUBLICA DOMINICANA,BCENTRAL,61061
DO1002262223,LE030927,BCENTRAL/ LT 20270903 GTIA,1130000,DOP,113,8,92.611465,25/09/2026,04:04:10 PM,PRESTAMO,SEGUNDA PARTE,ROTC,22/06/2027,CONFIRMADA,3363405,0,03/09/2026,03/09/2027,0.02,BANCO CENTRAL DE LA REPUBLICA DOMINICANA,BCENTRAL,56833
DO1002262223,LE030927,BCENTRAL/ LT 20270903 GTIA,1130000,DOP,113,8,92.611465,25/09/2026,04:04:10 PM,PRESTAMO,PRIMERA PARTE,ROTC,28/09/2026,CONFIRMADA,3363405,0,03/09/2026,03/09/2027,0.02,BANCO CENTRAL DE LA REPUBLICA DOMINICANA,BCENTRAL,56952
DO1002262223,LE030927,BCENTRAL/ LT 20270903 GTIA,1130000,DOP,113,9.588877,98.092675,25/09/2026,04:04:05 PM,PLAZO,PRIMERA PARTE,ROTC,22/06/2027,CONFIRMADA,3363404,0,03/09/2026,03/09/2027,0,BANCO CENTRAL DE LA REPUBLICA DOMINICANA,BCENTRAL,58051
DO1002262223,LE030927,BCENTRAL/ LT 20270903 GTIA,1130000,DOP,113,8.447285,92.611465,25/09/2026,04:03:57 PM,CONTADO,PRIMERA PARTE,ROTC,28/09/2026,CONFIRMADA,3363403,0,03/09/2026,03/09/2027,0,BANCO CENTRAL DE LA REPUBLICA DOMINICANA,BCENTRAL,58877
DO1002223621,NO150127,BCENTRAL/8 BOEST 20270115 GTIA,2590000,DOP,259,7.6,99.569598,25/09/2026,04:03:52 PM,PRESTAMO,SEGUNDA PARTE,ROTC,07/01/2027,CONFIRMADA,3363402,0,15/01/2022,15/01/2027,0.02,BANCO CENTRAL DE LA REPUBLICA DOMINICANA,BCENTRAL,59829
DO1002223621,NO150127,BCENTRAL/8 BOEST 20270115 GTIA,2590000,DOP,259,7.6,99.569598,25/09/2026,04:03:52 PM,PRESTAMO,PRIMERA PARTE,ROTC,28/09/2026,CONFIRMADA,3363402,0,15/01/2022,15/01/2027,0.02,BANCO CENTRAL DE LA REPUBLICA DOMINICANA,BCENTRAL,59962
DO1002223621,NO150127,BCENTRAL/8 BOEST 20270115 GTIA,2590000,DOP,259,30.912049,99.526077,25/09/2026,04:03:47 PM,PLAZO,PRIMERA PARTE,ROTC,07/01/2027,CONFIRMADA,3363401,0,15/01/2022,15/01/2027,0,BANCO CENTRAL DE LA REPUBLICA DOMINICANA,BCENTRAL,60333
DO1002223621,NO150127,BCENTRAL/8 BOEST 20270115 GTIA,2590000,DOP,259,9.429666,99.569598,25/09/2026,04:03:43 PM,CONTADO,PRIMERA PARTE,ROTC,28/09/2026,CONFIRMADA,3363400,0,15/01/2022,15/01/2027,0,BANCO CENTRAL DE LA REPUBLICA DOMINICANA,BCENTRAL,61152
DO1002262223,LE030927,BCENTRAL/ LT 20270903 GTIA,4540000,DOP,454,8.15,92.128943,25/09/2026,04:03:38 PM,PRESTAMO,SEGUNDA PARTE,ROTC,29/03/2027,CONFIRMADA,3363399,0,03/09/2026,03/09/2027,0.02,BANCO CENTRAL DE LA REPUBLICA DOMINICANA,BCENTRAL,58100
DO1002262223,LE030927,BCENTRAL/ LT 20270903 GTIA,4540000,DOP,454,8.15,92.128943,25/09/2026,04:03:38 PM,PRESTAMO,PRIMERA PARTE,ROTC,28/09/2026,CONFIRMADA,3363399,0,03/09/2026,03/09/2027,0.02,BANCO CENTRAL DE LA REPUBLICA DOMINICANA,BCENTRAL,58191
DO1002262223,LE030927,BCENTRAL/ LT 20270903 GTIA,4540000,DOP,454,9.702527,95.915596,25/09/2026,04:03:34 PM,PLAZO,PRIMERA PARTE,ROTC,29/03/2027,CONFIRMADA,3363398,0,03/09/2026,03/09/2027,0,BANCO CENTRAL DE LA REPUBLICA DOMINICANA,BCENTRAL,58079
DO1002262223,LE030927,BCENTRAL/ LT 20270903 GTIA,4540000,DOP,454,9.046083,92.128943,25/09/2026,04:03:22 PM,CONTADO,PRIMERA PARTE,ROTC,28/09/2026,CONFIRMADA,3363397,0,03/09/2026,03/09/2027,0,BANCO CENTRAL DE LA REPUBLICA DOMINICANA,BCENTRAL,58905
DO1002227317,NO150928,BCENTRAL/11 BOEST 20280915 GTIA,2800000,DOP,280,0,103.040647,25/09/2026,03:48:07 PM,PLAZO,PRIMERA PARTE,ROTC,28/01/2027,CONFIRMADA,3363362,0,15/09/2023,15/09/2028,0,BANCO CENTRAL DE LA REPUBLICA DOMINICANA,BCENTRAL,58086
DO1002227317,NO150928,BCENTRAL/11 BOEST 20280915 GTIA,2800000,DOP,280,5,102.944849,25/09/2026,03:48:06 PM,PRESTAMO,SEGUNDA PARTE,ROTC,26/02/2027,CONFIRMADA,3363363,0,15/09/2023,15/09/2028,4.528588,BANCO CENTRAL DE LA REPUBLICA DOMINICANA,BCENTRAL,59759
DO1002227317,NO150928,BCENTRAL/11 BOEST 20280915 GTIA,2800000,DOP,280,0,103.040647,25/09/2026,03:48:06 PM,PRESTAMO,PRIMERA PARTE,ROTC,28/01/2027,CONFIRMADA,3363363,0,15/09/2023,15/09/2028,4.528588,BANCO CENTRAL DE LA REPUBLICA DOMINICANA,BCENTRAL,59682
DO1002227317,NO150928,BCENTRAL/11 BOEST 20280915 GTIA,2800000,DOP,280,5,102.944849,25/09/2026,03:48:05 PM,PLAZO,PRIMERA PARTE,ROTC,26/02/2027,CONFIRMADA,3363364,0,15/09/2023,15/09/2028,0,BANCO CENTRAL DE LA REPUBLICA DOMINICANA,BCENTRAL,58212
USP3579ECF27,BSRD2030,DOMINICAN REP/4.5 BD 20300130 UNS,4000,USD,4,8.7993,88.85775,25/09/2026,03:48:04 PM,PLAZO,PRIMERA PARTE,ROTC,28/01/2027,CONFIRMADA,3363365,0,30/01/2020,30/01/2030,0,MINISTERIO DE HACIENDA,HACIENDA,59339
USP3579ECB13,BSRD2028,"DOMINICAN, REP /6 BD 20280719 REGS",5000,USD,5,5.67573767,100.54,25/09/2026,03:48:02 PM,CONTADO,PRIMERA PARTE,ROTC,28/09/2026,CONFIRMADA,3363366,0,19/07/2018,19/07/2028,0,MINISTERIO DE HACIENDA,HACIENDA,61215
DO1002261126,NO280929,BCENTRAL/9.5 BOEST 20290928 GTIA,30000,DOP,3,10.40019114,97.73,25/09/2026,03:48:01 PM,CONTADO,PRIMERA PARTE,ROTC,28/09/2026,CONFIRMADA,3363367,0,28/09/2025,28/09/2029,0,BANCO CENTRAL DE LA REPUBLICA DOMINICANA,BCENTRAL,59829
USP3579ECB13,BSRD2028,"DOMINICAN, REP /6 BD 20280719 REGS",25000,USD,25,5.67573767,100.54,25/09/2026,03:48:00 PM,CONTADO,PRIMERA PARTE,ROTC,28/09/2026,CONFIRMADA,3363368,0,19/07/2018,19/07/2028,0,MINISTERIO DE HACIENDA,HACIENDA,61901
DO1002228729,NO030328,BCENTRAL/9.5 BOEST 20280303 GTIA,1000000,DOP,100,9.43807893,100,25/09/2026,03:47:58 PM,CONTADO,PRIMERA PARTE,ROTC,28/09/2026,CONFIRMADA,3363369,0,03/03/2025,03/03/2028,0,BANCO CENTRAL DE LA REPUBLICA DOMINICANA,BCENTRAL,60151
USP3579EBV85,BSDR2027,DOMINICAN Rep/5.95 BD 20270125 Se,2000,USD,2,-9.7883,105.2555,25/09/2026,03:47:57 PM,CONTADO,PRIMERA PARTE,ROTC,30/09/2026,CONFIRMADA,3363370,0,25/01/2017,25/01/2027,0,MINISTERIO DE HACIENDA,HACIENDA,61068
USP3579EBV85,BSDR2027,DOMINICAN Rep/5.95 BD 20270125 Se,2000,USD,2,-14.31,105.079,25/09/2026,03:47:56 PM,PRESTAMO,SEGUNDA PARTE,ROTC,30/10/2026,CONFIRMADA,3363371,0,25/01/2017,25/01/2027,1.306623,MINISTERIO DE HACIENDA,HACIENDA,60774
USP3579EBV85,BSDR2027,DOMINICAN Rep/5.95 BD 20270125 Se,2000,USD,2,-9.7883,105.2555,25/09/2026,03:47:56 PM,PRESTAMO,PRIMERA PARTE,ROTC,30/09/2026,CONFIRMADA,3363371,0,25/01/2017,25/01/2027,1.306623,MINISTERIO DE HACIENDA,HACIENDA,61754
USP3579EBV85,BSDR2027,DOMINICAN Rep/5.95 BD 20270125 Se,2000,USD,2,-14.31,105.079,25/09/2026,03:47:54 PM,PLAZO,PRIMERA PARTE,ROTC,30/10/2026,CONFIRMADA,3363372,0,25/01/2017,25/01/2027,0,MINISTERIO DE HACIENDA,HACIENDA,59220
USP3579ECF27,BSRD2030,DOMINICAN REP/4.5 BD 20300130 UNS,57000,USD,57,6.21580617,94.89,25/09/2026,03:47:53 PM,CONTADO,PRIMERA PARTE,ROTC,28/09/2026,CONFIRMADA,3363373,0,30/01/2020,30/01/2030,0,MINISTERIO DE HACIENDA,HACIENDA,61313
USP3579ECN50,BSRD2033, ,8000,USD,8,6.54490805,97.18,25/09/2026,03:47:52 PM,CONTADO,PRIMERA PARTE,ROTC,28/09/2026,CONFIRMADA,3363374,0,22/02/2022,22/02/2033,0,MINISTERIO DE HACIENDA,HACIENDA,46935
DO1002261829,NO010330,BCENTRAL/9.5 BOEST 20300301 GTIA,10000,DOP,1,10.27281269,97.17,25/09/2026,03:47:51 PM,CONTADO,PRIMERA PARTE,ROTC,29/09/2026,CONFIRMADA,3363375,0,01/03/2026,01/03/2030,0,BANCO CENTRAL DE LA REPUBLICA DOMINICANA,BCENTRAL,59689
DO2028900218,BC1ENA02,ENADOM/7.5 BO 20341011,1753,USD,1753,7.37126779,98.99,25/09/2026,03:47:49 PM,CONTADO,PRIMERA PARTE,ROTC,28/09/2026,CONFIRMADA,3363376,0,11/10/2024,11/10/2034,0,ENERGIA NATURAL DOMINICANA ENADOM SRL,ENADOM,55804
USP3579ECN50,BSRD2033, ,24000,USD,24,6.54490805,97.18,25/09/2026,03:47:48 PM,CONTADO,PRIMERA PARTE,ROTC,28/09/2026,CONFIRMADA,3363377,0,22/02/2022,22/02/2033,0,MINISTERIO DE HACIENDA,HACIENDA,47614
DO1002227317,NO150928,BCENTRAL/11 BOEST 20280915 GTIA,200000,DOP,20,10.2888,101.39829,25/09/2026,03:47:14 PM,PRESTAMO,SEGUNDA PARTE,ROTC,30/10/2026,CONFIRMADA,3363255,0,15/09/2023,15/09/2028,1.052302,BANCO CENTRAL DE LA REPUBLICA DOMINICANA,BCENTRAL,60676
DO1002227317,NO150928,BCENTRAL/11 BOEST 20280915 GTIA,200000,DOP,20,10.0257,101.68429,25/09/2026,03:47:14 PM,PRESTAMO,PRIMERA PARTE,ROTC,30/09/2026,CONFIRMADA,3363255,0,15/09/2023,15/09/2028,1.052302,BANCO CENTRAL DE LA REPUBLICA DOMINICANA,BCENTRAL,60697
DO1002227317,NO150928,BCENTRAL/11 BOEST 20280915 GTIA,200000,DOP,20,10.2888,101.39829,25/09/2026,03:47:12 PM,PLAZO,PRIMERA PARTE,ROTC,30/10/2026,CONFIRMADA,3363257,0,15/09/2023,15/09/2028,0,BANCO CENTRAL DE LA REPUBLICA DOMINICANA,BCENTRAL,59122
DO1002227317,NO150928,BCENTRAL/11 BOEST 20280915 GTIA,970000,DOP,97,9.4876,102.636982,25/09/2026,03:47:11 PM,CONTADO,PRIMERA PARTE,ROTC,30/09/2026,CONFIRMADA,3363258,0,15/09/2023,15/09/2028,0,BANCO CENTRAL DE LA REPUBLICA DOMINICANA,BCENTRAL,60354
DO1002227317,NO150928,BCENTRAL/11 BOEST 20280915 GTIA,970000,DOP,97,9.6048,102.48569,25/09/2026,03:47:10 PM,PRESTAMO,SEGUNDA PARTE,ROTC,30/10/2026,CONFIRMADA,3363259,0,15/09/2023,15/09/2028,1.170991,BANCO CENTRAL DE LA REPUBLICA DOMINICANA,BCENTRAL,60522
DO1002227317,NO150928,BCENTRAL/11 BOEST 20280915 GTIA,970000,DOP,97,9.4876,102.636982,25/09/2026,03:47:10 PM,PRESTAMO,PRIMERA PARTE,ROTC,30/09/2026,CONFIRMADA,3363259,0,15/09/2023,15/09/2028,1.170991,BANCO CENTRAL DE LA REPUBLICA DOMINICANA,BCENTRAL,61040
DO1002227317,NO150928,BCENTRAL/11 BOEST 20280915 GTIA,970000,DOP,97,9.6048,102.48569,25/09/2026,03:47:09 PM,PLAZO,PRIMERA PARTE,ROTC,30/10/2026,CONFIRMADA,3363260,0,15/09/2023,15/09/2028,0,BANCO CENTRAL DE LA REPUBLICA DOMINICANA,BCENTRAL,59038
DO1002223928,NO120227,BCENTRAL/8 BOEST 20270212 GTIA,10950000,DOP,1095,7.0003,100.348124,25/09/2026,03:47:08 PM,CONTADO,PRIMERA PARTE,ROTC,28/09/2026,CONFIRMADA,3363261,0,12/02/2022,12/02/2027,0,BANCO CENTRAL DE LA REPUBLICA DOMINICANA,BCENTRAL,61089
DO1002223928,NO120227,BCENTRAL/8 BOEST 20270212 GTIA,10950000,DOP,1095,2.8122,100.637591,25/09/2026,03:47:06 PM,PRESTAMO,SEGUNDA PARTE,ROTC,28/12/2026,CONFIRMADA,3363262,0,12/02/2022,12/02/2027,3.17401,BANCO CENTRAL DE LA REPUBLICA DOMINICANA,BCENTRAL,61761
DO1002223928,NO120227,BCENTRAL/8 BOEST 20270212 GTIA,10950000,DOP,1095,7.0003,100.348124,25/09/2026,03:47:06 PM,PRESTAMO,PRIMERA PARTE,ROTC,28/09/2026,CONFIRMADA,3363262,0,12/02/2022,12/02/2027,3.17401,BANCO CENTRAL DE LA REPUBLICA DOMINICANA,BCENTRAL,61768
DO1002223928,NO120227,BCENTRAL/8 BOEST 20270212 GTIA,10950000,DOP,1095,2.8122,100.637591,25/09/2026,03:47:05 PM,PLAZO,PRIMERA PARTE,ROTC,28/12/2026,CONFIRMADA,3363264,0,12/02/2022,12/02/2027,0,BANCO CENTRAL DE LA REPUBLICA DOMINICANA,BCENTRAL,60214
DO1002227317,NO150928,BCENTRAL/11 BOEST 20280915 GTIA,1490000,DOP,149,9.3969,102.806954,25/09/2026,03:47:04 PM,CONTADO,PRIMERA PARTE,ROTC,28/09/2026,CONFIRMADA,3363265,0,15/09/2023,15/09/2028,0,BANCO CENTRAL DE LA REPUBLICA DOMINICANA,BCENTRAL,61061
DO1002227317,NO150928,BCENTRAL/11 BOEST 20280915 GTIA,1490000,DOP,149,9.4612,102.350475,25/09/2026,03:47:03 PM,PRESTAMO,SEGUNDA PARTE,ROTC,28/12/2026,CONFIRMADA,3363266,0,15/09/2023,15/09/2028,2.562528,BANCO CENTRAL DE LA REPUBLICA DOMINICANA,BCENTRAL,61488
DO1002227317,NO150928,BCENTRAL/11 BOEST 20280915 GTIA,1490000,DOP,149,9.3969,102.806954,25/09/2026,03:47:03 PM,PRESTAMO,PRIMERA PARTE,ROTC,28/09/2026,CONFIRMADA,3363266,0,15/09/2023,15/09/2028,2.562528,BANCO CENTRAL DE LA REPUBLICA DOMINICANA,BCENTRAL,61747
DO1002227317,NO150928,BCENTRAL/11 BOEST 20280915 GTIA,1490000,DOP,149,9.4612,102.350475,25/09/2026,03:47:02 PM,PLAZO,PRIMERA PARTE,ROTC,28/12/2026,CONFIRMADA,3363267,0,15/09/2023,15/09/2028,0,BANCO CENTRAL DE LA REPUBLICA DOMINICANA,BCENTRAL,59941
DO1002227317,NO150928,BCENTRAL/11 BOEST 20280915 GTIA,980000,DOP,98,9.3495,102.883292,25/09/2026,03:47:00 PM,CONTADO,PRIMERA PARTE,ROTC,30/09/2026,CONFIRMADA,3363268,0,15/09/2023,15/09/2028,0,BANCO CENTRAL DE LA REPUBLICA DOMINICANA,BCENTRAL,60312
DO1002227317,NO150928,BCENTRAL/11 BOEST 20280915 GTIA,980000,DOP,98,9.4384,102.604642,25/09/2026,03:46:59 PM,PRESTAMO,SEGUNDA PARTE,ROTC,30/10/2026,CONFIRMADA,3363269,0,15/09/2023,15/09/2028,1.047159,BANCO CENTRAL DE LA REPUBLICA DOMINICANA,BCENTRAL,60893
DO1002227317,NO150928,BCENTRAL/11 BOEST 20280915 GTIA,980000,DOP,98,9.3495,102.883292,25/09/2026,03:46:59 PM,PRESTAMO,PRIMERA PARTE,ROTC,30/09/2026,CONFIRMADA,3363269,0,15/09/2023,15/09/2028,1.047159,BANCO CENTRAL DE LA REPUBLICA DOMINICANA,BCENTRAL,61096
DO1002227317,NO150928,BCENTRAL/11 BOEST 20280915 GTIA,980000,DOP,98,9.4384,102.604642,25/09/2026,03:46:57 PM,PLAZO,PRIMERA PARTE,ROTC,30/10/2026,CONFIRMADA,3363270,0,15/09/2023,15/09/2028,0,BANCO CENTRAL DE LA REPUBLICA DOMINICANA,BCENTRAL,59339
USP3579ECF27,BSRD2030,DOMINICAN REP/4.5 BD 20300130 UNS,16000,USD,16,3.7713,102.261562,25/09/2026,03:46:56 PM,CONTADO,PRIMERA PARTE,ROTC,28/09/2026,CONFIRMADA,3363271,0,30/01/2020,30/01/2030,0,MINISTERIO DE HACIENDA,HACIENDA,61453
USP3579ECF27,BSRD2030,DOMINICAN REP/4.5 BD 20300130 UNS,16000,USD,16,3.7753,102.1955,25/09/2026,03:46:55 PM,PRESTAMO,SEGUNDA PARTE,ROTC,28/10/2026,CONFIRMADA,3363272,0,30/01/2020,30/01/2030,1.000951,MINISTERIO DE HACIENDA,HACIENDA,61362
USP3579ECF27,BSRD2030,DOMINICAN REP/4.5 BD 20300130 UNS,16000,USD,16,3.7713,102.261562,25/09/2026,03:46:55 PM,PRESTAMO,PRIMERA PARTE,ROTC,28/09/2026,CONFIRMADA,3363272,0,30/01/2020,30/01/2030,1.000951,MINISTERIO DE HACIENDA,HACIENDA,62139
USP3579ECF27,BSRD2030,DOMINICAN REP/4.5 BD 20300130 UNS,16000,USD,16,3.7753,102.1955,25/09/2026,03:46:54 PM,PLAZO,PRIMERA PARTE,ROTC,28/10/2026,CONFIRMADA,3363273,0,30/01/2020,30/01/2030,0,MINISTERIO DE HACIENDA,HACIENDA,59815
DO1002227317,NO150928,BCENTRAL/11 BOEST 20280915 GTIA,15480000,DOP,1548,9.5135,102.598693,25/09/2026,03:46:52 PM,CONTADO,PRIMERA PARTE,ROTC,28/09/2026,CONFIRMADA,3363274,0,15/09/2023,15/09/2028,0,BANCO CENTRAL DE LA REPUBLICA DOMINICANA,BCENTRAL,61768
DO1002227317,NO150928,BCENTRAL/11 BOEST 20280915 GTIA,15480000,DOP,1548,9.5965,102.137555,25/09/2026,03:46:51 PM,PRESTAMO,SEGUNDA PARTE,ROTC,28/12/2026,CONFIRMADA,3363275,0,15/09/2023,15/09/2028,2.563286,BANCO CENTRAL DE LA REPUBLICA DOMINICANA,BCENTRAL,62328
DO1002227317,NO150928,BCENTRAL/11 BOEST 20280915 GTIA,15480000,DOP,1548,9.5135,102.598693,25/09/2026,03:46:51 PM,PRESTAMO,PRIMERA PARTE,ROTC,28/09/2026,CONFIRMADA,3363275,0,15/09/2023,15/09/2028,2.563286,BANCO CENTRAL DE LA REPUBLICA DOMINICANA,BCENTRAL,62454
DO1002227317,NO150928,BCENTRAL/11 BOEST 20280915 GTIA,15480000,DOP,1548,9.5965,102.137555,25/09/2026,03:46:50 PM,PLAZO,PRIMERA PARTE,ROTC,28/12/2026,CONFIRMADA,3363276,0,15/09/2023,15/09/2028,0,BANCO CENTRAL DE LA REPUBLICA DOMINICANA,BCENTRAL,60781
DO1002227317,NO150928,BCENTRAL/11 BOEST 20280915 GTIA,2330000,DOP,233,9.4798,102.658733,25/09/2026,03:46:48 PM,CONTADO,PRIMERA PARTE,ROTC,28/09/2026,CONFIRMADA,3363277,0,15/09/2023,15/09/2028,0,BANCO CENTRAL DE LA REPUBLICA DOMINICANA,BCENTRAL,61033
DO1002227317,NO150928,BCENTRAL/11 BOEST 20280915 GTIA,2330000,DOP,233,9.5575,102.198938,25/09/2026,03:46:47 PM,PRESTAMO,SEGUNDA PARTE,ROTC,28/12/2026,CONFIRMADA,3363278,0,15/09/2023,15/09/2028,2.563067,BANCO CENTRAL DE LA REPUBLICA DOMINICANA,BCENTRAL,61614
DO1002227317,NO150928,BCENTRAL/11 BOEST 20280915 GTIA,2330000,DOP,233,9.4798,102.658733,25/09/2026,03:46:47 PM,PRESTAMO,PRIMERA PARTE,ROTC,28/09/2026,CONFIRMADA,3363278,0,15/09/2023,15/09/2028,2.563067,BANCO CENTRAL DE LA REPUBLICA DOMINICANA,BCENTRAL,61719
DO1002227317,NO150928,BCENTRAL/11 BOEST 20280915 GTIA,2330000,DOP,233,9.5575,102.198938,25/09/2026,03:46:46 PM,PLAZO,PRIMERA PARTE,ROTC,28/12/2026,CONFIRMADA,3363279,0,15/09/2023,15/09/2028,0,BANCO CENTRAL DE LA REPUBLICA DOMINICANA,BCENTRAL,60067
DO1002227317,NO150928,BCENTRAL/11 BOEST 20280915 GTIA,5330000,DOP,533,9.4589,102.696124,25/09/2026,03:46:45 PM,CONTADO,PRIMERA PARTE,ROTC,28/09/2026,CONFIRMADA,3363280,0,15/09/2023,15/09/2028,0,BANCO CENTRAL DE LA REPUBLICA DOMINICANA,BCENTRAL,61012
DO1002227317,NO150928,BCENTRAL/11 BOEST 20280915 GTIA,5330000,DOP,533,9.5027,102.501865,25/09/2026,03:46:43 PM,PRESTAMO,SEGUNDA PARTE,ROTC,28/10/2026,CONFIRMADA,3363281,0,15/09/2023,15/09/2028,1.07156,BANCO CENTRAL DE LA REPUBLICA DOMINICANA,BCENTRAL,61467
DO1002227317,NO150928,BCENTRAL/11 BOEST 20280915 GTIA,5330000,DOP,533,9.4589,102.696124,25/09/2026,03:46:43 PM,PRESTAMO,PRIMERA PARTE,ROTC,28/09/2026,CONFIRMADA,3363281,0,15/09/2023,15/09/2028,1.07156,BANCO CENTRAL DE LA REPUBLICA DOMINICANA,BCENTRAL,61691
DO1002227317,NO150928,BCENTRAL/11 BOEST 20280915 GTIA,5330000,DOP,533,9.5027,102.501865,25/09/2026,03:46:42 PM,PLAZO,PRIMERA PARTE,ROTC,28/10/2026,CONFIRMADA,3363282,0,15/09/2023,15/09/2028,0,BANCO CENTRAL DE LA REPUBLICA DOMINICANA,BCENTRAL,59920
DO1002227317,NO150928,BCENTRAL/11 BOEST 20280915 GTIA,200000,DOP,20,10.0257,101.68429,25/09/2026,03:46:41 PM,CONTADO,PRIMERA PARTE,ROTC,30/09/2026,CONFIRMADA,3363283,0,15/09/2023,15/09/2028,0,BANCO CENTRAL DE LA REPUBLICA DOMINICANA,BCENTRAL,59997
DO1002228612,NO031227,BCENTRAL/8 BOEST 20271203 GTIA,2960000,DOP,296,0,99.48322,25/09/2026,03:46:40 PM,PLAZO,PRIMERA PARTE,ROTC,26/02/2027,CONFIRMADA,3363284,0,03/12/2024,03/12/2027,0,BANCO CENTRAL DE LA REPUBLICA DOMINICANA,BCENTRAL,57113
DO1002228612,NO031227,BCENTRAL/8 BOEST 20271203 GTIA,2960000,DOP,296,5,99.585177,25/09/2026,03:46:38 PM,PRESTAMO,SEGUNDA PARTE,ROTC,26/03/2027,CONFIRMADA,3363285,0,03/12/2024,03/12/2027,2.533072,BANCO CENTRAL DE LA REPUBLICA DOMINICANA,BCENTRAL,59178
DO1002228612,NO031227,BCENTRAL/8 BOEST 20271203 GTIA,2960000,DOP,296,0,99.48322,25/09/2026,03:46:38 PM,PRESTAMO,PRIMERA PARTE,ROTC,26/02/2027,CONFIRMADA,3363285,0,03/12/2024,03/12/2027,2.533072,BANCO CENTRAL DE LA REPUBLICA DOMINICANA,BCENTRAL,58765
DO1002228612,NO031227,BCENTRAL/8 BOEST 20271203 GTIA,2960000,DOP,296,5,99.585177,25/09/2026,03:46:37 PM,PLAZO,PRIMERA PARTE,ROTC,26/03/2027,CONFIRMADA,3363286,0,03/12/2024,03/12/2027,0,BANCO CENTRAL DE LA REPUBLICA DOMINICANA,BCENTRAL,57631
DO1002227317,NO150928,BCENTRAL/11 BOEST 20280915 GTIA,2910000,DOP,291,9.458,102.697756,25/09/2026,03:46:36 PM,CONTADO,PRIMERA PARTE,ROTC,28/09/2026,CONFIRMADA,3363287,0,15/09/2023,15/09/2028,0,BANCO CENTRAL DE LA REPUBLICA DOMINICANA,BCENTRAL,60711
DO1002227317,NO150928,BCENTRAL/11 BOEST 20280915 GTIA,2910000,DOP,291,5.6595,102.567941,25/09/2026,03:46:35 PM,PRESTAMO,SEGUNDA PARTE,ROTC,28/10/2026,CONFIRMADA,3363288,0,15/09/2023,15/09/2028,1.132919,BANCO CENTRAL DE LA REPUBLICA DOMINICANA,BCENTRAL,61586
DO1002227317,NO150928,BCENTRAL/11 BOEST 20280915 GTIA,2910000,DOP,291,9.458,102.697756,25/09/2026,03:46:35 PM,PRESTAMO,PRIMERA PARTE,ROTC,28/09/2026,CONFIRMADA,3363288,0,15/09/2023,15/09/2028,1.132919,BANCO CENTRAL DE LA REPUBLICA DOMINICANA,BCENTRAL,61397
DO1002227317,NO150928,BCENTRAL/11 BOEST 20280915 GTIA,2910000,DOP,291,5.6595,102.567941,25/09/2026,03:46:34 PM,PLAZO,PRIMERA PARTE,ROTC,28/10/2026,CONFIRMADA,3363289,0,15/09/2023,15/09/2028,0,BANCO CENTRAL DE LA REPUBLICA DOMINICANA,BCENTRAL,60039
USP3579ECF27,BSRD2030,DOMINICAN REP/4.5 BD 20300130 UNS,4000,USD,4,8.3329,89.031,25/09/2026,03:46:33 PM,CONTADO,PRIMERA PARTE,ROTC,30/09/2026,CONFIRMADA,3363290,0,30/01/2020,30/01/2030,0,MINISTERIO DE HACIENDA,HACIENDA,59311
USP3579ECF27,BSRD2030,DOMINICAN REP/4.5 BD 20300130 UNS,4000,USD,4,8.7993,88.85775,25/09/2026,03:46:31 PM,PRESTAMO,SEGUNDA PARTE,ROTC,28/01/2027,CONFIRMADA,3363291,0,30/01/2020,30/01/2030,2.252622,MINISTERIO DE HACIENDA,HACIENDA,60865
USP3579ECF27,BSRD2030,DOMINICAN REP/4.5 BD 20300130 UNS,4000,USD,4,8.3329,89.031,25/09/2026,03:46:31 PM,PRESTAMO,PRIMERA PARTE,ROTC,30/09/2026,CONFIRMADA,3363291,0,30/01/2020,30/01/2030,2.252622,MINISTERIO DE HACIENDA,HACIENDA,59990
DO1002227317,NO150928,BCENTRAL/11 BOEST 20280915 GTIA,2430000,DOP,243,9.5769,102.485631,25/09/2026,03:46:30 PM,CONTADO,PRIMERA PARTE,ROTC,28/09/2026,CONFIRMADA,3363292,0,15/09/2023,15/09/2028,0,BANCO CENTRAL DE LA REPUBLICA DOMINICANA,BCENTRAL,60942
DO1002227317,NO150928,BCENTRAL/11 BOEST 20280915 GTIA,2430000,DOP,243,9.6565,101.959935,25/09/2026,03:46:29 PM,PRESTAMO,SEGUNDA PARTE,ROTC,26/01/2027,CONFIRMADA,3363293,0,15/09/2023,15/09/2028,3.316694,BANCO CENTRAL DE LA REPUBLICA DOMINICANA,BCENTRAL,61614
DO1002227317,NO150928,BCENTRAL/11 BOEST 20280915 GTIA,2430000,DOP,243,9.5769,102.485631,25/09/2026,03:46:29 PM,PRESTAMO,PRIMERA PARTE,ROTC,28/09/2026,CONFIRMADA,3363293,0,15/09/2023,15/09/2028,3.316694,BANCO CENTRAL DE LA REPUBLICA DOMINICANA,BCENTRAL,61691
DO1002227317,NO150928,BCENTRAL/11 BOEST 20280915 GTIA,2430000,DOP,243,9.6565,101.959935,25/09/2026,03:46:28 PM,PLAZO,PRIMERA PARTE,ROTC,26/01/2027,CONFIRMADA,3363294,0,15/09/2023,15/09/2028,0,BANCO CENTRAL DE LA REPUBLICA DOMINICANA,BCENTRAL,60067
DO1002227317,NO150928,BCENTRAL/11 BOEST 20280915 GTIA,1180000,DOP,118,9.7026,102.261875,25/09/2026,03:46:26 PM,CONTADO,PRIMERA PARTE,ROTC,28/09/2026,CONFIRMADA,3363295,0,15/09/2023,15/09/2028,0,BANCO CENTRAL DE LA REPUBLICA DOMINICANA,BCENTRAL,60921
DO1002227317,NO150928,BCENTRAL/11 BOEST 20280915 GTIA,1180000,DOP,118,9.8162,101.793203,25/09/2026,03:46:25 PM,PRESTAMO,SEGUNDA PARTE,ROTC,28/12/2026,CONFIRMADA,3363296,0,15/09/2023,15/09/2028,2.564518,BANCO CENTRAL DE LA REPUBLICA DOMINICANA,BCENTRAL,61474
DO1002227317,NO150928,BCENTRAL/11 BOEST 20280915 GTIA,1180000,DOP,118,9.7026,102.261875,25/09/2026,03:46:25 PM,PRESTAMO,PRIMERA PARTE,ROTC,28/09/2026,CONFIRMADA,3363296,0,15/09/2023,15/09/2028,2.564518,BANCO CENTRAL DE LA REPUBLICA DOMINICANA,BCENTRAL,61607
DO1002227317,NO150928,BCENTRAL/11 BOEST 20280915 GTIA,1180000,DOP,118,9.8162,101.793203,25/09/2026,03:46:24 PM,PLAZO,PRIMERA PARTE,ROTC,28/12/2026,CONFIRMADA,3363297,0,15/09/2023,15/09/2028,0,BANCO CENTRAL DE LA REPUBLICA DOMINICANA,BCENTRAL,59927
DO1002223928,NO120227,BCENTRAL/8 BOEST 20270212 GTIA,4940000,DOP,494,7.1397,100.297304,25/09/2026,03:46:23 PM,CONTADO,PRIMERA PARTE,ROTC,28/09/2026,CONFIRMADA,3363298,0,12/02/2022,12/02/2027,0,BANCO CENTRAL DE LA REPUBLICA DOMINICANA,BCENTRAL,60557
DO1002223928,NO120227,BCENTRAL/8 BOEST 20270212 GTIA,4940000,DOP,494,3.2194,100.585635,25/09/2026,03:46:22 PM,PRESTAMO,SEGUNDA PARTE,ROTC,28/12/2026,CONFIRMADA,3363299,0,12/02/2022,12/02/2027,3.174504,BANCO CENTRAL DE LA REPUBLICA DOMINICANA,BCENTRAL,61131
DO1002223928,NO120227,BCENTRAL/8 BOEST 20270212 GTIA,4940000,DOP,494,7.1397,100.297304,25/09/2026,03:46:22 PM,PRESTAMO,PRIMERA PARTE,ROTC,28/09/2026,CONFIRMADA,3363299,0,12/02/2022,12/02/2027,3.174504,BANCO CENTRAL DE LA REPUBLICA DOMINICANA,BCENTRAL,61243
DO1002223928,NO120227,BCENTRAL/8 BOEST 20270212 GTIA,4940000,DOP,494,3.2194,100.585635,25/09/2026,03:46:20 PM,PLAZO,PRIMERA PARTE,ROTC,28/12/2026,CONFIRMADA,3363300,0,12/02/2022,12/02/2027,0,BANCO CENTRAL DE LA REPUBLICA DOMINICANA,BCENTRAL,59577
DO1002227317,NO150928,BCENTRAL/11 BOEST 20280915 GTIA,2480000,DOP,248,9.4851,102.645402,25/09/2026,03:46:19 PM,CONTADO,PRIMERA PARTE,ROTC,29/09/2026,CONFIRMADA,3363301,0,15/09/2023,15/09/2028,0,BANCO CENTRAL DE LA REPUBLICA DOMINICANA,BCENTRAL,60963
DO1002227317,NO150928,BCENTRAL/11 BOEST 20280915 GTIA,2480000,DOP,248,9.5302,102.451001,25/09/2026,03:46:18 PM,PRESTAMO,SEGUNDA PARTE,ROTC,29/10/2026,CONFIRMADA,3363302,0,15/09/2023,15/09/2028,1.100913,BANCO CENTRAL DE LA REPUBLICA DOMINICANA,BCENTRAL,61404
DO1002227317,NO150928,BCENTRAL/11 BOEST 20280915 GTIA,2480000,DOP,248,9.4851,102.645402,25/09/2026,03:46:18 PM,PRESTAMO,PRIMERA PARTE,ROTC,29/09/2026,CONFIRMADA,3363302,0,15/09/2023,15/09/2028,1.100913,BANCO CENTRAL DE LA REPUBLICA DOMINICANA,BCENTRAL,61649
DO1002227317,NO150928,BCENTRAL/11 BOEST 20280915 GTIA,2480000,DOP,248,9.5302,102.451001,25/09/2026,03:46:17 PM,PLAZO,PRIMERA PARTE,ROTC,29/10/2026,CONFIRMADA,3363303,0,15/09/2023,15/09/2028,0,BANCO CENTRAL DE LA REPUBLICA DOMINICANA,BCENTRAL,59857
DO1002228612,NO031227,BCENTRAL/8 BOEST 20271203 GTIA,110000,DOP,11,0,102.245464,25/09/2026,03:46:16 PM,PLAZO,PRIMERA PARTE,ROTC,12/03/2027,CONFIRMADA,3363304,0,03/12/2024,03/12/2027,0,BANCO CENTRAL DE LA REPUBLICA DOMINICANA,BCENTRAL,56833
DO1002228612,NO031227,BCENTRAL/8 BOEST 20271203 GTIA,110000,DOP,11,4,102.629091,25/09/2026,03:46:15 PM,PRESTAMO,SEGUNDA PARTE,ROTC,02/06/2027,CONFIRMADA,3363305,0,03/12/2024,03/12/2027,4.091327,BANCO CENTRAL DE LA REPUBLICA DOMINICANA,BCENTRAL,58422
DO1002228612,NO031227,BCENTRAL/8 BOEST 20271203 GTIA,110000,DOP,11,0,102.245464,25/09/2026,03:46:15 PM,PRESTAMO,PRIMERA PARTE,ROTC,12/03/2027,CONFIRMADA,3363305,0,03/12/2024,03/12/2027,4.091327,BANCO CENTRAL DE LA REPUBLICA DOMINICANA,BCENTRAL,58429
DO1002228612,NO031227,BCENTRAL/8 BOEST 20271203 GTIA,110000,DOP,11,4,102.629091,25/09/2026,03:46:13 PM,PLAZO,PRIMERA PARTE,ROTC,02/06/2027,CONFIRMADA,3363306,0,03/12/2024,03/12/2027,0,BANCO CENTRAL DE LA REPUBLICA DOMINICANA,BCENTRAL,56868
DO1002227317,NO150928,BCENTRAL/11 BOEST 20280915 GTIA,110000,DOP,11,0,104.276436,25/09/2026,03:46:12 PM,PLAZO,PRIMERA PARTE,ROTC,02/06/2027,CONFIRMADA,3363307,0,15/09/2023,15/09/2028,0,BANCO CENTRAL DE LA REPUBLICA DOMINICANA,BCENTRAL,57295
DO1002227317,NO150928,BCENTRAL/11 BOEST 20280915 GTIA,110000,DOP,11,4,103.939991,25/09/2026,03:46:11 PM,PRESTAMO,SEGUNDA PARTE,ROTC,14/09/2027,CONFIRMADA,3363308,0,15/09/2023,15/09/2028,4.69213,BANCO CENTRAL DE LA REPUBLICA DOMINICANA,BCENTRAL,58975
DO1002227317,NO150928,BCENTRAL/11 BOEST 20280915 GTIA,110000,DOP,11,0,104.276436,25/09/2026,03:46:11 PM,PRESTAMO,PRIMERA PARTE,ROTC,02/06/2027,CONFIRMADA,3363308,0,15/09/2023,15/09/2028,4.69213,BANCO CENTRAL DE LA REPUBLICA DOMINICANA,BCENTRAL,58891
DO1002227317,NO150928,BCENTRAL/11 BOEST 20280915 GTIA,110000,DOP,11,4,103.939991,25/09/2026,03:46:10 PM,PLAZO,PRIMERA PARTE,ROTC,14/09/2027,CONFIRMADA,3363309,0,15/09/2023,15/09/2028,0,BANCO CENTRAL DE LA REPUBLICA DOMINICANA,BCENTRAL,57428
DO1002228612,NO031227,BCENTRAL/8 BOEST 20271203 GTIA,120000,DOP,12,0,98.076958,25/09/2026,03:46:08 PM,PLAZO,PRIMERA PARTE,ROTC,14/09/2027,CONFIRMADA,3363310,0,03/12/2024,03/12/2027,0,BANCO CENTRAL DE LA REPUBLICA DOMINICANA,BCENTRAL,56742
DO1002228612,NO031227,BCENTRAL/8 BOEST 20271203 GTIA,120000,DOP,12,4,98.100158,25/09/2026,03:46:07 PM,PRESTAMO,SEGUNDA PARTE,ROTC,23/09/2027,CONFIRMADA,3363311,0,03/12/2024,03/12/2027,2.457809,BANCO CENTRAL DE LA REPUBLICA DOMINICANA,BCENTRAL,58163
DO1002228612,NO031227,BCENTRAL/8 BOEST 20271203 GTIA,120000,DOP,12,0,98.076958,25/09/2026,03:46:07 PM,PRESTAMO,PRIMERA PARTE,ROTC,14/09/2027,CONFIRMADA,3363311,0,03/12/2024,03/12/2027,2.457809,BANCO CENTRAL DE LA REPUBLICA DOMINICANA,BCENTRAL,58338
DO1002228612,NO031227,BCENTRAL/8 BOEST 20271203 GTIA,120000,DOP,12,4,98.100158,25/09/2026,03:46:06 PM,PLAZO,PRIMERA PARTE,ROTC,23/09/2027,CONFIRMADA,3363312,0,03/12/2024,03/12/2027,0,BANCO CENTRAL DE LA REPUBLICA DOMINICANA,BCENTRAL,56616
DO1002223928,NO120227,BCENTRAL/8 BOEST 20270212 GTIA,100000,DOP,10,-9.4978,102.27272,25/09/2026,03:46:05 PM,PLAZO,PRIMERA PARTE,ROTC,28/12/2026,CONFIRMADA,3363313,0,12/02/2022,12/02/2027,0,BANCO CENTRAL DE LA REPUBLICA DOMINICANA,BCENTRAL,58737
DO1002223928,NO120227,BCENTRAL/8 BOEST 20270212 GTIA,1080000,DOP,108,6.404,100.566094,25/09/2026,03:46:04 PM,CONTADO,PRIMERA PARTE,ROTC,28/09/2026,CONFIRMADA,3363314,0,12/02/2022,12/02/2027,0,BANCO CENTRAL DE LA REPUBLICA DOMINICANA,BCENTRAL,60046
DO1002223928,NO120227,BCENTRAL/8 BOEST 20270212 GTIA,1080000,DOP,108,3.0782,100.603645,25/09/2026,03:46:02 PM,PRESTAMO,SEGUNDA PARTE,ROTC,28/12/2026,CONFIRMADA,3363315,0,12/02/2022,12/02/2027,2.931897,BANCO CENTRAL DE LA REPUBLICA DOMINICANA,BCENTRAL,60956
DO1002223928,NO120227,BCENTRAL/8 BOEST 20270212 GTIA,1080000,DOP,108,6.404,100.566094,25/09/2026,03:46:02 PM,PRESTAMO,PRIMERA PARTE,ROTC,28/09/2026,CONFIRMADA,3363315,0,12/02/2022,12/02/2027,2.931897,BANCO CENTRAL DE LA REPUBLICA DOMINICANA,BCENTRAL,60725
DO1002223928,NO120227,BCENTRAL/8 BOEST 20270212 GTIA,1080000,DOP,108,3.0782,100.603645,25/09/2026,03:46:01 PM,PLAZO,PRIMERA PARTE,ROTC,28/12/2026,CONFIRMADA,3363316,0,12/02/2022,12/02/2027,0,BANCO CENTRAL DE LA REPUBLICA DOMINICANA,BCENTRAL,59409
DO1002228612,NO031227,BCENTRAL/8 BOEST 20271203 GTIA,110000,DOP,11,10.3719,97.403773,25/09/2026,03:46:00 PM,CONTADO,PRIMERA PARTE,ROTC,28/09/2026,CONFIRMADA,3363317,0,03/12/2024,03/12/2027,0,BANCO CENTRAL DE LA REPUBLICA DOMINICANA,BCENTRAL,59675
DO1002228612,NO031227,BCENTRAL/8 BOEST 20271203 GTIA,110000,DOP,11,-25.113,97.715664,25/09/2026,03:45:59 PM,PRESTAMO,SEGUNDA PARTE,ROTC,02/12/2026,CONFIRMADA,3363318,0,03/12/2024,03/12/2027,4.218582,BANCO CENTRAL DE LA REPUBLICA DOMINICANA,BCENTRAL,60249
DO1002228612,NO031227,BCENTRAL/8 BOEST 20271203 GTIA,110000,DOP,11,10.3719,97.403773,25/09/2026,03:45:59 PM,PRESTAMO,PRIMERA PARTE,ROTC,28/09/2026,CONFIRMADA,3363318,0,03/12/2024,03/12/2027,4.218582,BANCO CENTRAL DE LA REPUBLICA DOMINICANA,BCENTRAL,60459
DO1002228612,NO031227,BCENTRAL/8 BOEST 20271203 GTIA,110000,DOP,11,-25.113,97.715664,25/09/2026,03:45:58 PM,PLAZO,PRIMERA PARTE,ROTC,02/12/2026,CONFIRMADA,3363319,0,03/12/2024,03/12/2027,0,BANCO CENTRAL DE LA REPUBLICA DOMINICANA,BCENTRAL,58702
DO1002227317,NO150928,BCENTRAL/11 BOEST 20280915 GTIA,960000,DOP,96,0,102.799264,25/09/2026,03:45:56 PM,PLAZO,PRIMERA PARTE,ROTC,30/10/2026,CONFIRMADA,3363320,0,15/09/2023,15/09/2028,0,BANCO CENTRAL DE LA REPUBLICA DOMINICANA,BCENTRAL,57540
DO1002227317,NO150928,BCENTRAL/11 BOEST 20280915 GTIA,960000,DOP,96,4,102.65111,25/09/2026,03:45:55 PM,PRESTAMO,SEGUNDA PARTE,ROTC,30/11/2026,CONFIRMADA,3363321,0,15/09/2023,15/09/2028,2.059098,BANCO CENTRAL DE LA REPUBLICA DOMINICANA,BCENTRAL,58611
DO1002227317,NO150928,BCENTRAL/11 BOEST 20280915 GTIA,960000,DOP,96,0,102.799264,25/09/2026,03:45:55 PM,PRESTAMO,PRIMERA PARTE,ROTC,30/10/2026,CONFIRMADA,3363321,0,15/09/2023,15/09/2028,2.059098,BANCO CENTRAL DE LA REPUBLICA DOMINICANA,BCENTRAL,59136
DO1002227317,NO150928,BCENTRAL/11 BOEST 20280915 GTIA,960000,DOP,96,4,102.65111,25/09/2026,03:45:54 PM,PLAZO,PRIMERA PARTE,ROTC,30/11/2026,CONFIRMADA,3363322,0,15/09/2023,15/09/2028,0,BANCO CENTRAL DE LA REPUBLICA DOMINICANA,BCENTRAL,57064
DO1002227317,NO150928,BCENTRAL/11 BOEST 20280915 GTIA,950000,DOP,95,0,102.953765,25/09/2026,03:45:53 PM,PLAZO,PRIMERA PARTE,ROTC,30/11/2026,CONFIRMADA,3363323,0,15/09/2023,15/09/2028,0,BANCO CENTRAL DE LA REPUBLICA DOMINICANA,BCENTRAL,57498
DO1002227317,NO150928,BCENTRAL/11 BOEST 20280915 GTIA,950000,DOP,95,4,102.818479,25/09/2026,03:45:52 PM,PRESTAMO,SEGUNDA PARTE,ROTC,30/12/2026,CONFIRMADA,3363324,0,15/09/2023,15/09/2028,2.909962,BANCO CENTRAL DE LA REPUBLICA DOMINICANA,BCENTRAL,59080
DO1002227317,NO150928,BCENTRAL/11 BOEST 20280915 GTIA,950000,DOP,95,0,102.953765,25/09/2026,03:45:52 PM,PRESTAMO,PRIMERA PARTE,ROTC,30/11/2026,CONFIRMADA,3363324,0,15/09/2023,15/09/2028,2.909962,BANCO CENTRAL DE LA REPUBLICA DOMINICANA,BCENTRAL,59094
USP3579ECF27,BSRD2030,DOMINICAN REP/4.5 BD 20300130 UNS,2000,USD,2,14.0838,75.133,25/09/2026,03:45:51 PM,CONTADO,PRIMERA PARTE,ROTC,28/09/2026,CONFIRMADA,3363325,0,30/01/2020,30/01/2030,0,MINISTERIO DE HACIENDA,HACIENDA,59640
USP3579ECF27,BSRD2030,DOMINICAN REP/4.5 BD 20300130 UNS,2000,USD,2,14.383,74.9855,25/09/2026,03:45:49 PM,PRESTAMO,SEGUNDA PARTE,ROTC,28/10/2026,CONFIRMADA,3363326,0,30/01/2020,30/01/2030,1.251881,MINISTERIO DE HACIENDA,HACIENDA,60361
USP3579ECF27,BSRD2030,DOMINICAN REP/4.5 BD 20300130 UNS,2000,USD,2,14.0838,75.133,25/09/2026,03:45:49 PM,PRESTAMO,PRIMERA PARTE,ROTC,28/09/2026,CONFIRMADA,3363326,0,30/01/2020,30/01/2030,1.251881,MINISTERIO DE HACIENDA,HACIENDA,60382
USP3579ECF27,BSRD2030,DOMINICAN REP/4.5 BD 20300130 UNS,2000,USD,2,14.383,74.9855,25/09/2026,03:45:48 PM,PLAZO,PRIMERA PARTE,ROTC,28/10/2026,CONFIRMADA,3363327,0,30/01/2020,30/01/2030,0,MINISTERIO DE HACIENDA,HACIENDA,58814
DO1002227317,NO150928,BCENTRAL/11 BOEST 20280915 GTIA,2880000,DOP,288,0,102.860037,25/09/2026,03:45:47 PM,PLAZO,PRIMERA PARTE,ROTC,28/10/2026,CONFIRMADA,3363328,0,15/09/2023,15/09/2028,0,BANCO CENTRAL DE LA REPUBLICA DOMINICANA,BCENTRAL,58212
DO1002227317,NO150928,BCENTRAL/11 BOEST 20280915 GTIA,2880000,DOP,288,5,102.738365,25/09/2026,03:45:46 PM,PRESTAMO,SEGUNDA PARTE,ROTC,27/11/2026,CONFIRMADA,3363329,0,15/09/2023,15/09/2028,1.99755,BANCO CENTRAL DE LA REPUBLICA DOMINICANA,BCENTRAL,59836
DO1002227317,NO150928,BCENTRAL/11 BOEST 20280915 GTIA,2880000,DOP,288,0,102.860037,25/09/2026,03:45:46 PM,PRESTAMO,PRIMERA PARTE,ROTC,28/10/2026,CONFIRMADA,3363329,0,15/09/2023,15/09/2028,1.99755,BANCO CENTRAL DE LA REPUBLICA DOMINICANA,BCENTRAL,59808
DO1002227317,NO150928,BCENTRAL/11 BOEST 20280915 GTIA,2880000,DOP,288,5,102.738365,25/09/2026,03:45:45 PM,PLAZO,PRIMERA PARTE,ROTC,27/11/2026,CONFIRMADA,3363330,0,15/09/2023,15/09/2028,0,BANCO CENTRAL DE LA REPUBLICA DOMINICANA,BCENTRAL,58289
DO1002227317,NO150928,BCENTRAL/11 BOEST 20280915 GTIA,2850000,DOP,285,0,103.044926,25/09/2026,03:45:44 PM,PLAZO,PRIMERA PARTE,ROTC,27/11/2026,CONFIRMADA,3363331,0,15/09/2023,15/09/2028,0,BANCO CENTRAL DE LA REPUBLICA DOMINICANA,BCENTRAL,58163
DO1002227317,NO150928,BCENTRAL/11 BOEST 20280915 GTIA,2850000,DOP,285,5,102.927791,25/09/2026,03:45:42 PM,PRESTAMO,SEGUNDA PARTE,ROTC,28/12/2026,CONFIRMADA,3363332,0,15/09/2023,15/09/2028,2.868454,BANCO CENTRAL DE LA REPUBLICA DOMINICANA,BCENTRAL,59801
DO1002227317,NO150928,BCENTRAL/11 BOEST 20280915 GTIA,2850000,DOP,285,0,103.044926,25/09/2026,03:45:42 PM,PRESTAMO,PRIMERA PARTE,ROTC,27/11/2026,CONFIRMADA,3363332,0,15/09/2023,15/09/2028,2.868454,BANCO CENTRAL DE LA REPUBLICA DOMINICANA,BCENTRAL,59752
DO1002227317,NO150928,BCENTRAL/11 BOEST 20280915 GTIA,2850000,DOP,285,5,102.927791,25/09/2026,03:45:41 PM,PLAZO,PRIMERA PARTE,ROTC,28/12/2026,CONFIRMADA,3363333,0,15/09/2023,15/09/2028,0,BANCO CENTRAL DE LA REPUBLICA DOMINICANA,BCENTRAL,58254
DO1002227317,NO150928,BCENTRAL/11 BOEST 20280915 GTIA,2830000,DOP,283,0,102.846846,25/09/2026,03:45:40 PM,PLAZO,PRIMERA PARTE,ROTC,28/12/2026,CONFIRMADA,3363334,0,15/09/2023,15/09/2028,0,BANCO CENTRAL DE LA REPUBLICA DOMINICANA,BCENTRAL,58191
DO1002227317,NO150928,BCENTRAL/11 BOEST 20280915 GTIA,2830000,DOP,283,5,102.73554,25/09/2026,03:45:39 PM,PRESTAMO,SEGUNDA PARTE,ROTC,28/01/2027,CONFIRMADA,3363335,0,15/09/2023,15/09/2028,3.735481,BANCO CENTRAL DE LA REPUBLICA DOMINICANA,BCENTRAL,59395
DO1002227317,NO150928,BCENTRAL/11 BOEST 20280915 GTIA,2830000,DOP,283,0,102.846846,25/09/2026,03:45:39 PM,PRESTAMO,PRIMERA PARTE,ROTC,28/12/2026,CONFIRMADA,3363335,0,15/09/2023,15/09/2028,3.735481,BANCO CENTRAL DE LA REPUBLICA DOMINICANA,BCENTRAL,59850
DO1002227317,NO150928,BCENTRAL/11 BOEST 20280915 GTIA,2830000,DOP,283,5,102.73554,25/09/2026,03:45:38 PM,PLAZO,PRIMERA PARTE,ROTC,28/01/2027,CONFIRMADA,3363336,0,15/09/2023,15/09/2028,0,BANCO CENTRAL DE LA REPUBLICA DOMINICANA,BCENTRAL,57848
DO1002223928,NO120227,BCENTRAL/8 BOEST 20270212 GTIA,150000,DOP,15,4.2832,101.3304,25/09/2026,03:45:37 PM,CONTADO,PRIMERA PARTE,ROTC,30/09/2026,CONFIRMADA,3363337,0,12/02/2022,12/02/2027,0,BANCO CENTRAL DE LA REPUBLICA DOMINICANA,BCENTRAL,58884
DO1002223928,NO120227,BCENTRAL/8 BOEST 20270212 GTIA,150000,DOP,15,3.0415,101.390727,25/09/2026,03:45:35 PM,PRESTAMO,SEGUNDA PARTE,ROTC,30/10/2026,CONFIRMADA,3363338,0,12/02/2022,12/02/2027,1.724132,BANCO CENTRAL DE LA REPUBLICA DOMINICANA,BCENTRAL,60200
DO1002223928,NO120227,BCENTRAL/8 BOEST 20270212 GTIA,150000,DOP,15,4.2832,101.3304,25/09/2026,03:45:35 PM,PRESTAMO,PRIMERA PARTE,ROTC,30/09/2026,CONFIRMADA,3363338,0,12/02/2022,12/02/2027,1.724132,BANCO CENTRAL DE LA REPUBLICA DOMINICANA,BCENTRAL,59563
DO1002223928,NO120227,BCENTRAL/8 BOEST 20270212 GTIA,150000,DOP,15,3.0415,101.390727,25/09/2026,03:45:34 PM,PLAZO,PRIMERA PARTE,ROTC,30/10/2026,CONFIRMADA,3363339,0,12/02/2022,12/02/2027,0,BANCO CENTRAL DE LA REPUBLICA DOMINICANA,BCENTRAL,58653
DO1002227317,NO150928,BCENTRAL/11 BOEST 20280915 GTIA,580000,DOP,58,9.0891,103.349972,25/09/2026,03:45:33 PM,CONTADO,PRIMERA PARTE,ROTC,30/09/2026,CONFIRMADA,3363340,0,15/09/2023,15/09/2028,0,BANCO CENTRAL DE LA REPUBLICA DOMINICANA,BCENTRAL,60284
DO1002227317,NO150928,BCENTRAL/11 BOEST 20280915 GTIA,580000,DOP,58,9.1152,103.160686,25/09/2026,03:45:32 PM,PRESTAMO,SEGUNDA PARTE,ROTC,30/10/2026,CONFIRMADA,3363341,0,15/09/2023,15/09/2028,1.127082,BANCO CENTRAL DE LA REPUBLICA DOMINICANA,BCENTRAL,60739
DO1002227317,NO150928,BCENTRAL/11 BOEST 20280915 GTIA,580000,DOP,58,9.0891,103.349972,25/09/2026,03:45:32 PM,PRESTAMO,PRIMERA PARTE,ROTC,30/09/2026,CONFIRMADA,3363341,0,15/09/2023,15/09/2028,1.127082,BANCO CENTRAL DE LA REPUBLICA DOMINICANA,BCENTRAL,60970
DO1002227317,NO150928,BCENTRAL/11 BOEST 20280915 GTIA,580000,DOP,58,9.1152,103.160686,25/09/2026,03:45:30 PM,PLAZO,PRIMERA PARTE,ROTC,30/10/2026,CONFIRMADA,3363342,0,15/09/2023,15/09/2028,0,BANCO CENTRAL DE LA REPUBLICA DOMINICANA,BCENTRAL,59185
USP3579EBV85,BSDR2027,DOMINICAN Rep/5.95 BD 20270125 Se,1000,USD,1,5.8625,100.018,25/09/2026,03:45:29 PM,CONTADO,PRIMERA PARTE,ROTC,28/09/2026,CONFIRMADA,3363343,0,25/01/2017,25/01/2027,0,MINISTERIO DE HACIENDA,HACIENDA,60277
USP3579EBV85,BSDR2027,DOMINICAN Rep/5.95 BD 20270125 Se,1000,USD,1,6.6405,99.825,25/09/2026,03:45:28 PM,PRESTAMO,SEGUNDA PARTE,ROTC,28/10/2026,CONFIRMADA,3363344,0,25/01/2017,25/01/2027,1.325941,MINISTERIO DE HACIENDA,HACIENDA,60634
USP3579EBV85,BSDR2027,DOMINICAN Rep/5.95 BD 20270125 Se,1000,USD,1,5.8625,100.018,25/09/2026,03:45:28 PM,PRESTAMO,PRIMERA PARTE,ROTC,28/09/2026,CONFIRMADA,3363344,0,25/01/2017,25/01/2027,1.325941,MINISTERIO DE HACIENDA,HACIENDA,60963
USP3579EBV85,BSDR2027,DOMINICAN Rep/5.95 BD 20270125 Se,1000,USD,1,6.6405,99.825,25/09/2026,03:45:27 PM,PLAZO,PRIMERA PARTE,ROTC,28/10/2026,CONFIRMADA,3363345,0,25/01/2017,25/01/2027,0,MINISTERIO DE HACIENDA,HACIENDA,59087
DO1002227317,NO150928,BCENTRAL/11 BOEST 20280915 GTIA,950000,DOP,95,4,102.818479,25/09/2026,03:45:25 PM,PLAZO,PRIMERA PARTE,ROTC,30/12/2026,CONFIRMADA,3363346,0,15/09/2023,15/09/2028,0,BANCO CENTRAL DE LA REPUBLICA DOMINICANA,BCENTRAL,57540
DO1002227317,NO150928,BCENTRAL/11 BOEST 20280915 GTIA,940000,DOP,94,0,103.161984,25/09/2026,03:45:24 PM,PLAZO,PRIMERA PARTE,ROTC,30/12/2026,CONFIRMADA,3363347,0,15/09/2023,15/09/2028,0,BANCO CENTRAL DE LA REPUBLICA DOMINICANA,BCENTRAL,57442
DO1002227317,NO150928,BCENTRAL/11 BOEST 20280915 GTIA,940000,DOP,94,4,103.039191,25/09/2026,03:45:23 PM,PRESTAMO,SEGUNDA PARTE,ROTC,28/01/2027,CONFIRMADA,3363348,0,15/09/2023,15/09/2028,3.714173,BANCO CENTRAL DE LA REPUBLICA DOMINICANA,BCENTRAL,59003
DO1002227317,NO150928,BCENTRAL/11 BOEST 20280915 GTIA,940000,DOP,94,0,103.161984,25/09/2026,03:45:23 PM,PRESTAMO,PRIMERA PARTE,ROTC,30/12/2026,CONFIRMADA,3363348,0,15/09/2023,15/09/2028,3.714173,BANCO CENTRAL DE LA REPUBLICA DOMINICANA,BCENTRAL,59038
DO1002227317,NO150928,BCENTRAL/11 BOEST 20280915 GTIA,940000,DOP,94,4,103.039191,25/09/2026,03:45:22 PM,PLAZO,PRIMERA PARTE,ROTC,28/01/2027,CONFIRMADA,3363349,0,15/09/2023,15/09/2028,0,BANCO CENTRAL DE LA REPUBLICA DOMINICANA,BCENTRAL,57456
DO1002227317,NO150928,BCENTRAL/11 BOEST 20280915 GTIA,200000,DOP,20,0,100.772685,25/09/2026,03:45:21 PM,PLAZO,PRIMERA PARTE,ROTC,30/10/2026,CONFIRMADA,3363350,0,15/09/2023,15/09/2028,0,BANCO CENTRAL DE LA REPUBLICA DOMINICANA,BCENTRAL,57274
DO1002227317,NO150928,BCENTRAL/11 BOEST 20280915 GTIA,200000,DOP,20,4,100.47716,25/09/2026,03:45:19 PM,PRESTAMO,SEGUNDA PARTE,ROTC,30/11/2026,CONFIRMADA,3363351,0,15/09/2023,15/09/2028,1.959269,BANCO CENTRAL DE LA REPUBLICA DOMINICANA,BCENTRAL,58492
DO1002227317,NO150928,BCENTRAL/11 BOEST 20280915 GTIA,200000,DOP,20,0,100.772685,25/09/2026,03:45:19 PM,PRESTAMO,PRIMERA PARTE,ROTC,30/10/2026,CONFIRMADA,3363351,0,15/09/2023,15/09/2028,1.959269,BANCO CENTRAL DE LA REPUBLICA DOMINICANA,BCENTRAL,58926
DO1002227317,NO150928,BCENTRAL/11 BOEST 20280915 GTIA,200000,DOP,20,4,100.47716,25/09/2026,03:45:18 PM,PLAZO,PRIMERA PARTE,ROTC,30/11/2026,CONFIRMADA,3363352,0,15/09/2023,15/09/2028,0,BANCO CENTRAL DE LA REPUBLICA DOMINICANA,BCENTRAL,56945
DO1002227317,NO150928,BCENTRAL/11 BOEST 20280915 GTIA,110000,DOP,11,0,99.348009,25/09/2026,03:45:17 PM,PLAZO,PRIMERA PARTE,ROTC,02/12/2026,CONFIRMADA,3363353,0,15/09/2023,15/09/2028,0,BANCO CENTRAL DE LA REPUBLICA DOMINICANA,BCENTRAL,57022
DO1002227317,NO150928,BCENTRAL/11 BOEST 20280915 GTIA,110000,DOP,11,4,98.974964,25/09/2026,03:45:15 PM,PRESTAMO,SEGUNDA PARTE,ROTC,12/03/2027,CONFIRMADA,3363354,0,15/09/2023,15/09/2028,4.824303,BANCO CENTRAL DE LA REPUBLICA DOMINICANA,BCENTRAL,58688
DO1002227317,NO150928,BCENTRAL/11 BOEST 20280915 GTIA,110000,DOP,11,0,99.348009,25/09/2026,03:45:15 PM,PRESTAMO,PRIMERA PARTE,ROTC,02/12/2026,CONFIRMADA,3363354,0,15/09/2023,15/09/2028,4.824303,BANCO CENTRAL DE LA REPUBLICA DOMINICANA,BCENTRAL,58611
DO1002227317,NO150928,BCENTRAL/11 BOEST 20280915 GTIA,110000,DOP,11,4,98.974964,25/09/2026,03:45:14 PM,PLAZO,PRIMERA PARTE,ROTC,12/03/2027,CONFIRMADA,3363355,0,15/09/2023,15/09/2028,0,BANCO CENTRAL DE LA REPUBLICA DOMINICANA,BCENTRAL,57141
DO1002223928,NO120227,BCENTRAL/8 BOEST 20270212 GTIA,2470000,DOP,247,7.539,100.149357,25/09/2026,03:45:13 PM,CONTADO,PRIMERA PARTE,ROTC,30/09/2026,CONFIRMADA,3363356,0,12/02/2022,12/02/2027,0,BANCO CENTRAL DE LA REPUBLICA DOMINICANA,BCENTRAL,60109
DO1002223928,NO120227,BCENTRAL/8 BOEST 20270212 GTIA,2470000,DOP,247,4.3517,100.432208,25/09/2026,03:45:12 PM,PRESTAMO,SEGUNDA PARTE,ROTC,29/12/2026,CONFIRMADA,3363357,0,12/02/2022,12/02/2027,3.194262,BANCO CENTRAL DE LA REPUBLICA DOMINICANA,BCENTRAL,60984
DO1002223928,NO120227,BCENTRAL/8 BOEST 20270212 GTIA,2470000,DOP,247,7.539,100.149357,25/09/2026,03:45:12 PM,PRESTAMO,PRIMERA PARTE,ROTC,30/09/2026,CONFIRMADA,3363357,0,12/02/2022,12/02/2027,3.194262,BANCO CENTRAL DE LA REPUBLICA DOMINICANA,BCENTRAL,60795
DO1002223928,NO120227,BCENTRAL/8 BOEST 20270212 GTIA,2470000,DOP,247,4.3517,100.432208,25/09/2026,03:45:11 PM,PLAZO,PRIMERA PARTE,ROTC,29/12/2026,CONFIRMADA,3363358,0,12/02/2022,12/02/2027,0,BANCO CENTRAL DE LA REPUBLICA DOMINICANA,BCENTRAL,59437
DO1002223928,NO120227,BCENTRAL/8 BOEST 20270212 GTIA,100000,DOP,10,2.6936,101.94747,25/09/2026,03:45:10 PM,CONTADO,PRIMERA PARTE,ROTC,28/09/2026,CONFIRMADA,3363359,0,12/02/2022,12/02/2027,0,BANCO CENTRAL DE LA REPUBLICA DOMINICANA,BCENTRAL,59332
DO1002223928,NO120227,BCENTRAL/8 BOEST 20270212 GTIA,100000,DOP,10,-9.4978,102.27272,25/09/2026,03:45:08 PM,PRESTAMO,SEGUNDA PARTE,ROTC,28/12/2026,CONFIRMADA,3363360,0,12/02/2022,12/02/2027,3.158701,BANCO CENTRAL DE LA REPUBLICA DOMINICANA,BCENTRAL,60291
DO1002223928,NO120227,BCENTRAL/8 BOEST 20270212 GTIA,100000,DOP,10,2.6936,101.94747,25/09/2026,03:45:08 PM,PRESTAMO,PRIMERA PARTE,ROTC,28/09/2026,CONFIRMADA,3363360,0,12/02/2022,12/02/2027,3.158701,BANCO CENTRAL DE LA REPUBLICA DOMINICANA,BCENTRAL,60074
USP3579ECE51,BSRD2049,"DOMINICAN, REP /6.4 BD 20490605",350000,USD,350,5.7497,108.1727,25/09/2026,03:40:53 PM,CONTADO,PRIMERA PARTE,ROTC,29/09/2026,CONFIRMADA,3363089,0,05/06/2019,05/06/2049,0,MINISTERIO DE HACIENDA,HACIENDA,60249
DO1014202225,VF3RDV02,FIDSO RD VIAL/12 BOEST 20460729,57500000,DOP,575000,9,126.447615,25/09/2026,03:40:52 PM,CONTADO,PRIMERA PARTE,ROTC,29/09/2026,CONFIRMADA,3363090,0,29/07/2026,29/07/2046,0,FIDEICOMISO PARA LA OPERACION MANTENIMIENTO Y EXPANSION DE LA RED VIAL PRINCIPAL DE LA REPUBLICA DOMINICANA,FIDSO RD VIAL,60886
DO1002227721,NO111226,BCENTRAL/9 BOEST 20261211 GTIA,2400000,DOP,240,15.0482,98.798685,25/09/2026,03:38:12 PM,CONTADO,PRIMERA PARTE,ROTC,28/09/2026,CONFIRMADA,3363263,0,11/12/2023,11/12/2026,0,BANCO CENTRAL DE LA REPUBLICA DOMINICANA,BCENTRAL,60543
DO1002224124,NO120327,BCENTRAL/8 BOEST 20270312 GTIA,2090000,DOP,209,8.15,99.677223,25/09/2026,03:38:06 PM,PRESTAMO,SEGUNDA PARTE,ROTC,25/02/2027,CONFIRMADA,3363256,0,12/03/2022,12/03/2027,0.02,BANCO CENTRAL DE LA REPUBLICA DOMINICANA,BCENTRAL,60025
DO1002224124,NO120327,BCENTRAL/8 BOEST 20270312 GTIA,2090000,DOP,209,8.15,99.677223,25/09/2026,03:38:06 PM,PRESTAMO,PRIMERA PARTE,ROTC,28/09/2026,CONFIRMADA,3363256,0,12/03/2022,12/03/2027,0.02,BANCO CENTRAL DE LA REPUBLICA DOMINICANA,BCENTRAL,60151
DO1002224124,NO120327,BCENTRAL/8 BOEST 20270312 GTIA,2090000,DOP,209,13.978482,99.75085,25/09/2026,03:38:00 PM,PLAZO,PRIMERA PARTE,ROTC,25/02/2027,CONFIRMADA,3363254,0,12/03/2022,12/03/2027,0,BANCO CENTRAL DE LA REPUBLICA DOMINICANA,BCENTRAL,59969
DO1002224124,NO120327,BCENTRAL/8 BOEST 20270312 GTIA,2090000,DOP,209,8.722022,99.677223,25/09/2026,03:37:55 PM,CONTADO,PRIMERA PARTE,ROTC,28/09/2026,CONFIRMADA,3363253,0,12/03/2022,12/03/2027,0,BANCO CENTRAL DE LA REPUBLICA DOMINICANA,BCENTRAL,60886
DO1002224124,NO120327,BCENTRAL/8 BOEST 20270312 GTIA,2000000,DOP,200,7,99.646409,25/09/2026,03:37:37 PM,PRESTAMO,SEGUNDA PARTE,ROTC,29/10/2026,CONFIRMADA,3363252,0,12/03/2022,12/03/2027,0.02,BANCO CENTRAL DE LA REPUBLICA DOMINICANA,BCENTRAL,58905
DO1002224124,NO120327,BCENTRAL/8 BOEST 20270312 GTIA,2000000,DOP,200,7,99.646409,25/09/2026,03:37:37 PM,PRESTAMO,PRIMERA PARTE,ROTC,28/09/2026,CONFIRMADA,3363252,0,12/03/2022,12/03/2027,0.02,BANCO CENTRAL DE LA REPUBLICA DOMINICANA,BCENTRAL,59017
DO1002224124,NO120327,BCENTRAL/8 BOEST 20270312 GTIA,2000000,DOP,200,9.181053,99.562382,25/09/2026,03:37:35 PM,PLAZO,PRIMERA PARTE,ROTC,29/10/2026,CONFIRMADA,3363251,0,12/03/2022,12/03/2027,0,BANCO CENTRAL DE LA REPUBLICA DOMINICANA,BCENTRAL,59808
DO1002224124,NO120327,BCENTRAL/8 BOEST 20270312 GTIA,2000000,DOP,200,8.792576,99.646409,25/09/2026,03:37:28 PM,CONTADO,PRIMERA PARTE,ROTC,28/09/2026,CONFIRMADA,3363250,0,12/03/2022,12/03/2027,0,BANCO CENTRAL DE LA REPUBLICA DOMINICANA,BCENTRAL,60921
DO1002262223,LE030927,BCENTRAL/ LT 20270903 GTIA,27110000,DOP,2711,8.45,92.216895,25/09/2026,03:37:14 PM,PRESTAMO,SEGUNDA PARTE,ROTC,25/06/2027,CONFIRMADA,3363249,0,03/09/2026,03/09/2027,0.02,BANCO CENTRAL DE LA REPUBLICA DOMINICANA,BCENTRAL,58786
DO1002262223,LE030927,BCENTRAL/ LT 20270903 GTIA,27110000,DOP,2711,8.45,92.216895,25/09/2026,03:37:14 PM,PRESTAMO,PRIMERA PARTE,ROTC,28/09/2026,CONFIRMADA,3363249,0,03/09/2026,03/09/2027,0.02,BANCO CENTRAL DE LA REPUBLICA DOMINICANA,BCENTRAL,58884
DO1002262223,LE030927,BCENTRAL/ LT 20270903 GTIA,27110000,DOP,2711,10.242419,98.047308,25/09/2026,03:37:09 PM,PLAZO,PRIMERA PARTE,ROTC,25/06/2027,CONFIRMADA,3363248,0,03/09/2026,03/09/2027,0,BANCO CENTRAL DE LA REPUBLICA DOMINICANA,BCENTRAL,58975
DO1002262223,LE030927,BCENTRAL/ LT 20270903 GTIA,27110000,DOP,2711,8.93647,92.216895,25/09/2026,03:37:04 PM,CONTADO,PRIMERA PARTE,ROTC,28/09/2026,CONFIRMADA,3363247,0,03/09/2026,03/09/2027,0,BANCO CENTRAL DE LA REPUBLICA DOMINICANA,BCENTRAL,59332
DO1002262223,LE030927,BCENTRAL/ LT 20270903 GTIA,7270000,DOP,727,12.216068,98.693878,25/09/2026,03:36:31 PM,PLAZO,PRIMERA PARTE,ROTC,26/07/2027,CONFIRMADA,3363246,0,03/09/2026,03/09/2027,0,BANCO CENTRAL DE LA REPUBLICA DOMINICANA,BCENTRAL,58499
DO1002262223,LE030927,BCENTRAL/ LT 20270903 GTIA,7270000,DOP,727,9.007901,92.15956,25/09/2026,03:36:23 PM,CONTADO,PRIMERA PARTE,ROTC,28/09/2026,CONFIRMADA,3363245,0,03/09/2026,03/09/2027,0,BANCO CENTRAL DE LA REPUBLICA DOMINICANA,BCENTRAL,58618
DO1002223621,NO150127,BCENTRAL/8 BOEST 20270115 GTIA,8320000,DOP,832,7.6,99.586545,25/09/2026,03:36:14 PM,PRESTAMO,SEGUNDA PARTE,ROTC,03/12/2026,CONFIRMADA,3363244,0,15/01/2022,15/01/2027,0.02,BANCO CENTRAL DE LA REPUBLICA DOMINICANA,BCENTRAL,59724
DO1002223621,NO150127,BCENTRAL/8 BOEST 20270115 GTIA,8320000,DOP,832,7.6,99.586545,25/09/2026,03:36:14 PM,PRESTAMO,PRIMERA PARTE,ROTC,28/09/2026,CONFIRMADA,3363244,0,15/01/2022,15/01/2027,0.02,BANCO CENTRAL DE LA REPUBLICA DOMINICANA,BCENTRAL,59878
DO1002223621,NO150127,BCENTRAL/8 BOEST 20270115 GTIA,8320000,DOP,832,11.733633,99.558341,25/09/2026,03:36:07 PM,PLAZO,PRIMERA PARTE,ROTC,03/12/2026,CONFIRMADA,3363243,0,15/01/2022,15/01/2027,0,BANCO CENTRAL DE LA REPUBLICA DOMINICANA,BCENTRAL,60263
DO1002223621,NO150127,BCENTRAL/8 BOEST 20270115 GTIA,8320000,DOP,832,9.370477,99.586545,25/09/2026,03:35:50 PM,CONTADO,PRIMERA PARTE,ROTC,28/09/2026,CONFIRMADA,3363242,0,15/01/2022,15/01/2027,0,BANCO CENTRAL DE LA REPUBLICA DOMINICANA,BCENTRAL,61026
DO1002224124,NO120327,BCENTRAL/8 BOEST 20270312 GTIA,3500000,DOP,350,8.1,99.646409,25/09/2026,03:24:18 PM,PRESTAMO,SEGUNDA PARTE,ROTC,25/02/2027,CONFIRMADA,3363240,0,12/03/2022,12/03/2027,0.02,BANCO CENTRAL DE LA REPUBLICA DOMINICANA,BCENTRAL,59612
DO1002224124,NO120327,BCENTRAL/8 BOEST 20270312 GTIA,3500000,DOP,350,8.1,99.646409,25/09/2026,03:24:18 PM,PRESTAMO,PRIMERA PARTE,ROTC,28/09/2026,CONFIRMADA,3363240,0,12/03/2022,12/03/2027,0.02,BANCO CENTRAL DE LA REPUBLICA DOMINICANA,BCENTRAL,59738
DO1002224124,NO120327,BCENTRAL/8 BOEST 20270312 GTIA,3500000,DOP,350,15.298375,99.698159,25/09/2026,03:24:13 PM,PLAZO,PRIMERA PARTE,ROTC,25/02/2027,CONFIRMADA,3363239,0,12/03/2022,12/03/2027,0,BANCO CENTRAL DE LA REPUBLICA DOMINICANA,BCENTRAL,60333
DO1002224124,NO120327,BCENTRAL/8 BOEST 20270312 GTIA,3500000,DOP,350,8.792576,99.646409,25/09/2026,03:24:08 PM,CONTADO,PRIMERA PARTE,ROTC,28/09/2026,CONFIRMADA,3363238,0,12/03/2022,12/03/2027,0,BANCO CENTRAL DE LA REPUBLICA DOMINICANA,BCENTRAL,60963
DO1002224124,NO120327,BCENTRAL/8 BOEST 20270312 GTIA,1080000,DOP,108,6.95,99.646409,25/09/2026,03:23:56 PM,PRESTAMO,SEGUNDA PARTE,ROTC,28/10/2026,CONFIRMADA,3363237,0,12/03/2022,12/03/2027,0.02,BANCO CENTRAL DE LA REPUBLICA DOMINICANA,BCENTRAL,60053
DO1002224124,NO120327,BCENTRAL/8 BOEST 20270312 GTIA,1080000,DOP,108,6.95,99.646409,25/09/2026,03:23:56 PM,PRESTAMO,PRIMERA PARTE,ROTC,28/09/2026,CONFIRMADA,3363237,0,12/03/2022,12/03/2027,0.02,BANCO CENTRAL DE LA REPUBLICA DOMINICANA,BCENTRAL,60172
DO1002224124,NO120327,BCENTRAL/8 BOEST 20270312 GTIA,1080000,DOP,108,9.177184,99.560926,25/09/2026,03:23:52 PM,PLAZO,PRIMERA PARTE,ROTC,28/10/2026,CONFIRMADA,3363236,0,12/03/2022,12/03/2027,0,BANCO CENTRAL DE LA REPUBLICA DOMINICANA,BCENTRAL,59941
DO1002224124,NO120327,BCENTRAL/8 BOEST 20270312 GTIA,1080000,DOP,108,8.792576,99.646409,25/09/2026,03:23:48 PM,CONTADO,PRIMERA PARTE,ROTC,28/09/2026,CONFIRMADA,3363235,0,12/03/2022,12/03/2027,0,BANCO CENTRAL DE LA REPUBLICA DOMINICANA,BCENTRAL,60998
USP3579ECP09,BSRD2029, ,100000,USD,100,4.45,99.93864,25/09/2026,03:23:41 PM,PRESTAMO,SEGUNDA PARTE,ROTC,26/01/2027,CONFIRMADA,3363234,0,22/02/2022,22/02/2029,0.02,MINISTERIO DE HACIENDA,HACIENDA,47726
USP3579ECP09,BSRD2029, ,100000,USD,100,4.45,99.93864,25/09/2026,03:23:41 PM,PRESTAMO,PRIMERA PARTE,ROTC,28/09/2026,CONFIRMADA,3363234,0,22/02/2022,22/02/2029,0.02,MINISTERIO DE HACIENDA,HACIENDA,47852
USP3579ECP09,BSRD2029, ,100000,USD,100,5.694657,99.619744,25/09/2026,03:23:37 PM,PLAZO,PRIMERA PARTE,ROTC,26/01/2027,CONFIRMADA,3363233,0,22/02/2022,22/02/2029,0,MINISTERIO DE HACIENDA,HACIENDA,48111
USP3579ECP09,BSRD2029, ,100000,USD,100,5.524956,99.93864,25/09/2026,03:23:33 PM,CONTADO,PRIMERA PARTE,ROTC,28/09/2026,CONFIRMADA,3363232,0,22/02/2022,22/02/2029,0,MINISTERIO DE HACIENDA,HACIENDA,48671
DO1002224124,NO120327,BCENTRAL/8 BOEST 20270312 GTIA,3090000,DOP,309,7.6,99.970033,25/09/2026,03:23:26 PM,PRESTAMO,SEGUNDA PARTE,ROTC,20/11/2026,CONFIRMADA,3363231,0,12/03/2022,12/03/2027,0.02,BANCO CENTRAL DE LA REPUBLICA DOMINICANA,BCENTRAL,59591
DO1002224124,NO120327,BCENTRAL/8 BOEST 20270312 GTIA,3090000,DOP,309,7.6,99.970033,25/09/2026,03:23:26 PM,PRESTAMO,PRIMERA PARTE,ROTC,28/09/2026,CONFIRMADA,3363231,0,12/03/2022,12/03/2027,0.02,BANCO CENTRAL DE LA REPUBLICA DOMINICANA,BCENTRAL,59759
DO1002224124,NO120327,BCENTRAL/8 BOEST 20270312 GTIA,3090000,DOP,309,8.209486,99.918318,25/09/2026,03:23:22 PM,PLAZO,PRIMERA PARTE,ROTC,20/11/2026,CONFIRMADA,3363230,0,12/03/2022,12/03/2027,0,BANCO CENTRAL DE LA REPUBLICA DOMINICANA,BCENTRAL,59927
DO1002224124,NO120327,BCENTRAL/8 BOEST 20270312 GTIA,3090000,DOP,309,8.053857,99.970033,25/09/2026,03:23:18 PM,CONTADO,PRIMERA PARTE,ROTC,28/09/2026,CONFIRMADA,3363229,0,12/03/2022,12/03/2027,0,BANCO CENTRAL DE LA REPUBLICA DOMINICANA,BCENTRAL,60914
DO1002223621,NO150127,BCENTRAL/8 BOEST 20270115 GTIA,1320000,DOP,132,7.6,99.781183,25/09/2026,03:22:57 PM,PRESTAMO,SEGUNDA PARTE,ROTC,07/01/2027,CONFIRMADA,3363228,0,15/01/2022,15/01/2027,0.02,BANCO CENTRAL DE LA REPUBLICA DOMINICANA,BCENTRAL,59626
DO1002223621,NO150127,BCENTRAL/8 BOEST 20270115 GTIA,1320000,DOP,132,7.6,99.781183,25/09/2026,03:22:57 PM,PRESTAMO,PRIMERA PARTE,ROTC,28/09/2026,CONFIRMADA,3363228,0,15/01/2022,15/01/2027,0.02,BANCO CENTRAL DE LA REPUBLICA DOMINICANA,BCENTRAL,59759
DO1002223621,NO150127,BCENTRAL/8 BOEST 20270115 GTIA,1320000,DOP,132,20.08185,99.742162,25/09/2026,03:22:53 PM,PLAZO,PRIMERA PARTE,ROTC,07/01/2027,CONFIRMADA,3363227,0,15/01/2022,15/01/2027,0,BANCO CENTRAL DE LA REPUBLICA DOMINICANA,BCENTRAL,59773
DO1002223621,NO150127,BCENTRAL/8 BOEST 20270115 GTIA,1320000,DOP,132,8.692586,99.781183,25/09/2026,03:22:49 PM,CONTADO,PRIMERA PARTE,ROTC,28/09/2026,CONFIRMADA,3363226,0,15/01/2022,15/01/2027,0,BANCO CENTRAL DE LA REPUBLICA DOMINICANA,BCENTRAL,60970
DO1002224124,NO120327,BCENTRAL/8 BOEST 20270312 GTIA,8180000,DOP,818,8.25,99.694839,25/09/2026,03:22:26 PM,PRESTAMO,SEGUNDA PARTE,ROTC,25/02/2027,CONFIRMADA,3363225,0,12/03/2022,12/03/2027,0.02,BANCO CENTRAL DE LA REPUBLICA DOMINICANA,BCENTRAL,60165
DO1002224124,NO120327,BCENTRAL/8 BOEST 20270312 GTIA,8180000,DOP,818,8.25,99.694839,25/09/2026,03:22:26 PM,PRESTAMO,PRIMERA PARTE,ROTC,28/09/2026,CONFIRMADA,3363225,0,12/03/2022,12/03/2027,0.02,BANCO CENTRAL DE LA REPUBLICA DOMINICANA,BCENTRAL,60291
DO1002224124,NO120327,BCENTRAL/8 BOEST 20270312 GTIA,8180000,DOP,818,12.488664,99.810749,25/09/2026,03:22:23 PM,PLAZO,PRIMERA PARTE,ROTC,25/02/2027,CONFIRMADA,3363224,0,12/03/2022,12/03/2027,0,BANCO CENTRAL DE LA REPUBLICA DOMINICANA,BCENTRAL,60382
DO1002224124,NO120327,BCENTRAL/8 BOEST 20270312 GTIA,8180000,DOP,818,8.681708,99.694839,25/09/2026,03:22:18 PM,CONTADO,PRIMERA PARTE,ROTC,28/09/2026,CONFIRMADA,3363223,0,12/03/2022,12/03/2027,0,BANCO CENTRAL DE LA REPUBLICA DOMINICANA,BCENTRAL,61110
DO1002262223,LE030927,BCENTRAL/ LT 20270903 GTIA,7270000,DOP,727,8.5,92.15956,25/09/2026,03:22:09 PM,PRESTAMO,SEGUNDA PARTE,ROTC,26/07/2027,CONFIRMADA,3363222,0,03/09/2026,03/09/2027,0.02,BANCO CENTRAL DE LA REPUBLICA DOMINICANA,BCENTRAL,57449
DO1002262223,LE030927,BCENTRAL/ LT 20270903 GTIA,7270000,DOP,727,8.5,92.15956,25/09/2026,03:22:09 PM,PRESTAMO,PRIMERA PARTE,ROTC,28/09/2026,CONFIRMADA,3363222,0,03/09/2026,03/09/2027,0.02,BANCO CENTRAL DE LA REPUBLICA DOMINICANA,BCENTRAL,57533
DO1002262223,LE030927,BCENTRAL/ LT 20270903 GTIA,8380000,DOP,838,9.429675,96.025892,25/09/2026,03:21:56 PM,PLAZO,PRIMERA PARTE,ROTC,29/03/2027,CONFIRMADA,3363221,0,03/09/2026,03/09/2027,0,BANCO CENTRAL DE LA REPUBLICA DOMINICANA,BCENTRAL,58198
DO1002262223,LE030927,BCENTRAL/ LT 20270903 GTIA,8380000,DOP,838,8.997692,92.16775,25/09/2026,03:21:53 PM,CONTADO,PRIMERA PARTE,ROTC,28/09/2026,CONFIRMADA,3363220,0,03/09/2026,03/09/2027,0,BANCO CENTRAL DE LA REPUBLICA DOMINICANA,BCENTRAL,58807
DO1002261928,LE090427,BCENTRAL/ LT 20270409 GTIA,6900000,DOP,690,8,100,25/09/2026,03:21:43 PM,PRESTAMO,SEGUNDA PARTE,ROTC,29/03/2027,CONFIRMADA,3363219,0,09/04/2026,09/04/2027,0.02,BANCO CENTRAL DE LA REPUBLICA DOMINICANA,BCENTRAL,54887
DO1002261928,LE090427,BCENTRAL/ LT 20270409 GTIA,6900000,DOP,690,8,100,25/09/2026,03:21:43 PM,PRESTAMO,PRIMERA PARTE,ROTC,28/09/2026,CONFIRMADA,3363219,0,09/04/2026,09/04/2027,0.02,BANCO CENTRAL DE LA REPUBLICA DOMINICANA,BCENTRAL,54978
DO1002261928,LE090427,BCENTRAL/ LT 20270409 GTIA,6900000,DOP,690,-126.912638,104.034333,25/09/2026,03:21:39 PM,PLAZO,PRIMERA PARTE,ROTC,29/03/2027,CONFIRMADA,3363218,0,09/04/2026,09/04/2027,0,BANCO CENTRAL DE LA REPUBLICA DOMINICANA,BCENTRAL,59395
DO1002261928,LE090427,BCENTRAL/ LT 20270409 GTIA,6900000,DOP,690,0,100,25/09/2026,03:21:34 PM,CONTADO,PRIMERA PARTE,ROTC,28/09/2026,CONFIRMADA,3363217,0,09/04/2026,09/04/2027,0,BANCO CENTRAL DE LA REPUBLICA DOMINICANA,BCENTRAL,54229
DO1002224124,NO120327,BCENTRAL/8 BOEST 20270312 GTIA,3990000,DOP,399,7.15,99.792959,25/09/2026,03:21:28 PM,PRESTAMO,SEGUNDA PARTE,ROTC,07/01/2027,CONFIRMADA,3363216,0,12/03/2022,12/03/2027,0.02,BANCO CENTRAL DE LA REPUBLICA DOMINICANA,BCENTRAL,60221
DO1002224124,NO120327,BCENTRAL/8 BOEST 20270312 GTIA,3990000,DOP,399,7.15,99.792959,25/09/2026,03:21:28 PM,PRESTAMO,PRIMERA PARTE,ROTC,28/09/2026,CONFIRMADA,3363216,0,12/03/2022,12/03/2027,0.02,BANCO CENTRAL DE LA REPUBLICA DOMINICANA,BCENTRAL,60354
DO1002224124,NO120327,BCENTRAL/8 BOEST 20270312 GTIA,3990000,DOP,399,10.415164,99.564207,25/09/2026,03:21:24 PM,PLAZO,PRIMERA PARTE,ROTC,07/01/2027,CONFIRMADA,3363215,0,12/03/2022,12/03/2027,0,BANCO CENTRAL DE LA REPUBLICA DOMINICANA,BCENTRAL,60277
DO1002224124,NO120327,BCENTRAL/8 BOEST 20270312 GTIA,3990000,DOP,399,8.457434,99.792959,25/09/2026,03:21:20 PM,CONTADO,PRIMERA PARTE,ROTC,28/09/2026,CONFIRMADA,3363214,0,12/03/2022,12/03/2027,0,BANCO CENTRAL DE LA REPUBLICA DOMINICANA,BCENTRAL,61103
DO1002224124,NO120327,BCENTRAL/8 BOEST 20270312 GTIA,1000000,DOP,100,7.1,99.646409,25/09/2026,03:21:11 PM,PRESTAMO,SEGUNDA PARTE,ROTC,03/12/2026,CONFIRMADA,3363213,0,12/03/2022,12/03/2027,0.02,BANCO CENTRAL DE LA REPUBLICA DOMINICANA,BCENTRAL,59409
DO1002224124,NO120327,BCENTRAL/8 BOEST 20270312 GTIA,1000000,DOP,100,7.1,99.646409,25/09/2026,03:21:11 PM,PRESTAMO,PRIMERA PARTE,ROTC,28/09/2026,CONFIRMADA,3363213,0,12/03/2022,12/03/2027,0.02,BANCO CENTRAL DE LA REPUBLICA DOMINICANA,BCENTRAL,59563
DO1002224124,NO120327,BCENTRAL/8 BOEST 20270312 GTIA,1000000,DOP,100,9.861022,99.485845,25/09/2026,03:21:07 PM,PLAZO,PRIMERA PARTE,ROTC,03/12/2026,CONFIRMADA,3363212,0,12/03/2022,12/03/2027,0,BANCO CENTRAL DE LA REPUBLICA DOMINICANA,BCENTRAL,59759
DO1002224124,NO120327,BCENTRAL/8 BOEST 20270312 GTIA,1000000,DOP,100,8.792576,99.646409,25/09/2026,03:20:52 PM,CONTADO,PRIMERA PARTE,ROTC,28/09/2026,CONFIRMADA,3363211,0,12/03/2022,12/03/2027,0,BANCO CENTRAL DE LA REPUBLICA DOMINICANA,BCENTRAL,60830
USP3579ECB13,BSRD2028,"DOMINICAN, REP /6 BD 20280719 REGS",3934000,USD,3934,5.65622,100.575989,25/09/2026,03:11:07 PM,CONTADO,PRIMERA PARTE,ROTC,25/09/2026,CONFIRMADA,3363106,0,19/07/2018,19/07/2028,0,MINISTERIO DE HACIENDA,HACIENDA,63756
DO1002223928,NO120227,BCENTRAL/8 BOEST 20270212 GTIA,4000000,DOP,400,8.9,99.654713,25/09/2026,03:08:49 PM,CONTADO,PRIMERA PARTE,ROTC,25/09/2026,CONFIRMADA,3363205,0,12/02/2022,12/02/2027,0,BANCO CENTRAL DE LA REPUBLICA DOMINICANA,BCENTRAL,59108
DO1002228729,NO030328,BCENTRAL/9.5 BOEST 20280303 GTIA,150000,DOP,15,9.3,100.252266,25/09/2026,03:06:36 PM,CONTADO,PRIMERA PARTE,ROTC,25/09/2026,CONFIRMADA,3363204,0,03/03/2025,03/03/2028,0,BANCO CENTRAL DE LA REPUBLICA DOMINICANA,BCENTRAL,59339
DO2006901311,BC1ITA01,EGEITABO/5.65 BO 20311208,11819,USD,11819,5.42123521,100.944117,25/09/2026,03:06:17 PM,PRESTAMO,SEGUNDA PARTE,ROTC,24/03/2027,CONFIRMADA,3363206,0,08/12/2021,08/12/2031,4.85,"EMPRESA GENERADORA DE ELECTRICIDAD ITABO, S.A.",EGEITABO,59864
DO2006901311,BC1ITA01,EGEITABO/5.65 BO 20311208,11819,USD,11819,5.36877507,101.268282,25/09/2026,03:06:17 PM,PRESTAMO,PRIMERA PARTE,ROTC,25/09/2026,CONFIRMADA,3363206,0,08/12/2021,08/12/2031,4.85,"EMPRESA GENERADORA DE ELECTRICIDAD ITABO, S.A.",EGEITABO,60151
DO2006901311,BC1ITA01,EGEITABO/5.65 BO 20311208,11819,USD,11819,5.42123521,100.944117,25/09/2026,03:06:16 PM,ESTRUCTURADA,SEGUNDA PARTE,ROTC,24/03/2027,CONFIRMADA,3363192,0,08/12/2021,08/12/2031,4.85,"EMPRESA GENERADORA DE ELECTRICIDAD ITABO, S.A.",EGEITABO,61957
DO2006901311,BC1ITA01,EGEITABO/5.65 BO 20311208,11819,USD,11819,5.36877507,101.268282,25/09/2026,03:06:16 PM,ESTRUCTURADA,PRIMERA PARTE,ROTC,25/09/2026,CONFIRMADA,3363192,0,08/12/2021,08/12/2031,4.85,"EMPRESA GENERADORA DE ELECTRICIDAD ITABO, S.A.",EGEITABO,62244
DO2016300223,BC1GUL02,GULFSTREAM/11.15 BO 20290624,1711196,DOP,1711196,11.29,99.673354,25/09/2026,03:03:18 PM,ESTRUCTURADA,SEGUNDA PARTE,ROTC,28/10/2026,CONFIRMADA,3363181,0,24/06/2019,24/06/2029,8.55,GULFSTREAM PETROLEUM DOMINICANA S DE RL,GULFSTREAM,63042
DO2016300223,BC1GUL02,GULFSTREAM/11.15 BO 20290624,1711196,DOP,1711196,11.2019,99.877296,25/09/2026,03:03:18 PM,ESTRUCTURADA,PRIMERA PARTE,ROTC,28/09/2026,CONFIRMADA,3363181,0,24/06/2019,24/06/2029,8.55,GULFSTREAM PETROLEUM DOMINICANA S DE RL,GULFSTREAM,63917
DO2016300223,BC1GUL02,GULFSTREAM/11.15 BO 20290624,1711196,DOP,1711196,11.29,99.673354,25/09/2026,03:03:17 PM,PRESTAMO,SEGUNDA PARTE,ROTC,28/10/2026,CONFIRMADA,3363182,0,24/06/2019,24/06/2029,0.828787,GULFSTREAM PETROLEUM DOMINICANA S DE RL,GULFSTREAM,60935
DO2016300223,BC1GUL02,GULFSTREAM/11.15 BO 20290624,1711196,DOP,1711196,11.2019,99.877296,25/09/2026,03:03:17 PM,PRESTAMO,PRIMERA PARTE,ROTC,28/09/2026,CONFIRMADA,3363182,0,24/06/2019,24/06/2029,0.828787,GULFSTREAM PETROLEUM DOMINICANA S DE RL,GULFSTREAM,61810
DO1005206516,MH32028,HACIENDA/10.75 BOEST 20280811 GTIA,18500000,DOP,185,2.34231,112.032116,25/09/2026,03:02:48 PM,PRESTAMO,SEGUNDA PARTE,ROTC,24/02/2027,CONFIRMADA,3363190,0,10/08/2018,11/08/2028,10.75,MINISTERIO DE HACIENDA,HACIENDA,62384
DO1005206516,MH32028,HACIENDA/10.75 BOEST 20280811 GTIA,18500000,DOP,185,6.84464,106.753314,25/09/2026,03:02:48 PM,PRESTAMO,PRIMERA PARTE,ROTC,25/09/2026,CONFIRMADA,3363190,0,10/08/2018,11/08/2028,10.75,MINISTERIO DE HACIENDA,HACIENDA,62706
DO1002228729,NO030328,BCENTRAL/9.5 BOEST 20280303 GTIA,150000,DOP,15,9.35,100.18618,25/09/2026,03:02:25 PM,CONTADO,PRIMERA PARTE,ROTC,25/09/2026,CONFIRMADA,3363201,0,03/03/2025,03/03/2028,0,BANCO CENTRAL DE LA REPUBLICA DOMINICANA,BCENTRAL,59339
DO1005206516,MH32028,HACIENDA/10.75 BOEST 20280811 GTIA,18500000,DOP,185,2.34231,112.032116,25/09/2026,03:01:39 PM,ESTRUCTURADA,SEGUNDA PARTE,ROTC,24/02/2027,CONFIRMADA,3363189,0,10/08/2018,11/08/2028,10.75,MINISTERIO DE HACIENDA,HACIENDA,64477
DO1005206516,MH32028,HACIENDA/10.75 BOEST 20280811 GTIA,18500000,DOP,185,6.84464,106.753314,25/09/2026,03:01:39 PM,ESTRUCTURADA,PRIMERA PARTE,ROTC,25/09/2026,CONFIRMADA,3363189,0,10/08/2018,11/08/2028,10.75,MINISTERIO DE HACIENDA,HACIENDA,64799
DO1002226525,NO180228,BCENTRAL/15 BOEST 20280218 GTIA,110000,DOP,11,8.3025,106.836173,25/09/2026,03:00:40 PM,ESTRUCTURADA,SEGUNDA PARTE,ROTC,15/01/2027,CONFIRMADA,3363179,0,18/02/2023,18/02/2028,8.4,BANCO CENTRAL DE LA REPUBLICA DOMINICANA,BCENTRAL,62643
DO1002226525,NO180228,BCENTRAL/15 BOEST 20280218 GTIA,110000,DOP,11,8.3848,108.477641,25/09/2026,03:00:40 PM,ESTRUCTURADA,PRIMERA PARTE,ROTC,28/09/2026,CONFIRMADA,3363179,0,18/02/2023,18/02/2028,8.4,BANCO CENTRAL DE LA REPUBLICA DOMINICANA,BCENTRAL,62895
DO1002226525,NO180228,BCENTRAL/15 BOEST 20280218 GTIA,110000,DOP,11,8.3025,106.836173,25/09/2026,03:00:38 PM,PRESTAMO,SEGUNDA PARTE,ROTC,15/01/2027,CONFIRMADA,3363180,0,18/02/2023,18/02/2028,3.959847,BANCO CENTRAL DE LA REPUBLICA DOMINICANA,BCENTRAL,60592
DO1002226525,NO180228,BCENTRAL/15 BOEST 20280218 GTIA,110000,DOP,11,8.3848,108.477641,25/09/2026,03:00:38 PM,PRESTAMO,PRIMERA PARTE,ROTC,28/09/2026,CONFIRMADA,3363180,0,18/02/2023,18/02/2028,3.959847,BANCO CENTRAL DE LA REPUBLICA DOMINICANA,BCENTRAL,60844
USP3579ECJ49,BSRD2041, ,44000,USD,44,6.1943,91.578914,25/09/2026,02:59:54 PM,CONTADO,PRIMERA PARTE,ROTC,25/09/2026,CONFIRMADA,3363199,0,21/01/2021,21/01/2041,0,MINISTERIO DE HACIENDA,HACIENDA,47642
USP3579EAY34,BSRD2044,DOMINICAN Rep/7.45 BD 20440430 GO,250000,USD,250,6.995945,104.54491,25/09/2026,02:59:32 PM,CONTADO,PRIMERA PARTE,ROTC,25/09/2026,CONFIRMADA,3363126,0,30/04/2014,30/04/2044,0,MINISTERIO DE HACIENDA,HACIENDA,62979
DO1005206516,MH32028,HACIENDA/10.75 BOEST 20280811 GTIA,1000000,DOP,10,12.08183,98.192827,25/09/2026,02:59:09 PM,PRESTAMO,SEGUNDA PARTE,ROTC,02/02/2027,CONFIRMADA,3363188,0,10/08/2018,11/08/2028,10.75,MINISTERIO DE HACIENDA,HACIENDA,61817
DO1005206516,MH32028,HACIENDA/10.75 BOEST 20280811 GTIA,1000000,DOP,10,11.55662,98.645205,25/09/2026,02:59:09 PM,PRESTAMO,PRIMERA PARTE,ROTC,25/09/2026,CONFIRMADA,3363188,0,10/08/2018,11/08/2028,10.75,MINISTERIO DE HACIENDA,HACIENDA,61929
USP3579ECJ49,BSRD2041, ,44000,USD,44,6.1999,91.528913,25/09/2026,02:58:47 PM,CONTADO,PRIMERA PARTE,ROTC,25/09/2026,CONFIRMADA,3363200,0,21/01/2021,21/01/2041,0,MINISTERIO DE HACIENDA,HACIENDA,47684
DO1002261225,LE021026,BCENTRAL/ LT 20261002 GTIA,1000000000,DOP,100000,5.45,99.894139,25/09/2026,02:58:33 PM,CONTADO,PRIMERA PARTE,ROTC,25/09/2026,CONFIRMADA,3363133,0,02/10/2025,02/10/2026,0,BANCO CENTRAL DE LA REPUBLICA DOMINICANA,BCENTRAL,59311
USP3579ECE51,BSRD2049,"DOMINICAN, REP /6.4 BD 20490605",16000,USD,16,4.7394,122.876812,25/09/2026,02:58:20 PM,ESTRUCTURADA,SEGUNDA PARTE,ROTC,28/10/2026,CONFIRMADA,3363177,0,05/06/2019,05/06/2049,4.05,MINISTERIO DE HACIENDA,HACIENDA,62958
USP3579ECE51,BSRD2049,"DOMINICAN, REP /6.4 BD 20490605",16000,USD,16,4.7353,122.988299,25/09/2026,02:58:20 PM,ESTRUCTURADA,PRIMERA PARTE,ROTC,28/09/2026,CONFIRMADA,3363177,0,05/06/2019,05/06/2049,4.05,MINISTERIO DE HACIENDA,HACIENDA,63133
USP3579ECE51,BSRD2049,"DOMINICAN, REP /6.4 BD 20490605",16000,USD,16,4.7394,122.876812,25/09/2026,02:58:18 PM,PRESTAMO,SEGUNDA PARTE,ROTC,28/10/2026,CONFIRMADA,3363178,0,05/06/2019,05/06/2049,1.938114,MINISTERIO DE HACIENDA,HACIENDA,60907
USP3579ECE51,BSRD2049,"DOMINICAN, REP /6.4 BD 20490605",16000,USD,16,4.7353,122.988299,25/09/2026,02:58:18 PM,PRESTAMO,PRIMERA PARTE,ROTC,28/09/2026,CONFIRMADA,3363178,0,05/06/2019,05/06/2049,1.938114,MINISTERIO DE HACIENDA,HACIENDA,61082
DO1005211227,MH32029,HACIENDA/12.75 BOEST 20290923 GTIA,85100000,DOP,851,8.2856,111.039789,25/09/2026,02:58:02 PM,PRESTAMO,SEGUNDA PARTE,ROTC,24/11/2026,CONFIRMADA,3363203,0,23/09/2022,23/09/2029,8.45,MINISTERIO DE HACIENDA,HACIENDA,62314
DO1005211227,MH32029,HACIENDA/12.75 BOEST 20290923 GTIA,85100000,DOP,851,8.3068,111.563509,25/09/2026,02:58:02 PM,PRESTAMO,PRIMERA PARTE,ROTC,25/09/2026,CONFIRMADA,3363203,0,23/09/2022,23/09/2029,8.45,MINISTERIO DE HACIENDA,HACIENDA,62349
DO1005211227,MH32029,HACIENDA/12.75 BOEST 20290923 GTIA,85100000,DOP,851,8.2856,111.039789,25/09/2026,02:58:01 PM,ESTRUCTURADA,SEGUNDA PARTE,ROTC,24/11/2026,CONFIRMADA,3363197,0,23/09/2022,23/09/2029,8.45,MINISTERIO DE HACIENDA,HACIENDA,64407
DO1005211227,MH32029,HACIENDA/12.75 BOEST 20290923 GTIA,85100000,DOP,851,8.3068,111.563509,25/09/2026,02:58:01 PM,ESTRUCTURADA,PRIMERA PARTE,ROTC,25/09/2026,CONFIRMADA,3363197,0,23/09/2022,23/09/2029,8.45,MINISTERIO DE HACIENDA,HACIENDA,64442
DO1005206516,MH32028,HACIENDA/10.75 BOEST 20280811 GTIA,1000000,DOP,10,12.08183,98.192827,25/09/2026,02:57:38 PM,ESTRUCTURADA,SEGUNDA PARTE,ROTC,02/02/2027,CONFIRMADA,3363187,0,10/08/2018,11/08/2028,10.75,MINISTERIO DE HACIENDA,HACIENDA,63917
DO1005206516,MH32028,HACIENDA/10.75 BOEST 20280811 GTIA,1000000,DOP,10,11.55662,98.645205,25/09/2026,02:57:38 PM,ESTRUCTURADA,PRIMERA PARTE,ROTC,25/09/2026,CONFIRMADA,3363187,0,10/08/2018,11/08/2028,10.75,MINISTERIO DE HACIENDA,HACIENDA,64029
DO1005211227,MH32029,HACIENDA/12.75 BOEST 20290923 GTIA,94100000,DOP,941,8.3047,110.989135,25/09/2026,02:57:21 PM,PRESTAMO,SEGUNDA PARTE,ROTC,24/11/2026,CONFIRMADA,3363202,0,23/09/2022,23/09/2029,8.45,MINISTERIO DE HACIENDA,HACIENDA,62251
DO1005211227,MH32029,HACIENDA/12.75 BOEST 20290923 GTIA,94100000,DOP,941,8.3246,111.513559,25/09/2026,02:57:21 PM,PRESTAMO,PRIMERA PARTE,ROTC,25/09/2026,CONFIRMADA,3363202,0,23/09/2022,23/09/2029,8.45,MINISTERIO DE HACIENDA,HACIENDA,62335
DO1005211227,MH32029,HACIENDA/12.75 BOEST 20290923 GTIA,94100000,DOP,941,8.3047,110.989135,25/09/2026,02:57:19 PM,ESTRUCTURADA,SEGUNDA PARTE,ROTC,24/11/2026,CONFIRMADA,3363196,0,23/09/2022,23/09/2029,8.45,MINISTERIO DE HACIENDA,HACIENDA,64400
DO1005211227,MH32029,HACIENDA/12.75 BOEST 20290923 GTIA,94100000,DOP,941,8.3246,111.513559,25/09/2026,02:57:19 PM,ESTRUCTURADA,PRIMERA PARTE,ROTC,25/09/2026,CONFIRMADA,3363196,0,23/09/2022,23/09/2029,8.45,MINISTERIO DE HACIENDA,HACIENDA,64484
DO1005208322,MHUS2040,HACIENDA/6.75 BOEST 20400724 GTIA,29000,USD,29,4.59417508,121.780791,25/09/2026,02:55:58 PM,PRESTAMO,SEGUNDA PARTE,ROTC,26/10/2026,CONFIRMADA,3363198,0,24/07/2020,24/07/2040,5.28,MINISTERIO DE HACIENDA,HACIENDA,62888
DO1005208322,MHUS2040,HACIENDA/6.75 BOEST 20400724 GTIA,29000,USD,29,4.600842,121.803043,25/09/2026,02:55:58 PM,PRESTAMO,PRIMERA PARTE,ROTC,25/09/2026,CONFIRMADA,3363198,0,24/07/2020,24/07/2040,5.28,MINISTERIO DE HACIENDA,HACIENDA,62097
DO1005208322,MHUS2040,HACIENDA/6.75 BOEST 20400724 GTIA,29000,USD,29,4.59417508,121.780791,25/09/2026,02:55:57 PM,ESTRUCTURADA,SEGUNDA PARTE,ROTC,26/10/2026,CONFIRMADA,3363195,0,24/07/2020,24/07/2040,5.28,MINISTERIO DE HACIENDA,HACIENDA,64981
DO1005208322,MHUS2040,HACIENDA/6.75 BOEST 20400724 GTIA,29000,USD,29,4.600842,121.803043,25/09/2026,02:55:57 PM,ESTRUCTURADA,PRIMERA PARTE,ROTC,25/09/2026,CONFIRMADA,3363195,0,24/07/2020,24/07/2040,5.28,MINISTERIO DE HACIENDA,HACIENDA,64190
DO2018100324,BC1AES03,AESTRELLA/11.25 BO 20301130,330019,DOP,330019,10.0565,103.622528,25/09/2026,02:55:39 PM,ESTRUCTURADA,SEGUNDA PARTE,ROTC,29/03/2027,CONFIRMADA,3363175,0,30/11/2020,30/11/2030,8.95,ACERO ESTRELLA S A,AESTRELLA,62405
DO2018100324,BC1AES03,AESTRELLA/11.25 BO 20301130,330019,DOP,330019,11.5223,99.098168,25/09/2026,02:55:39 PM,ESTRUCTURADA,PRIMERA PARTE,ROTC,28/09/2026,CONFIRMADA,3363175,0,30/11/2020,30/11/2030,8.95,ACERO ESTRELLA S A,AESTRELLA,62286
DO2018100324,BC1AES03,AESTRELLA/11.25 BO 20301130,330019,DOP,330019,10.0565,103.622528,25/09/2026,02:55:38 PM,PRESTAMO,SEGUNDA PARTE,ROTC,29/03/2027,CONFIRMADA,3363176,0,30/11/2020,30/11/2030,5.184065,ACERO ESTRELLA S A,AESTRELLA,60298
DO2018100324,BC1AES03,AESTRELLA/11.25 BO 20301130,330019,DOP,330019,11.5223,99.098168,25/09/2026,02:55:38 PM,PRESTAMO,PRIMERA PARTE,ROTC,28/09/2026,CONFIRMADA,3363176,0,30/11/2020,30/11/2030,5.184065,ACERO ESTRELLA S A,AESTRELLA,60179
DO1005206516,MH32028,HACIENDA/10.75 BOEST 20280811 GTIA,7200000,DOP,72,6.67143,105.802478,25/09/2026,02:54:41 PM,PRESTAMO,SEGUNDA PARTE,ROTC,02/02/2027,CONFIRMADA,3363186,0,10/08/2018,11/08/2028,10.75,MINISTERIO DE HACIENDA,HACIENDA,61817
DO1005206516,MH32028,HACIENDA/10.75 BOEST 20280811 GTIA,7200000,DOP,72,7.25869,106.006317,25/09/2026,02:54:41 PM,PRESTAMO,PRIMERA PARTE,ROTC,25/09/2026,CONFIRMADA,3363186,0,10/08/2018,11/08/2028,10.75,MINISTERIO DE HACIENDA,HACIENDA,61950
DO1005206516,MH32028,HACIENDA/10.75 BOEST 20280811 GTIA,7200000,DOP,72,6.67143,105.802478,25/09/2026,02:53:42 PM,ESTRUCTURADA,SEGUNDA PARTE,ROTC,02/02/2027,CONFIRMADA,3363185,0,10/08/2018,11/08/2028,10.75,MINISTERIO DE HACIENDA,HACIENDA,63917
DO1005206516,MH32028,HACIENDA/10.75 BOEST 20280811 GTIA,7200000,DOP,72,7.25869,106.006317,25/09/2026,02:53:42 PM,ESTRUCTURADA,PRIMERA PARTE,ROTC,25/09/2026,CONFIRMADA,3363185,0,10/08/2018,11/08/2028,10.75,MINISTERIO DE HACIENDA,HACIENDA,64050
DO2018100324,BC1AES03,AESTRELLA/11.25 BO 20301130,872989,DOP,872989,11.5927,98.885874,25/09/2026,02:51:45 PM,ESTRUCTURADA,SEGUNDA PARTE,ROTC,28/10/2026,CONFIRMADA,3363172,0,30/11/2020,30/11/2030,8.55,ACERO ESTRELLA S A,AESTRELLA,62622
DO2018100324,BC1AES03,AESTRELLA/11.25 BO 20301130,872989,DOP,872989,11.5223,99.098089,25/09/2026,02:51:45 PM,ESTRUCTURADA,PRIMERA PARTE,ROTC,28/09/2026,CONFIRMADA,3363172,0,30/11/2020,30/11/2030,8.55,ACERO ESTRELLA S A,AESTRELLA,62629
DO2018100324,BC1AES03,AESTRELLA/11.25 BO 20301130,872989,DOP,872989,11.5927,98.885874,25/09/2026,02:51:44 PM,PRESTAMO,SEGUNDA PARTE,ROTC,28/10/2026,CONFIRMADA,3363173,0,30/11/2020,30/11/2030,1.595044,ACERO ESTRELLA S A,AESTRELLA,60515
DO2018100324,BC1AES03,AESTRELLA/11.25 BO 20301130,872989,DOP,872989,11.5223,99.098089,25/09/2026,02:51:44 PM,PRESTAMO,PRIMERA PARTE,ROTC,28/09/2026,CONFIRMADA,3363173,0,30/11/2020,30/11/2030,1.595044,ACERO ESTRELLA S A,AESTRELLA,60522
USP3579ECH82,BSRD2032,"DOMINICAN, REP /4.875 BD 20320923",301000,USD,301,2.23241,113.527749,25/09/2026,02:50:38 PM,PRESTAMO,SEGUNDA PARTE,ROTC,05/04/2027,CONFIRMADA,3363184,0,23/09/2020,23/09/2032,4.875,MINISTERIO DE HACIENDA,HACIENDA,62475
USP3579ECH82,BSRD2032,"DOMINICAN, REP /4.875 BD 20320923",301000,USD,301,2.86503,110.998565,25/09/2026,02:50:38 PM,PRESTAMO,PRIMERA PARTE,ROTC,25/09/2026,CONFIRMADA,3363184,0,23/09/2020,23/09/2032,4.875,MINISTERIO DE HACIENDA,HACIENDA,62685
USP3579ECH82,BSRD2032,"DOMINICAN, REP /4.875 BD 20320923",301000,USD,301,2.23241,113.527749,25/09/2026,02:49:41 PM,ESTRUCTURADA,SEGUNDA PARTE,ROTC,05/04/2027,CONFIRMADA,3363183,0,23/09/2020,23/09/2032,4.875,MINISTERIO DE HACIENDA,HACIENDA,64589
USP3579ECH82,BSRD2032,"DOMINICAN, REP /4.875 BD 20320923",301000,USD,301,2.86503,110.998565,25/09/2026,02:49:41 PM,ESTRUCTURADA,PRIMERA PARTE,ROTC,25/09/2026,CONFIRMADA,3363183,0,23/09/2020,23/09/2032,4.875,MINISTERIO DE HACIENDA,HACIENDA,64799
DO1005208322,MHUS2040,HACIENDA/6.75 BOEST 20400724 GTIA,1979000,USD,1979,3.9005,130.23,25/09/2026,02:49:04 PM,CONTADO,PRIMERA PARTE,ROTC,25/09/2026,CONFIRMADA,3363191,0,24/07/2020,24/07/2040,0,MINISTERIO DE HACIENDA,HACIENDA,60760
USP3579ECH82,BSRD2032,"DOMINICAN, REP /4.875 BD 20320923",25000,USD,25,4.28403,102.901227,25/09/2026,02:46:49 PM,PRESTAMO,SEGUNDA PARTE,ROTC,25/02/2027,CONFIRMADA,3363148,0,23/09/2020,23/09/2032,4.875,MINISTERIO DE HACIENDA,HACIENDA,61838
USP3579ECH82,BSRD2032,"DOMINICAN, REP /4.875 BD 20320923",25000,USD,25,4.36926,102.64168,25/09/2026,02:46:49 PM,PRESTAMO,PRIMERA PARTE,ROTC,25/09/2026,CONFIRMADA,3363148,0,23/09/2020,23/09/2032,4.875,MINISTERIO DE HACIENDA,HACIENDA,61698
USP3579ECH82,BSRD2032,"DOMINICAN, REP /4.875 BD 20320923",25000,USD,25,4.28403,102.901227,25/09/2026,02:46:11 PM,ESTRUCTURADA,SEGUNDA PARTE,ROTC,25/02/2027,CONFIRMADA,3363147,0,23/09/2020,23/09/2032,4.875,MINISTERIO DE HACIENDA,HACIENDA,63861
USP3579ECH82,BSRD2032,"DOMINICAN, REP /4.875 BD 20320923",25000,USD,25,4.36926,102.64168,25/09/2026,02:46:11 PM,ESTRUCTURADA,PRIMERA PARTE,ROTC,25/09/2026,CONFIRMADA,3363147,0,23/09/2020,23/09/2032,4.875,MINISTERIO DE HACIENDA,HACIENDA,63721
DO1005206516,MH32028,HACIENDA/10.75 BOEST 20280811 GTIA,27800000,DOP,278,2.00379,111.882992,25/09/2026,02:45:59 PM,PRESTAMO,SEGUNDA PARTE,ROTC,25/03/2027,CONFIRMADA,3363146,0,10/08/2018,11/08/2028,10.75,MINISTERIO DE HACIENDA,HACIENDA,62706
DO1005206516,MH32028,HACIENDA/10.75 BOEST 20280811 GTIA,27800000,DOP,278,6.95205,106.558875,25/09/2026,02:45:59 PM,PRESTAMO,PRIMERA PARTE,ROTC,25/09/2026,CONFIRMADA,3363146,0,10/08/2018,11/08/2028,10.75,MINISTERIO DE HACIENDA,HACIENDA,62874
DO1005206516,MH32028,HACIENDA/10.75 BOEST 20280811 GTIA,27800000,DOP,278,2.00379,111.882992,25/09/2026,02:45:24 PM,ESTRUCTURADA,SEGUNDA PARTE,ROTC,25/03/2027,CONFIRMADA,3363145,0,10/08/2018,11/08/2028,10.75,MINISTERIO DE HACIENDA,HACIENDA,64750
DO1005206516,MH32028,HACIENDA/10.75 BOEST 20280811 GTIA,27800000,DOP,278,6.95205,106.558875,25/09/2026,02:45:24 PM,ESTRUCTURADA,PRIMERA PARTE,ROTC,25/09/2026,CONFIRMADA,3363145,0,10/08/2018,11/08/2028,10.75,MINISTERIO DE HACIENDA,HACIENDA,64918
DO1005206516,MH32028,HACIENDA/10.75 BOEST 20280811 GTIA,1200000,DOP,12,8.9428,102.139846,25/09/2026,02:43:19 PM,PRESTAMO,SEGUNDA PARTE,ROTC,26/04/2027,CONFIRMADA,3363144,0,10/08/2018,11/08/2028,10.75,MINISTERIO DE HACIENDA,HACIENDA,61495
DO1005206516,MH32028,HACIENDA/10.75 BOEST 20280811 GTIA,1200000,DOP,12,11.55662,98.645205,25/09/2026,02:43:19 PM,PRESTAMO,PRIMERA PARTE,ROTC,25/09/2026,CONFIRMADA,3363144,0,10/08/2018,11/08/2028,10.75,MINISTERIO DE HACIENDA,HACIENDA,61915
DO1005206516,MH32028,HACIENDA/10.75 BOEST 20280811 GTIA,1200000,DOP,12,8.9428,102.139846,25/09/2026,02:42:36 PM,ESTRUCTURADA,SEGUNDA PARTE,ROTC,26/04/2027,CONFIRMADA,3363143,0,10/08/2018,11/08/2028,10.75,MINISTERIO DE HACIENDA,HACIENDA,63581
DO1005206516,MH32028,HACIENDA/10.75 BOEST 20280811 GTIA,1200000,DOP,12,11.55662,98.645205,25/09/2026,02:42:36 PM,ESTRUCTURADA,PRIMERA PARTE,ROTC,25/09/2026,CONFIRMADA,3363143,0,10/08/2018,11/08/2028,10.75,MINISTERIO DE HACIENDA,HACIENDA,64001
DO1002261423,NO301129,BCENTRAL/9.5 BOEST 20291130 GTIA,41500000,DOP,4150,9.74999991,99.306326,25/09/2026,02:42:27 PM,CONTADO,PRIMERA PARTE,ROTC,28/09/2026,CONFIRMADA,3363169,0,30/11/2025,30/11/2029,0,BANCO CENTRAL DE LA REPUBLICA DOMINICANA,BCENTRAL,63161
DO1002261423,NO301129,BCENTRAL/9.5 BOEST 20291130 GTIA,480000,DOP,48,9.22433462,100.617662,25/09/2026,02:42:25 PM,PRESTAMO,SEGUNDA PARTE,ROTC,24/03/2027,CONFIRMADA,3363174,0,30/11/2025,30/11/2029,8.05,BANCO CENTRAL DE LA REPUBLICA DOMINICANA,BCENTRAL,62454
DO1002261423,NO301129,BCENTRAL/9.5 BOEST 20291130 GTIA,480000,DOP,48,9.07742586,101.120471,25/09/2026,02:42:25 PM,PRESTAMO,PRIMERA PARTE,ROTC,25/09/2026,CONFIRMADA,3363174,0,30/11/2025,30/11/2029,8.05,BANCO CENTRAL DE LA REPUBLICA DOMINICANA,BCENTRAL,62566
DO1002261423,NO301129,BCENTRAL/9.5 BOEST 20291130 GTIA,480000,DOP,48,9.22433462,100.617662,25/09/2026,02:42:24 PM,ESTRUCTURADA,SEGUNDA PARTE,ROTC,24/03/2027,CONFIRMADA,3363170,0,30/11/2025,30/11/2029,8.05,BANCO CENTRAL DE LA REPUBLICA DOMINICANA,BCENTRAL,64547
DO1002261423,NO301129,BCENTRAL/9.5 BOEST 20291130 GTIA,480000,DOP,48,9.07742586,101.120471,25/09/2026,02:42:24 PM,ESTRUCTURADA,PRIMERA PARTE,ROTC,25/09/2026,CONFIRMADA,3363170,0,30/11/2025,30/11/2029,8.05,BANCO CENTRAL DE LA REPUBLICA DOMINICANA,BCENTRAL,64659
DO1005206516,MH32028,HACIENDA/10.75 BOEST 20280811 GTIA,4700000,DOP,47,3.0105,110.455205,25/09/2026,02:40:05 PM,PRESTAMO,SEGUNDA PARTE,ROTC,23/03/2027,CONFIRMADA,3363142,0,10/08/2018,11/08/2028,10.75,MINISTERIO DE HACIENDA,HACIENDA,61292
DO1005206516,MH32028,HACIENDA/10.75 BOEST 20280811 GTIA,4700000,DOP,47,7.62716,105.347333,25/09/2026,02:40:05 PM,PRESTAMO,PRIMERA PARTE,ROTC,25/09/2026,CONFIRMADA,3363142,0,10/08/2018,11/08/2028,10.75,MINISTERIO DE HACIENDA,HACIENDA,61922
DO2018100324,BC1AES03,AESTRELLA/11.25 BO 20301130,578010,DOP,578010,11.5927,98.88582,25/09/2026,02:39:31 PM,ESTRUCTURADA,SEGUNDA PARTE,ROTC,28/10/2026,CONFIRMADA,3363121,0,30/11/2020,30/11/2030,8.55,ACERO ESTRELLA S A,AESTRELLA,61922
DO2018100324,BC1AES03,AESTRELLA/11.25 BO 20301130,578010,DOP,578010,11.5224,99.098035,25/09/2026,02:39:31 PM,ESTRUCTURADA,PRIMERA PARTE,ROTC,28/09/2026,CONFIRMADA,3363121,0,30/11/2020,30/11/2030,8.55,ACERO ESTRELLA S A,AESTRELLA,62272
DO2018100324,BC1AES03,AESTRELLA/11.25 BO 20301130,578010,DOP,578010,11.5927,98.88582,25/09/2026,02:39:30 PM,PRESTAMO,SEGUNDA PARTE,ROTC,28/10/2026,CONFIRMADA,3363122,0,30/11/2020,30/11/2030,1.595044,ACERO ESTRELLA S A,AESTRELLA,59815
DO2018100324,BC1AES03,AESTRELLA/11.25 BO 20301130,578010,DOP,578010,11.5224,99.098035,25/09/2026,02:39:30 PM,PRESTAMO,PRIMERA PARTE,ROTC,28/09/2026,CONFIRMADA,3363122,0,30/11/2020,30/11/2030,1.595044,ACERO ESTRELLA S A,AESTRELLA,60165
DO1005206516,MH32028,HACIENDA/10.75 BOEST 20280811 GTIA,4700000,DOP,47,3.0105,110.455205,25/09/2026,02:38:31 PM,ESTRUCTURADA,SEGUNDA PARTE,ROTC,23/03/2027,CONFIRMADA,3363141,0,10/08/2018,11/08/2028,10.75,MINISTERIO DE HACIENDA,HACIENDA,63434
DO1005206516,MH32028,HACIENDA/10.75 BOEST 20280811 GTIA,4700000,DOP,47,7.62716,105.347333,25/09/2026,02:38:31 PM,ESTRUCTURADA,PRIMERA PARTE,ROTC,25/09/2026,CONFIRMADA,3363141,0,10/08/2018,11/08/2028,10.75,MINISTERIO DE HACIENDA,HACIENDA,64064
USP3579ECH82,BSRD2032,"DOMINICAN, REP /4.875 BD 20320923",750000,USD,750,6.17039521,93.589998,25/09/2026,02:38:21 PM,CONTADO,PRIMERA PARTE,ROTC,25/09/2026,CONFIRMADA,3363167,0,23/09/2020,23/09/2032,0,MINISTERIO DE HACIENDA,HACIENDA,62944
USP3579ECG00,BSRD2060,DOMINICAN REP/5.875 BD 20600130 U,1545000,USD,1545,7.11086672,84.3,25/09/2026,02:38:20 PM,CONTADO,PRIMERA PARTE,ROTC,25/09/2026,CONFIRMADA,3363166,0,30/01/2020,30/01/2060,0,MINISTERIO DE HACIENDA,HACIENDA,61845
DO2018100324,BC1AES03,AESTRELLA/11.25 BO 20301130,1902675,DOP,1902675,10.8954,101.08109,25/09/2026,02:36:02 PM,PRESTAMO,SEGUNDA PARTE,ROTC,25/02/2027,CONFIRMADA,3363120,0,30/11/2020,30/11/2030,4.495232,ACERO ESTRELLA S A,AESTRELLA,60732
DO2018100324,BC1AES03,AESTRELLA/11.25 BO 20301130,1902675,DOP,1902675,11.5223,99.098227,25/09/2026,02:36:02 PM,PRESTAMO,PRIMERA PARTE,ROTC,28/09/2026,CONFIRMADA,3363120,0,30/11/2020,30/11/2030,4.495232,ACERO ESTRELLA S A,AESTRELLA,60949
DO2018100324,BC1AES03,AESTRELLA/11.25 BO 20301130,1902675,DOP,1902675,10.8954,101.08109,25/09/2026,02:36:01 PM,ESTRUCTURADA,SEGUNDA PARTE,ROTC,25/02/2027,CONFIRMADA,3363119,0,30/11/2020,30/11/2030,9.05,ACERO ESTRELLA S A,AESTRELLA,62825
DO2018100324,BC1AES03,AESTRELLA/11.25 BO 20301130,1902675,DOP,1902675,11.5223,99.098227,25/09/2026,02:36:01 PM,ESTRUCTURADA,PRIMERA PARTE,ROTC,28/09/2026,CONFIRMADA,3363119,0,30/11/2020,30/11/2030,9.05,ACERO ESTRELLA S A,AESTRELLA,63042
DO1005204412,MH12029,HACIENDA/11.375 BOEST 20290706 GTIA,136200000,DOP,1362,8.02947694,106.816536,25/09/2026,02:35:33 PM,PRESTAMO,SEGUNDA PARTE,ROTC,24/03/2027,CONFIRMADA,3363168,0,06/07/2014,06/07/2029,8.75,MINISTERIO DE HACIENDA,HACIENDA,64743
DO1005204412,MH12029,HACIENDA/11.375 BOEST 20290706 GTIA,136200000,DOP,1362,8.23938763,107.607844,25/09/2026,02:35:33 PM,PRESTAMO,PRIMERA PARTE,ROTC,25/09/2026,CONFIRMADA,3363168,0,06/07/2014,06/07/2029,8.75,MINISTERIO DE HACIENDA,HACIENDA,64855
DO1005204412,MH12029,HACIENDA/11.375 BOEST 20290706 GTIA,136200000,DOP,1362,8.02947694,106.816536,25/09/2026,02:35:31 PM,ESTRUCTURADA,SEGUNDA PARTE,ROTC,24/03/2027,CONFIRMADA,3363165,0,06/07/2014,06/07/2029,8.75,MINISTERIO DE HACIENDA,HACIENDA,66829
DO1005204412,MH12029,HACIENDA/11.375 BOEST 20290706 GTIA,136200000,DOP,1362,8.23938763,107.607844,25/09/2026,02:35:31 PM,ESTRUCTURADA,PRIMERA PARTE,ROTC,25/09/2026,CONFIRMADA,3363165,0,06/07/2014,06/07/2029,8.75,MINISTERIO DE HACIENDA,HACIENDA,66941
DO1005206516,MH32028,HACIENDA/10.75 BOEST 20280811 GTIA,1900000,DOP,19,4.37816,108.939718,25/09/2026,02:34:44 PM,PRESTAMO,SEGUNDA PARTE,ROTC,24/02/2027,CONFIRMADA,3363098,0,10/08/2018,11/08/2028,10.75,MINISTERIO DE HACIENDA,HACIENDA,61957
DO1005206516,MH32028,HACIENDA/10.75 BOEST 20280811 GTIA,1900000,DOP,19,8.44246,103.908364,25/09/2026,02:34:44 PM,PRESTAMO,PRIMERA PARTE,ROTC,25/09/2026,CONFIRMADA,3363098,0,10/08/2018,11/08/2028,10.75,MINISTERIO DE HACIENDA,HACIENDA,61978
DO1005206516,MH32028,HACIENDA/10.75 BOEST 20280811 GTIA,1900000,DOP,19,4.37816,108.939718,25/09/2026,02:33:57 PM,ESTRUCTURADA,SEGUNDA PARTE,ROTC,24/02/2027,CONFIRMADA,3363097,0,10/08/2018,11/08/2028,10.75,MINISTERIO DE HACIENDA,HACIENDA,64078
DO1005206516,MH32028,HACIENDA/10.75 BOEST 20280811 GTIA,1900000,DOP,19,8.44246,103.908364,25/09/2026,02:33:57 PM,ESTRUCTURADA,PRIMERA PARTE,ROTC,25/09/2026,CONFIRMADA,3363097,0,10/08/2018,11/08/2028,10.75,MINISTERIO DE HACIENDA,HACIENDA,64099
DO1005213025,MH22031,HACIENDA/10.25 BOEST 20310209 GTIA,14000000,DOP,140,8.5612,105.844101,25/09/2026,02:32:56 PM,PRESTAMO,SEGUNDA PARTE,ROTC,26/11/2026,CONFIRMADA,3363164,0,09/02/2024,09/02/2031,2.830048,MINISTERIO DE HACIENDA,HACIENDA,61866
DO1005213025,MH22031,HACIENDA/10.25 BOEST 20310209 GTIA,14000000,DOP,140,8.6244,105.822994,25/09/2026,02:32:56 PM,PRESTAMO,PRIMERA PARTE,ROTC,25/09/2026,CONFIRMADA,3363164,0,09/02/2024,09/02/2031,2.830048,MINISTERIO DE HACIENDA,HACIENDA,62097
DO1005213025,MH22031,HACIENDA/10.25 BOEST 20310209 GTIA,14000000,DOP,140,8.5612,105.844101,25/09/2026,02:32:55 PM,ESTRUCTURADA,SEGUNDA PARTE,ROTC,26/11/2026,CONFIRMADA,3363163,0,09/02/2024,09/02/2031,9.55,MINISTERIO DE HACIENDA,HACIENDA,63959
DO1005213025,MH22031,HACIENDA/10.25 BOEST 20310209 GTIA,14000000,DOP,140,8.6244,105.822994,25/09/2026,02:32:55 PM,ESTRUCTURADA,PRIMERA PARTE,ROTC,25/09/2026,CONFIRMADA,3363163,0,09/02/2024,09/02/2031,9.55,MINISTERIO DE HACIENDA,HACIENDA,64190
USP3579ECV76,BSDR2036, ,36600000,DOP,732,9.15878001,110.046325,25/09/2026,02:32:54 PM,CONTADO,PRIMERA PARTE,ROTC,25/09/2026,CONFIRMADA,3362620,0,01/07/2024,01/06/2036,0,MINISTERIO DE HACIENDA,HACIENDA,50687
DO2018100324,BC1AES03,AESTRELLA/11.25 BO 20301130,928764,DOP,928764,10.0565,103.622438,25/09/2026,02:32:12 PM,ESTRUCTURADA,SEGUNDA PARTE,ROTC,29/03/2027,CONFIRMADA,3363114,0,30/11/2020,30/11/2030,8.95,ACERO ESTRELLA S A,AESTRELLA,62587
DO2018100324,BC1AES03,AESTRELLA/11.25 BO 20301130,928764,DOP,928764,11.5223,99.098081,25/09/2026,02:32:12 PM,ESTRUCTURADA,PRIMERA PARTE,ROTC,28/09/2026,CONFIRMADA,3363114,0,30/11/2020,30/11/2030,8.95,ACERO ESTRELLA S A,AESTRELLA,62426
DO2018100324,BC1AES03,AESTRELLA/11.25 BO 20301130,928764,DOP,928764,10.0565,103.622438,25/09/2026,02:32:11 PM,PRESTAMO,SEGUNDA PARTE,ROTC,29/03/2027,CONFIRMADA,3363115,0,30/11/2020,30/11/2030,5.184066,ACERO ESTRELLA S A,AESTRELLA,60480
DO2018100324,BC1AES03,AESTRELLA/11.25 BO 20301130,928764,DOP,928764,11.5223,99.098081,25/09/2026,02:32:11 PM,PRESTAMO,PRIMERA PARTE,ROTC,28/09/2026,CONFIRMADA,3363115,0,30/11/2020,30/11/2030,5.184066,ACERO ESTRELLA S A,AESTRELLA,60319
DO2016300223,BC1GUL02,GULFSTREAM/11.15 BO 20290624,178225,DOP,178225,11.2898,99.673632,25/09/2026,02:29:55 PM,ESTRUCTURADA,SEGUNDA PARTE,ROTC,28/10/2026,CONFIRMADA,3363112,0,24/06/2019,24/06/2029,8.55,GULFSTREAM PETROLEUM DOMINICANA S DE RL,GULFSTREAM,63189
DO2016300223,BC1GUL02,GULFSTREAM/11.15 BO 20290624,178225,DOP,178225,11.2018,99.877573,25/09/2026,02:29:55 PM,ESTRUCTURADA,PRIMERA PARTE,ROTC,28/09/2026,CONFIRMADA,3363112,0,24/06/2019,24/06/2029,8.55,GULFSTREAM PETROLEUM DOMINICANA S DE RL,GULFSTREAM,63266
DO2016300223,BC1GUL02,GULFSTREAM/11.15 BO 20290624,178225,DOP,178225,11.2898,99.673632,25/09/2026,02:29:54 PM,PRESTAMO,SEGUNDA PARTE,ROTC,28/10/2026,CONFIRMADA,3363113,0,24/06/2019,24/06/2029,0.828786,GULFSTREAM PETROLEUM DOMINICANA S DE RL,GULFSTREAM,61082
DO2016300223,BC1GUL02,GULFSTREAM/11.15 BO 20290624,178225,DOP,178225,11.2018,99.877573,25/09/2026,02:29:54 PM,PRESTAMO,PRIMERA PARTE,ROTC,28/09/2026,CONFIRMADA,3363113,0,24/06/2019,24/06/2029,0.828786,GULFSTREAM PETROLEUM DOMINICANA S DE RL,GULFSTREAM,61159
DO1005206516,MH32028,HACIENDA/10.75 BOEST 20280811 GTIA,1400000,DOP,14,3.00711,110.175673,25/09/2026,02:27:40 PM,PRESTAMO,SEGUNDA PARTE,ROTC,06/04/2027,CONFIRMADA,3363013,0,10/08/2018,11/08/2028,10.75,MINISTERIO DE HACIENDA,HACIENDA,61663
DO1005206516,MH32028,HACIENDA/10.75 BOEST 20280811 GTIA,1400000,DOP,14,7.38039,105.788063,25/09/2026,02:27:40 PM,PRESTAMO,PRIMERA PARTE,ROTC,25/09/2026,CONFIRMADA,3363013,0,10/08/2018,11/08/2028,10.75,MINISTERIO DE HACIENDA,HACIENDA,61936
DO1005206516,MH32028,HACIENDA/10.75 BOEST 20280811 GTIA,10000000,DOP,100,3.68036,110.00464,25/09/2026,02:26:52 PM,PRESTAMO,SEGUNDA PARTE,ROTC,23/02/2027,CONFIRMADA,3363150,0,10/08/2018,11/08/2028,10.75,MINISTERIO DE HACIENDA,HACIENDA,61929
DO1005206516,MH32028,HACIENDA/10.75 BOEST 20280811 GTIA,10000000,DOP,100,7.86138,104.931262,25/09/2026,02:26:52 PM,PRESTAMO,PRIMERA PARTE,ROTC,25/09/2026,CONFIRMADA,3363150,0,10/08/2018,11/08/2028,10.75,MINISTERIO DE HACIENDA,HACIENDA,62517
DO1005205716,MHUS2027,HACIENDA/6 BOEST 20270305 GTIA,218000,USD,218,4.5,102.685633,25/09/2026,02:26:45 PM,PRESTAMO,SEGUNDA PARTE,ROTC,09/02/2027,CONFIRMADA,3363161,0,05/09/2016,05/03/2027,0.02,MINISTERIO DE HACIENDA,HACIENDA,59920
DO1005205716,MHUS2027,HACIENDA/6 BOEST 20270305 GTIA,218000,USD,218,4.5,102.685633,25/09/2026,02:26:45 PM,PRESTAMO,PRIMERA PARTE,ROTC,28/09/2026,CONFIRMADA,3363161,0,05/09/2016,05/03/2027,0.02,MINISTERIO DE HACIENDA,HACIENDA,60032
DO1005205716,MHUS2027,HACIENDA/6 BOEST 20270305 GTIA,218000,USD,218,-24.590451,102.201538,25/09/2026,02:26:41 PM,PLAZO,PRIMERA PARTE,ROTC,09/02/2027,CONFIRMADA,3363160,0,05/09/2016,05/03/2027,0,MINISTERIO DE HACIENDA,HACIENDA,60746
DO1005206516,MH32028,HACIENDA/10.75 BOEST 20280811 GTIA,1400000,DOP,14,3.00711,110.175673,25/09/2026,02:26:36 PM,ESTRUCTURADA,SEGUNDA PARTE,ROTC,06/04/2027,CONFIRMADA,3363012,0,10/08/2018,11/08/2028,10.75,MINISTERIO DE HACIENDA,HACIENDA,63791
DO1005206516,MH32028,HACIENDA/10.75 BOEST 20280811 GTIA,1400000,DOP,14,7.38039,105.788063,25/09/2026,02:26:36 PM,ESTRUCTURADA,PRIMERA PARTE,ROTC,25/09/2026,CONFIRMADA,3363012,0,10/08/2018,11/08/2028,10.75,MINISTERIO DE HACIENDA,HACIENDA,64064
DO1005205716,MHUS2027,HACIENDA/6 BOEST 20270305 GTIA,218000,USD,218,-0.196443,102.685633,25/09/2026,02:26:36 PM,CONTADO,PRIMERA PARTE,ROTC,28/09/2026,CONFIRMADA,3363159,0,05/09/2016,05/03/2027,0,MINISTERIO DE HACIENDA,HACIENDA,61460
DO1002224124,NO120327,BCENTRAL/8 BOEST 20270312 GTIA,1740000,DOP,174,8.45,99.383191,25/09/2026,02:26:22 PM,PRESTAMO,SEGUNDA PARTE,ROTC,03/12/2026,CONFIRMADA,3363158,0,12/03/2022,12/03/2027,0.02,BANCO CENTRAL DE LA REPUBLICA DOMINICANA,BCENTRAL,59976
DO1002224124,NO120327,BCENTRAL/8 BOEST 20270312 GTIA,1740000,DOP,174,8.45,99.383191,25/09/2026,02:26:22 PM,PRESTAMO,PRIMERA PARTE,ROTC,28/09/2026,CONFIRMADA,3363158,0,12/03/2022,12/03/2027,0.02,BANCO CENTRAL DE LA REPUBLICA DOMINICANA,BCENTRAL,60130
DO1002224124,NO120327,BCENTRAL/8 BOEST 20270312 GTIA,1740000,DOP,174,9.935986,99.466059,25/09/2026,02:26:18 PM,PLAZO,PRIMERA PARTE,ROTC,03/12/2026,CONFIRMADA,3363157,0,12/03/2022,12/03/2027,0,BANCO CENTRAL DE LA REPUBLICA DOMINICANA,BCENTRAL,60074
DO1002224124,NO120327,BCENTRAL/8 BOEST 20270312 GTIA,1740000,DOP,174,9.397116,99.383191,25/09/2026,02:26:14 PM,CONTADO,PRIMERA PARTE,ROTC,28/09/2026,CONFIRMADA,3363156,0,12/03/2022,12/03/2027,0,BANCO CENTRAL DE LA REPUBLICA DOMINICANA,BCENTRAL,60921
DO1005206516,MH32028,HACIENDA/10.75 BOEST 20280811 GTIA,10000000,DOP,100,3.68036,110.00464,25/09/2026,02:25:47 PM,ESTRUCTURADA,SEGUNDA PARTE,ROTC,23/02/2027,CONFIRMADA,3363149,0,10/08/2018,11/08/2028,10.75,MINISTERIO DE HACIENDA,HACIENDA,64050
DO1005206516,MH32028,HACIENDA/10.75 BOEST 20280811 GTIA,10000000,DOP,100,7.86138,104.931262,25/09/2026,02:25:47 PM,ESTRUCTURADA,PRIMERA PARTE,ROTC,25/09/2026,CONFIRMADA,3363149,0,10/08/2018,11/08/2028,10.75,MINISTERIO DE HACIENDA,HACIENDA,64638
DO2018100324,BC1AES03,AESTRELLA/11.25 BO 20301130,684256,DOP,684256,11.6416,98.742263,25/09/2026,02:24:51 PM,ESTRUCTURADA,SEGUNDA PARTE,ROTC,12/11/2026,CONFIRMADA,3363110,0,30/11/2020,30/11/2030,8.25,ACERO ESTRELLA S A,AESTRELLA,62237
DO2018100324,BC1AES03,AESTRELLA/11.25 BO 20301130,684256,DOP,684256,11.5223,99.098083,25/09/2026,02:24:51 PM,ESTRUCTURADA,PRIMERA PARTE,ROTC,28/09/2026,CONFIRMADA,3363110,0,30/11/2020,30/11/2030,8.25,ACERO ESTRELLA S A,AESTRELLA,62398
DO2018100324,BC1AES03,AESTRELLA/11.25 BO 20301130,684256,DOP,684256,11.6416,98.742263,25/09/2026,02:24:50 PM,PRESTAMO,SEGUNDA PARTE,ROTC,12/11/2026,CONFIRMADA,3363111,0,30/11/2020,30/11/2030,1.905507,ACERO ESTRELLA S A,AESTRELLA,60130
DO2018100324,BC1AES03,AESTRELLA/11.25 BO 20301130,684256,DOP,684256,11.5223,99.098083,25/09/2026,02:24:50 PM,PRESTAMO,PRIMERA PARTE,ROTC,28/09/2026,CONFIRMADA,3363111,0,30/11/2020,30/11/2030,1.905507,ACERO ESTRELLA S A,AESTRELLA,60291
DO1002224124,NO120327,BCENTRAL/8 BOEST 20270312 GTIA,1080000,DOP,108,7.6,99.307386,25/09/2026,02:24:41 PM,PRESTAMO,SEGUNDA PARTE,ROTC,25/02/2027,CONFIRMADA,3363155,0,12/03/2022,12/03/2027,0.02,BANCO CENTRAL DE LA REPUBLICA DOMINICANA,BCENTRAL,59605
DO1002224124,NO120327,BCENTRAL/8 BOEST 20270312 GTIA,1080000,DOP,108,7.6,99.307386,25/09/2026,02:24:41 PM,PRESTAMO,PRIMERA PARTE,ROTC,28/09/2026,CONFIRMADA,3363155,0,12/03/2022,12/03/2027,0.02,BANCO CENTRAL DE LA REPUBLICA DOMINICANA,BCENTRAL,59731
DO1002224124,NO120327,BCENTRAL/8 BOEST 20270312 GTIA,1080000,DOP,108,29.831816,99.140095,25/09/2026,02:24:34 PM,PLAZO,PRIMERA PARTE,ROTC,25/02/2027,CONFIRMADA,3363154,0,12/03/2022,12/03/2027,0,BANCO CENTRAL DE LA REPUBLICA DOMINICANA,BCENTRAL,60214
DO1002224124,NO120327,BCENTRAL/8 BOEST 20270312 GTIA,1080000,DOP,108,9.571841,99.307386,25/09/2026,02:24:29 PM,CONTADO,PRIMERA PARTE,ROTC,28/09/2026,CONFIRMADA,3363153,0,12/03/2022,12/03/2027,0,BANCO CENTRAL DE LA REPUBLICA DOMINICANA,BCENTRAL,60914
DO1005205716,MHUS2027,HACIENDA/6 BOEST 20270305 GTIA,76000,USD,76,4.3,98.355447,25/09/2026,02:24:18 PM,PRESTAMO,SEGUNDA PARTE,ROTC,26/01/2027,CONFIRMADA,3363152,0,05/09/2016,05/03/2027,0.02,MINISTERIO DE HACIENDA,HACIENDA,58975
DO1005205716,MHUS2027,HACIENDA/6 BOEST 20270305 GTIA,76000,USD,76,4.3,98.355447,25/09/2026,02:24:18 PM,PRESTAMO,PRIMERA PARTE,ROTC,28/09/2026,CONFIRMADA,3363152,0,05/09/2016,05/03/2027,0.02,MINISTERIO DE HACIENDA,HACIENDA,59101
DO1005205716,MHUS2027,HACIENDA/6 BOEST 20270305 GTIA,76000,USD,76,28.424383,97.791443,25/09/2026,02:24:14 PM,PLAZO,PRIMERA PARTE,ROTC,26/01/2027,CONFIRMADA,3363151,0,05/09/2016,05/03/2027,0,MINISTERIO DE HACIENDA,HACIENDA,59605
DO1005205716,MHUS2027,HACIENDA/6 BOEST 20270305 GTIA,76000,USD,76,9.873657,98.355447,25/09/2026,02:24:10 PM,CONTADO,PRIMERA PARTE,ROTC,28/09/2026,CONFIRMADA,3363140,0,05/09/2016,05/03/2027,0,MINISTERIO DE HACIENDA,HACIENDA,60298
DO1002224124,NO120327,BCENTRAL/8 BOEST 20270312 GTIA,3760000,DOP,376,7.4,99.648152,25/09/2026,02:23:59 PM,PRESTAMO,SEGUNDA PARTE,ROTC,26/01/2027,CONFIRMADA,3363139,0,12/03/2022,12/03/2027,0.02,BANCO CENTRAL DE LA REPUBLICA DOMINICANA,BCENTRAL,59738
DO1002224124,NO120327,BCENTRAL/8 BOEST 20270312 GTIA,3760000,DOP,376,7.4,99.648152,25/09/2026,02:23:59 PM,PRESTAMO,PRIMERA PARTE,ROTC,28/09/2026,CONFIRMADA,3363139,0,12/03/2022,12/03/2027,0.02,BANCO CENTRAL DE LA REPUBLICA DOMINICANA,BCENTRAL,59864
DO1002224124,NO120327,BCENTRAL/8 BOEST 20270312 GTIA,3760000,DOP,376,12.353527,99.456261,25/09/2026,02:23:55 PM,PLAZO,PRIMERA PARTE,ROTC,26/01/2027,CONFIRMADA,3363138,0,12/03/2022,12/03/2027,0,BANCO CENTRAL DE LA REPUBLICA DOMINICANA,BCENTRAL,60291
DO1002224124,NO120327,BCENTRAL/8 BOEST 20270312 GTIA,3760000,DOP,376,8.788584,99.648152,25/09/2026,02:23:52 PM,CONTADO,PRIMERA PARTE,ROTC,28/09/2026,CONFIRMADA,3363137,0,12/03/2022,12/03/2027,0,BANCO CENTRAL DE LA REPUBLICA DOMINICANA,BCENTRAL,61061
DO1002224124,NO120327,BCENTRAL/8 BOEST 20270312 GTIA,4490000,DOP,449,8.7,99.869126,25/09/2026,02:23:40 PM,PRESTAMO,SEGUNDA PARTE,ROTC,29/12/2026,CONFIRMADA,3363136,0,12/03/2022,12/03/2027,0.02,BANCO CENTRAL DE LA REPUBLICA DOMINICANA,BCENTRAL,59780
DO1002224124,NO120327,BCENTRAL/8 BOEST 20270312 GTIA,4490000,DOP,449,8.7,99.869126,25/09/2026,02:23:40 PM,PRESTAMO,PRIMERA PARTE,ROTC,28/09/2026,CONFIRMADA,3363136,0,12/03/2022,12/03/2027,0.02,BANCO CENTRAL DE LA REPUBLICA DOMINICANA,BCENTRAL,59878
DO1002224124,NO120327,BCENTRAL/8 BOEST 20270312 GTIA,4490000,DOP,449,7.607361,100.059139,25/09/2026,02:23:36 PM,PLAZO,PRIMERA PARTE,ROTC,29/12/2026,CONFIRMADA,3363135,0,12/03/2022,12/03/2027,0,BANCO CENTRAL DE LA REPUBLICA DOMINICANA,BCENTRAL,60242
DO1002224124,NO120327,BCENTRAL/8 BOEST 20270312 GTIA,4490000,DOP,449,8.283655,99.869126,25/09/2026,02:23:29 PM,CONTADO,PRIMERA PARTE,ROTC,28/09/2026,CONFIRMADA,3363134,0,12/03/2022,12/03/2027,0,BANCO CENTRAL DE LA REPUBLICA DOMINICANA,BCENTRAL,61068
DO2016300124,BC1GUL01,GULFSTREAM/11.25 BO 20290528,114027,DOP,114027,11.73758791,99.066282,25/09/2026,02:22:06 PM,PRESTAMO,SEGUNDA PARTE,ROTC,24/03/2027,CONFIRMADA,3363132,0,28/05/2019,28/05/2029,9.15,GULFSTREAM PETROLEUM DOMINICANA S DE RL,GULFSTREAM,62349
DO2016300124,BC1GUL01,GULFSTREAM/11.25 BO 20290528,114027,DOP,114027,11.24637667,99.999756,25/09/2026,02:22:06 PM,PRESTAMO,PRIMERA PARTE,ROTC,25/09/2026,CONFIRMADA,3363132,0,28/05/2019,28/05/2029,9.15,GULFSTREAM PETROLEUM DOMINICANA S DE RL,GULFSTREAM,62559
DO2016300124,BC1GUL01,GULFSTREAM/11.25 BO 20290528,114027,DOP,114027,11.73758791,99.066282,25/09/2026,02:22:05 PM,ESTRUCTURADA,SEGUNDA PARTE,ROTC,24/03/2027,CONFIRMADA,3363131,0,28/05/2019,28/05/2029,9.15,GULFSTREAM PETROLEUM DOMINICANA S DE RL,GULFSTREAM,64442
DO2016300124,BC1GUL01,GULFSTREAM/11.25 BO 20290528,114027,DOP,114027,11.24637667,99.999756,25/09/2026,02:22:05 PM,ESTRUCTURADA,PRIMERA PARTE,ROTC,25/09/2026,CONFIRMADA,3363131,0,28/05/2019,28/05/2029,9.15,GULFSTREAM PETROLEUM DOMINICANA S DE RL,GULFSTREAM,64652
DO1005206516,MH32028,HACIENDA/10.75 BOEST 20280811 GTIA,1400000,DOP,14,10.92575,99.760985,25/09/2026,02:21:02 PM,PRESTAMO,SEGUNDA PARTE,ROTC,08/02/2027,CONFIRMADA,3363011,0,10/08/2018,11/08/2028,10.75,MINISTERIO DE HACIENDA,HACIENDA,61880
DO1005206516,MH32028,HACIENDA/10.75 BOEST 20280811 GTIA,1400000,DOP,14,10.43702,100.495924,25/09/2026,02:21:02 PM,PRESTAMO,PRIMERA PARTE,ROTC,25/09/2026,CONFIRMADA,3363011,0,10/08/2018,11/08/2028,10.75,MINISTERIO DE HACIENDA,HACIENDA,62097
DO1005208025,COV2040,HACIENDA/10.875 BOEST 20400228 GTIA,500000,DOP,5,4.5779,161.229908,25/09/2026,02:20:25 PM,PRESTAMO,SEGUNDA PARTE,ROTC,22/02/2027,CONFIRMADA,3363046,0,28/02/2020,28/02/2040,4.424086,MINISTERIO DE HACIENDA,HACIENDA,61313
DO1005208025,COV2040,HACIENDA/10.875 BOEST 20400228 GTIA,500000,DOP,5,4.8345,159.165754,25/09/2026,02:20:25 PM,PRESTAMO,PRIMERA PARTE,ROTC,25/09/2026,CONFIRMADA,3363046,0,28/02/2020,28/02/2040,4.424086,MINISTERIO DE HACIENDA,HACIENDA,61418
USP3579ECZ80,BSRD2035, ,249000,USD,249,5.8629,100.083265,25/09/2026,02:20:23 PM,PRESTAMO,SEGUNDA PARTE,ROTC,26/10/2026,CONFIRMADA,3363048,0,28/10/2025,28/10/2035,2.766604,MINISTERIO DE HACIENDA,HACIENDA,49231
USP3579ECZ80,BSRD2035, ,249000,USD,249,5.8542,100.138851,25/09/2026,02:20:23 PM,PRESTAMO,PRIMERA PARTE,ROTC,25/09/2026,CONFIRMADA,3363048,0,28/10/2025,28/10/2035,2.766604,MINISTERIO DE HACIENDA,HACIENDA,49315
USP3579ECZ80,BSRD2035, ,6000,USD,6,5.3986,103.258667,25/09/2026,02:20:22 PM,PRESTAMO,SEGUNDA PARTE,ROTC,22/02/2027,CONFIRMADA,3363050,0,28/10/2025,28/10/2035,4.328104,MINISTERIO DE HACIENDA,HACIENDA,47838
USP3579ECZ80,BSRD2035, ,6000,USD,6,5.7926,100.5695,25/09/2026,02:20:22 PM,PRESTAMO,PRIMERA PARTE,ROTC,25/09/2026,CONFIRMADA,3363050,0,28/10/2025,28/10/2035,4.328104,MINISTERIO DE HACIENDA,HACIENDA,47194
DO1005208025,COV2040,HACIENDA/10.875 BOEST 20400228 GTIA,300000,DOP,3,8.2591,120.61211,25/09/2026,02:20:21 PM,PRESTAMO,SEGUNDA PARTE,ROTC,22/02/2027,CONFIRMADA,3363052,0,28/02/2020,28/02/2040,4.378006,MINISTERIO DE HACIENDA,HACIENDA,60704
DO1005208025,COV2040,HACIENDA/10.875 BOEST 20400228 GTIA,300000,DOP,3,8.3238,120.402943,25/09/2026,02:20:21 PM,PRESTAMO,PRIMERA PARTE,ROTC,25/09/2026,CONFIRMADA,3363052,0,28/02/2020,28/02/2040,4.378006,MINISTERIO DE HACIENDA,HACIENDA,61236
DO1002228125,NO090229,BCENTRAL/10 BOEST 20290209 GTIA,20000,DOP,2,30.5892,72.0297,25/09/2026,02:20:19 PM,PRESTAMO,SEGUNDA PARTE,ROTC,24/03/2027,CONFIRMADA,3363054,0,09/02/2024,09/02/2029,6.138829,BANCO CENTRAL DE LA REPUBLICA DOMINICANA,BCENTRAL,59234
DO1002228125,NO090229,BCENTRAL/10 BOEST 20290209 GTIA,20000,DOP,2,29.1244,68.72285,25/09/2026,02:20:19 PM,PRESTAMO,PRIMERA PARTE,ROTC,25/09/2026,CONFIRMADA,3363054,0,09/02/2024,09/02/2029,6.138829,BANCO CENTRAL DE LA REPUBLICA DOMINICANA,BCENTRAL,59717
DO1002228125,NO090229,BCENTRAL/10 BOEST 20290209 GTIA,40000,DOP,4,8.0347,103.499725,25/09/2026,02:20:18 PM,PRESTAMO,SEGUNDA PARTE,ROTC,22/02/2027,CONFIRMADA,3363056,0,09/02/2024,09/02/2029,4.945197,BANCO CENTRAL DE LA REPUBLICA DOMINICANA,BCENTRAL,59962
DO1002228125,NO090229,BCENTRAL/10 BOEST 20290209 GTIA,40000,DOP,4,10.6111,98.722825,25/09/2026,02:20:18 PM,PRESTAMO,PRIMERA PARTE,ROTC,25/09/2026,CONFIRMADA,3363056,0,09/02/2024,09/02/2029,4.945197,BANCO CENTRAL DE LA REPUBLICA DOMINICANA,BCENTRAL,60025
USP3579ECZ80,BSRD2035, ,22000,USD,22,5.5788,102.053727,25/09/2026,02:20:17 PM,PRESTAMO,SEGUNDA PARTE,ROTC,25/11/2026,CONFIRMADA,3363058,0,28/10/2025,28/10/2035,3.180707,MINISTERIO DE HACIENDA,HACIENDA,48461
USP3579ECZ80,BSRD2035, ,22000,USD,22,5.9845,99.234318,25/09/2026,02:20:17 PM,PRESTAMO,PRIMERA PARTE,ROTC,25/09/2026,CONFIRMADA,3363058,0,28/10/2025,28/10/2035,3.180707,MINISTERIO DE HACIENDA,HACIENDA,48307
DO1002261423,NO301129,BCENTRAL/9.5 BOEST 20291130 GTIA,1570000,DOP,157,9.9523,98.874825,25/09/2026,02:20:16 PM,PRESTAMO,SEGUNDA PARTE,ROTC,20/01/2027,CONFIRMADA,3363093,0,30/11/2025,30/11/2029,1.324234,BANCO CENTRAL DE LA REPUBLICA DOMINICANA,BCENTRAL,61495
DO1002261423,NO301129,BCENTRAL/9.5 BOEST 20291130 GTIA,1570000,DOP,157,9.9151,98.864632,25/09/2026,02:20:16 PM,PRESTAMO,PRIMERA PARTE,ROTC,25/09/2026,CONFIRMADA,3363093,0,30/11/2025,30/11/2029,1.324234,BANCO CENTRAL DE LA REPUBLICA DOMINICANA,BCENTRAL,61586
DO1005206516,MH32028,HACIENDA/10.75 BOEST 20280811 GTIA,1400000,DOP,14,10.92575,99.760985,25/09/2026,02:20:06 PM,ESTRUCTURADA,SEGUNDA PARTE,ROTC,08/02/2027,CONFIRMADA,3363010,0,10/08/2018,11/08/2028,10.75,MINISTERIO DE HACIENDA,HACIENDA,64001
DO1005206516,MH32028,HACIENDA/10.75 BOEST 20280811 GTIA,1400000,DOP,14,10.43702,100.495924,25/09/2026,02:20:06 PM,ESTRUCTURADA,PRIMERA PARTE,ROTC,25/09/2026,CONFIRMADA,3363010,0,10/08/2018,11/08/2028,10.75,MINISTERIO DE HACIENDA,HACIENDA,64218
DO1002261126,NO280929,BCENTRAL/9.5 BOEST 20290928 GTIA,1890000,DOP,189,9.1,101.030646,25/09/2026,02:19:44 PM,CONTADO,PRIMERA PARTE,ROTC,25/09/2026,CONFIRMADA,3363125,0,28/09/2025,28/09/2029,0,BANCO CENTRAL DE LA REPUBLICA DOMINICANA,BCENTRAL,60270
DO1002261423,NO301129,BCENTRAL/9.5 BOEST 20291130 GTIA,1570000,DOP,157,9.9523,98.874825,25/09/2026,02:19:43 PM,ESTRUCTURADA,SEGUNDA PARTE,ROTC,20/01/2027,CONFIRMADA,3363094,0,30/11/2025,30/11/2029,9.15,BANCO CENTRAL DE LA REPUBLICA DOMINICANA,BCENTRAL,63651
DO1002261423,NO301129,BCENTRAL/9.5 BOEST 20291130 GTIA,1570000,DOP,157,9.9151,98.864632,25/09/2026,02:19:43 PM,ESTRUCTURADA,PRIMERA PARTE,ROTC,25/09/2026,CONFIRMADA,3363094,0,30/11/2025,30/11/2029,9.15,BANCO CENTRAL DE LA REPUBLICA DOMINICANA,BCENTRAL,63742
DO1002227317,NO150928,BCENTRAL/11 BOEST 20280915 GTIA,5000000,DOP,500,10.04999973,101.647017,25/09/2026,02:19:43 PM,CONTADO,PRIMERA PARTE,ROTC,28/09/2026,CONFIRMADA,3363124,0,15/09/2023,15/09/2028,0,BANCO CENTRAL DE LA REPUBLICA DOMINICANA,BCENTRAL,62671
USP3579ECZ80,BSRD2035, ,22000,USD,22,5.5788,102.053727,25/09/2026,02:19:42 PM,ESTRUCTURADA,SEGUNDA PARTE,ROTC,25/11/2026,CONFIRMADA,3363057,0,28/10/2025,28/10/2035,5,MINISTERIO DE HACIENDA,HACIENDA,50603
USP3579ECZ80,BSRD2035, ,22000,USD,22,5.9845,99.234318,25/09/2026,02:19:42 PM,ESTRUCTURADA,PRIMERA PARTE,ROTC,25/09/2026,CONFIRMADA,3363057,0,28/10/2025,28/10/2035,5,MINISTERIO DE HACIENDA,HACIENDA,50449
DO1005208322,MHUS2040,HACIENDA/6.75 BOEST 20400724 GTIA,83000,USD,83,4.66046708,120.569067,25/09/2026,02:19:42 PM,PRESTAMO,SEGUNDA PARTE,ROTC,24/03/2027,CONFIRMADA,3363130,0,24/07/2020,24/07/2040,5.15,MINISTERIO DE HACIENDA,HACIENDA,62832
DO1005208322,MHUS2040,HACIENDA/6.75 BOEST 20400724 GTIA,83000,USD,83,4.68959775,120.785636,25/09/2026,02:19:42 PM,PRESTAMO,PRIMERA PARTE,ROTC,25/09/2026,CONFIRMADA,3363130,0,24/07/2020,24/07/2040,5.15,MINISTERIO DE HACIENDA,HACIENDA,63084
DO1002228125,NO090229,BCENTRAL/10 BOEST 20290209 GTIA,40000,DOP,4,8.0347,103.499725,25/09/2026,02:19:41 PM,ESTRUCTURADA,SEGUNDA PARTE,ROTC,22/02/2027,CONFIRMADA,3363055,0,09/02/2024,09/02/2029,9.2612,BANCO CENTRAL DE LA REPUBLICA DOMINICANA,BCENTRAL,62090
DO1002228125,NO090229,BCENTRAL/10 BOEST 20290209 GTIA,40000,DOP,4,10.6111,98.722825,25/09/2026,02:19:41 PM,ESTRUCTURADA,PRIMERA PARTE,ROTC,25/09/2026,CONFIRMADA,3363055,0,09/02/2024,09/02/2029,9.2612,BANCO CENTRAL DE LA REPUBLICA DOMINICANA,BCENTRAL,62153
DO1002228125,NO090229,BCENTRAL/10 BOEST 20290209 GTIA,20000,DOP,2,30.5892,72.0297,25/09/2026,02:19:40 PM,ESTRUCTURADA,SEGUNDA PARTE,ROTC,24/03/2027,CONFIRMADA,3363053,0,09/02/2024,09/02/2029,9.193,BANCO CENTRAL DE LA REPUBLICA DOMINICANA,BCENTRAL,61348
DO1002228125,NO090229,BCENTRAL/10 BOEST 20290209 GTIA,20000,DOP,2,29.1244,68.72285,25/09/2026,02:19:40 PM,ESTRUCTURADA,PRIMERA PARTE,ROTC,25/09/2026,CONFIRMADA,3363053,0,09/02/2024,09/02/2029,9.193,BANCO CENTRAL DE LA REPUBLICA DOMINICANA,BCENTRAL,61831
DO1005208322,MHUS2040,HACIENDA/6.75 BOEST 20400724 GTIA,83000,USD,83,4.66046708,120.569067,25/09/2026,02:19:40 PM,ESTRUCTURADA,SEGUNDA PARTE,ROTC,24/03/2027,CONFIRMADA,3363116,0,24/07/2020,24/07/2040,5.15,MINISTERIO DE HACIENDA,HACIENDA,64918
DO1005208322,MHUS2040,HACIENDA/6.75 BOEST 20400724 GTIA,83000,USD,83,4.68959775,120.785636,25/09/2026,02:19:40 PM,ESTRUCTURADA,PRIMERA PARTE,ROTC,25/09/2026,CONFIRMADA,3363116,0,24/07/2020,24/07/2040,5.15,MINISTERIO DE HACIENDA,HACIENDA,65170
DO1005208322,MHUS2040,HACIENDA/6.75 BOEST 20400724 GTIA,83000,USD,83,4.66046708,120.569067,25/09/2026,02:19:39 PM,PRESTAMO,SEGUNDA PARTE,ROTC,24/03/2027,CONFIRMADA,3363129,0,24/07/2020,24/07/2040,5.15,MINISTERIO DE HACIENDA,HACIENDA,62874
DO1005208322,MHUS2040,HACIENDA/6.75 BOEST 20400724 GTIA,83000,USD,83,4.68959775,120.785636,25/09/2026,02:19:39 PM,PRESTAMO,PRIMERA PARTE,ROTC,25/09/2026,CONFIRMADA,3363129,0,24/07/2020,24/07/2040,5.15,MINISTERIO DE HACIENDA,HACIENDA,63126
DO1005208025,COV2040,HACIENDA/10.875 BOEST 20400228 GTIA,300000,DOP,3,8.2591,120.61211,25/09/2026,02:19:38 PM,ESTRUCTURADA,SEGUNDA PARTE,ROTC,22/02/2027,CONFIRMADA,3363051,0,28/02/2020,28/02/2040,9.2612,MINISTERIO DE HACIENDA,HACIENDA,62916
DO1005208025,COV2040,HACIENDA/10.875 BOEST 20400228 GTIA,300000,DOP,3,8.3238,120.402943,25/09/2026,02:19:38 PM,ESTRUCTURADA,PRIMERA PARTE,ROTC,25/09/2026,CONFIRMADA,3363051,0,28/02/2020,28/02/2040,9.2612,MINISTERIO DE HACIENDA,HACIENDA,63448
DO1005208322,MHUS2040,HACIENDA/6.75 BOEST 20400724 GTIA,83000,USD,83,4.66046708,120.569067,25/09/2026,02:19:38 PM,ESTRUCTURADA,SEGUNDA PARTE,ROTC,24/03/2027,CONFIRMADA,3363117,0,24/07/2020,24/07/2040,5.15,MINISTERIO DE HACIENDA,HACIENDA,64967
DO1005208322,MHUS2040,HACIENDA/6.75 BOEST 20400724 GTIA,83000,USD,83,4.68959775,120.785636,25/09/2026,02:19:38 PM,ESTRUCTURADA,PRIMERA PARTE,ROTC,25/09/2026,CONFIRMADA,3363117,0,24/07/2020,24/07/2040,5.15,MINISTERIO DE HACIENDA,HACIENDA,65219
USP3579ECZ80,BSRD2035, ,6000,USD,6,5.3986,103.258667,25/09/2026,02:19:37 PM,ESTRUCTURADA,SEGUNDA PARTE,ROTC,22/02/2027,CONFIRMADA,3363049,0,28/10/2025,28/10/2035,5.0129,MINISTERIO DE HACIENDA,HACIENDA,50036
USP3579ECZ80,BSRD2035, ,6000,USD,6,5.7926,100.5695,25/09/2026,02:19:37 PM,ESTRUCTURADA,PRIMERA PARTE,ROTC,25/09/2026,CONFIRMADA,3363049,0,28/10/2025,28/10/2035,5.0129,MINISTERIO DE HACIENDA,HACIENDA,49392
DO1002261423,NO301129,BCENTRAL/9.5 BOEST 20291130 GTIA,870000,DOP,87,9.61163031,99.715184,25/09/2026,02:19:37 PM,PRESTAMO,SEGUNDA PARTE,ROTC,24/03/2027,CONFIRMADA,3363128,0,30/11/2025,30/11/2029,7.75,BANCO CENTRAL DE LA REPUBLICA DOMINICANA,BCENTRAL,62279
DO1002261423,NO301129,BCENTRAL/9.5 BOEST 20291130 GTIA,870000,DOP,87,9.34164805,100.40208,25/09/2026,02:19:37 PM,PRESTAMO,PRIMERA PARTE,ROTC,25/09/2026,CONFIRMADA,3363128,0,30/11/2025,30/11/2029,7.75,BANCO CENTRAL DE LA REPUBLICA DOMINICANA,BCENTRAL,62251
USP3579ECZ80,BSRD2035, ,249000,USD,249,5.8629,100.083265,25/09/2026,02:19:36 PM,ESTRUCTURADA,SEGUNDA PARTE,ROTC,26/10/2026,CONFIRMADA,3363047,0,28/10/2025,28/10/2035,5.1,MINISTERIO DE HACIENDA,HACIENDA,51415
USP3579ECZ80,BSRD2035, ,249000,USD,249,5.8542,100.138851,25/09/2026,02:19:36 PM,ESTRUCTURADA,PRIMERA PARTE,ROTC,25/09/2026,CONFIRMADA,3363047,0,28/10/2025,28/10/2035,5.1,MINISTERIO DE HACIENDA,HACIENDA,51499
DO1002261423,NO301129,BCENTRAL/9.5 BOEST 20291130 GTIA,870000,DOP,87,9.61163031,99.715184,25/09/2026,02:19:36 PM,ESTRUCTURADA,SEGUNDA PARTE,ROTC,24/03/2027,CONFIRMADA,3363118,0,30/11/2025,30/11/2029,7.75,BANCO CENTRAL DE LA REPUBLICA DOMINICANA,BCENTRAL,64372
DO1002261423,NO301129,BCENTRAL/9.5 BOEST 20291130 GTIA,870000,DOP,87,9.34164805,100.40208,25/09/2026,02:19:36 PM,ESTRUCTURADA,PRIMERA PARTE,ROTC,25/09/2026,CONFIRMADA,3363118,0,30/11/2025,30/11/2029,7.75,BANCO CENTRAL DE LA REPUBLICA DOMINICANA,BCENTRAL,64344
DO1005208025,COV2040,HACIENDA/10.875 BOEST 20400228 GTIA,500000,DOP,5,4.5779,161.229908,25/09/2026,02:19:35 PM,ESTRUCTURADA,SEGUNDA PARTE,ROTC,22/02/2027,CONFIRMADA,3363045,0,28/02/2020,28/02/2040,9.8,MINISTERIO DE HACIENDA,HACIENDA,63476
DO1005208025,COV2040,HACIENDA/10.875 BOEST 20400228 GTIA,500000,DOP,5,4.8345,159.165754,25/09/2026,02:19:35 PM,ESTRUCTURADA,PRIMERA PARTE,ROTC,25/09/2026,CONFIRMADA,3363045,0,28/02/2020,28/02/2040,9.8,MINISTERIO DE HACIENDA,HACIENDA,63581
DO1005204412,MH12029,HACIENDA/11.375 BOEST 20290706 GTIA,2700000,DOP,27,7.47933765,108.004985,25/09/2026,02:19:35 PM,PRESTAMO,SEGUNDA PARTE,ROTC,24/03/2027,CONFIRMADA,3363127,0,06/07/2014,06/07/2029,9.05,MINISTERIO DE HACIENDA,HACIENDA,63392
DO1005204412,MH12029,HACIENDA/11.375 BOEST 20290706 GTIA,2700000,DOP,27,7.85912849,108.586796,25/09/2026,02:19:35 PM,PRESTAMO,PRIMERA PARTE,ROTC,25/09/2026,CONFIRMADA,3363127,0,06/07/2014,06/07/2029,9.05,MINISTERIO DE HACIENDA,HACIENDA,63616
DO1005204412,MH12029,HACIENDA/11.375 BOEST 20290706 GTIA,2700000,DOP,27,7.47933765,108.004985,25/09/2026,02:19:33 PM,ESTRUCTURADA,SEGUNDA PARTE,ROTC,24/03/2027,CONFIRMADA,3363123,0,06/07/2014,06/07/2029,9.05,MINISTERIO DE HACIENDA,HACIENDA,65478
DO1005204412,MH12029,HACIENDA/11.375 BOEST 20290706 GTIA,2700000,DOP,27,7.85912849,108.586796,25/09/2026,02:19:33 PM,ESTRUCTURADA,PRIMERA PARTE,ROTC,25/09/2026,CONFIRMADA,3363123,0,06/07/2014,06/07/2029,9.05,MINISTERIO DE HACIENDA,HACIENDA,65702
USP3579ECH82,BSRD2032,"DOMINICAN, REP /4.875 BD 20320923",320000,USD,320,2.54213,111.835609,25/09/2026,02:14:38 PM,PRESTAMO,SEGUNDA PARTE,ROTC,05/04/2027,CONFIRMADA,3363096,0,23/09/2020,23/09/2032,4.875,MINISTERIO DE HACIENDA,HACIENDA,62475
USP3579ECH82,BSRD2032,"DOMINICAN, REP /4.875 BD 20320923",320000,USD,320,3.21642,108.977056,25/09/2026,02:14:38 PM,PRESTAMO,PRIMERA PARTE,ROTC,25/09/2026,CONFIRMADA,3363096,0,23/09/2020,23/09/2032,4.875,MINISTERIO DE HACIENDA,HACIENDA,62650
USP3579ECH82,BSRD2032,"DOMINICAN, REP /4.875 BD 20320923",320000,USD,320,2.54213,111.835609,25/09/2026,02:14:15 PM,ESTRUCTURADA,SEGUNDA PARTE,ROTC,05/04/2027,CONFIRMADA,3363095,0,23/09/2020,23/09/2032,4.875,MINISTERIO DE HACIENDA,HACIENDA,64540
USP3579ECH82,BSRD2032,"DOMINICAN, REP /4.875 BD 20320923",320000,USD,320,3.21642,108.977056,25/09/2026,02:14:15 PM,ESTRUCTURADA,PRIMERA PARTE,ROTC,25/09/2026,CONFIRMADA,3363095,0,23/09/2020,23/09/2032,4.875,MINISTERIO DE HACIENDA,HACIENDA,64715
USP3579ECX33,BSDR2055, ,221000,USD,221,7.019653,101.585089,25/09/2026,02:13:35 PM,ESTRUCTURADA,SEGUNDA PARTE,ROTC,01/10/2026,CONFIRMADA,3363108,0,24/02/2025,24/02/2055,6,MINISTERIO DE HACIENDA,HACIENDA,51926
USP3579ECX33,BSDR2055, ,221000,USD,221,7.01841284,101.602039,25/09/2026,02:13:35 PM,ESTRUCTURADA,PRIMERA PARTE,ROTC,25/09/2026,CONFIRMADA,3363108,0,24/02/2025,24/02/2055,6,MINISTERIO DE HACIENDA,HACIENDA,52682
USP3579EBY25,BSRD2048,DOMINICAN REP/6.5 CHURCH BD UNSEC,15783000,USD,15783,6.948564,95.033406,25/09/2026,02:13:34 PM,ESTRUCTURADA,SEGUNDA PARTE,ROTC,01/10/2026,CONFIRMADA,3363109,0,08/02/2018,15/02/2048,6,MINISTERIO DE HACIENDA,HACIENDA,68264
USP3579EBY25,BSRD2048,DOMINICAN REP/6.5 CHURCH BD UNSEC,15783000,USD,15783,6.94731501,95.045972,25/09/2026,02:13:34 PM,ESTRUCTURADA,PRIMERA PARTE,ROTC,25/09/2026,CONFIRMADA,3363109,0,08/02/2018,15/02/2048,6,MINISTERIO DE HACIENDA,HACIENDA,69132
USP3579ECH82,BSRD2032,"DOMINICAN, REP /4.875 BD 20320923",192000,USD,192,3.64337,106.05375,25/09/2026,02:13:33 PM,PRESTAMO,SEGUNDA PARTE,ROTC,05/04/2027,CONFIRMADA,3363007,0,23/09/2020,23/09/2032,4.875,MINISTERIO DE HACIENDA,HACIENDA,62209
USP3579ECH82,BSRD2032,"DOMINICAN, REP /4.875 BD 20320923",192000,USD,192,4.18609,103.61875,25/09/2026,02:13:33 PM,PRESTAMO,PRIMERA PARTE,ROTC,25/09/2026,CONFIRMADA,3363007,0,23/09/2020,23/09/2032,4.875,MINISTERIO DE HACIENDA,HACIENDA,62356
USP3579ECH82,BSRD2032,"DOMINICAN, REP /4.875 BD 20320923",192000,USD,192,3.64337,106.05375,25/09/2026,02:12:29 PM,ESTRUCTURADA,SEGUNDA PARTE,ROTC,05/04/2027,CONFIRMADA,3363006,0,23/09/2020,23/09/2032,4.875,MINISTERIO DE HACIENDA,HACIENDA,64337
USP3579ECH82,BSRD2032,"DOMINICAN, REP /4.875 BD 20320923",192000,USD,192,4.18609,103.61875,25/09/2026,02:12:29 PM,ESTRUCTURADA,PRIMERA PARTE,ROTC,25/09/2026,CONFIRMADA,3363006,0,23/09/2020,23/09/2032,4.875,MINISTERIO DE HACIENDA,HACIENDA,64484
DO1005206516,MH32028,HACIENDA/10.75 BOEST 20280811 GTIA,1000000,DOP,10,11.92348,98.273695,25/09/2026,02:11:52 PM,PRESTAMO,SEGUNDA PARTE,ROTC,23/12/2026,CONFIRMADA,3363100,0,10/08/2018,11/08/2028,10.75,MINISTERIO DE HACIENDA,HACIENDA,61796
DO1005206516,MH32028,HACIENDA/10.75 BOEST 20280811 GTIA,1000000,DOP,10,11.55662,98.645205,25/09/2026,02:11:52 PM,PRESTAMO,PRIMERA PARTE,ROTC,25/09/2026,CONFIRMADA,3363100,0,10/08/2018,11/08/2028,10.75,MINISTERIO DE HACIENDA,HACIENDA,61831
DO1005206516,MH32028,HACIENDA/10.75 BOEST 20280811 GTIA,1000000,DOP,10,11.92348,98.273695,25/09/2026,02:11:25 PM,ESTRUCTURADA,SEGUNDA PARTE,ROTC,23/12/2026,CONFIRMADA,3363099,0,10/08/2018,11/08/2028,10.75,MINISTERIO DE HACIENDA,HACIENDA,63896
DO1005206516,MH32028,HACIENDA/10.75 BOEST 20280811 GTIA,1000000,DOP,10,11.55662,98.645205,25/09/2026,02:11:25 PM,ESTRUCTURADA,PRIMERA PARTE,ROTC,25/09/2026,CONFIRMADA,3363099,0,10/08/2018,11/08/2028,10.75,MINISTERIO DE HACIENDA,HACIENDA,63931
USP3579ECH82,BSRD2032,"DOMINICAN, REP /4.875 BD 20320923",240000,USD,240,3.74508,105.728525,25/09/2026,02:09:28 PM,PRESTAMO,SEGUNDA PARTE,ROTC,18/01/2027,CONFIRMADA,3363005,0,23/09/2020,23/09/2032,4.875,MINISTERIO DE HACIENDA,HACIENDA,62594
USP3579ECH82,BSRD2032,"DOMINICAN, REP /4.875 BD 20320923",240000,USD,240,3.83198,105.538888,25/09/2026,02:09:28 PM,PRESTAMO,PRIMERA PARTE,ROTC,25/09/2026,CONFIRMADA,3363005,0,23/09/2020,23/09/2032,4.875,MINISTERIO DE HACIENDA,HACIENDA,62804
DO1005206516,MH32028,HACIENDA/10.75 BOEST 20280811 GTIA,200000,DOP,2,11.92348,98.273693,25/09/2026,02:09:07 PM,PRESTAMO,SEGUNDA PARTE,ROTC,23/12/2026,CONFIRMADA,3363102,0,10/08/2018,11/08/2028,10.75,MINISTERIO DE HACIENDA,HACIENDA,61173
DO1005206516,MH32028,HACIENDA/10.75 BOEST 20280811 GTIA,200000,DOP,2,11.55662,98.64521,25/09/2026,02:09:07 PM,PRESTAMO,PRIMERA PARTE,ROTC,25/09/2026,CONFIRMADA,3363102,0,10/08/2018,11/08/2028,10.75,MINISTERIO DE HACIENDA,HACIENDA,60858
USP3579ECH82,BSRD2032,"DOMINICAN, REP /4.875 BD 20320923",240000,USD,240,3.74508,105.728525,25/09/2026,02:08:48 PM,ESTRUCTURADA,SEGUNDA PARTE,ROTC,18/01/2027,CONFIRMADA,3363004,0,23/09/2020,23/09/2032,4.875,MINISTERIO DE HACIENDA,HACIENDA,64701
USP3579ECH82,BSRD2032,"DOMINICAN, REP /4.875 BD 20320923",240000,USD,240,3.83198,105.538888,25/09/2026,02:08:48 PM,ESTRUCTURADA,PRIMERA PARTE,ROTC,25/09/2026,CONFIRMADA,3363004,0,23/09/2020,23/09/2032,4.875,MINISTERIO DE HACIENDA,HACIENDA,64911
DO1005206516,MH32028,HACIENDA/10.75 BOEST 20280811 GTIA,200000,DOP,2,11.92348,98.273693,25/09/2026,02:08:28 PM,ESTRUCTURADA,SEGUNDA PARTE,ROTC,23/12/2026,CONFIRMADA,3363101,0,10/08/2018,11/08/2028,10.75,MINISTERIO DE HACIENDA,HACIENDA,63287
DO1005206516,MH32028,HACIENDA/10.75 BOEST 20280811 GTIA,200000,DOP,2,11.55662,98.64521,25/09/2026,02:08:28 PM,ESTRUCTURADA,PRIMERA PARTE,ROTC,25/09/2026,CONFIRMADA,3363101,0,10/08/2018,11/08/2028,10.75,MINISTERIO DE HACIENDA,HACIENDA,62972
USP3579ECE51,BSRD2049,"DOMINICAN, REP /6.4 BD 20490605",1000000,USD,1000,4.8445,121.222368,25/09/2026,02:07:14 PM,PRESTAMO,SEGUNDA PARTE,ROTC,26/10/2026,CONFIRMADA,3363076,0,05/06/2019,05/06/2049,1.983605,MINISTERIO DE HACIENDA,HACIENDA,61999
USP3579ECE51,BSRD2049,"DOMINICAN, REP /6.4 BD 20490605",1000000,USD,1000,4.8438,121.274739,25/09/2026,02:07:14 PM,PRESTAMO,PRIMERA PARTE,ROTC,25/09/2026,CONFIRMADA,3363076,0,05/06/2019,05/06/2049,1.983605,MINISTERIO DE HACIENDA,HACIENDA,62188
USP3579ECE51,BSRD2049,"DOMINICAN, REP /6.4 BD 20490605",759000,USD,759,4.8445,121.22237,25/09/2026,02:07:13 PM,ESTRUCTURADA,SEGUNDA PARTE,ROTC,26/10/2026,CONFIRMADA,3363077,0,05/06/2019,05/06/2049,4.7,MINISTERIO DE HACIENDA,HACIENDA,63315
USP3579ECE51,BSRD2049,"DOMINICAN, REP /6.4 BD 20490605",759000,USD,759,4.8438,121.274741,25/09/2026,02:07:13 PM,ESTRUCTURADA,PRIMERA PARTE,ROTC,25/09/2026,CONFIRMADA,3363077,0,05/06/2019,05/06/2049,4.7,MINISTERIO DE HACIENDA,HACIENDA,63840
USP3579ECE51,BSRD2049,"DOMINICAN, REP /6.4 BD 20490605",759000,USD,759,4.8445,121.22237,25/09/2026,02:07:12 PM,PRESTAMO,SEGUNDA PARTE,ROTC,26/10/2026,CONFIRMADA,3363079,0,05/06/2019,05/06/2049,1.983606,MINISTERIO DE HACIENDA,HACIENDA,61208
USP3579ECE51,BSRD2049,"DOMINICAN, REP /6.4 BD 20490605",759000,USD,759,4.8438,121.274741,25/09/2026,02:07:12 PM,PRESTAMO,PRIMERA PARTE,ROTC,25/09/2026,CONFIRMADA,3363079,0,05/06/2019,05/06/2049,1.983606,MINISTERIO DE HACIENDA,HACIENDA,61733
USP3579ECE51,BSRD2049,"DOMINICAN, REP /6.4 BD 20490605",1000000,USD,1000,4.8445,121.222368,25/09/2026,02:07:11 PM,ESTRUCTURADA,SEGUNDA PARTE,ROTC,26/10/2026,CONFIRMADA,3363081,0,05/06/2019,05/06/2049,4.7,MINISTERIO DE HACIENDA,HACIENDA,64078
USP3579ECE51,BSRD2049,"DOMINICAN, REP /6.4 BD 20490605",1000000,USD,1000,4.8438,121.274739,25/09/2026,02:07:11 PM,ESTRUCTURADA,PRIMERA PARTE,ROTC,25/09/2026,CONFIRMADA,3363081,0,05/06/2019,05/06/2049,4.7,MINISTERIO DE HACIENDA,HACIENDA,64267
USP3579ECH82,BSRD2032,"DOMINICAN, REP /4.875 BD 20320923",5000,USD,5,4.875,99.99265,25/09/2026,02:07:11 PM,PRESTAMO,SEGUNDA PARTE,ROTC,23/12/2026,CONFIRMADA,3363104,0,23/09/2020,23/09/2032,4.875,MINISTERIO DE HACIENDA,HACIENDA,59878
USP3579ECH82,BSRD2032,"DOMINICAN, REP /4.875 BD 20320923",5000,USD,5,4.88019,99.973,25/09/2026,02:07:11 PM,PRESTAMO,PRIMERA PARTE,ROTC,25/09/2026,CONFIRMADA,3363104,0,23/09/2020,23/09/2032,4.875,MINISTERIO DE HACIENDA,HACIENDA,59955
USP3579ECE51,BSRD2049,"DOMINICAN, REP /6.4 BD 20490605",1000000,USD,1000,4.8445,121.222368,25/09/2026,02:07:09 PM,PRESTAMO,SEGUNDA PARTE,ROTC,26/10/2026,CONFIRMADA,3363083,0,05/06/2019,05/06/2049,1.983605,MINISTERIO DE HACIENDA,HACIENDA,62027
USP3579ECE51,BSRD2049,"DOMINICAN, REP /6.4 BD 20490605",1000000,USD,1000,4.8438,121.274739,25/09/2026,02:07:09 PM,PRESTAMO,PRIMERA PARTE,ROTC,25/09/2026,CONFIRMADA,3363083,0,05/06/2019,05/06/2049,1.983605,MINISTERIO DE HACIENDA,HACIENDA,62216
USP3579ECE51,BSRD2049,"DOMINICAN, REP /6.4 BD 20490605",1000000,USD,1000,4.8445,121.222368,25/09/2026,02:07:08 PM,ESTRUCTURADA,SEGUNDA PARTE,ROTC,26/10/2026,CONFIRMADA,3363075,0,05/06/2019,05/06/2049,4.7,MINISTERIO DE HACIENDA,HACIENDA,64120
USP3579ECE51,BSRD2049,"DOMINICAN, REP /6.4 BD 20490605",1000000,USD,1000,4.8438,121.274739,25/09/2026,02:07:08 PM,ESTRUCTURADA,PRIMERA PARTE,ROTC,25/09/2026,CONFIRMADA,3363075,0,05/06/2019,05/06/2049,4.7,MINISTERIO DE HACIENDA,HACIENDA,64309
USP3579ECH82,BSRD2032,"DOMINICAN, REP /4.875 BD 20320923",5000,USD,5,4.875,99.99265,25/09/2026,02:06:50 PM,ESTRUCTURADA,SEGUNDA PARTE,ROTC,23/12/2026,CONFIRMADA,3363103,0,23/09/2020,23/09/2032,4.875,MINISTERIO DE HACIENDA,HACIENDA,61992
USP3579ECH82,BSRD2032,"DOMINICAN, REP /4.875 BD 20320923",5000,USD,5,4.88019,99.973,25/09/2026,02:06:50 PM,ESTRUCTURADA,PRIMERA PARTE,ROTC,25/09/2026,CONFIRMADA,3363103,0,23/09/2020,23/09/2032,4.875,MINISTERIO DE HACIENDA,HACIENDA,62069
USP3579ECH82,BSRD2032,"DOMINICAN, REP /4.875 BD 20320923",15000,USD,15,4.34526,102.730525,25/09/2026,02:05:39 PM,PRESTAMO,SEGUNDA PARTE,ROTC,26/10/2026,CONFIRMADA,3362997,0,23/09/2020,23/09/2032,4.875,MINISTERIO DE HACIENDA,HACIENDA,61803
USP3579ECH82,BSRD2032,"DOMINICAN, REP /4.875 BD 20320923",15000,USD,15,4.34846,102.752067,25/09/2026,02:05:39 PM,PRESTAMO,PRIMERA PARTE,ROTC,25/09/2026,CONFIRMADA,3362997,0,23/09/2020,23/09/2032,4.875,MINISTERIO DE HACIENDA,HACIENDA,61985
USP3579ECH82,BSRD2032,"DOMINICAN, REP /4.875 BD 20320923",15000,USD,15,4.34526,102.730525,25/09/2026,02:04:38 PM,ESTRUCTURADA,SEGUNDA PARTE,ROTC,26/10/2026,CONFIRMADA,3362996,0,23/09/2020,23/09/2032,4.875,MINISTERIO DE HACIENDA,HACIENDA,63889
USP3579ECH82,BSRD2032,"DOMINICAN, REP /4.875 BD 20320923",15000,USD,15,4.34846,102.752067,25/09/2026,02:04:38 PM,ESTRUCTURADA,PRIMERA PARTE,ROTC,25/09/2026,CONFIRMADA,3362996,0,23/09/2020,23/09/2032,4.875,MINISTERIO DE HACIENDA,HACIENDA,64071
DO1002224124,NO120327,BCENTRAL/8 BOEST 20270312 GTIA,75000000,DOP,7500,8.43258,99.801609,25/09/2026,02:01:59 PM,CONTADO,PRIMERA PARTE,ROTC,25/09/2026,CONFIRMADA,3363059,0,12/03/2022,12/03/2027,0,BANCO CENTRAL DE LA REPUBLICA DOMINICANA,BCENTRAL,61201
DO1005206516,MH32028,HACIENDA/10.75 BOEST 20280811 GTIA,9400000,DOP,94,7.75174,104.931117,25/09/2026,02:01:25 PM,PRESTAMO,SEGUNDA PARTE,ROTC,22/10/2026,CONFIRMADA,3362903,0,10/08/2018,11/08/2028,10.75,MINISTERIO DE HACIENDA,HACIENDA,61803
DO1005206516,MH32028,HACIENDA/10.75 BOEST 20280811 GTIA,9400000,DOP,94,7.80671,105.028184,25/09/2026,02:01:25 PM,PRESTAMO,PRIMERA PARTE,ROTC,25/09/2026,CONFIRMADA,3362903,0,10/08/2018,11/08/2028,10.75,MINISTERIO DE HACIENDA,HACIENDA,61943
USP3579EBY25,BSRD2048,DOMINICAN REP/6.5 CHURCH BD UNSEC,150000,USD,150,7.003564,94.45,25/09/2026,02:01:07 PM,CONTADO,PRIMERA PARTE,ROTC,28/09/2026,CONFIRMADA,3363017,0,08/02/2018,15/02/2048,0,MINISTERIO DE HACIENDA,HACIENDA,62517
USP3579ECG00,BSRD2060,DOMINICAN REP/5.875 BD 20600130 U,112000,USD,112,6.950628,86.1,25/09/2026,02:01:06 PM,CONTADO,PRIMERA PARTE,ROTC,28/09/2026,CONFIRMADA,3363016,0,30/01/2020,30/01/2060,0,MINISTERIO DE HACIENDA,HACIENDA,60312
DO1005206516,MH32028,HACIENDA/10.75 BOEST 20280811 GTIA,12700000,DOP,127,2.67937,111.788686,25/09/2026,02:00:39 PM,PRESTAMO,SEGUNDA PARTE,ROTC,11/02/2027,CONFIRMADA,3363065,0,10/08/2018,11/08/2028,10.75,MINISTERIO DE HACIENDA,HACIENDA,62615
DO1005206516,MH32028,HACIENDA/10.75 BOEST 20280811 GTIA,12700000,DOP,127,6.80276,106.829261,25/09/2026,02:00:39 PM,PRESTAMO,PRIMERA PARTE,ROTC,25/09/2026,CONFIRMADA,3363065,0,10/08/2018,11/08/2028,10.75,MINISTERIO DE HACIENDA,HACIENDA,62643
DO1005205716,MHUS2027,HACIENDA/6 BOEST 20270305 GTIA,243000,USD,243,-0.9261,102.480831,25/09/2026,02:00:30 PM,PRESTAMO,SEGUNDA PARTE,ROTC,26/10/2026,CONFIRMADA,3363091,0,05/09/2016,05/03/2027,4.95,MINISTERIO DE HACIENDA,HACIENDA,61110
DO1005205716,MHUS2027,HACIENDA/6 BOEST 20270305 GTIA,243000,USD,243,0.2069,102.551893,25/09/2026,02:00:30 PM,PRESTAMO,PRIMERA PARTE,ROTC,25/09/2026,CONFIRMADA,3363091,0,05/09/2016,05/03/2027,4.95,MINISTERIO DE HACIENDA,HACIENDA,60949
DO1005205716,MHUS2027,HACIENDA/6 BOEST 20270305 GTIA,243000,USD,243,-0.9261,102.480831,25/09/2026,02:00:28 PM,ESTRUCTURADA,SEGUNDA PARTE,ROTC,26/10/2026,CONFIRMADA,3363087,0,05/09/2016,05/03/2027,4.95,MINISTERIO DE HACIENDA,HACIENDA,63259
DO1005205716,MHUS2027,HACIENDA/6 BOEST 20270305 GTIA,243000,USD,243,0.2069,102.551893,25/09/2026,02:00:28 PM,ESTRUCTURADA,PRIMERA PARTE,ROTC,25/09/2026,CONFIRMADA,3363087,0,05/09/2016,05/03/2027,4.95,MINISTERIO DE HACIENDA,HACIENDA,63098
DO1005206516,MH32028,HACIENDA/10.75 BOEST 20280811 GTIA,9400000,DOP,94,7.75174,104.931117,25/09/2026,02:00:26 PM,ESTRUCTURADA,SEGUNDA PARTE,ROTC,22/10/2026,CONFIRMADA,3362902,0,10/08/2018,11/08/2028,10.75,MINISTERIO DE HACIENDA,HACIENDA,63903
DO1005206516,MH32028,HACIENDA/10.75 BOEST 20280811 GTIA,9400000,DOP,94,7.80671,105.028184,25/09/2026,02:00:26 PM,ESTRUCTURADA,PRIMERA PARTE,ROTC,25/09/2026,CONFIRMADA,3362902,0,10/08/2018,11/08/2028,10.75,MINISTERIO DE HACIENDA,HACIENDA,64043
DO1005206516,MH32028,HACIENDA/10.75 BOEST 20280811 GTIA,12700000,DOP,127,2.67937,111.788686,25/09/2026,01:59:56 PM,ESTRUCTURADA,SEGUNDA PARTE,ROTC,11/02/2027,CONFIRMADA,3363064,0,10/08/2018,11/08/2028,10.75,MINISTERIO DE HACIENDA,HACIENDA,64799
DO1005206516,MH32028,HACIENDA/10.75 BOEST 20280811 GTIA,12700000,DOP,127,6.80276,106.829261,25/09/2026,01:59:56 PM,ESTRUCTURADA,PRIMERA PARTE,ROTC,25/09/2026,CONFIRMADA,3363064,0,10/08/2018,11/08/2028,10.75,MINISTERIO DE HACIENDA,HACIENDA,64827
DO1005206516,MH32028,HACIENDA/10.75 BOEST 20280811 GTIA,500000,DOP,5,18.00529,89.180376,25/09/2026,01:57:30 PM,PRESTAMO,SEGUNDA PARTE,ROTC,22/10/2026,CONFIRMADA,3363067,0,10/08/2018,11/08/2028,10.75,MINISTERIO DE HACIENDA,HACIENDA,61124
DO1005206516,MH32028,HACIENDA/10.75 BOEST 20280811 GTIA,500000,DOP,5,17.60466,89.390276,25/09/2026,01:57:30 PM,PRESTAMO,PRIMERA PARTE,ROTC,25/09/2026,CONFIRMADA,3363067,0,10/08/2018,11/08/2028,10.75,MINISTERIO DE HACIENDA,HACIENDA,61313
DO1005206516,MH32028,HACIENDA/10.75 BOEST 20280811 GTIA,500000,DOP,5,18.00529,89.180376,25/09/2026,01:56:54 PM,ESTRUCTURADA,SEGUNDA PARTE,ROTC,22/10/2026,CONFIRMADA,3363066,0,10/08/2018,11/08/2028,10.75,MINISTERIO DE HACIENDA,HACIENDA,63259
DO1005206516,MH32028,HACIENDA/10.75 BOEST 20280811 GTIA,500000,DOP,5,17.60466,89.390276,25/09/2026,01:56:54 PM,ESTRUCTURADA,PRIMERA PARTE,ROTC,25/09/2026,CONFIRMADA,3363066,0,10/08/2018,11/08/2028,10.75,MINISTERIO DE HACIENDA,HACIENDA,63448
DO1005206516,MH32028,HACIENDA/10.75 BOEST 20280811 GTIA,16900000,DOP,169,6.64711,106.516907,25/09/2026,01:55:12 PM,PRESTAMO,SEGUNDA PARTE,ROTC,24/11/2026,CONFIRMADA,3362898,0,10/08/2018,11/08/2028,10.75,MINISTERIO DE HACIENDA,HACIENDA,62580
DO1005206516,MH32028,HACIENDA/10.75 BOEST 20280811 GTIA,16900000,DOP,169,6.83528,106.770279,25/09/2026,01:55:12 PM,PRESTAMO,PRIMERA PARTE,ROTC,25/09/2026,CONFIRMADA,3362898,0,10/08/2018,11/08/2028,10.75,MINISTERIO DE HACIENDA,HACIENDA,62776
DO1005205716,MHUS2027,HACIENDA/6 BOEST 20270305 GTIA,1197000,USD,1197,3.0784438,101.256899,25/09/2026,01:55:09 PM,CONTADO,PRIMERA PARTE,ROTC,25/09/2026,CONFIRMADA,3361906,0,05/09/2016,05/03/2027,0,MINISTERIO DE HACIENDA,HACIENDA,62356
DO1005206516,MH32028,HACIENDA/10.75 BOEST 20280811 GTIA,16900000,DOP,169,6.64711,106.516907,25/09/2026,01:54:20 PM,ESTRUCTURADA,SEGUNDA PARTE,ROTC,24/11/2026,CONFIRMADA,3362897,0,10/08/2018,11/08/2028,10.75,MINISTERIO DE HACIENDA,HACIENDA,64666
DO1005206516,MH32028,HACIENDA/10.75 BOEST 20280811 GTIA,16900000,DOP,169,6.83528,106.770279,25/09/2026,01:54:20 PM,ESTRUCTURADA,PRIMERA PARTE,ROTC,25/09/2026,CONFIRMADA,3362897,0,10/08/2018,11/08/2028,10.75,MINISTERIO DE HACIENDA,HACIENDA,64862
DO1005206516,MH32028,HACIENDA/10.75 BOEST 20280811 GTIA,7400000,DOP,74,2.52202,111.732544,25/09/2026,01:53:26 PM,PRESTAMO,SEGUNDA PARTE,ROTC,25/02/2027,CONFIRMADA,3363069,0,10/08/2018,11/08/2028,10.75,MINISTERIO DE HACIENDA,HACIENDA,61740
DO1005206516,MH32028,HACIENDA/10.75 BOEST 20280811 GTIA,7400000,DOP,74,6.84464,106.753314,25/09/2026,01:53:26 PM,PRESTAMO,PRIMERA PARTE,ROTC,25/09/2026,CONFIRMADA,3363069,0,10/08/2018,11/08/2028,10.75,MINISTERIO DE HACIENDA,HACIENDA,61992
DO1002226525,NO180228,BCENTRAL/15 BOEST 20280218 GTIA,10000,DOP,1,9.14999971,107.483115,25/09/2026,01:53:04 PM,CONTADO,PRIMERA PARTE,ROTC,25/09/2026,CONFIRMADA,3363078,0,18/02/2023,18/02/2028,0,BANCO CENTRAL DE LA REPUBLICA DOMINICANA,BCENTRAL,60914
DO1002226525,NO180228,BCENTRAL/15 BOEST 20280218 GTIA,20000,DOP,2,9.14999971,107.483105,25/09/2026,01:53:03 PM,CONTADO,PRIMERA PARTE,ROTC,25/09/2026,CONFIRMADA,3363080,0,18/02/2023,18/02/2028,0,BANCO CENTRAL DE LA REPUBLICA DOMINICANA,BCENTRAL,60914
DO1002261928,LE090427,BCENTRAL/ LT 20270409 GTIA,10000,DOP,1,7.5,96.076861,25/09/2026,01:53:01 PM,CONTADO,PRIMERA PARTE,ROTC,25/09/2026,CONFIRMADA,3363082,0,09/04/2026,09/04/2027,0,BANCO CENTRAL DE LA REPUBLICA DOMINICANA,BCENTRAL,55685
DO1002262223,LE030927,BCENTRAL/ LT 20270903 GTIA,1760000,DOP,176,8.6139,92.929047,25/09/2026,01:53:00 PM,ESTRUCTURADA,SEGUNDA PARTE,ROTC,20/10/2026,CONFIRMADA,3363084,0,03/09/2026,03/09/2027,9.35,BANCO CENTRAL DE LA REPUBLICA DOMINICANA,BCENTRAL,60858
DO1002262223,LE030927,BCENTRAL/ LT 20270903 GTIA,1760000,DOP,176,8.7194,92.329545,25/09/2026,01:53:00 PM,ESTRUCTURADA,PRIMERA PARTE,ROTC,25/09/2026,CONFIRMADA,3363084,0,03/09/2026,03/09/2027,9.35,BANCO CENTRAL DE LA REPUBLICA DOMINICANA,BCENTRAL,61005
DO1002262223,LE030927,BCENTRAL/ LT 20270903 GTIA,1760000,DOP,176,0,0,25/09/2026,01:52:59 PM,PRESTAMO,SEGUNDA PARTE,ROTC,02/09/2027,CONFIRMADA,3363085,0,03/09/2026,03/09/2027,0,BANCO CENTRAL DE LA REPUBLICA DOMINICANA,BCENTRAL,54089
DO1002262223,LE030927,BCENTRAL/ LT 20270903 GTIA,1760000,DOP,176,8.7194,92.329545,25/09/2026,01:52:59 PM,PRESTAMO,PRIMERA PARTE,ROTC,25/09/2026,CONFIRMADA,3363085,0,03/09/2026,03/09/2027,0,BANCO CENTRAL DE LA REPUBLICA DOMINICANA,BCENTRAL,58996
DO1002261928,LE090427,BCENTRAL/ LT 20270409 GTIA,10000,DOP,1,7.5,96.076861,25/09/2026,01:52:57 PM,CONTADO,PRIMERA PARTE,ROTC,25/09/2026,CONFIRMADA,3363086,0,09/04/2026,09/04/2027,0,BANCO CENTRAL DE LA REPUBLICA DOMINICANA,BCENTRAL,55755
DO1005206516,MH32028,HACIENDA/10.75 BOEST 20280811 GTIA,7400000,DOP,74,2.52202,111.732544,25/09/2026,01:52:54 PM,ESTRUCTURADA,SEGUNDA PARTE,ROTC,25/02/2027,CONFIRMADA,3363068,0,10/08/2018,11/08/2028,10.75,MINISTERIO DE HACIENDA,HACIENDA,63840
DO1005206516,MH32028,HACIENDA/10.75 BOEST 20280811 GTIA,7400000,DOP,74,6.84464,106.753314,25/09/2026,01:52:54 PM,ESTRUCTURADA,PRIMERA PARTE,ROTC,25/09/2026,CONFIRMADA,3363068,0,10/08/2018,11/08/2028,10.75,MINISTERIO DE HACIENDA,HACIENDA,64092
DO1005208322,MHUS2040,HACIENDA/6.75 BOEST 20400724 GTIA,3640000,USD,3640,4.50000004,122.972432,25/09/2026,01:51:49 PM,CONTADO,PRIMERA PARTE,ROTC,25/09/2026,CONFIRMADA,3361526,0,24/07/2020,24/07/2040,0,MINISTERIO DE HACIENDA,HACIENDA,63406
DO1005206516,MH32028,HACIENDA/10.75 BOEST 20280811 GTIA,2300000,DOP,23,5.32579,107.568281,25/09/2026,01:50:23 PM,PRESTAMO,SEGUNDA PARTE,ROTC,22/02/2027,CONFIRMADA,3363071,0,10/08/2018,11/08/2028,10.75,MINISTERIO DE HACIENDA,HACIENDA,61789
DO1005206516,MH32028,HACIENDA/10.75 BOEST 20280811 GTIA,2300000,DOP,23,9.21904,102.561793,25/09/2026,01:50:23 PM,PRESTAMO,PRIMERA PARTE,ROTC,25/09/2026,CONFIRMADA,3363071,0,10/08/2018,11/08/2028,10.75,MINISTERIO DE HACIENDA,HACIENDA,61845
DO1005206516,MH32028,HACIENDA/10.75 BOEST 20280811 GTIA,2300000,DOP,23,5.32579,107.568281,25/09/2026,01:49:02 PM,ESTRUCTURADA,SEGUNDA PARTE,ROTC,22/02/2027,CONFIRMADA,3363070,0,10/08/2018,11/08/2028,10.75,MINISTERIO DE HACIENDA,HACIENDA,63924
DO1005206516,MH32028,HACIENDA/10.75 BOEST 20280811 GTIA,2300000,DOP,23,9.21904,102.561793,25/09/2026,01:49:02 PM,ESTRUCTURADA,PRIMERA PARTE,ROTC,25/09/2026,CONFIRMADA,3363070,0,10/08/2018,11/08/2028,10.75,MINISTERIO DE HACIENDA,HACIENDA,63980
DO1002228612,NO031227,BCENTRAL/8 BOEST 20271203 GTIA,90000,DOP,9,8.15,99.81594,25/09/2026,01:48:50 PM,CONTADO,PRIMERA PARTE,ROTC,28/09/2026,CONFIRMADA,3363042,0,03/12/2024,03/12/2027,0,BANCO CENTRAL DE LA REPUBLICA DOMINICANA,BCENTRAL,57778
DO1005208322,MHUS2040,HACIENDA/6.75 BOEST 20400724 GTIA,107000,USD,107,4.67835593,120.736233,25/09/2026,01:48:44 PM,PRESTAMO,SEGUNDA PARTE,ROTC,24/11/2026,CONFIRMADA,3363073,0,24/07/2020,24/07/2040,4.9,MINISTERIO DE HACIENDA,HACIENDA,63469
DO1005208322,MHUS2040,HACIENDA/6.75 BOEST 20400724 GTIA,107000,USD,107,4.68428459,120.846231,25/09/2026,01:48:44 PM,PRESTAMO,PRIMERA PARTE,ROTC,25/09/2026,CONFIRMADA,3363073,0,24/07/2020,24/07/2040,4.9,MINISTERIO DE HACIENDA,HACIENDA,63588
DO1005208322,MHUS2040,HACIENDA/6.75 BOEST 20400724 GTIA,107000,USD,107,4.67835593,120.736233,25/09/2026,01:48:42 PM,ESTRUCTURADA,SEGUNDA PARTE,ROTC,24/11/2026,CONFIRMADA,3363072,0,24/07/2020,24/07/2040,4.9,MINISTERIO DE HACIENDA,HACIENDA,65555
DO1005208322,MHUS2040,HACIENDA/6.75 BOEST 20400724 GTIA,107000,USD,107,4.68428459,120.846231,25/09/2026,01:48:42 PM,ESTRUCTURADA,PRIMERA PARTE,ROTC,25/09/2026,CONFIRMADA,3363072,0,24/07/2020,24/07/2040,4.9,MINISTERIO DE HACIENDA,HACIENDA,65674
DO1005206516,MH32028,HACIENDA/10.75 BOEST 20280811 GTIA,1100000,DOP,11,3.11598,109.722391,25/09/2026,01:47:34 PM,PRESTAMO,SEGUNDA PARTE,ROTC,21/04/2027,CONFIRMADA,3362896,0,10/08/2018,11/08/2028,10.75,MINISTERIO DE HACIENDA,HACIENDA,61754
DO1005206516,MH32028,HACIENDA/10.75 BOEST 20280811 GTIA,1100000,DOP,11,7.54679,105.490608,25/09/2026,01:47:34 PM,PRESTAMO,PRIMERA PARTE,ROTC,25/09/2026,CONFIRMADA,3362896,0,10/08/2018,11/08/2028,10.75,MINISTERIO DE HACIENDA,HACIENDA,61943
DO1005206516,MH32028,HACIENDA/10.75 BOEST 20280811 GTIA,1100000,DOP,11,3.11598,109.722391,25/09/2026,01:46:41 PM,ESTRUCTURADA,SEGUNDA PARTE,ROTC,21/04/2027,CONFIRMADA,3362895,0,10/08/2018,11/08/2028,10.75,MINISTERIO DE HACIENDA,HACIENDA,63833
DO1005206516,MH32028,HACIENDA/10.75 BOEST 20280811 GTIA,1100000,DOP,11,7.54679,105.490608,25/09/2026,01:46:41 PM,ESTRUCTURADA,PRIMERA PARTE,ROTC,25/09/2026,CONFIRMADA,3362895,0,10/08/2018,11/08/2028,10.75,MINISTERIO DE HACIENDA,HACIENDA,64022
DO2016300223,BC1GUL02,GULFSTREAM/11.15 BO 20290624,83453,DOP,83453,10.2446,101.90228,25/09/2026,01:46:39 PM,ESTRUCTURADA,SEGUNDA PARTE,ROTC,27/01/2027,CONFIRMADA,3362955,0,24/06/2019,24/06/2029,8.75,GULFSTREAM PETROLEUM DOMINICANA S DE RL,GULFSTREAM,62251
DO2016300223,BC1GUL02,GULFSTREAM/11.15 BO 20290624,83453,DOP,83453,11.2017,99.877748,25/09/2026,01:46:39 PM,ESTRUCTURADA,PRIMERA PARTE,ROTC,28/09/2026,CONFIRMADA,3362955,0,24/06/2019,24/06/2029,8.75,GULFSTREAM PETROLEUM DOMINICANA S DE RL,GULFSTREAM,62587
DO2016300223,BC1GUL02,GULFSTREAM/11.15 BO 20290624,83453,DOP,83453,10.2446,101.90228,25/09/2026,01:46:38 PM,PRESTAMO,SEGUNDA PARTE,ROTC,27/01/2027,CONFIRMADA,3362956,0,24/06/2019,24/06/2029,2.975653,GULFSTREAM PETROLEUM DOMINICANA S DE RL,GULFSTREAM,60144
DO2016300223,BC1GUL02,GULFSTREAM/11.15 BO 20290624,83453,DOP,83453,11.2017,99.877748,25/09/2026,01:46:38 PM,PRESTAMO,PRIMERA PARTE,ROTC,28/09/2026,CONFIRMADA,3362956,0,24/06/2019,24/06/2029,2.975653,GULFSTREAM PETROLEUM DOMINICANA S DE RL,GULFSTREAM,60480
USP3579ECF27,BSRD2030,DOMINICAN REP/4.5 BD 20300130 UNS,3000,USD,3,5.3,97.5693,25/09/2026,01:46:13 PM,CONTADO,PRIMERA PARTE,ROTC,25/09/2026,CONFIRMADA,3363041,0,30/01/2020,30/01/2030,0,MINISTERIO DE HACIENDA,HACIENDA,58632
USP3579EBE60,BSRD2045,DOMINICAN Rep/6.85 BD 20450127 Un,511000,USD,511,6.954279,98.91718,25/09/2026,01:45:47 PM,ESTRUCTURADA,SEGUNDA PARTE,ROTC,04/11/2026,CONFIRMADA,3363061,0,27/01/2015,27/01/2045,6,MINISTERIO DE HACIENDA,HACIENDA,65604
USP3579EBE60,BSRD2045,DOMINICAN Rep/6.85 BD 20450127 Un,511000,USD,511,6.94681415,98.99196,25/09/2026,01:45:47 PM,ESTRUCTURADA,PRIMERA PARTE,ROTC,25/09/2026,CONFIRMADA,3363061,0,27/01/2015,27/01/2045,6,MINISTERIO DE HACIENDA,HACIENDA,66479
USP3579EBE60,BSRD2045,DOMINICAN Rep/6.85 BD 20450127 Un,224000,USD,224,6.966609,98.791908,25/09/2026,01:45:46 PM,ESTRUCTURADA,SEGUNDA PARTE,ROTC,04/11/2026,CONFIRMADA,3363062,0,27/01/2015,27/01/2045,6,MINISTERIO DE HACIENDA,HACIENDA,66003
USP3579EBE60,BSRD2045,DOMINICAN Rep/6.85 BD 20450127 Un,224000,USD,224,6.9590137500000004,98.867518,25/09/2026,01:45:46 PM,ESTRUCTURADA,PRIMERA PARTE,ROTC,25/09/2026,CONFIRMADA,3363062,0,27/01/2015,27/01/2045,6,MINISTERIO DE HACIENDA,HACIENDA,66836
USP3579ECN50,BSRD2033, ,1035000,USD,1035,6.398511,98.011069,25/09/2026,01:45:45 PM,ESTRUCTURADA,SEGUNDA PARTE,ROTC,22/01/2027,CONFIRMADA,3363063,0,22/02/2022,22/02/2033,5.4,MINISTERIO DE HACIENDA,HACIENDA,52269
USP3579ECN50,BSRD2033, ,1035000,USD,1035,6.34518441,98.19841,25/09/2026,01:45:45 PM,ESTRUCTURADA,PRIMERA PARTE,ROTC,25/09/2026,CONFIRMADA,3363063,0,22/02/2022,22/02/2033,5.4,MINISTERIO DE HACIENDA,HACIENDA,52801
DO1005206516,MH32028,HACIENDA/10.75 BOEST 20280811 GTIA,1000000,DOP,10,4.63167,107.650282,25/09/2026,01:45:43 PM,PRESTAMO,SEGUNDA PARTE,ROTC,23/04/2027,CONFIRMADA,3362999,0,10/08/2018,11/08/2028,10.75,MINISTERIO DE HACIENDA,HACIENDA,61719
DO1005206516,MH32028,HACIENDA/10.75 BOEST 20280811 GTIA,1000000,DOP,10,8.69761,103.463376,25/09/2026,01:45:43 PM,PRESTAMO,PRIMERA PARTE,ROTC,25/09/2026,CONFIRMADA,3362999,0,10/08/2018,11/08/2028,10.75,MINISTERIO DE HACIENDA,HACIENDA,61908
USP3579ECG00,BSRD2060,DOMINICAN REP/5.875 BD 20600130 U,12000,USD,12,4.9247,115.460667,25/09/2026,01:45:36 PM,ESTRUCTURADA,SEGUNDA PARTE,ROTC,28/10/2026,CONFIRMADA,3362951,0,30/01/2020,30/01/2060,4.05,MINISTERIO DE HACIENDA,HACIENDA,63791
USP3579ECG00,BSRD2060,DOMINICAN REP/5.875 BD 20600130 U,12000,USD,12,4.9203,115.556972,25/09/2026,01:45:36 PM,ESTRUCTURADA,PRIMERA PARTE,ROTC,28/09/2026,CONFIRMADA,3362951,0,30/01/2020,30/01/2060,4.05,MINISTERIO DE HACIENDA,HACIENDA,63889
USP3579ECG00,BSRD2060,DOMINICAN REP/5.875 BD 20600130 U,12000,USD,12,4.9247,115.460667,25/09/2026,01:45:35 PM,PRESTAMO,SEGUNDA PARTE,ROTC,28/10/2026,CONFIRMADA,3362952,0,30/01/2020,30/01/2060,1.146121,MINISTERIO DE HACIENDA,HACIENDA,61684
USP3579ECG00,BSRD2060,DOMINICAN REP/5.875 BD 20600130 U,12000,USD,12,4.9203,115.556972,25/09/2026,01:45:35 PM,PRESTAMO,PRIMERA PARTE,ROTC,28/09/2026,CONFIRMADA,3362952,0,30/01/2020,30/01/2060,1.146121,MINISTERIO DE HACIENDA,HACIENDA,61782
USP3579ECE51,BSRD2049,"DOMINICAN, REP /6.4 BD 20490605",17000,USD,17,4.8228,121.56,25/09/2026,01:45:34 PM,ESTRUCTURADA,SEGUNDA PARTE,ROTC,28/10/2026,CONFIRMADA,3362953,0,05/06/2019,05/06/2049,4.05,MINISTERIO DE HACIENDA,HACIENDA,61453
USP3579ECE51,BSRD2049,"DOMINICAN, REP /6.4 BD 20490605",17000,USD,17,4.818,121.675935,25/09/2026,01:45:34 PM,ESTRUCTURADA,PRIMERA PARTE,ROTC,28/09/2026,CONFIRMADA,3362953,0,05/06/2019,05/06/2049,4.05,MINISTERIO DE HACIENDA,HACIENDA,62727
USP3579ECE51,BSRD2049,"DOMINICAN, REP /6.4 BD 20490605",17000,USD,17,4.8228,121.56,25/09/2026,01:45:33 PM,PRESTAMO,SEGUNDA PARTE,ROTC,28/10/2026,CONFIRMADA,3362954,0,05/06/2019,05/06/2049,1.955082,MINISTERIO DE HACIENDA,HACIENDA,59346
USP3579ECE51,BSRD2049,"DOMINICAN, REP /6.4 BD 20490605",17000,USD,17,4.818,121.675935,25/09/2026,01:45:33 PM,PRESTAMO,PRIMERA PARTE,ROTC,28/09/2026,CONFIRMADA,3362954,0,05/06/2019,05/06/2049,1.955082,MINISTERIO DE HACIENDA,HACIENDA,60620
DO1005206516,MH32028,HACIENDA/10.75 BOEST 20280811 GTIA,1000000,DOP,10,4.63167,107.650282,25/09/2026,01:45:10 PM,ESTRUCTURADA,SEGUNDA PARTE,ROTC,23/04/2027,CONFIRMADA,3362998,0,10/08/2018,11/08/2028,10.75,MINISTERIO DE HACIENDA,HACIENDA,63777
DO1005206516,MH32028,HACIENDA/10.75 BOEST 20280811 GTIA,1000000,DOP,10,8.69761,103.463376,25/09/2026,01:45:10 PM,ESTRUCTURADA,PRIMERA PARTE,ROTC,25/09/2026,CONFIRMADA,3362998,0,10/08/2018,11/08/2028,10.75,MINISTERIO DE HACIENDA,HACIENDA,63966
DO1005213025,MH22031,HACIENDA/10.25 BOEST 20310209 GTIA,2500000,DOP,25,8.6144,105.470243,25/09/2026,01:43:50 PM,PRESTAMO,SEGUNDA PARTE,ROTC,26/01/2027,CONFIRMADA,3363020,0,09/02/2024,09/02/2031,4.292907,MINISTERIO DE HACIENDA,HACIENDA,61208
DO1005213025,MH22031,HACIENDA/10.25 BOEST 20310209 GTIA,2500000,DOP,25,8.7085,105.511535,25/09/2026,01:43:50 PM,PRESTAMO,PRIMERA PARTE,ROTC,25/09/2026,CONFIRMADA,3363020,0,09/02/2024,09/02/2031,4.292907,MINISTERIO DE HACIENDA,HACIENDA,61348
DO1005213025,MH22031,HACIENDA/10.25 BOEST 20310209 GTIA,2500000,DOP,25,8.6144,105.470243,25/09/2026,01:43:49 PM,ESTRUCTURADA,SEGUNDA PARTE,ROTC,26/01/2027,CONFIRMADA,3363019,0,09/02/2024,09/02/2031,9.35,MINISTERIO DE HACIENDA,HACIENDA,63364
DO1005213025,MH22031,HACIENDA/10.25 BOEST 20310209 GTIA,2500000,DOP,25,8.7085,105.511535,25/09/2026,01:43:49 PM,ESTRUCTURADA,PRIMERA PARTE,ROTC,25/09/2026,CONFIRMADA,3363019,0,09/02/2024,09/02/2031,9.35,MINISTERIO DE HACIENDA,HACIENDA,63504
DO1005206516,MH32028,HACIENDA/10.75 BOEST 20280811 GTIA,1400000,DOP,14,7.3345,105.635286,25/09/2026,01:43:36 PM,PRESTAMO,SEGUNDA PARTE,ROTC,26/10/2026,CONFIRMADA,3363060,0,10/08/2018,11/08/2028,8.24,MINISTERIO DE HACIENDA,HACIENDA,61432
DO1005206516,MH32028,HACIENDA/10.75 BOEST 20280811 GTIA,1400000,DOP,14,7.3946,105.788063,25/09/2026,01:43:36 PM,PRESTAMO,PRIMERA PARTE,ROTC,25/09/2026,CONFIRMADA,3363060,0,10/08/2018,11/08/2028,8.24,MINISTERIO DE HACIENDA,HACIENDA,61607
DO1005206516,MH32028,HACIENDA/10.75 BOEST 20280811 GTIA,1400000,DOP,14,7.3345,105.635286,25/09/2026,01:43:35 PM,ESTRUCTURADA,SEGUNDA PARTE,ROTC,26/10/2026,CONFIRMADA,3363040,0,10/08/2018,11/08/2028,8.24,MINISTERIO DE HACIENDA,HACIENDA,63525
DO1005206516,MH32028,HACIENDA/10.75 BOEST 20280811 GTIA,1400000,DOP,14,7.3946,105.788063,25/09/2026,01:43:35 PM,ESTRUCTURADA,PRIMERA PARTE,ROTC,25/09/2026,CONFIRMADA,3363040,0,10/08/2018,11/08/2028,8.24,MINISTERIO DE HACIENDA,HACIENDA,63700
DO1005206516,MH32028,HACIENDA/10.75 BOEST 20280811 GTIA,5300000,DOP,53,9.9073,101.168998,25/09/2026,01:42:12 PM,PRESTAMO,SEGUNDA PARTE,ROTC,26/01/2027,CONFIRMADA,3363044,0,10/08/2018,11/08/2028,8.24,MINISTERIO DE HACIENDA,HACIENDA,61523
DO1005206516,MH32028,HACIENDA/10.75 BOEST 20280811 GTIA,5300000,DOP,53,9.6308,101.885055,25/09/2026,01:42:12 PM,PRESTAMO,PRIMERA PARTE,ROTC,25/09/2026,CONFIRMADA,3363044,0,10/08/2018,11/08/2028,8.24,MINISTERIO DE HACIENDA,HACIENDA,61544
DO1005206516,MH32028,HACIENDA/10.75 BOEST 20280811 GTIA,5300000,DOP,53,9.9073,101.168998,25/09/2026,01:42:11 PM,ESTRUCTURADA,SEGUNDA PARTE,ROTC,26/01/2027,CONFIRMADA,3363039,0,10/08/2018,11/08/2028,8.24,MINISTERIO DE HACIENDA,HACIENDA,63616
DO1005206516,MH32028,HACIENDA/10.75 BOEST 20280811 GTIA,5300000,DOP,53,9.6308,101.885055,25/09/2026,01:42:11 PM,ESTRUCTURADA,PRIMERA PARTE,ROTC,25/09/2026,CONFIRMADA,3363039,0,10/08/2018,11/08/2028,8.24,MINISTERIO DE HACIENDA,HACIENDA,63637
DO1005206516,MH32028,HACIENDA/10.75 BOEST 20280811 GTIA,9900000,DOP,99,2.978,111.07407,25/09/2026,01:41:36 PM,PRESTAMO,SEGUNDA PARTE,ROTC,23/02/2027,CONFIRMADA,3363001,0,10/08/2018,11/08/2028,10.75,MINISTERIO DE HACIENDA,HACIENDA,60844
DO1005206516,MH32028,HACIENDA/10.75 BOEST 20280811 GTIA,9900000,DOP,99,7.28395,105.960957,25/09/2026,01:41:36 PM,PRESTAMO,PRIMERA PARTE,ROTC,25/09/2026,CONFIRMADA,3363001,0,10/08/2018,11/08/2028,10.75,MINISTERIO DE HACIENDA,HACIENDA,62174
DO1005206516,MH32028,HACIENDA/10.75 BOEST 20280811 GTIA,10300000,DOP,103,9.4813,101.771938,25/09/2026,01:41:22 PM,PRESTAMO,SEGUNDA PARTE,ROTC,26/01/2027,CONFIRMADA,3363043,0,10/08/2018,11/08/2028,8.24,MINISTERIO DE HACIENDA,HACIENDA,62076
DO1005206516,MH32028,HACIENDA/10.75 BOEST 20280811 GTIA,10300000,DOP,103,9.2877,102.471485,25/09/2026,01:41:22 PM,PRESTAMO,PRIMERA PARTE,ROTC,25/09/2026,CONFIRMADA,3363043,0,10/08/2018,11/08/2028,8.24,MINISTERIO DE HACIENDA,HACIENDA,62202
DO1005206516,MH32028,HACIENDA/10.75 BOEST 20280811 GTIA,10300000,DOP,103,9.4813,101.771938,25/09/2026,01:41:20 PM,ESTRUCTURADA,SEGUNDA PARTE,ROTC,26/01/2027,CONFIRMADA,3363038,0,10/08/2018,11/08/2028,8.24,MINISTERIO DE HACIENDA,HACIENDA,64162
DO1005206516,MH32028,HACIENDA/10.75 BOEST 20280811 GTIA,10300000,DOP,103,9.2877,102.471485,25/09/2026,01:41:20 PM,ESTRUCTURADA,PRIMERA PARTE,ROTC,25/09/2026,CONFIRMADA,3363038,0,10/08/2018,11/08/2028,8.24,MINISTERIO DE HACIENDA,HACIENDA,64288
DO1005206516,MH32028,HACIENDA/10.75 BOEST 20280811 GTIA,9900000,DOP,99,2.978,111.07407,25/09/2026,01:40:51 PM,ESTRUCTURADA,SEGUNDA PARTE,ROTC,23/02/2027,CONFIRMADA,3363000,0,10/08/2018,11/08/2028,10.75,MINISTERIO DE HACIENDA,HACIENDA,62916
DO1005206516,MH32028,HACIENDA/10.75 BOEST 20280811 GTIA,9900000,DOP,99,7.28395,105.960957,25/09/2026,01:40:51 PM,ESTRUCTURADA,PRIMERA PARTE,ROTC,25/09/2026,CONFIRMADA,3363000,0,10/08/2018,11/08/2028,10.75,MINISTERIO DE HACIENDA,HACIENDA,64246
DO1005208124,INF2040,HACIENDA/10.875 BOEST 20400228 GTIA,370000000,DOP,3700,9.335,111.656776,25/09/2026,01:40:35 PM,CONTADO,PRIMERA PARTE,ROTC,25/09/2026,CONFIRMADA,3362604,0,28/02/2020,28/02/2040,0,MINISTERIO DE HACIENDA,HACIENDA,62363
DO1005206516,MH32028,HACIENDA/10.75 BOEST 20280811 GTIA,1900000,DOP,19,4.03727,108.458173,25/09/2026,01:40:04 PM,PRESTAMO,SEGUNDA PARTE,ROTC,22/04/2027,CONFIRMADA,3362894,0,10/08/2018,11/08/2028,10.75,MINISTERIO DE HACIENDA,HACIENDA,61796
DO1005206516,MH32028,HACIENDA/10.75 BOEST 20280811 GTIA,1900000,DOP,19,8.44246,103.908364,25/09/2026,01:40:04 PM,PRESTAMO,PRIMERA PARTE,ROTC,25/09/2026,CONFIRMADA,3362894,0,10/08/2018,11/08/2028,10.75,MINISTERIO DE HACIENDA,HACIENDA,61922
DO1005206516,MH32028,HACIENDA/10.75 BOEST 20280811 GTIA,1900000,DOP,19,4.03727,108.458173,25/09/2026,01:39:31 PM,ESTRUCTURADA,SEGUNDA PARTE,ROTC,22/04/2027,CONFIRMADA,3362893,0,10/08/2018,11/08/2028,10.75,MINISTERIO DE HACIENDA,HACIENDA,63952
DO1005206516,MH32028,HACIENDA/10.75 BOEST 20280811 GTIA,1900000,DOP,19,8.44246,103.908364,25/09/2026,01:39:31 PM,ESTRUCTURADA,PRIMERA PARTE,ROTC,25/09/2026,CONFIRMADA,3362893,0,10/08/2018,11/08/2028,10.75,MINISTERIO DE HACIENDA,HACIENDA,64078
DO1005206516,MH32028,HACIENDA/10.75 BOEST 20280811 GTIA,1800000,DOP,18,2.63503,110.70227,25/09/2026,01:38:19 PM,PRESTAMO,SEGUNDA PARTE,ROTC,06/04/2027,CONFIRMADA,3363003,0,10/08/2018,11/08/2028,10.75,MINISTERIO DE HACIENDA,HACIENDA,61404
DO1005206516,MH32028,HACIENDA/10.75 BOEST 20280811 GTIA,1800000,DOP,18,7.22215,106.071961,25/09/2026,01:38:19 PM,PRESTAMO,PRIMERA PARTE,ROTC,25/09/2026,CONFIRMADA,3363003,0,10/08/2018,11/08/2028,10.75,MINISTERIO DE HACIENDA,HACIENDA,61915
USP3579EBE60,BSRD2045,DOMINICAN Rep/6.85 BD 20450127 Un,10000,USD,10,6.9568,98.890106,25/09/2026,01:38:14 PM,ESTRUCTURADA,SEGUNDA PARTE,ROTC,28/09/2026,CONFIRMADA,3363021,0,27/01/2015,27/01/2045,1.95,MINISTERIO DE HACIENDA,HACIENDA,64505
USP3579EBE60,BSRD2045,DOMINICAN Rep/6.85 BD 20450127 Un,10000,USD,10,6.9528,98.930889,25/09/2026,01:38:14 PM,ESTRUCTURADA,PRIMERA PARTE,ROTC,25/09/2026,CONFIRMADA,3363021,0,27/01/2015,27/01/2045,1.95,MINISTERIO DE HACIENDA,HACIENDA,64610
USP3579EBE60,BSRD2045,DOMINICAN Rep/6.85 BD 20450127 Un,10000,USD,10,0,0,25/09/2026,01:38:13 PM,PRESTAMO,SEGUNDA PARTE,ROTC,26/01/2045,CONFIRMADA,3363022,0,27/01/2015,27/01/2045,0,MINISTERIO DE HACIENDA,HACIENDA,57470
USP3579EBE60,BSRD2045,DOMINICAN Rep/6.85 BD 20450127 Un,10000,USD,10,6.9528,98.930889,25/09/2026,01:38:13 PM,PRESTAMO,PRIMERA PARTE,ROTC,25/09/2026,CONFIRMADA,3363022,0,27/01/2015,27/01/2045,0,MINISTERIO DE HACIENDA,HACIENDA,62503
USP3579ECN50,BSRD2033, ,67000,USD,67,6.20000005,98.948614,25/09/2026,01:38:12 PM,CONTADO,PRIMERA PARTE,ROTC,25/09/2026,CONFIRMADA,3363023,0,22/02/2022,22/02/2033,0,MINISTERIO DE HACIENDA,HACIENDA,48930
USP3579EBY25,BSRD2048,DOMINICAN REP/6.5 CHURCH BD UNSEC,12000,USD,12,6.9189,95.387861,25/09/2026,01:38:10 PM,ESTRUCTURADA,SEGUNDA PARTE,ROTC,28/01/2027,CONFIRMADA,3363024,0,08/02/2018,15/02/2048,5.2,MINISTERIO DE HACIENDA,HACIENDA,65408
USP3579EBY25,BSRD2048,DOMINICAN REP/6.5 CHURCH BD UNSEC,12000,USD,12,6.8709,95.864778,25/09/2026,01:38:10 PM,ESTRUCTURADA,PRIMERA PARTE,ROTC,25/09/2026,CONFIRMADA,3363024,0,08/02/2018,15/02/2048,5.2,MINISTERIO DE HACIENDA,HACIENDA,65527
USP3579EBY25,BSRD2048,DOMINICAN REP/6.5 CHURCH BD UNSEC,12000,USD,12,0,0,25/09/2026,01:38:09 PM,PRESTAMO,SEGUNDA PARTE,ROTC,14/02/2048,CONFIRMADA,3363025,0,08/02/2018,15/02/2048,0,MINISTERIO DE HACIENDA,HACIENDA,58457
USP3579EBY25,BSRD2048,DOMINICAN REP/6.5 CHURCH BD UNSEC,12000,USD,12,6.8709,95.864778,25/09/2026,01:38:09 PM,PRESTAMO,PRIMERA PARTE,ROTC,25/09/2026,CONFIRMADA,3363025,0,08/02/2018,15/02/2048,0,MINISTERIO DE HACIENDA,HACIENDA,63483
USP3579ECV76,BSDR2036, ,350000,DOP,7,8.9941,110.919307,25/09/2026,01:38:08 PM,ESTRUCTURADA,SEGUNDA PARTE,ROTC,26/01/2027,CONFIRMADA,3363026,0,01/07/2024,01/06/2036,9.35,MINISTERIO DE HACIENDA,HACIENDA,50638
USP3579ECV76,BSDR2036, ,350000,DOP,7,9.0358,110.881548,25/09/2026,01:38:08 PM,ESTRUCTURADA,PRIMERA PARTE,ROTC,25/09/2026,CONFIRMADA,3363026,0,01/07/2024,01/06/2036,9.35,MINISTERIO DE HACIENDA,HACIENDA,50736
USP3579ECV76,BSDR2036, ,350000,DOP,7,0,0,25/09/2026,01:38:07 PM,PRESTAMO,SEGUNDA PARTE,ROTC,30/05/2036,CONFIRMADA,3363027,0,01/07/2024,01/06/2036,0,MINISTERIO DE HACIENDA,HACIENDA,43414
USP3579ECV76,BSDR2036, ,350000,DOP,7,9.0358,110.881548,25/09/2026,01:38:07 PM,PRESTAMO,PRIMERA PARTE,ROTC,25/09/2026,CONFIRMADA,3363027,0,01/07/2024,01/06/2036,0,MINISTERIO DE HACIENDA,HACIENDA,48629
DO1002262124,LE110627,BCENTRAL/ LT 20270611 GTIA,330000,DOP,33,10.6214,96.169536,25/09/2026,01:38:06 PM,ESTRUCTURADA,SEGUNDA PARTE,ROTC,27/01/2027,CONFIRMADA,3363028,0,03/09/2026,11/06/2027,9.2,BANCO CENTRAL DE LA REPUBLICA DOMINICANA,BCENTRAL,60403
DO1002262124,LE110627,BCENTRAL/ LT 20270611 GTIA,330000,DOP,33,10.1163,93.215636,25/09/2026,01:38:06 PM,ESTRUCTURADA,PRIMERA PARTE,ROTC,25/09/2026,CONFIRMADA,3363028,0,03/09/2026,11/06/2027,9.2,BANCO CENTRAL DE LA REPUBLICA DOMINICANA,BCENTRAL,60417
DO1002262124,LE110627,BCENTRAL/ LT 20270611 GTIA,330000,DOP,33,0,0,25/09/2026,01:38:05 PM,PRESTAMO,SEGUNDA PARTE,ROTC,10/06/2027,CONFIRMADA,3363029,0,03/09/2026,11/06/2027,0,BANCO CENTRAL DE LA REPUBLICA DOMINICANA,BCENTRAL,53186
DO1002262124,LE110627,BCENTRAL/ LT 20270611 GTIA,330000,DOP,33,10.1163,93.215636,25/09/2026,01:38:05 PM,PRESTAMO,PRIMERA PARTE,ROTC,25/09/2026,CONFIRMADA,3363029,0,03/09/2026,11/06/2027,0,BANCO CENTRAL DE LA REPUBLICA DOMINICANA,BCENTRAL,58310
DO1005213421,MH22035,HACIENDA/10.5 BOEST 20350510 GTIA,26800000,DOP,268,9.0804,108.103721,25/09/2026,01:38:04 PM,ESTRUCTURADA,SEGUNDA PARTE,ROTC,26/01/2027,CONFIRMADA,3363030,0,10/05/2024,10/05/2035,9.6,MINISTERIO DE HACIENDA,HACIENDA,63763
DO1005213421,MH22035,HACIENDA/10.5 BOEST 20350510 GTIA,26800000,DOP,268,9.1374,107.970435,25/09/2026,01:38:04 PM,ESTRUCTURADA,PRIMERA PARTE,ROTC,25/09/2026,CONFIRMADA,3363030,0,10/05/2024,10/05/2035,9.6,MINISTERIO DE HACIENDA,HACIENDA,63980
DO1005213421,MH22035,HACIENDA/10.5 BOEST 20350510 GTIA,26800000,DOP,268,0,0,25/09/2026,01:38:03 PM,PRESTAMO,SEGUNDA PARTE,ROTC,09/05/2035,CONFIRMADA,3363031,0,10/05/2024,10/05/2035,0,MINISTERIO DE HACIENDA,HACIENDA,56700
DO1005213421,MH22035,HACIENDA/10.5 BOEST 20350510 GTIA,26800000,DOP,268,9.1374,107.970435,25/09/2026,01:38:03 PM,PRESTAMO,PRIMERA PARTE,ROTC,25/09/2026,CONFIRMADA,3363031,0,10/05/2024,10/05/2035,0,MINISTERIO DE HACIENDA,HACIENDA,61873
DO1002226525,NO180228,BCENTRAL/15 BOEST 20280218 GTIA,180000,DOP,18,6.9518,108.055056,25/09/2026,01:38:02 PM,ESTRUCTURADA,SEGUNDA PARTE,ROTC,28/01/2027,CONFIRMADA,3363032,0,18/02/2023,18/02/2028,9.3,BANCO CENTRAL DE LA REPUBLICA DOMINICANA,BCENTRAL,62860
DO1002226525,NO180228,BCENTRAL/15 BOEST 20280218 GTIA,180000,DOP,18,7.635,109.562198,25/09/2026,01:38:02 PM,ESTRUCTURADA,PRIMERA PARTE,ROTC,25/09/2026,CONFIRMADA,3363032,0,18/02/2023,18/02/2028,9.3,BANCO CENTRAL DE LA REPUBLICA DOMINICANA,BCENTRAL,62636
DO1002226525,NO180228,BCENTRAL/15 BOEST 20280218 GTIA,180000,DOP,18,0,0,25/09/2026,01:38:01 PM,PRESTAMO,SEGUNDA PARTE,ROTC,17/02/2028,CONFIRMADA,3363033,0,18/02/2023,18/02/2028,0,BANCO CENTRAL DE LA REPUBLICA DOMINICANA,BCENTRAL,55664
DO1002226525,NO180228,BCENTRAL/15 BOEST 20280218 GTIA,180000,DOP,18,7.635,109.562198,25/09/2026,01:38:01 PM,PRESTAMO,PRIMERA PARTE,ROTC,25/09/2026,CONFIRMADA,3363033,0,18/02/2023,18/02/2028,0,BANCO CENTRAL DE LA REPUBLICA DOMINICANA,BCENTRAL,60529
USP3579ECH82,BSRD2032,"DOMINICAN, REP /4.875 BD 20320923",7000,USD,7,6.4119,92.793661,25/09/2026,01:38:00 PM,ESTRUCTURADA,SEGUNDA PARTE,ROTC,26/01/2027,CONFIRMADA,3363034,0,23/09/2020,23/09/2032,5.05,MINISTERIO DE HACIENDA,HACIENDA,62636
USP3579ECH82,BSRD2032,"DOMINICAN, REP /4.875 BD 20320923",7000,USD,7,6.3309,92.83006,25/09/2026,01:38:00 PM,ESTRUCTURADA,PRIMERA PARTE,ROTC,25/09/2026,CONFIRMADA,3363034,0,23/09/2020,23/09/2032,5.05,MINISTERIO DE HACIENDA,HACIENDA,62300
USP3579ECH82,BSRD2032,"DOMINICAN, REP /4.875 BD 20320923",7000,USD,7,0,0,25/09/2026,01:37:58 PM,PRESTAMO,SEGUNDA PARTE,ROTC,22/09/2032,CONFIRMADA,3363035,0,23/09/2020,23/09/2032,0,MINISTERIO DE HACIENDA,HACIENDA,55832
USP3579ECH82,BSRD2032,"DOMINICAN, REP /4.875 BD 20320923",7000,USD,7,6.3309,92.83006,25/09/2026,01:37:58 PM,PRESTAMO,PRIMERA PARTE,ROTC,25/09/2026,CONFIRMADA,3363035,0,23/09/2020,23/09/2032,0,MINISTERIO DE HACIENDA,HACIENDA,60284
USP3579EBE60,BSRD2045,DOMINICAN Rep/6.85 BD 20450127 Un,5000,USD,5,7.0169,98.306339,25/09/2026,01:37:57 PM,ESTRUCTURADA,SEGUNDA PARTE,ROTC,22/01/2027,CONFIRMADA,3363036,0,27/01/2015,27/01/2045,4.95,MINISTERIO DE HACIENDA,HACIENDA,63763
USP3579EBE60,BSRD2045,DOMINICAN Rep/6.85 BD 20450127 Un,5000,USD,5,6.9562,98.896389,25/09/2026,01:37:57 PM,ESTRUCTURADA,PRIMERA PARTE,ROTC,25/09/2026,CONFIRMADA,3363036,0,27/01/2015,27/01/2045,4.95,MINISTERIO DE HACIENDA,HACIENDA,64064
USP3579EBE60,BSRD2045,DOMINICAN Rep/6.85 BD 20450127 Un,5000,USD,5,0,0,25/09/2026,01:37:56 PM,PRESTAMO,SEGUNDA PARTE,ROTC,26/01/2045,CONFIRMADA,3363037,0,27/01/2015,27/01/2045,0,MINISTERIO DE HACIENDA,HACIENDA,56896
USP3579EBE60,BSRD2045,DOMINICAN Rep/6.85 BD 20450127 Un,5000,USD,5,6.9562,98.896389,25/09/2026,01:37:56 PM,PRESTAMO,PRIMERA PARTE,ROTC,25/09/2026,CONFIRMADA,3363037,0,27/01/2015,27/01/2045,0,MINISTERIO DE HACIENDA,HACIENDA,61957
DO1005206516,MH32028,HACIENDA/10.75 BOEST 20280811 GTIA,1800000,DOP,18,2.63503,110.70227,25/09/2026,01:37:48 PM,ESTRUCTURADA,SEGUNDA PARTE,ROTC,06/04/2027,CONFIRMADA,3363002,0,10/08/2018,11/08/2028,10.75,MINISTERIO DE HACIENDA,HACIENDA,63511
DO1005206516,MH32028,HACIENDA/10.75 BOEST 20280811 GTIA,1800000,DOP,18,7.22215,106.071961,25/09/2026,01:37:48 PM,ESTRUCTURADA,PRIMERA PARTE,ROTC,25/09/2026,CONFIRMADA,3363002,0,10/08/2018,11/08/2028,10.75,MINISTERIO DE HACIENDA,HACIENDA,64022
DO1005206516,MH32028,HACIENDA/10.75 BOEST 20280811 GTIA,1800000,DOP,18,5.59378,107.149246,25/09/2026,01:37:44 PM,PRESTAMO,SEGUNDA PARTE,ROTC,24/02/2027,CONFIRMADA,3362887,0,10/08/2018,11/08/2028,10.75,MINISTERIO DE HACIENDA,HACIENDA,61929
DO1005206516,MH32028,HACIENDA/10.75 BOEST 20280811 GTIA,1800000,DOP,18,9.19253,102.607379,25/09/2026,01:37:44 PM,PRESTAMO,PRIMERA PARTE,ROTC,25/09/2026,CONFIRMADA,3362887,0,10/08/2018,11/08/2028,10.75,MINISTERIO DE HACIENDA,HACIENDA,61992
USP3579ECH82,BSRD2032,"DOMINICAN, REP /4.875 BD 20320923",1016000,USD,1016,5.61590105,96.443356,25/09/2026,01:37:39 PM,ESTRUCTURADA,SEGUNDA PARTE,ROTC,26/01/2027,CONFIRMADA,3362994,0,23/09/2020,23/09/2032,5.15,MINISTERIO DE HACIENDA,HACIENDA,66143
USP3579ECH82,BSRD2032,"DOMINICAN, REP /4.875 BD 20320923",1016000,USD,1016,5.59294513,96.385439,25/09/2026,01:37:39 PM,ESTRUCTURADA,PRIMERA PARTE,ROTC,25/09/2026,CONFIRMADA,3362994,0,23/09/2020,23/09/2032,5.15,MINISTERIO DE HACIENDA,HACIENDA,66374
USP3579ECH82,BSRD2032,"DOMINICAN, REP /4.875 BD 20320923",3385000,USD,3385,5.61896969,96.428964,25/09/2026,01:37:37 PM,ESTRUCTURADA,SEGUNDA PARTE,ROTC,26/01/2027,CONFIRMADA,3362995,0,23/09/2020,23/09/2032,5.15,MINISTERIO DE HACIENDA,HACIENDA,66528
USP3579ECH82,BSRD2032,"DOMINICAN, REP /4.875 BD 20320923",3385000,USD,3385,5.59581675,96.371296,25/09/2026,01:37:37 PM,ESTRUCTURADA,PRIMERA PARTE,ROTC,25/09/2026,CONFIRMADA,3362995,0,23/09/2020,23/09/2032,5.15,MINISTERIO DE HACIENDA,HACIENDA,66542
DO1014202225,VF3RDV02,FIDSO RD VIAL/12 BOEST 20460729,330000000,DOP,3300000,12.50823129,96.362881,25/09/2026,01:37:34 PM,CONTADO,PRIMERA PARTE,ROTC,25/09/2026,CONFIRMADA,3362841,0,29/07/2026,29/07/2046,0,FIDEICOMISO PARA LA OPERACION MANTENIMIENTO Y EXPANSION DE LA RED VIAL PRINCIPAL DE LA REPUBLICA DOMINICANA,FIDSO RD VIAL,64631
DO1005206516,MH32028,HACIENDA/10.75 BOEST 20280811 GTIA,1800000,DOP,18,5.59378,107.149246,25/09/2026,01:36:56 PM,ESTRUCTURADA,SEGUNDA PARTE,ROTC,24/02/2027,CONFIRMADA,3362886,0,10/08/2018,11/08/2028,10.75,MINISTERIO DE HACIENDA,HACIENDA,64043
DO1005206516,MH32028,HACIENDA/10.75 BOEST 20280811 GTIA,1800000,DOP,18,9.19253,102.607379,25/09/2026,01:36:56 PM,ESTRUCTURADA,PRIMERA PARTE,ROTC,25/09/2026,CONFIRMADA,3362886,0,10/08/2018,11/08/2028,10.75,MINISTERIO DE HACIENDA,HACIENDA,64106
DO2016300223,BC1GUL02,GULFSTREAM/11.15 BO 20290624,7349873,DOP,7349873,11.2524,99.7582,25/09/2026,01:35:34 PM,PRESTAMO,SEGUNDA PARTE,ROTC,26/10/2026,CONFIRMADA,3362861,0,24/06/2019,24/06/2029,0.761194,GULFSTREAM PETROLEUM DOMINICANA S DE RL,GULFSTREAM,61117
DO2016300223,BC1GUL02,GULFSTREAM/11.15 BO 20290624,7349873,DOP,7349873,11.1631,99.96894,25/09/2026,01:35:34 PM,PRESTAMO,PRIMERA PARTE,ROTC,25/09/2026,CONFIRMADA,3362861,0,24/06/2019,24/06/2029,0.761194,GULFSTREAM PETROLEUM DOMINICANA S DE RL,GULFSTREAM,61649
DO1005206516,MH32028,HACIENDA/10.75 BOEST 20280811 GTIA,3300000,DOP,33,7.91855,104.646402,25/09/2026,01:35:26 PM,PRESTAMO,SEGUNDA PARTE,ROTC,22/10/2026,CONFIRMADA,3363009,0,10/08/2018,11/08/2028,10.75,MINISTERIO DE HACIENDA,HACIENDA,61782
DO1005206516,MH32028,HACIENDA/10.75 BOEST 20280811 GTIA,3300000,DOP,33,7.98881,104.705812,25/09/2026,01:35:26 PM,PRESTAMO,PRIMERA PARTE,ROTC,25/09/2026,CONFIRMADA,3363009,0,10/08/2018,11/08/2028,10.75,MINISTERIO DE HACIENDA,HACIENDA,61971
DO2016300223,BC1GUL02,GULFSTREAM/11.15 BO 20290624,7349873,DOP,7349873,11.2524,99.7582,25/09/2026,01:35:23 PM,ESTRUCTURADA,SEGUNDA PARTE,ROTC,26/10/2026,CONFIRMADA,3362860,0,24/06/2019,24/06/2029,8.55,GULFSTREAM PETROLEUM DOMINICANA S DE RL,GULFSTREAM,63203
DO2016300223,BC1GUL02,GULFSTREAM/11.15 BO 20290624,7349873,DOP,7349873,11.1631,99.96894,25/09/2026,01:35:23 PM,ESTRUCTURADA,PRIMERA PARTE,ROTC,25/09/2026,CONFIRMADA,3362860,0,24/06/2019,24/06/2029,8.55,GULFSTREAM PETROLEUM DOMINICANA S DE RL,GULFSTREAM,63735
DO2016300223,BC1GUL02,GULFSTREAM/11.15 BO 20290624,1773302,DOP,1773302,11.2524,99.758234,25/09/2026,01:35:11 PM,PRESTAMO,SEGUNDA PARTE,ROTC,26/10/2026,CONFIRMADA,3362859,0,24/06/2019,24/06/2029,0.761194,GULFSTREAM PETROLEUM DOMINICANA S DE RL,GULFSTREAM,61551
DO2016300223,BC1GUL02,GULFSTREAM/11.15 BO 20290624,1773302,DOP,1773302,11.1631,99.968973,25/09/2026,01:35:11 PM,PRESTAMO,PRIMERA PARTE,ROTC,25/09/2026,CONFIRMADA,3362859,0,24/06/2019,24/06/2029,0.761194,GULFSTREAM PETROLEUM DOMINICANA S DE RL,GULFSTREAM,61740
DO1005206516,MH32028,HACIENDA/10.75 BOEST 20280811 GTIA,3300000,DOP,33,7.91855,104.646402,25/09/2026,01:34:46 PM,ESTRUCTURADA,SEGUNDA PARTE,ROTC,22/10/2026,CONFIRMADA,3363008,0,10/08/2018,11/08/2028,10.75,MINISTERIO DE HACIENDA,HACIENDA,63889
DO1005206516,MH32028,HACIENDA/10.75 BOEST 20280811 GTIA,3300000,DOP,33,7.98881,104.705812,25/09/2026,01:34:46 PM,ESTRUCTURADA,PRIMERA PARTE,ROTC,25/09/2026,CONFIRMADA,3363008,0,10/08/2018,11/08/2028,10.75,MINISTERIO DE HACIENDA,HACIENDA,64078
DO1005206516,MH32028,HACIENDA/10.75 BOEST 20280811 GTIA,1000000,DOP,10,11.69863,98.468442,25/09/2026,01:34:33 PM,PRESTAMO,SEGUNDA PARTE,ROTC,26/10/2026,CONFIRMADA,3362885,0,10/08/2018,11/08/2028,10.75,MINISTERIO DE HACIENDA,HACIENDA,61838
DO1005206516,MH32028,HACIENDA/10.75 BOEST 20280811 GTIA,1000000,DOP,10,11.55662,98.645205,25/09/2026,01:34:33 PM,PRESTAMO,PRIMERA PARTE,ROTC,25/09/2026,CONFIRMADA,3362885,0,10/08/2018,11/08/2028,10.75,MINISTERIO DE HACIENDA,HACIENDA,61852
DO1005206516,MH32028,HACIENDA/10.75 BOEST 20280811 GTIA,1000000,DOP,10,11.69863,98.468442,25/09/2026,01:34:02 PM,ESTRUCTURADA,SEGUNDA PARTE,ROTC,26/10/2026,CONFIRMADA,3362884,0,10/08/2018,11/08/2028,10.75,MINISTERIO DE HACIENDA,HACIENDA,63910
DO1005206516,MH32028,HACIENDA/10.75 BOEST 20280811 GTIA,1000000,DOP,10,11.55662,98.645205,25/09/2026,01:34:02 PM,ESTRUCTURADA,PRIMERA PARTE,ROTC,25/09/2026,CONFIRMADA,3362884,0,10/08/2018,11/08/2028,10.75,MINISTERIO DE HACIENDA,HACIENDA,63924
DO1005206516,MH32028,HACIENDA/10.75 BOEST 20280811 GTIA,300000,DOP,3,0,120.071373,25/09/2026,01:32:54 PM,PRESTAMO,SEGUNDA PARTE,ROTC,23/02/2027,CONFIRMADA,3363014,0,10/08/2018,11/08/2028,7.74,MINISTERIO DE HACIENDA,HACIENDA,58807
DO1005206516,MH32028,HACIENDA/10.75 BOEST 20280811 GTIA,300000,DOP,3,2.3673,115.311873,25/09/2026,01:32:54 PM,PRESTAMO,PRIMERA PARTE,ROTC,25/09/2026,CONFIRMADA,3363014,0,10/08/2018,11/08/2028,7.74,MINISTERIO DE HACIENDA,HACIENDA,60781
DO1005206516,MH32028,HACIENDA/10.75 BOEST 20280811 GTIA,300000,DOP,3,0,120.071373,25/09/2026,01:32:53 PM,ESTRUCTURADA,SEGUNDA PARTE,ROTC,23/02/2027,CONFIRMADA,3362977,0,10/08/2018,11/08/2028,7.74,MINISTERIO DE HACIENDA,HACIENDA,60900
DO1005206516,MH32028,HACIENDA/10.75 BOEST 20280811 GTIA,300000,DOP,3,2.3673,115.311873,25/09/2026,01:32:53 PM,ESTRUCTURADA,PRIMERA PARTE,ROTC,25/09/2026,CONFIRMADA,3362977,0,10/08/2018,11/08/2028,7.74,MINISTERIO DE HACIENDA,HACIENDA,62874
USP3579ECE51,BSRD2049,"DOMINICAN, REP /6.4 BD 20490605",35000,USD,35,4.8477,121.171457,25/09/2026,01:32:48 PM,ESTRUCTURADA,SEGUNDA PARTE,ROTC,26/10/2026,CONFIRMADA,3362854,0,05/06/2019,05/06/2049,4.05,MINISTERIO DE HACIENDA,HACIENDA,62930
USP3579ECE51,BSRD2049,"DOMINICAN, REP /6.4 BD 20490605",35000,USD,35,4.8427,121.29273,25/09/2026,01:32:48 PM,ESTRUCTURADA,PRIMERA PARTE,ROTC,25/09/2026,CONFIRMADA,3362854,0,05/06/2019,05/06/2049,4.05,MINISTERIO DE HACIENDA,HACIENDA,62657
DO2018100324,BC1AES03,AESTRELLA/11.25 BO 20301130,500029,DOP,500029,11.5927,98.885911,25/09/2026,01:31:26 PM,ESTRUCTURADA,SEGUNDA PARTE,ROTC,28/10/2026,CONFIRMADA,3362949,0,30/11/2020,30/11/2030,8.55,ACERO ESTRELLA S A,AESTRELLA,62160
DO2018100324,BC1AES03,AESTRELLA/11.25 BO 20301130,500029,DOP,500029,11.5223,99.098125,25/09/2026,01:31:26 PM,ESTRUCTURADA,PRIMERA PARTE,ROTC,28/09/2026,CONFIRMADA,3362949,0,30/11/2020,30/11/2030,8.55,ACERO ESTRELLA S A,AESTRELLA,62160
DO2018100324,BC1AES03,AESTRELLA/11.25 BO 20301130,500029,DOP,500029,11.5927,98.885911,25/09/2026,01:31:25 PM,PRESTAMO,SEGUNDA PARTE,ROTC,28/10/2026,CONFIRMADA,3362950,0,30/11/2020,30/11/2030,1.595043,ACERO ESTRELLA S A,AESTRELLA,60053
DO2018100324,BC1AES03,AESTRELLA/11.25 BO 20301130,500029,DOP,500029,11.5223,99.098125,25/09/2026,01:31:25 PM,PRESTAMO,PRIMERA PARTE,ROTC,28/09/2026,CONFIRMADA,3362950,0,30/11/2020,30/11/2030,1.595043,ACERO ESTRELLA S A,AESTRELLA,60053
DO1002261522,NO180130,BCENTRAL/9.5 BOEST 20300118 GTIA,3000000,DOP,300,9,101.380775,25/09/2026,01:30:58 PM,CONTADO,PRIMERA PARTE,ROTC,25/09/2026,CONFIRMADA,3362976,0,18/01/2026,18/01/2030,0,BANCO CENTRAL DE LA REPUBLICA DOMINICANA,BCENTRAL,59213
USP3579ECH82,BSRD2032,"DOMINICAN, REP /4.875 BD 20320923",200000,USD,200,4.87232,100.006945,25/09/2026,01:30:51 PM,PRESTAMO,SEGUNDA PARTE,ROTC,23/11/2026,CONFIRMADA,3362880,0,23/09/2020,23/09/2032,4.875,MINISTERIO DE HACIENDA,HACIENDA,62356
USP3579ECH82,BSRD2032,"DOMINICAN, REP /4.875 BD 20320923",200000,USD,200,4.8802,99.972915,25/09/2026,01:30:51 PM,PRESTAMO,PRIMERA PARTE,ROTC,25/09/2026,CONFIRMADA,3362880,0,23/09/2020,23/09/2032,4.875,MINISTERIO DE HACIENDA,HACIENDA,61964
DO1005204412,MH12029,HACIENDA/11.375 BOEST 20290706 GTIA,1900000,DOP,19,8.25799315,106.327841,25/09/2026,01:30:49 PM,PRESTAMO,SEGUNDA PARTE,ROTC,24/03/2027,CONFIRMADA,3362993,0,06/07/2014,06/07/2029,8.05,MINISTERIO DE HACIENDA,HACIENDA,63350
DO1005204412,MH12029,HACIENDA/11.375 BOEST 20290706 GTIA,1900000,DOP,19,8.27818022,107.508605,25/09/2026,01:30:49 PM,PRESTAMO,PRIMERA PARTE,ROTC,25/09/2026,CONFIRMADA,3362993,0,06/07/2014,06/07/2029,8.05,MINISTERIO DE HACIENDA,HACIENDA,63378
DO1005204412,MH12029,HACIENDA/11.375 BOEST 20290706 GTIA,1900000,DOP,19,8.25799315,106.327841,25/09/2026,01:30:48 PM,ESTRUCTURADA,SEGUNDA PARTE,ROTC,24/03/2027,CONFIRMADA,3362713,0,06/07/2014,06/07/2029,8.05,MINISTERIO DE HACIENDA,HACIENDA,65443
DO1005204412,MH12029,HACIENDA/11.375 BOEST 20290706 GTIA,1900000,DOP,19,8.27818022,107.508605,25/09/2026,01:30:48 PM,ESTRUCTURADA,PRIMERA PARTE,ROTC,25/09/2026,CONFIRMADA,3362713,0,06/07/2014,06/07/2029,8.05,MINISTERIO DE HACIENDA,HACIENDA,65471
DO1002261423,NO301129,BCENTRAL/9.5 BOEST 20291130 GTIA,1800000,DOP,180,9.55171851,99.854121,25/09/2026,01:30:47 PM,PRESTAMO,SEGUNDA PARTE,ROTC,24/03/2027,CONFIRMADA,3362992,0,30/11/2025,30/11/2029,8.25,BANCO CENTRAL DE LA REPUBLICA DOMINICANA,BCENTRAL,62867
DO1002261423,NO301129,BCENTRAL/9.5 BOEST 20291130 GTIA,1800000,DOP,180,9.3841427,100.287138,25/09/2026,01:30:47 PM,PRESTAMO,PRIMERA PARTE,ROTC,25/09/2026,CONFIRMADA,3362992,0,30/11/2025,30/11/2029,8.25,BANCO CENTRAL DE LA REPUBLICA DOMINICANA,BCENTRAL,62881
DO1002261423,NO301129,BCENTRAL/9.5 BOEST 20291130 GTIA,1800000,DOP,180,9.55171851,99.854121,25/09/2026,01:30:46 PM,ESTRUCTURADA,SEGUNDA PARTE,ROTC,24/03/2027,CONFIRMADA,3362712,0,30/11/2025,30/11/2029,8.25,BANCO CENTRAL DE LA REPUBLICA DOMINICANA,BCENTRAL,64960
DO1002261423,NO301129,BCENTRAL/9.5 BOEST 20291130 GTIA,1800000,DOP,180,9.3841427,100.287138,25/09/2026,01:30:46 PM,ESTRUCTURADA,PRIMERA PARTE,ROTC,25/09/2026,CONFIRMADA,3362712,0,30/11/2025,30/11/2029,8.25,BANCO CENTRAL DE LA REPUBLICA DOMINICANA,BCENTRAL,64974
DO1002261423,NO301129,BCENTRAL/9.5 BOEST 20291130 GTIA,410000,DOP,41,8.91562692,101.344408,25/09/2026,01:30:45 PM,PRESTAMO,SEGUNDA PARTE,ROTC,24/03/2027,CONFIRMADA,3362991,0,30/11/2025,30/11/2029,8.75,BANCO CENTRAL DE LA REPUBLICA DOMINICANA,BCENTRAL,62405
DO1002261423,NO301129,BCENTRAL/9.5 BOEST 20291130 GTIA,410000,DOP,41,8.95064478,101.467453,25/09/2026,01:30:45 PM,PRESTAMO,PRIMERA PARTE,ROTC,25/09/2026,CONFIRMADA,3362991,0,30/11/2025,30/11/2029,8.75,BANCO CENTRAL DE LA REPUBLICA DOMINICANA,BCENTRAL,62573
DO1002261423,NO301129,BCENTRAL/9.5 BOEST 20291130 GTIA,410000,DOP,41,8.91562692,101.344408,25/09/2026,01:30:43 PM,ESTRUCTURADA,SEGUNDA PARTE,ROTC,24/03/2027,CONFIRMADA,3362711,0,30/11/2025,30/11/2029,8.75,BANCO CENTRAL DE LA REPUBLICA DOMINICANA,BCENTRAL,64491
DO1002261423,NO301129,BCENTRAL/9.5 BOEST 20291130 GTIA,410000,DOP,41,8.95064478,101.467453,25/09/2026,01:30:43 PM,ESTRUCTURADA,PRIMERA PARTE,ROTC,25/09/2026,CONFIRMADA,3362711,0,30/11/2025,30/11/2029,8.75,BANCO CENTRAL DE LA REPUBLICA DOMINICANA,BCENTRAL,64659
USP3579ECB13,BSRD2028,"DOMINICAN, REP /6 BD 20280719 REGS",757000,USD,757,4.65,100.617305,25/09/2026,01:30:36 PM,PRESTAMO,SEGUNDA PARTE,ROTC,24/11/2026,CONFIRMADA,3362990,0,19/07/2018,19/07/2028,0.02,MINISTERIO DE HACIENDA,HACIENDA,62433
USP3579ECB13,BSRD2028,"DOMINICAN, REP /6 BD 20280719 REGS",757000,USD,757,4.65,100.617305,25/09/2026,01:30:36 PM,PRESTAMO,PRIMERA PARTE,ROTC,25/09/2026,CONFIRMADA,3362990,0,19/07/2018,19/07/2028,0.02,MINISTERIO DE HACIENDA,HACIENDA,62552
USP3579ECB13,BSRD2028,"DOMINICAN, REP /6 BD 20280719 REGS",757000,USD,757,5.724982,100.41889,25/09/2026,01:30:32 PM,PLAZO,PRIMERA PARTE,ROTC,24/11/2026,CONFIRMADA,3362989,0,19/07/2018,19/07/2028,0,MINISTERIO DE HACIENDA,HACIENDA,62083
USP3579ECB13,BSRD2028,"DOMINICAN, REP /6 BD 20280719 REGS",757000,USD,757,5.632091,100.617305,25/09/2026,01:30:29 PM,CONTADO,PRIMERA PARTE,ROTC,25/09/2026,CONFIRMADA,3362988,0,19/07/2018,19/07/2028,0,MINISTERIO DE HACIENDA,HACIENDA,63294
USP3579ECH82,BSRD2032,"DOMINICAN, REP /4.875 BD 20320923",200000,USD,200,4.87232,100.006945,25/09/2026,01:29:48 PM,ESTRUCTURADA,SEGUNDA PARTE,ROTC,23/11/2026,CONFIRMADA,3362879,0,23/09/2020,23/09/2032,4.875,MINISTERIO DE HACIENDA,HACIENDA,64554
USP3579ECH82,BSRD2032,"DOMINICAN, REP /4.875 BD 20320923",200000,USD,200,4.8802,99.972915,25/09/2026,01:29:48 PM,ESTRUCTURADA,PRIMERA PARTE,ROTC,25/09/2026,CONFIRMADA,3362879,0,23/09/2020,23/09/2032,4.875,MINISTERIO DE HACIENDA,HACIENDA,64162
DO1005206516,MH32028,HACIENDA/10.75 BOEST 20280811 GTIA,300000,DOP,3,20.22479,86.682612,25/09/2026,01:29:46 PM,PRESTAMO,SEGUNDA PARTE,ROTC,19/11/2026,CONFIRMADA,3362901,0,10/08/2018,11/08/2028,10.75,MINISTERIO DE HACIENDA,HACIENDA,61173
DO1005206516,MH32028,HACIENDA/10.75 BOEST 20280811 GTIA,300000,DOP,3,19.23079,87.09974,25/09/2026,01:29:46 PM,PRESTAMO,PRIMERA PARTE,ROTC,25/09/2026,CONFIRMADA,3362901,0,10/08/2018,11/08/2028,10.75,MINISTERIO DE HACIENDA,HACIENDA,60998
DO1005206516,MH32028,HACIENDA/10.75 BOEST 20280811 GTIA,300000,DOP,3,20.22479,86.682612,25/09/2026,01:29:12 PM,ESTRUCTURADA,SEGUNDA PARTE,ROTC,19/11/2026,CONFIRMADA,3362899,0,10/08/2018,11/08/2028,10.75,MINISTERIO DE HACIENDA,HACIENDA,63224
DO1005206516,MH32028,HACIENDA/10.75 BOEST 20280811 GTIA,300000,DOP,3,19.23079,87.09974,25/09/2026,01:29:12 PM,ESTRUCTURADA,PRIMERA PARTE,ROTC,25/09/2026,CONFIRMADA,3362899,0,10/08/2018,11/08/2028,10.75,MINISTERIO DE HACIENDA,HACIENDA,63049
USP3579EAG28,BSRD2027,DOMINICAN Rep/8.625 BD 20270420 U,594000,USD,594,2.8822,123.472279,25/09/2026,01:28:19 PM,PRESTAMO,SEGUNDA PARTE,ROTC,26/01/2027,CONFIRMADA,3362987,0,20/03/2006,20/04/2027,4.34,MINISTERIO DE HACIENDA,HACIENDA,63091
USP3579EAG28,BSRD2027,DOMINICAN Rep/8.625 BD 20270420 U,594000,USD,594,0,120.220989,25/09/2026,01:28:19 PM,PRESTAMO,PRIMERA PARTE,ROTC,25/09/2026,CONFIRMADA,3362987,0,20/03/2006,20/04/2027,4.34,MINISTERIO DE HACIENDA,HACIENDA,61348
USP3579EAG28,BSRD2027,DOMINICAN Rep/8.625 BD 20270420 U,594000,USD,594,2.8822,123.472279,25/09/2026,01:28:18 PM,ESTRUCTURADA,SEGUNDA PARTE,ROTC,26/01/2027,CONFIRMADA,3362947,0,20/03/2006,20/04/2027,4.34,MINISTERIO DE HACIENDA,HACIENDA,65184
USP3579EAG28,BSRD2027,DOMINICAN Rep/8.625 BD 20270420 U,594000,USD,594,0,120.220989,25/09/2026,01:28:18 PM,ESTRUCTURADA,PRIMERA PARTE,ROTC,25/09/2026,CONFIRMADA,3362947,0,20/03/2006,20/04/2027,4.34,MINISTERIO DE HACIENDA,HACIENDA,63441
DO2016300223,BC1GUL02,GULFSTREAM/11.15 BO 20290624,74999,DOP,74999,11.284,99.672969,25/09/2026,01:27:54 PM,ESTRUCTURADA,SEGUNDA PARTE,ROTC,28/10/2026,CONFIRMADA,3362957,0,24/06/2019,24/06/2029,8.55,GULFSTREAM PETROLEUM DOMINICANA S DE RL,GULFSTREAM,62328
DO2016300223,BC1GUL02,GULFSTREAM/11.15 BO 20290624,74999,DOP,74999,11.2025,99.876902,25/09/2026,01:27:54 PM,ESTRUCTURADA,PRIMERA PARTE,ROTC,28/09/2026,CONFIRMADA,3362957,0,24/06/2019,24/06/2029,8.55,GULFSTREAM PETROLEUM DOMINICANA S DE RL,GULFSTREAM,62699
DO2016300223,BC1GUL02,GULFSTREAM/11.15 BO 20290624,74999,DOP,74999,11.284,99.672969,25/09/2026,01:27:52 PM,PRESTAMO,SEGUNDA PARTE,ROTC,28/10/2026,CONFIRMADA,3362958,0,24/06/2019,24/06/2029,0.828797,GULFSTREAM PETROLEUM DOMINICANA S DE RL,GULFSTREAM,60214
DO2016300223,BC1GUL02,GULFSTREAM/11.15 BO 20290624,74999,DOP,74999,11.2025,99.876902,25/09/2026,01:27:52 PM,PRESTAMO,PRIMERA PARTE,ROTC,28/09/2026,CONFIRMADA,3362958,0,24/06/2019,24/06/2029,0.828797,GULFSTREAM PETROLEUM DOMINICANA S DE RL,GULFSTREAM,60585
USP3579ECH82,BSRD2032,"DOMINICAN, REP /4.875 BD 20320923",24000,USD,24,4.828,100.223583,25/09/2026,01:26:58 PM,PRESTAMO,SEGUNDA PARTE,ROTC,24/02/2027,CONFIRMADA,3362892,0,23/09/2020,23/09/2032,4.875,MINISTERIO DE HACIENDA,HACIENDA,61131
USP3579ECH82,BSRD2032,"DOMINICAN, REP /4.875 BD 20320923",24000,USD,24,4.78992,100.4385,25/09/2026,01:26:58 PM,PRESTAMO,PRIMERA PARTE,ROTC,25/09/2026,CONFIRMADA,3362892,0,23/09/2020,23/09/2032,4.875,MINISTERIO DE HACIENDA,HACIENDA,61341
DO1005206516,MH32028,HACIENDA/10.75 BOEST 20280811 GTIA,1900000,DOP,19,4.20879,108.161271,25/09/2026,01:26:28 PM,PRESTAMO,SEGUNDA PARTE,ROTC,26/04/2027,CONFIRMADA,3362610,0,10/08/2018,11/08/2028,10.75,MINISTERIO DE HACIENDA,HACIENDA,61873
DO1005206516,MH32028,HACIENDA/10.75 BOEST 20280811 GTIA,1900000,DOP,19,8.44246,103.908364,25/09/2026,01:26:28 PM,PRESTAMO,PRIMERA PARTE,ROTC,25/09/2026,CONFIRMADA,3362610,0,10/08/2018,11/08/2028,10.75,MINISTERIO DE HACIENDA,HACIENDA,61992
USP3579ECH82,BSRD2032,"DOMINICAN, REP /4.875 BD 20320923",24000,USD,24,4.828,100.223583,25/09/2026,01:26:24 PM,ESTRUCTURADA,SEGUNDA PARTE,ROTC,24/02/2027,CONFIRMADA,3362890,0,23/09/2020,23/09/2032,4.875,MINISTERIO DE HACIENDA,HACIENDA,63182
USP3579ECH82,BSRD2032,"DOMINICAN, REP /4.875 BD 20320923",24000,USD,24,4.78992,100.4385,25/09/2026,01:26:24 PM,ESTRUCTURADA,PRIMERA PARTE,ROTC,25/09/2026,CONFIRMADA,3362890,0,23/09/2020,23/09/2032,4.875,MINISTERIO DE HACIENDA,HACIENDA,63392
DO1005206516,MH32028,HACIENDA/10.75 BOEST 20280811 GTIA,20600000,DOP,206,9.0446,102.636861,25/09/2026,01:26:08 PM,PRESTAMO,SEGUNDA PARTE,ROTC,24/11/2026,CONFIRMADA,3362986,0,10/08/2018,11/08/2028,7.99,MINISTERIO DE HACIENDA,HACIENDA,62125
DO1005206516,MH32028,HACIENDA/10.75 BOEST 20280811 GTIA,20600000,DOP,206,8.9724,103.014138,25/09/2026,01:26:08 PM,PRESTAMO,PRIMERA PARTE,ROTC,25/09/2026,CONFIRMADA,3362986,0,10/08/2018,11/08/2028,7.99,MINISTERIO DE HACIENDA,HACIENDA,62209
DO1005206516,MH32028,HACIENDA/10.75 BOEST 20280811 GTIA,20600000,DOP,206,9.0446,102.636861,25/09/2026,01:26:06 PM,ESTRUCTURADA,SEGUNDA PARTE,ROTC,24/11/2026,CONFIRMADA,3362852,0,10/08/2018,11/08/2028,7.99,MINISTERIO DE HACIENDA,HACIENDA,64211
DO1005206516,MH32028,HACIENDA/10.75 BOEST 20280811 GTIA,20600000,DOP,206,8.9724,103.014138,25/09/2026,01:26:06 PM,ESTRUCTURADA,PRIMERA PARTE,ROTC,25/09/2026,CONFIRMADA,3362852,0,10/08/2018,11/08/2028,7.99,MINISTERIO DE HACIENDA,HACIENDA,64295
USP3579ECY16,BSDR2037, ,108350000,DOP,2167,9.066733,109.556049,25/09/2026,01:26:00 PM,CONTADO,PRIMERA PARTE,ROTC,25/09/2026,CONFIRMADA,3362985,0,24/02/2025,15/03/2037,0,MINISTERIO DE HACIENDA,HACIENDA,50750
DO1005206516,MH32028,HACIENDA/10.75 BOEST 20280811 GTIA,1900000,DOP,19,4.20879,108.161271,25/09/2026,01:25:38 PM,ESTRUCTURADA,SEGUNDA PARTE,ROTC,26/04/2027,CONFIRMADA,3362609,0,10/08/2018,11/08/2028,10.75,MINISTERIO DE HACIENDA,HACIENDA,63973
DO1005206516,MH32028,HACIENDA/10.75 BOEST 20280811 GTIA,1900000,DOP,19,8.44246,103.908364,25/09/2026,01:25:38 PM,ESTRUCTURADA,PRIMERA PARTE,ROTC,25/09/2026,CONFIRMADA,3362609,0,10/08/2018,11/08/2028,10.75,MINISTERIO DE HACIENDA,HACIENDA,64092
USP3579ECB13,BSRD2028,"DOMINICAN, REP /6 BD 20280719 REGS",70000,USD,70,1.610877,107.422729,25/09/2026,01:25:26 PM,ESTRUCTURADA,SEGUNDA PARTE,ROTC,29/10/2026,CONFIRMADA,3362946,0,19/07/2018,19/07/2028,3.1,MINISTERIO DE HACIENDA,HACIENDA,65268
USP3579ECB13,BSRD2028,"DOMINICAN, REP /6 BD 20280719 REGS",70000,USD,70,1.68587187,107.648971,25/09/2026,01:25:26 PM,ESTRUCTURADA,PRIMERA PARTE,ROTC,28/09/2026,CONFIRMADA,3362946,0,19/07/2018,19/07/2028,3.1,MINISTERIO DE HACIENDA,HACIENDA,66262
DO1005208215,MHUS2029,HACIENDA/6.95 BOEST 20290626 GTIA,94000,USD,94,0.5811,115.261277,25/09/2026,01:25:24 PM,PRESTAMO,SEGUNDA PARTE,ROTC,26/01/2027,CONFIRMADA,3362945,0,26/06/2020,26/06/2029,2.832794,MINISTERIO DE HACIENDA,HACIENDA,61404
DO1005208215,MHUS2029,HACIENDA/6.95 BOEST 20290626 GTIA,94000,USD,94,2.2069,112.558926,25/09/2026,01:25:24 PM,PRESTAMO,PRIMERA PARTE,ROTC,28/09/2026,CONFIRMADA,3362945,0,26/06/2020,26/06/2029,2.832794,MINISTERIO DE HACIENDA,HACIENDA,61607
DO1005208215,MHUS2029,HACIENDA/6.95 BOEST 20290626 GTIA,94000,USD,94,0.5811,115.261277,25/09/2026,01:25:23 PM,ESTRUCTURADA,SEGUNDA PARTE,ROTC,26/01/2027,CONFIRMADA,3362944,0,26/06/2020,26/06/2029,3.95,MINISTERIO DE HACIENDA,HACIENDA,63497
DO1005208215,MHUS2029,HACIENDA/6.95 BOEST 20290626 GTIA,94000,USD,94,2.2069,112.558926,25/09/2026,01:25:23 PM,ESTRUCTURADA,PRIMERA PARTE,ROTC,28/09/2026,CONFIRMADA,3362944,0,26/06/2020,26/06/2029,3.95,MINISTERIO DE HACIENDA,HACIENDA,63700
USP3579ECH82,BSRD2032,"DOMINICAN, REP /4.875 BD 20320923",126000,USD,126,4.19446,103.351502,25/09/2026,01:24:55 PM,PRESTAMO,SEGUNDA PARTE,ROTC,24/02/2027,CONFIRMADA,3362889,0,23/09/2020,23/09/2032,4.875,MINISTERIO DE HACIENDA,HACIENDA,62496
USP3579ECH82,BSRD2032,"DOMINICAN, REP /4.875 BD 20320923",126000,USD,126,4.27418,103.147524,25/09/2026,01:24:55 PM,PRESTAMO,PRIMERA PARTE,ROTC,25/09/2026,CONFIRMADA,3362889,0,23/09/2020,23/09/2032,4.875,MINISTERIO DE HACIENDA,HACIENDA,62643
USP3579ECH82,BSRD2032,"DOMINICAN, REP /4.875 BD 20320923",126000,USD,126,4.19446,103.351502,25/09/2026,01:24:05 PM,ESTRUCTURADA,SEGUNDA PARTE,ROTC,24/02/2027,CONFIRMADA,3362888,0,23/09/2020,23/09/2032,4.875,MINISTERIO DE HACIENDA,HACIENDA,64561
USP3579ECH82,BSRD2032,"DOMINICAN, REP /4.875 BD 20320923",126000,USD,126,4.27418,103.147524,25/09/2026,01:24:05 PM,ESTRUCTURADA,PRIMERA PARTE,ROTC,25/09/2026,CONFIRMADA,3362888,0,23/09/2020,23/09/2032,4.875,MINISTERIO DE HACIENDA,HACIENDA,64708
USP3579ECH82,BSRD2032,"DOMINICAN, REP /4.875 BD 20320923",307000,USD,307,4.9404,99.680622,25/09/2026,01:24:03 PM,PRESTAMO,SEGUNDA PARTE,ROTC,25/02/2027,CONFIRMADA,3362983,0,23/09/2020,23/09/2032,4.24,MINISTERIO DE HACIENDA,HACIENDA,61901
USP3579ECH82,BSRD2032,"DOMINICAN, REP /4.875 BD 20320923",307000,USD,307,4.8922,99.910987,25/09/2026,01:24:03 PM,PRESTAMO,PRIMERA PARTE,ROTC,25/09/2026,CONFIRMADA,3362983,0,23/09/2020,23/09/2032,4.24,MINISTERIO DE HACIENDA,HACIENDA,62104
USP3579ECH82,BSRD2032,"DOMINICAN, REP /4.875 BD 20320923",307000,USD,307,4.9404,99.680622,25/09/2026,01:24:02 PM,ESTRUCTURADA,SEGUNDA PARTE,ROTC,25/02/2027,CONFIRMADA,3362780,0,23/09/2020,23/09/2032,4.24,MINISTERIO DE HACIENDA,HACIENDA,63994
USP3579ECH82,BSRD2032,"DOMINICAN, REP /4.875 BD 20320923",307000,USD,307,4.8922,99.910987,25/09/2026,01:24:02 PM,ESTRUCTURADA,PRIMERA PARTE,ROTC,25/09/2026,CONFIRMADA,3362780,0,23/09/2020,23/09/2032,4.24,MINISTERIO DE HACIENDA,HACIENDA,64197
DO2016300223,BC1GUL02,GULFSTREAM/11.15 BO 20290624,1773302,DOP,1773302,11.2524,99.758234,25/09/2026,01:23:55 PM,ESTRUCTURADA,SEGUNDA PARTE,ROTC,26/10/2026,CONFIRMADA,3362856,0,24/06/2019,24/06/2029,8.55,GULFSTREAM PETROLEUM DOMINICANA S DE RL,GULFSTREAM,63686
DO2016300223,BC1GUL02,GULFSTREAM/11.15 BO 20290624,1773302,DOP,1773302,11.1631,99.968973,25/09/2026,01:23:55 PM,ESTRUCTURADA,PRIMERA PARTE,ROTC,25/09/2026,CONFIRMADA,3362856,0,24/06/2019,24/06/2029,8.55,GULFSTREAM PETROLEUM DOMINICANA S DE RL,GULFSTREAM,63875
USP3579ECE51,BSRD2049,"DOMINICAN, REP /6.4 BD 20490605",35000,USD,35,4.8477,121.171457,25/09/2026,01:23:54 PM,PRESTAMO,SEGUNDA PARTE,ROTC,26/10/2026,CONFIRMADA,3362855,0,05/06/2019,05/06/2049,1.928704,MINISTERIO DE HACIENDA,HACIENDA,60809
USP3579ECE51,BSRD2049,"DOMINICAN, REP /6.4 BD 20490605",35000,USD,35,4.8427,121.29273,25/09/2026,01:23:54 PM,PRESTAMO,PRIMERA PARTE,ROTC,25/09/2026,CONFIRMADA,3362855,0,05/06/2019,05/06/2049,1.928704,MINISTERIO DE HACIENDA,HACIENDA,60536
DO1005206516,MH32028,HACIENDA/10.75 BOEST 20280811 GTIA,3900000,DOP,39,3.48325,109.791142,25/09/2026,01:23:39 PM,PRESTAMO,SEGUNDA PARTE,ROTC,22/03/2027,CONFIRMADA,3362608,0,10/08/2018,11/08/2028,10.75,MINISTERIO DE HACIENDA,HACIENDA,61873
DO1005206516,MH32028,HACIENDA/10.75 BOEST 20280811 GTIA,3900000,DOP,39,7.85814,104.937,25/09/2026,01:23:39 PM,PRESTAMO,PRIMERA PARTE,ROTC,25/09/2026,CONFIRMADA,3362608,0,10/08/2018,11/08/2028,10.75,MINISTERIO DE HACIENDA,HACIENDA,60970
DO2018100324,BC1AES03,AESTRELLA/11.25 BO 20301130,7625449,DOP,7625449,11.5088,99.145483,25/09/2026,01:23:12 PM,PRESTAMO,SEGUNDA PARTE,ROTC,08/10/2026,CONFIRMADA,3362865,0,30/11/2020,30/11/2030,1.153028,ACERO ESTRELLA S A,AESTRELLA,60928
DO2018100324,BC1AES03,AESTRELLA/11.25 BO 20301130,7625449,DOP,7625449,11.4938,99.190502,25/09/2026,01:23:12 PM,PRESTAMO,PRIMERA PARTE,ROTC,25/09/2026,CONFIRMADA,3362865,0,30/11/2020,30/11/2030,1.153028,ACERO ESTRELLA S A,AESTRELLA,61005
DO2018100324,BC1AES03,AESTRELLA/11.25 BO 20301130,7625449,DOP,7625449,11.5088,99.145483,25/09/2026,01:23:04 PM,ESTRUCTURADA,SEGUNDA PARTE,ROTC,08/10/2026,CONFIRMADA,3362863,0,30/11/2020,30/11/2030,9.85,ACERO ESTRELLA S A,AESTRELLA,63035
DO2018100324,BC1AES03,AESTRELLA/11.25 BO 20301130,7625449,DOP,7625449,11.4938,99.190502,25/09/2026,01:23:04 PM,ESTRUCTURADA,PRIMERA PARTE,ROTC,25/09/2026,CONFIRMADA,3362863,0,30/11/2020,30/11/2030,9.85,ACERO ESTRELLA S A,AESTRELLA,63112
DO1005206516,MH32028,HACIENDA/10.75 BOEST 20280811 GTIA,3900000,DOP,39,3.48325,109.791142,25/09/2026,01:23:00 PM,ESTRUCTURADA,SEGUNDA PARTE,ROTC,22/03/2027,CONFIRMADA,3362607,0,10/08/2018,11/08/2028,10.75,MINISTERIO DE HACIENDA,HACIENDA,63889
DO1005206516,MH32028,HACIENDA/10.75 BOEST 20280811 GTIA,3900000,DOP,39,7.85814,104.937,25/09/2026,01:23:00 PM,ESTRUCTURADA,PRIMERA PARTE,ROTC,25/09/2026,CONFIRMADA,3362607,0,10/08/2018,11/08/2028,10.75,MINISTERIO DE HACIENDA,HACIENDA,62986
DO1005208025,COV2040,HACIENDA/10.875 BOEST 20400228 GTIA,100000,DOP,1,5.3481,151.34158,25/09/2026,01:22:52 PM,PRESTAMO,SEGUNDA PARTE,ROTC,22/02/2027,CONFIRMADA,3361952,0,28/02/2020,28/02/2040,4.263941,MINISTERIO DE HACIENDA,HACIENDA,60781
DO1005208025,COV2040,HACIENDA/10.875 BOEST 20400228 GTIA,100000,DOP,1,5.5488,149.96575,25/09/2026,01:22:52 PM,PRESTAMO,PRIMERA PARTE,ROTC,25/09/2026,CONFIRMADA,3361952,0,28/02/2020,28/02/2040,4.263941,MINISTERIO DE HACIENDA,HACIENDA,61096
DO1005208025,COV2040,HACIENDA/10.875 BOEST 20400228 GTIA,300000,DOP,3,4.0823,168.345717,25/09/2026,01:22:51 PM,PRESTAMO,SEGUNDA PARTE,ROTC,26/01/2027,CONFIRMADA,3361954,0,28/02/2020,28/02/2040,3.595347,MINISTERIO DE HACIENDA,HACIENDA,61229
DO1005208025,COV2040,HACIENDA/10.875 BOEST 20400228 GTIA,300000,DOP,3,4.2945,166.630323,25/09/2026,01:22:51 PM,PRESTAMO,PRIMERA PARTE,ROTC,25/09/2026,CONFIRMADA,3361954,0,28/02/2020,28/02/2040,3.595347,MINISTERIO DE HACIENDA,HACIENDA,61299
DO2018100324,BC1AES03,AESTRELLA/11.25 BO 20301130,7625449,DOP,7625449,11.5088,99.145483,25/09/2026,01:22:50 PM,PRESTAMO,SEGUNDA PARTE,ROTC,08/10/2026,CONFIRMADA,3362858,0,30/11/2020,30/11/2030,1.153028,ACERO ESTRELLA S A,AESTRELLA,60935
DO2018100324,BC1AES03,AESTRELLA/11.25 BO 20301130,7625449,DOP,7625449,11.4938,99.190502,25/09/2026,01:22:50 PM,PRESTAMO,PRIMERA PARTE,ROTC,25/09/2026,CONFIRMADA,3362858,0,30/11/2020,30/11/2030,1.153028,ACERO ESTRELLA S A,AESTRELLA,61012
DO1005208025,COV2040,HACIENDA/10.875 BOEST 20400228 GTIA,4500000,DOP,45,5.4769,149.957792,25/09/2026,01:22:49 PM,PRESTAMO,SEGUNDA PARTE,ROTC,26/01/2027,CONFIRMADA,3361956,0,28/02/2020,28/02/2040,3.603711,MINISTERIO DE HACIENDA,HACIENDA,62209
DO1005208025,COV2040,HACIENDA/10.875 BOEST 20400228 GTIA,4500000,DOP,45,5.6361,148.89059,25/09/2026,01:22:49 PM,PRESTAMO,PRIMERA PARTE,ROTC,25/09/2026,CONFIRMADA,3361956,0,28/02/2020,28/02/2040,3.603711,MINISTERIO DE HACIENDA,HACIENDA,61845
DO1002228125,NO090229,BCENTRAL/10 BOEST 20290209 GTIA,90000,DOP,9,7.6545,104.8052,25/09/2026,01:22:48 PM,PRESTAMO,SEGUNDA PARTE,ROTC,28/10/2026,CONFIRMADA,3361958,0,09/02/2024,09/02/2029,1.957973,BANCO CENTRAL DE LA REPUBLICA DOMINICANA,BCENTRAL,59311
DO1002228125,NO090229,BCENTRAL/10 BOEST 20290209 GTIA,90000,DOP,9,7.6996,104.884489,25/09/2026,01:22:48 PM,PRESTAMO,PRIMERA PARTE,ROTC,25/09/2026,CONFIRMADA,3361958,0,09/02/2024,09/02/2029,1.957973,BANCO CENTRAL DE LA REPUBLICA DOMINICANA,BCENTRAL,60333
USP3579ECZ80,BSRD2035, ,10000,USD,10,5.7729,100.6994,25/09/2026,01:22:47 PM,PRESTAMO,SEGUNDA PARTE,ROTC,25/11/2026,CONFIRMADA,3361960,0,28/10/2025,28/10/2035,3.128732,MINISTERIO DE HACIENDA,HACIENDA,47768
USP3579ECZ80,BSRD2035, ,10000,USD,10,6.1683,97.9756,25/09/2026,01:22:47 PM,PRESTAMO,PRIMERA PARTE,ROTC,25/09/2026,CONFIRMADA,3361960,0,28/10/2025,28/10/2035,3.128732,MINISTERIO DE HACIENDA,HACIENDA,47600
DO1005208025,COV2040,HACIENDA/10.875 BOEST 20400228 GTIA,1000000,DOP,10,11.0167,98.998368,25/09/2026,01:22:46 PM,PRESTAMO,SEGUNDA PARTE,ROTC,28/10/2026,CONFIRMADA,3362039,0,28/02/2020,28/02/2040,1.636728,MINISTERIO DE HACIENDA,HACIENDA,62027
DO1005208025,COV2040,HACIENDA/10.875 BOEST 20400228 GTIA,1000000,DOP,10,10.9958,99.165753,25/09/2026,01:22:46 PM,PRESTAMO,PRIMERA PARTE,ROTC,25/09/2026,CONFIRMADA,3362039,0,28/02/2020,28/02/2040,1.636728,MINISTERIO DE HACIENDA,HACIENDA,62132
DO1005208025,COV2040,HACIENDA/10.875 BOEST 20400228 GTIA,1300000,DOP,13,5.2675,153.254089,25/09/2026,01:22:45 PM,PRESTAMO,SEGUNDA PARTE,ROTC,26/10/2026,CONFIRMADA,3362041,0,28/02/2020,28/02/2040,1.290261,MINISTERIO DE HACIENDA,HACIENDA,61950
DO1005208025,COV2040,HACIENDA/10.875 BOEST 20400228 GTIA,1300000,DOP,13,5.3059,153.011907,25/09/2026,01:22:45 PM,PRESTAMO,PRIMERA PARTE,ROTC,25/09/2026,CONFIRMADA,3362041,0,28/02/2020,28/02/2040,1.290261,MINISTERIO DE HACIENDA,HACIENDA,61971
DO1005208025,COV2040,HACIENDA/10.875 BOEST 20400228 GTIA,200000,DOP,2,6.6051,137.015225,25/09/2026,01:22:44 PM,PRESTAMO,SEGUNDA PARTE,ROTC,26/01/2027,CONFIRMADA,3362042,0,28/02/2020,28/02/2040,3.638112,MINISTERIO DE HACIENDA,HACIENDA,61124
DO1005208025,COV2040,HACIENDA/10.875 BOEST 20400228 GTIA,200000,DOP,2,6.7216,136.365755,25/09/2026,01:22:44 PM,PRESTAMO,PRIMERA PARTE,ROTC,25/09/2026,CONFIRMADA,3362042,0,28/02/2020,28/02/2040,3.638112,MINISTERIO DE HACIENDA,HACIENDA,61362
USP3579ECZ80,BSRD2035, ,2000,USD,2,3.1098,121.2335,25/09/2026,01:22:43 PM,PRESTAMO,SEGUNDA PARTE,ROTC,24/12/2026,CONFIRMADA,3362044,0,28/10/2025,28/10/2035,3.117952,MINISTERIO DE HACIENDA,HACIENDA,46935
USP3579ECZ80,BSRD2035, ,2000,USD,2,3.5018,118.339,25/09/2026,01:22:43 PM,PRESTAMO,PRIMERA PARTE,ROTC,25/09/2026,CONFIRMADA,3362044,0,28/10/2025,28/10/2035,3.117952,MINISTERIO DE HACIENDA,HACIENDA,46739
DO1005208025,COV2040,HACIENDA/10.875 BOEST 20400228 GTIA,5200000,DOP,52,6.2616,141.296393,25/09/2026,01:22:41 PM,PRESTAMO,SEGUNDA PARTE,ROTC,28/10/2026,CONFIRMADA,3362046,0,28/02/2020,28/02/2040,1.392156,MINISTERIO DE HACIENDA,HACIENDA,61957
DO1005208025,COV2040,HACIENDA/10.875 BOEST 20400228 GTIA,5200000,DOP,52,6.294,141.12149,25/09/2026,01:22:41 PM,PRESTAMO,PRIMERA PARTE,ROTC,25/09/2026,CONFIRMADA,3362046,0,28/02/2020,28/02/2040,1.392156,MINISTERIO DE HACIENDA,HACIENDA,61278
DO1002228125,NO090229,BCENTRAL/10 BOEST 20290209 GTIA,50000,DOP,5,10.653,98.67266,25/09/2026,01:22:40 PM,PRESTAMO,SEGUNDA PARTE,ROTC,26/10/2026,CONFIRMADA,3362048,0,09/02/2024,09/02/2029,2.053135,BANCO CENTRAL DE LA REPUBLICA DOMINICANA,BCENTRAL,59269
DO1002228125,NO090229,BCENTRAL/10 BOEST 20290209 GTIA,50000,DOP,5,10.6111,98.72282,25/09/2026,01:22:40 PM,PRESTAMO,PRIMERA PARTE,ROTC,25/09/2026,CONFIRMADA,3362048,0,09/02/2024,09/02/2029,2.053135,BANCO CENTRAL DE LA REPUBLICA DOMINICANA,BCENTRAL,59640
USP3579ECZ80,BSRD2035, ,141000,USD,141,5.856,100.118014,25/09/2026,01:22:39 PM,PRESTAMO,SEGUNDA PARTE,ROTC,22/02/2027,CONFIRMADA,3362049,0,28/10/2025,28/10/2035,1.509762,MINISTERIO DE HACIENDA,HACIENDA,48706
USP3579ECZ80,BSRD2035, ,141000,USD,141,5.8113,100.438801,25/09/2026,01:22:39 PM,PRESTAMO,PRIMERA PARTE,ROTC,25/09/2026,CONFIRMADA,3362049,0,28/10/2025,28/10/2035,1.509762,MINISTERIO DE HACIENDA,HACIENDA,49189
DO1002228125,NO090229,BCENTRAL/10 BOEST 20290209 GTIA,90000,DOP,9,9.6159,100.740389,25/09/2026,01:22:37 PM,PRESTAMO,SEGUNDA PARTE,ROTC,28/10/2026,CONFIRMADA,3362051,0,09/02/2024,09/02/2029,2.032198,BANCO CENTRAL DE LA REPUBLICA DOMINICANA,BCENTRAL,60074
DO1002228125,NO090229,BCENTRAL/10 BOEST 20290209 GTIA,90000,DOP,9,9.5933,100.822878,25/09/2026,01:22:37 PM,PRESTAMO,PRIMERA PARTE,ROTC,25/09/2026,CONFIRMADA,3362051,0,09/02/2024,09/02/2029,2.032198,BANCO CENTRAL DE LA REPUBLICA DOMINICANA,BCENTRAL,60193
DO1002228125,NO090229,BCENTRAL/10 BOEST 20290209 GTIA,20000,DOP,2,6.6495,106.06965,25/09/2026,01:22:36 PM,PRESTAMO,SEGUNDA PARTE,ROTC,22/02/2027,CONFIRMADA,3362053,0,09/02/2024,09/02/2029,4.991086,BANCO CENTRAL DE LA REPUBLICA DOMINICANA,BCENTRAL,59612
DO1002228125,NO090229,BCENTRAL/10 BOEST 20290209 GTIA,20000,DOP,2,9.453,101.1168,25/09/2026,01:22:36 PM,PRESTAMO,PRIMERA PARTE,ROTC,25/09/2026,CONFIRMADA,3362053,0,09/02/2024,09/02/2029,4.991086,BANCO CENTRAL DE LA REPUBLICA DOMINICANA,BCENTRAL,58898
DO1005208025,COV2040,HACIENDA/10.875 BOEST 20400228 GTIA,2000000,DOP,20,5.4776,150.603622,25/09/2026,01:22:35 PM,PRESTAMO,SEGUNDA PARTE,ROTC,28/10/2026,CONFIRMADA,3362055,0,28/02/2020,28/02/2040,1.356561,MINISTERIO DE HACIENDA,HACIENDA,61873
DO1005208025,COV2040,HACIENDA/10.875 BOEST 20400228 GTIA,2000000,DOP,20,5.5175,150.353402,25/09/2026,01:22:35 PM,PRESTAMO,PRIMERA PARTE,ROTC,25/09/2026,CONFIRMADA,3362055,0,28/02/2020,28/02/2040,1.356561,MINISTERIO DE HACIENDA,HACIENDA,61915
USP3579ECZ80,BSRD2035, ,2000,USD,2,10.3587,74.7065,25/09/2026,01:22:33 PM,PRESTAMO,SEGUNDA PARTE,ROTC,22/02/2027,CONFIRMADA,3362057,0,28/10/2025,28/10/2035,5.179777,MINISTERIO DE HACIENDA,HACIENDA,47019
USP3579ECZ80,BSRD2035, ,2000,USD,2,10.6515,72.601,25/09/2026,01:22:33 PM,PRESTAMO,PRIMERA PARTE,ROTC,25/09/2026,CONFIRMADA,3362057,0,28/10/2025,28/10/2035,5.179777,MINISTERIO DE HACIENDA,HACIENDA,46676
DO1002228125,NO090229,BCENTRAL/10 BOEST 20290209 GTIA,50000,DOP,5,9.4487,101.01854,25/09/2026,01:22:32 PM,PRESTAMO,SEGUNDA PARTE,ROTC,24/12/2026,CONFIRMADA,3362060,0,09/02/2024,09/02/2029,3.460486,BANCO CENTRAL DE LA REPUBLICA DOMINICANA,BCENTRAL,59563
DO1002228125,NO090229,BCENTRAL/10 BOEST 20290209 GTIA,50000,DOP,5,9.453,101.1168,25/09/2026,01:22:32 PM,PRESTAMO,PRIMERA PARTE,ROTC,25/09/2026,CONFIRMADA,3362060,0,09/02/2024,09/02/2029,3.460486,BANCO CENTRAL DE LA REPUBLICA DOMINICANA,BCENTRAL,58912
DO1005208025,COV2040,HACIENDA/10.875 BOEST 20400228 GTIA,300000,DOP,3,4.1483,167.40846,25/09/2026,01:22:31 PM,PRESTAMO,SEGUNDA PARTE,ROTC,26/01/2027,CONFIRMADA,3362062,0,28/02/2020,28/02/2040,3.533886,MINISTERIO DE HACIENDA,HACIENDA,60858
DO1005208025,COV2040,HACIENDA/10.875 BOEST 20400228 GTIA,300000,DOP,3,4.3506,165.83242,25/09/2026,01:22:31 PM,PRESTAMO,PRIMERA PARTE,ROTC,25/09/2026,CONFIRMADA,3362062,0,28/02/2020,28/02/2040,3.533886,MINISTERIO DE HACIENDA,HACIENDA,60914
DO1005208629,MH12031,HACIENDA/8.5 BOEST 20310611 GTIA,7900000,DOP,79,4.3268,117.857415,25/09/2026,01:22:31 PM,PRESTAMO,SEGUNDA PARTE,ROTC,23/10/2026,CONFIRMADA,3362981,0,11/06/2021,11/06/2031,8.24,MINISTERIO DE HACIENDA,HACIENDA,60802
DO1005208629,MH12031,HACIENDA/8.5 BOEST 20310611 GTIA,7900000,DOP,79,4.4072,117.74837,25/09/2026,01:22:31 PM,PRESTAMO,PRIMERA PARTE,ROTC,25/09/2026,CONFIRMADA,3362981,0,11/06/2021,11/06/2031,8.24,MINISTERIO DE HACIENDA,HACIENDA,60550
DO1005208629,MH12031,HACIENDA/8.5 BOEST 20310611 GTIA,7900000,DOP,79,4.3268,117.857415,25/09/2026,01:22:30 PM,ESTRUCTURADA,SEGUNDA PARTE,ROTC,23/10/2026,CONFIRMADA,3362778,0,11/06/2021,11/06/2031,8.24,MINISTERIO DE HACIENDA,HACIENDA,62895
DO1005208629,MH12031,HACIENDA/8.5 BOEST 20310611 GTIA,7900000,DOP,79,4.4072,117.74837,25/09/2026,01:22:30 PM,ESTRUCTURADA,PRIMERA PARTE,ROTC,25/09/2026,CONFIRMADA,3362778,0,11/06/2021,11/06/2031,8.24,MINISTERIO DE HACIENDA,HACIENDA,62643
DO1005208025,COV2040,HACIENDA/10.875 BOEST 20400228 GTIA,100000,DOP,1,10.3176,103.95308,25/09/2026,01:22:29 PM,PRESTAMO,SEGUNDA PARTE,ROTC,24/11/2026,CONFIRMADA,3362063,0,28/02/2020,28/02/2040,2.260615,MINISTERIO DE HACIENDA,HACIENDA,61138
DO1005208025,COV2040,HACIENDA/10.875 BOEST 20400228 GTIA,100000,DOP,1,10.2962,104.16575,25/09/2026,01:22:29 PM,PRESTAMO,PRIMERA PARTE,ROTC,25/09/2026,CONFIRMADA,3362063,0,28/02/2020,28/02/2040,2.260615,MINISTERIO DE HACIENDA,HACIENDA,61271
USP3579ECZ80,BSRD2035, ,68000,USD,68,5.8141,100.421912,25/09/2026,01:22:28 PM,PRESTAMO,SEGUNDA PARTE,ROTC,26/10/2026,CONFIRMADA,3362065,0,28/10/2025,28/10/2035,2.694905,MINISTERIO DE HACIENDA,HACIENDA,48475
USP3579ECZ80,BSRD2035, ,68000,USD,68,5.7965,100.542221,25/09/2026,01:22:28 PM,PRESTAMO,PRIMERA PARTE,ROTC,25/09/2026,CONFIRMADA,3362065,0,28/10/2025,28/10/2035,2.694905,MINISTERIO DE HACIENDA,HACIENDA,48657
DO1005208025,COV2040,HACIENDA/10.875 BOEST 20400228 GTIA,100000,DOP,1,11.056,98.72598,25/09/2026,01:22:27 PM,PRESTAMO,SEGUNDA PARTE,ROTC,24/12/2026,CONFIRMADA,3362067,0,28/02/2020,28/02/2040,3.008537,MINISTERIO DE HACIENDA,HACIENDA,60557
DO1005208025,COV2040,HACIENDA/10.875 BOEST 20400228 GTIA,100000,DOP,1,10.9958,99.16575,25/09/2026,01:22:27 PM,PRESTAMO,PRIMERA PARTE,ROTC,25/09/2026,CONFIRMADA,3362067,0,28/02/2020,28/02/2040,3.008537,MINISTERIO DE HACIENDA,HACIENDA,61096
DO1005208025,COV2040,HACIENDA/10.875 BOEST 20400228 GTIA,1700000,DOP,17,5.2536,152.715381,25/09/2026,01:22:26 PM,PRESTAMO,SEGUNDA PARTE,ROTC,26/01/2027,CONFIRMADA,3362569,0,28/02/2020,28/02/2040,3.579241,MINISTERIO DE HACIENDA,HACIENDA,61950
DO1005208025,COV2040,HACIENDA/10.875 BOEST 20400228 GTIA,1700000,DOP,17,5.4187,151.587272,25/09/2026,01:22:26 PM,PRESTAMO,PRIMERA PARTE,ROTC,25/09/2026,CONFIRMADA,3362569,0,28/02/2020,28/02/2040,3.579241,MINISTERIO DE HACIENDA,HACIENDA,62118
DO2018100324,BC1AES03,AESTRELLA/11.25 BO 20301130,7625449,DOP,7625449,11.5088,99.145483,25/09/2026,01:22:26 PM,ESTRUCTURADA,SEGUNDA PARTE,ROTC,08/10/2026,CONFIRMADA,3362857,0,30/11/2020,30/11/2030,9.85,ACERO ESTRELLA S A,AESTRELLA,63056
DO2018100324,BC1AES03,AESTRELLA/11.25 BO 20301130,7625449,DOP,7625449,11.4938,99.190502,25/09/2026,01:22:26 PM,ESTRUCTURADA,PRIMERA PARTE,ROTC,25/09/2026,CONFIRMADA,3362857,0,30/11/2020,30/11/2030,9.85,ACERO ESTRELLA S A,AESTRELLA,63133
USP3579ECZ80,BSRD2035, ,24000,USD,24,4.8574,106.745542,25/09/2026,01:22:24 PM,PRESTAMO,SEGUNDA PARTE,ROTC,20/09/2027,CONFIRMADA,3362571,0,28/10/2025,28/10/2035,6.688991,MINISTERIO DE HACIENDA,HACIENDA,48517
USP3579ECZ80,BSRD2035, ,24000,USD,24,5.6231,101.767708,25/09/2026,01:22:24 PM,PRESTAMO,PRIMERA PARTE,ROTC,25/09/2026,CONFIRMADA,3362571,0,28/10/2025,28/10/2035,6.688991,MINISTERIO DE HACIENDA,HACIENDA,48552
USP3579ECZ80,BSRD2035, ,4000,USD,4,7.0665,92.20475,25/09/2026,01:22:23 PM,PRESTAMO,SEGUNDA PARTE,ROTC,25/11/2026,CONFIRMADA,3362574,0,28/10/2025,28/10/2035,3.346088,MINISTERIO DE HACIENDA,HACIENDA,47054
USP3579ECZ80,BSRD2035, ,4000,USD,4,7.4792,89.5455,25/09/2026,01:22:23 PM,PRESTAMO,PRIMERA PARTE,ROTC,25/09/2026,CONFIRMADA,3362574,0,28/10/2025,28/10/2035,3.346088,MINISTERIO DE HACIENDA,HACIENDA,46914
USP3579ECZ80,BSRD2035, ,3000,USD,3,5.1657,105.014333,25/09/2026,01:22:22 PM,PRESTAMO,SEGUNDA PARTE,ROTC,25/11/2026,CONFIRMADA,3362576,0,28/10/2025,28/10/2035,3.031625,MINISTERIO DE HACIENDA,HACIENDA,47642
USP3579ECZ80,BSRD2035, ,3000,USD,3,5.5545,102.258,25/09/2026,01:22:22 PM,PRESTAMO,PRIMERA PARTE,ROTC,25/09/2026,CONFIRMADA,3362576,0,28/10/2025,28/10/2035,3.031625,MINISTERIO DE HACIENDA,HACIENDA,46732
USP3579ECZ80,BSRD2035, ,97000,USD,97,5.3899,103.319876,25/09/2026,01:22:21 PM,PRESTAMO,SEGUNDA PARTE,ROTC,22/02/2027,CONFIRMADA,3362667,0,28/10/2025,28/10/2035,4.265499,MINISTERIO DE HACIENDA,HACIENDA,48671
USP3579ECZ80,BSRD2035, ,97000,USD,97,5.7749,100.693825,25/09/2026,01:22:21 PM,PRESTAMO,PRIMERA PARTE,ROTC,25/09/2026,CONFIRMADA,3362667,0,28/10/2025,28/10/2035,4.265499,MINISTERIO DE HACIENDA,HACIENDA,48755
DO1005208025,COV2040,HACIENDA/10.875 BOEST 20400228 GTIA,600000,DOP,6,4.2544,166.572527,25/09/2026,01:22:20 PM,PRESTAMO,SEGUNDA PARTE,ROTC,24/11/2026,CONFIRMADA,3362670,0,28/02/2020,28/02/2040,1.987078,MINISTERIO DE HACIENDA,HACIENDA,61236
DO1005208025,COV2040,HACIENDA/10.875 BOEST 20400228 GTIA,600000,DOP,6,4.3506,165.83242,25/09/2026,01:22:20 PM,PRESTAMO,PRIMERA PARTE,ROTC,25/09/2026,CONFIRMADA,3362670,0,28/02/2020,28/02/2040,1.987078,MINISTERIO DE HACIENDA,HACIENDA,60942
USP3579ECZ80,BSRD2035, ,20000,USD,20,5.513,102.5374,25/09/2026,01:22:18 PM,PRESTAMO,SEGUNDA PARTE,ROTC,29/10/2026,CONFIRMADA,3362672,0,28/10/2025,28/10/2035,2.739004,MINISTERIO DE HACIENDA,HACIENDA,47292
USP3579ECZ80,BSRD2035, ,20000,USD,20,5.9108,99.74475,25/09/2026,01:22:18 PM,PRESTAMO,PRIMERA PARTE,ROTC,25/09/2026,CONFIRMADA,3362672,0,28/10/2025,28/10/2035,2.739004,MINISTERIO DE HACIENDA,HACIENDA,47943
DO1005208025,COV2040,HACIENDA/10.875 BOEST 20400228 GTIA,1300000,DOP,13,5.2656,153.262662,25/09/2026,01:22:17 PM,PRESTAMO,SEGUNDA PARTE,ROTC,28/10/2026,CONFIRMADA,3362674,0,28/02/2020,28/02/2040,1.333647,MINISTERIO DE HACIENDA,HACIENDA,61922
DO1005208025,COV2040,HACIENDA/10.875 BOEST 20400228 GTIA,1300000,DOP,13,5.3059,153.011907,25/09/2026,01:22:17 PM,PRESTAMO,PRIMERA PARTE,ROTC,25/09/2026,CONFIRMADA,3362674,0,28/02/2020,28/02/2040,1.333647,MINISTERIO DE HACIENDA,HACIENDA,61964
DO1005208025,COV2040,HACIENDA/10.875 BOEST 20400228 GTIA,1300000,DOP,13,5.2656,153.262662,25/09/2026,01:21:21 PM,ESTRUCTURADA,SEGUNDA PARTE,ROTC,28/10/2026,CONFIRMADA,3362673,0,28/02/2020,28/02/2040,8.75,MINISTERIO DE HACIENDA,HACIENDA,63980
DO1005208025,COV2040,HACIENDA/10.875 BOEST 20400228 GTIA,1300000,DOP,13,5.3059,153.011907,25/09/2026,01:21:21 PM,ESTRUCTURADA,PRIMERA PARTE,ROTC,25/09/2026,CONFIRMADA,3362673,0,28/02/2020,28/02/2040,8.75,MINISTERIO DE HACIENDA,HACIENDA,64022
USP3579ECZ80,BSRD2035, ,20000,USD,20,5.513,102.5374,25/09/2026,01:21:20 PM,ESTRUCTURADA,SEGUNDA PARTE,ROTC,29/10/2026,CONFIRMADA,3362671,0,28/10/2025,28/10/2035,4.25,MINISTERIO DE HACIENDA,HACIENDA,49336
USP3579ECZ80,BSRD2035, ,20000,USD,20,5.9108,99.74475,25/09/2026,01:21:20 PM,ESTRUCTURADA,PRIMERA PARTE,ROTC,25/09/2026,CONFIRMADA,3362671,0,28/10/2025,28/10/2035,4.25,MINISTERIO DE HACIENDA,HACIENDA,49987
DO1005208025,COV2040,HACIENDA/10.875 BOEST 20400228 GTIA,600000,DOP,6,4.2544,166.572527,25/09/2026,01:21:19 PM,ESTRUCTURADA,SEGUNDA PARTE,ROTC,24/11/2026,CONFIRMADA,3362668,0,28/02/2020,28/02/2040,9.1,MINISTERIO DE HACIENDA,HACIENDA,63385
DO1005208025,COV2040,HACIENDA/10.875 BOEST 20400228 GTIA,600000,DOP,6,4.3506,165.83242,25/09/2026,01:21:19 PM,ESTRUCTURADA,PRIMERA PARTE,ROTC,25/09/2026,CONFIRMADA,3362668,0,28/02/2020,28/02/2040,9.1,MINISTERIO DE HACIENDA,HACIENDA,63091
USP3579ECZ80,BSRD2035, ,97000,USD,97,5.3899,103.319876,25/09/2026,01:21:18 PM,ESTRUCTURADA,SEGUNDA PARTE,ROTC,22/02/2027,CONFIRMADA,3362666,0,28/10/2025,28/10/2035,4.8597,MINISTERIO DE HACIENDA,HACIENDA,50806
USP3579ECZ80,BSRD2035, ,97000,USD,97,5.7749,100.693825,25/09/2026,01:21:18 PM,ESTRUCTURADA,PRIMERA PARTE,ROTC,25/09/2026,CONFIRMADA,3362666,0,28/10/2025,28/10/2035,4.8597,MINISTERIO DE HACIENDA,HACIENDA,50890
USP3579ECP09,BSRD2029, ,150000,USD,150,0,99.1081,25/09/2026,01:20:01 PM,CONTADO,PRIMERA PARTE,MHRD,25/09/2026,CONFIRMADA,3362979,0,22/02/2022,22/02/2029,0,MINISTERIO DE HACIENDA,HACIENDA,45493
USP3579ECP09,BSRD2029, ,150000,USD,150,0,99.1081,25/09/2026,01:20:01 PM,CONTADO,PRIMERA PARTE,MHRD,25/09/2026,CONFIRMADA,3362980,0,22/02/2022,22/02/2029,0,MINISTERIO DE HACIENDA,HACIENDA,45493
USP3579ECY16,BSDR2037, ,108350000,DOP,2167,9.066733,109.556049,25/09/2026,01:19:09 PM,CONTADO,PRIMERA PARTE,ROTC,25/09/2026,CONFIRMADA,3362978,0,24/02/2025,15/03/2037,0,MINISTERIO DE HACIENDA,HACIENDA,50827
DO1002227317,NO150928,BCENTRAL/11 BOEST 20280915 GTIA,20000000,DOP,2000,9.1,103.35481,25/09/2026,01:18:32 PM,CONTADO,PRIMERA PARTE,ROTC,25/09/2026,CONFIRMADA,3362709,0,15/09/2023,15/09/2028,0,BANCO CENTRAL DE LA REPUBLICA DOMINICANA,BCENTRAL,59927
DO1002226525,NO180228,BCENTRAL/15 BOEST 20280218 GTIA,13890000,DOP,1389,10.1923,103.663911,25/09/2026,01:17:48 PM,PRESTAMO,SEGUNDA PARTE,ROTC,23/04/2027,CONFIRMADA,3362835,0,18/02/2023,18/02/2028,0.116806,BANCO CENTRAL DE LA REPUBLICA DOMINICANA,BCENTRAL,62552
DO1002226525,NO180228,BCENTRAL/15 BOEST 20280218 GTIA,13890000,DOP,1389,9.9257,106.440029,25/09/2026,01:17:48 PM,PRESTAMO,PRIMERA PARTE,ROTC,25/09/2026,CONFIRMADA,3362835,0,18/02/2023,18/02/2028,0.116806,BANCO CENTRAL DE LA REPUBLICA DOMINICANA,BCENTRAL,62405
DO1005254219,MH22041,HACIENDA/12 BOEST 20410529 GTIA,11900000,DOP,119,8.161,132.458168,25/09/2026,01:17:41 PM,CONTADO,PRIMERA PARTE,ROTC,25/09/2026,CONFIRMADA,3362829,0,29/05/2026,29/05/2041,0,MINISTERIO DE HACIENDA,HACIENDA,60144
DO1002226525,NO180228,BCENTRAL/15 BOEST 20280218 GTIA,13890000,DOP,1389,10.1923,103.663911,25/09/2026,01:17:38 PM,ESTRUCTURADA,SEGUNDA PARTE,ROTC,23/04/2027,CONFIRMADA,3362834,0,18/02/2023,18/02/2028,9.25,BANCO CENTRAL DE LA REPUBLICA DOMINICANA,BCENTRAL,64645
DO1002226525,NO180228,BCENTRAL/15 BOEST 20280218 GTIA,13890000,DOP,1389,9.9257,106.440029,25/09/2026,01:17:38 PM,ESTRUCTURADA,PRIMERA PARTE,ROTC,25/09/2026,CONFIRMADA,3362834,0,18/02/2023,18/02/2028,9.25,BANCO CENTRAL DE LA REPUBLICA DOMINICANA,BCENTRAL,64498
DO1005254219,MH22041,HACIENDA/12 BOEST 20410529 GTIA,67700000,DOP,677,8.161,132.458168,25/09/2026,01:17:18 PM,CONTADO,PRIMERA PARTE,ROTC,25/09/2026,CONFIRMADA,3362830,0,29/05/2026,29/05/2041,0,MINISTERIO DE HACIENDA,HACIENDA,60298
DO1002261522,NO180130,BCENTRAL/9.5 BOEST 20300118 GTIA,20000000,DOP,2000,9.1,101.0975,25/09/2026,01:17:03 PM,CONTADO,PRIMERA PARTE,ROTC,25/09/2026,CONFIRMADA,3362708,0,18/01/2026,18/01/2030,0,BANCO CENTRAL DE LA REPUBLICA DOMINICANA,BCENTRAL,59766
DO1005206516,MH32028,HACIENDA/10.75 BOEST 20280811 GTIA,9300000,DOP,93,2.33537,111.396345,25/09/2026,01:17:03 PM,PRESTAMO,SEGUNDA PARTE,ROTC,25/03/2027,CONFIRMADA,3362883,0,10/08/2018,11/08/2028,10.75,MINISTERIO DE HACIENDA,HACIENDA,61831
DO1005206516,MH32028,HACIENDA/10.75 BOEST 20280811 GTIA,9300000,DOP,93,7.16647,106.172087,25/09/2026,01:17:03 PM,PRESTAMO,PRIMERA PARTE,ROTC,25/09/2026,CONFIRMADA,3362883,0,10/08/2018,11/08/2028,10.75,MINISTERIO DE HACIENDA,HACIENDA,61978
DO1005254219,MH22041,HACIENDA/12 BOEST 20410529 GTIA,11900000,DOP,119,9.5,119.532735,25/09/2026,01:16:34 PM,CONTADO,PRIMERA PARTE,ROTC,25/09/2026,CONFIRMADA,3362828,0,29/05/2026,29/05/2041,0,MINISTERIO DE HACIENDA,HACIENDA,59451
DO1005206516,MH32028,HACIENDA/10.75 BOEST 20280811 GTIA,9300000,DOP,93,2.33537,111.396345,25/09/2026,01:16:30 PM,ESTRUCTURADA,SEGUNDA PARTE,ROTC,25/03/2027,CONFIRMADA,3362881,0,10/08/2018,11/08/2028,10.75,MINISTERIO DE HACIENDA,HACIENDA,63924
DO1005206516,MH32028,HACIENDA/10.75 BOEST 20280811 GTIA,9300000,DOP,93,7.16647,106.172087,25/09/2026,01:16:30 PM,ESTRUCTURADA,PRIMERA PARTE,ROTC,25/09/2026,CONFIRMADA,3362881,0,10/08/2018,11/08/2028,10.75,MINISTERIO DE HACIENDA,HACIENDA,64071
DO1005254219,MH22041,HACIENDA/12 BOEST 20410529 GTIA,67700000,DOP,677,9.5,119.532735,25/09/2026,01:16:20 PM,CONTADO,PRIMERA PARTE,ROTC,25/09/2026,CONFIRMADA,3362827,0,29/05/2026,29/05/2041,0,MINISTERIO DE HACIENDA,HACIENDA,59542
DO1002261225,LE021026,BCENTRAL/ LT 20261002 GTIA,1000000000,DOP,100000,5.45,99.894139,25/09/2026,01:16:20 PM,CONTADO,PRIMERA PARTE,ROTC,25/09/2026,CONFIRMADA,3362948,0,02/10/2025,02/10/2026,0,BANCO CENTRAL DE LA REPUBLICA DOMINICANA,BCENTRAL,59234
USP3579EBY25,BSRD2048,DOMINICAN REP/6.5 CHURCH BD UNSEC,11000,USD,11,5.4566,112.961273,25/09/2026,01:15:36 PM,PLAZO,PRIMERA PARTE,ROTC,27/01/2027,CONFIRMADA,3362943,0,08/02/2018,15/02/2048,0,MINISTERIO DE HACIENDA,HACIENDA,61950
USP3579EBY25,BSRD2048,DOMINICAN REP/6.5 CHURCH BD UNSEC,11000,USD,11,5.4566,112.961273,25/09/2026,01:15:35 PM,PRESTAMO,SEGUNDA PARTE,ROTC,27/01/2027,CONFIRMADA,3362942,0,08/02/2018,15/02/2048,2.131008,MINISTERIO DE HACIENDA,HACIENDA,63483
USP3579EBY25,BSRD2048,DOMINICAN REP/6.5 CHURCH BD UNSEC,11000,USD,11,5.4309,113.416727,25/09/2026,01:15:35 PM,PRESTAMO,PRIMERA PARTE,ROTC,29/09/2026,CONFIRMADA,3362942,0,08/02/2018,15/02/2048,2.131008,MINISTERIO DE HACIENDA,HACIENDA,63574
USP3579EBY25,BSRD2048,DOMINICAN REP/6.5 CHURCH BD UNSEC,11000,USD,11,5.4309,113.416727,25/09/2026,01:15:34 PM,CONTADO,PRIMERA PARTE,ROTC,29/09/2026,CONFIRMADA,3362941,0,08/02/2018,15/02/2048,0,MINISTERIO DE HACIENDA,HACIENDA,62874
DO1005206516,MH32028,HACIENDA/10.75 BOEST 20280811 GTIA,1500000,DOP,15,3.44214,110.327553,25/09/2026,01:14:40 PM,PRESTAMO,SEGUNDA PARTE,ROTC,25/02/2027,CONFIRMADA,3362606,0,10/08/2018,11/08/2028,10.75,MINISTERIO DE HACIENDA,HACIENDA,61649
DO1005206516,MH32028,HACIENDA/10.75 BOEST 20280811 GTIA,1500000,DOP,15,7.64708,105.311873,25/09/2026,01:14:40 PM,PRESTAMO,PRIMERA PARTE,ROTC,25/09/2026,CONFIRMADA,3362606,0,10/08/2018,11/08/2028,10.75,MINISTERIO DE HACIENDA,HACIENDA,61866
USP3579ECY16,BSDR2037, ,100000,DOP,2,10.0994,102.479967,25/09/2026,01:14:14 PM,ESTRUCTURADA,SEGUNDA PARTE,ROTC,26/01/2027,CONFIRMADA,3362862,0,24/02/2025,15/03/2037,9.3,MINISTERIO DE HACIENDA,HACIENDA,50855
USP3579ECY16,BSDR2037, ,100000,DOP,2,10.0703,102.735443,25/09/2026,01:14:14 PM,ESTRUCTURADA,PRIMERA PARTE,ROTC,25/09/2026,CONFIRMADA,3362862,0,24/02/2025,15/03/2037,9.3,MINISTERIO DE HACIENDA,HACIENDA,50764
USP3579ECY16,BSDR2037, ,100000,DOP,2,0,0,25/09/2026,01:14:13 PM,PRESTAMO,SEGUNDA PARTE,ROTC,13/03/2037,CONFIRMADA,3362864,0,24/02/2025,15/03/2037,0,MINISTERIO DE HACIENDA,HACIENDA,43253
USP3579ECY16,BSDR2037, ,100000,DOP,2,10.0703,102.735443,25/09/2026,01:14:13 PM,PRESTAMO,PRIMERA PARTE,ROTC,25/09/2026,CONFIRMADA,3362864,0,24/02/2025,15/03/2037,0,MINISTERIO DE HACIENDA,HACIENDA,48657
USP3579EAY34,BSRD2044,DOMINICAN Rep/7.45 BD 20440430 GO,6000,USD,6,6.9851,104.655778,25/09/2026,01:14:12 PM,ESTRUCTURADA,SEGUNDA PARTE,ROTC,08/10/2026,CONFIRMADA,3362866,0,30/04/2014,30/04/2044,5.1,MINISTERIO DE HACIENDA,HACIENDA,63861
USP3579EAY34,BSRD2044,DOMINICAN Rep/7.45 BD 20440430 GO,6000,USD,6,6.9784,104.726472,25/09/2026,01:14:12 PM,ESTRUCTURADA,PRIMERA PARTE,ROTC,25/09/2026,CONFIRMADA,3362866,0,30/04/2014,30/04/2044,5.1,MINISTERIO DE HACIENDA,HACIENDA,63938
USP3579EAY34,BSRD2044,DOMINICAN Rep/7.45 BD 20440430 GO,6000,USD,6,0,0,25/09/2026,01:14:11 PM,PRESTAMO,SEGUNDA PARTE,ROTC,29/04/2044,CONFIRMADA,3362867,0,30/04/2014,30/04/2044,0,MINISTERIO DE HACIENDA,HACIENDA,56616
USP3579EAY34,BSRD2044,DOMINICAN Rep/7.45 BD 20440430 GO,6000,USD,6,6.9784,104.726472,25/09/2026,01:14:11 PM,PRESTAMO,PRIMERA PARTE,ROTC,25/09/2026,CONFIRMADA,3362867,0,30/04/2014,30/04/2044,0,MINISTERIO DE HACIENDA,HACIENDA,61831
DO1005212019,MH32034,HACIENDA/13.625 BOEST 20340210 GTIA,4400000,DOP,44,9.1766,122.115711,25/09/2026,01:14:10 PM,ESTRUCTURADA,SEGUNDA PARTE,ROTC,23/04/2027,CONFIRMADA,3362868,0,10/02/2023,10/02/2034,9.15,MINISTERIO DE HACIENDA,HACIENDA,63693
DO1005212019,MH32034,HACIENDA/13.625 BOEST 20340210 GTIA,4400000,DOP,44,9.2065,123.282877,25/09/2026,01:14:10 PM,ESTRUCTURADA,PRIMERA PARTE,ROTC,25/09/2026,CONFIRMADA,3362868,0,10/02/2023,10/02/2034,9.15,MINISTERIO DE HACIENDA,HACIENDA,63882
DO1005212019,MH32034,HACIENDA/13.625 BOEST 20340210 GTIA,4400000,DOP,44,0,0,25/09/2026,01:14:09 PM,PRESTAMO,SEGUNDA PARTE,ROTC,09/02/2034,CONFIRMADA,3362869,0,10/02/2023,10/02/2034,0,MINISTERIO DE HACIENDA,HACIENDA,56623
DO1005212019,MH32034,HACIENDA/13.625 BOEST 20340210 GTIA,4400000,DOP,44,9.2065,123.282877,25/09/2026,01:14:09 PM,PRESTAMO,PRIMERA PARTE,ROTC,25/09/2026,CONFIRMADA,3362869,0,10/02/2023,10/02/2034,0,MINISTERIO DE HACIENDA,HACIENDA,61838
USP3579ECV76,BSDR2036, ,3000000,DOP,60,9.0817,110.557079,25/09/2026,01:14:08 PM,ESTRUCTURADA,SEGUNDA PARTE,ROTC,02/10/2026,CONFIRMADA,3362870,0,01/07/2024,01/06/2036,6.45,MINISTERIO DE HACIENDA,HACIENDA,51163
USP3579ECV76,BSDR2036, ,3000000,DOP,60,9.0737,110.623098,25/09/2026,01:14:08 PM,ESTRUCTURADA,PRIMERA PARTE,ROTC,25/09/2026,CONFIRMADA,3362870,0,01/07/2024,01/06/2036,6.45,MINISTERIO DE HACIENDA,HACIENDA,51289
USP3579ECV76,BSDR2036, ,3000000,DOP,60,0,0,25/09/2026,01:14:07 PM,PRESTAMO,SEGUNDA PARTE,ROTC,30/05/2036,CONFIRMADA,3362871,0,01/07/2024,01/06/2036,0,MINISTERIO DE HACIENDA,HACIENDA,44002
USP3579ECV76,BSDR2036, ,3000000,DOP,60,9.0737,110.623098,25/09/2026,01:14:07 PM,PRESTAMO,PRIMERA PARTE,ROTC,25/09/2026,CONFIRMADA,3362871,0,01/07/2024,01/06/2036,0,MINISTERIO DE HACIENDA,HACIENDA,49182
USP3579EBE60,BSRD2045,DOMINICAN Rep/6.85 BD 20450127 Un,11000,USD,11,7.0564,97.8855,25/09/2026,01:14:06 PM,ESTRUCTURADA,SEGUNDA PARTE,ROTC,27/10/2026,CONFIRMADA,3362872,0,27/01/2015,27/01/2045,4.15,MINISTERIO DE HACIENDA,HACIENDA,63672
USP3579EBE60,BSRD2045,DOMINICAN Rep/6.85 BD 20450127 Un,11000,USD,11,7.0319,98.128389,25/09/2026,01:14:06 PM,ESTRUCTURADA,PRIMERA PARTE,ROTC,25/09/2026,CONFIRMADA,3362872,0,27/01/2015,27/01/2045,4.15,MINISTERIO DE HACIENDA,HACIENDA,64477
USP3579EBE60,BSRD2045,DOMINICAN Rep/6.85 BD 20450127 Un,11000,USD,11,0,0,25/09/2026,01:14:04 PM,PRESTAMO,SEGUNDA PARTE,ROTC,26/01/2045,CONFIRMADA,3362873,0,27/01/2015,27/01/2045,0,MINISTERIO DE HACIENDA,HACIENDA,57442
USP3579EBE60,BSRD2045,DOMINICAN Rep/6.85 BD 20450127 Un,11000,USD,11,7.0319,98.128389,25/09/2026,01:14:04 PM,PRESTAMO,PRIMERA PARTE,ROTC,25/09/2026,CONFIRMADA,3362873,0,27/01/2015,27/01/2045,0,MINISTERIO DE HACIENDA,HACIENDA,62363
DO1002262124,LE110627,BCENTRAL/ LT 20270611 GTIA,790000,DOP,79,7.9043,95.853928,25/09/2026,01:14:03 PM,ESTRUCTURADA,SEGUNDA PARTE,ROTC,26/11/2026,CONFIRMADA,3362874,0,03/09/2026,11/06/2027,9.05,BANCO CENTRAL DE LA REPUBLICA DOMINICANA,BCENTRAL,60228
DO1002262124,LE110627,BCENTRAL/ LT 20270611 GTIA,790000,DOP,79,8.2723,94.382866,25/09/2026,01:14:03 PM,ESTRUCTURADA,PRIMERA PARTE,ROTC,25/09/2026,CONFIRMADA,3362874,0,03/09/2026,11/06/2027,9.05,BANCO CENTRAL DE LA REPUBLICA DOMINICANA,BCENTRAL,60305
DO1002262124,LE110627,BCENTRAL/ LT 20270611 GTIA,790000,DOP,79,0,0,25/09/2026,01:14:02 PM,PRESTAMO,SEGUNDA PARTE,ROTC,10/06/2027,CONFIRMADA,3362875,0,03/09/2026,11/06/2027,0,BANCO CENTRAL DE LA REPUBLICA DOMINICANA,BCENTRAL,53263
DO1002262124,LE110627,BCENTRAL/ LT 20270611 GTIA,790000,DOP,79,8.2723,94.382866,25/09/2026,01:14:02 PM,PRESTAMO,PRIMERA PARTE,ROTC,25/09/2026,CONFIRMADA,3362875,0,03/09/2026,11/06/2027,0,BANCO CENTRAL DE LA REPUBLICA DOMINICANA,BCENTRAL,58198
USP3579ECY16,BSDR2037, ,24100000,DOP,482,9.0802,109.253895,25/09/2026,01:14:01 PM,ESTRUCTURADA,SEGUNDA PARTE,ROTC,28/01/2027,CONFIRMADA,3362876,0,24/02/2025,15/03/2037,9.6,MINISTERIO DE HACIENDA,HACIENDA,51926
USP3579ECY16,BSDR2037, ,24100000,DOP,482,9.1181,109.191942,25/09/2026,01:14:01 PM,ESTRUCTURADA,PRIMERA PARTE,ROTC,25/09/2026,CONFIRMADA,3362876,0,24/02/2025,15/03/2037,9.6,MINISTERIO DE HACIENDA,HACIENDA,51982
USP3579ECY16,BSDR2037, ,24100000,DOP,482,0,0,25/09/2026,01:14:00 PM,PRESTAMO,SEGUNDA PARTE,ROTC,13/03/2037,CONFIRMADA,3362877,0,24/02/2025,15/03/2037,0,MINISTERIO DE HACIENDA,HACIENDA,44695
USP3579ECY16,BSDR2037, ,24100000,DOP,482,9.1181,109.191942,25/09/2026,01:14:00 PM,PRESTAMO,PRIMERA PARTE,ROTC,25/09/2026,CONFIRMADA,3362877,0,24/02/2025,15/03/2037,0,MINISTERIO DE HACIENDA,HACIENDA,49875
DO1002262223,LE030927,BCENTRAL/ LT 20270903 GTIA,130000,DOP,13,10.1894,93.292985,25/09/2026,01:13:59 PM,ESTRUCTURADA,SEGUNDA PARTE,ROTC,23/12/2026,CONFIRMADA,3362878,0,03/09/2026,03/09/2027,9.2,BANCO CENTRAL DE LA REPUBLICA DOMINICANA,BCENTRAL,60494
DO1002262223,LE030927,BCENTRAL/ LT 20270903 GTIA,130000,DOP,13,10.1043,91.218277,25/09/2026,01:13:59 PM,ESTRUCTURADA,PRIMERA PARTE,ROTC,25/09/2026,CONFIRMADA,3362878,0,03/09/2026,03/09/2027,9.2,BANCO CENTRAL DE LA REPUBLICA DOMINICANA,BCENTRAL,60445
DO1002262223,LE030927,BCENTRAL/ LT 20270903 GTIA,130000,DOP,13,0,0,25/09/2026,01:13:58 PM,PRESTAMO,SEGUNDA PARTE,ROTC,02/09/2027,CONFIRMADA,3362882,0,03/09/2026,03/09/2027,0,BANCO CENTRAL DE LA REPUBLICA DOMINICANA,BCENTRAL,53249
DO1002262223,LE030927,BCENTRAL/ LT 20270903 GTIA,130000,DOP,13,10.1043,91.218277,25/09/2026,01:13:58 PM,PRESTAMO,PRIMERA PARTE,ROTC,25/09/2026,CONFIRMADA,3362882,0,03/09/2026,03/09/2027,0,BANCO CENTRAL DE LA REPUBLICA DOMINICANA,BCENTRAL,58338
USP3579ECZ80,BSRD2035, ,97000,USD,97,6.5721,95.374942,25/09/2026,01:13:57 PM,ESTRUCTURADA,SEGUNDA PARTE,ROTC,29/12/2026,CONFIRMADA,3362891,0,28/10/2025,28/10/2035,5.3,MINISTERIO DE HACIENDA,HACIENDA,50491
USP3579ECZ80,BSRD2035, ,97000,USD,97,6.5324,95.539186,25/09/2026,01:13:57 PM,ESTRUCTURADA,PRIMERA PARTE,ROTC,25/09/2026,CONFIRMADA,3362891,0,28/10/2025,28/10/2035,5.3,MINISTERIO DE HACIENDA,HACIENDA,50582
DO1005206516,MH32028,HACIENDA/10.75 BOEST 20280811 GTIA,1500000,DOP,15,3.44214,110.327553,25/09/2026,01:13:56 PM,ESTRUCTURADA,SEGUNDA PARTE,ROTC,25/02/2027,CONFIRMADA,3362605,0,10/08/2018,11/08/2028,10.75,MINISTERIO DE HACIENDA,HACIENDA,63791
DO1005206516,MH32028,HACIENDA/10.75 BOEST 20280811 GTIA,1500000,DOP,15,7.64708,105.311873,25/09/2026,01:13:56 PM,ESTRUCTURADA,PRIMERA PARTE,ROTC,25/09/2026,CONFIRMADA,3362605,0,10/08/2018,11/08/2028,10.75,MINISTERIO DE HACIENDA,HACIENDA,64008
USP3579ECZ80,BSRD2035, ,97000,USD,97,0,0,25/09/2026,01:13:56 PM,PRESTAMO,SEGUNDA PARTE,ROTC,26/10/2035,CONFIRMADA,3362900,0,28/10/2025,28/10/2035,0,MINISTERIO DE HACIENDA,HACIENDA,43561
USP3579ECZ80,BSRD2035, ,97000,USD,97,6.5324,95.539186,25/09/2026,01:13:56 PM,PRESTAMO,PRIMERA PARTE,ROTC,25/09/2026,CONFIRMADA,3362900,0,28/10/2025,28/10/2035,0,MINISTERIO DE HACIENDA,HACIENDA,48475
DO1005211227,MH32029,HACIENDA/12.75 BOEST 20290923 GTIA,200000,DOP,2,8.2965,110.422757,25/09/2026,01:13:55 PM,ESTRUCTURADA,SEGUNDA PARTE,ROTC,26/01/2027,CONFIRMADA,3362904,0,23/09/2022,23/09/2029,9.2,MINISTERIO DE HACIENDA,HACIENDA,62839
DO1005211227,MH32029,HACIENDA/12.75 BOEST 20290923 GTIA,200000,DOP,2,8.4296,111.221082,25/09/2026,01:13:55 PM,ESTRUCTURADA,PRIMERA PARTE,ROTC,25/09/2026,CONFIRMADA,3362904,0,23/09/2022,23/09/2029,9.2,MINISTERIO DE HACIENDA,HACIENDA,62860
DO1005211227,MH32029,HACIENDA/12.75 BOEST 20290923 GTIA,200000,DOP,2,0,0,25/09/2026,01:13:54 PM,PRESTAMO,SEGUNDA PARTE,ROTC,21/09/2029,CONFIRMADA,3362905,0,23/09/2022,23/09/2029,0,MINISTERIO DE HACIENDA,HACIENDA,55678
DO1005211227,MH32029,HACIENDA/12.75 BOEST 20290923 GTIA,200000,DOP,2,8.4296,111.221082,25/09/2026,01:13:54 PM,PRESTAMO,PRIMERA PARTE,ROTC,25/09/2026,CONFIRMADA,3362905,0,23/09/2022,23/09/2029,0,MINISTERIO DE HACIENDA,HACIENDA,60753
DO1002262124,LE110627,BCENTRAL/ LT 20270611 GTIA,280000,DOP,28,6.0461,97.799032,25/09/2026,01:13:53 PM,ESTRUCTURADA,SEGUNDA PARTE,ROTC,28/01/2027,CONFIRMADA,3362906,0,03/09/2026,11/06/2027,9.2,BANCO CENTRAL DE LA REPUBLICA DOMINICANA,BCENTRAL,60123
DO1002262124,LE110627,BCENTRAL/ LT 20270611 GTIA,280000,DOP,28,7.6682,94.771607,25/09/2026,01:13:53 PM,ESTRUCTURADA,PRIMERA PARTE,ROTC,25/09/2026,CONFIRMADA,3362906,0,03/09/2026,11/06/2027,9.2,BANCO CENTRAL DE LA REPUBLICA DOMINICANA,BCENTRAL,60263
DO1002262124,LE110627,BCENTRAL/ LT 20270611 GTIA,280000,DOP,28,0,0,25/09/2026,01:13:51 PM,PRESTAMO,SEGUNDA PARTE,ROTC,10/06/2027,CONFIRMADA,3362907,0,03/09/2026,11/06/2027,0,BANCO CENTRAL DE LA REPUBLICA DOMINICANA,BCENTRAL,53200
DO1002262124,LE110627,BCENTRAL/ LT 20270611 GTIA,280000,DOP,28,7.6682,94.771607,25/09/2026,01:13:51 PM,PRESTAMO,PRIMERA PARTE,ROTC,25/09/2026,CONFIRMADA,3362907,0,03/09/2026,11/06/2027,0,BANCO CENTRAL DE LA REPUBLICA DOMINICANA,BCENTRAL,58149
USP3579ECX33,BSDR2055, ,98000,USD,98,7.0773,100.872198,25/09/2026,01:13:50 PM,ESTRUCTURADA,SEGUNDA PARTE,ROTC,22/01/2027,CONFIRMADA,3362908,0,24/02/2025,24/02/2055,5.25,MINISTERIO DE HACIENDA,HACIENDA,50694
USP3579ECX33,BSDR2055, ,98000,USD,98,7.0327,101.425122,25/09/2026,01:13:50 PM,ESTRUCTURADA,PRIMERA PARTE,ROTC,25/09/2026,CONFIRMADA,3362908,0,24/02/2025,24/02/2055,5.25,MINISTERIO DE HACIENDA,HACIENDA,50666
USP3579ECX33,BSDR2055, ,98000,USD,98,0,0,25/09/2026,01:13:49 PM,PRESTAMO,SEGUNDA PARTE,ROTC,23/02/2055,CONFIRMADA,3362909,0,24/02/2025,24/02/2055,0,MINISTERIO DE HACIENDA,HACIENDA,43575
USP3579ECX33,BSDR2055, ,98000,USD,98,7.0327,101.425122,25/09/2026,01:13:49 PM,PRESTAMO,PRIMERA PARTE,ROTC,25/09/2026,CONFIRMADA,3362909,0,24/02/2025,24/02/2055,0,MINISTERIO DE HACIENDA,HACIENDA,48622
DO1002262124,LE110627,BCENTRAL/ LT 20270611 GTIA,1060000,DOP,106,7.384,97.208595,25/09/2026,01:13:48 PM,ESTRUCTURADA,SEGUNDA PARTE,ROTC,22/01/2027,CONFIRMADA,3362910,0,03/09/2026,11/06/2027,9.2,BANCO CENTRAL DE LA REPUBLICA DOMINICANA,BCENTRAL,60431
DO1002262124,LE110627,BCENTRAL/ LT 20270611 GTIA,1060000,DOP,106,8.3398,94.339623,25/09/2026,01:13:48 PM,ESTRUCTURADA,PRIMERA PARTE,ROTC,25/09/2026,CONFIRMADA,3362910,0,03/09/2026,11/06/2027,9.2,BANCO CENTRAL DE LA REPUBLICA DOMINICANA,BCENTRAL,60921
DO1002262124,LE110627,BCENTRAL/ LT 20270611 GTIA,1060000,DOP,106,0,0,25/09/2026,01:13:47 PM,PRESTAMO,SEGUNDA PARTE,ROTC,10/06/2027,CONFIRMADA,3362911,0,03/09/2026,11/06/2027,0,BANCO CENTRAL DE LA REPUBLICA DOMINICANA,BCENTRAL,53865
DO1002262124,LE110627,BCENTRAL/ LT 20270611 GTIA,1060000,DOP,106,8.3398,94.339623,25/09/2026,01:13:47 PM,PRESTAMO,PRIMERA PARTE,ROTC,25/09/2026,CONFIRMADA,3362911,0,03/09/2026,11/06/2027,0,BANCO CENTRAL DE LA REPUBLICA DOMINICANA,BCENTRAL,58814
DO1002262223,LE030927,BCENTRAL/ LT 20270903 GTIA,270000,DOP,27,8.3359,93.262348,25/09/2026,01:13:46 PM,ESTRUCTURADA,SEGUNDA PARTE,ROTC,26/10/2026,CONFIRMADA,3362913,0,03/09/2026,03/09/2027,8.4,BANCO CENTRAL DE LA REPUBLICA DOMINICANA,BCENTRAL,60172
DO1002262223,LE030927,BCENTRAL/ LT 20270903 GTIA,270000,DOP,27,8.3965,92.592593,25/09/2026,01:13:46 PM,ESTRUCTURADA,PRIMERA PARTE,ROTC,25/09/2026,CONFIRMADA,3362913,0,03/09/2026,03/09/2027,8.4,BANCO CENTRAL DE LA REPUBLICA DOMINICANA,BCENTRAL,60354
DO1002262223,LE030927,BCENTRAL/ LT 20270903 GTIA,270000,DOP,27,0,0,25/09/2026,01:13:45 PM,PRESTAMO,SEGUNDA PARTE,ROTC,02/09/2027,CONFIRMADA,3362914,0,03/09/2026,03/09/2027,0,BANCO CENTRAL DE LA REPUBLICA DOMINICANA,BCENTRAL,53291
DO1002262223,LE030927,BCENTRAL/ LT 20270903 GTIA,270000,DOP,27,8.3965,92.592593,25/09/2026,01:13:45 PM,PRESTAMO,PRIMERA PARTE,ROTC,25/09/2026,CONFIRMADA,3362914,0,03/09/2026,03/09/2027,0,BANCO CENTRAL DE LA REPUBLICA DOMINICANA,BCENTRAL,58247
DO1005210922,MH22034,HACIENDA/13 BOEST 20340610 GTIA,800000,DOP,8,9.0685,120.970393,25/09/2026,01:13:44 PM,ESTRUCTURADA,SEGUNDA PARTE,ROTC,23/12/2026,CONFIRMADA,3362916,0,10/06/2022,10/06/2034,9.55,MINISTERIO DE HACIENDA,HACIENDA,61740
DO1005210922,MH22034,HACIENDA/13 BOEST 20340610 GTIA,800000,DOP,8,9.1071,121.189041,25/09/2026,01:13:44 PM,ESTRUCTURADA,PRIMERA PARTE,ROTC,25/09/2026,CONFIRMADA,3362916,0,10/06/2022,10/06/2034,9.55,MINISTERIO DE HACIENDA,HACIENDA,61740
DO1005210922,MH22034,HACIENDA/13 BOEST 20340610 GTIA,800000,DOP,8,0,0,25/09/2026,01:13:43 PM,PRESTAMO,SEGUNDA PARTE,ROTC,09/06/2034,CONFIRMADA,3362917,0,10/06/2022,10/06/2034,0,MINISTERIO DE HACIENDA,HACIENDA,54565
DO1005210922,MH22034,HACIENDA/13 BOEST 20340610 GTIA,800000,DOP,8,9.1071,121.189041,25/09/2026,01:13:43 PM,PRESTAMO,PRIMERA PARTE,ROTC,25/09/2026,CONFIRMADA,3362917,0,10/06/2022,10/06/2034,0,MINISTERIO DE HACIENDA,HACIENDA,59633
USP3579ECX33,BSDR2055, ,49000,USD,49,7.0819,100.817417,25/09/2026,01:13:42 PM,ESTRUCTURADA,SEGUNDA PARTE,ROTC,26/01/2027,CONFIRMADA,3362919,0,24/02/2025,24/02/2055,5.15,MINISTERIO DE HACIENDA,HACIENDA,50631
USP3579ECX33,BSDR2055, ,49000,USD,49,7.0327,101.425122,25/09/2026,01:13:42 PM,ESTRUCTURADA,PRIMERA PARTE,ROTC,25/09/2026,CONFIRMADA,3362919,0,24/02/2025,24/02/2055,5.15,MINISTERIO DE HACIENDA,HACIENDA,50617
USP3579ECX33,BSDR2055, ,49000,USD,49,0,0,25/09/2026,01:13:40 PM,PRESTAMO,SEGUNDA PARTE,ROTC,23/02/2055,CONFIRMADA,3362920,0,24/02/2025,24/02/2055,0,MINISTERIO DE HACIENDA,HACIENDA,43456
USP3579ECX33,BSDR2055, ,49000,USD,49,7.0327,101.425122,25/09/2026,01:13:40 PM,PRESTAMO,PRIMERA PARTE,ROTC,25/09/2026,CONFIRMADA,3362920,0,24/02/2025,24/02/2055,0,MINISTERIO DE HACIENDA,HACIENDA,48503
DO1002261522,NO180130,BCENTRAL/9.5 BOEST 20300118 GTIA,50000,DOP,5,10.1837,98.130443,25/09/2026,01:13:39 PM,ESTRUCTURADA,SEGUNDA PARTE,ROTC,27/10/2026,CONFIRMADA,3362921,0,18/01/2026,18/01/2030,8.3,BANCO CENTRAL DE LA REPUBLICA DOMINICANA,BCENTRAL,62328
DO1002261522,NO180130,BCENTRAL/9.5 BOEST 20300118 GTIA,50000,DOP,5,10.1365,98.21875,25/09/2026,01:13:39 PM,ESTRUCTURADA,PRIMERA PARTE,ROTC,25/09/2026,CONFIRMADA,3362921,0,18/01/2026,18/01/2030,8.3,BANCO CENTRAL DE LA REPUBLICA DOMINICANA,BCENTRAL,62125
DO1002261522,NO180130,BCENTRAL/9.5 BOEST 20300118 GTIA,50000,DOP,5,0,0,25/09/2026,01:13:38 PM,PRESTAMO,SEGUNDA PARTE,ROTC,17/01/2030,CONFIRMADA,3362922,0,18/01/2026,18/01/2030,0,BANCO CENTRAL DE LA REPUBLICA DOMINICANA,BCENTRAL,55139
DO1002261522,NO180130,BCENTRAL/9.5 BOEST 20300118 GTIA,50000,DOP,5,10.1365,98.21875,25/09/2026,01:13:38 PM,PRESTAMO,PRIMERA PARTE,ROTC,25/09/2026,CONFIRMADA,3362922,0,18/01/2026,18/01/2030,0,BANCO CENTRAL DE LA REPUBLICA DOMINICANA,BCENTRAL,60018
USP3579ECY16,BSDR2037, ,6000000,DOP,120,9.0599,109.322024,25/09/2026,01:13:37 PM,ESTRUCTURADA,SEGUNDA PARTE,ROTC,24/03/2027,CONFIRMADA,3362923,0,24/02/2025,15/03/2037,9.5,MINISTERIO DE HACIENDA,HACIENDA,51506
USP3579ECY16,BSDR2037, ,6000000,DOP,120,9.0978,109.335564,25/09/2026,01:13:37 PM,ESTRUCTURADA,PRIMERA PARTE,ROTC,25/09/2026,CONFIRMADA,3362923,0,24/02/2025,15/03/2037,9.5,MINISTERIO DE HACIENDA,HACIENDA,51709
USP3579ECY16,BSDR2037, ,6000000,DOP,120,0,0,25/09/2026,01:13:36 PM,PRESTAMO,SEGUNDA PARTE,ROTC,13/03/2037,CONFIRMADA,3362924,0,24/02/2025,15/03/2037,0,MINISTERIO DE HACIENDA,HACIENDA,44331
USP3579ECY16,BSDR2037, ,6000000,DOP,120,9.0978,109.335564,25/09/2026,01:13:36 PM,PRESTAMO,PRIMERA PARTE,ROTC,25/09/2026,CONFIRMADA,3362924,0,24/02/2025,15/03/2037,0,MINISTERIO DE HACIENDA,HACIENDA,49602
DO1005213421,MH22035,HACIENDA/10.5 BOEST 20350510 GTIA,900000,DOP,9,9.2788,107.09615,25/09/2026,01:13:35 PM,ESTRUCTURADA,SEGUNDA PARTE,ROTC,28/09/2026,CONFIRMADA,3362925,0,10/05/2024,10/05/2035,4.45,MINISTERIO DE HACIENDA,HACIENDA,62160
DO1005213421,MH22035,HACIENDA/10.5 BOEST 20350510 GTIA,900000,DOP,9,9.2721,107.141248,25/09/2026,01:13:35 PM,ESTRUCTURADA,PRIMERA PARTE,ROTC,25/09/2026,CONFIRMADA,3362925,0,10/05/2024,10/05/2035,4.45,MINISTERIO DE HACIENDA,HACIENDA,62440
DO1005213421,MH22035,HACIENDA/10.5 BOEST 20350510 GTIA,900000,DOP,9,0,0,25/09/2026,01:13:34 PM,PRESTAMO,SEGUNDA PARTE,ROTC,09/05/2035,CONFIRMADA,3362926,0,10/05/2024,10/05/2035,0,MINISTERIO DE HACIENDA,HACIENDA,55237
DO1005213421,MH22035,HACIENDA/10.5 BOEST 20350510 GTIA,900000,DOP,9,9.2721,107.141248,25/09/2026,01:13:34 PM,PRESTAMO,PRIMERA PARTE,ROTC,25/09/2026,CONFIRMADA,3362926,0,10/05/2024,10/05/2035,0,MINISTERIO DE HACIENDA,HACIENDA,60333
DO1002262223,LE030927,BCENTRAL/ LT 20270903 GTIA,110000,DOP,11,10.5769,91.357191,25/09/2026,01:13:33 PM,ESTRUCTURADA,SEGUNDA PARTE,ROTC,16/10/2026,CONFIRMADA,3362927,0,03/09/2026,03/09/2027,8.45,BANCO CENTRAL DE LA REPUBLICA DOMINICANA,BCENTRAL,60368
DO1002262223,LE030927,BCENTRAL/ LT 20270903 GTIA,110000,DOP,11,10.4956,90.909091,25/09/2026,01:13:33 PM,ESTRUCTURADA,PRIMERA PARTE,ROTC,25/09/2026,CONFIRMADA,3362927,0,03/09/2026,03/09/2027,8.45,BANCO CENTRAL DE LA REPUBLICA DOMINICANA,BCENTRAL,60473
DO1002262223,LE030927,BCENTRAL/ LT 20270903 GTIA,110000,DOP,11,0,0,25/09/2026,01:13:32 PM,PRESTAMO,SEGUNDA PARTE,ROTC,02/09/2027,CONFIRMADA,3362928,0,03/09/2026,03/09/2027,0,BANCO CENTRAL DE LA REPUBLICA DOMINICANA,BCENTRAL,53165
DO1002262223,LE030927,BCENTRAL/ LT 20270903 GTIA,110000,DOP,11,10.4956,90.909091,25/09/2026,01:13:32 PM,PRESTAMO,PRIMERA PARTE,ROTC,25/09/2026,CONFIRMADA,3362928,0,03/09/2026,03/09/2027,0,BANCO CENTRAL DE LA REPUBLICA DOMINICANA,BCENTRAL,58366
USP3579EAY34,BSRD2044,DOMINICAN Rep/7.45 BD 20440430 GO,43000,USD,43,6.9913,104.540912,25/09/2026,01:13:31 PM,ESTRUCTURADA,SEGUNDA PARTE,ROTC,28/01/2027,CONFIRMADA,3362929,0,30/04/2014,30/04/2044,5.2,MINISTERIO DE HACIENDA,HACIENDA,64442
USP3579EAY34,BSRD2044,DOMINICAN Rep/7.45 BD 20440430 GO,43000,USD,43,6.9393,105.133887,25/09/2026,01:13:31 PM,ESTRUCTURADA,PRIMERA PARTE,ROTC,25/09/2026,CONFIRMADA,3362929,0,30/04/2014,30/04/2044,5.2,MINISTERIO DE HACIENDA,HACIENDA,64617
USP3579EAY34,BSRD2044,DOMINICAN Rep/7.45 BD 20440430 GO,43000,USD,43,0,0,25/09/2026,01:13:30 PM,PRESTAMO,SEGUNDA PARTE,ROTC,29/04/2044,CONFIRMADA,3362930,0,30/04/2014,30/04/2044,0,MINISTERIO DE HACIENDA,HACIENDA,57302
USP3579EAY34,BSRD2044,DOMINICAN Rep/7.45 BD 20440430 GO,43000,USD,43,6.9393,105.133887,25/09/2026,01:13:30 PM,PRESTAMO,PRIMERA PARTE,ROTC,25/09/2026,CONFIRMADA,3362930,0,30/04/2014,30/04/2044,0,MINISTERIO DE HACIENDA,HACIENDA,62510
DO1002262223,LE030927,BCENTRAL/ LT 20270903 GTIA,220000,DOP,22,10.9591,94.450755,25/09/2026,01:13:29 PM,ESTRUCTURADA,SEGUNDA PARTE,ROTC,22/02/2027,CONFIRMADA,3362931,0,03/09/2026,03/09/2027,9.35,BANCO CENTRAL DE LA REPUBLICA DOMINICANA,BCENTRAL,60424
DO1002262223,LE030927,BCENTRAL/ LT 20270903 GTIA,220000,DOP,22,10.4956,90.909091,25/09/2026,01:13:29 PM,ESTRUCTURADA,PRIMERA PARTE,ROTC,25/09/2026,CONFIRMADA,3362931,0,03/09/2026,03/09/2027,9.35,BANCO CENTRAL DE LA REPUBLICA DOMINICANA,BCENTRAL,60536
DO1002262223,LE030927,BCENTRAL/ LT 20270903 GTIA,220000,DOP,22,0,0,25/09/2026,01:13:27 PM,PRESTAMO,SEGUNDA PARTE,ROTC,02/09/2027,CONFIRMADA,3362932,0,03/09/2026,03/09/2027,0,BANCO CENTRAL DE LA REPUBLICA DOMINICANA,BCENTRAL,53221
DO1002262223,LE030927,BCENTRAL/ LT 20270903 GTIA,220000,DOP,22,10.4956,90.909091,25/09/2026,01:13:27 PM,PRESTAMO,PRIMERA PARTE,ROTC,25/09/2026,CONFIRMADA,3362932,0,03/09/2026,03/09/2027,0,BANCO CENTRAL DE LA REPUBLICA DOMINICANA,BCENTRAL,58422
USP3579EBE60,BSRD2045,DOMINICAN Rep/6.85 BD 20450127 Un,20000,USD,20,7.0068,98.396244,25/09/2026,01:13:26 PM,ESTRUCTURADA,SEGUNDA PARTE,ROTC,23/12/2026,CONFIRMADA,3362933,0,27/01/2015,27/01/2045,4.75,MINISTERIO DE HACIENDA,HACIENDA,64351
USP3579EBE60,BSRD2045,DOMINICAN Rep/6.85 BD 20450127 Un,20000,USD,20,6.9562,98.896389,25/09/2026,01:13:26 PM,ESTRUCTURADA,PRIMERA PARTE,ROTC,25/09/2026,CONFIRMADA,3362933,0,27/01/2015,27/01/2045,4.75,MINISTERIO DE HACIENDA,HACIENDA,64624
USP3579EBE60,BSRD2045,DOMINICAN Rep/6.85 BD 20450127 Un,20000,USD,20,0,0,25/09/2026,01:13:25 PM,PRESTAMO,SEGUNDA PARTE,ROTC,26/01/2045,CONFIRMADA,3362934,0,27/01/2015,27/01/2045,0,MINISTERIO DE HACIENDA,HACIENDA,57456
USP3579EBE60,BSRD2045,DOMINICAN Rep/6.85 BD 20450127 Un,20000,USD,20,6.9562,98.896389,25/09/2026,01:13:25 PM,PRESTAMO,PRIMERA PARTE,ROTC,25/09/2026,CONFIRMADA,3362934,0,27/01/2015,27/01/2045,0,MINISTERIO DE HACIENDA,HACIENDA,62517
USP3579EBE60,BSRD2045,DOMINICAN Rep/6.85 BD 20450127 Un,28000,USD,28,7.0087,98.389032,25/09/2026,01:13:24 PM,ESTRUCTURADA,SEGUNDA PARTE,ROTC,22/01/2027,CONFIRMADA,3362935,0,27/01/2015,27/01/2045,5.2,MINISTERIO DE HACIENDA,HACIENDA,64421
USP3579EBE60,BSRD2045,DOMINICAN Rep/6.85 BD 20450127 Un,28000,USD,28,6.9562,98.896389,25/09/2026,01:13:24 PM,ESTRUCTURADA,PRIMERA PARTE,ROTC,25/09/2026,CONFIRMADA,3362935,0,27/01/2015,27/01/2045,5.2,MINISTERIO DE HACIENDA,HACIENDA,64722
USP3579EBE60,BSRD2045,DOMINICAN Rep/6.85 BD 20450127 Un,28000,USD,28,0,0,25/09/2026,01:13:23 PM,PRESTAMO,SEGUNDA PARTE,ROTC,26/01/2045,CONFIRMADA,3362936,0,27/01/2015,27/01/2045,0,MINISTERIO DE HACIENDA,HACIENDA,57554
USP3579EBE60,BSRD2045,DOMINICAN Rep/6.85 BD 20450127 Un,28000,USD,28,6.9562,98.896389,25/09/2026,01:13:23 PM,PRESTAMO,PRIMERA PARTE,ROTC,25/09/2026,CONFIRMADA,3362936,0,27/01/2015,27/01/2045,0,MINISTERIO DE HACIENDA,HACIENDA,62615
DO1002226525,NO180228,BCENTRAL/15 BOEST 20280218 GTIA,180000,DOP,18,7.5709,109.195187,25/09/2026,01:13:22 PM,ESTRUCTURADA,SEGUNDA PARTE,ROTC,20/10/2026,CONFIRMADA,3362937,0,18/02/2023,18/02/2028,8.45,BANCO CENTRAL DE LA REPUBLICA DOMINICANA,BCENTRAL,62832
DO1002226525,NO180228,BCENTRAL/15 BOEST 20280218 GTIA,180000,DOP,18,7.635,109.562198,25/09/2026,01:13:22 PM,ESTRUCTURADA,PRIMERA PARTE,ROTC,25/09/2026,CONFIRMADA,3362937,0,18/02/2023,18/02/2028,8.45,BANCO CENTRAL DE LA REPUBLICA DOMINICANA,BCENTRAL,62601
DO1002226525,NO180228,BCENTRAL/15 BOEST 20280218 GTIA,180000,DOP,18,0,0,25/09/2026,01:13:21 PM,PRESTAMO,SEGUNDA PARTE,ROTC,17/02/2028,CONFIRMADA,3362938,0,18/02/2023,18/02/2028,0,BANCO CENTRAL DE LA REPUBLICA DOMINICANA,BCENTRAL,55629
DO1002226525,NO180228,BCENTRAL/15 BOEST 20280218 GTIA,180000,DOP,18,7.635,109.562198,25/09/2026,01:13:21 PM,PRESTAMO,PRIMERA PARTE,ROTC,25/09/2026,CONFIRMADA,3362938,0,18/02/2023,18/02/2028,0,BANCO CENTRAL DE LA REPUBLICA DOMINICANA,BCENTRAL,60494
DO1002262223,LE030927,BCENTRAL/ LT 20270903 GTIA,360000,DOP,36,8.8574,94.249133,25/09/2026,01:13:20 PM,ESTRUCTURADA,SEGUNDA PARTE,ROTC,29/12/2026,CONFIRMADA,3362939,0,03/09/2026,03/09/2027,9.3,BANCO CENTRAL DE LA REPUBLICA DOMINICANA,BCENTRAL,60165
DO1002262223,LE030927,BCENTRAL/ LT 20270903 GTIA,360000,DOP,36,9.1372,91.991508,25/09/2026,01:13:20 PM,ESTRUCTURADA,PRIMERA PARTE,ROTC,25/09/2026,CONFIRMADA,3362939,0,03/09/2026,03/09/2027,9.3,BANCO CENTRAL DE LA REPUBLICA DOMINICANA,BCENTRAL,60221
DO1002262223,LE030927,BCENTRAL/ LT 20270903 GTIA,360000,DOP,36,0,0,25/09/2026,01:13:18 PM,PRESTAMO,SEGUNDA PARTE,ROTC,02/09/2027,CONFIRMADA,3362940,0,03/09/2026,03/09/2027,0,BANCO CENTRAL DE LA REPUBLICA DOMINICANA,BCENTRAL,53291
DO1002262223,LE030927,BCENTRAL/ LT 20270903 GTIA,360000,DOP,36,9.1372,91.991508,25/09/2026,01:13:18 PM,PRESTAMO,PRIMERA PARTE,ROTC,25/09/2026,CONFIRMADA,3362940,0,03/09/2026,03/09/2027,0,BANCO CENTRAL DE LA REPUBLICA DOMINICANA,BCENTRAL,58170
DO1002223621,NO150127,BCENTRAL/8 BOEST 20270115 GTIA,272300000,DOP,27230,9.3,99.596957,25/09/2026,01:12:04 PM,CONTADO,PRIMERA PARTE,ROTC,25/09/2026,CONFIRMADA,3362833,0,15/01/2022,15/01/2027,0,BANCO CENTRAL DE LA REPUBLICA DOMINICANA,BCENTRAL,60508
DO1005206011,MH12032,HACIENDA/12 BOEST 20320305 GTIA,129700000,DOP,1297,8.49506807,114.993969,25/09/2026,01:11:45 PM,CONTADO,PRIMERA PARTE,ROTC,25/09/2026,CONFIRMADA,3362853,0,05/03/2017,05/03/2032,0,MINISTERIO DE HACIENDA,HACIENDA,62748
DO1002262223,LE030927,BCENTRAL/ LT 20270903 GTIA,36240000,DOP,3624,9,92.203301,25/09/2026,01:11:21 PM,PRESTAMO,SEGUNDA PARTE,ROTC,23/04/2027,CONFIRMADA,3362918,0,03/09/2026,03/09/2027,0.02,BANCO CENTRAL DE LA REPUBLICA DOMINICANA,BCENTRAL,57526
DO1002262223,LE030927,BCENTRAL/ LT 20270903 GTIA,36240000,DOP,3624,9,92.203301,25/09/2026,01:11:21 PM,PRESTAMO,PRIMERA PARTE,ROTC,25/09/2026,CONFIRMADA,3362918,0,03/09/2026,03/09/2027,0.02,BANCO CENTRAL DE LA REPUBLICA DOMINICANA,BCENTRAL,57631
DO1002262223,LE030927,BCENTRAL/ LT 20270903 GTIA,36240000,DOP,3624,8.275919,97.033217,25/09/2026,01:11:17 PM,PLAZO,PRIMERA PARTE,ROTC,23/04/2027,CONFIRMADA,3362915,0,03/09/2026,03/09/2027,0,BANCO CENTRAL DE LA REPUBLICA DOMINICANA,BCENTRAL,58667
DO1002262223,LE030927,BCENTRAL/ LT 20270903 GTIA,36240000,DOP,3624,8.875088,92.203301,25/09/2026,01:11:13 PM,CONTADO,PRIMERA PARTE,ROTC,25/09/2026,CONFIRMADA,3362912,0,03/09/2026,03/09/2027,0,BANCO CENTRAL DE LA REPUBLICA DOMINICANA,BCENTRAL,59528
DO1002261928,LE090427,BCENTRAL/ LT 20270409 GTIA,3230000,DOP,323,8.2673,97.036211,25/09/2026,01:11:06 PM,PLAZO,PRIMERA PARTE,ROTC,27/11/2026,CONFIRMADA,3362848,0,09/04/2026,09/04/2027,0,BANCO CENTRAL DE LA REPUBLICA DOMINICANA,BCENTRAL,57183
DO1002261928,LE090427,BCENTRAL/ LT 20270409 GTIA,3230000,DOP,323,8.2673,97.036211,25/09/2026,01:11:04 PM,PRESTAMO,SEGUNDA PARTE,ROTC,27/11/2026,CONFIRMADA,3362847,0,09/04/2026,09/04/2027,1.34013,BANCO CENTRAL DE LA REPUBLICA DOMINICANA,BCENTRAL,58709
DO1002261928,LE090427,BCENTRAL/ LT 20270409 GTIA,3230000,DOP,323,8.3082,95.7358,25/09/2026,01:11:04 PM,PRESTAMO,PRIMERA PARTE,ROTC,28/09/2026,CONFIRMADA,3362847,0,09/04/2026,09/04/2027,1.34013,BANCO CENTRAL DE LA REPUBLICA DOMINICANA,BCENTRAL,58177
DO1002261928,LE090427,BCENTRAL/ LT 20270409 GTIA,3230000,DOP,323,8.3082,95.7358,25/09/2026,01:11:03 PM,CONTADO,PRIMERA PARTE,ROTC,28/09/2026,CONFIRMADA,3362846,0,09/04/2026,09/04/2027,0,BANCO CENTRAL DE LA REPUBLICA DOMINICANA,BCENTRAL,57477
DO1002223621,NO150127,BCENTRAL/8 BOEST 20270115 GTIA,272300000,DOP,27230,9.3,99.596957,25/09/2026,01:10:21 PM,CONTADO,PRIMERA PARTE,ROTC,25/09/2026,CONFIRMADA,3362832,0,15/01/2022,15/01/2027,0,BANCO CENTRAL DE LA REPUBLICA DOMINICANA,BCENTRAL,60487
USP3579EBY25,BSRD2048,DOMINICAN REP/6.5 CHURCH BD UNSEC,150000,USD,150,7.00356412,94.45,25/09/2026,01:09:20 PM,CONTADO,PRIMERA PARTE,ROTC,28/09/2026,CONFIRMADA,3362660,0,08/02/2018,15/02/2048,0,MINISTERIO DE HACIENDA,HACIENDA,63224
DO1005254219,MH22041,HACIENDA/12 BOEST 20410529 GTIA,300000,DOP,3,10.09999999,114.333497,25/09/2026,01:09:19 PM,CONTADO,PRIMERA PARTE,ROTC,28/09/2026,CONFIRMADA,3362659,0,29/05/2026,29/05/2041,0,MINISTERIO DE HACIENDA,HACIENDA,61082
USP3579ECG00,BSRD2060,DOMINICAN REP/5.875 BD 20600130 U,115000,USD,115,6.95500528,86.05,25/09/2026,01:09:18 PM,CONTADO,PRIMERA PARTE,ROTC,28/09/2026,CONFIRMADA,3362658,0,30/01/2020,30/01/2060,0,MINISTERIO DE HACIENDA,HACIENDA,61488
DO1002223621,NO150127,BCENTRAL/8 BOEST 20270115 GTIA,272300000,DOP,27230,9.3,99.596957,25/09/2026,01:08:02 PM,CONTADO,PRIMERA PARTE,ROTC,25/09/2026,CONFIRMADA,3362831,0,15/01/2022,15/01/2027,0,BANCO CENTRAL DE LA REPUBLICA DOMINICANA,BCENTRAL,60529
USP3579EAY34,BSRD2044,DOMINICAN Rep/7.45 BD 20440430 GO,38000,USD,38,6.5911,108.844079,25/09/2026,01:06:36 PM,PRESTAMO,SEGUNDA PARTE,ROTC,26/10/2026,CONFIRMADA,3362781,0,30/04/2014,30/04/2044,3.032229,MINISTERIO DE HACIENDA,HACIENDA,62489
USP3579EAY34,BSRD2044,DOMINICAN Rep/7.45 BD 20440430 GO,38000,USD,38,6.5714,109.075447,25/09/2026,01:06:36 PM,PRESTAMO,PRIMERA PARTE,ROTC,25/09/2026,CONFIRMADA,3362781,0,30/04/2014,30/04/2044,3.032229,MINISTERIO DE HACIENDA,HACIENDA,62580
USP3579EAY34,BSRD2044,DOMINICAN Rep/7.45 BD 20440430 GO,38000,USD,38,6.5911,108.844079,25/09/2026,01:06:34 PM,PLAZO,PRIMERA PARTE,ROTC,26/10/2026,CONFIRMADA,3362782,0,30/04/2014,30/04/2044,0,MINISTERIO DE HACIENDA,HACIENDA,60935
DO1002261928,LE090427,BCENTRAL/ LT 20270409 GTIA,210000,DOP,21,20.7101,99.371171,25/09/2026,01:06:33 PM,PRESTAMO,SEGUNDA PARTE,ROTC,29/03/2027,CONFIRMADA,3362784,0,09/04/2026,09/04/2027,4.161646,BANCO CENTRAL DE LA REPUBLICA DOMINICANA,BCENTRAL,58331
DO1002261928,LE090427,BCENTRAL/ LT 20270409 GTIA,210000,DOP,21,9.1885,95.235695,25/09/2026,01:06:33 PM,PRESTAMO,PRIMERA PARTE,ROTC,25/09/2026,CONFIRMADA,3362784,0,09/04/2026,09/04/2027,4.161646,BANCO CENTRAL DE LA REPUBLICA DOMINICANA,BCENTRAL,58247
DO1002261928,LE090427,BCENTRAL/ LT 20270409 GTIA,210000,DOP,21,20.7101,99.371171,25/09/2026,01:06:32 PM,PLAZO,PRIMERA PARTE,ROTC,29/03/2027,CONFIRMADA,3362785,0,09/04/2026,09/04/2027,0,BANCO CENTRAL DE LA REPUBLICA DOMINICANA,BCENTRAL,56784
DO1002261928,LE090427,BCENTRAL/ LT 20270409 GTIA,1040000,DOP,104,6.6802,97.804026,25/09/2026,01:06:31 PM,PRESTAMO,SEGUNDA PARTE,ROTC,09/12/2026,CONFIRMADA,3362787,0,09/04/2026,09/04/2027,1.689708,BANCO CENTRAL DE LA REPUBLICA DOMINICANA,BCENTRAL,58723
DO1002261928,LE090427,BCENTRAL/ LT 20270409 GTIA,1040000,DOP,104,7.3518,96.151423,25/09/2026,01:06:31 PM,PRESTAMO,PRIMERA PARTE,ROTC,25/09/2026,CONFIRMADA,3362787,0,09/04/2026,09/04/2027,1.689708,BANCO CENTRAL DE LA REPUBLICA DOMINICANA,BCENTRAL,58793
DO1002261928,LE090427,BCENTRAL/ LT 20270409 GTIA,1040000,DOP,104,6.6802,97.804026,25/09/2026,01:06:30 PM,PLAZO,PRIMERA PARTE,ROTC,09/12/2026,CONFIRMADA,3362788,0,09/04/2026,09/04/2027,0,BANCO CENTRAL DE LA REPUBLICA DOMINICANA,BCENTRAL,57176
DO1002261928,LE090427,BCENTRAL/ LT 20270409 GTIA,2610000,DOP,261,7.9504,97.08408,25/09/2026,01:06:29 PM,PRESTAMO,SEGUNDA PARTE,ROTC,24/11/2026,CONFIRMADA,3362790,0,09/04/2026,09/04/2027,1.34013,BANCO CENTRAL DE LA REPUBLICA DOMINICANA,BCENTRAL,58485
DO1002261928,LE090427,BCENTRAL/ LT 20270409 GTIA,2610000,DOP,261,8.0865,95.783027,25/09/2026,01:06:29 PM,PRESTAMO,PRIMERA PARTE,ROTC,25/09/2026,CONFIRMADA,3362790,0,09/04/2026,09/04/2027,1.34013,BANCO CENTRAL DE LA REPUBLICA DOMINICANA,BCENTRAL,58989
DO1002261928,LE090427,BCENTRAL/ LT 20270409 GTIA,2610000,DOP,261,7.9504,97.08408,25/09/2026,01:06:27 PM,PLAZO,PRIMERA PARTE,ROTC,24/11/2026,CONFIRMADA,3362791,0,09/04/2026,09/04/2027,0,BANCO CENTRAL DE LA REPUBLICA DOMINICANA,BCENTRAL,56931
DO1005213025,MH22031,HACIENDA/10.25 BOEST 20310209 GTIA,200000,DOP,2,16.9199,80.204175,25/09/2026,01:06:26 PM,PRESTAMO,SEGUNDA PARTE,ROTC,28/10/2026,CONFIRMADA,3362793,0,09/02/2024,09/02/2031,2.373447,MINISTERIO DE HACIENDA,HACIENDA,60578
DO1005213025,MH22031,HACIENDA/10.25 BOEST 20310209 GTIA,200000,DOP,2,16.7164,80.493825,25/09/2026,01:06:26 PM,PRESTAMO,PRIMERA PARTE,ROTC,28/09/2026,CONFIRMADA,3362793,0,09/02/2024,09/02/2031,2.373447,MINISTERIO DE HACIENDA,HACIENDA,60711
DO1005213025,MH22031,HACIENDA/10.25 BOEST 20310209 GTIA,200000,DOP,2,16.9199,80.204175,25/09/2026,01:06:25 PM,PLAZO,PRIMERA PARTE,ROTC,28/10/2026,CONFIRMADA,3362794,0,09/02/2024,09/02/2031,0,MINISTERIO DE HACIENDA,HACIENDA,59031
DO1002261928,LE090427,BCENTRAL/ LT 20270409 GTIA,420000,DOP,42,5.5751,98.882136,25/09/2026,01:06:24 PM,PRESTAMO,SEGUNDA PARTE,ROTC,26/01/2027,CONFIRMADA,3362796,0,09/04/2026,09/04/2027,2.707962,BANCO CENTRAL DE LA REPUBLICA DOMINICANA,BCENTRAL,58135
DO1002261928,LE090427,BCENTRAL/ LT 20270409 GTIA,420000,DOP,42,7.3591,96.204445,25/09/2026,01:06:24 PM,PRESTAMO,PRIMERA PARTE,ROTC,28/09/2026,CONFIRMADA,3362796,0,09/04/2026,09/04/2027,2.707962,BANCO CENTRAL DE LA REPUBLICA DOMINICANA,BCENTRAL,58198
DO1002261928,LE090427,BCENTRAL/ LT 20270409 GTIA,420000,DOP,42,5.5751,98.882136,25/09/2026,01:06:23 PM,PLAZO,PRIMERA PARTE,ROTC,26/01/2027,CONFIRMADA,3362797,0,09/04/2026,09/04/2027,0,BANCO CENTRAL DE LA REPUBLICA DOMINICANA,BCENTRAL,56588
DO1002261928,LE090427,BCENTRAL/ LT 20270409 GTIA,1410000,DOP,141,0,99.164652,25/09/2026,01:06:22 PM,PRESTAMO,SEGUNDA PARTE,ROTC,25/02/2027,CONFIRMADA,3362799,0,09/04/2026,09/04/2027,3.401087,BANCO CENTRAL DE LA REPUBLICA DOMINICANA,BCENTRAL,56945
DO1002261928,LE090427,BCENTRAL/ LT 20270409 GTIA,1410000,DOP,141,8.194,95.791976,25/09/2026,01:06:22 PM,PRESTAMO,PRIMERA PARTE,ROTC,28/09/2026,CONFIRMADA,3362799,0,09/04/2026,09/04/2027,3.401087,BANCO CENTRAL DE LA REPUBLICA DOMINICANA,BCENTRAL,58632
DO1002261928,LE090427,BCENTRAL/ LT 20270409 GTIA,1410000,DOP,141,0,99.164652,25/09/2026,01:06:20 PM,PLAZO,PRIMERA PARTE,ROTC,25/02/2027,CONFIRMADA,3362800,0,09/04/2026,09/04/2027,0,BANCO CENTRAL DE LA REPUBLICA DOMINICANA,BCENTRAL,55391
USP3579EBY25,BSRD2048,DOMINICAN REP/6.5 CHURCH BD UNSEC,49000,USD,49,0,101.662939,25/09/2026,01:06:19 PM,PRESTAMO,SEGUNDA PARTE,ROTC,30/11/2026,CONFIRMADA,3362802,0,08/02/2018,15/02/2048,1.468317,MINISTERIO DE HACIENDA,HACIENDA,61796
USP3579EBY25,BSRD2048,DOMINICAN REP/6.5 CHURCH BD UNSEC,49000,USD,49,6.324,102.038204,25/09/2026,01:06:19 PM,PRESTAMO,PRIMERA PARTE,ROTC,29/09/2026,CONFIRMADA,3362802,0,08/02/2018,15/02/2048,1.468317,MINISTERIO DE HACIENDA,HACIENDA,63280
USP3579EBY25,BSRD2048,DOMINICAN REP/6.5 CHURCH BD UNSEC,49000,USD,49,0,101.662939,25/09/2026,01:06:18 PM,PLAZO,PRIMERA PARTE,ROTC,30/11/2026,CONFIRMADA,3362803,0,08/02/2018,15/02/2048,0,MINISTERIO DE HACIENDA,HACIENDA,60249
DO1002261928,LE090427,BCENTRAL/ LT 20270409 GTIA,210000,DOP,21,3.1666,98.869424,25/09/2026,01:06:17 PM,PRESTAMO,SEGUNDA PARTE,ROTC,30/11/2026,CONFIRMADA,3362805,0,09/04/2026,09/04/2027,1.362162,BANCO CENTRAL DE LA REPUBLICA DOMINICANA,BCENTRAL,58100
DO1002261928,LE090427,BCENTRAL/ LT 20270409 GTIA,210000,DOP,21,4.7879,97.522662,25/09/2026,01:06:17 PM,PRESTAMO,PRIMERA PARTE,ROTC,30/09/2026,CONFIRMADA,3362805,0,09/04/2026,09/04/2027,1.362162,BANCO CENTRAL DE LA REPUBLICA DOMINICANA,BCENTRAL,58226
DO1002261928,LE090427,BCENTRAL/ LT 20270409 GTIA,210000,DOP,21,3.1666,98.869424,25/09/2026,01:06:16 PM,PLAZO,PRIMERA PARTE,ROTC,30/11/2026,CONFIRMADA,3362806,0,09/04/2026,09/04/2027,0,BANCO CENTRAL DE LA REPUBLICA DOMINICANA,BCENTRAL,56553
DO1002261928,LE090427,BCENTRAL/ LT 20270409 GTIA,340000,DOP,34,6.0329,97.372838,25/09/2026,01:06:15 PM,PRESTAMO,SEGUNDA PARTE,ROTC,30/10/2026,CONFIRMADA,3362808,0,09/04/2026,09/04/2027,0.654029,BANCO CENTRAL DE LA REPUBLICA DOMINICANA,BCENTRAL,58100
DO1002261928,LE090427,BCENTRAL/ LT 20270409 GTIA,340000,DOP,34,6.3596,96.735991,25/09/2026,01:06:15 PM,PRESTAMO,PRIMERA PARTE,ROTC,30/09/2026,CONFIRMADA,3362808,0,09/04/2026,09/04/2027,0.654029,BANCO CENTRAL DE LA REPUBLICA DOMINICANA,BCENTRAL,58296
DO1002261928,LE090427,BCENTRAL/ LT 20270409 GTIA,340000,DOP,34,6.0329,97.372838,25/09/2026,01:06:13 PM,PLAZO,PRIMERA PARTE,ROTC,30/10/2026,CONFIRMADA,3362809,0,09/04/2026,09/04/2027,0,BANCO CENTRAL DE LA REPUBLICA DOMINICANA,BCENTRAL,56546
DO1002261928,LE090427,BCENTRAL/ LT 20270409 GTIA,15710000,DOP,1571,8.3344,95.807892,25/09/2026,01:06:12 PM,PRESTAMO,SEGUNDA PARTE,ROTC,02/10/2026,CONFIRMADA,3362811,0,09/04/2026,09/04/2027,0.092276,BANCO CENTRAL DE LA REPUBLICA DOMINICANA,BCENTRAL,59535
DO1002261928,LE090427,BCENTRAL/ LT 20270409 GTIA,15710000,DOP,1571,8.2138,95.719484,25/09/2026,01:06:12 PM,PRESTAMO,PRIMERA PARTE,ROTC,25/09/2026,CONFIRMADA,3362811,0,09/04/2026,09/04/2027,0.092276,BANCO CENTRAL DE LA REPUBLICA DOMINICANA,BCENTRAL,59682
DO1002261928,LE090427,BCENTRAL/ LT 20270409 GTIA,15710000,DOP,1571,8.3344,95.807892,25/09/2026,01:06:11 PM,PLAZO,PRIMERA PARTE,ROTC,02/10/2026,CONFIRMADA,3362812,0,09/04/2026,09/04/2027,0,BANCO CENTRAL DE LA REPUBLICA DOMINICANA,BCENTRAL,57988
DO1005205716,MHUS2027,HACIENDA/6 BOEST 20270305 GTIA,10000,USD,10,7.4935,99.464,25/09/2026,01:06:09 PM,PRESTAMO,SEGUNDA PARTE,ROTC,29/10/2026,CONFIRMADA,3362814,0,05/09/2016,05/03/2027,0.746076,MINISTERIO DE HACIENDA,HACIENDA,58870
DO1005205716,MHUS2027,HACIENDA/6 BOEST 20270305 GTIA,10000,USD,10,6.8817,99.603,25/09/2026,01:06:09 PM,PRESTAMO,PRIMERA PARTE,ROTC,29/09/2026,CONFIRMADA,3362814,0,05/09/2016,05/03/2027,0.746076,MINISTERIO DE HACIENDA,HACIENDA,58968
DO1005205716,MHUS2027,HACIENDA/6 BOEST 20270305 GTIA,10000,USD,10,7.4935,99.464,25/09/2026,01:06:08 PM,PLAZO,PRIMERA PARTE,ROTC,29/10/2026,CONFIRMADA,3362815,0,05/09/2016,05/03/2027,0,MINISTERIO DE HACIENDA,HACIENDA,57323
DO1002261928,LE090427,BCENTRAL/ LT 20270409 GTIA,520000,DOP,52,-10.715,100.328479,25/09/2026,01:06:07 PM,PRESTAMO,SEGUNDA PARTE,ROTC,29/03/2027,CONFIRMADA,3362817,0,09/04/2026,09/04/2027,4.096925,BANCO CENTRAL DE LA REPUBLICA DOMINICANA,BCENTRAL,58702
DO1002261928,LE090427,BCENTRAL/ LT 20270409 GTIA,520000,DOP,52,7.3316,96.218096,25/09/2026,01:06:07 PM,PRESTAMO,PRIMERA PARTE,ROTC,28/09/2026,CONFIRMADA,3362817,0,09/04/2026,09/04/2027,4.096925,BANCO CENTRAL DE LA REPUBLICA DOMINICANA,BCENTRAL,58233
DO1002261928,LE090427,BCENTRAL/ LT 20270409 GTIA,520000,DOP,52,-10.715,100.328479,25/09/2026,01:06:05 PM,PLAZO,PRIMERA PARTE,ROTC,29/03/2027,CONFIRMADA,3362818,0,09/04/2026,09/04/2027,0,BANCO CENTRAL DE LA REPUBLICA DOMINICANA,BCENTRAL,57148
DO1002261928,LE090427,BCENTRAL/ LT 20270409 GTIA,5400000,DOP,540,8.4633,96.331225,25/09/2026,01:06:04 PM,PRESTAMO,SEGUNDA PARTE,ROTC,29/10/2026,CONFIRMADA,3362839,0,09/04/2026,09/04/2027,0.670474,BANCO CENTRAL DE LA REPUBLICA DOMINICANA,BCENTRAL,58758
DO1002261928,LE090427,BCENTRAL/ LT 20270409 GTIA,5400000,DOP,540,8.4548,95.685349,25/09/2026,01:06:04 PM,PRESTAMO,PRIMERA PARTE,ROTC,29/09/2026,CONFIRMADA,3362839,0,09/04/2026,09/04/2027,0.670474,BANCO CENTRAL DE LA REPUBLICA DOMINICANA,BCENTRAL,59038
DO1002261928,LE090427,BCENTRAL/ LT 20270409 GTIA,5400000,DOP,540,8.4633,96.331225,25/09/2026,01:06:03 PM,PLAZO,PRIMERA PARTE,ROTC,29/10/2026,CONFIRMADA,3362840,0,09/04/2026,09/04/2027,0,BANCO CENTRAL DE LA REPUBLICA DOMINICANA,BCENTRAL,57211
DO1002261928,LE090427,BCENTRAL/ LT 20270409 GTIA,5400000,DOP,540,8.4548,95.685349,25/09/2026,01:06:01 PM,CONTADO,PRIMERA PARTE,ROTC,29/09/2026,CONFIRMADA,3362838,0,09/04/2026,09/04/2027,0,BANCO CENTRAL DE LA REPUBLICA DOMINICANA,BCENTRAL,58324
USP3579ECJ49,BSRD2041, ,245000,USD,245,6.60999997,87.987004,25/09/2026,01:06:00 PM,CONTADO,PRIMERA PARTE,ROTC,30/09/2026,CONFIRMADA,3362822,0,21/01/2021,21/01/2041,0,MINISTERIO DE HACIENDA,HACIENDA,49826
DO1002261928,LE090427,BCENTRAL/ LT 20270409 GTIA,520000,DOP,52,7.3316,96.218096,25/09/2026,01:05:58 PM,CONTADO,PRIMERA PARTE,ROTC,28/09/2026,CONFIRMADA,3362816,0,09/04/2026,09/04/2027,0,BANCO CENTRAL DE LA REPUBLICA DOMINICANA,BCENTRAL,57575
DO1005205716,MHUS2027,HACIENDA/6 BOEST 20270305 GTIA,10000,USD,10,6.8817,99.603,25/09/2026,01:05:57 PM,CONTADO,PRIMERA PARTE,ROTC,29/09/2026,CONFIRMADA,3362813,0,05/09/2016,05/03/2027,0,MINISTERIO DE HACIENDA,HACIENDA,58289
DO1002261928,LE090427,BCENTRAL/ LT 20270409 GTIA,15710000,DOP,1571,8.2138,95.719484,25/09/2026,01:05:56 PM,CONTADO,PRIMERA PARTE,ROTC,25/09/2026,CONFIRMADA,3362810,0,09/04/2026,09/04/2027,0,BANCO CENTRAL DE LA REPUBLICA DOMINICANA,BCENTRAL,59038
DO1002261928,LE090427,BCENTRAL/ LT 20270409 GTIA,340000,DOP,34,6.3596,96.735991,25/09/2026,01:05:54 PM,CONTADO,PRIMERA PARTE,ROTC,30/09/2026,CONFIRMADA,3362807,0,09/04/2026,09/04/2027,0,BANCO CENTRAL DE LA REPUBLICA DOMINICANA,BCENTRAL,57617
DO1002261928,LE090427,BCENTRAL/ LT 20270409 GTIA,210000,DOP,21,4.7879,97.522662,25/09/2026,01:05:53 PM,CONTADO,PRIMERA PARTE,ROTC,30/09/2026,CONFIRMADA,3362804,0,09/04/2026,09/04/2027,0,BANCO CENTRAL DE LA REPUBLICA DOMINICANA,BCENTRAL,57526
USP3579EBY25,BSRD2048,DOMINICAN REP/6.5 CHURCH BD UNSEC,49000,USD,49,6.324,102.038204,25/09/2026,01:05:51 PM,CONTADO,PRIMERA PARTE,ROTC,29/09/2026,CONFIRMADA,3362801,0,08/02/2018,15/02/2048,0,MINISTERIO DE HACIENDA,HACIENDA,62552
DO1002261928,LE090427,BCENTRAL/ LT 20270409 GTIA,1410000,DOP,141,8.194,95.791976,25/09/2026,01:05:50 PM,CONTADO,PRIMERA PARTE,ROTC,28/09/2026,CONFIRMADA,3362798,0,09/04/2026,09/04/2027,0,BANCO CENTRAL DE LA REPUBLICA DOMINICANA,BCENTRAL,57939
USP3579ECG00,BSRD2060,DOMINICAN REP/5.875 BD 20600130 U,1100000,USD,1100,6.97030922,85.874984,25/09/2026,01:05:49 PM,CONTADO,PRIMERA PARTE,ROTC,25/09/2026,CONFIRMADA,3362657,0,30/01/2020,30/01/2060,0,MINISTERIO DE HACIENDA,HACIENDA,63637
DO1005254219,MH22041,HACIENDA/12 BOEST 20410529 GTIA,12200000,DOP,122,9.55744506,119.010288,25/09/2026,01:05:48 PM,PLAZO,PRIMERA PARTE,ROTC,01/10/2026,CONFIRMADA,3362656,0,29/05/2026,29/05/2041,0,MINISTERIO DE HACIENDA,HACIENDA,60907
DO1002261928,LE090427,BCENTRAL/ LT 20270409 GTIA,420000,DOP,42,7.3591,96.204445,25/09/2026,01:05:48 PM,CONTADO,PRIMERA PARTE,ROTC,28/09/2026,CONFIRMADA,3362795,0,09/04/2026,09/04/2027,0,BANCO CENTRAL DE LA REPUBLICA DOMINICANA,BCENTRAL,57540
DO1005254219,MH22041,HACIENDA/12 BOEST 20410529 GTIA,12200000,DOP,122,9.55539726,119.038491,25/09/2026,01:05:47 PM,CONTADO,PRIMERA PARTE,ROTC,25/09/2026,CONFIRMADA,3362655,0,29/05/2026,29/05/2041,0,MINISTERIO DE HACIENDA,HACIENDA,61992
DO1005213025,MH22031,HACIENDA/10.25 BOEST 20310209 GTIA,200000,DOP,2,16.7164,80.493825,25/09/2026,01:05:47 PM,CONTADO,PRIMERA PARTE,ROTC,28/09/2026,CONFIRMADA,3362792,0,09/02/2024,09/02/2031,0,MINISTERIO DE HACIENDA,HACIENDA,60032
USP3579ECE51,BSRD2049,"DOMINICAN, REP /6.4 BD 20490605",1684000,USD,1684,7.3025,90.057691,25/09/2026,01:05:46 PM,CONTADO,PRIMERA PARTE,ROTC,30/09/2026,CONFIRMADA,3362539,0,05/06/2019,05/06/2049,0,MINISTERIO DE HACIENDA,HACIENDA,61334
DO1002261928,LE090427,BCENTRAL/ LT 20270409 GTIA,2610000,DOP,261,8.0865,95.783027,25/09/2026,01:05:46 PM,CONTADO,PRIMERA PARTE,ROTC,25/09/2026,CONFIRMADA,3362789,0,09/04/2026,09/04/2027,0,BANCO CENTRAL DE LA REPUBLICA DOMINICANA,BCENTRAL,58282
DO1002261928,LE090427,BCENTRAL/ LT 20270409 GTIA,1040000,DOP,104,7.3518,96.151423,25/09/2026,01:05:45 PM,CONTADO,PRIMERA PARTE,ROTC,25/09/2026,CONFIRMADA,3362786,0,09/04/2026,09/04/2027,0,BANCO CENTRAL DE LA REPUBLICA DOMINICANA,BCENTRAL,58128
USP3579EBY25,BSRD2048,DOMINICAN REP/6.5 CHURCH BD UNSEC,2171000,USD,2171,7.3029,91.368014,25/09/2026,01:05:44 PM,CONTADO,PRIMERA PARTE,ROTC,30/09/2026,CONFIRMADA,3362537,0,08/02/2018,15/02/2048,0,MINISTERIO DE HACIENDA,HACIENDA,63952
DO1005254219,MH22041,HACIENDA/12 BOEST 20410529 GTIA,12200000,DOP,122,9.55778978,119.005588,25/09/2026,01:05:43 PM,PLAZO,PRIMERA PARTE,ROTC,02/10/2026,CONFIRMADA,3362492,0,29/05/2026,29/05/2041,0,MINISTERIO DE HACIENDA,HACIENDA,61068
DO1002261928,LE090427,BCENTRAL/ LT 20270409 GTIA,210000,DOP,21,9.1885,95.235695,25/09/2026,01:05:43 PM,CONTADO,PRIMERA PARTE,ROTC,25/09/2026,CONFIRMADA,3362783,0,09/04/2026,09/04/2027,0,BANCO CENTRAL DE LA REPUBLICA DOMINICANA,BCENTRAL,57554
DO1005254219,MH22041,HACIENDA/12 BOEST 20410529 GTIA,12200000,DOP,122,9.55539726,119.038491,25/09/2026,01:05:42 PM,CONTADO,PRIMERA PARTE,ROTC,25/09/2026,CONFIRMADA,3362491,0,29/05/2026,29/05/2041,0,MINISTERIO DE HACIENDA,HACIENDA,61957
USP3579EAY34,BSRD2044,DOMINICAN Rep/7.45 BD 20440430 GO,38000,USD,38,6.5714,109.075447,25/09/2026,01:05:42 PM,CONTADO,PRIMERA PARTE,ROTC,25/09/2026,CONFIRMADA,3362779,0,30/04/2014,30/04/2044,0,MINISTERIO DE HACIENDA,HACIENDA,61859
DO1002224124,NO120327,BCENTRAL/8 BOEST 20270312 GTIA,8490000,DOP,849,7.6,99.764194,25/09/2026,01:05:06 PM,PRESTAMO,SEGUNDA PARTE,ROTC,03/12/2026,CONFIRMADA,3362844,0,12/03/2022,12/03/2027,0.02,BANCO CENTRAL DE LA REPUBLICA DOMINICANA,BCENTRAL,59766
DO1002224124,NO120327,BCENTRAL/8 BOEST 20270312 GTIA,8490000,DOP,849,7.6,99.764194,25/09/2026,01:05:06 PM,PRESTAMO,PRIMERA PARTE,ROTC,28/09/2026,CONFIRMADA,3362844,0,12/03/2022,12/03/2027,0.02,BANCO CENTRAL DE LA REPUBLICA DOMINICANA,BCENTRAL,59920
DO1002224124,NO120327,BCENTRAL/8 BOEST 20270312 GTIA,8490000,DOP,849,9.063833,99.696934,25/09/2026,01:05:02 PM,PLAZO,PRIMERA PARTE,ROTC,03/12/2026,CONFIRMADA,3362843,0,12/03/2022,12/03/2027,0,BANCO CENTRAL DE LA REPUBLICA DOMINICANA,BCENTRAL,60053
DO1002224124,NO120327,BCENTRAL/8 BOEST 20270312 GTIA,8490000,DOP,849,8.523135,99.764194,25/09/2026,01:04:56 PM,CONTADO,PRIMERA PARTE,ROTC,28/09/2026,CONFIRMADA,3362842,0,12/03/2022,12/03/2027,0,BANCO CENTRAL DE LA REPUBLICA DOMINICANA,BCENTRAL,61033
DO1005206516,MH32028,HACIENDA/10.75 BOEST 20280811 GTIA,19800000,DOP,198,6.6704,105.608285,25/09/2026,01:03:18 PM,PRESTAMO,SEGUNDA PARTE,ROTC,22/02/2027,CONFIRMADA,3362558,0,10/08/2018,11/08/2028,4.873669,MINISTERIO DE HACIENDA,HACIENDA,62244
DO1005206516,MH32028,HACIENDA/10.75 BOEST 20280811 GTIA,19800000,DOP,198,10.2742,100.797486,25/09/2026,01:03:18 PM,PRESTAMO,PRIMERA PARTE,ROTC,25/09/2026,CONFIRMADA,3362558,0,10/08/2018,11/08/2028,4.873669,MINISTERIO DE HACIENDA,HACIENDA,62706
DO1005206516,MH32028,HACIENDA/10.75 BOEST 20280811 GTIA,19800000,DOP,198,6.6704,105.608285,25/09/2026,01:03:09 PM,ESTRUCTURADA,SEGUNDA PARTE,ROTC,22/02/2027,CONFIRMADA,3362557,0,10/08/2018,11/08/2028,8.95,MINISTERIO DE HACIENDA,HACIENDA,64344
DO1005206516,MH32028,HACIENDA/10.75 BOEST 20280811 GTIA,19800000,DOP,198,10.2742,100.797486,25/09/2026,01:03:09 PM,ESTRUCTURADA,PRIMERA PARTE,ROTC,25/09/2026,CONFIRMADA,3362557,0,10/08/2018,11/08/2028,8.95,MINISTERIO DE HACIENDA,HACIENDA,64806
USP3579EBY25,BSRD2048,DOMINICAN REP/6.5 CHURCH BD UNSEC,500000,USD,500,7.18,92.614073,25/09/2026,01:03:05 PM,CONTADO,PRIMERA PARTE,ROTC,25/09/2026,CONFIRMADA,3362518,0,08/02/2018,15/02/2048,0,MINISTERIO DE HACIENDA,HACIENDA,62482
DO1005205716,MHUS2027,HACIENDA/6 BOEST 20270305 GTIA,126000,USD,126,4.5,102.796521,25/09/2026,12:59:46 PM,PRESTAMO,SEGUNDA PARTE,ROTC,26/01/2027,CONFIRMADA,3362826,0,05/09/2016,05/03/2027,0.02,MINISTERIO DE HACIENDA,HACIENDA,59927
DO1005205716,MHUS2027,HACIENDA/6 BOEST 20270305 GTIA,126000,USD,126,4.5,102.796521,25/09/2026,12:59:46 PM,PRESTAMO,PRIMERA PARTE,ROTC,28/09/2026,CONFIRMADA,3362826,0,05/09/2016,05/03/2027,0.02,MINISTERIO DE HACIENDA,HACIENDA,60053
DO1005205716,MHUS2027,HACIENDA/6 BOEST 20270305 GTIA,126000,USD,126,-15.342002,102.364659,25/09/2026,12:59:38 PM,PLAZO,PRIMERA PARTE,ROTC,26/01/2027,CONFIRMADA,3362825,0,05/09/2016,05/03/2027,0,MINISTERIO DE HACIENDA,HACIENDA,60802
DO1005205716,MHUS2027,HACIENDA/6 BOEST 20270305 GTIA,126000,USD,126,-0.442425,102.796521,25/09/2026,12:59:32 PM,CONTADO,PRIMERA PARTE,ROTC,28/09/2026,CONFIRMADA,3362824,0,05/09/2016,05/03/2027,0,MINISTERIO DE HACIENDA,HACIENDA,61404
DO1005208322,MHUS2040,HACIENDA/6.75 BOEST 20400724 GTIA,50000,USD,50,4.6956679,120.185217,22/09/2026,12:58:03 PM,ESTRUCTURADA,SEGUNDA PARTE,ROTC,25/09/2026,MODIFICADA,3357656,0,24/07/2020,24/07/2040,4.55,MINISTERIO DE HACIENDA,HACIENDA,64421
DO1002224124,NO120327,BCENTRAL/8 BOEST 20270312 GTIA,1330000,DOP,133,7.1,99.277838,25/09/2026,12:56:55 PM,PRESTAMO,SEGUNDA PARTE,ROTC,03/12/2026,CONFIRMADA,3362821,0,12/03/2022,12/03/2027,0.02,BANCO CENTRAL DE LA REPUBLICA DOMINICANA,BCENTRAL,59647
DO1002224124,NO120327,BCENTRAL/8 BOEST 20270312 GTIA,1330000,DOP,133,7.1,99.277838,25/09/2026,12:56:55 PM,PRESTAMO,PRIMERA PARTE,ROTC,28/09/2026,CONFIRMADA,3362821,0,12/03/2022,12/03/2027,0.02,BANCO CENTRAL DE LA REPUBLICA DOMINICANA,BCENTRAL,59801
DO1002224124,NO120327,BCENTRAL/8 BOEST 20270312 GTIA,1330000,DOP,133,11.28258,99.11249,25/09/2026,12:56:51 PM,PLAZO,PRIMERA PARTE,ROTC,03/12/2026,CONFIRMADA,3362820,0,12/03/2022,12/03/2027,0,BANCO CENTRAL DE LA REPUBLICA DOMINICANA,BCENTRAL,59430
DO1002224124,NO120327,BCENTRAL/8 BOEST 20270312 GTIA,1330000,DOP,133,9.640022,99.277838,25/09/2026,12:56:46 PM,CONTADO,PRIMERA PARTE,ROTC,28/09/2026,CONFIRMADA,3362819,0,12/03/2022,12/03/2027,0,BANCO CENTRAL DE LA REPUBLICA DOMINICANA,BCENTRAL,60893
DO1002226525,NO180228,BCENTRAL/15 BOEST 20280218 GTIA,4630000,DOP,463,9.9805,105.980394,25/09/2026,12:55:38 PM,PRESTAMO,SEGUNDA PARTE,ROTC,27/10/2026,CONFIRMADA,3362556,0,18/02/2023,18/02/2028,2.199344,BANCO CENTRAL DE LA REPUBLICA DOMINICANA,BCENTRAL,61621
DO1002226525,NO180228,BCENTRAL/15 BOEST 20280218 GTIA,4630000,DOP,463,9.9257,106.440029,25/09/2026,12:55:38 PM,PRESTAMO,PRIMERA PARTE,ROTC,25/09/2026,CONFIRMADA,3362556,0,18/02/2023,18/02/2028,2.199344,BANCO CENTRAL DE LA REPUBLICA DOMINICANA,BCENTRAL,61642
DO1002226525,NO180228,BCENTRAL/15 BOEST 20280218 GTIA,4630000,DOP,463,9.9805,105.980394,25/09/2026,12:55:30 PM,ESTRUCTURADA,SEGUNDA PARTE,ROTC,27/10/2026,CONFIRMADA,3362555,0,18/02/2023,18/02/2028,8.8,BANCO CENTRAL DE LA REPUBLICA DOMINICANA,BCENTRAL,63665
DO1002226525,NO180228,BCENTRAL/15 BOEST 20280218 GTIA,4630000,DOP,463,9.9257,106.440029,25/09/2026,12:55:30 PM,ESTRUCTURADA,PRIMERA PARTE,ROTC,25/09/2026,CONFIRMADA,3362555,0,18/02/2023,18/02/2028,8.8,BANCO CENTRAL DE LA REPUBLICA DOMINICANA,BCENTRAL,63686
DO1002261928,LE090427,BCENTRAL/ LT 20270409 GTIA,1150000,DOP,115,29.4402,96.374577,25/09/2026,12:55:00 PM,PLAZO,PRIMERA PARTE,ROTC,22/02/2027,CONFIRMADA,3362773,0,09/04/2026,09/04/2027,0,BANCO CENTRAL DE LA REPUBLICA DOMINICANA,BCENTRAL,57603
DO1002261928,LE090427,BCENTRAL/ LT 20270409 GTIA,1150000,DOP,115,29.4402,96.374577,25/09/2026,12:54:59 PM,PRESTAMO,SEGUNDA PARTE,ROTC,22/02/2027,CONFIRMADA,3362772,0,09/04/2026,09/04/2027,0.752079,BANCO CENTRAL DE LA REPUBLICA DOMINICANA,BCENTRAL,59234
DO1002261928,LE090427,BCENTRAL/ LT 20270409 GTIA,1150000,DOP,115,21.2638,95.649763,25/09/2026,12:54:59 PM,PRESTAMO,PRIMERA PARTE,ROTC,22/01/2027,CONFIRMADA,3362772,0,09/04/2026,09/04/2027,0.752079,BANCO CENTRAL DE LA REPUBLICA DOMINICANA,BCENTRAL,59304
DO1002261928,LE090427,BCENTRAL/ LT 20270409 GTIA,1150000,DOP,115,21.2638,95.649763,25/09/2026,12:54:57 PM,PLAZO,PRIMERA PARTE,ROTC,22/01/2027,CONFIRMADA,3362771,0,09/04/2026,09/04/2027,0,BANCO CENTRAL DE LA REPUBLICA DOMINICANA,BCENTRAL,57687
DO1002261928,LE090427,BCENTRAL/ LT 20270409 GTIA,1150000,DOP,115,17.8232,96.327814,25/09/2026,12:54:56 PM,PLAZO,PRIMERA PARTE,ROTC,22/01/2027,CONFIRMADA,3362770,0,09/04/2026,09/04/2027,0,BANCO CENTRAL DE LA REPUBLICA DOMINICANA,BCENTRAL,57624
DO1002261928,LE090427,BCENTRAL/ LT 20270409 GTIA,1150000,DOP,115,17.8232,96.327814,25/09/2026,12:54:55 PM,PRESTAMO,SEGUNDA PARTE,ROTC,22/01/2027,CONFIRMADA,3362769,0,09/04/2026,09/04/2027,0.703899,BANCO CENTRAL DE LA REPUBLICA DOMINICANA,BCENTRAL,59157
DO1002261928,LE090427,BCENTRAL/ LT 20270409 GTIA,1150000,DOP,115,15.4463,95.649763,25/09/2026,12:54:55 PM,PRESTAMO,PRIMERA PARTE,ROTC,24/12/2026,CONFIRMADA,3362769,0,09/04/2026,09/04/2027,0.703899,BANCO CENTRAL DE LA REPUBLICA DOMINICANA,BCENTRAL,59304
DO1002261928,LE090427,BCENTRAL/ LT 20270409 GTIA,1150000,DOP,115,15.4463,95.649763,25/09/2026,12:54:53 PM,PLAZO,PRIMERA PARTE,ROTC,24/12/2026,CONFIRMADA,3362768,0,09/04/2026,09/04/2027,0,BANCO CENTRAL DE LA REPUBLICA DOMINICANA,BCENTRAL,57687
DO1002261928,LE090427,BCENTRAL/ LT 20270409 GTIA,1150000,DOP,115,12.947,96.327814,25/09/2026,12:54:52 PM,PLAZO,PRIMERA PARTE,ROTC,24/12/2026,CONFIRMADA,3362767,0,09/04/2026,09/04/2027,0,BANCO CENTRAL DE LA REPUBLICA DOMINICANA,BCENTRAL,57281
DO1002261928,LE090427,BCENTRAL/ LT 20270409 GTIA,1150000,DOP,115,12.947,96.327814,25/09/2026,12:54:51 PM,PRESTAMO,SEGUNDA PARTE,ROTC,24/12/2026,CONFIRMADA,3362766,0,09/04/2026,09/04/2027,0.703899,BANCO CENTRAL DE LA REPUBLICA DOMINICANA,BCENTRAL,58814
DO1002261928,LE090427,BCENTRAL/ LT 20270409 GTIA,1150000,DOP,115,12.1282,95.649763,25/09/2026,12:54:51 PM,PRESTAMO,PRIMERA PARTE,ROTC,25/11/2026,CONFIRMADA,3362766,0,09/04/2026,09/04/2027,0.703899,BANCO CENTRAL DE LA REPUBLICA DOMINICANA,BCENTRAL,59227
DO1002261928,LE090427,BCENTRAL/ LT 20270409 GTIA,1150000,DOP,115,12.1282,95.649763,25/09/2026,12:54:50 PM,PLAZO,PRIMERA PARTE,ROTC,25/11/2026,CONFIRMADA,3362765,0,09/04/2026,09/04/2027,0,BANCO CENTRAL DE LA REPUBLICA DOMINICANA,BCENTRAL,57617
DO1002261928,LE090427,BCENTRAL/ LT 20270409 GTIA,1150000,DOP,115,9.8973,96.421338,25/09/2026,12:54:49 PM,PLAZO,PRIMERA PARTE,ROTC,25/11/2026,CONFIRMADA,3362764,0,09/04/2026,09/04/2027,0,BANCO CENTRAL DE LA REPUBLICA DOMINICANA,BCENTRAL,57386
DO1002261928,LE090427,BCENTRAL/ LT 20270409 GTIA,1150000,DOP,115,9.8973,96.421338,25/09/2026,12:54:48 PM,PRESTAMO,SEGUNDA PARTE,ROTC,25/11/2026,CONFIRMADA,3362763,0,09/04/2026,09/04/2027,0.800212,BANCO CENTRAL DE LA REPUBLICA DOMINICANA,BCENTRAL,58919
DO1002261928,LE090427,BCENTRAL/ LT 20270409 GTIA,1150000,DOP,115,9.7459,95.649763,25/09/2026,12:54:48 PM,PRESTAMO,PRIMERA PARTE,ROTC,23/10/2026,CONFIRMADA,3362763,0,09/04/2026,09/04/2027,0.800212,BANCO CENTRAL DE LA REPUBLICA DOMINICANA,BCENTRAL,59038
DO1002261928,LE090427,BCENTRAL/ LT 20270409 GTIA,1150000,DOP,115,9.7459,95.649763,25/09/2026,12:54:47 PM,PLAZO,PRIMERA PARTE,ROTC,23/10/2026,CONFIRMADA,3362762,0,09/04/2026,09/04/2027,0,BANCO CENTRAL DE LA REPUBLICA DOMINICANA,BCENTRAL,57428
DO1002261928,LE090427,BCENTRAL/ LT 20270409 GTIA,1150000,DOP,115,8.223,96.304433,25/09/2026,12:54:45 PM,PLAZO,PRIMERA PARTE,ROTC,23/10/2026,CONFIRMADA,3362761,0,09/04/2026,09/04/2027,0,BANCO CENTRAL DE LA REPUBLICA DOMINICANA,BCENTRAL,56826
DO1002261928,LE090427,BCENTRAL/ LT 20270409 GTIA,1150000,DOP,115,8.223,96.304433,25/09/2026,12:54:44 PM,PRESTAMO,SEGUNDA PARTE,ROTC,23/10/2026,CONFIRMADA,3362760,0,09/04/2026,09/04/2027,0.679792,BANCO CENTRAL DE LA REPUBLICA DOMINICANA,BCENTRAL,58359
DO1002261928,LE090427,BCENTRAL/ LT 20270409 GTIA,1150000,DOP,115,8.3536,95.649763,25/09/2026,12:54:44 PM,PRESTAMO,PRIMERA PARTE,ROTC,25/09/2026,CONFIRMADA,3362760,0,09/04/2026,09/04/2027,0.679792,BANCO CENTRAL DE LA REPUBLICA DOMINICANA,BCENTRAL,59017
DO1002261928,LE090427,BCENTRAL/ LT 20270409 GTIA,1150000,DOP,115,8.3536,95.649763,25/09/2026,12:54:43 PM,CONTADO,PRIMERA PARTE,ROTC,25/09/2026,CONFIRMADA,3362759,0,09/04/2026,09/04/2027,0,BANCO CENTRAL DE LA REPUBLICA DOMINICANA,BCENTRAL,58317
DO1002261928,LE090427,BCENTRAL/ LT 20270409 GTIA,14100000,DOP,1410,141.755,95.848404,25/09/2026,12:52:00 PM,PLAZO,PRIMERA PARTE,ROTC,29/03/2027,CONFIRMADA,3362758,0,09/04/2026,09/04/2027,0,BANCO CENTRAL DE LA REPUBLICA DOMINICANA,BCENTRAL,58268
DO1002261928,LE090427,BCENTRAL/ LT 20270409 GTIA,14100000,DOP,1410,141.755,95.848404,25/09/2026,12:51:59 PM,PRESTAMO,SEGUNDA PARTE,ROTC,29/03/2027,CONFIRMADA,3362757,0,09/04/2026,09/04/2027,0.108216,BANCO CENTRAL DE LA REPUBLICA DOMINICANA,BCENTRAL,59899
DO1002261928,LE090427,BCENTRAL/ LT 20270409 GTIA,14100000,DOP,1410,106.666,95.744681,25/09/2026,12:51:59 PM,PRESTAMO,PRIMERA PARTE,ROTC,25/03/2027,CONFIRMADA,3362757,0,09/04/2026,09/04/2027,0.108216,BANCO CENTRAL DE LA REPUBLICA DOMINICANA,BCENTRAL,59962
DO1002261928,LE090427,BCENTRAL/ LT 20270409 GTIA,14100000,DOP,1410,106.666,95.744681,25/09/2026,12:51:58 PM,PLAZO,PRIMERA PARTE,ROTC,25/03/2027,CONFIRMADA,3362756,0,09/04/2026,09/04/2027,0,BANCO CENTRAL DE LA REPUBLICA DOMINICANA,BCENTRAL,58352
DO1002261928,LE090427,BCENTRAL/ LT 20270409 GTIA,14100000,DOP,1410,88.4697,96.444814,25/09/2026,12:51:56 PM,PLAZO,PRIMERA PARTE,ROTC,25/03/2027,CONFIRMADA,3362755,0,09/04/2026,09/04/2027,0,BANCO CENTRAL DE LA REPUBLICA DOMINICANA,BCENTRAL,58429
DO1002261928,LE090427,BCENTRAL/ LT 20270409 GTIA,14100000,DOP,1410,88.4697,96.444814,25/09/2026,12:51:55 PM,PRESTAMO,SEGUNDA PARTE,ROTC,25/03/2027,CONFIRMADA,3362754,0,09/04/2026,09/04/2027,0.725942,BANCO CENTRAL DE LA REPUBLICA DOMINICANA,BCENTRAL,59962
DO1002261928,LE090427,BCENTRAL/ LT 20270409 GTIA,14100000,DOP,1410,38.0952,95.744681,25/09/2026,12:51:55 PM,PRESTAMO,PRIMERA PARTE,ROTC,26/02/2027,CONFIRMADA,3362754,0,09/04/2026,09/04/2027,0.725942,BANCO CENTRAL DE LA REPUBLICA DOMINICANA,BCENTRAL,59948
DO1002261928,LE090427,BCENTRAL/ LT 20270409 GTIA,14100000,DOP,1410,38.0952,95.744681,25/09/2026,12:51:54 PM,PLAZO,PRIMERA PARTE,ROTC,26/02/2027,CONFIRMADA,3362753,0,09/04/2026,09/04/2027,0,BANCO CENTRAL DE LA REPUBLICA DOMINICANA,BCENTRAL,58338
DO1002261928,LE090427,BCENTRAL/ LT 20270409 GTIA,14100000,DOP,1410,31.1187,96.496676,25/09/2026,12:51:53 PM,PLAZO,PRIMERA PARTE,ROTC,26/02/2027,CONFIRMADA,3362752,0,09/04/2026,09/04/2027,0,BANCO CENTRAL DE LA REPUBLICA DOMINICANA,BCENTRAL,58352
DO1002261928,LE090427,BCENTRAL/ LT 20270409 GTIA,14100000,DOP,1410,31.1187,96.496676,25/09/2026,12:51:51 PM,PRESTAMO,SEGUNDA PARTE,ROTC,26/02/2027,CONFIRMADA,3362751,0,09/04/2026,09/04/2027,0.779296,BANCO CENTRAL DE LA REPUBLICA DOMINICANA,BCENTRAL,59878
DO1002261928,LE090427,BCENTRAL/ LT 20270409 GTIA,14100000,DOP,1410,22.5352,95.744681,25/09/2026,12:51:51 PM,PRESTAMO,PRIMERA PARTE,ROTC,28/01/2027,CONFIRMADA,3362751,0,09/04/2026,09/04/2027,0.779296,BANCO CENTRAL DE LA REPUBLICA DOMINICANA,BCENTRAL,59871
DO1002261928,LE090427,BCENTRAL/ LT 20270409 GTIA,14100000,DOP,1410,22.5352,95.744681,25/09/2026,12:51:50 PM,PLAZO,PRIMERA PARTE,ROTC,28/01/2027,CONFIRMADA,3362750,0,09/04/2026,09/04/2027,0,BANCO CENTRAL DE LA REPUBLICA DOMINICANA,BCENTRAL,58261
DO1002261928,LE090427,BCENTRAL/ LT 20270409 GTIA,14100000,DOP,1410,18.126,96.548537,25/09/2026,12:51:49 PM,PLAZO,PRIMERA PARTE,ROTC,28/01/2027,CONFIRMADA,3362749,0,09/04/2026,09/04/2027,0,BANCO CENTRAL DE LA REPUBLICA DOMINICANA,BCENTRAL,57995
DO1002261928,LE090427,BCENTRAL/ LT 20270409 GTIA,14100000,DOP,1410,18.126,96.548537,25/09/2026,12:51:48 PM,PRESTAMO,SEGUNDA PARTE,ROTC,28/01/2027,CONFIRMADA,3362748,0,09/04/2026,09/04/2027,0.832593,BANCO CENTRAL DE LA REPUBLICA DOMINICANA,BCENTRAL,59528
DO1002261928,LE090427,BCENTRAL/ LT 20270409 GTIA,14100000,DOP,1410,15.6863,95.744681,25/09/2026,12:51:48 PM,PRESTAMO,PRIMERA PARTE,ROTC,28/12/2026,CONFIRMADA,3362748,0,09/04/2026,09/04/2027,0.832593,BANCO CENTRAL DE LA REPUBLICA DOMINICANA,BCENTRAL,59990
DO1002261928,LE090427,BCENTRAL/ LT 20270409 GTIA,14100000,DOP,1410,15.6863,95.744681,25/09/2026,12:51:47 PM,PLAZO,PRIMERA PARTE,ROTC,28/12/2026,CONFIRMADA,3362747,0,09/04/2026,09/04/2027,0,BANCO CENTRAL DE LA REPUBLICA DOMINICANA,BCENTRAL,58380
DO1002261928,LE090427,BCENTRAL/ LT 20270409 GTIA,14100000,DOP,1410,12.6171,96.548537,25/09/2026,12:51:46 PM,PLAZO,PRIMERA PARTE,ROTC,28/12/2026,CONFIRMADA,3362746,0,09/04/2026,09/04/2027,0,BANCO CENTRAL DE LA REPUBLICA DOMINICANA,BCENTRAL,58317
DO1002261928,LE090427,BCENTRAL/ LT 20270409 GTIA,14100000,DOP,1410,12.6171,96.548537,25/09/2026,12:51:44 PM,PRESTAMO,SEGUNDA PARTE,ROTC,28/12/2026,CONFIRMADA,3362745,0,09/04/2026,09/04/2027,0.832593,BANCO CENTRAL DE LA REPUBLICA DOMINICANA,BCENTRAL,59843
DO1002261928,LE090427,BCENTRAL/ LT 20270409 GTIA,14100000,DOP,1410,12.0301,95.744681,25/09/2026,12:51:44 PM,PRESTAMO,PRIMERA PARTE,ROTC,27/11/2026,CONFIRMADA,3362745,0,09/04/2026,09/04/2027,0.832593,BANCO CENTRAL DE LA REPUBLICA DOMINICANA,BCENTRAL,59794
DO1002261928,LE090427,BCENTRAL/ LT 20270409 GTIA,14100000,DOP,1410,12.0301,95.744681,25/09/2026,12:51:43 PM,PLAZO,PRIMERA PARTE,ROTC,27/11/2026,CONFIRMADA,3362744,0,09/04/2026,09/04/2027,0,BANCO CENTRAL DE LA REPUBLICA DOMINICANA,BCENTRAL,58184
DO1002261928,LE090427,BCENTRAL/ LT 20270409 GTIA,14100000,DOP,1410,9.7516,96.522606,25/09/2026,12:51:42 PM,PLAZO,PRIMERA PARTE,ROTC,27/11/2026,CONFIRMADA,3362743,0,09/04/2026,09/04/2027,0,BANCO CENTRAL DE LA REPUBLICA DOMINICANA,BCENTRAL,57932
DO1002261928,LE090427,BCENTRAL/ LT 20270409 GTIA,14100000,DOP,1410,9.7516,96.522606,25/09/2026,12:51:41 PM,PRESTAMO,SEGUNDA PARTE,ROTC,27/11/2026,CONFIRMADA,3362742,0,09/04/2026,09/04/2027,0.805952,BANCO CENTRAL DE LA REPUBLICA DOMINICANA,BCENTRAL,59465
DO1002261928,LE090427,BCENTRAL/ LT 20270409 GTIA,14100000,DOP,1410,9.816,95.744681,25/09/2026,12:51:41 PM,PRESTAMO,PRIMERA PARTE,ROTC,28/10/2026,CONFIRMADA,3362742,0,09/04/2026,09/04/2027,0.805952,BANCO CENTRAL DE LA REPUBLICA DOMINICANA,BCENTRAL,59220
DO1002261928,LE090427,BCENTRAL/ LT 20270409 GTIA,14100000,DOP,1410,9.816,95.744681,25/09/2026,12:51:40 PM,PLAZO,PRIMERA PARTE,ROTC,28/10/2026,CONFIRMADA,3362741,0,09/04/2026,09/04/2027,0,BANCO CENTRAL DE LA REPUBLICA DOMINICANA,BCENTRAL,57610
DO1002261928,LE090427,BCENTRAL/ LT 20270409 GTIA,14100000,DOP,1410,7.9568,96.522606,25/09/2026,12:51:38 PM,PLAZO,PRIMERA PARTE,ROTC,28/10/2026,CONFIRMADA,3362740,0,09/04/2026,09/04/2027,0,BANCO CENTRAL DE LA REPUBLICA DOMINICANA,BCENTRAL,58016
DO1002261928,LE090427,BCENTRAL/ LT 20270409 GTIA,14100000,DOP,1410,7.9568,96.522606,25/09/2026,12:51:37 PM,PRESTAMO,SEGUNDA PARTE,ROTC,28/10/2026,CONFIRMADA,3362739,0,09/04/2026,09/04/2027,0.805952,BANCO CENTRAL DE LA REPUBLICA DOMINICANA,BCENTRAL,59549
DO1002261928,LE090427,BCENTRAL/ LT 20270409 GTIA,14100000,DOP,1410,8.2902,95.744681,25/09/2026,12:51:37 PM,PRESTAMO,PRIMERA PARTE,ROTC,28/09/2026,CONFIRMADA,3362739,0,09/04/2026,09/04/2027,0.805952,BANCO CENTRAL DE LA REPUBLICA DOMINICANA,BCENTRAL,59626
DO1002261928,LE090427,BCENTRAL/ LT 20270409 GTIA,14100000,DOP,1410,8.2902,95.744681,25/09/2026,12:51:36 PM,CONTADO,PRIMERA PARTE,ROTC,28/09/2026,CONFIRMADA,3362738,0,09/04/2026,09/04/2027,0,BANCO CENTRAL DE LA REPUBLICA DOMINICANA,BCENTRAL,58926
DO1002261928,LE090427,BCENTRAL/ LT 20270409 GTIA,14100000,DOP,1410,141.755,95.848404,25/09/2026,12:51:34 PM,PLAZO,PRIMERA PARTE,ROTC,29/03/2027,CONFIRMADA,3362737,0,09/04/2026,09/04/2027,0,BANCO CENTRAL DE LA REPUBLICA DOMINICANA,BCENTRAL,58310
DO1002261928,LE090427,BCENTRAL/ LT 20270409 GTIA,14100000,DOP,1410,141.755,95.848404,25/09/2026,12:51:33 PM,PRESTAMO,SEGUNDA PARTE,ROTC,29/03/2027,CONFIRMADA,3362736,0,09/04/2026,09/04/2027,0.108216,BANCO CENTRAL DE LA REPUBLICA DOMINICANA,BCENTRAL,59843
DO1002261928,LE090427,BCENTRAL/ LT 20270409 GTIA,14100000,DOP,1410,106.666,95.744681,25/09/2026,12:51:33 PM,PRESTAMO,PRIMERA PARTE,ROTC,25/03/2027,CONFIRMADA,3362736,0,09/04/2026,09/04/2027,0.108216,BANCO CENTRAL DE LA REPUBLICA DOMINICANA,BCENTRAL,59906
DO1002261928,LE090427,BCENTRAL/ LT 20270409 GTIA,14100000,DOP,1410,106.666,95.744681,25/09/2026,12:51:32 PM,PLAZO,PRIMERA PARTE,ROTC,25/03/2027,CONFIRMADA,3362735,0,09/04/2026,09/04/2027,0,BANCO CENTRAL DE LA REPUBLICA DOMINICANA,BCENTRAL,58296
DO1002261928,LE090427,BCENTRAL/ LT 20270409 GTIA,14100000,DOP,1410,88.4697,96.444814,25/09/2026,12:51:30 PM,PLAZO,PRIMERA PARTE,ROTC,25/03/2027,CONFIRMADA,3362734,0,09/04/2026,09/04/2027,0,BANCO CENTRAL DE LA REPUBLICA DOMINICANA,BCENTRAL,58373
DO1002261928,LE090427,BCENTRAL/ LT 20270409 GTIA,14100000,DOP,1410,88.4697,96.444814,25/09/2026,12:51:29 PM,PRESTAMO,SEGUNDA PARTE,ROTC,25/03/2027,CONFIRMADA,3362733,0,09/04/2026,09/04/2027,0.725942,BANCO CENTRAL DE LA REPUBLICA DOMINICANA,BCENTRAL,59969
DO1002261928,LE090427,BCENTRAL/ LT 20270409 GTIA,14100000,DOP,1410,38.0952,95.744681,25/09/2026,12:51:29 PM,PRESTAMO,PRIMERA PARTE,ROTC,26/02/2027,CONFIRMADA,3362733,0,09/04/2026,09/04/2027,0.725942,BANCO CENTRAL DE LA REPUBLICA DOMINICANA,BCENTRAL,59955
DO1002261928,LE090427,BCENTRAL/ LT 20270409 GTIA,14100000,DOP,1410,38.0952,95.744681,25/09/2026,12:51:28 PM,PLAZO,PRIMERA PARTE,ROTC,26/02/2027,CONFIRMADA,3362732,0,09/04/2026,09/04/2027,0,BANCO CENTRAL DE LA REPUBLICA DOMINICANA,BCENTRAL,58345
DO1002261928,LE090427,BCENTRAL/ LT 20270409 GTIA,14100000,DOP,1410,31.1187,96.496676,25/09/2026,12:51:26 PM,PLAZO,PRIMERA PARTE,ROTC,26/02/2027,CONFIRMADA,3362731,0,09/04/2026,09/04/2027,0,BANCO CENTRAL DE LA REPUBLICA DOMINICANA,BCENTRAL,58352
DO1002261928,LE090427,BCENTRAL/ LT 20270409 GTIA,14100000,DOP,1410,31.1187,96.496676,25/09/2026,12:51:25 PM,PRESTAMO,SEGUNDA PARTE,ROTC,26/02/2027,CONFIRMADA,3362730,0,09/04/2026,09/04/2027,0.779296,BANCO CENTRAL DE LA REPUBLICA DOMINICANA,BCENTRAL,59885
DO1002261928,LE090427,BCENTRAL/ LT 20270409 GTIA,14100000,DOP,1410,22.5352,95.744681,25/09/2026,12:51:25 PM,PRESTAMO,PRIMERA PARTE,ROTC,28/01/2027,CONFIRMADA,3362730,0,09/04/2026,09/04/2027,0.779296,BANCO CENTRAL DE LA REPUBLICA DOMINICANA,BCENTRAL,59878
DO1002261928,LE090427,BCENTRAL/ LT 20270409 GTIA,14100000,DOP,1410,22.5352,95.744681,25/09/2026,12:51:24 PM,PLAZO,PRIMERA PARTE,ROTC,28/01/2027,CONFIRMADA,3362729,0,09/04/2026,09/04/2027,0,BANCO CENTRAL DE LA REPUBLICA DOMINICANA,BCENTRAL,58268
DO1002261928,LE090427,BCENTRAL/ LT 20270409 GTIA,14100000,DOP,1410,18.126,96.548537,25/09/2026,12:51:22 PM,PLAZO,PRIMERA PARTE,ROTC,28/01/2027,CONFIRMADA,3362728,0,09/04/2026,09/04/2027,0,BANCO CENTRAL DE LA REPUBLICA DOMINICANA,BCENTRAL,57932
DO1002261928,LE090427,BCENTRAL/ LT 20270409 GTIA,14100000,DOP,1410,18.126,96.548537,25/09/2026,12:51:21 PM,PRESTAMO,SEGUNDA PARTE,ROTC,28/01/2027,CONFIRMADA,3362727,0,09/04/2026,09/04/2027,0.832593,BANCO CENTRAL DE LA REPUBLICA DOMINICANA,BCENTRAL,59465
DO1002261928,LE090427,BCENTRAL/ LT 20270409 GTIA,14100000,DOP,1410,15.6863,95.744681,25/09/2026,12:51:21 PM,PRESTAMO,PRIMERA PARTE,ROTC,28/12/2026,CONFIRMADA,3362727,0,09/04/2026,09/04/2027,0.832593,BANCO CENTRAL DE LA REPUBLICA DOMINICANA,BCENTRAL,59927
DO1002261928,LE090427,BCENTRAL/ LT 20270409 GTIA,14100000,DOP,1410,15.6863,95.744681,25/09/2026,12:51:20 PM,PLAZO,PRIMERA PARTE,ROTC,28/12/2026,CONFIRMADA,3362726,0,09/04/2026,09/04/2027,0,BANCO CENTRAL DE LA REPUBLICA DOMINICANA,BCENTRAL,58317
DO1002261928,LE090427,BCENTRAL/ LT 20270409 GTIA,14100000,DOP,1410,12.6171,96.548537,25/09/2026,12:51:18 PM,PLAZO,PRIMERA PARTE,ROTC,28/12/2026,CONFIRMADA,3362725,0,09/04/2026,09/04/2027,0,BANCO CENTRAL DE LA REPUBLICA DOMINICANA,BCENTRAL,58310
DO1002261928,LE090427,BCENTRAL/ LT 20270409 GTIA,14100000,DOP,1410,12.6171,96.548537,25/09/2026,12:51:17 PM,PRESTAMO,SEGUNDA PARTE,ROTC,28/12/2026,CONFIRMADA,3362724,0,09/04/2026,09/04/2027,0.832593,BANCO CENTRAL DE LA REPUBLICA DOMINICANA,BCENTRAL,59843
DO1002261928,LE090427,BCENTRAL/ LT 20270409 GTIA,14100000,DOP,1410,12.0301,95.744681,25/09/2026,12:51:17 PM,PRESTAMO,PRIMERA PARTE,ROTC,27/11/2026,CONFIRMADA,3362724,0,09/04/2026,09/04/2027,0.832593,BANCO CENTRAL DE LA REPUBLICA DOMINICANA,BCENTRAL,59794
DO1002261928,LE090427,BCENTRAL/ LT 20270409 GTIA,14100000,DOP,1410,12.0301,95.744681,25/09/2026,12:51:16 PM,PLAZO,PRIMERA PARTE,ROTC,27/11/2026,CONFIRMADA,3362723,0,09/04/2026,09/04/2027,0,BANCO CENTRAL DE LA REPUBLICA DOMINICANA,BCENTRAL,58184
DO1002261928,LE090427,BCENTRAL/ LT 20270409 GTIA,14100000,DOP,1410,9.7516,96.522606,25/09/2026,12:51:14 PM,PLAZO,PRIMERA PARTE,ROTC,27/11/2026,CONFIRMADA,3362722,0,09/04/2026,09/04/2027,0,BANCO CENTRAL DE LA REPUBLICA DOMINICANA,BCENTRAL,57925
DO1002261928,LE090427,BCENTRAL/ LT 20270409 GTIA,14100000,DOP,1410,9.7516,96.522606,25/09/2026,12:51:13 PM,PRESTAMO,SEGUNDA PARTE,ROTC,27/11/2026,CONFIRMADA,3362721,0,09/04/2026,09/04/2027,0.805952,BANCO CENTRAL DE LA REPUBLICA DOMINICANA,BCENTRAL,59458
DO1002261928,LE090427,BCENTRAL/ LT 20270409 GTIA,14100000,DOP,1410,9.816,95.744681,25/09/2026,12:51:13 PM,PRESTAMO,PRIMERA PARTE,ROTC,28/10/2026,CONFIRMADA,3362721,0,09/04/2026,09/04/2027,0.805952,BANCO CENTRAL DE LA REPUBLICA DOMINICANA,BCENTRAL,59213
DO1002261928,LE090427,BCENTRAL/ LT 20270409 GTIA,14100000,DOP,1410,9.816,95.744681,25/09/2026,12:51:12 PM,PLAZO,PRIMERA PARTE,ROTC,28/10/2026,CONFIRMADA,3362720,0,09/04/2026,09/04/2027,0,BANCO CENTRAL DE LA REPUBLICA DOMINICANA,BCENTRAL,57603
DO1002261928,LE090427,BCENTRAL/ LT 20270409 GTIA,14100000,DOP,1410,7.9568,96.522606,25/09/2026,12:51:11 PM,PLAZO,PRIMERA PARTE,ROTC,28/10/2026,CONFIRMADA,3362717,0,09/04/2026,09/04/2027,0,BANCO CENTRAL DE LA REPUBLICA DOMINICANA,BCENTRAL,57953
DO1002261928,LE090427,BCENTRAL/ LT 20270409 GTIA,14100000,DOP,1410,7.9568,96.522606,25/09/2026,12:51:10 PM,PRESTAMO,SEGUNDA PARTE,ROTC,28/10/2026,CONFIRMADA,3362716,0,09/04/2026,09/04/2027,0.805952,BANCO CENTRAL DE LA REPUBLICA DOMINICANA,BCENTRAL,59486
DO1002261928,LE090427,BCENTRAL/ LT 20270409 GTIA,14100000,DOP,1410,8.2902,95.744681,25/09/2026,12:51:10 PM,PRESTAMO,PRIMERA PARTE,ROTC,28/09/2026,CONFIRMADA,3362716,0,09/04/2026,09/04/2027,0.805952,BANCO CENTRAL DE LA REPUBLICA DOMINICANA,BCENTRAL,59563
DO1002261928,LE090427,BCENTRAL/ LT 20270409 GTIA,14100000,DOP,1410,8.2902,95.744681,25/09/2026,12:51:09 PM,CONTADO,PRIMERA PARTE,ROTC,28/09/2026,CONFIRMADA,3362715,0,09/04/2026,09/04/2027,0,BANCO CENTRAL DE LA REPUBLICA DOMINICANA,BCENTRAL,58926
DO2018100324,BC1AES03,AESTRELLA/11.25 BO 20301130,1022816,DOP,1022816,10.8786,101.144966,25/09/2026,12:50:46 PM,ESTRUCTURADA,SEGUNDA PARTE,ROTC,27/01/2027,CONFIRMADA,3362566,0,30/11/2020,30/11/2030,8.75,ACERO ESTRELLA S A,AESTRELLA,63175
DO2018100324,BC1AES03,AESTRELLA/11.25 BO 20301130,1022816,DOP,1022816,11.5223,99.098068,25/09/2026,12:50:46 PM,ESTRUCTURADA,PRIMERA PARTE,ROTC,28/09/2026,CONFIRMADA,3362566,0,30/11/2020,30/11/2030,8.75,ACERO ESTRELLA S A,AESTRELLA,62965
DO2018100324,BC1AES03,AESTRELLA/11.25 BO 20301130,1022816,DOP,1022816,10.8786,101.144966,25/09/2026,12:50:45 PM,PRESTAMO,SEGUNDA PARTE,ROTC,27/01/2027,CONFIRMADA,3362567,0,30/11/2020,30/11/2030,3.72532,ACERO ESTRELLA S A,AESTRELLA,61068
DO2018100324,BC1AES03,AESTRELLA/11.25 BO 20301130,1022816,DOP,1022816,11.5223,99.098068,25/09/2026,12:50:45 PM,PRESTAMO,PRIMERA PARTE,ROTC,28/09/2026,CONFIRMADA,3362567,0,30/11/2020,30/11/2030,3.72532,ACERO ESTRELLA S A,AESTRELLA,60858
DO2018100324,BC1AES03,AESTRELLA/11.25 BO 20301130,299250,DOP,299250,10.0268,103.726941,25/09/2026,12:49:31 PM,PRESTAMO,SEGUNDA PARTE,ROTC,24/03/2027,CONFIRMADA,3362554,0,30/11/2020,30/11/2030,5.050427,ACERO ESTRELLA S A,AESTRELLA,60424
DO2018100324,BC1AES03,AESTRELLA/11.25 BO 20301130,299250,DOP,299250,11.4938,99.190654,25/09/2026,12:49:31 PM,PRESTAMO,PRIMERA PARTE,ROTC,25/09/2026,CONFIRMADA,3362554,0,30/11/2020,30/11/2030,5.050427,ACERO ESTRELLA S A,AESTRELLA,60326
DO2018100324,BC1AES03,AESTRELLA/11.25 BO 20301130,299250,DOP,299250,10.0268,103.726941,25/09/2026,12:49:16 PM,ESTRUCTURADA,SEGUNDA PARTE,ROTC,24/03/2027,CONFIRMADA,3362553,0,30/11/2020,30/11/2030,8.95,ACERO ESTRELLA S A,AESTRELLA,62545
DO2018100324,BC1AES03,AESTRELLA/11.25 BO 20301130,299250,DOP,299250,11.4938,99.190654,25/09/2026,12:49:16 PM,ESTRUCTURADA,PRIMERA PARTE,ROTC,25/09/2026,CONFIRMADA,3362553,0,30/11/2020,30/11/2030,8.95,ACERO ESTRELLA S A,AESTRELLA,62447
DO2016300223,BC1GUL02,GULFSTREAM/11.15 BO 20290624,10075,DOP,10075,11.2893,99.674938,25/09/2026,12:48:34 PM,PRESTAMO,SEGUNDA PARTE,ROTC,28/10/2026,CONFIRMADA,3362565,0,24/06/2019,24/06/2029,0.828735,GULFSTREAM PETROLEUM DOMINICANA S DE RL,GULFSTREAM,60277
DO2016300223,BC1GUL02,GULFSTREAM/11.15 BO 20290624,10075,DOP,10075,11.2012,99.8789,25/09/2026,12:48:34 PM,PRESTAMO,PRIMERA PARTE,ROTC,28/09/2026,CONFIRMADA,3362565,0,24/06/2019,24/06/2029,0.828735,GULFSTREAM PETROLEUM DOMINICANA S DE RL,GULFSTREAM,59570
DO2016300223,BC1GUL02,GULFSTREAM/11.15 BO 20290624,10075,DOP,10075,11.2893,99.674938,25/09/2026,12:48:33 PM,ESTRUCTURADA,SEGUNDA PARTE,ROTC,28/10/2026,CONFIRMADA,3362564,0,24/06/2019,24/06/2029,8.55,GULFSTREAM PETROLEUM DOMINICANA S DE RL,GULFSTREAM,62370
DO2016300223,BC1GUL02,GULFSTREAM/11.15 BO 20290624,10075,DOP,10075,11.2012,99.8789,25/09/2026,12:48:33 PM,ESTRUCTURADA,PRIMERA PARTE,ROTC,28/09/2026,CONFIRMADA,3362564,0,24/06/2019,24/06/2029,8.55,GULFSTREAM PETROLEUM DOMINICANA S DE RL,GULFSTREAM,61663
DO1002261928,LE090427,BCENTRAL/ LT 20270409 GTIA,14360000,DOP,1436,78.4821,96.426343,25/09/2026,12:47:50 PM,PLAZO,PRIMERA PARTE,ROTC,23/03/2027,CONFIRMADA,3362707,0,09/04/2026,09/04/2027,0,BANCO CENTRAL DE LA REPUBLICA DOMINICANA,BCENTRAL,58415
DO1002261928,LE090427,BCENTRAL/ LT 20270409 GTIA,14360000,DOP,1436,78.4821,96.426343,25/09/2026,12:47:49 PM,PRESTAMO,SEGUNDA PARTE,ROTC,23/03/2027,CONFIRMADA,3362706,0,09/04/2026,09/04/2027,0.699243,BANCO CENTRAL DE LA REPUBLICA DOMINICANA,BCENTRAL,60011
DO1002261928,LE090427,BCENTRAL/ LT 20270409 GTIA,14360000,DOP,1436,37.1416,95.752089,25/09/2026,12:47:49 PM,PRESTAMO,PRIMERA PARTE,ROTC,25/02/2027,CONFIRMADA,3362706,0,09/04/2026,09/04/2027,0.699243,BANCO CENTRAL DE LA REPUBLICA DOMINICANA,BCENTRAL,60081
DO1002261928,LE090427,BCENTRAL/ LT 20270409 GTIA,14360000,DOP,1436,37.1416,95.752089,25/09/2026,12:47:48 PM,PLAZO,PRIMERA PARTE,ROTC,25/02/2027,CONFIRMADA,3362705,0,09/04/2026,09/04/2027,0,BANCO CENTRAL DE LA REPUBLICA DOMINICANA,BCENTRAL,58471
DO1002261928,LE090427,BCENTRAL/ LT 20270409 GTIA,14360000,DOP,1436,29.1638,96.633806,25/09/2026,12:47:46 PM,PLAZO,PRIMERA PARTE,ROTC,25/02/2027,CONFIRMADA,3362704,0,09/04/2026,09/04/2027,0,BANCO CENTRAL DE LA REPUBLICA DOMINICANA,BCENTRAL,58478
DO1002261928,LE090427,BCENTRAL/ LT 20270409 GTIA,14360000,DOP,1436,29.1638,96.633806,25/09/2026,12:47:45 PM,PRESTAMO,SEGUNDA PARTE,ROTC,25/02/2027,CONFIRMADA,3362703,0,09/04/2026,09/04/2027,0.912431,BANCO CENTRAL DE LA REPUBLICA DOMINICANA,BCENTRAL,60011
DO1002261928,LE090427,BCENTRAL/ LT 20270409 GTIA,14360000,DOP,1436,20.7414,95.752089,25/09/2026,12:47:45 PM,PRESTAMO,PRIMERA PARTE,ROTC,22/01/2027,CONFIRMADA,3362703,0,09/04/2026,09/04/2027,0.912431,BANCO CENTRAL DE LA REPUBLICA DOMINICANA,BCENTRAL,59997
DO1002261928,LE090427,BCENTRAL/ LT 20270409 GTIA,14360000,DOP,1436,20.7414,95.752089,25/09/2026,12:47:44 PM,PLAZO,PRIMERA PARTE,ROTC,22/01/2027,CONFIRMADA,3362702,0,09/04/2026,09/04/2027,0,BANCO CENTRAL DE LA REPUBLICA DOMINICANA,BCENTRAL,58387
DO1002261928,LE090427,BCENTRAL/ LT 20270409 GTIA,14360000,DOP,1436,16.9363,96.504142,25/09/2026,12:47:43 PM,PLAZO,PRIMERA PARTE,ROTC,22/01/2027,CONFIRMADA,3362701,0,09/04/2026,09/04/2027,0,BANCO CENTRAL DE LA REPUBLICA DOMINICANA,BCENTRAL,58352
DO1002261928,LE090427,BCENTRAL/ LT 20270409 GTIA,14360000,DOP,1436,16.9363,96.504142,25/09/2026,12:47:42 PM,PRESTAMO,SEGUNDA PARTE,ROTC,22/01/2027,CONFIRMADA,3362700,0,09/04/2026,09/04/2027,0.779296,BANCO CENTRAL DE LA REPUBLICA DOMINICANA,BCENTRAL,59885
DO1002261928,LE090427,BCENTRAL/ LT 20270409 GTIA,14360000,DOP,1436,15.0669,95.752089,25/09/2026,12:47:42 PM,PRESTAMO,PRIMERA PARTE,ROTC,24/12/2026,CONFIRMADA,3362700,0,09/04/2026,09/04/2027,0.779296,BANCO CENTRAL DE LA REPUBLICA DOMINICANA,BCENTRAL,60060
DO1002261928,LE090427,BCENTRAL/ LT 20270409 GTIA,14360000,DOP,1436,15.0669,95.752089,25/09/2026,12:47:41 PM,PLAZO,PRIMERA PARTE,ROTC,24/12/2026,CONFIRMADA,3362699,0,09/04/2026,09/04/2027,0,BANCO CENTRAL DE LA REPUBLICA DOMINICANA,BCENTRAL,58450
DO1002261928,LE090427,BCENTRAL/ LT 20270409 GTIA,14360000,DOP,1436,12.3028,96.504142,25/09/2026,12:47:40 PM,PLAZO,PRIMERA PARTE,ROTC,24/12/2026,CONFIRMADA,3362698,0,09/04/2026,09/04/2027,0,BANCO CENTRAL DE LA REPUBLICA DOMINICANA,BCENTRAL,58268
DO1002261928,LE090427,BCENTRAL/ LT 20270409 GTIA,14360000,DOP,1436,12.3028,96.504142,25/09/2026,12:47:38 PM,PRESTAMO,SEGUNDA PARTE,ROTC,24/12/2026,CONFIRMADA,3362697,0,09/04/2026,09/04/2027,0.779296,BANCO CENTRAL DE LA REPUBLICA DOMINICANA,BCENTRAL,59857
DO1002261928,LE090427,BCENTRAL/ LT 20270409 GTIA,14360000,DOP,1436,11.8303,95.752089,25/09/2026,12:47:38 PM,PRESTAMO,PRIMERA PARTE,ROTC,25/11/2026,CONFIRMADA,3362697,0,09/04/2026,09/04/2027,0.779296,BANCO CENTRAL DE LA REPUBLICA DOMINICANA,BCENTRAL,60018
DO1002261928,LE090427,BCENTRAL/ LT 20270409 GTIA,14360000,DOP,1436,11.8303,95.752089,25/09/2026,12:47:37 PM,PLAZO,PRIMERA PARTE,ROTC,25/11/2026,CONFIRMADA,3362696,0,09/04/2026,09/04/2027,0,BANCO CENTRAL DE LA REPUBLICA DOMINICANA,BCENTRAL,58408
DO1002261928,LE090427,BCENTRAL/ LT 20270409 GTIA,14360000,DOP,1436,9.3633,96.607873,25/09/2026,12:47:36 PM,PLAZO,PRIMERA PARTE,ROTC,25/11/2026,CONFIRMADA,3362695,0,09/04/2026,09/04/2027,0,BANCO CENTRAL DE LA REPUBLICA DOMINICANA,BCENTRAL,58128
DO1002261928,LE090427,BCENTRAL/ LT 20270409 GTIA,14360000,DOP,1436,9.3633,96.607873,25/09/2026,12:47:35 PM,PRESTAMO,SEGUNDA PARTE,ROTC,25/11/2026,CONFIRMADA,3362694,0,09/04/2026,09/04/2027,0.885833,BANCO CENTRAL DE LA REPUBLICA DOMINICANA,BCENTRAL,59661
DO1002261928,LE090427,BCENTRAL/ LT 20270409 GTIA,14360000,DOP,1436,9.5065,95.752089,25/09/2026,12:47:35 PM,PRESTAMO,PRIMERA PARTE,ROTC,23/10/2026,CONFIRMADA,3362694,0,09/04/2026,09/04/2027,0.885833,BANCO CENTRAL DE LA REPUBLICA DOMINICANA,BCENTRAL,59703
DO1002261928,LE090427,BCENTRAL/ LT 20270409 GTIA,14360000,DOP,1436,9.5065,95.752089,25/09/2026,12:47:34 PM,PLAZO,PRIMERA PARTE,ROTC,23/10/2026,CONFIRMADA,3362693,0,09/04/2026,09/04/2027,0,BANCO CENTRAL DE LA REPUBLICA DOMINICANA,BCENTRAL,58093
DO1002261928,LE090427,BCENTRAL/ LT 20270409 GTIA,14360000,DOP,1436,7.8222,96.478209,25/09/2026,12:47:33 PM,PLAZO,PRIMERA PARTE,ROTC,23/10/2026,CONFIRMADA,3362692,0,09/04/2026,09/04/2027,0,BANCO CENTRAL DE LA REPUBLICA DOMINICANA,BCENTRAL,58058
DO1002261928,LE090427,BCENTRAL/ LT 20270409 GTIA,14360000,DOP,1436,7.8222,96.478209,25/09/2026,12:47:32 PM,PRESTAMO,SEGUNDA PARTE,ROTC,23/10/2026,CONFIRMADA,3362691,0,09/04/2026,09/04/2027,0.752626,BANCO CENTRAL DE LA REPUBLICA DOMINICANA,BCENTRAL,59591
DO1002261928,LE090427,BCENTRAL/ LT 20270409 GTIA,14360000,DOP,1436,8.1484,95.752089,25/09/2026,12:47:32 PM,PRESTAMO,PRIMERA PARTE,ROTC,25/09/2026,CONFIRMADA,3362691,0,09/04/2026,09/04/2027,0.752626,BANCO CENTRAL DE LA REPUBLICA DOMINICANA,BCENTRAL,59752
DO1002261928,LE090427,BCENTRAL/ LT 20270409 GTIA,14360000,DOP,1436,8.1484,95.752089,25/09/2026,12:47:31 PM,CONTADO,PRIMERA PARTE,ROTC,25/09/2026,CONFIRMADA,3362690,0,09/04/2026,09/04/2027,0,BANCO CENTRAL DE LA REPUBLICA DOMINICANA,BCENTRAL,59052
DO1002261928,LE090427,BCENTRAL/ LT 20270409 GTIA,14360000,DOP,1436,78.4821,96.426343,25/09/2026,12:47:29 PM,PLAZO,PRIMERA PARTE,ROTC,23/03/2027,CONFIRMADA,3362689,0,09/04/2026,09/04/2027,0,BANCO CENTRAL DE LA REPUBLICA DOMINICANA,BCENTRAL,58457
DO1002261928,LE090427,BCENTRAL/ LT 20270409 GTIA,14360000,DOP,1436,78.4821,96.426343,25/09/2026,12:47:28 PM,PRESTAMO,SEGUNDA PARTE,ROTC,23/03/2027,CONFIRMADA,3362688,0,09/04/2026,09/04/2027,0.699243,BANCO CENTRAL DE LA REPUBLICA DOMINICANA,BCENTRAL,59990
DO1002261928,LE090427,BCENTRAL/ LT 20270409 GTIA,14360000,DOP,1436,37.1416,95.752089,25/09/2026,12:47:28 PM,PRESTAMO,PRIMERA PARTE,ROTC,25/02/2027,CONFIRMADA,3362688,0,09/04/2026,09/04/2027,0.699243,BANCO CENTRAL DE LA REPUBLICA DOMINICANA,BCENTRAL,60060
DO1002224124,NO120327,BCENTRAL/8 BOEST 20270312 GTIA,1300000,DOP,130,7.1,99.646409,25/09/2026,12:47:28 PM,PRESTAMO,SEGUNDA PARTE,ROTC,03/12/2026,CONFIRMADA,3362719,0,12/03/2022,12/03/2027,0.02,BANCO CENTRAL DE LA REPUBLICA DOMINICANA,BCENTRAL,59563
DO1002224124,NO120327,BCENTRAL/8 BOEST 20270312 GTIA,1300000,DOP,130,7.1,99.646409,25/09/2026,12:47:28 PM,PRESTAMO,PRIMERA PARTE,ROTC,28/09/2026,CONFIRMADA,3362719,0,12/03/2022,12/03/2027,0.02,BANCO CENTRAL DE LA REPUBLICA DOMINICANA,BCENTRAL,59717
DO1002261928,LE090427,BCENTRAL/ LT 20270409 GTIA,14360000,DOP,1436,37.1416,95.752089,25/09/2026,12:47:27 PM,PLAZO,PRIMERA PARTE,ROTC,25/02/2027,CONFIRMADA,3362687,0,09/04/2026,09/04/2027,0,BANCO CENTRAL DE LA REPUBLICA DOMINICANA,BCENTRAL,58450
DO1002261928,LE090427,BCENTRAL/ LT 20270409 GTIA,14360000,DOP,1436,29.1638,96.633806,25/09/2026,12:47:26 PM,PLAZO,PRIMERA PARTE,ROTC,25/02/2027,CONFIRMADA,3362686,0,09/04/2026,09/04/2027,0,BANCO CENTRAL DE LA REPUBLICA DOMINICANA,BCENTRAL,58464
DO1005204412,MH12029,HACIENDA/11.375 BOEST 20290706 GTIA,3900000,DOP,39,8.55422108,106.71844,10/08/2026,12:47:26 PM,ESTRUCTURADA,SEGUNDA PARTE,ROTC,25/09/2026,MODIFICADA,3272075,0,06/07/2014,06/07/2029,9,MINISTERIO DE HACIENDA,HACIENDA,64932
DO1002261928,LE090427,BCENTRAL/ LT 20270409 GTIA,14360000,DOP,1436,29.1638,96.633806,25/09/2026,12:47:25 PM,PRESTAMO,SEGUNDA PARTE,ROTC,25/02/2027,CONFIRMADA,3362685,0,09/04/2026,09/04/2027,0.912431,BANCO CENTRAL DE LA REPUBLICA DOMINICANA,BCENTRAL,59997
DO1002261928,LE090427,BCENTRAL/ LT 20270409 GTIA,14360000,DOP,1436,20.7414,95.752089,25/09/2026,12:47:25 PM,PRESTAMO,PRIMERA PARTE,ROTC,22/01/2027,CONFIRMADA,3362685,0,09/04/2026,09/04/2027,0.912431,BANCO CENTRAL DE LA REPUBLICA DOMINICANA,BCENTRAL,59983
DO1002261928,LE090427,BCENTRAL/ LT 20270409 GTIA,14360000,DOP,1436,20.7414,95.752089,25/09/2026,12:47:23 PM,PLAZO,PRIMERA PARTE,ROTC,22/01/2027,CONFIRMADA,3362684,0,09/04/2026,09/04/2027,0,BANCO CENTRAL DE LA REPUBLICA DOMINICANA,BCENTRAL,58366
DO1002261928,LE090427,BCENTRAL/ LT 20270409 GTIA,14360000,DOP,1436,16.9363,96.504142,25/09/2026,12:47:22 PM,PLAZO,PRIMERA PARTE,ROTC,22/01/2027,CONFIRMADA,3362683,0,09/04/2026,09/04/2027,0,BANCO CENTRAL DE LA REPUBLICA DOMINICANA,BCENTRAL,58331
DO1002261928,LE090427,BCENTRAL/ LT 20270409 GTIA,14360000,DOP,1436,16.9363,96.504142,25/09/2026,12:47:21 PM,PRESTAMO,SEGUNDA PARTE,ROTC,22/01/2027,CONFIRMADA,3362682,0,09/04/2026,09/04/2027,0.779296,BANCO CENTRAL DE LA REPUBLICA DOMINICANA,BCENTRAL,59864
DO1002261928,LE090427,BCENTRAL/ LT 20270409 GTIA,14360000,DOP,1436,15.0669,95.752089,25/09/2026,12:47:21 PM,PRESTAMO,PRIMERA PARTE,ROTC,24/12/2026,CONFIRMADA,3362682,0,09/04/2026,09/04/2027,0.779296,BANCO CENTRAL DE LA REPUBLICA DOMINICANA,BCENTRAL,60039
DO1002224124,NO120327,BCENTRAL/8 BOEST 20270312 GTIA,1300000,DOP,130,9.861022,99.485845,25/09/2026,12:47:21 PM,PLAZO,PRIMERA PARTE,ROTC,03/12/2026,CONFIRMADA,3362718,0,12/03/2022,12/03/2027,0,BANCO CENTRAL DE LA REPUBLICA DOMINICANA,BCENTRAL,59829
DO1002261928,LE090427,BCENTRAL/ LT 20270409 GTIA,14360000,DOP,1436,15.0669,95.752089,25/09/2026,12:47:20 PM,PLAZO,PRIMERA PARTE,ROTC,24/12/2026,CONFIRMADA,3362681,0,09/04/2026,09/04/2027,0,BANCO CENTRAL DE LA REPUBLICA DOMINICANA,BCENTRAL,58429
DO1002261928,LE090427,BCENTRAL/ LT 20270409 GTIA,14360000,DOP,1436,12.3028,96.504142,25/09/2026,12:47:19 PM,PLAZO,PRIMERA PARTE,ROTC,24/12/2026,CONFIRMADA,3362680,0,09/04/2026,09/04/2027,0,BANCO CENTRAL DE LA REPUBLICA DOMINICANA,BCENTRAL,58310
DO1002261928,LE090427,BCENTRAL/ LT 20270409 GTIA,14360000,DOP,1436,12.3028,96.504142,25/09/2026,12:47:18 PM,PRESTAMO,SEGUNDA PARTE,ROTC,24/12/2026,CONFIRMADA,3362679,0,09/04/2026,09/04/2027,0.779296,BANCO CENTRAL DE LA REPUBLICA DOMINICANA,BCENTRAL,59843
DO1002261928,LE090427,BCENTRAL/ LT 20270409 GTIA,14360000,DOP,1436,11.8303,95.752089,25/09/2026,12:47:18 PM,PRESTAMO,PRIMERA PARTE,ROTC,25/11/2026,CONFIRMADA,3362679,0,09/04/2026,09/04/2027,0.779296,BANCO CENTRAL DE LA REPUBLICA DOMINICANA,BCENTRAL,60004
DO1002261928,LE090427,BCENTRAL/ LT 20270409 GTIA,14360000,DOP,1436,11.8303,95.752089,25/09/2026,12:47:16 PM,PLAZO,PRIMERA PARTE,ROTC,25/11/2026,CONFIRMADA,3362678,0,09/04/2026,09/04/2027,0,BANCO CENTRAL DE LA REPUBLICA DOMINICANA,BCENTRAL,58387
DO1002261928,LE090427,BCENTRAL/ LT 20270409 GTIA,14360000,DOP,1436,9.3633,96.607873,25/09/2026,12:47:15 PM,PLAZO,PRIMERA PARTE,ROTC,25/11/2026,CONFIRMADA,3362677,0,09/04/2026,09/04/2027,0,BANCO CENTRAL DE LA REPUBLICA DOMINICANA,BCENTRAL,58107
DO1002261928,LE090427,BCENTRAL/ LT 20270409 GTIA,14360000,DOP,1436,9.3633,96.607873,25/09/2026,12:47:14 PM,PRESTAMO,SEGUNDA PARTE,ROTC,25/11/2026,CONFIRMADA,3362676,0,09/04/2026,09/04/2027,0.885833,BANCO CENTRAL DE LA REPUBLICA DOMINICANA,BCENTRAL,59640
DO1002261928,LE090427,BCENTRAL/ LT 20270409 GTIA,14360000,DOP,1436,9.5065,95.752089,25/09/2026,12:47:14 PM,PRESTAMO,PRIMERA PARTE,ROTC,23/10/2026,CONFIRMADA,3362676,0,09/04/2026,09/04/2027,0.885833,BANCO CENTRAL DE LA REPUBLICA DOMINICANA,BCENTRAL,59682
DO1002261928,LE090427,BCENTRAL/ LT 20270409 GTIA,14360000,DOP,1436,9.5065,95.752089,25/09/2026,12:47:13 PM,PLAZO,PRIMERA PARTE,ROTC,23/10/2026,CONFIRMADA,3362675,0,09/04/2026,09/04/2027,0,BANCO CENTRAL DE LA REPUBLICA DOMINICANA,BCENTRAL,58072
DO1002261928,LE090427,BCENTRAL/ LT 20270409 GTIA,14360000,DOP,1436,7.8222,96.478209,25/09/2026,12:47:12 PM,PLAZO,PRIMERA PARTE,ROTC,23/10/2026,CONFIRMADA,3362665,0,09/04/2026,09/04/2027,0,BANCO CENTRAL DE LA REPUBLICA DOMINICANA,BCENTRAL,58037
DO1002261928,LE090427,BCENTRAL/ LT 20270409 GTIA,14360000,DOP,1436,7.8222,96.478209,25/09/2026,12:47:11 PM,PRESTAMO,SEGUNDA PARTE,ROTC,23/10/2026,CONFIRMADA,3362664,0,09/04/2026,09/04/2027,0.752626,BANCO CENTRAL DE LA REPUBLICA DOMINICANA,BCENTRAL,59570
DO1002261928,LE090427,BCENTRAL/ LT 20270409 GTIA,14360000,DOP,1436,8.1484,95.752089,25/09/2026,12:47:11 PM,PRESTAMO,PRIMERA PARTE,ROTC,25/09/2026,CONFIRMADA,3362664,0,09/04/2026,09/04/2027,0.752626,BANCO CENTRAL DE LA REPUBLICA DOMINICANA,BCENTRAL,59731
DO1002224124,NO120327,BCENTRAL/8 BOEST 20270312 GTIA,1300000,DOP,130,8.792576,99.646409,25/09/2026,12:47:10 PM,CONTADO,PRIMERA PARTE,ROTC,28/09/2026,CONFIRMADA,3362714,0,12/03/2022,12/03/2027,0,BANCO CENTRAL DE LA REPUBLICA DOMINICANA,BCENTRAL,60893
DO1002261928,LE090427,BCENTRAL/ LT 20270409 GTIA,14360000,DOP,1436,8.1484,95.752089,25/09/2026,12:47:09 PM,CONTADO,PRIMERA PARTE,ROTC,25/09/2026,CONFIRMADA,3362663,0,09/04/2026,09/04/2027,0,BANCO CENTRAL DE LA REPUBLICA DOMINICANA,BCENTRAL,59087
USP3579ECG00,BSRD2060,DOMINICAN REP/5.875 BD 20600130 U,17000,USD,17,4.8716,116.352471,25/09/2026,12:46:40 PM,PRESTAMO,SEGUNDA PARTE,ROTC,24/03/2027,CONFIRMADA,3362552,0,30/01/2020,30/01/2060,3.013923,MINISTERIO DE HACIENDA,HACIENDA,61698
USP3579ECG00,BSRD2060,DOMINICAN REP/5.875 BD 20600130 U,17000,USD,17,5.0236,113.700372,25/09/2026,12:46:40 PM,PRESTAMO,PRIMERA PARTE,ROTC,25/09/2026,CONFIRMADA,3362552,0,30/01/2020,30/01/2060,3.013923,MINISTERIO DE HACIENDA,HACIENDA,61691
DO1002261423,NO301129,BCENTRAL/9.5 BOEST 20291130 GTIA,450000,DOP,45,8.8077101,101.803553,17/08/2026,12:46:28 PM,ESTRUCTURADA,SEGUNDA PARTE,ROTC,25/09/2026,MODIFICADA,3286722,0,30/11/2025,30/11/2029,9.05,BANCO CENTRAL DE LA REPUBLICA DOMINICANA,BCENTRAL,64099
USP3579ECG00,BSRD2060,DOMINICAN REP/5.875 BD 20600130 U,17000,USD,17,4.8716,116.352471,25/09/2026,12:46:26 PM,ESTRUCTURADA,SEGUNDA PARTE,ROTC,24/03/2027,CONFIRMADA,3362551,0,30/01/2020,30/01/2060,4.6,MINISTERIO DE HACIENDA,HACIENDA,63826
USP3579ECG00,BSRD2060,DOMINICAN REP/5.875 BD 20600130 U,17000,USD,17,5.0236,113.700372,25/09/2026,12:46:26 PM,ESTRUCTURADA,PRIMERA PARTE,ROTC,25/09/2026,CONFIRMADA,3362551,0,30/01/2020,30/01/2060,4.6,MINISTERIO DE HACIENDA,HACIENDA,63819
USP3579ECZ80,BSRD2035, ,3000,USD,3,5.1657,105.014333,25/09/2026,12:46:01 PM,ESTRUCTURADA,SEGUNDA PARTE,ROTC,25/11/2026,CONFIRMADA,3362575,0,28/10/2025,28/10/2035,4.5,MINISTERIO DE HACIENDA,HACIENDA,49777
USP3579ECZ80,BSRD2035, ,3000,USD,3,5.5545,102.258,25/09/2026,12:46:01 PM,ESTRUCTURADA,PRIMERA PARTE,ROTC,25/09/2026,CONFIRMADA,3362575,0,28/10/2025,28/10/2035,4.5,MINISTERIO DE HACIENDA,HACIENDA,48867
USP3579ECZ80,BSRD2035, ,4000,USD,4,7.0665,92.20475,25/09/2026,12:46:00 PM,ESTRUCTURADA,SEGUNDA PARTE,ROTC,25/11/2026,CONFIRMADA,3362573,0,28/10/2025,28/10/2035,4.5,MINISTERIO DE HACIENDA,HACIENDA,49175
USP3579ECZ80,BSRD2035, ,4000,USD,4,7.4792,89.5455,25/09/2026,12:46:00 PM,ESTRUCTURADA,PRIMERA PARTE,ROTC,25/09/2026,CONFIRMADA,3362573,0,28/10/2025,28/10/2035,4.5,MINISTERIO DE HACIENDA,HACIENDA,49035
USP3579ECZ80,BSRD2035, ,24000,USD,24,4.8574,106.745542,25/09/2026,12:45:59 PM,ESTRUCTURADA,SEGUNDA PARTE,ROTC,20/09/2027,CONFIRMADA,3362570,0,28/10/2025,28/10/2035,4.7004,MINISTERIO DE HACIENDA,HACIENDA,50722
USP3579ECZ80,BSRD2035, ,24000,USD,24,5.6231,101.767708,25/09/2026,12:45:59 PM,ESTRUCTURADA,PRIMERA PARTE,ROTC,25/09/2026,CONFIRMADA,3362570,0,28/10/2025,28/10/2035,4.7004,MINISTERIO DE HACIENDA,HACIENDA,50757
DO1005208025,COV2040,HACIENDA/10.875 BOEST 20400228 GTIA,1700000,DOP,17,5.2536,152.715381,25/09/2026,12:45:57 PM,ESTRUCTURADA,SEGUNDA PARTE,ROTC,26/01/2027,CONFIRMADA,3362568,0,28/02/2020,28/02/2040,9.2033,MINISTERIO DE HACIENDA,HACIENDA,64127
DO1005208025,COV2040,HACIENDA/10.875 BOEST 20400228 GTIA,1700000,DOP,17,5.4187,151.587272,25/09/2026,12:45:57 PM,ESTRUCTURADA,PRIMERA PARTE,ROTC,25/09/2026,CONFIRMADA,3362568,0,28/02/2020,28/02/2040,9.2033,MINISTERIO DE HACIENDA,HACIENDA,64295
DO1005208025,COV2040,HACIENDA/10.875 BOEST 20400228 GTIA,200000,DOP,2,6.6051,137.015225,25/09/2026,12:45:56 PM,ESTRUCTURADA,SEGUNDA PARTE,ROTC,26/01/2027,CONFIRMADA,3362068,0,28/02/2020,28/02/2040,9.2033,MINISTERIO DE HACIENDA,HACIENDA,63294
DO1005208025,COV2040,HACIENDA/10.875 BOEST 20400228 GTIA,200000,DOP,2,6.7216,136.365755,25/09/2026,12:45:56 PM,ESTRUCTURADA,PRIMERA PARTE,ROTC,25/09/2026,CONFIRMADA,3362068,0,28/02/2020,28/02/2040,9.2033,MINISTERIO DE HACIENDA,HACIENDA,63532
DO1005208025,COV2040,HACIENDA/10.875 BOEST 20400228 GTIA,100000,DOP,1,11.056,98.72598,25/09/2026,12:45:55 PM,ESTRUCTURADA,SEGUNDA PARTE,ROTC,24/12/2026,CONFIRMADA,3362066,0,28/02/2020,28/02/2040,8.9669,MINISTERIO DE HACIENDA,HACIENDA,62713
DO1005208025,COV2040,HACIENDA/10.875 BOEST 20400228 GTIA,100000,DOP,1,10.9958,99.16575,25/09/2026,12:45:55 PM,ESTRUCTURADA,PRIMERA PARTE,ROTC,25/09/2026,CONFIRMADA,3362066,0,28/02/2020,28/02/2040,8.9669,MINISTERIO DE HACIENDA,HACIENDA,63252
USP3579ECZ80,BSRD2035, ,68000,USD,68,5.8141,100.421912,25/09/2026,12:45:54 PM,ESTRUCTURADA,SEGUNDA PARTE,ROTC,26/10/2026,CONFIRMADA,3362064,0,28/10/2025,28/10/2035,4.35,MINISTERIO DE HACIENDA,HACIENDA,50617
USP3579ECZ80,BSRD2035, ,68000,USD,68,5.7965,100.542221,25/09/2026,12:45:54 PM,ESTRUCTURADA,PRIMERA PARTE,ROTC,25/09/2026,CONFIRMADA,3362064,0,28/10/2025,28/10/2035,4.35,MINISTERIO DE HACIENDA,HACIENDA,50799
DO1005208025,COV2040,HACIENDA/10.875 BOEST 20400228 GTIA,300000,DOP,3,4.1483,167.40846,25/09/2026,12:45:52 PM,ESTRUCTURADA,SEGUNDA PARTE,ROTC,26/01/2027,CONFIRMADA,3362061,0,28/02/2020,28/02/2040,9.2033,MINISTERIO DE HACIENDA,HACIENDA,63028
DO1005208025,COV2040,HACIENDA/10.875 BOEST 20400228 GTIA,300000,DOP,3,4.3506,165.83242,25/09/2026,12:45:52 PM,ESTRUCTURADA,PRIMERA PARTE,ROTC,25/09/2026,CONFIRMADA,3362061,0,28/02/2020,28/02/2040,9.2033,MINISTERIO DE HACIENDA,HACIENDA,63084
DO1005208025,COV2040,HACIENDA/10.875 BOEST 20400228 GTIA,100000,DOP,1,10.3176,103.95308,25/09/2026,12:45:51 PM,ESTRUCTURADA,SEGUNDA PARTE,ROTC,24/11/2026,CONFIRMADA,3362058,0,28/02/2020,28/02/2040,9,MINISTERIO DE HACIENDA,HACIENDA,63252
DO1005208025,COV2040,HACIENDA/10.875 BOEST 20400228 GTIA,100000,DOP,1,10.2962,104.16575,25/09/2026,12:45:51 PM,ESTRUCTURADA,PRIMERA PARTE,ROTC,25/09/2026,CONFIRMADA,3362058,0,28/02/2020,28/02/2040,9,MINISTERIO DE HACIENDA,HACIENDA,63385
DO1002228125,NO090229,BCENTRAL/10 BOEST 20290209 GTIA,50000,DOP,5,9.4487,101.01854,25/09/2026,12:45:50 PM,ESTRUCTURADA,SEGUNDA PARTE,ROTC,24/12/2026,CONFIRMADA,3362059,0,09/02/2024,09/02/2029,9.17,BANCO CENTRAL DE LA REPUBLICA DOMINICANA,BCENTRAL,61712
DO1002228125,NO090229,BCENTRAL/10 BOEST 20290209 GTIA,50000,DOP,5,9.453,101.1168,25/09/2026,12:45:50 PM,ESTRUCTURADA,PRIMERA PARTE,ROTC,25/09/2026,CONFIRMADA,3362059,0,09/02/2024,09/02/2029,9.17,BANCO CENTRAL DE LA REPUBLICA DOMINICANA,BCENTRAL,61061
USP3579EBY25,BSRD2048,DOMINICAN REP/6.5 CHURCH BD UNSEC,500000,USD,500,7.18,92.614073,25/09/2026,12:45:26 PM,CONTADO,PRIMERA PARTE,ROTC,25/09/2026,CONFIRMADA,3362475,0,08/02/2018,15/02/2048,0,MINISTERIO DE HACIENDA,HACIENDA,62559
USP3579EBY25,BSRD2048,DOMINICAN REP/6.5 CHURCH BD UNSEC,2171000,USD,2171,7.3,91.395601,25/09/2026,12:45:17 PM,CONTADO,PRIMERA PARTE,ROTC,25/09/2026,CONFIRMADA,3362515,0,08/02/2018,15/02/2048,0,MINISTERIO DE HACIENDA,HACIENDA,62951
USP3579EBY25,BSRD2048,DOMINICAN REP/6.5 CHURCH BD UNSEC,1000000,USD,1000,6.23000001,103.158477,25/09/2026,12:45:15 PM,CONTADO,PRIMERA PARTE,ROTC,25/09/2026,CONFIRMADA,3361918,0,08/02/2018,15/02/2048,0,MINISTERIO DE HACIENDA,HACIENDA,65513
USP3579ECE51,BSRD2049,"DOMINICAN, REP /6.4 BD 20490605",1684000,USD,1684,7.299862,90.081388,25/09/2026,12:44:42 PM,CONTADO,PRIMERA PARTE,ROTC,25/09/2026,CONFIRMADA,3362535,0,05/06/2019,05/06/2049,0,MINISTERIO DE HACIENDA,HACIENDA,62223
DO2018100324,BC1AES03,AESTRELLA/11.25 BO 20301130,400748,DOP,400748,10.8786,101.145051,25/09/2026,12:44:03 PM,ESTRUCTURADA,SEGUNDA PARTE,ROTC,27/01/2027,CONFIRMADA,3362623,0,30/11/2020,30/11/2030,8.75,ACERO ESTRELLA S A,AESTRELLA,62419
DO2018100324,BC1AES03,AESTRELLA/11.25 BO 20301130,400748,DOP,400748,11.5223,99.098149,25/09/2026,12:44:03 PM,ESTRUCTURADA,PRIMERA PARTE,ROTC,28/09/2026,CONFIRMADA,3362623,0,30/11/2020,30/11/2030,8.75,ACERO ESTRELLA S A,AESTRELLA,62307
DO2018100324,BC1AES03,AESTRELLA/11.25 BO 20301130,400748,DOP,400748,10.8786,101.145051,25/09/2026,12:44:02 PM,PRESTAMO,SEGUNDA PARTE,ROTC,27/01/2027,CONFIRMADA,3362624,0,30/11/2020,30/11/2030,3.725321,ACERO ESTRELLA S A,AESTRELLA,60312
DO2018100324,BC1AES03,AESTRELLA/11.25 BO 20301130,400748,DOP,400748,11.5223,99.098149,25/09/2026,12:44:02 PM,PRESTAMO,PRIMERA PARTE,ROTC,28/09/2026,CONFIRMADA,3362624,0,30/11/2020,30/11/2030,3.725321,ACERO ESTRELLA S A,AESTRELLA,60200
DO1002226525,NO180228,BCENTRAL/15 BOEST 20280218 GTIA,1460000,DOP,146,8.9,107.777739,25/09/2026,12:41:20 PM,CONTADO,PRIMERA PARTE,ROTC,28/09/2026,CONFIRMADA,3362561,0,18/02/2023,18/02/2028,0,BANCO CENTRAL DE LA REPUBLICA DOMINICANA,BCENTRAL,59885
USP3579ECV76,BSDR2036, ,3850000,DOP,77,9.1289,110.19387,25/09/2026,12:40:16 PM,ESTRUCTURADA,SEGUNDA PARTE,ROTC,30/10/2026,CONFIRMADA,3362638,0,01/07/2024,01/06/2036,8.45,MINISTERIO DE HACIENDA,HACIENDA,50974
USP3579ECV76,BSDR2036, ,3850000,DOP,77,9.1206,110.304858,25/09/2026,12:40:16 PM,ESTRUCTURADA,PRIMERA PARTE,ROTC,25/09/2026,CONFIRMADA,3362638,0,01/07/2024,01/06/2036,8.45,MINISTERIO DE HACIENDA,HACIENDA,51380
USP3579ECV76,BSDR2036, ,3850000,DOP,77,0,0,25/09/2026,12:40:15 PM,PRESTAMO,SEGUNDA PARTE,ROTC,30/05/2036,CONFIRMADA,3362639,0,01/07/2024,01/06/2036,0,MINISTERIO DE HACIENDA,HACIENDA,44149
USP3579ECV76,BSDR2036, ,3850000,DOP,77,9.1206,110.304858,25/09/2026,12:40:15 PM,PRESTAMO,PRIMERA PARTE,ROTC,25/09/2026,CONFIRMADA,3362639,0,01/07/2024,01/06/2036,0,MINISTERIO DE HACIENDA,HACIENDA,49273
DO1002261423,NO301129,BCENTRAL/9.5 BOEST 20291130 GTIA,60000,DOP,6,10.1224,98.374193,25/09/2026,12:40:14 PM,ESTRUCTURADA,SEGUNDA PARTE,ROTC,02/11/2026,CONFIRMADA,3362640,0,30/11/2025,30/11/2029,8.45,BANCO CENTRAL DE LA REPUBLICA DOMINICANA,BCENTRAL,62321
DO1002261423,NO301129,BCENTRAL/9.5 BOEST 20291130 GTIA,60000,DOP,6,10.0718,98.449871,25/09/2026,12:40:14 PM,ESTRUCTURADA,PRIMERA PARTE,ROTC,25/09/2026,CONFIRMADA,3362640,0,30/11/2025,30/11/2029,8.45,BANCO CENTRAL DE LA REPUBLICA DOMINICANA,BCENTRAL,62559
DO1002261423,NO301129,BCENTRAL/9.5 BOEST 20291130 GTIA,60000,DOP,6,0,0,25/09/2026,12:40:13 PM,PRESTAMO,SEGUNDA PARTE,ROTC,29/11/2029,CONFIRMADA,3362641,0,30/11/2025,30/11/2029,0,BANCO CENTRAL DE LA REPUBLICA DOMINICANA,BCENTRAL,55244
DO1002261423,NO301129,BCENTRAL/9.5 BOEST 20291130 GTIA,60000,DOP,6,10.0718,98.449871,25/09/2026,12:40:13 PM,PRESTAMO,PRIMERA PARTE,ROTC,25/09/2026,CONFIRMADA,3362641,0,30/11/2025,30/11/2029,0,BANCO CENTRAL DE LA REPUBLICA DOMINICANA,BCENTRAL,60452
DO1002262124,LE110627,BCENTRAL/ LT 20270611 GTIA,450000,DOP,45,6.7624,97.993587,25/09/2026,12:40:11 PM,ESTRUCTURADA,SEGUNDA PARTE,ROTC,22/02/2027,CONFIRMADA,3362642,0,03/09/2026,11/06/2027,9.3,BANCO CENTRAL DE LA REPUBLICA DOMINICANA,BCENTRAL,60179
DO1002262124,LE110627,BCENTRAL/ LT 20270611 GTIA,450000,DOP,45,8.3423,94.337989,25/09/2026,12:40:11 PM,ESTRUCTURADA,PRIMERA PARTE,ROTC,25/09/2026,CONFIRMADA,3362642,0,03/09/2026,11/06/2027,9.3,BANCO CENTRAL DE LA REPUBLICA DOMINICANA,BCENTRAL,60235
DO1002262124,LE110627,BCENTRAL/ LT 20270611 GTIA,320000,DOP,32,8.1952,97.018444,25/09/2026,12:40:10 PM,ESTRUCTURADA,SEGUNDA PARTE,ROTC,27/01/2027,CONFIRMADA,3362643,0,03/09/2026,11/06/2027,9.2,BANCO CENTRAL DE LA REPUBLICA DOMINICANA,BCENTRAL,60004
DO1002262124,LE110627,BCENTRAL/ LT 20270611 GTIA,320000,DOP,32,8.8116,94.038472,25/09/2026,12:40:10 PM,ESTRUCTURADA,PRIMERA PARTE,ROTC,25/09/2026,CONFIRMADA,3362643,0,03/09/2026,11/06/2027,9.2,BANCO CENTRAL DE LA REPUBLICA DOMINICANA,BCENTRAL,60095
DO1002262124,LE110627,BCENTRAL/ LT 20270611 GTIA,320000,DOP,32,0,0,25/09/2026,12:40:09 PM,PRESTAMO,SEGUNDA PARTE,ROTC,10/06/2027,CONFIRMADA,3362644,0,03/09/2026,11/06/2027,0,BANCO CENTRAL DE LA REPUBLICA DOMINICANA,BCENTRAL,53165
DO1002262124,LE110627,BCENTRAL/ LT 20270611 GTIA,320000,DOP,32,8.8116,94.038472,25/09/2026,12:40:09 PM,PRESTAMO,PRIMERA PARTE,ROTC,25/09/2026,CONFIRMADA,3362644,0,03/09/2026,11/06/2027,0,BANCO CENTRAL DE LA REPUBLICA DOMINICANA,BCENTRAL,58051
DO1002262223,LE030927,BCENTRAL/ LT 20270903 GTIA,1080000,DOP,108,7.6483,95.534722,25/09/2026,12:40:08 PM,ESTRUCTURADA,SEGUNDA PARTE,ROTC,26/01/2027,CONFIRMADA,3362645,0,03/09/2026,03/09/2027,9.3,BANCO CENTRAL DE LA REPUBLICA DOMINICANA,BCENTRAL,60851
DO1002262223,LE030927,BCENTRAL/ LT 20270903 GTIA,1080000,DOP,108,8.3965,92.592593,25/09/2026,12:40:08 PM,ESTRUCTURADA,PRIMERA PARTE,ROTC,25/09/2026,CONFIRMADA,3362645,0,03/09/2026,03/09/2027,9.3,BANCO CENTRAL DE LA REPUBLICA DOMINICANA,BCENTRAL,61026
DO1002262223,LE030927,BCENTRAL/ LT 20270903 GTIA,1080000,DOP,108,0,0,25/09/2026,12:40:06 PM,PRESTAMO,SEGUNDA PARTE,ROTC,02/09/2027,CONFIRMADA,3362646,0,03/09/2026,03/09/2027,0,BANCO CENTRAL DE LA REPUBLICA DOMINICANA,BCENTRAL,53956
DO1002262223,LE030927,BCENTRAL/ LT 20270903 GTIA,1080000,DOP,108,8.3965,92.592593,25/09/2026,12:40:06 PM,PRESTAMO,PRIMERA PARTE,ROTC,25/09/2026,CONFIRMADA,3362646,0,03/09/2026,03/09/2027,0,BANCO CENTRAL DE LA REPUBLICA DOMINICANA,BCENTRAL,58912
DO1005211227,MH32029,HACIENDA/12.75 BOEST 20290923 GTIA,800000,DOP,8,8.3228,110.6695,25/09/2026,12:40:05 PM,ESTRUCTURADA,SEGUNDA PARTE,ROTC,23/12/2026,CONFIRMADA,3362647,0,23/09/2022,23/09/2029,9.1,MINISTERIO DE HACIENDA,HACIENDA,62160
DO1005211227,MH32029,HACIENDA/12.75 BOEST 20290923 GTIA,800000,DOP,8,8.4108,111.273488,25/09/2026,12:40:05 PM,ESTRUCTURADA,PRIMERA PARTE,ROTC,25/09/2026,CONFIRMADA,3362647,0,23/09/2022,23/09/2029,9.1,MINISTERIO DE HACIENDA,HACIENDA,62986
DO1005211227,MH32029,HACIENDA/12.75 BOEST 20290923 GTIA,800000,DOP,8,0,0,25/09/2026,12:40:04 PM,PRESTAMO,SEGUNDA PARTE,ROTC,21/09/2029,CONFIRMADA,3362648,0,23/09/2022,23/09/2029,0,MINISTERIO DE HACIENDA,HACIENDA,55741
DO1005211227,MH32029,HACIENDA/12.75 BOEST 20290923 GTIA,800000,DOP,8,8.4108,111.273488,25/09/2026,12:40:04 PM,PRESTAMO,PRIMERA PARTE,ROTC,25/09/2026,CONFIRMADA,3362648,0,23/09/2022,23/09/2029,0,MINISTERIO DE HACIENDA,HACIENDA,60879
DO1005210922,MH22034,HACIENDA/13 BOEST 20340610 GTIA,400000,DOP,4,9.0839,120.877683,25/09/2026,12:40:03 PM,ESTRUCTURADA,SEGUNDA PARTE,ROTC,23/12/2026,CONFIRMADA,3362649,0,10/06/2022,10/06/2034,9.25,MINISTERIO DE HACIENDA,HACIENDA,61726
DO1005210922,MH22034,HACIENDA/13 BOEST 20340610 GTIA,400000,DOP,4,9.1071,121.189041,25/09/2026,12:40:03 PM,ESTRUCTURADA,PRIMERA PARTE,ROTC,25/09/2026,CONFIRMADA,3362649,0,10/06/2022,10/06/2034,9.25,MINISTERIO DE HACIENDA,HACIENDA,61663
DO1005210922,MH22034,HACIENDA/13 BOEST 20340610 GTIA,400000,DOP,4,0,0,25/09/2026,12:40:02 PM,PRESTAMO,SEGUNDA PARTE,ROTC,09/06/2034,CONFIRMADA,3362650,0,10/06/2022,10/06/2034,0,MINISTERIO DE HACIENDA,HACIENDA,54488
DO1005210922,MH22034,HACIENDA/13 BOEST 20340610 GTIA,400000,DOP,4,9.1071,121.189041,25/09/2026,12:40:02 PM,PRESTAMO,PRIMERA PARTE,ROTC,25/09/2026,CONFIRMADA,3362650,0,10/06/2022,10/06/2034,0,MINISTERIO DE HACIENDA,HACIENDA,59556
DO1002262223,LE030927,BCENTRAL/ LT 20270903 GTIA,490000,DOP,49,9.1387,94.054847,25/09/2026,12:40:01 PM,ESTRUCTURADA,SEGUNDA PARTE,ROTC,28/12/2026,CONFIRMADA,3362651,0,03/09/2026,03/09/2027,9.25,BANCO CENTRAL DE LA REPUBLICA DOMINICANA,BCENTRAL,60235
DO1002262223,LE030927,BCENTRAL/ LT 20270903 GTIA,490000,DOP,49,9.3294,91.836735,25/09/2026,12:40:01 PM,ESTRUCTURADA,PRIMERA PARTE,ROTC,25/09/2026,CONFIRMADA,3362651,0,03/09/2026,03/09/2027,9.25,BANCO CENTRAL DE LA REPUBLICA DOMINICANA,BCENTRAL,60319
DO1002262223,LE030927,BCENTRAL/ LT 20270903 GTIA,490000,DOP,49,0,0,25/09/2026,12:40:00 PM,PRESTAMO,SEGUNDA PARTE,ROTC,02/09/2027,CONFIRMADA,3362652,0,03/09/2026,03/09/2027,0,BANCO CENTRAL DE LA REPUBLICA DOMINICANA,BCENTRAL,53298
DO1002262223,LE030927,BCENTRAL/ LT 20270903 GTIA,490000,DOP,49,9.3294,91.836735,25/09/2026,12:40:00 PM,PRESTAMO,PRIMERA PARTE,ROTC,25/09/2026,CONFIRMADA,3362652,0,03/09/2026,03/09/2027,0,BANCO CENTRAL DE LA REPUBLICA DOMINICANA,BCENTRAL,58212
DO1002226525,NO180228,BCENTRAL/15 BOEST 20280218 GTIA,90000,DOP,9,7.1657,108.41431,25/09/2026,12:39:58 PM,ESTRUCTURADA,SEGUNDA PARTE,ROTC,28/12/2026,CONFIRMADA,3362653,0,18/02/2023,18/02/2028,9.25,BANCO CENTRAL DE LA REPUBLICA DOMINICANA,BCENTRAL,61880
DO1002226525,NO180228,BCENTRAL/15 BOEST 20280218 GTIA,90000,DOP,9,7.635,109.562198,25/09/2026,12:39:58 PM,ESTRUCTURADA,PRIMERA PARTE,ROTC,25/09/2026,CONFIRMADA,3362653,0,18/02/2023,18/02/2028,9.25,BANCO CENTRAL DE LA REPUBLICA DOMINICANA,BCENTRAL,62062
DO1002226525,NO180228,BCENTRAL/15 BOEST 20280218 GTIA,90000,DOP,9,0,0,25/09/2026,12:39:57 PM,PRESTAMO,SEGUNDA PARTE,ROTC,17/02/2028,CONFIRMADA,3362654,0,18/02/2023,18/02/2028,0,BANCO CENTRAL DE LA REPUBLICA DOMINICANA,BCENTRAL,55090
DO1002226525,NO180228,BCENTRAL/15 BOEST 20280218 GTIA,90000,DOP,9,7.635,109.562198,25/09/2026,12:39:57 PM,PRESTAMO,PRIMERA PARTE,ROTC,25/09/2026,CONFIRMADA,3362654,0,18/02/2023,18/02/2028,0,BANCO CENTRAL DE LA REPUBLICA DOMINICANA,BCENTRAL,59955
DO1002261928,LE090427,BCENTRAL/ LT 20270409 GTIA,1040000,DOP,104,7.3518,96.151423,25/09/2026,12:39:49 PM,CONTADO,PRIMERA PARTE,ROTC,25/09/2026,CONFIRMADA,3362632,0,09/04/2026,09/04/2027,0,BANCO CENTRAL DE LA REPUBLICA DOMINICANA,BCENTRAL,58219
DO1002261928,LE090427,BCENTRAL/ LT 20270409 GTIA,1040000,DOP,104,6.3971,96.950682,25/09/2026,12:39:47 PM,PRESTAMO,SEGUNDA PARTE,ROTC,14/10/2026,CONFIRMADA,3362633,0,09/04/2026,09/04/2027,0.824397,BANCO CENTRAL DE LA REPUBLICA DOMINICANA,BCENTRAL,58877
DO1002261928,LE090427,BCENTRAL/ LT 20270409 GTIA,1040000,DOP,104,7.3518,96.151423,25/09/2026,12:39:47 PM,PRESTAMO,PRIMERA PARTE,ROTC,25/09/2026,CONFIRMADA,3362633,0,09/04/2026,09/04/2027,0.824397,BANCO CENTRAL DE LA REPUBLICA DOMINICANA,BCENTRAL,58898
DO1002261928,LE090427,BCENTRAL/ LT 20270409 GTIA,1040000,DOP,104,6.3971,96.950682,25/09/2026,12:39:46 PM,PLAZO,PRIMERA PARTE,ROTC,14/10/2026,CONFIRMADA,3362634,0,09/04/2026,09/04/2027,0,BANCO CENTRAL DE LA REPUBLICA DOMINICANA,BCENTRAL,57330
USP3579EDB04,BSRD2038, ,200000,USD,200,6.25,99.158079,25/09/2026,12:39:14 PM,CONTADO,PRIMERA PARTE,ROTC,25/09/2026,CONFIRMADA,3362560,0,17/02/2026,17/05/2038,0,MINISTERIO DE HACIENDA,HACIENDA,47411
USP3579ECH82,BSRD2032,"DOMINICAN, REP /4.875 BD 20320923",92000,USD,92,4.8,92.83759,25/09/2026,12:37:58 PM,PRESTAMO,SEGUNDA PARTE,ROTC,15/03/2027,CONFIRMADA,3362637,0,23/09/2020,23/09/2032,0.02,MINISTERIO DE HACIENDA,HACIENDA,59955
USP3579ECH82,BSRD2032,"DOMINICAN, REP /4.875 BD 20320923",92000,USD,92,4.8,92.83759,25/09/2026,12:37:58 PM,PRESTAMO,PRIMERA PARTE,ROTC,25/09/2026,CONFIRMADA,3362637,0,23/09/2020,23/09/2032,0.02,MINISTERIO DE HACIENDA,HACIENDA,60060
USP3579ECH82,BSRD2032,"DOMINICAN, REP /4.875 BD 20320923",92000,USD,92,6.480492,92.643999,25/09/2026,12:37:52 PM,PLAZO,PRIMERA PARTE,ROTC,15/03/2027,CONFIRMADA,3362636,0,23/09/2020,23/09/2032,0,MINISTERIO DE HACIENDA,HACIENDA,60592
USP3579ECH82,BSRD2032,"DOMINICAN, REP /4.875 BD 20320923",92000,USD,92,6.329309,92.83759,25/09/2026,12:37:46 PM,CONTADO,PRIMERA PARTE,ROTC,25/09/2026,CONFIRMADA,3362635,0,23/09/2020,23/09/2032,0,MINISTERIO DE HACIENDA,HACIENDA,61166
DO1005208215,MHUS2029,HACIENDA/6.95 BOEST 20290626 GTIA,62000,USD,62,1.9799,112.792242,25/09/2026,12:37:41 PM,PRESTAMO,SEGUNDA PARTE,ROTC,30/10/2026,CONFIRMADA,3362534,0,26/06/2020,26/06/2029,1.920104,MINISTERIO DE HACIENDA,HACIENDA,61446
DO1005208215,MHUS2029,HACIENDA/6.95 BOEST 20290626 GTIA,62000,USD,62,2.0526,112.974435,25/09/2026,12:37:41 PM,PRESTAMO,PRIMERA PARTE,ROTC,30/09/2026,CONFIRMADA,3362534,0,26/06/2020,26/06/2029,1.920104,MINISTERIO DE HACIENDA,HACIENDA,61467
DO1005208215,MHUS2029,HACIENDA/6.95 BOEST 20290626 GTIA,62000,USD,62,1.9799,112.792242,25/09/2026,12:37:40 PM,ESTRUCTURADA,SEGUNDA PARTE,ROTC,30/10/2026,CONFIRMADA,3362533,0,26/06/2020,26/06/2029,4.15,MINISTERIO DE HACIENDA,HACIENDA,63539
DO1005208215,MHUS2029,HACIENDA/6.95 BOEST 20290626 GTIA,62000,USD,62,2.0526,112.974435,25/09/2026,12:37:40 PM,ESTRUCTURADA,PRIMERA PARTE,ROTC,30/09/2026,CONFIRMADA,3362533,0,26/06/2020,26/06/2029,4.15,MINISTERIO DE HACIENDA,HACIENDA,63560
DO1005208215,MHUS2029,HACIENDA/6.95 BOEST 20290626 GTIA,132000,USD,132,2.3908,111.659144,25/09/2026,12:37:39 PM,PRESTAMO,SEGUNDA PARTE,ROTC,30/10/2026,CONFIRMADA,3362532,0,26/06/2020,26/06/2029,1.956446,MINISTERIO DE HACIENDA,HACIENDA,62062
DO1005208215,MHUS2029,HACIENDA/6.95 BOEST 20290626 GTIA,132000,USD,132,2.4584,111.821644,25/09/2026,12:37:39 PM,PRESTAMO,PRIMERA PARTE,ROTC,30/09/2026,CONFIRMADA,3362532,0,26/06/2020,26/06/2029,1.956446,MINISTERIO DE HACIENDA,HACIENDA,62160
DO1005208215,MHUS2029,HACIENDA/6.95 BOEST 20290626 GTIA,132000,USD,132,2.3908,111.659144,25/09/2026,12:37:37 PM,ESTRUCTURADA,SEGUNDA PARTE,ROTC,30/10/2026,CONFIRMADA,3362531,0,26/06/2020,26/06/2029,4.4,MINISTERIO DE HACIENDA,HACIENDA,64148
DO1005208215,MHUS2029,HACIENDA/6.95 BOEST 20290626 GTIA,132000,USD,132,2.4584,111.821644,25/09/2026,12:37:37 PM,ESTRUCTURADA,PRIMERA PARTE,ROTC,30/09/2026,CONFIRMADA,3362531,0,26/06/2020,26/06/2029,4.4,MINISTERIO DE HACIENDA,HACIENDA,64246
DO1005208215,MHUS2029,HACIENDA/6.95 BOEST 20290626 GTIA,96000,USD,96,0.6259,115.109271,25/09/2026,12:37:36 PM,PRESTAMO,SEGUNDA PARTE,ROTC,28/01/2027,CONFIRMADA,3362530,0,26/06/2020,26/06/2029,3.110606,MINISTERIO DE HACIENDA,HACIENDA,61516
DO1005208215,MHUS2029,HACIENDA/6.95 BOEST 20290626 GTIA,96000,USD,96,2.3503,112.12724,25/09/2026,12:37:36 PM,PRESTAMO,PRIMERA PARTE,ROTC,30/09/2026,CONFIRMADA,3362530,0,26/06/2020,26/06/2029,3.110606,MINISTERIO DE HACIENDA,HACIENDA,61131
DO1005208215,MHUS2029,HACIENDA/6.95 BOEST 20290626 GTIA,96000,USD,96,0.6259,115.109271,25/09/2026,12:37:35 PM,ESTRUCTURADA,SEGUNDA PARTE,ROTC,28/01/2027,CONFIRMADA,3362529,0,26/06/2020,26/06/2029,4.7,MINISTERIO DE HACIENDA,HACIENDA,63609
DO1005208215,MHUS2029,HACIENDA/6.95 BOEST 20290626 GTIA,96000,USD,96,2.3503,112.12724,25/09/2026,12:37:35 PM,ESTRUCTURADA,PRIMERA PARTE,ROTC,30/09/2026,CONFIRMADA,3362529,0,26/06/2020,26/06/2029,4.7,MINISTERIO DE HACIENDA,HACIENDA,63224
DO1005213025,MH22031,HACIENDA/10.25 BOEST 20310209 GTIA,5200000,DOP,52,6.974,111.718501,25/09/2026,12:37:34 PM,PRESTAMO,SEGUNDA PARTE,ROTC,01/12/2026,CONFIRMADA,3362527,0,09/02/2024,09/02/2031,2.873099,MINISTERIO DE HACIENDA,HACIENDA,60893
DO1005213025,MH22031,HACIENDA/10.25 BOEST 20310209 GTIA,5200000,DOP,52,7.1072,111.618109,25/09/2026,12:37:34 PM,PRESTAMO,PRIMERA PARTE,ROTC,29/09/2026,CONFIRMADA,3362527,0,09/02/2024,09/02/2031,2.873099,MINISTERIO DE HACIENDA,HACIENDA,61362
DO1005213025,MH22031,HACIENDA/10.25 BOEST 20310209 GTIA,5200000,DOP,52,6.974,111.718501,25/09/2026,12:37:33 PM,ESTRUCTURADA,SEGUNDA PARTE,ROTC,01/12/2026,CONFIRMADA,3362526,0,09/02/2024,09/02/2031,9.45,MINISTERIO DE HACIENDA,HACIENDA,62986
DO1005213025,MH22031,HACIENDA/10.25 BOEST 20310209 GTIA,5200000,DOP,52,7.1072,111.618109,25/09/2026,12:37:33 PM,ESTRUCTURADA,PRIMERA PARTE,ROTC,29/09/2026,CONFIRMADA,3362526,0,09/02/2024,09/02/2031,9.45,MINISTERIO DE HACIENDA,HACIENDA,63455
DO1005213025,MH22031,HACIENDA/10.25 BOEST 20310209 GTIA,5600000,DOP,56,8.3254,106.693108,25/09/2026,12:37:31 PM,PRESTAMO,SEGUNDA PARTE,ROTC,27/11/2026,CONFIRMADA,3362525,0,09/02/2024,09/02/2031,2.829575,MINISTERIO DE HACIENDA,HACIENDA,61348
DO1005213025,MH22031,HACIENDA/10.25 BOEST 20310209 GTIA,5600000,DOP,56,8.3926,106.675781,25/09/2026,12:37:31 PM,PRESTAMO,PRIMERA PARTE,ROTC,28/09/2026,CONFIRMADA,3362525,0,09/02/2024,09/02/2031,2.829575,MINISTERIO DE HACIENDA,HACIENDA,61558
DO1005213025,MH22031,HACIENDA/10.25 BOEST 20310209 GTIA,5600000,DOP,56,8.3254,106.693108,25/09/2026,12:37:30 PM,ESTRUCTURADA,SEGUNDA PARTE,ROTC,27/11/2026,CONFIRMADA,3362524,0,09/02/2024,09/02/2031,9.45,MINISTERIO DE HACIENDA,HACIENDA,63441
DO1005213025,MH22031,HACIENDA/10.25 BOEST 20310209 GTIA,5600000,DOP,56,8.3926,106.675781,25/09/2026,12:37:30 PM,ESTRUCTURADA,PRIMERA PARTE,ROTC,28/09/2026,CONFIRMADA,3362524,0,09/02/2024,09/02/2031,9.45,MINISTERIO DE HACIENDA,HACIENDA,63651
DO1005213025,MH22031,HACIENDA/10.25 BOEST 20310209 GTIA,14600000,DOP,146,8.5617,105.838762,25/09/2026,12:37:29 PM,PRESTAMO,SEGUNDA PARTE,ROTC,27/11/2026,CONFIRMADA,3362523,0,09/02/2024,09/02/2031,2.839606,MINISTERIO DE HACIENDA,HACIENDA,62146
DO1005213025,MH22031,HACIENDA/10.25 BOEST 20310209 GTIA,14600000,DOP,146,8.6184,105.834682,25/09/2026,12:37:29 PM,PRESTAMO,PRIMERA PARTE,ROTC,28/09/2026,CONFIRMADA,3362523,0,09/02/2024,09/02/2031,2.839606,MINISTERIO DE HACIENDA,HACIENDA,62244
DO1005213025,MH22031,HACIENDA/10.25 BOEST 20310209 GTIA,14600000,DOP,146,8.5617,105.838762,25/09/2026,12:37:28 PM,ESTRUCTURADA,SEGUNDA PARTE,ROTC,27/11/2026,CONFIRMADA,3362522,0,09/02/2024,09/02/2031,9.45,MINISTERIO DE HACIENDA,HACIENDA,64239
DO1005213025,MH22031,HACIENDA/10.25 BOEST 20310209 GTIA,14600000,DOP,146,8.6184,105.834682,25/09/2026,12:37:28 PM,ESTRUCTURADA,PRIMERA PARTE,ROTC,28/09/2026,CONFIRMADA,3362522,0,09/02/2024,09/02/2031,9.45,MINISTERIO DE HACIENDA,HACIENDA,64337
DO1005208322,MHUS2040,HACIENDA/6.75 BOEST 20400724 GTIA,5720000,USD,5720,4.65037653,121.233872,25/09/2026,12:37:23 PM,CONTADO,PRIMERA PARTE,ROTC,25/09/2026,CONFIRMADA,3362189,0,24/07/2020,24/07/2040,0,MINISTERIO DE HACIENDA,HACIENDA,63567
DO2018100324,BC1AES03,AESTRELLA/11.25 BO 20301130,2752162,DOP,2752162,12.0533,97.670858,25/09/2026,12:36:32 PM,ESTRUCTURADA,SEGUNDA PARTE,ROTC,26/04/2027,CONFIRMADA,3362621,0,30/11/2020,30/11/2030,8.65,ACERO ESTRELLA S A,AESTRELLA,62930
DO2018100324,BC1AES03,AESTRELLA/11.25 BO 20301130,2752162,DOP,2752162,11.5224,99.098038,25/09/2026,12:36:32 PM,ESTRUCTURADA,PRIMERA PARTE,ROTC,28/09/2026,CONFIRMADA,3362621,0,30/11/2020,30/11/2030,8.65,ACERO ESTRELLA S A,AESTRELLA,63014
DO2018100324,BC1AES03,AESTRELLA/11.25 BO 20301130,2752162,DOP,2752162,12.0533,97.670858,25/09/2026,12:36:31 PM,PRESTAMO,SEGUNDA PARTE,ROTC,26/04/2027,CONFIRMADA,3362622,0,30/11/2020,30/11/2030,0.331567,ACERO ESTRELLA S A,AESTRELLA,60823
DO2018100324,BC1AES03,AESTRELLA/11.25 BO 20301130,2752162,DOP,2752162,11.5224,99.098038,25/09/2026,12:36:31 PM,PRESTAMO,PRIMERA PARTE,ROTC,28/09/2026,CONFIRMADA,3362622,0,30/11/2020,30/11/2030,0.331567,ACERO ESTRELLA S A,AESTRELLA,60907
USP3579ECF27,BSRD2030,DOMINICAN REP/4.5 BD 20300130 UNS,250000,USD,250,5.3,97.5693,25/09/2026,12:36:11 PM,CONTADO,PRIMERA PARTE,ROTC,25/09/2026,CONFIRMADA,3362528,0,30/01/2020,30/01/2030,0,MINISTERIO DE HACIENDA,HACIENDA,60025
DO1002262223,LE030927,BCENTRAL/ LT 20270903 GTIA,70000,DOP,7,8.056,95.307886,25/09/2026,12:35:24 PM,ESTRUCTURADA,SEGUNDA PARTE,ROTC,26/01/2027,CONFIRMADA,3362577,0,03/09/2026,03/09/2027,9.2,BANCO CENTRAL DE LA REPUBLICA DOMINICANA,BCENTRAL,59157
DO1002262223,LE030927,BCENTRAL/ LT 20270903 GTIA,70000,DOP,7,8.6287,92.403343,25/09/2026,12:35:24 PM,ESTRUCTURADA,PRIMERA PARTE,ROTC,25/09/2026,CONFIRMADA,3362577,0,03/09/2026,03/09/2027,9.2,BANCO CENTRAL DE LA REPUBLICA DOMINICANA,BCENTRAL,59556
DO1002262223,LE030927,BCENTRAL/ LT 20270903 GTIA,70000,DOP,7,0,0,25/09/2026,12:35:23 PM,PRESTAMO,SEGUNDA PARTE,ROTC,02/09/2027,CONFIRMADA,3362578,0,03/09/2026,03/09/2027,0,BANCO CENTRAL DE LA REPUBLICA DOMINICANA,BCENTRAL,52605
DO1002262223,LE030927,BCENTRAL/ LT 20270903 GTIA,70000,DOP,7,8.6287,92.403343,25/09/2026,12:35:23 PM,PRESTAMO,PRIMERA PARTE,ROTC,25/09/2026,CONFIRMADA,3362578,0,03/09/2026,03/09/2027,0,BANCO CENTRAL DE LA REPUBLICA DOMINICANA,BCENTRAL,57449
DO1002262124,LE110627,BCENTRAL/ LT 20270611 GTIA,450000,DOP,45,0,0,25/09/2026,12:35:22 PM,PRESTAMO,SEGUNDA PARTE,ROTC,10/06/2027,CONFIRMADA,3362579,0,03/09/2026,11/06/2027,0,BANCO CENTRAL DE LA REPUBLICA DOMINICANA,BCENTRAL,53214
DO1002262124,LE110627,BCENTRAL/ LT 20270611 GTIA,450000,DOP,45,8.3423,94.337989,25/09/2026,12:35:22 PM,PRESTAMO,PRIMERA PARTE,ROTC,25/09/2026,CONFIRMADA,3362579,0,03/09/2026,11/06/2027,0,BANCO CENTRAL DE LA REPUBLICA DOMINICANA,BCENTRAL,58177
USP3579EAY34,BSRD2044,DOMINICAN Rep/7.45 BD 20440430 GO,2000,USD,2,6.557,109.155028,25/09/2026,12:35:21 PM,ESTRUCTURADA,SEGUNDA PARTE,ROTC,29/12/2026,CONFIRMADA,3362580,0,30/04/2014,30/04/2044,4.65,MINISTERIO DE HACIENDA,HACIENDA,63413
USP3579EAY34,BSRD2044,DOMINICAN Rep/7.45 BD 20440430 GO,2000,USD,2,6.5132,109.717306,25/09/2026,12:35:21 PM,ESTRUCTURADA,PRIMERA PARTE,ROTC,25/09/2026,CONFIRMADA,3362580,0,30/04/2014,30/04/2044,4.65,MINISTERIO DE HACIENDA,HACIENDA,63805
USP3579EAY34,BSRD2044,DOMINICAN Rep/7.45 BD 20440430 GO,2000,USD,2,0,0,25/09/2026,12:35:20 PM,PRESTAMO,SEGUNDA PARTE,ROTC,29/04/2044,CONFIRMADA,3362581,0,30/04/2014,30/04/2044,0,MINISTERIO DE HACIENDA,HACIENDA,56595
USP3579EAY34,BSRD2044,DOMINICAN Rep/7.45 BD 20440430 GO,2000,USD,2,6.5132,109.717306,25/09/2026,12:35:20 PM,PRESTAMO,PRIMERA PARTE,ROTC,25/09/2026,CONFIRMADA,3362581,0,30/04/2014,30/04/2044,0,MINISTERIO DE HACIENDA,HACIENDA,61698
USP3579ECV76,BSDR2036, ,10550000,DOP,211,9.0655,110.438714,25/09/2026,12:35:19 PM,ESTRUCTURADA,SEGUNDA PARTE,ROTC,28/01/2027,CONFIRMADA,3362582,0,01/07/2024,01/06/2036,9.55,MINISTERIO DE HACIENDA,HACIENDA,51947
USP3579ECV76,BSDR2036, ,10550000,DOP,211,9.1154,110.339909,25/09/2026,12:35:19 PM,ESTRUCTURADA,PRIMERA PARTE,ROTC,25/09/2026,CONFIRMADA,3362582,0,01/07/2024,01/06/2036,9.55,MINISTERIO DE HACIENDA,HACIENDA,52045
USP3579ECV76,BSDR2036, ,10550000,DOP,211,0,0,25/09/2026,12:35:18 PM,PRESTAMO,SEGUNDA PARTE,ROTC,30/05/2036,CONFIRMADA,3362583,0,01/07/2024,01/06/2036,0,MINISTERIO DE HACIENDA,HACIENDA,44765
USP3579ECV76,BSDR2036, ,10550000,DOP,211,9.1154,110.339909,25/09/2026,12:35:18 PM,PRESTAMO,PRIMERA PARTE,ROTC,25/09/2026,CONFIRMADA,3362583,0,01/07/2024,01/06/2036,0,MINISTERIO DE HACIENDA,HACIENDA,49938
USP3579ECX33,BSDR2055, ,65000,USD,65,7.0662,101.008557,25/09/2026,12:35:17 PM,ESTRUCTURADA,SEGUNDA PARTE,ROTC,26/01/2027,CONFIRMADA,3362584,0,24/02/2025,24/02/2055,4.95,MINISTERIO DE HACIENDA,HACIENDA,50617
USP3579ECX33,BSDR2055, ,65000,USD,65,7.012,101.681644,25/09/2026,12:35:17 PM,ESTRUCTURADA,PRIMERA PARTE,ROTC,25/09/2026,CONFIRMADA,3362584,0,24/02/2025,24/02/2055,4.95,MINISTERIO DE HACIENDA,HACIENDA,50337
USP3579ECX33,BSDR2055, ,65000,USD,65,0,0,25/09/2026,12:35:16 PM,PRESTAMO,SEGUNDA PARTE,ROTC,23/02/2055,CONFIRMADA,3362585,0,24/02/2025,24/02/2055,0,MINISTERIO DE HACIENDA,HACIENDA,43491
USP3579ECX33,BSDR2055, ,65000,USD,65,7.012,101.681644,25/09/2026,12:35:16 PM,PRESTAMO,PRIMERA PARTE,ROTC,25/09/2026,CONFIRMADA,3362585,0,24/02/2025,24/02/2055,0,MINISTERIO DE HACIENDA,HACIENDA,48230
DO1002262124,LE110627,BCENTRAL/ LT 20270611 GTIA,410000,DOP,41,8.3424,95.170161,25/09/2026,12:35:15 PM,ESTRUCTURADA,SEGUNDA PARTE,ROTC,04/11/2026,CONFIRMADA,3362586,0,03/09/2026,11/06/2027,8.05,BANCO CENTRAL DE LA REPUBLICA DOMINICANA,BCENTRAL,59955
DO1002262124,LE110627,BCENTRAL/ LT 20270611 GTIA,410000,DOP,41,8.3603,94.326463,25/09/2026,12:35:15 PM,ESTRUCTURADA,PRIMERA PARTE,ROTC,25/09/2026,CONFIRMADA,3362586,0,03/09/2026,11/06/2027,8.05,BANCO CENTRAL DE LA REPUBLICA DOMINICANA,BCENTRAL,60130
DO1002262124,LE110627,BCENTRAL/ LT 20270611 GTIA,410000,DOP,41,0,0,25/09/2026,12:35:13 PM,PRESTAMO,SEGUNDA PARTE,ROTC,10/06/2027,CONFIRMADA,3362587,0,03/09/2026,11/06/2027,0,BANCO CENTRAL DE LA REPUBLICA DOMINICANA,BCENTRAL,53158
DO1002262124,LE110627,BCENTRAL/ LT 20270611 GTIA,410000,DOP,41,8.3603,94.326463,25/09/2026,12:35:13 PM,PRESTAMO,PRIMERA PARTE,ROTC,25/09/2026,CONFIRMADA,3362587,0,03/09/2026,11/06/2027,0,BANCO CENTRAL DE LA REPUBLICA DOMINICANA,BCENTRAL,58016
DO1002262223,LE030927,BCENTRAL/ LT 20270903 GTIA,380000,DOP,38,8.4798,95.824268,25/09/2026,12:35:12 PM,ESTRUCTURADA,SEGUNDA PARTE,ROTC,02/03/2027,CONFIRMADA,3362588,0,03/09/2026,03/09/2027,9.2,BANCO CENTRAL DE LA REPUBLICA DOMINICANA,BCENTRAL,60277
DO1002262223,LE030927,BCENTRAL/ LT 20270903 GTIA,380000,DOP,38,8.9963,92.105263,25/09/2026,12:35:12 PM,ESTRUCTURADA,PRIMERA PARTE,ROTC,25/09/2026,CONFIRMADA,3362588,0,03/09/2026,03/09/2027,9.2,BANCO CENTRAL DE LA REPUBLICA DOMINICANA,BCENTRAL,60291
DO1002262223,LE030927,BCENTRAL/ LT 20270903 GTIA,380000,DOP,38,0,0,25/09/2026,12:35:11 PM,PRESTAMO,SEGUNDA PARTE,ROTC,02/09/2027,CONFIRMADA,3362589,0,03/09/2026,03/09/2027,0,BANCO CENTRAL DE LA REPUBLICA DOMINICANA,BCENTRAL,53312
DO1002262223,LE030927,BCENTRAL/ LT 20270903 GTIA,380000,DOP,38,8.9963,92.105263,25/09/2026,12:35:11 PM,PRESTAMO,PRIMERA PARTE,ROTC,25/09/2026,CONFIRMADA,3362589,0,03/09/2026,03/09/2027,0,BANCO CENTRAL DE LA REPUBLICA DOMINICANA,BCENTRAL,58184
DO1002226525,NO180228,BCENTRAL/15 BOEST 20280218 GTIA,180000,DOP,18,6.9946,108.028839,25/09/2026,12:35:10 PM,ESTRUCTURADA,SEGUNDA PARTE,ROTC,27/01/2027,CONFIRMADA,3362590,0,18/02/2023,18/02/2028,9.2,BANCO CENTRAL DE LA REPUBLICA DOMINICANA,BCENTRAL,62937
DO1002226525,NO180228,BCENTRAL/15 BOEST 20280218 GTIA,180000,DOP,18,7.635,109.562198,25/09/2026,12:35:10 PM,ESTRUCTURADA,PRIMERA PARTE,ROTC,25/09/2026,CONFIRMADA,3362590,0,18/02/2023,18/02/2028,9.2,BANCO CENTRAL DE LA REPUBLICA DOMINICANA,BCENTRAL,62622
DO1002226525,NO180228,BCENTRAL/15 BOEST 20280218 GTIA,180000,DOP,18,0,0,25/09/2026,12:35:09 PM,PRESTAMO,SEGUNDA PARTE,ROTC,17/02/2028,CONFIRMADA,3362591,0,18/02/2023,18/02/2028,0,BANCO CENTRAL DE LA REPUBLICA DOMINICANA,BCENTRAL,55713
DO1002226525,NO180228,BCENTRAL/15 BOEST 20280218 GTIA,180000,DOP,18,7.635,109.562198,25/09/2026,12:35:09 PM,PRESTAMO,PRIMERA PARTE,ROTC,25/09/2026,CONFIRMADA,3362591,0,18/02/2023,18/02/2028,0,BANCO CENTRAL DE LA REPUBLICA DOMINICANA,BCENTRAL,60578
DO1005206011,MH12032,HACIENDA/12 BOEST 20320305 GTIA,500000,DOP,5,8.2497,113.722673,25/09/2026,12:35:08 PM,ESTRUCTURADA,SEGUNDA PARTE,ROTC,20/09/2027,CONFIRMADA,3362592,0,05/03/2017,05/03/2032,9.25,MINISTERIO DE HACIENDA,HACIENDA,61691
DO1005206011,MH12032,HACIENDA/12 BOEST 20320305 GTIA,500000,DOP,5,8.5214,114.87059000000001,25/09/2026,12:35:08 PM,ESTRUCTURADA,PRIMERA PARTE,ROTC,25/09/2026,CONFIRMADA,3362592,0,05/03/2017,05/03/2032,9.25,MINISTERIO DE HACIENDA,HACIENDA,61397
DO1005206011,MH12032,HACIENDA/12 BOEST 20320305 GTIA,500000,DOP,5,0,0,25/09/2026,12:35:07 PM,PRESTAMO,SEGUNDA PARTE,ROTC,04/03/2032,CONFIRMADA,3362593,0,05/03/2017,05/03/2032,0,MINISTERIO DE HACIENDA,HACIENDA,54418
DO1005206011,MH12032,HACIENDA/12 BOEST 20320305 GTIA,500000,DOP,5,8.5214,114.87059000000001,25/09/2026,12:35:07 PM,PRESTAMO,PRIMERA PARTE,ROTC,25/09/2026,CONFIRMADA,3362593,0,05/03/2017,05/03/2032,0,MINISTERIO DE HACIENDA,HACIENDA,59290
DO1002262223,LE030927,BCENTRAL/ LT 20270903 GTIA,910000,DOP,91,9.2927,92.790432,25/09/2026,12:35:06 PM,ESTRUCTURADA,SEGUNDA PARTE,ROTC,06/11/2026,CONFIRMADA,3362596,0,03/09/2026,03/09/2027,8.25,BANCO CENTRAL DE LA REPUBLICA DOMINICANA,BCENTRAL,60193
DO1002262223,LE030927,BCENTRAL/ LT 20270903 GTIA,910000,DOP,91,9.2435,91.905838,25/09/2026,12:35:06 PM,ESTRUCTURADA,PRIMERA PARTE,ROTC,25/09/2026,CONFIRMADA,3362596,0,03/09/2026,03/09/2027,8.25,BANCO CENTRAL DE LA REPUBLICA DOMINICANA,BCENTRAL,60319
DO1002262223,LE030927,BCENTRAL/ LT 20270903 GTIA,910000,DOP,91,0,0,25/09/2026,12:35:05 PM,PRESTAMO,SEGUNDA PARTE,ROTC,02/09/2027,CONFIRMADA,3362597,0,03/09/2026,03/09/2027,0,BANCO CENTRAL DE LA REPUBLICA DOMINICANA,BCENTRAL,53319
DO1002262223,LE030927,BCENTRAL/ LT 20270903 GTIA,910000,DOP,91,9.2435,91.905838,25/09/2026,12:35:05 PM,PRESTAMO,PRIMERA PARTE,ROTC,25/09/2026,CONFIRMADA,3362597,0,03/09/2026,03/09/2027,0,BANCO CENTRAL DE LA REPUBLICA DOMINICANA,BCENTRAL,58212
DO1002261423,NO301129,BCENTRAL/9.5 BOEST 20291130 GTIA,630000,DOP,63,9.4643,100.077276,25/09/2026,12:35:04 PM,ESTRUCTURADA,SEGUNDA PARTE,ROTC,27/10/2026,CONFIRMADA,3362598,0,30/11/2025,30/11/2029,8.45,BANCO CENTRAL DE LA REPUBLICA DOMINICANA,BCENTRAL,63112
DO1002261423,NO301129,BCENTRAL/9.5 BOEST 20291130 GTIA,630000,DOP,63,9.4429,100.128408,25/09/2026,12:35:04 PM,ESTRUCTURADA,PRIMERA PARTE,ROTC,25/09/2026,CONFIRMADA,3362598,0,30/11/2025,30/11/2029,8.45,BANCO CENTRAL DE LA REPUBLICA DOMINICANA,BCENTRAL,63189
DO1002261423,NO301129,BCENTRAL/9.5 BOEST 20291130 GTIA,630000,DOP,63,0,0,25/09/2026,12:35:03 PM,PRESTAMO,SEGUNDA PARTE,ROTC,29/11/2029,CONFIRMADA,3362599,0,30/11/2025,30/11/2029,0,BANCO CENTRAL DE LA REPUBLICA DOMINICANA,BCENTRAL,55979
DO1002261423,NO301129,BCENTRAL/9.5 BOEST 20291130 GTIA,630000,DOP,63,9.4429,100.128408,25/09/2026,12:35:03 PM,PRESTAMO,PRIMERA PARTE,ROTC,25/09/2026,CONFIRMADA,3362599,0,30/11/2025,30/11/2029,0,BANCO CENTRAL DE LA REPUBLICA DOMINICANA,BCENTRAL,61082
DO1005210922,MH22034,HACIENDA/13 BOEST 20340610 GTIA,100000,DOP,1,9.1182,121.084336,25/09/2026,12:35:02 PM,ESTRUCTURADA,SEGUNDA PARTE,ROTC,02/10/2026,CONFIRMADA,3362600,0,10/06/2022,10/06/2034,5.95,MINISTERIO DE HACIENDA,HACIENDA,61516
DO1005210922,MH22034,HACIENDA/13 BOEST 20340610 GTIA,100000,DOP,1,9.1071,121.189041,25/09/2026,12:35:02 PM,ESTRUCTURADA,PRIMERA PARTE,ROTC,25/09/2026,CONFIRMADA,3362600,0,10/06/2022,10/06/2034,5.95,MINISTERIO DE HACIENDA,HACIENDA,61642
DO1005210922,MH22034,HACIENDA/13 BOEST 20340610 GTIA,100000,DOP,1,0,0,25/09/2026,12:35:00 PM,PRESTAMO,SEGUNDA PARTE,ROTC,09/06/2034,CONFIRMADA,3362601,0,10/06/2022,10/06/2034,0,MINISTERIO DE HACIENDA,HACIENDA,54460
DO1005210922,MH22034,HACIENDA/13 BOEST 20340610 GTIA,100000,DOP,1,9.1071,121.189041,25/09/2026,12:35:00 PM,PRESTAMO,PRIMERA PARTE,ROTC,25/09/2026,CONFIRMADA,3362601,0,10/06/2022,10/06/2034,0,MINISTERIO DE HACIENDA,HACIENDA,59528
DO1002262223,LE030927,BCENTRAL/ LT 20270903 GTIA,810000,DOP,81,7.6901,95.550411,25/09/2026,12:34:59 PM,ESTRUCTURADA,SEGUNDA PARTE,ROTC,28/01/2027,CONFIRMADA,3362602,0,03/09/2026,03/09/2027,9.2,BANCO CENTRAL DE LA REPUBLICA DOMINICANA,BCENTRAL,60172
DO1002262223,LE030927,BCENTRAL/ LT 20270903 GTIA,810000,DOP,81,8.3965,92.592593,25/09/2026,12:34:59 PM,ESTRUCTURADA,PRIMERA PARTE,ROTC,25/09/2026,CONFIRMADA,3362602,0,03/09/2026,03/09/2027,9.2,BANCO CENTRAL DE LA REPUBLICA DOMINICANA,BCENTRAL,60417
DO1002262223,LE030927,BCENTRAL/ LT 20270903 GTIA,810000,DOP,81,0,0,25/09/2026,12:34:58 PM,PRESTAMO,SEGUNDA PARTE,ROTC,02/09/2027,CONFIRMADA,3362603,0,03/09/2026,03/09/2027,0,BANCO CENTRAL DE LA REPUBLICA DOMINICANA,BCENTRAL,53354
DO1002262223,LE030927,BCENTRAL/ LT 20270903 GTIA,810000,DOP,81,8.3965,92.592593,25/09/2026,12:34:58 PM,PRESTAMO,PRIMERA PARTE,ROTC,25/09/2026,CONFIRMADA,3362603,0,03/09/2026,03/09/2027,0,BANCO CENTRAL DE LA REPUBLICA DOMINICANA,BCENTRAL,58310
DO1002261522,NO180130,BCENTRAL/9.5 BOEST 20300118 GTIA,70000,DOP,7,9.6098,99.704276,25/09/2026,12:34:57 PM,ESTRUCTURADA,SEGUNDA PARTE,ROTC,29/12/2026,CONFIRMADA,3362613,0,18/01/2026,18/01/2030,9.25,BANCO CENTRAL DE LA REPUBLICA DOMINICANA,BCENTRAL,62251
DO1002261522,NO180130,BCENTRAL/9.5 BOEST 20300118 GTIA,70000,DOP,7,9.6057,99.680079,25/09/2026,12:34:57 PM,ESTRUCTURADA,PRIMERA PARTE,ROTC,25/09/2026,CONFIRMADA,3362613,0,18/01/2026,18/01/2030,9.25,BANCO CENTRAL DE LA REPUBLICA DOMINICANA,BCENTRAL,62321
DO1002261522,NO180130,BCENTRAL/9.5 BOEST 20300118 GTIA,70000,DOP,7,0,0,25/09/2026,12:34:56 PM,PRESTAMO,SEGUNDA PARTE,ROTC,17/01/2030,CONFIRMADA,3362614,0,18/01/2026,18/01/2030,0,BANCO CENTRAL DE LA REPUBLICA DOMINICANA,BCENTRAL,55202
DO1002261522,NO180130,BCENTRAL/9.5 BOEST 20300118 GTIA,70000,DOP,7,9.6057,99.680079,25/09/2026,12:34:56 PM,PRESTAMO,PRIMERA PARTE,ROTC,25/09/2026,CONFIRMADA,3362614,0,18/01/2026,18/01/2030,0,BANCO CENTRAL DE LA REPUBLICA DOMINICANA,BCENTRAL,60214
USP3579ECS48,BSDR2035, ,6900000,DOP,138,9.113,112.632541,25/09/2026,12:34:55 PM,ESTRUCTURADA,SEGUNDA PARTE,ROTC,28/12/2026,CONFIRMADA,3362615,0,15/09/2023,15/09/2035,8.95,MINISTERIO DE HACIENDA,HACIENDA,51219
USP3579ECS48,BSDR2035, ,6900000,DOP,138,9.1143,112.893236,25/09/2026,12:34:55 PM,ESTRUCTURADA,PRIMERA PARTE,ROTC,25/09/2026,CONFIRMADA,3362615,0,15/09/2023,15/09/2035,8.95,MINISTERIO DE HACIENDA,HACIENDA,51737
USP3579ECS48,BSDR2035, ,6900000,DOP,138,0,0,25/09/2026,12:34:54 PM,PRESTAMO,SEGUNDA PARTE,ROTC,14/09/2035,CONFIRMADA,3362616,0,15/09/2023,15/09/2035,0,MINISTERIO DE HACIENDA,HACIENDA,44506
USP3579ECS48,BSDR2035, ,6900000,DOP,138,9.1143,112.893236,25/09/2026,12:34:54 PM,PRESTAMO,PRIMERA PARTE,ROTC,25/09/2026,CONFIRMADA,3362616,0,15/09/2023,15/09/2035,0,MINISTERIO DE HACIENDA,HACIENDA,49630
DO1002262223,LE030927,BCENTRAL/ LT 20270903 GTIA,3350000,DOP,335,8.6054,93.663838,25/09/2026,12:34:53 PM,ESTRUCTURADA,SEGUNDA PARTE,ROTC,24/11/2026,CONFIRMADA,3362617,0,03/09/2026,03/09/2027,8.95,BANCO CENTRAL DE LA REPUBLICA DOMINICANA,BCENTRAL,60914
DO1002262223,LE030927,BCENTRAL/ LT 20270903 GTIA,3350000,DOP,335,8.7716,92.287221,25/09/2026,12:34:53 PM,ESTRUCTURADA,PRIMERA PARTE,ROTC,25/09/2026,CONFIRMADA,3362617,0,03/09/2026,03/09/2027,8.95,BANCO CENTRAL DE LA REPUBLICA DOMINICANA,BCENTRAL,60984
DO1002262223,LE030927,BCENTRAL/ LT 20270903 GTIA,3350000,DOP,335,0,0,25/09/2026,12:34:52 PM,PRESTAMO,SEGUNDA PARTE,ROTC,02/09/2027,CONFIRMADA,3362618,0,03/09/2026,03/09/2027,0,BANCO CENTRAL DE LA REPUBLICA DOMINICANA,BCENTRAL,54012
DO1002262223,LE030927,BCENTRAL/ LT 20270903 GTIA,3350000,DOP,335,8.7716,92.287221,25/09/2026,12:34:52 PM,PRESTAMO,PRIMERA PARTE,ROTC,25/09/2026,CONFIRMADA,3362618,0,03/09/2026,03/09/2027,0,BANCO CENTRAL DE LA REPUBLICA DOMINICANA,BCENTRAL,58877
DO1005208124,INF2040,HACIENDA/10.875 BOEST 20400228 GTIA,370000000,DOP,3700,9.33498409,111.656776,25/09/2026,12:34:51 PM,CONTADO,PRIMERA PARTE,ROTC,25/09/2026,CONFIRMADA,3362619,0,28/02/2020,28/02/2040,0,MINISTERIO DE HACIENDA,HACIENDA,64267
DO1002261423,NO301129,BCENTRAL/9.5 BOEST 20291130 GTIA,480000,DOP,48,9.02740921,101.182666,25/09/2026,12:34:24 PM,PRESTAMO,SEGUNDA PARTE,ROTC,24/12/2026,CONFIRMADA,3362631,0,30/11/2025,30/11/2029,9.2,BANCO CENTRAL DE LA REPUBLICA DOMINICANA,BCENTRAL,62461
DO1002261423,NO301129,BCENTRAL/9.5 BOEST 20291130 GTIA,480000,DOP,48,9.07742586,101.120471,25/09/2026,12:34:24 PM,PRESTAMO,PRIMERA PARTE,ROTC,25/09/2026,CONFIRMADA,3362631,0,30/11/2025,30/11/2029,9.2,BANCO CENTRAL DE LA REPUBLICA DOMINICANA,BCENTRAL,62573
DO1002261423,NO301129,BCENTRAL/9.5 BOEST 20291130 GTIA,480000,DOP,48,9.02740921,101.182666,25/09/2026,12:34:23 PM,ESTRUCTURADA,SEGUNDA PARTE,ROTC,24/12/2026,CONFIRMADA,3362625,0,30/11/2025,30/11/2029,9.2,BANCO CENTRAL DE LA REPUBLICA DOMINICANA,BCENTRAL,64554
DO1002261423,NO301129,BCENTRAL/9.5 BOEST 20291130 GTIA,480000,DOP,48,9.07742586,101.120471,25/09/2026,12:34:23 PM,ESTRUCTURADA,PRIMERA PARTE,ROTC,25/09/2026,CONFIRMADA,3362625,0,30/11/2025,30/11/2029,9.2,BANCO CENTRAL DE LA REPUBLICA DOMINICANA,BCENTRAL,64666
DO1005208322,MHUS2040,HACIENDA/6.75 BOEST 20400724 GTIA,493000,USD,493,4.68939677,120.432835,25/09/2026,12:34:22 PM,PRESTAMO,SEGUNDA PARTE,ROTC,26/01/2027,CONFIRMADA,3362630,0,24/07/2020,24/07/2040,5.15,MINISTERIO DE HACIENDA,HACIENDA,63616
DO1005208322,MHUS2040,HACIENDA/6.75 BOEST 20400724 GTIA,493000,USD,493,4.70940308,120.560104,25/09/2026,12:34:22 PM,PRESTAMO,PRIMERA PARTE,ROTC,25/09/2026,CONFIRMADA,3362630,0,24/07/2020,24/07/2040,5.15,MINISTERIO DE HACIENDA,HACIENDA,63490
DO1005208322,MHUS2040,HACIENDA/6.75 BOEST 20400724 GTIA,493000,USD,493,4.68939677,120.432835,25/09/2026,12:34:20 PM,ESTRUCTURADA,SEGUNDA PARTE,ROTC,26/01/2027,CONFIRMADA,3362626,0,24/07/2020,24/07/2040,5.15,MINISTERIO DE HACIENDA,HACIENDA,65702
DO1005208322,MHUS2040,HACIENDA/6.75 BOEST 20400724 GTIA,493000,USD,493,4.70940308,120.560104,25/09/2026,12:34:20 PM,ESTRUCTURADA,PRIMERA PARTE,ROTC,25/09/2026,CONFIRMADA,3362626,0,24/07/2020,24/07/2040,5.15,MINISTERIO DE HACIENDA,HACIENDA,65576
DO2016300124,BC1GUL01,GULFSTREAM/11.25 BO 20290528,160643,DOP,160643,12.05893376,98.46121,25/09/2026,12:34:19 PM,PRESTAMO,SEGUNDA PARTE,ROTC,24/03/2027,CONFIRMADA,3362629,0,28/05/2019,28/05/2029,7.95,GULFSTREAM PETROLEUM DOMINICANA S DE RL,GULFSTREAM,62027
DO2016300124,BC1GUL01,GULFSTREAM/11.25 BO 20290528,160643,DOP,160643,11.24633265,99.999856,25/09/2026,12:34:19 PM,PRESTAMO,PRIMERA PARTE,ROTC,25/09/2026,CONFIRMADA,3362629,0,28/05/2019,28/05/2029,7.95,GULFSTREAM PETROLEUM DOMINICANA S DE RL,GULFSTREAM,62622
DO2016300124,BC1GUL01,GULFSTREAM/11.25 BO 20290528,160643,DOP,160643,12.05893376,98.46121,25/09/2026,12:34:18 PM,ESTRUCTURADA,SEGUNDA PARTE,ROTC,24/03/2027,CONFIRMADA,3362627,0,28/05/2019,28/05/2029,7.95,GULFSTREAM PETROLEUM DOMINICANA S DE RL,GULFSTREAM,64120
DO2016300124,BC1GUL01,GULFSTREAM/11.25 BO 20290528,160643,DOP,160643,11.24633265,99.999856,25/09/2026,12:34:18 PM,ESTRUCTURADA,PRIMERA PARTE,ROTC,25/09/2026,CONFIRMADA,3362627,0,28/05/2019,28/05/2029,7.95,GULFSTREAM PETROLEUM DOMINICANA S DE RL,GULFSTREAM,64715
USP3579ECZ80,BSRD2035, ,2000,USD,2,10.3587,74.7065,25/09/2026,12:34:07 PM,ESTRUCTURADA,SEGUNDA PARTE,ROTC,22/02/2027,CONFIRMADA,3362056,0,28/10/2025,28/10/2035,5.014,MINISTERIO DE HACIENDA,HACIENDA,49161
USP3579ECZ80,BSRD2035, ,2000,USD,2,10.6515,72.601,25/09/2026,12:34:07 PM,ESTRUCTURADA,PRIMERA PARTE,ROTC,25/09/2026,CONFIRMADA,3362056,0,28/10/2025,28/10/2035,5.014,MINISTERIO DE HACIENDA,HACIENDA,48818
DO1005208025,COV2040,HACIENDA/10.875 BOEST 20400228 GTIA,2000000,DOP,20,5.4776,150.603622,25/09/2026,12:34:05 PM,ESTRUCTURADA,SEGUNDA PARTE,ROTC,28/10/2026,CONFIRMADA,3362054,0,28/02/2020,28/02/2040,8.9,MINISTERIO DE HACIENDA,HACIENDA,63987
DO1005208025,COV2040,HACIENDA/10.875 BOEST 20400228 GTIA,2000000,DOP,20,5.5175,150.353402,25/09/2026,12:34:05 PM,ESTRUCTURADA,PRIMERA PARTE,ROTC,25/09/2026,CONFIRMADA,3362054,0,28/02/2020,28/02/2040,8.9,MINISTERIO DE HACIENDA,HACIENDA,64029
DO1002228125,NO090229,BCENTRAL/10 BOEST 20290209 GTIA,20000,DOP,2,6.6495,106.06965,25/09/2026,12:34:04 PM,ESTRUCTURADA,SEGUNDA PARTE,ROTC,22/02/2027,CONFIRMADA,3362052,0,09/02/2024,09/02/2029,9.4572,BANCO CENTRAL DE LA REPUBLICA DOMINICANA,BCENTRAL,61712
DO1002228125,NO090229,BCENTRAL/10 BOEST 20290209 GTIA,20000,DOP,2,9.453,101.1168,25/09/2026,12:34:04 PM,ESTRUCTURADA,PRIMERA PARTE,ROTC,25/09/2026,CONFIRMADA,3362052,0,09/02/2024,09/02/2029,9.4572,BANCO CENTRAL DE LA REPUBLICA DOMINICANA,BCENTRAL,60998
DO1002228125,NO090229,BCENTRAL/10 BOEST 20290209 GTIA,90000,DOP,9,9.6159,100.740389,25/09/2026,12:34:03 PM,ESTRUCTURADA,SEGUNDA PARTE,ROTC,28/10/2026,CONFIRMADA,3362050,0,09/02/2024,09/02/2029,8.7,BANCO CENTRAL DE LA REPUBLICA DOMINICANA,BCENTRAL,62160
DO1002228125,NO090229,BCENTRAL/10 BOEST 20290209 GTIA,90000,DOP,9,9.5933,100.822878,25/09/2026,12:34:03 PM,ESTRUCTURADA,PRIMERA PARTE,ROTC,25/09/2026,CONFIRMADA,3362050,0,09/02/2024,09/02/2029,8.7,BANCO CENTRAL DE LA REPUBLICA DOMINICANA,BCENTRAL,62279
DO1002228125,NO090229,BCENTRAL/10 BOEST 20290209 GTIA,50000,DOP,5,10.653,98.67266,25/09/2026,12:34:01 PM,ESTRUCTURADA,SEGUNDA PARTE,ROTC,26/10/2026,CONFIRMADA,3362047,0,09/02/2024,09/02/2029,9.2,BANCO CENTRAL DE LA REPUBLICA DOMINICANA,BCENTRAL,61383
DO1002228125,NO090229,BCENTRAL/10 BOEST 20290209 GTIA,50000,DOP,5,10.6111,98.72282,25/09/2026,12:34:01 PM,ESTRUCTURADA,PRIMERA PARTE,ROTC,25/09/2026,CONFIRMADA,3362047,0,09/02/2024,09/02/2029,9.2,BANCO CENTRAL DE LA REPUBLICA DOMINICANA,BCENTRAL,61754
DO1005208025,COV2040,HACIENDA/10.875 BOEST 20400228 GTIA,5200000,DOP,52,6.2616,141.296393,25/09/2026,12:34:00 PM,ESTRUCTURADA,SEGUNDA PARTE,ROTC,28/10/2026,CONFIRMADA,3362045,0,28/02/2020,28/02/2040,8.9,MINISTERIO DE HACIENDA,HACIENDA,64057
DO1005208025,COV2040,HACIENDA/10.875 BOEST 20400228 GTIA,5200000,DOP,52,6.294,141.12149,25/09/2026,12:34:00 PM,ESTRUCTURADA,PRIMERA PARTE,ROTC,25/09/2026,CONFIRMADA,3362045,0,28/02/2020,28/02/2040,8.9,MINISTERIO DE HACIENDA,HACIENDA,63378
USP3579ECZ80,BSRD2035, ,2000,USD,2,3.1098,121.2335,25/09/2026,12:33:59 PM,ESTRUCTURADA,SEGUNDA PARTE,ROTC,24/12/2026,CONFIRMADA,3362043,0,28/10/2025,28/10/2035,4.6693,MINISTERIO DE HACIENDA,HACIENDA,49112
USP3579ECZ80,BSRD2035, ,2000,USD,2,3.5018,118.339,25/09/2026,12:33:59 PM,ESTRUCTURADA,PRIMERA PARTE,ROTC,25/09/2026,CONFIRMADA,3362043,0,28/10/2025,28/10/2035,4.6693,MINISTERIO DE HACIENDA,HACIENDA,48916
DO1005208025,COV2040,HACIENDA/10.875 BOEST 20400228 GTIA,1300000,DOP,13,5.2675,153.254089,25/09/2026,12:33:58 PM,ESTRUCTURADA,SEGUNDA PARTE,ROTC,26/10/2026,CONFIRMADA,3362040,0,28/02/2020,28/02/2040,8.8,MINISTERIO DE HACIENDA,HACIENDA,64106
DO1005208025,COV2040,HACIENDA/10.875 BOEST 20400228 GTIA,1300000,DOP,13,5.3059,153.011907,25/09/2026,12:33:58 PM,ESTRUCTURADA,PRIMERA PARTE,ROTC,25/09/2026,CONFIRMADA,3362040,0,28/02/2020,28/02/2040,8.8,MINISTERIO DE HACIENDA,HACIENDA,64127
DO1005208025,COV2040,HACIENDA/10.875 BOEST 20400228 GTIA,1000000,DOP,10,11.0167,98.998368,25/09/2026,12:33:57 PM,ESTRUCTURADA,SEGUNDA PARTE,ROTC,28/10/2026,CONFIRMADA,3362038,0,28/02/2020,28/02/2040,8.9,MINISTERIO DE HACIENDA,HACIENDA,64169
DO1005208025,COV2040,HACIENDA/10.875 BOEST 20400228 GTIA,1000000,DOP,10,10.9958,99.165753,25/09/2026,12:33:57 PM,ESTRUCTURADA,PRIMERA PARTE,ROTC,25/09/2026,CONFIRMADA,3362038,0,28/02/2020,28/02/2040,8.9,MINISTERIO DE HACIENDA,HACIENDA,64274
USP3579ECZ80,BSRD2035, ,141000,USD,141,5.856,100.118014,25/09/2026,12:33:56 PM,ESTRUCTURADA,SEGUNDA PARTE,ROTC,22/02/2027,CONFIRMADA,3362037,0,28/10/2025,28/10/2035,4.85,MINISTERIO DE HACIENDA,HACIENDA,50827
USP3579ECZ80,BSRD2035, ,141000,USD,141,5.8113,100.438801,25/09/2026,12:33:56 PM,ESTRUCTURADA,PRIMERA PARTE,ROTC,25/09/2026,CONFIRMADA,3362037,0,28/10/2025,28/10/2035,4.85,MINISTERIO DE HACIENDA,HACIENDA,51310
USP3579ECZ80,BSRD2035, ,10000,USD,10,5.7729,100.6994,25/09/2026,12:33:54 PM,ESTRUCTURADA,SEGUNDA PARTE,ROTC,25/11/2026,CONFIRMADA,3361959,0,28/10/2025,28/10/2035,4.5,MINISTERIO DE HACIENDA,HACIENDA,49882
USP3579ECZ80,BSRD2035, ,10000,USD,10,6.1683,97.9756,25/09/2026,12:33:54 PM,ESTRUCTURADA,PRIMERA PARTE,ROTC,25/09/2026,CONFIRMADA,3361959,0,28/10/2025,28/10/2035,4.5,MINISTERIO DE HACIENDA,HACIENDA,49714
DO1002228125,NO090229,BCENTRAL/10 BOEST 20290209 GTIA,90000,DOP,9,7.6545,104.8052,25/09/2026,12:33:53 PM,ESTRUCTURADA,SEGUNDA PARTE,ROTC,28/10/2026,CONFIRMADA,3361957,0,09/02/2024,09/02/2029,8.4,BANCO CENTRAL DE LA REPUBLICA DOMINICANA,BCENTRAL,61411
DO1002228125,NO090229,BCENTRAL/10 BOEST 20290209 GTIA,90000,DOP,9,7.6996,104.884489,25/09/2026,12:33:53 PM,ESTRUCTURADA,PRIMERA PARTE,ROTC,25/09/2026,CONFIRMADA,3361957,0,09/02/2024,09/02/2029,8.4,BANCO CENTRAL DE LA REPUBLICA DOMINICANA,BCENTRAL,62433
DO1005208025,COV2040,HACIENDA/10.875 BOEST 20400228 GTIA,300000,DOP,3,4.0823,168.345717,25/09/2026,12:33:52 PM,ESTRUCTURADA,SEGUNDA PARTE,ROTC,26/01/2027,CONFIRMADA,3361953,0,28/02/2020,28/02/2040,9.403,MINISTERIO DE HACIENDA,HACIENDA,63364
DO1005208025,COV2040,HACIENDA/10.875 BOEST 20400228 GTIA,300000,DOP,3,4.2945,166.630323,25/09/2026,12:33:52 PM,ESTRUCTURADA,PRIMERA PARTE,ROTC,25/09/2026,CONFIRMADA,3361953,0,28/02/2020,28/02/2040,9.403,MINISTERIO DE HACIENDA,HACIENDA,63434
DO1005208025,COV2040,HACIENDA/10.875 BOEST 20400228 GTIA,100000,DOP,1,5.3481,151.34158,25/09/2026,12:33:51 PM,ESTRUCTURADA,SEGUNDA PARTE,ROTC,22/02/2027,CONFIRMADA,3361951,0,28/02/2020,28/02/2040,9.3024,MINISTERIO DE HACIENDA,HACIENDA,62902
DO1005208025,COV2040,HACIENDA/10.875 BOEST 20400228 GTIA,100000,DOP,1,5.5488,149.96575,25/09/2026,12:33:51 PM,ESTRUCTURADA,PRIMERA PARTE,ROTC,25/09/2026,CONFIRMADA,3361951,0,28/02/2020,28/02/2040,9.3024,MINISTERIO DE HACIENDA,HACIENDA,63217
DO1005208025,COV2040,HACIENDA/10.875 BOEST 20400228 GTIA,4500000,DOP,45,5.4769,149.957792,25/09/2026,12:33:50 PM,ESTRUCTURADA,SEGUNDA PARTE,ROTC,26/01/2027,CONFIRMADA,3361955,0,28/02/2020,28/02/2040,9.25,MINISTERIO DE HACIENDA,HACIENDA,64281
DO1005208025,COV2040,HACIENDA/10.875 BOEST 20400228 GTIA,4500000,DOP,45,5.6361,148.89059,25/09/2026,12:33:50 PM,ESTRUCTURADA,PRIMERA PARTE,ROTC,25/09/2026,CONFIRMADA,3361955,0,28/02/2020,28/02/2040,9.25,MINISTERIO DE HACIENDA,HACIENDA,63917
USP3579ECX33,BSDR2055, ,14000,USD,14,7.04000002,101.334929,25/09/2026,12:33:42 PM,CONTADO,PRIMERA PARTE,ROTC,25/09/2026,CONFIRMADA,3362550,0,24/02/2025,24/02/2055,0,MINISTERIO DE HACIENDA,HACIENDA,49140
DO1005211227,MH32029,HACIENDA/12.75 BOEST 20290923 GTIA,1100000,DOP,11,10.6123,104.697883,25/09/2026,12:33:40 PM,PRESTAMO,SEGUNDA PARTE,ROTC,04/03/2027,CONFIRMADA,3362628,0,23/09/2022,23/09/2029,7.85,MINISTERIO DE HACIENDA,HACIENDA,61719
DO1005211227,MH32029,HACIENDA/12.75 BOEST 20290923 GTIA,1100000,DOP,11,10.1495,106.566501,25/09/2026,12:33:40 PM,PRESTAMO,PRIMERA PARTE,ROTC,25/09/2026,CONFIRMADA,3362628,0,23/09/2022,23/09/2029,7.85,MINISTERIO DE HACIENDA,HACIENDA,61775
DO1005211227,MH32029,HACIENDA/12.75 BOEST 20290923 GTIA,1100000,DOP,11,10.6123,104.697883,25/09/2026,12:33:39 PM,ESTRUCTURADA,SEGUNDA PARTE,ROTC,04/03/2027,CONFIRMADA,3362218,0,23/09/2022,23/09/2029,7.85,MINISTERIO DE HACIENDA,HACIENDA,63875
DO1005211227,MH32029,HACIENDA/12.75 BOEST 20290923 GTIA,1100000,DOP,11,10.1495,106.566501,25/09/2026,12:33:39 PM,ESTRUCTURADA,PRIMERA PARTE,ROTC,25/09/2026,CONFIRMADA,3362218,0,23/09/2022,23/09/2029,7.85,MINISTERIO DE HACIENDA,HACIENDA,63931
DO1005205716,MHUS2027,HACIENDA/6 BOEST 20270305 GTIA,1356000,USD,1356,2.7125,101.42,25/09/2026,12:33:19 PM,CONTADO,PRIMERA PARTE,ROTC,25/09/2026,CONFIRMADA,3362611,0,05/09/2016,05/03/2027,0,MINISTERIO DE HACIENDA,HACIENDA,59584
DO1002223928,NO120227,BCENTRAL/8 BOEST 20270212 GTIA,4210000,DOP,421,6.7448,100.339363,25/09/2026,12:33:05 PM,PLAZO,PRIMERA PARTE,ROTC,28/10/2026,CONFIRMADA,3362430,0,12/02/2022,12/02/2027,0,BANCO CENTRAL DE LA REPUBLICA DOMINICANA,BCENTRAL,59451
DO1002223928,NO120227,BCENTRAL/8 BOEST 20270212 GTIA,4090000,DOP,409,6.7342,100.445254,25/09/2026,12:33:03 PM,CONTADO,PRIMERA PARTE,ROTC,28/09/2026,CONFIRMADA,3362431,0,12/02/2022,12/02/2027,0,BANCO CENTRAL DE LA REPUBLICA DOMINICANA,BCENTRAL,60417
DO1002223928,NO120227,BCENTRAL/8 BOEST 20270212 GTIA,4090000,DOP,409,6.1893,100.499121,25/09/2026,12:33:02 PM,PRESTAMO,SEGUNDA PARTE,ROTC,28/10/2026,CONFIRMADA,3362432,0,12/02/2022,12/02/2027,1.691033,BANCO CENTRAL DE LA REPUBLICA DOMINICANA,BCENTRAL,61033
DO1002223928,NO120227,BCENTRAL/8 BOEST 20270212 GTIA,4090000,DOP,409,6.7342,100.445254,25/09/2026,12:33:02 PM,PRESTAMO,PRIMERA PARTE,ROTC,28/09/2026,CONFIRMADA,3362432,0,12/02/2022,12/02/2027,1.691033,BANCO CENTRAL DE LA REPUBLICA DOMINICANA,BCENTRAL,61103
DO1002223928,NO120227,BCENTRAL/8 BOEST 20270212 GTIA,4090000,DOP,409,6.1893,100.499121,25/09/2026,12:33:01 PM,PLAZO,PRIMERA PARTE,ROTC,28/10/2026,CONFIRMADA,3362433,0,12/02/2022,12/02/2027,0,BANCO CENTRAL DE LA REPUBLICA DOMINICANA,BCENTRAL,59486
DO1002227317,NO150928,BCENTRAL/11 BOEST 20280915 GTIA,370000,DOP,37,9.01,103.497357,25/09/2026,12:33:00 PM,CONTADO,PRIMERA PARTE,ROTC,29/09/2026,CONFIRMADA,3362434,0,15/09/2023,15/09/2028,0,BANCO CENTRAL DE LA REPUBLICA DOMINICANA,BCENTRAL,59451
DO1002227317,NO150928,BCENTRAL/11 BOEST 20280915 GTIA,370000,DOP,37,9.1915,102.656859,25/09/2026,12:32:58 PM,PRESTAMO,SEGUNDA PARTE,ROTC,27/01/2027,CONFIRMADA,3362435,0,15/09/2023,15/09/2028,3.027609,BANCO CENTRAL DE LA REPUBLICA DOMINICANA,BCENTRAL,60900
DO1002227317,NO150928,BCENTRAL/11 BOEST 20280915 GTIA,370000,DOP,37,9.01,103.497357,25/09/2026,12:32:58 PM,PRESTAMO,PRIMERA PARTE,ROTC,29/09/2026,CONFIRMADA,3362435,0,15/09/2023,15/09/2028,3.027609,BANCO CENTRAL DE LA REPUBLICA DOMINICANA,BCENTRAL,60228
DO1002227317,NO150928,BCENTRAL/11 BOEST 20280915 GTIA,370000,DOP,37,9.1915,102.656859,25/09/2026,12:32:57 PM,PLAZO,PRIMERA PARTE,ROTC,27/01/2027,CONFIRMADA,3362436,0,15/09/2023,15/09/2028,0,BANCO CENTRAL DE LA REPUBLICA DOMINICANA,BCENTRAL,59353
DO1002223928,NO120227,BCENTRAL/8 BOEST 20270212 GTIA,320000,DOP,32,10.5362,99.083978,25/09/2026,12:32:56 PM,CONTADO,PRIMERA PARTE,ROTC,29/09/2026,CONFIRMADA,3362437,0,12/02/2022,12/02/2027,0,BANCO CENTRAL DE LA REPUBLICA DOMINICANA,BCENTRAL,59850
DO1002223928,NO120227,BCENTRAL/8 BOEST 20270212 GTIA,320000,DOP,32,11.0618,99.128525,25/09/2026,12:32:55 PM,PRESTAMO,SEGUNDA PARTE,ROTC,29/10/2026,CONFIRMADA,3362441,0,12/02/2022,12/02/2027,1.725975,BANCO CENTRAL DE LA REPUBLICA DOMINICANA,BCENTRAL,60333
DO1002223928,NO120227,BCENTRAL/8 BOEST 20270212 GTIA,320000,DOP,32,10.5362,99.083978,25/09/2026,12:32:55 PM,PRESTAMO,PRIMERA PARTE,ROTC,29/09/2026,CONFIRMADA,3362441,0,12/02/2022,12/02/2027,1.725975,BANCO CENTRAL DE LA REPUBLICA DOMINICANA,BCENTRAL,60536
DO1002223928,NO120227,BCENTRAL/8 BOEST 20270212 GTIA,320000,DOP,32,11.0618,99.128525,25/09/2026,12:32:54 PM,PLAZO,PRIMERA PARTE,ROTC,29/10/2026,CONFIRMADA,3362442,0,12/02/2022,12/02/2027,0,BANCO CENTRAL DE LA REPUBLICA DOMINICANA,BCENTRAL,58786
DO1002223928,NO120227,BCENTRAL/8 BOEST 20270212 GTIA,320000,DOP,32,10.0331,99.256253,25/09/2026,12:32:53 PM,CONTADO,PRIMERA PARTE,ROTC,28/09/2026,CONFIRMADA,3362443,0,12/02/2022,12/02/2027,0,BANCO CENTRAL DE LA REPUBLICA DOMINICANA,BCENTRAL,59675
DO1002223928,NO120227,BCENTRAL/8 BOEST 20270212 GTIA,320000,DOP,32,10.9029,99.389225,25/09/2026,12:32:51 PM,PRESTAMO,SEGUNDA PARTE,ROTC,27/11/2026,CONFIRMADA,3362444,0,12/02/2022,12/02/2027,2.41759,BANCO CENTRAL DE LA REPUBLICA DOMINICANA,BCENTRAL,60368
DO1002223928,NO120227,BCENTRAL/8 BOEST 20270212 GTIA,320000,DOP,32,10.0331,99.256253,25/09/2026,12:32:51 PM,PRESTAMO,PRIMERA PARTE,ROTC,28/09/2026,CONFIRMADA,3362444,0,12/02/2022,12/02/2027,2.41759,BANCO CENTRAL DE LA REPUBLICA DOMINICANA,BCENTRAL,60354
DO1002223928,NO120227,BCENTRAL/8 BOEST 20270212 GTIA,320000,DOP,32,10.9029,99.389225,25/09/2026,12:32:50 PM,PLAZO,PRIMERA PARTE,ROTC,27/11/2026,CONFIRMADA,3362445,0,12/02/2022,12/02/2027,0,BANCO CENTRAL DE LA REPUBLICA DOMINICANA,BCENTRAL,58821
DO1002227317,NO150928,BCENTRAL/11 BOEST 20280915 GTIA,170000,DOP,17,0,102.415318,25/09/2026,12:32:49 PM,PLAZO,PRIMERA PARTE,ROTC,02/12/2026,CONFIRMADA,3362446,0,15/09/2023,15/09/2028,0,BANCO CENTRAL DE LA REPUBLICA DOMINICANA,BCENTRAL,57330
DO1002227317,NO150928,BCENTRAL/11 BOEST 20280915 GTIA,170000,DOP,17,9,102.050253,25/09/2026,12:32:48 PM,PRESTAMO,SEGUNDA PARTE,ROTC,12/03/2027,CONFIRMADA,3362447,0,15/09/2023,15/09/2028,4.693671,BANCO CENTRAL DE LA REPUBLICA DOMINICANA,BCENTRAL,58891
DO1002227317,NO150928,BCENTRAL/11 BOEST 20280915 GTIA,170000,DOP,17,0,102.415318,25/09/2026,12:32:48 PM,PRESTAMO,PRIMERA PARTE,ROTC,02/12/2026,CONFIRMADA,3362447,0,15/09/2023,15/09/2028,4.693671,BANCO CENTRAL DE LA REPUBLICA DOMINICANA,BCENTRAL,58926
DO1002227317,NO150928,BCENTRAL/11 BOEST 20280915 GTIA,170000,DOP,17,9,102.050253,25/09/2026,12:32:47 PM,PLAZO,PRIMERA PARTE,ROTC,12/03/2027,CONFIRMADA,3362448,0,15/09/2023,15/09/2028,0,BANCO CENTRAL DE LA REPUBLICA DOMINICANA,BCENTRAL,57344
DO1002228612,NO031227,BCENTRAL/8 BOEST 20271203 GTIA,180000,DOP,18,0,99.349778,25/09/2026,12:32:46 PM,PLAZO,PRIMERA PARTE,ROTC,12/03/2027,CONFIRMADA,3362449,0,03/12/2024,03/12/2027,0,BANCO CENTRAL DE LA REPUBLICA DOMINICANA,BCENTRAL,56777
DO1002228612,NO031227,BCENTRAL/8 BOEST 20271203 GTIA,180000,DOP,18,9,99.38905,25/09/2026,12:32:45 PM,PRESTAMO,SEGUNDA PARTE,ROTC,24/03/2027,CONFIRMADA,3362450,0,03/12/2024,03/12/2027,2.434319,BANCO CENTRAL DE LA REPUBLICA DOMINICANA,BCENTRAL,57967
DO1002228612,NO031227,BCENTRAL/8 BOEST 20271203 GTIA,180000,DOP,18,0,99.349778,25/09/2026,12:32:45 PM,PRESTAMO,PRIMERA PARTE,ROTC,12/03/2027,CONFIRMADA,3362450,0,03/12/2024,03/12/2027,2.434319,BANCO CENTRAL DE LA REPUBLICA DOMINICANA,BCENTRAL,58373
DO1002228612,NO031227,BCENTRAL/8 BOEST 20271203 GTIA,180000,DOP,18,9,99.38905,25/09/2026,12:32:43 PM,PLAZO,PRIMERA PARTE,ROTC,24/03/2027,CONFIRMADA,3362451,0,03/12/2024,03/12/2027,0,BANCO CENTRAL DE LA REPUBLICA DOMINICANA,BCENTRAL,56413
DO1002227317,NO150928,BCENTRAL/11 BOEST 20280915 GTIA,2130000,DOP,213,0,102.918722,25/09/2026,12:32:42 PM,PLAZO,PRIMERA PARTE,ROTC,28/10/2026,CONFIRMADA,3362452,0,15/09/2023,15/09/2028,0,BANCO CENTRAL DE LA REPUBLICA DOMINICANA,BCENTRAL,58016
DO1002227317,NO150928,BCENTRAL/11 BOEST 20280915 GTIA,2130000,DOP,213,9,102.732355,25/09/2026,12:32:41 PM,PRESTAMO,SEGUNDA PARTE,ROTC,27/11/2026,CONFIRMADA,3362453,0,15/09/2023,15/09/2028,1.93602,BANCO CENTRAL DE LA REPUBLICA DOMINICANA,BCENTRAL,59584
DO1002227317,NO150928,BCENTRAL/11 BOEST 20280915 GTIA,2130000,DOP,213,0,102.918722,25/09/2026,12:32:41 PM,PRESTAMO,PRIMERA PARTE,ROTC,28/10/2026,CONFIRMADA,3362453,0,15/09/2023,15/09/2028,1.93602,BANCO CENTRAL DE LA REPUBLICA DOMINICANA,BCENTRAL,59612
DO1002227317,NO150928,BCENTRAL/11 BOEST 20280915 GTIA,2130000,DOP,213,9,102.732355,25/09/2026,12:32:40 PM,PLAZO,PRIMERA PARTE,ROTC,27/11/2026,CONFIRMADA,3362454,0,15/09/2023,15/09/2028,0,BANCO CENTRAL DE LA REPUBLICA DOMINICANA,BCENTRAL,58037
DO1002227317,NO150928,BCENTRAL/11 BOEST 20280915 GTIA,2110000,DOP,211,0,102.995038,25/09/2026,12:32:39 PM,PLAZO,PRIMERA PARTE,ROTC,27/11/2026,CONFIRMADA,3362455,0,15/09/2023,15/09/2028,0,BANCO CENTRAL DE LA REPUBLICA DOMINICANA,BCENTRAL,58065
DO1002227317,NO150928,BCENTRAL/11 BOEST 20280915 GTIA,2110000,DOP,211,9,102.809562,25/09/2026,12:32:38 PM,PRESTAMO,SEGUNDA PARTE,ROTC,28/12/2026,CONFIRMADA,3362456,0,15/09/2023,15/09/2028,2.807163,BANCO CENTRAL DE LA REPUBLICA DOMINICANA,BCENTRAL,59647
DO1002227317,NO150928,BCENTRAL/11 BOEST 20280915 GTIA,2110000,DOP,211,0,102.995038,25/09/2026,12:32:38 PM,PRESTAMO,PRIMERA PARTE,ROTC,27/11/2026,CONFIRMADA,3362456,0,15/09/2023,15/09/2028,2.807163,BANCO CENTRAL DE LA REPUBLICA DOMINICANA,BCENTRAL,59661
DO1002227317,NO150928,BCENTRAL/11 BOEST 20280915 GTIA,2110000,DOP,211,9,102.809562,25/09/2026,12:32:37 PM,PLAZO,PRIMERA PARTE,ROTC,28/12/2026,CONFIRMADA,3362457,0,15/09/2023,15/09/2028,0,BANCO CENTRAL DE LA REPUBLICA DOMINICANA,BCENTRAL,58100
DO1002227317,NO150928,BCENTRAL/11 BOEST 20280915 GTIA,2090000,DOP,209,0,103.059875,25/09/2026,12:32:36 PM,PLAZO,PRIMERA PARTE,ROTC,28/12/2026,CONFIRMADA,3362458,0,15/09/2023,15/09/2028,0,BANCO CENTRAL DE LA REPUBLICA DOMINICANA,BCENTRAL,58163
DO1002227317,NO150928,BCENTRAL/11 BOEST 20280915 GTIA,2090000,DOP,209,9,102.881638,25/09/2026,12:32:35 PM,PRESTAMO,SEGUNDA PARTE,ROTC,28/01/2027,CONFIRMADA,3362459,0,15/09/2023,15/09/2028,3.667818,BANCO CENTRAL DE LA REPUBLICA DOMINICANA,BCENTRAL,59745
DO1002227317,NO150928,BCENTRAL/11 BOEST 20280915 GTIA,2090000,DOP,209,0,103.059875,25/09/2026,12:32:35 PM,PRESTAMO,PRIMERA PARTE,ROTC,28/12/2026,CONFIRMADA,3362459,0,15/09/2023,15/09/2028,3.667818,BANCO CENTRAL DE LA REPUBLICA DOMINICANA,BCENTRAL,59759
DO1002227317,NO150928,BCENTRAL/11 BOEST 20280915 GTIA,2090000,DOP,209,9,102.881638,25/09/2026,12:32:33 PM,PLAZO,PRIMERA PARTE,ROTC,28/01/2027,CONFIRMADA,3362460,0,15/09/2023,15/09/2028,0,BANCO CENTRAL DE LA REPUBLICA DOMINICANA,BCENTRAL,58191
DO1002227317,NO150928,BCENTRAL/11 BOEST 20280915 GTIA,2070000,DOP,207,0,103.144167,25/09/2026,12:32:32 PM,PLAZO,PRIMERA PARTE,ROTC,28/01/2027,CONFIRMADA,3362461,0,15/09/2023,15/09/2028,0,BANCO CENTRAL DE LA REPUBLICA DOMINICANA,BCENTRAL,58023
DO1002227317,NO150928,BCENTRAL/11 BOEST 20280915 GTIA,2070000,DOP,207,9,102.984332,25/09/2026,12:32:31 PM,PRESTAMO,SEGUNDA PARTE,ROTC,26/02/2027,CONFIRMADA,3362462,0,15/09/2023,15/09/2028,4.467622,BANCO CENTRAL DE LA REPUBLICA DOMINICANA,BCENTRAL,59647
DO1002227317,NO150928,BCENTRAL/11 BOEST 20280915 GTIA,2070000,DOP,207,0,103.144167,25/09/2026,12:32:31 PM,PRESTAMO,PRIMERA PARTE,ROTC,28/01/2027,CONFIRMADA,3362462,0,15/09/2023,15/09/2028,4.467622,BANCO CENTRAL DE LA REPUBLICA DOMINICANA,BCENTRAL,59619
DO1002227317,NO150928,BCENTRAL/11 BOEST 20280915 GTIA,2070000,DOP,207,9,102.984332,25/09/2026,12:32:29 PM,PLAZO,PRIMERA PARTE,ROTC,26/02/2027,CONFIRMADA,3362463,0,15/09/2023,15/09/2028,0,BANCO CENTRAL DE LA REPUBLICA DOMINICANA,BCENTRAL,58156
DO1002228612,NO031227,BCENTRAL/8 BOEST 20271203 GTIA,2190000,DOP,219,0,99.501731,25/09/2026,12:32:28 PM,PLAZO,PRIMERA PARTE,ROTC,26/02/2027,CONFIRMADA,3362464,0,03/12/2024,03/12/2027,0,BANCO CENTRAL DE LA REPUBLICA DOMINICANA,BCENTRAL,57372
DO1005206516,MH32028,HACIENDA/10.75 BOEST 20280811 GTIA,5900000,DOP,59,9.8516,101.474768,25/09/2026,12:32:28 PM,ESTRUCTURADA,SEGUNDA PARTE,ROTC,09/10/2026,CONFIRMADA,3362562,0,10/08/2018,11/08/2028,9.45,MINISTERIO DE HACIENDA,HACIENDA,63735
DO1005206516,MH32028,HACIENDA/10.75 BOEST 20280811 GTIA,5900000,DOP,59,9.8522,101.509072,25/09/2026,12:32:28 PM,ESTRUCTURADA,PRIMERA PARTE,ROTC,25/09/2026,CONFIRMADA,3362562,0,10/08/2018,11/08/2028,9.45,MINISTERIO DE HACIENDA,HACIENDA,63728
DO1002228612,NO031227,BCENTRAL/8 BOEST 20271203 GTIA,2190000,DOP,219,9,99.544688,25/09/2026,12:32:27 PM,PRESTAMO,SEGUNDA PARTE,ROTC,26/03/2027,CONFIRMADA,3362465,0,03/12/2024,03/12/2027,2.47625,BANCO CENTRAL DE LA REPUBLICA DOMINICANA,BCENTRAL,59101
DO1002228612,NO031227,BCENTRAL/8 BOEST 20271203 GTIA,2190000,DOP,219,0,99.501731,25/09/2026,12:32:27 PM,PRESTAMO,PRIMERA PARTE,ROTC,26/02/2027,CONFIRMADA,3362465,0,03/12/2024,03/12/2027,2.47625,BANCO CENTRAL DE LA REPUBLICA DOMINICANA,BCENTRAL,58968
DO1002228612,NO031227,BCENTRAL/8 BOEST 20271203 GTIA,2190000,DOP,219,9,99.544688,25/09/2026,12:32:26 PM,PLAZO,PRIMERA PARTE,ROTC,26/03/2027,CONFIRMADA,3362466,0,03/12/2024,03/12/2027,0,BANCO CENTRAL DE LA REPUBLICA DOMINICANA,BCENTRAL,57554
DO1005206516,MH32028,HACIENDA/10.75 BOEST 20280811 GTIA,5900000,DOP,59,9.8516,101.474768,25/09/2026,12:32:26 PM,PRESTAMO,SEGUNDA PARTE,ROTC,09/10/2026,CONFIRMADA,3362563,0,10/08/2018,11/08/2028,1.678407,MINISTERIO DE HACIENDA,HACIENDA,61621
DO1005206516,MH32028,HACIENDA/10.75 BOEST 20280811 GTIA,5900000,DOP,59,9.8522,101.509072,25/09/2026,12:32:26 PM,PRESTAMO,PRIMERA PARTE,ROTC,25/09/2026,CONFIRMADA,3362563,0,10/08/2018,11/08/2028,1.678407,MINISTERIO DE HACIENDA,HACIENDA,61614
DO1002227317,NO150928,BCENTRAL/11 BOEST 20280915 GTIA,2150000,DOP,215,0,102.92701,25/09/2026,12:32:25 PM,PLAZO,PRIMERA PARTE,ROTC,26/03/2027,CONFIRMADA,3362467,0,15/09/2023,15/09/2028,0,BANCO CENTRAL DE LA REPUBLICA DOMINICANA,BCENTRAL,57652
DO1002227317,NO150928,BCENTRAL/11 BOEST 20280915 GTIA,2150000,DOP,215,9,102.730934,25/09/2026,12:32:23 PM,PRESTAMO,SEGUNDA PARTE,ROTC,28/04/2027,CONFIRMADA,3362468,0,15/09/2023,15/09/2028,1.07562,BANCO CENTRAL DE LA REPUBLICA DOMINICANA,BCENTRAL,59647
DO1002227317,NO150928,BCENTRAL/11 BOEST 20280915 GTIA,2150000,DOP,215,0,102.92701,25/09/2026,12:32:23 PM,PRESTAMO,PRIMERA PARTE,ROTC,26/03/2027,CONFIRMADA,3362468,0,15/09/2023,15/09/2028,1.07562,BANCO CENTRAL DE LA REPUBLICA DOMINICANA,BCENTRAL,59241
DO1002227317,NO150928,BCENTRAL/11 BOEST 20280915 GTIA,2150000,DOP,215,9,102.730934,25/09/2026,12:32:22 PM,PLAZO,PRIMERA PARTE,ROTC,28/04/2027,CONFIRMADA,3362469,0,15/09/2023,15/09/2028,0,BANCO CENTRAL DE LA REPUBLICA DOMINICANA,BCENTRAL,58100
DO1002227317,NO150928,BCENTRAL/11 BOEST 20280915 GTIA,2130000,DOP,213,0,102.910135,25/09/2026,12:32:21 PM,PLAZO,PRIMERA PARTE,ROTC,28/04/2027,CONFIRMADA,3362470,0,15/09/2023,15/09/2028,0,BANCO CENTRAL DE LA REPUBLICA DOMINICANA,BCENTRAL,57953
DO1002227317,NO150928,BCENTRAL/11 BOEST 20280915 GTIA,2130000,DOP,213,9,102.738631,25/09/2026,12:32:19 PM,PRESTAMO,SEGUNDA PARTE,ROTC,28/05/2027,CONFIRMADA,3362471,0,15/09/2023,15/09/2028,1.944203,BANCO CENTRAL DE LA REPUBLICA DOMINICANA,BCENTRAL,59675
DO1002227317,NO150928,BCENTRAL/11 BOEST 20280915 GTIA,2130000,DOP,213,0,102.910135,25/09/2026,12:32:19 PM,PRESTAMO,PRIMERA PARTE,ROTC,28/04/2027,CONFIRMADA,3362471,0,15/09/2023,15/09/2028,1.944203,BANCO CENTRAL DE LA REPUBLICA DOMINICANA,BCENTRAL,59605
DO1002227317,NO150928,BCENTRAL/11 BOEST 20280915 GTIA,2740000,DOP,274,9.1,103.35481,25/09/2026,12:32:19 PM,CONTADO,PRIMERA PARTE,ROTC,25/09/2026,CONFIRMADA,3362521,0,15/09/2023,15/09/2028,0,BANCO CENTRAL DE LA REPUBLICA DOMINICANA,BCENTRAL,59430
DO1002227317,NO150928,BCENTRAL/11 BOEST 20280915 GTIA,2130000,DOP,213,9,102.738631,25/09/2026,12:32:18 PM,PLAZO,PRIMERA PARTE,ROTC,28/05/2027,CONFIRMADA,3362472,0,15/09/2023,15/09/2028,0,BANCO CENTRAL DE LA REPUBLICA DOMINICANA,BCENTRAL,58128
DO1002227317,NO150928,BCENTRAL/11 BOEST 20280915 GTIA,2110000,DOP,211,0,103.001314,25/09/2026,12:32:17 PM,PLAZO,PRIMERA PARTE,ROTC,28/05/2027,CONFIRMADA,3362473,0,15/09/2023,15/09/2028,0,BANCO CENTRAL DE LA REPUBLICA DOMINICANA,BCENTRAL,57904
DO1002227317,NO150928,BCENTRAL/11 BOEST 20280915 GTIA,2110000,DOP,211,9,102.831196,25/09/2026,12:32:16 PM,PRESTAMO,SEGUNDA PARTE,ROTC,28/06/2027,CONFIRMADA,3362474,0,15/09/2023,15/09/2028,2.801241,BANCO CENTRAL DE LA REPUBLICA DOMINICANA,BCENTRAL,59633
DO1002227317,NO150928,BCENTRAL/11 BOEST 20280915 GTIA,2110000,DOP,211,0,103.001314,25/09/2026,12:32:16 PM,PRESTAMO,PRIMERA PARTE,ROTC,28/05/2027,CONFIRMADA,3362474,0,15/09/2023,15/09/2028,2.801241,BANCO CENTRAL DE LA REPUBLICA DOMINICANA,BCENTRAL,59500
DO1002223928,NO120227,BCENTRAL/8 BOEST 20270212 GTIA,570000,DOP,57,6.3591,100.582549,25/09/2026,12:32:15 PM,CONTADO,PRIMERA PARTE,ROTC,28/09/2026,CONFIRMADA,3362476,0,12/02/2022,12/02/2027,0,BANCO CENTRAL DE LA REPUBLICA DOMINICANA,BCENTRAL,59822
DO1002223928,NO120227,BCENTRAL/8 BOEST 20270212 GTIA,570000,DOP,57,5.7104,100.637372,25/09/2026,12:32:14 PM,PRESTAMO,SEGUNDA PARTE,ROTC,28/10/2026,CONFIRMADA,3362477,0,12/02/2022,12/02/2027,1.689682,BANCO CENTRAL DE LA REPUBLICA DOMINICANA,BCENTRAL,60305
DO1002223928,NO120227,BCENTRAL/8 BOEST 20270212 GTIA,570000,DOP,57,6.3591,100.582549,25/09/2026,12:32:14 PM,PRESTAMO,PRIMERA PARTE,ROTC,28/09/2026,CONFIRMADA,3362477,0,12/02/2022,12/02/2027,1.689682,BANCO CENTRAL DE LA REPUBLICA DOMINICANA,BCENTRAL,60508
DO1002223928,NO120227,BCENTRAL/8 BOEST 20270212 GTIA,570000,DOP,57,5.7104,100.637372,25/09/2026,12:32:13 PM,PLAZO,PRIMERA PARTE,ROTC,28/10/2026,CONFIRMADA,3362478,0,12/02/2022,12/02/2027,0,BANCO CENTRAL DE LA REPUBLICA DOMINICANA,BCENTRAL,58758
DO1002223928,NO120227,BCENTRAL/8 BOEST 20270212 GTIA,2440000,DOP,244,7.52,100.159026,25/09/2026,12:32:11 PM,CONTADO,PRIMERA PARTE,ROTC,28/09/2026,CONFIRMADA,3362479,0,12/02/2022,12/02/2027,0,BANCO CENTRAL DE LA REPUBLICA DOMINICANA,BCENTRAL,59626
DO1002223928,NO120227,BCENTRAL/8 BOEST 20270212 GTIA,2440000,DOP,244,4.3326,100.444263,25/09/2026,12:32:10 PM,PRESTAMO,SEGUNDA PARTE,ROTC,28/12/2026,CONFIRMADA,3362481,0,12/02/2022,12/02/2027,3.175852,BANCO CENTRAL DE LA REPUBLICA DOMINICANA,BCENTRAL,60907
DO1002223928,NO120227,BCENTRAL/8 BOEST 20270212 GTIA,2440000,DOP,244,7.52,100.159026,25/09/2026,12:32:10 PM,PRESTAMO,PRIMERA PARTE,ROTC,28/09/2026,CONFIRMADA,3362481,0,12/02/2022,12/02/2027,3.175852,BANCO CENTRAL DE LA REPUBLICA DOMINICANA,BCENTRAL,60312
DO1002223928,NO120227,BCENTRAL/8 BOEST 20270212 GTIA,2440000,DOP,244,4.3326,100.444263,25/09/2026,12:32:09 PM,PLAZO,PRIMERA PARTE,ROTC,28/12/2026,CONFIRMADA,3362482,0,12/02/2022,12/02/2027,0,BANCO CENTRAL DE LA REPUBLICA DOMINICANA,BCENTRAL,59423
DO1002223928,NO120227,BCENTRAL/8 BOEST 20270212 GTIA,330000,DOP,33,4.9684,101.095388,25/09/2026,12:32:08 PM,CONTADO,PRIMERA PARTE,ROTC,28/09/2026,CONFIRMADA,3362483,0,12/02/2022,12/02/2027,0,BANCO CENTRAL DE LA REPUBLICA DOMINICANA,BCENTRAL,59808
DO1002223928,NO120227,BCENTRAL/8 BOEST 20270212 GTIA,330000,DOP,33,-3.0594,101.401573,25/09/2026,12:32:06 PM,PRESTAMO,SEGUNDA PARTE,ROTC,28/12/2026,CONFIRMADA,3362484,0,12/02/2022,12/02/2027,3.166796,BANCO CENTRAL DE LA REPUBLICA DOMINICANA,BCENTRAL,60536
DO1002223928,NO120227,BCENTRAL/8 BOEST 20270212 GTIA,330000,DOP,33,4.9684,101.095388,25/09/2026,12:32:06 PM,PRESTAMO,PRIMERA PARTE,ROTC,28/09/2026,CONFIRMADA,3362484,0,12/02/2022,12/02/2027,3.166796,BANCO CENTRAL DE LA REPUBLICA DOMINICANA,BCENTRAL,60487
DO1002223928,NO120227,BCENTRAL/8 BOEST 20270212 GTIA,330000,DOP,33,-3.0594,101.401573,25/09/2026,12:32:05 PM,PLAZO,PRIMERA PARTE,ROTC,28/12/2026,CONFIRMADA,3362485,0,12/02/2022,12/02/2027,0,BANCO CENTRAL DE LA REPUBLICA DOMINICANA,BCENTRAL,58989
DO1002223928,NO120227,BCENTRAL/8 BOEST 20270212 GTIA,3450000,DOP,345,6.6349,100.492754,25/09/2026,12:32:04 PM,CONTADO,PRIMERA PARTE,ROTC,25/09/2026,CONFIRMADA,3362512,0,12/02/2022,12/02/2027,0,BANCO CENTRAL DE LA REPUBLICA DOMINICANA,BCENTRAL,60473
DO1002223928,NO120227,BCENTRAL/8 BOEST 20270212 GTIA,3450000,DOP,345,6.0546,100.548289,25/09/2026,12:32:03 PM,PRESTAMO,SEGUNDA PARTE,ROTC,26/10/2026,CONFIRMADA,3362513,0,12/02/2022,12/02/2027,1.650021,BANCO CENTRAL DE LA REPUBLICA DOMINICANA,BCENTRAL,61033
DO1002223928,NO120227,BCENTRAL/8 BOEST 20270212 GTIA,3450000,DOP,345,6.6349,100.492754,25/09/2026,12:32:03 PM,PRESTAMO,PRIMERA PARTE,ROTC,25/09/2026,CONFIRMADA,3362513,0,12/02/2022,12/02/2027,1.650021,BANCO CENTRAL DE LA REPUBLICA DOMINICANA,BCENTRAL,61159
DO1002223928,NO120227,BCENTRAL/8 BOEST 20270212 GTIA,3450000,DOP,345,6.0546,100.548289,25/09/2026,12:32:01 PM,PLAZO,PRIMERA PARTE,ROTC,26/10/2026,CONFIRMADA,3362514,0,12/02/2022,12/02/2027,0,BANCO CENTRAL DE LA REPUBLICA DOMINICANA,BCENTRAL,59479
USP3579ECP09,BSRD2029, ,300000,USD,300,5.15,100.778087,25/09/2026,12:29:58 PM,CONTADO,PRIMERA PARTE,ROTC,25/09/2026,CONFIRMADA,3362520,0,22/02/2022,22/02/2029,0,MINISTERIO DE HACIENDA,HACIENDA,47852
DO1002261621,NO010230,BCENTRAL/9.5 BOEST 20300201 GTIA,500000,DOP,50,9.15,100.968553,25/09/2026,12:28:26 PM,CONTADO,PRIMERA PARTE,ROTC,25/09/2026,CONFIRMADA,3362536,0,01/02/2026,01/02/2030,0,BANCO CENTRAL DE LA REPUBLICA DOMINICANA,BCENTRAL,59570
DO1002227317,NO150928,BCENTRAL/11 BOEST 20280915 GTIA,870000,DOP,87,9.1,103.340125,25/09/2026,12:26:55 PM,CONTADO,PRIMERA PARTE,ROTC,28/09/2026,CONFIRMADA,3362519,0,15/09/2023,15/09/2028,0,BANCO CENTRAL DE LA REPUBLICA DOMINICANA,BCENTRAL,59122
DO2016300124,BC1GUL01,GULFSTREAM/11.25 BO 20290528,103680,DOP,103680,11.73733133,99.066767,25/09/2026,12:26:09 PM,PRESTAMO,SEGUNDA PARTE,ROTC,24/03/2027,CONFIRMADA,3362612,0,28/05/2019,28/05/2029,9.15,GULFSTREAM PETROLEUM DOMINICANA S DE RL,GULFSTREAM,62384
DO2016300124,BC1GUL01,GULFSTREAM/11.25 BO 20290528,103680,DOP,103680,11.24617356,100.000219,25/09/2026,12:26:09 PM,PRESTAMO,PRIMERA PARTE,ROTC,25/09/2026,CONFIRMADA,3362612,0,28/05/2019,28/05/2029,9.15,GULFSTREAM PETROLEUM DOMINICANA S DE RL,GULFSTREAM,62594
DO2016300124,BC1GUL01,GULFSTREAM/11.25 BO 20290528,103680,DOP,103680,11.73733133,99.066767,25/09/2026,12:26:08 PM,ESTRUCTURADA,SEGUNDA PARTE,ROTC,24/03/2027,CONFIRMADA,3362594,0,28/05/2019,28/05/2029,9.15,GULFSTREAM PETROLEUM DOMINICANA S DE RL,GULFSTREAM,64477
DO2016300124,BC1GUL01,GULFSTREAM/11.25 BO 20290528,103680,DOP,103680,11.24617356,100.000219,25/09/2026,12:26:08 PM,ESTRUCTURADA,PRIMERA PARTE,ROTC,25/09/2026,CONFIRMADA,3362594,0,28/05/2019,28/05/2029,9.15,GULFSTREAM PETROLEUM DOMINICANA S DE RL,GULFSTREAM,64687
DO1002261423,NO301129,BCENTRAL/9.5 BOEST 20291130 GTIA,820000,DOP,82,9.61276543,99.707141,25/09/2026,12:25:30 PM,PRESTAMO,SEGUNDA PARTE,ROTC,24/11/2026,CONFIRMADA,3362595,0,30/11/2025,30/11/2029,8.45,BANCO CENTRAL DE LA REPUBLICA DOMINICANA,BCENTRAL,62181
DO1002261423,NO301129,BCENTRAL/9.5 BOEST 20291130 GTIA,820000,DOP,82,9.56211365,99.807531,25/09/2026,12:25:30 PM,PRESTAMO,PRIMERA PARTE,ROTC,25/09/2026,CONFIRMADA,3362595,0,30/11/2025,30/11/2029,8.45,BANCO CENTRAL DE LA REPUBLICA DOMINICANA,BCENTRAL,62293
DO1002261423,NO301129,BCENTRAL/9.5 BOEST 20291130 GTIA,820000,DOP,82,9.61276543,99.707141,25/09/2026,12:25:28 PM,ESTRUCTURADA,SEGUNDA PARTE,ROTC,24/11/2026,CONFIRMADA,3362572,0,30/11/2025,30/11/2029,8.45,BANCO CENTRAL DE LA REPUBLICA DOMINICANA,BCENTRAL,64330
DO1002261423,NO301129,BCENTRAL/9.5 BOEST 20291130 GTIA,820000,DOP,82,9.56211365,99.807531,25/09/2026,12:25:28 PM,ESTRUCTURADA,PRIMERA PARTE,ROTC,25/09/2026,CONFIRMADA,3362572,0,30/11/2025,30/11/2029,8.45,BANCO CENTRAL DE LA REPUBLICA DOMINICANA,BCENTRAL,64442
DO1002261126,NO280929,BCENTRAL/9.5 BOEST 20290928 GTIA,1000000000,DOP,100000,9.95959995,98.828256,25/09/2026,12:21:38 PM,CONTADO,PRIMERA PARTE,ROTC,25/09/2026,CONFIRMADA,3362091,0,28/09/2025,28/09/2029,0,BANCO CENTRAL DE LA REPUBLICA DOMINICANA,BCENTRAL,64645
DO1002261126,NO280929,BCENTRAL/9.5 BOEST 20290928 GTIA,1000000000,DOP,100000,9.96751593,98.808256,25/09/2026,12:20:11 PM,CONTADO,PRIMERA PARTE,ROTC,25/09/2026,CONFIRMADA,3362090,0,28/09/2025,28/09/2029,0,BANCO CENTRAL DE LA REPUBLICA DOMINICANA,BCENTRAL,64456
DO1005205419,MH42026,HACIENDA/11 BOEST 20261204 GTIA,10000000,DOP,100,6.285,100.780661,25/09/2026,12:19:46 PM,PLAZO,PRIMERA PARTE,ROTC,02/10/2026,CONFIRMADA,3362544,0,04/06/2016,04/12/2026,0,MINISTERIO DE HACIENDA,HACIENDA,59010
DO1005205419,MH42026,HACIENDA/11 BOEST 20261204 GTIA,10000000,DOP,100,6.285,100.780661,25/09/2026,12:19:45 PM,PRESTAMO,SEGUNDA PARTE,ROTC,02/10/2026,CONFIRMADA,3362541,0,04/06/2016,04/12/2026,3.408635,MINISTERIO DE HACIENDA,HACIENDA,60543
DO1005205419,MH42026,HACIENDA/11 BOEST 20261204 GTIA,10000000,DOP,100,6.4379,100.838584,25/09/2026,12:19:45 PM,PRESTAMO,PRIMERA PARTE,ROTC,25/09/2026,CONFIRMADA,3362541,0,04/06/2016,04/12/2026,3.408635,MINISTERIO DE HACIENDA,HACIENDA,61145
DO1005205419,MH42026,HACIENDA/11 BOEST 20261204 GTIA,10000000,DOP,100,6.4379,100.838584,25/09/2026,12:19:44 PM,CONTADO,PRIMERA PARTE,ROTC,25/09/2026,CONFIRMADA,3362540,0,04/06/2016,04/12/2026,0,MINISTERIO DE HACIENDA,HACIENDA,60445
USP3579ECG00,BSRD2060,DOMINICAN REP/5.875 BD 20600130 U,10000,USD,10,7.08999997,84.530777,25/09/2026,12:18:52 PM,CONTADO,PRIMERA PARTE,ROTC,25/09/2026,CONFIRMADA,3362500,0,30/01/2020,30/01/2060,0,MINISTERIO DE HACIENDA,HACIENDA,62398
USP3579ECG00,BSRD2060,DOMINICAN REP/5.875 BD 20600130 U,10000,USD,10,7.08819603,84.550777,25/09/2026,12:17:21 PM,CONTADO,PRIMERA PARTE,ROTC,25/09/2026,CONFIRMADA,3362501,0,30/01/2020,30/01/2060,0,MINISTERIO DE HACIENDA,HACIENDA,62202
DO1005206516,MH32028,HACIENDA/10.75 BOEST 20280811 GTIA,2800000,DOP,28,10.7634,99.966121,25/09/2026,12:16:42 PM,ESTRUCTURADA,SEGUNDA PARTE,ROTC,28/10/2026,CONFIRMADA,3362504,0,10/08/2018,11/08/2028,8.55,MINISTERIO DE HACIENDA,HACIENDA,63651
DO1005206516,MH32028,HACIENDA/10.75 BOEST 20280811 GTIA,2800000,DOP,28,10.6761,100.126003,25/09/2026,12:16:42 PM,ESTRUCTURADA,PRIMERA PARTE,ROTC,28/09/2026,CONFIRMADA,3362504,0,10/08/2018,11/08/2028,8.55,MINISTERIO DE HACIENDA,HACIENDA,63896
DO1005206516,MH32028,HACIENDA/10.75 BOEST 20280811 GTIA,2800000,DOP,28,10.7634,99.966121,25/09/2026,12:16:41 PM,PRESTAMO,SEGUNDA PARTE,ROTC,28/10/2026,CONFIRMADA,3362505,0,10/08/2018,11/08/2028,2.118262,MINISTERIO DE HACIENDA,HACIENDA,61544
DO1005206516,MH32028,HACIENDA/10.75 BOEST 20280811 GTIA,2800000,DOP,28,10.6761,100.126003,25/09/2026,12:16:41 PM,PRESTAMO,PRIMERA PARTE,ROTC,28/09/2026,CONFIRMADA,3362505,0,10/08/2018,11/08/2028,2.118262,MINISTERIO DE HACIENDA,HACIENDA,61789
USP3579ECE51,BSRD2049,"DOMINICAN, REP /6.4 BD 20490605",350000,USD,350,0,108.1727,25/09/2026,12:15:37 PM,CONTADO,PRIMERA PARTE,MHRD,29/09/2026,CONFIRMADA,3362538,0,05/06/2019,05/06/2049,0,MINISTERIO DE HACIENDA,HACIENDA,58296
DO1005208629,MH12031,HACIENDA/8.5 BOEST 20310611 GTIA,3500000,DOP,35,5.4828,112.055365,25/09/2026,12:12:41 PM,PRESTAMO,SEGUNDA PARTE,ROTC,26/01/2027,CONFIRMADA,3362216,0,11/06/2021,11/06/2031,4.900656,MINISTERIO DE HACIENDA,HACIENDA,60683
DO1005208629,MH12031,HACIENDA/8.5 BOEST 20310611 GTIA,3500000,DOP,35,5.743,111.71003,25/09/2026,12:12:41 PM,PRESTAMO,PRIMERA PARTE,ROTC,28/09/2026,CONFIRMADA,3362216,0,11/06/2021,11/06/2031,4.900656,MINISTERIO DE HACIENDA,HACIENDA,59983
DO1005208629,MH12031,HACIENDA/8.5 BOEST 20310611 GTIA,3500000,DOP,35,5.4828,112.055365,25/09/2026,12:12:39 PM,ESTRUCTURADA,SEGUNDA PARTE,ROTC,26/01/2027,CONFIRMADA,3362215,0,11/06/2021,11/06/2031,8.35,MINISTERIO DE HACIENDA,HACIENDA,62832
DO1005208629,MH12031,HACIENDA/8.5 BOEST 20310611 GTIA,3500000,DOP,35,5.743,111.71003,25/09/2026,12:12:39 PM,ESTRUCTURADA,PRIMERA PARTE,ROTC,28/09/2026,CONFIRMADA,3362215,0,11/06/2021,11/06/2031,8.35,MINISTERIO DE HACIENDA,HACIENDA,62132
DO1005208215,MHUS2029,HACIENDA/6.95 BOEST 20290626 GTIA,101000,USD,101,23.0205,71.395713,25/09/2026,12:12:38 PM,PRESTAMO,SEGUNDA PARTE,ROTC,26/01/2027,CONFIRMADA,3362213,0,26/06/2020,26/06/2029,3.857727,MINISTERIO DE HACIENDA,HACIENDA,61950
DO1005208215,MHUS2029,HACIENDA/6.95 BOEST 20290626 GTIA,101000,USD,101,20.4672,72.539228,25/09/2026,12:12:38 PM,PRESTAMO,PRIMERA PARTE,ROTC,25/09/2026,CONFIRMADA,3362213,0,26/06/2020,26/06/2029,3.857727,MINISTERIO DE HACIENDA,HACIENDA,62132
DO1005208215,MHUS2029,HACIENDA/6.95 BOEST 20290626 GTIA,101000,USD,101,23.0205,71.395713,25/09/2026,12:12:37 PM,ESTRUCTURADA,SEGUNDA PARTE,ROTC,26/01/2027,CONFIRMADA,3362211,0,26/06/2020,26/06/2029,4.7,MINISTERIO DE HACIENDA,HACIENDA,64043
DO1005208215,MHUS2029,HACIENDA/6.95 BOEST 20290626 GTIA,101000,USD,101,20.4672,72.539228,25/09/2026,12:12:37 PM,ESTRUCTURADA,PRIMERA PARTE,ROTC,25/09/2026,CONFIRMADA,3362211,0,26/06/2020,26/06/2029,4.7,MINISTERIO DE HACIENDA,HACIENDA,64225
DO1005213025,MH22031,HACIENDA/10.25 BOEST 20310209 GTIA,4400000,DOP,44,8.8097,105.031572,25/09/2026,12:12:36 PM,PRESTAMO,SEGUNDA PARTE,ROTC,30/10/2026,CONFIRMADA,3362209,0,09/02/2024,09/02/2031,2.125428,MINISTERIO DE HACIENDA,HACIENDA,61243
DO1005213025,MH22031,HACIENDA/10.25 BOEST 20310209 GTIA,4400000,DOP,44,8.8286,105.052998,25/09/2026,12:12:36 PM,PRESTAMO,PRIMERA PARTE,ROTC,30/09/2026,CONFIRMADA,3362209,0,09/02/2024,09/02/2031,2.125428,MINISTERIO DE HACIENDA,HACIENDA,61467
DO2018100324,BC1AES03,AESTRELLA/11.25 BO 20301130,356053,DOP,356053,11.5927,98.885711,25/09/2026,12:12:36 PM,ESTRUCTURADA,SEGUNDA PARTE,ROTC,28/10/2026,CONFIRMADA,3362502,0,30/11/2020,30/11/2030,8.55,ACERO ESTRELLA S A,AESTRELLA,62244
DO2018100324,BC1AES03,AESTRELLA/11.25 BO 20301130,356053,DOP,356053,11.5224,99.097927,25/09/2026,12:12:36 PM,ESTRUCTURADA,PRIMERA PARTE,ROTC,28/09/2026,CONFIRMADA,3362502,0,30/11/2020,30/11/2030,8.55,ACERO ESTRELLA S A,AESTRELLA,62328
DO1005213025,MH22031,HACIENDA/10.25 BOEST 20310209 GTIA,4400000,DOP,44,8.8097,105.031572,25/09/2026,12:12:35 PM,ESTRUCTURADA,SEGUNDA PARTE,ROTC,30/10/2026,CONFIRMADA,3362208,0,09/02/2024,09/02/2031,9.25,MINISTERIO DE HACIENDA,HACIENDA,63336
DO1005213025,MH22031,HACIENDA/10.25 BOEST 20310209 GTIA,4400000,DOP,44,8.8286,105.052998,25/09/2026,12:12:35 PM,ESTRUCTURADA,PRIMERA PARTE,ROTC,30/09/2026,CONFIRMADA,3362208,0,09/02/2024,09/02/2031,9.25,MINISTERIO DE HACIENDA,HACIENDA,63560
DO2018100324,BC1AES03,AESTRELLA/11.25 BO 20301130,356053,DOP,356053,11.5927,98.885711,25/09/2026,12:12:35 PM,PRESTAMO,SEGUNDA PARTE,ROTC,28/10/2026,CONFIRMADA,3362503,0,30/11/2020,30/11/2030,1.595045,ACERO ESTRELLA S A,AESTRELLA,60137
DO2018100324,BC1AES03,AESTRELLA/11.25 BO 20301130,356053,DOP,356053,11.5224,99.097927,25/09/2026,12:12:35 PM,PRESTAMO,PRIMERA PARTE,ROTC,28/09/2026,CONFIRMADA,3362503,0,30/11/2020,30/11/2030,1.595045,ACERO ESTRELLA S A,AESTRELLA,60221
DO1005208629,MH12031,HACIENDA/8.5 BOEST 20310611 GTIA,12200000,DOP,122,9.9141,95.491769,25/09/2026,12:12:33 PM,PRESTAMO,SEGUNDA PARTE,ROTC,28/01/2027,CONFIRMADA,3362206,0,11/06/2021,11/06/2031,5.62072,MINISTERIO DE HACIENDA,HACIENDA,61131
DO1005208629,MH12031,HACIENDA/8.5 BOEST 20310611 GTIA,12200000,DOP,122,9.8989,95.276196,25/09/2026,12:12:33 PM,PRESTAMO,PRIMERA PARTE,ROTC,30/09/2026,CONFIRMADA,3362206,0,11/06/2021,11/06/2031,5.62072,MINISTERIO DE HACIENDA,HACIENDA,61292
DO1005208629,MH12031,HACIENDA/8.5 BOEST 20310611 GTIA,12200000,DOP,122,9.9141,95.491769,25/09/2026,12:12:32 PM,ESTRUCTURADA,SEGUNDA PARTE,ROTC,28/01/2027,CONFIRMADA,3362204,0,11/06/2021,11/06/2031,9.35,MINISTERIO DE HACIENDA,HACIENDA,63224
DO1005208629,MH12031,HACIENDA/8.5 BOEST 20310611 GTIA,12200000,DOP,122,9.8989,95.276196,25/09/2026,12:12:32 PM,ESTRUCTURADA,PRIMERA PARTE,ROTC,30/09/2026,CONFIRMADA,3362204,0,11/06/2021,11/06/2031,9.35,MINISTERIO DE HACIENDA,HACIENDA,63385
DO1005208215,MHUS2029,HACIENDA/6.95 BOEST 20290626 GTIA,282000,USD,282,2.2179,111.802585,25/09/2026,12:12:31 PM,ESTRUCTURADA,SEGUNDA PARTE,ROTC,27/11/2026,CONFIRMADA,3362201,0,26/06/2020,26/06/2029,4.4,MINISTERIO DE HACIENDA,HACIENDA,64176
DO1005208215,MHUS2029,HACIENDA/6.95 BOEST 20290626 GTIA,282000,USD,282,2.366,112.106475,25/09/2026,12:12:31 PM,ESTRUCTURADA,PRIMERA PARTE,ROTC,28/09/2026,CONFIRMADA,3362201,0,26/06/2020,26/06/2029,4.4,MINISTERIO DE HACIENDA,HACIENDA,63903
DO1005208215,MHUS2029,HACIENDA/6.95 BOEST 20290626 GTIA,282000,USD,282,2.2179,111.802585,25/09/2026,12:12:30 PM,PRESTAMO,SEGUNDA PARTE,ROTC,27/11/2026,CONFIRMADA,3362203,0,26/06/2020,26/06/2029,2.276238,MINISTERIO DE HACIENDA,HACIENDA,62069
DO1005208215,MHUS2029,HACIENDA/6.95 BOEST 20290626 GTIA,282000,USD,282,2.366,112.106475,25/09/2026,12:12:30 PM,PRESTAMO,PRIMERA PARTE,ROTC,28/09/2026,CONFIRMADA,3362203,0,26/06/2020,26/06/2029,2.276238,MINISTERIO DE HACIENDA,HACIENDA,61796
DO1005208215,MHUS2029,HACIENDA/6.95 BOEST 20290626 GTIA,282000,USD,282,2.2179,111.802582,25/09/2026,12:12:29 PM,ESTRUCTURADA,SEGUNDA PARTE,ROTC,27/11/2026,CONFIRMADA,3362486,0,26/06/2020,26/06/2029,4.4,MINISTERIO DE HACIENDA,HACIENDA,64204
DO1005208215,MHUS2029,HACIENDA/6.95 BOEST 20290626 GTIA,282000,USD,282,2.366,112.106472,25/09/2026,12:12:29 PM,ESTRUCTURADA,PRIMERA PARTE,ROTC,28/09/2026,CONFIRMADA,3362486,0,26/06/2020,26/06/2029,4.4,MINISTERIO DE HACIENDA,HACIENDA,63931
DO1005208215,MHUS2029,HACIENDA/6.95 BOEST 20290626 GTIA,282000,USD,282,2.2179,111.802582,25/09/2026,12:12:27 PM,PRESTAMO,SEGUNDA PARTE,ROTC,27/11/2026,CONFIRMADA,3362487,0,26/06/2020,26/06/2029,2.276238,MINISTERIO DE HACIENDA,HACIENDA,62090
DO1005208215,MHUS2029,HACIENDA/6.95 BOEST 20290626 GTIA,282000,USD,282,2.366,112.106472,25/09/2026,12:12:27 PM,PRESTAMO,PRIMERA PARTE,ROTC,28/09/2026,CONFIRMADA,3362487,0,26/06/2020,26/06/2029,2.276238,MINISTERIO DE HACIENDA,HACIENDA,61817
DO2018100324,BC1AES03,AESTRELLA/11.25 BO 20301130,90214,DOP,90214,10.8786,101.145199,25/09/2026,12:10:17 PM,PRESTAMO,SEGUNDA PARTE,ROTC,27/01/2027,CONFIRMADA,3362499,0,30/11/2020,30/11/2030,3.725318,ACERO ESTRELLA S A,AESTRELLA,59626
DO2018100324,BC1AES03,AESTRELLA/11.25 BO 20301130,90214,DOP,90214,11.522,99.098294,25/09/2026,12:10:17 PM,PRESTAMO,PRIMERA PARTE,ROTC,28/09/2026,CONFIRMADA,3362499,0,30/11/2020,30/11/2030,3.725318,ACERO ESTRELLA S A,AESTRELLA,59073
DO2018100324,BC1AES03,AESTRELLA/11.25 BO 20301130,90214,DOP,90214,10.8786,101.145199,25/09/2026,12:10:16 PM,ESTRUCTURADA,SEGUNDA PARTE,ROTC,27/01/2027,CONFIRMADA,3362498,0,30/11/2020,30/11/2030,8.75,ACERO ESTRELLA S A,AESTRELLA,61719
DO2018100324,BC1AES03,AESTRELLA/11.25 BO 20301130,90214,DOP,90214,11.522,99.098294,25/09/2026,12:10:16 PM,ESTRUCTURADA,PRIMERA PARTE,ROTC,28/09/2026,CONFIRMADA,3362498,0,30/11/2020,30/11/2030,8.75,ACERO ESTRELLA S A,AESTRELLA,61166
DO2018100324,BC1AES03,AESTRELLA/11.25 BO 20301130,39525,DOP,39525,10.9248,100.996837,25/09/2026,12:07:55 PM,ESTRUCTURADA,SEGUNDA PARTE,ROTC,05/02/2027,CONFIRMADA,3362496,0,30/11/2020,30/11/2030,8.5,ACERO ESTRELLA S A,AESTRELLA,61915
DO2018100324,BC1AES03,AESTRELLA/11.25 BO 20301130,39525,DOP,39525,11.5221,99.098853,25/09/2026,12:07:55 PM,ESTRUCTURADA,PRIMERA PARTE,ROTC,28/09/2026,CONFIRMADA,3362496,0,30/11/2020,30/11/2030,8.5,ACERO ESTRELLA S A,AESTRELLA,61691
DO2018100324,BC1AES03,AESTRELLA/11.25 BO 20301130,39525,DOP,39525,10.9248,100.996837,25/09/2026,12:07:54 PM,PRESTAMO,SEGUNDA PARTE,ROTC,05/02/2027,CONFIRMADA,3362497,0,30/11/2020,30/11/2030,3.845317,ACERO ESTRELLA S A,AESTRELLA,59808
DO2018100324,BC1AES03,AESTRELLA/11.25 BO 20301130,39525,DOP,39525,11.5221,99.098853,25/09/2026,12:07:54 PM,PRESTAMO,PRIMERA PARTE,ROTC,28/09/2026,CONFIRMADA,3362497,0,30/11/2020,30/11/2030,3.845317,ACERO ESTRELLA S A,AESTRELLA,59584
DO1002261324,NO241128,BCENTRAL/9.25 BOEST 20281124 GTIA,500000,DOP,50,9.2,100.073175,25/09/2026,12:06:15 PM,CONTADO,PRIMERA PARTE,ROTC,25/09/2026,CONFIRMADA,3362517,0,24/11/2025,24/11/2028,0,BANCO CENTRAL DE LA REPUBLICA DOMINICANA,BCENTRAL,59591
DO2018100324,BC1AES03,AESTRELLA/11.25 BO 20301130,171840,DOP,171840,10.1134,103.445612,25/09/2026,12:05:40 PM,PRESTAMO,SEGUNDA PARTE,ROTC,29/03/2027,CONFIRMADA,3362495,0,30/11/2020,30/11/2030,5.023287,ACERO ESTRELLA S A,AESTRELLA,60221
DO2018100324,BC1AES03,AESTRELLA/11.25 BO 20301130,171840,DOP,171840,11.5223,99.09818,25/09/2026,12:05:40 PM,PRESTAMO,PRIMERA PARTE,ROTC,28/09/2026,CONFIRMADA,3362495,0,30/11/2020,30/11/2030,5.023287,ACERO ESTRELLA S A,AESTRELLA,59794
DO2018100324,BC1AES03,AESTRELLA/11.25 BO 20301130,171840,DOP,171840,10.1134,103.445612,25/09/2026,12:05:39 PM,ESTRUCTURADA,SEGUNDA PARTE,ROTC,29/03/2027,CONFIRMADA,3362494,0,30/11/2020,30/11/2030,8.6,ACERO ESTRELLA S A,AESTRELLA,62377
DO2018100324,BC1AES03,AESTRELLA/11.25 BO 20301130,171840,DOP,171840,11.5223,99.09818,25/09/2026,12:05:39 PM,ESTRUCTURADA,PRIMERA PARTE,ROTC,28/09/2026,CONFIRMADA,3362494,0,30/11/2020,30/11/2030,8.6,ACERO ESTRELLA S A,AESTRELLA,61950
DO2018100324,BC1AES03,AESTRELLA/11.25 BO 20301130,54159,DOP,54159,11.5928,98.885578,25/09/2026,11:59:18 AM,PRESTAMO,SEGUNDA PARTE,ROTC,28/10/2026,CONFIRMADA,3362249,0,30/11/2020,30/11/2030,1.595045,ACERO ESTRELLA S A,AESTRELLA,59549
DO2018100324,BC1AES03,AESTRELLA/11.25 BO 20301130,54159,DOP,54159,11.5224,99.0978,25/09/2026,11:59:18 AM,PRESTAMO,PRIMERA PARTE,ROTC,28/09/2026,CONFIRMADA,3362249,0,30/11/2020,30/11/2030,1.595045,ACERO ESTRELLA S A,AESTRELLA,58807
DO2018100324,BC1AES03,AESTRELLA/11.25 BO 20301130,54159,DOP,54159,11.5928,98.885578,25/09/2026,11:59:11 AM,ESTRUCTURADA,SEGUNDA PARTE,ROTC,28/10/2026,CONFIRMADA,3362248,0,30/11/2020,30/11/2030,8.55,ACERO ESTRELLA S A,AESTRELLA,61600
DO2018100324,BC1AES03,AESTRELLA/11.25 BO 20301130,54159,DOP,54159,11.5224,99.0978,25/09/2026,11:59:11 AM,ESTRUCTURADA,PRIMERA PARTE,ROTC,28/09/2026,CONFIRMADA,3362248,0,30/11/2020,30/11/2030,8.55,ACERO ESTRELLA S A,AESTRELLA,60858
DO1005207118,MHUS2026,HACIENDA/6.65 BOEST 20261227 GTIA,5000,USD,5,4,100.63824,25/09/2026,11:57:13 AM,CONTADO,PRIMERA PARTE,ROTC,28/09/2026,CONFIRMADA,3362510,0,27/12/2019,27/12/2026,0,MINISTERIO DE HACIENDA,HACIENDA,57771
DO2016300223,BC1GUL02,GULFSTREAM/11.15 BO 20290624,127935,DOP,127935,11.3793,99.485934,25/09/2026,11:57:10 AM,PRESTAMO,SEGUNDA PARTE,ROTC,27/11/2026,CONFIRMADA,3362247,0,24/06/2019,24/06/2029,1.541638,GULFSTREAM PETROLEUM DOMINICANA S DE RL,GULFSTREAM,60963
DO2016300223,BC1GUL02,GULFSTREAM/11.15 BO 20290624,127935,DOP,127935,11.202,99.877152,25/09/2026,11:57:10 AM,PRESTAMO,PRIMERA PARTE,ROTC,28/09/2026,CONFIRMADA,3362247,0,24/06/2019,24/06/2029,1.541638,GULFSTREAM PETROLEUM DOMINICANA S DE RL,GULFSTREAM,60599
DO2016300223,BC1GUL02,GULFSTREAM/11.15 BO 20290624,127935,DOP,127935,11.3793,99.485934,25/09/2026,11:57:03 AM,ESTRUCTURADA,SEGUNDA PARTE,ROTC,27/11/2026,CONFIRMADA,3362246,0,24/06/2019,24/06/2029,8.65,GULFSTREAM PETROLEUM DOMINICANA S DE RL,GULFSTREAM,63077
DO2016300223,BC1GUL02,GULFSTREAM/11.15 BO 20290624,127935,DOP,127935,11.202,99.877152,25/09/2026,11:57:03 AM,ESTRUCTURADA,PRIMERA PARTE,ROTC,28/09/2026,CONFIRMADA,3362246,0,24/06/2019,24/06/2029,8.65,GULFSTREAM PETROLEUM DOMINICANA S DE RL,GULFSTREAM,62713
DO1002223928,NO120227,BCENTRAL/8 BOEST 20270212 GTIA,500000,DOP,50,8,99.985777,25/09/2026,11:56:23 AM,CONTADO,PRIMERA PARTE,ROTC,25/09/2026,CONFIRMADA,3362508,0,12/02/2022,12/02/2027,0,BANCO CENTRAL DE LA REPUBLICA DOMINICANA,BCENTRAL,57701
DO1002227721,NO111226,BCENTRAL/9 BOEST 20261211 GTIA,8250000,DOP,825,7,100.391709,25/09/2026,11:56:02 AM,CONTADO,PRIMERA PARTE,ROTC,25/09/2026,CONFIRMADA,3362507,0,11/12/2023,11/12/2026,0,BANCO CENTRAL DE LA REPUBLICA DOMINICANA,BCENTRAL,58562
DO1002261423,NO301129,BCENTRAL/9.5 BOEST 20291130 GTIA,1550000,DOP,155,9.53548772,99.889628,25/09/2026,11:53:45 AM,PRESTAMO,SEGUNDA PARTE,ROTC,26/01/2027,CONFIRMADA,3362511,0,30/11/2025,30/11/2029,8.25,BANCO CENTRAL DE LA REPUBLICA DOMINICANA,BCENTRAL,63014
DO1002261423,NO301129,BCENTRAL/9.5 BOEST 20291130 GTIA,1550000,DOP,155,9.42395086,100.179611,25/09/2026,11:53:45 AM,PRESTAMO,PRIMERA PARTE,ROTC,25/09/2026,CONFIRMADA,3362511,0,30/11/2025,30/11/2029,8.25,BANCO CENTRAL DE LA REPUBLICA DOMINICANA,BCENTRAL,63196
DO1002261423,NO301129,BCENTRAL/9.5 BOEST 20291130 GTIA,1550000,DOP,155,9.53548772,99.889628,25/09/2026,11:53:44 AM,ESTRUCTURADA,SEGUNDA PARTE,ROTC,26/01/2027,CONFIRMADA,3362488,0,30/11/2025,30/11/2029,8.25,BANCO CENTRAL DE LA REPUBLICA DOMINICANA,BCENTRAL,65107
DO1002261423,NO301129,BCENTRAL/9.5 BOEST 20291130 GTIA,1550000,DOP,155,9.42395086,100.179611,25/09/2026,11:53:44 AM,ESTRUCTURADA,PRIMERA PARTE,ROTC,25/09/2026,CONFIRMADA,3362488,0,30/11/2025,30/11/2029,8.25,BANCO CENTRAL DE LA REPUBLICA DOMINICANA,BCENTRAL,65289
DO1005208322,MHUS2040,HACIENDA/6.75 BOEST 20400724 GTIA,179000,USD,179,4.72385336,120.357234,25/09/2026,11:53:43 AM,PRESTAMO,SEGUNDA PARTE,ROTC,08/10/2026,CONFIRMADA,3362509,0,24/07/2020,24/07/2040,5.25,MINISTERIO DE HACIENDA,HACIENDA,63406
DO1005208322,MHUS2040,HACIENDA/6.75 BOEST 20400724 GTIA,179000,USD,179,4.72608043,120.370613,25/09/2026,11:53:43 AM,PRESTAMO,PRIMERA PARTE,ROTC,25/09/2026,CONFIRMADA,3362509,0,24/07/2020,24/07/2040,5.25,MINISTERIO DE HACIENDA,HACIENDA,63441
DO1005208322,MHUS2040,HACIENDA/6.75 BOEST 20400724 GTIA,179000,USD,179,4.72385336,120.357234,25/09/2026,11:53:42 AM,ESTRUCTURADA,SEGUNDA PARTE,ROTC,08/10/2026,CONFIRMADA,3362489,0,24/07/2020,24/07/2040,5.25,MINISTERIO DE HACIENDA,HACIENDA,65499
DO1005208322,MHUS2040,HACIENDA/6.75 BOEST 20400724 GTIA,179000,USD,179,4.72608043,120.370613,25/09/2026,11:53:42 AM,ESTRUCTURADA,PRIMERA PARTE,ROTC,25/09/2026,CONFIRMADA,3362489,0,24/07/2020,24/07/2040,5.25,MINISTERIO DE HACIENDA,HACIENDA,65534
DO1002261423,NO301129,BCENTRAL/9.5 BOEST 20291130 GTIA,350000,DOP,35,9.40066573,100.244624,25/09/2026,11:53:41 AM,PRESTAMO,SEGUNDA PARTE,ROTC,26/10/2026,CONFIRMADA,3362506,0,30/11/2025,30/11/2029,7.4,BANCO CENTRAL DE LA REPUBLICA DOMINICANA,BCENTRAL,62279
DO1002261423,NO301129,BCENTRAL/9.5 BOEST 20291130 GTIA,350000,DOP,35,9.3476616,100.385804,25/09/2026,11:53:41 AM,PRESTAMO,PRIMERA PARTE,ROTC,25/09/2026,CONFIRMADA,3362506,0,30/11/2025,30/11/2029,7.4,BANCO CENTRAL DE LA REPUBLICA DOMINICANA,BCENTRAL,62111
DO1002261423,NO301129,BCENTRAL/9.5 BOEST 20291130 GTIA,350000,DOP,35,9.40066573,100.244624,25/09/2026,11:53:39 AM,ESTRUCTURADA,SEGUNDA PARTE,ROTC,26/10/2026,CONFIRMADA,3362493,0,30/11/2025,30/11/2029,7.4,BANCO CENTRAL DE LA REPUBLICA DOMINICANA,BCENTRAL,64428
DO1002261423,NO301129,BCENTRAL/9.5 BOEST 20291130 GTIA,350000,DOP,35,9.3476616,100.385804,25/09/2026,11:53:39 AM,ESTRUCTURADA,PRIMERA PARTE,ROTC,25/09/2026,CONFIRMADA,3362493,0,30/11/2025,30/11/2029,7.4,BANCO CENTRAL DE LA REPUBLICA DOMINICANA,BCENTRAL,64260
DO1002227317,NO150928,BCENTRAL/11 BOEST 20280915 GTIA,500000,DOP,50,10.1,101.566863,25/09/2026,11:53:16 AM,CONTADO,PRIMERA PARTE,ROTC,25/09/2026,CONFIRMADA,3362480,0,15/09/2023,15/09/2028,0,BANCO CENTRAL DE LA REPUBLICA DOMINICANA,BCENTRAL,59227
DO1005206516,MH32028,HACIENDA/10.75 BOEST 20280811 GTIA,4900000,DOP,49,10.2956,100.740125,25/09/2026,11:52:27 AM,PRESTAMO,SEGUNDA PARTE,ROTC,09/10/2026,CONFIRMADA,3362244,0,10/08/2018,11/08/2028,1.513787,MINISTERIO DE HACIENDA,HACIENDA,61684
DO1005206516,MH32028,HACIENDA/10.75 BOEST 20280811 GTIA,4900000,DOP,49,10.1802,100.955507,25/09/2026,11:52:27 AM,PRESTAMO,PRIMERA PARTE,ROTC,25/09/2026,CONFIRMADA,3362244,0,10/08/2018,11/08/2028,1.513787,MINISTERIO DE HACIENDA,HACIENDA,61796
DO1002261324,NO241128,BCENTRAL/9.25 BOEST 20281124 GTIA,260000,DOP,26,9,100.458163,25/09/2026,11:52:00 AM,CONTADO,PRIMERA PARTE,ROTC,28/09/2026,CONFIRMADA,3362138,0,24/11/2025,24/11/2028,0,BANCO CENTRAL DE LA REPUBLICA DOMINICANA,BCENTRAL,58863
DO1005206516,MH32028,HACIENDA/10.75 BOEST 20280811 GTIA,4900000,DOP,49,10.2956,100.740125,25/09/2026,11:51:48 AM,ESTRUCTURADA,SEGUNDA PARTE,ROTC,09/10/2026,CONFIRMADA,3362243,0,10/08/2018,11/08/2028,4.95,MINISTERIO DE HACIENDA,HACIENDA,63798
DO1005206516,MH32028,HACIENDA/10.75 BOEST 20280811 GTIA,4900000,DOP,49,10.1802,100.955507,25/09/2026,11:51:48 AM,ESTRUCTURADA,PRIMERA PARTE,ROTC,25/09/2026,CONFIRMADA,3362243,0,10/08/2018,11/08/2028,4.95,MINISTERIO DE HACIENDA,HACIENDA,63910
USP3579ECJ49,BSRD2041, ,121000,USD,121,6.3,90.649682,25/09/2026,11:51:21 AM,CONTADO,PRIMERA PARTE,ROTC,28/09/2026,CONFIRMADA,3362139,0,21/01/2021,21/01/2041,0,MINISTERIO DE HACIENDA,HACIENDA,46970
USP3579ECF27,BSRD2030,DOMINICAN REP/4.5 BD 20300130 UNS,5000,USD,5,5.15,98.022984,25/09/2026,11:50:21 AM,CONTADO,PRIMERA PARTE,ROTC,28/09/2026,CONFIRMADA,3362137,0,30/01/2020,30/01/2030,0,MINISTERIO DE HACIENDA,HACIENDA,59591
DO1005207118,MHUS2026,HACIENDA/6.65 BOEST 20261227 GTIA,5000,USD,5,4,100.63824,25/09/2026,11:49:31 AM,CONTADO,PRIMERA PARTE,ROTC,28/09/2026,CONFIRMADA,3362140,0,27/12/2019,27/12/2026,0,MINISTERIO DE HACIENDA,HACIENDA,57778
DO1002226525,NO180228,BCENTRAL/15 BOEST 20280218 GTIA,6480000,DOP,648,9.9537,106.013985,25/09/2026,11:48:19 AM,PRESTAMO,SEGUNDA PARTE,ROTC,27/10/2026,CONFIRMADA,3362242,0,18/02/2023,18/02/2028,2.198905,BANCO CENTRAL DE LA REPUBLICA DOMINICANA,BCENTRAL,61558
DO1002226525,NO180228,BCENTRAL/15 BOEST 20280218 GTIA,6480000,DOP,648,9.9008,106.473359,25/09/2026,11:48:19 AM,PRESTAMO,PRIMERA PARTE,ROTC,25/09/2026,CONFIRMADA,3362242,0,18/02/2023,18/02/2028,2.198905,BANCO CENTRAL DE LA REPUBLICA DOMINICANA,BCENTRAL,61649
DO1002226525,NO180228,BCENTRAL/15 BOEST 20280218 GTIA,6480000,DOP,648,9.9537,106.013985,25/09/2026,11:48:12 AM,ESTRUCTURADA,SEGUNDA PARTE,ROTC,27/10/2026,CONFIRMADA,3362241,0,18/02/2023,18/02/2028,8.8,BANCO CENTRAL DE LA REPUBLICA DOMINICANA,BCENTRAL,63609
DO1002226525,NO180228,BCENTRAL/15 BOEST 20280218 GTIA,6480000,DOP,648,9.9008,106.473359,25/09/2026,11:48:12 AM,ESTRUCTURADA,PRIMERA PARTE,ROTC,25/09/2026,CONFIRMADA,3362241,0,18/02/2023,18/02/2028,8.8,BANCO CENTRAL DE LA REPUBLICA DOMINICANA,BCENTRAL,63700
USP3579EBY25,BSRD2048,DOMINICAN REP/6.5 CHURCH BD UNSEC,300000,USD,300,6.74999999,97.18231,25/09/2026,11:48:00 AM,CONTADO,PRIMERA PARTE,ROTC,25/09/2026,CONFIRMADA,3361965,0,08/02/2018,15/02/2048,0,MINISTERIO DE HACIENDA,HACIENDA,64442
DO1002261324,NO241128,BCENTRAL/9.25 BOEST 20281124 GTIA,260000,DOP,26,9,100.458163,25/09/2026,11:47:57 AM,CONTADO,PRIMERA PARTE,ROTC,28/09/2026,CONFIRMADA,3362133,0,24/11/2025,24/11/2028,0,BANCO CENTRAL DE LA REPUBLICA DOMINICANA,BCENTRAL,58975
USP3579ECJ49,BSRD2041, ,121000,USD,121,6.3,90.649682,25/09/2026,11:46:29 AM,CONTADO,PRIMERA PARTE,ROTC,28/09/2026,CONFIRMADA,3362134,0,21/01/2021,21/01/2041,0,MINISTERIO DE HACIENDA,HACIENDA,47054
USP3579ECF27,BSRD2030,DOMINICAN REP/4.5 BD 20300130 UNS,5000,USD,5,5.15,98.022984,25/09/2026,11:45:47 AM,CONTADO,PRIMERA PARTE,ROTC,28/09/2026,CONFIRMADA,3362132,0,30/01/2020,30/01/2030,0,MINISTERIO DE HACIENDA,HACIENDA,59675
USP3579ECE51,BSRD2049,"DOMINICAN, REP /6.4 BD 20490605",24000,USD,24,4.7296,123.062667,25/09/2026,11:44:28 AM,PRESTAMO,SEGUNDA PARTE,ROTC,09/10/2026,CONFIRMADA,3362240,0,05/06/2019,05/06/2049,1.656305,MINISTERIO DE HACIENDA,HACIENDA,60732
USP3579ECE51,BSRD2049,"DOMINICAN, REP /6.4 BD 20490605",24000,USD,24,4.7228,123.192319,25/09/2026,11:44:28 AM,PRESTAMO,PRIMERA PARTE,ROTC,25/09/2026,CONFIRMADA,3362240,0,05/06/2019,05/06/2049,1.656305,MINISTERIO DE HACIENDA,HACIENDA,60788
USP3579ECE51,BSRD2049,"DOMINICAN, REP /6.4 BD 20490605",24000,USD,24,4.7296,123.062667,25/09/2026,11:44:20 AM,ESTRUCTURADA,SEGUNDA PARTE,ROTC,09/10/2026,CONFIRMADA,3362239,0,05/06/2019,05/06/2049,2.45,MINISTERIO DE HACIENDA,HACIENDA,62776
USP3579ECE51,BSRD2049,"DOMINICAN, REP /6.4 BD 20490605",24000,USD,24,4.7228,123.192319,25/09/2026,11:44:20 AM,ESTRUCTURADA,PRIMERA PARTE,ROTC,25/09/2026,CONFIRMADA,3362239,0,05/06/2019,05/06/2049,2.45,MINISTERIO DE HACIENDA,HACIENDA,62832
DO1002227317,NO150928,BCENTRAL/11 BOEST 20280915 GTIA,6350000,DOP,635,7.232,100.266074,25/09/2026,11:43:52 AM,PLAZO,PRIMERA PARTE,ROTC,28/10/2026,CONFIRMADA,3362342,0,15/09/2023,15/09/2028,0,BANCO CENTRAL DE LA REPUBLICA DOMINICANA,BCENTRAL,59423
DO1002227317,NO150928,BCENTRAL/11 BOEST 20280915 GTIA,200000,DOP,20,9.6057,102.434245,25/09/2026,11:43:51 AM,CONTADO,PRIMERA PARTE,ROTC,28/09/2026,CONFIRMADA,3362343,0,15/09/2023,15/09/2028,0,BANCO CENTRAL DE LA REPUBLICA DOMINICANA,BCENTRAL,59962
DO1002227317,NO150928,BCENTRAL/11 BOEST 20280915 GTIA,200000,DOP,20,9.7036,101.96943,25/09/2026,11:43:50 AM,PRESTAMO,SEGUNDA PARTE,ROTC,28/12/2026,CONFIRMADA,3362344,0,15/09/2023,15/09/2028,2.563887,BANCO CENTRAL DE LA REPUBLICA DOMINICANA,BCENTRAL,60249
DO1002227317,NO150928,BCENTRAL/11 BOEST 20280915 GTIA,200000,DOP,20,9.6057,102.434245,25/09/2026,11:43:50 AM,PRESTAMO,PRIMERA PARTE,ROTC,28/09/2026,CONFIRMADA,3362344,0,15/09/2023,15/09/2028,2.563887,BANCO CENTRAL DE LA REPUBLICA DOMINICANA,BCENTRAL,60648
DO1002227317,NO150928,BCENTRAL/11 BOEST 20280915 GTIA,200000,DOP,20,9.7036,101.96943,25/09/2026,11:43:48 AM,PLAZO,PRIMERA PARTE,ROTC,28/12/2026,CONFIRMADA,3362345,0,15/09/2023,15/09/2028,0,BANCO CENTRAL DE LA REPUBLICA DOMINICANA,BCENTRAL,58758
DO1002227317,NO150928,BCENTRAL/11 BOEST 20280915 GTIA,970000,DOP,97,9.4404,102.729168,25/09/2026,11:43:47 AM,CONTADO,PRIMERA PARTE,ROTC,28/09/2026,CONFIRMADA,3362346,0,15/09/2023,15/09/2028,0,BANCO CENTRAL DE LA REPUBLICA DOMINICANA,BCENTRAL,60228
DO1002227317,NO150928,BCENTRAL/11 BOEST 20280915 GTIA,970000,DOP,97,5.5496,102.134657,25/09/2026,11:43:46 AM,PRESTAMO,SEGUNDA PARTE,ROTC,12/03/2027,CONFIRMADA,3362347,0,15/09/2023,15/09/2028,4.476634,BANCO CENTRAL DE LA REPUBLICA DOMINICANA,BCENTRAL,60774
DO1002227317,NO150928,BCENTRAL/11 BOEST 20280915 GTIA,970000,DOP,97,9.4404,102.729168,25/09/2026,11:43:46 AM,PRESTAMO,PRIMERA PARTE,ROTC,28/09/2026,CONFIRMADA,3362347,0,15/09/2023,15/09/2028,4.476634,BANCO CENTRAL DE LA REPUBLICA DOMINICANA,BCENTRAL,60914
DO1002227317,NO150928,BCENTRAL/11 BOEST 20280915 GTIA,970000,DOP,97,5.5496,102.134657,25/09/2026,11:43:44 AM,PLAZO,PRIMERA PARTE,ROTC,12/03/2027,CONFIRMADA,3362348,0,15/09/2023,15/09/2028,0,BANCO CENTRAL DE LA REPUBLICA DOMINICANA,BCENTRAL,59220
DO1002227317,NO150928,BCENTRAL/11 BOEST 20280915 GTIA,2040000,DOP,204,9.2161,103.131299,25/09/2026,11:43:43 AM,CONTADO,PRIMERA PARTE,ROTC,28/09/2026,CONFIRMADA,3362349,0,15/09/2023,15/09/2028,0,BANCO CENTRAL DE LA REPUBLICA DOMINICANA,BCENTRAL,60669
DO1002227317,NO150928,BCENTRAL/11 BOEST 20280915 GTIA,2040000,DOP,204,9.3649,102.619428,25/09/2026,11:43:42 AM,PRESTAMO,SEGUNDA PARTE,ROTC,27/11/2026,CONFIRMADA,3362350,0,15/09/2023,15/09/2028,1.627622,BANCO CENTRAL DE LA REPUBLICA DOMINICANA,BCENTRAL,61348
DO1002227317,NO150928,BCENTRAL/11 BOEST 20280915 GTIA,2040000,DOP,204,9.2161,103.131299,25/09/2026,11:43:42 AM,PRESTAMO,PRIMERA PARTE,ROTC,28/09/2026,CONFIRMADA,3362350,0,15/09/2023,15/09/2028,1.627622,BANCO CENTRAL DE LA REPUBLICA DOMINICANA,BCENTRAL,61355
DO1002227317,NO150928,BCENTRAL/11 BOEST 20280915 GTIA,2040000,DOP,204,9.3649,102.619428,25/09/2026,11:43:41 AM,PLAZO,PRIMERA PARTE,ROTC,27/11/2026,CONFIRMADA,3362351,0,15/09/2023,15/09/2028,0,BANCO CENTRAL DE LA REPUBLICA DOMINICANA,BCENTRAL,59801
DO1002227317,NO150928,BCENTRAL/11 BOEST 20280915 GTIA,2110000,DOP,211,9,102.831196,25/09/2026,11:43:39 AM,PLAZO,PRIMERA PARTE,ROTC,28/06/2027,CONFIRMADA,3362352,0,15/09/2023,15/09/2028,0,BANCO CENTRAL DE LA REPUBLICA DOMINICANA,BCENTRAL,58030
DO1002227317,NO150928,BCENTRAL/11 BOEST 20280915 GTIA,2090000,DOP,209,0,103.081509,25/09/2026,11:43:38 AM,PLAZO,PRIMERA PARTE,ROTC,28/06/2027,CONFIRMADA,3362353,0,15/09/2023,15/09/2028,0,BANCO CENTRAL DE LA REPUBLICA DOMINICANA,BCENTRAL,58030
DO1002227317,NO150928,BCENTRAL/11 BOEST 20280915 GTIA,2090000,DOP,209,9,102.923884,25/09/2026,11:43:37 AM,PRESTAMO,SEGUNDA PARTE,ROTC,28/07/2027,CONFIRMADA,3362354,0,15/09/2023,15/09/2028,3.625403,BANCO CENTRAL DE LA REPUBLICA DOMINICANA,BCENTRAL,59703
DO1002227317,NO150928,BCENTRAL/11 BOEST 20280915 GTIA,2090000,DOP,209,0,103.081509,25/09/2026,11:43:37 AM,PRESTAMO,PRIMERA PARTE,ROTC,28/06/2027,CONFIRMADA,3362354,0,15/09/2023,15/09/2028,3.625403,BANCO CENTRAL DE LA REPUBLICA DOMINICANA,BCENTRAL,59626
DO1002227317,NO150928,BCENTRAL/11 BOEST 20280915 GTIA,2090000,DOP,209,9,102.923884,25/09/2026,11:43:35 AM,PLAZO,PRIMERA PARTE,ROTC,28/07/2027,CONFIRMADA,3362355,0,15/09/2023,15/09/2028,0,BANCO CENTRAL DE LA REPUBLICA DOMINICANA,BCENTRAL,58149
DO1002227317,NO150928,BCENTRAL/11 BOEST 20280915 GTIA,2080000,DOP,208,0,102.695443,25/09/2026,11:43:34 AM,PLAZO,PRIMERA PARTE,ROTC,28/07/2027,CONFIRMADA,3362356,0,15/09/2023,15/09/2028,0,BANCO CENTRAL DE LA REPUBLICA DOMINICANA,BCENTRAL,58044
DO1002227317,NO150928,BCENTRAL/11 BOEST 20280915 GTIA,2080000,DOP,208,9,102.541372,25/09/2026,11:43:33 AM,PRESTAMO,SEGUNDA PARTE,ROTC,27/08/2027,CONFIRMADA,3362357,0,15/09/2023,15/09/2028,4.445744,BANCO CENTRAL DE LA REPUBLICA DOMINICANA,BCENTRAL,59577
DO1002227317,NO150928,BCENTRAL/11 BOEST 20280915 GTIA,2080000,DOP,208,0,102.695443,25/09/2026,11:43:33 AM,PRESTAMO,PRIMERA PARTE,ROTC,28/07/2027,CONFIRMADA,3362357,0,15/09/2023,15/09/2028,4.445744,BANCO CENTRAL DE LA REPUBLICA DOMINICANA,BCENTRAL,59640
DO1002227317,NO150928,BCENTRAL/11 BOEST 20280915 GTIA,2080000,DOP,208,9,102.541372,25/09/2026,11:43:31 AM,PLAZO,PRIMERA PARTE,ROTC,27/08/2027,CONFIRMADA,3362358,0,15/09/2023,15/09/2028,0,BANCO CENTRAL DE LA REPUBLICA DOMINICANA,BCENTRAL,58023
DO1002223928,NO120227,BCENTRAL/8 BOEST 20270212 GTIA,100000,DOP,10,-1.3938,103.52122,25/09/2026,11:43:30 AM,CONTADO,PRIMERA PARTE,ROTC,28/09/2026,CONFIRMADA,3362359,0,12/02/2022,12/02/2027,0,BANCO CENTRAL DE LA REPUBLICA DOMINICANA,BCENTRAL,59402
DO1002223928,NO120227,BCENTRAL/8 BOEST 20270212 GTIA,100000,DOP,10,-20.712,103.88167,25/09/2026,11:43:29 AM,PRESTAMO,SEGUNDA PARTE,ROTC,28/12/2026,CONFIRMADA,3362360,0,12/02/2022,12/02/2027,3.144084,BANCO CENTRAL DE LA REPUBLICA DOMINICANA,BCENTRAL,60088
DO1002223928,NO120227,BCENTRAL/8 BOEST 20270212 GTIA,100000,DOP,10,-1.3938,103.52122,25/09/2026,11:43:29 AM,PRESTAMO,PRIMERA PARTE,ROTC,28/09/2026,CONFIRMADA,3362360,0,12/02/2022,12/02/2027,3.144084,BANCO CENTRAL DE LA REPUBLICA DOMINICANA,BCENTRAL,60151
DO1002223928,NO120227,BCENTRAL/8 BOEST 20270212 GTIA,100000,DOP,10,-20.712,103.88167,25/09/2026,11:43:27 AM,PLAZO,PRIMERA PARTE,ROTC,28/12/2026,CONFIRMADA,3362361,0,12/02/2022,12/02/2027,0,BANCO CENTRAL DE LA REPUBLICA DOMINICANA,BCENTRAL,58534
DO1002228612,NO031227,BCENTRAL/8 BOEST 20271203 GTIA,2190000,DOP,219,0,99.51194,25/09/2026,11:43:26 AM,PLAZO,PRIMERA PARTE,ROTC,27/08/2027,CONFIRMADA,3362362,0,03/12/2024,03/12/2027,0,BANCO CENTRAL DE LA REPUBLICA DOMINICANA,BCENTRAL,56994
DO1002228612,NO031227,BCENTRAL/8 BOEST 20271203 GTIA,2190000,DOP,219,9,99.556605,25/09/2026,11:43:25 AM,PRESTAMO,SEGUNDA PARTE,ROTC,23/09/2027,CONFIRMADA,3362363,0,03/12/2024,03/12/2027,2.443762,BANCO CENTRAL DE LA REPUBLICA DOMINICANA,BCENTRAL,58954
DO1002228612,NO031227,BCENTRAL/8 BOEST 20271203 GTIA,2190000,DOP,219,0,99.51194,25/09/2026,11:43:25 AM,PRESTAMO,PRIMERA PARTE,ROTC,27/08/2027,CONFIRMADA,3362363,0,03/12/2024,03/12/2027,2.443762,BANCO CENTRAL DE LA REPUBLICA DOMINICANA,BCENTRAL,58590
DO1002228612,NO031227,BCENTRAL/8 BOEST 20271203 GTIA,2190000,DOP,219,9,99.556605,25/09/2026,11:43:24 AM,PLAZO,PRIMERA PARTE,ROTC,23/09/2027,CONFIRMADA,3362364,0,03/12/2024,03/12/2027,0,BANCO CENTRAL DE LA REPUBLICA DOMINICANA,BCENTRAL,57407
DO1002227317,NO150928,BCENTRAL/11 BOEST 20280915 GTIA,2140000,DOP,214,9.0982,103.34329,25/09/2026,11:43:23 AM,CONTADO,PRIMERA PARTE,ROTC,28/09/2026,CONFIRMADA,3362365,0,15/09/2023,15/09/2028,0,BANCO CENTRAL DE LA REPUBLICA DOMINICANA,BCENTRAL,60368
DO1002227317,NO150928,BCENTRAL/11 BOEST 20280915 GTIA,2140000,DOP,214,-1.3109,103.153534,25/09/2026,11:43:22 AM,PRESTAMO,SEGUNDA PARTE,ROTC,28/10/2026,CONFIRMADA,3362366,0,15/09/2023,15/09/2028,1.069186,BANCO CENTRAL DE LA REPUBLICA DOMINICANA,BCENTRAL,61488
DO1002227317,NO150928,BCENTRAL/11 BOEST 20280915 GTIA,2140000,DOP,214,9.0982,103.34329,25/09/2026,11:43:22 AM,PRESTAMO,PRIMERA PARTE,ROTC,28/09/2026,CONFIRMADA,3362366,0,15/09/2023,15/09/2028,1.069186,BANCO CENTRAL DE LA REPUBLICA DOMINICANA,BCENTRAL,61054
DO1002227317,NO150928,BCENTRAL/11 BOEST 20280915 GTIA,2140000,DOP,214,-1.3109,103.153534,25/09/2026,11:43:20 AM,PLAZO,PRIMERA PARTE,ROTC,28/10/2026,CONFIRMADA,3362367,0,15/09/2023,15/09/2028,0,BANCO CENTRAL DE LA REPUBLICA DOMINICANA,BCENTRAL,59934
DO1002228612,NO031227,BCENTRAL/8 BOEST 20271203 GTIA,100000,DOP,10,5.817,102.44262,25/09/2026,11:43:19 AM,CONTADO,PRIMERA PARTE,ROTC,28/09/2026,CONFIRMADA,3362368,0,03/12/2024,03/12/2027,0,BANCO CENTRAL DE LA REPUBLICA DOMINICANA,BCENTRAL,58793
DO1002228612,NO031227,BCENTRAL/8 BOEST 20271203 GTIA,100000,DOP,10,-2.5568,102.79446,25/09/2026,11:43:18 AM,PRESTAMO,SEGUNDA PARTE,ROTC,02/12/2026,CONFIRMADA,3362369,0,03/12/2024,03/12/2027,4.055329,BANCO CENTRAL DE LA REPUBLICA DOMINICANA,BCENTRAL,60088
DO1002228612,NO031227,BCENTRAL/8 BOEST 20271203 GTIA,100000,DOP,10,5.817,102.44262,25/09/2026,11:43:18 AM,PRESTAMO,PRIMERA PARTE,ROTC,28/09/2026,CONFIRMADA,3362369,0,03/12/2024,03/12/2027,4.055329,BANCO CENTRAL DE LA REPUBLICA DOMINICANA,BCENTRAL,59479
DO1002228612,NO031227,BCENTRAL/8 BOEST 20271203 GTIA,100000,DOP,10,-2.5568,102.79446,25/09/2026,11:43:16 AM,PLAZO,PRIMERA PARTE,ROTC,02/12/2026,CONFIRMADA,3362370,0,03/12/2024,03/12/2027,0,BANCO CENTRAL DE LA REPUBLICA DOMINICANA,BCENTRAL,58534
DO1002228612,NO031227,BCENTRAL/8 BOEST 20271203 GTIA,170000,DOP,17,0,96.743988,25/09/2026,11:43:15 AM,PLAZO,PRIMERA PARTE,ROTC,12/03/2027,CONFIRMADA,3362371,0,03/12/2024,03/12/2027,0,BANCO CENTRAL DE LA REPUBLICA DOMINICANA,BCENTRAL,56623
DO1002228612,NO031227,BCENTRAL/8 BOEST 20271203 GTIA,170000,DOP,17,0,97.010835,25/09/2026,11:43:14 AM,PRESTAMO,SEGUNDA PARTE,ROTC,02/06/2027,CONFIRMADA,3362372,0,03/12/2024,03/12/2027,4.203306,BANCO CENTRAL DE LA REPUBLICA DOMINICANA,BCENTRAL,58023
DO1002228612,NO031227,BCENTRAL/8 BOEST 20271203 GTIA,170000,DOP,17,0,96.743988,25/09/2026,11:43:14 AM,PRESTAMO,PRIMERA PARTE,ROTC,12/03/2027,CONFIRMADA,3362372,0,03/12/2024,03/12/2027,4.203306,BANCO CENTRAL DE LA REPUBLICA DOMINICANA,BCENTRAL,58219
DO1002228612,NO031227,BCENTRAL/8 BOEST 20271203 GTIA,170000,DOP,17,0,97.010835,25/09/2026,11:43:13 AM,PLAZO,PRIMERA PARTE,ROTC,02/06/2027,CONFIRMADA,3362373,0,03/12/2024,03/12/2027,0,BANCO CENTRAL DE LA REPUBLICA DOMINICANA,BCENTRAL,56476
DO1002227317,NO150928,BCENTRAL/11 BOEST 20280915 GTIA,160000,DOP,16,0,104.970169,25/09/2026,11:43:12 AM,PLAZO,PRIMERA PARTE,ROTC,02/06/2027,CONFIRMADA,3362374,0,15/09/2023,15/09/2028,0,BANCO CENTRAL DE LA REPUBLICA DOMINICANA,BCENTRAL,57260
DO1002227317,NO150928,BCENTRAL/11 BOEST 20280915 GTIA,160000,DOP,16,0,104.64965,25/09/2026,11:43:11 AM,PRESTAMO,SEGUNDA PARTE,ROTC,14/09/2027,CONFIRMADA,3362375,0,15/09/2023,15/09/2028,4.676352,BANCO CENTRAL DE LA REPUBLICA DOMINICANA,BCENTRAL,58485
DO1002227317,NO150928,BCENTRAL/11 BOEST 20280915 GTIA,160000,DOP,16,0,104.970169,25/09/2026,11:43:11 AM,PRESTAMO,PRIMERA PARTE,ROTC,02/06/2027,CONFIRMADA,3362375,0,15/09/2023,15/09/2028,4.676352,BANCO CENTRAL DE LA REPUBLICA DOMINICANA,BCENTRAL,58856
DO1002227317,NO150928,BCENTRAL/11 BOEST 20280915 GTIA,160000,DOP,16,0,104.64965,25/09/2026,11:43:10 AM,PLAZO,PRIMERA PARTE,ROTC,14/09/2027,CONFIRMADA,3362376,0,15/09/2023,15/09/2028,0,BANCO CENTRAL DE LA REPUBLICA DOMINICANA,BCENTRAL,56938
DO1002228612,NO031227,BCENTRAL/8 BOEST 20271203 GTIA,1170000,DOP,117,0,99.460278,25/09/2026,11:43:08 AM,PLAZO,PRIMERA PARTE,ROTC,23/10/2026,CONFIRMADA,3362377,0,03/12/2024,03/12/2027,0,BANCO CENTRAL DE LA REPUBLICA DOMINICANA,BCENTRAL,57253
DO1002228612,NO031227,BCENTRAL/8 BOEST 20271203 GTIA,1170000,DOP,117,0,99.594521,25/09/2026,11:43:07 AM,PRESTAMO,SEGUNDA PARTE,ROTC,25/11/2026,CONFIRMADA,3362378,0,03/12/2024,03/12/2027,3.82846,BANCO CENTRAL DE LA REPUBLICA DOMINICANA,BCENTRAL,58800
DO1002228612,NO031227,BCENTRAL/8 BOEST 20271203 GTIA,1170000,DOP,117,0,99.460278,25/09/2026,11:43:07 AM,PRESTAMO,PRIMERA PARTE,ROTC,23/10/2026,CONFIRMADA,3362378,0,03/12/2024,03/12/2027,3.82846,BANCO CENTRAL DE LA REPUBLICA DOMINICANA,BCENTRAL,58849
DO1002261928,LE090427,BCENTRAL/ LT 20270409 GTIA,1040000,DOP,104,7.3518,96.151423,25/09/2026,11:43:06 AM,CONTADO,PRIMERA PARTE,ROTC,25/09/2026,CONFIRMADA,3362254,0,09/04/2026,09/04/2027,0,BANCO CENTRAL DE LA REPUBLICA DOMINICANA,BCENTRAL,58023
DO1002228612,NO031227,BCENTRAL/8 BOEST 20271203 GTIA,1170000,DOP,117,0,99.594521,25/09/2026,11:43:06 AM,PLAZO,PRIMERA PARTE,ROTC,25/11/2026,CONFIRMADA,3362379,0,03/12/2024,03/12/2027,0,BANCO CENTRAL DE LA REPUBLICA DOMINICANA,BCENTRAL,57253
DO1002261928,LE090427,BCENTRAL/ LT 20270409 GTIA,440000,DOP,44,7.8297,95.911445,25/09/2026,11:43:05 AM,CONTADO,PRIMERA PARTE,ROTC,25/09/2026,CONFIRMADA,3362257,0,09/04/2026,09/04/2027,0,BANCO CENTRAL DE LA REPUBLICA DOMINICANA,BCENTRAL,57498
DO1002227317,NO150928,BCENTRAL/11 BOEST 20280915 GTIA,1140000,DOP,114,0,103.105699,25/09/2026,11:43:05 AM,PLAZO,PRIMERA PARTE,ROTC,25/11/2026,CONFIRMADA,3362380,0,15/09/2023,15/09/2028,0,BANCO CENTRAL DE LA REPUBLICA DOMINICANA,BCENTRAL,57911
DO1002261928,LE090427,BCENTRAL/ LT 20270409 GTIA,420000,DOP,42,10.3792,94.651352,25/09/2026,11:43:04 AM,CONTADO,PRIMERA PARTE,ROTC,25/09/2026,CONFIRMADA,3362260,0,09/04/2026,09/04/2027,0,BANCO CENTRAL DE LA REPUBLICA DOMINICANA,BCENTRAL,57701
DO1002227317,NO150928,BCENTRAL/11 BOEST 20280915 GTIA,1140000,DOP,114,0,102.996122,25/09/2026,11:43:04 AM,PRESTAMO,SEGUNDA PARTE,ROTC,24/12/2026,CONFIRMADA,3362381,0,15/09/2023,15/09/2028,2.762392,BANCO CENTRAL DE LA REPUBLICA DOMINICANA,BCENTRAL,59430
DO1002227317,NO150928,BCENTRAL/11 BOEST 20280915 GTIA,1140000,DOP,114,0,103.105699,25/09/2026,11:43:04 AM,PRESTAMO,PRIMERA PARTE,ROTC,25/11/2026,CONFIRMADA,3362381,0,15/09/2023,15/09/2028,2.762392,BANCO CENTRAL DE LA REPUBLICA DOMINICANA,BCENTRAL,59507
DO1005205716,MHUS2027,HACIENDA/6 BOEST 20270305 GTIA,216000,USD,216,0.1298,102.538954,25/09/2026,11:43:03 AM,CONTADO,PRIMERA PARTE,ROTC,28/09/2026,CONFIRMADA,3362263,0,05/09/2016,05/03/2027,0,MINISTERIO DE HACIENDA,HACIENDA,60263
DO1002227317,NO150928,BCENTRAL/11 BOEST 20280915 GTIA,1140000,DOP,114,0,102.996122,25/09/2026,11:43:03 AM,PLAZO,PRIMERA PARTE,ROTC,24/12/2026,CONFIRMADA,3362382,0,15/09/2023,15/09/2028,0,BANCO CENTRAL DE LA REPUBLICA DOMINICANA,BCENTRAL,57883
DO1002261928,LE090427,BCENTRAL/ LT 20270409 GTIA,600000,DOP,60,9.2899,95.279267,25/09/2026,11:43:02 AM,CONTADO,PRIMERA PARTE,ROTC,29/09/2026,CONFIRMADA,3362266,0,09/04/2026,09/04/2027,0,BANCO CENTRAL DE LA REPUBLICA DOMINICANA,BCENTRAL,57568
DO1002227317,NO150928,BCENTRAL/11 BOEST 20280915 GTIA,2590000,DOP,259,0,103.092408,25/09/2026,11:43:02 AM,PLAZO,PRIMERA PARTE,ROTC,23/10/2026,CONFIRMADA,3362383,0,15/09/2023,15/09/2028,0,BANCO CENTRAL DE LA REPUBLICA DOMINICANA,BCENTRAL,57960
USP3579ECN50,BSRD2033, ,40000,USD,40,6.85,95.642643,25/09/2026,11:43:00 AM,CONTADO,PRIMERA PARTE,ROTC,25/09/2026,CONFIRMADA,3362338,0,22/02/2022,22/02/2033,0,MINISTERIO DE HACIENDA,HACIENDA,46613
DO1002227317,NO150928,BCENTRAL/11 BOEST 20280915 GTIA,2590000,DOP,259,9,102.91146,25/09/2026,11:43:00 AM,PRESTAMO,SEGUNDA PARTE,ROTC,25/11/2026,CONFIRMADA,3362384,0,15/09/2023,15/09/2028,1.881157,BANCO CENTRAL DE LA REPUBLICA DOMINICANA,BCENTRAL,59213
DO1002227317,NO150928,BCENTRAL/11 BOEST 20280915 GTIA,2590000,DOP,259,0,103.092408,25/09/2026,11:43:00 AM,PRESTAMO,PRIMERA PARTE,ROTC,23/10/2026,CONFIRMADA,3362384,0,15/09/2023,15/09/2028,1.881157,BANCO CENTRAL DE LA REPUBLICA DOMINICANA,BCENTRAL,59549
DO1002261928,LE090427,BCENTRAL/ LT 20270409 GTIA,440000,DOP,44,8.0788,97.038405,25/09/2026,11:42:59 AM,PLAZO,PRIMERA PARTE,ROTC,24/11/2026,CONFIRMADA,3362259,0,09/04/2026,09/04/2027,0,BANCO CENTRAL DE LA REPUBLICA DOMINICANA,BCENTRAL,56560
DO1002227317,NO150928,BCENTRAL/11 BOEST 20280915 GTIA,2590000,DOP,259,9,102.91146,25/09/2026,11:42:59 AM,PLAZO,PRIMERA PARTE,ROTC,25/11/2026,CONFIRMADA,3362385,0,15/09/2023,15/09/2028,0,BANCO CENTRAL DE LA REPUBLICA DOMINICANA,BCENTRAL,57764
DO1002261928,LE090427,BCENTRAL/ LT 20270409 GTIA,600000,DOP,60,0,99.32718,25/09/2026,11:42:58 AM,PLAZO,PRIMERA PARTE,ROTC,29/03/2027,CONFIRMADA,3362268,0,09/04/2026,09/04/2027,0,BANCO CENTRAL DE LA REPUBLICA DOMINICANA,BCENTRAL,54376
DO1002227317,NO150928,BCENTRAL/11 BOEST 20280915 GTIA,2570000,DOP,257,0,102.900907,25/09/2026,11:42:58 AM,PLAZO,PRIMERA PARTE,ROTC,25/11/2026,CONFIRMADA,3362386,0,15/09/2023,15/09/2028,0,BANCO CENTRAL DE LA REPUBLICA DOMINICANA,BCENTRAL,58030
DO1002261928,LE090427,BCENTRAL/ LT 20270409 GTIA,1040000,DOP,104,-7.4397,100.227842,25/09/2026,11:42:57 AM,PRESTAMO,SEGUNDA PARTE,ROTC,29/03/2027,CONFIRMADA,3362255,0,09/04/2026,09/04/2027,4.067153,BANCO CENTRAL DE LA REPUBLICA DOMINICANA,BCENTRAL,59339
DO1002261928,LE090427,BCENTRAL/ LT 20270409 GTIA,1040000,DOP,104,7.3518,96.151423,25/09/2026,11:42:57 AM,PRESTAMO,PRIMERA PARTE,ROTC,25/09/2026,CONFIRMADA,3362255,0,09/04/2026,09/04/2027,4.067153,BANCO CENTRAL DE LA REPUBLICA DOMINICANA,BCENTRAL,58751
DO1002227317,NO150928,BCENTRAL/11 BOEST 20280915 GTIA,2570000,DOP,257,9,102.747513,25/09/2026,11:42:57 AM,PRESTAMO,SEGUNDA PARTE,ROTC,24/12/2026,CONFIRMADA,3362387,0,15/09/2023,15/09/2028,2.727464,BANCO CENTRAL DE LA REPUBLICA DOMINICANA,BCENTRAL,59640
DO1002227317,NO150928,BCENTRAL/11 BOEST 20280915 GTIA,2570000,DOP,257,0,102.900907,25/09/2026,11:42:57 AM,PRESTAMO,PRIMERA PARTE,ROTC,25/11/2026,CONFIRMADA,3362387,0,15/09/2023,15/09/2028,2.727464,BANCO CENTRAL DE LA REPUBLICA DOMINICANA,BCENTRAL,59626
DO1002261928,LE090427,BCENTRAL/ LT 20270409 GTIA,1040000,DOP,104,-7.4397,100.227842,25/09/2026,11:42:56 AM,PLAZO,PRIMERA PARTE,ROTC,29/03/2027,CONFIRMADA,3362256,0,09/04/2026,09/04/2027,0,BANCO CENTRAL DE LA REPUBLICA DOMINICANA,BCENTRAL,57792
DO1002227317,NO150928,BCENTRAL/11 BOEST 20280915 GTIA,2570000,DOP,257,9,102.747513,25/09/2026,11:42:56 AM,PLAZO,PRIMERA PARTE,ROTC,24/12/2026,CONFIRMADA,3362388,0,15/09/2023,15/09/2028,0,BANCO CENTRAL DE LA REPUBLICA DOMINICANA,BCENTRAL,58093
DO1002261928,LE090427,BCENTRAL/ LT 20270409 GTIA,440000,DOP,44,8.0788,97.038405,25/09/2026,11:42:55 AM,PRESTAMO,SEGUNDA PARTE,ROTC,24/11/2026,CONFIRMADA,3362258,0,09/04/2026,09/04/2027,1.161354,BANCO CENTRAL DE LA REPUBLICA DOMINICANA,BCENTRAL,58072
DO1002261928,LE090427,BCENTRAL/ LT 20270409 GTIA,440000,DOP,44,7.8297,95.911445,25/09/2026,11:42:55 AM,PRESTAMO,PRIMERA PARTE,ROTC,25/09/2026,CONFIRMADA,3362258,0,09/04/2026,09/04/2027,1.161354,BANCO CENTRAL DE LA REPUBLICA DOMINICANA,BCENTRAL,58219
DO1002228612,NO031227,BCENTRAL/8 BOEST 20271203 GTIA,1200000,DOP,120,0,99.538462,25/09/2026,11:42:55 AM,PLAZO,PRIMERA PARTE,ROTC,24/12/2026,CONFIRMADA,3362389,0,03/12/2024,03/12/2027,0,BANCO CENTRAL DE LA REPUBLICA DOMINICANA,BCENTRAL,57204
DO1002261928,LE090427,BCENTRAL/ LT 20270409 GTIA,420000,DOP,42,10.9481,95.22189,25/09/2026,11:42:53 AM,PRESTAMO,SEGUNDA PARTE,ROTC,26/10/2026,CONFIRMADA,3362261,0,09/04/2026,09/04/2027,0.599167,BANCO CENTRAL DE LA REPUBLICA DOMINICANA,BCENTRAL,57981
DO1002261928,LE090427,BCENTRAL/ LT 20270409 GTIA,420000,DOP,42,10.3792,94.651352,25/09/2026,11:42:53 AM,PRESTAMO,PRIMERA PARTE,ROTC,25/09/2026,CONFIRMADA,3362261,0,09/04/2026,09/04/2027,0.599167,BANCO CENTRAL DE LA REPUBLICA DOMINICANA,BCENTRAL,58415
DO1002228612,NO031227,BCENTRAL/8 BOEST 20271203 GTIA,1200000,DOP,120,0,99.644054,25/09/2026,11:42:53 AM,PRESTAMO,SEGUNDA PARTE,ROTC,25/01/2027,CONFIRMADA,3362390,0,03/12/2024,03/12/2027,1.260234,BANCO CENTRAL DE LA REPUBLICA DOMINICANA,BCENTRAL,58695
DO1002228612,NO031227,BCENTRAL/8 BOEST 20271203 GTIA,1200000,DOP,120,0,99.538462,25/09/2026,11:42:53 AM,PRESTAMO,PRIMERA PARTE,ROTC,24/12/2026,CONFIRMADA,3362390,0,03/12/2024,03/12/2027,1.260234,BANCO CENTRAL DE LA REPUBLICA DOMINICANA,BCENTRAL,58793
DO1002261928,LE090427,BCENTRAL/ LT 20270409 GTIA,420000,DOP,42,10.9481,95.22189,25/09/2026,11:42:52 AM,PLAZO,PRIMERA PARTE,ROTC,26/10/2026,CONFIRMADA,3362262,0,09/04/2026,09/04/2027,0,BANCO CENTRAL DE LA REPUBLICA DOMINICANA,BCENTRAL,56434
DO1002228612,NO031227,BCENTRAL/8 BOEST 20271203 GTIA,1200000,DOP,120,0,99.644054,25/09/2026,11:42:52 AM,PLAZO,PRIMERA PARTE,ROTC,25/01/2027,CONFIRMADA,3362391,0,03/12/2024,03/12/2027,0,BANCO CENTRAL DE LA REPUBLICA DOMINICANA,BCENTRAL,57148
DO1005205716,MHUS2027,HACIENDA/6 BOEST 20270305 GTIA,216000,USD,216,-63.818,101.895694,25/09/2026,11:42:51 AM,PRESTAMO,SEGUNDA PARTE,ROTC,25/02/2027,CONFIRMADA,3362264,0,05/09/2016,05/03/2027,2.100997,MINISTERIO DE HACIENDA,HACIENDA,61243
DO1005205716,MHUS2027,HACIENDA/6 BOEST 20270305 GTIA,216000,USD,216,0.1298,102.538954,25/09/2026,11:42:51 AM,PRESTAMO,PRIMERA PARTE,ROTC,28/09/2026,CONFIRMADA,3362264,0,05/09/2016,05/03/2027,2.100997,MINISTERIO DE HACIENDA,HACIENDA,60970
DO1002228612,NO031227,BCENTRAL/8 BOEST 20271203 GTIA,1190000,DOP,119,0,99.675501,25/09/2026,11:42:51 AM,PLAZO,PRIMERA PARTE,ROTC,25/01/2027,CONFIRMADA,3362392,0,03/12/2024,03/12/2027,0,BANCO CENTRAL DE LA REPUBLICA DOMINICANA,BCENTRAL,57260
DO1005205716,MHUS2027,HACIENDA/6 BOEST 20270305 GTIA,216000,USD,216,-63.818,101.895694,25/09/2026,11:42:50 AM,PLAZO,PRIMERA PARTE,ROTC,25/02/2027,CONFIRMADA,3362265,0,05/09/2016,05/03/2027,0,MINISTERIO DE HACIENDA,HACIENDA,59696
DO1002228612,NO031227,BCENTRAL/8 BOEST 20271203 GTIA,1190000,DOP,119,0,99.784378,25/09/2026,11:42:50 AM,PRESTAMO,SEGUNDA PARTE,ROTC,25/02/2027,CONFIRMADA,3362393,0,03/12/2024,03/12/2027,1.923665,BANCO CENTRAL DE LA REPUBLICA DOMINICANA,BCENTRAL,58891
DO1002228612,NO031227,BCENTRAL/8 BOEST 20271203 GTIA,1190000,DOP,119,0,99.675501,25/09/2026,11:42:50 AM,PRESTAMO,PRIMERA PARTE,ROTC,25/01/2027,CONFIRMADA,3362393,0,03/12/2024,03/12/2027,1.923665,BANCO CENTRAL DE LA REPUBLICA DOMINICANA,BCENTRAL,58856
DO1002261928,LE090427,BCENTRAL/ LT 20270409 GTIA,600000,DOP,60,0,99.32718,25/09/2026,11:42:49 AM,PRESTAMO,SEGUNDA PARTE,ROTC,29/03/2027,CONFIRMADA,3362267,0,09/04/2026,09/04/2027,4.075333,BANCO CENTRAL DE LA REPUBLICA DOMINICANA,BCENTRAL,55916
DO1002261928,LE090427,BCENTRAL/ LT 20270409 GTIA,600000,DOP,60,9.2899,95.279267,25/09/2026,11:42:49 AM,PRESTAMO,PRIMERA PARTE,ROTC,29/09/2026,CONFIRMADA,3362267,0,09/04/2026,09/04/2027,4.075333,BANCO CENTRAL DE LA REPUBLICA DOMINICANA,BCENTRAL,58331
DO1002228612,NO031227,BCENTRAL/8 BOEST 20271203 GTIA,1190000,DOP,119,0,99.784378,25/09/2026,11:42:48 AM,PLAZO,PRIMERA PARTE,ROTC,25/02/2027,CONFIRMADA,3362394,0,03/12/2024,03/12/2027,0,BANCO CENTRAL DE LA REPUBLICA DOMINICANA,BCENTRAL,57400
DO1002228612,NO031227,BCENTRAL/8 BOEST 20271203 GTIA,1180000,DOP,118,0,99.848761,25/09/2026,11:42:47 AM,PLAZO,PRIMERA PARTE,ROTC,25/02/2027,CONFIRMADA,3362395,0,03/12/2024,03/12/2027,0,BANCO CENTRAL DE LA REPUBLICA DOMINICANA,BCENTRAL,57358
DO1002228612,NO031227,BCENTRAL/8 BOEST 20271203 GTIA,1180000,DOP,118,0,99.949423,25/09/2026,11:42:46 AM,PRESTAMO,SEGUNDA PARTE,ROTC,24/03/2027,CONFIRMADA,3362396,0,03/12/2024,03/12/2027,2.480952,BANCO CENTRAL DE LA REPUBLICA DOMINICANA,BCENTRAL,58870
DO1002228612,NO031227,BCENTRAL/8 BOEST 20271203 GTIA,1180000,DOP,118,0,99.848761,25/09/2026,11:42:46 AM,PRESTAMO,PRIMERA PARTE,ROTC,25/02/2027,CONFIRMADA,3362396,0,03/12/2024,03/12/2027,2.480952,BANCO CENTRAL DE LA REPUBLICA DOMINICANA,BCENTRAL,58954
DO1002223928,NO120227,BCENTRAL/8 BOEST 20270212 GTIA,240000,DOP,24,3.4435,101.652542,25/09/2026,11:42:45 AM,CONTADO,PRIMERA PARTE,ROTC,29/09/2026,CONFIRMADA,3362397,0,12/02/2022,12/02/2027,0,BANCO CENTRAL DE LA REPUBLICA DOMINICANA,BCENTRAL,59570
DO1002223928,NO120227,BCENTRAL/8 BOEST 20270212 GTIA,240000,DOP,24,-29.789,101.816637,25/09/2026,11:42:43 AM,PRESTAMO,SEGUNDA PARTE,ROTC,27/01/2027,CONFIRMADA,3362398,0,12/02/2022,12/02/2027,3.618388,BANCO CENTRAL DE LA REPUBLICA DOMINICANA,BCENTRAL,60599
DO1002223928,NO120227,BCENTRAL/8 BOEST 20270212 GTIA,240000,DOP,24,3.4435,101.652542,25/09/2026,11:42:43 AM,PRESTAMO,PRIMERA PARTE,ROTC,29/09/2026,CONFIRMADA,3362398,0,12/02/2022,12/02/2027,3.618388,BANCO CENTRAL DE LA REPUBLICA DOMINICANA,BCENTRAL,60249
DO1002223928,NO120227,BCENTRAL/8 BOEST 20270212 GTIA,240000,DOP,24,-29.789,101.816637,25/09/2026,11:42:42 AM,PLAZO,PRIMERA PARTE,ROTC,27/01/2027,CONFIRMADA,3362399,0,12/02/2022,12/02/2027,0,BANCO CENTRAL DE LA REPUBLICA DOMINICANA,BCENTRAL,59052
DO1002223928,NO120227,BCENTRAL/8 BOEST 20270212 GTIA,40000,DOP,4,0.6067,102.743975,25/09/2026,11:42:41 AM,CONTADO,PRIMERA PARTE,ROTC,28/09/2026,CONFIRMADA,3362400,0,12/02/2022,12/02/2027,0,BANCO CENTRAL DE LA REPUBLICA DOMINICANA,BCENTRAL,58919
DO1002223928,NO120227,BCENTRAL/8 BOEST 20270212 GTIA,40000,DOP,4,-13.441,102.82475,25/09/2026,11:42:40 AM,PRESTAMO,SEGUNDA PARTE,ROTC,28/12/2026,CONFIRMADA,3362401,0,12/02/2022,12/02/2027,2.911205,BANCO CENTRAL DE LA REPUBLICA DOMINICANA,BCENTRAL,59374
DO1002223928,NO120227,BCENTRAL/8 BOEST 20270212 GTIA,40000,DOP,4,0.6067,102.743975,25/09/2026,11:42:40 AM,PRESTAMO,PRIMERA PARTE,ROTC,28/09/2026,CONFIRMADA,3362401,0,12/02/2022,12/02/2027,2.911205,BANCO CENTRAL DE LA REPUBLICA DOMINICANA,BCENTRAL,59605
DO1002223928,NO120227,BCENTRAL/8 BOEST 20270212 GTIA,40000,DOP,4,-13.441,102.82475,25/09/2026,11:42:39 AM,PLAZO,PRIMERA PARTE,ROTC,28/12/2026,CONFIRMADA,3362402,0,12/02/2022,12/02/2027,0,BANCO CENTRAL DE LA REPUBLICA DOMINICANA,BCENTRAL,57890
DO1002228612,NO031227,BCENTRAL/8 BOEST 20271203 GTIA,1180000,DOP,118,0,99.949423,25/09/2026,11:42:38 AM,PLAZO,PRIMERA PARTE,ROTC,24/03/2027,CONFIRMADA,3362403,0,03/12/2024,03/12/2027,0,BANCO CENTRAL DE LA REPUBLICA DOMINICANA,BCENTRAL,57337
DO1002223928,NO120227,BCENTRAL/8 BOEST 20270212 GTIA,510000,DOP,51,6.1772,100.644327,25/09/2026,11:42:36 AM,CONTADO,PRIMERA PARTE,ROTC,29/09/2026,CONFIRMADA,3362404,0,12/02/2022,12/02/2027,0,BANCO CENTRAL DE LA REPUBLICA DOMINICANA,BCENTRAL,59605
DO1002223928,NO120227,BCENTRAL/8 BOEST 20270212 GTIA,510000,DOP,51,0.4803,100.937649,25/09/2026,11:42:35 AM,PRESTAMO,SEGUNDA PARTE,ROTC,28/12/2026,CONFIRMADA,3362405,0,12/02/2022,12/02/2027,3.168555,BANCO CENTRAL DE LA REPUBLICA DOMINICANA,BCENTRAL,60207
DO1002223928,NO120227,BCENTRAL/8 BOEST 20270212 GTIA,510000,DOP,51,6.1772,100.644327,25/09/2026,11:42:35 AM,PRESTAMO,PRIMERA PARTE,ROTC,29/09/2026,CONFIRMADA,3362405,0,12/02/2022,12/02/2027,3.168555,BANCO CENTRAL DE LA REPUBLICA DOMINICANA,BCENTRAL,60291
DO1002223928,NO120227,BCENTRAL/8 BOEST 20270212 GTIA,510000,DOP,51,0.4803,100.937649,25/09/2026,11:42:34 AM,PLAZO,PRIMERA PARTE,ROTC,28/12/2026,CONFIRMADA,3362406,0,12/02/2022,12/02/2027,0,BANCO CENTRAL DE LA REPUBLICA DOMINICANA,BCENTRAL,58660
DO1002227317,NO150928,BCENTRAL/11 BOEST 20280915 GTIA,6140000,DOP,614,0,102.927898,25/09/2026,11:42:33 AM,PLAZO,PRIMERA PARTE,ROTC,28/10/2026,CONFIRMADA,3362407,0,15/09/2023,15/09/2028,0,BANCO CENTRAL DE LA REPUBLICA DOMINICANA,BCENTRAL,58079
DO1002227317,NO150928,BCENTRAL/11 BOEST 20280915 GTIA,6140000,DOP,614,1,102.828456,25/09/2026,11:42:32 AM,PRESTAMO,SEGUNDA PARTE,ROTC,27/11/2026,CONFIRMADA,3362408,0,15/09/2023,15/09/2028,2.016999,BANCO CENTRAL DE LA REPUBLICA DOMINICANA,BCENTRAL,59549
DO1002227317,NO150928,BCENTRAL/11 BOEST 20280915 GTIA,6140000,DOP,614,0,102.927898,25/09/2026,11:42:32 AM,PRESTAMO,PRIMERA PARTE,ROTC,28/10/2026,CONFIRMADA,3362408,0,15/09/2023,15/09/2028,2.016999,BANCO CENTRAL DE LA REPUBLICA DOMINICANA,BCENTRAL,59675
DO1002227317,NO150928,BCENTRAL/11 BOEST 20280915 GTIA,6140000,DOP,614,1,102.828456,25/09/2026,11:42:30 AM,PLAZO,PRIMERA PARTE,ROTC,27/11/2026,CONFIRMADA,3362409,0,15/09/2023,15/09/2028,0,BANCO CENTRAL DE LA REPUBLICA DOMINICANA,BCENTRAL,57995
DO1002227317,NO150928,BCENTRAL/11 BOEST 20280915 GTIA,6090000,DOP,609,0,102.87208,25/09/2026,11:42:29 AM,PLAZO,PRIMERA PARTE,ROTC,27/11/2026,CONFIRMADA,3362410,0,15/09/2023,15/09/2028,0,BANCO CENTRAL DE LA REPUBLICA DOMINICANA,BCENTRAL,57708
DO1002227317,NO150928,BCENTRAL/11 BOEST 20280915 GTIA,6090000,DOP,609,1,102.776214,25/09/2026,11:42:28 AM,PRESTAMO,SEGUNDA PARTE,ROTC,28/12/2026,CONFIRMADA,3362411,0,15/09/2023,15/09/2028,2.892636,BANCO CENTRAL DE LA REPUBLICA DOMINICANA,BCENTRAL,59612
DO1002227317,NO150928,BCENTRAL/11 BOEST 20280915 GTIA,6090000,DOP,609,0,102.87208,25/09/2026,11:42:28 AM,PRESTAMO,PRIMERA PARTE,ROTC,27/11/2026,CONFIRMADA,3362411,0,15/09/2023,15/09/2028,2.892636,BANCO CENTRAL DE LA REPUBLICA DOMINICANA,BCENTRAL,59304
DO1002227317,NO150928,BCENTRAL/11 BOEST 20280915 GTIA,6090000,DOP,609,1,102.776214,25/09/2026,11:42:27 AM,PLAZO,PRIMERA PARTE,ROTC,28/12/2026,CONFIRMADA,3362412,0,15/09/2023,15/09/2028,0,BANCO CENTRAL DE LA REPUBLICA DOMINICANA,BCENTRAL,58065
DO1002227317,NO150928,BCENTRAL/11 BOEST 20280915 GTIA,6030000,DOP,603,0,102.975766,25/09/2026,11:42:26 AM,PLAZO,PRIMERA PARTE,ROTC,28/12/2026,CONFIRMADA,3362413,0,15/09/2023,15/09/2028,0,BANCO CENTRAL DE LA REPUBLICA DOMINICANA,BCENTRAL,58058
DO1002227317,NO150928,BCENTRAL/11 BOEST 20280915 GTIA,6030000,DOP,603,1,102.888319,25/09/2026,11:42:25 AM,PRESTAMO,SEGUNDA PARTE,ROTC,28/01/2027,CONFIRMADA,3362414,0,15/09/2023,15/09/2028,3.752447,BANCO CENTRAL DE LA REPUBLICA DOMINICANA,BCENTRAL,59570
DO1002227317,NO150928,BCENTRAL/11 BOEST 20280915 GTIA,6030000,DOP,603,0,102.975766,25/09/2026,11:42:25 AM,PRESTAMO,PRIMERA PARTE,ROTC,28/12/2026,CONFIRMADA,3362414,0,15/09/2023,15/09/2028,3.752447,BANCO CENTRAL DE LA REPUBLICA DOMINICANA,BCENTRAL,59654
DO1002227317,NO150928,BCENTRAL/11 BOEST 20280915 GTIA,6030000,DOP,603,1,102.888319,25/09/2026,11:42:23 AM,PLAZO,PRIMERA PARTE,ROTC,28/01/2027,CONFIRMADA,3362415,0,15/09/2023,15/09/2028,0,BANCO CENTRAL DE LA REPUBLICA DOMINICANA,BCENTRAL,58016
DO1002227317,NO150928,BCENTRAL/11 BOEST 20280915 GTIA,5980000,DOP,598,0,102.921202,25/09/2026,11:42:22 AM,PLAZO,PRIMERA PARTE,ROTC,28/01/2027,CONFIRMADA,3362416,0,15/09/2023,15/09/2028,0,BANCO CENTRAL DE LA REPUBLICA DOMINICANA,BCENTRAL,58037
DO1002227317,NO150928,BCENTRAL/11 BOEST 20280915 GTIA,5980000,DOP,598,1,102.84608,25/09/2026,11:42:21 AM,PRESTAMO,SEGUNDA PARTE,ROTC,26/02/2027,CONFIRMADA,3362417,0,15/09/2023,15/09/2028,4.551912,BANCO CENTRAL DE LA REPUBLICA DOMINICANA,BCENTRAL,59304
DO1002227317,NO150928,BCENTRAL/11 BOEST 20280915 GTIA,5980000,DOP,598,0,102.921202,25/09/2026,11:42:21 AM,PRESTAMO,PRIMERA PARTE,ROTC,28/01/2027,CONFIRMADA,3362417,0,15/09/2023,15/09/2028,4.551912,BANCO CENTRAL DE LA REPUBLICA DOMINICANA,BCENTRAL,59633
DO1002227317,NO150928,BCENTRAL/11 BOEST 20280915 GTIA,5980000,DOP,598,1,102.84608,25/09/2026,11:42:20 AM,PLAZO,PRIMERA PARTE,ROTC,26/02/2027,CONFIRMADA,3362418,0,15/09/2023,15/09/2028,0,BANCO CENTRAL DE LA REPUBLICA DOMINICANA,BCENTRAL,57757
DO1002228612,NO031227,BCENTRAL/8 BOEST 20271203 GTIA,6300000,DOP,630,0,99.71917,25/09/2026,11:42:19 AM,PLAZO,PRIMERA PARTE,ROTC,26/02/2027,CONFIRMADA,3362419,0,03/12/2024,03/12/2027,0,BANCO CENTRAL DE LA REPUBLICA DOMINICANA,BCENTRAL,56945
DO1002228612,NO031227,BCENTRAL/8 BOEST 20271203 GTIA,6300000,DOP,630,1,99.84255,25/09/2026,11:42:18 AM,PRESTAMO,SEGUNDA PARTE,ROTC,26/03/2027,CONFIRMADA,3362420,0,03/12/2024,03/12/2027,2.547638,BANCO CENTRAL DE LA REPUBLICA DOMINICANA,BCENTRAL,58485
DO1002228612,NO031227,BCENTRAL/8 BOEST 20271203 GTIA,6300000,DOP,630,0,99.71917,25/09/2026,11:42:18 AM,PRESTAMO,PRIMERA PARTE,ROTC,26/02/2027,CONFIRMADA,3362420,0,03/12/2024,03/12/2027,2.547638,BANCO CENTRAL DE LA REPUBLICA DOMINICANA,BCENTRAL,58541
DO1002228612,NO031227,BCENTRAL/8 BOEST 20271203 GTIA,6300000,DOP,630,1,99.84255,25/09/2026,11:42:16 AM,PLAZO,PRIMERA PARTE,ROTC,26/03/2027,CONFIRMADA,3362421,0,03/12/2024,03/12/2027,0,BANCO CENTRAL DE LA REPUBLICA DOMINICANA,BCENTRAL,56931
DO1002227317,NO150928,BCENTRAL/11 BOEST 20280915 GTIA,6200000,DOP,620,0,102.897002,25/09/2026,11:42:15 AM,PLAZO,PRIMERA PARTE,ROTC,26/03/2027,CONFIRMADA,3362422,0,15/09/2023,15/09/2028,0,BANCO CENTRAL DE LA REPUBLICA DOMINICANA,BCENTRAL,57925
DO1002227317,NO150928,BCENTRAL/11 BOEST 20280915 GTIA,6200000,DOP,620,1,102.887758,25/09/2026,11:42:14 AM,PRESTAMO,SEGUNDA PARTE,ROTC,29/03/2027,CONFIRMADA,3362423,0,15/09/2023,15/09/2028,0.396137,BANCO CENTRAL DE LA REPUBLICA DOMINICANA,BCENTRAL,59605
DO1002227317,NO150928,BCENTRAL/11 BOEST 20280915 GTIA,6200000,DOP,620,0,102.897002,25/09/2026,11:42:14 AM,PRESTAMO,PRIMERA PARTE,ROTC,26/03/2027,CONFIRMADA,3362423,0,15/09/2023,15/09/2028,0.396137,BANCO CENTRAL DE LA REPUBLICA DOMINICANA,BCENTRAL,59521
DO1002227317,NO150928,BCENTRAL/11 BOEST 20280915 GTIA,6200000,DOP,620,1,102.887758,25/09/2026,11:42:13 AM,PLAZO,PRIMERA PARTE,ROTC,29/03/2027,CONFIRMADA,3362424,0,15/09/2023,15/09/2028,0,BANCO CENTRAL DE LA REPUBLICA DOMINICANA,BCENTRAL,58058
DO1002228612,NO031227,BCENTRAL/8 BOEST 20271203 GTIA,1030000,DOP,103,0,99.163094,25/09/2026,11:42:12 AM,PLAZO,PRIMERA PARTE,ROTC,12/03/2027,CONFIRMADA,3362425,0,03/12/2024,03/12/2027,0,BANCO CENTRAL DE LA REPUBLICA DOMINICANA,BCENTRAL,57120
DO1002228612,NO031227,BCENTRAL/8 BOEST 20271203 GTIA,1030000,DOP,103,1,99.20853,25/09/2026,11:42:11 AM,PRESTAMO,SEGUNDA PARTE,ROTC,26/03/2027,CONFIRMADA,3362426,0,03/12/2024,03/12/2027,2.486873,BANCO CENTRAL DE LA REPUBLICA DOMINICANA,BCENTRAL,58324
DO1002228612,NO031227,BCENTRAL/8 BOEST 20271203 GTIA,1030000,DOP,103,0,99.163094,25/09/2026,11:42:11 AM,PRESTAMO,PRIMERA PARTE,ROTC,12/03/2027,CONFIRMADA,3362426,0,03/12/2024,03/12/2027,2.486873,BANCO CENTRAL DE LA REPUBLICA DOMINICANA,BCENTRAL,58716
DO1005210922,MH22034,HACIENDA/13 BOEST 20340610 GTIA,9500000,DOP,95,8.896425,122.504831,25/09/2026,11:42:11 AM,CONTADO,PRIMERA PARTE,ROTC,25/09/2026,CONFIRMADA,3362438,0,10/06/2022,10/06/2034,0,MINISTERIO DE HACIENDA,HACIENDA,60410
DO1005210922,MH22034,HACIENDA/13 BOEST 20340610 GTIA,9500000,DOP,95,0,0,25/09/2026,11:42:10 AM,PRESTAMO,SEGUNDA PARTE,ROTC,09/06/2034,CONFIRMADA,3362439,0,10/06/2022,10/06/2034,0,MINISTERIO DE HACIENDA,HACIENDA,55195
DO1005210922,MH22034,HACIENDA/13 BOEST 20340610 GTIA,9500000,DOP,95,8.897205,122.178371,25/09/2026,11:42:10 AM,PRESTAMO,PRIMERA PARTE,ROTC,25/09/2026,CONFIRMADA,3362439,0,10/06/2022,10/06/2034,0,MINISTERIO DE HACIENDA,HACIENDA,61117
DO1002228612,NO031227,BCENTRAL/8 BOEST 20271203 GTIA,1030000,DOP,103,1,99.20853,25/09/2026,11:42:09 AM,PLAZO,PRIMERA PARTE,ROTC,26/03/2027,CONFIRMADA,3362427,0,03/12/2024,03/12/2027,0,BANCO CENTRAL DE LA REPUBLICA DOMINICANA,BCENTRAL,56833
DO1002223928,NO120227,BCENTRAL/8 BOEST 20270212 GTIA,4210000,DOP,421,7.1691,100.2866,25/09/2026,11:42:08 AM,CONTADO,PRIMERA PARTE,ROTC,28/09/2026,CONFIRMADA,3362428,0,12/02/2022,12/02/2027,0,BANCO CENTRAL DE LA REPUBLICA DOMINICANA,BCENTRAL,59584
DO1005210922,MH22034,HACIENDA/13 BOEST 20340610 GTIA,9500000,DOP,95,8.897205,122.178371,25/09/2026,11:42:08 AM,PLAZO,PRIMERA PARTE,ROTC,24/11/2026,CONFIRMADA,3362440,0,10/06/2022,10/06/2034,0,MINISTERIO DE HACIENDA,HACIENDA,59507
DO1002223928,NO120227,BCENTRAL/8 BOEST 20270212 GTIA,4210000,DOP,421,6.7448,100.339363,25/09/2026,11:42:07 AM,PRESTAMO,SEGUNDA PARTE,ROTC,28/10/2026,CONFIRMADA,3362429,0,12/02/2022,12/02/2027,1.6926,BANCO CENTRAL DE LA REPUBLICA DOMINICANA,BCENTRAL,60893
DO1002223928,NO120227,BCENTRAL/8 BOEST 20270212 GTIA,4210000,DOP,421,7.1691,100.2866,25/09/2026,11:42:07 AM,PRESTAMO,PRIMERA PARTE,ROTC,28/09/2026,CONFIRMADA,3362429,0,12/02/2022,12/02/2027,1.6926,BANCO CENTRAL DE LA REPUBLICA DOMINICANA,BCENTRAL,60270
DO1002261829,NO010330,BCENTRAL/9.5 BOEST 20300301 GTIA,1870000,DOP,187,9.2,100.854226,25/09/2026,11:41:00 AM,CONTADO,PRIMERA PARTE,ROTC,25/09/2026,CONFIRMADA,3362142,0,01/03/2026,01/03/2030,0,BANCO CENTRAL DE LA REPUBLICA DOMINICANA,BCENTRAL,59850
DO1002227317,NO150928,BCENTRAL/11 BOEST 20280915 GTIA,2210000,DOP,221,9.2163,103.130948,25/09/2026,11:40:37 AM,CONTADO,PRIMERA PARTE,ROTC,28/09/2026,CONFIRMADA,3362295,0,15/09/2023,15/09/2028,0,BANCO CENTRAL DE LA REPUBLICA DOMINICANA,BCENTRAL,60669
DO1002227317,NO150928,BCENTRAL/11 BOEST 20280915 GTIA,2210000,DOP,221,9.1925,102.659336,25/09/2026,11:40:36 AM,PRESTAMO,SEGUNDA PARTE,ROTC,26/01/2027,CONFIRMADA,3362296,0,15/09/2023,15/09/2028,3.345641,BANCO CENTRAL DE LA REPUBLICA DOMINICANA,BCENTRAL,61306
DO1002227317,NO150928,BCENTRAL/11 BOEST 20280915 GTIA,2210000,DOP,221,9.2163,103.130948,25/09/2026,11:40:36 AM,PRESTAMO,PRIMERA PARTE,ROTC,28/09/2026,CONFIRMADA,3362296,0,15/09/2023,15/09/2028,3.345641,BANCO CENTRAL DE LA REPUBLICA DOMINICANA,BCENTRAL,61355
DO1002227317,NO150928,BCENTRAL/11 BOEST 20280915 GTIA,2210000,DOP,221,9.1925,102.659336,25/09/2026,11:40:34 AM,PLAZO,PRIMERA PARTE,ROTC,26/01/2027,CONFIRMADA,3362297,0,15/09/2023,15/09/2028,0,BANCO CENTRAL DE LA REPUBLICA DOMINICANA,BCENTRAL,59752
DO1002227317,NO150928,BCENTRAL/11 BOEST 20280915 GTIA,100000,DOP,10,0,104.42803,25/09/2026,11:40:33 AM,PLAZO,PRIMERA PARTE,ROTC,02/12/2026,CONFIRMADA,3362298,0,15/09/2023,15/09/2028,0,BANCO CENTRAL DE LA REPUBLICA DOMINICANA,BCENTRAL,56707
DO1002227317,NO150928,BCENTRAL/11 BOEST 20280915 GTIA,100000,DOP,10,0,104.11644,25/09/2026,11:40:32 AM,PRESTAMO,SEGUNDA PARTE,ROTC,12/03/2027,CONFIRMADA,3362299,0,15/09/2023,15/09/2028,4.653948,BANCO CENTRAL DE LA REPUBLICA DOMINICANA,BCENTRAL,58247
DO1002227317,NO150928,BCENTRAL/11 BOEST 20280915 GTIA,100000,DOP,10,0,104.42803,25/09/2026,11:40:32 AM,PRESTAMO,PRIMERA PARTE,ROTC,02/12/2026,CONFIRMADA,3362299,0,15/09/2023,15/09/2028,4.653948,BANCO CENTRAL DE LA REPUBLICA DOMINICANA,BCENTRAL,58303
DO1002227317,NO150928,BCENTRAL/11 BOEST 20280915 GTIA,100000,DOP,10,0,104.11644,25/09/2026,11:40:31 AM,PLAZO,PRIMERA PARTE,ROTC,12/03/2027,CONFIRMADA,3362300,0,15/09/2023,15/09/2028,0,BANCO CENTRAL DE LA REPUBLICA DOMINICANA,BCENTRAL,56700
DO1002228612,NO031227,BCENTRAL/8 BOEST 20271203 GTIA,110000,DOP,11,0,97.428409,25/09/2026,11:40:30 AM,PLAZO,PRIMERA PARTE,ROTC,12/03/2027,CONFIRMADA,3362301,0,03/12/2024,03/12/2027,0,BANCO CENTRAL DE LA REPUBLICA DOMINICANA,BCENTRAL,56420
USP3579ECF27,BSRD2030,DOMINICAN REP/4.5 BD 20300130 UNS,6000,USD,6,0,92.1515,25/09/2026,11:40:29 AM,PLAZO,PRIMERA PARTE,ROTC,19/02/2027,CONFIRMADA,3362302,0,30/01/2020,30/01/2030,0,MINISTERIO DE HACIENDA,HACIENDA,56826
USP3579ECF27,BSRD2030,DOMINICAN REP/4.5 BD 20300130 UNS,6000,USD,6,0,92.096167,25/09/2026,11:40:28 AM,PRESTAMO,SEGUNDA PARTE,ROTC,24/03/2027,CONFIRMADA,3362303,0,30/01/2020,30/01/2030,0.667952,MINISTERIO DE HACIENDA,HACIENDA,59129
USP3579ECF27,BSRD2030,DOMINICAN REP/4.5 BD 20300130 UNS,6000,USD,6,0,92.1515,25/09/2026,11:40:28 AM,PRESTAMO,PRIMERA PARTE,ROTC,19/02/2027,CONFIRMADA,3362303,0,30/01/2020,30/01/2030,0.667952,MINISTERIO DE HACIENDA,HACIENDA,58422
USP3579ECF27,BSRD2030,DOMINICAN REP/4.5 BD 20300130 UNS,6000,USD,6,0,92.096167,25/09/2026,11:40:26 AM,PLAZO,PRIMERA PARTE,ROTC,24/03/2027,CONFIRMADA,3362304,0,30/01/2020,30/01/2030,0,MINISTERIO DE HACIENDA,HACIENDA,57575
DO1002228612,NO031227,BCENTRAL/8 BOEST 20271203 GTIA,170000,DOP,17,0,101.427659,25/09/2026,11:40:25 AM,PLAZO,PRIMERA PARTE,ROTC,14/09/2027,CONFIRMADA,3362305,0,03/12/2024,03/12/2027,0,BANCO CENTRAL DE LA REPUBLICA DOMINICANA,BCENTRAL,56868
DO1002228612,NO031227,BCENTRAL/8 BOEST 20271203 GTIA,170000,DOP,17,0,101.447906,25/09/2026,11:40:24 AM,PRESTAMO,SEGUNDA PARTE,ROTC,20/09/2027,CONFIRMADA,3362307,0,03/12/2024,03/12/2027,2.314118,BANCO CENTRAL DE LA REPUBLICA DOMINICANA,BCENTRAL,58359
DO1002228612,NO031227,BCENTRAL/8 BOEST 20271203 GTIA,170000,DOP,17,0,101.427659,25/09/2026,11:40:24 AM,PRESTAMO,PRIMERA PARTE,ROTC,14/09/2027,CONFIRMADA,3362307,0,03/12/2024,03/12/2027,2.314118,BANCO CENTRAL DE LA REPUBLICA DOMINICANA,BCENTRAL,58464
DO1002228612,NO031227,BCENTRAL/8 BOEST 20271203 GTIA,170000,DOP,17,0,101.447906,25/09/2026,11:40:23 AM,PLAZO,PRIMERA PARTE,ROTC,20/09/2027,CONFIRMADA,3362308,0,03/12/2024,03/12/2027,0,BANCO CENTRAL DE LA REPUBLICA DOMINICANA,BCENTRAL,56812
DO1002227317,NO150928,BCENTRAL/11 BOEST 20280915 GTIA,60000,DOP,6,9.9202,101.876183,25/09/2026,11:40:22 AM,CONTADO,PRIMERA PARTE,ROTC,28/09/2026,CONFIRMADA,3362310,0,15/09/2023,15/09/2028,0,BANCO CENTRAL DE LA REPUBLICA DOMINICANA,BCENTRAL,59346
DO1002227317,NO150928,BCENTRAL/11 BOEST 20280915 GTIA,60000,DOP,6,10.0689,101.398883,25/09/2026,11:40:21 AM,PRESTAMO,SEGUNDA PARTE,ROTC,28/12/2026,CONFIRMADA,3362311,0,15/09/2023,15/09/2028,2.565933,BANCO CENTRAL DE LA REPUBLICA DOMINICANA,BCENTRAL,60319
DO1002227317,NO150928,BCENTRAL/11 BOEST 20280915 GTIA,60000,DOP,6,9.9202,101.876183,25/09/2026,11:40:21 AM,PRESTAMO,PRIMERA PARTE,ROTC,28/09/2026,CONFIRMADA,3362311,0,15/09/2023,15/09/2028,2.565933,BANCO CENTRAL DE LA REPUBLICA DOMINICANA,BCENTRAL,60032
DO1002227317,NO150928,BCENTRAL/11 BOEST 20280915 GTIA,60000,DOP,6,10.0689,101.398883,25/09/2026,11:40:19 AM,PLAZO,PRIMERA PARTE,ROTC,28/12/2026,CONFIRMADA,3362313,0,15/09/2023,15/09/2028,0,BANCO CENTRAL DE LA REPUBLICA DOMINICANA,BCENTRAL,58828
DO1002223928,NO120227,BCENTRAL/8 BOEST 20270212 GTIA,1570000,DOP,157,0,100.345611,25/09/2026,11:40:18 AM,PLAZO,PRIMERA PARTE,ROTC,23/10/2026,CONFIRMADA,3362314,0,12/02/2022,12/02/2027,0,BANCO CENTRAL DE LA REPUBLICA DOMINICANA,BCENTRAL,57484
DO1002223928,NO120227,BCENTRAL/8 BOEST 20270212 GTIA,1570000,DOP,157,0,100.431616,25/09/2026,11:40:17 AM,PRESTAMO,SEGUNDA PARTE,ROTC,25/11/2026,CONFIRMADA,3362316,0,12/02/2022,12/02/2027,2.306023,BANCO CENTRAL DE LA REPUBLICA DOMINICANA,BCENTRAL,59045
DO1002223928,NO120227,BCENTRAL/8 BOEST 20270212 GTIA,1570000,DOP,157,0,100.345611,25/09/2026,11:40:17 AM,PRESTAMO,PRIMERA PARTE,ROTC,23/10/2026,CONFIRMADA,3362316,0,12/02/2022,12/02/2027,2.306023,BANCO CENTRAL DE LA REPUBLICA DOMINICANA,BCENTRAL,59080
DO1002223928,NO120227,BCENTRAL/8 BOEST 20270212 GTIA,1570000,DOP,157,0,100.431616,25/09/2026,11:40:16 AM,PLAZO,PRIMERA PARTE,ROTC,25/11/2026,CONFIRMADA,3362317,0,12/02/2022,12/02/2027,0,BANCO CENTRAL DE LA REPUBLICA DOMINICANA,BCENTRAL,57498
DO1002223928,NO120227,BCENTRAL/8 BOEST 20270212 GTIA,1560000,DOP,156,0,100.281494,25/09/2026,11:40:14 AM,PLAZO,PRIMERA PARTE,ROTC,25/11/2026,CONFIRMADA,3362319,0,12/02/2022,12/02/2027,0,BANCO CENTRAL DE LA REPUBLICA DOMINICANA,BCENTRAL,57519
DO1002223928,NO120227,BCENTRAL/8 BOEST 20270212 GTIA,1560000,DOP,156,0,100.361601,25/09/2026,11:40:13 AM,PRESTAMO,SEGUNDA PARTE,ROTC,24/12/2026,CONFIRMADA,3362320,0,12/02/2022,12/02/2027,2.898243,BANCO CENTRAL DE LA REPUBLICA DOMINICANA,BCENTRAL,58975
DO1002223928,NO120227,BCENTRAL/8 BOEST 20270212 GTIA,1560000,DOP,156,0,100.281494,25/09/2026,11:40:13 AM,PRESTAMO,PRIMERA PARTE,ROTC,25/11/2026,CONFIRMADA,3362320,0,12/02/2022,12/02/2027,2.898243,BANCO CENTRAL DE LA REPUBLICA DOMINICANA,BCENTRAL,59115
DO1002223928,NO120227,BCENTRAL/8 BOEST 20270212 GTIA,1560000,DOP,156,0,100.361601,25/09/2026,11:40:12 AM,PLAZO,PRIMERA PARTE,ROTC,24/12/2026,CONFIRMADA,3362321,0,12/02/2022,12/02/2027,0,BANCO CENTRAL DE LA REPUBLICA DOMINICANA,BCENTRAL,57428
DO1002228729,NO030328,BCENTRAL/9.5 BOEST 20280303 GTIA,2010000,DOP,201,8.95,100.716531,25/09/2026,11:40:11 AM,CONTADO,PRIMERA PARTE,ROTC,25/09/2026,CONFIRMADA,3362144,0,03/03/2025,03/03/2028,0,BANCO CENTRAL DE LA REPUBLICA DOMINICANA,BCENTRAL,60200
DO1002223928,NO120227,BCENTRAL/8 BOEST 20270212 GTIA,980000,DOP,98,0,100.475599,25/09/2026,11:40:10 AM,PLAZO,PRIMERA PARTE,ROTC,23/10/2026,CONFIRMADA,3362322,0,12/02/2022,12/02/2027,0,BANCO CENTRAL DE LA REPUBLICA DOMINICANA,BCENTRAL,56945
DO1002223928,NO120227,BCENTRAL/8 BOEST 20270212 GTIA,980000,DOP,98,0,100.562629,25/09/2026,11:40:09 AM,PRESTAMO,SEGUNDA PARTE,ROTC,25/11/2026,CONFIRMADA,3362323,0,12/02/2022,12/02/2027,2.304082,BANCO CENTRAL DE LA REPUBLICA DOMINICANA,BCENTRAL,58499
DO1002223928,NO120227,BCENTRAL/8 BOEST 20270212 GTIA,980000,DOP,98,0,100.475599,25/09/2026,11:40:09 AM,PRESTAMO,PRIMERA PARTE,ROTC,23/10/2026,CONFIRMADA,3362323,0,12/02/2022,12/02/2027,2.304082,BANCO CENTRAL DE LA REPUBLICA DOMINICANA,BCENTRAL,58604
DO1002223928,NO120227,BCENTRAL/8 BOEST 20270212 GTIA,980000,DOP,98,0,100.562629,25/09/2026,11:40:08 AM,PLAZO,PRIMERA PARTE,ROTC,25/11/2026,CONFIRMADA,3362324,0,12/02/2022,12/02/2027,0,BANCO CENTRAL DE LA REPUBLICA DOMINICANA,BCENTRAL,56952
DO1002223928,NO120227,BCENTRAL/8 BOEST 20270212 GTIA,980000,DOP,98,0,99.758207,25/09/2026,11:40:07 AM,PLAZO,PRIMERA PARTE,ROTC,25/11/2026,CONFIRMADA,3362325,0,12/02/2022,12/02/2027,0,BANCO CENTRAL DE LA REPUBLICA DOMINICANA,BCENTRAL,56721
DO1002223928,NO120227,BCENTRAL/8 BOEST 20270212 GTIA,980000,DOP,98,0,99.834689,25/09/2026,11:40:05 AM,PRESTAMO,SEGUNDA PARTE,ROTC,24/12/2026,CONFIRMADA,3362326,0,12/02/2022,12/02/2027,2.909578,BANCO CENTRAL DE LA REPUBLICA DOMINICANA,BCENTRAL,58310
DO1002223928,NO120227,BCENTRAL/8 BOEST 20270212 GTIA,980000,DOP,98,0,99.758207,25/09/2026,11:40:05 AM,PRESTAMO,PRIMERA PARTE,ROTC,25/11/2026,CONFIRMADA,3362326,0,12/02/2022,12/02/2027,2.909578,BANCO CENTRAL DE LA REPUBLICA DOMINICANA,BCENTRAL,58310
DO1002223928,NO120227,BCENTRAL/8 BOEST 20270212 GTIA,980000,DOP,98,0,99.834689,25/09/2026,11:40:04 AM,PLAZO,PRIMERA PARTE,ROTC,24/12/2026,CONFIRMADA,3362327,0,12/02/2022,12/02/2027,0,BANCO CENTRAL DE LA REPUBLICA DOMINICANA,BCENTRAL,56763
DO1002228612,NO031227,BCENTRAL/8 BOEST 20271203 GTIA,110000,DOP,11,0,97.467809,25/09/2026,11:40:03 AM,PRESTAMO,SEGUNDA PARTE,ROTC,26/03/2027,CONFIRMADA,3362328,0,03/12/2024,03/12/2027,2.524147,BANCO CENTRAL DE LA REPUBLICA DOMINICANA,BCENTRAL,58044
DO1002228612,NO031227,BCENTRAL/8 BOEST 20271203 GTIA,110000,DOP,11,0,97.428409,25/09/2026,11:40:03 AM,PRESTAMO,PRIMERA PARTE,ROTC,12/03/2027,CONFIRMADA,3362328,0,03/12/2024,03/12/2027,2.524147,BANCO CENTRAL DE LA REPUBLICA DOMINICANA,BCENTRAL,58023
DO1002228612,NO031227,BCENTRAL/8 BOEST 20271203 GTIA,110000,DOP,11,0,97.467809,25/09/2026,11:40:02 AM,PLAZO,PRIMERA PARTE,ROTC,26/03/2027,CONFIRMADA,3362329,0,03/12/2024,03/12/2027,0,BANCO CENTRAL DE LA REPUBLICA DOMINICANA,BCENTRAL,56497
DO1002227317,NO150928,BCENTRAL/11 BOEST 20280915 GTIA,460000,DOP,46,9.3355,102.912657,25/09/2026,11:40:01 AM,CONTADO,PRIMERA PARTE,ROTC,29/09/2026,CONFIRMADA,3362331,0,15/09/2023,15/09/2028,0,BANCO CENTRAL DE LA REPUBLICA DOMINICANA,BCENTRAL,60067
DO1002227317,NO150928,BCENTRAL/11 BOEST 20280915 GTIA,460000,DOP,46,9.3734,102.720115,25/09/2026,11:40:00 AM,PRESTAMO,SEGUNDA PARTE,ROTC,29/10/2026,CONFIRMADA,3362332,0,15/09/2023,15/09/2028,1.099854,BANCO CENTRAL DE LA REPUBLICA DOMINICANA,BCENTRAL,60543
DO1002227317,NO150928,BCENTRAL/11 BOEST 20280915 GTIA,460000,DOP,46,9.3355,102.912657,25/09/2026,11:40:00 AM,PRESTAMO,PRIMERA PARTE,ROTC,29/09/2026,CONFIRMADA,3362332,0,15/09/2023,15/09/2028,1.099854,BANCO CENTRAL DE LA REPUBLICA DOMINICANA,BCENTRAL,60753
DO1002227317,NO150928,BCENTRAL/11 BOEST 20280915 GTIA,460000,DOP,46,9.3734,102.720115,25/09/2026,11:39:58 AM,PLAZO,PRIMERA PARTE,ROTC,29/10/2026,CONFIRMADA,3362333,0,15/09/2023,15/09/2028,0,BANCO CENTRAL DE LA REPUBLICA DOMINICANA,BCENTRAL,59150
DO1002227317,NO150928,BCENTRAL/11 BOEST 20280915 GTIA,8250000,DOP,825,9.5804,102.264226,25/09/2026,11:39:57 AM,PRESTAMO,SEGUNDA PARTE,ROTC,27/11/2026,CONFIRMADA,3362334,0,15/09/2023,15/09/2028,1.797019,BANCO CENTRAL DE LA REPUBLICA DOMINICANA,BCENTRAL,61460
DO1002227317,NO150928,BCENTRAL/11 BOEST 20280915 GTIA,8250000,DOP,825,9.5078,102.604889,25/09/2026,11:39:57 AM,PRESTAMO,PRIMERA PARTE,ROTC,29/09/2026,CONFIRMADA,3362334,0,15/09/2023,15/09/2028,1.797019,BANCO CENTRAL DE LA REPUBLICA DOMINICANA,BCENTRAL,61698
DO1002227317,NO150928,BCENTRAL/11 BOEST 20280915 GTIA,8250000,DOP,825,9.5804,102.264226,25/09/2026,11:39:56 AM,PLAZO,PRIMERA PARTE,ROTC,27/11/2026,CONFIRMADA,3362335,0,15/09/2023,15/09/2028,0,BANCO CENTRAL DE LA REPUBLICA DOMINICANA,BCENTRAL,59913
USP3579ECP09,BSRD2029, ,10000,USD,10,3.7437,103.9916,25/09/2026,11:39:54 AM,CONTADO,PRIMERA PARTE,ROTC,28/09/2026,CONFIRMADA,3362336,0,22/02/2022,22/02/2029,0,MINISTERIO DE HACIENDA,HACIENDA,47068
USP3579ECP09,BSRD2029, ,10000,USD,10,3.6265,103.7046,25/09/2026,11:39:53 AM,PRESTAMO,SEGUNDA PARTE,ROTC,26/01/2027,CONFIRMADA,3362337,0,22/02/2022,22/02/2029,1.947813,MINISTERIO DE HACIENDA,HACIENDA,47558
USP3579ECP09,BSRD2029, ,10000,USD,10,3.7437,103.9916,25/09/2026,11:39:53 AM,PRESTAMO,PRIMERA PARTE,ROTC,28/09/2026,CONFIRMADA,3362337,0,22/02/2022,22/02/2029,1.947813,MINISTERIO DE HACIENDA,HACIENDA,47754
USP3579ECP09,BSRD2029, ,10000,USD,10,3.6265,103.7046,25/09/2026,11:39:52 AM,PLAZO,PRIMERA PARTE,ROTC,26/01/2027,CONFIRMADA,3362339,0,22/02/2022,22/02/2029,0,MINISTERIO DE HACIENDA,HACIENDA,46011
DO1002227317,NO150928,BCENTRAL/11 BOEST 20280915 GTIA,6350000,DOP,635,10.7675,100.392374,25/09/2026,11:39:51 AM,CONTADO,PRIMERA PARTE,ROTC,28/09/2026,CONFIRMADA,3362340,0,15/09/2023,15/09/2028,0,BANCO CENTRAL DE LA REPUBLICA DOMINICANA,BCENTRAL,61194
DO1002227317,NO150928,BCENTRAL/11 BOEST 20280915 GTIA,6350000,DOP,635,7.232,100.266074,25/09/2026,11:39:49 AM,PRESTAMO,SEGUNDA PARTE,ROTC,28/10/2026,CONFIRMADA,3362341,0,15/09/2023,15/09/2028,1.162054,BANCO CENTRAL DE LA REPUBLICA DOMINICANA,BCENTRAL,61040
DO1002227317,NO150928,BCENTRAL/11 BOEST 20280915 GTIA,6350000,DOP,635,10.7675,100.392374,25/09/2026,11:39:49 AM,PRESTAMO,PRIMERA PARTE,ROTC,28/09/2026,CONFIRMADA,3362341,0,15/09/2023,15/09/2028,1.162054,BANCO CENTRAL DE LA REPUBLICA DOMINICANA,BCENTRAL,61936
DO1002227721,NO111226,BCENTRAL/9 BOEST 20261211 GTIA,100000,DOP,10,7,100.391709,25/09/2026,11:39:03 AM,CONTADO,PRIMERA PARTE,ROTC,25/09/2026,CONFIRMADA,3362145,0,11/12/2023,11/12/2026,0,BANCO CENTRAL DE LA REPUBLICA DOMINICANA,BCENTRAL,57708
DO2022700515,BC1HIT05,HIT/8.15 BO 20340216,8842,USD,8842,8.08000005,100.369267,25/09/2026,11:38:54 AM,CONTADO,PRIMERA PARTE,ROTC,25/09/2026,CONFIRMADA,3362251,0,16/02/2024,16/02/2034,0,HAINA INVESTMENT CO. LTD.,HIT,56231
DO2022700614,BC1HIT06,HIT/8.1 BO 20340301,1018,USD,1018,8.07999992,100.100832,25/09/2026,11:38:52 AM,CONTADO,PRIMERA PARTE,ROTC,25/09/2026,CONFIRMADA,3362252,0,01/03/2024,01/03/2034,0,HAINA INVESTMENT CO. LTD.,HIT,55804
DO1002227317,NO150928,BCENTRAL/11 BOEST 20280915 GTIA,20000,DOP,2,10.2311,101.32835,25/09/2026,11:38:51 AM,CONTADO,PRIMERA PARTE,ROTC,28/09/2026,CONFIRMADA,3362273,0,15/09/2023,15/09/2028,0,BANCO CENTRAL DE LA REPUBLICA DOMINICANA,BCENTRAL,59171
DO1002227317,NO150928,BCENTRAL/11 BOEST 20280915 GTIA,20000,DOP,2,6.9117,100.20755,25/09/2026,11:38:50 AM,PRESTAMO,SEGUNDA PARTE,ROTC,12/03/2027,CONFIRMADA,3362274,0,15/09/2023,15/09/2028,4.060023,BANCO CENTRAL DE LA REPUBLICA DOMINICANA,BCENTRAL,59465
DO1002227317,NO150928,BCENTRAL/11 BOEST 20280915 GTIA,20000,DOP,2,10.2311,101.32835,25/09/2026,11:38:50 AM,PRESTAMO,PRIMERA PARTE,ROTC,28/09/2026,CONFIRMADA,3362274,0,15/09/2023,15/09/2028,4.060023,BANCO CENTRAL DE LA REPUBLICA DOMINICANA,BCENTRAL,59857
DO1002227317,NO150928,BCENTRAL/11 BOEST 20280915 GTIA,20000,DOP,2,6.9117,100.20755,25/09/2026,11:38:48 AM,PLAZO,PRIMERA PARTE,ROTC,12/03/2027,CONFIRMADA,3362275,0,15/09/2023,15/09/2028,0,BANCO CENTRAL DE LA REPUBLICA DOMINICANA,BCENTRAL,57974
DO1002227317,NO150928,BCENTRAL/11 BOEST 20280915 GTIA,8250000,DOP,825,9.5078,102.604889,25/09/2026,11:38:47 AM,CONTADO,PRIMERA PARTE,ROTC,29/09/2026,CONFIRMADA,3362276,0,15/09/2023,15/09/2028,0,BANCO CENTRAL DE LA REPUBLICA DOMINICANA,BCENTRAL,60991
USP3579ECF27,BSRD2030,DOMINICAN REP/4.5 BD 20300130 UNS,18000,USD,18,5.5391,96.865167,25/09/2026,11:38:46 AM,CONTADO,PRIMERA PARTE,ROTC,28/09/2026,CONFIRMADA,3362277,0,30/01/2020,30/01/2030,0,MINISTERIO DE HACIENDA,HACIENDA,61208
USP3579ECF27,BSRD2030,DOMINICAN REP/4.5 BD 20300130 UNS,18000,USD,18,5.5919,96.782889,25/09/2026,11:38:45 AM,PRESTAMO,SEGUNDA PARTE,ROTC,28/10/2026,CONFIRMADA,3362278,0,30/01/2020,30/01/2030,1.039735,MINISTERIO DE HACIENDA,HACIENDA,61880
USP3579ECF27,BSRD2030,DOMINICAN REP/4.5 BD 20300130 UNS,18000,USD,18,5.5391,96.865167,25/09/2026,11:38:45 AM,PRESTAMO,PRIMERA PARTE,ROTC,28/09/2026,CONFIRMADA,3362278,0,30/01/2020,30/01/2030,1.039735,MINISTERIO DE HACIENDA,HACIENDA,61894
USP3579ECF27,BSRD2030,DOMINICAN REP/4.5 BD 20300130 UNS,18000,USD,18,5.5919,96.782889,25/09/2026,11:38:44 AM,PLAZO,PRIMERA PARTE,ROTC,28/10/2026,CONFIRMADA,3362279,0,30/01/2020,30/01/2030,0,MINISTERIO DE HACIENDA,HACIENDA,60333
DO1002228612,NO031227,BCENTRAL/8 BOEST 20271203 GTIA,2980000,DOP,298,0,99.789922,25/09/2026,11:38:43 AM,PLAZO,PRIMERA PARTE,ROTC,02/06/2027,CONFIRMADA,3362280,0,03/12/2024,03/12/2027,0,BANCO CENTRAL DE LA REPUBLICA DOMINICANA,BCENTRAL,57505
DO1005208629,MH12031,HACIENDA/8.5 BOEST 20310611 GTIA,4200000,DOP,42,4.5673,116.731884,25/09/2026,11:38:43 AM,PRESTAMO,SEGUNDA PARTE,ROTC,26/10/2026,CONFIRMADA,3362330,0,11/06/2021,11/06/2031,8.99,MINISTERIO DE HACIENDA,HACIENDA,60669
DO1005208629,MH12031,HACIENDA/8.5 BOEST 20310611 GTIA,4200000,DOP,42,4.6679,116.542825,25/09/2026,11:38:43 AM,PRESTAMO,PRIMERA PARTE,ROTC,25/09/2026,CONFIRMADA,3362330,0,11/06/2021,11/06/2031,8.99,MINISTERIO DE HACIENDA,HACIENDA,60795
DO1005208629,MH12031,HACIENDA/8.5 BOEST 20310611 GTIA,4200000,DOP,42,4.5673,116.731884,25/09/2026,11:38:41 AM,ESTRUCTURADA,SEGUNDA PARTE,ROTC,26/10/2026,CONFIRMADA,3362156,0,11/06/2021,11/06/2031,8.99,MINISTERIO DE HACIENDA,HACIENDA,62755
DO1005208629,MH12031,HACIENDA/8.5 BOEST 20310611 GTIA,4200000,DOP,42,4.6679,116.542825,25/09/2026,11:38:41 AM,ESTRUCTURADA,PRIMERA PARTE,ROTC,25/09/2026,CONFIRMADA,3362156,0,11/06/2021,11/06/2031,8.99,MINISTERIO DE HACIENDA,HACIENDA,62881
DO1002227317,NO150928,BCENTRAL/11 BOEST 20280915 GTIA,2940000,DOP,294,0,102.848667,25/09/2026,11:38:41 AM,PLAZO,PRIMERA PARTE,ROTC,02/06/2027,CONFIRMADA,3362281,0,15/09/2023,15/09/2028,0,BANCO CENTRAL DE LA REPUBLICA DOMINICANA,BCENTRAL,58121
DO1002227317,NO150928,BCENTRAL/11 BOEST 20280915 GTIA,2940000,DOP,294,0,102.770265,25/09/2026,11:38:40 AM,PRESTAMO,SEGUNDA PARTE,ROTC,22/06/2027,CONFIRMADA,3362282,0,15/09/2023,15/09/2028,2.724724,BANCO CENTRAL DE LA REPUBLICA DOMINICANA,BCENTRAL,59584
DO1002227317,NO150928,BCENTRAL/11 BOEST 20280915 GTIA,2940000,DOP,294,0,102.848667,25/09/2026,11:38:40 AM,PRESTAMO,PRIMERA PARTE,ROTC,02/06/2027,CONFIRMADA,3362282,0,15/09/2023,15/09/2028,2.724724,BANCO CENTRAL DE LA REPUBLICA DOMINICANA,BCENTRAL,59717
DO1002227317,NO150928,BCENTRAL/11 BOEST 20280915 GTIA,2940000,DOP,294,0,102.770265,25/09/2026,11:38:39 AM,PLAZO,PRIMERA PARTE,ROTC,22/06/2027,CONFIRMADA,3362283,0,15/09/2023,15/09/2028,0,BANCO CENTRAL DE LA REPUBLICA DOMINICANA,BCENTRAL,58100
USP3579EBV85,BSDR2027,DOMINICAN Rep/5.95 BD 20270125 Se,13000,USD,13,16.0413,96.897,25/09/2026,11:38:38 AM,CONTADO,PRIMERA PARTE,ROTC,28/09/2026,CONFIRMADA,3362284,0,25/01/2017,25/01/2027,0,MINISTERIO DE HACIENDA,HACIENDA,61019
USP3579EBV85,BSDR2027,DOMINICAN Rep/5.95 BD 20270125 Se,13000,USD,13,20.4952,96.695,25/09/2026,11:38:37 AM,PRESTAMO,SEGUNDA PARTE,ROTC,28/10/2026,CONFIRMADA,3362285,0,25/01/2017,25/01/2027,1.359105,MINISTERIO DE HACIENDA,HACIENDA,61607
USP3579EBV85,BSDR2027,DOMINICAN Rep/5.95 BD 20270125 Se,13000,USD,13,16.0413,96.897,25/09/2026,11:38:37 AM,PRESTAMO,PRIMERA PARTE,ROTC,28/09/2026,CONFIRMADA,3362285,0,25/01/2017,25/01/2027,1.359105,MINISTERIO DE HACIENDA,HACIENDA,61705
USP3579EBV85,BSDR2027,DOMINICAN Rep/5.95 BD 20270125 Se,13000,USD,13,20.4952,96.695,25/09/2026,11:38:35 AM,PLAZO,PRIMERA PARTE,ROTC,28/10/2026,CONFIRMADA,3362286,0,25/01/2017,25/01/2027,0,MINISTERIO DE HACIENDA,HACIENDA,60053
DO1002227317,NO150928,BCENTRAL/11 BOEST 20280915 GTIA,210000,DOP,21,8.8634,103.767571,25/09/2026,11:38:34 AM,CONTADO,PRIMERA PARTE,ROTC,28/09/2026,CONFIRMADA,3362287,0,15/09/2023,15/09/2028,0,BANCO CENTRAL DE LA REPUBLICA DOMINICANA,BCENTRAL,60109
DO1002227317,NO150928,BCENTRAL/11 BOEST 20280915 GTIA,210000,DOP,21,8.8418,103.332586,25/09/2026,11:38:33 AM,PRESTAMO,SEGUNDA PARTE,ROTC,28/12/2026,CONFIRMADA,3362288,0,15/09/2023,15/09/2028,2.559077,BANCO CENTRAL DE LA REPUBLICA DOMINICANA,BCENTRAL,60648
DO1002227317,NO150928,BCENTRAL/11 BOEST 20280915 GTIA,210000,DOP,21,8.8634,103.767571,25/09/2026,11:38:33 AM,PRESTAMO,PRIMERA PARTE,ROTC,28/09/2026,CONFIRMADA,3362288,0,15/09/2023,15/09/2028,2.559077,BANCO CENTRAL DE LA REPUBLICA DOMINICANA,BCENTRAL,60795
DO1002227317,NO150928,BCENTRAL/11 BOEST 20280915 GTIA,210000,DOP,21,8.8418,103.332586,25/09/2026,11:38:32 AM,PLAZO,PRIMERA PARTE,ROTC,28/12/2026,CONFIRMADA,3362289,0,15/09/2023,15/09/2028,0,BANCO CENTRAL DE LA REPUBLICA DOMINICANA,BCENTRAL,59101
DO1002227317,NO150928,BCENTRAL/11 BOEST 20280915 GTIA,2800000,DOP,280,0,103.066645,25/09/2026,11:38:31 AM,PLAZO,PRIMERA PARTE,ROTC,02/12/2026,CONFIRMADA,3362290,0,15/09/2023,15/09/2028,0,BANCO CENTRAL DE LA REPUBLICA DOMINICANA,BCENTRAL,57939
DO2006901311,BC1ITA01,EGEITABO/5.65 BO 20311208,2956,USD,2956,5.41016006,101.074781,25/09/2026,11:38:30 AM,PRESTAMO,SEGUNDA PARTE,ROTC,05/10/2026,CONFIRMADA,3362318,0,08/12/2021,08/12/2031,0.15,"EMPRESA GENERADORA DE ELECTRICIDAD ITABO, S.A.",EGEITABO,59080
DO2006901311,BC1ITA01,EGEITABO/5.65 BO 20311208,2956,USD,2956,5.37821742,101.225347,25/09/2026,11:38:30 AM,PRESTAMO,PRIMERA PARTE,ROTC,25/09/2026,CONFIRMADA,3362318,0,08/12/2021,08/12/2031,0.15,"EMPRESA GENERADORA DE ELECTRICIDAD ITABO, S.A.",EGEITABO,59297
DO1002227317,NO150928,BCENTRAL/11 BOEST 20280915 GTIA,2800000,DOP,280,0,102.754947,25/09/2026,11:38:29 AM,PRESTAMO,SEGUNDA PARTE,ROTC,12/03/2027,CONFIRMADA,3362291,0,15/09/2023,15/09/2028,4.712429,BANCO CENTRAL DE LA REPUBLICA DOMINICANA,BCENTRAL,59598
DO1002227317,NO150928,BCENTRAL/11 BOEST 20280915 GTIA,2800000,DOP,280,0,103.066645,25/09/2026,11:38:29 AM,PRESTAMO,PRIMERA PARTE,ROTC,02/12/2026,CONFIRMADA,3362291,0,15/09/2023,15/09/2028,4.712429,BANCO CENTRAL DE LA REPUBLICA DOMINICANA,BCENTRAL,59591
DO2006901311,BC1ITA01,EGEITABO/5.65 BO 20311208,2956,USD,2956,5.41016006,101.074781,25/09/2026,11:38:28 AM,ESTRUCTURADA,SEGUNDA PARTE,ROTC,05/10/2026,CONFIRMADA,3362158,0,08/12/2021,08/12/2031,0.15,"EMPRESA GENERADORA DE ELECTRICIDAD ITABO, S.A.",EGEITABO,61229
DO2006901311,BC1ITA01,EGEITABO/5.65 BO 20311208,2956,USD,2956,5.37821742,101.225347,25/09/2026,11:38:28 AM,ESTRUCTURADA,PRIMERA PARTE,ROTC,25/09/2026,CONFIRMADA,3362158,0,08/12/2021,08/12/2031,0.15,"EMPRESA GENERADORA DE ELECTRICIDAD ITABO, S.A.",EGEITABO,61446
DO1002227317,NO150928,BCENTRAL/11 BOEST 20280915 GTIA,2800000,DOP,280,0,102.754947,25/09/2026,11:38:28 AM,PLAZO,PRIMERA PARTE,ROTC,12/03/2027,CONFIRMADA,3362292,0,15/09/2023,15/09/2028,0,BANCO CENTRAL DE LA REPUBLICA DOMINICANA,BCENTRAL,58051
DO1002228612,NO031227,BCENTRAL/8 BOEST 20271203 GTIA,2980000,DOP,298,0,99.491067,25/09/2026,11:38:27 AM,PLAZO,PRIMERA PARTE,ROTC,12/03/2027,CONFIRMADA,3362293,0,03/12/2024,03/12/2027,0,BANCO CENTRAL DE LA REPUBLICA DOMINICANA,BCENTRAL,57435
DO2016300124,BC1GUL01,GULFSTREAM/11.25 BO 20290528,148709,DOP,148709,11.94862026,98.668424,25/09/2026,11:38:27 AM,PRESTAMO,SEGUNDA PARTE,ROTC,24/03/2027,CONFIRMADA,3362315,0,28/05/2019,28/05/2029,8.35,GULFSTREAM PETROLEUM DOMINICANA S DE RL,GULFSTREAM,62475
DO2016300124,BC1GUL01,GULFSTREAM/11.25 BO 20290528,148709,DOP,148709,11.24402481,100.005125,25/09/2026,11:38:27 AM,PRESTAMO,PRIMERA PARTE,ROTC,25/09/2026,CONFIRMADA,3362315,0,28/05/2019,28/05/2029,8.35,GULFSTREAM PETROLEUM DOMINICANA S DE RL,GULFSTREAM,62601
DO2016300124,BC1GUL01,GULFSTREAM/11.25 BO 20290528,148709,DOP,148709,11.94862026,98.668424,25/09/2026,11:38:26 AM,ESTRUCTURADA,SEGUNDA PARTE,ROTC,24/03/2027,CONFIRMADA,3362159,0,28/05/2019,28/05/2029,8.35,GULFSTREAM PETROLEUM DOMINICANA S DE RL,GULFSTREAM,64568
DO2016300124,BC1GUL01,GULFSTREAM/11.25 BO 20290528,148709,DOP,148709,11.24402481,100.005125,25/09/2026,11:38:26 AM,ESTRUCTURADA,PRIMERA PARTE,ROTC,25/09/2026,CONFIRMADA,3362159,0,28/05/2019,28/05/2029,8.35,GULFSTREAM PETROLEUM DOMINICANA S DE RL,GULFSTREAM,64694
DO1002228612,NO031227,BCENTRAL/8 BOEST 20271203 GTIA,2980000,DOP,298,0,99.789922,25/09/2026,11:38:26 AM,PRESTAMO,SEGUNDA PARTE,ROTC,02/06/2027,CONFIRMADA,3362294,0,03/12/2024,03/12/2027,4.121578,BANCO CENTRAL DE LA REPUBLICA DOMINICANA,BCENTRAL,59052
DO1002228612,NO031227,BCENTRAL/8 BOEST 20271203 GTIA,2980000,DOP,298,0,99.491067,25/09/2026,11:38:26 AM,PRESTAMO,PRIMERA PARTE,ROTC,12/03/2027,CONFIRMADA,3362294,0,03/12/2024,03/12/2027,4.121578,BANCO CENTRAL DE LA REPUBLICA DOMINICANA,BCENTRAL,59031
DO1002261423,NO301129,BCENTRAL/9.5 BOEST 20291130 GTIA,1510000,DOP,151,9.46592448,100.053505,25/09/2026,11:38:25 AM,PRESTAMO,SEGUNDA PARTE,ROTC,24/03/2027,CONFIRMADA,3362312,0,30/11/2025,30/11/2029,8.15,BANCO CENTRAL DE LA REPUBLICA DOMINICANA,BCENTRAL,63028
DO1002261423,NO301129,BCENTRAL/9.5 BOEST 20291130 GTIA,1510000,DOP,151,9.29503247,100.528359,25/09/2026,11:38:25 AM,PRESTAMO,PRIMERA PARTE,ROTC,25/09/2026,CONFIRMADA,3362312,0,30/11/2025,30/11/2029,8.15,BANCO CENTRAL DE LA REPUBLICA DOMINICANA,BCENTRAL,63161
DO1002261423,NO301129,BCENTRAL/9.5 BOEST 20291130 GTIA,1510000,DOP,151,9.46592448,100.053505,25/09/2026,11:38:24 AM,ESTRUCTURADA,SEGUNDA PARTE,ROTC,24/03/2027,CONFIRMADA,3362160,0,30/11/2025,30/11/2029,8.15,BANCO CENTRAL DE LA REPUBLICA DOMINICANA,BCENTRAL,65121
DO1002261423,NO301129,BCENTRAL/9.5 BOEST 20291130 GTIA,1510000,DOP,151,9.29503247,100.528359,25/09/2026,11:38:24 AM,ESTRUCTURADA,PRIMERA PARTE,ROTC,25/09/2026,CONFIRMADA,3362160,0,30/11/2025,30/11/2029,8.15,BANCO CENTRAL DE LA REPUBLICA DOMINICANA,BCENTRAL,65254
DO1005208322,MHUS2040,HACIENDA/6.75 BOEST 20400724 GTIA,144000,USD,144,4.67190314,120.442161,25/09/2026,11:38:23 AM,PRESTAMO,SEGUNDA PARTE,ROTC,24/03/2027,CONFIRMADA,3362309,0,24/07/2020,24/07/2040,5,MINISTERIO DE HACIENDA,HACIENDA,63224
DO1005208322,MHUS2040,HACIENDA/6.75 BOEST 20400724 GTIA,144000,USD,144,4.69263256,120.751042,25/09/2026,11:38:23 AM,PRESTAMO,PRIMERA PARTE,ROTC,25/09/2026,CONFIRMADA,3362309,0,24/07/2020,24/07/2040,5,MINISTERIO DE HACIENDA,HACIENDA,63392
DO1005208322,MHUS2040,HACIENDA/6.75 BOEST 20400724 GTIA,144000,USD,144,4.67190314,120.442161,25/09/2026,11:38:21 AM,ESTRUCTURADA,SEGUNDA PARTE,ROTC,24/03/2027,CONFIRMADA,3362161,0,24/07/2020,24/07/2040,5,MINISTERIO DE HACIENDA,HACIENDA,65310
DO1005208322,MHUS2040,HACIENDA/6.75 BOEST 20400724 GTIA,144000,USD,144,4.69263256,120.751042,25/09/2026,11:38:21 AM,ESTRUCTURADA,PRIMERA PARTE,ROTC,25/09/2026,CONFIRMADA,3362161,0,24/07/2020,24/07/2040,5,MINISTERIO DE HACIENDA,HACIENDA,65478
DO1005204412,MH12029,HACIENDA/11.375 BOEST 20290706 GTIA,9300000,DOP,93,8.17273925,107.358761,25/09/2026,11:38:20 AM,PRESTAMO,SEGUNDA PARTE,ROTC,24/11/2026,CONFIRMADA,3362306,0,06/07/2014,06/07/2029,7.95,MINISTERIO DE HACIENDA,HACIENDA,63252
DO1005204412,MH12029,HACIENDA/11.375 BOEST 20290706 GTIA,9300000,DOP,93,8.17716584,107.767261,25/09/2026,11:38:20 AM,PRESTAMO,PRIMERA PARTE,ROTC,25/09/2026,CONFIRMADA,3362306,0,06/07/2014,06/07/2029,7.95,MINISTERIO DE HACIENDA,HACIENDA,63385
DO1005204412,MH12029,HACIENDA/11.375 BOEST 20290706 GTIA,9300000,DOP,93,8.17273925,107.358761,25/09/2026,11:38:19 AM,ESTRUCTURADA,SEGUNDA PARTE,ROTC,24/11/2026,CONFIRMADA,3362162,0,06/07/2014,06/07/2029,7.95,MINISTERIO DE HACIENDA,HACIENDA,65408
DO1005204412,MH12029,HACIENDA/11.375 BOEST 20290706 GTIA,9300000,DOP,93,8.17716584,107.767261,25/09/2026,11:38:19 AM,ESTRUCTURADA,PRIMERA PARTE,ROTC,25/09/2026,CONFIRMADA,3362162,0,06/07/2014,06/07/2029,7.95,MINISTERIO DE HACIENDA,HACIENDA,65541
DO1002261324,NO241128,BCENTRAL/9.25 BOEST 20281124 GTIA,4120000,DOP,412,9,100.459211,25/09/2026,11:38:09 AM,CONTADO,PRIMERA PARTE,ROTC,25/09/2026,CONFIRMADA,3362141,0,24/11/2025,24/11/2028,0,BANCO CENTRAL DE LA REPUBLICA DOMINICANA,BCENTRAL,59556
DO1005206516,MH32028,HACIENDA/10.75 BOEST 20280811 GTIA,5300000,DOP,53,9.3159,102.309128,25/09/2026,11:37:21 AM,PRESTAMO,SEGUNDA PARTE,ROTC,26/10/2026,CONFIRMADA,3362269,0,10/08/2018,11/08/2028,8.99,MINISTERIO DE HACIENDA,HACIENDA,61320
DO1005206516,MH32028,HACIENDA/10.75 BOEST 20280811 GTIA,5300000,DOP,53,9.3184,102.41879,25/09/2026,11:37:21 AM,PRESTAMO,PRIMERA PARTE,ROTC,25/09/2026,CONFIRMADA,3362269,0,10/08/2018,11/08/2028,8.99,MINISTERIO DE HACIENDA,HACIENDA,61124
DO1005206516,MH32028,HACIENDA/10.75 BOEST 20280811 GTIA,5300000,DOP,53,9.3159,102.309128,25/09/2026,11:37:20 AM,ESTRUCTURADA,SEGUNDA PARTE,ROTC,26/10/2026,CONFIRMADA,3362155,0,10/08/2018,11/08/2028,8.99,MINISTERIO DE HACIENDA,HACIENDA,63413
DO1005206516,MH32028,HACIENDA/10.75 BOEST 20280811 GTIA,5300000,DOP,53,9.3184,102.41879,25/09/2026,11:37:20 AM,ESTRUCTURADA,PRIMERA PARTE,ROTC,25/09/2026,CONFIRMADA,3362155,0,10/08/2018,11/08/2028,8.99,MINISTERIO DE HACIENDA,HACIENDA,63217
DO1002227721,NO111226,BCENTRAL/9 BOEST 20261211 GTIA,4150000,DOP,415,7,100.391709,25/09/2026,11:37:15 AM,CONTADO,PRIMERA PARTE,ROTC,25/09/2026,CONFIRMADA,3362146,0,11/12/2023,11/12/2026,0,BANCO CENTRAL DE LA REPUBLICA DOMINICANA,BCENTRAL,58513
DO1005206516,MH32028,HACIENDA/10.75 BOEST 20280811 GTIA,16900000,DOP,169,9.0544,102.740037,25/09/2026,11:35:39 AM,PRESTAMO,SEGUNDA PARTE,ROTC,26/10/2026,CONFIRMADA,3362253,0,10/08/2018,11/08/2028,8.99,MINISTERIO DE HACIENDA,HACIENDA,62104
DO1005206516,MH32028,HACIENDA/10.75 BOEST 20280811 GTIA,16900000,DOP,169,9.0696,102.846389,25/09/2026,11:35:39 AM,PRESTAMO,PRIMERA PARTE,ROTC,25/09/2026,CONFIRMADA,3362253,0,10/08/2018,11/08/2028,8.99,MINISTERIO DE HACIENDA,HACIENDA,62391
DO1005206516,MH32028,HACIENDA/10.75 BOEST 20280811 GTIA,16900000,DOP,169,9.0544,102.740037,25/09/2026,11:35:37 AM,ESTRUCTURADA,SEGUNDA PARTE,ROTC,26/10/2026,CONFIRMADA,3362154,0,10/08/2018,11/08/2028,8.99,MINISTERIO DE HACIENDA,HACIENDA,64190
DO1005206516,MH32028,HACIENDA/10.75 BOEST 20280811 GTIA,16900000,DOP,169,9.0696,102.846389,25/09/2026,11:35:37 AM,ESTRUCTURADA,PRIMERA PARTE,ROTC,25/09/2026,CONFIRMADA,3362154,0,10/08/2018,11/08/2028,8.99,MINISTERIO DE HACIENDA,HACIENDA,64477
USP3579ECV76,BSDR2036, ,200000,DOP,4,8.47575484,114.795833,25/09/2026,11:35:35 AM,CONTADO,PRIMERA PARTE,ROTC,25/09/2026,CONFIRMADA,3362088,0,01/07/2024,01/06/2036,0,MINISTERIO DE HACIENDA,HACIENDA,49329
USP3579ECV76,BSDR2036, ,200000,DOP,4,8.47575484,114.795833,25/09/2026,11:35:34 AM,CONTADO,PRIMERA PARTE,ROTC,25/09/2026,CONFIRMADA,3362089,0,01/07/2024,01/06/2036,0,MINISTERIO DE HACIENDA,HACIENDA,49322
USP3579ECH82,BSRD2032,"DOMINICAN, REP /4.875 BD 20320923",1022000,USD,1022,4.4501,102.051782,25/09/2026,11:33:52 AM,PRESTAMO,SEGUNDA PARTE,ROTC,24/03/2027,CONFIRMADA,3362250,0,23/09/2020,23/09/2032,3.99,MINISTERIO DE HACIENDA,HACIENDA,62608
USP3579ECH82,BSRD2032,"DOMINICAN, REP /4.875 BD 20320923",1022000,USD,1022,4.8668,100.041866,25/09/2026,11:33:52 AM,PRESTAMO,PRIMERA PARTE,ROTC,25/09/2026,CONFIRMADA,3362250,0,23/09/2020,23/09/2032,3.99,MINISTERIO DE HACIENDA,HACIENDA,62839
USP3579ECH82,BSRD2032,"DOMINICAN, REP /4.875 BD 20320923",1022000,USD,1022,4.4501,102.051782,25/09/2026,11:33:51 AM,ESTRUCTURADA,SEGUNDA PARTE,ROTC,24/03/2027,CONFIRMADA,3362153,0,23/09/2020,23/09/2032,3.99,MINISTERIO DE HACIENDA,HACIENDA,64701
USP3579ECH82,BSRD2032,"DOMINICAN, REP /4.875 BD 20320923",1022000,USD,1022,4.8668,100.041866,25/09/2026,11:33:51 AM,ESTRUCTURADA,PRIMERA PARTE,ROTC,25/09/2026,CONFIRMADA,3362153,0,23/09/2020,23/09/2032,3.99,MINISTERIO DE HACIENDA,HACIENDA,64932
USP3579ECZ80,BSRD2035, ,9000,USD,9,6.2657,97.385944,25/09/2026,11:33:30 AM,ESTRUCTURADA,SEGUNDA PARTE,ROTC,26/01/2027,CONFIRMADA,3362164,0,28/10/2025,28/10/2035,5.15,MINISTERIO DE HACIENDA,HACIENDA,49623
USP3579ECZ80,BSRD2035, ,9000,USD,9,6.2235,97.601042,25/09/2026,11:33:30 AM,ESTRUCTURADA,PRIMERA PARTE,ROTC,25/09/2026,CONFIRMADA,3362164,0,28/10/2025,28/10/2035,5.15,MINISTERIO DE HACIENDA,HACIENDA,49532
USP3579ECZ80,BSRD2035, ,9000,USD,9,0,0,25/09/2026,11:33:28 AM,PRESTAMO,SEGUNDA PARTE,ROTC,26/10/2035,CONFIRMADA,3362165,0,28/10/2025,28/10/2035,0,MINISTERIO DE HACIENDA,HACIENDA,42700
USP3579ECZ80,BSRD2035, ,9000,USD,9,6.2235,97.601042,25/09/2026,11:33:28 AM,PRESTAMO,PRIMERA PARTE,ROTC,25/09/2026,CONFIRMADA,3362165,0,28/10/2025,28/10/2035,0,MINISTERIO DE HACIENDA,HACIENDA,47481
DO1002262223,LE030927,BCENTRAL/ LT 20270903 GTIA,130000,DOP,13,9.0253,93.375162,25/09/2026,11:33:27 AM,ESTRUCTURADA,SEGUNDA PARTE,ROTC,24/11/2026,CONFIRMADA,3362166,0,03/09/2026,03/09/2027,9.05,BANCO CENTRAL DE LA REPUBLICA DOMINICANA,BCENTRAL,59934
DO1002262223,LE030927,BCENTRAL/ LT 20270903 GTIA,130000,DOP,13,9.1419,91.987685,25/09/2026,11:33:27 AM,ESTRUCTURADA,PRIMERA PARTE,ROTC,25/09/2026,CONFIRMADA,3362166,0,03/09/2026,03/09/2027,9.05,BANCO CENTRAL DE LA REPUBLICA DOMINICANA,BCENTRAL,60207
DO1002262223,LE030927,BCENTRAL/ LT 20270903 GTIA,130000,DOP,13,0,0,25/09/2026,11:33:26 AM,PRESTAMO,SEGUNDA PARTE,ROTC,02/09/2027,CONFIRMADA,3362167,0,03/09/2026,03/09/2027,0,BANCO CENTRAL DE LA REPUBLICA DOMINICANA,BCENTRAL,53130
DO1002262223,LE030927,BCENTRAL/ LT 20270903 GTIA,130000,DOP,13,9.1419,91.987685,25/09/2026,11:33:26 AM,PRESTAMO,PRIMERA PARTE,ROTC,25/09/2026,CONFIRMADA,3362167,0,03/09/2026,03/09/2027,0,BANCO CENTRAL DE LA REPUBLICA DOMINICANA,BCENTRAL,58100
DO1002262223,LE030927,BCENTRAL/ LT 20270903 GTIA,350000,DOP,35,6.8662,95.990534,25/09/2026,11:33:25 AM,ESTRUCTURADA,SEGUNDA PARTE,ROTC,27/01/2027,CONFIRMADA,3362168,0,03/09/2026,03/09/2027,9.2,BANCO CENTRAL DE LA REPUBLICA DOMINICANA,BCENTRAL,60116
DO1002262223,LE030927,BCENTRAL/ LT 20270903 GTIA,350000,DOP,35,7.8488,93.042131,25/09/2026,11:33:25 AM,ESTRUCTURADA,PRIMERA PARTE,ROTC,25/09/2026,CONFIRMADA,3362168,0,03/09/2026,03/09/2027,9.2,BANCO CENTRAL DE LA REPUBLICA DOMINICANA,BCENTRAL,60116
DO1002262223,LE030927,BCENTRAL/ LT 20270903 GTIA,350000,DOP,35,0,0,25/09/2026,11:33:24 AM,PRESTAMO,SEGUNDA PARTE,ROTC,02/09/2027,CONFIRMADA,3362170,0,03/09/2026,03/09/2027,0,BANCO CENTRAL DE LA REPUBLICA DOMINICANA,BCENTRAL,53172
DO1002262223,LE030927,BCENTRAL/ LT 20270903 GTIA,350000,DOP,35,7.8488,93.042131,25/09/2026,11:33:24 AM,PRESTAMO,PRIMERA PARTE,ROTC,25/09/2026,CONFIRMADA,3362170,0,03/09/2026,03/09/2027,0,BANCO CENTRAL DE LA REPUBLICA DOMINICANA,BCENTRAL,58009
DO1002262124,LE110627,BCENTRAL/ LT 20270611 GTIA,2030000,DOP,203,6.5649,98.051029,25/09/2026,11:33:23 AM,ESTRUCTURADA,SEGUNDA PARTE,ROTC,22/02/2027,CONFIRMADA,3362171,0,03/09/2026,11/06/2027,9.3,BANCO CENTRAL DE LA REPUBLICA DOMINICANA,BCENTRAL,60592
DO1002262124,LE110627,BCENTRAL/ LT 20270611 GTIA,2030000,DOP,203,8.256,94.393288,25/09/2026,11:33:23 AM,ESTRUCTURADA,PRIMERA PARTE,ROTC,25/09/2026,CONFIRMADA,3362171,0,03/09/2026,11/06/2027,9.3,BANCO CENTRAL DE LA REPUBLICA DOMINICANA,BCENTRAL,60403
DO1002262124,LE110627,BCENTRAL/ LT 20270611 GTIA,2030000,DOP,203,0,0,25/09/2026,11:33:22 AM,PRESTAMO,SEGUNDA PARTE,ROTC,10/06/2027,CONFIRMADA,3362172,0,03/09/2026,11/06/2027,0,BANCO CENTRAL DE LA REPUBLICA DOMINICANA,BCENTRAL,53704
DO1002262124,LE110627,BCENTRAL/ LT 20270611 GTIA,2030000,DOP,203,8.256,94.393288,25/09/2026,11:33:22 AM,PRESTAMO,PRIMERA PARTE,ROTC,25/09/2026,CONFIRMADA,3362172,0,03/09/2026,11/06/2027,0,BANCO CENTRAL DE LA REPUBLICA DOMINICANA,BCENTRAL,58296
DO1005213421,MH22035,HACIENDA/10.5 BOEST 20350510 GTIA,300000,DOP,3,9.0097,108.485152,25/09/2026,11:33:21 AM,ESTRUCTURADA,SEGUNDA PARTE,ROTC,22/02/2027,CONFIRMADA,3362173,0,10/05/2024,10/05/2035,9.3,MINISTERIO DE HACIENDA,HACIENDA,62181
DO1005213421,MH22035,HACIENDA/10.5 BOEST 20350510 GTIA,300000,DOP,3,9.0611,108.444177,25/09/2026,11:33:21 AM,ESTRUCTURADA,PRIMERA PARTE,ROTC,25/09/2026,CONFIRMADA,3362173,0,10/05/2024,10/05/2035,9.3,MINISTERIO DE HACIENDA,HACIENDA,62265
DO1005213421,MH22035,HACIENDA/10.5 BOEST 20350510 GTIA,300000,DOP,3,0,0,25/09/2026,11:33:19 AM,PRESTAMO,SEGUNDA PARTE,ROTC,09/05/2035,CONFIRMADA,3362174,0,10/05/2024,10/05/2035,0,MINISTERIO DE HACIENDA,HACIENDA,55090
DO1005213421,MH22035,HACIENDA/10.5 BOEST 20350510 GTIA,300000,DOP,3,9.0611,108.444177,25/09/2026,11:33:19 AM,PRESTAMO,PRIMERA PARTE,ROTC,25/09/2026,CONFIRMADA,3362174,0,10/05/2024,10/05/2035,0,MINISTERIO DE HACIENDA,HACIENDA,60214
DO1005204412,MH12029,HACIENDA/11.375 BOEST 20290706 GTIA,500000,DOP,5,7.9812,107.125408,25/09/2026,11:33:18 AM,ESTRUCTURADA,SEGUNDA PARTE,ROTC,25/02/2027,CONFIRMADA,3362175,0,06/07/2014,06/07/2029,9.45,MINISTERIO DE HACIENDA,HACIENDA,63077
DO1005204412,MH12029,HACIENDA/11.375 BOEST 20290706 GTIA,500000,DOP,5,8.2911,107.475685,25/09/2026,11:33:18 AM,ESTRUCTURADA,PRIMERA PARTE,ROTC,25/09/2026,CONFIRMADA,3362175,0,06/07/2014,06/07/2029,9.45,MINISTERIO DE HACIENDA,HACIENDA,63245
DO1005204412,MH12029,HACIENDA/11.375 BOEST 20290706 GTIA,500000,DOP,5,0,0,25/09/2026,11:33:17 AM,PRESTAMO,SEGUNDA PARTE,ROTC,05/07/2029,CONFIRMADA,3362176,0,06/07/2014,06/07/2029,0,MINISTERIO DE HACIENDA,HACIENDA,55944
DO1005204412,MH12029,HACIENDA/11.375 BOEST 20290706 GTIA,500000,DOP,5,8.2911,107.475685,25/09/2026,11:33:17 AM,PRESTAMO,PRIMERA PARTE,ROTC,25/09/2026,CONFIRMADA,3362176,0,06/07/2014,06/07/2029,0,MINISTERIO DE HACIENDA,HACIENDA,61138
USP3579ECZ80,BSRD2035, ,29000,USD,29,6.6811,94.70901,25/09/2026,11:33:16 AM,ESTRUCTURADA,SEGUNDA PARTE,ROTC,26/01/2027,CONFIRMADA,3362177,0,28/10/2025,28/10/2035,5.1,MINISTERIO DE HACIENDA,HACIENDA,49854
USP3579ECZ80,BSRD2035, ,29000,USD,29,6.6165,94.986697,25/09/2026,11:33:16 AM,ESTRUCTURADA,PRIMERA PARTE,ROTC,25/09/2026,CONFIRMADA,3362177,0,28/10/2025,28/10/2035,5.1,MINISTERIO DE HACIENDA,HACIENDA,50505
USP3579ECZ80,BSRD2035, ,29000,USD,29,0,0,25/09/2026,11:33:15 AM,PRESTAMO,SEGUNDA PARTE,ROTC,26/10/2035,CONFIRMADA,3362178,0,28/10/2025,28/10/2035,0,MINISTERIO DE HACIENDA,HACIENDA,43372
USP3579ECZ80,BSRD2035, ,29000,USD,29,6.6165,94.986697,25/09/2026,11:33:15 AM,PRESTAMO,PRIMERA PARTE,ROTC,25/09/2026,CONFIRMADA,3362178,0,28/10/2025,28/10/2035,0,MINISTERIO DE HACIENDA,HACIENDA,48398
DO1002226525,NO180228,BCENTRAL/15 BOEST 20280218 GTIA,660000,DOP,66,7.7606,108.820316,25/09/2026,11:33:14 AM,ESTRUCTURADA,SEGUNDA PARTE,ROTC,27/10/2026,CONFIRMADA,3362179,0,18/02/2023,18/02/2028,8.45,BANCO CENTRAL DE LA REPUBLICA DOMINICANA,BCENTRAL,62748
DO1002226525,NO180228,BCENTRAL/15 BOEST 20280218 GTIA,660000,DOP,66,7.8295,109.292125,25/09/2026,11:33:14 AM,ESTRUCTURADA,PRIMERA PARTE,ROTC,25/09/2026,CONFIRMADA,3362179,0,18/02/2023,18/02/2028,8.45,BANCO CENTRAL DE LA REPUBLICA DOMINICANA,BCENTRAL,62902
DO1002226525,NO180228,BCENTRAL/15 BOEST 20280218 GTIA,660000,DOP,66,0,0,25/09/2026,11:33:13 AM,PRESTAMO,SEGUNDA PARTE,ROTC,17/02/2028,CONFIRMADA,3362180,0,18/02/2023,18/02/2028,0,BANCO CENTRAL DE LA REPUBLICA DOMINICANA,BCENTRAL,55594
DO1002226525,NO180228,BCENTRAL/15 BOEST 20280218 GTIA,660000,DOP,66,7.8295,109.292125,25/09/2026,11:33:13 AM,PRESTAMO,PRIMERA PARTE,ROTC,25/09/2026,CONFIRMADA,3362180,0,18/02/2023,18/02/2028,0,BANCO CENTRAL DE LA REPUBLICA DOMINICANA,BCENTRAL,60795
USP3579ECN50,BSRD2033, ,17000,USD,17,6.4018,97.948608,25/09/2026,11:33:12 AM,ESTRUCTURADA,SEGUNDA PARTE,ROTC,27/11/2026,CONFIRMADA,3362181,0,22/02/2022,22/02/2033,4.45,MINISTERIO DE HACIENDA,HACIENDA,50134
USP3579ECN50,BSRD2033, ,17000,USD,17,6.3424,98.212824,25/09/2026,11:33:12 AM,ESTRUCTURADA,PRIMERA PARTE,ROTC,25/09/2026,CONFIRMADA,3362181,0,22/02/2022,22/02/2033,4.45,MINISTERIO DE HACIENDA,HACIENDA,50127
USP3579ECN50,BSRD2033, ,17000,USD,17,0,0,25/09/2026,11:33:10 AM,PRESTAMO,SEGUNDA PARTE,ROTC,21/02/2033,CONFIRMADA,3362182,0,22/02/2022,22/02/2033,0,MINISTERIO DE HACIENDA,HACIENDA,43134
USP3579ECN50,BSRD2033, ,17000,USD,17,6.3424,98.212824,25/09/2026,11:33:10 AM,PRESTAMO,PRIMERA PARTE,ROTC,25/09/2026,CONFIRMADA,3362182,0,22/02/2022,22/02/2033,0,MINISTERIO DE HACIENDA,HACIENDA,48013
USP3579ECB13,BSRD2028,"DOMINICAN, REP /6 BD 20280719 REGS",2000,USD,2,5.8139,100.2615,25/09/2026,11:33:09 AM,ESTRUCTURADA,SEGUNDA PARTE,ROTC,22/01/2027,CONFIRMADA,3362183,0,19/07/2018,19/07/2028,4.95,MINISTERIO DE HACIENDA,HACIENDA,62881
USP3579ECB13,BSRD2028,"DOMINICAN, REP /6 BD 20280719 REGS",2000,USD,2,5.6723,100.5485,25/09/2026,11:33:09 AM,ESTRUCTURADA,PRIMERA PARTE,ROTC,25/09/2026,CONFIRMADA,3362183,0,19/07/2018,19/07/2028,4.95,MINISTERIO DE HACIENDA,HACIENDA,63049
USP3579ECB13,BSRD2028,"DOMINICAN, REP /6 BD 20280719 REGS",2000,USD,2,0,0,25/09/2026,11:33:08 AM,PRESTAMO,SEGUNDA PARTE,ROTC,18/07/2028,CONFIRMADA,3362184,0,19/07/2018,19/07/2028,0,MINISTERIO DE HACIENDA,HACIENDA,56567
USP3579ECB13,BSRD2028,"DOMINICAN, REP /6 BD 20280719 REGS",2000,USD,2,5.6723,100.5485,25/09/2026,11:33:08 AM,PRESTAMO,PRIMERA PARTE,ROTC,25/09/2026,CONFIRMADA,3362184,0,19/07/2018,19/07/2028,0,MINISTERIO DE HACIENDA,HACIENDA,60942
DO1002262223,LE030927,BCENTRAL/ LT 20270903 GTIA,220000,DOP,22,8.7617,92.565545,25/09/2026,11:33:07 AM,ESTRUCTURADA,SEGUNDA PARTE,ROTC,08/10/2026,CONFIRMADA,3362185,0,03/09/2026,03/09/2027,7.95,BANCO CENTRAL DE LA REPUBLICA DOMINICANA,BCENTRAL,60032
DO1002262223,LE030927,BCENTRAL/ LT 20270903 GTIA,220000,DOP,22,8.7551,92.300568,25/09/2026,11:33:07 AM,ESTRUCTURADA,PRIMERA PARTE,ROTC,25/09/2026,CONFIRMADA,3362185,0,03/09/2026,03/09/2027,7.95,BANCO CENTRAL DE LA REPUBLICA DOMINICANA,BCENTRAL,60067
DO1002262223,LE030927,BCENTRAL/ LT 20270903 GTIA,220000,DOP,22,0,0,25/09/2026,11:33:06 AM,PRESTAMO,SEGUNDA PARTE,ROTC,02/09/2027,CONFIRMADA,3362186,0,03/09/2026,03/09/2027,0,BANCO CENTRAL DE LA REPUBLICA DOMINICANA,BCENTRAL,53116
DO1002262223,LE030927,BCENTRAL/ LT 20270903 GTIA,220000,DOP,22,8.7551,92.300568,25/09/2026,11:33:06 AM,PRESTAMO,PRIMERA PARTE,ROTC,25/09/2026,CONFIRMADA,3362186,0,03/09/2026,03/09/2027,0,BANCO CENTRAL DE LA REPUBLICA DOMINICANA,BCENTRAL,57960
USP3579ECY16,BSDR2037, ,72100000,DOP,1442,9.1039,109.224535,25/09/2026,11:33:05 AM,ESTRUCTURADA,SEGUNDA PARTE,ROTC,30/10/2026,CONFIRMADA,3362187,0,24/02/2025,15/03/2037,9.85,MINISTERIO DE HACIENDA,HACIENDA,52087
USP3579ECY16,BSDR2037, ,72100000,DOP,1442,9.1174,109.196863,25/09/2026,11:33:05 AM,ESTRUCTURADA,PRIMERA PARTE,ROTC,25/09/2026,CONFIRMADA,3362187,0,24/02/2025,15/03/2037,9.85,MINISTERIO DE HACIENDA,HACIENDA,52318
USP3579ECY16,BSDR2037, ,72100000,DOP,1442,0,0,25/09/2026,11:33:03 AM,PRESTAMO,SEGUNDA PARTE,ROTC,13/03/2037,CONFIRMADA,3362188,0,24/02/2025,15/03/2037,0,MINISTERIO DE HACIENDA,HACIENDA,44961
USP3579ECY16,BSDR2037, ,72100000,DOP,1442,9.1174,109.196863,25/09/2026,11:33:03 AM,PRESTAMO,PRIMERA PARTE,ROTC,25/09/2026,CONFIRMADA,3362188,0,24/02/2025,15/03/2037,0,MINISTERIO DE HACIENDA,HACIENDA,50204
USP3579ECH82,BSRD2032,"DOMINICAN, REP /4.875 BD 20320923",3000,USD,3,6.8724,90.658792,25/09/2026,11:33:02 AM,ESTRUCTURADA,SEGUNDA PARTE,ROTC,30/12/2026,CONFIRMADA,3362190,0,23/09/2020,23/09/2032,4.95,MINISTERIO DE HACIENDA,HACIENDA,62496
USP3579ECH82,BSRD2032,"DOMINICAN, REP /4.875 BD 20320923",3000,USD,3,6.779,90.746917,25/09/2026,11:33:02 AM,ESTRUCTURADA,PRIMERA PARTE,ROTC,25/09/2026,CONFIRMADA,3362190,0,23/09/2020,23/09/2032,4.95,MINISTERIO DE HACIENDA,HACIENDA,62286
USP3579ECH82,BSRD2032,"DOMINICAN, REP /4.875 BD 20320923",3000,USD,3,0,0,25/09/2026,11:33:01 AM,PRESTAMO,SEGUNDA PARTE,ROTC,22/09/2032,CONFIRMADA,3362191,0,23/09/2020,23/09/2032,0,MINISTERIO DE HACIENDA,HACIENDA,55566
USP3579ECH82,BSRD2032,"DOMINICAN, REP /4.875 BD 20320923",3000,USD,3,6.779,90.746917,25/09/2026,11:33:01 AM,PRESTAMO,PRIMERA PARTE,ROTC,25/09/2026,CONFIRMADA,3362191,0,23/09/2020,23/09/2032,0,MINISTERIO DE HACIENDA,HACIENDA,60179
DO1005213421,MH22035,HACIENDA/10.5 BOEST 20350510 GTIA,300000,DOP,3,8.3648,112.730496,25/09/2026,11:33:00 AM,ESTRUCTURADA,SEGUNDA PARTE,ROTC,24/11/2026,CONFIRMADA,3362192,0,10/05/2024,10/05/2035,9.05,MINISTERIO DE HACIENDA,HACIENDA,62188
DO1005213421,MH22035,HACIENDA/10.5 BOEST 20350510 GTIA,300000,DOP,3,8.3951,112.696804,25/09/2026,11:33:00 AM,ESTRUCTURADA,PRIMERA PARTE,ROTC,25/09/2026,CONFIRMADA,3362192,0,10/05/2024,10/05/2035,9.05,MINISTERIO DE HACIENDA,HACIENDA,62314
DO1005213421,MH22035,HACIENDA/10.5 BOEST 20350510 GTIA,300000,DOP,3,0,0,25/09/2026,11:32:59 AM,PRESTAMO,SEGUNDA PARTE,ROTC,09/05/2035,CONFIRMADA,3362193,0,10/05/2024,10/05/2035,0,MINISTERIO DE HACIENDA,HACIENDA,55111
DO1005213421,MH22035,HACIENDA/10.5 BOEST 20350510 GTIA,300000,DOP,3,8.3951,112.696804,25/09/2026,11:32:59 AM,PRESTAMO,PRIMERA PARTE,ROTC,25/09/2026,CONFIRMADA,3362193,0,10/05/2024,10/05/2035,0,MINISTERIO DE HACIENDA,HACIENDA,60305
DO1002261829,NO010330,BCENTRAL/9.5 BOEST 20300301 GTIA,4050000,DOP,405,9.2,100.854226,25/09/2026,11:32:57 AM,CONTADO,PRIMERA PARTE,ROTC,25/09/2026,CONFIRMADA,3362143,0,01/03/2026,01/03/2030,0,BANCO CENTRAL DE LA REPUBLICA DOMINICANA,BCENTRAL,59836
DO1002262124,LE110627,BCENTRAL/ LT 20270611 GTIA,670000,DOP,67,6.1845,97.162431,25/09/2026,11:32:57 AM,ESTRUCTURADA,SEGUNDA PARTE,ROTC,23/12/2026,CONFIRMADA,3362194,0,03/09/2026,11/06/2027,9.25,BANCO CENTRAL DE LA REPUBLICA DOMINICANA,BCENTRAL,60032
DO1002262124,LE110627,BCENTRAL/ LT 20270611 GTIA,670000,DOP,67,7.3307,94.990191,25/09/2026,11:32:57 AM,ESTRUCTURADA,PRIMERA PARTE,ROTC,25/09/2026,CONFIRMADA,3362194,0,03/09/2026,11/06/2027,9.25,BANCO CENTRAL DE LA REPUBLICA DOMINICANA,BCENTRAL,60186
DO1002262124,LE110627,BCENTRAL/ LT 20270611 GTIA,670000,DOP,67,0,0,25/09/2026,11:32:56 AM,PRESTAMO,SEGUNDA PARTE,ROTC,10/06/2027,CONFIRMADA,3362195,0,03/09/2026,11/06/2027,0,BANCO CENTRAL DE LA REPUBLICA DOMINICANA,BCENTRAL,53186
DO1002262124,LE110627,BCENTRAL/ LT 20270611 GTIA,670000,DOP,67,7.3307,94.990191,25/09/2026,11:32:56 AM,PRESTAMO,PRIMERA PARTE,ROTC,25/09/2026,CONFIRMADA,3362195,0,03/09/2026,11/06/2027,0,BANCO CENTRAL DE LA REPUBLICA DOMINICANA,BCENTRAL,58079
DO1002262124,LE110627,BCENTRAL/ LT 20270611 GTIA,180000,DOP,18,10.1845,96.321317,25/09/2026,11:32:55 AM,ESTRUCTURADA,SEGUNDA PARTE,ROTC,27/01/2027,CONFIRMADA,3362196,0,03/09/2026,11/06/2027,9.2,BANCO CENTRAL DE LA REPUBLICA DOMINICANA,BCENTRAL,60277
DO1002262124,LE110627,BCENTRAL/ LT 20270611 GTIA,180000,DOP,18,9.8814,93.362756,25/09/2026,11:32:55 AM,ESTRUCTURADA,PRIMERA PARTE,ROTC,25/09/2026,CONFIRMADA,3362196,0,03/09/2026,11/06/2027,9.2,BANCO CENTRAL DE LA REPUBLICA DOMINICANA,BCENTRAL,60179
DO1002262223,LE030927,BCENTRAL/ LT 20270903 GTIA,350000,DOP,35,10.7827,93.817923,25/09/2026,11:32:54 AM,ESTRUCTURADA,SEGUNDA PARTE,ROTC,26/01/2027,CONFIRMADA,3362197,0,03/09/2026,03/09/2027,9.2,BANCO CENTRAL DE LA REPUBLICA DOMINICANA,BCENTRAL,60417
DO1002262223,LE030927,BCENTRAL/ LT 20270903 GTIA,350000,DOP,35,10.4326,90.958786,25/09/2026,11:32:54 AM,ESTRUCTURADA,PRIMERA PARTE,ROTC,25/09/2026,CONFIRMADA,3362197,0,03/09/2026,03/09/2027,9.2,BANCO CENTRAL DE LA REPUBLICA DOMINICANA,BCENTRAL,60529
DO1002262223,LE030927,BCENTRAL/ LT 20270903 GTIA,350000,DOP,35,0,0,25/09/2026,11:32:52 AM,PRESTAMO,SEGUNDA PARTE,ROTC,02/09/2027,CONFIRMADA,3362198,0,03/09/2026,03/09/2027,0,BANCO CENTRAL DE LA REPUBLICA DOMINICANA,BCENTRAL,53172
DO1002262223,LE030927,BCENTRAL/ LT 20270903 GTIA,350000,DOP,35,10.4326,90.958786,25/09/2026,11:32:52 AM,PRESTAMO,PRIMERA PARTE,ROTC,25/09/2026,CONFIRMADA,3362198,0,03/09/2026,03/09/2027,0,BANCO CENTRAL DE LA REPUBLICA DOMINICANA,BCENTRAL,58415
DO1002262124,LE110627,BCENTRAL/ LT 20270611 GTIA,180000,DOP,18,0,0,25/09/2026,11:32:51 AM,PRESTAMO,SEGUNDA PARTE,ROTC,10/06/2027,CONFIRMADA,3362199,0,03/09/2026,11/06/2027,0,BANCO CENTRAL DE LA REPUBLICA DOMINICANA,BCENTRAL,53095
DO1002262124,LE110627,BCENTRAL/ LT 20270611 GTIA,180000,DOP,18,9.8814,93.362756,25/09/2026,11:32:51 AM,PRESTAMO,PRIMERA PARTE,ROTC,25/09/2026,CONFIRMADA,3362199,0,03/09/2026,11/06/2027,0,BANCO CENTRAL DE LA REPUBLICA DOMINICANA,BCENTRAL,58051
DO1002261522,NO180130,BCENTRAL/9.5 BOEST 20300118 GTIA,100000,DOP,10,6.9521,106.90164,25/09/2026,11:32:50 AM,ESTRUCTURADA,SEGUNDA PARTE,ROTC,28/12/2026,CONFIRMADA,3362200,0,18/01/2026,18/01/2030,9.25,BANCO CENTRAL DE LA REPUBLICA DOMINICANA,BCENTRAL,62475
DO1002261522,NO180130,BCENTRAL/9.5 BOEST 20300118 GTIA,100000,DOP,10,7.1818,106.70795,25/09/2026,11:32:50 AM,ESTRUCTURADA,PRIMERA PARTE,ROTC,25/09/2026,CONFIRMADA,3362200,0,18/01/2026,18/01/2030,9.25,BANCO CENTRAL DE LA REPUBLICA DOMINICANA,BCENTRAL,62629
DO1002261522,NO180130,BCENTRAL/9.5 BOEST 20300118 GTIA,100000,DOP,10,0,0,25/09/2026,11:32:49 AM,PRESTAMO,SEGUNDA PARTE,ROTC,17/01/2030,CONFIRMADA,3362202,0,18/01/2026,18/01/2030,0,BANCO CENTRAL DE LA REPUBLICA DOMINICANA,BCENTRAL,55678
DO1002261522,NO180130,BCENTRAL/9.5 BOEST 20300118 GTIA,100000,DOP,10,7.1818,106.70795,25/09/2026,11:32:49 AM,PRESTAMO,PRIMERA PARTE,ROTC,25/09/2026,CONFIRMADA,3362202,0,18/01/2026,18/01/2030,0,BANCO CENTRAL DE LA REPUBLICA DOMINICANA,BCENTRAL,60585
USP3579ECN50,BSRD2033, ,10000,USD,10,6.1739,99.124533,25/09/2026,11:32:47 AM,ESTRUCTURADA,SEGUNDA PARTE,ROTC,26/01/2027,CONFIRMADA,3362205,0,22/02/2022,22/02/2033,4.95,MINISTERIO DE HACIENDA,HACIENDA,50022
USP3579ECN50,BSRD2033, ,10000,USD,10,6.1037,99.45,25/09/2026,11:32:47 AM,ESTRUCTURADA,PRIMERA PARTE,ROTC,25/09/2026,CONFIRMADA,3362205,0,22/02/2022,22/02/2033,4.95,MINISTERIO DE HACIENDA,HACIENDA,48657
USP3579ECN50,BSRD2033, ,10000,USD,10,0,0,25/09/2026,11:32:46 AM,PRESTAMO,SEGUNDA PARTE,ROTC,21/02/2033,CONFIRMADA,3362207,0,22/02/2022,22/02/2033,0,MINISTERIO DE HACIENDA,HACIENDA,43092
USP3579ECN50,BSRD2033, ,10000,USD,10,6.1037,99.45,25/09/2026,11:32:46 AM,PRESTAMO,PRIMERA PARTE,ROTC,25/09/2026,CONFIRMADA,3362207,0,22/02/2022,22/02/2033,0,MINISTERIO DE HACIENDA,HACIENDA,46550
DO1002262223,LE030927,BCENTRAL/ LT 20270903 GTIA,190000,DOP,19,10.5578,93.964947,25/09/2026,11:32:45 AM,ESTRUCTURADA,SEGUNDA PARTE,ROTC,27/01/2027,CONFIRMADA,3362210,0,03/09/2026,03/09/2027,9.25,BANCO CENTRAL DE LA REPUBLICA DOMINICANA,BCENTRAL,60522
DO1002262223,LE030927,BCENTRAL/ LT 20270903 GTIA,190000,DOP,19,10.2998,91.063563,25/09/2026,11:32:45 AM,ESTRUCTURADA,PRIMERA PARTE,ROTC,25/09/2026,CONFIRMADA,3362210,0,03/09/2026,03/09/2027,9.25,BANCO CENTRAL DE LA REPUBLICA DOMINICANA,BCENTRAL,60515
DO1002262223,LE030927,BCENTRAL/ LT 20270903 GTIA,190000,DOP,19,0,0,25/09/2026,11:32:44 AM,PRESTAMO,SEGUNDA PARTE,ROTC,02/09/2027,CONFIRMADA,3362212,0,03/09/2026,03/09/2027,0,BANCO CENTRAL DE LA REPUBLICA DOMINICANA,BCENTRAL,53207
DO1002262223,LE030927,BCENTRAL/ LT 20270903 GTIA,190000,DOP,19,10.2998,91.063563,25/09/2026,11:32:44 AM,PRESTAMO,PRIMERA PARTE,ROTC,25/09/2026,CONFIRMADA,3362212,0,03/09/2026,03/09/2027,0,BANCO CENTRAL DE LA REPUBLICA DOMINICANA,BCENTRAL,58408
USP3579ECH82,BSRD2032,"DOMINICAN, REP /4.875 BD 20320923",281000,USD,281,6.406,92.89916,25/09/2026,11:32:42 AM,ESTRUCTURADA,SEGUNDA PARTE,ROTC,22/02/2027,CONFIRMADA,3362214,0,23/09/2020,23/09/2032,5.4,MINISTERIO DE HACIENDA,HACIENDA,63217
USP3579ECH82,BSRD2032,"DOMINICAN, REP /4.875 BD 20320923",281000,USD,281,6.337,92.801148,25/09/2026,11:32:42 AM,ESTRUCTURADA,PRIMERA PARTE,ROTC,25/09/2026,CONFIRMADA,3362214,0,23/09/2020,23/09/2032,5.4,MINISTERIO DE HACIENDA,HACIENDA,63623
USP3579ECH82,BSRD2032,"DOMINICAN, REP /4.875 BD 20320923",281000,USD,281,0,0,25/09/2026,11:32:41 AM,PRESTAMO,SEGUNDA PARTE,ROTC,22/09/2032,CONFIRMADA,3362217,0,23/09/2020,23/09/2032,0,MINISTERIO DE HACIENDA,HACIENDA,57043
USP3579ECH82,BSRD2032,"DOMINICAN, REP /4.875 BD 20320923",281000,USD,281,6.337,92.801148,25/09/2026,11:32:41 AM,PRESTAMO,PRIMERA PARTE,ROTC,25/09/2026,CONFIRMADA,3362217,0,23/09/2020,23/09/2032,0,MINISTERIO DE HACIENDA,HACIENDA,61516
USP3579EAY34,BSRD2044,DOMINICAN Rep/7.45 BD 20440430 GO,113000,USD,113,7.0193,104.254835,25/09/2026,11:32:40 AM,ESTRUCTURADA,SEGUNDA PARTE,ROTC,26/01/2027,CONFIRMADA,3362220,0,30/04/2014,30/04/2044,5.1,MINISTERIO DE HACIENDA,HACIENDA,64967
USP3579EAY34,BSRD2044,DOMINICAN Rep/7.45 BD 20440430 GO,113000,USD,113,6.9637,104.879067,25/09/2026,11:32:40 AM,ESTRUCTURADA,PRIMERA PARTE,ROTC,25/09/2026,CONFIRMADA,3362220,0,30/04/2014,30/04/2044,5.1,MINISTERIO DE HACIENDA,HACIENDA,65219
USP3579EAY34,BSRD2044,DOMINICAN Rep/7.45 BD 20440430 GO,113000,USD,113,0,0,25/09/2026,11:32:39 AM,PRESTAMO,SEGUNDA PARTE,ROTC,29/04/2044,CONFIRMADA,3362222,0,30/04/2014,30/04/2044,0,MINISTERIO DE HACIENDA,HACIENDA,57918
USP3579EAY34,BSRD2044,DOMINICAN Rep/7.45 BD 20440430 GO,113000,USD,113,6.9637,104.879067,25/09/2026,11:32:39 AM,PRESTAMO,PRIMERA PARTE,ROTC,25/09/2026,CONFIRMADA,3362222,0,30/04/2014,30/04/2044,0,MINISTERIO DE HACIENDA,HACIENDA,63175
DO1002262223,LE030927,BCENTRAL/ LT 20270903 GTIA,60000,DOP,6,9.101,94.731333,25/09/2026,11:32:37 AM,ESTRUCTURADA,SEGUNDA PARTE,ROTC,26/01/2027,CONFIRMADA,3362223,0,03/09/2026,03/09/2027,9.05,BANCO CENTRAL DE LA REPUBLICA DOMINICANA,BCENTRAL,58891
DO1002262223,LE030927,BCENTRAL/ LT 20270903 GTIA,60000,DOP,6,9.2632,91.890017,25/09/2026,11:32:37 AM,ESTRUCTURADA,PRIMERA PARTE,ROTC,25/09/2026,CONFIRMADA,3362223,0,03/09/2026,03/09/2027,9.05,BANCO CENTRAL DE LA REPUBLICA DOMINICANA,BCENTRAL,59423
DO1002262223,LE030927,BCENTRAL/ LT 20270903 GTIA,60000,DOP,6,0,0,25/09/2026,11:32:36 AM,PRESTAMO,SEGUNDA PARTE,ROTC,02/09/2027,CONFIRMADA,3362224,0,03/09/2026,03/09/2027,0,BANCO CENTRAL DE LA REPUBLICA DOMINICANA,BCENTRAL,52486
DO1002262223,LE030927,BCENTRAL/ LT 20270903 GTIA,60000,DOP,6,9.2632,91.890017,25/09/2026,11:32:36 AM,PRESTAMO,PRIMERA PARTE,ROTC,25/09/2026,CONFIRMADA,3362224,0,03/09/2026,03/09/2027,0,BANCO CENTRAL DE LA REPUBLICA DOMINICANA,BCENTRAL,57316
DO1002261522,NO180130,BCENTRAL/9.5 BOEST 20300118 GTIA,50000,DOP,5,8.4175,102.864576,25/09/2026,11:32:35 AM,ESTRUCTURADA,SEGUNDA PARTE,ROTC,23/12/2026,CONFIRMADA,3362225,0,18/01/2026,18/01/2030,8.95,BANCO CENTRAL DE LA REPUBLICA DOMINICANA,BCENTRAL,62279
DO1002261522,NO180130,BCENTRAL/9.5 BOEST 20300118 GTIA,50000,DOP,5,8.4879,102.84709,25/09/2026,11:32:35 AM,ESTRUCTURADA,PRIMERA PARTE,ROTC,25/09/2026,CONFIRMADA,3362225,0,18/01/2026,18/01/2030,8.95,BANCO CENTRAL DE LA REPUBLICA DOMINICANA,BCENTRAL,62083
DO1002261522,NO180130,BCENTRAL/9.5 BOEST 20300118 GTIA,50000,DOP,5,0,0,25/09/2026,11:32:34 AM,PRESTAMO,SEGUNDA PARTE,ROTC,17/01/2030,CONFIRMADA,3362226,0,18/01/2026,18/01/2030,0,BANCO CENTRAL DE LA REPUBLICA DOMINICANA,BCENTRAL,55020
DO1002261522,NO180130,BCENTRAL/9.5 BOEST 20300118 GTIA,50000,DOP,5,8.4879,102.84709,25/09/2026,11:32:34 AM,PRESTAMO,PRIMERA PARTE,ROTC,25/09/2026,CONFIRMADA,3362226,0,18/01/2026,18/01/2030,0,BANCO CENTRAL DE LA REPUBLICA DOMINICANA,BCENTRAL,59976
DO1005213421,MH22035,HACIENDA/10.5 BOEST 20350510 GTIA,900000,DOP,9,9.2387,107.15243,25/09/2026,11:32:33 AM,ESTRUCTURADA,SEGUNDA PARTE,ROTC,26/01/2027,CONFIRMADA,3362227,0,10/05/2024,10/05/2035,9.35,MINISTERIO DE HACIENDA,HACIENDA,61915
DO1005213421,MH22035,HACIENDA/10.5 BOEST 20350510 GTIA,900000,DOP,9,9.2721,107.141248,25/09/2026,11:32:33 AM,ESTRUCTURADA,PRIMERA PARTE,ROTC,25/09/2026,CONFIRMADA,3362227,0,10/05/2024,10/05/2035,9.35,MINISTERIO DE HACIENDA,HACIENDA,62335
DO1005213421,MH22035,HACIENDA/10.5 BOEST 20350510 GTIA,900000,DOP,9,0,0,25/09/2026,11:32:32 AM,PRESTAMO,SEGUNDA PARTE,ROTC,09/05/2035,CONFIRMADA,3362228,0,10/05/2024,10/05/2035,0,MINISTERIO DE HACIENDA,HACIENDA,55132
DO1005213421,MH22035,HACIENDA/10.5 BOEST 20350510 GTIA,900000,DOP,9,9.2721,107.141248,25/09/2026,11:32:32 AM,PRESTAMO,PRIMERA PARTE,ROTC,25/09/2026,CONFIRMADA,3362228,0,10/05/2024,10/05/2035,0,MINISTERIO DE HACIENDA,HACIENDA,60228
DO1002261522,NO180130,BCENTRAL/9.5 BOEST 20300118 GTIA,60000,DOP,6,9.5204,99.936254,25/09/2026,11:32:30 AM,ESTRUCTURADA,SEGUNDA PARTE,ROTC,29/12/2026,CONFIRMADA,3362229,0,18/01/2026,18/01/2030,9.2,BANCO CENTRAL DE LA REPUBLICA DOMINICANA,BCENTRAL,61985
DO1002261522,NO180130,BCENTRAL/9.5 BOEST 20300118 GTIA,60000,DOP,6,9.5196,99.919633,25/09/2026,11:32:30 AM,ESTRUCTURADA,PRIMERA PARTE,ROTC,25/09/2026,CONFIRMADA,3362229,0,18/01/2026,18/01/2030,9.2,BANCO CENTRAL DE LA REPUBLICA DOMINICANA,BCENTRAL,62146
DO1002261522,NO180130,BCENTRAL/9.5 BOEST 20300118 GTIA,60000,DOP,6,0,0,25/09/2026,11:32:29 AM,PRESTAMO,SEGUNDA PARTE,ROTC,17/01/2030,CONFIRMADA,3362230,0,18/01/2026,18/01/2030,0,BANCO CENTRAL DE LA REPUBLICA DOMINICANA,BCENTRAL,55062
DO1002261522,NO180130,BCENTRAL/9.5 BOEST 20300118 GTIA,60000,DOP,6,9.5196,99.919633,25/09/2026,11:32:29 AM,PRESTAMO,PRIMERA PARTE,ROTC,25/09/2026,CONFIRMADA,3362230,0,18/01/2026,18/01/2030,0,BANCO CENTRAL DE LA REPUBLICA DOMINICANA,BCENTRAL,60102
DO1002261522,NO180130,BCENTRAL/9.5 BOEST 20300118 GTIA,100000,DOP,10,9.0128,101.26641,25/09/2026,11:32:28 AM,ESTRUCTURADA,SEGUNDA PARTE,ROTC,28/12/2026,CONFIRMADA,3362231,0,18/01/2026,18/01/2030,9.2,BANCO CENTRAL DE LA REPUBLICA DOMINICANA,BCENTRAL,62447
DO1002261522,NO180130,BCENTRAL/9.5 BOEST 20300118 GTIA,100000,DOP,10,9.0572,101.21875,25/09/2026,11:32:28 AM,ESTRUCTURADA,PRIMERA PARTE,ROTC,25/09/2026,CONFIRMADA,3362231,0,18/01/2026,18/01/2030,9.2,BANCO CENTRAL DE LA REPUBLICA DOMINICANA,BCENTRAL,62580
DO1002261522,NO180130,BCENTRAL/9.5 BOEST 20300118 GTIA,100000,DOP,10,0,0,25/09/2026,11:32:27 AM,PRESTAMO,SEGUNDA PARTE,ROTC,17/01/2030,CONFIRMADA,3362232,0,18/01/2026,18/01/2030,0,BANCO CENTRAL DE LA REPUBLICA DOMINICANA,BCENTRAL,55650
DO1002261522,NO180130,BCENTRAL/9.5 BOEST 20300118 GTIA,100000,DOP,10,9.0572,101.21875,25/09/2026,11:32:27 AM,PRESTAMO,PRIMERA PARTE,ROTC,25/09/2026,CONFIRMADA,3362232,0,18/01/2026,18/01/2030,0,BANCO CENTRAL DE LA REPUBLICA DOMINICANA,BCENTRAL,60473
USP3579EBE60,BSRD2045,DOMINICAN Rep/6.85 BD 20450127 Un,14000,USD,14,7.0099,98.367091,25/09/2026,11:32:26 AM,ESTRUCTURADA,SEGUNDA PARTE,ROTC,28/12/2026,CONFIRMADA,3362233,0,27/01/2015,27/01/2045,4.75,MINISTERIO DE HACIENDA,HACIENDA,64351
USP3579EBE60,BSRD2045,DOMINICAN Rep/6.85 BD 20450127 Un,14000,USD,14,6.9562,98.896389,25/09/2026,11:32:26 AM,ESTRUCTURADA,PRIMERA PARTE,ROTC,25/09/2026,CONFIRMADA,3362233,0,27/01/2015,27/01/2045,4.75,MINISTERIO DE HACIENDA,HACIENDA,64575
USP3579EBE60,BSRD2045,DOMINICAN Rep/6.85 BD 20450127 Un,14000,USD,14,0,0,25/09/2026,11:32:25 AM,PRESTAMO,SEGUNDA PARTE,ROTC,26/01/2045,CONFIRMADA,3362234,0,27/01/2015,27/01/2045,0,MINISTERIO DE HACIENDA,HACIENDA,57407
USP3579EBE60,BSRD2045,DOMINICAN Rep/6.85 BD 20450127 Un,14000,USD,14,6.9562,98.896389,25/09/2026,11:32:25 AM,PRESTAMO,PRIMERA PARTE,ROTC,25/09/2026,CONFIRMADA,3362234,0,27/01/2015,27/01/2045,0,MINISTERIO DE HACIENDA,HACIENDA,62468
DO1002262124,LE110627,BCENTRAL/ LT 20270611 GTIA,160000,DOP,16,9.2005,94.975525,25/09/2026,11:32:24 AM,ESTRUCTURADA,SEGUNDA PARTE,ROTC,16/11/2026,CONFIRMADA,3362235,0,03/09/2026,11/06/2027,9.05,BANCO CENTRAL DE LA REPUBLICA DOMINICANA,BCENTRAL,59948
DO1002262124,LE110627,BCENTRAL/ LT 20270611 GTIA,160000,DOP,16,9.2664,93.75,25/09/2026,11:32:24 AM,ESTRUCTURADA,PRIMERA PARTE,ROTC,25/09/2026,CONFIRMADA,3362235,0,03/09/2026,11/06/2027,9.05,BANCO CENTRAL DE LA REPUBLICA DOMINICANA,BCENTRAL,58639
DO1002262124,LE110627,BCENTRAL/ LT 20270611 GTIA,160000,DOP,16,0,0,25/09/2026,11:32:22 AM,PRESTAMO,SEGUNDA PARTE,ROTC,10/06/2027,CONFIRMADA,3362236,0,03/09/2026,11/06/2027,0,BANCO CENTRAL DE LA REPUBLICA DOMINICANA,BCENTRAL,53053
DO1002262124,LE110627,BCENTRAL/ LT 20270611 GTIA,160000,DOP,16,9.2664,93.75,25/09/2026,11:32:22 AM,PRESTAMO,PRIMERA PARTE,ROTC,25/09/2026,CONFIRMADA,3362236,0,03/09/2026,11/06/2027,0,BANCO CENTRAL DE LA REPUBLICA DOMINICANA,BCENTRAL,56525
DO1002262223,LE030927,BCENTRAL/ LT 20270903 GTIA,90000,DOP,9,14.7557,91.728511,25/09/2026,11:32:21 AM,ESTRUCTURADA,SEGUNDA PARTE,ROTC,26/01/2027,CONFIRMADA,3362237,0,03/09/2026,03/09/2027,9.35,BANCO CENTRAL DE LA REPUBLICA DOMINICANA,BCENTRAL,59689
DO1002262223,LE030927,BCENTRAL/ LT 20270903 GTIA,90000,DOP,9,13.1195,88.888889,25/09/2026,11:32:21 AM,ESTRUCTURADA,PRIMERA PARTE,ROTC,25/09/2026,CONFIRMADA,3362237,0,03/09/2026,03/09/2027,9.35,BANCO CENTRAL DE LA REPUBLICA DOMINICANA,BCENTRAL,59948
DO1002262223,LE030927,BCENTRAL/ LT 20270903 GTIA,90000,DOP,9,0,0,25/09/2026,11:32:20 AM,PRESTAMO,SEGUNDA PARTE,ROTC,02/09/2027,CONFIRMADA,3362238,0,03/09/2026,03/09/2027,0,BANCO CENTRAL DE LA REPUBLICA DOMINICANA,BCENTRAL,52479
DO1002262223,LE030927,BCENTRAL/ LT 20270903 GTIA,90000,DOP,9,13.1195,88.888889,25/09/2026,11:32:20 AM,PRESTAMO,PRIMERA PARTE,ROTC,25/09/2026,CONFIRMADA,3362238,0,03/09/2026,03/09/2027,0,BANCO CENTRAL DE LA REPUBLICA DOMINICANA,BCENTRAL,57841
USP3579ECH82,BSRD2032,"DOMINICAN, REP /4.875 BD 20320923",1182000,USD,1182,3.0204,109.981361,25/09/2026,11:32:13 AM,PRESTAMO,SEGUNDA PARTE,ROTC,22/10/2026,CONFIRMADA,3362245,0,23/09/2020,23/09/2032,4.74,MINISTERIO DE HACIENDA,HACIENDA,62692
USP3579ECH82,BSRD2032,"DOMINICAN, REP /4.875 BD 20320923",1182000,USD,1182,3.0453,109.955996,25/09/2026,11:32:13 AM,PRESTAMO,PRIMERA PARTE,ROTC,25/09/2026,CONFIRMADA,3362245,0,23/09/2020,23/09/2032,4.74,MINISTERIO DE HACIENDA,HACIENDA,62979
USP3579ECH82,BSRD2032,"DOMINICAN, REP /4.875 BD 20320923",1182000,USD,1182,3.0204,109.981361,25/09/2026,11:32:12 AM,ESTRUCTURADA,SEGUNDA PARTE,ROTC,22/10/2026,CONFIRMADA,3362117,0,23/09/2020,23/09/2032,4.74,MINISTERIO DE HACIENDA,HACIENDA,64785
USP3579ECH82,BSRD2032,"DOMINICAN, REP /4.875 BD 20320923",1182000,USD,1182,3.0453,109.955996,25/09/2026,11:32:12 AM,ESTRUCTURADA,PRIMERA PARTE,ROTC,25/09/2026,CONFIRMADA,3362117,0,23/09/2020,23/09/2032,4.74,MINISTERIO DE HACIENDA,HACIENDA,65072
DO1002227721,NO111226,BCENTRAL/9 BOEST 20261211 GTIA,4000000,DOP,400,7,100.391709,25/09/2026,11:32:06 AM,CONTADO,PRIMERA PARTE,ROTC,25/09/2026,CONFIRMADA,3362147,0,11/12/2023,11/12/2026,0,BANCO CENTRAL DE LA REPUBLICA DOMINICANA,BCENTRAL,58394
DO1005208215,MHUS2029,HACIENDA/6.95 BOEST 20290626 GTIA,254000,USD,254,0.7287,114.858469,25/09/2026,11:30:43 AM,PRESTAMO,SEGUNDA PARTE,ROTC,27/01/2027,CONFIRMADA,3361971,0,26/06/2020,26/06/2029,2.854611,MINISTERIO DE HACIENDA,HACIENDA,62097
DO1005208215,MHUS2029,HACIENDA/6.95 BOEST 20290626 GTIA,254000,USD,254,2.3425,112.161094,25/09/2026,11:30:43 AM,PRESTAMO,PRIMERA PARTE,ROTC,29/09/2026,CONFIRMADA,3361971,0,26/06/2020,26/06/2029,2.854611,MINISTERIO DE HACIENDA,HACIENDA,62020
DO1005208215,MHUS2029,HACIENDA/6.95 BOEST 20290626 GTIA,254000,USD,254,0.7287,114.858469,25/09/2026,11:30:42 AM,ESTRUCTURADA,SEGUNDA PARTE,ROTC,27/01/2027,CONFIRMADA,3361970,0,26/06/2020,26/06/2029,3.95,MINISTERIO DE HACIENDA,HACIENDA,64190
DO1005208215,MHUS2029,HACIENDA/6.95 BOEST 20290626 GTIA,254000,USD,254,2.3425,112.161094,25/09/2026,11:30:42 AM,ESTRUCTURADA,PRIMERA PARTE,ROTC,29/09/2026,CONFIRMADA,3361970,0,26/06/2020,26/06/2029,3.95,MINISTERIO DE HACIENDA,HACIENDA,64113
DO1005208215,MHUS2029,HACIENDA/6.95 BOEST 20290626 GTIA,254000,USD,254,0.7287,114.858465,25/09/2026,11:30:40 AM,PRESTAMO,SEGUNDA PARTE,ROTC,27/01/2027,CONFIRMADA,3361969,0,26/06/2020,26/06/2029,2.854611,MINISTERIO DE HACIENDA,HACIENDA,62048
DO1005208215,MHUS2029,HACIENDA/6.95 BOEST 20290626 GTIA,254000,USD,254,2.3425,112.161091,25/09/2026,11:30:40 AM,PRESTAMO,PRIMERA PARTE,ROTC,29/09/2026,CONFIRMADA,3361969,0,26/06/2020,26/06/2029,2.854611,MINISTERIO DE HACIENDA,HACIENDA,61978
DO1005208215,MHUS2029,HACIENDA/6.95 BOEST 20290626 GTIA,254000,USD,254,0.7287,114.858465,25/09/2026,11:30:39 AM,ESTRUCTURADA,SEGUNDA PARTE,ROTC,27/01/2027,CONFIRMADA,3361968,0,26/06/2020,26/06/2029,3.95,MINISTERIO DE HACIENDA,HACIENDA,64204
DO1005208215,MHUS2029,HACIENDA/6.95 BOEST 20290626 GTIA,254000,USD,254,2.3425,112.161091,25/09/2026,11:30:39 AM,ESTRUCTURADA,PRIMERA PARTE,ROTC,29/09/2026,CONFIRMADA,3361968,0,26/06/2020,26/06/2029,3.95,MINISTERIO DE HACIENDA,HACIENDA,64134
DO1005208215,MHUS2029,HACIENDA/6.95 BOEST 20290626 GTIA,236000,USD,236,0.7543,114.791801,25/09/2026,11:30:38 AM,PRESTAMO,SEGUNDA PARTE,ROTC,27/01/2027,CONFIRMADA,3361967,0,26/06/2020,26/06/2029,2.84946,MINISTERIO DE HACIENDA,HACIENDA,61992
DO1005208215,MHUS2029,HACIENDA/6.95 BOEST 20290626 GTIA,236000,USD,236,2.3675,112.102271,25/09/2026,11:30:38 AM,PRESTAMO,PRIMERA PARTE,ROTC,28/09/2026,CONFIRMADA,3361967,0,26/06/2020,26/06/2029,2.84946,MINISTERIO DE HACIENDA,HACIENDA,62034
DO1005208215,MHUS2029,HACIENDA/6.95 BOEST 20290626 GTIA,236000,USD,236,0.7543,114.791801,25/09/2026,11:30:36 AM,ESTRUCTURADA,SEGUNDA PARTE,ROTC,27/01/2027,CONFIRMADA,3361966,0,26/06/2020,26/06/2029,3.95,MINISTERIO DE HACIENDA,HACIENDA,64078
DO1005208215,MHUS2029,HACIENDA/6.95 BOEST 20290626 GTIA,236000,USD,236,2.3675,112.102271,25/09/2026,11:30:36 AM,ESTRUCTURADA,PRIMERA PARTE,ROTC,28/09/2026,CONFIRMADA,3361966,0,26/06/2020,26/06/2029,3.95,MINISTERIO DE HACIENDA,HACIENDA,64120
DO1005213025,MH22031,HACIENDA/10.25 BOEST 20310209 GTIA,1900000,DOP,19,8.4851,106.114806,25/09/2026,11:30:35 AM,PRESTAMO,SEGUNDA PARTE,ROTC,27/11/2026,CONFIRMADA,3361964,0,09/02/2024,09/02/2031,2.682647,MINISTERIO DE HACIENDA,HACIENDA,61180
DO1005213025,MH22031,HACIENDA/10.25 BOEST 20310209 GTIA,1900000,DOP,19,8.5001,106.274294,25/09/2026,11:30:35 AM,PRESTAMO,PRIMERA PARTE,ROTC,28/09/2026,CONFIRMADA,3361964,0,09/02/2024,09/02/2031,2.682647,MINISTERIO DE HACIENDA,HACIENDA,61271
DO1005213025,MH22031,HACIENDA/10.25 BOEST 20310209 GTIA,1900000,DOP,19,8.4851,106.114806,25/09/2026,11:30:34 AM,ESTRUCTURADA,SEGUNDA PARTE,ROTC,27/11/2026,CONFIRMADA,3361963,0,09/02/2024,09/02/2031,8.5,MINISTERIO DE HACIENDA,HACIENDA,63273
DO1005213025,MH22031,HACIENDA/10.25 BOEST 20310209 GTIA,1900000,DOP,19,8.5001,106.274294,25/09/2026,11:30:34 AM,ESTRUCTURADA,PRIMERA PARTE,ROTC,28/09/2026,CONFIRMADA,3361963,0,09/02/2024,09/02/2031,8.5,MINISTERIO DE HACIENDA,HACIENDA,63364
DO1005208629,MH12031,HACIENDA/8.5 BOEST 20310611 GTIA,2000000,DOP,20,9.3499,97.422013,25/09/2026,11:30:33 AM,PRESTAMO,SEGUNDA PARTE,ROTC,27/01/2027,CONFIRMADA,3361962,0,11/06/2021,11/06/2031,5.281733,MINISTERIO DE HACIENDA,HACIENDA,60214
DO1005208629,MH12031,HACIENDA/8.5 BOEST 20310611 GTIA,2000000,DOP,20,9.3063,97.424315000000007,25/09/2026,11:30:33 AM,PRESTAMO,PRIMERA PARTE,ROTC,28/09/2026,CONFIRMADA,3361962,0,11/06/2021,11/06/2031,5.281733,MINISTERIO DE HACIENDA,HACIENDA,60291
DO1005208629,MH12031,HACIENDA/8.5 BOEST 20310611 GTIA,2000000,DOP,20,9.3499,97.422013,25/09/2026,11:30:32 AM,ESTRUCTURADA,SEGUNDA PARTE,ROTC,27/01/2027,CONFIRMADA,3361961,0,11/06/2021,11/06/2031,8.5,MINISTERIO DE HACIENDA,HACIENDA,62307
DO1005208629,MH12031,HACIENDA/8.5 BOEST 20310611 GTIA,2000000,DOP,20,9.3063,97.424315000000007,25/09/2026,11:30:32 AM,ESTRUCTURADA,PRIMERA PARTE,ROTC,28/09/2026,CONFIRMADA,3361961,0,11/06/2021,11/06/2031,8.5,MINISTERIO DE HACIENDA,HACIENDA,62384
DO1002223928,NO120227,BCENTRAL/8 BOEST 20270212 GTIA,500000,DOP,50,8,99.985777,25/09/2026,11:29:48 AM,CONTADO,PRIMERA PARTE,ROTC,25/09/2026,CONFIRMADA,3362148,0,12/02/2022,12/02/2027,0,BANCO CENTRAL DE LA REPUBLICA DOMINICANA,BCENTRAL,57750
DO1005206516,MH32028,HACIENDA/10.75 BOEST 20280811 GTIA,11500000,DOP,115,8.9569,102.901293,25/09/2026,11:29:25 AM,PRESTAMO,SEGUNDA PARTE,ROTC,26/10/2026,CONFIRMADA,3362169,0,10/08/2018,11/08/2028,9.14,MINISTERIO DE HACIENDA,HACIENDA,62090
DO1005206516,MH32028,HACIENDA/10.75 BOEST 20280811 GTIA,11500000,DOP,115,8.9846,102.993032,25/09/2026,11:29:25 AM,PRESTAMO,PRIMERA PARTE,ROTC,25/09/2026,CONFIRMADA,3362169,0,10/08/2018,11/08/2028,9.14,MINISTERIO DE HACIENDA,HACIENDA,62202
DO1005206516,MH32028,HACIENDA/10.75 BOEST 20280811 GTIA,11500000,DOP,115,8.9569,102.901293,25/09/2026,11:29:23 AM,ESTRUCTURADA,SEGUNDA PARTE,ROTC,26/10/2026,CONFIRMADA,3362116,0,10/08/2018,11/08/2028,9.14,MINISTERIO DE HACIENDA,HACIENDA,64176
DO1005206516,MH32028,HACIENDA/10.75 BOEST 20280811 GTIA,11500000,DOP,115,8.9846,102.993032,25/09/2026,11:29:23 AM,ESTRUCTURADA,PRIMERA PARTE,ROTC,25/09/2026,CONFIRMADA,3362116,0,10/08/2018,11/08/2028,9.14,MINISTERIO DE HACIENDA,HACIENDA,64288
DO1002228729,NO030328,BCENTRAL/9.5 BOEST 20280303 GTIA,2010000,DOP,201,8.95,100.716531,25/09/2026,11:28:45 AM,CONTADO,PRIMERA PARTE,ROTC,25/09/2026,CONFIRMADA,3362131,0,03/03/2025,03/03/2028,0,BANCO CENTRAL DE LA REPUBLICA DOMINICANA,BCENTRAL,60291
USP3579ECH82,BSRD2032,"DOMINICAN, REP /4.875 BD 20320923",1022000,USD,1022,4.4501,102.051782,25/09/2026,11:28:15 AM,PRESTAMO,SEGUNDA PARTE,ROTC,24/03/2027,CONFIRMADA,3362163,0,23/09/2020,23/09/2032,3.99,MINISTERIO DE HACIENDA,HACIENDA,62629
USP3579ECH82,BSRD2032,"DOMINICAN, REP /4.875 BD 20320923",1022000,USD,1022,4.8668,100.041866,25/09/2026,11:28:15 AM,PRESTAMO,PRIMERA PARTE,ROTC,25/09/2026,CONFIRMADA,3362163,0,23/09/2020,23/09/2032,3.99,MINISTERIO DE HACIENDA,HACIENDA,62860
USP3579ECH82,BSRD2032,"DOMINICAN, REP /4.875 BD 20320923",1022000,USD,1022,4.4501,102.051782,25/09/2026,11:28:14 AM,ESTRUCTURADA,SEGUNDA PARTE,ROTC,24/03/2027,CONFIRMADA,3362115,0,23/09/2020,23/09/2032,3.99,MINISTERIO DE HACIENDA,HACIENDA,64722
USP3579ECH82,BSRD2032,"DOMINICAN, REP /4.875 BD 20320923",1022000,USD,1022,4.8668,100.041866,25/09/2026,11:28:14 AM,ESTRUCTURADA,PRIMERA PARTE,ROTC,25/09/2026,CONFIRMADA,3362115,0,23/09/2020,23/09/2032,3.99,MINISTERIO DE HACIENDA,HACIENDA,64953
DO1002261829,NO010330,BCENTRAL/9.5 BOEST 20300301 GTIA,5920000,DOP,592,9.2,100.854226,25/09/2026,11:28:13 AM,CONTADO,PRIMERA PARTE,ROTC,25/09/2026,CONFIRMADA,3362130,0,01/03/2026,01/03/2030,0,BANCO CENTRAL DE LA REPUBLICA DOMINICANA,BCENTRAL,59913
DO1002261324,NO241128,BCENTRAL/9.25 BOEST 20281124 GTIA,4120000,DOP,412,9,100.459211,25/09/2026,11:27:26 AM,CONTADO,PRIMERA PARTE,ROTC,25/09/2026,CONFIRMADA,3362129,0,24/11/2025,24/11/2028,0,BANCO CENTRAL DE LA REPUBLICA DOMINICANA,BCENTRAL,59535
DO1005206516,MH32028,HACIENDA/10.75 BOEST 20280811 GTIA,17200000,DOP,172,9.3831,101.922963,25/09/2026,11:26:32 AM,ESTRUCTURADA,SEGUNDA PARTE,ROTC,22/01/2027,CONFIRMADA,3361947,0,10/08/2018,11/08/2028,8.8,MINISTERIO DE HACIENDA,HACIENDA,64127
DO1005206516,MH32028,HACIENDA/10.75 BOEST 20280811 GTIA,17200000,DOP,172,9.3239,102.409373,25/09/2026,11:26:32 AM,ESTRUCTURADA,PRIMERA PARTE,ROTC,25/09/2026,CONFIRMADA,3361947,0,10/08/2018,11/08/2028,8.8,MINISTERIO DE HACIENDA,HACIENDA,64246
DO1005206516,MH32028,HACIENDA/10.75 BOEST 20280811 GTIA,17200000,DOP,172,9.3831,101.922963,25/09/2026,11:26:31 AM,PRESTAMO,SEGUNDA PARTE,ROTC,22/01/2027,CONFIRMADA,3361948,0,10/08/2018,11/08/2028,4.095406,MINISTERIO DE HACIENDA,HACIENDA,62020
DO1005206516,MH32028,HACIENDA/10.75 BOEST 20280811 GTIA,17200000,DOP,172,9.3239,102.409373,25/09/2026,11:26:31 AM,PRESTAMO,PRIMERA PARTE,ROTC,25/09/2026,CONFIRMADA,3361948,0,10/08/2018,11/08/2028,4.095406,MINISTERIO DE HACIENDA,HACIENDA,62139
DO1002261928,LE090427,BCENTRAL/ LT 20270409 GTIA,520000,DOP,52,7.7217,96.382212,25/09/2026,11:25:41 AM,PLAZO,PRIMERA PARTE,ROTC,16/10/2026,CONFIRMADA,3361978,0,09/04/2026,09/04/2027,0,BANCO CENTRAL DE LA REPUBLICA DOMINICANA,BCENTRAL,56420
DO1002261928,LE090427,BCENTRAL/ LT 20270409 GTIA,520000,DOP,52,7.7217,96.382212,25/09/2026,11:25:40 AM,PRESTAMO,SEGUNDA PARTE,ROTC,16/10/2026,CONFIRMADA,3361977,0,09/04/2026,09/04/2027,0.236937,BANCO CENTRAL DE LA REPUBLICA DOMINICANA,BCENTRAL,57953
DO1002261928,LE090427,BCENTRAL/ LT 20270409 GTIA,520000,DOP,52,7.4611,96.153846,25/09/2026,11:25:40 AM,PRESTAMO,PRIMERA PARTE,ROTC,28/09/2026,CONFIRMADA,3361977,0,09/04/2026,09/04/2027,0.236937,BANCO CENTRAL DE LA REPUBLICA DOMINICANA,BCENTRAL,58121
DO1002261928,LE090427,BCENTRAL/ LT 20270409 GTIA,520000,DOP,52,7.4611,96.153846,25/09/2026,11:25:38 AM,CONTADO,PRIMERA PARTE,ROTC,28/09/2026,CONFIRMADA,3361976,0,09/04/2026,09/04/2027,0,BANCO CENTRAL DE LA REPUBLICA DOMINICANA,BCENTRAL,57477
DO2016300223,BC1GUL02,GULFSTREAM/11.15 BO 20290624,9999827,DOP,9999827,11.2555,99.751404,25/09/2026,11:24:07 AM,ESTRUCTURADA,SEGUNDA PARTE,ROTC,27/10/2026,CONFIRMADA,3361945,0,24/06/2019,24/06/2029,8.55,GULFSTREAM PETROLEUM DOMINICANA S DE RL,GULFSTREAM,63973
DO2016300223,BC1GUL02,GULFSTREAM/11.15 BO 20290624,9999827,DOP,9999827,11.1631,99.968942,25/09/2026,11:24:07 AM,ESTRUCTURADA,PRIMERA PARTE,ROTC,25/09/2026,CONFIRMADA,3361945,0,24/06/2019,24/06/2029,8.55,GULFSTREAM PETROLEUM DOMINICANA S DE RL,GULFSTREAM,64155
DO2016300223,BC1GUL02,GULFSTREAM/11.15 BO 20290624,9999827,DOP,9999827,11.2555,99.751404,25/09/2026,11:24:05 AM,PRESTAMO,SEGUNDA PARTE,ROTC,27/10/2026,CONFIRMADA,3361946,0,24/06/2019,24/06/2029,0.784585,GULFSTREAM PETROLEUM DOMINICANA S DE RL,GULFSTREAM,61859
DO2016300223,BC1GUL02,GULFSTREAM/11.15 BO 20290624,9999827,DOP,9999827,11.1631,99.968942,25/09/2026,11:24:05 AM,PRESTAMO,PRIMERA PARTE,ROTC,25/09/2026,CONFIRMADA,3361946,0,24/06/2019,24/06/2029,0.784585,GULFSTREAM PETROLEUM DOMINICANA S DE RL,GULFSTREAM,62041
DO1002227317,NO150928,BCENTRAL/11 BOEST 20280915 GTIA,100000,DOP,10,8.6376,104.19563,25/09/2026,11:23:07 AM,CONTADO,PRIMERA PARTE,ROTC,25/09/2026,CONFIRMADA,3361561,0,15/09/2023,15/09/2028,0,BANCO CENTRAL DE LA REPUBLICA DOMINICANA,BCENTRAL,59633
DO1002227317,NO150928,BCENTRAL/11 BOEST 20280915 GTIA,100000,DOP,10,8.7274,103.6961,25/09/2026,11:23:06 AM,PRESTAMO,SEGUNDA PARTE,ROTC,24/11/2026,CONFIRMADA,3361562,0,15/09/2023,15/09/2028,1.537981,BANCO CENTRAL DE LA REPUBLICA DOMINICANA,BCENTRAL,59829
DO1002227317,NO150928,BCENTRAL/11 BOEST 20280915 GTIA,100000,DOP,10,8.6376,104.19563,25/09/2026,11:23:06 AM,PRESTAMO,PRIMERA PARTE,ROTC,25/09/2026,CONFIRMADA,3361562,0,15/09/2023,15/09/2028,1.537981,BANCO CENTRAL DE LA REPUBLICA DOMINICANA,BCENTRAL,60319
DO1002227317,NO150928,BCENTRAL/11 BOEST 20280915 GTIA,100000,DOP,10,8.7274,103.6961,25/09/2026,11:23:04 AM,PLAZO,PRIMERA PARTE,ROTC,24/11/2026,CONFIRMADA,3361563,0,15/09/2023,15/09/2028,0,BANCO CENTRAL DE LA REPUBLICA DOMINICANA,BCENTRAL,58275
USP3579EBV85,BSDR2027,DOMINICAN Rep/5.95 BD 20270125 Se,17000,USD,17,6.5421,99.797235,25/09/2026,11:23:03 AM,CONTADO,PRIMERA PARTE,ROTC,25/09/2026,CONFIRMADA,3361564,0,25/01/2017,25/01/2027,0,MINISTERIO DE HACIENDA,HACIENDA,61733
USP3579EBV85,BSDR2027,DOMINICAN Rep/5.95 BD 20270125 Se,17000,USD,17,6.714,99.747235,25/09/2026,11:23:02 AM,PRESTAMO,SEGUNDA PARTE,ROTC,28/09/2026,CONFIRMADA,3361565,0,25/01/2017,25/01/2027,0.983481,MINISTERIO DE HACIENDA,HACIENDA,62006
USP3579EBV85,BSDR2027,DOMINICAN Rep/5.95 BD 20270125 Se,17000,USD,17,6.5421,99.797235,25/09/2026,11:23:02 AM,PRESTAMO,PRIMERA PARTE,ROTC,25/09/2026,CONFIRMADA,3361565,0,25/01/2017,25/01/2027,0.983481,MINISTERIO DE HACIENDA,HACIENDA,62419
USP3579ECF27,BSRD2030,DOMINICAN REP/4.5 BD 20300130 UNS,1000,USD,1,-8.8827,153.562,25/09/2026,11:23:01 AM,CONTADO,PRIMERA PARTE,ROTC,25/09/2026,CONFIRMADA,3361566,0,30/01/2020,30/01/2030,0,MINISTERIO DE HACIENDA,HACIENDA,59829
DO1002228612,NO031227,BCENTRAL/8 BOEST 20271203 GTIA,5840000,DOP,584,0,99.635901,25/09/2026,11:23:00 AM,PLAZO,PRIMERA PARTE,ROTC,23/10/2026,CONFIRMADA,3361567,0,03/12/2024,03/12/2027,0,BANCO CENTRAL DE LA REPUBLICA DOMINICANA,BCENTRAL,57274
DO1002228612,NO031227,BCENTRAL/8 BOEST 20271203 GTIA,5840000,DOP,584,9,99.77161,25/09/2026,11:22:58 AM,PRESTAMO,SEGUNDA PARTE,ROTC,25/11/2026,CONFIRMADA,3361568,0,03/12/2024,03/12/2027,3.82333,BANCO CENTRAL DE LA REPUBLICA DOMINICANA,BCENTRAL,58632
DO1002228612,NO031227,BCENTRAL/8 BOEST 20271203 GTIA,5840000,DOP,584,0,99.635901,25/09/2026,11:22:58 AM,PRESTAMO,PRIMERA PARTE,ROTC,23/10/2026,CONFIRMADA,3361568,0,03/12/2024,03/12/2027,3.82333,BANCO CENTRAL DE LA REPUBLICA DOMINICANA,BCENTRAL,58961
DO1002228612,NO031227,BCENTRAL/8 BOEST 20271203 GTIA,5840000,DOP,584,9,99.77161,25/09/2026,11:22:57 AM,PLAZO,PRIMERA PARTE,ROTC,25/11/2026,CONFIRMADA,3361569,0,03/12/2024,03/12/2027,0,BANCO CENTRAL DE LA REPUBLICA DOMINICANA,BCENTRAL,57085
DO1002223928,NO120227,BCENTRAL/8 BOEST 20270212 GTIA,5860000,DOP,586,0,100.10647,25/09/2026,11:22:56 AM,PLAZO,PRIMERA PARTE,ROTC,25/11/2026,CONFIRMADA,3361570,0,12/02/2022,12/02/2027,0,BANCO CENTRAL DE LA REPUBLICA DOMINICANA,BCENTRAL,57253
DO1002223928,NO120227,BCENTRAL/8 BOEST 20270212 GTIA,5860000,DOP,586,9,100.226604,25/09/2026,11:22:55 AM,PRESTAMO,SEGUNDA PARTE,ROTC,24/12/2026,CONFIRMADA,3361571,0,12/02/2022,12/02/2027,2.940845,BANCO CENTRAL DE LA REPUBLICA DOMINICANA,BCENTRAL,59199
DO1002223928,NO120227,BCENTRAL/8 BOEST 20270212 GTIA,5860000,DOP,586,0,100.10647,25/09/2026,11:22:55 AM,PRESTAMO,PRIMERA PARTE,ROTC,25/11/2026,CONFIRMADA,3361571,0,12/02/2022,12/02/2027,2.940845,BANCO CENTRAL DE LA REPUBLICA DOMINICANA,BCENTRAL,58849
DO1002223928,NO120227,BCENTRAL/8 BOEST 20270212 GTIA,5860000,DOP,586,9,100.226604,25/09/2026,11:22:54 AM,PLAZO,PRIMERA PARTE,ROTC,24/12/2026,CONFIRMADA,3361572,0,12/02/2022,12/02/2027,0,BANCO CENTRAL DE LA REPUBLICA DOMINICANA,BCENTRAL,57652
DO1002228612,NO031227,BCENTRAL/8 BOEST 20271203 GTIA,5990000,DOP,599,0,99.705407,25/09/2026,11:22:53 AM,PLAZO,PRIMERA PARTE,ROTC,24/12/2026,CONFIRMADA,3361573,0,03/12/2024,03/12/2027,0,BANCO CENTRAL DE LA REPUBLICA DOMINICANA,BCENTRAL,57421
DO1002228612,NO031227,BCENTRAL/8 BOEST 20271203 GTIA,5990000,DOP,599,9,99.812349,25/09/2026,11:22:52 AM,PRESTAMO,SEGUNDA PARTE,ROTC,25/01/2027,CONFIRMADA,3361574,0,03/12/2024,03/12/2027,1.25947,BANCO CENTRAL DE LA REPUBLICA DOMINICANA,BCENTRAL,59045
DO1002228612,NO031227,BCENTRAL/8 BOEST 20271203 GTIA,5990000,DOP,599,0,99.705407,25/09/2026,11:22:52 AM,PRESTAMO,PRIMERA PARTE,ROTC,24/12/2026,CONFIRMADA,3361574,0,03/12/2024,03/12/2027,1.25947,BANCO CENTRAL DE LA REPUBLICA DOMINICANA,BCENTRAL,59017
DO1002228612,NO031227,BCENTRAL/8 BOEST 20271203 GTIA,5990000,DOP,599,9,99.812349,25/09/2026,11:22:50 AM,PLAZO,PRIMERA PARTE,ROTC,25/01/2027,CONFIRMADA,3361575,0,03/12/2024,03/12/2027,0,BANCO CENTRAL DE LA REPUBLICA DOMINICANA,BCENTRAL,57491
DO1002228612,NO031227,BCENTRAL/8 BOEST 20271203 GTIA,5950000,DOP,595,0,99.675501,25/09/2026,11:22:49 AM,PLAZO,PRIMERA PARTE,ROTC,25/01/2027,CONFIRMADA,3361576,0,03/12/2024,03/12/2027,0,BANCO CENTRAL DE LA REPUBLICA DOMINICANA,BCENTRAL,57407
DO1002228612,NO031227,BCENTRAL/8 BOEST 20271203 GTIA,5950000,DOP,595,9,99.784378,25/09/2026,11:22:48 AM,PRESTAMO,SEGUNDA PARTE,ROTC,25/02/2027,CONFIRMADA,3361577,0,03/12/2024,03/12/2027,1.923665,BANCO CENTRAL DE LA REPUBLICA DOMINICANA,BCENTRAL,59101
DO1002228612,NO031227,BCENTRAL/8 BOEST 20271203 GTIA,5950000,DOP,595,0,99.675501,25/09/2026,11:22:48 AM,PRESTAMO,PRIMERA PARTE,ROTC,25/01/2027,CONFIRMADA,3361577,0,03/12/2024,03/12/2027,1.923665,BANCO CENTRAL DE LA REPUBLICA DOMINICANA,BCENTRAL,59003
DO1002228612,NO031227,BCENTRAL/8 BOEST 20271203 GTIA,5950000,DOP,595,9,99.784378,25/09/2026,11:22:47 AM,PLAZO,PRIMERA PARTE,ROTC,25/02/2027,CONFIRMADA,3361578,0,03/12/2024,03/12/2027,0,BANCO CENTRAL DE LA REPUBLICA DOMINICANA,BCENTRAL,57554
DO1002228612,NO031227,BCENTRAL/8 BOEST 20271203 GTIA,5910000,DOP,591,0,99.676689,25/09/2026,11:22:46 AM,PLAZO,PRIMERA PARTE,ROTC,25/02/2027,CONFIRMADA,3361579,0,03/12/2024,03/12/2027,0,BANCO CENTRAL DE LA REPUBLICA DOMINICANA,BCENTRAL,57463
DO1002228612,NO031227,BCENTRAL/8 BOEST 20271203 GTIA,5910000,DOP,591,9,99.776176,25/09/2026,11:22:45 AM,PRESTAMO,SEGUNDA PARTE,ROTC,24/03/2027,CONFIRMADA,3361580,0,03/12/2024,03/12/2027,2.484008,BANCO CENTRAL DE LA REPUBLICA DOMINICANA,BCENTRAL,59003
DO1002228612,NO031227,BCENTRAL/8 BOEST 20271203 GTIA,5910000,DOP,591,0,99.676689,25/09/2026,11:22:45 AM,PRESTAMO,PRIMERA PARTE,ROTC,25/02/2027,CONFIRMADA,3361580,0,03/12/2024,03/12/2027,2.484008,BANCO CENTRAL DE LA REPUBLICA DOMINICANA,BCENTRAL,59059
DO1002227317,NO150928,BCENTRAL/11 BOEST 20280915 GTIA,40000,DOP,4,4.4734,97.247525,25/09/2026,11:22:43 AM,PRESTAMO,SEGUNDA PARTE,ROTC,23/10/2026,CONFIRMADA,3361581,0,15/09/2023,15/09/2028,0.992432,BANCO CENTRAL DE LA REPUBLICA DOMINICANA,BCENTRAL,59584
DO1002227317,NO150928,BCENTRAL/11 BOEST 20280915 GTIA,40000,DOP,4,12.5079,97.42565,25/09/2026,11:22:43 AM,PRESTAMO,PRIMERA PARTE,ROTC,25/09/2026,CONFIRMADA,3361581,0,15/09/2023,15/09/2028,0.992432,BANCO CENTRAL DE LA REPUBLICA DOMINICANA,BCENTRAL,59710
DO1002227317,NO150928,BCENTRAL/11 BOEST 20280915 GTIA,40000,DOP,4,4.4734,97.247525,25/09/2026,11:22:42 AM,PLAZO,PRIMERA PARTE,ROTC,23/10/2026,CONFIRMADA,3361582,0,15/09/2023,15/09/2028,0,BANCO CENTRAL DE LA REPUBLICA DOMINICANA,BCENTRAL,58037
DO1002227317,NO150928,BCENTRAL/11 BOEST 20280915 GTIA,2610000,DOP,261,9.2165,103.144408,25/09/2026,11:22:41 AM,CONTADO,PRIMERA PARTE,ROTC,25/09/2026,CONFIRMADA,3361583,0,15/09/2023,15/09/2028,0,BANCO CENTRAL DE LA REPUBLICA DOMINICANA,BCENTRAL,60655
DO1002227317,NO150928,BCENTRAL/11 BOEST 20280915 GTIA,2610000,DOP,261,9.2915,102.985534,25/09/2026,11:22:40 AM,PRESTAMO,SEGUNDA PARTE,ROTC,23/10/2026,CONFIRMADA,3361584,0,15/09/2023,15/09/2028,0.956231,BANCO CENTRAL DE LA REPUBLICA DOMINICANA,BCENTRAL,61313
DO1002227317,NO150928,BCENTRAL/11 BOEST 20280915 GTIA,2610000,DOP,261,9.2165,103.144408,25/09/2026,11:22:40 AM,PRESTAMO,PRIMERA PARTE,ROTC,25/09/2026,CONFIRMADA,3361584,0,15/09/2023,15/09/2028,0.956231,BANCO CENTRAL DE LA REPUBLICA DOMINICANA,BCENTRAL,61341
DO1002227317,NO150928,BCENTRAL/11 BOEST 20280915 GTIA,2610000,DOP,261,9.2915,102.985534,25/09/2026,11:22:39 AM,PLAZO,PRIMERA PARTE,ROTC,23/10/2026,CONFIRMADA,3361585,0,15/09/2023,15/09/2028,0,BANCO CENTRAL DE LA REPUBLICA DOMINICANA,BCENTRAL,59829
DO1002227317,NO150928,BCENTRAL/11 BOEST 20280915 GTIA,520000,DOP,52,9.6514,102.363913,25/09/2026,11:22:38 AM,CONTADO,PRIMERA PARTE,ROTC,25/09/2026,CONFIRMADA,3361586,0,15/09/2023,15/09/2028,0,BANCO CENTRAL DE LA REPUBLICA DOMINICANA,BCENTRAL,60032
DO1002227317,NO150928,BCENTRAL/11 BOEST 20280915 GTIA,520000,DOP,52,9.7061,102.160135,25/09/2026,11:22:36 AM,PRESTAMO,SEGUNDA PARTE,ROTC,26/10/2026,CONFIRMADA,3361587,0,15/09/2023,15/09/2028,1.007753,BANCO CENTRAL DE LA REPUBLICA DOMINICANA,BCENTRAL,60522
DO1002227317,NO150928,BCENTRAL/11 BOEST 20280915 GTIA,520000,DOP,52,9.6514,102.363913,25/09/2026,11:22:36 AM,PRESTAMO,PRIMERA PARTE,ROTC,25/09/2026,CONFIRMADA,3361587,0,15/09/2023,15/09/2028,1.007753,BANCO CENTRAL DE LA REPUBLICA DOMINICANA,BCENTRAL,60711
DO1002227317,NO150928,BCENTRAL/11 BOEST 20280915 GTIA,520000,DOP,52,9.7061,102.160135,25/09/2026,11:22:35 AM,PLAZO,PRIMERA PARTE,ROTC,26/10/2026,CONFIRMADA,3361588,0,15/09/2023,15/09/2028,0,BANCO CENTRAL DE LA REPUBLICA DOMINICANA,BCENTRAL,58975
USP3579EBV85,BSDR2027,DOMINICAN Rep/5.95 BD 20270125 Se,3000,USD,3,8.9911,99.008333,25/09/2026,11:22:34 AM,CONTADO,PRIMERA PARTE,ROTC,25/09/2026,CONFIRMADA,3361589,0,25/01/2017,25/01/2027,0,MINISTERIO DE HACIENDA,HACIENDA,60970
DO1002227317,NO150928,BCENTRAL/11 BOEST 20280915 GTIA,50000,DOP,5,8.7637,103.96538,25/09/2026,11:22:33 AM,CONTADO,PRIMERA PARTE,ROTC,25/09/2026,CONFIRMADA,3361590,0,15/09/2023,15/09/2028,0,BANCO CENTRAL DE LA REPUBLICA DOMINICANA,BCENTRAL,59052
DO1002227317,NO150928,BCENTRAL/11 BOEST 20280915 GTIA,50000,DOP,5,8.8259,103.68332,25/09/2026,11:22:31 AM,PRESTAMO,SEGUNDA PARTE,ROTC,26/10/2026,CONFIRMADA,3361591,0,15/09/2023,15/09/2028,0.918524,BANCO CENTRAL DE LA REPUBLICA DOMINICANA,BCENTRAL,59563
DO1002227317,NO150928,BCENTRAL/11 BOEST 20280915 GTIA,50000,DOP,5,8.7637,103.96538,25/09/2026,11:22:31 AM,PRESTAMO,PRIMERA PARTE,ROTC,25/09/2026,CONFIRMADA,3361591,0,15/09/2023,15/09/2028,0.918524,BANCO CENTRAL DE LA REPUBLICA DOMINICANA,BCENTRAL,59731
DO1002227317,NO150928,BCENTRAL/11 BOEST 20280915 GTIA,50000,DOP,5,8.8259,103.68332,25/09/2026,11:22:30 AM,PLAZO,PRIMERA PARTE,ROTC,26/10/2026,CONFIRMADA,3361592,0,15/09/2023,15/09/2028,0,BANCO CENTRAL DE LA REPUBLICA DOMINICANA,BCENTRAL,58016
DO1002227317,NO150928,BCENTRAL/11 BOEST 20280915 GTIA,1290000,DOP,129,9.2687,103.05026,25/09/2026,11:22:29 AM,CONTADO,PRIMERA PARTE,ROTC,25/09/2026,CONFIRMADA,3361593,0,15/09/2023,15/09/2028,0,BANCO CENTRAL DE LA REPUBLICA DOMINICANA,BCENTRAL,60410
DO1002227317,NO150928,BCENTRAL/11 BOEST 20280915 GTIA,1290000,DOP,129,9.3114,102.602163,25/09/2026,11:22:28 AM,PRESTAMO,SEGUNDA PARTE,ROTC,24/12/2026,CONFIRMADA,3361594,0,15/09/2023,15/09/2028,2.45225,BANCO CENTRAL DE LA REPUBLICA DOMINICANA,BCENTRAL,61250
DO1002227317,NO150928,BCENTRAL/11 BOEST 20280915 GTIA,1290000,DOP,129,9.2687,103.05026,25/09/2026,11:22:28 AM,PRESTAMO,PRIMERA PARTE,ROTC,25/09/2026,CONFIRMADA,3361594,0,15/09/2023,15/09/2028,2.45225,BANCO CENTRAL DE LA REPUBLICA DOMINICANA,BCENTRAL,61096
DO1002227317,NO150928,BCENTRAL/11 BOEST 20280915 GTIA,1290000,DOP,129,9.3114,102.602163,25/09/2026,11:22:26 AM,PLAZO,PRIMERA PARTE,ROTC,24/12/2026,CONFIRMADA,3361595,0,15/09/2023,15/09/2028,0,BANCO CENTRAL DE LA REPUBLICA DOMINICANA,BCENTRAL,59696
DO1002227317,NO150928,BCENTRAL/11 BOEST 20280915 GTIA,1970000,DOP,197,9.1575,103.25086,25/09/2026,11:22:25 AM,CONTADO,PRIMERA PARTE,ROTC,25/09/2026,CONFIRMADA,3361596,0,15/09/2023,15/09/2028,0,BANCO CENTRAL DE LA REPUBLICA DOMINICANA,BCENTRAL,60473
DO1002227317,NO150928,BCENTRAL/11 BOEST 20280915 GTIA,1970000,DOP,197,9.1826,102.807202,25/09/2026,11:22:24 AM,PRESTAMO,SEGUNDA PARTE,ROTC,24/12/2026,CONFIRMADA,3361597,0,15/09/2023,15/09/2028,2.451693,BANCO CENTRAL DE LA REPUBLICA DOMINICANA,BCENTRAL,61355
DO1002227317,NO150928,BCENTRAL/11 BOEST 20280915 GTIA,1970000,DOP,197,9.1575,103.25086,25/09/2026,11:22:24 AM,PRESTAMO,PRIMERA PARTE,ROTC,25/09/2026,CONFIRMADA,3361597,0,15/09/2023,15/09/2028,2.451693,BANCO CENTRAL DE LA REPUBLICA DOMINICANA,BCENTRAL,61159
DO1002227317,NO150928,BCENTRAL/11 BOEST 20280915 GTIA,1970000,DOP,197,9.1826,102.807202,25/09/2026,11:22:23 AM,PLAZO,PRIMERA PARTE,ROTC,24/12/2026,CONFIRMADA,3361598,0,15/09/2023,15/09/2028,0,BANCO CENTRAL DE LA REPUBLICA DOMINICANA,BCENTRAL,59808
DO1002228612,NO031227,BCENTRAL/8 BOEST 20271203 GTIA,5910000,DOP,591,9,99.776176,25/09/2026,11:22:22 AM,PLAZO,PRIMERA PARTE,ROTC,24/03/2027,CONFIRMADA,3361599,0,03/12/2024,03/12/2027,0,BANCO CENTRAL DE LA REPUBLICA DOMINICANA,BCENTRAL,57428
DO1002223928,NO120227,BCENTRAL/8 BOEST 20270212 GTIA,1880000,DOP,188,7.6713,100.107308,25/09/2026,11:22:21 AM,CONTADO,PRIMERA PARTE,ROTC,25/09/2026,CONFIRMADA,3361600,0,12/02/2022,12/02/2027,0,BANCO CENTRAL DE LA REPUBLICA DOMINICANA,BCENTRAL,60305
DO1002223928,NO120227,BCENTRAL/8 BOEST 20270212 GTIA,1880000,DOP,188,7.383,100.160072,25/09/2026,11:22:19 AM,PRESTAMO,SEGUNDA PARTE,ROTC,26/10/2026,CONFIRMADA,3361601,0,12/02/2022,12/02/2027,1.653591,BANCO CENTRAL DE LA REPUBLICA DOMINICANA,BCENTRAL,60557
DO1002223928,NO120227,BCENTRAL/8 BOEST 20270212 GTIA,1880000,DOP,188,7.6713,100.107308,25/09/2026,11:22:19 AM,PRESTAMO,PRIMERA PARTE,ROTC,25/09/2026,CONFIRMADA,3361601,0,12/02/2022,12/02/2027,1.653591,BANCO CENTRAL DE LA REPUBLICA DOMINICANA,BCENTRAL,61047
DO1002223928,NO120227,BCENTRAL/8 BOEST 20270212 GTIA,1880000,DOP,188,7.383,100.160072,25/09/2026,11:22:18 AM,PLAZO,PRIMERA PARTE,ROTC,26/10/2026,CONFIRMADA,3361602,0,12/02/2022,12/02/2027,0,BANCO CENTRAL DE LA REPUBLICA DOMINICANA,BCENTRAL,59010
USP3579EBV85,BSDR2027,DOMINICAN Rep/5.95 BD 20270125 Se,3000,USD,3,10.8017,98.827333,25/09/2026,11:22:17 AM,PRESTAMO,SEGUNDA PARTE,ROTC,26/10/2026,CONFIRMADA,3361603,0,25/01/2017,25/01/2027,1.318631,MINISTERIO DE HACIENDA,HACIENDA,61873
USP3579EBV85,BSDR2027,DOMINICAN Rep/5.95 BD 20270125 Se,3000,USD,3,8.9911,99.008333,25/09/2026,11:22:17 AM,PRESTAMO,PRIMERA PARTE,ROTC,25/09/2026,CONFIRMADA,3361603,0,25/01/2017,25/01/2027,1.318631,MINISTERIO DE HACIENDA,HACIENDA,61670
USP3579EBV85,BSDR2027,DOMINICAN Rep/5.95 BD 20270125 Se,3000,USD,3,10.8017,98.827333,25/09/2026,11:22:16 AM,PLAZO,PRIMERA PARTE,ROTC,26/10/2026,CONFIRMADA,3361604,0,25/01/2017,25/01/2027,0,MINISTERIO DE HACIENDA,HACIENDA,60326
DO1002227317,NO150928,BCENTRAL/11 BOEST 20280915 GTIA,2030000,DOP,203,9.1571,103.251663,25/09/2026,11:22:14 AM,CONTADO,PRIMERA PARTE,ROTC,25/09/2026,CONFIRMADA,3361605,0,15/09/2023,15/09/2028,0,BANCO CENTRAL DE LA REPUBLICA DOMINICANA,BCENTRAL,60613
DO1002227317,NO150928,BCENTRAL/11 BOEST 20280915 GTIA,2030000,DOP,203,9.2227,103.093506,25/09/2026,11:22:13 AM,PRESTAMO,SEGUNDA PARTE,ROTC,23/10/2026,CONFIRMADA,3361606,0,15/09/2023,15/09/2028,0.955929,BANCO CENTRAL DE LA REPUBLICA DOMINICANA,BCENTRAL,61159
DO1002227317,NO150928,BCENTRAL/11 BOEST 20280915 GTIA,2030000,DOP,203,9.1571,103.251663,25/09/2026,11:22:13 AM,PRESTAMO,PRIMERA PARTE,ROTC,25/09/2026,CONFIRMADA,3361606,0,15/09/2023,15/09/2028,0.955929,BANCO CENTRAL DE LA REPUBLICA DOMINICANA,BCENTRAL,61299
DO1002227317,NO150928,BCENTRAL/11 BOEST 20280915 GTIA,2030000,DOP,203,9.2227,103.093506,25/09/2026,11:22:12 AM,PLAZO,PRIMERA PARTE,ROTC,23/10/2026,CONFIRMADA,3361607,0,15/09/2023,15/09/2028,0,BANCO CENTRAL DE LA REPUBLICA DOMINICANA,BCENTRAL,59612
DO1002227317,NO150928,BCENTRAL/11 BOEST 20280915 GTIA,1020000,DOP,102,9.432,102.756722,25/09/2026,11:22:11 AM,CONTADO,PRIMERA PARTE,ROTC,25/09/2026,CONFIRMADA,3361608,0,15/09/2023,15/09/2028,0,BANCO CENTRAL DE LA REPUBLICA DOMINICANA,BCENTRAL,60228
DO1002227317,NO150928,BCENTRAL/11 BOEST 20280915 GTIA,1020000,DOP,102,9.5411,102.595254,25/09/2026,11:22:10 AM,PRESTAMO,SEGUNDA PARTE,ROTC,23/10/2026,CONFIRMADA,3361609,0,15/09/2023,15/09/2028,0.957329,BANCO CENTRAL DE LA REPUBLICA DOMINICANA,BCENTRAL,61138
DO1002227317,NO150928,BCENTRAL/11 BOEST 20280915 GTIA,1020000,DOP,102,9.432,102.756722,25/09/2026,11:22:10 AM,PRESTAMO,PRIMERA PARTE,ROTC,25/09/2026,CONFIRMADA,3361609,0,15/09/2023,15/09/2028,0.957329,BANCO CENTRAL DE LA REPUBLICA DOMINICANA,BCENTRAL,60914
DO1002227317,NO150928,BCENTRAL/11 BOEST 20280915 GTIA,1020000,DOP,102,9.5411,102.595254,25/09/2026,11:22:08 AM,PLAZO,PRIMERA PARTE,ROTC,23/10/2026,CONFIRMADA,3361610,0,15/09/2023,15/09/2028,0,BANCO CENTRAL DE LA REPUBLICA DOMINICANA,BCENTRAL,59647
DO1002227317,NO150928,BCENTRAL/11 BOEST 20280915 GTIA,290000,DOP,29,0,101.290817,25/09/2026,11:22:07 AM,PLAZO,PRIMERA PARTE,ROTC,25/11/2026,CONFIRMADA,3361611,0,15/09/2023,15/09/2028,0,BANCO CENTRAL DE LA REPUBLICA DOMINICANA,BCENTRAL,57267
USP3579EAG28,BSRD2027,DOMINICAN Rep/8.625 BD 20270420 U,142000,USD,142,0,106.076032,25/09/2026,11:22:07 AM,PRESTAMO,SEGUNDA PARTE,ROTC,01/04/2027,CONFIRMADA,3362157,0,20/03/2006,20/04/2027,3.99,MINISTERIO DE HACIENDA,HACIENDA,60844
USP3579EAG28,BSRD2027,DOMINICAN Rep/8.625 BD 20270420 U,142000,USD,142,1.5803,103.975884,25/09/2026,11:22:07 AM,PRESTAMO,PRIMERA PARTE,ROTC,25/09/2026,CONFIRMADA,3362157,0,20/03/2006,20/04/2027,3.99,MINISTERIO DE HACIENDA,HACIENDA,62902
DO1002227317,NO150928,BCENTRAL/11 BOEST 20280915 GTIA,290000,DOP,29,0,101.209603,25/09/2026,11:22:06 AM,PRESTAMO,SEGUNDA PARTE,ROTC,24/12/2026,CONFIRMADA,3361612,0,15/09/2023,15/09/2028,2.836938,BANCO CENTRAL DE LA REPUBLICA DOMINICANA,BCENTRAL,58751
DO1002227317,NO150928,BCENTRAL/11 BOEST 20280915 GTIA,290000,DOP,29,0,101.290817,25/09/2026,11:22:06 AM,PRESTAMO,PRIMERA PARTE,ROTC,25/11/2026,CONFIRMADA,3361612,0,15/09/2023,15/09/2028,2.836938,BANCO CENTRAL DE LA REPUBLICA DOMINICANA,BCENTRAL,58863
DO1002227317,NO150928,BCENTRAL/11 BOEST 20280915 GTIA,290000,DOP,29,0,101.209603,25/09/2026,11:22:05 AM,PLAZO,PRIMERA PARTE,ROTC,24/12/2026,CONFIRMADA,3361613,0,15/09/2023,15/09/2028,0,BANCO CENTRAL DE LA REPUBLICA DOMINICANA,BCENTRAL,57204
USP3579EAG28,BSRD2027,DOMINICAN Rep/8.625 BD 20270420 U,142000,USD,142,0,106.076032,25/09/2026,11:22:05 AM,ESTRUCTURADA,SEGUNDA PARTE,ROTC,01/04/2027,CONFIRMADA,3362105,0,20/03/2006,20/04/2027,3.99,MINISTERIO DE HACIENDA,HACIENDA,62930
USP3579EAG28,BSRD2027,DOMINICAN Rep/8.625 BD 20270420 U,142000,USD,142,1.5803,103.975884,25/09/2026,11:22:05 AM,ESTRUCTURADA,PRIMERA PARTE,ROTC,25/09/2026,CONFIRMADA,3362105,0,20/03/2006,20/04/2027,3.99,MINISTERIO DE HACIENDA,HACIENDA,64988
DO1002227317,NO150928,BCENTRAL/11 BOEST 20280915 GTIA,280000,DOP,28,0,104.104182,25/09/2026,11:22:04 AM,PLAZO,PRIMERA PARTE,ROTC,24/12/2026,CONFIRMADA,3361614,0,15/09/2023,15/09/2028,0,BANCO CENTRAL DE LA REPUBLICA DOMINICANA,BCENTRAL,57176
DO1002227317,NO150928,BCENTRAL/11 BOEST 20280915 GTIA,280000,DOP,28,0,104.046093,25/09/2026,11:22:03 AM,PRESTAMO,SEGUNDA PARTE,ROTC,25/01/2027,CONFIRMADA,3361615,0,15/09/2023,15/09/2028,3.658213,BANCO CENTRAL DE LA REPUBLICA DOMINICANA,BCENTRAL,58751
DO1002227317,NO150928,BCENTRAL/11 BOEST 20280915 GTIA,280000,DOP,28,0,104.104182,25/09/2026,11:22:03 AM,PRESTAMO,PRIMERA PARTE,ROTC,24/12/2026,CONFIRMADA,3361615,0,15/09/2023,15/09/2028,3.658213,BANCO CENTRAL DE LA REPUBLICA DOMINICANA,BCENTRAL,58772
DO1002227317,NO150928,BCENTRAL/11 BOEST 20280915 GTIA,280000,DOP,28,0,104.046093,25/09/2026,11:22:01 AM,PLAZO,PRIMERA PARTE,ROTC,25/01/2027,CONFIRMADA,3361616,0,15/09/2023,15/09/2028,0,BANCO CENTRAL DE LA REPUBLICA DOMINICANA,BCENTRAL,57197
DO1002227317,NO150928,BCENTRAL/11 BOEST 20280915 GTIA,280000,DOP,28,0,103.131807,25/09/2026,11:22:00 AM,PLAZO,PRIMERA PARTE,ROTC,25/01/2027,CONFIRMADA,3361617,0,15/09/2023,15/09/2028,0,BANCO CENTRAL DE LA REPUBLICA DOMINICANA,BCENTRAL,57169
DO1002227317,NO150928,BCENTRAL/11 BOEST 20280915 GTIA,280000,DOP,28,0,103.075532,25/09/2026,11:21:59 AM,PRESTAMO,SEGUNDA PARTE,ROTC,25/02/2027,CONFIRMADA,3361618,0,15/09/2023,15/09/2028,4.532842,BANCO CENTRAL DE LA REPUBLICA DOMINICANA,BCENTRAL,58821
DO1002227317,NO150928,BCENTRAL/11 BOEST 20280915 GTIA,280000,DOP,28,0,103.131807,25/09/2026,11:21:59 AM,PRESTAMO,PRIMERA PARTE,ROTC,25/01/2027,CONFIRMADA,3361618,0,15/09/2023,15/09/2028,4.532842,BANCO CENTRAL DE LA REPUBLICA DOMINICANA,BCENTRAL,58863
DO1002227317,NO150928,BCENTRAL/11 BOEST 20280915 GTIA,290000,DOP,29,0,102.282514,25/09/2026,11:21:58 AM,PLAZO,PRIMERA PARTE,ROTC,23/04/2027,CONFIRMADA,3361619,0,15/09/2023,15/09/2028,0,BANCO CENTRAL DE LA REPUBLICA DOMINICANA,BCENTRAL,57281
DO1002227317,NO150928,BCENTRAL/11 BOEST 20280915 GTIA,290000,DOP,29,0,102.208752,25/09/2026,11:21:57 AM,PRESTAMO,SEGUNDA PARTE,ROTC,25/05/2027,CONFIRMADA,3361620,0,15/09/2023,15/09/2028,1.963482,BANCO CENTRAL DE LA REPUBLICA DOMINICANA,BCENTRAL,58849
DO1002227317,NO150928,BCENTRAL/11 BOEST 20280915 GTIA,290000,DOP,29,0,102.282514,25/09/2026,11:21:57 AM,PRESTAMO,PRIMERA PARTE,ROTC,23/04/2027,CONFIRMADA,3361620,0,15/09/2023,15/09/2028,1.963482,BANCO CENTRAL DE LA REPUBLICA DOMINICANA,BCENTRAL,58877
DO1002227317,NO150928,BCENTRAL/11 BOEST 20280915 GTIA,290000,DOP,29,0,102.208752,25/09/2026,11:21:55 AM,PLAZO,PRIMERA PARTE,ROTC,25/05/2027,CONFIRMADA,3361621,0,15/09/2023,15/09/2028,0,BANCO CENTRAL DE LA REPUBLICA DOMINICANA,BCENTRAL,57295
DO1002227317,NO150928,BCENTRAL/11 BOEST 20280915 GTIA,290000,DOP,29,0,101.325993,25/09/2026,11:21:54 AM,PLAZO,PRIMERA PARTE,ROTC,25/05/2027,CONFIRMADA,3361622,0,15/09/2023,15/09/2028,0,BANCO CENTRAL DE LA REPUBLICA DOMINICANA,BCENTRAL,57330
DO1002227317,NO150928,BCENTRAL/11 BOEST 20280915 GTIA,290000,DOP,29,0,101.254534,25/09/2026,11:21:53 AM,PRESTAMO,SEGUNDA PARTE,ROTC,25/06/2027,CONFIRMADA,3361623,0,15/09/2023,15/09/2028,2.854609,BANCO CENTRAL DE LA REPUBLICA DOMINICANA,BCENTRAL,58814
DO1002227317,NO150928,BCENTRAL/11 BOEST 20280915 GTIA,290000,DOP,29,0,101.325993,25/09/2026,11:21:53 AM,PRESTAMO,PRIMERA PARTE,ROTC,25/05/2027,CONFIRMADA,3361623,0,15/09/2023,15/09/2028,2.854609,BANCO CENTRAL DE LA REPUBLICA DOMINICANA,BCENTRAL,58926
DO1002227317,NO150928,BCENTRAL/11 BOEST 20280915 GTIA,290000,DOP,29,0,101.254534,25/09/2026,11:21:52 AM,PLAZO,PRIMERA PARTE,ROTC,25/06/2027,CONFIRMADA,3361624,0,15/09/2023,15/09/2028,0,BANCO CENTRAL DE LA REPUBLICA DOMINICANA,BCENTRAL,57267
DO1002227317,NO150928,BCENTRAL/11 BOEST 20280915 GTIA,280000,DOP,28,0,104.093943,25/09/2026,11:21:51 AM,PLAZO,PRIMERA PARTE,ROTC,25/06/2027,CONFIRMADA,3361625,0,15/09/2023,15/09/2028,0,BANCO CENTRAL DE LA REPUBLICA DOMINICANA,BCENTRAL,57302
DO1002261928,LE090427,BCENTRAL/ LT 20270409 GTIA,40000,DOP,4,30.3748,85.996175,25/09/2026,11:21:49 AM,CONTADO,PRIMERA PARTE,ROTC,28/09/2026,CONFIRMADA,3361403,0,09/04/2026,09/04/2027,0,BANCO CENTRAL DE LA REPUBLICA DOMINICANA,BCENTRAL,57183
DO1002227317,NO150928,BCENTRAL/11 BOEST 20280915 GTIA,280000,DOP,28,0,104.056989,25/09/2026,11:21:49 AM,PRESTAMO,SEGUNDA PARTE,ROTC,23/07/2027,CONFIRMADA,3361626,0,15/09/2023,15/09/2028,3.565696,BANCO CENTRAL DE LA REPUBLICA DOMINICANA,BCENTRAL,58947
DO1002227317,NO150928,BCENTRAL/11 BOEST 20280915 GTIA,280000,DOP,28,0,104.093943,25/09/2026,11:21:49 AM,PRESTAMO,PRIMERA PARTE,ROTC,25/06/2027,CONFIRMADA,3361626,0,15/09/2023,15/09/2028,3.565696,BANCO CENTRAL DE LA REPUBLICA DOMINICANA,BCENTRAL,58954
DO1002261928,LE090427,BCENTRAL/ LT 20270409 GTIA,4890000,DOP,489,8.2721,95.753543,25/09/2026,11:21:48 AM,CONTADO,PRIMERA PARTE,ROTC,28/09/2026,CONFIRMADA,3361406,0,09/04/2026,09/04/2027,0,BANCO CENTRAL DE LA REPUBLICA DOMINICANA,BCENTRAL,58324
DO1002227317,NO150928,BCENTRAL/11 BOEST 20280915 GTIA,280000,DOP,28,0,104.056989,25/09/2026,11:21:48 AM,PLAZO,PRIMERA PARTE,ROTC,23/07/2027,CONFIRMADA,3361627,0,15/09/2023,15/09/2028,0,BANCO CENTRAL DE LA REPUBLICA DOMINICANA,BCENTRAL,57400
USP3579EBY25,BSRD2048,DOMINICAN REP/6.5 CHURCH BD UNSEC,10000,USD,10,6.5672,99.2237,25/09/2026,11:21:47 AM,CONTADO,PRIMERA PARTE,ROTC,28/09/2026,CONFIRMADA,3361409,0,08/02/2018,15/02/2048,0,MINISTERIO DE HACIENDA,HACIENDA,61789
USP3579ECF27,BSRD2030,DOMINICAN REP/4.5 BD 20300130 UNS,141000,USD,141,6.0816,95.267397,25/09/2026,11:21:47 AM,CONTADO,PRIMERA PARTE,ROTC,25/09/2026,CONFIRMADA,3361628,0,30/01/2020,30/01/2030,0,MINISTERIO DE HACIENDA,HACIENDA,61754
USP3579EBY25,BSRD2048,DOMINICAN REP/6.5 CHURCH BD UNSEC,11000,USD,11,6.447,100.600909,25/09/2026,11:21:46 AM,CONTADO,PRIMERA PARTE,ROTC,30/09/2026,CONFIRMADA,3361412,0,08/02/2018,15/02/2048,0,MINISTERIO DE HACIENDA,HACIENDA,62335
USP3579ECF27,BSRD2030,DOMINICAN REP/4.5 BD 20300130 UNS,141000,USD,141,6.1474,95.189752,25/09/2026,11:21:46 AM,PRESTAMO,SEGUNDA PARTE,ROTC,26/10/2026,CONFIRMADA,3361629,0,30/01/2020,30/01/2030,1.036054,MINISTERIO DE HACIENDA,HACIENDA,62321
USP3579ECF27,BSRD2030,DOMINICAN REP/4.5 BD 20300130 UNS,141000,USD,141,6.0816,95.267397,25/09/2026,11:21:46 AM,PRESTAMO,PRIMERA PARTE,ROTC,25/09/2026,CONFIRMADA,3361629,0,30/01/2020,30/01/2030,1.036054,MINISTERIO DE HACIENDA,HACIENDA,62440
DO1002261928,LE090427,BCENTRAL/ LT 20270409 GTIA,210000,DOP,21,4.6699,97.582238,25/09/2026,11:21:45 AM,CONTADO,PRIMERA PARTE,ROTC,30/09/2026,CONFIRMADA,3361415,0,09/04/2026,09/04/2027,0,BANCO CENTRAL DE LA REPUBLICA DOMINICANA,BCENTRAL,57449
USP3579ECF27,BSRD2030,DOMINICAN REP/4.5 BD 20300130 UNS,141000,USD,141,6.1474,95.189752,25/09/2026,11:21:45 AM,PLAZO,PRIMERA PARTE,ROTC,26/10/2026,CONFIRMADA,3361630,0,30/01/2020,30/01/2030,0,MINISTERIO DE HACIENDA,HACIENDA,60774
DO1002261928,LE090427,BCENTRAL/ LT 20270409 GTIA,590000,DOP,59,6.8902,96.437678,25/09/2026,11:21:43 AM,CONTADO,PRIMERA PARTE,ROTC,28/09/2026,CONFIRMADA,3361418,0,09/04/2026,09/04/2027,0,BANCO CENTRAL DE LA REPUBLICA DOMINICANA,BCENTRAL,57617
DO1002227317,NO150928,BCENTRAL/11 BOEST 20280915 GTIA,280000,DOP,28,0,103.256989,25/09/2026,11:21:43 AM,PLAZO,PRIMERA PARTE,ROTC,23/07/2027,CONFIRMADA,3361631,0,15/09/2023,15/09/2028,0,BANCO CENTRAL DE LA REPUBLICA DOMINICANA,BCENTRAL,57372
DO1005205716,MHUS2027,HACIENDA/6 BOEST 20270305 GTIA,25000,USD,25,-0.3758,102.819,25/09/2026,11:21:42 AM,CONTADO,PRIMERA PARTE,ROTC,25/09/2026,CONFIRMADA,3361421,0,05/09/2016,05/03/2027,0,MINISTERIO DE HACIENDA,HACIENDA,58751
DO1002227317,NO150928,BCENTRAL/11 BOEST 20280915 GTIA,280000,DOP,28,0,103.213432,25/09/2026,11:21:42 AM,PRESTAMO,SEGUNDA PARTE,ROTC,25/08/2027,CONFIRMADA,3361632,0,15/09/2023,15/09/2028,4.467496,BANCO CENTRAL DE LA REPUBLICA DOMINICANA,BCENTRAL,58758
DO1002227317,NO150928,BCENTRAL/11 BOEST 20280915 GTIA,280000,DOP,28,0,103.256989,25/09/2026,11:21:42 AM,PRESTAMO,PRIMERA PARTE,ROTC,23/07/2027,CONFIRMADA,3361632,0,15/09/2023,15/09/2028,4.467496,BANCO CENTRAL DE LA REPUBLICA DOMINICANA,BCENTRAL,58968
DO1002261928,LE090427,BCENTRAL/ LT 20270409 GTIA,1260000,DOP,126,9.1837,95.238095,25/09/2026,11:21:41 AM,CONTADO,PRIMERA PARTE,ROTC,25/09/2026,CONFIRMADA,3361448,0,09/04/2026,09/04/2027,0,BANCO CENTRAL DE LA REPUBLICA DOMINICANA,BCENTRAL,58142
DO1002227317,NO150928,BCENTRAL/11 BOEST 20280915 GTIA,280000,DOP,28,0,103.213432,25/09/2026,11:21:41 AM,PLAZO,PRIMERA PARTE,ROTC,25/08/2027,CONFIRMADA,3361633,0,15/09/2023,15/09/2028,0,BANCO CENTRAL DE LA REPUBLICA DOMINICANA,BCENTRAL,57211
DO1002261928,LE090427,BCENTRAL/ LT 20270409 GTIA,280000,DOP,28,6.215,96.727007,25/09/2026,11:21:40 AM,CONTADO,PRIMERA PARTE,ROTC,25/09/2026,CONFIRMADA,3361529,0,09/04/2026,09/04/2027,0,BANCO CENTRAL DE LA REPUBLICA DOMINICANA,BCENTRAL,57022
DO1002228612,NO031227,BCENTRAL/8 BOEST 20271203 GTIA,300000,DOP,30,0,98.185793,25/09/2026,11:21:40 AM,PLAZO,PRIMERA PARTE,ROTC,25/08/2027,CONFIRMADA,3361635,0,03/12/2024,03/12/2027,0,BANCO CENTRAL DE LA REPUBLICA DOMINICANA,BCENTRAL,56546
DO1002261928,LE090427,BCENTRAL/ LT 20270409 GTIA,40000,DOP,4,-11.955,106.848175,25/09/2026,11:21:38 AM,CONTADO,PRIMERA PARTE,ROTC,28/09/2026,CONFIRMADA,3361532,0,09/04/2026,09/04/2027,0,BANCO CENTRAL DE LA REPUBLICA DOMINICANA,BCENTRAL,57386
DO1002228612,NO031227,BCENTRAL/8 BOEST 20271203 GTIA,300000,DOP,30,0,98.31082,25/09/2026,11:21:38 AM,PRESTAMO,SEGUNDA PARTE,ROTC,20/09/2027,CONFIRMADA,3361636,0,03/12/2024,03/12/2027,2.490274,BANCO CENTRAL DE LA REPUBLICA DOMINICANA,BCENTRAL,57638
DO1002228612,NO031227,BCENTRAL/8 BOEST 20271203 GTIA,300000,DOP,30,0,98.185793,25/09/2026,11:21:38 AM,PRESTAMO,PRIMERA PARTE,ROTC,25/08/2027,CONFIRMADA,3361636,0,03/12/2024,03/12/2027,2.490274,BANCO CENTRAL DE LA REPUBLICA DOMINICANA,BCENTRAL,58198
DO1002261928,LE090427,BCENTRAL/ LT 20270409 GTIA,80000,DOP,8,-2.896,101.577038,25/09/2026,11:21:37 AM,CONTADO,PRIMERA PARTE,ROTC,28/09/2026,CONFIRMADA,3361535,0,09/04/2026,09/04/2027,0,BANCO CENTRAL DE LA REPUBLICA DOMINICANA,BCENTRAL,57071
DO1002228612,NO031227,BCENTRAL/8 BOEST 20271203 GTIA,300000,DOP,30,0,98.31082,25/09/2026,11:21:37 AM,PLAZO,PRIMERA PARTE,ROTC,20/09/2027,CONFIRMADA,3361637,0,03/12/2024,03/12/2027,0,BANCO CENTRAL DE LA REPUBLICA DOMINICANA,BCENTRAL,56091
DO1002261928,LE090427,BCENTRAL/ LT 20270409 GTIA,20000,DOP,2,21.1168,89.8777,25/09/2026,11:21:36 AM,CONTADO,PRIMERA PARTE,ROTC,29/09/2026,CONFIRMADA,3361538,0,09/04/2026,09/04/2027,0,BANCO CENTRAL DE LA REPUBLICA DOMINICANA,BCENTRAL,56392
DO1002227317,NO150928,BCENTRAL/11 BOEST 20280915 GTIA,2020000,DOP,202,0,102.913486,25/09/2026,11:21:36 AM,PLAZO,PRIMERA PARTE,ROTC,23/10/2026,CONFIRMADA,3361638,0,15/09/2023,15/09/2028,0,BANCO CENTRAL DE LA REPUBLICA DOMINICANA,BCENTRAL,57862
DO1002261928,LE090427,BCENTRAL/ LT 20270409 GTIA,3140000,DOP,314,8.7922,95.543137,25/09/2026,11:21:35 AM,CONTADO,PRIMERA PARTE,ROTC,30/09/2026,CONFIRMADA,3361541,0,09/04/2026,09/04/2027,0,BANCO CENTRAL DE LA REPUBLICA DOMINICANA,BCENTRAL,58093
DO1002227317,NO150928,BCENTRAL/11 BOEST 20280915 GTIA,2020000,DOP,202,9,102.731127,25/09/2026,11:21:35 AM,PRESTAMO,SEGUNDA PARTE,ROTC,25/11/2026,CONFIRMADA,3361639,0,15/09/2023,15/09/2028,1.883046,BANCO CENTRAL DE LA REPUBLICA DOMINICANA,BCENTRAL,59409
DO1002227317,NO150928,BCENTRAL/11 BOEST 20280915 GTIA,2020000,DOP,202,0,102.913486,25/09/2026,11:21:35 AM,PRESTAMO,PRIMERA PARTE,ROTC,23/10/2026,CONFIRMADA,3361639,0,15/09/2023,15/09/2028,1.883046,BANCO CENTRAL DE LA REPUBLICA DOMINICANA,BCENTRAL,59458
DO1002261928,LE090427,BCENTRAL/ LT 20270409 GTIA,9120000,DOP,912,8.4543,95.707076,25/09/2026,11:21:33 AM,CONTADO,PRIMERA PARTE,ROTC,30/09/2026,CONFIRMADA,3361544,0,09/04/2026,09/04/2027,0,BANCO CENTRAL DE LA REPUBLICA DOMINICANA,BCENTRAL,58135
DO1002227317,NO150928,BCENTRAL/11 BOEST 20280915 GTIA,2020000,DOP,202,9,102.731127,25/09/2026,11:21:33 AM,PLAZO,PRIMERA PARTE,ROTC,25/11/2026,CONFIRMADA,3361640,0,15/09/2023,15/09/2028,0,BANCO CENTRAL DE LA REPUBLICA DOMINICANA,BCENTRAL,57855
USP3579EBY25,BSRD2048,DOMINICAN REP/6.5 CHURCH BD UNSEC,15000,USD,15,5.979,106.230933,25/09/2026,11:21:32 AM,CONTADO,PRIMERA PARTE,ROTC,30/09/2026,CONFIRMADA,3361547,0,08/02/2018,15/02/2048,0,MINISTERIO DE HACIENDA,HACIENDA,62433
DO1002227317,NO150928,BCENTRAL/11 BOEST 20280915 GTIA,2000000,DOP,200,0,102.951405,25/09/2026,11:21:32 AM,PLAZO,PRIMERA PARTE,ROTC,25/11/2026,CONFIRMADA,3361641,0,15/09/2023,15/09/2028,0,BANCO CENTRAL DE LA REPUBLICA DOMINICANA,BCENTRAL,57778
DO1002261928,LE090427,BCENTRAL/ LT 20270409 GTIA,9840000,DOP,984,8.4184,95.724522,25/09/2026,11:21:31 AM,CONTADO,PRIMERA PARTE,ROTC,30/09/2026,CONFIRMADA,3361550,0,09/04/2026,09/04/2027,0,BANCO CENTRAL DE LA REPUBLICA DOMINICANA,BCENTRAL,58219
DO1002227317,NO150928,BCENTRAL/11 BOEST 20280915 GTIA,2000000,DOP,200,9,102.798361,25/09/2026,11:21:31 AM,PRESTAMO,SEGUNDA PARTE,ROTC,24/12/2026,CONFIRMADA,3361642,0,15/09/2023,15/09/2028,2.726484,BANCO CENTRAL DE LA REPUBLICA DOMINICANA,BCENTRAL,59444
DO1002227317,NO150928,BCENTRAL/11 BOEST 20280915 GTIA,2000000,DOP,200,0,102.951405,25/09/2026,11:21:31 AM,PRESTAMO,PRIMERA PARTE,ROTC,25/11/2026,CONFIRMADA,3361642,0,15/09/2023,15/09/2028,2.726484,BANCO CENTRAL DE LA REPUBLICA DOMINICANA,BCENTRAL,59374
DO1002261928,LE090427,BCENTRAL/ LT 20270409 GTIA,1330000,DOP,133,8.7813,95.548428,25/09/2026,11:21:30 AM,CONTADO,PRIMERA PARTE,ROTC,30/09/2026,CONFIRMADA,3361553,0,09/04/2026,09/04/2027,0,BANCO CENTRAL DE LA REPUBLICA DOMINICANA,BCENTRAL,58093
DO1002227317,NO150928,BCENTRAL/11 BOEST 20280915 GTIA,2000000,DOP,200,9,102.798361,25/09/2026,11:21:30 AM,PLAZO,PRIMERA PARTE,ROTC,24/12/2026,CONFIRMADA,3361643,0,15/09/2023,15/09/2028,0,BANCO CENTRAL DE LA REPUBLICA DOMINICANA,BCENTRAL,57897
DO1002261928,LE090427,BCENTRAL/ LT 20270409 GTIA,3140000,DOP,314,8.7958,95.541401,25/09/2026,11:21:28 AM,CONTADO,PRIMERA PARTE,ROTC,30/09/2026,CONFIRMADA,3361556,0,09/04/2026,09/04/2027,0,BANCO CENTRAL DE LA REPUBLICA DOMINICANA,BCENTRAL,58114
DO1002227317,NO150928,BCENTRAL/11 BOEST 20280915 GTIA,1010000,DOP,101,0,102.926295,25/09/2026,11:21:28 AM,PLAZO,PRIMERA PARTE,ROTC,23/10/2026,CONFIRMADA,3361644,0,15/09/2023,15/09/2028,0,BANCO CENTRAL DE LA REPUBLICA DOMINICANA,BCENTRAL,57855
DO1002227317,NO150928,BCENTRAL/11 BOEST 20280915 GTIA,1010000,DOP,101,9,102.744038,25/09/2026,11:21:27 AM,PRESTAMO,SEGUNDA PARTE,ROTC,25/11/2026,CONFIRMADA,3361645,0,15/09/2023,15/09/2028,1.88291,BANCO CENTRAL DE LA REPUBLICA DOMINICANA,BCENTRAL,59423
DO1002227317,NO150928,BCENTRAL/11 BOEST 20280915 GTIA,1010000,DOP,101,0,102.926295,25/09/2026,11:21:27 AM,PRESTAMO,PRIMERA PARTE,ROTC,23/10/2026,CONFIRMADA,3361645,0,15/09/2023,15/09/2028,1.88291,BANCO CENTRAL DE LA REPUBLICA DOMINICANA,BCENTRAL,59451
DO1002261928,LE090427,BCENTRAL/ LT 20270409 GTIA,90000,DOP,9,2.8929,98.472789,25/09/2026,11:21:27 AM,CONTADO,PRIMERA PARTE,ROTC,28/09/2026,CONFIRMADA,3361790,0,09/04/2026,09/04/2027,0,BANCO CENTRAL DE LA REPUBLICA DOMINICANA,BCENTRAL,56952
DO1002227317,NO150928,BCENTRAL/11 BOEST 20280915 GTIA,530000,DOP,53,8.7493,103.974577,25/09/2026,11:21:26 AM,CONTADO,PRIMERA PARTE,ROTC,28/09/2026,CONFIRMADA,3361646,0,15/09/2023,15/09/2028,0,BANCO CENTRAL DE LA REPUBLICA DOMINICANA,BCENTRAL,60186
DO1002261928,LE090427,BCENTRAL/ LT 20270409 GTIA,260000,DOP,26,7.466,96.151423,25/09/2026,11:21:26 AM,CONTADO,PRIMERA PARTE,ROTC,28/09/2026,CONFIRMADA,3361793,0,09/04/2026,09/04/2027,0,BANCO CENTRAL DE LA REPUBLICA DOMINICANA,BCENTRAL,57057
DO1002227317,NO150928,BCENTRAL/11 BOEST 20280915 GTIA,530000,DOP,53,8.7591,103.789215,25/09/2026,11:21:25 AM,PRESTAMO,SEGUNDA PARTE,ROTC,28/10/2026,CONFIRMADA,3361647,0,15/09/2023,15/09/2028,1.0669,BANCO CENTRAL DE LA REPUBLICA DOMINICANA,BCENTRAL,60697
DO1002227317,NO150928,BCENTRAL/11 BOEST 20280915 GTIA,530000,DOP,53,8.7493,103.974577,25/09/2026,11:21:25 AM,PRESTAMO,PRIMERA PARTE,ROTC,28/09/2026,CONFIRMADA,3361647,0,15/09/2023,15/09/2028,1.0669,BANCO CENTRAL DE LA REPUBLICA DOMINICANA,BCENTRAL,60872
DO1002261928,LE090427,BCENTRAL/ LT 20270409 GTIA,1500000,DOP,150,8.5103,95.636599,25/09/2026,11:21:25 AM,CONTADO,PRIMERA PARTE,ROTC,28/09/2026,CONFIRMADA,3361796,0,09/04/2026,09/04/2027,0,BANCO CENTRAL DE LA REPUBLICA DOMINICANA,BCENTRAL,58135
DO1002227317,NO150928,BCENTRAL/11 BOEST 20280915 GTIA,530000,DOP,53,8.7591,103.789215,25/09/2026,11:21:23 AM,PLAZO,PRIMERA PARTE,ROTC,28/10/2026,CONFIRMADA,3361648,0,15/09/2023,15/09/2028,0,BANCO CENTRAL DE LA REPUBLICA DOMINICANA,BCENTRAL,59143
DO1002261928,LE090427,BCENTRAL/ LT 20270409 GTIA,10000,DOP,1,-28.241,117.8422,25/09/2026,11:21:23 AM,CONTADO,PRIMERA PARTE,ROTC,28/09/2026,CONFIRMADA,3361799,0,09/04/2026,09/04/2027,0,BANCO CENTRAL DE LA REPUBLICA DOMINICANA,BCENTRAL,56497
DO1002227317,NO150928,BCENTRAL/11 BOEST 20280915 GTIA,160000,DOP,16,9.6713,102.31745,25/09/2026,11:21:22 AM,CONTADO,PRIMERA PARTE,ROTC,28/09/2026,CONFIRMADA,3361649,0,15/09/2023,15/09/2028,0,BANCO CENTRAL DE LA REPUBLICA DOMINICANA,BCENTRAL,59633
DO1005205716,MHUS2027,HACIENDA/6 BOEST 20270305 GTIA,1000,USD,1,-6.923,105.776,25/09/2026,11:21:22 AM,CONTADO,PRIMERA PARTE,ROTC,29/09/2026,CONFIRMADA,3361802,0,05/09/2016,05/03/2027,0,MINISTERIO DE HACIENDA,HACIENDA,57687
DO1002227317,NO150928,BCENTRAL/11 BOEST 20280915 GTIA,160000,DOP,16,9.7254,102.12055,25/09/2026,11:21:21 AM,PRESTAMO,SEGUNDA PARTE,ROTC,28/10/2026,CONFIRMADA,3361650,0,15/09/2023,15/09/2028,1.072959,BANCO CENTRAL DE LA REPUBLICA DOMINICANA,BCENTRAL,60158
DO1002227317,NO150928,BCENTRAL/11 BOEST 20280915 GTIA,160000,DOP,16,9.6713,102.31745,25/09/2026,11:21:21 AM,PRESTAMO,PRIMERA PARTE,ROTC,28/09/2026,CONFIRMADA,3361650,0,15/09/2023,15/09/2028,1.072959,BANCO CENTRAL DE LA REPUBLICA DOMINICANA,BCENTRAL,60319
USP3579EBY25,BSRD2048,DOMINICAN REP/6.5 CHURCH BD UNSEC,11000,USD,11,6.7318,97.382818,25/09/2026,11:21:21 AM,CONTADO,PRIMERA PARTE,ROTC,30/09/2026,CONFIRMADA,3361805,0,08/02/2018,15/02/2048,0,MINISTERIO DE HACIENDA,HACIENDA,62461
DO1002227317,NO150928,BCENTRAL/11 BOEST 20280915 GTIA,160000,DOP,16,9.7254,102.12055,25/09/2026,11:21:20 AM,PLAZO,PRIMERA PARTE,ROTC,28/10/2026,CONFIRMADA,3361651,0,15/09/2023,15/09/2028,0,BANCO CENTRAL DE LA REPUBLICA DOMINICANA,BCENTRAL,58611
DO1002261928,LE090427,BCENTRAL/ LT 20270409 GTIA,960000,DOP,96,7.5142,96.166157,25/09/2026,11:21:20 AM,CONTADO,PRIMERA PARTE,ROTC,30/09/2026,CONFIRMADA,3361808,0,09/04/2026,09/04/2027,0,BANCO CENTRAL DE LA REPUBLICA DOMINICANA,BCENTRAL,57442
DO1002227317,NO150928,BCENTRAL/11 BOEST 20280915 GTIA,80000,DOP,8,9.983,101.765163,25/09/2026,11:21:18 AM,CONTADO,PRIMERA PARTE,ROTC,28/09/2026,CONFIRMADA,3361652,0,15/09/2023,15/09/2028,0,BANCO CENTRAL DE LA REPUBLICA DOMINICANA,BCENTRAL,59080
DO1002261928,LE090427,BCENTRAL/ LT 20270409 GTIA,80000,DOP,8,4.4437,97.696663,25/09/2026,11:21:18 AM,CONTADO,PRIMERA PARTE,ROTC,30/09/2026,CONFIRMADA,3361811,0,09/04/2026,09/04/2027,0,BANCO CENTRAL DE LA REPUBLICA DOMINICANA,BCENTRAL,56819
DO1002227317,NO150928,BCENTRAL/11 BOEST 20280915 GTIA,80000,DOP,8,10.0521,101.564425,25/09/2026,11:21:17 AM,PRESTAMO,SEGUNDA PARTE,ROTC,28/10/2026,CONFIRMADA,3361653,0,15/09/2023,15/09/2028,1.075023,BANCO CENTRAL DE LA REPUBLICA DOMINICANA,BCENTRAL,60165
DO1002227317,NO150928,BCENTRAL/11 BOEST 20280915 GTIA,80000,DOP,8,9.983,101.765163,25/09/2026,11:21:17 AM,PRESTAMO,PRIMERA PARTE,ROTC,28/09/2026,CONFIRMADA,3361653,0,15/09/2023,15/09/2028,1.075023,BANCO CENTRAL DE LA REPUBLICA DOMINICANA,BCENTRAL,59766
DO1002261928,LE090427,BCENTRAL/ LT 20270409 GTIA,420000,DOP,42,7.754,96.048629,25/09/2026,11:21:17 AM,CONTADO,PRIMERA PARTE,ROTC,30/09/2026,CONFIRMADA,3361814,0,09/04/2026,09/04/2027,0,BANCO CENTRAL DE LA REPUBLICA DOMINICANA,BCENTRAL,57071
USP3579ECF27,BSRD2030,DOMINICAN REP/4.5 BD 20300130 UNS,1000,USD,1,-9.9447,154.031,25/09/2026,11:21:16 AM,PRESTAMO,SEGUNDA PARTE,ROTC,24/12/2026,CONFIRMADA,3361654,0,30/01/2020,30/01/2030,1.456065,MINISTERIO DE HACIENDA,HACIENDA,60382
USP3579ECF27,BSRD2030,DOMINICAN REP/4.5 BD 20300130 UNS,1000,USD,1,-8.8827,153.562,25/09/2026,11:21:16 AM,PRESTAMO,PRIMERA PARTE,ROTC,25/09/2026,CONFIRMADA,3361654,0,30/01/2020,30/01/2030,1.456065,MINISTERIO DE HACIENDA,HACIENDA,60550
USP3579ECE51,BSRD2049,"DOMINICAN, REP /6.4 BD 20490605",12000,USD,12,5.939,105.69375,25/09/2026,11:21:16 AM,CONTADO,PRIMERA PARTE,ROTC,28/09/2026,CONFIRMADA,3361817,0,05/06/2019,05/06/2049,0,MINISTERIO DE HACIENDA,HACIENDA,59402
USP3579ECF27,BSRD2030,DOMINICAN REP/4.5 BD 20300130 UNS,1000,USD,1,-9.9447,154.031,25/09/2026,11:21:15 AM,PLAZO,PRIMERA PARTE,ROTC,24/12/2026,CONFIRMADA,3361655,0,30/01/2020,30/01/2030,0,MINISTERIO DE HACIENDA,HACIENDA,58835
DO1002261928,LE090427,BCENTRAL/ LT 20270409 GTIA,570000,DOP,57,6.7829,96.491228,25/09/2026,11:21:15 AM,CONTADO,PRIMERA PARTE,ROTC,28/09/2026,CONFIRMADA,3361920,0,09/04/2026,09/04/2027,0,BANCO CENTRAL DE LA REPUBLICA DOMINICANA,BCENTRAL,57568
DO1002227317,NO150928,BCENTRAL/11 BOEST 20280915 GTIA,290000,DOP,29,0,102.293579,25/09/2026,11:21:13 AM,PLAZO,PRIMERA PARTE,ROTC,23/10/2026,CONFIRMADA,3361656,0,15/09/2023,15/09/2028,0,BANCO CENTRAL DE LA REPUBLICA DOMINICANA,BCENTRAL,57281
DO1002261928,LE090427,BCENTRAL/ LT 20270409 GTIA,220000,DOP,22,6.3805,96.6925,25/09/2026,11:21:13 AM,CONTADO,PRIMERA PARTE,ROTC,28/09/2026,CONFIRMADA,3361923,0,09/04/2026,09/04/2027,0,BANCO CENTRAL DE LA REPUBLICA DOMINICANA,BCENTRAL,56672
DO1005208629,MH12031,HACIENDA/8.5 BOEST 20310611 GTIA,8700000,DOP,87,3.0879,121.619294,25/09/2026,11:21:13 AM,PRESTAMO,SEGUNDA PARTE,ROTC,01/04/2027,CONFIRMADA,3362152,0,11/06/2021,11/06/2031,7.74,MINISTERIO DE HACIENDA,HACIENDA,60683
DO1005208629,MH12031,HACIENDA/8.5 BOEST 20310611 GTIA,8700000,DOP,87,4.588,116.910671,25/09/2026,11:21:13 AM,PRESTAMO,PRIMERA PARTE,ROTC,25/09/2026,CONFIRMADA,3362152,0,11/06/2021,11/06/2031,7.74,MINISTERIO DE HACIENDA,HACIENDA,60445
DO1002227317,NO150928,BCENTRAL/11 BOEST 20280915 GTIA,290000,DOP,29,0,102.201162,25/09/2026,11:21:12 AM,PRESTAMO,SEGUNDA PARTE,ROTC,25/11/2026,CONFIRMADA,3361657,0,15/09/2023,15/09/2028,1.978793,BANCO CENTRAL DE LA REPUBLICA DOMINICANA,BCENTRAL,58674
DO1002227317,NO150928,BCENTRAL/11 BOEST 20280915 GTIA,290000,DOP,29,0,102.293579,25/09/2026,11:21:12 AM,PRESTAMO,PRIMERA PARTE,ROTC,23/10/2026,CONFIRMADA,3361657,0,15/09/2023,15/09/2028,1.978793,BANCO CENTRAL DE LA REPUBLICA DOMINICANA,BCENTRAL,58877
DO1002261928,LE090427,BCENTRAL/ LT 20270409 GTIA,130000,DOP,13,11.485,94.115015,25/09/2026,11:21:12 AM,CONTADO,PRIMERA PARTE,ROTC,25/09/2026,CONFIRMADA,3361926,0,09/04/2026,09/04/2027,0,BANCO CENTRAL DE LA REPUBLICA DOMINICANA,BCENTRAL,57218
DO1005208629,MH12031,HACIENDA/8.5 BOEST 20310611 GTIA,8700000,DOP,87,3.0879,121.619294,25/09/2026,11:21:12 AM,ESTRUCTURADA,SEGUNDA PARTE,ROTC,01/04/2027,CONFIRMADA,3362104,0,11/06/2021,11/06/2031,7.74,MINISTERIO DE HACIENDA,HACIENDA,62776
DO1005208629,MH12031,HACIENDA/8.5 BOEST 20310611 GTIA,8700000,DOP,87,4.588,116.910671,25/09/2026,11:21:12 AM,ESTRUCTURADA,PRIMERA PARTE,ROTC,25/09/2026,CONFIRMADA,3362104,0,11/06/2021,11/06/2031,7.74,MINISTERIO DE HACIENDA,HACIENDA,62538
DO1002227317,NO150928,BCENTRAL/11 BOEST 20280915 GTIA,290000,DOP,29,0,102.201162,25/09/2026,11:21:11 AM,PLAZO,PRIMERA PARTE,ROTC,25/11/2026,CONFIRMADA,3361658,0,15/09/2023,15/09/2028,0,BANCO CENTRAL DE LA REPUBLICA DOMINICANA,BCENTRAL,57127
DO1002261928,LE090427,BCENTRAL/ LT 20270409 GTIA,160000,DOP,16,3.8184,98.004181,25/09/2026,11:21:11 AM,CONTADO,PRIMERA PARTE,ROTC,29/09/2026,CONFIRMADA,3361930,0,09/04/2026,09/04/2027,0,BANCO CENTRAL DE LA REPUBLICA DOMINICANA,BCENTRAL,57351
DO1002227317,NO150928,BCENTRAL/11 BOEST 20280915 GTIA,280000,DOP,28,0,103.075532,25/09/2026,11:21:10 AM,PLAZO,PRIMERA PARTE,ROTC,25/02/2027,CONFIRMADA,3361659,0,15/09/2023,15/09/2028,0,BANCO CENTRAL DE LA REPUBLICA DOMINICANA,BCENTRAL,57190
DO1002261928,LE090427,BCENTRAL/ LT 20270409 GTIA,50000,DOP,5,-5.7567,103.1675,25/09/2026,11:21:10 AM,CONTADO,PRIMERA PARTE,ROTC,29/09/2026,CONFIRMADA,3361935,0,09/04/2026,09/04/2027,0,BANCO CENTRAL DE LA REPUBLICA DOMINICANA,BCENTRAL,56609
DO1002261928,LE090427,BCENTRAL/ LT 20270409 GTIA,40000,DOP,4,49.7879,87.637375,25/09/2026,11:21:08 AM,PRESTAMO,SEGUNDA PARTE,ROTC,28/12/2026,CONFIRMADA,3361404,0,09/04/2026,09/04/2027,1.872717,BANCO CENTRAL DE LA REPUBLICA DOMINICANA,BCENTRAL,57841
DO1002261928,LE090427,BCENTRAL/ LT 20270409 GTIA,40000,DOP,4,30.3748,85.996175,25/09/2026,11:21:08 AM,PRESTAMO,PRIMERA PARTE,ROTC,28/09/2026,CONFIRMADA,3361404,0,09/04/2026,09/04/2027,1.872717,BANCO CENTRAL DE LA REPUBLICA DOMINICANA,BCENTRAL,57841
DO1002228612,NO031227,BCENTRAL/8 BOEST 20271203 GTIA,300000,DOP,30,0,98.153847,25/09/2026,11:21:08 AM,PLAZO,PRIMERA PARTE,ROTC,25/02/2027,CONFIRMADA,3361660,0,03/12/2024,03/12/2027,0,BANCO CENTRAL DE LA REPUBLICA DOMINICANA,BCENTRAL,56497
DO1002261928,LE090427,BCENTRAL/ LT 20270409 GTIA,40000,DOP,4,49.7879,87.637375,25/09/2026,11:21:07 AM,PLAZO,PRIMERA PARTE,ROTC,28/12/2026,CONFIRMADA,3361405,0,09/04/2026,09/04/2027,0,BANCO CENTRAL DE LA REPUBLICA DOMINICANA,BCENTRAL,56294
DO1002228612,NO031227,BCENTRAL/8 BOEST 20271203 GTIA,300000,DOP,30,0,98.285127,25/09/2026,11:21:07 AM,PRESTAMO,SEGUNDA PARTE,ROTC,25/03/2027,CONFIRMADA,3361661,0,03/12/2024,03/12/2027,2.573604,BANCO CENTRAL DE LA REPUBLICA DOMINICANA,BCENTRAL,58016
DO1002228612,NO031227,BCENTRAL/8 BOEST 20271203 GTIA,300000,DOP,30,0,98.153847,25/09/2026,11:21:07 AM,PRESTAMO,PRIMERA PARTE,ROTC,25/02/2027,CONFIRMADA,3361661,0,03/12/2024,03/12/2027,2.573604,BANCO CENTRAL DE LA REPUBLICA DOMINICANA,BCENTRAL,58093
DO1002261928,LE090427,BCENTRAL/ LT 20270409 GTIA,4890000,DOP,489,0,99.844081,25/09/2026,11:21:06 AM,PRESTAMO,SEGUNDA PARTE,ROTC,29/03/2027,CONFIRMADA,3361407,0,09/04/2026,09/04/2027,4.096926,BANCO CENTRAL DE LA REPUBLICA DOMINICANA,BCENTRAL,57092
DO1002261928,LE090427,BCENTRAL/ LT 20270409 GTIA,4890000,DOP,489,8.2721,95.753543,25/09/2026,11:21:06 AM,PRESTAMO,PRIMERA PARTE,ROTC,28/09/2026,CONFIRMADA,3361407,0,09/04/2026,09/04/2027,4.096926,BANCO CENTRAL DE LA REPUBLICA DOMINICANA,BCENTRAL,58975
DO1002228612,NO031227,BCENTRAL/8 BOEST 20271203 GTIA,300000,DOP,30,0,98.285127,25/09/2026,11:21:06 AM,PLAZO,PRIMERA PARTE,ROTC,25/03/2027,CONFIRMADA,3361662,0,03/12/2024,03/12/2027,0,BANCO CENTRAL DE LA REPUBLICA DOMINICANA,BCENTRAL,56469
DO1002261928,LE090427,BCENTRAL/ LT 20270409 GTIA,4890000,DOP,489,0,99.844081,25/09/2026,11:21:05 AM,PLAZO,PRIMERA PARTE,ROTC,29/03/2027,CONFIRMADA,3361408,0,09/04/2026,09/04/2027,0,BANCO CENTRAL DE LA REPUBLICA DOMINICANA,BCENTRAL,55545
USP3579EBY25,BSRD2048,DOMINICAN REP/6.5 CHURCH BD UNSEC,10000,USD,10,0,99.0154,25/09/2026,11:21:04 AM,PRESTAMO,SEGUNDA PARTE,ROTC,28/10/2026,CONFIRMADA,3361410,0,08/02/2018,15/02/2048,1.106111,MINISTERIO DE HACIENDA,HACIENDA,60438
USP3579EBY25,BSRD2048,DOMINICAN REP/6.5 CHURCH BD UNSEC,10000,USD,10,6.5672,99.2237,25/09/2026,11:21:04 AM,PRESTAMO,PRIMERA PARTE,ROTC,28/09/2026,CONFIRMADA,3361410,0,08/02/2018,15/02/2048,1.106111,MINISTERIO DE HACIENDA,HACIENDA,62433
DO1002227317,NO150928,BCENTRAL/11 BOEST 20280915 GTIA,290000,DOP,29,0,103.149362,25/09/2026,11:21:04 AM,PLAZO,PRIMERA PARTE,ROTC,25/03/2027,CONFIRMADA,3361663,0,15/09/2023,15/09/2028,0,BANCO CENTRAL DE LA REPUBLICA DOMINICANA,BCENTRAL,57253
DO1002227317,NO150928,BCENTRAL/11 BOEST 20280915 GTIA,290000,DOP,29,0,103.082514,25/09/2026,11:21:03 AM,PRESTAMO,SEGUNDA PARTE,ROTC,23/04/2027,CONFIRMADA,3361664,0,15/09/2023,15/09/2028,1.054131,BANCO CENTRAL DE LA REPUBLICA DOMINICANA,BCENTRAL,58744
DO1002227317,NO150928,BCENTRAL/11 BOEST 20280915 GTIA,290000,DOP,29,0,103.149362,25/09/2026,11:21:03 AM,PRESTAMO,PRIMERA PARTE,ROTC,25/03/2027,CONFIRMADA,3361664,0,15/09/2023,15/09/2028,1.054131,BANCO CENTRAL DE LA REPUBLICA DOMINICANA,BCENTRAL,58849
USP3579EBY25,BSRD2048,DOMINICAN REP/6.5 CHURCH BD UNSEC,10000,USD,10,0,99.0154,25/09/2026,11:21:02 AM,PLAZO,PRIMERA PARTE,ROTC,28/10/2026,CONFIRMADA,3361411,0,08/02/2018,15/02/2048,0,MINISTERIO DE HACIENDA,HACIENDA,58884
DO1002227317,NO150928,BCENTRAL/11 BOEST 20280915 GTIA,290000,DOP,29,0,103.082514,25/09/2026,11:21:02 AM,PLAZO,PRIMERA PARTE,ROTC,23/04/2027,CONFIRMADA,3361665,0,15/09/2023,15/09/2028,0,BANCO CENTRAL DE LA REPUBLICA DOMINICANA,BCENTRAL,57197
USP3579EBY25,BSRD2048,DOMINICAN REP/6.5 CHURCH BD UNSEC,11000,USD,11,6.4866,100.141636,25/09/2026,11:21:01 AM,PRESTAMO,SEGUNDA PARTE,ROTC,14/12/2026,CONFIRMADA,3361413,0,08/02/2018,15/02/2048,1.651539,MINISTERIO DE HACIENDA,HACIENDA,63252
USP3579EBY25,BSRD2048,DOMINICAN REP/6.5 CHURCH BD UNSEC,11000,USD,11,6.447,100.600909,25/09/2026,11:21:01 AM,PRESTAMO,PRIMERA PARTE,ROTC,30/09/2026,CONFIRMADA,3361413,0,08/02/2018,15/02/2048,1.651539,MINISTERIO DE HACIENDA,HACIENDA,62965
USP3579EBY25,BSRD2048,DOMINICAN REP/6.5 CHURCH BD UNSEC,11000,USD,11,6.4866,100.141636,25/09/2026,11:21:00 AM,PLAZO,PRIMERA PARTE,ROTC,14/12/2026,CONFIRMADA,3361414,0,08/02/2018,15/02/2048,0,MINISTERIO DE HACIENDA,HACIENDA,61705
DO1002227317,NO150928,BCENTRAL/11 BOEST 20280915 GTIA,1010000,DOP,101,9,102.744038,25/09/2026,11:21:00 AM,PLAZO,PRIMERA PARTE,ROTC,25/11/2026,CONFIRMADA,3361666,0,15/09/2023,15/09/2028,0,BANCO CENTRAL DE LA REPUBLICA DOMINICANA,BCENTRAL,57820
DO1002261928,LE090427,BCENTRAL/ LT 20270409 GTIA,210000,DOP,21,4.0221,98.200667,25/09/2026,11:20:59 AM,PRESTAMO,SEGUNDA PARTE,ROTC,27/10/2026,CONFIRMADA,3361416,0,09/04/2026,09/04/2027,0.62976,BANCO CENTRAL DE LA REPUBLICA DOMINICANA,BCENTRAL,57876
DO1002261928,LE090427,BCENTRAL/ LT 20270409 GTIA,210000,DOP,21,4.6699,97.582238,25/09/2026,11:20:59 AM,PRESTAMO,PRIMERA PARTE,ROTC,30/09/2026,CONFIRMADA,3361416,0,09/04/2026,09/04/2027,0.62976,BANCO CENTRAL DE LA REPUBLICA DOMINICANA,BCENTRAL,58170
DO1002227317,NO150928,BCENTRAL/11 BOEST 20280915 GTIA,1000000,DOP,100,0,102.964342,25/09/2026,11:20:59 AM,PLAZO,PRIMERA PARTE,ROTC,25/11/2026,CONFIRMADA,3361667,0,15/09/2023,15/09/2028,0,BANCO CENTRAL DE LA REPUBLICA DOMINICANA,BCENTRAL,57848
DO1002261928,LE090427,BCENTRAL/ LT 20270409 GTIA,210000,DOP,21,4.0221,98.200667,25/09/2026,11:20:58 AM,PLAZO,PRIMERA PARTE,ROTC,27/10/2026,CONFIRMADA,3361417,0,09/04/2026,09/04/2027,0,BANCO CENTRAL DE LA REPUBLICA DOMINICANA,BCENTRAL,56329
DO1002227317,NO150928,BCENTRAL/11 BOEST 20280915 GTIA,1000000,DOP,100,9,102.811388,25/09/2026,11:20:58 AM,PRESTAMO,SEGUNDA PARTE,ROTC,24/12/2026,CONFIRMADA,3361668,0,15/09/2023,15/09/2028,2.726234,BANCO CENTRAL DE LA REPUBLICA DOMINICANA,BCENTRAL,59451
DO1002227317,NO150928,BCENTRAL/11 BOEST 20280915 GTIA,1000000,DOP,100,0,102.964342,25/09/2026,11:20:58 AM,PRESTAMO,PRIMERA PARTE,ROTC,25/11/2026,CONFIRMADA,3361668,0,15/09/2023,15/09/2028,2.726234,BANCO CENTRAL DE LA REPUBLICA DOMINICANA,BCENTRAL,59444
DO1002261928,LE090427,BCENTRAL/ LT 20270409 GTIA,590000,DOP,59,4.3689,99.121861,25/09/2026,11:20:57 AM,PRESTAMO,SEGUNDA PARTE,ROTC,26/01/2027,CONFIRMADA,3361419,0,09/04/2026,09/04/2027,2.707963,BANCO CENTRAL DE LA REPUBLICA DOMINICANA,BCENTRAL,58156
DO1002261928,LE090427,BCENTRAL/ LT 20270409 GTIA,590000,DOP,59,6.8902,96.437678,25/09/2026,11:20:57 AM,PRESTAMO,PRIMERA PARTE,ROTC,28/09/2026,CONFIRMADA,3361419,0,09/04/2026,09/04/2027,2.707963,BANCO CENTRAL DE LA REPUBLICA DOMINICANA,BCENTRAL,58338
DO1002227317,NO150928,BCENTRAL/11 BOEST 20280915 GTIA,1000000,DOP,100,9,102.811388,25/09/2026,11:20:57 AM,PLAZO,PRIMERA PARTE,ROTC,24/12/2026,CONFIRMADA,3361669,0,15/09/2023,15/09/2028,0,BANCO CENTRAL DE LA REPUBLICA DOMINICANA,BCENTRAL,57904
DO1002261928,LE090427,BCENTRAL/ LT 20270409 GTIA,590000,DOP,59,4.3689,99.121861,25/09/2026,11:20:55 AM,PLAZO,PRIMERA PARTE,ROTC,26/01/2027,CONFIRMADA,3361420,0,09/04/2026,09/04/2027,0,BANCO CENTRAL DE LA REPUBLICA DOMINICANA,BCENTRAL,56602
DO1002227317,NO150928,BCENTRAL/11 BOEST 20280915 GTIA,80000,DOP,8,10.0521,101.564425,25/09/2026,11:20:55 AM,PLAZO,PRIMERA PARTE,ROTC,28/10/2026,CONFIRMADA,3361670,0,15/09/2023,15/09/2028,0,BANCO CENTRAL DE LA REPUBLICA DOMINICANA,BCENTRAL,58632
DO1005205716,MHUS2027,HACIENDA/6 BOEST 20270305 GTIA,25000,USD,25,-12.891,102.29488,25/09/2026,11:20:54 AM,PRESTAMO,SEGUNDA PARTE,ROTC,22/01/2027,CONFIRMADA,3361422,0,05/09/2016,05/03/2027,1.68369,MINISTERIO DE HACIENDA,HACIENDA,60074
DO1005205716,MHUS2027,HACIENDA/6 BOEST 20270305 GTIA,25000,USD,25,-0.3758,102.819,25/09/2026,11:20:54 AM,PRESTAMO,PRIMERA PARTE,ROTC,25/09/2026,CONFIRMADA,3361422,0,05/09/2016,05/03/2027,1.68369,MINISTERIO DE HACIENDA,HACIENDA,59458
DO1002227317,NO150928,BCENTRAL/11 BOEST 20280915 GTIA,40000,DOP,4,0,96.574825,25/09/2026,11:20:54 AM,PLAZO,PRIMERA PARTE,ROTC,23/10/2026,CONFIRMADA,3361671,0,15/09/2023,15/09/2028,0,BANCO CENTRAL DE LA REPUBLICA DOMINICANA,BCENTRAL,56259
DO1005205716,MHUS2027,HACIENDA/6 BOEST 20270305 GTIA,25000,USD,25,-12.891,102.29488,25/09/2026,11:20:53 AM,PLAZO,PRIMERA PARTE,ROTC,22/01/2027,CONFIRMADA,3361423,0,05/09/2016,05/03/2027,0,MINISTERIO DE HACIENDA,HACIENDA,58527
DO1002227317,NO150928,BCENTRAL/11 BOEST 20280915 GTIA,40000,DOP,4,9,96.3649,25/09/2026,11:20:53 AM,PRESTAMO,SEGUNDA PARTE,ROTC,25/11/2026,CONFIRMADA,3361672,0,15/09/2023,15/09/2028,1.976734,BANCO CENTRAL DE LA REPUBLICA DOMINICANA,BCENTRAL,57141
DO1002227317,NO150928,BCENTRAL/11 BOEST 20280915 GTIA,40000,DOP,4,0,96.574825,25/09/2026,11:20:53 AM,PRESTAMO,PRIMERA PARTE,ROTC,23/10/2026,CONFIRMADA,3361672,0,15/09/2023,15/09/2028,1.976734,BANCO CENTRAL DE LA REPUBLICA DOMINICANA,BCENTRAL,57855
DO1002261928,LE090427,BCENTRAL/ LT 20270409 GTIA,1260000,DOP,126,9.3612,95.885979,25/09/2026,11:20:51 AM,PRESTAMO,SEGUNDA PARTE,ROTC,26/10/2026,CONFIRMADA,3361449,0,09/04/2026,09/04/2027,0.675682,BANCO CENTRAL DE LA REPUBLICA DOMINICANA,BCENTRAL,58807
DO1002261928,LE090427,BCENTRAL/ LT 20270409 GTIA,1260000,DOP,126,9.1837,95.238095,25/09/2026,11:20:51 AM,PRESTAMO,PRIMERA PARTE,ROTC,25/09/2026,CONFIRMADA,3361449,0,09/04/2026,09/04/2027,0.675682,BANCO CENTRAL DE LA REPUBLICA DOMINICANA,BCENTRAL,58835
DO1002227317,NO150928,BCENTRAL/11 BOEST 20280915 GTIA,40000,DOP,4,9,96.3649,25/09/2026,11:20:51 AM,PLAZO,PRIMERA PARTE,ROTC,25/11/2026,CONFIRMADA,3361673,0,15/09/2023,15/09/2028,0,BANCO CENTRAL DE LA REPUBLICA DOMINICANA,BCENTRAL,55587
DO1002261928,LE090427,BCENTRAL/ LT 20270409 GTIA,1260000,DOP,126,9.3612,95.885979,25/09/2026,11:20:50 AM,PLAZO,PRIMERA PARTE,ROTC,26/10/2026,CONFIRMADA,3361450,0,09/04/2026,09/04/2027,0,BANCO CENTRAL DE LA REPUBLICA DOMINICANA,BCENTRAL,57260
DO1002227317,NO150928,BCENTRAL/11 BOEST 20280915 GTIA,40000,DOP,4,0,95.572075,25/09/2026,11:20:50 AM,PLAZO,PRIMERA PARTE,ROTC,25/11/2026,CONFIRMADA,3361674,0,15/09/2023,15/09/2028,0,BANCO CENTRAL DE LA REPUBLICA DOMINICANA,BCENTRAL,56210
DO1002261928,LE090427,BCENTRAL/ LT 20270409 GTIA,280000,DOP,28,5.8203,97.401679,25/09/2026,11:20:49 AM,PRESTAMO,SEGUNDA PARTE,ROTC,26/10/2026,CONFIRMADA,3361530,0,09/04/2026,09/04/2027,0.692669,BANCO CENTRAL DE LA REPUBLICA DOMINICANA,BCENTRAL,58058
DO1002261928,LE090427,BCENTRAL/ LT 20270409 GTIA,280000,DOP,28,6.215,96.727007,25/09/2026,11:20:49 AM,PRESTAMO,PRIMERA PARTE,ROTC,25/09/2026,CONFIRMADA,3361530,0,09/04/2026,09/04/2027,0.692669,BANCO CENTRAL DE LA REPUBLICA DOMINICANA,BCENTRAL,57771
DO1002227317,NO150928,BCENTRAL/11 BOEST 20280915 GTIA,40000,DOP,4,9,95.3876,25/09/2026,11:20:49 AM,PRESTAMO,SEGUNDA PARTE,ROTC,24/12/2026,CONFIRMADA,3361675,0,15/09/2023,15/09/2028,2.899835,BANCO CENTRAL DE LA REPUBLICA DOMINICANA,BCENTRAL,57183
DO1002227317,NO150928,BCENTRAL/11 BOEST 20280915 GTIA,40000,DOP,4,0,95.572075,25/09/2026,11:20:49 AM,PRESTAMO,PRIMERA PARTE,ROTC,25/11/2026,CONFIRMADA,3361675,0,15/09/2023,15/09/2028,2.899835,BANCO CENTRAL DE LA REPUBLICA DOMINICANA,BCENTRAL,57869
DO1002261928,LE090427,BCENTRAL/ LT 20270409 GTIA,280000,DOP,28,5.8203,97.401679,25/09/2026,11:20:48 AM,PLAZO,PRIMERA PARTE,ROTC,26/10/2026,CONFIRMADA,3361531,0,09/04/2026,09/04/2027,0,BANCO CENTRAL DE LA REPUBLICA DOMINICANA,BCENTRAL,56511
DO1002227317,NO150928,BCENTRAL/11 BOEST 20280915 GTIA,40000,DOP,4,9,95.3876,25/09/2026,11:20:48 AM,PLAZO,PRIMERA PARTE,ROTC,24/12/2026,CONFIRMADA,3361676,0,15/09/2023,15/09/2028,0,BANCO CENTRAL DE LA REPUBLICA DOMINICANA,BCENTRAL,55636
DO1002261928,LE090427,BCENTRAL/ LT 20270409 GTIA,40000,DOP,4,-335.24,111.412675,25/09/2026,11:20:46 AM,PRESTAMO,SEGUNDA PARTE,ROTC,29/03/2027,CONFIRMADA,3361533,0,09/04/2026,09/04/2027,4.096931,BANCO CENTRAL DE LA REPUBLICA DOMINICANA,BCENTRAL,57862
DO1002261928,LE090427,BCENTRAL/ LT 20270409 GTIA,40000,DOP,4,-11.955,106.848175,25/09/2026,11:20:46 AM,PRESTAMO,PRIMERA PARTE,ROTC,28/09/2026,CONFIRMADA,3361533,0,09/04/2026,09/04/2027,4.096931,BANCO CENTRAL DE LA REPUBLICA DOMINICANA,BCENTRAL,58065
DO1002227317,NO150928,BCENTRAL/11 BOEST 20280915 GTIA,40000,DOP,4,0,94.69085,25/09/2026,11:20:46 AM,PLAZO,PRIMERA PARTE,ROTC,24/12/2026,CONFIRMADA,3361677,0,15/09/2023,15/09/2028,0,BANCO CENTRAL DE LA REPUBLICA DOMINICANA,BCENTRAL,55916
DO1002261928,LE090427,BCENTRAL/ LT 20270409 GTIA,40000,DOP,4,-335.24,111.412675,25/09/2026,11:20:45 AM,PLAZO,PRIMERA PARTE,ROTC,29/03/2027,CONFIRMADA,3361534,0,09/04/2026,09/04/2027,0,BANCO CENTRAL DE LA REPUBLICA DOMINICANA,BCENTRAL,56315
DO1002227317,NO150928,BCENTRAL/11 BOEST 20280915 GTIA,40000,DOP,4,9,94.487275,25/09/2026,11:20:45 AM,PRESTAMO,SEGUNDA PARTE,ROTC,25/01/2027,CONFIRMADA,3361678,0,15/09/2023,15/09/2028,3.865523,BANCO CENTRAL DE LA REPUBLICA DOMINICANA,BCENTRAL,57883
DO1002227317,NO150928,BCENTRAL/11 BOEST 20280915 GTIA,40000,DOP,4,0,94.69085,25/09/2026,11:20:45 AM,PRESTAMO,PRIMERA PARTE,ROTC,24/12/2026,CONFIRMADA,3361678,0,15/09/2023,15/09/2028,3.865523,BANCO CENTRAL DE LA REPUBLICA DOMINICANA,BCENTRAL,57512
DO1002261928,LE090427,BCENTRAL/ LT 20270409 GTIA,80000,DOP,8,-7.7735,102.956788,25/09/2026,11:20:44 AM,PRESTAMO,SEGUNDA PARTE,ROTC,27/11/2026,CONFIRMADA,3361536,0,09/04/2026,09/04/2027,1.340125,BANCO CENTRAL DE LA REPUBLICA DOMINICANA,BCENTRAL,58086
DO1002261928,LE090427,BCENTRAL/ LT 20270409 GTIA,80000,DOP,8,-2.896,101.577038,25/09/2026,11:20:44 AM,PRESTAMO,PRIMERA PARTE,ROTC,28/09/2026,CONFIRMADA,3361536,0,09/04/2026,09/04/2027,1.340125,BANCO CENTRAL DE LA REPUBLICA DOMINICANA,BCENTRAL,57743
DO1002227317,NO150928,BCENTRAL/11 BOEST 20280915 GTIA,40000,DOP,4,9,94.487275,25/09/2026,11:20:44 AM,PLAZO,PRIMERA PARTE,ROTC,25/01/2027,CONFIRMADA,3361679,0,15/09/2023,15/09/2028,0,BANCO CENTRAL DE LA REPUBLICA DOMINICANA,BCENTRAL,56336
DO1002261928,LE090427,BCENTRAL/ LT 20270409 GTIA,80000,DOP,8,-7.7735,102.956788,25/09/2026,11:20:43 AM,PLAZO,PRIMERA PARTE,ROTC,27/11/2026,CONFIRMADA,3361537,0,09/04/2026,09/04/2027,0,BANCO CENTRAL DE LA REPUBLICA DOMINICANA,BCENTRAL,56539
DO1002227317,NO150928,BCENTRAL/11 BOEST 20280915 GTIA,40000,DOP,4,12.5079,97.42565,25/09/2026,11:20:42 AM,CONTADO,PRIMERA PARTE,ROTC,25/09/2026,CONFIRMADA,3361680,0,15/09/2023,15/09/2028,0,BANCO CENTRAL DE LA REPUBLICA DOMINICANA,BCENTRAL,58996
DO1002261928,LE090427,BCENTRAL/ LT 20270409 GTIA,20000,DOP,2,23.3695,90.4844,25/09/2026,11:20:41 AM,PRESTAMO,SEGUNDA PARTE,ROTC,29/10/2026,CONFIRMADA,3361539,0,09/04/2026,09/04/2027,0.670502,BANCO CENTRAL DE LA REPUBLICA DOMINICANA,BCENTRAL,56875
DO1002261928,LE090427,BCENTRAL/ LT 20270409 GTIA,20000,DOP,2,21.1168,89.8777,25/09/2026,11:20:41 AM,PRESTAMO,PRIMERA PARTE,ROTC,29/09/2026,CONFIRMADA,3361539,0,09/04/2026,09/04/2027,0.670502,BANCO CENTRAL DE LA REPUBLICA DOMINICANA,BCENTRAL,57050
DO1002227317,NO150928,BCENTRAL/11 BOEST 20280915 GTIA,40000,DOP,4,0,93.718475,25/09/2026,11:20:41 AM,PLAZO,PRIMERA PARTE,ROTC,25/01/2027,CONFIRMADA,3361681,0,15/09/2023,15/09/2028,0,BANCO CENTRAL DE LA REPUBLICA DOMINICANA,BCENTRAL,56238
DO1002261928,LE090427,BCENTRAL/ LT 20270409 GTIA,20000,DOP,2,23.3695,90.4844,25/09/2026,11:20:40 AM,PLAZO,PRIMERA PARTE,ROTC,29/10/2026,CONFIRMADA,3361540,0,09/04/2026,09/04/2027,0,BANCO CENTRAL DE LA REPUBLICA DOMINICANA,BCENTRAL,55328
DO1002227317,NO150928,BCENTRAL/11 BOEST 20280915 GTIA,40000,DOP,4,9,93.52125,25/09/2026,11:20:40 AM,PRESTAMO,SEGUNDA PARTE,ROTC,25/02/2027,CONFIRMADA,3361682,0,15/09/2023,15/09/2028,4.829509,BANCO CENTRAL DE LA REPUBLICA DOMINICANA,BCENTRAL,57386
DO1002227317,NO150928,BCENTRAL/11 BOEST 20280915 GTIA,40000,DOP,4,0,93.718475,25/09/2026,11:20:40 AM,PRESTAMO,PRIMERA PARTE,ROTC,25/01/2027,CONFIRMADA,3361682,0,15/09/2023,15/09/2028,4.829509,BANCO CENTRAL DE LA REPUBLICA DOMINICANA,BCENTRAL,57834
DO1002261928,LE090427,BCENTRAL/ LT 20270409 GTIA,3140000,DOP,314,0,96.862561,25/09/2026,11:20:39 AM,PRESTAMO,SEGUNDA PARTE,ROTC,30/11/2026,CONFIRMADA,3361542,0,09/04/2026,09/04/2027,1.362161,BANCO CENTRAL DE LA REPUBLICA DOMINICANA,BCENTRAL,56875
DO1002261928,LE090427,BCENTRAL/ LT 20270409 GTIA,3140000,DOP,314,8.7922,95.543137,25/09/2026,11:20:39 AM,PRESTAMO,PRIMERA PARTE,ROTC,30/09/2026,CONFIRMADA,3361542,0,09/04/2026,09/04/2027,1.362161,BANCO CENTRAL DE LA REPUBLICA DOMINICANA,BCENTRAL,58807
DO1002261928,LE090427,BCENTRAL/ LT 20270409 GTIA,3140000,DOP,314,0,96.862561,25/09/2026,11:20:38 AM,PLAZO,PRIMERA PARTE,ROTC,30/11/2026,CONFIRMADA,3361543,0,09/04/2026,09/04/2027,0,BANCO CENTRAL DE LA REPUBLICA DOMINICANA,BCENTRAL,55328
DO1002227317,NO150928,BCENTRAL/11 BOEST 20280915 GTIA,40000,DOP,4,9,93.52125,25/09/2026,11:20:38 AM,PLAZO,PRIMERA PARTE,ROTC,25/02/2027,CONFIRMADA,3361683,0,15/09/2023,15/09/2028,0,BANCO CENTRAL DE LA REPUBLICA DOMINICANA,BCENTRAL,55895
DO1002228612,NO031227,BCENTRAL/8 BOEST 20271203 GTIA,40000,DOP,4,0,95.883375,25/09/2026,11:20:37 AM,PLAZO,PRIMERA PARTE,ROTC,25/02/2027,CONFIRMADA,3361684,0,03/12/2024,03/12/2027,0,BANCO CENTRAL DE LA REPUBLICA DOMINICANA,BCENTRAL,55867
DO1002261928,LE090427,BCENTRAL/ LT 20270409 GTIA,9120000,DOP,912,0,96.353098,25/09/2026,11:20:36 AM,PRESTAMO,SEGUNDA PARTE,ROTC,30/10/2026,CONFIRMADA,3361545,0,09/04/2026,09/04/2027,0.670474,BANCO CENTRAL DE LA REPUBLICA DOMINICANA,BCENTRAL,56903
DO1002261928,LE090427,BCENTRAL/ LT 20270409 GTIA,9120000,DOP,912,8.4543,95.707076,25/09/2026,11:20:36 AM,PRESTAMO,PRIMERA PARTE,ROTC,30/09/2026,CONFIRMADA,3361545,0,09/04/2026,09/04/2027,0.670474,BANCO CENTRAL DE LA REPUBLICA DOMINICANA,BCENTRAL,58842
DO1002228612,NO031227,BCENTRAL/8 BOEST 20271203 GTIA,40000,DOP,4,9,95.940675,25/09/2026,11:20:36 AM,PRESTAMO,SEGUNDA PARTE,ROTC,25/03/2027,CONFIRMADA,3361685,0,03/12/2024,03/12/2027,2.559749,BANCO CENTRAL DE LA REPUBLICA DOMINICANA,BCENTRAL,57449
DO1002228612,NO031227,BCENTRAL/8 BOEST 20271203 GTIA,40000,DOP,4,0,95.883375,25/09/2026,11:20:36 AM,PRESTAMO,PRIMERA PARTE,ROTC,25/02/2027,CONFIRMADA,3361685,0,03/12/2024,03/12/2027,2.559749,BANCO CENTRAL DE LA REPUBLICA DOMINICANA,BCENTRAL,57463
DO1002261928,LE090427,BCENTRAL/ LT 20270409 GTIA,9120000,DOP,912,0,96.353098,25/09/2026,11:20:35 AM,PLAZO,PRIMERA PARTE,ROTC,30/10/2026,CONFIRMADA,3361546,0,09/04/2026,09/04/2027,0,BANCO CENTRAL DE LA REPUBLICA DOMINICANA,BCENTRAL,55356
USP3579EBY25,BSRD2048,DOMINICAN REP/6.5 CHURCH BD UNSEC,15000,USD,15,0,106.046067,25/09/2026,11:20:34 AM,PRESTAMO,SEGUNDA PARTE,ROTC,30/10/2026,CONFIRMADA,3361548,0,08/02/2018,15/02/2048,1.088762,MINISTERIO DE HACIENDA,HACIENDA,61495
USP3579EBY25,BSRD2048,DOMINICAN REP/6.5 CHURCH BD UNSEC,15000,USD,15,5.979,106.230933,25/09/2026,11:20:34 AM,PRESTAMO,PRIMERA PARTE,ROTC,30/09/2026,CONFIRMADA,3361548,0,08/02/2018,15/02/2048,1.088762,MINISTERIO DE HACIENDA,HACIENDA,63133
DO1002228612,NO031227,BCENTRAL/8 BOEST 20271203 GTIA,40000,DOP,4,9,95.940675,25/09/2026,11:20:34 AM,PLAZO,PRIMERA PARTE,ROTC,25/03/2027,CONFIRMADA,3361686,0,03/12/2024,03/12/2027,0,BANCO CENTRAL DE LA REPUBLICA DOMINICANA,BCENTRAL,55895
USP3579EBY25,BSRD2048,DOMINICAN REP/6.5 CHURCH BD UNSEC,15000,USD,15,0,106.046067,25/09/2026,11:20:33 AM,PLAZO,PRIMERA PARTE,ROTC,30/10/2026,CONFIRMADA,3361549,0,08/02/2018,15/02/2048,0,MINISTERIO DE HACIENDA,HACIENDA,59948
DO1002227317,NO150928,BCENTRAL/11 BOEST 20280915 GTIA,40000,DOP,4,0,97.4306,25/09/2026,11:20:33 AM,PLAZO,PRIMERA PARTE,ROTC,25/03/2027,CONFIRMADA,3361687,0,15/09/2023,15/09/2028,0,BANCO CENTRAL DE LA REPUBLICA DOMINICANA,BCENTRAL,55482
DO1002227317,NO150928,BCENTRAL/11 BOEST 20280915 GTIA,40000,DOP,4,9,97.260525,25/09/2026,11:20:32 AM,PRESTAMO,SEGUNDA PARTE,ROTC,23/04/2027,CONFIRMADA,3361688,0,15/09/2023,15/09/2028,1.011595,BANCO CENTRAL DE LA REPUBLICA DOMINICANA,BCENTRAL,57792
DO1002227317,NO150928,BCENTRAL/11 BOEST 20280915 GTIA,40000,DOP,4,0,97.4306,25/09/2026,11:20:32 AM,PRESTAMO,PRIMERA PARTE,ROTC,25/03/2027,CONFIRMADA,3361688,0,15/09/2023,15/09/2028,1.011595,BANCO CENTRAL DE LA REPUBLICA DOMINICANA,BCENTRAL,57078
DO1002261928,LE090427,BCENTRAL/ LT 20270409 GTIA,9840000,DOP,984,8.3711,96.218833,25/09/2026,11:20:31 AM,PRESTAMO,SEGUNDA PARTE,ROTC,22/10/2026,CONFIRMADA,3361551,0,09/04/2026,09/04/2027,0.513736,BANCO CENTRAL DE LA REPUBLICA DOMINICANA,BCENTRAL,58786
DO1002261928,LE090427,BCENTRAL/ LT 20270409 GTIA,9840000,DOP,984,8.4184,95.724522,25/09/2026,11:20:31 AM,PRESTAMO,PRIMERA PARTE,ROTC,30/09/2026,CONFIRMADA,3361551,0,09/04/2026,09/04/2027,0.513736,BANCO CENTRAL DE LA REPUBLICA DOMINICANA,BCENTRAL,58905
DO1002261928,LE090427,BCENTRAL/ LT 20270409 GTIA,9840000,DOP,984,8.3711,96.218833,25/09/2026,11:20:30 AM,PLAZO,PRIMERA PARTE,ROTC,22/10/2026,CONFIRMADA,3361552,0,09/04/2026,09/04/2027,0,BANCO CENTRAL DE LA REPUBLICA DOMINICANA,BCENTRAL,57239
DO1002227317,NO150928,BCENTRAL/11 BOEST 20280915 GTIA,40000,DOP,4,9,97.260525,25/09/2026,11:20:30 AM,PLAZO,PRIMERA PARTE,ROTC,23/04/2027,CONFIRMADA,3361689,0,15/09/2023,15/09/2028,0,BANCO CENTRAL DE LA REPUBLICA DOMINICANA,BCENTRAL,56238
DO1002261928,LE090427,BCENTRAL/ LT 20270409 GTIA,1330000,DOP,133,0,96.19338,25/09/2026,11:20:29 AM,PRESTAMO,SEGUNDA PARTE,ROTC,30/10/2026,CONFIRMADA,3361554,0,09/04/2026,09/04/2027,0.670474,BANCO CENTRAL DE LA REPUBLICA DOMINICANA,BCENTRAL,56483
DO1002261928,LE090427,BCENTRAL/ LT 20270409 GTIA,1330000,DOP,133,8.7813,95.548428,25/09/2026,11:20:29 AM,PRESTAMO,PRIMERA PARTE,ROTC,30/09/2026,CONFIRMADA,3361554,0,09/04/2026,09/04/2027,0.670474,BANCO CENTRAL DE LA REPUBLICA DOMINICANA,BCENTRAL,58835
DO1002227317,NO150928,BCENTRAL/11 BOEST 20280915 GTIA,40000,DOP,4,0,96.563775,25/09/2026,11:20:29 AM,PLAZO,PRIMERA PARTE,ROTC,23/04/2027,CONFIRMADA,3361690,0,15/09/2023,15/09/2028,0,BANCO CENTRAL DE LA REPUBLICA DOMINICANA,BCENTRAL,56315
DO1002261928,LE090427,BCENTRAL/ LT 20270409 GTIA,1330000,DOP,133,0,96.19338,25/09/2026,11:20:28 AM,PLAZO,PRIMERA PARTE,ROTC,30/10/2026,CONFIRMADA,3361555,0,09/04/2026,09/04/2027,0,BANCO CENTRAL DE LA REPUBLICA DOMINICANA,BCENTRAL,54936
DO1002227317,NO150928,BCENTRAL/11 BOEST 20280915 GTIA,40000,DOP,4,9,96.37605,25/09/2026,11:20:28 AM,PRESTAMO,SEGUNDA PARTE,ROTC,25/05/2027,CONFIRMADA,3361691,0,15/09/2023,15/09/2028,1.964044,BANCO CENTRAL DE LA REPUBLICA DOMINICANA,BCENTRAL,57512
DO1002227317,NO150928,BCENTRAL/11 BOEST 20280915 GTIA,40000,DOP,4,0,96.563775,25/09/2026,11:20:28 AM,PRESTAMO,PRIMERA PARTE,ROTC,23/04/2027,CONFIRMADA,3361691,0,15/09/2023,15/09/2028,1.964044,BANCO CENTRAL DE LA REPUBLICA DOMINICANA,BCENTRAL,57911
DO1002261928,LE090427,BCENTRAL/ LT 20270409 GTIA,3140000,DOP,314,8.8271,96.202229,25/09/2026,11:20:27 AM,PRESTAMO,SEGUNDA PARTE,ROTC,30/10/2026,CONFIRMADA,3361557,0,09/04/2026,09/04/2027,0.686916,BANCO CENTRAL DE LA REPUBLICA DOMINICANA,BCENTRAL,58618
DO1002261928,LE090427,BCENTRAL/ LT 20270409 GTIA,3140000,DOP,314,8.7958,95.541401,25/09/2026,11:20:27 AM,PRESTAMO,PRIMERA PARTE,ROTC,30/09/2026,CONFIRMADA,3361557,0,09/04/2026,09/04/2027,0.686916,BANCO CENTRAL DE LA REPUBLICA DOMINICANA,BCENTRAL,58793
DO1002227317,NO150928,BCENTRAL/11 BOEST 20280915 GTIA,40000,DOP,4,9,96.37605,25/09/2026,11:20:27 AM,PLAZO,PRIMERA PARTE,ROTC,25/05/2027,CONFIRMADA,3361692,0,15/09/2023,15/09/2028,0,BANCO CENTRAL DE LA REPUBLICA DOMINICANA,BCENTRAL,55965
DO1002261928,LE090427,BCENTRAL/ LT 20270409 GTIA,3140000,DOP,314,8.8271,96.202229,25/09/2026,11:20:25 AM,PLAZO,PRIMERA PARTE,ROTC,30/10/2026,CONFIRMADA,3361558,0,09/04/2026,09/04/2027,0,BANCO CENTRAL DE LA REPUBLICA DOMINICANA,BCENTRAL,57064
DO1002227317,NO150928,BCENTRAL/11 BOEST 20280915 GTIA,40000,DOP,4,0,95.60725,25/09/2026,11:20:25 AM,PLAZO,PRIMERA PARTE,ROTC,25/05/2027,CONFIRMADA,3361693,0,15/09/2023,15/09/2028,0,BANCO CENTRAL DE LA REPUBLICA DOMINICANA,BCENTRAL,55874
DO1002227317,NO150928,BCENTRAL/11 BOEST 20280915 GTIA,40000,DOP,4,9,95.425375,25/09/2026,11:20:24 AM,PRESTAMO,SEGUNDA PARTE,ROTC,25/06/2027,CONFIRMADA,3361694,0,15/09/2023,15/09/2028,2.91147,BANCO CENTRAL DE LA REPUBLICA DOMINICANA,BCENTRAL,57855
DO1002227317,NO150928,BCENTRAL/11 BOEST 20280915 GTIA,40000,DOP,4,0,95.60725,25/09/2026,11:20:24 AM,PRESTAMO,PRIMERA PARTE,ROTC,25/05/2027,CONFIRMADA,3361694,0,15/09/2023,15/09/2028,2.91147,BANCO CENTRAL DE LA REPUBLICA DOMINICANA,BCENTRAL,57470
DO1002261928,LE090427,BCENTRAL/ LT 20270409 GTIA,90000,DOP,9,-0.5214,100.1683,25/09/2026,11:20:24 AM,PRESTAMO,SEGUNDA PARTE,ROTC,14/12/2026,CONFIRMADA,3361791,0,09/04/2026,09/04/2027,1.6926620000000001,BANCO CENTRAL DE LA REPUBLICA DOMINICANA,BCENTRAL,57085
DO1002261928,LE090427,BCENTRAL/ LT 20270409 GTIA,90000,DOP,9,2.8929,98.472789,25/09/2026,11:20:24 AM,PRESTAMO,PRIMERA PARTE,ROTC,28/09/2026,CONFIRMADA,3361791,0,09/04/2026,09/04/2027,1.6926620000000001,BANCO CENTRAL DE LA REPUBLICA DOMINICANA,BCENTRAL,57617
DO1002227317,NO150928,BCENTRAL/11 BOEST 20280915 GTIA,40000,DOP,4,9,95.425375,25/09/2026,11:20:23 AM,PLAZO,PRIMERA PARTE,ROTC,25/06/2027,CONFIRMADA,3361695,0,15/09/2023,15/09/2028,0,BANCO CENTRAL DE LA REPUBLICA DOMINICANA,BCENTRAL,56308
DO1002261928,LE090427,BCENTRAL/ LT 20270409 GTIA,90000,DOP,9,-0.5214,100.1683,25/09/2026,11:20:23 AM,PLAZO,PRIMERA PARTE,ROTC,14/12/2026,CONFIRMADA,3361792,0,09/04/2026,09/04/2027,0,BANCO CENTRAL DE LA REPUBLICA DOMINICANA,BCENTRAL,55538
DO1002227317,NO150928,BCENTRAL/11 BOEST 20280915 GTIA,40000,DOP,4,0,94.6806,25/09/2026,11:20:22 AM,PLAZO,PRIMERA PARTE,ROTC,25/06/2027,CONFIRMADA,3361696,0,15/09/2023,15/09/2028,0,BANCO CENTRAL DE LA REPUBLICA DOMINICANA,BCENTRAL,55517
DO1002261928,LE090427,BCENTRAL/ LT 20270409 GTIA,260000,DOP,26,0,97.848092,25/09/2026,11:20:22 AM,PRESTAMO,SEGUNDA PARTE,ROTC,14/12/2026,CONFIRMADA,3361794,0,09/04/2026,09/04/2027,1.733983,BANCO CENTRAL DE LA REPUBLICA DOMINICANA,BCENTRAL,56196
DO1002261928,LE090427,BCENTRAL/ LT 20270409 GTIA,260000,DOP,26,7.466,96.151423,25/09/2026,11:20:22 AM,PRESTAMO,PRIMERA PARTE,ROTC,28/09/2026,CONFIRMADA,3361794,0,09/04/2026,09/04/2027,1.733983,BANCO CENTRAL DE LA REPUBLICA DOMINICANA,BCENTRAL,57715
DO1002227317,NO150928,BCENTRAL/11 BOEST 20280915 GTIA,40000,DOP,4,9,94.51635,25/09/2026,11:20:21 AM,PRESTAMO,SEGUNDA PARTE,ROTC,23/07/2027,CONFIRMADA,3361697,0,15/09/2023,15/09/2028,3.782054,BANCO CENTRAL DE LA REPUBLICA DOMINICANA,BCENTRAL,57442
DO1002227317,NO150928,BCENTRAL/11 BOEST 20280915 GTIA,40000,DOP,4,0,94.6806,25/09/2026,11:20:21 AM,PRESTAMO,PRIMERA PARTE,ROTC,25/06/2027,CONFIRMADA,3361697,0,15/09/2023,15/09/2028,3.782054,BANCO CENTRAL DE LA REPUBLICA DOMINICANA,BCENTRAL,57113
DO1002261928,LE090427,BCENTRAL/ LT 20270409 GTIA,260000,DOP,26,0,97.848092,25/09/2026,11:20:21 AM,PLAZO,PRIMERA PARTE,ROTC,14/12/2026,CONFIRMADA,3361795,0,09/04/2026,09/04/2027,0,BANCO CENTRAL DE LA REPUBLICA DOMINICANA,BCENTRAL,54649
DO1002227317,NO150928,BCENTRAL/11 BOEST 20280915 GTIA,40000,DOP,4,9,94.51635,25/09/2026,11:20:19 AM,PLAZO,PRIMERA PARTE,ROTC,23/07/2027,CONFIRMADA,3361698,0,15/09/2023,15/09/2028,0,BANCO CENTRAL DE LA REPUBLICA DOMINICANA,BCENTRAL,55951
DO1002261928,LE090427,BCENTRAL/ LT 20270409 GTIA,1500000,DOP,150,0,96.282147,25/09/2026,11:20:19 AM,PRESTAMO,SEGUNDA PARTE,ROTC,28/10/2026,CONFIRMADA,3361797,0,09/04/2026,09/04/2027,0.670475,BANCO CENTRAL DE LA REPUBLICA DOMINICANA,BCENTRAL,56847
DO1002261928,LE090427,BCENTRAL/ LT 20270409 GTIA,1500000,DOP,150,8.5103,95.636599,25/09/2026,11:20:19 AM,PRESTAMO,PRIMERA PARTE,ROTC,28/09/2026,CONFIRMADA,3361797,0,09/04/2026,09/04/2027,0.670475,BANCO CENTRAL DE LA REPUBLICA DOMINICANA,BCENTRAL,58842
DO1002227317,NO150928,BCENTRAL/11 BOEST 20280915 GTIA,40000,DOP,4,0,93.84365,25/09/2026,11:20:18 AM,PLAZO,PRIMERA PARTE,ROTC,23/07/2027,CONFIRMADA,3361699,0,15/09/2023,15/09/2028,0,BANCO CENTRAL DE LA REPUBLICA DOMINICANA,BCENTRAL,55916
DO1002261928,LE090427,BCENTRAL/ LT 20270409 GTIA,1500000,DOP,150,0,96.282147,25/09/2026,11:20:18 AM,PLAZO,PRIMERA PARTE,ROTC,28/10/2026,CONFIRMADA,3361798,0,09/04/2026,09/04/2027,0,BANCO CENTRAL DE LA REPUBLICA DOMINICANA,BCENTRAL,55300
DO1002227317,NO150928,BCENTRAL/11 BOEST 20280915 GTIA,40000,DOP,4,9,93.650075,25/09/2026,11:20:17 AM,PRESTAMO,SEGUNDA PARTE,ROTC,25/08/2027,CONFIRMADA,3361700,0,15/09/2023,15/09/2028,4.748872,BANCO CENTRAL DE LA REPUBLICA DOMINICANA,BCENTRAL,57848
DO1002227317,NO150928,BCENTRAL/11 BOEST 20280915 GTIA,40000,DOP,4,0,93.84365,25/09/2026,11:20:17 AM,PRESTAMO,PRIMERA PARTE,ROTC,23/07/2027,CONFIRMADA,3361700,0,15/09/2023,15/09/2028,4.748872,BANCO CENTRAL DE LA REPUBLICA DOMINICANA,BCENTRAL,57512
DO1002261928,LE090427,BCENTRAL/ LT 20270409 GTIA,10000,DOP,1,-85.999,121.1221,25/09/2026,11:20:17 AM,PRESTAMO,SEGUNDA PARTE,ROTC,26/01/2027,CONFIRMADA,3361800,0,09/04/2026,09/04/2027,2.707929,BANCO CENTRAL DE LA REPUBLICA DOMINICANA,BCENTRAL,57134
DO1002261928,LE090427,BCENTRAL/ LT 20270409 GTIA,10000,DOP,1,-28.241,117.8422,25/09/2026,11:20:17 AM,PRESTAMO,PRIMERA PARTE,ROTC,28/09/2026,CONFIRMADA,3361800,0,09/04/2026,09/04/2027,2.707929,BANCO CENTRAL DE LA REPUBLICA DOMINICANA,BCENTRAL,57204
DO1002227317,NO150928,BCENTRAL/11 BOEST 20280915 GTIA,40000,DOP,4,9,93.650075,25/09/2026,11:20:16 AM,PLAZO,PRIMERA PARTE,ROTC,25/08/2027,CONFIRMADA,3361701,0,15/09/2023,15/09/2028,0,BANCO CENTRAL DE LA REPUBLICA DOMINICANA,BCENTRAL,56301
DO1002261928,LE090427,BCENTRAL/ LT 20270409 GTIA,10000,DOP,1,-85.999,121.1221,25/09/2026,11:20:16 AM,PLAZO,PRIMERA PARTE,ROTC,26/01/2027,CONFIRMADA,3361801,0,09/04/2026,09/04/2027,0,BANCO CENTRAL DE LA REPUBLICA DOMINICANA,BCENTRAL,55587
DO1002228612,NO031227,BCENTRAL/8 BOEST 20271203 GTIA,40000,DOP,4,0,95.915325,25/09/2026,11:20:15 AM,PLAZO,PRIMERA PARTE,ROTC,25/08/2027,CONFIRMADA,3361702,0,03/12/2024,03/12/2027,0,BANCO CENTRAL DE LA REPUBLICA DOMINICANA,BCENTRAL,55818
DO1005205716,MHUS2027,HACIENDA/6 BOEST 20270305 GTIA,1000,USD,1,-100,105.191,25/09/2026,11:20:15 AM,PRESTAMO,SEGUNDA PARTE,ROTC,26/02/2027,CONFIRMADA,3361803,0,05/09/2016,05/03/2027,2.105487,MINISTERIO DE HACIENDA,HACIENDA,57407
DO1005205716,MHUS2027,HACIENDA/6 BOEST 20270305 GTIA,1000,USD,1,-6.923,105.776,25/09/2026,11:20:15 AM,PRESTAMO,PRIMERA PARTE,ROTC,29/09/2026,CONFIRMADA,3361803,0,05/09/2016,05/03/2027,2.105487,MINISTERIO DE HACIENDA,HACIENDA,58387
DO1002228612,NO031227,BCENTRAL/8 BOEST 20271203 GTIA,40000,DOP,4,9,95.971675,25/09/2026,11:20:13 AM,PRESTAMO,SEGUNDA PARTE,ROTC,20/09/2027,CONFIRMADA,3361703,0,03/12/2024,03/12/2027,2.479686,BANCO CENTRAL DE LA REPUBLICA DOMINICANA,BCENTRAL,57449
DO1002228612,NO031227,BCENTRAL/8 BOEST 20271203 GTIA,40000,DOP,4,0,95.915325,25/09/2026,11:20:13 AM,PRESTAMO,PRIMERA PARTE,ROTC,25/08/2027,CONFIRMADA,3361703,0,03/12/2024,03/12/2027,2.479686,BANCO CENTRAL DE LA REPUBLICA DOMINICANA,BCENTRAL,57407
DO1005205716,MHUS2027,HACIENDA/6 BOEST 20270305 GTIA,1000,USD,1,-100,105.191,25/09/2026,11:20:13 AM,PLAZO,PRIMERA PARTE,ROTC,26/02/2027,CONFIRMADA,3361804,0,05/09/2016,05/03/2027,0,MINISTERIO DE HACIENDA,HACIENDA,55853
DO1002228612,NO031227,BCENTRAL/8 BOEST 20271203 GTIA,40000,DOP,4,9,95.971675,25/09/2026,11:20:12 AM,PLAZO,PRIMERA PARTE,ROTC,20/09/2027,CONFIRMADA,3361704,0,03/12/2024,03/12/2027,0,BANCO CENTRAL DE LA REPUBLICA DOMINICANA,BCENTRAL,55902
USP3579EBY25,BSRD2048,DOMINICAN REP/6.5 CHURCH BD UNSEC,11000,USD,11,0,96.895636,25/09/2026,11:20:12 AM,PRESTAMO,SEGUNDA PARTE,ROTC,14/12/2026,CONFIRMADA,3361806,0,08/02/2018,15/02/2048,1.677487,MINISTERIO DE HACIENDA,HACIENDA,61257
USP3579EBY25,BSRD2048,DOMINICAN REP/6.5 CHURCH BD UNSEC,11000,USD,11,6.7318,97.382818,25/09/2026,11:20:12 AM,PRESTAMO,PRIMERA PARTE,ROTC,30/09/2026,CONFIRMADA,3361806,0,08/02/2018,15/02/2048,1.677487,MINISTERIO DE HACIENDA,HACIENDA,63147
DO1002223928,NO120227,BCENTRAL/8 BOEST 20270212 GTIA,100000,DOP,10,10.2509,99.16248,25/09/2026,11:20:11 AM,CONTADO,PRIMERA PARTE,ROTC,25/09/2026,CONFIRMADA,3361705,0,12/02/2022,12/02/2027,0,BANCO CENTRAL DE LA REPUBLICA DOMINICANA,BCENTRAL,59136
USP3579EBY25,BSRD2048,DOMINICAN REP/6.5 CHURCH BD UNSEC,11000,USD,11,0,96.895636,25/09/2026,11:20:11 AM,PLAZO,PRIMERA PARTE,ROTC,14/12/2026,CONFIRMADA,3361807,0,08/02/2018,15/02/2048,0,MINISTERIO DE HACIENDA,HACIENDA,59710
DO1002261928,LE090427,BCENTRAL/ LT 20270409 GTIA,960000,DOP,96,0,97.819014,25/09/2026,11:20:10 AM,PRESTAMO,SEGUNDA PARTE,ROTC,14/12/2026,CONFIRMADA,3361809,0,09/04/2026,09/04/2027,1.689709,BANCO CENTRAL DE LA REPUBLICA DOMINICANA,BCENTRAL,56217
DO1002261928,LE090427,BCENTRAL/ LT 20270409 GTIA,960000,DOP,96,7.5142,96.166157,25/09/2026,11:20:10 AM,PRESTAMO,PRIMERA PARTE,ROTC,30/09/2026,CONFIRMADA,3361809,0,09/04/2026,09/04/2027,1.689709,BANCO CENTRAL DE LA REPUBLICA DOMINICANA,BCENTRAL,58121
DO1002223928,NO120227,BCENTRAL/8 BOEST 20270212 GTIA,100000,DOP,10,10.6973,99.20846,25/09/2026,11:20:09 AM,PRESTAMO,SEGUNDA PARTE,ROTC,26/10/2026,CONFIRMADA,3361706,0,12/02/2022,12/02/2027,1.662464,BANCO CENTRAL DE LA REPUBLICA DOMINICANA,BCENTRAL,59822
DO1002223928,NO120227,BCENTRAL/8 BOEST 20270212 GTIA,100000,DOP,10,10.2509,99.16248,25/09/2026,11:20:09 AM,PRESTAMO,PRIMERA PARTE,ROTC,25/09/2026,CONFIRMADA,3361706,0,12/02/2022,12/02/2027,1.662464,BANCO CENTRAL DE LA REPUBLICA DOMINICANA,BCENTRAL,59878
DO1002223928,NO120227,BCENTRAL/8 BOEST 20270212 GTIA,100000,DOP,10,10.6973,99.20846,25/09/2026,11:20:08 AM,PLAZO,PRIMERA PARTE,ROTC,26/10/2026,CONFIRMADA,3361707,0,12/02/2022,12/02/2027,0,BANCO CENTRAL DE LA REPUBLICA DOMINICANA,BCENTRAL,58275
DO1002261928,LE090427,BCENTRAL/ LT 20270409 GTIA,960000,DOP,96,0,97.819014,25/09/2026,11:20:08 AM,PLAZO,PRIMERA PARTE,ROTC,14/12/2026,CONFIRMADA,3361810,0,09/04/2026,09/04/2027,0,BANCO CENTRAL DE LA REPUBLICA DOMINICANA,BCENTRAL,54726
DO1002261928,LE090427,BCENTRAL/ LT 20270409 GTIA,80000,DOP,8,0,99.375825,25/09/2026,11:20:07 AM,PRESTAMO,SEGUNDA PARTE,ROTC,14/12/2026,CONFIRMADA,3361812,0,09/04/2026,09/04/2027,1.689709,BANCO CENTRAL DE LA REPUBLICA DOMINICANA,BCENTRAL,55552
DO1002261928,LE090427,BCENTRAL/ LT 20270409 GTIA,80000,DOP,8,4.4437,97.696663,25/09/2026,11:20:07 AM,PRESTAMO,PRIMERA PARTE,ROTC,30/09/2026,CONFIRMADA,3361812,0,09/04/2026,09/04/2027,1.689709,BANCO CENTRAL DE LA REPUBLICA DOMINICANA,BCENTRAL,57491
DO1002223928,NO120227,BCENTRAL/8 BOEST 20270212 GTIA,2760000,DOP,276,6.6349,100.492754,25/09/2026,11:20:06 AM,CONTADO,PRIMERA PARTE,ROTC,25/09/2026,CONFIRMADA,3361708,0,12/02/2022,12/02/2027,0,BANCO CENTRAL DE LA REPUBLICA DOMINICANA,BCENTRAL,60396
DO1002261928,LE090427,BCENTRAL/ LT 20270409 GTIA,80000,DOP,8,0,99.375825,25/09/2026,11:20:06 AM,PLAZO,PRIMERA PARTE,ROTC,14/12/2026,CONFIRMADA,3361813,0,09/04/2026,09/04/2027,0,BANCO CENTRAL DE LA REPUBLICA DOMINICANA,BCENTRAL,54005
DO1002223928,NO120227,BCENTRAL/8 BOEST 20270212 GTIA,2760000,DOP,276,-8.7838,100.990982,25/09/2026,11:20:05 AM,PRESTAMO,SEGUNDA PARTE,ROTC,22/01/2027,CONFIRMADA,3361709,0,12/02/2022,12/02/2027,3.866387,BANCO CENTRAL DE LA REPUBLICA DOMINICANA,BCENTRAL,61348
DO1002223928,NO120227,BCENTRAL/8 BOEST 20270212 GTIA,2760000,DOP,276,6.6349,100.492754,25/09/2026,11:20:05 AM,PRESTAMO,PRIMERA PARTE,ROTC,25/09/2026,CONFIRMADA,3361709,0,12/02/2022,12/02/2027,3.866387,BANCO CENTRAL DE LA REPUBLICA DOMINICANA,BCENTRAL,61082
DO1002261928,LE090427,BCENTRAL/ LT 20270409 GTIA,420000,DOP,42,0,96.696957,25/09/2026,11:20:05 AM,PRESTAMO,SEGUNDA PARTE,ROTC,30/10/2026,CONFIRMADA,3361815,0,09/04/2026,09/04/2027,0.670475,BANCO CENTRAL DE LA REPUBLICA DOMINICANA,BCENTRAL,56217
DO1002261928,LE090427,BCENTRAL/ LT 20270409 GTIA,420000,DOP,42,7.754,96.048629,25/09/2026,11:20:05 AM,PRESTAMO,PRIMERA PARTE,ROTC,30/09/2026,CONFIRMADA,3361815,0,09/04/2026,09/04/2027,0.670475,BANCO CENTRAL DE LA REPUBLICA DOMINICANA,BCENTRAL,57736
DO1002223928,NO120227,BCENTRAL/8 BOEST 20270212 GTIA,2760000,DOP,276,-8.7838,100.990982,25/09/2026,11:20:04 AM,PLAZO,PRIMERA PARTE,ROTC,22/01/2027,CONFIRMADA,3361710,0,12/02/2022,12/02/2027,0,BANCO CENTRAL DE LA REPUBLICA DOMINICANA,BCENTRAL,59801
USP3579EBV85,BSDR2027,DOMINICAN Rep/5.95 BD 20270125 Se,1000,USD,1,-86.239,149.008,25/09/2026,11:20:03 AM,CONTADO,PRIMERA PARTE,ROTC,25/09/2026,CONFIRMADA,3361711,0,25/01/2017,25/01/2027,0,MINISTERIO DE HACIENDA,HACIENDA,60452
DO1002261928,LE090427,BCENTRAL/ LT 20270409 GTIA,420000,DOP,42,0,96.696957,25/09/2026,11:20:03 AM,PLAZO,PRIMERA PARTE,ROTC,30/10/2026,CONFIRMADA,3361816,0,09/04/2026,09/04/2027,0,BANCO CENTRAL DE LA REPUBLICA DOMINICANA,BCENTRAL,54663
USP3579EBV85,BSDR2027,DOMINICAN Rep/5.95 BD 20270125 Se,1000,USD,1,-100,148.7,25/09/2026,11:20:02 AM,PRESTAMO,SEGUNDA PARTE,ROTC,24/12/2026,CONFIRMADA,3361712,0,25/01/2017,25/01/2027,1.425613,MINISTERIO DE HACIENDA,HACIENDA,59157
USP3579EBV85,BSDR2027,DOMINICAN Rep/5.95 BD 20270125 Se,1000,USD,1,-86.239,149.008,25/09/2026,11:20:02 AM,PRESTAMO,PRIMERA PARTE,ROTC,25/09/2026,CONFIRMADA,3361712,0,25/01/2017,25/01/2027,1.425613,MINISTERIO DE HACIENDA,HACIENDA,61138
USP3579ECE51,BSRD2049,"DOMINICAN, REP /6.4 BD 20490605",12000,USD,12,5.9534,105.5015,25/09/2026,11:20:02 AM,PRESTAMO,SEGUNDA PARTE,ROTC,28/10/2026,CONFIRMADA,3361818,0,05/06/2019,05/06/2049,2.175045,MINISTERIO DE HACIENDA,HACIENDA,59801
USP3579ECE51,BSRD2049,"DOMINICAN, REP /6.4 BD 20490605",12000,USD,12,5.939,105.69375,25/09/2026,11:20:02 AM,PRESTAMO,PRIMERA PARTE,ROTC,28/09/2026,CONFIRMADA,3361818,0,05/06/2019,05/06/2049,2.175045,MINISTERIO DE HACIENDA,HACIENDA,60053
USP3579ECE51,BSRD2049,"DOMINICAN, REP /6.4 BD 20490605",12000,USD,12,5.9534,105.5015,25/09/2026,11:20:01 AM,PLAZO,PRIMERA PARTE,ROTC,28/10/2026,CONFIRMADA,3361819,0,05/06/2019,05/06/2049,0,MINISTERIO DE HACIENDA,HACIENDA,58254
USP3579EBV85,BSDR2027,DOMINICAN Rep/5.95 BD 20270125 Se,1000,USD,1,-100,148.7,25/09/2026,11:20:00 AM,PLAZO,PRIMERA PARTE,ROTC,24/12/2026,CONFIRMADA,3361713,0,25/01/2017,25/01/2027,0,MINISTERIO DE HACIENDA,HACIENDA,57603
DO1002261928,LE090427,BCENTRAL/ LT 20270409 GTIA,570000,DOP,57,0.9343,99.888523,25/09/2026,11:20:00 AM,PRESTAMO,SEGUNDA PARTE,ROTC,25/02/2027,CONFIRMADA,3361921,0,09/04/2026,09/04/2027,3.401086,BANCO CENTRAL DE LA REPUBLICA DOMINICANA,BCENTRAL,58072
DO1002261928,LE090427,BCENTRAL/ LT 20270409 GTIA,570000,DOP,57,6.7829,96.491228,25/09/2026,11:20:00 AM,PRESTAMO,PRIMERA PARTE,ROTC,28/09/2026,CONFIRMADA,3361921,0,09/04/2026,09/04/2027,3.401086,BANCO CENTRAL DE LA REPUBLICA DOMINICANA,BCENTRAL,58212
DO2022700713,BC1HIT07,HIT/8.05 BO 20340528,528,USD,528,6.99317597,106.18,25/09/2026,11:19:59 AM,CONTADO,PRIMERA PARTE,ROTC,25/09/2026,CONFIRMADA,3361714,0,28/05/2024,28/05/2034,0,HAINA INVESTMENT CO. LTD.,HIT,54313
DO1002261928,LE090427,BCENTRAL/ LT 20270409 GTIA,570000,DOP,57,0.9343,99.888523,25/09/2026,11:19:58 AM,PLAZO,PRIMERA PARTE,ROTC,25/02/2027,CONFIRMADA,3361922,0,09/04/2026,09/04/2027,0,BANCO CENTRAL DE LA REPUBLICA DOMINICANA,BCENTRAL,56679
DO1002227317,NO150928,BCENTRAL/11 BOEST 20280915 GTIA,1870000,DOP,187,9.2265,103.126372,25/09/2026,11:19:57 AM,CONTADO,PRIMERA PARTE,ROTC,25/09/2026,CONFIRMADA,3361715,0,15/09/2023,15/09/2028,0,BANCO CENTRAL DE LA REPUBLICA DOMINICANA,BCENTRAL,60851
DO1002261928,LE090427,BCENTRAL/ LT 20270409 GTIA,220000,DOP,22,0,97.345173,25/09/2026,11:19:57 AM,PRESTAMO,SEGUNDA PARTE,ROTC,28/10/2026,CONFIRMADA,3361924,0,09/04/2026,09/04/2027,0.670473,BANCO CENTRAL DE LA REPUBLICA DOMINICANA,BCENTRAL,56217
DO1002261928,LE090427,BCENTRAL/ LT 20270409 GTIA,220000,DOP,22,6.3805,96.6925,25/09/2026,11:19:57 AM,PRESTAMO,PRIMERA PARTE,ROTC,28/09/2026,CONFIRMADA,3361924,0,09/04/2026,09/04/2027,0.670473,BANCO CENTRAL DE LA REPUBLICA DOMINICANA,BCENTRAL,57470
DO1002227317,NO150928,BCENTRAL/11 BOEST 20280915 GTIA,1870000,DOP,187,9.2718,102.785667,25/09/2026,11:19:56 AM,PRESTAMO,SEGUNDA PARTE,ROTC,24/11/2026,CONFIRMADA,3361717,0,15/09/2023,15/09/2028,1.702717,BANCO CENTRAL DE LA REPUBLICA DOMINICANA,BCENTRAL,61558
DO1002227317,NO150928,BCENTRAL/11 BOEST 20280915 GTIA,1870000,DOP,187,9.2265,103.126372,25/09/2026,11:19:56 AM,PRESTAMO,PRIMERA PARTE,ROTC,25/09/2026,CONFIRMADA,3361717,0,15/09/2023,15/09/2028,1.702717,BANCO CENTRAL DE LA REPUBLICA DOMINICANA,BCENTRAL,61537
DO1002261928,LE090427,BCENTRAL/ LT 20270409 GTIA,220000,DOP,22,0,97.345173,25/09/2026,11:19:56 AM,PLAZO,PRIMERA PARTE,ROTC,28/10/2026,CONFIRMADA,3361925,0,09/04/2026,09/04/2027,0,BANCO CENTRAL DE LA REPUBLICA DOMINICANA,BCENTRAL,54670
DO1002227317,NO150928,BCENTRAL/11 BOEST 20280915 GTIA,1870000,DOP,187,9.2718,102.785667,25/09/2026,11:19:55 AM,PLAZO,PRIMERA PARTE,ROTC,24/11/2026,CONFIRMADA,3361718,0,15/09/2023,15/09/2028,0,BANCO CENTRAL DE LA REPUBLICA DOMINICANA,BCENTRAL,60011
DO1002261928,LE090427,BCENTRAL/ LT 20270409 GTIA,130000,DOP,13,13.7922,95.991431,25/09/2026,11:19:55 AM,PRESTAMO,SEGUNDA PARTE,ROTC,21/12/2026,CONFIRMADA,3361927,0,09/04/2026,09/04/2027,1.954774,BANCO CENTRAL DE LA REPUBLICA DOMINICANA,BCENTRAL,58352
DO1002261928,LE090427,BCENTRAL/ LT 20270409 GTIA,130000,DOP,13,11.485,94.115015,25/09/2026,11:19:55 AM,PRESTAMO,PRIMERA PARTE,ROTC,25/09/2026,CONFIRMADA,3361927,0,09/04/2026,09/04/2027,1.954774,BANCO CENTRAL DE LA REPUBLICA DOMINICANA,BCENTRAL,58009
DO1002261928,LE090427,BCENTRAL/ LT 20270409 GTIA,130000,DOP,13,13.7922,95.991431,25/09/2026,11:19:54 AM,PLAZO,PRIMERA PARTE,ROTC,21/12/2026,CONFIRMADA,3361928,0,09/04/2026,09/04/2027,0,BANCO CENTRAL DE LA REPUBLICA DOMINICANA,BCENTRAL,56805
USP3579ECP09,BSRD2029, ,190000,USD,190,7.7053,95.2279,25/09/2026,11:19:53 AM,CONTADO,PRIMERA PARTE,ROTC,25/09/2026,CONFIRMADA,3361719,0,22/02/2022,22/02/2029,0,MINISTERIO DE HACIENDA,HACIENDA,47509
DO1002261928,LE090427,BCENTRAL/ LT 20270409 GTIA,160000,DOP,16,0,99.711088,25/09/2026,11:19:53 AM,PRESTAMO,SEGUNDA PARTE,ROTC,14/12/2026,CONFIRMADA,3361931,0,09/04/2026,09/04/2027,1.711852,BANCO CENTRAL DE LA REPUBLICA DOMINICANA,BCENTRAL,56238
DO1002261928,LE090427,BCENTRAL/ LT 20270409 GTIA,160000,DOP,16,3.8184,98.004181,25/09/2026,11:19:53 AM,PRESTAMO,PRIMERA PARTE,ROTC,29/09/2026,CONFIRMADA,3361931,0,09/04/2026,09/04/2027,1.711852,BANCO CENTRAL DE LA REPUBLICA DOMINICANA,BCENTRAL,58135
USP3579ECP09,BSRD2029, ,190000,USD,190,8.2717,94.805821,25/09/2026,11:19:52 AM,PRESTAMO,SEGUNDA PARTE,ROTC,25/01/2027,CONFIRMADA,3361720,0,22/02/2022,22/02/2029,1.971748,MINISTERIO DE HACIENDA,HACIENDA,48797
USP3579ECP09,BSRD2029, ,190000,USD,190,7.7053,95.2279,25/09/2026,11:19:52 AM,PRESTAMO,PRIMERA PARTE,ROTC,25/09/2026,CONFIRMADA,3361720,0,22/02/2022,22/02/2029,1.971748,MINISTERIO DE HACIENDA,HACIENDA,48195
DO1002261423,NO301129,BCENTRAL/9.5 BOEST 20291130 GTIA,400000,DOP,40,9.8607241,99.086972,25/09/2026,11:19:52 AM,PRESTAMO,SEGUNDA PARTE,ROTC,24/12/2026,CONFIRMADA,3362151,0,30/11/2025,30/11/2029,6.9,BANCO CENTRAL DE LA REPUBLICA DOMINICANA,BCENTRAL,61747
DO1002261423,NO301129,BCENTRAL/9.5 BOEST 20291130 GTIA,400000,DOP,40,9.62113242,99.649117,25/09/2026,11:19:52 AM,PRESTAMO,PRIMERA PARTE,ROTC,25/09/2026,CONFIRMADA,3362151,0,30/11/2025,30/11/2029,6.9,BANCO CENTRAL DE LA REPUBLICA DOMINICANA,BCENTRAL,62118
USP3579ECP09,BSRD2029, ,190000,USD,190,8.2717,94.805821,25/09/2026,11:19:51 AM,PLAZO,PRIMERA PARTE,ROTC,25/01/2027,CONFIRMADA,3361721,0,22/02/2022,22/02/2029,0,MINISTERIO DE HACIENDA,HACIENDA,47250
DO1002261928,LE090427,BCENTRAL/ LT 20270409 GTIA,160000,DOP,16,0,99.711088,25/09/2026,11:19:51 AM,PLAZO,PRIMERA PARTE,ROTC,14/12/2026,CONFIRMADA,3361932,0,09/04/2026,09/04/2027,0,BANCO CENTRAL DE LA REPUBLICA DOMINICANA,BCENTRAL,54684
DO1002261928,LE090427,BCENTRAL/ LT 20270409 GTIA,50000,DOP,5,-28.475,106.03898,25/09/2026,11:19:50 AM,PRESTAMO,SEGUNDA PARTE,ROTC,27/01/2027,CONFIRMADA,3361936,0,09/04/2026,09/04/2027,2.707948,BANCO CENTRAL DE LA REPUBLICA DOMINICANA,BCENTRAL,57645
DO1002261928,LE090427,BCENTRAL/ LT 20270409 GTIA,50000,DOP,5,-5.7567,103.1675,25/09/2026,11:19:50 AM,PRESTAMO,PRIMERA PARTE,ROTC,29/09/2026,CONFIRMADA,3361936,0,09/04/2026,09/04/2027,2.707948,BANCO CENTRAL DE LA REPUBLICA DOMINICANA,BCENTRAL,57379
DO1002261423,NO301129,BCENTRAL/9.5 BOEST 20291130 GTIA,400000,DOP,40,9.8607241,99.086972,25/09/2026,11:19:50 AM,ESTRUCTURADA,SEGUNDA PARTE,ROTC,24/12/2026,CONFIRMADA,3362135,0,30/11/2025,30/11/2029,6.9,BANCO CENTRAL DE LA REPUBLICA DOMINICANA,BCENTRAL,63833
DO1002261423,NO301129,BCENTRAL/9.5 BOEST 20291130 GTIA,400000,DOP,40,9.62113242,99.649117,25/09/2026,11:19:50 AM,ESTRUCTURADA,PRIMERA PARTE,ROTC,25/09/2026,CONFIRMADA,3362135,0,30/11/2025,30/11/2029,6.9,BANCO CENTRAL DE LA REPUBLICA DOMINICANA,BCENTRAL,64204
DO1002227317,NO150928,BCENTRAL/11 BOEST 20280915 GTIA,130000,DOP,13,8.7315,104.024108,25/09/2026,11:19:49 AM,CONTADO,PRIMERA PARTE,ROTC,25/09/2026,CONFIRMADA,3361722,0,15/09/2023,15/09/2028,0,BANCO CENTRAL DE LA REPUBLICA DOMINICANA,BCENTRAL,59983
DO1002261928,LE090427,BCENTRAL/ LT 20270409 GTIA,50000,DOP,5,-28.475,106.03898,25/09/2026,11:19:49 AM,PLAZO,PRIMERA PARTE,ROTC,27/01/2027,CONFIRMADA,3361937,0,09/04/2026,09/04/2027,0,BANCO CENTRAL DE LA REPUBLICA DOMINICANA,BCENTRAL,56161
DO1002261423,NO301129,BCENTRAL/9.5 BOEST 20291130 GTIA,860000,DOP,86,9.58177556,99.768157,25/09/2026,11:19:49 AM,PRESTAMO,SEGUNDA PARTE,ROTC,26/10/2026,CONFIRMADA,3362150,0,30/11/2025,30/11/2029,7.45,BANCO CENTRAL DE LA REPUBLICA DOMINICANA,BCENTRAL,62391
DO1002261423,NO301129,BCENTRAL/9.5 BOEST 20291130 GTIA,860000,DOP,86,9.52476234,99.90795,25/09/2026,11:19:49 AM,PRESTAMO,PRIMERA PARTE,ROTC,25/09/2026,CONFIRMADA,3362150,0,30/11/2025,30/11/2029,7.45,BANCO CENTRAL DE LA REPUBLICA DOMINICANA,BCENTRAL,62062
DO1002224223,NO260227,BCENTRAL/8 BOEST 20270226 GTIA,590000,DOP,59,9.38969043,99.43,25/09/2026,11:19:48 AM,CONTADO,PRIMERA PARTE,ROTC,25/09/2026,CONFIRMADA,3361723,0,26/02/2022,26/02/2027,0,BANCO CENTRAL DE LA REPUBLICA DOMINICANA,BCENTRAL,59577
DO1002261423,NO301129,BCENTRAL/9.5 BOEST 20291130 GTIA,860000,DOP,86,9.58177556,99.768157,25/09/2026,11:19:48 AM,ESTRUCTURADA,SEGUNDA PARTE,ROTC,26/10/2026,CONFIRMADA,3362136,0,30/11/2025,30/11/2029,7.45,BANCO CENTRAL DE LA REPUBLICA DOMINICANA,BCENTRAL,64484
DO1002261423,NO301129,BCENTRAL/9.5 BOEST 20291130 GTIA,860000,DOP,86,9.52476234,99.90795,25/09/2026,11:19:48 AM,ESTRUCTURADA,PRIMERA PARTE,ROTC,25/09/2026,CONFIRMADA,3362136,0,30/11/2025,30/11/2029,7.45,BANCO CENTRAL DE LA REPUBLICA DOMINICANA,BCENTRAL,64155
DO1002223928,NO120227,BCENTRAL/8 BOEST 20270212 GTIA,2270000,DOP,227,6.9773,100.365064,25/09/2026,11:19:47 AM,CONTADO,PRIMERA PARTE,ROTC,25/09/2026,CONFIRMADA,3361724,0,12/02/2022,12/02/2027,0,BANCO CENTRAL DE LA REPUBLICA DOMINICANA,BCENTRAL,60410
DO1002223928,NO120227,BCENTRAL/8 BOEST 20270212 GTIA,2270000,DOP,227,3.1209,100.650282,25/09/2026,11:19:45 AM,PRESTAMO,SEGUNDA PARTE,ROTC,24/12/2026,CONFIRMADA,3361725,0,12/02/2022,12/02/2027,3.088218,BANCO CENTRAL DE LA REPUBLICA DOMINICANA,BCENTRAL,60851
DO1002223928,NO120227,BCENTRAL/8 BOEST 20270212 GTIA,2270000,DOP,227,6.9773,100.365064,25/09/2026,11:19:45 AM,PRESTAMO,PRIMERA PARTE,ROTC,25/09/2026,CONFIRMADA,3361725,0,12/02/2022,12/02/2027,3.088218,BANCO CENTRAL DE LA REPUBLICA DOMINICANA,BCENTRAL,61089
DO1002223928,NO120227,BCENTRAL/8 BOEST 20270212 GTIA,2270000,DOP,227,3.1209,100.650282,25/09/2026,11:19:44 AM,PLAZO,PRIMERA PARTE,ROTC,24/12/2026,CONFIRMADA,3361726,0,12/02/2022,12/02/2027,0,BANCO CENTRAL DE LA REPUBLICA DOMINICANA,BCENTRAL,59304
DO1002227317,NO150928,BCENTRAL/11 BOEST 20280915 GTIA,130000,DOP,13,8.7921,103.742431,25/09/2026,11:19:43 AM,PRESTAMO,SEGUNDA PARTE,ROTC,26/10/2026,CONFIRMADA,3361727,0,15/09/2023,15/09/2028,0.918366,BANCO CENTRAL DE LA REPUBLICA DOMINICANA,BCENTRAL,60578
DO1002227317,NO150928,BCENTRAL/11 BOEST 20280915 GTIA,130000,DOP,13,8.7315,104.024108,25/09/2026,11:19:43 AM,PRESTAMO,PRIMERA PARTE,ROTC,25/09/2026,CONFIRMADA,3361727,0,15/09/2023,15/09/2028,0.918366,BANCO CENTRAL DE LA REPUBLICA DOMINICANA,BCENTRAL,60634
DO1002227317,NO150928,BCENTRAL/11 BOEST 20280915 GTIA,130000,DOP,13,8.7921,103.742431,25/09/2026,11:19:41 AM,PLAZO,PRIMERA PARTE,ROTC,26/10/2026,CONFIRMADA,3361728,0,15/09/2023,15/09/2028,0,BANCO CENTRAL DE LA REPUBLICA DOMINICANA,BCENTRAL,59024
DO1002223928,NO120227,BCENTRAL/8 BOEST 20270212 GTIA,1580000,DOP,158,7.1271,100.309301,25/09/2026,11:19:40 AM,CONTADO,PRIMERA PARTE,ROTC,25/09/2026,CONFIRMADA,3361729,0,12/02/2022,12/02/2027,0,BANCO CENTRAL DE LA REPUBLICA DOMINICANA,BCENTRAL,60249
DO1002223928,NO120227,BCENTRAL/8 BOEST 20270212 GTIA,1580000,DOP,158,6.6851,100.363517,25/09/2026,11:19:39 AM,PRESTAMO,SEGUNDA PARTE,ROTC,26/10/2026,CONFIRMADA,3361730,0,12/02/2022,12/02/2027,1.651716,BANCO CENTRAL DE LA REPUBLICA DOMINICANA,BCENTRAL,61005
DO1002223928,NO120227,BCENTRAL/8 BOEST 20270212 GTIA,1580000,DOP,158,7.1271,100.309301,25/09/2026,11:19:39 AM,PRESTAMO,PRIMERA PARTE,ROTC,25/09/2026,CONFIRMADA,3361730,0,12/02/2022,12/02/2027,1.651716,BANCO CENTRAL DE LA REPUBLICA DOMINICANA,BCENTRAL,60998
DO1002223928,NO120227,BCENTRAL/8 BOEST 20270212 GTIA,1580000,DOP,158,6.6851,100.363517,25/09/2026,11:19:37 AM,PLAZO,PRIMERA PARTE,ROTC,26/10/2026,CONFIRMADA,3361731,0,12/02/2022,12/02/2027,0,BANCO CENTRAL DE LA REPUBLICA DOMINICANA,BCENTRAL,59451
USP3579EBV85,BSDR2027,DOMINICAN Rep/5.95 BD 20270125 Se,15000,USD,15,8.9911,99.008333,25/09/2026,11:19:36 AM,CONTADO,PRIMERA PARTE,ROTC,25/09/2026,CONFIRMADA,3361732,0,25/01/2017,25/01/2027,0,MINISTERIO DE HACIENDA,HACIENDA,61740
USP3579EBV85,BSDR2027,DOMINICAN Rep/5.95 BD 20270125 Se,15000,USD,15,10.8923,98.806,25/09/2026,11:19:35 AM,PRESTAMO,SEGUNDA PARTE,ROTC,26/10/2026,CONFIRMADA,3361733,0,25/01/2017,25/01/2027,1.297644,MINISTERIO DE HACIENDA,HACIENDA,61579
USP3579EBV85,BSDR2027,DOMINICAN Rep/5.95 BD 20270125 Se,15000,USD,15,8.9911,99.008333,25/09/2026,11:19:35 AM,PRESTAMO,PRIMERA PARTE,ROTC,25/09/2026,CONFIRMADA,3361733,0,25/01/2017,25/01/2027,1.297644,MINISTERIO DE HACIENDA,HACIENDA,62426
USP3579EBV85,BSDR2027,DOMINICAN Rep/5.95 BD 20270125 Se,15000,USD,15,10.8923,98.806,25/09/2026,11:19:33 AM,PLAZO,PRIMERA PARTE,ROTC,26/10/2026,CONFIRMADA,3361734,0,25/01/2017,25/01/2027,0,MINISTERIO DE HACIENDA,HACIENDA,60025
DO1002227317,NO150928,BCENTRAL/11 BOEST 20280915 GTIA,60000,DOP,6,8.4447,104.548917,25/09/2026,11:19:32 AM,CONTADO,PRIMERA PARTE,ROTC,25/09/2026,CONFIRMADA,3361735,0,15/09/2023,15/09/2028,0,BANCO CENTRAL DE LA REPUBLICA DOMINICANA,BCENTRAL,59437
DO1002227317,NO150928,BCENTRAL/11 BOEST 20280915 GTIA,60000,DOP,6,8.4119,104.2286,25/09/2026,11:19:31 AM,PRESTAMO,SEGUNDA PARTE,ROTC,24/11/2026,CONFIRMADA,3361736,0,15/09/2023,15/09/2028,1.698781,BANCO CENTRAL DE LA REPUBLICA DOMINICANA,BCENTRAL,59192
DO1002227317,NO150928,BCENTRAL/11 BOEST 20280915 GTIA,60000,DOP,6,8.4447,104.548917,25/09/2026,11:19:31 AM,PRESTAMO,PRIMERA PARTE,ROTC,25/09/2026,CONFIRMADA,3361736,0,15/09/2023,15/09/2028,1.698781,BANCO CENTRAL DE LA REPUBLICA DOMINICANA,BCENTRAL,60123
DO1002227317,NO150928,BCENTRAL/11 BOEST 20280915 GTIA,60000,DOP,6,8.4119,104.2286,25/09/2026,11:19:29 AM,PLAZO,PRIMERA PARTE,ROTC,24/11/2026,CONFIRMADA,3361737,0,15/09/2023,15/09/2028,0,BANCO CENTRAL DE LA REPUBLICA DOMINICANA,BCENTRAL,57701
DO1002227317,NO150928,BCENTRAL/11 BOEST 20280915 GTIA,130000,DOP,13,6.9253,107.388438,25/09/2026,11:19:28 AM,CONTADO,PRIMERA PARTE,ROTC,25/09/2026,CONFIRMADA,3361738,0,15/09/2023,15/09/2028,0,BANCO CENTRAL DE LA REPUBLICA DOMINICANA,BCENTRAL,60123
DO1002227317,NO150928,BCENTRAL/11 BOEST 20280915 GTIA,130000,DOP,13,6.8461,107.220792,25/09/2026,11:19:26 AM,PRESTAMO,SEGUNDA PARTE,ROTC,26/10/2026,CONFIRMADA,3361739,0,15/09/2023,15/09/2028,0.994045,BANCO CENTRAL DE LA REPUBLICA DOMINICANA,BCENTRAL,60606
DO1002227317,NO150928,BCENTRAL/11 BOEST 20280915 GTIA,130000,DOP,13,6.9253,107.388438,25/09/2026,11:19:26 AM,PRESTAMO,PRIMERA PARTE,ROTC,25/09/2026,CONFIRMADA,3361739,0,15/09/2023,15/09/2028,0.994045,BANCO CENTRAL DE LA REPUBLICA DOMINICANA,BCENTRAL,60802
DO1002228612,NO031227,BCENTRAL/8 BOEST 20271203 GTIA,1970000,DOP,197,8.1875,99.772819,25/09/2026,11:19:25 AM,CONTADO,PRIMERA PARTE,ROTC,25/09/2026,CONFIRMADA,3361740,0,03/12/2024,03/12/2027,0,BANCO CENTRAL DE LA REPUBLICA DOMINICANA,BCENTRAL,60277
DO1002228612,NO031227,BCENTRAL/8 BOEST 20271203 GTIA,1970000,DOP,197,8.1509,99.830535,25/09/2026,11:19:24 AM,PRESTAMO,SEGUNDA PARTE,ROTC,26/10/2026,CONFIRMADA,3361741,0,03/12/2024,03/12/2027,3.133123,BANCO CENTRAL DE LA REPUBLICA DOMINICANA,BCENTRAL,60739
DO1002228612,NO031227,BCENTRAL/8 BOEST 20271203 GTIA,1970000,DOP,197,8.1875,99.772819,25/09/2026,11:19:24 AM,PRESTAMO,PRIMERA PARTE,ROTC,25/09/2026,CONFIRMADA,3361741,0,03/12/2024,03/12/2027,3.133123,BANCO CENTRAL DE LA REPUBLICA DOMINICANA,BCENTRAL,60963
DO1002228612,NO031227,BCENTRAL/8 BOEST 20271203 GTIA,1970000,DOP,197,8.1509,99.830535,25/09/2026,11:19:22 AM,PLAZO,PRIMERA PARTE,ROTC,26/10/2026,CONFIRMADA,3361742,0,03/12/2024,03/12/2027,0,BANCO CENTRAL DE LA REPUBLICA DOMINICANA,BCENTRAL,59185
DO1002228612,NO031227,BCENTRAL/8 BOEST 20271203 GTIA,5800000,DOP,580,7.1317,100.956473,25/09/2026,11:19:21 AM,CONTADO,PRIMERA PARTE,ROTC,25/09/2026,CONFIRMADA,3361743,0,03/12/2024,03/12/2027,0,BANCO CENTRAL DE LA REPUBLICA DOMINICANA,BCENTRAL,60340
DO1002228612,NO031227,BCENTRAL/8 BOEST 20271203 GTIA,5800000,DOP,580,-0.2121,101.076635,25/09/2026,11:19:20 AM,PRESTAMO,SEGUNDA PARTE,ROTC,23/10/2026,CONFIRMADA,3361744,0,03/12/2024,03/12/2027,3.094618,BANCO CENTRAL DE LA REPUBLICA DOMINICANA,BCENTRAL,61075
DO1002228612,NO031227,BCENTRAL/8 BOEST 20271203 GTIA,5800000,DOP,580,7.1317,100.956473,25/09/2026,11:19:20 AM,PRESTAMO,PRIMERA PARTE,ROTC,25/09/2026,CONFIRMADA,3361744,0,03/12/2024,03/12/2027,3.094618,BANCO CENTRAL DE LA REPUBLICA DOMINICANA,BCENTRAL,61026
DO1002228612,NO031227,BCENTRAL/8 BOEST 20271203 GTIA,5800000,DOP,580,-0.2121,101.076635,25/09/2026,11:19:18 AM,PLAZO,PRIMERA PARTE,ROTC,23/10/2026,CONFIRMADA,3361745,0,03/12/2024,03/12/2027,0,BANCO CENTRAL DE LA REPUBLICA DOMINICANA,BCENTRAL,59584
DO1002223928,NO120227,BCENTRAL/8 BOEST 20270212 GTIA,50000,DOP,5,21.6606,95.21668,25/09/2026,11:19:17 AM,CONTADO,PRIMERA PARTE,ROTC,25/09/2026,CONFIRMADA,3361746,0,12/02/2022,12/02/2027,0,BANCO CENTRAL DE LA REPUBLICA DOMINICANA,BCENTRAL,58632
DO1002223928,NO120227,BCENTRAL/8 BOEST 20270212 GTIA,50000,DOP,5,25.495,95.23428,25/09/2026,11:19:16 AM,PRESTAMO,SEGUNDA PARTE,ROTC,26/10/2026,CONFIRMADA,3361747,0,12/02/2022,12/02/2027,1.701383,BANCO CENTRAL DE LA REPUBLICA DOMINICANA,BCENTRAL,58870
DO1002223928,NO120227,BCENTRAL/8 BOEST 20270212 GTIA,50000,DOP,5,21.6606,95.21668,25/09/2026,11:19:16 AM,PRESTAMO,PRIMERA PARTE,ROTC,25/09/2026,CONFIRMADA,3361747,0,12/02/2022,12/02/2027,1.701383,BANCO CENTRAL DE LA REPUBLICA DOMINICANA,BCENTRAL,59318
DO1002227317,NO150928,BCENTRAL/11 BOEST 20280915 GTIA,130000,DOP,13,6.8461,107.220792,25/09/2026,11:19:14 AM,PLAZO,PRIMERA PARTE,ROTC,26/10/2026,CONFIRMADA,3361748,0,15/09/2023,15/09/2028,0,BANCO CENTRAL DE LA REPUBLICA DOMINICANA,BCENTRAL,59045
DO1002227317,NO150928,BCENTRAL/11 BOEST 20280915 GTIA,550000,DOP,55,8.7709,103.952304,25/09/2026,11:19:13 AM,CONTADO,PRIMERA PARTE,ROTC,25/09/2026,CONFIRMADA,3361749,0,15/09/2023,15/09/2028,0,BANCO CENTRAL DE LA REPUBLICA DOMINICANA,BCENTRAL,60102
DO1002227317,NO150928,BCENTRAL/11 BOEST 20280915 GTIA,550000,DOP,55,8.7706,103.623436,25/09/2026,11:19:12 AM,PRESTAMO,SEGUNDA PARTE,ROTC,24/11/2026,CONFIRMADA,3361750,0,15/09/2023,15/09/2028,1.700422,BANCO CENTRAL DE LA REPUBLICA DOMINICANA,BCENTRAL,60655
DO1002227317,NO150928,BCENTRAL/11 BOEST 20280915 GTIA,550000,DOP,55,8.7709,103.952304,25/09/2026,11:19:12 AM,PRESTAMO,PRIMERA PARTE,ROTC,25/09/2026,CONFIRMADA,3361750,0,15/09/2023,15/09/2028,1.700422,BANCO CENTRAL DE LA REPUBLICA DOMINICANA,BCENTRAL,60788
DO1002227317,NO150928,BCENTRAL/11 BOEST 20280915 GTIA,550000,DOP,55,8.7706,103.623436,25/09/2026,11:19:10 AM,PLAZO,PRIMERA PARTE,ROTC,24/11/2026,CONFIRMADA,3361751,0,15/09/2023,15/09/2028,0,BANCO CENTRAL DE LA REPUBLICA DOMINICANA,BCENTRAL,59101
DO1002223928,NO120227,BCENTRAL/8 BOEST 20270212 GTIA,50000,DOP,5,25.495,95.23428,25/09/2026,11:19:09 AM,PLAZO,PRIMERA PARTE,ROTC,26/10/2026,CONFIRMADA,3361752,0,12/02/2022,12/02/2027,0,BANCO CENTRAL DE LA REPUBLICA DOMINICANA,BCENTRAL,57344
DO1002228612,NO031227,BCENTRAL/8 BOEST 20271203 GTIA,2830000,DOP,283,8.0135,99.966489,25/09/2026,11:19:08 AM,CONTADO,PRIMERA PARTE,ROTC,25/09/2026,CONFIRMADA,3361753,0,03/12/2024,03/12/2027,0,BANCO CENTRAL DE LA REPUBLICA DOMINICANA,BCENTRAL,60200
DO1002228612,NO031227,BCENTRAL/8 BOEST 20271203 GTIA,2830000,DOP,283,-11.643,100.314837,25/09/2026,11:19:06 AM,PRESTAMO,SEGUNDA PARTE,ROTC,02/12/2026,CONFIRMADA,3361754,0,03/12/2024,03/12/2027,4.1484,BANCO CENTRAL DE LA REPUBLICA DOMINICANA,BCENTRAL,61145
DO1002228612,NO031227,BCENTRAL/8 BOEST 20271203 GTIA,2830000,DOP,283,8.0135,99.966489,25/09/2026,11:19:06 AM,PRESTAMO,PRIMERA PARTE,ROTC,25/09/2026,CONFIRMADA,3361754,0,03/12/2024,03/12/2027,4.1484,BANCO CENTRAL DE LA REPUBLICA DOMINICANA,BCENTRAL,60879
DO1002228612,NO031227,BCENTRAL/8 BOEST 20271203 GTIA,2830000,DOP,283,-11.643,100.314837,25/09/2026,11:19:05 AM,PLAZO,PRIMERA PARTE,ROTC,02/12/2026,CONFIRMADA,3361755,0,03/12/2024,03/12/2027,0,BANCO CENTRAL DE LA REPUBLICA DOMINICANA,BCENTRAL,59598
USP3579EBV85,BSDR2027,DOMINICAN Rep/5.95 BD 20270125 Se,11000,USD,11,13.7945,97.504818,25/09/2026,11:19:04 AM,CONTADO,PRIMERA PARTE,ROTC,25/09/2026,CONFIRMADA,3361756,0,25/01/2017,25/01/2027,0,MINISTERIO DE HACIENDA,HACIENDA,62041
USP3579EBV85,BSDR2027,DOMINICAN Rep/5.95 BD 20270125 Se,11000,USD,11,17.4539,97.297818,25/09/2026,11:19:02 AM,PRESTAMO,SEGUNDA PARTE,ROTC,26/10/2026,CONFIRMADA,3361757,0,25/01/2017,25/01/2027,1.312729,MINISTERIO DE HACIENDA,HACIENDA,62671
USP3579EBV85,BSDR2027,DOMINICAN Rep/5.95 BD 20270125 Se,11000,USD,11,13.7945,97.504818,25/09/2026,11:19:02 AM,PRESTAMO,PRIMERA PARTE,ROTC,25/09/2026,CONFIRMADA,3361757,0,25/01/2017,25/01/2027,1.312729,MINISTERIO DE HACIENDA,HACIENDA,62720
USP3579EBV85,BSDR2027,DOMINICAN Rep/5.95 BD 20270125 Se,11000,USD,11,17.4539,97.297818,25/09/2026,11:19:01 AM,PLAZO,PRIMERA PARTE,ROTC,26/10/2026,CONFIRMADA,3361758,0,25/01/2017,25/01/2027,0,MINISTERIO DE HACIENDA,HACIENDA,61124
DO1002223928,NO120227,BCENTRAL/8 BOEST 20270212 GTIA,1490000,DOP,149,7.4205,100.195187,25/09/2026,11:19:00 AM,CONTADO,PRIMERA PARTE,ROTC,28/09/2026,CONFIRMADA,3361759,0,12/02/2022,12/02/2027,0,BANCO CENTRAL DE LA REPUBLICA DOMINICANA,BCENTRAL,60347
DO1005206516,MH32028,HACIENDA/10.75 BOEST 20280811 GTIA,2000000,DOP,20,10.4061,100.538298,25/09/2026,11:19:00 AM,PRESTAMO,SEGUNDA PARTE,ROTC,26/10/2026,CONFIRMADA,3362149,0,10/08/2018,11/08/2028,8.49,MINISTERIO DE HACIENDA,HACIENDA,61516
DO1005206516,MH32028,HACIENDA/10.75 BOEST 20280811 GTIA,2000000,DOP,20,10.3293,100.705168,25/09/2026,11:19:00 AM,PRESTAMO,PRIMERA PARTE,ROTC,25/09/2026,CONFIRMADA,3362149,0,10/08/2018,11/08/2028,8.49,MINISTERIO DE HACIENDA,HACIENDA,61614
DO1005206516,MH32028,HACIENDA/10.75 BOEST 20280811 GTIA,2000000,DOP,20,10.4061,100.538298,25/09/2026,11:18:59 AM,ESTRUCTURADA,SEGUNDA PARTE,ROTC,26/10/2026,CONFIRMADA,3361991,0,10/08/2018,11/08/2028,8.49,MINISTERIO DE HACIENDA,HACIENDA,63707
DO1005206516,MH32028,HACIENDA/10.75 BOEST 20280811 GTIA,2000000,DOP,20,10.3293,100.705168,25/09/2026,11:18:59 AM,ESTRUCTURADA,PRIMERA PARTE,ROTC,25/09/2026,CONFIRMADA,3361991,0,10/08/2018,11/08/2028,8.49,MINISTERIO DE HACIENDA,HACIENDA,63805
DO1002223928,NO120227,BCENTRAL/8 BOEST 20270212 GTIA,1490000,DOP,149,-5.8809,100.656737,25/09/2026,11:18:58 AM,PRESTAMO,SEGUNDA PARTE,ROTC,26/01/2027,CONFIRMADA,3361760,0,12/02/2022,12/02/2027,3.923767,BANCO CENTRAL DE LA REPUBLICA DOMINICANA,BCENTRAL,61418
DO1002223928,NO120227,BCENTRAL/8 BOEST 20270212 GTIA,1490000,DOP,149,7.4205,100.195187,25/09/2026,11:18:58 AM,PRESTAMO,PRIMERA PARTE,ROTC,28/09/2026,CONFIRMADA,3361760,0,12/02/2022,12/02/2027,3.923767,BANCO CENTRAL DE LA REPUBLICA DOMINICANA,BCENTRAL,61124
USP3579EBV85,BSDR2027,DOMINICAN Rep/5.95 BD 20270125 Se,505000,USD,505,3.81499,100.513389,25/09/2026,11:18:58 AM,ESTRUCTURADA,SEGUNDA PARTE,ROTC,26/10/2026,CONFIRMADA,3362118,0,25/01/2017,25/01/2027,4.5,MINISTERIO DE HACIENDA,HACIENDA,65849
USP3579EBV85,BSDR2027,DOMINICAN Rep/5.95 BD 20270125 Se,505000,USD,505,4.00258383,100.631959,25/09/2026,11:18:58 AM,ESTRUCTURADA,PRIMERA PARTE,ROTC,25/09/2026,CONFIRMADA,3362118,0,25/01/2017,25/01/2027,4.5,MINISTERIO DE HACIENDA,HACIENDA,66990
DO1002223928,NO120227,BCENTRAL/8 BOEST 20270212 GTIA,1490000,DOP,149,-5.8809,100.656737,25/09/2026,11:18:57 AM,PLAZO,PRIMERA PARTE,ROTC,26/01/2027,CONFIRMADA,3361761,0,12/02/2022,12/02/2027,0,BANCO CENTRAL DE LA REPUBLICA DOMINICANA,BCENTRAL,59871
USP3579EBV85,BSDR2027,DOMINICAN Rep/5.95 BD 20270125 Se,30000,USD,30,-19.034,108.395167,25/09/2026,11:18:56 AM,CONTADO,PRIMERA PARTE,ROTC,25/09/2026,CONFIRMADA,3361762,0,25/01/2017,25/01/2027,0,MINISTERIO DE HACIENDA,HACIENDA,62314
USP3579EBV85,BSDR2027,DOMINICAN Rep/5.95 BD 20270125 Se,30000,USD,30,6.2588,108.1219,25/09/2026,11:18:55 AM,PRESTAMO,SEGUNDA PARTE,ROTC,24/11/2026,CONFIRMADA,3361763,0,25/01/2017,25/01/2027,1.538335,MINISTERIO DE HACIENDA,HACIENDA,61852
USP3579EBV85,BSDR2027,DOMINICAN Rep/5.95 BD 20270125 Se,30000,USD,30,-19.034,108.395167,25/09/2026,11:18:55 AM,PRESTAMO,PRIMERA PARTE,ROTC,25/09/2026,CONFIRMADA,3361763,0,25/01/2017,25/01/2027,1.538335,MINISTERIO DE HACIENDA,HACIENDA,63000
USP3579EBV85,BSDR2027,DOMINICAN Rep/5.95 BD 20270125 Se,30000,USD,30,6.2588,108.1219,25/09/2026,11:18:53 AM,PLAZO,PRIMERA PARTE,ROTC,24/11/2026,CONFIRMADA,3361764,0,25/01/2017,25/01/2027,0,MINISTERIO DE HACIENDA,HACIENDA,60298
DO1002227317,NO150928,BCENTRAL/11 BOEST 20280915 GTIA,2900000,DOP,290,9.2595,103.053248,25/09/2026,11:18:52 AM,CONTADO,PRIMERA PARTE,ROTC,28/09/2026,CONFIRMADA,3361765,0,15/09/2023,15/09/2028,0,BANCO CENTRAL DE LA REPUBLICA DOMINICANA,BCENTRAL,60809
DO1002227317,NO150928,BCENTRAL/11 BOEST 20280915 GTIA,2900000,DOP,290,9.3016,102.602279,25/09/2026,11:18:51 AM,PRESTAMO,SEGUNDA PARTE,ROTC,28/12/2026,CONFIRMADA,3361766,0,15/09/2023,15/09/2028,2.561637,BANCO CENTRAL DE LA REPUBLICA DOMINICANA,BCENTRAL,61334
DO1002227317,NO150928,BCENTRAL/11 BOEST 20280915 GTIA,2900000,DOP,290,9.2595,103.053248,25/09/2026,11:18:51 AM,PRESTAMO,PRIMERA PARTE,ROTC,28/09/2026,CONFIRMADA,3361766,0,15/09/2023,15/09/2028,2.561637,BANCO CENTRAL DE LA REPUBLICA DOMINICANA,BCENTRAL,61495
DO1002227317,NO150928,BCENTRAL/11 BOEST 20280915 GTIA,2900000,DOP,290,9.3016,102.602279,25/09/2026,11:18:50 AM,PLAZO,PRIMERA PARTE,ROTC,28/12/2026,CONFIRMADA,3361767,0,15/09/2023,15/09/2028,0,BANCO CENTRAL DE LA REPUBLICA DOMINICANA,BCENTRAL,59787
DO1002228612,NO031227,BCENTRAL/8 BOEST 20271203 GTIA,100000,DOP,10,10.2587,97.5082,25/09/2026,11:18:49 AM,CONTADO,PRIMERA PARTE,ROTC,25/09/2026,CONFIRMADA,3361768,0,03/12/2024,03/12/2027,0,BANCO CENTRAL DE LA REPUBLICA DOMINICANA,BCENTRAL,58891
DO1002228612,NO031227,BCENTRAL/8 BOEST 20271203 GTIA,100000,DOP,10,10.4763,97.46351,25/09/2026,11:18:47 AM,PRESTAMO,SEGUNDA PARTE,ROTC,26/10/2026,CONFIRMADA,3361769,0,03/12/2024,03/12/2027,3.105058,BANCO CENTRAL DE LA REPUBLICA DOMINICANA,BCENTRAL,59808
DO1002228612,NO031227,BCENTRAL/8 BOEST 20271203 GTIA,100000,DOP,10,10.2587,97.5082,25/09/2026,11:18:47 AM,PRESTAMO,PRIMERA PARTE,ROTC,25/09/2026,CONFIRMADA,3361769,0,03/12/2024,03/12/2027,3.105058,BANCO CENTRAL DE LA REPUBLICA DOMINICANA,BCENTRAL,59570
DO1002228612,NO031227,BCENTRAL/8 BOEST 20271203 GTIA,100000,DOP,10,10.4763,97.46351,25/09/2026,11:18:46 AM,PLAZO,PRIMERA PARTE,ROTC,26/10/2026,CONFIRMADA,3361770,0,03/12/2024,03/12/2027,0,BANCO CENTRAL DE LA REPUBLICA DOMINICANA,BCENTRAL,58261
DO1002228612,NO031227,BCENTRAL/8 BOEST 20271203 GTIA,170000,DOP,17,7.5818,100.449371,25/09/2026,11:18:45 AM,CONTADO,PRIMERA PARTE,ROTC,25/09/2026,CONFIRMADA,3361771,0,03/12/2024,03/12/2027,0,BANCO CENTRAL DE LA REPUBLICA DOMINICANA,BCENTRAL,59661
USP3579EBE60,BSRD2045,DOMINICAN Rep/6.85 BD 20450127 Un,30000,USD,30,5.85599022,111.073822,25/09/2026,11:18:45 AM,CONTADO,PRIMERA PARTE,ROTC,25/09/2026,CONFIRMADA,3361975,0,27/01/2015,27/01/2045,0,MINISTERIO DE HACIENDA,HACIENDA,63343
DO1002228612,NO031227,BCENTRAL/8 BOEST 20271203 GTIA,170000,DOP,17,0.3378,100.781094,25/09/2026,11:18:43 AM,PRESTAMO,SEGUNDA PARTE,ROTC,02/12/2026,CONFIRMADA,3361772,0,03/12/2024,03/12/2027,4.114067,BANCO CENTRAL DE LA REPUBLICA DOMINICANA,BCENTRAL,60151
DO1002228612,NO031227,BCENTRAL/8 BOEST 20271203 GTIA,170000,DOP,17,7.5818,100.449371,25/09/2026,11:18:43 AM,PRESTAMO,PRIMERA PARTE,ROTC,25/09/2026,CONFIRMADA,3361772,0,03/12/2024,03/12/2027,4.114067,BANCO CENTRAL DE LA REPUBLICA DOMINICANA,BCENTRAL,60340
DO1002228612,NO031227,BCENTRAL/8 BOEST 20271203 GTIA,170000,DOP,17,0.3378,100.781094,25/09/2026,11:18:42 AM,PLAZO,PRIMERA PARTE,ROTC,02/12/2026,CONFIRMADA,3361773,0,03/12/2024,03/12/2027,0,BANCO CENTRAL DE LA REPUBLICA DOMINICANA,BCENTRAL,58604
DO1002223928,NO120227,BCENTRAL/8 BOEST 20270212 GTIA,1580000,DOP,158,7.1271,100.309301,25/09/2026,11:18:41 AM,CONTADO,PRIMERA PARTE,ROTC,25/09/2026,CONFIRMADA,3361774,0,12/02/2022,12/02/2027,0,BANCO CENTRAL DE LA REPUBLICA DOMINICANA,BCENTRAL,60249
DO1002223928,NO120227,BCENTRAL/8 BOEST 20270212 GTIA,1580000,DOP,158,3.9915,100.377961,25/09/2026,11:18:39 AM,PRESTAMO,SEGUNDA PARTE,ROTC,23/10/2026,CONFIRMADA,3361775,0,12/02/2022,12/02/2027,1.602733,BANCO CENTRAL DE LA REPUBLICA DOMINICANA,BCENTRAL,61040
DO1002223928,NO120227,BCENTRAL/8 BOEST 20270212 GTIA,1580000,DOP,158,7.1271,100.309301,25/09/2026,11:18:39 AM,PRESTAMO,PRIMERA PARTE,ROTC,25/09/2026,CONFIRMADA,3361775,0,12/02/2022,12/02/2027,1.602733,BANCO CENTRAL DE LA REPUBLICA DOMINICANA,BCENTRAL,60991
DO1002223928,NO120227,BCENTRAL/8 BOEST 20270212 GTIA,1580000,DOP,158,3.9915,100.377961,25/09/2026,11:18:38 AM,PLAZO,PRIMERA PARTE,ROTC,23/10/2026,CONFIRMADA,3361776,0,12/02/2022,12/02/2027,0,BANCO CENTRAL DE LA REPUBLICA DOMINICANA,BCENTRAL,59493
DO1002223928,NO120227,BCENTRAL/8 BOEST 20270212 GTIA,2200000,DOP,220,7.081,100.326432,25/09/2026,11:18:37 AM,CONTADO,PRIMERA PARTE,ROTC,25/09/2026,CONFIRMADA,3361777,0,12/02/2022,12/02/2027,0,BANCO CENTRAL DE LA REPUBLICA DOMINICANA,BCENTRAL,59822
DO1002223928,NO120227,BCENTRAL/8 BOEST 20270212 GTIA,2200000,DOP,220,-6.1947,100.711903,25/09/2026,11:18:35 AM,PRESTAMO,SEGUNDA PARTE,ROTC,25/01/2027,CONFIRMADA,3361778,0,12/02/2022,12/02/2027,3.828742,BANCO CENTRAL DE LA REPUBLICA DOMINICANA,BCENTRAL,61124
DO1002223928,NO120227,BCENTRAL/8 BOEST 20270212 GTIA,2200000,DOP,220,7.081,100.326432,25/09/2026,11:18:35 AM,PRESTAMO,PRIMERA PARTE,ROTC,25/09/2026,CONFIRMADA,3361778,0,12/02/2022,12/02/2027,3.828742,BANCO CENTRAL DE LA REPUBLICA DOMINICANA,BCENTRAL,60501
DO1002223928,NO120227,BCENTRAL/8 BOEST 20270212 GTIA,2200000,DOP,220,-6.1947,100.711903,25/09/2026,11:18:34 AM,PLAZO,PRIMERA PARTE,ROTC,25/01/2027,CONFIRMADA,3361779,0,12/02/2022,12/02/2027,0,BANCO CENTRAL DE LA REPUBLICA DOMINICANA,BCENTRAL,59577
DO1002223928,NO120227,BCENTRAL/8 BOEST 20270212 GTIA,990000,DOP,99,7.8165,100.053579,25/09/2026,11:18:33 AM,CONTADO,PRIMERA PARTE,ROTC,25/09/2026,CONFIRMADA,3361780,0,12/02/2022,12/02/2027,0,BANCO CENTRAL DE LA REPUBLICA DOMINICANA,BCENTRAL,59794
DO1002223928,NO120227,BCENTRAL/8 BOEST 20270212 GTIA,990000,DOP,99,5.8984,100.120529,25/09/2026,11:18:31 AM,PRESTAMO,SEGUNDA PARTE,ROTC,23/10/2026,CONFIRMADA,3361781,0,12/02/2022,12/02/2027,1.60511,BANCO CENTRAL DE LA REPUBLICA DOMINICANA,BCENTRAL,60319
DO1002223928,NO120227,BCENTRAL/8 BOEST 20270212 GTIA,990000,DOP,99,7.8165,100.053579,25/09/2026,11:18:31 AM,PRESTAMO,PRIMERA PARTE,ROTC,25/09/2026,CONFIRMADA,3361781,0,12/02/2022,12/02/2027,1.60511,BANCO CENTRAL DE LA REPUBLICA DOMINICANA,BCENTRAL,60473
DO1002223928,NO120227,BCENTRAL/8 BOEST 20270212 GTIA,990000,DOP,99,5.8984,100.120529,25/09/2026,11:18:30 AM,PLAZO,PRIMERA PARTE,ROTC,23/10/2026,CONFIRMADA,3361782,0,12/02/2022,12/02/2027,0,BANCO CENTRAL DE LA REPUBLICA DOMINICANA,BCENTRAL,58772
DO1002228612,NO031227,BCENTRAL/8 BOEST 20271203 GTIA,240000,DOP,24,6.4996,101.674862,25/09/2026,11:18:29 AM,CONTADO,PRIMERA PARTE,ROTC,25/09/2026,CONFIRMADA,3361783,0,03/12/2024,03/12/2027,0,BANCO CENTRAL DE LA REPUBLICA DOMINICANA,BCENTRAL,59724
DO1002228612,NO031227,BCENTRAL/8 BOEST 20271203 GTIA,240000,DOP,24,6.3274,101.746254,25/09/2026,11:18:28 AM,PRESTAMO,SEGUNDA PARTE,ROTC,26/10/2026,CONFIRMADA,3361784,0,03/12/2024,03/12/2027,3.08895,BANCO CENTRAL DE LA REPUBLICA DOMINICANA,BCENTRAL,60179
DO1002228612,NO031227,BCENTRAL/8 BOEST 20271203 GTIA,240000,DOP,24,6.4996,101.674862,25/09/2026,11:18:28 AM,PRESTAMO,PRIMERA PARTE,ROTC,25/09/2026,CONFIRMADA,3361784,0,03/12/2024,03/12/2027,3.08895,BANCO CENTRAL DE LA REPUBLICA DOMINICANA,BCENTRAL,60410
DO1002228612,NO031227,BCENTRAL/8 BOEST 20271203 GTIA,240000,DOP,24,6.3274,101.746254,25/09/2026,11:18:26 AM,PLAZO,PRIMERA PARTE,ROTC,26/10/2026,CONFIRMADA,3361785,0,03/12/2024,03/12/2027,0,BANCO CENTRAL DE LA REPUBLICA DOMINICANA,BCENTRAL,58625
DO1002227317,NO150928,BCENTRAL/11 BOEST 20280915 GTIA,290000,DOP,29,9.2165,103.144407,25/09/2026,11:18:25 AM,CONTADO,PRIMERA PARTE,ROTC,25/09/2026,CONFIRMADA,3361786,0,15/09/2023,15/09/2028,0,BANCO CENTRAL DE LA REPUBLICA DOMINICANA,BCENTRAL,60053
DO1002227317,NO150928,BCENTRAL/11 BOEST 20280915 GTIA,290000,DOP,29,-2.1934,103.065993,25/09/2026,11:18:24 AM,PRESTAMO,SEGUNDA PARTE,ROTC,23/10/2026,CONFIRMADA,3361787,0,15/09/2023,15/09/2028,1.032696,BANCO CENTRAL DE LA REPUBLICA DOMINICANA,BCENTRAL,60977
DO1002227317,NO150928,BCENTRAL/11 BOEST 20280915 GTIA,290000,DOP,29,9.2165,103.144407,25/09/2026,11:18:24 AM,PRESTAMO,PRIMERA PARTE,ROTC,25/09/2026,CONFIRMADA,3361787,0,15/09/2023,15/09/2028,1.032696,BANCO CENTRAL DE LA REPUBLICA DOMINICANA,BCENTRAL,60739
DO1002227317,NO150928,BCENTRAL/11 BOEST 20280915 GTIA,290000,DOP,29,-2.1934,103.065993,25/09/2026,11:18:22 AM,PLAZO,PRIMERA PARTE,ROTC,23/10/2026,CONFIRMADA,3361788,0,15/09/2023,15/09/2028,0,BANCO CENTRAL DE LA REPUBLICA DOMINICANA,BCENTRAL,59423
USP3579EBV85,BSDR2027,DOMINICAN Rep/5.95 BD 20270125 Se,17000,USD,17,6.714,99.747235,25/09/2026,11:18:21 AM,CONTADO,PRIMERA PARTE,ROTC,28/09/2026,CONFIRMADA,3361820,0,25/01/2017,25/01/2027,0,MINISTERIO DE HACIENDA,HACIENDA,61411
DO1002223928,NO120227,BCENTRAL/8 BOEST 20270212 GTIA,990000,DOP,99,7.8165,100.053579,25/09/2026,11:18:20 AM,CONTADO,PRIMERA PARTE,ROTC,25/09/2026,CONFIRMADA,3362009,0,12/02/2022,12/02/2027,0,BANCO CENTRAL DE LA REPUBLICA DOMINICANA,BCENTRAL,59766
DO1002223928,NO120227,BCENTRAL/8 BOEST 20270212 GTIA,990000,DOP,99,5.2507,100.357159,25/09/2026,11:18:18 AM,PRESTAMO,SEGUNDA PARTE,ROTC,24/12/2026,CONFIRMADA,3362010,0,12/02/2022,12/02/2027,3.114764,BANCO CENTRAL DE LA REPUBLICA DOMINICANA,BCENTRAL,60347
DO1002223928,NO120227,BCENTRAL/8 BOEST 20270212 GTIA,990000,DOP,99,7.8165,100.053579,25/09/2026,11:18:18 AM,PRESTAMO,PRIMERA PARTE,ROTC,25/09/2026,CONFIRMADA,3362010,0,12/02/2022,12/02/2027,3.114764,BANCO CENTRAL DE LA REPUBLICA DOMINICANA,BCENTRAL,60508
DO1002223928,NO120227,BCENTRAL/8 BOEST 20270212 GTIA,990000,DOP,99,5.2507,100.357159,25/09/2026,11:18:17 AM,PLAZO,PRIMERA PARTE,ROTC,24/12/2026,CONFIRMADA,3362011,0,12/02/2022,12/02/2027,0,BANCO CENTRAL DE LA REPUBLICA DOMINICANA,BCENTRAL,58800
DO1002227317,NO150928,BCENTRAL/11 BOEST 20280915 GTIA,10300000,DOP,1030,9.2261,103.127016,25/09/2026,11:18:16 AM,CONTADO,PRIMERA PARTE,ROTC,25/09/2026,CONFIRMADA,3362012,0,15/09/2023,15/09/2028,0,BANCO CENTRAL DE LA REPUBLICA DOMINICANA,BCENTRAL,61257
DO1002227317,NO150928,BCENTRAL/11 BOEST 20280915 GTIA,10300000,DOP,1030,9.2458,102.706475,25/09/2026,11:18:14 AM,PRESTAMO,SEGUNDA PARTE,ROTC,24/12/2026,CONFIRMADA,3362014,0,15/09/2023,15/09/2028,2.47589,BANCO CENTRAL DE LA REPUBLICA DOMINICANA,BCENTRAL,61957
DO1002227317,NO150928,BCENTRAL/11 BOEST 20280915 GTIA,10300000,DOP,1030,9.2261,103.127016,25/09/2026,11:18:14 AM,PRESTAMO,PRIMERA PARTE,ROTC,25/09/2026,CONFIRMADA,3362014,0,15/09/2023,15/09/2028,2.47589,BANCO CENTRAL DE LA REPUBLICA DOMINICANA,BCENTRAL,61936
DO1002227317,NO150928,BCENTRAL/11 BOEST 20280915 GTIA,10300000,DOP,1030,9.2458,102.706475,25/09/2026,11:18:13 AM,PLAZO,PRIMERA PARTE,ROTC,24/12/2026,CONFIRMADA,3362015,0,15/09/2023,15/09/2028,0,BANCO CENTRAL DE LA REPUBLICA DOMINICANA,BCENTRAL,60410
DO1002227317,NO150928,BCENTRAL/11 BOEST 20280915 GTIA,160000,DOP,16,10.8623,100.231125,25/09/2026,11:18:12 AM,CONTADO,PRIMERA PARTE,ROTC,25/09/2026,CONFIRMADA,3362016,0,15/09/2023,15/09/2028,0,BANCO CENTRAL DE LA REPUBLICA DOMINICANA,BCENTRAL,60221
DO1002227317,NO150928,BCENTRAL/11 BOEST 20280915 GTIA,160000,DOP,16,0.7667,99.630125,25/09/2026,11:18:11 AM,PRESTAMO,SEGUNDA PARTE,ROTC,12/03/2027,CONFIRMADA,3362017,0,15/09/2023,15/09/2028,4.577194,BANCO CENTRAL DE LA REPUBLICA DOMINICANA,BCENTRAL,60291
DO1002227317,NO150928,BCENTRAL/11 BOEST 20280915 GTIA,160000,DOP,16,10.8623,100.231125,25/09/2026,11:18:11 AM,PRESTAMO,PRIMERA PARTE,ROTC,25/09/2026,CONFIRMADA,3362017,0,15/09/2023,15/09/2028,4.577194,BANCO CENTRAL DE LA REPUBLICA DOMINICANA,BCENTRAL,60907
DO1002227317,NO150928,BCENTRAL/11 BOEST 20280915 GTIA,160000,DOP,16,0.7667,99.630125,25/09/2026,11:18:10 AM,PLAZO,PRIMERA PARTE,ROTC,12/03/2027,CONFIRMADA,3362018,0,15/09/2023,15/09/2028,0,BANCO CENTRAL DE LA REPUBLICA DOMINICANA,BCENTRAL,58744
DO1002227317,NO150928,BCENTRAL/11 BOEST 20280915 GTIA,30000,DOP,3,20.2477,86.022033,25/09/2026,11:18:08 AM,PRESTAMO,SEGUNDA PARTE,ROTC,26/10/2026,CONFIRMADA,3362019,0,15/09/2023,15/09/2028,0.977144,BANCO CENTRAL DE LA REPUBLICA DOMINICANA,BCENTRAL,59850
DO1002227317,NO150928,BCENTRAL/11 BOEST 20280915 GTIA,30000,DOP,3,19.6268,86.415167,25/09/2026,11:18:08 AM,PRESTAMO,PRIMERA PARTE,ROTC,25/09/2026,CONFIRMADA,3362019,0,15/09/2023,15/09/2028,0.977144,BANCO CENTRAL DE LA REPUBLICA DOMINICANA,BCENTRAL,60130
DO1002227317,NO150928,BCENTRAL/11 BOEST 20280915 GTIA,30000,DOP,3,20.2477,86.022033,25/09/2026,11:18:07 AM,PLAZO,PRIMERA PARTE,ROTC,26/10/2026,CONFIRMADA,3362020,0,15/09/2023,15/09/2028,0,BANCO CENTRAL DE LA REPUBLICA DOMINICANA,BCENTRAL,58303
DO1002223928,NO120227,BCENTRAL/8 BOEST 20270212 GTIA,490000,DOP,49,5.062,101.084294,25/09/2026,11:18:06 AM,CONTADO,PRIMERA PARTE,ROTC,25/09/2026,CONFIRMADA,3362021,0,12/02/2022,12/02/2027,0,BANCO CENTRAL DE LA REPUBLICA DOMINICANA,BCENTRAL,59283
DO1002223928,NO120227,BCENTRAL/8 BOEST 20270212 GTIA,490000,DOP,49,4.0422,101.144084,25/09/2026,11:18:05 AM,PRESTAMO,SEGUNDA PARTE,ROTC,26/10/2026,CONFIRMADA,3362022,0,12/02/2022,12/02/2027,1.644595,BANCO CENTRAL DE LA REPUBLICA DOMINICANA,BCENTRAL,60144
DO1002223928,NO120227,BCENTRAL/8 BOEST 20270212 GTIA,490000,DOP,49,5.062,101.084294,25/09/2026,11:18:05 AM,PRESTAMO,PRIMERA PARTE,ROTC,25/09/2026,CONFIRMADA,3362022,0,12/02/2022,12/02/2027,1.644595,BANCO CENTRAL DE LA REPUBLICA DOMINICANA,BCENTRAL,59969
DO2016300124,BC1GUL01,GULFSTREAM/11.25 BO 20290528,97388,DOP,97388,10.5703173,101.513454,25/09/2026,11:18:05 AM,PRESTAMO,SEGUNDA PARTE,ROTC,26/10/2026,CONFIRMADA,3362126,0,28/05/2019,28/05/2029,7.35,GULFSTREAM PETROLEUM DOMINICANA S DE RL,GULFSTREAM,61593
DO2016300124,BC1GUL01,GULFSTREAM/11.25 BO 20290528,97388,DOP,97388,10.45794629,101.819042,25/09/2026,11:18:05 AM,PRESTAMO,PRIMERA PARTE,ROTC,25/09/2026,CONFIRMADA,3362126,0,28/05/2019,28/05/2029,7.35,GULFSTREAM PETROLEUM DOMINICANA S DE RL,GULFSTREAM,62195
DO1002228729,NO030328,BCENTRAL/9.5 BOEST 20280303 GTIA,30000,DOP,3,26.1403,82.4519,25/09/2026,11:18:05 AM,PRESTAMO,SEGUNDA PARTE,ROTC,12/11/2026,CONFIRMADA,3362127,0,03/03/2025,03/03/2028,8.6,BANCO CENTRAL DE LA REPUBLICA DOMINICANA,BCENTRAL,59458
DO1002228729,NO030328,BCENTRAL/9.5 BOEST 20280303 GTIA,30000,DOP,3,24.3922,82.756,25/09/2026,11:18:05 AM,PRESTAMO,PRIMERA PARTE,ROTC,25/09/2026,CONFIRMADA,3362127,0,03/03/2025,03/03/2028,8.6,BANCO CENTRAL DE LA REPUBLICA DOMINICANA,BCENTRAL,59297
DO1005208322,MHUS2040,HACIENDA/6.75 BOEST 20400724 GTIA,18000,USD,18,4.9072,117.869167,25/09/2026,11:18:05 AM,PRESTAMO,SEGUNDA PARTE,ROTC,24/03/2027,CONFIRMADA,3362128,0,24/07/2020,24/07/2040,3.99,MINISTERIO DE HACIENDA,HACIENDA,61278
DO1005208322,MHUS2040,HACIENDA/6.75 BOEST 20400724 GTIA,18000,USD,18,5.1646,115.522889,25/09/2026,11:18:05 AM,PRESTAMO,PRIMERA PARTE,ROTC,25/09/2026,CONFIRMADA,3362128,0,24/07/2020,24/07/2040,3.99,MINISTERIO DE HACIENDA,HACIENDA,61348
DO1005208322,MHUS2040,HACIENDA/6.75 BOEST 20400724 GTIA,18000,USD,18,4.9072,117.869167,25/09/2026,11:18:04 AM,ESTRUCTURADA,SEGUNDA PARTE,ROTC,24/03/2027,CONFIRMADA,3361990,0,24/07/2020,24/07/2040,3.99,MINISTERIO DE HACIENDA,HACIENDA,63371
DO1005208322,MHUS2040,HACIENDA/6.75 BOEST 20400724 GTIA,18000,USD,18,5.1646,115.522889,25/09/2026,11:18:04 AM,ESTRUCTURADA,PRIMERA PARTE,ROTC,25/09/2026,CONFIRMADA,3361990,0,24/07/2020,24/07/2040,3.99,MINISTERIO DE HACIENDA,HACIENDA,63441
DO1002228729,NO030328,BCENTRAL/9.5 BOEST 20280303 GTIA,30000,DOP,3,26.1403,82.4519,25/09/2026,11:18:04 AM,ESTRUCTURADA,SEGUNDA PARTE,ROTC,12/11/2026,CONFIRMADA,3362109,0,03/03/2025,03/03/2028,8.6,BANCO CENTRAL DE LA REPUBLICA DOMINICANA,BCENTRAL,61551
DO1002228729,NO030328,BCENTRAL/9.5 BOEST 20280303 GTIA,30000,DOP,3,24.3922,82.756,25/09/2026,11:18:04 AM,ESTRUCTURADA,PRIMERA PARTE,ROTC,25/09/2026,CONFIRMADA,3362109,0,03/03/2025,03/03/2028,8.6,BANCO CENTRAL DE LA REPUBLICA DOMINICANA,BCENTRAL,61390
DO2016300124,BC1GUL01,GULFSTREAM/11.25 BO 20290528,97388,DOP,97388,10.5703173,101.513454,25/09/2026,11:18:04 AM,ESTRUCTURADA,SEGUNDA PARTE,ROTC,26/10/2026,CONFIRMADA,3362113,0,28/05/2019,28/05/2029,7.35,GULFSTREAM PETROLEUM DOMINICANA S DE RL,GULFSTREAM,63686
DO2016300124,BC1GUL01,GULFSTREAM/11.25 BO 20290528,97388,DOP,97388,10.45794629,101.819042,25/09/2026,11:18:04 AM,ESTRUCTURADA,PRIMERA PARTE,ROTC,25/09/2026,CONFIRMADA,3362113,0,28/05/2019,28/05/2029,7.35,GULFSTREAM PETROLEUM DOMINICANA S DE RL,GULFSTREAM,64288
DO1002223928,NO120227,BCENTRAL/8 BOEST 20270212 GTIA,490000,DOP,49,4.0422,101.144084,25/09/2026,11:18:03 AM,PLAZO,PRIMERA PARTE,ROTC,26/10/2026,CONFIRMADA,3362023,0,12/02/2022,12/02/2027,0,BANCO CENTRAL DE LA REPUBLICA DOMINICANA,BCENTRAL,58590
DO1002261423,NO301129,BCENTRAL/9.5 BOEST 20291130 GTIA,280000,DOP,28,9.58823021,99.751229,25/09/2026,11:18:03 AM,PRESTAMO,SEGUNDA PARTE,ROTC,26/10/2026,CONFIRMADA,3362125,0,30/11/2025,30/11/2029,7.4,BANCO CENTRAL DE LA REPUBLICA DOMINICANA,BCENTRAL,62097
DO1002261423,NO301129,BCENTRAL/9.5 BOEST 20291130 GTIA,280000,DOP,28,9.5293783,99.895533,25/09/2026,11:18:03 AM,PRESTAMO,PRIMERA PARTE,ROTC,25/09/2026,CONFIRMADA,3362125,0,30/11/2025,30/11/2029,7.4,BANCO CENTRAL DE LA REPUBLICA DOMINICANA,BCENTRAL,61978
USP3579EBV85,BSDR2027,DOMINICAN Rep/5.95 BD 20270125 Se,76000,USD,76,3.1746,100.907882,25/09/2026,11:18:02 AM,CONTADO,PRIMERA PARTE,ROTC,25/09/2026,CONFIRMADA,3362024,0,25/01/2017,25/01/2027,0,MINISTERIO DE HACIENDA,HACIENDA,62069
USP3579EBV85,BSDR2027,DOMINICAN Rep/5.95 BD 20270125 Se,76000,USD,76,-40.564,100.439355,25/09/2026,11:18:01 AM,PRESTAMO,SEGUNDA PARTE,ROTC,22/01/2027,CONFIRMADA,3362025,0,25/01/2017,25/01/2027,2.376917,MINISTERIO DE HACIENDA,HACIENDA,62888
USP3579EBV85,BSDR2027,DOMINICAN Rep/5.95 BD 20270125 Se,76000,USD,76,3.1746,100.907882,25/09/2026,11:18:01 AM,PRESTAMO,PRIMERA PARTE,ROTC,25/09/2026,CONFIRMADA,3362025,0,25/01/2017,25/01/2027,2.376917,MINISTERIO DE HACIENDA,HACIENDA,62755
DO1002261423,NO301129,BCENTRAL/9.5 BOEST 20291130 GTIA,280000,DOP,28,9.58823021,99.751229,25/09/2026,11:18:01 AM,ESTRUCTURADA,SEGUNDA PARTE,ROTC,26/10/2026,CONFIRMADA,3362112,0,30/11/2025,30/11/2029,7.4,BANCO CENTRAL DE LA REPUBLICA DOMINICANA,BCENTRAL,64183
DO1002261423,NO301129,BCENTRAL/9.5 BOEST 20291130 GTIA,280000,DOP,28,9.5293783,99.895533,25/09/2026,11:18:01 AM,ESTRUCTURADA,PRIMERA PARTE,ROTC,25/09/2026,CONFIRMADA,3362112,0,30/11/2025,30/11/2029,7.4,BANCO CENTRAL DE LA REPUBLICA DOMINICANA,BCENTRAL,64064
USP3579EBV85,BSDR2027,DOMINICAN Rep/5.95 BD 20270125 Se,76000,USD,76,-40.564,100.439355,25/09/2026,11:18:00 AM,PLAZO,PRIMERA PARTE,ROTC,22/01/2027,CONFIRMADA,3362026,0,25/01/2017,25/01/2027,0,MINISTERIO DE HACIENDA,HACIENDA,61341
DO1005204412,MH12029,HACIENDA/11.375 BOEST 20290706 GTIA,2200000,DOP,22,8.68167675,106.300347,25/09/2026,11:18:00 AM,PRESTAMO,SEGUNDA PARTE,ROTC,26/10/2026,CONFIRMADA,3362124,0,06/07/2014,06/07/2029,7.45,MINISTERIO DE HACIENDA,HACIENDA,63091
DO1005204412,MH12029,HACIENDA/11.375 BOEST 20290706 GTIA,2200000,DOP,22,8.6486946,106.566594,25/09/2026,11:18:00 AM,PRESTAMO,PRIMERA PARTE,ROTC,25/09/2026,CONFIRMADA,3362124,0,06/07/2014,06/07/2029,7.45,MINISTERIO DE HACIENDA,HACIENDA,62972
USP3579EBV85,BSDR2027,DOMINICAN Rep/5.95 BD 20270125 Se,22000,USD,22,-1.5198,102.508318,25/09/2026,11:17:59 AM,CONTADO,PRIMERA PARTE,ROTC,25/09/2026,CONFIRMADA,3362027,0,25/01/2017,25/01/2027,0,MINISTERIO DE HACIENDA,HACIENDA,62307
DO1005204412,MH12029,HACIENDA/11.375 BOEST 20290706 GTIA,2200000,DOP,22,8.68167675,106.300347,25/09/2026,11:17:59 AM,ESTRUCTURADA,SEGUNDA PARTE,ROTC,26/10/2026,CONFIRMADA,3362092,0,06/07/2014,06/07/2029,7.45,MINISTERIO DE HACIENDA,HACIENDA,65282
DO1005204412,MH12029,HACIENDA/11.375 BOEST 20290706 GTIA,2200000,DOP,22,8.6486946,106.566594,25/09/2026,11:17:59 AM,ESTRUCTURADA,PRIMERA PARTE,ROTC,25/09/2026,CONFIRMADA,3362092,0,06/07/2014,06/07/2029,7.45,MINISTERIO DE HACIENDA,HACIENDA,65163
DO1005208322,MHUS2040,HACIENDA/6.75 BOEST 20400724 GTIA,208000,USD,208,4.75754885,119.924399,25/09/2026,11:17:58 AM,PRESTAMO,SEGUNDA PARTE,ROTC,26/10/2026,CONFIRMADA,3362123,0,24/07/2020,24/07/2040,4.75,MINISTERIO DE HACIENDA,HACIENDA,63574
DO1005208322,MHUS2040,HACIENDA/6.75 BOEST 20400724 GTIA,208000,USD,208,4.75790378,120.010096,25/09/2026,11:17:58 AM,PRESTAMO,PRIMERA PARTE,ROTC,25/09/2026,CONFIRMADA,3362123,0,24/07/2020,24/07/2040,4.75,MINISTERIO DE HACIENDA,HACIENDA,63469
USP3579EBV85,BSDR2027,DOMINICAN Rep/5.95 BD 20270125 Se,22000,USD,22,-100,102.062818,25/09/2026,11:17:57 AM,PRESTAMO,SEGUNDA PARTE,ROTC,22/01/2027,CONFIRMADA,3362028,0,25/01/2017,25/01/2027,2.362083,MINISTERIO DE HACIENDA,HACIENDA,61698
USP3579EBV85,BSDR2027,DOMINICAN Rep/5.95 BD 20270125 Se,22000,USD,22,-1.5198,102.508318,25/09/2026,11:17:57 AM,PRESTAMO,PRIMERA PARTE,ROTC,25/09/2026,CONFIRMADA,3362028,0,25/01/2017,25/01/2027,2.362083,MINISTERIO DE HACIENDA,HACIENDA,62986
DO1005208322,MHUS2040,HACIENDA/6.75 BOEST 20400724 GTIA,208000,USD,208,4.75754885,119.924399,25/09/2026,11:17:57 AM,ESTRUCTURADA,SEGUNDA PARTE,ROTC,26/10/2026,CONFIRMADA,3362093,0,24/07/2020,24/07/2040,4.75,MINISTERIO DE HACIENDA,HACIENDA,65667
DO1005208322,MHUS2040,HACIENDA/6.75 BOEST 20400724 GTIA,208000,USD,208,4.75790378,120.010096,25/09/2026,11:17:57 AM,ESTRUCTURADA,PRIMERA PARTE,ROTC,25/09/2026,CONFIRMADA,3362093,0,24/07/2020,24/07/2040,4.75,MINISTERIO DE HACIENDA,HACIENDA,65562
USP3579EBV85,BSDR2027,DOMINICAN Rep/5.95 BD 20270125 Se,22000,USD,22,-100,102.062818,25/09/2026,11:17:56 AM,PLAZO,PRIMERA PARTE,ROTC,22/01/2027,CONFIRMADA,3362029,0,25/01/2017,25/01/2027,0,MINISTERIO DE HACIENDA,HACIENDA,60151
DO2028900218,BC1ENA02,ENADOM/7.5 BO 20341011,1345,USD,1345,7.611802,99.33,25/09/2026,11:17:55 AM,CONTADO,PRIMERA PARTE,ROTC,25/09/2026,CONFIRMADA,3362030,0,11/10/2024,11/10/2034,0,ENERGIA NATURAL DOMINICANA ENADOM SRL,ENADOM,54670
DO1005204412,MH12029,HACIENDA/11.375 BOEST 20290706 GTIA,5000000,DOP,50,8.24083413,107.193895,25/09/2026,11:17:55 AM,PRESTAMO,SEGUNDA PARTE,ROTC,24/11/2026,CONFIRMADA,3362122,0,06/07/2014,06/07/2029,8.55,MINISTERIO DE HACIENDA,HACIENDA,63147
DO1005204412,MH12029,HACIENDA/11.375 BOEST 20290706 GTIA,5000000,DOP,50,8.283123,107.495969,25/09/2026,11:17:55 AM,PRESTAMO,PRIMERA PARTE,ROTC,25/09/2026,CONFIRMADA,3362122,0,06/07/2014,06/07/2029,8.55,MINISTERIO DE HACIENDA,HACIENDA,62601
USP3579EBV85,BSDR2027,DOMINICAN Rep/5.95 BD 20270125 Se,5000,USD,5,-26.963,112.4204,25/09/2026,11:17:54 AM,CONTADO,PRIMERA PARTE,ROTC,25/09/2026,CONFIRMADA,3362031,0,25/01/2017,25/01/2027,0,MINISTERIO DE HACIENDA,HACIENDA,60858
DO1005204412,MH12029,HACIENDA/11.375 BOEST 20290706 GTIA,5000000,DOP,50,8.24083413,107.193895,25/09/2026,11:17:54 AM,ESTRUCTURADA,SEGUNDA PARTE,ROTC,24/11/2026,CONFIRMADA,3362094,0,06/07/2014,06/07/2029,8.55,MINISTERIO DE HACIENDA,HACIENDA,65240
DO1005204412,MH12029,HACIENDA/11.375 BOEST 20290706 GTIA,5000000,DOP,50,8.283123,107.495969,25/09/2026,11:17:54 AM,ESTRUCTURADA,PRIMERA PARTE,ROTC,25/09/2026,CONFIRMADA,3362094,0,06/07/2014,06/07/2029,8.55,MINISTERIO DE HACIENDA,HACIENDA,64694
DO1005204412,MH12029,HACIENDA/11.375 BOEST 20290706 GTIA,4300000,DOP,43,8.18834936,107.320939,25/09/2026,11:17:53 AM,PRESTAMO,SEGUNDA PARTE,ROTC,24/11/2026,CONFIRMADA,3362121,0,06/07/2014,06/07/2029,7.95,MINISTERIO DE HACIENDA,HACIENDA,63217
DO1005204412,MH12029,HACIENDA/11.375 BOEST 20290706 GTIA,4300000,DOP,43,8.19172474,107.729933,25/09/2026,11:17:53 AM,PRESTAMO,PRIMERA PARTE,ROTC,25/09/2026,CONFIRMADA,3362121,0,06/07/2014,06/07/2029,7.95,MINISTERIO DE HACIENDA,HACIENDA,63336
USP3579EBV85,BSDR2027,DOMINICAN Rep/5.95 BD 20270125 Se,5000,USD,5,-92.386,112.1118,25/09/2026,11:17:52 AM,PRESTAMO,SEGUNDA PARTE,ROTC,24/12/2026,CONFIRMADA,3362032,0,25/01/2017,25/01/2027,1.880001,MINISTERIO DE HACIENDA,HACIENDA,61446
USP3579EBV85,BSDR2027,DOMINICAN Rep/5.95 BD 20270125 Se,5000,USD,5,-26.963,112.4204,25/09/2026,11:17:52 AM,PRESTAMO,PRIMERA PARTE,ROTC,25/09/2026,CONFIRMADA,3362032,0,25/01/2017,25/01/2027,1.880001,MINISTERIO DE HACIENDA,HACIENDA,61537
DO1005204412,MH12029,HACIENDA/11.375 BOEST 20290706 GTIA,4300000,DOP,43,8.18834936,107.320939,25/09/2026,11:17:52 AM,ESTRUCTURADA,SEGUNDA PARTE,ROTC,24/11/2026,CONFIRMADA,3362100,0,06/07/2014,06/07/2029,7.95,MINISTERIO DE HACIENDA,HACIENDA,65310
DO1005204412,MH12029,HACIENDA/11.375 BOEST 20290706 GTIA,4300000,DOP,43,8.19172474,107.729933,25/09/2026,11:17:52 AM,ESTRUCTURADA,PRIMERA PARTE,ROTC,25/09/2026,CONFIRMADA,3362100,0,06/07/2014,06/07/2029,7.95,MINISTERIO DE HACIENDA,HACIENDA,65429
USP3579EBV85,BSDR2027,DOMINICAN Rep/5.95 BD 20270125 Se,5000,USD,5,-92.386,112.1118,25/09/2026,11:17:51 AM,PLAZO,PRIMERA PARTE,ROTC,24/12/2026,CONFIRMADA,3362033,0,25/01/2017,25/01/2027,0,MINISTERIO DE HACIENDA,HACIENDA,59899
DO1002261423,NO301129,BCENTRAL/9.5 BOEST 20291130 GTIA,1310000,DOP,131,9.46539313,100.085511,25/09/2026,11:17:51 AM,PRESTAMO,SEGUNDA PARTE,ROTC,24/11/2026,CONFIRMADA,3362120,0,30/11/2025,30/11/2029,7.95,BANCO CENTRAL DE LA REPUBLICA DOMINICANA,BCENTRAL,62916
DO1002261423,NO301129,BCENTRAL/9.5 BOEST 20291130 GTIA,1310000,DOP,131,9.39213301,100.265543,25/09/2026,11:17:51 AM,PRESTAMO,PRIMERA PARTE,ROTC,25/09/2026,CONFIRMADA,3362120,0,30/11/2025,30/11/2029,7.95,BANCO CENTRAL DE LA REPUBLICA DOMINICANA,BCENTRAL,62986
USP3579ECP09,BSRD2029, ,5000,USD,5,1.9707,108.2596,25/09/2026,11:17:50 AM,CONTADO,PRIMERA PARTE,ROTC,25/09/2026,CONFIRMADA,3362034,0,22/02/2022,22/02/2029,0,MINISTERIO DE HACIENDA,HACIENDA,46389
USP3579ECP09,BSRD2029, ,5000,USD,5,-0.13,108.1026,25/09/2026,11:17:49 AM,PRESTAMO,SEGUNDA PARTE,ROTC,19/02/2027,CONFIRMADA,3362035,0,22/02/2022,22/02/2029,2.298776,MINISTERIO DE HACIENDA,HACIENDA,46466
USP3579ECP09,BSRD2029, ,5000,USD,5,1.9707,108.2596,25/09/2026,11:17:49 AM,PRESTAMO,PRIMERA PARTE,ROTC,25/09/2026,CONFIRMADA,3362035,0,22/02/2022,22/02/2029,2.298776,MINISTERIO DE HACIENDA,HACIENDA,47138
DO1002261423,NO301129,BCENTRAL/9.5 BOEST 20291130 GTIA,1310000,DOP,131,9.46539313,100.085511,25/09/2026,11:17:49 AM,ESTRUCTURADA,SEGUNDA PARTE,ROTC,24/11/2026,CONFIRMADA,3362101,0,30/11/2025,30/11/2029,7.95,BANCO CENTRAL DE LA REPUBLICA DOMINICANA,BCENTRAL,65065
DO1002261423,NO301129,BCENTRAL/9.5 BOEST 20291130 GTIA,1310000,DOP,131,9.39213301,100.265543,25/09/2026,11:17:49 AM,ESTRUCTURADA,PRIMERA PARTE,ROTC,25/09/2026,CONFIRMADA,3362101,0,30/11/2025,30/11/2029,7.95,BANCO CENTRAL DE LA REPUBLICA DOMINICANA,BCENTRAL,65135
USP3579ECP09,BSRD2029, ,5000,USD,5,-0.13,108.1026,25/09/2026,11:17:48 AM,PLAZO,PRIMERA PARTE,ROTC,19/02/2027,CONFIRMADA,3362036,0,22/02/2022,22/02/2029,0,MINISTERIO DE HACIENDA,HACIENDA,44919
DO1005204412,MH12029,HACIENDA/11.375 BOEST 20290706 GTIA,6400000,DOP,64,7.99860571,107.994438,25/09/2026,11:17:48 AM,PRESTAMO,SEGUNDA PARTE,ROTC,26/10/2026,CONFIRMADA,3362119,0,06/07/2014,06/07/2029,7.5,MINISTERIO DE HACIENDA,HACIENDA,63385
DO1005204412,MH12029,HACIENDA/11.375 BOEST 20290706 GTIA,6400000,DOP,64,7.99134065,108.245148,25/09/2026,11:17:48 AM,PRESTAMO,PRIMERA PARTE,ROTC,25/09/2026,CONFIRMADA,3362119,0,06/07/2014,06/07/2029,7.5,MINISTERIO DE HACIENDA,HACIENDA,63357
DO1005204412,MH12029,HACIENDA/11.375 BOEST 20290706 GTIA,6400000,DOP,64,7.99860571,107.994438,25/09/2026,11:17:47 AM,ESTRUCTURADA,SEGUNDA PARTE,ROTC,26/10/2026,CONFIRMADA,3362102,0,06/07/2014,06/07/2029,7.5,MINISTERIO DE HACIENDA,HACIENDA,65478
DO1005204412,MH12029,HACIENDA/11.375 BOEST 20290706 GTIA,6400000,DOP,64,7.99134065,108.245148,25/09/2026,11:17:47 AM,ESTRUCTURADA,PRIMERA PARTE,ROTC,25/09/2026,CONFIRMADA,3362102,0,06/07/2014,06/07/2029,7.5,MINISTERIO DE HACIENDA,HACIENDA,65450
DO1002228612,NO031227,BCENTRAL/8 BOEST 20271203 GTIA,1170000,DOP,117,7.9187,100.072299,25/09/2026,11:17:46 AM,CONTADO,PRIMERA PARTE,ROTC,25/09/2026,CONFIRMADA,3362069,0,03/12/2024,03/12/2027,0,BANCO CENTRAL DE LA REPUBLICA DOMINICANA,BCENTRAL,60375
DO1002228612,NO031227,BCENTRAL/8 BOEST 20271203 GTIA,1170000,DOP,117,1.0594,100.186203,25/09/2026,11:17:45 AM,PRESTAMO,SEGUNDA PARTE,ROTC,23/10/2026,CONFIRMADA,3362070,0,03/12/2024,03/12/2027,3.115237,BANCO CENTRAL DE LA REPUBLICA DOMINICANA,BCENTRAL,60774
DO1002228612,NO031227,BCENTRAL/8 BOEST 20271203 GTIA,1170000,DOP,117,7.9187,100.072299,25/09/2026,11:17:45 AM,PRESTAMO,PRIMERA PARTE,ROTC,25/09/2026,CONFIRMADA,3362070,0,03/12/2024,03/12/2027,3.115237,BANCO CENTRAL DE LA REPUBLICA DOMINICANA,BCENTRAL,61061
DO1002228612,NO031227,BCENTRAL/8 BOEST 20271203 GTIA,1170000,DOP,117,1.0594,100.186203,25/09/2026,11:17:44 AM,PLAZO,PRIMERA PARTE,ROTC,23/10/2026,CONFIRMADA,3362071,0,03/12/2024,03/12/2027,0,BANCO CENTRAL DE LA REPUBLICA DOMINICANA,BCENTRAL,59227
USP3579ECX33,BSDR2055, ,2000,USD,2,7.14430147,100.06,25/09/2026,11:17:42 AM,CONTADO,PRIMERA PARTE,ROTC,25/09/2026,CONFIRMADA,3362072,0,24/02/2025,24/02/2055,0,MINISTERIO DE HACIENDA,HACIENDA,46935
USP3579EBV85,BSDR2027,DOMINICAN Rep/5.95 BD 20270125 Se,5000,USD,5,7.0517,99.6318,25/09/2026,11:17:41 AM,CONTADO,PRIMERA PARTE,ROTC,25/09/2026,CONFIRMADA,3362073,0,25/01/2017,25/01/2027,0,MINISTERIO DE HACIENDA,HACIENDA,60291
USP3579EBV85,BSDR2027,DOMINICAN Rep/5.95 BD 20270125 Se,5000,USD,5,10.1062,99.3022,25/09/2026,11:17:40 AM,PRESTAMO,SEGUNDA PARTE,ROTC,24/11/2026,CONFIRMADA,3362074,0,25/01/2017,25/01/2027,1.616684,MINISTERIO DE HACIENDA,HACIENDA,61047
USP3579EBV85,BSDR2027,DOMINICAN Rep/5.95 BD 20270125 Se,5000,USD,5,7.0517,99.6318,25/09/2026,11:17:40 AM,PRESTAMO,PRIMERA PARTE,ROTC,25/09/2026,CONFIRMADA,3362074,0,25/01/2017,25/01/2027,1.616684,MINISTERIO DE HACIENDA,HACIENDA,60977
USP3579EBV85,BSDR2027,DOMINICAN Rep/5.95 BD 20270125 Se,5000,USD,5,10.1062,99.3022,25/09/2026,11:17:38 AM,PLAZO,PRIMERA PARTE,ROTC,24/11/2026,CONFIRMADA,3362075,0,25/01/2017,25/01/2027,0,MINISTERIO DE HACIENDA,HACIENDA,59556
DO2016300124,BC1GUL01,GULFSTREAM/11.25 BO 20290528,782255,DOP,782255,11.24660382,99.999237,25/09/2026,11:17:37 AM,CONTADO,PRIMERA PARTE,ROTC,25/09/2026,CONFIRMADA,3362076,0,28/05/2019,28/05/2029,0,GULFSTREAM PETROLEUM DOMINICANA S DE RL,GULFSTREAM,61901
DO2016300124,BC1GUL01,GULFSTREAM/11.25 BO 20290528,782255,DOP,782255,11.24660382,99.999237,25/09/2026,11:17:36 AM,CONTADO,PRIMERA PARTE,ROTC,25/09/2026,CONFIRMADA,3362077,0,28/05/2019,28/05/2029,0,GULFSTREAM PETROLEUM DOMINICANA S DE RL,GULFSTREAM,61894
USP3579EBV85,BSDR2027,DOMINICAN Rep/5.95 BD 20270125 Se,13000,USD,13,15.7959,96.969385,25/09/2026,11:17:34 AM,CONTADO,PRIMERA PARTE,ROTC,28/09/2026,CONFIRMADA,3362078,0,25/01/2017,25/01/2027,0,MINISTERIO DE HACIENDA,HACIENDA,62237
USP3579EBV85,BSDR2027,DOMINICAN Rep/5.95 BD 20270125 Se,13000,USD,13,59.5592,96.497615,25/09/2026,11:17:33 AM,PRESTAMO,SEGUNDA PARTE,ROTC,28/12/2026,CONFIRMADA,3362079,0,25/01/2017,25/01/2027,2.077224,MINISTERIO DE HACIENDA,HACIENDA,62755
USP3579EBV85,BSDR2027,DOMINICAN Rep/5.95 BD 20270125 Se,13000,USD,13,15.7959,96.969385,25/09/2026,11:17:33 AM,PRESTAMO,PRIMERA PARTE,ROTC,28/09/2026,CONFIRMADA,3362079,0,25/01/2017,25/01/2027,2.077224,MINISTERIO DE HACIENDA,HACIENDA,62923
USP3579EBV85,BSDR2027,DOMINICAN Rep/5.95 BD 20270125 Se,13000,USD,13,59.5592,96.497615,25/09/2026,11:17:32 AM,PLAZO,PRIMERA PARTE,ROTC,28/12/2026,CONFIRMADA,3362080,0,25/01/2017,25/01/2027,0,MINISTERIO DE HACIENDA,HACIENDA,61208
DO1002227317,NO150928,BCENTRAL/11 BOEST 20280915 GTIA,520000,DOP,52,8.7017,104.078575,25/09/2026,11:17:31 AM,CONTADO,PRIMERA PARTE,ROTC,25/09/2026,CONFIRMADA,3362081,0,15/09/2023,15/09/2028,0,BANCO CENTRAL DE LA REPUBLICA DOMINICANA,BCENTRAL,60060
DO1002227317,NO150928,BCENTRAL/11 BOEST 20280915 GTIA,520000,DOP,52,8.6548,103.653231,25/09/2026,11:17:30 AM,PRESTAMO,SEGUNDA PARTE,ROTC,24/12/2026,CONFIRMADA,3362082,0,15/09/2023,15/09/2028,2.449416,BANCO CENTRAL DE LA REPUBLICA DOMINICANA,BCENTRAL,60599
DO1002227317,NO150928,BCENTRAL/11 BOEST 20280915 GTIA,520000,DOP,52,8.7017,104.078575,25/09/2026,11:17:30 AM,PRESTAMO,PRIMERA PARTE,ROTC,25/09/2026,CONFIRMADA,3362082,0,15/09/2023,15/09/2028,2.449416,BANCO CENTRAL DE LA REPUBLICA DOMINICANA,BCENTRAL,60746
DO1002227317,NO150928,BCENTRAL/11 BOEST 20280915 GTIA,520000,DOP,52,8.6548,103.653231,25/09/2026,11:17:28 AM,PLAZO,PRIMERA PARTE,ROTC,24/12/2026,CONFIRMADA,3362083,0,15/09/2023,15/09/2028,0,BANCO CENTRAL DE LA REPUBLICA DOMINICANA,BCENTRAL,59108
DO1002223928,NO120227,BCENTRAL/8 BOEST 20270212 GTIA,490000,DOP,49,5.062,101.084294,25/09/2026,11:17:27 AM,CONTADO,PRIMERA PARTE,ROTC,25/09/2026,CONFIRMADA,3362084,0,12/02/2022,12/02/2027,0,BANCO CENTRAL DE LA REPUBLICA DOMINICANA,BCENTRAL,59297
DO1002223928,NO120227,BCENTRAL/8 BOEST 20270212 GTIA,490000,DOP,49,4.1158,101.122116,25/09/2026,11:17:26 AM,PRESTAMO,SEGUNDA PARTE,ROTC,26/10/2026,CONFIRMADA,3362085,0,12/02/2022,12/02/2027,1.623568,BANCO CENTRAL DE LA REPUBLICA DOMINICANA,BCENTRAL,60151
DO1002223928,NO120227,BCENTRAL/8 BOEST 20270212 GTIA,490000,DOP,49,5.062,101.084294,25/09/2026,11:17:26 AM,PRESTAMO,PRIMERA PARTE,ROTC,25/09/2026,CONFIRMADA,3362085,0,12/02/2022,12/02/2027,1.623568,BANCO CENTRAL DE LA REPUBLICA DOMINICANA,BCENTRAL,59983
DO1002223928,NO120227,BCENTRAL/8 BOEST 20270212 GTIA,490000,DOP,49,4.1158,101.122116,25/09/2026,11:17:25 AM,PLAZO,PRIMERA PARTE,ROTC,26/10/2026,CONFIRMADA,3362086,0,12/02/2022,12/02/2027,0,BANCO CENTRAL DE LA REPUBLICA DOMINICANA,BCENTRAL,58604
DO1002227317,NO150928,BCENTRAL/11 BOEST 20280915 GTIA,30000,DOP,3,19.6268,86.415167,25/09/2026,11:17:24 AM,CONTADO,PRIMERA PARTE,ROTC,25/09/2026,CONFIRMADA,3362087,0,15/09/2023,15/09/2028,0,BANCO CENTRAL DE LA REPUBLICA DOMINICANA,BCENTRAL,59416
USP3579ECN50,BSRD2033, ,40000,USD,40,6.4776283,97.52,25/09/2026,11:17:23 AM,CONTADO,PRIMERA PARTE,ROTC,25/09/2026,CONFIRMADA,3362096,0,22/02/2022,22/02/2033,0,MINISTERIO DE HACIENDA,HACIENDA,47047
DO1002227317,NO150928,BCENTRAL/11 BOEST 20280915 GTIA,3980000,DOP,398,9.4573,102.711208,25/09/2026,11:17:21 AM,CONTADO,PRIMERA PARTE,ROTC,25/09/2026,CONFIRMADA,3362097,0,15/09/2023,15/09/2028,0,BANCO CENTRAL DE LA REPUBLICA DOMINICANA,BCENTRAL,60837
DO1002227317,NO150928,BCENTRAL/11 BOEST 20280915 GTIA,3980000,DOP,398,9.4626,102.166493,25/09/2026,11:17:20 AM,PRESTAMO,SEGUNDA PARTE,ROTC,22/02/2027,CONFIRMADA,3362098,0,15/09/2023,15/09/2028,4.033662,BANCO CENTRAL DE LA REPUBLICA DOMINICANA,BCENTRAL,61460
DO1002227317,NO150928,BCENTRAL/11 BOEST 20280915 GTIA,3980000,DOP,398,9.4573,102.711208,25/09/2026,11:17:20 AM,PRESTAMO,PRIMERA PARTE,ROTC,25/09/2026,CONFIRMADA,3362098,0,15/09/2023,15/09/2028,4.033662,BANCO CENTRAL DE LA REPUBLICA DOMINICANA,BCENTRAL,61523
DO1002227317,NO150928,BCENTRAL/11 BOEST 20280915 GTIA,3980000,DOP,398,9.4626,102.166493,25/09/2026,11:17:19 AM,PLAZO,PRIMERA PARTE,ROTC,22/02/2027,CONFIRMADA,3362099,0,15/09/2023,15/09/2028,0,BANCO CENTRAL DE LA REPUBLICA DOMINICANA,BCENTRAL,59976
DO1005208629,MH12031,HACIENDA/8.5 BOEST 20310611 GTIA,3600000,DOP,36,9.4028,97.159064,25/09/2026,11:17:00 AM,PRESTAMO,SEGUNDA PARTE,ROTC,24/11/2026,CONFIRMADA,3362114,0,11/06/2021,11/06/2031,6.49,MINISTERIO DE HACIENDA,HACIENDA,60298
DO1005208629,MH12031,HACIENDA/8.5 BOEST 20310611 GTIA,3600000,DOP,36,9.2861,97.495206,25/09/2026,11:17:00 AM,PRESTAMO,PRIMERA PARTE,ROTC,25/09/2026,CONFIRMADA,3362114,0,11/06/2021,11/06/2031,6.49,MINISTERIO DE HACIENDA,HACIENDA,60445
DO1005208629,MH12031,HACIENDA/8.5 BOEST 20310611 GTIA,3600000,DOP,36,9.4028,97.159064,25/09/2026,11:16:58 AM,ESTRUCTURADA,SEGUNDA PARTE,ROTC,24/11/2026,CONFIRMADA,3361989,0,11/06/2021,11/06/2031,6.49,MINISTERIO DE HACIENDA,HACIENDA,62482
DO1005208629,MH12031,HACIENDA/8.5 BOEST 20310611 GTIA,3600000,DOP,36,9.2861,97.495206,25/09/2026,11:16:58 AM,ESTRUCTURADA,PRIMERA PARTE,ROTC,25/09/2026,CONFIRMADA,3361989,0,11/06/2021,11/06/2031,6.49,MINISTERIO DE HACIENDA,HACIENDA,62629
DO1005208629,MH12031,HACIENDA/8.5 BOEST 20310611 GTIA,3800000,DOP,38,4.7239,116.023987,25/09/2026,11:16:01 AM,PRESTAMO,SEGUNDA PARTE,ROTC,26/10/2026,CONFIRMADA,3362110,0,11/06/2021,11/06/2031,8.24,MINISTERIO DE HACIENDA,HACIENDA,60655
DO1005208629,MH12031,HACIENDA/8.5 BOEST 20310611 GTIA,3800000,DOP,38,4.8047,115.916258,25/09/2026,11:16:01 AM,PRESTAMO,PRIMERA PARTE,ROTC,25/09/2026,CONFIRMADA,3362110,0,11/06/2021,11/06/2031,8.24,MINISTERIO DE HACIENDA,HACIENDA,60760
DO1005208629,MH12031,HACIENDA/8.5 BOEST 20310611 GTIA,3800000,DOP,38,4.7239,116.023987,25/09/2026,11:16:00 AM,ESTRUCTURADA,SEGUNDA PARTE,ROTC,26/10/2026,CONFIRMADA,3361988,0,11/06/2021,11/06/2031,8.24,MINISTERIO DE HACIENDA,HACIENDA,62748
DO1005208629,MH12031,HACIENDA/8.5 BOEST 20310611 GTIA,3800000,DOP,38,4.8047,115.916258,25/09/2026,11:16:00 AM,ESTRUCTURADA,PRIMERA PARTE,ROTC,25/09/2026,CONFIRMADA,3361988,0,11/06/2021,11/06/2031,8.24,MINISTERIO DE HACIENDA,HACIENDA,62853
DO1002228729,NO030328,BCENTRAL/9.5 BOEST 20280303 GTIA,2760000,DOP,276,10.3927,98.930488,25/09/2026,11:15:26 AM,PRESTAMO,SEGUNDA PARTE,ROTC,24/11/2026,CONFIRMADA,3362108,0,03/03/2025,03/03/2028,8.25,BANCO CENTRAL DE LA REPUBLICA DOMINICANA,BCENTRAL,61845
DO1002228729,NO030328,BCENTRAL/9.5 BOEST 20280303 GTIA,2760000,DOP,276,10.1523,99.134042,25/09/2026,11:15:26 AM,PRESTAMO,PRIMERA PARTE,ROTC,25/09/2026,CONFIRMADA,3362108,0,03/03/2025,03/03/2028,8.25,BANCO CENTRAL DE LA REPUBLICA DOMINICANA,BCENTRAL,61775
DO1002228729,NO030328,BCENTRAL/9.5 BOEST 20280303 GTIA,2760000,DOP,276,10.3927,98.930488,25/09/2026,11:15:25 AM,ESTRUCTURADA,SEGUNDA PARTE,ROTC,24/11/2026,CONFIRMADA,3362007,0,03/03/2025,03/03/2028,8.25,BANCO CENTRAL DE LA REPUBLICA DOMINICANA,BCENTRAL,63938
DO1002228729,NO030328,BCENTRAL/9.5 BOEST 20280303 GTIA,2760000,DOP,276,10.1523,99.134042,25/09/2026,11:15:25 AM,ESTRUCTURADA,PRIMERA PARTE,ROTC,25/09/2026,CONFIRMADA,3362007,0,03/03/2025,03/03/2028,8.25,BANCO CENTRAL DE LA REPUBLICA DOMINICANA,BCENTRAL,63868
DO1002228729,NO030328,BCENTRAL/9.5 BOEST 20280303 GTIA,20000,DOP,2,52.7068,81.3841,25/09/2026,11:15:24 AM,PRESTAMO,SEGUNDA PARTE,ROTC,16/08/2027,CONFIRMADA,3362107,0,03/03/2025,03/03/2028,7.85,BANCO CENTRAL DE LA REPUBLICA DOMINICANA,BCENTRAL,59563
DO1002228729,NO030328,BCENTRAL/9.5 BOEST 20280303 GTIA,20000,DOP,2,27.7756,79.42265,25/09/2026,11:15:24 AM,PRESTAMO,PRIMERA PARTE,ROTC,25/09/2026,CONFIRMADA,3362107,0,03/03/2025,03/03/2028,7.85,BANCO CENTRAL DE LA REPUBLICA DOMINICANA,BCENTRAL,60074
DO1002228729,NO030328,BCENTRAL/9.5 BOEST 20280303 GTIA,20000,DOP,2,52.7068,81.3841,25/09/2026,11:15:22 AM,ESTRUCTURADA,SEGUNDA PARTE,ROTC,16/08/2027,CONFIRMADA,3362008,0,03/03/2025,03/03/2028,7.85,BANCO CENTRAL DE LA REPUBLICA DOMINICANA,BCENTRAL,61649
DO1002228729,NO030328,BCENTRAL/9.5 BOEST 20280303 GTIA,20000,DOP,2,27.7756,79.42265,25/09/2026,11:15:22 AM,ESTRUCTURADA,PRIMERA PARTE,ROTC,25/09/2026,CONFIRMADA,3362008,0,03/03/2025,03/03/2028,7.85,BANCO CENTRAL DE LA REPUBLICA DOMINICANA,BCENTRAL,62160
DO1005206516,MH32028,HACIENDA/10.75 BOEST 20280811 GTIA,11900000,DOP,119,9.122,102.628377,25/09/2026,11:14:52 AM,PRESTAMO,SEGUNDA PARTE,ROTC,26/10/2026,CONFIRMADA,3362106,0,10/08/2018,11/08/2028,7.74,MINISTERIO DE HACIENDA,HACIENDA,61670
DO1005206516,MH32028,HACIENDA/10.75 BOEST 20280811 GTIA,11900000,DOP,119,9.0693,102.846886,25/09/2026,11:14:52 AM,PRESTAMO,PRIMERA PARTE,ROTC,25/09/2026,CONFIRMADA,3362106,0,10/08/2018,11/08/2028,7.74,MINISTERIO DE HACIENDA,HACIENDA,62258
DO1005206516,MH32028,HACIENDA/10.75 BOEST 20280811 GTIA,11900000,DOP,119,9.122,102.628377,25/09/2026,11:14:51 AM,ESTRUCTURADA,SEGUNDA PARTE,ROTC,26/10/2026,CONFIRMADA,3361987,0,10/08/2018,11/08/2028,7.74,MINISTERIO DE HACIENDA,HACIENDA,63763
DO1005206516,MH32028,HACIENDA/10.75 BOEST 20280811 GTIA,11900000,DOP,119,9.0693,102.846886,25/09/2026,11:14:51 AM,ESTRUCTURADA,PRIMERA PARTE,ROTC,25/09/2026,CONFIRMADA,3361987,0,10/08/2018,11/08/2028,7.74,MINISTERIO DE HACIENDA,HACIENDA,64351
DO1005206516,MH32028,HACIENDA/10.75 BOEST 20280811 GTIA,4300000,DOP,43,8.8201,103.142408,25/09/2026,11:13:49 AM,PRESTAMO,SEGUNDA PARTE,ROTC,23/10/2026,CONFIRMADA,3362103,0,10/08/2018,11/08/2028,8.24,MINISTERIO DE HACIENDA,HACIENDA,61236
DO1005206516,MH32028,HACIENDA/10.75 BOEST 20280811 GTIA,4300000,DOP,43,8.8093,103.296368,25/09/2026,11:13:49 AM,PRESTAMO,PRIMERA PARTE,ROTC,25/09/2026,CONFIRMADA,3362103,0,10/08/2018,11/08/2028,8.24,MINISTERIO DE HACIENDA,HACIENDA,61537
DO1005206516,MH32028,HACIENDA/10.75 BOEST 20280811 GTIA,4300000,DOP,43,8.8201,103.142408,25/09/2026,11:13:48 AM,ESTRUCTURADA,SEGUNDA PARTE,ROTC,23/10/2026,CONFIRMADA,3361986,0,10/08/2018,11/08/2028,8.24,MINISTERIO DE HACIENDA,HACIENDA,63329
DO1005206516,MH32028,HACIENDA/10.75 BOEST 20280811 GTIA,4300000,DOP,43,8.8093,103.296368,25/09/2026,11:13:48 AM,ESTRUCTURADA,PRIMERA PARTE,ROTC,25/09/2026,CONFIRMADA,3361986,0,10/08/2018,11/08/2028,8.24,MINISTERIO DE HACIENDA,HACIENDA,63630
USP3579ECG00,BSRD2060,DOMINICAN REP/5.875 BD 20600130 U,183000,USD,183,4.7549,118.542104,25/09/2026,11:12:57 AM,ESTRUCTURADA,SEGUNDA PARTE,ROTC,22/02/2027,CONFIRMADA,3361943,0,30/01/2020,30/01/2060,4.4,MINISTERIO DE HACIENDA,HACIENDA,64393
USP3579ECG00,BSRD2060,DOMINICAN REP/5.875 BD 20600130 U,183000,USD,183,4.9037,115.86295,25/09/2026,11:12:57 AM,ESTRUCTURADA,PRIMERA PARTE,ROTC,25/09/2026,CONFIRMADA,3361943,0,30/01/2020,30/01/2060,4.4,MINISTERIO DE HACIENDA,HACIENDA,64218
USP3579ECG00,BSRD2060,DOMINICAN REP/5.875 BD 20600130 U,183000,USD,183,4.7549,118.542104,25/09/2026,11:12:56 AM,PRESTAMO,SEGUNDA PARTE,ROTC,22/02/2027,CONFIRMADA,3361944,0,30/01/2020,30/01/2060,2.555216,MINISTERIO DE HACIENDA,HACIENDA,62286
USP3579ECG00,BSRD2060,DOMINICAN REP/5.875 BD 20600130 U,183000,USD,183,4.9037,115.86295,25/09/2026,11:12:56 AM,PRESTAMO,PRIMERA PARTE,ROTC,25/09/2026,CONFIRMADA,3361944,0,30/01/2020,30/01/2060,2.555216,MINISTERIO DE HACIENDA,HACIENDA,62111
DO2018100324,BC1AES03,AESTRELLA/11.25 BO 20301130,5942410,DOP,5942410,10.0527,103.577061,25/09/2026,11:12:55 AM,ESTRUCTURADA,SEGUNDA PARTE,ROTC,23/04/2027,CONFIRMADA,3361949,0,30/11/2020,30/11/2030,9,ACERO ESTRELLA S A,AESTRELLA,62993
DO2018100324,BC1AES03,AESTRELLA/11.25 BO 20301130,5942410,DOP,5942410,11.4938,99.190502,25/09/2026,11:12:55 AM,ESTRUCTURADA,PRIMERA PARTE,ROTC,25/09/2026,CONFIRMADA,3361949,0,30/11/2020,30/11/2030,9,ACERO ESTRELLA S A,AESTRELLA,62874
DO2018100324,BC1AES03,AESTRELLA/11.25 BO 20301130,5942410,DOP,5942410,10.0527,103.577061,25/09/2026,11:12:53 AM,PRESTAMO,SEGUNDA PARTE,ROTC,23/04/2027,CONFIRMADA,3361950,0,30/11/2020,30/11/2030,5.749582,ACERO ESTRELLA S A,AESTRELLA,60879
DO2018100324,BC1AES03,AESTRELLA/11.25 BO 20301130,5942410,DOP,5942410,11.4938,99.190502,25/09/2026,11:12:53 AM,PRESTAMO,PRIMERA PARTE,ROTC,25/09/2026,CONFIRMADA,3361950,0,30/11/2020,30/11/2030,5.749582,ACERO ESTRELLA S A,AESTRELLA,60760
DO1005206516,MH32028,HACIENDA/10.75 BOEST 20280811 GTIA,3400000,DOP,34,9.8292,101.470276,25/09/2026,11:12:03 AM,PRESTAMO,SEGUNDA PARTE,ROTC,26/10/2026,CONFIRMADA,3362095,0,10/08/2018,11/08/2028,8.99,MINISTERIO DE HACIENDA,HACIENDA,61292
DO1005206516,MH32028,HACIENDA/10.75 BOEST 20280811 GTIA,3400000,DOP,34,9.8066,101.586382,25/09/2026,11:12:03 AM,PRESTAMO,PRIMERA PARTE,ROTC,25/09/2026,CONFIRMADA,3362095,0,10/08/2018,11/08/2028,8.99,MINISTERIO DE HACIENDA,HACIENDA,61439
DO1005206516,MH32028,HACIENDA/10.75 BOEST 20280811 GTIA,3400000,DOP,34,9.8292,101.470276,25/09/2026,11:12:01 AM,ESTRUCTURADA,SEGUNDA PARTE,ROTC,26/10/2026,CONFIRMADA,3361985,0,10/08/2018,11/08/2028,8.99,MINISTERIO DE HACIENDA,HACIENDA,63378
DO1005206516,MH32028,HACIENDA/10.75 BOEST 20280811 GTIA,3400000,DOP,34,9.8066,101.586382,25/09/2026,11:12:01 AM,ESTRUCTURADA,PRIMERA PARTE,ROTC,25/09/2026,CONFIRMADA,3361985,0,10/08/2018,11/08/2028,8.99,MINISTERIO DE HACIENDA,HACIENDA,63525
USP3579EDA21,BSRD2034, ,103000,USD,103,6.5108,95.55,25/09/2026,11:10:26 AM,CONTADO,PRIMERA PARTE,ROTC,25/09/2026,CONFIRMADA,3361634,0,17/02/2026,17/03/2034,0,MINISTERIO DE HACIENDA,HACIENDA,46438
DO1002261522,NO180130,BCENTRAL/9.5 BOEST 20300118 GTIA,29080000,DOP,2908,7.25457967,105.914539,25/09/2026,11:08:15 AM,ESTRUCTURADA,SEGUNDA PARTE,ROTC,26/01/2027,CONFIRMADA,3361979,0,18/01/2026,18/01/2030,8.4,BANCO CENTRAL DE LA REPUBLICA DOMINICANA,BCENTRAL,66031
DO1002261522,NO180130,BCENTRAL/9.5 BOEST 20300118 GTIA,29080000,DOP,2908,8.9994146,101.382436,25/09/2026,11:08:15 AM,ESTRUCTURADA,PRIMERA PARTE,ROTC,25/09/2026,CONFIRMADA,3361979,0,18/01/2026,18/01/2030,8.4,BANCO CENTRAL DE LA REPUBLICA DOMINICANA,BCENTRAL,65723
DO1005204412,MH12029,HACIENDA/11.375 BOEST 20290706 GTIA,1800000,DOP,18,7.24157406,109.77411,25/09/2026,11:08:14 AM,PRESTAMO,SEGUNDA PARTE,ROTC,10/11/2026,CONFIRMADA,3361995,0,06/07/2014,06/07/2029,8.05,MINISTERIO DE HACIENDA,HACIENDA,62727
DO1005204412,MH12029,HACIENDA/11.375 BOEST 20290706 GTIA,1800000,DOP,18,7.29891103,110.049722,25/09/2026,11:08:14 AM,PRESTAMO,PRIMERA PARTE,ROTC,25/09/2026,CONFIRMADA,3361995,0,06/07/2014,06/07/2029,8.05,MINISTERIO DE HACIENDA,HACIENDA,63217
DO1005204412,MH12029,HACIENDA/11.375 BOEST 20290706 GTIA,1800000,DOP,18,7.24157406,109.77411,25/09/2026,11:08:13 AM,ESTRUCTURADA,SEGUNDA PARTE,ROTC,10/11/2026,CONFIRMADA,3361980,0,06/07/2014,06/07/2029,8.05,MINISTERIO DE HACIENDA,HACIENDA,64820
DO1005204412,MH12029,HACIENDA/11.375 BOEST 20290706 GTIA,1800000,DOP,18,7.29891103,110.049722,25/09/2026,11:08:13 AM,ESTRUCTURADA,PRIMERA PARTE,ROTC,25/09/2026,CONFIRMADA,3361980,0,06/07/2014,06/07/2029,8.05,MINISTERIO DE HACIENDA,HACIENDA,65310
DO1005208322,MHUS2040,HACIENDA/6.75 BOEST 20400724 GTIA,307000,USD,307,4.68508376,120.660194,25/09/2026,11:08:12 AM,PRESTAMO,SEGUNDA PARTE,ROTC,24/11/2026,CONFIRMADA,3361994,0,24/07/2020,24/07/2040,4.8,MINISTERIO DE HACIENDA,HACIENDA,63329
DO1005208322,MHUS2040,HACIENDA/6.75 BOEST 20400724 GTIA,307000,USD,307,4.68913018,120.790967,25/09/2026,11:08:12 AM,PRESTAMO,PRIMERA PARTE,ROTC,25/09/2026,CONFIRMADA,3361994,0,24/07/2020,24/07/2040,4.8,MINISTERIO DE HACIENDA,HACIENDA,63483
DO1005208322,MHUS2040,HACIENDA/6.75 BOEST 20400724 GTIA,307000,USD,307,4.68508376,120.660194,25/09/2026,11:08:11 AM,ESTRUCTURADA,SEGUNDA PARTE,ROTC,24/11/2026,CONFIRMADA,3361981,0,24/07/2020,24/07/2040,4.8,MINISTERIO DE HACIENDA,HACIENDA,65422
DO1005208322,MHUS2040,HACIENDA/6.75 BOEST 20400724 GTIA,307000,USD,307,4.68913018,120.790967,25/09/2026,11:08:11 AM,ESTRUCTURADA,PRIMERA PARTE,ROTC,25/09/2026,CONFIRMADA,3361981,0,24/07/2020,24/07/2040,4.8,MINISTERIO DE HACIENDA,HACIENDA,65576
DO1005208322,MHUS2040,HACIENDA/6.75 BOEST 20400724 GTIA,57000,USD,57,4.62609352,121.480885,25/09/2026,11:08:09 AM,PRESTAMO,SEGUNDA PARTE,ROTC,05/10/2026,CONFIRMADA,3361993,0,24/07/2020,24/07/2040,0.15,MINISTERIO DE HACIENDA,HACIENDA,62699
DO1005208322,MHUS2040,HACIENDA/6.75 BOEST 20400724 GTIA,57000,USD,57,4.6129789,121.663268,25/09/2026,11:08:09 AM,PRESTAMO,PRIMERA PARTE,ROTC,25/09/2026,CONFIRMADA,3361993,0,24/07/2020,24/07/2040,0.15,MINISTERIO DE HACIENDA,HACIENDA,62545
DO1005208322,MHUS2040,HACIENDA/6.75 BOEST 20400724 GTIA,57000,USD,57,4.62609352,121.480885,25/09/2026,11:08:08 AM,ESTRUCTURADA,SEGUNDA PARTE,ROTC,05/10/2026,CONFIRMADA,3361982,0,24/07/2020,24/07/2040,0.15,MINISTERIO DE HACIENDA,HACIENDA,64792
DO1005208322,MHUS2040,HACIENDA/6.75 BOEST 20400724 GTIA,57000,USD,57,4.6129789,121.663268,25/09/2026,11:08:08 AM,ESTRUCTURADA,PRIMERA PARTE,ROTC,25/09/2026,CONFIRMADA,3361982,0,24/07/2020,24/07/2040,0.15,MINISTERIO DE HACIENDA,HACIENDA,64638
DO1005204412,MH12029,HACIENDA/11.375 BOEST 20290706 GTIA,35500000,DOP,355,8.46477359,106.653983,25/09/2026,11:08:07 AM,PRESTAMO,SEGUNDA PARTE,ROTC,24/11/2026,CONFIRMADA,3361992,0,06/07/2014,06/07/2029,8.45,MINISTERIO DE HACIENDA,HACIENDA,64036
DO1005204412,MH12029,HACIENDA/11.375 BOEST 20290706 GTIA,35500000,DOP,355,8.48493824,106.981637,25/09/2026,11:08:07 AM,PRESTAMO,PRIMERA PARTE,ROTC,25/09/2026,CONFIRMADA,3361992,0,06/07/2014,06/07/2029,8.45,MINISTERIO DE HACIENDA,HACIENDA,64134
DO1005204412,MH12029,HACIENDA/11.375 BOEST 20290706 GTIA,35500000,DOP,355,8.46477359,106.653983,25/09/2026,11:08:06 AM,ESTRUCTURADA,SEGUNDA PARTE,ROTC,24/11/2026,CONFIRMADA,3361983,0,06/07/2014,06/07/2029,8.45,MINISTERIO DE HACIENDA,HACIENDA,66129
DO1005204412,MH12029,HACIENDA/11.375 BOEST 20290706 GTIA,35500000,DOP,355,8.48493824,106.981637,25/09/2026,11:08:06 AM,ESTRUCTURADA,PRIMERA PARTE,ROTC,25/09/2026,CONFIRMADA,3361983,0,06/07/2014,06/07/2029,8.45,MINISTERIO DE HACIENDA,HACIENDA,66227
USP3579ECN50,BSRD2033, ,444000,USD,444,6.0633154,99.665878,25/09/2026,11:08:05 AM,ESTRUCTURADA,SEGUNDA PARTE,ROTC,09/12/2026,CONFIRMADA,3361984,0,22/02/2022,22/02/2033,5.2,MINISTERIO DE HACIENDA,HACIENDA,52017
USP3579ECN50,BSRD2033, ,444000,USD,444,6.03454954,99.811957,25/09/2026,11:08:05 AM,ESTRUCTURADA,PRIMERA PARTE,ROTC,25/09/2026,CONFIRMADA,3361984,0,22/02/2022,22/02/2033,5.2,MINISTERIO DE HACIENDA,HACIENDA,52465
USP3579ECE51,BSRD2049,"DOMINICAN, REP /6.4 BD 20490605",22000,USD,22,4.8407,121.2455,25/09/2026,11:00:59 AM,ESTRUCTURADA,SEGUNDA PARTE,ROTC,24/11/2026,CONFIRMADA,3361941,0,05/06/2019,05/06/2049,4.2,MINISTERIO DE HACIENDA,HACIENDA,61964
USP3579ECE51,BSRD2049,"DOMINICAN, REP /6.4 BD 20490605",22000,USD,22,4.8339,121.430672,25/09/2026,11:00:59 AM,ESTRUCTURADA,PRIMERA PARTE,ROTC,25/09/2026,CONFIRMADA,3361941,0,05/06/2019,05/06/2049,4.2,MINISTERIO DE HACIENDA,HACIENDA,62825
USP3579ECE51,BSRD2049,"DOMINICAN, REP /6.4 BD 20490605",22000,USD,22,4.8407,121.2455,25/09/2026,11:00:58 AM,PRESTAMO,SEGUNDA PARTE,ROTC,24/11/2026,CONFIRMADA,3361942,0,05/06/2019,05/06/2049,2.269041,MINISTERIO DE HACIENDA,HACIENDA,59857
USP3579ECE51,BSRD2049,"DOMINICAN, REP /6.4 BD 20490605",22000,USD,22,4.8339,121.430672,25/09/2026,11:00:58 AM,PRESTAMO,PRIMERA PARTE,ROTC,25/09/2026,CONFIRMADA,3361942,0,05/06/2019,05/06/2049,2.269041,MINISTERIO DE HACIENDA,HACIENDA,60718
USP3579ECE51,BSRD2049,"DOMINICAN, REP /6.4 BD 20490605",35000,USD,35,4.8742,120.723457,25/09/2026,11:00:57 AM,ESTRUCTURADA,SEGUNDA PARTE,ROTC,24/11/2026,CONFIRMADA,3361939,0,05/06/2019,05/06/2049,4.2,MINISTERIO DE HACIENDA,HACIENDA,62769
USP3579ECE51,BSRD2049,"DOMINICAN, REP /6.4 BD 20490605",35000,USD,35,4.867,120.912273,25/09/2026,11:00:57 AM,ESTRUCTURADA,PRIMERA PARTE,ROTC,25/09/2026,CONFIRMADA,3361939,0,05/06/2019,05/06/2049,4.2,MINISTERIO DE HACIENDA,HACIENDA,62524
USP3579ECE51,BSRD2049,"DOMINICAN, REP /6.4 BD 20490605",35000,USD,35,4.8742,120.723457,25/09/2026,11:00:56 AM,PRESTAMO,SEGUNDA PARTE,ROTC,24/11/2026,CONFIRMADA,3361940,0,05/06/2019,05/06/2049,2.275672,MINISTERIO DE HACIENDA,HACIENDA,60662
USP3579ECE51,BSRD2049,"DOMINICAN, REP /6.4 BD 20490605",35000,USD,35,4.867,120.912273,25/09/2026,11:00:56 AM,PRESTAMO,PRIMERA PARTE,ROTC,25/09/2026,CONFIRMADA,3361940,0,05/06/2019,05/06/2049,2.275672,MINISTERIO DE HACIENDA,HACIENDA,60417
USP3579EBY25,BSRD2048,DOMINICAN REP/6.5 CHURCH BD UNSEC,9000,USD,9,0,102.363333,25/09/2026,10:59:57 AM,PLAZO,PRIMERA PARTE,ROTC,28/10/2026,CONFIRMADA,3361402,0,08/02/2018,15/02/2048,0,MINISTERIO DE HACIENDA,HACIENDA,59444
DO1002261928,LE090427,BCENTRAL/ LT 20270409 GTIA,10000,DOP,1,-13.042,107.518,25/09/2026,10:59:56 AM,CONTADO,PRIMERA PARTE,ROTC,28/09/2026,CONFIRMADA,3361388,0,09/04/2026,09/04/2027,0,BANCO CENTRAL DE LA REPUBLICA DOMINICANA,BCENTRAL,56203
DO1002261928,LE090427,BCENTRAL/ LT 20270409 GTIA,10000,DOP,1,-12.996,107.4893,25/09/2026,10:59:54 AM,CONTADO,PRIMERA PARTE,ROTC,28/09/2026,CONFIRMADA,3361391,0,09/04/2026,09/04/2027,0,BANCO CENTRAL DE LA REPUBLICA DOMINICANA,BCENTRAL,56714
DO1005205617,MH12027,HACIENDA/11.25 BOEST 20270205 GTIA,700000,DOP,7,25.6075,95.384179,25/09/2026,10:59:53 AM,CONTADO,PRIMERA PARTE,ROTC,28/09/2026,CONFIRMADA,3361394,0,05/08/2016,05/02/2027,0,MINISTERIO DE HACIENDA,HACIENDA,60186
DO1002261928,LE090427,BCENTRAL/ LT 20270409 GTIA,170000,DOP,17,10.1758,94.826859,25/09/2026,10:59:52 AM,CONTADO,PRIMERA PARTE,ROTC,28/09/2026,CONFIRMADA,3361397,0,09/04/2026,09/04/2027,0,BANCO CENTRAL DE LA REPUBLICA DOMINICANA,BCENTRAL,57925
USP3579EBY25,BSRD2048,DOMINICAN REP/6.5 CHURCH BD UNSEC,9000,USD,9,6.28,102.560556,25/09/2026,10:59:50 AM,CONTADO,PRIMERA PARTE,ROTC,28/09/2026,CONFIRMADA,3361400,0,08/02/2018,15/02/2048,0,MINISTERIO DE HACIENDA,HACIENDA,61509
DO1002261928,LE090427,BCENTRAL/ LT 20270409 GTIA,10000,DOP,1,-22.3,108.9785,25/09/2026,10:59:49 AM,PRESTAMO,SEGUNDA PARTE,ROTC,27/11/2026,CONFIRMADA,3361389,0,09/04/2026,09/04/2027,1.340173,BANCO CENTRAL DE LA REPUBLICA DOMINICANA,BCENTRAL,56546
DO1002261928,LE090427,BCENTRAL/ LT 20270409 GTIA,10000,DOP,1,-13.042,107.518,25/09/2026,10:59:49 AM,PRESTAMO,PRIMERA PARTE,ROTC,28/09/2026,CONFIRMADA,3361389,0,09/04/2026,09/04/2027,1.340173,BANCO CENTRAL DE LA REPUBLICA DOMINICANA,BCENTRAL,56910
DO1002261928,LE090427,BCENTRAL/ LT 20270409 GTIA,10000,DOP,1,-22.3,108.9785,25/09/2026,10:59:48 AM,PLAZO,PRIMERA PARTE,ROTC,27/11/2026,CONFIRMADA,3361390,0,09/04/2026,09/04/2027,0,BANCO CENTRAL DE LA REPUBLICA DOMINICANA,BCENTRAL,54999
DO1002261928,LE090427,BCENTRAL/ LT 20270409 GTIA,10000,DOP,1,-22.234,108.9494,25/09/2026,10:59:46 AM,PRESTAMO,SEGUNDA PARTE,ROTC,27/11/2026,CONFIRMADA,3361392,0,09/04/2026,09/04/2027,1.340163,BANCO CENTRAL DE LA REPUBLICA DOMINICANA,BCENTRAL,57218
DO1002261928,LE090427,BCENTRAL/ LT 20270409 GTIA,10000,DOP,1,-12.996,107.4893,25/09/2026,10:59:46 AM,PRESTAMO,PRIMERA PARTE,ROTC,28/09/2026,CONFIRMADA,3361392,0,09/04/2026,09/04/2027,1.340163,BANCO CENTRAL DE LA REPUBLICA DOMINICANA,BCENTRAL,57414
DO1002261928,LE090427,BCENTRAL/ LT 20270409 GTIA,10000,DOP,1,-22.234,108.9494,25/09/2026,10:59:45 AM,PLAZO,PRIMERA PARTE,ROTC,27/11/2026,CONFIRMADA,3361393,0,09/04/2026,09/04/2027,0,BANCO CENTRAL DE LA REPUBLICA DOMINICANA,BCENTRAL,55671
DO1005205617,MH12027,HACIENDA/11.25 BOEST 20270205 GTIA,700000,DOP,7,53.2977,94.681877,25/09/2026,10:59:44 AM,PRESTAMO,SEGUNDA PARTE,ROTC,14/12/2026,CONFIRMADA,3361395,0,05/08/2016,05/02/2027,3.378632,MINISTERIO DE HACIENDA,HACIENDA,60823
DO1005205617,MH12027,HACIENDA/11.25 BOEST 20270205 GTIA,700000,DOP,7,25.6075,95.384179,25/09/2026,10:59:44 AM,PRESTAMO,PRIMERA PARTE,ROTC,28/09/2026,CONFIRMADA,3361395,0,05/08/2016,05/02/2027,3.378632,MINISTERIO DE HACIENDA,HACIENDA,60879
DO1005205617,MH12027,HACIENDA/11.25 BOEST 20270205 GTIA,700000,DOP,7,53.2977,94.681877,25/09/2026,10:59:43 AM,PLAZO,PRIMERA PARTE,ROTC,14/12/2026,CONFIRMADA,3361396,0,05/08/2016,05/02/2027,0,MINISTERIO DE HACIENDA,HACIENDA,59276
DO1005208215,MHUS2029,HACIENDA/6.95 BOEST 20290626 GTIA,4400000,USD,4400,2.4915811,111.750928,25/09/2026,10:59:42 AM,CONTADO,PRIMERA PARTE,ROTC,28/09/2026,CONFIRMADA,3361973,0,26/06/2020,26/06/2029,0,MINISTERIO DE HACIENDA,HACIENDA,63189
DO1002261928,LE090427,BCENTRAL/ LT 20270409 GTIA,170000,DOP,17,10.7458,95.360265,25/09/2026,10:59:41 AM,PRESTAMO,SEGUNDA PARTE,ROTC,28/10/2026,CONFIRMADA,3361398,0,09/04/2026,09/04/2027,0.559359,BANCO CENTRAL DE LA REPUBLICA DOMINICANA,BCENTRAL,58401
DO1002261928,LE090427,BCENTRAL/ LT 20270409 GTIA,170000,DOP,17,10.1758,94.826859,25/09/2026,10:59:41 AM,PRESTAMO,PRIMERA PARTE,ROTC,28/09/2026,CONFIRMADA,3361398,0,09/04/2026,09/04/2027,0.559359,BANCO CENTRAL DE LA REPUBLICA DOMINICANA,BCENTRAL,58604
DO1002261928,LE090427,BCENTRAL/ LT 20270409 GTIA,170000,DOP,17,10.7458,95.360265,25/09/2026,10:59:40 AM,PLAZO,PRIMERA PARTE,ROTC,28/10/2026,CONFIRMADA,3361399,0,09/04/2026,09/04/2027,0,BANCO CENTRAL DE LA REPUBLICA DOMINICANA,BCENTRAL,56854
DO1005208215,MHUS2029,HACIENDA/6.95 BOEST 20290626 GTIA,4400000,USD,4400,2.5,111.761562,25/09/2026,10:59:40 AM,CONTADO,PRIMERA PARTE,ROTC,25/09/2026,CONFIRMADA,3361972,0,26/06/2020,26/06/2029,0,MINISTERIO DE HACIENDA,HACIENDA,60942
USP3579EBY25,BSRD2048,DOMINICAN REP/6.5 CHURCH BD UNSEC,9000,USD,9,0,102.363333,25/09/2026,10:59:39 AM,PRESTAMO,SEGUNDA PARTE,ROTC,28/10/2026,CONFIRMADA,3361401,0,08/02/2018,15/02/2048,1.081089,MINISTERIO DE HACIENDA,HACIENDA,60984
USP3579EBY25,BSRD2048,DOMINICAN REP/6.5 CHURCH BD UNSEC,9000,USD,9,6.28,102.560556,25/09/2026,10:59:39 AM,PRESTAMO,PRIMERA PARTE,ROTC,28/09/2026,CONFIRMADA,3361401,0,08/02/2018,15/02/2048,1.081089,MINISTERIO DE HACIENDA,HACIENDA,62251
USP3579ECH82,BSRD2032,"DOMINICAN, REP /4.875 BD 20320923",750000,USD,750,6.17039521,93.589999,25/09/2026,10:56:58 AM,CONTADO,PRIMERA PARTE,ROTC,25/09/2026,CONFIRMADA,3361933,0,23/09/2020,23/09/2032,0,MINISTERIO DE HACIENDA,HACIENDA,62909
USP3579ECG00,BSRD2060,DOMINICAN REP/5.875 BD 20600130 U,1500000,USD,1500,6.49806472,91.538251,25/09/2026,10:56:56 AM,CONTADO,PRIMERA PARTE,ROTC,25/09/2026,CONFIRMADA,3361934,0,30/01/2020,30/01/2060,0,MINISTERIO DE HACIENDA,HACIENDA,63539
DO1002261928,LE090427,BCENTRAL/ LT 20270409 GTIA,10000,DOP,1,-6.7655,103.8243,25/09/2026,10:55:17 AM,CONTADO,PRIMERA PARTE,ROTC,25/09/2026,CONFIRMADA,3361364,0,09/04/2026,09/04/2027,0,BANCO CENTRAL DE LA REPUBLICA DOMINICANA,BCENTRAL,56595
DO1002261928,LE090427,BCENTRAL/ LT 20270409 GTIA,100000,DOP,10,0.0046,99.99748,25/09/2026,10:55:16 AM,CONTADO,PRIMERA PARTE,ROTC,25/09/2026,CONFIRMADA,3361367,0,09/04/2026,09/04/2027,0,BANCO CENTRAL DE LA REPUBLICA DOMINICANA,BCENTRAL,57050
DO1005208322,MHUS2040,HACIENDA/6.75 BOEST 20400724 GTIA,3000,USD,3,3.5265,135.036,25/09/2026,10:55:14 AM,CONTADO,PRIMERA PARTE,ROTC,25/09/2026,CONFIRMADA,3361370,0,24/07/2020,24/07/2040,0,MINISTERIO DE HACIENDA,HACIENDA,58723
DO1002261928,LE090427,BCENTRAL/ LT 20270409 GTIA,140000,DOP,14,14.1337,92.8548,25/09/2026,10:55:13 AM,CONTADO,PRIMERA PARTE,ROTC,25/09/2026,CONFIRMADA,3361373,0,09/04/2026,09/04/2027,0,BANCO CENTRAL DE LA REPUBLICA DOMINICANA,BCENTRAL,57015
DO1002261928,LE090427,BCENTRAL/ LT 20270409 GTIA,270000,DOP,27,9.2114,95.224426,25/09/2026,10:55:12 AM,CONTADO,PRIMERA PARTE,ROTC,25/09/2026,CONFIRMADA,3361376,0,09/04/2026,09/04/2027,0,BANCO CENTRAL DE LA REPUBLICA DOMINICANA,BCENTRAL,57372
DO1002261928,LE090427,BCENTRAL/ LT 20270409 GTIA,2760000,DOP,276,8.3052,95.67388,25/09/2026,10:55:11 AM,CONTADO,PRIMERA PARTE,ROTC,25/09/2026,CONFIRMADA,3361379,0,09/04/2026,09/04/2027,0,BANCO CENTRAL DE LA REPUBLICA DOMINICANA,BCENTRAL,57876
DO1005208322,MHUS2040,HACIENDA/6.75 BOEST 20400724 GTIA,84000,USD,84,4.7768,119.796607,25/09/2026,10:55:09 AM,CONTADO,PRIMERA PARTE,ROTC,25/09/2026,CONFIRMADA,3361382,0,24/07/2020,24/07/2040,0,MINISTERIO DE HACIENDA,HACIENDA,60830
DO1002261928,LE090427,BCENTRAL/ LT 20270409 GTIA,40000,DOP,4,-3.7422,102.0473,25/09/2026,10:55:08 AM,CONTADO,PRIMERA PARTE,ROTC,28/09/2026,CONFIRMADA,3361385,0,09/04/2026,09/04/2027,0,BANCO CENTRAL DE LA REPUBLICA DOMINICANA,BCENTRAL,56553
DO1002261928,LE090427,BCENTRAL/ LT 20270409 GTIA,40000,DOP,4,-5.6415,102.621325,25/09/2026,10:55:07 AM,PLAZO,PRIMERA PARTE,ROTC,28/10/2026,CONFIRMADA,3361387,0,09/04/2026,09/04/2027,0,BANCO CENTRAL DE LA REPUBLICA DOMINICANA,BCENTRAL,56308
DO1002261928,LE090427,BCENTRAL/ LT 20270409 GTIA,10000,DOP,1,-31.339,106.7863,25/09/2026,10:55:06 AM,PRESTAMO,SEGUNDA PARTE,ROTC,26/01/2027,CONFIRMADA,3361365,0,09/04/2026,09/04/2027,2.773764,BANCO CENTRAL DE LA REPUBLICA DOMINICANA,BCENTRAL,57169
DO1002261928,LE090427,BCENTRAL/ LT 20270409 GTIA,10000,DOP,1,-6.7655,103.8243,25/09/2026,10:55:06 AM,PRESTAMO,PRIMERA PARTE,ROTC,25/09/2026,CONFIRMADA,3361365,0,09/04/2026,09/04/2027,2.773764,BANCO CENTRAL DE LA REPUBLICA DOMINICANA,BCENTRAL,57274
DO1002261928,LE090427,BCENTRAL/ LT 20270409 GTIA,10000,DOP,1,-31.339,106.7863,25/09/2026,10:55:05 AM,PLAZO,PRIMERA PARTE,ROTC,26/01/2027,CONFIRMADA,3361366,0,09/04/2026,09/04/2027,0,BANCO CENTRAL DE LA REPUBLICA DOMINICANA,BCENTRAL,55622
DO1002261928,LE090427,BCENTRAL/ LT 20270409 GTIA,100000,DOP,10,-3.4549,101.32244,25/09/2026,10:55:03 AM,PRESTAMO,SEGUNDA PARTE,ROTC,24/11/2026,CONFIRMADA,3361368,0,09/04/2026,09/04/2027,1.307667,BANCO CENTRAL DE LA REPUBLICA DOMINICANA,BCENTRAL,58086
DO1002261928,LE090427,BCENTRAL/ LT 20270409 GTIA,100000,DOP,10,0.0046,99.99748,25/09/2026,10:55:03 AM,PRESTAMO,PRIMERA PARTE,ROTC,25/09/2026,CONFIRMADA,3361368,0,09/04/2026,09/04/2027,1.307667,BANCO CENTRAL DE LA REPUBLICA DOMINICANA,BCENTRAL,57715
DO1002261928,LE090427,BCENTRAL/ LT 20270409 GTIA,100000,DOP,10,-3.4549,101.32244,25/09/2026,10:55:02 AM,PLAZO,PRIMERA PARTE,ROTC,24/11/2026,CONFIRMADA,3361369,0,09/04/2026,09/04/2027,0,BANCO CENTRAL DE LA REPUBLICA DOMINICANA,BCENTRAL,56539
DO1005208322,MHUS2040,HACIENDA/6.75 BOEST 20400724 GTIA,3000,USD,3,3.5187,134.962333,25/09/2026,10:55:01 AM,PRESTAMO,SEGUNDA PARTE,ROTC,27/10/2026,CONFIRMADA,3361371,0,24/07/2020,24/07/2040,1.2216,MINISTERIO DE HACIENDA,HACIENDA,60424
DO1005208322,MHUS2040,HACIENDA/6.75 BOEST 20400724 GTIA,3000,USD,3,3.5265,135.036,25/09/2026,10:55:01 AM,PRESTAMO,PRIMERA PARTE,ROTC,25/09/2026,CONFIRMADA,3361371,0,24/07/2020,24/07/2040,1.2216,MINISTERIO DE HACIENDA,HACIENDA,59388
DO1005208322,MHUS2040,HACIENDA/6.75 BOEST 20400724 GTIA,3000,USD,3,3.5187,134.962333,25/09/2026,10:54:59 AM,PLAZO,PRIMERA PARTE,ROTC,27/10/2026,CONFIRMADA,3361372,0,24/07/2020,24/07/2040,0,MINISTERIO DE HACIENDA,HACIENDA,58968
DO1002261928,LE090427,BCENTRAL/ LT 20270409 GTIA,140000,DOP,14,17.4802,94.450743,25/09/2026,10:54:58 AM,PRESTAMO,SEGUNDA PARTE,ROTC,09/12/2026,CONFIRMADA,3361374,0,09/04/2026,09/04/2027,1.689709,BANCO CENTRAL DE LA REPUBLICA DOMINICANA,BCENTRAL,58366
DO1002261928,LE090427,BCENTRAL/ LT 20270409 GTIA,140000,DOP,14,14.1337,92.8548,25/09/2026,10:54:58 AM,PRESTAMO,PRIMERA PARTE,ROTC,25/09/2026,CONFIRMADA,3361374,0,09/04/2026,09/04/2027,1.689709,BANCO CENTRAL DE LA REPUBLICA DOMINICANA,BCENTRAL,57764
DO1002261928,LE090427,BCENTRAL/ LT 20270409 GTIA,140000,DOP,14,17.4802,94.450743,25/09/2026,10:54:57 AM,PLAZO,PRIMERA PARTE,ROTC,09/12/2026,CONFIRMADA,3361375,0,09/04/2026,09/04/2027,0,BANCO CENTRAL DE LA REPUBLICA DOMINICANA,BCENTRAL,56819
DO1002261928,LE090427,BCENTRAL/ LT 20270409 GTIA,270000,DOP,27,0,96.517889,25/09/2026,10:54:56 AM,PRESTAMO,SEGUNDA PARTE,ROTC,24/11/2026,CONFIRMADA,3361377,0,09/04/2026,09/04/2027,1.340128,BANCO CENTRAL DE LA REPUBLICA DOMINICANA,BCENTRAL,56343
DO1002261928,LE090427,BCENTRAL/ LT 20270409 GTIA,270000,DOP,27,9.2114,95.224426,25/09/2026,10:54:56 AM,PRESTAMO,PRIMERA PARTE,ROTC,25/09/2026,CONFIRMADA,3361377,0,09/04/2026,09/04/2027,1.340128,BANCO CENTRAL DE LA REPUBLICA DOMINICANA,BCENTRAL,58114
DO1002261928,LE090427,BCENTRAL/ LT 20270409 GTIA,270000,DOP,27,0,96.517889,25/09/2026,10:54:55 AM,PLAZO,PRIMERA PARTE,ROTC,24/11/2026,CONFIRMADA,3361378,0,09/04/2026,09/04/2027,0,BANCO CENTRAL DE LA REPUBLICA DOMINICANA,BCENTRAL,54796
DO1002261928,LE090427,BCENTRAL/ LT 20270409 GTIA,2760000,DOP,276,6.4552,99.181922,25/09/2026,10:54:54 AM,PRESTAMO,SEGUNDA PARTE,ROTC,22/02/2027,CONFIRMADA,3361380,0,09/04/2026,09/04/2027,3.536978,BANCO CENTRAL DE LA REPUBLICA DOMINICANA,BCENTRAL,58814
DO1002261928,LE090427,BCENTRAL/ LT 20270409 GTIA,2760000,DOP,276,8.3052,95.67388,25/09/2026,10:54:54 AM,PRESTAMO,PRIMERA PARTE,ROTC,25/09/2026,CONFIRMADA,3361380,0,09/04/2026,09/04/2027,3.536978,BANCO CENTRAL DE LA REPUBLICA DOMINICANA,BCENTRAL,58611
DO1002261928,LE090427,BCENTRAL/ LT 20270409 GTIA,2760000,DOP,276,6.4552,99.181922,25/09/2026,10:54:53 AM,PLAZO,PRIMERA PARTE,ROTC,22/02/2027,CONFIRMADA,3361381,0,09/04/2026,09/04/2027,0,BANCO CENTRAL DE LA REPUBLICA DOMINICANA,BCENTRAL,57267
DO1005208322,MHUS2040,HACIENDA/6.75 BOEST 20400724 GTIA,84000,USD,84,4.7822,119.647548,25/09/2026,10:54:52 AM,PRESTAMO,SEGUNDA PARTE,ROTC,26/10/2026,CONFIRMADA,3361383,0,24/07/2020,24/07/2040,1.298432,MINISTERIO DE HACIENDA,HACIENDA,61320
DO1005208322,MHUS2040,HACIENDA/6.75 BOEST 20400724 GTIA,84000,USD,84,4.7768,119.796607,25/09/2026,10:54:52 AM,PRESTAMO,PRIMERA PARTE,ROTC,25/09/2026,CONFIRMADA,3361383,0,24/07/2020,24/07/2040,1.298432,MINISTERIO DE HACIENDA,HACIENDA,61502
DO1005208322,MHUS2040,HACIENDA/6.75 BOEST 20400724 GTIA,84000,USD,84,4.7822,119.647548,25/09/2026,10:54:50 AM,PLAZO,PRIMERA PARTE,ROTC,26/10/2026,CONFIRMADA,3361384,0,24/07/2020,24/07/2040,0,MINISTERIO DE HACIENDA,HACIENDA,59766
DO1002261928,LE090427,BCENTRAL/ LT 20270409 GTIA,40000,DOP,4,-5.6415,102.621325,25/09/2026,10:54:49 AM,PRESTAMO,SEGUNDA PARTE,ROTC,28/10/2026,CONFIRMADA,3361386,0,09/04/2026,09/04/2027,0.559362,BANCO CENTRAL DE LA REPUBLICA DOMINICANA,BCENTRAL,57883
DO1002261928,LE090427,BCENTRAL/ LT 20270409 GTIA,40000,DOP,4,-3.7422,102.0473,25/09/2026,10:54:49 AM,PRESTAMO,PRIMERA PARTE,ROTC,28/09/2026,CONFIRMADA,3361386,0,09/04/2026,09/04/2027,0.559362,BANCO CENTRAL DE LA REPUBLICA DOMINICANA,BCENTRAL,57274
DO1002261126,NO280929,BCENTRAL/9.5 BOEST 20290928 GTIA,1000000000,DOP,100000,7.9894,103.968088,25/09/2026,10:54:34 AM,CONTADO,PRIMERA PARTE,ROTC,25/09/2026,CONFIRMADA,3361929,0,28/09/2025,28/09/2029,0,BANCO CENTRAL DE LA REPUBLICA DOMINICANA,BCENTRAL,63273
DO1005254219,MH22041,HACIENDA/12 BOEST 20410529 GTIA,656400000,DOP,6564,8.00000002,134.1478,25/09/2026,10:53:09 AM,CONTADO,PRIMERA PARTE,ROTC,25/09/2026,CONFIRMADA,3361938,0,29/05/2026,29/05/2041,0,MINISTERIO DE HACIENDA,HACIENDA,61775
DO1002261126,NO280929,BCENTRAL/9.5 BOEST 20290928 GTIA,1000000000,DOP,100000,8.00050006,103.938226,25/09/2026,10:50:47 AM,CONTADO,PRIMERA PARTE,ROTC,25/09/2026,CONFIRMADA,3361347,0,28/09/2025,28/09/2029,0,BANCO CENTRAL DE LA REPUBLICA DOMINICANA,BCENTRAL,64428
USP3579ECG00,BSRD2060,DOMINICAN REP/5.875 BD 20600130 U,1000,USD,1,7.10000003,84.42005,25/09/2026,10:47:31 AM,CONTADO,PRIMERA PARTE,ROTC,25/09/2026,CONFIRMADA,3361919,0,30/01/2020,30/01/2060,0,MINISTERIO DE HACIENDA,HACIENDA,60746
DO1005204412,MH12029,HACIENDA/11.375 BOEST 20290706 GTIA,700000,DOP,7,8.10753827,107.815324,14/08/2026,10:44:08 AM,ESTRUCTURADA,SEGUNDA PARTE,ROTC,25/09/2026,MODIFICADA,3282800,0,06/07/2014,06/07/2029,9,MINISTERIO DE HACIENDA,HACIENDA,64456
DO1005204412,MH12029,HACIENDA/11.375 BOEST 20290706 GTIA,1900000,DOP,19,8.09833741,107.744962,25/09/2026,10:38:16 AM,PRESTAMO,SEGUNDA PARTE,ROTC,26/10/2026,CONFIRMADA,3361917,0,06/07/2014,06/07/2029,7.45,MINISTERIO DE HACIENDA,HACIENDA,63266
DO1005204412,MH12029,HACIENDA/11.375 BOEST 20290706 GTIA,1900000,DOP,19,8.08575734,108.002001,25/09/2026,10:38:16 AM,PRESTAMO,PRIMERA PARTE,ROTC,25/09/2026,CONFIRMADA,3361917,0,06/07/2014,06/07/2029,7.45,MINISTERIO DE HACIENDA,HACIENDA,63210
DO1005204412,MH12029,HACIENDA/11.375 BOEST 20290706 GTIA,1900000,DOP,19,8.09833741,107.744962,25/09/2026,10:38:15 AM,ESTRUCTURADA,SEGUNDA PARTE,ROTC,26/10/2026,CONFIRMADA,3361528,0,06/07/2014,06/07/2029,7.45,MINISTERIO DE HACIENDA,HACIENDA,65359
DO1005204412,MH12029,HACIENDA/11.375 BOEST 20290706 GTIA,1900000,DOP,19,8.08575734,108.002001,25/09/2026,10:38:15 AM,ESTRUCTURADA,PRIMERA PARTE,ROTC,25/09/2026,CONFIRMADA,3361528,0,06/07/2014,06/07/2029,7.45,MINISTERIO DE HACIENDA,HACIENDA,65303
DO1005208322,MHUS2040,HACIENDA/6.75 BOEST 20400724 GTIA,180000,USD,180,4.65168698,120.666617,25/09/2026,10:38:14 AM,PRESTAMO,SEGUNDA PARTE,ROTC,24/03/2027,CONFIRMADA,3361916,0,24/07/2020,24/07/2040,5,MINISTERIO DE HACIENDA,HACIENDA,63441
DO1005208322,MHUS2040,HACIENDA/6.75 BOEST 20400724 GTIA,180000,USD,180,4.67344103,120.970022,25/09/2026,10:38:14 AM,PRESTAMO,PRIMERA PARTE,ROTC,25/09/2026,CONFIRMADA,3361916,0,24/07/2020,24/07/2040,5,MINISTERIO DE HACIENDA,HACIENDA,63315
DO1005208322,MHUS2040,HACIENDA/6.75 BOEST 20400724 GTIA,180000,USD,180,4.65168698,120.666617,25/09/2026,10:38:13 AM,ESTRUCTURADA,SEGUNDA PARTE,ROTC,24/03/2027,CONFIRMADA,3361864,0,24/07/2020,24/07/2040,5,MINISTERIO DE HACIENDA,HACIENDA,65534
DO1005208322,MHUS2040,HACIENDA/6.75 BOEST 20400724 GTIA,180000,USD,180,4.67344103,120.970022,25/09/2026,10:38:13 AM,ESTRUCTURADA,PRIMERA PARTE,ROTC,25/09/2026,CONFIRMADA,3361864,0,24/07/2020,24/07/2040,5,MINISTERIO DE HACIENDA,HACIENDA,65408
DO2016300124,BC1GUL01,GULFSTREAM/11.25 BO 20290528,154638,DOP,154638,11.46774978,99.519093,25/09/2026,10:38:12 AM,PRESTAMO,SEGUNDA PARTE,ROTC,11/11/2026,CONFIRMADA,3361915,0,28/05/2019,28/05/2029,7.35,GULFSTREAM PETROLEUM DOMINICANA S DE RL,GULFSTREAM,62447
DO2016300124,BC1GUL01,GULFSTREAM/11.25 BO 20290528,154638,DOP,154638,11.24633114,99.99986,25/09/2026,10:38:12 AM,PRESTAMO,PRIMERA PARTE,ROTC,25/09/2026,CONFIRMADA,3361915,0,28/05/2019,28/05/2029,7.35,GULFSTREAM PETROLEUM DOMINICANA S DE RL,GULFSTREAM,62160
DO2016300124,BC1GUL01,GULFSTREAM/11.25 BO 20290528,154638,DOP,154638,11.46774978,99.519093,25/09/2026,10:38:11 AM,ESTRUCTURADA,SEGUNDA PARTE,ROTC,11/11/2026,CONFIRMADA,3361865,0,28/05/2019,28/05/2029,7.35,GULFSTREAM PETROLEUM DOMINICANA S DE RL,GULFSTREAM,64540
DO2016300124,BC1GUL01,GULFSTREAM/11.25 BO 20290528,154638,DOP,154638,11.24633114,99.99986,25/09/2026,10:38:11 AM,ESTRUCTURADA,PRIMERA PARTE,ROTC,25/09/2026,CONFIRMADA,3361865,0,28/05/2019,28/05/2029,7.35,GULFSTREAM PETROLEUM DOMINICANA S DE RL,GULFSTREAM,64253
DO1005208322,MHUS2040,HACIENDA/6.75 BOEST 20400724 GTIA,66000,USD,66,4.78057469,119.505682,25/09/2026,10:38:09 AM,PRESTAMO,SEGUNDA PARTE,ROTC,24/12/2026,CONFIRMADA,3361914,0,24/07/2020,24/07/2040,3.65,MINISTERIO DE HACIENDA,HACIENDA,62825
DO1005208322,MHUS2040,HACIENDA/6.75 BOEST 20400724 GTIA,66000,USD,66,4.7527514,120.068371,25/09/2026,10:38:09 AM,PRESTAMO,PRIMERA PARTE,ROTC,25/09/2026,CONFIRMADA,3361914,0,24/07/2020,24/07/2040,3.65,MINISTERIO DE HACIENDA,HACIENDA,62433
DO1005208322,MHUS2040,HACIENDA/6.75 BOEST 20400724 GTIA,66000,USD,66,4.78057469,119.505682,25/09/2026,10:38:08 AM,ESTRUCTURADA,SEGUNDA PARTE,ROTC,24/12/2026,CONFIRMADA,3361866,0,24/07/2020,24/07/2040,3.65,MINISTERIO DE HACIENDA,HACIENDA,64918
DO1005208322,MHUS2040,HACIENDA/6.75 BOEST 20400724 GTIA,66000,USD,66,4.7527514,120.068371,25/09/2026,10:38:08 AM,ESTRUCTURADA,PRIMERA PARTE,ROTC,25/09/2026,CONFIRMADA,3361866,0,24/07/2020,24/07/2040,3.65,MINISTERIO DE HACIENDA,HACIENDA,64526
DO1005208322,MHUS2040,HACIENDA/6.75 BOEST 20400724 GTIA,41000,USD,41,4.66512662,120.885932,25/09/2026,10:38:07 AM,PRESTAMO,SEGUNDA PARTE,ROTC,24/11/2026,CONFIRMADA,3361913,0,24/07/2020,24/07/2040,4.25,MINISTERIO DE HACIENDA,HACIENDA,62629
DO1005208322,MHUS2040,HACIENDA/6.75 BOEST 20400724 GTIA,41000,USD,41,4.65978932,121.126104,25/09/2026,10:38:07 AM,PRESTAMO,PRIMERA PARTE,ROTC,25/09/2026,CONFIRMADA,3361913,0,24/07/2020,24/07/2040,4.25,MINISTERIO DE HACIENDA,HACIENDA,62713
DO1005208322,MHUS2040,HACIENDA/6.75 BOEST 20400724 GTIA,41000,USD,41,4.66512662,120.885932,25/09/2026,10:38:06 AM,ESTRUCTURADA,SEGUNDA PARTE,ROTC,24/11/2026,CONFIRMADA,3361867,0,24/07/2020,24/07/2040,4.25,MINISTERIO DE HACIENDA,HACIENDA,64722
DO1005208322,MHUS2040,HACIENDA/6.75 BOEST 20400724 GTIA,41000,USD,41,4.65978932,121.126104,25/09/2026,10:38:06 AM,ESTRUCTURADA,PRIMERA PARTE,ROTC,25/09/2026,CONFIRMADA,3361867,0,24/07/2020,24/07/2040,4.25,MINISTERIO DE HACIENDA,HACIENDA,64806
DO2016300124,BC1GUL01,GULFSTREAM/11.25 BO 20290528,104062,DOP,104062,11.38897089,99.682871,25/09/2026,10:38:05 AM,PRESTAMO,SEGUNDA PARTE,ROTC,26/10/2026,CONFIRMADA,3361912,0,28/05/2019,28/05/2029,7.35,GULFSTREAM PETROLEUM DOMINICANA S DE RL,GULFSTREAM,62335
DO2016300124,BC1GUL01,GULFSTREAM/11.25 BO 20290528,104062,DOP,104062,11.24628197,99.999972,25/09/2026,10:38:05 AM,PRESTAMO,PRIMERA PARTE,ROTC,25/09/2026,CONFIRMADA,3361912,0,28/05/2019,28/05/2029,7.35,GULFSTREAM PETROLEUM DOMINICANA S DE RL,GULFSTREAM,62447
DO2016300124,BC1GUL01,GULFSTREAM/11.25 BO 20290528,104062,DOP,104062,11.38897089,99.682871,25/09/2026,10:38:03 AM,ESTRUCTURADA,SEGUNDA PARTE,ROTC,26/10/2026,CONFIRMADA,3361868,0,28/05/2019,28/05/2029,7.35,GULFSTREAM PETROLEUM DOMINICANA S DE RL,GULFSTREAM,64421
DO2016300124,BC1GUL01,GULFSTREAM/11.25 BO 20290528,104062,DOP,104062,11.24628197,99.999972,25/09/2026,10:38:03 AM,ESTRUCTURADA,PRIMERA PARTE,ROTC,25/09/2026,CONFIRMADA,3361868,0,28/05/2019,28/05/2029,7.35,GULFSTREAM PETROLEUM DOMINICANA S DE RL,GULFSTREAM,64533
DO2016300124,BC1GUL01,GULFSTREAM/11.25 BO 20290528,219707,DOP,219707,11.38886934,99.683096,25/09/2026,10:38:02 AM,PRESTAMO,SEGUNDA PARTE,ROTC,26/10/2026,CONFIRMADA,3361911,0,28/05/2019,28/05/2029,7.35,GULFSTREAM PETROLEUM DOMINICANA S DE RL,GULFSTREAM,62475
DO2016300124,BC1GUL01,GULFSTREAM/11.25 BO 20290528,219707,DOP,219707,11.2461842,100.000195,25/09/2026,10:38:02 AM,PRESTAMO,PRIMERA PARTE,ROTC,25/09/2026,CONFIRMADA,3361911,0,28/05/2019,28/05/2029,7.35,GULFSTREAM PETROLEUM DOMINICANA S DE RL,GULFSTREAM,62195
DO2016300124,BC1GUL01,GULFSTREAM/11.25 BO 20290528,219707,DOP,219707,11.38886934,99.683096,25/09/2026,10:38:01 AM,ESTRUCTURADA,SEGUNDA PARTE,ROTC,26/10/2026,CONFIRMADA,3361869,0,28/05/2019,28/05/2029,7.35,GULFSTREAM PETROLEUM DOMINICANA S DE RL,GULFSTREAM,64568
DO2016300124,BC1GUL01,GULFSTREAM/11.25 BO 20290528,219707,DOP,219707,11.2461842,100.000195,25/09/2026,10:38:01 AM,ESTRUCTURADA,PRIMERA PARTE,ROTC,25/09/2026,CONFIRMADA,3361869,0,28/05/2019,28/05/2029,7.35,GULFSTREAM PETROLEUM DOMINICANA S DE RL,GULFSTREAM,64288
DO1002261423,NO301129,BCENTRAL/9.5 BOEST 20291130 GTIA,500000,DOP,50,9.28736711,100.544141,25/09/2026,10:38:00 AM,PRESTAMO,SEGUNDA PARTE,ROTC,26/10/2026,CONFIRMADA,3361910,0,30/11/2025,30/11/2029,7.4,BANCO CENTRAL DE LA REPUBLICA DOMINICANA,BCENTRAL,62223
DO1002261423,NO301129,BCENTRAL/9.5 BOEST 20291130 GTIA,500000,DOP,50,9.23789004,100.683424,25/09/2026,10:38:00 AM,PRESTAMO,PRIMERA PARTE,ROTC,25/09/2026,CONFIRMADA,3361910,0,30/11/2025,30/11/2029,7.4,BANCO CENTRAL DE LA REPUBLICA DOMINICANA,BCENTRAL,62377
DO1002261423,NO301129,BCENTRAL/9.5 BOEST 20291130 GTIA,500000,DOP,50,9.28736711,100.544141,25/09/2026,10:37:59 AM,ESTRUCTURADA,SEGUNDA PARTE,ROTC,26/10/2026,CONFIRMADA,3361870,0,30/11/2025,30/11/2029,7.4,BANCO CENTRAL DE LA REPUBLICA DOMINICANA,BCENTRAL,64414
DO1002261423,NO301129,BCENTRAL/9.5 BOEST 20291130 GTIA,500000,DOP,50,9.23789004,100.683424,25/09/2026,10:37:59 AM,ESTRUCTURADA,PRIMERA PARTE,ROTC,25/09/2026,CONFIRMADA,3361870,0,30/11/2025,30/11/2029,7.4,BANCO CENTRAL DE LA REPUBLICA DOMINICANA,BCENTRAL,64568
DO1002261423,NO301129,BCENTRAL/9.5 BOEST 20291130 GTIA,290000,DOP,29,9.39445885,100.261004,25/09/2026,10:37:58 AM,PRESTAMO,SEGUNDA PARTE,ROTC,26/10/2026,CONFIRMADA,3361909,0,30/11/2025,30/11/2029,7.4,BANCO CENTRAL DE LA REPUBLICA DOMINICANA,BCENTRAL,62426
DO1002261423,NO301129,BCENTRAL/9.5 BOEST 20291130 GTIA,290000,DOP,29,9.34164805,100.40208,25/09/2026,10:37:58 AM,PRESTAMO,PRIMERA PARTE,ROTC,25/09/2026,CONFIRMADA,3361909,0,30/11/2025,30/11/2029,7.4,BANCO CENTRAL DE LA REPUBLICA DOMINICANA,BCENTRAL,62104
DO1002261423,NO301129,BCENTRAL/9.5 BOEST 20291130 GTIA,290000,DOP,29,9.39445885,100.261004,25/09/2026,10:37:57 AM,ESTRUCTURADA,SEGUNDA PARTE,ROTC,26/10/2026,CONFIRMADA,3361871,0,30/11/2025,30/11/2029,7.4,BANCO CENTRAL DE LA REPUBLICA DOMINICANA,BCENTRAL,64519
DO1002261423,NO301129,BCENTRAL/9.5 BOEST 20291130 GTIA,290000,DOP,29,9.34164805,100.40208,25/09/2026,10:37:57 AM,ESTRUCTURADA,PRIMERA PARTE,ROTC,25/09/2026,CONFIRMADA,3361871,0,30/11/2025,30/11/2029,7.4,BANCO CENTRAL DE LA REPUBLICA DOMINICANA,BCENTRAL,64197
DO2018100225,BC1AES02,AESTRELLA/11.25 BO 20301112,93000,DOP,93000,8.971014,107.791685,25/09/2026,10:36:33 AM,CONTADO,PRIMERA PARTE,ROTC,25/09/2026,CONFIRMADA,3361872,0,12/11/2020,12/11/2030,0,ACERO ESTRELLA S A,AESTRELLA,59318
DO2018100225,BC1AES02,AESTRELLA/11.25 BO 20301112,93000,DOP,93000,0,0,25/09/2026,10:36:31 AM,PRESTAMO,SEGUNDA PARTE,ROTC,11/11/2030,CONFIRMADA,3361873,0,12/11/2020,12/11/2030,0,ACERO ESTRELLA S A,AESTRELLA,53949
DO2018100225,BC1AES02,AESTRELLA/11.25 BO 20301112,93000,DOP,93000,8.174273,110.12402,25/09/2026,10:36:31 AM,PRESTAMO,PRIMERA PARTE,ROTC,25/09/2026,CONFIRMADA,3361873,0,12/11/2020,12/11/2030,0,ACERO ESTRELLA S A,AESTRELLA,59444
DO2018100225,BC1AES02,AESTRELLA/11.25 BO 20301112,93000,DOP,93000,8.174273,110.12402,25/09/2026,10:36:30 AM,PLAZO,PRIMERA PARTE,ROTC,28/12/2026,CONFIRMADA,3361874,0,12/11/2020,12/11/2030,0,ACERO ESTRELLA S A,AESTRELLA,57813
DO1005208322,MHUS2040,HACIENDA/6.75 BOEST 20400724 GTIA,119000,USD,119,4.335879,124.90667,25/09/2026,10:36:29 AM,CONTADO,PRIMERA PARTE,ROTC,25/09/2026,CONFIRMADA,3361875,0,24/07/2020,24/07/2040,0,MINISTERIO DE HACIENDA,HACIENDA,61803
DO1005208322,MHUS2040,HACIENDA/6.75 BOEST 20400724 GTIA,119000,USD,119,0,0,25/09/2026,10:36:28 AM,PRESTAMO,SEGUNDA PARTE,ROTC,23/07/2040,CONFIRMADA,3361876,0,24/07/2020,24/07/2040,0,MINISTERIO DE HACIENDA,HACIENDA,56840
DO1005208322,MHUS2040,HACIENDA/6.75 BOEST 20400724 GTIA,119000,USD,119,4.037102,128.018015,25/09/2026,10:36:28 AM,PRESTAMO,PRIMERA PARTE,ROTC,25/09/2026,CONFIRMADA,3361876,0,24/07/2020,24/07/2040,0,MINISTERIO DE HACIENDA,HACIENDA,62608
DO1005208322,MHUS2040,HACIENDA/6.75 BOEST 20400724 GTIA,119000,USD,119,4.037102,128.018015,25/09/2026,10:36:26 AM,PLAZO,PRIMERA PARTE,ROTC,25/01/2027,CONFIRMADA,3361877,0,24/07/2020,24/07/2040,0,MINISTERIO DE HACIENDA,HACIENDA,60942
DO2018100225,BC1AES02,AESTRELLA/11.25 BO 20301112,144000,DOP,144000,9.180741,107.043752,25/09/2026,10:36:25 AM,CONTADO,PRIMERA PARTE,ROTC,25/09/2026,CONFIRMADA,3361878,0,12/11/2020,12/11/2030,0,ACERO ESTRELLA S A,AESTRELLA,59850
DO2018100225,BC1AES02,AESTRELLA/11.25 BO 20301112,144000,DOP,144000,0,0,25/09/2026,10:36:24 AM,PRESTAMO,SEGUNDA PARTE,ROTC,11/11/2030,CONFIRMADA,3361879,0,12/11/2020,12/11/2030,0,ACERO ESTRELLA S A,AESTRELLA,54593
DO2018100225,BC1AES02,AESTRELLA/11.25 BO 20301112,144000,DOP,144000,9.217891,106.797689,25/09/2026,10:36:24 AM,PRESTAMO,PRIMERA PARTE,ROTC,25/09/2026,CONFIRMADA,3361879,0,12/11/2020,12/11/2030,0,ACERO ESTRELLA S A,AESTRELLA,60753
DO2018100225,BC1AES02,AESTRELLA/11.25 BO 20301112,144000,DOP,144000,9.217891,106.797689,25/09/2026,10:36:22 AM,PLAZO,PRIMERA PARTE,ROTC,26/10/2026,CONFIRMADA,3361880,0,12/11/2020,12/11/2030,0,ACERO ESTRELLA S A,AESTRELLA,59087
DO1002224124,NO120327,BCENTRAL/8 BOEST 20270312 GTIA,500000,DOP,50,2.226587,102.649451,25/09/2026,10:36:21 AM,CONTADO,PRIMERA PARTE,ROTC,25/09/2026,CONFIRMADA,3361881,0,12/03/2022,12/03/2027,0,BANCO CENTRAL DE LA REPUBLICA DOMINICANA,BCENTRAL,60242
DO1002224124,NO120327,BCENTRAL/8 BOEST 20270312 GTIA,500000,DOP,50,0,0,25/09/2026,10:36:20 AM,PRESTAMO,SEGUNDA PARTE,ROTC,11/03/2027,CONFIRMADA,3361882,0,12/03/2022,12/03/2027,0,BANCO CENTRAL DE LA REPUBLICA DOMINICANA,BCENTRAL,54999
DO1002224124,NO120327,BCENTRAL/8 BOEST 20270312 GTIA,500000,DOP,50,0,102.79385,25/09/2026,10:36:20 AM,PRESTAMO,PRIMERA PARTE,ROTC,25/09/2026,CONFIRMADA,3361882,0,12/03/2022,12/03/2027,0,BANCO CENTRAL DE LA REPUBLICA DOMINICANA,BCENTRAL,58051
DO1002224124,NO120327,BCENTRAL/8 BOEST 20270312 GTIA,500000,DOP,50,0,102.79385,25/09/2026,10:36:19 AM,PLAZO,PRIMERA PARTE,ROTC,16/11/2026,CONFIRMADA,3361883,0,12/03/2022,12/03/2027,0,BANCO CENTRAL DE LA REPUBLICA DOMINICANA,BCENTRAL,56455
DO1005210922,MH22034,HACIENDA/13 BOEST 20340610 GTIA,3100000,DOP,31,8.470857,125.221299,25/09/2026,10:36:17 AM,CONTADO,PRIMERA PARTE,ROTC,25/09/2026,CONFIRMADA,3361884,0,10/06/2022,10/06/2034,0,MINISTERIO DE HACIENDA,HACIENDA,60354
DO1005210922,MH22034,HACIENDA/13 BOEST 20340610 GTIA,3100000,DOP,31,0,0,25/09/2026,10:36:16 AM,PRESTAMO,SEGUNDA PARTE,ROTC,09/06/2034,CONFIRMADA,3361885,0,10/06/2022,10/06/2034,0,MINISTERIO DE HACIENDA,HACIENDA,55111
DO1005210922,MH22034,HACIENDA/13 BOEST 20340610 GTIA,3100000,DOP,31,7.451597,131.312614,25/09/2026,10:36:16 AM,PRESTAMO,PRIMERA PARTE,ROTC,25/09/2026,CONFIRMADA,3361885,0,10/06/2022,10/06/2034,0,MINISTERIO DE HACIENDA,HACIENDA,60956
DO1005210922,MH22034,HACIENDA/13 BOEST 20340610 GTIA,3100000,DOP,31,7.451597,131.312614,25/09/2026,10:36:15 AM,PLAZO,PRIMERA PARTE,ROTC,23/12/2026,CONFIRMADA,3361886,0,10/06/2022,10/06/2034,0,MINISTERIO DE HACIENDA,HACIENDA,59290
DO1002224124,NO120327,BCENTRAL/8 BOEST 20270312 GTIA,310000,DOP,31,6.686993000000001,100.585965,25/09/2026,10:36:13 AM,CONTADO,PRIMERA PARTE,ROTC,25/09/2026,CONFIRMADA,3361887,0,12/03/2022,12/03/2027,0,BANCO CENTRAL DE LA REPUBLICA DOMINICANA,BCENTRAL,63420
DO1002261928,LE090427,BCENTRAL/ LT 20270409 GTIA,10000,DOP,1,-350.04,121.2152,25/09/2026,10:36:12 AM,PLAZO,PRIMERA PARTE,ROTC,22/03/2027,CONFIRMADA,3361363,0,09/04/2026,09/04/2027,0,BANCO CENTRAL DE LA REPUBLICA DOMINICANA,BCENTRAL,55419
DO1002224124,NO120327,BCENTRAL/8 BOEST 20270312 GTIA,310000,DOP,31,0,0,25/09/2026,10:36:12 AM,PRESTAMO,SEGUNDA PARTE,ROTC,11/03/2027,CONFIRMADA,3361888,0,12/03/2022,12/03/2027,0,BANCO CENTRAL DE LA REPUBLICA DOMINICANA,BCENTRAL,54992
DO1002224124,NO120327,BCENTRAL/8 BOEST 20270312 GTIA,310000,DOP,31,1.681309,100.795546,25/09/2026,10:36:12 AM,PRESTAMO,PRIMERA PARTE,ROTC,25/09/2026,CONFIRMADA,3361888,0,12/03/2022,12/03/2027,0,BANCO CENTRAL DE LA REPUBLICA DOMINICANA,BCENTRAL,60928
DO1002224124,NO120327,BCENTRAL/8 BOEST 20270312 GTIA,310000,DOP,31,1.681309,100.795546,25/09/2026,10:36:11 AM,PLAZO,PRIMERA PARTE,ROTC,25/01/2027,CONFIRMADA,3361889,0,12/03/2022,12/03/2027,0,BANCO CENTRAL DE LA REPUBLICA DOMINICANA,BCENTRAL,59269
DO1002261928,LE090427,BCENTRAL/ LT 20270409 GTIA,10000,DOP,1,-350.04,121.2152,25/09/2026,10:36:10 AM,PRESTAMO,SEGUNDA PARTE,ROTC,22/03/2027,CONFIRMADA,3361362,0,09/04/2026,09/04/2027,4.010553,BANCO CENTRAL DE LA REPUBLICA DOMINICANA,BCENTRAL,56945
DO1002261928,LE090427,BCENTRAL/ LT 20270409 GTIA,10000,DOP,1,-25.815,116.3538,25/09/2026,10:36:10 AM,PRESTAMO,PRIMERA PARTE,ROTC,25/09/2026,CONFIRMADA,3361362,0,09/04/2026,09/04/2027,4.010553,BANCO CENTRAL DE LA REPUBLICA DOMINICANA,BCENTRAL,57218
DO2018100225,BC1AES02,AESTRELLA/11.25 BO 20301112,96000,DOP,96000,9.722393,105.140794,25/09/2026,10:36:10 AM,CONTADO,PRIMERA PARTE,ROTC,25/09/2026,CONFIRMADA,3361890,0,12/11/2020,12/11/2030,0,ACERO ESTRELLA S A,AESTRELLA,59269
DO1002261928,LE090427,BCENTRAL/ LT 20270409 GTIA,10000,DOP,1,-25.815,116.3538,25/09/2026,10:36:09 AM,CONTADO,PRIMERA PARTE,ROTC,25/09/2026,CONFIRMADA,3361361,0,09/04/2026,09/04/2027,0,BANCO CENTRAL DE LA REPUBLICA DOMINICANA,BCENTRAL,56581
DO2018100225,BC1AES02,AESTRELLA/11.25 BO 20301112,96000,DOP,96000,0,0,25/09/2026,10:36:09 AM,PRESTAMO,SEGUNDA PARTE,ROTC,11/11/2030,CONFIRMADA,3361891,0,12/11/2020,12/11/2030,0,ACERO ESTRELLA S A,AESTRELLA,54026
DO2018100225,BC1AES02,AESTRELLA/11.25 BO 20301112,96000,DOP,96000,9.008795,107.13947,25/09/2026,10:36:09 AM,PRESTAMO,PRIMERA PARTE,ROTC,25/09/2026,CONFIRMADA,3361891,0,12/11/2020,12/11/2030,0,ACERO ESTRELLA S A,AESTRELLA,59710
DO1005205617,MH12027,HACIENDA/11.25 BOEST 20270205 GTIA,200000,DOP,2,101.829,77.49122,25/09/2026,10:36:08 AM,PLAZO,PRIMERA PARTE,ROTC,29/09/2026,CONFIRMADA,3361360,0,05/08/2016,05/02/2027,0,MINISTERIO DE HACIENDA,HACIENDA,58716
DO2018100225,BC1AES02,AESTRELLA/11.25 BO 20301112,96000,DOP,96000,9.008795,107.13947,25/09/2026,10:36:07 AM,PLAZO,PRIMERA PARTE,ROTC,25/01/2027,CONFIRMADA,3361892,0,12/11/2020,12/11/2030,0,ACERO ESTRELLA S A,AESTRELLA,58044
DO1005205617,MH12027,HACIENDA/11.25 BOEST 20270205 GTIA,200000,DOP,2,101.829,77.49122,25/09/2026,10:36:06 AM,PRESTAMO,SEGUNDA PARTE,ROTC,29/09/2026,CONFIRMADA,3361359,0,05/08/2016,05/02/2027,2.037837,MINISTERIO DE HACIENDA,HACIENDA,60242
DO1005205617,MH12027,HACIENDA/11.25 BOEST 20270205 GTIA,200000,DOP,2,98.334,77.572735,25/09/2026,10:36:06 AM,PRESTAMO,PRIMERA PARTE,ROTC,25/09/2026,CONFIRMADA,3361359,0,05/08/2016,05/02/2027,2.037837,MINISTERIO DE HACIENDA,HACIENDA,60396
DO2006901311,BC1ITA01,EGEITABO/5.65 BO 20311208,10600,USD,10600,3.546381,109.957887,25/09/2026,10:36:06 AM,CONTADO,PRIMERA PARTE,ROTC,25/09/2026,CONFIRMADA,3361893,0,08/12/2021,08/12/2031,0,"EMPRESA GENERADORA DE ELECTRICIDAD ITABO, S.A.",EGEITABO,58534
DO1005205617,MH12027,HACIENDA/11.25 BOEST 20270205 GTIA,200000,DOP,2,98.334,77.572735,25/09/2026,10:36:05 AM,CONTADO,PRIMERA PARTE,ROTC,25/09/2026,CONFIRMADA,3361358,0,05/08/2016,05/02/2027,0,MINISTERIO DE HACIENDA,HACIENDA,59696
DO2006901311,BC1ITA01,EGEITABO/5.65 BO 20311208,10600,USD,10600,0,0,25/09/2026,10:36:05 AM,PRESTAMO,SEGUNDA PARTE,ROTC,05/12/2031,CONFIRMADA,3361894,0,08/12/2021,08/12/2031,0,"EMPRESA GENERADORA DE ELECTRICIDAD ITABO, S.A.",EGEITABO,53137
DO2006901311,BC1ITA01,EGEITABO/5.65 BO 20311208,10600,USD,10600,3.543218,109.752813,25/09/2026,10:36:05 AM,PRESTAMO,PRIMERA PARTE,ROTC,25/09/2026,CONFIRMADA,3361894,0,08/12/2021,08/12/2031,0,"EMPRESA GENERADORA DE ELECTRICIDAD ITABO, S.A.",EGEITABO,59066
DO2006901311,BC1ITA01,EGEITABO/5.65 BO 20311208,10600,USD,10600,3.543218,109.752813,25/09/2026,10:36:04 AM,PLAZO,PRIMERA PARTE,ROTC,10/11/2026,CONFIRMADA,3361895,0,08/12/2021,08/12/2031,0,"EMPRESA GENERADORA DE ELECTRICIDAD ITABO, S.A.",EGEITABO,57365
USP3579ECV76,BSDR2036, ,124200000,DOP,2484,5.71593929,136.7808,25/09/2026,10:36:03 AM,PLAZO,PRIMERA PARTE,ROTC,26/10/2026,CONFIRMADA,3361897,0,01/07/2024,01/06/2036,0,MINISTERIO DE HACIENDA,HACIENDA,49756
DO2018100225,BC1AES02,AESTRELLA/11.25 BO 20301112,10500,DOP,10500,9.250433,106.796598,25/09/2026,10:36:01 AM,CONTADO,PRIMERA PARTE,ROTC,25/09/2026,CONFIRMADA,3361898,0,12/11/2020,12/11/2030,0,ACERO ESTRELLA S A,AESTRELLA,59220
DO2018100225,BC1AES02,AESTRELLA/11.25 BO 20301112,10500,DOP,10500,0,0,25/09/2026,10:36:00 AM,PRESTAMO,SEGUNDA PARTE,ROTC,11/11/2030,CONFIRMADA,3361899,0,12/11/2020,12/11/2030,0,ACERO ESTRELLA S A,AESTRELLA,53837
DO2018100225,BC1AES02,AESTRELLA/11.25 BO 20301112,10500,DOP,10500,8.498047,109.028016,25/09/2026,10:36:00 AM,PRESTAMO,PRIMERA PARTE,ROTC,25/09/2026,CONFIRMADA,3361899,0,12/11/2020,12/11/2030,0,ACERO ESTRELLA S A,AESTRELLA,59836
DO2018100225,BC1AES02,AESTRELLA/11.25 BO 20301112,10500,DOP,10500,8.498047,109.028016,25/09/2026,10:35:59 AM,PLAZO,PRIMERA PARTE,ROTC,23/12/2026,CONFIRMADA,3361900,0,12/11/2020,12/11/2030,0,ACERO ESTRELLA S A,AESTRELLA,58268
USP3579ECS48,BSDR2035, ,84000000,DOP,1680,8.2524,118.735119,25/09/2026,10:35:58 AM,CONTADO,PRIMERA PARTE,ROTC,25/09/2026,CONFIRMADA,3361901,0,15/09/2023,15/09/2035,0,MINISTERIO DE HACIENDA,HACIENDA,49553
DO2018100225,BC1AES02,AESTRELLA/11.25 BO 20301112,18500,DOP,18500,9.263045,106.751944,25/09/2026,10:35:56 AM,CONTADO,PRIMERA PARTE,ROTC,25/09/2026,CONFIRMADA,3361902,0,12/11/2020,12/11/2030,0,ACERO ESTRELLA S A,AESTRELLA,59318
DO2018100225,BC1AES02,AESTRELLA/11.25 BO 20301112,18500,DOP,18500,0,0,25/09/2026,10:35:55 AM,PRESTAMO,SEGUNDA PARTE,ROTC,11/11/2030,CONFIRMADA,3361903,0,12/11/2020,12/11/2030,0,ACERO ESTRELLA S A,AESTRELLA,54012
DO2018100225,BC1AES02,AESTRELLA/11.25 BO 20301112,18500,DOP,18500,8.511191,108.982572,25/09/2026,10:35:55 AM,PRESTAMO,PRIMERA PARTE,ROTC,25/09/2026,CONFIRMADA,3361903,0,12/11/2020,12/11/2030,0,ACERO ESTRELLA S A,AESTRELLA,60018
DO2018100225,BC1AES02,AESTRELLA/11.25 BO 20301112,18500,DOP,18500,8.511191,108.982572,25/09/2026,10:35:54 AM,PLAZO,PRIMERA PARTE,ROTC,23/12/2026,CONFIRMADA,3361904,0,12/11/2020,12/11/2030,0,ACERO ESTRELLA S A,AESTRELLA,58352
USP3579ECS48,BSDR2035, ,84000000,DOP,1680,8.2246,118.791501,25/09/2026,10:35:53 AM,PLAZO,PRIMERA PARTE,ROTC,26/10/2026,CONFIRMADA,3361905,0,15/09/2023,15/09/2035,0,MINISTERIO DE HACIENDA,HACIENDA,48545
USP3579ECQ81,BSDR2033, ,50000,DOP,1,8.8844,122.173698,25/09/2026,10:35:51 AM,ESTRUCTURADA,SEGUNDA PARTE,ROTC,24/11/2026,CONFIRMADA,3361822,0,03/02/2023,03/02/2033,8.9,MINISTERIO DE HACIENDA,HACIENDA,50064
USP3579ECQ81,BSDR2033, ,50000,DOP,1,8.8953,122.559524,25/09/2026,10:35:51 AM,ESTRUCTURADA,PRIMERA PARTE,ROTC,25/09/2026,CONFIRMADA,3361822,0,03/02/2023,03/02/2033,8.9,MINISTERIO DE HACIENDA,HACIENDA,50162
USP3579ECV76,BSDR2036, ,124200000,DOP,2484,5.7671556,136.5615,25/09/2026,10:35:51 AM,CONTADO,PRIMERA PARTE,ROTC,25/09/2026,CONFIRMADA,3361896,0,01/07/2024,01/06/2036,0,MINISTERIO DE HACIENDA,HACIENDA,50295
USP3579ECQ81,BSDR2033, ,50000,DOP,1,0,0,25/09/2026,10:35:49 AM,PRESTAMO,SEGUNDA PARTE,ROTC,02/02/2033,CONFIRMADA,3361823,0,03/02/2023,03/02/2033,0,MINISTERIO DE HACIENDA,HACIENDA,42798
USP3579ECQ81,BSDR2033, ,50000,DOP,1,8.8953,122.559524,25/09/2026,10:35:49 AM,PRESTAMO,PRIMERA PARTE,ROTC,25/09/2026,CONFIRMADA,3361823,0,03/02/2023,03/02/2033,0,MINISTERIO DE HACIENDA,HACIENDA,48111
USP3579ECB13,BSRD2028,"DOMINICAN, REP /6 BD 20280719 REGS",5000,USD,5,5.1436,101.204533,25/09/2026,10:35:48 AM,ESTRUCTURADA,SEGUNDA PARTE,ROTC,26/01/2027,CONFIRMADA,3361824,0,19/07/2018,19/07/2028,5.1,MINISTERIO DE HACIENDA,HACIENDA,63630
USP3579ECB13,BSRD2028,"DOMINICAN, REP /6 BD 20280719 REGS",5000,USD,5,5.1574,101.4346,25/09/2026,10:35:48 AM,ESTRUCTURADA,PRIMERA PARTE,ROTC,25/09/2026,CONFIRMADA,3361824,0,19/07/2018,19/07/2028,5.1,MINISTERIO DE HACIENDA,HACIENDA,63084
USP3579ECB13,BSRD2028,"DOMINICAN, REP /6 BD 20280719 REGS",5000,USD,5,0,0,25/09/2026,10:35:47 AM,PRESTAMO,SEGUNDA PARTE,ROTC,18/07/2028,CONFIRMADA,3361825,0,19/07/2018,19/07/2028,0,MINISTERIO DE HACIENDA,HACIENDA,56637
USP3579ECB13,BSRD2028,"DOMINICAN, REP /6 BD 20280719 REGS",5000,USD,5,5.1574,101.4346,25/09/2026,10:35:47 AM,PRESTAMO,PRIMERA PARTE,ROTC,25/09/2026,CONFIRMADA,3361825,0,19/07/2018,19/07/2028,0,MINISTERIO DE HACIENDA,HACIENDA,60977
USP3579ECN50,BSRD2033, ,41000,USD,41,6.5136,97.421171,25/09/2026,10:35:46 AM,ESTRUCTURADA,SEGUNDA PARTE,ROTC,28/12/2026,CONFIRMADA,3361826,0,22/02/2022,22/02/2033,5.35,MINISTERIO DE HACIENDA,HACIENDA,50043
USP3579ECN50,BSRD2033, ,41000,USD,41,6.4619,97.600049,25/09/2026,10:35:46 AM,ESTRUCTURADA,PRIMERA PARTE,ROTC,25/09/2026,CONFIRMADA,3361826,0,22/02/2022,22/02/2033,5.35,MINISTERIO DE HACIENDA,HACIENDA,50183
USP3579ECN50,BSRD2033, ,41000,USD,41,0,0,25/09/2026,10:35:45 AM,PRESTAMO,SEGUNDA PARTE,ROTC,21/02/2033,CONFIRMADA,3361827,0,22/02/2022,22/02/2033,0,MINISTERIO DE HACIENDA,HACIENDA,43155
USP3579ECN50,BSRD2033, ,41000,USD,41,6.4619,97.600049,25/09/2026,10:35:45 AM,PRESTAMO,PRIMERA PARTE,ROTC,25/09/2026,CONFIRMADA,3361827,0,22/02/2022,22/02/2033,0,MINISTERIO DE HACIENDA,HACIENDA,48076
DO1002261522,NO180130,BCENTRAL/9.5 BOEST 20300118 GTIA,50000,DOP,5,10.1876,98.234778,25/09/2026,10:35:44 AM,ESTRUCTURADA,SEGUNDA PARTE,ROTC,05/01/2027,CONFIRMADA,3361828,0,18/01/2026,18/01/2030,9.35,BANCO CENTRAL DE LA REPUBLICA DOMINICANA,BCENTRAL,62335
DO1002261522,NO180130,BCENTRAL/9.5 BOEST 20300118 GTIA,50000,DOP,5,10.1365,98.21875,25/09/2026,10:35:44 AM,ESTRUCTURADA,PRIMERA PARTE,ROTC,25/09/2026,CONFIRMADA,3361828,0,18/01/2026,18/01/2030,9.35,BANCO CENTRAL DE LA REPUBLICA DOMINICANA,BCENTRAL,62020
DO1002261522,NO180130,BCENTRAL/9.5 BOEST 20300118 GTIA,50000,DOP,5,0,0,25/09/2026,10:35:43 AM,PRESTAMO,SEGUNDA PARTE,ROTC,17/01/2030,CONFIRMADA,3361829,0,18/01/2026,18/01/2030,0,BANCO CENTRAL DE LA REPUBLICA DOMINICANA,BCENTRAL,55034
DO1002261522,NO180130,BCENTRAL/9.5 BOEST 20300118 GTIA,50000,DOP,5,10.1365,98.21875,25/09/2026,10:35:43 AM,PRESTAMO,PRIMERA PARTE,ROTC,25/09/2026,CONFIRMADA,3361829,0,18/01/2026,18/01/2030,0,BANCO CENTRAL DE LA REPUBLICA DOMINICANA,BCENTRAL,59913
DO1005213421,MH22035,HACIENDA/10.5 BOEST 20350510 GTIA,9400000,DOP,94,9.1116,107.914986,25/09/2026,10:35:42 AM,ESTRUCTURADA,SEGUNDA PARTE,ROTC,26/01/2027,CONFIRMADA,3361830,0,10/05/2024,10/05/2035,9.75,MINISTERIO DE HACIENDA,HACIENDA,63070
DO1005213421,MH22035,HACIENDA/10.5 BOEST 20350510 GTIA,9400000,DOP,94,9.176,107.732265,25/09/2026,10:35:42 AM,ESTRUCTURADA,PRIMERA PARTE,ROTC,25/09/2026,CONFIRMADA,3361830,0,10/05/2024,10/05/2035,9.75,MINISTERIO DE HACIENDA,HACIENDA,62790
DO1005213421,MH22035,HACIENDA/10.5 BOEST 20350510 GTIA,9400000,DOP,94,0,0,25/09/2026,10:35:41 AM,PRESTAMO,SEGUNDA PARTE,ROTC,09/05/2035,CONFIRMADA,3361831,0,10/05/2024,10/05/2035,0,MINISTERIO DE HACIENDA,HACIENDA,55874
DO1005213421,MH22035,HACIENDA/10.5 BOEST 20350510 GTIA,9400000,DOP,94,9.176,107.732265,25/09/2026,10:35:41 AM,PRESTAMO,PRIMERA PARTE,ROTC,25/09/2026,CONFIRMADA,3361831,0,10/05/2024,10/05/2035,0,MINISTERIO DE HACIENDA,HACIENDA,60683
DO1002262223,LE030927,BCENTRAL/ LT 20270903 GTIA,70000,DOP,7,14.1948,92.0178,25/09/2026,10:35:40 AM,ESTRUCTURADA,SEGUNDA PARTE,ROTC,26/01/2027,CONFIRMADA,3361832,0,03/09/2026,03/09/2027,9.3,BANCO CENTRAL DE LA REPUBLICA DOMINICANA,BCENTRAL,58947
DO1002262223,LE030927,BCENTRAL/ LT 20270903 GTIA,70000,DOP,7,12.7289,89.183971,25/09/2026,10:35:40 AM,ESTRUCTURADA,PRIMERA PARTE,ROTC,25/09/2026,CONFIRMADA,3361832,0,03/09/2026,03/09/2027,9.3,BANCO CENTRAL DE LA REPUBLICA DOMINICANA,BCENTRAL,59871
DO1002262223,LE030927,BCENTRAL/ LT 20270903 GTIA,70000,DOP,7,0,0,25/09/2026,10:35:38 AM,PRESTAMO,SEGUNDA PARTE,ROTC,02/09/2027,CONFIRMADA,3361833,0,03/09/2026,03/09/2027,0,BANCO CENTRAL DE LA REPUBLICA DOMINICANA,BCENTRAL,52528
DO1002262223,LE030927,BCENTRAL/ LT 20270903 GTIA,70000,DOP,7,12.7289,89.183971,25/09/2026,10:35:38 AM,PRESTAMO,PRIMERA PARTE,ROTC,25/09/2026,CONFIRMADA,3361833,0,03/09/2026,03/09/2027,0,BANCO CENTRAL DE LA REPUBLICA DOMINICANA,BCENTRAL,57820
USP3579ECY16,BSDR2037, ,100000,DOP,2,9.3826,107.211803,25/09/2026,10:35:37 AM,ESTRUCTURADA,SEGUNDA PARTE,ROTC,28/12/2026,CONFIRMADA,3361834,0,24/02/2025,15/03/2037,9.2,MINISTERIO DE HACIENDA,HACIENDA,50372
USP3579ECY16,BSDR2037, ,100000,DOP,2,9.3834,107.338783,25/09/2026,10:35:37 AM,ESTRUCTURADA,PRIMERA PARTE,ROTC,25/09/2026,CONFIRMADA,3361834,0,24/02/2025,15/03/2037,9.2,MINISTERIO DE HACIENDA,HACIENDA,50568
USP3579ECY16,BSDR2037, ,100000,DOP,2,0,0,25/09/2026,10:35:36 AM,PRESTAMO,SEGUNDA PARTE,ROTC,13/03/2037,CONFIRMADA,3361835,0,24/02/2025,15/03/2037,0,MINISTERIO DE HACIENDA,HACIENDA,43204
USP3579ECY16,BSDR2037, ,100000,DOP,2,9.3834,107.338783,25/09/2026,10:35:36 AM,PRESTAMO,PRIMERA PARTE,ROTC,25/09/2026,CONFIRMADA,3361835,0,24/02/2025,15/03/2037,0,MINISTERIO DE HACIENDA,HACIENDA,48461
USP3579ECH82,BSRD2032,"DOMINICAN, REP /4.875 BD 20320923",12000,USD,12,6.3708,92.983708,25/09/2026,10:35:35 AM,ESTRUCTURADA,SEGUNDA PARTE,ROTC,28/01/2027,CONFIRMADA,3361836,0,23/09/2020,23/09/2032,5.1,MINISTERIO DE HACIENDA,HACIENDA,63238
USP3579ECH82,BSRD2032,"DOMINICAN, REP /4.875 BD 20320923",12000,USD,12,6.2945,93.002,25/09/2026,10:35:35 AM,ESTRUCTURADA,PRIMERA PARTE,ROTC,25/09/2026,CONFIRMADA,3361836,0,23/09/2020,23/09/2032,5.1,MINISTERIO DE HACIENDA,HACIENDA,62111
USP3579ECH82,BSRD2032,"DOMINICAN, REP /4.875 BD 20320923",12000,USD,12,0,0,25/09/2026,10:35:34 AM,PRESTAMO,SEGUNDA PARTE,ROTC,22/09/2032,CONFIRMADA,3361837,0,23/09/2020,23/09/2032,0,MINISTERIO DE HACIENDA,HACIENDA,56287
USP3579ECH82,BSRD2032,"DOMINICAN, REP /4.875 BD 20320923",12000,USD,12,6.2945,93.002,25/09/2026,10:35:34 AM,PRESTAMO,PRIMERA PARTE,ROTC,25/09/2026,CONFIRMADA,3361837,0,23/09/2020,23/09/2032,0,MINISTERIO DE HACIENDA,HACIENDA,60004
DO1002262223,LE030927,BCENTRAL/ LT 20270903 GTIA,560000,DOP,56,8.9042,93.070934,25/09/2026,10:35:33 AM,ESTRUCTURADA,SEGUNDA PARTE,ROTC,06/11/2026,CONFIRMADA,3361838,0,03/09/2026,03/09/2027,8.45,BANCO CENTRAL DE LA REPUBLICA DOMINICANA,BCENTRAL,60039
DO1002262223,LE030927,BCENTRAL/ LT 20270903 GTIA,560000,DOP,56,8.9256,92.162368,25/09/2026,10:35:33 AM,ESTRUCTURADA,PRIMERA PARTE,ROTC,25/09/2026,CONFIRMADA,3361838,0,03/09/2026,03/09/2027,8.45,BANCO CENTRAL DE LA REPUBLICA DOMINICANA,BCENTRAL,60221
DO1002262223,LE030927,BCENTRAL/ LT 20270903 GTIA,560000,DOP,56,0,0,25/09/2026,10:35:32 AM,PRESTAMO,SEGUNDA PARTE,ROTC,02/09/2027,CONFIRMADA,3361839,0,03/09/2026,03/09/2027,0,BANCO CENTRAL DE LA REPUBLICA DOMINICANA,BCENTRAL,53214
DO1002262223,LE030927,BCENTRAL/ LT 20270903 GTIA,560000,DOP,56,8.9256,92.162368,25/09/2026,10:35:32 AM,PRESTAMO,PRIMERA PARTE,ROTC,25/09/2026,CONFIRMADA,3361839,0,03/09/2026,03/09/2027,0,BANCO CENTRAL DE LA REPUBLICA DOMINICANA,BCENTRAL,58114
USP3579ECZ80,BSRD2035, ,183000,USD,183,6.4938,95.85358,25/09/2026,10:35:30 AM,ESTRUCTURADA,SEGUNDA PARTE,ROTC,27/11/2026,CONFIRMADA,3361840,0,28/10/2025,28/10/2035,5.25,MINISTERIO DE HACIENDA,HACIENDA,50673
USP3579ECZ80,BSRD2035, ,183000,USD,183,6.4684,95.961697,25/09/2026,10:35:30 AM,ESTRUCTURADA,PRIMERA PARTE,ROTC,25/09/2026,CONFIRMADA,3361840,0,28/10/2025,28/10/2035,5.25,MINISTERIO DE HACIENDA,HACIENDA,51156
USP3579ECZ80,BSRD2035, ,183000,USD,183,0,0,25/09/2026,10:35:29 AM,PRESTAMO,SEGUNDA PARTE,ROTC,26/10/2035,CONFIRMADA,3361841,0,28/10/2025,28/10/2035,0,MINISTERIO DE HACIENDA,HACIENDA,44100
USP3579ECZ80,BSRD2035, ,183000,USD,183,6.4684,95.961697,25/09/2026,10:35:29 AM,PRESTAMO,PRIMERA PARTE,ROTC,25/09/2026,CONFIRMADA,3361841,0,28/10/2025,28/10/2035,0,MINISTERIO DE HACIENDA,HACIENDA,49112
USP3579ECY16,BSDR2037, ,1000000,DOP,20,9.1279,108.924713,25/09/2026,10:35:28 AM,ESTRUCTURADA,SEGUNDA PARTE,ROTC,27/01/2027,CONFIRMADA,3361842,0,24/02/2025,15/03/2037,9.2,MINISTERIO DE HACIENDA,HACIENDA,51114
USP3579ECY16,BSDR2037, ,1000000,DOP,20,9.1426,109.019109,25/09/2026,10:35:28 AM,ESTRUCTURADA,PRIMERA PARTE,ROTC,25/09/2026,CONFIRMADA,3361842,0,24/02/2025,15/03/2037,9.2,MINISTERIO DE HACIENDA,HACIENDA,51135
USP3579ECY16,BSDR2037, ,1000000,DOP,20,0,0,25/09/2026,10:35:27 AM,PRESTAMO,SEGUNDA PARTE,ROTC,13/03/2037,CONFIRMADA,3361843,0,24/02/2025,15/03/2037,0,MINISTERIO DE HACIENDA,HACIENDA,43876
USP3579ECY16,BSDR2037, ,1000000,DOP,20,9.1426,109.019109,25/09/2026,10:35:27 AM,PRESTAMO,PRIMERA PARTE,ROTC,25/09/2026,CONFIRMADA,3361843,0,24/02/2025,15/03/2037,0,MINISTERIO DE HACIENDA,HACIENDA,49028
DO1002226525,NO180228,BCENTRAL/15 BOEST 20280218 GTIA,500000,DOP,50,7.8219,108.252571,25/09/2026,10:35:26 AM,ESTRUCTURADA,SEGUNDA PARTE,ROTC,24/11/2026,CONFIRMADA,3361844,0,18/02/2023,18/02/2028,8.9,BANCO CENTRAL DE LA REPUBLICA DOMINICANA,BCENTRAL,62685
DO1002226525,NO180228,BCENTRAL/15 BOEST 20280218 GTIA,500000,DOP,50,7.999,109.057561,25/09/2026,10:35:26 AM,ESTRUCTURADA,PRIMERA PARTE,ROTC,25/09/2026,CONFIRMADA,3361844,0,18/02/2023,18/02/2028,8.9,BANCO CENTRAL DE LA REPUBLICA DOMINICANA,BCENTRAL,62538
DO1002226525,NO180228,BCENTRAL/15 BOEST 20280218 GTIA,500000,DOP,50,0,0,25/09/2026,10:35:25 AM,PRESTAMO,SEGUNDA PARTE,ROTC,17/02/2028,CONFIRMADA,3361845,0,18/02/2023,18/02/2028,0,BANCO CENTRAL DE LA REPUBLICA DOMINICANA,BCENTRAL,55524
DO1002226525,NO180228,BCENTRAL/15 BOEST 20280218 GTIA,500000,DOP,50,7.999,109.057561,25/09/2026,10:35:25 AM,PRESTAMO,PRIMERA PARTE,ROTC,25/09/2026,CONFIRMADA,3361845,0,18/02/2023,18/02/2028,0,BANCO CENTRAL DE LA REPUBLICA DOMINICANA,BCENTRAL,60431
DO1002262223,LE030927,BCENTRAL/ LT 20270903 GTIA,490000,DOP,49,8.4312,95.100063,25/09/2026,10:35:24 AM,ESTRUCTURADA,SEGUNDA PARTE,ROTC,26/01/2027,CONFIRMADA,3361846,0,03/09/2026,03/09/2027,9.3,BANCO CENTRAL DE LA REPUBLICA DOMINICANA,BCENTRAL,59969
DO1002262223,LE030927,BCENTRAL/ LT 20270903 GTIA,490000,DOP,49,8.9146,92.17132,25/09/2026,10:35:24 AM,ESTRUCTURADA,PRIMERA PARTE,ROTC,25/09/2026,CONFIRMADA,3361846,0,03/09/2026,03/09/2027,9.3,BANCO CENTRAL DE LA REPUBLICA DOMINICANA,BCENTRAL,59815
DO1002262223,LE030927,BCENTRAL/ LT 20270903 GTIA,490000,DOP,49,0,0,25/09/2026,10:35:22 AM,PRESTAMO,SEGUNDA PARTE,ROTC,02/09/2027,CONFIRMADA,3361847,0,03/09/2026,03/09/2027,0,BANCO CENTRAL DE LA REPUBLICA DOMINICANA,BCENTRAL,53235
DO1002262223,LE030927,BCENTRAL/ LT 20270903 GTIA,490000,DOP,49,8.9146,92.17132,25/09/2026,10:35:22 AM,PRESTAMO,PRIMERA PARTE,ROTC,25/09/2026,CONFIRMADA,3361847,0,03/09/2026,03/09/2027,0,BANCO CENTRAL DE LA REPUBLICA DOMINICANA,BCENTRAL,57701
DO1005212019,MH32034,HACIENDA/13.625 BOEST 20340210 GTIA,18800000,DOP,188,8.9523,124.003502,25/09/2026,10:35:21 AM,ESTRUCTURADA,SEGUNDA PARTE,ROTC,26/01/2027,CONFIRMADA,3361848,0,10/02/2023,10/02/2034,9.55,MINISTERIO DE HACIENDA,HACIENDA,64379
DO1005212019,MH32034,HACIENDA/13.625 BOEST 20340210 GTIA,18800000,DOP,188,9.0106,124.477321,25/09/2026,10:35:21 AM,ESTRUCTURADA,PRIMERA PARTE,ROTC,25/09/2026,CONFIRMADA,3361848,0,10/02/2023,10/02/2034,9.55,MINISTERIO DE HACIENDA,HACIENDA,64505
DO1005212019,MH32034,HACIENDA/13.625 BOEST 20340210 GTIA,18800000,DOP,188,0,0,25/09/2026,10:35:20 AM,PRESTAMO,SEGUNDA PARTE,ROTC,09/02/2034,CONFIRMADA,3361849,0,10/02/2023,10/02/2034,0,MINISTERIO DE HACIENDA,HACIENDA,57288
DO1005212019,MH32034,HACIENDA/13.625 BOEST 20340210 GTIA,18800000,DOP,188,9.0106,124.477321,25/09/2026,10:35:20 AM,PRESTAMO,PRIMERA PARTE,ROTC,25/09/2026,CONFIRMADA,3361849,0,10/02/2023,10/02/2034,0,MINISTERIO DE HACIENDA,HACIENDA,62398
DO1002262124,LE110627,BCENTRAL/ LT 20270611 GTIA,220000,DOP,22,8.8905,96.658114,25/09/2026,10:35:19 AM,ESTRUCTURADA,SEGUNDA PARTE,ROTC,22/01/2027,CONFIRMADA,3361850,0,03/09/2026,11/06/2027,9.35,BANCO CENTRAL DE LA REPUBLICA DOMINICANA,BCENTRAL,59983
DO1002262124,LE110627,BCENTRAL/ LT 20270611 GTIA,220000,DOP,22,9.2502,93.760268,25/09/2026,10:35:19 AM,ESTRUCTURADA,PRIMERA PARTE,ROTC,25/09/2026,CONFIRMADA,3361850,0,03/09/2026,11/06/2027,9.35,BANCO CENTRAL DE LA REPUBLICA DOMINICANA,BCENTRAL,60039
DO1002227317,NO150928,BCENTRAL/11 BOEST 20280915 GTIA,430000,DOP,43,0.4903,118.045003,25/09/2026,10:35:18 AM,PRESTAMO,SEGUNDA PARTE,ROTC,23/12/2026,CONFIRMADA,3361520,0,15/09/2023,15/09/2028,1.997503,BANCO CENTRAL DE LA REPUBLICA DOMINICANA,BCENTRAL,60508
DO1002227317,NO150928,BCENTRAL/11 BOEST 20280915 GTIA,430000,DOP,43,1.3886,118.635248,25/09/2026,10:35:18 AM,PRESTAMO,PRIMERA PARTE,ROTC,25/09/2026,CONFIRMADA,3361520,0,15/09/2023,15/09/2028,1.997503,BANCO CENTRAL DE LA REPUBLICA DOMINICANA,BCENTRAL,60809
DO1002262124,LE110627,BCENTRAL/ LT 20270611 GTIA,220000,DOP,22,0,0,25/09/2026,10:35:18 AM,PRESTAMO,SEGUNDA PARTE,ROTC,10/06/2027,CONFIRMADA,3361851,0,03/09/2026,11/06/2027,0,BANCO CENTRAL DE LA REPUBLICA DOMINICANA,BCENTRAL,53060
DO1002262124,LE110627,BCENTRAL/ LT 20270611 GTIA,220000,DOP,22,9.2502,93.760268,25/09/2026,10:35:18 AM,PRESTAMO,PRIMERA PARTE,ROTC,25/09/2026,CONFIRMADA,3361851,0,03/09/2026,11/06/2027,0,BANCO CENTRAL DE LA REPUBLICA DOMINICANA,BCENTRAL,57932
DO1002262223,LE030927,BCENTRAL/ LT 20270903 GTIA,580000,DOP,58,8.7746,94.16995,25/09/2026,10:35:17 AM,ESTRUCTURADA,SEGUNDA PARTE,ROTC,23/12/2026,CONFIRMADA,3361852,0,03/09/2026,03/09/2027,9.25,BANCO CENTRAL DE LA REPUBLICA DOMINICANA,BCENTRAL,59864
DO1002262223,LE030927,BCENTRAL/ LT 20270903 GTIA,580000,DOP,58,9.0466,92.064612,25/09/2026,10:35:17 AM,ESTRUCTURADA,PRIMERA PARTE,ROTC,25/09/2026,CONFIRMADA,3361852,0,03/09/2026,03/09/2027,9.25,BANCO CENTRAL DE LA REPUBLICA DOMINICANA,BCENTRAL,60179
DO1002262223,LE030927,BCENTRAL/ LT 20270903 GTIA,580000,DOP,58,0,0,25/09/2026,10:35:15 AM,PRESTAMO,SEGUNDA PARTE,ROTC,02/09/2027,CONFIRMADA,3361853,0,03/09/2026,03/09/2027,0,BANCO CENTRAL DE LA REPUBLICA DOMINICANA,BCENTRAL,53249
DO1002262223,LE030927,BCENTRAL/ LT 20270903 GTIA,580000,DOP,58,9.0466,92.064612,25/09/2026,10:35:15 AM,PRESTAMO,PRIMERA PARTE,ROTC,25/09/2026,CONFIRMADA,3361853,0,03/09/2026,03/09/2027,0,BANCO CENTRAL DE LA REPUBLICA DOMINICANA,BCENTRAL,58065
USP3579EAY34,BSRD2044,DOMINICAN Rep/7.45 BD 20440430 GO,14000,USD,14,7.0817,103.630365,25/09/2026,10:35:14 AM,ESTRUCTURADA,SEGUNDA PARTE,ROTC,28/12/2026,CONFIRMADA,3361854,0,30/04/2014,30/04/2044,5.05,MINISTERIO DE HACIENDA,HACIENDA,64323
USP3579EAY34,BSRD2044,DOMINICAN Rep/7.45 BD 20440430 GO,14000,USD,14,7.0349,104.142163,25/09/2026,10:35:14 AM,ESTRUCTURADA,PRIMERA PARTE,ROTC,25/09/2026,CONFIRMADA,3361854,0,30/04/2014,30/04/2044,5.05,MINISTERIO DE HACIENDA,HACIENDA,64372
USP3579EAY34,BSRD2044,DOMINICAN Rep/7.45 BD 20440430 GO,14000,USD,14,0,0,25/09/2026,10:35:13 AM,PRESTAMO,SEGUNDA PARTE,ROTC,29/04/2044,CONFIRMADA,3361855,0,30/04/2014,30/04/2044,0,MINISTERIO DE HACIENDA,HACIENDA,57204
USP3579EAY34,BSRD2044,DOMINICAN Rep/7.45 BD 20440430 GO,14000,USD,14,7.0349,104.142163,25/09/2026,10:35:13 AM,PRESTAMO,PRIMERA PARTE,ROTC,25/09/2026,CONFIRMADA,3361855,0,30/04/2014,30/04/2044,0,MINISTERIO DE HACIENDA,HACIENDA,62265
DO1002261522,NO180130,BCENTRAL/9.5 BOEST 20300118 GTIA,70000,DOP,7,10.8712,96.503119,25/09/2026,10:35:12 AM,ESTRUCTURADA,SEGUNDA PARTE,ROTC,29/12/2026,CONFIRMADA,3361856,0,18/01/2026,18/01/2030,9.3,BANCO CENTRAL DE LA REPUBLICA DOMINICANA,BCENTRAL,62251
DO1002261522,NO180130,BCENTRAL/9.5 BOEST 20300118 GTIA,70000,DOP,7,10.7576,96.542521,25/09/2026,10:35:12 AM,ESTRUCTURADA,PRIMERA PARTE,ROTC,25/09/2026,CONFIRMADA,3361856,0,18/01/2026,18/01/2030,9.3,BANCO CENTRAL DE LA REPUBLICA DOMINICANA,BCENTRAL,62377
DO1002261522,NO180130,BCENTRAL/9.5 BOEST 20300118 GTIA,70000,DOP,7,0,0,25/09/2026,10:35:11 AM,PRESTAMO,SEGUNDA PARTE,ROTC,17/01/2030,CONFIRMADA,3361857,0,18/01/2026,18/01/2030,0,BANCO CENTRAL DE LA REPUBLICA DOMINICANA,BCENTRAL,55027
DO1002261522,NO180130,BCENTRAL/9.5 BOEST 20300118 GTIA,70000,DOP,7,10.7576,96.542521,25/09/2026,10:35:11 AM,PRESTAMO,PRIMERA PARTE,ROTC,25/09/2026,CONFIRMADA,3361857,0,18/01/2026,18/01/2030,0,BANCO CENTRAL DE LA REPUBLICA DOMINICANA,BCENTRAL,60270
USP3579ECY16,BSDR2037, ,50000,DOP,1,9.618,105.60636,25/09/2026,10:35:10 AM,ESTRUCTURADA,SEGUNDA PARTE,ROTC,27/01/2027,CONFIRMADA,3361858,0,24/02/2025,15/03/2037,9.2,MINISTERIO DE HACIENDA,HACIENDA,49308
USP3579ECY16,BSDR2037, ,50000,DOP,1,9.608,105.802693,25/09/2026,10:35:10 AM,ESTRUCTURADA,PRIMERA PARTE,ROTC,25/09/2026,CONFIRMADA,3361858,0,24/02/2025,15/03/2037,9.2,MINISTERIO DE HACIENDA,HACIENDA,49784
USP3579ECY16,BSDR2037, ,50000,DOP,1,0,0,25/09/2026,10:35:08 AM,PRESTAMO,SEGUNDA PARTE,ROTC,13/03/2037,CONFIRMADA,3361859,0,24/02/2025,15/03/2037,0,MINISTERIO DE HACIENDA,HACIENDA,42882
USP3579ECY16,BSDR2037, ,50000,DOP,1,9.608,105.802693,25/09/2026,10:35:08 AM,PRESTAMO,PRIMERA PARTE,ROTC,25/09/2026,CONFIRMADA,3361859,0,24/02/2025,15/03/2037,0,MINISTERIO DE HACIENDA,HACIENDA,47733
DO1002262223,LE030927,BCENTRAL/ LT 20270903 GTIA,2420000,DOP,242,8.4891,93.744085,25/09/2026,10:35:07 AM,ESTRUCTURADA,SEGUNDA PARTE,ROTC,24/11/2026,CONFIRMADA,3361860,0,03/09/2026,03/09/2027,8.95,BANCO CENTRAL DE LA REPUBLICA DOMINICANA,BCENTRAL,60760
DO1002262223,LE030927,BCENTRAL/ LT 20270903 GTIA,2420000,DOP,242,8.6742,92.366288,25/09/2026,10:35:07 AM,ESTRUCTURADA,PRIMERA PARTE,ROTC,25/09/2026,CONFIRMADA,3361860,0,03/09/2026,03/09/2027,8.95,BANCO CENTRAL DE LA REPUBLICA DOMINICANA,BCENTRAL,60886
DO1002262223,LE030927,BCENTRAL/ LT 20270903 GTIA,2420000,DOP,242,0,0,25/09/2026,10:35:06 AM,PRESTAMO,SEGUNDA PARTE,ROTC,02/09/2027,CONFIRMADA,3361861,0,03/09/2026,03/09/2027,0,BANCO CENTRAL DE LA REPUBLICA DOMINICANA,BCENTRAL,53851
DO1002262223,LE030927,BCENTRAL/ LT 20270903 GTIA,2420000,DOP,242,8.6742,92.366288,25/09/2026,10:35:06 AM,PRESTAMO,PRIMERA PARTE,ROTC,25/09/2026,CONFIRMADA,3361861,0,03/09/2026,03/09/2027,0,BANCO CENTRAL DE LA REPUBLICA DOMINICANA,BCENTRAL,58779
USP3579EBE60,BSRD2045,DOMINICAN Rep/6.85 BD 20450127 Un,9000,USD,9,7.0129,98.343444,25/09/2026,10:35:05 AM,ESTRUCTURADA,SEGUNDA PARTE,ROTC,15/01/2027,CONFIRMADA,3361862,0,27/01/2015,27/01/2045,4.95,MINISTERIO DE HACIENDA,HACIENDA,63623
USP3579EBE60,BSRD2045,DOMINICAN Rep/6.85 BD 20450127 Un,9000,USD,9,6.9562,98.896389,25/09/2026,10:35:05 AM,ESTRUCTURADA,PRIMERA PARTE,ROTC,25/09/2026,CONFIRMADA,3361862,0,27/01/2015,27/01/2045,4.95,MINISTERIO DE HACIENDA,HACIENDA,63952
USP3579EBE60,BSRD2045,DOMINICAN Rep/6.85 BD 20450127 Un,9000,USD,9,0,0,25/09/2026,10:35:04 AM,PRESTAMO,SEGUNDA PARTE,ROTC,26/01/2045,CONFIRMADA,3361863,0,27/01/2015,27/01/2045,0,MINISTERIO DE HACIENDA,HACIENDA,56784
USP3579EBE60,BSRD2045,DOMINICAN Rep/6.85 BD 20450127 Un,9000,USD,9,6.9562,98.896389,25/09/2026,10:35:04 AM,PRESTAMO,PRIMERA PARTE,ROTC,25/09/2026,CONFIRMADA,3361863,0,27/01/2015,27/01/2045,0,MINISTERIO DE HACIENDA,HACIENDA,61845
DO1002227317,NO150928,BCENTRAL/11 BOEST 20280915 GTIA,430000,DOP,43,0.4903,118.045003,25/09/2026,10:34:48 AM,ESTRUCTURADA,SEGUNDA PARTE,ROTC,23/12/2026,CONFIRMADA,3361519,0,15/09/2023,15/09/2028,7.19,BANCO CENTRAL DE LA REPUBLICA DOMINICANA,BCENTRAL,62622
DO1002227317,NO150928,BCENTRAL/11 BOEST 20280915 GTIA,430000,DOP,43,1.3886,118.635248,25/09/2026,10:34:48 AM,ESTRUCTURADA,PRIMERA PARTE,ROTC,25/09/2026,CONFIRMADA,3361519,0,15/09/2023,15/09/2028,7.19,BANCO CENTRAL DE LA REPUBLICA DOMINICANA,BCENTRAL,62923
USP3579ECP09,BSRD2029, ,60000,USD,60,3.1402,105.216078,02/07/2026,10:34:38 AM,ESTRUCTURADA,SEGUNDA PARTE,ROTC,28/09/2026,MODIFICADA,3198696,0,22/02/2022,22/02/2029,4.45,MINISTERIO DE HACIENDA,HACIENDA,50239
DO1005205617,MH12027,HACIENDA/11.25 BOEST 20270205 GTIA,1600000,DOP,16,-6.2519,105.020679,25/09/2026,10:34:08 AM,PLAZO,PRIMERA PARTE,ROTC,26/10/2026,CONFIRMADA,3361357,0,05/08/2016,05/02/2027,0,MINISTERIO DE HACIENDA,HACIENDA,60018
DO1005205617,MH12027,HACIENDA/11.25 BOEST 20270205 GTIA,1600000,DOP,16,-6.2519,105.020679,25/09/2026,10:34:06 AM,PRESTAMO,SEGUNDA PARTE,ROTC,26/10/2026,CONFIRMADA,3361356,0,05/08/2016,05/02/2027,2.17549,MINISTERIO DE HACIENDA,HACIENDA,61544
DO1005205617,MH12027,HACIENDA/11.25 BOEST 20270205 GTIA,1600000,DOP,16,-2.8681,105.208379,25/09/2026,10:34:06 AM,PRESTAMO,PRIMERA PARTE,ROTC,25/09/2026,CONFIRMADA,3361356,0,05/08/2016,05/02/2027,2.17549,MINISTERIO DE HACIENDA,HACIENDA,61705
DO1005205617,MH12027,HACIENDA/11.25 BOEST 20270205 GTIA,1600000,DOP,16,-2.8681,105.208379,25/09/2026,10:34:05 AM,CONTADO,PRIMERA PARTE,ROTC,25/09/2026,CONFIRMADA,3361355,0,05/08/2016,05/02/2027,0,MINISTERIO DE HACIENDA,HACIENDA,61005
DO1002227317,NO150928,BCENTRAL/11 BOEST 20280915 GTIA,260000,DOP,26,2.0931,114.217121,25/09/2026,10:33:34 AM,PRESTAMO,SEGUNDA PARTE,ROTC,26/01/2027,CONFIRMADA,3361522,0,15/09/2023,15/09/2028,2.687171,BANCO CENTRAL DE LA REPUBLICA DOMINICANA,BCENTRAL,60487
DO1002227317,NO150928,BCENTRAL/11 BOEST 20280915 GTIA,260000,DOP,26,3.0614,115.080748,25/09/2026,10:33:34 AM,PRESTAMO,PRIMERA PARTE,ROTC,25/09/2026,CONFIRMADA,3361522,0,15/09/2023,15/09/2028,2.687171,BANCO CENTRAL DE LA REPUBLICA DOMINICANA,BCENTRAL,60683
DO1002227317,NO150928,BCENTRAL/11 BOEST 20280915 GTIA,260000,DOP,26,2.0931,114.217121,25/09/2026,10:33:22 AM,ESTRUCTURADA,SEGUNDA PARTE,ROTC,26/01/2027,CONFIRMADA,3361521,0,15/09/2023,15/09/2028,7.29,BANCO CENTRAL DE LA REPUBLICA DOMINICANA,BCENTRAL,62566
DO1002227317,NO150928,BCENTRAL/11 BOEST 20280915 GTIA,260000,DOP,26,3.0614,115.080748,25/09/2026,10:33:22 AM,ESTRUCTURADA,PRIMERA PARTE,ROTC,25/09/2026,CONFIRMADA,3361521,0,15/09/2023,15/09/2028,7.29,BANCO CENTRAL DE LA REPUBLICA DOMINICANA,BCENTRAL,62762
DO1005213025,MH22031,HACIENDA/10.25 BOEST 20310209 GTIA,5600000,DOP,56,8.6123,105.561928,25/09/2026,10:33:11 AM,PRESTAMO,SEGUNDA PARTE,ROTC,28/12/2026,CONFIRMADA,3361429,0,09/02/2024,09/02/2031,3.45808,MINISTERIO DE HACIENDA,HACIENDA,61208
DO1005213025,MH22031,HACIENDA/10.25 BOEST 20310209 GTIA,5600000,DOP,56,8.6489,105.734175,25/09/2026,10:33:11 AM,PRESTAMO,PRIMERA PARTE,ROTC,28/09/2026,CONFIRMADA,3361429,0,09/02/2024,09/02/2031,3.45808,MINISTERIO DE HACIENDA,HACIENDA,61390
DO1005213025,MH22031,HACIENDA/10.25 BOEST 20310209 GTIA,5600000,DOP,56,8.6123,105.561928,25/09/2026,10:33:10 AM,ESTRUCTURADA,SEGUNDA PARTE,ROTC,28/12/2026,CONFIRMADA,3361428,0,09/02/2024,09/02/2031,8.8,MINISTERIO DE HACIENDA,HACIENDA,63301
DO1005213025,MH22031,HACIENDA/10.25 BOEST 20310209 GTIA,5600000,DOP,56,8.6489,105.734175,25/09/2026,10:33:10 AM,ESTRUCTURADA,PRIMERA PARTE,ROTC,28/09/2026,CONFIRMADA,3361428,0,09/02/2024,09/02/2031,8.8,MINISTERIO DE HACIENDA,HACIENDA,63483
DO1005213025,MH22031,HACIENDA/10.25 BOEST 20310209 GTIA,900000,DOP,9,7.6166,109.460837,25/09/2026,10:33:09 AM,PRESTAMO,SEGUNDA PARTE,ROTC,29/10/2026,CONFIRMADA,3361427,0,09/02/2024,09/02/2031,1.740044,MINISTERIO DE HACIENDA,HACIENDA,60599
DO1005213025,MH22031,HACIENDA/10.25 BOEST 20310209 GTIA,900000,DOP,9,7.5793,109.791248,25/09/2026,10:33:09 AM,PRESTAMO,PRIMERA PARTE,ROTC,25/09/2026,CONFIRMADA,3361427,0,09/02/2024,09/02/2031,1.740044,MINISTERIO DE HACIENDA,HACIENDA,60746
DO1005213025,MH22031,HACIENDA/10.25 BOEST 20310209 GTIA,900000,DOP,9,7.6166,109.460837,25/09/2026,10:33:07 AM,ESTRUCTURADA,SEGUNDA PARTE,ROTC,29/10/2026,CONFIRMADA,3361426,0,09/02/2024,09/02/2031,5.95,MINISTERIO DE HACIENDA,HACIENDA,62685
DO1005213025,MH22031,HACIENDA/10.25 BOEST 20310209 GTIA,900000,DOP,9,7.5793,109.791248,25/09/2026,10:33:07 AM,ESTRUCTURADA,PRIMERA PARTE,ROTC,25/09/2026,CONFIRMADA,3361426,0,09/02/2024,09/02/2031,5.95,MINISTERIO DE HACIENDA,HACIENDA,62832
DO1005205716,MHUS2027,HACIENDA/6 BOEST 20270305 GTIA,319000,USD,319,-0.5198,102.311721,25/09/2026,10:32:17 AM,PRESTAMO,SEGUNDA PARTE,ROTC,27/10/2026,CONFIRMADA,3361821,0,05/09/2016,05/03/2027,4.95,MINISTERIO DE HACIENDA,HACIENDA,61103
DO1005205716,MHUS2027,HACIENDA/6 BOEST 20270305 GTIA,319000,USD,319,0.5709,102.385803,25/09/2026,10:32:17 AM,PRESTAMO,PRIMERA PARTE,ROTC,25/09/2026,CONFIRMADA,3361821,0,05/09/2016,05/03/2027,4.95,MINISTERIO DE HACIENDA,HACIENDA,60963
DO1005205716,MHUS2027,HACIENDA/6 BOEST 20270305 GTIA,319000,USD,319,-0.5198,102.311721,25/09/2026,10:32:16 AM,ESTRUCTURADA,SEGUNDA PARTE,ROTC,27/10/2026,CONFIRMADA,3361469,0,05/09/2016,05/03/2027,4.95,MINISTERIO DE HACIENDA,HACIENDA,63196
DO1005205716,MHUS2027,HACIENDA/6 BOEST 20270305 GTIA,319000,USD,319,0.5709,102.385803,25/09/2026,10:32:16 AM,ESTRUCTURADA,PRIMERA PARTE,ROTC,25/09/2026,CONFIRMADA,3361469,0,05/09/2016,05/03/2027,4.95,MINISTERIO DE HACIENDA,HACIENDA,63056
DO1005211227,MH32029,HACIENDA/12.75 BOEST 20290923 GTIA,2700000,DOP,27,7.7493,112.790492,25/09/2026,10:30:29 AM,PRESTAMO,SEGUNDA PARTE,ROTC,26/10/2026,CONFIRMADA,3361789,0,23/09/2022,23/09/2029,8.1,MINISTERIO DE HACIENDA,HACIENDA,61439
DO1005211227,MH32029,HACIENDA/12.75 BOEST 20290923 GTIA,2700000,DOP,27,7.7668,113.08412,25/09/2026,10:30:29 AM,PRESTAMO,PRIMERA PARTE,ROTC,25/09/2026,CONFIRMADA,3361789,0,23/09/2022,23/09/2029,8.1,MINISTERIO DE HACIENDA,HACIENDA,61138
DO1005211227,MH32029,HACIENDA/12.75 BOEST 20290923 GTIA,2700000,DOP,27,7.7493,112.790492,25/09/2026,10:30:28 AM,ESTRUCTURADA,SEGUNDA PARTE,ROTC,26/10/2026,CONFIRMADA,3361468,0,23/09/2022,23/09/2029,8.1,MINISTERIO DE HACIENDA,HACIENDA,63532
DO1005211227,MH32029,HACIENDA/12.75 BOEST 20290923 GTIA,2700000,DOP,27,7.7668,113.08412,25/09/2026,10:30:28 AM,ESTRUCTURADA,PRIMERA PARTE,ROTC,25/09/2026,CONFIRMADA,3361468,0,23/09/2022,23/09/2029,8.1,MINISTERIO DE HACIENDA,HACIENDA,63231
DO1005205419,MH42026,HACIENDA/11 BOEST 20261204 GTIA,4100000,DOP,41,63.9713,95.115696,25/09/2026,10:28:51 AM,PLAZO,PRIMERA PARTE,ROTC,26/10/2026,CONFIRMADA,3361354,0,04/06/2016,04/12/2026,0,MINISTERIO DE HACIENDA,HACIENDA,58772
DO1002261928,LE090427,BCENTRAL/ LT 20270409 GTIA,20000,DOP,2,69.3844,72.5816,25/09/2026,10:28:50 AM,CONTADO,PRIMERA PARTE,ROTC,25/09/2026,CONFIRMADA,3361319,0,09/04/2026,09/04/2027,0,BANCO CENTRAL DE LA REPUBLICA DOMINICANA,BCENTRAL,56364
DO1002261928,LE090427,BCENTRAL/ LT 20270409 GTIA,160000,DOP,16,6.857,96.454212,25/09/2026,10:28:49 AM,CONTADO,PRIMERA PARTE,ROTC,28/09/2026,CONFIRMADA,3361322,0,09/04/2026,09/04/2027,0,BANCO CENTRAL DE LA REPUBLICA DOMINICANA,BCENTRAL,57155
DO1002261928,LE090427,BCENTRAL/ LT 20270409 GTIA,680000,DOP,68,8.2077,95.7852,25/09/2026,10:28:48 AM,CONTADO,PRIMERA PARTE,ROTC,28/09/2026,CONFIRMADA,3361325,0,09/04/2026,09/04/2027,0,BANCO CENTRAL DE LA REPUBLICA DOMINICANA,BCENTRAL,56917
DO1002261928,LE090427,BCENTRAL/ LT 20270409 GTIA,1090000,DOP,109,8.2928,95.764516,25/09/2026,10:28:46 AM,CONTADO,PRIMERA PARTE,ROTC,29/09/2026,CONFIRMADA,3361328,0,09/04/2026,09/04/2027,0,BANCO CENTRAL DE LA REPUBLICA DOMINICANA,BCENTRAL,58282
DO1002261928,LE090427,BCENTRAL/ LT 20270409 GTIA,980000,DOP,98,8.6656,95.604483,25/09/2026,10:28:45 AM,CONTADO,PRIMERA PARTE,ROTC,30/09/2026,CONFIRMADA,3361331,0,09/04/2026,09/04/2027,0,BANCO CENTRAL DE LA REPUBLICA DOMINICANA,BCENTRAL,57631
DO1005205617,MH12027,HACIENDA/11.25 BOEST 20270205 GTIA,700000,DOP,7,-4.9515,105.8042,25/09/2026,10:28:44 AM,CONTADO,PRIMERA PARTE,ROTC,30/09/2026,CONFIRMADA,3361334,0,05/08/2016,05/02/2027,0,MINISTERIO DE HACIENDA,HACIENDA,59563
DO1002261928,LE090427,BCENTRAL/ LT 20270409 GTIA,110000,DOP,11,10.3806,94.728245,25/09/2026,10:28:43 AM,CONTADO,PRIMERA PARTE,ROTC,28/09/2026,CONFIRMADA,3361337,0,09/04/2026,09/04/2027,0,BANCO CENTRAL DE LA REPUBLICA DOMINICANA,BCENTRAL,57715
DO1002261928,LE090427,BCENTRAL/ LT 20270409 GTIA,1780000,DOP,178,8.6483,95.503211,25/09/2026,10:28:41 AM,CONTADO,PRIMERA PARTE,ROTC,25/09/2026,CONFIRMADA,3361349,0,09/04/2026,09/04/2027,0,BANCO CENTRAL DE LA REPUBLICA DOMINICANA,BCENTRAL,58184
DO1005205419,MH42026,HACIENDA/11 BOEST 20261204 GTIA,4100000,DOP,41,37.7236,95.361046,25/09/2026,10:28:40 AM,CONTADO,PRIMERA PARTE,ROTC,25/09/2026,CONFIRMADA,3361352,0,04/06/2016,04/12/2026,0,MINISTERIO DE HACIENDA,HACIENDA,59654
DO1002261928,LE090427,BCENTRAL/ LT 20270409 GTIA,20000,DOP,2,826.235,75.68225,25/09/2026,10:28:39 AM,PRESTAMO,SEGUNDA PARTE,ROTC,26/03/2027,CONFIRMADA,3361320,0,09/04/2026,09/04/2027,4.096932,BANCO CENTRAL DE LA REPUBLICA DOMINICANA,BCENTRAL,57337
DO1002261928,LE090427,BCENTRAL/ LT 20270409 GTIA,20000,DOP,2,69.3844,72.5816,25/09/2026,10:28:39 AM,PRESTAMO,PRIMERA PARTE,ROTC,25/09/2026,CONFIRMADA,3361320,0,09/04/2026,09/04/2027,4.096932,BANCO CENTRAL DE LA REPUBLICA DOMINICANA,BCENTRAL,57106
DO1002261928,LE090427,BCENTRAL/ LT 20270409 GTIA,20000,DOP,2,826.235,75.68225,25/09/2026,10:28:38 AM,PLAZO,PRIMERA PARTE,ROTC,26/03/2027,CONFIRMADA,3361321,0,09/04/2026,09/04/2027,0,BANCO CENTRAL DE LA REPUBLICA DOMINICANA,BCENTRAL,55790
DO1005211227,MH32029,HACIENDA/12.75 BOEST 20290923 GTIA,2700000,DOP,27,8.4892,110.766859,25/09/2026,10:28:37 AM,PRESTAMO,SEGUNDA PARTE,ROTC,26/10/2026,CONFIRMADA,3361716,0,23/09/2022,23/09/2029,8.45,MINISTERIO DE HACIENDA,HACIENDA,61544
DO1005211227,MH32029,HACIENDA/12.75 BOEST 20290923 GTIA,2700000,DOP,27,8.4944,111.041248,25/09/2026,10:28:37 AM,PRESTAMO,PRIMERA PARTE,ROTC,25/09/2026,CONFIRMADA,3361716,0,23/09/2022,23/09/2029,8.45,MINISTERIO DE HACIENDA,HACIENDA,61495
DO1002261928,LE090427,BCENTRAL/ LT 20270409 GTIA,160000,DOP,16,6.5838,97.105281,25/09/2026,10:28:36 AM,PRESTAMO,SEGUNDA PARTE,ROTC,28/10/2026,CONFIRMADA,3361323,0,09/04/2026,09/04/2027,0.670477,BANCO CENTRAL DE LA REPUBLICA DOMINICANA,BCENTRAL,58065
DO1002261928,LE090427,BCENTRAL/ LT 20270409 GTIA,160000,DOP,16,6.857,96.454212,25/09/2026,10:28:36 AM,PRESTAMO,PRIMERA PARTE,ROTC,28/09/2026,CONFIRMADA,3361323,0,09/04/2026,09/04/2027,0.670477,BANCO CENTRAL DE LA REPUBLICA DOMINICANA,BCENTRAL,57820
DO1002261928,LE090427,BCENTRAL/ LT 20270409 GTIA,160000,DOP,16,6.5838,97.105281,25/09/2026,10:28:35 AM,PLAZO,PRIMERA PARTE,ROTC,28/10/2026,CONFIRMADA,3361324,0,09/04/2026,09/04/2027,0,BANCO CENTRAL DE LA REPUBLICA DOMINICANA,BCENTRAL,56518
DO1005211227,MH32029,HACIENDA/12.75 BOEST 20290923 GTIA,2700000,DOP,27,8.4892,110.766859,25/09/2026,10:28:35 AM,ESTRUCTURADA,SEGUNDA PARTE,ROTC,26/10/2026,CONFIRMADA,3361467,0,23/09/2022,23/09/2029,8.45,MINISTERIO DE HACIENDA,HACIENDA,63630
DO1005211227,MH32029,HACIENDA/12.75 BOEST 20290923 GTIA,2700000,DOP,27,8.4944,111.041248,25/09/2026,10:28:35 AM,ESTRUCTURADA,PRIMERA PARTE,ROTC,25/09/2026,CONFIRMADA,3361467,0,23/09/2022,23/09/2029,8.45,MINISTERIO DE HACIENDA,HACIENDA,63581
DO1002261928,LE090427,BCENTRAL/ LT 20270409 GTIA,680000,DOP,68,8.1724,96.43175,25/09/2026,10:28:34 AM,PRESTAMO,SEGUNDA PARTE,ROTC,28/10/2026,CONFIRMADA,3361326,0,09/04/2026,09/04/2027,0.670474,BANCO CENTRAL DE LA REPUBLICA DOMINICANA,BCENTRAL,57771
DO1002261928,LE090427,BCENTRAL/ LT 20270409 GTIA,680000,DOP,68,8.2077,95.7852,25/09/2026,10:28:34 AM,PRESTAMO,PRIMERA PARTE,ROTC,28/09/2026,CONFIRMADA,3361326,0,09/04/2026,09/04/2027,0.670474,BANCO CENTRAL DE LA REPUBLICA DOMINICANA,BCENTRAL,57575
DO1002261928,LE090427,BCENTRAL/ LT 20270409 GTIA,680000,DOP,68,8.1724,96.43175,25/09/2026,10:28:33 AM,PLAZO,PRIMERA PARTE,ROTC,28/10/2026,CONFIRMADA,3361327,0,09/04/2026,09/04/2027,0,BANCO CENTRAL DE LA REPUBLICA DOMINICANA,BCENTRAL,56224
DO1002261928,LE090427,BCENTRAL/ LT 20270409 GTIA,1090000,DOP,109,8.2524,96.740117,25/09/2026,10:28:32 AM,PRESTAMO,SEGUNDA PARTE,ROTC,13/11/2026,CONFIRMADA,3361329,0,09/04/2026,09/04/2027,1.008476,BANCO CENTRAL DE LA REPUBLICA DOMINICANA,BCENTRAL,58667
DO1002261928,LE090427,BCENTRAL/ LT 20270409 GTIA,1090000,DOP,109,8.2928,95.764516,25/09/2026,10:28:32 AM,PRESTAMO,PRIMERA PARTE,ROTC,29/09/2026,CONFIRMADA,3361329,0,09/04/2026,09/04/2027,1.008476,BANCO CENTRAL DE LA REPUBLICA DOMINICANA,BCENTRAL,58940
DO1002261928,LE090427,BCENTRAL/ LT 20270409 GTIA,1090000,DOP,109,8.2524,96.740117,25/09/2026,10:28:31 AM,PLAZO,PRIMERA PARTE,ROTC,13/11/2026,CONFIRMADA,3361330,0,09/04/2026,09/04/2027,0,BANCO CENTRAL DE LA REPUBLICA DOMINICANA,BCENTRAL,57120
DO1002261928,LE090427,BCENTRAL/ LT 20270409 GTIA,980000,DOP,98,8.7122,96.249813,25/09/2026,10:28:29 AM,PRESTAMO,SEGUNDA PARTE,ROTC,30/10/2026,CONFIRMADA,3361332,0,09/04/2026,09/04/2027,0.670475,BANCO CENTRAL DE LA REPUBLICA DOMINICANA,BCENTRAL,58163
DO1002261928,LE090427,BCENTRAL/ LT 20270409 GTIA,980000,DOP,98,8.6656,95.604483,25/09/2026,10:28:29 AM,PRESTAMO,PRIMERA PARTE,ROTC,30/09/2026,CONFIRMADA,3361332,0,09/04/2026,09/04/2027,0.670475,BANCO CENTRAL DE LA REPUBLICA DOMINICANA,BCENTRAL,58338
DO1002261928,LE090427,BCENTRAL/ LT 20270409 GTIA,980000,DOP,98,8.7122,96.249813,25/09/2026,10:28:28 AM,PLAZO,PRIMERA PARTE,ROTC,30/10/2026,CONFIRMADA,3361333,0,09/04/2026,09/04/2027,0,BANCO CENTRAL DE LA REPUBLICA DOMINICANA,BCENTRAL,56616
DO1005205617,MH12027,HACIENDA/11.25 BOEST 20270205 GTIA,700000,DOP,7,-16.231,105.372584,25/09/2026,10:28:27 AM,PRESTAMO,SEGUNDA PARTE,ROTC,30/11/2026,CONFIRMADA,3361335,0,05/08/2016,05/02/2027,2.912998,MINISTERIO DE HACIENDA,HACIENDA,60851
DO1005205617,MH12027,HACIENDA/11.25 BOEST 20270205 GTIA,700000,DOP,7,-4.9515,105.8042,25/09/2026,10:28:27 AM,PRESTAMO,PRIMERA PARTE,ROTC,30/09/2026,CONFIRMADA,3361335,0,05/08/2016,05/02/2027,2.912998,MINISTERIO DE HACIENDA,HACIENDA,60263
DO1005205617,MH12027,HACIENDA/11.25 BOEST 20270205 GTIA,700000,DOP,7,-16.231,105.372584,25/09/2026,10:28:25 AM,PLAZO,PRIMERA PARTE,ROTC,30/11/2026,CONFIRMADA,3361336,0,05/08/2016,05/02/2027,0,MINISTERIO DE HACIENDA,HACIENDA,59297
DO1002261928,LE090427,BCENTRAL/ LT 20270409 GTIA,110000,DOP,11,11.0721,96.070227,25/09/2026,10:28:24 AM,PRESTAMO,SEGUNDA PARTE,ROTC,27/11/2026,CONFIRMADA,3361338,0,09/04/2026,09/04/2027,1.396876,BANCO CENTRAL DE LA REPUBLICA DOMINICANA,BCENTRAL,58184
DO1002261928,LE090427,BCENTRAL/ LT 20270409 GTIA,110000,DOP,11,10.3806,94.728245,25/09/2026,10:28:24 AM,PRESTAMO,PRIMERA PARTE,ROTC,28/09/2026,CONFIRMADA,3361338,0,09/04/2026,09/04/2027,1.396876,BANCO CENTRAL DE LA REPUBLICA DOMINICANA,BCENTRAL,58401
DO1002261928,LE090427,BCENTRAL/ LT 20270409 GTIA,110000,DOP,11,11.0721,96.070227,25/09/2026,10:28:23 AM,PLAZO,PRIMERA PARTE,ROTC,27/11/2026,CONFIRMADA,3361339,0,09/04/2026,09/04/2027,0,BANCO CENTRAL DE LA REPUBLICA DOMINICANA,BCENTRAL,56637
DO1002261928,LE090427,BCENTRAL/ LT 20270409 GTIA,1780000,DOP,178,8.592,96.856173,25/09/2026,10:28:22 AM,PRESTAMO,SEGUNDA PARTE,ROTC,24/11/2026,CONFIRMADA,3361350,0,09/04/2026,09/04/2027,1.396877,BANCO CENTRAL DE LA REPUBLICA DOMINICANA,BCENTRAL,58513
DO1002261928,LE090427,BCENTRAL/ LT 20270409 GTIA,1780000,DOP,178,8.6483,95.503211,25/09/2026,10:28:22 AM,PRESTAMO,PRIMERA PARTE,ROTC,25/09/2026,CONFIRMADA,3361350,0,09/04/2026,09/04/2027,1.396877,BANCO CENTRAL DE LA REPUBLICA DOMINICANA,BCENTRAL,58870
DO1002261928,LE090427,BCENTRAL/ LT 20270409 GTIA,1780000,DOP,178,8.592,96.856173,25/09/2026,10:28:20 AM,PLAZO,PRIMERA PARTE,ROTC,24/11/2026,CONFIRMADA,3361351,0,09/04/2026,09/04/2027,0,BANCO CENTRAL DE LA REPUBLICA DOMINICANA,BCENTRAL,56959
DO1005205419,MH42026,HACIENDA/11 BOEST 20261204 GTIA,4100000,DOP,41,63.9713,95.115696,25/09/2026,10:28:19 AM,PRESTAMO,SEGUNDA PARTE,ROTC,26/10/2026,CONFIRMADA,3361353,0,04/06/2016,04/12/2026,4.116795,MINISTERIO DE HACIENDA,HACIENDA,60340
DO1005205419,MH42026,HACIENDA/11 BOEST 20261204 GTIA,4100000,DOP,41,37.7236,95.361046,25/09/2026,10:28:19 AM,PRESTAMO,PRIMERA PARTE,ROTC,25/09/2026,CONFIRMADA,3361353,0,04/06/2016,04/12/2026,4.116795,MINISTERIO DE HACIENDA,HACIENDA,60389
DO1005208215,MHUS2029,HACIENDA/6.95 BOEST 20290626 GTIA,5579000,USD,5579,3.58291606,108.48416,25/09/2026,10:25:18 AM,PLAZO,PRIMERA PARTE,ROTC,26/10/2026,CONFIRMADA,3361559,0,26/06/2020,26/06/2029,0,MINISTERIO DE HACIENDA,HACIENDA,62482
DO1005211227,MH32029,HACIENDA/12.75 BOEST 20290923 GTIA,500000,DOP,5,5.3296,119.74626,25/09/2026,10:24:58 AM,PRESTAMO,SEGUNDA PARTE,ROTC,26/10/2026,CONFIRMADA,3361560,0,23/09/2022,23/09/2029,8.7,MINISTERIO DE HACIENDA,HACIENDA,60382
DO1005211227,MH32029,HACIENDA/12.75 BOEST 20290923 GTIA,500000,DOP,5,5.4456,119.930136,25/09/2026,10:24:58 AM,PRESTAMO,PRIMERA PARTE,ROTC,25/09/2026,CONFIRMADA,3361560,0,23/09/2022,23/09/2029,8.7,MINISTERIO DE HACIENDA,HACIENDA,60802
DO1005211227,MH32029,HACIENDA/12.75 BOEST 20290923 GTIA,500000,DOP,5,5.3296,119.74626,25/09/2026,10:24:57 AM,ESTRUCTURADA,SEGUNDA PARTE,ROTC,26/10/2026,CONFIRMADA,3361466,0,23/09/2022,23/09/2029,8.7,MINISTERIO DE HACIENDA,HACIENDA,62475
DO1005211227,MH32029,HACIENDA/12.75 BOEST 20290923 GTIA,500000,DOP,5,5.4456,119.930136,25/09/2026,10:24:57 AM,ESTRUCTURADA,PRIMERA PARTE,ROTC,25/09/2026,CONFIRMADA,3361466,0,23/09/2022,23/09/2029,8.7,MINISTERIO DE HACIENDA,HACIENDA,62895
DO1005208215,MHUS2029,HACIENDA/6.95 BOEST 20290626 GTIA,5579000,USD,5579,3.65360534,108.55089,25/09/2026,10:24:08 AM,CONTADO,PRIMERA PARTE,ROTC,25/09/2026,CONFIRMADA,3361527,0,26/06/2020,26/06/2029,0,MINISTERIO DE HACIENDA,HACIENDA,63420
USP3579ECP09,BSRD2029, ,6000,USD,6,5.0704,100.922222,25/09/2026,10:19:37 AM,PRESTAMO,SEGUNDA PARTE,ROTC,26/10/2026,CONFIRMADA,3361525,0,22/02/2022,22/02/2029,3.9,MINISTERIO DE HACIENDA,HACIENDA,47565
USP3579ECP09,BSRD2029, ,6000,USD,6,5.0273,101.054667,25/09/2026,10:19:37 AM,PRESTAMO,PRIMERA PARTE,ROTC,25/09/2026,CONFIRMADA,3361525,0,22/02/2022,22/02/2029,3.9,MINISTERIO DE HACIENDA,HACIENDA,47754
USP3579ECP09,BSRD2029, ,6000,USD,6,5.0704,100.922222,25/09/2026,10:19:36 AM,ESTRUCTURADA,SEGUNDA PARTE,ROTC,26/10/2026,CONFIRMADA,3361524,0,22/02/2022,22/02/2029,3.9,MINISTERIO DE HACIENDA,HACIENDA,49658
USP3579ECP09,BSRD2029, ,6000,USD,6,5.0273,101.054667,25/09/2026,10:19:36 AM,ESTRUCTURADA,PRIMERA PARTE,ROTC,25/09/2026,CONFIRMADA,3361524,0,22/02/2022,22/02/2029,3.9,MINISTERIO DE HACIENDA,HACIENDA,49847
DO1005254219,MH22041,HACIENDA/12 BOEST 20410529 GTIA,656400000,DOP,6564,8.912,124.970653,25/09/2026,10:18:16 AM,CONTADO,PRIMERA PARTE,ROTC,25/09/2026,CONFIRMADA,3361348,0,29/05/2026,29/05/2041,0,MINISTERIO DE HACIENDA,HACIENDA,60893
DO1005211227,MH32029,HACIENDA/12.75 BOEST 20290923 GTIA,7200000,DOP,72,8.4896,110.793413,25/09/2026,10:15:59 AM,PRESTAMO,SEGUNDA PARTE,ROTC,23/10/2026,CONFIRMADA,3361518,0,23/09/2022,23/09/2029,8.45,MINISTERIO DE HACIENDA,HACIENDA,61453
DO1005211227,MH32029,HACIENDA/12.75 BOEST 20290923 GTIA,7200000,DOP,72,8.4944,111.041248,25/09/2026,10:15:59 AM,PRESTAMO,PRIMERA PARTE,ROTC,25/09/2026,CONFIRMADA,3361518,0,23/09/2022,23/09/2029,8.45,MINISTERIO DE HACIENDA,HACIENDA,61495
DO1005211227,MH32029,HACIENDA/12.75 BOEST 20290923 GTIA,7200000,DOP,72,8.4896,110.793413,25/09/2026,10:15:58 AM,ESTRUCTURADA,SEGUNDA PARTE,ROTC,23/10/2026,CONFIRMADA,3361465,0,23/09/2022,23/09/2029,8.45,MINISTERIO DE HACIENDA,HACIENDA,63546
DO1005211227,MH32029,HACIENDA/12.75 BOEST 20290923 GTIA,7200000,DOP,72,8.4944,111.041248,25/09/2026,10:15:58 AM,ESTRUCTURADA,PRIMERA PARTE,ROTC,25/09/2026,CONFIRMADA,3361465,0,23/09/2022,23/09/2029,8.45,MINISTERIO DE HACIENDA,HACIENDA,63588
DO1002261423,NO301129,BCENTRAL/9.5 BOEST 20291130 GTIA,970000,DOP,97,9.61874277,99.691833,25/09/2026,10:14:49 AM,PRESTAMO,SEGUNDA PARTE,ROTC,24/11/2026,CONFIRMADA,3361517,0,30/11/2025,30/11/2029,6.95,BANCO CENTRAL DE LA REPUBLICA DOMINICANA,BCENTRAL,62328
DO1002261423,NO301129,BCENTRAL/9.5 BOEST 20291130 GTIA,970000,DOP,97,9.47327199,100.046588,25/09/2026,10:14:49 AM,PRESTAMO,PRIMERA PARTE,ROTC,25/09/2026,CONFIRMADA,3361517,0,30/11/2025,30/11/2029,6.95,BANCO CENTRAL DE LA REPUBLICA DOMINICANA,BCENTRAL,62671
DO1002261423,NO301129,BCENTRAL/9.5 BOEST 20291130 GTIA,970000,DOP,97,9.61874277,99.691833,25/09/2026,10:14:47 AM,ESTRUCTURADA,SEGUNDA PARTE,ROTC,24/11/2026,CONFIRMADA,3361476,0,30/11/2025,30/11/2029,6.95,BANCO CENTRAL DE LA REPUBLICA DOMINICANA,BCENTRAL,64414
DO1002261423,NO301129,BCENTRAL/9.5 BOEST 20291130 GTIA,970000,DOP,97,9.47327199,100.046588,25/09/2026,10:14:47 AM,ESTRUCTURADA,PRIMERA PARTE,ROTC,25/09/2026,CONFIRMADA,3361476,0,30/11/2025,30/11/2029,6.95,BANCO CENTRAL DE LA REPUBLICA DOMINICANA,BCENTRAL,64757
DO1005204412,MH12029,HACIENDA/11.375 BOEST 20290706 GTIA,2700000,DOP,27,7.73553014,107.449429,25/09/2026,10:14:46 AM,PRESTAMO,SEGUNDA PARTE,ROTC,24/03/2027,CONFIRMADA,3361516,0,06/07/2014,06/07/2029,8.05,MINISTERIO DE HACIENDA,HACIENDA,63182
DO1005204412,MH12029,HACIENDA/11.375 BOEST 20290706 GTIA,2700000,DOP,27,7.85912849,108.586796,25/09/2026,10:14:46 AM,PRESTAMO,PRIMERA PARTE,ROTC,25/09/2026,CONFIRMADA,3361516,0,06/07/2014,06/07/2029,8.05,MINISTERIO DE HACIENDA,HACIENDA,63483
DO1005204412,MH12029,HACIENDA/11.375 BOEST 20290706 GTIA,2700000,DOP,27,7.73553014,107.449429,25/09/2026,10:14:45 AM,ESTRUCTURADA,SEGUNDA PARTE,ROTC,24/03/2027,CONFIRMADA,3361477,0,06/07/2014,06/07/2029,8.05,MINISTERIO DE HACIENDA,HACIENDA,65275
DO1005204412,MH12029,HACIENDA/11.375 BOEST 20290706 GTIA,2700000,DOP,27,7.85912849,108.586796,25/09/2026,10:14:45 AM,ESTRUCTURADA,PRIMERA PARTE,ROTC,25/09/2026,CONFIRMADA,3361477,0,06/07/2014,06/07/2029,8.05,MINISTERIO DE HACIENDA,HACIENDA,65576
DO1005204412,MH12029,HACIENDA/11.375 BOEST 20290706 GTIA,12600000,DOP,126,7.89980173,107.095144,25/09/2026,10:14:44 AM,PRESTAMO,SEGUNDA PARTE,ROTC,24/03/2027,CONFIRMADA,3361515,0,06/07/2014,06/07/2029,9.05,MINISTERIO DE HACIENDA,HACIENDA,63896
DO1005204412,MH12029,HACIENDA/11.375 BOEST 20290706 GTIA,12600000,DOP,126,8.19702672,107.716343,25/09/2026,10:14:44 AM,PRESTAMO,PRIMERA PARTE,ROTC,25/09/2026,CONFIRMADA,3361515,0,06/07/2014,06/07/2029,9.05,MINISTERIO DE HACIENDA,HACIENDA,63938
DO1005204412,MH12029,HACIENDA/11.375 BOEST 20290706 GTIA,12600000,DOP,126,7.89980173,107.095144,25/09/2026,10:14:42 AM,ESTRUCTURADA,SEGUNDA PARTE,ROTC,24/03/2027,CONFIRMADA,3361478,0,06/07/2014,06/07/2029,9.05,MINISTERIO DE HACIENDA,HACIENDA,65982
DO1005204412,MH12029,HACIENDA/11.375 BOEST 20290706 GTIA,12600000,DOP,126,8.19702672,107.716343,25/09/2026,10:14:42 AM,ESTRUCTURADA,PRIMERA PARTE,ROTC,25/09/2026,CONFIRMADA,3361478,0,06/07/2014,06/07/2029,9.05,MINISTERIO DE HACIENDA,HACIENDA,66024
DO2016300124,BC1GUL01,GULFSTREAM/11.25 BO 20290528,137891,DOP,137891,12.05877294,98.461512,25/09/2026,10:14:41 AM,PRESTAMO,SEGUNDA PARTE,ROTC,24/03/2027,CONFIRMADA,3361514,0,28/05/2019,28/05/2029,7.95,GULFSTREAM PETROLEUM DOMINICANA S DE RL,GULFSTREAM,62363
DO2016300124,BC1GUL01,GULFSTREAM/11.25 BO 20290528,137891,DOP,137891,11.24620553,100.000146,25/09/2026,10:14:41 AM,PRESTAMO,PRIMERA PARTE,ROTC,25/09/2026,CONFIRMADA,3361514,0,28/05/2019,28/05/2029,7.95,GULFSTREAM PETROLEUM DOMINICANA S DE RL,GULFSTREAM,62524
DO2016300124,BC1GUL01,GULFSTREAM/11.25 BO 20290528,137891,DOP,137891,12.05877294,98.461512,25/09/2026,10:14:40 AM,ESTRUCTURADA,SEGUNDA PARTE,ROTC,24/03/2027,CONFIRMADA,3361479,0,28/05/2019,28/05/2029,7.95,GULFSTREAM PETROLEUM DOMINICANA S DE RL,GULFSTREAM,64456
DO2016300124,BC1GUL01,GULFSTREAM/11.25 BO 20290528,137891,DOP,137891,11.24620553,100.000146,25/09/2026,10:14:40 AM,ESTRUCTURADA,PRIMERA PARTE,ROTC,25/09/2026,CONFIRMADA,3361479,0,28/05/2019,28/05/2029,7.95,GULFSTREAM PETROLEUM DOMINICANA S DE RL,GULFSTREAM,64617
DO1002261423,NO301129,BCENTRAL/9.5 BOEST 20291130 GTIA,340000,DOP,34,9.62303228,99.671537,25/09/2026,10:14:39 AM,PRESTAMO,SEGUNDA PARTE,ROTC,12/11/2026,CONFIRMADA,3361513,0,30/11/2025,30/11/2029,7.4,BANCO CENTRAL DE LA REPUBLICA DOMINICANA,BCENTRAL,62055
DO1002261423,NO301129,BCENTRAL/9.5 BOEST 20291130 GTIA,340000,DOP,34,9.52958356,99.894981,25/09/2026,10:14:39 AM,PRESTAMO,PRIMERA PARTE,ROTC,25/09/2026,CONFIRMADA,3361513,0,30/11/2025,30/11/2029,7.4,BANCO CENTRAL DE LA REPUBLICA DOMINICANA,BCENTRAL,62384
DO1002261423,NO301129,BCENTRAL/9.5 BOEST 20291130 GTIA,340000,DOP,34,9.62303228,99.671537,25/09/2026,10:14:37 AM,ESTRUCTURADA,SEGUNDA PARTE,ROTC,12/11/2026,CONFIRMADA,3361480,0,30/11/2025,30/11/2029,7.4,BANCO CENTRAL DE LA REPUBLICA DOMINICANA,BCENTRAL,64141
DO1002261423,NO301129,BCENTRAL/9.5 BOEST 20291130 GTIA,340000,DOP,34,9.52958356,99.894981,25/09/2026,10:14:37 AM,ESTRUCTURADA,PRIMERA PARTE,ROTC,25/09/2026,CONFIRMADA,3361480,0,30/11/2025,30/11/2029,7.4,BANCO CENTRAL DE LA REPUBLICA DOMINICANA,BCENTRAL,64470
DO2006901311,BC1ITA01,EGEITABO/5.65 BO 20311208,3942,USD,3942,5.40890546,101.069118,25/09/2026,10:14:36 AM,PRESTAMO,SEGUNDA PARTE,ROTC,27/10/2026,CONFIRMADA,3361512,0,08/12/2021,08/12/2031,3.95,"EMPRESA GENERADORA DE ELECTRICIDAD ITABO, S.A.",EGEITABO,59157
DO2006901311,BC1ITA01,EGEITABO/5.65 BO 20311208,3942,USD,3942,5.38199341,101.208184,25/09/2026,10:14:36 AM,PRESTAMO,PRIMERA PARTE,ROTC,25/09/2026,CONFIRMADA,3361512,0,08/12/2021,08/12/2031,3.95,"EMPRESA GENERADORA DE ELECTRICIDAD ITABO, S.A.",EGEITABO,59262
DO2006901311,BC1ITA01,EGEITABO/5.65 BO 20311208,3942,USD,3942,5.40890546,101.069118,25/09/2026,10:14:35 AM,ESTRUCTURADA,SEGUNDA PARTE,ROTC,27/10/2026,CONFIRMADA,3361481,0,08/12/2021,08/12/2031,3.95,"EMPRESA GENERADORA DE ELECTRICIDAD ITABO, S.A.",EGEITABO,61250
DO2006901311,BC1ITA01,EGEITABO/5.65 BO 20311208,3942,USD,3942,5.38199341,101.208184,25/09/2026,10:14:35 AM,ESTRUCTURADA,PRIMERA PARTE,ROTC,25/09/2026,CONFIRMADA,3361481,0,08/12/2021,08/12/2031,3.95,"EMPRESA GENERADORA DE ELECTRICIDAD ITABO, S.A.",EGEITABO,61355
DO2016300124,BC1GUL01,GULFSTREAM/11.25 BO 20290528,132972,DOP,132972,10.56080786,101.534952,25/09/2026,10:14:34 AM,PRESTAMO,SEGUNDA PARTE,ROTC,26/10/2026,CONFIRMADA,3361511,0,28/05/2019,28/05/2029,7.6,GULFSTREAM PETROLEUM DOMINICANA S DE RL,GULFSTREAM,62566
DO2016300124,BC1GUL01,GULFSTREAM/11.25 BO 20290528,132972,DOP,132972,10.45820507,101.818438,25/09/2026,10:14:34 AM,PRESTAMO,PRIMERA PARTE,ROTC,25/09/2026,CONFIRMADA,3361511,0,28/05/2019,28/05/2029,7.6,GULFSTREAM PETROLEUM DOMINICANA S DE RL,GULFSTREAM,62643
DO2016300124,BC1GUL01,GULFSTREAM/11.25 BO 20290528,132972,DOP,132972,10.56080786,101.534952,25/09/2026,10:14:33 AM,ESTRUCTURADA,SEGUNDA PARTE,ROTC,26/10/2026,CONFIRMADA,3361482,0,28/05/2019,28/05/2029,7.6,GULFSTREAM PETROLEUM DOMINICANA S DE RL,GULFSTREAM,64659
DO2016300124,BC1GUL01,GULFSTREAM/11.25 BO 20290528,132972,DOP,132972,10.45820507,101.818438,25/09/2026,10:14:33 AM,ESTRUCTURADA,PRIMERA PARTE,ROTC,25/09/2026,CONFIRMADA,3361482,0,28/05/2019,28/05/2029,7.6,GULFSTREAM PETROLEUM DOMINICANA S DE RL,GULFSTREAM,64736
DO1005208322,MHUS2040,HACIENDA/6.75 BOEST 20400724 GTIA,49000,USD,49,4.64812963,120.706168,25/09/2026,10:14:31 AM,PRESTAMO,SEGUNDA PARTE,ROTC,24/03/2027,CONFIRMADA,3361510,0,24/07/2020,24/07/2040,4.5,MINISTERIO DE HACIENDA,HACIENDA,62678
DO1005208322,MHUS2040,HACIENDA/6.75 BOEST 20400724 GTIA,49000,USD,49,4.64397194,121.30727,25/09/2026,10:14:31 AM,PRESTAMO,PRIMERA PARTE,ROTC,25/09/2026,CONFIRMADA,3361510,0,24/07/2020,24/07/2040,4.5,MINISTERIO DE HACIENDA,HACIENDA,62419
DO1005208322,MHUS2040,HACIENDA/6.75 BOEST 20400724 GTIA,49000,USD,49,4.64812963,120.706168,25/09/2026,10:14:30 AM,ESTRUCTURADA,SEGUNDA PARTE,ROTC,24/03/2027,CONFIRMADA,3361483,0,24/07/2020,24/07/2040,4.5,MINISTERIO DE HACIENDA,HACIENDA,64771
DO1005208322,MHUS2040,HACIENDA/6.75 BOEST 20400724 GTIA,49000,USD,49,4.64397194,121.30727,25/09/2026,10:14:30 AM,ESTRUCTURADA,PRIMERA PARTE,ROTC,25/09/2026,CONFIRMADA,3361483,0,24/07/2020,24/07/2040,4.5,MINISTERIO DE HACIENDA,HACIENDA,64512
DO1002261423,NO301129,BCENTRAL/9.5 BOEST 20291130 GTIA,1040000,DOP,104,8.43201673,102.496268,25/09/2026,10:14:29 AM,PRESTAMO,SEGUNDA PARTE,ROTC,24/03/2027,CONFIRMADA,3361509,0,30/11/2025,30/11/2029,8.45,BANCO CENTRAL DE LA REPUBLICA DOMINICANA,BCENTRAL,62993
DO1002261423,NO301129,BCENTRAL/9.5 BOEST 20291130 GTIA,1040000,DOP,104,8.4963598,102.723035,25/09/2026,10:14:29 AM,PRESTAMO,PRIMERA PARTE,ROTC,25/09/2026,CONFIRMADA,3361509,0,30/11/2025,30/11/2029,8.45,BANCO CENTRAL DE LA REPUBLICA DOMINICANA,BCENTRAL,62783
DO1002261522,NO180130,BCENTRAL/9.5 BOEST 20300118 GTIA,25000000,DOP,2500,9.6,99.695834,25/09/2026,10:14:28 AM,CONTADO,PRIMERA PARTE,ROTC,25/09/2026,CONFIRMADA,3361494,0,18/01/2026,18/01/2030,0,BANCO CENTRAL DE LA REPUBLICA DOMINICANA,BCENTRAL,60340
DO1002261423,NO301129,BCENTRAL/9.5 BOEST 20291130 GTIA,1040000,DOP,104,8.43201673,102.496268,25/09/2026,10:14:27 AM,ESTRUCTURADA,SEGUNDA PARTE,ROTC,24/03/2027,CONFIRMADA,3361484,0,30/11/2025,30/11/2029,8.45,BANCO CENTRAL DE LA REPUBLICA DOMINICANA,BCENTRAL,65079
DO1002261423,NO301129,BCENTRAL/9.5 BOEST 20291130 GTIA,1040000,DOP,104,8.4963598,102.723035,25/09/2026,10:14:27 AM,ESTRUCTURADA,PRIMERA PARTE,ROTC,25/09/2026,CONFIRMADA,3361484,0,30/11/2025,30/11/2029,8.45,BANCO CENTRAL DE LA REPUBLICA DOMINICANA,BCENTRAL,64869
DO2016300124,BC1GUL01,GULFSTREAM/11.25 BO 20290528,48709,DOP,48709,10.57461896,101.503731,25/09/2026,10:14:26 AM,PRESTAMO,SEGUNDA PARTE,ROTC,26/10/2026,CONFIRMADA,3361508,0,28/05/2019,28/05/2029,7.6,GULFSTREAM PETROLEUM DOMINICANA S DE RL,GULFSTREAM,61936
DO2016300124,BC1GUL01,GULFSTREAM/11.25 BO 20290528,48709,DOP,48709,10.47150662,101.787421,25/09/2026,10:14:26 AM,PRESTAMO,PRIMERA PARTE,ROTC,25/09/2026,CONFIRMADA,3361508,0,28/05/2019,28/05/2029,7.6,GULFSTREAM PETROLEUM DOMINICANA S DE RL,GULFSTREAM,62013
DO2016300124,BC1GUL01,GULFSTREAM/11.25 BO 20290528,48709,DOP,48709,10.57461896,101.503731,25/09/2026,10:14:25 AM,ESTRUCTURADA,SEGUNDA PARTE,ROTC,26/10/2026,CONFIRMADA,3361485,0,28/05/2019,28/05/2029,7.6,GULFSTREAM PETROLEUM DOMINICANA S DE RL,GULFSTREAM,64029
DO2016300124,BC1GUL01,GULFSTREAM/11.25 BO 20290528,48709,DOP,48709,10.47150662,101.787421,25/09/2026,10:14:25 AM,ESTRUCTURADA,PRIMERA PARTE,ROTC,25/09/2026,CONFIRMADA,3361485,0,28/05/2019,28/05/2029,7.6,GULFSTREAM PETROLEUM DOMINICANA S DE RL,GULFSTREAM,64106
DO2016300124,BC1GUL01,GULFSTREAM/11.25 BO 20290528,168545,DOP,168545,11.37135164,99.725582,25/09/2026,10:14:24 AM,PRESTAMO,SEGUNDA PARTE,ROTC,04/11/2026,CONFIRMADA,3361507,0,28/05/2019,28/05/2029,8.55,GULFSTREAM PETROLEUM DOMINICANA S DE RL,GULFSTREAM,62328
DO2016300124,BC1GUL01,GULFSTREAM/11.25 BO 20290528,168545,DOP,168545,11.24615695,100.000257,25/09/2026,10:14:24 AM,PRESTAMO,PRIMERA PARTE,ROTC,25/09/2026,CONFIRMADA,3361507,0,28/05/2019,28/05/2029,8.55,GULFSTREAM PETROLEUM DOMINICANA S DE RL,GULFSTREAM,62629
DO2016300124,BC1GUL01,GULFSTREAM/11.25 BO 20290528,168545,DOP,168545,11.37135164,99.725582,25/09/2026,10:14:23 AM,ESTRUCTURADA,SEGUNDA PARTE,ROTC,04/11/2026,CONFIRMADA,3361486,0,28/05/2019,28/05/2029,8.55,GULFSTREAM PETROLEUM DOMINICANA S DE RL,GULFSTREAM,64421
DO2016300124,BC1GUL01,GULFSTREAM/11.25 BO 20290528,168545,DOP,168545,11.24615695,100.000257,25/09/2026,10:14:23 AM,ESTRUCTURADA,PRIMERA PARTE,ROTC,25/09/2026,CONFIRMADA,3361486,0,28/05/2019,28/05/2029,8.55,GULFSTREAM PETROLEUM DOMINICANA S DE RL,GULFSTREAM,64722
DO1005208322,MHUS2040,HACIENDA/6.75 BOEST 20400724 GTIA,28000,USD,28,4.61851118,121.324268,25/09/2026,10:14:22 AM,PRESTAMO,SEGUNDA PARTE,ROTC,24/12/2026,CONFIRMADA,3361506,0,24/07/2020,24/07/2040,3.25,MINISTERIO DE HACIENDA,HACIENDA,62559
DO1005208322,MHUS2040,HACIENDA/6.75 BOEST 20400724 GTIA,28000,USD,28,4.58441673,121.992536,25/09/2026,10:14:22 AM,PRESTAMO,PRIMERA PARTE,ROTC,25/09/2026,CONFIRMADA,3361506,0,24/07/2020,24/07/2040,3.25,MINISTERIO DE HACIENDA,HACIENDA,62783
DO1005208322,MHUS2040,HACIENDA/6.75 BOEST 20400724 GTIA,28000,USD,28,4.61851118,121.324268,25/09/2026,10:14:20 AM,ESTRUCTURADA,SEGUNDA PARTE,ROTC,24/12/2026,CONFIRMADA,3361487,0,24/07/2020,24/07/2040,3.25,MINISTERIO DE HACIENDA,HACIENDA,64645
DO1005208322,MHUS2040,HACIENDA/6.75 BOEST 20400724 GTIA,28000,USD,28,4.58441673,121.992536,25/09/2026,10:14:20 AM,ESTRUCTURADA,PRIMERA PARTE,ROTC,25/09/2026,CONFIRMADA,3361487,0,24/07/2020,24/07/2040,3.25,MINISTERIO DE HACIENDA,HACIENDA,64869
DO1002261423,NO301129,BCENTRAL/9.5 BOEST 20291130 GTIA,870000,DOP,87,9.34881483,100.383228,25/09/2026,10:14:19 AM,PRESTAMO,SEGUNDA PARTE,ROTC,10/11/2026,CONFIRMADA,3361505,0,30/11/2025,30/11/2029,8.55,BANCO CENTRAL DE LA REPUBLICA DOMINICANA,BCENTRAL,62426
DO1002261423,NO301129,BCENTRAL/9.5 BOEST 20291130 GTIA,870000,DOP,87,9.32759061,100.44014,25/09/2026,10:14:19 AM,PRESTAMO,PRIMERA PARTE,ROTC,25/09/2026,CONFIRMADA,3361505,0,30/11/2025,30/11/2029,8.55,BANCO CENTRAL DE LA REPUBLICA DOMINICANA,BCENTRAL,62111
DO1002261423,NO301129,BCENTRAL/9.5 BOEST 20291130 GTIA,870000,DOP,87,9.34881483,100.383228,25/09/2026,10:14:18 AM,ESTRUCTURADA,SEGUNDA PARTE,ROTC,10/11/2026,CONFIRMADA,3361488,0,30/11/2025,30/11/2029,8.55,BANCO CENTRAL DE LA REPUBLICA DOMINICANA,BCENTRAL,64519
DO1002261423,NO301129,BCENTRAL/9.5 BOEST 20291130 GTIA,870000,DOP,87,9.32759061,100.44014,25/09/2026,10:14:18 AM,ESTRUCTURADA,PRIMERA PARTE,ROTC,25/09/2026,CONFIRMADA,3361488,0,30/11/2025,30/11/2029,8.55,BANCO CENTRAL DE LA REPUBLICA DOMINICANA,BCENTRAL,64204
DO2016300124,BC1GUL01,GULFSTREAM/11.25 BO 20290528,151679,DOP,151679,11.38902722,99.682746,25/09/2026,10:14:16 AM,PRESTAMO,SEGUNDA PARTE,ROTC,26/10/2026,CONFIRMADA,3361504,0,28/05/2019,28/05/2029,7.35,GULFSTREAM PETROLEUM DOMINICANA S DE RL,GULFSTREAM,62405
DO2016300124,BC1GUL01,GULFSTREAM/11.25 BO 20290528,151679,DOP,151679,11.24633621,99.999848,25/09/2026,10:14:16 AM,PRESTAMO,PRIMERA PARTE,ROTC,25/09/2026,CONFIRMADA,3361504,0,28/05/2019,28/05/2029,7.35,GULFSTREAM PETROLEUM DOMINICANA S DE RL,GULFSTREAM,62573
DO2016300124,BC1GUL01,GULFSTREAM/11.25 BO 20290528,151679,DOP,151679,11.38902722,99.682746,25/09/2026,10:14:15 AM,ESTRUCTURADA,SEGUNDA PARTE,ROTC,26/10/2026,CONFIRMADA,3361489,0,28/05/2019,28/05/2029,7.35,GULFSTREAM PETROLEUM DOMINICANA S DE RL,GULFSTREAM,64498
DO2016300124,BC1GUL01,GULFSTREAM/11.25 BO 20290528,151679,DOP,151679,11.24633621,99.999848,25/09/2026,10:14:15 AM,ESTRUCTURADA,PRIMERA PARTE,ROTC,25/09/2026,CONFIRMADA,3361489,0,28/05/2019,28/05/2029,7.35,GULFSTREAM PETROLEUM DOMINICANA S DE RL,GULFSTREAM,64666
DO2016300124,BC1GUL01,GULFSTREAM/11.25 BO 20290528,128416,DOP,128416,12.05858544,98.461863,25/09/2026,10:14:14 AM,PRESTAMO,SEGUNDA PARTE,ROTC,24/03/2027,CONFIRMADA,3361503,0,28/05/2019,28/05/2029,7.95,GULFSTREAM PETROLEUM DOMINICANA S DE RL,GULFSTREAM,62307
DO2016300124,BC1GUL01,GULFSTREAM/11.25 BO 20290528,128416,DOP,128416,11.24605734,100.000485,25/09/2026,10:14:14 AM,PRESTAMO,PRIMERA PARTE,ROTC,25/09/2026,CONFIRMADA,3361503,0,28/05/2019,28/05/2029,7.95,GULFSTREAM PETROLEUM DOMINICANA S DE RL,GULFSTREAM,62496
DO2016300124,BC1GUL01,GULFSTREAM/11.25 BO 20290528,128416,DOP,128416,12.05858544,98.461863,25/09/2026,10:14:13 AM,ESTRUCTURADA,SEGUNDA PARTE,ROTC,24/03/2027,CONFIRMADA,3361490,0,28/05/2019,28/05/2029,7.95,GULFSTREAM PETROLEUM DOMINICANA S DE RL,GULFSTREAM,64400
DO2016300124,BC1GUL01,GULFSTREAM/11.25 BO 20290528,128416,DOP,128416,11.24605734,100.000485,25/09/2026,10:14:13 AM,ESTRUCTURADA,PRIMERA PARTE,ROTC,25/09/2026,CONFIRMADA,3361490,0,28/05/2019,28/05/2029,7.95,GULFSTREAM PETROLEUM DOMINICANA S DE RL,GULFSTREAM,64589
DO2006901311,BC1ITA01,EGEITABO/5.65 BO 20311208,4926,USD,4926,5.37536873,101.230281,25/09/2026,10:14:12 AM,PRESTAMO,SEGUNDA PARTE,ROTC,08/10/2026,CONFIRMADA,3361502,0,08/12/2021,08/12/2031,5.25,"EMPRESA GENERADORA DE ELECTRICIDAD ITABO, S.A.",EGEITABO,59129
DO2006901311,BC1ITA01,EGEITABO/5.65 BO 20311208,4926,USD,4926,5.37519624,101.239082,25/09/2026,10:14:12 AM,PRESTAMO,PRIMERA PARTE,ROTC,25/09/2026,CONFIRMADA,3361502,0,08/12/2021,08/12/2031,5.25,"EMPRESA GENERADORA DE ELECTRICIDAD ITABO, S.A.",EGEITABO,59262
DO2006901311,BC1ITA01,EGEITABO/5.65 BO 20311208,4926,USD,4926,5.37536873,101.230281,25/09/2026,10:14:10 AM,ESTRUCTURADA,SEGUNDA PARTE,ROTC,08/10/2026,CONFIRMADA,3361491,0,08/12/2021,08/12/2031,5.25,"EMPRESA GENERADORA DE ELECTRICIDAD ITABO, S.A.",EGEITABO,61215
DO2006901311,BC1ITA01,EGEITABO/5.65 BO 20311208,4926,USD,4926,5.37519624,101.239082,25/09/2026,10:14:10 AM,ESTRUCTURADA,PRIMERA PARTE,ROTC,25/09/2026,CONFIRMADA,3361491,0,08/12/2021,08/12/2031,5.25,"EMPRESA GENERADORA DE ELECTRICIDAD ITABO, S.A.",EGEITABO,61348
DO1002261423,NO301129,BCENTRAL/9.5 BOEST 20291130 GTIA,4840000,DOP,484,9.39979756,100.245466,25/09/2026,10:14:09 AM,PRESTAMO,SEGUNDA PARTE,ROTC,15/10/2026,CONFIRMADA,3361501,0,30/11/2025,30/11/2029,8.75,BANCO CENTRAL DE LA REPUBLICA DOMINICANA,BCENTRAL,63252
DO1002261423,NO301129,BCENTRAL/9.5 BOEST 20291130 GTIA,4840000,DOP,484,9.3943364,100.259589,25/09/2026,10:14:09 AM,PRESTAMO,PRIMERA PARTE,ROTC,25/09/2026,CONFIRMADA,3361501,0,30/11/2025,30/11/2029,8.75,BANCO CENTRAL DE LA REPUBLICA DOMINICANA,BCENTRAL,62958
DO1002261423,NO301129,BCENTRAL/9.5 BOEST 20291130 GTIA,4840000,DOP,484,9.39979756,100.245466,25/09/2026,10:14:08 AM,ESTRUCTURADA,SEGUNDA PARTE,ROTC,15/10/2026,CONFIRMADA,3361492,0,30/11/2025,30/11/2029,8.75,BANCO CENTRAL DE LA REPUBLICA DOMINICANA,BCENTRAL,65345
DO1002261423,NO301129,BCENTRAL/9.5 BOEST 20291130 GTIA,4840000,DOP,484,9.3943364,100.259589,25/09/2026,10:14:08 AM,ESTRUCTURADA,PRIMERA PARTE,ROTC,25/09/2026,CONFIRMADA,3361492,0,30/11/2025,30/11/2029,8.75,BANCO CENTRAL DE LA REPUBLICA DOMINICANA,BCENTRAL,65051
DO2016300124,BC1GUL01,GULFSTREAM/11.25 BO 20290528,99144,DOP,99144,11.4624823,99.529844,25/09/2026,10:14:07 AM,PRESTAMO,SEGUNDA PARTE,ROTC,10/11/2026,CONFIRMADA,3361500,0,28/05/2019,28/05/2029,7.35,GULFSTREAM PETROLEUM DOMINICANA S DE RL,GULFSTREAM,61292
DO2016300124,BC1GUL01,GULFSTREAM/11.25 BO 20290528,99144,DOP,99144,11.24610452,100.000377,25/09/2026,10:14:07 AM,PRESTAMO,PRIMERA PARTE,ROTC,25/09/2026,CONFIRMADA,3361500,0,28/05/2019,28/05/2029,7.35,GULFSTREAM PETROLEUM DOMINICANA S DE RL,GULFSTREAM,61859
DO2016300124,BC1GUL01,GULFSTREAM/11.25 BO 20290528,99144,DOP,99144,11.4624823,99.529844,25/09/2026,10:14:06 AM,ESTRUCTURADA,SEGUNDA PARTE,ROTC,10/11/2026,CONFIRMADA,3361493,0,28/05/2019,28/05/2029,7.35,GULFSTREAM PETROLEUM DOMINICANA S DE RL,GULFSTREAM,63385
DO2016300124,BC1GUL01,GULFSTREAM/11.25 BO 20290528,99144,DOP,99144,11.24610452,100.000377,25/09/2026,10:14:06 AM,ESTRUCTURADA,PRIMERA PARTE,ROTC,25/09/2026,CONFIRMADA,3361493,0,28/05/2019,28/05/2029,7.35,GULFSTREAM PETROLEUM DOMINICANA S DE RL,GULFSTREAM,63952
DO1005211227,MH32029,HACIENDA/12.75 BOEST 20290923 GTIA,13500000,DOP,135,8.4768,110.827981,25/09/2026,10:13:46 AM,PRESTAMO,SEGUNDA PARTE,ROTC,23/10/2026,CONFIRMADA,3361499,0,23/09/2022,23/09/2029,8.85,MINISTERIO DE HACIENDA,HACIENDA,62125
DO1005211227,MH32029,HACIENDA/12.75 BOEST 20290923 GTIA,13500000,DOP,135,8.4944,111.041248,25/09/2026,10:13:46 AM,PRESTAMO,PRIMERA PARTE,ROTC,25/09/2026,CONFIRMADA,3361499,0,23/09/2022,23/09/2029,8.85,MINISTERIO DE HACIENDA,HACIENDA,62125
DO1005211227,MH32029,HACIENDA/12.75 BOEST 20290923 GTIA,13500000,DOP,135,8.4768,110.827981,25/09/2026,10:13:44 AM,ESTRUCTURADA,SEGUNDA PARTE,ROTC,23/10/2026,CONFIRMADA,3361464,0,23/09/2022,23/09/2029,8.85,MINISTERIO DE HACIENDA,HACIENDA,64211
DO1005211227,MH32029,HACIENDA/12.75 BOEST 20290923 GTIA,13500000,DOP,135,8.4944,111.041248,25/09/2026,10:13:44 AM,ESTRUCTURADA,PRIMERA PARTE,ROTC,25/09/2026,CONFIRMADA,3361464,0,23/09/2022,23/09/2029,8.85,MINISTERIO DE HACIENDA,HACIENDA,64211
DO1002261928,LE090427,BCENTRAL/ LT 20270409 GTIA,60000,DOP,6,18.5229,90.9667,25/09/2026,10:12:27 AM,CONTADO,PRIMERA PARTE,ROTC,28/09/2026,CONFIRMADA,3361186,0,09/04/2026,09/04/2027,0,BANCO CENTRAL DE LA REPUBLICA DOMINICANA,BCENTRAL,56427
DO1002261928,LE090427,BCENTRAL/ LT 20270409 GTIA,120000,DOP,12,15.7969,92.192325,25/09/2026,10:12:26 AM,CONTADO,PRIMERA PARTE,ROTC,28/09/2026,CONFIRMADA,3361189,0,09/04/2026,09/04/2027,0,BANCO CENTRAL DE LA REPUBLICA DOMINICANA,BCENTRAL,57764
DO1002261928,LE090427,BCENTRAL/ LT 20270409 GTIA,210000,DOP,21,9.3314,95.235695,25/09/2026,10:12:24 AM,CONTADO,PRIMERA PARTE,ROTC,28/09/2026,CONFIRMADA,3361192,0,09/04/2026,09/04/2027,0,BANCO CENTRAL DE LA REPUBLICA DOMINICANA,BCENTRAL,57372
DO1002261928,LE090427,BCENTRAL/ LT 20270409 GTIA,50000,DOP,5,0.0047,99.99748,25/09/2026,10:12:23 AM,CONTADO,PRIMERA PARTE,ROTC,28/09/2026,CONFIRMADA,3361195,0,09/04/2026,09/04/2027,0,BANCO CENTRAL DE LA REPUBLICA DOMINICANA,BCENTRAL,56399
DO1002261928,LE090427,BCENTRAL/ LT 20270409 GTIA,80000,DOP,8,-1.6529,100.884713,25/09/2026,10:12:21 AM,CONTADO,PRIMERA PARTE,ROTC,30/09/2026,CONFIRMADA,3361198,0,09/04/2026,09/04/2027,0,BANCO CENTRAL DE LA REPUBLICA DOMINICANA,BCENTRAL,57288
DO1002261928,LE090427,BCENTRAL/ LT 20270409 GTIA,10000,DOP,1,-0.0047,100.0025,25/09/2026,10:12:20 AM,CONTADO,PRIMERA PARTE,ROTC,30/09/2026,CONFIRMADA,3361201,0,09/04/2026,09/04/2027,0,BANCO CENTRAL DE LA REPUBLICA DOMINICANA,BCENTRAL,56259
DO1002261928,LE090427,BCENTRAL/ LT 20270409 GTIA,270000,DOP,27,6.3504,96.740563,25/09/2026,10:12:19 AM,CONTADO,PRIMERA PARTE,ROTC,30/09/2026,CONFIRMADA,3361204,0,09/04/2026,09/04/2027,0,BANCO CENTRAL DE LA REPUBLICA DOMINICANA,BCENTRAL,57393
DO1002261928,LE090427,BCENTRAL/ LT 20270409 GTIA,260000,DOP,26,11.0038,94.483923,25/09/2026,10:12:18 AM,CONTADO,PRIMERA PARTE,ROTC,30/09/2026,CONFIRMADA,3361207,0,09/04/2026,09/04/2027,0,BANCO CENTRAL DE LA REPUBLICA DOMINICANA,BCENTRAL,57687
DO1002261928,LE090427,BCENTRAL/ LT 20270409 GTIA,60000,DOP,6,-5.2567,102.868983,25/09/2026,10:12:16 AM,CONTADO,PRIMERA PARTE,ROTC,30/09/2026,CONFIRMADA,3361210,0,09/04/2026,09/04/2027,0,BANCO CENTRAL DE LA REPUBLICA DOMINICANA,BCENTRAL,57393
DO1002261928,LE090427,BCENTRAL/ LT 20270409 GTIA,20000,DOP,2,48.8192,79.4273,25/09/2026,10:12:15 AM,CONTADO,PRIMERA PARTE,ROTC,30/09/2026,CONFIRMADA,3361213,0,09/04/2026,09/04/2027,0,BANCO CENTRAL DE LA REPUBLICA DOMINICANA,BCENTRAL,56301
DO1005211227,MH32029,HACIENDA/12.75 BOEST 20290923 GTIA,5900000,DOP,59,8.8252,109.888448,25/09/2026,10:12:15 AM,PRESTAMO,SEGUNDA PARTE,ROTC,23/10/2026,CONFIRMADA,3361498,0,23/09/2022,23/09/2029,8.95,MINISTERIO DE HACIENDA,HACIENDA,61523
DO1005211227,MH32029,HACIENDA/12.75 BOEST 20290923 GTIA,5900000,DOP,59,8.8355,110.099628,25/09/2026,10:12:15 AM,PRESTAMO,PRIMERA PARTE,ROTC,25/09/2026,CONFIRMADA,3361498,0,23/09/2022,23/09/2029,8.95,MINISTERIO DE HACIENDA,HACIENDA,61586
DO1005213025,MH22031,HACIENDA/10.25 BOEST 20310209 GTIA,2800000,DOP,28,8.6251,105.820294,25/09/2026,10:12:14 AM,CONTADO,PRIMERA PARTE,ROTC,25/09/2026,CONFIRMADA,3361250,0,09/02/2024,09/02/2031,0,MINISTERIO DE HACIENDA,HACIENDA,60557
DO1005205617,MH12027,HACIENDA/11.25 BOEST 20270205 GTIA,4000000,DOP,40,-4.6916,105.928082,25/09/2026,10:12:13 AM,CONTADO,PRIMERA PARTE,ROTC,25/09/2026,CONFIRMADA,3361255,0,05/08/2016,05/02/2027,0,MINISTERIO DE HACIENDA,HACIENDA,60935
DO1005211227,MH32029,HACIENDA/12.75 BOEST 20290923 GTIA,5900000,DOP,59,8.8252,109.888448,25/09/2026,10:12:13 AM,ESTRUCTURADA,SEGUNDA PARTE,ROTC,23/10/2026,CONFIRMADA,3361463,0,23/09/2022,23/09/2029,8.95,MINISTERIO DE HACIENDA,HACIENDA,63609
DO1005211227,MH32029,HACIENDA/12.75 BOEST 20290923 GTIA,5900000,DOP,59,8.8355,110.099628,25/09/2026,10:12:13 AM,ESTRUCTURADA,PRIMERA PARTE,ROTC,25/09/2026,CONFIRMADA,3361463,0,23/09/2022,23/09/2029,8.95,MINISTERIO DE HACIENDA,HACIENDA,63672
DO1002261928,LE090427,BCENTRAL/ LT 20270409 GTIA,140000,DOP,14,4.1777,97.776079,25/09/2026,10:12:11 AM,CONTADO,PRIMERA PARTE,ROTC,25/09/2026,CONFIRMADA,3361259,0,09/04/2026,09/04/2027,0,BANCO CENTRAL DE LA REPUBLICA DOMINICANA,BCENTRAL,57449
DO1002261928,LE090427,BCENTRAL/ LT 20270409 GTIA,40000,DOP,4,0,100,25/09/2026,10:12:10 AM,CONTADO,PRIMERA PARTE,ROTC,28/09/2026,CONFIRMADA,3361264,0,09/04/2026,09/04/2027,0,BANCO CENTRAL DE LA REPUBLICA DOMINICANA,BCENTRAL,52570
DO1002261928,LE090427,BCENTRAL/ LT 20270409 GTIA,50000,DOP,5,-1.33,100.71814,25/09/2026,10:12:08 AM,CONTADO,PRIMERA PARTE,ROTC,28/09/2026,CONFIRMADA,3361268,0,09/04/2026,09/04/2027,0,BANCO CENTRAL DE LA REPUBLICA DOMINICANA,BCENTRAL,56140
USP3579EBY25,BSRD2048,DOMINICAN REP/6.5 CHURCH BD UNSEC,12000,USD,12,6.5024,99.963583,25/09/2026,10:12:07 AM,CONTADO,PRIMERA PARTE,ROTC,28/09/2026,CONFIRMADA,3361273,0,08/02/2018,15/02/2048,0,MINISTERIO DE HACIENDA,HACIENDA,62531
DO1002261928,LE090427,BCENTRAL/ LT 20270409 GTIA,110000,DOP,11,12.5469,93.728027,25/09/2026,10:12:06 AM,CONTADO,PRIMERA PARTE,ROTC,29/09/2026,CONFIRMADA,3361278,0,09/04/2026,09/04/2027,0,BANCO CENTRAL DE LA REPUBLICA DOMINICANA,BCENTRAL,57708
USP3579EBY25,BSRD2048,DOMINICAN REP/6.5 CHURCH BD UNSEC,33000,USD,33,5.8974,107.259727,25/09/2026,10:12:04 AM,CONTADO,PRIMERA PARTE,ROTC,29/09/2026,CONFIRMADA,3361283,0,08/02/2018,15/02/2048,0,MINISTERIO DE HACIENDA,HACIENDA,62923
DO1005205617,MH12027,HACIENDA/11.25 BOEST 20270205 GTIA,400000,DOP,4,11.3618,99.96082,25/09/2026,10:12:03 AM,CONTADO,PRIMERA PARTE,ROTC,29/09/2026,CONFIRMADA,3361288,0,05/08/2016,05/02/2027,0,MINISTERIO DE HACIENDA,HACIENDA,59647
DO1002261928,LE090427,BCENTRAL/ LT 20270409 GTIA,520000,DOP,52,7.3518,96.151423,25/09/2026,10:12:01 AM,CONTADO,PRIMERA PARTE,ROTC,25/09/2026,CONFIRMADA,3361293,0,09/04/2026,09/04/2027,0,BANCO CENTRAL DE LA REPUBLICA DOMINICANA,BCENTRAL,57309
DO1002261928,LE090427,BCENTRAL/ LT 20270409 GTIA,520000,DOP,52,7.3518,96.151423,25/09/2026,10:12:00 AM,CONTADO,PRIMERA PARTE,ROTC,25/09/2026,CONFIRMADA,3361297,0,09/04/2026,09/04/2027,0,BANCO CENTRAL DE LA REPUBLICA DOMINICANA,BCENTRAL,57302
DO1005213025,MH22031,HACIENDA/10.25 BOEST 20310209 GTIA,200000,DOP,2,12.8897,91.37409,25/09/2026,10:11:59 AM,CONTADO,PRIMERA PARTE,ROTC,25/09/2026,CONFIRMADA,3361302,0,09/02/2024,09/02/2031,0,MINISTERIO DE HACIENDA,HACIENDA,59598
DO1005208322,MHUS2040,HACIENDA/6.75 BOEST 20400724 GTIA,8000,USD,8,5.0416,116.857,25/09/2026,10:11:57 AM,CONTADO,PRIMERA PARTE,ROTC,25/09/2026,CONFIRMADA,3361307,0,24/07/2020,24/07/2040,0,MINISTERIO DE HACIENDA,HACIENDA,58821
DO1005205716,MHUS2027,HACIENDA/6 BOEST 20270305 GTIA,2000,USD,2,6.7085,99.6685,25/09/2026,10:11:56 AM,CONTADO,PRIMERA PARTE,ROTC,25/09/2026,CONFIRMADA,3361310,0,05/09/2016,05/03/2027,0,MINISTERIO DE HACIENDA,HACIENDA,57890
DO1005208322,MHUS2040,HACIENDA/6.75 BOEST 20400724 GTIA,88000,USD,88,4.7698,119.875932,25/09/2026,10:11:55 AM,CONTADO,PRIMERA PARTE,ROTC,25/09/2026,CONFIRMADA,3361313,0,24/07/2020,24/07/2040,0,MINISTERIO DE HACIENDA,HACIENDA,60844
DO1002261928,LE090427,BCENTRAL/ LT 20270409 GTIA,260000,DOP,26,11.6452,94.037835,25/09/2026,10:11:53 AM,CONTADO,PRIMERA PARTE,ROTC,25/09/2026,CONFIRMADA,3361316,0,09/04/2026,09/04/2027,0,BANCO CENTRAL DE LA REPUBLICA DOMINICANA,BCENTRAL,57722
DO1002261928,LE090427,BCENTRAL/ LT 20270409 GTIA,260000,DOP,26,13.7086,95.595338,25/09/2026,10:11:52 AM,PLAZO,PRIMERA PARTE,ROTC,09/12/2026,CONFIRMADA,3361318,0,09/04/2026,09/04/2027,0,BANCO CENTRAL DE LA REPUBLICA DOMINICANA,BCENTRAL,56875
DO1002261928,LE090427,BCENTRAL/ LT 20270409 GTIA,260000,DOP,26,13.7086,95.595338,25/09/2026,10:11:51 AM,PRESTAMO,SEGUNDA PARTE,ROTC,09/12/2026,CONFIRMADA,3361317,0,09/04/2026,09/04/2027,1.629268,BANCO CENTRAL DE LA REPUBLICA DOMINICANA,BCENTRAL,58408
DO1002261928,LE090427,BCENTRAL/ LT 20270409 GTIA,260000,DOP,26,11.6452,94.037835,25/09/2026,10:11:51 AM,PRESTAMO,PRIMERA PARTE,ROTC,25/09/2026,CONFIRMADA,3361317,0,09/04/2026,09/04/2027,1.629268,BANCO CENTRAL DE LA REPUBLICA DOMINICANA,BCENTRAL,58401
DO1002261928,LE090427,BCENTRAL/ LT 20270409 GTIA,60000,DOP,6,177.596,94.85275,25/09/2026,10:11:49 AM,PRESTAMO,SEGUNDA PARTE,ROTC,29/03/2027,CONFIRMADA,3361187,0,09/04/2026,09/04/2027,4.096929,BANCO CENTRAL DE LA REPUBLICA DOMINICANA,BCENTRAL,57463
DO1002261928,LE090427,BCENTRAL/ LT 20270409 GTIA,60000,DOP,6,18.5229,90.9667,25/09/2026,10:11:49 AM,PRESTAMO,PRIMERA PARTE,ROTC,28/09/2026,CONFIRMADA,3361187,0,09/04/2026,09/04/2027,4.096929,BANCO CENTRAL DE LA REPUBLICA DOMINICANA,BCENTRAL,57141
DO1002261928,LE090427,BCENTRAL/ LT 20270409 GTIA,60000,DOP,6,177.596,94.85275,25/09/2026,10:11:48 AM,PLAZO,PRIMERA PARTE,ROTC,29/03/2027,CONFIRMADA,3361188,0,09/04/2026,09/04/2027,0,BANCO CENTRAL DE LA REPUBLICA DOMINICANA,BCENTRAL,55916
DO1002261928,LE090427,BCENTRAL/ LT 20270409 GTIA,120000,DOP,12,40.0167,95.438267,25/09/2026,10:11:47 AM,PRESTAMO,SEGUNDA PARTE,ROTC,25/02/2027,CONFIRMADA,3361190,0,09/04/2026,09/04/2027,3.40109,BANCO CENTRAL DE LA REPUBLICA DOMINICANA,BCENTRAL,58289
DO1002261928,LE090427,BCENTRAL/ LT 20270409 GTIA,120000,DOP,12,15.7969,92.192325,25/09/2026,10:11:47 AM,PRESTAMO,PRIMERA PARTE,ROTC,28/09/2026,CONFIRMADA,3361190,0,09/04/2026,09/04/2027,3.40109,BANCO CENTRAL DE LA REPUBLICA DOMINICANA,BCENTRAL,58471
DO1002261928,LE090427,BCENTRAL/ LT 20270409 GTIA,120000,DOP,12,40.0167,95.438267,25/09/2026,10:11:45 AM,PLAZO,PRIMERA PARTE,ROTC,25/02/2027,CONFIRMADA,3361191,0,09/04/2026,09/04/2027,0,BANCO CENTRAL DE LA REPUBLICA DOMINICANA,BCENTRAL,56735
DO1002261928,LE090427,BCENTRAL/ LT 20270409 GTIA,210000,DOP,21,9.4939,95.878533,25/09/2026,10:11:44 AM,PRESTAMO,SEGUNDA PARTE,ROTC,28/10/2026,CONFIRMADA,3361193,0,09/04/2026,09/04/2027,0.670471,BANCO CENTRAL DE LA REPUBLICA DOMINICANA,BCENTRAL,58079
DO1002261928,LE090427,BCENTRAL/ LT 20270409 GTIA,210000,DOP,21,9.3314,95.235695,25/09/2026,10:11:44 AM,PRESTAMO,PRIMERA PARTE,ROTC,28/09/2026,CONFIRMADA,3361193,0,09/04/2026,09/04/2027,0.670471,BANCO CENTRAL DE LA REPUBLICA DOMINICANA,BCENTRAL,58072
DO1002261928,LE090427,BCENTRAL/ LT 20270409 GTIA,210000,DOP,21,9.4939,95.878533,25/09/2026,10:11:43 AM,PLAZO,PRIMERA PARTE,ROTC,28/10/2026,CONFIRMADA,3361194,0,09/04/2026,09/04/2027,0,BANCO CENTRAL DE LA REPUBLICA DOMINICANA,BCENTRAL,56532
DO1002261928,LE090427,BCENTRAL/ LT 20270409 GTIA,50000,DOP,5,-5.3736,101.762,25/09/2026,10:11:42 AM,PRESTAMO,SEGUNDA PARTE,ROTC,14/12/2026,CONFIRMADA,3361196,0,09/04/2026,09/04/2027,1.733967,BANCO CENTRAL DE LA REPUBLICA DOMINICANA,BCENTRAL,56756
DO1002261928,LE090427,BCENTRAL/ LT 20270409 GTIA,50000,DOP,5,0.0047,99.99748,25/09/2026,10:11:42 AM,PRESTAMO,PRIMERA PARTE,ROTC,28/09/2026,CONFIRMADA,3361196,0,09/04/2026,09/04/2027,1.733967,BANCO CENTRAL DE LA REPUBLICA DOMINICANA,BCENTRAL,57092
DO1002261928,LE090427,BCENTRAL/ LT 20270409 GTIA,50000,DOP,5,-5.3736,101.762,25/09/2026,10:11:40 AM,PLAZO,PRIMERA PARTE,ROTC,14/12/2026,CONFIRMADA,3361197,0,09/04/2026,09/04/2027,0,BANCO CENTRAL DE LA REPUBLICA DOMINICANA,BCENTRAL,55202
DO1002261928,LE090427,BCENTRAL/ LT 20270409 GTIA,80000,DOP,8,-3.4105,101.548875,25/09/2026,10:11:39 AM,PRESTAMO,SEGUNDA PARTE,ROTC,30/10/2026,CONFIRMADA,3361199,0,09/04/2026,09/04/2027,0.654032,BANCO CENTRAL DE LA REPUBLICA DOMINICANA,BCENTRAL,57897
DO1002261928,LE090427,BCENTRAL/ LT 20270409 GTIA,80000,DOP,8,-1.6529,100.884713,25/09/2026,10:11:39 AM,PRESTAMO,PRIMERA PARTE,ROTC,30/09/2026,CONFIRMADA,3361199,0,09/04/2026,09/04/2027,0.654032,BANCO CENTRAL DE LA REPUBLICA DOMINICANA,BCENTRAL,58037
DO1002261928,LE090427,BCENTRAL/ LT 20270409 GTIA,80000,DOP,8,-3.4105,101.548875,25/09/2026,10:11:38 AM,PLAZO,PRIMERA PARTE,ROTC,30/10/2026,CONFIRMADA,3361200,0,09/04/2026,09/04/2027,0,BANCO CENTRAL DE LA REPUBLICA DOMINICANA,BCENTRAL,56350
DO1002261928,LE090427,BCENTRAL/ LT 20270409 GTIA,10000,DOP,1,-1.5049,100.6776,25/09/2026,10:11:36 AM,PRESTAMO,SEGUNDA PARTE,ROTC,30/10/2026,CONFIRMADA,3361202,0,09/04/2026,09/04/2027,0.670556,BANCO CENTRAL DE LA REPUBLICA DOMINICANA,BCENTRAL,57064
DO1002261928,LE090427,BCENTRAL/ LT 20270409 GTIA,10000,DOP,1,-0.0047,100.0025,25/09/2026,10:11:36 AM,PRESTAMO,PRIMERA PARTE,ROTC,30/09/2026,CONFIRMADA,3361202,0,09/04/2026,09/04/2027,0.670556,BANCO CENTRAL DE LA REPUBLICA DOMINICANA,BCENTRAL,56994
DO1002261928,LE090427,BCENTRAL/ LT 20270409 GTIA,10000,DOP,1,-1.5049,100.6776,25/09/2026,10:11:35 AM,PLAZO,PRIMERA PARTE,ROTC,30/10/2026,CONFIRMADA,3361203,0,09/04/2026,09/04/2027,0,BANCO CENTRAL DE LA REPUBLICA DOMINICANA,BCENTRAL,55517
DO1002261928,LE090427,BCENTRAL/ LT 20270409 GTIA,270000,DOP,27,5.984,97.393559,25/09/2026,10:11:34 AM,PRESTAMO,SEGUNDA PARTE,ROTC,30/10/2026,CONFIRMADA,3361205,0,09/04/2026,09/04/2027,0.670472,BANCO CENTRAL DE LA REPUBLICA DOMINICANA,BCENTRAL,57729
DO1002261928,LE090427,BCENTRAL/ LT 20270409 GTIA,270000,DOP,27,6.3504,96.740563,25/09/2026,10:11:34 AM,PRESTAMO,PRIMERA PARTE,ROTC,30/09/2026,CONFIRMADA,3361205,0,09/04/2026,09/04/2027,0.670472,BANCO CENTRAL DE LA REPUBLICA DOMINICANA,BCENTRAL,58058
DO1002261928,LE090427,BCENTRAL/ LT 20270409 GTIA,270000,DOP,27,5.984,97.393559,25/09/2026,10:11:32 AM,PLAZO,PRIMERA PARTE,ROTC,30/10/2026,CONFIRMADA,3361206,0,09/04/2026,09/04/2027,0,BANCO CENTRAL DE LA REPUBLICA DOMINICANA,BCENTRAL,56175
DO1002261928,LE090427,BCENTRAL/ LT 20270409 GTIA,260000,DOP,26,11.4674,95.121688,25/09/2026,10:11:31 AM,PRESTAMO,SEGUNDA PARTE,ROTC,30/10/2026,CONFIRMADA,3361208,0,09/04/2026,09/04/2027,0.670473,BANCO CENTRAL DE LA REPUBLICA DOMINICANA,BCENTRAL,58275
DO1002261928,LE090427,BCENTRAL/ LT 20270409 GTIA,260000,DOP,26,11.0038,94.483923,25/09/2026,10:11:31 AM,PRESTAMO,PRIMERA PARTE,ROTC,30/09/2026,CONFIRMADA,3361208,0,09/04/2026,09/04/2027,0.670473,BANCO CENTRAL DE LA REPUBLICA DOMINICANA,BCENTRAL,58338
DO1002261928,LE090427,BCENTRAL/ LT 20270409 GTIA,260000,DOP,26,11.4674,95.121688,25/09/2026,10:11:30 AM,PLAZO,PRIMERA PARTE,ROTC,30/10/2026,CONFIRMADA,3361209,0,09/04/2026,09/04/2027,0,BANCO CENTRAL DE LA REPUBLICA DOMINICANA,BCENTRAL,56728
DO1002261928,LE090427,BCENTRAL/ LT 20270409 GTIA,60000,DOP,6,-13.753,104.637033,25/09/2026,10:11:28 AM,PRESTAMO,SEGUNDA PARTE,ROTC,14/12/2026,CONFIRMADA,3361211,0,09/04/2026,09/04/2027,1.689698,BANCO CENTRAL DE LA REPUBLICA DOMINICANA,BCENTRAL,57841
DO1002261928,LE090427,BCENTRAL/ LT 20270409 GTIA,60000,DOP,6,-5.2567,102.868983,25/09/2026,10:11:28 AM,PRESTAMO,PRIMERA PARTE,ROTC,30/09/2026,CONFIRMADA,3361211,0,09/04/2026,09/04/2027,1.689698,BANCO CENTRAL DE LA REPUBLICA DOMINICANA,BCENTRAL,58100
DO1002261928,LE090427,BCENTRAL/ LT 20270409 GTIA,60000,DOP,6,-13.753,104.637033,25/09/2026,10:11:27 AM,PLAZO,PRIMERA PARTE,ROTC,14/12/2026,CONFIRMADA,3361212,0,09/04/2026,09/04/2027,0,BANCO CENTRAL DE LA REPUBLICA DOMINICANA,BCENTRAL,56294
DO1002261928,LE090427,BCENTRAL/ LT 20270409 GTIA,20000,DOP,2,199.053,82.2611,25/09/2026,10:11:26 AM,PRESTAMO,SEGUNDA PARTE,ROTC,01/03/2027,CONFIRMADA,3361214,0,09/04/2026,09/04/2027,3.444885,BANCO CENTRAL DE LA REPUBLICA DOMINICANA,BCENTRAL,56770
DO1002261928,LE090427,BCENTRAL/ LT 20270409 GTIA,20000,DOP,2,48.8192,79.4273,25/09/2026,10:11:26 AM,PRESTAMO,PRIMERA PARTE,ROTC,30/09/2026,CONFIRMADA,3361214,0,09/04/2026,09/04/2027,3.444885,BANCO CENTRAL DE LA REPUBLICA DOMINICANA,BCENTRAL,57001
DO1002261928,LE090427,BCENTRAL/ LT 20270409 GTIA,20000,DOP,2,199.053,82.2611,25/09/2026,10:11:25 AM,PLAZO,PRIMERA PARTE,ROTC,01/03/2027,CONFIRMADA,3361215,0,09/04/2026,09/04/2027,0,BANCO CENTRAL DE LA REPUBLICA DOMINICANA,BCENTRAL,55223
DO1005213025,MH22031,HACIENDA/10.25 BOEST 20310209 GTIA,2800000,DOP,28,8.6211,105.729339,25/09/2026,10:11:24 AM,PRESTAMO,SEGUNDA PARTE,ROTC,26/10/2026,CONFIRMADA,3361252,0,09/02/2024,09/02/2031,1.945386,MINISTERIO DE HACIENDA,HACIENDA,61166
DO1005213025,MH22031,HACIENDA/10.25 BOEST 20310209 GTIA,2800000,DOP,28,8.6251,105.820294,25/09/2026,10:11:24 AM,PRESTAMO,PRIMERA PARTE,ROTC,25/09/2026,CONFIRMADA,3361252,0,09/02/2024,09/02/2031,1.945386,MINISTERIO DE HACIENDA,HACIENDA,61250
DO1005213025,MH22031,HACIENDA/10.25 BOEST 20310209 GTIA,2800000,DOP,28,8.6211,105.729339,25/09/2026,10:11:23 AM,PLAZO,PRIMERA PARTE,ROTC,26/10/2026,CONFIRMADA,3361253,0,09/02/2024,09/02/2031,0,MINISTERIO DE HACIENDA,HACIENDA,59619
DO1005205617,MH12027,HACIENDA/11.25 BOEST 20270205 GTIA,4000000,DOP,40,-8.4822,105.713159,25/09/2026,10:11:21 AM,PRESTAMO,SEGUNDA PARTE,ROTC,26/10/2026,CONFIRMADA,3361256,0,05/08/2016,05/02/2027,2.136421,MINISTERIO DE HACIENDA,HACIENDA,61467
DO1005205617,MH12027,HACIENDA/11.25 BOEST 20270205 GTIA,4000000,DOP,40,-4.6916,105.928082,25/09/2026,10:11:21 AM,PRESTAMO,PRIMERA PARTE,ROTC,25/09/2026,CONFIRMADA,3361256,0,05/08/2016,05/02/2027,2.136421,MINISTERIO DE HACIENDA,HACIENDA,61614
DO1005205617,MH12027,HACIENDA/11.25 BOEST 20270205 GTIA,4000000,DOP,40,-8.4822,105.713159,25/09/2026,10:11:20 AM,PLAZO,PRIMERA PARTE,ROTC,26/10/2026,CONFIRMADA,3361258,0,05/08/2016,05/02/2027,0,MINISTERIO DE HACIENDA,HACIENDA,59920
DO1002261928,LE090427,BCENTRAL/ LT 20270409 GTIA,140000,DOP,14,-8.7992,101.137129,25/09/2026,10:11:19 AM,PRESTAMO,SEGUNDA PARTE,ROTC,22/02/2027,CONFIRMADA,3361261,0,09/04/2026,09/04/2027,3.32326,BANCO CENTRAL DE LA REPUBLICA DOMINICANA,BCENTRAL,58590
DO1002261928,LE090427,BCENTRAL/ LT 20270409 GTIA,140000,DOP,14,4.1777,97.776079,25/09/2026,10:11:19 AM,PRESTAMO,PRIMERA PARTE,ROTC,25/09/2026,CONFIRMADA,3361261,0,09/04/2026,09/04/2027,3.32326,BANCO CENTRAL DE LA REPUBLICA DOMINICANA,BCENTRAL,58191
DO1002261928,LE090427,BCENTRAL/ LT 20270409 GTIA,140000,DOP,14,-8.7992,101.137129,25/09/2026,10:11:18 AM,PLAZO,PRIMERA PARTE,ROTC,22/02/2027,CONFIRMADA,3361262,0,09/04/2026,09/04/2027,0,BANCO CENTRAL DE LA REPUBLICA DOMINICANA,BCENTRAL,57043
DO1002261928,LE090427,BCENTRAL/ LT 20270409 GTIA,40000,DOP,4,-13.354,102.78335,25/09/2026,10:11:17 AM,PRESTAMO,SEGUNDA PARTE,ROTC,26/01/2027,CONFIRMADA,3361265,0,09/04/2026,09/04/2027,2.707978,BANCO CENTRAL DE LA REPUBLICA DOMINICANA,BCENTRAL,57470
DO1002261928,LE090427,BCENTRAL/ LT 20270409 GTIA,40000,DOP,4,0,100,25/09/2026,10:11:17 AM,PRESTAMO,PRIMERA PARTE,ROTC,28/09/2026,CONFIRMADA,3361265,0,09/04/2026,09/04/2027,2.707978,BANCO CENTRAL DE LA REPUBLICA DOMINICANA,BCENTRAL,53305
DO1002261928,LE090427,BCENTRAL/ LT 20270409 GTIA,40000,DOP,4,-13.354,102.78335,25/09/2026,10:11:16 AM,PLAZO,PRIMERA PARTE,ROTC,26/01/2027,CONFIRMADA,3361267,0,09/04/2026,09/04/2027,0,BANCO CENTRAL DE LA REPUBLICA DOMINICANA,BCENTRAL,55923
DO1002261928,LE090427,BCENTRAL/ LT 20270409 GTIA,50000,DOP,5,-3.045,101.398,25/09/2026,10:11:14 AM,PRESTAMO,SEGUNDA PARTE,ROTC,28/10/2026,CONFIRMADA,3361270,0,09/04/2026,09/04/2027,0.670487,BANCO CENTRAL DE LA REPUBLICA DOMINICANA,BCENTRAL,56385
DO1002261928,LE090427,BCENTRAL/ LT 20270409 GTIA,50000,DOP,5,-1.33,100.71814,25/09/2026,10:11:14 AM,PRESTAMO,PRIMERA PARTE,ROTC,28/09/2026,CONFIRMADA,3361270,0,09/04/2026,09/04/2027,0.670487,BANCO CENTRAL DE LA REPUBLICA DOMINICANA,BCENTRAL,56805
DO1002261928,LE090427,BCENTRAL/ LT 20270409 GTIA,50000,DOP,5,-3.045,101.398,25/09/2026,10:11:13 AM,PLAZO,PRIMERA PARTE,ROTC,28/10/2026,CONFIRMADA,3361272,0,09/04/2026,09/04/2027,0,BANCO CENTRAL DE LA REPUBLICA DOMINICANA,BCENTRAL,54838
USP3579EBY25,BSRD2048,DOMINICAN REP/6.5 CHURCH BD UNSEC,12000,USD,12,6.5442,99.485667,25/09/2026,10:11:12 AM,PRESTAMO,SEGUNDA PARTE,ROTC,14/12/2026,CONFIRMADA,3361275,0,08/02/2018,15/02/2048,1.643803,MINISTERIO DE HACIENDA,HACIENDA,63091
USP3579EBY25,BSRD2048,DOMINICAN REP/6.5 CHURCH BD UNSEC,12000,USD,12,6.5024,99.963583,25/09/2026,10:11:12 AM,PRESTAMO,PRIMERA PARTE,ROTC,28/09/2026,CONFIRMADA,3361275,0,08/02/2018,15/02/2048,1.643803,MINISTERIO DE HACIENDA,HACIENDA,63189
USP3579EBY25,BSRD2048,DOMINICAN REP/6.5 CHURCH BD UNSEC,12000,USD,12,6.5442,99.485667,25/09/2026,10:11:11 AM,PLAZO,PRIMERA PARTE,ROTC,14/12/2026,CONFIRMADA,3361277,0,08/02/2018,15/02/2048,0,MINISTERIO DE HACIENDA,HACIENDA,61544
DO1002261928,LE090427,BCENTRAL/ LT 20270409 GTIA,110000,DOP,11,19.0125,96.336791,25/09/2026,10:11:10 AM,PRESTAMO,SEGUNDA PARTE,ROTC,27/01/2027,CONFIRMADA,3361280,0,09/04/2026,09/04/2027,2.707962,BANCO CENTRAL DE LA REPUBLICA DOMINICANA,BCENTRAL,58212
DO1002261928,LE090427,BCENTRAL/ LT 20270409 GTIA,110000,DOP,11,12.5469,93.728027,25/09/2026,10:11:10 AM,PRESTAMO,PRIMERA PARTE,ROTC,29/09/2026,CONFIRMADA,3361280,0,09/04/2026,09/04/2027,2.707962,BANCO CENTRAL DE LA REPUBLICA DOMINICANA,BCENTRAL,58359
DO1002261928,LE090427,BCENTRAL/ LT 20270409 GTIA,110000,DOP,11,19.0125,96.336791,25/09/2026,10:11:09 AM,PLAZO,PRIMERA PARTE,ROTC,27/01/2027,CONFIRMADA,3361282,0,09/04/2026,09/04/2027,0,BANCO CENTRAL DE LA REPUBLICA DOMINICANA,BCENTRAL,56728
USP3579EBY25,BSRD2048,DOMINICAN REP/6.5 CHURCH BD UNSEC,33000,USD,33,5.9104,107.078242,25/09/2026,10:11:08 AM,PRESTAMO,SEGUNDA PARTE,ROTC,29/10/2026,CONFIRMADA,3361285,0,08/02/2018,15/02/2048,1.065022,MINISTERIO DE HACIENDA,HACIENDA,63357
USP3579EBY25,BSRD2048,DOMINICAN REP/6.5 CHURCH BD UNSEC,33000,USD,33,5.8974,107.259727,25/09/2026,10:11:08 AM,PRESTAMO,PRIMERA PARTE,ROTC,29/09/2026,CONFIRMADA,3361285,0,08/02/2018,15/02/2048,1.065022,MINISTERIO DE HACIENDA,HACIENDA,63637
USP3579EBY25,BSRD2048,DOMINICAN REP/6.5 CHURCH BD UNSEC,33000,USD,33,5.9104,107.078242,25/09/2026,10:11:06 AM,PLAZO,PRIMERA PARTE,ROTC,29/10/2026,CONFIRMADA,3361286,0,08/02/2018,15/02/2048,0,MINISTERIO DE HACIENDA,HACIENDA,61803
DO1005205617,MH12027,HACIENDA/11.25 BOEST 20270205 GTIA,400000,DOP,4,15.478,99.388863,25/09/2026,10:11:05 AM,PRESTAMO,SEGUNDA PARTE,ROTC,14/12/2026,CONFIRMADA,3361289,0,05/08/2016,05/02/2027,3.350893,MINISTERIO DE HACIENDA,HACIENDA,60312
DO1005205617,MH12027,HACIENDA/11.25 BOEST 20270205 GTIA,400000,DOP,4,11.3618,99.96082,25/09/2026,10:11:05 AM,PRESTAMO,PRIMERA PARTE,ROTC,29/09/2026,CONFIRMADA,3361289,0,05/08/2016,05/02/2027,3.350893,MINISTERIO DE HACIENDA,HACIENDA,60347
DO1005205617,MH12027,HACIENDA/11.25 BOEST 20270205 GTIA,400000,DOP,4,15.478,99.388863,25/09/2026,10:11:04 AM,PLAZO,PRIMERA PARTE,ROTC,14/12/2026,CONFIRMADA,3361291,0,05/08/2016,05/02/2027,0,MINISTERIO DE HACIENDA,HACIENDA,58765
DO1002261928,LE090427,BCENTRAL/ LT 20270409 GTIA,520000,DOP,52,4.2757,99.456629,25/09/2026,10:11:03 AM,PRESTAMO,SEGUNDA PARTE,ROTC,22/02/2027,CONFIRMADA,3361294,0,09/04/2026,09/04/2027,3.323263,BANCO CENTRAL DE LA REPUBLICA DOMINICANA,BCENTRAL,58023
DO1002261928,LE090427,BCENTRAL/ LT 20270409 GTIA,520000,DOP,52,7.3518,96.151423,25/09/2026,10:11:03 AM,PRESTAMO,PRIMERA PARTE,ROTC,25/09/2026,CONFIRMADA,3361294,0,09/04/2026,09/04/2027,3.323263,BANCO CENTRAL DE LA REPUBLICA DOMINICANA,BCENTRAL,58009
DO1002261928,LE090427,BCENTRAL/ LT 20270409 GTIA,520000,DOP,52,4.2757,99.456629,25/09/2026,10:11:02 AM,PLAZO,PRIMERA PARTE,ROTC,22/02/2027,CONFIRMADA,3361295,0,09/04/2026,09/04/2027,0,BANCO CENTRAL DE LA REPUBLICA DOMINICANA,BCENTRAL,56476
DO1002261928,LE090427,BCENTRAL/ LT 20270409 GTIA,520000,DOP,52,6.8672,97.743931,25/09/2026,10:11:01 AM,PRESTAMO,SEGUNDA PARTE,ROTC,09/12/2026,CONFIRMADA,3361299,0,09/04/2026,09/04/2027,1.629265,BANCO CENTRAL DE LA REPUBLICA DOMINICANA,BCENTRAL,58023
DO1002261928,LE090427,BCENTRAL/ LT 20270409 GTIA,520000,DOP,52,7.3518,96.151423,25/09/2026,10:11:01 AM,PRESTAMO,PRIMERA PARTE,ROTC,25/09/2026,CONFIRMADA,3361299,0,09/04/2026,09/04/2027,1.629265,BANCO CENTRAL DE LA REPUBLICA DOMINICANA,BCENTRAL,57995
DO1002261928,LE090427,BCENTRAL/ LT 20270409 GTIA,520000,DOP,52,6.8672,97.743931,25/09/2026,10:10:59 AM,PLAZO,PRIMERA PARTE,ROTC,09/12/2026,CONFIRMADA,3361300,0,09/04/2026,09/04/2027,0,BANCO CENTRAL DE LA REPUBLICA DOMINICANA,BCENTRAL,56567
DO1005213025,MH22031,HACIENDA/10.25 BOEST 20310209 GTIA,200000,DOP,2,12.9996,91.150085,25/09/2026,10:10:58 AM,PRESTAMO,SEGUNDA PARTE,ROTC,26/10/2026,CONFIRMADA,3361304,0,09/02/2024,09/02/2031,2.106701,MINISTERIO DE HACIENDA,HACIENDA,60480
DO1005213025,MH22031,HACIENDA/10.25 BOEST 20310209 GTIA,200000,DOP,2,12.8897,91.37409,25/09/2026,10:10:58 AM,PRESTAMO,PRIMERA PARTE,ROTC,25/09/2026,CONFIRMADA,3361304,0,09/02/2024,09/02/2031,2.106701,MINISTERIO DE HACIENDA,HACIENDA,60277
DO1005213025,MH22031,HACIENDA/10.25 BOEST 20310209 GTIA,200000,DOP,2,12.9996,91.150085,25/09/2026,10:10:57 AM,PLAZO,PRIMERA PARTE,ROTC,26/10/2026,CONFIRMADA,3361305,0,09/02/2024,09/02/2031,0,MINISTERIO DE HACIENDA,HACIENDA,58933
DO1005208322,MHUS2040,HACIENDA/6.75 BOEST 20400724 GTIA,8000,USD,8,5.0509,116.68225,25/09/2026,10:10:56 AM,PRESTAMO,SEGUNDA PARTE,ROTC,26/10/2026,CONFIRMADA,3361308,0,24/07/2020,24/07/2040,1.309253,MINISTERIO DE HACIENDA,HACIENDA,60102
DO1005208322,MHUS2040,HACIENDA/6.75 BOEST 20400724 GTIA,8000,USD,8,5.0416,116.857,25/09/2026,10:10:56 AM,PRESTAMO,PRIMERA PARTE,ROTC,25/09/2026,CONFIRMADA,3361308,0,24/07/2020,24/07/2040,1.309253,MINISTERIO DE HACIENDA,HACIENDA,59500
DO1005208322,MHUS2040,HACIENDA/6.75 BOEST 20400724 GTIA,8000,USD,8,5.0509,116.68225,25/09/2026,10:10:55 AM,PLAZO,PRIMERA PARTE,ROTC,26/10/2026,CONFIRMADA,3361309,0,24/07/2020,24/07/2040,0,MINISTERIO DE HACIENDA,HACIENDA,58555
DO1005205716,MHUS2027,HACIENDA/6 BOEST 20270305 GTIA,2000,USD,2,7.4227,99.4805,25/09/2026,10:10:54 AM,PRESTAMO,SEGUNDA PARTE,ROTC,27/10/2026,CONFIRMADA,3361311,0,05/09/2016,05/03/2027,0.66477,MINISTERIO DE HACIENDA,HACIENDA,58373
DO1005205716,MHUS2027,HACIENDA/6 BOEST 20270305 GTIA,2000,USD,2,6.7085,99.6685,25/09/2026,10:10:54 AM,PRESTAMO,PRIMERA PARTE,ROTC,25/09/2026,CONFIRMADA,3361311,0,05/09/2016,05/03/2027,0.66477,MINISTERIO DE HACIENDA,HACIENDA,58562
DO1005205716,MHUS2027,HACIENDA/6 BOEST 20270305 GTIA,2000,USD,2,7.4227,99.4805,25/09/2026,10:10:53 AM,PLAZO,PRIMERA PARTE,ROTC,27/10/2026,CONFIRMADA,3361312,0,05/09/2016,05/03/2027,0,MINISTERIO DE HACIENDA,HACIENDA,56826
DO1005208322,MHUS2040,HACIENDA/6.75 BOEST 20400724 GTIA,88000,USD,88,4.7794,119.559955,25/09/2026,10:10:51 AM,PRESTAMO,SEGUNDA PARTE,ROTC,09/12/2026,CONFIRMADA,3361314,0,24/07/2020,24/07/2040,1.814441,MINISTERIO DE HACIENDA,HACIENDA,61418
DO1005208322,MHUS2040,HACIENDA/6.75 BOEST 20400724 GTIA,88000,USD,88,4.7698,119.875932,25/09/2026,10:10:51 AM,PRESTAMO,PRIMERA PARTE,ROTC,25/09/2026,CONFIRMADA,3361314,0,24/07/2020,24/07/2040,1.814441,MINISTERIO DE HACIENDA,HACIENDA,61502
DO1005208322,MHUS2040,HACIENDA/6.75 BOEST 20400724 GTIA,88000,USD,88,4.7794,119.559955,25/09/2026,10:10:50 AM,PLAZO,PRIMERA PARTE,ROTC,09/12/2026,CONFIRMADA,3361315,0,24/07/2020,24/07/2040,0,MINISTERIO DE HACIENDA,HACIENDA,59871
DO1005211227,MH32029,HACIENDA/12.75 BOEST 20290923 GTIA,3600000,DOP,36,8.4573,110.85297,25/09/2026,10:09:39 AM,PRESTAMO,SEGUNDA PARTE,ROTC,26/10/2026,CONFIRMADA,3361496,0,23/09/2022,23/09/2029,9.35,MINISTERIO DE HACIENDA,HACIENDA,61117
DO1005211227,MH32029,HACIENDA/12.75 BOEST 20290923 GTIA,3600000,DOP,36,8.4944,111.041248,25/09/2026,10:09:39 AM,PRESTAMO,PRIMERA PARTE,ROTC,25/09/2026,CONFIRMADA,3361496,0,23/09/2022,23/09/2029,9.35,MINISTERIO DE HACIENDA,HACIENDA,61502
DO1005211227,MH32029,HACIENDA/12.75 BOEST 20290923 GTIA,3600000,DOP,36,8.4573,110.85297,25/09/2026,10:09:38 AM,ESTRUCTURADA,SEGUNDA PARTE,ROTC,26/10/2026,CONFIRMADA,3361462,0,23/09/2022,23/09/2029,9.35,MINISTERIO DE HACIENDA,HACIENDA,63210
DO1005211227,MH32029,HACIENDA/12.75 BOEST 20290923 GTIA,3600000,DOP,36,8.4944,111.041248,25/09/2026,10:09:38 AM,ESTRUCTURADA,PRIMERA PARTE,ROTC,25/09/2026,CONFIRMADA,3361462,0,23/09/2022,23/09/2029,9.35,MINISTERIO DE HACIENDA,HACIENDA,63595
DO1005208322,MHUS2040,HACIENDA/6.75 BOEST 20400724 GTIA,219000,USD,219,4.67229634,120.943204,10/09/2026,10:06:01 AM,ESTRUCTURADA,SEGUNDA PARTE,ROTC,25/09/2026,MODIFICADA,3334649,0,24/07/2020,24/07/2040,5.3,MINISTERIO DE HACIENDA,HACIENDA,65247
USP3579ECP09,BSRD2029, ,20000,USD,20,3.2053,105.191644,11/06/2026,10:04:19 AM,ESTRUCTURADA,SEGUNDA PARTE,ROTC,28/09/2026,MODIFICADA,3157740,0,22/02/2022,22/02/2029,1.499983,MINISTERIO DE HACIENDA,HACIENDA,50176
DO1002228729,NO030328,BCENTRAL/9.5 BOEST 20280303 GTIA,330000,DOP,33,10.4396,98.816864,25/09/2026,10:03:04 AM,PRESTAMO,SEGUNDA PARTE,ROTC,26/10/2026,CONFIRMADA,3361475,0,03/03/2025,03/03/2028,7.45,BANCO CENTRAL DE LA REPUBLICA DOMINICANA,BCENTRAL,61012
DO1002228729,NO030328,BCENTRAL/9.5 BOEST 20280303 GTIA,330000,DOP,33,10.2618,98.991636,25/09/2026,10:03:04 AM,PRESTAMO,PRIMERA PARTE,ROTC,25/09/2026,CONFIRMADA,3361475,0,03/03/2025,03/03/2028,7.45,BANCO CENTRAL DE LA REPUBLICA DOMINICANA,BCENTRAL,61096
DO1002228729,NO030328,BCENTRAL/9.5 BOEST 20280303 GTIA,330000,DOP,33,10.4396,98.816864,25/09/2026,10:03:03 AM,ESTRUCTURADA,SEGUNDA PARTE,ROTC,26/10/2026,CONFIRMADA,3361442,0,03/03/2025,03/03/2028,7.45,BANCO CENTRAL DE LA REPUBLICA DOMINICANA,BCENTRAL,63105
DO1002228729,NO030328,BCENTRAL/9.5 BOEST 20280303 GTIA,330000,DOP,33,10.2618,98.991636,25/09/2026,10:03:03 AM,ESTRUCTURADA,PRIMERA PARTE,ROTC,25/09/2026,CONFIRMADA,3361442,0,03/03/2025,03/03/2028,7.45,BANCO CENTRAL DE LA REPUBLICA DOMINICANA,BCENTRAL,63189
USP3579ECP09,BSRD2029, ,315000,USD,315,4.7036,101.669746,25/09/2026,10:03:02 AM,PRESTAMO,SEGUNDA PARTE,ROTC,24/11/2026,CONFIRMADA,3361474,0,22/02/2022,22/02/2029,4.65,MINISTERIO DE HACIENDA,HACIENDA,49007
USP3579ECP09,BSRD2029, ,315000,USD,315,4.7081,101.778443,25/09/2026,10:03:02 AM,PRESTAMO,PRIMERA PARTE,ROTC,25/09/2026,CONFIRMADA,3361474,0,22/02/2022,22/02/2029,4.65,MINISTERIO DE HACIENDA,HACIENDA,49091
USP3579ECP09,BSRD2029, ,315000,USD,315,4.7036,101.669746,25/09/2026,10:03:01 AM,ESTRUCTURADA,SEGUNDA PARTE,ROTC,24/11/2026,CONFIRMADA,3361443,0,22/02/2022,22/02/2029,4.65,MINISTERIO DE HACIENDA,HACIENDA,51100
USP3579ECP09,BSRD2029, ,315000,USD,315,4.7081,101.778443,25/09/2026,10:03:01 AM,ESTRUCTURADA,PRIMERA PARTE,ROTC,25/09/2026,CONFIRMADA,3361443,0,22/02/2022,22/02/2029,4.65,MINISTERIO DE HACIENDA,HACIENDA,51184
DO1002228729,NO030328,BCENTRAL/9.5 BOEST 20280303 GTIA,150000,DOP,15,13.4948,95.42614,25/09/2026,10:03:00 AM,PRESTAMO,SEGUNDA PARTE,ROTC,24/11/2026,CONFIRMADA,3361473,0,03/03/2025,03/03/2028,8.15,BANCO CENTRAL DE LA REPUBLICA DOMINICANA,BCENTRAL,60550
DO1002228729,NO030328,BCENTRAL/9.5 BOEST 20280303 GTIA,150000,DOP,15,12.8607,95.693053,25/09/2026,10:03:00 AM,PRESTAMO,PRIMERA PARTE,ROTC,25/09/2026,CONFIRMADA,3361473,0,03/03/2025,03/03/2028,8.15,BANCO CENTRAL DE LA REPUBLICA DOMINICANA,BCENTRAL,61033
DO1002228729,NO030328,BCENTRAL/9.5 BOEST 20280303 GTIA,150000,DOP,15,13.4948,95.42614,25/09/2026,10:02:58 AM,ESTRUCTURADA,SEGUNDA PARTE,ROTC,24/11/2026,CONFIRMADA,3361444,0,03/03/2025,03/03/2028,8.15,BANCO CENTRAL DE LA REPUBLICA DOMINICANA,BCENTRAL,62734
DO1002228729,NO030328,BCENTRAL/9.5 BOEST 20280303 GTIA,150000,DOP,15,12.8607,95.693053,25/09/2026,10:02:58 AM,ESTRUCTURADA,PRIMERA PARTE,ROTC,25/09/2026,CONFIRMADA,3361444,0,03/03/2025,03/03/2028,8.15,BANCO CENTRAL DE LA REPUBLICA DOMINICANA,BCENTRAL,63217
USP3579ECP09,BSRD2029, ,20000,USD,20,5.1022,100.838733,25/09/2026,10:02:57 AM,PRESTAMO,SEGUNDA PARTE,ROTC,10/11/2026,CONFIRMADA,3361472,0,22/02/2022,22/02/2029,4,MINISTERIO DE HACIENDA,HACIENDA,48146
USP3579ECP09,BSRD2029, ,20000,USD,20,5.0482,101.007383,25/09/2026,10:02:57 AM,PRESTAMO,PRIMERA PARTE,ROTC,25/09/2026,CONFIRMADA,3361472,0,22/02/2022,22/02/2029,4,MINISTERIO DE HACIENDA,HACIENDA,48293
USP3579ECP09,BSRD2029, ,20000,USD,20,5.1022,100.838733,25/09/2026,10:02:56 AM,ESTRUCTURADA,SEGUNDA PARTE,ROTC,10/11/2026,CONFIRMADA,3361445,0,22/02/2022,22/02/2029,4,MINISTERIO DE HACIENDA,HACIENDA,50239
USP3579ECP09,BSRD2029, ,20000,USD,20,5.0482,101.007383,25/09/2026,10:02:56 AM,ESTRUCTURADA,PRIMERA PARTE,ROTC,25/09/2026,CONFIRMADA,3361445,0,22/02/2022,22/02/2029,4,MINISTERIO DE HACIENDA,HACIENDA,50386
DO1002228729,NO030328,BCENTRAL/9.5 BOEST 20280303 GTIA,560000,DOP,56,10.0505,99.295111,25/09/2026,10:02:55 AM,PRESTAMO,SEGUNDA PARTE,ROTC,26/10/2026,CONFIRMADA,3361471,0,03/03/2025,03/03/2028,7.95,BANCO CENTRAL DE LA REPUBLICA DOMINICANA,BCENTRAL,60942
DO1002228729,NO030328,BCENTRAL/9.5 BOEST 20280303 GTIA,560000,DOP,56,9.93,99.424054,25/09/2026,10:02:55 AM,PRESTAMO,PRIMERA PARTE,ROTC,25/09/2026,CONFIRMADA,3361471,0,03/03/2025,03/03/2028,7.95,BANCO CENTRAL DE LA REPUBLICA DOMINICANA,BCENTRAL,60116
DO1002228729,NO030328,BCENTRAL/9.5 BOEST 20280303 GTIA,560000,DOP,56,10.0505,99.295111,25/09/2026,10:02:54 AM,ESTRUCTURADA,SEGUNDA PARTE,ROTC,26/10/2026,CONFIRMADA,3361446,0,03/03/2025,03/03/2028,7.95,BANCO CENTRAL DE LA REPUBLICA DOMINICANA,BCENTRAL,63035
DO1002228729,NO030328,BCENTRAL/9.5 BOEST 20280303 GTIA,560000,DOP,56,9.93,99.424054,25/09/2026,10:02:54 AM,ESTRUCTURADA,PRIMERA PARTE,ROTC,25/09/2026,CONFIRMADA,3361446,0,03/03/2025,03/03/2028,7.95,BANCO CENTRAL DE LA REPUBLICA DOMINICANA,BCENTRAL,62209
DO1002228729,NO030328,BCENTRAL/9.5 BOEST 20280303 GTIA,450000,DOP,45,11.6262,97.515542,25/09/2026,10:02:53 AM,PRESTAMO,SEGUNDA PARTE,ROTC,24/11/2026,CONFIRMADA,3361470,0,03/03/2025,03/03/2028,7.95,BANCO CENTRAL DE LA REPUBLICA DOMINICANA,BCENTRAL,60949
DO1002228729,NO030328,BCENTRAL/9.5 BOEST 20280303 GTIA,450000,DOP,45,11.197,97.786802,25/09/2026,10:02:53 AM,PRESTAMO,PRIMERA PARTE,ROTC,25/09/2026,CONFIRMADA,3361470,0,03/03/2025,03/03/2028,7.95,BANCO CENTRAL DE LA REPUBLICA DOMINICANA,BCENTRAL,60802
DO1002228729,NO030328,BCENTRAL/9.5 BOEST 20280303 GTIA,450000,DOP,45,11.6262,97.515542,25/09/2026,10:02:52 AM,ESTRUCTURADA,SEGUNDA PARTE,ROTC,24/11/2026,CONFIRMADA,3361447,0,03/03/2025,03/03/2028,7.95,BANCO CENTRAL DE LA REPUBLICA DOMINICANA,BCENTRAL,63042
DO1002228729,NO030328,BCENTRAL/9.5 BOEST 20280303 GTIA,450000,DOP,45,11.197,97.786802,25/09/2026,10:02:52 AM,ESTRUCTURADA,PRIMERA PARTE,ROTC,25/09/2026,CONFIRMADA,3361447,0,03/03/2025,03/03/2028,7.95,BANCO CENTRAL DE LA REPUBLICA DOMINICANA,BCENTRAL,62895
DO1002228729,NO030328,BCENTRAL/9.5 BOEST 20280303 GTIA,6660000,DOP,666,10.3142,98.996158,25/09/2026,09:58:27 AM,PRESTAMO,SEGUNDA PARTE,ROTC,10/11/2026,CONFIRMADA,3361460,0,03/03/2025,03/03/2028,8,BANCO CENTRAL DE LA REPUBLICA DOMINICANA,BCENTRAL,61922
DO1002228729,NO030328,BCENTRAL/9.5 BOEST 20280303 GTIA,6660000,DOP,666,10.1143,99.183562,25/09/2026,09:58:27 AM,PRESTAMO,PRIMERA PARTE,ROTC,25/09/2026,CONFIRMADA,3361460,0,03/03/2025,03/03/2028,8,BANCO CENTRAL DE LA REPUBLICA DOMINICANA,BCENTRAL,61985
DO1002228729,NO030328,BCENTRAL/9.5 BOEST 20280303 GTIA,6660000,DOP,666,10.3142,98.996158,25/09/2026,09:58:25 AM,ESTRUCTURADA,SEGUNDA PARTE,ROTC,10/11/2026,CONFIRMADA,3361430,0,03/03/2025,03/03/2028,8,BANCO CENTRAL DE LA REPUBLICA DOMINICANA,BCENTRAL,64008
DO1002228729,NO030328,BCENTRAL/9.5 BOEST 20280303 GTIA,6660000,DOP,666,10.1143,99.183562,25/09/2026,09:58:25 AM,ESTRUCTURADA,PRIMERA PARTE,ROTC,25/09/2026,CONFIRMADA,3361430,0,03/03/2025,03/03/2028,8,BANCO CENTRAL DE LA REPUBLICA DOMINICANA,BCENTRAL,64071
USP3579ECP09,BSRD2029, ,1000,USD,1,5.4708,100.054222,25/09/2026,09:58:24 AM,PRESTAMO,SEGUNDA PARTE,ROTC,26/10/2026,CONFIRMADA,3361459,0,22/02/2022,22/02/2029,3.9,MINISTERIO DE HACIENDA,HACIENDA,47572
USP3579ECP09,BSRD2029, ,1000,USD,1,5.4124,100.189833,25/09/2026,09:58:24 AM,PRESTAMO,PRIMERA PARTE,ROTC,25/09/2026,CONFIRMADA,3361459,0,22/02/2022,22/02/2029,3.9,MINISTERIO DE HACIENDA,HACIENDA,47747
USP3579ECP09,BSRD2029, ,1000,USD,1,5.4708,100.054222,25/09/2026,09:58:23 AM,ESTRUCTURADA,SEGUNDA PARTE,ROTC,26/10/2026,CONFIRMADA,3361431,0,22/02/2022,22/02/2029,3.9,MINISTERIO DE HACIENDA,HACIENDA,49665
USP3579ECP09,BSRD2029, ,1000,USD,1,5.4124,100.189833,25/09/2026,09:58:23 AM,ESTRUCTURADA,PRIMERA PARTE,ROTC,25/09/2026,CONFIRMADA,3361431,0,22/02/2022,22/02/2029,3.9,MINISTERIO DE HACIENDA,HACIENDA,49840
USP3579ECP09,BSRD2029, ,1000,USD,1,5.6336,99.704222,25/09/2026,09:58:22 AM,PRESTAMO,SEGUNDA PARTE,ROTC,26/10/2026,CONFIRMADA,3361458,0,22/02/2022,22/02/2029,3.9,MINISTERIO DE HACIENDA,HACIENDA,47348
USP3579ECP09,BSRD2029, ,1000,USD,1,5.569,99.840833,25/09/2026,09:58:22 AM,PRESTAMO,PRIMERA PARTE,ROTC,25/09/2026,CONFIRMADA,3361458,0,22/02/2022,22/02/2029,3.9,MINISTERIO DE HACIENDA,HACIENDA,47201
USP3579ECP09,BSRD2029, ,1000,USD,1,5.6336,99.704222,25/09/2026,09:58:21 AM,ESTRUCTURADA,SEGUNDA PARTE,ROTC,26/10/2026,CONFIRMADA,3361432,0,22/02/2022,22/02/2029,3.9,MINISTERIO DE HACIENDA,HACIENDA,49441
USP3579ECP09,BSRD2029, ,1000,USD,1,5.569,99.840833,25/09/2026,09:58:21 AM,ESTRUCTURADA,PRIMERA PARTE,ROTC,25/09/2026,CONFIRMADA,3361432,0,22/02/2022,22/02/2029,3.9,MINISTERIO DE HACIENDA,HACIENDA,49294
DO1002228729,NO030328,BCENTRAL/9.5 BOEST 20280303 GTIA,1340000,DOP,134,10.6965,98.541593,25/09/2026,09:58:20 AM,PRESTAMO,SEGUNDA PARTE,ROTC,10/11/2026,CONFIRMADA,3361457,0,03/03/2025,03/03/2028,7.85,BANCO CENTRAL DE LA REPUBLICA DOMINICANA,BCENTRAL,61768
DO1002228729,NO030328,BCENTRAL/9.5 BOEST 20280303 GTIA,1340000,DOP,134,10.4462,98.752443,25/09/2026,09:58:20 AM,PRESTAMO,PRIMERA PARTE,ROTC,25/09/2026,CONFIRMADA,3361457,0,03/03/2025,03/03/2028,7.85,BANCO CENTRAL DE LA REPUBLICA DOMINICANA,BCENTRAL,61838
DO1002228729,NO030328,BCENTRAL/9.5 BOEST 20280303 GTIA,1340000,DOP,134,10.6965,98.541593,25/09/2026,09:58:19 AM,ESTRUCTURADA,SEGUNDA PARTE,ROTC,10/11/2026,CONFIRMADA,3361433,0,03/03/2025,03/03/2028,7.85,BANCO CENTRAL DE LA REPUBLICA DOMINICANA,BCENTRAL,63924
DO1002228729,NO030328,BCENTRAL/9.5 BOEST 20280303 GTIA,1340000,DOP,134,10.4462,98.752443,25/09/2026,09:58:19 AM,ESTRUCTURADA,PRIMERA PARTE,ROTC,25/09/2026,CONFIRMADA,3361433,0,03/03/2025,03/03/2028,7.85,BANCO CENTRAL DE LA REPUBLICA DOMINICANA,BCENTRAL,63994
USP3579ECP09,BSRD2029, ,2000,USD,2,4.888,101.320222,25/09/2026,09:58:18 AM,PRESTAMO,SEGUNDA PARTE,ROTC,26/10/2026,CONFIRMADA,3361456,0,22/02/2022,22/02/2029,4.1,MINISTERIO DE HACIENDA,HACIENDA,47278
USP3579ECP09,BSRD2029, ,2000,USD,2,4.8595,101.434333,25/09/2026,09:58:18 AM,PRESTAMO,PRIMERA PARTE,ROTC,25/09/2026,CONFIRMADA,3361456,0,22/02/2022,22/02/2029,4.1,MINISTERIO DE HACIENDA,HACIENDA,47810
USP3579ECP09,BSRD2029, ,2000,USD,2,4.888,101.320222,25/09/2026,09:58:16 AM,ESTRUCTURADA,SEGUNDA PARTE,ROTC,26/10/2026,CONFIRMADA,3361434,0,22/02/2022,22/02/2029,4.1,MINISTERIO DE HACIENDA,HACIENDA,49364
USP3579ECP09,BSRD2029, ,2000,USD,2,4.8595,101.434333,25/09/2026,09:58:16 AM,ESTRUCTURADA,PRIMERA PARTE,ROTC,25/09/2026,CONFIRMADA,3361434,0,22/02/2022,22/02/2029,4.1,MINISTERIO DE HACIENDA,HACIENDA,49896
USP3579ECP09,BSRD2029, ,6000,USD,6,11.8705,88.527833,25/09/2026,09:58:15 AM,PRESTAMO,SEGUNDA PARTE,ROTC,22/01/2027,CONFIRMADA,3361455,0,22/02/2022,22/02/2029,4.6,MINISTERIO DE HACIENDA,HACIENDA,47803
USP3579ECP09,BSRD2029, ,6000,USD,6,10.8272,88.955,25/09/2026,09:58:15 AM,PRESTAMO,PRIMERA PARTE,ROTC,25/09/2026,CONFIRMADA,3361455,0,22/02/2022,22/02/2029,4.6,MINISTERIO DE HACIENDA,HACIENDA,46851
USP3579ECP09,BSRD2029, ,6000,USD,6,11.8705,88.527833,25/09/2026,09:58:14 AM,ESTRUCTURADA,SEGUNDA PARTE,ROTC,22/01/2027,CONFIRMADA,3361435,0,22/02/2022,22/02/2029,4.6,MINISTERIO DE HACIENDA,HACIENDA,49896
USP3579ECP09,BSRD2029, ,6000,USD,6,10.8272,88.955,25/09/2026,09:58:14 AM,ESTRUCTURADA,PRIMERA PARTE,ROTC,25/09/2026,CONFIRMADA,3361435,0,22/02/2022,22/02/2029,4.6,MINISTERIO DE HACIENDA,HACIENDA,48944
DO1002228729,NO030328,BCENTRAL/9.5 BOEST 20280303 GTIA,470000,DOP,47,11.176,98.27173,25/09/2026,09:58:13 AM,PRESTAMO,SEGUNDA PARTE,ROTC,22/01/2027,CONFIRMADA,3361454,0,03/03/2025,03/03/2028,8.2,BANCO CENTRAL DE LA REPUBLICA DOMINICANA,BCENTRAL,60375
DO1002228729,NO030328,BCENTRAL/9.5 BOEST 20280303 GTIA,470000,DOP,47,10.4839,98.703594,25/09/2026,09:58:13 AM,PRESTAMO,PRIMERA PARTE,ROTC,25/09/2026,CONFIRMADA,3361454,0,03/03/2025,03/03/2028,8.2,BANCO CENTRAL DE LA REPUBLICA DOMINICANA,BCENTRAL,61299
DO1002228729,NO030328,BCENTRAL/9.5 BOEST 20280303 GTIA,470000,DOP,47,11.176,98.27173,25/09/2026,09:58:12 AM,ESTRUCTURADA,SEGUNDA PARTE,ROTC,22/01/2027,CONFIRMADA,3361436,0,03/03/2025,03/03/2028,8.2,BANCO CENTRAL DE LA REPUBLICA DOMINICANA,BCENTRAL,62468
DO1002228729,NO030328,BCENTRAL/9.5 BOEST 20280303 GTIA,470000,DOP,47,10.4839,98.703594,25/09/2026,09:58:12 AM,ESTRUCTURADA,PRIMERA PARTE,ROTC,25/09/2026,CONFIRMADA,3361436,0,03/03/2025,03/03/2028,8.2,BANCO CENTRAL DE LA REPUBLICA DOMINICANA,BCENTRAL,63392
DO1002228729,NO030328,BCENTRAL/9.5 BOEST 20280303 GTIA,50000,DOP,5,14.4787,94.35154,25/09/2026,09:58:11 AM,PRESTAMO,SEGUNDA PARTE,ROTC,24/11/2026,CONFIRMADA,3361453,0,03/03/2025,03/03/2028,7.95,BANCO CENTRAL DE LA REPUBLICA DOMINICANA,BCENTRAL,60018
DO1002228729,NO030328,BCENTRAL/9.5 BOEST 20280303 GTIA,50000,DOP,5,13.6968,94.6642,25/09/2026,09:58:11 AM,PRESTAMO,PRIMERA PARTE,ROTC,25/09/2026,CONFIRMADA,3361453,0,03/03/2025,03/03/2028,7.95,BANCO CENTRAL DE LA REPUBLICA DOMINICANA,BCENTRAL,59815
DO1002228729,NO030328,BCENTRAL/9.5 BOEST 20280303 GTIA,50000,DOP,5,14.4787,94.35154,25/09/2026,09:58:09 AM,ESTRUCTURADA,SEGUNDA PARTE,ROTC,24/11/2026,CONFIRMADA,3361437,0,03/03/2025,03/03/2028,7.95,BANCO CENTRAL DE LA REPUBLICA DOMINICANA,BCENTRAL,62167
DO1002228729,NO030328,BCENTRAL/9.5 BOEST 20280303 GTIA,50000,DOP,5,13.6968,94.6642,25/09/2026,09:58:09 AM,ESTRUCTURADA,PRIMERA PARTE,ROTC,25/09/2026,CONFIRMADA,3361437,0,03/03/2025,03/03/2028,7.95,BANCO CENTRAL DE LA REPUBLICA DOMINICANA,BCENTRAL,61964
DO1002228729,NO030328,BCENTRAL/9.5 BOEST 20280303 GTIA,1030000,DOP,103,10.4289,98.830074,25/09/2026,09:58:08 AM,PRESTAMO,SEGUNDA PARTE,ROTC,26/10/2026,CONFIRMADA,3361452,0,03/03/2025,03/03/2028,9.35,BANCO CENTRAL DE LA REPUBLICA DOMINICANA,BCENTRAL,61740
DO1002228729,NO030328,BCENTRAL/9.5 BOEST 20280303 GTIA,1030000,DOP,103,10.3762,98.843136,25/09/2026,09:58:08 AM,PRESTAMO,PRIMERA PARTE,ROTC,25/09/2026,CONFIRMADA,3361452,0,03/03/2025,03/03/2028,9.35,BANCO CENTRAL DE LA REPUBLICA DOMINICANA,BCENTRAL,61838
DO1002228729,NO030328,BCENTRAL/9.5 BOEST 20280303 GTIA,1030000,DOP,103,10.4289,98.830074,25/09/2026,09:58:07 AM,ESTRUCTURADA,SEGUNDA PARTE,ROTC,26/10/2026,CONFIRMADA,3361438,0,03/03/2025,03/03/2028,9.35,BANCO CENTRAL DE LA REPUBLICA DOMINICANA,BCENTRAL,63833
DO1002228729,NO030328,BCENTRAL/9.5 BOEST 20280303 GTIA,1030000,DOP,103,10.3762,98.843136,25/09/2026,09:58:07 AM,ESTRUCTURADA,PRIMERA PARTE,ROTC,25/09/2026,CONFIRMADA,3361438,0,03/03/2025,03/03/2028,9.35,BANCO CENTRAL DE LA REPUBLICA DOMINICANA,BCENTRAL,63931
DO1002228729,NO030328,BCENTRAL/9.5 BOEST 20280303 GTIA,900000,DOP,90,11.4836,97.962634,25/09/2026,09:58:06 AM,PRESTAMO,SEGUNDA PARTE,ROTC,22/01/2027,CONFIRMADA,3361451,0,03/03/2025,03/03/2028,8.05,BANCO CENTRAL DE LA REPUBLICA DOMINICANA,BCENTRAL,61145
DO1002228729,NO030328,BCENTRAL/9.5 BOEST 20280303 GTIA,900000,DOP,90,10.6799,98.450461,25/09/2026,09:58:06 AM,PRESTAMO,PRIMERA PARTE,ROTC,25/09/2026,CONFIRMADA,3361451,0,03/03/2025,03/03/2028,8.05,BANCO CENTRAL DE LA REPUBLICA DOMINICANA,BCENTRAL,61278
DO1002228729,NO030328,BCENTRAL/9.5 BOEST 20280303 GTIA,900000,DOP,90,11.4836,97.962634,25/09/2026,09:58:05 AM,ESTRUCTURADA,SEGUNDA PARTE,ROTC,22/01/2027,CONFIRMADA,3361439,0,03/03/2025,03/03/2028,8.05,BANCO CENTRAL DE LA REPUBLICA DOMINICANA,BCENTRAL,63238
DO1002228729,NO030328,BCENTRAL/9.5 BOEST 20280303 GTIA,900000,DOP,90,10.6799,98.450461,25/09/2026,09:58:05 AM,ESTRUCTURADA,PRIMERA PARTE,ROTC,25/09/2026,CONFIRMADA,3361439,0,03/03/2025,03/03/2028,8.05,BANCO CENTRAL DE LA REPUBLICA DOMINICANA,BCENTRAL,63371
DO1002261928,LE090427,BCENTRAL/ LT 20270409 GTIA,740000,DOP,74,8.4736,95.654596,25/09/2026,09:50:29 AM,CONTADO,PRIMERA PARTE,ROTC,28/09/2026,CONFIRMADA,3361120,0,09/04/2026,09/04/2027,0,BANCO CENTRAL DE LA REPUBLICA DOMINICANA,BCENTRAL,57680
USP3579EBY25,BSRD2048,DOMINICAN REP/6.5 CHURCH BD UNSEC,20000,USD,20,6.4348,100.74175,25/09/2026,09:50:27 AM,CONTADO,PRIMERA PARTE,ROTC,28/09/2026,CONFIRMADA,3361123,0,08/02/2018,15/02/2048,0,MINISTERIO DE HACIENDA,HACIENDA,62468
DO1002261928,LE090427,BCENTRAL/ LT 20270409 GTIA,40000,DOP,4,21.7424,89.5605,25/09/2026,09:50:26 AM,CONTADO,PRIMERA PARTE,ROTC,28/09/2026,CONFIRMADA,3361126,0,09/04/2026,09/04/2027,0,BANCO CENTRAL DE LA REPUBLICA DOMINICANA,BCENTRAL,56385
USP3579EBY25,BSRD2048,DOMINICAN REP/6.5 CHURCH BD UNSEC,6000,USD,6,6.5048,99.935667,25/09/2026,09:50:25 AM,CONTADO,PRIMERA PARTE,ROTC,29/09/2026,CONFIRMADA,3361129,0,08/02/2018,15/02/2048,0,MINISTERIO DE HACIENDA,HACIENDA,62034
DO1002261928,LE090427,BCENTRAL/ LT 20270409 GTIA,100000,DOP,10,13.6747,93.20257,25/09/2026,09:50:23 AM,CONTADO,PRIMERA PARTE,ROTC,29/09/2026,CONFIRMADA,3361132,0,09/04/2026,09/04/2027,0,BANCO CENTRAL DE LA REPUBLICA DOMINICANA,BCENTRAL,57358
DO1002261928,LE090427,BCENTRAL/ LT 20270409 GTIA,2160000,DOP,216,8.5847,95.643729,25/09/2026,09:50:22 AM,CONTADO,PRIMERA PARTE,ROTC,30/09/2026,CONFIRMADA,3361135,0,09/04/2026,09/04/2027,0,BANCO CENTRAL DE LA REPUBLICA DOMINICANA,BCENTRAL,58226
USP3579EBY25,BSRD2048,DOMINICAN REP/6.5 CHURCH BD UNSEC,3000,USD,3,5.9469,106.634,25/09/2026,09:50:20 AM,CONTADO,PRIMERA PARTE,ROTC,30/09/2026,CONFIRMADA,3361138,0,08/02/2018,15/02/2048,0,MINISTERIO DE HACIENDA,HACIENDA,61061
DO1002261928,LE090427,BCENTRAL/ LT 20270409 GTIA,100000,DOP,10,-0.2772,100.14731,25/09/2026,09:50:19 AM,CONTADO,PRIMERA PARTE,ROTC,30/09/2026,CONFIRMADA,3361141,0,09/04/2026,09/04/2027,0,BANCO CENTRAL DE LA REPUBLICA DOMINICANA,BCENTRAL,57505
USP3579EBY25,BSRD2048,DOMINICAN REP/6.5 CHURCH BD UNSEC,1000,USD,1,6.4676,100.363,25/09/2026,09:50:18 AM,CONTADO,PRIMERA PARTE,ROTC,30/09/2026,CONFIRMADA,3361144,0,08/02/2018,15/02/2048,0,MINISTERIO DE HACIENDA,HACIENDA,61005
DO1002261928,LE090427,BCENTRAL/ LT 20270409 GTIA,210000,DOP,21,7.2571,96.292476,25/09/2026,09:50:16 AM,CONTADO,PRIMERA PARTE,ROTC,30/09/2026,CONFIRMADA,3361147,0,09/04/2026,09/04/2027,0,BANCO CENTRAL DE LA REPUBLICA DOMINICANA,BCENTRAL,57421
DO1002261928,LE090427,BCENTRAL/ LT 20270409 GTIA,320000,DOP,32,7.8693,95.992228,25/09/2026,09:50:15 AM,CONTADO,PRIMERA PARTE,ROTC,30/09/2026,CONFIRMADA,3361150,0,09/04/2026,09/04/2027,0,BANCO CENTRAL DE LA REPUBLICA DOMINICANA,BCENTRAL,57526
DO1002261928,LE090427,BCENTRAL/ LT 20270409 GTIA,20000,DOP,2,57.0233,76.77305,25/09/2026,09:50:14 AM,CONTADO,PRIMERA PARTE,ROTC,30/09/2026,CONFIRMADA,3361153,0,09/04/2026,09/04/2027,0,BANCO CENTRAL DE LA REPUBLICA DOMINICANA,BCENTRAL,56637
DO1002261928,LE090427,BCENTRAL/ LT 20270409 GTIA,100000,DOP,10,8.7536,95.56184,25/09/2026,09:50:12 AM,CONTADO,PRIMERA PARTE,ROTC,30/09/2026,CONFIRMADA,3361156,0,09/04/2026,09/04/2027,0,BANCO CENTRAL DE LA REPUBLICA DOMINICANA,BCENTRAL,57029
DO1002261928,LE090427,BCENTRAL/ LT 20270409 GTIA,50000,DOP,5,0,100,25/09/2026,09:50:11 AM,CONTADO,PRIMERA PARTE,ROTC,28/09/2026,CONFIRMADA,3361159,0,09/04/2026,09/04/2027,0,BANCO CENTRAL DE LA REPUBLICA DOMINICANA,BCENTRAL,52661
DO1002261928,LE090427,BCENTRAL/ LT 20270409 GTIA,2110000,DOP,211,8.3469,95.716801,25/09/2026,09:50:10 AM,CONTADO,PRIMERA PARTE,ROTC,28/09/2026,CONFIRMADA,3361162,0,09/04/2026,09/04/2027,0,BANCO CENTRAL DE LA REPUBLICA DOMINICANA,BCENTRAL,58114
DO1002261928,LE090427,BCENTRAL/ LT 20270409 GTIA,13530000,DOP,1353,8.3166,95.731671,25/09/2026,09:50:08 AM,CONTADO,PRIMERA PARTE,ROTC,28/09/2026,CONFIRMADA,3361165,0,09/04/2026,09/04/2027,0,BANCO CENTRAL DE LA REPUBLICA DOMINICANA,BCENTRAL,58919
DO1002261928,LE090427,BCENTRAL/ LT 20270409 GTIA,14670000,DOP,1467,8.2752,95.752042,25/09/2026,09:50:07 AM,CONTADO,PRIMERA PARTE,ROTC,28/09/2026,CONFIRMADA,3361168,0,09/04/2026,09/04/2027,0,BANCO CENTRAL DE LA REPUBLICA DOMINICANA,BCENTRAL,58961
DO1002261928,LE090427,BCENTRAL/ LT 20270409 GTIA,2830000,DOP,283,7.9923,95.891305,25/09/2026,09:50:06 AM,CONTADO,PRIMERA PARTE,ROTC,28/09/2026,CONFIRMADA,3361171,0,09/04/2026,09/04/2027,0,BANCO CENTRAL DE LA REPUBLICA DOMINICANA,BCENTRAL,58296
DO1002261928,LE090427,BCENTRAL/ LT 20270409 GTIA,1000000,DOP,100,8.8224,95.50619,25/09/2026,09:50:04 AM,CONTADO,PRIMERA PARTE,ROTC,29/09/2026,CONFIRMADA,3361174,0,09/04/2026,09/04/2027,0,BANCO CENTRAL DE LA REPUBLICA DOMINICANA,BCENTRAL,57708
DO1002261928,LE090427,BCENTRAL/ LT 20270409 GTIA,1300000,DOP,130,8.4638,95.680915,25/09/2026,09:50:03 AM,CONTADO,PRIMERA PARTE,ROTC,29/09/2026,CONFIRMADA,3361177,0,09/04/2026,09/04/2027,0,BANCO CENTRAL DE LA REPUBLICA DOMINICANA,BCENTRAL,58170
DO1002261928,LE090427,BCENTRAL/ LT 20270409 GTIA,10000,DOP,1,-37.868,125.3078,25/09/2026,09:50:02 AM,CONTADO,PRIMERA PARTE,ROTC,29/09/2026,CONFIRMADA,3361180,0,09/04/2026,09/04/2027,0,BANCO CENTRAL DE LA REPUBLICA DOMINICANA,BCENTRAL,56658
DO1002261928,LE090427,BCENTRAL/ LT 20270409 GTIA,50000,DOP,5,-6.753,103.75638,25/09/2026,09:50:01 AM,CONTADO,PRIMERA PARTE,ROTC,28/09/2026,CONFIRMADA,3361183,0,09/04/2026,09/04/2027,0,BANCO CENTRAL DE LA REPUBLICA DOMINICANA,BCENTRAL,56672
DO1002261928,LE090427,BCENTRAL/ LT 20270409 GTIA,740000,DOP,74,0,98.316982,25/09/2026,09:49:59 AM,PRESTAMO,SEGUNDA PARTE,ROTC,26/01/2027,CONFIRMADA,3361121,0,09/04/2026,09/04/2027,2.707962,BANCO CENTRAL DE LA REPUBLICA DOMINICANA,BCENTRAL,56441
DO1002261928,LE090427,BCENTRAL/ LT 20270409 GTIA,740000,DOP,74,8.4736,95.654596,25/09/2026,09:49:59 AM,PRESTAMO,PRIMERA PARTE,ROTC,28/09/2026,CONFIRMADA,3361121,0,09/04/2026,09/04/2027,2.707962,BANCO CENTRAL DE LA REPUBLICA DOMINICANA,BCENTRAL,58450
DO1002261928,LE090427,BCENTRAL/ LT 20270409 GTIA,740000,DOP,74,0,98.316982,25/09/2026,09:49:58 AM,PLAZO,PRIMERA PARTE,ROTC,26/01/2027,CONFIRMADA,3361122,0,09/04/2026,09/04/2027,0,BANCO CENTRAL DE LA REPUBLICA DOMINICANA,BCENTRAL,54894
USP3579EBY25,BSRD2048,DOMINICAN REP/6.5 CHURCH BD UNSEC,20000,USD,20,6.4521,100.5385,25/09/2026,09:49:57 AM,PRESTAMO,SEGUNDA PARTE,ROTC,28/10/2026,CONFIRMADA,3361124,0,08/02/2018,15/02/2048,1.09448,MINISTERIO DE HACIENDA,HACIENDA,62713
USP3579EBY25,BSRD2048,DOMINICAN REP/6.5 CHURCH BD UNSEC,20000,USD,20,6.4348,100.74175,25/09/2026,09:49:57 AM,PRESTAMO,PRIMERA PARTE,ROTC,28/09/2026,CONFIRMADA,3361124,0,08/02/2018,15/02/2048,1.09448,MINISTERIO DE HACIENDA,HACIENDA,63238
USP3579EBY25,BSRD2048,DOMINICAN REP/6.5 CHURCH BD UNSEC,20000,USD,20,6.4521,100.5385,25/09/2026,09:49:56 AM,PLAZO,PRIMERA PARTE,ROTC,28/10/2026,CONFIRMADA,3361125,0,08/02/2018,15/02/2048,0,MINISTERIO DE HACIENDA,HACIENDA,61166
DO1002261928,LE090427,BCENTRAL/ LT 20270409 GTIA,40000,DOP,4,24.0907,90.16505,25/09/2026,09:49:54 AM,PRESTAMO,SEGUNDA PARTE,ROTC,28/10/2026,CONFIRMADA,3361127,0,09/04/2026,09/04/2027,0.670493,BANCO CENTRAL DE LA REPUBLICA DOMINICANA,BCENTRAL,57323
DO1002261928,LE090427,BCENTRAL/ LT 20270409 GTIA,40000,DOP,4,21.7424,89.5605,25/09/2026,09:49:54 AM,PRESTAMO,PRIMERA PARTE,ROTC,28/09/2026,CONFIRMADA,3361127,0,09/04/2026,09/04/2027,0.670493,BANCO CENTRAL DE LA REPUBLICA DOMINICANA,BCENTRAL,57141
DO1002261928,LE090427,BCENTRAL/ LT 20270409 GTIA,40000,DOP,4,24.0907,90.16505,25/09/2026,09:49:53 AM,PLAZO,PRIMERA PARTE,ROTC,28/10/2026,CONFIRMADA,3361128,0,09/04/2026,09/04/2027,0,BANCO CENTRAL DE LA REPUBLICA DOMINICANA,BCENTRAL,55776
USP3579EBY25,BSRD2048,DOMINICAN REP/6.5 CHURCH BD UNSEC,6000,USD,6,6.5388,99.545667,25/09/2026,09:49:52 AM,PRESTAMO,SEGUNDA PARTE,ROTC,30/11/2026,CONFIRMADA,3361130,0,08/02/2018,15/02/2048,1.484435,MINISTERIO DE HACIENDA,HACIENDA,62643
USP3579EBY25,BSRD2048,DOMINICAN REP/6.5 CHURCH BD UNSEC,6000,USD,6,6.5048,99.935667,25/09/2026,09:49:52 AM,PRESTAMO,PRIMERA PARTE,ROTC,29/09/2026,CONFIRMADA,3361130,0,08/02/2018,15/02/2048,1.484435,MINISTERIO DE HACIENDA,HACIENDA,62783
USP3579EBY25,BSRD2048,DOMINICAN REP/6.5 CHURCH BD UNSEC,6000,USD,6,6.5388,99.545667,25/09/2026,09:49:51 AM,PLAZO,PRIMERA PARTE,ROTC,30/11/2026,CONFIRMADA,3361131,0,08/02/2018,15/02/2048,0,MINISTERIO DE HACIENDA,HACIENDA,61096
DO1002261928,LE090427,BCENTRAL/ LT 20270409 GTIA,100000,DOP,10,95.5839,97.16226,25/09/2026,09:49:49 AM,PRESTAMO,SEGUNDA PARTE,ROTC,29/03/2027,CONFIRMADA,3361133,0,09/04/2026,09/04/2027,4.075337,BANCO CENTRAL DE LA REPUBLICA DOMINICANA,BCENTRAL,58177
DO1002261928,LE090427,BCENTRAL/ LT 20270409 GTIA,100000,DOP,10,13.6747,93.20257,25/09/2026,09:49:49 AM,PRESTAMO,PRIMERA PARTE,ROTC,29/09/2026,CONFIRMADA,3361133,0,09/04/2026,09/04/2027,4.075337,BANCO CENTRAL DE LA REPUBLICA DOMINICANA,BCENTRAL,58163
DO1002261928,LE090427,BCENTRAL/ LT 20270409 GTIA,100000,DOP,10,95.5839,97.16226,25/09/2026,09:49:48 AM,PLAZO,PRIMERA PARTE,ROTC,29/03/2027,CONFIRMADA,3361134,0,09/04/2026,09/04/2027,0,BANCO CENTRAL DE LA REPUBLICA DOMINICANA,BCENTRAL,56630
DO1002261928,LE090427,BCENTRAL/ LT 20270409 GTIA,2160000,DOP,216,0,96.289324,25/09/2026,09:49:47 AM,PRESTAMO,SEGUNDA PARTE,ROTC,30/10/2026,CONFIRMADA,3361136,0,09/04/2026,09/04/2027,0.670474,BANCO CENTRAL DE LA REPUBLICA DOMINICANA,BCENTRAL,57001
DO1002261928,LE090427,BCENTRAL/ LT 20270409 GTIA,2160000,DOP,216,8.5847,95.643729,25/09/2026,09:49:47 AM,PRESTAMO,PRIMERA PARTE,ROTC,30/09/2026,CONFIRMADA,3361136,0,09/04/2026,09/04/2027,0.670474,BANCO CENTRAL DE LA REPUBLICA DOMINICANA,BCENTRAL,59024
DO1002261928,LE090427,BCENTRAL/ LT 20270409 GTIA,2160000,DOP,216,0,96.289324,25/09/2026,09:49:45 AM,PLAZO,PRIMERA PARTE,ROTC,30/10/2026,CONFIRMADA,3361137,0,09/04/2026,09/04/2027,0,BANCO CENTRAL DE LA REPUBLICA DOMINICANA,BCENTRAL,55447
USP3579EBY25,BSRD2048,DOMINICAN REP/6.5 CHURCH BD UNSEC,3000,USD,3,5.9603,106.450667,25/09/2026,09:49:44 AM,PRESTAMO,SEGUNDA PARTE,ROTC,30/10/2026,CONFIRMADA,3361139,0,08/02/2018,15/02/2048,1.08622,MINISTERIO DE HACIENDA,HACIENDA,62776
USP3579EBY25,BSRD2048,DOMINICAN REP/6.5 CHURCH BD UNSEC,3000,USD,3,5.9469,106.634,25/09/2026,09:49:44 AM,PRESTAMO,PRIMERA PARTE,ROTC,30/09/2026,CONFIRMADA,3361139,0,08/02/2018,15/02/2048,1.08622,MINISTERIO DE HACIENDA,HACIENDA,61852
USP3579EBY25,BSRD2048,DOMINICAN REP/6.5 CHURCH BD UNSEC,3000,USD,3,5.9603,106.450667,25/09/2026,09:49:43 AM,PLAZO,PRIMERA PARTE,ROTC,30/10/2026,CONFIRMADA,3361140,0,08/02/2018,15/02/2048,0,MINISTERIO DE HACIENDA,HACIENDA,61229
DO1002261928,LE090427,BCENTRAL/ LT 20270409 GTIA,100000,DOP,10,-1.8259,100.82331,25/09/2026,09:49:41 AM,PRESTAMO,SEGUNDA PARTE,ROTC,30/10/2026,CONFIRMADA,3361142,0,09/04/2026,09/04/2027,0.67048,BANCO CENTRAL DE LA REPUBLICA DOMINICANA,BCENTRAL,58156
DO1002261928,LE090427,BCENTRAL/ LT 20270409 GTIA,100000,DOP,10,-0.2772,100.14731,25/09/2026,09:49:41 AM,PRESTAMO,PRIMERA PARTE,ROTC,30/09/2026,CONFIRMADA,3361142,0,09/04/2026,09/04/2027,0.67048,BANCO CENTRAL DE LA REPUBLICA DOMINICANA,BCENTRAL,58219
DO1002261928,LE090427,BCENTRAL/ LT 20270409 GTIA,100000,DOP,10,-1.8259,100.82331,25/09/2026,09:49:40 AM,PLAZO,PRIMERA PARTE,ROTC,30/10/2026,CONFIRMADA,3361143,0,09/04/2026,09/04/2027,0,BANCO CENTRAL DE LA REPUBLICA DOMINICANA,BCENTRAL,56609
USP3579EBY25,BSRD2048,DOMINICAN REP/6.5 CHURCH BD UNSEC,1000,USD,1,6.4929,100.068,25/09/2026,09:49:39 AM,PRESTAMO,SEGUNDA PARTE,ROTC,17/11/2026,CONFIRMADA,3361145,0,08/02/2018,15/02/2048,1.342783,MINISTERIO DE HACIENDA,HACIENDA,61719
USP3579EBY25,BSRD2048,DOMINICAN REP/6.5 CHURCH BD UNSEC,1000,USD,1,6.4676,100.363,25/09/2026,09:49:39 AM,PRESTAMO,PRIMERA PARTE,ROTC,30/09/2026,CONFIRMADA,3361145,0,08/02/2018,15/02/2048,1.342783,MINISTERIO DE HACIENDA,HACIENDA,61775
USP3579EBY25,BSRD2048,DOMINICAN REP/6.5 CHURCH BD UNSEC,1000,USD,1,6.4929,100.068,25/09/2026,09:49:38 AM,PLAZO,PRIMERA PARTE,ROTC,17/11/2026,CONFIRMADA,3361146,0,08/02/2018,15/02/2048,0,MINISTERIO DE HACIENDA,HACIENDA,60172
DO1002261928,LE090427,BCENTRAL/ LT 20270409 GTIA,210000,DOP,21,0,96.942448,25/09/2026,09:49:36 AM,PRESTAMO,SEGUNDA PARTE,ROTC,30/10/2026,CONFIRMADA,3361148,0,09/04/2026,09/04/2027,0.670471,BANCO CENTRAL DE LA REPUBLICA DOMINICANA,BCENTRAL,56252
DO1002261928,LE090427,BCENTRAL/ LT 20270409 GTIA,210000,DOP,21,7.2571,96.292476,25/09/2026,09:49:36 AM,PRESTAMO,PRIMERA PARTE,ROTC,30/09/2026,CONFIRMADA,3361148,0,09/04/2026,09/04/2027,0.670471,BANCO CENTRAL DE LA REPUBLICA DOMINICANA,BCENTRAL,58184
DO1002261928,LE090427,BCENTRAL/ LT 20270409 GTIA,210000,DOP,21,0,96.942448,25/09/2026,09:49:35 AM,PLAZO,PRIMERA PARTE,ROTC,30/10/2026,CONFIRMADA,3361149,0,09/04/2026,09/04/2027,0,BANCO CENTRAL DE LA REPUBLICA DOMINICANA,BCENTRAL,54705
DO1002261928,LE090427,BCENTRAL/ LT 20270409 GTIA,320000,DOP,32,7.7738,96.640178,25/09/2026,09:49:34 AM,PRESTAMO,SEGUNDA PARTE,ROTC,30/10/2026,CONFIRMADA,3361151,0,09/04/2026,09/04/2027,0.670477,BANCO CENTRAL DE LA REPUBLICA DOMINICANA,BCENTRAL,58121
DO1002261928,LE090427,BCENTRAL/ LT 20270409 GTIA,320000,DOP,32,7.8693,95.992228,25/09/2026,09:49:34 AM,PRESTAMO,PRIMERA PARTE,ROTC,30/09/2026,CONFIRMADA,3361151,0,09/04/2026,09/04/2027,0.670477,BANCO CENTRAL DE LA REPUBLICA DOMINICANA,BCENTRAL,58282
DO1002261928,LE090427,BCENTRAL/ LT 20270409 GTIA,320000,DOP,32,7.7738,96.640178,25/09/2026,09:49:32 AM,PLAZO,PRIMERA PARTE,ROTC,30/10/2026,CONFIRMADA,3361152,0,09/04/2026,09/04/2027,0,BANCO CENTRAL DE LA REPUBLICA DOMINICANA,BCENTRAL,56567
DO1002261928,LE090427,BCENTRAL/ LT 20270409 GTIA,20000,DOP,2,0,77.29125,25/09/2026,09:49:31 AM,PRESTAMO,SEGUNDA PARTE,ROTC,30/10/2026,CONFIRMADA,3361154,0,09/04/2026,09/04/2027,0.670451,BANCO CENTRAL DE LA REPUBLICA DOMINICANA,BCENTRAL,55104
DO1002261928,LE090427,BCENTRAL/ LT 20270409 GTIA,20000,DOP,2,57.0233,76.77305,25/09/2026,09:49:31 AM,PRESTAMO,PRIMERA PARTE,ROTC,30/09/2026,CONFIRMADA,3361154,0,09/04/2026,09/04/2027,0.670451,BANCO CENTRAL DE LA REPUBLICA DOMINICANA,BCENTRAL,57379
DO1002261928,LE090427,BCENTRAL/ LT 20270409 GTIA,20000,DOP,2,0,77.29125,25/09/2026,09:49:30 AM,PLAZO,PRIMERA PARTE,ROTC,30/10/2026,CONFIRMADA,3361155,0,09/04/2026,09/04/2027,0,BANCO CENTRAL DE LA REPUBLICA DOMINICANA,BCENTRAL,53557
DO1002261928,LE090427,BCENTRAL/ LT 20270409 GTIA,100000,DOP,10,0,97.20431,25/09/2026,09:49:28 AM,PRESTAMO,SEGUNDA PARTE,ROTC,14/12/2026,CONFIRMADA,3361157,0,09/04/2026,09/04/2027,1.689709,BANCO CENTRAL DE LA REPUBLICA DOMINICANA,BCENTRAL,55783
DO1002261928,LE090427,BCENTRAL/ LT 20270409 GTIA,100000,DOP,10,8.7536,95.56184,25/09/2026,09:49:28 AM,PRESTAMO,PRIMERA PARTE,ROTC,30/09/2026,CONFIRMADA,3361157,0,09/04/2026,09/04/2027,1.689709,BANCO CENTRAL DE LA REPUBLICA DOMINICANA,BCENTRAL,57827
DO1002261928,LE090427,BCENTRAL/ LT 20270409 GTIA,100000,DOP,10,0,97.20431,25/09/2026,09:49:27 AM,PLAZO,PRIMERA PARTE,ROTC,14/12/2026,CONFIRMADA,3361158,0,09/04/2026,09/04/2027,0,BANCO CENTRAL DE LA REPUBLICA DOMINICANA,BCENTRAL,54236
DO1002261928,LE090427,BCENTRAL/ LT 20270409 GTIA,50000,DOP,5,-28.474,103.52084,25/09/2026,09:49:26 AM,PRESTAMO,SEGUNDA PARTE,ROTC,25/02/2027,CONFIRMADA,3361160,0,09/04/2026,09/04/2027,3.401093,BANCO CENTRAL DE LA REPUBLICA DOMINICANA,BCENTRAL,57638
DO1002261928,LE090427,BCENTRAL/ LT 20270409 GTIA,50000,DOP,5,0,100,25/09/2026,09:49:26 AM,PRESTAMO,PRIMERA PARTE,ROTC,28/09/2026,CONFIRMADA,3361160,0,09/04/2026,09/04/2027,3.401093,BANCO CENTRAL DE LA REPUBLICA DOMINICANA,BCENTRAL,53452
DO1002261928,LE090427,BCENTRAL/ LT 20270409 GTIA,50000,DOP,5,-28.474,103.52084,25/09/2026,09:49:25 AM,PLAZO,PRIMERA PARTE,ROTC,25/02/2027,CONFIRMADA,3361161,0,09/04/2026,09/04/2027,0,BANCO CENTRAL DE LA REPUBLICA DOMINICANA,BCENTRAL,56091
DO1002261928,LE090427,BCENTRAL/ LT 20270409 GTIA,2110000,DOP,211,8.1159,98.380918,25/09/2026,09:49:23 AM,PRESTAMO,SEGUNDA PARTE,ROTC,26/01/2027,CONFIRMADA,3361163,0,09/04/2026,09/04/2027,2.707962,BANCO CENTRAL DE LA REPUBLICA DOMINICANA,BCENTRAL,58786
DO1002261928,LE090427,BCENTRAL/ LT 20270409 GTIA,2110000,DOP,211,8.3469,95.716801,25/09/2026,09:49:23 AM,PRESTAMO,PRIMERA PARTE,ROTC,28/09/2026,CONFIRMADA,3361163,0,09/04/2026,09/04/2027,2.707962,BANCO CENTRAL DE LA REPUBLICA DOMINICANA,BCENTRAL,58891
DO1002261928,LE090427,BCENTRAL/ LT 20270409 GTIA,2110000,DOP,211,8.1159,98.380918,25/09/2026,09:49:22 AM,PLAZO,PRIMERA PARTE,ROTC,26/01/2027,CONFIRMADA,3361164,0,09/04/2026,09/04/2027,0,BANCO CENTRAL DE LA REPUBLICA DOMINICANA,BCENTRAL,57239
DO1002261928,LE090427,BCENTRAL/ LT 20270409 GTIA,13530000,DOP,1353,6.5655,99.221888,25/09/2026,09:49:21 AM,PRESTAMO,SEGUNDA PARTE,ROTC,25/02/2027,CONFIRMADA,3361166,0,09/04/2026,09/04/2027,3.517588,BANCO CENTRAL DE LA REPUBLICA DOMINICANA,BCENTRAL,59584
DO1002261928,LE090427,BCENTRAL/ LT 20270409 GTIA,13530000,DOP,1353,8.3166,95.731671,25/09/2026,09:49:21 AM,PRESTAMO,PRIMERA PARTE,ROTC,28/09/2026,CONFIRMADA,3361166,0,09/04/2026,09/04/2027,3.517588,BANCO CENTRAL DE LA REPUBLICA DOMINICANA,BCENTRAL,59633
DO1002261928,LE090427,BCENTRAL/ LT 20270409 GTIA,13530000,DOP,1353,6.5655,99.221888,25/09/2026,09:49:19 AM,PLAZO,PRIMERA PARTE,ROTC,25/02/2027,CONFIRMADA,3361167,0,09/04/2026,09/04/2027,0,BANCO CENTRAL DE LA REPUBLICA DOMINICANA,BCENTRAL,58093
DO1002261928,LE090427,BCENTRAL/ LT 20270409 GTIA,14670000,DOP,1467,6.386,99.243002,25/09/2026,09:49:18 AM,PRESTAMO,SEGUNDA PARTE,ROTC,25/02/2027,CONFIRMADA,3361169,0,09/04/2026,09/04/2027,3.517588,BANCO CENTRAL DE LA REPUBLICA DOMINICANA,BCENTRAL,59220
DO1002261928,LE090427,BCENTRAL/ LT 20270409 GTIA,14670000,DOP,1467,8.2752,95.752042,25/09/2026,09:49:18 AM,PRESTAMO,PRIMERA PARTE,ROTC,28/09/2026,CONFIRMADA,3361169,0,09/04/2026,09/04/2027,3.517588,BANCO CENTRAL DE LA REPUBLICA DOMINICANA,BCENTRAL,59724
DO1002261928,LE090427,BCENTRAL/ LT 20270409 GTIA,14670000,DOP,1467,6.386,99.243002,25/09/2026,09:49:17 AM,PLAZO,PRIMERA PARTE,ROTC,25/02/2027,CONFIRMADA,3361170,0,09/04/2026,09/04/2027,0,BANCO CENTRAL DE LA REPUBLICA DOMINICANA,BCENTRAL,57673
DO1002261928,LE090427,BCENTRAL/ LT 20270409 GTIA,2830000,DOP,283,7.2037,98.56028,25/09/2026,09:49:16 AM,PRESTAMO,SEGUNDA PARTE,ROTC,26/01/2027,CONFIRMADA,3361172,0,09/04/2026,09/04/2027,2.707962,BANCO CENTRAL DE LA REPUBLICA DOMINICANA,BCENTRAL,58499
DO1002261928,LE090427,BCENTRAL/ LT 20270409 GTIA,2830000,DOP,283,7.9923,95.891305,25/09/2026,09:49:16 AM,PRESTAMO,PRIMERA PARTE,ROTC,28/09/2026,CONFIRMADA,3361172,0,09/04/2026,09/04/2027,2.707962,BANCO CENTRAL DE LA REPUBLICA DOMINICANA,BCENTRAL,59052
DO1002261928,LE090427,BCENTRAL/ LT 20270409 GTIA,2830000,DOP,283,7.2037,98.56028,25/09/2026,09:49:14 AM,PLAZO,PRIMERA PARTE,ROTC,26/01/2027,CONFIRMADA,3361173,0,09/04/2026,09/04/2027,0,BANCO CENTRAL DE LA REPUBLICA DOMINICANA,BCENTRAL,56945
DO1002261928,LE090427,BCENTRAL/ LT 20270409 GTIA,1000000,DOP,100,9.3494,98.164446,25/09/2026,09:49:13 AM,PRESTAMO,SEGUNDA PARTE,ROTC,27/01/2027,CONFIRMADA,3361175,0,09/04/2026,09/04/2027,2.707962,BANCO CENTRAL DE LA REPUBLICA DOMINICANA,BCENTRAL,58751
DO1002261928,LE090427,BCENTRAL/ LT 20270409 GTIA,1000000,DOP,100,8.8224,95.50619,25/09/2026,09:49:13 AM,PRESTAMO,PRIMERA PARTE,ROTC,29/09/2026,CONFIRMADA,3361175,0,09/04/2026,09/04/2027,2.707962,BANCO CENTRAL DE LA REPUBLICA DOMINICANA,BCENTRAL,58457
DO1002261928,LE090427,BCENTRAL/ LT 20270409 GTIA,1000000,DOP,100,9.3494,98.164446,25/09/2026,09:49:12 AM,PLAZO,PRIMERA PARTE,ROTC,27/01/2027,CONFIRMADA,3361176,0,09/04/2026,09/04/2027,0,BANCO CENTRAL DE LA REPUBLICA DOMINICANA,BCENTRAL,57204
DO1002261928,LE090427,BCENTRAL/ LT 20270409 GTIA,1300000,DOP,130,8.474,96.326761,25/09/2026,09:49:10 AM,PRESTAMO,SEGUNDA PARTE,ROTC,29/10/2026,CONFIRMADA,3361178,0,09/04/2026,09/04/2027,0.670474,BANCO CENTRAL DE LA REPUBLICA DOMINICANA,BCENTRAL,58387
DO1002261928,LE090427,BCENTRAL/ LT 20270409 GTIA,1300000,DOP,130,8.4638,95.680915,25/09/2026,09:49:10 AM,PRESTAMO,PRIMERA PARTE,ROTC,29/09/2026,CONFIRMADA,3361178,0,09/04/2026,09/04/2027,0.670474,BANCO CENTRAL DE LA REPUBLICA DOMINICANA,BCENTRAL,58905
DO1002261928,LE090427,BCENTRAL/ LT 20270409 GTIA,1300000,DOP,130,8.474,96.326761,25/09/2026,09:49:09 AM,PLAZO,PRIMERA PARTE,ROTC,29/10/2026,CONFIRMADA,3361179,0,09/04/2026,09/04/2027,0,BANCO CENTRAL DE LA REPUBLICA DOMINICANA,BCENTRAL,56903
DO1002261928,LE090427,BCENTRAL/ LT 20270409 GTIA,10000,DOP,1,-66.918,127.4903,25/09/2026,09:49:08 AM,PRESTAMO,SEGUNDA PARTE,ROTC,14/12/2026,CONFIRMADA,3361181,0,09/04/2026,09/04/2027,1.711895,BANCO CENTRAL DE LA REPUBLICA DOMINICANA,BCENTRAL,57288
DO1002261928,LE090427,BCENTRAL/ LT 20270409 GTIA,10000,DOP,1,-37.868,125.3078,25/09/2026,09:49:08 AM,PRESTAMO,PRIMERA PARTE,ROTC,29/09/2026,CONFIRMADA,3361181,0,09/04/2026,09/04/2027,1.711895,BANCO CENTRAL DE LA REPUBLICA DOMINICANA,BCENTRAL,57449
DO1002261928,LE090427,BCENTRAL/ LT 20270409 GTIA,10000,DOP,1,-66.918,127.4903,25/09/2026,09:49:07 AM,PLAZO,PRIMERA PARTE,ROTC,14/12/2026,CONFIRMADA,3361182,0,09/04/2026,09/04/2027,0,BANCO CENTRAL DE LA REPUBLICA DOMINICANA,BCENTRAL,55741
DO1002261928,LE090427,BCENTRAL/ LT 20270409 GTIA,50000,DOP,5,-13.733,105.21804,25/09/2026,09:49:05 AM,PRESTAMO,SEGUNDA PARTE,ROTC,30/11/2026,CONFIRMADA,3361184,0,09/04/2026,09/04/2027,1.389172,BANCO CENTRAL DE LA REPUBLICA DOMINICANA,BCENTRAL,57512
DO1002261928,LE090427,BCENTRAL/ LT 20270409 GTIA,50000,DOP,5,-6.753,103.75638,25/09/2026,09:49:05 AM,PRESTAMO,PRIMERA PARTE,ROTC,28/09/2026,CONFIRMADA,3361184,0,09/04/2026,09/04/2027,1.389172,BANCO CENTRAL DE LA REPUBLICA DOMINICANA,BCENTRAL,57449
DO1002261928,LE090427,BCENTRAL/ LT 20270409 GTIA,50000,DOP,5,-13.733,105.21804,25/09/2026,09:49:04 AM,PLAZO,PRIMERA PARTE,ROTC,30/11/2026,CONFIRMADA,3361185,0,09/04/2026,09/04/2027,0,BANCO CENTRAL DE LA REPUBLICA DOMINICANA,BCENTRAL,55965
DO1002261928,LE090427,BCENTRAL/ LT 20270409 GTIA,200000,DOP,20,4.8236,97.441045,25/09/2026,09:34:06 AM,CONTADO,PRIMERA PARTE,ROTC,25/09/2026,CONFIRMADA,3361087,0,09/04/2026,09/04/2027,0,BANCO CENTRAL DE LA REPUBLICA DOMINICANA,BCENTRAL,57372
DO1002261928,LE090427,BCENTRAL/ LT 20270409 GTIA,360000,DOP,36,10.6385,94.525039,25/09/2026,09:34:05 AM,CONTADO,PRIMERA PARTE,ROTC,25/09/2026,CONFIRMADA,3361090,0,09/04/2026,09/04/2027,0,BANCO CENTRAL DE LA REPUBLICA DOMINICANA,BCENTRAL,57820
DO1002261928,LE090427,BCENTRAL/ LT 20270409 GTIA,720000,DOP,72,8.5922,95.531076,25/09/2026,09:34:03 AM,CONTADO,PRIMERA PARTE,ROTC,25/09/2026,CONFIRMADA,3361093,0,09/04/2026,09/04/2027,0,BANCO CENTRAL DE LA REPUBLICA DOMINICANA,BCENTRAL,57484
DO1002261928,LE090427,BCENTRAL/ LT 20270409 GTIA,3530000,DOP,353,8.2762,95.688355,25/09/2026,09:34:02 AM,CONTADO,PRIMERA PARTE,ROTC,25/09/2026,CONFIRMADA,3361096,0,09/04/2026,09/04/2027,0,BANCO CENTRAL DE LA REPUBLICA DOMINICANA,BCENTRAL,58261
DO1002261928,LE090427,BCENTRAL/ LT 20270409 GTIA,320000,DOP,32,6.3264,96.670325,25/09/2026,09:34:01 AM,CONTADO,PRIMERA PARTE,ROTC,25/09/2026,CONFIRMADA,3361099,0,09/04/2026,09/04/2027,0,BANCO CENTRAL DE LA REPUBLICA DOMINICANA,BCENTRAL,57393
DO1002261928,LE090427,BCENTRAL/ LT 20270409 GTIA,210000,DOP,21,4.3254,97.699238,25/09/2026,09:34:00 AM,CONTADO,PRIMERA PARTE,ROTC,25/09/2026,CONFIRMADA,3361102,0,09/04/2026,09/04/2027,0,BANCO CENTRAL DE LA REPUBLICA DOMINICANA,BCENTRAL,57442
DO1002261928,LE090427,BCENTRAL/ LT 20270409 GTIA,890000,DOP,89,8.2262,95.713296,25/09/2026,09:33:58 AM,CONTADO,PRIMERA PARTE,ROTC,25/09/2026,CONFIRMADA,3361105,0,09/04/2026,09/04/2027,0,BANCO CENTRAL DE LA REPUBLICA DOMINICANA,BCENTRAL,57659
DO1005208322,MHUS2040,HACIENDA/6.75 BOEST 20400724 GTIA,10000,USD,10,4.8609,118.8532,25/09/2026,09:33:57 AM,CONTADO,PRIMERA PARTE,ROTC,25/09/2026,CONFIRMADA,3361108,0,24/07/2020,24/07/2040,0,MINISTERIO DE HACIENDA,HACIENDA,59892
DO1002261928,LE090427,BCENTRAL/ LT 20270409 GTIA,650000,DOP,65,9.7673,95.024177,25/09/2026,09:33:56 AM,CONTADO,PRIMERA PARTE,ROTC,28/09/2026,CONFIRMADA,3361111,0,09/04/2026,09/04/2027,0,BANCO CENTRAL DE LA REPUBLICA DOMINICANA,BCENTRAL,57617
DO1002261928,LE090427,BCENTRAL/ LT 20270409 GTIA,12270000,DOP,1227,8.3367,95.721791,25/09/2026,09:33:55 AM,CONTADO,PRIMERA PARTE,ROTC,28/09/2026,CONFIRMADA,3361114,0,09/04/2026,09/04/2027,0,BANCO CENTRAL DE LA REPUBLICA DOMINICANA,BCENTRAL,58975
DO1002261928,LE090427,BCENTRAL/ LT 20270409 GTIA,12270000,DOP,1227,6.1441,99.271474,25/09/2026,09:33:53 AM,PLAZO,PRIMERA PARTE,ROTC,25/02/2027,CONFIRMADA,3361119,0,09/04/2026,09/04/2027,0,BANCO CENTRAL DE LA REPUBLICA DOMINICANA,BCENTRAL,57925
DO1002261928,LE090427,BCENTRAL/ LT 20270409 GTIA,12270000,DOP,1227,6.1441,99.271474,25/09/2026,09:33:52 AM,PRESTAMO,SEGUNDA PARTE,ROTC,25/02/2027,CONFIRMADA,3361118,0,09/04/2026,09/04/2027,3.575733,BANCO CENTRAL DE LA REPUBLICA DOMINICANA,BCENTRAL,59458
DO1002261928,LE090427,BCENTRAL/ LT 20270409 GTIA,12270000,DOP,1227,8.3367,95.721791,25/09/2026,09:33:52 AM,PRESTAMO,PRIMERA PARTE,ROTC,28/09/2026,CONFIRMADA,3361118,0,09/04/2026,09/04/2027,3.575733,BANCO CENTRAL DE LA REPUBLICA DOMINICANA,BCENTRAL,59647
DO1002261928,LE090427,BCENTRAL/ LT 20270409 GTIA,12270000,DOP,1227,8.3367,95.721791,25/09/2026,09:33:51 AM,CONTADO,PRIMERA PARTE,ROTC,28/09/2026,CONFIRMADA,3361117,0,09/04/2026,09/04/2027,0,BANCO CENTRAL DE LA REPUBLICA DOMINICANA,BCENTRAL,58947
DO1002261928,LE090427,BCENTRAL/ LT 20270409 GTIA,12270000,DOP,1227,6.1441,99.271474,25/09/2026,09:33:50 AM,PLAZO,PRIMERA PARTE,ROTC,25/02/2027,CONFIRMADA,3361116,0,09/04/2026,09/04/2027,0,BANCO CENTRAL DE LA REPUBLICA DOMINICANA,BCENTRAL,57904
DO1002261928,LE090427,BCENTRAL/ LT 20270409 GTIA,200000,DOP,20,4.1788,98.1207,25/09/2026,09:33:49 AM,PRESTAMO,SEGUNDA PARTE,ROTC,26/10/2026,CONFIRMADA,3361088,0,09/04/2026,09/04/2027,0.692672,BANCO CENTRAL DE LA REPUBLICA DOMINICANA,BCENTRAL,57309
DO1002261928,LE090427,BCENTRAL/ LT 20270409 GTIA,200000,DOP,20,4.8236,97.441045,25/09/2026,09:33:49 AM,PRESTAMO,PRIMERA PARTE,ROTC,25/09/2026,CONFIRMADA,3361088,0,09/04/2026,09/04/2027,0.692672,BANCO CENTRAL DE LA REPUBLICA DOMINICANA,BCENTRAL,58107
DO1002261928,LE090427,BCENTRAL/ LT 20270409 GTIA,200000,DOP,20,4.1788,98.1207,25/09/2026,09:33:48 AM,PLAZO,PRIMERA PARTE,ROTC,26/10/2026,CONFIRMADA,3361089,0,09/04/2026,09/04/2027,0,BANCO CENTRAL DE LA REPUBLICA DOMINICANA,BCENTRAL,55762
DO1002261928,LE090427,BCENTRAL/ LT 20270409 GTIA,360000,DOP,36,0,95.809003,25/09/2026,09:33:47 AM,PRESTAMO,SEGUNDA PARTE,ROTC,24/11/2026,CONFIRMADA,3361091,0,09/04/2026,09/04/2027,1.340129,BANCO CENTRAL DE LA REPUBLICA DOMINICANA,BCENTRAL,56245
DO1002261928,LE090427,BCENTRAL/ LT 20270409 GTIA,360000,DOP,36,10.6385,94.525039,25/09/2026,09:33:47 AM,PRESTAMO,PRIMERA PARTE,ROTC,25/09/2026,CONFIRMADA,3361091,0,09/04/2026,09/04/2027,1.340129,BANCO CENTRAL DE LA REPUBLICA DOMINICANA,BCENTRAL,58548
DO1002261928,LE090427,BCENTRAL/ LT 20270409 GTIA,360000,DOP,36,0,95.809003,25/09/2026,09:33:46 AM,PLAZO,PRIMERA PARTE,ROTC,24/11/2026,CONFIRMADA,3361092,0,09/04/2026,09/04/2027,0,BANCO CENTRAL DE LA REPUBLICA DOMINICANA,BCENTRAL,54698
DO1002261928,LE090427,BCENTRAL/ LT 20270409 GTIA,720000,DOP,72,8.6695,96.828707,25/09/2026,09:33:44 AM,PRESTAMO,SEGUNDA PARTE,ROTC,24/11/2026,CONFIRMADA,3361094,0,09/04/2026,09/04/2027,1.34013,BANCO CENTRAL DE LA REPUBLICA DOMINICANA,BCENTRAL,58219
DO1002261928,LE090427,BCENTRAL/ LT 20270409 GTIA,720000,DOP,72,8.5922,95.531076,25/09/2026,09:33:44 AM,PRESTAMO,PRIMERA PARTE,ROTC,25/09/2026,CONFIRMADA,3361094,0,09/04/2026,09/04/2027,1.34013,BANCO CENTRAL DE LA REPUBLICA DOMINICANA,BCENTRAL,58205
DO1002261928,LE090427,BCENTRAL/ LT 20270409 GTIA,720000,DOP,72,8.6695,96.828707,25/09/2026,09:33:43 AM,PLAZO,PRIMERA PARTE,ROTC,24/11/2026,CONFIRMADA,3361095,0,09/04/2026,09/04/2027,0,BANCO CENTRAL DE LA REPUBLICA DOMINICANA,BCENTRAL,56672
DO1002261928,LE090427,BCENTRAL/ LT 20270409 GTIA,3530000,DOP,353,8.2149,99.613571,25/09/2026,09:33:42 AM,PRESTAMO,SEGUNDA PARTE,ROTC,23/03/2027,CONFIRMADA,3361097,0,09/04/2026,09/04/2027,3.940443,BANCO CENTRAL DE LA REPUBLICA DOMINICANA,BCENTRAL,58800
DO1002261928,LE090427,BCENTRAL/ LT 20270409 GTIA,3530000,DOP,353,8.2762,95.688355,25/09/2026,09:33:42 AM,PRESTAMO,PRIMERA PARTE,ROTC,25/09/2026,CONFIRMADA,3361097,0,09/04/2026,09/04/2027,3.940443,BANCO CENTRAL DE LA REPUBLICA DOMINICANA,BCENTRAL,58975
DO1002261928,LE090427,BCENTRAL/ LT 20270409 GTIA,3530000,DOP,353,8.2149,99.613571,25/09/2026,09:33:41 AM,PLAZO,PRIMERA PARTE,ROTC,23/03/2027,CONFIRMADA,3361098,0,09/04/2026,09/04/2027,0,BANCO CENTRAL DE LA REPUBLICA DOMINICANA,BCENTRAL,57253
DO1002261928,LE090427,BCENTRAL/ LT 20270409 GTIA,320000,DOP,32,5.9516,97.3446,25/09/2026,09:33:39 AM,PRESTAMO,SEGUNDA PARTE,ROTC,26/10/2026,CONFIRMADA,3361100,0,09/04/2026,09/04/2027,0.692668,BANCO CENTRAL DE LA REPUBLICA DOMINICANA,BCENTRAL,57372
DO1002261928,LE090427,BCENTRAL/ LT 20270409 GTIA,320000,DOP,32,6.3264,96.670325,25/09/2026,09:33:39 AM,PRESTAMO,PRIMERA PARTE,ROTC,25/09/2026,CONFIRMADA,3361100,0,09/04/2026,09/04/2027,0.692668,BANCO CENTRAL DE LA REPUBLICA DOMINICANA,BCENTRAL,58156
DO1002261928,LE090427,BCENTRAL/ LT 20270409 GTIA,320000,DOP,32,5.9516,97.3446,25/09/2026,09:33:38 AM,PLAZO,PRIMERA PARTE,ROTC,26/10/2026,CONFIRMADA,3361101,0,09/04/2026,09/04/2027,0,BANCO CENTRAL DE LA REPUBLICA DOMINICANA,BCENTRAL,55825
DO1002261928,LE090427,BCENTRAL/ LT 20270409 GTIA,210000,DOP,21,-62.336,101.941695,25/09/2026,09:33:37 AM,PRESTAMO,SEGUNDA PARTE,ROTC,29/03/2027,CONFIRMADA,3361103,0,09/04/2026,09/04/2027,4.161651,BANCO CENTRAL DE LA REPUBLICA DOMINICANA,BCENTRAL,58674
DO1002261928,LE090427,BCENTRAL/ LT 20270409 GTIA,210000,DOP,21,4.3254,97.699238,25/09/2026,09:33:37 AM,PRESTAMO,PRIMERA PARTE,ROTC,25/09/2026,CONFIRMADA,3361103,0,09/04/2026,09/04/2027,4.161651,BANCO CENTRAL DE LA REPUBLICA DOMINICANA,BCENTRAL,58198
DO1002261928,LE090427,BCENTRAL/ LT 20270409 GTIA,210000,DOP,21,-62.336,101.941695,25/09/2026,09:33:35 AM,PLAZO,PRIMERA PARTE,ROTC,29/03/2027,CONFIRMADA,3361104,0,09/04/2026,09/04/2027,0,BANCO CENTRAL DE LA REPUBLICA DOMINICANA,BCENTRAL,57120
DO1002261928,LE090427,BCENTRAL/ LT 20270409 GTIA,890000,DOP,89,0,98.443916,25/09/2026,09:33:34 AM,PRESTAMO,SEGUNDA PARTE,ROTC,26/01/2027,CONFIRMADA,3361106,0,09/04/2026,09/04/2027,2.773783,BANCO CENTRAL DE LA REPUBLICA DOMINICANA,BCENTRAL,56413
DO1002261928,LE090427,BCENTRAL/ LT 20270409 GTIA,890000,DOP,89,8.2262,95.713296,25/09/2026,09:33:34 AM,PRESTAMO,PRIMERA PARTE,ROTC,25/09/2026,CONFIRMADA,3361106,0,09/04/2026,09/04/2027,2.773783,BANCO CENTRAL DE LA REPUBLICA DOMINICANA,BCENTRAL,58310
DO1002261928,LE090427,BCENTRAL/ LT 20270409 GTIA,890000,DOP,89,0,98.443916,25/09/2026,09:33:33 AM,PLAZO,PRIMERA PARTE,ROTC,26/01/2027,CONFIRMADA,3361107,0,09/04/2026,09/04/2027,0,BANCO CENTRAL DE LA REPUBLICA DOMINICANA,BCENTRAL,54866
DO1005208322,MHUS2040,HACIENDA/6.75 BOEST 20400724 GTIA,10000,USD,10,4.868,118.6905,25/09/2026,09:33:31 AM,PRESTAMO,SEGUNDA PARTE,ROTC,26/10/2026,CONFIRMADA,3361109,0,24/07/2020,24/07/2040,1.297424,MINISTERIO DE HACIENDA,HACIENDA,60088
DO1005208322,MHUS2040,HACIENDA/6.75 BOEST 20400724 GTIA,10000,USD,10,4.8609,118.8532,25/09/2026,09:33:31 AM,PRESTAMO,PRIMERA PARTE,ROTC,25/09/2026,CONFIRMADA,3361109,0,24/07/2020,24/07/2040,1.297424,MINISTERIO DE HACIENDA,HACIENDA,60529
DO1005208322,MHUS2040,HACIENDA/6.75 BOEST 20400724 GTIA,10000,USD,10,4.868,118.6905,25/09/2026,09:33:30 AM,PLAZO,PRIMERA PARTE,ROTC,26/10/2026,CONFIRMADA,3361110,0,24/07/2020,24/07/2040,0,MINISTERIO DE HACIENDA,HACIENDA,58541
DO1002261928,LE090427,BCENTRAL/ LT 20270409 GTIA,650000,DOP,65,10.0067,95.665589,25/09/2026,09:33:29 AM,PRESTAMO,SEGUNDA PARTE,ROTC,28/10/2026,CONFIRMADA,3361112,0,09/04/2026,09/04/2027,0.670473,BANCO CENTRAL DE LA REPUBLICA DOMINICANA,BCENTRAL,58527
DO1002261928,LE090427,BCENTRAL/ LT 20270409 GTIA,650000,DOP,65,9.7673,95.024177,25/09/2026,09:33:29 AM,PRESTAMO,PRIMERA PARTE,ROTC,28/09/2026,CONFIRMADA,3361112,0,09/04/2026,09/04/2027,0.670473,BANCO CENTRAL DE LA REPUBLICA DOMINICANA,BCENTRAL,58310
DO1002261928,LE090427,BCENTRAL/ LT 20270409 GTIA,650000,DOP,65,10.0067,95.665589,25/09/2026,09:33:27 AM,PLAZO,PRIMERA PARTE,ROTC,28/10/2026,CONFIRMADA,3361113,0,09/04/2026,09/04/2027,0,BANCO CENTRAL DE LA REPUBLICA DOMINICANA,BCENTRAL,56973
DO1002261928,LE090427,BCENTRAL/ LT 20270409 GTIA,12270000,DOP,1227,6.1441,99.271474,25/09/2026,09:33:27 AM,PRESTAMO,SEGUNDA PARTE,ROTC,25/02/2027,CONFIRMADA,3361115,0,09/04/2026,09/04/2027,3.575733,BANCO CENTRAL DE LA REPUBLICA DOMINICANA,BCENTRAL,59472
DO1002261928,LE090427,BCENTRAL/ LT 20270409 GTIA,12270000,DOP,1227,8.3367,95.721791,25/09/2026,09:33:27 AM,PRESTAMO,PRIMERA PARTE,ROTC,28/09/2026,CONFIRMADA,3361115,0,09/04/2026,09/04/2027,3.575733,BANCO CENTRAL DE LA REPUBLICA DOMINICANA,BCENTRAL,59661
DO1002262223,LE030927,BCENTRAL/ LT 20270903 GTIA,30000000,DOP,3000,8.395,92.593819,25/09/2026,09:29:34 AM,CONTADO,PRIMERA PARTE,BCRD,25/09/2026,CONFIRMADA,3361346,0,03/09/2026,03/09/2027,0,BANCO CENTRAL DE LA REPUBLICA DOMINICANA,BCENTRAL,58233
DO1002262124,LE110627,BCENTRAL/ LT 20270611 GTIA,50000000,DOP,5000,8.135,94.470918,25/09/2026,09:29:08 AM,CONTADO,PRIMERA PARTE,BCRD,25/09/2026,CONFIRMADA,3361345,0,03/09/2026,11/06/2027,0,BANCO CENTRAL DE LA REPUBLICA DOMINICANA,BCENTRAL,58128
DO1002261928,LE090427,BCENTRAL/ LT 20270409 GTIA,25000000,DOP,2500,8.07,95.791251,25/09/2026,09:28:56 AM,CONTADO,PRIMERA PARTE,BCRD,25/09/2026,CONFIRMADA,3361341,0,09/04/2026,09/04/2027,0,BANCO CENTRAL DE LA REPUBLICA DOMINICANA,BCENTRAL,57946
DO1002261928,LE090427,BCENTRAL/ LT 20270409 GTIA,25000000,DOP,2500,8.08,95.786256,25/09/2026,09:28:56 AM,CONTADO,PRIMERA PARTE,BCRD,25/09/2026,CONFIRMADA,3361342,0,09/04/2026,09/04/2027,0,BANCO CENTRAL DE LA REPUBLICA DOMINICANA,BCENTRAL,58016
DO1002261928,LE090427,BCENTRAL/ LT 20270409 GTIA,25000000,DOP,2500,8.09,95.781261,25/09/2026,09:28:56 AM,CONTADO,PRIMERA PARTE,BCRD,25/09/2026,CONFIRMADA,3361343,0,09/04/2026,09/04/2027,0,BANCO CENTRAL DE LA REPUBLICA DOMINICANA,BCENTRAL,57960
DO1002261928,LE090427,BCENTRAL/ LT 20270409 GTIA,50000000,DOP,5000,8.09,95.781261,25/09/2026,09:28:56 AM,CONTADO,PRIMERA PARTE,BCRD,25/09/2026,CONFIRMADA,3361344,0,09/04/2026,09/04/2027,0,BANCO CENTRAL DE LA REPUBLICA DOMINICANA,BCENTRAL,57932
DO1002261928,LE090427,BCENTRAL/ LT 20270409 GTIA,25000000,DOP,2500,8.06,95.796247,25/09/2026,09:28:55 AM,CONTADO,PRIMERA PARTE,BCRD,25/09/2026,CONFIRMADA,3361340,0,09/04/2026,09/04/2027,0,BANCO CENTRAL DE LA REPUBLICA DOMINICANA,BCENTRAL,58002
DO1005208322,MHUS2040,HACIENDA/6.75 BOEST 20400724 GTIA,260000,USD,260,4.70337901,120.453731,25/09/2026,09:27:51 AM,PRESTAMO,SEGUNDA PARTE,ROTC,24/11/2026,CONFIRMADA,3361306,0,24/07/2020,24/07/2040,4.8,MINISTERIO DE HACIENDA,HACIENDA,63266
DO1005208322,MHUS2040,HACIENDA/6.75 BOEST 20400724 GTIA,260000,USD,260,4.70711405,120.586142,25/09/2026,09:27:51 AM,PRESTAMO,PRIMERA PARTE,ROTC,25/09/2026,CONFIRMADA,3361306,0,24/07/2020,24/07/2040,4.8,MINISTERIO DE HACIENDA,HACIENDA,63371
DO1005208322,MHUS2040,HACIENDA/6.75 BOEST 20400724 GTIA,260000,USD,260,4.70337901,120.453731,25/09/2026,09:27:49 AM,ESTRUCTURADA,SEGUNDA PARTE,ROTC,24/11/2026,CONFIRMADA,3361085,0,24/07/2020,24/07/2040,4.8,MINISTERIO DE HACIENDA,HACIENDA,65415
DO1005208322,MHUS2040,HACIENDA/6.75 BOEST 20400724 GTIA,260000,USD,260,4.70711405,120.586142,25/09/2026,09:27:49 AM,ESTRUCTURADA,PRIMERA PARTE,ROTC,25/09/2026,CONFIRMADA,3361085,0,24/07/2020,24/07/2040,4.8,MINISTERIO DE HACIENDA,HACIENDA,65520
DO2016300124,BC1GUL01,GULFSTREAM/11.25 BO 20290528,140134,DOP,140134,12.05888395,98.461303,25/09/2026,09:27:48 AM,PRESTAMO,SEGUNDA PARTE,ROTC,24/03/2027,CONFIRMADA,3361303,0,28/05/2019,28/05/2029,7.95,GULFSTREAM PETROLEUM DOMINICANA S DE RL,GULFSTREAM,62286
DO2016300124,BC1GUL01,GULFSTREAM/11.25 BO 20290528,140134,DOP,140134,11.24629327,99.999946,25/09/2026,09:27:48 AM,PRESTAMO,PRIMERA PARTE,ROTC,25/09/2026,CONFIRMADA,3361303,0,28/05/2019,28/05/2029,7.95,GULFSTREAM PETROLEUM DOMINICANA S DE RL,GULFSTREAM,62517
DO2016300124,BC1GUL01,GULFSTREAM/11.25 BO 20290528,140134,DOP,140134,12.05888395,98.461303,25/09/2026,09:27:47 AM,ESTRUCTURADA,SEGUNDA PARTE,ROTC,24/03/2027,CONFIRMADA,3361216,0,28/05/2019,28/05/2029,7.95,GULFSTREAM PETROLEUM DOMINICANA S DE RL,GULFSTREAM,64379
DO2016300124,BC1GUL01,GULFSTREAM/11.25 BO 20290528,140134,DOP,140134,11.24629327,99.999946,25/09/2026,09:27:47 AM,ESTRUCTURADA,PRIMERA PARTE,ROTC,25/09/2026,CONFIRMADA,3361216,0,28/05/2019,28/05/2029,7.95,GULFSTREAM PETROLEUM DOMINICANA S DE RL,GULFSTREAM,64610
DO2016300124,BC1GUL01,GULFSTREAM/11.25 BO 20290528,98858,DOP,98858,10.56069508,101.535207,25/09/2026,09:27:46 AM,PRESTAMO,SEGUNDA PARTE,ROTC,26/10/2026,CONFIRMADA,3361301,0,28/05/2019,28/05/2029,7.6,GULFSTREAM PETROLEUM DOMINICANA S DE RL,GULFSTREAM,62146
DO2016300124,BC1GUL01,GULFSTREAM/11.25 BO 20290528,98858,DOP,98858,10.45809645,101.818691,25/09/2026,09:27:46 AM,PRESTAMO,PRIMERA PARTE,ROTC,25/09/2026,CONFIRMADA,3361301,0,28/05/2019,28/05/2029,7.6,GULFSTREAM PETROLEUM DOMINICANA S DE RL,GULFSTREAM,62349
DO2016300124,BC1GUL01,GULFSTREAM/11.25 BO 20290528,98858,DOP,98858,10.56069508,101.535207,25/09/2026,09:27:45 AM,ESTRUCTURADA,SEGUNDA PARTE,ROTC,26/10/2026,CONFIRMADA,3361217,0,28/05/2019,28/05/2029,7.6,GULFSTREAM PETROLEUM DOMINICANA S DE RL,GULFSTREAM,64239
DO2016300124,BC1GUL01,GULFSTREAM/11.25 BO 20290528,98858,DOP,98858,10.45809645,101.818691,25/09/2026,09:27:45 AM,ESTRUCTURADA,PRIMERA PARTE,ROTC,25/09/2026,CONFIRMADA,3361217,0,28/05/2019,28/05/2029,7.6,GULFSTREAM PETROLEUM DOMINICANA S DE RL,GULFSTREAM,64442
DO2016300124,BC1GUL01,GULFSTREAM/11.25 BO 20290528,106212,DOP,106212,11.38764059,99.685814,25/09/2026,09:27:44 AM,PRESTAMO,SEGUNDA PARTE,ROTC,26/10/2026,CONFIRMADA,3361298,0,28/05/2019,28/05/2029,7.35,GULFSTREAM PETROLEUM DOMINICANA S DE RL,GULFSTREAM,62314
DO2016300124,BC1GUL01,GULFSTREAM/11.25 BO 20290528,106212,DOP,106212,11.24500107,100.002896,25/09/2026,09:27:44 AM,PRESTAMO,PRIMERA PARTE,ROTC,25/09/2026,CONFIRMADA,3361298,0,28/05/2019,28/05/2029,7.35,GULFSTREAM PETROLEUM DOMINICANA S DE RL,GULFSTREAM,62433
DO2016300124,BC1GUL01,GULFSTREAM/11.25 BO 20290528,106212,DOP,106212,11.38764059,99.685814,25/09/2026,09:27:43 AM,ESTRUCTURADA,SEGUNDA PARTE,ROTC,26/10/2026,CONFIRMADA,3361218,0,28/05/2019,28/05/2029,7.35,GULFSTREAM PETROLEUM DOMINICANA S DE RL,GULFSTREAM,64407
DO2016300124,BC1GUL01,GULFSTREAM/11.25 BO 20290528,106212,DOP,106212,11.24500107,100.002896,25/09/2026,09:27:43 AM,ESTRUCTURADA,PRIMERA PARTE,ROTC,25/09/2026,CONFIRMADA,3361218,0,28/05/2019,28/05/2029,7.35,GULFSTREAM PETROLEUM DOMINICANA S DE RL,GULFSTREAM,64526
DO1002261423,NO301129,BCENTRAL/9.5 BOEST 20291130 GTIA,690000,DOP,69,9.4498621,100.090889,25/09/2026,09:27:42 AM,PRESTAMO,SEGUNDA PARTE,ROTC,24/03/2027,CONFIRMADA,3361296,0,30/11/2025,30/11/2029,8,BANCO CENTRAL DE LA REPUBLICA DOMINICANA,BCENTRAL,62216
DO1002261423,NO301129,BCENTRAL/9.5 BOEST 20291130 GTIA,690000,DOP,69,9.25424991,100.638999,25/09/2026,09:27:42 AM,PRESTAMO,PRIMERA PARTE,ROTC,25/09/2026,CONFIRMADA,3361296,0,30/11/2025,30/11/2029,8,BANCO CENTRAL DE LA REPUBLICA DOMINICANA,BCENTRAL,62741
DO1002261423,NO301129,BCENTRAL/9.5 BOEST 20291130 GTIA,690000,DOP,69,9.4498621,100.090889,25/09/2026,09:27:40 AM,ESTRUCTURADA,SEGUNDA PARTE,ROTC,24/03/2027,CONFIRMADA,3361219,0,30/11/2025,30/11/2029,8,BANCO CENTRAL DE LA REPUBLICA DOMINICANA,BCENTRAL,64302
DO1002261423,NO301129,BCENTRAL/9.5 BOEST 20291130 GTIA,690000,DOP,69,9.25424991,100.638999,25/09/2026,09:27:40 AM,ESTRUCTURADA,PRIMERA PARTE,ROTC,25/09/2026,CONFIRMADA,3361219,0,30/11/2025,30/11/2029,8,BANCO CENTRAL DE LA REPUBLICA DOMINICANA,BCENTRAL,64827
DO1002261423,NO301129,BCENTRAL/9.5 BOEST 20291130 GTIA,290000,DOP,29,8.56573403,102.434812,25/09/2026,09:27:39 AM,PRESTAMO,SEGUNDA PARTE,ROTC,24/11/2026,CONFIRMADA,3361292,0,30/11/2025,30/11/2029,7.9,BANCO CENTRAL DE LA REPUBLICA DOMINICANA,BCENTRAL,62440
DO1002261423,NO301129,BCENTRAL/9.5 BOEST 20291130 GTIA,290000,DOP,29,8.54315354,102.592811,25/09/2026,09:27:39 AM,PRESTAMO,PRIMERA PARTE,ROTC,25/09/2026,CONFIRMADA,3361292,0,30/11/2025,30/11/2029,7.9,BANCO CENTRAL DE LA REPUBLICA DOMINICANA,BCENTRAL,62566
DO1002261423,NO301129,BCENTRAL/9.5 BOEST 20291130 GTIA,290000,DOP,29,8.56573403,102.434812,25/09/2026,09:27:38 AM,ESTRUCTURADA,SEGUNDA PARTE,ROTC,24/11/2026,CONFIRMADA,3361221,0,30/11/2025,30/11/2029,7.9,BANCO CENTRAL DE LA REPUBLICA DOMINICANA,BCENTRAL,64533
DO1002261423,NO301129,BCENTRAL/9.5 BOEST 20291130 GTIA,290000,DOP,29,8.54315354,102.592811,25/09/2026,09:27:38 AM,ESTRUCTURADA,PRIMERA PARTE,ROTC,25/09/2026,CONFIRMADA,3361221,0,30/11/2025,30/11/2029,7.9,BANCO CENTRAL DE LA REPUBLICA DOMINICANA,BCENTRAL,64659
DO1002261423,NO301129,BCENTRAL/9.5 BOEST 20291130 GTIA,750000,DOP,75,9.26124247,100.531216,25/09/2026,09:27:37 AM,PRESTAMO,SEGUNDA PARTE,ROTC,24/03/2027,CONFIRMADA,3361290,0,30/11/2025,30/11/2029,8.75,BANCO CENTRAL DE LA REPUBLICA DOMINICANA,BCENTRAL,62384
DO1002261423,NO301129,BCENTRAL/9.5 BOEST 20291130 GTIA,750000,DOP,75,9.23607781,100.688347,25/09/2026,09:27:37 AM,PRESTAMO,PRIMERA PARTE,ROTC,25/09/2026,CONFIRMADA,3361290,0,30/11/2025,30/11/2029,8.75,BANCO CENTRAL DE LA REPUBLICA DOMINICANA,BCENTRAL,62657
DO1002261423,NO301129,BCENTRAL/9.5 BOEST 20291130 GTIA,750000,DOP,75,9.26124247,100.531216,25/09/2026,09:27:35 AM,ESTRUCTURADA,SEGUNDA PARTE,ROTC,24/03/2027,CONFIRMADA,3361222,0,30/11/2025,30/11/2029,8.75,BANCO CENTRAL DE LA REPUBLICA DOMINICANA,BCENTRAL,64470
DO1002261423,NO301129,BCENTRAL/9.5 BOEST 20291130 GTIA,750000,DOP,75,9.23607781,100.688347,25/09/2026,09:27:35 AM,ESTRUCTURADA,PRIMERA PARTE,ROTC,25/09/2026,CONFIRMADA,3361222,0,30/11/2025,30/11/2029,8.75,BANCO CENTRAL DE LA REPUBLICA DOMINICANA,BCENTRAL,64743
DO1002261423,NO301129,BCENTRAL/9.5 BOEST 20291130 GTIA,750000,DOP,75,9.64422932,99.639689,25/09/2026,09:27:34 AM,PRESTAMO,SEGUNDA PARTE,ROTC,24/03/2027,CONFIRMADA,3361287,0,30/11/2025,30/11/2029,8.85,BANCO CENTRAL DE LA REPUBLICA DOMINICANA,BCENTRAL,62335
DO1002261423,NO301129,BCENTRAL/9.5 BOEST 20291130 GTIA,750000,DOP,75,9.57052739,99.784928,25/09/2026,09:27:34 AM,PRESTAMO,PRIMERA PARTE,ROTC,25/09/2026,CONFIRMADA,3361287,0,30/11/2025,30/11/2029,8.85,BANCO CENTRAL DE LA REPUBLICA DOMINICANA,BCENTRAL,62461
DO1002261423,NO301129,BCENTRAL/9.5 BOEST 20291130 GTIA,750000,DOP,75,9.64422932,99.639689,25/09/2026,09:27:33 AM,ESTRUCTURADA,SEGUNDA PARTE,ROTC,24/03/2027,CONFIRMADA,3361223,0,30/11/2025,30/11/2029,8.85,BANCO CENTRAL DE LA REPUBLICA DOMINICANA,BCENTRAL,64428
DO1002261423,NO301129,BCENTRAL/9.5 BOEST 20291130 GTIA,750000,DOP,75,9.57052739,99.784928,25/09/2026,09:27:33 AM,ESTRUCTURADA,PRIMERA PARTE,ROTC,25/09/2026,CONFIRMADA,3361223,0,30/11/2025,30/11/2029,8.85,BANCO CENTRAL DE LA REPUBLICA DOMINICANA,BCENTRAL,64554
DO1002261423,NO301129,BCENTRAL/9.5 BOEST 20291130 GTIA,280000,DOP,28,8.7374778,102.013838,25/09/2026,09:27:32 AM,PRESTAMO,SEGUNDA PARTE,ROTC,26/10/2026,CONFIRMADA,3361284,0,30/11/2025,30/11/2029,7.65,BANCO CENTRAL DE LA REPUBLICA DOMINICANA,BCENTRAL,62125
DO1002261423,NO301129,BCENTRAL/9.5 BOEST 20291130 GTIA,280000,DOP,28,8.71319836,102.121319,25/09/2026,09:27:32 AM,PRESTAMO,PRIMERA PARTE,ROTC,25/09/2026,CONFIRMADA,3361284,0,30/11/2025,30/11/2029,7.65,BANCO CENTRAL DE LA REPUBLICA DOMINICANA,BCENTRAL,62496
DO1002261423,NO301129,BCENTRAL/9.5 BOEST 20291130 GTIA,280000,DOP,28,8.7374778,102.013838,25/09/2026,09:27:30 AM,ESTRUCTURADA,SEGUNDA PARTE,ROTC,26/10/2026,CONFIRMADA,3361224,0,30/11/2025,30/11/2029,7.65,BANCO CENTRAL DE LA REPUBLICA DOMINICANA,BCENTRAL,64211
DO1002261423,NO301129,BCENTRAL/9.5 BOEST 20291130 GTIA,280000,DOP,28,8.71319836,102.121319,25/09/2026,09:27:30 AM,ESTRUCTURADA,PRIMERA PARTE,ROTC,25/09/2026,CONFIRMADA,3361224,0,30/11/2025,30/11/2029,7.65,BANCO CENTRAL DE LA REPUBLICA DOMINICANA,BCENTRAL,64582
DO2016300124,BC1GUL01,GULFSTREAM/11.25 BO 20290528,110364,DOP,110364,10.56069789,101.5352,25/09/2026,09:27:29 AM,PRESTAMO,SEGUNDA PARTE,ROTC,26/10/2026,CONFIRMADA,3361281,0,28/05/2019,28/05/2029,7.6,GULFSTREAM PETROLEUM DOMINICANA S DE RL,GULFSTREAM,61859
DO2016300124,BC1GUL01,GULFSTREAM/11.25 BO 20290528,110364,DOP,110364,10.45809916,101.818685,25/09/2026,09:27:29 AM,PRESTAMO,PRIMERA PARTE,ROTC,25/09/2026,CONFIRMADA,3361281,0,28/05/2019,28/05/2029,7.6,GULFSTREAM PETROLEUM DOMINICANA S DE RL,GULFSTREAM,62734
DO2016300124,BC1GUL01,GULFSTREAM/11.25 BO 20290528,110364,DOP,110364,10.56069789,101.5352,25/09/2026,09:27:28 AM,ESTRUCTURADA,SEGUNDA PARTE,ROTC,26/10/2026,CONFIRMADA,3361225,0,28/05/2019,28/05/2029,7.6,GULFSTREAM PETROLEUM DOMINICANA S DE RL,GULFSTREAM,63952
DO2016300124,BC1GUL01,GULFSTREAM/11.25 BO 20290528,110364,DOP,110364,10.45809916,101.818685,25/09/2026,09:27:28 AM,ESTRUCTURADA,PRIMERA PARTE,ROTC,25/09/2026,CONFIRMADA,3361225,0,28/05/2019,28/05/2029,7.6,GULFSTREAM PETROLEUM DOMINICANA S DE RL,GULFSTREAM,64827
DO2016300124,BC1GUL01,GULFSTREAM/11.25 BO 20290528,247851,DOP,247851,13.54885645,96.574045,25/09/2026,09:27:27 AM,PRESTAMO,SEGUNDA PARTE,ROTC,20/09/2027,CONFIRMADA,3361279,0,28/05/2019,28/05/2029,7.6,GULFSTREAM PETROLEUM DOMINICANA S DE RL,GULFSTREAM,62517
DO2016300124,BC1GUL01,GULFSTREAM/11.25 BO 20290528,247851,DOP,247851,11.24450018,100.004039,25/09/2026,09:27:27 AM,PRESTAMO,PRIMERA PARTE,ROTC,25/09/2026,CONFIRMADA,3361279,0,28/05/2019,28/05/2029,7.6,GULFSTREAM PETROLEUM DOMINICANA S DE RL,GULFSTREAM,62622
DO2016300124,BC1GUL01,GULFSTREAM/11.25 BO 20290528,247851,DOP,247851,13.54885645,96.574045,25/09/2026,09:27:26 AM,ESTRUCTURADA,SEGUNDA PARTE,ROTC,20/09/2027,CONFIRMADA,3361226,0,28/05/2019,28/05/2029,7.6,GULFSTREAM PETROLEUM DOMINICANA S DE RL,GULFSTREAM,64610
DO2016300124,BC1GUL01,GULFSTREAM/11.25 BO 20290528,247851,DOP,247851,11.24450018,100.004039,25/09/2026,09:27:26 AM,ESTRUCTURADA,PRIMERA PARTE,ROTC,25/09/2026,CONFIRMADA,3361226,0,28/05/2019,28/05/2029,7.6,GULFSTREAM PETROLEUM DOMINICANA S DE RL,GULFSTREAM,64715
DO2016300124,BC1GUL01,GULFSTREAM/11.25 BO 20290528,142902,DOP,142902,12.05655186,98.465679,25/09/2026,09:27:25 AM,PRESTAMO,SEGUNDA PARTE,ROTC,24/03/2027,CONFIRMADA,3361276,0,28/05/2019,28/05/2029,7.95,GULFSTREAM PETROLEUM DOMINICANA S DE RL,GULFSTREAM,62391
DO2016300124,BC1GUL01,GULFSTREAM/11.25 BO 20290528,142902,DOP,142902,11.24445002,100.004154,25/09/2026,09:27:25 AM,PRESTAMO,PRIMERA PARTE,ROTC,25/09/2026,CONFIRMADA,3361276,0,28/05/2019,28/05/2029,7.95,GULFSTREAM PETROLEUM DOMINICANA S DE RL,GULFSTREAM,62447
DO2016300124,BC1GUL01,GULFSTREAM/11.25 BO 20290528,142902,DOP,142902,12.05655186,98.465679,25/09/2026,09:27:23 AM,ESTRUCTURADA,SEGUNDA PARTE,ROTC,24/03/2027,CONFIRMADA,3361227,0,28/05/2019,28/05/2029,7.95,GULFSTREAM PETROLEUM DOMINICANA S DE RL,GULFSTREAM,64477
DO2016300124,BC1GUL01,GULFSTREAM/11.25 BO 20290528,142902,DOP,142902,11.24445002,100.004154,25/09/2026,09:27:23 AM,ESTRUCTURADA,PRIMERA PARTE,ROTC,25/09/2026,CONFIRMADA,3361227,0,28/05/2019,28/05/2029,7.95,GULFSTREAM PETROLEUM DOMINICANA S DE RL,GULFSTREAM,64533
DO2016300124,BC1GUL01,GULFSTREAM/11.25 BO 20290528,207498,DOP,207498,11.38885199,99.683134,25/09/2026,09:27:22 AM,PRESTAMO,SEGUNDA PARTE,ROTC,26/10/2026,CONFIRMADA,3361274,0,28/05/2019,28/05/2029,7.35,GULFSTREAM PETROLEUM DOMINICANA S DE RL,GULFSTREAM,62552
DO2016300124,BC1GUL01,GULFSTREAM/11.25 BO 20290528,207498,DOP,207498,11.24616749,100.000233,25/09/2026,09:27:22 AM,PRESTAMO,PRIMERA PARTE,ROTC,25/09/2026,CONFIRMADA,3361274,0,28/05/2019,28/05/2029,7.35,GULFSTREAM PETROLEUM DOMINICANA S DE RL,GULFSTREAM,62678
DO2016300124,BC1GUL01,GULFSTREAM/11.25 BO 20290528,207498,DOP,207498,11.38885199,99.683134,25/09/2026,09:27:21 AM,ESTRUCTURADA,SEGUNDA PARTE,ROTC,26/10/2026,CONFIRMADA,3361228,0,28/05/2019,28/05/2029,7.35,GULFSTREAM PETROLEUM DOMINICANA S DE RL,GULFSTREAM,64645
DO2016300124,BC1GUL01,GULFSTREAM/11.25 BO 20290528,207498,DOP,207498,11.24616749,100.000233,25/09/2026,09:27:21 AM,ESTRUCTURADA,PRIMERA PARTE,ROTC,25/09/2026,CONFIRMADA,3361228,0,28/05/2019,28/05/2029,7.35,GULFSTREAM PETROLEUM DOMINICANA S DE RL,GULFSTREAM,64771
DO2006901311,BC1ITA01,EGEITABO/5.65 BO 20311208,4936,USD,4936,5.2672014,101.705899,25/09/2026,09:27:20 AM,PRESTAMO,SEGUNDA PARTE,ROTC,26/10/2026,CONFIRMADA,3361271,0,08/12/2021,08/12/2031,4,"EMPRESA GENERADORA DE ELECTRICIDAD ITABO, S.A.",EGEITABO,58898
DO2006901311,BC1ITA01,EGEITABO/5.65 BO 20311208,4936,USD,4936,5.24476487,101.834094,25/09/2026,09:27:20 AM,PRESTAMO,PRIMERA PARTE,ROTC,25/09/2026,CONFIRMADA,3361271,0,08/12/2021,08/12/2031,4,"EMPRESA GENERADORA DE ELECTRICIDAD ITABO, S.A.",EGEITABO,59416
DO2006901311,BC1ITA01,EGEITABO/5.65 BO 20311208,4936,USD,4936,5.2672014,101.705899,25/09/2026,09:27:19 AM,ESTRUCTURADA,SEGUNDA PARTE,ROTC,26/10/2026,CONFIRMADA,3361229,0,08/12/2021,08/12/2031,4,"EMPRESA GENERADORA DE ELECTRICIDAD ITABO, S.A.",EGEITABO,61054
DO2006901311,BC1ITA01,EGEITABO/5.65 BO 20311208,4936,USD,4936,5.24476487,101.834094,25/09/2026,09:27:19 AM,ESTRUCTURADA,PRIMERA PARTE,ROTC,25/09/2026,CONFIRMADA,3361229,0,08/12/2021,08/12/2031,4,"EMPRESA GENERADORA DE ELECTRICIDAD ITABO, S.A.",EGEITABO,61572
DO1002261423,NO301129,BCENTRAL/9.5 BOEST 20291130 GTIA,700000,DOP,70,9.13386842,100.946423,25/09/2026,09:27:18 AM,PRESTAMO,SEGUNDA PARTE,ROTC,11/11/2026,CONFIRMADA,3361269,0,30/11/2025,30/11/2029,7.4,BANCO CENTRAL DE LA REPUBLICA DOMINICANA,BCENTRAL,62384
DO1002261423,NO301129,BCENTRAL/9.5 BOEST 20291130 GTIA,700000,DOP,70,9.06549635,101.153057,25/09/2026,09:27:18 AM,PRESTAMO,PRIMERA PARTE,ROTC,25/09/2026,CONFIRMADA,3361269,0,30/11/2025,30/11/2029,7.4,BANCO CENTRAL DE LA REPUBLICA DOMINICANA,BCENTRAL,62510
DO1002261423,NO301129,BCENTRAL/9.5 BOEST 20291130 GTIA,700000,DOP,70,9.13386842,100.946423,25/09/2026,09:27:17 AM,ESTRUCTURADA,SEGUNDA PARTE,ROTC,11/11/2026,CONFIRMADA,3361230,0,30/11/2025,30/11/2029,7.4,BANCO CENTRAL DE LA REPUBLICA DOMINICANA,BCENTRAL,64477
DO1002261423,NO301129,BCENTRAL/9.5 BOEST 20291130 GTIA,700000,DOP,70,9.06549635,101.153057,25/09/2026,09:27:17 AM,ESTRUCTURADA,PRIMERA PARTE,ROTC,25/09/2026,CONFIRMADA,3361230,0,30/11/2025,30/11/2029,7.4,BANCO CENTRAL DE LA REPUBLICA DOMINICANA,BCENTRAL,64603
DO2016300124,BC1GUL01,GULFSTREAM/11.25 BO 20290528,122638,DOP,122638,11.38891087,99.683004,25/09/2026,09:27:15 AM,PRESTAMO,SEGUNDA PARTE,ROTC,26/10/2026,CONFIRMADA,3361266,0,28/05/2019,28/05/2029,7.35,GULFSTREAM PETROLEUM DOMINICANA S DE RL,GULFSTREAM,62377
DO2016300124,BC1GUL01,GULFSTREAM/11.25 BO 20290528,122638,DOP,122638,11.24622418,100.000104,25/09/2026,09:27:15 AM,PRESTAMO,PRIMERA PARTE,ROTC,25/09/2026,CONFIRMADA,3361266,0,28/05/2019,28/05/2029,7.35,GULFSTREAM PETROLEUM DOMINICANA S DE RL,GULFSTREAM,62489
DO2016300124,BC1GUL01,GULFSTREAM/11.25 BO 20290528,122638,DOP,122638,11.38891087,99.683004,25/09/2026,09:27:14 AM,ESTRUCTURADA,SEGUNDA PARTE,ROTC,26/10/2026,CONFIRMADA,3361231,0,28/05/2019,28/05/2029,7.35,GULFSTREAM PETROLEUM DOMINICANA S DE RL,GULFSTREAM,64470
DO2016300124,BC1GUL01,GULFSTREAM/11.25 BO 20290528,122638,DOP,122638,11.24622418,100.000104,25/09/2026,09:27:14 AM,ESTRUCTURADA,PRIMERA PARTE,ROTC,25/09/2026,CONFIRMADA,3361231,0,28/05/2019,28/05/2029,7.35,GULFSTREAM PETROLEUM DOMINICANA S DE RL,GULFSTREAM,64582
DO1002261423,NO301129,BCENTRAL/9.5 BOEST 20291130 GTIA,390000,DOP,39,8.74809184,101.985216,25/09/2026,09:27:13 AM,PRESTAMO,SEGUNDA PARTE,ROTC,26/10/2026,CONFIRMADA,3361263,0,30/11/2025,30/11/2029,8.6,BANCO CENTRAL DE LA REPUBLICA DOMINICANA,BCENTRAL,62517
DO1002261423,NO301129,BCENTRAL/9.5 BOEST 20291130 GTIA,390000,DOP,39,8.75439162,102.007507,25/09/2026,09:27:13 AM,PRESTAMO,PRIMERA PARTE,ROTC,25/09/2026,CONFIRMADA,3361263,0,30/11/2025,30/11/2029,8.6,BANCO CENTRAL DE LA REPUBLICA DOMINICANA,BCENTRAL,62524
DO1002261423,NO301129,BCENTRAL/9.5 BOEST 20291130 GTIA,390000,DOP,39,8.74809184,101.985216,25/09/2026,09:27:12 AM,ESTRUCTURADA,SEGUNDA PARTE,ROTC,26/10/2026,CONFIRMADA,3361232,0,30/11/2025,30/11/2029,8.6,BANCO CENTRAL DE LA REPUBLICA DOMINICANA,BCENTRAL,64610
DO1002261423,NO301129,BCENTRAL/9.5 BOEST 20291130 GTIA,390000,DOP,39,8.75439162,102.007507,25/09/2026,09:27:12 AM,ESTRUCTURADA,PRIMERA PARTE,ROTC,25/09/2026,CONFIRMADA,3361232,0,30/11/2025,30/11/2029,8.6,BANCO CENTRAL DE LA REPUBLICA DOMINICANA,BCENTRAL,64617
DO1002261423,NO301129,BCENTRAL/9.5 BOEST 20291130 GTIA,300000,DOP,30,9.4300214,100.137092,25/09/2026,09:27:10 AM,PRESTAMO,SEGUNDA PARTE,ROTC,24/03/2027,CONFIRMADA,3361260,0,30/11/2025,30/11/2029,8,BANCO CENTRAL DE LA REPUBLICA DOMINICANA,BCENTRAL,61789
DO1002261423,NO301129,BCENTRAL/9.5 BOEST 20291130 GTIA,300000,DOP,30,9.23789004,100.683424,25/09/2026,09:27:10 AM,PRESTAMO,PRIMERA PARTE,ROTC,25/09/2026,CONFIRMADA,3361260,0,30/11/2025,30/11/2029,8,BANCO CENTRAL DE LA REPUBLICA DOMINICANA,BCENTRAL,62398
DO1002261423,NO301129,BCENTRAL/9.5 BOEST 20291130 GTIA,300000,DOP,30,9.4300214,100.137092,25/09/2026,09:27:09 AM,ESTRUCTURADA,SEGUNDA PARTE,ROTC,24/03/2027,CONFIRMADA,3361233,0,30/11/2025,30/11/2029,8,BANCO CENTRAL DE LA REPUBLICA DOMINICANA,BCENTRAL,63945
DO1002261423,NO301129,BCENTRAL/9.5 BOEST 20291130 GTIA,300000,DOP,30,9.23789004,100.683424,25/09/2026,09:27:09 AM,ESTRUCTURADA,PRIMERA PARTE,ROTC,25/09/2026,CONFIRMADA,3361233,0,30/11/2025,30/11/2029,8,BANCO CENTRAL DE LA REPUBLICA DOMINICANA,BCENTRAL,64554
DO1002261423,NO301129,BCENTRAL/9.5 BOEST 20291130 GTIA,320000,DOP,32,9.32961893,100.416267,25/09/2026,09:27:08 AM,PRESTAMO,SEGUNDA PARTE,ROTC,24/12/2026,CONFIRMADA,3361257,0,30/11/2025,30/11/2029,6.9,BANCO CENTRAL DE LA REPUBLICA DOMINICANA,BCENTRAL,62412
DO1002261423,NO301129,BCENTRAL/9.5 BOEST 20291130 GTIA,320000,DOP,32,9.13775823,100.95587,25/09/2026,09:27:08 AM,PRESTAMO,PRIMERA PARTE,ROTC,25/09/2026,CONFIRMADA,3361257,0,30/11/2025,30/11/2029,6.9,BANCO CENTRAL DE LA REPUBLICA DOMINICANA,BCENTRAL,62209
DO1002261423,NO301129,BCENTRAL/9.5 BOEST 20291130 GTIA,320000,DOP,32,9.32961893,100.416267,25/09/2026,09:27:07 AM,ESTRUCTURADA,SEGUNDA PARTE,ROTC,24/12/2026,CONFIRMADA,3361234,0,30/11/2025,30/11/2029,6.9,BANCO CENTRAL DE LA REPUBLICA DOMINICANA,BCENTRAL,64505
DO1002261423,NO301129,BCENTRAL/9.5 BOEST 20291130 GTIA,320000,DOP,32,9.13775823,100.95587,25/09/2026,09:27:07 AM,ESTRUCTURADA,PRIMERA PARTE,ROTC,25/09/2026,CONFIRMADA,3361234,0,30/11/2025,30/11/2029,6.9,BANCO CENTRAL DE LA REPUBLICA DOMINICANA,BCENTRAL,64302
DO2016300124,BC1GUL01,GULFSTREAM/11.25 BO 20290528,198289,DOP,198289,10.40321112,101.788789,25/09/2026,09:27:05 AM,PRESTAMO,SEGUNDA PARTE,ROTC,24/12/2026,CONFIRMADA,3361254,0,28/05/2019,28/05/2029,6.85,GULFSTREAM PETROLEUM DOMINICANA S DE RL,GULFSTREAM,62769
DO2016300124,BC1GUL01,GULFSTREAM/11.25 BO 20290528,198289,DOP,198289,11.24632734,99.999868,25/09/2026,09:27:05 AM,PRESTAMO,PRIMERA PARTE,ROTC,25/09/2026,CONFIRMADA,3361254,0,28/05/2019,28/05/2029,6.85,GULFSTREAM PETROLEUM DOMINICANA S DE RL,GULFSTREAM,62797
DO2016300124,BC1GUL01,GULFSTREAM/11.25 BO 20290528,198289,DOP,198289,10.40321112,101.788789,25/09/2026,09:27:04 AM,ESTRUCTURADA,SEGUNDA PARTE,ROTC,24/12/2026,CONFIRMADA,3361235,0,28/05/2019,28/05/2029,6.85,GULFSTREAM PETROLEUM DOMINICANA S DE RL,GULFSTREAM,64862
DO2016300124,BC1GUL01,GULFSTREAM/11.25 BO 20290528,198289,DOP,198289,11.24632734,99.999868,25/09/2026,09:27:04 AM,ESTRUCTURADA,PRIMERA PARTE,ROTC,25/09/2026,CONFIRMADA,3361235,0,28/05/2019,28/05/2029,6.85,GULFSTREAM PETROLEUM DOMINICANA S DE RL,GULFSTREAM,64890
DO1002261423,NO301129,BCENTRAL/9.5 BOEST 20291130 GTIA,670000,DOP,67,9.53175075,99.89948,25/09/2026,09:27:03 AM,PRESTAMO,SEGUNDA PARTE,ROTC,26/10/2026,CONFIRMADA,3361251,0,30/11/2025,30/11/2029,8.6,BANCO CENTRAL DE LA REPUBLICA DOMINICANA,BCENTRAL,61964
DO1002261423,NO301129,BCENTRAL/9.5 BOEST 20291130 GTIA,670000,DOP,67,9.51392742,99.937103,25/09/2026,09:27:03 AM,PRESTAMO,PRIMERA PARTE,ROTC,25/09/2026,CONFIRMADA,3361251,0,30/11/2025,30/11/2029,8.6,BANCO CENTRAL DE LA REPUBLICA DOMINICANA,BCENTRAL,62307
DO1002261423,NO301129,BCENTRAL/9.5 BOEST 20291130 GTIA,670000,DOP,67,9.53175075,99.89948,25/09/2026,09:27:01 AM,ESTRUCTURADA,SEGUNDA PARTE,ROTC,26/10/2026,CONFIRMADA,3361236,0,30/11/2025,30/11/2029,8.6,BANCO CENTRAL DE LA REPUBLICA DOMINICANA,BCENTRAL,64050
DO1002261423,NO301129,BCENTRAL/9.5 BOEST 20291130 GTIA,670000,DOP,67,9.51392742,99.937103,25/09/2026,09:27:01 AM,ESTRUCTURADA,PRIMERA PARTE,ROTC,25/09/2026,CONFIRMADA,3361236,0,30/11/2025,30/11/2029,8.6,BANCO CENTRAL DE LA REPUBLICA DOMINICANA,BCENTRAL,64393
DO2016300124,BC1GUL01,GULFSTREAM/11.25 BO 20290528,222425,DOP,222425,11.3888984,99.683031,25/09/2026,09:27:00 AM,PRESTAMO,SEGUNDA PARTE,ROTC,26/10/2026,CONFIRMADA,3361249,0,28/05/2019,28/05/2029,7.35,GULFSTREAM PETROLEUM DOMINICANA S DE RL,GULFSTREAM,61957
DO2016300124,BC1GUL01,GULFSTREAM/11.25 BO 20290528,222425,DOP,222425,11.24621217,100.000131,25/09/2026,09:27:00 AM,PRESTAMO,PRIMERA PARTE,ROTC,25/09/2026,CONFIRMADA,3361249,0,28/05/2019,28/05/2029,7.35,GULFSTREAM PETROLEUM DOMINICANA S DE RL,GULFSTREAM,62349
DO2016300124,BC1GUL01,GULFSTREAM/11.25 BO 20290528,222425,DOP,222425,11.3888984,99.683031,25/09/2026,09:26:59 AM,ESTRUCTURADA,SEGUNDA PARTE,ROTC,26/10/2026,CONFIRMADA,3361237,0,28/05/2019,28/05/2029,7.35,GULFSTREAM PETROLEUM DOMINICANA S DE RL,GULFSTREAM,64148
DO2016300124,BC1GUL01,GULFSTREAM/11.25 BO 20290528,222425,DOP,222425,11.24621217,100.000131,25/09/2026,09:26:59 AM,ESTRUCTURADA,PRIMERA PARTE,ROTC,25/09/2026,CONFIRMADA,3361237,0,28/05/2019,28/05/2029,7.35,GULFSTREAM PETROLEUM DOMINICANA S DE RL,GULFSTREAM,64540
DO2016300124,BC1GUL01,GULFSTREAM/11.25 BO 20290528,122825,DOP,122825,11.46254628,99.529705,25/09/2026,09:26:58 AM,PRESTAMO,SEGUNDA PARTE,ROTC,10/11/2026,CONFIRMADA,3361248,0,28/05/2019,28/05/2029,7.35,GULFSTREAM PETROLEUM DOMINICANA S DE RL,GULFSTREAM,62349
DO2016300124,BC1GUL01,GULFSTREAM/11.25 BO 20290528,122825,DOP,122825,11.24616498,100.000239,25/09/2026,09:26:58 AM,PRESTAMO,PRIMERA PARTE,ROTC,25/09/2026,CONFIRMADA,3361248,0,28/05/2019,28/05/2029,7.35,GULFSTREAM PETROLEUM DOMINICANA S DE RL,GULFSTREAM,62643
DO2016300124,BC1GUL01,GULFSTREAM/11.25 BO 20290528,122825,DOP,122825,11.46254628,99.529705,25/09/2026,09:26:57 AM,ESTRUCTURADA,SEGUNDA PARTE,ROTC,10/11/2026,CONFIRMADA,3361238,0,28/05/2019,28/05/2029,7.35,GULFSTREAM PETROLEUM DOMINICANA S DE RL,GULFSTREAM,64442
DO2016300124,BC1GUL01,GULFSTREAM/11.25 BO 20290528,122825,DOP,122825,11.24616498,100.000239,25/09/2026,09:26:57 AM,ESTRUCTURADA,PRIMERA PARTE,ROTC,25/09/2026,CONFIRMADA,3361238,0,28/05/2019,28/05/2029,7.35,GULFSTREAM PETROLEUM DOMINICANA S DE RL,GULFSTREAM,64736
DO1002261423,NO301129,BCENTRAL/9.5 BOEST 20291130 GTIA,290000,DOP,29,8.90243652,101.570145,25/09/2026,09:26:56 AM,PRESTAMO,SEGUNDA PARTE,ROTC,26/10/2026,CONFIRMADA,3361247,0,30/11/2025,30/11/2029,8.6,BANCO CENTRAL DE LA REPUBLICA DOMINICANA,BCENTRAL,62412
DO1002261423,NO301129,BCENTRAL/9.5 BOEST 20291130 GTIA,290000,DOP,29,8.90400008,101.595487,25/09/2026,09:26:56 AM,PRESTAMO,PRIMERA PARTE,ROTC,25/09/2026,CONFIRMADA,3361247,0,30/11/2025,30/11/2029,8.6,BANCO CENTRAL DE LA REPUBLICA DOMINICANA,BCENTRAL,62566
DO1002261423,NO301129,BCENTRAL/9.5 BOEST 20291130 GTIA,290000,DOP,29,8.90243652,101.570145,25/09/2026,09:26:55 AM,ESTRUCTURADA,SEGUNDA PARTE,ROTC,26/10/2026,CONFIRMADA,3361239,0,30/11/2025,30/11/2029,8.6,BANCO CENTRAL DE LA REPUBLICA DOMINICANA,BCENTRAL,64505
DO1002261423,NO301129,BCENTRAL/9.5 BOEST 20291130 GTIA,290000,DOP,29,8.90400008,101.595487,25/09/2026,09:26:55 AM,ESTRUCTURADA,PRIMERA PARTE,ROTC,25/09/2026,CONFIRMADA,3361239,0,30/11/2025,30/11/2029,8.6,BANCO CENTRAL DE LA REPUBLICA DOMINICANA,BCENTRAL,64659
DO1005204412,MH12029,HACIENDA/11.375 BOEST 20290706 GTIA,2700000,DOP,27,7.7355296,107.44943,25/09/2026,09:26:54 AM,PRESTAMO,SEGUNDA PARTE,ROTC,24/03/2027,CONFIRMADA,3361246,0,06/07/2014,06/07/2029,8.05,MINISTERIO DE HACIENDA,HACIENDA,62587
DO1005204412,MH12029,HACIENDA/11.375 BOEST 20290706 GTIA,2700000,DOP,27,7.85912806,108.586797,25/09/2026,09:26:54 AM,PRESTAMO,PRIMERA PARTE,ROTC,25/09/2026,CONFIRMADA,3361246,0,06/07/2014,06/07/2029,8.05,MINISTERIO DE HACIENDA,HACIENDA,63511
DO1005204412,MH12029,HACIENDA/11.375 BOEST 20290706 GTIA,2700000,DOP,27,7.7355296,107.44943,25/09/2026,09:26:53 AM,ESTRUCTURADA,SEGUNDA PARTE,ROTC,24/03/2027,CONFIRMADA,3361240,0,06/07/2014,06/07/2029,8.05,MINISTERIO DE HACIENDA,HACIENDA,64680
DO1005204412,MH12029,HACIENDA/11.375 BOEST 20290706 GTIA,2700000,DOP,27,7.85912806,108.586797,25/09/2026,09:26:53 AM,ESTRUCTURADA,PRIMERA PARTE,ROTC,25/09/2026,CONFIRMADA,3361240,0,06/07/2014,06/07/2029,8.05,MINISTERIO DE HACIENDA,HACIENDA,65604
DO1002261423,NO301129,BCENTRAL/9.5 BOEST 20291130 GTIA,1640000,DOP,164,9.49893408,99.999238,25/09/2026,09:26:52 AM,PRESTAMO,SEGUNDA PARTE,ROTC,24/11/2026,CONFIRMADA,3361245,0,30/11/2025,30/11/2029,6.95,BANCO CENTRAL DE LA REPUBLICA DOMINICANA,BCENTRAL,63056
DO1002261423,NO301129,BCENTRAL/9.5 BOEST 20291130 GTIA,1640000,DOP,164,9.3607198,100.350473,25/09/2026,09:26:52 AM,PRESTAMO,PRIMERA PARTE,ROTC,25/09/2026,CONFIRMADA,3361245,0,30/11/2025,30/11/2029,6.95,BANCO CENTRAL DE LA REPUBLICA DOMINICANA,BCENTRAL,62853
DO1002261423,NO301129,BCENTRAL/9.5 BOEST 20291130 GTIA,1640000,DOP,164,9.49893408,99.999238,25/09/2026,09:26:50 AM,ESTRUCTURADA,SEGUNDA PARTE,ROTC,24/11/2026,CONFIRMADA,3361241,0,30/11/2025,30/11/2029,6.95,BANCO CENTRAL DE LA REPUBLICA DOMINICANA,BCENTRAL,65142
DO1002261423,NO301129,BCENTRAL/9.5 BOEST 20291130 GTIA,1640000,DOP,164,9.3607198,100.350473,25/09/2026,09:26:50 AM,ESTRUCTURADA,PRIMERA PARTE,ROTC,25/09/2026,CONFIRMADA,3361241,0,30/11/2025,30/11/2029,6.95,BANCO CENTRAL DE LA REPUBLICA DOMINICANA,BCENTRAL,64939
DO1005204412,MH12029,HACIENDA/11.375 BOEST 20290706 GTIA,11800000,DOP,118,7.96000888,106.965672,25/09/2026,09:26:49 AM,PRESTAMO,SEGUNDA PARTE,ROTC,24/03/2027,CONFIRMADA,3361244,0,06/07/2014,06/07/2029,8.95,MINISTERIO DE HACIENDA,HACIENDA,64057
DO1005204412,MH12029,HACIENDA/11.375 BOEST 20290706 GTIA,11800000,DOP,118,8.22480581,107.645176,25/09/2026,09:26:49 AM,PRESTAMO,PRIMERA PARTE,ROTC,25/09/2026,CONFIRMADA,3361244,0,06/07/2014,06/07/2029,8.95,MINISTERIO DE HACIENDA,HACIENDA,64071
DO1005204412,MH12029,HACIENDA/11.375 BOEST 20290706 GTIA,11800000,DOP,118,7.96000888,106.965672,25/09/2026,09:26:48 AM,ESTRUCTURADA,SEGUNDA PARTE,ROTC,24/03/2027,CONFIRMADA,3361242,0,06/07/2014,06/07/2029,8.95,MINISTERIO DE HACIENDA,HACIENDA,66150
DO1005204412,MH12029,HACIENDA/11.375 BOEST 20290706 GTIA,11800000,DOP,118,8.22480581,107.645176,25/09/2026,09:26:48 AM,ESTRUCTURADA,PRIMERA PARTE,ROTC,25/09/2026,CONFIRMADA,3361242,0,06/07/2014,06/07/2029,8.95,MINISTERIO DE HACIENDA,HACIENDA,66164
DO2016300124,BC1GUL01,GULFSTREAM/11.25 BO 20290528,106677,DOP,106677,10.5608255,101.534912,25/09/2026,09:26:47 AM,PRESTAMO,SEGUNDA PARTE,ROTC,26/10/2026,CONFIRMADA,3361243,0,28/05/2019,28/05/2029,7.6,GULFSTREAM PETROLEUM DOMINICANA S DE RL,GULFSTREAM,62286
DO2016300124,BC1GUL01,GULFSTREAM/11.25 BO 20290528,106677,DOP,106677,10.45822206,101.818398,25/09/2026,09:26:47 AM,PRESTAMO,PRIMERA PARTE,ROTC,25/09/2026,CONFIRMADA,3361243,0,28/05/2019,28/05/2029,7.6,GULFSTREAM PETROLEUM DOMINICANA S DE RL,GULFSTREAM,62811
DO2016300124,BC1GUL01,GULFSTREAM/11.25 BO 20290528,106677,DOP,106677,10.5608255,101.534912,25/09/2026,09:26:46 AM,ESTRUCTURADA,SEGUNDA PARTE,ROTC,26/10/2026,CONFIRMADA,3361220,0,28/05/2019,28/05/2029,7.6,GULFSTREAM PETROLEUM DOMINICANA S DE RL,GULFSTREAM,64379
DO2016300124,BC1GUL01,GULFSTREAM/11.25 BO 20290528,106677,DOP,106677,10.45822206,101.818398,25/09/2026,09:26:46 AM,ESTRUCTURADA,PRIMERA PARTE,ROTC,25/09/2026,CONFIRMADA,3361220,0,28/05/2019,28/05/2029,7.6,GULFSTREAM PETROLEUM DOMINICANA S DE RL,GULFSTREAM,64904
