idIsinCodeFk,mnemonicCode,fisnCode,nominalAmount,currencyCode,stockQuantity,operationYield,operationPrice,operationDate,operationHour,operationType,operationPart,settlementSystem,settlementDate,operationState,idMechanismOperationPk,indSendOtcApp,issuanceDate,expirationDate,operationRate,issuerName,shortName,checkDigit
USP3579EDB04,BSRD2038, ,60000,USD,60,6.74,95.263113,21/09/2026,06:30:16 PM,CONTADO,PRIMERA PARTE,ROTC,22/09/2026,CONFIRMADA,3355986,0,17/02/2026,17/05/2038,0,MINISTERIO DE HACIENDA,HACIENDA,46620
USP3579EDB04,BSRD2038, ,60000,USD,60,6.4077019,97.881717,21/09/2026,06:29:18 PM,CONTADO,PRIMERA PARTE,ROTC,22/09/2026,CONFIRMADA,3355987,0,17/02/2026,17/05/2038,0,MINISTERIO DE HACIENDA,HACIENDA,48615
DO1002261621,NO010230,BCENTRAL/9.5 BOEST 20300201 GTIA,2400000,DOP,240,9.41110822,100.228927,21/09/2026,06:28:05 PM,CONTADO,PRIMERA PARTE,ROTC,22/09/2026,CONFIRMADA,3355985,0,01/02/2026,01/02/2030,0,BANCO CENTRAL DE LA REPUBLICA DOMINICANA,BCENTRAL,62272
DO1002261621,NO010230,BCENTRAL/9.5 BOEST 20300201 GTIA,100000,DOP,10,9.39999986,100.260373,21/09/2026,06:19:12 PM,CONTADO,PRIMERA PARTE,ROTC,22/09/2026,CONFIRMADA,3355942,0,01/02/2026,01/02/2030,0,BANCO CENTRAL DE LA REPUBLICA DOMINICANA,BCENTRAL,61754
DO1002261621,NO010230,BCENTRAL/9.5 BOEST 20300201 GTIA,100000,DOP,10,9.15000004,100.971347,21/09/2026,06:17:40 PM,CONTADO,PRIMERA PARTE,ROTC,22/09/2026,CONFIRMADA,3355943,0,01/02/2026,01/02/2030,0,BANCO CENTRAL DE LA REPUBLICA DOMINICANA,BCENTRAL,61453
USP3579ECX33,BSDR2055, ,157000,USD,157,7.05999997,101.089253,21/09/2026,06:12:22 PM,CONTADO,PRIMERA PARTE,ROTC,22/09/2026,CONFIRMADA,3355748,0,24/02/2025,24/02/2055,0,MINISTERIO DE HACIENDA,HACIENDA,50197
USP3579ECX33,BSDR2055, ,157000,USD,157,7.05106522,101.199253,21/09/2026,06:11:12 PM,CONTADO,PRIMERA PARTE,ROTC,22/09/2026,CONFIRMADA,3355749,0,24/02/2025,24/02/2055,0,MINISTERIO DE HACIENDA,HACIENDA,49945
DO1005205716,MHUS2027,HACIENDA/6 BOEST 20270305 GTIA,4000,USD,4,-18.224,103.071,21/09/2026,06:08:50 PM,PRESTAMO,SEGUNDA PARTE,ROTC,21/01/2027,CONFIRMADA,3355993,0,05/09/2016,05/03/2027,3.85,MINISTERIO DE HACIENDA,HACIENDA,58618
DO1005205716,MHUS2027,HACIENDA/6 BOEST 20270305 GTIA,4000,USD,4,-2.1967,103.70875,21/09/2026,06:08:50 PM,PRESTAMO,PRIMERA PARTE,ROTC,23/09/2026,CONFIRMADA,3355993,0,05/09/2016,05/03/2027,3.85,MINISTERIO DE HACIENDA,HACIENDA,59605
DO1005205716,MHUS2027,HACIENDA/6 BOEST 20270305 GTIA,4000,USD,4,-18.224,103.071,21/09/2026,06:08:49 PM,ESTRUCTURADA,SEGUNDA PARTE,ROTC,21/01/2027,CONFIRMADA,3355759,0,05/09/2016,05/03/2027,3.85,MINISTERIO DE HACIENDA,HACIENDA,60774
DO1005205716,MHUS2027,HACIENDA/6 BOEST 20270305 GTIA,4000,USD,4,-2.1967,103.70875,21/09/2026,06:08:49 PM,ESTRUCTURADA,PRIMERA PARTE,ROTC,23/09/2026,CONFIRMADA,3355759,0,05/09/2016,05/03/2027,3.85,MINISTERIO DE HACIENDA,HACIENDA,61761
DO1002261423,NO301129,BCENTRAL/9.5 BOEST 20291130 GTIA,10000,DOP,1,8.5739,102.1585,21/09/2026,06:05:56 PM,PRESTAMO,SEGUNDA PARTE,ROTC,23/03/2027,CONFIRMADA,3355992,0,30/11/2025,30/11/2029,7.35,BANCO CENTRAL DE LA REPUBLICA DOMINICANA,BCENTRAL,59556
DO1002261423,NO301129,BCENTRAL/9.5 BOEST 20291130 GTIA,10000,DOP,1,10.0934,98.3889,21/09/2026,06:05:56 PM,PRESTAMO,PRIMERA PARTE,ROTC,22/09/2026,CONFIRMADA,3355992,0,30/11/2025,30/11/2029,7.35,BANCO CENTRAL DE LA REPUBLICA DOMINICANA,BCENTRAL,59703
DO1002261423,NO301129,BCENTRAL/9.5 BOEST 20291130 GTIA,10000,DOP,1,8.5739,102.1585,21/09/2026,06:05:55 PM,ESTRUCTURADA,SEGUNDA PARTE,ROTC,23/03/2027,CONFIRMADA,3355753,0,30/11/2025,30/11/2029,7.35,BANCO CENTRAL DE LA REPUBLICA DOMINICANA,BCENTRAL,61649
DO1002261423,NO301129,BCENTRAL/9.5 BOEST 20291130 GTIA,10000,DOP,1,10.0934,98.3889,21/09/2026,06:05:55 PM,ESTRUCTURADA,PRIMERA PARTE,ROTC,22/09/2026,CONFIRMADA,3355753,0,30/11/2025,30/11/2029,7.35,BANCO CENTRAL DE LA REPUBLICA DOMINICANA,BCENTRAL,61796
DO1002261423,NO301129,BCENTRAL/9.5 BOEST 20291130 GTIA,20000,DOP,2,22.4724,71.7729,21/09/2026,06:04:14 PM,PRESTAMO,SEGUNDA PARTE,ROTC,08/10/2026,CONFIRMADA,3355991,0,30/11/2025,30/11/2029,4.95,BANCO CENTRAL DE LA REPUBLICA DOMINICANA,BCENTRAL,59521
DO1002261423,NO301129,BCENTRAL/9.5 BOEST 20291130 GTIA,20000,DOP,2,22.1937,72.00545,21/09/2026,06:04:14 PM,PRESTAMO,PRIMERA PARTE,ROTC,23/09/2026,CONFIRMADA,3355991,0,30/11/2025,30/11/2029,4.95,BANCO CENTRAL DE LA REPUBLICA DOMINICANA,BCENTRAL,59906
DO1002261423,NO301129,BCENTRAL/9.5 BOEST 20291130 GTIA,20000,DOP,2,22.4724,71.7729,21/09/2026,06:04:12 PM,ESTRUCTURADA,SEGUNDA PARTE,ROTC,08/10/2026,CONFIRMADA,3355752,0,30/11/2025,30/11/2029,4.95,BANCO CENTRAL DE LA REPUBLICA DOMINICANA,BCENTRAL,61607
DO1002261423,NO301129,BCENTRAL/9.5 BOEST 20291130 GTIA,20000,DOP,2,22.1937,72.00545,21/09/2026,06:04:12 PM,ESTRUCTURADA,PRIMERA PARTE,ROTC,23/09/2026,CONFIRMADA,3355752,0,30/11/2025,30/11/2029,4.95,BANCO CENTRAL DE LA REPUBLICA DOMINICANA,BCENTRAL,61992
USP3579ECN50,BSRD2033, ,4000,USD,4,6,101.318,21/09/2026,06:02:47 PM,PLAZO,PRIMERA PARTE,ROTC,25/09/2026,CONFIRMADA,3355990,0,22/02/2022,22/02/2033,0,MINISTERIO DE HACIENDA,HACIENDA,43246
USP3579ECE51,BSRD2049,"DOMINICAN, REP /6.4 BD 20490605",174000,USD,174,4.8285,121.47869,21/09/2026,06:00:02 PM,ESTRUCTURADA,SEGUNDA PARTE,ROTC,22/10/2026,CONFIRMADA,3355983,0,05/06/2019,05/06/2049,4.45,MINISTERIO DE HACIENDA,HACIENDA,63238
USP3579ECE51,BSRD2049,"DOMINICAN, REP /6.4 BD 20490605",174000,USD,174,4.8263,121.554209,21/09/2026,06:00:02 PM,ESTRUCTURADA,PRIMERA PARTE,ROTC,22/09/2026,CONFIRMADA,3355983,0,05/06/2019,05/06/2049,4.45,MINISTERIO DE HACIENDA,HACIENDA,63602
USP3579ECE51,BSRD2049,"DOMINICAN, REP /6.4 BD 20490605",174000,USD,174,4.8285,121.47869,21/09/2026,06:00:01 PM,PRESTAMO,SEGUNDA PARTE,ROTC,22/10/2026,CONFIRMADA,3355984,0,05/06/2019,05/06/2049,1.904574,MINISTERIO DE HACIENDA,HACIENDA,61131
USP3579ECE51,BSRD2049,"DOMINICAN, REP /6.4 BD 20490605",174000,USD,174,4.8263,121.554209,21/09/2026,06:00:01 PM,PRESTAMO,PRIMERA PARTE,ROTC,22/09/2026,CONFIRMADA,3355984,0,05/06/2019,05/06/2049,1.904574,MINISTERIO DE HACIENDA,HACIENDA,61495
DO1005206516,MH32028,HACIENDA/10.75 BOEST 20280811 GTIA,3600000,DOP,36,10.3502,100.599549,21/09/2026,05:58:50 PM,PRESTAMO,SEGUNDA PARTE,ROTC,20/11/2026,CONFIRMADA,3355969,0,10/08/2018,11/08/2028,2.652068,MINISTERIO DE HACIENDA,HACIENDA,61768
DO1005206516,MH32028,HACIENDA/10.75 BOEST 20280811 GTIA,3600000,DOP,36,10.2424,100.85602,21/09/2026,05:58:50 PM,PRESTAMO,PRIMERA PARTE,ROTC,22/09/2026,CONFIRMADA,3355969,0,10/08/2018,11/08/2028,2.652068,MINISTERIO DE HACIENDA,HACIENDA,61432
DO1005206516,MH32028,HACIENDA/10.75 BOEST 20280811 GTIA,3600000,DOP,36,10.3502,100.599549,21/09/2026,05:58:38 PM,ESTRUCTURADA,SEGUNDA PARTE,ROTC,20/11/2026,CONFIRMADA,3355968,0,10/08/2018,11/08/2028,8.85,MINISTERIO DE HACIENDA,HACIENDA,63910
DO1005206516,MH32028,HACIENDA/10.75 BOEST 20280811 GTIA,3600000,DOP,36,10.2424,100.85602,21/09/2026,05:58:38 PM,ESTRUCTURADA,PRIMERA PARTE,ROTC,22/09/2026,CONFIRMADA,3355968,0,10/08/2018,11/08/2028,8.85,MINISTERIO DE HACIENDA,HACIENDA,63574
DO1005205716,MHUS2027,HACIENDA/6 BOEST 20270305 GTIA,106000,USD,106,-10.653,102.10267,21/09/2026,05:57:46 PM,PRESTAMO,SEGUNDA PARTE,ROTC,20/01/2027,CONFIRMADA,3355989,0,05/09/2016,05/03/2027,3.95,MINISTERIO DE HACIENDA,HACIENDA,60760
DO1005205716,MHUS2027,HACIENDA/6 BOEST 20270305 GTIA,106000,USD,106,-0.0498,102.719132,21/09/2026,05:57:46 PM,PRESTAMO,PRIMERA PARTE,ROTC,22/09/2026,CONFIRMADA,3355989,0,05/09/2016,05/03/2027,3.95,MINISTERIO DE HACIENDA,HACIENDA,61313
DO1005205716,MHUS2027,HACIENDA/6 BOEST 20270305 GTIA,106000,USD,106,-10.653,102.10267,21/09/2026,05:57:44 PM,ESTRUCTURADA,SEGUNDA PARTE,ROTC,20/01/2027,CONFIRMADA,3355750,0,05/09/2016,05/03/2027,3.95,MINISTERIO DE HACIENDA,HACIENDA,62846
DO1005205716,MHUS2027,HACIENDA/6 BOEST 20270305 GTIA,106000,USD,106,-0.0498,102.719132,21/09/2026,05:57:44 PM,ESTRUCTURADA,PRIMERA PARTE,ROTC,22/09/2026,CONFIRMADA,3355750,0,05/09/2016,05/03/2027,3.95,MINISTERIO DE HACIENDA,HACIENDA,63399
DO2018100324,BC1AES03,AESTRELLA/11.25 BO 20301130,331442,DOP,331442,11.5336,99.071889,21/09/2026,05:57:37 PM,ESTRUCTURADA,SEGUNDA PARTE,ROTC,22/10/2026,CONFIRMADA,3355981,0,30/11/2020,30/11/2030,8.55,ACERO ESTRELLA S A,AESTRELLA,62174
DO2018100324,BC1AES03,AESTRELLA/11.25 BO 20301130,331442,DOP,331442,11.465,99.284096,21/09/2026,05:57:37 PM,ESTRUCTURADA,PRIMERA PARTE,ROTC,22/09/2026,CONFIRMADA,3355981,0,30/11/2020,30/11/2030,8.55,ACERO ESTRELLA S A,AESTRELLA,61915
DO2018100324,BC1AES03,AESTRELLA/11.25 BO 20301130,331442,DOP,331442,11.5336,99.071889,21/09/2026,05:57:36 PM,PRESTAMO,SEGUNDA PARTE,ROTC,22/10/2026,CONFIRMADA,3355982,0,30/11/2020,30/11/2030,1.411398,ACERO ESTRELLA S A,AESTRELLA,60067
DO2018100324,BC1AES03,AESTRELLA/11.25 BO 20301130,331442,DOP,331442,11.465,99.284096,21/09/2026,05:57:36 PM,PRESTAMO,PRIMERA PARTE,ROTC,22/09/2026,CONFIRMADA,3355982,0,30/11/2020,30/11/2030,1.411398,ACERO ESTRELLA S A,AESTRELLA,59808
DO2018100324,BC1AES03,AESTRELLA/11.25 BO 20301130,1546978,DOP,1546978,11.6145,98.838754,21/09/2026,05:57:17 PM,PRESTAMO,SEGUNDA PARTE,ROTC,23/11/2026,CONFIRMADA,3355967,0,30/11/2020,30/11/2030,2.173614,ACERO ESTRELLA S A,AESTRELLA,61068
DO2018100324,BC1AES03,AESTRELLA/11.25 BO 20301130,1546978,DOP,1546978,11.4745,99.253298,21/09/2026,05:57:17 PM,PRESTAMO,PRIMERA PARTE,ROTC,23/09/2026,CONFIRMADA,3355967,0,30/11/2020,30/11/2030,2.173614,ACERO ESTRELLA S A,AESTRELLA,61173
DO2018100324,BC1AES03,AESTRELLA/11.25 BO 20301130,1546978,DOP,1546978,11.6145,98.838754,21/09/2026,05:57:10 PM,ESTRUCTURADA,SEGUNDA PARTE,ROTC,23/11/2026,CONFIRMADA,3355966,0,30/11/2020,30/11/2030,8.65,ACERO ESTRELLA S A,AESTRELLA,63119
DO2018100324,BC1AES03,AESTRELLA/11.25 BO 20301130,1546978,DOP,1546978,11.4745,99.253298,21/09/2026,05:57:10 PM,ESTRUCTURADA,PRIMERA PARTE,ROTC,23/09/2026,CONFIRMADA,3355966,0,30/11/2020,30/11/2030,8.65,ACERO ESTRELLA S A,AESTRELLA,63224
DO2018100324,BC1AES03,AESTRELLA/11.25 BO 20301130,1290093,DOP,1290093,11.5995,98.883135,21/09/2026,05:57:00 PM,PRESTAMO,SEGUNDA PARTE,ROTC,20/11/2026,CONFIRMADA,3355965,0,30/11/2020,30/11/2030,2.096867,ACERO ESTRELLA S A,AESTRELLA,60802
DO2018100324,BC1AES03,AESTRELLA/11.25 BO 20301130,1290093,DOP,1290093,11.465,99.284089,21/09/2026,05:57:00 PM,PRESTAMO,PRIMERA PARTE,ROTC,22/09/2026,CONFIRMADA,3355965,0,30/11/2020,30/11/2030,2.096867,ACERO ESTRELLA S A,AESTRELLA,60529
DO2018100324,BC1AES03,AESTRELLA/11.25 BO 20301130,1290093,DOP,1290093,11.5995,98.883135,21/09/2026,05:56:51 PM,ESTRUCTURADA,SEGUNDA PARTE,ROTC,20/11/2026,CONFIRMADA,3355964,0,30/11/2020,30/11/2030,8.65,ACERO ESTRELLA S A,AESTRELLA,62937
DO2018100324,BC1AES03,AESTRELLA/11.25 BO 20301130,1290093,DOP,1290093,11.465,99.284089,21/09/2026,05:56:51 PM,ESTRUCTURADA,PRIMERA PARTE,ROTC,22/09/2026,CONFIRMADA,3355964,0,30/11/2020,30/11/2030,8.65,ACERO ESTRELLA S A,AESTRELLA,62664
DO2016300223,BC1GUL02,GULFSTREAM/11.15 BO 20290624,168467,DOP,168467,10.1636,102.02718,21/09/2026,05:55:21 PM,ESTRUCTURADA,SEGUNDA PARTE,ROTC,19/02/2027,CONFIRMADA,3355979,0,24/06/2019,24/06/2029,9.05,GULFSTREAM PETROLEUM DOMINICANA S DE RL,GULFSTREAM,62986
DO2016300223,BC1GUL02,GULFSTREAM/11.15 BO 20290624,168467,DOP,168467,12.3425,97.248352,21/09/2026,05:55:21 PM,ESTRUCTURADA,PRIMERA PARTE,ROTC,22/09/2026,CONFIRMADA,3355979,0,24/06/2019,24/06/2029,9.05,GULFSTREAM PETROLEUM DOMINICANA S DE RL,GULFSTREAM,63182
DO2016300223,BC1GUL02,GULFSTREAM/11.15 BO 20290624,168467,DOP,168467,10.1636,102.02718,21/09/2026,05:55:20 PM,PRESTAMO,SEGUNDA PARTE,ROTC,19/02/2027,CONFIRMADA,3355980,0,24/06/2019,24/06/2029,6.28328,GULFSTREAM PETROLEUM DOMINICANA S DE RL,GULFSTREAM,60879
DO2016300223,BC1GUL02,GULFSTREAM/11.15 BO 20290624,168467,DOP,168467,12.3425,97.248352,21/09/2026,05:55:20 PM,PRESTAMO,PRIMERA PARTE,ROTC,22/09/2026,CONFIRMADA,3355980,0,24/06/2019,24/06/2029,6.28328,GULFSTREAM PETROLEUM DOMINICANA S DE RL,GULFSTREAM,61075
DO1005205716,MHUS2027,HACIENDA/6 BOEST 20270305 GTIA,9000,USD,9,17.635,98.629556,21/09/2026,05:55:16 PM,PRESTAMO,SEGUNDA PARTE,ROTC,20/01/2027,CONFIRMADA,3355988,0,05/09/2016,05/03/2027,4.2,MINISTERIO DE HACIENDA,HACIENDA,59360
DO1005205716,MHUS2027,HACIENDA/6 BOEST 20270305 GTIA,9000,USD,9,7.7496,99.209222,21/09/2026,05:55:16 PM,PRESTAMO,PRIMERA PARTE,ROTC,22/09/2026,CONFIRMADA,3355988,0,05/09/2016,05/03/2027,4.2,MINISTERIO DE HACIENDA,HACIENDA,59458
DO1005205716,MHUS2027,HACIENDA/6 BOEST 20270305 GTIA,9000,USD,9,17.635,98.629556,21/09/2026,05:55:15 PM,ESTRUCTURADA,SEGUNDA PARTE,ROTC,20/01/2027,CONFIRMADA,3355706,0,05/09/2016,05/03/2027,4.2,MINISTERIO DE HACIENDA,HACIENDA,61453
DO1005205716,MHUS2027,HACIENDA/6 BOEST 20270305 GTIA,9000,USD,9,7.7496,99.209222,21/09/2026,05:55:15 PM,ESTRUCTURADA,PRIMERA PARTE,ROTC,22/09/2026,CONFIRMADA,3355706,0,05/09/2016,05/03/2027,4.2,MINISTERIO DE HACIENDA,HACIENDA,61551
DO2016300223,BC1GUL02,GULFSTREAM/11.15 BO 20290624,26824,DOP,26824,11.281,99.699635,21/09/2026,05:53:21 PM,PRESTAMO,SEGUNDA PARTE,ROTC,20/11/2026,CONFIRMADA,3355963,0,24/06/2019,24/06/2029,4.131957,GULFSTREAM PETROLEUM DOMINICANA S DE RL,GULFSTREAM,59878
DO2016300223,BC1GUL02,GULFSTREAM/11.15 BO 20290624,26824,DOP,26824,12.3421,97.24938,21/09/2026,05:53:21 PM,PRESTAMO,PRIMERA PARTE,ROTC,22/09/2026,CONFIRMADA,3355963,0,24/06/2019,24/06/2029,4.131957,GULFSTREAM PETROLEUM DOMINICANA S DE RL,GULFSTREAM,59906
DO2016300223,BC1GUL02,GULFSTREAM/11.15 BO 20290624,26824,DOP,26824,11.281,99.699635,21/09/2026,05:53:13 PM,ESTRUCTURADA,SEGUNDA PARTE,ROTC,20/11/2026,CONFIRMADA,3355962,0,24/06/2019,24/06/2029,8.8,GULFSTREAM PETROLEUM DOMINICANA S DE RL,GULFSTREAM,61985
DO2016300223,BC1GUL02,GULFSTREAM/11.15 BO 20290624,26824,DOP,26824,12.3421,97.24938,21/09/2026,05:53:13 PM,ESTRUCTURADA,PRIMERA PARTE,ROTC,22/09/2026,CONFIRMADA,3355962,0,24/06/2019,24/06/2029,8.8,GULFSTREAM PETROLEUM DOMINICANA S DE RL,GULFSTREAM,62013
USP3579ECG00,BSRD2060,DOMINICAN REP/5.875 BD 20600130 U,2000,USD,2,4.2586,128.56,21/09/2026,05:53:05 PM,PRESTAMO,SEGUNDA PARTE,ROTC,07/12/2026,CONFIRMADA,3355961,0,30/01/2020,30/01/2060,1.539135,MINISTERIO DE HACIENDA,HACIENDA,59514
USP3579ECG00,BSRD2060,DOMINICAN REP/5.875 BD 20600130 U,2000,USD,2,4.2595,128.621889,21/09/2026,05:53:05 PM,PRESTAMO,PRIMERA PARTE,ROTC,22/09/2026,CONFIRMADA,3355961,0,30/01/2020,30/01/2060,1.539135,MINISTERIO DE HACIENDA,HACIENDA,61103
USP3579ECG00,BSRD2060,DOMINICAN REP/5.875 BD 20600130 U,2000,USD,2,4.2586,128.56,21/09/2026,05:52:51 PM,ESTRUCTURADA,SEGUNDA PARTE,ROTC,07/12/2026,CONFIRMADA,3355960,0,30/01/2020,30/01/2060,4.25,MINISTERIO DE HACIENDA,HACIENDA,61614
USP3579ECG00,BSRD2060,DOMINICAN REP/5.875 BD 20600130 U,2000,USD,2,4.2595,128.621889,21/09/2026,05:52:51 PM,ESTRUCTURADA,PRIMERA PARTE,ROTC,22/09/2026,CONFIRMADA,3355960,0,30/01/2020,30/01/2060,4.25,MINISTERIO DE HACIENDA,HACIENDA,63203
DO1005205716,MHUS2027,HACIENDA/6 BOEST 20270305 GTIA,23000,USD,23,-7.8218,105.289478,21/09/2026,05:51:54 PM,PRESTAMO,SEGUNDA PARTE,ROTC,22/10/2026,CONFIRMADA,3355978,0,05/09/2016,05/03/2027,4.65,MINISTERIO DE HACIENDA,HACIENDA,60606
DO1005205716,MHUS2027,HACIENDA/6 BOEST 20270305 GTIA,23000,USD,23,-5.5861,105.373217,21/09/2026,05:51:54 PM,PRESTAMO,PRIMERA PARTE,ROTC,22/09/2026,CONFIRMADA,3355978,0,05/09/2016,05/03/2027,4.65,MINISTERIO DE HACIENDA,HACIENDA,60613
DO1005205716,MHUS2027,HACIENDA/6 BOEST 20270305 GTIA,23000,USD,23,-7.8218,105.289478,21/09/2026,05:51:52 PM,ESTRUCTURADA,SEGUNDA PARTE,ROTC,22/10/2026,CONFIRMADA,3355705,0,05/09/2016,05/03/2027,4.65,MINISTERIO DE HACIENDA,HACIENDA,62692
DO1005205716,MHUS2027,HACIENDA/6 BOEST 20270305 GTIA,23000,USD,23,-5.5861,105.373217,21/09/2026,05:51:52 PM,ESTRUCTURADA,PRIMERA PARTE,ROTC,22/09/2026,CONFIRMADA,3355705,0,05/09/2016,05/03/2027,4.65,MINISTERIO DE HACIENDA,HACIENDA,62699
DO2018100324,BC1AES03,AESTRELLA/11.25 BO 20301130,30751,DOP,30751,10.7179,101.67019,21/09/2026,05:51:28 PM,ESTRUCTURADA,SEGUNDA PARTE,ROTC,05/01/2027,CONFIRMADA,3355974,0,30/11/2020,30/11/2030,9.55,ACERO ESTRELLA S A,AESTRELLA,61320
DO2018100324,BC1AES03,AESTRELLA/11.25 BO 20301130,30751,DOP,30751,11.4646,99.2856,21/09/2026,05:51:28 PM,ESTRUCTURADA,PRIMERA PARTE,ROTC,22/09/2026,CONFIRMADA,3355974,0,30/11/2020,30/11/2030,9.55,ACERO ESTRELLA S A,AESTRELLA,60830
DO2018100324,BC1AES03,AESTRELLA/11.25 BO 20301130,30751,DOP,30751,10.7179,101.67019,21/09/2026,05:51:27 PM,PRESTAMO,SEGUNDA PARTE,ROTC,05/01/2027,CONFIRMADA,3355975,0,30/11/2020,30/11/2030,3.399676,ACERO ESTRELLA S A,AESTRELLA,59213
DO2018100324,BC1AES03,AESTRELLA/11.25 BO 20301130,30751,DOP,30751,11.4646,99.2856,21/09/2026,05:51:27 PM,PRESTAMO,PRIMERA PARTE,ROTC,22/09/2026,CONFIRMADA,3355975,0,30/11/2020,30/11/2030,3.399676,ACERO ESTRELLA S A,AESTRELLA,58723
DO1005205716,MHUS2027,HACIENDA/6 BOEST 20270305 GTIA,6000,USD,6,5.1778,100.263833,21/09/2026,05:49:48 PM,PRESTAMO,SEGUNDA PARTE,ROTC,26/10/2026,CONFIRMADA,3355977,0,05/09/2016,05/03/2027,3.25,MINISTERIO DE HACIENDA,HACIENDA,59619
DO1005205716,MHUS2027,HACIENDA/6 BOEST 20270305 GTIA,6000,USD,6,4.8133,100.491167,21/09/2026,05:49:48 PM,PRESTAMO,PRIMERA PARTE,ROTC,25/09/2026,CONFIRMADA,3355977,0,05/09/2016,05/03/2027,3.25,MINISTERIO DE HACIENDA,HACIENDA,59689
DO1005205716,MHUS2027,HACIENDA/6 BOEST 20270305 GTIA,6000,USD,6,5.1778,100.263833,21/09/2026,05:49:47 PM,ESTRUCTURADA,SEGUNDA PARTE,ROTC,26/10/2026,CONFIRMADA,3355704,0,05/09/2016,05/03/2027,3.25,MINISTERIO DE HACIENDA,HACIENDA,61712
DO1005205716,MHUS2027,HACIENDA/6 BOEST 20270305 GTIA,6000,USD,6,4.8133,100.491167,21/09/2026,05:49:47 PM,ESTRUCTURADA,PRIMERA PARTE,ROTC,25/09/2026,CONFIRMADA,3355704,0,05/09/2016,05/03/2027,3.25,MINISTERIO DE HACIENDA,HACIENDA,61782
DO2018100324,BC1AES03,AESTRELLA/11.25 BO 20301130,17482,DOP,17482,11.4985,99.181959,21/09/2026,05:48:43 PM,PRESTAMO,SEGUNDA PARTE,ROTC,16/10/2026,CONFIRMADA,3355973,0,30/11/2020,30/11/2030,1.337127,ACERO ESTRELLA S A,AESTRELLA,59535
DO2018100324,BC1AES03,AESTRELLA/11.25 BO 20301130,17482,DOP,17482,11.4648,99.285033,21/09/2026,05:48:43 PM,PRESTAMO,PRIMERA PARTE,ROTC,22/09/2026,CONFIRMADA,3355973,0,30/11/2020,30/11/2030,1.337127,ACERO ESTRELLA S A,AESTRELLA,59521
DO2018100324,BC1AES03,AESTRELLA/11.25 BO 20301130,17482,DOP,17482,11.4985,99.181959,21/09/2026,05:48:42 PM,ESTRUCTURADA,SEGUNDA PARTE,ROTC,16/10/2026,CONFIRMADA,3355972,0,30/11/2020,30/11/2030,9.55,ACERO ESTRELLA S A,AESTRELLA,61628
DO2018100324,BC1AES03,AESTRELLA/11.25 BO 20301130,17482,DOP,17482,11.4648,99.285033,21/09/2026,05:48:42 PM,ESTRUCTURADA,PRIMERA PARTE,ROTC,22/09/2026,CONFIRMADA,3355972,0,30/11/2020,30/11/2030,9.55,ACERO ESTRELLA S A,AESTRELLA,61614
DO1005205716,MHUS2027,HACIENDA/6 BOEST 20270305 GTIA,102000,USD,102,0.6697,101.846422,21/09/2026,05:48:07 PM,PRESTAMO,SEGUNDA PARTE,ROTC,29/10/2026,CONFIRMADA,3355976,0,05/09/2016,05/03/2027,4.65,MINISTERIO DE HACIENDA,HACIENDA,60914
DO1005205716,MHUS2027,HACIENDA/6 BOEST 20270305 GTIA,102000,USD,102,1.4377,101.94301,21/09/2026,05:48:07 PM,PRESTAMO,PRIMERA PARTE,ROTC,29/09/2026,CONFIRMADA,3355976,0,05/09/2016,05/03/2027,4.65,MINISTERIO DE HACIENDA,HACIENDA,60592
DO1005205716,MHUS2027,HACIENDA/6 BOEST 20270305 GTIA,102000,USD,102,0.6697,101.846422,21/09/2026,05:48:06 PM,ESTRUCTURADA,SEGUNDA PARTE,ROTC,29/10/2026,CONFIRMADA,3355701,0,05/09/2016,05/03/2027,4.65,MINISTERIO DE HACIENDA,HACIENDA,63007
DO1005205716,MHUS2027,HACIENDA/6 BOEST 20270305 GTIA,102000,USD,102,1.4377,101.94301,21/09/2026,05:48:06 PM,ESTRUCTURADA,PRIMERA PARTE,ROTC,29/09/2026,CONFIRMADA,3355701,0,05/09/2016,05/03/2027,4.65,MINISTERIO DE HACIENDA,HACIENDA,62685
DO2016300223,BC1GUL02,GULFSTREAM/11.15 BO 20290624,134181,DOP,134181,10.1636,102.027113,21/09/2026,05:46:06 PM,ESTRUCTURADA,SEGUNDA PARTE,ROTC,19/02/2027,CONFIRMADA,3355970,0,24/06/2019,24/06/2029,9.05,GULFSTREAM PETROLEUM DOMINICANA S DE RL,GULFSTREAM,63119
DO2016300223,BC1GUL02,GULFSTREAM/11.15 BO 20290624,134181,DOP,134181,12.3426,97.248285,21/09/2026,05:46:06 PM,ESTRUCTURADA,PRIMERA PARTE,ROTC,22/09/2026,CONFIRMADA,3355970,0,24/06/2019,24/06/2029,9.05,GULFSTREAM PETROLEUM DOMINICANA S DE RL,GULFSTREAM,63049
DO2016300223,BC1GUL02,GULFSTREAM/11.15 BO 20290624,134181,DOP,134181,10.1636,102.027113,21/09/2026,05:46:05 PM,PRESTAMO,SEGUNDA PARTE,ROTC,19/02/2027,CONFIRMADA,3355971,0,24/06/2019,24/06/2029,6.283282,GULFSTREAM PETROLEUM DOMINICANA S DE RL,GULFSTREAM,61012
DO2016300223,BC1GUL02,GULFSTREAM/11.15 BO 20290624,134181,DOP,134181,12.3426,97.248285,21/09/2026,05:46:05 PM,PRESTAMO,PRIMERA PARTE,ROTC,22/09/2026,CONFIRMADA,3355971,0,24/06/2019,24/06/2029,6.283282,GULFSTREAM PETROLEUM DOMINICANA S DE RL,GULFSTREAM,60942
DO2018100324,BC1AES03,AESTRELLA/11.25 BO 20301130,5818738,DOP,5818738,11.5323,99.076058,21/09/2026,05:43:51 PM,ESTRUCTURADA,SEGUNDA PARTE,ROTC,22/10/2026,CONFIRMADA,3355955,0,30/11/2020,30/11/2030,8.6,ACERO ESTRELLA S A,AESTRELLA,63028
DO2018100324,BC1AES03,AESTRELLA/11.25 BO 20301130,5818738,DOP,5818738,11.465,99.284099,21/09/2026,05:43:51 PM,ESTRUCTURADA,PRIMERA PARTE,ROTC,22/09/2026,CONFIRMADA,3355955,0,30/11/2020,30/11/2030,8.6,ACERO ESTRELLA S A,AESTRELLA,62867
DO2018100324,BC1AES03,AESTRELLA/11.25 BO 20301130,5818738,DOP,5818738,11.5323,99.076058,21/09/2026,05:43:50 PM,PRESTAMO,SEGUNDA PARTE,ROTC,22/10/2026,CONFIRMADA,3355956,0,30/11/2020,30/11/2030,1.415476,ACERO ESTRELLA S A,AESTRELLA,60921
DO2018100324,BC1AES03,AESTRELLA/11.25 BO 20301130,5818738,DOP,5818738,11.465,99.284099,21/09/2026,05:43:50 PM,PRESTAMO,PRIMERA PARTE,ROTC,22/09/2026,CONFIRMADA,3355956,0,30/11/2020,30/11/2030,1.415476,ACERO ESTRELLA S A,AESTRELLA,60760
DO1002261423,NO301129,BCENTRAL/9.5 BOEST 20291130 GTIA,10000,DOP,1,-5.2823,150.6335,21/09/2026,05:41:45 PM,PRESTAMO,SEGUNDA PARTE,ROTC,22/10/2026,CONFIRMADA,3355959,0,30/11/2025,30/11/2029,8.05,BANCO CENTRAL DE LA REPUBLICA DOMINICANA,BCENTRAL,59745
DO1002261423,NO301129,BCENTRAL/9.5 BOEST 20291130 GTIA,10000,DOP,1,-4.904,150.3792,21/09/2026,05:41:45 PM,PRESTAMO,PRIMERA PARTE,ROTC,22/09/2026,CONFIRMADA,3355959,0,30/11/2025,30/11/2029,8.05,BANCO CENTRAL DE LA REPUBLICA DOMINICANA,BCENTRAL,59535
DO1002261423,NO301129,BCENTRAL/9.5 BOEST 20291130 GTIA,10000,DOP,1,-5.2823,150.6335,21/09/2026,05:41:44 PM,ESTRUCTURADA,SEGUNDA PARTE,ROTC,22/10/2026,CONFIRMADA,3355699,0,30/11/2025,30/11/2029,8.05,BANCO CENTRAL DE LA REPUBLICA DOMINICANA,BCENTRAL,61838
DO1002261423,NO301129,BCENTRAL/9.5 BOEST 20291130 GTIA,10000,DOP,1,-4.904,150.3792,21/09/2026,05:41:44 PM,ESTRUCTURADA,PRIMERA PARTE,ROTC,22/09/2026,CONFIRMADA,3355699,0,30/11/2025,30/11/2029,8.05,BANCO CENTRAL DE LA REPUBLICA DOMINICANA,BCENTRAL,61628
DO2018100324,BC1AES03,AESTRELLA/11.25 BO 20301130,821077,DOP,821077,11.5336,99.071914,21/09/2026,05:41:29 PM,ESTRUCTURADA,SEGUNDA PARTE,ROTC,22/10/2026,CONFIRMADA,3355953,0,30/11/2020,30/11/2030,8.55,ACERO ESTRELLA S A,AESTRELLA,62167
DO2018100324,BC1AES03,AESTRELLA/11.25 BO 20301130,821077,DOP,821077,11.465,99.284122,21/09/2026,05:41:29 PM,ESTRUCTURADA,PRIMERA PARTE,ROTC,22/09/2026,CONFIRMADA,3355953,0,30/11/2020,30/11/2030,8.55,ACERO ESTRELLA S A,AESTRELLA,61915
DO2018100324,BC1AES03,AESTRELLA/11.25 BO 20301130,821077,DOP,821077,11.5336,99.071914,21/09/2026,05:41:28 PM,PRESTAMO,SEGUNDA PARTE,ROTC,22/10/2026,CONFIRMADA,3355954,0,30/11/2020,30/11/2030,1.411397,ACERO ESTRELLA S A,AESTRELLA,60060
DO2018100324,BC1AES03,AESTRELLA/11.25 BO 20301130,821077,DOP,821077,11.465,99.284122,21/09/2026,05:41:28 PM,PRESTAMO,PRIMERA PARTE,ROTC,22/09/2026,CONFIRMADA,3355954,0,30/11/2020,30/11/2030,1.411397,ACERO ESTRELLA S A,AESTRELLA,59808
DO1002261423,NO301129,BCENTRAL/9.5 BOEST 20291130 GTIA,40000,DOP,4,6.9002,107.085825,21/09/2026,05:39:27 PM,PRESTAMO,SEGUNDA PARTE,ROTC,02/11/2026,CONFIRMADA,3355958,0,30/11/2025,30/11/2029,7.05,BANCO CENTRAL DE LA REPUBLICA DOMINICANA,BCENTRAL,60256
DO1002261423,NO301129,BCENTRAL/9.5 BOEST 20291130 GTIA,40000,DOP,4,6.9133,107.21995,21/09/2026,05:39:27 PM,PRESTAMO,PRIMERA PARTE,ROTC,01/10/2026,CONFIRMADA,3355958,0,30/11/2025,30/11/2029,7.05,BANCO CENTRAL DE LA REPUBLICA DOMINICANA,BCENTRAL,59990
DO1002261423,NO301129,BCENTRAL/9.5 BOEST 20291130 GTIA,40000,DOP,4,6.9002,107.085825,21/09/2026,05:39:26 PM,ESTRUCTURADA,SEGUNDA PARTE,ROTC,02/11/2026,CONFIRMADA,3355700,0,30/11/2025,30/11/2029,7.05,BANCO CENTRAL DE LA REPUBLICA DOMINICANA,BCENTRAL,62349
DO1002261423,NO301129,BCENTRAL/9.5 BOEST 20291130 GTIA,40000,DOP,4,6.9133,107.21995,21/09/2026,05:39:26 PM,ESTRUCTURADA,PRIMERA PARTE,ROTC,01/10/2026,CONFIRMADA,3355700,0,30/11/2025,30/11/2029,7.05,BANCO CENTRAL DE LA REPUBLICA DOMINICANA,BCENTRAL,62083
USP3579ECG00,BSRD2060,DOMINICAN REP/5.875 BD 20600130 U,2000,USD,2,5.5027,105.637,21/09/2026,05:39:16 PM,ESTRUCTURADA,SEGUNDA PARTE,ROTC,20/01/2027,CONFIRMADA,3355951,0,30/01/2020,30/01/2060,4.25,MINISTERIO DE HACIENDA,HACIENDA,61908
USP3579ECG00,BSRD2060,DOMINICAN REP/5.875 BD 20600130 U,2000,USD,2,5.4777,106.048889,21/09/2026,05:39:16 PM,ESTRUCTURADA,PRIMERA PARTE,ROTC,22/09/2026,CONFIRMADA,3355951,0,30/01/2020,30/01/2060,4.25,MINISTERIO DE HACIENDA,HACIENDA,63273
USP3579ECG00,BSRD2060,DOMINICAN REP/5.875 BD 20600130 U,2000,USD,2,5.5027,105.637,21/09/2026,05:39:15 PM,PRESTAMO,SEGUNDA PARTE,ROTC,20/01/2027,CONFIRMADA,3355952,0,30/01/2020,30/01/2060,2.179299,MINISTERIO DE HACIENDA,HACIENDA,59801
USP3579ECG00,BSRD2060,DOMINICAN REP/5.875 BD 20600130 U,2000,USD,2,5.4777,106.048889,21/09/2026,05:39:15 PM,PRESTAMO,PRIMERA PARTE,ROTC,22/09/2026,CONFIRMADA,3355952,0,30/01/2020,30/01/2060,2.179299,MINISTERIO DE HACIENDA,HACIENDA,61166
USP3579ECG00,BSRD2060,DOMINICAN REP/5.875 BD 20600130 U,3000,USD,3,5.4473,106.528667,21/09/2026,05:38:29 PM,PRESTAMO,SEGUNDA PARTE,ROTC,22/10/2026,CONFIRMADA,3355829,0,30/01/2020,30/01/2060,1.123245,MINISTERIO DE HACIENDA,HACIENDA,61019
USP3579ECG00,BSRD2060,DOMINICAN REP/5.875 BD 20600130 U,3000,USD,3,5.4399,106.655389,21/09/2026,05:38:29 PM,PRESTAMO,PRIMERA PARTE,ROTC,22/09/2026,CONFIRMADA,3355829,0,30/01/2020,30/01/2060,1.123245,MINISTERIO DE HACIENDA,HACIENDA,61201
USP3579ECG00,BSRD2060,DOMINICAN REP/5.875 BD 20600130 U,3000,USD,3,5.4473,106.528667,21/09/2026,05:38:18 PM,ESTRUCTURADA,SEGUNDA PARTE,ROTC,22/10/2026,CONFIRMADA,3355828,0,30/01/2020,30/01/2060,4.05,MINISTERIO DE HACIENDA,HACIENDA,63105
USP3579ECG00,BSRD2060,DOMINICAN REP/5.875 BD 20600130 U,3000,USD,3,5.4399,106.655389,21/09/2026,05:38:18 PM,ESTRUCTURADA,PRIMERA PARTE,ROTC,22/09/2026,CONFIRMADA,3355828,0,30/01/2020,30/01/2060,4.05,MINISTERIO DE HACIENDA,HACIENDA,63287
DO2016300223,BC1GUL02,GULFSTREAM/11.15 BO 20290624,150000,DOP,150000,8.893,104.422847,21/09/2026,05:36:18 PM,ESTRUCTURADA,SEGUNDA PARTE,ROTC,20/04/2027,CONFIRMADA,3355947,0,24/06/2019,24/06/2029,9,GULFSTREAM PETROLEUM DOMINICANA S DE RL,GULFSTREAM,62433
DO2016300223,BC1GUL02,GULFSTREAM/11.15 BO 20290624,150000,DOP,150000,12.3425,97.248445,21/09/2026,05:36:18 PM,ESTRUCTURADA,PRIMERA PARTE,ROTC,22/09/2026,CONFIRMADA,3355947,0,24/06/2019,24/06/2029,9,GULFSTREAM PETROLEUM DOMINICANA S DE RL,GULFSTREAM,62874
DO2016300223,BC1GUL02,GULFSTREAM/11.15 BO 20290624,150000,DOP,150000,8.893,104.422847,21/09/2026,05:36:17 PM,PRESTAMO,SEGUNDA PARTE,ROTC,20/04/2027,CONFIRMADA,3355948,0,24/06/2019,24/06/2029,7.600356,GULFSTREAM PETROLEUM DOMINICANA S DE RL,GULFSTREAM,60326
DO2016300223,BC1GUL02,GULFSTREAM/11.15 BO 20290624,150000,DOP,150000,12.3425,97.248445,21/09/2026,05:36:17 PM,PRESTAMO,PRIMERA PARTE,ROTC,22/09/2026,CONFIRMADA,3355948,0,24/06/2019,24/06/2029,7.600356,GULFSTREAM PETROLEUM DOMINICANA S DE RL,GULFSTREAM,60767
USP3579ECG00,BSRD2060,DOMINICAN REP/5.875 BD 20600130 U,2000,USD,2,5.7842,101.3175,21/09/2026,05:36:16 PM,ESTRUCTURADA,SEGUNDA PARTE,ROTC,20/04/2027,CONFIRMADA,3355949,0,30/01/2020,30/01/2060,4.5,MINISTERIO DE HACIENDA,HACIENDA,62265
USP3579ECG00,BSRD2060,DOMINICAN REP/5.875 BD 20600130 U,2000,USD,2,5.9332,99.149389,21/09/2026,05:36:16 PM,ESTRUCTURADA,PRIMERA PARTE,ROTC,22/09/2026,CONFIRMADA,3355949,0,30/01/2020,30/01/2060,4.5,MINISTERIO DE HACIENDA,HACIENDA,62916
USP3579ECG00,BSRD2060,DOMINICAN REP/5.875 BD 20600130 U,2000,USD,2,5.7842,101.3175,21/09/2026,05:36:14 PM,PRESTAMO,SEGUNDA PARTE,ROTC,20/04/2027,CONFIRMADA,3355950,0,30/01/2020,30/01/2060,3.384827,MINISTERIO DE HACIENDA,HACIENDA,60151
USP3579ECG00,BSRD2060,DOMINICAN REP/5.875 BD 20600130 U,2000,USD,2,5.9332,99.149389,21/09/2026,05:36:14 PM,PRESTAMO,PRIMERA PARTE,ROTC,22/09/2026,CONFIRMADA,3355950,0,30/01/2020,30/01/2060,3.384827,MINISTERIO DE HACIENDA,HACIENDA,60802
DO2018100324,BC1AES03,AESTRELLA/11.25 BO 20301130,186941,DOP,186941,10.0243,103.670559,21/09/2026,05:33:49 PM,PRESTAMO,SEGUNDA PARTE,ROTC,20/04/2027,CONFIRMADA,3355827,0,30/11/2020,30/11/2030,5.661714,ACERO ESTRELLA S A,AESTRELLA,60403
DO2018100324,BC1AES03,AESTRELLA/11.25 BO 20301130,186941,DOP,186941,11.4651,99.283949,21/09/2026,05:33:49 PM,PRESTAMO,PRIMERA PARTE,ROTC,22/09/2026,CONFIRMADA,3355827,0,30/11/2020,30/11/2030,5.661714,ACERO ESTRELLA S A,AESTRELLA,60347
DO2018100324,BC1AES03,AESTRELLA/11.25 BO 20301130,186941,DOP,186941,10.0243,103.670559,21/09/2026,05:33:40 PM,ESTRUCTURADA,SEGUNDA PARTE,ROTC,20/04/2027,CONFIRMADA,3355826,0,30/11/2020,30/11/2030,9,ACERO ESTRELLA S A,AESTRELLA,62440
DO2018100324,BC1AES03,AESTRELLA/11.25 BO 20301130,186941,DOP,186941,11.4651,99.283949,21/09/2026,05:33:40 PM,ESTRUCTURADA,PRIMERA PARTE,ROTC,22/09/2026,CONFIRMADA,3355826,0,30/11/2020,30/11/2030,9,ACERO ESTRELLA S A,AESTRELLA,62384
DO2018100324,BC1AES03,AESTRELLA/11.25 BO 20301130,5539954,DOP,5539954,11.5336,99.071887,21/09/2026,05:30:23 PM,ESTRUCTURADA,SEGUNDA PARTE,ROTC,22/10/2026,CONFIRMADA,3355862,0,30/11/2020,30/11/2030,8.55,ACERO ESTRELLA S A,AESTRELLA,63056
DO2018100324,BC1AES03,AESTRELLA/11.25 BO 20301130,5539954,DOP,5539954,11.465,99.284095,21/09/2026,05:30:23 PM,ESTRUCTURADA,PRIMERA PARTE,ROTC,22/09/2026,CONFIRMADA,3355862,0,30/11/2020,30/11/2030,8.55,ACERO ESTRELLA S A,AESTRELLA,62804
DO2018100324,BC1AES03,AESTRELLA/11.25 BO 20301130,5539954,DOP,5539954,11.5336,99.071887,21/09/2026,05:30:22 PM,PRESTAMO,SEGUNDA PARTE,ROTC,22/10/2026,CONFIRMADA,3355863,0,30/11/2020,30/11/2030,1.411397,ACERO ESTRELLA S A,AESTRELLA,60949
DO2018100324,BC1AES03,AESTRELLA/11.25 BO 20301130,5539954,DOP,5539954,11.465,99.284095,21/09/2026,05:30:22 PM,PRESTAMO,PRIMERA PARTE,ROTC,22/09/2026,CONFIRMADA,3355863,0,30/11/2020,30/11/2030,1.411397,ACERO ESTRELLA S A,AESTRELLA,60697
USP3579ECH82,BSRD2032,"DOMINICAN, REP /4.875 BD 20320923",2247000,USD,2247,6.5,92.045841,21/09/2026,05:30:08 PM,PLAZO,PRIMERA PARTE,ROTC,28/09/2026,CONFIRMADA,3355957,0,23/09/2020,23/09/2032,0,MINISTERIO DE HACIENDA,HACIENDA,60039
DO1005206516,MH32028,HACIENDA/10.75 BOEST 20280811 GTIA,1400000,DOP,14,10.5232,100.353885,21/09/2026,05:29:20 PM,PRESTAMO,SEGUNDA PARTE,ROTC,22/10/2026,CONFIRMADA,3355825,0,10/08/2018,11/08/2028,1.948274,MINISTERIO DE HACIENDA,HACIENDA,61635
DO1005206516,MH32028,HACIENDA/10.75 BOEST 20280811 GTIA,1400000,DOP,14,10.45,100.506829,21/09/2026,05:29:20 PM,PRESTAMO,PRIMERA PARTE,ROTC,23/09/2026,CONFIRMADA,3355825,0,10/08/2018,11/08/2028,1.948274,MINISTERIO DE HACIENDA,HACIENDA,61054
USP3579EAY34,BSRD2044,DOMINICAN Rep/7.45 BD 20440430 GO,250000,USD,250,6.99,104.606991,21/09/2026,05:29:13 PM,CONTADO,PRIMERA PARTE,ROTC,22/09/2026,CONFIRMADA,3355758,0,30/04/2014,30/04/2044,0,MINISTERIO DE HACIENDA,HACIENDA,61810
DO1005206516,MH32028,HACIENDA/10.75 BOEST 20280811 GTIA,1400000,DOP,14,10.5232,100.353885,21/09/2026,05:29:11 PM,ESTRUCTURADA,SEGUNDA PARTE,ROTC,22/10/2026,CONFIRMADA,3355824,0,10/08/2018,11/08/2028,8.55,MINISTERIO DE HACIENDA,HACIENDA,63735
DO1005206516,MH32028,HACIENDA/10.75 BOEST 20280811 GTIA,1400000,DOP,14,10.45,100.506829,21/09/2026,05:29:11 PM,ESTRUCTURADA,PRIMERA PARTE,ROTC,23/09/2026,CONFIRMADA,3355824,0,10/08/2018,11/08/2028,8.55,MINISTERIO DE HACIENDA,HACIENDA,63154
DO1005211227,MH32029,HACIENDA/12.75 BOEST 20290923 GTIA,5800000,DOP,58,7.9649,111.883884,21/09/2026,05:28:16 PM,PRESTAMO,SEGUNDA PARTE,ROTC,25/11/2026,CONFIRMADA,3355818,0,23/09/2022,23/09/2029,1.661868,MINISTERIO DE HACIENDA,HACIENDA,61705
DO1005211227,MH32029,HACIENDA/12.75 BOEST 20290923 GTIA,5800000,DOP,58,8.0836,112.188635,21/09/2026,05:28:16 PM,PRESTAMO,PRIMERA PARTE,ROTC,25/09/2026,CONFIRMADA,3355818,0,23/09/2022,23/09/2029,1.661868,MINISTERIO DE HACIENDA,HACIENDA,61698
DO1005211227,MH32029,HACIENDA/12.75 BOEST 20290923 GTIA,5800000,DOP,58,7.9649,111.883884,21/09/2026,05:28:14 PM,ESTRUCTURADA,SEGUNDA PARTE,ROTC,25/11/2026,CONFIRMADA,3355817,0,23/09/2022,23/09/2029,9.6,MINISTERIO DE HACIENDA,HACIENDA,63791
DO1005211227,MH32029,HACIENDA/12.75 BOEST 20290923 GTIA,5800000,DOP,58,8.0836,112.188635,21/09/2026,05:28:14 PM,ESTRUCTURADA,PRIMERA PARTE,ROTC,25/09/2026,CONFIRMADA,3355817,0,23/09/2022,23/09/2029,9.6,MINISTERIO DE HACIENDA,HACIENDA,63784
DO1005213025,MH22031,HACIENDA/10.25 BOEST 20310209 GTIA,1100000,DOP,11,8.0834,107.585063,21/09/2026,05:28:13 PM,PRESTAMO,SEGUNDA PARTE,ROTC,25/11/2026,CONFIRMADA,3355816,0,09/02/2024,09/02/2031,2.793802,MINISTERIO DE HACIENDA,HACIENDA,61208
DO1005213025,MH22031,HACIENDA/10.25 BOEST 20310209 GTIA,1100000,DOP,11,8.1696,107.527493,21/09/2026,05:28:13 PM,PRESTAMO,PRIMERA PARTE,ROTC,25/09/2026,CONFIRMADA,3355816,0,09/02/2024,09/02/2031,2.793802,MINISTERIO DE HACIENDA,HACIENDA,61390
DO1005213025,MH22031,HACIENDA/10.25 BOEST 20310209 GTIA,1100000,DOP,11,8.0834,107.585063,21/09/2026,05:28:12 PM,ESTRUCTURADA,SEGUNDA PARTE,ROTC,25/11/2026,CONFIRMADA,3355815,0,09/02/2024,09/02/2031,9.6,MINISTERIO DE HACIENDA,HACIENDA,63301
DO1005213025,MH22031,HACIENDA/10.25 BOEST 20310209 GTIA,1100000,DOP,11,8.1696,107.527493,21/09/2026,05:28:12 PM,ESTRUCTURADA,PRIMERA PARTE,ROTC,25/09/2026,CONFIRMADA,3355815,0,09/02/2024,09/02/2031,9.6,MINISTERIO DE HACIENDA,HACIENDA,63483
DO1005208629,MH12031,HACIENDA/8.5 BOEST 20310611 GTIA,10100000,DOP,101,10.0572,94.857935,21/09/2026,05:28:11 PM,ESTRUCTURADA,SEGUNDA PARTE,ROTC,24/11/2026,CONFIRMADA,3355813,0,11/06/2021,11/06/2031,9.55,MINISTERIO DE HACIENDA,HACIENDA,63441
DO1005208629,MH12031,HACIENDA/8.5 BOEST 20310611 GTIA,10100000,DOP,101,10.0492,94.728119,21/09/2026,05:28:11 PM,ESTRUCTURADA,PRIMERA PARTE,ROTC,25/09/2026,CONFIRMADA,3355813,0,11/06/2021,11/06/2031,9.55,MINISTERIO DE HACIENDA,HACIENDA,63504
DO1005208629,MH12031,HACIENDA/8.5 BOEST 20310611 GTIA,10100000,DOP,101,10.0572,94.857935,21/09/2026,05:28:10 PM,PRESTAMO,SEGUNDA PARTE,ROTC,24/11/2026,CONFIRMADA,3355814,0,11/06/2021,11/06/2031,4.102446,MINISTERIO DE HACIENDA,HACIENDA,61334
DO1005208629,MH12031,HACIENDA/8.5 BOEST 20310611 GTIA,10100000,DOP,101,10.0492,94.728119,21/09/2026,05:28:10 PM,PRESTAMO,PRIMERA PARTE,ROTC,25/09/2026,CONFIRMADA,3355814,0,11/06/2021,11/06/2031,4.102446,MINISTERIO DE HACIENDA,HACIENDA,61397
DO2018100324,BC1AES03,AESTRELLA/11.25 BO 20301130,260809,DOP,260809,10.7976,101.404112,21/09/2026,05:27:33 PM,ESTRUCTURADA,SEGUNDA PARTE,ROTC,20/01/2027,CONFIRMADA,3355857,0,30/11/2020,30/11/2030,8.95,ACERO ESTRELLA S A,AESTRELLA,62384
DO2018100324,BC1AES03,AESTRELLA/11.25 BO 20301130,260809,DOP,260809,11.4651,99.284003,21/09/2026,05:27:33 PM,ESTRUCTURADA,PRIMERA PARTE,ROTC,22/09/2026,CONFIRMADA,3355857,0,30/11/2020,30/11/2030,8.95,ACERO ESTRELLA S A,AESTRELLA,62237
DO2018100324,BC1AES03,AESTRELLA/11.25 BO 20301130,260809,DOP,260809,10.7976,101.404112,21/09/2026,05:27:31 PM,PRESTAMO,SEGUNDA PARTE,ROTC,20/01/2027,CONFIRMADA,3355858,0,30/11/2020,30/11/2030,3.585326,ACERO ESTRELLA S A,AESTRELLA,60270
DO2018100324,BC1AES03,AESTRELLA/11.25 BO 20301130,260809,DOP,260809,11.4651,99.284003,21/09/2026,05:27:31 PM,PRESTAMO,PRIMERA PARTE,ROTC,22/09/2026,CONFIRMADA,3355858,0,30/11/2020,30/11/2030,3.585326,ACERO ESTRELLA S A,AESTRELLA,60123
DO1002261829,NO010330,BCENTRAL/9.5 BOEST 20300301 GTIA,6000000,DOP,600,9.05,101.295148,21/09/2026,05:27:25 PM,CONTADO,PRIMERA PARTE,ROTC,22/09/2026,CONFIRMADA,3355946,0,01/03/2026,01/03/2030,0,BANCO CENTRAL DE LA REPUBLICA DOMINICANA,BCENTRAL,60242
USP3579ECN50,BSRD2033, ,4000,USD,4,6.25,98.688593,21/09/2026,05:26:36 PM,CONTADO,PRIMERA PARTE,ROTC,22/09/2026,CONFIRMADA,3355721,0,22/02/2022,22/02/2033,0,MINISTERIO DE HACIENDA,HACIENDA,46165
DO2018100324,BC1AES03,AESTRELLA/11.25 BO 20301130,1189388,DOP,1189388,11.5433,99.041044,21/09/2026,05:26:36 PM,ESTRUCTURADA,SEGUNDA PARTE,ROTC,23/10/2026,CONFIRMADA,3355822,0,30/11/2020,30/11/2030,8.55,ACERO ESTRELLA S A,AESTRELLA,62958
DO2018100324,BC1AES03,AESTRELLA/11.25 BO 20301130,1189388,DOP,1189388,11.4745,99.253251,21/09/2026,05:26:36 PM,ESTRUCTURADA,PRIMERA PARTE,ROTC,23/09/2026,CONFIRMADA,3355822,0,30/11/2020,30/11/2030,8.55,ACERO ESTRELLA S A,AESTRELLA,63147
DO2018100324,BC1AES03,AESTRELLA/11.25 BO 20301130,1189388,DOP,1189388,11.5433,99.041044,21/09/2026,05:25:50 PM,PRESTAMO,SEGUNDA PARTE,ROTC,23/10/2026,CONFIRMADA,3355821,0,30/11/2020,30/11/2030,1.442004,ACERO ESTRELLA S A,AESTRELLA,60823
DO2018100324,BC1AES03,AESTRELLA/11.25 BO 20301130,1189388,DOP,1189388,11.4745,99.253251,21/09/2026,05:25:50 PM,PRESTAMO,PRIMERA PARTE,ROTC,23/09/2026,CONFIRMADA,3355821,0,30/11/2020,30/11/2030,1.442004,ACERO ESTRELLA S A,AESTRELLA,61012
DO1005206516,MH32028,HACIENDA/10.75 BOEST 20280811 GTIA,1700000,DOP,17,10.0128,101.222205,21/09/2026,05:25:07 PM,ESTRUCTURADA,SEGUNDA PARTE,ROTC,02/10/2026,CONFIRMADA,3355849,0,10/08/2018,11/08/2028,9.55,MINISTERIO DE HACIENDA,HACIENDA,63637
DO1005206516,MH32028,HACIENDA/10.75 BOEST 20280811 GTIA,1700000,DOP,17,10.0125,101.244786,21/09/2026,05:25:07 PM,ESTRUCTURADA,PRIMERA PARTE,ROTC,22/09/2026,CONFIRMADA,3355849,0,10/08/2018,11/08/2028,9.55,MINISTERIO DE HACIENDA,HACIENDA,63875
DO1005206516,MH32028,HACIENDA/10.75 BOEST 20280811 GTIA,1700000,DOP,17,10.0128,101.222205,21/09/2026,05:25:06 PM,PRESTAMO,SEGUNDA PARTE,ROTC,02/10/2026,CONFIRMADA,3355851,0,10/08/2018,11/08/2028,1.496722,MINISTERIO DE HACIENDA,HACIENDA,61530
DO1005206516,MH32028,HACIENDA/10.75 BOEST 20280811 GTIA,1700000,DOP,17,10.0125,101.244786,21/09/2026,05:25:06 PM,PRESTAMO,PRIMERA PARTE,ROTC,22/09/2026,CONFIRMADA,3355851,0,10/08/2018,11/08/2028,1.496722,MINISTERIO DE HACIENDA,HACIENDA,61768
USP3579ECN50,BSRD2033, ,4000,USD,4,6.15,99.208228,21/09/2026,05:23:50 PM,CONTADO,PRIMERA PARTE,ROTC,22/09/2026,CONFIRMADA,3355722,0,22/02/2022,22/02/2033,0,MINISTERIO DE HACIENDA,HACIENDA,45997
DO1005210922,MH22034,HACIENDA/13 BOEST 20340610 GTIA,1500000,DOP,15,9.4641,118.615928,21/09/2026,05:23:47 PM,ESTRUCTURADA,SEGUNDA PARTE,ROTC,21/12/2026,CONFIRMADA,3355865,0,10/06/2022,10/06/2034,9.1,MINISTERIO DE HACIENDA,HACIENDA,62419
DO1005210922,MH22034,HACIENDA/13 BOEST 20340610 GTIA,1500000,DOP,15,9.4618,119.029224,21/09/2026,05:23:47 PM,ESTRUCTURADA,PRIMERA PARTE,ROTC,22/09/2026,CONFIRMADA,3355865,0,10/06/2022,10/06/2034,9.1,MINISTERIO DE HACIENDA,HACIENDA,62482
DO1005210922,MH22034,HACIENDA/13 BOEST 20340610 GTIA,1500000,DOP,15,0,0,21/09/2026,05:23:45 PM,PRESTAMO,SEGUNDA PARTE,ROTC,09/06/2034,CONFIRMADA,3355867,0,10/06/2022,10/06/2034,0,MINISTERIO DE HACIENDA,HACIENDA,55230
DO1005210922,MH22034,HACIENDA/13 BOEST 20340610 GTIA,1500000,DOP,15,9.4618,119.029224,21/09/2026,05:23:45 PM,PRESTAMO,PRIMERA PARTE,ROTC,22/09/2026,CONFIRMADA,3355867,0,10/06/2022,10/06/2034,0,MINISTERIO DE HACIENDA,HACIENDA,60368
DO1002261522,NO180130,BCENTRAL/9.5 BOEST 20300118 GTIA,290000,DOP,29,8.8237,101.77455,21/09/2026,05:23:44 PM,ESTRUCTURADA,SEGUNDA PARTE,ROTC,21/12/2026,CONFIRMADA,3355868,0,18/01/2026,18/01/2030,9.1,BANCO CENTRAL DE LA REPUBLICA DOMINICANA,BCENTRAL,62741
DO1002261522,NO180130,BCENTRAL/9.5 BOEST 20300118 GTIA,290000,DOP,29,8.8736,101.744472,21/09/2026,05:23:44 PM,ESTRUCTURADA,PRIMERA PARTE,ROTC,22/09/2026,CONFIRMADA,3355868,0,18/01/2026,18/01/2030,9.1,BANCO CENTRAL DE LA REPUBLICA DOMINICANA,BCENTRAL,63217
DO1002261522,NO180130,BCENTRAL/9.5 BOEST 20300118 GTIA,290000,DOP,29,0,0,21/09/2026,05:23:43 PM,PRESTAMO,SEGUNDA PARTE,ROTC,17/01/2030,CONFIRMADA,3355869,0,18/01/2026,18/01/2030,0,BANCO CENTRAL DE LA REPUBLICA DOMINICANA,BCENTRAL,55874
DO1002261522,NO180130,BCENTRAL/9.5 BOEST 20300118 GTIA,290000,DOP,29,8.8736,101.744472,21/09/2026,05:23:43 PM,PRESTAMO,PRIMERA PARTE,ROTC,22/09/2026,CONFIRMADA,3355869,0,18/01/2026,18/01/2030,0,BANCO CENTRAL DE LA REPUBLICA DOMINICANA,BCENTRAL,61110
USP3579ECB13,BSRD2028,"DOMINICAN, REP /6 BD 20280719 REGS",49000,USD,49,5.4417,100.789,21/09/2026,05:23:42 PM,ESTRUCTURADA,SEGUNDA PARTE,ROTC,22/01/2027,CONFIRMADA,3355870,0,19/07/2018,19/07/2028,5.2,MINISTERIO DE HACIENDA,HACIENDA,63476
USP3579ECB13,BSRD2028,"DOMINICAN, REP /6 BD 20280719 REGS",49000,USD,49,5.4172,100.990816,21/09/2026,05:23:42 PM,ESTRUCTURADA,PRIMERA PARTE,ROTC,22/09/2026,CONFIRMADA,3355870,0,19/07/2018,19/07/2028,5.2,MINISTERIO DE HACIENDA,HACIENDA,64645
USP3579ECN50,BSRD2033, ,18000,USD,18,6.472,97.576944,21/09/2026,05:23:40 PM,ESTRUCTURADA,SEGUNDA PARTE,ROTC,03/11/2026,CONFIRMADA,3355871,0,22/02/2022,22/02/2033,4.15,MINISTERIO DE HACIENDA,HACIENDA,49868
USP3579ECN50,BSRD2033, ,18000,USD,18,6.4255,97.784389,21/09/2026,05:23:40 PM,ESTRUCTURADA,PRIMERA PARTE,ROTC,22/09/2026,CONFIRMADA,3355871,0,22/02/2022,22/02/2033,4.15,MINISTERIO DE HACIENDA,HACIENDA,50372
USP3579ECN50,BSRD2033, ,18000,USD,18,0,0,21/09/2026,05:23:39 PM,PRESTAMO,SEGUNDA PARTE,ROTC,21/02/2033,CONFIRMADA,3355872,0,22/02/2022,22/02/2033,0,MINISTERIO DE HACIENDA,HACIENDA,43316
USP3579ECN50,BSRD2033, ,18000,USD,18,6.4255,97.784389,21/09/2026,05:23:39 PM,PRESTAMO,PRIMERA PARTE,ROTC,22/09/2026,CONFIRMADA,3355872,0,22/02/2022,22/02/2033,0,MINISTERIO DE HACIENDA,HACIENDA,48328
USP3579ECZ80,BSRD2035, ,13000,USD,13,6.8979,93.341513,21/09/2026,05:23:38 PM,ESTRUCTURADA,SEGUNDA PARTE,ROTC,22/01/2027,CONFIRMADA,3355873,0,28/10/2025,28/10/2035,5.05,MINISTERIO DE HACIENDA,HACIENDA,50295
USP3579ECZ80,BSRD2035, ,13000,USD,13,6.8209,93.656769,21/09/2026,05:23:38 PM,ESTRUCTURADA,PRIMERA PARTE,ROTC,22/09/2026,CONFIRMADA,3355873,0,28/10/2025,28/10/2035,5.05,MINISTERIO DE HACIENDA,HACIENDA,50463
USP3579ECZ80,BSRD2035, ,13000,USD,13,0,0,21/09/2026,05:23:37 PM,PRESTAMO,SEGUNDA PARTE,ROTC,26/10/2035,CONFIRMADA,3355874,0,28/10/2025,28/10/2035,0,MINISTERIO DE HACIENDA,HACIENDA,43393
USP3579ECZ80,BSRD2035, ,13000,USD,13,6.8209,93.656769,21/09/2026,05:23:37 PM,PRESTAMO,PRIMERA PARTE,ROTC,22/09/2026,CONFIRMADA,3355874,0,28/10/2025,28/10/2035,0,MINISTERIO DE HACIENDA,HACIENDA,48356
USP3579ECY16,BSDR2037, ,2400000,DOP,48,9.1718,108.665042,21/09/2026,05:23:36 PM,ESTRUCTURADA,SEGUNDA PARTE,ROTC,23/12/2026,CONFIRMADA,3355875,0,24/02/2025,15/03/2037,9.45,MINISTERIO DE HACIENDA,HACIENDA,51240
USP3579ECY16,BSDR2037, ,2400000,DOP,48,9.1903,108.689429,21/09/2026,05:23:36 PM,ESTRUCTURADA,PRIMERA PARTE,ROTC,22/09/2026,CONFIRMADA,3355875,0,24/02/2025,15/03/2037,9.45,MINISTERIO DE HACIENDA,HACIENDA,51415
USP3579ECY16,BSDR2037, ,2400000,DOP,48,0,0,21/09/2026,05:23:35 PM,PRESTAMO,SEGUNDA PARTE,ROTC,13/03/2037,CONFIRMADA,3355876,0,24/02/2025,15/03/2037,0,MINISTERIO DE HACIENDA,HACIENDA,44058
USP3579ECY16,BSDR2037, ,2400000,DOP,48,9.1903,108.689429,21/09/2026,05:23:35 PM,PRESTAMO,PRIMERA PARTE,ROTC,22/09/2026,CONFIRMADA,3355876,0,24/02/2025,15/03/2037,0,MINISTERIO DE HACIENDA,HACIENDA,49308
USP3579ECY16,BSDR2037, ,3650000,DOP,73,9.1846,108.575908,21/09/2026,05:23:34 PM,ESTRUCTURADA,SEGUNDA PARTE,ROTC,23/12/2026,CONFIRMADA,3355877,0,24/02/2025,15/03/2037,9.45,MINISTERIO DE HACIENDA,HACIENDA,51359
USP3579ECY16,BSDR2037, ,3650000,DOP,73,9.2027,108.602396,21/09/2026,05:23:34 PM,ESTRUCTURADA,PRIMERA PARTE,ROTC,22/09/2026,CONFIRMADA,3355877,0,24/02/2025,15/03/2037,9.45,MINISTERIO DE HACIENDA,HACIENDA,51345
USP3579ECY16,BSDR2037, ,3650000,DOP,73,0,0,21/09/2026,05:23:32 PM,PRESTAMO,SEGUNDA PARTE,ROTC,13/03/2037,CONFIRMADA,3355878,0,24/02/2025,15/03/2037,0,MINISTERIO DE HACIENDA,HACIENDA,44079
USP3579ECY16,BSDR2037, ,3650000,DOP,73,9.2027,108.602396,21/09/2026,05:23:32 PM,PRESTAMO,PRIMERA PARTE,ROTC,22/09/2026,CONFIRMADA,3355878,0,24/02/2025,15/03/2037,0,MINISTERIO DE HACIENDA,HACIENDA,49231
DO1002261423,NO301129,BCENTRAL/9.5 BOEST 20291130 GTIA,50000,DOP,5,10.0794,98.520911,21/09/2026,05:23:31 PM,ESTRUCTURADA,SEGUNDA PARTE,ROTC,24/11/2026,CONFIRMADA,3355879,0,30/11/2025,30/11/2029,8.95,BANCO CENTRAL DE LA REPUBLICA DOMINICANA,BCENTRAL,62335
DO1002261423,NO301129,BCENTRAL/9.5 BOEST 20291130 GTIA,50000,DOP,5,10.0298,98.55711,21/09/2026,05:23:31 PM,ESTRUCTURADA,PRIMERA PARTE,ROTC,22/09/2026,CONFIRMADA,3355879,0,30/11/2025,30/11/2029,8.95,BANCO CENTRAL DE LA REPUBLICA DOMINICANA,BCENTRAL,62097
DO1002261423,NO301129,BCENTRAL/9.5 BOEST 20291130 GTIA,50000,DOP,5,0,0,21/09/2026,05:23:30 PM,PRESTAMO,SEGUNDA PARTE,ROTC,29/11/2029,CONFIRMADA,3355880,0,30/11/2025,30/11/2029,0,BANCO CENTRAL DE LA REPUBLICA DOMINICANA,BCENTRAL,55216
DO1002261423,NO301129,BCENTRAL/9.5 BOEST 20291130 GTIA,50000,DOP,5,10.0298,98.55711,21/09/2026,05:23:30 PM,PRESTAMO,PRIMERA PARTE,ROTC,22/09/2026,CONFIRMADA,3355880,0,30/11/2025,30/11/2029,0,BANCO CENTRAL DE LA REPUBLICA DOMINICANA,BCENTRAL,59990
USP3579ECZ80,BSRD2035, ,544000,USD,544,6.7972,93.968791,21/09/2026,05:23:29 PM,ESTRUCTURADA,SEGUNDA PARTE,ROTC,20/01/2027,CONFIRMADA,3355881,0,28/10/2025,28/10/2035,5.4,MINISTERIO DE HACIENDA,HACIENDA,51184
USP3579ECZ80,BSRD2035, ,544000,USD,544,6.7433,94.157353,21/09/2026,05:23:29 PM,ESTRUCTURADA,PRIMERA PARTE,ROTC,22/09/2026,CONFIRMADA,3355881,0,28/10/2025,28/10/2035,5.4,MINISTERIO DE HACIENDA,HACIENDA,51149
USP3579ECZ80,BSRD2035, ,544000,USD,544,0,0,21/09/2026,05:23:28 PM,PRESTAMO,SEGUNDA PARTE,ROTC,26/10/2035,CONFIRMADA,3355882,0,28/10/2025,28/10/2035,0,MINISTERIO DE HACIENDA,HACIENDA,44191
USP3579ECZ80,BSRD2035, ,544000,USD,544,6.7433,94.157353,21/09/2026,05:23:28 PM,PRESTAMO,PRIMERA PARTE,ROTC,22/09/2026,CONFIRMADA,3355882,0,28/10/2025,28/10/2035,0,MINISTERIO DE HACIENDA,HACIENDA,49042
DO1005213421,MH22035,HACIENDA/10.5 BOEST 20350510 GTIA,700000,DOP,7,9.9358,103.143841,21/09/2026,05:23:27 PM,ESTRUCTURADA,SEGUNDA PARTE,ROTC,24/11/2026,CONFIRMADA,3355883,0,10/05/2024,10/05/2035,9.05,MINISTERIO DE HACIENDA,HACIENDA,62377
DO1005213421,MH22035,HACIENDA/10.5 BOEST 20350510 GTIA,700000,DOP,7,9.9217,103.259295,21/09/2026,05:23:27 PM,ESTRUCTURADA,PRIMERA PARTE,ROTC,22/09/2026,CONFIRMADA,3355883,0,10/05/2024,10/05/2035,9.05,MINISTERIO DE HACIENDA,HACIENDA,62510
DO1005213421,MH22035,HACIENDA/10.5 BOEST 20350510 GTIA,700000,DOP,7,0,0,21/09/2026,05:23:26 PM,PRESTAMO,SEGUNDA PARTE,ROTC,09/05/2035,CONFIRMADA,3355884,0,10/05/2024,10/05/2035,0,MINISTERIO DE HACIENDA,HACIENDA,55223
DO1005213421,MH22035,HACIENDA/10.5 BOEST 20350510 GTIA,700000,DOP,7,9.9217,103.259295,21/09/2026,05:23:26 PM,PRESTAMO,PRIMERA PARTE,ROTC,22/09/2026,CONFIRMADA,3355884,0,10/05/2024,10/05/2035,0,MINISTERIO DE HACIENDA,HACIENDA,60403
DO1002262223,LE030927,BCENTRAL/ LT 20270903 GTIA,660000,DOP,66,7.6384,96.12485,21/09/2026,05:23:24 PM,ESTRUCTURADA,SEGUNDA PARTE,ROTC,25/02/2027,CONFIRMADA,3355885,0,03/09/2026,03/09/2027,9.25,BANCO CENTRAL DE LA REPUBLICA DOMINICANA,BCENTRAL,59850
DO1002262223,LE030927,BCENTRAL/ LT 20270903 GTIA,660000,DOP,66,8.5331,92.420335,21/09/2026,05:23:24 PM,ESTRUCTURADA,PRIMERA PARTE,ROTC,22/09/2026,CONFIRMADA,3355885,0,03/09/2026,03/09/2027,9.25,BANCO CENTRAL DE LA REPUBLICA DOMINICANA,BCENTRAL,60165
DO1002262223,LE030927,BCENTRAL/ LT 20270903 GTIA,660000,DOP,66,0,0,21/09/2026,05:23:23 PM,PRESTAMO,SEGUNDA PARTE,ROTC,02/09/2027,CONFIRMADA,3355886,0,03/09/2026,03/09/2027,0,BANCO CENTRAL DE LA REPUBLICA DOMINICANA,BCENTRAL,53312
DO1002262223,LE030927,BCENTRAL/ LT 20270903 GTIA,660000,DOP,66,8.5331,92.420335,21/09/2026,05:23:23 PM,PRESTAMO,PRIMERA PARTE,ROTC,22/09/2026,CONFIRMADA,3355886,0,03/09/2026,03/09/2027,0,BANCO CENTRAL DE LA REPUBLICA DOMINICANA,BCENTRAL,58058
USP3579ECB13,BSRD2028,"DOMINICAN, REP /6 BD 20280719 REGS",49000,USD,49,0,0,21/09/2026,05:23:22 PM,PRESTAMO,SEGUNDA PARTE,ROTC,18/07/2028,CONFIRMADA,3355887,0,19/07/2018,19/07/2028,0,MINISTERIO DE HACIENDA,HACIENDA,57456
USP3579ECB13,BSRD2028,"DOMINICAN, REP /6 BD 20280719 REGS",49000,USD,49,5.4172,100.990816,21/09/2026,05:23:22 PM,PRESTAMO,PRIMERA PARTE,ROTC,22/09/2026,CONFIRMADA,3355887,0,19/07/2018,19/07/2028,0,MINISTERIO DE HACIENDA,HACIENDA,62531
USP3579ECZ80,BSRD2035, ,61000,USD,61,6.8066,93.870914,21/09/2026,05:23:21 PM,ESTRUCTURADA,SEGUNDA PARTE,ROTC,21/12/2026,CONFIRMADA,3355888,0,28/10/2025,28/10/2035,4.8,MINISTERIO DE HACIENDA,HACIENDA,50274
USP3579ECZ80,BSRD2035, ,61000,USD,61,6.7421,94.165164,21/09/2026,05:23:21 PM,ESTRUCTURADA,PRIMERA PARTE,ROTC,22/09/2026,CONFIRMADA,3355888,0,28/10/2025,28/10/2035,4.8,MINISTERIO DE HACIENDA,HACIENDA,50309
USP3579ECZ80,BSRD2035, ,61000,USD,61,0,0,21/09/2026,05:23:20 PM,PRESTAMO,SEGUNDA PARTE,ROTC,26/10/2035,CONFIRMADA,3355889,0,28/10/2025,28/10/2035,0,MINISTERIO DE HACIENDA,HACIENDA,43379
USP3579ECZ80,BSRD2035, ,61000,USD,61,6.7421,94.165164,21/09/2026,05:23:20 PM,PRESTAMO,PRIMERA PARTE,ROTC,22/09/2026,CONFIRMADA,3355889,0,28/10/2025,28/10/2035,0,MINISTERIO DE HACIENDA,HACIENDA,48202
DO1005213421,MH22035,HACIENDA/10.5 BOEST 20350510 GTIA,1300000,DOP,13,9.1195,107.929272,21/09/2026,05:23:18 PM,ESTRUCTURADA,SEGUNDA PARTE,ROTC,22/12/2026,CONFIRMADA,3355890,0,10/05/2024,10/05/2035,9.15,MINISTERIO DE HACIENDA,HACIENDA,63035
DO1005213421,MH22035,HACIENDA/10.5 BOEST 20350510 GTIA,1300000,DOP,13,9.1399,107.960227,21/09/2026,05:23:18 PM,ESTRUCTURADA,PRIMERA PARTE,ROTC,22/09/2026,CONFIRMADA,3355890,0,10/05/2024,10/05/2035,9.15,MINISTERIO DE HACIENDA,HACIENDA,63147
DO1005213421,MH22035,HACIENDA/10.5 BOEST 20350510 GTIA,1300000,DOP,13,0,0,21/09/2026,05:23:17 PM,PRESTAMO,SEGUNDA PARTE,ROTC,09/05/2035,CONFIRMADA,3355891,0,10/05/2024,10/05/2035,0,MINISTERIO DE HACIENDA,HACIENDA,55853
DO1005213421,MH22035,HACIENDA/10.5 BOEST 20350510 GTIA,1300000,DOP,13,9.1399,107.960227,21/09/2026,05:23:17 PM,PRESTAMO,PRIMERA PARTE,ROTC,22/09/2026,CONFIRMADA,3355891,0,10/05/2024,10/05/2035,0,MINISTERIO DE HACIENDA,HACIENDA,61040
USP3579ECV76,BSDR2036, ,600000,DOP,12,8.8457,111.932992,21/09/2026,05:23:16 PM,ESTRUCTURADA,SEGUNDA PARTE,ROTC,20/01/2027,CONFIRMADA,3355892,0,01/07/2024,01/06/2036,9.05,MINISTERIO DE HACIENDA,HACIENDA,50890
USP3579ECV76,BSDR2036, ,600000,DOP,12,8.8771,111.978592,21/09/2026,05:23:16 PM,ESTRUCTURADA,PRIMERA PARTE,ROTC,22/09/2026,CONFIRMADA,3355892,0,01/07/2024,01/06/2036,9.05,MINISTERIO DE HACIENDA,HACIENDA,51051
USP3579ECV76,BSDR2036, ,600000,DOP,12,0,0,21/09/2026,05:23:15 PM,PRESTAMO,SEGUNDA PARTE,ROTC,30/05/2036,CONFIRMADA,3355893,0,01/07/2024,01/06/2036,0,MINISTERIO DE HACIENDA,HACIENDA,43659
USP3579ECV76,BSDR2036, ,600000,DOP,12,8.8771,111.978592,21/09/2026,05:23:15 PM,PRESTAMO,PRIMERA PARTE,ROTC,22/09/2026,CONFIRMADA,3355893,0,01/07/2024,01/06/2036,0,MINISTERIO DE HACIENDA,HACIENDA,48944
DO1005206011,MH12032,HACIENDA/12 BOEST 20320305 GTIA,4500000,DOP,45,8.6922,113.731533,21/09/2026,05:23:14 PM,ESTRUCTURADA,SEGUNDA PARTE,ROTC,24/11/2026,CONFIRMADA,3355894,0,05/03/2017,05/03/2032,9.05,MINISTERIO DE HACIENDA,HACIENDA,62279
DO1005206011,MH12032,HACIENDA/12 BOEST 20320305 GTIA,4500000,DOP,45,8.7145,113.98862,21/09/2026,05:23:14 PM,ESTRUCTURADA,PRIMERA PARTE,ROTC,22/09/2026,CONFIRMADA,3355894,0,05/03/2017,05/03/2032,9.05,MINISTERIO DE HACIENDA,HACIENDA,62104
DO1005206011,MH12032,HACIENDA/12 BOEST 20320305 GTIA,4500000,DOP,45,0,0,21/09/2026,05:23:12 PM,PRESTAMO,SEGUNDA PARTE,ROTC,04/03/2032,CONFIRMADA,3355895,0,05/03/2017,05/03/2032,0,MINISTERIO DE HACIENDA,HACIENDA,55083
DO1005206011,MH12032,HACIENDA/12 BOEST 20320305 GTIA,4500000,DOP,45,8.7145,113.98862,21/09/2026,05:23:12 PM,PRESTAMO,PRIMERA PARTE,ROTC,22/09/2026,CONFIRMADA,3355895,0,05/03/2017,05/03/2032,0,MINISTERIO DE HACIENDA,HACIENDA,59990
DO1002262223,LE030927,BCENTRAL/ LT 20270903 GTIA,1130000,DOP,113,8.4249,93.788473,21/09/2026,05:23:11 PM,ESTRUCTURADA,SEGUNDA PARTE,ROTC,24/11/2026,CONFIRMADA,3355896,0,03/09/2026,03/09/2027,9.05,BANCO CENTRAL DE LA REPUBLICA DOMINICANA,BCENTRAL,60809
DO1002262223,LE030927,BCENTRAL/ LT 20270903 GTIA,1130000,DOP,113,8.6479,92.326256,21/09/2026,05:23:11 PM,ESTRUCTURADA,PRIMERA PARTE,ROTC,22/09/2026,CONFIRMADA,3355896,0,03/09/2026,03/09/2027,9.05,BANCO CENTRAL DE LA REPUBLICA DOMINICANA,BCENTRAL,60858
DO1002262223,LE030927,BCENTRAL/ LT 20270903 GTIA,1130000,DOP,113,0,0,21/09/2026,05:23:10 PM,PRESTAMO,SEGUNDA PARTE,ROTC,02/09/2027,CONFIRMADA,3355897,0,03/09/2026,03/09/2027,0,BANCO CENTRAL DE LA REPUBLICA DOMINICANA,BCENTRAL,53858
DO1002262223,LE030927,BCENTRAL/ LT 20270903 GTIA,1130000,DOP,113,8.6479,92.326256,21/09/2026,05:23:10 PM,PRESTAMO,PRIMERA PARTE,ROTC,22/09/2026,CONFIRMADA,3355897,0,03/09/2026,03/09/2027,0,BANCO CENTRAL DE LA REPUBLICA DOMINICANA,BCENTRAL,58751
USP3579ECS48,BSDR2035, ,900000,DOP,18,9.1559,112.446712,21/09/2026,05:23:09 PM,ESTRUCTURADA,SEGUNDA PARTE,ROTC,24/11/2026,CONFIRMADA,3355898,0,15/09/2023,15/09/2035,9.05,MINISTERIO DE HACIENDA,HACIENDA,50876
USP3579ECS48,BSDR2035, ,900000,DOP,18,9.161,112.597484,21/09/2026,05:23:09 PM,ESTRUCTURADA,PRIMERA PARTE,ROTC,22/09/2026,CONFIRMADA,3355898,0,15/09/2023,15/09/2035,9.05,MINISTERIO DE HACIENDA,HACIENDA,50645
USP3579ECS48,BSDR2035, ,900000,DOP,18,0,0,21/09/2026,05:23:08 PM,PRESTAMO,SEGUNDA PARTE,ROTC,14/09/2035,CONFIRMADA,3355899,0,15/09/2023,15/09/2035,0,MINISTERIO DE HACIENDA,HACIENDA,43736
USP3579ECS48,BSDR2035, ,900000,DOP,18,9.161,112.597484,21/09/2026,05:23:08 PM,PRESTAMO,PRIMERA PARTE,ROTC,22/09/2026,CONFIRMADA,3355899,0,15/09/2023,15/09/2035,0,MINISTERIO DE HACIENDA,HACIENDA,48538
USP3579ECQ81,BSDR2033, ,750000,DOP,15,9.1021,121.164126,21/09/2026,05:23:07 PM,ESTRUCTURADA,SEGUNDA PARTE,ROTC,03/11/2026,CONFIRMADA,3355900,0,03/02/2023,03/02/2033,8.45,MINISTERIO DE HACIENDA,HACIENDA,50652
USP3579ECQ81,BSDR2033, ,750000,DOP,15,9.0947,121.499794,21/09/2026,05:23:07 PM,ESTRUCTURADA,PRIMERA PARTE,ROTC,22/09/2026,CONFIRMADA,3355900,0,03/02/2023,03/02/2033,8.45,MINISTERIO DE HACIENDA,HACIENDA,51037
USP3579ECQ81,BSDR2033, ,750000,DOP,15,0,0,21/09/2026,05:23:06 PM,PRESTAMO,SEGUNDA PARTE,ROTC,02/02/2033,CONFIRMADA,3355901,0,03/02/2023,03/02/2033,0,MINISTERIO DE HACIENDA,HACIENDA,43589
USP3579ECQ81,BSDR2033, ,750000,DOP,15,9.0947,121.499794,21/09/2026,05:23:06 PM,PRESTAMO,PRIMERA PARTE,ROTC,22/09/2026,CONFIRMADA,3355901,0,03/02/2023,03/02/2033,0,MINISTERIO DE HACIENDA,HACIENDA,48930
DO1002261522,NO180130,BCENTRAL/9.5 BOEST 20300118 GTIA,70000,DOP,7,9.8456,99.087997,21/09/2026,05:23:05 PM,ESTRUCTURADA,SEGUNDA PARTE,ROTC,22/12/2026,CONFIRMADA,3355902,0,18/01/2026,18/01/2030,9.15,BANCO CENTRAL DE LA REPUBLICA DOMINICANA,BCENTRAL,62223
DO1002261522,NO180130,BCENTRAL/9.5 BOEST 20300118 GTIA,70000,DOP,7,9.8127,99.105553,21/09/2026,05:23:05 PM,ESTRUCTURADA,PRIMERA PARTE,ROTC,22/09/2026,CONFIRMADA,3355902,0,18/01/2026,18/01/2030,9.15,BANCO CENTRAL DE LA REPUBLICA DOMINICANA,BCENTRAL,62146
DO1002261522,NO180130,BCENTRAL/9.5 BOEST 20300118 GTIA,70000,DOP,7,0,0,21/09/2026,05:23:03 PM,PRESTAMO,SEGUNDA PARTE,ROTC,17/01/2030,CONFIRMADA,3355903,0,18/01/2026,18/01/2030,0,BANCO CENTRAL DE LA REPUBLICA DOMINICANA,BCENTRAL,55118
DO1002261522,NO180130,BCENTRAL/9.5 BOEST 20300118 GTIA,70000,DOP,7,9.8127,99.105553,21/09/2026,05:23:03 PM,PRESTAMO,PRIMERA PARTE,ROTC,22/09/2026,CONFIRMADA,3355903,0,18/01/2026,18/01/2030,0,BANCO CENTRAL DE LA REPUBLICA DOMINICANA,BCENTRAL,60032
DO2018100324,BC1AES03,AESTRELLA/11.25 BO 20301130,108465,DOP,108465,10.0004,103.814668,21/09/2026,05:23:02 PM,ESTRUCTURADA,SEGUNDA PARTE,ROTC,22/03/2027,CONFIRMADA,3355843,0,30/11/2020,30/11/2030,8.95,ACERO ESTRELLA S A,AESTRELLA,62328
DO2018100324,BC1AES03,AESTRELLA/11.25 BO 20301130,108465,DOP,108465,11.465,99.284292,21/09/2026,05:23:02 PM,ESTRUCTURADA,PRIMERA PARTE,ROTC,22/09/2026,CONFIRMADA,3355843,0,30/11/2020,30/11/2030,8.95,ACERO ESTRELLA S A,AESTRELLA,61894
USP3579EAY34,BSRD2044,DOMINICAN Rep/7.45 BD 20440430 GO,140000,USD,140,6.999,104.505869,21/09/2026,05:23:02 PM,ESTRUCTURADA,SEGUNDA PARTE,ROTC,06/11/2026,CONFIRMADA,3355904,0,30/04/2014,30/04/2044,4.95,MINISTERIO DE HACIENDA,HACIENDA,64834
USP3579EAY34,BSRD2044,DOMINICAN Rep/7.45 BD 20440430 GO,140000,USD,140,6.9762,104.750096,21/09/2026,05:23:02 PM,ESTRUCTURADA,PRIMERA PARTE,ROTC,22/09/2026,CONFIRMADA,3355904,0,30/04/2014,30/04/2044,4.95,MINISTERIO DE HACIENDA,HACIENDA,65205
DO2018100324,BC1AES03,AESTRELLA/11.25 BO 20301130,108465,DOP,108465,10.0004,103.814668,21/09/2026,05:23:01 PM,PRESTAMO,SEGUNDA PARTE,ROTC,22/03/2027,CONFIRMADA,3355844,0,30/11/2020,30/11/2030,4.984515,ACERO ESTRELLA S A,AESTRELLA,60221
DO2018100324,BC1AES03,AESTRELLA/11.25 BO 20301130,108465,DOP,108465,11.465,99.284292,21/09/2026,05:23:01 PM,PRESTAMO,PRIMERA PARTE,ROTC,22/09/2026,CONFIRMADA,3355844,0,30/11/2020,30/11/2030,4.984515,ACERO ESTRELLA S A,AESTRELLA,59787
USP3579EAY34,BSRD2044,DOMINICAN Rep/7.45 BD 20440430 GO,140000,USD,140,0,0,21/09/2026,05:23:01 PM,PRESTAMO,SEGUNDA PARTE,ROTC,29/04/2044,CONFIRMADA,3355905,0,30/04/2014,30/04/2044,0,MINISTERIO DE HACIENDA,HACIENDA,57939
USP3579EAY34,BSRD2044,DOMINICAN Rep/7.45 BD 20440430 GO,140000,USD,140,6.9762,104.750096,21/09/2026,05:23:01 PM,PRESTAMO,PRIMERA PARTE,ROTC,22/09/2026,CONFIRMADA,3355905,0,30/04/2014,30/04/2044,0,MINISTERIO DE HACIENDA,HACIENDA,63098
DO1002262223,LE030927,BCENTRAL/ LT 20270903 GTIA,460000,DOP,46,8.6468,93.614254,21/09/2026,05:23:00 PM,ESTRUCTURADA,SEGUNDA PARTE,ROTC,23/11/2026,CONFIRMADA,3355906,0,03/09/2026,03/09/2027,9.05,BANCO CENTRAL DE LA REPUBLICA DOMINICANA,BCENTRAL,60116
DO1002262223,LE030927,BCENTRAL/ LT 20270903 GTIA,460000,DOP,46,8.8296,92.177563,21/09/2026,05:23:00 PM,ESTRUCTURADA,PRIMERA PARTE,ROTC,22/09/2026,CONFIRMADA,3355906,0,03/09/2026,03/09/2027,9.05,BANCO CENTRAL DE LA REPUBLICA DOMINICANA,BCENTRAL,60270
DO1002262223,LE030927,BCENTRAL/ LT 20270903 GTIA,460000,DOP,46,0,0,21/09/2026,05:22:59 PM,PRESTAMO,SEGUNDA PARTE,ROTC,02/09/2027,CONFIRMADA,3355907,0,03/09/2026,03/09/2027,0,BANCO CENTRAL DE LA REPUBLICA DOMINICANA,BCENTRAL,53340
DO1002262223,LE030927,BCENTRAL/ LT 20270903 GTIA,460000,DOP,46,8.8296,92.177563,21/09/2026,05:22:59 PM,PRESTAMO,PRIMERA PARTE,ROTC,22/09/2026,CONFIRMADA,3355907,0,03/09/2026,03/09/2027,0,BANCO CENTRAL DE LA REPUBLICA DOMINICANA,BCENTRAL,58261
DO1002262223,LE030927,BCENTRAL/ LT 20270903 GTIA,1700000,DOP,170,8.0134,94.608808,21/09/2026,05:22:58 PM,ESTRUCTURADA,SEGUNDA PARTE,ROTC,21/12/2026,CONFIRMADA,3355908,0,03/09/2026,03/09/2027,9.15,BANCO CENTRAL DE LA REPUBLICA DOMINICANA,BCENTRAL,60788
DO1002262223,LE030927,BCENTRAL/ LT 20270903 GTIA,1700000,DOP,170,8.4447,92.493031,21/09/2026,05:22:58 PM,ESTRUCTURADA,PRIMERA PARTE,ROTC,22/09/2026,CONFIRMADA,3355908,0,03/09/2026,03/09/2027,9.15,BANCO CENTRAL DE LA REPUBLICA DOMINICANA,BCENTRAL,60893
DO1002262223,LE030927,BCENTRAL/ LT 20270903 GTIA,1700000,DOP,170,0,0,21/09/2026,05:22:57 PM,PRESTAMO,SEGUNDA PARTE,ROTC,02/09/2027,CONFIRMADA,3355909,0,03/09/2026,03/09/2027,0,BANCO CENTRAL DE LA REPUBLICA DOMINICANA,BCENTRAL,53970
DO1002262223,LE030927,BCENTRAL/ LT 20270903 GTIA,1700000,DOP,170,8.4447,92.493031,21/09/2026,05:22:57 PM,PRESTAMO,PRIMERA PARTE,ROTC,22/09/2026,CONFIRMADA,3355909,0,03/09/2026,03/09/2027,0,BANCO CENTRAL DE LA REPUBLICA DOMINICANA,BCENTRAL,58786
USP3579EAY34,BSRD2044,DOMINICAN Rep/7.45 BD 20440430 GO,2000,USD,2,6.5177,109.561083,21/09/2026,05:22:55 PM,ESTRUCTURADA,SEGUNDA PARTE,ROTC,27/01/2027,CONFIRMADA,3355910,0,30/04/2014,30/04/2044,4.95,MINISTERIO DE HACIENDA,HACIENDA,63770
USP3579EAY34,BSRD2044,DOMINICAN Rep/7.45 BD 20440430 GO,2000,USD,2,6.4724,110.172889,21/09/2026,05:22:55 PM,ESTRUCTURADA,PRIMERA PARTE,ROTC,22/09/2026,CONFIRMADA,3355910,0,30/04/2014,30/04/2044,4.95,MINISTERIO DE HACIENDA,HACIENDA,63854
USP3579EAY34,BSRD2044,DOMINICAN Rep/7.45 BD 20440430 GO,2000,USD,2,0,0,21/09/2026,05:22:54 PM,PRESTAMO,SEGUNDA PARTE,ROTC,29/04/2044,CONFIRMADA,3355911,0,30/04/2014,30/04/2044,0,MINISTERIO DE HACIENDA,HACIENDA,56602
USP3579EAY34,BSRD2044,DOMINICAN Rep/7.45 BD 20440430 GO,2000,USD,2,6.4724,110.172889,21/09/2026,05:22:54 PM,PRESTAMO,PRIMERA PARTE,ROTC,22/09/2026,CONFIRMADA,3355911,0,30/04/2014,30/04/2044,0,MINISTERIO DE HACIENDA,HACIENDA,61747
USP3579EAY34,BSRD2044,DOMINICAN Rep/7.45 BD 20440430 GO,9000,USD,9,6.6857,107.750694,21/09/2026,05:22:53 PM,ESTRUCTURADA,SEGUNDA PARTE,ROTC,15/01/2027,CONFIRMADA,3355912,0,30/04/2014,30/04/2044,5.4,MINISTERIO DE HACIENDA,HACIENDA,63917
USP3579EAY34,BSRD2044,DOMINICAN Rep/7.45 BD 20440430 GO,9000,USD,9,6.6541,108.1725,21/09/2026,05:22:53 PM,ESTRUCTURADA,PRIMERA PARTE,ROTC,22/09/2026,CONFIRMADA,3355912,0,30/04/2014,30/04/2044,5.4,MINISTERIO DE HACIENDA,HACIENDA,63168
USP3579EAY34,BSRD2044,DOMINICAN Rep/7.45 BD 20440430 GO,93000,USD,93,7.0435,104.010122,21/09/2026,05:22:52 PM,ESTRUCTURADA,SEGUNDA PARTE,ROTC,20/01/2027,CONFIRMADA,3355913,0,30/04/2014,30/04/2044,5.2,MINISTERIO DE HACIENDA,HACIENDA,64309
USP3579EAY34,BSRD2044,DOMINICAN Rep/7.45 BD 20440430 GO,93000,USD,93,6.9918,104.588271,21/09/2026,05:22:52 PM,ESTRUCTURADA,PRIMERA PARTE,ROTC,22/09/2026,CONFIRMADA,3355913,0,30/04/2014,30/04/2044,5.2,MINISTERIO DE HACIENDA,HACIENDA,64708
USP3579EAY34,BSRD2044,DOMINICAN Rep/7.45 BD 20440430 GO,9000,USD,9,0,0,21/09/2026,05:22:51 PM,PRESTAMO,SEGUNDA PARTE,ROTC,29/04/2044,CONFIRMADA,3355914,0,30/04/2014,30/04/2044,0,MINISTERIO DE HACIENDA,HACIENDA,56679
USP3579EAY34,BSRD2044,DOMINICAN Rep/7.45 BD 20440430 GO,9000,USD,9,6.6541,108.1725,21/09/2026,05:22:51 PM,PRESTAMO,PRIMERA PARTE,ROTC,22/09/2026,CONFIRMADA,3355914,0,30/04/2014,30/04/2044,0,MINISTERIO DE HACIENDA,HACIENDA,61054
USP3579ECY16,BSDR2037, ,100000,DOP,2,9.246,108.120137,21/09/2026,05:22:50 PM,ESTRUCTURADA,SEGUNDA PARTE,ROTC,20/01/2027,CONFIRMADA,3355915,0,24/02/2025,15/03/2037,9.2,MINISTERIO DE HACIENDA,HACIENDA,49966
USP3579ECY16,BSDR2037, ,100000,DOP,2,9.2549,108.236293,21/09/2026,05:22:50 PM,ESTRUCTURADA,PRIMERA PARTE,ROTC,22/09/2026,CONFIRMADA,3355915,0,24/02/2025,15/03/2037,9.2,MINISTERIO DE HACIENDA,HACIENDA,50561
USP3579ECY16,BSDR2037, ,100000,DOP,2,0,0,21/09/2026,05:22:48 PM,PRESTAMO,SEGUNDA PARTE,ROTC,13/03/2037,CONFIRMADA,3355916,0,24/02/2025,15/03/2037,0,MINISTERIO DE HACIENDA,HACIENDA,43302
USP3579ECY16,BSDR2037, ,100000,DOP,2,9.2549,108.236293,21/09/2026,05:22:48 PM,PRESTAMO,PRIMERA PARTE,ROTC,22/09/2026,CONFIRMADA,3355916,0,24/02/2025,15/03/2037,0,MINISTERIO DE HACIENDA,HACIENDA,48510
USP3579EAY34,BSRD2044,DOMINICAN Rep/7.45 BD 20440430 GO,93000,USD,93,0,0,21/09/2026,05:22:47 PM,PRESTAMO,SEGUNDA PARTE,ROTC,29/04/2044,CONFIRMADA,3355917,0,30/04/2014,30/04/2044,0,MINISTERIO DE HACIENDA,HACIENDA,57428
USP3579EAY34,BSRD2044,DOMINICAN Rep/7.45 BD 20440430 GO,93000,USD,93,6.9918,104.588271,21/09/2026,05:22:47 PM,PRESTAMO,PRIMERA PARTE,ROTC,22/09/2026,CONFIRMADA,3355917,0,30/04/2014,30/04/2044,0,MINISTERIO DE HACIENDA,HACIENDA,62636
DO1002261522,NO180130,BCENTRAL/9.5 BOEST 20300118 GTIA,50000,DOP,5,9.0252,101.276608,21/09/2026,05:22:46 PM,ESTRUCTURADA,SEGUNDA PARTE,ROTC,28/10/2026,CONFIRMADA,3355918,0,18/01/2026,18/01/2030,8.3,BANCO CENTRAL DE LA REPUBLICA DOMINICANA,BCENTRAL,62300
DO1002261522,NO180130,BCENTRAL/9.5 BOEST 20300118 GTIA,50000,DOP,5,9.0118,101.350616,21/09/2026,05:22:46 PM,ESTRUCTURADA,PRIMERA PARTE,ROTC,22/09/2026,CONFIRMADA,3355918,0,18/01/2026,18/01/2030,8.3,BANCO CENTRAL DE LA REPUBLICA DOMINICANA,BCENTRAL,62328
DO1002261522,NO180130,BCENTRAL/9.5 BOEST 20300118 GTIA,50000,DOP,5,0,0,21/09/2026,05:22:45 PM,PRESTAMO,SEGUNDA PARTE,ROTC,17/01/2030,CONFIRMADA,3355919,0,18/01/2026,18/01/2030,0,BANCO CENTRAL DE LA REPUBLICA DOMINICANA,BCENTRAL,55125
DO1002261522,NO180130,BCENTRAL/9.5 BOEST 20300118 GTIA,50000,DOP,5,9.0118,101.350616,21/09/2026,05:22:45 PM,PRESTAMO,PRIMERA PARTE,ROTC,22/09/2026,CONFIRMADA,3355919,0,18/01/2026,18/01/2030,0,BANCO CENTRAL DE LA REPUBLICA DOMINICANA,BCENTRAL,60221
USP3579ECV76,BSDR2036, ,7050000,DOP,141,9.0825,110.343839,21/09/2026,05:22:44 PM,ESTRUCTURADA,SEGUNDA PARTE,ROTC,20/01/2027,CONFIRMADA,3355920,0,01/07/2024,01/06/2036,9.8,MINISTERIO DE HACIENDA,HACIENDA,51534
USP3579ECV76,BSDR2036, ,7050000,DOP,141,9.1426,110.160594,21/09/2026,05:22:44 PM,ESTRUCTURADA,PRIMERA PARTE,ROTC,22/09/2026,CONFIRMADA,3355920,0,01/07/2024,01/06/2036,9.8,MINISTERIO DE HACIENDA,HACIENDA,51611
USP3579ECV76,BSDR2036, ,7050000,DOP,141,0,0,21/09/2026,05:22:43 PM,PRESTAMO,SEGUNDA PARTE,ROTC,30/05/2036,CONFIRMADA,3355921,0,01/07/2024,01/06/2036,0,MINISTERIO DE HACIENDA,HACIENDA,44394
USP3579ECV76,BSDR2036, ,7050000,DOP,141,9.1426,110.160594,21/09/2026,05:22:43 PM,PRESTAMO,PRIMERA PARTE,ROTC,22/09/2026,CONFIRMADA,3355921,0,01/07/2024,01/06/2036,0,MINISTERIO DE HACIENDA,HACIENDA,49504
DO1002261423,NO301129,BCENTRAL/9.5 BOEST 20291130 GTIA,60000,DOP,6,9.4402,100.150458,21/09/2026,05:22:42 PM,ESTRUCTURADA,SEGUNDA PARTE,ROTC,24/11/2026,CONFIRMADA,3355922,0,30/11/2025,30/11/2029,8.95,BANCO CENTRAL DE LA REPUBLICA DOMINICANA,BCENTRAL,62265
DO1002261423,NO301129,BCENTRAL/9.5 BOEST 20291130 GTIA,60000,DOP,6,9.4306,100.161533,21/09/2026,05:22:42 PM,ESTRUCTURADA,PRIMERA PARTE,ROTC,22/09/2026,CONFIRMADA,3355922,0,30/11/2025,30/11/2029,8.95,BANCO CENTRAL DE LA REPUBLICA DOMINICANA,BCENTRAL,62356
DO1002261423,NO301129,BCENTRAL/9.5 BOEST 20291130 GTIA,60000,DOP,6,0,0,21/09/2026,05:22:41 PM,PRESTAMO,SEGUNDA PARTE,ROTC,29/11/2029,CONFIRMADA,3355923,0,30/11/2025,30/11/2029,0,BANCO CENTRAL DE LA REPUBLICA DOMINICANA,BCENTRAL,55237
DO1002261423,NO301129,BCENTRAL/9.5 BOEST 20291130 GTIA,60000,DOP,6,9.4306,100.161533,21/09/2026,05:22:41 PM,PRESTAMO,PRIMERA PARTE,ROTC,22/09/2026,CONFIRMADA,3355923,0,30/11/2025,30/11/2029,0,BANCO CENTRAL DE LA REPUBLICA DOMINICANA,BCENTRAL,60249
USP3579ECS48,BSDR2035, ,11000000,DOP,220,9.1191,112.538491,21/09/2026,05:22:39 PM,ESTRUCTURADA,SEGUNDA PARTE,ROTC,20/01/2027,CONFIRMADA,3355924,0,15/09/2023,15/09/2035,9.55,MINISTERIO DE HACIENDA,HACIENDA,51772
USP3579ECS48,BSDR2035, ,11000000,DOP,220,9.1555,112.633527,21/09/2026,05:22:39 PM,ESTRUCTURADA,PRIMERA PARTE,ROTC,22/09/2026,CONFIRMADA,3355924,0,15/09/2023,15/09/2035,9.55,MINISTERIO DE HACIENDA,HACIENDA,51898
USP3579ECS48,BSDR2035, ,11000000,DOP,220,0,0,21/09/2026,05:22:38 PM,PRESTAMO,SEGUNDA PARTE,ROTC,14/09/2035,CONFIRMADA,3355925,0,15/09/2023,15/09/2035,0,MINISTERIO DE HACIENDA,HACIENDA,44674
USP3579ECS48,BSDR2035, ,11000000,DOP,220,9.1555,112.633527,21/09/2026,05:22:38 PM,PRESTAMO,PRIMERA PARTE,ROTC,22/09/2026,CONFIRMADA,3355925,0,15/09/2023,15/09/2035,0,MINISTERIO DE HACIENDA,HACIENDA,49791
USP3579ECN50,BSRD2033, ,21000,USD,21,6.5684,97.143857,21/09/2026,05:22:37 PM,ESTRUCTURADA,SEGUNDA PARTE,ROTC,21/12/2026,CONFIRMADA,3355926,0,22/02/2022,22/02/2033,4.85,MINISTERIO DE HACIENDA,HACIENDA,50183
USP3579ECN50,BSRD2033, ,21000,USD,21,6.493,97.439667,21/09/2026,05:22:37 PM,ESTRUCTURADA,PRIMERA PARTE,ROTC,22/09/2026,CONFIRMADA,3355926,0,22/02/2022,22/02/2033,4.85,MINISTERIO DE HACIENDA,HACIENDA,49959
USP3579ECN50,BSRD2033, ,21000,USD,21,0,0,21/09/2026,05:22:36 PM,PRESTAMO,SEGUNDA PARTE,ROTC,21/02/2033,CONFIRMADA,3355927,0,22/02/2022,22/02/2033,0,MINISTERIO DE HACIENDA,HACIENDA,43204
USP3579ECN50,BSRD2033, ,21000,USD,21,6.493,97.439667,21/09/2026,05:22:36 PM,PRESTAMO,PRIMERA PARTE,ROTC,22/09/2026,CONFIRMADA,3355927,0,22/02/2022,22/02/2033,0,MINISTERIO DE HACIENDA,HACIENDA,47852
DO1005211227,MH32029,HACIENDA/12.75 BOEST 20290923 GTIA,100000,DOP,1,8.7359000000000009,109.853999,21/09/2026,05:22:35 PM,ESTRUCTURADA,SEGUNDA PARTE,ROTC,24/11/2026,CONFIRMADA,3355928,0,23/09/2022,23/09/2029,9.05,MINISTERIO DE HACIENDA,HACIENDA,62979
DO1005211227,MH32029,HACIENDA/12.75 BOEST 20290923 GTIA,100000,DOP,1,8.8051,110.208024,21/09/2026,05:22:35 PM,ESTRUCTURADA,PRIMERA PARTE,ROTC,22/09/2026,CONFIRMADA,3355928,0,23/09/2022,23/09/2029,9.05,MINISTERIO DE HACIENDA,HACIENDA,62762
DO1002226525,NO180228,BCENTRAL/15 BOEST 20280218 GTIA,920000,DOP,92,6.852,108.319459,21/09/2026,05:22:34 PM,ESTRUCTURADA,SEGUNDA PARTE,ROTC,20/01/2027,CONFIRMADA,3355929,0,18/02/2023,18/02/2028,9.35,BANCO CENTRAL DE LA REPUBLICA DOMINICANA,BCENTRAL,62496
DO1002226525,NO180228,BCENTRAL/15 BOEST 20280218 GTIA,920000,DOP,92,7.5427,109.745886,21/09/2026,05:22:34 PM,ESTRUCTURADA,PRIMERA PARTE,ROTC,22/09/2026,CONFIRMADA,3355929,0,18/02/2023,18/02/2028,9.35,BANCO CENTRAL DE LA REPUBLICA DOMINICANA,BCENTRAL,63042
DO1002226525,NO180228,BCENTRAL/15 BOEST 20280218 GTIA,920000,DOP,92,0,0,21/09/2026,05:22:33 PM,PRESTAMO,SEGUNDA PARTE,ROTC,17/02/2028,CONFIRMADA,3355930,0,18/02/2023,18/02/2028,0,BANCO CENTRAL DE LA REPUBLICA DOMINICANA,BCENTRAL,55678
DO1002226525,NO180228,BCENTRAL/15 BOEST 20280218 GTIA,920000,DOP,92,7.5427,109.745886,21/09/2026,05:22:33 PM,PRESTAMO,PRIMERA PARTE,ROTC,22/09/2026,CONFIRMADA,3355930,0,18/02/2023,18/02/2028,0,BANCO CENTRAL DE LA REPUBLICA DOMINICANA,BCENTRAL,60935
DO1002261423,NO301129,BCENTRAL/9.5 BOEST 20291130 GTIA,50000,DOP,5,10.733,96.885967,21/09/2026,05:22:32 PM,ESTRUCTURADA,SEGUNDA PARTE,ROTC,23/11/2026,CONFIRMADA,3355931,0,30/11/2025,30/11/2029,8.45,BANCO CENTRAL DE LA REPUBLICA DOMINICANA,BCENTRAL,62104
DO1002261423,NO301129,BCENTRAL/9.5 BOEST 20291130 GTIA,50000,DOP,5,10.6111,97.03125,21/09/2026,05:22:32 PM,ESTRUCTURADA,PRIMERA PARTE,ROTC,22/09/2026,CONFIRMADA,3355931,0,30/11/2025,30/11/2029,8.45,BANCO CENTRAL DE LA REPUBLICA DOMINICANA,BCENTRAL,61964
DO1002261423,NO301129,BCENTRAL/9.5 BOEST 20291130 GTIA,50000,DOP,5,0,0,21/09/2026,05:22:30 PM,PRESTAMO,SEGUNDA PARTE,ROTC,29/11/2029,CONFIRMADA,3355932,0,30/11/2025,30/11/2029,0,BANCO CENTRAL DE LA REPUBLICA DOMINICANA,BCENTRAL,55209
DO1002261423,NO301129,BCENTRAL/9.5 BOEST 20291130 GTIA,50000,DOP,5,10.6111,97.03125,21/09/2026,05:22:30 PM,PRESTAMO,PRIMERA PARTE,ROTC,22/09/2026,CONFIRMADA,3355932,0,30/11/2025,30/11/2029,0,BANCO CENTRAL DE LA REPUBLICA DOMINICANA,BCENTRAL,59850
DO1002262223,LE030927,BCENTRAL/ LT 20270903 GTIA,510000,DOP,51,7.9915,94.089106,21/09/2026,05:22:29 PM,ESTRUCTURADA,SEGUNDA PARTE,ROTC,24/11/2026,CONFIRMADA,3355933,0,03/09/2026,03/09/2027,9.35,BANCO CENTRAL DE LA REPUBLICA DOMINICANA,BCENTRAL,60151
DO1002262223,LE030927,BCENTRAL/ LT 20270903 GTIA,510000,DOP,51,8.3458,92.574357,21/09/2026,05:22:29 PM,ESTRUCTURADA,PRIMERA PARTE,ROTC,22/09/2026,CONFIRMADA,3355933,0,03/09/2026,03/09/2027,9.35,BANCO CENTRAL DE LA REPUBLICA DOMINICANA,BCENTRAL,60263
DO1002262223,LE030927,BCENTRAL/ LT 20270903 GTIA,510000,DOP,51,0,0,21/09/2026,05:22:28 PM,PRESTAMO,SEGUNDA PARTE,ROTC,02/09/2027,CONFIRMADA,3355934,0,03/09/2026,03/09/2027,0,BANCO CENTRAL DE LA REPUBLICA DOMINICANA,BCENTRAL,53256
DO1002262223,LE030927,BCENTRAL/ LT 20270903 GTIA,510000,DOP,51,8.3458,92.574357,21/09/2026,05:22:28 PM,PRESTAMO,PRIMERA PARTE,ROTC,22/09/2026,CONFIRMADA,3355934,0,03/09/2026,03/09/2027,0,BANCO CENTRAL DE LA REPUBLICA DOMINICANA,BCENTRAL,58156
DO1005211227,MH32029,HACIENDA/12.75 BOEST 20290923 GTIA,100000,DOP,1,0,0,21/09/2026,05:22:27 PM,PRESTAMO,SEGUNDA PARTE,ROTC,21/09/2029,CONFIRMADA,3355935,0,23/09/2022,23/09/2029,0,MINISTERIO DE HACIENDA,HACIENDA,55664
DO1005211227,MH32029,HACIENDA/12.75 BOEST 20290923 GTIA,100000,DOP,1,8.8051,110.208024,21/09/2026,05:22:27 PM,PRESTAMO,PRIMERA PARTE,ROTC,22/09/2026,CONFIRMADA,3355935,0,23/09/2022,23/09/2029,0,MINISTERIO DE HACIENDA,HACIENDA,60669
DO1002262124,LE110627,BCENTRAL/ LT 20270611 GTIA,340000,DOP,34,9.4409,96.409768,21/09/2026,05:22:26 PM,ESTRUCTURADA,SEGUNDA PARTE,ROTC,20/01/2027,CONFIRMADA,3355936,0,03/09/2026,11/06/2027,9.35,BANCO CENTRAL DE LA REPUBLICA DOMINICANA,BCENTRAL,60109
DO1002262124,LE110627,BCENTRAL/ LT 20270611 GTIA,340000,DOP,34,9.5588,93.495815,21/09/2026,05:22:26 PM,ESTRUCTURADA,PRIMERA PARTE,ROTC,22/09/2026,CONFIRMADA,3355936,0,03/09/2026,11/06/2027,9.35,BANCO CENTRAL DE LA REPUBLICA DOMINICANA,BCENTRAL,60263
DO1002262124,LE110627,BCENTRAL/ LT 20270611 GTIA,340000,DOP,34,0,0,21/09/2026,05:22:25 PM,PRESTAMO,SEGUNDA PARTE,ROTC,10/06/2027,CONFIRMADA,3355937,0,03/09/2026,11/06/2027,0,BANCO CENTRAL DE LA REPUBLICA DOMINICANA,BCENTRAL,53165
DO1002262124,LE110627,BCENTRAL/ LT 20270611 GTIA,340000,DOP,34,9.5588,93.495815,21/09/2026,05:22:25 PM,PRESTAMO,PRIMERA PARTE,ROTC,22/09/2026,CONFIRMADA,3355937,0,03/09/2026,11/06/2027,0,BANCO CENTRAL DE LA REPUBLICA DOMINICANA,BCENTRAL,58156
USP3579ECN50,BSRD2033, ,11000,USD,11,6.3989,98.007515,21/09/2026,05:22:24 PM,ESTRUCTURADA,SEGUNDA PARTE,ROTC,20/01/2027,CONFIRMADA,3355938,0,22/02/2022,22/02/2033,4.95,MINISTERIO DE HACIENDA,HACIENDA,50106
USP3579ECN50,BSRD2033, ,11000,USD,11,6.3168,98.343273,21/09/2026,05:22:24 PM,ESTRUCTURADA,PRIMERA PARTE,ROTC,22/09/2026,CONFIRMADA,3355938,0,22/02/2022,22/02/2033,4.95,MINISTERIO DE HACIENDA,HACIENDA,50183
USP3579ECN50,BSRD2033, ,11000,USD,11,0,0,21/09/2026,05:22:22 PM,PRESTAMO,SEGUNDA PARTE,ROTC,21/02/2033,CONFIRMADA,3355939,0,22/02/2022,22/02/2033,0,MINISTERIO DE HACIENDA,HACIENDA,43155
USP3579ECN50,BSRD2033, ,11000,USD,11,6.3168,98.343273,21/09/2026,05:22:22 PM,PRESTAMO,PRIMERA PARTE,ROTC,22/09/2026,CONFIRMADA,3355939,0,22/02/2022,22/02/2033,0,MINISTERIO DE HACIENDA,HACIENDA,48069
DO1005213421,MH22035,HACIENDA/10.5 BOEST 20350510 GTIA,100000,DOP,1,9.2139,107.310204,21/09/2026,05:22:21 PM,ESTRUCTURADA,SEGUNDA PARTE,ROTC,20/01/2027,CONFIRMADA,3355940,0,10/05/2024,10/05/2035,9.2,MINISTERIO DE HACIENDA,HACIENDA,62097
DO1005213421,MH22035,HACIENDA/10.5 BOEST 20350510 GTIA,100000,DOP,1,9.2386,107.351068,21/09/2026,05:22:21 PM,ESTRUCTURADA,PRIMERA PARTE,ROTC,22/09/2026,CONFIRMADA,3355940,0,10/05/2024,10/05/2035,9.2,MINISTERIO DE HACIENDA,HACIENDA,62342
DO1005213421,MH22035,HACIENDA/10.5 BOEST 20350510 GTIA,100000,DOP,1,0,0,21/09/2026,05:22:20 PM,PRESTAMO,SEGUNDA PARTE,ROTC,09/05/2035,CONFIRMADA,3355941,0,10/05/2024,10/05/2035,0,MINISTERIO DE HACIENDA,HACIENDA,55090
DO1005213421,MH22035,HACIENDA/10.5 BOEST 20350510 GTIA,100000,DOP,1,9.2386,107.351068,21/09/2026,05:22:20 PM,PRESTAMO,PRIMERA PARTE,ROTC,22/09/2026,CONFIRMADA,3355941,0,10/05/2024,10/05/2035,0,MINISTERIO DE HACIENDA,HACIENDA,60235
DO1005211227,MH32029,HACIENDA/12.75 BOEST 20290923 GTIA,1800000,DOP,18,7.0842,113.947644,21/09/2026,05:22:05 PM,PRESTAMO,SEGUNDA PARTE,ROTC,21/12/2026,CONFIRMADA,3355945,0,23/09/2022,23/09/2029,7.35,MINISTERIO DE HACIENDA,HACIENDA,61453
DO1005211227,MH32029,HACIENDA/12.75 BOEST 20290923 GTIA,1800000,DOP,18,9.4121,108.551979,21/09/2026,05:22:05 PM,PRESTAMO,PRIMERA PARTE,ROTC,22/09/2026,CONFIRMADA,3355945,0,23/09/2022,23/09/2029,7.35,MINISTERIO DE HACIENDA,HACIENDA,61579
DO1005211227,MH32029,HACIENDA/12.75 BOEST 20290923 GTIA,1800000,DOP,18,7.0842,113.947644,21/09/2026,05:22:04 PM,ESTRUCTURADA,SEGUNDA PARTE,ROTC,21/12/2026,CONFIRMADA,3355616,0,23/09/2022,23/09/2029,7.35,MINISTERIO DE HACIENDA,HACIENDA,63546
DO1005211227,MH32029,HACIENDA/12.75 BOEST 20290923 GTIA,1800000,DOP,18,9.4121,108.551979,21/09/2026,05:22:04 PM,ESTRUCTURADA,PRIMERA PARTE,ROTC,22/09/2026,CONFIRMADA,3355616,0,23/09/2022,23/09/2029,7.35,MINISTERIO DE HACIENDA,HACIENDA,63672
DO1005211227,MH32029,HACIENDA/12.75 BOEST 20290923 GTIA,100000,DOP,1,12.4099,100.7882,21/09/2026,05:20:42 PM,PRESTAMO,SEGUNDA PARTE,ROTC,22/10/2026,CONFIRMADA,3355944,0,23/09/2022,23/09/2029,7.05,MINISTERIO DE HACIENDA,HACIENDA,60256
DO1005211227,MH32029,HACIENDA/12.75 BOEST 20290923 GTIA,100000,DOP,1,14.9527,94.81415,21/09/2026,05:20:42 PM,PRESTAMO,PRIMERA PARTE,ROTC,22/09/2026,CONFIRMADA,3355944,0,23/09/2022,23/09/2029,7.05,MINISTERIO DE HACIENDA,HACIENDA,60438
DO1005211227,MH32029,HACIENDA/12.75 BOEST 20290923 GTIA,100000,DOP,1,12.4099,100.7882,21/09/2026,05:20:41 PM,ESTRUCTURADA,SEGUNDA PARTE,ROTC,22/10/2026,CONFIRMADA,3355614,0,23/09/2022,23/09/2029,7.05,MINISTERIO DE HACIENDA,HACIENDA,62349
DO1005211227,MH32029,HACIENDA/12.75 BOEST 20290923 GTIA,100000,DOP,1,14.9527,94.81415,21/09/2026,05:20:41 PM,ESTRUCTURADA,PRIMERA PARTE,ROTC,22/09/2026,CONFIRMADA,3355614,0,23/09/2022,23/09/2029,7.05,MINISTERIO DE HACIENDA,HACIENDA,62531
DO2018100324,BC1AES03,AESTRELLA/11.25 BO 20301130,1031319,DOP,1031319,9.9958,103.758178,21/09/2026,05:20:05 PM,PRESTAMO,SEGUNDA PARTE,ROTC,20/04/2027,CONFIRMADA,3355820,0,30/11/2020,30/11/2030,5.740077,ACERO ESTRELLA S A,AESTRELLA,60739
DO2018100324,BC1AES03,AESTRELLA/11.25 BO 20301130,1031319,DOP,1031319,11.465,99.284067,21/09/2026,05:20:05 PM,PRESTAMO,PRIMERA PARTE,ROTC,22/09/2026,CONFIRMADA,3355820,0,30/11/2020,30/11/2030,5.740077,ACERO ESTRELLA S A,AESTRELLA,60382
DO2018100324,BC1AES03,AESTRELLA/11.25 BO 20301130,1031319,DOP,1031319,9.9958,103.758178,21/09/2026,05:19:56 PM,ESTRUCTURADA,SEGUNDA PARTE,ROTC,20/04/2027,CONFIRMADA,3355819,0,30/11/2020,30/11/2030,9.15,ACERO ESTRELLA S A,AESTRELLA,62937
DO2018100324,BC1AES03,AESTRELLA/11.25 BO 20301130,1031319,DOP,1031319,11.465,99.284067,21/09/2026,05:19:56 PM,ESTRUCTURADA,PRIMERA PARTE,ROTC,22/09/2026,CONFIRMADA,3355819,0,30/11/2020,30/11/2030,9.15,ACERO ESTRELLA S A,AESTRELLA,62580
DO2018100324,BC1AES03,AESTRELLA/11.25 BO 20301130,11148,DOP,11148,10.0087,103.788482,21/09/2026,05:19:30 PM,ESTRUCTURADA,SEGUNDA PARTE,ROTC,22/03/2027,CONFIRMADA,3355837,0,30/11/2020,30/11/2030,8.95,ACERO ESTRELLA S A,AESTRELLA,61677
DO2018100324,BC1AES03,AESTRELLA/11.25 BO 20301130,11148,DOP,11148,11.4747,99.252201,21/09/2026,05:19:30 PM,ESTRUCTURADA,PRIMERA PARTE,ROTC,23/09/2026,CONFIRMADA,3355837,0,30/11/2020,30/11/2030,8.95,ACERO ESTRELLA S A,AESTRELLA,61425
DO2018100324,BC1AES03,AESTRELLA/11.25 BO 20301130,11148,DOP,11148,10.0087,103.788482,21/09/2026,05:19:29 PM,PRESTAMO,SEGUNDA PARTE,ROTC,22/03/2027,CONFIRMADA,3355838,0,30/11/2020,30/11/2030,4.991397,ACERO ESTRELLA S A,AESTRELLA,59633
DO2018100324,BC1AES03,AESTRELLA/11.25 BO 20301130,11148,DOP,11148,11.4747,99.252201,21/09/2026,05:19:29 PM,PRESTAMO,PRIMERA PARTE,ROTC,23/09/2026,CONFIRMADA,3355838,0,30/11/2020,30/11/2030,4.991397,ACERO ESTRELLA S A,AESTRELLA,59381
USP3579ECV76,BSDR2036, ,16750000,DOP,335,9.1542,110.036857,18/09/2026,05:18:03 PM,ESTRUCTURADA,SEGUNDA PARTE,ROTC,22/09/2026,MODIFICADA,3353163,0,01/07/2024,01/06/2036,8.3,MINISTERIO DE HACIENDA,HACIENDA,51898
DO1005211227,MH32029,HACIENDA/12.75 BOEST 20290923 GTIA,200000,DOP,2,7.5889,112.60482,21/09/2026,05:17:28 PM,PRESTAMO,SEGUNDA PARTE,ROTC,21/12/2026,CONFIRMADA,3355866,0,23/09/2022,23/09/2029,6.75,MINISTERIO DE HACIENDA,HACIENDA,60417
DO1005211227,MH32029,HACIENDA/12.75 BOEST 20290923 GTIA,200000,DOP,2,9.841,107.400995,21/09/2026,05:17:28 PM,PRESTAMO,PRIMERA PARTE,ROTC,22/09/2026,CONFIRMADA,3355866,0,23/09/2022,23/09/2029,6.75,MINISTERIO DE HACIENDA,HACIENDA,60501
DO1005211227,MH32029,HACIENDA/12.75 BOEST 20290923 GTIA,200000,DOP,2,7.5889,112.60482,21/09/2026,05:17:27 PM,ESTRUCTURADA,SEGUNDA PARTE,ROTC,21/12/2026,CONFIRMADA,3355611,0,23/09/2022,23/09/2029,6.75,MINISTERIO DE HACIENDA,HACIENDA,62510
DO1005211227,MH32029,HACIENDA/12.75 BOEST 20290923 GTIA,200000,DOP,2,9.841,107.400995,21/09/2026,05:17:27 PM,ESTRUCTURADA,PRIMERA PARTE,ROTC,22/09/2026,CONFIRMADA,3355611,0,23/09/2022,23/09/2029,6.75,MINISTERIO DE HACIENDA,HACIENDA,62594
DO1002228729,NO030328,BCENTRAL/9.5 BOEST 20280303 GTIA,6380000,DOP,638,8.5,101.326284,21/09/2026,05:16:55 PM,CONTADO,PRIMERA PARTE,ROTC,22/09/2026,CONFIRMADA,3355864,0,03/03/2025,03/03/2028,0,BANCO CENTRAL DE LA REPUBLICA DOMINICANA,BCENTRAL,60172
USP3579ECX33,BSDR2055, ,2660000,USD,2660,6.8,104.367684,21/09/2026,05:16:06 PM,PLAZO,PRIMERA PARTE,ROTC,28/09/2026,CONFIRMADA,3355861,0,24/02/2025,24/02/2055,0,MINISTERIO DE HACIENDA,HACIENDA,47418
USP3579EAY34,BSRD2044,DOMINICAN Rep/7.45 BD 20440430 GO,3500000,USD,3500,6.5,109.862166,21/09/2026,05:16:01 PM,PLAZO,PRIMERA PARTE,ROTC,28/09/2026,CONFIRMADA,3355860,0,30/04/2014,30/04/2044,0,MINISTERIO DE HACIENDA,HACIENDA,61173
USP3579ECP09,BSRD2029, ,1600000,USD,1600,6,98.891212,21/09/2026,05:15:57 PM,PLAZO,PRIMERA PARTE,ROTC,28/09/2026,CONFIRMADA,3355859,0,22/02/2022,22/02/2029,0,MINISTERIO DE HACIENDA,HACIENDA,46284
USP3579ECJ49,BSRD2041, ,3564000,USD,3564,6.89,85.664004,21/09/2026,05:15:53 PM,PLAZO,PRIMERA PARTE,ROTC,28/09/2026,CONFIRMADA,3355856,0,21/01/2021,21/01/2041,0,MINISTERIO DE HACIENDA,HACIENDA,47418
DO1002261423,NO301129,BCENTRAL/9.5 BOEST 20291130 GTIA,290000,DOP,29,9.854,99.091666,21/09/2026,05:15:51 PM,PRESTAMO,SEGUNDA PARTE,ROTC,24/11/2026,CONFIRMADA,3355855,0,30/11/2025,30/11/2029,6.45,BANCO CENTRAL DE LA REPUBLICA DOMINICANA,BCENTRAL,60452
DO1002261423,NO301129,BCENTRAL/9.5 BOEST 20291130 GTIA,290000,DOP,29,9.6536,99.560724,21/09/2026,05:15:51 PM,PRESTAMO,PRIMERA PARTE,ROTC,22/09/2026,CONFIRMADA,3355855,0,30/11/2025,30/11/2029,6.45,BANCO CENTRAL DE LA REPUBLICA DOMINICANA,BCENTRAL,60879
DO1002261423,NO301129,BCENTRAL/9.5 BOEST 20291130 GTIA,290000,DOP,29,9.854,99.091666,21/09/2026,05:15:50 PM,ESTRUCTURADA,SEGUNDA PARTE,ROTC,24/11/2026,CONFIRMADA,3355046,0,30/11/2025,30/11/2029,6.45,BANCO CENTRAL DE LA REPUBLICA DOMINICANA,BCENTRAL,62545
DO1002261423,NO301129,BCENTRAL/9.5 BOEST 20291130 GTIA,290000,DOP,29,9.6536,99.560724,21/09/2026,05:15:50 PM,ESTRUCTURADA,PRIMERA PARTE,ROTC,22/09/2026,CONFIRMADA,3355046,0,30/11/2025,30/11/2029,6.45,BANCO CENTRAL DE LA REPUBLICA DOMINICANA,BCENTRAL,62972
DO1002261829,NO010330,BCENTRAL/9.5 BOEST 20300301 GTIA,7700000,DOP,770,9.2,100.856293,21/09/2026,05:15:46 PM,CONTADO,PRIMERA PARTE,ROTC,23/09/2026,CONFIRMADA,3355854,0,01/03/2026,01/03/2030,0,BANCO CENTRAL DE LA REPUBLICA DOMINICANA,BCENTRAL,60025
DO1002223928,NO120227,BCENTRAL/8 BOEST 20270212 GTIA,3120000,DOP,312,8.999999,99.613454,21/09/2026,05:15:40 PM,CONTADO,PRIMERA PARTE,ROTC,23/09/2026,CONFIRMADA,3355853,0,12/02/2022,12/02/2027,0,BANCO CENTRAL DE LA REPUBLICA DOMINICANA,BCENTRAL,61005
DO1002223621,NO150127,BCENTRAL/8 BOEST 20270115 GTIA,720000,DOP,72,9,99.680367,21/09/2026,05:15:35 PM,CONTADO,PRIMERA PARTE,ROTC,23/09/2026,CONFIRMADA,3355852,0,15/01/2022,15/01/2027,0,BANCO CENTRAL DE LA REPUBLICA DOMINICANA,BCENTRAL,57701
DO1002224124,NO120327,BCENTRAL/8 BOEST 20270312 GTIA,10400000,DOP,1040,7.9,99.592903,21/09/2026,05:15:26 PM,PRESTAMO,SEGUNDA PARTE,ROTC,20/11/2026,CONFIRMADA,3355850,0,12/03/2022,12/03/2027,0.02,BANCO CENTRAL DE LA REPUBLICA DOMINICANA,BCENTRAL,60221
DO1002224124,NO120327,BCENTRAL/8 BOEST 20270312 GTIA,10400000,DOP,1040,7.9,99.592903,21/09/2026,05:15:26 PM,PRESTAMO,PRIMERA PARTE,ROTC,22/09/2026,CONFIRMADA,3355850,0,12/03/2022,12/03/2027,0.02,BANCO CENTRAL DE LA REPUBLICA DOMINICANA,BCENTRAL,60347
DO1002224124,NO120327,BCENTRAL/8 BOEST 20270312 GTIA,10400000,DOP,1040,9.343018,99.578077,21/09/2026,05:15:22 PM,PLAZO,PRIMERA PARTE,ROTC,20/11/2026,CONFIRMADA,3355848,0,12/03/2022,12/03/2027,0,BANCO CENTRAL DE LA REPUBLICA DOMINICANA,BCENTRAL,60459
DO1002224124,NO120327,BCENTRAL/8 BOEST 20270312 GTIA,10400000,DOP,1040,8.889077,99.592903,21/09/2026,05:15:17 PM,CONTADO,PRIMERA PARTE,ROTC,22/09/2026,CONFIRMADA,3355847,0,12/03/2022,12/03/2027,0,BANCO CENTRAL DE LA REPUBLICA DOMINICANA,BCENTRAL,61551
DO1002262223,LE030927,BCENTRAL/ LT 20270903 GTIA,17860000,DOP,1786,8,92.223646,21/09/2026,05:15:12 PM,PRESTAMO,SEGUNDA PARTE,ROTC,22/03/2027,CONFIRMADA,3355846,0,03/09/2026,03/09/2027,0.02,BANCO CENTRAL DE LA REPUBLICA DOMINICANA,BCENTRAL,57729
DO1002262223,LE030927,BCENTRAL/ LT 20270903 GTIA,17860000,DOP,1786,8,92.223646,21/09/2026,05:15:12 PM,PRESTAMO,PRIMERA PARTE,ROTC,22/09/2026,CONFIRMADA,3355846,0,03/09/2026,03/09/2027,0.02,BANCO CENTRAL DE LA REPUBLICA DOMINICANA,BCENTRAL,57827
DO1002262223,LE030927,BCENTRAL/ LT 20270903 GTIA,17860000,DOP,1786,9.271422,95.923812,21/09/2026,05:15:08 PM,PLAZO,PRIMERA PARTE,ROTC,22/03/2027,CONFIRMADA,3355845,0,03/09/2026,03/09/2027,0,BANCO CENTRAL DE LA REPUBLICA DOMINICANA,BCENTRAL,58730
DO1002262223,LE030927,BCENTRAL/ LT 20270903 GTIA,17860000,DOP,1786,8.773243,92.223646,21/09/2026,05:15:00 PM,CONTADO,PRIMERA PARTE,ROTC,22/09/2026,CONFIRMADA,3355842,0,03/09/2026,03/09/2027,0,BANCO CENTRAL DE LA REPUBLICA DOMINICANA,BCENTRAL,59633
DO1002224124,NO120327,BCENTRAL/8 BOEST 20270312 GTIA,7500000,DOP,750,8,99.779006,21/09/2026,05:14:54 PM,PRESTAMO,SEGUNDA PARTE,ROTC,23/11/2026,CONFIRMADA,3355841,0,12/03/2022,12/03/2027,0.02,BANCO CENTRAL DE LA REPUBLICA DOMINICANA,BCENTRAL,58961
DO1002224124,NO120327,BCENTRAL/8 BOEST 20270312 GTIA,7500000,DOP,750,8,99.779006,21/09/2026,05:14:54 PM,PRESTAMO,PRIMERA PARTE,ROTC,22/09/2026,CONFIRMADA,3355841,0,12/03/2022,12/03/2027,0.02,BANCO CENTRAL DE LA REPUBLICA DOMINICANA,BCENTRAL,59066
DO1002224124,NO120327,BCENTRAL/8 BOEST 20270312 GTIA,7500000,DOP,750,8.675252,99.783174,21/09/2026,05:14:49 PM,PLAZO,PRIMERA PARTE,ROTC,23/11/2026,CONFIRMADA,3355840,0,12/03/2022,12/03/2027,0,BANCO CENTRAL DE LA REPUBLICA DOMINICANA,BCENTRAL,59983
DO1002224124,NO120327,BCENTRAL/8 BOEST 20270312 GTIA,7500000,DOP,750,8.477617,99.779006,21/09/2026,05:14:44 PM,CONTADO,PRIMERA PARTE,ROTC,22/09/2026,CONFIRMADA,3355839,0,12/03/2022,12/03/2027,0,BANCO CENTRAL DE LA REPUBLICA DOMINICANA,BCENTRAL,60928
DO1002224124,NO120327,BCENTRAL/8 BOEST 20270312 GTIA,400000,DOP,40,7.000007,100.453257,21/09/2026,05:14:09 PM,CONTADO,PRIMERA PARTE,ROTC,22/09/2026,CONFIRMADA,3355836,0,12/03/2022,12/03/2027,0,BANCO CENTRAL DE LA REPUBLICA DOMINICANA,BCENTRAL,60165
DO2018100324,BC1AES03,AESTRELLA/11.25 BO 20301130,270013,DOP,270013,10.856,101.204438,21/09/2026,05:14:01 PM,ESTRUCTURADA,SEGUNDA PARTE,ROTC,19/02/2027,CONFIRMADA,3355801,0,30/11/2020,30/11/2030,8.9,ACERO ESTRELLA S A,AESTRELLA,61873
DO2018100324,BC1AES03,AESTRELLA/11.25 BO 20301130,270013,DOP,270013,11.4651,99.284041,21/09/2026,05:14:01 PM,ESTRUCTURADA,PRIMERA PARTE,ROTC,22/09/2026,CONFIRMADA,3355801,0,30/11/2020,30/11/2030,8.9,ACERO ESTRELLA S A,AESTRELLA,62020
DO2018100324,BC1AES03,AESTRELLA/11.25 BO 20301130,270013,DOP,270013,10.856,101.204438,21/09/2026,05:14:00 PM,PRESTAMO,SEGUNDA PARTE,ROTC,19/02/2027,CONFIRMADA,3355802,0,30/11/2020,30/11/2030,4.259335,ACERO ESTRELLA S A,AESTRELLA,59766
DO2018100324,BC1AES03,AESTRELLA/11.25 BO 20301130,270013,DOP,270013,11.4651,99.284041,21/09/2026,05:14:00 PM,PRESTAMO,PRIMERA PARTE,ROTC,22/09/2026,CONFIRMADA,3355802,0,30/11/2020,30/11/2030,4.259335,ACERO ESTRELLA S A,AESTRELLA,59913
DO1005205716,MHUS2027,HACIENDA/6 BOEST 20270305 GTIA,8000,USD,8,-7.2577,101.65275,21/09/2026,05:13:44 PM,PRESTAMO,SEGUNDA PARTE,ROTC,20/01/2027,CONFIRMADA,3355835,0,05/09/2016,05/03/2027,3.45,MINISTERIO DE HACIENDA,HACIENDA,59507
DO1005205716,MHUS2027,HACIENDA/6 BOEST 20270305 GTIA,8000,USD,8,0.5416,102.443875,21/09/2026,05:13:44 PM,PRESTAMO,PRIMERA PARTE,ROTC,22/09/2026,CONFIRMADA,3355835,0,05/09/2016,05/03/2027,3.45,MINISTERIO DE HACIENDA,HACIENDA,59619
DO1005205716,MHUS2027,HACIENDA/6 BOEST 20270305 GTIA,8000,USD,8,-7.2577,101.65275,21/09/2026,05:13:43 PM,ESTRUCTURADA,SEGUNDA PARTE,ROTC,20/01/2027,CONFIRMADA,3355045,0,05/09/2016,05/03/2027,3.45,MINISTERIO DE HACIENDA,HACIENDA,61600
DO1005205716,MHUS2027,HACIENDA/6 BOEST 20270305 GTIA,8000,USD,8,0.5416,102.443875,21/09/2026,05:13:43 PM,ESTRUCTURADA,PRIMERA PARTE,ROTC,22/09/2026,CONFIRMADA,3355045,0,05/09/2016,05/03/2027,3.45,MINISTERIO DE HACIENDA,HACIENDA,61712
DO1002223928,NO120227,BCENTRAL/8 BOEST 20270212 GTIA,990000,DOP,99,8.69999913,99.724955,21/09/2026,05:12:06 PM,CONTADO,PRIMERA PARTE,ROTC,23/09/2026,CONFIRMADA,3355055,0,12/02/2022,12/02/2027,0,BANCO CENTRAL DE LA REPUBLICA DOMINICANA,BCENTRAL,61236
USP3579ECH82,BSRD2032,"DOMINICAN, REP /4.875 BD 20320923",2247000,USD,2247,6.47,92.185741,21/09/2026,05:11:55 PM,PLAZO,PRIMERA PARTE,ROTC,28/09/2026,CONFIRMADA,3355723,0,23/09/2020,23/09/2032,0,MINISTERIO DE HACIENDA,HACIENDA,60452
DO1002261324,NO241128,BCENTRAL/9.25 BOEST 20281124 GTIA,29870000,DOP,2987,9.2,100.073014,21/09/2026,05:11:28 PM,CONTADO,PRIMERA PARTE,ROTC,23/09/2026,CONFIRMADA,3355834,0,24/11/2025,24/11/2028,0,BANCO CENTRAL DE LA REPUBLICA DOMINICANA,BCENTRAL,61145
DO2018100324,BC1AES03,AESTRELLA/11.25 BO 20301130,28003,DOP,28003,10.7485,101.548691,21/09/2026,05:11:12 PM,ESTRUCTURADA,SEGUNDA PARTE,ROTC,02/02/2027,CONFIRMADA,3355799,0,30/11/2020,30/11/2030,9.55,ACERO ESTRELLA S A,AESTRELLA,61593
DO2018100324,BC1AES03,AESTRELLA/11.25 BO 20301130,28003,DOP,28003,11.4649,99.284418,21/09/2026,05:11:12 PM,ESTRUCTURADA,PRIMERA PARTE,ROTC,22/09/2026,CONFIRMADA,3355799,0,30/11/2020,30/11/2030,9.55,ACERO ESTRELLA S A,AESTRELLA,61446
DO2018100324,BC1AES03,AESTRELLA/11.25 BO 20301130,28003,DOP,28003,10.7485,101.548691,21/09/2026,05:11:11 PM,PRESTAMO,SEGUNDA PARTE,ROTC,02/02/2027,CONFIRMADA,3355800,0,30/11/2020,30/11/2030,4.092765,ACERO ESTRELLA S A,AESTRELLA,59486
DO2018100324,BC1AES03,AESTRELLA/11.25 BO 20301130,28003,DOP,28003,11.4649,99.284418,21/09/2026,05:11:11 PM,PRESTAMO,PRIMERA PARTE,ROTC,22/09/2026,CONFIRMADA,3355800,0,30/11/2020,30/11/2030,4.092765,ACERO ESTRELLA S A,AESTRELLA,59339
USP3579ECJ49,BSRD2041, ,3564000,USD,3564,6.89,85.664004,21/09/2026,05:10:54 PM,PLAZO,PRIMERA PARTE,ROTC,28/09/2026,CONFIRMADA,3355724,0,21/01/2021,21/01/2041,0,MINISTERIO DE HACIENDA,HACIENDA,47390
DO1002223928,NO120227,BCENTRAL/8 BOEST 20270212 GTIA,990000,DOP,99,8.3,99.874065,21/09/2026,05:10:30 PM,CONTADO,PRIMERA PARTE,ROTC,23/09/2026,CONFIRMADA,3355056,0,12/02/2022,12/02/2027,0,BANCO CENTRAL DE LA REPUBLICA DOMINICANA,BCENTRAL,58471
DO1002224124,NO120327,BCENTRAL/8 BOEST 20270312 GTIA,540000000,DOP,54000,8.243452,99.88548,21/09/2026,05:09:47 PM,CONTADO,PRIMERA PARTE,ROTC,23/09/2026,CONFIRMADA,3355727,0,12/03/2022,12/03/2027,0,BANCO CENTRAL DE LA REPUBLICA DOMINICANA,BCENTRAL,61894
DO1002261829,NO010330,BCENTRAL/9.5 BOEST 20300301 GTIA,10000,DOP,1,9,101.440176,21/09/2026,05:09:43 PM,CONTADO,PRIMERA PARTE,ROTC,23/09/2026,CONFIRMADA,3355833,0,01/03/2026,01/03/2030,0,BANCO CENTRAL DE LA REPUBLICA DOMINICANA,BCENTRAL,57757
DO1002223621,NO150127,BCENTRAL/8 BOEST 20270115 GTIA,130000000,DOP,13000,7.006328,100.28314,21/09/2026,05:07:38 PM,CONTADO,PRIMERA PARTE,ROTC,23/09/2026,CONFIRMADA,3355732,0,15/01/2022,15/01/2027,0,BANCO CENTRAL DE LA REPUBLICA DOMINICANA,BCENTRAL,61929
DO1002224124,NO120327,BCENTRAL/8 BOEST 20270312 GTIA,31000000,DOP,3100,9.9,99.143102,21/09/2026,05:07:37 PM,CONTADO,PRIMERA PARTE,ROTC,23/09/2026,CONFIRMADA,3355830,0,12/03/2022,12/03/2027,0,BANCO CENTRAL DE LA REPUBLICA DOMINICANA,BCENTRAL,59563
DO2018100324,BC1AES03,AESTRELLA/11.25 BO 20301130,49998,DOP,49998,11.5314,99.078943,21/09/2026,05:07:20 PM,ESTRUCTURADA,SEGUNDA PARTE,ROTC,22/10/2026,CONFIRMADA,3355797,0,30/11/2020,30/11/2030,8.55,ACERO ESTRELLA S A,AESTRELLA,61677
DO2018100324,BC1AES03,AESTRELLA/11.25 BO 20301130,49998,DOP,49998,11.4629,99.291095,21/09/2026,05:07:20 PM,ESTRUCTURADA,PRIMERA PARTE,ROTC,22/09/2026,CONFIRMADA,3355797,0,30/11/2020,30/11/2030,8.55,ACERO ESTRELLA S A,AESTRELLA,61817
DO2018100324,BC1AES03,AESTRELLA/11.25 BO 20301130,49998,DOP,49998,11.5314,99.078943,21/09/2026,05:07:18 PM,PRESTAMO,SEGUNDA PARTE,ROTC,22/10/2026,CONFIRMADA,3355798,0,30/11/2020,30/11/2030,1.411357,ACERO ESTRELLA S A,AESTRELLA,59626
DO2018100324,BC1AES03,AESTRELLA/11.25 BO 20301130,49998,DOP,49998,11.4629,99.291095,21/09/2026,05:07:18 PM,PRESTAMO,PRIMERA PARTE,ROTC,22/09/2026,CONFIRMADA,3355798,0,30/11/2020,30/11/2030,1.411357,ACERO ESTRELLA S A,AESTRELLA,59766
DO1002224124,NO120327,BCENTRAL/8 BOEST 20270312 GTIA,200000000,DOP,20000,8.185491,99.912205,21/09/2026,05:06:39 PM,PLAZO,PRIMERA PARTE,ROTC,28/09/2026,CONFIRMADA,3355733,0,12/03/2022,12/03/2027,0,BANCO CENTRAL DE LA REPUBLICA DOMINICANA,BCENTRAL,61201
DO1002261423,NO301129,BCENTRAL/9.5 BOEST 20291130 GTIA,10000,DOP,1,-7.9175,153.4335,21/09/2026,05:06:25 PM,PRESTAMO,SEGUNDA PARTE,ROTC,22/03/2027,CONFIRMADA,3355823,0,30/11/2025,30/11/2029,8.45,BANCO CENTRAL DE LA REPUBLICA DOMINICANA,BCENTRAL,59829
DO1002261423,NO301129,BCENTRAL/9.5 BOEST 20291130 GTIA,10000,DOP,1,-4.145,147.0312,21/09/2026,05:06:25 PM,PRESTAMO,PRIMERA PARTE,ROTC,22/09/2026,CONFIRMADA,3355823,0,30/11/2025,30/11/2029,8.45,BANCO CENTRAL DE LA REPUBLICA DOMINICANA,BCENTRAL,59444
DO1002261423,NO301129,BCENTRAL/9.5 BOEST 20291130 GTIA,10000,DOP,1,-7.9175,153.4335,21/09/2026,05:06:24 PM,ESTRUCTURADA,SEGUNDA PARTE,ROTC,22/03/2027,CONFIRMADA,3354981,0,30/11/2025,30/11/2029,8.45,BANCO CENTRAL DE LA REPUBLICA DOMINICANA,BCENTRAL,61922
DO1002261423,NO301129,BCENTRAL/9.5 BOEST 20291130 GTIA,10000,DOP,1,-4.145,147.0312,21/09/2026,05:06:24 PM,ESTRUCTURADA,PRIMERA PARTE,ROTC,22/09/2026,CONFIRMADA,3354981,0,30/11/2025,30/11/2029,8.45,BANCO CENTRAL DE LA REPUBLICA DOMINICANA,BCENTRAL,61537
DO1002223621,NO150127,BCENTRAL/8 BOEST 20270115 GTIA,260000000,DOP,26000,6.822872,100.320128,21/09/2026,05:05:29 PM,PLAZO,PRIMERA PARTE,ROTC,29/09/2026,CONFIRMADA,3355580,0,15/01/2022,15/01/2027,0,BANCO CENTRAL DE LA REPUBLICA DOMINICANA,BCENTRAL,61488
DO1002261423,NO301129,BCENTRAL/9.5 BOEST 20291130 GTIA,40000,DOP,4,5.0347,112.6823,21/09/2026,05:04:43 PM,PRESTAMO,SEGUNDA PARTE,ROTC,22/10/2026,CONFIRMADA,3355812,0,30/11/2025,30/11/2029,6.45,BANCO CENTRAL DE LA REPUBLICA DOMINICANA,BCENTRAL,59444
DO1002261423,NO301129,BCENTRAL/9.5 BOEST 20291130 GTIA,40000,DOP,4,5.0829,112.8343,21/09/2026,05:04:43 PM,PRESTAMO,PRIMERA PARTE,ROTC,22/09/2026,CONFIRMADA,3355812,0,30/11/2025,30/11/2029,6.45,BANCO CENTRAL DE LA REPUBLICA DOMINICANA,BCENTRAL,59591
DO1002261423,NO301129,BCENTRAL/9.5 BOEST 20291130 GTIA,40000,DOP,4,5.0347,112.6823,21/09/2026,05:04:42 PM,ESTRUCTURADA,SEGUNDA PARTE,ROTC,22/10/2026,CONFIRMADA,3354982,0,30/11/2025,30/11/2029,6.45,BANCO CENTRAL DE LA REPUBLICA DOMINICANA,BCENTRAL,61537
DO1002261423,NO301129,BCENTRAL/9.5 BOEST 20291130 GTIA,40000,DOP,4,5.0829,112.8343,21/09/2026,05:04:42 PM,ESTRUCTURADA,PRIMERA PARTE,ROTC,22/09/2026,CONFIRMADA,3354982,0,30/11/2025,30/11/2029,6.45,BANCO CENTRAL DE LA REPUBLICA DOMINICANA,BCENTRAL,61684
DO2018100324,BC1AES03,AESTRELLA/11.25 BO 20301130,26301,DOP,26301,11.5074,99.156192,21/09/2026,05:04:21 PM,ESTRUCTURADA,SEGUNDA PARTE,ROTC,22/10/2026,CONFIRMADA,3355794,0,30/11/2020,30/11/2030,9.55,ACERO ESTRELLA S A,AESTRELLA,61257
DO2018100324,BC1AES03,AESTRELLA/11.25 BO 20301130,26301,DOP,26301,11.4647,99.28505,21/09/2026,05:04:21 PM,ESTRUCTURADA,PRIMERA PARTE,ROTC,22/09/2026,CONFIRMADA,3355794,0,30/11/2020,30/11/2030,9.55,ACERO ESTRELLA S A,AESTRELLA,61047
DO2018100324,BC1AES03,AESTRELLA/11.25 BO 20301130,26301,DOP,26301,11.5074,99.156192,21/09/2026,05:04:20 PM,PRESTAMO,SEGUNDA PARTE,ROTC,22/10/2026,CONFIRMADA,3355795,0,30/11/2020,30/11/2030,1.492901,ACERO ESTRELLA S A,AESTRELLA,59150
DO2018100324,BC1AES03,AESTRELLA/11.25 BO 20301130,26301,DOP,26301,11.4647,99.28505,21/09/2026,05:04:20 PM,PRESTAMO,PRIMERA PARTE,ROTC,22/09/2026,CONFIRMADA,3355795,0,30/11/2020,30/11/2030,1.492901,ACERO ESTRELLA S A,AESTRELLA,58940
DO1002261324,NO241128,BCENTRAL/9.25 BOEST 20281124 GTIA,35000000,DOP,3500,9.4,99.687499,21/09/2026,05:04:03 PM,CONTADO,PRIMERA PARTE,ROTC,22/09/2026,CONFIRMADA,3355482,0,24/11/2025,24/11/2028,0,BANCO CENTRAL DE LA REPUBLICA DOMINICANA,BCENTRAL,60844
USP3579ECG00,BSRD2060,DOMINICAN REP/5.875 BD 20600130 U,93000,USD,93,6.600001,90.26546,21/09/2026,05:04:00 PM,PLAZO,PRIMERA PARTE,ROTC,28/09/2026,CONFIRMADA,3355810,0,30/01/2020,30/01/2060,0,MINISTERIO DE HACIENDA,HACIENDA,60116
DO1002227721,NO111226,BCENTRAL/9 BOEST 20261211 GTIA,10000,DOP,1,8.950001,99.98627,21/09/2026,05:02:35 PM,CONTADO,PRIMERA PARTE,ROTC,23/09/2026,CONFIRMADA,3355809,0,11/12/2023,11/12/2026,0,BANCO CENTRAL DE LA REPUBLICA DOMINICANA,BCENTRAL,59003
DO1005205716,MHUS2027,HACIENDA/6 BOEST 20270305 GTIA,5000,USD,5,0.9598,100.5898,21/09/2026,05:02:27 PM,PRESTAMO,SEGUNDA PARTE,ROTC,21/01/2027,CONFIRMADA,3355808,0,05/09/2016,05/03/2027,3.85,MINISTERIO DE HACIENDA,HACIENDA,58863
DO1005205716,MHUS2027,HACIENDA/6 BOEST 20270305 GTIA,5000,USD,5,3.1083,101.2592,21/09/2026,05:02:27 PM,PRESTAMO,PRIMERA PARTE,ROTC,23/09/2026,CONFIRMADA,3355808,0,05/09/2016,05/03/2027,3.85,MINISTERIO DE HACIENDA,HACIENDA,58800
DO1005205716,MHUS2027,HACIENDA/6 BOEST 20270305 GTIA,5000,USD,5,0.9598,100.5898,21/09/2026,05:02:26 PM,ESTRUCTURADA,SEGUNDA PARTE,ROTC,21/01/2027,CONFIRMADA,3354617,0,05/09/2016,05/03/2027,3.85,MINISTERIO DE HACIENDA,HACIENDA,60956
DO1005205716,MHUS2027,HACIENDA/6 BOEST 20270305 GTIA,5000,USD,5,3.1083,101.2592,21/09/2026,05:02:26 PM,ESTRUCTURADA,PRIMERA PARTE,ROTC,23/09/2026,CONFIRMADA,3354617,0,05/09/2016,05/03/2027,3.85,MINISTERIO DE HACIENDA,HACIENDA,60893
DO1005205716,MHUS2027,HACIENDA/6 BOEST 20270305 GTIA,3000,USD,3,-9.0702,101.891667,21/09/2026,05:01:38 PM,PRESTAMO,SEGUNDA PARTE,ROTC,20/01/2027,CONFIRMADA,3355806,0,05/09/2016,05/03/2027,3.85,MINISTERIO DE HACIENDA,HACIENDA,59787
DO1005205716,MHUS2027,HACIENDA/6 BOEST 20270305 GTIA,3000,USD,3,0.3247,102.544667,21/09/2026,05:01:38 PM,PRESTAMO,PRIMERA PARTE,ROTC,22/09/2026,CONFIRMADA,3355806,0,05/09/2016,05/03/2027,3.85,MINISTERIO DE HACIENDA,HACIENDA,59556
DO1005205716,MHUS2027,HACIENDA/6 BOEST 20270305 GTIA,3000,USD,3,-9.0702,101.891667,21/09/2026,05:01:37 PM,ESTRUCTURADA,SEGUNDA PARTE,ROTC,20/01/2027,CONFIRMADA,3354616,0,05/09/2016,05/03/2027,3.85,MINISTERIO DE HACIENDA,HACIENDA,61880
DO1005205716,MHUS2027,HACIENDA/6 BOEST 20270305 GTIA,3000,USD,3,0.3247,102.544667,21/09/2026,05:01:37 PM,ESTRUCTURADA,PRIMERA PARTE,ROTC,22/09/2026,CONFIRMADA,3354616,0,05/09/2016,05/03/2027,3.85,MINISTERIO DE HACIENDA,HACIENDA,61649
USP3579ECE51,BSRD2049,"DOMINICAN, REP /6.4 BD 20490605",19000,USD,19,5.0251,118.449789,21/09/2026,05:01:05 PM,PRESTAMO,SEGUNDA PARTE,ROTC,22/10/2026,CONFIRMADA,3355793,0,05/06/2019,05/06/2049,1.909953,MINISTERIO DE HACIENDA,HACIENDA,60788
USP3579ECE51,BSRD2049,"DOMINICAN, REP /6.4 BD 20490605",19000,USD,19,5.019,118.576515,21/09/2026,05:01:05 PM,PRESTAMO,PRIMERA PARTE,ROTC,22/09/2026,CONFIRMADA,3355793,0,05/06/2019,05/06/2049,1.909953,MINISTERIO DE HACIENDA,HACIENDA,60501
USP3579ECE51,BSRD2049,"DOMINICAN, REP /6.4 BD 20490605",19000,USD,19,5.0251,118.449789,21/09/2026,05:01:04 PM,ESTRUCTURADA,SEGUNDA PARTE,ROTC,22/10/2026,CONFIRMADA,3355792,0,05/06/2019,05/06/2049,4.05,MINISTERIO DE HACIENDA,HACIENDA,62881
USP3579ECE51,BSRD2049,"DOMINICAN, REP /6.4 BD 20490605",19000,USD,19,5.019,118.576515,21/09/2026,05:01:04 PM,ESTRUCTURADA,PRIMERA PARTE,ROTC,22/09/2026,CONFIRMADA,3355792,0,05/06/2019,05/06/2049,4.05,MINISTERIO DE HACIENDA,HACIENDA,62594
DO1002228729,NO030328,BCENTRAL/9.5 BOEST 20280303 GTIA,100000000,DOP,10000,9.277415,100.2841,21/09/2026,04:59:45 PM,CONTADO,PRIMERA PARTE,ROTC,23/09/2026,CONFIRMADA,3355644,0,03/03/2025,03/03/2028,0,BANCO CENTRAL DE LA REPUBLICA DOMINICANA,BCENTRAL,62419
DO1005205716,MHUS2027,HACIENDA/6 BOEST 20270305 GTIA,97000,USD,97,4.3,102.813331,21/09/2026,04:58:40 PM,PRESTAMO,SEGUNDA PARTE,ROTC,03/02/2027,CONFIRMADA,3355805,0,05/09/2016,05/03/2027,0.02,MINISTERIO DE HACIENDA,HACIENDA,59164
DO1005205716,MHUS2027,HACIENDA/6 BOEST 20270305 GTIA,97000,USD,97,4.3,102.813331,21/09/2026,04:58:40 PM,PRESTAMO,PRIMERA PARTE,ROTC,22/09/2026,CONFIRMADA,3355805,0,05/09/2016,05/03/2027,0.02,MINISTERIO DE HACIENDA,HACIENDA,59276
DO1005205716,MHUS2027,HACIENDA/6 BOEST 20270305 GTIA,97000,USD,97,-19.436897,102.252974,21/09/2026,04:58:33 PM,PLAZO,PRIMERA PARTE,ROTC,03/02/2027,CONFIRMADA,3355804,0,05/09/2016,05/03/2027,0,MINISTERIO DE HACIENDA,HACIENDA,60319
DO1005205716,MHUS2027,HACIENDA/6 BOEST 20270305 GTIA,97000,USD,97,-0.251437,102.813331,21/09/2026,04:58:25 PM,CONTADO,PRIMERA PARTE,ROTC,22/09/2026,CONFIRMADA,3355803,0,05/09/2016,05/03/2027,0,MINISTERIO DE HACIENDA,HACIENDA,60704
DO2018100324,BC1AES03,AESTRELLA/11.25 BO 20301130,1115307,DOP,1115307,11.5297,99.08436,21/09/2026,04:56:57 PM,PRESTAMO,SEGUNDA PARTE,ROTC,22/10/2026,CONFIRMADA,3355776,0,30/11/2020,30/11/2030,1.423633,ACERO ESTRELLA S A,AESTRELLA,60382
DO2018100324,BC1AES03,AESTRELLA/11.25 BO 20301130,1115307,DOP,1115307,11.465,99.284068,21/09/2026,04:56:57 PM,PRESTAMO,PRIMERA PARTE,ROTC,22/09/2026,CONFIRMADA,3355776,0,30/11/2020,30/11/2030,1.423633,ACERO ESTRELLA S A,AESTRELLA,60494
DO2018100324,BC1AES03,AESTRELLA/11.25 BO 20301130,1115307,DOP,1115307,11.5297,99.08436,21/09/2026,04:56:56 PM,ESTRUCTURADA,SEGUNDA PARTE,ROTC,22/10/2026,CONFIRMADA,3355775,0,30/11/2020,30/11/2030,8.7,ACERO ESTRELLA S A,AESTRELLA,62475
DO2018100324,BC1AES03,AESTRELLA/11.25 BO 20301130,1115307,DOP,1115307,11.465,99.284068,21/09/2026,04:56:56 PM,ESTRUCTURADA,PRIMERA PARTE,ROTC,22/09/2026,CONFIRMADA,3355775,0,30/11/2020,30/11/2030,8.7,ACERO ESTRELLA S A,AESTRELLA,62587
USP3579ECP09,BSRD2029, ,1600000,USD,1600,6,98.891212,21/09/2026,04:55:40 PM,PLAZO,PRIMERA PARTE,ROTC,28/09/2026,CONFIRMADA,3355568,0,22/02/2022,22/02/2029,0,MINISTERIO DE HACIENDA,HACIENDA,46249
DO1005205716,MHUS2027,HACIENDA/6 BOEST 20270305 GTIA,125000,USD,125,-8.8121,101.857472,21/09/2026,04:55:34 PM,PRESTAMO,SEGUNDA PARTE,ROTC,20/01/2027,CONFIRMADA,3355796,0,05/09/2016,05/03/2027,4.2,MINISTERIO DE HACIENDA,HACIENDA,61215
DO1005205716,MHUS2027,HACIENDA/6 BOEST 20270305 GTIA,125000,USD,125,0.652,102.392664,21/09/2026,04:55:34 PM,PRESTAMO,PRIMERA PARTE,ROTC,22/09/2026,CONFIRMADA,3355796,0,05/09/2016,05/03/2027,4.2,MINISTERIO DE HACIENDA,HACIENDA,60627
DO1005205716,MHUS2027,HACIENDA/6 BOEST 20270305 GTIA,125000,USD,125,-8.8121,101.857472,21/09/2026,04:55:33 PM,ESTRUCTURADA,SEGUNDA PARTE,ROTC,20/01/2027,CONFIRMADA,3354618,0,05/09/2016,05/03/2027,4.2,MINISTERIO DE HACIENDA,HACIENDA,63308
DO1005205716,MHUS2027,HACIENDA/6 BOEST 20270305 GTIA,125000,USD,125,0.652,102.392664,21/09/2026,04:55:33 PM,ESTRUCTURADA,PRIMERA PARTE,ROTC,22/09/2026,CONFIRMADA,3354618,0,05/09/2016,05/03/2027,4.2,MINISTERIO DE HACIENDA,HACIENDA,62720
DO1005211227,MH32029,HACIENDA/12.75 BOEST 20290923 GTIA,7500000,DOP,75,6.105,116.611636,21/09/2026,04:53:58 PM,PRESTAMO,SEGUNDA PARTE,ROTC,21/12/2026,CONFIRMADA,3355791,0,23/09/2022,23/09/2029,8,MINISTERIO DE HACIENDA,HACIENDA,61117
DO1005211227,MH32029,HACIENDA/12.75 BOEST 20290923 GTIA,7500000,DOP,75,8.526,110.980612,21/09/2026,04:53:58 PM,PRESTAMO,PRIMERA PARTE,ROTC,22/09/2026,CONFIRMADA,3355791,0,23/09/2022,23/09/2029,8,MINISTERIO DE HACIENDA,HACIENDA,61271
DO1005211227,MH32029,HACIENDA/12.75 BOEST 20290923 GTIA,7500000,DOP,75,6.105,116.611636,21/09/2026,04:53:57 PM,ESTRUCTURADA,SEGUNDA PARTE,ROTC,21/12/2026,CONFIRMADA,3354470,0,23/09/2022,23/09/2029,8,MINISTERIO DE HACIENDA,HACIENDA,63210
DO1005211227,MH32029,HACIENDA/12.75 BOEST 20290923 GTIA,7500000,DOP,75,8.526,110.980612,21/09/2026,04:53:57 PM,ESTRUCTURADA,PRIMERA PARTE,ROTC,22/09/2026,CONFIRMADA,3354470,0,23/09/2022,23/09/2029,8,MINISTERIO DE HACIENDA,HACIENDA,63364
DO1002262223,LE030927,BCENTRAL/ LT 20270903 GTIA,6770000,DOP,677,8.05,92.21477,21/09/2026,04:53:43 PM,PRESTAMO,SEGUNDA PARTE,ROTC,31/08/2027,CONFIRMADA,3355790,0,03/09/2026,03/09/2027,0.02,BANCO CENTRAL DE LA REPUBLICA DOMINICANA,BCENTRAL,57778
DO1002262223,LE030927,BCENTRAL/ LT 20270903 GTIA,6770000,DOP,677,8.05,92.21477,21/09/2026,04:53:43 PM,PRESTAMO,PRIMERA PARTE,ROTC,22/09/2026,CONFIRMADA,3355790,0,03/09/2026,03/09/2027,0.02,BANCO CENTRAL DE LA REPUBLICA DOMINICANA,BCENTRAL,57841
DO1002262223,LE030927,BCENTRAL/ LT 20270903 GTIA,6770000,DOP,677,88.251124,99.269943,21/09/2026,04:53:36 PM,PLAZO,PRIMERA PARTE,ROTC,31/08/2027,CONFIRMADA,3355789,0,03/09/2026,03/09/2027,0,BANCO CENTRAL DE LA REPUBLICA DOMINICANA,BCENTRAL,58527
USP3579ECE51,BSRD2049,"DOMINICAN, REP /6.4 BD 20490605",41000,USD,41,4.873,120.78378,21/09/2026,04:53:31 PM,ESTRUCTURADA,SEGUNDA PARTE,ROTC,22/10/2026,CONFIRMADA,3355772,0,05/06/2019,05/06/2049,4.05,MINISTERIO DE HACIENDA,HACIENDA,62139
USP3579ECE51,BSRD2049,"DOMINICAN, REP /6.4 BD 20490605",41000,USD,41,4.8679,120.902656,21/09/2026,04:53:31 PM,ESTRUCTURADA,PRIMERA PARTE,ROTC,22/09/2026,CONFIRMADA,3355772,0,05/06/2019,05/06/2049,4.05,MINISTERIO DE HACIENDA,HACIENDA,62979
USP3579ECE51,BSRD2049,"DOMINICAN, REP /6.4 BD 20490605",41000,USD,41,4.873,120.78378,21/09/2026,04:53:30 PM,PRESTAMO,SEGUNDA PARTE,ROTC,22/10/2026,CONFIRMADA,3355773,0,05/06/2019,05/06/2049,1.880131,MINISTERIO DE HACIENDA,HACIENDA,60032
USP3579ECE51,BSRD2049,"DOMINICAN, REP /6.4 BD 20490605",41000,USD,41,4.8679,120.902656,21/09/2026,04:53:30 PM,PRESTAMO,PRIMERA PARTE,ROTC,22/09/2026,CONFIRMADA,3355773,0,05/06/2019,05/06/2049,1.880131,MINISTERIO DE HACIENDA,HACIENDA,60872
DO1002262223,LE030927,BCENTRAL/ LT 20270903 GTIA,6770000,DOP,677,8.784102,92.21477,21/09/2026,04:53:30 PM,CONTADO,PRIMERA PARTE,ROTC,22/09/2026,CONFIRMADA,3355788,0,03/09/2026,03/09/2027,0,BANCO CENTRAL DE LA REPUBLICA DOMINICANA,BCENTRAL,58583
DO1002224124,NO120327,BCENTRAL/8 BOEST 20270312 GTIA,3670000,DOP,367,8.1,99.739224,21/09/2026,04:52:23 PM,PRESTAMO,SEGUNDA PARTE,ROTC,19/02/2027,CONFIRMADA,3355787,0,12/03/2022,12/03/2027,0.02,BANCO CENTRAL DE LA REPUBLICA DOMINICANA,BCENTRAL,59689
DO1002224124,NO120327,BCENTRAL/8 BOEST 20270312 GTIA,3670000,DOP,367,8.1,99.739224,21/09/2026,04:52:23 PM,PRESTAMO,PRIMERA PARTE,ROTC,22/09/2026,CONFIRMADA,3355787,0,12/03/2022,12/03/2027,0.02,BANCO CENTRAL DE LA REPUBLICA DOMINICANA,BCENTRAL,59752
DO1002224124,NO120327,BCENTRAL/8 BOEST 20270312 GTIA,3670000,DOP,367,11.535983,99.789634,21/09/2026,04:52:18 PM,PLAZO,PRIMERA PARTE,ROTC,19/02/2027,CONFIRMADA,3355786,0,12/03/2022,12/03/2027,0,BANCO CENTRAL DE LA REPUBLICA DOMINICANA,BCENTRAL,60445
DO1002261423,NO301129,BCENTRAL/9.5 BOEST 20291130 GTIA,50000,DOP,5,7.2777,105.77772,21/09/2026,04:52:11 PM,PRESTAMO,SEGUNDA PARTE,ROTC,22/12/2026,CONFIRMADA,3355784,0,30/11/2025,30/11/2029,7.05,BANCO CENTRAL DE LA REPUBLICA DOMINICANA,BCENTRAL,59955
DO1002261423,NO301129,BCENTRAL/9.5 BOEST 20291130 GTIA,50000,DOP,5,8.9328,101.51846,21/09/2026,04:52:11 PM,PRESTAMO,PRIMERA PARTE,ROTC,23/09/2026,CONFIRMADA,3355784,0,30/11/2025,30/11/2029,7.05,BANCO CENTRAL DE LA REPUBLICA DOMINICANA,BCENTRAL,59997
DO1002224124,NO120327,BCENTRAL/8 BOEST 20270312 GTIA,3670000,DOP,367,8.56544,99.739224,21/09/2026,04:52:11 PM,CONTADO,PRIMERA PARTE,ROTC,22/09/2026,CONFIRMADA,3355785,0,12/03/2022,12/03/2027,0,BANCO CENTRAL DE LA REPUBLICA DOMINICANA,BCENTRAL,60543
DO1002261423,NO301129,BCENTRAL/9.5 BOEST 20291130 GTIA,50000,DOP,5,7.2777,105.77772,21/09/2026,04:52:10 PM,ESTRUCTURADA,SEGUNDA PARTE,ROTC,22/12/2026,CONFIRMADA,3354469,0,30/11/2025,30/11/2029,7.05,BANCO CENTRAL DE LA REPUBLICA DOMINICANA,BCENTRAL,62048
DO1002261423,NO301129,BCENTRAL/9.5 BOEST 20291130 GTIA,50000,DOP,5,8.9328,101.51846,21/09/2026,04:52:10 PM,ESTRUCTURADA,PRIMERA PARTE,ROTC,23/09/2026,CONFIRMADA,3354469,0,30/11/2025,30/11/2029,7.05,BANCO CENTRAL DE LA REPUBLICA DOMINICANA,BCENTRAL,62090
DO1002230824,NO31032028,BCENTRAL/10 BOEST 20280331 GTIA,53000000,DOP,5300,9.21,101.093692,21/09/2026,04:51:41 PM,CONTADO,PRIMERA PARTE,ROTC,22/09/2026,CONFIRMADA,3355717,0,31/03/2025,31/03/2028,0,BANCO CENTRAL DE LA REPUBLICA DOMINICANA,BCENTRAL,61236
DO1002228729,NO030328,BCENTRAL/9.5 BOEST 20280303 GTIA,15000000,DOP,1500,9.21,100.374794,21/09/2026,04:51:40 PM,CONTADO,PRIMERA PARTE,ROTC,22/09/2026,CONFIRMADA,3355757,0,03/03/2025,03/03/2028,0,BANCO CENTRAL DE LA REPUBLICA DOMINICANA,BCENTRAL,61019
DO1005205716,MHUS2027,HACIENDA/6 BOEST 20270305 GTIA,248000,USD,248,4.45,102.543129,21/09/2026,04:50:19 PM,PRESTAMO,SEGUNDA PARTE,ROTC,26/01/2027,CONFIRMADA,3355783,0,05/09/2016,05/03/2027,0.02,MINISTERIO DE HACIENDA,HACIENDA,60235
DO1005205716,MHUS2027,HACIENDA/6 BOEST 20270305 GTIA,248000,USD,248,4.45,102.543129,21/09/2026,04:50:19 PM,PRESTAMO,PRIMERA PARTE,ROTC,22/09/2026,CONFIRMADA,3355783,0,05/09/2016,05/03/2027,0.02,MINISTERIO DE HACIENDA,HACIENDA,60319
DO1005205716,MHUS2027,HACIENDA/6 BOEST 20270305 GTIA,248000,USD,248,-12.814036,102.06616,21/09/2026,04:50:12 PM,PLAZO,PRIMERA PARTE,ROTC,26/01/2027,CONFIRMADA,3355782,0,05/09/2016,05/03/2027,0,MINISTERIO DE HACIENDA,HACIENDA,60354
DO1005205716,MHUS2027,HACIENDA/6 BOEST 20270305 GTIA,248000,USD,248,0.327962,102.543129,21/09/2026,04:50:06 PM,CONTADO,PRIMERA PARTE,ROTC,22/09/2026,CONFIRMADA,3355781,0,05/09/2016,05/03/2027,0,MINISTERIO DE HACIENDA,HACIENDA,61054
DO1005205716,MHUS2027,HACIENDA/6 BOEST 20270305 GTIA,22000,USD,22,0.4372,101.124545,21/09/2026,04:49:48 PM,PRESTAMO,SEGUNDA PARTE,ROTC,21/12/2026,CONFIRMADA,3355780,0,05/09/2016,05/03/2027,4.05,MINISTERIO DE HACIENDA,HACIENDA,60130
DO1005205716,MHUS2027,HACIENDA/6 BOEST 20270305 GTIA,22000,USD,22,2.4355,101.572727,21/09/2026,04:49:48 PM,PRESTAMO,PRIMERA PARTE,ROTC,22/09/2026,CONFIRMADA,3355780,0,05/09/2016,05/03/2027,4.05,MINISTERIO DE HACIENDA,HACIENDA,60326
DO1005205716,MHUS2027,HACIENDA/6 BOEST 20270305 GTIA,22000,USD,22,0.4372,101.124545,21/09/2026,04:49:47 PM,ESTRUCTURADA,SEGUNDA PARTE,ROTC,21/12/2026,CONFIRMADA,3354468,0,05/09/2016,05/03/2027,4.05,MINISTERIO DE HACIENDA,HACIENDA,62223
DO1005205716,MHUS2027,HACIENDA/6 BOEST 20270305 GTIA,22000,USD,22,2.4355,101.572727,21/09/2026,04:49:47 PM,ESTRUCTURADA,PRIMERA PARTE,ROTC,22/09/2026,CONFIRMADA,3354468,0,05/09/2016,05/03/2027,4.05,MINISTERIO DE HACIENDA,HACIENDA,62419
DO1002261126,NO280929,BCENTRAL/9.5 BOEST 20290928 GTIA,200000,DOP,20,9.9,98.97483,21/09/2026,04:48:31 PM,CONTADO,PRIMERA PARTE,ROTC,22/09/2026,CONFIRMADA,3354263,0,28/09/2025,28/09/2029,0,BANCO CENTRAL DE LA REPUBLICA DOMINICANA,BCENTRAL,58898
USP3579ECG00,BSRD2060,DOMINICAN REP/5.875 BD 20600130 U,15000,USD,15,4.8027,117.698933,21/09/2026,04:48:23 PM,ESTRUCTURADA,SEGUNDA PARTE,ROTC,20/11/2026,CONFIRMADA,3355766,0,30/01/2020,30/01/2060,4.15,MINISTERIO DE HACIENDA,HACIENDA,63812
USP3579ECG00,BSRD2060,DOMINICAN REP/5.875 BD 20600130 U,15000,USD,15,4.7972,117.838256,21/09/2026,04:48:23 PM,ESTRUCTURADA,PRIMERA PARTE,ROTC,22/09/2026,CONFIRMADA,3355766,0,30/01/2020,30/01/2060,4.15,MINISTERIO DE HACIENDA,HACIENDA,63952
USP3579ECG00,BSRD2060,DOMINICAN REP/5.875 BD 20600130 U,15000,USD,15,4.8027,117.698933,21/09/2026,04:48:22 PM,PRESTAMO,SEGUNDA PARTE,ROTC,20/11/2026,CONFIRMADA,3355767,0,30/01/2020,30/01/2060,1.385685,MINISTERIO DE HACIENDA,HACIENDA,61705
USP3579ECG00,BSRD2060,DOMINICAN REP/5.875 BD 20600130 U,15000,USD,15,4.7972,117.838256,21/09/2026,04:48:22 PM,PRESTAMO,PRIMERA PARTE,ROTC,22/09/2026,CONFIRMADA,3355767,0,30/01/2020,30/01/2060,1.385685,MINISTERIO DE HACIENDA,HACIENDA,61845
USP3579ECG00,BSRD2060,DOMINICAN REP/5.875 BD 20600130 U,4000,USD,4,4.2096,129.63075,21/09/2026,04:48:20 PM,ESTRUCTURADA,SEGUNDA PARTE,ROTC,20/11/2026,CONFIRMADA,3355768,0,30/01/2020,30/01/2060,4.15,MINISTERIO DE HACIENDA,HACIENDA,62657
USP3579ECG00,BSRD2060,DOMINICAN REP/5.875 BD 20600130 U,4000,USD,4,4.21,129.689639,21/09/2026,04:48:20 PM,ESTRUCTURADA,PRIMERA PARTE,ROTC,22/09/2026,CONFIRMADA,3355768,0,30/01/2020,30/01/2060,4.15,MINISTERIO DE HACIENDA,HACIENDA,62489
USP3579ECG00,BSRD2060,DOMINICAN REP/5.875 BD 20600130 U,4000,USD,4,4.2096,129.63075,21/09/2026,04:48:19 PM,PRESTAMO,SEGUNDA PARTE,ROTC,20/11/2026,CONFIRMADA,3355769,0,30/01/2020,30/01/2060,1.32117,MINISTERIO DE HACIENDA,HACIENDA,60613
USP3579ECG00,BSRD2060,DOMINICAN REP/5.875 BD 20600130 U,4000,USD,4,4.21,129.689639,21/09/2026,04:48:19 PM,PRESTAMO,PRIMERA PARTE,ROTC,22/09/2026,CONFIRMADA,3355769,0,30/01/2020,30/01/2060,1.32117,MINISTERIO DE HACIENDA,HACIENDA,60445
DO2018100324,BC1AES03,AESTRELLA/11.25 BO 20301130,311663,DOP,311663,11.5995,98.883259,21/09/2026,04:48:18 PM,ESTRUCTURADA,SEGUNDA PARTE,ROTC,20/11/2026,CONFIRMADA,3355770,0,30/11/2020,30/11/2030,8.65,ACERO ESTRELLA S A,AESTRELLA,62279
DO2018100324,BC1AES03,AESTRELLA/11.25 BO 20301130,311663,DOP,311663,11.465,99.28421,21/09/2026,04:48:18 PM,ESTRUCTURADA,PRIMERA PARTE,ROTC,22/09/2026,CONFIRMADA,3355770,0,30/11/2020,30/11/2030,8.65,ACERO ESTRELLA S A,AESTRELLA,61523
DO2018100324,BC1AES03,AESTRELLA/11.25 BO 20301130,311663,DOP,311663,11.5995,98.883259,21/09/2026,04:48:17 PM,PRESTAMO,SEGUNDA PARTE,ROTC,20/11/2026,CONFIRMADA,3355771,0,30/11/2020,30/11/2030,2.096865,ACERO ESTRELLA S A,AESTRELLA,60172
DO2018100324,BC1AES03,AESTRELLA/11.25 BO 20301130,311663,DOP,311663,11.465,99.28421,21/09/2026,04:48:17 PM,PRESTAMO,PRIMERA PARTE,ROTC,22/09/2026,CONFIRMADA,3355771,0,30/11/2020,30/11/2030,2.096865,ACERO ESTRELLA S A,AESTRELLA,59416
DO1005211227,MH32029,HACIENDA/12.75 BOEST 20290923 GTIA,900000,DOP,9,8.5653,110.310228,21/09/2026,04:44:44 PM,PRESTAMO,SEGUNDA PARTE,ROTC,23/11/2026,CONFIRMADA,3355779,0,23/09/2022,23/09/2029,6.95,MINISTERIO DE HACIENDA,HACIENDA,60725
DO1005211227,MH32029,HACIENDA/12.75 BOEST 20290923 GTIA,900000,DOP,9,10.8637,104.718646,21/09/2026,04:44:44 PM,PRESTAMO,PRIMERA PARTE,ROTC,22/09/2026,CONFIRMADA,3355779,0,23/09/2022,23/09/2029,6.95,MINISTERIO DE HACIENDA,HACIENDA,61285
DO1005211227,MH32029,HACIENDA/12.75 BOEST 20290923 GTIA,900000,DOP,9,8.5653,110.310228,21/09/2026,04:44:43 PM,ESTRUCTURADA,SEGUNDA PARTE,ROTC,23/11/2026,CONFIRMADA,3354259,0,23/09/2022,23/09/2029,6.95,MINISTERIO DE HACIENDA,HACIENDA,62818
DO1005211227,MH32029,HACIENDA/12.75 BOEST 20290923 GTIA,900000,DOP,9,10.8637,104.718646,21/09/2026,04:44:43 PM,ESTRUCTURADA,PRIMERA PARTE,ROTC,22/09/2026,CONFIRMADA,3354259,0,23/09/2022,23/09/2029,6.95,MINISTERIO DE HACIENDA,HACIENDA,63378
DO1005208322,MHUS2040,HACIENDA/6.75 BOEST 20400724 GTIA,4905000,USD,4905,4.64932016,121.252228,21/09/2026,04:44:00 PM,CONTADO,PRIMERA PARTE,ROTC,23/09/2026,CONFIRMADA,3355777,0,24/07/2020,24/07/2040,0,MINISTERIO DE HACIENDA,HACIENDA,63483
DO1005211227,MH32029,HACIENDA/12.75 BOEST 20290923 GTIA,900000,DOP,9,8.5121,110.741616,21/09/2026,04:43:14 PM,PRESTAMO,SEGUNDA PARTE,ROTC,22/10/2026,CONFIRMADA,3355778,0,23/09/2022,23/09/2029,6.95,MINISTERIO DE HACIENDA,HACIENDA,60676
DO1005211227,MH32029,HACIENDA/12.75 BOEST 20290923 GTIA,900000,DOP,9,10.8637,104.718646,21/09/2026,04:43:14 PM,PRESTAMO,PRIMERA PARTE,ROTC,22/09/2026,CONFIRMADA,3355778,0,23/09/2022,23/09/2029,6.95,MINISTERIO DE HACIENDA,HACIENDA,61257
DO1005211227,MH32029,HACIENDA/12.75 BOEST 20290923 GTIA,900000,DOP,9,8.5121,110.741616,21/09/2026,04:43:13 PM,ESTRUCTURADA,SEGUNDA PARTE,ROTC,22/10/2026,CONFIRMADA,3354258,0,23/09/2022,23/09/2029,6.95,MINISTERIO DE HACIENDA,HACIENDA,62769
DO1005211227,MH32029,HACIENDA/12.75 BOEST 20290923 GTIA,900000,DOP,9,10.8637,104.718646,21/09/2026,04:43:13 PM,ESTRUCTURADA,PRIMERA PARTE,ROTC,22/09/2026,CONFIRMADA,3354258,0,23/09/2022,23/09/2029,6.95,MINISTERIO DE HACIENDA,HACIENDA,63350
DO1002223621,NO150127,BCENTRAL/8 BOEST 20270115 GTIA,292600000,DOP,29260,9.3,99.68354,21/09/2026,04:40:14 PM,PLAZO,PRIMERA PARTE,ROTC,21/10/2026,CONFIRMADA,3355763,0,15/01/2022,15/01/2027,0,BANCO CENTRAL DE LA REPUBLICA DOMINICANA,BCENTRAL,59150
DO1002223621,NO150127,BCENTRAL/8 BOEST 20270115 GTIA,292600000,DOP,29260,9.3,99.68354,21/09/2026,04:39:31 PM,PLAZO,PRIMERA PARTE,ROTC,21/10/2026,CONFIRMADA,3355762,0,15/01/2022,15/01/2027,0,BANCO CENTRAL DE LA REPUBLICA DOMINICANA,BCENTRAL,59199
DO1005211227,MH32029,HACIENDA/12.75 BOEST 20290923 GTIA,900000,DOP,9,8.1946,110.686934,21/09/2026,04:39:25 PM,PRESTAMO,SEGUNDA PARTE,ROTC,25/01/2027,CONFIRMADA,3355774,0,23/09/2022,23/09/2029,8.25,MINISTERIO DE HACIENDA,HACIENDA,60907
DO1005211227,MH32029,HACIENDA/12.75 BOEST 20290923 GTIA,900000,DOP,9,8.2149,111.820314,21/09/2026,04:39:25 PM,PRESTAMO,PRIMERA PARTE,ROTC,25/09/2026,CONFIRMADA,3355774,0,23/09/2022,23/09/2029,8.25,MINISTERIO DE HACIENDA,HACIENDA,60872
DO1005211227,MH32029,HACIENDA/12.75 BOEST 20290923 GTIA,900000,DOP,9,8.1946,110.686934,21/09/2026,04:39:24 PM,ESTRUCTURADA,SEGUNDA PARTE,ROTC,25/01/2027,CONFIRMADA,3354257,0,23/09/2022,23/09/2029,8.25,MINISTERIO DE HACIENDA,HACIENDA,63000
DO1005211227,MH32029,HACIENDA/12.75 BOEST 20290923 GTIA,900000,DOP,9,8.2149,111.820314,21/09/2026,04:39:24 PM,ESTRUCTURADA,PRIMERA PARTE,ROTC,25/09/2026,CONFIRMADA,3354257,0,23/09/2022,23/09/2029,8.25,MINISTERIO DE HACIENDA,HACIENDA,62965
DO1002230824,NO31032028,BCENTRAL/10 BOEST 20280331 GTIA,53000000,DOP,5300,9.21,101.093692,21/09/2026,04:39:13 PM,CONTADO,PRIMERA PARTE,ROTC,22/09/2026,CONFIRMADA,3355756,0,31/03/2025,31/03/2028,0,BANCO CENTRAL DE LA REPUBLICA DOMINICANA,BCENTRAL,61271
DO1002228729,NO030328,BCENTRAL/9.5 BOEST 20280303 GTIA,15000000,DOP,1500,9.20999996,100.374794,21/09/2026,04:39:11 PM,CONTADO,PRIMERA PARTE,ROTC,22/09/2026,CONFIRMADA,3355755,0,03/03/2025,03/03/2028,0,BANCO CENTRAL DE LA REPUBLICA DOMINICANA,BCENTRAL,63413
DO1002223621,NO150127,BCENTRAL/8 BOEST 20270115 GTIA,292600000,DOP,29260,9.3,99.68354,21/09/2026,04:38:30 PM,PLAZO,PRIMERA PARTE,ROTC,21/10/2026,CONFIRMADA,3355761,0,15/01/2022,15/01/2027,0,BANCO CENTRAL DE LA REPUBLICA DOMINICANA,BCENTRAL,59185
USP3579ECG00,BSRD2060,DOMINICAN REP/5.875 BD 20600130 U,6000,USD,6,7.13807587,84,21/09/2026,04:37:42 PM,CONTADO,PRIMERA PARTE,ROTC,22/09/2026,CONFIRMADA,3355720,0,30/01/2020,30/01/2060,0,MINISTERIO DE HACIENDA,HACIENDA,59066
USP3579ECN50,BSRD2033, ,5000,USD,5,5.70703,101.55,21/09/2026,04:37:13 PM,CONTADO,PRIMERA PARTE,ROTC,22/09/2026,CONFIRMADA,3354363,0,22/02/2022,22/02/2033,0,MINISTERIO DE HACIENDA,HACIENDA,45906
DO1002224124,NO120327,BCENTRAL/8 BOEST 20270312 GTIA,3010000,DOP,301,7.45,99.44678,21/09/2026,04:36:33 PM,PRESTAMO,SEGUNDA PARTE,ROTC,22/10/2026,CONFIRMADA,3355765,0,12/03/2022,12/03/2027,0.02,BANCO CENTRAL DE LA REPUBLICA DOMINICANA,BCENTRAL,59549
DO1002224124,NO120327,BCENTRAL/8 BOEST 20270312 GTIA,3010000,DOP,301,7.45,99.44678,21/09/2026,04:36:33 PM,PRESTAMO,PRIMERA PARTE,ROTC,22/09/2026,CONFIRMADA,3355765,0,12/03/2022,12/03/2027,0.02,BANCO CENTRAL DE LA REPUBLICA DOMINICANA,BCENTRAL,59668
USP3579ECB13,BSRD2028,"DOMINICAN, REP /6 BD 20280719 REGS",1000,USD,1,5.5,100.846493,21/09/2026,04:36:24 PM,CONTADO,PRIMERA PARTE,ROTC,23/09/2026,CONFIRMADA,3354130,0,19/07/2018,19/07/2028,0,MINISTERIO DE HACIENDA,HACIENDA,59976
DO1002224124,NO120327,BCENTRAL/8 BOEST 20270312 GTIA,3010000,DOP,301,9.560547,99.400906,21/09/2026,04:36:24 PM,PLAZO,PRIMERA PARTE,ROTC,22/10/2026,CONFIRMADA,3355764,0,12/03/2022,12/03/2027,0,BANCO CENTRAL DE LA REPUBLICA DOMINICANA,BCENTRAL,59759
DO1002224124,NO120327,BCENTRAL/8 BOEST 20270312 GTIA,3010000,DOP,301,9.213253,99.44678,21/09/2026,04:36:18 PM,CONTADO,PRIMERA PARTE,ROTC,22/09/2026,CONFIRMADA,3355760,0,12/03/2022,12/03/2027,0,BANCO CENTRAL DE LA REPUBLICA DOMINICANA,BCENTRAL,60403
DO2018100324,BC1AES03,AESTRELLA/11.25 BO 20301130,100005,DOP,100005,11.5078,99.154972,21/09/2026,04:34:37 PM,ESTRUCTURADA,SEGUNDA PARTE,ROTC,22/10/2026,CONFIRMADA,3355736,0,30/11/2020,30/11/2030,9.55,ACERO ESTRELLA S A,AESTRELLA,61964
DO2018100324,BC1AES03,AESTRELLA/11.25 BO 20301130,100005,DOP,100005,11.4651,99.283856,21/09/2026,04:34:37 PM,ESTRUCTURADA,PRIMERA PARTE,ROTC,22/09/2026,CONFIRMADA,3355736,0,30/11/2020,30/11/2030,9.55,ACERO ESTRELLA S A,AESTRELLA,62083
DO2018100324,BC1AES03,AESTRELLA/11.25 BO 20301130,100005,DOP,100005,11.5078,99.154972,21/09/2026,04:34:36 PM,PRESTAMO,SEGUNDA PARTE,ROTC,22/10/2026,CONFIRMADA,3355737,0,30/11/2020,30/11/2030,1.492902,ACERO ESTRELLA S A,AESTRELLA,59857
DO2018100324,BC1AES03,AESTRELLA/11.25 BO 20301130,100005,DOP,100005,11.4651,99.283856,21/09/2026,04:34:36 PM,PRESTAMO,PRIMERA PARTE,ROTC,22/09/2026,CONFIRMADA,3355737,0,30/11/2020,30/11/2030,1.492902,ACERO ESTRELLA S A,AESTRELLA,59976
DO2018100324,BC1AES03,AESTRELLA/11.25 BO 20301130,50002,DOP,50002,11.5074,99.155994,21/09/2026,04:34:35 PM,ESTRUCTURADA,SEGUNDA PARTE,ROTC,22/10/2026,CONFIRMADA,3355738,0,30/11/2020,30/11/2030,9.55,ACERO ESTRELLA S A,AESTRELLA,61299
DO2018100324,BC1AES03,AESTRELLA/11.25 BO 20301130,50002,DOP,50002,11.4648,99.284856,21/09/2026,04:34:35 PM,ESTRUCTURADA,PRIMERA PARTE,ROTC,22/09/2026,CONFIRMADA,3355738,0,30/11/2020,30/11/2030,9.55,ACERO ESTRELLA S A,AESTRELLA,61460
DO2018100324,BC1AES03,AESTRELLA/11.25 BO 20301130,50002,DOP,50002,11.5074,99.155994,21/09/2026,04:34:34 PM,PRESTAMO,SEGUNDA PARTE,ROTC,22/10/2026,CONFIRMADA,3355739,0,30/11/2020,30/11/2030,1.492905,ACERO ESTRELLA S A,AESTRELLA,59192
DO2018100324,BC1AES03,AESTRELLA/11.25 BO 20301130,50002,DOP,50002,11.4648,99.284856,21/09/2026,04:34:34 PM,PRESTAMO,PRIMERA PARTE,ROTC,22/09/2026,CONFIRMADA,3355739,0,30/11/2020,30/11/2030,1.492905,ACERO ESTRELLA S A,AESTRELLA,59353
DO2018100324,BC1AES03,AESTRELLA/11.25 BO 20301130,100005,DOP,100005,11.5078,99.154972,21/09/2026,04:34:32 PM,ESTRUCTURADA,SEGUNDA PARTE,ROTC,22/10/2026,CONFIRMADA,3355740,0,30/11/2020,30/11/2030,9.55,ACERO ESTRELLA S A,AESTRELLA,61929
DO2018100324,BC1AES03,AESTRELLA/11.25 BO 20301130,100005,DOP,100005,11.4651,99.283856,21/09/2026,04:34:32 PM,ESTRUCTURADA,PRIMERA PARTE,ROTC,22/09/2026,CONFIRMADA,3355740,0,30/11/2020,30/11/2030,9.55,ACERO ESTRELLA S A,AESTRELLA,62048
DO2018100324,BC1AES03,AESTRELLA/11.25 BO 20301130,100005,DOP,100005,11.5078,99.154972,21/09/2026,04:34:31 PM,PRESTAMO,SEGUNDA PARTE,ROTC,22/10/2026,CONFIRMADA,3355741,0,30/11/2020,30/11/2030,1.492902,ACERO ESTRELLA S A,AESTRELLA,59822
DO2018100324,BC1AES03,AESTRELLA/11.25 BO 20301130,100005,DOP,100005,11.4651,99.283856,21/09/2026,04:34:31 PM,PRESTAMO,PRIMERA PARTE,ROTC,22/09/2026,CONFIRMADA,3355741,0,30/11/2020,30/11/2030,1.492902,ACERO ESTRELLA S A,AESTRELLA,59941
DO1002261829,NO010330,BCENTRAL/9.5 BOEST 20300301 GTIA,25000000,DOP,2500,9.6,99.701313,21/09/2026,04:32:45 PM,CONTADO,PRIMERA PARTE,ROTC,22/09/2026,CONFIRMADA,3355725,0,01/03/2026,01/03/2030,0,BANCO CENTRAL DE LA REPUBLICA DOMINICANA,BCENTRAL,60256
USP3579ECB13,BSRD2028,"DOMINICAN, REP /6 BD 20280719 REGS",1000,USD,1,5.2,101.365076,21/09/2026,04:31:59 PM,CONTADO,PRIMERA PARTE,ROTC,23/09/2026,CONFIRMADA,3354131,0,19/07/2018,19/07/2028,0,MINISTERIO DE HACIENDA,HACIENDA,59934
DO1005251025,MH12028,HACIENDA/18.5 BOEST 20280204 GTIA,165100000,DOP,1651,7.69218909,112.21521,21/09/2026,04:31:29 PM,PLAZO,PRIMERA PARTE,ROTC,20/11/2026,CONFIRMADA,3355487,0,04/02/2013,04/02/2028,0,MINISTERIO DE HACIENDA,HACIENDA,61957
DO2018100324,BC1AES03,AESTRELLA/11.25 BO 20301130,148580,DOP,148580,10.0084,103.789541,21/09/2026,04:28:06 PM,ESTRUCTURADA,SEGUNDA PARTE,ROTC,22/03/2027,CONFIRMADA,3355744,0,30/11/2020,30/11/2030,8.95,ACERO ESTRELLA S A,AESTRELLA,62475
DO2018100324,BC1AES03,AESTRELLA/11.25 BO 20301130,148580,DOP,148580,11.4745,99.253207,21/09/2026,04:28:06 PM,ESTRUCTURADA,PRIMERA PARTE,ROTC,23/09/2026,CONFIRMADA,3355744,0,30/11/2020,30/11/2030,8.95,ACERO ESTRELLA S A,AESTRELLA,62300
DO2018100324,BC1AES03,AESTRELLA/11.25 BO 20301130,148580,DOP,148580,10.0084,103.789541,21/09/2026,04:28:05 PM,PRESTAMO,SEGUNDA PARTE,ROTC,22/03/2027,CONFIRMADA,3355745,0,30/11/2020,30/11/2030,4.991416,ACERO ESTRELLA S A,AESTRELLA,60368
DO2018100324,BC1AES03,AESTRELLA/11.25 BO 20301130,148580,DOP,148580,11.4745,99.253207,21/09/2026,04:28:05 PM,PRESTAMO,PRIMERA PARTE,ROTC,23/09/2026,CONFIRMADA,3355745,0,30/11/2020,30/11/2030,4.991416,ACERO ESTRELLA S A,AESTRELLA,60193
DO1002261522,NO180130,BCENTRAL/9.5 BOEST 20300118 GTIA,291050000,DOP,29105,9.00553,101.311358,21/09/2026,04:27:58 PM,PLAZO,PRIMERA PARTE,ROTC,20/11/2026,CONFIRMADA,3355751,0,18/01/2026,18/01/2030,0,BANCO CENTRAL DE LA REPUBLICA DOMINICANA,BCENTRAL,61824
DO2018100324,BC1AES03,AESTRELLA/11.25 BO 20301130,245144,DOP,245144,10.856,101.204504,21/09/2026,04:25:39 PM,ESTRUCTURADA,SEGUNDA PARTE,ROTC,19/02/2027,CONFIRMADA,3355742,0,30/11/2020,30/11/2030,8.9,ACERO ESTRELLA S A,AESTRELLA,62013
DO2018100324,BC1AES03,AESTRELLA/11.25 BO 20301130,245144,DOP,245144,11.465,99.2841,21/09/2026,04:25:39 PM,ESTRUCTURADA,PRIMERA PARTE,ROTC,22/09/2026,CONFIRMADA,3355742,0,30/11/2020,30/11/2030,8.9,ACERO ESTRELLA S A,AESTRELLA,61159
DO2018100324,BC1AES03,AESTRELLA/11.25 BO 20301130,245144,DOP,245144,10.856,101.204504,21/09/2026,04:25:38 PM,PRESTAMO,SEGUNDA PARTE,ROTC,19/02/2027,CONFIRMADA,3355743,0,30/11/2020,30/11/2030,4.259336,ACERO ESTRELLA S A,AESTRELLA,59906
DO2018100324,BC1AES03,AESTRELLA/11.25 BO 20301130,245144,DOP,245144,11.465,99.2841,21/09/2026,04:25:38 PM,PRESTAMO,PRIMERA PARTE,ROTC,22/09/2026,CONFIRMADA,3355743,0,30/11/2020,30/11/2030,4.259336,ACERO ESTRELLA S A,AESTRELLA,59052
USP3579ECG00,BSRD2060,DOMINICAN REP/5.875 BD 20600130 U,4000,USD,4,5.3521,108.068,21/09/2026,04:23:15 PM,ESTRUCTURADA,SEGUNDA PARTE,ROTC,20/11/2026,CONFIRMADA,3355715,0,30/01/2020,30/01/2060,4.15,MINISTERIO DE HACIENDA,HACIENDA,61859
USP3579ECG00,BSRD2060,DOMINICAN REP/5.875 BD 20600130 U,4000,USD,4,5.3407,108.272639,21/09/2026,04:23:15 PM,ESTRUCTURADA,PRIMERA PARTE,ROTC,22/09/2026,CONFIRMADA,3355715,0,30/01/2020,30/01/2060,4.15,MINISTERIO DE HACIENDA,HACIENDA,63119
USP3579ECG00,BSRD2060,DOMINICAN REP/5.875 BD 20600130 U,4000,USD,4,5.3521,108.068,21/09/2026,04:23:14 PM,PRESTAMO,SEGUNDA PARTE,ROTC,20/11/2026,CONFIRMADA,3355716,0,30/01/2020,30/01/2060,1.44781,MINISTERIO DE HACIENDA,HACIENDA,59752
USP3579ECG00,BSRD2060,DOMINICAN REP/5.875 BD 20600130 U,4000,USD,4,5.3407,108.272639,21/09/2026,04:23:14 PM,PRESTAMO,PRIMERA PARTE,ROTC,22/09/2026,CONFIRMADA,3355716,0,30/01/2020,30/01/2060,1.44781,MINISTERIO DE HACIENDA,HACIENDA,61012
USP3579ECN50,BSRD2033, ,303000,USD,303,6.28645007,98.5,21/09/2026,04:22:02 PM,CONTADO,PRIMERA PARTE,ROTC,22/09/2026,CONFIRMADA,3355728,0,22/02/2022,22/02/2033,0,MINISTERIO DE HACIENDA,HACIENDA,47726
USP3579ECP09,BSRD2029, ,289000,USD,289,5.6099,99.749651,21/09/2026,04:22:01 PM,CONTADO,PRIMERA PARTE,ROTC,22/09/2026,CONFIRMADA,3355729,0,22/02/2022,22/02/2029,0,MINISTERIO DE HACIENDA,HACIENDA,48447
USP3579ECP09,BSRD2029, ,289000,USD,289,5.7854,99.417059,21/09/2026,04:22:00 PM,PRESTAMO,SEGUNDA PARTE,ROTC,21/12/2026,CONFIRMADA,3355730,0,22/02/2022,22/02/2029,1.46734,MINISTERIO DE HACIENDA,HACIENDA,48979
USP3579ECP09,BSRD2029, ,289000,USD,289,5.6099,99.749651,21/09/2026,04:22:00 PM,PRESTAMO,PRIMERA PARTE,ROTC,22/09/2026,CONFIRMADA,3355730,0,22/02/2022,22/02/2029,1.46734,MINISTERIO DE HACIENDA,HACIENDA,49133
USP3579ECP09,BSRD2029, ,289000,USD,289,5.7854,99.417059,21/09/2026,04:21:59 PM,PLAZO,PRIMERA PARTE,ROTC,21/12/2026,CONFIRMADA,3355731,0,22/02/2022,22/02/2029,0,MINISTERIO DE HACIENDA,HACIENDA,47530
DO1014202225,VF3RDV02,FIDSO RD VIAL/12 BOEST 20460729,17510300,DOP,175103,12,99.960674,21/09/2026,04:20:46 PM,CONTADO,PRIMERA PARTE,ROTC,22/09/2026,CONFIRMADA,3355746,0,29/07/2026,29/07/2046,0,FIDEICOMISO PARA LA OPERACION MANTENIMIENTO Y EXPANSION DE LA RED VIAL PRINCIPAL DE LA REPUBLICA DOMINICANA,FIDSO RD VIAL,60879
DO1014202225,VF3RDV02,FIDSO RD VIAL/12 BOEST 20460729,17510300,DOP,175103,12.00295663,99.935801,21/09/2026,04:20:44 PM,PLAZO,PRIMERA PARTE,ROTC,02/10/2026,CONFIRMADA,3355747,0,29/07/2026,29/07/2046,0,FIDEICOMISO PARA LA OPERACION MANTENIMIENTO Y EXPANSION DE LA RED VIAL PRINCIPAL DE LA REPUBLICA DOMINICANA,FIDSO RD VIAL,63070
DO1005254128,MH12041,HACIENDA/12 BOEST 20410310 GTIA,296000000,DOP,2960,10.62000005,110.052106,21/09/2026,04:16:31 PM,CONTADO,PRIMERA PARTE,ROTC,22/09/2026,CONFIRMADA,3355735,0,10/03/2026,10/03/2041,0,MINISTERIO DE HACIENDA,HACIENDA,62608
DO1005212019,MH32034,HACIENDA/13.625 BOEST 20340210 GTIA,337000000,DOP,3370,10.51,115.723226,21/09/2026,04:16:29 PM,CONTADO,PRIMERA PARTE,ROTC,22/09/2026,CONFIRMADA,3355734,0,10/02/2023,10/02/2034,0,MINISTERIO DE HACIENDA,HACIENDA,62041
USP3579EBE60,BSRD2045,DOMINICAN Rep/6.85 BD 20450127 Un,304000,USD,304,5.99999996,109.366403,21/09/2026,04:12:54 PM,CONTADO,PRIMERA PARTE,ROTC,23/09/2026,CONFIRMADA,3355726,0,27/01/2015,27/01/2045,0,MINISTERIO DE HACIENDA,HACIENDA,64358
DO2018100324,BC1AES03,AESTRELLA/11.25 BO 20301130,10154,DOP,10154,10.8193,101.33573,21/09/2026,04:12:41 PM,ESTRUCTURADA,SEGUNDA PARTE,ROTC,20/01/2027,CONFIRMADA,3355713,0,30/11/2020,30/11/2030,8.75,ACERO ESTRELLA S A,AESTRELLA,61131
DO2018100324,BC1AES03,AESTRELLA/11.25 BO 20301130,10154,DOP,10154,11.4656,99.282331,21/09/2026,04:12:41 PM,ESTRUCTURADA,PRIMERA PARTE,ROTC,22/09/2026,CONFIRMADA,3355713,0,30/11/2020,30/11/2030,8.75,ACERO ESTRELLA S A,AESTRELLA,61362
DO2018100324,BC1AES03,AESTRELLA/11.25 BO 20301130,10154,DOP,10154,10.8193,101.33573,21/09/2026,04:12:40 PM,PRESTAMO,SEGUNDA PARTE,ROTC,20/01/2027,CONFIRMADA,3355714,0,30/11/2020,30/11/2030,3.52286,ACERO ESTRELLA S A,AESTRELLA,59024
DO2018100324,BC1AES03,AESTRELLA/11.25 BO 20301130,10154,DOP,10154,11.4656,99.282331,21/09/2026,04:12:40 PM,PRESTAMO,PRIMERA PARTE,ROTC,22/09/2026,CONFIRMADA,3355714,0,30/11/2020,30/11/2030,3.52286,ACERO ESTRELLA S A,AESTRELLA,59255
DO2018100324,BC1AES03,AESTRELLA/11.25 BO 20301130,106782,DOP,106782,10.8186,101.337931,21/09/2026,04:05:55 PM,ESTRUCTURADA,SEGUNDA PARTE,ROTC,20/01/2027,CONFIRMADA,3355711,0,30/11/2020,30/11/2030,8.75,ACERO ESTRELLA S A,AESTRELLA,62419
DO2018100324,BC1AES03,AESTRELLA/11.25 BO 20301130,106782,DOP,106782,11.4649,99.284484,21/09/2026,04:05:55 PM,ESTRUCTURADA,PRIMERA PARTE,ROTC,22/09/2026,CONFIRMADA,3355711,0,30/11/2020,30/11/2030,8.75,ACERO ESTRELLA S A,AESTRELLA,62356
DO2018100324,BC1AES03,AESTRELLA/11.25 BO 20301130,106782,DOP,106782,10.8186,101.337931,21/09/2026,04:05:53 PM,PRESTAMO,SEGUNDA PARTE,ROTC,20/01/2027,CONFIRMADA,3355712,0,30/11/2020,30/11/2030,3.522859,ACERO ESTRELLA S A,AESTRELLA,60305
DO2018100324,BC1AES03,AESTRELLA/11.25 BO 20301130,106782,DOP,106782,11.4649,99.284484,21/09/2026,04:05:53 PM,PRESTAMO,PRIMERA PARTE,ROTC,22/09/2026,CONFIRMADA,3355712,0,30/11/2020,30/11/2030,3.522859,ACERO ESTRELLA S A,AESTRELLA,60242
DO1002261522,NO180130,BCENTRAL/9.5 BOEST 20300118 GTIA,1750000,DOP,175,9,101.384211,21/09/2026,04:03:18 PM,CONTADO,PRIMERA PARTE,ROTC,22/09/2026,CONFIRMADA,3355703,0,18/01/2026,18/01/2030,0,BANCO CENTRAL DE LA REPUBLICA DOMINICANA,BCENTRAL,59220
DO1005208322,MHUS2040,HACIENDA/6.75 BOEST 20400724 GTIA,3805000,USD,3805,4.4844,123.065966,21/09/2026,04:03:13 PM,PLAZO,PRIMERA PARTE,ROTC,21/10/2026,CONFIRMADA,3355567,0,24/07/2020,24/07/2040,0,MINISTERIO DE HACIENDA,HACIENDA,61138
DO1002227721,NO111226,BCENTRAL/9 BOEST 20261211 GTIA,730000,DOP,73,8.5,100.083001,21/09/2026,04:01:45 PM,CONTADO,PRIMERA PARTE,ROTC,22/09/2026,CONFIRMADA,3355503,0,11/12/2023,11/12/2026,0,BANCO CENTRAL DE LA REPUBLICA DOMINICANA,BCENTRAL,58450
DO1002228125,NO090229,BCENTRAL/10 BOEST 20290209 GTIA,770000,DOP,77,10.15,99.667281,21/09/2026,04:00:18 PM,CONTADO,PRIMERA PARTE,ROTC,22/09/2026,CONFIRMADA,3355502,0,09/02/2024,09/02/2029,0,BANCO CENTRAL DE LA REPUBLICA DOMINICANA,BCENTRAL,59437
USP3579ECG00,BSRD2060,DOMINICAN REP/5.875 BD 20600130 U,1000,USD,1,2.7199,168.781,21/09/2026,03:58:47 PM,ESTRUCTURADA,SEGUNDA PARTE,ROTC,22/10/2026,CONFIRMADA,3355707,0,30/01/2020,30/01/2060,4.05,MINISTERIO DE HACIENDA,HACIENDA,62048
USP3579ECG00,BSRD2060,DOMINICAN REP/5.875 BD 20600130 U,1000,USD,1,2.7259,168.698389,21/09/2026,03:58:47 PM,ESTRUCTURADA,PRIMERA PARTE,ROTC,22/09/2026,CONFIRMADA,3355707,0,30/01/2020,30/01/2060,4.05,MINISTERIO DE HACIENDA,HACIENDA,63343
USP3579ECG00,BSRD2060,DOMINICAN REP/5.875 BD 20600130 U,1000,USD,1,2.7199,168.781,21/09/2026,03:58:45 PM,PRESTAMO,SEGUNDA PARTE,ROTC,22/10/2026,CONFIRMADA,3355708,0,30/01/2020,30/01/2060,0.835069,MINISTERIO DE HACIENDA,HACIENDA,59934
USP3579ECG00,BSRD2060,DOMINICAN REP/5.875 BD 20600130 U,1000,USD,1,2.7259,168.698389,21/09/2026,03:58:45 PM,PRESTAMO,PRIMERA PARTE,ROTC,22/09/2026,CONFIRMADA,3355708,0,30/01/2020,30/01/2060,0.835069,MINISTERIO DE HACIENDA,HACIENDA,61229
DO1005208629,MH12031,HACIENDA/8.5 BOEST 20310611 GTIA,12800000,DOP,128,9.9274,95.430349,21/09/2026,03:55:08 PM,PRESTAMO,SEGUNDA PARTE,ROTC,20/01/2027,CONFIRMADA,3355689,0,11/06/2021,11/06/2031,5.439455,MINISTERIO DE HACIENDA,HACIENDA,61152
DO1005208629,MH12031,HACIENDA/8.5 BOEST 20310611 GTIA,12800000,DOP,128,9.9091,95.222346,21/09/2026,03:55:08 PM,PRESTAMO,PRIMERA PARTE,ROTC,22/09/2026,CONFIRMADA,3355689,0,11/06/2021,11/06/2031,5.439455,MINISTERIO DE HACIENDA,HACIENDA,61229
DO1005208629,MH12031,HACIENDA/8.5 BOEST 20310611 GTIA,12800000,DOP,128,9.9274,95.430349,21/09/2026,03:55:07 PM,ESTRUCTURADA,SEGUNDA PARTE,ROTC,20/01/2027,CONFIRMADA,3355688,0,11/06/2021,11/06/2031,9.35,MINISTERIO DE HACIENDA,HACIENDA,63245
DO1005208629,MH12031,HACIENDA/8.5 BOEST 20310611 GTIA,12800000,DOP,128,9.9091,95.222346,21/09/2026,03:55:07 PM,ESTRUCTURADA,PRIMERA PARTE,ROTC,22/09/2026,CONFIRMADA,3355688,0,11/06/2021,11/06/2031,9.35,MINISTERIO DE HACIENDA,HACIENDA,63322
DO1005208629,MH12031,HACIENDA/8.5 BOEST 20310611 GTIA,5100000,DOP,51,9.8188,95.803453,21/09/2026,03:55:06 PM,PRESTAMO,SEGUNDA PARTE,ROTC,22/01/2027,CONFIRMADA,3355687,0,11/06/2021,11/06/2031,5.477195,MINISTERIO DE HACIENDA,HACIENDA,60431
DO1005208629,MH12031,HACIENDA/8.5 BOEST 20310611 GTIA,5100000,DOP,51,9.8098,95.581681,21/09/2026,03:55:06 PM,PRESTAMO,PRIMERA PARTE,ROTC,23/09/2026,CONFIRMADA,3355687,0,11/06/2021,11/06/2031,5.477195,MINISTERIO DE HACIENDA,HACIENDA,60592
DO1005208629,MH12031,HACIENDA/8.5 BOEST 20310611 GTIA,5100000,DOP,51,9.8188,95.803453,21/09/2026,03:55:05 PM,ESTRUCTURADA,SEGUNDA PARTE,ROTC,22/01/2027,CONFIRMADA,3355686,0,11/06/2021,11/06/2031,9.35,MINISTERIO DE HACIENDA,HACIENDA,62524
DO1005208629,MH12031,HACIENDA/8.5 BOEST 20310611 GTIA,5100000,DOP,51,9.8098,95.581681,21/09/2026,03:55:05 PM,ESTRUCTURADA,PRIMERA PARTE,ROTC,23/09/2026,CONFIRMADA,3355686,0,11/06/2021,11/06/2031,9.35,MINISTERIO DE HACIENDA,HACIENDA,62685
DO1005211227,MH32029,HACIENDA/12.75 BOEST 20290923 GTIA,1000000,DOP,10,15.8588,93.087473,21/09/2026,03:55:03 PM,PRESTAMO,SEGUNDA PARTE,ROTC,25/11/2026,CONFIRMADA,3355685,0,23/09/2022,23/09/2029,7.97127,MINISTERIO DE HACIENDA,HACIENDA,61488
DO1005211227,MH32029,HACIENDA/12.75 BOEST 20290923 GTIA,1000000,DOP,10,15.4883,93.607534,21/09/2026,03:55:03 PM,PRESTAMO,PRIMERA PARTE,ROTC,22/09/2026,CONFIRMADA,3355685,0,23/09/2022,23/09/2029,7.97127,MINISTERIO DE HACIENDA,HACIENDA,61509
DO1005211227,MH32029,HACIENDA/12.75 BOEST 20290923 GTIA,1000000,DOP,10,15.8588,93.087473,21/09/2026,03:55:02 PM,ESTRUCTURADA,SEGUNDA PARTE,ROTC,25/11/2026,CONFIRMADA,3355684,0,23/09/2022,23/09/2029,9.65,MINISTERIO DE HACIENDA,HACIENDA,63581
DO1005211227,MH32029,HACIENDA/12.75 BOEST 20290923 GTIA,1000000,DOP,10,15.4883,93.607534,21/09/2026,03:55:02 PM,ESTRUCTURADA,PRIMERA PARTE,ROTC,22/09/2026,CONFIRMADA,3355684,0,23/09/2022,23/09/2029,9.65,MINISTERIO DE HACIENDA,HACIENDA,63602
DO1005205716,MHUS2027,HACIENDA/6 BOEST 20270305 GTIA,20000,USD,20,3.3847,100.30405,21/09/2026,03:55:01 PM,PRESTAMO,SEGUNDA PARTE,ROTC,20/01/2027,CONFIRMADA,3355683,0,05/09/2016,05/03/2027,1.636958,MINISTERIO DE HACIENDA,HACIENDA,59640
DO1005205716,MHUS2027,HACIENDA/6 BOEST 20270305 GTIA,20000,USD,20,3.972,100.8773,21/09/2026,03:55:01 PM,PRESTAMO,PRIMERA PARTE,ROTC,22/09/2026,CONFIRMADA,3355683,0,05/09/2016,05/03/2027,1.636958,MINISTERIO DE HACIENDA,HACIENDA,59157
DO1005205716,MHUS2027,HACIENDA/6 BOEST 20270305 GTIA,20000,USD,20,3.3847,100.30405,21/09/2026,03:54:59 PM,ESTRUCTURADA,SEGUNDA PARTE,ROTC,20/01/2027,CONFIRMADA,3355682,0,05/09/2016,05/03/2027,4.15,MINISTERIO DE HACIENDA,HACIENDA,61824
DO1005205716,MHUS2027,HACIENDA/6 BOEST 20270305 GTIA,20000,USD,20,3.972,100.8773,21/09/2026,03:54:59 PM,ESTRUCTURADA,PRIMERA PARTE,ROTC,22/09/2026,CONFIRMADA,3355682,0,05/09/2016,05/03/2027,4.15,MINISTERIO DE HACIENDA,HACIENDA,61341
DO1005211227,MH32029,HACIENDA/12.75 BOEST 20290923 GTIA,16100000,DOP,161,8.1509,111.387929,21/09/2026,03:54:58 PM,PRESTAMO,SEGUNDA PARTE,ROTC,25/11/2026,CONFIRMADA,3355681,0,23/09/2022,23/09/2029,6.995779,MINISTERIO DE HACIENDA,HACIENDA,62237
DO1005211227,MH32029,HACIENDA/12.75 BOEST 20290923 GTIA,16100000,DOP,161,8.2968,111.619957,21/09/2026,03:54:58 PM,PRESTAMO,PRIMERA PARTE,ROTC,22/09/2026,CONFIRMADA,3355681,0,23/09/2022,23/09/2029,6.995779,MINISTERIO DE HACIENDA,HACIENDA,62391
DO1005211227,MH32029,HACIENDA/12.75 BOEST 20290923 GTIA,16100000,DOP,161,8.1509,111.387929,21/09/2026,03:54:57 PM,ESTRUCTURADA,SEGUNDA PARTE,ROTC,25/11/2026,CONFIRMADA,3355680,0,23/09/2022,23/09/2029,9.55,MINISTERIO DE HACIENDA,HACIENDA,64330
DO1005211227,MH32029,HACIENDA/12.75 BOEST 20290923 GTIA,16100000,DOP,161,8.2968,111.619957,21/09/2026,03:54:57 PM,ESTRUCTURADA,PRIMERA PARTE,ROTC,22/09/2026,CONFIRMADA,3355680,0,23/09/2022,23/09/2029,9.55,MINISTERIO DE HACIENDA,HACIENDA,64484
DO1005208629,MH12031,HACIENDA/8.5 BOEST 20310611 GTIA,29100000,DOP,291,9.9121,95.279972,21/09/2026,03:54:55 PM,PRESTAMO,SEGUNDA PARTE,ROTC,22/10/2026,CONFIRMADA,3355679,0,11/06/2021,11/06/2031,3.24605,MINISTERIO DE HACIENDA,HACIENDA,61208
DO1005208629,MH12031,HACIENDA/8.5 BOEST 20310611 GTIA,29100000,DOP,291,9.9075,95.227928,21/09/2026,03:54:55 PM,PRESTAMO,PRIMERA PARTE,ROTC,22/09/2026,CONFIRMADA,3355679,0,11/06/2021,11/06/2031,3.24605,MINISTERIO DE HACIENDA,HACIENDA,61341
DO1005208629,MH12031,HACIENDA/8.5 BOEST 20310611 GTIA,29100000,DOP,291,9.9121,95.279972,21/09/2026,03:54:54 PM,ESTRUCTURADA,SEGUNDA PARTE,ROTC,22/10/2026,CONFIRMADA,3355678,0,11/06/2021,11/06/2031,9.35,MINISTERIO DE HACIENDA,HACIENDA,63301
DO1005208629,MH12031,HACIENDA/8.5 BOEST 20310611 GTIA,29100000,DOP,291,9.9075,95.227928,21/09/2026,03:54:54 PM,ESTRUCTURADA,PRIMERA PARTE,ROTC,22/09/2026,CONFIRMADA,3355678,0,11/06/2021,11/06/2031,9.35,MINISTERIO DE HACIENDA,HACIENDA,63434
DO2016300223,BC1GUL02,GULFSTREAM/11.15 BO 20290624,104342,DOP,104342,10.1644,102.089379,21/09/2026,03:52:46 PM,ESTRUCTURADA,SEGUNDA PARTE,ROTC,20/01/2027,CONFIRMADA,3355709,0,24/06/2019,24/06/2029,8.75,GULFSTREAM PETROLEUM DOMINICANA S DE RL,GULFSTREAM,63140
DO2016300223,BC1GUL02,GULFSTREAM/11.15 BO 20290624,104342,DOP,104342,12.3426,97.24827,21/09/2026,03:52:46 PM,ESTRUCTURADA,PRIMERA PARTE,ROTC,22/09/2026,CONFIRMADA,3355709,0,24/06/2019,24/06/2029,8.75,GULFSTREAM PETROLEUM DOMINICANA S DE RL,GULFSTREAM,62608
DO2016300223,BC1GUL02,GULFSTREAM/11.15 BO 20290624,104342,DOP,104342,10.1644,102.089379,21/09/2026,03:52:45 PM,PRESTAMO,SEGUNDA PARTE,ROTC,20/01/2027,CONFIRMADA,3355710,0,24/06/2019,24/06/2029,5.505468,GULFSTREAM PETROLEUM DOMINICANA S DE RL,GULFSTREAM,61033
DO2016300223,BC1GUL02,GULFSTREAM/11.15 BO 20290624,104342,DOP,104342,12.3426,97.24827,21/09/2026,03:52:45 PM,PRESTAMO,PRIMERA PARTE,ROTC,22/09/2026,CONFIRMADA,3355710,0,24/06/2019,24/06/2029,5.505468,GULFSTREAM PETROLEUM DOMINICANA S DE RL,GULFSTREAM,60501
DO1002227317,NO150928,BCENTRAL/11 BOEST 20280915 GTIA,3870000,DOP,387,0,102.880859,21/09/2026,03:48:36 PM,PLAZO,PRIMERA PARTE,ROTC,22/10/2026,CONFIRMADA,3355581,0,15/09/2023,15/09/2028,0,BANCO CENTRAL DE LA REPUBLICA DOMINICANA,BCENTRAL,58247
DO1002227317,NO150928,BCENTRAL/11 BOEST 20280915 GTIA,3870000,DOP,387,5,102.762059,21/09/2026,03:48:35 PM,PRESTAMO,SEGUNDA PARTE,ROTC,20/11/2026,CONFIRMADA,3355582,0,15/09/2023,15/09/2028,1.800867,BANCO CENTRAL DE LA REPUBLICA DOMINICANA,BCENTRAL,59745
DO1002227317,NO150928,BCENTRAL/11 BOEST 20280915 GTIA,3870000,DOP,387,0,102.880859,21/09/2026,03:48:35 PM,PRESTAMO,PRIMERA PARTE,ROTC,22/10/2026,CONFIRMADA,3355582,0,15/09/2023,15/09/2028,1.800867,BANCO CENTRAL DE LA REPUBLICA DOMINICANA,BCENTRAL,59843
DO1002227317,NO150928,BCENTRAL/11 BOEST 20280915 GTIA,3870000,DOP,387,5,102.762059,21/09/2026,03:48:34 PM,PLAZO,PRIMERA PARTE,ROTC,20/11/2026,CONFIRMADA,3355583,0,15/09/2023,15/09/2028,0,BANCO CENTRAL DE LA REPUBLICA DOMINICANA,BCENTRAL,58198
DO1002227317,NO150928,BCENTRAL/11 BOEST 20280915 GTIA,3840000,DOP,384,0,102.812184,21/09/2026,03:48:33 PM,PLAZO,PRIMERA PARTE,ROTC,20/11/2026,CONFIRMADA,3355584,0,15/09/2023,15/09/2028,0,BANCO CENTRAL DE LA REPUBLICA DOMINICANA,BCENTRAL,58079
DO1002227317,NO150928,BCENTRAL/11 BOEST 20280915 GTIA,3840000,DOP,384,5,102.687666,21/09/2026,03:48:32 PM,PRESTAMO,SEGUNDA PARTE,ROTC,22/12/2026,CONFIRMADA,3355585,0,15/09/2023,15/09/2028,2.700391,BANCO CENTRAL DE LA REPUBLICA DOMINICANA,BCENTRAL,59773
DO1002227317,NO150928,BCENTRAL/11 BOEST 20280915 GTIA,3840000,DOP,384,0,102.812184,21/09/2026,03:48:32 PM,PRESTAMO,PRIMERA PARTE,ROTC,20/11/2026,CONFIRMADA,3355585,0,15/09/2023,15/09/2028,2.700391,BANCO CENTRAL DE LA REPUBLICA DOMINICANA,BCENTRAL,59675
DO1002227317,NO150928,BCENTRAL/11 BOEST 20280915 GTIA,3840000,DOP,384,5,102.687666,21/09/2026,03:48:30 PM,PLAZO,PRIMERA PARTE,ROTC,22/12/2026,CONFIRMADA,3355586,0,15/09/2023,15/09/2028,0,BANCO CENTRAL DE LA REPUBLICA DOMINICANA,BCENTRAL,58219
DO1002227317,NO150928,BCENTRAL/11 BOEST 20280915 GTIA,3800000,DOP,380,0,102.943152,21/09/2026,03:48:29 PM,PLAZO,PRIMERA PARTE,ROTC,22/12/2026,CONFIRMADA,3355587,0,15/09/2023,15/09/2028,0,BANCO CENTRAL DE LA REPUBLICA DOMINICANA,BCENTRAL,58079
DO1002227317,NO150928,BCENTRAL/11 BOEST 20280915 GTIA,3800000,DOP,380,5,102.831172,21/09/2026,03:48:28 PM,PRESTAMO,SEGUNDA PARTE,ROTC,22/01/2027,CONFIRMADA,3355588,0,15/09/2023,15/09/2028,3.567093,BANCO CENTRAL DE LA REPUBLICA DOMINICANA,BCENTRAL,59626
DO1002227317,NO150928,BCENTRAL/11 BOEST 20280915 GTIA,3800000,DOP,380,0,102.943152,21/09/2026,03:48:28 PM,PRESTAMO,PRIMERA PARTE,ROTC,22/12/2026,CONFIRMADA,3355588,0,15/09/2023,15/09/2028,3.567093,BANCO CENTRAL DE LA REPUBLICA DOMINICANA,BCENTRAL,59675
DO1002227317,NO150928,BCENTRAL/11 BOEST 20280915 GTIA,3800000,DOP,380,5,102.831172,21/09/2026,03:48:27 PM,PLAZO,PRIMERA PARTE,ROTC,22/01/2027,CONFIRMADA,3355589,0,15/09/2023,15/09/2028,0,BANCO CENTRAL DE LA REPUBLICA DOMINICANA,BCENTRAL,58079
USP3579ECG00,BSRD2060,DOMINICAN REP/5.875 BD 20600130 U,9000,USD,9,5.0702,112.864556,21/09/2026,03:48:26 PM,ESTRUCTURADA,SEGUNDA PARTE,ROTC,22/10/2026,CONFIRMADA,3355578,0,30/01/2020,30/01/2060,4.2,MINISTERIO DE HACIENDA,HACIENDA,63091
USP3579ECG00,BSRD2060,DOMINICAN REP/5.875 BD 20600130 U,9000,USD,9,5.0658,112.955833,21/09/2026,03:48:26 PM,ESTRUCTURADA,PRIMERA PARTE,ROTC,22/09/2026,CONFIRMADA,3355578,0,30/01/2020,30/01/2060,4.2,MINISTERIO DE HACIENDA,HACIENDA,63273
USP3579ECG00,BSRD2060,DOMINICAN REP/5.875 BD 20600130 U,9000,USD,9,5.0702,112.864556,21/09/2026,03:48:25 PM,PRESTAMO,SEGUNDA PARTE,ROTC,22/10/2026,CONFIRMADA,3355579,0,30/01/2020,30/01/2060,1.091869,MINISTERIO DE HACIENDA,HACIENDA,60984
USP3579ECG00,BSRD2060,DOMINICAN REP/5.875 BD 20600130 U,9000,USD,9,5.0658,112.955833,21/09/2026,03:48:25 PM,PRESTAMO,PRIMERA PARTE,ROTC,22/09/2026,CONFIRMADA,3355579,0,30/01/2020,30/01/2060,1.091869,MINISTERIO DE HACIENDA,HACIENDA,61166
DO1002227317,NO150928,BCENTRAL/11 BOEST 20280915 GTIA,3770000,DOP,377,0,102.844036,21/09/2026,03:48:25 PM,PLAZO,PRIMERA PARTE,ROTC,22/01/2027,CONFIRMADA,3355590,0,15/09/2023,15/09/2028,0,BANCO CENTRAL DE LA REPUBLICA DOMINICANA,BCENTRAL,58135
DO1002227317,NO150928,BCENTRAL/11 BOEST 20280915 GTIA,3770000,DOP,377,5,102.738661,21/09/2026,03:48:24 PM,PRESTAMO,SEGUNDA PARTE,ROTC,22/02/2027,CONFIRMADA,3355591,0,15/09/2023,15/09/2028,4.42052,BANCO CENTRAL DE LA REPUBLICA DOMINICANA,BCENTRAL,59752
DO1002227317,NO150928,BCENTRAL/11 BOEST 20280915 GTIA,3770000,DOP,377,0,102.844036,21/09/2026,03:48:24 PM,PRESTAMO,PRIMERA PARTE,ROTC,22/01/2027,CONFIRMADA,3355591,0,15/09/2023,15/09/2028,4.42052,BANCO CENTRAL DE LA REPUBLICA DOMINICANA,BCENTRAL,59731
DO1002227317,NO150928,BCENTRAL/11 BOEST 20280915 GTIA,3770000,DOP,377,5,102.738661,21/09/2026,03:48:23 PM,PLAZO,PRIMERA PARTE,ROTC,22/02/2027,CONFIRMADA,3355592,0,15/09/2023,15/09/2028,0,BANCO CENTRAL DE LA REPUBLICA DOMINICANA,BCENTRAL,58205
DO1002228612,NO031227,BCENTRAL/8 BOEST 20271203 GTIA,3960000,DOP,396,0,99.861194,21/09/2026,03:48:22 PM,PLAZO,PRIMERA PARTE,ROTC,22/02/2027,CONFIRMADA,3355593,0,03/12/2024,03/12/2027,0,BANCO CENTRAL DE LA REPUBLICA DOMINICANA,BCENTRAL,57491
DO1002228612,NO031227,BCENTRAL/8 BOEST 20271203 GTIA,3960000,DOP,396,5,99.965205,21/09/2026,03:48:21 PM,PRESTAMO,SEGUNDA PARTE,ROTC,22/03/2027,CONFIRMADA,3355594,0,03/12/2024,03/12/2027,2.441965,BANCO CENTRAL DE LA REPUBLICA DOMINICANA,BCENTRAL,59052
DO1002228612,NO031227,BCENTRAL/8 BOEST 20271203 GTIA,3960000,DOP,396,0,99.861194,21/09/2026,03:48:21 PM,PRESTAMO,PRIMERA PARTE,ROTC,22/02/2027,CONFIRMADA,3355594,0,03/12/2024,03/12/2027,2.441965,BANCO CENTRAL DE LA REPUBLICA DOMINICANA,BCENTRAL,59087
DO1002228612,NO031227,BCENTRAL/8 BOEST 20271203 GTIA,3960000,DOP,396,5,99.965205,21/09/2026,03:48:19 PM,PLAZO,PRIMERA PARTE,ROTC,22/03/2027,CONFIRMADA,3355595,0,03/12/2024,03/12/2027,0,BANCO CENTRAL DE LA REPUBLICA DOMINICANA,BCENTRAL,57561
USP3579ECF27,BSRD2030,DOMINICAN REP/4.5 BD 20300130 UNS,21000,USD,21,0,94.213095,21/09/2026,03:48:18 PM,PLAZO,PRIMERA PARTE,ROTC,22/10/2026,CONFIRMADA,3355596,0,30/01/2020,30/01/2030,0,MINISTERIO DE HACIENDA,HACIENDA,58268
USP3579ECF27,BSRD2030,DOMINICAN REP/4.5 BD 20300130 UNS,21000,USD,21,5,94.19681,21/09/2026,03:48:17 PM,PRESTAMO,SEGUNDA PARTE,ROTC,20/11/2026,CONFIRMADA,3355597,0,30/01/2020,30/01/2030,1.421668,MINISTERIO DE HACIENDA,HACIENDA,59528
USP3579ECF27,BSRD2030,DOMINICAN REP/4.5 BD 20300130 UNS,21000,USD,21,0,94.213095,21/09/2026,03:48:17 PM,PRESTAMO,PRIMERA PARTE,ROTC,22/10/2026,CONFIRMADA,3355597,0,30/01/2020,30/01/2030,1.421668,MINISTERIO DE HACIENDA,HACIENDA,59864
USP3579ECF27,BSRD2030,DOMINICAN REP/4.5 BD 20300130 UNS,21000,USD,21,5,94.19681,21/09/2026,03:48:16 PM,PLAZO,PRIMERA PARTE,ROTC,20/11/2026,CONFIRMADA,3355598,0,30/01/2020,30/01/2030,0,MINISTERIO DE HACIENDA,HACIENDA,57981
USP3579ECF27,BSRD2030,DOMINICAN REP/4.5 BD 20300130 UNS,21000,USD,21,0,93.863095,21/09/2026,03:48:15 PM,PLAZO,PRIMERA PARTE,ROTC,20/11/2026,CONFIRMADA,3355599,0,30/01/2020,30/01/2030,0,MINISTERIO DE HACIENDA,HACIENDA,58310
USP3579ECF27,BSRD2030,DOMINICAN REP/4.5 BD 20300130 UNS,21000,USD,21,5,93.831333,21/09/2026,03:48:14 PM,PRESTAMO,SEGUNDA PARTE,ROTC,22/12/2026,CONFIRMADA,3355600,0,30/01/2020,30/01/2030,1.82335,MINISTERIO DE HACIENDA,HACIENDA,59829
USP3579ECF27,BSRD2030,DOMINICAN REP/4.5 BD 20300130 UNS,21000,USD,21,0,93.863095,21/09/2026,03:48:14 PM,PRESTAMO,PRIMERA PARTE,ROTC,20/11/2026,CONFIRMADA,3355600,0,30/01/2020,30/01/2030,1.82335,MINISTERIO DE HACIENDA,HACIENDA,59906
USP3579ECF27,BSRD2030,DOMINICAN REP/4.5 BD 20300130 UNS,21000,USD,21,5,93.831333,21/09/2026,03:48:12 PM,PLAZO,PRIMERA PARTE,ROTC,22/12/2026,CONFIRMADA,3355601,0,30/01/2020,30/01/2030,0,MINISTERIO DE HACIENDA,HACIENDA,58275
USP3579ECF27,BSRD2030,DOMINICAN REP/4.5 BD 20300130 UNS,21000,USD,21,0,93.463095,21/09/2026,03:48:11 PM,PLAZO,PRIMERA PARTE,ROTC,22/12/2026,CONFIRMADA,3355602,0,30/01/2020,30/01/2030,0,MINISTERIO DE HACIENDA,HACIENDA,58275
USP3579ECF27,BSRD2030,DOMINICAN REP/4.5 BD 20300130 UNS,21000,USD,21,5,93.444857,21/09/2026,03:48:10 PM,PRESTAMO,SEGUNDA PARTE,ROTC,22/01/2027,CONFIRMADA,3355603,0,30/01/2020,30/01/2030,2.229996,MINISTERIO DE HACIENDA,HACIENDA,59871
USP3579ECF27,BSRD2030,DOMINICAN REP/4.5 BD 20300130 UNS,21000,USD,21,0,93.463095,21/09/2026,03:48:10 PM,PRESTAMO,PRIMERA PARTE,ROTC,22/12/2026,CONFIRMADA,3355603,0,30/01/2020,30/01/2030,2.229996,MINISTERIO DE HACIENDA,HACIENDA,59871
USP3579ECF27,BSRD2030,DOMINICAN REP/4.5 BD 20300130 UNS,21000,USD,21,5,93.444857,21/09/2026,03:48:09 PM,PLAZO,PRIMERA PARTE,ROTC,22/01/2027,CONFIRMADA,3355604,0,30/01/2020,30/01/2030,0,MINISTERIO DE HACIENDA,HACIENDA,58387
DO1005205716,MHUS2027,HACIENDA/6 BOEST 20270305 GTIA,19000,USD,19,0,102.978211,21/09/2026,03:48:08 PM,PLAZO,PRIMERA PARTE,ROTC,22/01/2027,CONFIRMADA,3355605,0,05/09/2016,05/03/2027,0,MINISTERIO DE HACIENDA,HACIENDA,56910
DO1005205716,MHUS2027,HACIENDA/6 BOEST 20270305 GTIA,19000,USD,19,5,102.862947,21/09/2026,03:48:06 PM,PRESTAMO,SEGUNDA PARTE,ROTC,22/02/2027,CONFIRMADA,3355606,0,05/09/2016,05/03/2027,2.535801,MINISTERIO DE HACIENDA,HACIENDA,58534
DO1005205716,MHUS2027,HACIENDA/6 BOEST 20270305 GTIA,19000,USD,19,0,102.978211,21/09/2026,03:48:06 PM,PRESTAMO,PRIMERA PARTE,ROTC,22/01/2027,CONFIRMADA,3355606,0,05/09/2016,05/03/2027,2.535801,MINISTERIO DE HACIENDA,HACIENDA,58499
DO1005205716,MHUS2027,HACIENDA/6 BOEST 20270305 GTIA,19000,USD,19,5,102.862947,21/09/2026,03:48:05 PM,PLAZO,PRIMERA PARTE,ROTC,22/02/2027,CONFIRMADA,3355607,0,05/09/2016,05/03/2027,0,MINISTERIO DE HACIENDA,HACIENDA,56987
USP3579ECF27,BSRD2030,DOMINICAN REP/4.5 BD 20300130 UNS,21000,USD,21,0,94.963095,21/09/2026,03:48:04 PM,PLAZO,PRIMERA PARTE,ROTC,22/02/2027,CONFIRMADA,3355608,0,30/01/2020,30/01/2030,0,MINISTERIO DE HACIENDA,HACIENDA,58331
USP3579ECF27,BSRD2030,DOMINICAN REP/4.5 BD 20300130 UNS,21000,USD,21,5,94.910333,21/09/2026,03:48:03 PM,PRESTAMO,SEGUNDA PARTE,ROTC,22/03/2027,CONFIRMADA,3355609,0,30/01/2020,30/01/2030,0.624985,MINISTERIO DE HACIENDA,HACIENDA,59815
USP3579ECF27,BSRD2030,DOMINICAN REP/4.5 BD 20300130 UNS,21000,USD,21,0,94.963095,21/09/2026,03:48:03 PM,PRESTAMO,PRIMERA PARTE,ROTC,22/02/2027,CONFIRMADA,3355609,0,30/01/2020,30/01/2030,0.624985,MINISTERIO DE HACIENDA,HACIENDA,59927
USP3579ECF27,BSRD2030,DOMINICAN REP/4.5 BD 20300130 UNS,21000,USD,21,5,94.910333,21/09/2026,03:48:01 PM,PLAZO,PRIMERA PARTE,ROTC,22/03/2027,CONFIRMADA,3355610,0,30/01/2020,30/01/2030,0,MINISTERIO DE HACIENDA,HACIENDA,58261
DO1002228612,NO031227,BCENTRAL/8 BOEST 20271203 GTIA,820000,DOP,82,0,100.03553,21/09/2026,03:48:00 PM,PLAZO,PRIMERA PARTE,ROTC,12/03/2027,CONFIRMADA,3355612,0,03/12/2024,03/12/2027,0,BANCO CENTRAL DE LA REPUBLICA DOMINICANA,BCENTRAL,56469
DO1002228612,NO031227,BCENTRAL/8 BOEST 20271203 GTIA,820000,DOP,82,5,100.069771,21/09/2026,03:47:59 PM,PRESTAMO,SEGUNDA PARTE,ROTC,22/03/2027,CONFIRMADA,3355613,0,03/12/2024,03/12/2027,2.371382,BANCO CENTRAL DE LA REPUBLICA DOMINICANA,BCENTRAL,58576
DO1002228612,NO031227,BCENTRAL/8 BOEST 20271203 GTIA,820000,DOP,82,0,100.03553,21/09/2026,03:47:59 PM,PRESTAMO,PRIMERA PARTE,ROTC,12/03/2027,CONFIRMADA,3355613,0,03/12/2024,03/12/2027,2.371382,BANCO CENTRAL DE LA REPUBLICA DOMINICANA,BCENTRAL,58163
DO1002228612,NO031227,BCENTRAL/8 BOEST 20271203 GTIA,820000,DOP,82,5,100.069771,21/09/2026,03:47:58 PM,PLAZO,PRIMERA PARTE,ROTC,22/03/2027,CONFIRMADA,3355615,0,03/12/2024,03/12/2027,0,BANCO CENTRAL DE LA REPUBLICA DOMINICANA,BCENTRAL,57029
DO1002223928,NO120227,BCENTRAL/8 BOEST 20270212 GTIA,11320000,DOP,1132,7.0108,100.360904,21/09/2026,03:47:56 PM,CONTADO,PRIMERA PARTE,ROTC,22/09/2026,CONFIRMADA,3355617,0,12/02/2022,12/02/2027,0,BANCO CENTRAL DE LA REPUBLICA DOMINICANA,BCENTRAL,60970
DO1002223928,NO120227,BCENTRAL/8 BOEST 20270212 GTIA,11320000,DOP,1132,-4.9084,100.823526,21/09/2026,03:47:55 PM,PRESTAMO,SEGUNDA PARTE,ROTC,20/01/2027,CONFIRMADA,3355618,0,12/02/2022,12/02/2027,3.798397,BANCO CENTRAL DE LA REPUBLICA DOMINICANA,BCENTRAL,61936
DO1002223928,NO120227,BCENTRAL/8 BOEST 20270212 GTIA,11320000,DOP,1132,7.0108,100.360904,21/09/2026,03:47:55 PM,PRESTAMO,PRIMERA PARTE,ROTC,22/09/2026,CONFIRMADA,3355618,0,12/02/2022,12/02/2027,3.798397,BANCO CENTRAL DE LA REPUBLICA DOMINICANA,BCENTRAL,61656
DO1002223928,NO120227,BCENTRAL/8 BOEST 20270212 GTIA,11320000,DOP,1132,-4.9084,100.823526,21/09/2026,03:47:54 PM,PLAZO,PRIMERA PARTE,ROTC,20/01/2027,CONFIRMADA,3355619,0,12/02/2022,12/02/2027,0,BANCO CENTRAL DE LA REPUBLICA DOMINICANA,BCENTRAL,60389
USP3579ECP09,BSRD2029, ,99000,USD,99,5.2517,100.551768,21/09/2026,03:47:53 PM,CONTADO,PRIMERA PARTE,ROTC,22/09/2026,CONFIRMADA,3355620,0,22/02/2022,22/02/2029,0,MINISTERIO DE HACIENDA,HACIENDA,48006
USP3579ECP09,BSRD2029, ,99000,USD,99,5.3877,100.213636,21/09/2026,03:47:51 PM,PRESTAMO,SEGUNDA PARTE,ROTC,20/01/2027,CONFIRMADA,3355621,0,22/02/2022,22/02/2029,1.87654,MINISTERIO DE HACIENDA,HACIENDA,48552
USP3579ECP09,BSRD2029, ,99000,USD,99,5.2517,100.551768,21/09/2026,03:47:51 PM,PRESTAMO,PRIMERA PARTE,ROTC,22/09/2026,CONFIRMADA,3355621,0,22/02/2022,22/02/2029,1.87654,MINISTERIO DE HACIENDA,HACIENDA,48685
USP3579ECP09,BSRD2029, ,99000,USD,99,5.3877,100.213636,21/09/2026,03:47:50 PM,PLAZO,PRIMERA PARTE,ROTC,20/01/2027,CONFIRMADA,3355622,0,22/02/2022,22/02/2029,0,MINISTERIO DE HACIENDA,HACIENDA,47005
DO1002227317,NO150928,BCENTRAL/11 BOEST 20280915 GTIA,3890000,DOP,389,9.1616,103.25773,21/09/2026,03:47:49 PM,CONTADO,PRIMERA PARTE,ROTC,22/09/2026,CONFIRMADA,3355623,0,15/09/2023,15/09/2028,0,BANCO CENTRAL DE LA REPUBLICA DOMINICANA,BCENTRAL,60662
DO1002227317,NO150928,BCENTRAL/11 BOEST 20280915 GTIA,3890000,DOP,389,5.313,103.130778,21/09/2026,03:47:48 PM,PRESTAMO,SEGUNDA PARTE,ROTC,22/10/2026,CONFIRMADA,3355624,0,15/09/2023,15/09/2028,0.956651,BANCO CENTRAL DE LA REPUBLICA DOMINICANA,BCENTRAL,61166
DO1002227317,NO150928,BCENTRAL/11 BOEST 20280915 GTIA,3890000,DOP,389,9.1616,103.25773,21/09/2026,03:47:48 PM,PRESTAMO,PRIMERA PARTE,ROTC,22/09/2026,CONFIRMADA,3355624,0,15/09/2023,15/09/2028,0.956651,BANCO CENTRAL DE LA REPUBLICA DOMINICANA,BCENTRAL,61348
DO1002227317,NO150928,BCENTRAL/11 BOEST 20280915 GTIA,3890000,DOP,389,5.313,103.130778,21/09/2026,03:47:47 PM,PLAZO,PRIMERA PARTE,ROTC,22/10/2026,CONFIRMADA,3355625,0,15/09/2023,15/09/2028,0,BANCO CENTRAL DE LA REPUBLICA DOMINICANA,BCENTRAL,59619
USP3579ECF27,BSRD2030,DOMINICAN REP/4.5 BD 20300130 UNS,21000,USD,21,6.3125,94.588095,21/09/2026,03:47:45 PM,CONTADO,PRIMERA PARTE,ROTC,22/09/2026,CONFIRMADA,3355626,0,30/01/2020,30/01/2030,0,MINISTERIO DE HACIENDA,HACIENDA,61117
USP3579ECF27,BSRD2030,DOMINICAN REP/4.5 BD 20300130 UNS,21000,USD,21,5.7788,94.558333,21/09/2026,03:47:44 PM,PRESTAMO,SEGUNDA PARTE,ROTC,22/10/2026,CONFIRMADA,3355627,0,30/01/2020,30/01/2030,1.041226,MINISTERIO DE HACIENDA,HACIENDA,61754
USP3579ECF27,BSRD2030,DOMINICAN REP/4.5 BD 20300130 UNS,21000,USD,21,6.3125,94.588095,21/09/2026,03:47:44 PM,PRESTAMO,PRIMERA PARTE,ROTC,22/09/2026,CONFIRMADA,3355627,0,30/01/2020,30/01/2030,1.041226,MINISTERIO DE HACIENDA,HACIENDA,61803
USP3579ECF27,BSRD2030,DOMINICAN REP/4.5 BD 20300130 UNS,21000,USD,21,5.7788,94.558333,21/09/2026,03:47:43 PM,PLAZO,PRIMERA PARTE,ROTC,22/10/2026,CONFIRMADA,3355628,0,30/01/2020,30/01/2030,0,MINISTERIO DE HACIENDA,HACIENDA,60207
DO1002223928,NO120227,BCENTRAL/8 BOEST 20270212 GTIA,990000,DOP,99,7.6494,100.118797,21/09/2026,03:47:42 PM,CONTADO,PRIMERA PARTE,ROTC,22/09/2026,CONFIRMADA,3355629,0,12/02/2022,12/02/2027,0,BANCO CENTRAL DE LA REPUBLICA DOMINICANA,BCENTRAL,59920
DO1002223928,NO120227,BCENTRAL/8 BOEST 20270212 GTIA,990000,DOP,99,7.3742,100.169485,21/09/2026,03:47:40 PM,PRESTAMO,SEGUNDA PARTE,ROTC,22/10/2026,CONFIRMADA,3355630,0,12/02/2022,12/02/2027,1.567318,BANCO CENTRAL DE LA REPUBLICA DOMINICANA,BCENTRAL,60431
DO1002223928,NO120227,BCENTRAL/8 BOEST 20270212 GTIA,990000,DOP,99,7.6494,100.118797,21/09/2026,03:47:40 PM,PRESTAMO,PRIMERA PARTE,ROTC,22/09/2026,CONFIRMADA,3355630,0,12/02/2022,12/02/2027,1.567318,BANCO CENTRAL DE LA REPUBLICA DOMINICANA,BCENTRAL,60599
DO1002223928,NO120227,BCENTRAL/8 BOEST 20270212 GTIA,990000,DOP,99,7.3742,100.169485,21/09/2026,03:47:39 PM,PLAZO,PRIMERA PARTE,ROTC,22/10/2026,CONFIRMADA,3355631,0,12/02/2022,12/02/2027,0,BANCO CENTRAL DE LA REPUBLICA DOMINICANA,BCENTRAL,58947
DO1002227317,NO150928,BCENTRAL/11 BOEST 20280915 GTIA,870000,DOP,87,9.188,103.205182,21/09/2026,03:47:38 PM,CONTADO,PRIMERA PARTE,ROTC,23/09/2026,CONFIRMADA,3355632,0,15/09/2023,15/09/2028,0,BANCO CENTRAL DE LA REPUBLICA DOMINICANA,BCENTRAL,59892
DO1002227317,NO150928,BCENTRAL/11 BOEST 20280915 GTIA,870000,DOP,87,9.2186,103.013407,21/09/2026,03:47:37 PM,PRESTAMO,SEGUNDA PARTE,ROTC,23/10/2026,CONFIRMADA,3355633,0,15/09/2023,15/09/2028,0.924392,BANCO CENTRAL DE LA REPUBLICA DOMINICANA,BCENTRAL,60774
DO1002227317,NO150928,BCENTRAL/11 BOEST 20280915 GTIA,870000,DOP,87,9.188,103.205182,21/09/2026,03:47:37 PM,PRESTAMO,PRIMERA PARTE,ROTC,23/09/2026,CONFIRMADA,3355633,0,15/09/2023,15/09/2028,0.924392,BANCO CENTRAL DE LA REPUBLICA DOMINICANA,BCENTRAL,60578
DO1002227317,NO150928,BCENTRAL/11 BOEST 20280915 GTIA,870000,DOP,87,9.2186,103.013407,21/09/2026,03:47:35 PM,PLAZO,PRIMERA PARTE,ROTC,23/10/2026,CONFIRMADA,3355634,0,15/09/2023,15/09/2028,0,BANCO CENTRAL DE LA REPUBLICA DOMINICANA,BCENTRAL,59220
USP3579EBV85,BSDR2027,DOMINICAN Rep/5.95 BD 20270125 Se,20000,USD,20,8.7269,99.07825,21/09/2026,03:47:34 PM,CONTADO,PRIMERA PARTE,ROTC,23/09/2026,CONFIRMADA,3355635,0,25/01/2017,25/01/2027,0,MINISTERIO DE HACIENDA,HACIENDA,61474
USP3579EBV85,BSDR2027,DOMINICAN Rep/5.95 BD 20270125 Se,20000,USD,20,184.961,98.5785,21/09/2026,03:47:33 PM,PRESTAMO,SEGUNDA PARTE,ROTC,21/01/2027,CONFIRMADA,3355636,0,25/01/2017,25/01/2027,2.373841,MINISTERIO DE HACIENDA,HACIENDA,62027
USP3579EBV85,BSDR2027,DOMINICAN Rep/5.95 BD 20270125 Se,20000,USD,20,8.7269,99.07825,21/09/2026,03:47:33 PM,PRESTAMO,PRIMERA PARTE,ROTC,23/09/2026,CONFIRMADA,3355636,0,25/01/2017,25/01/2027,2.373841,MINISTERIO DE HACIENDA,HACIENDA,62160
USP3579EBV85,BSDR2027,DOMINICAN Rep/5.95 BD 20270125 Se,20000,USD,20,184.961,98.5785,21/09/2026,03:47:32 PM,PLAZO,PRIMERA PARTE,ROTC,21/01/2027,CONFIRMADA,3355637,0,25/01/2017,25/01/2027,0,MINISTERIO DE HACIENDA,HACIENDA,60480
DO1002228612,NO031227,BCENTRAL/8 BOEST 20271203 GTIA,290000,DOP,29,7.7369,100.276617,21/09/2026,03:47:31 PM,CONTADO,PRIMERA PARTE,ROTC,23/09/2026,CONFIRMADA,3355638,0,03/12/2024,03/12/2027,0,BANCO CENTRAL DE LA REPUBLICA DOMINICANA,BCENTRAL,59780
DO1002228612,NO031227,BCENTRAL/8 BOEST 20271203 GTIA,290000,DOP,29,7.6668,100.335672,21/09/2026,03:47:29 PM,PRESTAMO,SEGUNDA PARTE,ROTC,23/10/2026,CONFIRMADA,3355639,0,03/12/2024,03/12/2027,3.057709,BANCO CENTRAL DE LA REPUBLICA DOMINICANA,BCENTRAL,60389
DO1002228612,NO031227,BCENTRAL/8 BOEST 20271203 GTIA,290000,DOP,29,7.7369,100.276617,21/09/2026,03:47:29 PM,PRESTAMO,PRIMERA PARTE,ROTC,23/09/2026,CONFIRMADA,3355639,0,03/12/2024,03/12/2027,3.057709,BANCO CENTRAL DE LA REPUBLICA DOMINICANA,BCENTRAL,60522
DO1002228612,NO031227,BCENTRAL/8 BOEST 20271203 GTIA,290000,DOP,29,7.6668,100.335672,21/09/2026,03:47:28 PM,PLAZO,PRIMERA PARTE,ROTC,23/10/2026,CONFIRMADA,3355640,0,03/12/2024,03/12/2027,0,BANCO CENTRAL DE LA REPUBLICA DOMINICANA,BCENTRAL,58842
DO1002227317,NO150928,BCENTRAL/11 BOEST 20280915 GTIA,780000,DOP,78,9.5216,102.607805,21/09/2026,03:47:27 PM,CONTADO,PRIMERA PARTE,ROTC,22/09/2026,CONFIRMADA,3355641,0,15/09/2023,15/09/2028,0,BANCO CENTRAL DE LA REPUBLICA DOMINICANA,BCENTRAL,60235
DO1002227317,NO150928,BCENTRAL/11 BOEST 20280915 GTIA,780000,DOP,78,5.6853,101.97819,21/09/2026,03:47:26 PM,PRESTAMO,SEGUNDA PARTE,ROTC,12/03/2027,CONFIRMADA,3355642,0,15/09/2023,15/09/2028,4.450467,BANCO CENTRAL DE LA REPUBLICA DOMINICANA,BCENTRAL,60557
DO1002227317,NO150928,BCENTRAL/11 BOEST 20280915 GTIA,780000,DOP,78,9.5216,102.607805,21/09/2026,03:47:26 PM,PRESTAMO,PRIMERA PARTE,ROTC,22/09/2026,CONFIRMADA,3355642,0,15/09/2023,15/09/2028,4.450467,BANCO CENTRAL DE LA REPUBLICA DOMINICANA,BCENTRAL,60921
DO1002227317,NO150928,BCENTRAL/11 BOEST 20280915 GTIA,780000,DOP,78,5.6853,101.97819,21/09/2026,03:47:24 PM,PLAZO,PRIMERA PARTE,ROTC,12/03/2027,CONFIRMADA,3355643,0,15/09/2023,15/09/2028,0,BANCO CENTRAL DE LA REPUBLICA DOMINICANA,BCENTRAL,59003
DO1002227317,NO150928,BCENTRAL/11 BOEST 20280915 GTIA,650000,DOP,65,0,103.249871,21/09/2026,03:47:23 PM,PLAZO,PRIMERA PARTE,ROTC,02/12/2026,CONFIRMADA,3355645,0,15/09/2023,15/09/2028,0,BANCO CENTRAL DE LA REPUBLICA DOMINICANA,BCENTRAL,57400
DO1002227317,NO150928,BCENTRAL/11 BOEST 20280915 GTIA,650000,DOP,65,5,102.974672,21/09/2026,03:47:22 PM,PRESTAMO,SEGUNDA PARTE,ROTC,12/03/2027,CONFIRMADA,3355646,0,15/09/2023,15/09/2028,4.736552,BANCO CENTRAL DE LA REPUBLICA DOMINICANA,BCENTRAL,59003
DO1002227317,NO150928,BCENTRAL/11 BOEST 20280915 GTIA,650000,DOP,65,0,103.249871,21/09/2026,03:47:22 PM,PRESTAMO,PRIMERA PARTE,ROTC,02/12/2026,CONFIRMADA,3355646,0,15/09/2023,15/09/2028,4.736552,BANCO CENTRAL DE LA REPUBLICA DOMINICANA,BCENTRAL,58996
DO1002227317,NO150928,BCENTRAL/11 BOEST 20280915 GTIA,650000,DOP,65,5,102.974672,21/09/2026,03:47:21 PM,PLAZO,PRIMERA PARTE,ROTC,12/03/2027,CONFIRMADA,3355647,0,15/09/2023,15/09/2028,0,BANCO CENTRAL DE LA REPUBLICA DOMINICANA,BCENTRAL,57456
DO1002228612,NO031227,BCENTRAL/8 BOEST 20271203 GTIA,690000,DOP,69,0,99.961196,21/09/2026,03:47:20 PM,PLAZO,PRIMERA PARTE,ROTC,12/03/2027,CONFIRMADA,3355648,0,03/12/2024,03/12/2027,0,BANCO CENTRAL DE LA REPUBLICA DOMINICANA,BCENTRAL,56777
DO1002228612,NO031227,BCENTRAL/8 BOEST 20271203 GTIA,690000,DOP,69,5,100.293684,21/09/2026,03:47:18 PM,PRESTAMO,SEGUNDA PARTE,ROTC,02/06/2027,CONFIRMADA,3355649,0,03/12/2024,03/12/2027,4.133921,BANCO CENTRAL DE LA REPUBLICA DOMINICANA,BCENTRAL,58632
DO1002228612,NO031227,BCENTRAL/8 BOEST 20271203 GTIA,690000,DOP,69,0,99.961196,21/09/2026,03:47:18 PM,PRESTAMO,PRIMERA PARTE,ROTC,12/03/2027,CONFIRMADA,3355649,0,03/12/2024,03/12/2027,4.133921,BANCO CENTRAL DE LA REPUBLICA DOMINICANA,BCENTRAL,58429
DO1002228612,NO031227,BCENTRAL/8 BOEST 20271203 GTIA,690000,DOP,69,5,100.293684,21/09/2026,03:47:17 PM,PLAZO,PRIMERA PARTE,ROTC,02/06/2027,CONFIRMADA,3355650,0,03/12/2024,03/12/2027,0,BANCO CENTRAL DE LA REPUBLICA DOMINICANA,BCENTRAL,57085
DO1002227317,NO150928,BCENTRAL/11 BOEST 20280915 GTIA,680000,DOP,68,0,103.47416,21/09/2026,03:47:16 PM,PLAZO,PRIMERA PARTE,ROTC,02/06/2027,CONFIRMADA,3355651,0,15/09/2023,15/09/2028,0,BANCO CENTRAL DE LA REPUBLICA DOMINICANA,BCENTRAL,57085
DO1002227317,NO150928,BCENTRAL/11 BOEST 20280915 GTIA,680000,DOP,68,5,103.112685,21/09/2026,03:47:15 PM,PRESTAMO,SEGUNDA PARTE,ROTC,14/09/2027,CONFIRMADA,3355652,0,15/09/2023,15/09/2028,4.704828,BANCO CENTRAL DE LA REPUBLICA DOMINICANA,BCENTRAL,59038
DO1002227317,NO150928,BCENTRAL/11 BOEST 20280915 GTIA,680000,DOP,68,0,103.47416,21/09/2026,03:47:15 PM,PRESTAMO,PRIMERA PARTE,ROTC,02/06/2027,CONFIRMADA,3355652,0,15/09/2023,15/09/2028,4.704828,BANCO CENTRAL DE LA REPUBLICA DOMINICANA,BCENTRAL,58681
DO1002227317,NO150928,BCENTRAL/11 BOEST 20280915 GTIA,680000,DOP,68,5,103.112685,21/09/2026,03:47:14 PM,PLAZO,PRIMERA PARTE,ROTC,14/09/2027,CONFIRMADA,3355653,0,15/09/2023,15/09/2028,0,BANCO CENTRAL DE LA REPUBLICA DOMINICANA,BCENTRAL,57491
DO1002228612,NO031227,BCENTRAL/8 BOEST 20271203 GTIA,720000,DOP,72,0,100.335538,21/09/2026,03:47:12 PM,PLAZO,PRIMERA PARTE,ROTC,14/09/2027,CONFIRMADA,3355654,0,03/12/2024,03/12/2027,0,BANCO CENTRAL DE LA REPUBLICA DOMINICANA,BCENTRAL,56938
DO1002228612,NO031227,BCENTRAL/8 BOEST 20271203 GTIA,720000,DOP,72,5,100.344808,21/09/2026,03:47:11 PM,PRESTAMO,SEGUNDA PARTE,ROTC,17/09/2027,CONFIRMADA,3355655,0,03/12/2024,03/12/2027,2.265899,BANCO CENTRAL DE LA REPUBLICA DOMINICANA,BCENTRAL,58527
DO1002228612,NO031227,BCENTRAL/8 BOEST 20271203 GTIA,720000,DOP,72,0,100.335538,21/09/2026,03:47:11 PM,PRESTAMO,PRIMERA PARTE,ROTC,14/09/2027,CONFIRMADA,3355655,0,03/12/2024,03/12/2027,2.265899,BANCO CENTRAL DE LA REPUBLICA DOMINICANA,BCENTRAL,58534
DO1002228612,NO031227,BCENTRAL/8 BOEST 20271203 GTIA,720000,DOP,72,5,100.344808,21/09/2026,03:47:10 PM,PLAZO,PRIMERA PARTE,ROTC,17/09/2027,CONFIRMADA,3355656,0,03/12/2024,03/12/2027,0,BANCO CENTRAL DE LA REPUBLICA DOMINICANA,BCENTRAL,56980
DO1002226525,NO180228,BCENTRAL/15 BOEST 20280218 GTIA,10970000,DOP,1097,9.8844,106.162144,21/09/2026,03:47:09 PM,ESTRUCTURADA,SEGUNDA PARTE,ROTC,22/10/2026,CONFIRMADA,3355560,0,18/02/2023,18/02/2028,8.8,BANCO CENTRAL DE LA REPUBLICA DOMINICANA,BCENTRAL,64295
DO1002226525,NO180228,BCENTRAL/15 BOEST 20280218 GTIA,10970000,DOP,1097,9.8396,106.592828,21/09/2026,03:47:09 PM,ESTRUCTURADA,PRIMERA PARTE,ROTC,22/09/2026,CONFIRMADA,3355560,0,18/02/2023,18/02/2028,8.8,BANCO CENTRAL DE LA REPUBLICA DOMINICANA,BCENTRAL,64540
DO1002227317,NO150928,BCENTRAL/11 BOEST 20280915 GTIA,80000,DOP,8,0,102.047263,21/09/2026,03:47:09 PM,PLAZO,PRIMERA PARTE,ROTC,02/12/2026,CONFIRMADA,3355657,0,15/09/2023,15/09/2028,0,BANCO CENTRAL DE LA REPUBLICA DOMINICANA,BCENTRAL,56644
DO1002226525,NO180228,BCENTRAL/15 BOEST 20280218 GTIA,10970000,DOP,1097,9.8844,106.162144,21/09/2026,03:47:08 PM,PRESTAMO,SEGUNDA PARTE,ROTC,22/10/2026,CONFIRMADA,3355561,0,18/02/2023,18/02/2028,2.039096,BANCO CENTRAL DE LA REPUBLICA DOMINICANA,BCENTRAL,62188
DO1002226525,NO180228,BCENTRAL/15 BOEST 20280218 GTIA,10970000,DOP,1097,9.8396,106.592828,21/09/2026,03:47:08 PM,PRESTAMO,PRIMERA PARTE,ROTC,22/09/2026,CONFIRMADA,3355561,0,18/02/2023,18/02/2028,2.039096,BANCO CENTRAL DE LA REPUBLICA DOMINICANA,BCENTRAL,62433
DO1002227317,NO150928,BCENTRAL/11 BOEST 20280915 GTIA,80000,DOP,8,5,101.670738,21/09/2026,03:47:08 PM,PRESTAMO,SEGUNDA PARTE,ROTC,12/03/2027,CONFIRMADA,3355658,0,15/09/2023,15/09/2028,4.699601,BANCO CENTRAL DE LA REPUBLICA DOMINICANA,BCENTRAL,58282
DO1002227317,NO150928,BCENTRAL/11 BOEST 20280915 GTIA,80000,DOP,8,0,102.047263,21/09/2026,03:47:08 PM,PRESTAMO,PRIMERA PARTE,ROTC,02/12/2026,CONFIRMADA,3355658,0,15/09/2023,15/09/2028,4.699601,BANCO CENTRAL DE LA REPUBLICA DOMINICANA,BCENTRAL,58240
DO1002227317,NO150928,BCENTRAL/11 BOEST 20280915 GTIA,80000,DOP,8,5,101.670738,21/09/2026,03:47:06 PM,PLAZO,PRIMERA PARTE,ROTC,12/03/2027,CONFIRMADA,3355659,0,15/09/2023,15/09/2028,0,BANCO CENTRAL DE LA REPUBLICA DOMINICANA,BCENTRAL,56728
DO1002228612,NO031227,BCENTRAL/8 BOEST 20271203 GTIA,80000,DOP,8,0,104.942188,21/09/2026,03:47:05 PM,PLAZO,PRIMERA PARTE,ROTC,12/03/2027,CONFIRMADA,3355660,0,03/12/2024,03/12/2027,0,BANCO CENTRAL DE LA REPUBLICA DOMINICANA,BCENTRAL,56273
DO1002228612,NO031227,BCENTRAL/8 BOEST 20271203 GTIA,80000,DOP,8,5,105.32295,21/09/2026,03:47:04 PM,PRESTAMO,SEGUNDA PARTE,ROTC,02/06/2027,CONFIRMADA,3355661,0,03/12/2024,03/12/2027,3.987876,BANCO CENTRAL DE LA REPUBLICA DOMINICANA,BCENTRAL,57449
DO1002228612,NO031227,BCENTRAL/8 BOEST 20271203 GTIA,80000,DOP,8,0,104.942188,21/09/2026,03:47:04 PM,PRESTAMO,PRIMERA PARTE,ROTC,12/03/2027,CONFIRMADA,3355661,0,03/12/2024,03/12/2027,3.987876,BANCO CENTRAL DE LA REPUBLICA DOMINICANA,BCENTRAL,57869
DO1002228612,NO031227,BCENTRAL/8 BOEST 20271203 GTIA,80000,DOP,8,5,105.32295,21/09/2026,03:47:02 PM,PLAZO,PRIMERA PARTE,ROTC,02/06/2027,CONFIRMADA,3355662,0,03/12/2024,03/12/2027,0,BANCO CENTRAL DE LA REPUBLICA DOMINICANA,BCENTRAL,55895
DO1002223928,NO120227,BCENTRAL/8 BOEST 20270212 GTIA,240000,DOP,24,8.2278,99.900688,21/09/2026,03:47:01 PM,CONTADO,PRIMERA PARTE,ROTC,22/09/2026,CONFIRMADA,3355663,0,12/02/2022,12/02/2027,0,BANCO CENTRAL DE LA REPUBLICA DOMINICANA,BCENTRAL,59465
DO1002223928,NO120227,BCENTRAL/8 BOEST 20270212 GTIA,240000,DOP,24,7.7409,100.038683,21/09/2026,03:47:00 PM,PRESTAMO,SEGUNDA PARTE,ROTC,20/11/2026,CONFIRMADA,3355664,0,12/02/2022,12/02/2027,2.261862,BANCO CENTRAL DE LA REPUBLICA DOMINICANA,BCENTRAL,60221
DO1002223928,NO120227,BCENTRAL/8 BOEST 20270212 GTIA,240000,DOP,24,8.2278,99.900688,21/09/2026,03:47:00 PM,PRESTAMO,PRIMERA PARTE,ROTC,22/09/2026,CONFIRMADA,3355664,0,12/02/2022,12/02/2027,2.261862,BANCO CENTRAL DE LA REPUBLICA DOMINICANA,BCENTRAL,60151
DO1002223928,NO120227,BCENTRAL/8 BOEST 20270212 GTIA,240000,DOP,24,7.7409,100.038683,21/09/2026,03:46:59 PM,PLAZO,PRIMERA PARTE,ROTC,20/11/2026,CONFIRMADA,3355665,0,12/02/2022,12/02/2027,0,BANCO CENTRAL DE LA REPUBLICA DOMINICANA,BCENTRAL,58772
DO1002223928,NO120227,BCENTRAL/8 BOEST 20270212 GTIA,49380000,DOP,4938,7.0019,100.364265,21/09/2026,03:46:57 PM,CONTADO,PRIMERA PARTE,ROTC,22/09/2026,CONFIRMADA,3355666,0,12/02/2022,12/02/2027,0,BANCO CENTRAL DE LA REPUBLICA DOMINICANA,BCENTRAL,61243
DO1002223928,NO120227,BCENTRAL/8 BOEST 20270212 GTIA,49380000,DOP,4938,6.5562,100.416661,21/09/2026,03:46:56 PM,PRESTAMO,SEGUNDA PARTE,ROTC,22/10/2026,CONFIRMADA,3355667,0,12/02/2022,12/02/2027,1.565194,BANCO CENTRAL DE LA REPUBLICA DOMINICANA,BCENTRAL,61845
DO1002223928,NO120227,BCENTRAL/8 BOEST 20270212 GTIA,49380000,DOP,4938,7.0019,100.364265,21/09/2026,03:46:56 PM,PRESTAMO,PRIMERA PARTE,ROTC,22/09/2026,CONFIRMADA,3355667,0,12/02/2022,12/02/2027,1.565194,BANCO CENTRAL DE LA REPUBLICA DOMINICANA,BCENTRAL,61929
DO1002223928,NO120227,BCENTRAL/8 BOEST 20270212 GTIA,49380000,DOP,4938,6.5562,100.416661,21/09/2026,03:46:55 PM,PLAZO,PRIMERA PARTE,ROTC,22/10/2026,CONFIRMADA,3355668,0,12/02/2022,12/02/2027,0,BANCO CENTRAL DE LA REPUBLICA DOMINICANA,BCENTRAL,60298
DO1002228612,NO031227,BCENTRAL/8 BOEST 20271203 GTIA,80000,DOP,8,-11.57,100.411987,21/09/2026,03:46:53 PM,PLAZO,PRIMERA PARTE,ROTC,02/12/2026,CONFIRMADA,3355669,0,03/12/2024,03/12/2027,0,BANCO CENTRAL DE LA REPUBLICA DOMINICANA,BCENTRAL,57974
DO1002228612,NO031227,BCENTRAL/8 BOEST 20271203 GTIA,660000,DOP,66,8.3102,99.633991,21/09/2026,03:46:52 PM,CONTADO,PRIMERA PARTE,ROTC,22/09/2026,CONFIRMADA,3355670,0,03/12/2024,03/12/2027,0,BANCO CENTRAL DE LA REPUBLICA DOMINICANA,BCENTRAL,59472
DO1002228612,NO031227,BCENTRAL/8 BOEST 20271203 GTIA,660000,DOP,66,-31.791,100.014418,21/09/2026,03:46:51 PM,PRESTAMO,SEGUNDA PARTE,ROTC,02/12/2026,CONFIRMADA,3355671,0,03/12/2024,03/12/2027,4.191232,BANCO CENTRAL DE LA REPUBLICA DOMINICANA,BCENTRAL,60529
DO1002228612,NO031227,BCENTRAL/8 BOEST 20271203 GTIA,660000,DOP,66,8.3102,99.633991,21/09/2026,03:46:51 PM,PRESTAMO,PRIMERA PARTE,ROTC,22/09/2026,CONFIRMADA,3355671,0,03/12/2024,03/12/2027,4.191232,BANCO CENTRAL DE LA REPUBLICA DOMINICANA,BCENTRAL,60158
DO1002228612,NO031227,BCENTRAL/8 BOEST 20271203 GTIA,660000,DOP,66,-31.791,100.014418,21/09/2026,03:46:49 PM,PLAZO,PRIMERA PARTE,ROTC,02/12/2026,CONFIRMADA,3355672,0,03/12/2024,03/12/2027,0,BANCO CENTRAL DE LA REPUBLICA DOMINICANA,BCENTRAL,59038
DO1002227317,NO150928,BCENTRAL/11 BOEST 20280915 GTIA,80000,DOP,8,0,106.971087,21/09/2026,03:46:48 PM,PLAZO,PRIMERA PARTE,ROTC,02/06/2027,CONFIRMADA,3355673,0,15/09/2023,15/09/2028,0,BANCO CENTRAL DE LA REPUBLICA DOMINICANA,BCENTRAL,56784
DO1002227317,NO150928,BCENTRAL/11 BOEST 20280915 GTIA,80000,DOP,8,5,106.908963,21/09/2026,03:46:47 PM,PRESTAMO,SEGUNDA PARTE,ROTC,21/06/2027,CONFIRMADA,3355674,0,15/09/2023,15/09/2028,2.610405,BANCO CENTRAL DE LA REPUBLICA DOMINICANA,BCENTRAL,58380
DO1002227317,NO150928,BCENTRAL/11 BOEST 20280915 GTIA,80000,DOP,8,0,106.971087,21/09/2026,03:46:47 PM,PRESTAMO,PRIMERA PARTE,ROTC,02/06/2027,CONFIRMADA,3355674,0,15/09/2023,15/09/2028,2.610405,BANCO CENTRAL DE LA REPUBLICA DOMINICANA,BCENTRAL,58380
DO1002227317,NO150928,BCENTRAL/11 BOEST 20280915 GTIA,80000,DOP,8,5,106.908963,21/09/2026,03:46:46 PM,PLAZO,PRIMERA PARTE,ROTC,21/06/2027,CONFIRMADA,3355675,0,15/09/2023,15/09/2028,0,BANCO CENTRAL DE LA REPUBLICA DOMINICANA,BCENTRAL,56833
DO1002228612,NO031227,BCENTRAL/8 BOEST 20271203 GTIA,80000,DOP,8,7.9176,100.073775,21/09/2026,03:46:44 PM,CONTADO,PRIMERA PARTE,ROTC,22/09/2026,CONFIRMADA,3355676,0,03/12/2024,03/12/2027,0,BANCO CENTRAL DE LA REPUBLICA DOMINICANA,BCENTRAL,59066
DO1002228612,NO031227,BCENTRAL/8 BOEST 20271203 GTIA,80000,DOP,8,-11.57,100.411987,21/09/2026,03:46:43 PM,PRESTAMO,SEGUNDA PARTE,ROTC,02/12/2026,CONFIRMADA,3355677,0,03/12/2024,03/12/2027,4.134826,BANCO CENTRAL DE LA REPUBLICA DOMINICANA,BCENTRAL,59507
DO1002228612,NO031227,BCENTRAL/8 BOEST 20271203 GTIA,80000,DOP,8,7.9176,100.073775,21/09/2026,03:46:43 PM,PRESTAMO,PRIMERA PARTE,ROTC,22/09/2026,CONFIRMADA,3355677,0,03/12/2024,03/12/2027,4.134826,BANCO CENTRAL DE LA REPUBLICA DOMINICANA,BCENTRAL,59752
USP3579ECN50,BSRD2033, ,26000,USD,26,6.26324751,98.62,21/09/2026,03:46:42 PM,CONTADO,PRIMERA PARTE,ROTC,22/09/2026,CONFIRMADA,3355690,0,22/02/2022,22/02/2033,0,MINISTERIO DE HACIENDA,HACIENDA,47488
USP3579ECN50,BSRD2033, ,32000,USD,32,6.26324751,98.62,21/09/2026,03:46:40 PM,CONTADO,PRIMERA PARTE,ROTC,22/09/2026,CONFIRMADA,3355691,0,22/02/2022,22/02/2033,0,MINISTERIO DE HACIENDA,HACIENDA,47432
USP3579ECF27,BSRD2030,DOMINICAN REP/4.5 BD 20300130 UNS,7000,USD,7,5.88196166,95.84,21/09/2026,03:46:39 PM,CONTADO,PRIMERA PARTE,ROTC,22/09/2026,CONFIRMADA,3355692,0,30/01/2020,30/01/2030,0,MINISTERIO DE HACIENDA,HACIENDA,60592
USP3579ECF27,BSRD2030,DOMINICAN REP/4.5 BD 20300130 UNS,42000,USD,42,5.88196166,95.84,21/09/2026,03:46:38 PM,CONTADO,PRIMERA PARTE,ROTC,22/09/2026,CONFIRMADA,3355693,0,30/01/2020,30/01/2030,0,MINISTERIO DE HACIENDA,HACIENDA,61243
USP3579ECF27,BSRD2030,DOMINICAN REP/4.5 BD 20300130 UNS,20000,USD,20,5.88196166,95.84,21/09/2026,03:46:36 PM,CONTADO,PRIMERA PARTE,ROTC,22/09/2026,CONFIRMADA,3355694,0,30/01/2020,30/01/2030,0,MINISTERIO DE HACIENDA,HACIENDA,61173
USP3579ECF27,BSRD2030,DOMINICAN REP/4.5 BD 20300130 UNS,43000,USD,43,5.88196166,95.84,21/09/2026,03:46:35 PM,CONTADO,PRIMERA PARTE,ROTC,22/09/2026,CONFIRMADA,3355695,0,30/01/2020,30/01/2030,0,MINISTERIO DE HACIENDA,HACIENDA,61236
DO1005254128,MH12041,HACIENDA/12 BOEST 20410310 GTIA,4300000,DOP,43,9.74977409,117.222943,21/09/2026,03:46:34 PM,CONTADO,PRIMERA PARTE,ROTC,22/09/2026,CONFIRMADA,3355696,0,10/03/2026,10/03/2041,0,MINISTERIO DE HACIENDA,HACIENDA,61222
USP3579EBY25,BSRD2048,DOMINICAN REP/6.5 CHURCH BD UNSEC,2000,USD,2,6.91974903,95.34,21/09/2026,03:46:32 PM,CONTADO,PRIMERA PARTE,ROTC,22/09/2026,CONFIRMADA,3355697,0,08/02/2018,15/02/2048,0,MINISTERIO DE HACIENDA,HACIENDA,61929
DO2018100324,BC1AES03,AESTRELLA/11.25 BO 20301130,1154873,DOP,1154873,10.856,101.204494,21/09/2026,03:45:23 PM,ESTRUCTURADA,SEGUNDA PARTE,ROTC,19/02/2027,CONFIRMADA,3355558,0,30/11/2020,30/11/2030,8.9,ACERO ESTRELLA S A,AESTRELLA,62825
DO2018100324,BC1AES03,AESTRELLA/11.25 BO 20301130,1154873,DOP,1154873,11.465,99.284092,21/09/2026,03:45:23 PM,ESTRUCTURADA,PRIMERA PARTE,ROTC,22/09/2026,CONFIRMADA,3355558,0,30/11/2020,30/11/2030,8.9,ACERO ESTRELLA S A,AESTRELLA,62657
DO2018100324,BC1AES03,AESTRELLA/11.25 BO 20301130,1154873,DOP,1154873,10.856,101.204494,21/09/2026,03:45:22 PM,PRESTAMO,SEGUNDA PARTE,ROTC,19/02/2027,CONFIRMADA,3355559,0,30/11/2020,30/11/2030,4.259337,ACERO ESTRELLA S A,AESTRELLA,60718
DO2018100324,BC1AES03,AESTRELLA/11.25 BO 20301130,1154873,DOP,1154873,11.465,99.284092,21/09/2026,03:45:22 PM,PRESTAMO,PRIMERA PARTE,ROTC,22/09/2026,CONFIRMADA,3355559,0,30/11/2020,30/11/2030,4.259337,ACERO ESTRELLA S A,AESTRELLA,60550
DO2018100324,BC1AES03,AESTRELLA/11.25 BO 20301130,101549,DOP,101549,11.5996,98.882786,21/09/2026,03:44:15 PM,ESTRUCTURADA,SEGUNDA PARTE,ROTC,20/11/2026,CONFIRMADA,3355576,0,30/11/2020,30/11/2030,8.65,ACERO ESTRELLA S A,AESTRELLA,62258
DO2018100324,BC1AES03,AESTRELLA/11.25 BO 20301130,101549,DOP,101549,11.4651,99.28375,21/09/2026,03:44:15 PM,ESTRUCTURADA,PRIMERA PARTE,ROTC,22/09/2026,CONFIRMADA,3355576,0,30/11/2020,30/11/2030,8.65,ACERO ESTRELLA S A,AESTRELLA,61866
DO2018100324,BC1AES03,AESTRELLA/11.25 BO 20301130,101549,DOP,101549,11.5996,98.882786,21/09/2026,03:44:14 PM,PRESTAMO,SEGUNDA PARTE,ROTC,20/11/2026,CONFIRMADA,3355577,0,30/11/2020,30/11/2030,2.096867,ACERO ESTRELLA S A,AESTRELLA,60151
DO2018100324,BC1AES03,AESTRELLA/11.25 BO 20301130,101549,DOP,101549,11.4651,99.28375,21/09/2026,03:44:14 PM,PRESTAMO,PRIMERA PARTE,ROTC,22/09/2026,CONFIRMADA,3355577,0,30/11/2020,30/11/2030,2.096867,ACERO ESTRELLA S A,AESTRELLA,59759
DO1002261829,NO010330,BCENTRAL/9.5 BOEST 20300301 GTIA,30120000,DOP,3012,9.62000008,99.643713,21/09/2026,03:40:15 PM,CONTADO,PRIMERA PARTE,ROTC,23/09/2026,CONFIRMADA,3355083,0,01/03/2026,01/03/2030,0,BANCO CENTRAL DE LA REPUBLICA DOMINICANA,BCENTRAL,62699
DO1005205716,MHUS2027,HACIENDA/6 BOEST 20270305 GTIA,1197000,USD,1197,3.0784438,101.2569,21/09/2026,03:40:13 PM,CONTADO,PRIMERA PARTE,ROTC,25/09/2026,CONFIRMADA,3355269,0,05/09/2016,05/03/2027,0,MINISTERIO DE HACIENDA,HACIENDA,61474
DO2018100324,BC1AES03,AESTRELLA/11.25 BO 20301130,25387,DOP,25387,11.5994,98.883641,21/09/2026,03:36:41 PM,ESTRUCTURADA,SEGUNDA PARTE,ROTC,20/11/2026,CONFIRMADA,3355574,0,30/11/2020,30/11/2030,8.65,ACERO ESTRELLA S A,AESTRELLA,61579
DO2018100324,BC1AES03,AESTRELLA/11.25 BO 20301130,25387,DOP,25387,11.4649,99.284597,21/09/2026,03:36:41 PM,ESTRUCTURADA,PRIMERA PARTE,ROTC,22/09/2026,CONFIRMADA,3355574,0,30/11/2020,30/11/2030,8.65,ACERO ESTRELLA S A,AESTRELLA,61719
DO2018100324,BC1AES03,AESTRELLA/11.25 BO 20301130,25387,DOP,25387,11.5994,98.883641,21/09/2026,03:36:39 PM,PRESTAMO,SEGUNDA PARTE,ROTC,20/11/2026,CONFIRMADA,3355575,0,30/11/2020,30/11/2030,2.096853,ACERO ESTRELLA S A,AESTRELLA,59528
DO2018100324,BC1AES03,AESTRELLA/11.25 BO 20301130,25387,DOP,25387,11.4649,99.284597,21/09/2026,03:36:39 PM,PRESTAMO,PRIMERA PARTE,ROTC,22/09/2026,CONFIRMADA,3355575,0,30/11/2020,30/11/2030,2.096853,ACERO ESTRELLA S A,AESTRELLA,59668
DO1002224124,NO120327,BCENTRAL/8 BOEST 20270312 GTIA,1000000000,DOP,100000,8.098965,99.949619,21/09/2026,03:36:04 PM,PLAZO,PRIMERA PARTE,ROTC,05/10/2026,CONFIRMADA,3354923,0,12/03/2022,12/03/2027,0,BANCO CENTRAL DE LA REPUBLICA DOMINICANA,BCENTRAL,61915
USP3579ECG00,BSRD2060,DOMINICAN REP/5.875 BD 20600130 U,19000,USD,19,4.7126,119.320632,21/09/2026,03:34:41 PM,ESTRUCTURADA,SEGUNDA PARTE,ROTC,22/03/2027,CONFIRMADA,3355555,0,30/01/2020,30/01/2060,4.45,MINISTERIO DE HACIENDA,HACIENDA,63707
USP3579ECG00,BSRD2060,DOMINICAN REP/5.875 BD 20600130 U,19000,USD,19,4.8588,116.690863,21/09/2026,03:34:41 PM,ESTRUCTURADA,PRIMERA PARTE,ROTC,22/09/2026,CONFIRMADA,3355555,0,30/01/2020,30/01/2060,4.45,MINISTERIO DE HACIENDA,HACIENDA,63987
USP3579ECG00,BSRD2060,DOMINICAN REP/5.875 BD 20600130 U,19000,USD,19,4.7126,119.320632,21/09/2026,03:34:40 PM,PRESTAMO,SEGUNDA PARTE,ROTC,22/03/2027,CONFIRMADA,3355556,0,30/01/2020,30/01/2060,2.894584,MINISTERIO DE HACIENDA,HACIENDA,61600
USP3579ECG00,BSRD2060,DOMINICAN REP/5.875 BD 20600130 U,19000,USD,19,4.8588,116.690863,21/09/2026,03:34:40 PM,PRESTAMO,PRIMERA PARTE,ROTC,22/09/2026,CONFIRMADA,3355556,0,30/01/2020,30/01/2060,2.894584,MINISTERIO DE HACIENDA,HACIENDA,61880
DO1002224124,NO120327,BCENTRAL/8 BOEST 20270312 GTIA,540000000,DOP,54000,8.254689,99.880135,21/09/2026,03:34:10 PM,CONTADO,PRIMERA PARTE,ROTC,22/09/2026,CONFIRMADA,3355072,0,12/03/2022,12/03/2027,0,BANCO CENTRAL DE LA REPUBLICA DOMINICANA,BCENTRAL,62167
DO2018100324,BC1AES03,AESTRELLA/11.25 BO 20301130,1446938,DOP,1446938,11.5323,99.076046,21/09/2026,03:33:58 PM,ESTRUCTURADA,SEGUNDA PARTE,ROTC,22/10/2026,CONFIRMADA,3355572,0,30/11/2020,30/11/2030,8.6,ACERO ESTRELLA S A,AESTRELLA,62965
DO2018100324,BC1AES03,AESTRELLA/11.25 BO 20301130,1446938,DOP,1446938,11.465,99.284087,21/09/2026,03:33:58 PM,ESTRUCTURADA,PRIMERA PARTE,ROTC,22/09/2026,CONFIRMADA,3355572,0,30/11/2020,30/11/2030,8.6,ACERO ESTRELLA S A,AESTRELLA,62804
DO2018100324,BC1AES03,AESTRELLA/11.25 BO 20301130,1446938,DOP,1446938,11.5323,99.076046,21/09/2026,03:33:57 PM,PRESTAMO,SEGUNDA PARTE,ROTC,22/10/2026,CONFIRMADA,3355573,0,30/11/2020,30/11/2030,1.415477,ACERO ESTRELLA S A,AESTRELLA,60858
DO2018100324,BC1AES03,AESTRELLA/11.25 BO 20301130,1446938,DOP,1446938,11.465,99.284087,21/09/2026,03:33:57 PM,PRESTAMO,PRIMERA PARTE,ROTC,22/09/2026,CONFIRMADA,3355573,0,30/11/2020,30/11/2030,1.415477,ACERO ESTRELLA S A,AESTRELLA,60697
DO1002224124,NO120327,BCENTRAL/8 BOEST 20270312 GTIA,200000000,DOP,20000,8.254689,99.880135,21/09/2026,03:31:24 PM,CONTADO,PRIMERA PARTE,ROTC,22/09/2026,CONFIRMADA,3354946,0,12/03/2022,12/03/2027,0,BANCO CENTRAL DE LA REPUBLICA DOMINICANA,BCENTRAL,62083
DO1005206516,MH32028,HACIENDA/10.75 BOEST 20280811 GTIA,2300000,DOP,23,9.7371,101.630498,21/09/2026,03:31:12 PM,ESTRUCTURADA,SEGUNDA PARTE,ROTC,22/10/2026,CONFIRMADA,3355570,0,10/08/2018,11/08/2028,8.55,MINISTERIO DE HACIENDA,HACIENDA,63434
DO1005206516,MH32028,HACIENDA/10.75 BOEST 20280811 GTIA,2300000,DOP,23,9.6978,101.779855,21/09/2026,03:31:12 PM,ESTRUCTURADA,PRIMERA PARTE,ROTC,22/09/2026,CONFIRMADA,3355570,0,10/08/2018,11/08/2028,8.55,MINISTERIO DE HACIENDA,HACIENDA,63714
DO1005206516,MH32028,HACIENDA/10.75 BOEST 20280811 GTIA,2300000,DOP,23,9.7371,101.630498,21/09/2026,03:31:10 PM,PRESTAMO,SEGUNDA PARTE,ROTC,22/10/2026,CONFIRMADA,3355571,0,10/08/2018,11/08/2028,1.927764,MINISTERIO DE HACIENDA,HACIENDA,61320
DO1005206516,MH32028,HACIENDA/10.75 BOEST 20280811 GTIA,2300000,DOP,23,9.6978,101.779855,21/09/2026,03:31:10 PM,PRESTAMO,PRIMERA PARTE,ROTC,22/09/2026,CONFIRMADA,3355571,0,10/08/2018,11/08/2028,1.927764,MINISTERIO DE HACIENDA,HACIENDA,61600
USP3579EAY34,BSRD2044,DOMINICAN Rep/7.45 BD 20440430 GO,3500000,USD,3500,6.99,104.606045,21/09/2026,03:30:17 PM,PLAZO,PRIMERA PARTE,ROTC,28/09/2026,CONFIRMADA,3355222,0,30/04/2014,30/04/2044,0,MINISTERIO DE HACIENDA,HACIENDA,61516
DO2018100324,BC1AES03,AESTRELLA/11.25 BO 20301130,1472304,DOP,1472304,10.0243,103.670727,21/09/2026,03:29:27 PM,ESTRUCTURADA,SEGUNDA PARTE,ROTC,20/04/2027,CONFIRMADA,3355553,0,30/11/2020,30/11/2030,9,ACERO ESTRELLA S A,AESTRELLA,63035
DO2018100324,BC1AES03,AESTRELLA/11.25 BO 20301130,1472304,DOP,1472304,11.465,99.284108,21/09/2026,03:29:27 PM,ESTRUCTURADA,PRIMERA PARTE,ROTC,22/09/2026,CONFIRMADA,3355553,0,30/11/2020,30/11/2030,9,ACERO ESTRELLA S A,AESTRELLA,62573
DO2018100324,BC1AES03,AESTRELLA/11.25 BO 20301130,1472304,DOP,1472304,10.0243,103.670727,21/09/2026,03:29:26 PM,PRESTAMO,SEGUNDA PARTE,ROTC,20/04/2027,CONFIRMADA,3355554,0,30/11/2020,30/11/2030,5.661714,ACERO ESTRELLA S A,AESTRELLA,60928
DO2018100324,BC1AES03,AESTRELLA/11.25 BO 20301130,1472304,DOP,1472304,11.465,99.284108,21/09/2026,03:29:26 PM,PRESTAMO,PRIMERA PARTE,ROTC,22/09/2026,CONFIRMADA,3355554,0,30/11/2020,30/11/2030,5.661714,ACERO ESTRELLA S A,AESTRELLA,60466
USP3579ECX33,BSDR2055, ,2660000,USD,2660,7.075031,100.903097,21/09/2026,03:29:20 PM,PLAZO,PRIMERA PARTE,ROTC,28/09/2026,CONFIRMADA,3355223,0,24/02/2025,24/02/2055,0,MINISTERIO DE HACIENDA,HACIENDA,49077
DO1005205716,MHUS2027,HACIENDA/6 BOEST 20270305 GTIA,55000,USD,55,-100,105.286782,01/09/2026,03:28:18 PM,PRESTAMO,SEGUNDA PARTE,ROTC,22/09/2026,MODIFICADA,3318315,0,05/09/2016,05/03/2027,5.2,MINISTERIO DE HACIENDA,HACIENDA,59395
DO1005205716,MHUS2027,HACIENDA/6 BOEST 20270305 GTIA,55000,USD,55,-100,105.286782,01/09/2026,03:28:17 PM,ESTRUCTURADA,SEGUNDA PARTE,ROTC,22/09/2026,MODIFICADA,3317702,0,05/09/2016,05/03/2027,5.2,MINISTERIO DE HACIENDA,HACIENDA,61488
DO1002227317,NO150928,BCENTRAL/11 BOEST 20280915 GTIA,35000000,DOP,3500,9.4,102.826796,21/09/2026,03:28:05 PM,CONTADO,PRIMERA PARTE,ROTC,22/09/2026,CONFIRMADA,3354939,0,15/09/2023,15/09/2028,0,BANCO CENTRAL DE LA REPUBLICA DOMINICANA,BCENTRAL,60452
DO1002223621,NO150127,BCENTRAL/8 BOEST 20270115 GTIA,130000000,DOP,13000,7.035146,100.276975,21/09/2026,03:28:01 PM,CONTADO,PRIMERA PARTE,ROTC,22/09/2026,CONFIRMADA,3354937,0,15/01/2022,15/01/2027,0,BANCO CENTRAL DE LA REPUBLICA DOMINICANA,BCENTRAL,62321
DO1002223621,NO150127,BCENTRAL/8 BOEST 20270115 GTIA,260000000,DOP,26000,7.035146,100.276975,21/09/2026,03:26:29 PM,CONTADO,PRIMERA PARTE,ROTC,22/09/2026,CONFIRMADA,3355054,0,15/01/2022,15/01/2027,0,BANCO CENTRAL DE LA REPUBLICA DOMINICANA,BCENTRAL,62433
DO1002223621,NO150127,BCENTRAL/8 BOEST 20270115 GTIA,390000000,DOP,39000,6.619029,100.357116,21/09/2026,03:24:53 PM,PLAZO,PRIMERA PARTE,ROTC,05/10/2026,CONFIRMADA,3354924,0,15/01/2022,15/01/2027,0,BANCO CENTRAL DE LA REPUBLICA DOMINICANA,BCENTRAL,61453
DO2016300223,BC1GUL02,GULFSTREAM/11.15 BO 20290624,62248,DOP,62248,11.2102,99.854276,21/09/2026,03:23:42 PM,ESTRUCTURADA,SEGUNDA PARTE,ROTC,22/10/2026,CONFIRMADA,3355550,0,24/06/2019,24/06/2029,8.55,GULFSTREAM PETROLEUM DOMINICANA S DE RL,GULFSTREAM,62223
DO2016300223,BC1GUL02,GULFSTREAM/11.15 BO 20290624,62248,DOP,62248,12.3428,97.247809,21/09/2026,03:23:42 PM,ESTRUCTURADA,PRIMERA PARTE,ROTC,22/09/2026,CONFIRMADA,3355550,0,24/06/2019,24/06/2029,8.55,GULFSTREAM PETROLEUM DOMINICANA S DE RL,GULFSTREAM,62405
DO2016300223,BC1GUL02,GULFSTREAM/11.15 BO 20290624,62248,DOP,62248,11.2102,99.854276,21/09/2026,03:23:41 PM,PRESTAMO,SEGUNDA PARTE,ROTC,22/10/2026,CONFIRMADA,3355552,0,24/06/2019,24/06/2029,3.437411,GULFSTREAM PETROLEUM DOMINICANA S DE RL,GULFSTREAM,60116
DO2016300223,BC1GUL02,GULFSTREAM/11.15 BO 20290624,62248,DOP,62248,12.3428,97.247809,21/09/2026,03:23:41 PM,PRESTAMO,PRIMERA PARTE,ROTC,22/09/2026,CONFIRMADA,3355552,0,24/06/2019,24/06/2029,3.437411,GULFSTREAM PETROLEUM DOMINICANA S DE RL,GULFSTREAM,60298
DO1002227721,NO111226,BCENTRAL/9 BOEST 20261211 GTIA,200000,DOP,20,8.500007,100.083,21/09/2026,03:23:02 PM,CONTADO,PRIMERA PARTE,ROTC,22/09/2026,CONFIRMADA,3355566,0,11/12/2023,11/12/2026,0,BANCO CENTRAL DE LA REPUBLICA DOMINICANA,BCENTRAL,59024
DO1002224124,NO120327,BCENTRAL/8 BOEST 20270312 GTIA,11480000,DOP,1148,8,99.771941,21/09/2026,03:20:13 PM,PRESTAMO,SEGUNDA PARTE,ROTC,06/11/2026,CONFIRMADA,3355564,0,12/03/2022,12/03/2027,0.02,BANCO CENTRAL DE LA REPUBLICA DOMINICANA,BCENTRAL,59598
DO1002224124,NO120327,BCENTRAL/8 BOEST 20270312 GTIA,11480000,DOP,1148,8,99.771941,21/09/2026,03:20:13 PM,PRESTAMO,PRIMERA PARTE,ROTC,22/09/2026,CONFIRMADA,3355564,0,12/03/2022,12/03/2027,0.02,BANCO CENTRAL DE LA REPUBLICA DOMINICANA,BCENTRAL,59696
DO1002224124,NO120327,BCENTRAL/8 BOEST 20270312 GTIA,11480000,DOP,1148,8.617317,99.774895,21/09/2026,03:20:09 PM,PLAZO,PRIMERA PARTE,ROTC,06/11/2026,CONFIRMADA,3355563,0,12/03/2022,12/03/2027,0,BANCO CENTRAL DE LA REPUBLICA DOMINICANA,BCENTRAL,60683
DO1002224124,NO120327,BCENTRAL/8 BOEST 20270312 GTIA,11480000,DOP,1148,8.493209,99.771941,21/09/2026,03:20:02 PM,CONTADO,PRIMERA PARTE,ROTC,22/09/2026,CONFIRMADA,3355557,0,12/03/2022,12/03/2027,0,BANCO CENTRAL DE LA REPUBLICA DOMINICANA,BCENTRAL,61516
DO1002224124,NO120327,BCENTRAL/8 BOEST 20270312 GTIA,6400000,DOP,640,7.25,99.756906,21/09/2026,03:19:56 PM,PRESTAMO,SEGUNDA PARTE,ROTC,26/10/2026,CONFIRMADA,3355551,0,12/03/2022,12/03/2027,0.02,BANCO CENTRAL DE LA REPUBLICA DOMINICANA,BCENTRAL,60046
DO1002224124,NO120327,BCENTRAL/8 BOEST 20270312 GTIA,6400000,DOP,640,7.25,99.756906,21/09/2026,03:19:56 PM,PRESTAMO,PRIMERA PARTE,ROTC,23/09/2026,CONFIRMADA,3355551,0,12/03/2022,12/03/2027,0.02,BANCO CENTRAL DE LA REPUBLICA DOMINICANA,BCENTRAL,60144
DO1002224124,NO120327,BCENTRAL/8 BOEST 20270312 GTIA,6400000,DOP,640,8.80637,99.690374,21/09/2026,03:19:51 PM,PLAZO,PRIMERA PARTE,ROTC,26/10/2026,CONFIRMADA,3355549,0,12/03/2022,12/03/2027,0,BANCO CENTRAL DE LA REPUBLICA DOMINICANA,BCENTRAL,59577
DO1002224124,NO120327,BCENTRAL/8 BOEST 20270312 GTIA,6400000,DOP,640,8.528535,99.756906,21/09/2026,03:19:47 PM,CONTADO,PRIMERA PARTE,ROTC,23/09/2026,CONFIRMADA,3355548,0,12/03/2022,12/03/2027,0,BANCO CENTRAL DE LA REPUBLICA DOMINICANA,BCENTRAL,60949
DO1005205716,MHUS2027,HACIENDA/6 BOEST 20270305 GTIA,49000,USD,49,4,101.761364,21/09/2026,03:19:42 PM,PRESTAMO,SEGUNDA PARTE,ROTC,26/01/2027,CONFIRMADA,3355547,0,05/09/2016,05/03/2027,0.02,MINISTERIO DE HACIENDA,HACIENDA,58506
DO1005205716,MHUS2027,HACIENDA/6 BOEST 20270305 GTIA,49000,USD,49,4,101.761364,21/09/2026,03:19:42 PM,PRESTAMO,PRIMERA PARTE,ROTC,22/09/2026,CONFIRMADA,3355547,0,05/09/2016,05/03/2027,0.02,MINISTERIO DE HACIENDA,HACIENDA,58590
DO1005205716,MHUS2027,HACIENDA/6 BOEST 20270305 GTIA,49000,USD,49,-4.443642,101.11156,21/09/2026,03:19:37 PM,PLAZO,PRIMERA PARTE,ROTC,26/01/2027,CONFIRMADA,3355546,0,05/09/2016,05/03/2027,0,MINISTERIO DE HACIENDA,HACIENDA,59381
DO1005205716,MHUS2027,HACIENDA/6 BOEST 20270305 GTIA,49000,USD,49,2.022497,101.761364,21/09/2026,03:19:28 PM,CONTADO,PRIMERA PARTE,ROTC,22/09/2026,CONFIRMADA,3355545,0,05/09/2016,05/03/2027,0,MINISTERIO DE HACIENDA,HACIENDA,60417
DO1002224124,NO120327,BCENTRAL/8 BOEST 20270312 GTIA,33700000,DOP,3370,8,99.737181,21/09/2026,03:19:24 PM,PRESTAMO,SEGUNDA PARTE,ROTC,06/11/2026,CONFIRMADA,3355544,0,12/03/2022,12/03/2027,0.02,BANCO CENTRAL DE LA REPUBLICA DOMINICANA,BCENTRAL,59640
DO1002224124,NO120327,BCENTRAL/8 BOEST 20270312 GTIA,33700000,DOP,3370,8,99.737181,21/09/2026,03:19:24 PM,PRESTAMO,PRIMERA PARTE,ROTC,22/09/2026,CONFIRMADA,3355544,0,12/03/2022,12/03/2027,0.02,BANCO CENTRAL DE LA REPUBLICA DOMINICANA,BCENTRAL,59738
DO1002224124,NO120327,BCENTRAL/8 BOEST 20270312 GTIA,33700000,DOP,3370,8.721535,99.739789,21/09/2026,03:19:16 PM,PLAZO,PRIMERA PARTE,ROTC,06/11/2026,CONFIRMADA,3355543,0,12/03/2022,12/03/2027,0,BANCO CENTRAL DE LA REPUBLICA DOMINICANA,BCENTRAL,60718
DO1002224124,NO120327,BCENTRAL/8 BOEST 20270312 GTIA,33700000,DOP,3370,8.569952,99.737181,21/09/2026,03:19:11 PM,CONTADO,PRIMERA PARTE,ROTC,22/09/2026,CONFIRMADA,3355542,0,12/03/2022,12/03/2027,0,BANCO CENTRAL DE LA REPUBLICA DOMINICANA,BCENTRAL,61607
DO1002224124,NO120327,BCENTRAL/8 BOEST 20270312 GTIA,14500000,DOP,1450,7.75,99.564635,21/09/2026,03:19:03 PM,PRESTAMO,SEGUNDA PARTE,ROTC,04/02/2027,CONFIRMADA,3355541,0,12/03/2022,12/03/2027,0.02,BANCO CENTRAL DE LA REPUBLICA DOMINICANA,BCENTRAL,60655
DO1002224124,NO120327,BCENTRAL/8 BOEST 20270312 GTIA,14500000,DOP,1450,7.75,99.564635,21/09/2026,03:19:03 PM,PRESTAMO,PRIMERA PARTE,ROTC,22/09/2026,CONFIRMADA,3355541,0,12/03/2022,12/03/2027,0.02,BANCO CENTRAL DE LA REPUBLICA DOMINICANA,BCENTRAL,60760
DO1002224124,NO120327,BCENTRAL/8 BOEST 20270312 GTIA,14500000,DOP,1450,13.285088,99.473746,21/09/2026,03:18:59 PM,PLAZO,PRIMERA PARTE,ROTC,04/02/2027,CONFIRMADA,3355540,0,12/03/2022,12/03/2027,0,BANCO CENTRAL DE LA REPUBLICA DOMINICANA,BCENTRAL,60991
DO1002224124,NO120327,BCENTRAL/8 BOEST 20270312 GTIA,14500000,DOP,1450,8.951714,99.564635,21/09/2026,03:18:54 PM,CONTADO,PRIMERA PARTE,ROTC,22/09/2026,CONFIRMADA,3355539,0,12/03/2022,12/03/2027,0,BANCO CENTRAL DE LA REPUBLICA DOMINICANA,BCENTRAL,61558
DO1005205716,MHUS2027,HACIENDA/6 BOEST 20270305 GTIA,1003000,USD,1003,4.4,102.455928,21/09/2026,03:18:49 PM,PRESTAMO,SEGUNDA PARTE,ROTC,26/01/2027,CONFIRMADA,3355538,0,05/09/2016,05/03/2027,0.02,MINISTERIO DE HACIENDA,HACIENDA,60501
DO1005205716,MHUS2027,HACIENDA/6 BOEST 20270305 GTIA,1003000,USD,1003,4.4,102.455928,21/09/2026,03:18:49 PM,PRESTAMO,PRIMERA PARTE,ROTC,22/09/2026,CONFIRMADA,3355538,0,05/09/2016,05/03/2027,0.02,MINISTERIO DE HACIENDA,HACIENDA,60585
DO1005205716,MHUS2027,HACIENDA/6 BOEST 20270305 GTIA,1003000,USD,1003,-11.901699,101.959628,21/09/2026,03:18:43 PM,PLAZO,PRIMERA PARTE,ROTC,26/01/2027,CONFIRMADA,3355537,0,05/09/2016,05/03/2027,0,MINISTERIO DE HACIENDA,HACIENDA,61481
DO1005205716,MHUS2027,HACIENDA/6 BOEST 20270305 GTIA,1003000,USD,1003,0.515633,102.455928,21/09/2026,03:18:38 PM,CONTADO,PRIMERA PARTE,ROTC,22/09/2026,CONFIRMADA,3355536,0,05/09/2016,05/03/2027,0,MINISTERIO DE HACIENDA,HACIENDA,61663
DO1002224124,NO120327,BCENTRAL/8 BOEST 20270312 GTIA,2410000,DOP,241,6.95,99.364068,21/09/2026,03:18:33 PM,PRESTAMO,SEGUNDA PARTE,ROTC,22/10/2026,CONFIRMADA,3355535,0,12/03/2022,12/03/2027,0.02,BANCO CENTRAL DE LA REPUBLICA DOMINICANA,BCENTRAL,59934
DO1002224124,NO120327,BCENTRAL/8 BOEST 20270312 GTIA,2410000,DOP,241,6.95,99.364068,21/09/2026,03:18:33 PM,PRESTAMO,PRIMERA PARTE,ROTC,22/09/2026,CONFIRMADA,3355535,0,12/03/2022,12/03/2027,0.02,BANCO CENTRAL DE LA REPUBLICA DOMINICANA,BCENTRAL,60053
DO1002224124,NO120327,BCENTRAL/8 BOEST 20270312 GTIA,2410000,DOP,241,9.895573,99.276188,21/09/2026,03:18:29 PM,PLAZO,PRIMERA PARTE,ROTC,22/10/2026,CONFIRMADA,3355534,0,12/03/2022,12/03/2027,0,BANCO CENTRAL DE LA REPUBLICA DOMINICANA,BCENTRAL,59990
DO2018100324,BC1AES03,AESTRELLA/11.25 BO 20301130,140448,DOP,140448,11.5281,99.081575,21/09/2026,03:18:25 PM,ESTRUCTURADA,SEGUNDA PARTE,ROTC,05/10/2026,CONFIRMADA,3355492,0,30/11/2020,30/11/2030,5.95,ACERO ESTRELLA S A,AESTRELLA,62125
DO2018100324,BC1AES03,AESTRELLA/11.25 BO 20301130,140448,DOP,140448,11.4745,99.253118,21/09/2026,03:18:25 PM,ESTRUCTURADA,PRIMERA PARTE,ROTC,23/09/2026,CONFIRMADA,3355492,0,30/11/2020,30/11/2030,5.95,ACERO ESTRELLA S A,AESTRELLA,62230
DO2018100324,BC1AES03,AESTRELLA/11.25 BO 20301130,140448,DOP,140448,11.5281,99.081575,21/09/2026,03:18:24 PM,PRESTAMO,SEGUNDA PARTE,ROTC,05/10/2026,CONFIRMADA,3355493,0,30/11/2020,30/11/2030,0.936259,ACERO ESTRELLA S A,AESTRELLA,60018
DO2018100324,BC1AES03,AESTRELLA/11.25 BO 20301130,140448,DOP,140448,11.4745,99.253118,21/09/2026,03:18:24 PM,PRESTAMO,PRIMERA PARTE,ROTC,23/09/2026,CONFIRMADA,3355493,0,30/11/2020,30/11/2030,0.936259,ACERO ESTRELLA S A,AESTRELLA,60123
DO1002224124,NO120327,BCENTRAL/8 BOEST 20270312 GTIA,2410000,DOP,241,9.397185,99.364068,21/09/2026,03:18:24 PM,CONTADO,PRIMERA PARTE,ROTC,22/09/2026,CONFIRMADA,3355533,0,12/03/2022,12/03/2027,0,BANCO CENTRAL DE LA REPUBLICA DOMINICANA,BCENTRAL,60858
DO1002224124,NO120327,BCENTRAL/8 BOEST 20270312 GTIA,7470000,DOP,747,7.4,99.732821,21/09/2026,03:18:17 PM,PRESTAMO,SEGUNDA PARTE,ROTC,20/01/2027,CONFIRMADA,3355532,0,12/03/2022,12/03/2027,0.02,BANCO CENTRAL DE LA REPUBLICA DOMINICANA,BCENTRAL,59668
DO1002224124,NO120327,BCENTRAL/8 BOEST 20270312 GTIA,7470000,DOP,747,7.4,99.732821,21/09/2026,03:18:17 PM,PRESTAMO,PRIMERA PARTE,ROTC,22/09/2026,CONFIRMADA,3355532,0,12/03/2022,12/03/2027,0.02,BANCO CENTRAL DE LA REPUBLICA DOMINICANA,BCENTRAL,59794
DO1002224124,NO120327,BCENTRAL/8 BOEST 20270312 GTIA,7470000,DOP,747,11.220501,99.539751,21/09/2026,03:18:13 PM,PLAZO,PRIMERA PARTE,ROTC,20/01/2027,CONFIRMADA,3355531,0,12/03/2022,12/03/2027,0,BANCO CENTRAL DE LA REPUBLICA DOMINICANA,BCENTRAL,60172
DO1002224124,NO120327,BCENTRAL/8 BOEST 20270312 GTIA,7470000,DOP,747,8.579582,99.732821,21/09/2026,03:18:09 PM,CONTADO,PRIMERA PARTE,ROTC,22/09/2026,CONFIRMADA,3355530,0,12/03/2022,12/03/2027,0,BANCO CENTRAL DE LA REPUBLICA DOMINICANA,BCENTRAL,61019
DO1005205716,MHUS2027,HACIENDA/6 BOEST 20270305 GTIA,55000,USD,55,4.1,99.720545,21/09/2026,03:18:04 PM,PRESTAMO,SEGUNDA PARTE,ROTC,26/02/2027,CONFIRMADA,3355529,0,05/09/2016,05/03/2027,0.02,MINISTERIO DE HACIENDA,HACIENDA,58863
DO1005205716,MHUS2027,HACIENDA/6 BOEST 20270305 GTIA,55000,USD,55,4.1,99.720545,21/09/2026,03:18:04 PM,PRESTAMO,PRIMERA PARTE,ROTC,22/09/2026,CONFIRMADA,3355529,0,05/09/2016,05/03/2027,0.02,MINISTERIO DE HACIENDA,HACIENDA,58940
DO1005205716,MHUS2027,HACIENDA/6 BOEST 20270305 GTIA,55000,USD,55,70.53302,98.919056,21/09/2026,03:17:59 PM,PLAZO,PRIMERA PARTE,ROTC,26/02/2027,CONFIRMADA,3355528,0,05/09/2016,05/03/2027,0,MINISTERIO DE HACIENDA,HACIENDA,59213
DO1005205716,MHUS2027,HACIENDA/6 BOEST 20270305 GTIA,55000,USD,55,6.57757,99.720545,21/09/2026,03:17:53 PM,CONTADO,PRIMERA PARTE,ROTC,22/09/2026,CONFIRMADA,3355527,0,05/09/2016,05/03/2027,0,MINISTERIO DE HACIENDA,HACIENDA,59836
DO1002224124,NO120327,BCENTRAL/8 BOEST 20270312 GTIA,3000000,DOP,300,7.6,99.779006,21/09/2026,03:17:45 PM,PRESTAMO,SEGUNDA PARTE,ROTC,23/11/2026,CONFIRMADA,3355526,0,12/03/2022,12/03/2027,0.02,BANCO CENTRAL DE LA REPUBLICA DOMINICANA,BCENTRAL,59535
DO1002224124,NO120327,BCENTRAL/8 BOEST 20270312 GTIA,3000000,DOP,300,7.6,99.779006,21/09/2026,03:17:45 PM,PRESTAMO,PRIMERA PARTE,ROTC,22/09/2026,CONFIRMADA,3355526,0,12/03/2022,12/03/2027,0.02,BANCO CENTRAL DE LA REPUBLICA DOMINICANA,BCENTRAL,59640
DO1002224124,NO120327,BCENTRAL/8 BOEST 20270312 GTIA,3000000,DOP,300,8.91094,99.714285,21/09/2026,03:17:40 PM,PLAZO,PRIMERA PARTE,ROTC,23/11/2026,CONFIRMADA,3355525,0,12/03/2022,12/03/2027,0,BANCO CENTRAL DE LA REPUBLICA DOMINICANA,BCENTRAL,59416
DO1002224124,NO120327,BCENTRAL/8 BOEST 20270312 GTIA,3000000,DOP,300,8.477617,99.779006,21/09/2026,03:17:33 PM,CONTADO,PRIMERA PARTE,ROTC,22/09/2026,CONFIRMADA,3355524,0,12/03/2022,12/03/2027,0,BANCO CENTRAL DE LA REPUBLICA DOMINICANA,BCENTRAL,60795
DO1002224124,NO120327,BCENTRAL/8 BOEST 20270312 GTIA,7150000,DOP,715,9.867915,99.572556,21/09/2026,03:17:15 PM,PLAZO,PRIMERA PARTE,ROTC,21/12/2026,CONFIRMADA,3355523,0,12/03/2022,12/03/2027,0,BANCO CENTRAL DE LA REPUBLICA DOMINICANA,BCENTRAL,60018
DO1002224124,NO120327,BCENTRAL/8 BOEST 20270312 GTIA,7150000,DOP,715,8.477617,99.779006,21/09/2026,03:17:11 PM,CONTADO,PRIMERA PARTE,ROTC,22/09/2026,CONFIRMADA,3355522,0,12/03/2022,12/03/2027,0,BANCO CENTRAL DE LA REPUBLICA DOMINICANA,BCENTRAL,60907
DO2016300223,BC1GUL02,GULFSTREAM/11.15 BO 20290624,111050,DOP,111050,11.2927,99.673751,21/09/2026,03:16:26 PM,ESTRUCTURADA,SEGUNDA PARTE,ROTC,20/11/2026,CONFIRMADA,3355490,0,24/06/2019,24/06/2029,8.65,GULFSTREAM PETROLEUM DOMINICANA S DE RL,GULFSTREAM,62804
DO2016300223,BC1GUL02,GULFSTREAM/11.15 BO 20290624,111050,DOP,111050,12.3426,97.248064,21/09/2026,03:16:26 PM,ESTRUCTURADA,PRIMERA PARTE,ROTC,22/09/2026,CONFIRMADA,3355490,0,24/06/2019,24/06/2029,8.65,GULFSTREAM PETROLEUM DOMINICANA S DE RL,GULFSTREAM,62853
DO2016300223,BC1GUL02,GULFSTREAM/11.15 BO 20290624,111050,DOP,111050,11.2927,99.673751,21/09/2026,03:16:25 PM,PRESTAMO,SEGUNDA PARTE,ROTC,20/11/2026,CONFIRMADA,3355491,0,24/06/2019,24/06/2029,4.108781,GULFSTREAM PETROLEUM DOMINICANA S DE RL,GULFSTREAM,60697
DO2016300223,BC1GUL02,GULFSTREAM/11.15 BO 20290624,111050,DOP,111050,12.3426,97.248064,21/09/2026,03:16:25 PM,PRESTAMO,PRIMERA PARTE,ROTC,22/09/2026,CONFIRMADA,3355491,0,24/06/2019,24/06/2029,4.108781,GULFSTREAM PETROLEUM DOMINICANA S DE RL,GULFSTREAM,60746
DO1002224124,NO120327,BCENTRAL/8 BOEST 20270312 GTIA,1010000,DOP,101,7,99.010412,21/09/2026,03:15:56 PM,PRESTAMO,SEGUNDA PARTE,ROTC,29/12/2026,CONFIRMADA,3355520,0,12/03/2022,12/03/2027,0.02,BANCO CENTRAL DE LA REPUBLICA DOMINICANA,BCENTRAL,58723
DO1002224124,NO120327,BCENTRAL/8 BOEST 20270312 GTIA,1010000,DOP,101,7,99.010412,21/09/2026,03:15:56 PM,PRESTAMO,PRIMERA PARTE,ROTC,22/09/2026,CONFIRMADA,3355520,0,12/03/2022,12/03/2027,0.02,BANCO CENTRAL DE LA REPUBLICA DOMINICANA,BCENTRAL,58779
DO1002224124,NO120327,BCENTRAL/8 BOEST 20270312 GTIA,1010000,DOP,101,14.438595,98.730173,21/09/2026,03:15:52 PM,PLAZO,PRIMERA PARTE,ROTC,29/12/2026,CONFIRMADA,3355519,0,12/03/2022,12/03/2027,0,BANCO CENTRAL DE LA REPUBLICA DOMINICANA,BCENTRAL,60137
DO1002224124,NO120327,BCENTRAL/8 BOEST 20270312 GTIA,1010000,DOP,101,10.187191,99.010412,21/09/2026,03:15:47 PM,CONTADO,PRIMERA PARTE,ROTC,22/09/2026,CONFIRMADA,3355518,0,12/03/2022,12/03/2027,0,BANCO CENTRAL DE LA REPUBLICA DOMINICANA,BCENTRAL,60907
DO1002224124,NO120327,BCENTRAL/8 BOEST 20270312 GTIA,3000000,DOP,300,7.4,99.779006,21/09/2026,03:15:32 PM,PRESTAMO,SEGUNDA PARTE,ROTC,15/01/2027,CONFIRMADA,3355517,0,12/03/2022,12/03/2027,0.02,BANCO CENTRAL DE LA REPUBLICA DOMINICANA,BCENTRAL,59486
DO1002224124,NO120327,BCENTRAL/8 BOEST 20270312 GTIA,3000000,DOP,300,7.4,99.779006,21/09/2026,03:15:32 PM,PRESTAMO,PRIMERA PARTE,ROTC,22/09/2026,CONFIRMADA,3355517,0,12/03/2022,12/03/2027,0.02,BANCO CENTRAL DE LA REPUBLICA DOMINICANA,BCENTRAL,59584
DO1002224124,NO120327,BCENTRAL/8 BOEST 20270312 GTIA,3000000,DOP,300,10.560037,99.59507,21/09/2026,03:15:26 PM,PLAZO,PRIMERA PARTE,ROTC,15/01/2027,CONFIRMADA,3355516,0,12/03/2022,12/03/2027,0,BANCO CENTRAL DE LA REPUBLICA DOMINICANA,BCENTRAL,59703
DO1002224124,NO120327,BCENTRAL/8 BOEST 20270312 GTIA,3000000,DOP,300,8.477617,99.779006,21/09/2026,03:15:20 PM,CONTADO,PRIMERA PARTE,ROTC,22/09/2026,CONFIRMADA,3355515,0,12/03/2022,12/03/2027,0,BANCO CENTRAL DE LA REPUBLICA DOMINICANA,BCENTRAL,60753
USP3579EBV85,BSDR2027,DOMINICAN Rep/5.95 BD 20270125 Se,20000,USD,20,3.65,100.093817,21/09/2026,03:15:12 PM,PRESTAMO,SEGUNDA PARTE,ROTC,23/11/2026,CONFIRMADA,3355514,0,25/01/2017,25/01/2027,0.02,MINISTERIO DE HACIENDA,HACIENDA,61789
USP3579EBV85,BSDR2027,DOMINICAN Rep/5.95 BD 20270125 Se,20000,USD,20,3.65,100.093817,21/09/2026,03:15:12 PM,PRESTAMO,PRIMERA PARTE,ROTC,22/09/2026,CONFIRMADA,3355514,0,25/01/2017,25/01/2027,0.02,MINISTERIO DE HACIENDA,HACIENDA,61894
USP3579EBV85,BSDR2027,DOMINICAN Rep/5.95 BD 20270125 Se,20000,USD,20,7.558905,99.717265,21/09/2026,03:15:07 PM,PLAZO,PRIMERA PARTE,ROTC,23/11/2026,CONFIRMADA,3355513,0,25/01/2017,25/01/2027,0,MINISTERIO DE HACIENDA,HACIENDA,61579
USP3579EBV85,BSDR2027,DOMINICAN Rep/5.95 BD 20270125 Se,20000,USD,20,5.642119,100.093817,21/09/2026,03:15:03 PM,CONTADO,PRIMERA PARTE,ROTC,22/09/2026,CONFIRMADA,3355512,0,25/01/2017,25/01/2027,0,MINISTERIO DE HACIENDA,HACIENDA,62643
DO2016300223,BC1GUL02,GULFSTREAM/11.15 BO 20290624,663085,DOP,663085,11.21,99.854684,21/09/2026,03:14:35 PM,ESTRUCTURADA,SEGUNDA PARTE,ROTC,22/10/2026,CONFIRMADA,3355488,0,24/06/2019,24/06/2029,8.55,GULFSTREAM PETROLEUM DOMINICANA S DE RL,GULFSTREAM,62328
DO2016300223,BC1GUL02,GULFSTREAM/11.15 BO 20290624,663085,DOP,663085,12.3426,97.24823,21/09/2026,03:14:35 PM,ESTRUCTURADA,PRIMERA PARTE,ROTC,22/09/2026,CONFIRMADA,3355488,0,24/06/2019,24/06/2029,8.55,GULFSTREAM PETROLEUM DOMINICANA S DE RL,GULFSTREAM,62748
DO2016300223,BC1GUL02,GULFSTREAM/11.15 BO 20290624,663085,DOP,663085,11.21,99.854684,21/09/2026,03:14:34 PM,PRESTAMO,SEGUNDA PARTE,ROTC,22/10/2026,CONFIRMADA,3355489,0,24/06/2019,24/06/2029,3.43739,GULFSTREAM PETROLEUM DOMINICANA S DE RL,GULFSTREAM,60221
DO2016300223,BC1GUL02,GULFSTREAM/11.15 BO 20290624,663085,DOP,663085,12.3426,97.24823,21/09/2026,03:14:34 PM,PRESTAMO,PRIMERA PARTE,ROTC,22/09/2026,CONFIRMADA,3355489,0,24/06/2019,24/06/2029,3.43739,GULFSTREAM PETROLEUM DOMINICANA S DE RL,GULFSTREAM,60641
DO1002224124,NO120327,BCENTRAL/8 BOEST 20270312 GTIA,7150000,DOP,715,7.15,99.779006,21/09/2026,03:14:17 PM,PRESTAMO,SEGUNDA PARTE,ROTC,21/12/2026,CONFIRMADA,3355511,0,12/03/2022,12/03/2027,0.02,BANCO CENTRAL DE LA REPUBLICA DOMINICANA,BCENTRAL,59976
DO1002224124,NO120327,BCENTRAL/8 BOEST 20270312 GTIA,7150000,DOP,715,7.15,99.779006,21/09/2026,03:14:17 PM,PRESTAMO,PRIMERA PARTE,ROTC,22/09/2026,CONFIRMADA,3355511,0,12/03/2022,12/03/2027,0.02,BANCO CENTRAL DE LA REPUBLICA DOMINICANA,BCENTRAL,60088
DO1002230824,NO31032028,BCENTRAL/10 BOEST 20280331 GTIA,120000,DOP,12,10,99.994863,21/09/2026,03:12:45 PM,CONTADO,PRIMERA PARTE,ROTC,22/09/2026,CONFIRMADA,3355510,0,31/03/2025,31/03/2028,0,BANCO CENTRAL DE LA REPUBLICA DOMINICANA,BCENTRAL,58933
DO1002227721,NO111226,BCENTRAL/9 BOEST 20261211 GTIA,50000,DOP,5,8.100002,100.169181,21/09/2026,03:12:44 PM,CONTADO,PRIMERA PARTE,ROTC,22/09/2026,CONFIRMADA,3355509,0,11/12/2023,11/12/2026,0,BANCO CENTRAL DE LA REPUBLICA DOMINICANA,BCENTRAL,59472
DO1002224124,NO120327,BCENTRAL/8 BOEST 20270312 GTIA,200000,DOP,20,7.350014,100.290645,21/09/2026,03:12:38 PM,CONTADO,PRIMERA PARTE,ROTC,23/09/2026,CONFIRMADA,3355508,0,12/03/2022,12/03/2027,0,BANCO CENTRAL DE LA REPUBLICA DOMINICANA,BCENTRAL,60172
USP3579ECP09,BSRD2029, ,5000,USD,5,5.250047,100.5533,21/09/2026,03:12:20 PM,CONTADO,PRIMERA PARTE,ROTC,25/09/2026,CONFIRMADA,3355507,0,22/02/2022,22/02/2029,0,MINISTERIO DE HACIENDA,HACIENDA,46984
DO2016300223,BC1GUL02,GULFSTREAM/11.15 BO 20290624,59395,DOP,59395,10.1648,102.088341,21/09/2026,03:12:03 PM,ESTRUCTURADA,SEGUNDA PARTE,ROTC,20/01/2027,CONFIRMADA,3355496,0,24/06/2019,24/06/2029,8.75,GULFSTREAM PETROLEUM DOMINICANA S DE RL,GULFSTREAM,62573
DO2016300223,BC1GUL02,GULFSTREAM/11.15 BO 20290624,59395,DOP,59395,12.343,97.247267,21/09/2026,03:12:03 PM,ESTRUCTURADA,PRIMERA PARTE,ROTC,22/09/2026,CONFIRMADA,3355496,0,24/06/2019,24/06/2029,8.75,GULFSTREAM PETROLEUM DOMINICANA S DE RL,GULFSTREAM,62097
DO2016300223,BC1GUL02,GULFSTREAM/11.15 BO 20290624,59395,DOP,59395,10.1648,102.088341,21/09/2026,03:12:01 PM,PRESTAMO,SEGUNDA PARTE,ROTC,20/01/2027,CONFIRMADA,3355497,0,24/06/2019,24/06/2029,5.505491,GULFSTREAM PETROLEUM DOMINICANA S DE RL,GULFSTREAM,60459
DO2016300223,BC1GUL02,GULFSTREAM/11.15 BO 20290624,59395,DOP,59395,12.343,97.247267,21/09/2026,03:12:01 PM,PRESTAMO,PRIMERA PARTE,ROTC,22/09/2026,CONFIRMADA,3355497,0,24/06/2019,24/06/2029,5.505491,GULFSTREAM PETROLEUM DOMINICANA S DE RL,GULFSTREAM,59983
DO2016300223,BC1GUL02,GULFSTREAM/11.15 BO 20290624,156623,DOP,156623,11.2927,99.673675,21/09/2026,03:10:47 PM,ESTRUCTURADA,SEGUNDA PARTE,ROTC,20/11/2026,CONFIRMADA,3355494,0,24/06/2019,24/06/2029,8.65,GULFSTREAM PETROLEUM DOMINICANA S DE RL,GULFSTREAM,63028
DO2016300223,BC1GUL02,GULFSTREAM/11.15 BO 20290624,156623,DOP,156623,12.3427,97.247991,21/09/2026,03:10:47 PM,ESTRUCTURADA,PRIMERA PARTE,ROTC,22/09/2026,CONFIRMADA,3355494,0,24/06/2019,24/06/2029,8.65,GULFSTREAM PETROLEUM DOMINICANA S DE RL,GULFSTREAM,63105
DO2016300223,BC1GUL02,GULFSTREAM/11.15 BO 20290624,156623,DOP,156623,11.2927,99.673675,21/09/2026,03:10:46 PM,PRESTAMO,SEGUNDA PARTE,ROTC,20/11/2026,CONFIRMADA,3355495,0,24/06/2019,24/06/2029,4.108781,GULFSTREAM PETROLEUM DOMINICANA S DE RL,GULFSTREAM,60921
DO2016300223,BC1GUL02,GULFSTREAM/11.15 BO 20290624,156623,DOP,156623,12.3427,97.247991,21/09/2026,03:10:46 PM,PRESTAMO,PRIMERA PARTE,ROTC,22/09/2026,CONFIRMADA,3355495,0,24/06/2019,24/06/2029,4.108781,GULFSTREAM PETROLEUM DOMINICANA S DE RL,GULFSTREAM,60998
USP3579ECN50,BSRD2033, ,59000,USD,59,5.55816001,102.199525,21/09/2026,03:09:56 PM,PLAZO,PRIMERA PARTE,ROTC,19/03/2027,CONFIRMADA,3355505,0,22/02/2022,22/02/2033,0,MINISTERIO DE HACIENDA,HACIENDA,48405
USP3579ECN50,BSRD2033, ,59000,USD,59,6.33,98.239226,21/09/2026,03:09:55 PM,CONTADO,PRIMERA PARTE,ROTC,21/09/2026,CONFIRMADA,3355504,0,22/02/2022,22/02/2033,0,MINISTERIO DE HACIENDA,HACIENDA,46858
DO1002223324,NO271126,BCENTRAL/6.5 BOEST 20261127 GTIA,2000000,DOP,200,7.999998,99.723379,21/09/2026,03:09:08 PM,CONTADO,PRIMERA PARTE,ROTC,22/09/2026,CONFIRMADA,3355506,0,27/11/2021,27/11/2026,0,BANCO CENTRAL DE LA REPUBLICA DOMINICANA,BCENTRAL,61698
DO1002261829,NO010330,BCENTRAL/9.5 BOEST 20300301 GTIA,2320000,DOP,232,9,101.441612,21/09/2026,03:00:30 PM,CONTADO,PRIMERA PARTE,ROTC,22/09/2026,CONFIRMADA,3355501,0,01/03/2026,01/03/2030,0,BANCO CENTRAL DE LA REPUBLICA DOMINICANA,BCENTRAL,59045
DO1002228125,NO090229,BCENTRAL/10 BOEST 20290209 GTIA,25000000,DOP,2500,9.4,101.23446,21/09/2026,02:58:33 PM,CONTADO,PRIMERA PARTE,ROTC,21/09/2026,CONFIRMADA,3355483,0,09/02/2024,09/02/2029,0,BANCO CENTRAL DE LA REPUBLICA DOMINICANA,BCENTRAL,59913
DO1002224124,NO120327,BCENTRAL/8 BOEST 20270312 GTIA,3520000,DOP,352,7.6,99.647251,21/09/2026,02:57:40 PM,PRESTAMO,SEGUNDA PARTE,ROTC,20/11/2026,CONFIRMADA,3355500,0,12/03/2022,12/03/2027,0.02,BANCO CENTRAL DE LA REPUBLICA DOMINICANA,BCENTRAL,59570
DO1002224124,NO120327,BCENTRAL/8 BOEST 20270312 GTIA,3520000,DOP,352,7.6,99.647251,21/09/2026,02:57:40 PM,PRESTAMO,PRIMERA PARTE,ROTC,22/09/2026,CONFIRMADA,3355500,0,12/03/2022,12/03/2027,0.02,BANCO CENTRAL DE LA REPUBLICA DOMINICANA,BCENTRAL,59696
DO1002224124,NO120327,BCENTRAL/8 BOEST 20270312 GTIA,3520000,DOP,352,9.323116,99.584025,21/09/2026,02:57:33 PM,PLAZO,PRIMERA PARTE,ROTC,20/11/2026,CONFIRMADA,3355499,0,12/03/2022,12/03/2027,0,BANCO CENTRAL DE LA REPUBLICA DOMINICANA,BCENTRAL,59801
DO1002224124,NO120327,BCENTRAL/8 BOEST 20270312 GTIA,3520000,DOP,352,8.768755,99.647251,21/09/2026,02:57:23 PM,CONTADO,PRIMERA PARTE,ROTC,22/09/2026,CONFIRMADA,3355498,0,12/03/2022,12/03/2027,0,BANCO CENTRAL DE LA REPUBLICA DOMINICANA,BCENTRAL,60921
USP3579ECV76,BSDR2036, ,105000000,DOP,2100,9.49299586,107.823431,21/09/2026,02:56:27 PM,CONTADO,PRIMERA PARTE,ROTC,21/09/2026,CONFIRMADA,3355475,0,01/07/2024,01/06/2036,0,MINISTERIO DE HACIENDA,HACIENDA,51422
USP3579ECE51,BSRD2049,"DOMINICAN, REP /6.4 BD 20490605",525000,USD,525,6.9897,93.323446,21/09/2026,02:54:22 PM,CONTADO,PRIMERA PARTE,ROTC,22/09/2026,CONFIRMADA,3355481,0,05/06/2019,05/06/2049,0,MINISTERIO DE HACIENDA,HACIENDA,60669
DO1002228729,NO030328,BCENTRAL/9.5 BOEST 20280303 GTIA,100000000,DOP,10000,9.25,100.321557,21/09/2026,02:54:10 PM,CONTADO,PRIMERA PARTE,ROTC,22/09/2026,CONFIRMADA,3355224,0,03/03/2025,03/03/2028,0,BANCO CENTRAL DE LA REPUBLICA DOMINICANA,BCENTRAL,61558
USP3579EBV85,BSDR2027,DOMINICAN Rep/5.95 BD 20270125 Se,49000,USD,49,3.2,101.098733,21/09/2026,02:50:20 PM,PRESTAMO,SEGUNDA PARTE,ROTC,22/10/2026,CONFIRMADA,3355486,0,25/01/2017,25/01/2027,0.02,MINISTERIO DE HACIENDA,HACIENDA,61530
USP3579EBV85,BSDR2027,DOMINICAN Rep/5.95 BD 20270125 Se,49000,USD,49,3.2,101.098733,21/09/2026,02:50:20 PM,PRESTAMO,PRIMERA PARTE,ROTC,22/09/2026,CONFIRMADA,3355486,0,25/01/2017,25/01/2027,0.02,MINISTERIO DE HACIENDA,HACIENDA,61649
USP3579EBV85,BSDR2027,DOMINICAN Rep/5.95 BD 20270125 Se,49000,USD,49,2.519029,100.873308,21/09/2026,02:50:14 PM,PLAZO,PRIMERA PARTE,ROTC,22/10/2026,CONFIRMADA,3355485,0,25/01/2017,25/01/2027,0,MINISTERIO DE HACIENDA,HACIENDA,61838
USP3579EBV85,BSDR2027,DOMINICAN Rep/5.95 BD 20270125 Se,49000,USD,49,2.685187,101.098733,21/09/2026,02:50:07 PM,CONTADO,PRIMERA PARTE,ROTC,22/09/2026,CONFIRMADA,3355484,0,25/01/2017,25/01/2027,0,MINISTERIO DE HACIENDA,HACIENDA,62895
DO1005206722,MH12034,HACIENDA/11.5 BOEST 20340111 GTIA,25000000,DOP,250,8.975,113.29833000000001,21/09/2026,02:43:18 PM,CONTADO,PRIMERA PARTE,ROTC,23/09/2026,CONFIRMADA,3354347,0,11/01/2019,11/01/2034,0,MINISTERIO DE HACIENDA,HACIENDA,60361
USP3579ECE51,BSRD2049,"DOMINICAN, REP /6.4 BD 20490605",525000,USD,525,6.989228,93.328,21/09/2026,02:35:32 PM,CONTADO,PRIMERA PARTE,ROTC,21/09/2026,CONFIRMADA,3355348,0,05/06/2019,05/06/2049,0,MINISTERIO DE HACIENDA,HACIENDA,60298
DO1005212019,MH32034,HACIENDA/13.625 BOEST 20340210 GTIA,26000000,DOP,260,8.85,125.498078,21/09/2026,02:27:05 PM,CONTADO,PRIMERA PARTE,ROTC,21/09/2026,CONFIRMADA,3355480,0,10/02/2023,10/02/2034,0,MINISTERIO DE HACIENDA,HACIENDA,61117
DO1005251025,MH12028,HACIENDA/18.5 BOEST 20280204 GTIA,165100000,DOP,1651,7.98086855,113.412435,21/09/2026,02:26:06 PM,CONTADO,PRIMERA PARTE,ROTC,21/09/2026,CONFIRMADA,3354943,0,04/02/2013,04/02/2028,0,MINISTERIO DE HACIENDA,HACIENDA,63336
DO1002261522,NO180130,BCENTRAL/9.5 BOEST 20300118 GTIA,291050000,DOP,29105,8.9948,101.4,21/09/2026,02:22:11 PM,CONTADO,PRIMERA PARTE,ROTC,21/09/2026,CONFIRMADA,3355464,0,18/01/2026,18/01/2030,0,BANCO CENTRAL DE LA REPUBLICA DOMINICANA,BCENTRAL,60641
DO2016300223,BC1GUL02,GULFSTREAM/11.15 BO 20290624,92436,DOP,92436,10.2424,101.809447,21/09/2026,02:22:01 PM,PRESTAMO,SEGUNDA PARTE,ROTC,22/03/2027,CONFIRMADA,3355162,0,24/06/2019,24/06/2029,6.937071,GULFSTREAM PETROLEUM DOMINICANA S DE RL,GULFSTREAM,60389
DO2016300223,BC1GUL02,GULFSTREAM/11.15 BO 20290624,92436,DOP,92436,12.3424,97.248586,21/09/2026,02:22:01 PM,PRESTAMO,PRIMERA PARTE,ROTC,22/09/2026,CONFIRMADA,3355162,0,24/06/2019,24/06/2029,6.937071,GULFSTREAM PETROLEUM DOMINICANA S DE RL,GULFSTREAM,60277
DO2016300223,BC1GUL02,GULFSTREAM/11.15 BO 20290624,92436,DOP,92436,10.2424,101.809447,21/09/2026,02:21:53 PM,ESTRUCTURADA,SEGUNDA PARTE,ROTC,22/03/2027,CONFIRMADA,3355161,0,24/06/2019,24/06/2029,8.95,GULFSTREAM PETROLEUM DOMINICANA S DE RL,GULFSTREAM,62531
DO2016300223,BC1GUL02,GULFSTREAM/11.15 BO 20290624,92436,DOP,92436,12.3424,97.248586,21/09/2026,02:21:53 PM,ESTRUCTURADA,PRIMERA PARTE,ROTC,22/09/2026,CONFIRMADA,3355161,0,24/06/2019,24/06/2029,8.95,GULFSTREAM PETROLEUM DOMINICANA S DE RL,GULFSTREAM,62419
DO1002261423,NO301129,BCENTRAL/9.5 BOEST 20291130 GTIA,10000,DOP,1,10.6915,96.9018,21/09/2026,02:21:23 PM,PRESTAMO,SEGUNDA PARTE,ROTC,23/10/2026,CONFIRMADA,3355479,0,30/11/2025,30/11/2029,8.05,BANCO CENTRAL DE LA REPUBLICA DOMINICANA,BCENTRAL,59458
DO1002261423,NO301129,BCENTRAL/9.5 BOEST 20291130 GTIA,10000,DOP,1,10.6219,97.0054,21/09/2026,02:21:23 PM,PRESTAMO,PRIMERA PARTE,ROTC,23/09/2026,CONFIRMADA,3355479,0,30/11/2025,30/11/2029,8.05,BANCO CENTRAL DE LA REPUBLICA DOMINICANA,BCENTRAL,59500
DO1002261423,NO301129,BCENTRAL/9.5 BOEST 20291130 GTIA,10000,DOP,1,10.6915,96.9018,21/09/2026,02:21:22 PM,ESTRUCTURADA,SEGUNDA PARTE,ROTC,23/10/2026,CONFIRMADA,3354129,0,30/11/2025,30/11/2029,8.05,BANCO CENTRAL DE LA REPUBLICA DOMINICANA,BCENTRAL,61551
DO1002261423,NO301129,BCENTRAL/9.5 BOEST 20291130 GTIA,10000,DOP,1,10.6219,97.0054,21/09/2026,02:21:22 PM,ESTRUCTURADA,PRIMERA PARTE,ROTC,23/09/2026,CONFIRMADA,3354129,0,30/11/2025,30/11/2029,8.05,BANCO CENTRAL DE LA REPUBLICA DOMINICANA,BCENTRAL,61593
USP3579EBV85,BSDR2027,DOMINICAN Rep/5.95 BD 20270125 Se,368000,USD,368,4,100.631462,21/09/2026,02:19:38 PM,PRESTAMO,SEGUNDA PARTE,ROTC,04/12/2026,CONFIRMADA,3355478,0,25/01/2017,25/01/2027,0.02,MINISTERIO DE HACIENDA,HACIENDA,61642
USP3579EBV85,BSDR2027,DOMINICAN Rep/5.95 BD 20270125 Se,368000,USD,368,4,100.631462,21/09/2026,02:19:38 PM,PRESTAMO,PRIMERA PARTE,ROTC,22/09/2026,CONFIRMADA,3355478,0,25/01/2017,25/01/2027,0.02,MINISTERIO DE HACIENDA,HACIENDA,61747
DO1002228729,NO030328,BCENTRAL/9.5 BOEST 20280303 GTIA,990000,DOP,99,8.9,100.788708,21/09/2026,02:19:37 PM,CONTADO,PRIMERA PARTE,ROTC,22/09/2026,CONFIRMADA,3354510,0,03/03/2025,03/03/2028,0,BANCO CENTRAL DE LA REPUBLICA DOMINICANA,BCENTRAL,59626
USP3579EBV85,BSDR2027,DOMINICAN Rep/5.95 BD 20270125 Se,368000,USD,368,4.039037,100.261217,21/09/2026,02:19:33 PM,PLAZO,PRIMERA PARTE,ROTC,04/12/2026,CONFIRMADA,3355477,0,25/01/2017,25/01/2027,0,MINISTERIO DE HACIENDA,HACIENDA,62538
USP3579EBV85,BSDR2027,DOMINICAN Rep/5.95 BD 20270125 Se,368000,USD,368,4.051153,100.631462,21/09/2026,02:19:28 PM,CONTADO,PRIMERA PARTE,ROTC,22/09/2026,CONFIRMADA,3355476,0,25/01/2017,25/01/2027,0,MINISTERIO DE HACIENDA,HACIENDA,63490
USP3579ECE51,BSRD2049,"DOMINICAN, REP /6.4 BD 20490605",41000,USD,41,4.7165,123.010122,21/09/2026,02:18:42 PM,PRESTAMO,SEGUNDA PARTE,ROTC,19/03/2027,CONFIRMADA,3355466,0,05/06/2019,05/06/2049,3.840297,MINISTERIO DE HACIENDA,HACIENDA,60620
USP3579ECE51,BSRD2049,"DOMINICAN, REP /6.4 BD 20490605",41000,USD,41,4.922,120.064043,21/09/2026,02:18:42 PM,PRESTAMO,PRIMERA PARTE,ROTC,21/09/2026,CONFIRMADA,3355466,0,05/06/2019,05/06/2049,3.840297,MINISTERIO DE HACIENDA,HACIENDA,60347
USP3579ECE51,BSRD2049,"DOMINICAN, REP /6.4 BD 20490605",41000,USD,41,4.7165,123.010122,21/09/2026,02:18:32 PM,ESTRUCTURADA,SEGUNDA PARTE,ROTC,19/03/2027,CONFIRMADA,3355465,0,05/06/2019,05/06/2049,4.8,MINISTERIO DE HACIENDA,HACIENDA,62713
USP3579ECE51,BSRD2049,"DOMINICAN, REP /6.4 BD 20490605",41000,USD,41,4.922,120.064043,21/09/2026,02:18:32 PM,ESTRUCTURADA,PRIMERA PARTE,ROTC,21/09/2026,CONFIRMADA,3355465,0,05/06/2019,05/06/2049,4.8,MINISTERIO DE HACIENDA,HACIENDA,62440
DO1005211227,MH32029,HACIENDA/12.75 BOEST 20290923 GTIA,100000,DOP,1,1.5293,131.92749,21/09/2026,02:16:27 PM,PRESTAMO,SEGUNDA PARTE,ROTC,22/10/2026,CONFIRMADA,3355474,0,23/09/2022,23/09/2029,8.55,MINISTERIO DE HACIENDA,HACIENDA,60326
DO1005211227,MH32029,HACIENDA/12.75 BOEST 20290923 GTIA,100000,DOP,1,3.6653,125.60753,21/09/2026,02:16:27 PM,PRESTAMO,PRIMERA PARTE,ROTC,22/09/2026,CONFIRMADA,3355474,0,23/09/2022,23/09/2029,8.55,MINISTERIO DE HACIENDA,HACIENDA,60417
DO1005211227,MH32029,HACIENDA/12.75 BOEST 20290923 GTIA,100000,DOP,1,1.5293,131.92749,21/09/2026,02:16:25 PM,ESTRUCTURADA,SEGUNDA PARTE,ROTC,22/10/2026,CONFIRMADA,3354098,0,23/09/2022,23/09/2029,8.55,MINISTERIO DE HACIENDA,HACIENDA,62412
DO1005211227,MH32029,HACIENDA/12.75 BOEST 20290923 GTIA,100000,DOP,1,3.6653,125.60753,21/09/2026,02:16:25 PM,ESTRUCTURADA,PRIMERA PARTE,ROTC,22/09/2026,CONFIRMADA,3354098,0,23/09/2022,23/09/2029,8.55,MINISTERIO DE HACIENDA,HACIENDA,62503
DO1005206516,MH32028,HACIENDA/10.75 BOEST 20280811 GTIA,11200000,DOP,112,6.78449,105.764481,21/09/2026,02:16:04 PM,PRESTAMO,SEGUNDA PARTE,ROTC,19/01/2027,CONFIRMADA,3355333,0,10/08/2018,11/08/2028,10.75,MINISTERIO DE HACIENDA,HACIENDA,62503
DO1005206516,MH32028,HACIENDA/10.75 BOEST 20280811 GTIA,11200000,DOP,112,7.33319,105.905871,21/09/2026,02:16:04 PM,PRESTAMO,PRIMERA PARTE,ROTC,21/09/2026,CONFIRMADA,3355333,0,10/08/2018,11/08/2028,10.75,MINISTERIO DE HACIENDA,HACIENDA,62482
DO1005206516,MH32028,HACIENDA/10.75 BOEST 20280811 GTIA,11200000,DOP,112,6.78449,105.764481,21/09/2026,02:15:10 PM,ESTRUCTURADA,SEGUNDA PARTE,ROTC,19/01/2027,CONFIRMADA,3355332,0,10/08/2018,11/08/2028,10.75,MINISTERIO DE HACIENDA,HACIENDA,64575
DO1005206516,MH32028,HACIENDA/10.75 BOEST 20280811 GTIA,11200000,DOP,112,7.33319,105.905871,21/09/2026,02:15:10 PM,ESTRUCTURADA,PRIMERA PARTE,ROTC,21/09/2026,CONFIRMADA,3355332,0,10/08/2018,11/08/2028,10.75,MINISTERIO DE HACIENDA,HACIENDA,64554
DO1005213421,MH22035,HACIENDA/10.5 BOEST 20350510 GTIA,11100000,DOP,111,8.538216,111.323256,21/09/2026,02:14:48 PM,ESTRUCTURADA,SEGUNDA PARTE,ROTC,19/03/2027,CONFIRMADA,3355458,0,10/05/2024,10/05/2035,7.7,MINISTERIO DE HACIENDA,HACIENDA,64365
DO1005213421,MH22035,HACIENDA/10.5 BOEST 20350510 GTIA,11100000,DOP,111,9.30626604,106.93761,21/09/2026,02:14:48 PM,ESTRUCTURADA,PRIMERA PARTE,ROTC,21/09/2026,CONFIRMADA,3355458,0,10/05/2024,10/05/2035,7.7,MINISTERIO DE HACIENDA,HACIENDA,64834
USP3579ECN50,BSRD2033, ,660000,USD,660,6.421,97.847095,21/09/2026,02:13:56 PM,ESTRUCTURADA,SEGUNDA PARTE,ROTC,20/11/2026,CONFIRMADA,3355468,0,22/02/2022,22/02/2033,5.05,MINISTERIO DE HACIENDA,HACIENDA,50540
USP3579ECN50,BSRD2033, ,660000,USD,660,6.3831,98.001515,21/09/2026,02:13:56 PM,ESTRUCTURADA,PRIMERA PARTE,ROTC,21/09/2026,CONFIRMADA,3355468,0,22/02/2022,22/02/2033,5.05,MINISTERIO DE HACIENDA,HACIENDA,50911
USP3579ECN50,BSRD2033, ,660000,USD,660,0,0,21/09/2026,02:13:55 PM,PRESTAMO,SEGUNDA PARTE,ROTC,21/02/2033,CONFIRMADA,3355469,0,22/02/2022,22/02/2033,0,MINISTERIO DE HACIENDA,HACIENDA,43988
USP3579ECN50,BSRD2033, ,660000,USD,660,6.3831,98.001515,21/09/2026,02:13:55 PM,PRESTAMO,PRIMERA PARTE,ROTC,21/09/2026,CONFIRMADA,3355469,0,22/02/2022,22/02/2033,0,MINISTERIO DE HACIENDA,HACIENDA,48804
DO1002226525,NO180228,BCENTRAL/15 BOEST 20280218 GTIA,1100000,DOP,110,7.3686,107.777498,21/09/2026,02:13:54 PM,ESTRUCTURADA,SEGUNDA PARTE,ROTC,19/01/2027,CONFIRMADA,3355470,0,18/02/2023,18/02/2028,9.35,BANCO CENTRAL DE LA REPUBLICA DOMINICANA,BCENTRAL,63560
DO1002226525,NO180228,BCENTRAL/15 BOEST 20280218 GTIA,1100000,DOP,110,7.9307,109.221538,21/09/2026,02:13:54 PM,ESTRUCTURADA,PRIMERA PARTE,ROTC,21/09/2026,CONFIRMADA,3355470,0,18/02/2023,18/02/2028,9.35,BANCO CENTRAL DE LA REPUBLICA DOMINICANA,BCENTRAL,63462
DO1002226525,NO180228,BCENTRAL/15 BOEST 20280218 GTIA,1100000,DOP,110,0,0,21/09/2026,02:13:53 PM,PRESTAMO,SEGUNDA PARTE,ROTC,17/02/2028,CONFIRMADA,3355471,0,18/02/2023,18/02/2028,0,BANCO CENTRAL DE LA REPUBLICA DOMINICANA,BCENTRAL,56217
DO1002226525,NO180228,BCENTRAL/15 BOEST 20280218 GTIA,1100000,DOP,110,7.9307,109.221538,21/09/2026,02:13:53 PM,PRESTAMO,PRIMERA PARTE,ROTC,21/09/2026,CONFIRMADA,3355471,0,18/02/2023,18/02/2028,0,BANCO CENTRAL DE LA REPUBLICA DOMINICANA,BCENTRAL,61355
USP3579EAY34,BSRD2044,DOMINICAN Rep/7.45 BD 20440430 GO,7000,USD,7,6.9653,104.859063,21/09/2026,02:13:51 PM,ESTRUCTURADA,SEGUNDA PARTE,ROTC,26/10/2026,CONFIRMADA,3355472,0,30/04/2014,30/04/2044,4.15,MINISTERIO DE HACIENDA,HACIENDA,63819
USP3579EAY34,BSRD2044,DOMINICAN Rep/7.45 BD 20440430 GO,7000,USD,7,6.9381,105.147369,21/09/2026,02:13:51 PM,ESTRUCTURADA,PRIMERA PARTE,ROTC,21/09/2026,CONFIRMADA,3355472,0,30/04/2014,30/04/2044,4.15,MINISTERIO DE HACIENDA,HACIENDA,63889
USP3579EAY34,BSRD2044,DOMINICAN Rep/7.45 BD 20440430 GO,7000,USD,7,0,0,21/09/2026,02:13:50 PM,PRESTAMO,SEGUNDA PARTE,ROTC,29/04/2044,CONFIRMADA,3355473,0,30/04/2014,30/04/2044,0,MINISTERIO DE HACIENDA,HACIENDA,56623
USP3579EAY34,BSRD2044,DOMINICAN Rep/7.45 BD 20440430 GO,7000,USD,7,6.9381,105.147369,21/09/2026,02:13:50 PM,PRESTAMO,PRIMERA PARTE,ROTC,21/09/2026,CONFIRMADA,3355473,0,30/04/2014,30/04/2044,0,MINISTERIO DE HACIENDA,HACIENDA,61782
DO2020000124,BC1IES01,IES/8 BO 20310930,700000,DOP,7000,6.6132,105.505115,21/09/2026,02:13:04 PM,ESTRUCTURADA,SEGUNDA PARTE,ROTC,19/01/2027,CONFIRMADA,3355463,0,30/09/2021,30/09/2031,8,"INGENIERIA ESTRELLA, S. A.",IES,56672
DO2020000124,BC1IES01,IES/8 BO 20310930,700000,DOP,7000,7.54323,101.877531,21/09/2026,02:13:04 PM,ESTRUCTURADA,PRIMERA PARTE,ROTC,21/09/2026,CONFIRMADA,3355463,0,30/09/2021,30/09/2031,8,"INGENIERIA ESTRELLA, S. A.",IES,57183
DO1002228125,NO090229,BCENTRAL/10 BOEST 20290209 GTIA,69000000,DOP,6900,9.3,101.445788,21/09/2026,02:12:01 PM,CONTADO,PRIMERA PARTE,ROTC,21/09/2026,CONFIRMADA,3355462,0,09/02/2024,09/02/2029,0,BANCO CENTRAL DE LA REPUBLICA DOMINICANA,BCENTRAL,60368
DO1005206516,MH32028,HACIENDA/10.75 BOEST 20280811 GTIA,8600000,DOP,86,6.58762,106.486748,21/09/2026,02:11:35 PM,PRESTAMO,SEGUNDA PARTE,ROTC,07/12/2026,CONFIRMADA,3355331,0,10/08/2018,11/08/2028,10.75,MINISTERIO DE HACIENDA,HACIENDA,61978
DO1005206516,MH32028,HACIENDA/10.75 BOEST 20280811 GTIA,8600000,DOP,86,6.95711,106.586701,21/09/2026,02:11:35 PM,PRESTAMO,PRIMERA PARTE,ROTC,21/09/2026,CONFIRMADA,3355331,0,10/08/2018,11/08/2028,10.75,MINISTERIO DE HACIENDA,HACIENDA,61950
DO1002226525,NO180228,BCENTRAL/15 BOEST 20280218 GTIA,700000,DOP,70,9.4,107.199946,21/09/2026,02:10:21 PM,CONTADO,PRIMERA PARTE,ROTC,21/09/2026,CONFIRMADA,3355457,0,18/02/2023,18/02/2028,0,BANCO CENTRAL DE LA REPUBLICA DOMINICANA,BCENTRAL,59010
DO1005211227,MH32029,HACIENDA/12.75 BOEST 20290923 GTIA,200000,DOP,2,18.4021,87.61724,21/09/2026,02:10:18 PM,PRESTAMO,SEGUNDA PARTE,ROTC,22/10/2026,CONFIRMADA,3355467,0,23/09/2022,23/09/2029,6.55,MINISTERIO DE HACIENDA,HACIENDA,60263
DO1005211227,MH32029,HACIENDA/12.75 BOEST 20290923 GTIA,200000,DOP,2,21.2735,81.756645,21/09/2026,02:10:18 PM,PRESTAMO,PRIMERA PARTE,ROTC,22/09/2026,CONFIRMADA,3355467,0,23/09/2022,23/09/2029,6.55,MINISTERIO DE HACIENDA,HACIENDA,60795
DO1005211227,MH32029,HACIENDA/12.75 BOEST 20290923 GTIA,200000,DOP,2,18.4021,87.61724,21/09/2026,02:10:16 PM,ESTRUCTURADA,SEGUNDA PARTE,ROTC,22/10/2026,CONFIRMADA,3354096,0,23/09/2022,23/09/2029,6.55,MINISTERIO DE HACIENDA,HACIENDA,62349
DO1005211227,MH32029,HACIENDA/12.75 BOEST 20290923 GTIA,200000,DOP,2,21.2735,81.756645,21/09/2026,02:10:16 PM,ESTRUCTURADA,PRIMERA PARTE,ROTC,22/09/2026,CONFIRMADA,3354096,0,23/09/2022,23/09/2029,6.55,MINISTERIO DE HACIENDA,HACIENDA,62881
DO1005206516,MH32028,HACIENDA/10.75 BOEST 20280811 GTIA,8600000,DOP,86,6.58762,106.486748,21/09/2026,02:10:01 PM,ESTRUCTURADA,SEGUNDA PARTE,ROTC,07/12/2026,CONFIRMADA,3355330,0,10/08/2018,11/08/2028,10.75,MINISTERIO DE HACIENDA,HACIENDA,64022
DO1005206516,MH32028,HACIENDA/10.75 BOEST 20280811 GTIA,8600000,DOP,86,6.95711,106.586701,21/09/2026,02:10:01 PM,ESTRUCTURADA,PRIMERA PARTE,ROTC,21/09/2026,CONFIRMADA,3355330,0,10/08/2018,11/08/2028,10.75,MINISTERIO DE HACIENDA,HACIENDA,63994
DO2022700119,BC1HIT01,HIT/8.45 BO 20330217,50000,USD,50000,8.15000408,101.461416,21/09/2026,02:08:34 PM,CONTADO,PRIMERA PARTE,ROTC,21/09/2026,CONFIRMADA,3355459,0,17/02/2023,17/02/2033,0,HAINA INVESTMENT CO. LTD.,HIT,56637
DO1002226525,NO180228,BCENTRAL/15 BOEST 20280218 GTIA,10000,DOP,1,9.14999968,107.540178,21/09/2026,02:08:33 PM,CONTADO,PRIMERA PARTE,ROTC,21/09/2026,CONFIRMADA,3355460,0,18/02/2023,18/02/2028,0,BANCO CENTRAL DE LA REPUBLICA DOMINICANA,BCENTRAL,60942
DO1005254219,MH22041,HACIENDA/12 BOEST 20410529 GTIA,12200000,DOP,122,9.54273481,119.151196,21/09/2026,02:07:59 PM,CONTADO,PRIMERA PARTE,ROTC,25/09/2026,CONFIRMADA,3355290,0,29/05/2026,29/05/2041,0,MINISTERIO DE HACIENDA,HACIENDA,61936
DO1005254219,MH22041,HACIENDA/12 BOEST 20410529 GTIA,12200000,DOP,122,9.54139626,119.169998,21/09/2026,02:07:42 PM,CONTADO,PRIMERA PARTE,ROTC,21/09/2026,CONFIRMADA,3355289,0,29/05/2026,29/05/2041,0,MINISTERIO DE HACIENDA,HACIENDA,61999
DO1005211227,MH32029,HACIENDA/12.75 BOEST 20290923 GTIA,300000,DOP,3,4.7753,120.357787,21/09/2026,02:06:57 PM,PRESTAMO,SEGUNDA PARTE,ROTC,21/12/2026,CONFIRMADA,3355461,0,23/09/2022,23/09/2029,7.05,MINISTERIO DE HACIENDA,HACIENDA,60781
DO1005211227,MH32029,HACIENDA/12.75 BOEST 20290923 GTIA,300000,DOP,3,7.1345,114.935813,21/09/2026,02:06:57 PM,PRESTAMO,PRIMERA PARTE,ROTC,22/09/2026,CONFIRMADA,3355461,0,23/09/2022,23/09/2029,7.05,MINISTERIO DE HACIENDA,HACIENDA,60816
DO1005211227,MH32029,HACIENDA/12.75 BOEST 20290923 GTIA,300000,DOP,3,4.7753,120.357787,21/09/2026,02:06:56 PM,ESTRUCTURADA,SEGUNDA PARTE,ROTC,21/12/2026,CONFIRMADA,3354097,0,23/09/2022,23/09/2029,7.05,MINISTERIO DE HACIENDA,HACIENDA,62874
DO1005211227,MH32029,HACIENDA/12.75 BOEST 20290923 GTIA,300000,DOP,3,7.1345,114.935813,21/09/2026,02:06:56 PM,ESTRUCTURADA,PRIMERA PARTE,ROTC,22/09/2026,CONFIRMADA,3354097,0,23/09/2022,23/09/2029,7.05,MINISTERIO DE HACIENDA,HACIENDA,62909
DO1002228125,NO090229,BCENTRAL/10 BOEST 20290209 GTIA,80000,DOP,8,8.0398,103.8899,21/09/2026,02:06:15 PM,PRESTAMO,SEGUNDA PARTE,ROTC,20/11/2026,CONFIRMADA,3355423,0,09/02/2024,09/02/2029,2.686165,BANCO CENTRAL DE LA REPUBLICA DOMINICANA,BCENTRAL,59332
DO1002228125,NO090229,BCENTRAL/10 BOEST 20290209 GTIA,80000,DOP,8,8.1932,103.822975,21/09/2026,02:06:15 PM,PRESTAMO,PRIMERA PARTE,ROTC,21/09/2026,CONFIRMADA,3355423,0,09/02/2024,09/02/2029,2.686165,BANCO CENTRAL DE LA REPUBLICA DOMINICANA,BCENTRAL,60081
USP3579ECZ80,BSRD2035, ,514000,USD,514,5.4284,103.098045,21/09/2026,02:06:13 PM,PRESTAMO,SEGUNDA PARTE,ROTC,21/12/2026,CONFIRMADA,3355425,0,28/10/2025,28/10/2035,3.567719,MINISTERIO DE HACIENDA,HACIENDA,49119
USP3579ECZ80,BSRD2035, ,514000,USD,514,5.8377,100.253868,21/09/2026,02:06:13 PM,PRESTAMO,PRIMERA PARTE,ROTC,21/09/2026,CONFIRMADA,3355425,0,28/10/2025,28/10/2035,3.567719,MINISTERIO DE HACIENDA,HACIENDA,49294
DO1005206516,MH32028,HACIENDA/10.75 BOEST 20280811 GTIA,200000,DOP,2,4.14846,110.408255,21/09/2026,02:06:08 PM,PRESTAMO,SEGUNDA PARTE,ROTC,17/12/2026,CONFIRMADA,3355213,0,10/08/2018,11/08/2028,10.75,MINISTERIO DE HACIENDA,HACIENDA,60998
DO1005206516,MH32028,HACIENDA/10.75 BOEST 20280811 GTIA,200000,DOP,2,4.84848,110.513015,21/09/2026,02:06:08 PM,PRESTAMO,PRIMERA PARTE,ROTC,21/09/2026,CONFIRMADA,3355213,0,10/08/2018,11/08/2028,10.75,MINISTERIO DE HACIENDA,HACIENDA,61068
USP3579ECZ80,BSRD2035, ,514000,USD,514,5.4284,103.098045,21/09/2026,02:05:42 PM,ESTRUCTURADA,SEGUNDA PARTE,ROTC,21/12/2026,CONFIRMADA,3355424,0,28/10/2025,28/10/2035,5.304,MINISTERIO DE HACIENDA,HACIENDA,51226
USP3579ECZ80,BSRD2035, ,514000,USD,514,5.8377,100.253868,21/09/2026,02:05:42 PM,ESTRUCTURADA,PRIMERA PARTE,ROTC,21/09/2026,CONFIRMADA,3355424,0,28/10/2025,28/10/2035,5.304,MINISTERIO DE HACIENDA,HACIENDA,51401
DO1002228125,NO090229,BCENTRAL/10 BOEST 20290209 GTIA,80000,DOP,8,8.0398,103.8899,21/09/2026,02:05:41 PM,ESTRUCTURADA,SEGUNDA PARTE,ROTC,20/11/2026,CONFIRMADA,3355422,0,09/02/2024,09/02/2029,9.7,BANCO CENTRAL DE LA REPUBLICA DOMINICANA,BCENTRAL,61418
DO1002228125,NO090229,BCENTRAL/10 BOEST 20290209 GTIA,80000,DOP,8,8.1932,103.822975,21/09/2026,02:05:41 PM,ESTRUCTURADA,PRIMERA PARTE,ROTC,21/09/2026,CONFIRMADA,3355422,0,09/02/2024,09/02/2029,9.7,BANCO CENTRAL DE LA REPUBLICA DOMINICANA,BCENTRAL,62167
USP3579ECN50,BSRD2033, ,25000,USD,25,6.1897,99.001347,21/09/2026,02:05:04 PM,CONTADO,PRIMERA PARTE,ROTC,21/09/2026,CONFIRMADA,3355339,0,22/02/2022,22/02/2033,0,MINISTERIO DE HACIENDA,HACIENDA,47432
DO1005206516,MH32028,HACIENDA/10.75 BOEST 20280811 GTIA,200000,DOP,2,4.14846,110.408255,21/09/2026,02:04:58 PM,ESTRUCTURADA,SEGUNDA PARTE,ROTC,17/12/2026,CONFIRMADA,3355212,0,10/08/2018,11/08/2028,10.75,MINISTERIO DE HACIENDA,HACIENDA,63119
DO1005206516,MH32028,HACIENDA/10.75 BOEST 20280811 GTIA,200000,DOP,2,4.84848,110.513015,21/09/2026,02:04:58 PM,ESTRUCTURADA,PRIMERA PARTE,ROTC,21/09/2026,CONFIRMADA,3355212,0,10/08/2018,11/08/2028,10.75,MINISTERIO DE HACIENDA,HACIENDA,63189
DO1005213025,MH22031,HACIENDA/10.25 BOEST 20310209 GTIA,24200000,DOP,242,8.4842,106.248563,21/09/2026,02:04:35 PM,PRESTAMO,SEGUNDA PARTE,ROTC,21/10/2026,CONFIRMADA,3355427,0,09/02/2024,09/02/2031,1.920957,MINISTERIO DE HACIENDA,HACIENDA,61915
DO1005213025,MH22031,HACIENDA/10.25 BOEST 20310209 GTIA,24200000,DOP,242,8.5221,106.218195,21/09/2026,02:04:35 PM,PRESTAMO,PRIMERA PARTE,ROTC,21/09/2026,CONFIRMADA,3355427,0,09/02/2024,09/02/2031,1.920957,MINISTERIO DE HACIENDA,HACIENDA,61964
DO1005213025,MH22031,HACIENDA/10.25 BOEST 20310209 GTIA,24200000,DOP,242,8.4842,106.248563,21/09/2026,02:04:33 PM,PLAZO,PRIMERA PARTE,ROTC,21/10/2026,CONFIRMADA,3355428,0,09/02/2024,09/02/2031,0,MINISTERIO DE HACIENDA,HACIENDA,60361
DO1005213025,MH22031,HACIENDA/10.25 BOEST 20310209 GTIA,24000000,DOP,240,8.4781,106.270943,21/09/2026,02:04:32 PM,PLAZO,PRIMERA PARTE,ROTC,21/10/2026,CONFIRMADA,3355429,0,09/02/2024,09/02/2031,0,MINISTERIO DE HACIENDA,HACIENDA,60319
DO1005213025,MH22031,HACIENDA/10.25 BOEST 20310209 GTIA,24000000,DOP,240,8.4383,106.308585,21/09/2026,02:04:31 PM,PRESTAMO,SEGUNDA PARTE,ROTC,20/11/2026,CONFIRMADA,3355430,0,09/02/2024,09/02/2031,2.683223,MINISTERIO DE HACIENDA,HACIENDA,61866
DO1005213025,MH22031,HACIENDA/10.25 BOEST 20310209 GTIA,24000000,DOP,240,8.4781,106.270943,21/09/2026,02:04:31 PM,PRESTAMO,PRIMERA PARTE,ROTC,21/10/2026,CONFIRMADA,3355430,0,09/02/2024,09/02/2031,2.683223,MINISTERIO DE HACIENDA,HACIENDA,61915
DO1005213025,MH22031,HACIENDA/10.25 BOEST 20310209 GTIA,24000000,DOP,240,8.4383,106.308585,21/09/2026,02:04:29 PM,PLAZO,PRIMERA PARTE,ROTC,20/11/2026,CONFIRMADA,3355431,0,09/02/2024,09/02/2031,0,MINISTERIO DE HACIENDA,HACIENDA,60375
DO1005213025,MH22031,HACIENDA/10.25 BOEST 20310209 GTIA,23800000,DOP,238,8.43,106.338738,21/09/2026,02:04:28 PM,PLAZO,PRIMERA PARTE,ROTC,20/11/2026,CONFIRMADA,3355432,0,09/02/2024,09/02/2031,0,MINISTERIO DE HACIENDA,HACIENDA,59738
DO1005213025,MH22031,HACIENDA/10.25 BOEST 20310209 GTIA,23800000,DOP,238,8.3867,106.385277,21/09/2026,02:04:27 PM,PRESTAMO,SEGUNDA PARTE,ROTC,21/12/2026,CONFIRMADA,3355433,0,09/02/2024,09/02/2031,3.458567,MINISTERIO DE HACIENDA,HACIENDA,62076
DO1005213025,MH22031,HACIENDA/10.25 BOEST 20310209 GTIA,23800000,DOP,238,8.43,106.338738,21/09/2026,02:04:27 PM,PRESTAMO,PRIMERA PARTE,ROTC,20/11/2026,CONFIRMADA,3355433,0,09/02/2024,09/02/2031,3.458567,MINISTERIO DE HACIENDA,HACIENDA,61334
DO1005213025,MH22031,HACIENDA/10.25 BOEST 20310209 GTIA,23800000,DOP,238,8.3867,106.385277,21/09/2026,02:04:25 PM,PLAZO,PRIMERA PARTE,ROTC,21/12/2026,CONFIRMADA,3355434,0,09/02/2024,09/02/2031,0,MINISTERIO DE HACIENDA,HACIENDA,60522
DO1005213025,MH22031,HACIENDA/10.25 BOEST 20310209 GTIA,23700000,DOP,237,8.5147,105.929081,21/09/2026,02:04:24 PM,PLAZO,PRIMERA PARTE,ROTC,21/12/2026,CONFIRMADA,3355435,0,09/02/2024,09/02/2031,0,MINISTERIO DE HACIENDA,HACIENDA,60424
DO1005213025,MH22031,HACIENDA/10.25 BOEST 20310209 GTIA,23700000,DOP,237,8.4738,105.977863,21/09/2026,02:04:23 PM,PRESTAMO,SEGUNDA PARTE,ROTC,20/01/2027,CONFIRMADA,3355436,0,09/02/2024,09/02/2031,4.208827,MINISTERIO DE HACIENDA,HACIENDA,62055
DO1005213025,MH22031,HACIENDA/10.25 BOEST 20310209 GTIA,23700000,DOP,237,8.5147,105.929081,21/09/2026,02:04:23 PM,PRESTAMO,PRIMERA PARTE,ROTC,21/12/2026,CONFIRMADA,3355436,0,09/02/2024,09/02/2031,4.208827,MINISTERIO DE HACIENDA,HACIENDA,62020
DO1005213025,MH22031,HACIENDA/10.25 BOEST 20310209 GTIA,23700000,DOP,237,8.4738,105.977863,21/09/2026,02:04:21 PM,PLAZO,PRIMERA PARTE,ROTC,20/01/2027,CONFIRMADA,3355438,0,09/02/2024,09/02/2031,0,MINISTERIO DE HACIENDA,HACIENDA,60501
DO1005213025,MH22031,HACIENDA/10.25 BOEST 20310209 GTIA,23500000,DOP,235,8.4617,106.020165,21/09/2026,02:04:20 PM,PLAZO,PRIMERA PARTE,ROTC,20/01/2027,CONFIRMADA,3355439,0,09/02/2024,09/02/2031,0,MINISTERIO DE HACIENDA,HACIENDA,60263
DO1005213025,MH22031,HACIENDA/10.25 BOEST 20310209 GTIA,23500000,DOP,235,8.4343,106.055864,21/09/2026,02:04:19 PM,PRESTAMO,SEGUNDA PARTE,ROTC,08/02/2027,CONFIRMADA,3355440,0,09/02/2024,09/02/2031,4.653757,MINISTERIO DE HACIENDA,HACIENDA,61978
DO1005213025,MH22031,HACIENDA/10.25 BOEST 20310209 GTIA,23500000,DOP,235,8.4617,106.020165,21/09/2026,02:04:19 PM,PRESTAMO,PRIMERA PARTE,ROTC,20/01/2027,CONFIRMADA,3355440,0,09/02/2024,09/02/2031,4.653757,MINISTERIO DE HACIENDA,HACIENDA,61922
DO1005213025,MH22031,HACIENDA/10.25 BOEST 20310209 GTIA,23500000,DOP,235,8.4343,106.055864,21/09/2026,02:04:17 PM,PLAZO,PRIMERA PARTE,ROTC,08/02/2027,CONFIRMADA,3355441,0,09/02/2024,09/02/2031,0,MINISTERIO DE HACIENDA,HACIENDA,60424
DO1005213025,MH22031,HACIENDA/10.25 BOEST 20310209 GTIA,56000000,DOP,560,8.5618,105.963393,21/09/2026,02:04:16 PM,PRESTAMO,SEGUNDA PARTE,ROTC,21/10/2026,CONFIRMADA,3355443,0,09/02/2024,09/02/2031,1.9239,MINISTERIO DE HACIENDA,HACIENDA,61992
DO1005213025,MH22031,HACIENDA/10.25 BOEST 20310209 GTIA,56000000,DOP,560,8.598,105.935323,21/09/2026,02:04:16 PM,PRESTAMO,PRIMERA PARTE,ROTC,21/09/2026,CONFIRMADA,3355443,0,09/02/2024,09/02/2031,1.9239,MINISTERIO DE HACIENDA,HACIENDA,61733
DO1005213025,MH22031,HACIENDA/10.25 BOEST 20310209 GTIA,56000000,DOP,560,8.5618,105.963393,21/09/2026,02:04:15 PM,PLAZO,PRIMERA PARTE,ROTC,21/10/2026,CONFIRMADA,3355444,0,09/02/2024,09/02/2031,0,MINISTERIO DE HACIENDA,HACIENDA,60445
DO1005213025,MH22031,HACIENDA/10.25 BOEST 20310209 GTIA,55500000,DOP,555,8.536,106.058108,21/09/2026,02:04:13 PM,PLAZO,PRIMERA PARTE,ROTC,21/10/2026,CONFIRMADA,3355445,0,09/02/2024,09/02/2031,0,MINISTERIO DE HACIENDA,HACIENDA,60039
DO1005213025,MH22031,HACIENDA/10.25 BOEST 20310209 GTIA,55500000,DOP,555,8.4975,106.094021,21/09/2026,02:04:12 PM,PRESTAMO,SEGUNDA PARTE,ROTC,20/11/2026,CONFIRMADA,3355446,0,09/02/2024,09/02/2031,2.686919,MINISTERIO DE HACIENDA,HACIENDA,61943
DO1005213025,MH22031,HACIENDA/10.25 BOEST 20310209 GTIA,55500000,DOP,555,8.536,106.058108,21/09/2026,02:04:12 PM,PRESTAMO,PRIMERA PARTE,ROTC,21/10/2026,CONFIRMADA,3355446,0,09/02/2024,09/02/2031,2.686919,MINISTERIO DE HACIENDA,HACIENDA,61635
DO1005213025,MH22031,HACIENDA/10.25 BOEST 20310209 GTIA,55500000,DOP,555,8.4975,106.094021,21/09/2026,02:04:11 PM,PLAZO,PRIMERA PARTE,ROTC,20/11/2026,CONFIRMADA,3355447,0,09/02/2024,09/02/2031,0,MINISTERIO DE HACIENDA,HACIENDA,60396
DO1005213025,MH22031,HACIENDA/10.25 BOEST 20310209 GTIA,55000000,DOP,550,8.4687,106.198443,21/09/2026,02:04:10 PM,PLAZO,PRIMERA PARTE,ROTC,20/11/2026,CONFIRMADA,3355448,0,09/02/2024,09/02/2031,0,MINISTERIO DE HACIENDA,HACIENDA,60410
DO1005213025,MH22031,HACIENDA/10.25 BOEST 20310209 GTIA,55000000,DOP,550,8.4263,106.243804,21/09/2026,02:04:08 PM,PRESTAMO,SEGUNDA PARTE,ROTC,21/12/2026,CONFIRMADA,3355449,0,09/02/2024,09/02/2031,3.461944,MINISTERIO DE HACIENDA,HACIENDA,61887
DO1005213025,MH22031,HACIENDA/10.25 BOEST 20310209 GTIA,55000000,DOP,550,8.4687,106.198443,21/09/2026,02:04:08 PM,PRESTAMO,PRIMERA PARTE,ROTC,20/11/2026,CONFIRMADA,3355449,0,09/02/2024,09/02/2031,3.461944,MINISTERIO DE HACIENDA,HACIENDA,62062
DO1005213025,MH22031,HACIENDA/10.25 BOEST 20310209 GTIA,55000000,DOP,550,8.4263,106.243804,21/09/2026,02:04:07 PM,PLAZO,PRIMERA PARTE,ROTC,21/12/2026,CONFIRMADA,3355450,0,09/02/2024,09/02/2031,0,MINISTERIO DE HACIENDA,HACIENDA,60340
DO1005208322,MHUS2040,HACIENDA/6.75 BOEST 20400724 GTIA,3805000,USD,3805,4.49238802,123.074992,21/09/2026,02:04:06 PM,CONTADO,PRIMERA PARTE,ROTC,21/09/2026,CONFIRMADA,3354907,0,24/07/2020,24/07/2040,0,MINISTERIO DE HACIENDA,HACIENDA,63560
DO1005213025,MH22031,HACIENDA/10.25 BOEST 20310209 GTIA,54600000,DOP,546,8.459,106.127096,21/09/2026,02:04:06 PM,PLAZO,PRIMERA PARTE,ROTC,21/12/2026,CONFIRMADA,3355451,0,09/02/2024,09/02/2031,0,MINISTERIO DE HACIENDA,HACIENDA,60116
DO1005213025,MH22031,HACIENDA/10.25 BOEST 20310209 GTIA,54600000,DOP,546,8.4168,106.177488,21/09/2026,02:04:04 PM,PRESTAMO,SEGUNDA PARTE,ROTC,20/01/2027,CONFIRMADA,3355452,0,09/02/2024,09/02/2031,4.202696,MINISTERIO DE HACIENDA,HACIENDA,62041
DO1005213025,MH22031,HACIENDA/10.25 BOEST 20310209 GTIA,54600000,DOP,546,8.459,106.127096,21/09/2026,02:04:04 PM,PRESTAMO,PRIMERA PARTE,ROTC,21/12/2026,CONFIRMADA,3355452,0,09/02/2024,09/02/2031,4.202696,MINISTERIO DE HACIENDA,HACIENDA,61705
DO1005213025,MH22031,HACIENDA/10.25 BOEST 20310209 GTIA,54600000,DOP,546,8.4168,106.177488,21/09/2026,02:04:03 PM,PLAZO,PRIMERA PARTE,ROTC,20/01/2027,CONFIRMADA,3355453,0,09/02/2024,09/02/2031,0,MINISTERIO DE HACIENDA,HACIENDA,60494
DO1005213025,MH22031,HACIENDA/10.25 BOEST 20310209 GTIA,54200000,DOP,542,8.4401,106.095628,21/09/2026,02:04:02 PM,PLAZO,PRIMERA PARTE,ROTC,20/01/2027,CONFIRMADA,3355454,0,09/02/2024,09/02/2031,0,MINISTERIO DE HACIENDA,HACIENDA,60326
DO1005213025,MH22031,HACIENDA/10.25 BOEST 20310209 GTIA,54200000,DOP,542,8.4124,106.131715,21/09/2026,02:04:00 PM,PRESTAMO,SEGUNDA PARTE,ROTC,08/02/2027,CONFIRMADA,3355455,0,09/02/2024,09/02/2031,4.650934,MINISTERIO DE HACIENDA,HACIENDA,61831
DO1005213025,MH22031,HACIENDA/10.25 BOEST 20310209 GTIA,54200000,DOP,542,8.4401,106.095628,21/09/2026,02:04:00 PM,PRESTAMO,PRIMERA PARTE,ROTC,20/01/2027,CONFIRMADA,3355455,0,09/02/2024,09/02/2031,4.650934,MINISTERIO DE HACIENDA,HACIENDA,61915
DO1005213025,MH22031,HACIENDA/10.25 BOEST 20310209 GTIA,54200000,DOP,542,8.4124,106.131715,21/09/2026,02:03:59 PM,PLAZO,PRIMERA PARTE,ROTC,08/02/2027,CONFIRMADA,3355456,0,09/02/2024,09/02/2031,0,MINISTERIO DE HACIENDA,HACIENDA,60382
DO1005213025,MH22031,HACIENDA/10.25 BOEST 20310209 GTIA,56000000,DOP,560,8.598,105.935323,21/09/2026,02:03:31 PM,CONTADO,PRIMERA PARTE,ROTC,21/09/2026,CONFIRMADA,3355442,0,09/02/2024,09/02/2031,0,MINISTERIO DE HACIENDA,HACIENDA,61012
USP3579ECZ80,BSRD2035, ,1400000,USD,1400,5.89,99.888488,21/09/2026,02:03:28 PM,CONTADO,PRIMERA PARTE,ROTC,21/09/2026,CONFIRMADA,3355275,0,28/10/2025,28/10/2035,0,MINISTERIO DE HACIENDA,HACIENDA,48363
DO1005213025,MH22031,HACIENDA/10.25 BOEST 20310209 GTIA,24200000,DOP,242,8.5221,106.218195,21/09/2026,02:03:05 PM,CONTADO,PRIMERA PARTE,ROTC,21/09/2026,CONFIRMADA,3355426,0,09/02/2024,09/02/2031,0,MINISTERIO DE HACIENDA,HACIENDA,61243
DO1002261423,NO301129,BCENTRAL/9.5 BOEST 20291130 GTIA,74210000,DOP,7421,9.43732182,100.146821,21/09/2026,02:02:45 PM,ESTRUCTURADA,SEGUNDA PARTE,ROTC,21/10/2026,CONFIRMADA,3355407,0,30/11/2025,30/11/2029,0.6583333375831,BANCO CENTRAL DE LA REPUBLICA DOMINICANA,BCENTRAL,65828
DO1002261423,NO301129,BCENTRAL/9.5 BOEST 20291130 GTIA,74210000,DOP,7421,9.40091983,100.241977,21/09/2026,02:02:45 PM,ESTRUCTURADA,PRIMERA PARTE,ROTC,21/09/2026,CONFIRMADA,3355407,0,30/11/2025,30/11/2029,0.6583333375831,BANCO CENTRAL DE LA REPUBLICA DOMINICANA,BCENTRAL,66031
DO1002228612,NO031227,BCENTRAL/8 BOEST 20271203 GTIA,50000,DOP,5,0,97.55592,21/09/2026,02:02:12 PM,PLAZO,PRIMERA PARTE,ROTC,12/03/2027,CONFIRMADA,3355352,0,03/12/2024,03/12/2027,0,BANCO CENTRAL DE LA REPUBLICA DOMINICANA,BCENTRAL,55510
DO1002227317,NO150928,BCENTRAL/11 BOEST 20280915 GTIA,1260000,DOP,126,9.3251,102.961896,21/09/2026,02:02:10 PM,CONTADO,PRIMERA PARTE,ROTC,22/09/2026,CONFIRMADA,3355353,0,15/09/2023,15/09/2028,0,BANCO CENTRAL DE LA REPUBLICA DOMINICANA,BCENTRAL,60767
DO1002227317,NO150928,BCENTRAL/11 BOEST 20280915 GTIA,1260000,DOP,126,9.4169,102.789712,21/09/2026,02:02:09 PM,PRESTAMO,SEGUNDA PARTE,ROTC,22/10/2026,CONFIRMADA,3355354,0,15/09/2023,15/09/2028,0.916263,BANCO CENTRAL DE LA REPUBLICA DOMINICANA,BCENTRAL,61425
DO1002227317,NO150928,BCENTRAL/11 BOEST 20280915 GTIA,1260000,DOP,126,9.3251,102.961896,21/09/2026,02:02:09 PM,PRESTAMO,PRIMERA PARTE,ROTC,22/09/2026,CONFIRMADA,3355354,0,15/09/2023,15/09/2028,0.916263,BANCO CENTRAL DE LA REPUBLICA DOMINICANA,BCENTRAL,61516
DO1002227317,NO150928,BCENTRAL/11 BOEST 20280915 GTIA,1260000,DOP,126,9.4169,102.789712,21/09/2026,02:02:08 PM,PLAZO,PRIMERA PARTE,ROTC,22/10/2026,CONFIRMADA,3355355,0,15/09/2023,15/09/2028,0,BANCO CENTRAL DE LA REPUBLICA DOMINICANA,BCENTRAL,59878
DO1002227317,NO150928,BCENTRAL/11 BOEST 20280915 GTIA,680000,DOP,68,8.9138,103.703003,21/09/2026,02:02:06 PM,CONTADO,PRIMERA PARTE,ROTC,23/09/2026,CONFIRMADA,3355356,0,15/09/2023,15/09/2028,0,BANCO CENTRAL DE LA REPUBLICA DOMINICANA,BCENTRAL,60095
DO1002227317,NO150928,BCENTRAL/11 BOEST 20280915 GTIA,680000,DOP,68,8.9313,103.514694,21/09/2026,02:02:05 PM,PRESTAMO,SEGUNDA PARTE,ROTC,23/10/2026,CONFIRMADA,3355357,0,15/09/2023,15/09/2028,0.923275,BANCO CENTRAL DE LA REPUBLICA DOMINICANA,BCENTRAL,60739
DO1002227317,NO150928,BCENTRAL/11 BOEST 20280915 GTIA,680000,DOP,68,8.9138,103.703003,21/09/2026,02:02:05 PM,PRESTAMO,PRIMERA PARTE,ROTC,23/09/2026,CONFIRMADA,3355357,0,15/09/2023,15/09/2028,0.923275,BANCO CENTRAL DE LA REPUBLICA DOMINICANA,BCENTRAL,60781
DO1002227317,NO150928,BCENTRAL/11 BOEST 20280915 GTIA,680000,DOP,68,8.9313,103.514694,21/09/2026,02:02:04 PM,PLAZO,PRIMERA PARTE,ROTC,23/10/2026,CONFIRMADA,3355358,0,15/09/2023,15/09/2028,0,BANCO CENTRAL DE LA REPUBLICA DOMINICANA,BCENTRAL,59192
USP3579ECF27,BSRD2030,DOMINICAN REP/4.5 BD 20300130 UNS,41000,USD,41,5.519,96.910951,21/09/2026,02:02:02 PM,CONTADO,PRIMERA PARTE,ROTC,22/09/2026,CONFIRMADA,3355359,0,30/01/2020,30/01/2030,0,MINISTERIO DE HACIENDA,HACIENDA,60655
USP3579ECF27,BSRD2030,DOMINICAN REP/4.5 BD 20300130 UNS,41000,USD,41,5.6456,96.850585,21/09/2026,02:02:01 PM,PRESTAMO,SEGUNDA PARTE,ROTC,20/01/2027,CONFIRMADA,3355360,0,30/01/2020,30/01/2030,2.086003,MINISTERIO DE HACIENDA,HACIENDA,61635
USP3579ECF27,BSRD2030,DOMINICAN REP/4.5 BD 20300130 UNS,41000,USD,41,5.519,96.910951,21/09/2026,02:02:01 PM,PRESTAMO,PRIMERA PARTE,ROTC,22/09/2026,CONFIRMADA,3355360,0,30/01/2020,30/01/2030,2.086003,MINISTERIO DE HACIENDA,HACIENDA,61341
USP3579ECF27,BSRD2030,DOMINICAN REP/4.5 BD 20300130 UNS,41000,USD,41,5.6456,96.850585,21/09/2026,02:02:00 PM,PLAZO,PRIMERA PARTE,ROTC,20/01/2027,CONFIRMADA,3355361,0,30/01/2020,30/01/2030,0,MINISTERIO DE HACIENDA,HACIENDA,60088
DO1002227317,NO150928,BCENTRAL/11 BOEST 20280915 GTIA,1010000,DOP,101,9.4331,102.76302,21/09/2026,02:01:58 PM,CONTADO,PRIMERA PARTE,ROTC,23/09/2026,CONFIRMADA,3355362,0,15/09/2023,15/09/2028,0,BANCO CENTRAL DE LA REPUBLICA DOMINICANA,BCENTRAL,60270
DO1002227317,NO150928,BCENTRAL/11 BOEST 20280915 GTIA,1010000,DOP,101,9.6639,102.049708,21/09/2026,02:01:57 PM,PRESTAMO,SEGUNDA PARTE,ROTC,22/12/2026,CONFIRMADA,3355363,0,15/09/2023,15/09/2028,2.156185,BANCO CENTRAL DE LA REPUBLICA DOMINICANA,BCENTRAL,61341
DO1002227317,NO150928,BCENTRAL/11 BOEST 20280915 GTIA,1010000,DOP,101,9.4331,102.76302,21/09/2026,02:01:57 PM,PRESTAMO,PRIMERA PARTE,ROTC,23/09/2026,CONFIRMADA,3355363,0,15/09/2023,15/09/2028,2.156185,BANCO CENTRAL DE LA REPUBLICA DOMINICANA,BCENTRAL,60956
DO1002227317,NO150928,BCENTRAL/11 BOEST 20280915 GTIA,1010000,DOP,101,9.6639,102.049708,21/09/2026,02:01:56 PM,PLAZO,PRIMERA PARTE,ROTC,22/12/2026,CONFIRMADA,3355364,0,15/09/2023,15/09/2028,0,BANCO CENTRAL DE LA REPUBLICA DOMINICANA,BCENTRAL,59794
USP3579ECF27,BSRD2030,DOMINICAN REP/4.5 BD 20300130 UNS,42000,USD,42,6.1074,95.181881,21/09/2026,02:01:54 PM,CONTADO,PRIMERA PARTE,ROTC,22/09/2026,CONFIRMADA,3355365,0,30/01/2020,30/01/2030,0,MINISTERIO DE HACIENDA,HACIENDA,61040
USP3579ECF27,BSRD2030,DOMINICAN REP/4.5 BD 20300130 UNS,42000,USD,42,6.2258,95.061571,21/09/2026,02:01:53 PM,PRESTAMO,SEGUNDA PARTE,ROTC,20/11/2026,CONFIRMADA,3355366,0,30/01/2020,30/01/2030,1.301053,MINISTERIO DE HACIENDA,HACIENDA,61586
USP3579ECF27,BSRD2030,DOMINICAN REP/4.5 BD 20300130 UNS,42000,USD,42,6.1074,95.181881,21/09/2026,02:01:53 PM,PRESTAMO,PRIMERA PARTE,ROTC,22/09/2026,CONFIRMADA,3355366,0,30/01/2020,30/01/2030,1.301053,MINISTERIO DE HACIENDA,HACIENDA,61726
USP3579ECF27,BSRD2030,DOMINICAN REP/4.5 BD 20300130 UNS,42000,USD,42,6.2258,95.061571,21/09/2026,02:01:52 PM,PLAZO,PRIMERA PARTE,ROTC,20/11/2026,CONFIRMADA,3355367,0,30/01/2020,30/01/2030,0,MINISTERIO DE HACIENDA,HACIENDA,60039
DO1002227317,NO150928,BCENTRAL/11 BOEST 20280915 GTIA,220000,DOP,22,8.0808,105.241836,21/09/2026,02:01:50 PM,CONTADO,PRIMERA PARTE,ROTC,22/09/2026,CONFIRMADA,3355368,0,15/09/2023,15/09/2028,0,BANCO CENTRAL DE LA REPUBLICA DOMINICANA,BCENTRAL,59990
DO1002227317,NO150928,BCENTRAL/11 BOEST 20280915 GTIA,220000,DOP,22,7.686,104.792159,21/09/2026,02:01:49 PM,PRESTAMO,SEGUNDA PARTE,ROTC,19/02/2027,CONFIRMADA,3355369,0,15/09/2023,15/09/2028,3.943891,BANCO CENTRAL DE LA REPUBLICA DOMINICANA,BCENTRAL,60417
DO1002227317,NO150928,BCENTRAL/11 BOEST 20280915 GTIA,220000,DOP,22,8.0808,105.241836,21/09/2026,02:01:49 PM,PRESTAMO,PRIMERA PARTE,ROTC,22/09/2026,CONFIRMADA,3355369,0,15/09/2023,15/09/2028,3.943891,BANCO CENTRAL DE LA REPUBLICA DOMINICANA,BCENTRAL,60739
USP3579ECG00,BSRD2060,DOMINICAN REP/5.875 BD 20600130 U,4803000,USD,4803,7.090572,84.525317,21/09/2026,02:01:49 PM,ESTRUCTURADA,SEGUNDA PARTE,ROTC,29/09/2026,CONFIRMADA,3355437,0,30/01/2020,30/01/2060,6,MINISTERIO DE HACIENDA,HACIENDA,65674
USP3579ECG00,BSRD2060,DOMINICAN REP/5.875 BD 20600130 U,4803000,USD,4803,7.08890917,84.54204,21/09/2026,02:01:49 PM,ESTRUCTURADA,PRIMERA PARTE,ROTC,21/09/2026,CONFIRMADA,3355437,0,30/01/2020,30/01/2060,6,MINISTERIO DE HACIENDA,HACIENDA,66094
DO1002227317,NO150928,BCENTRAL/11 BOEST 20280915 GTIA,220000,DOP,22,7.686,104.792159,21/09/2026,02:01:48 PM,PLAZO,PRIMERA PARTE,ROTC,19/02/2027,CONFIRMADA,3355370,0,15/09/2023,15/09/2028,0,BANCO CENTRAL DE LA REPUBLICA DOMINICANA,BCENTRAL,58870
DO1002228612,NO031227,BCENTRAL/8 BOEST 20271203 GTIA,50000,DOP,5,3,97.68226,21/09/2026,02:01:46 PM,PRESTAMO,SEGUNDA PARTE,ROTC,26/04/2027,CONFIRMADA,3355371,0,03/12/2024,03/12/2027,3.263535,BANCO CENTRAL DE LA REPUBLICA DOMINICANA,BCENTRAL,57141
DO1002228612,NO031227,BCENTRAL/8 BOEST 20271203 GTIA,50000,DOP,5,0,97.55592,21/09/2026,02:01:46 PM,PRESTAMO,PRIMERA PARTE,ROTC,12/03/2027,CONFIRMADA,3355371,0,03/12/2024,03/12/2027,3.263535,BANCO CENTRAL DE LA REPUBLICA DOMINICANA,BCENTRAL,57155
DO1002228612,NO031227,BCENTRAL/8 BOEST 20271203 GTIA,50000,DOP,5,3,97.68226,21/09/2026,02:01:45 PM,PLAZO,PRIMERA PARTE,ROTC,26/04/2027,CONFIRMADA,3355372,0,03/12/2024,03/12/2027,0,BANCO CENTRAL DE LA REPUBLICA DOMINICANA,BCENTRAL,55594
DO1002227317,NO150928,BCENTRAL/11 BOEST 20280915 GTIA,390000,DOP,39,0,102.011415,21/09/2026,02:01:44 PM,PLAZO,PRIMERA PARTE,ROTC,02/12/2026,CONFIRMADA,3355373,0,15/09/2023,15/09/2028,0,BANCO CENTRAL DE LA REPUBLICA DOMINICANA,BCENTRAL,57218
DO1002227317,NO150928,BCENTRAL/11 BOEST 20280915 GTIA,390000,DOP,39,3,101.913128,21/09/2026,02:01:42 PM,PRESTAMO,SEGUNDA PARTE,ROTC,21/12/2026,CONFIRMADA,3355374,0,15/09/2023,15/09/2028,2.717155,BANCO CENTRAL DE LA REPUBLICA DOMINICANA,BCENTRAL,58849
DO1002227317,NO150928,BCENTRAL/11 BOEST 20280915 GTIA,390000,DOP,39,0,102.011415,21/09/2026,02:01:42 PM,PRESTAMO,PRIMERA PARTE,ROTC,02/12/2026,CONFIRMADA,3355374,0,15/09/2023,15/09/2028,2.717155,BANCO CENTRAL DE LA REPUBLICA DOMINICANA,BCENTRAL,58807
DO1002227317,NO150928,BCENTRAL/11 BOEST 20280915 GTIA,390000,DOP,39,3,101.913128,21/09/2026,02:01:41 PM,PLAZO,PRIMERA PARTE,ROTC,21/12/2026,CONFIRMADA,3355375,0,15/09/2023,15/09/2028,0,BANCO CENTRAL DE LA REPUBLICA DOMINICANA,BCENTRAL,57302
DO1002227317,NO150928,BCENTRAL/11 BOEST 20280915 GTIA,1250000,DOP,125,0,102.87569,21/09/2026,02:01:40 PM,PLAZO,PRIMERA PARTE,ROTC,22/10/2026,CONFIRMADA,3355376,0,15/09/2023,15/09/2028,0,BANCO CENTRAL DE LA REPUBLICA DOMINICANA,BCENTRAL,57631
DO1005206516,MH32028,HACIENDA/10.75 BOEST 20280811 GTIA,14400000,DOP,144,6.96814,106.309787,21/09/2026,02:01:39 PM,PRESTAMO,SEGUNDA PARTE,ROTC,19/10/2026,CONFIRMADA,3355335,0,10/08/2018,11/08/2028,10.75,MINISTERIO DE HACIENDA,HACIENDA,62587
DO1005206516,MH32028,HACIENDA/10.75 BOEST 20280811 GTIA,14400000,DOP,144,7.05888,106.401903,21/09/2026,02:01:39 PM,PRESTAMO,PRIMERA PARTE,ROTC,21/09/2026,CONFIRMADA,3355335,0,10/08/2018,11/08/2028,10.75,MINISTERIO DE HACIENDA,HACIENDA,62552
DO1002227317,NO150928,BCENTRAL/11 BOEST 20280915 GTIA,1250000,DOP,125,3,102.714964,21/09/2026,02:01:39 PM,PRESTAMO,SEGUNDA PARTE,ROTC,20/11/2026,CONFIRMADA,3355377,0,15/09/2023,15/09/2028,1.76164,BANCO CENTRAL DE LA REPUBLICA DOMINICANA,BCENTRAL,59549
DO1002227317,NO150928,BCENTRAL/11 BOEST 20280915 GTIA,1250000,DOP,125,0,102.87569,21/09/2026,02:01:39 PM,PRESTAMO,PRIMERA PARTE,ROTC,22/10/2026,CONFIRMADA,3355377,0,15/09/2023,15/09/2028,1.76164,BANCO CENTRAL DE LA REPUBLICA DOMINICANA,BCENTRAL,59290
DO1002227317,NO150928,BCENTRAL/11 BOEST 20280915 GTIA,1250000,DOP,125,3,102.714964,21/09/2026,02:01:37 PM,PLAZO,PRIMERA PARTE,ROTC,20/11/2026,CONFIRMADA,3355378,0,15/09/2023,15/09/2028,0,BANCO CENTRAL DE LA REPUBLICA DOMINICANA,BCENTRAL,57995
DO1002227317,NO150928,BCENTRAL/11 BOEST 20280915 GTIA,1240000,DOP,124,0,102.833185,21/09/2026,02:01:36 PM,PLAZO,PRIMERA PARTE,ROTC,20/11/2026,CONFIRMADA,3355379,0,15/09/2023,15/09/2028,0,BANCO CENTRAL DE LA REPUBLICA DOMINICANA,BCENTRAL,57932
DO1002227317,NO150928,BCENTRAL/11 BOEST 20280915 GTIA,1240000,DOP,124,3,102.667585,21/09/2026,02:01:35 PM,PRESTAMO,SEGUNDA PARTE,ROTC,21/12/2026,CONFIRMADA,3355380,0,15/09/2023,15/09/2028,2.634011,BANCO CENTRAL DE LA REPUBLICA DOMINICANA,BCENTRAL,59563
DO1002227317,NO150928,BCENTRAL/11 BOEST 20280915 GTIA,1240000,DOP,124,0,102.833185,21/09/2026,02:01:35 PM,PRESTAMO,PRIMERA PARTE,ROTC,20/11/2026,CONFIRMADA,3355380,0,15/09/2023,15/09/2028,2.634011,BANCO CENTRAL DE LA REPUBLICA DOMINICANA,BCENTRAL,59528
DO1002227317,NO150928,BCENTRAL/11 BOEST 20280915 GTIA,1240000,DOP,124,3,102.667585,21/09/2026,02:01:34 PM,PLAZO,PRIMERA PARTE,ROTC,21/12/2026,CONFIRMADA,3355381,0,15/09/2023,15/09/2028,0,BANCO CENTRAL DE LA REPUBLICA DOMINICANA,BCENTRAL,58016
DO1002227317,NO150928,BCENTRAL/11 BOEST 20280915 GTIA,50000,DOP,5,13.8375,95.21946,21/09/2026,02:01:33 PM,CONTADO,PRIMERA PARTE,ROTC,22/09/2026,CONFIRMADA,3355382,0,15/09/2023,15/09/2028,0,BANCO CENTRAL DE LA REPUBLICA DOMINICANA,BCENTRAL,59066
DO1002227317,NO150928,BCENTRAL/11 BOEST 20280915 GTIA,50000,DOP,5,11.3544,94.2617,21/09/2026,02:01:31 PM,PRESTAMO,SEGUNDA PARTE,ROTC,12/03/2027,CONFIRMADA,3355383,0,15/09/2023,15/09/2028,4.465793,BANCO CENTRAL DE LA REPUBLICA DOMINICANA,BCENTRAL,59192
DO1002227317,NO150928,BCENTRAL/11 BOEST 20280915 GTIA,50000,DOP,5,13.8375,95.21946,21/09/2026,02:01:31 PM,PRESTAMO,PRIMERA PARTE,ROTC,22/09/2026,CONFIRMADA,3355383,0,15/09/2023,15/09/2028,4.465793,BANCO CENTRAL DE LA REPUBLICA DOMINICANA,BCENTRAL,59745
DO1002227317,NO150928,BCENTRAL/11 BOEST 20280915 GTIA,50000,DOP,5,11.3544,94.2617,21/09/2026,02:01:30 PM,PLAZO,PRIMERA PARTE,ROTC,12/03/2027,CONFIRMADA,3355384,0,15/09/2023,15/09/2028,0,BANCO CENTRAL DE LA REPUBLICA DOMINICANA,BCENTRAL,57645
DO1002223928,NO120227,BCENTRAL/8 BOEST 20270212 GTIA,100000,DOP,10,10.3522,99.1087,21/09/2026,02:01:29 PM,CONTADO,PRIMERA PARTE,ROTC,22/09/2026,CONFIRMADA,3355385,0,12/02/2022,12/02/2027,0,BANCO CENTRAL DE LA REPUBLICA DOMINICANA,BCENTRAL,58849
DO1002223928,NO120227,BCENTRAL/8 BOEST 20270212 GTIA,100000,DOP,10,12.4074,99.36467,21/09/2026,02:01:27 PM,PRESTAMO,SEGUNDA PARTE,ROTC,21/12/2026,CONFIRMADA,3355386,0,12/02/2022,12/02/2027,3.036615,BANCO CENTRAL DE LA REPUBLICA DOMINICANA,BCENTRAL,59857
DO1002223928,NO120227,BCENTRAL/8 BOEST 20270212 GTIA,100000,DOP,10,10.3522,99.1087,21/09/2026,02:01:27 PM,PRESTAMO,PRIMERA PARTE,ROTC,22/09/2026,CONFIRMADA,3355386,0,12/02/2022,12/02/2027,3.036615,BANCO CENTRAL DE LA REPUBLICA DOMINICANA,BCENTRAL,59528
DO1002223928,NO120227,BCENTRAL/8 BOEST 20270212 GTIA,100000,DOP,10,12.4074,99.36467,21/09/2026,02:01:26 PM,PLAZO,PRIMERA PARTE,ROTC,21/12/2026,CONFIRMADA,3355387,0,12/02/2022,12/02/2027,0,BANCO CENTRAL DE LA REPUBLICA DOMINICANA,BCENTRAL,58310
USP3579ECP09,BSRD2029, ,49000,USD,49,5.6963,99.541673,21/09/2026,02:01:25 PM,CONTADO,PRIMERA PARTE,ROTC,22/09/2026,CONFIRMADA,3355388,0,22/02/2022,22/02/2029,0,MINISTERIO DE HACIENDA,HACIENDA,47656
USP3579ECP09,BSRD2029, ,49000,USD,49,5.8846,99.206939,21/09/2026,02:01:24 PM,PRESTAMO,SEGUNDA PARTE,ROTC,21/12/2026,CONFIRMADA,3355389,0,22/02/2022,22/02/2029,1.468277,MINISTERIO DE HACIENDA,HACIENDA,48265
USP3579ECP09,BSRD2029, ,49000,USD,49,5.6963,99.541673,21/09/2026,02:01:24 PM,PRESTAMO,PRIMERA PARTE,ROTC,22/09/2026,CONFIRMADA,3355389,0,22/02/2022,22/02/2029,1.468277,MINISTERIO DE HACIENDA,HACIENDA,48342
USP3579ECP09,BSRD2029, ,49000,USD,49,5.8846,99.206939,21/09/2026,02:01:22 PM,PLAZO,PRIMERA PARTE,ROTC,21/12/2026,CONFIRMADA,3355390,0,22/02/2022,22/02/2029,0,MINISTERIO DE HACIENDA,HACIENDA,46711
DO1002228612,NO031227,BCENTRAL/8 BOEST 20271203 GTIA,390000,DOP,39,7.8606,100.137872,21/09/2026,02:01:21 PM,CONTADO,PRIMERA PARTE,ROTC,22/09/2026,CONFIRMADA,3355391,0,03/12/2024,03/12/2027,0,BANCO CENTRAL DE LA REPUBLICA DOMINICANA,BCENTRAL,59661
DO1002228612,NO031227,BCENTRAL/8 BOEST 20271203 GTIA,390000,DOP,39,3.2191,100.376133,21/09/2026,02:01:20 PM,PRESTAMO,SEGUNDA PARTE,ROTC,02/12/2026,CONFIRMADA,3355392,0,03/12/2024,03/12/2027,4.040469,BANCO CENTRAL DE LA REPUBLICA DOMINICANA,BCENTRAL,60116
DO1002228612,NO031227,BCENTRAL/8 BOEST 20271203 GTIA,390000,DOP,39,7.8606,100.137872,21/09/2026,02:01:20 PM,PRESTAMO,PRIMERA PARTE,ROTC,22/09/2026,CONFIRMADA,3355392,0,03/12/2024,03/12/2027,4.040469,BANCO CENTRAL DE LA REPUBLICA DOMINICANA,BCENTRAL,60347
DO1002228612,NO031227,BCENTRAL/8 BOEST 20271203 GTIA,390000,DOP,39,3.2191,100.376133,21/09/2026,02:01:19 PM,PLAZO,PRIMERA PARTE,ROTC,02/12/2026,CONFIRMADA,3355393,0,03/12/2024,03/12/2027,0,BANCO CENTRAL DE LA REPUBLICA DOMINICANA,BCENTRAL,58632
DO1002228612,NO031227,BCENTRAL/8 BOEST 20271203 GTIA,100000,DOP,10,0,102.32956,21/09/2026,02:01:17 PM,PLAZO,PRIMERA PARTE,ROTC,12/03/2027,CONFIRMADA,3355394,0,03/12/2024,03/12/2027,0,BANCO CENTRAL DE LA REPUBLICA DOMINICANA,BCENTRAL,56392
DO1002228612,NO031227,BCENTRAL/8 BOEST 20271203 GTIA,100000,DOP,10,3,102.3695,21/09/2026,02:01:16 PM,PRESTAMO,SEGUNDA PARTE,ROTC,22/03/2027,CONFIRMADA,3355395,0,03/12/2024,03/12/2027,2.324763,BANCO CENTRAL DE LA REPUBLICA DOMINICANA,BCENTRAL,57603
DO1002228612,NO031227,BCENTRAL/8 BOEST 20271203 GTIA,100000,DOP,10,0,102.32956,21/09/2026,02:01:16 PM,PRESTAMO,PRIMERA PARTE,ROTC,12/03/2027,CONFIRMADA,3355395,0,03/12/2024,03/12/2027,2.324763,BANCO CENTRAL DE LA REPUBLICA DOMINICANA,BCENTRAL,57988
DO1002228612,NO031227,BCENTRAL/8 BOEST 20271203 GTIA,100000,DOP,10,3,102.3695,21/09/2026,02:01:15 PM,PLAZO,PRIMERA PARTE,ROTC,22/03/2027,CONFIRMADA,3355396,0,03/12/2024,03/12/2027,0,BANCO CENTRAL DE LA REPUBLICA DOMINICANA,BCENTRAL,56056
DO1002223928,NO120227,BCENTRAL/8 BOEST 20270212 GTIA,14810000,DOP,1481,6.93,100.391613,21/09/2026,02:01:14 PM,CONTADO,PRIMERA PARTE,ROTC,22/09/2026,CONFIRMADA,3355397,0,12/02/2022,12/02/2027,0,BANCO CENTRAL DE LA REPUBLICA DOMINICANA,BCENTRAL,60298
DO1002223928,NO120227,BCENTRAL/8 BOEST 20270212 GTIA,14810000,DOP,1481,6.4654,100.444199,21/09/2026,02:01:12 PM,PRESTAMO,SEGUNDA PARTE,ROTC,22/10/2026,CONFIRMADA,3355398,0,12/02/2022,12/02/2027,1.564958,BANCO CENTRAL DE LA REPUBLICA DOMINICANA,BCENTRAL,61635
DO1002223928,NO120227,BCENTRAL/8 BOEST 20270212 GTIA,14810000,DOP,1481,6.93,100.391613,21/09/2026,02:01:12 PM,PRESTAMO,PRIMERA PARTE,ROTC,22/09/2026,CONFIRMADA,3355398,0,12/02/2022,12/02/2027,1.564958,BANCO CENTRAL DE LA REPUBLICA DOMINICANA,BCENTRAL,60977
DO1002223928,NO120227,BCENTRAL/8 BOEST 20270212 GTIA,14810000,DOP,1481,6.4654,100.444199,21/09/2026,02:01:11 PM,PLAZO,PRIMERA PARTE,ROTC,22/10/2026,CONFIRMADA,3355399,0,12/02/2022,12/02/2027,0,BANCO CENTRAL DE LA REPUBLICA DOMINICANA,BCENTRAL,60088
DO1002227317,NO150928,BCENTRAL/11 BOEST 20280915 GTIA,100000,DOP,10,7.7292,99.03241,21/09/2026,02:01:10 PM,PLAZO,PRIMERA PARTE,ROTC,12/03/2027,CONFIRMADA,3355400,0,15/09/2023,15/09/2028,0,BANCO CENTRAL DE LA REPUBLICA DOMINICANA,BCENTRAL,58303
USP3579ECF27,BSRD2030,DOMINICAN REP/4.5 BD 20300130 UNS,105000,USD,105,5.88196166,95.84,21/09/2026,02:01:09 PM,CONTADO,PRIMERA PARTE,ROTC,22/09/2026,CONFIRMADA,3355401,0,30/01/2020,30/01/2030,0,MINISTERIO DE HACIENDA,HACIENDA,61831
DO1002227317,NO150928,BCENTRAL/11 BOEST 20280915 GTIA,100000,DOP,10,11.1194,99.78729,21/09/2026,02:01:07 PM,CONTADO,PRIMERA PARTE,ROTC,22/09/2026,CONFIRMADA,3355402,0,15/09/2023,15/09/2028,0,BANCO CENTRAL DE LA REPUBLICA DOMINICANA,BCENTRAL,59724
DO1002227317,NO150928,BCENTRAL/11 BOEST 20280915 GTIA,100000,DOP,10,7.7292,99.03241,21/09/2026,02:01:06 PM,PRESTAMO,SEGUNDA PARTE,ROTC,12/03/2027,CONFIRMADA,3355403,0,15/09/2023,15/09/2028,4.456055,BANCO CENTRAL DE LA REPUBLICA DOMINICANA,BCENTRAL,59878
DO1002227317,NO150928,BCENTRAL/11 BOEST 20280915 GTIA,100000,DOP,10,11.1194,99.78729,21/09/2026,02:01:06 PM,PRESTAMO,PRIMERA PARTE,ROTC,22/09/2026,CONFIRMADA,3355403,0,15/09/2023,15/09/2028,4.456055,BANCO CENTRAL DE LA REPUBLICA DOMINICANA,BCENTRAL,60410
DO1005206516,MH32028,HACIENDA/10.75 BOEST 20280811 GTIA,14400000,DOP,144,6.96814,106.309787,21/09/2026,01:59:22 PM,ESTRUCTURADA,SEGUNDA PARTE,ROTC,19/10/2026,CONFIRMADA,3355334,0,10/08/2018,11/08/2028,10.75,MINISTERIO DE HACIENDA,HACIENDA,64715
DO1005206516,MH32028,HACIENDA/10.75 BOEST 20280811 GTIA,14400000,DOP,144,7.05888,106.401903,21/09/2026,01:59:22 PM,ESTRUCTURADA,PRIMERA PARTE,ROTC,21/09/2026,CONFIRMADA,3355334,0,10/08/2018,11/08/2028,10.75,MINISTERIO DE HACIENDA,HACIENDA,64680
DO1002261522,NO180130,BCENTRAL/9.5 BOEST 20300118 GTIA,290000,DOP,29,8.8673,101.721214,21/09/2026,01:54:15 PM,ESTRUCTURADA,SEGUNDA PARTE,ROTC,23/10/2026,CONFIRMADA,3355404,0,18/01/2026,18/01/2030,8.45,BANCO CENTRAL DE LA REPUBLICA DOMINICANA,BCENTRAL,63014
DO1002261522,NO180130,BCENTRAL/9.5 BOEST 20300118 GTIA,290000,DOP,29,8.8651,101.770287,21/09/2026,01:54:15 PM,ESTRUCTURADA,PRIMERA PARTE,ROTC,21/09/2026,CONFIRMADA,3355404,0,18/01/2026,18/01/2030,8.45,BANCO CENTRAL DE LA REPUBLICA DOMINICANA,BCENTRAL,63189
DO1002261522,NO180130,BCENTRAL/9.5 BOEST 20300118 GTIA,290000,DOP,29,0,0,21/09/2026,01:54:14 PM,PRESTAMO,SEGUNDA PARTE,ROTC,17/01/2030,CONFIRMADA,3355405,0,18/01/2026,18/01/2030,0,BANCO CENTRAL DE LA REPUBLICA DOMINICANA,BCENTRAL,55860
DO1002261522,NO180130,BCENTRAL/9.5 BOEST 20300118 GTIA,290000,DOP,29,8.8651,101.770287,21/09/2026,01:54:14 PM,PRESTAMO,PRIMERA PARTE,ROTC,21/09/2026,CONFIRMADA,3355405,0,18/01/2026,18/01/2030,0,BANCO CENTRAL DE LA REPUBLICA DOMINICANA,BCENTRAL,61082
USP3579ECH82,BSRD2032,"DOMINICAN, REP /4.875 BD 20320923",105000,USD,105,6.3949,92.84881,21/09/2026,01:54:13 PM,ESTRUCTURADA,SEGUNDA PARTE,ROTC,19/01/2027,CONFIRMADA,3355406,0,23/09/2020,23/09/2032,5.1,MINISTERIO DE HACIENDA,HACIENDA,63679
USP3579ECH82,BSRD2032,"DOMINICAN, REP /4.875 BD 20320923",105000,USD,105,6.3291,92.827679,21/09/2026,01:54:13 PM,ESTRUCTURADA,PRIMERA PARTE,ROTC,21/09/2026,CONFIRMADA,3355406,0,23/09/2020,23/09/2032,5.1,MINISTERIO DE HACIENDA,HACIENDA,64078
USP3579ECH82,BSRD2032,"DOMINICAN, REP /4.875 BD 20320923",105000,USD,105,0,0,21/09/2026,01:54:11 PM,PRESTAMO,SEGUNDA PARTE,ROTC,22/09/2032,CONFIRMADA,3355408,0,23/09/2020,23/09/2032,0,MINISTERIO DE HACIENDA,HACIENDA,57050
USP3579ECH82,BSRD2032,"DOMINICAN, REP /4.875 BD 20320923",105000,USD,105,6.3291,92.827679,21/09/2026,01:54:11 PM,PRESTAMO,PRIMERA PARTE,ROTC,21/09/2026,CONFIRMADA,3355408,0,23/09/2020,23/09/2032,0,MINISTERIO DE HACIENDA,HACIENDA,61964
DO1002262124,LE110627,BCENTRAL/ LT 20270611 GTIA,570000,DOP,57,7.8906,95.240458,21/09/2026,01:54:10 PM,ESTRUCTURADA,SEGUNDA PARTE,ROTC,26/10/2026,CONFIRMADA,3355409,0,03/09/2026,11/06/2027,8.45,BANCO CENTRAL DE LA REPUBLICA DOMINICANA,BCENTRAL,60116
DO1002262124,LE110627,BCENTRAL/ LT 20270611 GTIA,570000,DOP,57,8.0213,94.464405,21/09/2026,01:54:10 PM,ESTRUCTURADA,PRIMERA PARTE,ROTC,21/09/2026,CONFIRMADA,3355409,0,03/09/2026,11/06/2027,8.45,BANCO CENTRAL DE LA REPUBLICA DOMINICANA,BCENTRAL,60081
DO1002262124,LE110627,BCENTRAL/ LT 20270611 GTIA,570000,DOP,57,0,0,21/09/2026,01:54:09 PM,PRESTAMO,SEGUNDA PARTE,ROTC,10/06/2027,CONFIRMADA,3355410,0,03/09/2026,11/06/2027,0,BANCO CENTRAL DE LA REPUBLICA DOMINICANA,BCENTRAL,53256
DO1002262124,LE110627,BCENTRAL/ LT 20270611 GTIA,570000,DOP,57,8.0213,94.464405,21/09/2026,01:54:09 PM,PRESTAMO,PRIMERA PARTE,ROTC,21/09/2026,CONFIRMADA,3355410,0,03/09/2026,11/06/2027,0,BANCO CENTRAL DE LA REPUBLICA DOMINICANA,BCENTRAL,58037
DO1002262223,LE030927,BCENTRAL/ LT 20270903 GTIA,110000,DOP,11,10.5282,93.034718,21/09/2026,01:54:08 PM,ESTRUCTURADA,SEGUNDA PARTE,ROTC,21/12/2026,CONFIRMADA,3355411,0,03/09/2026,03/09/2027,9.25,BANCO CENTRAL DE LA REPUBLICA DOMINICANA,BCENTRAL,60298
DO1002262223,LE030927,BCENTRAL/ LT 20270903 GTIA,110000,DOP,11,10.3746,90.909091,21/09/2026,01:54:08 PM,ESTRUCTURADA,PRIMERA PARTE,ROTC,21/09/2026,CONFIRMADA,3355411,0,03/09/2026,03/09/2027,9.25,BANCO CENTRAL DE LA REPUBLICA DOMINICANA,BCENTRAL,60438
DO1002262223,LE030927,BCENTRAL/ LT 20270903 GTIA,110000,DOP,11,0,0,21/09/2026,01:54:07 PM,PRESTAMO,SEGUNDA PARTE,ROTC,02/09/2027,CONFIRMADA,3355412,0,03/09/2026,03/09/2027,0,BANCO CENTRAL DE LA REPUBLICA DOMINICANA,BCENTRAL,53186
DO1002262223,LE030927,BCENTRAL/ LT 20270903 GTIA,110000,DOP,11,10.3746,90.909091,21/09/2026,01:54:07 PM,PRESTAMO,PRIMERA PARTE,ROTC,21/09/2026,CONFIRMADA,3355412,0,03/09/2026,03/09/2027,0,BANCO CENTRAL DE LA REPUBLICA DOMINICANA,BCENTRAL,58331
DO1002262223,LE030927,BCENTRAL/ LT 20270903 GTIA,220000,DOP,22,8.4735,93.672195,21/09/2026,01:54:05 PM,ESTRUCTURADA,SEGUNDA PARTE,ROTC,20/11/2026,CONFIRMADA,3355413,0,03/09/2026,03/09/2027,9.1,BANCO CENTRAL DE LA REPUBLICA DOMINICANA,BCENTRAL,60067
DO1002262223,LE030927,BCENTRAL/ LT 20270903 GTIA,220000,DOP,22,8.6881,92.272727,21/09/2026,01:54:05 PM,ESTRUCTURADA,PRIMERA PARTE,ROTC,21/09/2026,CONFIRMADA,3355413,0,03/09/2026,03/09/2027,9.1,BANCO CENTRAL DE LA REPUBLICA DOMINICANA,BCENTRAL,60186
DO1002262223,LE030927,BCENTRAL/ LT 20270903 GTIA,220000,DOP,22,0,0,21/09/2026,01:54:04 PM,PRESTAMO,SEGUNDA PARTE,ROTC,02/09/2027,CONFIRMADA,3355414,0,03/09/2026,03/09/2027,0,BANCO CENTRAL DE LA REPUBLICA DOMINICANA,BCENTRAL,53193
DO1002262223,LE030927,BCENTRAL/ LT 20270903 GTIA,220000,DOP,22,8.6881,92.272727,21/09/2026,01:54:04 PM,PRESTAMO,PRIMERA PARTE,ROTC,21/09/2026,CONFIRMADA,3355414,0,03/09/2026,03/09/2027,0,BANCO CENTRAL DE LA REPUBLICA DOMINICANA,BCENTRAL,58079
DO1002262124,LE110627,BCENTRAL/ LT 20270611 GTIA,280000,DOP,28,8.8394,94.303832,21/09/2026,01:54:03 PM,ESTRUCTURADA,SEGUNDA PARTE,ROTC,08/10/2026,CONFIRMADA,3355415,0,03/09/2026,11/06/2027,7.95,BANCO CENTRAL DE LA REPUBLICA DOMINICANA,BCENTRAL,60081
DO1002262124,LE110627,BCENTRAL/ LT 20270611 GTIA,280000,DOP,28,8.8129,93.951125,21/09/2026,01:54:03 PM,ESTRUCTURADA,PRIMERA PARTE,ROTC,21/09/2026,CONFIRMADA,3355415,0,03/09/2026,11/06/2027,7.95,BANCO CENTRAL DE LA REPUBLICA DOMINICANA,BCENTRAL,60158
DO1002262124,LE110627,BCENTRAL/ LT 20270611 GTIA,280000,DOP,28,0,0,21/09/2026,01:54:02 PM,PRESTAMO,SEGUNDA PARTE,ROTC,10/06/2027,CONFIRMADA,3355416,0,03/09/2026,11/06/2027,0,BANCO CENTRAL DE LA REPUBLICA DOMINICANA,BCENTRAL,53179
DO1002262124,LE110627,BCENTRAL/ LT 20270611 GTIA,280000,DOP,28,8.8129,93.951125,21/09/2026,01:54:02 PM,PRESTAMO,PRIMERA PARTE,ROTC,21/09/2026,CONFIRMADA,3355416,0,03/09/2026,11/06/2027,0,BANCO CENTRAL DE LA REPUBLICA DOMINICANA,BCENTRAL,58051
DO1002262223,LE030927,BCENTRAL/ LT 20270903 GTIA,90000,DOP,9,6.5295,96.095822,21/09/2026,01:54:01 PM,ESTRUCTURADA,SEGUNDA PARTE,ROTC,22/01/2027,CONFIRMADA,3355417,0,03/09/2026,03/09/2027,9.2,BANCO CENTRAL DE LA REPUBLICA DOMINICANA,BCENTRAL,59444
DO1002262223,LE030927,BCENTRAL/ LT 20270903 GTIA,90000,DOP,9,7.6086,93.167256,21/09/2026,01:54:01 PM,ESTRUCTURADA,PRIMERA PARTE,ROTC,21/09/2026,CONFIRMADA,3355417,0,03/09/2026,03/09/2027,9.2,BANCO CENTRAL DE LA REPUBLICA DOMINICANA,BCENTRAL,59535
DO1002262223,LE030927,BCENTRAL/ LT 20270903 GTIA,90000,DOP,9,0,0,21/09/2026,01:54:00 PM,PRESTAMO,SEGUNDA PARTE,ROTC,02/09/2027,CONFIRMADA,3355418,0,03/09/2026,03/09/2027,0,BANCO CENTRAL DE LA REPUBLICA DOMINICANA,BCENTRAL,52563
DO1002262223,LE030927,BCENTRAL/ LT 20270903 GTIA,90000,DOP,9,7.6086,93.167256,21/09/2026,01:54:00 PM,PRESTAMO,PRIMERA PARTE,ROTC,21/09/2026,CONFIRMADA,3355418,0,03/09/2026,03/09/2027,0,BANCO CENTRAL DE LA REPUBLICA DOMINICANA,BCENTRAL,57428
USP3579ECH82,BSRD2032,"DOMINICAN, REP /4.875 BD 20320923",81000,USD,81,6.4521,92.592049,21/09/2026,01:53:58 PM,ESTRUCTURADA,SEGUNDA PARTE,ROTC,19/01/2027,CONFIRMADA,3355419,0,23/09/2020,23/09/2032,5.1,MINISTERIO DE HACIENDA,HACIENDA,63350
USP3579ECH82,BSRD2032,"DOMINICAN, REP /4.875 BD 20320923",81000,USD,81,6.3827,92.575201,21/09/2026,01:53:58 PM,ESTRUCTURADA,PRIMERA PARTE,ROTC,21/09/2026,CONFIRMADA,3355419,0,23/09/2020,23/09/2032,5.1,MINISTERIO DE HACIENDA,HACIENDA,63406
USP3579ECH82,BSRD2032,"DOMINICAN, REP /4.875 BD 20320923",81000,USD,81,0,0,21/09/2026,01:53:57 PM,PRESTAMO,SEGUNDA PARTE,ROTC,22/09/2032,CONFIRMADA,3355420,0,23/09/2020,23/09/2032,0,MINISTERIO DE HACIENDA,HACIENDA,56483
USP3579ECH82,BSRD2032,"DOMINICAN, REP /4.875 BD 20320923",81000,USD,81,6.3827,92.575201,21/09/2026,01:53:57 PM,PRESTAMO,PRIMERA PARTE,ROTC,21/09/2026,CONFIRMADA,3355420,0,23/09/2020,23/09/2032,0,MINISTERIO DE HACIENDA,HACIENDA,61299
USP3579ECN50,BSRD2033, ,28000,USD,28,6.08,99.573949,21/09/2026,01:49:24 PM,CONTADO,PRIMERA PARTE,ROTC,21/09/2026,CONFIRMADA,3355338,0,22/02/2022,22/02/2033,0,MINISTERIO DE HACIENDA,HACIENDA,46900
DO1005206516,MH32028,HACIENDA/10.75 BOEST 20280811 GTIA,1000000,DOP,10,8.03208,103.498307,21/09/2026,01:49:13 PM,PRESTAMO,SEGUNDA PARTE,ROTC,22/03/2027,CONFIRMADA,3355337,0,10/08/2018,11/08/2028,10.75,MINISTERIO DE HACIENDA,HACIENDA,61670
DO1005206516,MH32028,HACIENDA/10.75 BOEST 20280811 GTIA,1000000,DOP,10,11.48173,98.763014,21/09/2026,01:49:13 PM,PRESTAMO,PRIMERA PARTE,ROTC,21/09/2026,CONFIRMADA,3355337,0,10/08/2018,11/08/2028,10.75,MINISTERIO DE HACIENDA,HACIENDA,61810
DO1005213025,MH22031,HACIENDA/10.25 BOEST 20310209 GTIA,900000,DOP,9,7.5087,109.917592,21/09/2026,01:48:50 PM,ESTRUCTURADA,SEGUNDA PARTE,ROTC,21/10/2026,CONFIRMADA,3355312,0,09/02/2024,09/02/2031,9.25,MINISTERIO DE HACIENDA,HACIENDA,62776
DO1005213025,MH22031,HACIENDA/10.25 BOEST 20310209 GTIA,900000,DOP,9,7.5563,109.903577,21/09/2026,01:48:50 PM,ESTRUCTURADA,PRIMERA PARTE,ROTC,21/09/2026,CONFIRMADA,3355312,0,09/02/2024,09/02/2031,9.25,MINISTERIO DE HACIENDA,HACIENDA,62874
DO1005213025,MH22031,HACIENDA/10.25 BOEST 20310209 GTIA,900000,DOP,9,7.5087,109.917592,21/09/2026,01:48:49 PM,PRESTAMO,SEGUNDA PARTE,ROTC,21/10/2026,CONFIRMADA,3355313,0,09/02/2024,09/02/2031,1.843404,MINISTERIO DE HACIENDA,HACIENDA,60732
DO1005213025,MH22031,HACIENDA/10.25 BOEST 20310209 GTIA,900000,DOP,9,7.5563,109.903577,21/09/2026,01:48:49 PM,PRESTAMO,PRIMERA PARTE,ROTC,21/09/2026,CONFIRMADA,3355313,0,09/02/2024,09/02/2031,1.843404,MINISTERIO DE HACIENDA,HACIENDA,60830
DO1005205716,MHUS2027,HACIENDA/6 BOEST 20270305 GTIA,99000,USD,99,-7.27881546,101.655515,21/09/2026,01:48:48 PM,ESTRUCTURADA,SEGUNDA PARTE,ROTC,20/01/2027,CONFIRMADA,3355314,0,05/09/2016,05/03/2027,4.7,MINISTERIO DE HACIENDA,HACIENDA,64309
DO1005205716,MHUS2027,HACIENDA/6 BOEST 20270305 GTIA,99000,USD,99,1.4473,102.025333,21/09/2026,01:48:48 PM,ESTRUCTURADA,PRIMERA PARTE,ROTC,22/09/2026,CONFIRMADA,3355314,0,05/09/2016,05/03/2027,4.7,MINISTERIO DE HACIENDA,HACIENDA,62503
DO1005205716,MHUS2027,HACIENDA/6 BOEST 20270305 GTIA,99000,USD,99,-7.27881546,101.655515,21/09/2026,01:48:47 PM,PRESTAMO,SEGUNDA PARTE,ROTC,20/01/2027,CONFIRMADA,3355315,0,05/09/2016,05/03/2027,1.811449,MINISTERIO DE HACIENDA,HACIENDA,62202
DO1005205716,MHUS2027,HACIENDA/6 BOEST 20270305 GTIA,99000,USD,99,1.4473,102.025333,21/09/2026,01:48:47 PM,PRESTAMO,PRIMERA PARTE,ROTC,22/09/2026,CONFIRMADA,3355315,0,05/09/2016,05/03/2027,1.811449,MINISTERIO DE HACIENDA,HACIENDA,60396
DO1005208629,MH12031,HACIENDA/8.5 BOEST 20310611 GTIA,2100000,DOP,21,9.8924,95.433588,21/09/2026,01:48:45 PM,ESTRUCTURADA,SEGUNDA PARTE,ROTC,25/11/2026,CONFIRMADA,3355316,0,11/06/2021,11/06/2031,9.59999893,MINISTERIO DE HACIENDA,HACIENDA,62573
DO1005208629,MH12031,HACIENDA/8.5 BOEST 20310611 GTIA,2100000,DOP,21,9.8935,95.278295,21/09/2026,01:48:45 PM,ESTRUCTURADA,PRIMERA PARTE,ROTC,22/09/2026,CONFIRMADA,3355316,0,11/06/2021,11/06/2031,9.59999893,MINISTERIO DE HACIENDA,HACIENDA,62692
DO1005208629,MH12031,HACIENDA/8.5 BOEST 20310611 GTIA,2100000,DOP,21,9.8924,95.433588,21/09/2026,01:48:44 PM,PRESTAMO,SEGUNDA PARTE,ROTC,25/11/2026,CONFIRMADA,3355317,0,11/06/2021,11/06/2031,4.127121,MINISTERIO DE HACIENDA,HACIENDA,60466
DO1005208629,MH12031,HACIENDA/8.5 BOEST 20310611 GTIA,2100000,DOP,21,9.8935,95.278295,21/09/2026,01:48:44 PM,PRESTAMO,PRIMERA PARTE,ROTC,22/09/2026,CONFIRMADA,3355317,0,11/06/2021,11/06/2031,4.127121,MINISTERIO DE HACIENDA,HACIENDA,60585
DO1005208629,MH12031,HACIENDA/8.5 BOEST 20310611 GTIA,3800000,DOP,38,6.6875,102.923462,21/09/2026,01:48:43 PM,ESTRUCTURADA,SEGUNDA PARTE,ROTC,20/01/2027,CONFIRMADA,3355318,0,11/06/2021,11/06/2031,8.35,MINISTERIO DE HACIENDA,HACIENDA,62860
DO1005208629,MH12031,HACIENDA/8.5 BOEST 20310611 GTIA,3800000,DOP,38,7.8889,102.829254,21/09/2026,01:48:43 PM,ESTRUCTURADA,PRIMERA PARTE,ROTC,22/09/2026,CONFIRMADA,3355318,0,11/06/2021,11/06/2031,8.35,MINISTERIO DE HACIENDA,HACIENDA,63070
DO1005208629,MH12031,HACIENDA/8.5 BOEST 20310611 GTIA,3800000,DOP,38,6.6875,102.923462,21/09/2026,01:48:41 PM,PRESTAMO,SEGUNDA PARTE,ROTC,20/01/2027,CONFIRMADA,3355319,0,11/06/2021,11/06/2031,4.957557,MINISTERIO DE HACIENDA,HACIENDA,60746
DO1005208629,MH12031,HACIENDA/8.5 BOEST 20310611 GTIA,3800000,DOP,38,7.8889,102.829254,21/09/2026,01:48:41 PM,PRESTAMO,PRIMERA PARTE,ROTC,22/09/2026,CONFIRMADA,3355319,0,11/06/2021,11/06/2031,4.957557,MINISTERIO DE HACIENDA,HACIENDA,60956
DO1005211227,MH32029,HACIENDA/12.75 BOEST 20290923 GTIA,8400000,DOP,84,7.8144,111.707454,21/09/2026,01:48:40 PM,ESTRUCTURADA,SEGUNDA PARTE,ROTC,19/01/2027,CONFIRMADA,3355320,0,23/09/2022,23/09/2029,9.65000008,MINISTERIO DE HACIENDA,HACIENDA,63616
DO1005211227,MH32029,HACIENDA/12.75 BOEST 20290923 GTIA,8400000,DOP,84,8.1311,112.085035,21/09/2026,01:48:40 PM,ESTRUCTURADA,PRIMERA PARTE,ROTC,22/09/2026,CONFIRMADA,3355320,0,23/09/2022,23/09/2029,9.65000008,MINISTERIO DE HACIENDA,HACIENDA,63581
DO1005211227,MH32029,HACIENDA/12.75 BOEST 20290923 GTIA,8400000,DOP,84,7.8144,111.707454,21/09/2026,01:48:39 PM,PRESTAMO,SEGUNDA PARTE,ROTC,19/01/2027,CONFIRMADA,3355321,0,23/09/2022,23/09/2029,8.319976,MINISTERIO DE HACIENDA,HACIENDA,61572
DO1005211227,MH32029,HACIENDA/12.75 BOEST 20290923 GTIA,8400000,DOP,84,8.1311,112.085035,21/09/2026,01:48:39 PM,PRESTAMO,PRIMERA PARTE,ROTC,22/09/2026,CONFIRMADA,3355321,0,23/09/2022,23/09/2029,8.319976,MINISTERIO DE HACIENDA,HACIENDA,61537
DO1005206516,MH32028,HACIENDA/10.75 BOEST 20280811 GTIA,1000000,DOP,10,8.03208,103.498307,21/09/2026,01:48:39 PM,ESTRUCTURADA,SEGUNDA PARTE,ROTC,22/03/2027,CONFIRMADA,3355336,0,10/08/2018,11/08/2028,10.75,MINISTERIO DE HACIENDA,HACIENDA,63819
DO1005206516,MH32028,HACIENDA/10.75 BOEST 20280811 GTIA,1000000,DOP,10,11.48173,98.763014,21/09/2026,01:48:39 PM,ESTRUCTURADA,PRIMERA PARTE,ROTC,21/09/2026,CONFIRMADA,3355336,0,10/08/2018,11/08/2028,10.75,MINISTERIO DE HACIENDA,HACIENDA,63959
DO1005208215,MHUS2029,HACIENDA/6.95 BOEST 20290626 GTIA,315000,USD,315,10.3519,92.827003,21/09/2026,01:48:37 PM,ESTRUCTURADA,SEGUNDA PARTE,ROTC,19/01/2027,CONFIRMADA,3355322,0,26/06/2020,26/06/2029,4.75,MINISTERIO DE HACIENDA,HACIENDA,64190
DO1005208215,MHUS2029,HACIENDA/6.95 BOEST 20290626 GTIA,315000,USD,315,9.6352,93.597124,21/09/2026,01:48:37 PM,ESTRUCTURADA,PRIMERA PARTE,ROTC,21/09/2026,CONFIRMADA,3355322,0,26/06/2020,26/06/2029,4.75,MINISTERIO DE HACIENDA,HACIENDA,64022
DO1005208215,MHUS2029,HACIENDA/6.95 BOEST 20290626 GTIA,315000,USD,315,10.3519,92.827003,21/09/2026,01:48:36 PM,PRESTAMO,SEGUNDA PARTE,ROTC,19/01/2027,CONFIRMADA,3355323,0,26/06/2020,26/06/2029,3.254819,MINISTERIO DE HACIENDA,HACIENDA,62083
DO1005208215,MHUS2029,HACIENDA/6.95 BOEST 20290626 GTIA,315000,USD,315,9.6352,93.597124,21/09/2026,01:48:36 PM,PRESTAMO,PRIMERA PARTE,ROTC,21/09/2026,CONFIRMADA,3355323,0,26/06/2020,26/06/2029,3.254819,MINISTERIO DE HACIENDA,HACIENDA,61915
DO1002228125,NO090229,BCENTRAL/10 BOEST 20290209 GTIA,25000000,DOP,2500,9.45,101.129007,21/09/2026,01:48:20 PM,CONTADO,PRIMERA PARTE,ROTC,21/09/2026,CONFIRMADA,3355311,0,09/02/2024,09/02/2029,0,BANCO CENTRAL DE LA REPUBLICA DOMINICANA,BCENTRAL,60578
DO2020000124,BC1IES01,IES/8 BO 20310930,4737000,DOP,47370,7.0265,103.703152,21/09/2026,01:47:08 PM,ESTRUCTURADA,SEGUNDA PARTE,ROTC,30/03/2027,CONFIRMADA,3355329,0,30/09/2021,30/09/2031,8,"INGENIERIA ESTRELLA, S. A.",IES,57582
DO2020000124,BC1IES01,IES/8 BO 20310930,4737000,DOP,47370,8.4489,98.189219,21/09/2026,01:47:08 PM,ESTRUCTURADA,PRIMERA PARTE,ROTC,21/09/2026,CONFIRMADA,3355329,0,30/09/2021,30/09/2031,8,"INGENIERIA ESTRELLA, S. A.",IES,57610
DO1002261423,NO301129,BCENTRAL/9.5 BOEST 20291130 GTIA,1400000,DOP,140,9.61012128,99.717916,21/09/2026,01:45:39 PM,PRESTAMO,SEGUNDA PARTE,ROTC,22/03/2027,CONFIRMADA,3355350,0,30/11/2025,30/11/2029,8.75,BANCO CENTRAL DE LA REPUBLICA DOMINICANA,BCENTRAL,62804
DO1002261423,NO301129,BCENTRAL/9.5 BOEST 20291130 GTIA,1400000,DOP,140,9.52214099,99.914208,21/09/2026,01:45:39 PM,PRESTAMO,PRIMERA PARTE,ROTC,21/09/2026,CONFIRMADA,3355350,0,30/11/2025,30/11/2029,8.75,BANCO CENTRAL DE LA REPUBLICA DOMINICANA,BCENTRAL,62923
DO1002261423,NO301129,BCENTRAL/9.5 BOEST 20291130 GTIA,1400000,DOP,140,9.61012128,99.717916,21/09/2026,01:45:38 PM,ESTRUCTURADA,SEGUNDA PARTE,ROTC,22/03/2027,CONFIRMADA,3355345,0,30/11/2025,30/11/2029,8.75,BANCO CENTRAL DE LA REPUBLICA DOMINICANA,BCENTRAL,64897
DO1002261423,NO301129,BCENTRAL/9.5 BOEST 20291130 GTIA,1400000,DOP,140,9.52214099,99.914208,21/09/2026,01:45:38 PM,ESTRUCTURADA,PRIMERA PARTE,ROTC,21/09/2026,CONFIRMADA,3355345,0,30/11/2025,30/11/2029,8.75,BANCO CENTRAL DE LA REPUBLICA DOMINICANA,BCENTRAL,65016
DO1005204412,MH12029,HACIENDA/11.375 BOEST 20290706 GTIA,100000000,DOP,1000,8.29999983,107.473444,21/09/2026,01:45:37 PM,CONTADO,PRIMERA PARTE,ROTC,22/09/2026,CONFIRMADA,3355340,0,06/07/2014,06/07/2029,0,MINISTERIO DE HACIENDA,HACIENDA,64085
DO2016300124,BC1GUL01,GULFSTREAM/11.25 BO 20290528,98893,DOP,98893,10.59106167,101.472892,21/09/2026,01:45:36 PM,PRESTAMO,SEGUNDA PARTE,ROTC,21/10/2026,CONFIRMADA,3355349,0,28/05/2019,28/05/2029,7.6,GULFSTREAM PETROLEUM DOMINICANA S DE RL,GULFSTREAM,62153
DO2016300124,BC1GUL01,GULFSTREAM/11.25 BO 20290528,98893,DOP,98893,10.4911864,101.748458,21/09/2026,01:45:36 PM,PRESTAMO,PRIMERA PARTE,ROTC,21/09/2026,CONFIRMADA,3355349,0,28/05/2019,28/05/2029,7.6,GULFSTREAM PETROLEUM DOMINICANA S DE RL,GULFSTREAM,61950
DO2016300124,BC1GUL01,GULFSTREAM/11.25 BO 20290528,98893,DOP,98893,10.59106167,101.472892,21/09/2026,01:45:35 PM,ESTRUCTURADA,SEGUNDA PARTE,ROTC,21/10/2026,CONFIRMADA,3355342,0,28/05/2019,28/05/2029,7.6,GULFSTREAM PETROLEUM DOMINICANA S DE RL,GULFSTREAM,64246
DO2016300124,BC1GUL01,GULFSTREAM/11.25 BO 20290528,98893,DOP,98893,10.4911864,101.748458,21/09/2026,01:45:35 PM,ESTRUCTURADA,PRIMERA PARTE,ROTC,21/09/2026,CONFIRMADA,3355342,0,28/05/2019,28/05/2029,7.6,GULFSTREAM PETROLEUM DOMINICANA S DE RL,GULFSTREAM,64043
DO1005204412,MH12029,HACIENDA/11.375 BOEST 20290706 GTIA,5600000,DOP,56,7.53408399,107.903231,21/09/2026,01:45:33 PM,PRESTAMO,SEGUNDA PARTE,ROTC,22/03/2027,CONFIRMADA,3355347,0,06/07/2014,06/07/2029,8.75,MINISTERIO DE HACIENDA,HACIENDA,63266
DO1005204412,MH12029,HACIENDA/11.375 BOEST 20290706 GTIA,5600000,DOP,56,7.84227386,108.662204,21/09/2026,01:45:33 PM,PRESTAMO,PRIMERA PARTE,ROTC,21/09/2026,CONFIRMADA,3355347,0,06/07/2014,06/07/2029,8.75,MINISTERIO DE HACIENDA,HACIENDA,63371
DO1005204412,MH12029,HACIENDA/11.375 BOEST 20290706 GTIA,5600000,DOP,56,7.53408399,107.903231,21/09/2026,01:45:32 PM,ESTRUCTURADA,SEGUNDA PARTE,ROTC,22/03/2027,CONFIRMADA,3355343,0,06/07/2014,06/07/2029,8.75,MINISTERIO DE HACIENDA,HACIENDA,65359
DO1005204412,MH12029,HACIENDA/11.375 BOEST 20290706 GTIA,5600000,DOP,56,7.84227386,108.662204,21/09/2026,01:45:32 PM,ESTRUCTURADA,PRIMERA PARTE,ROTC,21/09/2026,CONFIRMADA,3355343,0,06/07/2014,06/07/2029,8.75,MINISTERIO DE HACIENDA,HACIENDA,65464
DO2016300124,BC1GUL01,GULFSTREAM/11.25 BO 20290528,171205,DOP,171205,11.38319337,99.693797,21/09/2026,01:45:31 PM,PRESTAMO,SEGUNDA PARTE,ROTC,21/10/2026,CONFIRMADA,3355346,0,28/05/2019,28/05/2029,7.35,GULFSTREAM PETROLEUM DOMINICANA S DE RL,GULFSTREAM,62356
DO2016300124,BC1GUL01,GULFSTREAM/11.25 BO 20290528,171205,DOP,171205,11.24598697,100.001415,21/09/2026,01:45:31 PM,PRESTAMO,PRIMERA PARTE,ROTC,21/09/2026,CONFIRMADA,3355346,0,28/05/2019,28/05/2029,7.35,GULFSTREAM PETROLEUM DOMINICANA S DE RL,GULFSTREAM,62573
DO2016300124,BC1GUL01,GULFSTREAM/11.25 BO 20290528,171205,DOP,171205,11.38319337,99.693797,21/09/2026,01:45:30 PM,ESTRUCTURADA,SEGUNDA PARTE,ROTC,21/10/2026,CONFIRMADA,3355344,0,28/05/2019,28/05/2029,7.35,GULFSTREAM PETROLEUM DOMINICANA S DE RL,GULFSTREAM,64449
DO2016300124,BC1GUL01,GULFSTREAM/11.25 BO 20290528,171205,DOP,171205,11.24598697,100.001415,21/09/2026,01:45:30 PM,ESTRUCTURADA,PRIMERA PARTE,ROTC,21/09/2026,CONFIRMADA,3355344,0,28/05/2019,28/05/2029,7.35,GULFSTREAM PETROLEUM DOMINICANA S DE RL,GULFSTREAM,64666
USP3579ECN50,BSRD2033, ,679000,USD,679,6.056,99.7,21/09/2026,01:44:56 PM,CONTADO,PRIMERA PARTE,ROTC,21/09/2026,CONFIRMADA,3355327,0,22/02/2022,22/02/2033,0,MINISTERIO DE HACIENDA,HACIENDA,46207
DO1005208322,MHUS2040,HACIENDA/6.75 BOEST 20400724 GTIA,1032000,USD,1032,4.6456,120.945099,21/09/2026,01:43:15 PM,PRESTAMO,SEGUNDA PARTE,ROTC,19/01/2027,CONFIRMADA,3355325,0,24/07/2020,24/07/2040,2.338157,MINISTERIO DE HACIENDA,HACIENDA,62629
DO1005208322,MHUS2040,HACIENDA/6.75 BOEST 20400724 GTIA,1032000,USD,1032,4.6438,121.321741,21/09/2026,01:43:15 PM,PRESTAMO,PRIMERA PARTE,ROTC,21/09/2026,CONFIRMADA,3355325,0,24/07/2020,24/07/2040,2.338157,MINISTERIO DE HACIENDA,HACIENDA,62573
DO1005208322,MHUS2040,HACIENDA/6.75 BOEST 20400724 GTIA,1032000,USD,1032,4.6456,120.945099,21/09/2026,01:43:13 PM,PLAZO,PRIMERA PARTE,ROTC,19/01/2027,CONFIRMADA,3355326,0,24/07/2020,24/07/2040,0,MINISTERIO DE HACIENDA,HACIENDA,61075
DO1005208322,MHUS2040,HACIENDA/6.75 BOEST 20400724 GTIA,1032000,USD,1032,4.6438,121.321741,21/09/2026,01:43:03 PM,CONTADO,PRIMERA PARTE,ROTC,21/09/2026,CONFIRMADA,3355324,0,24/07/2020,24/07/2040,0,MINISTERIO DE HACIENDA,HACIENDA,61859
DO1005254128,MH12041,HACIENDA/12 BOEST 20410310 GTIA,2900000,DOP,29,9.97,115.3617,21/09/2026,01:42:53 PM,CONTADO,PRIMERA PARTE,ROTC,21/09/2026,CONFIRMADA,3353935,0,10/03/2026,10/03/2041,0,MINISTERIO DE HACIENDA,HACIENDA,58282
USP3579ECH82,BSRD2032,"DOMINICAN, REP /4.875 BD 20320923",50000,USD,50,4.96608147,99.541389,21/09/2026,01:40:45 PM,ESTRUCTURADA,SEGUNDA PARTE,ROTC,21/12/2026,CONFIRMADA,3355284,0,23/09/2020,23/09/2032,2.9,MINISTERIO DE HACIENDA,HACIENDA,64785
USP3579ECH82,BSRD2032,"DOMINICAN, REP /4.875 BD 20320923",50000,USD,50,5.34951262,97.589583,21/09/2026,01:40:45 PM,ESTRUCTURADA,PRIMERA PARTE,ROTC,21/09/2026,CONFIRMADA,3355284,0,23/09/2020,23/09/2032,2.9,MINISTERIO DE HACIENDA,HACIENDA,64876
USP3579ECH82,BSRD2032,"DOMINICAN, REP /4.875 BD 20320923",20000,USD,20,4.59004,101.460917,21/09/2026,01:39:32 PM,PRESTAMO,SEGUNDA PARTE,ROTC,19/10/2026,CONFIRMADA,3355038,0,23/09/2020,23/09/2032,4.875,MINISTERIO DE HACIENDA,HACIENDA,61740
USP3579ECH82,BSRD2032,"DOMINICAN, REP /4.875 BD 20320923",20000,USD,20,5.06084,99.0475,21/09/2026,01:39:32 PM,PRESTAMO,PRIMERA PARTE,ROTC,21/09/2026,CONFIRMADA,3355038,0,23/09/2020,23/09/2032,4.875,MINISTERIO DE HACIENDA,HACIENDA,60844
USP3579ECV76,BSDR2036, ,50000,DOP,1,8.4539,114.623083,21/09/2026,01:38:42 PM,ESTRUCTURADA,SEGUNDA PARTE,ROTC,22/01/2027,CONFIRMADA,3355291,0,01/07/2024,01/06/2036,9.2,MINISTERIO DE HACIENDA,HACIENDA,50134
USP3579ECV76,BSDR2036, ,50000,DOP,1,8.514,114.532878,21/09/2026,01:38:42 PM,ESTRUCTURADA,PRIMERA PARTE,ROTC,21/09/2026,CONFIRMADA,3355291,0,01/07/2024,01/06/2036,9.2,MINISTERIO DE HACIENDA,HACIENDA,49903
USP3579ECV76,BSDR2036, ,50000,DOP,1,0,0,21/09/2026,01:38:41 PM,PRESTAMO,SEGUNDA PARTE,ROTC,30/05/2036,CONFIRMADA,3355292,0,01/07/2024,01/06/2036,0,MINISTERIO DE HACIENDA,HACIENDA,42973
USP3579ECV76,BSDR2036, ,50000,DOP,1,8.514,114.532878,21/09/2026,01:38:41 PM,PRESTAMO,PRIMERA PARTE,ROTC,21/09/2026,CONFIRMADA,3355292,0,01/07/2024,01/06/2036,0,MINISTERIO DE HACIENDA,HACIENDA,47796
DO1002262124,LE110627,BCENTRAL/ LT 20270611 GTIA,120000,DOP,12,9.9691,94.7771,21/09/2026,01:38:40 PM,ESTRUCTURADA,SEGUNDA PARTE,ROTC,24/11/2026,CONFIRMADA,3355293,0,03/09/2026,11/06/2027,8.95,BANCO CENTRAL DE LA REPUBLICA DOMINICANA,BCENTRAL,59360
DO1002262124,LE110627,BCENTRAL/ LT 20270611 GTIA,120000,DOP,12,9.8412,93.292708,21/09/2026,01:38:40 PM,ESTRUCTURADA,PRIMERA PARTE,ROTC,21/09/2026,CONFIRMADA,3355293,0,03/09/2026,11/06/2027,8.95,BANCO CENTRAL DE LA REPUBLICA DOMINICANA,BCENTRAL,60088
DO1002262124,LE110627,BCENTRAL/ LT 20270611 GTIA,120000,DOP,12,0,0,21/09/2026,01:38:39 PM,PRESTAMO,SEGUNDA PARTE,ROTC,10/06/2027,CONFIRMADA,3355294,0,03/09/2026,11/06/2027,0,BANCO CENTRAL DE LA REPUBLICA DOMINICANA,BCENTRAL,53165
DO1002262124,LE110627,BCENTRAL/ LT 20270611 GTIA,120000,DOP,12,9.8412,93.292708,21/09/2026,01:38:39 PM,PRESTAMO,PRIMERA PARTE,ROTC,21/09/2026,CONFIRMADA,3355294,0,03/09/2026,11/06/2027,0,BANCO CENTRAL DE LA REPUBLICA DOMINICANA,BCENTRAL,58044
DO1002262223,LE030927,BCENTRAL/ LT 20270903 GTIA,540000,DOP,54,7.7983,94.745885,21/09/2026,01:38:38 PM,ESTRUCTURADA,SEGUNDA PARTE,ROTC,21/12/2026,CONFIRMADA,3355295,0,03/09/2026,03/09/2027,9.2,BANCO CENTRAL DE LA REPUBLICA DOMINICANA,BCENTRAL,60312
DO1002262223,LE030927,BCENTRAL/ LT 20270903 GTIA,540000,DOP,54,8.2997,92.592593,21/09/2026,01:38:38 PM,ESTRUCTURADA,PRIMERA PARTE,ROTC,21/09/2026,CONFIRMADA,3355295,0,03/09/2026,03/09/2027,9.2,BANCO CENTRAL DE LA REPUBLICA DOMINICANA,BCENTRAL,60382
DO1002262223,LE030927,BCENTRAL/ LT 20270903 GTIA,540000,DOP,54,0,0,21/09/2026,01:38:37 PM,PRESTAMO,SEGUNDA PARTE,ROTC,02/09/2027,CONFIRMADA,3355296,0,03/09/2026,03/09/2027,0,BANCO CENTRAL DE LA REPUBLICA DOMINICANA,BCENTRAL,53319
DO1002262223,LE030927,BCENTRAL/ LT 20270903 GTIA,540000,DOP,54,8.2997,92.592593,21/09/2026,01:38:37 PM,PRESTAMO,PRIMERA PARTE,ROTC,21/09/2026,CONFIRMADA,3355296,0,03/09/2026,03/09/2027,0,BANCO CENTRAL DE LA REPUBLICA DOMINICANA,BCENTRAL,58275
DO1002262223,LE030927,BCENTRAL/ LT 20270903 GTIA,530000,DOP,53,8.6346,95.510021,21/09/2026,01:38:35 PM,ESTRUCTURADA,SEGUNDA PARTE,ROTC,19/02/2027,CONFIRMADA,3355297,0,03/09/2026,03/09/2027,8.95,BANCO CENTRAL DE LA REPUBLICA DOMINICANA,BCENTRAL,60088
DO1002262223,LE030927,BCENTRAL/ LT 20270903 GTIA,530000,DOP,53,8.9549,92.054277,21/09/2026,01:38:35 PM,ESTRUCTURADA,PRIMERA PARTE,ROTC,21/09/2026,CONFIRMADA,3355297,0,03/09/2026,03/09/2027,8.95,BANCO CENTRAL DE LA REPUBLICA DOMINICANA,BCENTRAL,60291
DO1002262223,LE030927,BCENTRAL/ LT 20270903 GTIA,530000,DOP,53,0,0,21/09/2026,01:38:34 PM,PRESTAMO,SEGUNDA PARTE,ROTC,02/09/2027,CONFIRMADA,3355298,0,03/09/2026,03/09/2027,0,BANCO CENTRAL DE LA REPUBLICA DOMINICANA,BCENTRAL,53284
DO1002262223,LE030927,BCENTRAL/ LT 20270903 GTIA,530000,DOP,53,8.9549,92.054277,21/09/2026,01:38:34 PM,PRESTAMO,PRIMERA PARTE,ROTC,21/09/2026,CONFIRMADA,3355298,0,03/09/2026,03/09/2027,0,BANCO CENTRAL DE LA REPUBLICA DOMINICANA,BCENTRAL,58184
USP3579ECV76,BSDR2036, ,3200000,DOP,64,9.1285,110.041276,21/09/2026,01:38:33 PM,ESTRUCTURADA,SEGUNDA PARTE,ROTC,19/01/2027,CONFIRMADA,3355299,0,01/07/2024,01/06/2036,9.45,MINISTERIO DE HACIENDA,HACIENDA,51177
USP3579ECV76,BSDR2036, ,3200000,DOP,64,9.1671,109.996528,21/09/2026,01:38:33 PM,ESTRUCTURADA,PRIMERA PARTE,ROTC,21/09/2026,CONFIRMADA,3355299,0,01/07/2024,01/06/2036,9.45,MINISTERIO DE HACIENDA,HACIENDA,51422
USP3579ECV76,BSDR2036, ,3200000,DOP,64,0,0,21/09/2026,01:38:32 PM,PRESTAMO,SEGUNDA PARTE,ROTC,30/05/2036,CONFIRMADA,3355300,0,01/07/2024,01/06/2036,0,MINISTERIO DE HACIENDA,HACIENDA,44044
USP3579ECV76,BSDR2036, ,3200000,DOP,64,9.1671,109.996528,21/09/2026,01:38:32 PM,PRESTAMO,PRIMERA PARTE,ROTC,21/09/2026,CONFIRMADA,3355300,0,01/07/2024,01/06/2036,0,MINISTERIO DE HACIENDA,HACIENDA,49315
DO1002262223,LE030927,BCENTRAL/ LT 20270903 GTIA,200000,DOP,20,8.6804,93.003375,21/09/2026,01:38:31 PM,ESTRUCTURADA,SEGUNDA PARTE,ROTC,26/10/2026,CONFIRMADA,3355301,0,03/09/2026,03/09/2027,8.4,BANCO CENTRAL DE LA REPUBLICA DOMINICANA,BCENTRAL,59990
DO1002262223,LE030927,BCENTRAL/ LT 20270903 GTIA,200000,DOP,20,8.7158,92.25,21/09/2026,01:38:31 PM,ESTRUCTURADA,PRIMERA PARTE,ROTC,21/09/2026,CONFIRMADA,3355301,0,03/09/2026,03/09/2027,8.4,BANCO CENTRAL DE LA REPUBLICA DOMINICANA,BCENTRAL,58667
DO1002262223,LE030927,BCENTRAL/ LT 20270903 GTIA,200000,DOP,20,0,0,21/09/2026,01:38:29 PM,PRESTAMO,SEGUNDA PARTE,ROTC,02/09/2027,CONFIRMADA,3355302,0,03/09/2026,03/09/2027,0,BANCO CENTRAL DE LA REPUBLICA DOMINICANA,BCENTRAL,53228
DO1002262223,LE030927,BCENTRAL/ LT 20270903 GTIA,200000,DOP,20,8.7158,92.25,21/09/2026,01:38:29 PM,PRESTAMO,PRIMERA PARTE,ROTC,21/09/2026,CONFIRMADA,3355302,0,03/09/2026,03/09/2027,0,BANCO CENTRAL DE LA REPUBLICA DOMINICANA,BCENTRAL,56616
DO1002262223,LE030927,BCENTRAL/ LT 20270903 GTIA,110000,DOP,11,10.5864,93.742418,21/09/2026,01:38:28 PM,ESTRUCTURADA,SEGUNDA PARTE,ROTC,19/01/2027,CONFIRMADA,3355303,0,03/09/2026,03/09/2027,9.35,BANCO CENTRAL DE LA REPUBLICA DOMINICANA,BCENTRAL,60431
DO1002262223,LE030927,BCENTRAL/ LT 20270903 GTIA,110000,DOP,11,10.3746,90.909091,21/09/2026,01:38:28 PM,ESTRUCTURADA,PRIMERA PARTE,ROTC,21/09/2026,CONFIRMADA,3355303,0,03/09/2026,03/09/2027,9.35,BANCO CENTRAL DE LA REPUBLICA DOMINICANA,BCENTRAL,60466
DO1002262223,LE030927,BCENTRAL/ LT 20270903 GTIA,110000,DOP,11,0,0,21/09/2026,01:38:27 PM,PRESTAMO,SEGUNDA PARTE,ROTC,02/09/2027,CONFIRMADA,3355304,0,03/09/2026,03/09/2027,0,BANCO CENTRAL DE LA REPUBLICA DOMINICANA,BCENTRAL,53214
DO1002262223,LE030927,BCENTRAL/ LT 20270903 GTIA,110000,DOP,11,10.3746,90.909091,21/09/2026,01:38:27 PM,PRESTAMO,PRIMERA PARTE,ROTC,21/09/2026,CONFIRMADA,3355304,0,03/09/2026,03/09/2027,0,BANCO CENTRAL DE LA REPUBLICA DOMINICANA,BCENTRAL,58359
USP3579ECH82,BSRD2032,"DOMINICAN, REP /4.875 BD 20320923",20000,USD,20,4.59004,101.460917,21/09/2026,01:38:26 PM,ESTRUCTURADA,SEGUNDA PARTE,ROTC,19/10/2026,CONFIRMADA,3355037,0,23/09/2020,23/09/2032,4.875,MINISTERIO DE HACIENDA,HACIENDA,63854
USP3579ECH82,BSRD2032,"DOMINICAN, REP /4.875 BD 20320923",20000,USD,20,5.06084,99.0475,21/09/2026,01:38:26 PM,ESTRUCTURADA,PRIMERA PARTE,ROTC,21/09/2026,CONFIRMADA,3355037,0,23/09/2020,23/09/2032,4.875,MINISTERIO DE HACIENDA,HACIENDA,62958
USP3579ECZ80,BSRD2035, ,59000,USD,59,6.8667,93.531947,21/09/2026,01:38:26 PM,ESTRUCTURADA,SEGUNDA PARTE,ROTC,19/01/2027,CONFIRMADA,3355305,0,28/10/2025,28/10/2035,4.95,MINISTERIO DE HACIENDA,HACIENDA,50512
USP3579ECZ80,BSRD2035, ,59000,USD,59,6.7875,93.870269,21/09/2026,01:38:26 PM,ESTRUCTURADA,PRIMERA PARTE,ROTC,21/09/2026,CONFIRMADA,3355305,0,28/10/2025,28/10/2035,4.95,MINISTERIO DE HACIENDA,HACIENDA,50596
USP3579ECZ80,BSRD2035, ,59000,USD,59,0,0,21/09/2026,01:38:25 PM,PRESTAMO,SEGUNDA PARTE,ROTC,26/10/2035,CONFIRMADA,3355306,0,28/10/2025,28/10/2035,0,MINISTERIO DE HACIENDA,HACIENDA,43526
USP3579ECZ80,BSRD2035, ,59000,USD,59,6.7875,93.870269,21/09/2026,01:38:25 PM,PRESTAMO,PRIMERA PARTE,ROTC,21/09/2026,CONFIRMADA,3355306,0,28/10/2025,28/10/2035,0,MINISTERIO DE HACIENDA,HACIENDA,48489
USP3579EAY34,BSRD2044,DOMINICAN Rep/7.45 BD 20440430 GO,3000,USD,3,6.4102,110.744528,21/09/2026,01:38:24 PM,ESTRUCTURADA,SEGUNDA PARTE,ROTC,29/01/2027,CONFIRMADA,3355307,0,30/04/2014,30/04/2044,5.05,MINISTERIO DE HACIENDA,HACIENDA,63693
USP3579EAY34,BSRD2044,DOMINICAN Rep/7.45 BD 20440430 GO,3000,USD,3,6.3712,111.310417,21/09/2026,01:38:24 PM,ESTRUCTURADA,PRIMERA PARTE,ROTC,21/09/2026,CONFIRMADA,3355307,0,30/04/2014,30/04/2044,5.05,MINISTERIO DE HACIENDA,HACIENDA,63700
USP3579EAY34,BSRD2044,DOMINICAN Rep/7.45 BD 20440430 GO,3000,USD,3,0,0,21/09/2026,01:38:22 PM,PRESTAMO,SEGUNDA PARTE,ROTC,29/04/2044,CONFIRMADA,3355308,0,30/04/2014,30/04/2044,0,MINISTERIO DE HACIENDA,HACIENDA,56602
USP3579EAY34,BSRD2044,DOMINICAN Rep/7.45 BD 20440430 GO,3000,USD,3,6.3712,111.310417,21/09/2026,01:38:22 PM,PRESTAMO,PRIMERA PARTE,ROTC,21/09/2026,CONFIRMADA,3355308,0,30/04/2014,30/04/2044,0,MINISTERIO DE HACIENDA,HACIENDA,61586
DO1002261423,NO301129,BCENTRAL/9.5 BOEST 20291130 GTIA,200000,DOP,20,9.7141,99.419478,21/09/2026,01:38:21 PM,ESTRUCTURADA,SEGUNDA PARTE,ROTC,23/10/2026,CONFIRMADA,3355309,0,30/11/2025,30/11/2029,8.45,BANCO CENTRAL DE LA REPUBLICA DOMINICANA,BCENTRAL,62741
DO1002261423,NO301129,BCENTRAL/9.5 BOEST 20291130 GTIA,200000,DOP,20,9.6849,99.47628,21/09/2026,01:38:21 PM,ESTRUCTURADA,PRIMERA PARTE,ROTC,21/09/2026,CONFIRMADA,3355309,0,30/11/2025,30/11/2029,8.45,BANCO CENTRAL DE LA REPUBLICA DOMINICANA,BCENTRAL,62566
DO1002261423,NO301129,BCENTRAL/9.5 BOEST 20291130 GTIA,200000,DOP,20,0,0,21/09/2026,01:38:20 PM,PRESTAMO,SEGUNDA PARTE,ROTC,29/11/2029,CONFIRMADA,3355310,0,30/11/2025,30/11/2029,0,BANCO CENTRAL DE LA REPUBLICA DOMINICANA,BCENTRAL,55853
DO1002261423,NO301129,BCENTRAL/9.5 BOEST 20291130 GTIA,200000,DOP,20,9.6849,99.47628,21/09/2026,01:38:20 PM,PRESTAMO,PRIMERA PARTE,ROTC,21/09/2026,CONFIRMADA,3355310,0,30/11/2025,30/11/2029,0,BANCO CENTRAL DE LA REPUBLICA DOMINICANA,BCENTRAL,60459
USP3579ECE51,BSRD2049,"DOMINICAN, REP /6.4 BD 20490605",11000,USD,11,4.9553,119.514273,21/09/2026,01:37:55 PM,PRESTAMO,SEGUNDA PARTE,ROTC,21/10/2026,CONFIRMADA,3355160,0,05/06/2019,05/06/2049,1.972774,MINISTERIO DE HACIENDA,HACIENDA,60704
USP3579ECE51,BSRD2049,"DOMINICAN, REP /6.4 BD 20490605",11000,USD,11,4.9569,119.526646,21/09/2026,01:37:55 PM,PRESTAMO,PRIMERA PARTE,ROTC,21/09/2026,CONFIRMADA,3355160,0,05/06/2019,05/06/2049,1.972774,MINISTERIO DE HACIENDA,HACIENDA,60921
USP3579ECE51,BSRD2049,"DOMINICAN, REP /6.4 BD 20490605",11000,USD,11,4.9553,119.514273,21/09/2026,01:37:47 PM,ESTRUCTURADA,SEGUNDA PARTE,ROTC,21/10/2026,CONFIRMADA,3355159,0,05/06/2019,05/06/2049,5.15,MINISTERIO DE HACIENDA,HACIENDA,62811
USP3579ECE51,BSRD2049,"DOMINICAN, REP /6.4 BD 20490605",11000,USD,11,4.9569,119.526646,21/09/2026,01:37:47 PM,ESTRUCTURADA,PRIMERA PARTE,ROTC,21/09/2026,CONFIRMADA,3355159,0,05/06/2019,05/06/2049,5.15,MINISTERIO DE HACIENDA,HACIENDA,63028
USP3579ECZ80,BSRD2035, ,1400000,USD,1400,5.89,99.888488,21/09/2026,01:33:40 PM,CONTADO,PRIMERA PARTE,ROTC,21/09/2026,CONFIRMADA,3354584,0,28/10/2025,28/10/2035,0,MINISTERIO DE HACIENDA,HACIENDA,48335
USP3579ECH82,BSRD2032,"DOMINICAN, REP /4.875 BD 20320923",51000,USD,51,4.44058,102.15301,21/09/2026,01:32:55 PM,PRESTAMO,SEGUNDA PARTE,ROTC,19/01/2027,CONFIRMADA,3355030,0,23/09/2020,23/09/2032,4.875,MINISTERIO DE HACIENDA,HACIENDA,61362
USP3579ECH82,BSRD2032,"DOMINICAN, REP /4.875 BD 20320923",51000,USD,51,4.96651,99.52949,21/09/2026,01:32:55 PM,PRESTAMO,PRIMERA PARTE,ROTC,21/09/2026,CONFIRMADA,3355030,0,23/09/2020,23/09/2032,4.875,MINISTERIO DE HACIENDA,HACIENDA,61369
DO1005206516,MH32028,HACIENDA/10.75 BOEST 20280811 GTIA,6900000,DOP,69,5.7647,106.977135,21/09/2026,01:32:34 PM,PRESTAMO,SEGUNDA PARTE,ROTC,17/02/2027,CONFIRMADA,3355286,0,10/08/2018,11/08/2028,7.74,MINISTERIO DE HACIENDA,HACIENDA,61600
DO1005206516,MH32028,HACIENDA/10.75 BOEST 20280811 GTIA,6900000,DOP,69,9.211,102.619278,21/09/2026,01:32:34 PM,PRESTAMO,PRIMERA PARTE,ROTC,21/09/2026,CONFIRMADA,3355286,0,10/08/2018,11/08/2028,7.74,MINISTERIO DE HACIENDA,HACIENDA,61201
DO1005206516,MH32028,HACIENDA/10.75 BOEST 20280811 GTIA,6900000,DOP,69,5.7647,106.977135,21/09/2026,01:32:32 PM,ESTRUCTURADA,SEGUNDA PARTE,ROTC,17/02/2027,CONFIRMADA,3355282,0,10/08/2018,11/08/2028,7.74,MINISTERIO DE HACIENDA,HACIENDA,63686
DO1005206516,MH32028,HACIENDA/10.75 BOEST 20280811 GTIA,6900000,DOP,69,9.211,102.619278,21/09/2026,01:32:32 PM,ESTRUCTURADA,PRIMERA PARTE,ROTC,21/09/2026,CONFIRMADA,3355282,0,10/08/2018,11/08/2028,7.74,MINISTERIO DE HACIENDA,HACIENDA,63287
USP3579ECH82,BSRD2032,"DOMINICAN, REP /4.875 BD 20320923",51000,USD,51,4.44058,102.15301,21/09/2026,01:30:52 PM,ESTRUCTURADA,SEGUNDA PARTE,ROTC,19/01/2027,CONFIRMADA,3355029,0,23/09/2020,23/09/2032,4.875,MINISTERIO DE HACIENDA,HACIENDA,63427
USP3579ECH82,BSRD2032,"DOMINICAN, REP /4.875 BD 20320923",51000,USD,51,4.96651,99.52949,21/09/2026,01:30:52 PM,ESTRUCTURADA,PRIMERA PARTE,ROTC,21/09/2026,CONFIRMADA,3355029,0,23/09/2020,23/09/2032,4.875,MINISTERIO DE HACIENDA,HACIENDA,63434
DO1005208322,MHUS2040,HACIENDA/6.75 BOEST 20400724 GTIA,46000,USD,46,4.81499932,119.21471,21/09/2026,01:30:06 PM,PRESTAMO,SEGUNDA PARTE,ROTC,20/11/2026,CONFIRMADA,3355283,0,24/07/2020,24/07/2040,4,MINISTERIO DE HACIENDA,HACIENDA,62342
DO1005208322,MHUS2040,HACIENDA/6.75 BOEST 20400724 GTIA,46000,USD,46,4.80263901,119.517054,21/09/2026,01:30:06 PM,PRESTAMO,PRIMERA PARTE,ROTC,21/09/2026,CONFIRMADA,3355283,0,24/07/2020,24/07/2040,4,MINISTERIO DE HACIENDA,HACIENDA,62734
DO1005208322,MHUS2040,HACIENDA/6.75 BOEST 20400724 GTIA,46000,USD,46,4.81499932,119.21471,21/09/2026,01:30:05 PM,ESTRUCTURADA,SEGUNDA PARTE,ROTC,20/11/2026,CONFIRMADA,3355265,0,24/07/2020,24/07/2040,4,MINISTERIO DE HACIENDA,HACIENDA,64435
DO1005208322,MHUS2040,HACIENDA/6.75 BOEST 20400724 GTIA,46000,USD,46,4.80263901,119.517054,21/09/2026,01:30:05 PM,ESTRUCTURADA,PRIMERA PARTE,ROTC,21/09/2026,CONFIRMADA,3355265,0,24/07/2020,24/07/2040,4,MINISTERIO DE HACIENDA,HACIENDA,64827
DO2006901311,BC1ITA01,EGEITABO/5.65 BO 20311208,4031,USD,4031,4.83732341,103.4084,21/09/2026,01:30:04 PM,PRESTAMO,SEGUNDA PARTE,ROTC,22/03/2027,CONFIRMADA,3355281,0,08/12/2021,08/12/2031,4.5,"EMPRESA GENERADORA DE ELECTRICIDAD ITABO, S.A.",EGEITABO,58268
DO2006901311,BC1ITA01,EGEITABO/5.65 BO 20311208,4031,USD,4031,4.80905499,103.858306,21/09/2026,01:30:04 PM,PRESTAMO,PRIMERA PARTE,ROTC,21/09/2026,CONFIRMADA,3355281,0,08/12/2021,08/12/2031,4.5,"EMPRESA GENERADORA DE ELECTRICIDAD ITABO, S.A.",EGEITABO,59220
DO2006901311,BC1ITA01,EGEITABO/5.65 BO 20311208,4031,USD,4031,4.83732341,103.4084,21/09/2026,01:30:02 PM,ESTRUCTURADA,SEGUNDA PARTE,ROTC,22/03/2027,CONFIRMADA,3355266,0,08/12/2021,08/12/2031,4.5,"EMPRESA GENERADORA DE ELECTRICIDAD ITABO, S.A.",EGEITABO,60354
DO2006901311,BC1ITA01,EGEITABO/5.65 BO 20311208,4031,USD,4031,4.80905499,103.858306,21/09/2026,01:30:02 PM,ESTRUCTURADA,PRIMERA PARTE,ROTC,21/09/2026,CONFIRMADA,3355266,0,08/12/2021,08/12/2031,4.5,"EMPRESA GENERADORA DE ELECTRICIDAD ITABO, S.A.",EGEITABO,61306
DO1005208322,MHUS2040,HACIENDA/6.75 BOEST 20400724 GTIA,164000,USD,164,4.67078382,120.661839,21/09/2026,01:30:01 PM,PRESTAMO,SEGUNDA PARTE,ROTC,19/01/2027,CONFIRMADA,3355280,0,24/07/2020,24/07/2040,4.9,MINISTERIO DE HACIENDA,HACIENDA,63427
DO1005208322,MHUS2040,HACIENDA/6.75 BOEST 20400724 GTIA,164000,USD,164,4.68218404,120.88247,21/09/2026,01:30:01 PM,PRESTAMO,PRIMERA PARTE,ROTC,21/09/2026,CONFIRMADA,3355280,0,24/07/2020,24/07/2040,4.9,MINISTERIO DE HACIENDA,HACIENDA,63070
DO1005208322,MHUS2040,HACIENDA/6.75 BOEST 20400724 GTIA,164000,USD,164,4.67078382,120.661839,21/09/2026,01:30:00 PM,ESTRUCTURADA,SEGUNDA PARTE,ROTC,19/01/2027,CONFIRMADA,3355267,0,24/07/2020,24/07/2040,4.9,MINISTERIO DE HACIENDA,HACIENDA,65520
DO1005208322,MHUS2040,HACIENDA/6.75 BOEST 20400724 GTIA,164000,USD,164,4.68218404,120.88247,21/09/2026,01:30:00 PM,ESTRUCTURADA,PRIMERA PARTE,ROTC,21/09/2026,CONFIRMADA,3355267,0,24/07/2020,24/07/2040,4.9,MINISTERIO DE HACIENDA,HACIENDA,65163
DO1005208322,MHUS2040,HACIENDA/6.75 BOEST 20400724 GTIA,123000,USD,123,4.67078382,120.661839,21/09/2026,01:29:59 PM,PRESTAMO,SEGUNDA PARTE,ROTC,19/01/2027,CONFIRMADA,3355279,0,24/07/2020,24/07/2040,4.9,MINISTERIO DE HACIENDA,HACIENDA,63504
DO1005208322,MHUS2040,HACIENDA/6.75 BOEST 20400724 GTIA,123000,USD,123,4.68218404,120.88247,21/09/2026,01:29:59 PM,PRESTAMO,PRIMERA PARTE,ROTC,21/09/2026,CONFIRMADA,3355279,0,24/07/2020,24/07/2040,4.9,MINISTERIO DE HACIENDA,HACIENDA,63147
DO1005208322,MHUS2040,HACIENDA/6.75 BOEST 20400724 GTIA,123000,USD,123,4.67078382,120.661839,21/09/2026,01:29:57 PM,ESTRUCTURADA,SEGUNDA PARTE,ROTC,19/01/2027,CONFIRMADA,3355268,0,24/07/2020,24/07/2040,4.9,MINISTERIO DE HACIENDA,HACIENDA,65590
DO1005208322,MHUS2040,HACIENDA/6.75 BOEST 20400724 GTIA,123000,USD,123,4.68218404,120.88247,21/09/2026,01:29:57 PM,ESTRUCTURADA,PRIMERA PARTE,ROTC,21/09/2026,CONFIRMADA,3355268,0,24/07/2020,24/07/2040,4.9,MINISTERIO DE HACIENDA,HACIENDA,65233
DO1005208322,MHUS2040,HACIENDA/6.75 BOEST 20400724 GTIA,124000,USD,124,4.76041042,119.662298,21/09/2026,01:29:56 PM,PRESTAMO,SEGUNDA PARTE,ROTC,19/01/2027,CONFIRMADA,3355278,0,24/07/2020,24/07/2040,4.9,MINISTERIO DE HACIENDA,HACIENDA,63434
DO1005208322,MHUS2040,HACIENDA/6.75 BOEST 20400724 GTIA,124000,USD,124,4.7687667,119.898992,21/09/2026,01:29:56 PM,PRESTAMO,PRIMERA PARTE,ROTC,21/09/2026,CONFIRMADA,3355278,0,24/07/2020,24/07/2040,4.9,MINISTERIO DE HACIENDA,HACIENDA,63406
DO1005208322,MHUS2040,HACIENDA/6.75 BOEST 20400724 GTIA,124000,USD,124,4.76041042,119.662298,21/09/2026,01:29:55 PM,ESTRUCTURADA,SEGUNDA PARTE,ROTC,19/01/2027,CONFIRMADA,3355270,0,24/07/2020,24/07/2040,4.9,MINISTERIO DE HACIENDA,HACIENDA,65527
DO1005208322,MHUS2040,HACIENDA/6.75 BOEST 20400724 GTIA,124000,USD,124,4.7687667,119.898992,21/09/2026,01:29:55 PM,ESTRUCTURADA,PRIMERA PARTE,ROTC,21/09/2026,CONFIRMADA,3355270,0,24/07/2020,24/07/2040,4.9,MINISTERIO DE HACIENDA,HACIENDA,65499
DO1005204412,MH12029,HACIENDA/11.375 BOEST 20290706 GTIA,8300000,DOP,83,7.71648816,107.506965,21/09/2026,01:29:53 PM,PRESTAMO,SEGUNDA PARTE,ROTC,22/03/2027,CONFIRMADA,3355277,0,06/07/2014,06/07/2029,8.45,MINISTERIO DE HACIENDA,HACIENDA,63385
DO1005204412,MH12029,HACIENDA/11.375 BOEST 20290706 GTIA,8300000,DOP,83,7.92641409,108.443716,21/09/2026,01:29:53 PM,PRESTAMO,PRIMERA PARTE,ROTC,21/09/2026,CONFIRMADA,3355277,0,06/07/2014,06/07/2029,8.45,MINISTERIO DE HACIENDA,HACIENDA,63399
DO1005204412,MH12029,HACIENDA/11.375 BOEST 20290706 GTIA,8300000,DOP,83,7.71648816,107.506965,21/09/2026,01:29:52 PM,ESTRUCTURADA,SEGUNDA PARTE,ROTC,22/03/2027,CONFIRMADA,3355271,0,06/07/2014,06/07/2029,8.45,MINISTERIO DE HACIENDA,HACIENDA,65478
DO1005204412,MH12029,HACIENDA/11.375 BOEST 20290706 GTIA,8300000,DOP,83,7.92641409,108.443716,21/09/2026,01:29:52 PM,ESTRUCTURADA,PRIMERA PARTE,ROTC,21/09/2026,CONFIRMADA,3355271,0,06/07/2014,06/07/2029,8.45,MINISTERIO DE HACIENDA,HACIENDA,65492
DO1005204412,MH12029,HACIENDA/11.375 BOEST 20290706 GTIA,2400000,DOP,24,6.98314013,110.330924,21/09/2026,01:29:51 PM,PRESTAMO,SEGUNDA PARTE,ROTC,20/11/2026,CONFIRMADA,3355276,0,06/07/2014,06/07/2029,7.95,MINISTERIO DE HACIENDA,HACIENDA,63070
DO1005204412,MH12029,HACIENDA/11.375 BOEST 20290706 GTIA,2400000,DOP,24,7.06688535,110.702187,21/09/2026,01:29:51 PM,PRESTAMO,PRIMERA PARTE,ROTC,21/09/2026,CONFIRMADA,3355276,0,06/07/2014,06/07/2029,7.95,MINISTERIO DE HACIENDA,HACIENDA,63308
USP3579ECZ80,BSRD2035, ,24000,USD,24,6.8464,93.658958,21/09/2026,01:29:50 PM,ESTRUCTURADA,SEGUNDA PARTE,ROTC,19/01/2027,CONFIRMADA,3355229,0,28/10/2025,28/10/2035,5.2,MINISTERIO DE HACIENDA,HACIENDA,50428
USP3579ECZ80,BSRD2035, ,24000,USD,24,6.7804,93.916319,21/09/2026,01:29:50 PM,ESTRUCTURADA,PRIMERA PARTE,ROTC,21/09/2026,CONFIRMADA,3355229,0,28/10/2025,28/10/2035,5.2,MINISTERIO DE HACIENDA,HACIENDA,50386
DO1005204412,MH12029,HACIENDA/11.375 BOEST 20290706 GTIA,2400000,DOP,24,6.98314013,110.330924,21/09/2026,01:29:50 PM,ESTRUCTURADA,SEGUNDA PARTE,ROTC,20/11/2026,CONFIRMADA,3355272,0,06/07/2014,06/07/2029,7.95,MINISTERIO DE HACIENDA,HACIENDA,65163
DO1005204412,MH12029,HACIENDA/11.375 BOEST 20290706 GTIA,2400000,DOP,24,7.06688535,110.702187,21/09/2026,01:29:50 PM,ESTRUCTURADA,PRIMERA PARTE,ROTC,21/09/2026,CONFIRMADA,3355272,0,06/07/2014,06/07/2029,7.95,MINISTERIO DE HACIENDA,HACIENDA,65401
USP3579ECZ80,BSRD2035, ,24000,USD,24,0,0,21/09/2026,01:29:49 PM,PRESTAMO,SEGUNDA PARTE,ROTC,26/10/2035,CONFIRMADA,3355230,0,28/10/2025,28/10/2035,0,MINISTERIO DE HACIENDA,HACIENDA,43456
USP3579ECZ80,BSRD2035, ,24000,USD,24,6.7804,93.916319,21/09/2026,01:29:49 PM,PRESTAMO,PRIMERA PARTE,ROTC,21/09/2026,CONFIRMADA,3355230,0,28/10/2025,28/10/2035,0,MINISTERIO DE HACIENDA,HACIENDA,48342
USP3579ECZ80,BSRD2035, ,17000,USD,17,6.7252,94.459479,21/09/2026,01:29:47 PM,ESTRUCTURADA,SEGUNDA PARTE,ROTC,18/02/2027,CONFIRMADA,3355231,0,28/10/2025,28/10/2035,4.65,MINISTERIO DE HACIENDA,HACIENDA,50442
USP3579ECZ80,BSRD2035, ,17000,USD,17,6.6178,94.973143,21/09/2026,01:29:47 PM,ESTRUCTURADA,PRIMERA PARTE,ROTC,21/09/2026,CONFIRMADA,3355231,0,28/10/2025,28/10/2035,4.65,MINISTERIO DE HACIENDA,HACIENDA,50470
USP3579ECZ80,BSRD2035, ,17000,USD,17,0,0,21/09/2026,01:29:46 PM,PRESTAMO,SEGUNDA PARTE,ROTC,26/10/2035,CONFIRMADA,3355232,0,28/10/2025,28/10/2035,0,MINISTERIO DE HACIENDA,HACIENDA,43463
USP3579ECZ80,BSRD2035, ,17000,USD,17,6.6178,94.973143,21/09/2026,01:29:46 PM,PRESTAMO,PRIMERA PARTE,ROTC,21/09/2026,CONFIRMADA,3355232,0,28/10/2025,28/10/2035,0,MINISTERIO DE HACIENDA,HACIENDA,48363
DO1002261423,NO301129,BCENTRAL/9.5 BOEST 20291130 GTIA,280000,DOP,28,10.26188263,97.94278,21/09/2026,01:29:45 PM,CONTADO,PRIMERA PARTE,ROTC,21/09/2026,CONFIRMADA,3355233,0,30/11/2025,30/11/2029,0,BANCO CENTRAL DE LA REPUBLICA DOMINICANA,BCENTRAL,61621
DO1002261423,NO301129,BCENTRAL/9.5 BOEST 20291130 GTIA,280000,DOP,28,10.26188263,97.94278,21/09/2026,01:29:44 PM,CONTADO,PRIMERA PARTE,ROTC,21/09/2026,CONFIRMADA,3355234,0,30/11/2025,30/11/2029,0,BANCO CENTRAL DE LA REPUBLICA DOMINICANA,BCENTRAL,61614
DO1002262124,LE110627,BCENTRAL/ LT 20270611 GTIA,1230000,DOP,123,8.1152,95.41849,21/09/2026,01:29:42 PM,ESTRUCTURADA,SEGUNDA PARTE,ROTC,10/11/2026,CONFIRMADA,3355235,0,03/09/2026,11/06/2027,9.55,BANCO CENTRAL DE LA REPUBLICA DOMINICANA,BCENTRAL,60305
DO1002262124,LE110627,BCENTRAL/ LT 20270611 GTIA,1230000,DOP,123,8.4751,94.169437,21/09/2026,01:29:42 PM,ESTRUCTURADA,PRIMERA PARTE,ROTC,21/09/2026,CONFIRMADA,3355235,0,03/09/2026,11/06/2027,9.55,BANCO CENTRAL DE LA REPUBLICA DOMINICANA,BCENTRAL,60844
DO1002262124,LE110627,BCENTRAL/ LT 20270611 GTIA,1230000,DOP,123,0,0,21/09/2026,01:29:41 PM,PRESTAMO,SEGUNDA PARTE,ROTC,10/06/2027,CONFIRMADA,3355236,0,03/09/2026,11/06/2027,0,BANCO CENTRAL DE LA REPUBLICA DOMINICANA,BCENTRAL,53830
DO1002262124,LE110627,BCENTRAL/ LT 20270611 GTIA,1230000,DOP,123,8.4751,94.169437,21/09/2026,01:29:41 PM,PRESTAMO,PRIMERA PARTE,ROTC,21/09/2026,CONFIRMADA,3355236,0,03/09/2026,11/06/2027,0,BANCO CENTRAL DE LA REPUBLICA DOMINICANA,BCENTRAL,58737
USP3579ECH82,BSRD2032,"DOMINICAN, REP /4.875 BD 20320923",328000,USD,328,6.4359,92.664618,21/09/2026,01:29:40 PM,ESTRUCTURADA,SEGUNDA PARTE,ROTC,19/01/2027,CONFIRMADA,3355237,0,23/09/2020,23/09/2032,4.95,MINISTERIO DE HACIENDA,HACIENDA,64113
USP3579ECH82,BSRD2032,"DOMINICAN, REP /4.875 BD 20320923",328000,USD,328,6.3576,92.693324,21/09/2026,01:29:40 PM,ESTRUCTURADA,PRIMERA PARTE,ROTC,21/09/2026,CONFIRMADA,3355237,0,23/09/2020,23/09/2032,4.95,MINISTERIO DE HACIENDA,HACIENDA,64148
USP3579ECH82,BSRD2032,"DOMINICAN, REP /4.875 BD 20320923",328000,USD,328,0,0,21/09/2026,01:29:39 PM,PRESTAMO,SEGUNDA PARTE,ROTC,22/09/2032,CONFIRMADA,3355238,0,23/09/2020,23/09/2032,0,MINISTERIO DE HACIENDA,HACIENDA,57232
USP3579ECH82,BSRD2032,"DOMINICAN, REP /4.875 BD 20320923",328000,USD,328,6.3576,92.693324,21/09/2026,01:29:39 PM,PRESTAMO,PRIMERA PARTE,ROTC,21/09/2026,CONFIRMADA,3355238,0,23/09/2020,23/09/2032,0,MINISTERIO DE HACIENDA,HACIENDA,62104
DO1005206011,MH12032,HACIENDA/12 BOEST 20320305 GTIA,600000,DOP,6,8.5186,113.839188,21/09/2026,01:29:38 PM,ESTRUCTURADA,SEGUNDA PARTE,ROTC,22/03/2027,CONFIRMADA,3355239,0,05/03/2017,05/03/2032,9.2,MINISTERIO DE HACIENDA,HACIENDA,61733
DO1005206011,MH12032,HACIENDA/12 BOEST 20320305 GTIA,600000,DOP,6,8.6115,114.473973,21/09/2026,01:29:38 PM,ESTRUCTURADA,PRIMERA PARTE,ROTC,21/09/2026,CONFIRMADA,3355239,0,05/03/2017,05/03/2032,9.2,MINISTERIO DE HACIENDA,HACIENDA,61754
DO1005206011,MH12032,HACIENDA/12 BOEST 20320305 GTIA,600000,DOP,6,0,0,21/09/2026,01:29:37 PM,PRESTAMO,SEGUNDA PARTE,ROTC,04/03/2032,CONFIRMADA,3355240,0,05/03/2017,05/03/2032,0,MINISTERIO DE HACIENDA,HACIENDA,54432
DO1005206011,MH12032,HACIENDA/12 BOEST 20320305 GTIA,600000,DOP,6,8.6115,114.473973,21/09/2026,01:29:37 PM,PRESTAMO,PRIMERA PARTE,ROTC,21/09/2026,CONFIRMADA,3355240,0,05/03/2017,05/03/2032,0,MINISTERIO DE HACIENDA,HACIENDA,59647
USP3579ECQ81,BSDR2033, ,50000,DOP,1,9.744,117.390194,21/09/2026,01:29:36 PM,ESTRUCTURADA,SEGUNDA PARTE,ROTC,20/01/2027,CONFIRMADA,3355241,0,03/02/2023,03/02/2033,9.2,MINISTERIO DE HACIENDA,HACIENDA,49735
USP3579ECQ81,BSDR2033, ,50000,DOP,1,9.7211,118.183333,21/09/2026,01:29:36 PM,ESTRUCTURADA,PRIMERA PARTE,ROTC,21/09/2026,CONFIRMADA,3355241,0,03/02/2023,03/02/2033,9.2,MINISTERIO DE HACIENDA,HACIENDA,50134
USP3579ECQ81,BSDR2033, ,50000,DOP,1,0,0,21/09/2026,01:29:34 PM,PRESTAMO,SEGUNDA PARTE,ROTC,02/02/2033,CONFIRMADA,3355242,0,03/02/2023,03/02/2033,0,MINISTERIO DE HACIENDA,HACIENDA,42854
USP3579ECQ81,BSDR2033, ,50000,DOP,1,9.7211,118.183333,21/09/2026,01:29:34 PM,PRESTAMO,PRIMERA PARTE,ROTC,21/09/2026,CONFIRMADA,3355242,0,03/02/2023,03/02/2033,0,MINISTERIO DE HACIENDA,HACIENDA,48020
USP3579EAY34,BSRD2044,DOMINICAN Rep/7.45 BD 20440430 GO,483000,USD,483,7.039,104.056044,21/09/2026,01:29:33 PM,ESTRUCTURADA,SEGUNDA PARTE,ROTC,19/01/2027,CONFIRMADA,3355243,0,30/04/2014,30/04/2044,4.95,MINISTERIO DE HACIENDA,HACIENDA,64848
USP3579EAY34,BSRD2044,DOMINICAN Rep/7.45 BD 20440430 GO,483000,USD,483,6.9789,104.72193,21/09/2026,01:29:33 PM,ESTRUCTURADA,PRIMERA PARTE,ROTC,21/09/2026,CONFIRMADA,3355243,0,30/04/2014,30/04/2044,4.95,MINISTERIO DE HACIENDA,HACIENDA,65072
USP3579EAY34,BSRD2044,DOMINICAN Rep/7.45 BD 20440430 GO,483000,USD,483,0,0,21/09/2026,01:29:32 PM,PRESTAMO,SEGUNDA PARTE,ROTC,29/04/2044,CONFIRMADA,3355244,0,30/04/2014,30/04/2044,0,MINISTERIO DE HACIENDA,HACIENDA,58121
USP3579EAY34,BSRD2044,DOMINICAN Rep/7.45 BD 20440430 GO,483000,USD,483,6.9789,104.72193,21/09/2026,01:29:32 PM,PRESTAMO,PRIMERA PARTE,ROTC,21/09/2026,CONFIRMADA,3355244,0,30/04/2014,30/04/2044,0,MINISTERIO DE HACIENDA,HACIENDA,62965
DO1002262223,LE030927,BCENTRAL/ LT 20270903 GTIA,480000,DOP,48,8.657,94.200879,21/09/2026,01:29:31 PM,ESTRUCTURADA,SEGUNDA PARTE,ROTC,21/12/2026,CONFIRMADA,3355245,0,03/09/2026,03/09/2027,9.25,BANCO CENTRAL DE LA REPUBLICA DOMINICANA,BCENTRAL,59836
DO1002262223,LE030927,BCENTRAL/ LT 20270903 GTIA,480000,DOP,48,8.9619,92.048604,21/09/2026,01:29:31 PM,ESTRUCTURADA,PRIMERA PARTE,ROTC,21/09/2026,CONFIRMADA,3355245,0,03/09/2026,03/09/2027,9.25,BANCO CENTRAL DE LA REPUBLICA DOMINICANA,BCENTRAL,60284
DO1002262223,LE030927,BCENTRAL/ LT 20270903 GTIA,480000,DOP,48,0,0,21/09/2026,01:29:29 PM,PRESTAMO,SEGUNDA PARTE,ROTC,02/09/2027,CONFIRMADA,3355246,0,03/09/2026,03/09/2027,0,BANCO CENTRAL DE LA REPUBLICA DOMINICANA,BCENTRAL,53368
DO1002262223,LE030927,BCENTRAL/ LT 20270903 GTIA,480000,DOP,48,8.9619,92.048604,21/09/2026,01:29:29 PM,PRESTAMO,PRIMERA PARTE,ROTC,21/09/2026,CONFIRMADA,3355246,0,03/09/2026,03/09/2027,0,BANCO CENTRAL DE LA REPUBLICA DOMINICANA,BCENTRAL,58233
DO1005210922,MH22034,HACIENDA/13 BOEST 20340610 GTIA,800000,DOP,8,8.9972,120.884384,21/09/2026,01:29:28 PM,ESTRUCTURADA,SEGUNDA PARTE,ROTC,22/03/2027,CONFIRMADA,3355247,0,10/06/2022,10/06/2034,9.55,MINISTERIO DE HACIENDA,HACIENDA,61852
DO1005210922,MH22034,HACIENDA/13 BOEST 20340610 GTIA,800000,DOP,8,9.0875,121.331507,21/09/2026,01:29:28 PM,ESTRUCTURADA,PRIMERA PARTE,ROTC,21/09/2026,CONFIRMADA,3355247,0,10/06/2022,10/06/2034,9.55,MINISTERIO DE HACIENDA,HACIENDA,61796
DO1005210922,MH22034,HACIENDA/13 BOEST 20340610 GTIA,800000,DOP,8,0,0,21/09/2026,01:29:27 PM,PRESTAMO,SEGUNDA PARTE,ROTC,09/06/2034,CONFIRMADA,3355248,0,10/06/2022,10/06/2034,0,MINISTERIO DE HACIENDA,HACIENDA,54600
DO1005210922,MH22034,HACIENDA/13 BOEST 20340610 GTIA,800000,DOP,8,9.0875,121.331507,21/09/2026,01:29:27 PM,PRESTAMO,PRIMERA PARTE,ROTC,21/09/2026,CONFIRMADA,3355248,0,10/06/2022,10/06/2034,0,MINISTERIO DE HACIENDA,HACIENDA,59689
DO1005206011,MH12032,HACIENDA/12 BOEST 20320305 GTIA,700000,DOP,7,8.7458,113.510893,21/09/2026,01:29:26 PM,ESTRUCTURADA,SEGUNDA PARTE,ROTC,20/11/2026,CONFIRMADA,3355249,0,05/03/2017,05/03/2032,9.05,MINISTERIO DE HACIENDA,HACIENDA,61649
DO1005206011,MH12032,HACIENDA/12 BOEST 20320305 GTIA,700000,DOP,7,8.7652,113.759687,21/09/2026,01:29:26 PM,ESTRUCTURADA,PRIMERA PARTE,ROTC,21/09/2026,CONFIRMADA,3355249,0,05/03/2017,05/03/2032,9.05,MINISTERIO DE HACIENDA,HACIENDA,61852
DO1005206011,MH12032,HACIENDA/12 BOEST 20320305 GTIA,700000,DOP,7,0,0,21/09/2026,01:29:24 PM,PRESTAMO,SEGUNDA PARTE,ROTC,04/03/2032,CONFIRMADA,3355250,0,05/03/2017,05/03/2032,0,MINISTERIO DE HACIENDA,HACIENDA,54418
DO1005206011,MH12032,HACIENDA/12 BOEST 20320305 GTIA,700000,DOP,7,8.7652,113.759687,21/09/2026,01:29:24 PM,PRESTAMO,PRIMERA PARTE,ROTC,21/09/2026,CONFIRMADA,3355250,0,05/03/2017,05/03/2032,0,MINISTERIO DE HACIENDA,HACIENDA,59738
DO1002262223,LE030927,BCENTRAL/ LT 20270903 GTIA,1060000,DOP,106,8.3828,94.395022,21/09/2026,01:29:23 PM,ESTRUCTURADA,SEGUNDA PARTE,ROTC,22/12/2026,CONFIRMADA,3355251,0,03/09/2026,03/09/2027,9.25,BANCO CENTRAL DE LA REPUBLICA DOMINICANA,BCENTRAL,60774
DO1002262223,LE030927,BCENTRAL/ LT 20270903 GTIA,1060000,DOP,106,8.7583,92.215158,21/09/2026,01:29:23 PM,ESTRUCTURADA,PRIMERA PARTE,ROTC,21/09/2026,CONFIRMADA,3355251,0,03/09/2026,03/09/2027,9.25,BANCO CENTRAL DE LA REPUBLICA DOMINICANA,BCENTRAL,60879
DO1002262223,LE030927,BCENTRAL/ LT 20270903 GTIA,1060000,DOP,106,0,0,21/09/2026,01:29:22 PM,PRESTAMO,SEGUNDA PARTE,ROTC,02/09/2027,CONFIRMADA,3355252,0,03/09/2026,03/09/2027,0,BANCO CENTRAL DE LA REPUBLICA DOMINICANA,BCENTRAL,53921
DO1002262223,LE030927,BCENTRAL/ LT 20270903 GTIA,1060000,DOP,106,8.7583,92.215158,21/09/2026,01:29:22 PM,PRESTAMO,PRIMERA PARTE,ROTC,21/09/2026,CONFIRMADA,3355252,0,03/09/2026,03/09/2027,0,BANCO CENTRAL DE LA REPUBLICA DOMINICANA,BCENTRAL,58772
DO1002261522,NO180130,BCENTRAL/9.5 BOEST 20300118 GTIA,80000,DOP,8,9.8062,99.190821,21/09/2026,01:29:21 PM,ESTRUCTURADA,SEGUNDA PARTE,ROTC,23/12/2026,CONFIRMADA,3355253,0,18/01/2026,18/01/2030,9.1,BANCO CENTRAL DE LA REPUBLICA DOMINICANA,BCENTRAL,62062
DO1002261522,NO180130,BCENTRAL/9.5 BOEST 20300118 GTIA,80000,DOP,8,9.7713,99.219698,21/09/2026,01:29:21 PM,ESTRUCTURADA,PRIMERA PARTE,ROTC,21/09/2026,CONFIRMADA,3355253,0,18/01/2026,18/01/2030,9.1,BANCO CENTRAL DE LA REPUBLICA DOMINICANA,BCENTRAL,62265
DO1002261522,NO180130,BCENTRAL/9.5 BOEST 20300118 GTIA,80000,DOP,8,0,0,21/09/2026,01:29:19 PM,PRESTAMO,SEGUNDA PARTE,ROTC,17/01/2030,CONFIRMADA,3355255,0,18/01/2026,18/01/2030,0,BANCO CENTRAL DE LA REPUBLICA DOMINICANA,BCENTRAL,55195
DO1002261522,NO180130,BCENTRAL/9.5 BOEST 20300118 GTIA,80000,DOP,8,9.7713,99.219698,21/09/2026,01:29:19 PM,PRESTAMO,PRIMERA PARTE,ROTC,21/09/2026,CONFIRMADA,3355255,0,18/01/2026,18/01/2030,0,BANCO CENTRAL DE LA REPUBLICA DOMINICANA,BCENTRAL,60214
DO1002261423,NO301129,BCENTRAL/9.5 BOEST 20291130 GTIA,50000,DOP,5,10.0752,98.524652,21/09/2026,01:29:18 PM,ESTRUCTURADA,SEGUNDA PARTE,ROTC,20/11/2026,CONFIRMADA,3355256,0,30/11/2025,30/11/2029,9.05,BANCO CENTRAL DE LA REPUBLICA DOMINICANA,BCENTRAL,62356
DO1002261423,NO301129,BCENTRAL/9.5 BOEST 20291130 GTIA,50000,DOP,5,10.0348,98.542825,21/09/2026,01:29:18 PM,ESTRUCTURADA,PRIMERA PARTE,ROTC,21/09/2026,CONFIRMADA,3355256,0,30/11/2025,30/11/2029,9.05,BANCO CENTRAL DE LA REPUBLICA DOMINICANA,BCENTRAL,62496
DO1002261423,NO301129,BCENTRAL/9.5 BOEST 20291130 GTIA,50000,DOP,5,0,0,21/09/2026,01:29:17 PM,PRESTAMO,SEGUNDA PARTE,ROTC,29/11/2029,CONFIRMADA,3355258,0,30/11/2025,30/11/2029,0,BANCO CENTRAL DE LA REPUBLICA DOMINICANA,BCENTRAL,55265
DO1002261423,NO301129,BCENTRAL/9.5 BOEST 20291130 GTIA,50000,DOP,5,10.0348,98.542825,21/09/2026,01:29:17 PM,PRESTAMO,PRIMERA PARTE,ROTC,21/09/2026,CONFIRMADA,3355258,0,30/11/2025,30/11/2029,0,BANCO CENTRAL DE LA REPUBLICA DOMINICANA,BCENTRAL,60389
USP3579ECV76,BSDR2036, ,3900000,DOP,78,9.1724,109.954587,21/09/2026,01:29:16 PM,ESTRUCTURADA,SEGUNDA PARTE,ROTC,25/09/2026,CONFIRMADA,3355259,0,01/07/2024,01/06/2036,6.45,MINISTERIO DE HACIENDA,HACIENDA,51464
USP3579ECV76,BSDR2036, ,3900000,DOP,78,9.1677,109.992849,21/09/2026,01:29:16 PM,ESTRUCTURADA,PRIMERA PARTE,ROTC,21/09/2026,CONFIRMADA,3355259,0,01/07/2024,01/06/2036,6.45,MINISTERIO DE HACIENDA,HACIENDA,51569
USP3579ECV76,BSDR2036, ,3900000,DOP,78,0,0,21/09/2026,01:29:15 PM,PRESTAMO,SEGUNDA PARTE,ROTC,30/05/2036,CONFIRMADA,3355260,0,01/07/2024,01/06/2036,0,MINISTERIO DE HACIENDA,HACIENDA,44135
USP3579ECV76,BSDR2036, ,3900000,DOP,78,9.1677,109.992849,21/09/2026,01:29:15 PM,PRESTAMO,PRIMERA PARTE,ROTC,21/09/2026,CONFIRMADA,3355260,0,01/07/2024,01/06/2036,0,MINISTERIO DE HACIENDA,HACIENDA,49462
DO1002261522,NO180130,BCENTRAL/9.5 BOEST 20300118 GTIA,50000,DOP,5,9.5494,99.856526,21/09/2026,01:29:13 PM,ESTRUCTURADA,SEGUNDA PARTE,ROTC,21/12/2026,CONFIRMADA,3355261,0,18/01/2026,18/01/2030,9.25,BANCO CENTRAL DE LA REPUBLICA DOMINICANA,BCENTRAL,62132
DO1002261522,NO180130,BCENTRAL/9.5 BOEST 20300118 GTIA,50000,DOP,5,9.5511,99.832191,21/09/2026,01:29:13 PM,ESTRUCTURADA,PRIMERA PARTE,ROTC,21/09/2026,CONFIRMADA,3355261,0,18/01/2026,18/01/2030,9.25,BANCO CENTRAL DE LA REPUBLICA DOMINICANA,BCENTRAL,62111
DO1002261522,NO180130,BCENTRAL/9.5 BOEST 20300118 GTIA,50000,DOP,5,0,0,21/09/2026,01:29:12 PM,PRESTAMO,SEGUNDA PARTE,ROTC,17/01/2030,CONFIRMADA,3355262,0,18/01/2026,18/01/2030,0,BANCO CENTRAL DE LA REPUBLICA DOMINICANA,BCENTRAL,55104
DO1002261522,NO180130,BCENTRAL/9.5 BOEST 20300118 GTIA,50000,DOP,5,9.5511,99.832191,21/09/2026,01:29:12 PM,PRESTAMO,PRIMERA PARTE,ROTC,21/09/2026,CONFIRMADA,3355262,0,18/01/2026,18/01/2030,0,BANCO CENTRAL DE LA REPUBLICA DOMINICANA,BCENTRAL,60004
USP3579ECV76,BSDR2036, ,250000,DOP,5,8.1289,116.93297,21/09/2026,01:29:11 PM,ESTRUCTURADA,SEGUNDA PARTE,ROTC,20/01/2027,CONFIRMADA,3355263,0,01/07/2024,01/06/2036,9.35,MINISTERIO DE HACIENDA,HACIENDA,50197
USP3579ECV76,BSDR2036, ,250000,DOP,5,8.212,116.715278,21/09/2026,01:29:11 PM,ESTRUCTURADA,PRIMERA PARTE,ROTC,21/09/2026,CONFIRMADA,3355263,0,01/07/2024,01/06/2036,9.35,MINISTERIO DE HACIENDA,HACIENDA,50211
USP3579ECV76,BSDR2036, ,250000,DOP,5,0,0,21/09/2026,01:29:10 PM,PRESTAMO,SEGUNDA PARTE,ROTC,30/05/2036,CONFIRMADA,3355264,0,01/07/2024,01/06/2036,0,MINISTERIO DE HACIENDA,HACIENDA,43323
USP3579ECV76,BSDR2036, ,250000,DOP,5,8.212,116.715278,21/09/2026,01:29:10 PM,PRESTAMO,PRIMERA PARTE,ROTC,21/09/2026,CONFIRMADA,3355264,0,01/07/2024,01/06/2036,0,MINISTERIO DE HACIENDA,HACIENDA,48104
DO1002261423,NO301129,BCENTRAL/9.5 BOEST 20291130 GTIA,310000,DOP,31,9.59122998,99.74926,21/09/2026,01:28:10 PM,PRESTAMO,SEGUNDA PARTE,ROTC,05/11/2026,CONFIRMADA,3355274,0,30/11/2025,30/11/2029,7.4,BANCO CENTRAL DE LA REPUBLICA DOMINICANA,BCENTRAL,61852
DO1002261423,NO301129,BCENTRAL/9.5 BOEST 20291130 GTIA,310000,DOP,31,9.50550869,99.959101,21/09/2026,01:28:10 PM,PRESTAMO,PRIMERA PARTE,ROTC,21/09/2026,CONFIRMADA,3355274,0,30/11/2025,30/11/2029,7.4,BANCO CENTRAL DE LA REPUBLICA DOMINICANA,BCENTRAL,62216
DO1002261423,NO301129,BCENTRAL/9.5 BOEST 20291130 GTIA,310000,DOP,31,9.59122998,99.74926,21/09/2026,01:28:09 PM,ESTRUCTURADA,SEGUNDA PARTE,ROTC,05/11/2026,CONFIRMADA,3355254,0,30/11/2025,30/11/2029,7.4,BANCO CENTRAL DE LA REPUBLICA DOMINICANA,BCENTRAL,64008
DO1002261423,NO301129,BCENTRAL/9.5 BOEST 20291130 GTIA,310000,DOP,31,9.50550869,99.959101,21/09/2026,01:28:09 PM,ESTRUCTURADA,PRIMERA PARTE,ROTC,21/09/2026,CONFIRMADA,3355254,0,30/11/2025,30/11/2029,7.4,BANCO CENTRAL DE LA REPUBLICA DOMINICANA,BCENTRAL,64372
DO1005204412,MH12029,HACIENDA/11.375 BOEST 20290706 GTIA,900000,DOP,9,7.79520364,108.545041,21/09/2026,01:28:07 PM,PRESTAMO,SEGUNDA PARTE,ROTC,21/10/2026,CONFIRMADA,3355273,0,06/07/2014,06/07/2029,8.3,MINISTERIO DE HACIENDA,HACIENDA,62531
DO1005204412,MH12029,HACIENDA/11.375 BOEST 20290706 GTIA,900000,DOP,9,7.82333758,108.711454,21/09/2026,01:28:07 PM,PRESTAMO,PRIMERA PARTE,ROTC,21/09/2026,CONFIRMADA,3355273,0,06/07/2014,06/07/2029,8.3,MINISTERIO DE HACIENDA,HACIENDA,62692
DO1005204412,MH12029,HACIENDA/11.375 BOEST 20290706 GTIA,900000,DOP,9,7.79520364,108.545041,21/09/2026,01:28:06 PM,ESTRUCTURADA,SEGUNDA PARTE,ROTC,21/10/2026,CONFIRMADA,3355257,0,06/07/2014,06/07/2029,8.3,MINISTERIO DE HACIENDA,HACIENDA,64624
DO1005204412,MH12029,HACIENDA/11.375 BOEST 20290706 GTIA,900000,DOP,9,7.82333758,108.711454,21/09/2026,01:28:06 PM,ESTRUCTURADA,PRIMERA PARTE,ROTC,21/09/2026,CONFIRMADA,3355257,0,06/07/2014,06/07/2029,8.3,MINISTERIO DE HACIENDA,HACIENDA,64785
DO1002261126,NO280929,BCENTRAL/9.5 BOEST 20290928 GTIA,700000000,DOP,70000,9.484,100.037112,21/09/2026,01:27:53 PM,CONTADO,PRIMERA PARTE,ROTC,21/09/2026,CONFIRMADA,3355084,0,28/09/2025,28/09/2029,0,BANCO CENTRAL DE LA REPUBLICA DOMINICANA,BCENTRAL,62125
DO1005212019,MH32034,HACIENDA/13.625 BOEST 20340210 GTIA,550000000,DOP,5500,8.428,128.155531,21/09/2026,01:27:46 PM,CONTADO,PRIMERA PARTE,ROTC,21/09/2026,CONFIRMADA,3355123,0,10/02/2023,10/02/2034,0,MINISTERIO DE HACIENDA,HACIENDA,62097
DO1002261126,NO280929,BCENTRAL/9.5 BOEST 20290928 GTIA,700000000,DOP,70000,10.618,97.170803,21/09/2026,01:27:22 PM,CONTADO,PRIMERA PARTE,ROTC,21/09/2026,CONFIRMADA,3355139,0,28/09/2025,28/09/2029,0,BANCO CENTRAL DE LA REPUBLICA DOMINICANA,BCENTRAL,62174
DO1005212019,MH32034,HACIENDA/13.625 BOEST 20340210 GTIA,550000000,DOP,5500,9.01,124.509612,21/09/2026,01:26:38 PM,CONTADO,PRIMERA PARTE,ROTC,21/09/2026,CONFIRMADA,3355076,0,10/02/2023,10/02/2034,0,MINISTERIO DE HACIENDA,HACIENDA,61670
DO1005208322,MHUS2040,HACIENDA/6.75 BOEST 20400724 GTIA,820000,USD,820,4.6872,120.797561,21/09/2026,01:25:47 PM,PRESTAMO,SEGUNDA PARTE,ROTC,30/09/2026,CONFIRMADA,3355226,0,24/07/2020,24/07/2040,0.944476,MINISTERIO DE HACIENDA,HACIENDA,62055
DO1005208322,MHUS2040,HACIENDA/6.75 BOEST 20400724 GTIA,820000,USD,820,4.6822,120.88247,21/09/2026,01:25:47 PM,PRESTAMO,PRIMERA PARTE,ROTC,21/09/2026,CONFIRMADA,3355226,0,24/07/2020,24/07/2040,0.944476,MINISTERIO DE HACIENDA,HACIENDA,61705
DO1005208322,MHUS2040,HACIENDA/6.75 BOEST 20400724 GTIA,820000,USD,820,4.6872,120.797561,21/09/2026,01:25:46 PM,PLAZO,PRIMERA PARTE,ROTC,30/09/2026,CONFIRMADA,3355227,0,24/07/2020,24/07/2040,0,MINISTERIO DE HACIENDA,HACIENDA,60508
DO1005208322,MHUS2040,HACIENDA/6.75 BOEST 20400724 GTIA,820000,USD,820,4.6822,120.88247,21/09/2026,01:25:28 PM,CONTADO,PRIMERA PARTE,ROTC,21/09/2026,CONFIRMADA,3355225,0,24/07/2020,24/07/2040,0,MINISTERIO DE HACIENDA,HACIENDA,61005
DO1005206516,MH32028,HACIENDA/10.75 BOEST 20280811 GTIA,26700000,DOP,267,0.65313,112.389604,21/09/2026,01:21:30 PM,PRESTAMO,SEGUNDA PARTE,ROTC,19/05/2027,CONFIRMADA,3355211,0,10/08/2018,11/08/2028,10.75,MINISTERIO DE HACIENDA,HACIENDA,62489
DO1005206516,MH32028,HACIENDA/10.75 BOEST 20280811 GTIA,26700000,DOP,267,6.52439,107.377246,21/09/2026,01:21:30 PM,PRESTAMO,PRIMERA PARTE,ROTC,21/09/2026,CONFIRMADA,3355211,0,10/08/2018,11/08/2028,10.75,MINISTERIO DE HACIENDA,HACIENDA,62622
DO1005206516,MH32028,HACIENDA/10.75 BOEST 20280811 GTIA,26700000,DOP,267,0.65313,112.389604,21/09/2026,01:21:09 PM,ESTRUCTURADA,SEGUNDA PARTE,ROTC,19/05/2027,CONFIRMADA,3355210,0,10/08/2018,11/08/2028,10.75,MINISTERIO DE HACIENDA,HACIENDA,64631
DO1005206516,MH32028,HACIENDA/10.75 BOEST 20280811 GTIA,26700000,DOP,267,6.52439,107.377246,21/09/2026,01:21:09 PM,ESTRUCTURADA,PRIMERA PARTE,ROTC,21/09/2026,CONFIRMADA,3355210,0,10/08/2018,11/08/2028,10.75,MINISTERIO DE HACIENDA,HACIENDA,64764
USP3579ECH82,BSRD2032,"DOMINICAN, REP /4.875 BD 20320923",52000,USD,52,4.38832,102.345901,21/09/2026,01:19:34 PM,PRESTAMO,SEGUNDA PARTE,ROTC,31/03/2027,CONFIRMADA,3355025,0,23/09/2020,23/09/2032,4.875,MINISTERIO DE HACIENDA,HACIENDA,61803
USP3579ECH82,BSRD2032,"DOMINICAN, REP /4.875 BD 20320923",52000,USD,52,5.28734,97.901423,21/09/2026,01:19:34 PM,PRESTAMO,PRIMERA PARTE,ROTC,21/09/2026,CONFIRMADA,3355025,0,23/09/2020,23/09/2032,4.875,MINISTERIO DE HACIENDA,HACIENDA,61635
USP3579ECH82,BSRD2032,"DOMINICAN, REP /4.875 BD 20320923",20000,USD,20,4.85372,100.098542,21/09/2026,01:17:54 PM,PRESTAMO,SEGUNDA PARTE,ROTC,16/02/2027,CONFIRMADA,3355215,0,23/09/2020,23/09/2032,4.875,MINISTERIO DE HACIENDA,HACIENDA,61782
USP3579ECH82,BSRD2032,"DOMINICAN, REP /4.875 BD 20320923",20000,USD,20,5.34951,97.5896,21/09/2026,01:17:54 PM,PRESTAMO,PRIMERA PARTE,ROTC,21/09/2026,CONFIRMADA,3355215,0,23/09/2020,23/09/2032,4.875,MINISTERIO DE HACIENDA,HACIENDA,60942
USP3579ECH82,BSRD2032,"DOMINICAN, REP /4.875 BD 20320923",52000,USD,52,4.38832,102.345901,21/09/2026,01:17:47 PM,ESTRUCTURADA,SEGUNDA PARTE,ROTC,31/03/2027,CONFIRMADA,3355024,0,23/09/2020,23/09/2032,4.875,MINISTERIO DE HACIENDA,HACIENDA,63917
USP3579ECH82,BSRD2032,"DOMINICAN, REP /4.875 BD 20320923",52000,USD,52,5.28734,97.901423,21/09/2026,01:17:47 PM,ESTRUCTURADA,PRIMERA PARTE,ROTC,21/09/2026,CONFIRMADA,3355024,0,23/09/2020,23/09/2032,4.875,MINISTERIO DE HACIENDA,HACIENDA,63749
DO2006901311,BC1ITA01,EGEITABO/5.65 BO 20311208,8145,USD,8145,5.08828394,102.487067,21/09/2026,01:17:19 PM,PRESTAMO,SEGUNDA PARTE,ROTC,20/11/2026,CONFIRMADA,3355221,0,08/12/2021,08/12/2031,4.25,"EMPRESA GENERADORA DE ELECTRICIDAD ITABO, S.A.",EGEITABO,59318
DO2006901311,BC1ITA01,EGEITABO/5.65 BO 20311208,8145,USD,8145,5.06042903,102.687042,21/09/2026,01:17:19 PM,PRESTAMO,PRIMERA PARTE,ROTC,21/09/2026,CONFIRMADA,3355221,0,08/12/2021,08/12/2031,4.25,"EMPRESA GENERADORA DE ELECTRICIDAD ITABO, S.A.",EGEITABO,59276
DO2006901311,BC1ITA01,EGEITABO/5.65 BO 20311208,8145,USD,8145,5.08828394,102.487067,21/09/2026,01:17:18 PM,ESTRUCTURADA,SEGUNDA PARTE,ROTC,20/11/2026,CONFIRMADA,3354949,0,08/12/2021,08/12/2031,4.25,"EMPRESA GENERADORA DE ELECTRICIDAD ITABO, S.A.",EGEITABO,61411
DO2006901311,BC1ITA01,EGEITABO/5.65 BO 20311208,8145,USD,8145,5.06042903,102.687042,21/09/2026,01:17:18 PM,ESTRUCTURADA,PRIMERA PARTE,ROTC,21/09/2026,CONFIRMADA,3354949,0,08/12/2021,08/12/2031,4.25,"EMPRESA GENERADORA DE ELECTRICIDAD ITABO, S.A.",EGEITABO,61369
DO1005208215,MHUS2029,HACIENDA/6.95 BOEST 20290626 GTIA,26000,USD,26,1.66669989,112.95406,21/09/2026,01:17:17 PM,PRESTAMO,SEGUNDA PARTE,ROTC,21/12/2026,CONFIRMADA,3355220,0,26/06/2020,26/06/2029,3.25,MINISTERIO DE HACIENDA,HACIENDA,62594
DO1005208215,MHUS2029,HACIENDA/6.95 BOEST 20290626 GTIA,26000,USD,26,1.82670495,113.743643,21/09/2026,01:17:17 PM,PRESTAMO,PRIMERA PARTE,ROTC,21/09/2026,CONFIRMADA,3355220,0,26/06/2020,26/06/2029,3.25,MINISTERIO DE HACIENDA,HACIENDA,62937
USP3579ECH82,BSRD2032,"DOMINICAN, REP /4.875 BD 20320923",20000,USD,20,4.85372,100.098542,21/09/2026,01:17:16 PM,ESTRUCTURADA,SEGUNDA PARTE,ROTC,16/02/2027,CONFIRMADA,3355214,0,23/09/2020,23/09/2032,4.875,MINISTERIO DE HACIENDA,HACIENDA,63868
USP3579ECH82,BSRD2032,"DOMINICAN, REP /4.875 BD 20320923",20000,USD,20,5.34951,97.5896,21/09/2026,01:17:16 PM,ESTRUCTURADA,PRIMERA PARTE,ROTC,21/09/2026,CONFIRMADA,3355214,0,23/09/2020,23/09/2032,4.875,MINISTERIO DE HACIENDA,HACIENDA,63028
DO1005208215,MHUS2029,HACIENDA/6.95 BOEST 20290626 GTIA,26000,USD,26,1.66669989,112.95406,21/09/2026,01:17:15 PM,ESTRUCTURADA,SEGUNDA PARTE,ROTC,21/12/2026,CONFIRMADA,3355205,0,26/06/2020,26/06/2029,3.25,MINISTERIO DE HACIENDA,HACIENDA,64680
DO1005208215,MHUS2029,HACIENDA/6.95 BOEST 20290626 GTIA,26000,USD,26,1.82670495,113.743643,21/09/2026,01:17:15 PM,ESTRUCTURADA,PRIMERA PARTE,ROTC,21/09/2026,CONFIRMADA,3355205,0,26/06/2020,26/06/2029,3.25,MINISTERIO DE HACIENDA,HACIENDA,65023
DO1002261423,NO301129,BCENTRAL/9.5 BOEST 20291130 GTIA,970000,DOP,97,9.66132487,99.599147,21/09/2026,01:17:14 PM,PRESTAMO,SEGUNDA PARTE,ROTC,22/03/2027,CONFIRMADA,3355219,0,30/11/2025,30/11/2029,8.05,BANCO CENTRAL DE LA REPUBLICA DOMINICANA,BCENTRAL,62370
DO1002261423,NO301129,BCENTRAL/9.5 BOEST 20291130 GTIA,970000,DOP,97,9.43494223,100.149849,21/09/2026,01:17:14 PM,PRESTAMO,PRIMERA PARTE,ROTC,21/09/2026,CONFIRMADA,3355219,0,30/11/2025,30/11/2029,8.05,BANCO CENTRAL DE LA REPUBLICA DOMINICANA,BCENTRAL,62636
DO1002261423,NO301129,BCENTRAL/9.5 BOEST 20291130 GTIA,970000,DOP,97,9.66132487,99.599147,21/09/2026,01:17:13 PM,ESTRUCTURADA,SEGUNDA PARTE,ROTC,22/03/2027,CONFIRMADA,3355206,0,30/11/2025,30/11/2029,8.05,BANCO CENTRAL DE LA REPUBLICA DOMINICANA,BCENTRAL,64463
DO1002261423,NO301129,BCENTRAL/9.5 BOEST 20291130 GTIA,970000,DOP,97,9.43494223,100.149849,21/09/2026,01:17:13 PM,ESTRUCTURADA,PRIMERA PARTE,ROTC,21/09/2026,CONFIRMADA,3355206,0,30/11/2025,30/11/2029,8.05,BANCO CENTRAL DE LA REPUBLICA DOMINICANA,BCENTRAL,64729
DO1002261423,NO301129,BCENTRAL/9.5 BOEST 20291130 GTIA,970000,DOP,97,9.48702677,100.015427,21/09/2026,01:17:12 PM,PRESTAMO,SEGUNDA PARTE,ROTC,21/10/2026,CONFIRMADA,3355218,0,30/11/2025,30/11/2029,7.45,BANCO CENTRAL DE LA REPUBLICA DOMINICANA,BCENTRAL,62461
DO1002261423,NO301129,BCENTRAL/9.5 BOEST 20291130 GTIA,970000,DOP,97,9.43494223,100.149849,21/09/2026,01:17:12 PM,PRESTAMO,PRIMERA PARTE,ROTC,21/09/2026,CONFIRMADA,3355218,0,30/11/2025,30/11/2029,7.45,BANCO CENTRAL DE LA REPUBLICA DOMINICANA,BCENTRAL,62622
DO1002261423,NO301129,BCENTRAL/9.5 BOEST 20291130 GTIA,970000,DOP,97,9.48702677,100.015427,21/09/2026,01:17:11 PM,ESTRUCTURADA,SEGUNDA PARTE,ROTC,21/10/2026,CONFIRMADA,3355207,0,30/11/2025,30/11/2029,7.45,BANCO CENTRAL DE LA REPUBLICA DOMINICANA,BCENTRAL,64554
DO1002261423,NO301129,BCENTRAL/9.5 BOEST 20291130 GTIA,970000,DOP,97,9.43494223,100.149849,21/09/2026,01:17:11 PM,ESTRUCTURADA,PRIMERA PARTE,ROTC,21/09/2026,CONFIRMADA,3355207,0,30/11/2025,30/11/2029,7.45,BANCO CENTRAL DE LA REPUBLICA DOMINICANA,BCENTRAL,64715
DO1002261423,NO301129,BCENTRAL/9.5 BOEST 20291130 GTIA,580000,DOP,58,9.42356741,100.152153,21/09/2026,01:17:09 PM,PRESTAMO,SEGUNDA PARTE,ROTC,22/03/2027,CONFIRMADA,3355217,0,30/11/2025,30/11/2029,8.4,BANCO CENTRAL DE LA REPUBLICA DOMINICANA,BCENTRAL,62412
DO1002261423,NO301129,BCENTRAL/9.5 BOEST 20291130 GTIA,580000,DOP,58,9.30387609,100.505341,21/09/2026,01:17:09 PM,PRESTAMO,PRIMERA PARTE,ROTC,21/09/2026,CONFIRMADA,3355217,0,30/11/2025,30/11/2029,8.4,BANCO CENTRAL DE LA REPUBLICA DOMINICANA,BCENTRAL,62538
DO1002261423,NO301129,BCENTRAL/9.5 BOEST 20291130 GTIA,580000,DOP,58,9.42356741,100.152153,21/09/2026,01:17:08 PM,ESTRUCTURADA,SEGUNDA PARTE,ROTC,22/03/2027,CONFIRMADA,3355208,0,30/11/2025,30/11/2029,8.4,BANCO CENTRAL DE LA REPUBLICA DOMINICANA,BCENTRAL,64505
DO1002261423,NO301129,BCENTRAL/9.5 BOEST 20291130 GTIA,580000,DOP,58,9.30387609,100.505341,21/09/2026,01:17:08 PM,ESTRUCTURADA,PRIMERA PARTE,ROTC,21/09/2026,CONFIRMADA,3355208,0,30/11/2025,30/11/2029,8.4,BANCO CENTRAL DE LA REPUBLICA DOMINICANA,BCENTRAL,64631
DO2016300124,BC1GUL01,GULFSTREAM/11.25 BO 20290528,97499,DOP,97499,10.5525682,101.523138,21/09/2026,01:17:07 PM,PRESTAMO,SEGUNDA PARTE,ROTC,20/11/2026,CONFIRMADA,3355216,0,28/05/2019,28/05/2029,9.05,GULFSTREAM PETROLEUM DOMINICANA S DE RL,GULFSTREAM,61726
DO2016300124,BC1GUL01,GULFSTREAM/11.25 BO 20290528,97499,DOP,97499,10.45828683,101.825428,21/09/2026,01:17:07 PM,PRESTAMO,PRIMERA PARTE,ROTC,21/09/2026,CONFIRMADA,3355216,0,28/05/2019,28/05/2029,9.05,GULFSTREAM PETROLEUM DOMINICANA S DE RL,GULFSTREAM,62307
DO2016300124,BC1GUL01,GULFSTREAM/11.25 BO 20290528,97499,DOP,97499,10.5525682,101.523138,21/09/2026,01:17:06 PM,ESTRUCTURADA,SEGUNDA PARTE,ROTC,20/11/2026,CONFIRMADA,3355209,0,28/05/2019,28/05/2029,9.05,GULFSTREAM PETROLEUM DOMINICANA S DE RL,GULFSTREAM,63819
DO2016300124,BC1GUL01,GULFSTREAM/11.25 BO 20290528,97499,DOP,97499,10.45828683,101.825428,21/09/2026,01:17:06 PM,ESTRUCTURADA,PRIMERA PARTE,ROTC,21/09/2026,CONFIRMADA,3355209,0,28/05/2019,28/05/2029,9.05,GULFSTREAM PETROLEUM DOMINICANA S DE RL,GULFSTREAM,64400
USP3579ECZ80,BSRD2035, ,392000,USD,392,5.8694,100.037043,21/09/2026,01:15:08 PM,PRESTAMO,SEGUNDA PARTE,ROTC,21/10/2026,CONFIRMADA,3355118,0,28/10/2025,28/10/2035,2.621705,MINISTERIO DE HACIENDA,HACIENDA,49161
USP3579ECZ80,BSRD2035, ,392000,USD,392,5.8506,100.163612,21/09/2026,01:15:08 PM,PRESTAMO,PRIMERA PARTE,ROTC,21/09/2026,CONFIRMADA,3355118,0,28/10/2025,28/10/2035,2.621705,MINISTERIO DE HACIENDA,HACIENDA,49238
DO1002228125,NO090229,BCENTRAL/10 BOEST 20290209 GTIA,10000,DOP,1,10.6152,98.7413,21/09/2026,01:15:06 PM,PRESTAMO,SEGUNDA PARTE,ROTC,21/10/2026,CONFIRMADA,3355120,0,09/02/2024,09/02/2029,1.879871,BANCO CENTRAL DE LA REPUBLICA DOMINICANA,BCENTRAL,59094
DO1002228125,NO090229,BCENTRAL/10 BOEST 20290209 GTIA,10000,DOP,1,10.5562,98.8315,21/09/2026,01:15:06 PM,PRESTAMO,PRIMERA PARTE,ROTC,21/09/2026,CONFIRMADA,3355120,0,09/02/2024,09/02/2029,1.879871,BANCO CENTRAL DE LA REPUBLICA DOMINICANA,BCENTRAL,59255
DO1002228125,NO090229,BCENTRAL/10 BOEST 20290209 GTIA,10000,DOP,1,10.6152,98.7413,21/09/2026,01:15:05 PM,ESTRUCTURADA,SEGUNDA PARTE,ROTC,21/10/2026,CONFIRMADA,3355119,0,09/02/2024,09/02/2029,8.7,BANCO CENTRAL DE LA REPUBLICA DOMINICANA,BCENTRAL,61187
DO1002228125,NO090229,BCENTRAL/10 BOEST 20290209 GTIA,10000,DOP,1,10.5562,98.8315,21/09/2026,01:15:05 PM,ESTRUCTURADA,PRIMERA PARTE,ROTC,21/09/2026,CONFIRMADA,3355119,0,09/02/2024,09/02/2029,8.7,BANCO CENTRAL DE LA REPUBLICA DOMINICANA,BCENTRAL,61348
USP3579ECZ80,BSRD2035, ,392000,USD,392,5.8694,100.037043,21/09/2026,01:15:04 PM,ESTRUCTURADA,SEGUNDA PARTE,ROTC,21/10/2026,CONFIRMADA,3355117,0,28/10/2025,28/10/2035,4.25,MINISTERIO DE HACIENDA,HACIENDA,51233
USP3579ECZ80,BSRD2035, ,392000,USD,392,5.8506,100.163612,21/09/2026,01:15:04 PM,ESTRUCTURADA,PRIMERA PARTE,ROTC,21/09/2026,CONFIRMADA,3355117,0,28/10/2025,28/10/2035,4.25,MINISTERIO DE HACIENDA,HACIENDA,51310
USP3579ECH82,BSRD2032,"DOMINICAN, REP /4.875 BD 20320923",43000,USD,43,4.85963,100.069141,21/09/2026,01:13:53 PM,PRESTAMO,SEGUNDA PARTE,ROTC,03/02/2027,CONFIRMADA,3355033,0,23/09/2020,23/09/2032,4.875,MINISTERIO DE HACIENDA,HACIENDA,61782
USP3579ECH82,BSRD2032,"DOMINICAN, REP /4.875 BD 20320923",43000,USD,43,5.31427,97.766233,21/09/2026,01:13:53 PM,PRESTAMO,PRIMERA PARTE,ROTC,21/09/2026,CONFIRMADA,3355033,0,23/09/2020,23/09/2032,4.875,MINISTERIO DE HACIENDA,HACIENDA,61607
USP3579ECG00,BSRD2060,DOMINICAN REP/5.875 BD 20600130 U,44000,USD,44,4.978,114.502386,21/09/2026,01:13:48 PM,PRESTAMO,SEGUNDA PARTE,ROTC,21/10/2026,CONFIRMADA,3355158,0,30/01/2020,30/01/2060,1.10871,MINISTERIO DE HACIENDA,HACIENDA,61306
USP3579ECG00,BSRD2060,DOMINICAN REP/5.875 BD 20600130 U,44000,USD,44,4.9767,114.540117,21/09/2026,01:13:48 PM,PRESTAMO,PRIMERA PARTE,ROTC,21/09/2026,CONFIRMADA,3355158,0,30/01/2020,30/01/2060,1.10871,MINISTERIO DE HACIENDA,HACIENDA,61754
USP3579ECG00,BSRD2060,DOMINICAN REP/5.875 BD 20600130 U,44000,USD,44,4.978,114.502386,21/09/2026,01:13:40 PM,ESTRUCTURADA,SEGUNDA PARTE,ROTC,21/10/2026,CONFIRMADA,3355157,0,30/01/2020,30/01/2060,4.7,MINISTERIO DE HACIENDA,HACIENDA,63350
USP3579ECG00,BSRD2060,DOMINICAN REP/5.875 BD 20600130 U,44000,USD,44,4.9767,114.540117,21/09/2026,01:13:40 PM,ESTRUCTURADA,PRIMERA PARTE,ROTC,21/09/2026,CONFIRMADA,3355157,0,30/01/2020,30/01/2060,4.7,MINISTERIO DE HACIENDA,HACIENDA,63798
USP3579ECH82,BSRD2032,"DOMINICAN, REP /4.875 BD 20320923",43000,USD,43,4.85963,100.069141,21/09/2026,01:13:18 PM,ESTRUCTURADA,SEGUNDA PARTE,ROTC,03/02/2027,CONFIRMADA,3355032,0,23/09/2020,23/09/2032,4.875,MINISTERIO DE HACIENDA,HACIENDA,63889
USP3579ECH82,BSRD2032,"DOMINICAN, REP /4.875 BD 20320923",43000,USD,43,5.31427,97.766233,21/09/2026,01:13:18 PM,ESTRUCTURADA,PRIMERA PARTE,ROTC,21/09/2026,CONFIRMADA,3355032,0,23/09/2020,23/09/2032,4.875,MINISTERIO DE HACIENDA,HACIENDA,63714
DO1002262223,LE030927,BCENTRAL/ LT 20270903 GTIA,4330000,DOP,433,8.1,92.378753,21/09/2026,01:13:07 PM,PRESTAMO,SEGUNDA PARTE,ROTC,23/06/2027,CONFIRMADA,3355204,0,03/09/2026,03/09/2027,0.02,BANCO CENTRAL DE LA REPUBLICA DOMINICANA,BCENTRAL,57638
DO1002262223,LE030927,BCENTRAL/ LT 20270903 GTIA,4330000,DOP,433,8.1,92.378753,21/09/2026,01:13:07 PM,PRESTAMO,PRIMERA PARTE,ROTC,22/09/2026,CONFIRMADA,3355204,0,03/09/2026,03/09/2027,0.02,BANCO CENTRAL DE LA REPUBLICA DOMINICANA,BCENTRAL,57708
DO1002262223,LE030927,BCENTRAL/ LT 20270903 GTIA,4330000,DOP,433,9.89273,98.059841,21/09/2026,01:13:02 PM,PLAZO,PRIMERA PARTE,ROTC,23/06/2027,CONFIRMADA,3355203,0,03/09/2026,03/09/2027,0,BANCO CENTRAL DE LA REPUBLICA DOMINICANA,BCENTRAL,57610
USP3579EBE60,BSRD2045,DOMINICAN Rep/6.85 BD 20450127 Un,30000,USD,30,5.85000001,111.149936,21/09/2026,01:13:01 PM,CONTADO,PRIMERA PARTE,ROTC,21/09/2026,CONFIRMADA,3354312,0,27/01/2015,27/01/2045,0,MINISTERIO DE HACIENDA,HACIENDA,63182
DO1005205716,MHUS2027,HACIENDA/6 BOEST 20270305 GTIA,1197000,USD,1197,3.13192583,101.263992,21/09/2026,01:13:00 PM,CONTADO,PRIMERA PARTE,ROTC,21/09/2026,CONFIRMADA,3354412,0,05/09/2016,05/03/2027,0,MINISTERIO DE HACIENDA,HACIENDA,62461
USP3579ECH82,BSRD2032,"DOMINICAN, REP /4.875 BD 20320923",700000,USD,700,6.34600002,92.747913,21/09/2026,01:12:58 PM,CONTADO,PRIMERA PARTE,ROTC,21/09/2026,CONFIRMADA,3354940,0,23/09/2020,23/09/2032,0,MINISTERIO DE HACIENDA,HACIENDA,62608
USP3579ECE51,BSRD2049,"DOMINICAN, REP /6.4 BD 20490605",910000,USD,910,5.75,108.172734,21/09/2026,01:12:57 PM,CONTADO,PRIMERA PARTE,ROTC,21/09/2026,CONFIRMADA,3354942,0,05/06/2019,05/06/2049,0,MINISTERIO DE HACIENDA,HACIENDA,60144
DO1005254128,MH12041,HACIENDA/12 BOEST 20410310 GTIA,200000000,DOP,2000,9.85000002,116.364007,21/09/2026,01:12:56 PM,CONTADO,PRIMERA PARTE,ROTC,21/09/2026,CONFIRMADA,3354941,0,10/03/2026,10/03/2041,0,MINISTERIO DE HACIENDA,HACIENDA,62209
DO1002262223,LE030927,BCENTRAL/ LT 20270903 GTIA,4330000,DOP,433,8.583815,92.378753,21/09/2026,01:12:56 PM,CONTADO,PRIMERA PARTE,ROTC,22/09/2026,CONFIRMADA,3355202,0,03/09/2026,03/09/2027,0,BANCO CENTRAL DE LA REPUBLICA DOMINICANA,BCENTRAL,58919
USP3579ECE51,BSRD2049,"DOMINICAN, REP /6.4 BD 20490605",796000,USD,796,7.0756,92.407667,21/09/2026,01:11:55 PM,CONTADO,PRIMERA PARTE,ROTC,22/09/2026,CONFIRMADA,3355098,0,05/06/2019,05/06/2049,0,MINISTERIO DE HACIENDA,HACIENDA,60746
DO2018100324,BC1AES03,AESTRELLA/11.25 BO 20301130,446924,DOP,446924,9.764,104.566407,21/09/2026,01:11:23 PM,PRESTAMO,SEGUNDA PARTE,ROTC,19/03/2027,CONFIRMADA,3355156,0,30/11/2020,30/11/2030,4.905396,ACERO ESTRELLA S A,AESTRELLA,59759
DO2018100324,BC1AES03,AESTRELLA/11.25 BO 20301130,446924,DOP,446924,11.2495,99.9939,21/09/2026,01:11:23 PM,PRESTAMO,PRIMERA PARTE,ROTC,21/09/2026,CONFIRMADA,3355156,0,30/11/2020,30/11/2030,4.905396,ACERO ESTRELLA S A,AESTRELLA,59549
DO2018100324,BC1AES03,AESTRELLA/11.25 BO 20301130,446924,DOP,446924,9.764,104.566407,21/09/2026,01:11:14 PM,ESTRUCTURADA,SEGUNDA PARTE,ROTC,19/03/2027,CONFIRMADA,3355155,0,30/11/2020,30/11/2030,8.95,ACERO ESTRELLA S A,AESTRELLA,61859
DO2018100324,BC1AES03,AESTRELLA/11.25 BO 20301130,446924,DOP,446924,11.2495,99.9939,21/09/2026,01:11:14 PM,ESTRUCTURADA,PRIMERA PARTE,ROTC,21/09/2026,CONFIRMADA,3355155,0,30/11/2020,30/11/2030,8.95,ACERO ESTRELLA S A,AESTRELLA,61649
DO1002261522,NO180130,BCENTRAL/9.5 BOEST 20300118 GTIA,50000,DOP,5,9.5555,99.840606,21/09/2026,01:11:07 PM,ESTRUCTURADA,SEGUNDA PARTE,ROTC,21/12/2026,CONFIRMADA,3355137,0,18/01/2026,18/01/2030,9.25,BANCO CENTRAL DE LA REPUBLICA DOMINICANA,BCENTRAL,62020
DO1002261522,NO180130,BCENTRAL/9.5 BOEST 20300118 GTIA,50000,DOP,5,9.5566,99.816651,21/09/2026,01:11:07 PM,ESTRUCTURADA,PRIMERA PARTE,ROTC,21/09/2026,CONFIRMADA,3355137,0,18/01/2026,18/01/2030,9.25,BANCO CENTRAL DE LA REPUBLICA DOMINICANA,BCENTRAL,62160
DO1002261522,NO180130,BCENTRAL/9.5 BOEST 20300118 GTIA,50000,DOP,5,0,0,21/09/2026,01:11:06 PM,PRESTAMO,SEGUNDA PARTE,ROTC,17/01/2030,CONFIRMADA,3355138,0,18/01/2026,18/01/2030,0,BANCO CENTRAL DE LA REPUBLICA DOMINICANA,BCENTRAL,55062
DO1002261522,NO180130,BCENTRAL/9.5 BOEST 20300118 GTIA,50000,DOP,5,9.5566,99.816651,21/09/2026,01:11:06 PM,PRESTAMO,PRIMERA PARTE,ROTC,21/09/2026,CONFIRMADA,3355138,0,18/01/2026,18/01/2030,0,BANCO CENTRAL DE LA REPUBLICA DOMINICANA,BCENTRAL,60053
USP3579ECN50,BSRD2033, ,528000,USD,528,6.4734,97.640686,21/09/2026,01:11:05 PM,ESTRUCTURADA,SEGUNDA PARTE,ROTC,19/01/2027,CONFIRMADA,3355140,0,22/02/2022,22/02/2033,4.95,MINISTERIO DE HACIENDA,HACIENDA,50967
USP3579ECN50,BSRD2033, ,528000,USD,528,6.3868,97.982663,21/09/2026,01:11:05 PM,ESTRUCTURADA,PRIMERA PARTE,ROTC,21/09/2026,CONFIRMADA,3355140,0,22/02/2022,22/02/2033,4.95,MINISTERIO DE HACIENDA,HACIENDA,51107
USP3579ECN50,BSRD2033, ,528000,USD,528,0,0,21/09/2026,01:11:04 PM,PRESTAMO,SEGUNDA PARTE,ROTC,21/02/2033,CONFIRMADA,3355141,0,22/02/2022,22/02/2033,0,MINISTERIO DE HACIENDA,HACIENDA,43967
USP3579ECN50,BSRD2033, ,528000,USD,528,6.3868,97.982663,21/09/2026,01:11:04 PM,PRESTAMO,PRIMERA PARTE,ROTC,21/09/2026,CONFIRMADA,3355141,0,22/02/2022,22/02/2033,0,MINISTERIO DE HACIENDA,HACIENDA,49000
DO1005210922,MH22034,HACIENDA/13 BOEST 20340610 GTIA,18400000,DOP,184,9.0531,121.076348,21/09/2026,01:11:03 PM,ESTRUCTURADA,SEGUNDA PARTE,ROTC,21/12/2026,CONFIRMADA,3355142,0,10/06/2022,10/06/2034,9.45,MINISTERIO DE HACIENDA,HACIENDA,62979
DO1005210922,MH22034,HACIENDA/13 BOEST 20340610 GTIA,18400000,DOP,184,9.0875,121.331507,21/09/2026,01:11:03 PM,ESTRUCTURADA,PRIMERA PARTE,ROTC,21/09/2026,CONFIRMADA,3355142,0,10/06/2022,10/06/2034,9.45,MINISTERIO DE HACIENDA,HACIENDA,63098
DO1005210922,MH22034,HACIENDA/13 BOEST 20340610 GTIA,18400000,DOP,184,0,0,21/09/2026,01:11:01 PM,PRESTAMO,SEGUNDA PARTE,ROTC,09/06/2034,CONFIRMADA,3355143,0,10/06/2022,10/06/2034,0,MINISTERIO DE HACIENDA,HACIENDA,55895
DO1005210922,MH22034,HACIENDA/13 BOEST 20340610 GTIA,18400000,DOP,184,9.0875,121.331507,21/09/2026,01:11:01 PM,PRESTAMO,PRIMERA PARTE,ROTC,21/09/2026,CONFIRMADA,3355143,0,10/06/2022,10/06/2034,0,MINISTERIO DE HACIENDA,HACIENDA,60984
USP3579ECY16,BSDR2037, ,100000,DOP,2,9.3595,107.37697,21/09/2026,01:11:00 PM,ESTRUCTURADA,SEGUNDA PARTE,ROTC,21/12/2026,CONFIRMADA,3355144,0,24/02/2025,15/03/2037,8.95,MINISTERIO DE HACIENDA,HACIENDA,50092
USP3579ECY16,BSDR2037, ,100000,DOP,2,9.3518,107.56452,21/09/2026,01:11:00 PM,ESTRUCTURADA,PRIMERA PARTE,ROTC,21/09/2026,CONFIRMADA,3355144,0,24/02/2025,15/03/2037,8.95,MINISTERIO DE HACIENDA,HACIENDA,50092
USP3579ECY16,BSDR2037, ,100000,DOP,2,0,0,21/09/2026,01:10:59 PM,PRESTAMO,SEGUNDA PARTE,ROTC,13/03/2037,CONFIRMADA,3355145,0,24/02/2025,15/03/2037,0,MINISTERIO DE HACIENDA,HACIENDA,43267
USP3579ECY16,BSDR2037, ,100000,DOP,2,9.3518,107.56452,21/09/2026,01:10:59 PM,PRESTAMO,PRIMERA PARTE,ROTC,21/09/2026,CONFIRMADA,3355145,0,24/02/2025,15/03/2037,0,MINISTERIO DE HACIENDA,HACIENDA,48083
DO1005210922,MH22034,HACIENDA/13 BOEST 20340610 GTIA,1600000,DOP,16,9.0635,121.013154,21/09/2026,01:10:58 PM,ESTRUCTURADA,SEGUNDA PARTE,ROTC,21/12/2026,CONFIRMADA,3355146,0,10/06/2022,10/06/2034,9.25,MINISTERIO DE HACIENDA,HACIENDA,62223
DO1005210922,MH22034,HACIENDA/13 BOEST 20340610 GTIA,1600000,DOP,16,9.0875,121.331507,21/09/2026,01:10:58 PM,ESTRUCTURADA,PRIMERA PARTE,ROTC,21/09/2026,CONFIRMADA,3355146,0,10/06/2022,10/06/2034,9.25,MINISTERIO DE HACIENDA,HACIENDA,62405
DO1005210922,MH22034,HACIENDA/13 BOEST 20340610 GTIA,1600000,DOP,16,0,0,21/09/2026,01:10:56 PM,PRESTAMO,SEGUNDA PARTE,ROTC,09/06/2034,CONFIRMADA,3355147,0,10/06/2022,10/06/2034,0,MINISTERIO DE HACIENDA,HACIENDA,55202
DO1005210922,MH22034,HACIENDA/13 BOEST 20340610 GTIA,1600000,DOP,16,9.0875,121.331507,21/09/2026,01:10:56 PM,PRESTAMO,PRIMERA PARTE,ROTC,21/09/2026,CONFIRMADA,3355147,0,10/06/2022,10/06/2034,0,MINISTERIO DE HACIENDA,HACIENDA,60291
USP3579ECZ80,BSRD2035, ,32000,USD,32,6.9421,93.019069,21/09/2026,01:10:55 PM,ESTRUCTURADA,SEGUNDA PARTE,ROTC,21/12/2026,CONFIRMADA,3355148,0,28/10/2025,28/10/2035,4.95,MINISTERIO DE HACIENDA,HACIENDA,50183
USP3579ECZ80,BSRD2035, ,32000,USD,32,6.8776,93.291319,21/09/2026,01:10:55 PM,ESTRUCTURADA,PRIMERA PARTE,ROTC,21/09/2026,CONFIRMADA,3355148,0,28/10/2025,28/10/2035,4.95,MINISTERIO DE HACIENDA,HACIENDA,50372
USP3579ECZ80,BSRD2035, ,32000,USD,32,0,0,21/09/2026,01:10:54 PM,PRESTAMO,SEGUNDA PARTE,ROTC,26/10/2035,CONFIRMADA,3355149,0,28/10/2025,28/10/2035,0,MINISTERIO DE HACIENDA,HACIENDA,43344
USP3579ECZ80,BSRD2035, ,32000,USD,32,6.8776,93.291319,21/09/2026,01:10:54 PM,PRESTAMO,PRIMERA PARTE,ROTC,21/09/2026,CONFIRMADA,3355149,0,28/10/2025,28/10/2035,0,MINISTERIO DE HACIENDA,HACIENDA,48265
USP3579ECY16,BSDR2037, ,600000,DOP,12,9.4431,106.731412,21/09/2026,01:10:53 PM,ESTRUCTURADA,SEGUNDA PARTE,ROTC,22/03/2027,CONFIRMADA,3355150,0,24/02/2025,15/03/2037,9.2,MINISTERIO DE HACIENDA,HACIENDA,50694
USP3579ECY16,BSDR2037, ,600000,DOP,12,9.4299,107.024607,21/09/2026,01:10:53 PM,ESTRUCTURADA,PRIMERA PARTE,ROTC,21/09/2026,CONFIRMADA,3355150,0,24/02/2025,15/03/2037,9.2,MINISTERIO DE HACIENDA,HACIENDA,50883
USP3579ECY16,BSDR2037, ,600000,DOP,12,0,0,21/09/2026,01:10:51 PM,PRESTAMO,SEGUNDA PARTE,ROTC,13/03/2037,CONFIRMADA,3355151,0,24/02/2025,15/03/2037,0,MINISTERIO DE HACIENDA,HACIENDA,43589
USP3579ECY16,BSDR2037, ,600000,DOP,12,9.4299,107.024607,21/09/2026,01:10:51 PM,PRESTAMO,PRIMERA PARTE,ROTC,21/09/2026,CONFIRMADA,3355151,0,24/02/2025,15/03/2037,0,MINISTERIO DE HACIENDA,HACIENDA,48769
USP3579ECG00,BSRD2060,DOMINICAN REP/5.875 BD 20600130 U,11992000,USD,11992,7.091068,84.520285,21/09/2026,01:10:50 PM,ESTRUCTURADA,SEGUNDA PARTE,ROTC,01/10/2026,CONFIRMADA,3355195,0,30/01/2020,30/01/2060,6,MINISTERIO DE HACIENDA,HACIENDA,66255
USP3579ECG00,BSRD2060,DOMINICAN REP/5.875 BD 20600130 U,11992000,USD,11992,7.08898588,84.54119,21/09/2026,01:10:50 PM,ESTRUCTURADA,PRIMERA PARTE,ROTC,21/09/2026,CONFIRMADA,3355195,0,30/01/2020,30/01/2060,6,MINISTERIO DE HACIENDA,HACIENDA,66920
USP3579EAY34,BSRD2044,DOMINICAN Rep/7.45 BD 20440430 GO,114000,USD,114,7.014961,104.346028,21/09/2026,01:10:49 PM,ESTRUCTURADA,SEGUNDA PARTE,ROTC,23/10/2026,CONFIRMADA,3355196,0,30/04/2014,30/04/2044,6,MINISTERIO DE HACIENDA,HACIENDA,65758
USP3579EAY34,BSRD2044,DOMINICAN Rep/7.45 BD 20440430 GO,114000,USD,114,7.00655785,104.435697,21/09/2026,01:10:49 PM,ESTRUCTURADA,PRIMERA PARTE,ROTC,21/09/2026,CONFIRMADA,3355196,0,30/04/2014,30/04/2044,6,MINISTERIO DE HACIENDA,HACIENDA,66717
USP3579ECQ81,BSDR2033, ,25500000,DOP,510,9.012223,121.116015,21/09/2026,01:10:48 PM,ESTRUCTURADA,SEGUNDA PARTE,ROTC,19/01/2027,CONFIRMADA,3355197,0,03/02/2023,03/02/2033,10,MINISTERIO DE HACIENDA,HACIENDA,52360
USP3579ECQ81,BSDR2033, ,25500000,DOP,510,9.10109876,121.472353,21/09/2026,01:10:48 PM,ESTRUCTURADA,PRIMERA PARTE,ROTC,21/09/2026,CONFIRMADA,3355197,0,03/02/2023,03/02/2033,10,MINISTERIO DE HACIENDA,HACIENDA,53319
USP3579ECH82,BSRD2032,"DOMINICAN, REP /4.875 BD 20320923",159000,USD,159,4.83498,100.189598,21/09/2026,01:10:46 PM,PRESTAMO,SEGUNDA PARTE,ROTC,08/02/2027,CONFIRMADA,3355028,0,23/09/2020,23/09/2032,4.875,MINISTERIO DE HACIENDA,HACIENDA,62734
USP3579ECH82,BSRD2032,"DOMINICAN, REP /4.875 BD 20320923",159000,USD,159,5.33516,97.661465,21/09/2026,01:10:46 PM,PRESTAMO,PRIMERA PARTE,ROTC,21/09/2026,CONFIRMADA,3355028,0,23/09/2020,23/09/2032,4.875,MINISTERIO DE HACIENDA,HACIENDA,62398
DO1002262223,LE030927,BCENTRAL/ LT 20270903 GTIA,12990000,DOP,1299,8.3,92.20762,21/09/2026,01:10:36 PM,PRESTAMO,SEGUNDA PARTE,ROTC,19/07/2027,CONFIRMADA,3355201,0,03/09/2026,03/09/2027,0.02,BANCO CENTRAL DE LA REPUBLICA DOMINICANA,BCENTRAL,58065
DO1002262223,LE030927,BCENTRAL/ LT 20270903 GTIA,12990000,DOP,1299,8.3,92.20762,21/09/2026,01:10:36 PM,PRESTAMO,PRIMERA PARTE,ROTC,22/09/2026,CONFIRMADA,3355201,0,03/09/2026,03/09/2027,0.02,BANCO CENTRAL DE LA REPUBLICA DOMINICANA,BCENTRAL,58093
DO1002262223,LE030927,BCENTRAL/ LT 20270903 GTIA,12990000,DOP,1299,11.354097,98.569946,21/09/2026,01:10:32 PM,PLAZO,PRIMERA PARTE,ROTC,19/07/2027,CONFIRMADA,3355200,0,03/09/2026,03/09/2027,0,BANCO CENTRAL DE LA REPUBLICA DOMINICANA,BCENTRAL,59178
DO1002262223,LE030927,BCENTRAL/ LT 20270903 GTIA,12990000,DOP,1299,8.792851,92.20762,21/09/2026,01:10:27 PM,CONTADO,PRIMERA PARTE,ROTC,22/09/2026,CONFIRMADA,3355199,0,03/09/2026,03/09/2027,0,BANCO CENTRAL DE LA REPUBLICA DOMINICANA,BCENTRAL,59283
USP3579ECH82,BSRD2032,"DOMINICAN, REP /4.875 BD 20320923",159000,USD,159,4.83498,100.189598,21/09/2026,01:10:01 PM,ESTRUCTURADA,SEGUNDA PARTE,ROTC,08/02/2027,CONFIRMADA,3355027,0,23/09/2020,23/09/2032,4.875,MINISTERIO DE HACIENDA,HACIENDA,64771
USP3579ECH82,BSRD2032,"DOMINICAN, REP /4.875 BD 20320923",159000,USD,159,5.33516,97.661465,21/09/2026,01:10:01 PM,ESTRUCTURADA,PRIMERA PARTE,ROTC,21/09/2026,CONFIRMADA,3355027,0,23/09/2020,23/09/2032,4.875,MINISTERIO DE HACIENDA,HACIENDA,64435
DO2018100324,BC1AES03,AESTRELLA/11.25 BO 20301130,1053709,DOP,1053709,11.5187,99.119342,21/09/2026,01:09:39 PM,ESTRUCTURADA,SEGUNDA PARTE,ROTC,21/10/2026,CONFIRMADA,3355089,0,30/11/2020,30/11/2030,8.75,ACERO ESTRELLA S A,AESTRELLA,62853
DO2018100324,BC1AES03,AESTRELLA/11.25 BO 20301130,1053709,DOP,1053709,11.4556,99.314884,21/09/2026,01:09:39 PM,ESTRUCTURADA,PRIMERA PARTE,ROTC,21/09/2026,CONFIRMADA,3355089,0,30/11/2020,30/11/2030,8.75,ACERO ESTRELLA S A,AESTRELLA,63021
USP3579ECG00,BSRD2060,DOMINICAN REP/5.875 BD 20600130 U,72000,USD,72,4.9161,115.620236,21/09/2026,01:09:38 PM,ESTRUCTURADA,SEGUNDA PARTE,ROTC,21/10/2026,CONFIRMADA,3355091,0,30/01/2020,30/01/2060,4.05,MINISTERIO DE HACIENDA,HACIENDA,63707
USP3579ECG00,BSRD2060,DOMINICAN REP/5.875 BD 20600130 U,72000,USD,72,4.9118,115.716472,21/09/2026,01:09:38 PM,ESTRUCTURADA,PRIMERA PARTE,ROTC,21/09/2026,CONFIRMADA,3355091,0,30/01/2020,30/01/2060,4.05,MINISTERIO DE HACIENDA,HACIENDA,63896
DO2018100324,BC1AES03,AESTRELLA/11.25 BO 20301130,1053709,DOP,1053709,11.5187,99.119342,21/09/2026,01:09:37 PM,PRESTAMO,SEGUNDA PARTE,ROTC,21/10/2026,CONFIRMADA,3355090,0,30/11/2020,30/11/2030,1.39711,ACERO ESTRELLA S A,AESTRELLA,60739
DO2018100324,BC1AES03,AESTRELLA/11.25 BO 20301130,1053709,DOP,1053709,11.4556,99.314884,21/09/2026,01:09:37 PM,PRESTAMO,PRIMERA PARTE,ROTC,21/09/2026,CONFIRMADA,3355090,0,30/11/2020,30/11/2030,1.39711,ACERO ESTRELLA S A,AESTRELLA,60907
USP3579ECG00,BSRD2060,DOMINICAN REP/5.875 BD 20600130 U,72000,USD,72,4.9161,115.620236,21/09/2026,01:09:35 PM,ESTRUCTURADA,SEGUNDA PARTE,ROTC,21/10/2026,CONFIRMADA,3355093,0,30/01/2020,30/01/2060,4.05,MINISTERIO DE HACIENDA,HACIENDA,63686
USP3579ECG00,BSRD2060,DOMINICAN REP/5.875 BD 20600130 U,72000,USD,72,4.9118,115.716472,21/09/2026,01:09:35 PM,ESTRUCTURADA,PRIMERA PARTE,ROTC,21/09/2026,CONFIRMADA,3355093,0,30/01/2020,30/01/2060,4.05,MINISTERIO DE HACIENDA,HACIENDA,63875
USP3579ECH82,BSRD2032,"DOMINICAN, REP /4.875 BD 20320923",98000,USD,98,4.20785,103.232697,21/09/2026,01:09:34 PM,PRESTAMO,SEGUNDA PARTE,ROTC,01/04/2027,CONFIRMADA,3355021,0,23/09/2020,23/09/2032,4.875,MINISTERIO DE HACIENDA,HACIENDA,61964
USP3579ECH82,BSRD2032,"DOMINICAN, REP /4.875 BD 20320923",98000,USD,98,5.22919,98.194173,21/09/2026,01:09:34 PM,PRESTAMO,PRIMERA PARTE,ROTC,21/09/2026,CONFIRMADA,3355021,0,23/09/2020,23/09/2032,4.875,MINISTERIO DE HACIENDA,HACIENDA,61810
USP3579ECG00,BSRD2060,DOMINICAN REP/5.875 BD 20600130 U,72000,USD,72,4.9161,115.620236,21/09/2026,01:09:34 PM,PRESTAMO,SEGUNDA PARTE,ROTC,21/10/2026,CONFIRMADA,3355092,0,30/01/2020,30/01/2060,1.048073,MINISTERIO DE HACIENDA,HACIENDA,61579
USP3579ECG00,BSRD2060,DOMINICAN REP/5.875 BD 20600130 U,72000,USD,72,4.9118,115.716472,21/09/2026,01:09:34 PM,PRESTAMO,PRIMERA PARTE,ROTC,21/09/2026,CONFIRMADA,3355092,0,30/01/2020,30/01/2060,1.048073,MINISTERIO DE HACIENDA,HACIENDA,61768
USP3579ECG00,BSRD2060,DOMINICAN REP/5.875 BD 20600130 U,72000,USD,72,4.9161,115.620236,21/09/2026,01:09:33 PM,PRESTAMO,SEGUNDA PARTE,ROTC,21/10/2026,CONFIRMADA,3355094,0,30/01/2020,30/01/2060,1.048073,MINISTERIO DE HACIENDA,HACIENDA,61572
USP3579ECG00,BSRD2060,DOMINICAN REP/5.875 BD 20600130 U,72000,USD,72,4.9118,115.716472,21/09/2026,01:09:33 PM,PRESTAMO,PRIMERA PARTE,ROTC,21/09/2026,CONFIRMADA,3355094,0,30/01/2020,30/01/2060,1.048073,MINISTERIO DE HACIENDA,HACIENDA,61761
DO2018100324,BC1AES03,AESTRELLA/11.25 BO 20301130,1700081,DOP,1700081,11.5238,99.102706,21/09/2026,01:09:30 PM,PRESTAMO,SEGUNDA PARTE,ROTC,21/10/2026,CONFIRMADA,3355154,0,30/11/2020,30/11/2030,1.380792,ACERO ESTRELLA S A,AESTRELLA,60529
DO2018100324,BC1AES03,AESTRELLA/11.25 BO 20301130,1700081,DOP,1700081,11.4556,99.314913,21/09/2026,01:09:30 PM,PRESTAMO,PRIMERA PARTE,ROTC,21/09/2026,CONFIRMADA,3355154,0,30/11/2020,30/11/2030,1.380792,ACERO ESTRELLA S A,AESTRELLA,60697
DO2018100324,BC1AES03,AESTRELLA/11.25 BO 20301130,1700081,DOP,1700081,11.5238,99.102706,21/09/2026,01:09:20 PM,ESTRUCTURADA,SEGUNDA PARTE,ROTC,21/10/2026,CONFIRMADA,3355153,0,30/11/2020,30/11/2030,8.55,ACERO ESTRELLA S A,AESTRELLA,62622
DO2018100324,BC1AES03,AESTRELLA/11.25 BO 20301130,1700081,DOP,1700081,11.4556,99.314913,21/09/2026,01:09:20 PM,ESTRUCTURADA,PRIMERA PARTE,ROTC,21/09/2026,CONFIRMADA,3355153,0,30/11/2020,30/11/2030,8.55,ACERO ESTRELLA S A,AESTRELLA,62790
USP3579ECH82,BSRD2032,"DOMINICAN, REP /4.875 BD 20320923",98000,USD,98,4.20785,103.232697,21/09/2026,01:08:46 PM,PRESTAMO,SEGUNDA PARTE,ROTC,01/04/2027,CONFIRMADA,3355023,0,23/09/2020,23/09/2032,4.875,MINISTERIO DE HACIENDA,HACIENDA,61978
USP3579ECH82,BSRD2032,"DOMINICAN, REP /4.875 BD 20320923",98000,USD,98,5.22919,98.194163,21/09/2026,01:08:46 PM,PRESTAMO,PRIMERA PARTE,ROTC,21/09/2026,CONFIRMADA,3355023,0,23/09/2020,23/09/2032,4.875,MINISTERIO DE HACIENDA,HACIENDA,61817
DO1005205716,MHUS2027,HACIENDA/6 BOEST 20270305 GTIA,50000,USD,50,3.9,101.044544,21/09/2026,01:08:40 PM,PRESTAMO,SEGUNDA PARTE,ROTC,25/11/2026,CONFIRMADA,3355198,0,05/09/2016,05/03/2027,0.02,MINISTERIO DE HACIENDA,HACIENDA,59017
DO1005205716,MHUS2027,HACIENDA/6 BOEST 20270305 GTIA,50000,USD,50,3.9,101.044544,21/09/2026,01:08:40 PM,PRESTAMO,PRIMERA PARTE,ROTC,22/09/2026,CONFIRMADA,3355198,0,05/09/2016,05/03/2027,0.02,MINISTERIO DE HACIENDA,HACIENDA,59108
USP3579ECH82,BSRD2032,"DOMINICAN, REP /4.875 BD 20320923",98000,USD,98,4.20785,103.232697,21/09/2026,01:08:17 PM,ESTRUCTURADA,SEGUNDA PARTE,ROTC,01/04/2027,CONFIRMADA,3355020,0,23/09/2020,23/09/2032,4.875,MINISTERIO DE HACIENDA,HACIENDA,64064
USP3579ECH82,BSRD2032,"DOMINICAN, REP /4.875 BD 20320923",98000,USD,98,5.22919,98.194173,21/09/2026,01:08:17 PM,ESTRUCTURADA,PRIMERA PARTE,ROTC,21/09/2026,CONFIRMADA,3355020,0,23/09/2020,23/09/2032,4.875,MINISTERIO DE HACIENDA,HACIENDA,63910
USP3579ECH82,BSRD2032,"DOMINICAN, REP /4.875 BD 20320923",98000,USD,98,4.20785,103.232697,21/09/2026,01:08:10 PM,ESTRUCTURADA,SEGUNDA PARTE,ROTC,01/04/2027,CONFIRMADA,3355022,0,23/09/2020,23/09/2032,4.875,MINISTERIO DE HACIENDA,HACIENDA,64015
USP3579ECH82,BSRD2032,"DOMINICAN, REP /4.875 BD 20320923",98000,USD,98,5.22919,98.194163,21/09/2026,01:08:10 PM,ESTRUCTURADA,PRIMERA PARTE,ROTC,21/09/2026,CONFIRMADA,3355022,0,23/09/2020,23/09/2032,4.875,MINISTERIO DE HACIENDA,HACIENDA,63854
DO1005205716,MHUS2027,HACIENDA/6 BOEST 20270305 GTIA,50000,USD,50,3.392223,100.6914,21/09/2026,01:08:03 PM,PLAZO,PRIMERA PARTE,ROTC,25/11/2026,CONFIRMADA,3355194,0,05/09/2016,05/03/2027,0,MINISTERIO DE HACIENDA,HACIENDA,58548
DO1005205716,MHUS2027,HACIENDA/6 BOEST 20270305 GTIA,50000,USD,50,3.60044,101.044544,21/09/2026,01:07:57 PM,CONTADO,PRIMERA PARTE,ROTC,22/09/2026,CONFIRMADA,3355193,0,05/09/2016,05/03/2027,0,MINISTERIO DE HACIENDA,HACIENDA,59843
DO1002227721,NO111226,BCENTRAL/9 BOEST 20261211 GTIA,22380000,DOP,2238,8.00000169,100.19334,21/09/2026,01:05:24 PM,CONTADO,PRIMERA PARTE,ROTC,21/09/2026,CONFIRMADA,3354965,0,11/12/2023,11/12/2026,0,BANCO CENTRAL DE LA REPUBLICA DOMINICANA,BCENTRAL,61992
USP3579ECE51,BSRD2049,"DOMINICAN, REP /6.4 BD 20490605",796000,USD,796,7.075,92.413658,21/09/2026,01:04:03 PM,CONTADO,PRIMERA PARTE,ROTC,21/09/2026,CONFIRMADA,3355063,0,05/06/2019,05/06/2049,0,MINISTERIO DE HACIENDA,HACIENDA,60305
DO1005206516,MH32028,HACIENDA/10.75 BOEST 20280811 GTIA,2500000,DOP,25,7.9415,104.642394,21/09/2026,01:04:03 PM,PRESTAMO,SEGUNDA PARTE,ROTC,20/10/2026,CONFIRMADA,3355152,0,10/08/2018,11/08/2028,8.59,MINISTERIO DE HACIENDA,HACIENDA,61334
DO1005206516,MH32028,HACIENDA/10.75 BOEST 20280811 GTIA,2500000,DOP,25,7.9868,104.763014,21/09/2026,01:04:03 PM,PRESTAMO,PRIMERA PARTE,ROTC,21/09/2026,CONFIRMADA,3355152,0,10/08/2018,11/08/2028,8.59,MINISTERIO DE HACIENDA,HACIENDA,61495
DO1005206516,MH32028,HACIENDA/10.75 BOEST 20280811 GTIA,2500000,DOP,25,7.9415,104.642394,21/09/2026,01:04:01 PM,ESTRUCTURADA,SEGUNDA PARTE,ROTC,20/10/2026,CONFIRMADA,3354961,0,10/08/2018,11/08/2028,8.59,MINISTERIO DE HACIENDA,HACIENDA,63420
DO1005206516,MH32028,HACIENDA/10.75 BOEST 20280811 GTIA,2500000,DOP,25,7.9868,104.763014,21/09/2026,01:04:01 PM,ESTRUCTURADA,PRIMERA PARTE,ROTC,21/09/2026,CONFIRMADA,3354961,0,10/08/2018,11/08/2028,8.59,MINISTERIO DE HACIENDA,HACIENDA,63581
DO1002261928,LE090427,BCENTRAL/ LT 20270409 GTIA,1260000,DOP,126,101.249,95.436947,21/09/2026,01:03:53 PM,PRESTAMO,SEGUNDA PARTE,ROTC,23/03/2027,CONFIRMADA,3355052,0,09/04/2026,09/04/2027,0.210874,BANCO CENTRAL DE LA REPUBLICA DOMINICANA,BCENTRAL,59115
DO1002261928,LE090427,BCENTRAL/ LT 20270409 GTIA,1260000,DOP,126,9.1885,95.235695,21/09/2026,01:03:53 PM,PRESTAMO,PRIMERA PARTE,ROTC,25/09/2026,CONFIRMADA,3355052,0,09/04/2026,09/04/2027,0.210874,BANCO CENTRAL DE LA REPUBLICA DOMINICANA,BCENTRAL,58968
DO1002261928,LE090427,BCENTRAL/ LT 20270409 GTIA,1260000,DOP,126,101.249,95.436947,21/09/2026,01:03:52 PM,PLAZO,PRIMERA PARTE,ROTC,23/03/2027,CONFIRMADA,3355053,0,09/04/2026,09/04/2027,0,BANCO CENTRAL DE LA REPUBLICA DOMINICANA,BCENTRAL,57568
DO1002261928,LE090427,BCENTRAL/ LT 20270409 GTIA,1150000,DOP,115,6.8963,96.846129,21/09/2026,01:03:51 PM,PRESTAMO,SEGUNDA PARTE,ROTC,21/10/2026,CONFIRMADA,3355058,0,09/04/2026,09/04/2027,0.670475,BANCO CENTRAL DE LA REPUBLICA DOMINICANA,BCENTRAL,58793
DO1002261928,LE090427,BCENTRAL/ LT 20270409 GTIA,1150000,DOP,115,7.1164,96.1968,21/09/2026,01:03:51 PM,PRESTAMO,PRIMERA PARTE,ROTC,21/09/2026,CONFIRMADA,3355058,0,09/04/2026,09/04/2027,0.670475,BANCO CENTRAL DE LA REPUBLICA DOMINICANA,BCENTRAL,58107
DO1002261928,LE090427,BCENTRAL/ LT 20270409 GTIA,1150000,DOP,115,6.8963,96.846129,21/09/2026,01:03:50 PM,PLAZO,PRIMERA PARTE,ROTC,21/10/2026,CONFIRMADA,3355059,0,09/04/2026,09/04/2027,0,BANCO CENTRAL DE LA REPUBLICA DOMINICANA,BCENTRAL,57246
DO1002261928,LE090427,BCENTRAL/ LT 20270409 GTIA,4560000,DOP,456,8.1206,95.890273,21/09/2026,01:03:48 PM,PRESTAMO,SEGUNDA PARTE,ROTC,01/10/2026,CONFIRMADA,3355070,0,09/04/2026,09/04/2027,0.256286,BANCO CENTRAL DE LA REPUBLICA DOMINICANA,BCENTRAL,58814
DO1002261928,LE090427,BCENTRAL/ LT 20270409 GTIA,4560000,DOP,456,8.1969,95.64452,21/09/2026,01:03:48 PM,PRESTAMO,PRIMERA PARTE,ROTC,21/09/2026,CONFIRMADA,3355070,0,09/04/2026,09/04/2027,0.256286,BANCO CENTRAL DE LA REPUBLICA DOMINICANA,BCENTRAL,58667
DO1002261928,LE090427,BCENTRAL/ LT 20270409 GTIA,4560000,DOP,456,8.1206,95.890273,21/09/2026,01:03:47 PM,PLAZO,PRIMERA PARTE,ROTC,01/10/2026,CONFIRMADA,3355071,0,09/04/2026,09/04/2027,0,BANCO CENTRAL DE LA REPUBLICA DOMINICANA,BCENTRAL,57267
DO1005205617,MH12027,HACIENDA/11.25 BOEST 20270205 GTIA,1000000,DOP,10,21.479,98.033283,21/09/2026,01:03:46 PM,PRESTAMO,SEGUNDA PARTE,ROTC,23/11/2026,CONFIRMADA,3355081,0,05/08/2016,05/02/2027,2.83449,MINISTERIO DE HACIENDA,HACIENDA,60914
DO1005205617,MH12027,HACIENDA/11.25 BOEST 20270205 GTIA,1000000,DOP,10,15.3874,98.54885,21/09/2026,01:03:46 PM,PRESTAMO,PRIMERA PARTE,ROTC,21/09/2026,CONFIRMADA,3355081,0,05/08/2016,05/02/2027,2.83449,MINISTERIO DE HACIENDA,HACIENDA,61124
DO1005205617,MH12027,HACIENDA/11.25 BOEST 20270205 GTIA,1000000,DOP,10,21.479,98.033283,21/09/2026,01:03:45 PM,PLAZO,PRIMERA PARTE,ROTC,23/11/2026,CONFIRMADA,3355082,0,05/08/2016,05/02/2027,0,MINISTERIO DE HACIENDA,HACIENDA,59367
DO1002261225,LE021026,BCENTRAL/ LT 20261002 GTIA,700000,DOP,70,-91.358,100.254419,21/09/2026,01:03:43 PM,PRESTAMO,SEGUNDA PARTE,ROTC,01/10/2026,CONFIRMADA,3355100,0,02/10/2025,02/10/2026,0.256287,BANCO CENTRAL DE LA REPUBLICA DOMINICANA,BCENTRAL,58366
DO1002261225,LE021026,BCENTRAL/ LT 20261002 GTIA,700000,DOP,70,0.0825,99.99748,21/09/2026,01:03:43 PM,PRESTAMO,PRIMERA PARTE,ROTC,21/09/2026,CONFIRMADA,3355100,0,02/10/2025,02/10/2026,0.256287,BANCO CENTRAL DE LA REPUBLICA DOMINICANA,BCENTRAL,57638
DO1002261225,LE021026,BCENTRAL/ LT 20261002 GTIA,700000,DOP,70,-91.358,100.254419,21/09/2026,01:03:42 PM,PLAZO,PRIMERA PARTE,ROTC,01/10/2026,CONFIRMADA,3355101,0,02/10/2025,02/10/2026,0,BANCO CENTRAL DE LA REPUBLICA DOMINICANA,BCENTRAL,56819
DO1002261928,LE090427,BCENTRAL/ LT 20270409 GTIA,210000,DOP,21,10.4958,95.27769,21/09/2026,01:03:41 PM,PRESTAMO,SEGUNDA PARTE,ROTC,21/10/2026,CONFIRMADA,3355103,0,09/04/2026,09/04/2027,0.670476,BANCO CENTRAL DE LA REPUBLICA DOMINICANA,BCENTRAL,58023
DO1002261928,LE090427,BCENTRAL/ LT 20270409 GTIA,210000,DOP,21,10.1967,94.638876,21/09/2026,01:03:41 PM,PRESTAMO,PRIMERA PARTE,ROTC,21/09/2026,CONFIRMADA,3355103,0,09/04/2026,09/04/2027,0.670476,BANCO CENTRAL DE LA REPUBLICA DOMINICANA,BCENTRAL,58499
DO1002261928,LE090427,BCENTRAL/ LT 20270409 GTIA,210000,DOP,21,10.4958,95.27769,21/09/2026,01:03:40 PM,PLAZO,PRIMERA PARTE,ROTC,21/10/2026,CONFIRMADA,3355104,0,09/04/2026,09/04/2027,0,BANCO CENTRAL DE LA REPUBLICA DOMINICANA,BCENTRAL,56476
DO1005213025,MH22031,HACIENDA/10.25 BOEST 20310209 GTIA,2900000,DOP,29,8.6574,105.68016,21/09/2026,01:03:38 PM,PRESTAMO,SEGUNDA PARTE,ROTC,01/10/2026,CONFIRMADA,3355126,0,09/02/2024,09/02/2031,1.383048,MINISTERIO DE HACIENDA,HACIENDA,60914
DO1005213025,MH22031,HACIENDA/10.25 BOEST 20310209 GTIA,2900000,DOP,29,8.665,105.686324,21/09/2026,01:03:38 PM,PRESTAMO,PRIMERA PARTE,ROTC,21/09/2026,CONFIRMADA,3355126,0,09/02/2024,09/02/2031,1.383048,MINISTERIO DE HACIENDA,HACIENDA,61068
DO1005213025,MH22031,HACIENDA/10.25 BOEST 20310209 GTIA,2900000,DOP,29,8.6574,105.68016,21/09/2026,01:03:37 PM,PLAZO,PRIMERA PARTE,ROTC,01/10/2026,CONFIRMADA,3355127,0,09/02/2024,09/02/2031,0,MINISTERIO DE HACIENDA,HACIENDA,59367
DO1002261928,LE090427,BCENTRAL/ LT 20270409 GTIA,310000,DOP,31,4.4654,98.329058,21/09/2026,01:03:36 PM,PRESTAMO,SEGUNDA PARTE,ROTC,23/11/2026,CONFIRMADA,3355129,0,09/04/2026,09/04/2027,1.38418,BANCO CENTRAL DE LA REPUBLICA DOMINICANA,BCENTRAL,58051
DO1002261928,LE090427,BCENTRAL/ LT 20270409 GTIA,310000,DOP,31,5.6565,96.968006,21/09/2026,01:03:36 PM,PRESTAMO,PRIMERA PARTE,ROTC,22/09/2026,CONFIRMADA,3355129,0,09/04/2026,09/04/2027,1.38418,BANCO CENTRAL DE LA REPUBLICA DOMINICANA,BCENTRAL,58184
DO1002261928,LE090427,BCENTRAL/ LT 20270409 GTIA,310000,DOP,31,4.4654,98.329058,21/09/2026,01:03:35 PM,PLAZO,PRIMERA PARTE,ROTC,23/11/2026,CONFIRMADA,3355130,0,09/04/2026,09/04/2027,0,BANCO CENTRAL DE LA REPUBLICA DOMINICANA,BCENTRAL,56504
DO1002261928,LE090427,BCENTRAL/ LT 20270409 GTIA,450000,DOP,45,0,100.012511,21/09/2026,01:03:34 PM,PRESTAMO,SEGUNDA PARTE,ROTC,19/02/2027,CONFIRMADA,3355132,0,09/04/2026,09/04/2027,3.401088,BANCO CENTRAL DE LA REPUBLICA DOMINICANA,BCENTRAL,56427
DO1002261928,LE090427,BCENTRAL/ LT 20270409 GTIA,450000,DOP,45,6.3459,96.610998,21/09/2026,01:03:34 PM,PRESTAMO,PRIMERA PARTE,ROTC,22/09/2026,CONFIRMADA,3355132,0,09/04/2026,09/04/2027,3.401088,BANCO CENTRAL DE LA REPUBLICA DOMINICANA,BCENTRAL,58268
DO1002261928,LE090427,BCENTRAL/ LT 20270409 GTIA,450000,DOP,45,0,100.012511,21/09/2026,01:03:32 PM,PLAZO,PRIMERA PARTE,ROTC,19/02/2027,CONFIRMADA,3355133,0,09/04/2026,09/04/2027,0,BANCO CENTRAL DE LA REPUBLICA DOMINICANA,BCENTRAL,54873
DO1002224124,NO120327,BCENTRAL/8 BOEST 20270312 GTIA,6000000,DOP,600,8.2,99.779006,21/09/2026,01:03:15 PM,PRESTAMO,SEGUNDA PARTE,ROTC,04/02/2027,CONFIRMADA,3355136,0,12/03/2022,12/03/2027,0.02,BANCO CENTRAL DE LA REPUBLICA DOMINICANA,BCENTRAL,59486
DO1002224124,NO120327,BCENTRAL/8 BOEST 20270312 GTIA,6000000,DOP,600,8.2,99.779006,21/09/2026,01:03:15 PM,PRESTAMO,PRIMERA PARTE,ROTC,22/09/2026,CONFIRMADA,3355136,0,12/03/2022,12/03/2027,0.02,BANCO CENTRAL DE LA REPUBLICA DOMINICANA,BCENTRAL,59591
DO1002228125,NO090229,BCENTRAL/10 BOEST 20290209 GTIA,500000000,DOP,50000,9.6905,100.623695,21/09/2026,01:03:12 PM,CONTADO,PRIMERA PARTE,ROTC,21/09/2026,CONFIRMADA,3355105,0,09/02/2024,09/02/2029,0,BANCO CENTRAL DE LA REPUBLICA DOMINICANA,BCENTRAL,61992
DO1002224124,NO120327,BCENTRAL/8 BOEST 20270312 GTIA,6000000,DOP,600,9.26501,99.863081,21/09/2026,01:03:09 PM,PLAZO,PRIMERA PARTE,ROTC,04/02/2027,CONFIRMADA,3355135,0,12/03/2022,12/03/2027,0,BANCO CENTRAL DE LA REPUBLICA DOMINICANA,BCENTRAL,59381
DO1002261928,LE090427,BCENTRAL/ LT 20270409 GTIA,450000,DOP,45,6.3459,96.610998,21/09/2026,01:03:06 PM,CONTADO,PRIMERA PARTE,ROTC,22/09/2026,CONFIRMADA,3355131,0,09/04/2026,09/04/2027,0,BANCO CENTRAL DE LA REPUBLICA DOMINICANA,BCENTRAL,57568
DO1002224124,NO120327,BCENTRAL/8 BOEST 20270312 GTIA,6000000,DOP,600,8.477617,99.779006,21/09/2026,01:03:04 PM,CONTADO,PRIMERA PARTE,ROTC,22/09/2026,CONFIRMADA,3355134,0,12/03/2022,12/03/2027,0,BANCO CENTRAL DE LA REPUBLICA DOMINICANA,BCENTRAL,60774
DO1005206516,MH32028,HACIENDA/10.75 BOEST 20280811 GTIA,8600000,DOP,86,2.42966,110.708442,21/09/2026,01:03:00 PM,PRESTAMO,SEGUNDA PARTE,ROTC,19/04/2027,CONFIRMADA,3354902,0,10/08/2018,11/08/2028,10.75,MINISTERIO DE HACIENDA,HACIENDA,61803
DO1005206516,MH32028,HACIENDA/10.75 BOEST 20280811 GTIA,8600000,DOP,86,7.51121,105.5856,21/09/2026,01:03:00 PM,PRESTAMO,PRIMERA PARTE,ROTC,21/09/2026,CONFIRMADA,3354902,0,10/08/2018,11/08/2028,10.75,MINISTERIO DE HACIENDA,HACIENDA,61110
DO1002261928,LE090427,BCENTRAL/ LT 20270409 GTIA,310000,DOP,31,5.6565,96.968006,21/09/2026,01:02:46 PM,CONTADO,PRIMERA PARTE,ROTC,22/09/2026,CONFIRMADA,3355128,0,09/04/2026,09/04/2027,0,BANCO CENTRAL DE LA REPUBLICA DOMINICANA,BCENTRAL,57491
DO1005213025,MH22031,HACIENDA/10.25 BOEST 20310209 GTIA,2900000,DOP,29,8.665,105.686324,21/09/2026,01:02:07 PM,CONTADO,PRIMERA PARTE,ROTC,21/09/2026,CONFIRMADA,3355125,0,09/02/2024,09/02/2031,0,MINISTERIO DE HACIENDA,HACIENDA,60340
DO1002261928,LE090427,BCENTRAL/ LT 20270409 GTIA,210000,DOP,21,10.1967,94.638876,21/09/2026,01:01:48 PM,CONTADO,PRIMERA PARTE,ROTC,21/09/2026,CONFIRMADA,3355102,0,09/04/2026,09/04/2027,0,BANCO CENTRAL DE LA REPUBLICA DOMINICANA,BCENTRAL,57841
DO1005206516,MH32028,HACIENDA/10.75 BOEST 20280811 GTIA,8600000,DOP,86,2.42966,110.708442,21/09/2026,01:01:46 PM,ESTRUCTURADA,SEGUNDA PARTE,ROTC,19/04/2027,CONFIRMADA,3354901,0,10/08/2018,11/08/2028,10.75,MINISTERIO DE HACIENDA,HACIENDA,63959
DO1005206516,MH32028,HACIENDA/10.75 BOEST 20280811 GTIA,8600000,DOP,86,7.51121,105.5856,21/09/2026,01:01:46 PM,ESTRUCTURADA,PRIMERA PARTE,ROTC,21/09/2026,CONFIRMADA,3354901,0,10/08/2018,11/08/2028,10.75,MINISTERIO DE HACIENDA,HACIENDA,63266
DO1002261225,LE021026,BCENTRAL/ LT 20261002 GTIA,700000,DOP,70,0.0825,99.99748,21/09/2026,01:01:30 PM,CONTADO,PRIMERA PARTE,ROTC,21/09/2026,CONFIRMADA,3355099,0,02/10/2025,02/10/2026,0,BANCO CENTRAL DE LA REPUBLICA DOMINICANA,BCENTRAL,56903
DO2016300223,BC1GUL02,GULFSTREAM/11.15 BO 20290624,12699531,DOP,12699531,12.9619,96.484439,21/09/2026,01:01:17 PM,ESTRUCTURADA,SEGUNDA PARTE,ROTC,19/03/2027,CONFIRMADA,3355085,0,24/06/2019,24/06/2029,9.4,GULFSTREAM PETROLEUM DOMINICANA S DE RL,GULFSTREAM,64596
DO2016300223,BC1GUL02,GULFSTREAM/11.15 BO 20290624,12699531,DOP,12699531,12.3279,97.278749,21/09/2026,01:01:17 PM,ESTRUCTURADA,PRIMERA PARTE,ROTC,21/09/2026,CONFIRMADA,3355085,0,24/06/2019,24/06/2029,9.4,GULFSTREAM PETROLEUM DOMINICANA S DE RL,GULFSTREAM,64659
DO2016300223,BC1GUL02,GULFSTREAM/11.15 BO 20290624,12699531,DOP,12699531,12.9619,96.484439,21/09/2026,01:01:16 PM,PRESTAMO,SEGUNDA PARTE,ROTC,19/03/2027,CONFIRMADA,3355086,0,24/06/2019,24/06/2029,1.818982,GULFSTREAM PETROLEUM DOMINICANA S DE RL,GULFSTREAM,62489
DO2016300223,BC1GUL02,GULFSTREAM/11.15 BO 20290624,12699531,DOP,12699531,12.3279,97.278749,21/09/2026,01:01:16 PM,PRESTAMO,PRIMERA PARTE,ROTC,21/09/2026,CONFIRMADA,3355086,0,24/06/2019,24/06/2029,1.818982,GULFSTREAM PETROLEUM DOMINICANA S DE RL,GULFSTREAM,62552
USP3579ECE51,BSRD2049,"DOMINICAN, REP /6.4 BD 20490605",841000,USD,841,4.8123,121.555939,21/09/2026,01:01:15 PM,ESTRUCTURADA,SEGUNDA PARTE,ROTC,18/02/2027,CONFIRMADA,3355087,0,05/06/2019,05/06/2049,5.3,MINISTERIO DE HACIENDA,HACIENDA,63588
USP3579ECE51,BSRD2049,"DOMINICAN, REP /6.4 BD 20490605",841000,USD,841,4.8333,121.44573,21/09/2026,01:01:15 PM,ESTRUCTURADA,PRIMERA PARTE,ROTC,21/09/2026,CONFIRMADA,3355087,0,05/06/2019,05/06/2049,5.3,MINISTERIO DE HACIENDA,HACIENDA,63245
USP3579ECE51,BSRD2049,"DOMINICAN, REP /6.4 BD 20490605",841000,USD,841,4.8123,121.555939,21/09/2026,01:01:13 PM,PRESTAMO,SEGUNDA PARTE,ROTC,18/02/2027,CONFIRMADA,3355088,0,05/06/2019,05/06/2049,1.146068,MINISTERIO DE HACIENDA,HACIENDA,61474
USP3579ECE51,BSRD2049,"DOMINICAN, REP /6.4 BD 20490605",841000,USD,841,4.8333,121.44573,21/09/2026,01:01:13 PM,PRESTAMO,PRIMERA PARTE,ROTC,21/09/2026,CONFIRMADA,3355088,0,05/06/2019,05/06/2049,1.146068,MINISTERIO DE HACIENDA,HACIENDA,61131
DO1005205617,MH12027,HACIENDA/11.25 BOEST 20270205 GTIA,1000000,DOP,10,15.3874,98.54885,21/09/2026,01:01:09 PM,CONTADO,PRIMERA PARTE,ROTC,21/09/2026,CONFIRMADA,3355080,0,05/08/2016,05/02/2027,0,MINISTERIO DE HACIENDA,HACIENDA,60410
DO1002262223,LE030927,BCENTRAL/ LT 20270903 GTIA,11930000,DOP,1193,8.3,92.204527,21/09/2026,01:01:06 PM,PRESTAMO,SEGUNDA PARTE,ROTC,19/07/2027,CONFIRMADA,3355124,0,03/09/2026,03/09/2027,0.02,BANCO CENTRAL DE LA REPUBLICA DOMINICANA,BCENTRAL,58303
DO1002262223,LE030927,BCENTRAL/ LT 20270903 GTIA,11930000,DOP,1193,8.3,92.204527,21/09/2026,01:01:06 PM,PRESTAMO,PRIMERA PARTE,ROTC,22/09/2026,CONFIRMADA,3355124,0,03/09/2026,03/09/2027,0.02,BANCO CENTRAL DE LA REPUBLICA DOMINICANA,BCENTRAL,58331
USP3579ECV76,BSDR2036, ,175000000,DOP,3500,5,143.735997,21/09/2026,01:01:01 PM,CONTADO,PRIMERA PARTE,ROTC,21/09/2026,CONFIRMADA,3355075,0,01/07/2024,01/06/2036,0,MINISTERIO DE HACIENDA,HACIENDA,48104
DO1002262223,LE030927,BCENTRAL/ LT 20270903 GTIA,11930000,DOP,1193,11.380735,98.566639,21/09/2026,01:01:01 PM,PLAZO,PRIMERA PARTE,ROTC,19/07/2027,CONFIRMADA,3355122,0,03/09/2026,03/09/2027,0,BANCO CENTRAL DE LA REPUBLICA DOMINICANA,BCENTRAL,59010
DO1002262223,LE030927,BCENTRAL/ LT 20270903 GTIA,11930000,DOP,1193,8.796636,92.204527,21/09/2026,01:00:55 PM,CONTADO,PRIMERA PARTE,ROTC,22/09/2026,CONFIRMADA,3355121,0,03/09/2026,03/09/2027,0,BANCO CENTRAL DE LA REPUBLICA DOMINICANA,BCENTRAL,59577
DO1002261928,LE090427,BCENTRAL/ LT 20270409 GTIA,4560000,DOP,456,8.1969,95.64452,21/09/2026,01:00:49 PM,CONTADO,PRIMERA PARTE,ROTC,21/09/2026,CONFIRMADA,3355069,0,09/04/2026,09/04/2027,0,BANCO CENTRAL DE LA REPUBLICA DOMINICANA,BCENTRAL,57960
DO1002261928,LE090427,BCENTRAL/ LT 20270409 GTIA,1150000,DOP,115,7.1164,96.1968,21/09/2026,01:00:29 PM,CONTADO,PRIMERA PARTE,ROTC,21/09/2026,CONFIRMADA,3355057,0,09/04/2026,09/04/2027,0,BANCO CENTRAL DE LA REPUBLICA DOMINICANA,BCENTRAL,57428
DO1002261928,LE090427,BCENTRAL/ LT 20270409 GTIA,1260000,DOP,126,9.1885,95.235695,21/09/2026,12:59:53 PM,CONTADO,PRIMERA PARTE,ROTC,25/09/2026,CONFIRMADA,3355051,0,09/04/2026,09/04/2027,0,BANCO CENTRAL DE LA REPUBLICA DOMINICANA,BCENTRAL,58366
DO1005204412,MH12029,HACIENDA/11.375 BOEST 20290706 GTIA,8200000,DOP,82,8.31093214,107.050601,21/09/2026,12:59:28 PM,PRESTAMO,SEGUNDA PARTE,ROTC,20/11/2026,CONFIRMADA,3355116,0,06/07/2014,06/07/2029,8.55,MINISTERIO DE HACIENDA,HACIENDA,63140
DO1005204412,MH12029,HACIENDA/11.375 BOEST 20290706 GTIA,8200000,DOP,82,8.34834781,107.35644,21/09/2026,12:59:28 PM,PRESTAMO,PRIMERA PARTE,ROTC,21/09/2026,CONFIRMADA,3355116,0,06/07/2014,06/07/2029,8.55,MINISTERIO DE HACIENDA,HACIENDA,63098
DO1005204412,MH12029,HACIENDA/11.375 BOEST 20290706 GTIA,8200000,DOP,82,8.31093214,107.050601,21/09/2026,12:59:27 PM,ESTRUCTURADA,SEGUNDA PARTE,ROTC,20/11/2026,CONFIRMADA,3354945,0,06/07/2014,06/07/2029,8.55,MINISTERIO DE HACIENDA,HACIENDA,65233
DO1005204412,MH12029,HACIENDA/11.375 BOEST 20290706 GTIA,8200000,DOP,82,8.34834781,107.35644,21/09/2026,12:59:27 PM,ESTRUCTURADA,PRIMERA PARTE,ROTC,21/09/2026,CONFIRMADA,3354945,0,06/07/2014,06/07/2029,8.55,MINISTERIO DE HACIENDA,HACIENDA,65191
DO1002261423,NO301129,BCENTRAL/9.5 BOEST 20291130 GTIA,380000,DOP,38,8.67247963,102.157275,21/09/2026,12:59:26 PM,PRESTAMO,SEGUNDA PARTE,ROTC,20/11/2026,CONFIRMADA,3355115,0,30/11/2025,30/11/2029,7.9,BANCO CENTRAL DE LA REPUBLICA DOMINICANA,BCENTRAL,62566
DO1002261423,NO301129,BCENTRAL/9.5 BOEST 20291130 GTIA,380000,DOP,38,8.64365172,102.320223,21/09/2026,12:59:26 PM,PRESTAMO,PRIMERA PARTE,ROTC,21/09/2026,CONFIRMADA,3355115,0,30/11/2025,30/11/2029,7.9,BANCO CENTRAL DE LA REPUBLICA DOMINICANA,BCENTRAL,62510
DO1002261423,NO301129,BCENTRAL/9.5 BOEST 20291130 GTIA,380000,DOP,38,8.67247963,102.157275,21/09/2026,12:59:24 PM,ESTRUCTURADA,SEGUNDA PARTE,ROTC,20/11/2026,CONFIRMADA,3354947,0,30/11/2025,30/11/2029,7.9,BANCO CENTRAL DE LA REPUBLICA DOMINICANA,BCENTRAL,64652
DO1002261423,NO301129,BCENTRAL/9.5 BOEST 20291130 GTIA,380000,DOP,38,8.64365172,102.320223,21/09/2026,12:59:24 PM,ESTRUCTURADA,PRIMERA PARTE,ROTC,21/09/2026,CONFIRMADA,3354947,0,30/11/2025,30/11/2029,7.9,BANCO CENTRAL DE LA REPUBLICA DOMINICANA,BCENTRAL,64596
DO2006901311,BC1ITA01,EGEITABO/5.65 BO 20311208,5832,USD,5832,5.0899912,102.479396,21/09/2026,12:59:23 PM,PRESTAMO,SEGUNDA PARTE,ROTC,20/11/2026,CONFIRMADA,3355114,0,08/12/2021,08/12/2031,4.25,"EMPRESA GENERADORA DE ELECTRICIDAD ITABO, S.A.",EGEITABO,59017
DO2006901311,BC1ITA01,EGEITABO/5.65 BO 20311208,5832,USD,5832,5.06207438,102.679426,21/09/2026,12:59:23 PM,PRESTAMO,PRIMERA PARTE,ROTC,21/09/2026,CONFIRMADA,3355114,0,08/12/2021,08/12/2031,4.25,"EMPRESA GENERADORA DE ELECTRICIDAD ITABO, S.A.",EGEITABO,59388
DO2006901311,BC1ITA01,EGEITABO/5.65 BO 20311208,5832,USD,5832,5.0899912,102.479396,21/09/2026,12:59:22 PM,ESTRUCTURADA,SEGUNDA PARTE,ROTC,20/11/2026,CONFIRMADA,3354948,0,08/12/2021,08/12/2031,4.25,"EMPRESA GENERADORA DE ELECTRICIDAD ITABO, S.A.",EGEITABO,61110
DO2006901311,BC1ITA01,EGEITABO/5.65 BO 20311208,5832,USD,5832,5.06207438,102.679426,21/09/2026,12:59:22 PM,ESTRUCTURADA,PRIMERA PARTE,ROTC,21/09/2026,CONFIRMADA,3354948,0,08/12/2021,08/12/2031,4.25,"EMPRESA GENERADORA DE ELECTRICIDAD ITABO, S.A.",EGEITABO,61481
DO1002261423,NO301129,BCENTRAL/9.5 BOEST 20291130 GTIA,1210000,DOP,121,8.62595711,102.218912,21/09/2026,12:59:21 PM,PRESTAMO,SEGUNDA PARTE,ROTC,21/12/2026,CONFIRMADA,3355113,0,30/11/2025,30/11/2029,9.65,BANCO CENTRAL DE LA REPUBLICA DOMINICANA,BCENTRAL,63035
DO1002261423,NO301129,BCENTRAL/9.5 BOEST 20291130 GTIA,1210000,DOP,121,8.7530125,102.016793,21/09/2026,12:59:21 PM,PRESTAMO,PRIMERA PARTE,ROTC,21/09/2026,CONFIRMADA,3355113,0,30/11/2025,30/11/2029,9.65,BANCO CENTRAL DE LA REPUBLICA DOMINICANA,BCENTRAL,62734
DO1002261829,NO010330,BCENTRAL/9.5 BOEST 20300301 GTIA,6260000,DOP,626,9.2,100.857336,21/09/2026,12:59:19 PM,CONTADO,PRIMERA PARTE,ROTC,22/09/2026,CONFIRMADA,3354509,0,01/03/2026,01/03/2030,0,BANCO CENTRAL DE LA REPUBLICA DOMINICANA,BCENTRAL,60053
DO1002261423,NO301129,BCENTRAL/9.5 BOEST 20291130 GTIA,1210000,DOP,121,8.62595711,102.218912,21/09/2026,12:59:19 PM,ESTRUCTURADA,SEGUNDA PARTE,ROTC,21/12/2026,CONFIRMADA,3354950,0,30/11/2025,30/11/2029,9.65,BANCO CENTRAL DE LA REPUBLICA DOMINICANA,BCENTRAL,65184
DO1002261423,NO301129,BCENTRAL/9.5 BOEST 20291130 GTIA,1210000,DOP,121,8.7530125,102.016793,21/09/2026,12:59:19 PM,ESTRUCTURADA,PRIMERA PARTE,ROTC,21/09/2026,CONFIRMADA,3354950,0,30/11/2025,30/11/2029,9.65,BANCO CENTRAL DE LA REPUBLICA DOMINICANA,BCENTRAL,64883
DO1005205716,MHUS2027,HACIENDA/6 BOEST 20270305 GTIA,940000,USD,940,0.34785906,102.085794,21/09/2026,12:59:18 PM,PLAZO,PRIMERA PARTE,ROTC,21/10/2026,CONFIRMADA,3355050,0,05/09/2016,05/03/2027,0,MINISTERIO DE HACIENDA,HACIENDA,60970
DO1002261423,NO301129,BCENTRAL/9.5 BOEST 20291130 GTIA,770000,DOP,77,9.62137862,99.661347,21/09/2026,12:59:18 PM,PRESTAMO,SEGUNDA PARTE,ROTC,21/10/2026,CONFIRMADA,3355112,0,30/11/2025,30/11/2029,7.4,BANCO CENTRAL DE LA REPUBLICA DOMINICANA,BCENTRAL,62328
DO1002261423,NO301129,BCENTRAL/9.5 BOEST 20291130 GTIA,770000,DOP,77,9.56367666,99.802208,21/09/2026,12:59:18 PM,PRESTAMO,PRIMERA PARTE,ROTC,21/09/2026,CONFIRMADA,3355112,0,30/11/2025,30/11/2029,7.4,BANCO CENTRAL DE LA REPUBLICA DOMINICANA,BCENTRAL,62468
DO1002261423,NO301129,BCENTRAL/9.5 BOEST 20291130 GTIA,770000,DOP,77,9.62137862,99.661347,21/09/2026,12:59:17 PM,ESTRUCTURADA,SEGUNDA PARTE,ROTC,21/10/2026,CONFIRMADA,3354954,0,30/11/2025,30/11/2029,7.4,BANCO CENTRAL DE LA REPUBLICA DOMINICANA,BCENTRAL,64421
DO1002261423,NO301129,BCENTRAL/9.5 BOEST 20291130 GTIA,770000,DOP,77,9.56367666,99.802208,21/09/2026,12:59:17 PM,ESTRUCTURADA,PRIMERA PARTE,ROTC,21/09/2026,CONFIRMADA,3354954,0,30/11/2025,30/11/2029,7.4,BANCO CENTRAL DE LA REPUBLICA DOMINICANA,BCENTRAL,64561
DO1005208322,MHUS2040,HACIENDA/6.75 BOEST 20400724 GTIA,462000,USD,462,3.29232768,138.00205,21/09/2026,12:59:16 PM,PLAZO,PRIMERA PARTE,ROTC,21/10/2026,CONFIRMADA,3355049,0,24/07/2020,24/07/2040,0,MINISTERIO DE HACIENDA,HACIENDA,61502
DO1005204412,MH12029,HACIENDA/11.375 BOEST 20290706 GTIA,2300000,DOP,23,8.56898729,105.679632,21/09/2026,12:59:16 PM,PRESTAMO,SEGUNDA PARTE,ROTC,22/03/2027,CONFIRMADA,3355111,0,06/07/2014,06/07/2029,9.2,MINISTERIO DE HACIENDA,HACIENDA,63427
DO1005204412,MH12029,HACIENDA/11.375 BOEST 20290706 GTIA,2300000,DOP,23,8.7651271,106.295995,21/09/2026,12:59:16 PM,PRESTAMO,PRIMERA PARTE,ROTC,21/09/2026,CONFIRMADA,3355111,0,06/07/2014,06/07/2029,9.2,MINISTERIO DE HACIENDA,HACIENDA,63056
DO1005205716,MHUS2027,HACIENDA/6 BOEST 20270305 GTIA,940000,USD,940,1.26430038,102.122477,21/09/2026,12:59:15 PM,CONTADO,PRIMERA PARTE,ROTC,21/09/2026,CONFIRMADA,3355048,0,05/09/2016,05/03/2027,0,MINISTERIO DE HACIENDA,HACIENDA,61740
DO1005204412,MH12029,HACIENDA/11.375 BOEST 20290706 GTIA,2300000,DOP,23,8.56898729,105.679632,21/09/2026,12:59:14 PM,ESTRUCTURADA,SEGUNDA PARTE,ROTC,22/03/2027,CONFIRMADA,3354955,0,06/07/2014,06/07/2029,9.2,MINISTERIO DE HACIENDA,HACIENDA,65513
DO1005204412,MH12029,HACIENDA/11.375 BOEST 20290706 GTIA,2300000,DOP,23,8.7651271,106.295995,21/09/2026,12:59:14 PM,ESTRUCTURADA,PRIMERA PARTE,ROTC,21/09/2026,CONFIRMADA,3354955,0,06/07/2014,06/07/2029,9.2,MINISTERIO DE HACIENDA,HACIENDA,65142
DO1005208322,MHUS2040,HACIENDA/6.75 BOEST 20400724 GTIA,462000,USD,462,3.31008659,137.944782,21/09/2026,12:59:14 PM,CONTADO,PRIMERA PARTE,ROTC,21/09/2026,CONFIRMADA,3355047,0,24/07/2020,24/07/2040,0,MINISTERIO DE HACIENDA,HACIENDA,62923
DO1005204412,MH12029,HACIENDA/11.375 BOEST 20290706 GTIA,3600000,DOP,36,8.11740409,107.520902,21/09/2026,12:59:13 PM,PRESTAMO,SEGUNDA PARTE,ROTC,20/11/2026,CONFIRMADA,3355110,0,06/07/2014,06/07/2029,8.6,MINISTERIO DE HACIENDA,HACIENDA,63147
DO1005204412,MH12029,HACIENDA/11.375 BOEST 20290706 GTIA,3600000,DOP,36,8.17126219,107.811077,21/09/2026,12:59:13 PM,PRESTAMO,PRIMERA PARTE,ROTC,21/09/2026,CONFIRMADA,3355110,0,06/07/2014,06/07/2029,8.6,MINISTERIO DE HACIENDA,HACIENDA,63329
DO1005204412,MH12029,HACIENDA/11.375 BOEST 20290706 GTIA,3600000,DOP,36,8.11740409,107.520902,21/09/2026,12:59:12 PM,ESTRUCTURADA,SEGUNDA PARTE,ROTC,20/11/2026,CONFIRMADA,3354993,0,06/07/2014,06/07/2029,8.6,MINISTERIO DE HACIENDA,HACIENDA,65240
DO1005204412,MH12029,HACIENDA/11.375 BOEST 20290706 GTIA,3600000,DOP,36,8.17126219,107.811077,21/09/2026,12:59:12 PM,ESTRUCTURADA,PRIMERA PARTE,ROTC,21/09/2026,CONFIRMADA,3354993,0,06/07/2014,06/07/2029,8.6,MINISTERIO DE HACIENDA,HACIENDA,65422
DO1002261423,NO301129,BCENTRAL/9.5 BOEST 20291130 GTIA,1040000,DOP,104,9.27772683,100.570172,21/09/2026,12:59:11 PM,ESTRUCTURADA,SEGUNDA PARTE,ROTC,21/10/2026,CONFIRMADA,3354996,0,30/11/2025,30/11/2029,7.45,BANCO CENTRAL DE LA REPUBLICA DOMINICANA,BCENTRAL,65156
DO1002261423,NO301129,BCENTRAL/9.5 BOEST 20291130 GTIA,1040000,DOP,104,9.23192277,100.701171,21/09/2026,12:59:11 PM,ESTRUCTURADA,PRIMERA PARTE,ROTC,21/09/2026,CONFIRMADA,3354996,0,30/11/2025,30/11/2029,7.45,BANCO CENTRAL DE LA REPUBLICA DOMINICANA,BCENTRAL,65177
DO1005204412,MH12029,HACIENDA/11.375 BOEST 20290706 GTIA,3600000,DOP,36,7.78119182,108.461834,21/09/2026,12:59:10 PM,PRESTAMO,SEGUNDA PARTE,ROTC,05/11/2026,CONFIRMADA,3355109,0,06/07/2014,06/07/2029,8.3,MINISTERIO DE HACIENDA,HACIENDA,63280
DO1005204412,MH12029,HACIENDA/11.375 BOEST 20290706 GTIA,3600000,DOP,36,7.82333758,108.711454,21/09/2026,12:59:10 PM,PRESTAMO,PRIMERA PARTE,ROTC,21/09/2026,CONFIRMADA,3355109,0,06/07/2014,06/07/2029,8.3,MINISTERIO DE HACIENDA,HACIENDA,63364
DO1005204412,MH12029,HACIENDA/11.375 BOEST 20290706 GTIA,3600000,DOP,36,7.78119182,108.461834,21/09/2026,12:59:08 PM,ESTRUCTURADA,SEGUNDA PARTE,ROTC,05/11/2026,CONFIRMADA,3355073,0,06/07/2014,06/07/2029,8.3,MINISTERIO DE HACIENDA,HACIENDA,65429
DO1005204412,MH12029,HACIENDA/11.375 BOEST 20290706 GTIA,3600000,DOP,36,7.82333758,108.711454,21/09/2026,12:59:08 PM,ESTRUCTURADA,PRIMERA PARTE,ROTC,21/09/2026,CONFIRMADA,3355073,0,06/07/2014,06/07/2029,8.3,MINISTERIO DE HACIENDA,HACIENDA,65513
DO1002227721,NO111226,BCENTRAL/9 BOEST 20261211 GTIA,3060000,DOP,306,7,100.407409,21/09/2026,12:58:47 PM,CONTADO,PRIMERA PARTE,ROTC,22/09/2026,CONFIRMADA,3354511,0,11/12/2023,11/12/2026,0,BANCO CENTRAL DE LA REPUBLICA DOMINICANA,BCENTRAL,58583
USP3579ECY16,BSDR2037, ,185000000,DOP,3700,5,144.4515,21/09/2026,12:58:42 PM,CONTADO,PRIMERA PARTE,ROTC,21/09/2026,CONFIRMADA,3355074,0,24/02/2025,15/03/2037,0,MINISTERIO DE HACIENDA,HACIENDA,47404
DO1005205716,MHUS2027,HACIENDA/6 BOEST 20270305 GTIA,60000,USD,60,4.55,101.553883,21/09/2026,12:57:15 PM,PRESTAMO,SEGUNDA PARTE,ROTC,26/01/2027,CONFIRMADA,3355108,0,05/09/2016,05/03/2027,0.02,MINISTERIO DE HACIENDA,HACIENDA,59521
DO1005205716,MHUS2027,HACIENDA/6 BOEST 20270305 GTIA,60000,USD,60,4.55,101.553883,21/09/2026,12:57:15 PM,PRESTAMO,PRIMERA PARTE,ROTC,22/09/2026,CONFIRMADA,3355108,0,05/09/2016,05/03/2027,0.02,MINISTERIO DE HACIENDA,HACIENDA,59605
DO1005205716,MHUS2027,HACIENDA/6 BOEST 20270305 GTIA,60000,USD,60,-4.31447,101.097218,21/09/2026,12:57:10 PM,PLAZO,PRIMERA PARTE,ROTC,26/01/2027,CONFIRMADA,3355107,0,05/09/2016,05/03/2027,0,MINISTERIO DE HACIENDA,HACIENDA,59297
DO1005205716,MHUS2027,HACIENDA/6 BOEST 20270305 GTIA,60000,USD,60,2.476824,101.553883,21/09/2026,12:57:02 PM,CONTADO,PRIMERA PARTE,ROTC,22/09/2026,CONFIRMADA,3355106,0,05/09/2016,05/03/2027,0,MINISTERIO DE HACIENDA,HACIENDA,60361
DO2018100324,BC1AES03,AESTRELLA/11.25 BO 20301130,6382,DOP,6382,11.5258,99.096365,21/09/2026,12:56:10 PM,PRESTAMO,SEGUNDA PARTE,ROTC,21/10/2026,CONFIRMADA,3354918,0,30/11/2020,30/11/2030,1.3807449999999999,ACERO ESTRELLA S A,AESTRELLA,58660
DO2018100324,BC1AES03,AESTRELLA/11.25 BO 20301130,6382,DOP,6382,11.4575,99.308756,21/09/2026,12:56:10 PM,PRESTAMO,PRIMERA PARTE,ROTC,21/09/2026,CONFIRMADA,3354918,0,30/11/2020,30/11/2030,1.3807449999999999,ACERO ESTRELLA S A,AESTRELLA,58786
DO2018100324,BC1AES03,AESTRELLA/11.25 BO 20301130,6382,DOP,6382,11.5258,99.096365,21/09/2026,12:55:56 PM,ESTRUCTURADA,SEGUNDA PARTE,ROTC,21/10/2026,CONFIRMADA,3354917,0,30/11/2020,30/11/2030,8.55,ACERO ESTRELLA S A,AESTRELLA,60823
DO2018100324,BC1AES03,AESTRELLA/11.25 BO 20301130,6382,DOP,6382,11.4575,99.308756,21/09/2026,12:55:56 PM,ESTRUCTURADA,PRIMERA PARTE,ROTC,21/09/2026,CONFIRMADA,3354917,0,30/11/2020,30/11/2030,8.55,ACERO ESTRELLA S A,AESTRELLA,60949
DO1002228125,NO090229,BCENTRAL/10 BOEST 20290209 GTIA,20000,DOP,2,25.5171,73.6629,21/09/2026,12:55:31 PM,PRESTAMO,SEGUNDA PARTE,ROTC,01/10/2026,CONFIRMADA,3354926,0,09/02/2024,09/02/2029,1.693139,BANCO CENTRAL DE LA REPUBLICA DOMINICANA,BCENTRAL,59171
DO1002228125,NO090229,BCENTRAL/10 BOEST 20290209 GTIA,20000,DOP,2,25.242,73.8315,21/09/2026,12:55:31 PM,PRESTAMO,PRIMERA PARTE,ROTC,21/09/2026,CONFIRMADA,3354926,0,09/02/2024,09/02/2029,1.693139,BANCO CENTRAL DE LA REPUBLICA DOMINICANA,BCENTRAL,58884
DO1005208025,COV2040,HACIENDA/10.875 BOEST 20400228 GTIA,200000,DOP,2,5.9229,144.867385,21/09/2026,12:55:30 PM,PRESTAMO,SEGUNDA PARTE,ROTC,22/12/2026,CONFIRMADA,3354928,0,28/02/2020,28/02/2040,2.722845,MINISTERIO DE HACIENDA,HACIENDA,61299
DO1005208025,COV2040,HACIENDA/10.875 BOEST 20400228 GTIA,200000,DOP,2,6.0225,144.28493,21/09/2026,12:55:30 PM,PRESTAMO,PRIMERA PARTE,ROTC,21/09/2026,CONFIRMADA,3354928,0,28/02/2020,28/02/2040,2.722845,MINISTERIO DE HACIENDA,HACIENDA,60900
DO1005208025,COV2040,HACIENDA/10.875 BOEST 20400228 GTIA,1000000,DOP,10,5.5232,149.87226,21/09/2026,12:55:28 PM,PRESTAMO,SEGUNDA PARTE,ROTC,20/11/2026,CONFIRMADA,3354930,0,28/02/2020,28/02/2040,2.027936,MINISTERIO DE HACIENDA,HACIENDA,61530
DO1005208025,COV2040,HACIENDA/10.875 BOEST 20400228 GTIA,1000000,DOP,10,5.6064,149.284932,21/09/2026,12:55:28 PM,PRESTAMO,PRIMERA PARTE,ROTC,21/09/2026,CONFIRMADA,3354930,0,28/02/2020,28/02/2040,2.027936,MINISTERIO DE HACIENDA,HACIENDA,62034
DO1002228125,NO090229,BCENTRAL/10 BOEST 20290209 GTIA,50000,DOP,5,10.6152,98.7413,21/09/2026,12:55:27 PM,PRESTAMO,SEGUNDA PARTE,ROTC,21/10/2026,CONFIRMADA,3354932,0,09/02/2024,09/02/2029,1.879851,BANCO CENTRAL DE LA REPUBLICA DOMINICANA,BCENTRAL,59213
DO1002228125,NO090229,BCENTRAL/10 BOEST 20290209 GTIA,50000,DOP,5,10.5562,98.83152,21/09/2026,12:55:27 PM,PRESTAMO,PRIMERA PARTE,ROTC,21/09/2026,CONFIRMADA,3354932,0,09/02/2024,09/02/2029,1.879851,BANCO CENTRAL DE LA REPUBLICA DOMINICANA,BCENTRAL,59724
DO1005208025,COV2040,HACIENDA/10.875 BOEST 20400228 GTIA,1200000,DOP,12,4.2029,167.018355,21/09/2026,12:55:26 PM,PRESTAMO,SEGUNDA PARTE,ROTC,21/12/2026,CONFIRMADA,3354934,0,28/02/2020,28/02/2040,2.63612,MINISTERIO DE HACIENDA,HACIENDA,61873
DO1005208025,COV2040,HACIENDA/10.875 BOEST 20400228 GTIA,1200000,DOP,12,4.3451,165.951598,21/09/2026,12:55:26 PM,PRESTAMO,PRIMERA PARTE,ROTC,21/09/2026,CONFIRMADA,3354934,0,28/02/2020,28/02/2040,2.63612,MINISTERIO DE HACIENDA,HACIENDA,62069
USP3579ECZ80,BSRD2035, ,4000,USD,4,5.8277,100.315,21/09/2026,12:55:25 PM,PRESTAMO,SEGUNDA PARTE,ROTC,21/12/2026,CONFIRMADA,3355031,0,28/10/2025,28/10/2035,3.472771,MINISTERIO DE HACIENDA,HACIENDA,46641
USP3579ECZ80,BSRD2035, ,4000,USD,4,6.2135,97.66625,21/09/2026,12:55:25 PM,PRESTAMO,PRIMERA PARTE,ROTC,21/09/2026,CONFIRMADA,3355031,0,28/10/2025,28/10/2035,3.472771,MINISTERIO DE HACIENDA,HACIENDA,47215
DO1005208025,COV2040,HACIENDA/10.875 BOEST 20400228 GTIA,600000,DOP,6,4.0952,167.91381,21/09/2026,12:55:23 PM,PRESTAMO,SEGUNDA PARTE,ROTC,18/02/2027,CONFIRMADA,3355039,0,28/02/2020,28/02/2040,4.128561,MINISTERIO DE HACIENDA,HACIENDA,60949
DO1005208025,COV2040,HACIENDA/10.875 BOEST 20400228 GTIA,600000,DOP,6,4.3451,165.951598,21/09/2026,12:55:23 PM,PRESTAMO,PRIMERA PARTE,ROTC,21/09/2026,CONFIRMADA,3355039,0,28/02/2020,28/02/2040,4.128561,MINISTERIO DE HACIENDA,HACIENDA,61418
USP3579ECZ80,BSRD2035, ,2000,USD,2,5.1103,105.4285,21/09/2026,12:55:22 PM,PRESTAMO,SEGUNDA PARTE,ROTC,20/11/2026,CONFIRMADA,3355041,0,28/10/2025,28/10/2035,2.950254,MINISTERIO DE HACIENDA,HACIENDA,46886
USP3579ECZ80,BSRD2035, ,2000,USD,2,5.4978,102.6665,21/09/2026,12:55:22 PM,PRESTAMO,PRIMERA PARTE,ROTC,21/09/2026,CONFIRMADA,3355041,0,28/10/2025,28/10/2035,2.950254,MINISTERIO DE HACIENDA,HACIENDA,47173
USP3579ECZ80,BSRD2035, ,78000,USD,78,5.4508,102.917551,21/09/2026,12:55:21 PM,PRESTAMO,SEGUNDA PARTE,ROTC,19/01/2027,CONFIRMADA,3355043,0,28/10/2025,28/10/2035,3.845954,MINISTERIO DE HACIENDA,HACIENDA,48587
USP3579ECZ80,BSRD2035, ,78000,USD,78,5.841,100.230423,21/09/2026,12:55:21 PM,PRESTAMO,PRIMERA PARTE,ROTC,21/09/2026,CONFIRMADA,3355043,0,28/10/2025,28/10/2035,3.845954,MINISTERIO DE HACIENDA,HACIENDA,48174
DO1002228125,NO090229,BCENTRAL/10 BOEST 20290209 GTIA,500000000,DOP,50000,9.5,101.023694,21/09/2026,12:54:28 PM,CONTADO,PRIMERA PARTE,ROTC,21/09/2026,CONFIRMADA,3355044,0,09/02/2024,09/02/2029,0,BANCO CENTRAL DE LA REPUBLICA DOMINICANA,BCENTRAL,60942
DO1002224124,NO120327,BCENTRAL/8 BOEST 20270312 GTIA,5920000,DOP,592,7.45,99.441168,21/09/2026,12:54:16 PM,PRESTAMO,SEGUNDA PARTE,ROTC,26/10/2026,CONFIRMADA,3355097,0,12/03/2022,12/03/2027,0.02,BANCO CENTRAL DE LA REPUBLICA DOMINICANA,BCENTRAL,60046
DO1002224124,NO120327,BCENTRAL/8 BOEST 20270312 GTIA,5920000,DOP,592,7.45,99.441168,21/09/2026,12:54:16 PM,PRESTAMO,PRIMERA PARTE,ROTC,22/09/2026,CONFIRMADA,3355097,0,12/03/2022,12/03/2027,0.02,BANCO CENTRAL DE LA REPUBLICA DOMINICANA,BCENTRAL,60137
DO1002224124,NO120327,BCENTRAL/8 BOEST 20270312 GTIA,5920000,DOP,592,9.63479,99.389138,21/09/2026,12:54:12 PM,PLAZO,PRIMERA PARTE,ROTC,26/10/2026,CONFIRMADA,3355096,0,12/03/2022,12/03/2027,0,BANCO CENTRAL DE LA REPUBLICA DOMINICANA,BCENTRAL,59696
DO1002224124,NO120327,BCENTRAL/8 BOEST 20270312 GTIA,5920000,DOP,592,9.225723,99.441168,21/09/2026,12:54:07 PM,CONTADO,PRIMERA PARTE,ROTC,22/09/2026,CONFIRMADA,3355095,0,12/03/2022,12/03/2027,0,BANCO CENTRAL DE LA REPUBLICA DOMINICANA,BCENTRAL,60886
USP3579ECZ80,BSRD2035, ,78000,USD,78,5.4508,102.917551,21/09/2026,12:52:47 PM,ESTRUCTURADA,SEGUNDA PARTE,ROTC,19/01/2027,CONFIRMADA,3355042,0,28/10/2025,28/10/2035,4.9003,MINISTERIO DE HACIENDA,HACIENDA,50722
USP3579ECZ80,BSRD2035, ,78000,USD,78,5.841,100.230423,21/09/2026,12:52:47 PM,ESTRUCTURADA,PRIMERA PARTE,ROTC,21/09/2026,CONFIRMADA,3355042,0,28/10/2025,28/10/2035,4.9003,MINISTERIO DE HACIENDA,HACIENDA,50309
USP3579ECZ80,BSRD2035, ,2000,USD,2,5.1103,105.4285,21/09/2026,12:52:46 PM,ESTRUCTURADA,SEGUNDA PARTE,ROTC,20/11/2026,CONFIRMADA,3355040,0,28/10/2025,28/10/2035,4.5,MINISTERIO DE HACIENDA,HACIENDA,49007
USP3579ECZ80,BSRD2035, ,2000,USD,2,5.4978,102.6665,21/09/2026,12:52:46 PM,ESTRUCTURADA,PRIMERA PARTE,ROTC,21/09/2026,CONFIRMADA,3355040,0,28/10/2025,28/10/2035,4.5,MINISTERIO DE HACIENDA,HACIENDA,49294
DO1005208025,COV2040,HACIENDA/10.875 BOEST 20400228 GTIA,600000,DOP,6,4.0952,167.91381,21/09/2026,12:52:45 PM,ESTRUCTURADA,SEGUNDA PARTE,ROTC,18/02/2027,CONFIRMADA,3355035,0,28/02/2020,28/02/2040,9.2612,MINISTERIO DE HACIENDA,HACIENDA,63056
DO1005208025,COV2040,HACIENDA/10.875 BOEST 20400228 GTIA,600000,DOP,6,4.3451,165.951598,21/09/2026,12:52:45 PM,ESTRUCTURADA,PRIMERA PARTE,ROTC,21/09/2026,CONFIRMADA,3355035,0,28/02/2020,28/02/2040,9.2612,MINISTERIO DE HACIENDA,HACIENDA,63525
USP3579ECZ80,BSRD2035, ,4000,USD,4,5.8277,100.315,21/09/2026,12:52:44 PM,ESTRUCTURADA,SEGUNDA PARTE,ROTC,21/12/2026,CONFIRMADA,3355026,0,28/10/2025,28/10/2035,4.6686,MINISTERIO DE HACIENDA,HACIENDA,48727
USP3579ECZ80,BSRD2035, ,4000,USD,4,6.2135,97.66625,21/09/2026,12:52:44 PM,ESTRUCTURADA,PRIMERA PARTE,ROTC,21/09/2026,CONFIRMADA,3355026,0,28/10/2025,28/10/2035,4.6686,MINISTERIO DE HACIENDA,HACIENDA,49301
DO1005208025,COV2040,HACIENDA/10.875 BOEST 20400228 GTIA,1200000,DOP,12,4.2029,167.018355,21/09/2026,12:52:43 PM,ESTRUCTURADA,SEGUNDA PARTE,ROTC,21/12/2026,CONFIRMADA,3354933,0,28/02/2020,28/02/2040,8.9677,MINISTERIO DE HACIENDA,HACIENDA,63945
DO1005208025,COV2040,HACIENDA/10.875 BOEST 20400228 GTIA,1200000,DOP,12,4.3451,165.951598,21/09/2026,12:52:43 PM,ESTRUCTURADA,PRIMERA PARTE,ROTC,21/09/2026,CONFIRMADA,3354933,0,28/02/2020,28/02/2040,8.9677,MINISTERIO DE HACIENDA,HACIENDA,64141
DO1002228125,NO090229,BCENTRAL/10 BOEST 20290209 GTIA,50000,DOP,5,10.6152,98.7413,21/09/2026,12:52:41 PM,ESTRUCTURADA,SEGUNDA PARTE,ROTC,21/10/2026,CONFIRMADA,3354931,0,09/02/2024,09/02/2029,8.7,BANCO CENTRAL DE LA REPUBLICA DOMINICANA,BCENTRAL,61264
DO1002228125,NO090229,BCENTRAL/10 BOEST 20290209 GTIA,50000,DOP,5,10.5562,98.83152,21/09/2026,12:52:41 PM,ESTRUCTURADA,PRIMERA PARTE,ROTC,21/09/2026,CONFIRMADA,3354931,0,09/02/2024,09/02/2029,8.7,BANCO CENTRAL DE LA REPUBLICA DOMINICANA,BCENTRAL,61775
DO1005208025,COV2040,HACIENDA/10.875 BOEST 20400228 GTIA,1000000,DOP,10,5.5232,149.87226,21/09/2026,12:52:40 PM,ESTRUCTURADA,SEGUNDA PARTE,ROTC,20/11/2026,CONFIRMADA,3354929,0,28/02/2020,28/02/2040,9.5,MINISTERIO DE HACIENDA,HACIENDA,63567
DO1005208025,COV2040,HACIENDA/10.875 BOEST 20400228 GTIA,1000000,DOP,10,5.6064,149.284932,21/09/2026,12:52:40 PM,ESTRUCTURADA,PRIMERA PARTE,ROTC,21/09/2026,CONFIRMADA,3354929,0,28/02/2020,28/02/2040,9.5,MINISTERIO DE HACIENDA,HACIENDA,64071
DO1005208025,COV2040,HACIENDA/10.875 BOEST 20400228 GTIA,200000,DOP,2,5.9229,144.867385,21/09/2026,12:52:39 PM,ESTRUCTURADA,SEGUNDA PARTE,ROTC,22/12/2026,CONFIRMADA,3354927,0,28/02/2020,28/02/2040,8.9691,MINISTERIO DE HACIENDA,HACIENDA,63441
DO1005208025,COV2040,HACIENDA/10.875 BOEST 20400228 GTIA,200000,DOP,2,6.0225,144.28493,21/09/2026,12:52:39 PM,ESTRUCTURADA,PRIMERA PARTE,ROTC,21/09/2026,CONFIRMADA,3354927,0,28/02/2020,28/02/2040,8.9691,MINISTERIO DE HACIENDA,HACIENDA,63042
DO1002228125,NO090229,BCENTRAL/10 BOEST 20290209 GTIA,20000,DOP,2,25.5171,73.6629,21/09/2026,12:52:38 PM,ESTRUCTURADA,SEGUNDA PARTE,ROTC,01/10/2026,CONFIRMADA,3354925,0,09/02/2024,09/02/2029,4.95,BANCO CENTRAL DE LA REPUBLICA DOMINICANA,BCENTRAL,61299
DO1002228125,NO090229,BCENTRAL/10 BOEST 20290209 GTIA,20000,DOP,2,25.242,73.8315,21/09/2026,12:52:38 PM,ESTRUCTURADA,PRIMERA PARTE,ROTC,21/09/2026,CONFIRMADA,3354925,0,09/02/2024,09/02/2029,4.95,BANCO CENTRAL DE LA REPUBLICA DOMINICANA,BCENTRAL,61012
DO1002261829,NO010330,BCENTRAL/9.5 BOEST 20300301 GTIA,5520000,DOP,552,9.2,100.856293,21/09/2026,12:52:12 PM,CONTADO,PRIMERA PARTE,ROTC,23/09/2026,CONFIRMADA,3354520,0,01/03/2026,01/03/2030,0,BANCO CENTRAL DE LA REPUBLICA DOMINICANA,BCENTRAL,59941
DO1002227721,NO111226,BCENTRAL/9 BOEST 20261211 GTIA,5600000,DOP,560,7,100.402172,21/09/2026,12:51:07 PM,CONTADO,PRIMERA PARTE,ROTC,23/09/2026,CONFIRMADA,3354521,0,11/12/2023,11/12/2026,0,BANCO CENTRAL DE LA REPUBLICA DOMINICANA,BCENTRAL,58485
DO2018100324,BC1AES03,AESTRELLA/11.25 BO 20301130,3000143,DOP,3000143,9.9655,103.931782,21/09/2026,12:50:37 PM,PRESTAMO,SEGUNDA PARTE,ROTC,19/03/2027,CONFIRMADA,3354916,0,30/11/2020,30/11/2030,4.977628,ACERO ESTRELLA S A,AESTRELLA,60648
DO2018100324,BC1AES03,AESTRELLA/11.25 BO 20301130,3000143,DOP,3000143,11.4556,99.314911,21/09/2026,12:50:37 PM,PRESTAMO,PRIMERA PARTE,ROTC,21/09/2026,CONFIRMADA,3354916,0,30/11/2020,30/11/2030,4.977628,ACERO ESTRELLA S A,AESTRELLA,60634
DO1002224124,NO120327,BCENTRAL/8 BOEST 20270312 GTIA,2640000,DOP,264,7.1,99.300976,21/09/2026,12:50:36 PM,PRESTAMO,SEGUNDA PARTE,ROTC,23/11/2026,CONFIRMADA,3355079,0,12/03/2022,12/03/2027,0.02,BANCO CENTRAL DE LA REPUBLICA DOMINICANA,BCENTRAL,59577
DO1002224124,NO120327,BCENTRAL/8 BOEST 20270312 GTIA,2640000,DOP,264,7.1,99.300976,21/09/2026,12:50:36 PM,PRESTAMO,PRIMERA PARTE,ROTC,22/09/2026,CONFIRMADA,3355079,0,12/03/2022,12/03/2027,0.02,BANCO CENTRAL DE LA REPUBLICA DOMINICANA,BCENTRAL,59682
DO2018100324,BC1AES03,AESTRELLA/11.25 BO 20301130,3000143,DOP,3000143,9.9655,103.931782,21/09/2026,12:50:30 PM,ESTRUCTURADA,SEGUNDA PARTE,ROTC,19/03/2027,CONFIRMADA,3354915,0,30/11/2020,30/11/2030,9.1,ACERO ESTRELLA S A,AESTRELLA,62699
DO2018100324,BC1AES03,AESTRELLA/11.25 BO 20301130,3000143,DOP,3000143,11.4556,99.314911,21/09/2026,12:50:30 PM,ESTRUCTURADA,PRIMERA PARTE,ROTC,21/09/2026,CONFIRMADA,3354915,0,30/11/2020,30/11/2030,9.1,ACERO ESTRELLA S A,AESTRELLA,62685
DO1002224124,NO120327,BCENTRAL/8 BOEST 20270312 GTIA,2640000,DOP,264,10.877437,99.144315,21/09/2026,12:50:30 PM,PLAZO,PRIMERA PARTE,ROTC,23/11/2026,CONFIRMADA,3355078,0,12/03/2022,12/03/2027,0,BANCO CENTRAL DE LA REPUBLICA DOMINICANA,BCENTRAL,60165
DO1002224124,NO120327,BCENTRAL/8 BOEST 20270312 GTIA,2640000,DOP,264,9.537698,99.300976,21/09/2026,12:50:16 PM,CONTADO,PRIMERA PARTE,ROTC,22/09/2026,CONFIRMADA,3355077,0,12/03/2022,12/03/2027,0,BANCO CENTRAL DE LA REPUBLICA DOMINICANA,BCENTRAL,60928
DO1005204412,MH12029,HACIENDA/11.375 BOEST 20290706 GTIA,3900000,DOP,39,8.41596434,106.987481,21/09/2026,12:48:43 PM,PRESTAMO,SEGUNDA PARTE,ROTC,21/10/2026,CONFIRMADA,3355068,0,06/07/2014,06/07/2029,7.45,MINISTERIO DE HACIENDA,HACIENDA,63392
DO1005204412,MH12029,HACIENDA/11.375 BOEST 20290706 GTIA,3900000,DOP,39,8.39318193,107.241722,21/09/2026,12:48:43 PM,PRESTAMO,PRIMERA PARTE,ROTC,21/09/2026,CONFIRMADA,3355068,0,06/07/2014,06/07/2029,7.45,MINISTERIO DE HACIENDA,HACIENDA,63392
DO1005204412,MH12029,HACIENDA/11.375 BOEST 20290706 GTIA,3900000,DOP,39,8.41596434,106.987481,21/09/2026,12:48:42 PM,ESTRUCTURADA,SEGUNDA PARTE,ROTC,21/10/2026,CONFIRMADA,3354956,0,06/07/2014,06/07/2029,7.45,MINISTERIO DE HACIENDA,HACIENDA,65485
DO1005204412,MH12029,HACIENDA/11.375 BOEST 20290706 GTIA,3900000,DOP,39,8.39318193,107.241722,21/09/2026,12:48:42 PM,ESTRUCTURADA,PRIMERA PARTE,ROTC,21/09/2026,CONFIRMADA,3354956,0,06/07/2014,06/07/2029,7.45,MINISTERIO DE HACIENDA,HACIENDA,65485
DO1002261423,NO301129,BCENTRAL/9.5 BOEST 20291130 GTIA,370000,DOP,37,8.88538168,101.642365,21/09/2026,12:48:41 PM,PRESTAMO,SEGUNDA PARTE,ROTC,29/09/2026,CONFIRMADA,3355067,0,30/11/2025,30/11/2029,2.75,BANCO CENTRAL DE LA REPUBLICA DOMINICANA,BCENTRAL,62636
DO1002261423,NO301129,BCENTRAL/9.5 BOEST 20291130 GTIA,370000,DOP,37,8.8368691599999991,101.784887,21/09/2026,12:48:41 PM,PRESTAMO,PRIMERA PARTE,ROTC,21/09/2026,CONFIRMADA,3355067,0,30/11/2025,30/11/2029,2.75,BANCO CENTRAL DE LA REPUBLICA DOMINICANA,BCENTRAL,62755
DO1002261423,NO301129,BCENTRAL/9.5 BOEST 20291130 GTIA,370000,DOP,37,8.88538168,101.642365,21/09/2026,12:48:39 PM,ESTRUCTURADA,SEGUNDA PARTE,ROTC,29/09/2026,CONFIRMADA,3354957,0,30/11/2025,30/11/2029,2.75,BANCO CENTRAL DE LA REPUBLICA DOMINICANA,BCENTRAL,64785
DO1002261423,NO301129,BCENTRAL/9.5 BOEST 20291130 GTIA,370000,DOP,37,8.8368691599999991,101.784887,21/09/2026,12:48:39 PM,ESTRUCTURADA,PRIMERA PARTE,ROTC,21/09/2026,CONFIRMADA,3354957,0,30/11/2025,30/11/2029,2.75,BANCO CENTRAL DE LA REPUBLICA DOMINICANA,BCENTRAL,64904
DO1005208322,MHUS2040,HACIENDA/6.75 BOEST 20400724 GTIA,98000,USD,98,4.70745937,120.504454,21/09/2026,12:48:38 PM,PRESTAMO,SEGUNDA PARTE,ROTC,21/10/2026,CONFIRMADA,3355066,0,24/07/2020,24/07/2040,3.1,MINISTERIO DE HACIENDA,HACIENDA,62860
DO1005208322,MHUS2040,HACIENDA/6.75 BOEST 20400724 GTIA,98000,USD,98,4.6935959,120.75225,21/09/2026,12:48:38 PM,PRESTAMO,PRIMERA PARTE,ROTC,21/09/2026,CONFIRMADA,3355066,0,24/07/2020,24/07/2040,3.1,MINISTERIO DE HACIENDA,HACIENDA,62328
DO1005208322,MHUS2040,HACIENDA/6.75 BOEST 20400724 GTIA,98000,USD,98,4.70745937,120.504454,21/09/2026,12:48:37 PM,ESTRUCTURADA,SEGUNDA PARTE,ROTC,21/10/2026,CONFIRMADA,3354978,0,24/07/2020,24/07/2040,3.1,MINISTERIO DE HACIENDA,HACIENDA,64953
DO1005208322,MHUS2040,HACIENDA/6.75 BOEST 20400724 GTIA,98000,USD,98,4.6935959,120.75225,21/09/2026,12:48:37 PM,ESTRUCTURADA,PRIMERA PARTE,ROTC,21/09/2026,CONFIRMADA,3354978,0,24/07/2020,24/07/2040,3.1,MINISTERIO DE HACIENDA,HACIENDA,64421
DO1005204412,MH12029,HACIENDA/11.375 BOEST 20290706 GTIA,3500000,DOP,35,8.5427341,106.672903,21/09/2026,12:48:36 PM,PRESTAMO,SEGUNDA PARTE,ROTC,21/10/2026,CONFIRMADA,3355065,0,06/07/2014,06/07/2029,7.45,MINISTERIO DE HACIENDA,HACIENDA,62874
DO1005204412,MH12029,HACIENDA/11.375 BOEST 20290706 GTIA,3500000,DOP,35,8.51567683,106.929085,21/09/2026,12:48:36 PM,PRESTAMO,PRIMERA PARTE,ROTC,21/09/2026,CONFIRMADA,3355065,0,06/07/2014,06/07/2029,7.45,MINISTERIO DE HACIENDA,HACIENDA,63476
DO1005204412,MH12029,HACIENDA/11.375 BOEST 20290706 GTIA,3500000,DOP,35,8.5427341,106.672903,21/09/2026,12:48:34 PM,ESTRUCTURADA,SEGUNDA PARTE,ROTC,21/10/2026,CONFIRMADA,3354979,0,06/07/2014,06/07/2029,7.45,MINISTERIO DE HACIENDA,HACIENDA,64960
DO1005204412,MH12029,HACIENDA/11.375 BOEST 20290706 GTIA,3500000,DOP,35,8.51567683,106.929085,21/09/2026,12:48:34 PM,ESTRUCTURADA,PRIMERA PARTE,ROTC,21/09/2026,CONFIRMADA,3354979,0,06/07/2014,06/07/2029,7.45,MINISTERIO DE HACIENDA,HACIENDA,65562
DO1005208322,MHUS2040,HACIENDA/6.75 BOEST 20400724 GTIA,328000,USD,328,4.65251002,120.663855,21/09/2026,12:48:33 PM,PRESTAMO,SEGUNDA PARTE,ROTC,22/03/2027,CONFIRMADA,3355064,0,24/07/2020,24/07/2040,5.15,MINISTERIO DE HACIENDA,HACIENDA,63399
DO1005208322,MHUS2040,HACIENDA/6.75 BOEST 20400724 GTIA,328000,USD,328,4.68218404,120.88247,21/09/2026,12:48:33 PM,PRESTAMO,PRIMERA PARTE,ROTC,21/09/2026,CONFIRMADA,3355064,0,24/07/2020,24/07/2040,5.15,MINISTERIO DE HACIENDA,HACIENDA,63210
DO1005208322,MHUS2040,HACIENDA/6.75 BOEST 20400724 GTIA,328000,USD,328,4.65251002,120.663855,21/09/2026,12:48:32 PM,ESTRUCTURADA,SEGUNDA PARTE,ROTC,22/03/2027,CONFIRMADA,3354980,0,24/07/2020,24/07/2040,5.15,MINISTERIO DE HACIENDA,HACIENDA,65492
DO1005208322,MHUS2040,HACIENDA/6.75 BOEST 20400724 GTIA,328000,USD,328,4.68218404,120.88247,21/09/2026,12:48:32 PM,ESTRUCTURADA,PRIMERA PARTE,ROTC,21/09/2026,CONFIRMADA,3354980,0,24/07/2020,24/07/2040,5.15,MINISTERIO DE HACIENDA,HACIENDA,65303
DO2018100324,BC1AES03,AESTRELLA/11.25 BO 20301130,571243,DOP,571243,9.9865,103.789097,21/09/2026,12:47:30 PM,PRESTAMO,SEGUNDA PARTE,ROTC,19/04/2027,CONFIRMADA,3354913,0,30/11/2020,30/11/2030,5.710815,ACERO ESTRELLA S A,AESTRELLA,60221
DO2018100324,BC1AES03,AESTRELLA/11.25 BO 20301130,571243,DOP,571243,11.4556,99.31498,21/09/2026,12:47:30 PM,PRESTAMO,PRIMERA PARTE,ROTC,21/09/2026,CONFIRMADA,3354913,0,30/11/2020,30/11/2030,5.710815,ACERO ESTRELLA S A,AESTRELLA,59815
DO1005205716,MHUS2027,HACIENDA/6 BOEST 20270305 GTIA,55000,USD,55,4.5,103.356909,21/09/2026,12:47:17 PM,PRESTAMO,SEGUNDA PARTE,ROTC,29/01/2027,CONFIRMADA,3355062,0,05/09/2016,05/03/2027,0.02,MINISTERIO DE HACIENDA,HACIENDA,59248
DO1005205716,MHUS2027,HACIENDA/6 BOEST 20270305 GTIA,55000,USD,55,4.5,103.356909,21/09/2026,12:47:17 PM,PRESTAMO,PRIMERA PARTE,ROTC,22/09/2026,CONFIRMADA,3355062,0,05/09/2016,05/03/2027,0.02,MINISTERIO DE HACIENDA,HACIENDA,59311
DO2018100324,BC1AES03,AESTRELLA/11.25 BO 20301130,571243,DOP,571243,9.9865,103.789097,21/09/2026,12:47:16 PM,ESTRUCTURADA,SEGUNDA PARTE,ROTC,19/04/2027,CONFIRMADA,3354911,0,30/11/2020,30/11/2030,9.15,ACERO ESTRELLA S A,AESTRELLA,62349
DO2018100324,BC1AES03,AESTRELLA/11.25 BO 20301130,571243,DOP,571243,11.4556,99.31498,21/09/2026,12:47:16 PM,ESTRUCTURADA,PRIMERA PARTE,ROTC,21/09/2026,CONFIRMADA,3354911,0,30/11/2020,30/11/2030,9.15,ACERO ESTRELLA S A,AESTRELLA,61943
DO1005205716,MHUS2027,HACIENDA/6 BOEST 20270305 GTIA,55000,USD,55,-21.806913,102.90007,21/09/2026,12:47:11 PM,PLAZO,PRIMERA PARTE,ROTC,29/01/2027,CONFIRMADA,3355061,0,05/09/2016,05/03/2027,0,MINISTERIO DE HACIENDA,HACIENDA,59689
DO1005205716,MHUS2027,HACIENDA/6 BOEST 20270305 GTIA,55000,USD,55,-1.407416,103.356909,21/09/2026,12:47:03 PM,CONTADO,PRIMERA PARTE,ROTC,22/09/2026,CONFIRMADA,3355060,0,05/09/2016,05/03/2027,0,MINISTERIO DE HACIENDA,HACIENDA,60676
DO1005206516,MH32028,HACIENDA/10.75 BOEST 20280811 GTIA,4100000,DOP,41,2.85372,111.140081,21/09/2026,12:46:30 PM,PRESTAMO,SEGUNDA PARTE,ROTC,01/03/2027,CONFIRMADA,3355036,0,10/08/2018,11/08/2028,10.75,MINISTERIO DE HACIENDA,HACIENDA,61607
DO1005206516,MH32028,HACIENDA/10.75 BOEST 20280811 GTIA,4100000,DOP,41,7.22863,106.094587,21/09/2026,12:46:30 PM,PRESTAMO,PRIMERA PARTE,ROTC,21/09/2026,CONFIRMADA,3355036,0,10/08/2018,11/08/2028,10.75,MINISTERIO DE HACIENDA,HACIENDA,61887
DO1005206516,MH32028,HACIENDA/10.75 BOEST 20280811 GTIA,4100000,DOP,41,2.85372,111.140081,21/09/2026,12:45:44 PM,ESTRUCTURADA,SEGUNDA PARTE,ROTC,01/03/2027,CONFIRMADA,3355034,0,10/08/2018,11/08/2028,10.75,MINISTERIO DE HACIENDA,HACIENDA,63735
DO1005206516,MH32028,HACIENDA/10.75 BOEST 20280811 GTIA,4100000,DOP,41,7.22863,106.094587,21/09/2026,12:45:44 PM,ESTRUCTURADA,PRIMERA PARTE,ROTC,21/09/2026,CONFIRMADA,3355034,0,10/08/2018,11/08/2028,10.75,MINISTERIO DE HACIENDA,HACIENDA,64015
USP3579ECH82,BSRD2032,"DOMINICAN, REP /4.875 BD 20320923",105000,USD,105,4.27066,102.924456,21/09/2026,12:45:24 PM,PRESTAMO,SEGUNDA PARTE,ROTC,30/03/2027,CONFIRMADA,3354900,0,23/09/2020,23/09/2032,4.875,MINISTERIO DE HACIENDA,HACIENDA,62489
USP3579ECH82,BSRD2032,"DOMINICAN, REP /4.875 BD 20320923",105000,USD,105,5.26539,98.01181,21/09/2026,12:45:24 PM,PRESTAMO,PRIMERA PARTE,ROTC,21/09/2026,CONFIRMADA,3354900,0,23/09/2020,23/09/2032,4.875,MINISTERIO DE HACIENDA,HACIENDA,61915
DO1005206722,MH12034,HACIENDA/11.5 BOEST 20340111 GTIA,200000,DOP,2,10.5,104.995851,21/09/2026,12:44:31 PM,CONTADO,PRIMERA PARTE,ROTC,21/09/2026,CONFIRMADA,3354494,0,11/01/2019,11/01/2034,0,MINISTERIO DE HACIENDA,HACIENDA,58835
DO1002226525,NO180228,BCENTRAL/15 BOEST 20280218 GTIA,880000,DOP,88,7.6906,108.413902,21/09/2026,12:43:51 PM,ESTRUCTURADA,SEGUNDA PARTE,ROTC,24/11/2026,CONFIRMADA,3354986,0,18/02/2023,18/02/2028,9,BANCO CENTRAL DE LA REPUBLICA DOMINICANA,BCENTRAL,62895
DO1002226525,NO180228,BCENTRAL/15 BOEST 20280218 GTIA,880000,DOP,88,7.9086,109.252385,21/09/2026,12:43:51 PM,ESTRUCTURADA,PRIMERA PARTE,ROTC,21/09/2026,CONFIRMADA,3354986,0,18/02/2023,18/02/2028,9,BANCO CENTRAL DE LA REPUBLICA DOMINICANA,BCENTRAL,63049
DO1002226525,NO180228,BCENTRAL/15 BOEST 20280218 GTIA,880000,DOP,88,0,0,21/09/2026,12:43:49 PM,PRESTAMO,SEGUNDA PARTE,ROTC,17/02/2028,CONFIRMADA,3354987,0,18/02/2023,18/02/2028,0,BANCO CENTRAL DE LA REPUBLICA DOMINICANA,BCENTRAL,55804
DO1002226525,NO180228,BCENTRAL/15 BOEST 20280218 GTIA,880000,DOP,88,7.9086,109.252385,21/09/2026,12:43:49 PM,PRESTAMO,PRIMERA PARTE,ROTC,21/09/2026,CONFIRMADA,3354987,0,18/02/2023,18/02/2028,0,BANCO CENTRAL DE LA REPUBLICA DOMINICANA,BCENTRAL,60998
DO1002262223,LE030927,BCENTRAL/ LT 20270903 GTIA,190000,DOP,19,8.3788,93.799911,21/09/2026,12:43:48 PM,ESTRUCTURADA,SEGUNDA PARTE,ROTC,23/11/2026,CONFIRMADA,3354988,0,03/09/2026,03/09/2027,8.95,BANCO CENTRAL DE LA REPUBLICA DOMINICANA,BCENTRAL,60312
DO1002262223,LE030927,BCENTRAL/ LT 20270903 GTIA,190000,DOP,19,8.5899,92.353421,21/09/2026,12:43:48 PM,ESTRUCTURADA,PRIMERA PARTE,ROTC,21/09/2026,CONFIRMADA,3354988,0,03/09/2026,03/09/2027,8.95,BANCO CENTRAL DE LA REPUBLICA DOMINICANA,BCENTRAL,60312
DO1002261423,NO301129,BCENTRAL/9.5 BOEST 20291130 GTIA,80000,DOP,8,10.6825,97.013779,21/09/2026,12:43:47 PM,ESTRUCTURADA,SEGUNDA PARTE,ROTC,24/11/2026,CONFIRMADA,3354989,0,30/11/2025,30/11/2029,9.05,BANCO CENTRAL DE LA REPUBLICA DOMINICANA,BCENTRAL,62489
DO1002261423,NO301129,BCENTRAL/9.5 BOEST 20291130 GTIA,80000,DOP,8,10.6003,97.057065,21/09/2026,12:43:47 PM,ESTRUCTURADA,PRIMERA PARTE,ROTC,21/09/2026,CONFIRMADA,3354989,0,30/11/2025,30/11/2029,9.05,BANCO CENTRAL DE LA REPUBLICA DOMINICANA,BCENTRAL,62468
DO1002261423,NO301129,BCENTRAL/9.5 BOEST 20291130 GTIA,80000,DOP,8,0,0,21/09/2026,12:43:46 PM,PRESTAMO,SEGUNDA PARTE,ROTC,29/11/2029,CONFIRMADA,3354990,0,30/11/2025,30/11/2029,0,BANCO CENTRAL DE LA REPUBLICA DOMINICANA,BCENTRAL,55307
DO1002261423,NO301129,BCENTRAL/9.5 BOEST 20291130 GTIA,80000,DOP,8,10.6003,97.057065,21/09/2026,12:43:46 PM,PRESTAMO,PRIMERA PARTE,ROTC,21/09/2026,CONFIRMADA,3354990,0,30/11/2025,30/11/2029,0,BANCO CENTRAL DE LA REPUBLICA DOMINICANA,BCENTRAL,60361
DO1002262223,LE030927,BCENTRAL/ LT 20270903 GTIA,190000,DOP,19,0,0,21/09/2026,12:43:45 PM,PRESTAMO,SEGUNDA PARTE,ROTC,02/09/2027,CONFIRMADA,3354991,0,03/09/2026,03/09/2027,0,BANCO CENTRAL DE LA REPUBLICA DOMINICANA,BCENTRAL,53312
DO1002262223,LE030927,BCENTRAL/ LT 20270903 GTIA,190000,DOP,19,8.5899,92.353421,21/09/2026,12:43:45 PM,PRESTAMO,PRIMERA PARTE,ROTC,21/09/2026,CONFIRMADA,3354991,0,03/09/2026,03/09/2027,0,BANCO CENTRAL DE LA REPUBLICA DOMINICANA,BCENTRAL,58191
DO1002262124,LE110627,BCENTRAL/ LT 20270611 GTIA,880000,DOP,88,8.1116,95.113655,21/09/2026,12:43:44 PM,ESTRUCTURADA,SEGUNDA PARTE,ROTC,26/10/2026,CONFIRMADA,3354992,0,03/09/2026,11/06/2027,8.7,BANCO CENTRAL DE LA REPUBLICA DOMINICANA,BCENTRAL,60116
DO1002262124,LE110627,BCENTRAL/ LT 20270611 GTIA,880000,DOP,88,8.2494,94.3159,21/09/2026,12:43:44 PM,ESTRUCTURADA,PRIMERA PARTE,ROTC,21/09/2026,CONFIRMADA,3354992,0,03/09/2026,11/06/2027,8.7,BANCO CENTRAL DE LA REPUBLICA DOMINICANA,BCENTRAL,59570
DO1002262124,LE110627,BCENTRAL/ LT 20270611 GTIA,880000,DOP,88,0,0,21/09/2026,12:43:42 PM,PRESTAMO,SEGUNDA PARTE,ROTC,10/06/2027,CONFIRMADA,3354994,0,03/09/2026,11/06/2027,0,BANCO CENTRAL DE LA REPUBLICA DOMINICANA,BCENTRAL,53291
DO1002262124,LE110627,BCENTRAL/ LT 20270611 GTIA,880000,DOP,88,8.2494,94.3159,21/09/2026,12:43:42 PM,PRESTAMO,PRIMERA PARTE,ROTC,21/09/2026,CONFIRMADA,3354994,0,03/09/2026,11/06/2027,0,BANCO CENTRAL DE LA REPUBLICA DOMINICANA,BCENTRAL,57456
USP3579EAY34,BSRD2044,DOMINICAN Rep/7.45 BD 20440430 GO,223000,USD,223,7.0354,104.093054,21/09/2026,12:43:41 PM,ESTRUCTURADA,SEGUNDA PARTE,ROTC,19/01/2027,CONFIRMADA,3354995,0,30/04/2014,30/04/2044,5.1,MINISTERIO DE HACIENDA,HACIENDA,65065
USP3579EAY34,BSRD2044,DOMINICAN Rep/7.45 BD 20440430 GO,223000,USD,223,6.9805,104.705402,21/09/2026,12:43:41 PM,ESTRUCTURADA,PRIMERA PARTE,ROTC,21/09/2026,CONFIRMADA,3354995,0,30/04/2014,30/04/2044,5.1,MINISTERIO DE HACIENDA,HACIENDA,65170
USP3579EAY34,BSRD2044,DOMINICAN Rep/7.45 BD 20440430 GO,223000,USD,223,0,0,21/09/2026,12:43:40 PM,PRESTAMO,SEGUNDA PARTE,ROTC,29/04/2044,CONFIRMADA,3354997,0,30/04/2014,30/04/2044,0,MINISTERIO DE HACIENDA,HACIENDA,57988
USP3579EAY34,BSRD2044,DOMINICAN Rep/7.45 BD 20440430 GO,223000,USD,223,6.9805,104.705402,21/09/2026,12:43:40 PM,PRESTAMO,PRIMERA PARTE,ROTC,21/09/2026,CONFIRMADA,3354997,0,30/04/2014,30/04/2044,0,MINISTERIO DE HACIENDA,HACIENDA,63063
DO1002261522,NO180130,BCENTRAL/9.5 BOEST 20300118 GTIA,430000,DOP,43,9.0236,101.241754,21/09/2026,12:43:39 PM,ESTRUCTURADA,SEGUNDA PARTE,ROTC,21/12/2026,CONFIRMADA,3354998,0,18/01/2026,18/01/2030,9.1,BANCO CENTRAL DE LA REPUBLICA DOMINICANA,BCENTRAL,62958
DO1002261522,NO180130,BCENTRAL/9.5 BOEST 20300118 GTIA,430000,DOP,43,9.0568,101.223909,21/09/2026,12:43:39 PM,ESTRUCTURADA,PRIMERA PARTE,ROTC,21/09/2026,CONFIRMADA,3354998,0,18/01/2026,18/01/2030,9.1,BANCO CENTRAL DE LA REPUBLICA DOMINICANA,BCENTRAL,63133
DO1002261522,NO180130,BCENTRAL/9.5 BOEST 20300118 GTIA,430000,DOP,43,0,0,21/09/2026,12:43:38 PM,PRESTAMO,SEGUNDA PARTE,ROTC,17/01/2030,CONFIRMADA,3354999,0,18/01/2026,18/01/2030,0,BANCO CENTRAL DE LA REPUBLICA DOMINICANA,BCENTRAL,55846
DO1002261522,NO180130,BCENTRAL/9.5 BOEST 20300118 GTIA,430000,DOP,43,9.0568,101.223909,21/09/2026,12:43:38 PM,PRESTAMO,PRIMERA PARTE,ROTC,21/09/2026,CONFIRMADA,3354999,0,18/01/2026,18/01/2030,0,BANCO CENTRAL DE LA REPUBLICA DOMINICANA,BCENTRAL,61026
DO1002262223,LE030927,BCENTRAL/ LT 20270903 GTIA,70000,DOP,7,7.1078,95.7285,21/09/2026,12:43:36 PM,ESTRUCTURADA,SEGUNDA PARTE,ROTC,20/01/2027,CONFIRMADA,3355000,0,03/09/2026,03/09/2027,9.2,BANCO CENTRAL DE LA REPUBLICA DOMINICANA,BCENTRAL,58723
DO1002262223,LE030927,BCENTRAL/ LT 20270903 GTIA,70000,DOP,7,7.9805,92.857143,21/09/2026,12:43:36 PM,ESTRUCTURADA,PRIMERA PARTE,ROTC,21/09/2026,CONFIRMADA,3355000,0,03/09/2026,03/09/2027,9.2,BANCO CENTRAL DE LA REPUBLICA DOMINICANA,BCENTRAL,59577
DO1002262223,LE030927,BCENTRAL/ LT 20270903 GTIA,70000,DOP,7,0,0,21/09/2026,12:43:35 PM,PRESTAMO,SEGUNDA PARTE,ROTC,02/09/2027,CONFIRMADA,3355001,0,03/09/2026,03/09/2027,0,BANCO CENTRAL DE LA REPUBLICA DOMINICANA,BCENTRAL,52591
DO1002262223,LE030927,BCENTRAL/ LT 20270903 GTIA,70000,DOP,7,7.9805,92.857143,21/09/2026,12:43:35 PM,PRESTAMO,PRIMERA PARTE,ROTC,21/09/2026,CONFIRMADA,3355001,0,03/09/2026,03/09/2027,0,BANCO CENTRAL DE LA REPUBLICA DOMINICANA,BCENTRAL,57470
USP3579EBE60,BSRD2045,DOMINICAN Rep/6.85 BD 20450127 Un,50000,USD,50,6.9724,98.733896,21/09/2026,12:43:34 PM,ESTRUCTURADA,SEGUNDA PARTE,ROTC,13/11/2026,CONFIRMADA,3355002,0,27/01/2015,27/01/2045,5.1,MINISTERIO DE HACIENDA,HACIENDA,64484
USP3579EBE60,BSRD2045,DOMINICAN Rep/6.85 BD 20450127 Un,50000,USD,50,6.9487,98.9725,21/09/2026,12:43:34 PM,ESTRUCTURADA,PRIMERA PARTE,ROTC,21/09/2026,CONFIRMADA,3355002,0,27/01/2015,27/01/2045,5.1,MINISTERIO DE HACIENDA,HACIENDA,63868
USP3579EBE60,BSRD2045,DOMINICAN Rep/6.85 BD 20450127 Un,50000,USD,50,0,0,21/09/2026,12:43:33 PM,PRESTAMO,SEGUNDA PARTE,ROTC,26/01/2045,CONFIRMADA,3355003,0,27/01/2015,27/01/2045,0,MINISTERIO DE HACIENDA,HACIENDA,57498
USP3579EBE60,BSRD2045,DOMINICAN Rep/6.85 BD 20450127 Un,50000,USD,50,6.9487,98.9725,21/09/2026,12:43:33 PM,PRESTAMO,PRIMERA PARTE,ROTC,21/09/2026,CONFIRMADA,3355003,0,27/01/2015,27/01/2045,0,MINISTERIO DE HACIENDA,HACIENDA,61761
USP3579ECH82,BSRD2032,"DOMINICAN, REP /4.875 BD 20320923",105000,USD,105,4.27066,102.924456,21/09/2026,12:43:32 PM,ESTRUCTURADA,SEGUNDA PARTE,ROTC,30/03/2027,CONFIRMADA,3354899,0,23/09/2020,23/09/2032,4.875,MINISTERIO DE HACIENDA,HACIENDA,64568
USP3579ECH82,BSRD2032,"DOMINICAN, REP /4.875 BD 20320923",105000,USD,105,5.26539,98.01181,21/09/2026,12:43:32 PM,ESTRUCTURADA,PRIMERA PARTE,ROTC,21/09/2026,CONFIRMADA,3354899,0,23/09/2020,23/09/2032,4.875,MINISTERIO DE HACIENDA,HACIENDA,63994
USP3579ECE51,BSRD2049,"DOMINICAN, REP /6.4 BD 20490605",6000,USD,6,7.0546,92.677778,21/09/2026,12:43:32 PM,ESTRUCTURADA,SEGUNDA PARTE,ROTC,22/01/2027,CONFIRMADA,3355004,0,05/06/2019,05/06/2049,5.1,MINISTERIO DE HACIENDA,HACIENDA,61936
USP3579ECE51,BSRD2049,"DOMINICAN, REP /6.4 BD 20490605",6000,USD,6,7.0037,93.172389,21/09/2026,12:43:32 PM,ESTRUCTURADA,PRIMERA PARTE,ROTC,21/09/2026,CONFIRMADA,3355004,0,05/06/2019,05/06/2049,5.1,MINISTERIO DE HACIENDA,HACIENDA,61929
USP3579ECE51,BSRD2049,"DOMINICAN, REP /6.4 BD 20490605",6000,USD,6,0,0,21/09/2026,12:43:30 PM,PRESTAMO,SEGUNDA PARTE,ROTC,04/06/2049,CONFIRMADA,3355005,0,05/06/2019,05/06/2049,0,MINISTERIO DE HACIENDA,HACIENDA,55020
USP3579ECE51,BSRD2049,"DOMINICAN, REP /6.4 BD 20490605",6000,USD,6,7.0037,93.172389,21/09/2026,12:43:30 PM,PRESTAMO,PRIMERA PARTE,ROTC,21/09/2026,CONFIRMADA,3355005,0,05/06/2019,05/06/2049,0,MINISTERIO DE HACIENDA,HACIENDA,59815
DO1005204412,MH12029,HACIENDA/11.375 BOEST 20290706 GTIA,400000,DOP,4,8.5247,106.625293,21/09/2026,12:43:29 PM,ESTRUCTURADA,SEGUNDA PARTE,ROTC,05/11/2026,CONFIRMADA,3355006,0,06/07/2014,06/07/2029,8.45,MINISTERIO DE HACIENDA,HACIENDA,63182
DO1005204412,MH12029,HACIENDA/11.375 BOEST 20290706 GTIA,400000,DOP,4,8.5375,106.873492,21/09/2026,12:43:29 PM,ESTRUCTURADA,PRIMERA PARTE,ROTC,21/09/2026,CONFIRMADA,3355006,0,06/07/2014,06/07/2029,8.45,MINISTERIO DE HACIENDA,HACIENDA,63336
DO1005204412,MH12029,HACIENDA/11.375 BOEST 20290706 GTIA,400000,DOP,4,0,0,21/09/2026,12:43:28 PM,PRESTAMO,SEGUNDA PARTE,ROTC,05/07/2029,CONFIRMADA,3355007,0,06/07/2014,06/07/2029,0,MINISTERIO DE HACIENDA,HACIENDA,56035
DO1005204412,MH12029,HACIENDA/11.375 BOEST 20290706 GTIA,400000,DOP,4,8.5375,106.873492,21/09/2026,12:43:28 PM,PRESTAMO,PRIMERA PARTE,ROTC,21/09/2026,CONFIRMADA,3355007,0,06/07/2014,06/07/2029,0,MINISTERIO DE HACIENDA,HACIENDA,61229
DO1002262223,LE030927,BCENTRAL/ LT 20270903 GTIA,80000,DOP,8,6.4625,95.100375,21/09/2026,12:43:27 PM,ESTRUCTURADA,SEGUNDA PARTE,ROTC,20/11/2026,CONFIRMADA,3355008,0,03/09/2026,03/09/2027,9.05,BANCO CENTRAL DE LA REPUBLICA DOMINICANA,BCENTRAL,59367
DO1002262223,LE030927,BCENTRAL/ LT 20270903 GTIA,80000,DOP,8,6.9905,93.687263,21/09/2026,12:43:27 PM,ESTRUCTURADA,PRIMERA PARTE,ROTC,21/09/2026,CONFIRMADA,3355008,0,03/09/2026,03/09/2027,9.05,BANCO CENTRAL DE LA REPUBLICA DOMINICANA,BCENTRAL,59626
DO1002262223,LE030927,BCENTRAL/ LT 20270903 GTIA,80000,DOP,8,0,0,21/09/2026,12:43:26 PM,PRESTAMO,SEGUNDA PARTE,ROTC,02/09/2027,CONFIRMADA,3355009,0,03/09/2026,03/09/2027,0,BANCO CENTRAL DE LA REPUBLICA DOMINICANA,BCENTRAL,52605
DO1002262223,LE030927,BCENTRAL/ LT 20270903 GTIA,80000,DOP,8,6.9905,93.687263,21/09/2026,12:43:26 PM,PRESTAMO,PRIMERA PARTE,ROTC,21/09/2026,CONFIRMADA,3355009,0,03/09/2026,03/09/2027,0,BANCO CENTRAL DE LA REPUBLICA DOMINICANA,BCENTRAL,57519
USP3579ECZ80,BSRD2035, ,222000,USD,222,6.7796,94.00404,21/09/2026,12:43:25 PM,ESTRUCTURADA,SEGUNDA PARTE,ROTC,20/11/2026,CONFIRMADA,3355010,0,28/10/2025,28/10/2035,4.75,MINISTERIO DE HACIENDA,HACIENDA,50533
USP3579ECZ80,BSRD2035, ,222000,USD,222,6.7361,94.202639,21/09/2026,12:43:25 PM,ESTRUCTURADA,PRIMERA PARTE,ROTC,21/09/2026,CONFIRMADA,3355010,0,28/10/2025,28/10/2035,4.75,MINISTERIO DE HACIENDA,HACIENDA,51002
USP3579ECZ80,BSRD2035, ,222000,USD,222,0,0,21/09/2026,12:43:23 PM,PRESTAMO,SEGUNDA PARTE,ROTC,26/10/2035,CONFIRMADA,3355011,0,28/10/2025,28/10/2035,0,MINISTERIO DE HACIENDA,HACIENDA,44058
USP3579ECZ80,BSRD2035, ,222000,USD,222,6.7361,94.202639,21/09/2026,12:43:23 PM,PRESTAMO,PRIMERA PARTE,ROTC,21/09/2026,CONFIRMADA,3355011,0,28/10/2025,28/10/2035,0,MINISTERIO DE HACIENDA,HACIENDA,48888
USP3579ECS48,BSDR2035, ,12300000,DOP,246,9.1314,112.616098,21/09/2026,12:43:22 PM,ESTRUCTURADA,SEGUNDA PARTE,ROTC,20/11/2026,CONFIRMADA,3355012,0,15/09/2023,15/09/2035,8.95,MINISTERIO DE HACIENDA,HACIENDA,51786
USP3579ECS48,BSDR2035, ,12300000,DOP,246,9.1344,112.774827,21/09/2026,12:43:22 PM,ESTRUCTURADA,PRIMERA PARTE,ROTC,21/09/2026,CONFIRMADA,3355012,0,15/09/2023,15/09/2035,8.95,MINISTERIO DE HACIENDA,HACIENDA,51961
USP3579ECS48,BSDR2035, ,12300000,DOP,246,0,0,21/09/2026,12:43:21 PM,PRESTAMO,SEGUNDA PARTE,ROTC,14/09/2035,CONFIRMADA,3355013,0,15/09/2023,15/09/2035,0,MINISTERIO DE HACIENDA,HACIENDA,44709
USP3579ECS48,BSDR2035, ,12300000,DOP,246,9.1344,112.774827,21/09/2026,12:43:21 PM,PRESTAMO,PRIMERA PARTE,ROTC,21/09/2026,CONFIRMADA,3355013,0,15/09/2023,15/09/2035,0,MINISTERIO DE HACIENDA,HACIENDA,49854
DO1002262223,LE030927,BCENTRAL/ LT 20270903 GTIA,1840000,DOP,184,7.6069,95.480711,21/09/2026,12:43:20 PM,ESTRUCTURADA,SEGUNDA PARTE,ROTC,22/01/2027,CONFIRMADA,3355014,0,03/09/2026,03/09/2027,9.35,BANCO CENTRAL DE LA REPUBLICA DOMINICANA,BCENTRAL,60816
DO1002262223,LE030927,BCENTRAL/ LT 20270903 GTIA,1840000,DOP,184,8.3817,92.524925,21/09/2026,12:43:20 PM,ESTRUCTURADA,PRIMERA PARTE,ROTC,21/09/2026,CONFIRMADA,3355014,0,03/09/2026,03/09/2027,9.35,BANCO CENTRAL DE LA REPUBLICA DOMINICANA,BCENTRAL,60935
DO1002262223,LE030927,BCENTRAL/ LT 20270903 GTIA,1840000,DOP,184,0,0,21/09/2026,12:43:19 PM,PRESTAMO,SEGUNDA PARTE,ROTC,02/09/2027,CONFIRMADA,3355015,0,03/09/2026,03/09/2027,0,BANCO CENTRAL DE LA REPUBLICA DOMINICANA,BCENTRAL,54033
DO1002262223,LE030927,BCENTRAL/ LT 20270903 GTIA,1840000,DOP,184,8.3817,92.524925,21/09/2026,12:43:19 PM,PRESTAMO,PRIMERA PARTE,ROTC,21/09/2026,CONFIRMADA,3355015,0,03/09/2026,03/09/2027,0,BANCO CENTRAL DE LA REPUBLICA DOMINICANA,BCENTRAL,58891
DO1002261522,NO180130,BCENTRAL/9.5 BOEST 20300118 GTIA,50000,DOP,5,8.4896,102.728638,21/09/2026,12:43:18 PM,ESTRUCTURADA,SEGUNDA PARTE,ROTC,20/11/2026,CONFIRMADA,3355016,0,18/01/2026,18/01/2030,8.95,BANCO CENTRAL DE LA REPUBLICA DOMINICANA,BCENTRAL,62412
DO1002261522,NO180130,BCENTRAL/9.5 BOEST 20300118 GTIA,50000,DOP,5,8.5347,102.720271,21/09/2026,12:43:18 PM,ESTRUCTURADA,PRIMERA PARTE,ROTC,21/09/2026,CONFIRMADA,3355016,0,18/01/2026,18/01/2030,8.95,BANCO CENTRAL DE LA REPUBLICA DOMINICANA,BCENTRAL,62370
USP3579ECF27,BSRD2030,DOMINICAN REP/4.5 BD 20300130 UNS,31000,USD,31,5.15,98.012899,21/09/2026,12:43:16 PM,CONTADO,PRIMERA PARTE,ROTC,21/09/2026,CONFIRMADA,3354493,0,30/01/2020,30/01/2030,0,MINISTERIO DE HACIENDA,HACIENDA,60354
DO1002261522,NO180130,BCENTRAL/9.5 BOEST 20300118 GTIA,50000,DOP,5,0,0,21/09/2026,12:43:16 PM,PRESTAMO,SEGUNDA PARTE,ROTC,17/01/2030,CONFIRMADA,3355017,0,18/01/2026,18/01/2030,0,BANCO CENTRAL DE LA REPUBLICA DOMINICANA,BCENTRAL,55118
DO1002261522,NO180130,BCENTRAL/9.5 BOEST 20300118 GTIA,50000,DOP,5,8.5347,102.720271,21/09/2026,12:43:16 PM,PRESTAMO,PRIMERA PARTE,ROTC,21/09/2026,CONFIRMADA,3355017,0,18/01/2026,18/01/2030,0,BANCO CENTRAL DE LA REPUBLICA DOMINICANA,BCENTRAL,60256
DO1005210922,MH22034,HACIENDA/13 BOEST 20340610 GTIA,1600000,DOP,16,9.0447,120.953368,21/09/2026,12:43:15 PM,ESTRUCTURADA,SEGUNDA PARTE,ROTC,19/01/2027,CONFIRMADA,3355018,0,10/06/2022,10/06/2034,9.35,MINISTERIO DE HACIENDA,HACIENDA,62412
DO1005210922,MH22034,HACIENDA/13 BOEST 20340610 GTIA,1600000,DOP,16,9.0875,121.331507,21/09/2026,12:43:15 PM,ESTRUCTURADA,PRIMERA PARTE,ROTC,21/09/2026,CONFIRMADA,3355018,0,10/06/2022,10/06/2034,9.35,MINISTERIO DE HACIENDA,HACIENDA,62412
DO1005210922,MH22034,HACIENDA/13 BOEST 20340610 GTIA,1600000,DOP,16,0,0,21/09/2026,12:43:14 PM,PRESTAMO,SEGUNDA PARTE,ROTC,09/06/2034,CONFIRMADA,3355019,0,10/06/2022,10/06/2034,0,MINISTERIO DE HACIENDA,HACIENDA,55216
DO1005210922,MH22034,HACIENDA/13 BOEST 20340610 GTIA,1600000,DOP,16,9.0875,121.331507,21/09/2026,12:43:14 PM,PRESTAMO,PRIMERA PARTE,ROTC,21/09/2026,CONFIRMADA,3355019,0,10/06/2022,10/06/2034,0,MINISTERIO DE HACIENDA,HACIENDA,60305
DO1005208322,MHUS2040,HACIENDA/6.75 BOEST 20400724 GTIA,4905000,USD,4905,4.64958881,121.255409,21/09/2026,12:42:50 PM,CONTADO,PRIMERA PARTE,ROTC,21/09/2026,CONFIRMADA,3354264,0,24/07/2020,24/07/2040,0,MINISTERIO DE HACIENDA,HACIENDA,63637
DO1002227721,NO111226,BCENTRAL/9 BOEST 20261211 GTIA,5600000,DOP,560,7,100.402172,21/09/2026,12:41:56 PM,CONTADO,PRIMERA PARTE,ROTC,23/09/2026,CONFIRMADA,3354812,0,11/12/2023,11/12/2026,0,BANCO CENTRAL DE LA REPUBLICA DOMINICANA,BCENTRAL,58506
DO1002261829,NO010330,BCENTRAL/9.5 BOEST 20300301 GTIA,8290000,DOP,829,9.2,100.858385,21/09/2026,12:41:47 PM,CONTADO,PRIMERA PARTE,ROTC,21/09/2026,CONFIRMADA,3354492,0,01/03/2026,01/03/2030,0,BANCO CENTRAL DE LA REPUBLICA DOMINICANA,BCENTRAL,60095
DO1002227721,NO111226,BCENTRAL/9 BOEST 20261211 GTIA,6400000,DOP,640,7,100.41265,21/09/2026,12:40:58 PM,CONTADO,PRIMERA PARTE,ROTC,21/09/2026,CONFIRMADA,3354495,0,11/12/2023,11/12/2026,0,BANCO CENTRAL DE LA REPUBLICA DOMINICANA,BCENTRAL,58163
DO1002261829,NO010330,BCENTRAL/9.5 BOEST 20300301 GTIA,5520000,DOP,552,9.2,100.856293,21/09/2026,12:40:37 PM,CONTADO,PRIMERA PARTE,ROTC,23/09/2026,CONFIRMADA,3354811,0,01/03/2026,01/03/2030,0,BANCO CENTRAL DE LA REPUBLICA DOMINICANA,BCENTRAL,59969
DO1002262223,LE030927,BCENTRAL/ LT 20270903 GTIA,1080000,DOP,108,7.65,92.592593,21/09/2026,12:40:12 PM,PRESTAMO,SEGUNDA PARTE,ROTC,19/07/2027,CONFIRMADA,3354985,0,03/09/2026,03/09/2027,0.02,BANCO CENTRAL DE LA REPUBLICA DOMINICANA,BCENTRAL,58051
DO1002262223,LE030927,BCENTRAL/ LT 20270903 GTIA,1080000,DOP,108,7.65,92.592593,21/09/2026,12:40:12 PM,PRESTAMO,PRIMERA PARTE,ROTC,22/09/2026,CONFIRMADA,3354985,0,03/09/2026,03/09/2027,0.02,BANCO CENTRAL DE LA REPUBLICA DOMINICANA,BCENTRAL,58079
DO1002262223,LE030927,BCENTRAL/ LT 20270903 GTIA,1080000,DOP,108,12.079749,98.479939,21/09/2026,12:40:06 PM,PLAZO,PRIMERA PARTE,ROTC,19/07/2027,CONFIRMADA,3354984,0,03/09/2026,03/09/2027,0,BANCO CENTRAL DE LA REPUBLICA DOMINICANA,BCENTRAL,58457
DO1002262223,LE030927,BCENTRAL/ LT 20270903 GTIA,1080000,DOP,108,8.323699,92.592593,21/09/2026,12:40:00 PM,CONTADO,PRIMERA PARTE,ROTC,22/09/2026,CONFIRMADA,3354983,0,03/09/2026,03/09/2027,0,BANCO CENTRAL DE LA REPUBLICA DOMINICANA,BCENTRAL,58863
DO1002261928,LE090427,BCENTRAL/ LT 20270409 GTIA,4710000,DOP,471,8.023,99.600451,21/09/2026,12:39:02 PM,PLAZO,PRIMERA PARTE,ROTC,22/03/2027,CONFIRMADA,3354971,0,09/04/2026,09/04/2027,0,BANCO CENTRAL DE LA REPUBLICA DOMINICANA,BCENTRAL,56854
DO1002261928,LE090427,BCENTRAL/ LT 20270409 GTIA,4710000,DOP,471,8.023,99.600451,21/09/2026,12:39:01 PM,PRESTAMO,SEGUNDA PARTE,ROTC,22/03/2027,CONFIRMADA,3354970,0,09/04/2026,09/04/2027,4.075333,BANCO CENTRAL DE LA REPUBLICA DOMINICANA,BCENTRAL,58387
DO1002261928,LE090427,BCENTRAL/ LT 20270409 GTIA,4710000,DOP,471,8.4422,95.541401,21/09/2026,12:39:01 PM,PRESTAMO,PRIMERA PARTE,ROTC,22/09/2026,CONFIRMADA,3354970,0,09/04/2026,09/04/2027,4.075333,BANCO CENTRAL DE LA REPUBLICA DOMINICANA,BCENTRAL,58835
DO1002261928,LE090427,BCENTRAL/ LT 20270409 GTIA,1050000,DOP,105,8.7979,96.760359,21/09/2026,12:38:59 PM,PLAZO,PRIMERA PARTE,ROTC,23/11/2026,CONFIRMADA,3354968,0,09/04/2026,09/04/2027,0,BANCO CENTRAL DE LA REPUBLICA DOMINICANA,BCENTRAL,57442
DO1002261928,LE090427,BCENTRAL/ LT 20270409 GTIA,1050000,DOP,105,8.7979,96.760359,21/09/2026,12:38:58 PM,PRESTAMO,SEGUNDA PARTE,ROTC,23/11/2026,CONFIRMADA,3354967,0,09/04/2026,09/04/2027,1.442768,BANCO CENTRAL DE LA REPUBLICA DOMINICANA,BCENTRAL,58975
DO1002261928,LE090427,BCENTRAL/ LT 20270409 GTIA,1050000,DOP,105,8.7938,95.364331,21/09/2026,12:38:58 PM,PRESTAMO,PRIMERA PARTE,ROTC,22/09/2026,CONFIRMADA,3354967,0,09/04/2026,09/04/2027,1.442768,BANCO CENTRAL DE LA REPUBLICA DOMINICANA,BCENTRAL,58968
DO1002261928,LE090427,BCENTRAL/ LT 20270409 GTIA,3230000,DOP,323,0,96.148147,21/09/2026,12:38:57 PM,PLAZO,PRIMERA PARTE,ROTC,26/10/2026,CONFIRMADA,3354960,0,09/04/2026,09/04/2027,0,BANCO CENTRAL DE LA REPUBLICA DOMINICANA,BCENTRAL,55489
DO1002261928,LE090427,BCENTRAL/ LT 20270409 GTIA,3230000,DOP,323,0,96.148147,21/09/2026,12:38:56 PM,PRESTAMO,SEGUNDA PARTE,ROTC,26/10/2026,CONFIRMADA,3354959,0,09/04/2026,09/04/2027,0.692669,BANCO CENTRAL DE LA REPUBLICA DOMINICANA,BCENTRAL,57022
DO1002261928,LE090427,BCENTRAL/ LT 20270409 GTIA,3230000,DOP,323,8.6907,95.482159,21/09/2026,12:38:56 PM,PRESTAMO,PRIMERA PARTE,ROTC,25/09/2026,CONFIRMADA,3354959,0,09/04/2026,09/04/2027,0.692669,BANCO CENTRAL DE LA REPUBLICA DOMINICANA,BCENTRAL,59031
DO1005212019,MH32034,HACIENDA/13.625 BOEST 20340210 GTIA,39500000,DOP,395,4.799523,154.362572,21/09/2026,12:38:56 PM,CONTADO,PRIMERA PARTE,ROTC,21/09/2026,CONFIRMADA,3354976,0,10/02/2023,10/02/2034,0,MINISTERIO DE HACIENDA,HACIENDA,62713
DO1005212019,MH32034,HACIENDA/13.625 BOEST 20340210 GTIA,39500000,DOP,395,4.800396,154.338237,21/09/2026,12:38:54 PM,CONTADO,PRIMERA PARTE,ROTC,22/09/2026,CONFIRMADA,3354977,0,10/02/2023,10/02/2034,0,MINISTERIO DE HACIENDA,HACIENDA,62650
DO1002227721,NO111226,BCENTRAL/9 BOEST 20261211 GTIA,3060000,DOP,306,7,100.407409,21/09/2026,12:38:39 PM,CONTADO,PRIMERA PARTE,ROTC,22/09/2026,CONFIRMADA,3354741,0,11/12/2023,11/12/2026,0,BANCO CENTRAL DE LA REPUBLICA DOMINICANA,BCENTRAL,58576
DO1002261928,LE090427,BCENTRAL/ LT 20270409 GTIA,4710000,DOP,471,8.4422,95.541401,21/09/2026,12:37:58 PM,CONTADO,PRIMERA PARTE,ROTC,22/09/2026,CONFIRMADA,3354969,0,09/04/2026,09/04/2027,0,BANCO CENTRAL DE LA REPUBLICA DOMINICANA,BCENTRAL,58212
DO1005254128,MH12041,HACIENDA/12 BOEST 20410310 GTIA,200000000,DOP,2000,9.85000002,116.364007,21/09/2026,12:37:29 PM,CONTADO,PRIMERA PARTE,ROTC,21/09/2026,CONFIRMADA,3354032,0,10/03/2026,10/03/2041,0,MINISTERIO DE HACIENDA,HACIENDA,62272
DO1002227317,NO150928,BCENTRAL/11 BOEST 20280915 GTIA,890000,DOP,89,0.6287,117.015653,21/09/2026,12:37:24 PM,PRESTAMO,SEGUNDA PARTE,ROTC,19/01/2027,CONFIRMADA,3354459,0,15/09/2023,15/09/2028,2.523224,BANCO CENTRAL DE LA REPUBLICA DOMINICANA,BCENTRAL,60858
DO1002227317,NO150928,BCENTRAL/11 BOEST 20280915 GTIA,890000,DOP,89,1.8236,117.795208,21/09/2026,12:37:24 PM,PRESTAMO,PRIMERA PARTE,ROTC,21/09/2026,CONFIRMADA,3354459,0,15/09/2023,15/09/2028,2.523224,BANCO CENTRAL DE LA REPUBLICA DOMINICANA,BCENTRAL,60977
USP3579EBV85,BSDR2027,DOMINICAN Rep/5.95 BD 20270125 Se,148000,USD,148,3.8,100.409268,21/09/2026,12:37:19 PM,PRESTAMO,SEGUNDA PARTE,ROTC,26/11/2026,CONFIRMADA,3354975,0,25/01/2017,25/01/2027,0.02,MINISTERIO DE HACIENDA,HACIENDA,62363
USP3579EBV85,BSDR2027,DOMINICAN Rep/5.95 BD 20270125 Se,148000,USD,148,3.8,100.409268,21/09/2026,12:37:19 PM,PRESTAMO,PRIMERA PARTE,ROTC,22/09/2026,CONFIRMADA,3354975,0,25/01/2017,25/01/2027,0.02,MINISTERIO DE HACIENDA,HACIENDA,62447
USP3579EBV85,BSDR2027,DOMINICAN Rep/5.95 BD 20270125 Se,148000,USD,148,5.62483,100.043213,21/09/2026,12:37:14 PM,PLAZO,PRIMERA PARTE,ROTC,26/11/2026,CONFIRMADA,3354974,0,25/01/2017,25/01/2027,0,MINISTERIO DE HACIENDA,HACIENDA,62139
USP3579EBV85,BSDR2027,DOMINICAN Rep/5.95 BD 20270125 Se,148000,USD,148,4.706136,100.409268,21/09/2026,12:37:07 PM,CONTADO,PRIMERA PARTE,ROTC,22/09/2026,CONFIRMADA,3354973,0,25/01/2017,25/01/2027,0,MINISTERIO DE HACIENDA,HACIENDA,63525
DO1002228729,NO030328,BCENTRAL/9.5 BOEST 20280303 GTIA,990000,DOP,99,8.9,100.788708,21/09/2026,12:36:45 PM,CONTADO,PRIMERA PARTE,ROTC,22/09/2026,CONFIRMADA,3354740,0,03/03/2025,03/03/2028,0,BANCO CENTRAL DE LA REPUBLICA DOMINICANA,BCENTRAL,59619
DO2016300223,BC1GUL02,GULFSTREAM/11.15 BO 20290624,400003,DOP,400003,11.1329,100.035205,21/09/2026,12:36:45 PM,ESTRUCTURADA,SEGUNDA PARTE,ROTC,06/10/2026,CONFIRMADA,3354829,0,24/06/2019,24/06/2029,9.7,GULFSTREAM PETROLEUM DOMINICANA S DE RL,GULFSTREAM,62916
DO2016300223,BC1GUL02,GULFSTREAM/11.15 BO 20290624,400003,DOP,400003,12.3279,97.278855,21/09/2026,12:36:45 PM,ESTRUCTURADA,PRIMERA PARTE,ROTC,21/09/2026,CONFIRMADA,3354829,0,24/06/2019,24/06/2029,9.7,GULFSTREAM PETROLEUM DOMINICANA S DE RL,GULFSTREAM,62972
DO2016300223,BC1GUL02,GULFSTREAM/11.15 BO 20290624,400003,DOP,400003,11.1329,100.035205,21/09/2026,12:36:43 PM,PRESTAMO,SEGUNDA PARTE,ROTC,06/10/2026,CONFIRMADA,3354830,0,24/06/2019,24/06/2029,3.110427,GULFSTREAM PETROLEUM DOMINICANA S DE RL,GULFSTREAM,60802
DO2016300223,BC1GUL02,GULFSTREAM/11.15 BO 20290624,400003,DOP,400003,12.3279,97.278855,21/09/2026,12:36:43 PM,PRESTAMO,PRIMERA PARTE,ROTC,21/09/2026,CONFIRMADA,3354830,0,24/06/2019,24/06/2029,3.110427,GULFSTREAM PETROLEUM DOMINICANA S DE RL,GULFSTREAM,60858
DO1002227317,NO150928,BCENTRAL/11 BOEST 20280915 GTIA,890000,DOP,89,0.6287,117.015653,21/09/2026,12:36:38 PM,ESTRUCTURADA,SEGUNDA PARTE,ROTC,19/01/2027,CONFIRMADA,3354457,0,15/09/2023,15/09/2028,7.29,BANCO CENTRAL DE LA REPUBLICA DOMINICANA,BCENTRAL,62986
DO1002227317,NO150928,BCENTRAL/11 BOEST 20280915 GTIA,890000,DOP,89,1.8236,117.795208,21/09/2026,12:36:38 PM,ESTRUCTURADA,PRIMERA PARTE,ROTC,21/09/2026,CONFIRMADA,3354457,0,15/09/2023,15/09/2028,7.29,BANCO CENTRAL DE LA REPUBLICA DOMINICANA,BCENTRAL,63105
DO1005206516,MH32028,HACIENDA/10.75 BOEST 20280811 GTIA,4200000,DOP,42,7.29094,105.74788,21/09/2026,12:36:25 PM,PRESTAMO,SEGUNDA PARTE,ROTC,19/10/2026,CONFIRMADA,3354896,0,10/08/2018,11/08/2028,10.75,MINISTERIO DE HACIENDA,HACIENDA,61537
DO1005206516,MH32028,HACIENDA/10.75 BOEST 20280811 GTIA,4200000,DOP,42,7.33319,105.905871,21/09/2026,12:36:25 PM,PRESTAMO,PRIMERA PARTE,ROTC,21/09/2026,CONFIRMADA,3354896,0,10/08/2018,11/08/2028,10.75,MINISTERIO DE HACIENDA,HACIENDA,61880
DO1002261928,LE090427,BCENTRAL/ LT 20270409 GTIA,1050000,DOP,105,8.7938,95.364331,21/09/2026,12:36:01 PM,CONTADO,PRIMERA PARTE,ROTC,22/09/2026,CONFIRMADA,3354966,0,09/04/2026,09/04/2027,0,BANCO CENTRAL DE LA REPUBLICA DOMINICANA,BCENTRAL,58177
DO1005206516,MH32028,HACIENDA/10.75 BOEST 20280811 GTIA,1000000,DOP,10,8.14985,103.15976,21/09/2026,12:35:45 PM,PRESTAMO,SEGUNDA PARTE,ROTC,19/04/2027,CONFIRMADA,3354888,0,10/08/2018,11/08/2028,10.75,MINISTERIO DE HACIENDA,HACIENDA,61474
DO1005206516,MH32028,HACIENDA/10.75 BOEST 20280811 GTIA,1000000,DOP,10,11.48173,98.763014,21/09/2026,12:35:45 PM,PRESTAMO,PRIMERA PARTE,ROTC,21/09/2026,CONFIRMADA,3354888,0,10/08/2018,11/08/2028,10.75,MINISTERIO DE HACIENDA,HACIENDA,61824
DO1002261829,NO010330,BCENTRAL/9.5 BOEST 20300301 GTIA,6260000,DOP,626,9.2,100.857336,21/09/2026,12:35:20 PM,CONTADO,PRIMERA PARTE,ROTC,22/09/2026,CONFIRMADA,3354738,0,01/03/2026,01/03/2030,0,BANCO CENTRAL DE LA REPUBLICA DOMINICANA,BCENTRAL,59955
DO1002261928,LE090427,BCENTRAL/ LT 20270409 GTIA,3230000,DOP,323,8.6907,95.482159,21/09/2026,12:35:18 PM,CONTADO,PRIMERA PARTE,ROTC,25/09/2026,CONFIRMADA,3354958,0,09/04/2026,09/04/2027,0,BANCO CENTRAL DE LA REPUBLICA DOMINICANA,BCENTRAL,58303
DO1005206516,MH32028,HACIENDA/10.75 BOEST 20280811 GTIA,1000000,DOP,10,8.14985,103.15976,21/09/2026,12:35:01 PM,ESTRUCTURADA,SEGUNDA PARTE,ROTC,19/04/2027,CONFIRMADA,3354887,0,10/08/2018,11/08/2028,10.75,MINISTERIO DE HACIENDA,HACIENDA,63518
DO1005206516,MH32028,HACIENDA/10.75 BOEST 20280811 GTIA,1000000,DOP,10,11.48173,98.763014,21/09/2026,12:35:01 PM,ESTRUCTURADA,PRIMERA PARTE,ROTC,21/09/2026,CONFIRMADA,3354887,0,10/08/2018,11/08/2028,10.75,MINISTERIO DE HACIENDA,HACIENDA,63868
DO1002261928,LE090427,BCENTRAL/ LT 20270409 GTIA,4180000,DOP,418,6.2243,99.706938,21/09/2026,12:34:54 PM,PLAZO,PRIMERA PARTE,ROTC,23/03/2027,CONFIRMADA,3354914,0,09/04/2026,09/04/2027,0,BANCO CENTRAL DE LA REPUBLICA DOMINICANA,BCENTRAL,57372
DO1002261928,LE090427,BCENTRAL/ LT 20270409 GTIA,4180000,DOP,418,6.2243,99.706938,21/09/2026,12:34:53 PM,PRESTAMO,SEGUNDA PARTE,ROTC,23/03/2027,CONFIRMADA,3354912,0,09/04/2026,09/04/2027,4.024954,BANCO CENTRAL DE LA REPUBLICA DOMINICANA,BCENTRAL,58905
DO1002261928,LE090427,BCENTRAL/ LT 20270409 GTIA,4180000,DOP,418,8.1,95.69378,21/09/2026,12:34:53 PM,PRESTAMO,PRIMERA PARTE,ROTC,21/09/2026,CONFIRMADA,3354912,0,09/04/2026,09/04/2027,4.024954,BANCO CENTRAL DE LA REPUBLICA DOMINICANA,BCENTRAL,57561
USP3579EBY25,BSRD2048,DOMINICAN REP/6.5 CHURCH BD UNSEC,2000,USD,2,5.4909,112.5755,21/09/2026,12:34:51 PM,PLAZO,PRIMERA PARTE,ROTC,21/10/2026,CONFIRMADA,3354885,0,08/02/2018,15/02/2048,0,MINISTERIO DE HACIENDA,HACIENDA,60494
USP3579EBY25,BSRD2048,DOMINICAN REP/6.5 CHURCH BD UNSEC,2000,USD,2,5.4909,112.5755,21/09/2026,12:34:50 PM,PRESTAMO,SEGUNDA PARTE,ROTC,21/10/2026,CONFIRMADA,3354884,0,08/02/2018,15/02/2048,0.903601,MINISTERIO DE HACIENDA,HACIENDA,62027
USP3579EBY25,BSRD2048,DOMINICAN REP/6.5 CHURCH BD UNSEC,2000,USD,2,5.481,112.739,21/09/2026,12:34:50 PM,PRESTAMO,PRIMERA PARTE,ROTC,21/09/2026,CONFIRMADA,3354884,0,08/02/2018,15/02/2048,0.903601,MINISTERIO DE HACIENDA,HACIENDA,61390
DO1002261928,LE090427,BCENTRAL/ LT 20270409 GTIA,4180000,DOP,418,8.1,95.69378,21/09/2026,12:34:32 PM,CONTADO,PRIMERA PARTE,ROTC,21/09/2026,CONFIRMADA,3354910,0,09/04/2026,09/04/2027,0,BANCO CENTRAL DE LA REPUBLICA DOMINICANA,BCENTRAL,56847
DO1005206516,MH32028,HACIENDA/10.75 BOEST 20280811 GTIA,4200000,DOP,42,7.29094,105.74788,21/09/2026,12:34:28 PM,ESTRUCTURADA,SEGUNDA PARTE,ROTC,19/10/2026,CONFIRMADA,3354895,0,10/08/2018,11/08/2028,10.75,MINISTERIO DE HACIENDA,HACIENDA,63644
DO1005206516,MH32028,HACIENDA/10.75 BOEST 20280811 GTIA,4200000,DOP,42,7.33319,105.905871,21/09/2026,12:34:28 PM,ESTRUCTURADA,PRIMERA PARTE,ROTC,21/09/2026,CONFIRMADA,3354895,0,10/08/2018,11/08/2028,10.75,MINISTERIO DE HACIENDA,HACIENDA,63987
DO1002224124,NO120327,BCENTRAL/8 BOEST 20270312 GTIA,6000000,DOP,600,7.25,99.779006,21/09/2026,12:34:21 PM,PRESTAMO,SEGUNDA PARTE,ROTC,24/11/2026,CONFIRMADA,3354964,0,12/03/2022,12/03/2027,0.02,BANCO CENTRAL DE LA REPUBLICA DOMINICANA,BCENTRAL,59878
DO1002224124,NO120327,BCENTRAL/8 BOEST 20270312 GTIA,6000000,DOP,600,7.25,99.779006,21/09/2026,12:34:21 PM,PRESTAMO,PRIMERA PARTE,ROTC,22/09/2026,CONFIRMADA,3354964,0,12/03/2022,12/03/2027,0.02,BANCO CENTRAL DE LA REPUBLICA DOMINICANA,BCENTRAL,59976
DO1002224124,NO120327,BCENTRAL/8 BOEST 20270312 GTIA,6000000,DOP,600,9.134323,99.651991,21/09/2026,12:34:15 PM,PLAZO,PRIMERA PARTE,ROTC,24/11/2026,CONFIRMADA,3354963,0,12/03/2022,12/03/2027,0,BANCO CENTRAL DE LA REPUBLICA DOMINICANA,BCENTRAL,59794
USP3579EBY25,BSRD2048,DOMINICAN REP/6.5 CHURCH BD UNSEC,2000,USD,2,5.481,112.739,21/09/2026,12:34:08 PM,CONTADO,PRIMERA PARTE,ROTC,21/09/2026,CONFIRMADA,3354883,0,08/02/2018,15/02/2048,0,MINISTERIO DE HACIENDA,HACIENDA,60718
DO1002224124,NO120327,BCENTRAL/8 BOEST 20270312 GTIA,6000000,DOP,600,8.477617,99.779006,21/09/2026,12:34:06 PM,CONTADO,PRIMERA PARTE,ROTC,22/09/2026,CONFIRMADA,3354962,0,12/03/2022,12/03/2027,0,BANCO CENTRAL DE LA REPUBLICA DOMINICANA,BCENTRAL,60830
DO1002227317,NO150928,BCENTRAL/11 BOEST 20280915 GTIA,5810000,DOP,581,0.0411,119.910138,21/09/2026,12:34:04 PM,PRESTAMO,SEGUNDA PARTE,ROTC,20/11/2026,CONFIRMADA,3354455,0,15/09/2023,15/09/2028,1.325552,BANCO CENTRAL DE LA REPUBLICA DOMINICANA,BCENTRAL,61306
DO1002227317,NO150928,BCENTRAL/11 BOEST 20280915 GTIA,5810000,DOP,581,0.6788,120.299607,21/09/2026,12:34:04 PM,PRESTAMO,PRIMERA PARTE,ROTC,21/09/2026,CONFIRMADA,3354455,0,15/09/2023,15/09/2028,1.325552,BANCO CENTRAL DE LA REPUBLICA DOMINICANA,BCENTRAL,61607
DO1002227317,NO150928,BCENTRAL/11 BOEST 20280915 GTIA,5810000,DOP,581,0.0411,119.910138,21/09/2026,12:33:40 PM,ESTRUCTURADA,SEGUNDA PARTE,ROTC,20/11/2026,CONFIRMADA,3354454,0,15/09/2023,15/09/2028,7.14,BANCO CENTRAL DE LA REPUBLICA DOMINICANA,BCENTRAL,63399
DO1002227317,NO150928,BCENTRAL/11 BOEST 20280915 GTIA,5810000,DOP,581,0.6788,120.299607,21/09/2026,12:33:40 PM,ESTRUCTURADA,PRIMERA PARTE,ROTC,21/09/2026,CONFIRMADA,3354454,0,15/09/2023,15/09/2028,7.14,BANCO CENTRAL DE LA REPUBLICA DOMINICANA,BCENTRAL,63700
DO2016300223,BC1GUL02,GULFSTREAM/11.15 BO 20290624,210476,DOP,210476,11.1911,99.897865,21/09/2026,12:33:27 PM,ESTRUCTURADA,SEGUNDA PARTE,ROTC,21/10/2026,CONFIRMADA,3354827,0,24/06/2019,24/06/2029,8.7,GULFSTREAM PETROLEUM DOMINICANA S DE RL,GULFSTREAM,63014
DO2016300223,BC1GUL02,GULFSTREAM/11.15 BO 20290624,210476,DOP,210476,12.3279,97.278905,21/09/2026,12:33:27 PM,ESTRUCTURADA,PRIMERA PARTE,ROTC,21/09/2026,CONFIRMADA,3354827,0,24/06/2019,24/06/2029,8.7,GULFSTREAM PETROLEUM DOMINICANA S DE RL,GULFSTREAM,63105
DO2016300223,BC1GUL02,GULFSTREAM/11.15 BO 20290624,210476,DOP,210476,11.1911,99.897865,21/09/2026,12:33:26 PM,PRESTAMO,SEGUNDA PARTE,ROTC,21/10/2026,CONFIRMADA,3354828,0,24/06/2019,24/06/2029,3.419044,GULFSTREAM PETROLEUM DOMINICANA S DE RL,GULFSTREAM,60907
DO2016300223,BC1GUL02,GULFSTREAM/11.15 BO 20290624,210476,DOP,210476,12.3279,97.278905,21/09/2026,12:33:26 PM,PRESTAMO,PRIMERA PARTE,ROTC,21/09/2026,CONFIRMADA,3354828,0,24/06/2019,24/06/2029,3.419044,GULFSTREAM PETROLEUM DOMINICANA S DE RL,GULFSTREAM,60998
DO1002262223,LE030927,BCENTRAL/ LT 20270903 GTIA,4540000,DOP,454,8.1,92.511014,21/09/2026,12:31:24 PM,PRESTAMO,SEGUNDA PARTE,ROTC,22/03/2027,CONFIRMADA,3354953,0,03/09/2026,03/09/2027,0.02,BANCO CENTRAL DE LA REPUBLICA DOMINICANA,BCENTRAL,57512
DO1002262223,LE030927,BCENTRAL/ LT 20270903 GTIA,4540000,DOP,454,8.1,92.511014,21/09/2026,12:31:24 PM,PRESTAMO,PRIMERA PARTE,ROTC,22/09/2026,CONFIRMADA,3354953,0,03/09/2026,03/09/2027,0.02,BANCO CENTRAL DE LA REPUBLICA DOMINICANA,BCENTRAL,57610
DO1002262223,LE030927,BCENTRAL/ LT 20270903 GTIA,4540000,DOP,454,8.455326,96.269223,21/09/2026,12:31:17 PM,PLAZO,PRIMERA PARTE,ROTC,22/03/2027,CONFIRMADA,3354952,0,03/09/2026,03/09/2027,0,BANCO CENTRAL DE LA REPUBLICA DOMINICANA,BCENTRAL,57946
DO1002262223,LE030927,BCENTRAL/ LT 20270903 GTIA,4540000,DOP,454,8.4227900000000009,92.511014,21/09/2026,12:31:11 PM,CONTADO,PRIMERA PARTE,ROTC,22/09/2026,CONFIRMADA,3354951,0,03/09/2026,03/09/2027,0,BANCO CENTRAL DE LA REPUBLICA DOMINICANA,BCENTRAL,58394
DO2016300223,BC1GUL02,GULFSTREAM/11.15 BO 20290624,504444,DOP,504444,10.1281,102.16988,21/09/2026,12:30:50 PM,PRESTAMO,SEGUNDA PARTE,ROTC,19/01/2027,CONFIRMADA,3354909,0,24/06/2019,24/06/2029,5.52169,GULFSTREAM PETROLEUM DOMINICANA S DE RL,GULFSTREAM,60746
DO2016300223,BC1GUL02,GULFSTREAM/11.15 BO 20290624,504444,DOP,504444,12.3279,97.278767,21/09/2026,12:30:50 PM,PRESTAMO,PRIMERA PARTE,ROTC,21/09/2026,CONFIRMADA,3354909,0,24/06/2019,24/06/2029,5.52169,GULFSTREAM PETROLEUM DOMINICANA S DE RL,GULFSTREAM,61012
DO2016300223,BC1GUL02,GULFSTREAM/11.15 BO 20290624,504444,DOP,504444,10.1281,102.16988,21/09/2026,12:30:42 PM,ESTRUCTURADA,SEGUNDA PARTE,ROTC,19/01/2027,CONFIRMADA,3354908,0,24/06/2019,24/06/2029,8.9,GULFSTREAM PETROLEUM DOMINICANA S DE RL,GULFSTREAM,62853
DO2016300223,BC1GUL02,GULFSTREAM/11.15 BO 20290624,504444,DOP,504444,12.3279,97.278767,21/09/2026,12:30:42 PM,ESTRUCTURADA,PRIMERA PARTE,ROTC,21/09/2026,CONFIRMADA,3354908,0,24/06/2019,24/06/2029,8.9,GULFSTREAM PETROLEUM DOMINICANA S DE RL,GULFSTREAM,63119
DO1002227721,NO111226,BCENTRAL/9 BOEST 20261211 GTIA,6400000,DOP,640,7,100.41265,21/09/2026,12:29:56 PM,CONTADO,PRIMERA PARTE,ROTC,21/09/2026,CONFIRMADA,3354627,0,11/12/2023,11/12/2026,0,BANCO CENTRAL DE LA REPUBLICA DOMINICANA,BCENTRAL,58198
DO2018100324,BC1AES03,AESTRELLA/11.25 BO 20301130,555952,DOP,555952,11.5238,99.102683,21/09/2026,12:29:46 PM,ESTRUCTURADA,SEGUNDA PARTE,ROTC,21/10/2026,CONFIRMADA,3354819,0,30/11/2020,30/11/2030,8.55,ACERO ESTRELLA S A,AESTRELLA,62258
DO2018100324,BC1AES03,AESTRELLA/11.25 BO 20301130,555952,DOP,555952,11.4556,99.31489,21/09/2026,12:29:46 PM,ESTRUCTURADA,PRIMERA PARTE,ROTC,21/09/2026,CONFIRMADA,3354819,0,30/11/2020,30/11/2030,8.55,ACERO ESTRELLA S A,AESTRELLA,62090
DO2018100324,BC1AES03,AESTRELLA/11.25 BO 20301130,555952,DOP,555952,11.5238,99.102683,21/09/2026,12:29:45 PM,PRESTAMO,SEGUNDA PARTE,ROTC,21/10/2026,CONFIRMADA,3354820,0,30/11/2020,30/11/2030,1.380792,ACERO ESTRELLA S A,AESTRELLA,60151
DO2018100324,BC1AES03,AESTRELLA/11.25 BO 20301130,555952,DOP,555952,11.4556,99.31489,21/09/2026,12:29:45 PM,PRESTAMO,PRIMERA PARTE,ROTC,21/09/2026,CONFIRMADA,3354820,0,30/11/2020,30/11/2030,1.380792,ACERO ESTRELLA S A,AESTRELLA,59983
DO1002262223,LE030927,BCENTRAL/ LT 20270903 GTIA,5840000,DOP,584,8.1,92.465754,21/09/2026,12:29:01 PM,PRESTAMO,SEGUNDA PARTE,ROTC,22/03/2027,CONFIRMADA,3354938,0,03/09/2026,03/09/2027,0.02,BANCO CENTRAL DE LA REPUBLICA DOMINICANA,BCENTRAL,57715
DO1002262223,LE030927,BCENTRAL/ LT 20270903 GTIA,5840000,DOP,584,8.1,92.465754,21/09/2026,12:29:01 PM,PRESTAMO,PRIMERA PARTE,ROTC,22/09/2026,CONFIRMADA,3354938,0,03/09/2026,03/09/2027,0.02,BANCO CENTRAL DE LA REPUBLICA DOMINICANA,BCENTRAL,57813
DO1002262223,LE030927,BCENTRAL/ LT 20270903 GTIA,5840000,DOP,584,8.566261,96.222124,21/09/2026,12:28:55 PM,PLAZO,PRIMERA PARTE,ROTC,22/03/2027,CONFIRMADA,3354936,0,03/09/2026,03/09/2027,0,BANCO CENTRAL DE LA REPUBLICA DOMINICANA,BCENTRAL,57988
DO1002262223,LE030927,BCENTRAL/ LT 20270903 GTIA,5840000,DOP,584,8.477841,92.465754,21/09/2026,12:28:49 PM,CONTADO,PRIMERA PARTE,ROTC,22/09/2026,CONFIRMADA,3354935,0,03/09/2026,03/09/2027,0,BANCO CENTRAL DE LA REPUBLICA DOMINICANA,BCENTRAL,59087
DO1005206722,MH12034,HACIENDA/11.5 BOEST 20340111 GTIA,200000,DOP,2,10.5,104.995851,21/09/2026,12:28:09 PM,CONTADO,PRIMERA PARTE,ROTC,21/09/2026,CONFIRMADA,3354625,0,11/01/2019,11/01/2034,0,MINISTERIO DE HACIENDA,HACIENDA,58884
DO1002227317,NO150928,BCENTRAL/11 BOEST 20280915 GTIA,1450000,DOP,145,0.2652,115.652814,21/09/2026,12:27:57 PM,PRESTAMO,SEGUNDA PARTE,ROTC,29/03/2027,CONFIRMADA,3354453,0,15/09/2023,15/09/2028,3.891924,BANCO CENTRAL DE LA REPUBLICA DOMINICANA,BCENTRAL,61460
DO1002227317,NO150928,BCENTRAL/11 BOEST 20280915 GTIA,1450000,DOP,145,4.8209,111.553886,21/09/2026,12:27:57 PM,PRESTAMO,PRIMERA PARTE,ROTC,21/09/2026,CONFIRMADA,3354453,0,15/09/2023,15/09/2028,3.891924,BANCO CENTRAL DE LA REPUBLICA DOMINICANA,BCENTRAL,61593
DO1002227317,NO150928,BCENTRAL/11 BOEST 20280915 GTIA,1450000,DOP,145,0.2652,115.652814,21/09/2026,12:27:25 PM,ESTRUCTURADA,SEGUNDA PARTE,ROTC,29/03/2027,CONFIRMADA,3354452,0,15/09/2023,15/09/2028,7.39,BANCO CENTRAL DE LA REPUBLICA DOMINICANA,BCENTRAL,63525
DO1002227317,NO150928,BCENTRAL/11 BOEST 20280915 GTIA,1450000,DOP,145,4.8209,111.553886,21/09/2026,12:27:25 PM,ESTRUCTURADA,PRIMERA PARTE,ROTC,21/09/2026,CONFIRMADA,3354452,0,15/09/2023,15/09/2028,7.39,BANCO CENTRAL DE LA REPUBLICA DOMINICANA,BCENTRAL,63658
USP3579ECE51,BSRD2049,"DOMINICAN, REP /6.4 BD 20490605",1000000,USD,1000,4.8379,121.332384,21/09/2026,12:26:48 PM,ESTRUCTURADA,SEGUNDA PARTE,ROTC,21/10/2026,CONFIRMADA,3354814,0,05/06/2019,05/06/2049,5,MINISTERIO DE HACIENDA,HACIENDA,64141
USP3579ECE51,BSRD2049,"DOMINICAN, REP /6.4 BD 20490605",1000000,USD,1000,4.8393,121.352232,21/09/2026,12:26:48 PM,ESTRUCTURADA,PRIMERA PARTE,ROTC,21/09/2026,CONFIRMADA,3354814,0,05/06/2019,05/06/2049,5,MINISTERIO DE HACIENDA,HACIENDA,64190
USP3579ECE51,BSRD2049,"DOMINICAN, REP /6.4 BD 20490605",1000000,USD,1000,4.8379,121.332384,21/09/2026,12:26:47 PM,PRESTAMO,SEGUNDA PARTE,ROTC,21/10/2026,CONFIRMADA,3354815,0,05/06/2019,05/06/2049,1.937719,MINISTERIO DE HACIENDA,HACIENDA,62034
USP3579ECE51,BSRD2049,"DOMINICAN, REP /6.4 BD 20490605",1000000,USD,1000,4.8393,121.352232,21/09/2026,12:26:47 PM,PRESTAMO,PRIMERA PARTE,ROTC,21/09/2026,CONFIRMADA,3354815,0,05/06/2019,05/06/2049,1.937719,MINISTERIO DE HACIENDA,HACIENDA,62083
USP3579ECE51,BSRD2049,"DOMINICAN, REP /6.4 BD 20490605",278000,USD,278,4.8379,121.332388,21/09/2026,12:26:46 PM,ESTRUCTURADA,SEGUNDA PARTE,ROTC,21/10/2026,CONFIRMADA,3354816,0,05/06/2019,05/06/2049,5,MINISTERIO DE HACIENDA,HACIENDA,63707
USP3579ECE51,BSRD2049,"DOMINICAN, REP /6.4 BD 20490605",278000,USD,278,4.8393,121.352232,21/09/2026,12:26:46 PM,ESTRUCTURADA,PRIMERA PARTE,ROTC,21/09/2026,CONFIRMADA,3354816,0,05/06/2019,05/06/2049,5,MINISTERIO DE HACIENDA,HACIENDA,63728
USP3579ECE51,BSRD2049,"DOMINICAN, REP /6.4 BD 20490605",278000,USD,278,4.8379,121.332388,21/09/2026,12:26:44 PM,PRESTAMO,SEGUNDA PARTE,ROTC,21/10/2026,CONFIRMADA,3354817,0,05/06/2019,05/06/2049,1.937722,MINISTERIO DE HACIENDA,HACIENDA,61593
USP3579ECE51,BSRD2049,"DOMINICAN, REP /6.4 BD 20490605",278000,USD,278,4.8393,121.352232,21/09/2026,12:26:44 PM,PRESTAMO,PRIMERA PARTE,ROTC,21/09/2026,CONFIRMADA,3354817,0,05/06/2019,05/06/2049,1.937722,MINISTERIO DE HACIENDA,HACIENDA,61614
USP3579ECF27,BSRD2030,DOMINICAN REP/4.5 BD 20300130 UNS,31000,USD,31,5.15,98.012899,21/09/2026,12:26:16 PM,CONTADO,PRIMERA PARTE,ROTC,21/09/2026,CONFIRMADA,3354620,0,30/01/2020,30/01/2030,0,MINISTERIO DE HACIENDA,HACIENDA,60361
DO1005206516,MH32028,HACIENDA/10.75 BOEST 20280811 GTIA,5600000,DOP,56,2.61244,110.841683,21/09/2026,12:25:18 PM,PRESTAMO,SEGUNDA PARTE,ROTC,01/04/2027,CONFIRMADA,3354892,0,10/08/2018,11/08/2028,10.75,MINISTERIO DE HACIENDA,HACIENDA,61768
DO1005206516,MH32028,HACIENDA/10.75 BOEST 20280811 GTIA,5600000,DOP,56,7.33319,105.905871,21/09/2026,12:25:18 PM,PRESTAMO,PRIMERA PARTE,ROTC,21/09/2026,CONFIRMADA,3354892,0,10/08/2018,11/08/2028,10.75,MINISTERIO DE HACIENDA,HACIENDA,61950
DO1005213421,MH22035,HACIENDA/10.5 BOEST 20350510 GTIA,28000000,DOP,280,6.864029,123.239481,21/09/2026,12:25:05 PM,ESTRUCTURADA,SEGUNDA PARTE,ROTC,13/10/2026,CONFIRMADA,3354260,0,10/05/2024,10/05/2035,8.59,MINISTERIO DE HACIENDA,HACIENDA,64449
DO1005213421,MH22035,HACIENDA/10.5 BOEST 20350510 GTIA,28000000,DOP,280,6.88472567,123.205548,21/09/2026,12:25:05 PM,ESTRUCTURADA,PRIMERA PARTE,ROTC,21/09/2026,CONFIRMADA,3354260,0,10/05/2024,10/05/2035,8.59,MINISTERIO DE HACIENDA,HACIENDA,65338
DO2018100324,BC1AES03,AESTRELLA/11.25 BO 20301130,357286,DOP,357286,11.5919,98.907304,21/09/2026,12:25:00 PM,PRESTAMO,SEGUNDA PARTE,ROTC,20/11/2026,CONFIRMADA,3354906,0,30/11/2020,30/11/2030,2.089669,ACERO ESTRELLA S A,AESTRELLA,60116
DO2018100324,BC1AES03,AESTRELLA/11.25 BO 20301130,357286,DOP,357286,11.4556,99.315052,21/09/2026,12:25:00 PM,PRESTAMO,PRIMERA PARTE,ROTC,21/09/2026,CONFIRMADA,3354906,0,30/11/2020,30/11/2030,2.089669,ACERO ESTRELLA S A,AESTRELLA,60165
DO2018100324,BC1AES03,AESTRELLA/11.25 BO 20301130,357286,DOP,357286,11.5919,98.907304,21/09/2026,12:24:51 PM,ESTRUCTURADA,SEGUNDA PARTE,ROTC,20/11/2026,CONFIRMADA,3354905,0,30/11/2020,30/11/2030,8.65,ACERO ESTRELLA S A,AESTRELLA,62251
DO2018100324,BC1AES03,AESTRELLA/11.25 BO 20301130,357286,DOP,357286,11.4556,99.315052,21/09/2026,12:24:51 PM,ESTRUCTURADA,PRIMERA PARTE,ROTC,21/09/2026,CONFIRMADA,3354905,0,30/11/2020,30/11/2030,8.65,ACERO ESTRELLA S A,AESTRELLA,62300
DO1005206516,MH32028,HACIENDA/10.75 BOEST 20280811 GTIA,5600000,DOP,56,2.61244,110.841683,21/09/2026,12:23:36 PM,ESTRUCTURADA,SEGUNDA PARTE,ROTC,01/04/2027,CONFIRMADA,3354891,0,10/08/2018,11/08/2028,10.75,MINISTERIO DE HACIENDA,HACIENDA,63854
DO1005206516,MH32028,HACIENDA/10.75 BOEST 20280811 GTIA,5600000,DOP,56,7.33319,105.905871,21/09/2026,12:23:36 PM,ESTRUCTURADA,PRIMERA PARTE,ROTC,21/09/2026,CONFIRMADA,3354891,0,10/08/2018,11/08/2028,10.75,MINISTERIO DE HACIENDA,HACIENDA,64036
USP3579ECH82,BSRD2032,"DOMINICAN, REP /4.875 BD 20320923",176000,USD,176,4.31179,102.72085,21/09/2026,12:23:03 PM,PRESTAMO,SEGUNDA PARTE,ROTC,31/03/2027,CONFIRMADA,3354894,0,23/09/2020,23/09/2032,4.875,MINISTERIO DE HACIENDA,HACIENDA,62167
USP3579ECH82,BSRD2032,"DOMINICAN, REP /4.875 BD 20320923",176000,USD,176,5.31785,97.748233,21/09/2026,12:23:03 PM,PRESTAMO,PRIMERA PARTE,ROTC,21/09/2026,CONFIRMADA,3354894,0,23/09/2020,23/09/2032,4.875,MINISTERIO DE HACIENDA,HACIENDA,62412
USP3579ECH82,BSRD2032,"DOMINICAN, REP /4.875 BD 20320923",176000,USD,176,4.31179,102.72085,21/09/2026,12:22:06 PM,ESTRUCTURADA,SEGUNDA PARTE,ROTC,31/03/2027,CONFIRMADA,3354893,0,23/09/2020,23/09/2032,4.875,MINISTERIO DE HACIENDA,HACIENDA,64281
USP3579ECH82,BSRD2032,"DOMINICAN, REP /4.875 BD 20320923",176000,USD,176,5.31785,97.748233,21/09/2026,12:22:06 PM,ESTRUCTURADA,PRIMERA PARTE,ROTC,21/09/2026,CONFIRMADA,3354893,0,23/09/2020,23/09/2032,4.875,MINISTERIO DE HACIENDA,HACIENDA,64526
DO1002227317,NO150928,BCENTRAL/11 BOEST 20280915 GTIA,420000,DOP,42,0.4067,118.263762,21/09/2026,12:21:39 PM,PRESTAMO,SEGUNDA PARTE,ROTC,21/12/2026,CONFIRMADA,3354451,0,15/09/2023,15/09/2028,1.935445,BANCO CENTRAL DE LA REPUBLICA DOMINICANA,BCENTRAL,60662
DO1002227317,NO150928,BCENTRAL/11 BOEST 20280915 GTIA,420000,DOP,42,1.3306,118.865299,21/09/2026,12:21:39 PM,PRESTAMO,PRIMERA PARTE,ROTC,21/09/2026,CONFIRMADA,3354451,0,15/09/2023,15/09/2028,1.935445,BANCO CENTRAL DE LA REPUBLICA DOMINICANA,BCENTRAL,60830
DO1005208322,MHUS2040,HACIENDA/6.75 BOEST 20400724 GTIA,70000,USD,70,4.72381589,120.235119,21/09/2026,12:21:03 PM,PRESTAMO,SEGUNDA PARTE,ROTC,20/11/2026,CONFIRMADA,3354922,0,24/07/2020,24/07/2040,4.85,MINISTERIO DE HACIENDA,HACIENDA,62601
DO1005208322,MHUS2040,HACIENDA/6.75 BOEST 20400724 GTIA,70000,USD,70,4.72808286,120.359821,21/09/2026,12:21:03 PM,PRESTAMO,PRIMERA PARTE,ROTC,21/09/2026,CONFIRMADA,3354922,0,24/07/2020,24/07/2040,4.85,MINISTERIO DE HACIENDA,HACIENDA,62755
DO1005208322,MHUS2040,HACIENDA/6.75 BOEST 20400724 GTIA,70000,USD,70,4.72381589,120.235119,21/09/2026,12:21:02 PM,ESTRUCTURADA,SEGUNDA PARTE,ROTC,20/11/2026,CONFIRMADA,3354818,0,24/07/2020,24/07/2040,4.85,MINISTERIO DE HACIENDA,HACIENDA,64694
DO1005208322,MHUS2040,HACIENDA/6.75 BOEST 20400724 GTIA,70000,USD,70,4.72808286,120.359821,21/09/2026,12:21:02 PM,ESTRUCTURADA,PRIMERA PARTE,ROTC,21/09/2026,CONFIRMADA,3354818,0,24/07/2020,24/07/2040,4.85,MINISTERIO DE HACIENDA,HACIENDA,64848
DO1002227317,NO150928,BCENTRAL/11 BOEST 20280915 GTIA,420000,DOP,42,0.4067,118.263762,21/09/2026,12:20:45 PM,ESTRUCTURADA,SEGUNDA PARTE,ROTC,21/12/2026,CONFIRMADA,3354450,0,15/09/2023,15/09/2028,7.19,BANCO CENTRAL DE LA REPUBLICA DOMINICANA,BCENTRAL,62734
DO1002227317,NO150928,BCENTRAL/11 BOEST 20280915 GTIA,420000,DOP,42,1.3306,118.865299,21/09/2026,12:20:45 PM,ESTRUCTURADA,PRIMERA PARTE,ROTC,21/09/2026,CONFIRMADA,3354450,0,15/09/2023,15/09/2028,7.19,BANCO CENTRAL DE LA REPUBLICA DOMINICANA,BCENTRAL,62902
DO1005206516,MH32028,HACIENDA/10.75 BOEST 20280811 GTIA,9300000,DOP,93,2.79835,111.433707,21/09/2026,12:20:15 PM,PRESTAMO,SEGUNDA PARTE,ROTC,19/02/2027,CONFIRMADA,3354890,0,10/08/2018,11/08/2028,10.75,MINISTERIO DE HACIENDA,HACIENDA,61845
DO1005206516,MH32028,HACIENDA/10.75 BOEST 20280811 GTIA,9300000,DOP,93,7.12067,106.289895,21/09/2026,12:20:15 PM,PRESTAMO,PRIMERA PARTE,ROTC,21/09/2026,CONFIRMADA,3354890,0,10/08/2018,11/08/2028,10.75,MINISTERIO DE HACIENDA,HACIENDA,61971
DO1005206516,MH32028,HACIENDA/10.75 BOEST 20280811 GTIA,1500000,DOP,15,7.56086,104.394369,21/09/2026,12:19:41 PM,PRESTAMO,SEGUNDA PARTE,ROTC,17/02/2027,CONFIRMADA,3354898,0,10/08/2018,11/08/2028,10.75,MINISTERIO DE HACIENDA,HACIENDA,61866
DO1005206516,MH32028,HACIENDA/10.75 BOEST 20280811 GTIA,1500000,DOP,15,10.8379,99.828907,21/09/2026,12:19:41 PM,PRESTAMO,PRIMERA PARTE,ROTC,21/09/2026,CONFIRMADA,3354898,0,10/08/2018,11/08/2028,10.75,MINISTERIO DE HACIENDA,HACIENDA,61663
USP3579ECZ80,BSRD2035, ,55000,USD,55,5.487,102.663909,21/09/2026,12:19:38 PM,PRESTAMO,SEGUNDA PARTE,ROTC,19/01/2027,CONFIRMADA,3354523,0,28/10/2025,28/10/2035,3.851401,MINISTERIO DE HACIENDA,HACIENDA,48286
USP3579ECZ80,BSRD2035, ,55000,USD,55,5.8767,99.980873,21/09/2026,12:19:38 PM,PRESTAMO,PRIMERA PARTE,ROTC,21/09/2026,CONFIRMADA,3354523,0,28/10/2025,28/10/2035,3.851401,MINISTERIO DE HACIENDA,HACIENDA,48531
USP3579ECZ80,BSRD2035, ,5000,USD,5,5.861,100.0934,21/09/2026,12:19:37 PM,PRESTAMO,SEGUNDA PARTE,ROTC,11/11/2026,CONFIRMADA,3354525,0,28/10/2025,28/10/2035,3.029941,MINISTERIO DE HACIENDA,HACIENDA,46648
USP3579ECZ80,BSRD2035, ,5000,USD,5,6.2726,97.2664,21/09/2026,12:19:37 PM,PRESTAMO,PRIMERA PARTE,ROTC,21/09/2026,CONFIRMADA,3354525,0,28/10/2025,28/10/2035,3.029941,MINISTERIO DE HACIENDA,HACIENDA,46907
USP3579ECZ80,BSRD2035, ,5000,USD,5,4.6079,109.1192,21/09/2026,12:19:36 PM,PRESTAMO,SEGUNDA PARTE,ROTC,21/12/2026,CONFIRMADA,3354527,0,28/10/2025,28/10/2035,3.288109,MINISTERIO DE HACIENDA,HACIENDA,47075
USP3579ECZ80,BSRD2035, ,5000,USD,5,4.995,106.3678,21/09/2026,12:19:36 PM,PRESTAMO,PRIMERA PARTE,ROTC,21/09/2026,CONFIRMADA,3354527,0,28/10/2025,28/10/2035,3.288109,MINISTERIO DE HACIENDA,HACIENDA,46907
USP3579ECZ80,BSRD2035, ,7000,USD,7,5.3207,103.863857,21/09/2026,12:19:34 PM,PRESTAMO,SEGUNDA PARTE,ROTC,22/12/2026,CONFIRMADA,3354529,0,28/10/2025,28/10/2035,3.407182,MINISTERIO DE HACIENDA,HACIENDA,47831
USP3579ECZ80,BSRD2035, ,7000,USD,7,5.7066,101.176286,21/09/2026,12:19:34 PM,PRESTAMO,PRIMERA PARTE,ROTC,21/09/2026,CONFIRMADA,3354529,0,28/10/2025,28/10/2035,3.407182,MINISTERIO DE HACIENDA,HACIENDA,47915
DO1005208025,COV2040,HACIENDA/10.875 BOEST 20400228 GTIA,700000,DOP,7,5.6946,147.56988,21/09/2026,12:19:33 PM,PRESTAMO,SEGUNDA PARTE,ROTC,22/12/2026,CONFIRMADA,3354531,0,28/02/2020,28/02/2040,2.788601,MINISTERIO DE HACIENDA,HACIENDA,61089
DO1005208025,COV2040,HACIENDA/10.875 BOEST 20400228 GTIA,700000,DOP,7,5.8095,146.81453,21/09/2026,12:19:33 PM,PRESTAMO,PRIMERA PARTE,ROTC,21/09/2026,CONFIRMADA,3354531,0,28/02/2020,28/02/2040,2.788601,MINISTERIO DE HACIENDA,HACIENDA,61054
DO1005208025,COV2040,HACIENDA/10.875 BOEST 20400228 GTIA,100000,DOP,1,11.0141,99.01393,21/09/2026,12:19:32 PM,PRESTAMO,SEGUNDA PARTE,ROTC,20/11/2026,CONFIRMADA,3354533,0,28/02/2020,28/02/2040,2.198398,MINISTERIO DE HACIENDA,HACIENDA,60725
DO1005208025,COV2040,HACIENDA/10.875 BOEST 20400228 GTIA,100000,DOP,1,10.9789,99.28493,21/09/2026,12:19:32 PM,PRESTAMO,PRIMERA PARTE,ROTC,21/09/2026,CONFIRMADA,3354533,0,28/02/2020,28/02/2040,2.198398,MINISTERIO DE HACIENDA,HACIENDA,61096
DO1002228125,NO090229,BCENTRAL/10 BOEST 20290209 GTIA,50000,DOP,5,10.7231,98.6255,21/09/2026,12:19:31 PM,PRESTAMO,SEGUNDA PARTE,ROTC,21/12/2026,CONFIRMADA,3354534,0,09/02/2024,09/02/2029,3.359135,BANCO CENTRAL DE LA REPUBLICA DOMINICANA,BCENTRAL,59206
DO1002228125,NO090229,BCENTRAL/10 BOEST 20290209 GTIA,50000,DOP,5,10.5562,98.83152,21/09/2026,12:19:31 PM,PRESTAMO,PRIMERA PARTE,ROTC,21/09/2026,CONFIRMADA,3354534,0,09/02/2024,09/02/2029,3.359135,BANCO CENTRAL DE LA REPUBLICA DOMINICANA,BCENTRAL,59689
DO1002228125,NO090229,BCENTRAL/10 BOEST 20290209 GTIA,100000,DOP,10,16.0996,89.64555,21/09/2026,12:19:29 PM,PRESTAMO,SEGUNDA PARTE,ROTC,19/01/2027,CONFIRMADA,3354536,0,09/02/2024,09/02/2029,4.28009,BANCO CENTRAL DE LA REPUBLICA DOMINICANA,BCENTRAL,60417
DO1002228125,NO090229,BCENTRAL/10 BOEST 20290209 GTIA,100000,DOP,10,15.1102,90.04841,21/09/2026,12:19:29 PM,PRESTAMO,PRIMERA PARTE,ROTC,21/09/2026,CONFIRMADA,3354536,0,09/02/2024,09/02/2029,4.28009,BANCO CENTRAL DE LA REPUBLICA DOMINICANA,BCENTRAL,60221
USP3579ECZ80,BSRD2035, ,76000,USD,76,5.3787,103.426211,21/09/2026,12:19:28 PM,PRESTAMO,SEGUNDA PARTE,ROTC,19/01/2027,CONFIRMADA,3354538,0,28/10/2025,28/10/2035,3.83499,MINISTERIO DE HACIENDA,HACIENDA,48587
USP3579ECZ80,BSRD2035, ,76000,USD,76,5.7697,100.731013,21/09/2026,12:19:28 PM,PRESTAMO,PRIMERA PARTE,ROTC,21/09/2026,CONFIRMADA,3354538,0,28/10/2025,28/10/2035,3.83499,MINISTERIO DE HACIENDA,HACIENDA,48650
DO1002228125,NO090229,BCENTRAL/10 BOEST 20290209 GTIA,40000,DOP,4,9.2679,101.2889,21/09/2026,12:19:27 PM,PRESTAMO,SEGUNDA PARTE,ROTC,18/02/2027,CONFIRMADA,3354540,0,09/02/2024,09/02/2029,4.941868,BANCO CENTRAL DE LA REPUBLICA DOMINICANA,BCENTRAL,59360
DO1002228125,NO090229,BCENTRAL/10 BOEST 20290209 GTIA,40000,DOP,4,11.7031,96.519675,21/09/2026,12:19:27 PM,PRESTAMO,PRIMERA PARTE,ROTC,21/09/2026,CONFIRMADA,3354540,0,09/02/2024,09/02/2029,4.941868,BANCO CENTRAL DE LA REPUBLICA DOMINICANA,BCENTRAL,60088
DO1002261423,NO301129,BCENTRAL/9.5 BOEST 20291130 GTIA,200000,DOP,20,10.6747,97.142575,21/09/2026,12:19:25 PM,PRESTAMO,SEGUNDA PARTE,ROTC,19/01/2027,CONFIRMADA,3354542,0,30/11/2025,30/11/2029,1.398175,BANCO CENTRAL DE LA REPUBLICA DOMINICANA,BCENTRAL,60998
DO1002261423,NO301129,BCENTRAL/9.5 BOEST 20291130 GTIA,200000,DOP,20,10.6003,97.057065,21/09/2026,12:19:25 PM,PRESTAMO,PRIMERA PARTE,ROTC,21/09/2026,CONFIRMADA,3354542,0,30/11/2025,30/11/2029,1.398175,BANCO CENTRAL DE LA REPUBLICA DOMINICANA,BCENTRAL,60949
DO1002261423,NO301129,BCENTRAL/9.5 BOEST 20291130 GTIA,220000,DOP,22,5.2868,111.042573,21/09/2026,12:19:24 PM,PRESTAMO,SEGUNDA PARTE,ROTC,19/01/2027,CONFIRMADA,3354544,0,30/11/2025,30/11/2029,1.459856,BANCO CENTRAL DE LA REPUBLICA DOMINICANA,BCENTRAL,60935
DO1002261423,NO301129,BCENTRAL/9.5 BOEST 20291130 GTIA,220000,DOP,22,5.7762,110.693427,21/09/2026,12:19:24 PM,PRESTAMO,PRIMERA PARTE,ROTC,21/09/2026,CONFIRMADA,3354544,0,30/11/2025,30/11/2029,1.459856,BANCO CENTRAL DE LA REPUBLICA DOMINICANA,BCENTRAL,61047
DO1002228125,NO090229,BCENTRAL/10 BOEST 20290209 GTIA,30000,DOP,3,20.376,81.8732,21/09/2026,12:19:23 PM,PRESTAMO,SEGUNDA PARTE,ROTC,06/11/2026,CONFIRMADA,3354546,0,09/02/2024,09/02/2029,2.523144,BANCO CENTRAL DE LA REPUBLICA DOMINICANA,BCENTRAL,58849
DO1002228125,NO090229,BCENTRAL/10 BOEST 20290209 GTIA,30000,DOP,3,19.7128,82.164867,21/09/2026,12:19:23 PM,PRESTAMO,PRIMERA PARTE,ROTC,21/09/2026,CONFIRMADA,3354546,0,09/02/2024,09/02/2029,2.523144,BANCO CENTRAL DE LA REPUBLICA DOMINICANA,BCENTRAL,60109
DO1002224124,NO120327,BCENTRAL/8 BOEST 20270312 GTIA,54790000,DOP,5479,7.95,99.728074,21/09/2026,12:19:23 PM,PRESTAMO,SEGUNDA PARTE,ROTC,21/10/2026,CONFIRMADA,3354921,0,12/03/2022,12/03/2027,0.02,BANCO CENTRAL DE LA REPUBLICA DOMINICANA,BCENTRAL,60865
DO1002224124,NO120327,BCENTRAL/8 BOEST 20270312 GTIA,54790000,DOP,5479,7.95,99.728074,21/09/2026,12:19:23 PM,PRESTAMO,PRIMERA PARTE,ROTC,21/09/2026,CONFIRMADA,3354921,0,12/03/2022,12/03/2027,0.02,BANCO CENTRAL DE LA REPUBLICA DOMINICANA,BCENTRAL,60984
DO1005208025,COV2040,HACIENDA/10.875 BOEST 20400228 GTIA,100000,DOP,1,10.6786,101.34098,21/09/2026,12:19:22 PM,PRESTAMO,SEGUNDA PARTE,ROTC,21/12/2026,CONFIRMADA,3354548,0,28/02/2020,28/02/2040,2.948161,MINISTERIO DE HACIENDA,HACIENDA,61152
DO1005208025,COV2040,HACIENDA/10.875 BOEST 20400228 GTIA,100000,DOP,1,10.6384,101.67864,21/09/2026,12:19:22 PM,PRESTAMO,PRIMERA PARTE,ROTC,21/09/2026,CONFIRMADA,3354548,0,28/02/2020,28/02/2040,2.948161,MINISTERIO DE HACIENDA,HACIENDA,61264
DO1005208025,COV2040,HACIENDA/10.875 BOEST 20400228 GTIA,300000,DOP,3,5.5532,148.873023,21/09/2026,12:19:20 PM,PRESTAMO,SEGUNDA PARTE,ROTC,18/02/2027,CONFIRMADA,3354551,0,28/02/2020,28/02/2040,4.179619,MINISTERIO DE HACIENDA,HACIENDA,61222
DO1005208025,COV2040,HACIENDA/10.875 BOEST 20400228 GTIA,300000,DOP,3,5.7429,147.618263,21/09/2026,12:19:20 PM,PRESTAMO,PRIMERA PARTE,ROTC,21/09/2026,CONFIRMADA,3354551,0,28/02/2020,28/02/2040,4.179619,MINISTERIO DE HACIENDA,HACIENDA,61348
DO1005208025,COV2040,HACIENDA/10.875 BOEST 20400228 GTIA,300000,DOP,3,5.4523,150.30964,21/09/2026,12:19:19 PM,PRESTAMO,SEGUNDA PARTE,ROTC,19/01/2027,CONFIRMADA,3354553,0,28/02/2020,28/02/2040,3.437981,MINISTERIO DE HACIENDA,HACIENDA,60879
DO1005208025,COV2040,HACIENDA/10.875 BOEST 20400228 GTIA,300000,DOP,3,5.6064,149.28493,21/09/2026,12:19:19 PM,PRESTAMO,PRIMERA PARTE,ROTC,21/09/2026,CONFIRMADA,3354553,0,28/02/2020,28/02/2040,3.437981,MINISTERIO DE HACIENDA,HACIENDA,61040
DO1005208025,COV2040,HACIENDA/10.875 BOEST 20400228 GTIA,3300000,DOP,33,5.4475,151.029985,21/09/2026,12:19:18 PM,PRESTAMO,SEGUNDA PARTE,ROTC,21/10/2026,CONFIRMADA,3354555,0,28/02/2020,28/02/2040,1.204677,MINISTERIO DE HACIENDA,HACIENDA,61992
DO1005208025,COV2040,HACIENDA/10.875 BOEST 20400228 GTIA,3300000,DOP,33,5.484,150.800083,21/09/2026,12:19:18 PM,PRESTAMO,PRIMERA PARTE,ROTC,21/09/2026,CONFIRMADA,3354555,0,28/02/2020,28/02/2040,1.204677,MINISTERIO DE HACIENDA,HACIENDA,61642
DO1005208025,COV2040,HACIENDA/10.875 BOEST 20400228 GTIA,3000000,DOP,30,5.4326,150.99046,21/09/2026,12:19:17 PM,PRESTAMO,SEGUNDA PARTE,ROTC,20/11/2026,CONFIRMADA,3354557,0,28/02/2020,28/02/2040,1.959871,MINISTERIO DE HACIENDA,HACIENDA,61530
DO1005208025,COV2040,HACIENDA/10.875 BOEST 20400228 GTIA,3000000,DOP,30,5.5093,150.484932,21/09/2026,12:19:17 PM,PRESTAMO,PRIMERA PARTE,ROTC,21/09/2026,CONFIRMADA,3354557,0,28/02/2020,28/02/2040,1.959871,MINISTERIO DE HACIENDA,HACIENDA,62013
DO1002224124,NO120327,BCENTRAL/8 BOEST 20270312 GTIA,54790000,DOP,5479,8.689105,99.725441,21/09/2026,12:19:17 PM,PLAZO,PRIMERA PARTE,ROTC,21/10/2026,CONFIRMADA,3354920,0,12/03/2022,12/03/2027,0,BANCO CENTRAL DE LA REPUBLICA DOMINICANA,BCENTRAL,60767
DO1002224124,NO120327,BCENTRAL/8 BOEST 20270312 GTIA,54790000,DOP,5479,8.587607,99.728074,21/09/2026,12:19:11 PM,CONTADO,PRIMERA PARTE,ROTC,21/09/2026,CONFIRMADA,3354919,0,12/03/2022,12/03/2027,0,BANCO CENTRAL DE LA REPUBLICA DOMINICANA,BCENTRAL,61754
DO1005206516,MH32028,HACIENDA/10.75 BOEST 20280811 GTIA,1500000,DOP,15,7.56086,104.394369,21/09/2026,12:19:05 PM,ESTRUCTURADA,SEGUNDA PARTE,ROTC,17/02/2027,CONFIRMADA,3354897,0,10/08/2018,11/08/2028,10.75,MINISTERIO DE HACIENDA,HACIENDA,63966
DO1005206516,MH32028,HACIENDA/10.75 BOEST 20280811 GTIA,1500000,DOP,15,10.8379,99.828907,21/09/2026,12:19:05 PM,ESTRUCTURADA,PRIMERA PARTE,ROTC,21/09/2026,CONFIRMADA,3354897,0,10/08/2018,11/08/2028,10.75,MINISTERIO DE HACIENDA,HACIENDA,63763
DO1005206516,MH32028,HACIENDA/10.75 BOEST 20280811 GTIA,9300000,DOP,93,2.79835,111.433707,21/09/2026,12:19:02 PM,ESTRUCTURADA,SEGUNDA PARTE,ROTC,19/02/2027,CONFIRMADA,3354889,0,10/08/2018,11/08/2028,10.75,MINISTERIO DE HACIENDA,HACIENDA,63973
DO1005206516,MH32028,HACIENDA/10.75 BOEST 20280811 GTIA,9300000,DOP,93,7.12067,106.289895,21/09/2026,12:19:02 PM,ESTRUCTURADA,PRIMERA PARTE,ROTC,21/09/2026,CONFIRMADA,3354889,0,10/08/2018,11/08/2028,10.75,MINISTERIO DE HACIENDA,HACIENDA,64099
DO1002227317,NO150928,BCENTRAL/11 BOEST 20280915 GTIA,480000,DOP,48,0,103.772542,21/09/2026,12:18:58 PM,PLAZO,PRIMERA PARTE,ROTC,02/12/2026,CONFIRMADA,3354631,0,15/09/2023,15/09/2028,0,BANCO CENTRAL DE LA REPUBLICA DOMINICANA,BCENTRAL,57428
DO1002227317,NO150928,BCENTRAL/11 BOEST 20280915 GTIA,480000,DOP,48,9,103.439308,21/09/2026,12:18:56 PM,PRESTAMO,SEGUNDA PARTE,ROTC,12/03/2027,CONFIRMADA,3354632,0,15/09/2023,15/09/2028,4.663016,BANCO CENTRAL DE LA REPUBLICA DOMINICANA,BCENTRAL,59031
DO1002227317,NO150928,BCENTRAL/11 BOEST 20280915 GTIA,480000,DOP,48,0,103.772542,21/09/2026,12:18:56 PM,PRESTAMO,PRIMERA PARTE,ROTC,02/12/2026,CONFIRMADA,3354632,0,15/09/2023,15/09/2028,4.663016,BANCO CENTRAL DE LA REPUBLICA DOMINICANA,BCENTRAL,59017
DO1002227317,NO150928,BCENTRAL/11 BOEST 20280915 GTIA,480000,DOP,48,9,103.439308,21/09/2026,12:18:55 PM,PLAZO,PRIMERA PARTE,ROTC,12/03/2027,CONFIRMADA,3354633,0,15/09/2023,15/09/2028,0,BANCO CENTRAL DE LA REPUBLICA DOMINICANA,BCENTRAL,57484
DO1002228612,NO031227,BCENTRAL/8 BOEST 20271203 GTIA,510000,DOP,51,0,100.306257,21/09/2026,12:18:54 PM,PLAZO,PRIMERA PARTE,ROTC,12/03/2027,CONFIRMADA,3354634,0,03/12/2024,03/12/2027,0,BANCO CENTRAL DE LA REPUBLICA DOMINICANA,BCENTRAL,56840
DO1002228612,NO031227,BCENTRAL/8 BOEST 20271203 GTIA,510000,DOP,51,9,100.330651,21/09/2026,12:18:52 PM,PRESTAMO,SEGUNDA PARTE,ROTC,19/03/2027,CONFIRMADA,3354635,0,03/12/2024,03/12/2027,2.293062,BANCO CENTRAL DE LA REPUBLICA DOMINICANA,BCENTRAL,58443
DO1002228612,NO031227,BCENTRAL/8 BOEST 20271203 GTIA,510000,DOP,51,0,100.306257,21/09/2026,12:18:52 PM,PRESTAMO,PRIMERA PARTE,ROTC,12/03/2027,CONFIRMADA,3354635,0,03/12/2024,03/12/2027,2.293062,BANCO CENTRAL DE LA REPUBLICA DOMINICANA,BCENTRAL,58429
DO1002228612,NO031227,BCENTRAL/8 BOEST 20271203 GTIA,510000,DOP,51,9,100.330651,21/09/2026,12:18:51 PM,PLAZO,PRIMERA PARTE,ROTC,19/03/2027,CONFIRMADA,3354636,0,03/12/2024,03/12/2027,0,BANCO CENTRAL DE LA REPUBLICA DOMINICANA,BCENTRAL,56896
DO1002227317,NO150928,BCENTRAL/11 BOEST 20280915 GTIA,4660000,DOP,466,0,102.887987,21/09/2026,12:18:50 PM,PLAZO,PRIMERA PARTE,ROTC,02/12/2026,CONFIRMADA,3354637,0,15/09/2023,15/09/2028,0,BANCO CENTRAL DE LA REPUBLICA DOMINICANA,BCENTRAL,58233
DO1002227317,NO150928,BCENTRAL/11 BOEST 20280915 GTIA,4660000,DOP,466,1,102.621151,21/09/2026,12:18:49 PM,PRESTAMO,SEGUNDA PARTE,ROTC,15/02/2027,CONFIRMADA,3354638,0,15/09/2023,15/09/2028,4.08532,BANCO CENTRAL DE LA REPUBLICA DOMINICANA,BCENTRAL,59647
DO1002227317,NO150928,BCENTRAL/11 BOEST 20280915 GTIA,4660000,DOP,466,0,102.887987,21/09/2026,12:18:49 PM,PRESTAMO,PRIMERA PARTE,ROTC,02/12/2026,CONFIRMADA,3354638,0,15/09/2023,15/09/2028,4.08532,BANCO CENTRAL DE LA REPUBLICA DOMINICANA,BCENTRAL,59892
DO1002227317,NO150928,BCENTRAL/11 BOEST 20280915 GTIA,4660000,DOP,466,1,102.621151,21/09/2026,12:18:47 PM,PLAZO,PRIMERA PARTE,ROTC,15/02/2027,CONFIRMADA,3354639,0,15/09/2023,15/09/2028,0,BANCO CENTRAL DE LA REPUBLICA DOMINICANA,BCENTRAL,58093
DO1002227317,NO150928,BCENTRAL/11 BOEST 20280915 GTIA,820000,DOP,82,0,103.230528,21/09/2026,12:18:46 PM,PLAZO,PRIMERA PARTE,ROTC,02/12/2026,CONFIRMADA,3354640,0,15/09/2023,15/09/2028,0,BANCO CENTRAL DE LA REPUBLICA DOMINICANA,BCENTRAL,57330
DO1002227317,NO150928,BCENTRAL/11 BOEST 20280915 GTIA,820000,DOP,82,1,102.884096,21/09/2026,12:18:45 PM,PRESTAMO,SEGUNDA PARTE,ROTC,12/03/2027,CONFIRMADA,3354641,0,15/09/2023,15/09/2028,4.674736,BANCO CENTRAL DE LA REPUBLICA DOMINICANA,BCENTRAL,58982
DO1002227317,NO150928,BCENTRAL/11 BOEST 20280915 GTIA,820000,DOP,82,0,103.230528,21/09/2026,12:18:45 PM,PRESTAMO,PRIMERA PARTE,ROTC,02/12/2026,CONFIRMADA,3354641,0,15/09/2023,15/09/2028,4.674736,BANCO CENTRAL DE LA REPUBLICA DOMINICANA,BCENTRAL,58926
DO1002227317,NO150928,BCENTRAL/11 BOEST 20280915 GTIA,820000,DOP,82,1,102.884096,21/09/2026,12:18:44 PM,PLAZO,PRIMERA PARTE,ROTC,12/03/2027,CONFIRMADA,3354642,0,15/09/2023,15/09/2028,0,BANCO CENTRAL DE LA REPUBLICA DOMINICANA,BCENTRAL,57435
DO1002228612,NO031227,BCENTRAL/8 BOEST 20271203 GTIA,870000,DOP,87,0,99.93409,21/09/2026,12:18:42 PM,PLAZO,PRIMERA PARTE,ROTC,12/03/2027,CONFIRMADA,3354643,0,03/12/2024,03/12/2027,0,BANCO CENTRAL DE LA REPUBLICA DOMINICANA,BCENTRAL,56406
DO1002228612,NO031227,BCENTRAL/8 BOEST 20271203 GTIA,870000,DOP,87,1,99.968061,21/09/2026,12:18:41 PM,PRESTAMO,SEGUNDA PARTE,ROTC,22/03/2027,CONFIRMADA,3354644,0,03/12/2024,03/12/2027,2.373475,BANCO CENTRAL DE LA REPUBLICA DOMINICANA,BCENTRAL,58324
DO1002228612,NO031227,BCENTRAL/8 BOEST 20271203 GTIA,870000,DOP,87,0,99.93409,21/09/2026,12:18:41 PM,PRESTAMO,PRIMERA PARTE,ROTC,12/03/2027,CONFIRMADA,3354644,0,03/12/2024,03/12/2027,2.373475,BANCO CENTRAL DE LA REPUBLICA DOMINICANA,BCENTRAL,58002
DO1002228612,NO031227,BCENTRAL/8 BOEST 20271203 GTIA,870000,DOP,87,1,99.968061,21/09/2026,12:18:40 PM,PLAZO,PRIMERA PARTE,ROTC,22/03/2027,CONFIRMADA,3354645,0,03/12/2024,03/12/2027,0,BANCO CENTRAL DE LA REPUBLICA DOMINICANA,BCENTRAL,56777
USP3579EBV85,BSDR2027,DOMINICAN Rep/5.95 BD 20270125 Se,197000,USD,197,4.2003,100.580761,21/09/2026,12:18:39 PM,CONTADO,PRIMERA PARTE,ROTC,22/09/2026,CONFIRMADA,3354646,0,25/01/2017,25/01/2027,0,MINISTERIO DE HACIENDA,HACIENDA,62797
USP3579EBV85,BSDR2027,DOMINICAN Rep/5.95 BD 20270125 Se,197000,USD,197,4.2854,100.150396,21/09/2026,12:18:37 PM,PRESTAMO,SEGUNDA PARTE,ROTC,21/12/2026,CONFIRMADA,3354647,0,25/01/2017,25/01/2027,1.933136,MINISTERIO DE HACIENDA,HACIENDA,63441
USP3579EBV85,BSDR2027,DOMINICAN Rep/5.95 BD 20270125 Se,197000,USD,197,4.2003,100.580761,21/09/2026,12:18:37 PM,PRESTAMO,PRIMERA PARTE,ROTC,22/09/2026,CONFIRMADA,3354647,0,25/01/2017,25/01/2027,1.933136,MINISTERIO DE HACIENDA,HACIENDA,63476
USP3579EBV85,BSDR2027,DOMINICAN Rep/5.95 BD 20270125 Se,197000,USD,197,4.2854,100.150396,21/09/2026,12:18:36 PM,PLAZO,PRIMERA PARTE,ROTC,21/12/2026,CONFIRMADA,3354648,0,25/01/2017,25/01/2027,0,MINISTERIO DE HACIENDA,HACIENDA,61894
DO1002227317,NO150928,BCENTRAL/11 BOEST 20280915 GTIA,150000,DOP,15,8.5446,104.384333,21/09/2026,12:18:35 PM,CONTADO,PRIMERA PARTE,ROTC,22/09/2026,CONFIRMADA,3354649,0,15/09/2023,15/09/2028,0,BANCO CENTRAL DE LA REPUBLICA DOMINICANA,BCENTRAL,60116
DO1002227317,NO150928,BCENTRAL/11 BOEST 20280915 GTIA,150000,DOP,15,8.6346,103.70224,21/09/2026,12:18:33 PM,PRESTAMO,SEGUNDA PARTE,ROTC,21/12/2026,CONFIRMADA,3354650,0,15/09/2023,15/09/2028,2.124168,BANCO CENTRAL DE LA REPUBLICA DOMINICANA,BCENTRAL,60277
DO1002227317,NO150928,BCENTRAL/11 BOEST 20280915 GTIA,150000,DOP,15,8.5446,104.384333,21/09/2026,12:18:33 PM,PRESTAMO,PRIMERA PARTE,ROTC,22/09/2026,CONFIRMADA,3354650,0,15/09/2023,15/09/2028,2.124168,BANCO CENTRAL DE LA REPUBLICA DOMINICANA,BCENTRAL,60795
DO1002227317,NO150928,BCENTRAL/11 BOEST 20280915 GTIA,150000,DOP,15,8.6346,103.70224,21/09/2026,12:18:32 PM,PLAZO,PRIMERA PARTE,ROTC,21/12/2026,CONFIRMADA,3354651,0,15/09/2023,15/09/2028,0,BANCO CENTRAL DE LA REPUBLICA DOMINICANA,BCENTRAL,58730
USP3579EBV85,BSDR2027,DOMINICAN Rep/5.95 BD 20270125 Se,3000,USD,3,8.7668,99.058,21/09/2026,12:18:31 PM,CONTADO,PRIMERA PARTE,ROTC,22/09/2026,CONFIRMADA,3354652,0,25/01/2017,25/01/2027,0,MINISTERIO DE HACIENDA,HACIENDA,60060
USP3579EBV85,BSDR2027,DOMINICAN Rep/5.95 BD 20270125 Se,3000,USD,3,142.213,98.557667,21/09/2026,12:18:30 PM,PRESTAMO,SEGUNDA PARTE,ROTC,20/01/2027,CONFIRMADA,3354653,0,25/01/2017,25/01/2027,2.357812,MINISTERIO DE HACIENDA,HACIENDA,61964
USP3579EBV85,BSDR2027,DOMINICAN Rep/5.95 BD 20270125 Se,3000,USD,3,8.7668,99.058,21/09/2026,12:18:30 PM,PRESTAMO,PRIMERA PARTE,ROTC,22/09/2026,CONFIRMADA,3354653,0,25/01/2017,25/01/2027,2.357812,MINISTERIO DE HACIENDA,HACIENDA,60746
USP3579EBV85,BSDR2027,DOMINICAN Rep/5.95 BD 20270125 Se,3000,USD,3,142.213,98.557667,21/09/2026,12:18:28 PM,PLAZO,PRIMERA PARTE,ROTC,20/01/2027,CONFIRMADA,3354654,0,25/01/2017,25/01/2027,0,MINISTERIO DE HACIENDA,HACIENDA,60473
DO1002228612,NO031227,BCENTRAL/8 BOEST 20271203 GTIA,980000,DOP,98,8.3276,99.614587,21/09/2026,12:18:27 PM,CONTADO,PRIMERA PARTE,ROTC,22/09/2026,CONFIRMADA,3354655,0,03/12/2024,03/12/2027,0,BANCO CENTRAL DE LA REPUBLICA DOMINICANA,BCENTRAL,59633
DO1002228612,NO031227,BCENTRAL/8 BOEST 20271203 GTIA,980000,DOP,98,-32.079,100.014772,21/09/2026,12:18:26 PM,PRESTAMO,SEGUNDA PARTE,ROTC,02/12/2026,CONFIRMADA,3354656,0,03/12/2024,03/12/2027,4.210217,BANCO CENTRAL DE LA REPUBLICA DOMINICANA,BCENTRAL,60627
DO1002228612,NO031227,BCENTRAL/8 BOEST 20271203 GTIA,980000,DOP,98,8.3276,99.614587,21/09/2026,12:18:26 PM,PRESTAMO,PRIMERA PARTE,ROTC,22/09/2026,CONFIRMADA,3354656,0,03/12/2024,03/12/2027,4.210217,BANCO CENTRAL DE LA REPUBLICA DOMINICANA,BCENTRAL,60319
DO1002228612,NO031227,BCENTRAL/8 BOEST 20271203 GTIA,980000,DOP,98,-32.079,100.014772,21/09/2026,12:18:25 PM,PLAZO,PRIMERA PARTE,ROTC,02/12/2026,CONFIRMADA,3354657,0,03/12/2024,03/12/2027,0,BANCO CENTRAL DE LA REPUBLICA DOMINICANA,BCENTRAL,59080
DO1002223928,NO120227,BCENTRAL/8 BOEST 20270212 GTIA,2000000,DOP,200,7.1246,100.317677,21/09/2026,12:18:23 PM,CONTADO,PRIMERA PARTE,ROTC,22/09/2026,CONFIRMADA,3354658,0,12/02/2022,12/02/2027,0,BANCO CENTRAL DE LA REPUBLICA DOMINICANA,BCENTRAL,60263
DO1002223928,NO120227,BCENTRAL/8 BOEST 20270212 GTIA,990000,DOP,99,7.6494,100.118797,21/09/2026,12:18:22 PM,CONTADO,PRIMERA PARTE,ROTC,22/09/2026,CONFIRMADA,3354659,0,12/02/2022,12/02/2027,0,BANCO CENTRAL DE LA REPUBLICA DOMINICANA,BCENTRAL,59892
DO1002223928,NO120227,BCENTRAL/8 BOEST 20270212 GTIA,990000,DOP,99,7.3742,100.169485,21/09/2026,12:18:21 PM,PRESTAMO,SEGUNDA PARTE,ROTC,22/10/2026,CONFIRMADA,3354660,0,12/02/2022,12/02/2027,1.567318,BANCO CENTRAL DE LA REPUBLICA DOMINICANA,BCENTRAL,60410
DO1002223928,NO120227,BCENTRAL/8 BOEST 20270212 GTIA,990000,DOP,99,7.6494,100.118797,21/09/2026,12:18:21 PM,PRESTAMO,PRIMERA PARTE,ROTC,22/09/2026,CONFIRMADA,3354660,0,12/02/2022,12/02/2027,1.567318,BANCO CENTRAL DE LA REPUBLICA DOMINICANA,BCENTRAL,60578
DO1002223928,NO120227,BCENTRAL/8 BOEST 20270212 GTIA,990000,DOP,99,7.3742,100.169485,21/09/2026,12:18:19 PM,PLAZO,PRIMERA PARTE,ROTC,22/10/2026,CONFIRMADA,3354661,0,12/02/2022,12/02/2027,0,BANCO CENTRAL DE LA REPUBLICA DOMINICANA,BCENTRAL,58919
DO1002227317,NO150928,BCENTRAL/11 BOEST 20280915 GTIA,5340000,DOP,534,0,102.830128,21/09/2026,12:18:18 PM,PLAZO,PRIMERA PARTE,ROTC,21/10/2026,CONFIRMADA,3354662,0,15/09/2023,15/09/2028,0,BANCO CENTRAL DE LA REPUBLICA DOMINICANA,BCENTRAL,58023
DO1002227317,NO150928,BCENTRAL/11 BOEST 20280915 GTIA,5340000,DOP,534,9,102.706617,21/09/2026,12:18:17 PM,PRESTAMO,SEGUNDA PARTE,ROTC,20/11/2026,CONFIRMADA,3354663,0,15/09/2023,15/09/2028,1.797321,BANCO CENTRAL DE LA REPUBLICA DOMINICANA,BCENTRAL,59654
DO1002227317,NO150928,BCENTRAL/11 BOEST 20280915 GTIA,5340000,DOP,534,0,102.830128,21/09/2026,12:18:17 PM,PRESTAMO,PRIMERA PARTE,ROTC,21/10/2026,CONFIRMADA,3354663,0,15/09/2023,15/09/2028,1.797321,BANCO CENTRAL DE LA REPUBLICA DOMINICANA,BCENTRAL,59619
DO1002227317,NO150928,BCENTRAL/11 BOEST 20280915 GTIA,5340000,DOP,534,9,102.706617,21/09/2026,12:18:16 PM,PLAZO,PRIMERA PARTE,ROTC,20/11/2026,CONFIRMADA,3354664,0,15/09/2023,15/09/2028,0,BANCO CENTRAL DE LA REPUBLICA DOMINICANA,BCENTRAL,58107
DO1002227317,NO150928,BCENTRAL/11 BOEST 20280915 GTIA,5290000,DOP,529,0,102.900795,21/09/2026,12:18:14 PM,PLAZO,PRIMERA PARTE,ROTC,20/11/2026,CONFIRMADA,3354665,0,15/09/2023,15/09/2028,0,BANCO CENTRAL DE LA REPUBLICA DOMINICANA,BCENTRAL,58107
DO1002227317,NO150928,BCENTRAL/11 BOEST 20280915 GTIA,5290000,DOP,529,9,102.780863,21/09/2026,12:18:13 PM,PRESTAMO,SEGUNDA PARTE,ROTC,21/12/2026,CONFIRMADA,3354666,0,15/09/2023,15/09/2028,2.674384,BANCO CENTRAL DE LA REPUBLICA DOMINICANA,BCENTRAL,59731
DO1002227317,NO150928,BCENTRAL/11 BOEST 20280915 GTIA,5290000,DOP,529,0,102.900795,21/09/2026,12:18:13 PM,PRESTAMO,PRIMERA PARTE,ROTC,20/11/2026,CONFIRMADA,3354666,0,15/09/2023,15/09/2028,2.674384,BANCO CENTRAL DE LA REPUBLICA DOMINICANA,BCENTRAL,59703
DO1002227317,NO150928,BCENTRAL/11 BOEST 20280915 GTIA,5290000,DOP,529,9,102.780863,21/09/2026,12:18:12 PM,PLAZO,PRIMERA PARTE,ROTC,21/12/2026,CONFIRMADA,3354667,0,15/09/2023,15/09/2028,0,BANCO CENTRAL DE LA REPUBLICA DOMINICANA,BCENTRAL,58184
DO1002227317,NO150928,BCENTRAL/11 BOEST 20280915 GTIA,5240000,DOP,524,0,102.95982,21/09/2026,12:18:11 PM,PLAZO,PRIMERA PARTE,ROTC,21/12/2026,CONFIRMADA,3354668,0,15/09/2023,15/09/2028,0,BANCO CENTRAL DE LA REPUBLICA DOMINICANA,BCENTRAL,57715
DO1002227317,NO150928,BCENTRAL/11 BOEST 20280915 GTIA,5240000,DOP,524,9,102.847733,21/09/2026,12:18:09 PM,PRESTAMO,SEGUNDA PARTE,ROTC,21/01/2027,CONFIRMADA,3354669,0,15/09/2023,15/09/2028,3.538985,BANCO CENTRAL DE LA REPUBLICA DOMINICANA,BCENTRAL,59689
DO1002227317,NO150928,BCENTRAL/11 BOEST 20280915 GTIA,5240000,DOP,524,0,102.95982,21/09/2026,12:18:09 PM,PRESTAMO,PRIMERA PARTE,ROTC,21/12/2026,CONFIRMADA,3354669,0,15/09/2023,15/09/2028,3.538985,BANCO CENTRAL DE LA REPUBLICA DOMINICANA,BCENTRAL,59367
DO1002227317,NO150928,BCENTRAL/11 BOEST 20280915 GTIA,5240000,DOP,524,9,102.847733,21/09/2026,12:18:08 PM,PLAZO,PRIMERA PARTE,ROTC,21/01/2027,CONFIRMADA,3354670,0,15/09/2023,15/09/2028,0,BANCO CENTRAL DE LA REPUBLICA DOMINICANA,BCENTRAL,58142
DO1002227317,NO150928,BCENTRAL/11 BOEST 20280915 GTIA,5200000,DOP,520,0,102.832503,21/09/2026,12:18:07 PM,PLAZO,PRIMERA PARTE,ROTC,21/01/2027,CONFIRMADA,3354671,0,15/09/2023,15/09/2028,0,BANCO CENTRAL DE LA REPUBLICA DOMINICANA,BCENTRAL,57939
DO1002227317,NO150928,BCENTRAL/11 BOEST 20280915 GTIA,5200000,DOP,520,9,102.733619,21/09/2026,12:18:06 PM,PRESTAMO,SEGUNDA PARTE,ROTC,19/02/2027,CONFIRMADA,3354672,0,15/09/2023,15/09/2028,4.345717,BANCO CENTRAL DE LA REPUBLICA DOMINICANA,BCENTRAL,59647
DO1002227317,NO150928,BCENTRAL/11 BOEST 20280915 GTIA,5200000,DOP,520,0,102.832503,21/09/2026,12:18:06 PM,PRESTAMO,PRIMERA PARTE,ROTC,21/01/2027,CONFIRMADA,3354672,0,15/09/2023,15/09/2028,4.345717,BANCO CENTRAL DE LA REPUBLICA DOMINICANA,BCENTRAL,59535
DO1002227317,NO150928,BCENTRAL/11 BOEST 20280915 GTIA,5200000,DOP,520,9,102.733619,21/09/2026,12:18:04 PM,PLAZO,PRIMERA PARTE,ROTC,19/02/2027,CONFIRMADA,3354673,0,15/09/2023,15/09/2028,0,BANCO CENTRAL DE LA REPUBLICA DOMINICANA,BCENTRAL,58093
DO1002228612,NO031227,BCENTRAL/8 BOEST 20271203 GTIA,5460000,DOP,546,0,99.92572,21/09/2026,12:18:03 PM,PLAZO,PRIMERA PARTE,ROTC,19/02/2027,CONFIRMADA,3354674,0,03/12/2024,03/12/2027,0,BANCO CENTRAL DE LA REPUBLICA DOMINICANA,BCENTRAL,57099
DO1002228612,NO031227,BCENTRAL/8 BOEST 20271203 GTIA,5460000,DOP,546,9,100.029721,21/09/2026,12:18:02 PM,PRESTAMO,SEGUNDA PARTE,ROTC,19/03/2027,CONFIRMADA,3354675,0,03/12/2024,03/12/2027,2.377575,BANCO CENTRAL DE LA REPUBLICA DOMINICANA,BCENTRAL,59227
DO1002228612,NO031227,BCENTRAL/8 BOEST 20271203 GTIA,5460000,DOP,546,0,99.92572,21/09/2026,12:18:02 PM,PRESTAMO,PRIMERA PARTE,ROTC,19/02/2027,CONFIRMADA,3354675,0,03/12/2024,03/12/2027,2.377575,BANCO CENTRAL DE LA REPUBLICA DOMINICANA,BCENTRAL,58695
DO1002228612,NO031227,BCENTRAL/8 BOEST 20271203 GTIA,5460000,DOP,546,9,100.029721,21/09/2026,12:18:01 PM,PLAZO,PRIMERA PARTE,ROTC,19/03/2027,CONFIRMADA,3354676,0,03/12/2024,03/12/2027,0,BANCO CENTRAL DE LA REPUBLICA DOMINICANA,BCENTRAL,57680
DO1002228612,NO031227,BCENTRAL/8 BOEST 20271203 GTIA,30000,DOP,3,0,113.040633,21/09/2026,12:18:00 PM,PLAZO,PRIMERA PARTE,ROTC,12/03/2027,CONFIRMADA,3354677,0,03/12/2024,03/12/2027,0,BANCO CENTRAL DE LA REPUBLICA DOMINICANA,BCENTRAL,56042
DO1002228612,NO031227,BCENTRAL/8 BOEST 20271203 GTIA,30000,DOP,3,9,113.077833,21/09/2026,12:17:58 PM,PRESTAMO,SEGUNDA PARTE,ROTC,22/03/2027,CONFIRMADA,3354678,0,03/12/2024,03/12/2027,2.106805,BANCO CENTRAL DE LA REPUBLICA DOMINICANA,BCENTRAL,57820
DO1002228612,NO031227,BCENTRAL/8 BOEST 20271203 GTIA,30000,DOP,3,0,113.040633,21/09/2026,12:17:58 PM,PRESTAMO,PRIMERA PARTE,ROTC,12/03/2027,CONFIRMADA,3354678,0,03/12/2024,03/12/2027,2.106805,BANCO CENTRAL DE LA REPUBLICA DOMINICANA,BCENTRAL,57729
DO1002228612,NO031227,BCENTRAL/8 BOEST 20271203 GTIA,30000,DOP,3,9,113.077833,21/09/2026,12:17:57 PM,PLAZO,PRIMERA PARTE,ROTC,22/03/2027,CONFIRMADA,3354679,0,03/12/2024,03/12/2027,0,BANCO CENTRAL DE LA REPUBLICA DOMINICANA,BCENTRAL,56273
DO1002228612,NO031227,BCENTRAL/8 BOEST 20271203 GTIA,1150000,DOP,115,0,99.630193,21/09/2026,12:17:56 PM,PLAZO,PRIMERA PARTE,ROTC,12/03/2027,CONFIRMADA,3354680,0,03/12/2024,03/12/2027,0,BANCO CENTRAL DE LA REPUBLICA DOMINICANA,BCENTRAL,57309
DO1002228612,NO031227,BCENTRAL/8 BOEST 20271203 GTIA,1150000,DOP,115,9,99.653411,21/09/2026,12:17:55 PM,PRESTAMO,SEGUNDA PARTE,ROTC,19/03/2027,CONFIRMADA,3354681,0,03/12/2024,03/12/2027,2.307136,BANCO CENTRAL DE LA REPUBLICA DOMINICANA,BCENTRAL,58940
DO1002228612,NO031227,BCENTRAL/8 BOEST 20271203 GTIA,1150000,DOP,115,0,99.630193,21/09/2026,12:17:55 PM,PRESTAMO,PRIMERA PARTE,ROTC,12/03/2027,CONFIRMADA,3354681,0,03/12/2024,03/12/2027,2.307136,BANCO CENTRAL DE LA REPUBLICA DOMINICANA,BCENTRAL,58905
DO1002228612,NO031227,BCENTRAL/8 BOEST 20271203 GTIA,1150000,DOP,115,9,99.653411,21/09/2026,12:17:53 PM,PLAZO,PRIMERA PARTE,ROTC,19/03/2027,CONFIRMADA,3354682,0,03/12/2024,03/12/2027,0,BANCO CENTRAL DE LA REPUBLICA DOMINICANA,BCENTRAL,57386
DO1002227317,NO150928,BCENTRAL/11 BOEST 20280915 GTIA,180000,DOP,18,9.7848,102.132689,21/09/2026,12:17:52 PM,CONTADO,PRIMERA PARTE,ROTC,23/09/2026,CONFIRMADA,3354683,0,15/09/2023,15/09/2028,0,BANCO CENTRAL DE LA REPUBLICA DOMINICANA,BCENTRAL,60235
DO1002227317,NO150928,BCENTRAL/11 BOEST 20280915 GTIA,180000,DOP,18,9.8936,101.848144,21/09/2026,12:17:51 PM,PRESTAMO,SEGUNDA PARTE,ROTC,23/10/2026,CONFIRMADA,3354684,0,15/09/2023,15/09/2028,0.844783,BANCO CENTRAL DE LA REPUBLICA DOMINICANA,BCENTRAL,60788
DO1002227317,NO150928,BCENTRAL/11 BOEST 20280915 GTIA,180000,DOP,18,9.7848,102.132689,21/09/2026,12:17:51 PM,PRESTAMO,PRIMERA PARTE,ROTC,23/09/2026,CONFIRMADA,3354684,0,15/09/2023,15/09/2028,0.844783,BANCO CENTRAL DE LA REPUBLICA DOMINICANA,BCENTRAL,60921
DO1002227317,NO150928,BCENTRAL/11 BOEST 20280915 GTIA,180000,DOP,18,9.8936,101.848144,21/09/2026,12:17:50 PM,PLAZO,PRIMERA PARTE,ROTC,23/10/2026,CONFIRMADA,3354686,0,15/09/2023,15/09/2028,0,BANCO CENTRAL DE LA REPUBLICA DOMINICANA,BCENTRAL,59241
USP3579ECF27,BSRD2030,DOMINICAN REP/4.5 BD 20300130 UNS,10000,USD,10,6.1587,95.0367,21/09/2026,12:17:48 PM,CONTADO,PRIMERA PARTE,ROTC,23/09/2026,CONFIRMADA,3354688,0,30/01/2020,30/01/2030,0,MINISTERIO DE HACIENDA,HACIENDA,60368
USP3579ECF27,BSRD2030,DOMINICAN REP/4.5 BD 20300130 UNS,10000,USD,10,6.2285,94.9488,21/09/2026,12:17:47 PM,PRESTAMO,SEGUNDA PARTE,ROTC,23/10/2026,CONFIRMADA,3354691,0,30/01/2020,30/01/2030,0.989308,MINISTERIO DE HACIENDA,HACIENDA,60991
USP3579ECF27,BSRD2030,DOMINICAN REP/4.5 BD 20300130 UNS,10000,USD,10,6.1587,95.0367,21/09/2026,12:17:47 PM,PRESTAMO,PRIMERA PARTE,ROTC,23/09/2026,CONFIRMADA,3354691,0,30/01/2020,30/01/2030,0.989308,MINISTERIO DE HACIENDA,HACIENDA,61054
USP3579ECF27,BSRD2030,DOMINICAN REP/4.5 BD 20300130 UNS,10000,USD,10,6.2285,94.9488,21/09/2026,12:17:46 PM,PLAZO,PRIMERA PARTE,ROTC,23/10/2026,CONFIRMADA,3354694,0,30/01/2020,30/01/2030,0,MINISTERIO DE HACIENDA,HACIENDA,59444
USP3579ECF27,BSRD2030,DOMINICAN REP/4.5 BD 20300130 UNS,20000,USD,20,6.4462,94.2074,21/09/2026,12:17:45 PM,CONTADO,PRIMERA PARTE,ROTC,23/09/2026,CONFIRMADA,3354698,0,30/01/2020,30/01/2030,0,MINISTERIO DE HACIENDA,HACIENDA,60298
USP3579ECF27,BSRD2030,DOMINICAN REP/4.5 BD 20300130 UNS,20000,USD,20,6.5241,94.117,21/09/2026,12:17:43 PM,PRESTAMO,SEGUNDA PARTE,ROTC,23/10/2026,CONFIRMADA,3354701,0,30/01/2020,30/01/2030,0.995329,MINISTERIO DE HACIENDA,HACIENDA,60466
USP3579ECF27,BSRD2030,DOMINICAN REP/4.5 BD 20300130 UNS,20000,USD,20,6.4462,94.2074,21/09/2026,12:17:43 PM,PRESTAMO,PRIMERA PARTE,ROTC,23/09/2026,CONFIRMADA,3354701,0,30/01/2020,30/01/2030,0.995329,MINISTERIO DE HACIENDA,HACIENDA,60977
USP3579ECF27,BSRD2030,DOMINICAN REP/4.5 BD 20300130 UNS,20000,USD,20,6.5241,94.117,21/09/2026,12:17:42 PM,PLAZO,PRIMERA PARTE,ROTC,23/10/2026,CONFIRMADA,3354705,0,30/01/2020,30/01/2030,0,MINISTERIO DE HACIENDA,HACIENDA,58919
DO1002223928,NO120227,BCENTRAL/8 BOEST 20270212 GTIA,2000000,DOP,200,-5.5028,100.863328,21/09/2026,12:17:41 PM,PRESTAMO,SEGUNDA PARTE,ROTC,20/01/2027,CONFIRMADA,3354708,0,12/02/2022,12/02/2027,3.876506,BANCO CENTRAL DE LA REPUBLICA DOMINICANA,BCENTRAL,61131
DO1002223928,NO120227,BCENTRAL/8 BOEST 20270212 GTIA,2000000,DOP,200,7.1246,100.317677,21/09/2026,12:17:41 PM,PRESTAMO,PRIMERA PARTE,ROTC,22/09/2026,CONFIRMADA,3354708,0,12/02/2022,12/02/2027,3.876506,BANCO CENTRAL DE LA REPUBLICA DOMINICANA,BCENTRAL,60949
DO1002223928,NO120227,BCENTRAL/8 BOEST 20270212 GTIA,2000000,DOP,200,-5.5028,100.863328,21/09/2026,12:17:39 PM,PLAZO,PRIMERA PARTE,ROTC,20/01/2027,CONFIRMADA,3354711,0,12/02/2022,12/02/2027,0,BANCO CENTRAL DE LA REPUBLICA DOMINICANA,BCENTRAL,59640
DO1002228612,NO031227,BCENTRAL/8 BOEST 20271203 GTIA,830000,DOP,83,7.9981,99.98341,21/09/2026,12:17:38 PM,CONTADO,PRIMERA PARTE,ROTC,22/09/2026,CONFIRMADA,3354715,0,03/12/2024,03/12/2027,0,BANCO CENTRAL DE LA REPUBLICA DOMINICANA,BCENTRAL,59234
DO1002228612,NO031227,BCENTRAL/8 BOEST 20271203 GTIA,830000,DOP,83,1.0603,100.319958,21/09/2026,12:17:37 PM,PRESTAMO,SEGUNDA PARTE,ROTC,02/12/2026,CONFIRMADA,3354717,0,03/12/2024,03/12/2027,4.136883,BANCO CENTRAL DE LA REPUBLICA DOMINICANA,BCENTRAL,60256
DO1002228612,NO031227,BCENTRAL/8 BOEST 20271203 GTIA,830000,DOP,83,7.9981,99.98341,21/09/2026,12:17:37 PM,PRESTAMO,PRIMERA PARTE,ROTC,22/09/2026,CONFIRMADA,3354717,0,03/12/2024,03/12/2027,4.136883,BANCO CENTRAL DE LA REPUBLICA DOMINICANA,BCENTRAL,59920
DO1002228612,NO031227,BCENTRAL/8 BOEST 20271203 GTIA,830000,DOP,83,1.0603,100.319958,21/09/2026,12:17:36 PM,PLAZO,PRIMERA PARTE,ROTC,02/12/2026,CONFIRMADA,3354718,0,03/12/2024,03/12/2027,0,BANCO CENTRAL DE LA REPUBLICA DOMINICANA,BCENTRAL,58709
USP3579EBV85,BSDR2027,DOMINICAN Rep/5.95 BD 20270125 Se,4000,USD,4,-21.612,110.4025,21/09/2026,12:17:34 PM,CONTADO,PRIMERA PARTE,ROTC,22/09/2026,CONFIRMADA,3354719,0,25/01/2017,25/01/2027,0,MINISTERIO DE HACIENDA,HACIENDA,60788
USP3579EBV85,BSDR2027,DOMINICAN Rep/5.95 BD 20270125 Se,4000,USD,4,-74.71,110.07275,21/09/2026,12:17:33 PM,PRESTAMO,SEGUNDA PARTE,ROTC,21/12/2026,CONFIRMADA,3354720,0,25/01/2017,25/01/2027,1.852012,MINISTERIO DE HACIENDA,HACIENDA,61481
USP3579EBV85,BSDR2027,DOMINICAN Rep/5.95 BD 20270125 Se,4000,USD,4,-21.612,110.4025,21/09/2026,12:17:33 PM,PRESTAMO,PRIMERA PARTE,ROTC,22/09/2026,CONFIRMADA,3354720,0,25/01/2017,25/01/2027,1.852012,MINISTERIO DE HACIENDA,HACIENDA,61474
USP3579EBV85,BSDR2027,DOMINICAN Rep/5.95 BD 20270125 Se,4000,USD,4,-74.71,110.07275,21/09/2026,12:17:32 PM,PLAZO,PRIMERA PARTE,ROTC,21/12/2026,CONFIRMADA,3354721,0,25/01/2017,25/01/2027,0,MINISTERIO DE HACIENDA,HACIENDA,59934
USP3579ECP09,BSRD2029, ,6000,USD,6,0,100.367,21/09/2026,12:17:30 PM,PLAZO,PRIMERA PARTE,ROTC,29/01/2027,CONFIRMADA,3354722,0,22/02/2022,22/02/2029,0,MINISTERIO DE HACIENDA,HACIENDA,43274
USP3579ECP09,BSRD2029, ,6000,USD,6,0,100.332667,21/09/2026,12:17:29 PM,PRESTAMO,SEGUNDA PARTE,ROTC,19/02/2027,CONFIRMADA,3354723,0,22/02/2022,22/02/2029,2.591145,MINISTERIO DE HACIENDA,HACIENDA,45955
USP3579ECP09,BSRD2029, ,6000,USD,6,0,100.367,21/09/2026,12:17:29 PM,PRESTAMO,PRIMERA PARTE,ROTC,29/01/2027,CONFIRMADA,3354723,0,22/02/2022,22/02/2029,2.591145,MINISTERIO DE HACIENDA,HACIENDA,44933
USP3579ECP09,BSRD2029, ,6000,USD,6,0,100.332667,21/09/2026,12:17:28 PM,PLAZO,PRIMERA PARTE,ROTC,19/02/2027,CONFIRMADA,3354724,0,22/02/2022,22/02/2029,0,MINISTERIO DE HACIENDA,HACIENDA,44408
USP3579ECF27,BSRD2030,DOMINICAN REP/4.5 BD 20300130 UNS,6000,USD,6,0,102.808167,21/09/2026,12:17:26 PM,PLAZO,PRIMERA PARTE,ROTC,19/02/2027,CONFIRMADA,3354725,0,30/01/2020,30/01/2030,0,MINISTERIO DE HACIENDA,HACIENDA,57995
DO1002261928,LE090427,BCENTRAL/ LT 20270409 GTIA,13770000,DOP,1377,8.7895,98.890028,26/08/2026,12:17:25 PM,PRESTAMO,SEGUNDA PARTE,ROTC,21/09/2026,MODIFICADA,3306079,0,09/04/2026,09/04/2027,4.534606,BANCO CENTRAL DE LA REPUBLICA DOMINICANA,BCENTRAL,59654
USP3579ECF27,BSRD2030,DOMINICAN REP/4.5 BD 20300130 UNS,6000,USD,6,0,102.796,21/09/2026,12:17:25 PM,PRESTAMO,SEGUNDA PARTE,ROTC,22/03/2027,CONFIRMADA,3354726,0,30/01/2020,30/01/2030,0.616586,MINISTERIO DE HACIENDA,HACIENDA,58429
USP3579ECF27,BSRD2030,DOMINICAN REP/4.5 BD 20300130 UNS,6000,USD,6,0,102.808167,21/09/2026,12:17:25 PM,PRESTAMO,PRIMERA PARTE,ROTC,19/02/2027,CONFIRMADA,3354726,0,30/01/2020,30/01/2030,0.616586,MINISTERIO DE HACIENDA,HACIENDA,59591
DO1002223621,NO150127,BCENTRAL/8 BOEST 20270115 GTIA,288900000,DOP,28890,9.30000055,99.584007,21/09/2026,12:17:25 PM,CONTADO,PRIMERA PARTE,ROTC,21/09/2026,CONFIRMADA,3354834,0,15/01/2022,15/01/2027,0,BANCO CENTRAL DE LA REPUBLICA DOMINICANA,BCENTRAL,63007
DO1002261928,LE090427,BCENTRAL/ LT 20270409 GTIA,13770000,DOP,1377,8.7895,98.890028,26/08/2026,12:17:24 PM,PLAZO,PRIMERA PARTE,ROTC,21/09/2026,MODIFICADA,3306080,0,09/04/2026,09/04/2027,0,BANCO CENTRAL DE LA REPUBLICA DOMINICANA,BCENTRAL,58107
USP3579ECF27,BSRD2030,DOMINICAN REP/4.5 BD 20300130 UNS,6000,USD,6,0,102.796,21/09/2026,12:17:24 PM,PLAZO,PRIMERA PARTE,ROTC,22/03/2027,CONFIRMADA,3354727,0,30/01/2020,30/01/2030,0,MINISTERIO DE HACIENDA,HACIENDA,56882
USP3579ECF27,BSRD2030,DOMINICAN REP/4.5 BD 20300130 UNS,10000,USD,10,21.9801,59.9728,21/09/2026,12:17:23 PM,CONTADO,PRIMERA PARTE,ROTC,23/09/2026,CONFIRMADA,3354728,0,30/01/2020,30/01/2030,0,MINISTERIO DE HACIENDA,HACIENDA,60683
USP3579ECF27,BSRD2030,DOMINICAN REP/4.5 BD 20300130 UNS,10000,USD,10,23.9163,59.3896,21/09/2026,12:17:21 PM,PRESTAMO,SEGUNDA PARTE,ROTC,29/01/2027,CONFIRMADA,3354729,0,30/01/2020,30/01/2030,2.684371,MINISTERIO DE HACIENDA,HACIENDA,61313
USP3579ECF27,BSRD2030,DOMINICAN REP/4.5 BD 20300130 UNS,10000,USD,10,21.9801,59.9728,21/09/2026,12:17:21 PM,PRESTAMO,PRIMERA PARTE,ROTC,23/09/2026,CONFIRMADA,3354729,0,30/01/2020,30/01/2030,2.684371,MINISTERIO DE HACIENDA,HACIENDA,61362
USP3579ECF27,BSRD2030,DOMINICAN REP/4.5 BD 20300130 UNS,10000,USD,10,23.9163,59.3896,21/09/2026,12:17:20 PM,PLAZO,PRIMERA PARTE,ROTC,29/01/2027,CONFIRMADA,3354730,0,30/01/2020,30/01/2030,0,MINISTERIO DE HACIENDA,HACIENDA,59766
DO1002227317,NO150928,BCENTRAL/11 BOEST 20280915 GTIA,100000,DOP,10,11.1367,99.75691,21/09/2026,12:17:19 PM,CONTADO,PRIMERA PARTE,ROTC,23/09/2026,CONFIRMADA,3354731,0,15/09/2023,15/09/2028,0,BANCO CENTRAL DE LA REPUBLICA DOMINICANA,BCENTRAL,59787
USP3579EDB04,BSRD2038, ,32000,USD,32,6.3,98.749539,21/09/2026,12:17:17 PM,CONTADO,PRIMERA PARTE,ROTC,21/09/2026,CONFIRMADA,3354497,0,17/02/2026,17/05/2038,0,MINISTERIO DE HACIENDA,HACIENDA,46396
DO1002227317,NO150928,BCENTRAL/11 BOEST 20280915 GTIA,100000,DOP,10,11.3109,99.4578,21/09/2026,12:17:17 PM,PRESTAMO,SEGUNDA PARTE,ROTC,23/10/2026,CONFIRMADA,3354732,0,15/09/2023,15/09/2028,0.850381,BANCO CENTRAL DE LA REPUBLICA DOMINICANA,BCENTRAL,59955
DO1002227317,NO150928,BCENTRAL/11 BOEST 20280915 GTIA,100000,DOP,10,11.1367,99.75691,21/09/2026,12:17:17 PM,PRESTAMO,PRIMERA PARTE,ROTC,23/09/2026,CONFIRMADA,3354732,0,15/09/2023,15/09/2028,0.850381,BANCO CENTRAL DE LA REPUBLICA DOMINICANA,BCENTRAL,60466
DO1002227317,NO150928,BCENTRAL/11 BOEST 20280915 GTIA,100000,DOP,10,11.3109,99.4578,21/09/2026,12:17:16 PM,PLAZO,PRIMERA PARTE,ROTC,23/10/2026,CONFIRMADA,3354733,0,15/09/2023,15/09/2028,0,BANCO CENTRAL DE LA REPUBLICA DOMINICANA,BCENTRAL,58408
USP3579ECP09,BSRD2029, ,101000,USD,101,4.4177,102.291862,21/09/2026,12:17:16 PM,PRESTAMO,SEGUNDA PARTE,ROTC,20/11/2026,CONFIRMADA,3354904,0,22/02/2022,22/02/2029,4.55,MINISTERIO DE HACIENDA,HACIENDA,49000
USP3579ECP09,BSRD2029, ,101000,USD,101,4.4353,102.413251,21/09/2026,12:17:16 PM,PRESTAMO,PRIMERA PARTE,ROTC,21/09/2026,CONFIRMADA,3354904,0,22/02/2022,22/02/2029,4.55,MINISTERIO DE HACIENDA,HACIENDA,49007
DO1002227317,NO150928,BCENTRAL/11 BOEST 20280915 GTIA,30000,DOP,3,5.3168,110.5347,21/09/2026,12:17:15 PM,CONTADO,PRIMERA PARTE,ROTC,23/09/2026,CONFIRMADA,3354734,0,15/09/2023,15/09/2028,0,BANCO CENTRAL DE LA REPUBLICA DOMINICANA,BCENTRAL,58632
USP3579ECP09,BSRD2029, ,101000,USD,101,4.4177,102.291862,21/09/2026,12:17:14 PM,ESTRUCTURADA,SEGUNDA PARTE,ROTC,20/11/2026,CONFIRMADA,3354581,0,22/02/2022,22/02/2029,4.55,MINISTERIO DE HACIENDA,HACIENDA,51086
USP3579ECP09,BSRD2029, ,101000,USD,101,4.4353,102.413251,21/09/2026,12:17:14 PM,ESTRUCTURADA,PRIMERA PARTE,ROTC,21/09/2026,CONFIRMADA,3354581,0,22/02/2022,22/02/2029,4.55,MINISTERIO DE HACIENDA,HACIENDA,51093
DO1002227317,NO150928,BCENTRAL/11 BOEST 20280915 GTIA,30000,DOP,3,0.6723,109.737,21/09/2026,12:17:13 PM,PRESTAMO,SEGUNDA PARTE,ROTC,12/03/2027,CONFIRMADA,3354735,0,15/09/2023,15/09/2028,4.004603,BANCO CENTRAL DE LA REPUBLICA DOMINICANA,BCENTRAL,58870
DO1002227317,NO150928,BCENTRAL/11 BOEST 20280915 GTIA,30000,DOP,3,5.3168,110.5347,21/09/2026,12:17:13 PM,PRESTAMO,PRIMERA PARTE,ROTC,23/09/2026,CONFIRMADA,3354735,0,15/09/2023,15/09/2028,4.004603,BANCO CENTRAL DE LA REPUBLICA DOMINICANA,BCENTRAL,59311
USP3579ECP09,BSRD2029, ,101000,USD,101,4.7274,101.626694,21/09/2026,12:17:13 PM,PRESTAMO,SEGUNDA PARTE,ROTC,20/11/2026,CONFIRMADA,3354903,0,22/02/2022,22/02/2029,4.55,MINISTERIO DE HACIENDA,HACIENDA,49014
USP3579ECP09,BSRD2029, ,101000,USD,101,4.7228,101.753093,21/09/2026,12:17:13 PM,PRESTAMO,PRIMERA PARTE,ROTC,21/09/2026,CONFIRMADA,3354903,0,22/02/2022,22/02/2029,4.55,MINISTERIO DE HACIENDA,HACIENDA,49084
USP3579ECP09,BSRD2029, ,101000,USD,101,4.7274,101.626694,21/09/2026,12:17:12 PM,ESTRUCTURADA,SEGUNDA PARTE,ROTC,20/11/2026,CONFIRMADA,3354582,0,22/02/2022,22/02/2029,4.55,MINISTERIO DE HACIENDA,HACIENDA,51107
USP3579ECP09,BSRD2029, ,101000,USD,101,4.7228,101.753093,21/09/2026,12:17:12 PM,ESTRUCTURADA,PRIMERA PARTE,ROTC,21/09/2026,CONFIRMADA,3354582,0,22/02/2022,22/02/2029,4.55,MINISTERIO DE HACIENDA,HACIENDA,51177
DO1002227317,NO150928,BCENTRAL/11 BOEST 20280915 GTIA,30000,DOP,3,0.6723,109.737,21/09/2026,12:17:12 PM,PLAZO,PRIMERA PARTE,ROTC,12/03/2027,CONFIRMADA,3354736,0,15/09/2023,15/09/2028,0,BANCO CENTRAL DE LA REPUBLICA DOMINICANA,BCENTRAL,57323
DO1002228612,NO031227,BCENTRAL/8 BOEST 20271203 GTIA,1020000,DOP,102,0,100.306256,21/09/2026,12:17:11 PM,PLAZO,PRIMERA PARTE,ROTC,12/03/2027,CONFIRMADA,3354737,0,03/12/2024,03/12/2027,0,BANCO CENTRAL DE LA REPUBLICA DOMINICANA,BCENTRAL,57407
DO1002228612,NO031227,BCENTRAL/8 BOEST 20271203 GTIA,1020000,DOP,102,0,100.33065,21/09/2026,12:17:10 PM,PRESTAMO,SEGUNDA PARTE,ROTC,19/03/2027,CONFIRMADA,3354739,0,03/12/2024,03/12/2027,2.293062,BANCO CENTRAL DE LA REPUBLICA DOMINICANA,BCENTRAL,58618
DO1002228612,NO031227,BCENTRAL/8 BOEST 20271203 GTIA,1020000,DOP,102,0,100.306256,21/09/2026,12:17:10 PM,PRESTAMO,PRIMERA PARTE,ROTC,12/03/2027,CONFIRMADA,3354739,0,03/12/2024,03/12/2027,2.293062,BANCO CENTRAL DE LA REPUBLICA DOMINICANA,BCENTRAL,59003
DO1002228612,NO031227,BCENTRAL/8 BOEST 20271203 GTIA,1020000,DOP,102,0,100.33065,21/09/2026,12:17:08 PM,PLAZO,PRIMERA PARTE,ROTC,19/03/2027,CONFIRMADA,3354742,0,03/12/2024,03/12/2027,0,BANCO CENTRAL DE LA REPUBLICA DOMINICANA,BCENTRAL,57127
DO1002228612,NO031227,BCENTRAL/8 BOEST 20271203 GTIA,1170000,DOP,117,0,99.76612,21/09/2026,12:17:07 PM,PLAZO,PRIMERA PARTE,ROTC,12/03/2027,CONFIRMADA,3354743,0,03/12/2024,03/12/2027,0,BANCO CENTRAL DE LA REPUBLICA DOMINICANA,BCENTRAL,56973
DO1002228612,NO031227,BCENTRAL/8 BOEST 20271203 GTIA,1170000,DOP,117,1,99.789574,21/09/2026,12:17:06 PM,PRESTAMO,SEGUNDA PARTE,ROTC,19/03/2027,CONFIRMADA,3354744,0,03/12/2024,03/12/2027,2.304291,BANCO CENTRAL DE LA REPUBLICA DOMINICANA,BCENTRAL,59024
DO1002228612,NO031227,BCENTRAL/8 BOEST 20271203 GTIA,1170000,DOP,117,0,99.76612,21/09/2026,12:17:06 PM,PRESTAMO,PRIMERA PARTE,ROTC,12/03/2027,CONFIRMADA,3354744,0,03/12/2024,03/12/2027,2.304291,BANCO CENTRAL DE LA REPUBLICA DOMINICANA,BCENTRAL,58569
DO1002228612,NO031227,BCENTRAL/8 BOEST 20271203 GTIA,1170000,DOP,117,1,99.789574,21/09/2026,12:17:04 PM,PLAZO,PRIMERA PARTE,ROTC,19/03/2027,CONFIRMADA,3354745,0,03/12/2024,03/12/2027,0,BANCO CENTRAL DE LA REPUBLICA DOMINICANA,BCENTRAL,57470
DO1002227317,NO150928,BCENTRAL/11 BOEST 20280915 GTIA,3360000,DOP,336,0,103.072744,21/09/2026,12:17:03 PM,PLAZO,PRIMERA PARTE,ROTC,21/10/2026,CONFIRMADA,3354746,0,15/09/2023,15/09/2028,0,BANCO CENTRAL DE LA REPUBLICA DOMINICANA,BCENTRAL,57995
DO1002227317,NO150928,BCENTRAL/11 BOEST 20280915 GTIA,3360000,DOP,336,9,102.981454,21/09/2026,12:17:02 PM,PRESTAMO,SEGUNDA PARTE,ROTC,20/11/2026,CONFIRMADA,3354747,0,15/09/2023,15/09/2028,1.823307,BANCO CENTRAL DE LA REPUBLICA DOMINICANA,BCENTRAL,59633
DO1002227317,NO150928,BCENTRAL/11 BOEST 20280915 GTIA,3360000,DOP,336,0,103.072744,21/09/2026,12:17:02 PM,PRESTAMO,PRIMERA PARTE,ROTC,21/10/2026,CONFIRMADA,3354747,0,15/09/2023,15/09/2028,1.823307,BANCO CENTRAL DE LA REPUBLICA DOMINICANA,BCENTRAL,59591
DO1002227317,NO150928,BCENTRAL/11 BOEST 20280915 GTIA,970000,DOP,97,0,102.725338,21/09/2026,12:17:01 PM,PLAZO,PRIMERA PARTE,ROTC,02/12/2026,CONFIRMADA,3354748,0,15/09/2023,15/09/2028,0,BANCO CENTRAL DE LA REPUBLICA DOMINICANA,BCENTRAL,57393
DO1002227317,NO150928,BCENTRAL/11 BOEST 20280915 GTIA,970000,DOP,97,1,102.464441,21/09/2026,12:16:59 PM,PRESTAMO,SEGUNDA PARTE,ROTC,12/03/2027,CONFIRMADA,3354749,0,15/09/2023,15/09/2028,4.772214,BANCO CENTRAL DE LA REPUBLICA DOMINICANA,BCENTRAL,59003
DO1002227317,NO150928,BCENTRAL/11 BOEST 20280915 GTIA,970000,DOP,97,0,102.725338,21/09/2026,12:16:59 PM,PRESTAMO,PRIMERA PARTE,ROTC,02/12/2026,CONFIRMADA,3354749,0,15/09/2023,15/09/2028,4.772214,BANCO CENTRAL DE LA REPUBLICA DOMINICANA,BCENTRAL,59080
DO1002227317,NO150928,BCENTRAL/11 BOEST 20280915 GTIA,970000,DOP,97,1,102.464441,21/09/2026,12:16:58 PM,PLAZO,PRIMERA PARTE,ROTC,12/03/2027,CONFIRMADA,3354750,0,15/09/2023,15/09/2028,0,BANCO CENTRAL DE LA REPUBLICA DOMINICANA,BCENTRAL,57456
DO1002227317,NO150928,BCENTRAL/11 BOEST 20280915 GTIA,3360000,DOP,336,9,102.981454,21/09/2026,12:16:57 PM,PLAZO,PRIMERA PARTE,ROTC,20/11/2026,CONFIRMADA,3354751,0,15/09/2023,15/09/2028,0,BANCO CENTRAL DE LA REPUBLICA DOMINICANA,BCENTRAL,58156
DO1002227317,NO150928,BCENTRAL/11 BOEST 20280915 GTIA,3340000,DOP,334,0,102.784894,21/09/2026,12:16:56 PM,PLAZO,PRIMERA PARTE,ROTC,20/11/2026,CONFIRMADA,3354752,0,15/09/2023,15/09/2028,0,BANCO CENTRAL DE LA REPUBLICA DOMINICANA,BCENTRAL,58121
DO1002227317,NO150928,BCENTRAL/11 BOEST 20280915 GTIA,3340000,DOP,334,9,102.695637,21/09/2026,12:16:54 PM,PRESTAMO,SEGUNDA PARTE,ROTC,21/12/2026,CONFIRMADA,3354753,0,15/09/2023,15/09/2028,2.705577,BANCO CENTRAL DE LA REPUBLICA DOMINICANA,BCENTRAL,59696
DO1002227317,NO150928,BCENTRAL/11 BOEST 20280915 GTIA,3340000,DOP,334,0,102.784894,21/09/2026,12:16:54 PM,PRESTAMO,PRIMERA PARTE,ROTC,20/11/2026,CONFIRMADA,3354753,0,15/09/2023,15/09/2028,2.705577,BANCO CENTRAL DE LA REPUBLICA DOMINICANA,BCENTRAL,59710
DO1002227317,NO150928,BCENTRAL/11 BOEST 20280915 GTIA,3340000,DOP,334,9,102.695637,21/09/2026,12:16:53 PM,PLAZO,PRIMERA PARTE,ROTC,21/12/2026,CONFIRMADA,3354754,0,15/09/2023,15/09/2028,0,BANCO CENTRAL DE LA REPUBLICA DOMINICANA,BCENTRAL,58149
DO1002227317,NO150928,BCENTRAL/11 BOEST 20280915 GTIA,3310000,DOP,331,0,102.792667,21/09/2026,12:16:52 PM,PLAZO,PRIMERA PARTE,ROTC,21/12/2026,CONFIRMADA,3354755,0,15/09/2023,15/09/2028,0,BANCO CENTRAL DE LA REPUBLICA DOMINICANA,BCENTRAL,58044
DO1002227317,NO150928,BCENTRAL/11 BOEST 20280915 GTIA,3310000,DOP,331,9,102.711139,21/09/2026,12:16:51 PM,PRESTAMO,SEGUNDA PARTE,ROTC,21/01/2027,CONFIRMADA,3354756,0,15/09/2023,15/09/2028,3.572187,BANCO CENTRAL DE LA REPUBLICA DOMINICANA,BCENTRAL,59528
DO1002227317,NO150928,BCENTRAL/11 BOEST 20280915 GTIA,3310000,DOP,331,0,102.792667,21/09/2026,12:16:51 PM,PRESTAMO,PRIMERA PARTE,ROTC,21/12/2026,CONFIRMADA,3354756,0,15/09/2023,15/09/2028,3.572187,BANCO CENTRAL DE LA REPUBLICA DOMINICANA,BCENTRAL,59640
DO1002227317,NO150928,BCENTRAL/11 BOEST 20280915 GTIA,3310000,DOP,331,9,102.711139,21/09/2026,12:16:49 PM,PLAZO,PRIMERA PARTE,ROTC,21/01/2027,CONFIRMADA,3354757,0,15/09/2023,15/09/2028,0,BANCO CENTRAL DE LA REPUBLICA DOMINICANA,BCENTRAL,58037
DO1002228612,NO031227,BCENTRAL/8 BOEST 20271203 GTIA,1020000,DOP,102,0,100.450401,21/09/2026,12:16:48 PM,PLAZO,PRIMERA PARTE,ROTC,12/03/2027,CONFIRMADA,3354758,0,03/12/2024,03/12/2027,0,BANCO CENTRAL DE LA REPUBLICA DOMINICANA,BCENTRAL,57414
DO1002228612,NO031227,BCENTRAL/8 BOEST 20271203 GTIA,1020000,DOP,102,1,100.814325,21/09/2026,12:16:47 PM,PRESTAMO,SEGUNDA PARTE,ROTC,02/06/2027,CONFIRMADA,3354759,0,03/12/2024,03/12/2027,4.143381,BANCO CENTRAL DE LA REPUBLICA DOMINICANA,BCENTRAL,59031
DO1002228612,NO031227,BCENTRAL/8 BOEST 20271203 GTIA,1020000,DOP,102,0,100.450401,21/09/2026,12:16:47 PM,PRESTAMO,PRIMERA PARTE,ROTC,12/03/2027,CONFIRMADA,3354759,0,03/12/2024,03/12/2027,4.143381,BANCO CENTRAL DE LA REPUBLICA DOMINICANA,BCENTRAL,59010
DO1002228612,NO031227,BCENTRAL/8 BOEST 20271203 GTIA,1020000,DOP,102,1,100.814325,21/09/2026,12:16:46 PM,PLAZO,PRIMERA PARTE,ROTC,02/06/2027,CONFIRMADA,3354760,0,03/12/2024,03/12/2027,0,BANCO CENTRAL DE LA REPUBLICA DOMINICANA,BCENTRAL,57484
DO1002224124,NO120327,BCENTRAL/8 BOEST 20270312 GTIA,1190000,DOP,119,4.67726,101.541389,21/09/2026,12:16:45 PM,CONTADO,PRIMERA PARTE,ROTC,21/09/2026,CONFIRMADA,3354835,0,12/03/2022,12/03/2027,0,BANCO CENTRAL DE LA REPUBLICA DOMINICANA,BCENTRAL,60753
DO1002227317,NO150928,BCENTRAL/11 BOEST 20280915 GTIA,1020000,DOP,102,0,102.464431,21/09/2026,12:16:44 PM,PLAZO,PRIMERA PARTE,ROTC,02/06/2027,CONFIRMADA,3354761,0,15/09/2023,15/09/2028,0,BANCO CENTRAL DE LA REPUBLICA DOMINICANA,BCENTRAL,57911
DO1002227317,NO150928,BCENTRAL/11 BOEST 20280915 GTIA,1020000,DOP,102,1,102.103013,21/09/2026,12:16:43 PM,PRESTAMO,SEGUNDA PARTE,ROTC,14/09/2027,CONFIRMADA,3354762,0,15/09/2023,15/09/2028,4.74904,BANCO CENTRAL DE LA REPUBLICA DOMINICANA,BCENTRAL,59395
DO1002227317,NO150928,BCENTRAL/11 BOEST 20280915 GTIA,1020000,DOP,102,0,102.464431,21/09/2026,12:16:43 PM,PRESTAMO,PRIMERA PARTE,ROTC,02/06/2027,CONFIRMADA,3354762,0,15/09/2023,15/09/2028,4.74904,BANCO CENTRAL DE LA REPUBLICA DOMINICANA,BCENTRAL,59507
DO1002224124,NO120327,BCENTRAL/8 BOEST 20270312 GTIA,1190000,DOP,119,0,0,21/09/2026,12:16:43 PM,PRESTAMO,SEGUNDA PARTE,ROTC,11/03/2027,CONFIRMADA,3354836,0,12/03/2022,12/03/2027,0,BANCO CENTRAL DE LA REPUBLICA DOMINICANA,BCENTRAL,55867
DO1002224124,NO120327,BCENTRAL/8 BOEST 20270312 GTIA,1190000,DOP,119,2.516073,101.6737,21/09/2026,12:16:43 PM,PRESTAMO,PRIMERA PARTE,ROTC,21/09/2026,CONFIRMADA,3354836,0,12/03/2022,12/03/2027,0,BANCO CENTRAL DE LA REPUBLICA DOMINICANA,BCENTRAL,60991
DO1002227317,NO150928,BCENTRAL/11 BOEST 20280915 GTIA,1020000,DOP,102,1,102.103013,21/09/2026,12:16:42 PM,PLAZO,PRIMERA PARTE,ROTC,14/09/2027,CONFIRMADA,3354763,0,15/09/2023,15/09/2028,0,BANCO CENTRAL DE LA REPUBLICA DOMINICANA,BCENTRAL,57848
DO1002224124,NO120327,BCENTRAL/8 BOEST 20270312 GTIA,1190000,DOP,119,2.516073,101.6737,21/09/2026,12:16:42 PM,PLAZO,PRIMERA PARTE,ROTC,20/11/2026,CONFIRMADA,3354837,0,12/03/2022,12/03/2027,0,BANCO CENTRAL DE LA REPUBLICA DOMINICANA,BCENTRAL,59325
DO1002228612,NO031227,BCENTRAL/8 BOEST 20271203 GTIA,1070000,DOP,107,0,100.335472,21/09/2026,12:16:41 PM,PLAZO,PRIMERA PARTE,ROTC,14/09/2027,CONFIRMADA,3354764,0,03/12/2024,03/12/2027,0,BANCO CENTRAL DE LA REPUBLICA DOMINICANA,BCENTRAL,57561
DO1005210922,MH22034,HACIENDA/13 BOEST 20340610 GTIA,9500000,DOP,95,8.877367,122.647296,21/09/2026,12:16:41 PM,CONTADO,PRIMERA PARTE,ROTC,21/09/2026,CONFIRMADA,3354838,0,10/06/2022,10/06/2034,0,MINISTERIO DE HACIENDA,HACIENDA,60613
DO1002228612,NO031227,BCENTRAL/8 BOEST 20271203 GTIA,1070000,DOP,107,1,100.345443,21/09/2026,12:16:40 PM,PRESTAMO,SEGUNDA PARTE,ROTC,17/09/2027,CONFIRMADA,3354765,0,03/12/2024,03/12/2027,2.266567,BANCO CENTRAL DE LA REPUBLICA DOMINICANA,BCENTRAL,59115
DO1002228612,NO031227,BCENTRAL/8 BOEST 20271203 GTIA,1070000,DOP,107,0,100.335472,21/09/2026,12:16:40 PM,PRESTAMO,PRIMERA PARTE,ROTC,14/09/2027,CONFIRMADA,3354765,0,03/12/2024,03/12/2027,2.266567,BANCO CENTRAL DE LA REPUBLICA DOMINICANA,BCENTRAL,59157
DO1005210922,MH22034,HACIENDA/13 BOEST 20340610 GTIA,9500000,DOP,95,0,0,21/09/2026,12:16:40 PM,PRESTAMO,SEGUNDA PARTE,ROTC,09/06/2034,CONFIRMADA,3354839,0,10/06/2022,10/06/2034,0,MINISTERIO DE HACIENDA,HACIENDA,55307
DO1005210922,MH22034,HACIENDA/13 BOEST 20340610 GTIA,9500000,DOP,95,7.793408,128.806921,21/09/2026,12:16:40 PM,PRESTAMO,PRIMERA PARTE,ROTC,21/09/2026,CONFIRMADA,3354839,0,10/06/2022,10/06/2034,0,MINISTERIO DE HACIENDA,HACIENDA,61229
DO1002227317,NO150928,BCENTRAL/11 BOEST 20280915 GTIA,3280000,DOP,328,0,102.817814,21/09/2026,12:16:38 PM,PLAZO,PRIMERA PARTE,ROTC,21/01/2027,CONFIRMADA,3354766,0,15/09/2023,15/09/2028,0,BANCO CENTRAL DE LA REPUBLICA DOMINICANA,BCENTRAL,58093
DO1005210922,MH22034,HACIENDA/13 BOEST 20340610 GTIA,9500000,DOP,95,7.793408,128.806921,21/09/2026,12:16:38 PM,PLAZO,PRIMERA PARTE,ROTC,19/01/2027,CONFIRMADA,3354840,0,10/06/2022,10/06/2034,0,MINISTERIO DE HACIENDA,HACIENDA,59675
DO1002227317,NO150928,BCENTRAL/11 BOEST 20280915 GTIA,3280000,DOP,328,9,102.748908,21/09/2026,12:16:37 PM,PRESTAMO,SEGUNDA PARTE,ROTC,19/02/2027,CONFIRMADA,3354767,0,15/09/2023,15/09/2028,4.37298,BANCO CENTRAL DE LA REPUBLICA DOMINICANA,BCENTRAL,59794
DO1002227317,NO150928,BCENTRAL/11 BOEST 20280915 GTIA,3280000,DOP,328,0,102.817814,21/09/2026,12:16:37 PM,PRESTAMO,PRIMERA PARTE,ROTC,21/01/2027,CONFIRMADA,3354767,0,15/09/2023,15/09/2028,4.37298,BANCO CENTRAL DE LA REPUBLICA DOMINICANA,BCENTRAL,59689
DO1002224124,NO120327,BCENTRAL/8 BOEST 20270312 GTIA,440000,DOP,44,2.186214,102.732194,21/09/2026,12:16:37 PM,CONTADO,PRIMERA PARTE,ROTC,21/09/2026,CONFIRMADA,3354841,0,12/03/2022,12/03/2027,0,BANCO CENTRAL DE LA REPUBLICA DOMINICANA,BCENTRAL,60305
DO1002227317,NO150928,BCENTRAL/11 BOEST 20280915 GTIA,3280000,DOP,328,9,102.748908,21/09/2026,12:16:36 PM,PLAZO,PRIMERA PARTE,ROTC,19/02/2027,CONFIRMADA,3354768,0,15/09/2023,15/09/2028,0,BANCO CENTRAL DE LA REPUBLICA DOMINICANA,BCENTRAL,58247
DO1002224124,NO120327,BCENTRAL/8 BOEST 20270312 GTIA,440000,DOP,44,0,0,21/09/2026,12:16:36 PM,PRESTAMO,SEGUNDA PARTE,ROTC,11/03/2027,CONFIRMADA,3354842,0,12/03/2022,12/03/2027,0,BANCO CENTRAL DE LA REPUBLICA DOMINICANA,BCENTRAL,55167
DO1002224124,NO120327,BCENTRAL/8 BOEST 20270312 GTIA,440000,DOP,44,0,103.013851,21/09/2026,12:16:36 PM,PRESTAMO,PRIMERA PARTE,ROTC,21/09/2026,CONFIRMADA,3354842,0,12/03/2022,12/03/2027,0,BANCO CENTRAL DE LA REPUBLICA DOMINICANA,BCENTRAL,58436
DO1002228612,NO031227,BCENTRAL/8 BOEST 20271203 GTIA,3440000,DOP,344,0,100.0299,21/09/2026,12:16:35 PM,PLAZO,PRIMERA PARTE,ROTC,19/02/2027,CONFIRMADA,3354769,0,03/12/2024,03/12/2027,0,BANCO CENTRAL DE LA REPUBLICA DOMINICANA,BCENTRAL,56910
DO1002224124,NO120327,BCENTRAL/8 BOEST 20270312 GTIA,440000,DOP,44,0,103.013851,21/09/2026,12:16:35 PM,PLAZO,PRIMERA PARTE,ROTC,22/12/2026,CONFIRMADA,3354843,0,12/03/2022,12/03/2027,0,BANCO CENTRAL DE LA REPUBLICA DOMINICANA,BCENTRAL,56791
DO1002228612,NO031227,BCENTRAL/8 BOEST 20271203 GTIA,3440000,DOP,344,9,100.162335,21/09/2026,12:16:33 PM,PRESTAMO,SEGUNDA PARTE,ROTC,19/03/2027,CONFIRMADA,3354770,0,03/12/2024,03/12/2027,2.402242,BANCO CENTRAL DE LA REPUBLICA DOMINICANA,BCENTRAL,59178
DO1002228612,NO031227,BCENTRAL/8 BOEST 20271203 GTIA,3440000,DOP,344,0,100.0299,21/09/2026,12:16:33 PM,PRESTAMO,PRIMERA PARTE,ROTC,19/02/2027,CONFIRMADA,3354770,0,03/12/2024,03/12/2027,2.402242,BANCO CENTRAL DE LA REPUBLICA DOMINICANA,BCENTRAL,58499
DO1005210922,MH22034,HACIENDA/13 BOEST 20340610 GTIA,5000000,DOP,50,8.795469,123.165225,21/09/2026,12:16:33 PM,CONTADO,PRIMERA PARTE,ROTC,21/09/2026,CONFIRMADA,3354844,0,10/06/2022,10/06/2034,0,MINISTERIO DE HACIENDA,HACIENDA,60424
DO1002228612,NO031227,BCENTRAL/8 BOEST 20271203 GTIA,3440000,DOP,344,9,100.162335,21/09/2026,12:16:32 PM,PLAZO,PRIMERA PARTE,ROTC,19/03/2027,CONFIRMADA,3354771,0,03/12/2024,03/12/2027,0,BANCO CENTRAL DE LA REPUBLICA DOMINICANA,BCENTRAL,57631
DO1005210922,MH22034,HACIENDA/13 BOEST 20340610 GTIA,5000000,DOP,50,0,0,21/09/2026,12:16:32 PM,PRESTAMO,SEGUNDA PARTE,ROTC,09/06/2034,CONFIRMADA,3354845,0,10/06/2022,10/06/2034,0,MINISTERIO DE HACIENDA,HACIENDA,55188
DO1005210922,MH22034,HACIENDA/13 BOEST 20340610 GTIA,5000000,DOP,50,8.797089,122.984568,21/09/2026,12:16:32 PM,PRESTAMO,PRIMERA PARTE,ROTC,21/09/2026,CONFIRMADA,3354845,0,10/06/2022,10/06/2034,0,MINISTERIO DE HACIENDA,HACIENDA,61236
DO1002227317,NO150928,BCENTRAL/11 BOEST 20280915 GTIA,3400000,DOP,340,0,102.821611,21/09/2026,12:16:31 PM,PLAZO,PRIMERA PARTE,ROTC,19/03/2027,CONFIRMADA,3354772,0,15/09/2023,15/09/2028,0,BANCO CENTRAL DE LA REPUBLICA DOMINICANA,BCENTRAL,57953
DO1005210922,MH22034,HACIENDA/13 BOEST 20340610 GTIA,5000000,DOP,50,8.797089,122.984568,21/09/2026,12:16:31 PM,PLAZO,PRIMERA PARTE,ROTC,21/10/2026,CONFIRMADA,3354846,0,10/06/2022,10/06/2034,0,MINISTERIO DE HACIENDA,HACIENDA,59570
DO1002227317,NO150928,BCENTRAL/11 BOEST 20280915 GTIA,3400000,DOP,340,9,102.726926,21/09/2026,12:16:30 PM,PRESTAMO,SEGUNDA PARTE,ROTC,21/04/2027,CONFIRMADA,3354773,0,15/09/2023,15/09/2028,0.973962,BANCO CENTRAL DE LA REPUBLICA DOMINICANA,BCENTRAL,59598
DO1002227317,NO150928,BCENTRAL/11 BOEST 20280915 GTIA,3400000,DOP,340,0,102.821611,21/09/2026,12:16:30 PM,PRESTAMO,PRIMERA PARTE,ROTC,19/03/2027,CONFIRMADA,3354773,0,15/09/2023,15/09/2028,0.973962,BANCO CENTRAL DE LA REPUBLICA DOMINICANA,BCENTRAL,59549
DO2018100225,BC1AES02,AESTRELLA/11.25 BO 20301112,72000,DOP,72000,8.482538,109.579484,21/09/2026,12:16:30 PM,CONTADO,PRIMERA PARTE,ROTC,21/09/2026,CONFIRMADA,3354847,0,12/11/2020,12/11/2030,0,ACERO ESTRELLA S A,AESTRELLA,59381
DO1002227317,NO150928,BCENTRAL/11 BOEST 20280915 GTIA,3400000,DOP,340,9,102.726926,21/09/2026,12:16:28 PM,PLAZO,PRIMERA PARTE,ROTC,21/04/2027,CONFIRMADA,3354774,0,15/09/2023,15/09/2028,0,BANCO CENTRAL DE LA REPUBLICA DOMINICANA,BCENTRAL,58107
DO2018100225,BC1AES02,AESTRELLA/11.25 BO 20301112,72000,DOP,72000,0,0,21/09/2026,12:16:28 PM,PRESTAMO,SEGUNDA PARTE,ROTC,11/11/2030,CONFIRMADA,3354848,0,12/11/2020,12/11/2030,0,ACERO ESTRELLA S A,AESTRELLA,54026
DO2018100225,BC1AES02,AESTRELLA/11.25 BO 20301112,72000,DOP,72000,7.700881,111.63454,21/09/2026,12:16:28 PM,PRESTAMO,PRIMERA PARTE,ROTC,21/09/2026,CONFIRMADA,3354848,0,12/11/2020,12/11/2030,0,ACERO ESTRELLA S A,AESTRELLA,59584
DO1002227317,NO150928,BCENTRAL/11 BOEST 20280915 GTIA,19020000,DOP,1902,0.0673,115.972527,21/09/2026,12:16:27 PM,PRESTAMO,SEGUNDA PARTE,ROTC,29/03/2027,CONFIRMADA,3354449,0,15/09/2023,15/09/2028,3.940119,BANCO CENTRAL DE LA REPUBLICA DOMINICANA,BCENTRAL,62174
DO1002227317,NO150928,BCENTRAL/11 BOEST 20280915 GTIA,19020000,DOP,1902,4.696,111.805061,21/09/2026,12:16:27 PM,PRESTAMO,PRIMERA PARTE,ROTC,21/09/2026,CONFIRMADA,3354449,0,15/09/2023,15/09/2028,3.940119,BANCO CENTRAL DE LA REPUBLICA DOMINICANA,BCENTRAL,61831
DO1002228612,NO031227,BCENTRAL/8 BOEST 20271203 GTIA,1070000,DOP,107,1,100.345443,21/09/2026,12:16:27 PM,PLAZO,PRIMERA PARTE,ROTC,17/09/2027,CONFIRMADA,3354775,0,03/12/2024,03/12/2027,0,BANCO CENTRAL DE LA REPUBLICA DOMINICANA,BCENTRAL,57610
DO2018100225,BC1AES02,AESTRELLA/11.25 BO 20301112,72000,DOP,72000,7.700881,111.63454,21/09/2026,12:16:27 PM,PLAZO,PRIMERA PARTE,ROTC,19/01/2027,CONFIRMADA,3354849,0,12/11/2020,12/11/2030,0,ACERO ESTRELLA S A,AESTRELLA,57974
DO1002227317,NO150928,BCENTRAL/11 BOEST 20280915 GTIA,3360000,DOP,336,0,103.060688,21/09/2026,12:16:26 PM,PLAZO,PRIMERA PARTE,ROTC,21/04/2027,CONFIRMADA,3354776,0,15/09/2023,15/09/2028,0,BANCO CENTRAL DE LA REPUBLICA DOMINICANA,BCENTRAL,58079
DO1005208322,MHUS2040,HACIENDA/6.75 BOEST 20400724 GTIA,35000,USD,35,4.120806,127.517621,21/09/2026,12:16:26 PM,CONTADO,PRIMERA PARTE,ROTC,21/09/2026,CONFIRMADA,3354850,0,24/07/2020,24/07/2040,0,MINISTERIO DE HACIENDA,HACIENDA,61306
DO1002227317,NO150928,BCENTRAL/11 BOEST 20280915 GTIA,3360000,DOP,336,9,102.984262,21/09/2026,12:16:25 PM,PRESTAMO,SEGUNDA PARTE,ROTC,21/05/2027,CONFIRMADA,3354777,0,15/09/2023,15/09/2028,1.83479,BANCO CENTRAL DE LA REPUBLICA DOMINICANA,BCENTRAL,59696
DO1002227317,NO150928,BCENTRAL/11 BOEST 20280915 GTIA,3360000,DOP,336,0,103.060688,21/09/2026,12:16:25 PM,PRESTAMO,PRIMERA PARTE,ROTC,21/04/2027,CONFIRMADA,3354777,0,15/09/2023,15/09/2028,1.83479,BANCO CENTRAL DE LA REPUBLICA DOMINICANA,BCENTRAL,59675
DO1005208322,MHUS2040,HACIENDA/6.75 BOEST 20400724 GTIA,35000,USD,35,0,0,21/09/2026,12:16:25 PM,PRESTAMO,SEGUNDA PARTE,ROTC,23/07/2040,CONFIRMADA,3354851,0,24/07/2020,24/07/2040,0,MINISTERIO DE HACIENDA,HACIENDA,56182
DO1005208322,MHUS2040,HACIENDA/6.75 BOEST 20400724 GTIA,35000,USD,35,4.098013,127.422807,21/09/2026,12:16:25 PM,PRESTAMO,PRIMERA PARTE,ROTC,21/09/2026,CONFIRMADA,3354851,0,24/07/2020,24/07/2040,0,MINISTERIO DE HACIENDA,HACIENDA,62027
DO1002227317,NO150928,BCENTRAL/11 BOEST 20280915 GTIA,3360000,DOP,336,9,102.984262,21/09/2026,12:16:23 PM,PLAZO,PRIMERA PARTE,ROTC,21/05/2027,CONFIRMADA,3354778,0,15/09/2023,15/09/2028,0,BANCO CENTRAL DE LA REPUBLICA DOMINICANA,BCENTRAL,58142
DO1005208322,MHUS2040,HACIENDA/6.75 BOEST 20400724 GTIA,35000,USD,35,4.098013,127.422807,21/09/2026,12:16:23 PM,PLAZO,PRIMERA PARTE,ROTC,21/12/2026,CONFIRMADA,3354852,0,24/07/2020,24/07/2040,0,MINISTERIO DE HACIENDA,HACIENDA,60368
DO2018100324,BC1AES03,AESTRELLA/11.25 BO 20301130,586662,DOP,586662,9.9865,103.788945,21/09/2026,12:16:22 PM,PRESTAMO,SEGUNDA PARTE,ROTC,19/04/2027,CONFIRMADA,3354561,0,30/11/2020,30/11/2030,5.710814,ACERO ESTRELLA S A,AESTRELLA,60361
DO2018100324,BC1AES03,AESTRELLA/11.25 BO 20301130,586662,DOP,586662,11.4556,99.314837,21/09/2026,12:16:22 PM,PRESTAMO,PRIMERA PARTE,ROTC,21/09/2026,CONFIRMADA,3354561,0,30/11/2020,30/11/2030,5.710814,ACERO ESTRELLA S A,AESTRELLA,60291
DO1002227317,NO150928,BCENTRAL/11 BOEST 20280915 GTIA,3340000,DOP,334,0,102.787702,21/09/2026,12:16:22 PM,PLAZO,PRIMERA PARTE,ROTC,21/05/2027,CONFIRMADA,3354779,0,15/09/2023,15/09/2028,0,BANCO CENTRAL DE LA REPUBLICA DOMINICANA,BCENTRAL,58044
DO1002224124,NO120327,BCENTRAL/8 BOEST 20270312 GTIA,490000,DOP,49,4.042947,101.841921,21/09/2026,12:16:22 PM,CONTADO,PRIMERA PARTE,ROTC,21/09/2026,CONFIRMADA,3354853,0,12/03/2022,12/03/2027,0,BANCO CENTRAL DE LA REPUBLICA DOMINICANA,BCENTRAL,60361
DO1002227317,NO150928,BCENTRAL/11 BOEST 20280915 GTIA,3340000,DOP,334,9,102.713803,21/09/2026,12:16:21 PM,PRESTAMO,SEGUNDA PARTE,ROTC,21/06/2027,CONFIRMADA,3354780,0,15/09/2023,15/09/2028,2.70292,BANCO CENTRAL DE LA REPUBLICA DOMINICANA,BCENTRAL,59584
DO1002227317,NO150928,BCENTRAL/11 BOEST 20280915 GTIA,3340000,DOP,334,0,102.787702,21/09/2026,12:16:21 PM,PRESTAMO,PRIMERA PARTE,ROTC,21/05/2027,CONFIRMADA,3354780,0,15/09/2023,15/09/2028,2.70292,BANCO CENTRAL DE LA REPUBLICA DOMINICANA,BCENTRAL,59640
DO1002224124,NO120327,BCENTRAL/8 BOEST 20270312 GTIA,490000,DOP,49,0,0,21/09/2026,12:16:21 PM,PRESTAMO,SEGUNDA PARTE,ROTC,11/03/2027,CONFIRMADA,3354854,0,12/03/2022,12/03/2027,0,BANCO CENTRAL DE LA REPUBLICA DOMINICANA,BCENTRAL,55195
DO1002224124,NO120327,BCENTRAL/8 BOEST 20270312 GTIA,490000,DOP,49,0,102.04713,21/09/2026,12:16:21 PM,PRESTAMO,PRIMERA PARTE,ROTC,21/09/2026,CONFIRMADA,3354854,0,12/03/2022,12/03/2027,0,BANCO CENTRAL DE LA REPUBLICA DOMINICANA,BCENTRAL,58100
DO1002227317,NO150928,BCENTRAL/11 BOEST 20280915 GTIA,3340000,DOP,334,9,102.713803,21/09/2026,12:16:20 PM,PLAZO,PRIMERA PARTE,ROTC,21/06/2027,CONFIRMADA,3354781,0,15/09/2023,15/09/2028,0,BANCO CENTRAL DE LA REPUBLICA DOMINICANA,BCENTRAL,58037
DO1002224124,NO120327,BCENTRAL/8 BOEST 20270312 GTIA,490000,DOP,49,0,102.04713,21/09/2026,12:16:20 PM,PLAZO,PRIMERA PARTE,ROTC,19/01/2027,CONFIRMADA,3354855,0,12/03/2022,12/03/2027,0,BANCO CENTRAL DE LA REPUBLICA DOMINICANA,BCENTRAL,56490
DO1002227317,NO150928,BCENTRAL/11 BOEST 20280915 GTIA,3310000,DOP,331,0,102.810834,21/09/2026,12:16:18 PM,PLAZO,PRIMERA PARTE,ROTC,21/06/2027,CONFIRMADA,3354782,0,15/09/2023,15/09/2028,0,BANCO CENTRAL DE LA REPUBLICA DOMINICANA,BCENTRAL,57995
DO1005208322,MHUS2040,HACIENDA/6.75 BOEST 20400724 GTIA,123000,USD,123,4.293636,125.426112,21/09/2026,12:16:18 PM,CONTADO,PRIMERA PARTE,ROTC,21/09/2026,CONFIRMADA,3354856,0,24/07/2020,24/07/2040,0,MINISTERIO DE HACIENDA,HACIENDA,61985
DO1002227317,NO150928,BCENTRAL/11 BOEST 20280915 GTIA,3310000,DOP,331,9,102.746798,21/09/2026,12:16:17 PM,PRESTAMO,SEGUNDA PARTE,ROTC,21/07/2027,CONFIRMADA,3354783,0,15/09/2023,15/09/2028,3.530027,BANCO CENTRAL DE LA REPUBLICA DOMINICANA,BCENTRAL,59717
DO1002227317,NO150928,BCENTRAL/11 BOEST 20280915 GTIA,3310000,DOP,331,0,102.810834,21/09/2026,12:16:17 PM,PRESTAMO,PRIMERA PARTE,ROTC,21/06/2027,CONFIRMADA,3354783,0,15/09/2023,15/09/2028,3.530027,BANCO CENTRAL DE LA REPUBLICA DOMINICANA,BCENTRAL,59591
DO1005208322,MHUS2040,HACIENDA/6.75 BOEST 20400724 GTIA,123000,USD,123,0,0,21/09/2026,12:16:17 PM,PRESTAMO,SEGUNDA PARTE,ROTC,23/07/2040,CONFIRMADA,3354857,0,24/07/2020,24/07/2040,0,MINISTERIO DE HACIENDA,HACIENDA,56833
DO1005208322,MHUS2040,HACIENDA/6.75 BOEST 20400724 GTIA,123000,USD,123,4.276672,125.2894,21/09/2026,12:16:17 PM,PRESTAMO,PRIMERA PARTE,ROTC,21/09/2026,CONFIRMADA,3354857,0,24/07/2020,24/07/2040,0,MINISTERIO DE HACIENDA,HACIENDA,62055
DO2018100324,BC1AES03,AESTRELLA/11.25 BO 20301130,586662,DOP,586662,9.9865,103.788945,21/09/2026,12:16:16 PM,ESTRUCTURADA,SEGUNDA PARTE,ROTC,19/04/2027,CONFIRMADA,3354560,0,30/11/2020,30/11/2030,9.15,ACERO ESTRELLA S A,AESTRELLA,62482
DO2018100324,BC1AES03,AESTRELLA/11.25 BO 20301130,586662,DOP,586662,11.4556,99.314837,21/09/2026,12:16:16 PM,ESTRUCTURADA,PRIMERA PARTE,ROTC,21/09/2026,CONFIRMADA,3354560,0,30/11/2020,30/11/2030,9.15,ACERO ESTRELLA S A,AESTRELLA,62412
DO1002227317,NO150928,BCENTRAL/11 BOEST 20280915 GTIA,3310000,DOP,331,9,102.746798,21/09/2026,12:16:16 PM,PLAZO,PRIMERA PARTE,ROTC,21/07/2027,CONFIRMADA,3354784,0,15/09/2023,15/09/2028,0,BANCO CENTRAL DE LA REPUBLICA DOMINICANA,BCENTRAL,58170
DO1005208322,MHUS2040,HACIENDA/6.75 BOEST 20400724 GTIA,123000,USD,123,4.276672,125.2894,21/09/2026,12:16:16 PM,PLAZO,PRIMERA PARTE,ROTC,21/12/2026,CONFIRMADA,3354858,0,24/07/2020,24/07/2040,0,MINISTERIO DE HACIENDA,HACIENDA,60403
DO1005206516,MH32028,HACIENDA/10.75 BOEST 20280811 GTIA,2800000,DOP,28,9.7335,101.633839,21/09/2026,12:16:16 PM,PRESTAMO,SEGUNDA PARTE,ROTC,23/10/2026,CONFIRMADA,3354886,0,10/08/2018,11/08/2028,8.49,MINISTERIO DE HACIENDA,HACIENDA,61474
DO1005206516,MH32028,HACIENDA/10.75 BOEST 20280811 GTIA,2800000,DOP,28,9.6885,101.798728,21/09/2026,12:16:16 PM,PRESTAMO,PRIMERA PARTE,ROTC,21/09/2026,CONFIRMADA,3354886,0,10/08/2018,11/08/2028,8.49,MINISTERIO DE HACIENDA,HACIENDA,61705
DO1002227317,NO150928,BCENTRAL/11 BOEST 20280915 GTIA,3280000,DOP,328,0,102.88123,21/09/2026,12:16:15 PM,PLAZO,PRIMERA PARTE,ROTC,21/07/2027,CONFIRMADA,3354785,0,15/09/2023,15/09/2028,0,BANCO CENTRAL DE LA REPUBLICA DOMINICANA,BCENTRAL,57715
DO1005212019,MH32034,HACIENDA/13.625 BOEST 20340210 GTIA,29600000,DOP,296,5.77758,146.659074,21/09/2026,12:16:15 PM,CONTADO,PRIMERA PARTE,ROTC,21/09/2026,CONFIRMADA,3354859,0,10/02/2023,10/02/2034,0,MINISTERIO DE HACIENDA,HACIENDA,62363
DO1005206516,MH32028,HACIENDA/10.75 BOEST 20280811 GTIA,2800000,DOP,28,9.7335,101.633839,21/09/2026,12:16:14 PM,ESTRUCTURADA,SEGUNDA PARTE,ROTC,23/10/2026,CONFIRMADA,3354833,0,10/08/2018,11/08/2028,8.49,MINISTERIO DE HACIENDA,HACIENDA,63560
DO1005206516,MH32028,HACIENDA/10.75 BOEST 20280811 GTIA,2800000,DOP,28,9.6885,101.798728,21/09/2026,12:16:14 PM,ESTRUCTURADA,PRIMERA PARTE,ROTC,21/09/2026,CONFIRMADA,3354833,0,10/08/2018,11/08/2028,8.49,MINISTERIO DE HACIENDA,HACIENDA,63791
DO1002227317,NO150928,BCENTRAL/11 BOEST 20280915 GTIA,3280000,DOP,328,9,102.824811,21/09/2026,12:16:13 PM,PRESTAMO,SEGUNDA PARTE,ROTC,20/08/2027,CONFIRMADA,3354786,0,15/09/2023,15/09/2028,4.338921,BANCO CENTRAL DE LA REPUBLICA DOMINICANA,BCENTRAL,59654
DO1002227317,NO150928,BCENTRAL/11 BOEST 20280915 GTIA,3280000,DOP,328,0,102.88123,21/09/2026,12:16:13 PM,PRESTAMO,PRIMERA PARTE,ROTC,21/07/2027,CONFIRMADA,3354786,0,15/09/2023,15/09/2028,4.338921,BANCO CENTRAL DE LA REPUBLICA DOMINICANA,BCENTRAL,59304
DO1005212019,MH32034,HACIENDA/13.625 BOEST 20340210 GTIA,29600000,DOP,296,5.713546,146.712673,21/09/2026,12:16:13 PM,PLAZO,PRIMERA PARTE,ROTC,21/10/2026,CONFIRMADA,3354860,0,10/02/2023,10/02/2034,0,MINISTERIO DE HACIENDA,HACIENDA,61628
DO1002227317,NO150928,BCENTRAL/11 BOEST 20280915 GTIA,3280000,DOP,328,9,102.824811,21/09/2026,12:16:12 PM,PLAZO,PRIMERA PARTE,ROTC,20/08/2027,CONFIRMADA,3354787,0,15/09/2023,15/09/2028,0,BANCO CENTRAL DE LA REPUBLICA DOMINICANA,BCENTRAL,58107
DO1005208322,MHUS2040,HACIENDA/6.75 BOEST 20400724 GTIA,19000,USD,19,3.879725,130.510197,21/09/2026,12:16:12 PM,CONTADO,PRIMERA PARTE,ROTC,21/09/2026,CONFIRMADA,3354861,0,24/07/2020,24/07/2040,0,MINISTERIO DE HACIENDA,HACIENDA,61404
DO1002228612,NO031227,BCENTRAL/8 BOEST 20271203 GTIA,3440000,DOP,344,0,100.039268,21/09/2026,12:16:11 PM,PLAZO,PRIMERA PARTE,ROTC,20/08/2027,CONFIRMADA,3354788,0,03/12/2024,03/12/2027,0,BANCO CENTRAL DE LA REPUBLICA DOMINICANA,BCENTRAL,57582
DO1005208322,MHUS2040,HACIENDA/6.75 BOEST 20400724 GTIA,19000,USD,19,0,0,21/09/2026,12:16:11 PM,PRESTAMO,SEGUNDA PARTE,ROTC,23/07/2040,CONFIRMADA,3354862,0,24/07/2020,24/07/2040,0,MINISTERIO DE HACIENDA,HACIENDA,56175
DO1005208322,MHUS2040,HACIENDA/6.75 BOEST 20400724 GTIA,19000,USD,19,3.852095,130.435803,21/09/2026,12:16:11 PM,PRESTAMO,PRIMERA PARTE,ROTC,21/09/2026,CONFIRMADA,3354862,0,24/07/2020,24/07/2040,0,MINISTERIO DE HACIENDA,HACIENDA,62027
DO1002228612,NO031227,BCENTRAL/8 BOEST 20271203 GTIA,3440000,DOP,344,9,100.170216,21/09/2026,12:16:09 PM,PRESTAMO,SEGUNDA PARTE,ROTC,16/09/2027,CONFIRMADA,3354789,0,03/12/2024,03/12/2027,2.36766,BANCO CENTRAL DE LA REPUBLICA DOMINICANA,BCENTRAL,59199
DO1002228612,NO031227,BCENTRAL/8 BOEST 20271203 GTIA,3440000,DOP,344,0,100.039268,21/09/2026,12:16:09 PM,PRESTAMO,PRIMERA PARTE,ROTC,20/08/2027,CONFIRMADA,3354789,0,03/12/2024,03/12/2027,2.36766,BANCO CENTRAL DE LA REPUBLICA DOMINICANA,BCENTRAL,59234
DO1005208322,MHUS2040,HACIENDA/6.75 BOEST 20400724 GTIA,19000,USD,19,3.852095,130.435803,21/09/2026,12:16:09 PM,PLAZO,PRIMERA PARTE,ROTC,21/12/2026,CONFIRMADA,3354863,0,24/07/2020,24/07/2040,0,MINISTERIO DE HACIENDA,HACIENDA,60431
DO1002228612,NO031227,BCENTRAL/8 BOEST 20271203 GTIA,3440000,DOP,344,9,100.170216,21/09/2026,12:16:08 PM,PLAZO,PRIMERA PARTE,ROTC,16/09/2027,CONFIRMADA,3354790,0,03/12/2024,03/12/2027,0,BANCO CENTRAL DE LA REPUBLICA DOMINICANA,BCENTRAL,57652
DO1005210922,MH22034,HACIENDA/13 BOEST 20340610 GTIA,4700000,DOP,47,7.700822000000001,130.37406,21/09/2026,12:16:08 PM,CONTADO,PRIMERA PARTE,ROTC,21/09/2026,CONFIRMADA,3354864,0,10/06/2022,10/06/2034,0,MINISTERIO DE HACIENDA,HACIENDA,63042
DO1002227317,NO150928,BCENTRAL/11 BOEST 20280915 GTIA,110000,DOP,11,0,106.952118,21/09/2026,12:16:07 PM,PLAZO,PRIMERA PARTE,ROTC,02/12/2026,CONFIRMADA,3354791,0,15/09/2023,15/09/2028,0,BANCO CENTRAL DE LA REPUBLICA DOMINICANA,BCENTRAL,57246
DO1005210922,MH22034,HACIENDA/13 BOEST 20340610 GTIA,4700000,DOP,47,0,0,21/09/2026,12:16:07 PM,PRESTAMO,SEGUNDA PARTE,ROTC,09/06/2034,CONFIRMADA,3354865,0,10/06/2022,10/06/2034,0,MINISTERIO DE HACIENDA,HACIENDA,55286
DO1005210922,MH22034,HACIENDA/13 BOEST 20340610 GTIA,4700000,DOP,47,6.69139,136.598592,21/09/2026,12:16:07 PM,PRESTAMO,PRIMERA PARTE,ROTC,21/09/2026,CONFIRMADA,3354865,0,10/06/2022,10/06/2034,0,MINISTERIO DE HACIENDA,HACIENDA,60921
DO1002227317,NO150928,BCENTRAL/11 BOEST 20280915 GTIA,110000,DOP,11,9,106.736491,21/09/2026,12:16:06 PM,PRESTAMO,SEGUNDA PARTE,ROTC,12/03/2027,CONFIRMADA,3354792,0,15/09/2023,15/09/2028,4.630785,BANCO CENTRAL DE LA REPUBLICA DOMINICANA,BCENTRAL,58884
DO1002227317,NO150928,BCENTRAL/11 BOEST 20280915 GTIA,110000,DOP,11,0,106.952118,21/09/2026,12:16:06 PM,PRESTAMO,PRIMERA PARTE,ROTC,02/12/2026,CONFIRMADA,3354792,0,15/09/2023,15/09/2028,4.630785,BANCO CENTRAL DE LA REPUBLICA DOMINICANA,BCENTRAL,58842
DO1005210922,MH22034,HACIENDA/13 BOEST 20340610 GTIA,4700000,DOP,47,6.69139,136.598592,21/09/2026,12:16:06 PM,PLAZO,PRIMERA PARTE,ROTC,21/12/2026,CONFIRMADA,3354866,0,10/06/2022,10/06/2034,0,MINISTERIO DE HACIENDA,HACIENDA,59269
DO1002227317,NO150928,BCENTRAL/11 BOEST 20280915 GTIA,110000,DOP,11,9,106.736491,21/09/2026,12:16:04 PM,PLAZO,PRIMERA PARTE,ROTC,12/03/2027,CONFIRMADA,3354793,0,15/09/2023,15/09/2028,0,BANCO CENTRAL DE LA REPUBLICA DOMINICANA,BCENTRAL,57330
DO1005208322,MHUS2040,HACIENDA/6.75 BOEST 20400724 GTIA,104000,USD,104,4.323845,125.065058,21/09/2026,12:16:04 PM,CONTADO,PRIMERA PARTE,ROTC,21/09/2026,CONFIRMADA,3354867,0,24/07/2020,24/07/2040,0,MINISTERIO DE HACIENDA,HACIENDA,61964
DO1002228612,NO031227,BCENTRAL/8 BOEST 20271203 GTIA,120000,DOP,12,0,100.660925,21/09/2026,12:16:03 PM,PLAZO,PRIMERA PARTE,ROTC,12/03/2027,CONFIRMADA,3354794,0,03/12/2024,03/12/2027,0,BANCO CENTRAL DE LA REPUBLICA DOMINICANA,BCENTRAL,56777
DO1005208322,MHUS2040,HACIENDA/6.75 BOEST 20400724 GTIA,104000,USD,104,0,0,21/09/2026,12:16:03 PM,PRESTAMO,SEGUNDA PARTE,ROTC,23/07/2040,CONFIRMADA,3354868,0,24/07/2020,24/07/2040,0,MINISTERIO DE HACIENDA,HACIENDA,56784
DO1005208322,MHUS2040,HACIENDA/6.75 BOEST 20400724 GTIA,104000,USD,104,4.306314,124.939865,21/09/2026,12:16:03 PM,PRESTAMO,PRIMERA PARTE,ROTC,21/09/2026,CONFIRMADA,3354868,0,24/07/2020,24/07/2040,0,MINISTERIO DE HACIENDA,HACIENDA,62699
DO1002228612,NO031227,BCENTRAL/8 BOEST 20271203 GTIA,120000,DOP,12,9,100.980717,21/09/2026,12:16:02 PM,PRESTAMO,SEGUNDA PARTE,ROTC,02/06/2027,CONFIRMADA,3354795,0,03/12/2024,03/12/2027,4.094768,BANCO CENTRAL DE LA REPUBLICA DOMINICANA,BCENTRAL,58415
DO1002228612,NO031227,BCENTRAL/8 BOEST 20271203 GTIA,120000,DOP,12,0,100.660925,21/09/2026,12:16:02 PM,PRESTAMO,PRIMERA PARTE,ROTC,12/03/2027,CONFIRMADA,3354795,0,03/12/2024,03/12/2027,4.094768,BANCO CENTRAL DE LA REPUBLICA DOMINICANA,BCENTRAL,58373
DO1005208322,MHUS2040,HACIENDA/6.75 BOEST 20400724 GTIA,104000,USD,104,4.306314,124.939865,21/09/2026,12:16:02 PM,PLAZO,PRIMERA PARTE,ROTC,21/12/2026,CONFIRMADA,3354869,0,24/07/2020,24/07/2040,0,MINISTERIO DE HACIENDA,HACIENDA,61047
DO1002228612,NO031227,BCENTRAL/8 BOEST 20271203 GTIA,120000,DOP,12,9,100.980717,21/09/2026,12:16:01 PM,PLAZO,PRIMERA PARTE,ROTC,02/06/2027,CONFIRMADA,3354796,0,03/12/2024,03/12/2027,0,BANCO CENTRAL DE LA REPUBLICA DOMINICANA,BCENTRAL,56868
DO1002224124,NO120327,BCENTRAL/8 BOEST 20270312 GTIA,980000,DOP,98,4.042947,101.841921,21/09/2026,12:16:01 PM,CONTADO,PRIMERA PARTE,ROTC,21/09/2026,CONFIRMADA,3354870,0,12/03/2022,12/03/2027,0,BANCO CENTRAL DE LA REPUBLICA DOMINICANA,BCENTRAL,60396
DO1002227317,NO150928,BCENTRAL/11 BOEST 20280915 GTIA,120000,DOP,12,0,102.627558,21/09/2026,12:15:59 PM,PLAZO,PRIMERA PARTE,ROTC,02/06/2027,CONFIRMADA,3354797,0,15/09/2023,15/09/2028,0,BANCO CENTRAL DE LA REPUBLICA DOMINICANA,BCENTRAL,57351
DO1002224124,NO120327,BCENTRAL/8 BOEST 20270312 GTIA,980000,DOP,98,0,0,21/09/2026,12:15:59 PM,PRESTAMO,SEGUNDA PARTE,ROTC,11/03/2027,CONFIRMADA,3354871,0,12/03/2022,12/03/2027,0,BANCO CENTRAL DE LA REPUBLICA DOMINICANA,BCENTRAL,55321
DO1002224124,NO120327,BCENTRAL/8 BOEST 20270312 GTIA,980000,DOP,98,0,102.149171,21/09/2026,12:15:59 PM,PRESTAMO,PRIMERA PARTE,ROTC,21/09/2026,CONFIRMADA,3354871,0,12/03/2022,12/03/2027,0,BANCO CENTRAL DE LA REPUBLICA DOMINICANA,BCENTRAL,58618
DO1002227317,NO150928,BCENTRAL/11 BOEST 20280915 GTIA,120000,DOP,12,9,102.567367,21/09/2026,12:15:58 PM,PRESTAMO,SEGUNDA PARTE,ROTC,17/06/2027,CONFIRMADA,3354798,0,15/09/2023,15/09/2028,2.609286,BANCO CENTRAL DE LA REPUBLICA DOMINICANA,BCENTRAL,58996
DO1002227317,NO150928,BCENTRAL/11 BOEST 20280915 GTIA,120000,DOP,12,0,102.627558,21/09/2026,12:15:58 PM,PRESTAMO,PRIMERA PARTE,ROTC,02/06/2027,CONFIRMADA,3354798,0,15/09/2023,15/09/2028,2.609286,BANCO CENTRAL DE LA REPUBLICA DOMINICANA,BCENTRAL,58947
DO1002224124,NO120327,BCENTRAL/8 BOEST 20270312 GTIA,980000,DOP,98,0,102.149171,21/09/2026,12:15:58 PM,PLAZO,PRIMERA PARTE,ROTC,19/01/2027,CONFIRMADA,3354872,0,12/03/2022,12/03/2027,0,BANCO CENTRAL DE LA REPUBLICA DOMINICANA,BCENTRAL,57008
DO1002227317,NO150928,BCENTRAL/11 BOEST 20280915 GTIA,120000,DOP,12,9,102.567367,21/09/2026,12:15:57 PM,PLAZO,PRIMERA PARTE,ROTC,17/06/2027,CONFIRMADA,3354799,0,15/09/2023,15/09/2028,0,BANCO CENTRAL DE LA REPUBLICA DOMINICANA,BCENTRAL,57449
DO1002224124,NO120327,BCENTRAL/8 BOEST 20270312 GTIA,1100000,DOP,110,3.10223,102.290996,21/09/2026,12:15:57 PM,CONTADO,PRIMERA PARTE,ROTC,21/09/2026,CONFIRMADA,3354873,0,12/03/2022,12/03/2027,0,BANCO CENTRAL DE LA REPUBLICA DOMINICANA,BCENTRAL,60536
DO1002224124,NO120327,BCENTRAL/8 BOEST 20270312 GTIA,1100000,DOP,110,0,0,21/09/2026,12:15:56 PM,PRESTAMO,SEGUNDA PARTE,ROTC,11/03/2027,CONFIRMADA,3354874,0,12/03/2022,12/03/2027,0,BANCO CENTRAL DE LA REPUBLICA DOMINICANA,BCENTRAL,55762
DO1002224124,NO120327,BCENTRAL/8 BOEST 20270312 GTIA,1100000,DOP,110,2.087931,102.294196,21/09/2026,12:15:56 PM,PRESTAMO,PRIMERA PARTE,ROTC,21/09/2026,CONFIRMADA,3354874,0,12/03/2022,12/03/2027,0,BANCO CENTRAL DE LA REPUBLICA DOMINICANA,BCENTRAL,61663
DO1002227317,NO150928,BCENTRAL/11 BOEST 20280915 GTIA,19020000,DOP,1902,0.0673,115.972527,21/09/2026,12:15:55 PM,ESTRUCTURADA,SEGUNDA PARTE,ROTC,29/03/2027,CONFIRMADA,3354448,0,15/09/2023,15/09/2028,7.49,BANCO CENTRAL DE LA REPUBLICA DOMINICANA,BCENTRAL,64274
DO1002227317,NO150928,BCENTRAL/11 BOEST 20280915 GTIA,19020000,DOP,1902,4.696,111.805061,21/09/2026,12:15:55 PM,ESTRUCTURADA,PRIMERA PARTE,ROTC,21/09/2026,CONFIRMADA,3354448,0,15/09/2023,15/09/2028,7.49,BANCO CENTRAL DE LA REPUBLICA DOMINICANA,BCENTRAL,63931
DO1002224124,NO120327,BCENTRAL/8 BOEST 20270312 GTIA,1100000,DOP,110,2.087931,102.294196,21/09/2026,12:15:54 PM,PLAZO,PRIMERA PARTE,ROTC,21/10/2026,CONFIRMADA,3354875,0,12/03/2022,12/03/2027,0,BANCO CENTRAL DE LA REPUBLICA DOMINICANA,BCENTRAL,59990
DO1002223621,NO150127,BCENTRAL/8 BOEST 20270115 GTIA,49060000,DOP,4906,6.5257,100.43776,21/09/2026,12:15:53 PM,CONTADO,PRIMERA PARTE,ROTC,21/09/2026,CONFIRMADA,3354876,0,15/01/2022,15/01/2027,0,BANCO CENTRAL DE LA REPUBLICA DOMINICANA,BCENTRAL,60795
DO1002223621,NO150127,BCENTRAL/8 BOEST 20270115 GTIA,49060000,DOP,4906,5.0398,100.65901,21/09/2026,12:15:52 PM,PLAZO,PRIMERA PARTE,ROTC,22/10/2026,CONFIRMADA,3354877,0,15/01/2022,15/01/2027,0,BANCO CENTRAL DE LA REPUBLICA DOMINICANA,BCENTRAL,59787
DO1002226525,NO180228,BCENTRAL/15 BOEST 20280218 GTIA,44000000,DOP,4400,5.7993,112.250494,21/09/2026,12:15:51 PM,CONTADO,PRIMERA PARTE,ROTC,21/09/2026,CONFIRMADA,3354878,0,18/02/2023,18/02/2028,0,BANCO CENTRAL DE LA REPUBLICA DOMINICANA,BCENTRAL,61453
DO1002226525,NO180228,BCENTRAL/15 BOEST 20280218 GTIA,44000000,DOP,4400,5.5166,111.921408,21/09/2026,12:15:49 PM,PLAZO,PRIMERA PARTE,ROTC,22/10/2026,CONFIRMADA,3354879,0,18/02/2023,18/02/2028,0,BANCO CENTRAL DE LA REPUBLICA DOMINICANA,BCENTRAL,60466
DO2006901311,BC1ITA01,EGEITABO/5.65 BO 20311208,9300,USD,9300,4.083456,107.325649,21/09/2026,12:15:48 PM,CONTADO,PRIMERA PARTE,ROTC,21/09/2026,CONFIRMADA,3354880,0,08/12/2021,08/12/2031,0,"EMPRESA GENERADORA DE ELECTRICIDAD ITABO, S.A.",EGEITABO,57897
DO1002223621,NO150127,BCENTRAL/8 BOEST 20270115 GTIA,288900000,DOP,28890,9.3,99.584007,21/09/2026,12:15:47 PM,CONTADO,PRIMERA PARTE,ROTC,21/09/2026,CONFIRMADA,3354832,0,15/01/2022,15/01/2027,0,BANCO CENTRAL DE LA REPUBLICA DOMINICANA,BCENTRAL,60599
DO2006901311,BC1ITA01,EGEITABO/5.65 BO 20311208,9300,USD,9300,0,0,21/09/2026,12:15:47 PM,PRESTAMO,SEGUNDA PARTE,ROTC,05/12/2031,CONFIRMADA,3354881,0,08/12/2021,08/12/2031,0,"EMPRESA GENERADORA DE ELECTRICIDAD ITABO, S.A.",EGEITABO,52647
DO2006901311,BC1ITA01,EGEITABO/5.65 BO 20311208,9300,USD,9300,4.089325,107.192771,21/09/2026,12:15:47 PM,PRESTAMO,PRIMERA PARTE,ROTC,21/09/2026,CONFIRMADA,3354881,0,08/12/2021,08/12/2031,0,"EMPRESA GENERADORA DE ELECTRICIDAD ITABO, S.A.",EGEITABO,58576
DO2006901311,BC1ITA01,EGEITABO/5.65 BO 20311208,9300,USD,9300,4.089325,107.192771,21/09/2026,12:15:46 PM,PLAZO,PRIMERA PARTE,ROTC,21/10/2026,CONFIRMADA,3354882,0,08/12/2021,08/12/2031,0,"EMPRESA GENERADORA DE ELECTRICIDAD ITABO, S.A.",EGEITABO,56910
USP3579ECZ80,BSRD2035, ,55000,USD,55,5.487,102.663909,21/09/2026,12:15:20 PM,ESTRUCTURADA,SEGUNDA PARTE,ROTC,19/01/2027,CONFIRMADA,3354522,0,28/10/2025,28/10/2035,4.9003,MINISTERIO DE HACIENDA,HACIENDA,50295
USP3579ECZ80,BSRD2035, ,55000,USD,55,5.8767,99.980873,21/09/2026,12:15:20 PM,ESTRUCTURADA,PRIMERA PARTE,ROTC,21/09/2026,CONFIRMADA,3354522,0,28/10/2025,28/10/2035,4.9003,MINISTERIO DE HACIENDA,HACIENDA,50540
USP3579ECZ80,BSRD2035, ,5000,USD,5,5.861,100.0934,21/09/2026,12:15:18 PM,ESTRUCTURADA,SEGUNDA PARTE,ROTC,11/11/2026,CONFIRMADA,3354524,0,28/10/2025,28/10/2035,5,MINISTERIO DE HACIENDA,HACIENDA,48713
USP3579ECZ80,BSRD2035, ,5000,USD,5,6.2726,97.2664,21/09/2026,12:15:18 PM,ESTRUCTURADA,PRIMERA PARTE,ROTC,21/09/2026,CONFIRMADA,3354524,0,28/10/2025,28/10/2035,5,MINISTERIO DE HACIENDA,HACIENDA,48972
USP3579ECZ80,BSRD2035, ,5000,USD,5,4.6079,109.1192,21/09/2026,12:15:17 PM,ESTRUCTURADA,SEGUNDA PARTE,ROTC,21/12/2026,CONFIRMADA,3354526,0,28/10/2025,28/10/2035,4.6688,MINISTERIO DE HACIENDA,HACIENDA,49140
USP3579ECZ80,BSRD2035, ,5000,USD,5,4.995,106.3678,21/09/2026,12:15:17 PM,ESTRUCTURADA,PRIMERA PARTE,ROTC,21/09/2026,CONFIRMADA,3354526,0,28/10/2025,28/10/2035,4.6688,MINISTERIO DE HACIENDA,HACIENDA,48972
DO1002261829,NO010330,BCENTRAL/9.5 BOEST 20300301 GTIA,8290000,DOP,829,9.2,100.858385,21/09/2026,12:15:17 PM,CONTADO,PRIMERA PARTE,ROTC,21/09/2026,CONFIRMADA,3354619,0,01/03/2026,01/03/2030,0,BANCO CENTRAL DE LA REPUBLICA DOMINICANA,BCENTRAL,60081
USP3579ECZ80,BSRD2035, ,7000,USD,7,5.3207,103.863857,21/09/2026,12:15:16 PM,ESTRUCTURADA,SEGUNDA PARTE,ROTC,22/12/2026,CONFIRMADA,3354528,0,28/10/2025,28/10/2035,4.6695,MINISTERIO DE HACIENDA,HACIENDA,49903
USP3579ECZ80,BSRD2035, ,7000,USD,7,5.7066,101.176286,21/09/2026,12:15:16 PM,ESTRUCTURADA,PRIMERA PARTE,ROTC,21/09/2026,CONFIRMADA,3354528,0,28/10/2025,28/10/2035,4.6695,MINISTERIO DE HACIENDA,HACIENDA,49987
DO1005208025,COV2040,HACIENDA/10.875 BOEST 20400228 GTIA,700000,DOP,7,5.6946,147.56988,21/09/2026,12:15:15 PM,ESTRUCTURADA,SEGUNDA PARTE,ROTC,22/12/2026,CONFIRMADA,3354530,0,28/02/2020,28/02/2040,9.2739,MINISTERIO DE HACIENDA,HACIENDA,63161
DO1005208025,COV2040,HACIENDA/10.875 BOEST 20400228 GTIA,700000,DOP,7,5.8095,146.81453,21/09/2026,12:15:15 PM,ESTRUCTURADA,PRIMERA PARTE,ROTC,21/09/2026,CONFIRMADA,3354530,0,28/02/2020,28/02/2040,9.2739,MINISTERIO DE HACIENDA,HACIENDA,63126
DO1005208025,COV2040,HACIENDA/10.875 BOEST 20400228 GTIA,100000,DOP,1,11.0141,99.01393,21/09/2026,12:15:13 PM,ESTRUCTURADA,SEGUNDA PARTE,ROTC,20/11/2026,CONFIRMADA,3354532,0,28/02/2020,28/02/2040,9.1,MINISTERIO DE HACIENDA,HACIENDA,62790
DO1005208025,COV2040,HACIENDA/10.875 BOEST 20400228 GTIA,100000,DOP,1,10.9789,99.28493,21/09/2026,12:15:13 PM,ESTRUCTURADA,PRIMERA PARTE,ROTC,21/09/2026,CONFIRMADA,3354532,0,28/02/2020,28/02/2040,9.1,MINISTERIO DE HACIENDA,HACIENDA,63161
DO1002228125,NO090229,BCENTRAL/10 BOEST 20290209 GTIA,100000,DOP,10,16.0996,89.64555,21/09/2026,12:15:12 PM,ESTRUCTURADA,SEGUNDA PARTE,ROTC,19/01/2027,CONFIRMADA,3354535,0,09/02/2024,09/02/2029,9.3996,BANCO CENTRAL DE LA REPUBLICA DOMINICANA,BCENTRAL,62433
DO1002228125,NO090229,BCENTRAL/10 BOEST 20290209 GTIA,100000,DOP,10,15.1102,90.04841,21/09/2026,12:15:12 PM,ESTRUCTURADA,PRIMERA PARTE,ROTC,21/09/2026,CONFIRMADA,3354535,0,09/02/2024,09/02/2029,9.3996,BANCO CENTRAL DE LA REPUBLICA DOMINICANA,BCENTRAL,62237
USP3579ECZ80,BSRD2035, ,76000,USD,76,5.3787,103.426211,21/09/2026,12:15:11 PM,ESTRUCTURADA,SEGUNDA PARTE,ROTC,19/01/2027,CONFIRMADA,3354537,0,28/10/2025,28/10/2035,4.9,MINISTERIO DE HACIENDA,HACIENDA,50603
USP3579ECZ80,BSRD2035, ,76000,USD,76,5.7697,100.731013,21/09/2026,12:15:11 PM,ESTRUCTURADA,PRIMERA PARTE,ROTC,21/09/2026,CONFIRMADA,3354537,0,28/10/2025,28/10/2035,4.9,MINISTERIO DE HACIENDA,HACIENDA,50666
DO1002228125,NO090229,BCENTRAL/10 BOEST 20290209 GTIA,40000,DOP,4,9.2679,101.2889,21/09/2026,12:15:10 PM,ESTRUCTURADA,SEGUNDA PARTE,ROTC,18/02/2027,CONFIRMADA,3354539,0,09/02/2024,09/02/2029,9.4571,BANCO CENTRAL DE LA REPUBLICA DOMINICANA,BCENTRAL,61376
DO1002228125,NO090229,BCENTRAL/10 BOEST 20290209 GTIA,40000,DOP,4,11.7031,96.519675,21/09/2026,12:15:10 PM,ESTRUCTURADA,PRIMERA PARTE,ROTC,21/09/2026,CONFIRMADA,3354539,0,09/02/2024,09/02/2029,9.4571,BANCO CENTRAL DE LA REPUBLICA DOMINICANA,BCENTRAL,62104
DO1002261423,NO301129,BCENTRAL/9.5 BOEST 20291130 GTIA,200000,DOP,20,10.6747,97.142575,21/09/2026,12:15:08 PM,ESTRUCTURADA,SEGUNDA PARTE,ROTC,19/01/2027,CONFIRMADA,3354541,0,30/11/2025,30/11/2029,9.55,BANCO CENTRAL DE LA REPUBLICA DOMINICANA,BCENTRAL,63077
DO1002261423,NO301129,BCENTRAL/9.5 BOEST 20291130 GTIA,200000,DOP,20,10.6003,97.057065,21/09/2026,12:15:08 PM,ESTRUCTURADA,PRIMERA PARTE,ROTC,21/09/2026,CONFIRMADA,3354541,0,30/11/2025,30/11/2029,9.55,BANCO CENTRAL DE LA REPUBLICA DOMINICANA,BCENTRAL,63028
DO1002261423,NO301129,BCENTRAL/9.5 BOEST 20291130 GTIA,220000,DOP,22,5.2868,111.042573,21/09/2026,12:15:07 PM,ESTRUCTURADA,SEGUNDA PARTE,ROTC,19/01/2027,CONFIRMADA,3354543,0,30/11/2025,30/11/2029,9.1,BANCO CENTRAL DE LA REPUBLICA DOMINICANA,BCENTRAL,63014
DO1002261423,NO301129,BCENTRAL/9.5 BOEST 20291130 GTIA,220000,DOP,22,5.7762,110.693427,21/09/2026,12:15:07 PM,ESTRUCTURADA,PRIMERA PARTE,ROTC,21/09/2026,CONFIRMADA,3354543,0,30/11/2025,30/11/2029,9.1,BANCO CENTRAL DE LA REPUBLICA DOMINICANA,BCENTRAL,63126
DO1002228125,NO090229,BCENTRAL/10 BOEST 20290209 GTIA,30000,DOP,3,20.376,81.8732,21/09/2026,12:15:06 PM,ESTRUCTURADA,SEGUNDA PARTE,ROTC,06/11/2026,CONFIRMADA,3354545,0,09/02/2024,09/02/2029,9,BANCO CENTRAL DE LA REPUBLICA DOMINICANA,BCENTRAL,60928
DO1002228125,NO090229,BCENTRAL/10 BOEST 20290209 GTIA,30000,DOP,3,19.7128,82.164867,21/09/2026,12:15:06 PM,ESTRUCTURADA,PRIMERA PARTE,ROTC,21/09/2026,CONFIRMADA,3354545,0,09/02/2024,09/02/2029,9,BANCO CENTRAL DE LA REPUBLICA DOMINICANA,BCENTRAL,62188
DO1005208025,COV2040,HACIENDA/10.875 BOEST 20400228 GTIA,100000,DOP,1,10.6786,101.34098,21/09/2026,12:15:05 PM,ESTRUCTURADA,SEGUNDA PARTE,ROTC,21/12/2026,CONFIRMADA,3354547,0,28/02/2020,28/02/2040,9.1707,MINISTERIO DE HACIENDA,HACIENDA,63231
DO1005208025,COV2040,HACIENDA/10.875 BOEST 20400228 GTIA,100000,DOP,1,10.6384,101.67864,21/09/2026,12:15:05 PM,ESTRUCTURADA,PRIMERA PARTE,ROTC,21/09/2026,CONFIRMADA,3354547,0,28/02/2020,28/02/2040,9.1707,MINISTERIO DE HACIENDA,HACIENDA,63343
DO1002228125,NO090229,BCENTRAL/10 BOEST 20290209 GTIA,50000,DOP,5,10.7231,98.6255,21/09/2026,12:15:03 PM,ESTRUCTURADA,SEGUNDA PARTE,ROTC,21/12/2026,CONFIRMADA,3354549,0,09/02/2024,09/02/2029,8.9676,BANCO CENTRAL DE LA REPUBLICA DOMINICANA,BCENTRAL,61271
DO1002228125,NO090229,BCENTRAL/10 BOEST 20290209 GTIA,50000,DOP,5,10.5562,98.83152,21/09/2026,12:15:03 PM,ESTRUCTURADA,PRIMERA PARTE,ROTC,21/09/2026,CONFIRMADA,3354549,0,09/02/2024,09/02/2029,8.9676,BANCO CENTRAL DE LA REPUBLICA DOMINICANA,BCENTRAL,61754
DO1005208025,COV2040,HACIENDA/10.875 BOEST 20400228 GTIA,300000,DOP,3,5.5532,148.873023,21/09/2026,12:15:02 PM,ESTRUCTURADA,SEGUNDA PARTE,ROTC,18/02/2027,CONFIRMADA,3354550,0,28/02/2020,28/02/2040,9.2612,MINISTERIO DE HACIENDA,HACIENDA,63294
DO1005208025,COV2040,HACIENDA/10.875 BOEST 20400228 GTIA,300000,DOP,3,5.7429,147.618263,21/09/2026,12:15:02 PM,ESTRUCTURADA,PRIMERA PARTE,ROTC,21/09/2026,CONFIRMADA,3354550,0,28/02/2020,28/02/2040,9.2612,MINISTERIO DE HACIENDA,HACIENDA,63420
DO1005208025,COV2040,HACIENDA/10.875 BOEST 20400228 GTIA,300000,DOP,3,5.4523,150.30964,21/09/2026,12:15:01 PM,ESTRUCTURADA,SEGUNDA PARTE,ROTC,19/01/2027,CONFIRMADA,3354552,0,28/02/2020,28/02/2040,9.2001,MINISTERIO DE HACIENDA,HACIENDA,62888
DO1005208025,COV2040,HACIENDA/10.875 BOEST 20400228 GTIA,300000,DOP,3,5.6064,149.28493,21/09/2026,12:15:01 PM,ESTRUCTURADA,PRIMERA PARTE,ROTC,21/09/2026,CONFIRMADA,3354552,0,28/02/2020,28/02/2040,9.2001,MINISTERIO DE HACIENDA,HACIENDA,63049
DO1005208025,COV2040,HACIENDA/10.875 BOEST 20400228 GTIA,3300000,DOP,33,5.4475,151.029985,21/09/2026,12:15:00 PM,ESTRUCTURADA,SEGUNDA PARTE,ROTC,21/10/2026,CONFIRMADA,3354554,0,28/02/2020,28/02/2040,8.9,MINISTERIO DE HACIENDA,HACIENDA,64001
DO1005208025,COV2040,HACIENDA/10.875 BOEST 20400228 GTIA,3300000,DOP,33,5.484,150.800083,21/09/2026,12:15:00 PM,ESTRUCTURADA,PRIMERA PARTE,ROTC,21/09/2026,CONFIRMADA,3354554,0,28/02/2020,28/02/2040,8.9,MINISTERIO DE HACIENDA,HACIENDA,63651
DO1005208025,COV2040,HACIENDA/10.875 BOEST 20400228 GTIA,3000000,DOP,30,5.4326,150.99046,21/09/2026,12:14:59 PM,ESTRUCTURADA,SEGUNDA PARTE,ROTC,20/11/2026,CONFIRMADA,3354556,0,28/02/2020,28/02/2040,9.1,MINISTERIO DE HACIENDA,HACIENDA,63637
DO1005208025,COV2040,HACIENDA/10.875 BOEST 20400228 GTIA,3000000,DOP,30,5.5093,150.484932,21/09/2026,12:14:59 PM,ESTRUCTURADA,PRIMERA PARTE,ROTC,21/09/2026,CONFIRMADA,3354556,0,28/02/2020,28/02/2040,9.1,MINISTERIO DE HACIENDA,HACIENDA,64120
DO1002223621,NO150127,BCENTRAL/8 BOEST 20270115 GTIA,288900000,DOP,28890,9.3,99.584007,21/09/2026,12:14:48 PM,CONTADO,PRIMERA PARTE,ROTC,21/09/2026,CONFIRMADA,3354831,0,15/01/2022,15/01/2027,0,BANCO CENTRAL DE LA REPUBLICA DOMINICANA,BCENTRAL,60599
DO1002261928,LE090427,BCENTRAL/ LT 20270409 GTIA,170000,DOP,17,0,98.110918,21/09/2026,12:14:31 PM,PRESTAMO,SEGUNDA PARTE,ROTC,23/10/2026,CONFIRMADA,3354801,0,09/04/2026,09/04/2027,0.670478,BANCO CENTRAL DE LA REPUBLICA DOMINICANA,BCENTRAL,56217
DO1002261928,LE090427,BCENTRAL/ LT 20270409 GTIA,170000,DOP,17,4.7517,97.453106,21/09/2026,12:14:31 PM,PRESTAMO,PRIMERA PARTE,ROTC,23/09/2026,CONFIRMADA,3354801,0,09/04/2026,09/04/2027,0.670478,BANCO CENTRAL DE LA REPUBLICA DOMINICANA,BCENTRAL,58156
DO1005206516,MH32028,HACIENDA/10.75 BOEST 20280811 GTIA,1000000,DOP,10,11.6308,98.589696,21/09/2026,12:14:30 PM,PRESTAMO,SEGUNDA PARTE,ROTC,21/10/2026,CONFIRMADA,3354519,0,10/08/2018,11/08/2028,1.935722,MINISTERIO DE HACIENDA,HACIENDA,61418
DO1005206516,MH32028,HACIENDA/10.75 BOEST 20280811 GTIA,1000000,DOP,10,11.5018,98.760774,21/09/2026,12:14:30 PM,PRESTAMO,PRIMERA PARTE,ROTC,21/09/2026,CONFIRMADA,3354519,0,10/08/2018,11/08/2028,1.935722,MINISTERIO DE HACIENDA,HACIENDA,61432
DO1002261928,LE090427,BCENTRAL/ LT 20270409 GTIA,170000,DOP,17,0,98.110918,21/09/2026,12:14:30 PM,PLAZO,PRIMERA PARTE,ROTC,23/10/2026,CONFIRMADA,3354802,0,09/04/2026,09/04/2027,0,BANCO CENTRAL DE LA REPUBLICA DOMINICANA,BCENTRAL,54670
DO1002261928,LE090427,BCENTRAL/ LT 20270409 GTIA,2970000,DOP,297,0,96.202878,21/09/2026,12:14:29 PM,PRESTAMO,SEGUNDA PARTE,ROTC,23/10/2026,CONFIRMADA,3354804,0,09/04/2026,09/04/2027,0.670475,BANCO CENTRAL DE LA REPUBLICA DOMINICANA,BCENTRAL,57113
DO1002261928,LE090427,BCENTRAL/ LT 20270409 GTIA,2970000,DOP,297,8.4521,95.557862,21/09/2026,12:14:29 PM,PRESTAMO,PRIMERA PARTE,ROTC,23/09/2026,CONFIRMADA,3354804,0,09/04/2026,09/04/2027,0.670475,BANCO CENTRAL DE LA REPUBLICA DOMINICANA,BCENTRAL,59073
DO1002261928,LE090427,BCENTRAL/ LT 20270409 GTIA,2970000,DOP,297,0,96.202878,21/09/2026,12:14:28 PM,PLAZO,PRIMERA PARTE,ROTC,23/10/2026,CONFIRMADA,3354805,0,09/04/2026,09/04/2027,0,BANCO CENTRAL DE LA REPUBLICA DOMINICANA,BCENTRAL,55566
DO1002261928,LE090427,BCENTRAL/ LT 20270409 GTIA,1050000,DOP,105,0,96.587091,21/09/2026,12:14:27 PM,PRESTAMO,SEGUNDA PARTE,ROTC,23/10/2026,CONFIRMADA,3354807,0,09/04/2026,09/04/2027,0.670474,BANCO CENTRAL DE LA REPUBLICA DOMINICANA,BCENTRAL,56952
DO1002261928,LE090427,BCENTRAL/ LT 20270409 GTIA,1050000,DOP,105,7.6952,95.9395,21/09/2026,12:14:27 PM,PRESTAMO,PRIMERA PARTE,ROTC,23/09/2026,CONFIRMADA,3354807,0,09/04/2026,09/04/2027,0.670474,BANCO CENTRAL DE LA REPUBLICA DOMINICANA,BCENTRAL,58233
DO1002261928,LE090427,BCENTRAL/ LT 20270409 GTIA,1050000,DOP,105,0,96.587091,21/09/2026,12:14:25 PM,PLAZO,PRIMERA PARTE,ROTC,23/10/2026,CONFIRMADA,3354808,0,09/04/2026,09/04/2027,0,BANCO CENTRAL DE LA REPUBLICA DOMINICANA,BCENTRAL,55398
DO1002261928,LE090427,BCENTRAL/ LT 20270409 GTIA,1820000,DOP,182,20.4219,95.814796,21/09/2026,12:14:24 PM,PRESTAMO,SEGUNDA PARTE,ROTC,22/01/2027,CONFIRMADA,3354822,0,09/04/2026,09/04/2027,0.142644,BANCO CENTRAL DE LA REPUBLICA DOMINICANA,BCENTRAL,59157
DO1002261928,LE090427,BCENTRAL/ LT 20270409 GTIA,1820000,DOP,182,8.2129,95.678122,21/09/2026,12:14:24 PM,PRESTAMO,PRIMERA PARTE,ROTC,23/09/2026,CONFIRMADA,3354822,0,09/04/2026,09/04/2027,0.142644,BANCO CENTRAL DE LA REPUBLICA DOMINICANA,BCENTRAL,58905
DO1005206516,MH32028,HACIENDA/10.75 BOEST 20280811 GTIA,1000000,DOP,10,11.6308,98.589696,21/09/2026,12:14:23 PM,ESTRUCTURADA,SEGUNDA PARTE,ROTC,21/10/2026,CONFIRMADA,3354518,0,10/08/2018,11/08/2028,8.55,MINISTERIO DE HACIENDA,HACIENDA,63532
DO1005206516,MH32028,HACIENDA/10.75 BOEST 20280811 GTIA,1000000,DOP,10,11.5018,98.760774,21/09/2026,12:14:23 PM,ESTRUCTURADA,PRIMERA PARTE,ROTC,21/09/2026,CONFIRMADA,3354518,0,10/08/2018,11/08/2028,8.55,MINISTERIO DE HACIENDA,HACIENDA,63546
DO1002261928,LE090427,BCENTRAL/ LT 20270409 GTIA,1820000,DOP,182,20.4219,95.814796,21/09/2026,12:14:23 PM,PLAZO,PRIMERA PARTE,ROTC,22/01/2027,CONFIRMADA,3354823,0,09/04/2026,09/04/2027,0,BANCO CENTRAL DE LA REPUBLICA DOMINICANA,BCENTRAL,57610
DO1002261928,LE090427,BCENTRAL/ LT 20270409 GTIA,17300000,DOP,1730,-59.944,109.081647,21/09/2026,12:14:22 PM,PRESTAMO,SEGUNDA PARTE,ROTC,18/02/2027,CONFIRMADA,3354825,0,09/04/2026,09/04/2027,3.556359,BANCO CENTRAL DE LA REPUBLICA DOMINICANA,BCENTRAL,60172
DO1002261928,LE090427,BCENTRAL/ LT 20270409 GTIA,17300000,DOP,1730,-8.9011,105.202312,21/09/2026,12:14:22 PM,PRESTAMO,PRIMERA PARTE,ROTC,21/09/2026,CONFIRMADA,3354825,0,09/04/2026,09/04/2027,3.556359,BANCO CENTRAL DE LA REPUBLICA DOMINICANA,BCENTRAL,60011
DO1002261928,LE090427,BCENTRAL/ LT 20270409 GTIA,17300000,DOP,1730,-59.944,109.081647,21/09/2026,12:14:20 PM,PLAZO,PRIMERA PARTE,ROTC,18/02/2027,CONFIRMADA,3354826,0,09/04/2026,09/04/2027,0,BANCO CENTRAL DE LA REPUBLICA DOMINICANA,BCENTRAL,58618
DO1002261928,LE090427,BCENTRAL/ LT 20270409 GTIA,17300000,DOP,1730,-8.9011,105.202312,21/09/2026,12:14:01 PM,CONTADO,PRIMERA PARTE,ROTC,21/09/2026,CONFIRMADA,3354824,0,09/04/2026,09/04/2027,0,BANCO CENTRAL DE LA REPUBLICA DOMINICANA,BCENTRAL,59297
DO1002261928,LE090427,BCENTRAL/ LT 20270409 GTIA,1820000,DOP,182,8.2129,95.678122,21/09/2026,12:13:35 PM,CONTADO,PRIMERA PARTE,ROTC,23/09/2026,CONFIRMADA,3354821,0,09/04/2026,09/04/2027,0,BANCO CENTRAL DE LA REPUBLICA DOMINICANA,BCENTRAL,58219
USP3579ECY16,BSDR2037, ,185000000,DOP,3700,5,144.4515,21/09/2026,12:13:31 PM,CONTADO,PRIMERA PARTE,ROTC,21/09/2026,CONFIRMADA,3354266,0,24/02/2025,15/03/2037,0,MINISTERIO DE HACIENDA,HACIENDA,47327
DO1002227317,NO150928,BCENTRAL/11 BOEST 20280915 GTIA,2260000,DOP,226,0.1957,115.764954,21/09/2026,12:12:59 PM,PRESTAMO,SEGUNDA PARTE,ROTC,29/03/2027,CONFIRMADA,3354462,0,15/09/2023,15/09/2028,3.891772,BANCO CENTRAL DE LA REPUBLICA DOMINICANA,BCENTRAL,61544
DO1002227317,NO150928,BCENTRAL/11 BOEST 20280915 GTIA,2260000,DOP,226,4.7672,111.661838,21/09/2026,12:12:59 PM,PRESTAMO,PRIMERA PARTE,ROTC,21/09/2026,CONFIRMADA,3354462,0,15/09/2023,15/09/2028,3.891772,BANCO CENTRAL DE LA REPUBLICA DOMINICANA,BCENTRAL,61565
DO1002261928,LE090427,BCENTRAL/ LT 20270409 GTIA,1050000,DOP,105,7.6952,95.9395,21/09/2026,12:12:52 PM,CONTADO,PRIMERA PARTE,ROTC,23/09/2026,CONFIRMADA,3354806,0,09/04/2026,09/04/2027,0,BANCO CENTRAL DE LA REPUBLICA DOMINICANA,BCENTRAL,57512
DO2016300223,BC1GUL02,GULFSTREAM/11.15 BO 20290624,1087055,DOP,1087055,10.1751,101.95039,21/09/2026,12:12:47 PM,PRESTAMO,SEGUNDA PARTE,ROTC,19/03/2027,CONFIRMADA,3354513,0,24/06/2019,24/06/2029,6.952125,GULFSTREAM PETROLEUM DOMINICANA S DE RL,GULFSTREAM,61509
DO2016300223,BC1GUL02,GULFSTREAM/11.15 BO 20290624,1087055,DOP,1087055,12.3279,97.278729,21/09/2026,12:12:47 PM,PRESTAMO,PRIMERA PARTE,ROTC,21/09/2026,CONFIRMADA,3354513,0,24/06/2019,24/06/2029,6.952125,GULFSTREAM PETROLEUM DOMINICANA S DE RL,GULFSTREAM,61782
DO2016300223,BC1GUL02,GULFSTREAM/11.15 BO 20290624,1087055,DOP,1087055,10.1751,101.95039,21/09/2026,12:12:39 PM,ESTRUCTURADA,SEGUNDA PARTE,ROTC,19/03/2027,CONFIRMADA,3354512,0,24/06/2019,24/06/2029,9.15,GULFSTREAM PETROLEUM DOMINICANA S DE RL,GULFSTREAM,63616
DO2016300223,BC1GUL02,GULFSTREAM/11.15 BO 20290624,1087055,DOP,1087055,12.3279,97.278729,21/09/2026,12:12:39 PM,ESTRUCTURADA,PRIMERA PARTE,ROTC,21/09/2026,CONFIRMADA,3354512,0,24/06/2019,24/06/2029,9.15,GULFSTREAM PETROLEUM DOMINICANA S DE RL,GULFSTREAM,63889
DO1002227317,NO150928,BCENTRAL/11 BOEST 20280915 GTIA,2260000,DOP,226,0.1957,115.764954,21/09/2026,12:12:26 PM,ESTRUCTURADA,SEGUNDA PARTE,ROTC,29/03/2027,CONFIRMADA,3354460,0,15/09/2023,15/09/2028,7.39,BANCO CENTRAL DE LA REPUBLICA DOMINICANA,BCENTRAL,63602
DO1002227317,NO150928,BCENTRAL/11 BOEST 20280915 GTIA,2260000,DOP,226,4.7672,111.661838,21/09/2026,12:12:26 PM,ESTRUCTURADA,PRIMERA PARTE,ROTC,21/09/2026,CONFIRMADA,3354460,0,15/09/2023,15/09/2028,7.39,BANCO CENTRAL DE LA REPUBLICA DOMINICANA,BCENTRAL,63623
DO1002261928,LE090427,BCENTRAL/ LT 20270409 GTIA,2970000,DOP,297,8.4521,95.557862,21/09/2026,12:12:04 PM,CONTADO,PRIMERA PARTE,ROTC,23/09/2026,CONFIRMADA,3354803,0,09/04/2026,09/04/2027,0,BANCO CENTRAL DE LA REPUBLICA DOMINICANA,BCENTRAL,58317
DO1002261928,LE090427,BCENTRAL/ LT 20270409 GTIA,170000,DOP,17,4.7517,97.453106,21/09/2026,12:11:30 PM,CONTADO,PRIMERA PARTE,ROTC,23/09/2026,CONFIRMADA,3354800,0,09/04/2026,09/04/2027,0,BANCO CENTRAL DE LA REPUBLICA DOMINICANA,BCENTRAL,57435
USP3579ECE51,BSRD2049,"DOMINICAN, REP /6.4 BD 20490605",103000,USD,103,4.8836,120.583971,21/09/2026,12:10:55 PM,PRESTAMO,SEGUNDA PARTE,ROTC,20/11/2026,CONFIRMADA,3354508,0,05/06/2019,05/06/2049,2.212565,MINISTERIO DE HACIENDA,HACIENDA,61397
USP3579ECE51,BSRD2049,"DOMINICAN, REP /6.4 BD 20490605",103000,USD,103,4.8756,120.7844,21/09/2026,12:10:55 PM,PRESTAMO,PRIMERA PARTE,ROTC,21/09/2026,CONFIRMADA,3354508,0,05/06/2019,05/06/2049,2.212565,MINISTERIO DE HACIENDA,HACIENDA,60781
USP3579ECE51,BSRD2049,"DOMINICAN, REP /6.4 BD 20490605",103000,USD,103,4.8836,120.583971,21/09/2026,12:10:46 PM,ESTRUCTURADA,SEGUNDA PARTE,ROTC,20/11/2026,CONFIRMADA,3354506,0,05/06/2019,05/06/2049,4.15,MINISTERIO DE HACIENDA,HACIENDA,63497
USP3579ECE51,BSRD2049,"DOMINICAN, REP /6.4 BD 20490605",103000,USD,103,4.8756,120.7844,21/09/2026,12:10:46 PM,ESTRUCTURADA,PRIMERA PARTE,ROTC,21/09/2026,CONFIRMADA,3354506,0,05/06/2019,05/06/2049,4.15,MINISTERIO DE HACIENDA,HACIENDA,62881
USP3579ECV76,BSDR2036, ,175000000,DOP,3500,5,143.735997,21/09/2026,12:09:35 PM,CONTADO,PRIMERA PARTE,ROTC,21/09/2026,CONFIRMADA,3354255,0,01/07/2024,01/06/2036,0,MINISTERIO DE HACIENDA,HACIENDA,48223
USP3579EBV85,BSDR2027,DOMINICAN Rep/5.95 BD 20270125 Se,100000,USD,100,4.2,100.92860400000001,21/09/2026,12:09:28 PM,PRESTAMO,SEGUNDA PARTE,ROTC,20/11/2026,CONFIRMADA,3354813,0,25/01/2017,25/01/2027,0.02,MINISTERIO DE HACIENDA,HACIENDA,62111
USP3579EBV85,BSDR2027,DOMINICAN Rep/5.95 BD 20270125 Se,100000,USD,100,4.2,100.92860400000001,21/09/2026,12:09:28 PM,PRESTAMO,PRIMERA PARTE,ROTC,21/09/2026,CONFIRMADA,3354813,0,25/01/2017,25/01/2027,0.02,MINISTERIO DE HACIENDA,HACIENDA,62230
USP3579EBV85,BSDR2027,DOMINICAN Rep/5.95 BD 20270125 Se,100000,USD,100,2.228679,100.663049,21/09/2026,12:09:15 PM,PLAZO,PRIMERA PARTE,ROTC,20/11/2026,CONFIRMADA,3354810,0,25/01/2017,25/01/2027,0,MINISTERIO DE HACIENDA,HACIENDA,62426
USP3579EBV85,BSDR2027,DOMINICAN Rep/5.95 BD 20270125 Se,100000,USD,100,3.202739,100.92860400000001,21/09/2026,12:09:09 PM,CONTADO,PRIMERA PARTE,ROTC,21/09/2026,CONFIRMADA,3354809,0,25/01/2017,25/01/2027,0,MINISTERIO DE HACIENDA,HACIENDA,63350
DO1005206516,MH32028,HACIENDA/10.75 BOEST 20280811 GTIA,19600000,DOP,196,10.3357,100.657762,21/09/2026,12:08:27 PM,PRESTAMO,SEGUNDA PARTE,ROTC,21/10/2026,CONFIRMADA,3354503,0,10/08/2018,11/08/2028,1.92333,MINISTERIO DE HACIENDA,HACIENDA,62517
DO1005206516,MH32028,HACIENDA/10.75 BOEST 20280811 GTIA,19600000,DOP,196,10.2757,100.801544,21/09/2026,12:08:27 PM,PRESTAMO,PRIMERA PARTE,ROTC,21/09/2026,CONFIRMADA,3354503,0,10/08/2018,11/08/2028,1.92333,MINISTERIO DE HACIENDA,HACIENDA,62580
DO1005206516,MH32028,HACIENDA/10.75 BOEST 20280811 GTIA,19600000,DOP,196,10.3357,100.657762,21/09/2026,12:08:19 PM,ESTRUCTURADA,SEGUNDA PARTE,ROTC,21/10/2026,CONFIRMADA,3354502,0,10/08/2018,11/08/2028,8.7,MINISTERIO DE HACIENDA,HACIENDA,64624
DO1005206516,MH32028,HACIENDA/10.75 BOEST 20280811 GTIA,19600000,DOP,196,10.2757,100.801544,21/09/2026,12:08:19 PM,ESTRUCTURADA,PRIMERA PARTE,ROTC,21/09/2026,CONFIRMADA,3354502,0,10/08/2018,11/08/2028,8.7,MINISTERIO DE HACIENDA,HACIENDA,64687
DO1005208215,MHUS2029,HACIENDA/6.95 BOEST 20290626 GTIA,24000,USD,24,2.43574199,111.303216,21/09/2026,12:03:54 PM,PRESTAMO,SEGUNDA PARTE,ROTC,20/11/2026,CONFIRMADA,3354630,0,26/06/2020,26/06/2029,4.9,MINISTERIO DE HACIENDA,HACIENDA,62692
DO1005208215,MHUS2029,HACIENDA/6.95 BOEST 20290626 GTIA,24000,USD,24,2.60185626,111.518111,21/09/2026,12:03:54 PM,PRESTAMO,PRIMERA PARTE,ROTC,21/09/2026,CONFIRMADA,3354630,0,26/06/2020,26/06/2029,4.9,MINISTERIO DE HACIENDA,HACIENDA,62769
DO1005208215,MHUS2029,HACIENDA/6.95 BOEST 20290626 GTIA,24000,USD,24,2.43574199,111.303216,21/09/2026,12:03:53 PM,ESTRUCTURADA,SEGUNDA PARTE,ROTC,20/11/2026,CONFIRMADA,3354567,0,26/06/2020,26/06/2029,4.9,MINISTERIO DE HACIENDA,HACIENDA,64785
DO1005208215,MHUS2029,HACIENDA/6.95 BOEST 20290626 GTIA,24000,USD,24,2.60185626,111.518111,21/09/2026,12:03:53 PM,ESTRUCTURADA,PRIMERA PARTE,ROTC,21/09/2026,CONFIRMADA,3354567,0,26/06/2020,26/06/2029,4.9,MINISTERIO DE HACIENDA,HACIENDA,64862
DO1002261522,NO180130,BCENTRAL/9.5 BOEST 20300118 GTIA,5820000,DOP,582,9.01690791,101.306145,21/09/2026,12:03:52 PM,ESTRUCTURADA,SEGUNDA PARTE,ROTC,21/10/2026,CONFIRMADA,3354568,0,18/01/2026,18/01/2030,7.75,BANCO CENTRAL DE LA REPUBLICA DOMINICANA,BCENTRAL,65135
DO1002261522,NO180130,BCENTRAL/9.5 BOEST 20300118 GTIA,5820000,DOP,582,8.98966145,101.414794,21/09/2026,12:03:52 PM,ESTRUCTURADA,PRIMERA PARTE,ROTC,21/09/2026,CONFIRMADA,3354568,0,18/01/2026,18/01/2030,7.75,BANCO CENTRAL DE LA REPUBLICA DOMINICANA,BCENTRAL,65422
DO1005204412,MH12029,HACIENDA/11.375 BOEST 20290706 GTIA,2300000,DOP,23,8.76248163,106.046236,21/09/2026,12:03:50 PM,PRESTAMO,SEGUNDA PARTE,ROTC,05/11/2026,CONFIRMADA,3354629,0,06/07/2014,06/07/2029,7.95,MINISTERIO DE HACIENDA,HACIENDA,63133
DO1005204412,MH12029,HACIENDA/11.375 BOEST 20290706 GTIA,2300000,DOP,23,8.73675668,106.367757,21/09/2026,12:03:50 PM,PRESTAMO,PRIMERA PARTE,ROTC,21/09/2026,CONFIRMADA,3354629,0,06/07/2014,06/07/2029,7.95,MINISTERIO DE HACIENDA,HACIENDA,63406
DO1005204412,MH12029,HACIENDA/11.375 BOEST 20290706 GTIA,2300000,DOP,23,8.76248163,106.046236,21/09/2026,12:03:49 PM,ESTRUCTURADA,SEGUNDA PARTE,ROTC,05/11/2026,CONFIRMADA,3354569,0,06/07/2014,06/07/2029,7.95,MINISTERIO DE HACIENDA,HACIENDA,65289
DO1005204412,MH12029,HACIENDA/11.375 BOEST 20290706 GTIA,2300000,DOP,23,8.73675668,106.367757,21/09/2026,12:03:49 PM,ESTRUCTURADA,PRIMERA PARTE,ROTC,21/09/2026,CONFIRMADA,3354569,0,06/07/2014,06/07/2029,7.95,MINISTERIO DE HACIENDA,HACIENDA,65562
DO1002261423,NO301129,BCENTRAL/9.5 BOEST 20291130 GTIA,1570000,DOP,157,9.46665535,100.080336,21/09/2026,12:03:48 PM,PRESTAMO,SEGUNDA PARTE,ROTC,20/11/2026,CONFIRMADA,3354628,0,30/11/2025,30/11/2029,7.95,BANCO CENTRAL DE LA REPUBLICA DOMINICANA,BCENTRAL,63133
DO1002261423,NO301129,BCENTRAL/9.5 BOEST 20291130 GTIA,1570000,DOP,157,9.3936093,100.261787,21/09/2026,12:03:48 PM,PRESTAMO,PRIMERA PARTE,ROTC,21/09/2026,CONFIRMADA,3354628,0,30/11/2025,30/11/2029,7.95,BANCO CENTRAL DE LA REPUBLICA DOMINICANA,BCENTRAL,62944
DO1002261423,NO301129,BCENTRAL/9.5 BOEST 20291130 GTIA,1570000,DOP,157,9.46665535,100.080336,21/09/2026,12:03:47 PM,ESTRUCTURADA,SEGUNDA PARTE,ROTC,20/11/2026,CONFIRMADA,3354570,0,30/11/2025,30/11/2029,7.95,BANCO CENTRAL DE LA REPUBLICA DOMINICANA,BCENTRAL,65226
DO1002261423,NO301129,BCENTRAL/9.5 BOEST 20291130 GTIA,1570000,DOP,157,9.3936093,100.261787,21/09/2026,12:03:47 PM,ESTRUCTURADA,PRIMERA PARTE,ROTC,21/09/2026,CONFIRMADA,3354570,0,30/11/2025,30/11/2029,7.95,BANCO CENTRAL DE LA REPUBLICA DOMINICANA,BCENTRAL,65037
DO1002261423,NO301129,BCENTRAL/9.5 BOEST 20291130 GTIA,290000,DOP,29,8.47751867,102.726915,21/09/2026,12:03:45 PM,PRESTAMO,SEGUNDA PARTE,ROTC,21/10/2026,CONFIRMADA,3354626,0,30/11/2025,30/11/2029,7.1,BANCO CENTRAL DE LA REPUBLICA DOMINICANA,BCENTRAL,62524
DO1002261423,NO301129,BCENTRAL/9.5 BOEST 20291130 GTIA,290000,DOP,29,8.44464362,102.87528,21/09/2026,12:03:45 PM,PRESTAMO,PRIMERA PARTE,ROTC,21/09/2026,CONFIRMADA,3354626,0,30/11/2025,30/11/2029,7.1,BANCO CENTRAL DE LA REPUBLICA DOMINICANA,BCENTRAL,62223
DO1002261423,NO301129,BCENTRAL/9.5 BOEST 20291130 GTIA,290000,DOP,29,8.47751867,102.726915,21/09/2026,12:03:44 PM,ESTRUCTURADA,SEGUNDA PARTE,ROTC,21/10/2026,CONFIRMADA,3354583,0,30/11/2025,30/11/2029,7.1,BANCO CENTRAL DE LA REPUBLICA DOMINICANA,BCENTRAL,64617
DO1002261423,NO301129,BCENTRAL/9.5 BOEST 20291130 GTIA,290000,DOP,29,8.44464362,102.87528,21/09/2026,12:03:44 PM,ESTRUCTURADA,PRIMERA PARTE,ROTC,21/09/2026,CONFIRMADA,3354583,0,30/11/2025,30/11/2029,7.1,BANCO CENTRAL DE LA REPUBLICA DOMINICANA,BCENTRAL,64316
DO2016300124,BC1GUL01,GULFSTREAM/11.25 BO 20290528,208852,DOP,208852,10.53499355,101.573875,21/09/2026,12:03:43 PM,PRESTAMO,SEGUNDA PARTE,ROTC,10/11/2026,CONFIRMADA,3354624,0,28/05/2019,28/05/2029,9.05,GULFSTREAM PETROLEUM DOMINICANA S DE RL,GULFSTREAM,62685
DO2016300124,BC1GUL01,GULFSTREAM/11.25 BO 20290528,208852,DOP,208852,10.45813678,101.82578,21/09/2026,12:03:43 PM,PRESTAMO,PRIMERA PARTE,ROTC,21/09/2026,CONFIRMADA,3354624,0,28/05/2019,28/05/2029,9.05,GULFSTREAM PETROLEUM DOMINICANA S DE RL,GULFSTREAM,62433
DO2016300124,BC1GUL01,GULFSTREAM/11.25 BO 20290528,208852,DOP,208852,10.53499355,101.573875,21/09/2026,12:03:42 PM,ESTRUCTURADA,SEGUNDA PARTE,ROTC,10/11/2026,CONFIRMADA,3354580,0,28/05/2019,28/05/2029,9.05,GULFSTREAM PETROLEUM DOMINICANA S DE RL,GULFSTREAM,64778
DO2016300124,BC1GUL01,GULFSTREAM/11.25 BO 20290528,208852,DOP,208852,10.45813678,101.82578,21/09/2026,12:03:42 PM,ESTRUCTURADA,PRIMERA PARTE,ROTC,21/09/2026,CONFIRMADA,3354580,0,28/05/2019,28/05/2029,9.05,GULFSTREAM PETROLEUM DOMINICANA S DE RL,GULFSTREAM,64526
USP3579ECE51,BSRD2049,"DOMINICAN, REP /6.4 BD 20490605",1842000,USD,1842,6.99882722,93.225,21/09/2026,12:03:18 PM,CONTADO,PRIMERA PARTE,ROTC,21/09/2026,CONFIRMADA,3354372,0,05/06/2019,05/06/2049,0,MINISTERIO DE HACIENDA,HACIENDA,61719
USP3579EAY34,BSRD2044,DOMINICAN Rep/7.45 BD 20440430 GO,1165000,USD,1165,7.01484786,104.35,21/09/2026,12:02:26 PM,CONTADO,PRIMERA PARTE,ROTC,21/09/2026,CONFIRMADA,3354370,0,30/04/2014,30/04/2044,0,MINISTERIO DE HACIENDA,HACIENDA,63168
DO1002261225,LE021026,BCENTRAL/ LT 20261002 GTIA,1000000,DOP,100,-91.358,100.254418,21/09/2026,12:01:43 PM,PRESTAMO,SEGUNDA PARTE,ROTC,01/10/2026,CONFIRMADA,3354575,0,02/10/2025,02/10/2026,0.256286,BANCO CENTRAL DE LA REPUBLICA DOMINICANA,BCENTRAL,58947
DO1002261225,LE021026,BCENTRAL/ LT 20261002 GTIA,1000000,DOP,100,0.0825,99.99748,21/09/2026,12:01:43 PM,PRESTAMO,PRIMERA PARTE,ROTC,21/09/2026,CONFIRMADA,3354575,0,02/10/2025,02/10/2026,0.256286,BANCO CENTRAL DE LA REPUBLICA DOMINICANA,BCENTRAL,58226
DO1002261225,LE021026,BCENTRAL/ LT 20261002 GTIA,1000000,DOP,100,-91.358,100.254418,21/09/2026,12:01:42 PM,PLAZO,PRIMERA PARTE,ROTC,01/10/2026,CONFIRMADA,3354576,0,02/10/2025,02/10/2026,0,BANCO CENTRAL DE LA REPUBLICA DOMINICANA,BCENTRAL,57400
DO1002261928,LE090427,BCENTRAL/ LT 20270409 GTIA,1050000,DOP,105,9.0974,95.880952,21/09/2026,12:01:40 PM,PRESTAMO,SEGUNDA PARTE,ROTC,21/10/2026,CONFIRMADA,3354578,0,09/04/2026,09/04/2027,0.670474,BANCO CENTRAL DE LA REPUBLICA DOMINICANA,BCENTRAL,58751
DO1002261928,LE090427,BCENTRAL/ LT 20270409 GTIA,1050000,DOP,105,9,95.238095,21/09/2026,12:01:40 PM,PRESTAMO,PRIMERA PARTE,ROTC,21/09/2026,CONFIRMADA,3354578,0,09/04/2026,09/04/2027,0.670474,BANCO CENTRAL DE LA REPUBLICA DOMINICANA,BCENTRAL,57029
DO1002261928,LE090427,BCENTRAL/ LT 20270409 GTIA,1050000,DOP,105,9.0974,95.880952,21/09/2026,12:01:39 PM,PLAZO,PRIMERA PARTE,ROTC,21/10/2026,CONFIRMADA,3354579,0,09/04/2026,09/04/2027,0,BANCO CENTRAL DE LA REPUBLICA DOMINICANA,BCENTRAL,57267
USP3579EBY25,BSRD2048,DOMINICAN REP/6.5 CHURCH BD UNSEC,2000,USD,2,6.3822,101.35,21/09/2026,12:01:38 PM,PRESTAMO,SEGUNDA PARTE,ROTC,22/10/2026,CONFIRMADA,3354622,0,08/02/2018,15/02/2048,0.983332,MINISTERIO DE HACIENDA,HACIENDA,61208
USP3579EBY25,BSRD2048,DOMINICAN REP/6.5 CHURCH BD UNSEC,2000,USD,2,6.3656,101.551,21/09/2026,12:01:38 PM,PRESTAMO,PRIMERA PARTE,ROTC,22/09/2026,CONFIRMADA,3354622,0,08/02/2018,15/02/2048,0.983332,MINISTERIO DE HACIENDA,HACIENDA,61719
USP3579EBY25,BSRD2048,DOMINICAN REP/6.5 CHURCH BD UNSEC,2000,USD,2,6.3822,101.35,21/09/2026,12:01:36 PM,PLAZO,PRIMERA PARTE,ROTC,22/10/2026,CONFIRMADA,3354623,0,08/02/2018,15/02/2048,0,MINISTERIO DE HACIENDA,HACIENDA,59654
USP3579ECW59,BSRD22037, ,1224000,USD,1224,6.68800697,101.95,21/09/2026,12:01:28 PM,CONTADO,PRIMERA PARTE,ROTC,21/09/2026,CONFIRMADA,3354368,0,24/02/2025,15/03/2037,0,MINISTERIO DE HACIENDA,HACIENDA,49679
USP3579EBY25,BSRD2048,DOMINICAN REP/6.5 CHURCH BD UNSEC,2000,USD,2,6.3656,101.551,21/09/2026,12:01:23 PM,CONTADO,PRIMERA PARTE,ROTC,22/09/2026,CONFIRMADA,3354621,0,08/02/2018,15/02/2048,0,MINISTERIO DE HACIENDA,HACIENDA,60984
DO1002261928,LE090427,BCENTRAL/ LT 20270409 GTIA,1050000,DOP,105,9,95.238095,21/09/2026,12:00:56 PM,CONTADO,PRIMERA PARTE,ROTC,21/09/2026,CONFIRMADA,3354577,0,09/04/2026,09/04/2027,0,BANCO CENTRAL DE LA REPUBLICA DOMINICANA,BCENTRAL,56378
DO1002224124,NO120327,BCENTRAL/8 BOEST 20270312 GTIA,6000000,DOP,600,9.75,99.201762,21/09/2026,12:00:38 PM,CONTADO,PRIMERA PARTE,ROTC,21/09/2026,CONFIRMADA,3354559,0,12/03/2022,12/03/2027,0,BANCO CENTRAL DE LA REPUBLICA DOMINICANA,BCENTRAL,59255
DO1002261225,LE021026,BCENTRAL/ LT 20261002 GTIA,1000000,DOP,100,0.0825,99.99748,21/09/2026,12:00:35 PM,CONTADO,PRIMERA PARTE,ROTC,21/09/2026,CONFIRMADA,3354574,0,02/10/2025,02/10/2026,0,BANCO CENTRAL DE LA REPUBLICA DOMINICANA,BCENTRAL,57533
USP3579ECH82,BSRD2032,"DOMINICAN, REP /4.875 BD 20320923",787000,USD,787,6.32435942,92.85,21/09/2026,12:00:16 PM,CONTADO,PRIMERA PARTE,ROTC,21/09/2026,CONFIRMADA,3354366,0,23/09/2020,23/09/2032,0,MINISTERIO DE HACIENDA,HACIENDA,61418
USP3579ECY16,BSDR2037, ,950000,DOP,19,9.1365,108.871264,21/09/2026,11:59:31 AM,ESTRUCTURADA,SEGUNDA PARTE,ROTC,22/01/2027,CONFIRMADA,3354585,0,24/02/2025,15/03/2037,9.2,MINISTERIO DE HACIENDA,HACIENDA,50855
USP3579ECY16,BSDR2037, ,950000,DOP,19,9.1508,108.969651,21/09/2026,11:59:31 AM,ESTRUCTURADA,PRIMERA PARTE,ROTC,21/09/2026,CONFIRMADA,3354585,0,24/02/2025,15/03/2037,9.2,MINISTERIO DE HACIENDA,HACIENDA,51009
USP3579ECY16,BSDR2037, ,950000,DOP,19,0,0,21/09/2026,11:59:30 AM,PRESTAMO,SEGUNDA PARTE,ROTC,13/03/2037,CONFIRMADA,3354586,0,24/02/2025,15/03/2037,0,MINISTERIO DE HACIENDA,HACIENDA,43666
USP3579ECY16,BSDR2037, ,950000,DOP,19,9.1508,108.969651,21/09/2026,11:59:30 AM,PRESTAMO,PRIMERA PARTE,ROTC,21/09/2026,CONFIRMADA,3354586,0,24/02/2025,15/03/2037,0,MINISTERIO DE HACIENDA,HACIENDA,48902
USP3579ECB13,BSRD2028,"DOMINICAN, REP /6 BD 20280719 REGS",8000,USD,8,5.215,100.981708,21/09/2026,11:59:29 AM,ESTRUCTURADA,SEGUNDA PARTE,ROTC,23/03/2027,CONFIRMADA,3354587,0,19/07/2018,19/07/2028,4.85,MINISTERIO DE HACIENDA,HACIENDA,63406
USP3579ECB13,BSRD2028,"DOMINICAN, REP /6 BD 20280719 REGS",8000,USD,8,5.1321,101.487417,21/09/2026,11:59:29 AM,ESTRUCTURADA,PRIMERA PARTE,ROTC,21/09/2026,CONFIRMADA,3354587,0,19/07/2018,19/07/2028,4.85,MINISTERIO DE HACIENDA,HACIENDA,63812
USP3579ECB13,BSRD2028,"DOMINICAN, REP /6 BD 20280719 REGS",8000,USD,8,0,0,21/09/2026,11:59:28 AM,PRESTAMO,SEGUNDA PARTE,ROTC,18/07/2028,CONFIRMADA,3354588,0,19/07/2018,19/07/2028,0,MINISTERIO DE HACIENDA,HACIENDA,56693
USP3579ECB13,BSRD2028,"DOMINICAN, REP /6 BD 20280719 REGS",8000,USD,8,5.1321,101.487417,21/09/2026,11:59:28 AM,PRESTAMO,PRIMERA PARTE,ROTC,21/09/2026,CONFIRMADA,3354588,0,19/07/2018,19/07/2028,0,MINISTERIO DE HACIENDA,HACIENDA,61705
DO1005213421,MH22035,HACIENDA/10.5 BOEST 20350510 GTIA,900000,DOP,9,9.261,107.125932,21/09/2026,11:59:26 AM,ESTRUCTURADA,SEGUNDA PARTE,ROTC,23/11/2026,CONFIRMADA,3354589,0,10/05/2024,10/05/2035,8.65,MINISTERIO DE HACIENDA,HACIENDA,61915
DO1005213421,MH22035,HACIENDA/10.5 BOEST 20350510 GTIA,900000,DOP,9,9.2543,107.256317,21/09/2026,11:59:26 AM,ESTRUCTURADA,PRIMERA PARTE,ROTC,21/09/2026,CONFIRMADA,3354589,0,10/05/2024,10/05/2035,8.65,MINISTERIO DE HACIENDA,HACIENDA,62398
DO1005213421,MH22035,HACIENDA/10.5 BOEST 20350510 GTIA,900000,DOP,9,0,0,21/09/2026,11:59:25 AM,PRESTAMO,SEGUNDA PARTE,ROTC,09/05/2035,CONFIRMADA,3354590,0,10/05/2024,10/05/2035,0,MINISTERIO DE HACIENDA,HACIENDA,55181
DO1005213421,MH22035,HACIENDA/10.5 BOEST 20350510 GTIA,900000,DOP,9,9.2543,107.256317,21/09/2026,11:59:25 AM,PRESTAMO,PRIMERA PARTE,ROTC,21/09/2026,CONFIRMADA,3354590,0,10/05/2024,10/05/2035,0,MINISTERIO DE HACIENDA,HACIENDA,60291
USP3579EAY34,BSRD2044,DOMINICAN Rep/7.45 BD 20440430 GO,3000,USD,3,7.1474,102.959111,21/09/2026,11:59:24 AM,ESTRUCTURADA,SEGUNDA PARTE,ROTC,20/01/2027,CONFIRMADA,3354591,0,30/04/2014,30/04/2044,5.05,MINISTERIO DE HACIENDA,HACIENDA,63602
USP3579EAY34,BSRD2044,DOMINICAN Rep/7.45 BD 20440430 GO,3000,USD,3,7.0865,103.61375,21/09/2026,11:59:24 AM,ESTRUCTURADA,PRIMERA PARTE,ROTC,21/09/2026,CONFIRMADA,3354591,0,30/04/2014,30/04/2044,5.05,MINISTERIO DE HACIENDA,HACIENDA,63385
USP3579EAY34,BSRD2044,DOMINICAN Rep/7.45 BD 20440430 GO,3000,USD,3,0,0,21/09/2026,11:59:23 AM,PRESTAMO,SEGUNDA PARTE,ROTC,29/04/2044,CONFIRMADA,3354592,0,30/04/2014,30/04/2044,0,MINISTERIO DE HACIENDA,HACIENDA,56532
USP3579EAY34,BSRD2044,DOMINICAN Rep/7.45 BD 20440430 GO,3000,USD,3,7.0865,103.61375,21/09/2026,11:59:23 AM,PRESTAMO,PRIMERA PARTE,ROTC,21/09/2026,CONFIRMADA,3354592,0,30/04/2014,30/04/2044,0,MINISTERIO DE HACIENDA,HACIENDA,61278
USP3579ECE51,BSRD2049,"DOMINICAN, REP /6.4 BD 20490605",6000,USD,6,7.2121,91.035944,21/09/2026,11:59:21 AM,ESTRUCTURADA,SEGUNDA PARTE,ROTC,19/01/2027,CONFIRMADA,3354593,0,05/06/2019,05/06/2049,5.1,MINISTERIO DE HACIENDA,HACIENDA,61712
USP3579ECE51,BSRD2049,"DOMINICAN, REP /6.4 BD 20490605",6000,USD,6,7.1576,91.545389,21/09/2026,11:59:21 AM,ESTRUCTURADA,PRIMERA PARTE,ROTC,21/09/2026,CONFIRMADA,3354593,0,05/06/2019,05/06/2049,5.1,MINISTERIO DE HACIENDA,HACIENDA,61929
DO1002261423,NO301129,BCENTRAL/9.5 BOEST 20291130 GTIA,50000,DOP,5,9.8272,99.159771,21/09/2026,11:59:20 AM,ESTRUCTURADA,SEGUNDA PARTE,ROTC,24/11/2026,CONFIRMADA,3354594,0,30/11/2025,30/11/2029,8.9,BANCO CENTRAL DE LA REPUBLICA DOMINICANA,BCENTRAL,62062
DO1002261423,NO301129,BCENTRAL/9.5 BOEST 20291130 GTIA,50000,DOP,5,9.7895,99.195885,21/09/2026,11:59:20 AM,ESTRUCTURADA,PRIMERA PARTE,ROTC,21/09/2026,CONFIRMADA,3354594,0,30/11/2025,30/11/2029,8.9,BANCO CENTRAL DE LA REPUBLICA DOMINICANA,BCENTRAL,62265
DO1002261423,NO301129,BCENTRAL/9.5 BOEST 20291130 GTIA,50000,DOP,5,0,0,21/09/2026,11:59:19 AM,PRESTAMO,SEGUNDA PARTE,ROTC,29/11/2029,CONFIRMADA,3354595,0,30/11/2025,30/11/2029,0,BANCO CENTRAL DE LA REPUBLICA DOMINICANA,BCENTRAL,55202
DO1002261423,NO301129,BCENTRAL/9.5 BOEST 20291130 GTIA,50000,DOP,5,9.7895,99.195885,21/09/2026,11:59:19 AM,PRESTAMO,PRIMERA PARTE,ROTC,21/09/2026,CONFIRMADA,3354595,0,30/11/2025,30/11/2029,0,BANCO CENTRAL DE LA REPUBLICA DOMINICANA,BCENTRAL,60221
USP3579ECE51,BSRD2049,"DOMINICAN, REP /6.4 BD 20490605",6000,USD,6,0,0,21/09/2026,11:59:18 AM,PRESTAMO,SEGUNDA PARTE,ROTC,04/06/2049,CONFIRMADA,3354596,0,05/06/2019,05/06/2049,0,MINISTERIO DE HACIENDA,HACIENDA,54999
USP3579ECE51,BSRD2049,"DOMINICAN, REP /6.4 BD 20490605",6000,USD,6,7.1576,91.545389,21/09/2026,11:59:18 AM,PRESTAMO,PRIMERA PARTE,ROTC,21/09/2026,CONFIRMADA,3354596,0,05/06/2019,05/06/2049,0,MINISTERIO DE HACIENDA,HACIENDA,59871
DO1005210922,MH22034,HACIENDA/13 BOEST 20340610 GTIA,1400000,DOP,14,9.1264,120.503153,21/09/2026,11:59:17 AM,ESTRUCTURADA,SEGUNDA PARTE,ROTC,12/01/2027,CONFIRMADA,3354597,0,10/06/2022,10/06/2034,9.65,MINISTERIO DE HACIENDA,HACIENDA,62153
DO1005210922,MH22034,HACIENDA/13 BOEST 20340610 GTIA,1400000,DOP,14,9.1799,120.75887,21/09/2026,11:59:17 AM,ESTRUCTURADA,PRIMERA PARTE,ROTC,21/09/2026,CONFIRMADA,3354597,0,10/06/2022,10/06/2034,9.65,MINISTERIO DE HACIENDA,HACIENDA,62146
DO1005210922,MH22034,HACIENDA/13 BOEST 20340610 GTIA,1400000,DOP,14,0,0,21/09/2026,11:59:15 AM,PRESTAMO,SEGUNDA PARTE,ROTC,09/06/2034,CONFIRMADA,3354598,0,10/06/2022,10/06/2034,0,MINISTERIO DE HACIENDA,HACIENDA,55132
DO1005210922,MH22034,HACIENDA/13 BOEST 20340610 GTIA,1400000,DOP,14,9.1799,120.75887,21/09/2026,11:59:15 AM,PRESTAMO,PRIMERA PARTE,ROTC,21/09/2026,CONFIRMADA,3354598,0,10/06/2022,10/06/2034,0,MINISTERIO DE HACIENDA,HACIENDA,60032
USP3579ECY16,BSDR2037, ,1050000,DOP,21,9.0408,109.501683,21/09/2026,11:59:14 AM,ESTRUCTURADA,SEGUNDA PARTE,ROTC,19/02/2027,CONFIRMADA,3354599,0,24/02/2025,15/03/2037,9.3,MINISTERIO DE HACIENDA,HACIENDA,51093
USP3579ECY16,BSDR2037, ,1050000,DOP,21,9.0704,109.538605,21/09/2026,11:59:14 AM,ESTRUCTURADA,PRIMERA PARTE,ROTC,21/09/2026,CONFIRMADA,3354599,0,24/02/2025,15/03/2037,9.3,MINISTERIO DE HACIENDA,HACIENDA,51170
USP3579ECY16,BSDR2037, ,1050000,DOP,21,0,0,21/09/2026,11:59:13 AM,PRESTAMO,SEGUNDA PARTE,ROTC,13/03/2037,CONFIRMADA,3354600,0,24/02/2025,15/03/2037,0,MINISTERIO DE HACIENDA,HACIENDA,43904
USP3579ECY16,BSDR2037, ,1050000,DOP,21,9.0704,109.538605,21/09/2026,11:59:13 AM,PRESTAMO,PRIMERA PARTE,ROTC,21/09/2026,CONFIRMADA,3354600,0,24/02/2025,15/03/2037,0,MINISTERIO DE HACIENDA,HACIENDA,49063
USP3579ECY16,BSDR2037, ,13850000,DOP,277,9.1661,108.749546,21/09/2026,11:59:12 AM,ESTRUCTURADA,SEGUNDA PARTE,ROTC,23/11/2026,CONFIRMADA,3354601,0,24/02/2025,15/03/2037,8.95,MINISTERIO DE HACIENDA,HACIENDA,51968
USP3579ECY16,BSDR2037, ,13850000,DOP,277,9.1677,108.850271,21/09/2026,11:59:12 AM,ESTRUCTURADA,PRIMERA PARTE,ROTC,21/09/2026,CONFIRMADA,3354601,0,24/02/2025,15/03/2037,8.95,MINISTERIO DE HACIENDA,HACIENDA,52031
USP3579ECY16,BSDR2037, ,13850000,DOP,277,0,0,21/09/2026,11:59:10 AM,PRESTAMO,SEGUNDA PARTE,ROTC,13/03/2037,CONFIRMADA,3354602,0,24/02/2025,15/03/2037,0,MINISTERIO DE HACIENDA,HACIENDA,44723
USP3579ECY16,BSDR2037, ,13850000,DOP,277,9.1677,108.850271,21/09/2026,11:59:10 AM,PRESTAMO,PRIMERA PARTE,ROTC,21/09/2026,CONFIRMADA,3354602,0,24/02/2025,15/03/2037,0,MINISTERIO DE HACIENDA,HACIENDA,49917
USP3579ECX33,BSDR2055, ,4000,USD,4,7.0804,100.832472,21/09/2026,11:59:09 AM,ESTRUCTURADA,SEGUNDA PARTE,ROTC,07/01/2027,CONFIRMADA,3354603,0,24/02/2025,24/02/2055,5.1,MINISTERIO DE HACIENDA,HACIENDA,49735
USP3579ECX33,BSDR2055, ,4000,USD,4,7.0366,101.3785,21/09/2026,11:59:09 AM,ESTRUCTURADA,PRIMERA PARTE,ROTC,21/09/2026,CONFIRMADA,3354603,0,24/02/2025,24/02/2055,5.1,MINISTERIO DE HACIENDA,HACIENDA,49154
DO1002262124,LE110627,BCENTRAL/ LT 20270611 GTIA,170000,DOP,17,7.6302,97.118206,21/09/2026,11:59:08 AM,ESTRUCTURADA,SEGUNDA PARTE,ROTC,22/01/2027,CONFIRMADA,3354604,0,03/09/2026,11/06/2027,9.2,BANCO CENTRAL DE LA REPUBLICA DOMINICANA,BCENTRAL,59920
DO1002262124,LE110627,BCENTRAL/ LT 20270611 GTIA,170000,DOP,17,8.492,94.158494,21/09/2026,11:59:08 AM,ESTRUCTURADA,PRIMERA PARTE,ROTC,21/09/2026,CONFIRMADA,3354604,0,03/09/2026,11/06/2027,9.2,BANCO CENTRAL DE LA REPUBLICA DOMINICANA,BCENTRAL,59794
DO1002262124,LE110627,BCENTRAL/ LT 20270611 GTIA,170000,DOP,17,0,0,21/09/2026,11:59:07 AM,PRESTAMO,SEGUNDA PARTE,ROTC,10/06/2027,CONFIRMADA,3354605,0,03/09/2026,11/06/2027,0,BANCO CENTRAL DE LA REPUBLICA DOMINICANA,BCENTRAL,53123
DO1002262124,LE110627,BCENTRAL/ LT 20270611 GTIA,170000,DOP,17,8.492,94.158494,21/09/2026,11:59:07 AM,PRESTAMO,PRIMERA PARTE,ROTC,21/09/2026,CONFIRMADA,3354605,0,03/09/2026,11/06/2027,0,BANCO CENTRAL DE LA REPUBLICA DOMINICANA,BCENTRAL,57687
USP3579ECX33,BSDR2055, ,4000,USD,4,0,0,21/09/2026,11:59:05 AM,PRESTAMO,SEGUNDA PARTE,ROTC,23/02/2055,CONFIRMADA,3354606,0,24/02/2025,24/02/2055,0,MINISTERIO DE HACIENDA,HACIENDA,42609
USP3579ECX33,BSDR2055, ,4000,USD,4,7.0366,101.3785,21/09/2026,11:59:05 AM,PRESTAMO,PRIMERA PARTE,ROTC,21/09/2026,CONFIRMADA,3354606,0,24/02/2025,24/02/2055,0,MINISTERIO DE HACIENDA,HACIENDA,47026
DO1005210922,MH22034,HACIENDA/13 BOEST 20340610 GTIA,14400000,DOP,144,9.0374,121.17114,21/09/2026,11:59:04 AM,ESTRUCTURADA,SEGUNDA PARTE,ROTC,21/12/2026,CONFIRMADA,3354607,0,10/06/2022,10/06/2034,9.75,MINISTERIO DE HACIENDA,HACIENDA,62517
DO1005210922,MH22034,HACIENDA/13 BOEST 20340610 GTIA,14400000,DOP,144,9.0875,121.331507,21/09/2026,11:59:04 AM,ESTRUCTURADA,PRIMERA PARTE,ROTC,21/09/2026,CONFIRMADA,3354607,0,10/06/2022,10/06/2034,9.75,MINISTERIO DE HACIENDA,HACIENDA,63035
DO1005210922,MH22034,HACIENDA/13 BOEST 20340610 GTIA,14400000,DOP,144,0,0,21/09/2026,11:59:03 AM,PRESTAMO,SEGUNDA PARTE,ROTC,09/06/2034,CONFIRMADA,3354608,0,10/06/2022,10/06/2034,0,MINISTERIO DE HACIENDA,HACIENDA,55839
DO1005210922,MH22034,HACIENDA/13 BOEST 20340610 GTIA,14400000,DOP,144,9.0875,121.331507,21/09/2026,11:59:03 AM,PRESTAMO,PRIMERA PARTE,ROTC,21/09/2026,CONFIRMADA,3354608,0,10/06/2022,10/06/2034,0,MINISTERIO DE HACIENDA,HACIENDA,60928
DO1005210922,MH22034,HACIENDA/13 BOEST 20340610 GTIA,1200000,DOP,12,9.0447,120.953368,21/09/2026,11:59:02 AM,ESTRUCTURADA,SEGUNDA PARTE,ROTC,19/01/2027,CONFIRMADA,3354609,0,10/06/2022,10/06/2034,9.35,MINISTERIO DE HACIENDA,HACIENDA,62265
DO1005210922,MH22034,HACIENDA/13 BOEST 20340610 GTIA,1200000,DOP,12,9.0875,121.331507,21/09/2026,11:59:02 AM,ESTRUCTURADA,PRIMERA PARTE,ROTC,21/09/2026,CONFIRMADA,3354609,0,10/06/2022,10/06/2034,9.35,MINISTERIO DE HACIENDA,HACIENDA,62265
DO1005210922,MH22034,HACIENDA/13 BOEST 20340610 GTIA,1200000,DOP,12,0,0,21/09/2026,11:59:00 AM,PRESTAMO,SEGUNDA PARTE,ROTC,09/06/2034,CONFIRMADA,3354610,0,10/06/2022,10/06/2034,0,MINISTERIO DE HACIENDA,HACIENDA,55062
DO1005210922,MH22034,HACIENDA/13 BOEST 20340610 GTIA,1200000,DOP,12,9.0875,121.331507,21/09/2026,11:59:00 AM,PRESTAMO,PRIMERA PARTE,ROTC,21/09/2026,CONFIRMADA,3354610,0,10/06/2022,10/06/2034,0,MINISTERIO DE HACIENDA,HACIENDA,60151
USP3579ECQ81,BSDR2033, ,3650000,DOP,73,9.0664,120.348564,21/09/2026,11:58:59 AM,ESTRUCTURADA,SEGUNDA PARTE,ROTC,23/03/2027,CONFIRMADA,3354611,0,03/02/2023,03/02/2033,9.2,MINISTERIO DE HACIENDA,HACIENDA,51184
USP3579ECQ81,BSDR2033, ,3650000,DOP,73,9.1013,121.471005,21/09/2026,11:58:59 AM,ESTRUCTURADA,PRIMERA PARTE,ROTC,21/09/2026,CONFIRMADA,3354611,0,03/02/2023,03/02/2033,9.2,MINISTERIO DE HACIENDA,HACIENDA,51107
USP3579ECQ81,BSDR2033, ,3650000,DOP,73,0,0,21/09/2026,11:58:58 AM,PRESTAMO,SEGUNDA PARTE,ROTC,02/02/2033,CONFIRMADA,3354613,0,03/02/2023,03/02/2033,0,MINISTERIO DE HACIENDA,HACIENDA,43946
USP3579ECQ81,BSDR2033, ,3650000,DOP,73,9.1013,121.471005,21/09/2026,11:58:58 AM,PRESTAMO,PRIMERA PARTE,ROTC,21/09/2026,CONFIRMADA,3354613,0,03/02/2023,03/02/2033,0,MINISTERIO DE HACIENDA,HACIENDA,49000
USP3579ECV76,BSDR2036, ,9700000,DOP,194,9.1154,110.128093,21/09/2026,11:58:57 AM,ESTRUCTURADA,SEGUNDA PARTE,ROTC,19/01/2027,CONFIRMADA,3354614,0,01/07/2024,01/06/2036,9.35,MINISTERIO DE HACIENDA,HACIENDA,51562
USP3579ECV76,BSDR2036, ,9700000,DOP,194,9.1493,110.11734,21/09/2026,11:58:57 AM,ESTRUCTURADA,PRIMERA PARTE,ROTC,21/09/2026,CONFIRMADA,3354614,0,01/07/2024,01/06/2036,9.35,MINISTERIO DE HACIENDA,HACIENDA,51282
USP3579ECV76,BSDR2036, ,9700000,DOP,194,0,0,21/09/2026,11:58:55 AM,PRESTAMO,SEGUNDA PARTE,ROTC,30/05/2036,CONFIRMADA,3354615,0,01/07/2024,01/06/2036,0,MINISTERIO DE HACIENDA,HACIENDA,44436
USP3579ECV76,BSDR2036, ,9700000,DOP,194,9.1493,110.11734,21/09/2026,11:58:55 AM,PRESTAMO,PRIMERA PARTE,ROTC,21/09/2026,CONFIRMADA,3354615,0,01/07/2024,01/06/2036,0,MINISTERIO DE HACIENDA,HACIENDA,49168
USP3579ECE51,BSRD2049,"DOMINICAN, REP /6.4 BD 20490605",1842000,USD,1842,7.00909655,93.115,21/09/2026,11:57:29 AM,CONTADO,PRIMERA PARTE,ROTC,21/09/2026,CONFIRMADA,3354371,0,05/06/2019,05/06/2049,0,MINISTERIO DE HACIENDA,HACIENDA,61586
USP3579EAY34,BSRD2044,DOMINICAN Rep/7.45 BD 20440430 GO,1165000,USD,1165,7.02550296,104.24,21/09/2026,11:55:42 AM,CONTADO,PRIMERA PARTE,ROTC,21/09/2026,CONFIRMADA,3354369,0,30/04/2014,30/04/2044,0,MINISTERIO DE HACIENDA,HACIENDA,63021
USP3579ECN50,BSRD2033, ,5000,USD,5,5.71635509,101.5,21/09/2026,11:55:00 AM,CONTADO,PRIMERA PARTE,ROTC,22/09/2026,CONFIRMADA,3354360,0,22/02/2022,22/02/2033,0,MINISTERIO DE HACIENDA,HACIENDA,46529
USP3579ECG00,BSRD2060,DOMINICAN REP/5.875 BD 20600130 U,6000,USD,6,7.13352017,84.05,21/09/2026,11:54:59 AM,CONTADO,PRIMERA PARTE,ROTC,22/09/2026,CONFIRMADA,3354359,0,30/01/2020,30/01/2060,0,MINISTERIO DE HACIENDA,HACIENDA,59906
USP3579ECW59,BSRD22037, ,1224000,USD,1224,6.70260073,101.84,21/09/2026,11:54:15 AM,CONTADO,PRIMERA PARTE,ROTC,21/09/2026,CONFIRMADA,3354367,0,24/02/2025,15/03/2037,0,MINISTERIO DE HACIENDA,HACIENDA,49448
DO1005205716,MHUS2027,HACIENDA/6 BOEST 20270305 GTIA,40000,USD,40,4.1,101.491986,21/09/2026,11:54:14 AM,PRESTAMO,SEGUNDA PARTE,ROTC,20/11/2026,CONFIRMADA,3354573,0,05/09/2016,05/03/2027,0.02,MINISTERIO DE HACIENDA,HACIENDA,58947
DO1005205716,MHUS2027,HACIENDA/6 BOEST 20270305 GTIA,40000,USD,40,4.1,101.491986,21/09/2026,11:54:14 AM,PRESTAMO,PRIMERA PARTE,ROTC,21/09/2026,CONFIRMADA,3354573,0,05/09/2016,05/03/2027,0.02,MINISTERIO DE HACIENDA,HACIENDA,59066
DO1005205716,MHUS2027,HACIENDA/6 BOEST 20270305 GTIA,40000,USD,40,1.781556,101.197619,21/09/2026,11:54:09 AM,PLAZO,PRIMERA PARTE,ROTC,20/11/2026,CONFIRMADA,3354572,0,05/09/2016,05/03/2027,0,MINISTERIO DE HACIENDA,HACIENDA,59283
DO1005205716,MHUS2027,HACIENDA/6 BOEST 20270305 GTIA,40000,USD,40,2.632705,101.491986,21/09/2026,11:54:03 AM,CONTADO,PRIMERA PARTE,ROTC,21/09/2026,CONFIRMADA,3354571,0,05/09/2016,05/03/2027,0,MINISTERIO DE HACIENDA,HACIENDA,60179
DO1005205716,MHUS2027,HACIENDA/6 BOEST 20270305 GTIA,51000,USD,51,-4.0273,101.233765,21/09/2026,11:52:08 AM,PRESTAMO,SEGUNDA PARTE,ROTC,20/01/2027,CONFIRMADA,3354564,0,05/09/2016,05/03/2027,1.72783,MINISTERIO DE HACIENDA,HACIENDA,60305
DO1005205716,MHUS2027,HACIENDA/6 BOEST 20270305 GTIA,51000,USD,51,2.2199,101.697765,21/09/2026,11:52:08 AM,PRESTAMO,PRIMERA PARTE,ROTC,21/09/2026,CONFIRMADA,3354564,0,05/09/2016,05/03/2027,1.72783,MINISTERIO DE HACIENDA,HACIENDA,60256
DO1005205716,MHUS2027,HACIENDA/6 BOEST 20270305 GTIA,51000,USD,51,-4.0273,101.233765,21/09/2026,11:52:07 AM,PLAZO,PRIMERA PARTE,ROTC,20/01/2027,CONFIRMADA,3354565,0,05/09/2016,05/03/2027,0,MINISTERIO DE HACIENDA,HACIENDA,58758
USP3579ECH82,BSRD2032,"DOMINICAN, REP /4.875 BD 20320923",787000,USD,787,6.34767883,92.74,21/09/2026,11:51:56 AM,CONTADO,PRIMERA PARTE,ROTC,21/09/2026,CONFIRMADA,3354365,0,23/09/2020,23/09/2032,0,MINISTERIO DE HACIENDA,HACIENDA,61460
DO1005205716,MHUS2027,HACIENDA/6 BOEST 20270305 GTIA,51000,USD,51,2.2199,101.697765,21/09/2026,11:51:55 AM,CONTADO,PRIMERA PARTE,ROTC,21/09/2026,CONFIRMADA,3354563,0,05/09/2016,05/03/2027,0,MINISTERIO DE HACIENDA,HACIENDA,59570
DO1005212019,MH32034,HACIENDA/13.625 BOEST 20340210 GTIA,26000000,DOP,260,5.5,148.7635,21/09/2026,11:51:54 AM,CONTADO,PRIMERA PARTE,ROTC,23/09/2026,CONFIRMADA,3354566,0,10/02/2023,10/02/2034,0,MINISTERIO DE HACIENDA,HACIENDA,59878
DO1002261225,LE021026,BCENTRAL/ LT 20261002 GTIA,2010000,DOP,201,88.1853,99.755639,21/09/2026,11:51:14 AM,PRESTAMO,SEGUNDA PARTE,ROTC,01/10/2026,CONFIRMADA,3354268,0,02/10/2025,02/10/2026,0.256285,BANCO CENTRAL DE LA REPUBLICA DOMINICANA,BCENTRAL,58814
DO1002261225,LE021026,BCENTRAL/ LT 20261002 GTIA,2010000,DOP,201,16.4465,99.49998,21/09/2026,11:51:14 AM,PRESTAMO,PRIMERA PARTE,ROTC,21/09/2026,CONFIRMADA,3354268,0,02/10/2025,02/10/2026,0.256285,BANCO CENTRAL DE LA REPUBLICA DOMINICANA,BCENTRAL,58590
DO1002261225,LE021026,BCENTRAL/ LT 20261002 GTIA,2010000,DOP,201,88.1853,99.755639,21/09/2026,11:51:12 AM,PLAZO,PRIMERA PARTE,ROTC,01/10/2026,CONFIRMADA,3354269,0,02/10/2025,02/10/2026,0,BANCO CENTRAL DE LA REPUBLICA DOMINICANA,BCENTRAL,57260
DO1005213025,MH22031,HACIENDA/10.25 BOEST 20310209 GTIA,500000,DOP,5,10.6534,98.622464,21/09/2026,11:51:11 AM,PRESTAMO,SEGUNDA PARTE,ROTC,21/10/2026,CONFIRMADA,3354271,0,09/02/2024,09/02/2031,1.869943,MINISTERIO DE HACIENDA,HACIENDA,60389
DO1005213025,MH22031,HACIENDA/10.25 BOEST 20310209 GTIA,500000,DOP,5,10.6026,98.789946,21/09/2026,11:51:11 AM,PRESTAMO,PRIMERA PARTE,ROTC,21/09/2026,CONFIRMADA,3354271,0,09/02/2024,09/02/2031,1.869943,MINISTERIO DE HACIENDA,HACIENDA,60613
DO1005213025,MH22031,HACIENDA/10.25 BOEST 20310209 GTIA,500000,DOP,5,10.6534,98.622464,21/09/2026,11:51:10 AM,PLAZO,PRIMERA PARTE,ROTC,21/10/2026,CONFIRMADA,3354272,0,09/02/2024,09/02/2031,0,MINISTERIO DE HACIENDA,HACIENDA,58842
DO1002261928,LE090427,BCENTRAL/ LT 20270409 GTIA,30000,DOP,3,40.5407,83.9319,21/09/2026,11:51:09 AM,PRESTAMO,SEGUNDA PARTE,ROTC,21/10/2026,CONFIRMADA,3354274,0,09/04/2026,09/04/2027,0.71566,BANCO CENTRAL DE LA REPUBLICA DOMINICANA,BCENTRAL,56833
DO1002261928,LE090427,BCENTRAL/ LT 20270409 GTIA,30000,DOP,3,36.0054,83.331233,21/09/2026,11:51:09 AM,PRESTAMO,PRIMERA PARTE,ROTC,21/09/2026,CONFIRMADA,3354274,0,09/04/2026,09/04/2027,0.71566,BANCO CENTRAL DE LA REPUBLICA DOMINICANA,BCENTRAL,57561
DO1002261928,LE090427,BCENTRAL/ LT 20270409 GTIA,30000,DOP,3,40.5407,83.9319,21/09/2026,11:51:07 AM,PLAZO,PRIMERA PARTE,ROTC,21/10/2026,CONFIRMADA,3354275,0,09/04/2026,09/04/2027,0,BANCO CENTRAL DE LA REPUBLICA DOMINICANA,BCENTRAL,55279
DO1002261225,LE021026,BCENTRAL/ LT 20261002 GTIA,560000,DOP,56,297.543,99.180264,21/09/2026,11:51:06 AM,PRESTAMO,SEGUNDA PARTE,ROTC,01/10/2026,CONFIRMADA,3354277,0,02/10/2025,02/10/2026,0.256287,BANCO CENTRAL DE LA REPUBLICA DOMINICANA,BCENTRAL,58142
DO1002261225,LE021026,BCENTRAL/ LT 20261002 GTIA,560000,DOP,56,35.5281,98.926079,21/09/2026,11:51:06 AM,PRESTAMO,PRIMERA PARTE,ROTC,21/09/2026,CONFIRMADA,3354277,0,02/10/2025,02/10/2026,0.256287,BANCO CENTRAL DE LA REPUBLICA DOMINICANA,BCENTRAL,58310
DO1002261225,LE021026,BCENTRAL/ LT 20261002 GTIA,560000,DOP,56,297.543,99.180264,21/09/2026,11:51:05 AM,PLAZO,PRIMERA PARTE,ROTC,01/10/2026,CONFIRMADA,3354278,0,02/10/2025,02/10/2026,0,BANCO CENTRAL DE LA REPUBLICA DOMINICANA,BCENTRAL,56595
DO1002261928,LE090427,BCENTRAL/ LT 20270409 GTIA,230000,DOP,23,10.5606,96.517465,21/09/2026,11:51:03 AM,PRESTAMO,SEGUNDA PARTE,ROTC,07/12/2026,CONFIRMADA,3354280,0,09/04/2026,09/04/2027,1.689705,BANCO CENTRAL DE LA REPUBLICA DOMINICANA,BCENTRAL,58261
DO1002261928,LE090427,BCENTRAL/ LT 20270409 GTIA,230000,DOP,23,9.7981,94.886604,21/09/2026,11:51:03 AM,PRESTAMO,PRIMERA PARTE,ROTC,23/09/2026,CONFIRMADA,3354280,0,09/04/2026,09/04/2027,1.689705,BANCO CENTRAL DE LA REPUBLICA DOMINICANA,BCENTRAL,58142
DO1002261928,LE090427,BCENTRAL/ LT 20270409 GTIA,230000,DOP,23,10.5606,96.517465,21/09/2026,11:51:02 AM,PLAZO,PRIMERA PARTE,ROTC,07/12/2026,CONFIRMADA,3354281,0,09/04/2026,09/04/2027,0,BANCO CENTRAL DE LA REPUBLICA DOMINICANA,BCENTRAL,56714
DO1002261928,LE090427,BCENTRAL/ LT 20270409 GTIA,490000,DOP,49,-16.656,100.371529,21/09/2026,11:51:01 AM,PRESTAMO,SEGUNDA PARTE,ROTC,01/04/2027,CONFIRMADA,3354283,0,09/04/2026,09/04/2027,4.365959,BANCO CENTRAL DE LA REPUBLICA DOMINICANA,BCENTRAL,58583
DO1002261928,LE090427,BCENTRAL/ LT 20270409 GTIA,490000,DOP,49,7.5968,95.989349,21/09/2026,11:51:01 AM,PRESTAMO,PRIMERA PARTE,ROTC,23/09/2026,CONFIRMADA,3354283,0,09/04/2026,09/04/2027,4.365959,BANCO CENTRAL DE LA REPUBLICA DOMINICANA,BCENTRAL,58324
DO1002261928,LE090427,BCENTRAL/ LT 20270409 GTIA,490000,DOP,49,-16.656,100.371529,21/09/2026,11:50:59 AM,PLAZO,PRIMERA PARTE,ROTC,01/04/2027,CONFIRMADA,3354284,0,09/04/2026,09/04/2027,0,BANCO CENTRAL DE LA REPUBLICA DOMINICANA,BCENTRAL,57127
DO1002261928,LE090427,BCENTRAL/ LT 20270409 GTIA,10000,DOP,1,-207.37,111.5682,21/09/2026,11:50:58 AM,PRESTAMO,SEGUNDA PARTE,ROTC,22/03/2027,CONFIRMADA,3354289,0,09/04/2026,09/04/2027,4.096956,BANCO CENTRAL DE LA REPUBLICA DOMINICANA,BCENTRAL,57099
DO1002261928,LE090427,BCENTRAL/ LT 20270409 GTIA,10000,DOP,1,-11.771,106.9973,21/09/2026,11:50:58 AM,PRESTAMO,PRIMERA PARTE,ROTC,21/09/2026,CONFIRMADA,3354289,0,09/04/2026,09/04/2027,4.096956,BANCO CENTRAL DE LA REPUBLICA DOMINICANA,BCENTRAL,57253
DO1002261928,LE090427,BCENTRAL/ LT 20270409 GTIA,10000,DOP,1,-207.37,111.5682,21/09/2026,11:50:57 AM,PLAZO,PRIMERA PARTE,ROTC,22/03/2027,CONFIRMADA,3354290,0,09/04/2026,09/04/2027,0,BANCO CENTRAL DE LA REPUBLICA DOMINICANA,BCENTRAL,55552
DO1002261225,LE021026,BCENTRAL/ LT 20261002 GTIA,4940000,DOP,494,-18.521,100.051474,21/09/2026,11:50:55 AM,PRESTAMO,SEGUNDA PARTE,ROTC,01/10/2026,CONFIRMADA,3354321,0,02/10/2025,02/10/2026,0.256286,BANCO CENTRAL DE LA REPUBLICA DOMINICANA,BCENTRAL,59024
DO1002261225,LE021026,BCENTRAL/ LT 20261002 GTIA,4940000,DOP,494,6.721,99.795056,21/09/2026,11:50:55 AM,PRESTAMO,PRIMERA PARTE,ROTC,21/09/2026,CONFIRMADA,3354321,0,02/10/2025,02/10/2026,0.256286,BANCO CENTRAL DE LA REPUBLICA DOMINICANA,BCENTRAL,58359
DO1002261225,LE021026,BCENTRAL/ LT 20261002 GTIA,4940000,DOP,494,-18.521,100.051474,21/09/2026,11:50:54 AM,PLAZO,PRIMERA PARTE,ROTC,01/10/2026,CONFIRMADA,3354322,0,02/10/2025,02/10/2026,0,BANCO CENTRAL DE LA REPUBLICA DOMINICANA,BCENTRAL,57477
DO1002261928,LE090427,BCENTRAL/ LT 20270409 GTIA,280000,DOP,28,0,100.410857,21/09/2026,11:50:53 AM,PRESTAMO,SEGUNDA PARTE,ROTC,19/02/2027,CONFIRMADA,3354324,0,09/04/2026,09/04/2027,3.401087,BANCO CENTRAL DE LA REPUBLICA DOMINICANA,BCENTRAL,56469
DO1002261928,LE090427,BCENTRAL/ LT 20270409 GTIA,280000,DOP,28,5.6031,96.995796,21/09/2026,11:50:53 AM,PRESTAMO,PRIMERA PARTE,ROTC,22/09/2026,CONFIRMADA,3354324,0,09/04/2026,09/04/2027,3.401087,BANCO CENTRAL DE LA REPUBLICA DOMINICANA,BCENTRAL,58205
DO1002261928,LE090427,BCENTRAL/ LT 20270409 GTIA,280000,DOP,28,0,100.410857,21/09/2026,11:50:52 AM,PLAZO,PRIMERA PARTE,ROTC,19/02/2027,CONFIRMADA,3354325,0,09/04/2026,09/04/2027,0,BANCO CENTRAL DE LA REPUBLICA DOMINICANA,BCENTRAL,54922
DO1005206516,MH32028,HACIENDA/10.75 BOEST 20280811 GTIA,11500000,DOP,115,8.9042,103.002229,21/09/2026,11:50:51 AM,PRESTAMO,SEGUNDA PARTE,ROTC,23/10/2026,CONFIRMADA,3354562,0,10/08/2018,11/08/2028,8.99,MINISTERIO DE HACIENDA,HACIENDA,61838
DO1005206516,MH32028,HACIENDA/10.75 BOEST 20280811 GTIA,11500000,DOP,115,8.9273,103.11084,21/09/2026,11:50:51 AM,PRESTAMO,PRIMERA PARTE,ROTC,21/09/2026,CONFIRMADA,3354562,0,10/08/2018,11/08/2028,8.99,MINISTERIO DE HACIENDA,HACIENDA,61642
DO1002261928,LE090427,BCENTRAL/ LT 20270409 GTIA,140000,DOP,14,16.2411,94.179143,21/09/2026,11:50:50 AM,PRESTAMO,SEGUNDA PARTE,ROTC,23/11/2026,CONFIRMADA,3354327,0,09/04/2026,09/04/2027,1.406195,BANCO CENTRAL DE LA REPUBLICA DOMINICANA,BCENTRAL,58191
DO1002261928,LE090427,BCENTRAL/ LT 20270409 GTIA,140000,DOP,14,13.851,92.8548,21/09/2026,11:50:50 AM,PRESTAMO,PRIMERA PARTE,ROTC,21/09/2026,CONFIRMADA,3354327,0,09/04/2026,09/04/2027,1.406195,BANCO CENTRAL DE LA REPUBLICA DOMINICANA,BCENTRAL,57288
DO1002261928,LE090427,BCENTRAL/ LT 20270409 GTIA,140000,DOP,14,16.2411,94.179143,21/09/2026,11:50:49 AM,PLAZO,PRIMERA PARTE,ROTC,23/11/2026,CONFIRMADA,3354328,0,09/04/2026,09/04/2027,0,BANCO CENTRAL DE LA REPUBLICA DOMINICANA,BCENTRAL,56707
DO1005206516,MH32028,HACIENDA/10.75 BOEST 20280811 GTIA,11500000,DOP,115,8.9042,103.002229,21/09/2026,11:50:49 AM,ESTRUCTURADA,SEGUNDA PARTE,ROTC,23/10/2026,CONFIRMADA,3354558,0,10/08/2018,11/08/2028,8.99,MINISTERIO DE HACIENDA,HACIENDA,63987
DO1005206516,MH32028,HACIENDA/10.75 BOEST 20280811 GTIA,11500000,DOP,115,8.9273,103.11084,21/09/2026,11:50:49 AM,ESTRUCTURADA,PRIMERA PARTE,ROTC,21/09/2026,CONFIRMADA,3354558,0,10/08/2018,11/08/2028,8.99,MINISTERIO DE HACIENDA,HACIENDA,63791
DO1005208322,MHUS2040,HACIENDA/6.75 BOEST 20400724 GTIA,248000,USD,248,6.9455,98.284137,21/09/2026,11:50:48 AM,PRESTAMO,SEGUNDA PARTE,ROTC,07/12/2026,CONFIRMADA,3354339,0,24/07/2020,24/07/2040,1.982342,MINISTERIO DE HACIENDA,HACIENDA,61698
DO1005208322,MHUS2040,HACIENDA/6.75 BOEST 20400724 GTIA,248000,USD,248,6.8867,98.780125,21/09/2026,11:50:48 AM,PRESTAMO,PRIMERA PARTE,ROTC,21/09/2026,CONFIRMADA,3354339,0,24/07/2020,24/07/2040,1.982342,MINISTERIO DE HACIENDA,HACIENDA,61803
DO1005208322,MHUS2040,HACIENDA/6.75 BOEST 20400724 GTIA,248000,USD,248,6.9455,98.284137,21/09/2026,11:50:47 AM,PLAZO,PRIMERA PARTE,ROTC,07/12/2026,CONFIRMADA,3354340,0,24/07/2020,24/07/2040,0,MINISTERIO DE HACIENDA,HACIENDA,60151
DO1002261928,LE090427,BCENTRAL/ LT 20270409 GTIA,520000,DOP,52,6.4542,97.979902,21/09/2026,11:50:45 AM,PRESTAMO,SEGUNDA PARTE,ROTC,15/12/2026,CONFIRMADA,3354342,0,09/04/2026,09/04/2027,1.866177,BANCO CENTRAL DE LA REPUBLICA DOMINICANA,BCENTRAL,58065
DO1002261928,LE090427,BCENTRAL/ LT 20270409 GTIA,520000,DOP,52,7.2409,96.151423,21/09/2026,11:50:45 AM,PRESTAMO,PRIMERA PARTE,ROTC,22/09/2026,CONFIRMADA,3354342,0,09/04/2026,09/04/2027,1.866177,BANCO CENTRAL DE LA REPUBLICA DOMINICANA,BCENTRAL,58016
DO1002261928,LE090427,BCENTRAL/ LT 20270409 GTIA,520000,DOP,52,6.4542,97.979902,21/09/2026,11:50:44 AM,PLAZO,PRIMERA PARTE,ROTC,15/12/2026,CONFIRMADA,3354343,0,09/04/2026,09/04/2027,0,BANCO CENTRAL DE LA REPUBLICA DOMINICANA,BCENTRAL,56518
DO1005213025,MH22031,HACIENDA/10.25 BOEST 20310209 GTIA,100000,DOP,1,19.774,73.56156,21/09/2026,11:50:43 AM,PRESTAMO,SEGUNDA PARTE,ROTC,24/11/2026,CONFIRMADA,3354345,0,09/02/2024,09/02/2031,3.063931,MINISTERIO DE HACIENDA,HACIENDA,59724
DO1005213025,MH22031,HACIENDA/10.25 BOEST 20310209 GTIA,100000,DOP,1,19.2221,74.22041,21/09/2026,11:50:43 AM,PRESTAMO,PRIMERA PARTE,ROTC,25/09/2026,CONFIRMADA,3354345,0,09/02/2024,09/02/2031,3.063931,MINISTERIO DE HACIENDA,HACIENDA,60011
DO1005213025,MH22031,HACIENDA/10.25 BOEST 20310209 GTIA,100000,DOP,1,19.774,73.56156,21/09/2026,11:50:41 AM,PLAZO,PRIMERA PARTE,ROTC,24/11/2026,CONFIRMADA,3354346,0,09/02/2024,09/02/2031,0,MINISTERIO DE HACIENDA,HACIENDA,58170
DO1005205617,MH12027,HACIENDA/11.25 BOEST 20270205 GTIA,3100000,DOP,31,5.789,101.544277,21/09/2026,11:50:40 AM,PRESTAMO,SEGUNDA PARTE,ROTC,22/10/2026,CONFIRMADA,3354446,0,05/08/2016,05/02/2027,2.11839,MINISTERIO DE HACIENDA,HACIENDA,60823
DO1005205617,MH12027,HACIENDA/11.25 BOEST 20270205 GTIA,3100000,DOP,31,6.4369,101.746355,21/09/2026,11:50:40 AM,PRESTAMO,PRIMERA PARTE,ROTC,22/09/2026,CONFIRMADA,3354446,0,05/08/2016,05/02/2027,2.11839,MINISTERIO DE HACIENDA,HACIENDA,61278
DO1005205617,MH12027,HACIENDA/11.25 BOEST 20270205 GTIA,3100000,DOP,31,5.789,101.544277,21/09/2026,11:50:39 AM,PLAZO,PRIMERA PARTE,ROTC,22/10/2026,CONFIRMADA,3354447,0,05/08/2016,05/02/2027,0,MINISTERIO DE HACIENDA,HACIENDA,59339
DO1005205617,MH12027,HACIENDA/11.25 BOEST 20270205 GTIA,3100000,DOP,31,8.296,100.821697,21/09/2026,11:50:37 AM,PLAZO,PRIMERA PARTE,ROTC,22/10/2026,CONFIRMADA,3354456,0,05/08/2016,05/02/2027,0,MINISTERIO DE HACIENDA,HACIENDA,59318
DO1005205617,MH12027,HACIENDA/11.25 BOEST 20270205 GTIA,3100000,DOP,31,8.1277,100.626356,21/09/2026,11:50:36 AM,PRESTAMO,SEGUNDA PARTE,ROTC,20/11/2026,CONFIRMADA,3354458,0,05/08/2016,05/02/2027,2.985447,MINISTERIO DE HACIENDA,HACIENDA,61145
DO1005205617,MH12027,HACIENDA/11.25 BOEST 20270205 GTIA,3100000,DOP,31,8.296,100.821697,21/09/2026,11:50:36 AM,PRESTAMO,PRIMERA PARTE,ROTC,22/10/2026,CONFIRMADA,3354458,0,05/08/2016,05/02/2027,2.985447,MINISTERIO DE HACIENDA,HACIENDA,60914
DO1005205617,MH12027,HACIENDA/11.25 BOEST 20270205 GTIA,3100000,DOP,31,8.1277,100.626356,21/09/2026,11:50:35 AM,PLAZO,PRIMERA PARTE,ROTC,20/11/2026,CONFIRMADA,3354461,0,05/08/2016,05/02/2027,0,MINISTERIO DE HACIENDA,HACIENDA,59598
DO1005205617,MH12027,HACIENDA/11.25 BOEST 20270205 GTIA,3000000,DOP,30,-4.4312,103.368721,21/09/2026,11:50:34 AM,PLAZO,PRIMERA PARTE,ROTC,20/11/2026,CONFIRMADA,3354463,0,05/08/2016,05/02/2027,0,MINISTERIO DE HACIENDA,HACIENDA,59829
DO1005205617,MH12027,HACIENDA/11.25 BOEST 20270205 GTIA,3000000,DOP,30,-5.1299,103.344989,21/09/2026,11:50:33 AM,PRESTAMO,SEGUNDA PARTE,ROTC,24/11/2026,CONFIRMADA,3354464,0,05/08/2016,05/02/2027,3.182187,MINISTERIO DE HACIENDA,HACIENDA,61544
DO1005205617,MH12027,HACIENDA/11.25 BOEST 20270205 GTIA,3000000,DOP,30,-4.4312,103.368721,21/09/2026,11:50:33 AM,PRESTAMO,PRIMERA PARTE,ROTC,20/11/2026,CONFIRMADA,3354464,0,05/08/2016,05/02/2027,3.182187,MINISTERIO DE HACIENDA,HACIENDA,61425
DO1005205617,MH12027,HACIENDA/11.25 BOEST 20270205 GTIA,3000000,DOP,30,-5.1299,103.344989,21/09/2026,11:50:31 AM,PLAZO,PRIMERA PARTE,ROTC,24/11/2026,CONFIRMADA,3354465,0,05/08/2016,05/02/2027,0,MINISTERIO DE HACIENDA,HACIENDA,59990
DO1002261928,LE090427,BCENTRAL/ LT 20270409 GTIA,50000,DOP,5,25.1499,89.44026,21/09/2026,11:50:30 AM,PRESTAMO,SEGUNDA PARTE,ROTC,22/10/2026,CONFIRMADA,3354472,0,09/04/2026,09/04/2027,0.559368,BANCO CENTRAL DE LA REPUBLICA DOMINICANA,BCENTRAL,57225
DO1002261928,LE090427,BCENTRAL/ LT 20270409 GTIA,50000,DOP,5,22.4962,88.93996,21/09/2026,11:50:30 AM,PRESTAMO,PRIMERA PARTE,ROTC,22/09/2026,CONFIRMADA,3354472,0,09/04/2026,09/04/2027,0.559368,BANCO CENTRAL DE LA REPUBLICA DOMINICANA,BCENTRAL,57442
DO1002261928,LE090427,BCENTRAL/ LT 20270409 GTIA,50000,DOP,5,25.1499,89.44026,21/09/2026,11:50:29 AM,PLAZO,PRIMERA PARTE,ROTC,22/10/2026,CONFIRMADA,3354473,0,09/04/2026,09/04/2027,0,BANCO CENTRAL DE LA REPUBLICA DOMINICANA,BCENTRAL,55741
USP3579EBY25,BSRD2048,DOMINICAN REP/6.5 CHURCH BD UNSEC,11000,USD,11,6.0938,104.775818,21/09/2026,11:50:27 AM,PRESTAMO,SEGUNDA PARTE,ROTC,12/02/2027,CONFIRMADA,3354475,0,08/02/2018,15/02/2048,2.273577,MINISTERIO DE HACIENDA,HACIENDA,63385
USP3579EBY25,BSRD2048,DOMINICAN REP/6.5 CHURCH BD UNSEC,11000,USD,11,6.0368,105.516818,21/09/2026,11:50:27 AM,PRESTAMO,PRIMERA PARTE,ROTC,21/09/2026,CONFIRMADA,3354475,0,08/02/2018,15/02/2048,2.273577,MINISTERIO DE HACIENDA,HACIENDA,63427
USP3579EBY25,BSRD2048,DOMINICAN REP/6.5 CHURCH BD UNSEC,11000,USD,11,6.0938,104.775818,21/09/2026,11:50:26 AM,PLAZO,PRIMERA PARTE,ROTC,12/02/2027,CONFIRMADA,3354476,0,08/02/2018,15/02/2048,0,MINISTERIO DE HACIENDA,HACIENDA,61838
DO1002261928,LE090427,BCENTRAL/ LT 20270409 GTIA,19000000,DOP,1900,4.917,99.321711,21/09/2026,11:50:25 AM,PRESTAMO,SEGUNDA PARTE,ROTC,18/02/2027,CONFIRMADA,3354478,0,09/04/2026,09/04/2027,3.556359,BANCO CENTRAL DE LA REPUBLICA DOMINICANA,BCENTRAL,58989
DO1002261928,LE090427,BCENTRAL/ LT 20270409 GTIA,19000000,DOP,1900,7.9121,95.789474,21/09/2026,11:50:25 AM,PRESTAMO,PRIMERA PARTE,ROTC,21/09/2026,CONFIRMADA,3354478,0,09/04/2026,09/04/2027,3.556359,BANCO CENTRAL DE LA REPUBLICA DOMINICANA,BCENTRAL,59521
DO1002261928,LE090427,BCENTRAL/ LT 20270409 GTIA,19000000,DOP,1900,4.917,99.321711,21/09/2026,11:50:23 AM,PLAZO,PRIMERA PARTE,ROTC,18/02/2027,CONFIRMADA,3354479,0,09/04/2026,09/04/2027,0,BANCO CENTRAL DE LA REPUBLICA DOMINICANA,BCENTRAL,57435
DO1002261928,LE090427,BCENTRAL/ LT 20270409 GTIA,1270000,DOP,127,8.9822,95.953953,21/09/2026,11:50:22 AM,PRESTAMO,SEGUNDA PARTE,ROTC,22/10/2026,CONFIRMADA,3354481,0,09/04/2026,09/04/2027,0.670474,BANCO CENTRAL DE LA REPUBLICA DOMINICANA,BCENTRAL,58744
DO1002261928,LE090427,BCENTRAL/ LT 20270409 GTIA,1270000,DOP,127,8.9007,95.310606,21/09/2026,11:50:22 AM,PRESTAMO,PRIMERA PARTE,ROTC,22/09/2026,CONFIRMADA,3354481,0,09/04/2026,09/04/2027,0.670474,BANCO CENTRAL DE LA REPUBLICA DOMINICANA,BCENTRAL,58702
DO1002261928,LE090427,BCENTRAL/ LT 20270409 GTIA,1270000,DOP,127,8.9822,95.953953,21/09/2026,11:50:21 AM,PLAZO,PRIMERA PARTE,ROTC,22/10/2026,CONFIRMADA,3354482,0,09/04/2026,09/04/2027,0,BANCO CENTRAL DE LA REPUBLICA DOMINICANA,BCENTRAL,57197
DO1002261928,LE090427,BCENTRAL/ LT 20270409 GTIA,20000,DOP,2,-81.458,104.24585,21/09/2026,11:50:19 AM,PRESTAMO,SEGUNDA PARTE,ROTC,22/03/2027,CONFIRMADA,3354484,0,09/04/2026,09/04/2027,4.075318,BANCO CENTRAL DE LA REPUBLICA DOMINICANA,BCENTRAL,57512
DO1002261928,LE090427,BCENTRAL/ LT 20270409 GTIA,20000,DOP,2,0.0045,99.9975,21/09/2026,11:50:19 AM,PRESTAMO,PRIMERA PARTE,ROTC,22/09/2026,CONFIRMADA,3354484,0,09/04/2026,09/04/2027,4.075318,BANCO CENTRAL DE LA REPUBLICA DOMINICANA,BCENTRAL,56637
DO1002261928,LE090427,BCENTRAL/ LT 20270409 GTIA,20000,DOP,2,-81.458,104.24585,21/09/2026,11:50:18 AM,PLAZO,PRIMERA PARTE,ROTC,22/03/2027,CONFIRMADA,3354485,0,09/04/2026,09/04/2027,0,BANCO CENTRAL DE LA REPUBLICA DOMINICANA,BCENTRAL,55965
DO1002261928,LE090427,BCENTRAL/ LT 20270409 GTIA,160000,DOP,16,7.4007,97.280219,21/09/2026,11:50:17 AM,PRESTAMO,SEGUNDA PARTE,ROTC,24/11/2026,CONFIRMADA,3354487,0,09/04/2026,09/04/2027,1.34013,BANCO CENTRAL DE LA REPUBLICA DOMINICANA,BCENTRAL,57932
DO1002261928,LE090427,BCENTRAL/ LT 20270409 GTIA,160000,DOP,16,7.6998,95.976538,21/09/2026,11:50:17 AM,PRESTAMO,PRIMERA PARTE,ROTC,25/09/2026,CONFIRMADA,3354487,0,09/04/2026,09/04/2027,1.34013,BANCO CENTRAL DE LA REPUBLICA DOMINICANA,BCENTRAL,58296
DO1002261928,LE090427,BCENTRAL/ LT 20270409 GTIA,160000,DOP,16,7.4007,97.280219,21/09/2026,11:50:15 AM,PLAZO,PRIMERA PARTE,ROTC,24/11/2026,CONFIRMADA,3354488,0,09/04/2026,09/04/2027,0,BANCO CENTRAL DE LA REPUBLICA DOMINICANA,BCENTRAL,56378
DO1005213025,MH22031,HACIENDA/10.25 BOEST 20310209 GTIA,1100000,DOP,11,8.0706,107.880153,21/09/2026,11:50:14 AM,PRESTAMO,SEGUNDA PARTE,ROTC,30/09/2026,CONFIRMADA,3354490,0,09/02/2024,09/02/2031,1.335097,MINISTERIO DE HACIENDA,HACIENDA,61047
DO1005213025,MH22031,HACIENDA/10.25 BOEST 20310209 GTIA,1100000,DOP,11,8.0813,107.880625,21/09/2026,11:50:14 AM,PRESTAMO,PRIMERA PARTE,ROTC,21/09/2026,CONFIRMADA,3354490,0,09/02/2024,09/02/2031,1.335097,MINISTERIO DE HACIENDA,HACIENDA,61131
DO1005213025,MH22031,HACIENDA/10.25 BOEST 20310209 GTIA,1100000,DOP,11,8.0706,107.880153,21/09/2026,11:50:13 AM,PLAZO,PRIMERA PARTE,ROTC,30/09/2026,CONFIRMADA,3354491,0,09/02/2024,09/02/2031,0,MINISTERIO DE HACIENDA,HACIENDA,59500
DO1002261928,LE090427,BCENTRAL/ LT 20270409 GTIA,310000,DOP,31,4.5193,98.479374000000007,21/09/2026,11:50:12 AM,PRESTAMO,SEGUNDA PARTE,ROTC,07/12/2026,CONFIRMADA,3354515,0,09/04/2026,09/04/2027,1.733987,BANCO CENTRAL DE LA REPUBLICA DOMINICANA,BCENTRAL,57988
DO1002261928,LE090427,BCENTRAL/ LT 20270409 GTIA,310000,DOP,31,6.0047,96.771755,21/09/2026,11:50:12 AM,PRESTAMO,PRIMERA PARTE,ROTC,21/09/2026,CONFIRMADA,3354515,0,09/04/2026,09/04/2027,1.733987,BANCO CENTRAL DE LA REPUBLICA DOMINICANA,BCENTRAL,58002
DO1002261928,LE090427,BCENTRAL/ LT 20270409 GTIA,310000,DOP,31,4.5193,98.479374000000007,21/09/2026,11:50:10 AM,PLAZO,PRIMERA PARTE,ROTC,07/12/2026,CONFIRMADA,3354516,0,09/04/2026,09/04/2027,0,BANCO CENTRAL DE LA REPUBLICA DOMINICANA,BCENTRAL,56434
DO1002261928,LE090427,BCENTRAL/ LT 20270409 GTIA,310000,DOP,31,6.0047,96.771755,21/09/2026,11:49:24 AM,CONTADO,PRIMERA PARTE,ROTC,21/09/2026,CONFIRMADA,3354514,0,09/04/2026,09/04/2027,0,BANCO CENTRAL DE LA REPUBLICA DOMINICANA,BCENTRAL,57386
USP3579ECZ80,BSRD2035, ,5000000,USD,5000,5.99,99.194914,21/09/2026,11:49:22 AM,CONTADO,PRIMERA PARTE,ROTC,21/09/2026,CONFIRMADA,3354364,0,28/10/2025,28/10/2035,0,MINISTERIO DE HACIENDA,HACIENDA,48181
DO1005213025,MH22031,HACIENDA/10.25 BOEST 20310209 GTIA,1100000,DOP,11,8.0813,107.880625,21/09/2026,11:49:04 AM,CONTADO,PRIMERA PARTE,ROTC,21/09/2026,CONFIRMADA,3354489,0,09/02/2024,09/02/2031,0,MINISTERIO DE HACIENDA,HACIENDA,60487
DO1002261928,LE090427,BCENTRAL/ LT 20270409 GTIA,160000,DOP,16,7.6998,95.976538,21/09/2026,11:48:31 AM,CONTADO,PRIMERA PARTE,ROTC,25/09/2026,CONFIRMADA,3354486,0,09/04/2026,09/04/2027,0,BANCO CENTRAL DE LA REPUBLICA DOMINICANA,BCENTRAL,57624
DO1002261928,LE090427,BCENTRAL/ LT 20270409 GTIA,20000,DOP,2,0.0045,99.9975,21/09/2026,11:48:14 AM,CONTADO,PRIMERA PARTE,ROTC,22/09/2026,CONFIRMADA,3354483,0,09/04/2026,09/04/2027,0,BANCO CENTRAL DE LA REPUBLICA DOMINICANA,BCENTRAL,55958
DO2009904510,BC4CPM01,CEPM/5.5 BO 20271120,29847,USD,29847,0,0,21/09/2026,11:48:11 AM,PRESTAMO,SEGUNDA PARTE,ROTC,19/11/2027,CONFIRMADA,3354498,0,20/11/2017,20/11/2027,0,"CONSORCIO ENERGETICO PUNTA CANA-MACAO (CEPM), S.A.",CEPM,51212
DO2009904510,BC4CPM01,CEPM/5.5 BO 20271120,29847,USD,29847,0.1,100,21/09/2026,11:48:11 AM,PRESTAMO,PRIMERA PARTE,ROTC,21/09/2026,CONFIRMADA,3354498,0,20/11/2017,20/11/2027,0,"CONSORCIO ENERGETICO PUNTA CANA-MACAO (CEPM), S.A.",CEPM,52612
DO2018100126,BC1AES01,AESTRELLA/12 BO 20300214,4000000,DOP,4000000,0,0,21/09/2026,11:48:10 AM,PRESTAMO,SEGUNDA PARTE,ROTC,13/02/2030,CONFIRMADA,3354499,0,14/02/2020,14/02/2030,0,ACERO ESTRELLA S A,AESTRELLA,54145
DO2018100126,BC1AES01,AESTRELLA/12 BO 20300214,4000000,DOP,4000000,0.1,110,21/09/2026,11:48:10 AM,PRESTAMO,PRIMERA PARTE,ROTC,21/09/2026,CONFIRMADA,3354499,0,14/02/2020,14/02/2030,0,ACERO ESTRELLA S A,AESTRELLA,55636
DO2018100126,BC1AES01,AESTRELLA/12 BO 20300214,1195540,DOP,1195540,0,0,21/09/2026,11:48:09 AM,PRESTAMO,SEGUNDA PARTE,ROTC,13/02/2030,CONFIRMADA,3354500,0,14/02/2020,14/02/2030,0,ACERO ESTRELLA S A,AESTRELLA,54495
DO2018100126,BC1AES01,AESTRELLA/12 BO 20300214,1195540,DOP,1195540,0.1,110,21/09/2026,11:48:09 AM,PRESTAMO,PRIMERA PARTE,ROTC,21/09/2026,CONFIRMADA,3354500,0,14/02/2020,14/02/2030,0,ACERO ESTRELLA S A,AESTRELLA,55986
DO2018100126,BC1AES01,AESTRELLA/12 BO 20300214,150000,DOP,150000,0,0,21/09/2026,11:48:08 AM,PRESTAMO,SEGUNDA PARTE,ROTC,13/02/2030,CONFIRMADA,3354501,0,14/02/2020,14/02/2030,0,ACERO ESTRELLA S A,AESTRELLA,53550
DO2018100126,BC1AES01,AESTRELLA/12 BO 20300214,150000,DOP,150000,0.1,110,21/09/2026,11:48:08 AM,PRESTAMO,PRIMERA PARTE,ROTC,21/09/2026,CONFIRMADA,3354501,0,14/02/2020,14/02/2030,0,ACERO ESTRELLA S A,AESTRELLA,55041
DO1002261928,LE090427,BCENTRAL/ LT 20270409 GTIA,1270000,DOP,127,8.9007,95.310606,21/09/2026,11:47:43 AM,CONTADO,PRIMERA PARTE,ROTC,22/09/2026,CONFIRMADA,3354480,0,09/04/2026,09/04/2027,0,BANCO CENTRAL DE LA REPUBLICA DOMINICANA,BCENTRAL,58072
DO1002261928,LE090427,BCENTRAL/ LT 20270409 GTIA,19000000,DOP,1900,7.9121,95.789474,21/09/2026,11:47:02 AM,CONTADO,PRIMERA PARTE,ROTC,21/09/2026,CONFIRMADA,3354477,0,09/04/2026,09/04/2027,0,BANCO CENTRAL DE LA REPUBLICA DOMINICANA,BCENTRAL,58835
USP3579EBY25,BSRD2048,DOMINICAN REP/6.5 CHURCH BD UNSEC,11000,USD,11,6.0368,105.516818,21/09/2026,11:46:32 AM,CONTADO,PRIMERA PARTE,ROTC,21/09/2026,CONFIRMADA,3354474,0,08/02/2018,15/02/2048,0,MINISTERIO DE HACIENDA,HACIENDA,62741
DO1002262223,LE030927,BCENTRAL/ LT 20270903 GTIA,59380000,DOP,5938,7.95,92.202738,21/09/2026,11:46:14 AM,PRESTAMO,SEGUNDA PARTE,ROTC,21/10/2026,CONFIRMADA,3354507,0,03/09/2026,03/09/2027,0.02,BANCO CENTRAL DE LA REPUBLICA DOMINICANA,BCENTRAL,58737
DO1002262223,LE030927,BCENTRAL/ LT 20270903 GTIA,59380000,DOP,5938,7.95,92.202738,21/09/2026,11:46:14 AM,PRESTAMO,PRIMERA PARTE,ROTC,21/09/2026,CONFIRMADA,3354507,0,03/09/2026,03/09/2027,0.02,BANCO CENTRAL DE LA REPUBLICA DOMINICANA,BCENTRAL,58856
DO1002262223,LE030927,BCENTRAL/ LT 20270903 GTIA,59380000,DOP,5938,8.795171,92.812044,21/09/2026,11:46:09 AM,PLAZO,PRIMERA PARTE,ROTC,21/10/2026,CONFIRMADA,3354505,0,03/09/2026,03/09/2027,0,BANCO CENTRAL DE LA REPUBLICA DOMINICANA,BCENTRAL,58667
DO1002261928,LE090427,BCENTRAL/ LT 20270409 GTIA,50000,DOP,5,22.4962,88.93996,21/09/2026,11:46:05 AM,CONTADO,PRIMERA PARTE,ROTC,22/09/2026,CONFIRMADA,3354471,0,09/04/2026,09/04/2027,0,BANCO CENTRAL DE LA REPUBLICA DOMINICANA,BCENTRAL,56798
DO1002262223,LE030927,BCENTRAL/ LT 20270903 GTIA,59380000,DOP,5938,8.773469,92.202738,21/09/2026,11:46:01 AM,CONTADO,PRIMERA PARTE,ROTC,21/09/2026,CONFIRMADA,3354504,0,03/09/2026,03/09/2027,0,BANCO CENTRAL DE LA REPUBLICA DOMINICANA,BCENTRAL,59640
DO1005213025,MH22031,HACIENDA/10.25 BOEST 20310209 GTIA,100000,DOP,1,19.2221,74.22041,21/09/2026,11:44:03 AM,CONTADO,PRIMERA PARTE,ROTC,25/09/2026,CONFIRMADA,3354344,0,09/02/2024,09/02/2031,0,MINISTERIO DE HACIENDA,HACIENDA,59311
DO1005205617,MH12027,HACIENDA/11.25 BOEST 20270205 GTIA,3100000,DOP,31,6.4369,101.746355,21/09/2026,11:43:41 AM,CONTADO,PRIMERA PARTE,ROTC,22/09/2026,CONFIRMADA,3354445,0,05/08/2016,05/02/2027,0,MINISTERIO DE HACIENDA,HACIENDA,60606
DO1005208322,MHUS2040,HACIENDA/6.75 BOEST 20400724 GTIA,248000,USD,248,6.8867,98.780125,21/09/2026,11:43:04 AM,CONTADO,PRIMERA PARTE,ROTC,21/09/2026,CONFIRMADA,3354338,0,24/07/2020,24/07/2040,0,MINISTERIO DE HACIENDA,HACIENDA,61068
DO1002261928,LE090427,BCENTRAL/ LT 20270409 GTIA,10000,DOP,1,-11.771,106.9973,21/09/2026,11:42:25 AM,CONTADO,PRIMERA PARTE,ROTC,21/09/2026,CONFIRMADA,3354288,0,09/04/2026,09/04/2027,0,BANCO CENTRAL DE LA REPUBLICA DOMINICANA,BCENTRAL,56525
DO1002261928,LE090427,BCENTRAL/ LT 20270409 GTIA,490000,DOP,49,7.5968,95.989349,21/09/2026,11:41:59 AM,CONTADO,PRIMERA PARTE,ROTC,23/09/2026,CONFIRMADA,3354282,0,09/04/2026,09/04/2027,0,BANCO CENTRAL DE LA REPUBLICA DOMINICANA,BCENTRAL,57715
DO1002261928,LE090427,BCENTRAL/ LT 20270409 GTIA,520000,DOP,52,7.2409,96.151423,21/09/2026,11:41:33 AM,CONTADO,PRIMERA PARTE,ROTC,22/09/2026,CONFIRMADA,3354341,0,09/04/2026,09/04/2027,0,BANCO CENTRAL DE LA REPUBLICA DOMINICANA,BCENTRAL,57302
DO1002261928,LE090427,BCENTRAL/ LT 20270409 GTIA,230000,DOP,23,9.7981,94.886604,21/09/2026,11:41:13 AM,CONTADO,PRIMERA PARTE,ROTC,23/09/2026,CONFIRMADA,3354279,0,09/04/2026,09/04/2027,0,BANCO CENTRAL DE LA REPUBLICA DOMINICANA,BCENTRAL,57449
USP3579ECN50,BSRD2033, ,2000,USD,2,6.26318722,98.62,21/09/2026,11:41:12 AM,CONTADO,PRIMERA PARTE,ROTC,21/09/2026,CONFIRMADA,3354374,0,22/02/2022,22/02/2033,0,MINISTERIO DE HACIENDA,HACIENDA,46564
DO1002227317,NO150928,BCENTRAL/11 BOEST 20280915 GTIA,5810000,DOP,581,9.1795,103.230165,21/09/2026,11:41:10 AM,CONTADO,PRIMERA PARTE,ROTC,21/09/2026,CONFIRMADA,3354375,0,15/09/2023,15/09/2028,0,BANCO CENTRAL DE LA REPUBLICA DOMINICANA,BCENTRAL,60676
DO1002227317,NO150928,BCENTRAL/11 BOEST 20280915 GTIA,5810000,DOP,581,9.2044,102.915059,21/09/2026,11:41:09 AM,PRESTAMO,SEGUNDA PARTE,ROTC,20/11/2026,CONFIRMADA,3354376,0,15/09/2023,15/09/2028,1.611142,BANCO CENTRAL DE LA REPUBLICA DOMINICANA,BCENTRAL,61299
DO1002227317,NO150928,BCENTRAL/11 BOEST 20280915 GTIA,5810000,DOP,581,9.1795,103.230165,21/09/2026,11:41:09 AM,PRESTAMO,PRIMERA PARTE,ROTC,21/09/2026,CONFIRMADA,3354376,0,15/09/2023,15/09/2028,1.611142,BANCO CENTRAL DE LA REPUBLICA DOMINICANA,BCENTRAL,61425
DO1002227317,NO150928,BCENTRAL/11 BOEST 20280915 GTIA,5810000,DOP,581,9.2044,102.915059,21/09/2026,11:41:08 AM,PLAZO,PRIMERA PARTE,ROTC,20/11/2026,CONFIRMADA,3354377,0,15/09/2023,15/09/2028,0,BANCO CENTRAL DE LA REPUBLICA DOMINICANA,BCENTRAL,59752
USP3579ECF27,BSRD2030,DOMINICAN REP/4.5 BD 20300130 UNS,15000,USD,15,5.3938,97.281667,21/09/2026,11:41:06 AM,CONTADO,PRIMERA PARTE,ROTC,21/09/2026,CONFIRMADA,3354378,0,30/01/2020,30/01/2030,0,MINISTERIO DE HACIENDA,HACIENDA,61040
USP3579ECF27,BSRD2030,DOMINICAN REP/4.5 BD 20300130 UNS,15000,USD,15,5.4423,97.2004,21/09/2026,11:41:05 AM,PRESTAMO,SEGUNDA PARTE,ROTC,21/10/2026,CONFIRMADA,3354379,0,30/01/2020,30/01/2030,0.948212,MINISTERIO DE HACIENDA,HACIENDA,60697
USP3579ECF27,BSRD2030,DOMINICAN REP/4.5 BD 20300130 UNS,15000,USD,15,5.3938,97.281667,21/09/2026,11:41:05 AM,PRESTAMO,PRIMERA PARTE,ROTC,21/09/2026,CONFIRMADA,3354379,0,30/01/2020,30/01/2030,0.948212,MINISTERIO DE HACIENDA,HACIENDA,61726
USP3579ECF27,BSRD2030,DOMINICAN REP/4.5 BD 20300130 UNS,15000,USD,15,5.4423,97.2004,21/09/2026,11:41:04 AM,PLAZO,PRIMERA PARTE,ROTC,21/10/2026,CONFIRMADA,3354380,0,30/01/2020,30/01/2030,0,MINISTERIO DE HACIENDA,HACIENDA,59150
USP3579ECF27,BSRD2030,DOMINICAN REP/4.5 BD 20300130 UNS,52000,USD,52,5.9915,95.516346,21/09/2026,11:41:02 AM,CONTADO,PRIMERA PARTE,ROTC,21/09/2026,CONFIRMADA,3354381,0,30/01/2020,30/01/2030,0,MINISTERIO DE HACIENDA,HACIENDA,60984
USP3579ECF27,BSRD2030,DOMINICAN REP/4.5 BD 20300130 UNS,52000,USD,52,6.1507,95.387865,21/09/2026,11:41:01 AM,PRESTAMO,SEGUNDA PARTE,ROTC,21/12/2026,CONFIRMADA,3354382,0,30/01/2020,30/01/2030,1.681949,MINISTERIO DE HACIENDA,HACIENDA,61579
USP3579ECF27,BSRD2030,DOMINICAN REP/4.5 BD 20300130 UNS,52000,USD,52,5.9915,95.516346,21/09/2026,11:41:01 AM,PRESTAMO,PRIMERA PARTE,ROTC,21/09/2026,CONFIRMADA,3354382,0,30/01/2020,30/01/2030,1.681949,MINISTERIO DE HACIENDA,HACIENDA,61670
USP3579ECF27,BSRD2030,DOMINICAN REP/4.5 BD 20300130 UNS,52000,USD,52,6.1507,95.387865,21/09/2026,11:41:00 AM,PLAZO,PRIMERA PARTE,ROTC,21/12/2026,CONFIRMADA,3354383,0,30/01/2020,30/01/2030,0,MINISTERIO DE HACIENDA,HACIENDA,60032
DO1002227317,NO150928,BCENTRAL/11 BOEST 20280915 GTIA,970000,DOP,97,9.356,102.910463,21/09/2026,11:40:59 AM,CONTADO,PRIMERA PARTE,ROTC,21/09/2026,CONFIRMADA,3354384,0,15/09/2023,15/09/2028,0,BANCO CENTRAL DE LA REPUBLICA DOMINICANA,BCENTRAL,59759
DO1002227317,NO150928,BCENTRAL/11 BOEST 20280915 GTIA,970000,DOP,97,5.4961,102.289327,21/09/2026,11:40:57 AM,PRESTAMO,SEGUNDA PARTE,ROTC,12/03/2027,CONFIRMADA,3354385,0,15/09/2023,15/09/2028,4.445483,BANCO CENTRAL DE LA REPUBLICA DOMINICANA,BCENTRAL,60746
DO1002227317,NO150928,BCENTRAL/11 BOEST 20280915 GTIA,970000,DOP,97,9.356,102.910463,21/09/2026,11:40:57 AM,PRESTAMO,PRIMERA PARTE,ROTC,21/09/2026,CONFIRMADA,3354385,0,15/09/2023,15/09/2028,4.445483,BANCO CENTRAL DE LA REPUBLICA DOMINICANA,BCENTRAL,60438
DO1002227317,NO150928,BCENTRAL/11 BOEST 20280915 GTIA,970000,DOP,97,5.4961,102.289327,21/09/2026,11:40:56 AM,PLAZO,PRIMERA PARTE,ROTC,12/03/2027,CONFIRMADA,3354386,0,15/09/2023,15/09/2028,0,BANCO CENTRAL DE LA REPUBLICA DOMINICANA,BCENTRAL,59199
USP3579EBV85,BSDR2027,DOMINICAN Rep/5.95 BD 20270125 Se,1000,USD,1,-8.7831,105.285,21/09/2026,11:40:54 AM,CONTADO,PRIMERA PARTE,ROTC,21/09/2026,CONFIRMADA,3354387,0,25/01/2017,25/01/2027,0,MINISTERIO DE HACIENDA,HACIENDA,60438
USP3579EBV85,BSDR2027,DOMINICAN Rep/5.95 BD 20270125 Se,1000,USD,1,-12.586,105.109,21/09/2026,11:40:53 AM,PRESTAMO,SEGUNDA PARTE,ROTC,21/10/2026,CONFIRMADA,3354388,0,25/01/2017,25/01/2027,1.168685,MINISTERIO DE HACIENDA,HACIENDA,60935
USP3579EBV85,BSDR2027,DOMINICAN Rep/5.95 BD 20270125 Se,1000,USD,1,-8.7831,105.285,21/09/2026,11:40:53 AM,PRESTAMO,PRIMERA PARTE,ROTC,21/09/2026,CONFIRMADA,3354388,0,25/01/2017,25/01/2027,1.168685,MINISTERIO DE HACIENDA,HACIENDA,61124
USP3579EBV85,BSDR2027,DOMINICAN Rep/5.95 BD 20270125 Se,1000,USD,1,-12.586,105.109,21/09/2026,11:40:52 AM,PLAZO,PRIMERA PARTE,ROTC,21/10/2026,CONFIRMADA,3354389,0,25/01/2017,25/01/2027,0,MINISTERIO DE HACIENDA,HACIENDA,59388
DO1002228612,NO031227,BCENTRAL/8 BOEST 20271203 GTIA,4700000,DOP,470,7.9699,100.01507,21/09/2026,11:40:51 AM,CONTADO,PRIMERA PARTE,ROTC,21/09/2026,CONFIRMADA,3354390,0,03/12/2024,03/12/2027,0,BANCO CENTRAL DE LA REPUBLICA DOMINICANA,BCENTRAL,59899
DO1002228612,NO031227,BCENTRAL/8 BOEST 20271203 GTIA,4700000,DOP,470,2.0132,100.356543,21/09/2026,11:40:49 AM,PRESTAMO,SEGUNDA PARTE,ROTC,02/12/2026,CONFIRMADA,3354391,0,03/12/2024,03/12/2027,4.140153,BANCO CENTRAL DE LA REPUBLICA DOMINICANA,BCENTRAL,60732
DO1002228612,NO031227,BCENTRAL/8 BOEST 20271203 GTIA,4700000,DOP,470,7.9699,100.01507,21/09/2026,11:40:49 AM,PRESTAMO,PRIMERA PARTE,ROTC,21/09/2026,CONFIRMADA,3354391,0,03/12/2024,03/12/2027,4.140153,BANCO CENTRAL DE LA REPUBLICA DOMINICANA,BCENTRAL,60641
DO1002228612,NO031227,BCENTRAL/8 BOEST 20271203 GTIA,4700000,DOP,470,2.0132,100.356543,21/09/2026,11:40:48 AM,PLAZO,PRIMERA PARTE,ROTC,02/12/2026,CONFIRMADA,3354392,0,03/12/2024,03/12/2027,0,BANCO CENTRAL DE LA REPUBLICA DOMINICANA,BCENTRAL,59185
DO1002227317,NO150928,BCENTRAL/11 BOEST 20280915 GTIA,1930000,DOP,193,9.0614,103.44462300000001,21/09/2026,11:40:47 AM,CONTADO,PRIMERA PARTE,ROTC,21/09/2026,CONFIRMADA,3354393,0,15/09/2023,15/09/2028,0,BANCO CENTRAL DE LA REPUBLICA DOMINICANA,BCENTRAL,60690
DO1002227317,NO150928,BCENTRAL/11 BOEST 20280915 GTIA,1930000,DOP,193,9.0716,102.99765,21/09/2026,11:40:46 AM,PRESTAMO,SEGUNDA PARTE,ROTC,21/12/2026,CONFIRMADA,3354394,0,15/09/2023,15/09/2028,2.360222,BANCO CENTRAL DE LA REPUBLICA DOMINICANA,BCENTRAL,61040
DO1002227317,NO150928,BCENTRAL/11 BOEST 20280915 GTIA,1930000,DOP,193,9.0614,103.44462300000001,21/09/2026,11:40:46 AM,PRESTAMO,PRIMERA PARTE,ROTC,21/09/2026,CONFIRMADA,3354394,0,15/09/2023,15/09/2028,2.360222,BANCO CENTRAL DE LA REPUBLICA DOMINICANA,BCENTRAL,61376
DO1002227317,NO150928,BCENTRAL/11 BOEST 20280915 GTIA,1930000,DOP,193,9.0716,102.99765,21/09/2026,11:40:45 AM,PLAZO,PRIMERA PARTE,ROTC,21/12/2026,CONFIRMADA,3354395,0,15/09/2023,15/09/2028,0,BANCO CENTRAL DE LA REPUBLICA DOMINICANA,BCENTRAL,59493
DO1002227317,NO150928,BCENTRAL/11 BOEST 20280915 GTIA,3620000,DOP,362,9.2714,103.063536,21/09/2026,11:40:43 AM,CONTADO,PRIMERA PARTE,ROTC,21/09/2026,CONFIRMADA,3354396,0,15/09/2023,15/09/2028,0,BANCO CENTRAL DE LA REPUBLICA DOMINICANA,BCENTRAL,60655
DO1002227317,NO150928,BCENTRAL/11 BOEST 20280915 GTIA,3620000,DOP,362,9.3055,102.746,21/09/2026,11:40:42 AM,PRESTAMO,SEGUNDA PARTE,ROTC,20/11/2026,CONFIRMADA,3354397,0,15/09/2023,15/09/2028,1.611422,BANCO CENTRAL DE LA REPUBLICA DOMINICANA,BCENTRAL,60158
DO1002227317,NO150928,BCENTRAL/11 BOEST 20280915 GTIA,3620000,DOP,362,9.2714,103.063536,21/09/2026,11:40:42 AM,PRESTAMO,PRIMERA PARTE,ROTC,21/09/2026,CONFIRMADA,3354397,0,15/09/2023,15/09/2028,1.611422,BANCO CENTRAL DE LA REPUBLICA DOMINICANA,BCENTRAL,61341
DO1002227317,NO150928,BCENTRAL/11 BOEST 20280915 GTIA,3620000,DOP,362,9.3055,102.746,21/09/2026,11:40:41 AM,PLAZO,PRIMERA PARTE,ROTC,20/11/2026,CONFIRMADA,3354398,0,15/09/2023,15/09/2028,0,BANCO CENTRAL DE LA REPUBLICA DOMINICANA,BCENTRAL,58611
DO2016300124,BC1GUL01,GULFSTREAM/11.25 BO 20290528,194480,DOP,194480,11.24446642,100.004898,21/09/2026,11:40:40 AM,CONTADO,PRIMERA PARTE,ROTC,21/09/2026,CONFIRMADA,3354399,0,28/05/2019,28/05/2029,0,GULFSTREAM PETROLEUM DOMINICANA S DE RL,GULFSTREAM,61887
DO2016300124,BC1GUL01,GULFSTREAM/11.25 BO 20290528,194480,DOP,194480,11.24446642,100.004898,21/09/2026,11:40:38 AM,CONTADO,PRIMERA PARTE,ROTC,21/09/2026,CONFIRMADA,3354400,0,28/05/2019,28/05/2029,0,GULFSTREAM PETROLEUM DOMINICANA S DE RL,GULFSTREAM,61936
USP3579EBV85,BSDR2027,DOMINICAN Rep/5.95 BD 20270125 Se,5000,USD,5,5.5291,100.133,21/09/2026,11:40:37 AM,CONTADO,PRIMERA PARTE,ROTC,21/09/2026,CONFIRMADA,3354401,0,25/01/2017,25/01/2027,0,MINISTERIO DE HACIENDA,HACIENDA,60060
USP3579EBV85,BSDR2027,DOMINICAN Rep/5.95 BD 20270125 Se,5000,USD,5,28.1597,99.648,21/09/2026,11:40:35 AM,PRESTAMO,SEGUNDA PARTE,ROTC,19/01/2027,CONFIRMADA,3354402,0,25/01/2017,25/01/2027,2.331946,MINISTERIO DE HACIENDA,HACIENDA,60942
USP3579EBV85,BSDR2027,DOMINICAN Rep/5.95 BD 20270125 Se,5000,USD,5,5.5291,100.133,21/09/2026,11:40:35 AM,PRESTAMO,PRIMERA PARTE,ROTC,21/09/2026,CONFIRMADA,3354402,0,25/01/2017,25/01/2027,2.331946,MINISTERIO DE HACIENDA,HACIENDA,60739
USP3579EBV85,BSDR2027,DOMINICAN Rep/5.95 BD 20270125 Se,5000,USD,5,28.1597,99.648,21/09/2026,11:40:34 AM,PLAZO,PRIMERA PARTE,ROTC,19/01/2027,CONFIRMADA,3354403,0,25/01/2017,25/01/2027,0,MINISTERIO DE HACIENDA,HACIENDA,59395
USP3579EBV85,BSDR2027,DOMINICAN Rep/5.95 BD 20270125 Se,1000,USD,1,1.6536,101.467,21/09/2026,11:40:33 AM,CONTADO,PRIMERA PARTE,ROTC,21/09/2026,CONFIRMADA,3354404,0,25/01/2017,25/01/2027,0,MINISTERIO DE HACIENDA,HACIENDA,60046
USP3579EBV85,BSDR2027,DOMINICAN Rep/5.95 BD 20270125 Se,1000,USD,1,-0.4012,101.149,21/09/2026,11:40:31 AM,PRESTAMO,SEGUNDA PARTE,ROTC,20/11/2026,CONFIRMADA,3354405,0,25/01/2017,25/01/2027,1.536148,MINISTERIO DE HACIENDA,HACIENDA,60802
USP3579EBV85,BSDR2027,DOMINICAN Rep/5.95 BD 20270125 Se,1000,USD,1,1.6536,101.467,21/09/2026,11:40:31 AM,PRESTAMO,PRIMERA PARTE,ROTC,21/09/2026,CONFIRMADA,3354405,0,25/01/2017,25/01/2027,1.536148,MINISTERIO DE HACIENDA,HACIENDA,60725
DO1002261423,NO301129,BCENTRAL/9.5 BOEST 20291130 GTIA,20000,DOP,2,8.7814,101.8999,21/09/2026,11:40:31 AM,PRESTAMO,SEGUNDA PARTE,ROTC,22/10/2026,CONFIRMADA,3354467,0,30/11/2025,30/11/2029,7.35,BANCO CENTRAL DE LA REPUBLICA DOMINICANA,BCENTRAL,59430
DO1002261423,NO301129,BCENTRAL/9.5 BOEST 20291130 GTIA,20000,DOP,2,8.7473,102.03125,21/09/2026,11:40:31 AM,PRESTAMO,PRIMERA PARTE,ROTC,22/09/2026,CONFIRMADA,3354467,0,30/11/2025,30/11/2029,7.35,BANCO CENTRAL DE LA REPUBLICA DOMINICANA,BCENTRAL,59731
DO1002261423,NO301129,BCENTRAL/9.5 BOEST 20291130 GTIA,20000,DOP,2,8.7814,101.8999,21/09/2026,11:40:30 AM,ESTRUCTURADA,SEGUNDA PARTE,ROTC,22/10/2026,CONFIRMADA,3354076,0,30/11/2025,30/11/2029,7.35,BANCO CENTRAL DE LA REPUBLICA DOMINICANA,BCENTRAL,61523
DO1002261423,NO301129,BCENTRAL/9.5 BOEST 20291130 GTIA,20000,DOP,2,8.7473,102.03125,21/09/2026,11:40:30 AM,ESTRUCTURADA,PRIMERA PARTE,ROTC,22/09/2026,CONFIRMADA,3354076,0,30/11/2025,30/11/2029,7.35,BANCO CENTRAL DE LA REPUBLICA DOMINICANA,BCENTRAL,61824
USP3579EBV85,BSDR2027,DOMINICAN Rep/5.95 BD 20270125 Se,1000,USD,1,-0.4012,101.149,21/09/2026,11:40:30 AM,PLAZO,PRIMERA PARTE,ROTC,20/11/2026,CONFIRMADA,3354406,0,25/01/2017,25/01/2027,0,MINISTERIO DE HACIENDA,HACIENDA,59255
DO1002223928,NO120227,BCENTRAL/8 BOEST 20270212 GTIA,400000,DOP,40,10.2785,99.130435,21/09/2026,11:40:29 AM,CONTADO,PRIMERA PARTE,ROTC,21/09/2026,CONFIRMADA,3354407,0,12/02/2022,12/02/2027,0,BANCO CENTRAL DE LA REPUBLICA DOMINICANA,BCENTRAL,59542
DO1002223928,NO120227,BCENTRAL/8 BOEST 20270212 GTIA,400000,DOP,40,10.6986,99.174093,21/09/2026,11:40:28 AM,PRESTAMO,SEGUNDA PARTE,ROTC,21/10/2026,CONFIRMADA,3354408,0,12/02/2022,12/02/2027,1.55458,BANCO CENTRAL DE LA REPUBLICA DOMINICANA,BCENTRAL,60214
DO1002223928,NO120227,BCENTRAL/8 BOEST 20270212 GTIA,400000,DOP,40,10.2785,99.130435,21/09/2026,11:40:28 AM,PRESTAMO,PRIMERA PARTE,ROTC,21/09/2026,CONFIRMADA,3354408,0,12/02/2022,12/02/2027,1.55458,BANCO CENTRAL DE LA REPUBLICA DOMINICANA,BCENTRAL,60228
DO1002223928,NO120227,BCENTRAL/8 BOEST 20270212 GTIA,400000,DOP,40,10.6986,99.174093,21/09/2026,11:40:27 AM,PLAZO,PRIMERA PARTE,ROTC,21/10/2026,CONFIRMADA,3354409,0,12/02/2022,12/02/2027,0,BANCO CENTRAL DE LA REPUBLICA DOMINICANA,BCENTRAL,58667
DO1002223928,NO120227,BCENTRAL/8 BOEST 20270212 GTIA,350000,DOP,35,10.2785,99.130434,21/09/2026,11:40:26 AM,CONTADO,PRIMERA PARTE,ROTC,21/09/2026,CONFIRMADA,3354410,0,12/02/2022,12/02/2027,0,BANCO CENTRAL DE LA REPUBLICA DOMINICANA,BCENTRAL,59570
DO1002223928,NO120227,BCENTRAL/8 BOEST 20270212 GTIA,350000,DOP,35,10.6986,99.174094,21/09/2026,11:40:24 AM,PRESTAMO,SEGUNDA PARTE,ROTC,21/10/2026,CONFIRMADA,3354411,0,12/02/2022,12/02/2027,1.554583,BANCO CENTRAL DE LA REPUBLICA DOMINICANA,BCENTRAL,60249
DO1002223928,NO120227,BCENTRAL/8 BOEST 20270212 GTIA,350000,DOP,35,10.2785,99.130434,21/09/2026,11:40:24 AM,PRESTAMO,PRIMERA PARTE,ROTC,21/09/2026,CONFIRMADA,3354411,0,12/02/2022,12/02/2027,1.554583,BANCO CENTRAL DE LA REPUBLICA DOMINICANA,BCENTRAL,60249
DO1002223928,NO120227,BCENTRAL/8 BOEST 20270212 GTIA,350000,DOP,35,10.6986,99.174094,21/09/2026,11:40:23 AM,PLAZO,PRIMERA PARTE,ROTC,21/10/2026,CONFIRMADA,3354413,0,12/02/2022,12/02/2027,0,BANCO CENTRAL DE LA REPUBLICA DOMINICANA,BCENTRAL,58702
DO1002261126,NO280929,BCENTRAL/9.5 BOEST 20290928 GTIA,60000,DOP,6,9.69728004,99.49,21/09/2026,11:40:22 AM,CONTADO,PRIMERA PARTE,ROTC,21/09/2026,CONFIRMADA,3354414,0,28/09/2025,28/09/2029,0,BANCO CENTRAL DE LA REPUBLICA DOMINICANA,BCENTRAL,59514
DO1002261829,NO010330,BCENTRAL/9.5 BOEST 20300301 GTIA,150000,DOP,15,9.7507224,99.27,21/09/2026,11:40:21 AM,CONTADO,PRIMERA PARTE,ROTC,21/09/2026,CONFIRMADA,3354415,0,01/03/2026,01/03/2030,0,BANCO CENTRAL DE LA REPUBLICA DOMINICANA,BCENTRAL,59500
DO1002223928,NO120227,BCENTRAL/8 BOEST 20270212 GTIA,2270000,DOP,227,6.7802,100.452021,21/09/2026,11:40:19 AM,CONTADO,PRIMERA PARTE,ROTC,21/09/2026,CONFIRMADA,3354416,0,12/02/2022,12/02/2027,0,BANCO CENTRAL DE LA REPUBLICA DOMINICANA,BCENTRAL,60172
DO1002223928,NO120227,BCENTRAL/8 BOEST 20270212 GTIA,2270000,DOP,227,-5.7291,100.916747,21/09/2026,11:40:18 AM,PRESTAMO,SEGUNDA PARTE,ROTC,19/01/2027,CONFIRMADA,3354417,0,12/02/2022,12/02/2027,3.776988,BANCO CENTRAL DE LA REPUBLICA DOMINICANA,BCENTRAL,61257
DO1002223928,NO120227,BCENTRAL/8 BOEST 20270212 GTIA,2270000,DOP,227,6.7802,100.452021,21/09/2026,11:40:18 AM,PRESTAMO,PRIMERA PARTE,ROTC,21/09/2026,CONFIRMADA,3354417,0,12/02/2022,12/02/2027,3.776988,BANCO CENTRAL DE LA REPUBLICA DOMINICANA,BCENTRAL,60858
DO1002223928,NO120227,BCENTRAL/8 BOEST 20270212 GTIA,2270000,DOP,227,-5.7291,100.916747,21/09/2026,11:40:17 AM,PLAZO,PRIMERA PARTE,ROTC,19/01/2027,CONFIRMADA,3354418,0,12/02/2022,12/02/2027,0,BANCO CENTRAL DE LA REPUBLICA DOMINICANA,BCENTRAL,59710
USP3579ECN50,BSRD2033, ,62000,USD,62,6.52413985,97.28,21/09/2026,11:40:16 AM,CONTADO,PRIMERA PARTE,ROTC,21/09/2026,CONFIRMADA,3354419,0,22/02/2022,22/02/2033,0,MINISTERIO DE HACIENDA,HACIENDA,47390
USP3579ECR64,BSRD2031, ,9000,USD,9,5.97977421,104.05,21/09/2026,11:40:15 AM,CONTADO,PRIMERA PARTE,ROTC,21/09/2026,CONFIRMADA,3354420,0,03/02/2023,03/02/2031,0,MINISTERIO DE HACIENDA,HACIENDA,47054
DO1002223928,NO120227,BCENTRAL/8 BOEST 20270212 GTIA,200000,DOP,20,10.279,99.13025,21/09/2026,11:40:13 AM,CONTADO,PRIMERA PARTE,ROTC,21/09/2026,CONFIRMADA,3354421,0,12/02/2022,12/02/2027,0,BANCO CENTRAL DE LA REPUBLICA DOMINICANA,BCENTRAL,58730
DO1002223928,NO120227,BCENTRAL/8 BOEST 20270212 GTIA,200000,DOP,20,10.6993,99.173905,21/09/2026,11:40:12 AM,PRESTAMO,SEGUNDA PARTE,ROTC,21/10/2026,CONFIRMADA,3354422,0,12/02/2022,12/02/2027,1.554581,BANCO CENTRAL DE LA REPUBLICA DOMINICANA,BCENTRAL,60130
DO1002223928,NO120227,BCENTRAL/8 BOEST 20270212 GTIA,200000,DOP,20,10.279,99.13025,21/09/2026,11:40:12 AM,PRESTAMO,PRIMERA PARTE,ROTC,21/09/2026,CONFIRMADA,3354422,0,12/02/2022,12/02/2027,1.554581,BANCO CENTRAL DE LA REPUBLICA DOMINICANA,BCENTRAL,59416
DO1002223928,NO120227,BCENTRAL/8 BOEST 20270212 GTIA,200000,DOP,20,10.6993,99.173905,21/09/2026,11:40:11 AM,PLAZO,PRIMERA PARTE,ROTC,21/10/2026,CONFIRMADA,3354423,0,12/02/2022,12/02/2027,0,BANCO CENTRAL DE LA REPUBLICA DOMINICANA,BCENTRAL,58583
DO1002227317,NO150928,BCENTRAL/11 BOEST 20280915 GTIA,160000,DOP,16,8.9128,103.715563,21/09/2026,11:40:10 AM,CONTADO,PRIMERA PARTE,ROTC,21/09/2026,CONFIRMADA,3354424,0,15/09/2023,15/09/2028,0,BANCO CENTRAL DE LA REPUBLICA DOMINICANA,BCENTRAL,59948
DO1002227317,NO150928,BCENTRAL/11 BOEST 20280915 GTIA,160000,DOP,16,8.9302,103.526912,21/09/2026,11:40:08 AM,PRESTAMO,SEGUNDA PARTE,ROTC,21/10/2026,CONFIRMADA,3354425,0,15/09/2023,15/09/2028,0.865291,BANCO CENTRAL DE LA REPUBLICA DOMINICANA,BCENTRAL,60515
DO1002227317,NO150928,BCENTRAL/11 BOEST 20280915 GTIA,160000,DOP,16,8.9128,103.715563,21/09/2026,11:40:08 AM,PRESTAMO,PRIMERA PARTE,ROTC,21/09/2026,CONFIRMADA,3354425,0,15/09/2023,15/09/2028,0.865291,BANCO CENTRAL DE LA REPUBLICA DOMINICANA,BCENTRAL,60690
DO1002227317,NO150928,BCENTRAL/11 BOEST 20280915 GTIA,160000,DOP,16,8.9302,103.526912,21/09/2026,11:40:07 AM,PLAZO,PRIMERA PARTE,ROTC,21/10/2026,CONFIRMADA,3354426,0,15/09/2023,15/09/2028,0,BANCO CENTRAL DE LA REPUBLICA DOMINICANA,BCENTRAL,58968
DO1002223928,NO120227,BCENTRAL/8 BOEST 20270212 GTIA,1640000,DOP,164,7.0222,100.359307,21/09/2026,11:40:06 AM,CONTADO,PRIMERA PARTE,ROTC,21/09/2026,CONFIRMADA,3354427,0,12/02/2022,12/02/2027,0,BANCO CENTRAL DE LA REPUBLICA DOMINICANA,BCENTRAL,60165
DO1002223928,NO120227,BCENTRAL/8 BOEST 20270212 GTIA,1640000,DOP,164,6.4181,100.337191,21/09/2026,11:40:05 AM,PRESTAMO,SEGUNDA PARTE,ROTC,20/11/2026,CONFIRMADA,3354428,0,12/02/2022,12/02/2027,2.099087,BANCO CENTRAL DE LA REPUBLICA DOMINICANA,BCENTRAL,60760
DO1002223928,NO120227,BCENTRAL/8 BOEST 20270212 GTIA,1640000,DOP,164,7.0222,100.359307,21/09/2026,11:40:05 AM,PRESTAMO,PRIMERA PARTE,ROTC,21/09/2026,CONFIRMADA,3354428,0,12/02/2022,12/02/2027,2.099087,BANCO CENTRAL DE LA REPUBLICA DOMINICANA,BCENTRAL,60851
DO1002223928,NO120227,BCENTRAL/8 BOEST 20270212 GTIA,1640000,DOP,164,6.4181,100.337191,21/09/2026,11:40:03 AM,PLAZO,PRIMERA PARTE,ROTC,20/11/2026,CONFIRMADA,3354429,0,12/02/2022,12/02/2027,0,BANCO CENTRAL DE LA REPUBLICA DOMINICANA,BCENTRAL,59206
DO1005205716,MHUS2027,HACIENDA/6 BOEST 20270305 GTIA,7000,USD,7,5.9901,99.979,21/09/2026,11:40:02 AM,CONTADO,PRIMERA PARTE,ROTC,21/09/2026,CONFIRMADA,3354430,0,05/09/2016,05/03/2027,0,MINISTERIO DE HACIENDA,HACIENDA,57512
DO1005205716,MHUS2027,HACIENDA/6 BOEST 20270305 GTIA,7000,USD,7,6.3338,99.844286,21/09/2026,11:40:01 AM,PRESTAMO,SEGUNDA PARTE,ROTC,12/10/2026,CONFIRMADA,3354431,0,05/09/2016,05/03/2027,0.471438,MINISTERIO DE HACIENDA,HACIENDA,59129
DO1005205716,MHUS2027,HACIENDA/6 BOEST 20270305 GTIA,7000,USD,7,5.9901,99.979,21/09/2026,11:40:01 AM,PRESTAMO,PRIMERA PARTE,ROTC,21/09/2026,CONFIRMADA,3354431,0,05/09/2016,05/03/2027,0.471438,MINISTERIO DE HACIENDA,HACIENDA,58198
DO1005205716,MHUS2027,HACIENDA/6 BOEST 20270305 GTIA,7000,USD,7,6.3338,99.844286,21/09/2026,11:40:00 AM,PLAZO,PRIMERA PARTE,ROTC,12/10/2026,CONFIRMADA,3354432,0,05/09/2016,05/03/2027,0,MINISTERIO DE HACIENDA,HACIENDA,57582
USP3579ECP09,BSRD2029, ,20000,USD,20,4.1351,103.10825,21/09/2026,11:39:59 AM,CONTADO,PRIMERA PARTE,ROTC,21/09/2026,CONFIRMADA,3354433,0,22/02/2022,22/02/2029,0,MINISTERIO DE HACIENDA,HACIENDA,47243
USP3579ECP09,BSRD2029, ,20000,USD,20,4.1483,103.00485,21/09/2026,11:39:57 AM,PRESTAMO,SEGUNDA PARTE,ROTC,12/10/2026,CONFIRMADA,3354434,0,22/02/2022,22/02/2029,0.636511,MINISTERIO DE HACIENDA,HACIENDA,47852
USP3579ECP09,BSRD2029, ,20000,USD,20,4.1351,103.10825,21/09/2026,11:39:57 AM,PRESTAMO,PRIMERA PARTE,ROTC,21/09/2026,CONFIRMADA,3354434,0,22/02/2022,22/02/2029,0.636511,MINISTERIO DE HACIENDA,HACIENDA,47922
USP3579ECP09,BSRD2029, ,20000,USD,20,4.1483,103.00485,21/09/2026,11:39:56 AM,PLAZO,PRIMERA PARTE,ROTC,12/10/2026,CONFIRMADA,3354435,0,22/02/2022,22/02/2029,0,MINISTERIO DE HACIENDA,HACIENDA,46305
DO1002227317,NO150928,BCENTRAL/11 BOEST 20280915 GTIA,1100000,DOP,110,9.0057,103.546152,21/09/2026,11:39:55 AM,CONTADO,PRIMERA PARTE,ROTC,21/09/2026,CONFIRMADA,3354436,0,15/09/2023,15/09/2028,0,BANCO CENTRAL DE LA REPUBLICA DOMINICANA,BCENTRAL,60592
DO1002227317,NO150928,BCENTRAL/11 BOEST 20280915 GTIA,1100000,DOP,110,5.0504,102.953413,21/09/2026,11:39:54 AM,PRESTAMO,SEGUNDA PARTE,ROTC,12/03/2027,CONFIRMADA,3354437,0,15/09/2023,15/09/2028,4.444445,BANCO CENTRAL DE LA REPUBLICA DOMINICANA,BCENTRAL,61138
DO1002227317,NO150928,BCENTRAL/11 BOEST 20280915 GTIA,1100000,DOP,110,9.0057,103.546152,21/09/2026,11:39:54 AM,PRESTAMO,PRIMERA PARTE,ROTC,21/09/2026,CONFIRMADA,3354437,0,15/09/2023,15/09/2028,4.444445,BANCO CENTRAL DE LA REPUBLICA DOMINICANA,BCENTRAL,61278
DO1002261928,LE090427,BCENTRAL/ LT 20270409 GTIA,140000,DOP,14,13.851,92.8548,21/09/2026,11:39:52 AM,CONTADO,PRIMERA PARTE,ROTC,21/09/2026,CONFIRMADA,3354326,0,09/04/2026,09/04/2027,0,BANCO CENTRAL DE LA REPUBLICA DOMINICANA,BCENTRAL,56658
DO1002227317,NO150928,BCENTRAL/11 BOEST 20280915 GTIA,1100000,DOP,110,5.0504,102.953413,21/09/2026,11:39:52 AM,PLAZO,PRIMERA PARTE,ROTC,12/03/2027,CONFIRMADA,3354438,0,15/09/2023,15/09/2028,0,BANCO CENTRAL DE LA REPUBLICA DOMINICANA,BCENTRAL,59584
USP3579ECP09,BSRD2029, ,38000,USD,38,5.9316,99.035079,21/09/2026,11:39:51 AM,CONTADO,PRIMERA PARTE,ROTC,21/09/2026,CONFIRMADA,3354439,0,22/02/2022,22/02/2029,0,MINISTERIO DE HACIENDA,HACIENDA,47537
USP3579ECP09,BSRD2029, ,38000,USD,38,5.9922,98.923132,21/09/2026,11:39:50 AM,PRESTAMO,SEGUNDA PARTE,ROTC,12/10/2026,CONFIRMADA,3354440,0,22/02/2022,22/02/2029,0.653994,MINISTERIO DE HACIENDA,HACIENDA,48090
USP3579ECP09,BSRD2029, ,38000,USD,38,5.9316,99.035079,21/09/2026,11:39:50 AM,PRESTAMO,PRIMERA PARTE,ROTC,21/09/2026,CONFIRMADA,3354440,0,22/02/2022,22/02/2029,0.653994,MINISTERIO DE HACIENDA,HACIENDA,48223
USP3579ECP09,BSRD2029, ,38000,USD,38,5.9922,98.923132,21/09/2026,11:39:48 AM,PLAZO,PRIMERA PARTE,ROTC,12/10/2026,CONFIRMADA,3354441,0,22/02/2022,22/02/2029,0,MINISTERIO DE HACIENDA,HACIENDA,46599
USP3579ECP09,BSRD2029, ,270000,USD,270,5.6976,99.554063,21/09/2026,11:39:47 AM,CONTADO,PRIMERA PARTE,ROTC,21/09/2026,CONFIRMADA,3354442,0,22/02/2022,22/02/2029,0,MINISTERIO DE HACIENDA,HACIENDA,48272
USP3579ECP09,BSRD2029, ,270000,USD,270,5.8337,99.294322,21/09/2026,11:39:46 AM,PRESTAMO,SEGUNDA PARTE,ROTC,20/11/2026,CONFIRMADA,3354443,0,22/02/2022,22/02/2029,1.077819,MINISTERIO DE HACIENDA,HACIENDA,48783
USP3579ECP09,BSRD2029, ,270000,USD,270,5.6976,99.554063,21/09/2026,11:39:46 AM,PRESTAMO,PRIMERA PARTE,ROTC,21/09/2026,CONFIRMADA,3354443,0,22/02/2022,22/02/2029,1.077819,MINISTERIO DE HACIENDA,HACIENDA,48958
USP3579ECP09,BSRD2029, ,270000,USD,270,5.8337,99.294322,21/09/2026,11:39:44 AM,PLAZO,PRIMERA PARTE,ROTC,20/11/2026,CONFIRMADA,3354444,0,22/02/2022,22/02/2029,0,MINISTERIO DE HACIENDA,HACIENDA,47229
DO1002261225,LE021026,BCENTRAL/ LT 20261002 GTIA,560000,DOP,56,35.5281,98.926079,21/09/2026,11:39:11 AM,CONTADO,PRIMERA PARTE,ROTC,21/09/2026,CONFIRMADA,3354276,0,02/10/2025,02/10/2026,0,BANCO CENTRAL DE LA REPUBLICA DOMINICANA,BCENTRAL,57631
DO1002261928,LE090427,BCENTRAL/ LT 20270409 GTIA,280000,DOP,28,5.6031,96.995796,21/09/2026,11:38:50 AM,CONTADO,PRIMERA PARTE,ROTC,22/09/2026,CONFIRMADA,3354323,0,09/04/2026,09/04/2027,0,BANCO CENTRAL DE LA REPUBLICA DOMINICANA,BCENTRAL,57533
DO1002261928,LE090427,BCENTRAL/ LT 20270409 GTIA,30000,DOP,3,36.0054,83.331233,21/09/2026,11:38:29 AM,CONTADO,PRIMERA PARTE,ROTC,21/09/2026,CONFIRMADA,3354273,0,09/04/2026,09/04/2027,0,BANCO CENTRAL DE LA REPUBLICA DOMINICANA,BCENTRAL,56917
DO1002261225,LE021026,BCENTRAL/ LT 20261002 GTIA,4940000,DOP,494,6.721,99.795056,21/09/2026,11:38:05 AM,CONTADO,PRIMERA PARTE,ROTC,21/09/2026,CONFIRMADA,3354320,0,02/10/2025,02/10/2026,0,BANCO CENTRAL DE LA REPUBLICA DOMINICANA,BCENTRAL,57673
DO1005213025,MH22031,HACIENDA/10.25 BOEST 20310209 GTIA,500000,DOP,5,10.6026,98.789946,21/09/2026,11:37:43 AM,CONTADO,PRIMERA PARTE,ROTC,21/09/2026,CONFIRMADA,3354270,0,09/02/2024,09/02/2031,0,MINISTERIO DE HACIENDA,HACIENDA,59983
DO1002261225,LE021026,BCENTRAL/ LT 20261002 GTIA,2010000,DOP,201,16.4465,99.49998,21/09/2026,11:37:24 AM,CONTADO,PRIMERA PARTE,ROTC,21/09/2026,CONFIRMADA,3354267,0,02/10/2025,02/10/2026,0,BANCO CENTRAL DE LA REPUBLICA DOMINICANA,BCENTRAL,57932
DO1005206516,MH32028,HACIENDA/10.75 BOEST 20280811 GTIA,7700000,DOP,77,5.7366,107.018251,21/09/2026,11:34:06 AM,PRESTAMO,SEGUNDA PARTE,ROTC,17/02/2027,CONFIRMADA,3354373,0,10/08/2018,11/08/2028,7.74,MINISTERIO DE HACIENDA,HACIENDA,61383
DO1005206516,MH32028,HACIENDA/10.75 BOEST 20280811 GTIA,7700000,DOP,77,9.1879,102.659118,21/09/2026,11:34:06 AM,PRESTAMO,PRIMERA PARTE,ROTC,21/09/2026,CONFIRMADA,3354373,0,10/08/2018,11/08/2028,7.74,MINISTERIO DE HACIENDA,HACIENDA,61558
DO1005206516,MH32028,HACIENDA/10.75 BOEST 20280811 GTIA,7700000,DOP,77,5.7366,107.018251,21/09/2026,11:34:05 AM,ESTRUCTURADA,SEGUNDA PARTE,ROTC,17/02/2027,CONFIRMADA,3354361,0,10/08/2018,11/08/2028,7.74,MINISTERIO DE HACIENDA,HACIENDA,63476
DO1005206516,MH32028,HACIENDA/10.75 BOEST 20280811 GTIA,7700000,DOP,77,9.1879,102.659118,21/09/2026,11:34:05 AM,ESTRUCTURADA,PRIMERA PARTE,ROTC,21/09/2026,CONFIRMADA,3354361,0,10/08/2018,11/08/2028,7.74,MINISTERIO DE HACIENDA,HACIENDA,63651
USP3579ECF27,BSRD2030,DOMINICAN REP/4.5 BD 20300130 UNS,10000,USD,10,5.3,97.565749,21/09/2026,11:32:43 AM,CONTADO,PRIMERA PARTE,ROTC,23/09/2026,CONFIRMADA,3354348,0,30/01/2020,30/01/2030,0,MINISTERIO DE HACIENDA,HACIENDA,59885
DO1005205716,MHUS2027,HACIENDA/6 BOEST 20270305 GTIA,110000,USD,110,-0.1778,102.168909,21/09/2026,11:31:59 AM,PRESTAMO,SEGUNDA PARTE,ROTC,28/10/2026,CONFIRMADA,3354362,0,05/09/2016,05/03/2027,4.65,MINISTERIO DE HACIENDA,HACIENDA,61096
DO1005205716,MHUS2027,HACIENDA/6 BOEST 20270305 GTIA,110000,USD,110,0.7434,102.264318,21/09/2026,11:31:59 AM,PRESTAMO,PRIMERA PARTE,ROTC,28/09/2026,CONFIRMADA,3354362,0,05/09/2016,05/03/2027,4.65,MINISTERIO DE HACIENDA,HACIENDA,60802
DO1005205716,MHUS2027,HACIENDA/6 BOEST 20270305 GTIA,110000,USD,110,-0.1778,102.168909,21/09/2026,11:31:58 AM,ESTRUCTURADA,SEGUNDA PARTE,ROTC,28/10/2026,CONFIRMADA,3354074,0,05/09/2016,05/03/2027,4.65,MINISTERIO DE HACIENDA,HACIENDA,63189
DO1005205716,MHUS2027,HACIENDA/6 BOEST 20270305 GTIA,110000,USD,110,0.7434,102.264318,21/09/2026,11:31:58 AM,ESTRUCTURADA,PRIMERA PARTE,ROTC,28/09/2026,CONFIRMADA,3354074,0,05/09/2016,05/03/2027,4.65,MINISTERIO DE HACIENDA,HACIENDA,62895
DO1005205716,MHUS2027,HACIENDA/6 BOEST 20270305 GTIA,88000,USD,88,-1.8948,101.596102,21/09/2026,11:30:22 AM,PRESTAMO,SEGUNDA PARTE,ROTC,22/12/2026,CONFIRMADA,3354358,0,05/09/2016,05/03/2027,4.25,MINISTERIO DE HACIENDA,HACIENDA,60487
DO1005205716,MHUS2027,HACIENDA/6 BOEST 20270305 GTIA,88000,USD,88,1.517,101.993273,21/09/2026,11:30:22 AM,PRESTAMO,PRIMERA PARTE,ROTC,22/09/2026,CONFIRMADA,3354358,0,05/09/2016,05/03/2027,4.25,MINISTERIO DE HACIENDA,HACIENDA,59899
DO1005205716,MHUS2027,HACIENDA/6 BOEST 20270305 GTIA,88000,USD,88,-1.8948,101.596102,21/09/2026,11:30:21 AM,ESTRUCTURADA,SEGUNDA PARTE,ROTC,22/12/2026,CONFIRMADA,3354040,0,05/09/2016,05/03/2027,4.25,MINISTERIO DE HACIENDA,HACIENDA,62580
DO1005205716,MHUS2027,HACIENDA/6 BOEST 20270305 GTIA,88000,USD,88,1.517,101.993273,21/09/2026,11:30:21 AM,ESTRUCTURADA,PRIMERA PARTE,ROTC,22/09/2026,CONFIRMADA,3354040,0,05/09/2016,05/03/2027,4.25,MINISTERIO DE HACIENDA,HACIENDA,61992
DO2006901311,BC1ITA01,EGEITABO/5.65 BO 20311208,4422,USD,4422,5.28027896,101.639451,21/09/2026,11:29:58 AM,PRESTAMO,SEGUNDA PARTE,ROTC,05/11/2026,CONFIRMADA,3354357,0,08/12/2021,08/12/2031,3.95,"EMPRESA GENERADORA DE ELECTRICIDAD ITABO, S.A.",EGEITABO,59164
DO2006901311,BC1ITA01,EGEITABO/5.65 BO 20311208,4422,USD,4422,5.24596244,101.832236,21/09/2026,11:29:58 AM,PRESTAMO,PRIMERA PARTE,ROTC,21/09/2026,CONFIRMADA,3354357,0,08/12/2021,08/12/2031,3.95,"EMPRESA GENERADORA DE ELECTRICIDAD ITABO, S.A.",EGEITABO,59192
DO2006901311,BC1ITA01,EGEITABO/5.65 BO 20311208,4422,USD,4422,5.28027896,101.639451,21/09/2026,11:29:57 AM,ESTRUCTURADA,SEGUNDA PARTE,ROTC,05/11/2026,CONFIRMADA,3354285,0,08/12/2021,08/12/2031,3.95,"EMPRESA GENERADORA DE ELECTRICIDAD ITABO, S.A.",EGEITABO,61257
DO2006901311,BC1ITA01,EGEITABO/5.65 BO 20311208,4422,USD,4422,5.24596244,101.832236,21/09/2026,11:29:57 AM,ESTRUCTURADA,PRIMERA PARTE,ROTC,21/09/2026,CONFIRMADA,3354285,0,08/12/2021,08/12/2031,3.95,"EMPRESA GENERADORA DE ELECTRICIDAD ITABO, S.A.",EGEITABO,61285
DO2006901311,BC1ITA01,EGEITABO/5.65 BO 20311208,9905,USD,9905,5.26765543,101.635758,21/09/2026,11:29:56 AM,PRESTAMO,SEGUNDA PARTE,ROTC,19/01/2027,CONFIRMADA,3354356,0,08/12/2021,08/12/2031,4.9,"EMPRESA GENERADORA DE ELECTRICIDAD ITABO, S.A.",EGEITABO,59353
DO2006901311,BC1ITA01,EGEITABO/5.65 BO 20311208,9905,USD,9905,5.24714067,101.826834,21/09/2026,11:29:56 AM,PRESTAMO,PRIMERA PARTE,ROTC,21/09/2026,CONFIRMADA,3354356,0,08/12/2021,08/12/2031,4.9,"EMPRESA GENERADORA DE ELECTRICIDAD ITABO, S.A.",EGEITABO,59346
DO2006901311,BC1ITA01,EGEITABO/5.65 BO 20311208,9905,USD,9905,5.26765543,101.635758,21/09/2026,11:29:54 AM,ESTRUCTURADA,SEGUNDA PARTE,ROTC,19/01/2027,CONFIRMADA,3354286,0,08/12/2021,08/12/2031,4.9,"EMPRESA GENERADORA DE ELECTRICIDAD ITABO, S.A.",EGEITABO,61439
DO2006901311,BC1ITA01,EGEITABO/5.65 BO 20311208,9905,USD,9905,5.24714067,101.826834,21/09/2026,11:29:54 AM,ESTRUCTURADA,PRIMERA PARTE,ROTC,21/09/2026,CONFIRMADA,3354286,0,08/12/2021,08/12/2031,4.9,"EMPRESA GENERADORA DE ELECTRICIDAD ITABO, S.A.",EGEITABO,61432
DO1002261423,NO301129,BCENTRAL/9.5 BOEST 20291130 GTIA,1050000,DOP,105,9.41044196,100.198454,21/09/2026,11:29:53 AM,PRESTAMO,SEGUNDA PARTE,ROTC,19/01/2027,CONFIRMADA,3354355,0,30/11/2025,30/11/2029,8.5,BANCO CENTRAL DE LA REPUBLICA DOMINICANA,BCENTRAL,63007
DO1002261423,NO301129,BCENTRAL/9.5 BOEST 20291130 GTIA,1050000,DOP,105,9.34637072,100.38991,21/09/2026,11:29:53 AM,PRESTAMO,PRIMERA PARTE,ROTC,21/09/2026,CONFIRMADA,3354355,0,30/11/2025,30/11/2029,8.5,BANCO CENTRAL DE LA REPUBLICA DOMINICANA,BCENTRAL,62748
DO1002261423,NO301129,BCENTRAL/9.5 BOEST 20291130 GTIA,1050000,DOP,105,9.41044196,100.198454,21/09/2026,11:29:52 AM,ESTRUCTURADA,SEGUNDA PARTE,ROTC,19/01/2027,CONFIRMADA,3354287,0,30/11/2025,30/11/2029,8.5,BANCO CENTRAL DE LA REPUBLICA DOMINICANA,BCENTRAL,65100
DO1002261423,NO301129,BCENTRAL/9.5 BOEST 20291130 GTIA,1050000,DOP,105,9.34637072,100.38991,21/09/2026,11:29:52 AM,ESTRUCTURADA,PRIMERA PARTE,ROTC,21/09/2026,CONFIRMADA,3354287,0,30/11/2025,30/11/2029,8.5,BANCO CENTRAL DE LA REPUBLICA DOMINICANA,BCENTRAL,64841
DO2016300124,BC1GUL01,GULFSTREAM/11.25 BO 20290528,108030,DOP,108030,10.57108146,101.518253,21/09/2026,11:29:51 AM,PRESTAMO,SEGUNDA PARTE,ROTC,21/10/2026,CONFIRMADA,3354354,0,28/05/2019,28/05/2029,7.6,GULFSTREAM PETROLEUM DOMINICANA S DE RL,GULFSTREAM,62293
DO2016300124,BC1GUL01,GULFSTREAM/11.25 BO 20290528,108030,DOP,108030,10.47191628,101.793533,21/09/2026,11:29:51 AM,PRESTAMO,PRIMERA PARTE,ROTC,21/09/2026,CONFIRMADA,3354354,0,28/05/2019,28/05/2029,7.6,GULFSTREAM PETROLEUM DOMINICANA S DE RL,GULFSTREAM,62496
DO2016300124,BC1GUL01,GULFSTREAM/11.25 BO 20290528,108030,DOP,108030,10.57108146,101.518253,21/09/2026,11:29:49 AM,ESTRUCTURADA,SEGUNDA PARTE,ROTC,21/10/2026,CONFIRMADA,3354294,0,28/05/2019,28/05/2029,7.6,GULFSTREAM PETROLEUM DOMINICANA S DE RL,GULFSTREAM,64442
DO2016300124,BC1GUL01,GULFSTREAM/11.25 BO 20290528,108030,DOP,108030,10.47191628,101.793533,21/09/2026,11:29:49 AM,ESTRUCTURADA,PRIMERA PARTE,ROTC,21/09/2026,CONFIRMADA,3354294,0,28/05/2019,28/05/2029,7.6,GULFSTREAM PETROLEUM DOMINICANA S DE RL,GULFSTREAM,64645
DO1005204412,MH12029,HACIENDA/11.375 BOEST 20290706 GTIA,3700000,DOP,37,8.06582911,107.64668,21/09/2026,11:29:48 AM,PRESTAMO,SEGUNDA PARTE,ROTC,20/11/2026,CONFIRMADA,3354353,0,06/07/2014,06/07/2029,7.95,MINISTERIO DE HACIENDA,HACIENDA,62874
DO1005204412,MH12029,HACIENDA/11.375 BOEST 20290706 GTIA,3700000,DOP,37,8.07739941,108.053045,21/09/2026,11:29:48 AM,PRESTAMO,PRIMERA PARTE,ROTC,21/09/2026,CONFIRMADA,3354353,0,06/07/2014,06/07/2029,7.95,MINISTERIO DE HACIENDA,HACIENDA,63301
DO1005204412,MH12029,HACIENDA/11.375 BOEST 20290706 GTIA,3700000,DOP,37,8.06582911,107.64668,21/09/2026,11:29:47 AM,ESTRUCTURADA,SEGUNDA PARTE,ROTC,20/11/2026,CONFIRMADA,3354299,0,06/07/2014,06/07/2029,7.95,MINISTERIO DE HACIENDA,HACIENDA,64967
DO1005204412,MH12029,HACIENDA/11.375 BOEST 20290706 GTIA,3700000,DOP,37,8.07739941,108.053045,21/09/2026,11:29:47 AM,ESTRUCTURADA,PRIMERA PARTE,ROTC,21/09/2026,CONFIRMADA,3354299,0,06/07/2014,06/07/2029,7.95,MINISTERIO DE HACIENDA,HACIENDA,65394
DO2006901311,BC1ITA01,EGEITABO/5.65 BO 20311208,6657,USD,6657,5.08805656,102.488089,21/09/2026,11:29:46 AM,PRESTAMO,SEGUNDA PARTE,ROTC,20/11/2026,CONFIRMADA,3354352,0,08/12/2021,08/12/2031,4.25,"EMPRESA GENERADORA DE ELECTRICIDAD ITABO, S.A.",EGEITABO,59332
DO2006901311,BC1ITA01,EGEITABO/5.65 BO 20311208,6657,USD,6657,5.06020989,102.688057,21/09/2026,11:29:46 AM,PRESTAMO,PRIMERA PARTE,ROTC,21/09/2026,CONFIRMADA,3354352,0,08/12/2021,08/12/2031,4.25,"EMPRESA GENERADORA DE ELECTRICIDAD ITABO, S.A.",EGEITABO,59402
DO2006901311,BC1ITA01,EGEITABO/5.65 BO 20311208,6657,USD,6657,5.08805656,102.488089,21/09/2026,11:29:45 AM,ESTRUCTURADA,SEGUNDA PARTE,ROTC,20/11/2026,CONFIRMADA,3354302,0,08/12/2021,08/12/2031,4.25,"EMPRESA GENERADORA DE ELECTRICIDAD ITABO, S.A.",EGEITABO,61425
DO2006901311,BC1ITA01,EGEITABO/5.65 BO 20311208,6657,USD,6657,5.06020989,102.688057,21/09/2026,11:29:45 AM,ESTRUCTURADA,PRIMERA PARTE,ROTC,21/09/2026,CONFIRMADA,3354302,0,08/12/2021,08/12/2031,4.25,"EMPRESA GENERADORA DE ELECTRICIDAD ITABO, S.A.",EGEITABO,61495
DO1005208322,MHUS2040,HACIENDA/6.75 BOEST 20400724 GTIA,33000,USD,33,4.68863235,120.631858,21/09/2026,11:29:43 AM,PRESTAMO,SEGUNDA PARTE,ROTC,20/11/2026,CONFIRMADA,3354351,0,24/07/2020,24/07/2040,3.95,MINISTERIO DE HACIENDA,HACIENDA,62615
DO1005208322,MHUS2040,HACIENDA/6.75 BOEST 20400724 GTIA,33000,USD,33,4.67759228,120.934917,21/09/2026,11:29:43 AM,PRESTAMO,PRIMERA PARTE,ROTC,21/09/2026,CONFIRMADA,3354351,0,24/07/2020,24/07/2040,3.95,MINISTERIO DE HACIENDA,HACIENDA,62783
DO1005208322,MHUS2040,HACIENDA/6.75 BOEST 20400724 GTIA,33000,USD,33,4.68863235,120.631858,21/09/2026,11:29:42 AM,ESTRUCTURADA,SEGUNDA PARTE,ROTC,20/11/2026,CONFIRMADA,3354304,0,24/07/2020,24/07/2040,3.95,MINISTERIO DE HACIENDA,HACIENDA,64708
DO1005208322,MHUS2040,HACIENDA/6.75 BOEST 20400724 GTIA,33000,USD,33,4.67759228,120.934917,21/09/2026,11:29:42 AM,ESTRUCTURADA,PRIMERA PARTE,ROTC,21/09/2026,CONFIRMADA,3354304,0,24/07/2020,24/07/2040,3.95,MINISTERIO DE HACIENDA,HACIENDA,64876
DO2016300124,BC1GUL01,GULFSTREAM/11.25 BO 20290528,232606,DOP,232606,10.66449327,101.276347,21/09/2026,11:29:41 AM,PRESTAMO,SEGUNDA PARTE,ROTC,20/11/2026,CONFIRMADA,3354350,0,28/05/2019,28/05/2029,7.85,GULFSTREAM PETROLEUM DOMINICANA S DE RL,GULFSTREAM,62482
DO2016300124,BC1GUL01,GULFSTREAM/11.25 BO 20290528,232606,DOP,232606,10.4758602,101.784306,21/09/2026,11:29:41 AM,PRESTAMO,PRIMERA PARTE,ROTC,21/09/2026,CONFIRMADA,3354350,0,28/05/2019,28/05/2029,7.85,GULFSTREAM PETROLEUM DOMINICANA S DE RL,GULFSTREAM,62195
DO2016300124,BC1GUL01,GULFSTREAM/11.25 BO 20290528,232606,DOP,232606,10.66449327,101.276347,21/09/2026,11:29:39 AM,ESTRUCTURADA,SEGUNDA PARTE,ROTC,20/11/2026,CONFIRMADA,3354306,0,28/05/2019,28/05/2029,7.85,GULFSTREAM PETROLEUM DOMINICANA S DE RL,GULFSTREAM,64631
DO2016300124,BC1GUL01,GULFSTREAM/11.25 BO 20290528,232606,DOP,232606,10.4758602,101.784306,21/09/2026,11:29:39 AM,ESTRUCTURADA,PRIMERA PARTE,ROTC,21/09/2026,CONFIRMADA,3354306,0,28/05/2019,28/05/2029,7.85,GULFSTREAM PETROLEUM DOMINICANA S DE RL,GULFSTREAM,64344
DO1002261423,NO301129,BCENTRAL/9.5 BOEST 20291130 GTIA,630000,DOP,63,9.20889418,100.753452,21/09/2026,11:29:38 AM,PRESTAMO,SEGUNDA PARTE,ROTC,21/10/2026,CONFIRMADA,3354349,0,30/11/2025,30/11/2029,7.65,BANCO CENTRAL DE LA REPUBLICA DOMINICANA,BCENTRAL,62384
DO1002261423,NO301129,BCENTRAL/9.5 BOEST 20291130 GTIA,630000,DOP,63,9.17144933,100.866126,21/09/2026,11:29:38 AM,PRESTAMO,PRIMERA PARTE,ROTC,21/09/2026,CONFIRMADA,3354349,0,30/11/2025,30/11/2029,7.65,BANCO CENTRAL DE LA REPUBLICA DOMINICANA,BCENTRAL,62468
DO1002261423,NO301129,BCENTRAL/9.5 BOEST 20291130 GTIA,630000,DOP,63,9.20889418,100.753452,21/09/2026,11:29:37 AM,ESTRUCTURADA,SEGUNDA PARTE,ROTC,21/10/2026,CONFIRMADA,3354310,0,30/11/2025,30/11/2029,7.65,BANCO CENTRAL DE LA REPUBLICA DOMINICANA,BCENTRAL,64477
DO1002261423,NO301129,BCENTRAL/9.5 BOEST 20291130 GTIA,630000,DOP,63,9.17144933,100.866126,21/09/2026,11:29:37 AM,ESTRUCTURADA,PRIMERA PARTE,ROTC,21/09/2026,CONFIRMADA,3354310,0,30/11/2025,30/11/2029,7.65,BANCO CENTRAL DE LA REPUBLICA DOMINICANA,BCENTRAL,64561
DO1005213025,MH22031,HACIENDA/10.25 BOEST 20310209 GTIA,7000000,DOP,70,8.7,105.553,21/09/2026,11:28:08 AM,CONTADO,PRIMERA PARTE,ROTC,22/09/2026,CONFIRMADA,3354182,0,09/02/2024,09/02/2031,0,MINISTERIO DE HACIENDA,HACIENDA,58394
DO1005208215,MHUS2029,HACIENDA/6.95 BOEST 20290626 GTIA,1900000,USD,1900,3.99535002,107.643601,21/09/2026,11:26:36 AM,CONTADO,PRIMERA PARTE,ROTC,22/09/2026,CONFIRMADA,3354262,0,26/06/2020,26/06/2029,0,MINISTERIO DE HACIENDA,HACIENDA,63462
DO1005208215,MHUS2029,HACIENDA/6.95 BOEST 20290626 GTIA,1900000,USD,1900,3.99651694,107.647728,21/09/2026,11:26:34 AM,CONTADO,PRIMERA PARTE,ROTC,21/09/2026,CONFIRMADA,3354261,0,26/06/2020,26/06/2029,0,MINISTERIO DE HACIENDA,HACIENDA,63651
DO2015200127,BC1CMD01,CONS MINERO DOM/12 BO 20280828,230000,DOP,230000,7.5178,107.633039,21/09/2026,11:26:20 AM,ESTRUCTURADA,SEGUNDA PARTE,ROTC,26/10/2026,CONFIRMADA,3353886,0,28/08/2018,28/08/2028,0.8069440060291,"CONSORCIO MINERO DOMINICANO, S.R.L.",CONS MINERO DOM,63490
DO2015200127,BC1CMD01,CONS MINERO DOM/12 BO 20280828,230000,DOP,230000,7.5699,107.906611,21/09/2026,11:26:20 AM,ESTRUCTURADA,PRIMERA PARTE,ROTC,21/09/2026,CONFIRMADA,3353886,0,28/08/2018,28/08/2028,0.8069440060291,"CONSORCIO MINERO DOMINICANO, S.R.L.",CONS MINERO DOM,63623
DO1005205716,MHUS2027,HACIENDA/6 BOEST 20270305 GTIA,25000,USD,25,-0.9465,101.95236,21/09/2026,11:26:15 AM,PRESTAMO,SEGUNDA PARTE,ROTC,23/11/2026,CONFIRMADA,3354336,0,05/09/2016,05/03/2027,3.65,MINISTERIO DE HACIENDA,HACIENDA,60046
DO1005205716,MHUS2027,HACIENDA/6 BOEST 20270305 GTIA,25000,USD,25,0.7947,102.32656,21/09/2026,11:26:15 AM,PRESTAMO,PRIMERA PARTE,ROTC,22/09/2026,CONFIRMADA,3354336,0,05/09/2016,05/03/2027,3.65,MINISTERIO DE HACIENDA,HACIENDA,59843
DO1005205716,MHUS2027,HACIENDA/6 BOEST 20270305 GTIA,25000,USD,25,-0.9465,101.95236,21/09/2026,11:26:14 AM,ESTRUCTURADA,SEGUNDA PARTE,ROTC,23/11/2026,CONFIRMADA,3353929,0,05/09/2016,05/03/2027,3.65,MINISTERIO DE HACIENDA,HACIENDA,62139
DO1005205716,MHUS2027,HACIENDA/6 BOEST 20270305 GTIA,25000,USD,25,0.7947,102.32656,21/09/2026,11:26:14 AM,ESTRUCTURADA,PRIMERA PARTE,ROTC,22/09/2026,CONFIRMADA,3353929,0,05/09/2016,05/03/2027,3.65,MINISTERIO DE HACIENDA,HACIENDA,61936
DO1005208322,MHUS2040,HACIENDA/6.75 BOEST 20400724 GTIA,207000,USD,207,2.6007,147.247107,21/09/2026,11:25:51 AM,ESTRUCTURADA,SEGUNDA PARTE,ROTC,21/12/2026,CONFIRMADA,3353706,0,24/07/2020,24/07/2040,1.2259706594717,MINISTERIO DE HACIENDA,HACIENDA,63847
DO1005208322,MHUS2040,HACIENDA/6.75 BOEST 20400724 GTIA,207000,USD,207,2.6585,147.117882,21/09/2026,11:25:51 AM,ESTRUCTURADA,PRIMERA PARTE,ROTC,21/09/2026,CONFIRMADA,3353706,0,24/07/2020,24/07/2040,1.2259706594717,MINISTERIO DE HACIENDA,HACIENDA,64071
DO1002228729,NO030328,BCENTRAL/9.5 BOEST 20280303 GTIA,20000,DOP,2,19.1529,89.3939,21/09/2026,11:25:39 AM,PRESTAMO,SEGUNDA PARTE,ROTC,20/11/2026,CONFIRMADA,3354335,0,03/03/2025,03/03/2028,7.95,BANCO CENTRAL DE LA REPUBLICA DOMINICANA,BCENTRAL,59605
DO1002228729,NO030328,BCENTRAL/9.5 BOEST 20280303 GTIA,20000,DOP,2,17.794,89.7727,21/09/2026,11:25:39 AM,PRESTAMO,PRIMERA PARTE,ROTC,21/09/2026,CONFIRMADA,3354335,0,03/03/2025,03/03/2028,7.95,BANCO CENTRAL DE LA REPUBLICA DOMINICANA,BCENTRAL,59388
DO1002228729,NO030328,BCENTRAL/9.5 BOEST 20280303 GTIA,20000,DOP,2,19.1529,89.3939,21/09/2026,11:25:38 AM,ESTRUCTURADA,SEGUNDA PARTE,ROTC,20/11/2026,CONFIRMADA,3354126,0,03/03/2025,03/03/2028,7.95,BANCO CENTRAL DE LA REPUBLICA DOMINICANA,BCENTRAL,61698
DO1002228729,NO030328,BCENTRAL/9.5 BOEST 20280303 GTIA,20000,DOP,2,17.794,89.7727,21/09/2026,11:25:38 AM,ESTRUCTURADA,PRIMERA PARTE,ROTC,21/09/2026,CONFIRMADA,3354126,0,03/03/2025,03/03/2028,7.95,BANCO CENTRAL DE LA REPUBLICA DOMINICANA,BCENTRAL,61481
DO1002228729,NO030328,BCENTRAL/9.5 BOEST 20280303 GTIA,20000,DOP,2,31.4897,80.4505,21/09/2026,11:25:37 AM,PRESTAMO,SEGUNDA PARTE,ROTC,19/01/2027,CONFIRMADA,3354334,0,03/03/2025,03/03/2028,8.35,BANCO CENTRAL DE LA REPUBLICA DOMINICANA,BCENTRAL,59549
DO1002228729,NO030328,BCENTRAL/9.5 BOEST 20280303 GTIA,20000,DOP,2,25.708,81.323,21/09/2026,11:25:37 AM,PRESTAMO,PRIMERA PARTE,ROTC,21/09/2026,CONFIRMADA,3354334,0,03/03/2025,03/03/2028,8.35,BANCO CENTRAL DE LA REPUBLICA DOMINICANA,BCENTRAL,58835
DO1002228729,NO030328,BCENTRAL/9.5 BOEST 20280303 GTIA,20000,DOP,2,31.4897,80.4505,21/09/2026,11:25:36 AM,ESTRUCTURADA,SEGUNDA PARTE,ROTC,19/01/2027,CONFIRMADA,3354127,0,03/03/2025,03/03/2028,8.35,BANCO CENTRAL DE LA REPUBLICA DOMINICANA,BCENTRAL,61642
DO1002228729,NO030328,BCENTRAL/9.5 BOEST 20280303 GTIA,20000,DOP,2,25.708,81.323,21/09/2026,11:25:36 AM,ESTRUCTURADA,PRIMERA PARTE,ROTC,21/09/2026,CONFIRMADA,3354127,0,03/03/2025,03/03/2028,8.35,BANCO CENTRAL DE LA REPUBLICA DOMINICANA,BCENTRAL,60928
DO1002228729,NO030328,BCENTRAL/9.5 BOEST 20280303 GTIA,30000,DOP,3,35.9703,77.1182,21/09/2026,11:25:35 AM,PRESTAMO,SEGUNDA PARTE,ROTC,18/01/2027,CONFIRMADA,3354333,0,03/03/2025,03/03/2028,7.85,BANCO CENTRAL DE LA REPUBLICA DOMINICANA,BCENTRAL,59535
DO1002228729,NO030328,BCENTRAL/9.5 BOEST 20280303 GTIA,30000,DOP,3,28.9279,78.199700000000007,21/09/2026,11:25:35 AM,PRESTAMO,PRIMERA PARTE,ROTC,21/09/2026,CONFIRMADA,3354333,0,03/03/2025,03/03/2028,7.85,BANCO CENTRAL DE LA REPUBLICA DOMINICANA,BCENTRAL,59780
DO1002228729,NO030328,BCENTRAL/9.5 BOEST 20280303 GTIA,30000,DOP,3,35.9703,77.1182,21/09/2026,11:25:33 AM,ESTRUCTURADA,SEGUNDA PARTE,ROTC,18/01/2027,CONFIRMADA,3354128,0,03/03/2025,03/03/2028,7.85,BANCO CENTRAL DE LA REPUBLICA DOMINICANA,BCENTRAL,61621
DO1002228729,NO030328,BCENTRAL/9.5 BOEST 20280303 GTIA,30000,DOP,3,28.9279,78.199700000000007,21/09/2026,11:25:33 AM,ESTRUCTURADA,PRIMERA PARTE,ROTC,21/09/2026,CONFIRMADA,3354128,0,03/03/2025,03/03/2028,7.85,BANCO CENTRAL DE LA REPUBLICA DOMINICANA,BCENTRAL,61866
DO1002228729,NO030328,BCENTRAL/9.5 BOEST 20280303 GTIA,550000,DOP,55,10.295,99.095765,21/09/2026,11:25:32 AM,PRESTAMO,SEGUNDA PARTE,ROTC,21/12/2026,CONFIRMADA,3354332,0,03/03/2025,03/03/2028,8.1,BANCO CENTRAL DE LA REPUBLICA DOMINICANA,BCENTRAL,60683
DO1002228729,NO030328,BCENTRAL/9.5 BOEST 20280303 GTIA,550000,DOP,55,9.9177,99.438216,21/09/2026,11:25:32 AM,PRESTAMO,PRIMERA PARTE,ROTC,21/09/2026,CONFIRMADA,3354332,0,03/03/2025,03/03/2028,8.1,BANCO CENTRAL DE LA REPUBLICA DOMINICANA,BCENTRAL,60844
DO1002228729,NO030328,BCENTRAL/9.5 BOEST 20280303 GTIA,550000,DOP,55,10.295,99.095765,21/09/2026,11:25:31 AM,ESTRUCTURADA,SEGUNDA PARTE,ROTC,21/12/2026,CONFIRMADA,3354161,0,03/03/2025,03/03/2028,8.1,BANCO CENTRAL DE LA REPUBLICA DOMINICANA,BCENTRAL,62776
DO1002228729,NO030328,BCENTRAL/9.5 BOEST 20280303 GTIA,550000,DOP,55,9.9177,99.438216,21/09/2026,11:25:31 AM,ESTRUCTURADA,PRIMERA PARTE,ROTC,21/09/2026,CONFIRMADA,3354161,0,03/03/2025,03/03/2028,8.1,BANCO CENTRAL DE LA REPUBLICA DOMINICANA,BCENTRAL,62937
USP3579EBV85,BSDR2027,DOMINICAN Rep/5.95 BD 20270125 Se,33000,USD,33,5.89543448,100,21/09/2026,11:25:30 AM,CONTADO,PRIMERA PARTE,ROTC,21/09/2026,CONFIRMADA,3354188,0,25/01/2017,25/01/2027,0,MINISTERIO DE HACIENDA,HACIENDA,60879
USP3579ECP09,BSRD2029, ,725000,USD,725,4.7644,101.497215,21/09/2026,11:25:29 AM,PRESTAMO,SEGUNDA PARTE,ROTC,18/12/2026,CONFIRMADA,3354331,0,22/02/2022,22/02/2029,4.6,MINISTERIO DE HACIENDA,HACIENDA,49140
USP3579ECP09,BSRD2029, ,725000,USD,725,4.7556,101.678087,21/09/2026,11:25:29 AM,PRESTAMO,PRIMERA PARTE,ROTC,21/09/2026,CONFIRMADA,3354331,0,22/02/2022,22/02/2029,4.6,MINISTERIO DE HACIENDA,HACIENDA,49273
USP3579ECP09,BSRD2029, ,725000,USD,725,4.7644,101.497215,21/09/2026,11:25:27 AM,ESTRUCTURADA,SEGUNDA PARTE,ROTC,18/12/2026,CONFIRMADA,3354253,0,22/02/2022,22/02/2029,4.6,MINISTERIO DE HACIENDA,HACIENDA,51226
USP3579ECP09,BSRD2029, ,725000,USD,725,4.7556,101.678087,21/09/2026,11:25:27 AM,ESTRUCTURADA,PRIMERA PARTE,ROTC,21/09/2026,CONFIRMADA,3354253,0,22/02/2022,22/02/2029,4.6,MINISTERIO DE HACIENDA,HACIENDA,51359
USP3579ECP09,BSRD2029, ,25000,USD,25,4.8382,101.296767,21/09/2026,11:25:26 AM,PRESTAMO,SEGUNDA PARTE,ROTC,19/01/2027,CONFIRMADA,3354330,0,22/02/2022,22/02/2029,4.5,MINISTERIO DE HACIENDA,HACIENDA,48412
USP3579ECP09,BSRD2029, ,25000,USD,25,4.8032,101.569344,21/09/2026,11:25:26 AM,PRESTAMO,PRIMERA PARTE,ROTC,21/09/2026,CONFIRMADA,3354330,0,22/02/2022,22/02/2029,4.5,MINISTERIO DE HACIENDA,HACIENDA,48377
USP3579EBV85,BSDR2027,DOMINICAN Rep/5.95 BD 20270125 Se,1970000,USD,1970,4.247,100.531816,21/09/2026,11:25:25 AM,ESTRUCTURADA,SEGUNDA PARTE,ROTC,28/09/2026,CONFIRMADA,3354099,0,25/01/2017,25/01/2027,5.5,MINISTERIO DE HACIENDA,HACIENDA,65779
USP3579EBV85,BSDR2027,DOMINICAN Rep/5.95 BD 20270125 Se,1970000,USD,1970,4.321865,100.539,21/09/2026,11:25:25 AM,ESTRUCTURADA,PRIMERA PARTE,ROTC,21/09/2026,CONFIRMADA,3354099,0,25/01/2017,25/01/2027,5.5,MINISTERIO DE HACIENDA,HACIENDA,65828
USP3579ECP09,BSRD2029, ,25000,USD,25,4.8382,101.296767,21/09/2026,11:25:25 AM,ESTRUCTURADA,SEGUNDA PARTE,ROTC,19/01/2027,CONFIRMADA,3354254,0,22/02/2022,22/02/2029,4.5,MINISTERIO DE HACIENDA,HACIENDA,50505
USP3579ECP09,BSRD2029, ,25000,USD,25,4.8032,101.569344,21/09/2026,11:25:25 AM,ESTRUCTURADA,PRIMERA PARTE,ROTC,21/09/2026,CONFIRMADA,3354254,0,22/02/2022,22/02/2029,4.5,MINISTERIO DE HACIENDA,HACIENDA,50470
DO1005254128,MH12041,HACIENDA/12 BOEST 20410310 GTIA,300000,DOP,3,9.5593,118.827081,21/09/2026,11:25:22 AM,ESTRUCTURADA,SEGUNDA PARTE,ROTC,21/10/2026,CONFIRMADA,3353643,0,10/03/2026,10/03/2041,0.6666657359069,MINISTERIO DE HACIENDA,HACIENDA,61523
DO1005254128,MH12041,HACIENDA/12 BOEST 20410310 GTIA,300000,DOP,3,9.5445,119.017522,21/09/2026,11:25:22 AM,ESTRUCTURADA,PRIMERA PARTE,ROTC,21/09/2026,CONFIRMADA,3353643,0,10/03/2026,10/03/2041,0.6666657359069,MINISTERIO DE HACIENDA,HACIENDA,61558
USP3579ECY16,BSDR2037, ,1350000,DOP,27,9.0952,109.126509,21/09/2026,11:24:43 AM,ESTRUCTURADA,SEGUNDA PARTE,ROTC,18/02/2027,CONFIRMADA,3354291,0,24/02/2025,15/03/2037,9.3,MINISTERIO DE HACIENDA,HACIENDA,51135
USP3579ECY16,BSDR2037, ,1350000,DOP,27,9.1215,109.176633,21/09/2026,11:24:43 AM,ESTRUCTURADA,PRIMERA PARTE,ROTC,21/09/2026,CONFIRMADA,3354291,0,24/02/2025,15/03/2037,9.3,MINISTERIO DE HACIENDA,HACIENDA,51170
USP3579ECY16,BSDR2037, ,1350000,DOP,27,0,0,21/09/2026,11:24:42 AM,PRESTAMO,SEGUNDA PARTE,ROTC,13/03/2037,CONFIRMADA,3354292,0,24/02/2025,15/03/2037,0,MINISTERIO DE HACIENDA,HACIENDA,43925
USP3579ECY16,BSDR2037, ,1350000,DOP,27,9.1215,109.176633,21/09/2026,11:24:42 AM,PRESTAMO,PRIMERA PARTE,ROTC,21/09/2026,CONFIRMADA,3354292,0,24/02/2025,15/03/2037,0,MINISTERIO DE HACIENDA,HACIENDA,49063
DO1005210922,MH22034,HACIENDA/13 BOEST 20340610 GTIA,900000,DOP,9,9.0683,120.977711,21/09/2026,11:24:41 AM,ESTRUCTURADA,SEGUNDA PARTE,ROTC,22/12/2026,CONFIRMADA,3354293,0,10/06/2022,10/06/2034,9.15,MINISTERIO DE HACIENDA,HACIENDA,61607
DO1005210922,MH22034,HACIENDA/13 BOEST 20340610 GTIA,900000,DOP,9,9.0875,121.331507,21/09/2026,11:24:41 AM,ESTRUCTURADA,PRIMERA PARTE,ROTC,21/09/2026,CONFIRMADA,3354293,0,10/06/2022,10/06/2034,9.15,MINISTERIO DE HACIENDA,HACIENDA,61642
DO1005210922,MH22034,HACIENDA/13 BOEST 20340610 GTIA,900000,DOP,9,0,0,21/09/2026,11:24:40 AM,PRESTAMO,SEGUNDA PARTE,ROTC,09/06/2034,CONFIRMADA,3354295,0,10/06/2022,10/06/2034,0,MINISTERIO DE HACIENDA,HACIENDA,54446
DO1005210922,MH22034,HACIENDA/13 BOEST 20340610 GTIA,900000,DOP,9,9.0875,121.331507,21/09/2026,11:24:40 AM,PRESTAMO,PRIMERA PARTE,ROTC,21/09/2026,CONFIRMADA,3354295,0,10/06/2022,10/06/2034,0,MINISTERIO DE HACIENDA,HACIENDA,59535
DO1005213421,MH22035,HACIENDA/10.5 BOEST 20350510 GTIA,1000000,DOP,10,9.1142,107.911377,21/09/2026,11:24:38 AM,ESTRUCTURADA,SEGUNDA PARTE,ROTC,19/01/2027,CONFIRMADA,3354296,0,10/05/2024,10/05/2035,9.2,MINISTERIO DE HACIENDA,HACIENDA,62846
DO1005213421,MH22035,HACIENDA/10.5 BOEST 20350510 GTIA,1000000,DOP,10,9.1442,107.935205,21/09/2026,11:24:38 AM,ESTRUCTURADA,PRIMERA PARTE,ROTC,21/09/2026,CONFIRMADA,3354296,0,10/05/2024,10/05/2035,9.2,MINISTERIO DE HACIENDA,HACIENDA,62902
DO1005213421,MH22035,HACIENDA/10.5 BOEST 20350510 GTIA,1000000,DOP,10,0,0,21/09/2026,11:24:37 AM,PRESTAMO,SEGUNDA PARTE,ROTC,09/05/2035,CONFIRMADA,3354297,0,10/05/2024,10/05/2035,0,MINISTERIO DE HACIENDA,HACIENDA,55706
DO1005213421,MH22035,HACIENDA/10.5 BOEST 20350510 GTIA,1000000,DOP,10,9.1442,107.935205,21/09/2026,11:24:37 AM,PRESTAMO,PRIMERA PARTE,ROTC,21/09/2026,CONFIRMADA,3354297,0,10/05/2024,10/05/2035,0,MINISTERIO DE HACIENDA,HACIENDA,60795
USP3579ECQ81,BSDR2033, ,2600000,DOP,52,9.0638,120.829093,21/09/2026,11:24:36 AM,ESTRUCTURADA,SEGUNDA PARTE,ROTC,22/01/2027,CONFIRMADA,3354298,0,03/02/2023,03/02/2033,9.45,MINISTERIO DE HACIENDA,HACIENDA,51030
USP3579ECQ81,BSDR2033, ,2600000,DOP,52,9.1091,121.429303,21/09/2026,11:24:36 AM,ESTRUCTURADA,PRIMERA PARTE,ROTC,21/09/2026,CONFIRMADA,3354298,0,03/02/2023,03/02/2033,9.45,MINISTERIO DE HACIENDA,HACIENDA,51030
USP3579ECQ81,BSDR2033, ,2600000,DOP,52,0,0,21/09/2026,11:24:35 AM,PRESTAMO,SEGUNDA PARTE,ROTC,02/02/2033,CONFIRMADA,3354300,0,03/02/2023,03/02/2033,0,MINISTERIO DE HACIENDA,HACIENDA,43799
USP3579ECQ81,BSDR2033, ,2600000,DOP,52,9.1091,121.429303,21/09/2026,11:24:35 AM,PRESTAMO,PRIMERA PARTE,ROTC,21/09/2026,CONFIRMADA,3354300,0,03/02/2023,03/02/2033,0,MINISTERIO DE HACIENDA,HACIENDA,48923
DO1005204412,MH12029,HACIENDA/11.375 BOEST 20290706 GTIA,1000000,DOP,10,8.0349,107.28895,21/09/2026,11:24:33 AM,ESTRUCTURADA,SEGUNDA PARTE,ROTC,19/01/2027,CONFIRMADA,3354301,0,06/07/2014,06/07/2029,9.35,MINISTERIO DE HACIENDA,HACIENDA,63385
DO1005204412,MH12029,HACIENDA/11.375 BOEST 20290706 GTIA,1000000,DOP,10,8.2532,107.600342,21/09/2026,11:24:33 AM,ESTRUCTURADA,PRIMERA PARTE,ROTC,21/09/2026,CONFIRMADA,3354301,0,06/07/2014,06/07/2029,9.35,MINISTERIO DE HACIENDA,HACIENDA,63637
DO1005204412,MH12029,HACIENDA/11.375 BOEST 20290706 GTIA,1000000,DOP,10,0,0,21/09/2026,11:24:32 AM,PRESTAMO,SEGUNDA PARTE,ROTC,05/07/2029,CONFIRMADA,3354303,0,06/07/2014,06/07/2029,0,MINISTERIO DE HACIENDA,HACIENDA,56511
DO1005204412,MH12029,HACIENDA/11.375 BOEST 20290706 GTIA,1000000,DOP,10,8.2532,107.600342,21/09/2026,11:24:32 AM,PRESTAMO,PRIMERA PARTE,ROTC,21/09/2026,CONFIRMADA,3354303,0,06/07/2014,06/07/2029,0,MINISTERIO DE HACIENDA,HACIENDA,61530
DO1002261522,NO180130,BCENTRAL/9.5 BOEST 20300118 GTIA,200000,DOP,20,9.0023,101.317022,21/09/2026,11:24:31 AM,ESTRUCTURADA,SEGUNDA PARTE,ROTC,24/11/2026,CONFIRMADA,3354305,0,18/01/2026,18/01/2030,8.95,BANCO CENTRAL DE LA REPUBLICA DOMINICANA,BCENTRAL,62629
DO1002261522,NO180130,BCENTRAL/9.5 BOEST 20300118 GTIA,200000,DOP,20,9.0194,101.330221,21/09/2026,11:24:31 AM,ESTRUCTURADA,PRIMERA PARTE,ROTC,21/09/2026,CONFIRMADA,3354305,0,18/01/2026,18/01/2030,8.95,BANCO CENTRAL DE LA REPUBLICA DOMINICANA,BCENTRAL,62755
DO1005210922,MH22034,HACIENDA/13 BOEST 20340610 GTIA,5600000,DOP,56,8.9968,121.067166,21/09/2026,11:24:30 AM,ESTRUCTURADA,SEGUNDA PARTE,ROTC,18/02/2027,CONFIRMADA,3354307,0,10/06/2022,10/06/2034,9.75,MINISTERIO DE HACIENDA,HACIENDA,62391
DO1005210922,MH22034,HACIENDA/13 BOEST 20340610 GTIA,5600000,DOP,56,9.0875,121.331507,21/09/2026,11:24:30 AM,ESTRUCTURADA,PRIMERA PARTE,ROTC,21/09/2026,CONFIRMADA,3354307,0,10/06/2022,10/06/2034,9.75,MINISTERIO DE HACIENDA,HACIENDA,62328
DO1005210922,MH22034,HACIENDA/13 BOEST 20340610 GTIA,5600000,DOP,56,0,0,21/09/2026,11:24:28 AM,PRESTAMO,SEGUNDA PARTE,ROTC,09/06/2034,CONFIRMADA,3354308,0,10/06/2022,10/06/2034,0,MINISTERIO DE HACIENDA,HACIENDA,55188
DO1005210922,MH22034,HACIENDA/13 BOEST 20340610 GTIA,5600000,DOP,56,9.0875,121.331507,21/09/2026,11:24:28 AM,PRESTAMO,PRIMERA PARTE,ROTC,21/09/2026,CONFIRMADA,3354308,0,10/06/2022,10/06/2034,0,MINISTERIO DE HACIENDA,HACIENDA,60277
DO1002261423,NO301129,BCENTRAL/9.5 BOEST 20291130 GTIA,60000,DOP,6,9.0389,101.192336,21/09/2026,11:24:27 AM,ESTRUCTURADA,SEGUNDA PARTE,ROTC,20/11/2026,CONFIRMADA,3354309,0,30/11/2025,30/11/2029,8.95,BANCO CENTRAL DE LA REPUBLICA DOMINICANA,BCENTRAL,62230
DO1002261423,NO301129,BCENTRAL/9.5 BOEST 20291130 GTIA,60000,DOP,6,9.0538,101.187965,21/09/2026,11:24:27 AM,ESTRUCTURADA,PRIMERA PARTE,ROTC,21/09/2026,CONFIRMADA,3354309,0,30/11/2025,30/11/2029,8.95,BANCO CENTRAL DE LA REPUBLICA DOMINICANA,BCENTRAL,62405
DO1002261423,NO301129,BCENTRAL/9.5 BOEST 20291130 GTIA,60000,DOP,6,0,0,21/09/2026,11:24:26 AM,PRESTAMO,SEGUNDA PARTE,ROTC,29/11/2029,CONFIRMADA,3354311,0,30/11/2025,30/11/2029,0,BANCO CENTRAL DE LA REPUBLICA DOMINICANA,BCENTRAL,55146
DO1002261423,NO301129,BCENTRAL/9.5 BOEST 20291130 GTIA,60000,DOP,6,9.0538,101.187965,21/09/2026,11:24:26 AM,PRESTAMO,PRIMERA PARTE,ROTC,21/09/2026,CONFIRMADA,3354311,0,30/11/2025,30/11/2029,0,BANCO CENTRAL DE LA REPUBLICA DOMINICANA,BCENTRAL,60298
DO1002261522,NO180130,BCENTRAL/9.5 BOEST 20300118 GTIA,200000,DOP,20,0,0,21/09/2026,11:24:25 AM,PRESTAMO,SEGUNDA PARTE,ROTC,17/01/2030,CONFIRMADA,3354313,0,18/01/2026,18/01/2030,0,BANCO CENTRAL DE LA REPUBLICA DOMINICANA,BCENTRAL,55629
DO1002261522,NO180130,BCENTRAL/9.5 BOEST 20300118 GTIA,200000,DOP,20,9.0194,101.330221,21/09/2026,11:24:25 AM,PRESTAMO,PRIMERA PARTE,ROTC,21/09/2026,CONFIRMADA,3354313,0,18/01/2026,18/01/2030,0,BANCO CENTRAL DE LA REPUBLICA DOMINICANA,BCENTRAL,60676
DO1002262223,LE030927,BCENTRAL/ LT 20270903 GTIA,1640000,DOP,164,8.3516,93.331241,21/09/2026,11:24:24 AM,ESTRUCTURADA,SEGUNDA PARTE,ROTC,30/10/2026,CONFIRMADA,3354314,0,03/09/2026,03/09/2027,9.35,BANCO CENTRAL DE LA REPUBLICA DOMINICANA,BCENTRAL,60585
DO1002262223,LE030927,BCENTRAL/ LT 20270903 GTIA,1640000,DOP,164,8.5389,92.395354,21/09/2026,11:24:24 AM,ESTRUCTURADA,PRIMERA PARTE,ROTC,21/09/2026,CONFIRMADA,3354314,0,03/09/2026,03/09/2027,9.35,BANCO CENTRAL DE LA REPUBLICA DOMINICANA,BCENTRAL,60872
DO1002262223,LE030927,BCENTRAL/ LT 20270903 GTIA,1640000,DOP,164,0,0,21/09/2026,11:24:22 AM,PRESTAMO,SEGUNDA PARTE,ROTC,02/09/2027,CONFIRMADA,3354315,0,03/09/2026,03/09/2027,0,BANCO CENTRAL DE LA REPUBLICA DOMINICANA,BCENTRAL,53844
DO1002262223,LE030927,BCENTRAL/ LT 20270903 GTIA,1640000,DOP,164,8.5389,92.395354,21/09/2026,11:24:22 AM,PRESTAMO,PRIMERA PARTE,ROTC,21/09/2026,CONFIRMADA,3354315,0,03/09/2026,03/09/2027,0,BANCO CENTRAL DE LA REPUBLICA DOMINICANA,BCENTRAL,58758
USP3579ECH82,BSRD2032,"DOMINICAN, REP /4.875 BD 20320923",9000,USD,9,7.0801,89.712056,21/09/2026,11:24:21 AM,ESTRUCTURADA,SEGUNDA PARTE,ROTC,21/12/2026,CONFIRMADA,3354316,0,23/09/2020,23/09/2032,4.8,MINISTERIO DE HACIENDA,HACIENDA,62426
USP3579ECH82,BSRD2032,"DOMINICAN, REP /4.875 BD 20320923",9000,USD,9,6.9808,89.811806,21/09/2026,11:24:21 AM,ESTRUCTURADA,PRIMERA PARTE,ROTC,21/09/2026,CONFIRMADA,3354316,0,23/09/2020,23/09/2032,4.8,MINISTERIO DE HACIENDA,HACIENDA,62657
USP3579ECH82,BSRD2032,"DOMINICAN, REP /4.875 BD 20320923",9000,USD,9,0,0,21/09/2026,11:24:20 AM,PRESTAMO,SEGUNDA PARTE,ROTC,22/09/2032,CONFIRMADA,3354317,0,23/09/2020,23/09/2032,0,MINISTERIO DE HACIENDA,HACIENDA,55629
USP3579ECH82,BSRD2032,"DOMINICAN, REP /4.875 BD 20320923",9000,USD,9,6.9808,89.811806,21/09/2026,11:24:20 AM,PRESTAMO,PRIMERA PARTE,ROTC,21/09/2026,CONFIRMADA,3354317,0,23/09/2020,23/09/2032,0,MINISTERIO DE HACIENDA,HACIENDA,60550
USP3579EBE60,BSRD2045,DOMINICAN Rep/6.85 BD 20450127 Un,10000,USD,10,7.0448,98.025744,21/09/2026,11:24:19 AM,ESTRUCTURADA,SEGUNDA PARTE,ROTC,23/03/2027,CONFIRMADA,3354318,0,27/01/2015,27/01/2045,4.95,MINISTERIO DE HACIENDA,HACIENDA,64218
USP3579EBE60,BSRD2045,DOMINICAN Rep/6.85 BD 20450127 Un,10000,USD,10,6.9487,98.9725,21/09/2026,11:24:19 AM,ESTRUCTURADA,PRIMERA PARTE,ROTC,21/09/2026,CONFIRMADA,3354318,0,27/01/2015,27/01/2045,4.95,MINISTERIO DE HACIENDA,HACIENDA,63714
USP3579EBE60,BSRD2045,DOMINICAN Rep/6.85 BD 20450127 Un,10000,USD,10,0,0,21/09/2026,11:24:17 AM,PRESTAMO,SEGUNDA PARTE,ROTC,26/01/2045,CONFIRMADA,3354319,0,27/01/2015,27/01/2045,0,MINISTERIO DE HACIENDA,HACIENDA,57337
USP3579EBE60,BSRD2045,DOMINICAN Rep/6.85 BD 20450127 Un,10000,USD,10,6.9487,98.9725,21/09/2026,11:24:17 AM,PRESTAMO,PRIMERA PARTE,ROTC,21/09/2026,CONFIRMADA,3354319,0,27/01/2015,27/01/2045,0,MINISTERIO DE HACIENDA,HACIENDA,61600
USP3579EBY25,BSRD2048,DOMINICAN REP/6.5 CHURCH BD UNSEC,6000,USD,6,5.661,110.301833,21/09/2026,11:22:42 AM,PRESTAMO,SEGUNDA PARTE,ROTC,21/10/2026,CONFIRMADA,3354201,0,08/02/2018,15/02/2048,0.915151,MINISTERIO DE HACIENDA,HACIENDA,62188
USP3579EBY25,BSRD2048,DOMINICAN REP/6.5 CHURCH BD UNSEC,6000,USD,6,5.6498,110.473167,21/09/2026,11:22:42 AM,PRESTAMO,PRIMERA PARTE,ROTC,21/09/2026,CONFIRMADA,3354201,0,08/02/2018,15/02/2048,0.915151,MINISTERIO DE HACIENDA,HACIENDA,62811
USP3579EBY25,BSRD2048,DOMINICAN REP/6.5 CHURCH BD UNSEC,6000,USD,6,5.661,110.301833,21/09/2026,11:22:41 AM,PLAZO,PRIMERA PARTE,ROTC,21/10/2026,CONFIRMADA,3354202,0,08/02/2018,15/02/2048,0,MINISTERIO DE HACIENDA,HACIENDA,60641
DO1005213025,MH22031,HACIENDA/10.25 BOEST 20310209 GTIA,400000,DOP,4,8.4313,106.066125,21/09/2026,11:22:40 AM,PRESTAMO,SEGUNDA PARTE,ROTC,08/02/2027,CONFIRMADA,3354204,0,09/02/2024,09/02/2031,4.267423,MINISTERIO DE HACIENDA,HACIENDA,60326
DO1005213025,MH22031,HACIENDA/10.25 BOEST 20310209 GTIA,400000,DOP,4,8.4576,106.45957,21/09/2026,11:22:40 AM,PRESTAMO,PRIMERA PARTE,ROTC,21/09/2026,CONFIRMADA,3354204,0,09/02/2024,09/02/2031,4.267423,MINISTERIO DE HACIENDA,HACIENDA,60207
DO1005213025,MH22031,HACIENDA/10.25 BOEST 20310209 GTIA,400000,DOP,4,8.4313,106.066125,21/09/2026,11:22:38 AM,PLAZO,PRIMERA PARTE,ROTC,08/02/2027,CONFIRMADA,3354205,0,09/02/2024,09/02/2031,0,MINISTERIO DE HACIENDA,HACIENDA,58835
DO1002261928,LE090427,BCENTRAL/ LT 20270409 GTIA,20000,DOP,2,49.0866,81.18215,21/09/2026,11:22:37 AM,PRESTAMO,SEGUNDA PARTE,ROTC,21/10/2026,CONFIRMADA,3354211,0,09/04/2026,09/04/2027,0.670468,BANCO CENTRAL DE LA REPUBLICA DOMINICANA,BCENTRAL,57190
DO1002261928,LE090427,BCENTRAL/ LT 20270409 GTIA,20000,DOP,2,43.2202,80.63785,21/09/2026,11:22:37 AM,PRESTAMO,PRIMERA PARTE,ROTC,21/09/2026,CONFIRMADA,3354211,0,09/04/2026,09/04/2027,0.670468,BANCO CENTRAL DE LA REPUBLICA DOMINICANA,BCENTRAL,57246
DO1002261928,LE090427,BCENTRAL/ LT 20270409 GTIA,20000,DOP,2,49.0866,81.18215,21/09/2026,11:22:36 AM,PLAZO,PRIMERA PARTE,ROTC,21/10/2026,CONFIRMADA,3354215,0,09/04/2026,09/04/2027,0,BANCO CENTRAL DE LA REPUBLICA DOMINICANA,BCENTRAL,55643
USP3579EBY25,BSRD2048,DOMINICAN REP/6.5 CHURCH BD UNSEC,14000,USD,14,0,108.287929,21/09/2026,11:22:35 AM,PRESTAMO,SEGUNDA PARTE,ROTC,23/11/2026,CONFIRMADA,3354217,0,08/02/2018,15/02/2048,1.308149,MINISTERIO DE HACIENDA,HACIENDA,61607
USP3579EBY25,BSRD2048,DOMINICAN REP/6.5 CHURCH BD UNSEC,14000,USD,14,5.7917,108.617643,21/09/2026,11:22:35 AM,PRESTAMO,PRIMERA PARTE,ROTC,22/09/2026,CONFIRMADA,3354217,0,08/02/2018,15/02/2048,1.308149,MINISTERIO DE HACIENDA,HACIENDA,63511
USP3579EBY25,BSRD2048,DOMINICAN REP/6.5 CHURCH BD UNSEC,14000,USD,14,0,108.287929,21/09/2026,11:22:34 AM,PLAZO,PRIMERA PARTE,ROTC,23/11/2026,CONFIRMADA,3354219,0,08/02/2018,15/02/2048,0,MINISTERIO DE HACIENDA,HACIENDA,60060
DO1005205716,MHUS2027,HACIENDA/6 BOEST 20270305 GTIA,12000,USD,12,-97.106,105.66225,21/09/2026,11:22:32 AM,PRESTAMO,SEGUNDA PARTE,ROTC,19/02/2027,CONFIRMADA,3354221,0,05/09/2016,05/03/2027,1.997711,MINISTERIO DE HACIENDA,HACIENDA,59990
DO1005205716,MHUS2027,HACIENDA/6 BOEST 20270305 GTIA,12000,USD,12,-7.3349,106.24175,21/09/2026,11:22:32 AM,PRESTAMO,PRIMERA PARTE,ROTC,22/09/2026,CONFIRMADA,3354221,0,05/09/2016,05/03/2027,1.997711,MINISTERIO DE HACIENDA,HACIENDA,60067
DO1005205716,MHUS2027,HACIENDA/6 BOEST 20270305 GTIA,12000,USD,12,-97.106,105.66225,21/09/2026,11:22:31 AM,PLAZO,PRIMERA PARTE,ROTC,19/02/2027,CONFIRMADA,3354222,0,05/09/2016,05/03/2027,0,MINISTERIO DE HACIENDA,HACIENDA,58443
DO1002261928,LE090427,BCENTRAL/ LT 20270409 GTIA,470000,DOP,47,8.5664,96.156,21/09/2026,11:22:30 AM,PRESTAMO,SEGUNDA PARTE,ROTC,23/10/2026,CONFIRMADA,3354224,0,09/04/2026,09/04/2027,0.670475,BANCO CENTRAL DE LA REPUBLICA DOMINICANA,BCENTRAL,56924
DO1002261928,LE090427,BCENTRAL/ LT 20270409 GTIA,470000,DOP,47,8.5448,95.511298,21/09/2026,11:22:30 AM,PRESTAMO,PRIMERA PARTE,ROTC,23/09/2026,CONFIRMADA,3354224,0,09/04/2026,09/04/2027,0.670475,BANCO CENTRAL DE LA REPUBLICA DOMINICANA,BCENTRAL,58142
DO1002261928,LE090427,BCENTRAL/ LT 20270409 GTIA,470000,DOP,47,8.5664,96.156,21/09/2026,11:22:29 AM,PLAZO,PRIMERA PARTE,ROTC,23/10/2026,CONFIRMADA,3354225,0,09/04/2026,09/04/2027,0,BANCO CENTRAL DE LA REPUBLICA DOMINICANA,BCENTRAL,55440
DO1002261928,LE090427,BCENTRAL/ LT 20270409 GTIA,760000,DOP,76,9.2839,95.800084,21/09/2026,11:22:27 AM,PRESTAMO,SEGUNDA PARTE,ROTC,21/10/2026,CONFIRMADA,3354227,0,09/04/2026,09/04/2027,0.670474,BANCO CENTRAL DE LA REPUBLICA DOMINICANA,BCENTRAL,58051
DO1002261928,LE090427,BCENTRAL/ LT 20270409 GTIA,760000,DOP,76,9.1595,95.15777,21/09/2026,11:22:27 AM,PRESTAMO,PRIMERA PARTE,ROTC,21/09/2026,CONFIRMADA,3354227,0,09/04/2026,09/04/2027,0.670474,BANCO CENTRAL DE LA REPUBLICA DOMINICANA,BCENTRAL,57869
DO1002261928,LE090427,BCENTRAL/ LT 20270409 GTIA,760000,DOP,76,9.2839,95.800084,21/09/2026,11:22:26 AM,PLAZO,PRIMERA PARTE,ROTC,21/10/2026,CONFIRMADA,3354228,0,09/04/2026,09/04/2027,0,BANCO CENTRAL DE LA REPUBLICA DOMINICANA,BCENTRAL,56504
DO1005205716,MHUS2027,HACIENDA/6 BOEST 20270305 GTIA,19000,USD,19,-100,105.781316,21/09/2026,11:22:25 AM,PRESTAMO,SEGUNDA PARTE,ROTC,22/02/2027,CONFIRMADA,3354231,0,05/09/2016,05/03/2027,2.035347,MINISTERIO DE HACIENDA,HACIENDA,59283
DO1005205716,MHUS2027,HACIENDA/6 BOEST 20270305 GTIA,19000,USD,19,-7.661,106.365947,21/09/2026,11:22:25 AM,PRESTAMO,PRIMERA PARTE,ROTC,23/09/2026,CONFIRMADA,3354231,0,05/09/2016,05/03/2027,2.035347,MINISTERIO DE HACIENDA,HACIENDA,60249
DO1005205716,MHUS2027,HACIENDA/6 BOEST 20270305 GTIA,19000,USD,19,-100,105.781316,21/09/2026,11:22:24 AM,PLAZO,PRIMERA PARTE,ROTC,22/02/2027,CONFIRMADA,3354232,0,05/09/2016,05/03/2027,0,MINISTERIO DE HACIENDA,HACIENDA,57736
DO1002261928,LE090427,BCENTRAL/ LT 20270409 GTIA,660000,DOP,66,3.3789,99.570102,21/09/2026,11:22:23 AM,PRESTAMO,SEGUNDA PARTE,ROTC,22/02/2027,CONFIRMADA,3354234,0,09/04/2026,09/04/2027,3.444872,BANCO CENTRAL DE LA REPUBLICA DOMINICANA,BCENTRAL,58016
DO1002261928,LE090427,BCENTRAL/ LT 20270409 GTIA,660000,DOP,66,7.2999,96.140039,21/09/2026,11:22:23 AM,PRESTAMO,PRIMERA PARTE,ROTC,23/09/2026,CONFIRMADA,3354234,0,09/04/2026,09/04/2027,3.444872,BANCO CENTRAL DE LA REPUBLICA DOMINICANA,BCENTRAL,58163
DO1002261928,LE090427,BCENTRAL/ LT 20270409 GTIA,660000,DOP,66,3.3789,99.570102,21/09/2026,11:22:22 AM,PLAZO,PRIMERA PARTE,ROTC,22/02/2027,CONFIRMADA,3354235,0,09/04/2026,09/04/2027,0,BANCO CENTRAL DE LA REPUBLICA DOMINICANA,BCENTRAL,56469
USP3579EBY25,BSRD2048,DOMINICAN REP/6.5 CHURCH BD UNSEC,10000,USD,10,6.4535,100.5255,21/09/2026,11:22:20 AM,PRESTAMO,SEGUNDA PARTE,ROTC,22/01/2027,CONFIRMADA,3354237,0,08/02/2018,15/02/2048,2.05582,MINISTERIO DE HACIENDA,HACIENDA,62461
USP3579EBY25,BSRD2048,DOMINICAN REP/6.5 CHURCH BD UNSEC,10000,USD,10,6.3925,101.2353,21/09/2026,11:22:20 AM,PRESTAMO,PRIMERA PARTE,ROTC,23/09/2026,CONFIRMADA,3354237,0,08/02/2018,15/02/2048,2.05582,MINISTERIO DE HACIENDA,HACIENDA,62573
USP3579EBY25,BSRD2048,DOMINICAN REP/6.5 CHURCH BD UNSEC,10000,USD,10,6.4535,100.5255,21/09/2026,11:22:19 AM,PLAZO,PRIMERA PARTE,ROTC,22/01/2027,CONFIRMADA,3354238,0,08/02/2018,15/02/2048,0,MINISTERIO DE HACIENDA,HACIENDA,60977
DO1002261928,LE090427,BCENTRAL/ LT 20270409 GTIA,50000,DOP,5,-32.66,104.35496,21/09/2026,11:22:18 AM,PRESTAMO,SEGUNDA PARTE,ROTC,22/02/2027,CONFIRMADA,3354240,0,09/04/2026,09/04/2027,3.444877,BANCO CENTRAL DE LA REPUBLICA DOMINICANA,BCENTRAL,57155
DO1002261928,LE090427,BCENTRAL/ LT 20270409 GTIA,50000,DOP,5,-1.3715,100.76006,21/09/2026,11:22:18 AM,PRESTAMO,PRIMERA PARTE,ROTC,23/09/2026,CONFIRMADA,3354240,0,09/04/2026,09/04/2027,3.444877,BANCO CENTRAL DE LA REPUBLICA DOMINICANA,BCENTRAL,57519
DO1002261928,LE090427,BCENTRAL/ LT 20270409 GTIA,50000,DOP,5,-32.66,104.35496,21/09/2026,11:22:17 AM,PLAZO,PRIMERA PARTE,ROTC,22/02/2027,CONFIRMADA,3354241,0,09/04/2026,09/04/2027,0,BANCO CENTRAL DE LA REPUBLICA DOMINICANA,BCENTRAL,55608
DO1005213025,MH22031,HACIENDA/10.25 BOEST 20310209 GTIA,2100000,DOP,21,8.7057,105.170496,21/09/2026,11:22:16 AM,PRESTAMO,SEGUNDA PARTE,ROTC,20/01/2027,CONFIRMADA,3354243,0,09/02/2024,09/02/2031,3.801979,MINISTERIO DE HACIENDA,HACIENDA,61054
DO1005213025,MH22031,HACIENDA/10.25 BOEST 20310209 GTIA,2100000,DOP,21,8.6867,105.602315,21/09/2026,11:22:16 AM,PRESTAMO,PRIMERA PARTE,ROTC,22/09/2026,CONFIRMADA,3354243,0,09/02/2024,09/02/2031,3.801979,MINISTERIO DE HACIENDA,HACIENDA,61166
DO1005213025,MH22031,HACIENDA/10.25 BOEST 20310209 GTIA,2100000,DOP,21,8.7057,105.170496,21/09/2026,11:22:15 AM,PLAZO,PRIMERA PARTE,ROTC,20/01/2027,CONFIRMADA,3354244,0,09/02/2024,09/02/2031,0,MINISTERIO DE HACIENDA,HACIENDA,59507
DO1005213025,MH22031,HACIENDA/10.25 BOEST 20310209 GTIA,600000,DOP,6,8.6848,105.343917,21/09/2026,11:22:13 AM,PRESTAMO,SEGUNDA PARTE,ROTC,15/12/2026,CONFIRMADA,3354246,0,09/02/2024,09/02/2031,3.10994,MINISTERIO DE HACIENDA,HACIENDA,60487
DO1005213025,MH22031,HACIENDA/10.25 BOEST 20310209 GTIA,600000,DOP,6,8.7016,105.550517,21/09/2026,11:22:13 AM,PRESTAMO,PRIMERA PARTE,ROTC,21/09/2026,CONFIRMADA,3354246,0,09/02/2024,09/02/2031,3.10994,MINISTERIO DE HACIENDA,HACIENDA,60459
DO1005213025,MH22031,HACIENDA/10.25 BOEST 20310209 GTIA,600000,DOP,6,8.6848,105.343917,21/09/2026,11:22:12 AM,PLAZO,PRIMERA PARTE,ROTC,15/12/2026,CONFIRMADA,3354247,0,09/02/2024,09/02/2031,0,MINISTERIO DE HACIENDA,HACIENDA,58940
DO1002261928,LE090427,BCENTRAL/ LT 20270409 GTIA,790000,DOP,79,8.4042,96.204462,21/09/2026,11:22:11 AM,PRESTAMO,SEGUNDA PARTE,ROTC,22/10/2026,CONFIRMADA,3354250,0,09/04/2026,09/04/2027,0.670475,BANCO CENTRAL DE LA REPUBLICA DOMINICANA,BCENTRAL,57953
DO1002261928,LE090427,BCENTRAL/ LT 20270409 GTIA,790000,DOP,79,8.4065,95.559435,21/09/2026,11:22:11 AM,PRESTAMO,PRIMERA PARTE,ROTC,22/09/2026,CONFIRMADA,3354250,0,09/04/2026,09/04/2027,0.670475,BANCO CENTRAL DE LA REPUBLICA DOMINICANA,BCENTRAL,58191
DO1002261928,LE090427,BCENTRAL/ LT 20270409 GTIA,790000,DOP,79,8.4042,96.204462,21/09/2026,11:22:10 AM,PLAZO,PRIMERA PARTE,ROTC,22/10/2026,CONFIRMADA,3354251,0,09/04/2026,09/04/2027,0,BANCO CENTRAL DE LA REPUBLICA DOMINICANA,BCENTRAL,56406
DO1002261928,LE090427,BCENTRAL/ LT 20270409 GTIA,790000,DOP,79,8.4065,95.559435,21/09/2026,11:21:12 AM,CONTADO,PRIMERA PARTE,ROTC,22/09/2026,CONFIRMADA,3354249,0,09/04/2026,09/04/2027,0,BANCO CENTRAL DE LA REPUBLICA DOMINICANA,BCENTRAL,57498
DO1005213025,MH22031,HACIENDA/10.25 BOEST 20310209 GTIA,600000,DOP,6,8.7016,105.550517,21/09/2026,11:20:44 AM,CONTADO,PRIMERA PARTE,ROTC,21/09/2026,CONFIRMADA,3354245,0,09/02/2024,09/02/2031,0,MINISTERIO DE HACIENDA,HACIENDA,59780
DO1005205716,MHUS2027,HACIENDA/6 BOEST 20270305 GTIA,212000,USD,212,4.6141,100.478519,21/09/2026,11:20:36 AM,PRESTAMO,SEGUNDA PARTE,ROTC,22/10/2026,CONFIRMADA,3354265,0,05/09/2016,05/03/2027,4.35,MINISTERIO DE HACIENDA,HACIENDA,60676
DO1005205716,MHUS2027,HACIENDA/6 BOEST 20270305 GTIA,212000,USD,212,4.5775,100.605958,21/09/2026,11:20:36 AM,PRESTAMO,PRIMERA PARTE,ROTC,22/09/2026,CONFIRMADA,3354265,0,05/09/2016,05/03/2027,4.35,MINISTERIO DE HACIENDA,HACIENDA,60872
DO1005205716,MHUS2027,HACIENDA/6 BOEST 20270305 GTIA,212000,USD,212,4.6141,100.478519,21/09/2026,11:20:35 AM,ESTRUCTURADA,SEGUNDA PARTE,ROTC,22/10/2026,CONFIRMADA,3353927,0,05/09/2016,05/03/2027,4.35,MINISTERIO DE HACIENDA,HACIENDA,62769
DO1005205716,MHUS2027,HACIENDA/6 BOEST 20270305 GTIA,212000,USD,212,4.5775,100.605958,21/09/2026,11:20:35 AM,ESTRUCTURADA,PRIMERA PARTE,ROTC,22/09/2026,CONFIRMADA,3353927,0,05/09/2016,05/03/2027,4.35,MINISTERIO DE HACIENDA,HACIENDA,62965
DO1002261928,LE090427,BCENTRAL/ LT 20270409 GTIA,760000,DOP,76,9.1595,95.15777,21/09/2026,11:20:11 AM,CONTADO,PRIMERA PARTE,ROTC,21/09/2026,CONFIRMADA,3354226,0,09/04/2026,09/04/2027,0,BANCO CENTRAL DE LA REPUBLICA DOMINICANA,BCENTRAL,57113
DO1002261928,LE090427,BCENTRAL/ LT 20270409 GTIA,470000,DOP,47,8.5448,95.511298,21/09/2026,11:19:47 AM,CONTADO,PRIMERA PARTE,ROTC,23/09/2026,CONFIRMADA,3354223,0,09/04/2026,09/04/2027,0,BANCO CENTRAL DE LA REPUBLICA DOMINICANA,BCENTRAL,57547
USP3579ECZ80,BSRD2035, ,204000,USD,204,5.4735,102.804426,21/09/2026,11:19:39 AM,PRESTAMO,SEGUNDA PARTE,ROTC,20/11/2026,CONFIRMADA,3353659,0,28/10/2025,28/10/2035,3.006536,MINISTERIO DE HACIENDA,HACIENDA,49014
USP3579ECZ80,BSRD2035, ,204000,USD,204,5.8651,100.061809,21/09/2026,11:19:39 AM,PRESTAMO,PRIMERA PARTE,ROTC,21/09/2026,CONFIRMADA,3353659,0,28/10/2025,28/10/2035,3.006536,MINISTERIO DE HACIENDA,HACIENDA,49126
DO1005208025,COV2040,HACIENDA/10.875 BOEST 20400228 GTIA,200000,DOP,2,6.9264,133.51384,21/09/2026,11:19:38 AM,PRESTAMO,SEGUNDA PARTE,ROTC,18/02/2027,CONFIRMADA,3353661,0,28/02/2020,28/02/2040,4.306631,MINISTERIO DE HACIENDA,HACIENDA,60816
DO1005208025,COV2040,HACIENDA/10.875 BOEST 20400228 GTIA,200000,DOP,2,7.065,132.72487,21/09/2026,11:19:38 AM,PRESTAMO,PRIMERA PARTE,ROTC,21/09/2026,CONFIRMADA,3353661,0,28/02/2020,28/02/2040,4.306631,MINISTERIO DE HACIENDA,HACIENDA,60522
USP3579ECZ80,BSRD2035, ,11000,USD,11,4.8759,107.003091,21/09/2026,11:19:36 AM,PRESTAMO,SEGUNDA PARTE,ROTC,18/02/2027,CONFIRMADA,3353663,0,28/10/2025,28/10/2035,4.190658,MINISTERIO DE HACIENDA,HACIENDA,48342
USP3579ECZ80,BSRD2035, ,11000,USD,11,5.2816,104.238909,21/09/2026,11:19:36 AM,PRESTAMO,PRIMERA PARTE,ROTC,21/09/2026,CONFIRMADA,3353663,0,28/10/2025,28/10/2035,4.190658,MINISTERIO DE HACIENDA,HACIENDA,48433
DO1005208025,COV2040,HACIENDA/10.875 BOEST 20400228 GTIA,500000,DOP,5,5.2835,153.091002,21/09/2026,11:19:35 AM,PRESTAMO,SEGUNDA PARTE,ROTC,21/10/2026,CONFIRMADA,3353665,0,28/02/2020,28/02/2040,1.198436,MINISTERIO DE HACIENDA,HACIENDA,61040
DO1005208025,COV2040,HACIENDA/10.875 BOEST 20400228 GTIA,500000,DOP,5,5.3214,152.845926,21/09/2026,11:19:35 AM,PRESTAMO,PRIMERA PARTE,ROTC,21/09/2026,CONFIRMADA,3353665,0,28/02/2020,28/02/2040,1.198436,MINISTERIO DE HACIENDA,HACIENDA,61250
DO1005208025,COV2040,HACIENDA/10.875 BOEST 20400228 GTIA,2500000,DOP,25,6.3271,140.096069,21/09/2026,11:19:34 AM,PRESTAMO,SEGUNDA PARTE,ROTC,19/01/2027,CONFIRMADA,3353667,0,28/02/2020,28/02/2040,3.533259,MINISTERIO DE HACIENDA,HACIENDA,61859
DO1005208025,COV2040,HACIENDA/10.875 BOEST 20400228 GTIA,2500000,DOP,25,6.4587,139.284932,21/09/2026,11:19:34 AM,PRESTAMO,PRIMERA PARTE,ROTC,21/09/2026,CONFIRMADA,3353667,0,28/02/2020,28/02/2040,3.533259,MINISTERIO DE HACIENDA,HACIENDA,62041
USP3579ECZ80,BSRD2035, ,2000,USD,2,9.6198,78.002,21/09/2026,11:19:33 AM,PRESTAMO,SEGUNDA PARTE,ROTC,21/12/2026,CONFIRMADA,3353669,0,28/10/2025,28/10/2035,4.124666,MINISTERIO DE HACIENDA,HACIENDA,46235
USP3579ECZ80,BSRD2035, ,2000,USD,2,10.019,75.614,21/09/2026,11:19:33 AM,PRESTAMO,PRIMERA PARTE,ROTC,21/09/2026,CONFIRMADA,3353669,0,28/10/2025,28/10/2035,4.124666,MINISTERIO DE HACIENDA,HACIENDA,46228
DO1002228125,NO090229,BCENTRAL/10 BOEST 20290209 GTIA,30000,DOP,3,6.5639,106.729267,21/09/2026,11:19:31 AM,PRESTAMO,SEGUNDA PARTE,ROTC,21/12/2026,CONFIRMADA,3353671,0,09/02/2024,09/02/2029,3.324286,BANCO CENTRAL DE LA REPUBLICA DOMINICANA,BCENTRAL,59878
DO1002228125,NO090229,BCENTRAL/10 BOEST 20290209 GTIA,30000,DOP,3,6.8955,106.701533,21/09/2026,11:19:31 AM,PRESTAMO,PRIMERA PARTE,ROTC,21/09/2026,CONFIRMADA,3353671,0,09/02/2024,09/02/2029,3.324286,BANCO CENTRAL DE LA REPUBLICA DOMINICANA,BCENTRAL,59913
USP3579ECZ80,BSRD2035, ,3000,USD,3,8.0164,86.675333,21/09/2026,11:19:30 AM,PRESTAMO,SEGUNDA PARTE,ROTC,19/01/2027,CONFIRMADA,3353674,0,28/10/2025,28/10/2035,4.25922,MINISTERIO DE HACIENDA,HACIENDA,47348
USP3579ECZ80,BSRD2035, ,3000,USD,3,8.3813,84.249333,21/09/2026,11:19:30 AM,PRESTAMO,PRIMERA PARTE,ROTC,21/09/2026,CONFIRMADA,3353674,0,28/10/2025,28/10/2035,4.25922,MINISTERIO DE HACIENDA,HACIENDA,47404
USP3579ECZ80,BSRD2035, ,3000,USD,3,8.0164,86.675333,21/09/2026,11:19:29 AM,PRESTAMO,SEGUNDA PARTE,ROTC,19/01/2027,CONFIRMADA,3353676,0,28/10/2025,28/10/2035,4.25922,MINISTERIO DE HACIENDA,HACIENDA,47404
USP3579ECZ80,BSRD2035, ,3000,USD,3,8.3813,84.249333,21/09/2026,11:19:29 AM,PRESTAMO,PRIMERA PARTE,ROTC,21/09/2026,CONFIRMADA,3353676,0,28/10/2025,28/10/2035,4.25922,MINISTERIO DE HACIENDA,HACIENDA,47460
USP3579ECZ80,BSRD2035, ,170000,USD,170,5.4572,102.8729,21/09/2026,11:19:28 AM,PRESTAMO,SEGUNDA PARTE,ROTC,19/01/2027,CONFIRMADA,3353679,0,28/10/2025,28/10/2035,3.846913,MINISTERIO DE HACIENDA,HACIENDA,48419
USP3579ECZ80,BSRD2035, ,170000,USD,170,5.8473,100.186494,21/09/2026,11:19:28 AM,PRESTAMO,PRIMERA PARTE,ROTC,21/09/2026,CONFIRMADA,3353679,0,28/10/2025,28/10/2035,3.846913,MINISTERIO DE HACIENDA,HACIENDA,49210
DO1005208025,COV2040,HACIENDA/10.875 BOEST 20400228 GTIA,100000,DOP,1,5.8091,146.21216,21/09/2026,11:19:27 AM,PRESTAMO,SEGUNDA PARTE,ROTC,21/12/2026,CONFIRMADA,3353682,0,28/02/2020,28/02/2040,2.714074,MINISTERIO DE HACIENDA,HACIENDA,60683
DO1005208025,COV2040,HACIENDA/10.875 BOEST 20400228 GTIA,100000,DOP,1,5.9131,145.57723,21/09/2026,11:19:27 AM,PRESTAMO,PRIMERA PARTE,ROTC,21/09/2026,CONFIRMADA,3353682,0,28/02/2020,28/02/2040,2.714074,MINISTERIO DE HACIENDA,HACIENDA,60837
DO1005208025,COV2040,HACIENDA/10.875 BOEST 20400228 GTIA,300000,DOP,3,3.8397,171.579533,21/09/2026,11:19:25 AM,PRESTAMO,SEGUNDA PARTE,ROTC,18/02/2027,CONFIRMADA,3353684,0,28/02/2020,28/02/2040,4.004435,MINISTERIO DE HACIENDA,HACIENDA,61250
DO1005208025,COV2040,HACIENDA/10.875 BOEST 20400228 GTIA,300000,DOP,3,4.0857,169.68539,21/09/2026,11:19:25 AM,PRESTAMO,PRIMERA PARTE,ROTC,21/09/2026,CONFIRMADA,3353684,0,28/02/2020,28/02/2040,4.004435,MINISTERIO DE HACIENDA,HACIENDA,60977
DO1002228125,NO090229,BCENTRAL/10 BOEST 20290209 GTIA,20000,DOP,2,39.365,62.0667,21/09/2026,11:19:24 AM,PRESTAMO,SEGUNDA PARTE,ROTC,18/02/2027,CONFIRMADA,3353687,0,09/02/2024,09/02/2029,5.590601,BANCO CENTRAL DE LA REPUBLICA DOMINICANA,BCENTRAL,58800
DO1002228125,NO090229,BCENTRAL/10 BOEST 20290209 GTIA,20000,DOP,2,37.5832,58.8315,21/09/2026,11:19:24 AM,PRESTAMO,PRIMERA PARTE,ROTC,21/09/2026,CONFIRMADA,3353687,0,09/02/2024,09/02/2029,5.590601,BANCO CENTRAL DE LA REPUBLICA DOMINICANA,BCENTRAL,59234
DO1002228125,NO090229,BCENTRAL/10 BOEST 20290209 GTIA,90000,DOP,9,8.2604,103.219867,21/09/2026,11:19:23 AM,PRESTAMO,SEGUNDA PARTE,ROTC,19/01/2027,CONFIRMADA,3353689,0,09/02/2024,09/02/2029,4.062496,BANCO CENTRAL DE LA REPUBLICA DOMINICANA,BCENTRAL,59927
DO1002228125,NO090229,BCENTRAL/10 BOEST 20290209 GTIA,90000,DOP,9,8.445,103.275967,21/09/2026,11:19:23 AM,PRESTAMO,PRIMERA PARTE,ROTC,21/09/2026,CONFIRMADA,3353689,0,09/02/2024,09/02/2029,4.062496,BANCO CENTRAL DE LA REPUBLICA DOMINICANA,BCENTRAL,59682
DO1005213025,MH22031,HACIENDA/10.25 BOEST 20310209 GTIA,2100000,DOP,21,8.6867,105.602315,21/09/2026,11:19:22 AM,CONTADO,PRIMERA PARTE,ROTC,22/09/2026,CONFIRMADA,3354242,0,09/02/2024,09/02/2031,0,MINISTERIO DE HACIENDA,HACIENDA,60494
DO1002261928,LE090427,BCENTRAL/ LT 20270409 GTIA,50000,DOP,5,-1.3715,100.76006,21/09/2026,11:18:49 AM,CONTADO,PRIMERA PARTE,ROTC,23/09/2026,CONFIRMADA,3354239,0,09/04/2026,09/04/2027,0,BANCO CENTRAL DE LA REPUBLICA DOMINICANA,BCENTRAL,56889
USP3579EBY25,BSRD2048,DOMINICAN REP/6.5 CHURCH BD UNSEC,10000,USD,10,6.3925,101.2353,21/09/2026,11:18:24 AM,CONTADO,PRIMERA PARTE,ROTC,23/09/2026,CONFIRMADA,3354236,0,08/02/2018,15/02/2048,0,MINISTERIO DE HACIENDA,HACIENDA,61943
DO1002261928,LE090427,BCENTRAL/ LT 20270409 GTIA,660000,DOP,66,7.2999,96.140039,21/09/2026,11:18:04 AM,CONTADO,PRIMERA PARTE,ROTC,23/09/2026,CONFIRMADA,3354233,0,09/04/2026,09/04/2027,0,BANCO CENTRAL DE LA REPUBLICA DOMINICANA,BCENTRAL,57498
DO1005205716,MHUS2027,HACIENDA/6 BOEST 20270305 GTIA,12000,USD,12,-7.3349,106.24175,21/09/2026,11:17:38 AM,CONTADO,PRIMERA PARTE,ROTC,22/09/2026,CONFIRMADA,3354220,0,05/09/2016,05/03/2027,0,MINISTERIO DE HACIENDA,HACIENDA,59444
USP3579EBY25,BSRD2048,DOMINICAN REP/6.5 CHURCH BD UNSEC,14000,USD,14,5.7917,108.617643,21/09/2026,11:17:14 AM,CONTADO,PRIMERA PARTE,ROTC,22/09/2026,CONFIRMADA,3354216,0,08/02/2018,15/02/2048,0,MINISTERIO DE HACIENDA,HACIENDA,62825
DO1002261928,LE090427,BCENTRAL/ LT 20270409 GTIA,20000,DOP,2,43.2202,80.63785,21/09/2026,11:16:50 AM,CONTADO,PRIMERA PARTE,ROTC,21/09/2026,CONFIRMADA,3354207,0,09/04/2026,09/04/2027,0,BANCO CENTRAL DE LA REPUBLICA DOMINICANA,BCENTRAL,56539
DO1002228125,NO090229,BCENTRAL/10 BOEST 20290209 GTIA,90000,DOP,9,8.2604,103.219867,21/09/2026,11:16:44 AM,ESTRUCTURADA,SEGUNDA PARTE,ROTC,19/01/2027,CONFIRMADA,3353688,0,09/02/2024,09/02/2029,9.2052,BANCO CENTRAL DE LA REPUBLICA DOMINICANA,BCENTRAL,62027
DO1002228125,NO090229,BCENTRAL/10 BOEST 20290209 GTIA,90000,DOP,9,8.445,103.275967,21/09/2026,11:16:44 AM,ESTRUCTURADA,PRIMERA PARTE,ROTC,21/09/2026,CONFIRMADA,3353688,0,09/02/2024,09/02/2029,9.2052,BANCO CENTRAL DE LA REPUBLICA DOMINICANA,BCENTRAL,61782
DO1002228125,NO090229,BCENTRAL/10 BOEST 20290209 GTIA,20000,DOP,2,39.365,62.0667,21/09/2026,11:16:43 AM,ESTRUCTURADA,SEGUNDA PARTE,ROTC,18/02/2027,CONFIRMADA,3353686,0,09/02/2024,09/02/2029,9.2612,BANCO CENTRAL DE LA REPUBLICA DOMINICANA,BCENTRAL,60886
DO1002228125,NO090229,BCENTRAL/10 BOEST 20290209 GTIA,20000,DOP,2,37.5832,58.8315,21/09/2026,11:16:43 AM,ESTRUCTURADA,PRIMERA PARTE,ROTC,21/09/2026,CONFIRMADA,3353686,0,09/02/2024,09/02/2029,9.2612,BANCO CENTRAL DE LA REPUBLICA DOMINICANA,BCENTRAL,61320
DO1005208025,COV2040,HACIENDA/10.875 BOEST 20400228 GTIA,300000,DOP,3,3.8397,171.579533,21/09/2026,11:16:42 AM,ESTRUCTURADA,SEGUNDA PARTE,ROTC,18/02/2027,CONFIRMADA,3353683,0,28/02/2020,28/02/2040,8.9624,MINISTERIO DE HACIENDA,HACIENDA,63322
DO1005208025,COV2040,HACIENDA/10.875 BOEST 20400228 GTIA,300000,DOP,3,4.0857,169.68539,21/09/2026,11:16:42 AM,ESTRUCTURADA,PRIMERA PARTE,ROTC,21/09/2026,CONFIRMADA,3353683,0,28/02/2020,28/02/2040,8.9624,MINISTERIO DE HACIENDA,HACIENDA,63049
DO1005208025,COV2040,HACIENDA/10.875 BOEST 20400228 GTIA,100000,DOP,1,5.8091,146.21216,21/09/2026,11:16:41 AM,ESTRUCTURADA,SEGUNDA PARTE,ROTC,21/12/2026,CONFIRMADA,3353680,0,28/02/2020,28/02/2040,9.0489,MINISTERIO DE HACIENDA,HACIENDA,62734
DO1005208025,COV2040,HACIENDA/10.875 BOEST 20400228 GTIA,100000,DOP,1,5.9131,145.57723,21/09/2026,11:16:41 AM,ESTRUCTURADA,PRIMERA PARTE,ROTC,21/09/2026,CONFIRMADA,3353680,0,28/02/2020,28/02/2040,9.0489,MINISTERIO DE HACIENDA,HACIENDA,62888
USP3579ECZ80,BSRD2035, ,170000,USD,170,5.4572,102.8729,21/09/2026,11:16:39 AM,ESTRUCTURADA,SEGUNDA PARTE,ROTC,19/01/2027,CONFIRMADA,3353677,0,28/10/2025,28/10/2035,4.9003,MINISTERIO DE HACIENDA,HACIENDA,50512
USP3579ECZ80,BSRD2035, ,170000,USD,170,5.8473,100.186494,21/09/2026,11:16:39 AM,ESTRUCTURADA,PRIMERA PARTE,ROTC,21/09/2026,CONFIRMADA,3353677,0,28/10/2025,28/10/2035,4.9003,MINISTERIO DE HACIENDA,HACIENDA,51303
USP3579ECZ80,BSRD2035, ,3000,USD,3,8.0164,86.675333,21/09/2026,11:16:38 AM,ESTRUCTURADA,SEGUNDA PARTE,ROTC,19/01/2027,CONFIRMADA,3353675,0,28/10/2025,28/10/2035,4.9002,MINISTERIO DE HACIENDA,HACIENDA,49483
USP3579ECZ80,BSRD2035, ,3000,USD,3,8.3813,84.249333,21/09/2026,11:16:38 AM,ESTRUCTURADA,PRIMERA PARTE,ROTC,21/09/2026,CONFIRMADA,3353675,0,28/10/2025,28/10/2035,4.9002,MINISTERIO DE HACIENDA,HACIENDA,49539
USP3579ECZ80,BSRD2035, ,3000,USD,3,8.0164,86.675333,21/09/2026,11:16:37 AM,ESTRUCTURADA,SEGUNDA PARTE,ROTC,19/01/2027,CONFIRMADA,3353672,0,28/10/2025,28/10/2035,4.9002,MINISTERIO DE HACIENDA,HACIENDA,49476
USP3579ECZ80,BSRD2035, ,3000,USD,3,8.3813,84.249333,21/09/2026,11:16:37 AM,ESTRUCTURADA,PRIMERA PARTE,ROTC,21/09/2026,CONFIRMADA,3353672,0,28/10/2025,28/10/2035,4.9002,MINISTERIO DE HACIENDA,HACIENDA,49532
DO1002228125,NO090229,BCENTRAL/10 BOEST 20290209 GTIA,30000,DOP,3,6.5639,106.729267,21/09/2026,11:16:35 AM,ESTRUCTURADA,SEGUNDA PARTE,ROTC,21/12/2026,CONFIRMADA,3353670,0,09/02/2024,09/02/2029,9.1706,BANCO CENTRAL DE LA REPUBLICA DOMINICANA,BCENTRAL,61985
DO1002228125,NO090229,BCENTRAL/10 BOEST 20290209 GTIA,30000,DOP,3,6.8955,106.701533,21/09/2026,11:16:35 AM,ESTRUCTURADA,PRIMERA PARTE,ROTC,21/09/2026,CONFIRMADA,3353670,0,09/02/2024,09/02/2029,9.1706,BANCO CENTRAL DE LA REPUBLICA DOMINICANA,BCENTRAL,62020
USP3579ECZ80,BSRD2035, ,2000,USD,2,9.6198,78.002,21/09/2026,11:16:34 AM,ESTRUCTURADA,SEGUNDA PARTE,ROTC,21/12/2026,CONFIRMADA,3353668,0,28/10/2025,28/10/2035,4.6675,MINISTERIO DE HACIENDA,HACIENDA,48321
USP3579ECZ80,BSRD2035, ,2000,USD,2,10.019,75.614,21/09/2026,11:16:34 AM,ESTRUCTURADA,PRIMERA PARTE,ROTC,21/09/2026,CONFIRMADA,3353668,0,28/10/2025,28/10/2035,4.6675,MINISTERIO DE HACIENDA,HACIENDA,48314
DO1005208025,COV2040,HACIENDA/10.875 BOEST 20400228 GTIA,2500000,DOP,25,6.3271,140.096069,21/09/2026,11:16:33 AM,ESTRUCTURADA,SEGUNDA PARTE,ROTC,19/01/2027,CONFIRMADA,3353666,0,28/02/2020,28/02/2040,9.3996,MINISTERIO DE HACIENDA,HACIENDA,63931
DO1005208025,COV2040,HACIENDA/10.875 BOEST 20400228 GTIA,2500000,DOP,25,6.4587,139.284932,21/09/2026,11:16:33 AM,ESTRUCTURADA,PRIMERA PARTE,ROTC,21/09/2026,CONFIRMADA,3353666,0,28/02/2020,28/02/2040,9.3996,MINISTERIO DE HACIENDA,HACIENDA,64113
DO1005208025,COV2040,HACIENDA/10.875 BOEST 20400228 GTIA,500000,DOP,5,5.2835,153.091002,21/09/2026,11:16:32 AM,ESTRUCTURADA,SEGUNDA PARTE,ROTC,21/10/2026,CONFIRMADA,3353664,0,28/02/2020,28/02/2040,8.9,MINISTERIO DE HACIENDA,HACIENDA,63098
DO1005208025,COV2040,HACIENDA/10.875 BOEST 20400228 GTIA,500000,DOP,5,5.3214,152.845926,21/09/2026,11:16:32 AM,ESTRUCTURADA,PRIMERA PARTE,ROTC,21/09/2026,CONFIRMADA,3353664,0,28/02/2020,28/02/2040,8.9,MINISTERIO DE HACIENDA,HACIENDA,63308
USP3579ECZ80,BSRD2035, ,11000,USD,11,4.8759,107.003091,21/09/2026,11:16:31 AM,ESTRUCTURADA,SEGUNDA PARTE,ROTC,18/02/2027,CONFIRMADA,3353662,0,28/10/2025,28/10/2035,5.0123,MINISTERIO DE HACIENDA,HACIENDA,50386
USP3579ECZ80,BSRD2035, ,11000,USD,11,5.2816,104.238909,21/09/2026,11:16:31 AM,ESTRUCTURADA,PRIMERA PARTE,ROTC,21/09/2026,CONFIRMADA,3353662,0,28/10/2025,28/10/2035,5.0123,MINISTERIO DE HACIENDA,HACIENDA,50477
DO1005208025,COV2040,HACIENDA/10.875 BOEST 20400228 GTIA,200000,DOP,2,6.9264,133.51384,21/09/2026,11:16:30 AM,ESTRUCTURADA,SEGUNDA PARTE,ROTC,18/02/2027,CONFIRMADA,3353660,0,28/02/2020,28/02/2040,9.4571,MINISTERIO DE HACIENDA,HACIENDA,62839
DO1005208025,COV2040,HACIENDA/10.875 BOEST 20400228 GTIA,200000,DOP,2,7.065,132.72487,21/09/2026,11:16:30 AM,ESTRUCTURADA,PRIMERA PARTE,ROTC,21/09/2026,CONFIRMADA,3353660,0,28/02/2020,28/02/2040,9.4571,MINISTERIO DE HACIENDA,HACIENDA,62545
USP3579ECZ80,BSRD2035, ,204000,USD,204,5.4735,102.804426,21/09/2026,11:16:28 AM,ESTRUCTURADA,SEGUNDA PARTE,ROTC,20/11/2026,CONFIRMADA,3353658,0,28/10/2025,28/10/2035,4.5,MINISTERIO DE HACIENDA,HACIENDA,51079
USP3579ECZ80,BSRD2035, ,204000,USD,204,5.8651,100.061809,21/09/2026,11:16:28 AM,ESTRUCTURADA,PRIMERA PARTE,ROTC,21/09/2026,CONFIRMADA,3353658,0,28/10/2025,28/10/2035,4.5,MINISTERIO DE HACIENDA,HACIENDA,51191
DO1005213025,MH22031,HACIENDA/10.25 BOEST 20310209 GTIA,400000,DOP,4,8.4576,106.45957,21/09/2026,11:16:26 AM,CONTADO,PRIMERA PARTE,ROTC,21/09/2026,CONFIRMADA,3354203,0,09/02/2024,09/02/2031,0,MINISTERIO DE HACIENDA,HACIENDA,59563
USP3579EBY25,BSRD2048,DOMINICAN REP/6.5 CHURCH BD UNSEC,6000,USD,6,5.6498,110.473167,21/09/2026,11:16:01 AM,CONTADO,PRIMERA PARTE,ROTC,21/09/2026,CONFIRMADA,3354200,0,08/02/2018,15/02/2048,0,MINISTERIO DE HACIENDA,HACIENDA,62104
DO1005208629,MH12031,HACIENDA/8.5 BOEST 20310611 GTIA,4200000,DOP,42,4.5794,116.738664,21/09/2026,11:15:18 AM,PRESTAMO,SEGUNDA PARTE,ROTC,19/10/2026,CONFIRMADA,3354256,0,11/06/2021,11/06/2031,8.24,MINISTERIO DE HACIENDA,HACIENDA,60683
DO1005208629,MH12031,HACIENDA/8.5 BOEST 20310611 GTIA,4200000,DOP,42,4.6549,116.637345,21/09/2026,11:15:18 AM,PRESTAMO,PRIMERA PARTE,ROTC,21/09/2026,CONFIRMADA,3354256,0,11/06/2021,11/06/2031,8.24,MINISTERIO DE HACIENDA,HACIENDA,60704
DO1005208629,MH12031,HACIENDA/8.5 BOEST 20310611 GTIA,4200000,DOP,42,4.5794,116.738664,21/09/2026,11:15:17 AM,ESTRUCTURADA,SEGUNDA PARTE,ROTC,19/10/2026,CONFIRMADA,3354229,0,11/06/2021,11/06/2031,8.24,MINISTERIO DE HACIENDA,HACIENDA,62776
DO1005208629,MH12031,HACIENDA/8.5 BOEST 20310611 GTIA,4200000,DOP,42,4.6549,116.637345,21/09/2026,11:15:17 AM,ESTRUCTURADA,PRIMERA PARTE,ROTC,21/09/2026,CONFIRMADA,3354229,0,11/06/2021,11/06/2031,8.24,MINISTERIO DE HACIENDA,HACIENDA,62797
DO1002261928,LE090427,BCENTRAL/ LT 20270409 GTIA,20000,DOP,2,-7.768,103.8079,21/09/2026,11:15:15 AM,PLAZO,PRIMERA PARTE,ROTC,21/10/2026,CONFIRMADA,3354199,0,09/04/2026,09/04/2027,0,BANCO CENTRAL DE LA REPUBLICA DOMINICANA,BCENTRAL,55258
DO1002261928,LE090427,BCENTRAL/ LT 20270409 GTIA,20000,DOP,2,-7.768,103.8079,21/09/2026,11:15:14 AM,PRESTAMO,SEGUNDA PARTE,ROTC,21/10/2026,CONFIRMADA,3354198,0,09/04/2026,09/04/2027,0.670469,BANCO CENTRAL DE LA REPUBLICA DOMINICANA,BCENTRAL,56791
DO1002261928,LE090427,BCENTRAL/ LT 20270409 GTIA,20000,DOP,2,-5.4324,103.1119,21/09/2026,11:15:14 AM,PRESTAMO,PRIMERA PARTE,ROTC,21/09/2026,CONFIRMADA,3354198,0,09/04/2026,09/04/2027,0.670469,BANCO CENTRAL DE LA REPUBLICA DOMINICANA,BCENTRAL,57092
DO1005205617,MH12027,HACIENDA/11.25 BOEST 20270205 GTIA,200000,DOP,2,71.9252,97.56682,21/09/2026,11:15:13 AM,PLAZO,PRIMERA PARTE,ROTC,19/01/2027,CONFIRMADA,3354196,0,05/08/2016,05/02/2027,0,MINISTERIO DE HACIENDA,HACIENDA,58702
DO1002261225,LE021026,BCENTRAL/ LT 20261002 GTIA,500000,DOP,50,-91.358,100.254418,21/09/2026,11:15:11 AM,PRESTAMO,SEGUNDA PARTE,ROTC,01/10/2026,CONFIRMADA,3354192,0,02/10/2025,02/10/2026,0.256286,BANCO CENTRAL DE LA REPUBLICA DOMINICANA,BCENTRAL,58219
DO1002261225,LE021026,BCENTRAL/ LT 20261002 GTIA,500000,DOP,50,0.0825,99.99748,21/09/2026,11:15:11 AM,PRESTAMO,PRIMERA PARTE,ROTC,21/09/2026,CONFIRMADA,3354192,0,02/10/2025,02/10/2026,0.256286,BANCO CENTRAL DE LA REPUBLICA DOMINICANA,BCENTRAL,57498
DO1002261225,LE021026,BCENTRAL/ LT 20261002 GTIA,500000,DOP,50,-91.358,100.254418,21/09/2026,11:15:10 AM,PLAZO,PRIMERA PARTE,ROTC,01/10/2026,CONFIRMADA,3354193,0,02/10/2025,02/10/2026,0,BANCO CENTRAL DE LA REPUBLICA DOMINICANA,BCENTRAL,56672
DO1005205617,MH12027,HACIENDA/11.25 BOEST 20270205 GTIA,200000,DOP,2,71.9252,97.56682,21/09/2026,11:15:09 AM,PRESTAMO,SEGUNDA PARTE,ROTC,19/01/2027,CONFIRMADA,3354195,0,05/08/2016,05/02/2027,4.055169,MINISTERIO DE HACIENDA,HACIENDA,60277
DO1005205617,MH12027,HACIENDA/11.25 BOEST 20270205 GTIA,200000,DOP,2,15.3874,98.54885,21/09/2026,11:15:09 AM,PRESTAMO,PRIMERA PARTE,ROTC,21/09/2026,CONFIRMADA,3354195,0,05/08/2016,05/02/2027,4.055169,MINISTERIO DE HACIENDA,HACIENDA,60382
DO1005205716,MHUS2027,HACIENDA/6 BOEST 20270305 GTIA,19000,USD,19,-7.661,106.365947,21/09/2026,11:14:45 AM,CONTADO,PRIMERA PARTE,ROTC,23/09/2026,CONFIRMADA,3354230,0,05/09/2016,05/03/2027,0,MINISTERIO DE HACIENDA,HACIENDA,59577
DO1005206516,MH32028,HACIENDA/10.75 BOEST 20280811 GTIA,11100000,DOP,111,8.9239,102.969459,21/09/2026,11:14:35 AM,PRESTAMO,SEGUNDA PARTE,ROTC,23/10/2026,CONFIRMADA,3354252,0,10/08/2018,11/08/2028,8.99,MINISTERIO DE HACIENDA,HACIENDA,62034
DO1005206516,MH32028,HACIENDA/10.75 BOEST 20280811 GTIA,11100000,DOP,111,8.946,103.078329,21/09/2026,11:14:35 AM,PRESTAMO,PRIMERA PARTE,ROTC,21/09/2026,CONFIRMADA,3354252,0,10/08/2018,11/08/2028,8.99,MINISTERIO DE HACIENDA,HACIENDA,61691
DO1005206516,MH32028,HACIENDA/10.75 BOEST 20280811 GTIA,11100000,DOP,111,8.9239,102.969459,21/09/2026,11:14:34 AM,ESTRUCTURADA,SEGUNDA PARTE,ROTC,23/10/2026,CONFIRMADA,3354189,0,10/08/2018,11/08/2028,8.99,MINISTERIO DE HACIENDA,HACIENDA,64127
DO1005206516,MH32028,HACIENDA/10.75 BOEST 20280811 GTIA,11100000,DOP,111,8.946,103.078329,21/09/2026,11:14:34 AM,ESTRUCTURADA,PRIMERA PARTE,ROTC,21/09/2026,CONFIRMADA,3354189,0,10/08/2018,11/08/2028,8.99,MINISTERIO DE HACIENDA,HACIENDA,63784
DO1005208629,MH12031,HACIENDA/8.5 BOEST 20310611 GTIA,3300000,DOP,33,4.1062,118.917038,21/09/2026,11:13:46 AM,PRESTAMO,SEGUNDA PARTE,ROTC,19/10/2026,CONFIRMADA,3354248,0,11/06/2021,11/06/2031,8.24,MINISTERIO DE HACIENDA,HACIENDA,60536
DO1005208629,MH12031,HACIENDA/8.5 BOEST 20310611 GTIA,3300000,DOP,33,4.1905,118.801847,21/09/2026,11:13:46 AM,PRESTAMO,PRIMERA PARTE,ROTC,21/09/2026,CONFIRMADA,3354248,0,11/06/2021,11/06/2031,8.24,MINISTERIO DE HACIENDA,HACIENDA,60648
DO1005208629,MH12031,HACIENDA/8.5 BOEST 20310611 GTIA,3300000,DOP,33,4.1062,118.917038,21/09/2026,11:13:45 AM,ESTRUCTURADA,SEGUNDA PARTE,ROTC,19/10/2026,CONFIRMADA,3354187,0,11/06/2021,11/06/2031,8.24,MINISTERIO DE HACIENDA,HACIENDA,62629
DO1005208629,MH12031,HACIENDA/8.5 BOEST 20310611 GTIA,3300000,DOP,33,4.1905,118.801847,21/09/2026,11:13:45 AM,ESTRUCTURADA,PRIMERA PARTE,ROTC,21/09/2026,CONFIRMADA,3354187,0,11/06/2021,11/06/2031,8.24,MINISTERIO DE HACIENDA,HACIENDA,62741
DO1002261928,LE090427,BCENTRAL/ LT 20270409 GTIA,20000,DOP,2,-5.4324,103.1119,21/09/2026,11:13:41 AM,CONTADO,PRIMERA PARTE,ROTC,21/09/2026,CONFIRMADA,3354197,0,09/04/2026,09/04/2027,0,BANCO CENTRAL DE LA REPUBLICA DOMINICANA,BCENTRAL,56385
DO1005205617,MH12027,HACIENDA/11.25 BOEST 20270205 GTIA,200000,DOP,2,15.3874,98.54885,21/09/2026,11:13:16 AM,CONTADO,PRIMERA PARTE,ROTC,21/09/2026,CONFIRMADA,3354194,0,05/08/2016,05/02/2027,0,MINISTERIO DE HACIENDA,HACIENDA,59661
DO1005208629,MH12031,HACIENDA/8.5 BOEST 20310611 GTIA,2500000,DOP,25,4.3525,117.739162,21/09/2026,11:12:18 AM,PRESTAMO,SEGUNDA PARTE,ROTC,23/10/2026,CONFIRMADA,3354218,0,11/06/2021,11/06/2031,8.49,MINISTERIO DE HACIENDA,HACIENDA,60536
DO1005208629,MH12031,HACIENDA/8.5 BOEST 20310611 GTIA,2500000,DOP,25,4.4493,117.589726,21/09/2026,11:12:18 AM,PRESTAMO,PRIMERA PARTE,ROTC,21/09/2026,CONFIRMADA,3354218,0,11/06/2021,11/06/2031,8.49,MINISTERIO DE HACIENDA,HACIENDA,60739
DO1005208629,MH12031,HACIENDA/8.5 BOEST 20310611 GTIA,2500000,DOP,25,4.3525,117.739162,21/09/2026,11:12:17 AM,ESTRUCTURADA,SEGUNDA PARTE,ROTC,23/10/2026,CONFIRMADA,3354186,0,11/06/2021,11/06/2031,8.49,MINISTERIO DE HACIENDA,HACIENDA,62629
DO1005208629,MH12031,HACIENDA/8.5 BOEST 20310611 GTIA,2500000,DOP,25,4.4493,117.589726,21/09/2026,11:12:17 AM,ESTRUCTURADA,PRIMERA PARTE,ROTC,21/09/2026,CONFIRMADA,3354186,0,11/06/2021,11/06/2031,8.49,MINISTERIO DE HACIENDA,HACIENDA,62832
DO1002261225,LE021026,BCENTRAL/ LT 20261002 GTIA,500000,DOP,50,0.0825,99.99748,21/09/2026,11:12:17 AM,CONTADO,PRIMERA PARTE,ROTC,21/09/2026,CONFIRMADA,3354191,0,02/10/2025,02/10/2026,0,BANCO CENTRAL DE LA REPUBLICA DOMINICANA,BCENTRAL,56826
DO1005206516,MH32028,HACIENDA/10.75 BOEST 20280811 GTIA,19200000,DOP,192,9.014,102.819622,21/09/2026,11:11:29 AM,PRESTAMO,SEGUNDA PARTE,ROTC,23/10/2026,CONFIRMADA,3354190,0,10/08/2018,11/08/2028,8.99,MINISTERIO DE HACIENDA,HACIENDA,61607
DO1005206516,MH32028,HACIENDA/10.75 BOEST 20280811 GTIA,19200000,DOP,192,9.0316,102.92968,21/09/2026,11:11:29 AM,PRESTAMO,PRIMERA PARTE,ROTC,21/09/2026,CONFIRMADA,3354190,0,10/08/2018,11/08/2028,8.99,MINISTERIO DE HACIENDA,HACIENDA,61789
DO1005206516,MH32028,HACIENDA/10.75 BOEST 20280811 GTIA,19200000,DOP,192,9.014,102.819622,21/09/2026,11:11:28 AM,ESTRUCTURADA,SEGUNDA PARTE,ROTC,23/10/2026,CONFIRMADA,3354185,0,10/08/2018,11/08/2028,8.99,MINISTERIO DE HACIENDA,HACIENDA,63700
DO1005206516,MH32028,HACIENDA/10.75 BOEST 20280811 GTIA,19200000,DOP,192,9.0316,102.92968,21/09/2026,11:11:28 AM,ESTRUCTURADA,PRIMERA PARTE,ROTC,21/09/2026,CONFIRMADA,3354185,0,10/08/2018,11/08/2028,8.99,MINISTERIO DE HACIENDA,HACIENDA,63882
DO1005206516,MH32028,HACIENDA/10.75 BOEST 20280811 GTIA,5300000,DOP,53,9.5007,101.759768,21/09/2026,11:08:48 AM,PRESTAMO,SEGUNDA PARTE,ROTC,20/01/2027,CONFIRMADA,3354184,0,10/08/2018,11/08/2028,7.99,MINISTERIO DE HACIENDA,HACIENDA,61390
DO1005206516,MH32028,HACIENDA/10.75 BOEST 20280811 GTIA,5300000,DOP,53,9.2588,102.536599,21/09/2026,11:08:48 AM,PRESTAMO,PRIMERA PARTE,ROTC,21/09/2026,CONFIRMADA,3354184,0,10/08/2018,11/08/2028,7.99,MINISTERIO DE HACIENDA,HACIENDA,61558
DO1005206516,MH32028,HACIENDA/10.75 BOEST 20280811 GTIA,5300000,DOP,53,9.5007,101.759768,21/09/2026,11:08:47 AM,ESTRUCTURADA,SEGUNDA PARTE,ROTC,20/01/2027,CONFIRMADA,3354180,0,10/08/2018,11/08/2028,7.99,MINISTERIO DE HACIENDA,HACIENDA,63483
DO1005206516,MH32028,HACIENDA/10.75 BOEST 20280811 GTIA,5300000,DOP,53,9.2588,102.536599,21/09/2026,11:08:47 AM,ESTRUCTURADA,PRIMERA PARTE,ROTC,21/09/2026,CONFIRMADA,3354180,0,10/08/2018,11/08/2028,7.99,MINISTERIO DE HACIENDA,HACIENDA,63651
DO1005208629,MH12031,HACIENDA/8.5 BOEST 20310611 GTIA,2000000,DOP,20,2.9432,122.44861,21/09/2026,11:07:55 AM,PRESTAMO,SEGUNDA PARTE,ROTC,18/03/2027,CONFIRMADA,3354183,0,11/06/2021,11/06/2031,7.99,MINISTERIO DE HACIENDA,HACIENDA,60158
DO1005208629,MH12031,HACIENDA/8.5 BOEST 20310611 GTIA,2000000,DOP,20,4.4493,117.589726,21/09/2026,11:07:55 AM,PRESTAMO,PRIMERA PARTE,ROTC,21/09/2026,CONFIRMADA,3354183,0,11/06/2021,11/06/2031,7.99,MINISTERIO DE HACIENDA,HACIENDA,60704
DO1005208629,MH12031,HACIENDA/8.5 BOEST 20310611 GTIA,2000000,DOP,20,2.9432,122.44861,21/09/2026,11:07:53 AM,ESTRUCTURADA,SEGUNDA PARTE,ROTC,18/03/2027,CONFIRMADA,3354181,0,11/06/2021,11/06/2031,7.99,MINISTERIO DE HACIENDA,HACIENDA,62244
DO1005208629,MH12031,HACIENDA/8.5 BOEST 20310611 GTIA,2000000,DOP,20,4.4493,117.589726,21/09/2026,11:07:53 AM,ESTRUCTURADA,PRIMERA PARTE,ROTC,21/09/2026,CONFIRMADA,3354181,0,11/06/2021,11/06/2031,7.99,MINISTERIO DE HACIENDA,HACIENDA,62790
DO1002226525,NO180228,BCENTRAL/15 BOEST 20280218 GTIA,170000,DOP,17,9,107.745046,21/09/2026,11:05:52 AM,CONTADO,PRIMERA PARTE,ROTC,21/09/2026,CONFIRMADA,3354162,0,18/02/2023,18/02/2028,0,BANCO CENTRAL DE LA REPUBLICA DOMINICANA,BCENTRAL,58205
DO1005208629,MH12031,HACIENDA/8.5 BOEST 20310611 GTIA,2000000,DOP,20,9.2604,97.623784,21/09/2026,11:04:08 AM,PRESTAMO,SEGUNDA PARTE,ROTC,23/10/2026,CONFIRMADA,3354179,0,11/06/2021,11/06/2031,8.89,MINISTERIO DE HACIENDA,HACIENDA,60207
DO1005208629,MH12031,HACIENDA/8.5 BOEST 20310611 GTIA,2000000,DOP,20,9.2593,97.589726,21/09/2026,11:04:08 AM,PRESTAMO,PRIMERA PARTE,ROTC,21/09/2026,CONFIRMADA,3354179,0,11/06/2021,11/06/2031,8.89,MINISTERIO DE HACIENDA,HACIENDA,60410
DO1005208629,MH12031,HACIENDA/8.5 BOEST 20310611 GTIA,2000000,DOP,20,9.2604,97.623784,21/09/2026,11:04:07 AM,ESTRUCTURADA,SEGUNDA PARTE,ROTC,23/10/2026,CONFIRMADA,3354028,0,11/06/2021,11/06/2031,8.89,MINISTERIO DE HACIENDA,HACIENDA,62300
DO1005208629,MH12031,HACIENDA/8.5 BOEST 20310611 GTIA,2000000,DOP,20,9.2593,97.589726,21/09/2026,11:04:07 AM,ESTRUCTURADA,PRIMERA PARTE,ROTC,21/09/2026,CONFIRMADA,3354028,0,11/06/2021,11/06/2031,8.89,MINISTERIO DE HACIENDA,HACIENDA,62503
DO1005208629,MH12031,HACIENDA/8.5 BOEST 20310611 GTIA,5000000,DOP,50,4.38,117.650482,21/09/2026,11:02:53 AM,PRESTAMO,SEGUNDA PARTE,ROTC,19/10/2026,CONFIRMADA,3354177,0,11/06/2021,11/06/2031,7.74,MINISTERIO DE HACIENDA,HACIENDA,59808
DO1005208629,MH12031,HACIENDA/8.5 BOEST 20310611 GTIA,5000000,DOP,50,4.4493,117.589726,21/09/2026,11:02:53 AM,PRESTAMO,PRIMERA PARTE,ROTC,21/09/2026,CONFIRMADA,3354177,0,11/06/2021,11/06/2031,7.74,MINISTERIO DE HACIENDA,HACIENDA,60697
DO1005208629,MH12031,HACIENDA/8.5 BOEST 20310611 GTIA,5000000,DOP,50,4.38,117.650482,21/09/2026,11:02:51 AM,ESTRUCTURADA,SEGUNDA PARTE,ROTC,19/10/2026,CONFIRMADA,3354029,0,11/06/2021,11/06/2031,7.74,MINISTERIO DE HACIENDA,HACIENDA,61894
DO1005208629,MH12031,HACIENDA/8.5 BOEST 20310611 GTIA,5000000,DOP,50,4.4493,117.589726,21/09/2026,11:02:51 AM,ESTRUCTURADA,PRIMERA PARTE,ROTC,21/09/2026,CONFIRMADA,3354029,0,11/06/2021,11/06/2031,7.74,MINISTERIO DE HACIENDA,HACIENDA,62783
USP3579ECP09,BSRD2029, ,400000,USD,400,4.2758,102.688069,21/09/2026,11:01:40 AM,PRESTAMO,SEGUNDA PARTE,ROTC,21/10/2026,CONFIRMADA,3354176,0,22/02/2022,22/02/2029,4.45,MINISTERIO DE HACIENDA,HACIENDA,48930
USP3579ECP09,BSRD2029, ,400000,USD,400,4.2836,102.763677,21/09/2026,11:01:40 AM,PRESTAMO,PRIMERA PARTE,ROTC,21/09/2026,CONFIRMADA,3354176,0,22/02/2022,22/02/2029,4.45,MINISTERIO DE HACIENDA,HACIENDA,49021
USP3579ECP09,BSRD2029, ,400000,USD,400,4.2758,102.688069,21/09/2026,11:01:39 AM,ESTRUCTURADA,SEGUNDA PARTE,ROTC,21/10/2026,CONFIRMADA,3353596,0,22/02/2022,22/02/2029,4.45,MINISTERIO DE HACIENDA,HACIENDA,51086
USP3579ECP09,BSRD2029, ,400000,USD,400,4.2836,102.763677,21/09/2026,11:01:39 AM,ESTRUCTURADA,PRIMERA PARTE,ROTC,21/09/2026,CONFIRMADA,3353596,0,22/02/2022,22/02/2029,4.45,MINISTERIO DE HACIENDA,HACIENDA,51177
USP3579ECP09,BSRD2029, ,154000,USD,154,4.977,101.114118,21/09/2026,11:01:38 AM,PRESTAMO,SEGUNDA PARTE,ROTC,05/11/2026,CONFIRMADA,3354175,0,22/02/2022,22/02/2029,4.2,MINISTERIO DE HACIENDA,HACIENDA,48601
USP3579ECP09,BSRD2029, ,154000,USD,154,4.9424,101.252444,21/09/2026,11:01:38 AM,PRESTAMO,PRIMERA PARTE,ROTC,21/09/2026,CONFIRMADA,3354175,0,22/02/2022,22/02/2029,4.2,MINISTERIO DE HACIENDA,HACIENDA,49042
USP3579ECP09,BSRD2029, ,154000,USD,154,4.977,101.114118,21/09/2026,11:01:36 AM,ESTRUCTURADA,SEGUNDA PARTE,ROTC,05/11/2026,CONFIRMADA,3353597,0,22/02/2022,22/02/2029,4.2,MINISTERIO DE HACIENDA,HACIENDA,50687
USP3579ECP09,BSRD2029, ,154000,USD,154,4.9424,101.252444,21/09/2026,11:01:36 AM,ESTRUCTURADA,PRIMERA PARTE,ROTC,21/09/2026,CONFIRMADA,3353597,0,22/02/2022,22/02/2029,4.2,MINISTERIO DE HACIENDA,HACIENDA,51128
USP3579ECP09,BSRD2029, ,98000,USD,98,4.8079,101.505081,21/09/2026,11:01:35 AM,PRESTAMO,SEGUNDA PARTE,ROTC,21/10/2026,CONFIRMADA,3354174,0,22/02/2022,22/02/2029,4.3,MINISTERIO DE HACIENDA,HACIENDA,48349
USP3579ECP09,BSRD2029, ,98000,USD,98,4.7908,101.597761,21/09/2026,11:01:35 AM,PRESTAMO,PRIMERA PARTE,ROTC,21/09/2026,CONFIRMADA,3354174,0,22/02/2022,22/02/2029,4.3,MINISTERIO DE HACIENDA,HACIENDA,48580
USP3579ECP09,BSRD2029, ,98000,USD,98,4.8079,101.505081,21/09/2026,11:01:34 AM,ESTRUCTURADA,SEGUNDA PARTE,ROTC,21/10/2026,CONFIRMADA,3353598,0,22/02/2022,22/02/2029,4.3,MINISTERIO DE HACIENDA,HACIENDA,50442
USP3579ECP09,BSRD2029, ,98000,USD,98,4.7908,101.597761,21/09/2026,11:01:34 AM,ESTRUCTURADA,PRIMERA PARTE,ROTC,21/09/2026,CONFIRMADA,3353598,0,22/02/2022,22/02/2029,4.3,MINISTERIO DE HACIENDA,HACIENDA,50673
DO1002228729,NO030328,BCENTRAL/9.5 BOEST 20280303 GTIA,1140000,DOP,114,10.7096,98.733202,21/09/2026,11:01:32 AM,PRESTAMO,SEGUNDA PARTE,ROTC,19/01/2027,CONFIRMADA,3354173,0,03/03/2025,03/03/2028,8.55,BANCO CENTRAL DE LA REPUBLICA DOMINICANA,BCENTRAL,61565
DO1002228729,NO030328,BCENTRAL/9.5 BOEST 20280303 GTIA,1140000,DOP,114,10.2163,99.046097,21/09/2026,11:01:32 AM,PRESTAMO,PRIMERA PARTE,ROTC,21/09/2026,CONFIRMADA,3354173,0,03/03/2025,03/03/2028,8.55,BANCO CENTRAL DE LA REPUBLICA DOMINICANA,BCENTRAL,61628
DO1002228729,NO030328,BCENTRAL/9.5 BOEST 20280303 GTIA,1140000,DOP,114,10.7096,98.733202,21/09/2026,11:01:31 AM,ESTRUCTURADA,SEGUNDA PARTE,ROTC,19/01/2027,CONFIRMADA,3353599,0,03/03/2025,03/03/2028,8.55,BANCO CENTRAL DE LA REPUBLICA DOMINICANA,BCENTRAL,63658
DO1002228729,NO030328,BCENTRAL/9.5 BOEST 20280303 GTIA,1140000,DOP,114,10.2163,99.046097,21/09/2026,11:01:31 AM,ESTRUCTURADA,PRIMERA PARTE,ROTC,21/09/2026,CONFIRMADA,3353599,0,03/03/2025,03/03/2028,8.55,BANCO CENTRAL DE LA REPUBLICA DOMINICANA,BCENTRAL,63721
DO1002228729,NO030328,BCENTRAL/9.5 BOEST 20280303 GTIA,60000,DOP,6,16.3479,92.297767,21/09/2026,11:01:30 AM,PRESTAMO,SEGUNDA PARTE,ROTC,20/11/2026,CONFIRMADA,3354172,0,03/03/2025,03/03/2028,8.15,BANCO CENTRAL DE LA REPUBLICA DOMINICANA,BCENTRAL,60305
DO1002228729,NO030328,BCENTRAL/9.5 BOEST 20280303 GTIA,60000,DOP,6,15.3662,92.608,21/09/2026,11:01:30 AM,PRESTAMO,PRIMERA PARTE,ROTC,21/09/2026,CONFIRMADA,3354172,0,03/03/2025,03/03/2028,8.15,BANCO CENTRAL DE LA REPUBLICA DOMINICANA,BCENTRAL,59199
DO1002228729,NO030328,BCENTRAL/9.5 BOEST 20280303 GTIA,60000,DOP,6,16.3479,92.297767,21/09/2026,11:01:29 AM,ESTRUCTURADA,SEGUNDA PARTE,ROTC,20/11/2026,CONFIRMADA,3353600,0,03/03/2025,03/03/2028,8.15,BANCO CENTRAL DE LA REPUBLICA DOMINICANA,BCENTRAL,62461
DO1002228729,NO030328,BCENTRAL/9.5 BOEST 20280303 GTIA,60000,DOP,6,15.3662,92.608,21/09/2026,11:01:29 AM,ESTRUCTURADA,PRIMERA PARTE,ROTC,21/09/2026,CONFIRMADA,3353600,0,03/03/2025,03/03/2028,8.15,BANCO CENTRAL DE LA REPUBLICA DOMINICANA,BCENTRAL,61355
USP3579ECP09,BSRD2029, ,2000,USD,2,24.0201,68.250611,21/09/2026,11:01:28 AM,PRESTAMO,SEGUNDA PARTE,ROTC,21/10/2026,CONFIRMADA,3354171,0,22/02/2022,22/02/2029,3.9,MINISTERIO DE HACIENDA,HACIENDA,47404
USP3579ECP09,BSRD2029, ,2000,USD,2,23.2435,68.484444,21/09/2026,11:01:28 AM,PRESTAMO,PRIMERA PARTE,ROTC,21/09/2026,CONFIRMADA,3354171,0,22/02/2022,22/02/2029,3.9,MINISTERIO DE HACIENDA,HACIENDA,47684
USP3579ECP09,BSRD2029, ,2000,USD,2,24.0201,68.250611,21/09/2026,11:01:27 AM,ESTRUCTURADA,SEGUNDA PARTE,ROTC,21/10/2026,CONFIRMADA,3353601,0,22/02/2022,22/02/2029,3.9,MINISTERIO DE HACIENDA,HACIENDA,49497
USP3579ECP09,BSRD2029, ,2000,USD,2,23.2435,68.484444,21/09/2026,11:01:27 AM,ESTRUCTURADA,PRIMERA PARTE,ROTC,21/09/2026,CONFIRMADA,3353601,0,22/02/2022,22/02/2029,3.9,MINISTERIO DE HACIENDA,HACIENDA,49777
DO1002228729,NO030328,BCENTRAL/9.5 BOEST 20280303 GTIA,240000,DOP,24,11.6463,97.331088,21/09/2026,11:01:25 AM,PRESTAMO,SEGUNDA PARTE,ROTC,21/10/2026,CONFIRMADA,3354170,0,03/03/2025,03/03/2028,7.65,BANCO CENTRAL DE LA REPUBLICA DOMINICANA,BCENTRAL,60872
DO1002228729,NO030328,BCENTRAL/9.5 BOEST 20280303 GTIA,240000,DOP,24,11.4148,97.493846,21/09/2026,11:01:25 AM,PRESTAMO,PRIMERA PARTE,ROTC,21/09/2026,CONFIRMADA,3354170,0,03/03/2025,03/03/2028,7.65,BANCO CENTRAL DE LA REPUBLICA DOMINICANA,BCENTRAL,61054
DO1002228729,NO030328,BCENTRAL/9.5 BOEST 20280303 GTIA,240000,DOP,24,11.6463,97.331088,21/09/2026,11:01:24 AM,ESTRUCTURADA,SEGUNDA PARTE,ROTC,21/10/2026,CONFIRMADA,3353602,0,03/03/2025,03/03/2028,7.65,BANCO CENTRAL DE LA REPUBLICA DOMINICANA,BCENTRAL,62965
DO1002228729,NO030328,BCENTRAL/9.5 BOEST 20280303 GTIA,240000,DOP,24,11.4148,97.493846,21/09/2026,11:01:24 AM,ESTRUCTURADA,PRIMERA PARTE,ROTC,21/09/2026,CONFIRMADA,3353602,0,03/03/2025,03/03/2028,7.65,BANCO CENTRAL DE LA REPUBLICA DOMINICANA,BCENTRAL,63147
DO1002228729,NO030328,BCENTRAL/9.5 BOEST 20280303 GTIA,630000,DOP,63,10.7399,98.517902,21/09/2026,11:01:23 AM,PRESTAMO,SEGUNDA PARTE,ROTC,20/11/2026,CONFIRMADA,3354169,0,03/03/2025,03/03/2028,7.95,BANCO CENTRAL DE LA REPUBLICA DOMINICANA,BCENTRAL,60970
DO1002228729,NO030328,BCENTRAL/9.5 BOEST 20280303 GTIA,630000,DOP,63,10.4219,98.777427,21/09/2026,11:01:23 AM,PRESTAMO,PRIMERA PARTE,ROTC,21/09/2026,CONFIRMADA,3354169,0,03/03/2025,03/03/2028,7.95,BANCO CENTRAL DE LA REPUBLICA DOMINICANA,BCENTRAL,61075
DO1002228729,NO030328,BCENTRAL/9.5 BOEST 20280303 GTIA,630000,DOP,63,10.7399,98.517902,21/09/2026,11:01:22 AM,ESTRUCTURADA,SEGUNDA PARTE,ROTC,20/11/2026,CONFIRMADA,3353603,0,03/03/2025,03/03/2028,7.95,BANCO CENTRAL DE LA REPUBLICA DOMINICANA,BCENTRAL,63063
DO1002228729,NO030328,BCENTRAL/9.5 BOEST 20280303 GTIA,630000,DOP,63,10.4219,98.777427,21/09/2026,11:01:22 AM,ESTRUCTURADA,PRIMERA PARTE,ROTC,21/09/2026,CONFIRMADA,3353603,0,03/03/2025,03/03/2028,7.95,BANCO CENTRAL DE LA REPUBLICA DOMINICANA,BCENTRAL,63168
USP3579ECP09,BSRD2029, ,2000,USD,2,24.6513,68.259056,21/09/2026,11:01:21 AM,PRESTAMO,SEGUNDA PARTE,ROTC,20/11/2026,CONFIRMADA,3354168,0,22/02/2022,22/02/2029,4.35,MINISTERIO DE HACIENDA,HACIENDA,47523
USP3579ECP09,BSRD2029, ,2000,USD,2,23.1181,68.659444,21/09/2026,11:01:21 AM,PRESTAMO,PRIMERA PARTE,ROTC,21/09/2026,CONFIRMADA,3354168,0,22/02/2022,22/02/2029,4.35,MINISTERIO DE HACIENDA,HACIENDA,47642
USP3579ECP09,BSRD2029, ,2000,USD,2,24.6513,68.259056,21/09/2026,11:01:19 AM,ESTRUCTURADA,SEGUNDA PARTE,ROTC,20/11/2026,CONFIRMADA,3353623,0,22/02/2022,22/02/2029,4.35,MINISTERIO DE HACIENDA,HACIENDA,49672
USP3579ECP09,BSRD2029, ,2000,USD,2,23.1181,68.659444,21/09/2026,11:01:19 AM,ESTRUCTURADA,PRIMERA PARTE,ROTC,21/09/2026,CONFIRMADA,3353623,0,22/02/2022,22/02/2029,4.35,MINISTERIO DE HACIENDA,HACIENDA,49791
DO1002228729,NO030328,BCENTRAL/9.5 BOEST 20280303 GTIA,120000,DOP,12,6.9961,102.271908,21/09/2026,11:01:18 AM,PRESTAMO,SEGUNDA PARTE,ROTC,19/03/2027,CONFIRMADA,3354167,0,03/03/2025,03/03/2028,8.05,BANCO CENTRAL DE LA REPUBLICA DOMINICANA,BCENTRAL,60921
DO1002228729,NO030328,BCENTRAL/9.5 BOEST 20280303 GTIA,120000,DOP,12,10.8195,98.26065,21/09/2026,11:01:18 AM,PRESTAMO,PRIMERA PARTE,ROTC,21/09/2026,CONFIRMADA,3354167,0,03/03/2025,03/03/2028,8.05,BANCO CENTRAL DE LA REPUBLICA DOMINICANA,BCENTRAL,60627
DO1002228729,NO030328,BCENTRAL/9.5 BOEST 20280303 GTIA,120000,DOP,12,6.9961,102.271908,21/09/2026,11:01:17 AM,ESTRUCTURADA,SEGUNDA PARTE,ROTC,19/03/2027,CONFIRMADA,3353883,0,03/03/2025,03/03/2028,8.05,BANCO CENTRAL DE LA REPUBLICA DOMINICANA,BCENTRAL,63014
DO1002228729,NO030328,BCENTRAL/9.5 BOEST 20280303 GTIA,120000,DOP,12,10.8195,98.26065,21/09/2026,11:01:17 AM,ESTRUCTURADA,PRIMERA PARTE,ROTC,21/09/2026,CONFIRMADA,3353883,0,03/03/2025,03/03/2028,8.05,BANCO CENTRAL DE LA REPUBLICA DOMINICANA,BCENTRAL,62720
DO1002228729,NO030328,BCENTRAL/9.5 BOEST 20280303 GTIA,12230000,DOP,1223,10.7982,98.545837,21/09/2026,11:01:16 AM,PRESTAMO,SEGUNDA PARTE,ROTC,21/12/2026,CONFIRMADA,3354166,0,03/03/2025,03/03/2028,6.55,BANCO CENTRAL DE LA REPUBLICA DOMINICANA,BCENTRAL,62370
DO1002228729,NO030328,BCENTRAL/9.5 BOEST 20280303 GTIA,12230000,DOP,1223,10.0362,99.282326,21/09/2026,11:01:16 AM,PRESTAMO,PRIMERA PARTE,ROTC,21/09/2026,CONFIRMADA,3354166,0,03/03/2025,03/03/2028,6.55,BANCO CENTRAL DE LA REPUBLICA DOMINICANA,BCENTRAL,62314
DO1002228729,NO030328,BCENTRAL/9.5 BOEST 20280303 GTIA,12230000,DOP,1223,10.7982,98.545837,21/09/2026,11:01:14 AM,ESTRUCTURADA,SEGUNDA PARTE,ROTC,21/12/2026,CONFIRMADA,3353884,0,03/03/2025,03/03/2028,6.55,BANCO CENTRAL DE LA REPUBLICA DOMINICANA,BCENTRAL,64456
DO1002228729,NO030328,BCENTRAL/9.5 BOEST 20280303 GTIA,12230000,DOP,1223,10.0362,99.282326,21/09/2026,11:01:14 AM,ESTRUCTURADA,PRIMERA PARTE,ROTC,21/09/2026,CONFIRMADA,3353884,0,03/03/2025,03/03/2028,6.55,BANCO CENTRAL DE LA REPUBLICA DOMINICANA,BCENTRAL,64400
DO1002228729,NO030328,BCENTRAL/9.5 BOEST 20280303 GTIA,130000,DOP,13,16.3057,92.125023,21/09/2026,11:01:13 AM,PRESTAMO,SEGUNDA PARTE,ROTC,05/11/2026,CONFIRMADA,3354165,0,03/03/2025,03/03/2028,7.85,BANCO CENTRAL DE LA REPUBLICA DOMINICANA,BCENTRAL,60746
DO1002228729,NO030328,BCENTRAL/9.5 BOEST 20280303 GTIA,130000,DOP,13,15.5452,92.394708,21/09/2026,11:01:13 AM,PRESTAMO,PRIMERA PARTE,ROTC,21/09/2026,CONFIRMADA,3354165,0,03/03/2025,03/03/2028,7.85,BANCO CENTRAL DE LA REPUBLICA DOMINICANA,BCENTRAL,60970
DO1002228729,NO030328,BCENTRAL/9.5 BOEST 20280303 GTIA,130000,DOP,13,16.3057,92.125023,21/09/2026,11:01:12 AM,ESTRUCTURADA,SEGUNDA PARTE,ROTC,05/11/2026,CONFIRMADA,3353885,0,03/03/2025,03/03/2028,7.85,BANCO CENTRAL DE LA REPUBLICA DOMINICANA,BCENTRAL,62839
DO1002228729,NO030328,BCENTRAL/9.5 BOEST 20280303 GTIA,130000,DOP,13,15.5452,92.394708,21/09/2026,11:01:12 AM,ESTRUCTURADA,PRIMERA PARTE,ROTC,21/09/2026,CONFIRMADA,3353885,0,03/03/2025,03/03/2028,7.85,BANCO CENTRAL DE LA REPUBLICA DOMINICANA,BCENTRAL,63063
DO1002228729,NO030328,BCENTRAL/9.5 BOEST 20280303 GTIA,620000,DOP,62,12.6324,96.14759,21/09/2026,11:01:11 AM,PRESTAMO,SEGUNDA PARTE,ROTC,21/10/2026,CONFIRMADA,3354164,0,03/03/2025,03/03/2028,7.85,BANCO CENTRAL DE LA REPUBLICA DOMINICANA,BCENTRAL,60522
DO1002228729,NO030328,BCENTRAL/9.5 BOEST 20280303 GTIA,620000,DOP,62,12.3532,96.301818,21/09/2026,11:01:11 AM,PRESTAMO,PRIMERA PARTE,ROTC,21/09/2026,CONFIRMADA,3354164,0,03/03/2025,03/03/2028,7.85,BANCO CENTRAL DE LA REPUBLICA DOMINICANA,BCENTRAL,60928
DO1002228729,NO030328,BCENTRAL/9.5 BOEST 20280303 GTIA,620000,DOP,62,12.6324,96.14759,21/09/2026,11:01:10 AM,ESTRUCTURADA,SEGUNDA PARTE,ROTC,21/10/2026,CONFIRMADA,3353915,0,03/03/2025,03/03/2028,7.85,BANCO CENTRAL DE LA REPUBLICA DOMINICANA,BCENTRAL,62615
DO1002228729,NO030328,BCENTRAL/9.5 BOEST 20280303 GTIA,620000,DOP,62,12.3532,96.301818,21/09/2026,11:01:10 AM,ESTRUCTURADA,PRIMERA PARTE,ROTC,21/09/2026,CONFIRMADA,3353915,0,03/03/2025,03/03/2028,7.85,BANCO CENTRAL DE LA REPUBLICA DOMINICANA,BCENTRAL,63021
DO1002228729,NO030328,BCENTRAL/9.5 BOEST 20280303 GTIA,60000,DOP,6,16.1181,94.772167,21/09/2026,11:01:09 AM,PRESTAMO,SEGUNDA PARTE,ROTC,19/04/2027,CONFIRMADA,3354163,0,03/03/2025,03/03/2028,8.6,BANCO CENTRAL DE LA REPUBLICA DOMINICANA,BCENTRAL,60298
DO1002228729,NO030328,BCENTRAL/9.5 BOEST 20280303 GTIA,60000,DOP,6,16.7922,90.927867,21/09/2026,11:01:09 AM,PRESTAMO,PRIMERA PARTE,ROTC,21/09/2026,CONFIRMADA,3354163,0,03/03/2025,03/03/2028,8.6,BANCO CENTRAL DE LA REPUBLICA DOMINICANA,BCENTRAL,60438
DO1002228729,NO030328,BCENTRAL/9.5 BOEST 20280303 GTIA,60000,DOP,6,16.1181,94.772167,21/09/2026,11:01:07 AM,ESTRUCTURADA,SEGUNDA PARTE,ROTC,19/04/2027,CONFIRMADA,3353925,0,03/03/2025,03/03/2028,8.6,BANCO CENTRAL DE LA REPUBLICA DOMINICANA,BCENTRAL,62384
DO1002228729,NO030328,BCENTRAL/9.5 BOEST 20280303 GTIA,60000,DOP,6,16.7922,90.927867,21/09/2026,11:01:07 AM,ESTRUCTURADA,PRIMERA PARTE,ROTC,21/09/2026,CONFIRMADA,3353925,0,03/03/2025,03/03/2028,8.6,BANCO CENTRAL DE LA REPUBLICA DOMINICANA,BCENTRAL,62524
DO2022700713,BC1HIT07,HIT/8.05 BO 20340528,188,USD,188,7.14756261,105.250154,21/09/2026,11:01:06 AM,CONTADO,PRIMERA PARTE,ROTC,21/09/2026,CONFIRMADA,3353930,0,28/05/2024,28/05/2034,0,HAINA INVESTMENT CO. LTD.,HIT,55440
DO1005213421,MH22035,HACIENDA/10.5 BOEST 20350510 GTIA,111900000,DOP,1119,6.23216,127.653175,21/09/2026,10:59:24 AM,ESTRUCTURADA,SEGUNDA PARTE,ROTC,01/12/2026,CONFIRMADA,3353889,0,10/05/2024,10/05/2035,8.31,MINISTERIO DE HACIENDA,HACIENDA,64666
DO1005213421,MH22035,HACIENDA/10.5 BOEST 20350510 GTIA,111900000,DOP,1119,7.00363198,122.334002,21/09/2026,10:59:24 AM,ESTRUCTURADA,PRIMERA PARTE,ROTC,21/09/2026,CONFIRMADA,3353889,0,10/05/2024,10/05/2035,8.31,MINISTERIO DE HACIENDA,HACIENDA,65772
DO1005213421,MH22035,HACIENDA/10.5 BOEST 20350510 GTIA,71000000,DOP,710,6.201283,127.887862,21/09/2026,10:59:13 AM,ESTRUCTURADA,SEGUNDA PARTE,ROTC,01/12/2026,CONFIRMADA,3353888,0,10/05/2024,10/05/2035,8.96,MINISTERIO DE HACIENDA,HACIENDA,64358
DO1005213421,MH22035,HACIENDA/10.5 BOEST 20350510 GTIA,71000000,DOP,710,6.993606,122.407177,21/09/2026,10:59:13 AM,ESTRUCTURADA,PRIMERA PARTE,ROTC,21/09/2026,CONFIRMADA,3353888,0,10/05/2024,10/05/2035,8.96,MINISTERIO DE HACIENDA,HACIENDA,64470
DO1005205617,MH12027,HACIENDA/11.25 BOEST 20270205 GTIA,1000000,DOP,10,19.4733,98.13967,21/09/2026,10:58:58 AM,PRESTAMO,SEGUNDA PARTE,ROTC,10/11/2026,CONFIRMADA,3354136,0,05/08/2016,05/02/2027,2.551727,MINISTERIO DE HACIENDA,HACIENDA,60949
DO1005205617,MH12027,HACIENDA/11.25 BOEST 20270205 GTIA,1000000,DOP,10,15.3874,98.54885,21/09/2026,10:58:58 AM,PRESTAMO,PRIMERA PARTE,ROTC,21/09/2026,CONFIRMADA,3354136,0,05/08/2016,05/02/2027,2.551727,MINISTERIO DE HACIENDA,HACIENDA,61110
DO1005213421,MH22035,HACIENDA/10.5 BOEST 20350510 GTIA,20500000,DOP,205,6.268574,127.377126,21/09/2026,10:58:57 AM,ESTRUCTURADA,SEGUNDA PARTE,ROTC,01/12/2026,CONFIRMADA,3353887,0,10/05/2024,10/05/2035,8.31,MINISTERIO DE HACIENDA,HACIENDA,64414
DO1005213421,MH22035,HACIENDA/10.5 BOEST 20350510 GTIA,20500000,DOP,205,7.040911,122.062405,21/09/2026,10:58:57 AM,ESTRUCTURADA,PRIMERA PARTE,ROTC,21/09/2026,CONFIRMADA,3353887,0,10/05/2024,10/05/2035,8.31,MINISTERIO DE HACIENDA,HACIENDA,64323
DO1005205617,MH12027,HACIENDA/11.25 BOEST 20270205 GTIA,1000000,DOP,10,19.4733,98.13967,21/09/2026,10:58:57 AM,PLAZO,PRIMERA PARTE,ROTC,10/11/2026,CONFIRMADA,3354137,0,05/08/2016,05/02/2027,0,MINISTERIO DE HACIENDA,HACIENDA,59402
DO1002261928,LE090427,BCENTRAL/ LT 20270409 GTIA,290000,DOP,29,9.292,95.796534,21/09/2026,10:58:55 AM,PRESTAMO,SEGUNDA PARTE,ROTC,21/10/2026,CONFIRMADA,3354139,0,09/04/2026,09/04/2027,0.654026,BANCO CENTRAL DE LA REPUBLICA DOMINICANA,BCENTRAL,57785
DO1002261928,LE090427,BCENTRAL/ LT 20270409 GTIA,290000,DOP,29,9.1352,95.17,21/09/2026,10:58:55 AM,PRESTAMO,PRIMERA PARTE,ROTC,21/09/2026,CONFIRMADA,3354139,0,09/04/2026,09/04/2027,0.654026,BANCO CENTRAL DE LA REPUBLICA DOMINICANA,BCENTRAL,56700
DO1002261928,LE090427,BCENTRAL/ LT 20270409 GTIA,290000,DOP,29,9.292,95.796534,21/09/2026,10:58:54 AM,PLAZO,PRIMERA PARTE,ROTC,21/10/2026,CONFIRMADA,3354140,0,09/04/2026,09/04/2027,0,BANCO CENTRAL DE LA REPUBLICA DOMINICANA,BCENTRAL,56238
DO1002261928,LE090427,BCENTRAL/ LT 20270409 GTIA,290000,DOP,29,9.1352,95.17,21/09/2026,10:58:25 AM,CONTADO,PRIMERA PARTE,ROTC,21/09/2026,CONFIRMADA,3354138,0,09/04/2026,09/04/2027,0,BANCO CENTRAL DE LA REPUBLICA DOMINICANA,BCENTRAL,55986
DO1005205617,MH12027,HACIENDA/11.25 BOEST 20270205 GTIA,1000000,DOP,10,15.3874,98.54885,21/09/2026,10:57:57 AM,CONTADO,PRIMERA PARTE,ROTC,21/09/2026,CONFIRMADA,3354135,0,05/08/2016,05/02/2027,0,MINISTERIO DE HACIENDA,HACIENDA,60403
USP3579ECN50,BSRD2033, ,8000,USD,8,5.86447897,100.68342,21/09/2026,10:57:24 AM,ESTRUCTURADA,SEGUNDA PARTE,ROTC,21/12/2026,CONFIRMADA,3354134,0,22/02/2022,22/02/2033,3.1,MINISTERIO DE HACIENDA,HACIENDA,50883
USP3579ECN50,BSRD2033, ,8000,USD,8,5.7379256,101.385167,21/09/2026,10:57:24 AM,ESTRUCTURADA,PRIMERA PARTE,ROTC,21/09/2026,CONFIRMADA,3354134,0,22/02/2022,22/02/2033,3.1,MINISTERIO DE HACIENDA,HACIENDA,50946
USP3579ECN50,BSRD2033, ,22000,USD,22,5.71022514,101.495925,21/09/2026,10:57:23 AM,ESTRUCTURADA,SEGUNDA PARTE,ROTC,20/11/2026,CONFIRMADA,3354133,0,22/02/2022,22/02/2033,4.2,MINISTERIO DE HACIENDA,HACIENDA,51681
USP3579ECN50,BSRD2033, ,22000,USD,22,5.66739248,101.76353,21/09/2026,10:57:23 AM,ESTRUCTURADA,PRIMERA PARTE,ROTC,21/09/2026,CONFIRMADA,3354133,0,22/02/2022,22/02/2033,4.2,MINISTERIO DE HACIENDA,HACIENDA,51555
DO1002261423,NO301129,BCENTRAL/9.5 BOEST 20291130 GTIA,16200000,DOP,1620,7.55975923,104.624245,21/09/2026,10:57:22 AM,ESTRUCTURADA,SEGUNDA PARTE,ROTC,22/03/2027,CONFIRMADA,3354132,0,30/11/2025,30/11/2029,8.9,BANCO CENTRAL DE LA REPUBLICA DOMINICANA,BCENTRAL,65835
DO1002261423,NO301129,BCENTRAL/9.5 BOEST 20291130 GTIA,16200000,DOP,1620,9.49437574,99.989164,21/09/2026,10:57:22 AM,ESTRUCTURADA,PRIMERA PARTE,ROTC,21/09/2026,CONFIRMADA,3354132,0,30/11/2025,30/11/2029,8.9,BANCO CENTRAL DE LA REPUBLICA DOMINICANA,BCENTRAL,65779
DO2016300124,BC1GUL01,GULFSTREAM/11.25 BO 20290528,98811,DOP,98811,10.64550901,101.318156,21/09/2026,10:57:20 AM,PRESTAMO,SEGUNDA PARTE,ROTC,20/11/2026,CONFIRMADA,3354160,0,28/05/2019,28/05/2029,7.85,GULFSTREAM PETROLEUM DOMINICANA S DE RL,GULFSTREAM,61789
DO2016300124,BC1GUL01,GULFSTREAM/11.25 BO 20290528,98811,DOP,98811,10.45822406,101.825575,21/09/2026,10:57:20 AM,PRESTAMO,PRIMERA PARTE,ROTC,21/09/2026,CONFIRMADA,3354160,0,28/05/2019,28/05/2029,7.85,GULFSTREAM PETROLEUM DOMINICANA S DE RL,GULFSTREAM,61971
DO2016300124,BC1GUL01,GULFSTREAM/11.25 BO 20290528,98811,DOP,98811,10.64550901,101.318156,21/09/2026,10:57:19 AM,ESTRUCTURADA,SEGUNDA PARTE,ROTC,20/11/2026,CONFIRMADA,3354100,0,28/05/2019,28/05/2029,7.85,GULFSTREAM PETROLEUM DOMINICANA S DE RL,GULFSTREAM,63945
DO2016300124,BC1GUL01,GULFSTREAM/11.25 BO 20290528,98811,DOP,98811,10.45822406,101.825575,21/09/2026,10:57:19 AM,ESTRUCTURADA,PRIMERA PARTE,ROTC,21/09/2026,CONFIRMADA,3354100,0,28/05/2019,28/05/2029,7.85,GULFSTREAM PETROLEUM DOMINICANA S DE RL,GULFSTREAM,64127
DO2006901311,BC1ITA01,EGEITABO/5.65 BO 20311208,3540,USD,3540,5.11823205,102.21497,21/09/2026,10:57:18 AM,PRESTAMO,SEGUNDA PARTE,ROTC,22/03/2027,CONFIRMADA,3354159,0,08/12/2021,08/12/2031,4.5,"EMPRESA GENERADORA DE ELECTRICIDAD ITABO, S.A.",EGEITABO,58639
DO2006901311,BC1ITA01,EGEITABO/5.65 BO 20311208,3540,USD,3540,5.05948283,102.691423,21/09/2026,10:57:18 AM,PRESTAMO,PRIMERA PARTE,ROTC,21/09/2026,CONFIRMADA,3354159,0,08/12/2021,08/12/2031,4.5,"EMPRESA GENERADORA DE ELECTRICIDAD ITABO, S.A.",EGEITABO,59199
DO2006901311,BC1ITA01,EGEITABO/5.65 BO 20311208,3540,USD,3540,5.11823205,102.21497,21/09/2026,10:57:17 AM,ESTRUCTURADA,SEGUNDA PARTE,ROTC,22/03/2027,CONFIRMADA,3354101,0,08/12/2021,08/12/2031,4.5,"EMPRESA GENERADORA DE ELECTRICIDAD ITABO, S.A.",EGEITABO,60732
DO2006901311,BC1ITA01,EGEITABO/5.65 BO 20311208,3540,USD,3540,5.05948283,102.691423,21/09/2026,10:57:17 AM,ESTRUCTURADA,PRIMERA PARTE,ROTC,21/09/2026,CONFIRMADA,3354101,0,08/12/2021,08/12/2031,4.5,"EMPRESA GENERADORA DE ELECTRICIDAD ITABO, S.A.",EGEITABO,61292
DO1005204412,MH12029,HACIENDA/11.375 BOEST 20290706 GTIA,15100000,DOP,151,7.9443742,107.014525,21/09/2026,10:57:16 AM,PRESTAMO,SEGUNDA PARTE,ROTC,22/03/2027,CONFIRMADA,3354158,0,06/07/2014,06/07/2029,8.75,MINISTERIO DE HACIENDA,HACIENDA,63406
DO1005204412,MH12029,HACIENDA/11.375 BOEST 20290706 GTIA,15100000,DOP,151,8.17123568,107.811146,21/09/2026,10:57:16 AM,PRESTAMO,PRIMERA PARTE,ROTC,21/09/2026,CONFIRMADA,3354158,0,06/07/2014,06/07/2029,8.75,MINISTERIO DE HACIENDA,HACIENDA,63868
DO1005204412,MH12029,HACIENDA/11.375 BOEST 20290706 GTIA,15100000,DOP,151,7.9443742,107.014525,21/09/2026,10:57:14 AM,ESTRUCTURADA,SEGUNDA PARTE,ROTC,22/03/2027,CONFIRMADA,3354102,0,06/07/2014,06/07/2029,8.75,MINISTERIO DE HACIENDA,HACIENDA,65492
DO1005204412,MH12029,HACIENDA/11.375 BOEST 20290706 GTIA,15100000,DOP,151,8.17123568,107.811146,21/09/2026,10:57:14 AM,ESTRUCTURADA,PRIMERA PARTE,ROTC,21/09/2026,CONFIRMADA,3354102,0,06/07/2014,06/07/2029,8.75,MINISTERIO DE HACIENDA,HACIENDA,65954
DO1002261423,NO301129,BCENTRAL/9.5 BOEST 20291130 GTIA,1170000,DOP,117,9.51949848,99.928559,21/09/2026,10:57:13 AM,PRESTAMO,SEGUNDA PARTE,ROTC,22/03/2027,CONFIRMADA,3354157,0,30/11/2025,30/11/2029,8.75,BANCO CENTRAL DE LA REPUBLICA DOMINICANA,BCENTRAL,62958
DO1002261423,NO301129,BCENTRAL/9.5 BOEST 20291130 GTIA,1170000,DOP,117,9.44747893,100.115928,21/09/2026,10:57:13 AM,PRESTAMO,PRIMERA PARTE,ROTC,21/09/2026,CONFIRMADA,3354157,0,30/11/2025,30/11/2029,8.75,BANCO CENTRAL DE LA REPUBLICA DOMINICANA,BCENTRAL,63168
DO1002261423,NO301129,BCENTRAL/9.5 BOEST 20291130 GTIA,1170000,DOP,117,9.51949848,99.928559,21/09/2026,10:57:12 AM,ESTRUCTURADA,SEGUNDA PARTE,ROTC,22/03/2027,CONFIRMADA,3354103,0,30/11/2025,30/11/2029,8.75,BANCO CENTRAL DE LA REPUBLICA DOMINICANA,BCENTRAL,65051
DO1002261423,NO301129,BCENTRAL/9.5 BOEST 20291130 GTIA,1170000,DOP,117,9.44747893,100.115928,21/09/2026,10:57:12 AM,ESTRUCTURADA,PRIMERA PARTE,ROTC,21/09/2026,CONFIRMADA,3354103,0,30/11/2025,30/11/2029,8.75,BANCO CENTRAL DE LA REPUBLICA DOMINICANA,BCENTRAL,65261
DO2016300124,BC1GUL01,GULFSTREAM/11.25 BO 20290528,15428,DOP,15428,10.65900776,101.132804,21/09/2026,10:57:10 AM,PRESTAMO,SEGUNDA PARTE,ROTC,22/03/2027,CONFIRMADA,3354156,0,28/05/2019,28/05/2029,9.55,GULFSTREAM PETROLEUM DOMINICANA S DE RL,GULFSTREAM,61740
DO2016300124,BC1GUL01,GULFSTREAM/11.25 BO 20290528,15428,DOP,15428,10.47252919,101.792099,21/09/2026,10:57:10 AM,PRESTAMO,PRIMERA PARTE,ROTC,21/09/2026,CONFIRMADA,3354156,0,28/05/2019,28/05/2029,9.55,GULFSTREAM PETROLEUM DOMINICANA S DE RL,GULFSTREAM,61950
DO2016300124,BC1GUL01,GULFSTREAM/11.25 BO 20290528,15428,DOP,15428,10.65900776,101.132804,21/09/2026,10:57:09 AM,ESTRUCTURADA,SEGUNDA PARTE,ROTC,22/03/2027,CONFIRMADA,3354104,0,28/05/2019,28/05/2029,9.55,GULFSTREAM PETROLEUM DOMINICANA S DE RL,GULFSTREAM,63896
DO2016300124,BC1GUL01,GULFSTREAM/11.25 BO 20290528,15428,DOP,15428,10.47252919,101.792099,21/09/2026,10:57:09 AM,ESTRUCTURADA,PRIMERA PARTE,ROTC,21/09/2026,CONFIRMADA,3354104,0,28/05/2019,28/05/2029,9.55,GULFSTREAM PETROLEUM DOMINICANA S DE RL,GULFSTREAM,64106
DO2006901311,BC1ITA01,EGEITABO/5.65 BO 20311208,1954,USD,1954,5.09073023,102.476076,21/09/2026,10:57:08 AM,PRESTAMO,SEGUNDA PARTE,ROTC,20/11/2026,CONFIRMADA,3354155,0,08/12/2021,08/12/2031,4.2,"EMPRESA GENERADORA DE ELECTRICIDAD ITABO, S.A.",EGEITABO,59101
DO2006901311,BC1ITA01,EGEITABO/5.65 BO 20311208,1954,USD,1954,5.06094744,102.684642,21/09/2026,10:57:08 AM,PRESTAMO,PRIMERA PARTE,ROTC,21/09/2026,CONFIRMADA,3354155,0,08/12/2021,08/12/2031,4.2,"EMPRESA GENERADORA DE ELECTRICIDAD ITABO, S.A.",EGEITABO,59290
DO2006901311,BC1ITA01,EGEITABO/5.65 BO 20311208,1954,USD,1954,5.09073023,102.476076,21/09/2026,10:57:07 AM,ESTRUCTURADA,SEGUNDA PARTE,ROTC,20/11/2026,CONFIRMADA,3354105,0,08/12/2021,08/12/2031,4.2,"EMPRESA GENERADORA DE ELECTRICIDAD ITABO, S.A.",EGEITABO,61194
DO2006901311,BC1ITA01,EGEITABO/5.65 BO 20311208,1954,USD,1954,5.06094744,102.684642,21/09/2026,10:57:07 AM,ESTRUCTURADA,PRIMERA PARTE,ROTC,21/09/2026,CONFIRMADA,3354105,0,08/12/2021,08/12/2031,4.2,"EMPRESA GENERADORA DE ELECTRICIDAD ITABO, S.A.",EGEITABO,61383
DO2006901311,BC1ITA01,EGEITABO/5.65 BO 20311208,1470,USD,1470,5.28105276,101.625102,21/09/2026,10:57:05 AM,PRESTAMO,SEGUNDA PARTE,ROTC,20/11/2026,CONFIRMADA,3354154,0,08/12/2021,08/12/2031,4.2,"EMPRESA GENERADORA DE ELECTRICIDAD ITABO, S.A.",EGEITABO,58926
DO2006901311,BC1ITA01,EGEITABO/5.65 BO 20311208,1470,USD,1470,5.24436015,101.839583,21/09/2026,10:57:05 AM,PRESTAMO,PRIMERA PARTE,ROTC,21/09/2026,CONFIRMADA,3354154,0,08/12/2021,08/12/2031,4.2,"EMPRESA GENERADORA DE ELECTRICIDAD ITABO, S.A.",EGEITABO,59143
DO2006901311,BC1ITA01,EGEITABO/5.65 BO 20311208,1470,USD,1470,5.28105276,101.625102,21/09/2026,10:57:04 AM,ESTRUCTURADA,SEGUNDA PARTE,ROTC,20/11/2026,CONFIRMADA,3354106,0,08/12/2021,08/12/2031,4.2,"EMPRESA GENERADORA DE ELECTRICIDAD ITABO, S.A.",EGEITABO,61019
DO2006901311,BC1ITA01,EGEITABO/5.65 BO 20311208,1470,USD,1470,5.24436015,101.839583,21/09/2026,10:57:04 AM,ESTRUCTURADA,PRIMERA PARTE,ROTC,21/09/2026,CONFIRMADA,3354106,0,08/12/2021,08/12/2031,4.2,"EMPRESA GENERADORA DE ELECTRICIDAD ITABO, S.A.",EGEITABO,61236
DO1002261423,NO301129,BCENTRAL/9.5 BOEST 20291130 GTIA,340000,DOP,34,9.5383292,99.880035,21/09/2026,10:57:03 AM,PRESTAMO,SEGUNDA PARTE,ROTC,21/10/2026,CONFIRMADA,3354153,0,30/11/2025,30/11/2029,7.65,BANCO CENTRAL DE LA REPUBLICA DOMINICANA,BCENTRAL,61677
DO1002261423,NO301129,BCENTRAL/9.5 BOEST 20291130 GTIA,340000,DOP,34,9.49101493,99.998242,21/09/2026,10:57:03 AM,PRESTAMO,PRIMERA PARTE,ROTC,21/09/2026,CONFIRMADA,3354153,0,30/11/2025,30/11/2029,7.65,BANCO CENTRAL DE LA REPUBLICA DOMINICANA,BCENTRAL,62195
DO1002261423,NO301129,BCENTRAL/9.5 BOEST 20291130 GTIA,340000,DOP,34,9.5383292,99.880035,21/09/2026,10:57:02 AM,ESTRUCTURADA,SEGUNDA PARTE,ROTC,21/10/2026,CONFIRMADA,3354107,0,30/11/2025,30/11/2029,7.65,BANCO CENTRAL DE LA REPUBLICA DOMINICANA,BCENTRAL,63770
DO1002261423,NO301129,BCENTRAL/9.5 BOEST 20291130 GTIA,340000,DOP,34,9.49101493,99.998242,21/09/2026,10:57:02 AM,ESTRUCTURADA,PRIMERA PARTE,ROTC,21/09/2026,CONFIRMADA,3354107,0,30/11/2025,30/11/2029,7.65,BANCO CENTRAL DE LA REPUBLICA DOMINICANA,BCENTRAL,64288
DO1005208215,MHUS2029,HACIENDA/6.95 BOEST 20290626 GTIA,18000,USD,18,1.68674463,111.625039,21/09/2026,10:57:01 AM,PRESTAMO,SEGUNDA PARTE,ROTC,22/03/2027,CONFIRMADA,3354152,0,26/06/2020,26/06/2029,5.2,MINISTERIO DE HACIENDA,HACIENDA,62727
DO1005208215,MHUS2029,HACIENDA/6.95 BOEST 20290626 GTIA,18000,USD,18,2.3873792,112.128472,21/09/2026,10:57:01 AM,PRESTAMO,PRIMERA PARTE,ROTC,21/09/2026,CONFIRMADA,3354152,0,26/06/2020,26/06/2029,5.2,MINISTERIO DE HACIENDA,HACIENDA,62454
DO1005208215,MHUS2029,HACIENDA/6.95 BOEST 20290626 GTIA,18000,USD,18,1.68674463,111.625039,21/09/2026,10:57:00 AM,ESTRUCTURADA,SEGUNDA PARTE,ROTC,22/03/2027,CONFIRMADA,3354108,0,26/06/2020,26/06/2029,5.2,MINISTERIO DE HACIENDA,HACIENDA,64820
DO1005208215,MHUS2029,HACIENDA/6.95 BOEST 20290626 GTIA,18000,USD,18,2.3873792,112.128472,21/09/2026,10:57:00 AM,ESTRUCTURADA,PRIMERA PARTE,ROTC,21/09/2026,CONFIRMADA,3354108,0,26/06/2020,26/06/2029,5.2,MINISTERIO DE HACIENDA,HACIENDA,64547
DO1002261423,NO301129,BCENTRAL/9.5 BOEST 20291130 GTIA,380000,DOP,38,8.81077669,101.806091,21/09/2026,10:56:58 AM,PRESTAMO,SEGUNDA PARTE,ROTC,05/11/2026,CONFIRMADA,3354151,0,30/11/2025,30/11/2029,7.4,BANCO CENTRAL DE LA REPUBLICA DOMINICANA,BCENTRAL,62454
DO1002261423,NO301129,BCENTRAL/9.5 BOEST 20291130 GTIA,380000,DOP,38,8.76013115,101.997081,21/09/2026,10:56:58 AM,PRESTAMO,PRIMERA PARTE,ROTC,21/09/2026,CONFIRMADA,3354151,0,30/11/2025,30/11/2029,7.4,BANCO CENTRAL DE LA REPUBLICA DOMINICANA,BCENTRAL,62482
DO1002261423,NO301129,BCENTRAL/9.5 BOEST 20291130 GTIA,380000,DOP,38,8.81077669,101.806091,21/09/2026,10:56:57 AM,ESTRUCTURADA,SEGUNDA PARTE,ROTC,05/11/2026,CONFIRMADA,3354109,0,30/11/2025,30/11/2029,7.4,BANCO CENTRAL DE LA REPUBLICA DOMINICANA,BCENTRAL,64547
DO1002261423,NO301129,BCENTRAL/9.5 BOEST 20291130 GTIA,380000,DOP,38,8.76013115,101.997081,21/09/2026,10:56:57 AM,ESTRUCTURADA,PRIMERA PARTE,ROTC,21/09/2026,CONFIRMADA,3354109,0,30/11/2025,30/11/2029,7.4,BANCO CENTRAL DE LA REPUBLICA DOMINICANA,BCENTRAL,64575
DO1005208322,MHUS2040,HACIENDA/6.75 BOEST 20400724 GTIA,30000,USD,30,4.56190641,121.676667,21/09/2026,10:56:56 AM,PRESTAMO,SEGUNDA PARTE,ROTC,22/03/2027,CONFIRMADA,3354150,0,24/07/2020,24/07/2040,4.5,MINISTERIO DE HACIENDA,HACIENDA,62615
DO1005208322,MHUS2040,HACIENDA/6.75 BOEST 20400724 GTIA,30000,USD,30,4.56203018,122.264583,21/09/2026,10:56:56 AM,PRESTAMO,PRIMERA PARTE,ROTC,21/09/2026,CONFIRMADA,3354150,0,24/07/2020,24/07/2040,4.5,MINISTERIO DE HACIENDA,HACIENDA,62594
DO1005208322,MHUS2040,HACIENDA/6.75 BOEST 20400724 GTIA,30000,USD,30,4.56190641,121.676667,21/09/2026,10:56:55 AM,ESTRUCTURADA,SEGUNDA PARTE,ROTC,22/03/2027,CONFIRMADA,3354110,0,24/07/2020,24/07/2040,4.5,MINISTERIO DE HACIENDA,HACIENDA,64708
DO1005208322,MHUS2040,HACIENDA/6.75 BOEST 20400724 GTIA,30000,USD,30,4.56203018,122.264583,21/09/2026,10:56:55 AM,ESTRUCTURADA,PRIMERA PARTE,ROTC,21/09/2026,CONFIRMADA,3354110,0,24/07/2020,24/07/2040,4.5,MINISTERIO DE HACIENDA,HACIENDA,64687
DO2016300124,BC1GUL01,GULFSTREAM/11.25 BO 20290528,154100,DOP,154100,11.38356585,99.692969,21/09/2026,10:56:54 AM,PRESTAMO,SEGUNDA PARTE,ROTC,21/10/2026,CONFIRMADA,3354149,0,28/05/2019,28/05/2029,7.35,GULFSTREAM PETROLEUM DOMINICANA S DE RL,GULFSTREAM,62272
DO2016300124,BC1GUL01,GULFSTREAM/11.25 BO 20290528,154100,DOP,154100,11.24634612,100.000592,21/09/2026,10:56:54 AM,PRESTAMO,PRIMERA PARTE,ROTC,21/09/2026,CONFIRMADA,3354149,0,28/05/2019,28/05/2029,7.35,GULFSTREAM PETROLEUM DOMINICANA S DE RL,GULFSTREAM,62328
DO2016300124,BC1GUL01,GULFSTREAM/11.25 BO 20290528,154100,DOP,154100,11.38356585,99.692969,21/09/2026,10:56:53 AM,ESTRUCTURADA,SEGUNDA PARTE,ROTC,21/10/2026,CONFIRMADA,3354111,0,28/05/2019,28/05/2029,7.35,GULFSTREAM PETROLEUM DOMINICANA S DE RL,GULFSTREAM,64365
DO2016300124,BC1GUL01,GULFSTREAM/11.25 BO 20290528,154100,DOP,154100,11.24634612,100.000592,21/09/2026,10:56:53 AM,ESTRUCTURADA,PRIMERA PARTE,ROTC,21/09/2026,CONFIRMADA,3354111,0,28/05/2019,28/05/2029,7.35,GULFSTREAM PETROLEUM DOMINICANA S DE RL,GULFSTREAM,64421
DO1002261423,NO301129,BCENTRAL/9.5 BOEST 20291130 GTIA,490000,DOP,49,9.10382005,101.027624,21/09/2026,10:56:52 AM,PRESTAMO,SEGUNDA PARTE,ROTC,05/11/2026,CONFIRMADA,3354148,0,30/11/2025,30/11/2029,7.4,BANCO CENTRAL DE LA REPUBLICA DOMINICANA,BCENTRAL,62251
DO1002261423,NO301129,BCENTRAL/9.5 BOEST 20291130 GTIA,490000,DOP,49,9.04003595,101.225749,21/09/2026,10:56:52 AM,PRESTAMO,PRIMERA PARTE,ROTC,21/09/2026,CONFIRMADA,3354148,0,30/11/2025,30/11/2029,7.4,BANCO CENTRAL DE LA REPUBLICA DOMINICANA,BCENTRAL,62454
DO1002261423,NO301129,BCENTRAL/9.5 BOEST 20291130 GTIA,490000,DOP,49,9.10382005,101.027624,21/09/2026,10:56:51 AM,ESTRUCTURADA,SEGUNDA PARTE,ROTC,05/11/2026,CONFIRMADA,3354113,0,30/11/2025,30/11/2029,7.4,BANCO CENTRAL DE LA REPUBLICA DOMINICANA,BCENTRAL,64344
DO1002261423,NO301129,BCENTRAL/9.5 BOEST 20291130 GTIA,490000,DOP,49,9.04003595,101.225749,21/09/2026,10:56:51 AM,ESTRUCTURADA,PRIMERA PARTE,ROTC,21/09/2026,CONFIRMADA,3354113,0,30/11/2025,30/11/2029,7.4,BANCO CENTRAL DE LA REPUBLICA DOMINICANA,BCENTRAL,64547
DO2006901311,BC1ITA01,EGEITABO/5.65 BO 20311208,5835,USD,5835,5.11396598,102.232977,21/09/2026,10:56:49 AM,PRESTAMO,SEGUNDA PARTE,ROTC,22/03/2027,CONFIRMADA,3354147,0,08/12/2021,08/12/2031,4.55,"EMPRESA GENERADORA DE ELECTRICIDAD ITABO, S.A.",EGEITABO,59311
DO2006901311,BC1ITA01,EGEITABO/5.65 BO 20311208,5835,USD,5835,5.06117258,102.6836,21/09/2026,10:56:49 AM,PRESTAMO,PRIMERA PARTE,ROTC,21/09/2026,CONFIRMADA,3354147,0,08/12/2021,08/12/2031,4.55,"EMPRESA GENERADORA DE ELECTRICIDAD ITABO, S.A.",EGEITABO,58597
DO2006901311,BC1ITA01,EGEITABO/5.65 BO 20311208,5835,USD,5835,5.11396598,102.232977,21/09/2026,10:56:48 AM,ESTRUCTURADA,SEGUNDA PARTE,ROTC,22/03/2027,CONFIRMADA,3354116,0,08/12/2021,08/12/2031,4.55,"EMPRESA GENERADORA DE ELECTRICIDAD ITABO, S.A.",EGEITABO,61404
DO2006901311,BC1ITA01,EGEITABO/5.65 BO 20311208,5835,USD,5835,5.06117258,102.6836,21/09/2026,10:56:48 AM,ESTRUCTURADA,PRIMERA PARTE,ROTC,21/09/2026,CONFIRMADA,3354116,0,08/12/2021,08/12/2031,4.55,"EMPRESA GENERADORA DE ELECTRICIDAD ITABO, S.A.",EGEITABO,60690
DO1002261423,NO301129,BCENTRAL/9.5 BOEST 20291130 GTIA,1270000,DOP,127,9.71327554,99.453882,21/09/2026,10:56:47 AM,PRESTAMO,SEGUNDA PARTE,ROTC,21/12/2026,CONFIRMADA,3354146,0,30/11/2025,30/11/2029,6.95,BANCO CENTRAL DE LA REPUBLICA DOMINICANA,BCENTRAL,62846
DO1002261423,NO301129,BCENTRAL/9.5 BOEST 20291130 GTIA,1270000,DOP,127,9.48907422,100.003484,21/09/2026,10:56:47 AM,PRESTAMO,PRIMERA PARTE,ROTC,21/09/2026,CONFIRMADA,3354146,0,30/11/2025,30/11/2029,6.95,BANCO CENTRAL DE LA REPUBLICA DOMINICANA,BCENTRAL,63105
DO1002261423,NO301129,BCENTRAL/9.5 BOEST 20291130 GTIA,1270000,DOP,127,9.71327554,99.453882,21/09/2026,10:56:46 AM,ESTRUCTURADA,SEGUNDA PARTE,ROTC,21/12/2026,CONFIRMADA,3354117,0,30/11/2025,30/11/2029,6.95,BANCO CENTRAL DE LA REPUBLICA DOMINICANA,BCENTRAL,64939
DO1002261423,NO301129,BCENTRAL/9.5 BOEST 20291130 GTIA,1270000,DOP,127,9.48907422,100.003484,21/09/2026,10:56:46 AM,ESTRUCTURADA,PRIMERA PARTE,ROTC,21/09/2026,CONFIRMADA,3354117,0,30/11/2025,30/11/2029,6.95,BANCO CENTRAL DE LA REPUBLICA DOMINICANA,BCENTRAL,65198
DO1002261423,NO301129,BCENTRAL/9.5 BOEST 20291130 GTIA,490000,DOP,49,9.50756802,99.956332,21/09/2026,10:56:45 AM,PRESTAMO,SEGUNDA PARTE,ROTC,22/03/2027,CONFIRMADA,3354145,0,30/11/2025,30/11/2029,8,BANCO CENTRAL DE LA REPUBLICA DOMINICANA,BCENTRAL,62195
DO1002261423,NO301129,BCENTRAL/9.5 BOEST 20291130 GTIA,490000,DOP,49,9.29914753,100.518196,21/09/2026,10:56:45 AM,PRESTAMO,PRIMERA PARTE,ROTC,21/09/2026,CONFIRMADA,3354145,0,30/11/2025,30/11/2029,8,BANCO CENTRAL DE LA REPUBLICA DOMINICANA,BCENTRAL,62566
DO1002261423,NO301129,BCENTRAL/9.5 BOEST 20291130 GTIA,490000,DOP,49,9.50756802,99.956332,21/09/2026,10:56:43 AM,ESTRUCTURADA,SEGUNDA PARTE,ROTC,22/03/2027,CONFIRMADA,3354121,0,30/11/2025,30/11/2029,8,BANCO CENTRAL DE LA REPUBLICA DOMINICANA,BCENTRAL,64281
DO1002261423,NO301129,BCENTRAL/9.5 BOEST 20291130 GTIA,490000,DOP,49,9.29914753,100.518196,21/09/2026,10:56:43 AM,ESTRUCTURADA,PRIMERA PARTE,ROTC,21/09/2026,CONFIRMADA,3354121,0,30/11/2025,30/11/2029,8,BANCO CENTRAL DE LA REPUBLICA DOMINICANA,BCENTRAL,64652
DO2016300124,BC1GUL01,GULFSTREAM/11.25 BO 20290528,54282,DOP,54282,11.45626972,99.540051,21/09/2026,10:56:42 AM,PRESTAMO,SEGUNDA PARTE,ROTC,05/11/2026,CONFIRMADA,3354144,0,28/05/2019,28/05/2029,7.35,GULFSTREAM PETROLEUM DOMINICANA S DE RL,GULFSTREAM,61544
DO2016300124,BC1GUL01,GULFSTREAM/11.25 BO 20290528,54282,DOP,54282,11.24595964,100.001477,21/09/2026,10:56:42 AM,PRESTAMO,PRIMERA PARTE,ROTC,21/09/2026,CONFIRMADA,3354144,0,28/05/2019,28/05/2029,7.35,GULFSTREAM PETROLEUM DOMINICANA S DE RL,GULFSTREAM,61908
DO2016300124,BC1GUL01,GULFSTREAM/11.25 BO 20290528,54282,DOP,54282,11.45626972,99.540051,21/09/2026,10:56:41 AM,ESTRUCTURADA,SEGUNDA PARTE,ROTC,05/11/2026,CONFIRMADA,3354122,0,28/05/2019,28/05/2029,7.35,GULFSTREAM PETROLEUM DOMINICANA S DE RL,GULFSTREAM,63637
DO2016300124,BC1GUL01,GULFSTREAM/11.25 BO 20290528,54282,DOP,54282,11.24595964,100.001477,21/09/2026,10:56:41 AM,ESTRUCTURADA,PRIMERA PARTE,ROTC,21/09/2026,CONFIRMADA,3354122,0,28/05/2019,28/05/2029,7.35,GULFSTREAM PETROLEUM DOMINICANA S DE RL,GULFSTREAM,64001
DO2016300124,BC1GUL01,GULFSTREAM/11.25 BO 20290528,224402,DOP,224402,11.75283726,98.940689,21/09/2026,10:56:40 AM,PRESTAMO,SEGUNDA PARTE,ROTC,21/12/2026,CONFIRMADA,3354143,0,28/05/2019,28/05/2029,6.85,GULFSTREAM PETROLEUM DOMINICANA S DE RL,GULFSTREAM,62230
DO2016300124,BC1GUL01,GULFSTREAM/11.25 BO 20290528,224402,DOP,224402,11.24611237,100.001127,21/09/2026,10:56:40 AM,PRESTAMO,PRIMERA PARTE,ROTC,21/09/2026,CONFIRMADA,3354143,0,28/05/2019,28/05/2029,6.85,GULFSTREAM PETROLEUM DOMINICANA S DE RL,GULFSTREAM,62286
DO2016300124,BC1GUL01,GULFSTREAM/11.25 BO 20290528,224402,DOP,224402,11.75283726,98.940689,21/09/2026,10:56:38 AM,ESTRUCTURADA,SEGUNDA PARTE,ROTC,21/12/2026,CONFIRMADA,3354123,0,28/05/2019,28/05/2029,6.85,GULFSTREAM PETROLEUM DOMINICANA S DE RL,GULFSTREAM,64379
DO2016300124,BC1GUL01,GULFSTREAM/11.25 BO 20290528,224402,DOP,224402,11.24611237,100.001127,21/09/2026,10:56:38 AM,ESTRUCTURADA,PRIMERA PARTE,ROTC,21/09/2026,CONFIRMADA,3354123,0,28/05/2019,28/05/2029,6.85,GULFSTREAM PETROLEUM DOMINICANA S DE RL,GULFSTREAM,64435
DO1005204412,MH12029,HACIENDA/11.375 BOEST 20290706 GTIA,10900000,DOP,109,7.84720446,107.224143,21/09/2026,10:56:37 AM,PRESTAMO,SEGUNDA PARTE,ROTC,22/03/2027,CONFIRMADA,3354142,0,06/07/2014,06/07/2029,9.35,MINISTERIO DE HACIENDA,HACIENDA,63805
DO1005204412,MH12029,HACIENDA/11.375 BOEST 20290706 GTIA,10900000,DOP,109,8.21751897,107.692086,21/09/2026,10:56:37 AM,PRESTAMO,PRIMERA PARTE,ROTC,21/09/2026,CONFIRMADA,3354142,0,06/07/2014,06/07/2029,9.35,MINISTERIO DE HACIENDA,HACIENDA,64043
DO1005204412,MH12029,HACIENDA/11.375 BOEST 20290706 GTIA,10900000,DOP,109,7.84720446,107.224143,21/09/2026,10:56:36 AM,ESTRUCTURADA,SEGUNDA PARTE,ROTC,22/03/2027,CONFIRMADA,3354124,0,06/07/2014,06/07/2029,9.35,MINISTERIO DE HACIENDA,HACIENDA,65898
DO1005204412,MH12029,HACIENDA/11.375 BOEST 20290706 GTIA,10900000,DOP,109,8.21751897,107.692086,21/09/2026,10:56:36 AM,ESTRUCTURADA,PRIMERA PARTE,ROTC,21/09/2026,CONFIRMADA,3354124,0,06/07/2014,06/07/2029,9.35,MINISTERIO DE HACIENDA,HACIENDA,66136
DO1002261423,NO301129,BCENTRAL/9.5 BOEST 20291130 GTIA,1100000,DOP,110,9.61343994,99.710213,21/09/2026,10:56:35 AM,PRESTAMO,SEGUNDA PARTE,ROTC,22/03/2027,CONFIRMADA,3354141,0,30/11/2025,30/11/2029,8.05,BANCO CENTRAL DE LA REPUBLICA DOMINICANA,BCENTRAL,62650
DO1002261423,NO301129,BCENTRAL/9.5 BOEST 20291130 GTIA,1100000,DOP,110,9.39553373,100.256572,21/09/2026,10:56:35 AM,PRESTAMO,PRIMERA PARTE,ROTC,21/09/2026,CONFIRMADA,3354141,0,30/11/2025,30/11/2029,8.05,BANCO CENTRAL DE LA REPUBLICA DOMINICANA,BCENTRAL,63042
DO1002261423,NO301129,BCENTRAL/9.5 BOEST 20291130 GTIA,1100000,DOP,110,9.61343994,99.710213,21/09/2026,10:56:33 AM,ESTRUCTURADA,SEGUNDA PARTE,ROTC,22/03/2027,CONFIRMADA,3354125,0,30/11/2025,30/11/2029,8.05,BANCO CENTRAL DE LA REPUBLICA DOMINICANA,BCENTRAL,64736
DO1002261423,NO301129,BCENTRAL/9.5 BOEST 20291130 GTIA,1100000,DOP,110,9.39553373,100.256572,21/09/2026,10:56:33 AM,ESTRUCTURADA,PRIMERA PARTE,ROTC,21/09/2026,CONFIRMADA,3354125,0,30/11/2025,30/11/2029,8.05,BANCO CENTRAL DE LA REPUBLICA DOMINICANA,BCENTRAL,65128
USP3579ECF27,BSRD2030,DOMINICAN REP/4.5 BD 20300130 UNS,20000,USD,20,5.30000008,97.563977,21/09/2026,10:54:50 AM,CONTADO,PRIMERA PARTE,ROTC,22/09/2026,CONFIRMADA,3354031,0,30/01/2020,30/01/2030,0,MINISTERIO DE HACIENDA,HACIENDA,62314
DO1005208629,MH12031,HACIENDA/8.5 BOEST 20310611 GTIA,4100000,DOP,41,9.9357,95.269479,21/09/2026,10:52:41 AM,ESTRUCTURADA,SEGUNDA PARTE,ROTC,20/11/2026,CONFIRMADA,3353902,0,11/06/2021,11/06/2031,9.45,MINISTERIO DE HACIENDA,HACIENDA,62447
DO1005208629,MH12031,HACIENDA/8.5 BOEST 20310611 GTIA,4100000,DOP,41,9.9284,95.150702,21/09/2026,10:52:41 AM,ESTRUCTURADA,PRIMERA PARTE,ROTC,21/09/2026,CONFIRMADA,3353902,0,11/06/2021,11/06/2031,9.45,MINISTERIO DE HACIENDA,HACIENDA,62405
DO1005208629,MH12031,HACIENDA/8.5 BOEST 20310611 GTIA,4100000,DOP,41,9.9357,95.269479,21/09/2026,10:52:40 AM,PRESTAMO,SEGUNDA PARTE,ROTC,20/11/2026,CONFIRMADA,3353903,0,11/06/2021,11/06/2031,3.982802,MINISTERIO DE HACIENDA,HACIENDA,60340
DO1005208629,MH12031,HACIENDA/8.5 BOEST 20310611 GTIA,4100000,DOP,41,9.9284,95.150702,21/09/2026,10:52:40 AM,PRESTAMO,PRIMERA PARTE,ROTC,21/09/2026,CONFIRMADA,3353903,0,11/06/2021,11/06/2031,3.982802,MINISTERIO DE HACIENDA,HACIENDA,60298
DO1005211227,MH32029,HACIENDA/12.75 BOEST 20290923 GTIA,7600000,DOP,76,7.8655,111.567069,21/09/2026,10:52:39 AM,ESTRUCTURADA,SEGUNDA PARTE,ROTC,20/01/2027,CONFIRMADA,3353906,0,23/09/2022,23/09/2029,9.45,MINISTERIO DE HACIENDA,HACIENDA,63581
DO1005211227,MH32029,HACIENDA/12.75 BOEST 20290923 GTIA,7600000,DOP,76,8.1512,112.028587,21/09/2026,10:52:39 AM,ESTRUCTURADA,PRIMERA PARTE,ROTC,22/09/2026,CONFIRMADA,3353906,0,23/09/2022,23/09/2029,9.45,MINISTERIO DE HACIENDA,HACIENDA,63595
DO1005211227,MH32029,HACIENDA/12.75 BOEST 20290923 GTIA,7600000,DOP,76,7.8655,111.567069,21/09/2026,10:52:37 AM,PRESTAMO,SEGUNDA PARTE,ROTC,20/01/2027,CONFIRMADA,3353907,0,23/09/2022,23/09/2029,8.28704,MINISTERIO DE HACIENDA,HACIENDA,61467
DO1005211227,MH32029,HACIENDA/12.75 BOEST 20290923 GTIA,7600000,DOP,76,8.1512,112.028587,21/09/2026,10:52:37 AM,PRESTAMO,PRIMERA PARTE,ROTC,22/09/2026,CONFIRMADA,3353907,0,23/09/2022,23/09/2029,8.28704,MINISTERIO DE HACIENDA,HACIENDA,61481
DO1005205716,MHUS2027,HACIENDA/6 BOEST 20270305 GTIA,397000,USD,397,-2.12276198,102.275247,21/09/2026,10:52:36 AM,ESTRUCTURADA,SEGUNDA PARTE,ROTC,24/11/2026,CONFIRMADA,3353908,0,05/09/2016,05/03/2027,4.4,MINISTERIO DE HACIENDA,HACIENDA,64799
DO1005205716,MHUS2027,HACIENDA/6 BOEST 20270305 GTIA,397000,USD,397,0.3792,102.519312,21/09/2026,10:52:36 AM,ESTRUCTURADA,PRIMERA PARTE,ROTC,22/09/2026,CONFIRMADA,3353908,0,05/09/2016,05/03/2027,4.4,MINISTERIO DE HACIENDA,HACIENDA,63077
DO1005205716,MHUS2027,HACIENDA/6 BOEST 20270305 GTIA,397000,USD,397,-2.12276198,102.275247,21/09/2026,10:52:35 AM,PRESTAMO,SEGUNDA PARTE,ROTC,24/11/2026,CONFIRMADA,3353909,0,05/09/2016,05/03/2027,1.033883,MINISTERIO DE HACIENDA,HACIENDA,62692
DO1005205716,MHUS2027,HACIENDA/6 BOEST 20270305 GTIA,397000,USD,397,0.3792,102.519312,21/09/2026,10:52:35 AM,PRESTAMO,PRIMERA PARTE,ROTC,22/09/2026,CONFIRMADA,3353909,0,05/09/2016,05/03/2027,1.033883,MINISTERIO DE HACIENDA,HACIENDA,60970
DO1005213025,MH22031,HACIENDA/10.25 BOEST 20310209 GTIA,1900000,DOP,19,8.3572,106.713675,21/09/2026,10:52:34 AM,ESTRUCTURADA,SEGUNDA PARTE,ROTC,22/10/2026,CONFIRMADA,3353910,0,09/02/2024,09/02/2031,9.35,MINISTERIO DE HACIENDA,HACIENDA,63280
DO1005213025,MH22031,HACIENDA/10.25 BOEST 20310209 GTIA,1900000,DOP,19,8.3884,106.715025,21/09/2026,10:52:34 AM,ESTRUCTURADA,PRIMERA PARTE,ROTC,22/09/2026,CONFIRMADA,3353910,0,09/02/2024,09/02/2031,9.35,MINISTERIO DE HACIENDA,HACIENDA,63378
DO1005213025,MH22031,HACIENDA/10.25 BOEST 20310209 GTIA,1900000,DOP,19,8.3572,106.713675,21/09/2026,10:52:32 AM,PRESTAMO,SEGUNDA PARTE,ROTC,22/10/2026,CONFIRMADA,3353911,0,09/02/2024,09/02/2031,1.908906,MINISTERIO DE HACIENDA,HACIENDA,61166
DO1005213025,MH22031,HACIENDA/10.25 BOEST 20310209 GTIA,1900000,DOP,19,8.3884,106.715025,21/09/2026,10:52:32 AM,PRESTAMO,PRIMERA PARTE,ROTC,22/09/2026,CONFIRMADA,3353911,0,09/02/2024,09/02/2031,1.908906,MINISTERIO DE HACIENDA,HACIENDA,61264
DO1002261928,LE090427,BCENTRAL/ LT 20270409 GTIA,1780000,DOP,178,8.2125,96.287783,21/09/2026,10:52:06 AM,PRESTAMO,SEGUNDA PARTE,ROTC,22/10/2026,CONFIRMADA,3354087,0,09/04/2026,09/04/2027,0.670474,BANCO CENTRAL DE LA REPUBLICA DOMINICANA,BCENTRAL,58786
DO1002261928,LE090427,BCENTRAL/ LT 20270409 GTIA,1780000,DOP,178,8.2427,95.642198,21/09/2026,10:52:06 AM,PRESTAMO,PRIMERA PARTE,ROTC,22/09/2026,CONFIRMADA,3354087,0,09/04/2026,09/04/2027,0.670474,BANCO CENTRAL DE LA REPUBLICA DOMINICANA,BCENTRAL,58898
DO1002261928,LE090427,BCENTRAL/ LT 20270409 GTIA,1780000,DOP,178,8.2125,96.287783,21/09/2026,10:52:05 AM,PLAZO,PRIMERA PARTE,ROTC,22/10/2026,CONFIRMADA,3354088,0,09/04/2026,09/04/2027,0,BANCO CENTRAL DE LA REPUBLICA DOMINICANA,BCENTRAL,57239
DO1005205716,MHUS2027,HACIENDA/6 BOEST 20270305 GTIA,48000,USD,48,-1.8409,102.931854,21/09/2026,10:52:04 AM,PRESTAMO,SEGUNDA PARTE,ROTC,21/10/2026,CONFIRMADA,3354090,0,05/09/2016,05/03/2027,0.606587,MINISTERIO DE HACIENDA,HACIENDA,60431
DO1005205716,MHUS2027,HACIENDA/6 BOEST 20270305 GTIA,48000,USD,48,-0.7361,103.059062,21/09/2026,10:52:04 AM,PRESTAMO,PRIMERA PARTE,ROTC,21/09/2026,CONFIRMADA,3354090,0,05/09/2016,05/03/2027,0.606587,MINISTERIO DE HACIENDA,HACIENDA,60466
DO1005205716,MHUS2027,HACIENDA/6 BOEST 20270305 GTIA,48000,USD,48,-1.8409,102.931854,21/09/2026,10:52:02 AM,PLAZO,PRIMERA PARTE,ROTC,21/10/2026,CONFIRMADA,3354091,0,05/09/2016,05/03/2027,0,MINISTERIO DE HACIENDA,HACIENDA,58877
DO1002261928,LE090427,BCENTRAL/ LT 20270409 GTIA,370000,DOP,37,9.2809,95.825035,21/09/2026,10:52:01 AM,PRESTAMO,SEGUNDA PARTE,ROTC,22/10/2026,CONFIRMADA,3354093,0,09/04/2026,09/04/2027,0.670473,BANCO CENTRAL DE LA REPUBLICA DOMINICANA,BCENTRAL,57974
DO1002261928,LE090427,BCENTRAL/ LT 20270409 GTIA,370000,DOP,37,9.1561,95.182554,21/09/2026,10:52:01 AM,PRESTAMO,PRIMERA PARTE,ROTC,22/09/2026,CONFIRMADA,3354093,0,09/04/2026,09/04/2027,0.670473,BANCO CENTRAL DE LA REPUBLICA DOMINICANA,BCENTRAL,58065
DO1002261928,LE090427,BCENTRAL/ LT 20270409 GTIA,370000,DOP,37,9.2809,95.825035,21/09/2026,10:52:00 AM,PLAZO,PRIMERA PARTE,ROTC,22/10/2026,CONFIRMADA,3354094,0,09/04/2026,09/04/2027,0,BANCO CENTRAL DE LA REPUBLICA DOMINICANA,BCENTRAL,56427
DO1002261928,LE090427,BCENTRAL/ LT 20270409 GTIA,2200000,DOP,220,8.6331,96.082955,21/09/2026,10:51:58 AM,PRESTAMO,SEGUNDA PARTE,ROTC,21/10/2026,CONFIRMADA,3354114,0,09/04/2026,09/04/2027,0.654028,BANCO CENTRAL DE LA REPUBLICA DOMINICANA,BCENTRAL,58632
DO1002261928,LE090427,BCENTRAL/ LT 20270409 GTIA,2200000,DOP,220,8.5714,95.454545,21/09/2026,10:51:58 AM,PRESTAMO,PRIMERA PARTE,ROTC,21/09/2026,CONFIRMADA,3354114,0,09/04/2026,09/04/2027,0.654028,BANCO CENTRAL DE LA REPUBLICA DOMINICANA,BCENTRAL,58758
DO1002261928,LE090427,BCENTRAL/ LT 20270409 GTIA,2200000,DOP,220,8.6331,96.082955,21/09/2026,10:51:57 AM,PLAZO,PRIMERA PARTE,ROTC,21/10/2026,CONFIRMADA,3354115,0,09/04/2026,09/04/2027,0,BANCO CENTRAL DE LA REPUBLICA DOMINICANA,BCENTRAL,57085
DO1002261225,LE021026,BCENTRAL/ LT 20261002 GTIA,5310000,DOP,531,-23.605,100.065615,21/09/2026,10:51:56 AM,PRESTAMO,SEGUNDA PARTE,ROTC,01/10/2026,CONFIRMADA,3354119,0,02/10/2025,02/10/2026,0.256286,BANCO CENTRAL DE LA REPUBLICA DOMINICANA,BCENTRAL,58926
DO1002261225,LE021026,BCENTRAL/ LT 20261002 GTIA,5310000,DOP,531,6.2576,99.809161,21/09/2026,10:51:56 AM,PRESTAMO,PRIMERA PARTE,ROTC,21/09/2026,CONFIRMADA,3354119,0,02/10/2025,02/10/2026,0.256286,BANCO CENTRAL DE LA REPUBLICA DOMINICANA,BCENTRAL,58611
DO1002261225,LE021026,BCENTRAL/ LT 20261002 GTIA,5310000,DOP,531,-23.605,100.065615,21/09/2026,10:51:54 AM,PLAZO,PRIMERA PARTE,ROTC,01/10/2026,CONFIRMADA,3354120,0,02/10/2025,02/10/2026,0,BANCO CENTRAL DE LA REPUBLICA DOMINICANA,BCENTRAL,57372
DO1002261225,LE021026,BCENTRAL/ LT 20261002 GTIA,5310000,DOP,531,6.2576,99.809161,21/09/2026,10:51:37 AM,CONTADO,PRIMERA PARTE,ROTC,21/09/2026,CONFIRMADA,3354118,0,02/10/2025,02/10/2026,0,BANCO CENTRAL DE LA REPUBLICA DOMINICANA,BCENTRAL,57911
DO1002261928,LE090427,BCENTRAL/ LT 20270409 GTIA,2200000,DOP,220,8.5714,95.454545,21/09/2026,10:51:10 AM,CONTADO,PRIMERA PARTE,ROTC,21/09/2026,CONFIRMADA,3354112,0,09/04/2026,09/04/2027,0,BANCO CENTRAL DE LA REPUBLICA DOMINICANA,BCENTRAL,57981
DO1002261928,LE090427,BCENTRAL/ LT 20270409 GTIA,370000,DOP,37,9.1561,95.182554,21/09/2026,10:50:44 AM,CONTADO,PRIMERA PARTE,ROTC,22/09/2026,CONFIRMADA,3354092,0,09/04/2026,09/04/2027,0,BANCO CENTRAL DE LA REPUBLICA DOMINICANA,BCENTRAL,57407
DO1005205716,MHUS2027,HACIENDA/6 BOEST 20270305 GTIA,48000,USD,48,-0.7361,103.059062,21/09/2026,10:50:18 AM,CONTADO,PRIMERA PARTE,ROTC,21/09/2026,CONFIRMADA,3354089,0,05/09/2016,05/03/2027,0,MINISTERIO DE HACIENDA,HACIENDA,59794
DO1002261928,LE090427,BCENTRAL/ LT 20270409 GTIA,1780000,DOP,178,8.2427,95.642198,21/09/2026,10:49:51 AM,CONTADO,PRIMERA PARTE,ROTC,22/09/2026,CONFIRMADA,3354086,0,09/04/2026,09/04/2027,0,BANCO CENTRAL DE LA REPUBLICA DOMINICANA,BCENTRAL,58247
DO1002261928,LE090427,BCENTRAL/ LT 20270409 GTIA,110000,DOP,11,-18.12,100.914291,21/09/2026,10:43:16 AM,PLAZO,PRIMERA PARTE,ROTC,22/03/2027,CONFIRMADA,3354085,0,09/04/2026,09/04/2027,0,BANCO CENTRAL DE LA REPUBLICA DOMINICANA,BCENTRAL,56518
DO1002261928,LE090427,BCENTRAL/ LT 20270409 GTIA,110000,DOP,11,-18.12,100.914291,21/09/2026,10:43:15 AM,PRESTAMO,SEGUNDA PARTE,ROTC,22/03/2027,CONFIRMADA,3354084,0,09/04/2026,09/04/2027,4.075331,BANCO CENTRAL DE LA REPUBLICA DOMINICANA,BCENTRAL,58051
DO1002261928,LE090427,BCENTRAL/ LT 20270409 GTIA,110000,DOP,11,5.977,96.8017,21/09/2026,10:43:15 AM,PRESTAMO,PRIMERA PARTE,ROTC,22/09/2026,CONFIRMADA,3354084,0,09/04/2026,09/04/2027,4.075331,BANCO CENTRAL DE LA REPUBLICA DOMINICANA,BCENTRAL,56966
DO1002261928,LE090427,BCENTRAL/ LT 20270409 GTIA,400000,DOP,40,5.2192,98.05247,21/09/2026,10:43:13 AM,PLAZO,PRIMERA PARTE,ROTC,23/11/2026,CONFIRMADA,3354082,0,09/04/2026,09/04/2027,0,BANCO CENTRAL DE LA REPUBLICA DOMINICANA,BCENTRAL,55972
DO1002261928,LE090427,BCENTRAL/ LT 20270409 GTIA,400000,DOP,40,5.2192,98.05247,21/09/2026,10:43:12 AM,PRESTAMO,SEGUNDA PARTE,ROTC,23/11/2026,CONFIRMADA,3354081,0,09/04/2026,09/04/2027,1.384182,BANCO CENTRAL DE LA REPUBLICA DOMINICANA,BCENTRAL,57505
DO1002261928,LE090427,BCENTRAL/ LT 20270409 GTIA,400000,DOP,40,6.1828,96.695245,21/09/2026,10:43:12 AM,PRESTAMO,PRIMERA PARTE,ROTC,22/09/2026,CONFIRMADA,3354081,0,09/04/2026,09/04/2027,1.384182,BANCO CENTRAL DE LA REPUBLICA DOMINICANA,BCENTRAL,58065
DO1002261928,LE090427,BCENTRAL/ LT 20270409 GTIA,730000,DOP,73,9.9008,95.558559,21/09/2026,10:43:11 AM,PLAZO,PRIMERA PARTE,ROTC,22/10/2026,CONFIRMADA,3354079,0,09/04/2026,09/04/2027,0,BANCO CENTRAL DE LA REPUBLICA DOMINICANA,BCENTRAL,56525
DO1002261928,LE090427,BCENTRAL/ LT 20270409 GTIA,730000,DOP,73,9.9008,95.558559,21/09/2026,10:43:09 AM,PRESTAMO,SEGUNDA PARTE,ROTC,22/10/2026,CONFIRMADA,3354078,0,09/04/2026,09/04/2027,0.670475,BANCO CENTRAL DE LA REPUBLICA DOMINICANA,BCENTRAL,58114
DO1002261928,LE090427,BCENTRAL/ LT 20270409 GTIA,730000,DOP,73,9.6861,94.917863,21/09/2026,10:43:09 AM,PRESTAMO,PRIMERA PARTE,ROTC,22/09/2026,CONFIRMADA,3354078,0,09/04/2026,09/04/2027,0.670475,BANCO CENTRAL DE LA REPUBLICA DOMINICANA,BCENTRAL,58233
DO1002261928,LE090427,BCENTRAL/ LT 20270409 GTIA,110000,DOP,11,5.977,96.8017,21/09/2026,10:42:54 AM,CONTADO,PRIMERA PARTE,ROTC,22/09/2026,CONFIRMADA,3354083,0,09/04/2026,09/04/2027,0,BANCO CENTRAL DE LA REPUBLICA DOMINICANA,BCENTRAL,56287
DO1005205716,MHUS2027,HACIENDA/6 BOEST 20270305 GTIA,391000,USD,391,-0.4186,102.380225,21/09/2026,10:42:45 AM,PRESTAMO,SEGUNDA PARTE,ROTC,21/10/2026,CONFIRMADA,3354095,0,05/09/2016,05/03/2027,4.65,MINISTERIO DE HACIENDA,HACIENDA,61054
DO1005205716,MHUS2027,HACIENDA/6 BOEST 20270305 GTIA,391000,USD,391,0.5063,102.475266,21/09/2026,10:42:45 AM,PRESTAMO,PRIMERA PARTE,ROTC,21/09/2026,CONFIRMADA,3354095,0,05/09/2016,05/03/2027,4.65,MINISTERIO DE HACIENDA,HACIENDA,60893
DO1005205716,MHUS2027,HACIENDA/6 BOEST 20270305 GTIA,391000,USD,391,-0.4186,102.380225,21/09/2026,10:42:44 AM,ESTRUCTURADA,SEGUNDA PARTE,ROTC,21/10/2026,CONFIRMADA,3353928,0,05/09/2016,05/03/2027,4.65,MINISTERIO DE HACIENDA,HACIENDA,63147
DO1005205716,MHUS2027,HACIENDA/6 BOEST 20270305 GTIA,391000,USD,391,0.5063,102.475266,21/09/2026,10:42:44 AM,ESTRUCTURADA,PRIMERA PARTE,ROTC,21/09/2026,CONFIRMADA,3353928,0,05/09/2016,05/03/2027,4.65,MINISTERIO DE HACIENDA,HACIENDA,62986
DO1002261928,LE090427,BCENTRAL/ LT 20270409 GTIA,400000,DOP,40,6.1828,96.695245,21/09/2026,10:42:34 AM,CONTADO,PRIMERA PARTE,ROTC,22/09/2026,CONFIRMADA,3354080,0,09/04/2026,09/04/2027,0,BANCO CENTRAL DE LA REPUBLICA DOMINICANA,BCENTRAL,57393
DO1002261928,LE090427,BCENTRAL/ LT 20270409 GTIA,730000,DOP,73,9.6861,94.917863,21/09/2026,10:42:17 AM,CONTADO,PRIMERA PARTE,ROTC,22/09/2026,CONFIRMADA,3354077,0,09/04/2026,09/04/2027,0,BANCO CENTRAL DE LA REPUBLICA DOMINICANA,BCENTRAL,57526
USP3579ECV76,BSDR2036, ,1650000,DOP,33,9.1409,109.959315,21/09/2026,10:41:22 AM,ESTRUCTURADA,SEGUNDA PARTE,ROTC,19/01/2027,CONFIRMADA,3354041,0,01/07/2024,01/06/2036,9.35,MINISTERIO DE HACIENDA,HACIENDA,51163
USP3579ECV76,BSDR2036, ,1650000,DOP,33,9.1735,109.953663,21/09/2026,10:41:22 AM,ESTRUCTURADA,PRIMERA PARTE,ROTC,21/09/2026,CONFIRMADA,3354041,0,01/07/2024,01/06/2036,9.35,MINISTERIO DE HACIENDA,HACIENDA,51240
USP3579ECV76,BSDR2036, ,1650000,DOP,33,0,0,21/09/2026,10:41:21 AM,PRESTAMO,SEGUNDA PARTE,ROTC,30/05/2036,CONFIRMADA,3354042,0,01/07/2024,01/06/2036,0,MINISTERIO DE HACIENDA,HACIENDA,43904
USP3579ECV76,BSDR2036, ,1650000,DOP,33,9.1735,109.953663,21/09/2026,10:41:21 AM,PRESTAMO,PRIMERA PARTE,ROTC,21/09/2026,CONFIRMADA,3354042,0,01/07/2024,01/06/2036,0,MINISTERIO DE HACIENDA,HACIENDA,49133
USP3579ECV76,BSDR2036, ,39700000,DOP,794,9.1182,110.17235,21/09/2026,10:41:19 AM,ESTRUCTURADA,SEGUNDA PARTE,ROTC,22/12/2026,CONFIRMADA,3354043,0,01/07/2024,01/06/2036,9.75,MINISTERIO DE HACIENDA,HACIENDA,51485
USP3579ECV76,BSDR2036, ,39700000,DOP,794,9.1569,110.065404,21/09/2026,10:41:19 AM,ESTRUCTURADA,PRIMERA PARTE,ROTC,21/09/2026,CONFIRMADA,3354043,0,01/07/2024,01/06/2036,9.75,MINISTERIO DE HACIENDA,HACIENDA,51989
USP3579ECV76,BSDR2036, ,39700000,DOP,794,0,0,21/09/2026,10:41:18 AM,PRESTAMO,SEGUNDA PARTE,ROTC,30/05/2036,CONFIRMADA,3354044,0,01/07/2024,01/06/2036,0,MINISTERIO DE HACIENDA,HACIENDA,44765
USP3579ECV76,BSDR2036, ,39700000,DOP,794,9.1569,110.065404,21/09/2026,10:41:18 AM,PRESTAMO,PRIMERA PARTE,ROTC,21/09/2026,CONFIRMADA,3354044,0,01/07/2024,01/06/2036,0,MINISTERIO DE HACIENDA,HACIENDA,49882
USP3579ECS48,BSDR2035, ,3400000,DOP,68,9.1782,112.314202,21/09/2026,10:41:17 AM,ESTRUCTURADA,SEGUNDA PARTE,ROTC,20/11/2026,CONFIRMADA,3354045,0,15/09/2023,15/09/2035,9.05,MINISTERIO DE HACIENDA,HACIENDA,50967
USP3579ECS48,BSDR2035, ,3400000,DOP,68,9.1827,112.45886900000001,21/09/2026,10:41:17 AM,ESTRUCTURADA,PRIMERA PARTE,ROTC,21/09/2026,CONFIRMADA,3354045,0,15/09/2023,15/09/2035,9.05,MINISTERIO DE HACIENDA,HACIENDA,51282
USP3579ECS48,BSDR2035, ,3400000,DOP,68,0,0,21/09/2026,10:41:16 AM,PRESTAMO,SEGUNDA PARTE,ROTC,14/09/2035,CONFIRMADA,3354046,0,15/09/2023,15/09/2035,0,MINISTERIO DE HACIENDA,HACIENDA,43953
USP3579ECS48,BSDR2035, ,3400000,DOP,68,9.1827,112.45886900000001,21/09/2026,10:41:16 AM,PRESTAMO,PRIMERA PARTE,ROTC,21/09/2026,CONFIRMADA,3354046,0,15/09/2023,15/09/2035,0,MINISTERIO DE HACIENDA,HACIENDA,49175
DO1002262223,LE030927,BCENTRAL/ LT 20270903 GTIA,140000,DOP,14,8.2173,93.932243,21/09/2026,10:41:15 AM,ESTRUCTURADA,SEGUNDA PARTE,ROTC,24/11/2026,CONFIRMADA,3354047,0,03/09/2026,03/09/2027,8.95,BANCO CENTRAL DE LA REPUBLICA DOMINICANA,BCENTRAL,59892
DO1002262223,LE030927,BCENTRAL/ LT 20270903 GTIA,140000,DOP,14,8.4591,92.461086,21/09/2026,10:41:15 AM,ESTRUCTURADA,PRIMERA PARTE,ROTC,21/09/2026,CONFIRMADA,3354047,0,03/09/2026,03/09/2027,8.95,BANCO CENTRAL DE LA REPUBLICA DOMINICANA,BCENTRAL,60032
DO1002262223,LE030927,BCENTRAL/ LT 20270903 GTIA,140000,DOP,14,0,0,21/09/2026,10:41:14 AM,PRESTAMO,SEGUNDA PARTE,ROTC,02/09/2027,CONFIRMADA,3354048,0,03/09/2026,03/09/2027,0,BANCO CENTRAL DE LA REPUBLICA DOMINICANA,BCENTRAL,53081
DO1002262223,LE030927,BCENTRAL/ LT 20270903 GTIA,140000,DOP,14,8.4591,92.461086,21/09/2026,10:41:14 AM,PRESTAMO,PRIMERA PARTE,ROTC,21/09/2026,CONFIRMADA,3354048,0,03/09/2026,03/09/2027,0,BANCO CENTRAL DE LA REPUBLICA DOMINICANA,BCENTRAL,57925
DO1002262223,LE030927,BCENTRAL/ LT 20270903 GTIA,1780000,DOP,178,8.4425,93.060004,21/09/2026,10:41:13 AM,ESTRUCTURADA,SEGUNDA PARTE,ROTC,20/10/2026,CONFIRMADA,3354049,0,03/09/2026,03/09/2027,8.45,BANCO CENTRAL DE LA REPUBLICA DOMINICANA,BCENTRAL,60592
DO1002262223,LE030927,BCENTRAL/ LT 20270903 GTIA,1780000,DOP,178,8.4958,92.430833,21/09/2026,10:41:13 AM,ESTRUCTURADA,PRIMERA PARTE,ROTC,21/09/2026,CONFIRMADA,3354049,0,03/09/2026,03/09/2027,8.45,BANCO CENTRAL DE LA REPUBLICA DOMINICANA,BCENTRAL,60865
DO1002262223,LE030927,BCENTRAL/ LT 20270903 GTIA,1780000,DOP,178,0,0,21/09/2026,10:41:12 AM,PRESTAMO,SEGUNDA PARTE,ROTC,02/09/2027,CONFIRMADA,3354050,0,03/09/2026,03/09/2027,0,BANCO CENTRAL DE LA REPUBLICA DOMINICANA,BCENTRAL,53893
DO1002262223,LE030927,BCENTRAL/ LT 20270903 GTIA,1780000,DOP,178,8.4958,92.430833,21/09/2026,10:41:12 AM,PRESTAMO,PRIMERA PARTE,ROTC,21/09/2026,CONFIRMADA,3354050,0,03/09/2026,03/09/2027,0,BANCO CENTRAL DE LA REPUBLICA DOMINICANA,BCENTRAL,58758
DO1005204412,MH12029,HACIENDA/11.375 BOEST 20290706 GTIA,800000,DOP,8,7.9771,107.188185,21/09/2026,10:41:10 AM,ESTRUCTURADA,SEGUNDA PARTE,ROTC,18/02/2027,CONFIRMADA,3354051,0,06/07/2014,06/07/2029,9.3,MINISTERIO DE HACIENDA,HACIENDA,63140
DO1005204412,MH12029,HACIENDA/11.375 BOEST 20290706 GTIA,800000,DOP,8,8.2532,107.600342,21/09/2026,10:41:10 AM,ESTRUCTURADA,PRIMERA PARTE,ROTC,21/09/2026,CONFIRMADA,3354051,0,06/07/2014,06/07/2029,9.3,MINISTERIO DE HACIENDA,HACIENDA,63014
DO1005204412,MH12029,HACIENDA/11.375 BOEST 20290706 GTIA,800000,DOP,8,0,0,21/09/2026,10:41:09 AM,PRESTAMO,SEGUNDA PARTE,ROTC,05/07/2029,CONFIRMADA,3354052,0,06/07/2014,06/07/2029,0,MINISTERIO DE HACIENDA,HACIENDA,55951
DO1005204412,MH12029,HACIENDA/11.375 BOEST 20290706 GTIA,800000,DOP,8,8.2532,107.600342,21/09/2026,10:41:09 AM,PRESTAMO,PRIMERA PARTE,ROTC,21/09/2026,CONFIRMADA,3354052,0,06/07/2014,06/07/2029,0,MINISTERIO DE HACIENDA,HACIENDA,60970
DO1002261423,NO301129,BCENTRAL/9.5 BOEST 20291130 GTIA,70000,DOP,7,12.0599,93.673507,21/09/2026,10:41:08 AM,ESTRUCTURADA,SEGUNDA PARTE,ROTC,23/11/2026,CONFIRMADA,3354053,0,30/11/2025,30/11/2029,9.05,BANCO CENTRAL DE LA REPUBLICA DOMINICANA,BCENTRAL,62321
DO1002261423,NO301129,BCENTRAL/9.5 BOEST 20291130 GTIA,70000,DOP,7,11.8917,93.768194,21/09/2026,10:41:08 AM,ESTRUCTURADA,PRIMERA PARTE,ROTC,21/09/2026,CONFIRMADA,3354053,0,30/11/2025,30/11/2029,9.05,BANCO CENTRAL DE LA REPUBLICA DOMINICANA,BCENTRAL,62475
DO1002261423,NO301129,BCENTRAL/9.5 BOEST 20291130 GTIA,70000,DOP,7,0,0,21/09/2026,10:41:07 AM,PRESTAMO,SEGUNDA PARTE,ROTC,29/11/2029,CONFIRMADA,3354054,0,30/11/2025,30/11/2029,0,BANCO CENTRAL DE LA REPUBLICA DOMINICANA,BCENTRAL,55139
DO1002261423,NO301129,BCENTRAL/9.5 BOEST 20291130 GTIA,70000,DOP,7,11.8917,93.768194,21/09/2026,10:41:07 AM,PRESTAMO,PRIMERA PARTE,ROTC,21/09/2026,CONFIRMADA,3354054,0,30/11/2025,30/11/2029,0,BANCO CENTRAL DE LA REPUBLICA DOMINICANA,BCENTRAL,60368
USP3579ECY16,BSDR2037, ,12950000,DOP,259,9.1582,108.857246,21/09/2026,10:41:06 AM,ESTRUCTURADA,SEGUNDA PARTE,ROTC,22/10/2026,CONFIRMADA,3354055,0,24/02/2025,15/03/2037,9.35,MINISTERIO DE HACIENDA,HACIENDA,51898
USP3579ECY16,BSDR2037, ,12950000,DOP,259,9.163,108.883342,21/09/2026,10:41:06 AM,ESTRUCTURADA,PRIMERA PARTE,ROTC,21/09/2026,CONFIRMADA,3354055,0,24/02/2025,15/03/2037,9.35,MINISTERIO DE HACIENDA,HACIENDA,51604
USP3579ECY16,BSDR2037, ,12950000,DOP,259,0,0,21/09/2026,10:41:05 AM,PRESTAMO,SEGUNDA PARTE,ROTC,13/03/2037,CONFIRMADA,3354056,0,24/02/2025,15/03/2037,0,MINISTERIO DE HACIENDA,HACIENDA,44681
USP3579ECY16,BSDR2037, ,12950000,DOP,259,9.163,108.883342,21/09/2026,10:41:05 AM,PRESTAMO,PRIMERA PARTE,ROTC,21/09/2026,CONFIRMADA,3354056,0,24/02/2025,15/03/2037,0,MINISTERIO DE HACIENDA,HACIENDA,49497
DO1002261522,NO180130,BCENTRAL/9.5 BOEST 20300118 GTIA,50000,DOP,5,9.519,99.927051,21/09/2026,10:41:04 AM,ESTRUCTURADA,SEGUNDA PARTE,ROTC,27/11/2026,CONFIRMADA,3354057,0,18/01/2026,18/01/2030,9.05,BANCO CENTRAL DE LA REPUBLICA DOMINICANA,BCENTRAL,61579
DO1002261522,NO180130,BCENTRAL/9.5 BOEST 20300118 GTIA,50000,DOP,5,9.5107,99.945031,21/09/2026,10:41:04 AM,ESTRUCTURADA,PRIMERA PARTE,ROTC,21/09/2026,CONFIRMADA,3354057,0,18/01/2026,18/01/2030,9.05,BANCO CENTRAL DE LA REPUBLICA DOMINICANA,BCENTRAL,61957
DO1002261522,NO180130,BCENTRAL/9.5 BOEST 20300118 GTIA,50000,DOP,5,0,0,21/09/2026,10:41:02 AM,PRESTAMO,SEGUNDA PARTE,ROTC,17/01/2030,CONFIRMADA,3354058,0,18/01/2026,18/01/2030,0,BANCO CENTRAL DE LA REPUBLICA DOMINICANA,BCENTRAL,54950
DO1002261522,NO180130,BCENTRAL/9.5 BOEST 20300118 GTIA,50000,DOP,5,9.5107,99.945031,21/09/2026,10:41:02 AM,PRESTAMO,PRIMERA PARTE,ROTC,21/09/2026,CONFIRMADA,3354058,0,18/01/2026,18/01/2030,0,BANCO CENTRAL DE LA REPUBLICA DOMINICANA,BCENTRAL,59843
DO1002262223,LE030927,BCENTRAL/ LT 20270903 GTIA,80000,DOP,8,8.605,94.917913,21/09/2026,10:41:01 AM,ESTRUCTURADA,SEGUNDA PARTE,ROTC,22/01/2027,CONFIRMADA,3354059,0,03/09/2026,03/09/2027,9.2,BANCO CENTRAL DE LA REPUBLICA DOMINICANA,BCENTRAL,58919
DO1002262223,LE030927,BCENTRAL/ LT 20270903 GTIA,80000,DOP,8,8.9905,92.02525,21/09/2026,10:41:01 AM,ESTRUCTURADA,PRIMERA PARTE,ROTC,21/09/2026,CONFIRMADA,3354059,0,03/09/2026,03/09/2027,9.2,BANCO CENTRAL DE LA REPUBLICA DOMINICANA,BCENTRAL,58982
DO1002262223,LE030927,BCENTRAL/ LT 20270903 GTIA,80000,DOP,8,0,0,21/09/2026,10:41:00 AM,PRESTAMO,SEGUNDA PARTE,ROTC,02/09/2027,CONFIRMADA,3354060,0,03/09/2026,03/09/2027,0,BANCO CENTRAL DE LA REPUBLICA DOMINICANA,BCENTRAL,52416
DO1002262223,LE030927,BCENTRAL/ LT 20270903 GTIA,80000,DOP,8,8.9905,92.02525,21/09/2026,10:41:00 AM,PRESTAMO,PRIMERA PARTE,ROTC,21/09/2026,CONFIRMADA,3354060,0,03/09/2026,03/09/2027,0,BANCO CENTRAL DE LA REPUBLICA DOMINICANA,BCENTRAL,56875
DO1005210922,MH22034,HACIENDA/13 BOEST 20340610 GTIA,400000,DOP,4,9.034,120.65586,21/09/2026,10:40:59 AM,ESTRUCTURADA,SEGUNDA PARTE,ROTC,24/03/2027,CONFIRMADA,3354061,0,10/06/2022,10/06/2034,9.2,MINISTERIO DE HACIENDA,HACIENDA,60844
DO1005210922,MH22034,HACIENDA/13 BOEST 20340610 GTIA,400000,DOP,4,9.0875,121.331507,21/09/2026,10:40:59 AM,ESTRUCTURADA,PRIMERA PARTE,ROTC,21/09/2026,CONFIRMADA,3354061,0,10/06/2022,10/06/2034,9.2,MINISTERIO DE HACIENDA,HACIENDA,61614
USP3579ECZ80,BSRD2035, ,5000,USD,5,6.8208,93.746794,21/09/2026,10:40:58 AM,ESTRUCTURADA,SEGUNDA PARTE,ROTC,24/11/2026,CONFIRMADA,3354062,0,28/10/2025,28/10/2035,4.55,MINISTERIO DE HACIENDA,HACIENDA,49560
USP3579ECZ80,BSRD2035, ,5000,USD,5,6.7681,93.995719,21/09/2026,10:40:58 AM,ESTRUCTURADA,PRIMERA PARTE,ROTC,21/09/2026,CONFIRMADA,3354062,0,28/10/2025,28/10/2035,4.55,MINISTERIO DE HACIENDA,HACIENDA,49700
DO1005210922,MH22034,HACIENDA/13 BOEST 20340610 GTIA,400000,DOP,4,0,0,21/09/2026,10:40:56 AM,PRESTAMO,SEGUNDA PARTE,ROTC,09/06/2034,CONFIRMADA,3354063,0,10/06/2022,10/06/2034,0,MINISTERIO DE HACIENDA,HACIENDA,54404
DO1005210922,MH22034,HACIENDA/13 BOEST 20340610 GTIA,400000,DOP,4,9.0875,121.331507,21/09/2026,10:40:56 AM,PRESTAMO,PRIMERA PARTE,ROTC,21/09/2026,CONFIRMADA,3354063,0,10/06/2022,10/06/2034,0,MINISTERIO DE HACIENDA,HACIENDA,59493
DO1005252429,MH22028,HACIENDA/13.5 BOEST 20280505 GTIA,700000,DOP,7,5.2553,110.142084,21/09/2026,10:40:55 AM,ESTRUCTURADA,SEGUNDA PARTE,ROTC,19/01/2027,CONFIRMADA,3354064,0,05/05/2013,05/05/2028,9.7,MINISTERIO DE HACIENDA,HACIENDA,62300
DO1005252429,MH22028,HACIENDA/13.5 BOEST 20280505 GTIA,700000,DOP,7,6.342,110.830686,21/09/2026,10:40:55 AM,ESTRUCTURADA,PRIMERA PARTE,ROTC,21/09/2026,CONFIRMADA,3354064,0,05/05/2013,05/05/2028,9.7,MINISTERIO DE HACIENDA,HACIENDA,62076
DO1005252429,MH22028,HACIENDA/13.5 BOEST 20280505 GTIA,700000,DOP,7,0,0,21/09/2026,10:40:54 AM,PRESTAMO,SEGUNDA PARTE,ROTC,04/05/2028,CONFIRMADA,3354065,0,05/05/2013,05/05/2028,0,MINISTERIO DE HACIENDA,HACIENDA,55223
DO1005252429,MH22028,HACIENDA/13.5 BOEST 20280505 GTIA,700000,DOP,7,6.342,110.830686,21/09/2026,10:40:54 AM,PRESTAMO,PRIMERA PARTE,ROTC,21/09/2026,CONFIRMADA,3354065,0,05/05/2013,05/05/2028,0,MINISTERIO DE HACIENDA,HACIENDA,59969
USP3579ECZ80,BSRD2035, ,5000,USD,5,0,0,21/09/2026,10:40:53 AM,PRESTAMO,SEGUNDA PARTE,ROTC,26/10/2035,CONFIRMADA,3354066,0,28/10/2025,28/10/2035,0,MINISTERIO DE HACIENDA,HACIENDA,42581
USP3579ECZ80,BSRD2035, ,5000,USD,5,6.7681,93.995719,21/09/2026,10:40:53 AM,PRESTAMO,PRIMERA PARTE,ROTC,21/09/2026,CONFIRMADA,3354066,0,28/10/2025,28/10/2035,0,MINISTERIO DE HACIENDA,HACIENDA,47565
USP3579ECV76,BSDR2036, ,5750000,DOP,115,9.1793,109.698895,21/09/2026,10:40:52 AM,ESTRUCTURADA,SEGUNDA PARTE,ROTC,22/01/2027,CONFIRMADA,3354067,0,01/07/2024,01/06/2036,9.2,MINISTERIO DE HACIENDA,HACIENDA,51646
USP3579ECV76,BSDR2036, ,5750000,DOP,115,9.2024,109.758756,21/09/2026,10:40:52 AM,ESTRUCTURADA,PRIMERA PARTE,ROTC,21/09/2026,CONFIRMADA,3354067,0,01/07/2024,01/06/2036,9.2,MINISTERIO DE HACIENDA,HACIENDA,51618
USP3579ECV76,BSDR2036, ,5750000,DOP,115,0,0,21/09/2026,10:40:50 AM,PRESTAMO,SEGUNDA PARTE,ROTC,30/05/2036,CONFIRMADA,3354068,0,01/07/2024,01/06/2036,0,MINISTERIO DE HACIENDA,HACIENDA,44289
USP3579ECV76,BSDR2036, ,5750000,DOP,115,9.2024,109.758756,21/09/2026,10:40:50 AM,PRESTAMO,PRIMERA PARTE,ROTC,21/09/2026,CONFIRMADA,3354068,0,01/07/2024,01/06/2036,0,MINISTERIO DE HACIENDA,HACIENDA,49504
USP3579ECY16,BSDR2037, ,300000,DOP,6,9.228,108.2133,21/09/2026,10:40:49 AM,ESTRUCTURADA,SEGUNDA PARTE,ROTC,19/02/2027,CONFIRMADA,3354069,0,24/02/2025,15/03/2037,8.45,MINISTERIO DE HACIENDA,HACIENDA,49287
USP3579ECY16,BSDR2037, ,300000,DOP,6,9.193,108.672093,21/09/2026,10:40:49 AM,ESTRUCTURADA,PRIMERA PARTE,ROTC,21/09/2026,CONFIRMADA,3354069,0,24/02/2025,15/03/2037,8.45,MINISTERIO DE HACIENDA,HACIENDA,50148
USP3579ECY16,BSDR2037, ,300000,DOP,6,0,0,21/09/2026,10:40:48 AM,PRESTAMO,SEGUNDA PARTE,ROTC,13/03/2037,CONFIRMADA,3354070,0,24/02/2025,15/03/2037,0,MINISTERIO DE HACIENDA,HACIENDA,43211
USP3579ECY16,BSDR2037, ,300000,DOP,6,9.193,108.672093,21/09/2026,10:40:48 AM,PRESTAMO,PRIMERA PARTE,ROTC,21/09/2026,CONFIRMADA,3354070,0,24/02/2025,15/03/2037,0,MINISTERIO DE HACIENDA,HACIENDA,48041
DO1002261423,NO301129,BCENTRAL/9.5 BOEST 20291130 GTIA,70000,DOP,7,11.9125,94.002996,21/09/2026,10:40:47 AM,ESTRUCTURADA,SEGUNDA PARTE,ROTC,19/11/2026,CONFIRMADA,3354071,0,30/11/2025,30/11/2029,8.95,BANCO CENTRAL DE LA REPUBLICA DOMINICANA,BCENTRAL,62314
DO1002261423,NO301129,BCENTRAL/9.5 BOEST 20291130 GTIA,70000,DOP,7,11.7578,94.102622,21/09/2026,10:40:47 AM,ESTRUCTURADA,PRIMERA PARTE,ROTC,21/09/2026,CONFIRMADA,3354071,0,30/11/2025,30/11/2029,8.95,BANCO CENTRAL DE LA REPUBLICA DOMINICANA,BCENTRAL,62356
DO1002261423,NO301129,BCENTRAL/9.5 BOEST 20291130 GTIA,70000,DOP,7,0,0,21/09/2026,10:40:46 AM,PRESTAMO,SEGUNDA PARTE,ROTC,29/11/2029,CONFIRMADA,3354072,0,30/11/2025,30/11/2029,0,BANCO CENTRAL DE LA REPUBLICA DOMINICANA,BCENTRAL,55153
DO1002261423,NO301129,BCENTRAL/9.5 BOEST 20291130 GTIA,70000,DOP,7,11.7578,94.102622,21/09/2026,10:40:46 AM,PRESTAMO,PRIMERA PARTE,ROTC,21/09/2026,CONFIRMADA,3354072,0,30/11/2025,30/11/2029,0,BANCO CENTRAL DE LA REPUBLICA DOMINICANA,BCENTRAL,60249
USP3579ECH82,BSRD2032,"DOMINICAN, REP /4.875 BD 20320923",5000,USD,5,6.5719,92.056467,21/09/2026,10:40:44 AM,ESTRUCTURADA,SEGUNDA PARTE,ROTC,19/01/2027,CONFIRMADA,3354073,0,23/09/2020,23/09/2032,5.1,MINISTERIO DE HACIENDA,HACIENDA,62517
USP3579ECH82,BSRD2032,"DOMINICAN, REP /4.875 BD 20320923",5000,USD,5,6.495,92.048583,21/09/2026,10:40:44 AM,ESTRUCTURADA,PRIMERA PARTE,ROTC,21/09/2026,CONFIRMADA,3354073,0,23/09/2020,23/09/2032,5.1,MINISTERIO DE HACIENDA,HACIENDA,62216
USP3579ECH82,BSRD2032,"DOMINICAN, REP /4.875 BD 20320923",5000,USD,5,0,0,21/09/2026,10:40:44 AM,PRESTAMO,SEGUNDA PARTE,ROTC,22/09/2032,CONFIRMADA,3354075,0,23/09/2020,23/09/2032,0,MINISTERIO DE HACIENDA,HACIENDA,55594
USP3579ECH82,BSRD2032,"DOMINICAN, REP /4.875 BD 20320923",5000,USD,5,6.495,92.048583,21/09/2026,10:40:44 AM,PRESTAMO,PRIMERA PARTE,ROTC,21/09/2026,CONFIRMADA,3354075,0,23/09/2020,23/09/2032,0,MINISTERIO DE HACIENDA,HACIENDA,60116
DO1005213025,MH22031,HACIENDA/10.25 BOEST 20310209 GTIA,25000000,DOP,250,0,105.9278,21/09/2026,10:37:42 AM,CONTADO,PRIMERA PARTE,MHRD,21/09/2026,CONFIRMADA,3354034,0,09/02/2024,09/02/2031,0,MINISTERIO DE HACIENDA,HACIENDA,58611
DO1005213025,MH22031,HACIENDA/10.25 BOEST 20310209 GTIA,100000000,DOP,1000,0,105.9278,21/09/2026,10:37:42 AM,CONTADO,PRIMERA PARTE,MHRD,21/09/2026,CONFIRMADA,3354035,0,09/02/2024,09/02/2031,0,MINISTERIO DE HACIENDA,HACIENDA,59199
DO1005213025,MH22031,HACIENDA/10.25 BOEST 20310209 GTIA,81300000,DOP,813,0,105.9278,21/09/2026,10:37:42 AM,CONTADO,PRIMERA PARTE,MHRD,21/09/2026,CONFIRMADA,3354036,0,09/02/2024,09/02/2031,0,MINISTERIO DE HACIENDA,HACIENDA,58681
DO1005213025,MH22031,HACIENDA/10.25 BOEST 20310209 GTIA,206300000,DOP,2063,0,105.9278,21/09/2026,10:37:41 AM,CONTADO,PRIMERA PARTE,MHRD,21/09/2026,CONFIRMADA,3354033,0,09/02/2024,09/02/2031,0,MINISTERIO DE HACIENDA,HACIENDA,59332
DO1002227317,NO150928,BCENTRAL/11 BOEST 20280915 GTIA,810000,DOP,81,0,102.371712,21/09/2026,10:37:29 AM,PLAZO,PRIMERA PARTE,ROTC,21/10/2026,CONFIRMADA,3353931,0,15/09/2023,15/09/2028,0,BANCO CENTRAL DE LA REPUBLICA DOMINICANA,BCENTRAL,57204
DO1002227317,NO150928,BCENTRAL/11 BOEST 20280915 GTIA,810000,DOP,81,9,102.18868,21/09/2026,10:37:28 AM,PRESTAMO,SEGUNDA PARTE,ROTC,20/11/2026,CONFIRMADA,3353932,0,15/09/2023,15/09/2028,1.74913,BANCO CENTRAL DE LA REPUBLICA DOMINICANA,BCENTRAL,58534
DO1002227317,NO150928,BCENTRAL/11 BOEST 20280915 GTIA,810000,DOP,81,0,102.371712,21/09/2026,10:37:28 AM,PRESTAMO,PRIMERA PARTE,ROTC,21/10/2026,CONFIRMADA,3353932,0,15/09/2023,15/09/2028,1.74913,BANCO CENTRAL DE LA REPUBLICA DOMINICANA,BCENTRAL,58800
DO1002227317,NO150928,BCENTRAL/11 BOEST 20280915 GTIA,810000,DOP,81,9,102.18868,21/09/2026,10:37:27 AM,PLAZO,PRIMERA PARTE,ROTC,20/11/2026,CONFIRMADA,3353933,0,15/09/2023,15/09/2028,0,BANCO CENTRAL DE LA REPUBLICA DOMINICANA,BCENTRAL,56987
DO1002227317,NO150928,BCENTRAL/11 BOEST 20280915 GTIA,800000,DOP,80,0,102.75343,21/09/2026,10:37:25 AM,PLAZO,PRIMERA PARTE,ROTC,20/11/2026,CONFIRMADA,3353934,0,15/09/2023,15/09/2028,0,BANCO CENTRAL DE LA REPUBLICA DOMINICANA,BCENTRAL,56833
DO1002227317,NO150928,BCENTRAL/11 BOEST 20280915 GTIA,800000,DOP,80,9,102.573709,21/09/2026,10:37:24 AM,PRESTAMO,SEGUNDA PARTE,ROTC,21/12/2026,CONFIRMADA,3353936,0,15/09/2023,15/09/2028,2.622972,BANCO CENTRAL DE LA REPUBLICA DOMINICANA,BCENTRAL,58842
DO1002227317,NO150928,BCENTRAL/11 BOEST 20280915 GTIA,800000,DOP,80,0,102.75343,21/09/2026,10:37:24 AM,PRESTAMO,PRIMERA PARTE,ROTC,20/11/2026,CONFIRMADA,3353936,0,15/09/2023,15/09/2028,2.622972,BANCO CENTRAL DE LA REPUBLICA DOMINICANA,BCENTRAL,58429
DO1002227317,NO150928,BCENTRAL/11 BOEST 20280915 GTIA,800000,DOP,80,9,102.573709,21/09/2026,10:37:23 AM,PLAZO,PRIMERA PARTE,ROTC,21/12/2026,CONFIRMADA,3353937,0,15/09/2023,15/09/2028,0,BANCO CENTRAL DE LA REPUBLICA DOMINICANA,BCENTRAL,57295
DO1002227317,NO150928,BCENTRAL/11 BOEST 20280915 GTIA,790000,DOP,79,0,103.137504,21/09/2026,10:37:22 AM,PLAZO,PRIMERA PARTE,ROTC,21/12/2026,CONFIRMADA,3353938,0,15/09/2023,15/09/2028,0,BANCO CENTRAL DE LA REPUBLICA DOMINICANA,BCENTRAL,57267
DO1002227317,NO150928,BCENTRAL/11 BOEST 20280915 GTIA,790000,DOP,79,9,102.967432,21/09/2026,10:37:21 AM,PRESTAMO,SEGUNDA PARTE,ROTC,21/01/2027,CONFIRMADA,3353939,0,15/09/2023,15/09/2028,3.480757,BANCO CENTRAL DE LA REPUBLICA DOMINICANA,BCENTRAL,58926
DO1002227317,NO150928,BCENTRAL/11 BOEST 20280915 GTIA,790000,DOP,79,0,103.137504,21/09/2026,10:37:21 AM,PRESTAMO,PRIMERA PARTE,ROTC,21/12/2026,CONFIRMADA,3353939,0,15/09/2023,15/09/2028,3.480757,BANCO CENTRAL DE LA REPUBLICA DOMINICANA,BCENTRAL,58863
DO1002227317,NO150928,BCENTRAL/11 BOEST 20280915 GTIA,790000,DOP,79,9,102.967432,21/09/2026,10:37:19 AM,PLAZO,PRIMERA PARTE,ROTC,21/01/2027,CONFIRMADA,3353940,0,15/09/2023,15/09/2028,0,BANCO CENTRAL DE LA REPUBLICA DOMINICANA,BCENTRAL,57435
DO1002227317,NO150928,BCENTRAL/11 BOEST 20280915 GTIA,780000,DOP,78,0,103.555579,21/09/2026,10:37:18 AM,PLAZO,PRIMERA PARTE,ROTC,21/01/2027,CONFIRMADA,3353941,0,15/09/2023,15/09/2028,0,BANCO CENTRAL DE LA REPUBLICA DOMINICANA,BCENTRAL,57393
DO1002227317,NO150928,BCENTRAL/11 BOEST 20280915 GTIA,780000,DOP,78,9,103.405736,21/09/2026,10:37:17 AM,PRESTAMO,SEGUNDA PARTE,ROTC,19/02/2027,CONFIRMADA,3353942,0,15/09/2023,15/09/2028,4.271608,BANCO CENTRAL DE LA REPUBLICA DOMINICANA,BCENTRAL,58968
DO1002227317,NO150928,BCENTRAL/11 BOEST 20280915 GTIA,780000,DOP,78,0,103.555579,21/09/2026,10:37:17 AM,PRESTAMO,PRIMERA PARTE,ROTC,21/01/2027,CONFIRMADA,3353942,0,15/09/2023,15/09/2028,4.271608,BANCO CENTRAL DE LA REPUBLICA DOMINICANA,BCENTRAL,58989
DO1002227317,NO150928,BCENTRAL/11 BOEST 20280915 GTIA,780000,DOP,78,9,103.405736,21/09/2026,10:37:16 AM,PLAZO,PRIMERA PARTE,ROTC,19/02/2027,CONFIRMADA,3353943,0,15/09/2023,15/09/2028,0,BANCO CENTRAL DE LA REPUBLICA DOMINICANA,BCENTRAL,57421
DO1002228612,NO031227,BCENTRAL/8 BOEST 20271203 GTIA,820000,DOP,82,0,100.489573,21/09/2026,10:37:15 AM,PLAZO,PRIMERA PARTE,ROTC,19/02/2027,CONFIRMADA,3353944,0,03/12/2024,03/12/2027,0,BANCO CENTRAL DE LA REPUBLICA DOMINICANA,BCENTRAL,56896
DO1002228612,NO031227,BCENTRAL/8 BOEST 20271203 GTIA,820000,DOP,82,9,100.545894,21/09/2026,10:37:13 AM,PRESTAMO,SEGUNDA PARTE,ROTC,19/03/2027,CONFIRMADA,3353945,0,03/12/2024,03/12/2027,2.319299,BANCO CENTRAL DE LA REPUBLICA DOMINICANA,BCENTRAL,58485
DO1002228612,NO031227,BCENTRAL/8 BOEST 20271203 GTIA,820000,DOP,82,0,100.489573,21/09/2026,10:37:13 AM,PRESTAMO,PRIMERA PARTE,ROTC,19/02/2027,CONFIRMADA,3353945,0,03/12/2024,03/12/2027,2.319299,BANCO CENTRAL DE LA REPUBLICA DOMINICANA,BCENTRAL,58485
DO1002228612,NO031227,BCENTRAL/8 BOEST 20271203 GTIA,820000,DOP,82,9,100.545894,21/09/2026,10:37:12 AM,PLAZO,PRIMERA PARTE,ROTC,19/03/2027,CONFIRMADA,3353946,0,03/12/2024,03/12/2027,0,BANCO CENTRAL DE LA REPUBLICA DOMINICANA,BCENTRAL,56938
DO1002227317,NO150928,BCENTRAL/11 BOEST 20280915 GTIA,810000,DOP,81,0,103.346069,21/09/2026,10:37:11 AM,PLAZO,PRIMERA PARTE,ROTC,19/03/2027,CONFIRMADA,3353947,0,15/09/2023,15/09/2028,0,BANCO CENTRAL DE LA REPUBLICA DOMINICANA,BCENTRAL,57267
DO1002227317,NO150928,BCENTRAL/11 BOEST 20280915 GTIA,810000,DOP,81,9,103.161085,21/09/2026,10:37:10 AM,PRESTAMO,SEGUNDA PARTE,ROTC,21/04/2027,CONFIRMADA,3353948,0,15/09/2023,15/09/2028,0.883303,BANCO CENTRAL DE LA REPUBLICA DOMINICANA,BCENTRAL,58772
DO1002227317,NO150928,BCENTRAL/11 BOEST 20280915 GTIA,810000,DOP,81,0,103.346069,21/09/2026,10:37:10 AM,PRESTAMO,PRIMERA PARTE,ROTC,19/03/2027,CONFIRMADA,3353948,0,15/09/2023,15/09/2028,0.883303,BANCO CENTRAL DE LA REPUBLICA DOMINICANA,BCENTRAL,58863
DO1002227317,NO150928,BCENTRAL/11 BOEST 20280915 GTIA,810000,DOP,81,9,103.161085,21/09/2026,10:37:09 AM,PLAZO,PRIMERA PARTE,ROTC,21/04/2027,CONFIRMADA,3353949,0,15/09/2023,15/09/2028,0,BANCO CENTRAL DE LA REPUBLICA DOMINICANA,BCENTRAL,57288
DO1002227317,NO150928,BCENTRAL/11 BOEST 20280915 GTIA,810000,DOP,81,0,102.359657,21/09/2026,10:37:07 AM,PLAZO,PRIMERA PARTE,ROTC,21/04/2027,CONFIRMADA,3353950,0,15/09/2023,15/09/2028,0,BANCO CENTRAL DE LA REPUBLICA DOMINICANA,BCENTRAL,57302
DO1002227317,NO150928,BCENTRAL/11 BOEST 20280915 GTIA,810000,DOP,81,9,102.191488,21/09/2026,10:37:06 AM,PRESTAMO,SEGUNDA PARTE,ROTC,21/05/2027,CONFIRMADA,3353951,0,15/09/2023,15/09/2028,1.760701,BANCO CENTRAL DE LA REPUBLICA DOMINICANA,BCENTRAL,58877
DO1002227317,NO150928,BCENTRAL/11 BOEST 20280915 GTIA,810000,DOP,81,0,102.359657,21/09/2026,10:37:06 AM,PRESTAMO,PRIMERA PARTE,ROTC,21/04/2027,CONFIRMADA,3353951,0,15/09/2023,15/09/2028,1.760701,BANCO CENTRAL DE LA REPUBLICA DOMINICANA,BCENTRAL,58898
DO1002227317,NO150928,BCENTRAL/11 BOEST 20280915 GTIA,810000,DOP,81,9,102.191488,21/09/2026,10:37:05 AM,PLAZO,PRIMERA PARTE,ROTC,21/05/2027,CONFIRMADA,3353952,0,15/09/2023,15/09/2028,0,BANCO CENTRAL DE LA REPUBLICA DOMINICANA,BCENTRAL,57330
DO1002227317,NO150928,BCENTRAL/11 BOEST 20280915 GTIA,800000,DOP,80,0,102.756238,21/09/2026,10:37:04 AM,PLAZO,PRIMERA PARTE,ROTC,21/05/2027,CONFIRMADA,3353953,0,15/09/2023,15/09/2028,0,BANCO CENTRAL DE LA REPUBLICA DOMINICANA,BCENTRAL,57246
DO1002227317,NO150928,BCENTRAL/11 BOEST 20280915 GTIA,800000,DOP,80,9,102.591875,21/09/2026,10:37:02 AM,PRESTAMO,SEGUNDA PARTE,ROTC,21/06/2027,CONFIRMADA,3353954,0,15/09/2023,15/09/2028,2.620312,BANCO CENTRAL DE LA REPUBLICA DOMINICANA,BCENTRAL,58870
DO1002227317,NO150928,BCENTRAL/11 BOEST 20280915 GTIA,800000,DOP,80,0,102.756238,21/09/2026,10:37:02 AM,PRESTAMO,PRIMERA PARTE,ROTC,21/05/2027,CONFIRMADA,3353954,0,15/09/2023,15/09/2028,2.620312,BANCO CENTRAL DE LA REPUBLICA DOMINICANA,BCENTRAL,58835
DO1002227317,NO150928,BCENTRAL/11 BOEST 20280915 GTIA,800000,DOP,80,9,102.591875,21/09/2026,10:37:01 AM,PLAZO,PRIMERA PARTE,ROTC,21/06/2027,CONFIRMADA,3353955,0,15/09/2023,15/09/2028,0,BANCO CENTRAL DE LA REPUBLICA DOMINICANA,BCENTRAL,57323
DO1002227317,NO150928,BCENTRAL/11 BOEST 20280915 GTIA,790000,DOP,79,0,103.15567,21/09/2026,10:37:00 AM,PLAZO,PRIMERA PARTE,ROTC,21/06/2027,CONFIRMADA,3353956,0,15/09/2023,15/09/2028,0,BANCO CENTRAL DE LA REPUBLICA DOMINICANA,BCENTRAL,56959
DO1002227317,NO150928,BCENTRAL/11 BOEST 20280915 GTIA,790000,DOP,79,9,103.005946,21/09/2026,10:36:59 AM,PRESTAMO,SEGUNDA PARTE,ROTC,21/07/2027,CONFIRMADA,3353957,0,15/09/2023,15/09/2028,3.441256,BANCO CENTRAL DE LA REPUBLICA DOMINICANA,BCENTRAL,58996
DO1002227317,NO150928,BCENTRAL/11 BOEST 20280915 GTIA,790000,DOP,79,0,103.15567,21/09/2026,10:36:59 AM,PRESTAMO,PRIMERA PARTE,ROTC,21/06/2027,CONFIRMADA,3353957,0,15/09/2023,15/09/2028,3.441256,BANCO CENTRAL DE LA REPUBLICA DOMINICANA,BCENTRAL,58653
DO1002227317,NO150928,BCENTRAL/11 BOEST 20280915 GTIA,790000,DOP,79,9,103.005946,21/09/2026,10:36:58 AM,PLAZO,PRIMERA PARTE,ROTC,21/07/2027,CONFIRMADA,3353958,0,15/09/2023,15/09/2028,0,BANCO CENTRAL DE LA REPUBLICA DOMINICANA,BCENTRAL,57449
DO1002227317,NO150928,BCENTRAL/11 BOEST 20280915 GTIA,790000,DOP,79,0,102.25893,21/09/2026,10:36:56 AM,PLAZO,PRIMERA PARTE,ROTC,21/07/2027,CONFIRMADA,3353959,0,15/09/2023,15/09/2028,0,BANCO CENTRAL DE LA REPUBLICA DOMINICANA,BCENTRAL,57050
DO1002227317,NO150928,BCENTRAL/11 BOEST 20280915 GTIA,790000,DOP,79,9,102.109206,21/09/2026,10:36:55 AM,PRESTAMO,SEGUNDA PARTE,ROTC,20/08/2027,CONFIRMADA,3353960,0,15/09/2023,15/09/2028,4.280647,BANCO CENTRAL DE LA REPUBLICA DOMINICANA,BCENTRAL,58919
DO1002227317,NO150928,BCENTRAL/11 BOEST 20280915 GTIA,790000,DOP,79,0,102.25893,21/09/2026,10:36:55 AM,PRESTAMO,PRIMERA PARTE,ROTC,21/07/2027,CONFIRMADA,3353960,0,15/09/2023,15/09/2028,4.280647,BANCO CENTRAL DE LA REPUBLICA DOMINICANA,BCENTRAL,58646
DO1002227317,NO150928,BCENTRAL/11 BOEST 20280915 GTIA,790000,DOP,79,9,102.109206,21/09/2026,10:36:54 AM,PLAZO,PRIMERA PARTE,ROTC,20/08/2027,CONFIRMADA,3353961,0,15/09/2023,15/09/2028,0,BANCO CENTRAL DE LA REPUBLICA DOMINICANA,BCENTRAL,57372
DO1002228612,NO031227,BCENTRAL/8 BOEST 20271203 GTIA,820000,DOP,82,0,100.49894,21/09/2026,10:36:53 AM,PLAZO,PRIMERA PARTE,ROTC,20/08/2027,CONFIRMADA,3353962,0,03/12/2024,03/12/2027,0,BANCO CENTRAL DE LA REPUBLICA DOMINICANA,BCENTRAL,56539
DO1002228612,NO031227,BCENTRAL/8 BOEST 20271203 GTIA,820000,DOP,82,9,100.556494,21/09/2026,10:36:51 AM,PRESTAMO,SEGUNDA PARTE,ROTC,16/09/2027,CONFIRMADA,3353963,0,03/12/2024,03/12/2027,2.287408,BANCO CENTRAL DE LA REPUBLICA DOMINICANA,BCENTRAL,58499
DO1002228612,NO031227,BCENTRAL/8 BOEST 20271203 GTIA,820000,DOP,82,0,100.49894,21/09/2026,10:36:51 AM,PRESTAMO,PRIMERA PARTE,ROTC,20/08/2027,CONFIRMADA,3353963,0,03/12/2024,03/12/2027,2.287408,BANCO CENTRAL DE LA REPUBLICA DOMINICANA,BCENTRAL,58128
DO1002228612,NO031227,BCENTRAL/8 BOEST 20271203 GTIA,820000,DOP,82,9,100.556494,21/09/2026,10:36:50 AM,PLAZO,PRIMERA PARTE,ROTC,16/09/2027,CONFIRMADA,3353964,0,03/12/2024,03/12/2027,0,BANCO CENTRAL DE LA REPUBLICA DOMINICANA,BCENTRAL,56952
DO1002227317,NO150928,BCENTRAL/11 BOEST 20280915 GTIA,810000,DOP,81,9.1502,103.283314,21/09/2026,10:36:49 AM,CONTADO,PRIMERA PARTE,ROTC,21/09/2026,CONFIRMADA,3353965,0,15/09/2023,15/09/2028,0,BANCO CENTRAL DE LA REPUBLICA DOMINICANA,BCENTRAL,59969
DO1002227317,NO150928,BCENTRAL/11 BOEST 20280915 GTIA,810000,DOP,81,-1.1103,103.100283,21/09/2026,10:36:48 AM,PRESTAMO,SEGUNDA PARTE,ROTC,21/10/2026,CONFIRMADA,3353966,0,15/09/2023,15/09/2028,0.874225,BANCO CENTRAL DE LA REPUBLICA DOMINICANA,BCENTRAL,60725
DO1002227317,NO150928,BCENTRAL/11 BOEST 20280915 GTIA,810000,DOP,81,9.1502,103.283314,21/09/2026,10:36:48 AM,PRESTAMO,PRIMERA PARTE,ROTC,21/09/2026,CONFIRMADA,3353966,0,15/09/2023,15/09/2028,0.874225,BANCO CENTRAL DE LA REPUBLICA DOMINICANA,BCENTRAL,60655
DO1002227317,NO150928,BCENTRAL/11 BOEST 20280915 GTIA,810000,DOP,81,-1.1103,103.100283,21/09/2026,10:36:46 AM,PLAZO,PRIMERA PARTE,ROTC,21/10/2026,CONFIRMADA,3353967,0,15/09/2023,15/09/2028,0,BANCO CENTRAL DE LA REPUBLICA DOMINICANA,BCENTRAL,59171
DO1002227317,NO150928,BCENTRAL/11 BOEST 20280915 GTIA,2940000,DOP,294,9.1884,103.213943,21/09/2026,10:36:45 AM,CONTADO,PRIMERA PARTE,ROTC,21/09/2026,CONFIRMADA,3353968,0,15/09/2023,15/09/2028,0,BANCO CENTRAL DE LA REPUBLICA DOMINICANA,BCENTRAL,60795
DO1002227317,NO150928,BCENTRAL/11 BOEST 20280915 GTIA,2940000,DOP,294,9.2187,102.76181,21/09/2026,10:36:44 AM,PRESTAMO,SEGUNDA PARTE,ROTC,21/12/2026,CONFIRMADA,3353969,0,15/09/2023,15/09/2028,2.360606,BANCO CENTRAL DE LA REPUBLICA DOMINICANA,BCENTRAL,61019
DO1002227317,NO150928,BCENTRAL/11 BOEST 20280915 GTIA,2940000,DOP,294,9.1884,103.213943,21/09/2026,10:36:44 AM,PRESTAMO,PRIMERA PARTE,ROTC,21/09/2026,CONFIRMADA,3353969,0,15/09/2023,15/09/2028,2.360606,BANCO CENTRAL DE LA REPUBLICA DOMINICANA,BCENTRAL,61481
DO1002227317,NO150928,BCENTRAL/11 BOEST 20280915 GTIA,2940000,DOP,294,9.2187,102.76181,21/09/2026,10:36:43 AM,PLAZO,PRIMERA PARTE,ROTC,21/12/2026,CONFIRMADA,3353970,0,15/09/2023,15/09/2028,0,BANCO CENTRAL DE LA REPUBLICA DOMINICANA,BCENTRAL,59472
DO1002227317,NO150928,BCENTRAL/11 BOEST 20280915 GTIA,5370000,DOP,537,9.2175,103.161149,21/09/2026,10:36:41 AM,CONTADO,PRIMERA PARTE,ROTC,21/09/2026,CONFIRMADA,3353971,0,15/09/2023,15/09/2028,0,BANCO CENTRAL DE LA REPUBLICA DOMINICANA,BCENTRAL,60725
DO1002227317,NO150928,BCENTRAL/11 BOEST 20280915 GTIA,5370000,DOP,537,5.4061,103.033235,21/09/2026,10:36:40 AM,PRESTAMO,SEGUNDA PARTE,ROTC,21/10/2026,CONFIRMADA,3353972,0,15/09/2023,15/09/2028,0.92772,BANCO CENTRAL DE LA REPUBLICA DOMINICANA,BCENTRAL,61194
DO1002227317,NO150928,BCENTRAL/11 BOEST 20280915 GTIA,5370000,DOP,537,9.2175,103.161149,21/09/2026,10:36:40 AM,PRESTAMO,PRIMERA PARTE,ROTC,21/09/2026,CONFIRMADA,3353972,0,15/09/2023,15/09/2028,0.92772,BANCO CENTRAL DE LA REPUBLICA DOMINICANA,BCENTRAL,61411
DO1002227317,NO150928,BCENTRAL/11 BOEST 20280915 GTIA,5370000,DOP,537,5.4061,103.033235,21/09/2026,10:36:39 AM,PLAZO,PRIMERA PARTE,ROTC,21/10/2026,CONFIRMADA,3353973,0,15/09/2023,15/09/2028,0,BANCO CENTRAL DE LA REPUBLICA DOMINICANA,BCENTRAL,59710
DO1002227317,NO150928,BCENTRAL/11 BOEST 20280915 GTIA,1080000,DOP,108,9.0186,103.522616,21/09/2026,10:36:38 AM,CONTADO,PRIMERA PARTE,ROTC,21/09/2026,CONFIRMADA,3353974,0,15/09/2023,15/09/2028,0,BANCO CENTRAL DE LA REPUBLICA DOMINICANA,BCENTRAL,60683
DO1002227317,NO150928,BCENTRAL/11 BOEST 20280915 GTIA,1080000,DOP,108,5.0668,102.928826,21/09/2026,10:36:36 AM,PRESTAMO,SEGUNDA PARTE,ROTC,12/03/2027,CONFIRMADA,3353975,0,15/09/2023,15/09/2028,4.444484,BANCO CENTRAL DE LA REPUBLICA DOMINICANA,BCENTRAL,61355
DO1002227317,NO150928,BCENTRAL/11 BOEST 20280915 GTIA,1080000,DOP,108,9.0186,103.522616,21/09/2026,10:36:36 AM,PRESTAMO,PRIMERA PARTE,ROTC,21/09/2026,CONFIRMADA,3353975,0,15/09/2023,15/09/2028,4.444484,BANCO CENTRAL DE LA REPUBLICA DOMINICANA,BCENTRAL,61362
DO1002227317,NO150928,BCENTRAL/11 BOEST 20280915 GTIA,1080000,DOP,108,5.0668,102.928826,21/09/2026,10:36:35 AM,PLAZO,PRIMERA PARTE,ROTC,12/03/2027,CONFIRMADA,3353976,0,15/09/2023,15/09/2028,0,BANCO CENTRAL DE LA REPUBLICA DOMINICANA,BCENTRAL,59808
DO1002223928,NO120227,BCENTRAL/8 BOEST 20270212 GTIA,1750000,DOP,175,7.2965,100.254485,21/09/2026,10:36:34 AM,CONTADO,PRIMERA PARTE,ROTC,21/09/2026,CONFIRMADA,3353977,0,12/02/2022,12/02/2027,0,BANCO CENTRAL DE LA REPUBLICA DOMINICANA,BCENTRAL,60347
DO1002223928,NO120227,BCENTRAL/8 BOEST 20270212 GTIA,1750000,DOP,175,6.9314,100.305966,21/09/2026,10:36:33 AM,PRESTAMO,SEGUNDA PARTE,ROTC,21/10/2026,CONFIRMADA,3353978,0,12/02/2022,12/02/2027,1.544982,BANCO CENTRAL DE LA REPUBLICA DOMINICANA,BCENTRAL,60879
DO1002223928,NO120227,BCENTRAL/8 BOEST 20270212 GTIA,1750000,DOP,175,7.2965,100.254485,21/09/2026,10:36:33 AM,PRESTAMO,PRIMERA PARTE,ROTC,21/09/2026,CONFIRMADA,3353978,0,12/02/2022,12/02/2027,1.544982,BANCO CENTRAL DE LA REPUBLICA DOMINICANA,BCENTRAL,61033
DO1002223928,NO120227,BCENTRAL/8 BOEST 20270212 GTIA,1750000,DOP,175,6.9314,100.305966,21/09/2026,10:36:31 AM,PLAZO,PRIMERA PARTE,ROTC,21/10/2026,CONFIRMADA,3353979,0,12/02/2022,12/02/2027,0,BANCO CENTRAL DE LA REPUBLICA DOMINICANA,BCENTRAL,59325
DO1002227317,NO150928,BCENTRAL/11 BOEST 20280915 GTIA,100000,DOP,10,9.1901,103.21079,21/09/2026,10:36:30 AM,CONTADO,PRIMERA PARTE,ROTC,21/09/2026,CONFIRMADA,3353980,0,15/09/2023,15/09/2028,0,BANCO CENTRAL DE LA REPUBLICA DOMINICANA,BCENTRAL,59458
DO1002227317,NO150928,BCENTRAL/11 BOEST 20280915 GTIA,100000,DOP,10,9.2316,102.86956,21/09/2026,10:36:29 AM,PRESTAMO,SEGUNDA PARTE,ROTC,20/11/2026,CONFIRMADA,3353981,0,15/09/2023,15/09/2028,1.586926,BANCO CENTRAL DE LA REPUBLICA DOMINICANA,BCENTRAL,60193
DO1002227317,NO150928,BCENTRAL/11 BOEST 20280915 GTIA,100000,DOP,10,9.1901,103.21079,21/09/2026,10:36:29 AM,PRESTAMO,PRIMERA PARTE,ROTC,21/09/2026,CONFIRMADA,3353981,0,15/09/2023,15/09/2028,1.586926,BANCO CENTRAL DE LA REPUBLICA DOMINICANA,BCENTRAL,60207
DO1002227317,NO150928,BCENTRAL/11 BOEST 20280915 GTIA,100000,DOP,10,9.2316,102.86956,21/09/2026,10:36:28 AM,PLAZO,PRIMERA PARTE,ROTC,20/11/2026,CONFIRMADA,3353982,0,15/09/2023,15/09/2028,0,BANCO CENTRAL DE LA REPUBLICA DOMINICANA,BCENTRAL,58646
USP3579ECF27,BSRD2030,DOMINICAN REP/4.5 BD 20300130 UNS,68000,USD,68,5.7477,96.231794,21/09/2026,10:36:27 AM,CONTADO,PRIMERA PARTE,ROTC,21/09/2026,CONFIRMADA,3353983,0,30/01/2020,30/01/2030,0,MINISTERIO DE HACIENDA,HACIENDA,61173
USP3579ECF27,BSRD2030,DOMINICAN REP/4.5 BD 20300130 UNS,68000,USD,68,5.806,96.147412,21/09/2026,10:36:25 AM,PRESTAMO,SEGUNDA PARTE,ROTC,21/10/2026,CONFIRMADA,3353984,0,30/01/2020,30/01/2030,0.955248,MINISTERIO DE HACIENDA,HACIENDA,61271
USP3579ECF27,BSRD2030,DOMINICAN REP/4.5 BD 20300130 UNS,68000,USD,68,5.7477,96.231794,21/09/2026,10:36:25 AM,PRESTAMO,PRIMERA PARTE,ROTC,21/09/2026,CONFIRMADA,3353984,0,30/01/2020,30/01/2030,0.955248,MINISTERIO DE HACIENDA,HACIENDA,61852
USP3579ECF27,BSRD2030,DOMINICAN REP/4.5 BD 20300130 UNS,68000,USD,68,5.806,96.147412,21/09/2026,10:36:24 AM,PLAZO,PRIMERA PARTE,ROTC,21/10/2026,CONFIRMADA,3353985,0,30/01/2020,30/01/2030,0,MINISTERIO DE HACIENDA,HACIENDA,59724
DO1002228612,NO031227,BCENTRAL/8 BOEST 20271203 GTIA,490000,DOP,49,8.3072,99.636445,21/09/2026,10:36:23 AM,CONTADO,PRIMERA PARTE,ROTC,21/09/2026,CONFIRMADA,3353986,0,03/12/2024,03/12/2027,0,BANCO CENTRAL DE LA REPUBLICA DOMINICANA,BCENTRAL,59360
DO1002228612,NO031227,BCENTRAL/8 BOEST 20271203 GTIA,490000,DOP,49,1.6463,99.970837,21/09/2026,10:36:21 AM,PRESTAMO,SEGUNDA PARTE,ROTC,02/12/2026,CONFIRMADA,3353987,0,03/12/2024,03/12/2027,4.148703,BANCO CENTRAL DE LA REPUBLICA DOMINICANA,BCENTRAL,59969
DO1002228612,NO031227,BCENTRAL/8 BOEST 20271203 GTIA,490000,DOP,49,8.3072,99.636445,21/09/2026,10:36:21 AM,PRESTAMO,PRIMERA PARTE,ROTC,21/09/2026,CONFIRMADA,3353987,0,03/12/2024,03/12/2027,4.148703,BANCO CENTRAL DE LA REPUBLICA DOMINICANA,BCENTRAL,60039
DO1002228612,NO031227,BCENTRAL/8 BOEST 20271203 GTIA,490000,DOP,49,1.6463,99.970837,21/09/2026,10:36:20 AM,PLAZO,PRIMERA PARTE,ROTC,02/12/2026,CONFIRMADA,3353988,0,03/12/2024,03/12/2027,0,BANCO CENTRAL DE LA REPUBLICA DOMINICANA,BCENTRAL,58422
DO1002227317,NO150928,BCENTRAL/11 BOEST 20280915 GTIA,3390000,DOP,339,9.272,103.062517,21/09/2026,10:36:19 AM,CONTADO,PRIMERA PARTE,ROTC,21/09/2026,CONFIRMADA,3353989,0,15/09/2023,15/09/2028,0,BANCO CENTRAL DE LA REPUBLICA DOMINICANA,BCENTRAL,60389
DO1002227317,NO150928,BCENTRAL/11 BOEST 20280915 GTIA,3390000,DOP,339,-1.829,102.963968,21/09/2026,10:36:18 AM,PRESTAMO,SEGUNDA PARTE,ROTC,21/10/2026,CONFIRMADA,3353991,0,15/09/2023,15/09/2028,0.956557,BANCO CENTRAL DE LA REPUBLICA DOMINICANA,BCENTRAL,61404
DO1002227317,NO150928,BCENTRAL/11 BOEST 20280915 GTIA,3390000,DOP,339,9.272,103.062517,21/09/2026,10:36:18 AM,PRESTAMO,PRIMERA PARTE,ROTC,21/09/2026,CONFIRMADA,3353991,0,15/09/2023,15/09/2028,0.956557,BANCO CENTRAL DE LA REPUBLICA DOMINICANA,BCENTRAL,61075
DO1002227317,NO150928,BCENTRAL/11 BOEST 20280915 GTIA,3390000,DOP,339,-1.829,102.963968,21/09/2026,10:36:16 AM,PLAZO,PRIMERA PARTE,ROTC,21/10/2026,CONFIRMADA,3353992,0,15/09/2023,15/09/2028,0,BANCO CENTRAL DE LA REPUBLICA DOMINICANA,BCENTRAL,59850
USP3579ECF27,BSRD2030,DOMINICAN REP/4.5 BD 20300130 UNS,11000,USD,11,7.2258,91.990818,21/09/2026,10:36:15 AM,CONTADO,PRIMERA PARTE,ROTC,21/09/2026,CONFIRMADA,3353993,0,30/01/2020,30/01/2030,0,MINISTERIO DE HACIENDA,HACIENDA,60970
USP3579ECF27,BSRD2030,DOMINICAN REP/4.5 BD 20300130 UNS,11000,USD,11,7.4092,91.847727,21/09/2026,10:36:14 AM,PRESTAMO,SEGUNDA PARTE,ROTC,20/11/2026,CONFIRMADA,3353994,0,30/01/2020,30/01/2030,1.321469,MINISTERIO DE HACIENDA,HACIENDA,61523
USP3579ECF27,BSRD2030,DOMINICAN REP/4.5 BD 20300130 UNS,11000,USD,11,7.2258,91.990818,21/09/2026,10:36:14 AM,PRESTAMO,PRIMERA PARTE,ROTC,21/09/2026,CONFIRMADA,3353994,0,30/01/2020,30/01/2030,1.321469,MINISTERIO DE HACIENDA,HACIENDA,61656
USP3579ECF27,BSRD2030,DOMINICAN REP/4.5 BD 20300130 UNS,11000,USD,11,7.4092,91.847727,21/09/2026,10:36:13 AM,PLAZO,PRIMERA PARTE,ROTC,20/11/2026,CONFIRMADA,3353995,0,30/01/2020,30/01/2030,0,MINISTERIO DE HACIENDA,HACIENDA,59976
DO1002228612,NO031227,BCENTRAL/8 BOEST 20271203 GTIA,120000,DOP,12,-2.6388,96.2074,21/09/2026,10:36:11 AM,PLAZO,PRIMERA PARTE,ROTC,02/12/2026,CONFIRMADA,3353996,0,03/12/2024,03/12/2027,0,BANCO CENTRAL DE LA REPUBLICA DOMINICANA,BCENTRAL,57806
USP3579ECF27,BSRD2030,DOMINICAN REP/4.5 BD 20300130 UNS,1000,USD,1,5.86388486,95.89,21/09/2026,10:36:10 AM,CONTADO,PRIMERA PARTE,ROTC,21/09/2026,CONFIRMADA,3353997,0,30/01/2020,30/01/2030,0,MINISTERIO DE HACIENDA,HACIENDA,60375
USP3579EDA21,BSRD2034, ,4000,USD,4,6.62289851,94.91,21/09/2026,10:36:09 AM,CONTADO,PRIMERA PARTE,ROTC,21/09/2026,CONFIRMADA,3353998,0,17/02/2026,17/03/2034,0,MINISTERIO DE HACIENDA,HACIENDA,46620
DO1002223928,NO120227,BCENTRAL/8 BOEST 20270212 GTIA,210000,DOP,21,1.7757,102.413467,21/09/2026,10:36:08 AM,CONTADO,PRIMERA PARTE,ROTC,21/09/2026,CONFIRMADA,3353999,0,12/02/2022,12/02/2027,0,BANCO CENTRAL DE LA REPUBLICA DOMINICANA,BCENTRAL,59521
DO1002223928,NO120227,BCENTRAL/8 BOEST 20270212 GTIA,210000,DOP,21,-0.0053,102.479976,21/09/2026,10:36:06 AM,PRESTAMO,SEGUNDA PARTE,ROTC,21/10/2026,CONFIRMADA,3354000,0,12/02/2022,12/02/2027,1.527136,BANCO CENTRAL DE LA REPUBLICA DOMINICANA,BCENTRAL,60382
DO1002223928,NO120227,BCENTRAL/8 BOEST 20270212 GTIA,210000,DOP,21,1.7757,102.413467,21/09/2026,10:36:06 AM,PRESTAMO,PRIMERA PARTE,ROTC,21/09/2026,CONFIRMADA,3354000,0,12/02/2022,12/02/2027,1.527136,BANCO CENTRAL DE LA REPUBLICA DOMINICANA,BCENTRAL,60200
DO1002223928,NO120227,BCENTRAL/8 BOEST 20270212 GTIA,210000,DOP,21,-0.0053,102.479976,21/09/2026,10:36:05 AM,PLAZO,PRIMERA PARTE,ROTC,21/10/2026,CONFIRMADA,3354001,0,12/02/2022,12/02/2027,0,BANCO CENTRAL DE LA REPUBLICA DOMINICANA,BCENTRAL,58835
DO1002223928,NO120227,BCENTRAL/8 BOEST 20270212 GTIA,520000,DOP,52,8.2349,99.897646,21/09/2026,10:36:04 AM,CONTADO,PRIMERA PARTE,ROTC,21/09/2026,CONFIRMADA,3354002,0,12/02/2022,12/02/2027,0,BANCO CENTRAL DE LA REPUBLICA DOMINICANA,BCENTRAL,59416
DO1002223928,NO120227,BCENTRAL/8 BOEST 20270212 GTIA,520000,DOP,52,6.6729,100.173631,21/09/2026,10:36:03 AM,PRESTAMO,SEGUNDA PARTE,ROTC,21/12/2026,CONFIRMADA,3354003,0,12/02/2022,12/02/2027,3.032195,BANCO CENTRAL DE LA REPUBLICA DOMINICANA,BCENTRAL,60109
DO1002223928,NO120227,BCENTRAL/8 BOEST 20270212 GTIA,520000,DOP,52,8.2349,99.897646,21/09/2026,10:36:03 AM,PRESTAMO,PRIMERA PARTE,ROTC,21/09/2026,CONFIRMADA,3354003,0,12/02/2022,12/02/2027,3.032195,BANCO CENTRAL DE LA REPUBLICA DOMINICANA,BCENTRAL,60102
DO1002223928,NO120227,BCENTRAL/8 BOEST 20270212 GTIA,520000,DOP,52,6.6729,100.173631,21/09/2026,10:36:01 AM,PLAZO,PRIMERA PARTE,ROTC,21/12/2026,CONFIRMADA,3354004,0,12/02/2022,12/02/2027,0,BANCO CENTRAL DE LA REPUBLICA DOMINICANA,BCENTRAL,58555
DO1002223928,NO120227,BCENTRAL/8 BOEST 20270212 GTIA,1140000,DOP,114,7.9306,100.013061,21/09/2026,10:36:00 AM,CONTADO,PRIMERA PARTE,ROTC,21/09/2026,CONFIRMADA,3354005,0,12/02/2022,12/02/2027,0,BANCO CENTRAL DE LA REPUBLICA DOMINICANA,BCENTRAL,60053
DO1002223928,NO120227,BCENTRAL/8 BOEST 20270212 GTIA,1140000,DOP,114,5.8532,100.291628,21/09/2026,10:35:59 AM,PRESTAMO,SEGUNDA PARTE,ROTC,21/12/2026,CONFIRMADA,3354006,0,12/02/2022,12/02/2027,3.031229,BANCO CENTRAL DE LA REPUBLICA DOMINICANA,BCENTRAL,60837
DO1002223928,NO120227,BCENTRAL/8 BOEST 20270212 GTIA,1140000,DOP,114,7.9306,100.013061,21/09/2026,10:35:59 AM,PRESTAMO,PRIMERA PARTE,ROTC,21/09/2026,CONFIRMADA,3354006,0,12/02/2022,12/02/2027,3.031229,BANCO CENTRAL DE LA REPUBLICA DOMINICANA,BCENTRAL,60837
DO1002223928,NO120227,BCENTRAL/8 BOEST 20270212 GTIA,1140000,DOP,114,5.8532,100.291628,21/09/2026,10:35:58 AM,PLAZO,PRIMERA PARTE,ROTC,21/12/2026,CONFIRMADA,3354007,0,12/02/2022,12/02/2027,0,BANCO CENTRAL DE LA REPUBLICA DOMINICANA,BCENTRAL,59290
DO1002227317,NO150928,BCENTRAL/11 BOEST 20280915 GTIA,1980000,DOP,198,9.2879,103.033589,21/09/2026,10:35:56 AM,CONTADO,PRIMERA PARTE,ROTC,21/09/2026,CONFIRMADA,3354008,0,15/09/2023,15/09/2028,0,BANCO CENTRAL DE LA REPUBLICA DOMINICANA,BCENTRAL,60921
DO1002227317,NO150928,BCENTRAL/11 BOEST 20280915 GTIA,1980000,DOP,198,9.3028,102.518062,21/09/2026,10:35:55 AM,PRESTAMO,SEGUNDA PARTE,ROTC,19/01/2027,CONFIRMADA,3354009,0,15/09/2023,15/09/2028,3.11547,BANCO CENTRAL DE LA REPUBLICA DOMINICANA,BCENTRAL,61404
DO1002227317,NO150928,BCENTRAL/11 BOEST 20280915 GTIA,1980000,DOP,198,9.2879,103.033589,21/09/2026,10:35:55 AM,PRESTAMO,PRIMERA PARTE,ROTC,21/09/2026,CONFIRMADA,3354009,0,15/09/2023,15/09/2028,3.11547,BANCO CENTRAL DE LA REPUBLICA DOMINICANA,BCENTRAL,61607
DO1002227317,NO150928,BCENTRAL/11 BOEST 20280915 GTIA,1980000,DOP,198,9.3028,102.518062,21/09/2026,10:35:54 AM,PLAZO,PRIMERA PARTE,ROTC,19/01/2027,CONFIRMADA,3354010,0,15/09/2023,15/09/2028,0,BANCO CENTRAL DE LA REPUBLICA DOMINICANA,BCENTRAL,59857
DO1002223928,NO120227,BCENTRAL/8 BOEST 20270212 GTIA,100000,DOP,10,10.2785,99.13043,21/09/2026,10:35:53 AM,CONTADO,PRIMERA PARTE,ROTC,21/09/2026,CONFIRMADA,3354011,0,12/02/2022,12/02/2027,0,BANCO CENTRAL DE LA REPUBLICA DOMINICANA,BCENTRAL,59129
DO1002223928,NO120227,BCENTRAL/8 BOEST 20270212 GTIA,100000,DOP,10,10.9804,99.09076,21/09/2026,10:35:52 AM,PRESTAMO,SEGUNDA PARTE,ROTC,21/10/2026,CONFIRMADA,3354012,0,12/02/2022,12/02/2027,1.473048,BANCO CENTRAL DE LA REPUBLICA DOMINICANA,BCENTRAL,59766
DO1002223928,NO120227,BCENTRAL/8 BOEST 20270212 GTIA,100000,DOP,10,10.2785,99.13043,21/09/2026,10:35:52 AM,PRESTAMO,PRIMERA PARTE,ROTC,21/09/2026,CONFIRMADA,3354012,0,12/02/2022,12/02/2027,1.473048,BANCO CENTRAL DE LA REPUBLICA DOMINICANA,BCENTRAL,59815
DO1002223928,NO120227,BCENTRAL/8 BOEST 20270212 GTIA,100000,DOP,10,10.9804,99.09076,21/09/2026,10:35:50 AM,PLAZO,PRIMERA PARTE,ROTC,21/10/2026,CONFIRMADA,3354013,0,12/02/2022,12/02/2027,0,BANCO CENTRAL DE LA REPUBLICA DOMINICANA,BCENTRAL,58212
DO1002223928,NO120227,BCENTRAL/8 BOEST 20270212 GTIA,490000,DOP,49,4.9197,101.171251,21/09/2026,10:35:49 AM,CONTADO,PRIMERA PARTE,ROTC,21/09/2026,CONFIRMADA,3354014,0,12/02/2022,12/02/2027,0,BANCO CENTRAL DE LA REPUBLICA DOMINICANA,BCENTRAL,59647
DO1002223928,NO120227,BCENTRAL/8 BOEST 20270212 GTIA,490000,DOP,49,-2.1452,101.475729,21/09/2026,10:35:48 AM,PRESTAMO,SEGUNDA PARTE,ROTC,21/12/2026,CONFIRMADA,3354015,0,12/02/2022,12/02/2027,3.021661,BANCO CENTRAL DE LA REPUBLICA DOMINICANA,BCENTRAL,60550
DO1002223928,NO120227,BCENTRAL/8 BOEST 20270212 GTIA,490000,DOP,49,4.9197,101.171251,21/09/2026,10:35:48 AM,PRESTAMO,PRIMERA PARTE,ROTC,21/09/2026,CONFIRMADA,3354015,0,12/02/2022,12/02/2027,3.021661,BANCO CENTRAL DE LA REPUBLICA DOMINICANA,BCENTRAL,60333
DO1002223928,NO120227,BCENTRAL/8 BOEST 20270212 GTIA,490000,DOP,49,-2.1452,101.475729,21/09/2026,10:35:47 AM,PLAZO,PRIMERA PARTE,ROTC,21/12/2026,CONFIRMADA,3354016,0,12/02/2022,12/02/2027,0,BANCO CENTRAL DE LA REPUBLICA DOMINICANA,BCENTRAL,59003
USP3579EBV85,BSDR2027,DOMINICAN Rep/5.95 BD 20270125 Se,248000,USD,248,4.3164,100.545843,21/09/2026,10:35:45 AM,CONTADO,PRIMERA PARTE,ROTC,21/09/2026,CONFIRMADA,3354017,0,25/01/2017,25/01/2027,0,MINISTERIO DE HACIENDA,HACIENDA,62678
USP3579EBV85,BSDR2027,DOMINICAN Rep/5.95 BD 20270125 Se,248000,USD,248,4.3522,100.529173,21/09/2026,10:35:44 AM,PRESTAMO,SEGUNDA PARTE,ROTC,22/09/2026,CONFIRMADA,3354018,0,25/01/2017,25/01/2027,0.911997,MINISTERIO DE HACIENDA,HACIENDA,63280
USP3579EBV85,BSDR2027,DOMINICAN Rep/5.95 BD 20270125 Se,248000,USD,248,4.3164,100.545843,21/09/2026,10:35:44 AM,PRESTAMO,PRIMERA PARTE,ROTC,21/09/2026,CONFIRMADA,3354018,0,25/01/2017,25/01/2027,0.911997,MINISTERIO DE HACIENDA,HACIENDA,63364
USP3579EBV85,BSDR2027,DOMINICAN Rep/5.95 BD 20270125 Se,102000,USD,102,5.2875,100.214902,21/09/2026,10:35:43 AM,CONTADO,PRIMERA PARTE,ROTC,21/09/2026,CONFIRMADA,3354019,0,25/01/2017,25/01/2027,0,MINISTERIO DE HACIENDA,HACIENDA,62496
USP3579EBV85,BSDR2027,DOMINICAN Rep/5.95 BD 20270125 Se,102000,USD,102,5.3315,100.198235,21/09/2026,10:35:42 AM,PRESTAMO,SEGUNDA PARTE,ROTC,22/09/2026,CONFIRMADA,3354020,0,25/01/2017,25/01/2027,0.914988,MINISTERIO DE HACIENDA,HACIENDA,63126
USP3579EBV85,BSDR2027,DOMINICAN Rep/5.95 BD 20270125 Se,102000,USD,102,5.2875,100.214902,21/09/2026,10:35:42 AM,PRESTAMO,PRIMERA PARTE,ROTC,21/09/2026,CONFIRMADA,3354020,0,25/01/2017,25/01/2027,0.914988,MINISTERIO DE HACIENDA,HACIENDA,63182
DO1002223928,NO120227,BCENTRAL/8 BOEST 20270212 GTIA,540000,DOP,54,11.235,98.775859,21/09/2026,10:35:40 AM,CONTADO,PRIMERA PARTE,ROTC,21/09/2026,CONFIRMADA,3354021,0,12/02/2022,12/02/2027,0,BANCO CENTRAL DE LA REPUBLICA DOMINICANA,BCENTRAL,59339
DO1002223928,NO120227,BCENTRAL/8 BOEST 20270212 GTIA,540000,DOP,54,14.8634,99.02675,21/09/2026,10:35:39 AM,PRESTAMO,SEGUNDA PARTE,ROTC,21/12/2026,CONFIRMADA,3354022,0,12/02/2022,12/02/2027,3.041698,BANCO CENTRAL DE LA REPUBLICA DOMINICANA,BCENTRAL,59941
DO1002223928,NO120227,BCENTRAL/8 BOEST 20270212 GTIA,540000,DOP,54,11.235,98.775859,21/09/2026,10:35:39 AM,PRESTAMO,PRIMERA PARTE,ROTC,21/09/2026,CONFIRMADA,3354022,0,12/02/2022,12/02/2027,3.041698,BANCO CENTRAL DE LA REPUBLICA DOMINICANA,BCENTRAL,60088
DO1002223928,NO120227,BCENTRAL/8 BOEST 20270212 GTIA,540000,DOP,54,14.8634,99.02675,21/09/2026,10:35:38 AM,PLAZO,PRIMERA PARTE,ROTC,21/12/2026,CONFIRMADA,3354023,0,12/02/2022,12/02/2027,0,BANCO CENTRAL DE LA REPUBLICA DOMINICANA,BCENTRAL,58394
DO1002228612,NO031227,BCENTRAL/8 BOEST 20271203 GTIA,120000,DOP,12,11.7216,95.917958,21/09/2026,10:35:37 AM,CONTADO,PRIMERA PARTE,ROTC,21/09/2026,CONFIRMADA,3354024,0,03/12/2024,03/12/2027,0,BANCO CENTRAL DE LA REPUBLICA DOMINICANA,BCENTRAL,59619
DO1002228612,NO031227,BCENTRAL/8 BOEST 20271203 GTIA,120000,DOP,12,-2.6388,96.2074,21/09/2026,10:35:35 AM,PRESTAMO,SEGUNDA PARTE,ROTC,02/12/2026,CONFIRMADA,3354025,0,03/12/2024,03/12/2027,4.25968,BANCO CENTRAL DE LA REPUBLICA DOMINICANA,BCENTRAL,59381
DO1002228612,NO031227,BCENTRAL/8 BOEST 20271203 GTIA,120000,DOP,12,11.7216,95.917958,21/09/2026,10:35:35 AM,PRESTAMO,PRIMERA PARTE,ROTC,21/09/2026,CONFIRMADA,3354025,0,03/12/2024,03/12/2027,4.25968,BANCO CENTRAL DE LA REPUBLICA DOMINICANA,BCENTRAL,60298
USP3579EBV85,BSDR2027,DOMINICAN Rep/5.95 BD 20270125 Se,248000,USD,248,4.3522,100.529173,21/09/2026,10:35:34 AM,CONTADO,PRIMERA PARTE,ROTC,22/09/2026,CONFIRMADA,3354026,0,25/01/2017,25/01/2027,0,MINISTERIO DE HACIENDA,HACIENDA,62643
USP3579EBV85,BSDR2027,DOMINICAN Rep/5.95 BD 20270125 Se,102000,USD,102,5.3315,100.198235,21/09/2026,10:35:33 AM,CONTADO,PRIMERA PARTE,ROTC,22/09/2026,CONFIRMADA,3354027,0,25/01/2017,25/01/2027,0,MINISTERIO DE HACIENDA,HACIENDA,62496
DO1005205716,MHUS2027,HACIENDA/6 BOEST 20270305 GTIA,70000,USD,70,-0.7278,102.499543,21/09/2026,10:32:06 AM,PRESTAMO,SEGUNDA PARTE,ROTC,21/10/2026,CONFIRMADA,3354030,0,05/09/2016,05/03/2027,4.65,MINISTERIO DE HACIENDA,HACIENDA,60403
DO1005205716,MHUS2027,HACIENDA/6 BOEST 20270305 GTIA,70000,USD,70,0.2521,102.594129,21/09/2026,10:32:06 AM,PRESTAMO,PRIMERA PARTE,ROTC,21/09/2026,CONFIRMADA,3354030,0,05/09/2016,05/03/2027,4.65,MINISTERIO DE HACIENDA,HACIENDA,60081
DO1005205716,MHUS2027,HACIENDA/6 BOEST 20270305 GTIA,70000,USD,70,-0.7278,102.499543,21/09/2026,10:32:05 AM,ESTRUCTURADA,SEGUNDA PARTE,ROTC,21/10/2026,CONFIRMADA,3353891,0,05/09/2016,05/03/2027,4.65,MINISTERIO DE HACIENDA,HACIENDA,62496
DO1005205716,MHUS2027,HACIENDA/6 BOEST 20270305 GTIA,70000,USD,70,0.2521,102.594129,21/09/2026,10:32:05 AM,ESTRUCTURADA,PRIMERA PARTE,ROTC,21/09/2026,CONFIRMADA,3353891,0,05/09/2016,05/03/2027,4.65,MINISTERIO DE HACIENDA,HACIENDA,62174
DO1005205716,MHUS2027,HACIENDA/6 BOEST 20270305 GTIA,49000,USD,49,1.5022,101.646061,21/09/2026,10:30:33 AM,PRESTAMO,SEGUNDA PARTE,ROTC,21/10/2026,CONFIRMADA,3353990,0,05/09/2016,05/03/2027,4.25,MINISTERIO DE HACIENDA,HACIENDA,59976
DO1005205716,MHUS2027,HACIENDA/6 BOEST 20270305 GTIA,49000,USD,49,2.0102,101.777796,21/09/2026,10:30:33 AM,PRESTAMO,PRIMERA PARTE,ROTC,21/09/2026,CONFIRMADA,3353990,0,05/09/2016,05/03/2027,4.25,MINISTERIO DE HACIENDA,HACIENDA,60200
DO1005205716,MHUS2027,HACIENDA/6 BOEST 20270305 GTIA,49000,USD,49,1.5022,101.646061,21/09/2026,10:30:32 AM,ESTRUCTURADA,SEGUNDA PARTE,ROTC,21/10/2026,CONFIRMADA,3353890,0,05/09/2016,05/03/2027,4.25,MINISTERIO DE HACIENDA,HACIENDA,62069
DO1005205716,MHUS2027,HACIENDA/6 BOEST 20270305 GTIA,49000,USD,49,2.0102,101.777796,21/09/2026,10:30:32 AM,ESTRUCTURADA,PRIMERA PARTE,ROTC,21/09/2026,CONFIRMADA,3353890,0,05/09/2016,05/03/2027,4.25,MINISTERIO DE HACIENDA,HACIENDA,62293
DO1005213025,MH22031,HACIENDA/10.25 BOEST 20310209 GTIA,100000,DOP,1,10.4405,99.33988,21/09/2026,10:29:30 AM,PRESTAMO,SEGUNDA PARTE,ROTC,21/10/2026,CONFIRMADA,3353917,0,09/02/2024,09/02/2031,1.845007,MINISTERIO DE HACIENDA,HACIENDA,60053
DO1005213025,MH22031,HACIENDA/10.25 BOEST 20310209 GTIA,100000,DOP,1,10.3898,99.51923,21/09/2026,10:29:30 AM,PRESTAMO,PRIMERA PARTE,ROTC,21/09/2026,CONFIRMADA,3353917,0,09/02/2024,09/02/2031,1.845007,MINISTERIO DE HACIENDA,HACIENDA,60200
DO1005213025,MH22031,HACIENDA/10.25 BOEST 20310209 GTIA,100000,DOP,1,10.4405,99.33988,21/09/2026,10:29:28 AM,PLAZO,PRIMERA PARTE,ROTC,21/10/2026,CONFIRMADA,3353918,0,09/02/2024,09/02/2031,0,MINISTERIO DE HACIENDA,HACIENDA,58562
DO1005213025,MH22031,HACIENDA/10.25 BOEST 20310209 GTIA,400000,DOP,4,10.8637,98.04278,21/09/2026,10:29:27 AM,PRESTAMO,SEGUNDA PARTE,ROTC,08/02/2027,CONFIRMADA,3353920,0,09/02/2024,09/02/2031,4.372633,MINISTERIO DE HACIENDA,HACIENDA,60186
DO1005213025,MH22031,HACIENDA/10.25 BOEST 20310209 GTIA,400000,DOP,4,10.6378,98.670057,21/09/2026,10:29:27 AM,PRESTAMO,PRIMERA PARTE,ROTC,25/09/2026,CONFIRMADA,3353920,0,09/02/2024,09/02/2031,4.372633,MINISTERIO DE HACIENDA,HACIENDA,60648
DO1005213025,MH22031,HACIENDA/10.25 BOEST 20310209 GTIA,400000,DOP,4,10.8637,98.04278,21/09/2026,10:29:26 AM,PLAZO,PRIMERA PARTE,ROTC,08/02/2027,CONFIRMADA,3353921,0,09/02/2024,09/02/2031,0,MINISTERIO DE HACIENDA,HACIENDA,58639
DO1005205716,MHUS2027,HACIENDA/6 BOEST 20270305 GTIA,1000,USD,1,12.8057,99.737,21/09/2026,10:29:25 AM,PRESTAMO,SEGUNDA PARTE,ROTC,19/02/2027,CONFIRMADA,3353923,0,05/09/2016,05/03/2027,2.012061,MINISTERIO DE HACIENDA,HACIENDA,58415
DO1005205716,MHUS2027,HACIENDA/6 BOEST 20270305 GTIA,1000,USD,1,4.9945,100.42,21/09/2026,10:29:25 AM,PRESTAMO,PRIMERA PARTE,ROTC,22/09/2026,CONFIRMADA,3353923,0,05/09/2016,05/03/2027,2.012061,MINISTERIO DE HACIENDA,HACIENDA,58002
DO1005205716,MHUS2027,HACIENDA/6 BOEST 20270305 GTIA,1000,USD,1,12.8057,99.737,21/09/2026,10:29:24 AM,PLAZO,PRIMERA PARTE,ROTC,19/02/2027,CONFIRMADA,3353924,0,05/09/2016,05/03/2027,0,MINISTERIO DE HACIENDA,HACIENDA,56868
DO1005205716,MHUS2027,HACIENDA/6 BOEST 20270305 GTIA,1000,USD,1,4.9945,100.42,21/09/2026,10:28:44 AM,CONTADO,PRIMERA PARTE,ROTC,22/09/2026,CONFIRMADA,3353922,0,05/09/2016,05/03/2027,0,MINISTERIO DE HACIENDA,HACIENDA,57309
DO1005213025,MH22031,HACIENDA/10.25 BOEST 20310209 GTIA,400000,DOP,4,10.6378,98.670057,21/09/2026,10:28:26 AM,CONTADO,PRIMERA PARTE,ROTC,25/09/2026,CONFIRMADA,3353919,0,09/02/2024,09/02/2031,0,MINISTERIO DE HACIENDA,HACIENDA,59941
DO1005213025,MH22031,HACIENDA/10.25 BOEST 20310209 GTIA,100000,DOP,1,10.3898,99.51923,21/09/2026,10:28:08 AM,CONTADO,PRIMERA PARTE,ROTC,21/09/2026,CONFIRMADA,3353916,0,09/02/2024,09/02/2031,0,MINISTERIO DE HACIENDA,HACIENDA,59535
DO1005213025,MH22031,HACIENDA/10.25 BOEST 20310209 GTIA,200000,DOP,2,17.7116,78.18082,21/09/2026,10:27:41 AM,PRESTAMO,SEGUNDA PARTE,ROTC,26/10/2026,CONFIRMADA,3353719,0,09/02/2024,09/02/2031,2.334884,MINISTERIO DE HACIENDA,HACIENDA,60060
DO1005213025,MH22031,HACIENDA/10.25 BOEST 20310209 GTIA,200000,DOP,2,17.4809,78.494655,21/09/2026,10:27:41 AM,PRESTAMO,PRIMERA PARTE,ROTC,25/09/2026,CONFIRMADA,3353719,0,09/02/2024,09/02/2031,2.334884,MINISTERIO DE HACIENDA,HACIENDA,60648
DO1005213025,MH22031,HACIENDA/10.25 BOEST 20310209 GTIA,200000,DOP,2,17.7116,78.18082,21/09/2026,10:27:40 AM,PLAZO,PRIMERA PARTE,ROTC,26/10/2026,CONFIRMADA,3353720,0,09/02/2024,09/02/2031,0,MINISTERIO DE HACIENDA,HACIENDA,58513
DO1002261928,LE090427,BCENTRAL/ LT 20270409 GTIA,380000,DOP,38,12.1372,97.373684,21/09/2026,10:27:39 AM,PRESTAMO,SEGUNDA PARTE,ROTC,19/01/2027,CONFIRMADA,3353722,0,09/04/2026,09/04/2027,2.707962,BANCO CENTRAL DE LA REPUBLICA DOMINICANA,BCENTRAL,58450
DO1002261928,LE090427,BCENTRAL/ LT 20270409 GTIA,380000,DOP,38,10,94.736842,21/09/2026,10:27:39 AM,PRESTAMO,PRIMERA PARTE,ROTC,21/09/2026,CONFIRMADA,3353722,0,09/04/2026,09/04/2027,2.707962,BANCO CENTRAL DE LA REPUBLICA DOMINICANA,BCENTRAL,56714
DO1002261928,LE090427,BCENTRAL/ LT 20270409 GTIA,380000,DOP,38,12.1372,97.373684,21/09/2026,10:27:38 AM,PLAZO,PRIMERA PARTE,ROTC,19/01/2027,CONFIRMADA,3353723,0,09/04/2026,09/04/2027,0,BANCO CENTRAL DE LA REPUBLICA DOMINICANA,BCENTRAL,56903
DO1002261928,LE090427,BCENTRAL/ LT 20270409 GTIA,540000,DOP,54,9.7592,95.718546,21/09/2026,10:27:36 AM,PRESTAMO,SEGUNDA PARTE,ROTC,26/10/2026,CONFIRMADA,3353725,0,09/04/2026,09/04/2027,0.692669,BANCO CENTRAL DE LA REPUBLICA DOMINICANA,BCENTRAL,58142
DO1002261928,LE090427,BCENTRAL/ LT 20270409 GTIA,540000,DOP,54,9.5541,95.055533,21/09/2026,10:27:36 AM,PRESTAMO,PRIMERA PARTE,ROTC,25/09/2026,CONFIRMADA,3353725,0,09/04/2026,09/04/2027,0.692669,BANCO CENTRAL DE LA REPUBLICA DOMINICANA,BCENTRAL,58128
DO1002261928,LE090427,BCENTRAL/ LT 20270409 GTIA,540000,DOP,54,9.7592,95.718546,21/09/2026,10:27:35 AM,PLAZO,PRIMERA PARTE,ROTC,26/10/2026,CONFIRMADA,3353726,0,09/04/2026,09/04/2027,0,BANCO CENTRAL DE LA REPUBLICA DOMINICANA,BCENTRAL,56595
DO1002261928,LE090427,BCENTRAL/ LT 20270409 GTIA,540000,DOP,54,8.6322,96.194169,21/09/2026,10:27:34 AM,PRESTAMO,SEGUNDA PARTE,ROTC,26/10/2026,CONFIRMADA,3353728,0,09/04/2026,09/04/2027,0.692669,BANCO CENTRAL DE LA REPUBLICA DOMINICANA,BCENTRAL,58051
DO1002261928,LE090427,BCENTRAL/ LT 20270409 GTIA,540000,DOP,54,8.5987,95.527861,21/09/2026,10:27:34 AM,PRESTAMO,PRIMERA PARTE,ROTC,25/09/2026,CONFIRMADA,3353728,0,09/04/2026,09/04/2027,0.692669,BANCO CENTRAL DE LA REPUBLICA DOMINICANA,BCENTRAL,58261
DO1002261928,LE090427,BCENTRAL/ LT 20270409 GTIA,540000,DOP,54,8.6322,96.194169,21/09/2026,10:27:33 AM,PLAZO,PRIMERA PARTE,ROTC,26/10/2026,CONFIRMADA,3353729,0,09/04/2026,09/04/2027,0,BANCO CENTRAL DE LA REPUBLICA DOMINICANA,BCENTRAL,56504
DO1002261225,LE021026,BCENTRAL/ LT 20261002 GTIA,800000,DOP,80,-91.358,100.254419,21/09/2026,10:27:31 AM,PRESTAMO,SEGUNDA PARTE,ROTC,01/10/2026,CONFIRMADA,3353731,0,02/10/2025,02/10/2026,0.256287,BANCO CENTRAL DE LA REPUBLICA DOMINICANA,BCENTRAL,58296
DO1002261225,LE021026,BCENTRAL/ LT 20261002 GTIA,800000,DOP,80,0.0825,99.99748,21/09/2026,10:27:31 AM,PRESTAMO,PRIMERA PARTE,ROTC,21/09/2026,CONFIRMADA,3353731,0,02/10/2025,02/10/2026,0.256287,BANCO CENTRAL DE LA REPUBLICA DOMINICANA,BCENTRAL,57568
DO1002261225,LE021026,BCENTRAL/ LT 20261002 GTIA,800000,DOP,80,-91.358,100.254419,21/09/2026,10:27:30 AM,PLAZO,PRIMERA PARTE,ROTC,01/10/2026,CONFIRMADA,3353732,0,02/10/2025,02/10/2026,0,BANCO CENTRAL DE LA REPUBLICA DOMINICANA,BCENTRAL,56749
DO1005205716,MHUS2027,HACIENDA/6 BOEST 20270305 GTIA,20000,USD,20,2.4427,100.97465,21/09/2026,10:27:29 AM,PRESTAMO,SEGUNDA PARTE,ROTC,23/11/2026,CONFIRMADA,3353734,0,05/09/2016,05/03/2027,0.995421,MINISTERIO DE HACIENDA,HACIENDA,59696
DO1005205716,MHUS2027,HACIENDA/6 BOEST 20270305 GTIA,20000,USD,20,3.1511,101.25525,21/09/2026,10:27:29 AM,PRESTAMO,PRIMERA PARTE,ROTC,21/09/2026,CONFIRMADA,3353734,0,05/09/2016,05/03/2027,0.995421,MINISTERIO DE HACIENDA,HACIENDA,59661
DO1005205716,MHUS2027,HACIENDA/6 BOEST 20270305 GTIA,20000,USD,20,2.4427,100.97465,21/09/2026,10:27:28 AM,PLAZO,PRIMERA PARTE,ROTC,23/11/2026,CONFIRMADA,3353735,0,05/09/2016,05/03/2027,0,MINISTERIO DE HACIENDA,HACIENDA,58149
USP3579EBY25,BSRD2048,DOMINICAN REP/6.5 CHURCH BD UNSEC,14000,USD,14,5.9282,106.843071,21/09/2026,10:27:27 AM,PRESTAMO,SEGUNDA PARTE,ROTC,23/11/2026,CONFIRMADA,3353737,0,08/02/2018,15/02/2048,1.31082,MINISTERIO DE HACIENDA,HACIENDA,63378
USP3579EBY25,BSRD2048,DOMINICAN REP/6.5 CHURCH BD UNSEC,14000,USD,14,5.9034,107.188786,21/09/2026,10:27:27 AM,PRESTAMO,PRIMERA PARTE,ROTC,21/09/2026,CONFIRMADA,3353737,0,08/02/2018,15/02/2048,1.31082,MINISTERIO DE HACIENDA,HACIENDA,63553
USP3579EBY25,BSRD2048,DOMINICAN REP/6.5 CHURCH BD UNSEC,14000,USD,14,5.9282,106.843071,21/09/2026,10:27:25 AM,PLAZO,PRIMERA PARTE,ROTC,23/11/2026,CONFIRMADA,3353738,0,08/02/2018,15/02/2048,0,MINISTERIO DE HACIENDA,HACIENDA,61824
DO1002261928,LE090427,BCENTRAL/ LT 20270409 GTIA,2720000,DOP,272,0,95.965835,21/09/2026,10:27:24 AM,PRESTAMO,SEGUNDA PARTE,ROTC,21/10/2026,CONFIRMADA,3353740,0,09/04/2026,09/04/2027,0.670474,BANCO CENTRAL DE LA REPUBLICA DOMINICANA,BCENTRAL,56931
DO1002261928,LE090427,BCENTRAL/ LT 20270409 GTIA,2720000,DOP,272,8.8328,95.322408,21/09/2026,10:27:24 AM,PRESTAMO,PRIMERA PARTE,ROTC,21/09/2026,CONFIRMADA,3353740,0,09/04/2026,09/04/2027,0.670474,BANCO CENTRAL DE LA REPUBLICA DOMINICANA,BCENTRAL,58800
DO1002261928,LE090427,BCENTRAL/ LT 20270409 GTIA,2720000,DOP,272,0,95.965835,21/09/2026,10:27:23 AM,PLAZO,PRIMERA PARTE,ROTC,21/10/2026,CONFIRMADA,3353741,0,09/04/2026,09/04/2027,0,BANCO CENTRAL DE LA REPUBLICA DOMINICANA,BCENTRAL,55384
DO1002261928,LE090427,BCENTRAL/ LT 20270409 GTIA,1050000,DOP,105,11.0901,99.448551,21/09/2026,10:27:22 AM,PRESTAMO,SEGUNDA PARTE,ROTC,22/03/2027,CONFIRMADA,3353743,0,09/04/2026,09/04/2027,4.236217,BANCO CENTRAL DE LA REPUBLICA DOMINICANA,BCENTRAL,58926
DO1002261928,LE090427,BCENTRAL/ LT 20270409 GTIA,1050000,DOP,105,9.0048,95.235695,21/09/2026,10:27:22 AM,PRESTAMO,PRIMERA PARTE,ROTC,21/09/2026,CONFIRMADA,3353743,0,09/04/2026,09/04/2027,4.236217,BANCO CENTRAL DE LA REPUBLICA DOMINICANA,BCENTRAL,58737
DO1002261928,LE090427,BCENTRAL/ LT 20270409 GTIA,1050000,DOP,105,11.0901,99.448551,21/09/2026,10:27:20 AM,PLAZO,PRIMERA PARTE,ROTC,22/03/2027,CONFIRMADA,3353744,0,09/04/2026,09/04/2027,0,BANCO CENTRAL DE LA REPUBLICA DOMINICANA,BCENTRAL,57372
DO1005213025,MH22031,HACIENDA/10.25 BOEST 20310209 GTIA,1200000,DOP,12,8.2742,107.025376,21/09/2026,10:27:19 AM,PRESTAMO,SEGUNDA PARTE,ROTC,21/10/2026,CONFIRMADA,3353746,0,09/02/2024,09/02/2031,1.789869,MINISTERIO DE HACIENDA,HACIENDA,61061
DO1005213025,MH22031,HACIENDA/10.25 BOEST 20310209 GTIA,1200000,DOP,12,8.2811,107.123069,21/09/2026,10:27:19 AM,PRESTAMO,PRIMERA PARTE,ROTC,21/09/2026,CONFIRMADA,3353746,0,09/02/2024,09/02/2031,1.789869,MINISTERIO DE HACIENDA,HACIENDA,61145
DO1005213025,MH22031,HACIENDA/10.25 BOEST 20310209 GTIA,1200000,DOP,12,8.2742,107.025376,21/09/2026,10:27:18 AM,PLAZO,PRIMERA PARTE,ROTC,21/10/2026,CONFIRMADA,3353747,0,09/02/2024,09/02/2031,0,MINISTERIO DE HACIENDA,HACIENDA,59514
DO1002261928,LE090427,BCENTRAL/ LT 20270409 GTIA,450000,DOP,45,6.075,97.740362,21/09/2026,10:27:17 AM,PRESTAMO,SEGUNDA PARTE,ROTC,23/11/2026,CONFIRMADA,3353749,0,09/04/2026,09/04/2027,1.491177,BANCO CENTRAL DE LA REPUBLICA DOMINICANA,BCENTRAL,57638
DO1002261928,LE090427,BCENTRAL/ LT 20270409 GTIA,450000,DOP,45,6.9491,96.28288,21/09/2026,10:27:17 AM,PRESTAMO,PRIMERA PARTE,ROTC,21/09/2026,CONFIRMADA,3353749,0,09/04/2026,09/04/2027,1.491177,BANCO CENTRAL DE LA REPUBLICA DOMINICANA,BCENTRAL,57848
DO1002261928,LE090427,BCENTRAL/ LT 20270409 GTIA,450000,DOP,45,6.075,97.740362,21/09/2026,10:27:15 AM,PLAZO,PRIMERA PARTE,ROTC,23/11/2026,CONFIRMADA,3353750,0,09/04/2026,09/04/2027,0,BANCO CENTRAL DE LA REPUBLICA DOMINICANA,BCENTRAL,56084
USP3579EBY25,BSRD2048,DOMINICAN REP/6.5 CHURCH BD UNSEC,1000,USD,1,0,109.95,21/09/2026,10:27:14 AM,PRESTAMO,SEGUNDA PARTE,ROTC,21/10/2026,CONFIRMADA,3353752,0,08/02/2018,15/02/2048,0.916845,MINISTERIO DE HACIENDA,HACIENDA,59367
USP3579EBY25,BSRD2048,DOMINICAN REP/6.5 CHURCH BD UNSEC,1000,USD,1,5.6764,110.123,21/09/2026,10:27:14 AM,PRESTAMO,PRIMERA PARTE,ROTC,21/09/2026,CONFIRMADA,3353752,0,08/02/2018,15/02/2048,0.916845,MINISTERIO DE HACIENDA,HACIENDA,61572
USP3579EBY25,BSRD2048,DOMINICAN REP/6.5 CHURCH BD UNSEC,1000,USD,1,0,109.95,21/09/2026,10:27:13 AM,PLAZO,PRIMERA PARTE,ROTC,21/10/2026,CONFIRMADA,3353753,0,08/02/2018,15/02/2048,0,MINISTERIO DE HACIENDA,HACIENDA,57820
DO1002261928,LE090427,BCENTRAL/ LT 20270409 GTIA,310000,DOP,31,-1.286,100.178929,21/09/2026,10:27:12 AM,PRESTAMO,SEGUNDA PARTE,ROTC,18/02/2027,CONFIRMADA,3353755,0,09/04/2026,09/04/2027,3.401089,BANCO CENTRAL DE LA REPUBLICA DOMINICANA,BCENTRAL,58205
DO1002261928,LE090427,BCENTRAL/ LT 20270409 GTIA,310000,DOP,31,6.0047,96.771755,21/09/2026,10:27:12 AM,PRESTAMO,PRIMERA PARTE,ROTC,21/09/2026,CONFIRMADA,3353755,0,09/04/2026,09/04/2027,3.401089,BANCO CENTRAL DE LA REPUBLICA DOMINICANA,BCENTRAL,58023
DO1002261928,LE090427,BCENTRAL/ LT 20270409 GTIA,310000,DOP,31,-1.286,100.178929,21/09/2026,10:27:10 AM,PLAZO,PRIMERA PARTE,ROTC,18/02/2027,CONFIRMADA,3353756,0,09/04/2026,09/04/2027,0,BANCO CENTRAL DE LA REPUBLICA DOMINICANA,BCENTRAL,56651
DO1002261928,LE090427,BCENTRAL/ LT 20270409 GTIA,760000,DOP,76,4.5648,98.464308,21/09/2026,10:27:09 AM,PRESTAMO,SEGUNDA PARTE,ROTC,07/12/2026,CONFIRMADA,3353758,0,09/04/2026,09/04/2027,1.744311,BANCO CENTRAL DE LA REPUBLICA DOMINICANA,BCENTRAL,58149
DO1002261928,LE090427,BCENTRAL/ LT 20270409 GTIA,760000,DOP,76,6.0527,96.746784,21/09/2026,10:27:09 AM,PRESTAMO,PRIMERA PARTE,ROTC,21/09/2026,CONFIRMADA,3353758,0,09/04/2026,09/04/2027,1.744311,BANCO CENTRAL DE LA REPUBLICA DOMINICANA,BCENTRAL,58240
DO1002261928,LE090427,BCENTRAL/ LT 20270409 GTIA,760000,DOP,76,4.5648,98.464308,21/09/2026,10:27:08 AM,PLAZO,PRIMERA PARTE,ROTC,07/12/2026,CONFIRMADA,3353759,0,09/04/2026,09/04/2027,0,BANCO CENTRAL DE LA REPUBLICA DOMINICANA,BCENTRAL,56602
DO1002261928,LE090427,BCENTRAL/ LT 20270409 GTIA,530000,DOP,53,10.5022,96.918162,21/09/2026,10:27:07 AM,PRESTAMO,SEGUNDA PARTE,ROTC,21/12/2026,CONFIRMADA,3353761,0,09/04/2026,09/04/2027,2.042815,BANCO CENTRAL DE LA REPUBLICA DOMINICANA,BCENTRAL,58254
DO1002261928,LE090427,BCENTRAL/ LT 20270409 GTIA,530000,DOP,53,9.5968,94.938304,21/09/2026,10:27:07 AM,PRESTAMO,PRIMERA PARTE,ROTC,21/09/2026,CONFIRMADA,3353761,0,09/04/2026,09/04/2027,2.042815,BANCO CENTRAL DE LA REPUBLICA DOMINICANA,BCENTRAL,58198
DO1002261928,LE090427,BCENTRAL/ LT 20270409 GTIA,530000,DOP,53,10.5022,96.918162,21/09/2026,10:27:05 AM,PLAZO,PRIMERA PARTE,ROTC,21/12/2026,CONFIRMADA,3353762,0,09/04/2026,09/04/2027,0,BANCO CENTRAL DE LA REPUBLICA DOMINICANA,BCENTRAL,56700
USP3579EBY25,BSRD2048,DOMINICAN REP/6.5 CHURCH BD UNSEC,147000,USD,147,0,105.512844,21/09/2026,10:27:04 AM,PRESTAMO,SEGUNDA PARTE,ROTC,21/10/2026,CONFIRMADA,3353764,0,08/02/2018,15/02/2048,0.941382,MINISTERIO DE HACIENDA,HACIENDA,62244
USP3579EBY25,BSRD2048,DOMINICAN REP/6.5 CHURCH BD UNSEC,147000,USD,147,6.022,105.700014,21/09/2026,10:27:04 AM,PRESTAMO,PRIMERA PARTE,ROTC,21/09/2026,CONFIRMADA,3353764,0,08/02/2018,15/02/2048,0.941382,MINISTERIO DE HACIENDA,HACIENDA,63679
USP3579EBY25,BSRD2048,DOMINICAN REP/6.5 CHURCH BD UNSEC,147000,USD,147,0,105.512844,21/09/2026,10:27:03 AM,PLAZO,PRIMERA PARTE,ROTC,21/10/2026,CONFIRMADA,3353765,0,08/02/2018,15/02/2048,0,MINISTERIO DE HACIENDA,HACIENDA,60697
USP3579EBY25,BSRD2048,DOMINICAN REP/6.5 CHURCH BD UNSEC,6000,USD,6,6.7699,96.969333,21/09/2026,10:27:02 AM,PRESTAMO,SEGUNDA PARTE,ROTC,19/11/2026,CONFIRMADA,3353767,0,08/02/2018,15/02/2048,1.326185,MINISTERIO DE HACIENDA,HACIENDA,62573
USP3579EBY25,BSRD2048,DOMINICAN REP/6.5 CHURCH BD UNSEC,6000,USD,6,6.7341,97.358,21/09/2026,10:27:02 AM,PRESTAMO,PRIMERA PARTE,ROTC,21/09/2026,CONFIRMADA,3353767,0,08/02/2018,15/02/2048,1.326185,MINISTERIO DE HACIENDA,HACIENDA,61404
USP3579EBY25,BSRD2048,DOMINICAN REP/6.5 CHURCH BD UNSEC,6000,USD,6,6.7699,96.969333,21/09/2026,10:27:00 AM,PLAZO,PRIMERA PARTE,ROTC,19/11/2026,CONFIRMADA,3353768,0,08/02/2018,15/02/2048,0,MINISTERIO DE HACIENDA,HACIENDA,61019
DO1002261928,LE090427,BCENTRAL/ LT 20270409 GTIA,1660000,DOP,166,8.9033,95.965307,21/09/2026,10:26:59 AM,PRESTAMO,SEGUNDA PARTE,ROTC,21/10/2026,CONFIRMADA,3353770,0,09/04/2026,09/04/2027,0.670474,BANCO CENTRAL DE LA REPUBLICA DOMINICANA,BCENTRAL,58793
DO1002261928,LE090427,BCENTRAL/ LT 20270409 GTIA,1660000,DOP,166,8.8339,95.321884,21/09/2026,10:26:59 AM,PRESTAMO,PRIMERA PARTE,ROTC,21/09/2026,CONFIRMADA,3353770,0,09/04/2026,09/04/2027,0.670474,BANCO CENTRAL DE LA REPUBLICA DOMINICANA,BCENTRAL,58940
DO1002261928,LE090427,BCENTRAL/ LT 20270409 GTIA,1660000,DOP,166,8.9033,95.965307,21/09/2026,10:26:58 AM,PLAZO,PRIMERA PARTE,ROTC,21/10/2026,CONFIRMADA,3353771,0,09/04/2026,09/04/2027,0,BANCO CENTRAL DE LA REPUBLICA DOMINICANA,BCENTRAL,57246
DO1005213025,MH22031,HACIENDA/10.25 BOEST 20310209 GTIA,100000,DOP,1,10.6097,98.76606,21/09/2026,10:26:57 AM,PRESTAMO,SEGUNDA PARTE,ROTC,01/10/2026,CONFIRMADA,3353773,0,09/02/2024,09/02/2031,1.460754,MINISTERIO DE HACIENDA,HACIENDA,60095
DO1005213025,MH22031,HACIENDA/10.25 BOEST 20310209 GTIA,100000,DOP,1,10.6026,98.78995,21/09/2026,10:26:57 AM,PRESTAMO,PRIMERA PARTE,ROTC,21/09/2026,CONFIRMADA,3353773,0,09/02/2024,09/02/2031,1.460754,MINISTERIO DE HACIENDA,HACIENDA,60263
DO1005213025,MH22031,HACIENDA/10.25 BOEST 20310209 GTIA,100000,DOP,1,10.6097,98.76606,21/09/2026,10:26:55 AM,PLAZO,PRIMERA PARTE,ROTC,01/10/2026,CONFIRMADA,3353774,0,09/02/2024,09/02/2031,0,MINISTERIO DE HACIENDA,HACIENDA,58541
DO1005205716,MHUS2027,HACIENDA/6 BOEST 20270305 GTIA,12000,USD,12,58.6677,98.074667,21/09/2026,10:26:54 AM,PRESTAMO,SEGUNDA PARTE,ROTC,18/02/2027,CONFIRMADA,3353776,0,05/09/2016,05/03/2027,2.000924,MINISTERIO DE HACIENDA,HACIENDA,60305
DO1005205716,MHUS2027,HACIENDA/6 BOEST 20270305 GTIA,12000,USD,12,8.7124,98.786417,21/09/2026,10:26:54 AM,PRESTAMO,PRIMERA PARTE,ROTC,21/09/2026,CONFIRMADA,3353776,0,05/09/2016,05/03/2027,2.000924,MINISTERIO DE HACIENDA,HACIENDA,59934
DO1005205716,MHUS2027,HACIENDA/6 BOEST 20270305 GTIA,12000,USD,12,58.6677,98.074667,21/09/2026,10:26:53 AM,PLAZO,PRIMERA PARTE,ROTC,18/02/2027,CONFIRMADA,3353777,0,05/09/2016,05/03/2027,0,MINISTERIO DE HACIENDA,HACIENDA,58758
DO1002261928,LE090427,BCENTRAL/ LT 20270409 GTIA,890000,DOP,89,8.3738,99.583055,21/09/2026,10:26:52 AM,PRESTAMO,SEGUNDA PARTE,ROTC,22/03/2027,CONFIRMADA,3353779,0,09/04/2026,09/04/2027,4.096926,BANCO CENTRAL DE LA REPUBLICA DOMINICANA,BCENTRAL,58198
DO1002261928,LE090427,BCENTRAL/ LT 20270409 GTIA,890000,DOP,89,8.4753,95.503211,21/09/2026,10:26:52 AM,PRESTAMO,PRIMERA PARTE,ROTC,21/09/2026,CONFIRMADA,3353779,0,09/04/2026,09/04/2027,4.096926,BANCO CENTRAL DE LA REPUBLICA DOMINICANA,BCENTRAL,58149
DO1002261928,LE090427,BCENTRAL/ LT 20270409 GTIA,890000,DOP,89,8.3738,99.583055,21/09/2026,10:26:50 AM,PLAZO,PRIMERA PARTE,ROTC,22/03/2027,CONFIRMADA,3353780,0,09/04/2026,09/04/2027,0,BANCO CENTRAL DE LA REPUBLICA DOMINICANA,BCENTRAL,56644
DO1002223324,NO271126,BCENTRAL/6.5 BOEST 20261127 GTIA,10000,DOP,1,26.7652,98.0785,21/09/2026,10:26:49 AM,PRESTAMO,SEGUNDA PARTE,ROTC,21/10/2026,CONFIRMADA,3353782,0,27/11/2021,27/11/2026,2.723218,BANCO CENTRAL DE LA REPUBLICA DOMINICANA,BCENTRAL,59500
DO1002223324,NO271126,BCENTRAL/6.5 BOEST 20261127 GTIA,10000,DOP,1,18.3615,97.9334,21/09/2026,10:26:49 AM,PRESTAMO,PRIMERA PARTE,ROTC,21/09/2026,CONFIRMADA,3353782,0,27/11/2021,27/11/2026,2.723218,BANCO CENTRAL DE LA REPUBLICA DOMINICANA,BCENTRAL,59577
DO1002223324,NO271126,BCENTRAL/6.5 BOEST 20261127 GTIA,10000,DOP,1,26.7652,98.0785,21/09/2026,10:26:48 AM,PLAZO,PRIMERA PARTE,ROTC,21/10/2026,CONFIRMADA,3353783,0,27/11/2021,27/11/2026,0,BANCO CENTRAL DE LA REPUBLICA DOMINICANA,BCENTRAL,57953
DO1002261928,LE090427,BCENTRAL/ LT 20270409 GTIA,2350000,DOP,235,7.9288,96.390959,21/09/2026,10:26:47 AM,PRESTAMO,SEGUNDA PARTE,ROTC,21/10/2026,CONFIRMADA,3353785,0,09/04/2026,09/04/2027,0.670474,BANCO CENTRAL DE LA REPUBLICA DOMINICANA,BCENTRAL,58849
DO1002261928,LE090427,BCENTRAL/ LT 20270409 GTIA,2350000,DOP,235,8,95.744683,21/09/2026,10:26:47 AM,PRESTAMO,PRIMERA PARTE,ROTC,21/09/2026,CONFIRMADA,3353785,0,09/04/2026,09/04/2027,0.670474,BANCO CENTRAL DE LA REPUBLICA DOMINICANA,BCENTRAL,57092
DO1002261928,LE090427,BCENTRAL/ LT 20270409 GTIA,2350000,DOP,235,7.9288,96.390959,21/09/2026,10:26:46 AM,PLAZO,PRIMERA PARTE,ROTC,21/10/2026,CONFIRMADA,3353786,0,09/04/2026,09/04/2027,0,BANCO CENTRAL DE LA REPUBLICA DOMINICANA,BCENTRAL,57302
USP3579EBY25,BSRD2048,DOMINICAN REP/6.5 CHURCH BD UNSEC,11000,USD,11,6.1233,104.439909,21/09/2026,10:26:45 AM,PRESTAMO,SEGUNDA PARTE,ROTC,22/10/2026,CONFIRMADA,3353788,0,08/02/2018,15/02/2048,0.964595,MINISTERIO DE HACIENDA,HACIENDA,63301
USP3579EBY25,BSRD2048,DOMINICAN REP/6.5 CHURCH BD UNSEC,11000,USD,11,6.1087,104.630545,21/09/2026,10:26:45 AM,PRESTAMO,PRIMERA PARTE,ROTC,22/09/2026,CONFIRMADA,3353788,0,08/02/2018,15/02/2048,0.964595,MINISTERIO DE HACIENDA,HACIENDA,63392
USP3579EBY25,BSRD2048,DOMINICAN REP/6.5 CHURCH BD UNSEC,11000,USD,11,6.1233,104.439909,21/09/2026,10:26:43 AM,PLAZO,PRIMERA PARTE,ROTC,22/10/2026,CONFIRMADA,3353789,0,08/02/2018,15/02/2048,0,MINISTERIO DE HACIENDA,HACIENDA,61747
DO1002261928,LE090427,BCENTRAL/ LT 20270409 GTIA,40000,DOP,4,17.9929,92.16875,21/09/2026,10:26:42 AM,PRESTAMO,SEGUNDA PARTE,ROTC,21/10/2026,CONFIRMADA,3353791,0,09/04/2026,09/04/2027,0.654018,BANCO CENTRAL DE LA REPUBLICA DOMINICANA,BCENTRAL,57323
DO1002261928,LE090427,BCENTRAL/ LT 20270409 GTIA,40000,DOP,4,16.5796,91.56595,21/09/2026,10:26:42 AM,PRESTAMO,PRIMERA PARTE,ROTC,21/09/2026,CONFIRMADA,3353791,0,09/04/2026,09/04/2027,0.654018,BANCO CENTRAL DE LA REPUBLICA DOMINICANA,BCENTRAL,57435
DO1002261928,LE090427,BCENTRAL/ LT 20270409 GTIA,40000,DOP,4,17.9929,92.16875,21/09/2026,10:26:41 AM,PLAZO,PRIMERA PARTE,ROTC,21/10/2026,CONFIRMADA,3353792,0,09/04/2026,09/04/2027,0,BANCO CENTRAL DE LA REPUBLICA DOMINICANA,BCENTRAL,55776
USP3579EBY25,BSRD2048,DOMINICAN REP/6.5 CHURCH BD UNSEC,194000,USD,194,6.053,105.276758,21/09/2026,10:26:40 AM,PRESTAMO,SEGUNDA PARTE,ROTC,19/01/2027,CONFIRMADA,3353794,0,08/02/2018,15/02/2048,2.111713,MINISTERIO DE HACIENDA,HACIENDA,63826
USP3579EBY25,BSRD2048,DOMINICAN REP/6.5 CHURCH BD UNSEC,194000,USD,194,6.0159,105.775454,21/09/2026,10:26:40 AM,PRESTAMO,PRIMERA PARTE,ROTC,21/09/2026,CONFIRMADA,3353794,0,08/02/2018,15/02/2048,2.111713,MINISTERIO DE HACIENDA,HACIENDA,64253
USP3579EBY25,BSRD2048,DOMINICAN REP/6.5 CHURCH BD UNSEC,194000,USD,194,6.053,105.276758,21/09/2026,10:26:39 AM,PLAZO,PRIMERA PARTE,ROTC,19/01/2027,CONFIRMADA,3353795,0,08/02/2018,15/02/2048,0,MINISTERIO DE HACIENDA,HACIENDA,62342
DO1002261928,LE090427,BCENTRAL/ LT 20270409 GTIA,130000,DOP,13,15.2213,95.056492,21/09/2026,10:26:37 AM,PRESTAMO,SEGUNDA PARTE,ROTC,07/12/2026,CONFIRMADA,3353797,0,09/04/2026,09/04/2027,1.711857,BANCO CENTRAL DE LA REPUBLICA DOMINICANA,BCENTRAL,58254
DO1002261928,LE090427,BCENTRAL/ LT 20270409 GTIA,130000,DOP,13,12.7227,93.429262,21/09/2026,10:26:37 AM,PRESTAMO,PRIMERA PARTE,ROTC,22/09/2026,CONFIRMADA,3353797,0,09/04/2026,09/04/2027,1.711857,BANCO CENTRAL DE LA REPUBLICA DOMINICANA,BCENTRAL,58366
DO1002261928,LE090427,BCENTRAL/ LT 20270409 GTIA,130000,DOP,13,15.2213,95.056492,21/09/2026,10:26:36 AM,PLAZO,PRIMERA PARTE,ROTC,07/12/2026,CONFIRMADA,3353798,0,09/04/2026,09/04/2027,0,BANCO CENTRAL DE LA REPUBLICA DOMINICANA,BCENTRAL,56707
DO1005205617,MH12027,HACIENDA/11.25 BOEST 20270205 GTIA,2300000,DOP,23,6.9249,100.844093,21/09/2026,10:26:35 AM,PRESTAMO,SEGUNDA PARTE,ROTC,23/11/2026,CONFIRMADA,3353800,0,05/08/2016,05/02/2027,2.795974,MINISTERIO DE HACIENDA,HACIENDA,61222
DO1005205617,MH12027,HACIENDA/11.25 BOEST 20270205 GTIA,2300000,DOP,23,7.6229,101.320134,21/09/2026,10:26:35 AM,PRESTAMO,PRIMERA PARTE,ROTC,21/09/2026,CONFIRMADA,3353800,0,05/08/2016,05/02/2027,2.795974,MINISTERIO DE HACIENDA,HACIENDA,61194
DO1005205617,MH12027,HACIENDA/11.25 BOEST 20270205 GTIA,2300000,DOP,23,6.9249,100.844093,21/09/2026,10:26:34 AM,PLAZO,PRIMERA PARTE,ROTC,23/11/2026,CONFIRMADA,3353801,0,05/08/2016,05/02/2027,0,MINISTERIO DE HACIENDA,HACIENDA,59675
USP3579EBY25,BSRD2048,DOMINICAN REP/6.5 CHURCH BD UNSEC,10000,USD,10,6.3241,102.0272,21/09/2026,10:26:32 AM,PRESTAMO,SEGUNDA PARTE,ROTC,23/11/2026,CONFIRMADA,3353803,0,08/02/2018,15/02/2048,1.338579,MINISTERIO DE HACIENDA,HACIENDA,62433
USP3579EBY25,BSRD2048,DOMINICAN REP/6.5 CHURCH BD UNSEC,10000,USD,10,6.2931,102.4072,21/09/2026,10:26:32 AM,PRESTAMO,PRIMERA PARTE,ROTC,21/09/2026,CONFIRMADA,3353803,0,08/02/2018,15/02/2048,1.338579,MINISTERIO DE HACIENDA,HACIENDA,62580
USP3579EBY25,BSRD2048,DOMINICAN REP/6.5 CHURCH BD UNSEC,10000,USD,10,6.3241,102.0272,21/09/2026,10:26:31 AM,PLAZO,PRIMERA PARTE,ROTC,23/11/2026,CONFIRMADA,3353804,0,08/02/2018,15/02/2048,0,MINISTERIO DE HACIENDA,HACIENDA,60886
DO1002261928,LE090427,BCENTRAL/ LT 20270409 GTIA,10000,DOP,1,-1.3797,100.6558,21/09/2026,10:26:30 AM,PRESTAMO,SEGUNDA PARTE,ROTC,21/10/2026,CONFIRMADA,3353806,0,09/04/2026,09/04/2027,0.654011,BANCO CENTRAL DE LA REPUBLICA DOMINICANA,BCENTRAL,57078
DO1002261928,LE090427,BCENTRAL/ LT 20270409 GTIA,10000,DOP,1,0.0045,99.9975,21/09/2026,10:26:30 AM,PRESTAMO,PRIMERA PARTE,ROTC,21/09/2026,CONFIRMADA,3353806,0,09/04/2026,09/04/2027,0.654011,BANCO CENTRAL DE LA REPUBLICA DOMINICANA,BCENTRAL,56581
DO1002261928,LE090427,BCENTRAL/ LT 20270409 GTIA,10000,DOP,1,-1.3797,100.6558,21/09/2026,10:26:29 AM,PLAZO,PRIMERA PARTE,ROTC,21/10/2026,CONFIRMADA,3353807,0,09/04/2026,09/04/2027,0,BANCO CENTRAL DE LA REPUBLICA DOMINICANA,BCENTRAL,55594
DO1002261928,LE090427,BCENTRAL/ LT 20270409 GTIA,20000,DOP,2,-1.4145,100.67245,21/09/2026,10:26:27 AM,PRESTAMO,SEGUNDA PARTE,ROTC,21/10/2026,CONFIRMADA,3353809,0,09/04/2026,09/04/2027,0.670442,BANCO CENTRAL DE LA REPUBLICA DOMINICANA,BCENTRAL,57386
DO1002261928,LE090427,BCENTRAL/ LT 20270409 GTIA,20000,DOP,2,0.0045,99.9975,21/09/2026,10:26:27 AM,PRESTAMO,PRIMERA PARTE,ROTC,21/09/2026,CONFIRMADA,3353809,0,09/04/2026,09/04/2027,0.670442,BANCO CENTRAL DE LA REPUBLICA DOMINICANA,BCENTRAL,56637
DO1002261928,LE090427,BCENTRAL/ LT 20270409 GTIA,20000,DOP,2,-1.4145,100.67245,21/09/2026,10:26:26 AM,PLAZO,PRIMERA PARTE,ROTC,21/10/2026,CONFIRMADA,3353810,0,09/04/2026,09/04/2027,0,BANCO CENTRAL DE LA REPUBLICA DOMINICANA,BCENTRAL,55839
DO1005213025,MH22031,HACIENDA/10.25 BOEST 20310209 GTIA,100000,DOP,1,10.6097,98.76606,21/09/2026,10:26:25 AM,PRESTAMO,SEGUNDA PARTE,ROTC,01/10/2026,CONFIRMADA,3353812,0,09/02/2024,09/02/2031,1.460754,MINISTERIO DE HACIENDA,HACIENDA,60060
DO1005213025,MH22031,HACIENDA/10.25 BOEST 20310209 GTIA,100000,DOP,1,10.6026,98.78995,21/09/2026,10:26:25 AM,PRESTAMO,PRIMERA PARTE,ROTC,21/09/2026,CONFIRMADA,3353812,0,09/02/2024,09/02/2031,1.460754,MINISTERIO DE HACIENDA,HACIENDA,60228
DO1005213025,MH22031,HACIENDA/10.25 BOEST 20310209 GTIA,100000,DOP,1,10.6097,98.76606,21/09/2026,10:26:24 AM,PLAZO,PRIMERA PARTE,ROTC,01/10/2026,CONFIRMADA,3353813,0,09/02/2024,09/02/2031,0,MINISTERIO DE HACIENDA,HACIENDA,58513
DO1002261928,LE090427,BCENTRAL/ LT 20270409 GTIA,1050000,DOP,105,9.0253,96.585793,21/09/2026,10:26:22 AM,PRESTAMO,SEGUNDA PARTE,ROTC,19/11/2026,CONFIRMADA,3353815,0,09/04/2026,09/04/2027,1.397823,BANCO CENTRAL DE LA REPUBLICA DOMINICANA,BCENTRAL,58709
DO1002261928,LE090427,BCENTRAL/ LT 20270409 GTIA,1050000,DOP,105,9.0048,95.235695,21/09/2026,10:26:22 AM,PRESTAMO,PRIMERA PARTE,ROTC,21/09/2026,CONFIRMADA,3353815,0,09/04/2026,09/04/2027,1.397823,BANCO CENTRAL DE LA REPUBLICA DOMINICANA,BCENTRAL,58730
DO1002261928,LE090427,BCENTRAL/ LT 20270409 GTIA,1050000,DOP,105,9.0253,96.585793,21/09/2026,10:26:21 AM,PLAZO,PRIMERA PARTE,ROTC,19/11/2026,CONFIRMADA,3353816,0,09/04/2026,09/04/2027,0,BANCO CENTRAL DE LA REPUBLICA DOMINICANA,BCENTRAL,57162
DO1005213025,MH22031,HACIENDA/10.25 BOEST 20310209 GTIA,600000,DOP,6,10.6195,98.732645,21/09/2026,10:26:20 AM,PRESTAMO,SEGUNDA PARTE,ROTC,01/10/2026,CONFIRMADA,3353818,0,09/02/2024,09/02/2031,1.461159,MINISTERIO DE HACIENDA,HACIENDA,60438
DO1005213025,MH22031,HACIENDA/10.25 BOEST 20310209 GTIA,600000,DOP,6,10.6123,98.756613,21/09/2026,10:26:20 AM,PRESTAMO,PRIMERA PARTE,ROTC,21/09/2026,CONFIRMADA,3353818,0,09/02/2024,09/02/2031,1.461159,MINISTERIO DE HACIENDA,HACIENDA,60515
DO1005213025,MH22031,HACIENDA/10.25 BOEST 20310209 GTIA,600000,DOP,6,10.6195,98.732645,21/09/2026,10:26:19 AM,PLAZO,PRIMERA PARTE,ROTC,01/10/2026,CONFIRMADA,3353819,0,09/02/2024,09/02/2031,0,MINISTERIO DE HACIENDA,HACIENDA,58954
DO1005213025,MH22031,HACIENDA/10.25 BOEST 20310209 GTIA,300000,DOP,3,17.0629,79.82029,21/09/2026,10:26:17 AM,PRESTAMO,SEGUNDA PARTE,ROTC,26/10/2026,CONFIRMADA,3353821,0,09/02/2024,09/02/2031,2.302049,MINISTERIO DE HACIENDA,HACIENDA,60123
DO1005213025,MH22031,HACIENDA/10.25 BOEST 20310209 GTIA,300000,DOP,3,16.8493,80.122773,21/09/2026,10:26:17 AM,PRESTAMO,PRIMERA PARTE,ROTC,25/09/2026,CONFIRMADA,3353821,0,09/02/2024,09/02/2031,2.302049,MINISTERIO DE HACIENDA,HACIENDA,60564
DO1005213025,MH22031,HACIENDA/10.25 BOEST 20310209 GTIA,300000,DOP,3,17.0629,79.82029,21/09/2026,10:26:16 AM,PLAZO,PRIMERA PARTE,ROTC,26/10/2026,CONFIRMADA,3353822,0,09/02/2024,09/02/2031,0,MINISTERIO DE HACIENDA,HACIENDA,58576
DO1002261928,LE090427,BCENTRAL/ LT 20270409 GTIA,50000,DOP,5,-5.475,101.78008,21/09/2026,10:26:15 AM,PRESTAMO,SEGUNDA PARTE,ROTC,15/12/2026,CONFIRMADA,3353824,0,09/04/2026,09/04/2027,1.751423,BANCO CENTRAL DE LA REPUBLICA DOMINICANA,BCENTRAL,57148
DO1002261928,LE090427,BCENTRAL/ LT 20270409 GTIA,50000,DOP,5,0.0045,99.99748,21/09/2026,10:26:15 AM,PRESTAMO,PRIMERA PARTE,ROTC,21/09/2026,CONFIRMADA,3353824,0,09/04/2026,09/04/2027,1.751423,BANCO CENTRAL DE LA REPUBLICA DOMINICANA,BCENTRAL,57043
DO1002261928,LE090427,BCENTRAL/ LT 20270409 GTIA,50000,DOP,5,-5.475,101.78008,21/09/2026,10:26:14 AM,PLAZO,PRIMERA PARTE,ROTC,15/12/2026,CONFIRMADA,3353825,0,09/04/2026,09/04/2027,0,BANCO CENTRAL DE LA REPUBLICA DOMINICANA,BCENTRAL,55601
DO1002261928,LE090427,BCENTRAL/ LT 20270409 GTIA,50000,DOP,5,-16.93,106.29872,21/09/2026,10:26:12 AM,PRESTAMO,SEGUNDA PARTE,ROTC,04/12/2026,CONFIRMADA,3353827,0,09/04/2026,09/04/2027,1.62779,BANCO CENTRAL DE LA REPUBLICA DOMINICANA,BCENTRAL,57169
DO1002261928,LE090427,BCENTRAL/ LT 20270409 GTIA,50000,DOP,5,-7.8639,104.5684,21/09/2026,10:26:12 AM,PRESTAMO,PRIMERA PARTE,ROTC,21/09/2026,CONFIRMADA,3353827,0,09/04/2026,09/04/2027,1.62779,BANCO CENTRAL DE LA REPUBLICA DOMINICANA,BCENTRAL,57316
DO1002261928,LE090427,BCENTRAL/ LT 20270409 GTIA,50000,DOP,5,-16.93,106.29872,21/09/2026,10:26:11 AM,PLAZO,PRIMERA PARTE,ROTC,04/12/2026,CONFIRMADA,3353828,0,09/04/2026,09/04/2027,0,BANCO CENTRAL DE LA REPUBLICA DOMINICANA,BCENTRAL,55622
DO1002261928,LE090427,BCENTRAL/ LT 20270409 GTIA,270000,DOP,27,5.834,98.045659,21/09/2026,10:26:10 AM,PRESTAMO,SEGUNDA PARTE,ROTC,07/12/2026,CONFIRMADA,3353830,0,09/04/2026,09/04/2027,1.795909,BANCO CENTRAL DE LA REPUBLICA DOMINICANA,BCENTRAL,57673
DO1002261928,LE090427,BCENTRAL/ LT 20270409 GTIA,270000,DOP,27,6.9453,96.284848,21/09/2026,10:26:10 AM,PRESTAMO,PRIMERA PARTE,ROTC,21/09/2026,CONFIRMADA,3353830,0,09/04/2026,09/04/2027,1.795909,BANCO CENTRAL DE LA REPUBLICA DOMINICANA,BCENTRAL,58156
DO1002261928,LE090427,BCENTRAL/ LT 20270409 GTIA,270000,DOP,27,5.834,98.045659,21/09/2026,10:26:09 AM,PLAZO,PRIMERA PARTE,ROTC,07/12/2026,CONFIRMADA,3353831,0,09/04/2026,09/04/2027,0,BANCO CENTRAL DE LA REPUBLICA DOMINICANA,BCENTRAL,56189
DO1002261928,LE090427,BCENTRAL/ LT 20270409 GTIA,4240000,DOP,424,8.236,96.256393,21/09/2026,10:26:08 AM,PRESTAMO,SEGUNDA PARTE,ROTC,21/10/2026,CONFIRMADA,3353881,0,09/04/2026,09/04/2027,0.670474,BANCO CENTRAL DE LA REPUBLICA DOMINICANA,BCENTRAL,58338
DO1002261928,LE090427,BCENTRAL/ LT 20270409 GTIA,4240000,DOP,424,8.2628,95.611019,21/09/2026,10:26:08 AM,PRESTAMO,PRIMERA PARTE,ROTC,21/09/2026,CONFIRMADA,3353881,0,09/04/2026,09/04/2027,0.670474,BANCO CENTRAL DE LA REPUBLICA DOMINICANA,BCENTRAL,58765
DO1002261928,LE090427,BCENTRAL/ LT 20270409 GTIA,4240000,DOP,424,8.236,96.256393,21/09/2026,10:26:06 AM,PLAZO,PRIMERA PARTE,ROTC,21/10/2026,CONFIRMADA,3353882,0,09/04/2026,09/04/2027,0,BANCO CENTRAL DE LA REPUBLICA DOMINICANA,BCENTRAL,56784
DO1002261928,LE090427,BCENTRAL/ LT 20270409 GTIA,1080000,DOP,108,90.9711,95.649336,21/09/2026,10:26:05 AM,PRESTAMO,SEGUNDA PARTE,ROTC,22/03/2027,CONFIRMADA,3353894,0,09/04/2026,09/04/2027,0.216918,BANCO CENTRAL DE LA REPUBLICA DOMINICANA,BCENTRAL,59073
DO1002261928,LE090427,BCENTRAL/ LT 20270409 GTIA,1080000,DOP,108,8.5965,95.441856,21/09/2026,10:26:05 AM,PRESTAMO,PRIMERA PARTE,ROTC,21/09/2026,CONFIRMADA,3353894,0,09/04/2026,09/04/2027,0.216918,BANCO CENTRAL DE LA REPUBLICA DOMINICANA,BCENTRAL,58849
DO1002261928,LE090427,BCENTRAL/ LT 20270409 GTIA,1080000,DOP,108,90.9711,95.649336,21/09/2026,10:26:04 AM,PLAZO,PRIMERA PARTE,ROTC,22/03/2027,CONFIRMADA,3353895,0,09/04/2026,09/04/2027,0,BANCO CENTRAL DE LA REPUBLICA DOMINICANA,BCENTRAL,57526
DO1002261928,LE090427,BCENTRAL/ LT 20270409 GTIA,270000,DOP,27,3.1067,98.949689,21/09/2026,10:24:31 AM,PLAZO,PRIMERA PARTE,ROTC,07/12/2026,CONFIRMADA,3353898,0,09/04/2026,09/04/2027,0,BANCO CENTRAL DE LA REPUBLICA DOMINICANA,BCENTRAL,56567
DO1002261928,LE090427,BCENTRAL/ LT 20270409 GTIA,270000,DOP,27,3.1067,98.949689,21/09/2026,10:24:30 AM,PRESTAMO,SEGUNDA PARTE,ROTC,07/12/2026,CONFIRMADA,3353897,0,09/04/2026,09/04/2027,1.733986,BANCO CENTRAL DE LA REPUBLICA DOMINICANA,BCENTRAL,58100
DO1002261928,LE090427,BCENTRAL/ LT 20270409 GTIA,270000,DOP,27,5.1206,97.233915,21/09/2026,10:24:30 AM,PRESTAMO,PRIMERA PARTE,ROTC,21/09/2026,CONFIRMADA,3353897,0,09/04/2026,09/04/2027,1.733986,BANCO CENTRAL DE LA REPUBLICA DOMINICANA,BCENTRAL,57995
DO1002261928,LE090427,BCENTRAL/ LT 20270409 GTIA,270000,DOP,27,5.1206,97.233915,21/09/2026,10:24:28 AM,CONTADO,PRIMERA PARTE,ROTC,21/09/2026,CONFIRMADA,3353896,0,09/04/2026,09/04/2027,0,BANCO CENTRAL DE LA REPUBLICA DOMINICANA,BCENTRAL,57351
DO1002261928,LE090427,BCENTRAL/ LT 20270409 GTIA,2620000,DOP,262,20.9409,95.55339,21/09/2026,10:23:59 AM,PLAZO,PRIMERA PARTE,ROTC,19/01/2027,CONFIRMADA,3353901,0,09/04/2026,09/04/2027,0,BANCO CENTRAL DE LA REPUBLICA DOMINICANA,BCENTRAL,57218
DO1002261928,LE090427,BCENTRAL/ LT 20270409 GTIA,2620000,DOP,262,20.9409,95.55339,21/09/2026,10:23:57 AM,PRESTAMO,SEGUNDA PARTE,ROTC,19/01/2027,CONFIRMADA,3353900,0,09/04/2026,09/04/2027,0.14479,BANCO CENTRAL DE LA REPUBLICA DOMINICANA,BCENTRAL,58744
DO1002261928,LE090427,BCENTRAL/ LT 20270409 GTIA,2620000,DOP,262,8.6495,95.415038,21/09/2026,10:23:57 AM,PRESTAMO,PRIMERA PARTE,ROTC,21/09/2026,CONFIRMADA,3353900,0,09/04/2026,09/04/2027,0.14479,BANCO CENTRAL DE LA REPUBLICA DOMINICANA,BCENTRAL,58835
DO1002261928,LE090427,BCENTRAL/ LT 20270409 GTIA,2620000,DOP,262,8.6495,95.415038,21/09/2026,10:23:56 AM,CONTADO,PRIMERA PARTE,ROTC,21/09/2026,CONFIRMADA,3353899,0,09/04/2026,09/04/2027,0,BANCO CENTRAL DE LA REPUBLICA DOMINICANA,BCENTRAL,58135
DO1002261928,LE090427,BCENTRAL/ LT 20270409 GTIA,1130000,DOP,113,9.0509,98.856713,21/09/2026,10:23:12 AM,PLAZO,PRIMERA PARTE,ROTC,22/02/2027,CONFIRMADA,3353914,0,09/04/2026,09/04/2027,0,BANCO CENTRAL DE LA REPUBLICA DOMINICANA,BCENTRAL,57085
DO1002261928,LE090427,BCENTRAL/ LT 20270409 GTIA,1130000,DOP,113,9.0509,98.856713,21/09/2026,10:23:11 AM,PRESTAMO,SEGUNDA PARTE,ROTC,22/02/2027,CONFIRMADA,3353913,0,09/04/2026,09/04/2027,3.517589,BANCO CENTRAL DE LA REPUBLICA DOMINICANA,BCENTRAL,58618
DO1002261928,LE090427,BCENTRAL/ LT 20270409 GTIA,1130000,DOP,113,8.8981,95.379341,21/09/2026,10:23:11 AM,PRESTAMO,PRIMERA PARTE,ROTC,25/09/2026,CONFIRMADA,3353913,0,09/04/2026,09/04/2027,3.517589,BANCO CENTRAL DE LA REPUBLICA DOMINICANA,BCENTRAL,58779
DO1002261928,LE090427,BCENTRAL/ LT 20270409 GTIA,1130000,DOP,113,8.8981,95.379341,21/09/2026,10:23:10 AM,CONTADO,PRIMERA PARTE,ROTC,25/09/2026,CONFIRMADA,3353912,0,09/04/2026,09/04/2027,0,BANCO CENTRAL DE LA REPUBLICA DOMINICANA,BCENTRAL,58079
DO1002261928,LE090427,BCENTRAL/ LT 20270409 GTIA,1080000,DOP,108,8.5965,95.441856,21/09/2026,10:21:33 AM,CONTADO,PRIMERA PARTE,ROTC,21/09/2026,CONFIRMADA,3353893,0,09/04/2026,09/04/2027,0,BANCO CENTRAL DE LA REPUBLICA DOMINICANA,BCENTRAL,58128
DO1002261928,LE090427,BCENTRAL/ LT 20270409 GTIA,270000,DOP,27,6.9453,96.284848,21/09/2026,10:20:20 AM,CONTADO,PRIMERA PARTE,ROTC,21/09/2026,CONFIRMADA,3353829,0,09/04/2026,09/04/2027,0,BANCO CENTRAL DE LA REPUBLICA DOMINICANA,BCENTRAL,57428
DO1002261928,LE090427,BCENTRAL/ LT 20270409 GTIA,50000,DOP,5,-7.8639,104.5684,21/09/2026,10:19:56 AM,CONTADO,PRIMERA PARTE,ROTC,21/09/2026,CONFIRMADA,3353826,0,09/04/2026,09/04/2027,0,BANCO CENTRAL DE LA REPUBLICA DOMINICANA,BCENTRAL,56693
DO1002261928,LE090427,BCENTRAL/ LT 20270409 GTIA,50000,DOP,5,0.0045,99.99748,21/09/2026,10:19:42 AM,CONTADO,PRIMERA PARTE,ROTC,21/09/2026,CONFIRMADA,3353823,0,09/04/2026,09/04/2027,0,BANCO CENTRAL DE LA REPUBLICA DOMINICANA,BCENTRAL,56364
USP3579ECZ80,BSRD2035, ,2127000,USD,2127,5.8765,99.982244,21/09/2026,10:17:16 AM,CONTADO,PRIMERA PARTE,ROTC,21/09/2026,CONFIRMADA,3353844,0,28/10/2025,28/10/2035,0,MINISTERIO DE HACIENDA,HACIENDA,48993
DO1002261928,LE090427,BCENTRAL/ LT 20270409 GTIA,80000,DOP,8,-1.4145,100.67245,21/09/2026,10:16:10 AM,PLAZO,PRIMERA PARTE,ROTC,21/10/2026,CONFIRMADA,3353834,0,09/04/2026,09/04/2027,0,BANCO CENTRAL DE LA REPUBLICA DOMINICANA,BCENTRAL,55867
DO1002261928,LE090427,BCENTRAL/ LT 20270409 GTIA,80000,DOP,8,-1.4145,100.67245,21/09/2026,10:16:09 AM,PRESTAMO,SEGUNDA PARTE,ROTC,21/10/2026,CONFIRMADA,3353833,0,09/04/2026,09/04/2027,0.670466,BANCO CENTRAL DE LA REPUBLICA DOMINICANA,BCENTRAL,57463
DO1002261928,LE090427,BCENTRAL/ LT 20270409 GTIA,80000,DOP,8,0.0045,99.997475,21/09/2026,10:16:09 AM,PRESTAMO,PRIMERA PARTE,ROTC,21/09/2026,CONFIRMADA,3353833,0,09/04/2026,09/04/2027,0.670466,BANCO CENTRAL DE LA REPUBLICA DOMINICANA,BCENTRAL,57463
DO1002261928,LE090427,BCENTRAL/ LT 20270409 GTIA,80000,DOP,8,0.0045,99.997475,21/09/2026,10:16:08 AM,CONTADO,PRIMERA PARTE,ROTC,21/09/2026,CONFIRMADA,3353832,0,09/04/2026,09/04/2027,0,BANCO CENTRAL DE LA REPUBLICA DOMINICANA,BCENTRAL,56763
DO1002261928,LE090427,BCENTRAL/ LT 20270409 GTIA,10000,DOP,1,-1.3797,100.6558,21/09/2026,10:15:20 AM,PLAZO,PRIMERA PARTE,ROTC,21/10/2026,CONFIRMADA,3353837,0,09/04/2026,09/04/2027,0,BANCO CENTRAL DE LA REPUBLICA DOMINICANA,BCENTRAL,55517
DO1002261928,LE090427,BCENTRAL/ LT 20270409 GTIA,10000,DOP,1,-1.3797,100.6558,21/09/2026,10:15:19 AM,PRESTAMO,SEGUNDA PARTE,ROTC,21/10/2026,CONFIRMADA,3353836,0,09/04/2026,09/04/2027,0.654011,BANCO CENTRAL DE LA REPUBLICA DOMINICANA,BCENTRAL,57113
DO1002261928,LE090427,BCENTRAL/ LT 20270409 GTIA,10000,DOP,1,0.0045,99.9975,21/09/2026,10:15:19 AM,PRESTAMO,PRIMERA PARTE,ROTC,21/09/2026,CONFIRMADA,3353836,0,09/04/2026,09/04/2027,0.654011,BANCO CENTRAL DE LA REPUBLICA DOMINICANA,BCENTRAL,56616
DO1002261928,LE090427,BCENTRAL/ LT 20270409 GTIA,10000,DOP,1,0.0045,99.9975,21/09/2026,10:15:18 AM,CONTADO,PRIMERA PARTE,ROTC,21/09/2026,CONFIRMADA,3353835,0,09/04/2026,09/04/2027,0,BANCO CENTRAL DE LA REPUBLICA DOMINICANA,BCENTRAL,55916
DO1002261928,LE090427,BCENTRAL/ LT 20270409 GTIA,50000,DOP,5,-122.05,106.49924,21/09/2026,10:14:28 AM,PLAZO,PRIMERA PARTE,ROTC,22/03/2027,CONFIRMADA,3353840,0,09/04/2026,09/04/2027,0,BANCO CENTRAL DE LA REPUBLICA DOMINICANA,BCENTRAL,55937
DO1002261928,LE090427,BCENTRAL/ LT 20270409 GTIA,50000,DOP,5,-122.05,106.49924,21/09/2026,10:14:26 AM,PRESTAMO,SEGUNDA PARTE,ROTC,22/03/2027,CONFIRMADA,3353839,0,09/04/2026,09/04/2027,4.075334,BANCO CENTRAL DE LA REPUBLICA DOMINICANA,BCENTRAL,57463
DO1002261928,LE090427,BCENTRAL/ LT 20270409 GTIA,50000,DOP,5,-3.8233,102.15904,21/09/2026,10:14:26 AM,PRESTAMO,PRIMERA PARTE,ROTC,22/09/2026,CONFIRMADA,3353839,0,09/04/2026,09/04/2027,4.075334,BANCO CENTRAL DE LA REPUBLICA DOMINICANA,BCENTRAL,57533
DO1002261928,LE090427,BCENTRAL/ LT 20270409 GTIA,50000,DOP,5,-3.8233,102.15904,21/09/2026,10:14:25 AM,CONTADO,PRIMERA PARTE,ROTC,22/09/2026,CONFIRMADA,3353838,0,09/04/2026,09/04/2027,0,BANCO CENTRAL DE LA REPUBLICA DOMINICANA,BCENTRAL,56833
DO1002261928,LE090427,BCENTRAL/ LT 20270409 GTIA,10000,DOP,1,-7.3906,103.5942,21/09/2026,10:13:54 AM,PLAZO,PRIMERA PARTE,ROTC,22/10/2026,CONFIRMADA,3353843,0,09/04/2026,09/04/2027,0,BANCO CENTRAL DE LA REPUBLICA DOMINICANA,BCENTRAL,55538
DO1002261928,LE090427,BCENTRAL/ LT 20270409 GTIA,10000,DOP,1,-7.3906,103.5942,21/09/2026,10:13:53 AM,PRESTAMO,SEGUNDA PARTE,ROTC,22/10/2026,CONFIRMADA,3353842,0,09/04/2026,09/04/2027,0.670501,BANCO CENTRAL DE LA REPUBLICA DOMINICANA,BCENTRAL,57071
DO1002261928,LE090427,BCENTRAL/ LT 20270409 GTIA,10000,DOP,1,-5.0977,102.8996,21/09/2026,10:13:53 AM,PRESTAMO,PRIMERA PARTE,ROTC,22/09/2026,CONFIRMADA,3353842,0,09/04/2026,09/04/2027,0.670501,BANCO CENTRAL DE LA REPUBLICA DOMINICANA,BCENTRAL,57288
DO1002261928,LE090427,BCENTRAL/ LT 20270409 GTIA,10000,DOP,1,-5.0977,102.8996,21/09/2026,10:13:51 AM,CONTADO,PRIMERA PARTE,ROTC,22/09/2026,CONFIRMADA,3353841,0,09/04/2026,09/04/2027,0,BANCO CENTRAL DE LA REPUBLICA DOMINICANA,BCENTRAL,56581
DO1002261928,LE090427,BCENTRAL/ LT 20270409 GTIA,30000,DOP,3,-1.4145,100.672433,21/09/2026,10:13:18 AM,PLAZO,PRIMERA PARTE,ROTC,21/10/2026,CONFIRMADA,3353870,0,09/04/2026,09/04/2027,0,BANCO CENTRAL DE LA REPUBLICA DOMINICANA,BCENTRAL,56175
DO1002261928,LE090427,BCENTRAL/ LT 20270409 GTIA,30000,DOP,3,-1.4145,100.672433,21/09/2026,10:13:16 AM,PRESTAMO,SEGUNDA PARTE,ROTC,21/10/2026,CONFIRMADA,3353869,0,09/04/2026,09/04/2027,0.670458,BANCO CENTRAL DE LA REPUBLICA DOMINICANA,BCENTRAL,57701
DO1002261928,LE090427,BCENTRAL/ LT 20270409 GTIA,30000,DOP,3,0.0046,99.997467,21/09/2026,10:13:16 AM,PRESTAMO,PRIMERA PARTE,ROTC,21/09/2026,CONFIRMADA,3353869,0,09/04/2026,09/04/2027,0.670458,BANCO CENTRAL DE LA REPUBLICA DOMINICANA,BCENTRAL,57372
DO1005213025,MH22031,HACIENDA/10.25 BOEST 20310209 GTIA,300000,DOP,3,16.8493,80.122773,21/09/2026,10:13:15 AM,CONTADO,PRIMERA PARTE,ROTC,25/09/2026,CONFIRMADA,3353820,0,09/02/2024,09/02/2031,0,MINISTERIO DE HACIENDA,HACIENDA,59829
DO1002261928,LE090427,BCENTRAL/ LT 20270409 GTIA,30000,DOP,3,0.0046,99.997467,21/09/2026,10:13:15 AM,CONTADO,PRIMERA PARTE,ROTC,21/09/2026,CONFIRMADA,3353868,0,09/04/2026,09/04/2027,0,BANCO CENTRAL DE LA REPUBLICA DOMINICANA,BCENTRAL,56672
DO1005213025,MH22031,HACIENDA/10.25 BOEST 20310209 GTIA,600000,DOP,6,10.6123,98.756613,21/09/2026,10:12:50 AM,CONTADO,PRIMERA PARTE,ROTC,21/09/2026,CONFIRMADA,3353817,0,09/02/2024,09/02/2031,0,MINISTERIO DE HACIENDA,HACIENDA,59808
DO1002261928,LE090427,BCENTRAL/ LT 20270409 GTIA,1050000,DOP,105,9.0048,95.235695,21/09/2026,10:12:32 AM,CONTADO,PRIMERA PARTE,ROTC,21/09/2026,CONFIRMADA,3353814,0,09/04/2026,09/04/2027,0,BANCO CENTRAL DE LA REPUBLICA DOMINICANA,BCENTRAL,58009
DO1002261928,LE090427,BCENTRAL/ LT 20270409 GTIA,3140000,DOP,314,8.5545,98.134469,21/09/2026,10:12:31 AM,PLAZO,PRIMERA PARTE,ROTC,19/01/2027,CONFIRMADA,3353873,0,09/04/2026,09/04/2027,0,BANCO CENTRAL DE LA REPUBLICA DOMINICANA,BCENTRAL,57162
DO1002261928,LE090427,BCENTRAL/ LT 20270409 GTIA,3140000,DOP,314,8.5545,98.134469,21/09/2026,10:12:30 AM,PRESTAMO,SEGUNDA PARTE,ROTC,19/01/2027,CONFIRMADA,3353872,0,09/04/2026,09/04/2027,2.644816,BANCO CENTRAL DE LA REPUBLICA DOMINICANA,BCENTRAL,58695
DO1002261928,LE090427,BCENTRAL/ LT 20270409 GTIA,3140000,DOP,314,8.4047,95.538994,21/09/2026,10:12:30 AM,PRESTAMO,PRIMERA PARTE,ROTC,21/09/2026,CONFIRMADA,3353872,0,09/04/2026,09/04/2027,2.644816,BANCO CENTRAL DE LA REPUBLICA DOMINICANA,BCENTRAL,58786
DO1002261928,LE090427,BCENTRAL/ LT 20270409 GTIA,3140000,DOP,314,8.4047,95.538994,21/09/2026,10:12:28 AM,CONTADO,PRIMERA PARTE,ROTC,21/09/2026,CONFIRMADA,3353871,0,09/04/2026,09/04/2027,0,BANCO CENTRAL DE LA REPUBLICA DOMINICANA,BCENTRAL,58142
DO1005213025,MH22031,HACIENDA/10.25 BOEST 20310209 GTIA,100000,DOP,1,10.6026,98.78995,21/09/2026,10:12:12 AM,CONTADO,PRIMERA PARTE,ROTC,21/09/2026,CONFIRMADA,3353811,0,09/02/2024,09/02/2031,0,MINISTERIO DE HACIENDA,HACIENDA,59472
DO1002261928,LE090427,BCENTRAL/ LT 20270409 GTIA,20000,DOP,2,0.0045,99.9975,21/09/2026,10:11:47 AM,CONTADO,PRIMERA PARTE,ROTC,21/09/2026,CONFIRMADA,3353808,0,09/04/2026,09/04/2027,0,BANCO CENTRAL DE LA REPUBLICA DOMINICANA,BCENTRAL,55916
DO1002261928,LE090427,BCENTRAL/ LT 20270409 GTIA,10000,DOP,1,0.0045,99.9975,21/09/2026,10:11:25 AM,CONTADO,PRIMERA PARTE,ROTC,21/09/2026,CONFIRMADA,3353805,0,09/04/2026,09/04/2027,0,BANCO CENTRAL DE LA REPUBLICA DOMINICANA,BCENTRAL,55874
DO1005213025,MH22031,HACIENDA/10.25 BOEST 20310209 GTIA,200000,DOP,2,10.6534,98.62246,21/09/2026,10:11:21 AM,PLAZO,PRIMERA PARTE,ROTC,21/10/2026,CONFIRMADA,3353876,0,09/02/2024,09/02/2031,0,MINISTERIO DE HACIENDA,HACIENDA,58415
DO1005213025,MH22031,HACIENDA/10.25 BOEST 20310209 GTIA,200000,DOP,2,10.6534,98.62246,21/09/2026,10:11:20 AM,PRESTAMO,SEGUNDA PARTE,ROTC,21/10/2026,CONFIRMADA,3353875,0,09/02/2024,09/02/2031,1.86994,MINISTERIO DE HACIENDA,HACIENDA,59948
DO1005213025,MH22031,HACIENDA/10.25 BOEST 20310209 GTIA,200000,DOP,2,10.6026,98.789945,21/09/2026,10:11:20 AM,PRESTAMO,PRIMERA PARTE,ROTC,21/09/2026,CONFIRMADA,3353875,0,09/02/2024,09/02/2031,1.86994,MINISTERIO DE HACIENDA,HACIENDA,60529
DO1005213025,MH22031,HACIENDA/10.25 BOEST 20310209 GTIA,200000,DOP,2,10.6026,98.789945,21/09/2026,10:11:19 AM,CONTADO,PRIMERA PARTE,ROTC,21/09/2026,CONFIRMADA,3353874,0,09/02/2024,09/02/2031,0,MINISTERIO DE HACIENDA,HACIENDA,59892
DO1002261928,LE090427,BCENTRAL/ LT 20270409 GTIA,530000,DOP,53,9.5968,94.938304,21/09/2026,10:10:42 AM,CONTADO,PRIMERA PARTE,ROTC,21/09/2026,CONFIRMADA,3353760,0,09/04/2026,09/04/2027,0,BANCO CENTRAL DE LA REPUBLICA DOMINICANA,BCENTRAL,57442
DO1002261928,LE090427,BCENTRAL/ LT 20270409 GTIA,650000,DOP,65,9.2853,96.925089,21/09/2026,10:10:37 AM,PLAZO,PRIMERA PARTE,ROTC,07/12/2026,CONFIRMADA,3353879,0,09/04/2026,09/04/2027,0,BANCO CENTRAL DE LA REPUBLICA DOMINICANA,BCENTRAL,56574
DO1002261928,LE090427,BCENTRAL/ LT 20270409 GTIA,650000,DOP,65,9.2853,96.925089,21/09/2026,10:10:36 AM,PRESTAMO,SEGUNDA PARTE,ROTC,07/12/2026,CONFIRMADA,3353878,0,09/04/2026,09/04/2027,1.711853,BANCO CENTRAL DE LA REPUBLICA DOMINICANA,BCENTRAL,58107
DO1002261928,LE090427,BCENTRAL/ LT 20270409 GTIA,650000,DOP,65,8.9898,95.265874,21/09/2026,10:10:36 AM,PRESTAMO,PRIMERA PARTE,ROTC,22/09/2026,CONFIRMADA,3353878,0,09/04/2026,09/04/2027,1.711853,BANCO CENTRAL DE LA REPUBLICA DOMINICANA,BCENTRAL,58282
DO1002261928,LE090427,BCENTRAL/ LT 20270409 GTIA,650000,DOP,65,8.9898,95.265874,21/09/2026,10:10:35 AM,CONTADO,PRIMERA PARTE,ROTC,22/09/2026,CONFIRMADA,3353877,0,09/04/2026,09/04/2027,0,BANCO CENTRAL DE LA REPUBLICA DOMINICANA,BCENTRAL,57582
DO1002261928,LE090427,BCENTRAL/ LT 20270409 GTIA,2720000,DOP,272,8.8328,95.322408,21/09/2026,10:10:21 AM,CONTADO,PRIMERA PARTE,ROTC,21/09/2026,CONFIRMADA,3353739,0,09/04/2026,09/04/2027,0,BANCO CENTRAL DE LA REPUBLICA DOMINICANA,BCENTRAL,58030
DO1002261928,LE090427,BCENTRAL/ LT 20270409 GTIA,1050000,DOP,105,9.0048,95.235695,21/09/2026,10:10:03 AM,CONTADO,PRIMERA PARTE,ROTC,21/09/2026,CONFIRMADA,3353742,0,09/04/2026,09/04/2027,0,BANCO CENTRAL DE LA REPUBLICA DOMINICANA,BCENTRAL,57981
DO1005213025,MH22031,HACIENDA/10.25 BOEST 20310209 GTIA,1200000,DOP,12,8.2811,107.123069,21/09/2026,10:09:40 AM,CONTADO,PRIMERA PARTE,ROTC,21/09/2026,CONFIRMADA,3353745,0,09/02/2024,09/02/2031,0,MINISTERIO DE HACIENDA,HACIENDA,60410
DO1002261928,LE090427,BCENTRAL/ LT 20270409 GTIA,450000,DOP,45,6.9491,96.28288,21/09/2026,10:09:09 AM,CONTADO,PRIMERA PARTE,ROTC,21/09/2026,CONFIRMADA,3353748,0,09/04/2026,09/04/2027,0,BANCO CENTRAL DE LA REPUBLICA DOMINICANA,BCENTRAL,57162
USP3579EBY25,BSRD2048,DOMINICAN REP/6.5 CHURCH BD UNSEC,1000,USD,1,5.6764,110.123,21/09/2026,10:08:36 AM,CONTADO,PRIMERA PARTE,ROTC,21/09/2026,CONFIRMADA,3353751,0,08/02/2018,15/02/2048,0,MINISTERIO DE HACIENDA,HACIENDA,60900
DO1002261928,LE090427,BCENTRAL/ LT 20270409 GTIA,310000,DOP,31,6.0047,96.771755,21/09/2026,10:08:17 AM,CONTADO,PRIMERA PARTE,ROTC,21/09/2026,CONFIRMADA,3353754,0,09/04/2026,09/04/2027,0,BANCO CENTRAL DE LA REPUBLICA DOMINICANA,BCENTRAL,57358
DO1002261928,LE090427,BCENTRAL/ LT 20270409 GTIA,4240000,DOP,424,8.2628,95.611019,21/09/2026,10:07:57 AM,CONTADO,PRIMERA PARTE,ROTC,21/09/2026,CONFIRMADA,3353880,0,09/04/2026,09/04/2027,0,BANCO CENTRAL DE LA REPUBLICA DOMINICANA,BCENTRAL,58093
USP3579EBY25,BSRD2048,DOMINICAN REP/6.5 CHURCH BD UNSEC,6000,USD,6,6.7341,97.358,21/09/2026,10:07:12 AM,CONTADO,PRIMERA PARTE,ROTC,21/09/2026,CONFIRMADA,3353766,0,08/02/2018,15/02/2048,0,MINISTERIO DE HACIENDA,HACIENDA,60704
USP3579EBY25,BSRD2048,DOMINICAN REP/6.5 CHURCH BD UNSEC,14000,USD,14,5.9034,107.188786,21/09/2026,10:06:52 AM,CONTADO,PRIMERA PARTE,ROTC,21/09/2026,CONFIRMADA,3353736,0,08/02/2018,15/02/2048,0,MINISTERIO DE HACIENDA,HACIENDA,62825
DO1005205716,MHUS2027,HACIENDA/6 BOEST 20270305 GTIA,20000,USD,20,3.1511,101.25525,21/09/2026,10:06:30 AM,CONTADO,PRIMERA PARTE,ROTC,21/09/2026,CONFIRMADA,3353733,0,05/09/2016,05/03/2027,0,MINISTERIO DE HACIENDA,HACIENDA,58891
DO1002261225,LE021026,BCENTRAL/ LT 20261002 GTIA,800000,DOP,80,0.0825,99.99748,21/09/2026,10:06:06 AM,CONTADO,PRIMERA PARTE,ROTC,21/09/2026,CONFIRMADA,3353730,0,02/10/2025,02/10/2026,0,BANCO CENTRAL DE LA REPUBLICA DOMINICANA,BCENTRAL,56868
DO1002261928,LE090427,BCENTRAL/ LT 20270409 GTIA,40000,DOP,4,16.5796,91.56595,21/09/2026,10:05:40 AM,CONTADO,PRIMERA PARTE,ROTC,21/09/2026,CONFIRMADA,3353790,0,09/04/2026,09/04/2027,0,BANCO CENTRAL DE LA REPUBLICA DOMINICANA,BCENTRAL,56707
USP3579EBY25,BSRD2048,DOMINICAN REP/6.5 CHURCH BD UNSEC,194000,USD,194,6.0159,105.775454,21/09/2026,10:05:16 AM,CONTADO,PRIMERA PARTE,ROTC,21/09/2026,CONFIRMADA,3353793,0,08/02/2018,15/02/2048,0,MINISTERIO DE HACIENDA,HACIENDA,63560
DO1002261928,LE090427,BCENTRAL/ LT 20270409 GTIA,1660000,DOP,166,8.8339,95.321884,21/09/2026,10:04:52 AM,CONTADO,PRIMERA PARTE,ROTC,21/09/2026,CONFIRMADA,3353769,0,09/04/2026,09/04/2027,0,BANCO CENTRAL DE LA REPUBLICA DOMINICANA,BCENTRAL,58170
DO1005205617,MH12027,HACIENDA/11.25 BOEST 20270205 GTIA,2300000,DOP,23,7.6229,101.320134,21/09/2026,10:04:33 AM,CONTADO,PRIMERA PARTE,ROTC,21/09/2026,CONFIRMADA,3353799,0,05/08/2016,05/02/2027,0,MINISTERIO DE HACIENDA,HACIENDA,60459
DO1002227721,NO111226,BCENTRAL/9 BOEST 20261211 GTIA,3510000,DOP,351,8.5,100.084255,21/09/2026,10:04:01 AM,CONTADO,PRIMERA PARTE,ROTC,21/09/2026,CONFIRMADA,3353622,0,11/12/2023,11/12/2026,0,BANCO CENTRAL DE LA REPUBLICA DOMINICANA,BCENTRAL,59024
USP3579EBY25,BSRD2048,DOMINICAN REP/6.5 CHURCH BD UNSEC,10000,USD,10,6.2931,102.4072,21/09/2026,10:04:00 AM,CONTADO,PRIMERA PARTE,ROTC,21/09/2026,CONFIRMADA,3353802,0,08/02/2018,15/02/2048,0,MINISTERIO DE HACIENDA,HACIENDA,61824
DO1002261928,LE090427,BCENTRAL/ LT 20270409 GTIA,130000,DOP,13,12.7227,93.429262,21/09/2026,10:03:40 AM,CONTADO,PRIMERA PARTE,ROTC,22/09/2026,CONFIRMADA,3353796,0,09/04/2026,09/04/2027,0,BANCO CENTRAL DE LA REPUBLICA DOMINICANA,BCENTRAL,57596
DO1002261928,LE090427,BCENTRAL/ LT 20270409 GTIA,540000,DOP,54,9.5541,95.055533,21/09/2026,10:03:15 AM,CONTADO,PRIMERA PARTE,ROTC,25/09/2026,CONFIRMADA,3353724,0,09/04/2026,09/04/2027,0,BANCO CENTRAL DE LA REPUBLICA DOMINICANA,BCENTRAL,57372
DO1005208322,MHUS2040,HACIENDA/6.75 BOEST 20400724 GTIA,110000,USD,110,4.62102241,121.014609,21/09/2026,10:02:56 AM,PRESTAMO,SEGUNDA PARTE,ROTC,22/03/2027,CONFIRMADA,3353867,0,24/07/2020,24/07/2040,5.1,MINISTERIO DE HACIENDA,HACIENDA,62986
DO1005208322,MHUS2040,HACIENDA/6.75 BOEST 20400724 GTIA,110000,USD,110,4.64967167,121.254459,21/09/2026,10:02:56 AM,PRESTAMO,PRIMERA PARTE,ROTC,21/09/2026,CONFIRMADA,3353867,0,24/07/2020,24/07/2040,5.1,MINISTERIO DE HACIENDA,HACIENDA,63336
DO1005208322,MHUS2040,HACIENDA/6.75 BOEST 20400724 GTIA,110000,USD,110,4.62102241,121.014609,21/09/2026,10:02:55 AM,ESTRUCTURADA,SEGUNDA PARTE,ROTC,22/03/2027,CONFIRMADA,3353644,0,24/07/2020,24/07/2040,5.1,MINISTERIO DE HACIENDA,HACIENDA,65079
DO1005208322,MHUS2040,HACIENDA/6.75 BOEST 20400724 GTIA,110000,USD,110,4.64967167,121.254459,21/09/2026,10:02:55 AM,ESTRUCTURADA,PRIMERA PARTE,ROTC,21/09/2026,CONFIRMADA,3353644,0,24/07/2020,24/07/2040,5.1,MINISTERIO DE HACIENDA,HACIENDA,65429
DO1002261423,NO301129,BCENTRAL/9.5 BOEST 20291130 GTIA,1100000,DOP,110,9.29684775,100.519937,21/09/2026,10:02:54 AM,PRESTAMO,SEGUNDA PARTE,ROTC,20/11/2026,CONFIRMADA,3353866,0,30/11/2025,30/11/2029,7.95,BANCO CENTRAL DE LA REPUBLICA DOMINICANA,BCENTRAL,62986
DO1002261423,NO301129,BCENTRAL/9.5 BOEST 20291130 GTIA,1100000,DOP,110,9.23395303,100.695639,21/09/2026,10:02:54 AM,PRESTAMO,PRIMERA PARTE,ROTC,21/09/2026,CONFIRMADA,3353866,0,30/11/2025,30/11/2029,7.95,BANCO CENTRAL DE LA REPUBLICA DOMINICANA,BCENTRAL,62993
DO1002261423,NO301129,BCENTRAL/9.5 BOEST 20291130 GTIA,1100000,DOP,110,9.29684775,100.519937,21/09/2026,10:02:52 AM,ESTRUCTURADA,SEGUNDA PARTE,ROTC,20/11/2026,CONFIRMADA,3353645,0,30/11/2025,30/11/2029,7.95,BANCO CENTRAL DE LA REPUBLICA DOMINICANA,BCENTRAL,65072
DO1002261423,NO301129,BCENTRAL/9.5 BOEST 20291130 GTIA,1100000,DOP,110,9.23395303,100.695639,21/09/2026,10:02:52 AM,ESTRUCTURADA,PRIMERA PARTE,ROTC,21/09/2026,CONFIRMADA,3353645,0,30/11/2025,30/11/2029,7.95,BANCO CENTRAL DE LA REPUBLICA DOMINICANA,BCENTRAL,65079
DO1005204412,MH12029,HACIENDA/11.375 BOEST 20290706 GTIA,3600000,DOP,36,7.86987222,107.893413,21/09/2026,10:02:51 AM,PRESTAMO,SEGUNDA PARTE,ROTC,21/12/2026,CONFIRMADA,3353865,0,06/07/2014,06/07/2029,6.95,MINISTERIO DE HACIENDA,HACIENDA,63161
DO1005204412,MH12029,HACIENDA/11.375 BOEST 20290706 GTIA,3600000,DOP,36,7.7984484,108.776228,21/09/2026,10:02:51 AM,PRESTAMO,PRIMERA PARTE,ROTC,21/09/2026,CONFIRMADA,3353865,0,06/07/2014,06/07/2029,6.95,MINISTERIO DE HACIENDA,HACIENDA,62965
DO1005204412,MH12029,HACIENDA/11.375 BOEST 20290706 GTIA,3600000,DOP,36,7.86987222,107.893413,21/09/2026,10:02:50 AM,ESTRUCTURADA,SEGUNDA PARTE,ROTC,21/12/2026,CONFIRMADA,3353646,0,06/07/2014,06/07/2029,6.95,MINISTERIO DE HACIENDA,HACIENDA,65254
DO1005204412,MH12029,HACIENDA/11.375 BOEST 20290706 GTIA,3600000,DOP,36,7.7984484,108.776228,21/09/2026,10:02:50 AM,ESTRUCTURADA,PRIMERA PARTE,ROTC,21/09/2026,CONFIRMADA,3353646,0,06/07/2014,06/07/2029,6.95,MINISTERIO DE HACIENDA,HACIENDA,65058
DO1002261423,NO301129,BCENTRAL/9.5 BOEST 20291130 GTIA,730000,DOP,73,9.02878772,101.217519,21/09/2026,10:02:49 AM,PRESTAMO,SEGUNDA PARTE,ROTC,23/11/2026,CONFIRMADA,3353864,0,30/11/2025,30/11/2029,7.9,BANCO CENTRAL DE LA REPUBLICA DOMINICANA,BCENTRAL,62370
DO1002261423,NO301129,BCENTRAL/9.5 BOEST 20291130 GTIA,730000,DOP,73,8.97609087,101.401319,21/09/2026,10:02:49 AM,PRESTAMO,PRIMERA PARTE,ROTC,21/09/2026,CONFIRMADA,3353864,0,30/11/2025,30/11/2029,7.9,BANCO CENTRAL DE LA REPUBLICA DOMINICANA,BCENTRAL,62447
DO1002261423,NO301129,BCENTRAL/9.5 BOEST 20291130 GTIA,730000,DOP,73,9.02878772,101.217519,21/09/2026,10:02:48 AM,ESTRUCTURADA,SEGUNDA PARTE,ROTC,23/11/2026,CONFIRMADA,3353647,0,30/11/2025,30/11/2029,7.9,BANCO CENTRAL DE LA REPUBLICA DOMINICANA,BCENTRAL,64463
DO1002261423,NO301129,BCENTRAL/9.5 BOEST 20291130 GTIA,730000,DOP,73,8.97609087,101.401319,21/09/2026,10:02:48 AM,ESTRUCTURADA,PRIMERA PARTE,ROTC,21/09/2026,CONFIRMADA,3353647,0,30/11/2025,30/11/2029,7.9,BANCO CENTRAL DE LA REPUBLICA DOMINICANA,BCENTRAL,64540
DO1002261423,NO301129,BCENTRAL/9.5 BOEST 20291130 GTIA,340000,DOP,34,8.81192361,101.788716,21/09/2026,10:02:46 AM,PRESTAMO,SEGUNDA PARTE,ROTC,20/11/2026,CONFIRMADA,3353863,0,30/11/2025,30/11/2029,7.9,BANCO CENTRAL DE LA REPUBLICA DOMINICANA,BCENTRAL,62293
DO1002261423,NO301129,BCENTRAL/9.5 BOEST 20291130 GTIA,340000,DOP,34,8.77480829,101.956453,21/09/2026,10:02:46 AM,PRESTAMO,PRIMERA PARTE,ROTC,21/09/2026,CONFIRMADA,3353863,0,30/11/2025,30/11/2029,7.9,BANCO CENTRAL DE LA REPUBLICA DOMINICANA,BCENTRAL,62475
DO1002261423,NO301129,BCENTRAL/9.5 BOEST 20291130 GTIA,340000,DOP,34,8.81192361,101.788716,21/09/2026,10:02:45 AM,ESTRUCTURADA,SEGUNDA PARTE,ROTC,20/11/2026,CONFIRMADA,3353648,0,30/11/2025,30/11/2029,7.9,BANCO CENTRAL DE LA REPUBLICA DOMINICANA,BCENTRAL,64386
DO1002261423,NO301129,BCENTRAL/9.5 BOEST 20291130 GTIA,340000,DOP,34,8.77480829,101.956453,21/09/2026,10:02:45 AM,ESTRUCTURADA,PRIMERA PARTE,ROTC,21/09/2026,CONFIRMADA,3353648,0,30/11/2025,30/11/2029,7.9,BANCO CENTRAL DE LA REPUBLICA DOMINICANA,BCENTRAL,64568
DO1005208322,MHUS2040,HACIENDA/6.75 BOEST 20400724 GTIA,841000,USD,841,4.63032829,120.910811,21/09/2026,10:02:44 AM,PRESTAMO,SEGUNDA PARTE,ROTC,22/03/2027,CONFIRMADA,3353862,0,24/07/2020,24/07/2040,5.3,MINISTERIO DE HACIENDA,HACIENDA,63217
DO1005208322,MHUS2040,HACIENDA/6.75 BOEST 20400724 GTIA,841000,USD,841,4.66901942,121.032915,21/09/2026,10:02:44 AM,PRESTAMO,PRIMERA PARTE,ROTC,21/09/2026,CONFIRMADA,3353862,0,24/07/2020,24/07/2040,5.3,MINISTERIO DE HACIENDA,HACIENDA,63343
DO1005208322,MHUS2040,HACIENDA/6.75 BOEST 20400724 GTIA,841000,USD,841,4.63032829,120.910811,21/09/2026,10:02:43 AM,ESTRUCTURADA,SEGUNDA PARTE,ROTC,22/03/2027,CONFIRMADA,3353649,0,24/07/2020,24/07/2040,5.3,MINISTERIO DE HACIENDA,HACIENDA,65310
DO1005208322,MHUS2040,HACIENDA/6.75 BOEST 20400724 GTIA,841000,USD,841,4.66901942,121.032915,21/09/2026,10:02:43 AM,ESTRUCTURADA,PRIMERA PARTE,ROTC,21/09/2026,CONFIRMADA,3353649,0,24/07/2020,24/07/2040,5.3,MINISTERIO DE HACIENDA,HACIENDA,65436
DO1005208322,MHUS2040,HACIENDA/6.75 BOEST 20400724 GTIA,841000,USD,841,4.63032829,120.910811,21/09/2026,10:02:41 AM,PRESTAMO,SEGUNDA PARTE,ROTC,22/03/2027,CONFIRMADA,3353861,0,24/07/2020,24/07/2040,5.3,MINISTERIO DE HACIENDA,HACIENDA,63196
DO1005208322,MHUS2040,HACIENDA/6.75 BOEST 20400724 GTIA,841000,USD,841,4.66901942,121.032915,21/09/2026,10:02:41 AM,PRESTAMO,PRIMERA PARTE,ROTC,21/09/2026,CONFIRMADA,3353861,0,24/07/2020,24/07/2040,5.3,MINISTERIO DE HACIENDA,HACIENDA,63322
DO1005208322,MHUS2040,HACIENDA/6.75 BOEST 20400724 GTIA,841000,USD,841,4.63032829,120.910811,21/09/2026,10:02:40 AM,ESTRUCTURADA,SEGUNDA PARTE,ROTC,22/03/2027,CONFIRMADA,3353650,0,24/07/2020,24/07/2040,5.3,MINISTERIO DE HACIENDA,HACIENDA,65289
DO1005208322,MHUS2040,HACIENDA/6.75 BOEST 20400724 GTIA,841000,USD,841,4.66901942,121.032915,21/09/2026,10:02:40 AM,ESTRUCTURADA,PRIMERA PARTE,ROTC,21/09/2026,CONFIRMADA,3353650,0,24/07/2020,24/07/2040,5.3,MINISTERIO DE HACIENDA,HACIENDA,65415
DO1005208322,MHUS2040,HACIENDA/6.75 BOEST 20400724 GTIA,841000,USD,841,4.63032829,120.910811,21/09/2026,10:02:39 AM,PRESTAMO,SEGUNDA PARTE,ROTC,22/03/2027,CONFIRMADA,3353860,0,24/07/2020,24/07/2040,5.3,MINISTERIO DE HACIENDA,HACIENDA,63245
DO1005208322,MHUS2040,HACIENDA/6.75 BOEST 20400724 GTIA,841000,USD,841,4.66901942,121.032915,21/09/2026,10:02:39 AM,PRESTAMO,PRIMERA PARTE,ROTC,21/09/2026,CONFIRMADA,3353860,0,24/07/2020,24/07/2040,5.3,MINISTERIO DE HACIENDA,HACIENDA,63371
DO1005208322,MHUS2040,HACIENDA/6.75 BOEST 20400724 GTIA,841000,USD,841,4.63032829,120.910811,21/09/2026,10:02:38 AM,ESTRUCTURADA,SEGUNDA PARTE,ROTC,22/03/2027,CONFIRMADA,3353651,0,24/07/2020,24/07/2040,5.3,MINISTERIO DE HACIENDA,HACIENDA,65338
DO1005208322,MHUS2040,HACIENDA/6.75 BOEST 20400724 GTIA,841000,USD,841,4.66901942,121.032915,21/09/2026,10:02:38 AM,ESTRUCTURADA,PRIMERA PARTE,ROTC,21/09/2026,CONFIRMADA,3353651,0,24/07/2020,24/07/2040,5.3,MINISTERIO DE HACIENDA,HACIENDA,65464
DO1002261423,NO301129,BCENTRAL/9.5 BOEST 20291130 GTIA,300000,DOP,30,9.24569337,100.652841,21/09/2026,10:02:37 AM,PRESTAMO,SEGUNDA PARTE,ROTC,20/11/2026,CONFIRMADA,3353859,0,30/11/2025,30/11/2029,7.35,BANCO CENTRAL DE LA REPUBLICA DOMINICANA,BCENTRAL,62216
DO1002261423,NO301129,BCENTRAL/9.5 BOEST 20291130 GTIA,300000,DOP,30,9.14831505,100.929319,21/09/2026,10:02:37 AM,PRESTAMO,PRIMERA PARTE,ROTC,21/09/2026,CONFIRMADA,3353859,0,30/11/2025,30/11/2029,7.35,BANCO CENTRAL DE LA REPUBLICA DOMINICANA,BCENTRAL,62300
DO1002261423,NO301129,BCENTRAL/9.5 BOEST 20291130 GTIA,300000,DOP,30,9.24569337,100.652841,21/09/2026,10:02:36 AM,ESTRUCTURADA,SEGUNDA PARTE,ROTC,20/11/2026,CONFIRMADA,3353652,0,30/11/2025,30/11/2029,7.35,BANCO CENTRAL DE LA REPUBLICA DOMINICANA,BCENTRAL,64309
DO1002261423,NO301129,BCENTRAL/9.5 BOEST 20291130 GTIA,300000,DOP,30,9.14831505,100.929319,21/09/2026,10:02:36 AM,ESTRUCTURADA,PRIMERA PARTE,ROTC,21/09/2026,CONFIRMADA,3353652,0,30/11/2025,30/11/2029,7.35,BANCO CENTRAL DE LA REPUBLICA DOMINICANA,BCENTRAL,64393
DO1005204412,MH12029,HACIENDA/11.375 BOEST 20290706 GTIA,3900000,DOP,39,8.14592951,107.576908,21/09/2026,10:02:34 AM,PRESTAMO,SEGUNDA PARTE,ROTC,02/11/2026,CONFIRMADA,3353858,0,06/07/2014,06/07/2029,8,MINISTERIO DE HACIENDA,HACIENDA,63196
DO1005204412,MH12029,HACIENDA/11.375 BOEST 20290706 GTIA,3900000,DOP,39,8.15352364,107.856753,21/09/2026,10:02:34 AM,PRESTAMO,PRIMERA PARTE,ROTC,21/09/2026,CONFIRMADA,3353858,0,06/07/2014,06/07/2029,8,MINISTERIO DE HACIENDA,HACIENDA,63259
DO1005204412,MH12029,HACIENDA/11.375 BOEST 20290706 GTIA,3900000,DOP,39,8.14592951,107.576908,21/09/2026,10:02:33 AM,ESTRUCTURADA,SEGUNDA PARTE,ROTC,02/11/2026,CONFIRMADA,3353705,0,06/07/2014,06/07/2029,8,MINISTERIO DE HACIENDA,HACIENDA,65289
DO1005204412,MH12029,HACIENDA/11.375 BOEST 20290706 GTIA,3900000,DOP,39,8.15352364,107.856753,21/09/2026,10:02:33 AM,ESTRUCTURADA,PRIMERA PARTE,ROTC,21/09/2026,CONFIRMADA,3353705,0,06/07/2014,06/07/2029,8,MINISTERIO DE HACIENDA,HACIENDA,65352
DO2016300124,BC1GUL01,GULFSTREAM/11.25 BO 20290528,106350,DOP,106350,11.45658624,99.539357999999993,21/09/2026,10:02:32 AM,PRESTAMO,SEGUNDA PARTE,ROTC,05/11/2026,CONFIRMADA,3353857,0,28/05/2019,28/05/2029,7.35,GULFSTREAM PETROLEUM DOMINICANA S DE RL,GULFSTREAM,62181
DO2016300124,BC1GUL01,GULFSTREAM/11.25 BO 20290528,106350,DOP,106350,11.24625917,100.000791,21/09/2026,10:02:32 AM,PRESTAMO,PRIMERA PARTE,ROTC,21/09/2026,CONFIRMADA,3353857,0,28/05/2019,28/05/2029,7.35,GULFSTREAM PETROLEUM DOMINICANA S DE RL,GULFSTREAM,62356
DO2016300124,BC1GUL01,GULFSTREAM/11.25 BO 20290528,106350,DOP,106350,11.45658624,99.539357999999993,21/09/2026,10:02:31 AM,ESTRUCTURADA,SEGUNDA PARTE,ROTC,05/11/2026,CONFIRMADA,3353704,0,28/05/2019,28/05/2029,7.35,GULFSTREAM PETROLEUM DOMINICANA S DE RL,GULFSTREAM,64274
DO2016300124,BC1GUL01,GULFSTREAM/11.25 BO 20290528,106350,DOP,106350,11.24625917,100.000791,21/09/2026,10:02:31 AM,ESTRUCTURADA,PRIMERA PARTE,ROTC,21/09/2026,CONFIRMADA,3353704,0,28/05/2019,28/05/2029,7.35,GULFSTREAM PETROLEUM DOMINICANA S DE RL,GULFSTREAM,64449
DO2016300124,BC1GUL01,GULFSTREAM/11.25 BO 20290528,89338,DOP,89338,11.49372164,99.469993,21/09/2026,10:02:30 AM,PRESTAMO,SEGUNDA PARTE,ROTC,20/11/2026,CONFIRMADA,3353856,0,28/05/2019,28/05/2029,7.85,GULFSTREAM PETROLEUM DOMINICANA S DE RL,GULFSTREAM,61719
DO2016300124,BC1GUL01,GULFSTREAM/11.25 BO 20290528,89338,DOP,89338,11.24604575,100.00128,21/09/2026,10:02:30 AM,PRESTAMO,PRIMERA PARTE,ROTC,21/09/2026,CONFIRMADA,3353856,0,28/05/2019,28/05/2029,7.85,GULFSTREAM PETROLEUM DOMINICANA S DE RL,GULFSTREAM,61495
DO2016300124,BC1GUL01,GULFSTREAM/11.25 BO 20290528,89338,DOP,89338,11.49372164,99.469993,21/09/2026,10:02:28 AM,ESTRUCTURADA,SEGUNDA PARTE,ROTC,20/11/2026,CONFIRMADA,3353703,0,28/05/2019,28/05/2029,7.85,GULFSTREAM PETROLEUM DOMINICANA S DE RL,GULFSTREAM,63868
DO2016300124,BC1GUL01,GULFSTREAM/11.25 BO 20290528,89338,DOP,89338,11.24604575,100.00128,21/09/2026,10:02:28 AM,ESTRUCTURADA,PRIMERA PARTE,ROTC,21/09/2026,CONFIRMADA,3353703,0,28/05/2019,28/05/2029,7.85,GULFSTREAM PETROLEUM DOMINICANA S DE RL,GULFSTREAM,63644
DO1002261423,NO301129,BCENTRAL/9.5 BOEST 20291130 GTIA,580000,DOP,58,9.34425603,100.396962,21/09/2026,10:02:27 AM,PRESTAMO,SEGUNDA PARTE,ROTC,20/11/2026,CONFIRMADA,3353855,0,30/11/2025,30/11/2029,7.9,BANCO CENTRAL DE LA REPUBLICA DOMINICANA,BCENTRAL,62328
DO1002261423,NO301129,BCENTRAL/9.5 BOEST 20291130 GTIA,580000,DOP,58,9.27539951,100.582787,21/09/2026,10:02:27 AM,PRESTAMO,PRIMERA PARTE,ROTC,21/09/2026,CONFIRMADA,3353855,0,30/11/2025,30/11/2029,7.9,BANCO CENTRAL DE LA REPUBLICA DOMINICANA,BCENTRAL,62559
DO1002261423,NO301129,BCENTRAL/9.5 BOEST 20291130 GTIA,580000,DOP,58,9.34425603,100.396962,21/09/2026,10:02:26 AM,ESTRUCTURADA,SEGUNDA PARTE,ROTC,20/11/2026,CONFIRMADA,3353702,0,30/11/2025,30/11/2029,7.9,BANCO CENTRAL DE LA REPUBLICA DOMINICANA,BCENTRAL,64421
DO1002261423,NO301129,BCENTRAL/9.5 BOEST 20291130 GTIA,580000,DOP,58,9.27539951,100.582787,21/09/2026,10:02:26 AM,ESTRUCTURADA,PRIMERA PARTE,ROTC,21/09/2026,CONFIRMADA,3353702,0,30/11/2025,30/11/2029,7.9,BANCO CENTRAL DE LA REPUBLICA DOMINICANA,BCENTRAL,64652
DO1002261423,NO301129,BCENTRAL/9.5 BOEST 20291130 GTIA,990000,DOP,99,9.40930449,100.219189,21/09/2026,10:02:25 AM,PRESTAMO,SEGUNDA PARTE,ROTC,01/10/2026,CONFIRMADA,3353854,0,30/11/2025,30/11/2029,2.75,BANCO CENTRAL DE LA REPUBLICA DOMINICANA,BCENTRAL,62377
DO1002261423,NO301129,BCENTRAL/9.5 BOEST 20291130 GTIA,990000,DOP,99,9.34324323,100.3984,21/09/2026,10:02:25 AM,PRESTAMO,PRIMERA PARTE,ROTC,21/09/2026,CONFIRMADA,3353854,0,30/11/2025,30/11/2029,2.75,BANCO CENTRAL DE LA REPUBLICA DOMINICANA,BCENTRAL,61733
DO1002261423,NO301129,BCENTRAL/9.5 BOEST 20291130 GTIA,990000,DOP,99,9.40930449,100.219189,21/09/2026,10:02:24 AM,ESTRUCTURADA,SEGUNDA PARTE,ROTC,01/10/2026,CONFIRMADA,3353701,0,30/11/2025,30/11/2029,2.75,BANCO CENTRAL DE LA REPUBLICA DOMINICANA,BCENTRAL,64470
DO1002261423,NO301129,BCENTRAL/9.5 BOEST 20291130 GTIA,990000,DOP,99,9.34324323,100.3984,21/09/2026,10:02:24 AM,ESTRUCTURADA,PRIMERA PARTE,ROTC,21/09/2026,CONFIRMADA,3353701,0,30/11/2025,30/11/2029,2.75,BANCO CENTRAL DE LA REPUBLICA DOMINICANA,BCENTRAL,63826
DO1002261423,NO301129,BCENTRAL/9.5 BOEST 20291130 GTIA,290000,DOP,29,9.37454351,100.318497,21/09/2026,10:02:23 AM,PRESTAMO,SEGUNDA PARTE,ROTC,20/11/2026,CONFIRMADA,3353853,0,30/11/2025,30/11/2029,7.9,BANCO CENTRAL DE LA REPUBLICA DOMINICANA,BCENTRAL,62286
DO1002261423,NO301129,BCENTRAL/9.5 BOEST 20291130 GTIA,290000,DOP,29,9.30387609,100.505341,21/09/2026,10:02:23 AM,PRESTAMO,PRIMERA PARTE,ROTC,21/09/2026,CONFIRMADA,3353853,0,30/11/2025,30/11/2029,7.9,BANCO CENTRAL DE LA REPUBLICA DOMINICANA,BCENTRAL,62335
DO1002261423,NO301129,BCENTRAL/9.5 BOEST 20291130 GTIA,290000,DOP,29,9.37454351,100.318497,21/09/2026,10:02:21 AM,ESTRUCTURADA,SEGUNDA PARTE,ROTC,20/11/2026,CONFIRMADA,3353700,0,30/11/2025,30/11/2029,7.9,BANCO CENTRAL DE LA REPUBLICA DOMINICANA,BCENTRAL,64372
DO1002261423,NO301129,BCENTRAL/9.5 BOEST 20291130 GTIA,290000,DOP,29,9.30387609,100.505341,21/09/2026,10:02:21 AM,ESTRUCTURADA,PRIMERA PARTE,ROTC,21/09/2026,CONFIRMADA,3353700,0,30/11/2025,30/11/2029,7.9,BANCO CENTRAL DE LA REPUBLICA DOMINICANA,BCENTRAL,64421
DO1005205716,MHUS2027,HACIENDA/6 BOEST 20270305 GTIA,12000,USD,12,8.7124,98.786417,21/09/2026,10:02:20 AM,CONTADO,PRIMERA PARTE,ROTC,21/09/2026,CONFIRMADA,3353775,0,05/09/2016,05/03/2027,0,MINISTERIO DE HACIENDA,HACIENDA,59150
DO1002261423,NO301129,BCENTRAL/9.5 BOEST 20291130 GTIA,830000,DOP,83,9.2628356,100.60832,21/09/2026,10:02:20 AM,PRESTAMO,SEGUNDA PARTE,ROTC,05/11/2026,CONFIRMADA,3353852,0,30/11/2025,30/11/2029,7.7,BANCO CENTRAL DE LA REPUBLICA DOMINICANA,BCENTRAL,61523
DO1002261423,NO301129,BCENTRAL/9.5 BOEST 20291130 GTIA,830000,DOP,83,9.20603263,100.771751,21/09/2026,10:02:20 AM,PRESTAMO,PRIMERA PARTE,ROTC,21/09/2026,CONFIRMADA,3353852,0,30/11/2025,30/11/2029,7.7,BANCO CENTRAL DE LA REPUBLICA DOMINICANA,BCENTRAL,62286
DO1002261423,NO301129,BCENTRAL/9.5 BOEST 20291130 GTIA,830000,DOP,83,9.2628356,100.60832,21/09/2026,10:02:19 AM,ESTRUCTURADA,SEGUNDA PARTE,ROTC,05/11/2026,CONFIRMADA,3353699,0,30/11/2025,30/11/2029,7.7,BANCO CENTRAL DE LA REPUBLICA DOMINICANA,BCENTRAL,63679
DO1002261423,NO301129,BCENTRAL/9.5 BOEST 20291130 GTIA,830000,DOP,83,9.20603263,100.771751,21/09/2026,10:02:19 AM,ESTRUCTURADA,PRIMERA PARTE,ROTC,21/09/2026,CONFIRMADA,3353699,0,30/11/2025,30/11/2029,7.7,BANCO CENTRAL DE LA REPUBLICA DOMINICANA,BCENTRAL,64442
DO1005208322,MHUS2040,HACIENDA/6.75 BOEST 20400724 GTIA,42000,USD,42,4.61792125,121.524313,21/09/2026,10:02:18 AM,PRESTAMO,SEGUNDA PARTE,ROTC,21/10/2026,CONFIRMADA,3353851,0,24/07/2020,24/07/2040,4.1,MINISTERIO DE HACIENDA,HACIENDA,62419
DO1005208322,MHUS2040,HACIENDA/6.75 BOEST 20400724 GTIA,42000,USD,42,4.61372478,121.667464,21/09/2026,10:02:18 AM,PRESTAMO,PRIMERA PARTE,ROTC,21/09/2026,CONFIRMADA,3353851,0,24/07/2020,24/07/2040,4.1,MINISTERIO DE HACIENDA,HACIENDA,62678
DO1005208322,MHUS2040,HACIENDA/6.75 BOEST 20400724 GTIA,42000,USD,42,4.61792125,121.524313,21/09/2026,10:02:17 AM,ESTRUCTURADA,SEGUNDA PARTE,ROTC,21/10/2026,CONFIRMADA,3353698,0,24/07/2020,24/07/2040,4.1,MINISTERIO DE HACIENDA,HACIENDA,64512
DO1005208322,MHUS2040,HACIENDA/6.75 BOEST 20400724 GTIA,42000,USD,42,4.61372478,121.667464,21/09/2026,10:02:17 AM,ESTRUCTURADA,PRIMERA PARTE,ROTC,21/09/2026,CONFIRMADA,3353698,0,24/07/2020,24/07/2040,4.1,MINISTERIO DE HACIENDA,HACIENDA,64771
DO1002261423,NO301129,BCENTRAL/9.5 BOEST 20291130 GTIA,500000,DOP,50,9.64858982,99.612014,21/09/2026,10:02:16 AM,PRESTAMO,SEGUNDA PARTE,ROTC,20/11/2026,CONFIRMADA,3353850,0,30/11/2025,30/11/2029,7.9,BANCO CENTRAL DE LA REPUBLICA DOMINICANA,BCENTRAL,61999
DO1002261423,NO301129,BCENTRAL/9.5 BOEST 20291130 GTIA,500000,DOP,50,9.56151272,99.808039,21/09/2026,10:02:16 AM,PRESTAMO,PRIMERA PARTE,ROTC,21/09/2026,CONFIRMADA,3353850,0,30/11/2025,30/11/2029,7.9,BANCO CENTRAL DE LA REPUBLICA DOMINICANA,BCENTRAL,62069
DO1002261423,NO301129,BCENTRAL/9.5 BOEST 20291130 GTIA,500000,DOP,50,9.64858982,99.612014,21/09/2026,10:02:14 AM,ESTRUCTURADA,SEGUNDA PARTE,ROTC,20/11/2026,CONFIRMADA,3353697,0,30/11/2025,30/11/2029,7.9,BANCO CENTRAL DE LA REPUBLICA DOMINICANA,BCENTRAL,64085
DO1002261423,NO301129,BCENTRAL/9.5 BOEST 20291130 GTIA,500000,DOP,50,9.56151272,99.808039,21/09/2026,10:02:14 AM,ESTRUCTURADA,PRIMERA PARTE,ROTC,21/09/2026,CONFIRMADA,3353697,0,30/11/2025,30/11/2029,7.9,BANCO CENTRAL DE LA REPUBLICA DOMINICANA,BCENTRAL,64155
DO1002261423,NO301129,BCENTRAL/9.5 BOEST 20291130 GTIA,490000,DOP,49,9.15550754,100.895892,21/09/2026,10:02:13 AM,PRESTAMO,SEGUNDA PARTE,ROTC,21/10/2026,CONFIRMADA,3353849,0,30/11/2025,30/11/2029,7.65,BANCO CENTRAL DE LA REPUBLICA DOMINICANA,BCENTRAL,62370
DO1002261423,NO301129,BCENTRAL/9.5 BOEST 20291130 GTIA,490000,DOP,49,9.11965903,101.007663,21/09/2026,10:02:13 AM,PRESTAMO,PRIMERA PARTE,ROTC,21/09/2026,CONFIRMADA,3353849,0,30/11/2025,30/11/2029,7.65,BANCO CENTRAL DE LA REPUBLICA DOMINICANA,BCENTRAL,62377
DO1002261423,NO301129,BCENTRAL/9.5 BOEST 20291130 GTIA,490000,DOP,49,9.15550754,100.895892,21/09/2026,10:02:12 AM,ESTRUCTURADA,SEGUNDA PARTE,ROTC,21/10/2026,CONFIRMADA,3353696,0,30/11/2025,30/11/2029,7.65,BANCO CENTRAL DE LA REPUBLICA DOMINICANA,BCENTRAL,64463
DO1002261423,NO301129,BCENTRAL/9.5 BOEST 20291130 GTIA,490000,DOP,49,9.11965903,101.007663,21/09/2026,10:02:12 AM,ESTRUCTURADA,PRIMERA PARTE,ROTC,21/09/2026,CONFIRMADA,3353696,0,30/11/2025,30/11/2029,7.65,BANCO CENTRAL DE LA REPUBLICA DOMINICANA,BCENTRAL,64470
DO1005208322,MHUS2040,HACIENDA/6.75 BOEST 20400724 GTIA,841000,USD,841,4.63032829,120.910811,21/09/2026,10:02:11 AM,PRESTAMO,SEGUNDA PARTE,ROTC,22/03/2027,CONFIRMADA,3353848,0,24/07/2020,24/07/2040,5.3,MINISTERIO DE HACIENDA,HACIENDA,63175
DO1005208322,MHUS2040,HACIENDA/6.75 BOEST 20400724 GTIA,841000,USD,841,4.66901942,121.032915,21/09/2026,10:02:11 AM,PRESTAMO,PRIMERA PARTE,ROTC,21/09/2026,CONFIRMADA,3353848,0,24/07/2020,24/07/2040,5.3,MINISTERIO DE HACIENDA,HACIENDA,63301
DO1005208322,MHUS2040,HACIENDA/6.75 BOEST 20400724 GTIA,841000,USD,841,4.63032829,120.910811,21/09/2026,10:02:10 AM,ESTRUCTURADA,SEGUNDA PARTE,ROTC,22/03/2027,CONFIRMADA,3353656,0,24/07/2020,24/07/2040,5.3,MINISTERIO DE HACIENDA,HACIENDA,65268
DO1005208322,MHUS2040,HACIENDA/6.75 BOEST 20400724 GTIA,841000,USD,841,4.66901942,121.032915,21/09/2026,10:02:10 AM,ESTRUCTURADA,PRIMERA PARTE,ROTC,21/09/2026,CONFIRMADA,3353656,0,24/07/2020,24/07/2040,5.3,MINISTERIO DE HACIENDA,HACIENDA,65394
DO1005208322,MHUS2040,HACIENDA/6.75 BOEST 20400724 GTIA,841000,USD,841,4.63032829,120.910811,21/09/2026,10:02:09 AM,PRESTAMO,SEGUNDA PARTE,ROTC,22/03/2027,CONFIRMADA,3353847,0,24/07/2020,24/07/2040,5.3,MINISTERIO DE HACIENDA,HACIENDA,63224
DO1005208322,MHUS2040,HACIENDA/6.75 BOEST 20400724 GTIA,841000,USD,841,4.66901942,121.032915,21/09/2026,10:02:09 AM,PRESTAMO,PRIMERA PARTE,ROTC,21/09/2026,CONFIRMADA,3353847,0,24/07/2020,24/07/2040,5.3,MINISTERIO DE HACIENDA,HACIENDA,63350
DO1005208322,MHUS2040,HACIENDA/6.75 BOEST 20400724 GTIA,841000,USD,841,4.63032829,120.910811,21/09/2026,10:02:07 AM,ESTRUCTURADA,SEGUNDA PARTE,ROTC,22/03/2027,CONFIRMADA,3353655,0,24/07/2020,24/07/2040,5.3,MINISTERIO DE HACIENDA,HACIENDA,65310
DO1005208322,MHUS2040,HACIENDA/6.75 BOEST 20400724 GTIA,841000,USD,841,4.66901942,121.032915,21/09/2026,10:02:07 AM,ESTRUCTURADA,PRIMERA PARTE,ROTC,21/09/2026,CONFIRMADA,3353655,0,24/07/2020,24/07/2040,5.3,MINISTERIO DE HACIENDA,HACIENDA,65436
DO1005208322,MHUS2040,HACIENDA/6.75 BOEST 20400724 GTIA,841000,USD,841,4.63032829,120.910811,21/09/2026,10:02:06 AM,PRESTAMO,SEGUNDA PARTE,ROTC,22/03/2027,CONFIRMADA,3353846,0,24/07/2020,24/07/2040,5.3,MINISTERIO DE HACIENDA,HACIENDA,63203
DO1005208322,MHUS2040,HACIENDA/6.75 BOEST 20400724 GTIA,841000,USD,841,4.66901942,121.032915,21/09/2026,10:02:06 AM,PRESTAMO,PRIMERA PARTE,ROTC,21/09/2026,CONFIRMADA,3353846,0,24/07/2020,24/07/2040,5.3,MINISTERIO DE HACIENDA,HACIENDA,63329
DO1005208322,MHUS2040,HACIENDA/6.75 BOEST 20400724 GTIA,841000,USD,841,4.63032829,120.910811,21/09/2026,10:02:05 AM,ESTRUCTURADA,SEGUNDA PARTE,ROTC,22/03/2027,CONFIRMADA,3353654,0,24/07/2020,24/07/2040,5.3,MINISTERIO DE HACIENDA,HACIENDA,65296
DO1005208322,MHUS2040,HACIENDA/6.75 BOEST 20400724 GTIA,841000,USD,841,4.66901942,121.032915,21/09/2026,10:02:05 AM,ESTRUCTURADA,PRIMERA PARTE,ROTC,21/09/2026,CONFIRMADA,3353654,0,24/07/2020,24/07/2040,5.3,MINISTERIO DE HACIENDA,HACIENDA,65422
DO2006901311,BC1ITA01,EGEITABO/5.65 BO 20311208,13782,USD,13782,4.9827737,102.962388,21/09/2026,10:02:04 AM,PRESTAMO,SEGUNDA PARTE,ROTC,20/11/2026,CONFIRMADA,3353845,0,08/12/2021,08/12/2031,4.25,"EMPRESA GENERADORA DE ELECTRICIDAD ITABO, S.A.",EGEITABO,59535
DO2006901311,BC1ITA01,EGEITABO/5.65 BO 20311208,13782,USD,13782,4.95874221,103.15902,21/09/2026,10:02:04 AM,PRESTAMO,PRIMERA PARTE,ROTC,21/09/2026,CONFIRMADA,3353845,0,08/12/2021,08/12/2031,4.25,"EMPRESA GENERADORA DE ELECTRICIDAD ITABO, S.A.",EGEITABO,59493
DO2006901311,BC1ITA01,EGEITABO/5.65 BO 20311208,13782,USD,13782,4.9827737,102.962388,21/09/2026,10:02:03 AM,ESTRUCTURADA,SEGUNDA PARTE,ROTC,20/11/2026,CONFIRMADA,3353653,0,08/12/2021,08/12/2031,4.25,"EMPRESA GENERADORA DE ELECTRICIDAD ITABO, S.A.",EGEITABO,61628
DO2006901311,BC1ITA01,EGEITABO/5.65 BO 20311208,13782,USD,13782,4.95874221,103.15902,21/09/2026,10:02:03 AM,ESTRUCTURADA,PRIMERA PARTE,ROTC,21/09/2026,CONFIRMADA,3353653,0,08/12/2021,08/12/2031,4.25,"EMPRESA GENERADORA DE ELECTRICIDAD ITABO, S.A.",EGEITABO,61586
DO1002261928,LE090427,BCENTRAL/ LT 20270409 GTIA,890000,DOP,89,8.4753,95.503211,21/09/2026,10:01:54 AM,CONTADO,PRIMERA PARTE,ROTC,21/09/2026,CONFIRMADA,3353778,0,09/04/2026,09/04/2027,0,BANCO CENTRAL DE LA REPUBLICA DOMINICANA,BCENTRAL,57421
DO1002261928,LE090427,BCENTRAL/ LT 20270409 GTIA,380000,DOP,38,10,94.736842,21/09/2026,10:00:59 AM,CONTADO,PRIMERA PARTE,ROTC,21/09/2026,CONFIRMADA,3353721,0,09/04/2026,09/04/2027,0,BANCO CENTRAL DE LA REPUBLICA DOMINICANA,BCENTRAL,55972
DO1002261928,LE090427,BCENTRAL/ LT 20270409 GTIA,2350000,DOP,235,8,95.744683,21/09/2026,10:00:37 AM,CONTADO,PRIMERA PARTE,ROTC,21/09/2026,CONFIRMADA,3353784,0,09/04/2026,09/04/2027,0,BANCO CENTRAL DE LA REPUBLICA DOMINICANA,BCENTRAL,56336
USP3579EBY25,BSRD2048,DOMINICAN REP/6.5 CHURCH BD UNSEC,11000,USD,11,6.1087,104.630545,21/09/2026,09:59:48 AM,CONTADO,PRIMERA PARTE,ROTC,22/09/2026,CONFIRMADA,3353787,0,08/02/2018,15/02/2048,0,MINISTERIO DE HACIENDA,HACIENDA,62818
DO1002223324,NO271126,BCENTRAL/6.5 BOEST 20261127 GTIA,10000,DOP,1,18.3615,97.9334,21/09/2026,09:59:30 AM,CONTADO,PRIMERA PARTE,ROTC,21/09/2026,CONFIRMADA,3353781,0,27/11/2021,27/11/2026,0,BANCO CENTRAL DE LA REPUBLICA DOMINICANA,BCENTRAL,58912
DO1005213025,MH22031,HACIENDA/10.25 BOEST 20310209 GTIA,200000,DOP,2,17.4809,78.494655,21/09/2026,09:59:03 AM,CONTADO,PRIMERA PARTE,ROTC,25/09/2026,CONFIRMADA,3353718,0,09/02/2024,09/02/2031,0,MINISTERIO DE HACIENDA,HACIENDA,60032
DO1005213025,MH22031,HACIENDA/10.25 BOEST 20310209 GTIA,100000,DOP,1,10.6026,98.78995,21/09/2026,09:58:37 AM,CONTADO,PRIMERA PARTE,ROTC,21/09/2026,CONFIRMADA,3353772,0,09/02/2024,09/02/2031,0,MINISTERIO DE HACIENDA,HACIENDA,59647
DO1002261928,LE090427,BCENTRAL/ LT 20270409 GTIA,760000,DOP,76,6.0527,96.746784,21/09/2026,09:58:13 AM,CONTADO,PRIMERA PARTE,ROTC,21/09/2026,CONFIRMADA,3353757,0,09/04/2026,09/04/2027,0,BANCO CENTRAL DE LA REPUBLICA DOMINICANA,BCENTRAL,57596
USP3579EBY25,BSRD2048,DOMINICAN REP/6.5 CHURCH BD UNSEC,147000,USD,147,6.022,105.700014,21/09/2026,09:57:43 AM,CONTADO,PRIMERA PARTE,ROTC,21/09/2026,CONFIRMADA,3353763,0,08/02/2018,15/02/2048,0,MINISTERIO DE HACIENDA,HACIENDA,63084
DO1002261928,LE090427,BCENTRAL/ LT 20270409 GTIA,540000,DOP,54,8.5987,95.527861,21/09/2026,09:57:21 AM,CONTADO,PRIMERA PARTE,ROTC,25/09/2026,CONFIRMADA,3353727,0,09/04/2026,09/04/2027,0,BANCO CENTRAL DE LA REPUBLICA DOMINICANA,BCENTRAL,57617
DO2016300124,BC1GUL01,GULFSTREAM/11.25 BO 20290528,105344,DOP,105344,10.57094123,101.518571,21/09/2026,09:54:23 AM,PRESTAMO,SEGUNDA PARTE,ROTC,21/10/2026,CONFIRMADA,3353717,0,28/05/2019,28/05/2029,7.6,GULFSTREAM PETROLEUM DOMINICANA S DE RL,GULFSTREAM,62405
DO2016300124,BC1GUL01,GULFSTREAM/11.25 BO 20290528,105344,DOP,105344,10.47178104,101.79385,21/09/2026,09:54:23 AM,PRESTAMO,PRIMERA PARTE,ROTC,21/09/2026,CONFIRMADA,3353717,0,28/05/2019,28/05/2029,7.6,GULFSTREAM PETROLEUM DOMINICANA S DE RL,GULFSTREAM,62230
DO2016300124,BC1GUL01,GULFSTREAM/11.25 BO 20290528,105344,DOP,105344,10.57094123,101.518571,21/09/2026,09:54:22 AM,ESTRUCTURADA,SEGUNDA PARTE,ROTC,21/10/2026,CONFIRMADA,3353695,0,28/05/2019,28/05/2029,7.6,GULFSTREAM PETROLEUM DOMINICANA S DE RL,GULFSTREAM,64498
DO2016300124,BC1GUL01,GULFSTREAM/11.25 BO 20290528,105344,DOP,105344,10.47178104,101.79385,21/09/2026,09:54:22 AM,ESTRUCTURADA,PRIMERA PARTE,ROTC,21/09/2026,CONFIRMADA,3353695,0,28/05/2019,28/05/2029,7.6,GULFSTREAM PETROLEUM DOMINICANA S DE RL,GULFSTREAM,64323
DO1002261423,NO301129,BCENTRAL/9.5 BOEST 20291130 GTIA,1360000,DOP,136,9.49035213,100.019182,21/09/2026,09:54:21 AM,PRESTAMO,SEGUNDA PARTE,ROTC,20/11/2026,CONFIRMADA,3353716,0,30/11/2025,30/11/2029,9.15,BANCO CENTRAL DE LA REPUBLICA DOMINICANA,BCENTRAL,62923
DO1002261423,NO301129,BCENTRAL/9.5 BOEST 20291130 GTIA,1360000,DOP,136,9.49101493,99.998242,21/09/2026,09:54:21 AM,PRESTAMO,PRIMERA PARTE,ROTC,21/09/2026,CONFIRMADA,3353716,0,30/11/2025,30/11/2029,9.15,BANCO CENTRAL DE LA REPUBLICA DOMINICANA,BCENTRAL,62944
DO1002261423,NO301129,BCENTRAL/9.5 BOEST 20291130 GTIA,1360000,DOP,136,9.49035213,100.019182,21/09/2026,09:54:20 AM,ESTRUCTURADA,SEGUNDA PARTE,ROTC,20/11/2026,CONFIRMADA,3353694,0,30/11/2025,30/11/2029,9.15,BANCO CENTRAL DE LA REPUBLICA DOMINICANA,BCENTRAL,65016
DO1002261423,NO301129,BCENTRAL/9.5 BOEST 20291130 GTIA,1360000,DOP,136,9.49101493,99.998242,21/09/2026,09:54:20 AM,ESTRUCTURADA,PRIMERA PARTE,ROTC,21/09/2026,CONFIRMADA,3353694,0,30/11/2025,30/11/2029,9.15,BANCO CENTRAL DE LA REPUBLICA DOMINICANA,BCENTRAL,65037
DO1002261423,NO301129,BCENTRAL/9.5 BOEST 20291130 GTIA,260000,DOP,26,9.67773389,99.537249,21/09/2026,09:54:19 AM,PRESTAMO,SEGUNDA PARTE,ROTC,20/11/2026,CONFIRMADA,3353715,0,30/11/2025,30/11/2029,7.9,BANCO CENTRAL DE LA REPUBLICA DOMINICANA,BCENTRAL,62279
DO1002261423,NO301129,BCENTRAL/9.5 BOEST 20291130 GTIA,260000,DOP,26,9.58890908,99.734246,21/09/2026,09:54:19 AM,PRESTAMO,PRIMERA PARTE,ROTC,21/09/2026,CONFIRMADA,3353715,0,30/11/2025,30/11/2029,7.9,BANCO CENTRAL DE LA REPUBLICA DOMINICANA,BCENTRAL,62349
DO1002261423,NO301129,BCENTRAL/9.5 BOEST 20291130 GTIA,260000,DOP,26,9.67773389,99.537249,21/09/2026,09:54:17 AM,ESTRUCTURADA,SEGUNDA PARTE,ROTC,20/11/2026,CONFIRMADA,3353693,0,30/11/2025,30/11/2029,7.9,BANCO CENTRAL DE LA REPUBLICA DOMINICANA,BCENTRAL,64365
DO1002261423,NO301129,BCENTRAL/9.5 BOEST 20291130 GTIA,260000,DOP,26,9.58890908,99.734246,21/09/2026,09:54:17 AM,ESTRUCTURADA,PRIMERA PARTE,ROTC,21/09/2026,CONFIRMADA,3353693,0,30/11/2025,30/11/2029,7.9,BANCO CENTRAL DE LA REPUBLICA DOMINICANA,BCENTRAL,64435
DO2016300124,BC1GUL01,GULFSTREAM/11.25 BO 20290528,63779,DOP,63779,10.59167553,101.471499,21/09/2026,09:54:16 AM,PRESTAMO,SEGUNDA PARTE,ROTC,21/10/2026,CONFIRMADA,3353714,0,28/05/2019,28/05/2029,7.05,GULFSTREAM PETROLEUM DOMINICANA S DE RL,GULFSTREAM,62076
DO2016300124,BC1GUL01,GULFSTREAM/11.25 BO 20290528,63779,DOP,63779,10.47181405,101.793772,21/09/2026,09:54:16 AM,PRESTAMO,PRIMERA PARTE,ROTC,21/09/2026,CONFIRMADA,3353714,0,28/05/2019,28/05/2029,7.05,GULFSTREAM PETROLEUM DOMINICANA S DE RL,GULFSTREAM,62125
DO2016300124,BC1GUL01,GULFSTREAM/11.25 BO 20290528,63779,DOP,63779,10.59167553,101.471499,21/09/2026,09:54:15 AM,ESTRUCTURADA,SEGUNDA PARTE,ROTC,21/10/2026,CONFIRMADA,3353692,0,28/05/2019,28/05/2029,7.05,GULFSTREAM PETROLEUM DOMINICANA S DE RL,GULFSTREAM,64169
DO2016300124,BC1GUL01,GULFSTREAM/11.25 BO 20290528,63779,DOP,63779,10.47181405,101.793772,21/09/2026,09:54:15 AM,ESTRUCTURADA,PRIMERA PARTE,ROTC,21/09/2026,CONFIRMADA,3353692,0,28/05/2019,28/05/2029,7.05,GULFSTREAM PETROLEUM DOMINICANA S DE RL,GULFSTREAM,64218
DO2006901311,BC1ITA01,EGEITABO/5.65 BO 20311208,10935,USD,10935,5.0899912,102.479396,21/09/2026,09:54:14 AM,PRESTAMO,SEGUNDA PARTE,ROTC,20/11/2026,CONFIRMADA,3353713,0,08/12/2021,08/12/2031,4.25,"EMPRESA GENERADORA DE ELECTRICIDAD ITABO, S.A.",EGEITABO,59591
DO2006901311,BC1ITA01,EGEITABO/5.65 BO 20311208,10935,USD,10935,5.06207438,102.679426,21/09/2026,09:54:14 AM,PRESTAMO,PRIMERA PARTE,ROTC,21/09/2026,CONFIRMADA,3353713,0,08/12/2021,08/12/2031,4.25,"EMPRESA GENERADORA DE ELECTRICIDAD ITABO, S.A.",EGEITABO,59962
DO2006901311,BC1ITA01,EGEITABO/5.65 BO 20311208,10935,USD,10935,5.0899912,102.479396,21/09/2026,09:54:13 AM,ESTRUCTURADA,SEGUNDA PARTE,ROTC,20/11/2026,CONFIRMADA,3353691,0,08/12/2021,08/12/2031,4.25,"EMPRESA GENERADORA DE ELECTRICIDAD ITABO, S.A.",EGEITABO,61684
DO2006901311,BC1ITA01,EGEITABO/5.65 BO 20311208,10935,USD,10935,5.06207438,102.679426,21/09/2026,09:54:13 AM,ESTRUCTURADA,PRIMERA PARTE,ROTC,21/09/2026,CONFIRMADA,3353691,0,08/12/2021,08/12/2031,4.25,"EMPRESA GENERADORA DE ELECTRICIDAD ITABO, S.A.",EGEITABO,62055
DO2016300124,BC1GUL01,GULFSTREAM/11.25 BO 20290528,113413,DOP,113413,11.4868862,99.484726,21/09/2026,09:54:12 AM,PRESTAMO,SEGUNDA PARTE,ROTC,20/11/2026,CONFIRMADA,3353712,0,28/05/2019,28/05/2029,7.85,GULFSTREAM PETROLEUM DOMINICANA S DE RL,GULFSTREAM,61887
DO2016300124,BC1GUL01,GULFSTREAM/11.25 BO 20290528,113413,DOP,113413,11.23969827,100.015822,21/09/2026,09:54:12 AM,PRESTAMO,PRIMERA PARTE,ROTC,21/09/2026,CONFIRMADA,3353712,0,28/05/2019,28/05/2029,7.85,GULFSTREAM PETROLEUM DOMINICANA S DE RL,GULFSTREAM,62496
DO2016300124,BC1GUL01,GULFSTREAM/11.25 BO 20290528,113413,DOP,113413,11.4868862,99.484726,21/09/2026,09:54:10 AM,ESTRUCTURADA,SEGUNDA PARTE,ROTC,20/11/2026,CONFIRMADA,3353690,0,28/05/2019,28/05/2029,7.85,GULFSTREAM PETROLEUM DOMINICANA S DE RL,GULFSTREAM,63973
DO2016300124,BC1GUL01,GULFSTREAM/11.25 BO 20290528,113413,DOP,113413,11.23969827,100.015822,21/09/2026,09:54:10 AM,ESTRUCTURADA,PRIMERA PARTE,ROTC,21/09/2026,CONFIRMADA,3353690,0,28/05/2019,28/05/2029,7.85,GULFSTREAM PETROLEUM DOMINICANA S DE RL,GULFSTREAM,64582
DO1005204412,MH12029,HACIENDA/11.375 BOEST 20290706 GTIA,5500000,DOP,55,7.48052279,108.019949,21/09/2026,09:54:09 AM,PRESTAMO,SEGUNDA PARTE,ROTC,22/03/2027,CONFIRMADA,3353711,0,06/07/2014,06/07/2029,8.2,MINISTERIO DE HACIENDA,HACIENDA,63301
DO1005204412,MH12029,HACIENDA/11.375 BOEST 20290706 GTIA,5500000,DOP,55,7.68549873,109.070797,21/09/2026,09:54:09 AM,PRESTAMO,PRIMERA PARTE,ROTC,21/09/2026,CONFIRMADA,3353711,0,06/07/2014,06/07/2029,8.2,MINISTERIO DE HACIENDA,HACIENDA,63476
DO1005204412,MH12029,HACIENDA/11.375 BOEST 20290706 GTIA,5500000,DOP,55,7.48052279,108.019949,21/09/2026,09:54:08 AM,ESTRUCTURADA,SEGUNDA PARTE,ROTC,22/03/2027,CONFIRMADA,3353685,0,06/07/2014,06/07/2029,8.2,MINISTERIO DE HACIENDA,HACIENDA,65394
DO1005204412,MH12029,HACIENDA/11.375 BOEST 20290706 GTIA,5500000,DOP,55,7.68549873,109.070797,21/09/2026,09:54:08 AM,ESTRUCTURADA,PRIMERA PARTE,ROTC,21/09/2026,CONFIRMADA,3353685,0,06/07/2014,06/07/2029,8.2,MINISTERIO DE HACIENDA,HACIENDA,65569
DO1005204412,MH12029,HACIENDA/11.375 BOEST 20290706 GTIA,2700000,DOP,27,7.46208343,108.060168,21/09/2026,09:54:07 AM,PRESTAMO,SEGUNDA PARTE,ROTC,22/03/2027,CONFIRMADA,3353710,0,06/07/2014,06/07/2029,8.75,MINISTERIO DE HACIENDA,HACIENDA,63147
DO1005204412,MH12029,HACIENDA/11.375 BOEST 20290706 GTIA,2700000,DOP,27,7.78452193,108.812493,21/09/2026,09:54:07 AM,PRESTAMO,PRIMERA PARTE,ROTC,21/09/2026,CONFIRMADA,3353710,0,06/07/2014,06/07/2029,8.75,MINISTERIO DE HACIENDA,HACIENDA,63343
DO1005204412,MH12029,HACIENDA/11.375 BOEST 20290706 GTIA,2700000,DOP,27,7.46208343,108.060168,21/09/2026,09:54:06 AM,ESTRUCTURADA,SEGUNDA PARTE,ROTC,22/03/2027,CONFIRMADA,3353681,0,06/07/2014,06/07/2029,8.75,MINISTERIO DE HACIENDA,HACIENDA,65240
DO1005204412,MH12029,HACIENDA/11.375 BOEST 20290706 GTIA,2700000,DOP,27,7.78452193,108.812493,21/09/2026,09:54:06 AM,ESTRUCTURADA,PRIMERA PARTE,ROTC,21/09/2026,CONFIRMADA,3353681,0,06/07/2014,06/07/2029,8.75,MINISTERIO DE HACIENDA,HACIENDA,65436
DO1005208215,MHUS2029,HACIENDA/6.95 BOEST 20290626 GTIA,15000,USD,15,2.94748413,108.687007,21/09/2026,09:54:05 AM,PRESTAMO,SEGUNDA PARTE,ROTC,22/03/2027,CONFIRMADA,3353709,0,26/06/2020,26/06/2029,4.4,MINISTERIO DE HACIENDA,HACIENDA,62790
DO1005208215,MHUS2029,HACIENDA/6.95 BOEST 20290626 GTIA,15000,USD,15,3.24780485,109.704494,21/09/2026,09:54:05 AM,PRESTAMO,PRIMERA PARTE,ROTC,21/09/2026,CONFIRMADA,3353709,0,26/06/2020,26/06/2029,4.4,MINISTERIO DE HACIENDA,HACIENDA,62881
DO1005208215,MHUS2029,HACIENDA/6.95 BOEST 20290626 GTIA,15000,USD,15,2.94748413,108.687007,21/09/2026,09:54:03 AM,ESTRUCTURADA,SEGUNDA PARTE,ROTC,22/03/2027,CONFIRMADA,3353678,0,26/06/2020,26/06/2029,4.4,MINISTERIO DE HACIENDA,HACIENDA,64876
DO1005208215,MHUS2029,HACIENDA/6.95 BOEST 20290626 GTIA,15000,USD,15,3.24780485,109.704494,21/09/2026,09:54:03 AM,ESTRUCTURADA,PRIMERA PARTE,ROTC,21/09/2026,CONFIRMADA,3353678,0,26/06/2020,26/06/2029,4.4,MINISTERIO DE HACIENDA,HACIENDA,64967
DO1005204412,MH12029,HACIENDA/11.375 BOEST 20290706 GTIA,8500000,DOP,85,7.76187622,107.408653,21/09/2026,09:54:02 AM,PRESTAMO,SEGUNDA PARTE,ROTC,22/03/2027,CONFIRMADA,3353708,0,06/07/2014,06/07/2029,8.75,MINISTERIO DE HACIENDA,HACIENDA,63259
DO1005204412,MH12029,HACIENDA/11.375 BOEST 20290706 GTIA,8500000,DOP,85,8.02494081,108.188578,21/09/2026,09:54:02 AM,PRESTAMO,PRIMERA PARTE,ROTC,21/09/2026,CONFIRMADA,3353708,0,06/07/2014,06/07/2029,8.75,MINISTERIO DE HACIENDA,HACIENDA,63364
DO1005204412,MH12029,HACIENDA/11.375 BOEST 20290706 GTIA,8500000,DOP,85,7.76187622,107.408653,21/09/2026,09:54:01 AM,ESTRUCTURADA,SEGUNDA PARTE,ROTC,22/03/2027,CONFIRMADA,3353673,0,06/07/2014,06/07/2029,8.75,MINISTERIO DE HACIENDA,HACIENDA,65352
DO1005204412,MH12029,HACIENDA/11.375 BOEST 20290706 GTIA,8500000,DOP,85,8.02494081,108.188578,21/09/2026,09:54:01 AM,ESTRUCTURADA,PRIMERA PARTE,ROTC,21/09/2026,CONFIRMADA,3353673,0,06/07/2014,06/07/2029,8.75,MINISTERIO DE HACIENDA,HACIENDA,65457
DO1002261423,NO301129,BCENTRAL/9.5 BOEST 20291130 GTIA,1040000,DOP,104,9.08483696,100.946725,21/09/2026,09:54:00 AM,PRESTAMO,SEGUNDA PARTE,ROTC,22/03/2027,CONFIRMADA,3353707,0,30/11/2025,30/11/2029,8.75,BANCO CENTRAL DE LA REPUBLICA DOMINICANA,BCENTRAL,63063
DO1002261423,NO301129,BCENTRAL/9.5 BOEST 20291130 GTIA,1040000,DOP,104,9.08922156,101.090961,21/09/2026,09:54:00 AM,PRESTAMO,PRIMERA PARTE,ROTC,21/09/2026,CONFIRMADA,3353707,0,30/11/2025,30/11/2029,8.75,BANCO CENTRAL DE LA REPUBLICA DOMINICANA,BCENTRAL,63028
DO1002261423,NO301129,BCENTRAL/9.5 BOEST 20291130 GTIA,1040000,DOP,104,9.08483696,100.946725,21/09/2026,09:53:58 AM,ESTRUCTURADA,SEGUNDA PARTE,ROTC,22/03/2027,CONFIRMADA,3353657,0,30/11/2025,30/11/2029,8.75,BANCO CENTRAL DE LA REPUBLICA DOMINICANA,BCENTRAL,65247
DO1002261423,NO301129,BCENTRAL/9.5 BOEST 20291130 GTIA,1040000,DOP,104,9.08922156,101.090961,21/09/2026,09:53:58 AM,ESTRUCTURADA,PRIMERA PARTE,ROTC,21/09/2026,CONFIRMADA,3353657,0,30/11/2025,30/11/2029,8.75,BANCO CENTRAL DE LA REPUBLICA DOMINICANA,BCENTRAL,65212
DO1002261928,LE090427,BCENTRAL/ LT 20270409 GTIA,530000,DOP,53,-0.3998,100.018885,21/09/2026,09:53:19 AM,PRESTAMO,SEGUNDA PARTE,ROTC,23/03/2027,CONFIRMADA,3353455,0,09/04/2026,09/04/2027,4.032118,BANCO CENTRAL DE LA REPUBLICA DOMINICANA,BCENTRAL,58716
DO1002261928,LE090427,BCENTRAL/ LT 20270409 GTIA,530000,DOP,53,7.681,95.986006,21/09/2026,09:53:19 AM,PRESTAMO,PRIMERA PARTE,ROTC,25/09/2026,CONFIRMADA,3353455,0,09/04/2026,09/04/2027,4.032118,BANCO CENTRAL DE LA REPUBLICA DOMINICANA,BCENTRAL,57876
DO1002261928,LE090427,BCENTRAL/ LT 20270409 GTIA,530000,DOP,53,-0.3998,100.018885,21/09/2026,09:53:18 AM,PLAZO,PRIMERA PARTE,ROTC,23/03/2027,CONFIRMADA,3353456,0,09/04/2026,09/04/2027,0,BANCO CENTRAL DE LA REPUBLICA DOMINICANA,BCENTRAL,57169
DO1002261928,LE090427,BCENTRAL/ LT 20270409 GTIA,500000,DOP,50,10.2954,96.655334,21/09/2026,09:53:17 AM,PRESTAMO,SEGUNDA PARTE,ROTC,09/12/2026,CONFIRMADA,3353458,0,09/04/2026,09/04/2027,1.689709,BANCO CENTRAL DE LA REPUBLICA DOMINICANA,BCENTRAL,58380
DO1002261928,LE090427,BCENTRAL/ LT 20270409 GTIA,500000,DOP,50,9.622,95.02214,21/09/2026,09:53:17 AM,PRESTAMO,PRIMERA PARTE,ROTC,25/09/2026,CONFIRMADA,3353458,0,09/04/2026,09/04/2027,1.689709,BANCO CENTRAL DE LA REPUBLICA DOMINICANA,BCENTRAL,57323
DO1002261928,LE090427,BCENTRAL/ LT 20270409 GTIA,500000,DOP,50,10.2954,96.655334,21/09/2026,09:53:15 AM,PLAZO,PRIMERA PARTE,ROTC,09/12/2026,CONFIRMADA,3353459,0,09/04/2026,09/04/2027,0,BANCO CENTRAL DE LA REPUBLICA DOMINICANA,BCENTRAL,56826
DO1002261928,LE090427,BCENTRAL/ LT 20270409 GTIA,50000,DOP,5,23.778,98.88962,21/09/2026,09:53:14 AM,PRESTAMO,SEGUNDA PARTE,ROTC,23/03/2027,CONFIRMADA,3353461,0,09/04/2026,09/04/2027,4.032132,BANCO CENTRAL DE LA REPUBLICA DOMINICANA,BCENTRAL,57099
DO1002261928,LE090427,BCENTRAL/ LT 20270409 GTIA,50000,DOP,5,9.8661,94.90226,21/09/2026,09:53:14 AM,PRESTAMO,PRIMERA PARTE,ROTC,25/09/2026,CONFIRMADA,3353461,0,09/04/2026,09/04/2027,4.032132,BANCO CENTRAL DE LA REPUBLICA DOMINICANA,BCENTRAL,57106
DO1002261928,LE090427,BCENTRAL/ LT 20270409 GTIA,50000,DOP,5,23.778,98.88962,21/09/2026,09:53:13 AM,PLAZO,PRIMERA PARTE,ROTC,23/03/2027,CONFIRMADA,3353462,0,09/04/2026,09/04/2027,0,BANCO CENTRAL DE LA REPUBLICA DOMINICANA,BCENTRAL,55552
DO1002261928,LE090427,BCENTRAL/ LT 20270409 GTIA,1970000,DOP,197,0,96.35381,21/09/2026,09:53:12 AM,PRESTAMO,SEGUNDA PARTE,ROTC,26/10/2026,CONFIRMADA,3353464,0,09/04/2026,09/04/2027,0.692669,BANCO CENTRAL DE LA REPUBLICA DOMINICANA,BCENTRAL,56637
DO1002261928,LE090427,BCENTRAL/ LT 20270409 GTIA,1970000,DOP,197,8.2801,95.686397,21/09/2026,09:53:12 AM,PRESTAMO,PRIMERA PARTE,ROTC,25/09/2026,CONFIRMADA,3353464,0,09/04/2026,09/04/2027,0.692669,BANCO CENTRAL DE LA REPUBLICA DOMINICANA,BCENTRAL,59010
DO1002261928,LE090427,BCENTRAL/ LT 20270409 GTIA,1970000,DOP,197,0,96.35381,21/09/2026,09:53:11 AM,PLAZO,PRIMERA PARTE,ROTC,26/10/2026,CONFIRMADA,3353465,0,09/04/2026,09/04/2027,0,BANCO CENTRAL DE LA REPUBLICA DOMINICANA,BCENTRAL,55090
DO1002261928,LE090427,BCENTRAL/ LT 20270409 GTIA,60000,DOP,6,73.8581,96.6298,21/09/2026,09:53:09 AM,PRESTAMO,SEGUNDA PARTE,ROTC,23/03/2027,CONFIRMADA,3353467,0,09/04/2026,09/04/2027,4.032124,BANCO CENTRAL DE LA REPUBLICA DOMINICANA,BCENTRAL,57106
DO1002261928,LE090427,BCENTRAL/ LT 20270409 GTIA,60000,DOP,6,14.3923,92.733567,21/09/2026,09:53:09 AM,PRESTAMO,PRIMERA PARTE,ROTC,25/09/2026,CONFIRMADA,3353467,0,09/04/2026,09/04/2027,4.032124,BANCO CENTRAL DE LA REPUBLICA DOMINICANA,BCENTRAL,57834
DO1002261928,LE090427,BCENTRAL/ LT 20270409 GTIA,60000,DOP,6,73.8581,96.6298,21/09/2026,09:53:08 AM,PLAZO,PRIMERA PARTE,ROTC,23/03/2027,CONFIRMADA,3353468,0,09/04/2026,09/04/2027,0,BANCO CENTRAL DE LA REPUBLICA DOMINICANA,BCENTRAL,55559
DO1002261928,LE090427,BCENTRAL/ LT 20270409 GTIA,560000,DOP,56,7.5224,97.216991,21/09/2026,09:53:07 AM,PRESTAMO,SEGUNDA PARTE,ROTC,23/11/2026,CONFIRMADA,3353470,0,09/04/2026,09/04/2027,1.406195,BANCO CENTRAL DE LA REPUBLICA DOMINICANA,BCENTRAL,58100
DO1002261928,LE090427,BCENTRAL/ LT 20270409 GTIA,560000,DOP,56,7.7936,95.84993,21/09/2026,09:53:07 AM,PRESTAMO,PRIMERA PARTE,ROTC,21/09/2026,CONFIRMADA,3353470,0,09/04/2026,09/04/2027,1.406195,BANCO CENTRAL DE LA REPUBLICA DOMINICANA,BCENTRAL,57967
DO1002261928,LE090427,BCENTRAL/ LT 20270409 GTIA,560000,DOP,56,7.5224,97.216991,21/09/2026,09:53:06 AM,PLAZO,PRIMERA PARTE,ROTC,23/11/2026,CONFIRMADA,3353471,0,09/04/2026,09/04/2027,0,BANCO CENTRAL DE LA REPUBLICA DOMINICANA,BCENTRAL,56553
USP3579EBY25,BSRD2048,DOMINICAN REP/6.5 CHURCH BD UNSEC,4000,USD,4,0,111.686,21/09/2026,09:53:04 AM,PRESTAMO,SEGUNDA PARTE,ROTC,21/10/2026,CONFIRMADA,3353473,0,08/02/2018,15/02/2048,0.908062,MINISTERIO DE HACIENDA,HACIENDA,59780
USP3579EBY25,BSRD2048,DOMINICAN REP/6.5 CHURCH BD UNSEC,4000,USD,4,5.5465,111.85275,21/09/2026,09:53:04 AM,PRESTAMO,PRIMERA PARTE,ROTC,21/09/2026,CONFIRMADA,3353473,0,08/02/2018,15/02/2048,0.908062,MINISTERIO DE HACIENDA,HACIENDA,62461
USP3579EBY25,BSRD2048,DOMINICAN REP/6.5 CHURCH BD UNSEC,4000,USD,4,0,111.686,21/09/2026,09:53:03 AM,PLAZO,PRIMERA PARTE,ROTC,21/10/2026,CONFIRMADA,3353474,0,08/02/2018,15/02/2048,0,MINISTERIO DE HACIENDA,HACIENDA,58233
DO1005205617,MH12027,HACIENDA/11.25 BOEST 20270205 GTIA,3100000,DOP,31,1.3671,102.880167,21/09/2026,09:53:02 AM,PRESTAMO,SEGUNDA PARTE,ROTC,21/10/2026,CONFIRMADA,3353476,0,05/08/2016,05/02/2027,2.038577,MINISTERIO DE HACIENDA,HACIENDA,61145
DO1005205617,MH12027,HACIENDA/11.25 BOEST 20270205 GTIA,3100000,DOP,31,2.8693,103.107782,21/09/2026,09:53:02 AM,PRESTAMO,PRIMERA PARTE,ROTC,21/09/2026,CONFIRMADA,3353476,0,05/08/2016,05/02/2027,2.038577,MINISTERIO DE HACIENDA,HACIENDA,61306
DO1005205617,MH12027,HACIENDA/11.25 BOEST 20270205 GTIA,3100000,DOP,31,1.3671,102.880167,21/09/2026,09:53:00 AM,PLAZO,PRIMERA PARTE,ROTC,21/10/2026,CONFIRMADA,3353477,0,05/08/2016,05/02/2027,0,MINISTERIO DE HACIENDA,HACIENDA,59591
USP3579EBY25,BSRD2048,DOMINICAN REP/6.5 CHURCH BD UNSEC,2000,USD,2,0,119.2025,21/09/2026,09:52:59 AM,PRESTAMO,SEGUNDA PARTE,ROTC,21/10/2026,CONFIRMADA,3353479,0,08/02/2018,15/02/2048,0.872136,MINISTERIO DE HACIENDA,HACIENDA,60130
USP3579EBY25,BSRD2048,DOMINICAN REP/6.5 CHURCH BD UNSEC,2000,USD,2,5.0151,119.344,21/09/2026,09:52:59 AM,PRESTAMO,PRIMERA PARTE,ROTC,21/09/2026,CONFIRMADA,3353479,0,08/02/2018,15/02/2048,0.872136,MINISTERIO DE HACIENDA,HACIENDA,61677
USP3579EBY25,BSRD2048,DOMINICAN REP/6.5 CHURCH BD UNSEC,2000,USD,2,0,119.2025,21/09/2026,09:52:58 AM,PLAZO,PRIMERA PARTE,ROTC,21/10/2026,CONFIRMADA,3353480,0,08/02/2018,15/02/2048,0,MINISTERIO DE HACIENDA,HACIENDA,58583
DO1005205617,MH12027,HACIENDA/11.25 BOEST 20270205 GTIA,3800000,DOP,38,-1.0997,103.4673,21/09/2026,09:52:57 AM,PRESTAMO,SEGUNDA PARTE,ROTC,26/10/2026,CONFIRMADA,3353482,0,05/08/2016,05/02/2027,2.175684,MINISTERIO DE HACIENDA,HACIENDA,60977
DO1005205617,MH12027,HACIENDA/11.25 BOEST 20270205 GTIA,3800000,DOP,38,1.0805,103.688587,21/09/2026,09:52:57 AM,PRESTAMO,PRIMERA PARTE,ROTC,25/09/2026,CONFIRMADA,3353482,0,05/08/2016,05/02/2027,2.175684,MINISTERIO DE HACIENDA,HACIENDA,61516
DO1005205617,MH12027,HACIENDA/11.25 BOEST 20270205 GTIA,3800000,DOP,38,-1.0997,103.4673,21/09/2026,09:52:56 AM,PLAZO,PRIMERA PARTE,ROTC,26/10/2026,CONFIRMADA,3353483,0,05/08/2016,05/02/2027,0,MINISTERIO DE HACIENDA,HACIENDA,59430
DO1002261928,LE090427,BCENTRAL/ LT 20270409 GTIA,20000,DOP,2,-12.605,105.00015,21/09/2026,09:52:54 AM,PRESTAMO,SEGUNDA PARTE,ROTC,24/11/2026,CONFIRMADA,3353485,0,09/04/2026,09/04/2027,1.340141,BANCO CENTRAL DE LA REPUBLICA DOMINICANA,BCENTRAL,57365
DO1002261928,LE090427,BCENTRAL/ LT 20270409 GTIA,20000,DOP,2,-6.3705,103.593,21/09/2026,09:52:54 AM,PRESTAMO,PRIMERA PARTE,ROTC,25/09/2026,CONFIRMADA,3353485,0,09/04/2026,09/04/2027,1.340141,BANCO CENTRAL DE LA REPUBLICA DOMINICANA,BCENTRAL,56924
DO1002261928,LE090427,BCENTRAL/ LT 20270409 GTIA,20000,DOP,2,-12.605,105.00015,21/09/2026,09:52:53 AM,PLAZO,PRIMERA PARTE,ROTC,24/11/2026,CONFIRMADA,3353486,0,09/04/2026,09/04/2027,0,BANCO CENTRAL DE LA REPUBLICA DOMINICANA,BCENTRAL,55818
DO1002261928,LE090427,BCENTRAL/ LT 20270409 GTIA,520000,DOP,52,6.4403,97.048515,21/09/2026,09:52:52 AM,PRESTAMO,SEGUNDA PARTE,ROTC,21/10/2026,CONFIRMADA,3353489,0,09/04/2026,09/04/2027,0.670474,BANCO CENTRAL DE LA REPUBLICA DOMINICANA,BCENTRAL,57960
DO1002261928,LE090427,BCENTRAL/ LT 20270409 GTIA,520000,DOP,52,6.7262,96.397831,21/09/2026,09:52:52 AM,PRESTAMO,PRIMERA PARTE,ROTC,21/09/2026,CONFIRMADA,3353489,0,09/04/2026,09/04/2027,0.670474,BANCO CENTRAL DE LA REPUBLICA DOMINICANA,BCENTRAL,58170
DO1002261928,LE090427,BCENTRAL/ LT 20270409 GTIA,520000,DOP,52,6.4403,97.048515,21/09/2026,09:52:51 AM,PLAZO,PRIMERA PARTE,ROTC,21/10/2026,CONFIRMADA,3353490,0,09/04/2026,09/04/2027,0,BANCO CENTRAL DE LA REPUBLICA DOMINICANA,BCENTRAL,56413
DO1002261928,LE090427,BCENTRAL/ LT 20270409 GTIA,1730000,DOP,173,0,96.444452,21/09/2026,09:52:49 AM,PRESTAMO,SEGUNDA PARTE,ROTC,26/10/2026,CONFIRMADA,3353492,0,09/04/2026,09/04/2027,0.692669,BANCO CENTRAL DE LA REPUBLICA DOMINICANA,BCENTRAL,56973
DO1002261928,LE090427,BCENTRAL/ LT 20270409 GTIA,1730000,DOP,173,8.0997,95.776412,21/09/2026,09:52:49 AM,PRESTAMO,PRIMERA PARTE,ROTC,25/09/2026,CONFIRMADA,3353492,0,09/04/2026,09/04/2027,0.692669,BANCO CENTRAL DE LA REPUBLICA DOMINICANA,BCENTRAL,59003
DO1002261928,LE090427,BCENTRAL/ LT 20270409 GTIA,1730000,DOP,173,0,96.444452,21/09/2026,09:52:48 AM,PLAZO,PRIMERA PARTE,ROTC,26/10/2026,CONFIRMADA,3353493,0,09/04/2026,09/04/2027,0,BANCO CENTRAL DE LA REPUBLICA DOMINICANA,BCENTRAL,55426
DO1002261928,LE090427,BCENTRAL/ LT 20270409 GTIA,280000,DOP,28,0,95.431086,21/09/2026,09:52:47 AM,PRESTAMO,SEGUNDA PARTE,ROTC,26/10/2026,CONFIRMADA,3353495,0,09/04/2026,09/04/2027,0.692665,BANCO CENTRAL DE LA REPUBLICA DOMINICANA,BCENTRAL,56259
DO1002261928,LE090427,BCENTRAL/ LT 20270409 GTIA,280000,DOP,28,10.1361,94.770068,21/09/2026,09:52:47 AM,PRESTAMO,PRIMERA PARTE,ROTC,25/09/2026,CONFIRMADA,3353495,0,09/04/2026,09/04/2027,0.692665,BANCO CENTRAL DE LA REPUBLICA DOMINICANA,BCENTRAL,58492
DO1002261928,LE090427,BCENTRAL/ LT 20270409 GTIA,280000,DOP,28,0,95.431086,21/09/2026,09:52:46 AM,PLAZO,PRIMERA PARTE,ROTC,26/10/2026,CONFIRMADA,3353496,0,09/04/2026,09/04/2027,0,BANCO CENTRAL DE LA REPUBLICA DOMINICANA,BCENTRAL,54712
DO1002261928,LE090427,BCENTRAL/ LT 20270409 GTIA,20000,DOP,2,-9.4227,103.3265,21/09/2026,09:52:45 AM,PRESTAMO,SEGUNDA PARTE,ROTC,07/12/2026,CONFIRMADA,3353498,0,09/04/2026,09/04/2027,1.711855,BANCO CENTRAL DE LA REPUBLICA DOMINICANA,BCENTRAL,57169
DO1002261928,LE090427,BCENTRAL/ LT 20270409 GTIA,20000,DOP,2,-2.7747,101.5577,21/09/2026,09:52:45 AM,PRESTAMO,PRIMERA PARTE,ROTC,22/09/2026,CONFIRMADA,3353498,0,09/04/2026,09/04/2027,1.711855,BANCO CENTRAL DE LA REPUBLICA DOMINICANA,BCENTRAL,57316
DO1002261928,LE090427,BCENTRAL/ LT 20270409 GTIA,20000,DOP,2,-9.4227,103.3265,21/09/2026,09:52:43 AM,PLAZO,PRIMERA PARTE,ROTC,07/12/2026,CONFIRMADA,3353499,0,09/04/2026,09/04/2027,0,BANCO CENTRAL DE LA REPUBLICA DOMINICANA,BCENTRAL,55615
USP3579EBY25,BSRD2048,DOMINICAN REP/6.5 CHURCH BD UNSEC,12000,USD,12,0,109.481167,21/09/2026,09:52:42 AM,PRESTAMO,SEGUNDA PARTE,ROTC,26/10/2026,CONFIRMADA,3353501,0,08/02/2018,15/02/2048,0.995368,MINISTERIO DE HACIENDA,HACIENDA,61586
USP3579EBY25,BSRD2048,DOMINICAN REP/6.5 CHURCH BD UNSEC,12000,USD,12,5.7113,109.660583,21/09/2026,09:52:42 AM,PRESTAMO,PRIMERA PARTE,ROTC,25/09/2026,CONFIRMADA,3353501,0,08/02/2018,15/02/2048,0.995368,MINISTERIO DE HACIENDA,HACIENDA,63490
USP3579EBY25,BSRD2048,DOMINICAN REP/6.5 CHURCH BD UNSEC,12000,USD,12,0,109.481167,21/09/2026,09:52:41 AM,PLAZO,PRIMERA PARTE,ROTC,26/10/2026,CONFIRMADA,3353502,0,08/02/2018,15/02/2048,0,MINISTERIO DE HACIENDA,HACIENDA,60039
DO1002261928,LE090427,BCENTRAL/ LT 20270409 GTIA,1950000,DOP,195,8.1949,96.274361,21/09/2026,09:52:40 AM,PRESTAMO,SEGUNDA PARTE,ROTC,21/10/2026,CONFIRMADA,3353504,0,09/04/2026,09/04/2027,0.670474,BANCO CENTRAL DE LA REPUBLICA DOMINICANA,BCENTRAL,58814
DO1002261928,LE090427,BCENTRAL/ LT 20270409 GTIA,1950000,DOP,195,8.2277,95.628866,21/09/2026,09:52:40 AM,PRESTAMO,PRIMERA PARTE,ROTC,21/09/2026,CONFIRMADA,3353504,0,09/04/2026,09/04/2027,0.670474,BANCO CENTRAL DE LA REPUBLICA DOMINICANA,BCENTRAL,58982
DO1002261928,LE090427,BCENTRAL/ LT 20270409 GTIA,1950000,DOP,195,8.1949,96.274361,21/09/2026,09:52:38 AM,PLAZO,PRIMERA PARTE,ROTC,21/10/2026,CONFIRMADA,3353505,0,09/04/2026,09/04/2027,0,BANCO CENTRAL DE LA REPUBLICA DOMINICANA,BCENTRAL,57323
USP3579EBY25,BSRD2048,DOMINICAN REP/6.5 CHURCH BD UNSEC,19000,USD,19,0,104.716737,21/09/2026,09:52:37 AM,PRESTAMO,SEGUNDA PARTE,ROTC,26/10/2026,CONFIRMADA,3353507,0,08/02/2018,15/02/2048,1.024591,MINISTERIO DE HACIENDA,HACIENDA,61705
USP3579EBY25,BSRD2048,DOMINICAN REP/6.5 CHURCH BD UNSEC,19000,USD,19,6.0856,104.912632,21/09/2026,09:52:37 AM,PRESTAMO,PRIMERA PARTE,ROTC,25/09/2026,CONFIRMADA,3353507,0,08/02/2018,15/02/2048,1.024591,MINISTERIO DE HACIENDA,HACIENDA,63602
USP3579EBY25,BSRD2048,DOMINICAN REP/6.5 CHURCH BD UNSEC,19000,USD,19,0,104.716737,21/09/2026,09:52:36 AM,PLAZO,PRIMERA PARTE,ROTC,26/10/2026,CONFIRMADA,3353508,0,08/02/2018,15/02/2048,0,MINISTERIO DE HACIENDA,HACIENDA,60158
DO1002261928,LE090427,BCENTRAL/ LT 20270409 GTIA,430000,DOP,43,4.6239,99.769337,21/09/2026,09:52:35 AM,PRESTAMO,SEGUNDA PARTE,ROTC,22/03/2027,CONFIRMADA,3353510,0,09/04/2026,09/04/2027,4.096927,BANCO CENTRAL DE LA REPUBLICA DOMINICANA,BCENTRAL,58142
DO1002261928,LE090427,BCENTRAL/ LT 20270409 GTIA,430000,DOP,43,8.1234,95.68186,21/09/2026,09:52:35 AM,PRESTAMO,PRIMERA PARTE,ROTC,21/09/2026,CONFIRMADA,3353510,0,09/04/2026,09/04/2027,4.096927,BANCO CENTRAL DE LA REPUBLICA DOMINICANA,BCENTRAL,57785
DO1002261928,LE090427,BCENTRAL/ LT 20270409 GTIA,430000,DOP,43,4.6239,99.769337,21/09/2026,09:52:33 AM,PLAZO,PRIMERA PARTE,ROTC,22/03/2027,CONFIRMADA,3353511,0,09/04/2026,09/04/2027,0,BANCO CENTRAL DE LA REPUBLICA DOMINICANA,BCENTRAL,56588
DO1005205617,MH12027,HACIENDA/11.25 BOEST 20270205 GTIA,5300000,DOP,53,2.4015,102.567027,21/09/2026,09:52:32 AM,PRESTAMO,SEGUNDA PARTE,ROTC,21/10/2026,CONFIRMADA,3353513,0,05/08/2016,05/02/2027,2.050907,MINISTERIO DE HACIENDA,HACIENDA,61152
DO1005205617,MH12027,HACIENDA/11.25 BOEST 20270205 GTIA,5300000,DOP,53,3.7054,102.788087,21/09/2026,09:52:32 AM,PRESTAMO,PRIMERA PARTE,ROTC,21/09/2026,CONFIRMADA,3353513,0,05/08/2016,05/02/2027,2.050907,MINISTERIO DE HACIENDA,HACIENDA,61397
DO1005205617,MH12027,HACIENDA/11.25 BOEST 20270205 GTIA,5300000,DOP,53,2.4015,102.567027,21/09/2026,09:52:31 AM,PLAZO,PRIMERA PARTE,ROTC,21/10/2026,CONFIRMADA,3353514,0,05/08/2016,05/02/2027,0,MINISTERIO DE HACIENDA,HACIENDA,59605
DO1002261928,LE090427,BCENTRAL/ LT 20270409 GTIA,20000,DOP,2,-2.7747,101.5577,21/09/2026,09:47:12 AM,CONTADO,PRIMERA PARTE,ROTC,22/09/2026,CONFIRMADA,3353497,0,09/04/2026,09/04/2027,0,BANCO CENTRAL DE LA REPUBLICA DOMINICANA,BCENTRAL,56609
DO1002261928,LE090427,BCENTRAL/ LT 20270409 GTIA,1950000,DOP,195,8.2277,95.628866,21/09/2026,09:46:53 AM,CONTADO,PRIMERA PARTE,ROTC,21/09/2026,CONFIRMADA,3353503,0,09/04/2026,09/04/2027,0,BANCO CENTRAL DE LA REPUBLICA DOMINICANA,BCENTRAL,58338
USP3579EBY25,BSRD2048,DOMINICAN REP/6.5 CHURCH BD UNSEC,19000,USD,19,6.0856,104.912632,21/09/2026,09:46:30 AM,CONTADO,PRIMERA PARTE,ROTC,25/09/2026,CONFIRMADA,3353506,0,08/02/2018,15/02/2048,0,MINISTERIO DE HACIENDA,HACIENDA,62881
DO1002261928,LE090427,BCENTRAL/ LT 20270409 GTIA,280000,DOP,28,10.1361,94.770068,21/09/2026,09:46:07 AM,CONTADO,PRIMERA PARTE,ROTC,25/09/2026,CONFIRMADA,3353494,0,09/04/2026,09/04/2027,0,BANCO CENTRAL DE LA REPUBLICA DOMINICANA,BCENTRAL,57792
USP3579EBY25,BSRD2048,DOMINICAN REP/6.5 CHURCH BD UNSEC,12000,USD,12,5.7113,109.660583,21/09/2026,09:45:42 AM,CONTADO,PRIMERA PARTE,ROTC,25/09/2026,CONFIRMADA,3353500,0,08/02/2018,15/02/2048,0,MINISTERIO DE HACIENDA,HACIENDA,62811
DO1002261928,LE090427,BCENTRAL/ LT 20270409 GTIA,1730000,DOP,173,8.0997,95.776412,21/09/2026,09:45:22 AM,CONTADO,PRIMERA PARTE,ROTC,25/09/2026,CONFIRMADA,3353491,0,09/04/2026,09/04/2027,0,BANCO CENTRAL DE LA REPUBLICA DOMINICANA,BCENTRAL,58261
DO1002261928,LE090427,BCENTRAL/ LT 20270409 GTIA,520000,DOP,52,6.7262,96.397831,21/09/2026,09:45:03 AM,CONTADO,PRIMERA PARTE,ROTC,21/09/2026,CONFIRMADA,3353488,0,09/04/2026,09/04/2027,0,BANCO CENTRAL DE LA REPUBLICA DOMINICANA,BCENTRAL,57463
DO1002261928,LE090427,BCENTRAL/ LT 20270409 GTIA,20000,DOP,2,-6.3705,103.593,21/09/2026,09:44:38 AM,CONTADO,PRIMERA PARTE,ROTC,25/09/2026,CONFIRMADA,3353484,0,09/04/2026,09/04/2027,0,BANCO CENTRAL DE LA REPUBLICA DOMINICANA,BCENTRAL,56252
DO1005205617,MH12027,HACIENDA/11.25 BOEST 20270205 GTIA,3800000,DOP,38,1.0805,103.688587,21/09/2026,09:44:16 AM,CONTADO,PRIMERA PARTE,ROTC,25/09/2026,CONFIRMADA,3353481,0,05/08/2016,05/02/2027,0,MINISTERIO DE HACIENDA,HACIENDA,60795
USP3579EBY25,BSRD2048,DOMINICAN REP/6.5 CHURCH BD UNSEC,2000,USD,2,5.0151,119.344,21/09/2026,09:43:49 AM,CONTADO,PRIMERA PARTE,ROTC,21/09/2026,CONFIRMADA,3353478,0,08/02/2018,15/02/2048,0,MINISTERIO DE HACIENDA,HACIENDA,60977
DO1005205617,MH12027,HACIENDA/11.25 BOEST 20270205 GTIA,3100000,DOP,31,2.8693,103.107782,21/09/2026,09:43:24 AM,CONTADO,PRIMERA PARTE,ROTC,21/09/2026,CONFIRMADA,3353475,0,05/08/2016,05/02/2027,0,MINISTERIO DE HACIENDA,HACIENDA,60634
USP3579EBY25,BSRD2048,DOMINICAN REP/6.5 CHURCH BD UNSEC,4000,USD,4,5.5465,111.85275,21/09/2026,09:43:01 AM,CONTADO,PRIMERA PARTE,ROTC,21/09/2026,CONFIRMADA,3353472,0,08/02/2018,15/02/2048,0,MINISTERIO DE HACIENDA,HACIENDA,61740
DO1002261928,LE090427,BCENTRAL/ LT 20270409 GTIA,560000,DOP,56,7.7936,95.84993,21/09/2026,09:42:35 AM,CONTADO,PRIMERA PARTE,ROTC,21/09/2026,CONFIRMADA,3353469,0,09/04/2026,09/04/2027,0,BANCO CENTRAL DE LA REPUBLICA DOMINICANA,BCENTRAL,57267
DO1002261928,LE090427,BCENTRAL/ LT 20270409 GTIA,60000,DOP,6,14.3923,92.733567,21/09/2026,09:42:14 AM,CONTADO,PRIMERA PARTE,ROTC,25/09/2026,CONFIRMADA,3353466,0,09/04/2026,09/04/2027,0,BANCO CENTRAL DE LA REPUBLICA DOMINICANA,BCENTRAL,57099
DO1002261928,LE090427,BCENTRAL/ LT 20270409 GTIA,1970000,DOP,197,8.2801,95.686397,21/09/2026,09:41:51 AM,CONTADO,PRIMERA PARTE,ROTC,25/09/2026,CONFIRMADA,3353463,0,09/04/2026,09/04/2027,0,BANCO CENTRAL DE LA REPUBLICA DOMINICANA,BCENTRAL,58317
DO1002261928,LE090427,BCENTRAL/ LT 20270409 GTIA,50000,DOP,5,9.8661,94.90226,21/09/2026,09:41:31 AM,CONTADO,PRIMERA PARTE,ROTC,25/09/2026,CONFIRMADA,3353460,0,09/04/2026,09/04/2027,0,BANCO CENTRAL DE LA REPUBLICA DOMINICANA,BCENTRAL,56385
DO1002261928,LE090427,BCENTRAL/ LT 20270409 GTIA,500000,DOP,50,9.622,95.02214,21/09/2026,09:41:01 AM,CONTADO,PRIMERA PARTE,ROTC,25/09/2026,CONFIRMADA,3353457,0,09/04/2026,09/04/2027,0,BANCO CENTRAL DE LA REPUBLICA DOMINICANA,BCENTRAL,56560
DO1002261928,LE090427,BCENTRAL/ LT 20270409 GTIA,430000,DOP,43,8.1234,95.68186,21/09/2026,09:40:36 AM,CONTADO,PRIMERA PARTE,ROTC,21/09/2026,CONFIRMADA,3353509,0,09/04/2026,09/04/2027,0,BANCO CENTRAL DE LA REPUBLICA DOMINICANA,BCENTRAL,57078
DO1002261423,NO301129,BCENTRAL/9.5 BOEST 20291130 GTIA,1000000,DOP,100,9.37951302,100.292535,21/09/2026,09:40:14 AM,PRESTAMO,SEGUNDA PARTE,ROTC,21/12/2026,CONFIRMADA,3353642,0,30/11/2025,30/11/2029,6.95,BANCO CENTRAL DE LA REPUBLICA DOMINICANA,BCENTRAL,62846
DO1002261423,NO301129,BCENTRAL/9.5 BOEST 20291130 GTIA,1000000,DOP,100,9.18554103,100.827657,21/09/2026,09:40:14 AM,PRESTAMO,PRIMERA PARTE,ROTC,21/09/2026,CONFIRMADA,3353642,0,30/11/2025,30/11/2029,6.95,BANCO CENTRAL DE LA REPUBLICA DOMINICANA,BCENTRAL,62993
DO1002261423,NO301129,BCENTRAL/9.5 BOEST 20291130 GTIA,1000000,DOP,100,9.37951302,100.292535,21/09/2026,09:40:13 AM,ESTRUCTURADA,SEGUNDA PARTE,ROTC,21/12/2026,CONFIRMADA,3353529,0,30/11/2025,30/11/2029,6.95,BANCO CENTRAL DE LA REPUBLICA DOMINICANA,BCENTRAL,64939
DO1002261423,NO301129,BCENTRAL/9.5 BOEST 20291130 GTIA,1000000,DOP,100,9.18554103,100.827657,21/09/2026,09:40:13 AM,ESTRUCTURADA,PRIMERA PARTE,ROTC,21/09/2026,CONFIRMADA,3353529,0,30/11/2025,30/11/2029,6.95,BANCO CENTRAL DE LA REPUBLICA DOMINICANA,BCENTRAL,65086
DO1005205617,MH12027,HACIENDA/11.25 BOEST 20270205 GTIA,5300000,DOP,53,3.7054,102.788087,21/09/2026,09:40:12 AM,CONTADO,PRIMERA PARTE,ROTC,21/09/2026,CONFIRMADA,3353512,0,05/08/2016,05/02/2027,0,MINISTERIO DE HACIENDA,HACIENDA,60669
DO1005204412,MH12029,HACIENDA/11.375 BOEST 20290706 GTIA,4600000,DOP,46,7.54394636,107.881758,21/09/2026,09:40:12 AM,PRESTAMO,SEGUNDA PARTE,ROTC,22/03/2027,CONFIRMADA,3353641,0,06/07/2014,06/07/2029,8.5,MINISTERIO DE HACIENDA,HACIENDA,63273
DO1005204412,MH12029,HACIENDA/11.375 BOEST 20290706 GTIA,4600000,DOP,46,7.79845846,108.776202,21/09/2026,09:40:12 AM,PRESTAMO,PRIMERA PARTE,ROTC,21/09/2026,CONFIRMADA,3353641,0,06/07/2014,06/07/2029,8.5,MINISTERIO DE HACIENDA,HACIENDA,63357
DO1005204412,MH12029,HACIENDA/11.375 BOEST 20290706 GTIA,4600000,DOP,46,7.54394636,107.881758,21/09/2026,09:40:11 AM,ESTRUCTURADA,SEGUNDA PARTE,ROTC,22/03/2027,CONFIRMADA,3353530,0,06/07/2014,06/07/2029,8.5,MINISTERIO DE HACIENDA,HACIENDA,65366
DO1005204412,MH12029,HACIENDA/11.375 BOEST 20290706 GTIA,4600000,DOP,46,7.79845846,108.776202,21/09/2026,09:40:11 AM,ESTRUCTURADA,PRIMERA PARTE,ROTC,21/09/2026,CONFIRMADA,3353530,0,06/07/2014,06/07/2029,8.5,MINISTERIO DE HACIENDA,HACIENDA,65450
DO1005204412,MH12029,HACIENDA/11.375 BOEST 20290706 GTIA,3100000,DOP,31,7.02436932,109.020599,21/09/2026,09:40:10 AM,PRESTAMO,SEGUNDA PARTE,ROTC,22/03/2027,CONFIRMADA,3353640,0,06/07/2014,06/07/2029,8.45,MINISTERIO DE HACIENDA,HACIENDA,63028
DO1005204412,MH12029,HACIENDA/11.375 BOEST 20290706 GTIA,3100000,DOP,31,7.37138294,109.895337,21/09/2026,09:40:10 AM,PRESTAMO,PRIMERA PARTE,ROTC,21/09/2026,CONFIRMADA,3353640,0,06/07/2014,06/07/2029,8.45,MINISTERIO DE HACIENDA,HACIENDA,63245
DO1005204412,MH12029,HACIENDA/11.375 BOEST 20290706 GTIA,3100000,DOP,31,7.02436932,109.020599,21/09/2026,09:40:08 AM,ESTRUCTURADA,SEGUNDA PARTE,ROTC,22/03/2027,CONFIRMADA,3353531,0,06/07/2014,06/07/2029,8.45,MINISTERIO DE HACIENDA,HACIENDA,65177
DO1005204412,MH12029,HACIENDA/11.375 BOEST 20290706 GTIA,3100000,DOP,31,7.37138294,109.895337,21/09/2026,09:40:08 AM,ESTRUCTURADA,PRIMERA PARTE,ROTC,21/09/2026,CONFIRMADA,3353531,0,06/07/2014,06/07/2029,8.45,MINISTERIO DE HACIENDA,HACIENDA,65394
DO1005204412,MH12029,HACIENDA/11.375 BOEST 20290706 GTIA,5700000,DOP,57,7.75013917,107.434065,21/09/2026,09:40:07 AM,PRESTAMO,SEGUNDA PARTE,ROTC,22/03/2027,CONFIRMADA,3353639,0,06/07/2014,06/07/2029,8.5,MINISTERIO DE HACIENDA,HACIENDA,63175
DO1005204412,MH12029,HACIENDA/11.375 BOEST 20290706 GTIA,5700000,DOP,57,7.96374565,108.346955,21/09/2026,09:40:07 AM,PRESTAMO,PRIMERA PARTE,ROTC,21/09/2026,CONFIRMADA,3353639,0,06/07/2014,06/07/2029,8.5,MINISTERIO DE HACIENDA,HACIENDA,63427
DO1005204412,MH12029,HACIENDA/11.375 BOEST 20290706 GTIA,5700000,DOP,57,7.75013917,107.434065,21/09/2026,09:40:06 AM,ESTRUCTURADA,SEGUNDA PARTE,ROTC,22/03/2027,CONFIRMADA,3353532,0,06/07/2014,06/07/2029,8.5,MINISTERIO DE HACIENDA,HACIENDA,65268
DO1005204412,MH12029,HACIENDA/11.375 BOEST 20290706 GTIA,5700000,DOP,57,7.96374565,108.346955,21/09/2026,09:40:06 AM,ESTRUCTURADA,PRIMERA PARTE,ROTC,21/09/2026,CONFIRMADA,3353532,0,06/07/2014,06/07/2029,8.5,MINISTERIO DE HACIENDA,HACIENDA,65520
DO1005204412,MH12029,HACIENDA/11.375 BOEST 20290706 GTIA,1900000,DOP,19,8.33834121,106.170042,21/09/2026,09:40:05 AM,PRESTAMO,SEGUNDA PARTE,ROTC,22/03/2027,CONFIRMADA,3353638,0,06/07/2014,06/07/2029,8.45,MINISTERIO DE HACIENDA,HACIENDA,63021
DO1005204412,MH12029,HACIENDA/11.375 BOEST 20290706 GTIA,1900000,DOP,19,8.42454494,107.161566,21/09/2026,09:40:05 AM,PRESTAMO,PRIMERA PARTE,ROTC,21/09/2026,CONFIRMADA,3353638,0,06/07/2014,06/07/2029,8.45,MINISTERIO DE HACIENDA,HACIENDA,63273
DO1005204412,MH12029,HACIENDA/11.375 BOEST 20290706 GTIA,1900000,DOP,19,8.33834121,106.170042,21/09/2026,09:40:04 AM,ESTRUCTURADA,SEGUNDA PARTE,ROTC,22/03/2027,CONFIRMADA,3353533,0,06/07/2014,06/07/2029,8.45,MINISTERIO DE HACIENDA,HACIENDA,65114
DO1005204412,MH12029,HACIENDA/11.375 BOEST 20290706 GTIA,1900000,DOP,19,8.42454494,107.161566,21/09/2026,09:40:04 AM,ESTRUCTURADA,PRIMERA PARTE,ROTC,21/09/2026,CONFIRMADA,3353533,0,06/07/2014,06/07/2029,8.45,MINISTERIO DE HACIENDA,HACIENDA,65366
DO2016300124,BC1GUL01,GULFSTREAM/11.25 BO 20290528,120405,DOP,120405,10.98477263,100.502784,21/09/2026,09:40:03 AM,PRESTAMO,SEGUNDA PARTE,ROTC,22/03/2027,CONFIRMADA,3353637,0,28/05/2019,28/05/2029,8.35,GULFSTREAM PETROLEUM DOMINICANA S DE RL,GULFSTREAM,62405
DO2016300124,BC1GUL01,GULFSTREAM/11.25 BO 20290528,120405,DOP,120405,10.47580724,101.78443,21/09/2026,09:40:03 AM,PRESTAMO,PRIMERA PARTE,ROTC,21/09/2026,CONFIRMADA,3353637,0,28/05/2019,28/05/2029,8.35,GULFSTREAM PETROLEUM DOMINICANA S DE RL,GULFSTREAM,62104
DO2016300124,BC1GUL01,GULFSTREAM/11.25 BO 20290528,120405,DOP,120405,10.98477263,100.502784,21/09/2026,09:40:01 AM,ESTRUCTURADA,SEGUNDA PARTE,ROTC,22/03/2027,CONFIRMADA,3353534,0,28/05/2019,28/05/2029,8.35,GULFSTREAM PETROLEUM DOMINICANA S DE RL,GULFSTREAM,64491
DO2016300124,BC1GUL01,GULFSTREAM/11.25 BO 20290528,120405,DOP,120405,10.47580724,101.78443,21/09/2026,09:40:01 AM,ESTRUCTURADA,PRIMERA PARTE,ROTC,21/09/2026,CONFIRMADA,3353534,0,28/05/2019,28/05/2029,8.35,GULFSTREAM PETROLEUM DOMINICANA S DE RL,GULFSTREAM,64190
DO1002261423,NO301129,BCENTRAL/9.5 BOEST 20291130 GTIA,1220000,DOP,122,9.18378285,100.82042,21/09/2026,09:40:00 AM,PRESTAMO,SEGUNDA PARTE,ROTC,21/10/2026,CONFIRMADA,3353636,0,30/11/2025,30/11/2029,7.7,BANCO CENTRAL DE LA REPUBLICA DOMINICANA,BCENTRAL,62531
DO1002261423,NO301129,BCENTRAL/9.5 BOEST 20291130 GTIA,1220000,DOP,122,9.14866272,100.928369,21/09/2026,09:40:00 AM,PRESTAMO,PRIMERA PARTE,ROTC,21/09/2026,CONFIRMADA,3353636,0,30/11/2025,30/11/2029,7.7,BANCO CENTRAL DE LA REPUBLICA DOMINICANA,BCENTRAL,63091
DO1002261423,NO301129,BCENTRAL/9.5 BOEST 20291130 GTIA,1220000,DOP,122,9.18378285,100.82042,21/09/2026,09:39:59 AM,ESTRUCTURADA,SEGUNDA PARTE,ROTC,21/10/2026,CONFIRMADA,3353535,0,30/11/2025,30/11/2029,7.7,BANCO CENTRAL DE LA REPUBLICA DOMINICANA,BCENTRAL,64785
DO1002261423,NO301129,BCENTRAL/9.5 BOEST 20291130 GTIA,1220000,DOP,122,9.14866272,100.928369,21/09/2026,09:39:59 AM,ESTRUCTURADA,PRIMERA PARTE,ROTC,21/09/2026,CONFIRMADA,3353535,0,30/11/2025,30/11/2029,7.7,BANCO CENTRAL DE LA REPUBLICA DOMINICANA,BCENTRAL,65345
DO2016300124,BC1GUL01,GULFSTREAM/11.25 BO 20290528,92542,DOP,92542,10.98475767,100.502813,21/09/2026,09:39:58 AM,PRESTAMO,SEGUNDA PARTE,ROTC,22/03/2027,CONFIRMADA,3353635,0,28/05/2019,28/05/2029,8.35,GULFSTREAM PETROLEUM DOMINICANA S DE RL,GULFSTREAM,61999
DO2016300124,BC1GUL01,GULFSTREAM/11.25 BO 20290528,92542,DOP,92542,10.47579542,101.784458,21/09/2026,09:39:58 AM,PRESTAMO,PRIMERA PARTE,ROTC,21/09/2026,CONFIRMADA,3353635,0,28/05/2019,28/05/2029,8.35,GULFSTREAM PETROLEUM DOMINICANA S DE RL,GULFSTREAM,62146
DO2016300124,BC1GUL01,GULFSTREAM/11.25 BO 20290528,92542,DOP,92542,10.98475767,100.502813,21/09/2026,09:39:56 AM,ESTRUCTURADA,SEGUNDA PARTE,ROTC,22/03/2027,CONFIRMADA,3353536,0,28/05/2019,28/05/2029,8.35,GULFSTREAM PETROLEUM DOMINICANA S DE RL,GULFSTREAM,64085
DO2016300124,BC1GUL01,GULFSTREAM/11.25 BO 20290528,92542,DOP,92542,10.47579542,101.784458,21/09/2026,09:39:56 AM,ESTRUCTURADA,PRIMERA PARTE,ROTC,21/09/2026,CONFIRMADA,3353536,0,28/05/2019,28/05/2029,8.35,GULFSTREAM PETROLEUM DOMINICANA S DE RL,GULFSTREAM,64232
DO1002261423,NO301129,BCENTRAL/9.5 BOEST 20291130 GTIA,750000,DOP,75,9.30322635,100.433534,21/09/2026,09:39:55 AM,PRESTAMO,SEGUNDA PARTE,ROTC,22/03/2027,CONFIRMADA,3353634,0,30/11/2025,30/11/2029,8.4,BANCO CENTRAL DE LA REPUBLICA DOMINICANA,BCENTRAL,62363
DO1002261423,NO301129,BCENTRAL/9.5 BOEST 20291130 GTIA,750000,DOP,75,9.204746,100.77526,21/09/2026,09:39:55 AM,PRESTAMO,PRIMERA PARTE,ROTC,21/09/2026,CONFIRMADA,3353634,0,30/11/2025,30/11/2029,8.4,BANCO CENTRAL DE LA REPUBLICA DOMINICANA,BCENTRAL,61474
DO1002261423,NO301129,BCENTRAL/9.5 BOEST 20291130 GTIA,750000,DOP,75,9.30322635,100.433534,21/09/2026,09:39:54 AM,ESTRUCTURADA,SEGUNDA PARTE,ROTC,22/03/2027,CONFIRMADA,3353537,0,30/11/2025,30/11/2029,8.4,BANCO CENTRAL DE LA REPUBLICA DOMINICANA,BCENTRAL,64456
DO1002261423,NO301129,BCENTRAL/9.5 BOEST 20291130 GTIA,750000,DOP,75,9.204746,100.77526,21/09/2026,09:39:54 AM,ESTRUCTURADA,PRIMERA PARTE,ROTC,21/09/2026,CONFIRMADA,3353537,0,30/11/2025,30/11/2029,8.4,BANCO CENTRAL DE LA REPUBLICA DOMINICANA,BCENTRAL,63567
DO1002261423,NO301129,BCENTRAL/9.5 BOEST 20291130 GTIA,290000,DOP,29,8.52801043,102.270255,21/09/2026,09:39:53 AM,PRESTAMO,SEGUNDA PARTE,ROTC,22/03/2027,CONFIRMADA,3353633,0,30/11/2025,30/11/2029,8.4,BANCO CENTRAL DE LA REPUBLICA DOMINICANA,BCENTRAL,62328
DO1002261423,NO301129,BCENTRAL/9.5 BOEST 20291130 GTIA,290000,DOP,29,8.56571266,102.537158,21/09/2026,09:39:53 AM,PRESTAMO,PRIMERA PARTE,ROTC,21/09/2026,CONFIRMADA,3353633,0,30/11/2025,30/11/2029,8.4,BANCO CENTRAL DE LA REPUBLICA DOMINICANA,BCENTRAL,62580
DO1002261423,NO301129,BCENTRAL/9.5 BOEST 20291130 GTIA,290000,DOP,29,8.52801043,102.270255,21/09/2026,09:39:52 AM,ESTRUCTURADA,SEGUNDA PARTE,ROTC,22/03/2027,CONFIRMADA,3353538,0,30/11/2025,30/11/2029,8.4,BANCO CENTRAL DE LA REPUBLICA DOMINICANA,BCENTRAL,64421
DO1002261423,NO301129,BCENTRAL/9.5 BOEST 20291130 GTIA,290000,DOP,29,8.56571266,102.537158,21/09/2026,09:39:52 AM,ESTRUCTURADA,PRIMERA PARTE,ROTC,21/09/2026,CONFIRMADA,3353538,0,30/11/2025,30/11/2029,8.4,BANCO CENTRAL DE LA REPUBLICA DOMINICANA,BCENTRAL,64673
DO1002261928,LE090427,BCENTRAL/ LT 20270409 GTIA,4920000,DOP,492,28.4268,96.201798,21/09/2026,09:39:52 AM,PLAZO,PRIMERA PARTE,ROTC,18/02/2027,CONFIRMADA,3353595,0,09/04/2026,09/04/2027,0,BANCO CENTRAL DE LA REPUBLICA DOMINICANA,BCENTRAL,57743
DO1002261928,LE090427,BCENTRAL/ LT 20270409 GTIA,4920000,DOP,492,28.4268,96.201798,21/09/2026,09:39:51 AM,PRESTAMO,SEGUNDA PARTE,ROTC,18/02/2027,CONFIRMADA,3353594,0,09/04/2026,09/04/2027,0.699928,BANCO CENTRAL DE LA REPUBLICA DOMINICANA,BCENTRAL,59276
DO1002261928,LE090427,BCENTRAL/ LT 20270409 GTIA,4920000,DOP,492,21.3305,95.528455,21/09/2026,09:39:51 AM,PRESTAMO,PRIMERA PARTE,ROTC,20/01/2027,CONFIRMADA,3353594,0,09/04/2026,09/04/2027,0.699928,BANCO CENTRAL DE LA REPUBLICA DOMINICANA,BCENTRAL,59178
DO1002261423,NO301129,BCENTRAL/9.5 BOEST 20291130 GTIA,500000,DOP,50,8.70996318,102.058039,21/09/2026,09:39:51 AM,PRESTAMO,SEGUNDA PARTE,ROTC,20/11/2026,CONFIRMADA,3353632,0,30/11/2025,30/11/2029,7.9,BANCO CENTRAL DE LA REPUBLICA DOMINICANA,BCENTRAL,62370
DO1002261423,NO301129,BCENTRAL/9.5 BOEST 20291130 GTIA,500000,DOP,50,8.67890866,102.222277,21/09/2026,09:39:51 AM,PRESTAMO,PRIMERA PARTE,ROTC,21/09/2026,CONFIRMADA,3353632,0,30/11/2025,30/11/2029,7.9,BANCO CENTRAL DE LA REPUBLICA DOMINICANA,BCENTRAL,62517
DO1002261928,LE090427,BCENTRAL/ LT 20270409 GTIA,4920000,DOP,492,21.3305,95.528455,21/09/2026,09:39:50 AM,PLAZO,PRIMERA PARTE,ROTC,20/01/2027,CONFIRMADA,3353593,0,09/04/2026,09/04/2027,0,BANCO CENTRAL DE LA REPUBLICA DOMINICANA,BCENTRAL,57568
DO1002261423,NO301129,BCENTRAL/9.5 BOEST 20291130 GTIA,500000,DOP,50,8.70996318,102.058039,21/09/2026,09:39:49 AM,ESTRUCTURADA,SEGUNDA PARTE,ROTC,20/11/2026,CONFIRMADA,3353539,0,30/11/2025,30/11/2029,7.9,BANCO CENTRAL DE LA REPUBLICA DOMINICANA,BCENTRAL,64519
DO1002261423,NO301129,BCENTRAL/9.5 BOEST 20291130 GTIA,500000,DOP,50,8.67890866,102.222277,21/09/2026,09:39:49 AM,ESTRUCTURADA,PRIMERA PARTE,ROTC,21/09/2026,CONFIRMADA,3353539,0,30/11/2025,30/11/2029,7.9,BANCO CENTRAL DE LA REPUBLICA DOMINICANA,BCENTRAL,64666
DO1002261928,LE090427,BCENTRAL/ LT 20270409 GTIA,4920000,DOP,492,17.8773,96.225017,21/09/2026,09:39:48 AM,PLAZO,PRIMERA PARTE,ROTC,20/01/2027,CONFIRMADA,3353592,0,09/04/2026,09/04/2027,0,BANCO CENTRAL DE LA REPUBLICA DOMINICANA,BCENTRAL,57673
DO2006901311,BC1ITA01,EGEITABO/5.65 BO 20311208,6872,USD,6872,5.09056251,102.511349,21/09/2026,09:39:48 AM,PRESTAMO,SEGUNDA PARTE,ROTC,21/10/2026,CONFIRMADA,3353631,0,08/12/2021,08/12/2031,3.25,"EMPRESA GENERADORA DE ELECTRICIDAD ITABO, S.A.",EGEITABO,59220
DO2006901311,BC1ITA01,EGEITABO/5.65 BO 20311208,6872,USD,6872,5.05826731,102.69705,21/09/2026,09:39:48 AM,PRESTAMO,PRIMERA PARTE,ROTC,21/09/2026,CONFIRMADA,3353631,0,08/12/2021,08/12/2031,3.25,"EMPRESA GENERADORA DE ELECTRICIDAD ITABO, S.A.",EGEITABO,59059
DO2006901311,BC1ITA01,EGEITABO/5.65 BO 20311208,6872,USD,6872,5.09056251,102.511349,21/09/2026,09:39:47 AM,ESTRUCTURADA,SEGUNDA PARTE,ROTC,21/10/2026,CONFIRMADA,3353540,0,08/12/2021,08/12/2031,3.25,"EMPRESA GENERADORA DE ELECTRICIDAD ITABO, S.A.",EGEITABO,61313
DO2006901311,BC1ITA01,EGEITABO/5.65 BO 20311208,6872,USD,6872,5.05826731,102.69705,21/09/2026,09:39:47 AM,ESTRUCTURADA,PRIMERA PARTE,ROTC,21/09/2026,CONFIRMADA,3353540,0,08/12/2021,08/12/2031,3.25,"EMPRESA GENERADORA DE ELECTRICIDAD ITABO, S.A.",EGEITABO,61152
DO1002261928,LE090427,BCENTRAL/ LT 20270409 GTIA,4920000,DOP,492,17.8773,96.225017,21/09/2026,09:39:47 AM,PRESTAMO,SEGUNDA PARTE,ROTC,20/01/2027,CONFIRMADA,3353591,0,09/04/2026,09/04/2027,0.723888,BANCO CENTRAL DE LA REPUBLICA DOMINICANA,BCENTRAL,59206
DO1002261928,LE090427,BCENTRAL/ LT 20270409 GTIA,4920000,DOP,492,15.4597,95.528455,21/09/2026,09:39:47 AM,PRESTAMO,PRIMERA PARTE,ROTC,21/12/2026,CONFIRMADA,3353591,0,09/04/2026,09/04/2027,0.723888,BANCO CENTRAL DE LA REPUBLICA DOMINICANA,BCENTRAL,59346
DO1002261928,LE090427,BCENTRAL/ LT 20270409 GTIA,4920000,DOP,492,15.4597,95.528455,21/09/2026,09:39:46 AM,PLAZO,PRIMERA PARTE,ROTC,21/12/2026,CONFIRMADA,3353590,0,09/04/2026,09/04/2027,0,BANCO CENTRAL DE LA REPUBLICA DOMINICANA,BCENTRAL,57736
DO1002261423,NO301129,BCENTRAL/9.5 BOEST 20291130 GTIA,1040000,DOP,104,8.95701554,101.416674,21/09/2026,09:39:46 AM,PRESTAMO,SEGUNDA PARTE,ROTC,05/11/2026,CONFIRMADA,3353630,0,30/11/2025,30/11/2029,7.7,BANCO CENTRAL DE LA REPUBLICA DOMINICANA,BCENTRAL,63056
DO1002261423,NO301129,BCENTRAL/9.5 BOEST 20291130 GTIA,1040000,DOP,104,8.91391373,101.572399,21/09/2026,09:39:46 AM,PRESTAMO,PRIMERA PARTE,ROTC,21/09/2026,CONFIRMADA,3353630,0,30/11/2025,30/11/2029,7.7,BANCO CENTRAL DE LA REPUBLICA DOMINICANA,BCENTRAL,63203
DO1002261928,LE090427,BCENTRAL/ LT 20270409 GTIA,4920000,DOP,492,12.8742,96.248236,21/09/2026,09:39:45 AM,PLAZO,PRIMERA PARTE,ROTC,21/12/2026,CONFIRMADA,3353589,0,09/04/2026,09/04/2027,0,BANCO CENTRAL DE LA REPUBLICA DOMINICANA,BCENTRAL,57659
DO1002261423,NO301129,BCENTRAL/9.5 BOEST 20291130 GTIA,1040000,DOP,104,8.95701554,101.416674,21/09/2026,09:39:44 AM,ESTRUCTURADA,SEGUNDA PARTE,ROTC,05/11/2026,CONFIRMADA,3353541,0,30/11/2025,30/11/2029,7.7,BANCO CENTRAL DE LA REPUBLICA DOMINICANA,BCENTRAL,65142
DO1002261423,NO301129,BCENTRAL/9.5 BOEST 20291130 GTIA,1040000,DOP,104,8.91391373,101.572399,21/09/2026,09:39:44 AM,ESTRUCTURADA,PRIMERA PARTE,ROTC,21/09/2026,CONFIRMADA,3353541,0,30/11/2025,30/11/2029,7.7,BANCO CENTRAL DE LA REPUBLICA DOMINICANA,BCENTRAL,65289
DO1002261928,LE090427,BCENTRAL/ LT 20270409 GTIA,4920000,DOP,492,12.8742,96.248236,21/09/2026,09:39:44 AM,PRESTAMO,SEGUNDA PARTE,ROTC,21/12/2026,CONFIRMADA,3353588,0,09/04/2026,09/04/2027,0.747837,BANCO CENTRAL DE LA REPUBLICA DOMINICANA,BCENTRAL,59192
DO1002261928,LE090427,BCENTRAL/ LT 20270409 GTIA,4920000,DOP,492,12.0365,95.528455,21/09/2026,09:39:44 AM,PRESTAMO,PRIMERA PARTE,ROTC,20/11/2026,CONFIRMADA,3353588,0,09/04/2026,09/04/2027,0.747837,BANCO CENTRAL DE LA REPUBLICA DOMINICANA,BCENTRAL,59213
DO2016300124,BC1GUL01,GULFSTREAM/11.25 BO 20290528,119427,DOP,119427,10.63643461,101.338148,21/09/2026,09:39:43 AM,PRESTAMO,SEGUNDA PARTE,ROTC,20/11/2026,CONFIRMADA,3353629,0,28/05/2019,28/05/2029,7.85,GULFSTREAM PETROLEUM DOMINICANA S DE RL,GULFSTREAM,62552
DO2016300124,BC1GUL01,GULFSTREAM/11.25 BO 20290528,119427,DOP,119427,10.44979399,101.845309,21/09/2026,09:39:43 AM,PRESTAMO,PRIMERA PARTE,ROTC,21/09/2026,CONFIRMADA,3353629,0,28/05/2019,28/05/2029,7.85,GULFSTREAM PETROLEUM DOMINICANA S DE RL,GULFSTREAM,62832
DO2016300124,BC1GUL01,GULFSTREAM/11.25 BO 20290528,119427,DOP,119427,10.63643461,101.338148,21/09/2026,09:39:42 AM,ESTRUCTURADA,SEGUNDA PARTE,ROTC,20/11/2026,CONFIRMADA,3353542,0,28/05/2019,28/05/2029,7.85,GULFSTREAM PETROLEUM DOMINICANA S DE RL,GULFSTREAM,64645
DO2016300124,BC1GUL01,GULFSTREAM/11.25 BO 20290528,119427,DOP,119427,10.44979399,101.845309,21/09/2026,09:39:42 AM,ESTRUCTURADA,PRIMERA PARTE,ROTC,21/09/2026,CONFIRMADA,3353542,0,28/05/2019,28/05/2029,7.85,GULFSTREAM PETROLEUM DOMINICANA S DE RL,GULFSTREAM,64925
DO1002261928,LE090427,BCENTRAL/ LT 20270409 GTIA,4920000,DOP,492,12.0365,95.528455,21/09/2026,09:39:42 AM,PLAZO,PRIMERA PARTE,ROTC,20/11/2026,CONFIRMADA,3353587,0,09/04/2026,09/04/2027,0,BANCO CENTRAL DE LA REPUBLICA DOMINICANA,BCENTRAL,57596
DO1002261928,LE090427,BCENTRAL/ LT 20270409 GTIA,4920000,DOP,492,10.0879,96.225017,21/09/2026,09:39:41 AM,PLAZO,PRIMERA PARTE,ROTC,20/11/2026,CONFIRMADA,3353586,0,09/04/2026,09/04/2027,0,BANCO CENTRAL DE LA REPUBLICA DOMINICANA,BCENTRAL,57568
DO1002261423,NO301129,BCENTRAL/9.5 BOEST 20291130 GTIA,380000,DOP,38,8.24936967,103.285863,21/09/2026,09:39:41 AM,PRESTAMO,SEGUNDA PARTE,ROTC,20/11/2026,CONFIRMADA,3353628,0,30/11/2025,30/11/2029,7.9,BANCO CENTRAL DE LA REPUBLICA DOMINICANA,BCENTRAL,62524
DO1002261423,NO301129,BCENTRAL/9.5 BOEST 20291130 GTIA,380000,DOP,38,8.24561925,103.434144,21/09/2026,09:39:41 AM,PRESTAMO,PRIMERA PARTE,ROTC,21/09/2026,CONFIRMADA,3353628,0,30/11/2025,30/11/2029,7.9,BANCO CENTRAL DE LA REPUBLICA DOMINICANA,BCENTRAL,62475
DO1002261928,LE090427,BCENTRAL/ LT 20270409 GTIA,4920000,DOP,492,10.0879,96.225017,21/09/2026,09:39:40 AM,PRESTAMO,SEGUNDA PARTE,ROTC,20/11/2026,CONFIRMADA,3353585,0,09/04/2026,09/04/2027,0.723888,BANCO CENTRAL DE LA REPUBLICA DOMINICANA,BCENTRAL,59101
DO1002261928,LE090427,BCENTRAL/ LT 20270409 GTIA,4920000,DOP,492,9.9124,95.528455,21/09/2026,09:39:40 AM,PRESTAMO,PRIMERA PARTE,ROTC,21/10/2026,CONFIRMADA,3353585,0,09/04/2026,09/04/2027,0.723888,BANCO CENTRAL DE LA REPUBLICA DOMINICANA,BCENTRAL,58905
DO1002261423,NO301129,BCENTRAL/9.5 BOEST 20291130 GTIA,380000,DOP,38,8.24936967,103.285863,21/09/2026,09:39:39 AM,ESTRUCTURADA,SEGUNDA PARTE,ROTC,20/11/2026,CONFIRMADA,3353543,0,30/11/2025,30/11/2029,7.9,BANCO CENTRAL DE LA REPUBLICA DOMINICANA,BCENTRAL,64673
DO1002261423,NO301129,BCENTRAL/9.5 BOEST 20291130 GTIA,380000,DOP,38,8.24561925,103.434144,21/09/2026,09:39:39 AM,ESTRUCTURADA,PRIMERA PARTE,ROTC,21/09/2026,CONFIRMADA,3353543,0,30/11/2025,30/11/2029,7.9,BANCO CENTRAL DE LA REPUBLICA DOMINICANA,BCENTRAL,64624
DO1002261928,LE090427,BCENTRAL/ LT 20270409 GTIA,4920000,DOP,492,9.9124,95.528455,21/09/2026,09:39:39 AM,PLAZO,PRIMERA PARTE,ROTC,21/10/2026,CONFIRMADA,3353584,0,09/04/2026,09/04/2027,0,BANCO CENTRAL DE LA REPUBLICA DOMINICANA,BCENTRAL,57358
DO1002261928,LE090427,BCENTRAL/ LT 20270409 GTIA,4920000,DOP,492,8.3077,96.225017,21/09/2026,09:39:38 AM,PLAZO,PRIMERA PARTE,ROTC,21/10/2026,CONFIRMADA,3353583,0,09/04/2026,09/04/2027,0,BANCO CENTRAL DE LA REPUBLICA DOMINICANA,BCENTRAL,57274
DO1002261423,NO301129,BCENTRAL/9.5 BOEST 20291130 GTIA,690000,DOP,69,8.90168692,101.552347,21/09/2026,09:39:38 AM,PRESTAMO,SEGUNDA PARTE,ROTC,20/11/2026,CONFIRMADA,3353627,0,30/11/2025,30/11/2029,7.9,BANCO CENTRAL DE LA REPUBLICA DOMINICANA,BCENTRAL,62531
DO1002261423,NO301129,BCENTRAL/9.5 BOEST 20291130 GTIA,690000,DOP,69,8.85923084,101.723157,21/09/2026,09:39:38 AM,PRESTAMO,PRIMERA PARTE,ROTC,21/09/2026,CONFIRMADA,3353627,0,30/11/2025,30/11/2029,7.9,BANCO CENTRAL DE LA REPUBLICA DOMINICANA,BCENTRAL,62629
DO1002261423,NO301129,BCENTRAL/9.5 BOEST 20291130 GTIA,690000,DOP,69,8.90168692,101.552347,21/09/2026,09:39:37 AM,ESTRUCTURADA,SEGUNDA PARTE,ROTC,20/11/2026,CONFIRMADA,3353544,0,30/11/2025,30/11/2029,7.9,BANCO CENTRAL DE LA REPUBLICA DOMINICANA,BCENTRAL,64624
DO1002261423,NO301129,BCENTRAL/9.5 BOEST 20291130 GTIA,690000,DOP,69,8.85923084,101.723157,21/09/2026,09:39:37 AM,ESTRUCTURADA,PRIMERA PARTE,ROTC,21/09/2026,CONFIRMADA,3353544,0,30/11/2025,30/11/2029,7.9,BANCO CENTRAL DE LA REPUBLICA DOMINICANA,BCENTRAL,64722
DO1002261928,LE090427,BCENTRAL/ LT 20270409 GTIA,4920000,DOP,492,8.3077,96.225017,21/09/2026,09:39:36 AM,PRESTAMO,SEGUNDA PARTE,ROTC,21/10/2026,CONFIRMADA,3353582,0,09/04/2026,09/04/2027,0.723888,BANCO CENTRAL DE LA REPUBLICA DOMINICANA,BCENTRAL,58800
DO1002261928,LE090427,BCENTRAL/ LT 20270409 GTIA,4920000,DOP,492,8.4255,95.528455,21/09/2026,09:39:36 AM,PRESTAMO,PRIMERA PARTE,ROTC,21/09/2026,CONFIRMADA,3353582,0,09/04/2026,09/04/2027,0.723888,BANCO CENTRAL DE LA REPUBLICA DOMINICANA,BCENTRAL,58989
DO1002261423,NO301129,BCENTRAL/9.5 BOEST 20291130 GTIA,460000,DOP,46,8.89273118,101.575899,21/09/2026,09:39:36 AM,PRESTAMO,SEGUNDA PARTE,ROTC,20/11/2026,CONFIRMADA,3353626,0,30/11/2025,30/11/2029,7.9,BANCO CENTRAL DE LA REPUBLICA DOMINICANA,BCENTRAL,62552
DO1002261423,NO301129,BCENTRAL/9.5 BOEST 20291130 GTIA,460000,DOP,46,8.85080816,101.746402,21/09/2026,09:39:36 AM,PRESTAMO,PRIMERA PARTE,ROTC,21/09/2026,CONFIRMADA,3353626,0,30/11/2025,30/11/2029,7.9,BANCO CENTRAL DE LA REPUBLICA DOMINICANA,BCENTRAL,62510
DO1002261423,NO301129,BCENTRAL/9.5 BOEST 20291130 GTIA,460000,DOP,46,8.89273118,101.575899,21/09/2026,09:39:35 AM,ESTRUCTURADA,SEGUNDA PARTE,ROTC,20/11/2026,CONFIRMADA,3353547,0,30/11/2025,30/11/2029,7.9,BANCO CENTRAL DE LA REPUBLICA DOMINICANA,BCENTRAL,64645
DO1002261423,NO301129,BCENTRAL/9.5 BOEST 20291130 GTIA,460000,DOP,46,8.85080816,101.746402,21/09/2026,09:39:35 AM,ESTRUCTURADA,PRIMERA PARTE,ROTC,21/09/2026,CONFIRMADA,3353547,0,30/11/2025,30/11/2029,7.9,BANCO CENTRAL DE LA REPUBLICA DOMINICANA,BCENTRAL,64603
DO1005213025,MH22031,HACIENDA/10.25 BOEST 20310209 GTIA,38600000,DOP,386,8.4674,106.000059,21/09/2026,09:39:35 AM,PLAZO,PRIMERA PARTE,ROTC,20/01/2027,CONFIRMADA,3353572,0,09/02/2024,09/02/2031,0,MINISTERIO DE HACIENDA,HACIENDA,60424
DO1005213025,MH22031,HACIENDA/10.25 BOEST 20310209 GTIA,38600000,DOP,386,8.4674,106.000059,21/09/2026,09:39:34 AM,PRESTAMO,SEGUNDA PARTE,ROTC,20/01/2027,CONFIRMADA,3353571,0,09/02/2024,09/02/2031,4.115594,MINISTERIO DE HACIENDA,HACIENDA,61957
DO1005213025,MH22031,HACIENDA/10.25 BOEST 20310209 GTIA,38600000,DOP,386,8.4788,106.053464,21/09/2026,09:39:34 AM,PRESTAMO,PRIMERA PARTE,ROTC,22/12/2026,CONFIRMADA,3353571,0,09/02/2024,09/02/2031,4.115594,MINISTERIO DE HACIENDA,HACIENDA,62139
DO1005213025,MH22031,HACIENDA/10.25 BOEST 20310209 GTIA,38600000,DOP,386,8.4788,106.053464,21/09/2026,09:39:33 AM,PLAZO,PRIMERA PARTE,ROTC,22/12/2026,CONFIRMADA,3353569,0,09/02/2024,09/02/2031,0,MINISTERIO DE HACIENDA,HACIENDA,60529
DO2006901311,BC1ITA01,EGEITABO/5.65 BO 20311208,9708,USD,9708,4.83042889,103.653141,21/09/2026,09:39:33 AM,PRESTAMO,SEGUNDA PARTE,ROTC,20/11/2026,CONFIRMADA,3353625,0,08/12/2021,08/12/2031,4.25,"EMPRESA GENERADORA DE ELECTRICIDAD ITABO, S.A.",EGEITABO,59269
DO2006901311,BC1ITA01,EGEITABO/5.65 BO 20311208,9708,USD,9708,4.81191063,103.844915,21/09/2026,09:39:33 AM,PRESTAMO,PRIMERA PARTE,ROTC,21/09/2026,CONFIRMADA,3353625,0,08/12/2021,08/12/2031,4.25,"EMPRESA GENERADORA DE ELECTRICIDAD ITABO, S.A.",EGEITABO,59374
DO2006901311,BC1ITA01,EGEITABO/5.65 BO 20311208,9708,USD,9708,4.83042889,103.653141,21/09/2026,09:39:32 AM,ESTRUCTURADA,SEGUNDA PARTE,ROTC,20/11/2026,CONFIRMADA,3353548,0,08/12/2021,08/12/2031,4.25,"EMPRESA GENERADORA DE ELECTRICIDAD ITABO, S.A.",EGEITABO,61362
DO2006901311,BC1ITA01,EGEITABO/5.65 BO 20311208,9708,USD,9708,4.81191063,103.844915,21/09/2026,09:39:32 AM,ESTRUCTURADA,PRIMERA PARTE,ROTC,21/09/2026,CONFIRMADA,3353548,0,08/12/2021,08/12/2031,4.25,"EMPRESA GENERADORA DE ELECTRICIDAD ITABO, S.A.",EGEITABO,61467
DO1005213025,MH22031,HACIENDA/10.25 BOEST 20310209 GTIA,38900000,DOP,389,8.4827,106.039558,21/09/2026,09:39:32 AM,PLAZO,PRIMERA PARTE,ROTC,22/12/2026,CONFIRMADA,3353568,0,09/02/2024,09/02/2031,0,MINISTERIO DE HACIENDA,HACIENDA,60578
DO1005213025,MH22031,HACIENDA/10.25 BOEST 20310209 GTIA,38900000,DOP,389,8.4827,106.039558,21/09/2026,09:39:30 AM,PRESTAMO,SEGUNDA PARTE,ROTC,22/12/2026,CONFIRMADA,3353567,0,09/02/2024,09/02/2031,3.392214,MINISTERIO DE HACIENDA,HACIENDA,62104
DO1005213025,MH22031,HACIENDA/10.25 BOEST 20310209 GTIA,38900000,DOP,389,8.4945,106.104964,21/09/2026,09:39:30 AM,PRESTAMO,PRIMERA PARTE,ROTC,20/11/2026,CONFIRMADA,3353567,0,09/02/2024,09/02/2031,3.392214,MINISTERIO DE HACIENDA,HACIENDA,62111
DO1005213025,MH22031,HACIENDA/10.25 BOEST 20310209 GTIA,38900000,DOP,389,8.4945,106.104964,21/09/2026,09:39:29 AM,PLAZO,PRIMERA PARTE,ROTC,20/11/2026,CONFIRMADA,3353565,0,09/02/2024,09/02/2031,0,MINISTERIO DE HACIENDA,HACIENDA,60564
DO1005213025,MH22031,HACIENDA/10.25 BOEST 20310209 GTIA,39200000,DOP,392,8.5179,106.020131,21/09/2026,09:39:28 AM,PLAZO,PRIMERA PARTE,ROTC,20/11/2026,CONFIRMADA,3353564,0,09/02/2024,09/02/2031,0,MINISTERIO DE HACIENDA,HACIENDA,60354
DO1005213025,MH22031,HACIENDA/10.25 BOEST 20310209 GTIA,39200000,DOP,392,8.5179,106.020131,21/09/2026,09:39:27 AM,PRESTAMO,SEGUNDA PARTE,ROTC,20/11/2026,CONFIRMADA,3353563,0,09/02/2024,09/02/2031,2.596039,MINISTERIO DE HACIENDA,HACIENDA,61887
DO1005213025,MH22031,HACIENDA/10.25 BOEST 20310209 GTIA,39200000,DOP,392,8.5277,106.085183,21/09/2026,09:39:27 AM,PRESTAMO,PRIMERA PARTE,ROTC,22/10/2026,CONFIRMADA,3353563,0,09/02/2024,09/02/2031,2.596039,MINISTERIO DE HACIENDA,HACIENDA,62076
DO1005213025,MH22031,HACIENDA/10.25 BOEST 20310209 GTIA,39200000,DOP,392,8.5277,106.085183,21/09/2026,09:39:25 AM,PLAZO,PRIMERA PARTE,ROTC,22/10/2026,CONFIRMADA,3353562,0,09/02/2024,09/02/2031,0,MINISTERIO DE HACIENDA,HACIENDA,60459
DO1005213025,MH22031,HACIENDA/10.25 BOEST 20310209 GTIA,39500000,DOP,395,8.5419,106.032973,21/09/2026,09:39:24 AM,PLAZO,PRIMERA PARTE,ROTC,22/10/2026,CONFIRMADA,3353560,0,09/02/2024,09/02/2031,0,MINISTERIO DE HACIENDA,HACIENDA,60473
DO1005213025,MH22031,HACIENDA/10.25 BOEST 20310209 GTIA,39500000,DOP,395,8.5419,106.032973,21/09/2026,09:39:23 AM,PRESTAMO,SEGUNDA PARTE,ROTC,22/10/2026,CONFIRMADA,3353559,0,09/02/2024,09/02/2031,1.854481,MINISTERIO DE HACIENDA,HACIENDA,62006
DO1005213025,MH22031,HACIENDA/10.25 BOEST 20310209 GTIA,39500000,DOP,395,8.5511,106.106156,21/09/2026,09:39:23 AM,PRESTAMO,PRIMERA PARTE,ROTC,22/09/2026,CONFIRMADA,3353559,0,09/02/2024,09/02/2031,1.854481,MINISTERIO DE HACIENDA,HACIENDA,62041
USP3579EBY25,BSRD2048,DOMINICAN REP/6.5 CHURCH BD UNSEC,189000,USD,189,6.0325,105.542577,21/09/2026,09:39:22 AM,PLAZO,PRIMERA PARTE,ROTC,23/11/2026,CONFIRMADA,3353526,0,08/02/2018,15/02/2048,0,MINISTERIO DE HACIENDA,HACIENDA,62706
USP3579EBY25,BSRD2048,DOMINICAN REP/6.5 CHURCH BD UNSEC,189000,USD,189,6.0325,105.542577,21/09/2026,09:39:21 AM,PRESTAMO,SEGUNDA PARTE,ROTC,23/11/2026,CONFIRMADA,3353525,0,08/02/2018,15/02/2048,1.306712,MINISTERIO DE HACIENDA,HACIENDA,64239
USP3579EBY25,BSRD2048,DOMINICAN REP/6.5 CHURCH BD UNSEC,189000,USD,189,6.0051,105.909762,21/09/2026,09:39:21 AM,PRESTAMO,PRIMERA PARTE,ROTC,22/09/2026,CONFIRMADA,3353525,0,08/02/2018,15/02/2048,1.306712,MINISTERIO DE HACIENDA,HACIENDA,64337
DO1002261928,LE090427,BCENTRAL/ LT 20270409 GTIA,730000,DOP,73,8.5,97.177782,21/09/2026,09:39:19 AM,PLAZO,PRIMERA PARTE,ROTC,07/12/2026,CONFIRMADA,3353523,0,09/04/2026,09/04/2027,0,BANCO CENTRAL DE LA REPUBLICA DOMINICANA,BCENTRAL,55587
DO1002261928,LE090427,BCENTRAL/ LT 20270409 GTIA,730000,DOP,73,8.5,97.177782,21/09/2026,09:39:18 AM,PRESTAMO,SEGUNDA PARTE,ROTC,07/12/2026,CONFIRMADA,3353522,0,09/04/2026,09/04/2027,1.692661,BANCO CENTRAL DE LA REPUBLICA DOMINICANA,BCENTRAL,57120
DO1002261928,LE090427,BCENTRAL/ LT 20270409 GTIA,730000,DOP,73,8.4168,95.532892,21/09/2026,09:39:18 AM,PRESTAMO,PRIMERA PARTE,ROTC,21/09/2026,CONFIRMADA,3353522,0,09/04/2026,09/04/2027,1.692661,BANCO CENTRAL DE LA REPUBLICA DOMINICANA,BCENTRAL,58268
DO1002261928,LE090427,BCENTRAL/ LT 20270409 GTIA,580000,DOP,58,10.6203,96.498466,21/09/2026,09:39:17 AM,PLAZO,PRIMERA PARTE,ROTC,07/12/2026,CONFIRMADA,3353520,0,09/04/2026,09/04/2027,0,BANCO CENTRAL DE LA REPUBLICA DOMINICANA,BCENTRAL,56980
DO1002261928,LE090427,BCENTRAL/ LT 20270409 GTIA,580000,DOP,58,10.6203,96.498466,21/09/2026,09:39:16 AM,PRESTAMO,SEGUNDA PARTE,ROTC,07/12/2026,CONFIRMADA,3353519,0,09/04/2026,09/04/2027,1.733985,BANCO CENTRAL DE LA REPUBLICA DOMINICANA,BCENTRAL,58513
DO1002261928,LE090427,BCENTRAL/ LT 20270409 GTIA,580000,DOP,58,9.823,94.825197,21/09/2026,09:39:16 AM,PRESTAMO,PRIMERA PARTE,ROTC,21/09/2026,CONFIRMADA,3353519,0,09/04/2026,09/04/2027,1.733985,BANCO CENTRAL DE LA REPUBLICA DOMINICANA,BCENTRAL,57939
DO1002261928,LE090427,BCENTRAL/ LT 20270409 GTIA,690000,DOP,69,5.7039,99.276439,21/09/2026,09:39:14 AM,PLAZO,PRIMERA PARTE,ROTC,22/02/2027,CONFIRMADA,3353517,0,09/04/2026,09/04/2027,0,BANCO CENTRAL DE LA REPUBLICA DOMINICANA,BCENTRAL,56693
DO1002261928,LE090427,BCENTRAL/ LT 20270409 GTIA,690000,DOP,69,5.7039,99.276439,21/09/2026,09:39:13 AM,PRESTAMO,SEGUNDA PARTE,ROTC,22/02/2027,CONFIRMADA,3353516,0,09/04/2026,09/04/2027,3.444874,BANCO CENTRAL DE LA REPUBLICA DOMINICANA,BCENTRAL,58226
DO1002261928,LE090427,BCENTRAL/ LT 20270409 GTIA,690000,DOP,69,7.8593,95.856491,21/09/2026,09:39:13 AM,PRESTAMO,PRIMERA PARTE,ROTC,23/09/2026,CONFIRMADA,3353516,0,09/04/2026,09/04/2027,3.444874,BANCO CENTRAL DE LA REPUBLICA DOMINICANA,BCENTRAL,58380
DO1002261928,LE090427,BCENTRAL/ LT 20270409 GTIA,690000,DOP,69,7.8593,95.856491,21/09/2026,09:38:16 AM,CONTADO,PRIMERA PARTE,ROTC,23/09/2026,CONFIRMADA,3353515,0,09/04/2026,09/04/2027,0,BANCO CENTRAL DE LA REPUBLICA DOMINICANA,BCENTRAL,57701
DO1002261928,LE090427,BCENTRAL/ LT 20270409 GTIA,530000,DOP,53,7.681,95.986006,21/09/2026,09:37:55 AM,CONTADO,PRIMERA PARTE,ROTC,25/09/2026,CONFIRMADA,3353454,0,09/04/2026,09/04/2027,0,BANCO CENTRAL DE LA REPUBLICA DOMINICANA,BCENTRAL,57197
DO1002261928,LE090427,BCENTRAL/ LT 20270409 GTIA,580000,DOP,58,9.823,94.825197,21/09/2026,09:37:36 AM,CONTADO,PRIMERA PARTE,ROTC,21/09/2026,CONFIRMADA,3353518,0,09/04/2026,09/04/2027,0,BANCO CENTRAL DE LA REPUBLICA DOMINICANA,BCENTRAL,57246
DO1002261928,LE090427,BCENTRAL/ LT 20270409 GTIA,730000,DOP,73,8.4168,95.532892,21/09/2026,09:37:11 AM,CONTADO,PRIMERA PARTE,ROTC,21/09/2026,CONFIRMADA,3353521,0,09/04/2026,09/04/2027,0,BANCO CENTRAL DE LA REPUBLICA DOMINICANA,BCENTRAL,57512
USP3579EBY25,BSRD2048,DOMINICAN REP/6.5 CHURCH BD UNSEC,189000,USD,189,6.0051,105.909762,21/09/2026,09:36:48 AM,CONTADO,PRIMERA PARTE,ROTC,22/09/2026,CONFIRMADA,3353524,0,08/02/2018,15/02/2048,0,MINISTERIO DE HACIENDA,HACIENDA,63686
DO1005213025,MH22031,HACIENDA/10.25 BOEST 20310209 GTIA,39500000,DOP,395,8.5511,106.106156,21/09/2026,09:36:22 AM,CONTADO,PRIMERA PARTE,ROTC,22/09/2026,CONFIRMADA,3353558,0,09/02/2024,09/02/2031,0,MINISTERIO DE HACIENDA,HACIENDA,61320
DO1002261928,LE090427,BCENTRAL/ LT 20270409 GTIA,4920000,DOP,492,8.4255,95.528455,21/09/2026,09:35:34 AM,CONTADO,PRIMERA PARTE,ROTC,21/09/2026,CONFIRMADA,3353581,0,09/04/2026,09/04/2027,0,BANCO CENTRAL DE LA REPUBLICA DOMINICANA,BCENTRAL,58254
DO1005205716,MHUS2027,HACIENDA/6 BOEST 20270305 GTIA,20000,USD,20,-11.184,100.5416,21/09/2026,09:35:02 AM,PLAZO,PRIMERA PARTE,ROTC,22/02/2027,CONFIRMADA,3353453,0,05/09/2016,05/03/2027,0,MINISTERIO DE HACIENDA,HACIENDA,57988
DO1002261928,LE090427,BCENTRAL/ LT 20270409 GTIA,580000,DOP,58,0,98.88299,21/09/2026,09:35:00 AM,PRESTAMO,SEGUNDA PARTE,ROTC,19/01/2027,CONFIRMADA,3353395,0,09/04/2026,09/04/2027,2.707962,BANCO CENTRAL DE LA REPUBLICA DOMINICANA,BCENTRAL,56035
DO1002261928,LE090427,BCENTRAL/ LT 20270409 GTIA,580000,DOP,58,7.0999,96.205276,21/09/2026,09:35:00 AM,PRESTAMO,PRIMERA PARTE,ROTC,21/09/2026,CONFIRMADA,3353395,0,09/04/2026,09/04/2027,2.707962,BANCO CENTRAL DE LA REPUBLICA DOMINICANA,BCENTRAL,58226
DO1002261928,LE090427,BCENTRAL/ LT 20270409 GTIA,580000,DOP,58,0,98.88299,21/09/2026,09:34:59 AM,PLAZO,PRIMERA PARTE,ROTC,19/01/2027,CONFIRMADA,3353396,0,09/04/2026,09/04/2027,0,BANCO CENTRAL DE LA REPUBLICA DOMINICANA,BCENTRAL,54586
DO1002261928,LE090427,BCENTRAL/ LT 20270409 GTIA,140000,DOP,14,11.3746,95.850936,21/09/2026,09:34:58 AM,PRESTAMO,SEGUNDA PARTE,ROTC,23/11/2026,CONFIRMADA,3353398,0,09/04/2026,09/04/2027,1.406194,BANCO CENTRAL DE LA REPUBLICA DOMINICANA,BCENTRAL,58408
DO1002261928,LE090427,BCENTRAL/ LT 20270409 GTIA,140000,DOP,14,10.47,94.503086,21/09/2026,09:34:58 AM,PRESTAMO,PRIMERA PARTE,ROTC,21/09/2026,CONFIRMADA,3353398,0,09/04/2026,09/04/2027,1.406194,BANCO CENTRAL DE LA REPUBLICA DOMINICANA,BCENTRAL,57694
DO1002261928,LE090427,BCENTRAL/ LT 20270409 GTIA,140000,DOP,14,11.3746,95.850936,21/09/2026,09:34:57 AM,PLAZO,PRIMERA PARTE,ROTC,23/11/2026,CONFIRMADA,3353399,0,09/04/2026,09/04/2027,0,BANCO CENTRAL DE LA REPUBLICA DOMINICANA,BCENTRAL,56861
DO1002261928,LE090427,BCENTRAL/ LT 20270409 GTIA,2400000,DOP,240,0,96.420147,21/09/2026,09:34:55 AM,PRESTAMO,SEGUNDA PARTE,ROTC,22/10/2026,CONFIRMADA,3353413,0,09/04/2026,09/04/2027,0.670474,BANCO CENTRAL DE LA REPUBLICA DOMINICANA,BCENTRAL,56819
DO1002261928,LE090427,BCENTRAL/ LT 20270409 GTIA,2400000,DOP,240,7.983,95.773675,21/09/2026,09:34:55 AM,PRESTAMO,PRIMERA PARTE,ROTC,22/09/2026,CONFIRMADA,3353413,0,09/04/2026,09/04/2027,0.670474,BANCO CENTRAL DE LA REPUBLICA DOMINICANA,BCENTRAL,58569
DO1002261928,LE090427,BCENTRAL/ LT 20270409 GTIA,2400000,DOP,240,0,96.420147,21/09/2026,09:34:54 AM,PLAZO,PRIMERA PARTE,ROTC,22/10/2026,CONFIRMADA,3353414,0,09/04/2026,09/04/2027,0,BANCO CENTRAL DE LA REPUBLICA DOMINICANA,BCENTRAL,55272
DO1002261928,LE090427,BCENTRAL/ LT 20270409 GTIA,420000,DOP,42,-192.91,100.538757,21/09/2026,09:34:53 AM,PRESTAMO,SEGUNDA PARTE,ROTC,08/04/2027,CONFIRMADA,3353416,0,09/04/2026,09/04/2027,4.466205,BANCO CENTRAL DE LA REPUBLICA DOMINICANA,BCENTRAL,58681
DO1002261928,LE090427,BCENTRAL/ LT 20270409 GTIA,420000,DOP,42,7.4426,96.04849,21/09/2026,09:34:53 AM,PRESTAMO,PRIMERA PARTE,ROTC,22/09/2026,CONFIRMADA,3353416,0,09/04/2026,09/04/2027,4.466205,BANCO CENTRAL DE LA REPUBLICA DOMINICANA,BCENTRAL,57792
DO1002261928,LE090427,BCENTRAL/ LT 20270409 GTIA,420000,DOP,42,-192.91,100.538757,21/09/2026,09:34:52 AM,PLAZO,PRIMERA PARTE,ROTC,08/04/2027,CONFIRMADA,3353417,0,09/04/2026,09/04/2027,0,BANCO CENTRAL DE LA REPUBLICA DOMINICANA,BCENTRAL,57134
DO1002261928,LE090427,BCENTRAL/ LT 20270409 GTIA,1230000,DOP,123,0,98.735289,21/09/2026,09:34:51 AM,PRESTAMO,SEGUNDA PARTE,ROTC,19/02/2027,CONFIRMADA,3353419,0,09/04/2026,09/04/2027,3.401087,BANCO CENTRAL DE LA REPUBLICA DOMINICANA,BCENTRAL,56973
DO1002261928,LE090427,BCENTRAL/ LT 20270409 GTIA,1230000,DOP,123,8.7682,95.377215,21/09/2026,09:34:51 AM,PRESTAMO,PRIMERA PARTE,ROTC,22/09/2026,CONFIRMADA,3353419,0,09/04/2026,09/04/2027,3.401087,BANCO CENTRAL DE LA REPUBLICA DOMINICANA,BCENTRAL,58835
DO1002261928,LE090427,BCENTRAL/ LT 20270409 GTIA,1230000,DOP,123,0,98.735289,21/09/2026,09:34:49 AM,PLAZO,PRIMERA PARTE,ROTC,19/02/2027,CONFIRMADA,3353420,0,09/04/2026,09/04/2027,0,BANCO CENTRAL DE LA REPUBLICA DOMINICANA,BCENTRAL,55482
DO1002261928,LE090427,BCENTRAL/ LT 20270409 GTIA,1260000,DOP,126,7.4435,96.64299,21/09/2026,09:34:48 AM,PRESTAMO,SEGUNDA PARTE,ROTC,23/10/2026,CONFIRMADA,3353422,0,09/04/2026,09/04/2027,0.699244,BANCO CENTRAL DE LA REPUBLICA DOMINICANA,BCENTRAL,58457
DO1002261928,LE090427,BCENTRAL/ LT 20270409 GTIA,1260000,DOP,126,7.6404,95.967221,21/09/2026,09:34:48 AM,PRESTAMO,PRIMERA PARTE,ROTC,23/09/2026,CONFIRMADA,3353422,0,09/04/2026,09/04/2027,0.699244,BANCO CENTRAL DE LA REPUBLICA DOMINICANA,BCENTRAL,58870
DO1002261928,LE090427,BCENTRAL/ LT 20270409 GTIA,1260000,DOP,126,7.4435,96.64299,21/09/2026,09:34:47 AM,PLAZO,PRIMERA PARTE,ROTC,23/10/2026,CONFIRMADA,3353423,0,09/04/2026,09/04/2027,0,BANCO CENTRAL DE LA REPUBLICA DOMINICANA,BCENTRAL,56910
USP3579EBY25,BSRD2048,DOMINICAN REP/6.5 CHURCH BD UNSEC,52000,USD,52,0,106.013885,21/09/2026,09:34:46 AM,PRESTAMO,SEGUNDA PARTE,ROTC,23/11/2026,CONFIRMADA,3353425,0,08/02/2018,15/02/2048,1.326504,MINISTERIO DE HACIENDA,HACIENDA,61621
USP3579EBY25,BSRD2048,DOMINICAN REP/6.5 CHURCH BD UNSEC,52000,USD,52,5.9696,106.353577,21/09/2026,09:34:46 AM,PRESTAMO,PRIMERA PARTE,ROTC,23/09/2026,CONFIRMADA,3353425,0,08/02/2018,15/02/2048,1.326504,MINISTERIO DE HACIENDA,HACIENDA,63679
USP3579EBY25,BSRD2048,DOMINICAN REP/6.5 CHURCH BD UNSEC,52000,USD,52,0,106.013885,21/09/2026,09:34:44 AM,PLAZO,PRIMERA PARTE,ROTC,23/11/2026,CONFIRMADA,3353426,0,08/02/2018,15/02/2048,0,MINISTERIO DE HACIENDA,HACIENDA,60067
USP3579EBY25,BSRD2048,DOMINICAN REP/6.5 CHURCH BD UNSEC,2000,USD,2,0,102.2825,21/09/2026,09:34:43 AM,PRESTAMO,SEGUNDA PARTE,ROTC,26/10/2026,CONFIRMADA,3353428,0,08/02/2018,15/02/2048,1.040414,MINISTERIO DE HACIENDA,HACIENDA,60116
USP3579EBY25,BSRD2048,DOMINICAN REP/6.5 CHURCH BD UNSEC,2000,USD,2,6.2862,102.487,21/09/2026,09:34:43 AM,PRESTAMO,PRIMERA PARTE,ROTC,25/09/2026,CONFIRMADA,3353428,0,08/02/2018,15/02/2048,1.040414,MINISTERIO DE HACIENDA,HACIENDA,61740
USP3579EBY25,BSRD2048,DOMINICAN REP/6.5 CHURCH BD UNSEC,2000,USD,2,0,102.2825,21/09/2026,09:34:42 AM,PLAZO,PRIMERA PARTE,ROTC,26/10/2026,CONFIRMADA,3353429,0,08/02/2018,15/02/2048,0,MINISTERIO DE HACIENDA,HACIENDA,58569
DO1002261928,LE090427,BCENTRAL/ LT 20270409 GTIA,340000,DOP,34,0,94.852062,21/09/2026,09:34:41 AM,PRESTAMO,SEGUNDA PARTE,ROTC,26/10/2026,CONFIRMADA,3353431,0,09/04/2026,09/04/2027,0.692667,BANCO CENTRAL DE LA REPUBLICA DOMINICANA,BCENTRAL,56175
DO1002261928,LE090427,BCENTRAL/ LT 20270409 GTIA,340000,DOP,34,11.3192,94.195053,21/09/2026,09:34:41 AM,PRESTAMO,PRIMERA PARTE,ROTC,25/09/2026,CONFIRMADA,3353431,0,09/04/2026,09/04/2027,0.692667,BANCO CENTRAL DE LA REPUBLICA DOMINICANA,BCENTRAL,58408
DO1002261928,LE090427,BCENTRAL/ LT 20270409 GTIA,340000,DOP,34,0,94.852062,21/09/2026,09:34:39 AM,PLAZO,PRIMERA PARTE,ROTC,26/10/2026,CONFIRMADA,3353432,0,09/04/2026,09/04/2027,0,BANCO CENTRAL DE LA REPUBLICA DOMINICANA,BCENTRAL,54684
USP3579EBY25,BSRD2048,DOMINICAN REP/6.5 CHURCH BD UNSEC,6000,USD,6,6.4737,100.2895,21/09/2026,09:34:38 AM,PRESTAMO,SEGUNDA PARTE,ROTC,26/10/2026,CONFIRMADA,3353434,0,08/02/2018,15/02/2048,1.08413,MINISTERIO DE HACIENDA,HACIENDA,62090
USP3579EBY25,BSRD2048,DOMINICAN REP/6.5 CHURCH BD UNSEC,6000,USD,6,6.4584,100.470333,21/09/2026,09:34:38 AM,PRESTAMO,PRIMERA PARTE,ROTC,25/09/2026,CONFIRMADA,3353434,0,08/02/2018,15/02/2048,1.08413,MINISTERIO DE HACIENDA,HACIENDA,62846
USP3579EBY25,BSRD2048,DOMINICAN REP/6.5 CHURCH BD UNSEC,6000,USD,6,6.4737,100.2895,21/09/2026,09:34:37 AM,PLAZO,PRIMERA PARTE,ROTC,26/10/2026,CONFIRMADA,3353435,0,08/02/2018,15/02/2048,0,MINISTERIO DE HACIENDA,HACIENDA,60543
DO1002261928,LE090427,BCENTRAL/ LT 20270409 GTIA,360000,DOP,36,0,98.25455,21/09/2026,09:34:36 AM,PRESTAMO,SEGUNDA PARTE,ROTC,22/02/2027,CONFIRMADA,3353437,0,09/04/2026,09/04/2027,3.401086,BANCO CENTRAL DE LA REPUBLICA DOMINICANA,BCENTRAL,55895
DO1002261928,LE090427,BCENTRAL/ LT 20270409 GTIA,360000,DOP,36,9.8446,94.912828,21/09/2026,09:34:36 AM,PRESTAMO,PRIMERA PARTE,ROTC,25/09/2026,CONFIRMADA,3353437,0,09/04/2026,09/04/2027,3.401086,BANCO CENTRAL DE LA REPUBLICA DOMINICANA,BCENTRAL,58275
DO1002261928,LE090427,BCENTRAL/ LT 20270409 GTIA,360000,DOP,36,0,98.25455,21/09/2026,09:34:35 AM,PLAZO,PRIMERA PARTE,ROTC,22/02/2027,CONFIRMADA,3353438,0,09/04/2026,09/04/2027,0,BANCO CENTRAL DE LA REPUBLICA DOMINICANA,BCENTRAL,54348
DO1002261928,LE090427,BCENTRAL/ LT 20270409 GTIA,60000,DOP,6,31.5076,95.887817,21/09/2026,09:34:33 AM,PRESTAMO,SEGUNDA PARTE,ROTC,19/02/2027,CONFIRMADA,3353440,0,09/04/2026,09/04/2027,3.401092,BANCO CENTRAL DE LA REPUBLICA DOMINICANA,BCENTRAL,57799
DO1002261928,LE090427,BCENTRAL/ LT 20270409 GTIA,60000,DOP,6,14.4007,92.626583,21/09/2026,09:34:33 AM,PRESTAMO,PRIMERA PARTE,ROTC,22/09/2026,CONFIRMADA,3353440,0,09/04/2026,09/04/2027,3.401092,BANCO CENTRAL DE LA REPUBLICA DOMINICANA,BCENTRAL,57736
DO1002261928,LE090427,BCENTRAL/ LT 20270409 GTIA,60000,DOP,6,31.5076,95.887817,21/09/2026,09:34:32 AM,PLAZO,PRIMERA PARTE,ROTC,19/02/2027,CONFIRMADA,3353441,0,09/04/2026,09/04/2027,0,BANCO CENTRAL DE LA REPUBLICA DOMINICANA,BCENTRAL,56252
DO1005213025,MH22031,HACIENDA/10.25 BOEST 20310209 GTIA,300000,DOP,3,9.7646,101.655693,21/09/2026,09:34:31 AM,PRESTAMO,SEGUNDA PARTE,ROTC,26/10/2026,CONFIRMADA,3353443,0,09/02/2024,09/02/2031,1.963649,MINISTERIO DE HACIENDA,HACIENDA,60522
DO1005213025,MH22031,HACIENDA/10.25 BOEST 20310209 GTIA,300000,DOP,3,9.7331,101.80693,21/09/2026,09:34:31 AM,PRESTAMO,PRIMERA PARTE,ROTC,25/09/2026,CONFIRMADA,3353443,0,09/02/2024,09/02/2031,1.963649,MINISTERIO DE HACIENDA,HACIENDA,60179
DO1005213025,MH22031,HACIENDA/10.25 BOEST 20310209 GTIA,300000,DOP,3,9.7646,101.655693,21/09/2026,09:34:30 AM,PLAZO,PRIMERA PARTE,ROTC,26/10/2026,CONFIRMADA,3353444,0,09/02/2024,09/02/2031,0,MINISTERIO DE HACIENDA,HACIENDA,58975
DO1002261928,LE090427,BCENTRAL/ LT 20270409 GTIA,140000,DOP,14,0,93.792629,21/09/2026,09:34:28 AM,PRESTAMO,SEGUNDA PARTE,ROTC,26/10/2026,CONFIRMADA,3353446,0,09/04/2026,09/04/2027,0.692668,BANCO CENTRAL DE LA REPUBLICA DOMINICANA,BCENTRAL,56259
DO1002261928,LE090427,BCENTRAL/ LT 20270409 GTIA,140000,DOP,14,13.5218,93.142957,21/09/2026,09:34:28 AM,PRESTAMO,PRIMERA PARTE,ROTC,25/09/2026,CONFIRMADA,3353446,0,09/04/2026,09/04/2027,0.692668,BANCO CENTRAL DE LA REPUBLICA DOMINICANA,BCENTRAL,58464
DO1002261928,LE090427,BCENTRAL/ LT 20270409 GTIA,140000,DOP,14,0,93.792629,21/09/2026,09:34:27 AM,PLAZO,PRIMERA PARTE,ROTC,26/10/2026,CONFIRMADA,3353447,0,09/04/2026,09/04/2027,0,BANCO CENTRAL DE LA REPUBLICA DOMINICANA,BCENTRAL,54712
DO1002261928,LE090427,BCENTRAL/ LT 20270409 GTIA,1050000,DOP,105,0,95.910772,21/09/2026,09:34:26 AM,PRESTAMO,SEGUNDA PARTE,ROTC,26/10/2026,CONFIRMADA,3353449,0,09/04/2026,09/04/2027,0.692669,BANCO CENTRAL DE LA REPUBLICA DOMINICANA,BCENTRAL,56882
DO1002261928,LE090427,BCENTRAL/ LT 20270409 GTIA,1050000,DOP,105,9.1668,95.246429,21/09/2026,09:34:26 AM,PRESTAMO,PRIMERA PARTE,ROTC,25/09/2026,CONFIRMADA,3353449,0,09/04/2026,09/04/2027,0.692669,BANCO CENTRAL DE LA REPUBLICA DOMINICANA,BCENTRAL,58877
DO1002261928,LE090427,BCENTRAL/ LT 20270409 GTIA,1050000,DOP,105,0,95.910772,21/09/2026,09:34:25 AM,PLAZO,PRIMERA PARTE,ROTC,26/10/2026,CONFIRMADA,3353450,0,09/04/2026,09/04/2027,0,BANCO CENTRAL DE LA REPUBLICA DOMINICANA,BCENTRAL,55335
DO1005205716,MHUS2027,HACIENDA/6 BOEST 20270305 GTIA,20000,USD,20,-11.184,100.5416,21/09/2026,09:34:24 AM,PRESTAMO,SEGUNDA PARTE,ROTC,22/02/2027,CONFIRMADA,3353452,0,05/09/2016,05/03/2027,2.058187,MINISTERIO DE HACIENDA,HACIENDA,59549
DO1005205716,MHUS2027,HACIENDA/6 BOEST 20270305 GTIA,20000,USD,20,3.1856,101.20925,21/09/2026,09:34:24 AM,PRESTAMO,PRIMERA PARTE,ROTC,25/09/2026,CONFIRMADA,3353452,0,05/09/2016,05/03/2027,2.058187,MINISTERIO DE HACIENDA,HACIENDA,59773
DO1005205716,MHUS2027,HACIENDA/6 BOEST 20270305 GTIA,20000,USD,20,3.1856,101.20925,21/09/2026,09:33:44 AM,CONTADO,PRIMERA PARTE,ROTC,25/09/2026,CONFIRMADA,3353451,0,05/09/2016,05/03/2027,0,MINISTERIO DE HACIENDA,HACIENDA,59087
DO1002261928,LE090427,BCENTRAL/ LT 20270409 GTIA,1050000,DOP,105,9.1668,95.246429,21/09/2026,09:33:16 AM,CONTADO,PRIMERA PARTE,ROTC,25/09/2026,CONFIRMADA,3353448,0,09/04/2026,09/04/2027,0,BANCO CENTRAL DE LA REPUBLICA DOMINICANA,BCENTRAL,58170
DO1002261928,LE090427,BCENTRAL/ LT 20270409 GTIA,140000,DOP,14,13.5218,93.142957,21/09/2026,09:32:54 AM,CONTADO,PRIMERA PARTE,ROTC,25/09/2026,CONFIRMADA,3353445,0,09/04/2026,09/04/2027,0,BANCO CENTRAL DE LA REPUBLICA DOMINICANA,BCENTRAL,57750
DO1005213025,MH22031,HACIENDA/10.25 BOEST 20310209 GTIA,300000,DOP,3,9.7331,101.80693,21/09/2026,09:32:31 AM,CONTADO,PRIMERA PARTE,ROTC,25/09/2026,CONFIRMADA,3353442,0,09/02/2024,09/02/2031,0,MINISTERIO DE HACIENDA,HACIENDA,59472
DO2016300124,BC1GUL01,GULFSTREAM/11.25 BO 20290528,89978,DOP,89978,10.88659592,100.761376,21/09/2026,09:32:29 AM,PRESTAMO,SEGUNDA PARTE,ROTC,21/12/2026,CONFIRMADA,3353621,0,28/05/2019,28/05/2029,6.85,GULFSTREAM PETROLEUM DOMINICANA S DE RL,GULFSTREAM,62258
DO2016300124,BC1GUL01,GULFSTREAM/11.25 BO 20290528,89978,DOP,89978,10.47307343,101.790826,21/09/2026,09:32:29 AM,PRESTAMO,PRIMERA PARTE,ROTC,21/09/2026,CONFIRMADA,3353621,0,28/05/2019,28/05/2029,6.85,GULFSTREAM PETROLEUM DOMINICANA S DE RL,GULFSTREAM,62237
DO2016300124,BC1GUL01,GULFSTREAM/11.25 BO 20290528,89978,DOP,89978,10.88659592,100.761376,21/09/2026,09:32:28 AM,ESTRUCTURADA,SEGUNDA PARTE,ROTC,21/12/2026,CONFIRMADA,3353549,0,28/05/2019,28/05/2029,6.85,GULFSTREAM PETROLEUM DOMINICANA S DE RL,GULFSTREAM,64351
DO2016300124,BC1GUL01,GULFSTREAM/11.25 BO 20290528,89978,DOP,89978,10.47307343,101.790826,21/09/2026,09:32:28 AM,ESTRUCTURADA,PRIMERA PARTE,ROTC,21/09/2026,CONFIRMADA,3353549,0,28/05/2019,28/05/2029,6.85,GULFSTREAM PETROLEUM DOMINICANA S DE RL,GULFSTREAM,64330
DO1005208215,MHUS2029,HACIENDA/6.95 BOEST 20290626 GTIA,14000,USD,14,1.51814394,113.794356,21/09/2026,09:32:26 AM,PRESTAMO,SEGUNDA PARTE,ROTC,20/11/2026,CONFIRMADA,3353620,0,26/06/2020,26/06/2029,4.25,MINISTERIO DE HACIENDA,HACIENDA,62713
DO1005208215,MHUS2029,HACIENDA/6.95 BOEST 20290626 GTIA,14000,USD,14,1.69971388,114.113456,21/09/2026,09:32:26 AM,PRESTAMO,PRIMERA PARTE,ROTC,21/09/2026,CONFIRMADA,3353620,0,26/06/2020,26/06/2029,4.25,MINISTERIO DE HACIENDA,HACIENDA,62853
DO1005208215,MHUS2029,HACIENDA/6.95 BOEST 20290626 GTIA,14000,USD,14,1.51814394,113.794356,21/09/2026,09:32:25 AM,ESTRUCTURADA,SEGUNDA PARTE,ROTC,20/11/2026,CONFIRMADA,3353550,0,26/06/2020,26/06/2029,4.25,MINISTERIO DE HACIENDA,HACIENDA,64806
DO1005208215,MHUS2029,HACIENDA/6.95 BOEST 20290626 GTIA,14000,USD,14,1.69971388,114.113456,21/09/2026,09:32:25 AM,ESTRUCTURADA,PRIMERA PARTE,ROTC,21/09/2026,CONFIRMADA,3353550,0,26/06/2020,26/06/2029,4.25,MINISTERIO DE HACIENDA,HACIENDA,64946
DO1002261423,NO301129,BCENTRAL/9.5 BOEST 20291130 GTIA,290000,DOP,29,8.32284262,103.119015,21/09/2026,09:32:24 AM,PRESTAMO,SEGUNDA PARTE,ROTC,05/11/2026,CONFIRMADA,3353619,0,30/11/2025,30/11/2029,8.85,BANCO CENTRAL DE LA REPUBLICA DOMINICANA,BCENTRAL,62279
DO1002261423,NO301129,BCENTRAL/9.5 BOEST 20291130 GTIA,290000,DOP,29,8.36177545,103.107517,21/09/2026,09:32:24 AM,PRESTAMO,PRIMERA PARTE,ROTC,21/09/2026,CONFIRMADA,3353619,0,30/11/2025,30/11/2029,8.85,BANCO CENTRAL DE LA REPUBLICA DOMINICANA,BCENTRAL,62468
DO1002261423,NO301129,BCENTRAL/9.5 BOEST 20291130 GTIA,290000,DOP,29,8.32284262,103.119015,21/09/2026,09:32:23 AM,ESTRUCTURADA,SEGUNDA PARTE,ROTC,05/11/2026,CONFIRMADA,3353551,0,30/11/2025,30/11/2029,8.85,BANCO CENTRAL DE LA REPUBLICA DOMINICANA,BCENTRAL,64372
DO1002261423,NO301129,BCENTRAL/9.5 BOEST 20291130 GTIA,290000,DOP,29,8.36177545,103.107517,21/09/2026,09:32:23 AM,ESTRUCTURADA,PRIMERA PARTE,ROTC,21/09/2026,CONFIRMADA,3353551,0,30/11/2025,30/11/2029,8.85,BANCO CENTRAL DE LA REPUBLICA DOMINICANA,BCENTRAL,64561
DO1002261423,NO301129,BCENTRAL/9.5 BOEST 20291130 GTIA,480000,DOP,48,9.09472893,101.046347,21/09/2026,09:32:22 AM,PRESTAMO,SEGUNDA PARTE,ROTC,20/11/2026,CONFIRMADA,3353618,0,30/11/2025,30/11/2029,7.9,BANCO CENTRAL DE LA REPUBLICA DOMINICANA,BCENTRAL,62391
DO1002261423,NO301129,BCENTRAL/9.5 BOEST 20291130 GTIA,480000,DOP,48,9.04077138,101.223732,21/09/2026,09:32:22 AM,PRESTAMO,PRIMERA PARTE,ROTC,21/09/2026,CONFIRMADA,3353618,0,30/11/2025,30/11/2029,7.9,BANCO CENTRAL DE LA REPUBLICA DOMINICANA,BCENTRAL,62391
DO1002261423,NO301129,BCENTRAL/9.5 BOEST 20291130 GTIA,480000,DOP,48,9.09472893,101.046347,21/09/2026,09:32:21 AM,ESTRUCTURADA,SEGUNDA PARTE,ROTC,20/11/2026,CONFIRMADA,3353552,0,30/11/2025,30/11/2029,7.9,BANCO CENTRAL DE LA REPUBLICA DOMINICANA,BCENTRAL,64484
DO1002261423,NO301129,BCENTRAL/9.5 BOEST 20291130 GTIA,480000,DOP,48,9.04077138,101.223732,21/09/2026,09:32:21 AM,ESTRUCTURADA,PRIMERA PARTE,ROTC,21/09/2026,CONFIRMADA,3353552,0,30/11/2025,30/11/2029,7.9,BANCO CENTRAL DE LA REPUBLICA DOMINICANA,BCENTRAL,64484
DO1002261423,NO301129,BCENTRAL/9.5 BOEST 20291130 GTIA,290000,DOP,29,8.53626691,102.51891,21/09/2026,09:32:19 AM,PRESTAMO,SEGUNDA PARTE,ROTC,20/11/2026,CONFIRMADA,3353617,0,30/11/2025,30/11/2029,7.9,BANCO CENTRAL DE LA REPUBLICA DOMINICANA,BCENTRAL,62055
DO1002261423,NO301129,BCENTRAL/9.5 BOEST 20291130 GTIA,290000,DOP,29,8.51552351,102.677158,21/09/2026,09:32:19 AM,PRESTAMO,PRIMERA PARTE,ROTC,21/09/2026,CONFIRMADA,3353617,0,30/11/2025,30/11/2029,7.9,BANCO CENTRAL DE LA REPUBLICA DOMINICANA,BCENTRAL,62503
DO1002261423,NO301129,BCENTRAL/9.5 BOEST 20291130 GTIA,290000,DOP,29,8.53626691,102.51891,21/09/2026,09:32:18 AM,ESTRUCTURADA,SEGUNDA PARTE,ROTC,20/11/2026,CONFIRMADA,3353553,0,30/11/2025,30/11/2029,7.9,BANCO CENTRAL DE LA REPUBLICA DOMINICANA,BCENTRAL,64148
DO1002261423,NO301129,BCENTRAL/9.5 BOEST 20291130 GTIA,290000,DOP,29,8.51552351,102.677158,21/09/2026,09:32:18 AM,ESTRUCTURADA,PRIMERA PARTE,ROTC,21/09/2026,CONFIRMADA,3353553,0,30/11/2025,30/11/2029,7.9,BANCO CENTRAL DE LA REPUBLICA DOMINICANA,BCENTRAL,64596
DO1005204412,MH12029,HACIENDA/11.375 BOEST 20290706 GTIA,2600000,DOP,26,8.29758047,107.082964,21/09/2026,09:32:17 AM,PRESTAMO,SEGUNDA PARTE,ROTC,20/11/2026,CONFIRMADA,3353616,0,06/07/2014,06/07/2029,7.95,MINISTERIO DE HACIENDA,HACIENDA,63224
DO1005204412,MH12029,HACIENDA/11.375 BOEST 20290706 GTIA,2600000,DOP,26,8.29361393,107.4967,21/09/2026,09:32:17 AM,PRESTAMO,PRIMERA PARTE,ROTC,21/09/2026,CONFIRMADA,3353616,0,06/07/2014,06/07/2029,7.95,MINISTERIO DE HACIENDA,HACIENDA,62608
DO1005204412,MH12029,HACIENDA/11.375 BOEST 20290706 GTIA,2600000,DOP,26,8.29758047,107.082964,21/09/2026,09:32:16 AM,ESTRUCTURADA,SEGUNDA PARTE,ROTC,20/11/2026,CONFIRMADA,3353554,0,06/07/2014,06/07/2029,7.95,MINISTERIO DE HACIENDA,HACIENDA,65317
DO1005204412,MH12029,HACIENDA/11.375 BOEST 20290706 GTIA,2600000,DOP,26,8.29361393,107.4967,21/09/2026,09:32:16 AM,ESTRUCTURADA,PRIMERA PARTE,ROTC,21/09/2026,CONFIRMADA,3353554,0,06/07/2014,06/07/2029,7.95,MINISTERIO DE HACIENDA,HACIENDA,64701
DO1002261423,NO301129,BCENTRAL/9.5 BOEST 20291130 GTIA,530000,DOP,53,9.82784777,99.336705,21/09/2026,09:32:15 AM,PRESTAMO,SEGUNDA PARTE,ROTC,16/09/2027,CONFIRMADA,3353615,0,30/11/2025,30/11/2029,7.4,BANCO CENTRAL DE LA REPUBLICA DOMINICANA,BCENTRAL,62272
DO1002261423,NO301129,BCENTRAL/9.5 BOEST 20291130 GTIA,530000,DOP,53,9.11706476,101.01476,21/09/2026,09:32:15 AM,PRESTAMO,PRIMERA PARTE,ROTC,21/09/2026,CONFIRMADA,3353615,0,30/11/2025,30/11/2029,7.4,BANCO CENTRAL DE LA REPUBLICA DOMINICANA,BCENTRAL,62020
DO1002261423,NO301129,BCENTRAL/9.5 BOEST 20291130 GTIA,530000,DOP,53,9.82784777,99.336705,21/09/2026,09:32:13 AM,ESTRUCTURADA,SEGUNDA PARTE,ROTC,16/09/2027,CONFIRMADA,3353555,0,30/11/2025,30/11/2029,7.4,BANCO CENTRAL DE LA REPUBLICA DOMINICANA,BCENTRAL,64358
DO1002261423,NO301129,BCENTRAL/9.5 BOEST 20291130 GTIA,530000,DOP,53,9.11706476,101.01476,21/09/2026,09:32:13 AM,ESTRUCTURADA,PRIMERA PARTE,ROTC,21/09/2026,CONFIRMADA,3353555,0,30/11/2025,30/11/2029,7.4,BANCO CENTRAL DE LA REPUBLICA DOMINICANA,BCENTRAL,64106
DO1002261928,LE090427,BCENTRAL/ LT 20270409 GTIA,60000,DOP,6,14.4007,92.626583,21/09/2026,09:32:12 AM,CONTADO,PRIMERA PARTE,ROTC,22/09/2026,CONFIRMADA,3353439,0,09/04/2026,09/04/2027,0,BANCO CENTRAL DE LA REPUBLICA DOMINICANA,BCENTRAL,57008
DO2016300124,BC1GUL01,GULFSTREAM/11.25 BO 20290528,105367,DOP,105367,10.88503125,100.764701,21/09/2026,09:32:12 AM,PRESTAMO,SEGUNDA PARTE,ROTC,21/12/2026,CONFIRMADA,3353614,0,28/05/2019,28/05/2029,6.85,GULFSTREAM PETROLEUM DOMINICANA S DE RL,GULFSTREAM,62433
DO2016300124,BC1GUL01,GULFSTREAM/11.25 BO 20290528,105367,DOP,105367,10.47167668,101.794094,21/09/2026,09:32:12 AM,PRESTAMO,PRIMERA PARTE,ROTC,21/09/2026,CONFIRMADA,3353614,0,28/05/2019,28/05/2029,6.85,GULFSTREAM PETROLEUM DOMINICANA S DE RL,GULFSTREAM,62692
DO2016300124,BC1GUL01,GULFSTREAM/11.25 BO 20290528,105367,DOP,105367,10.88503125,100.764701,21/09/2026,09:32:11 AM,ESTRUCTURADA,SEGUNDA PARTE,ROTC,21/12/2026,CONFIRMADA,3353556,0,28/05/2019,28/05/2029,6.85,GULFSTREAM PETROLEUM DOMINICANA S DE RL,GULFSTREAM,64526
DO2016300124,BC1GUL01,GULFSTREAM/11.25 BO 20290528,105367,DOP,105367,10.47167668,101.794094,21/09/2026,09:32:11 AM,ESTRUCTURADA,PRIMERA PARTE,ROTC,21/09/2026,CONFIRMADA,3353556,0,28/05/2019,28/05/2029,6.85,GULFSTREAM PETROLEUM DOMINICANA S DE RL,GULFSTREAM,64785
DO1002261423,NO301129,BCENTRAL/9.5 BOEST 20291130 GTIA,670000,DOP,67,8.85322151,101.494615,21/09/2026,09:32:10 AM,PRESTAMO,SEGUNDA PARTE,ROTC,22/03/2027,CONFIRMADA,3353613,0,30/11/2025,30/11/2029,8.4,BANCO CENTRAL DE LA REPUBLICA DOMINICANA,BCENTRAL,62335
DO1002261423,NO301129,BCENTRAL/9.5 BOEST 20291130 GTIA,670000,DOP,67,8.83388946,101.793116,21/09/2026,09:32:10 AM,PRESTAMO,PRIMERA PARTE,ROTC,21/09/2026,CONFIRMADA,3353613,0,30/11/2025,30/11/2029,8.4,BANCO CENTRAL DE LA REPUBLICA DOMINICANA,BCENTRAL,62566
DO1002261423,NO301129,BCENTRAL/9.5 BOEST 20291130 GTIA,670000,DOP,67,8.85322151,101.494615,21/09/2026,09:32:09 AM,ESTRUCTURADA,SEGUNDA PARTE,ROTC,22/03/2027,CONFIRMADA,3353557,0,30/11/2025,30/11/2029,8.4,BANCO CENTRAL DE LA REPUBLICA DOMINICANA,BCENTRAL,64491
DO1002261423,NO301129,BCENTRAL/9.5 BOEST 20291130 GTIA,670000,DOP,67,8.83388946,101.793116,21/09/2026,09:32:09 AM,ESTRUCTURADA,PRIMERA PARTE,ROTC,21/09/2026,CONFIRMADA,3353557,0,30/11/2025,30/11/2029,8.4,BANCO CENTRAL DE LA REPUBLICA DOMINICANA,BCENTRAL,64722
DO1002261423,NO301129,BCENTRAL/9.5 BOEST 20291130 GTIA,1030000,DOP,103,9.65243058,99.619765,21/09/2026,09:32:08 AM,PRESTAMO,SEGUNDA PARTE,ROTC,22/03/2027,CONFIRMADA,3353612,0,30/11/2025,30/11/2029,8.45,BANCO CENTRAL DE LA REPUBLICA DOMINICANA,BCENTRAL,62790
DO1002261423,NO301129,BCENTRAL/9.5 BOEST 20291130 GTIA,1030000,DOP,103,9.50158808,99.969687,21/09/2026,09:32:08 AM,PRESTAMO,PRIMERA PARTE,ROTC,21/09/2026,CONFIRMADA,3353612,0,30/11/2025,30/11/2029,8.45,BANCO CENTRAL DE LA REPUBLICA DOMINICANA,BCENTRAL,62972
DO1002261423,NO301129,BCENTRAL/9.5 BOEST 20291130 GTIA,1030000,DOP,103,9.65243058,99.619765,21/09/2026,09:32:06 AM,ESTRUCTURADA,SEGUNDA PARTE,ROTC,22/03/2027,CONFIRMADA,3353561,0,30/11/2025,30/11/2029,8.45,BANCO CENTRAL DE LA REPUBLICA DOMINICANA,BCENTRAL,64876
DO1002261423,NO301129,BCENTRAL/9.5 BOEST 20291130 GTIA,1030000,DOP,103,9.50158808,99.969687,21/09/2026,09:32:06 AM,ESTRUCTURADA,PRIMERA PARTE,ROTC,21/09/2026,CONFIRMADA,3353561,0,30/11/2025,30/11/2029,8.45,BANCO CENTRAL DE LA REPUBLICA DOMINICANA,BCENTRAL,65058
DO2016300124,BC1GUL01,GULFSTREAM/11.25 BO 20290528,146248,DOP,146248,10.5567945,101.550703,21/09/2026,09:32:05 AM,PRESTAMO,SEGUNDA PARTE,ROTC,21/10/2026,CONFIRMADA,3353611,0,28/05/2019,28/05/2029,7.6,GULFSTREAM PETROLEUM DOMINICANA S DE RL,GULFSTREAM,62174
DO2016300124,BC1GUL01,GULFSTREAM/11.25 BO 20290528,146248,DOP,146248,10.45813702,101.825779,21/09/2026,09:32:05 AM,PRESTAMO,PRIMERA PARTE,ROTC,21/09/2026,CONFIRMADA,3353611,0,28/05/2019,28/05/2029,7.6,GULFSTREAM PETROLEUM DOMINICANA S DE RL,GULFSTREAM,62678
DO2016300124,BC1GUL01,GULFSTREAM/11.25 BO 20290528,146248,DOP,146248,10.5567945,101.550703,21/09/2026,09:32:04 AM,ESTRUCTURADA,SEGUNDA PARTE,ROTC,21/10/2026,CONFIRMADA,3353566,0,28/05/2019,28/05/2029,7.6,GULFSTREAM PETROLEUM DOMINICANA S DE RL,GULFSTREAM,64267
DO2016300124,BC1GUL01,GULFSTREAM/11.25 BO 20290528,146248,DOP,146248,10.45813702,101.825779,21/09/2026,09:32:04 AM,ESTRUCTURADA,PRIMERA PARTE,ROTC,21/09/2026,CONFIRMADA,3353566,0,28/05/2019,28/05/2029,7.6,GULFSTREAM PETROLEUM DOMINICANA S DE RL,GULFSTREAM,64771
DO2016300124,BC1GUL01,GULFSTREAM/11.25 BO 20290528,88956,DOP,88956,10.64519859,101.31884,21/09/2026,09:32:03 AM,PRESTAMO,SEGUNDA PARTE,ROTC,20/11/2026,CONFIRMADA,3353610,0,28/05/2019,28/05/2029,7.85,GULFSTREAM PETROLEUM DOMINICANA S DE RL,GULFSTREAM,61712
DO2016300124,BC1GUL01,GULFSTREAM/11.25 BO 20290528,88956,DOP,88956,10.45793568,101.82625,21/09/2026,09:32:03 AM,PRESTAMO,PRIMERA PARTE,ROTC,21/09/2026,CONFIRMADA,3353610,0,28/05/2019,28/05/2029,7.85,GULFSTREAM PETROLEUM DOMINICANA S DE RL,GULFSTREAM,61824
DO2016300124,BC1GUL01,GULFSTREAM/11.25 BO 20290528,88956,DOP,88956,10.64519859,101.31884,21/09/2026,09:32:02 AM,ESTRUCTURADA,SEGUNDA PARTE,ROTC,20/11/2026,CONFIRMADA,3353570,0,28/05/2019,28/05/2029,7.85,GULFSTREAM PETROLEUM DOMINICANA S DE RL,GULFSTREAM,63805
DO2016300124,BC1GUL01,GULFSTREAM/11.25 BO 20290528,88956,DOP,88956,10.45793568,101.82625,21/09/2026,09:32:02 AM,ESTRUCTURADA,PRIMERA PARTE,ROTC,21/09/2026,CONFIRMADA,3353570,0,28/05/2019,28/05/2029,7.85,GULFSTREAM PETROLEUM DOMINICANA S DE RL,GULFSTREAM,63917
DO1002261423,NO301129,BCENTRAL/9.5 BOEST 20291130 GTIA,490000,DOP,49,9.13806109,100.933199,21/09/2026,09:32:01 AM,PRESTAMO,SEGUNDA PARTE,ROTC,20/11/2026,CONFIRMADA,3353609,0,30/11/2025,30/11/2029,7.9,BANCO CENTRAL DE LA REPUBLICA DOMINICANA,BCENTRAL,62349
DO1002261423,NO301129,BCENTRAL/9.5 BOEST 20291130 GTIA,490000,DOP,49,9.08151883,101.112055,21/09/2026,09:32:01 AM,PRESTAMO,PRIMERA PARTE,ROTC,21/09/2026,CONFIRMADA,3353609,0,30/11/2025,30/11/2029,7.9,BANCO CENTRAL DE LA REPUBLICA DOMINICANA,BCENTRAL,62377
DO1002261423,NO301129,BCENTRAL/9.5 BOEST 20291130 GTIA,490000,DOP,49,9.13806109,100.933199,21/09/2026,09:31:59 AM,ESTRUCTURADA,SEGUNDA PARTE,ROTC,20/11/2026,CONFIRMADA,3353573,0,30/11/2025,30/11/2029,7.9,BANCO CENTRAL DE LA REPUBLICA DOMINICANA,BCENTRAL,64533
DO1002261423,NO301129,BCENTRAL/9.5 BOEST 20291130 GTIA,490000,DOP,49,9.08151883,101.112055,21/09/2026,09:31:59 AM,ESTRUCTURADA,PRIMERA PARTE,ROTC,21/09/2026,CONFIRMADA,3353573,0,30/11/2025,30/11/2029,7.9,BANCO CENTRAL DE LA REPUBLICA DOMINICANA,BCENTRAL,64561
DO1002261423,NO301129,BCENTRAL/9.5 BOEST 20291130 GTIA,920000,DOP,92,9.4417203,100.144737,21/09/2026,09:31:58 AM,PRESTAMO,SEGUNDA PARTE,ROTC,20/11/2026,CONFIRMADA,3353608,0,30/11/2025,30/11/2029,7.95,BANCO CENTRAL DE LA REPUBLICA DOMINICANA,BCENTRAL,61957
DO1002261423,NO301129,BCENTRAL/9.5 BOEST 20291130 GTIA,920000,DOP,92,9.37016595,100.325346,21/09/2026,09:31:58 AM,PRESTAMO,PRIMERA PARTE,ROTC,21/09/2026,CONFIRMADA,3353608,0,30/11/2025,30/11/2029,7.95,BANCO CENTRAL DE LA REPUBLICA DOMINICANA,BCENTRAL,62496
DO1002261423,NO301129,BCENTRAL/9.5 BOEST 20291130 GTIA,920000,DOP,92,9.4417203,100.144737,21/09/2026,09:31:57 AM,ESTRUCTURADA,SEGUNDA PARTE,ROTC,20/11/2026,CONFIRMADA,3353574,0,30/11/2025,30/11/2029,7.95,BANCO CENTRAL DE LA REPUBLICA DOMINICANA,BCENTRAL,64050
DO1002261423,NO301129,BCENTRAL/9.5 BOEST 20291130 GTIA,920000,DOP,92,9.37016595,100.325346,21/09/2026,09:31:57 AM,ESTRUCTURADA,PRIMERA PARTE,ROTC,21/09/2026,CONFIRMADA,3353574,0,30/11/2025,30/11/2029,7.95,BANCO CENTRAL DE LA REPUBLICA DOMINICANA,BCENTRAL,64589
DO1002261423,NO301129,BCENTRAL/9.5 BOEST 20291130 GTIA,680000,DOP,68,9.12212609,100.97479,21/09/2026,09:31:56 AM,PRESTAMO,SEGUNDA PARTE,ROTC,20/11/2026,CONFIRMADA,3353607,0,30/11/2025,30/11/2029,7.9,BANCO CENTRAL DE LA REPUBLICA DOMINICANA,BCENTRAL,62069
DO1002261423,NO301129,BCENTRAL/9.5 BOEST 20291130 GTIA,680000,DOP,68,9.06653446,101.153105,21/09/2026,09:31:56 AM,PRESTAMO,PRIMERA PARTE,ROTC,21/09/2026,CONFIRMADA,3353607,0,30/11/2025,30/11/2029,7.9,BANCO CENTRAL DE LA REPUBLICA DOMINICANA,BCENTRAL,62461
DO1002261423,NO301129,BCENTRAL/9.5 BOEST 20291130 GTIA,680000,DOP,68,9.12212609,100.97479,21/09/2026,09:31:55 AM,ESTRUCTURADA,SEGUNDA PARTE,ROTC,20/11/2026,CONFIRMADA,3353577,0,30/11/2025,30/11/2029,7.9,BANCO CENTRAL DE LA REPUBLICA DOMINICANA,BCENTRAL,64162
DO1002261423,NO301129,BCENTRAL/9.5 BOEST 20291130 GTIA,680000,DOP,68,9.06653446,101.153105,21/09/2026,09:31:55 AM,ESTRUCTURADA,PRIMERA PARTE,ROTC,21/09/2026,CONFIRMADA,3353577,0,30/11/2025,30/11/2029,7.9,BANCO CENTRAL DE LA REPUBLICA DOMINICANA,BCENTRAL,64554
DO1005204412,MH12029,HACIENDA/11.375 BOEST 20290706 GTIA,11100000,DOP,111,8.16780528,107.398166,21/09/2026,09:31:54 AM,PRESTAMO,SEGUNDA PARTE,ROTC,20/11/2026,CONFIRMADA,3353606,0,06/07/2014,06/07/2029,8,MINISTERIO DE HACIENDA,HACIENDA,63819
DO1005204412,MH12029,HACIENDA/11.375 BOEST 20290706 GTIA,11100000,DOP,111,8.17606386,107.798718,21/09/2026,09:31:54 AM,PRESTAMO,PRIMERA PARTE,ROTC,21/09/2026,CONFIRMADA,3353606,0,06/07/2014,06/07/2029,8,MINISTERIO DE HACIENDA,HACIENDA,63987
DO1005204412,MH12029,HACIENDA/11.375 BOEST 20290706 GTIA,11100000,DOP,111,8.16780528,107.398166,21/09/2026,09:31:52 AM,ESTRUCTURADA,SEGUNDA PARTE,ROTC,20/11/2026,CONFIRMADA,3353578,0,06/07/2014,06/07/2029,8,MINISTERIO DE HACIENDA,HACIENDA,65905
DO1005204412,MH12029,HACIENDA/11.375 BOEST 20290706 GTIA,11100000,DOP,111,8.17606386,107.798718,21/09/2026,09:31:52 AM,ESTRUCTURADA,PRIMERA PARTE,ROTC,21/09/2026,CONFIRMADA,3353578,0,06/07/2014,06/07/2029,8,MINISTERIO DE HACIENDA,HACIENDA,66073
DO1002261928,LE090427,BCENTRAL/ LT 20270409 GTIA,340000,DOP,34,11.3192,94.195053,21/09/2026,09:31:51 AM,CONTADO,PRIMERA PARTE,ROTC,25/09/2026,CONFIRMADA,3353430,0,09/04/2026,09/04/2027,0,BANCO CENTRAL DE LA REPUBLICA DOMINICANA,BCENTRAL,57701
DO1002261423,NO301129,BCENTRAL/9.5 BOEST 20291130 GTIA,490000,DOP,49,9.03258599,101.20889,21/09/2026,09:31:51 AM,PRESTAMO,SEGUNDA PARTE,ROTC,20/11/2026,CONFIRMADA,3353605,0,30/11/2025,30/11/2029,7.95,BANCO CENTRAL DE LA REPUBLICA DOMINICANA,BCENTRAL,62090
DO1002261423,NO301129,BCENTRAL/9.5 BOEST 20291130 GTIA,490000,DOP,49,8.98545578,101.375582,21/09/2026,09:31:51 AM,PRESTAMO,PRIMERA PARTE,ROTC,21/09/2026,CONFIRMADA,3353605,0,30/11/2025,30/11/2029,7.95,BANCO CENTRAL DE LA REPUBLICA DOMINICANA,BCENTRAL,62629
DO1002261423,NO301129,BCENTRAL/9.5 BOEST 20291130 GTIA,490000,DOP,49,9.03258599,101.20889,21/09/2026,09:31:50 AM,ESTRUCTURADA,SEGUNDA PARTE,ROTC,20/11/2026,CONFIRMADA,3353579,0,30/11/2025,30/11/2029,7.95,BANCO CENTRAL DE LA REPUBLICA DOMINICANA,BCENTRAL,64183
DO1002261423,NO301129,BCENTRAL/9.5 BOEST 20291130 GTIA,490000,DOP,49,8.98545578,101.375582,21/09/2026,09:31:50 AM,ESTRUCTURADA,PRIMERA PARTE,ROTC,21/09/2026,CONFIRMADA,3353579,0,30/11/2025,30/11/2029,7.95,BANCO CENTRAL DE LA REPUBLICA DOMINICANA,BCENTRAL,64722
DO1002261423,NO301129,BCENTRAL/9.5 BOEST 20291130 GTIA,490000,DOP,49,9.44167373,100.109903,21/09/2026,09:31:49 AM,PRESTAMO,SEGUNDA PARTE,ROTC,22/03/2027,CONFIRMADA,3353604,0,30/11/2025,30/11/2029,8.4,BANCO CENTRAL DE LA REPUBLICA DOMINICANA,BCENTRAL,62419
DO1002261423,NO301129,BCENTRAL/9.5 BOEST 20291130 GTIA,490000,DOP,49,9.3187894,100.464812,21/09/2026,09:31:49 AM,PRESTAMO,PRIMERA PARTE,ROTC,21/09/2026,CONFIRMADA,3353604,0,30/11/2025,30/11/2029,8.4,BANCO CENTRAL DE LA REPUBLICA DOMINICANA,BCENTRAL,62230
DO1002261423,NO301129,BCENTRAL/9.5 BOEST 20291130 GTIA,490000,DOP,49,9.44167373,100.109903,21/09/2026,09:31:48 AM,ESTRUCTURADA,SEGUNDA PARTE,ROTC,22/03/2027,CONFIRMADA,3353580,0,30/11/2025,30/11/2029,8.4,BANCO CENTRAL DE LA REPUBLICA DOMINICANA,BCENTRAL,64512
DO1002261423,NO301129,BCENTRAL/9.5 BOEST 20291130 GTIA,490000,DOP,49,9.3187894,100.464812,21/09/2026,09:31:48 AM,ESTRUCTURADA,PRIMERA PARTE,ROTC,21/09/2026,CONFIRMADA,3353580,0,30/11/2025,30/11/2029,8.4,BANCO CENTRAL DE LA REPUBLICA DOMINICANA,BCENTRAL,64323
USP3579EBY25,BSRD2048,DOMINICAN REP/6.5 CHURCH BD UNSEC,2000,USD,2,6.2862,102.487,21/09/2026,09:31:28 AM,CONTADO,PRIMERA PARTE,ROTC,25/09/2026,CONFIRMADA,3353427,0,08/02/2018,15/02/2048,0,MINISTERIO DE HACIENDA,HACIENDA,61047
USP3579EBY25,BSRD2048,DOMINICAN REP/6.5 CHURCH BD UNSEC,52000,USD,52,5.9696,106.353577,21/09/2026,09:31:04 AM,CONTADO,PRIMERA PARTE,ROTC,23/09/2026,CONFIRMADA,3353424,0,08/02/2018,15/02/2048,0,MINISTERIO DE HACIENDA,HACIENDA,62923
USP3579EBY25,BSRD2048,DOMINICAN REP/6.5 CHURCH BD UNSEC,6000,USD,6,6.4584,100.470333,21/09/2026,09:30:30 AM,CONTADO,PRIMERA PARTE,ROTC,25/09/2026,CONFIRMADA,3353433,0,08/02/2018,15/02/2048,0,MINISTERIO DE HACIENDA,HACIENDA,62069
DO1002261928,LE090427,BCENTRAL/ LT 20270409 GTIA,1230000,DOP,123,8.7682,95.377215,21/09/2026,09:29:56 AM,CONTADO,PRIMERA PARTE,ROTC,22/09/2026,CONFIRMADA,3353418,0,09/04/2026,09/04/2027,0,BANCO CENTRAL DE LA REPUBLICA DOMINICANA,BCENTRAL,58205
DO1002261928,LE090427,BCENTRAL/ LT 20270409 GTIA,360000,DOP,36,9.8446,94.912828,21/09/2026,09:29:29 AM,CONTADO,PRIMERA PARTE,ROTC,25/09/2026,CONFIRMADA,3353436,0,09/04/2026,09/04/2027,0,BANCO CENTRAL DE LA REPUBLICA DOMINICANA,BCENTRAL,57624
DO1002261928,LE090427,BCENTRAL/ LT 20270409 GTIA,420000,DOP,42,7.4426,96.04849,21/09/2026,09:29:08 AM,CONTADO,PRIMERA PARTE,ROTC,22/09/2026,CONFIRMADA,3353415,0,09/04/2026,09/04/2027,0,BANCO CENTRAL DE LA REPUBLICA DOMINICANA,BCENTRAL,57127
DO1002261928,LE090427,BCENTRAL/ LT 20270409 GTIA,140000,DOP,14,10.47,94.503086,21/09/2026,09:28:42 AM,CONTADO,PRIMERA PARTE,ROTC,21/09/2026,CONFIRMADA,3353397,0,09/04/2026,09/04/2027,0,BANCO CENTRAL DE LA REPUBLICA DOMINICANA,BCENTRAL,56973
DO1002261928,LE090427,BCENTRAL/ LT 20270409 GTIA,2400000,DOP,240,7.983,95.773675,21/09/2026,09:28:18 AM,CONTADO,PRIMERA PARTE,ROTC,22/09/2026,CONFIRMADA,3353412,0,09/04/2026,09/04/2027,0,BANCO CENTRAL DE LA REPUBLICA DOMINICANA,BCENTRAL,57890
DO1002261928,LE090427,BCENTRAL/ LT 20270409 GTIA,580000,DOP,58,7.0999,96.205276,21/09/2026,09:27:59 AM,CONTADO,PRIMERA PARTE,ROTC,21/09/2026,CONFIRMADA,3353394,0,09/04/2026,09/04/2027,0,BANCO CENTRAL DE LA REPUBLICA DOMINICANA,BCENTRAL,57638
USP3579EBY25,BSRD2048,DOMINICAN REP/6.5 CHURCH BD UNSEC,7000,USD,7,0,100.997857,21/09/2026,09:27:16 AM,PLAZO,PRIMERA PARTE,ROTC,22/10/2026,CONFIRMADA,3353411,0,08/02/2018,15/02/2048,0,MINISTERIO DE HACIENDA,HACIENDA,59486
USP3579EBY25,BSRD2048,DOMINICAN REP/6.5 CHURCH BD UNSEC,7000,USD,7,0,100.997857,21/09/2026,09:27:15 AM,PRESTAMO,SEGUNDA PARTE,ROTC,22/10/2026,CONFIRMADA,3353410,0,08/02/2018,15/02/2048,0.985669,MINISTERIO DE HACIENDA,HACIENDA,61019
USP3579EBY25,BSRD2048,DOMINICAN REP/6.5 CHURCH BD UNSEC,7000,USD,7,6.3956,101.200143,21/09/2026,09:27:15 AM,PRESTAMO,PRIMERA PARTE,ROTC,22/09/2026,CONFIRMADA,3353410,0,08/02/2018,15/02/2048,0.985669,MINISTERIO DE HACIENDA,HACIENDA,62769
DO1002261928,LE090427,BCENTRAL/ LT 20270409 GTIA,70000,DOP,7,0,93.794743,21/09/2026,09:27:14 AM,PLAZO,PRIMERA PARTE,ROTC,20/01/2027,CONFIRMADA,3353408,0,09/04/2026,09/04/2027,0,BANCO CENTRAL DE LA REPUBLICA DOMINICANA,BCENTRAL,54012
DO1002261928,LE090427,BCENTRAL/ LT 20270409 GTIA,70000,DOP,7,0,93.794743,21/09/2026,09:27:12 AM,PRESTAMO,SEGUNDA PARTE,ROTC,20/01/2027,CONFIRMADA,3353407,0,09/04/2026,09/04/2027,2.707965,BANCO CENTRAL DE LA REPUBLICA DOMINICANA,BCENTRAL,55538
DO1002261928,LE090427,BCENTRAL/ LT 20270409 GTIA,70000,DOP,7,17.3365,91.254814,21/09/2026,09:27:12 AM,PRESTAMO,PRIMERA PARTE,ROTC,22/09/2026,CONFIRMADA,3353407,0,09/04/2026,09/04/2027,2.707965,BANCO CENTRAL DE LA REPUBLICA DOMINICANA,BCENTRAL,57757
DO1002261928,LE090427,BCENTRAL/ LT 20270409 GTIA,330000,DOP,33,0,99.078961,21/09/2026,09:27:11 AM,PLAZO,PRIMERA PARTE,ROTC,19/01/2027,CONFIRMADA,3353405,0,09/04/2026,09/04/2027,0,BANCO CENTRAL DE LA REPUBLICA DOMINICANA,BCENTRAL,54726
DO1002261928,LE090427,BCENTRAL/ LT 20270409 GTIA,330000,DOP,33,0,99.078961,21/09/2026,09:27:10 AM,PRESTAMO,SEGUNDA PARTE,ROTC,19/01/2027,CONFIRMADA,3353404,0,09/04/2026,09/04/2027,2.707963,BANCO CENTRAL DE LA REPUBLICA DOMINICANA,BCENTRAL,56259
DO1002261928,LE090427,BCENTRAL/ LT 20270409 GTIA,330000,DOP,33,6.7299,96.395939,21/09/2026,09:27:10 AM,PRESTAMO,PRIMERA PARTE,ROTC,21/09/2026,CONFIRMADA,3353404,0,09/04/2026,09/04/2027,2.707963,BANCO CENTRAL DE LA REPUBLICA DOMINICANA,BCENTRAL,58247
DO1002261928,LE090427,BCENTRAL/ LT 20270409 GTIA,270000,DOP,27,0,95.351289,21/09/2026,09:27:09 AM,PLAZO,PRIMERA PARTE,ROTC,21/10/2026,CONFIRMADA,3353402,0,09/04/2026,09/04/2027,0,BANCO CENTRAL DE LA REPUBLICA DOMINICANA,BCENTRAL,54712
DO1002261928,LE090427,BCENTRAL/ LT 20270409 GTIA,270000,DOP,27,0,95.351289,21/09/2026,09:27:08 AM,PRESTAMO,SEGUNDA PARTE,ROTC,21/10/2026,CONFIRMADA,3353401,0,09/04/2026,09/04/2027,0.670472,BANCO CENTRAL DE LA REPUBLICA DOMINICANA,BCENTRAL,56245
DO1002261928,LE090427,BCENTRAL/ LT 20270409 GTIA,270000,DOP,27,10.0499,94.711985,21/09/2026,09:27:08 AM,PRESTAMO,PRIMERA PARTE,ROTC,21/09/2026,CONFIRMADA,3353401,0,09/04/2026,09/04/2027,0.670472,BANCO CENTRAL DE LA REPUBLICA DOMINICANA,BCENTRAL,58541
DO1002261928,LE090427,BCENTRAL/ LT 20270409 GTIA,220000,DOP,22,6.5782,97.557755,21/09/2026,09:27:06 AM,PLAZO,PRIMERA PARTE,ROTC,23/11/2026,CONFIRMADA,3353393,0,09/04/2026,09/04/2027,0,BANCO CENTRAL DE LA REPUBLICA DOMINICANA,BCENTRAL,56560
DO1002261928,LE090427,BCENTRAL/ LT 20270409 GTIA,220000,DOP,22,6.5782,97.557755,21/09/2026,09:27:05 AM,PRESTAMO,SEGUNDA PARTE,ROTC,23/11/2026,CONFIRMADA,3353392,0,09/04/2026,09/04/2027,1.406193,BANCO CENTRAL DE LA REPUBLICA DOMINICANA,BCENTRAL,58093
DO1002261928,LE090427,BCENTRAL/ LT 20270409 GTIA,220000,DOP,22,7.1376,96.185905,21/09/2026,09:27:05 AM,PRESTAMO,PRIMERA PARTE,ROTC,21/09/2026,CONFIRMADA,3353392,0,09/04/2026,09/04/2027,1.406193,BANCO CENTRAL DE LA REPUBLICA DOMINICANA,BCENTRAL,58114
DO1002261928,LE090427,BCENTRAL/ LT 20270409 GTIA,1110000,DOP,111,0,96.594182,21/09/2026,09:27:04 AM,PLAZO,PRIMERA PARTE,ROTC,21/10/2026,CONFIRMADA,3353390,0,09/04/2026,09/04/2027,0,BANCO CENTRAL DE LA REPUBLICA DOMINICANA,BCENTRAL,55279
DO1002261928,LE090427,BCENTRAL/ LT 20270409 GTIA,1110000,DOP,111,0,96.594182,21/09/2026,09:27:03 AM,PRESTAMO,SEGUNDA PARTE,ROTC,21/10/2026,CONFIRMADA,3353389,0,09/04/2026,09/04/2027,0.670474,BANCO CENTRAL DE LA REPUBLICA DOMINICANA,BCENTRAL,56812
DO1002261928,LE090427,BCENTRAL/ LT 20270409 GTIA,1110000,DOP,111,7.6045,95.946543,21/09/2026,09:27:03 AM,PRESTAMO,PRIMERA PARTE,ROTC,21/09/2026,CONFIRMADA,3353389,0,09/04/2026,09/04/2027,0.670474,BANCO CENTRAL DE LA REPUBLICA DOMINICANA,BCENTRAL,58758
DO1002261928,LE090427,BCENTRAL/ LT 20270409 GTIA,90000,DOP,9,12.6015,95.423867,21/09/2026,09:27:01 AM,PLAZO,PRIMERA PARTE,ROTC,23/11/2026,CONFIRMADA,3353387,0,09/04/2026,09/04/2027,0,BANCO CENTRAL DE LA REPUBLICA DOMINICANA,BCENTRAL,56126
DO1002261928,LE090427,BCENTRAL/ LT 20270409 GTIA,90000,DOP,9,12.6015,95.423867,21/09/2026,09:27:00 AM,PRESTAMO,SEGUNDA PARTE,ROTC,23/11/2026,CONFIRMADA,3353386,0,09/04/2026,09/04/2027,1.406205,BANCO CENTRAL DE LA REPUBLICA DOMINICANA,BCENTRAL,57659
DO1002261928,LE090427,BCENTRAL/ LT 20270409 GTIA,90000,DOP,9,11.3224,94.082011,21/09/2026,09:27:00 AM,PRESTAMO,PRIMERA PARTE,ROTC,21/09/2026,CONFIRMADA,3353386,0,09/04/2026,09/04/2027,1.406205,BANCO CENTRAL DE LA REPUBLICA DOMINICANA,BCENTRAL,57610
DO1002261928,LE090427,BCENTRAL/ LT 20270409 GTIA,1280000,DOP,128,7.4816,97.5075,21/09/2026,09:26:59 AM,PLAZO,PRIMERA PARTE,ROTC,07/12/2026,CONFIRMADA,3353351,0,09/04/2026,09/04/2027,0,BANCO CENTRAL DE LA REPUBLICA DOMINICANA,BCENTRAL,56595
DO1002261928,LE090427,BCENTRAL/ LT 20270409 GTIA,1280000,DOP,128,7.4816,97.5075,21/09/2026,09:26:58 AM,PRESTAMO,SEGUNDA PARTE,ROTC,07/12/2026,CONFIRMADA,3353350,0,09/04/2026,09/04/2027,1.733986,BANCO CENTRAL DE LA REPUBLICA DOMINICANA,BCENTRAL,58128
DO1002261928,LE090427,BCENTRAL/ LT 20270409 GTIA,1280000,DOP,128,7.8586,95.816734,21/09/2026,09:26:58 AM,PRESTAMO,PRIMERA PARTE,ROTC,21/09/2026,CONFIRMADA,3353350,0,09/04/2026,09/04/2027,1.733986,BANCO CENTRAL DE LA REPUBLICA DOMINICANA,BCENTRAL,59003
DO1002261928,LE090427,BCENTRAL/ LT 20270409 GTIA,1640000,DOP,164,7.7199,97.065129,21/09/2026,09:26:56 AM,PLAZO,PRIMERA PARTE,ROTC,19/11/2026,CONFIRMADA,3353348,0,09/04/2026,09/04/2027,0,BANCO CENTRAL DE LA REPUBLICA DOMINICANA,BCENTRAL,57351
DO1002261928,LE090427,BCENTRAL/ LT 20270409 GTIA,1640000,DOP,164,7.7199,97.065129,21/09/2026,09:26:55 AM,PRESTAMO,SEGUNDA PARTE,ROTC,19/11/2026,CONFIRMADA,3353347,0,09/04/2026,09/04/2027,1.318088,BANCO CENTRAL DE LA REPUBLICA DOMINICANA,BCENTRAL,58884
DO1002261928,LE090427,BCENTRAL/ LT 20270409 GTIA,1640000,DOP,164,7.9194,95.785724,21/09/2026,09:26:55 AM,PRESTAMO,PRIMERA PARTE,ROTC,21/09/2026,CONFIRMADA,3353347,0,09/04/2026,09/04/2027,1.318088,BANCO CENTRAL DE LA REPUBLICA DOMINICANA,BCENTRAL,58982
DO1005205617,MH12027,HACIENDA/11.25 BOEST 20270205 GTIA,300000,DOP,3,-33.237,115.077923,21/09/2026,09:26:54 AM,PLAZO,PRIMERA PARTE,ROTC,21/10/2026,CONFIRMADA,3353345,0,05/08/2016,05/02/2027,0,MINISTERIO DE HACIENDA,HACIENDA,59297
DO1005205617,MH12027,HACIENDA/11.25 BOEST 20270205 GTIA,300000,DOP,3,-33.237,115.077923,21/09/2026,09:26:53 AM,PRESTAMO,SEGUNDA PARTE,ROTC,21/10/2026,CONFIRMADA,3353344,0,05/08/2016,05/02/2027,1.903866,MINISTERIO DE HACIENDA,HACIENDA,60830
DO1005205617,MH12027,HACIENDA/11.25 BOEST 20270205 GTIA,300000,DOP,3,-24.891,115.215097,21/09/2026,09:26:53 AM,PRESTAMO,PRIMERA PARTE,ROTC,21/09/2026,CONFIRMADA,3353344,0,05/08/2016,05/02/2027,1.903866,MINISTERIO DE HACIENDA,HACIENDA,60963
DO1002261928,LE090427,BCENTRAL/ LT 20270409 GTIA,310000,DOP,31,4.786,98.211232,21/09/2026,09:26:51 AM,PLAZO,PRIMERA PARTE,ROTC,23/11/2026,CONFIRMADA,3353342,0,09/04/2026,09/04/2027,0,BANCO CENTRAL DE LA REPUBLICA DOMINICANA,BCENTRAL,56042
DO1002261928,LE090427,BCENTRAL/ LT 20270409 GTIA,310000,DOP,31,4.786,98.211232,21/09/2026,09:26:50 AM,PRESTAMO,SEGUNDA PARTE,ROTC,23/11/2026,CONFIRMADA,3353341,0,09/04/2026,09/04/2027,1.465695,BANCO CENTRAL DE LA REPUBLICA DOMINICANA,BCENTRAL,57575
DO1002261928,LE090427,BCENTRAL/ LT 20270409 GTIA,310000,DOP,31,6.0047,96.771755,21/09/2026,09:26:50 AM,PRESTAMO,PRIMERA PARTE,ROTC,21/09/2026,CONFIRMADA,3353341,0,09/04/2026,09/04/2027,1.465695,BANCO CENTRAL DE LA REPUBLICA DOMINICANA,BCENTRAL,58086
DO1002261928,LE090427,BCENTRAL/ LT 20270409 GTIA,220000,DOP,22,7.1376,96.185905,21/09/2026,09:26:08 AM,CONTADO,PRIMERA PARTE,ROTC,21/09/2026,CONFIRMADA,3353391,0,09/04/2026,09/04/2027,0,BANCO CENTRAL DE LA REPUBLICA DOMINICANA,BCENTRAL,57435
DO1002261928,LE090427,BCENTRAL/ LT 20270409 GTIA,1260000,DOP,126,7.6404,95.967221,21/09/2026,09:25:39 AM,CONTADO,PRIMERA PARTE,ROTC,23/09/2026,CONFIRMADA,3353421,0,09/04/2026,09/04/2027,0,BANCO CENTRAL DE LA REPUBLICA DOMINICANA,BCENTRAL,58177
DO1002261928,LE090427,BCENTRAL/ LT 20270409 GTIA,270000,DOP,27,10.0499,94.711985,21/09/2026,09:25:15 AM,CONTADO,PRIMERA PARTE,ROTC,21/09/2026,CONFIRMADA,3353400,0,09/04/2026,09/04/2027,0,BANCO CENTRAL DE LA REPUBLICA DOMINICANA,BCENTRAL,57820
DO1002261928,LE090427,BCENTRAL/ LT 20270409 GTIA,1110000,DOP,111,7.6045,95.946543,21/09/2026,09:24:48 AM,CONTADO,PRIMERA PARTE,ROTC,21/09/2026,CONFIRMADA,3353388,0,09/04/2026,09/04/2027,0,BANCO CENTRAL DE LA REPUBLICA DOMINICANA,BCENTRAL,58107
DO1002261423,NO301129,BCENTRAL/9.5 BOEST 20291130 GTIA,510000,DOP,51,8.89825613,101.585801,21/09/2026,09:24:32 AM,PRESTAMO,SEGUNDA PARTE,ROTC,21/10/2026,CONFIRMADA,3353576,0,30/11/2025,30/11/2029,8.85,BANCO CENTRAL DE LA REPUBLICA DOMINICANA,BCENTRAL,62335
DO1002261423,NO301129,BCENTRAL/9.5 BOEST 20291130 GTIA,510000,DOP,51,8.90776673,101.589332,21/09/2026,09:24:32 AM,PRESTAMO,PRIMERA PARTE,ROTC,21/09/2026,CONFIRMADA,3353576,0,30/11/2025,30/11/2029,8.85,BANCO CENTRAL DE LA REPUBLICA DOMINICANA,BCENTRAL,62496
DO1002261423,NO301129,BCENTRAL/9.5 BOEST 20291130 GTIA,510000,DOP,51,8.89825613,101.585801,21/09/2026,09:24:30 AM,ESTRUCTURADA,SEGUNDA PARTE,ROTC,21/10/2026,CONFIRMADA,3353545,0,30/11/2025,30/11/2029,8.85,BANCO CENTRAL DE LA REPUBLICA DOMINICANA,BCENTRAL,64421
DO1002261423,NO301129,BCENTRAL/9.5 BOEST 20291130 GTIA,510000,DOP,51,8.90776673,101.589332,21/09/2026,09:24:30 AM,ESTRUCTURADA,PRIMERA PARTE,ROTC,21/09/2026,CONFIRMADA,3353545,0,30/11/2025,30/11/2029,8.85,BANCO CENTRAL DE LA REPUBLICA DOMINICANA,BCENTRAL,64582
DO2006901311,BC1ITA01,EGEITABO/5.65 BO 20311208,1954,USD,1954,4.82986237,103.65572,21/09/2026,09:24:29 AM,PRESTAMO,SEGUNDA PARTE,ROTC,20/11/2026,CONFIRMADA,3353575,0,08/12/2021,08/12/2031,4.2,"EMPRESA GENERADORA DE ELECTRICIDAD ITABO, S.A.",EGEITABO,58912
DO2006901311,BC1ITA01,EGEITABO/5.65 BO 20311208,1954,USD,1954,4.80952843,103.856085,21/09/2026,09:24:29 AM,PRESTAMO,PRIMERA PARTE,ROTC,21/09/2026,CONFIRMADA,3353575,0,08/12/2021,08/12/2031,4.2,"EMPRESA GENERADORA DE ELECTRICIDAD ITABO, S.A.",EGEITABO,59374
DO2006901311,BC1ITA01,EGEITABO/5.65 BO 20311208,1954,USD,1954,4.82986237,103.65572,21/09/2026,09:24:28 AM,ESTRUCTURADA,SEGUNDA PARTE,ROTC,20/11/2026,CONFIRMADA,3353546,0,08/12/2021,08/12/2031,4.2,"EMPRESA GENERADORA DE ELECTRICIDAD ITABO, S.A.",EGEITABO,61005
DO2006901311,BC1ITA01,EGEITABO/5.65 BO 20311208,1954,USD,1954,4.80952843,103.856085,21/09/2026,09:24:28 AM,ESTRUCTURADA,PRIMERA PARTE,ROTC,21/09/2026,CONFIRMADA,3353546,0,08/12/2021,08/12/2031,4.2,"EMPRESA GENERADORA DE ELECTRICIDAD ITABO, S.A.",EGEITABO,61467
DO1002261928,LE090427,BCENTRAL/ LT 20270409 GTIA,1280000,DOP,128,7.8586,95.816734,21/09/2026,09:24:23 AM,CONTADO,PRIMERA PARTE,ROTC,21/09/2026,CONFIRMADA,3353349,0,09/04/2026,09/04/2027,0,BANCO CENTRAL DE LA REPUBLICA DOMINICANA,BCENTRAL,58240
DO1002261928,LE090427,BCENTRAL/ LT 20270409 GTIA,1640000,DOP,164,7.9194,95.785724,21/09/2026,09:23:59 AM,CONTADO,PRIMERA PARTE,ROTC,21/09/2026,CONFIRMADA,3353346,0,09/04/2026,09/04/2027,0,BANCO CENTRAL DE LA REPUBLICA DOMINICANA,BCENTRAL,58296
DO1002261928,LE090427,BCENTRAL/ LT 20270409 GTIA,330000,DOP,33,6.7299,96.395939,21/09/2026,09:23:36 AM,CONTADO,PRIMERA PARTE,ROTC,21/09/2026,CONFIRMADA,3353403,0,09/04/2026,09/04/2027,0,BANCO CENTRAL DE LA REPUBLICA DOMINICANA,BCENTRAL,57582
DO1002261928,LE090427,BCENTRAL/ LT 20270409 GTIA,70000,DOP,7,17.3365,91.254814,21/09/2026,09:23:13 AM,CONTADO,PRIMERA PARTE,ROTC,22/09/2026,CONFIRMADA,3353406,0,09/04/2026,09/04/2027,0,BANCO CENTRAL DE LA REPUBLICA DOMINICANA,BCENTRAL,57043
USP3579EBY25,BSRD2048,DOMINICAN REP/6.5 CHURCH BD UNSEC,7000,USD,7,6.3956,101.200143,21/09/2026,09:22:48 AM,CONTADO,PRIMERA PARTE,ROTC,22/09/2026,CONFIRMADA,3353409,0,08/02/2018,15/02/2048,0,MINISTERIO DE HACIENDA,HACIENDA,62083
DO1005205617,MH12027,HACIENDA/11.25 BOEST 20270205 GTIA,300000,DOP,3,-24.891,115.215097,21/09/2026,09:21:29 AM,CONTADO,PRIMERA PARTE,ROTC,21/09/2026,CONFIRMADA,3353343,0,05/08/2016,05/02/2027,0,MINISTERIO DE HACIENDA,HACIENDA,60256
DO1002261928,LE090427,BCENTRAL/ LT 20270409 GTIA,310000,DOP,31,6.0047,96.771755,21/09/2026,09:20:46 AM,CONTADO,PRIMERA PARTE,ROTC,21/09/2026,CONFIRMADA,3353340,0,09/04/2026,09/04/2027,0,BANCO CENTRAL DE LA REPUBLICA DOMINICANA,BCENTRAL,57386
DO1002261423,NO301129,BCENTRAL/9.5 BOEST 20291130 GTIA,790000,DOP,79,8.9091079,101.532837,21/09/2026,09:20:00 AM,PRESTAMO,SEGUNDA PARTE,ROTC,20/11/2026,CONFIRMADA,3353528,0,30/11/2025,30/11/2029,7.95,BANCO CENTRAL DE LA REPUBLICA DOMINICANA,BCENTRAL,62034
DO1002261423,NO301129,BCENTRAL/9.5 BOEST 20291130 GTIA,790000,DOP,79,8.86932986,101.695293,21/09/2026,09:20:00 AM,PRESTAMO,PRIMERA PARTE,ROTC,21/09/2026,CONFIRMADA,3353528,0,30/11/2025,30/11/2029,7.95,BANCO CENTRAL DE LA REPUBLICA DOMINICANA,BCENTRAL,62643
DO1002261423,NO301129,BCENTRAL/9.5 BOEST 20291130 GTIA,790000,DOP,79,8.9091079,101.532837,21/09/2026,09:19:59 AM,ESTRUCTURADA,SEGUNDA PARTE,ROTC,20/11/2026,CONFIRMADA,3353487,0,30/11/2025,30/11/2029,7.95,BANCO CENTRAL DE LA REPUBLICA DOMINICANA,BCENTRAL,64288
DO1002261423,NO301129,BCENTRAL/9.5 BOEST 20291130 GTIA,790000,DOP,79,8.86932986,101.695293,21/09/2026,09:19:59 AM,ESTRUCTURADA,PRIMERA PARTE,ROTC,21/09/2026,CONFIRMADA,3353487,0,30/11/2025,30/11/2029,7.95,BANCO CENTRAL DE LA REPUBLICA DOMINICANA,BCENTRAL,64897
DO1005213025,MH22031,HACIENDA/10.25 BOEST 20310209 GTIA,7500000,DOP,75,8.7254,105.365071,21/09/2026,09:18:52 AM,PRESTAMO,SEGUNDA PARTE,ROTC,21/10/2026,CONFIRMADA,3353335,0,09/02/2024,09/02/2031,1.823419,MINISTERIO DE HACIENDA,HACIENDA,61222
DO1005213025,MH22031,HACIENDA/10.25 BOEST 20310209 GTIA,7500000,DOP,75,8.727,105.456445,21/09/2026,09:18:52 AM,PRESTAMO,PRIMERA PARTE,ROTC,21/09/2026,CONFIRMADA,3353335,0,09/02/2024,09/02/2031,1.823419,MINISTERIO DE HACIENDA,HACIENDA,61033
DO1005213025,MH22031,HACIENDA/10.25 BOEST 20310209 GTIA,7500000,DOP,75,8.7254,105.365071,21/09/2026,09:18:50 AM,PLAZO,PRIMERA PARTE,ROTC,21/10/2026,CONFIRMADA,3353336,0,09/02/2024,09/02/2031,0,MINISTERIO DE HACIENDA,HACIENDA,59668
DO1002261928,LE090427,BCENTRAL/ LT 20270409 GTIA,690000,DOP,69,0,95.95898,21/09/2026,09:18:49 AM,PRESTAMO,SEGUNDA PARTE,ROTC,21/10/2026,CONFIRMADA,3353338,0,09/04/2026,09/04/2027,0.670474,BANCO CENTRAL DE LA REPUBLICA DOMINICANA,BCENTRAL,56105
DO1002261928,LE090427,BCENTRAL/ LT 20270409 GTIA,690000,DOP,69,8.8463,95.3156,21/09/2026,09:18:49 AM,PRESTAMO,PRIMERA PARTE,ROTC,21/09/2026,CONFIRMADA,3353338,0,09/04/2026,09/04/2027,0.670474,BANCO CENTRAL DE LA REPUBLICA DOMINICANA,BCENTRAL,57589
DO1002261928,LE090427,BCENTRAL/ LT 20270409 GTIA,690000,DOP,69,0,95.95898,21/09/2026,09:18:48 AM,PLAZO,PRIMERA PARTE,ROTC,21/10/2026,CONFIRMADA,3353339,0,09/04/2026,09/04/2027,0,BANCO CENTRAL DE LA REPUBLICA DOMINICANA,BCENTRAL,54558
DO1002261928,LE090427,BCENTRAL/ LT 20270409 GTIA,510000,DOP,51,7.4067,96.62061,21/09/2026,09:18:47 AM,PRESTAMO,SEGUNDA PARTE,ROTC,21/10/2026,CONFIRMADA,3353353,0,09/04/2026,09/04/2027,0.670474,BANCO CENTRAL DE LA REPUBLICA DOMINICANA,BCENTRAL,57638
DO1002261928,LE090427,BCENTRAL/ LT 20270409 GTIA,510000,DOP,51,7.5532,95.972794,21/09/2026,09:18:47 AM,PRESTAMO,PRIMERA PARTE,ROTC,21/09/2026,CONFIRMADA,3353353,0,09/04/2026,09/04/2027,0.670474,BANCO CENTRAL DE LA REPUBLICA DOMINICANA,BCENTRAL,58233
DO1002261928,LE090427,BCENTRAL/ LT 20270409 GTIA,510000,DOP,51,7.4067,96.62061,21/09/2026,09:18:45 AM,PLAZO,PRIMERA PARTE,ROTC,21/10/2026,CONFIRMADA,3353354,0,09/04/2026,09/04/2027,0,BANCO CENTRAL DE LA REPUBLICA DOMINICANA,BCENTRAL,56084
DO1002261928,LE090427,BCENTRAL/ LT 20270409 GTIA,200000,DOP,20,3.8405,99.808345,21/09/2026,09:18:44 AM,PRESTAMO,SEGUNDA PARTE,ROTC,22/03/2027,CONFIRMADA,3353356,0,09/04/2026,09/04/2027,4.096927,BANCO CENTRAL DE LA REPUBLICA DOMINICANA,BCENTRAL,58009
DO1002261928,LE090427,BCENTRAL/ LT 20270409 GTIA,200000,DOP,20,8.0499,95.71927,21/09/2026,09:18:44 AM,PRESTAMO,PRIMERA PARTE,ROTC,21/09/2026,CONFIRMADA,3353356,0,09/04/2026,09/04/2027,4.096927,BANCO CENTRAL DE LA REPUBLICA DOMINICANA,BCENTRAL,57792
DO1002261928,LE090427,BCENTRAL/ LT 20270409 GTIA,200000,DOP,20,3.8405,99.808345,21/09/2026,09:18:43 AM,PLAZO,PRIMERA PARTE,ROTC,22/03/2027,CONFIRMADA,3353357,0,09/04/2026,09/04/2027,0,BANCO CENTRAL DE LA REPUBLICA DOMINICANA,BCENTRAL,56462
DO1002261928,LE090427,BCENTRAL/ LT 20270409 GTIA,1160000,DOP,116,0,95.793641,21/09/2026,09:18:42 AM,PRESTAMO,SEGUNDA PARTE,ROTC,21/10/2026,CONFIRMADA,3353359,0,09/04/2026,09/04/2027,0.670474,BANCO CENTRAL DE LA REPUBLICA DOMINICANA,BCENTRAL,56903
DO1002261928,LE090427,BCENTRAL/ LT 20270409 GTIA,1160000,DOP,116,9.1723,95.15137,21/09/2026,09:18:42 AM,PRESTAMO,PRIMERA PARTE,ROTC,21/09/2026,CONFIRMADA,3353359,0,09/04/2026,09/04/2027,0.670474,BANCO CENTRAL DE LA REPUBLICA DOMINICANA,BCENTRAL,58415
DO1002261928,LE090427,BCENTRAL/ LT 20270409 GTIA,1160000,DOP,116,0,95.793641,21/09/2026,09:18:40 AM,PLAZO,PRIMERA PARTE,ROTC,21/10/2026,CONFIRMADA,3353360,0,09/04/2026,09/04/2027,0,BANCO CENTRAL DE LA REPUBLICA DOMINICANA,BCENTRAL,55349
DO1002261928,LE090427,BCENTRAL/ LT 20270409 GTIA,70000,DOP,7,-5.3591,102.596371,21/09/2026,09:18:39 AM,PRESTAMO,SEGUNDA PARTE,ROTC,21/10/2026,CONFIRMADA,3353362,0,09/04/2026,09/04/2027,0.670478,BANCO CENTRAL DE LA REPUBLICA DOMINICANA,BCENTRAL,57995
DO1002261928,LE090427,BCENTRAL/ LT 20270409 GTIA,70000,DOP,7,-3.3709,101.908486,21/09/2026,09:18:39 AM,PRESTAMO,PRIMERA PARTE,ROTC,21/09/2026,CONFIRMADA,3353362,0,09/04/2026,09/04/2027,0.670478,BANCO CENTRAL DE LA REPUBLICA DOMINICANA,BCENTRAL,58128
DO1002261928,LE090427,BCENTRAL/ LT 20270409 GTIA,70000,DOP,7,-5.3591,102.596371,21/09/2026,09:18:38 AM,PLAZO,PRIMERA PARTE,ROTC,21/10/2026,CONFIRMADA,3353363,0,09/04/2026,09/04/2027,0,BANCO CENTRAL DE LA REPUBLICA DOMINICANA,BCENTRAL,56448
USP3579EBY25,BSRD2048,DOMINICAN REP/6.5 CHURCH BD UNSEC,1000,USD,1,3.9773,136.024,21/09/2026,09:18:37 AM,PRESTAMO,SEGUNDA PARTE,ROTC,21/10/2026,CONFIRMADA,3353365,0,08/02/2018,15/02/2048,0.806028,MINISTERIO DE HACIENDA,HACIENDA,61607
USP3579EBY25,BSRD2048,DOMINICAN REP/6.5 CHURCH BD UNSEC,1000,USD,1,3.9777,136.11,21/09/2026,09:18:37 AM,PRESTAMO,PRIMERA PARTE,ROTC,21/09/2026,CONFIRMADA,3353365,0,08/02/2018,15/02/2048,0.806028,MINISTERIO DE HACIENDA,HACIENDA,61390
USP3579EBY25,BSRD2048,DOMINICAN REP/6.5 CHURCH BD UNSEC,1000,USD,1,3.9773,136.024,21/09/2026,09:18:35 AM,PLAZO,PRIMERA PARTE,ROTC,21/10/2026,CONFIRMADA,3353366,0,08/02/2018,15/02/2048,0,MINISTERIO DE HACIENDA,HACIENDA,60053
DO1002261928,LE090427,BCENTRAL/ LT 20270409 GTIA,100000,DOP,10,-3.6886,101.42369,21/09/2026,09:18:34 AM,PRESTAMO,SEGUNDA PARTE,ROTC,23/11/2026,CONFIRMADA,3353368,0,09/04/2026,09/04/2027,1.40619,BANCO CENTRAL DE LA REPUBLICA DOMINICANA,BCENTRAL,58233
DO1002261928,LE090427,BCENTRAL/ LT 20270409 GTIA,100000,DOP,10,0.0045,99.99748,21/09/2026,09:18:34 AM,PRESTAMO,PRIMERA PARTE,ROTC,21/09/2026,CONFIRMADA,3353368,0,09/04/2026,09/04/2027,1.40619,BANCO CENTRAL DE LA REPUBLICA DOMINICANA,BCENTRAL,57729
DO1002261928,LE090427,BCENTRAL/ LT 20270409 GTIA,100000,DOP,10,-3.6886,101.42369,21/09/2026,09:18:33 AM,PLAZO,PRIMERA PARTE,ROTC,23/11/2026,CONFIRMADA,3353369,0,09/04/2026,09/04/2027,0,BANCO CENTRAL DE LA REPUBLICA DOMINICANA,BCENTRAL,56686
DO1002261928,LE090427,BCENTRAL/ LT 20270409 GTIA,210000,DOP,21,5.6541,97.399429,21/09/2026,09:18:32 AM,PRESTAMO,SEGUNDA PARTE,ROTC,21/10/2026,CONFIRMADA,3353371,0,09/04/2026,09/04/2027,0.670474,BANCO CENTRAL DE LA REPUBLICA DOMINICANA,BCENTRAL,58023
DO1002261928,LE090427,BCENTRAL/ LT 20270409 GTIA,210000,DOP,21,6.0535,96.74639,21/09/2026,09:18:32 AM,PRESTAMO,PRIMERA PARTE,ROTC,21/09/2026,CONFIRMADA,3353371,0,09/04/2026,09/04/2027,0.670474,BANCO CENTRAL DE LA REPUBLICA DOMINICANA,BCENTRAL,57736
DO1002261928,LE090427,BCENTRAL/ LT 20270409 GTIA,210000,DOP,21,5.6541,97.399429,21/09/2026,09:18:30 AM,PLAZO,PRIMERA PARTE,ROTC,21/10/2026,CONFIRMADA,3353372,0,09/04/2026,09/04/2027,0,BANCO CENTRAL DE LA REPUBLICA DOMINICANA,BCENTRAL,56469
DO1002261928,LE090427,BCENTRAL/ LT 20270409 GTIA,1050000,DOP,105,0,95.710565,21/09/2026,09:18:29 AM,PRESTAMO,SEGUNDA PARTE,ROTC,21/10/2026,CONFIRMADA,3353374,0,09/04/2026,09/04/2027,0.670475,BANCO CENTRAL DE LA REPUBLICA DOMINICANA,BCENTRAL,56868
DO1002261928,LE090427,BCENTRAL/ LT 20270409 GTIA,1050000,DOP,105,9.3365,95.06885,21/09/2026,09:18:29 AM,PRESTAMO,PRIMERA PARTE,ROTC,21/09/2026,CONFIRMADA,3353374,0,09/04/2026,09/04/2027,0.670475,BANCO CENTRAL DE LA REPUBLICA DOMINICANA,BCENTRAL,58520
DO1002261928,LE090427,BCENTRAL/ LT 20270409 GTIA,1050000,DOP,105,0,95.710565,21/09/2026,09:18:28 AM,PLAZO,PRIMERA PARTE,ROTC,21/10/2026,CONFIRMADA,3353375,0,09/04/2026,09/04/2027,0,BANCO CENTRAL DE LA REPUBLICA DOMINICANA,BCENTRAL,55321
DO1005213025,MH22031,HACIENDA/10.25 BOEST 20310209 GTIA,100000,DOP,1,9.8725,101.2866,21/09/2026,09:18:27 AM,PRESTAMO,SEGUNDA PARTE,ROTC,21/10/2026,CONFIRMADA,3353377,0,09/02/2024,09/02/2031,1.839019,MINISTERIO DE HACIENDA,HACIENDA,59745
DO1005213025,MH22031,HACIENDA/10.25 BOEST 20310209 GTIA,100000,DOP,1,9.8396,101.43622,21/09/2026,09:18:27 AM,PRESTAMO,PRIMERA PARTE,ROTC,21/09/2026,CONFIRMADA,3353377,0,09/02/2024,09/02/2031,1.839019,MINISTERIO DE HACIENDA,HACIENDA,60193
DO1005213025,MH22031,HACIENDA/10.25 BOEST 20310209 GTIA,100000,DOP,1,9.8725,101.2866,21/09/2026,09:18:25 AM,PLAZO,PRIMERA PARTE,ROTC,21/10/2026,CONFIRMADA,3353378,0,09/02/2024,09/02/2031,0,MINISTERIO DE HACIENDA,HACIENDA,58191
DO1002261928,LE090427,BCENTRAL/ LT 20270409 GTIA,60000,DOP,6,-7.5346,102.951967,21/09/2026,09:18:24 AM,PRESTAMO,SEGUNDA PARTE,ROTC,23/11/2026,CONFIRMADA,3353380,0,09/04/2026,09/04/2027,1.389175,BANCO CENTRAL DE LA REPUBLICA DOMINICANA,BCENTRAL,58016
DO1002261928,LE090427,BCENTRAL/ LT 20270409 GTIA,60000,DOP,6,-2.6981,101.521783,21/09/2026,09:18:24 AM,PRESTAMO,PRIMERA PARTE,ROTC,21/09/2026,CONFIRMADA,3353380,0,09/04/2026,09/04/2027,1.389175,BANCO CENTRAL DE LA REPUBLICA DOMINICANA,BCENTRAL,58037
DO1002261928,LE090427,BCENTRAL/ LT 20270409 GTIA,60000,DOP,6,-7.5346,102.951967,21/09/2026,09:18:23 AM,PLAZO,PRIMERA PARTE,ROTC,23/11/2026,CONFIRMADA,3353381,0,09/04/2026,09/04/2027,0,BANCO CENTRAL DE LA REPUBLICA DOMINICANA,BCENTRAL,56469
DO1002261928,LE090427,BCENTRAL/ LT 20270409 GTIA,390000,DOP,39,9.59,96.478985,21/09/2026,09:18:21 AM,PRESTAMO,SEGUNDA PARTE,ROTC,23/11/2026,CONFIRMADA,3353383,0,09/04/2026,09/04/2027,1.406194,BANCO CENTRAL DE LA REPUBLICA DOMINICANA,BCENTRAL,57526
DO1002261928,LE090427,BCENTRAL/ LT 20270409 GTIA,390000,DOP,39,9.2301,95.122303,21/09/2026,09:18:21 AM,PRESTAMO,PRIMERA PARTE,ROTC,21/09/2026,CONFIRMADA,3353383,0,09/04/2026,09/04/2027,1.406194,BANCO CENTRAL DE LA REPUBLICA DOMINICANA,BCENTRAL,58023
DO1002261928,LE090427,BCENTRAL/ LT 20270409 GTIA,390000,DOP,39,9.59,96.478985,21/09/2026,09:18:21 AM,PLAZO,PRIMERA PARTE,ROTC,23/11/2026,CONFIRMADA,3353384,0,09/04/2026,09/04/2027,0,BANCO CENTRAL DE LA REPUBLICA DOMINICANA,BCENTRAL,55986
DO1002261928,LE090427,BCENTRAL/ LT 20270409 GTIA,510000,DOP,51,7.5532,95.972794,21/09/2026,09:17:35 AM,CONTADO,PRIMERA PARTE,ROTC,21/09/2026,CONFIRMADA,3353352,0,09/04/2026,09/04/2027,0,BANCO CENTRAL DE LA REPUBLICA DOMINICANA,BCENTRAL,57512
DO1002261928,LE090427,BCENTRAL/ LT 20270409 GTIA,200000,DOP,20,8.0499,95.71927,21/09/2026,09:16:48 AM,CONTADO,PRIMERA PARTE,ROTC,21/09/2026,CONFIRMADA,3353355,0,09/04/2026,09/04/2027,0,BANCO CENTRAL DE LA REPUBLICA DOMINICANA,BCENTRAL,57113
DO1002261928,LE090427,BCENTRAL/ LT 20270409 GTIA,690000,DOP,69,8.8463,95.3156,21/09/2026,09:15:58 AM,CONTADO,PRIMERA PARTE,ROTC,21/09/2026,CONFIRMADA,3353337,0,09/04/2026,09/04/2027,0,BANCO CENTRAL DE LA REPUBLICA DOMINICANA,BCENTRAL,56875
DO1002261928,LE090427,BCENTRAL/ LT 20270409 GTIA,1160000,DOP,116,9.1723,95.15137,21/09/2026,09:15:36 AM,CONTADO,PRIMERA PARTE,ROTC,21/09/2026,CONFIRMADA,3353358,0,09/04/2026,09/04/2027,0,BANCO CENTRAL DE LA REPUBLICA DOMINICANA,BCENTRAL,57722
USP3579EBY25,BSRD2048,DOMINICAN REP/6.5 CHURCH BD UNSEC,1000,USD,1,3.9777,136.11,21/09/2026,09:15:04 AM,CONTADO,PRIMERA PARTE,ROTC,21/09/2026,CONFIRMADA,3353364,0,08/02/2018,15/02/2048,0,MINISTERIO DE HACIENDA,HACIENDA,60634
DO1002261928,LE090427,BCENTRAL/ LT 20270409 GTIA,70000,DOP,7,-3.3709,101.908486,21/09/2026,09:14:37 AM,CONTADO,PRIMERA PARTE,ROTC,21/09/2026,CONFIRMADA,3353361,0,09/04/2026,09/04/2027,0,BANCO CENTRAL DE LA REPUBLICA DOMINICANA,BCENTRAL,57393
DO1002261928,LE090427,BCENTRAL/ LT 20270409 GTIA,100000,DOP,10,0.0045,99.99748,21/09/2026,09:14:16 AM,CONTADO,PRIMERA PARTE,ROTC,21/09/2026,CONFIRMADA,3353367,0,09/04/2026,09/04/2027,0,BANCO CENTRAL DE LA REPUBLICA DOMINICANA,BCENTRAL,57008
DO1002261928,LE090427,BCENTRAL/ LT 20270409 GTIA,210000,DOP,21,6.0535,96.74639,21/09/2026,09:13:52 AM,CONTADO,PRIMERA PARTE,ROTC,21/09/2026,CONFIRMADA,3353370,0,09/04/2026,09/04/2027,0,BANCO CENTRAL DE LA REPUBLICA DOMINICANA,BCENTRAL,57022
DO1002261928,LE090427,BCENTRAL/ LT 20270409 GTIA,1050000,DOP,105,9.3365,95.06885,21/09/2026,09:13:28 AM,CONTADO,PRIMERA PARTE,ROTC,21/09/2026,CONFIRMADA,3353373,0,09/04/2026,09/04/2027,0,BANCO CENTRAL DE LA REPUBLICA DOMINICANA,BCENTRAL,57785
DO1005213025,MH22031,HACIENDA/10.25 BOEST 20310209 GTIA,100000,DOP,1,9.8396,101.43622,21/09/2026,09:12:54 AM,CONTADO,PRIMERA PARTE,ROTC,21/09/2026,CONFIRMADA,3353376,0,09/02/2024,09/02/2031,0,MINISTERIO DE HACIENDA,HACIENDA,59458
DO1002261928,LE090427,BCENTRAL/ LT 20270409 GTIA,60000,DOP,6,-2.6981,101.521783,21/09/2026,09:12:31 AM,CONTADO,PRIMERA PARTE,ROTC,21/09/2026,CONFIRMADA,3353379,0,09/04/2026,09/04/2027,0,BANCO CENTRAL DE LA REPUBLICA DOMINICANA,BCENTRAL,57288
DO1002261928,LE090427,BCENTRAL/ LT 20270409 GTIA,390000,DOP,39,9.2301,95.122303,21/09/2026,09:12:05 AM,CONTADO,PRIMERA PARTE,ROTC,21/09/2026,CONFIRMADA,3353382,0,09/04/2026,09/04/2027,0,BANCO CENTRAL DE LA REPUBLICA DOMINICANA,BCENTRAL,57302
DO1002261928,LE090427,BCENTRAL/ LT 20270409 GTIA,90000,DOP,9,11.3224,94.082011,21/09/2026,09:11:39 AM,CONTADO,PRIMERA PARTE,ROTC,21/09/2026,CONFIRMADA,3353385,0,09/04/2026,09/04/2027,0,BANCO CENTRAL DE LA REPUBLICA DOMINICANA,BCENTRAL,56952
DO1005213025,MH22031,HACIENDA/10.25 BOEST 20310209 GTIA,7500000,DOP,75,8.727,105.456445,21/09/2026,09:11:13 AM,CONTADO,PRIMERA PARTE,ROTC,21/09/2026,CONFIRMADA,3353334,0,09/02/2024,09/02/2031,0,MINISTERIO DE HACIENDA,HACIENDA,60270
