idIsinCodeFk,mnemonicCode,fisnCode,nominalAmount,currencyCode,stockQuantity,operationYield,operationPrice,operationDate,operationHour,operationType,operationPart,settlementSystem,settlementDate,operationState,idMechanismOperationPk,indSendOtcApp,issuanceDate,expirationDate,operationRate,issuerName,shortName,checkDigit
DO2006901311,BC1ITA01,EGEITABO/5.65 BO 20311208,3042,USD,3042,5.3622,101.302761,14/08/2026,05:24:15 PM,ESTRUCTURADA,SEGUNDA PARTE,ROTC,18/09/2026,CONFIRMADA,3284652,0,08/12/2021,08/12/2031,4.1,"EMPRESA GENERADORA DE ELECTRICIDAD ITABO, S.A.",EGEITABO,59738
DO2006901311,BC1ITA01,EGEITABO/5.65 BO 20311208,3042,USD,3042,5.6501,99.997858,14/08/2026,05:24:15 PM,ESTRUCTURADA,PRIMERA PARTE,ROTC,19/08/2026,CONFIRMADA,3284652,0,08/12/2021,08/12/2031,4.1,"EMPRESA GENERADORA DE ELECTRICIDAD ITABO, S.A.",EGEITABO,59759
DO2006901311,BC1ITA01,EGEITABO/5.65 BO 20311208,3042,USD,3042,5.3622,101.302761,14/08/2026,05:24:14 PM,PRESTAMO,SEGUNDA PARTE,ROTC,18/09/2026,CONFIRMADA,3284653,0,08/12/2021,08/12/2031,1.438764,"EMPRESA GENERADORA DE ELECTRICIDAD ITABO, S.A.",EGEITABO,57631
DO2006901311,BC1ITA01,EGEITABO/5.65 BO 20311208,3042,USD,3042,5.6501,99.997858,14/08/2026,05:24:14 PM,PRESTAMO,PRIMERA PARTE,ROTC,19/08/2026,CONFIRMADA,3284653,0,08/12/2021,08/12/2031,1.438764,"EMPRESA GENERADORA DE ELECTRICIDAD ITABO, S.A.",EGEITABO,57652
USP3579ECG00,BSRD2060,DOMINICAN REP/5.875 BD 20600130 U,44000,USD,44,4.949,115.039773,14/08/2026,05:21:00 PM,PRESTAMO,SEGUNDA PARTE,ROTC,21/09/2026,CONFIRMADA,3284647,0,30/01/2020,30/01/2060,0.696576,MINISTERIO DE HACIENDA,HACIENDA,61334
USP3579ECG00,BSRD2060,DOMINICAN REP/5.875 BD 20600130 U,44000,USD,44,4.9487,115.064931,14/08/2026,05:21:00 PM,PRESTAMO,PRIMERA PARTE,ROTC,19/08/2026,CONFIRMADA,3284647,0,30/01/2020,30/01/2060,0.696576,MINISTERIO DE HACIENDA,HACIENDA,61775
USP3579ECG00,BSRD2060,DOMINICAN REP/5.875 BD 20600130 U,44000,USD,44,4.949,115.039773,14/08/2026,05:20:59 PM,ESTRUCTURADA,SEGUNDA PARTE,ROTC,21/09/2026,CONFIRMADA,3284646,0,30/01/2020,30/01/2060,4.7,MINISTERIO DE HACIENDA,HACIENDA,63525
USP3579ECG00,BSRD2060,DOMINICAN REP/5.875 BD 20600130 U,44000,USD,44,4.9487,115.064931,14/08/2026,05:20:59 PM,ESTRUCTURADA,PRIMERA PARTE,ROTC,19/08/2026,CONFIRMADA,3284646,0,30/01/2020,30/01/2060,4.7,MINISTERIO DE HACIENDA,HACIENDA,63966
DO2018100324,BC1AES03,AESTRELLA/11.25 BO 20301130,69340,DOP,69340,10.4527,102.677271,14/08/2026,05:19:43 PM,PRESTAMO,SEGUNDA PARTE,ROTC,18/09/2026,CONFIRMADA,3284636,0,30/11/2020,30/11/2030,3.166213,ACERO ESTRELLA S A,AESTRELLA,59745
DO2018100324,BC1AES03,AESTRELLA/11.25 BO 20301130,69340,DOP,69340,11.2505,99.99337,14/08/2026,05:19:43 PM,PRESTAMO,PRIMERA PARTE,ROTC,19/08/2026,CONFIRMADA,3284636,0,30/11/2020,30/11/2030,3.166213,ACERO ESTRELLA S A,AESTRELLA,59213
DO2018100324,BC1AES03,AESTRELLA/11.25 BO 20301130,69340,DOP,69340,10.4527,102.677271,14/08/2026,05:19:42 PM,ESTRUCTURADA,SEGUNDA PARTE,ROTC,18/09/2026,CONFIRMADA,3284635,0,30/11/2020,30/11/2030,9.05,ACERO ESTRELLA S A,AESTRELLA,61838
DO2018100324,BC1AES03,AESTRELLA/11.25 BO 20301130,69340,DOP,69340,11.2505,99.99337,14/08/2026,05:19:42 PM,ESTRUCTURADA,PRIMERA PARTE,ROTC,19/08/2026,CONFIRMADA,3284635,0,30/11/2020,30/11/2030,9.05,ACERO ESTRELLA S A,AESTRELLA,61306
DO2018100324,BC1AES03,AESTRELLA/11.25 BO 20301130,535035,DOP,535035,10.4753,102.558775,14/08/2026,05:18:17 PM,PRESTAMO,SEGUNDA PARTE,ROTC,16/10/2026,CONFIRMADA,3284634,0,30/11/2020,30/11/2030,3.859374,ACERO ESTRELLA S A,AESTRELLA,60389
DO2018100324,BC1AES03,AESTRELLA/11.25 BO 20301130,535035,DOP,535035,11.2503,99.99337,14/08/2026,05:18:17 PM,PRESTAMO,PRIMERA PARTE,ROTC,17/08/2026,CONFIRMADA,3284634,0,30/11/2020,30/11/2030,3.859374,ACERO ESTRELLA S A,AESTRELLA,59843
DO2018100324,BC1AES03,AESTRELLA/11.25 BO 20301130,535035,DOP,535035,10.4753,102.558775,14/08/2026,05:18:15 PM,ESTRUCTURADA,SEGUNDA PARTE,ROTC,16/10/2026,CONFIRMADA,3284633,0,30/11/2020,30/11/2030,9.25,ACERO ESTRELLA S A,AESTRELLA,62475
DO2018100324,BC1AES03,AESTRELLA/11.25 BO 20301130,535035,DOP,535035,11.2503,99.99337,14/08/2026,05:18:15 PM,ESTRUCTURADA,PRIMERA PARTE,ROTC,17/08/2026,CONFIRMADA,3284633,0,30/11/2020,30/11/2030,9.25,ACERO ESTRELLA S A,AESTRELLA,61929
DO2018100324,BC1AES03,AESTRELLA/11.25 BO 20301130,11107,DOP,11107,10.4538,102.67678,14/08/2026,05:16:46 PM,ESTRUCTURADA,SEGUNDA PARTE,ROTC,16/09/2026,CONFIRMADA,3284644,0,30/11/2020,30/11/2030,9.05,ACERO ESTRELLA S A,AESTRELLA,61369
DO2018100324,BC1AES03,AESTRELLA/11.25 BO 20301130,11107,DOP,11107,11.2503,99.99337,14/08/2026,05:16:46 PM,ESTRUCTURADA,PRIMERA PARTE,ROTC,17/08/2026,CONFIRMADA,3284644,0,30/11/2020,30/11/2030,9.05,ACERO ESTRELLA S A,AESTRELLA,61117
DO2018100324,BC1AES03,AESTRELLA/11.25 BO 20301130,11107,DOP,11107,10.4538,102.67678,14/08/2026,05:16:45 PM,PRESTAMO,SEGUNDA PARTE,ROTC,16/09/2026,CONFIRMADA,3284645,0,30/11/2020,30/11/2030,3.107927,ACERO ESTRELLA S A,AESTRELLA,59262
DO2018100324,BC1AES03,AESTRELLA/11.25 BO 20301130,11107,DOP,11107,11.2503,99.99337,14/08/2026,05:16:45 PM,PRESTAMO,PRIMERA PARTE,ROTC,17/08/2026,CONFIRMADA,3284645,0,30/11/2020,30/11/2030,3.107927,ACERO ESTRELLA S A,AESTRELLA,59010
DO1002223621,NO150127,BCENTRAL/8 BOEST 20270115 GTIA,503310000,DOP,50331,7.174844,100.284516,14/08/2026,05:13:55 PM,PLAZO,PRIMERA PARTE,ROTC,31/08/2026,CONFIRMADA,3284564,0,15/01/2022,15/01/2027,0,BANCO CENTRAL DE LA REPUBLICA DOMINICANA,BCENTRAL,61551
DO2006901311,BC1ITA01,EGEITABO/5.65 BO 20311208,13898,USD,13898,5.379,101.209167,14/08/2026,05:13:44 PM,ESTRUCTURADA,SEGUNDA PARTE,ROTC,16/10/2026,CONFIRMADA,3284648,0,08/12/2021,08/12/2031,4.25,"EMPRESA GENERADORA DE ELECTRICIDAD ITABO, S.A.",EGEITABO,60368
DO2006901311,BC1ITA01,EGEITABO/5.65 BO 20311208,13898,USD,13898,5.65,99.997858,14/08/2026,05:13:44 PM,ESTRUCTURADA,PRIMERA PARTE,ROTC,17/08/2026,CONFIRMADA,3284648,0,08/12/2021,08/12/2031,4.25,"EMPRESA GENERADORA DE ELECTRICIDAD ITABO, S.A.",EGEITABO,60018
DO2006901311,BC1ITA01,EGEITABO/5.65 BO 20311208,13898,USD,13898,5.379,101.209167,14/08/2026,05:13:43 PM,PRESTAMO,SEGUNDA PARTE,ROTC,16/10/2026,CONFIRMADA,3284649,0,08/12/2021,08/12/2031,1.76775,"EMPRESA GENERADORA DE ELECTRICIDAD ITABO, S.A.",EGEITABO,58261
DO2006901311,BC1ITA01,EGEITABO/5.65 BO 20311208,13898,USD,13898,5.65,99.997858,14/08/2026,05:13:43 PM,PRESTAMO,PRIMERA PARTE,ROTC,17/08/2026,CONFIRMADA,3284649,0,08/12/2021,08/12/2031,1.76775,"EMPRESA GENERADORA DE ELECTRICIDAD ITABO, S.A.",EGEITABO,57911
DO2006901311,BC1ITA01,EGEITABO/5.65 BO 20311208,54832,USD,54832,5.379,101.209203,14/08/2026,05:13:42 PM,ESTRUCTURADA,SEGUNDA PARTE,ROTC,16/10/2026,CONFIRMADA,3284642,0,08/12/2021,08/12/2031,4.25,"EMPRESA GENERADORA DE ELECTRICIDAD ITABO, S.A.",EGEITABO,60193
DO2006901311,BC1ITA01,EGEITABO/5.65 BO 20311208,54832,USD,54832,5.65,99.997858,14/08/2026,05:13:42 PM,ESTRUCTURADA,PRIMERA PARTE,ROTC,17/08/2026,CONFIRMADA,3284642,0,08/12/2021,08/12/2031,4.25,"EMPRESA GENERADORA DE ELECTRICIDAD ITABO, S.A.",EGEITABO,59906
DO2006901311,BC1ITA01,EGEITABO/5.65 BO 20311208,54832,USD,54832,5.379,101.209203,14/08/2026,05:13:41 PM,PRESTAMO,SEGUNDA PARTE,ROTC,16/10/2026,CONFIRMADA,3284643,0,08/12/2021,08/12/2031,1.767785,"EMPRESA GENERADORA DE ELECTRICIDAD ITABO, S.A.",EGEITABO,58086
DO2006901311,BC1ITA01,EGEITABO/5.65 BO 20311208,54832,USD,54832,5.65,99.997858,14/08/2026,05:13:41 PM,PRESTAMO,PRIMERA PARTE,ROTC,17/08/2026,CONFIRMADA,3284643,0,08/12/2021,08/12/2031,1.767785,"EMPRESA GENERADORA DE ELECTRICIDAD ITABO, S.A.",EGEITABO,57799
DO1002224124,NO120327,BCENTRAL/8 BOEST 20270312 GTIA,250000000,DOP,25000,8.5492,99.690068,14/08/2026,05:12:20 PM,CONTADO,PRIMERA PARTE,ROTC,17/08/2026,CONFIRMADA,3284437,0,12/03/2022,12/03/2027,0,BANCO CENTRAL DE LA REPUBLICA DOMINICANA,BCENTRAL,61418
DO2018100324,BC1AES03,AESTRELLA/11.25 BO 20301130,86783,DOP,86783,8.8138,107.642211,14/08/2026,05:09:39 PM,ESTRUCTURADA,SEGUNDA PARTE,ROTC,15/03/2027,CONFIRMADA,3284631,0,30/11/2020,30/11/2030,9.5,ACERO ESTRELLA S A,AESTRELLA,61621
DO2018100324,BC1AES03,AESTRELLA/11.25 BO 20301130,86783,DOP,86783,11.2503,99.99337,14/08/2026,05:09:39 PM,ESTRUCTURADA,PRIMERA PARTE,ROTC,17/08/2026,CONFIRMADA,3284631,0,30/11/2020,30/11/2030,9.5,ACERO ESTRELLA S A,AESTRELLA,61453
DO2018100324,BC1AES03,AESTRELLA/11.25 BO 20301130,86783,DOP,86783,8.8138,107.642211,14/08/2026,05:09:37 PM,PRESTAMO,SEGUNDA PARTE,ROTC,15/03/2027,CONFIRMADA,3284632,0,30/11/2020,30/11/2030,7.503077,ACERO ESTRELLA S A,AESTRELLA,59507
DO2018100324,BC1AES03,AESTRELLA/11.25 BO 20301130,86783,DOP,86783,11.2503,99.99337,14/08/2026,05:09:37 PM,PRESTAMO,PRIMERA PARTE,ROTC,17/08/2026,CONFIRMADA,3284632,0,30/11/2020,30/11/2030,7.503077,ACERO ESTRELLA S A,AESTRELLA,59339
DO2018100324,BC1AES03,AESTRELLA/11.25 BO 20301130,1952292,DOP,1952292,10.5021,102.43211,14/08/2026,05:08:11 PM,ESTRUCTURADA,SEGUNDA PARTE,ROTC,16/11/2026,CONFIRMADA,3284640,0,30/11/2020,30/11/2030,9.3,ACERO ESTRELLA S A,AESTRELLA,62650
DO2018100324,BC1AES03,AESTRELLA/11.25 BO 20301130,1952292,DOP,1952292,11.2503,99.99337,14/08/2026,05:08:11 PM,ESTRUCTURADA,PRIMERA PARTE,ROTC,17/08/2026,CONFIRMADA,3284640,0,30/11/2020,30/11/2030,9.3,ACERO ESTRELLA S A,AESTRELLA,62692
DO2018100324,BC1AES03,AESTRELLA/11.25 BO 20301130,1952292,DOP,1952292,10.5021,102.43211,14/08/2026,05:08:10 PM,PRESTAMO,SEGUNDA PARTE,ROTC,16/11/2026,CONFIRMADA,3284641,0,30/11/2020,30/11/2030,4.619443,ACERO ESTRELLA S A,AESTRELLA,60543
DO2018100324,BC1AES03,AESTRELLA/11.25 BO 20301130,1952292,DOP,1952292,11.2503,99.99337,14/08/2026,05:08:10 PM,PRESTAMO,PRIMERA PARTE,ROTC,17/08/2026,CONFIRMADA,3284641,0,30/11/2020,30/11/2030,4.619443,ACERO ESTRELLA S A,AESTRELLA,60585
DO2018100324,BC1AES03,AESTRELLA/11.25 BO 20301130,196590,DOP,196590,10.4527,102.677278,14/08/2026,05:07:40 PM,ESTRUCTURADA,SEGUNDA PARTE,ROTC,18/09/2026,CONFIRMADA,3284629,0,30/11/2020,30/11/2030,9.05,ACERO ESTRELLA S A,AESTRELLA,62636
DO2018100324,BC1AES03,AESTRELLA/11.25 BO 20301130,196590,DOP,196590,11.2505,99.99337,14/08/2026,05:07:40 PM,ESTRUCTURADA,PRIMERA PARTE,ROTC,19/08/2026,CONFIRMADA,3284629,0,30/11/2020,30/11/2030,9.05,ACERO ESTRELLA S A,AESTRELLA,62055
DO2018100324,BC1AES03,AESTRELLA/11.25 BO 20301130,196590,DOP,196590,10.4527,102.677278,14/08/2026,05:07:39 PM,PRESTAMO,SEGUNDA PARTE,ROTC,18/09/2026,CONFIRMADA,3284630,0,30/11/2020,30/11/2030,3.166212,ACERO ESTRELLA S A,AESTRELLA,60592
DO2018100324,BC1AES03,AESTRELLA/11.25 BO 20301130,196590,DOP,196590,11.2505,99.99337,14/08/2026,05:07:39 PM,PRESTAMO,PRIMERA PARTE,ROTC,19/08/2026,CONFIRMADA,3284630,0,30/11/2020,30/11/2030,3.166212,ACERO ESTRELLA S A,AESTRELLA,60011
DO2018100324,BC1AES03,AESTRELLA/11.25 BO 20301130,341694,DOP,341694,10.4538,102.67681,14/08/2026,05:03:14 PM,ESTRUCTURADA,SEGUNDA PARTE,ROTC,16/09/2026,CONFIRMADA,3284627,0,30/11/2020,30/11/2030,9.05,ACERO ESTRELLA S A,AESTRELLA,62174
DO2018100324,BC1AES03,AESTRELLA/11.25 BO 20301130,341694,DOP,341694,11.2503,99.99337,14/08/2026,05:03:14 PM,ESTRUCTURADA,PRIMERA PARTE,ROTC,17/08/2026,CONFIRMADA,3284627,0,30/11/2020,30/11/2030,9.05,ACERO ESTRELLA S A,AESTRELLA,61964
DO2006901311,BC1ITA01,EGEITABO/5.65 BO 20311208,564,USD,564,5.3625,101.301418,14/08/2026,05:03:12 PM,PRESTAMO,SEGUNDA PARTE,ROTC,18/09/2026,CONFIRMADA,3284626,0,08/12/2021,08/12/2031,1.436899,"EMPRESA GENERADORA DE ELECTRICIDAD ITABO, S.A.",EGEITABO,57015
DO2006901311,BC1ITA01,EGEITABO/5.65 BO 20311208,564,USD,564,5.6501,99.997858,14/08/2026,05:03:12 PM,PRESTAMO,PRIMERA PARTE,ROTC,19/08/2026,CONFIRMADA,3284626,0,08/12/2021,08/12/2031,1.436899,"EMPRESA GENERADORA DE ELECTRICIDAD ITABO, S.A.",EGEITABO,57029
DO2018100324,BC1AES03,AESTRELLA/11.25 BO 20301130,341694,DOP,341694,10.4538,102.67681,14/08/2026,05:03:12 PM,PRESTAMO,SEGUNDA PARTE,ROTC,16/09/2026,CONFIRMADA,3284628,0,30/11/2020,30/11/2030,3.107934,ACERO ESTRELLA S A,AESTRELLA,60060
DO2018100324,BC1AES03,AESTRELLA/11.25 BO 20301130,341694,DOP,341694,11.2503,99.99337,14/08/2026,05:03:12 PM,PRESTAMO,PRIMERA PARTE,ROTC,17/08/2026,CONFIRMADA,3284628,0,30/11/2020,30/11/2030,3.107934,ACERO ESTRELLA S A,AESTRELLA,59850
DO2006901311,BC1ITA01,EGEITABO/5.65 BO 20311208,564,USD,564,5.3625,101.301418,14/08/2026,05:03:11 PM,ESTRUCTURADA,SEGUNDA PARTE,ROTC,18/09/2026,CONFIRMADA,3284625,0,08/12/2021,08/12/2031,4.05,"EMPRESA GENERADORA DE ELECTRICIDAD ITABO, S.A.",EGEITABO,59108
DO2006901311,BC1ITA01,EGEITABO/5.65 BO 20311208,564,USD,564,5.6501,99.997858,14/08/2026,05:03:11 PM,ESTRUCTURADA,PRIMERA PARTE,ROTC,19/08/2026,CONFIRMADA,3284625,0,08/12/2021,08/12/2031,4.05,"EMPRESA GENERADORA DE ELECTRICIDAD ITABO, S.A.",EGEITABO,59122
DO1005208215,MHUS2029,HACIENDA/6.95 BOEST 20290626 GTIA,71000,USD,71,2.1417,112.131451,14/08/2026,05:00:44 PM,PRESTAMO,SEGUNDA PARTE,ROTC,17/11/2026,CONFIRMADA,3284514,0,26/06/2020,26/06/2029,2.106443,MINISTERIO DE HACIENDA,HACIENDA,61215
DO1005208215,MHUS2029,HACIENDA/6.95 BOEST 20290626 GTIA,71000,USD,71,2.4199,112.434211,14/08/2026,05:00:44 PM,PRESTAMO,PRIMERA PARTE,ROTC,17/08/2026,CONFIRMADA,3284514,0,26/06/2020,26/06/2029,2.106443,MINISTERIO DE HACIENDA,HACIENDA,61390
DO1005208215,MHUS2029,HACIENDA/6.95 BOEST 20290626 GTIA,71000,USD,71,2.1417,112.131451,14/08/2026,05:00:43 PM,ESTRUCTURADA,SEGUNDA PARTE,ROTC,17/11/2026,CONFIRMADA,3284513,0,26/06/2020,26/06/2029,4.95,MINISTERIO DE HACIENDA,HACIENDA,63308
DO1005208215,MHUS2029,HACIENDA/6.95 BOEST 20290626 GTIA,71000,USD,71,2.4199,112.434211,14/08/2026,05:00:43 PM,ESTRUCTURADA,PRIMERA PARTE,ROTC,17/08/2026,CONFIRMADA,3284513,0,26/06/2020,26/06/2029,4.95,MINISTERIO DE HACIENDA,HACIENDA,63483
DO1005213025,MH22031,HACIENDA/10.25 BOEST 20310209 GTIA,6400000,DOP,64,8.8174,104.954973,14/08/2026,05:00:42 PM,PRESTAMO,SEGUNDA PARTE,ROTC,16/11/2026,CONFIRMADA,3284512,0,09/02/2024,09/02/2031,2.61383,MINISTERIO DE HACIENDA,HACIENDA,61355
DO1005213025,MH22031,HACIENDA/10.25 BOEST 20310209 GTIA,6400000,DOP,64,8.902,104.919097,14/08/2026,05:00:42 PM,PRESTAMO,PRIMERA PARTE,ROTC,17/08/2026,CONFIRMADA,3284512,0,09/02/2024,09/02/2031,2.61383,MINISTERIO DE HACIENDA,HACIENDA,61054
DO2018100324,BC1AES03,AESTRELLA/11.25 BO 20301130,37364,DOP,37364,10.4753,102.558773,14/08/2026,05:00:42 PM,ESTRUCTURADA,SEGUNDA PARTE,ROTC,16/10/2026,CONFIRMADA,3284623,0,30/11/2020,30/11/2030,9.25,ACERO ESTRELLA S A,AESTRELLA,61754
DO2018100324,BC1AES03,AESTRELLA/11.25 BO 20301130,37364,DOP,37364,11.2503,99.99337,14/08/2026,05:00:42 PM,ESTRUCTURADA,PRIMERA PARTE,ROTC,17/08/2026,CONFIRMADA,3284623,0,30/11/2020,30/11/2030,9.25,ACERO ESTRELLA S A,AESTRELLA,61222
DO1005213025,MH22031,HACIENDA/10.25 BOEST 20310209 GTIA,6400000,DOP,64,8.8174,104.954973,14/08/2026,05:00:41 PM,ESTRUCTURADA,SEGUNDA PARTE,ROTC,16/11/2026,CONFIRMADA,3284511,0,09/02/2024,09/02/2031,9.75,MINISTERIO DE HACIENDA,HACIENDA,63448
DO1005213025,MH22031,HACIENDA/10.25 BOEST 20310209 GTIA,6400000,DOP,64,8.902,104.919097,14/08/2026,05:00:41 PM,ESTRUCTURADA,PRIMERA PARTE,ROTC,17/08/2026,CONFIRMADA,3284511,0,09/02/2024,09/02/2031,9.75,MINISTERIO DE HACIENDA,HACIENDA,63147
DO2018100324,BC1AES03,AESTRELLA/11.25 BO 20301130,37364,DOP,37364,10.4753,102.558773,14/08/2026,05:00:41 PM,PRESTAMO,SEGUNDA PARTE,ROTC,16/10/2026,CONFIRMADA,3284624,0,30/11/2020,30/11/2030,3.859382,ACERO ESTRELLA S A,AESTRELLA,59647
DO2018100324,BC1AES03,AESTRELLA/11.25 BO 20301130,37364,DOP,37364,11.2503,99.99337,14/08/2026,05:00:41 PM,PRESTAMO,PRIMERA PARTE,ROTC,17/08/2026,CONFIRMADA,3284624,0,30/11/2020,30/11/2030,3.859382,ACERO ESTRELLA S A,AESTRELLA,59115
DO1005208215,MHUS2029,HACIENDA/6.95 BOEST 20290626 GTIA,57000,USD,57,2.03,112.833246,14/08/2026,05:00:40 PM,PRESTAMO,SEGUNDA PARTE,ROTC,16/10/2026,CONFIRMADA,3284510,0,26/06/2020,26/06/2029,1.658318,MINISTERIO DE HACIENDA,HACIENDA,60564
DO1005208215,MHUS2029,HACIENDA/6.95 BOEST 20290626 GTIA,57000,USD,57,2.2118,113.050509,14/08/2026,05:00:40 PM,PRESTAMO,PRIMERA PARTE,ROTC,17/08/2026,CONFIRMADA,3284510,0,26/06/2020,26/06/2029,1.658318,MINISTERIO DE HACIENDA,HACIENDA,61376
DO1005208215,MHUS2029,HACIENDA/6.95 BOEST 20290626 GTIA,57000,USD,57,2.03,112.833246,14/08/2026,05:00:39 PM,ESTRUCTURADA,SEGUNDA PARTE,ROTC,16/10/2026,CONFIRMADA,3284509,0,26/06/2020,26/06/2029,4.85,MINISTERIO DE HACIENDA,HACIENDA,62720
DO1005208215,MHUS2029,HACIENDA/6.95 BOEST 20290626 GTIA,57000,USD,57,2.2118,113.050509,14/08/2026,05:00:39 PM,ESTRUCTURADA,PRIMERA PARTE,ROTC,17/08/2026,CONFIRMADA,3284509,0,26/06/2020,26/06/2029,4.85,MINISTERIO DE HACIENDA,HACIENDA,63532
DO1005213025,MH22031,HACIENDA/10.25 BOEST 20310209 GTIA,1600000,DOP,16,8.3864,106.511777,14/08/2026,05:00:38 PM,PRESTAMO,SEGUNDA PARTE,ROTC,16/11/2026,CONFIRMADA,3284508,0,09/02/2024,09/02/2031,2.61086,MINISTERIO DE HACIENDA,HACIENDA,61306
DO1005213025,MH22031,HACIENDA/10.25 BOEST 20310209 GTIA,1600000,DOP,16,8.4993,106.438455,14/08/2026,05:00:38 PM,PRESTAMO,PRIMERA PARTE,ROTC,17/08/2026,CONFIRMADA,3284508,0,09/02/2024,09/02/2031,2.61086,MINISTERIO DE HACIENDA,HACIENDA,61453
DO1005213025,MH22031,HACIENDA/10.25 BOEST 20310209 GTIA,1600000,DOP,16,8.3864,106.511777,14/08/2026,05:00:36 PM,ESTRUCTURADA,SEGUNDA PARTE,ROTC,16/11/2026,CONFIRMADA,3284507,0,09/02/2024,09/02/2031,9.75,MINISTERIO DE HACIENDA,HACIENDA,63392
DO1005213025,MH22031,HACIENDA/10.25 BOEST 20310209 GTIA,1600000,DOP,16,8.4993,106.438455,14/08/2026,05:00:36 PM,ESTRUCTURADA,PRIMERA PARTE,ROTC,17/08/2026,CONFIRMADA,3284507,0,09/02/2024,09/02/2031,9.75,MINISTERIO DE HACIENDA,HACIENDA,63539
DO1005213025,MH22031,HACIENDA/10.25 BOEST 20310209 GTIA,600000,DOP,6,9.1398,103.80897,14/08/2026,05:00:35 PM,PRESTAMO,SEGUNDA PARTE,ROTC,16/11/2026,CONFIRMADA,3284506,0,09/02/2024,09/02/2031,2.616073,MINISTERIO DE HACIENDA,HACIENDA,60277
DO1005213025,MH22031,HACIENDA/10.25 BOEST 20310209 GTIA,600000,DOP,6,9.2032,103.800658,14/08/2026,05:00:35 PM,PRESTAMO,PRIMERA PARTE,ROTC,17/08/2026,CONFIRMADA,3284506,0,09/02/2024,09/02/2031,2.616073,MINISTERIO DE HACIENDA,HACIENDA,60592
DO1005213025,MH22031,HACIENDA/10.25 BOEST 20310209 GTIA,600000,DOP,6,9.1398,103.80897,14/08/2026,05:00:34 PM,ESTRUCTURADA,SEGUNDA PARTE,ROTC,16/11/2026,CONFIRMADA,3284505,0,09/02/2024,09/02/2031,9.75,MINISTERIO DE HACIENDA,HACIENDA,62370
DO1005213025,MH22031,HACIENDA/10.25 BOEST 20310209 GTIA,600000,DOP,6,9.2032,103.800658,14/08/2026,05:00:34 PM,ESTRUCTURADA,PRIMERA PARTE,ROTC,17/08/2026,CONFIRMADA,3284505,0,09/02/2024,09/02/2031,9.75,MINISTERIO DE HACIENDA,HACIENDA,62685
DO2018100324,BC1AES03,AESTRELLA/11.25 BO 20301130,536985,DOP,536985,10.5021,102.432111,14/08/2026,04:56:58 PM,ESTRUCTURADA,SEGUNDA PARTE,ROTC,16/11/2026,CONFIRMADA,3284621,0,30/11/2020,30/11/2030,9.3,ACERO ESTRELLA S A,AESTRELLA,62496
DO2018100324,BC1AES03,AESTRELLA/11.25 BO 20301130,536985,DOP,536985,11.2503,99.99337,14/08/2026,04:56:58 PM,ESTRUCTURADA,PRIMERA PARTE,ROTC,17/08/2026,CONFIRMADA,3284621,0,30/11/2020,30/11/2030,9.3,ACERO ESTRELLA S A,AESTRELLA,62195
DO2018100324,BC1AES03,AESTRELLA/11.25 BO 20301130,536985,DOP,536985,10.5021,102.432111,14/08/2026,04:56:57 PM,PRESTAMO,SEGUNDA PARTE,ROTC,16/11/2026,CONFIRMADA,3284622,0,30/11/2020,30/11/2030,4.619444,ACERO ESTRELLA S A,AESTRELLA,60389
DO2018100324,BC1AES03,AESTRELLA/11.25 BO 20301130,536985,DOP,536985,11.2503,99.99337,14/08/2026,04:56:57 PM,PRESTAMO,PRIMERA PARTE,ROTC,17/08/2026,CONFIRMADA,3284622,0,30/11/2020,30/11/2030,4.619444,ACERO ESTRELLA S A,AESTRELLA,60088
DO1002226525,NO180228,BCENTRAL/15 BOEST 20280218 GTIA,900000,DOP,90,3.2092,115.328016,14/08/2026,04:55:39 PM,ESTRUCTURADA,SEGUNDA PARTE,ROTC,16/10/2026,CONFIRMADA,3284619,0,18/02/2023,18/02/2028,9.25,BANCO CENTRAL DE LA REPUBLICA DOMINICANA,BCENTRAL,62783
DO1002226525,NO180228,BCENTRAL/15 BOEST 20280218 GTIA,900000,DOP,90,8.8444,108.486851,14/08/2026,04:55:39 PM,ESTRUCTURADA,PRIMERA PARTE,ROTC,17/08/2026,CONFIRMADA,3284619,0,18/02/2023,18/02/2028,9.25,BANCO CENTRAL DE LA REPUBLICA DOMINICANA,BCENTRAL,63084
DO1002226525,NO180228,BCENTRAL/15 BOEST 20280218 GTIA,900000,DOP,90,3.2092,115.328016,14/08/2026,04:55:37 PM,PRESTAMO,SEGUNDA PARTE,ROTC,16/10/2026,CONFIRMADA,3284620,0,18/02/2023,18/02/2028,7.853417,BANCO CENTRAL DE LA REPUBLICA DOMINICANA,BCENTRAL,60669
DO1002226525,NO180228,BCENTRAL/15 BOEST 20280218 GTIA,900000,DOP,90,8.8444,108.486851,14/08/2026,04:55:37 PM,PRESTAMO,PRIMERA PARTE,ROTC,17/08/2026,CONFIRMADA,3284620,0,18/02/2023,18/02/2028,7.853417,BANCO CENTRAL DE LA REPUBLICA DOMINICANA,BCENTRAL,60970
DO2018100324,BC1AES03,AESTRELLA/11.25 BO 20301130,9828,DOP,9828,10.4538,102.676842,14/08/2026,04:53:53 PM,ESTRUCTURADA,SEGUNDA PARTE,ROTC,16/09/2026,CONFIRMADA,3284617,0,30/11/2020,30/11/2030,9.05,ACERO ESTRELLA S A,AESTRELLA,61250
DO2018100324,BC1AES03,AESTRELLA/11.25 BO 20301130,9828,DOP,9828,11.2503,99.99337,14/08/2026,04:53:53 PM,ESTRUCTURADA,PRIMERA PARTE,ROTC,17/08/2026,CONFIRMADA,3284617,0,30/11/2020,30/11/2030,9.05,ACERO ESTRELLA S A,AESTRELLA,60669
DO2018100324,BC1AES03,AESTRELLA/11.25 BO 20301130,9828,DOP,9828,10.4538,102.676842,14/08/2026,04:53:52 PM,PRESTAMO,SEGUNDA PARTE,ROTC,16/09/2026,CONFIRMADA,3284618,0,30/11/2020,30/11/2030,3.108002,ACERO ESTRELLA S A,AESTRELLA,59143
DO2018100324,BC1AES03,AESTRELLA/11.25 BO 20301130,9828,DOP,9828,11.2503,99.99337,14/08/2026,04:53:52 PM,PRESTAMO,PRIMERA PARTE,ROTC,17/08/2026,CONFIRMADA,3284618,0,30/11/2020,30/11/2030,3.108002,ACERO ESTRELLA S A,AESTRELLA,58562
DO2018100324,BC1AES03,AESTRELLA/11.25 BO 20301130,421857,DOP,421857,10.4527,102.677275,14/08/2026,04:53:23 PM,ESTRUCTURADA,SEGUNDA PARTE,ROTC,18/09/2026,CONFIRMADA,3284605,0,30/11/2020,30/11/2030,9.05,ACERO ESTRELLA S A,AESTRELLA,62580
DO2018100324,BC1AES03,AESTRELLA/11.25 BO 20301130,421857,DOP,421857,11.2505,99.99337,14/08/2026,04:53:23 PM,ESTRUCTURADA,PRIMERA PARTE,ROTC,19/08/2026,CONFIRMADA,3284605,0,30/11/2020,30/11/2030,9.05,ACERO ESTRELLA S A,AESTRELLA,62020
DO2018100324,BC1AES03,AESTRELLA/11.25 BO 20301130,421857,DOP,421857,10.4527,102.677275,14/08/2026,04:53:22 PM,PRESTAMO,SEGUNDA PARTE,ROTC,18/09/2026,CONFIRMADA,3284606,0,30/11/2020,30/11/2030,3.16621,ACERO ESTRELLA S A,AESTRELLA,60473
DO2018100324,BC1AES03,AESTRELLA/11.25 BO 20301130,421857,DOP,421857,11.2505,99.99337,14/08/2026,04:53:22 PM,PRESTAMO,PRIMERA PARTE,ROTC,19/08/2026,CONFIRMADA,3284606,0,30/11/2020,30/11/2030,3.16621,ACERO ESTRELLA S A,AESTRELLA,59913
DO2018100324,BC1AES03,AESTRELLA/11.25 BO 20301130,353965,DOP,353965,10.4527,102.67727,14/08/2026,04:51:00 PM,ESTRUCTURADA,SEGUNDA PARTE,ROTC,18/09/2026,CONFIRMADA,3284613,0,30/11/2020,30/11/2030,9.05,ACERO ESTRELLA S A,AESTRELLA,62216
DO2018100324,BC1AES03,AESTRELLA/11.25 BO 20301130,353965,DOP,353965,11.2505,99.99337,14/08/2026,04:51:00 PM,ESTRUCTURADA,PRIMERA PARTE,ROTC,19/08/2026,CONFIRMADA,3284613,0,30/11/2020,30/11/2030,9.05,ACERO ESTRELLA S A,AESTRELLA,62027
DO2018100324,BC1AES03,AESTRELLA/11.25 BO 20301130,353965,DOP,353965,10.4527,102.67727,14/08/2026,04:50:59 PM,PRESTAMO,SEGUNDA PARTE,ROTC,18/09/2026,CONFIRMADA,3284614,0,30/11/2020,30/11/2030,3.166208,ACERO ESTRELLA S A,AESTRELLA,60207
DO2018100324,BC1AES03,AESTRELLA/11.25 BO 20301130,353965,DOP,353965,11.2505,99.99337,14/08/2026,04:50:59 PM,PRESTAMO,PRIMERA PARTE,ROTC,19/08/2026,CONFIRMADA,3284614,0,30/11/2020,30/11/2030,3.166208,ACERO ESTRELLA S A,AESTRELLA,60018
DO2018100324,BC1AES03,AESTRELLA/11.25 BO 20301130,580551,DOP,580551,10.4533,102.677041,14/08/2026,04:49:53 PM,ESTRUCTURADA,SEGUNDA PARTE,ROTC,17/09/2026,CONFIRMADA,3284611,0,30/11/2020,30/11/2030,9.05,ACERO ESTRELLA S A,AESTRELLA,62503
DO2018100324,BC1AES03,AESTRELLA/11.25 BO 20301130,580551,DOP,580551,11.2504,99.99337,14/08/2026,04:49:53 PM,ESTRUCTURADA,PRIMERA PARTE,ROTC,18/08/2026,CONFIRMADA,3284611,0,30/11/2020,30/11/2030,9.05,ACERO ESTRELLA S A,AESTRELLA,62020
DO2018100324,BC1AES03,AESTRELLA/11.25 BO 20301130,580551,DOP,580551,10.4533,102.677041,14/08/2026,04:49:52 PM,PRESTAMO,SEGUNDA PARTE,ROTC,17/09/2026,CONFIRMADA,3284612,0,30/11/2020,30/11/2030,3.137081,ACERO ESTRELLA S A,AESTRELLA,60396
DO2018100324,BC1AES03,AESTRELLA/11.25 BO 20301130,580551,DOP,580551,11.2504,99.99337,14/08/2026,04:49:52 PM,PRESTAMO,PRIMERA PARTE,ROTC,18/08/2026,CONFIRMADA,3284612,0,30/11/2020,30/11/2030,3.137081,ACERO ESTRELLA S A,AESTRELLA,59913
DO1002261522,NO180130,BCENTRAL/9.5 BOEST 20300118 GTIA,780000,DOP,78,9.4,100.271885,14/08/2026,04:49:45 PM,CONTADO,PRIMERA PARTE,ROTC,17/08/2026,CONFIRMADA,3284616,0,18/01/2026,18/01/2030,0,BANCO CENTRAL DE LA REPUBLICA DOMINICANA,BCENTRAL,59437
DO2018100324,BC1AES03,AESTRELLA/11.25 BO 20301130,76221,DOP,76221,10.4538,102.676821,14/08/2026,04:48:23 PM,PRESTAMO,SEGUNDA PARTE,ROTC,16/09/2026,CONFIRMADA,3284610,0,30/11/2020,30/11/2030,3.107949,ACERO ESTRELLA S A,AESTRELLA,59682
DO2018100324,BC1AES03,AESTRELLA/11.25 BO 20301130,76221,DOP,76221,11.2503,99.99337,14/08/2026,04:48:23 PM,PRESTAMO,PRIMERA PARTE,ROTC,17/08/2026,CONFIRMADA,3284610,0,30/11/2020,30/11/2030,3.107949,ACERO ESTRELLA S A,AESTRELLA,59122
DO2018100324,BC1AES03,AESTRELLA/11.25 BO 20301130,76221,DOP,76221,10.4538,102.676821,14/08/2026,04:48:22 PM,ESTRUCTURADA,SEGUNDA PARTE,ROTC,16/09/2026,CONFIRMADA,3284609,0,30/11/2020,30/11/2030,9.05,ACERO ESTRELLA S A,AESTRELLA,61775
DO2018100324,BC1AES03,AESTRELLA/11.25 BO 20301130,76221,DOP,76221,11.2503,99.99337,14/08/2026,04:48:22 PM,ESTRUCTURADA,PRIMERA PARTE,ROTC,17/08/2026,CONFIRMADA,3284609,0,30/11/2020,30/11/2030,9.05,ACERO ESTRELLA S A,AESTRELLA,61215
DO2018100324,BC1AES03,AESTRELLA/11.25 BO 20301130,23214,DOP,23214,8.8139,107.642199,14/08/2026,04:47:00 PM,ESTRUCTURADA,SEGUNDA PARTE,ROTC,15/03/2027,CONFIRMADA,3284607,0,30/11/2020,30/11/2030,9.5,ACERO ESTRELLA S A,AESTRELLA,61376
DO2018100324,BC1AES03,AESTRELLA/11.25 BO 20301130,23214,DOP,23214,11.2503,99.99337,14/08/2026,04:47:00 PM,ESTRUCTURADA,PRIMERA PARTE,ROTC,17/08/2026,CONFIRMADA,3284607,0,30/11/2020,30/11/2030,9.5,ACERO ESTRELLA S A,AESTRELLA,61096
DO2018100324,BC1AES03,AESTRELLA/11.25 BO 20301130,23214,DOP,23214,8.8139,107.642199,14/08/2026,04:46:59 PM,PRESTAMO,SEGUNDA PARTE,ROTC,15/03/2027,CONFIRMADA,3284608,0,30/11/2020,30/11/2030,7.503088,ACERO ESTRELLA S A,AESTRELLA,59367
DO2018100324,BC1AES03,AESTRELLA/11.25 BO 20301130,23214,DOP,23214,11.2503,99.99337,14/08/2026,04:46:59 PM,PRESTAMO,PRIMERA PARTE,ROTC,17/08/2026,CONFIRMADA,3284608,0,30/11/2020,30/11/2030,7.503088,ACERO ESTRELLA S A,AESTRELLA,59087
DO2018100324,BC1AES03,AESTRELLA/11.25 BO 20301130,289347,DOP,289347,11.267,99.939861,14/08/2026,04:46:56 PM,ESTRUCTURADA,SEGUNDA PARTE,ROTC,16/11/2026,CONFIRMADA,3284572,0,30/11/2020,30/11/2030,9.3,ACERO ESTRELLA S A,AESTRELLA,62090
DO2018100324,BC1AES03,AESTRELLA/11.25 BO 20301130,289347,DOP,289347,11.9844,97.558364,14/08/2026,04:46:56 PM,ESTRUCTURADA,PRIMERA PARTE,ROTC,17/08/2026,CONFIRMADA,3284572,0,30/11/2020,30/11/2030,9.3,ACERO ESTRELLA S A,AESTRELLA,62559
DO2018100324,BC1AES03,AESTRELLA/11.25 BO 20301130,289347,DOP,289347,11.267,99.939861,14/08/2026,04:46:55 PM,PRESTAMO,SEGUNDA PARTE,ROTC,16/11/2026,CONFIRMADA,3284573,0,30/11/2020,30/11/2030,4.676003,ACERO ESTRELLA S A,AESTRELLA,59983
DO2018100324,BC1AES03,AESTRELLA/11.25 BO 20301130,289347,DOP,289347,11.9844,97.558364,14/08/2026,04:46:55 PM,PRESTAMO,PRIMERA PARTE,ROTC,17/08/2026,CONFIRMADA,3284573,0,30/11/2020,30/11/2030,4.676003,ACERO ESTRELLA S A,AESTRELLA,60452
DO1002223621,NO150127,BCENTRAL/8 BOEST 20270115 GTIA,500000,DOP,50,9.600004,99.357194,14/08/2026,04:45:58 PM,CONTADO,PRIMERA PARTE,ROTC,17/08/2026,CONFIRMADA,3284615,0,15/01/2022,15/01/2027,0,BANCO CENTRAL DE LA REPUBLICA DOMINICANA,BCENTRAL,60116
DO2018100324,BC1AES03,AESTRELLA/11.25 BO 20301130,16638,DOP,16638,10.4289,102.762171,14/08/2026,04:44:37 PM,ESTRUCTURADA,SEGUNDA PARTE,ROTC,16/09/2026,CONFIRMADA,3284570,0,30/11/2020,30/11/2030,10.05,ACERO ESTRELLA S A,AESTRELLA,61852
DO2018100324,BC1AES03,AESTRELLA/11.25 BO 20301130,16638,DOP,16638,11.2503,99.99337,14/08/2026,04:44:37 PM,ESTRUCTURADA,PRIMERA PARTE,ROTC,17/08/2026,CONFIRMADA,3284570,0,30/11/2020,30/11/2030,10.05,ACERO ESTRELLA S A,AESTRELLA,61313
DO2018100324,BC1AES03,AESTRELLA/11.25 BO 20301130,16638,DOP,16638,10.4289,102.762171,14/08/2026,04:44:36 PM,PRESTAMO,SEGUNDA PARTE,ROTC,16/09/2026,CONFIRMADA,3284571,0,30/11/2020,30/11/2030,3.188019,ACERO ESTRELLA S A,AESTRELLA,59745
DO2018100324,BC1AES03,AESTRELLA/11.25 BO 20301130,16638,DOP,16638,11.2503,99.99337,14/08/2026,04:44:36 PM,PRESTAMO,PRIMERA PARTE,ROTC,17/08/2026,CONFIRMADA,3284571,0,30/11/2020,30/11/2030,3.188019,ACERO ESTRELLA S A,AESTRELLA,59206
USP3579ECQ81,BSDR2033, ,3350000,DOP,67,0,0,14/08/2026,04:42:44 PM,PRESTAMO,SEGUNDA PARTE,ROTC,02/02/2033,CONFIRMADA,3284579,0,03/02/2023,03/02/2033,0,MINISTERIO DE HACIENDA,HACIENDA,43988
USP3579ECQ81,BSDR2033, ,3350000,DOP,67,9.3127,120.577396,14/08/2026,04:42:44 PM,PRESTAMO,PRIMERA PARTE,ROTC,17/08/2026,CONFIRMADA,3284579,0,03/02/2023,03/02/2033,0,MINISTERIO DE HACIENDA,HACIENDA,49259
DO1002261423,NO301129,BCENTRAL/9.5 BOEST 20291130 GTIA,890000,DOP,89,8.9765,101.356947,14/08/2026,04:42:42 PM,ESTRUCTURADA,SEGUNDA PARTE,ROTC,18/11/2026,CONFIRMADA,3284580,0,30/11/2025,30/11/2029,9.1,BANCO CENTRAL DE LA REPUBLICA DOMINICANA,BCENTRAL,63322
DO1002261423,NO301129,BCENTRAL/9.5 BOEST 20291130 GTIA,890000,DOP,89,9.0149,101.327772,14/08/2026,04:42:42 PM,ESTRUCTURADA,PRIMERA PARTE,ROTC,17/08/2026,CONFIRMADA,3284580,0,30/11/2025,30/11/2029,9.1,BANCO CENTRAL DE LA REPUBLICA DOMINICANA,BCENTRAL,63294
DO1002261423,NO301129,BCENTRAL/9.5 BOEST 20291130 GTIA,890000,DOP,89,0,0,14/08/2026,04:42:41 PM,PRESTAMO,SEGUNDA PARTE,ROTC,29/11/2029,CONFIRMADA,3284581,0,30/11/2025,30/11/2029,0,BANCO CENTRAL DE LA REPUBLICA DOMINICANA,BCENTRAL,56077
DO1002261423,NO301129,BCENTRAL/9.5 BOEST 20291130 GTIA,890000,DOP,89,9.0149,101.327772,14/08/2026,04:42:41 PM,PRESTAMO,PRIMERA PARTE,ROTC,17/08/2026,CONFIRMADA,3284581,0,30/11/2025,30/11/2029,0,BANCO CENTRAL DE LA REPUBLICA DOMINICANA,BCENTRAL,61187
DO1002261423,NO301129,BCENTRAL/9.5 BOEST 20291130 GTIA,1330000,DOP,133,8.9756,101.360542,14/08/2026,04:42:40 PM,ESTRUCTURADA,SEGUNDA PARTE,ROTC,16/11/2026,CONFIRMADA,3284582,0,30/11/2025,30/11/2029,9.25,BANCO CENTRAL DE LA REPUBLICA DOMINICANA,BCENTRAL,63728
DO1002261423,NO301129,BCENTRAL/9.5 BOEST 20291130 GTIA,1330000,DOP,133,9.027,101.2936,14/08/2026,04:42:40 PM,ESTRUCTURADA,PRIMERA PARTE,ROTC,17/08/2026,CONFIRMADA,3284582,0,30/11/2025,30/11/2029,9.25,BANCO CENTRAL DE LA REPUBLICA DOMINICANA,BCENTRAL,62713
DO1002261423,NO301129,BCENTRAL/9.5 BOEST 20291130 GTIA,1330000,DOP,133,0,0,14/08/2026,04:42:39 PM,PRESTAMO,SEGUNDA PARTE,ROTC,29/11/2029,CONFIRMADA,3284583,0,30/11/2025,30/11/2029,0,BANCO CENTRAL DE LA REPUBLICA DOMINICANA,BCENTRAL,56658
DO1002261423,NO301129,BCENTRAL/9.5 BOEST 20291130 GTIA,1330000,DOP,133,9.027,101.2936,14/08/2026,04:42:39 PM,PRESTAMO,PRIMERA PARTE,ROTC,17/08/2026,CONFIRMADA,3284583,0,30/11/2025,30/11/2029,0,BANCO CENTRAL DE LA REPUBLICA DOMINICANA,BCENTRAL,60669
USP3579ECV76,BSDR2036, ,6600000,DOP,132,9.172,109.882294,14/08/2026,04:42:38 PM,ESTRUCTURADA,SEGUNDA PARTE,ROTC,17/11/2026,CONFIRMADA,3284584,0,01/07/2024,01/06/2036,9.1,MINISTERIO DE HACIENDA,HACIENDA,51317
USP3579ECV76,BSDR2036, ,6600000,DOP,132,9.1814,109.95984,14/08/2026,04:42:38 PM,ESTRUCTURADA,PRIMERA PARTE,ROTC,17/08/2026,CONFIRMADA,3284584,0,01/07/2024,01/06/2036,9.1,MINISTERIO DE HACIENDA,HACIENDA,51464
USP3579ECV76,BSDR2036, ,6600000,DOP,132,0,0,14/08/2026,04:42:37 PM,PRESTAMO,SEGUNDA PARTE,ROTC,30/05/2036,CONFIRMADA,3284585,0,01/07/2024,01/06/2036,0,MINISTERIO DE HACIENDA,HACIENDA,44429
USP3579ECV76,BSDR2036, ,6600000,DOP,132,9.1814,109.95984,14/08/2026,04:42:37 PM,PRESTAMO,PRIMERA PARTE,ROTC,17/08/2026,CONFIRMADA,3284585,0,01/07/2024,01/06/2036,0,MINISTERIO DE HACIENDA,HACIENDA,49357
DO1002261423,NO301129,BCENTRAL/9.5 BOEST 20291130 GTIA,60000,DOP,6,8.1318,103.681772,14/08/2026,04:42:36 PM,ESTRUCTURADA,SEGUNDA PARTE,ROTC,19/10/2026,CONFIRMADA,3284586,0,30/11/2025,30/11/2029,8.9,BANCO CENTRAL DE LA REPUBLICA DOMINICANA,BCENTRAL,62412
DO1002261423,NO301129,BCENTRAL/9.5 BOEST 20291130 GTIA,60000,DOP,6,8.1978,103.661831,14/08/2026,04:42:36 PM,ESTRUCTURADA,PRIMERA PARTE,ROTC,17/08/2026,CONFIRMADA,3284586,0,30/11/2025,30/11/2029,8.9,BANCO CENTRAL DE LA REPUBLICA DOMINICANA,BCENTRAL,62552
DO1002261423,NO301129,BCENTRAL/9.5 BOEST 20291130 GTIA,60000,DOP,6,0,0,14/08/2026,04:42:35 PM,PRESTAMO,SEGUNDA PARTE,ROTC,29/11/2029,CONFIRMADA,3284587,0,30/11/2025,30/11/2029,0,BANCO CENTRAL DE LA REPUBLICA DOMINICANA,BCENTRAL,55272
DO1002261423,NO301129,BCENTRAL/9.5 BOEST 20291130 GTIA,60000,DOP,6,8.1978,103.661831,14/08/2026,04:42:35 PM,PRESTAMO,PRIMERA PARTE,ROTC,17/08/2026,CONFIRMADA,3284587,0,30/11/2025,30/11/2029,0,BANCO CENTRAL DE LA REPUBLICA DOMINICANA,BCENTRAL,60445
USP3579EBY25,BSRD2048,DOMINICAN REP/6.5 CHURCH BD UNSEC,43000,USD,43,6.9734,94.80066,14/08/2026,04:42:34 PM,ESTRUCTURADA,SEGUNDA PARTE,ROTC,08/01/2027,CONFIRMADA,3284588,0,08/02/2018,15/02/2048,5.35,MINISTERIO DE HACIENDA,HACIENDA,64995
USP3579EBY25,BSRD2048,DOMINICAN REP/6.5 CHURCH BD UNSEC,43000,USD,43,6.9228,95.306168,14/08/2026,04:42:34 PM,ESTRUCTURADA,PRIMERA PARTE,ROTC,17/08/2026,CONFIRMADA,3284588,0,08/02/2018,15/02/2048,5.35,MINISTERIO DE HACIENDA,HACIENDA,65457
USP3579EBY25,BSRD2048,DOMINICAN REP/6.5 CHURCH BD UNSEC,43000,USD,43,0,0,14/08/2026,04:42:33 PM,PRESTAMO,SEGUNDA PARTE,ROTC,14/02/2048,CONFIRMADA,3284589,0,08/02/2018,15/02/2048,0,MINISTERIO DE HACIENDA,HACIENDA,58457
USP3579EBY25,BSRD2048,DOMINICAN REP/6.5 CHURCH BD UNSEC,43000,USD,43,6.9228,95.306168,14/08/2026,04:42:33 PM,PRESTAMO,PRIMERA PARTE,ROTC,17/08/2026,CONFIRMADA,3284589,0,08/02/2018,15/02/2048,0,MINISTERIO DE HACIENDA,HACIENDA,63350
DO1002261423,NO301129,BCENTRAL/9.5 BOEST 20291130 GTIA,290000,DOP,29,9.3167,100.468,14/08/2026,04:42:32 PM,ESTRUCTURADA,SEGUNDA PARTE,ROTC,18/11/2026,CONFIRMADA,3284590,0,30/11/2025,30/11/2029,9.1,BANCO CENTRAL DE LA REPUBLICA DOMINICANA,BCENTRAL,62041
DO1002261423,NO301129,BCENTRAL/9.5 BOEST 20291130 GTIA,290000,DOP,29,9.325,100.459243,14/08/2026,04:42:32 PM,ESTRUCTURADA,PRIMERA PARTE,ROTC,17/08/2026,CONFIRMADA,3284590,0,30/11/2025,30/11/2029,9.1,BANCO CENTRAL DE LA REPUBLICA DOMINICANA,BCENTRAL,62825
DO1002261423,NO301129,BCENTRAL/9.5 BOEST 20291130 GTIA,290000,DOP,29,0,0,14/08/2026,04:42:30 PM,PRESTAMO,SEGUNDA PARTE,ROTC,29/11/2029,CONFIRMADA,3284591,0,30/11/2025,30/11/2029,0,BANCO CENTRAL DE LA REPUBLICA DOMINICANA,BCENTRAL,55979
DO1002261423,NO301129,BCENTRAL/9.5 BOEST 20291130 GTIA,290000,DOP,29,9.325,100.459243,14/08/2026,04:42:30 PM,PRESTAMO,PRIMERA PARTE,ROTC,17/08/2026,CONFIRMADA,3284591,0,30/11/2025,30/11/2029,0,BANCO CENTRAL DE LA REPUBLICA DOMINICANA,BCENTRAL,60711
DO1002261928,LE090427,BCENTRAL/ LT 20270409 GTIA,360000,DOP,36,11.6335,96.416886,14/08/2026,04:42:29 PM,ESTRUCTURADA,SEGUNDA PARTE,ROTC,15/12/2026,CONFIRMADA,3284592,0,09/04/2026,09/04/2027,9.2,BANCO CENTRAL DE LA REPUBLICA DOMINICANA,BCENTRAL,60634
DO1002261928,LE090427,BCENTRAL/ LT 20270409 GTIA,360000,DOP,36,10.5655,93.548078,14/08/2026,04:42:29 PM,ESTRUCTURADA,PRIMERA PARTE,ROTC,17/08/2026,CONFIRMADA,3284592,0,09/04/2026,09/04/2027,9.2,BANCO CENTRAL DE LA REPUBLICA DOMINICANA,BCENTRAL,60739
DO1002261928,LE090427,BCENTRAL/ LT 20270409 GTIA,360000,DOP,36,0,0,14/08/2026,04:42:28 PM,PRESTAMO,SEGUNDA PARTE,ROTC,08/04/2027,CONFIRMADA,3284593,0,09/04/2026,09/04/2027,0,BANCO CENTRAL DE LA REPUBLICA DOMINICANA,BCENTRAL,53410
DO1002261928,LE090427,BCENTRAL/ LT 20270409 GTIA,360000,DOP,36,10.5655,93.548078,14/08/2026,04:42:28 PM,PRESTAMO,PRIMERA PARTE,ROTC,17/08/2026,CONFIRMADA,3284593,0,09/04/2026,09/04/2027,0,BANCO CENTRAL DE LA REPUBLICA DOMINICANA,BCENTRAL,58632
DO1002261928,LE090427,BCENTRAL/ LT 20270409 GTIA,540000,DOP,54,8.1114,96.857394,14/08/2026,04:42:27 PM,ESTRUCTURADA,SEGUNDA PARTE,ROTC,16/11/2026,CONFIRMADA,3284594,0,09/04/2026,09/04/2027,9.15,BANCO CENTRAL DE LA REPUBLICA DOMINICANA,BCENTRAL,60277
DO1002261928,LE090427,BCENTRAL/ LT 20270409 GTIA,540000,DOP,54,8.6286,94.667807,14/08/2026,04:42:27 PM,ESTRUCTURADA,PRIMERA PARTE,ROTC,17/08/2026,CONFIRMADA,3284594,0,09/04/2026,09/04/2027,9.15,BANCO CENTRAL DE LA REPUBLICA DOMINICANA,BCENTRAL,60466
DO1002261928,LE090427,BCENTRAL/ LT 20270409 GTIA,540000,DOP,54,0,0,14/08/2026,04:42:26 PM,PRESTAMO,SEGUNDA PARTE,ROTC,08/04/2027,CONFIRMADA,3284595,0,09/04/2026,09/04/2027,0,BANCO CENTRAL DE LA REPUBLICA DOMINICANA,BCENTRAL,53396
DO1002261928,LE090427,BCENTRAL/ LT 20270409 GTIA,540000,DOP,54,8.6286,94.667807,14/08/2026,04:42:26 PM,PRESTAMO,PRIMERA PARTE,ROTC,17/08/2026,CONFIRMADA,3284595,0,09/04/2026,09/04/2027,0,BANCO CENTRAL DE LA REPUBLICA DOMINICANA,BCENTRAL,58359
DO1002261928,LE090427,BCENTRAL/ LT 20270409 GTIA,90000,DOP,9,5.7315,97.334622,14/08/2026,04:42:25 PM,ESTRUCTURADA,SEGUNDA PARTE,ROTC,19/10/2026,CONFIRMADA,3284596,0,09/04/2026,09/04/2027,8.95,BANCO CENTRAL DE LA REPUBLICA DOMINICANA,BCENTRAL,59542
DO1002261928,LE090427,BCENTRAL/ LT 20270409 GTIA,90000,DOP,9,6.66,95.833633,14/08/2026,04:42:25 PM,ESTRUCTURADA,PRIMERA PARTE,ROTC,17/08/2026,CONFIRMADA,3284596,0,09/04/2026,09/04/2027,8.95,BANCO CENTRAL DE LA REPUBLICA DOMINICANA,BCENTRAL,58975
DO1002261928,LE090427,BCENTRAL/ LT 20270409 GTIA,90000,DOP,9,0,0,14/08/2026,04:42:24 PM,PRESTAMO,SEGUNDA PARTE,ROTC,08/04/2027,CONFIRMADA,3284597,0,09/04/2026,09/04/2027,0,BANCO CENTRAL DE LA REPUBLICA DOMINICANA,BCENTRAL,52710
DO1002261928,LE090427,BCENTRAL/ LT 20270409 GTIA,90000,DOP,9,6.66,95.833633,14/08/2026,04:42:24 PM,PRESTAMO,PRIMERA PARTE,ROTC,17/08/2026,CONFIRMADA,3284597,0,09/04/2026,09/04/2027,0,BANCO CENTRAL DE LA REPUBLICA DOMINICANA,BCENTRAL,56868
DO1002261928,LE090427,BCENTRAL/ LT 20270409 GTIA,950000,DOP,95,10.4069,96.003611,14/08/2026,04:42:23 PM,ESTRUCTURADA,SEGUNDA PARTE,ROTC,16/11/2026,CONFIRMADA,3284598,0,09/04/2026,09/04/2027,9.2,BANCO CENTRAL DE LA REPUBLICA DOMINICANA,BCENTRAL,60515
DO1002261928,LE090427,BCENTRAL/ LT 20270409 GTIA,950000,DOP,95,10.0878,93.821734,14/08/2026,04:42:23 PM,ESTRUCTURADA,PRIMERA PARTE,ROTC,17/08/2026,CONFIRMADA,3284598,0,09/04/2026,09/04/2027,9.2,BANCO CENTRAL DE LA REPUBLICA DOMINICANA,BCENTRAL,60732
DO1002261928,LE090427,BCENTRAL/ LT 20270409 GTIA,950000,DOP,95,0,0,14/08/2026,04:42:22 PM,PRESTAMO,SEGUNDA PARTE,ROTC,08/04/2027,CONFIRMADA,3284599,0,09/04/2026,09/04/2027,0,BANCO CENTRAL DE LA REPUBLICA DOMINICANA,BCENTRAL,53438
DO1002261928,LE090427,BCENTRAL/ LT 20270409 GTIA,950000,DOP,95,10.0878,93.821734,14/08/2026,04:42:22 PM,PRESTAMO,PRIMERA PARTE,ROTC,17/08/2026,CONFIRMADA,3284599,0,09/04/2026,09/04/2027,0,BANCO CENTRAL DE LA REPUBLICA DOMINICANA,BCENTRAL,58625
USP3579ECQ81,BSDR2033, ,1500000,DOP,30,9.5389,119.157413,14/08/2026,04:42:21 PM,ESTRUCTURADA,SEGUNDA PARTE,ROTC,18/09/2026,CONFIRMADA,3284600,0,03/02/2023,03/02/2033,9.2,MINISTERIO DE HACIENDA,HACIENDA,51198
USP3579ECQ81,BSDR2033, ,1500000,DOP,30,9.5416,119.350324,14/08/2026,04:42:21 PM,ESTRUCTURADA,PRIMERA PARTE,ROTC,17/08/2026,CONFIRMADA,3284600,0,03/02/2023,03/02/2033,9.2,MINISTERIO DE HACIENDA,HACIENDA,51156
USP3579ECQ81,BSDR2033, ,1500000,DOP,30,0,0,14/08/2026,04:42:20 PM,PRESTAMO,SEGUNDA PARTE,ROTC,02/02/2033,CONFIRMADA,3284601,0,03/02/2023,03/02/2033,0,MINISTERIO DE HACIENDA,HACIENDA,43841
USP3579ECQ81,BSDR2033, ,1500000,DOP,30,9.5416,119.350324,14/08/2026,04:42:20 PM,PRESTAMO,PRIMERA PARTE,ROTC,17/08/2026,CONFIRMADA,3284601,0,03/02/2023,03/02/2033,0,MINISTERIO DE HACIENDA,HACIENDA,49049
USP3579EBY25,BSRD2048,DOMINICAN REP/6.5 CHURCH BD UNSEC,61000,USD,61,6.9443,95.09771,14/08/2026,04:42:19 PM,ESTRUCTURADA,SEGUNDA PARTE,ROTC,15/12/2026,CONFIRMADA,3284602,0,08/02/2018,15/02/2048,5.1,MINISTERIO DE HACIENDA,HACIENDA,65023
USP3579EBY25,BSRD2048,DOMINICAN REP/6.5 CHURCH BD UNSEC,61000,USD,61,6.8952,95.602413,14/08/2026,04:42:19 PM,ESTRUCTURADA,PRIMERA PARTE,ROTC,17/08/2026,CONFIRMADA,3284602,0,08/02/2018,15/02/2048,5.1,MINISTERIO DE HACIENDA,HACIENDA,65443
USP3579EBY25,BSRD2048,DOMINICAN REP/6.5 CHURCH BD UNSEC,61000,USD,61,0,0,14/08/2026,04:42:18 PM,PRESTAMO,SEGUNDA PARTE,ROTC,14/02/2048,CONFIRMADA,3284603,0,08/02/2018,15/02/2048,0,MINISTERIO DE HACIENDA,HACIENDA,58478
USP3579EBY25,BSRD2048,DOMINICAN REP/6.5 CHURCH BD UNSEC,61000,USD,61,6.8952,95.602413,14/08/2026,04:42:18 PM,PRESTAMO,PRIMERA PARTE,ROTC,17/08/2026,CONFIRMADA,3284603,0,08/02/2018,15/02/2048,0,MINISTERIO DE HACIENDA,HACIENDA,63336
USP3579ECQ81,BSDR2033, ,3350000,DOP,67,9.2919,119.706761,14/08/2026,04:42:17 PM,ESTRUCTURADA,SEGUNDA PARTE,ROTC,14/01/2027,CONFIRMADA,3284604,0,03/02/2023,03/02/2033,9.3,MINISTERIO DE HACIENDA,HACIENDA,51275
USP3579ECQ81,BSDR2033, ,3350000,DOP,67,9.3127,120.577396,14/08/2026,04:42:17 PM,ESTRUCTURADA,PRIMERA PARTE,ROTC,17/08/2026,CONFIRMADA,3284604,0,03/02/2023,03/02/2033,9.3,MINISTERIO DE HACIENDA,HACIENDA,51359
DO2018100324,BC1AES03,AESTRELLA/11.25 BO 20301130,112084,DOP,112084,10.4753,102.558777,14/08/2026,04:41:56 PM,ESTRUCTURADA,SEGUNDA PARTE,ROTC,16/10/2026,CONFIRMADA,3284574,0,30/11/2020,30/11/2030,9.25,ACERO ESTRELLA S A,AESTRELLA,62419
DO2018100324,BC1AES03,AESTRELLA/11.25 BO 20301130,112084,DOP,112084,11.2503,99.99337,14/08/2026,04:41:56 PM,ESTRUCTURADA,PRIMERA PARTE,ROTC,17/08/2026,CONFIRMADA,3284574,0,30/11/2020,30/11/2030,9.25,ACERO ESTRELLA S A,AESTRELLA,61859
DO2018100324,BC1AES03,AESTRELLA/11.25 BO 20301130,112084,DOP,112084,10.4753,102.558777,14/08/2026,04:41:55 PM,PRESTAMO,SEGUNDA PARTE,ROTC,16/10/2026,CONFIRMADA,3284575,0,30/11/2020,30/11/2030,3.859374,ACERO ESTRELLA S A,AESTRELLA,60312
DO2018100324,BC1AES03,AESTRELLA/11.25 BO 20301130,112084,DOP,112084,11.2503,99.99337,14/08/2026,04:41:55 PM,PRESTAMO,PRIMERA PARTE,ROTC,17/08/2026,CONFIRMADA,3284575,0,30/11/2020,30/11/2030,3.859374,ACERO ESTRELLA S A,AESTRELLA,59752
DO1002223928,NO120227,BCENTRAL/8 BOEST 20270212 GTIA,39960000,DOP,3996,9,102.493907,14/08/2026,04:40:24 PM,PRESTAMO,SEGUNDA PARTE,ROTC,19/10/2026,CONFIRMADA,3284578,0,12/02/2022,12/02/2027,0.02,BANCO CENTRAL DE LA REPUBLICA DOMINICANA,BCENTRAL,60165
DO1002223928,NO120227,BCENTRAL/8 BOEST 20270212 GTIA,39960000,DOP,3996,9,102.493907,14/08/2026,04:40:24 PM,PRESTAMO,PRIMERA PARTE,ROTC,17/08/2026,CONFIRMADA,3284578,0,12/02/2022,12/02/2027,0.02,BANCO CENTRAL DE LA REPUBLICA DOMINICANA,BCENTRAL,60263
DO1002223928,NO120227,BCENTRAL/8 BOEST 20270212 GTIA,39960000,DOP,3996,-0.654095,102.736742,14/08/2026,04:40:17 PM,PLAZO,PRIMERA PARTE,ROTC,19/10/2026,CONFIRMADA,3284577,0,12/02/2022,12/02/2027,0,BANCO CENTRAL DE LA REPUBLICA DOMINICANA,BCENTRAL,61411
DO1002223928,NO120227,BCENTRAL/8 BOEST 20270212 GTIA,39960000,DOP,3996,2.800519,102.493907,14/08/2026,04:40:07 PM,CONTADO,PRIMERA PARTE,ROTC,17/08/2026,CONFIRMADA,3284576,0,12/02/2022,12/02/2027,0,BANCO CENTRAL DE LA REPUBLICA DOMINICANA,BCENTRAL,62027
DO2018100324,BC1AES03,AESTRELLA/11.25 BO 20301130,545966,DOP,545966,10.4527,102.677271,14/08/2026,04:39:59 PM,PRESTAMO,SEGUNDA PARTE,ROTC,18/09/2026,CONFIRMADA,3284535,0,30/11/2020,30/11/2030,3.166208,ACERO ESTRELLA S A,AESTRELLA,60655
DO2018100324,BC1AES03,AESTRELLA/11.25 BO 20301130,545966,DOP,545966,11.2505,99.99337,14/08/2026,04:39:59 PM,PRESTAMO,PRIMERA PARTE,ROTC,19/08/2026,CONFIRMADA,3284535,0,30/11/2020,30/11/2030,3.166208,ACERO ESTRELLA S A,AESTRELLA,60123
DO2018100324,BC1AES03,AESTRELLA/11.25 BO 20301130,545966,DOP,545966,10.4527,102.677271,14/08/2026,04:39:58 PM,ESTRUCTURADA,SEGUNDA PARTE,ROTC,18/09/2026,CONFIRMADA,3284534,0,30/11/2020,30/11/2030,9.05,ACERO ESTRELLA S A,AESTRELLA,62748
DO2018100324,BC1AES03,AESTRELLA/11.25 BO 20301130,545966,DOP,545966,11.2505,99.99337,14/08/2026,04:39:58 PM,ESTRUCTURADA,PRIMERA PARTE,ROTC,19/08/2026,CONFIRMADA,3284534,0,30/11/2020,30/11/2030,9.05,ACERO ESTRELLA S A,AESTRELLA,62216
DO2018100324,BC1AES03,AESTRELLA/11.25 BO 20301130,975683,DOP,975683,10.5001,102.437905,14/08/2026,04:38:59 PM,ESTRUCTURADA,SEGUNDA PARTE,ROTC,17/11/2026,CONFIRMADA,3284565,0,30/11/2020,30/11/2030,9.3,ACERO ESTRELLA S A,AESTRELLA,62636
DO2018100324,BC1AES03,AESTRELLA/11.25 BO 20301130,975683,DOP,975683,11.2505,99.99337,14/08/2026,04:38:59 PM,ESTRUCTURADA,PRIMERA PARTE,ROTC,19/08/2026,CONFIRMADA,3284565,0,30/11/2020,30/11/2030,9.3,ACERO ESTRELLA S A,AESTRELLA,62258
DO2018100324,BC1AES03,AESTRELLA/11.25 BO 20301130,975683,DOP,975683,10.5001,102.437905,14/08/2026,04:38:58 PM,PRESTAMO,SEGUNDA PARTE,ROTC,17/11/2026,CONFIRMADA,3284567,0,30/11/2020,30/11/2030,4.652745,ACERO ESTRELLA S A,AESTRELLA,60529
DO2018100324,BC1AES03,AESTRELLA/11.25 BO 20301130,975683,DOP,975683,11.2505,99.99337,14/08/2026,04:38:58 PM,PRESTAMO,PRIMERA PARTE,ROTC,19/08/2026,CONFIRMADA,3284567,0,30/11/2020,30/11/2030,4.652745,ACERO ESTRELLA S A,AESTRELLA,60151
DO2018100324,BC1AES03,AESTRELLA/11.25 BO 20301130,975683,DOP,975683,10.5001,102.437905,14/08/2026,04:38:56 PM,ESTRUCTURADA,SEGUNDA PARTE,ROTC,17/11/2026,CONFIRMADA,3284568,0,30/11/2020,30/11/2030,9.3,ACERO ESTRELLA S A,AESTRELLA,62615
DO2018100324,BC1AES03,AESTRELLA/11.25 BO 20301130,975683,DOP,975683,11.2505,99.99337,14/08/2026,04:38:56 PM,ESTRUCTURADA,PRIMERA PARTE,ROTC,19/08/2026,CONFIRMADA,3284568,0,30/11/2020,30/11/2030,9.3,ACERO ESTRELLA S A,AESTRELLA,62237
DO2018100324,BC1AES03,AESTRELLA/11.25 BO 20301130,975683,DOP,975683,10.5001,102.437905,14/08/2026,04:38:55 PM,PRESTAMO,SEGUNDA PARTE,ROTC,17/11/2026,CONFIRMADA,3284569,0,30/11/2020,30/11/2030,4.652745,ACERO ESTRELLA S A,AESTRELLA,60508
DO2018100324,BC1AES03,AESTRELLA/11.25 BO 20301130,975683,DOP,975683,11.2505,99.99337,14/08/2026,04:38:55 PM,PRESTAMO,PRIMERA PARTE,ROTC,19/08/2026,CONFIRMADA,3284569,0,30/11/2020,30/11/2030,4.652745,ACERO ESTRELLA S A,AESTRELLA,60130
DO2018100324,BC1AES03,AESTRELLA/11.25 BO 20301130,252449,DOP,252449,10.4753,102.558774,14/08/2026,04:36:52 PM,ESTRUCTURADA,SEGUNDA PARTE,ROTC,16/10/2026,CONFIRMADA,3284532,0,30/11/2020,30/11/2030,9.25,ACERO ESTRELLA S A,AESTRELLA,62538
DO2018100324,BC1AES03,AESTRELLA/11.25 BO 20301130,252449,DOP,252449,11.2503,99.99337,14/08/2026,04:36:52 PM,ESTRUCTURADA,PRIMERA PARTE,ROTC,17/08/2026,CONFIRMADA,3284532,0,30/11/2020,30/11/2030,9.25,ACERO ESTRELLA S A,AESTRELLA,61999
DO2018100324,BC1AES03,AESTRELLA/11.25 BO 20301130,252449,DOP,252449,10.4753,102.558774,14/08/2026,04:36:51 PM,PRESTAMO,SEGUNDA PARTE,ROTC,16/10/2026,CONFIRMADA,3284533,0,30/11/2020,30/11/2030,3.859373,ACERO ESTRELLA S A,AESTRELLA,60431
DO2018100324,BC1AES03,AESTRELLA/11.25 BO 20301130,252449,DOP,252449,11.2503,99.99337,14/08/2026,04:36:51 PM,PRESTAMO,PRIMERA PARTE,ROTC,17/08/2026,CONFIRMADA,3284533,0,30/11/2020,30/11/2030,3.859373,ACERO ESTRELLA S A,AESTRELLA,59892
DO2018100324,BC1AES03,AESTRELLA/11.25 BO 20301130,11049,DOP,11049,10.4738,102.563761,14/08/2026,04:35:06 PM,ESTRUCTURADA,SEGUNDA PARTE,ROTC,16/10/2026,CONFIRMADA,3284530,0,30/11/2020,30/11/2030,9.25,ACERO ESTRELLA S A,AESTRELLA,61663
DO2018100324,BC1AES03,AESTRELLA/11.25 BO 20301130,11049,DOP,11049,11.2504,99.99337,14/08/2026,04:35:06 PM,ESTRUCTURADA,PRIMERA PARTE,ROTC,18/08/2026,CONFIRMADA,3284530,0,30/11/2020,30/11/2030,9.25,ACERO ESTRELLA S A,AESTRELLA,61173
DO2018100324,BC1AES03,AESTRELLA/11.25 BO 20301130,11049,DOP,11049,10.4738,102.563761,14/08/2026,04:35:05 PM,PRESTAMO,SEGUNDA PARTE,ROTC,16/10/2026,CONFIRMADA,3284531,0,30/11/2020,30/11/2030,3.863991,ACERO ESTRELLA S A,AESTRELLA,59556
DO2018100324,BC1AES03,AESTRELLA/11.25 BO 20301130,11049,DOP,11049,11.2504,99.99337,14/08/2026,04:35:05 PM,PRESTAMO,PRIMERA PARTE,ROTC,18/08/2026,CONFIRMADA,3284531,0,30/11/2020,30/11/2030,3.863991,ACERO ESTRELLA S A,AESTRELLA,59066
DO1002223928,NO120227,BCENTRAL/8 BOEST 20270212 GTIA,9990000,DOP,999,9,99.991405,14/08/2026,04:34:50 PM,PRESTAMO,SEGUNDA PARTE,ROTC,14/01/2027,CONFIRMADA,3284566,0,12/02/2022,12/02/2027,0.02,BANCO CENTRAL DE LA REPUBLICA DOMINICANA,BCENTRAL,59220
DO1002223928,NO120227,BCENTRAL/8 BOEST 20270212 GTIA,9990000,DOP,999,9,99.991405,14/08/2026,04:34:50 PM,PRESTAMO,PRIMERA PARTE,ROTC,17/08/2026,CONFIRMADA,3284566,0,12/02/2022,12/02/2027,0.02,BANCO CENTRAL DE LA REPUBLICA DOMINICANA,BCENTRAL,59346
DO1002223928,NO120227,BCENTRAL/8 BOEST 20270212 GTIA,9990000,DOP,999,1.89531,100.475948,14/08/2026,04:34:35 PM,PLAZO,PRIMERA PARTE,ROTC,14/01/2027,CONFIRMADA,3284563,0,12/02/2022,12/02/2027,0,BANCO CENTRAL DE LA REPUBLICA DOMINICANA,BCENTRAL,60109
DO1002223928,NO120227,BCENTRAL/8 BOEST 20270212 GTIA,9990000,DOP,999,8.013957,99.991405,14/08/2026,04:34:29 PM,CONTADO,PRIMERA PARTE,ROTC,17/08/2026,CONFIRMADA,3284562,0,12/02/2022,12/02/2027,0,BANCO CENTRAL DE LA REPUBLICA DOMINICANA,BCENTRAL,61201
DO2018100324,BC1AES03,AESTRELLA/11.25 BO 20301130,170672,DOP,170672,10.5006,102.437184,14/08/2026,04:33:41 PM,ESTRUCTURADA,SEGUNDA PARTE,ROTC,16/11/2026,CONFIRMADA,3284528,0,30/11/2020,30/11/2030,9.3,ACERO ESTRELLA S A,AESTRELLA,62349
DO2018100324,BC1AES03,AESTRELLA/11.25 BO 20301130,170672,DOP,170672,11.2504,99.99337,14/08/2026,04:33:41 PM,ESTRUCTURADA,PRIMERA PARTE,ROTC,18/08/2026,CONFIRMADA,3284528,0,30/11/2020,30/11/2030,9.3,ACERO ESTRELLA S A,AESTRELLA,61936
DO2018100324,BC1AES03,AESTRELLA/11.25 BO 20301130,170672,DOP,170672,10.5006,102.437184,14/08/2026,04:33:39 PM,PRESTAMO,SEGUNDA PARTE,ROTC,16/11/2026,CONFIRMADA,3284529,0,30/11/2020,30/11/2030,4.624058,ACERO ESTRELLA S A,AESTRELLA,60298
DO2018100324,BC1AES03,AESTRELLA/11.25 BO 20301130,170672,DOP,170672,11.2504,99.99337,14/08/2026,04:33:39 PM,PRESTAMO,PRIMERA PARTE,ROTC,18/08/2026,CONFIRMADA,3284529,0,30/11/2020,30/11/2030,4.624058,ACERO ESTRELLA S A,AESTRELLA,59885
DO2018100324,BC1AES03,AESTRELLA/11.25 BO 20301130,63412,DOP,63412,10.4753,102.558774,14/08/2026,04:31:27 PM,ESTRUCTURADA,SEGUNDA PARTE,ROTC,16/10/2026,CONFIRMADA,3284526,0,30/11/2020,30/11/2030,9.25,ACERO ESTRELLA S A,AESTRELLA,61705
DO2018100324,BC1AES03,AESTRELLA/11.25 BO 20301130,63412,DOP,63412,11.2503,99.99337,14/08/2026,04:31:27 PM,ESTRUCTURADA,PRIMERA PARTE,ROTC,17/08/2026,CONFIRMADA,3284526,0,30/11/2020,30/11/2030,9.25,ACERO ESTRELLA S A,AESTRELLA,61166
DO2018100324,BC1AES03,AESTRELLA/11.25 BO 20301130,63412,DOP,63412,10.4753,102.558774,14/08/2026,04:31:26 PM,PRESTAMO,SEGUNDA PARTE,ROTC,16/10/2026,CONFIRMADA,3284527,0,30/11/2020,30/11/2030,3.859381,ACERO ESTRELLA S A,AESTRELLA,59598
DO2018100324,BC1AES03,AESTRELLA/11.25 BO 20301130,63412,DOP,63412,11.2503,99.99337,14/08/2026,04:31:26 PM,PRESTAMO,PRIMERA PARTE,ROTC,17/08/2026,CONFIRMADA,3284527,0,30/11/2020,30/11/2030,3.859381,ACERO ESTRELLA S A,AESTRELLA,59059
DO2018100324,BC1AES03,AESTRELLA/11.25 BO 20301130,622713,DOP,622713,10.4289,102.762165,14/08/2026,04:31:20 PM,ESTRUCTURADA,SEGUNDA PARTE,ROTC,16/09/2026,CONFIRMADA,3284536,0,30/11/2020,30/11/2030,10.05,ACERO ESTRELLA S A,AESTRELLA,62419
DO2018100324,BC1AES03,AESTRELLA/11.25 BO 20301130,622713,DOP,622713,11.2503,99.99337,14/08/2026,04:31:20 PM,ESTRUCTURADA,PRIMERA PARTE,ROTC,17/08/2026,CONFIRMADA,3284536,0,30/11/2020,30/11/2030,10.05,ACERO ESTRELLA S A,AESTRELLA,61859
DO2018100324,BC1AES03,AESTRELLA/11.25 BO 20301130,622713,DOP,622713,10.4289,102.762165,14/08/2026,04:31:19 PM,PRESTAMO,SEGUNDA PARTE,ROTC,16/09/2026,CONFIRMADA,3284537,0,30/11/2020,30/11/2030,3.188006,ACERO ESTRELLA S A,AESTRELLA,60375
DO2018100324,BC1AES03,AESTRELLA/11.25 BO 20301130,622713,DOP,622713,11.2503,99.99337,14/08/2026,04:31:19 PM,PRESTAMO,PRIMERA PARTE,ROTC,17/08/2026,CONFIRMADA,3284537,0,30/11/2020,30/11/2030,3.188006,ACERO ESTRELLA S A,AESTRELLA,59815
USP3579ECG00,BSRD2060,DOMINICAN REP/5.875 BD 20600130 U,2000,USD,2,6.90000001,86.676582,14/08/2026,04:29:45 PM,CONTADO,PRIMERA PARTE,ROTC,19/08/2026,CONFIRMADA,3284560,0,30/01/2020,30/01/2060,0,MINISTERIO DE HACIENDA,HACIENDA,61460
USP3579ECG00,BSRD2060,DOMINICAN REP/5.875 BD 20600130 U,2000,USD,2,6.6,90.262543,14/08/2026,04:29:35 PM,CONTADO,PRIMERA PARTE,ROTC,19/08/2026,CONFIRMADA,3284561,0,30/01/2020,30/01/2060,0,MINISTERIO DE HACIENDA,HACIENDA,58954
DO2018100324,BC1AES03,AESTRELLA/11.25 BO 20301130,489756,DOP,489756,10.5021,102.432111,14/08/2026,04:28:47 PM,ESTRUCTURADA,SEGUNDA PARTE,ROTC,16/11/2026,CONFIRMADA,3284524,0,30/11/2020,30/11/2030,9.3,ACERO ESTRELLA S A,AESTRELLA,62517
DO2018100324,BC1AES03,AESTRELLA/11.25 BO 20301130,489756,DOP,489756,11.2503,99.99337,14/08/2026,04:28:47 PM,ESTRUCTURADA,PRIMERA PARTE,ROTC,17/08/2026,CONFIRMADA,3284524,0,30/11/2020,30/11/2030,9.3,ACERO ESTRELLA S A,AESTRELLA,62216
DO2018100324,BC1AES03,AESTRELLA/11.25 BO 20301130,489756,DOP,489756,10.5021,102.432111,14/08/2026,04:28:46 PM,PRESTAMO,SEGUNDA PARTE,ROTC,16/11/2026,CONFIRMADA,3284525,0,30/11/2020,30/11/2030,4.619444,ACERO ESTRELLA S A,AESTRELLA,60410
DO2018100324,BC1AES03,AESTRELLA/11.25 BO 20301130,489756,DOP,489756,11.2503,99.99337,14/08/2026,04:28:46 PM,PRESTAMO,PRIMERA PARTE,ROTC,17/08/2026,CONFIRMADA,3284525,0,30/11/2020,30/11/2030,4.619444,ACERO ESTRELLA S A,AESTRELLA,60109
DO1002261225,LE021026,BCENTRAL/ LT 20261002 GTIA,17180000,DOP,1718,8.286446,98.95227,14/08/2026,04:28:13 PM,CONTADO,PRIMERA PARTE,ROTC,17/08/2026,CONFIRMADA,3284559,0,02/10/2025,02/10/2026,0,BANCO CENTRAL DE LA REPUBLICA DOMINICANA,BCENTRAL,59255
DO1002261225,LE021026,BCENTRAL/ LT 20261002 GTIA,17180000,DOP,1718,8,98.95227,14/08/2026,04:28:07 PM,PRESTAMO,SEGUNDA PARTE,ROTC,15/09/2026,CONFIRMADA,3284558,0,02/10/2025,02/10/2026,0.02,BANCO CENTRAL DE LA REPUBLICA DOMINICANA,BCENTRAL,57351
DO1002261225,LE021026,BCENTRAL/ LT 20261002 GTIA,17180000,DOP,1718,8,98.95227,14/08/2026,04:28:07 PM,PRESTAMO,PRIMERA PARTE,ROTC,17/08/2026,CONFIRMADA,3284558,0,02/10/2025,02/10/2026,0.02,BANCO CENTRAL DE LA REPUBLICA DOMINICANA,BCENTRAL,57421
DO1002261225,LE021026,BCENTRAL/ LT 20261002 GTIA,17180000,DOP,1718,8.752943,99.588368,14/08/2026,04:28:05 PM,PLAZO,PRIMERA PARTE,ROTC,15/09/2026,CONFIRMADA,3284557,0,02/10/2025,02/10/2026,0,BANCO CENTRAL DE LA REPUBLICA DOMINICANA,BCENTRAL,58779
USP3579EBV85,BSDR2027,DOMINICAN Rep/5.95 BD 20270125 Se,347000,USD,347,4.4,100.500942,14/08/2026,04:27:50 PM,PRESTAMO,SEGUNDA PARTE,ROTC,18/11/2026,CONFIRMADA,3284556,0,25/01/2017,25/01/2027,0.02,MINISTERIO DE HACIENDA,HACIENDA,62272
USP3579EBV85,BSDR2027,DOMINICAN Rep/5.95 BD 20270125 Se,347000,USD,347,4.4,100.500942,14/08/2026,04:27:50 PM,PRESTAMO,PRIMERA PARTE,ROTC,17/08/2026,CONFIRMADA,3284556,0,25/01/2017,25/01/2027,0.02,MINISTERIO DE HACIENDA,HACIENDA,62370
USP3579EBV85,BSDR2027,DOMINICAN Rep/5.95 BD 20270125 Se,347000,USD,347,5.146041,100.138197,14/08/2026,04:27:45 PM,PLAZO,PRIMERA PARTE,ROTC,18/11/2026,CONFIRMADA,3284555,0,25/01/2017,25/01/2027,0,MINISTERIO DE HACIENDA,HACIENDA,62594
USP3579EBV85,BSDR2027,DOMINICAN Rep/5.95 BD 20270125 Se,347000,USD,347,4.7743,100.500942,14/08/2026,04:27:40 PM,CONTADO,PRIMERA PARTE,ROTC,17/08/2026,CONFIRMADA,3284554,0,25/01/2017,25/01/2027,0,MINISTERIO DE HACIENDA,HACIENDA,62797
DO1002223928,NO120227,BCENTRAL/8 BOEST 20270212 GTIA,8060000,DOP,806,8.7,99.581131,14/08/2026,04:26:21 PM,PRESTAMO,SEGUNDA PARTE,ROTC,17/11/2026,CONFIRMADA,3284553,0,12/02/2022,12/02/2027,0.02,BANCO CENTRAL DE LA REPUBLICA DOMINICANA,BCENTRAL,59689
DO1002223928,NO120227,BCENTRAL/8 BOEST 20270212 GTIA,8060000,DOP,806,8.7,99.581131,14/08/2026,04:26:21 PM,PRESTAMO,PRIMERA PARTE,ROTC,17/08/2026,CONFIRMADA,3284553,0,12/02/2022,12/02/2027,0.02,BANCO CENTRAL DE LA REPUBLICA DOMINICANA,BCENTRAL,59794
DO1002223928,NO120227,BCENTRAL/8 BOEST 20270212 GTIA,8060000,DOP,806,8.812295,99.792473,14/08/2026,04:26:11 PM,PLAZO,PRIMERA PARTE,ROTC,17/11/2026,CONFIRMADA,3284552,0,12/02/2022,12/02/2027,0,BANCO CENTRAL DE LA REPUBLICA DOMINICANA,BCENTRAL,60053
DO1002223928,NO120227,BCENTRAL/8 BOEST 20270212 GTIA,8060000,DOP,806,8.894003,99.581131,14/08/2026,04:26:03 PM,CONTADO,PRIMERA PARTE,ROTC,17/08/2026,CONFIRMADA,3284551,0,12/02/2022,12/02/2027,0,BANCO CENTRAL DE LA REPUBLICA DOMINICANA,BCENTRAL,60900
DO2018100324,BC1AES03,AESTRELLA/11.25 BO 20301130,2017794,DOP,2017794,10.5006,102.437188,14/08/2026,04:25:44 PM,ESTRUCTURADA,SEGUNDA PARTE,ROTC,16/11/2026,CONFIRMADA,3284522,0,30/11/2020,30/11/2030,9.3,ACERO ESTRELLA S A,AESTRELLA,63175
DO2018100324,BC1AES03,AESTRELLA/11.25 BO 20301130,2017794,DOP,2017794,11.2504,99.99337,14/08/2026,04:25:44 PM,ESTRUCTURADA,PRIMERA PARTE,ROTC,18/08/2026,CONFIRMADA,3284522,0,30/11/2020,30/11/2030,9.3,ACERO ESTRELLA S A,AESTRELLA,62734
DO2018100324,BC1AES03,AESTRELLA/11.25 BO 20301130,2017794,DOP,2017794,10.5006,102.437188,14/08/2026,04:25:43 PM,PRESTAMO,SEGUNDA PARTE,ROTC,16/11/2026,CONFIRMADA,3284523,0,30/11/2020,30/11/2030,4.624063,ACERO ESTRELLA S A,AESTRELLA,61068
DO2018100324,BC1AES03,AESTRELLA/11.25 BO 20301130,2017794,DOP,2017794,11.2504,99.99337,14/08/2026,04:25:43 PM,PRESTAMO,PRIMERA PARTE,ROTC,18/08/2026,CONFIRMADA,3284523,0,30/11/2020,30/11/2030,4.624063,ACERO ESTRELLA S A,AESTRELLA,60627
DO2018100324,BC1AES03,AESTRELLA/11.25 BO 20301130,1548869,DOP,1548869,10.4538,102.676809,14/08/2026,04:21:58 PM,ESTRUCTURADA,SEGUNDA PARTE,ROTC,16/09/2026,CONFIRMADA,3284518,0,30/11/2020,30/11/2030,9.05,ACERO ESTRELLA S A,AESTRELLA,63483
DO2018100324,BC1AES03,AESTRELLA/11.25 BO 20301130,1548869,DOP,1548869,11.2503,99.99337,14/08/2026,04:21:58 PM,ESTRUCTURADA,PRIMERA PARTE,ROTC,17/08/2026,CONFIRMADA,3284518,0,30/11/2020,30/11/2030,9.05,ACERO ESTRELLA S A,AESTRELLA,62881
DO2018100324,BC1AES03,AESTRELLA/11.25 BO 20301130,1548869,DOP,1548869,10.4538,102.676809,14/08/2026,04:21:56 PM,PRESTAMO,SEGUNDA PARTE,ROTC,16/09/2026,CONFIRMADA,3284519,0,30/11/2020,30/11/2030,3.107934,ACERO ESTRELLA S A,AESTRELLA,61369
DO2018100324,BC1AES03,AESTRELLA/11.25 BO 20301130,1548869,DOP,1548869,11.2503,99.99337,14/08/2026,04:21:56 PM,PRESTAMO,PRIMERA PARTE,ROTC,17/08/2026,CONFIRMADA,3284519,0,30/11/2020,30/11/2030,3.107934,ACERO ESTRELLA S A,AESTRELLA,60767
DO2018100324,BC1AES03,AESTRELLA/11.25 BO 20301130,523171,DOP,523171,10.4739,102.563745,14/08/2026,04:19:39 PM,PRESTAMO,SEGUNDA PARTE,ROTC,16/10/2026,CONFIRMADA,3284521,0,30/11/2020,30/11/2030,3.863968,ACERO ESTRELLA S A,AESTRELLA,60368
DO2018100324,BC1AES03,AESTRELLA/11.25 BO 20301130,523171,DOP,523171,11.2504,99.99337,14/08/2026,04:19:39 PM,PRESTAMO,PRIMERA PARTE,ROTC,18/08/2026,CONFIRMADA,3284521,0,30/11/2020,30/11/2030,3.863968,ACERO ESTRELLA S A,AESTRELLA,59857
DO2018100324,BC1AES03,AESTRELLA/11.25 BO 20301130,523171,DOP,523171,10.4739,102.563745,14/08/2026,04:19:37 PM,ESTRUCTURADA,SEGUNDA PARTE,ROTC,16/10/2026,CONFIRMADA,3284520,0,30/11/2020,30/11/2030,9.25,ACERO ESTRELLA S A,AESTRELLA,62454
DO2018100324,BC1AES03,AESTRELLA/11.25 BO 20301130,523171,DOP,523171,11.2504,99.99337,14/08/2026,04:19:37 PM,ESTRUCTURADA,PRIMERA PARTE,ROTC,18/08/2026,CONFIRMADA,3284520,0,30/11/2020,30/11/2030,9.25,ACERO ESTRELLA S A,AESTRELLA,61943
DO2018100324,BC1AES03,AESTRELLA/11.25 BO 20301130,322969,DOP,322969,10.4538,102.676811,14/08/2026,04:17:28 PM,ESTRUCTURADA,SEGUNDA PARTE,ROTC,16/09/2026,CONFIRMADA,3284487,0,30/11/2020,30/11/2030,9.05,ACERO ESTRELLA S A,AESTRELLA,62636
DO2018100324,BC1AES03,AESTRELLA/11.25 BO 20301130,322969,DOP,322969,11.2503,99.99337,14/08/2026,04:17:28 PM,ESTRUCTURADA,PRIMERA PARTE,ROTC,17/08/2026,CONFIRMADA,3284487,0,30/11/2020,30/11/2030,9.05,ACERO ESTRELLA S A,AESTRELLA,62083
DO2018100324,BC1AES03,AESTRELLA/11.25 BO 20301130,322969,DOP,322969,10.4538,102.676811,14/08/2026,04:17:27 PM,PRESTAMO,SEGUNDA PARTE,ROTC,16/09/2026,CONFIRMADA,3284488,0,30/11/2020,30/11/2030,3.107936,ACERO ESTRELLA S A,AESTRELLA,60529
DO2018100324,BC1AES03,AESTRELLA/11.25 BO 20301130,322969,DOP,322969,11.2503,99.99337,14/08/2026,04:17:27 PM,PRESTAMO,PRIMERA PARTE,ROTC,17/08/2026,CONFIRMADA,3284488,0,30/11/2020,30/11/2030,3.107936,ACERO ESTRELLA S A,AESTRELLA,59976
DO2018100324,BC1AES03,AESTRELLA/11.25 BO 20301130,422148,DOP,422148,10.4435,102.626297,14/08/2026,04:14:48 PM,ESTRUCTURADA,SEGUNDA PARTE,ROTC,16/11/2026,CONFIRMADA,3284485,0,30/11/2020,30/11/2030,10.05,ACERO ESTRELLA S A,AESTRELLA,62433
DO2018100324,BC1AES03,AESTRELLA/11.25 BO 20301130,422148,DOP,422148,11.2503,99.99337,14/08/2026,04:14:48 PM,ESTRUCTURADA,PRIMERA PARTE,ROTC,17/08/2026,CONFIRMADA,3284485,0,30/11/2020,30/11/2030,10.05,ACERO ESTRELLA S A,AESTRELLA,61936
DO2018100324,BC1AES03,AESTRELLA/11.25 BO 20301130,422148,DOP,422148,10.4435,102.626297,14/08/2026,04:14:47 PM,PRESTAMO,SEGUNDA PARTE,ROTC,16/11/2026,CONFIRMADA,3284486,0,30/11/2020,30/11/2030,4.795789,ACERO ESTRELLA S A,AESTRELLA,60326
DO2018100324,BC1AES03,AESTRELLA/11.25 BO 20301130,422148,DOP,422148,11.2503,99.99337,14/08/2026,04:14:47 PM,PRESTAMO,PRIMERA PARTE,ROTC,17/08/2026,CONFIRMADA,3284486,0,30/11/2020,30/11/2030,4.795789,ACERO ESTRELLA S A,AESTRELLA,59829
DO1005205716,MHUS2027,HACIENDA/6 BOEST 20270305 GTIA,4000000,USD,4000,1.120364,102.64,14/08/2026,04:14:22 PM,CONTADO,PRIMERA PARTE,ROTC,18/08/2026,CONFIRMADA,3284017,0,05/09/2016,05/03/2027,0,MINISTERIO DE HACIENDA,HACIENDA,60081
DO1005208215,MHUS2029,HACIENDA/6.95 BOEST 20290626 GTIA,2500000,USD,2500,2.452936,112.325,14/08/2026,04:14:13 PM,CONTADO,PRIMERA PARTE,ROTC,18/08/2026,CONFIRMADA,3284014,0,26/06/2020,26/06/2029,0,MINISTERIO DE HACIENDA,HACIENDA,61705
DO2018100324,BC1AES03,AESTRELLA/11.25 BO 20301130,804075,DOP,804075,10.5006,102.437189,14/08/2026,04:13:53 PM,PRESTAMO,SEGUNDA PARTE,ROTC,16/11/2026,CONFIRMADA,3284483,0,30/11/2020,30/11/2030,4.624064,ACERO ESTRELLA S A,AESTRELLA,60305
DO2018100324,BC1AES03,AESTRELLA/11.25 BO 20301130,804075,DOP,804075,11.2504,99.99337,14/08/2026,04:13:53 PM,PRESTAMO,PRIMERA PARTE,ROTC,18/08/2026,CONFIRMADA,3284483,0,30/11/2020,30/11/2030,4.624064,ACERO ESTRELLA S A,AESTRELLA,59857
DO2018100324,BC1AES03,AESTRELLA/11.25 BO 20301130,804075,DOP,804075,10.5006,102.437189,14/08/2026,04:13:52 PM,ESTRUCTURADA,SEGUNDA PARTE,ROTC,16/11/2026,CONFIRMADA,3284482,0,30/11/2020,30/11/2030,9.3,ACERO ESTRELLA S A,AESTRELLA,62398
DO2018100324,BC1AES03,AESTRELLA/11.25 BO 20301130,804075,DOP,804075,11.2504,99.99337,14/08/2026,04:13:52 PM,ESTRUCTURADA,PRIMERA PARTE,ROTC,18/08/2026,CONFIRMADA,3284482,0,30/11/2020,30/11/2030,9.3,ACERO ESTRELLA S A,AESTRELLA,61950
USP3579ECE51,BSRD2049,"DOMINICAN, REP /6.4 BD 20490605",306000,USD,306,6,104.923058,14/08/2026,04:12:54 PM,CONTADO,PRIMERA PARTE,ROTC,18/08/2026,CONFIRMADA,3284475,0,05/06/2019,05/06/2049,0,MINISTERIO DE HACIENDA,HACIENDA,59094
DO1005208629,MH12031,HACIENDA/8.5 BOEST 20310611 GTIA,27000000,DOP,270,8.2,101.640609,14/08/2026,04:12:53 PM,CONTADO,PRIMERA PARTE,ROTC,18/08/2026,CONFIRMADA,3284476,0,11/06/2021,11/06/2031,0,MINISTERIO DE HACIENDA,HACIENDA,59661
USP3579ECG00,BSRD2060,DOMINICAN REP/5.875 BD 20600130 U,300000,USD,300,5.25,109.7986,14/08/2026,04:12:52 PM,CONTADO,PRIMERA PARTE,ROTC,17/08/2026,CONFIRMADA,3284477,0,30/01/2020,30/01/2060,0,MINISTERIO DE HACIENDA,HACIENDA,60298
USP3579ECG00,BSRD2060,DOMINICAN REP/5.875 BD 20600130 U,4027000,USD,4027,6.903,86.642669,14/08/2026,04:10:41 PM,PLAZO,PRIMERA PARTE,ROTC,25/08/2026,CONFIRMADA,3284249,0,30/01/2020,30/01/2060,0,MINISTERIO DE HACIENDA,HACIENDA,60928
DO2018100324,BC1AES03,AESTRELLA/11.25 BO 20301130,52599,DOP,52599,10.4533,102.677009,14/08/2026,04:09:22 PM,ESTRUCTURADA,SEGUNDA PARTE,ROTC,17/09/2026,CONFIRMADA,3284480,0,30/11/2020,30/11/2030,9.05,ACERO ESTRELLA S A,AESTRELLA,61887
DO2018100324,BC1AES03,AESTRELLA/11.25 BO 20301130,52599,DOP,52599,11.2504,99.99337,14/08/2026,04:09:22 PM,ESTRUCTURADA,PRIMERA PARTE,ROTC,18/08/2026,CONFIRMADA,3284480,0,30/11/2020,30/11/2030,9.05,ACERO ESTRELLA S A,AESTRELLA,61376
DO2018100324,BC1AES03,AESTRELLA/11.25 BO 20301130,52599,DOP,52599,10.4533,102.677009,14/08/2026,04:09:21 PM,PRESTAMO,SEGUNDA PARTE,ROTC,17/09/2026,CONFIRMADA,3284481,0,30/11/2020,30/11/2030,3.137057,ACERO ESTRELLA S A,AESTRELLA,59780
DO2018100324,BC1AES03,AESTRELLA/11.25 BO 20301130,52599,DOP,52599,11.2504,99.99337,14/08/2026,04:09:21 PM,PRESTAMO,PRIMERA PARTE,ROTC,18/08/2026,CONFIRMADA,3284481,0,30/11/2020,30/11/2030,3.137057,ACERO ESTRELLA S A,AESTRELLA,59269
DO2018100324,BC1AES03,AESTRELLA/11.25 BO 20301130,10949,DOP,10949,10.4533,102.677048,14/08/2026,04:08:44 PM,PRESTAMO,SEGUNDA PARTE,ROTC,17/09/2026,CONFIRMADA,3284479,0,30/11/2020,30/11/2030,3.137049,ACERO ESTRELLA S A,AESTRELLA,59731
DO2018100324,BC1AES03,AESTRELLA/11.25 BO 20301130,10949,DOP,10949,11.2504,99.99337,14/08/2026,04:08:44 PM,PRESTAMO,PRIMERA PARTE,ROTC,18/08/2026,CONFIRMADA,3284479,0,30/11/2020,30/11/2030,3.137049,ACERO ESTRELLA S A,AESTRELLA,59199
DO2018100324,BC1AES03,AESTRELLA/11.25 BO 20301130,10949,DOP,10949,10.4533,102.677048,14/08/2026,04:08:42 PM,ESTRUCTURADA,SEGUNDA PARTE,ROTC,17/09/2026,CONFIRMADA,3284478,0,30/11/2020,30/11/2030,9.05,ACERO ESTRELLA S A,AESTRELLA,61817
DO2018100324,BC1AES03,AESTRELLA/11.25 BO 20301130,10949,DOP,10949,11.2504,99.99337,14/08/2026,04:08:42 PM,ESTRUCTURADA,PRIMERA PARTE,ROTC,18/08/2026,CONFIRMADA,3284478,0,30/11/2020,30/11/2030,9.05,ACERO ESTRELLA S A,AESTRELLA,61285
DO1005208215,MHUS2029,HACIENDA/6.95 BOEST 20290626 GTIA,1766000,USD,1766,2.45,112.298734,14/08/2026,04:06:16 PM,PLAZO,PRIMERA PARTE,ROTC,21/08/2026,CONFIRMADA,3284474,0,26/06/2020,26/06/2029,0,MINISTERIO DE HACIENDA,HACIENDA,60648
DO1002261522,NO180130,BCENTRAL/9.5 BOEST 20300118 GTIA,10000000,DOP,1000,9.2,100.848661,14/08/2026,04:05:16 PM,CONTADO,PRIMERA PARTE,ROTC,17/08/2026,CONFIRMADA,3284503,0,18/01/2026,18/01/2030,0,BANCO CENTRAL DE LA REPUBLICA DOMINICANA,BCENTRAL,60515
DO1002223928,NO120227,BCENTRAL/8 BOEST 20270212 GTIA,15980000,DOP,1598,9,100.016461,14/08/2026,04:05:07 PM,PRESTAMO,SEGUNDA PARTE,ROTC,14/01/2027,CONFIRMADA,3284502,0,12/02/2022,12/02/2027,0.02,BANCO CENTRAL DE LA REPUBLICA DOMINICANA,BCENTRAL,59983
DO1002223928,NO120227,BCENTRAL/8 BOEST 20270212 GTIA,15980000,DOP,1598,9,100.016461,14/08/2026,04:05:07 PM,PRESTAMO,PRIMERA PARTE,ROTC,17/08/2026,CONFIRMADA,3284502,0,12/02/2022,12/02/2027,0.02,BANCO CENTRAL DE LA REPUBLICA DOMINICANA,BCENTRAL,60109
DO1002223928,NO120227,BCENTRAL/8 BOEST 20270212 GTIA,15980000,DOP,1598,1.574967,100.501941,14/08/2026,04:05:00 PM,PLAZO,PRIMERA PARTE,ROTC,14/01/2027,CONFIRMADA,3284501,0,12/02/2022,12/02/2027,0,BANCO CENTRAL DE LA REPUBLICA DOMINICANA,BCENTRAL,60956
DO1002223928,NO120227,BCENTRAL/8 BOEST 20270212 GTIA,15980000,DOP,1598,7.960448,100.016461,14/08/2026,04:04:56 PM,CONTADO,PRIMERA PARTE,ROTC,17/08/2026,CONFIRMADA,3284500,0,12/02/2022,12/02/2027,0,BANCO CENTRAL DE LA REPUBLICA DOMINICANA,BCENTRAL,61978
DO1002223928,NO120227,BCENTRAL/8 BOEST 20270212 GTIA,2610000,DOP,261,9.47,99.850883,14/08/2026,04:04:36 PM,PRESTAMO,SEGUNDA PARTE,ROTC,15/12/2026,CONFIRMADA,3284499,0,12/02/2022,12/02/2027,0.02,BANCO CENTRAL DE LA REPUBLICA DOMINICANA,BCENTRAL,60088
DO1002223928,NO120227,BCENTRAL/8 BOEST 20270212 GTIA,2610000,DOP,261,9.47,99.850883,14/08/2026,04:04:36 PM,PRESTAMO,PRIMERA PARTE,ROTC,17/08/2026,CONFIRMADA,3284499,0,12/02/2022,12/02/2027,0.02,BANCO CENTRAL DE LA REPUBLICA DOMINICANA,BCENTRAL,60200
DO1002223928,NO120227,BCENTRAL/8 BOEST 20270212 GTIA,2610000,DOP,261,5.443668,100.390914,14/08/2026,04:04:32 PM,PLAZO,PRIMERA PARTE,ROTC,15/12/2026,CONFIRMADA,3284498,0,12/02/2022,12/02/2027,0,BANCO CENTRAL DE LA REPUBLICA DOMINICANA,BCENTRAL,60151
DO1002223928,NO120227,BCENTRAL/8 BOEST 20270212 GTIA,2610000,DOP,261,8.314555,99.850883,14/08/2026,04:04:25 PM,CONTADO,PRIMERA PARTE,ROTC,17/08/2026,CONFIRMADA,3284497,0,12/02/2022,12/02/2027,0,BANCO CENTRAL DE LA REPUBLICA DOMINICANA,BCENTRAL,60914
DO1002223928,NO120227,BCENTRAL/8 BOEST 20270212 GTIA,5000000,DOP,500,8.6,99.940251,14/08/2026,04:04:14 PM,PRESTAMO,SEGUNDA PARTE,ROTC,16/10/2026,CONFIRMADA,3284496,0,12/02/2022,12/02/2027,0.02,BANCO CENTRAL DE LA REPUBLICA DOMINICANA,BCENTRAL,59542
DO1002223928,NO120227,BCENTRAL/8 BOEST 20270212 GTIA,5000000,DOP,500,8.6,99.940251,14/08/2026,04:04:14 PM,PRESTAMO,PRIMERA PARTE,ROTC,17/08/2026,CONFIRMADA,3284496,0,12/02/2022,12/02/2027,0.02,BANCO CENTRAL DE LA REPUBLICA DOMINICANA,BCENTRAL,59661
DO1002223928,NO120227,BCENTRAL/8 BOEST 20270212 GTIA,5000000,DOP,500,7.7322939999999996,100.066603,14/08/2026,04:04:09 PM,PLAZO,PRIMERA PARTE,ROTC,16/10/2026,CONFIRMADA,3284495,0,12/02/2022,12/02/2027,0,BANCO CENTRAL DE LA REPUBLICA DOMINICANA,BCENTRAL,60067
DO1002223928,NO120227,BCENTRAL/8 BOEST 20270212 GTIA,5000000,DOP,500,8.123284,99.940251,14/08/2026,04:04:04 PM,CONTADO,PRIMERA PARTE,ROTC,17/08/2026,CONFIRMADA,3284494,0,12/02/2022,12/02/2027,0,BANCO CENTRAL DE LA REPUBLICA DOMINICANA,BCENTRAL,60739
DO1002223928,NO120227,BCENTRAL/8 BOEST 20270212 GTIA,2560000,DOP,256,8.1,99.354586,14/08/2026,04:03:54 PM,PRESTAMO,SEGUNDA PARTE,ROTC,16/10/2026,CONFIRMADA,3284493,0,12/02/2022,12/02/2027,0.02,BANCO CENTRAL DE LA REPUBLICA DOMINICANA,BCENTRAL,59710
DO1002223928,NO120227,BCENTRAL/8 BOEST 20270212 GTIA,2560000,DOP,256,8.1,99.354586,14/08/2026,04:03:54 PM,PRESTAMO,PRIMERA PARTE,ROTC,17/08/2026,CONFIRMADA,3284493,0,12/02/2022,12/02/2027,0.02,BANCO CENTRAL DE LA REPUBLICA DOMINICANA,BCENTRAL,59829
DO1002223928,NO120227,BCENTRAL/8 BOEST 20270212 GTIA,2560000,DOP,256,9.893214,99.389677,14/08/2026,04:03:46 PM,PLAZO,PRIMERA PARTE,ROTC,16/10/2026,CONFIRMADA,3284492,0,12/02/2022,12/02/2027,0,BANCO CENTRAL DE LA REPUBLICA DOMINICANA,BCENTRAL,60109
DO1002223928,NO120227,BCENTRAL/8 BOEST 20270212 GTIA,2560000,DOP,256,9.383101,99.354586,14/08/2026,04:03:20 PM,CONTADO,PRIMERA PARTE,ROTC,17/08/2026,CONFIRMADA,3284491,0,12/02/2022,12/02/2027,0,BANCO CENTRAL DE LA REPUBLICA DOMINICANA,BCENTRAL,60879
USP3579ECG00,BSRD2060,DOMINICAN REP/5.875 BD 20600130 U,1151000,USD,1151,6.9017,86.657601,14/08/2026,04:03:13 PM,PLAZO,PRIMERA PARTE,ROTC,21/08/2026,CONFIRMADA,3284250,0,30/01/2020,30/01/2060,0,MINISTERIO DE HACIENDA,HACIENDA,61152
DO1002223928,NO120227,BCENTRAL/8 BOEST 20270212 GTIA,2150000,DOP,215,8.1,99.456466,14/08/2026,04:03:10 PM,PRESTAMO,SEGUNDA PARTE,ROTC,16/10/2026,CONFIRMADA,3284490,0,12/02/2022,12/02/2027,0.02,BANCO CENTRAL DE LA REPUBLICA DOMINICANA,BCENTRAL,59584
DO1002223928,NO120227,BCENTRAL/8 BOEST 20270212 GTIA,2150000,DOP,215,8.1,99.456466,14/08/2026,04:03:10 PM,PRESTAMO,PRIMERA PARTE,ROTC,17/08/2026,CONFIRMADA,3284490,0,12/02/2022,12/02/2027,0.02,BANCO CENTRAL DE LA REPUBLICA DOMINICANA,BCENTRAL,59703
DO1002223928,NO120227,BCENTRAL/8 BOEST 20270212 GTIA,2150000,DOP,215,9.561221,99.492929,14/08/2026,04:02:09 PM,PLAZO,PRIMERA PARTE,ROTC,16/10/2026,CONFIRMADA,3284489,0,12/02/2022,12/02/2027,0,BANCO CENTRAL DE LA REPUBLICA DOMINICANA,BCENTRAL,59920
DO1002223928,NO120227,BCENTRAL/8 BOEST 20270212 GTIA,2150000,DOP,215,9.162868,99.456466,14/08/2026,04:01:46 PM,CONTADO,PRIMERA PARTE,ROTC,17/08/2026,CONFIRMADA,3284484,0,12/02/2022,12/02/2027,0,BANCO CENTRAL DE LA REPUBLICA DOMINICANA,BCENTRAL,60956
DO2006901311,BC1ITA01,EGEITABO/5.65 BO 20311208,4155,USD,4155,5.379,101.209146,14/08/2026,03:59:37 PM,ESTRUCTURADA,SEGUNDA PARTE,ROTC,16/10/2026,CONFIRMADA,3284377,0,08/12/2021,08/12/2031,4.25,"EMPRESA GENERADORA DE ELECTRICIDAD ITABO, S.A.",EGEITABO,59549
DO2006901311,BC1ITA01,EGEITABO/5.65 BO 20311208,4155,USD,4155,5.65,99.997858,14/08/2026,03:59:37 PM,ESTRUCTURADA,PRIMERA PARTE,ROTC,17/08/2026,CONFIRMADA,3284377,0,08/12/2021,08/12/2031,4.25,"EMPRESA GENERADORA DE ELECTRICIDAD ITABO, S.A.",EGEITABO,59220
DO2006901311,BC1ITA01,EGEITABO/5.65 BO 20311208,4155,USD,4155,5.379,101.209146,14/08/2026,03:59:36 PM,PRESTAMO,SEGUNDA PARTE,ROTC,16/10/2026,CONFIRMADA,3284378,0,08/12/2021,08/12/2031,1.767722,"EMPRESA GENERADORA DE ELECTRICIDAD ITABO, S.A.",EGEITABO,57442
DO2006901311,BC1ITA01,EGEITABO/5.65 BO 20311208,4155,USD,4155,5.65,99.997858,14/08/2026,03:59:36 PM,PRESTAMO,PRIMERA PARTE,ROTC,17/08/2026,CONFIRMADA,3284378,0,08/12/2021,08/12/2031,1.767722,"EMPRESA GENERADORA DE ELECTRICIDAD ITABO, S.A.",EGEITABO,57113
DO2018100324,BC1AES03,AESTRELLA/11.25 BO 20301130,274767,DOP,274767,10.4753,102.558775,14/08/2026,03:58:19 PM,PRESTAMO,SEGUNDA PARTE,ROTC,16/10/2026,CONFIRMADA,3284376,0,30/11/2020,30/11/2030,3.859375,ACERO ESTRELLA S A,AESTRELLA,60585
DO2018100324,BC1AES03,AESTRELLA/11.25 BO 20301130,274767,DOP,274767,11.2503,99.99337,14/08/2026,03:58:19 PM,PRESTAMO,PRIMERA PARTE,ROTC,17/08/2026,CONFIRMADA,3284376,0,30/11/2020,30/11/2030,3.859375,ACERO ESTRELLA S A,AESTRELLA,60039
DO2018100324,BC1AES03,AESTRELLA/11.25 BO 20301130,274767,DOP,274767,10.4753,102.558775,14/08/2026,03:58:17 PM,ESTRUCTURADA,SEGUNDA PARTE,ROTC,16/10/2026,CONFIRMADA,3284375,0,30/11/2020,30/11/2030,9.25,ACERO ESTRELLA S A,AESTRELLA,62671
DO2018100324,BC1AES03,AESTRELLA/11.25 BO 20301130,274767,DOP,274767,11.2503,99.99337,14/08/2026,03:58:17 PM,ESTRUCTURADA,PRIMERA PARTE,ROTC,17/08/2026,CONFIRMADA,3284375,0,30/11/2020,30/11/2030,9.25,ACERO ESTRELLA S A,AESTRELLA,62125
DO1002261522,NO180130,BCENTRAL/9.5 BOEST 20300118 GTIA,250000000,DOP,25000,8.995,101.444217,14/08/2026,03:54:16 PM,CONTADO,PRIMERA PARTE,ROTC,17/08/2026,CONFIRMADA,3283034,0,18/01/2026,18/01/2030,0,BANCO CENTRAL DE LA REPUBLICA DOMINICANA,BCENTRAL,62034
DO2018100324,BC1AES03,AESTRELLA/11.25 BO 20301130,264131,DOP,264131,10.4739,102.563747,14/08/2026,03:52:17 PM,ESTRUCTURADA,SEGUNDA PARTE,ROTC,16/10/2026,CONFIRMADA,3284373,0,30/11/2020,30/11/2030,9.25,ACERO ESTRELLA S A,AESTRELLA,62398
DO2018100324,BC1AES03,AESTRELLA/11.25 BO 20301130,264131,DOP,264131,11.2504,99.99337,14/08/2026,03:52:17 PM,ESTRUCTURADA,PRIMERA PARTE,ROTC,18/08/2026,CONFIRMADA,3284373,0,30/11/2020,30/11/2030,9.25,ACERO ESTRELLA S A,AESTRELLA,61873
DO2018100324,BC1AES03,AESTRELLA/11.25 BO 20301130,264131,DOP,264131,10.4739,102.563747,14/08/2026,03:52:16 PM,PRESTAMO,SEGUNDA PARTE,ROTC,16/10/2026,CONFIRMADA,3284374,0,30/11/2020,30/11/2030,3.863969,ACERO ESTRELLA S A,AESTRELLA,60291
DO2018100324,BC1AES03,AESTRELLA/11.25 BO 20301130,264131,DOP,264131,11.2504,99.99337,14/08/2026,03:52:16 PM,PRESTAMO,PRIMERA PARTE,ROTC,18/08/2026,CONFIRMADA,3284374,0,30/11/2020,30/11/2030,3.863969,ACERO ESTRELLA S A,AESTRELLA,59766
DO1002261324,NO241128,BCENTRAL/9.25 BOEST 20281124 GTIA,70000,DOP,7,9.20000016,100.074348,14/08/2026,03:51:48 PM,CONTADO,PRIMERA PARTE,ROTC,18/08/2026,CONFIRMADA,3284473,0,24/11/2025,24/11/2028,0,BANCO CENTRAL DE LA REPUBLICA DOMINICANA,BCENTRAL,61397
DO2018100324,BC1AES03,AESTRELLA/11.25 BO 20301130,190353,DOP,190353,8.8098,107.645627,14/08/2026,03:49:46 PM,ESTRUCTURADA,SEGUNDA PARTE,ROTC,17/03/2027,CONFIRMADA,3284369,0,30/11/2020,30/11/2030,9.5,ACERO ESTRELLA S A,AESTRELLA,62286
DO2018100324,BC1AES03,AESTRELLA/11.25 BO 20301130,190353,DOP,190353,11.2505,99.99337,14/08/2026,03:49:46 PM,ESTRUCTURADA,PRIMERA PARTE,ROTC,19/08/2026,CONFIRMADA,3284369,0,30/11/2020,30/11/2030,9.5,ACERO ESTRELLA S A,AESTRELLA,61999
DO2018100324,BC1AES03,AESTRELLA/11.25 BO 20301130,190353,DOP,190353,8.8098,107.645627,14/08/2026,03:49:45 PM,PRESTAMO,SEGUNDA PARTE,ROTC,17/03/2027,CONFIRMADA,3284370,0,30/11/2020,30/11/2030,7.558714,ACERO ESTRELLA S A,AESTRELLA,60179
DO2018100324,BC1AES03,AESTRELLA/11.25 BO 20301130,190353,DOP,190353,11.2505,99.99337,14/08/2026,03:49:45 PM,PRESTAMO,PRIMERA PARTE,ROTC,19/08/2026,CONFIRMADA,3284370,0,30/11/2020,30/11/2030,7.558714,ACERO ESTRELLA S A,AESTRELLA,59892
USP3579ECV76,BSDR2036, ,100000000,DOP,2000,9.14,110.086535,14/08/2026,03:49:28 PM,CONTADO,PRIMERA PARTE,ROTC,18/08/2026,CONFIRMADA,3284276,0,01/07/2024,01/06/2036,0,MINISTERIO DE HACIENDA,HACIENDA,49105
DO2018100324,BC1AES03,AESTRELLA/11.25 BO 20301130,1421449,DOP,1421449,9.6762,105.031751,14/08/2026,03:45:12 PM,ESTRUCTURADA,SEGUNDA PARTE,ROTC,14/01/2027,CONFIRMADA,3284371,0,30/11/2020,30/11/2030,9.35,ACERO ESTRELLA S A,AESTRELLA,62776
DO2018100324,BC1AES03,AESTRELLA/11.25 BO 20301130,1421449,DOP,1421449,11.2503,99.99337,14/08/2026,03:45:12 PM,ESTRUCTURADA,PRIMERA PARTE,ROTC,17/08/2026,CONFIRMADA,3284371,0,30/11/2020,30/11/2030,9.35,ACERO ESTRELLA S A,AESTRELLA,62622
DO1002223621,NO150127,BCENTRAL/8 BOEST 20270115 GTIA,10000,DOP,1,7.2,100.307483,14/08/2026,03:45:12 PM,CONTADO,PRIMERA PARTE,ROTC,17/08/2026,CONFIRMADA,3284472,0,15/01/2022,15/01/2027,0,BANCO CENTRAL DE LA REPUBLICA DOMINICANA,BCENTRAL,57750
DO2018100324,BC1AES03,AESTRELLA/11.25 BO 20301130,1421449,DOP,1421449,9.6762,105.031751,14/08/2026,03:45:11 PM,PRESTAMO,SEGUNDA PARTE,ROTC,14/01/2027,CONFIRMADA,3284372,0,30/11/2020,30/11/2030,6.037816,ACERO ESTRELLA S A,AESTRELLA,60669
DO2018100324,BC1AES03,AESTRELLA/11.25 BO 20301130,1421449,DOP,1421449,11.2503,99.99337,14/08/2026,03:45:11 PM,PRESTAMO,PRIMERA PARTE,ROTC,17/08/2026,CONFIRMADA,3284372,0,30/11/2020,30/11/2030,6.037816,ACERO ESTRELLA S A,AESTRELLA,60515
DO1005211227,MH32029,HACIENDA/12.75 BOEST 20290923 GTIA,100000,DOP,1,12.175,96.35572,14/08/2026,03:43:38 PM,PRESTAMO,SEGUNDA PARTE,ROTC,15/09/2026,CONFIRMADA,3284471,0,23/09/2022,23/09/2029,7.95,MINISTERIO DE HACIENDA,HACIENDA,60067
DO1005211227,MH32029,HACIENDA/12.75 BOEST 20290923 GTIA,100000,DOP,1,14.0863,96.70389,14/08/2026,03:43:38 PM,PRESTAMO,PRIMERA PARTE,ROTC,18/08/2026,CONFIRMADA,3284471,0,23/09/2022,23/09/2029,7.95,MINISTERIO DE HACIENDA,HACIENDA,60557
DO1005211227,MH32029,HACIENDA/12.75 BOEST 20290923 GTIA,100000,DOP,1,12.175,96.35572,14/08/2026,03:43:37 PM,ESTRUCTURADA,SEGUNDA PARTE,ROTC,15/09/2026,CONFIRMADA,3284469,0,23/09/2022,23/09/2029,7.95,MINISTERIO DE HACIENDA,HACIENDA,62160
DO1005211227,MH32029,HACIENDA/12.75 BOEST 20290923 GTIA,100000,DOP,1,14.0863,96.70389,14/08/2026,03:43:37 PM,ESTRUCTURADA,PRIMERA PARTE,ROTC,18/08/2026,CONFIRMADA,3284469,0,23/09/2022,23/09/2029,7.95,MINISTERIO DE HACIENDA,HACIENDA,62650
DO1005211227,MH32029,HACIENDA/12.75 BOEST 20290923 GTIA,300000,DOP,3,12.9141,99.616393,14/08/2026,03:43:26 PM,PRESTAMO,SEGUNDA PARTE,ROTC,15/01/2027,CONFIRMADA,3284470,0,23/09/2022,23/09/2029,7.55,MINISTERIO DE HACIENDA,HACIENDA,60774
DO1005211227,MH32029,HACIENDA/12.75 BOEST 20290923 GTIA,300000,DOP,3,14.6914,95.26908,14/08/2026,03:43:26 PM,PRESTAMO,PRIMERA PARTE,ROTC,18/08/2026,CONFIRMADA,3284470,0,23/09/2022,23/09/2029,7.55,MINISTERIO DE HACIENDA,HACIENDA,60564
DO1005211227,MH32029,HACIENDA/12.75 BOEST 20290923 GTIA,300000,DOP,3,12.9141,99.616393,14/08/2026,03:43:25 PM,ESTRUCTURADA,SEGUNDA PARTE,ROTC,15/01/2027,CONFIRMADA,3284468,0,23/09/2022,23/09/2029,7.55,MINISTERIO DE HACIENDA,HACIENDA,62867
DO1005211227,MH32029,HACIENDA/12.75 BOEST 20290923 GTIA,300000,DOP,3,14.6914,95.26908,14/08/2026,03:43:25 PM,ESTRUCTURADA,PRIMERA PARTE,ROTC,18/08/2026,CONFIRMADA,3284468,0,23/09/2022,23/09/2029,7.55,MINISTERIO DE HACIENDA,HACIENDA,62657
DO1002223928,NO120227,BCENTRAL/8 BOEST 20270212 GTIA,70000,DOP,7,6.99655964,100.47,14/08/2026,03:43:19 PM,CONTADO,PRIMERA PARTE,ROTC,17/08/2026,CONFIRMADA,3284449,0,12/02/2022,12/02/2027,0,BANCO CENTRAL DE LA REPUBLICA DOMINICANA,BCENTRAL,59171
USP3579EBY25,BSRD2048,DOMINICAN REP/6.5 CHURCH BD UNSEC,102000,USD,102,6.71516353,97.57,14/08/2026,03:43:17 PM,CONTADO,PRIMERA PARTE,ROTC,17/08/2026,CONFIRMADA,3284450,0,08/02/2018,15/02/2048,0,MINISTERIO DE HACIENDA,HACIENDA,63287
USP3579ECF27,BSRD2030,DOMINICAN REP/4.5 BD 20300130 UNS,69000,USD,69,5.41526298,97.15,14/08/2026,03:43:16 PM,CONTADO,PRIMERA PARTE,ROTC,17/08/2026,CONFIRMADA,3284451,0,30/01/2020,30/01/2030,0,MINISTERIO DE HACIENDA,HACIENDA,61264
DO1002224223,NO260227,BCENTRAL/8 BOEST 20270226 GTIA,30000,DOP,3,9.60285792,99.18,14/08/2026,03:43:15 PM,CONTADO,PRIMERA PARTE,ROTC,18/08/2026,CONFIRMADA,3284452,0,26/02/2022,26/02/2027,0,BANCO CENTRAL DE LA REPUBLICA DOMINICANA,BCENTRAL,58779
DO1002228729,NO030328,BCENTRAL/9.5 BOEST 20280303 GTIA,10000,DOP,1,9.29604767,99.71,14/08/2026,03:43:13 PM,CONTADO,PRIMERA PARTE,ROTC,17/08/2026,CONFIRMADA,3284453,0,03/03/2025,03/03/2028,0,BANCO CENTRAL DE LA REPUBLICA DOMINICANA,BCENTRAL,59500
DO1002227317,NO150928,BCENTRAL/11 BOEST 20280915 GTIA,100000,DOP,10,9.40103317,102.94,14/08/2026,03:43:12 PM,CONTADO,PRIMERA PARTE,ROTC,17/08/2026,CONFIRMADA,3284454,0,15/09/2023,15/09/2028,0,BANCO CENTRAL DE LA REPUBLICA DOMINICANA,BCENTRAL,59941
DO1002228612,NO031227,BCENTRAL/8 BOEST 20271203 GTIA,220000,DOP,22,0,98.944255,14/08/2026,03:43:11 PM,PLAZO,PRIMERA PARTE,ROTC,14/09/2026,CONFIRMADA,3284456,0,03/12/2024,03/12/2027,0,BANCO CENTRAL DE LA REPUBLICA DOMINICANA,BCENTRAL,56623
DO1002228612,NO031227,BCENTRAL/8 BOEST 20271203 GTIA,220000,DOP,22,5,99.278614,14/08/2026,03:43:09 PM,PRESTAMO,SEGUNDA PARTE,ROTC,02/12/2026,CONFIRMADA,3284457,0,03/12/2024,03/12/2027,4.176482,BANCO CENTRAL DE LA REPUBLICA DOMINICANA,BCENTRAL,58184
DO1002228612,NO031227,BCENTRAL/8 BOEST 20271203 GTIA,220000,DOP,22,0,98.944255,14/08/2026,03:43:09 PM,PRESTAMO,PRIMERA PARTE,ROTC,14/09/2026,CONFIRMADA,3284457,0,03/12/2024,03/12/2027,4.176482,BANCO CENTRAL DE LA REPUBLICA DOMINICANA,BCENTRAL,58275
DO1002228612,NO031227,BCENTRAL/8 BOEST 20271203 GTIA,220000,DOP,22,5,99.278614,14/08/2026,03:43:08 PM,PLAZO,PRIMERA PARTE,ROTC,02/12/2026,CONFIRMADA,3284459,0,03/12/2024,03/12/2027,0,BANCO CENTRAL DE LA REPUBLICA DOMINICANA,BCENTRAL,56637
DO1002227317,NO150928,BCENTRAL/11 BOEST 20280915 GTIA,220000,DOP,22,0,100.91635,14/08/2026,03:43:07 PM,PLAZO,PRIMERA PARTE,ROTC,02/12/2026,CONFIRMADA,3284460,0,15/09/2023,15/09/2028,0,BANCO CENTRAL DE LA REPUBLICA DOMINICANA,BCENTRAL,56889
DO1002227317,NO150928,BCENTRAL/11 BOEST 20280915 GTIA,220000,DOP,22,5,100.594114,14/08/2026,03:43:05 PM,PRESTAMO,SEGUNDA PARTE,ROTC,15/02/2027,CONFIRMADA,3284461,0,15/09/2023,15/09/2028,4.111366,BANCO CENTRAL DE LA REPUBLICA DOMINICANA,BCENTRAL,58814
DO1002227317,NO150928,BCENTRAL/11 BOEST 20280915 GTIA,220000,DOP,22,0,100.91635,14/08/2026,03:43:05 PM,PRESTAMO,PRIMERA PARTE,ROTC,02/12/2026,CONFIRMADA,3284461,0,15/09/2023,15/09/2028,4.111366,BANCO CENTRAL DE LA REPUBLICA DOMINICANA,BCENTRAL,58478
DO1002227317,NO150928,BCENTRAL/11 BOEST 20280915 GTIA,220000,DOP,22,5,100.594114,14/08/2026,03:43:04 PM,PLAZO,PRIMERA PARTE,ROTC,15/02/2027,CONFIRMADA,3284463,0,15/09/2023,15/09/2028,0,BANCO CENTRAL DE LA REPUBLICA DOMINICANA,BCENTRAL,57267
DO1002227317,NO150928,BCENTRAL/11 BOEST 20280915 GTIA,210000,DOP,21,10.6574,100.604943,14/08/2026,03:43:03 PM,CONTADO,PRIMERA PARTE,ROTC,17/08/2026,CONFIRMADA,3284464,0,15/09/2023,15/09/2028,0,BANCO CENTRAL DE LA REPUBLICA DOMINICANA,BCENTRAL,60347
DO1002227317,NO150928,BCENTRAL/11 BOEST 20280915 GTIA,210000,DOP,21,7.1972,100.5333,14/08/2026,03:43:02 PM,PRESTAMO,SEGUNDA PARTE,ROTC,14/09/2026,CONFIRMADA,3284465,0,15/09/2023,15/09/2028,5.092729,BANCO CENTRAL DE LA REPUBLICA DOMINICANA,BCENTRAL,59885
DO1002227317,NO150928,BCENTRAL/11 BOEST 20280915 GTIA,210000,DOP,21,10.6574,100.604943,14/08/2026,03:43:02 PM,PRESTAMO,PRIMERA PARTE,ROTC,17/08/2026,CONFIRMADA,3284465,0,15/09/2023,15/09/2028,5.092729,BANCO CENTRAL DE LA REPUBLICA DOMINICANA,BCENTRAL,61033
DO1002227317,NO150928,BCENTRAL/11 BOEST 20280915 GTIA,210000,DOP,21,7.1972,100.5333,14/08/2026,03:43:01 PM,PLAZO,PRIMERA PARTE,ROTC,14/09/2026,CONFIRMADA,3284466,0,15/09/2023,15/09/2028,0,BANCO CENTRAL DE LA REPUBLICA DOMINICANA,BCENTRAL,58338
DO1002228612,NO031227,BCENTRAL/8 BOEST 20271203 GTIA,190000,DOP,19,8.214,97.395168,14/08/2026,03:42:38 PM,CONTADO,PRIMERA PARTE,ROTC,17/08/2026,CONFIRMADA,3284467,0,03/12/2024,03/12/2027,0,BANCO CENTRAL DE LA REPUBLICA DOMINICANA,BCENTRAL,59136
DO1002261225,LE021026,BCENTRAL/ LT 20261002 GTIA,1010000,DOP,101,7.5,99.009901,14/08/2026,03:42:07 PM,PRESTAMO,SEGUNDA PARTE,ROTC,18/09/2026,CONFIRMADA,3284462,0,02/10/2025,02/10/2026,0.02,BANCO CENTRAL DE LA REPUBLICA DOMINICANA,BCENTRAL,57442
DO1002261225,LE021026,BCENTRAL/ LT 20261002 GTIA,1010000,DOP,101,7.5,99.009901,14/08/2026,03:42:07 PM,PRESTAMO,PRIMERA PARTE,ROTC,17/08/2026,CONFIRMADA,3284462,0,02/10/2025,02/10/2026,0.02,BANCO CENTRAL DE LA REPUBLICA DOMINICANA,BCENTRAL,57491
DO1002261225,LE021026,BCENTRAL/ LT 20261002 GTIA,1010000,DOP,101,8.560222,99.668207,14/08/2026,03:42:02 PM,PLAZO,PRIMERA PARTE,ROTC,18/09/2026,CONFIRMADA,3284458,0,02/10/2025,02/10/2026,0,BANCO CENTRAL DE LA REPUBLICA DOMINICANA,BCENTRAL,57708
DO1002261225,LE021026,BCENTRAL/ LT 20261002 GTIA,1010000,DOP,101,7.826087,99.009901,14/08/2026,03:41:58 PM,CONTADO,PRIMERA PARTE,ROTC,17/08/2026,CONFIRMADA,3284455,0,02/10/2025,02/10/2026,0,BANCO CENTRAL DE LA REPUBLICA DOMINICANA,BCENTRAL,58695
DO1002261225,LE021026,BCENTRAL/ LT 20261002 GTIA,2430000,DOP,243,7.5,98.765432,14/08/2026,03:41:48 PM,PRESTAMO,SEGUNDA PARTE,ROTC,18/09/2026,CONFIRMADA,3284448,0,02/10/2025,02/10/2026,0.02,BANCO CENTRAL DE LA REPUBLICA DOMINICANA,BCENTRAL,57617
DO1002261225,LE021026,BCENTRAL/ LT 20261002 GTIA,2430000,DOP,243,7.5,98.765432,14/08/2026,03:41:48 PM,PRESTAMO,PRIMERA PARTE,ROTC,17/08/2026,CONFIRMADA,3284448,0,02/10/2025,02/10/2026,0.02,BANCO CENTRAL DE LA REPUBLICA DOMINICANA,BCENTRAL,57666
DO1002261225,LE021026,BCENTRAL/ LT 20261002 GTIA,2430000,DOP,243,14.94635,99.422112,14/08/2026,03:41:43 PM,PLAZO,PRIMERA PARTE,ROTC,18/09/2026,CONFIRMADA,3284447,0,02/10/2025,02/10/2026,0,BANCO CENTRAL DE LA REPUBLICA DOMINICANA,BCENTRAL,57764
DO1002261225,LE021026,BCENTRAL/ LT 20261002 GTIA,2430000,DOP,243,9.782609,98.765432,14/08/2026,03:41:35 PM,CONTADO,PRIMERA PARTE,ROTC,17/08/2026,CONFIRMADA,3284446,0,02/10/2025,02/10/2026,0,BANCO CENTRAL DE LA REPUBLICA DOMINICANA,BCENTRAL,58828
USP3579ECF27,BSRD2030,DOMINICAN REP/4.5 BD 20300130 UNS,60000,USD,60,0,96.446967,14/08/2026,03:41:34 PM,PLAZO,PRIMERA PARTE,ROTC,21/08/2026,CONFIRMADA,3284379,0,30/01/2020,30/01/2030,0,MINISTERIO DE HACIENDA,HACIENDA,58422
USP3579ECF27,BSRD2030,DOMINICAN REP/4.5 BD 20300130 UNS,60000,USD,60,5,96.3384,14/08/2026,03:41:33 PM,PRESTAMO,SEGUNDA PARTE,ROTC,16/10/2026,CONFIRMADA,3284380,0,30/01/2020,30/01/2030,0.864886,MINISTERIO DE HACIENDA,HACIENDA,59171
USP3579ECF27,BSRD2030,DOMINICAN REP/4.5 BD 20300130 UNS,60000,USD,60,0,96.446967,14/08/2026,03:41:33 PM,PRESTAMO,PRIMERA PARTE,ROTC,21/08/2026,CONFIRMADA,3284380,0,30/01/2020,30/01/2030,0.864886,MINISTERIO DE HACIENDA,HACIENDA,60018
USP3579ECF27,BSRD2030,DOMINICAN REP/4.5 BD 20300130 UNS,60000,USD,60,5,96.3384,14/08/2026,03:41:32 PM,PLAZO,PRIMERA PARTE,ROTC,16/10/2026,CONFIRMADA,3284381,0,30/01/2020,30/01/2030,0,MINISTERIO DE HACIENDA,HACIENDA,57624
DO1002228612,NO031227,BCENTRAL/8 BOEST 20271203 GTIA,490000,DOP,49,7.6535,100.401471,14/08/2026,03:41:31 PM,CONTADO,PRIMERA PARTE,ROTC,17/08/2026,CONFIRMADA,3284382,0,03/12/2024,03/12/2027,0,BANCO CENTRAL DE LA REPUBLICA DOMINICANA,BCENTRAL,59661
DO1002228612,NO031227,BCENTRAL/8 BOEST 20271203 GTIA,490000,DOP,49,-23.504,101.125882,14/08/2026,03:41:30 PM,PRESTAMO,SEGUNDA PARTE,ROTC,02/12/2026,CONFIRMADA,3284383,0,03/12/2024,03/12/2027,4.47419,BANCO CENTRAL DE LA REPUBLICA DOMINICANA,BCENTRAL,60508
DO1002228612,NO031227,BCENTRAL/8 BOEST 20271203 GTIA,490000,DOP,49,7.6535,100.401471,14/08/2026,03:41:30 PM,PRESTAMO,PRIMERA PARTE,ROTC,17/08/2026,CONFIRMADA,3284383,0,03/12/2024,03/12/2027,4.47419,BANCO CENTRAL DE LA REPUBLICA DOMINICANA,BCENTRAL,60347
DO1002228612,NO031227,BCENTRAL/8 BOEST 20271203 GTIA,490000,DOP,49,-23.504,101.125882,14/08/2026,03:41:29 PM,PLAZO,PRIMERA PARTE,ROTC,02/12/2026,CONFIRMADA,3284384,0,03/12/2024,03/12/2027,0,BANCO CENTRAL DE LA REPUBLICA DOMINICANA,BCENTRAL,59024
DO1002228612,NO031227,BCENTRAL/8 BOEST 20271203 GTIA,490000,DOP,49,7.6535,100.401471,14/08/2026,03:41:27 PM,CONTADO,PRIMERA PARTE,ROTC,17/08/2026,CONFIRMADA,3284385,0,03/12/2024,03/12/2027,0,BANCO CENTRAL DE LA REPUBLICA DOMINICANA,BCENTRAL,59696
DO1002261225,LE021026,BCENTRAL/ LT 20261002 GTIA,6060000,DOP,606,8.12,99.009901,14/08/2026,03:41:27 PM,PRESTAMO,SEGUNDA PARTE,ROTC,18/09/2026,CONFIRMADA,3284445,0,02/10/2025,02/10/2026,0.02,BANCO CENTRAL DE LA REPUBLICA DOMINICANA,BCENTRAL,57918
DO1002261225,LE021026,BCENTRAL/ LT 20261002 GTIA,6060000,DOP,606,8.12,99.009901,14/08/2026,03:41:27 PM,PRESTAMO,PRIMERA PARTE,ROTC,17/08/2026,CONFIRMADA,3284445,0,02/10/2025,02/10/2026,0.02,BANCO CENTRAL DE LA REPUBLICA DOMINICANA,BCENTRAL,57967
DO1002228612,NO031227,BCENTRAL/8 BOEST 20271203 GTIA,490000,DOP,49,-23.504,101.125882,14/08/2026,03:41:26 PM,PRESTAMO,SEGUNDA PARTE,ROTC,02/12/2026,CONFIRMADA,3284386,0,03/12/2024,03/12/2027,4.47419,BANCO CENTRAL DE LA REPUBLICA DOMINICANA,BCENTRAL,60543
DO1002228612,NO031227,BCENTRAL/8 BOEST 20271203 GTIA,490000,DOP,49,7.6535,100.401471,14/08/2026,03:41:26 PM,PRESTAMO,PRIMERA PARTE,ROTC,17/08/2026,CONFIRMADA,3284386,0,03/12/2024,03/12/2027,4.47419,BANCO CENTRAL DE LA REPUBLICA DOMINICANA,BCENTRAL,60382
DO1002228612,NO031227,BCENTRAL/8 BOEST 20271203 GTIA,490000,DOP,49,-23.504,101.125882,14/08/2026,03:41:25 PM,PLAZO,PRIMERA PARTE,ROTC,02/12/2026,CONFIRMADA,3284387,0,03/12/2024,03/12/2027,0,BANCO CENTRAL DE LA REPUBLICA DOMINICANA,BCENTRAL,58996
DO1002228612,NO031227,BCENTRAL/8 BOEST 20271203 GTIA,1280000,DOP,128,8.0479,99.923155,14/08/2026,03:41:24 PM,CONTADO,PRIMERA PARTE,ROTC,17/08/2026,CONFIRMADA,3284388,0,03/12/2024,03/12/2027,0,BANCO CENTRAL DE LA REPUBLICA DOMINICANA,BCENTRAL,60172
DO1002228612,NO031227,BCENTRAL/8 BOEST 20271203 GTIA,1280000,DOP,128,0.7986,100.557741,14/08/2026,03:41:23 PM,PRESTAMO,SEGUNDA PARTE,ROTC,02/12/2026,CONFIRMADA,3284389,0,03/12/2024,03/12/2027,4.412579,BANCO CENTRAL DE LA REPUBLICA DOMINICANA,BCENTRAL,60977
DO1002228612,NO031227,BCENTRAL/8 BOEST 20271203 GTIA,1280000,DOP,128,8.0479,99.923155,14/08/2026,03:41:23 PM,PRESTAMO,PRIMERA PARTE,ROTC,17/08/2026,CONFIRMADA,3284389,0,03/12/2024,03/12/2027,4.412579,BANCO CENTRAL DE LA REPUBLICA DOMINICANA,BCENTRAL,60858
DO1002228612,NO031227,BCENTRAL/8 BOEST 20271203 GTIA,1280000,DOP,128,0.7986,100.557741,14/08/2026,03:41:22 PM,PLAZO,PRIMERA PARTE,ROTC,02/12/2026,CONFIRMADA,3284390,0,03/12/2024,03/12/2027,0,BANCO CENTRAL DE LA REPUBLICA DOMINICANA,BCENTRAL,59430
DO1002223928,NO120227,BCENTRAL/8 BOEST 20270212 GTIA,30000,DOP,3,17.4739,95.7529,14/08/2026,03:41:21 PM,CONTADO,PRIMERA PARTE,ROTC,17/08/2026,CONFIRMADA,3284391,0,12/02/2022,12/02/2027,0,BANCO CENTRAL DE LA REPUBLICA DOMINICANA,BCENTRAL,58359
DO1002261225,LE021026,BCENTRAL/ LT 20261002 GTIA,6060000,DOP,606,7.148538,99.722772,14/08/2026,03:41:21 PM,PLAZO,PRIMERA PARTE,ROTC,18/09/2026,CONFIRMADA,3284444,0,02/10/2025,02/10/2026,0,BANCO CENTRAL DE LA REPUBLICA DOMINICANA,BCENTRAL,57911
DO1002223928,NO120227,BCENTRAL/8 BOEST 20270212 GTIA,30000,DOP,3,22.4827,95.6628,14/08/2026,03:41:20 PM,PRESTAMO,SEGUNDA PARTE,ROTC,16/10/2026,CONFIRMADA,3284392,0,12/02/2022,12/02/2027,1.362783,BANCO CENTRAL DE LA REPUBLICA DOMINICANA,BCENTRAL,58877
DO1002223928,NO120227,BCENTRAL/8 BOEST 20270212 GTIA,30000,DOP,3,17.4739,95.7529,14/08/2026,03:41:20 PM,PRESTAMO,PRIMERA PARTE,ROTC,17/08/2026,CONFIRMADA,3284392,0,12/02/2022,12/02/2027,1.362783,BANCO CENTRAL DE LA REPUBLICA DOMINICANA,BCENTRAL,59045
DO1002223928,NO120227,BCENTRAL/8 BOEST 20270212 GTIA,30000,DOP,3,22.4827,95.6628,14/08/2026,03:41:18 PM,PLAZO,PRIMERA PARTE,ROTC,16/10/2026,CONFIRMADA,3284393,0,12/02/2022,12/02/2027,0,BANCO CENTRAL DE LA REPUBLICA DOMINICANA,BCENTRAL,57386
DO1002223928,NO120227,BCENTRAL/8 BOEST 20270212 GTIA,1410000,DOP,141,7.4212,100.269664,14/08/2026,03:41:17 PM,CONTADO,PRIMERA PARTE,ROTC,17/08/2026,CONFIRMADA,3284394,0,12/02/2022,12/02/2027,0,BANCO CENTRAL DE LA REPUBLICA DOMINICANA,BCENTRAL,60326
DO1002223928,NO120227,BCENTRAL/8 BOEST 20270212 GTIA,1410000,DOP,141,5.6485,100.53695,14/08/2026,03:41:16 PM,PRESTAMO,SEGUNDA PARTE,ROTC,16/11/2026,CONFIRMADA,3284395,0,12/02/2022,12/02/2027,2.29405,BANCO CENTRAL DE LA REPUBLICA DOMINICANA,BCENTRAL,60613
DO1002223928,NO120227,BCENTRAL/8 BOEST 20270212 GTIA,1410000,DOP,141,7.4212,100.269664,14/08/2026,03:41:16 PM,PRESTAMO,PRIMERA PARTE,ROTC,17/08/2026,CONFIRMADA,3284395,0,12/02/2022,12/02/2027,2.29405,BANCO CENTRAL DE LA REPUBLICA DOMINICANA,BCENTRAL,61012
DO1002223928,NO120227,BCENTRAL/8 BOEST 20270212 GTIA,1410000,DOP,141,5.6485,100.53695,14/08/2026,03:41:15 PM,PLAZO,PRIMERA PARTE,ROTC,16/11/2026,CONFIRMADA,3284396,0,12/02/2022,12/02/2027,0,BANCO CENTRAL DE LA REPUBLICA DOMINICANA,BCENTRAL,59066
DO1002227317,NO150928,BCENTRAL/11 BOEST 20280915 GTIA,1270000,DOP,127,0,103.029908,14/08/2026,03:41:14 PM,PLAZO,PRIMERA PARTE,ROTC,02/12/2026,CONFIRMADA,3284397,0,15/09/2023,15/09/2028,0,BANCO CENTRAL DE LA REPUBLICA DOMINICANA,BCENTRAL,58002
DO1002227317,NO150928,BCENTRAL/11 BOEST 20280915 GTIA,1270000,DOP,127,5,102.791976,14/08/2026,03:41:13 PM,PRESTAMO,SEGUNDA PARTE,ROTC,12/03/2027,CONFIRMADA,3284398,0,15/09/2023,15/09/2028,4.778992,BANCO CENTRAL DE LA REPUBLICA DOMINICANA,BCENTRAL,59654
DO1002227317,NO150928,BCENTRAL/11 BOEST 20280915 GTIA,1270000,DOP,127,0,103.029908,14/08/2026,03:41:13 PM,PRESTAMO,PRIMERA PARTE,ROTC,02/12/2026,CONFIRMADA,3284398,0,15/09/2023,15/09/2028,4.778992,BANCO CENTRAL DE LA REPUBLICA DOMINICANA,BCENTRAL,59598
DO1002227317,NO150928,BCENTRAL/11 BOEST 20280915 GTIA,1270000,DOP,127,5,102.791976,14/08/2026,03:41:12 PM,PLAZO,PRIMERA PARTE,ROTC,12/03/2027,CONFIRMADA,3284400,0,15/09/2023,15/09/2028,0,BANCO CENTRAL DE LA REPUBLICA DOMINICANA,BCENTRAL,58107
DO1002228612,NO031227,BCENTRAL/8 BOEST 20271203 GTIA,1360000,DOP,136,0,98.90049,14/08/2026,03:41:11 PM,PLAZO,PRIMERA PARTE,ROTC,12/03/2027,CONFIRMADA,3284401,0,03/12/2024,03/12/2027,0,BANCO CENTRAL DE LA REPUBLICA DOMINICANA,BCENTRAL,56931
DO1002228612,NO031227,BCENTRAL/8 BOEST 20271203 GTIA,1360000,DOP,136,5,98.913018,14/08/2026,03:41:10 PM,PRESTAMO,SEGUNDA PARTE,ROTC,15/03/2027,CONFIRMADA,3284402,0,03/12/2024,03/12/2027,2.228551,BANCO CENTRAL DE LA REPUBLICA DOMINICANA,BCENTRAL,58856
DO1002228612,NO031227,BCENTRAL/8 BOEST 20271203 GTIA,1360000,DOP,136,0,98.90049,14/08/2026,03:41:10 PM,PRESTAMO,PRIMERA PARTE,ROTC,12/03/2027,CONFIRMADA,3284402,0,03/12/2024,03/12/2027,2.228551,BANCO CENTRAL DE LA REPUBLICA DOMINICANA,BCENTRAL,58527
DO1002261225,LE021026,BCENTRAL/ LT 20261002 GTIA,6060000,DOP,606,7.826087,99.009901,14/08/2026,03:41:10 PM,CONTADO,PRIMERA PARTE,ROTC,17/08/2026,CONFIRMADA,3284443,0,02/10/2025,02/10/2026,0,BANCO CENTRAL DE LA REPUBLICA DOMINICANA,BCENTRAL,58751
DO1002228612,NO031227,BCENTRAL/8 BOEST 20271203 GTIA,1360000,DOP,136,5,98.913018,14/08/2026,03:41:08 PM,PLAZO,PRIMERA PARTE,ROTC,15/03/2027,CONFIRMADA,3284403,0,03/12/2024,03/12/2027,0,BANCO CENTRAL DE LA REPUBLICA DOMINICANA,BCENTRAL,57365
DO1002227317,NO150928,BCENTRAL/11 BOEST 20280915 GTIA,490000,DOP,49,0,102.774804,14/08/2026,03:41:07 PM,PLAZO,PRIMERA PARTE,ROTC,02/12/2026,CONFIRMADA,3284404,0,15/09/2023,15/09/2028,0,BANCO CENTRAL DE LA REPUBLICA DOMINICANA,BCENTRAL,57393
DO1002227317,NO150928,BCENTRAL/11 BOEST 20280915 GTIA,490000,DOP,49,5,102.598943,14/08/2026,03:41:06 PM,PRESTAMO,SEGUNDA PARTE,ROTC,12/03/2027,CONFIRMADA,3284405,0,15/09/2023,15/09/2028,4.845,BANCO CENTRAL DE LA REPUBLICA DOMINICANA,BCENTRAL,59031
DO1002227317,NO150928,BCENTRAL/11 BOEST 20280915 GTIA,490000,DOP,49,0,102.774804,14/08/2026,03:41:06 PM,PRESTAMO,PRIMERA PARTE,ROTC,02/12/2026,CONFIRMADA,3284405,0,15/09/2023,15/09/2028,4.845,BANCO CENTRAL DE LA REPUBLICA DOMINICANA,BCENTRAL,58989
DO1002227317,NO150928,BCENTRAL/11 BOEST 20280915 GTIA,490000,DOP,49,5,102.598943,14/08/2026,03:41:05 PM,PLAZO,PRIMERA PARTE,ROTC,12/03/2027,CONFIRMADA,3284406,0,15/09/2023,15/09/2028,0,BANCO CENTRAL DE LA REPUBLICA DOMINICANA,BCENTRAL,57484
DO1002228612,NO031227,BCENTRAL/8 BOEST 20271203 GTIA,520000,DOP,52,0,99.636796,14/08/2026,03:41:04 PM,PLAZO,PRIMERA PARTE,ROTC,12/03/2027,CONFIRMADA,3284407,0,03/12/2024,03/12/2027,0,BANCO CENTRAL DE LA REPUBLICA DOMINICANA,BCENTRAL,56679
DO1002228612,NO031227,BCENTRAL/8 BOEST 20271203 GTIA,520000,DOP,52,5,100.046673,14/08/2026,03:41:03 PM,PRESTAMO,SEGUNDA PARTE,ROTC,02/06/2027,CONFIRMADA,3284408,0,03/12/2024,03/12/2027,4.218131,BANCO CENTRAL DE LA REPUBLICA DOMINICANA,BCENTRAL,58401
DO1002228612,NO031227,BCENTRAL/8 BOEST 20271203 GTIA,520000,DOP,52,0,99.636796,14/08/2026,03:41:03 PM,PRESTAMO,PRIMERA PARTE,ROTC,12/03/2027,CONFIRMADA,3284408,0,03/12/2024,03/12/2027,4.218131,BANCO CENTRAL DE LA REPUBLICA DOMINICANA,BCENTRAL,58275
DO1002228612,NO031227,BCENTRAL/8 BOEST 20271203 GTIA,520000,DOP,52,5,100.046673,14/08/2026,03:41:02 PM,PLAZO,PRIMERA PARTE,ROTC,02/06/2027,CONFIRMADA,3284409,0,03/12/2024,03/12/2027,0,BANCO CENTRAL DE LA REPUBLICA DOMINICANA,BCENTRAL,56854
DO1002227317,NO150928,BCENTRAL/11 BOEST 20280915 GTIA,510000,DOP,51,0,103.733127,14/08/2026,03:41:01 PM,PLAZO,PRIMERA PARTE,ROTC,02/06/2027,CONFIRMADA,3284410,0,15/09/2023,15/09/2028,0,BANCO CENTRAL DE LA REPUBLICA DOMINICANA,BCENTRAL,57239
DO1002223928,NO120227,BCENTRAL/8 BOEST 20270212 GTIA,4990000,DOP,499,8.9,100.091706,14/08/2026,03:41:00 PM,PRESTAMO,SEGUNDA PARTE,ROTC,14/01/2027,CONFIRMADA,3284442,0,12/02/2022,12/02/2027,0.02,BANCO CENTRAL DE LA REPUBLICA DOMINICANA,BCENTRAL,59990
DO1002223928,NO120227,BCENTRAL/8 BOEST 20270212 GTIA,4990000,DOP,499,8.9,100.091706,14/08/2026,03:41:00 PM,PRESTAMO,PRIMERA PARTE,ROTC,17/08/2026,CONFIRMADA,3284442,0,12/02/2022,12/02/2027,0.02,BANCO CENTRAL DE LA REPUBLICA DOMINICANA,BCENTRAL,60116
DO1002227317,NO150928,BCENTRAL/11 BOEST 20280915 GTIA,510000,DOP,51,5,103.563731,14/08/2026,03:40:59 PM,PRESTAMO,SEGUNDA PARTE,ROTC,12/08/2027,CONFIRMADA,3284411,0,15/09/2023,15/09/2028,3.992969,BANCO CENTRAL DE LA REPUBLICA DOMINICANA,BCENTRAL,58933
DO1002227317,NO150928,BCENTRAL/11 BOEST 20280915 GTIA,510000,DOP,51,0,103.733127,14/08/2026,03:40:59 PM,PRESTAMO,PRIMERA PARTE,ROTC,02/06/2027,CONFIRMADA,3284411,0,15/09/2023,15/09/2028,3.992969,BANCO CENTRAL DE LA REPUBLICA DOMINICANA,BCENTRAL,58926
DO1002227317,NO150928,BCENTRAL/11 BOEST 20280915 GTIA,510000,DOP,51,5,103.563731,14/08/2026,03:40:58 PM,PLAZO,PRIMERA PARTE,ROTC,12/08/2027,CONFIRMADA,3284412,0,15/09/2023,15/09/2028,0,BANCO CENTRAL DE LA REPUBLICA DOMINICANA,BCENTRAL,57386
DO1002227317,NO150928,BCENTRAL/11 BOEST 20280915 GTIA,490000,DOP,49,0,102.774804,14/08/2026,03:40:57 PM,PLAZO,PRIMERA PARTE,ROTC,02/12/2026,CONFIRMADA,3284413,0,15/09/2023,15/09/2028,0,BANCO CENTRAL DE LA REPUBLICA DOMINICANA,BCENTRAL,57421
DO1002227721,NO111226,BCENTRAL/9 BOEST 20261211 GTIA,100000,DOP,10,8.999999,99.977062,14/08/2026,03:40:57 PM,CONTADO,PRIMERA PARTE,ROTC,17/08/2026,CONFIRMADA,3284441,0,11/12/2023,11/12/2026,0,BANCO CENTRAL DE LA REPUBLICA DOMINICANA,BCENTRAL,60326
DO1002227317,NO150928,BCENTRAL/11 BOEST 20280915 GTIA,490000,DOP,49,5,102.598943,14/08/2026,03:40:56 PM,PRESTAMO,SEGUNDA PARTE,ROTC,12/03/2027,CONFIRMADA,3284414,0,15/09/2023,15/09/2028,4.845,BANCO CENTRAL DE LA REPUBLICA DOMINICANA,BCENTRAL,59059
DO1002227317,NO150928,BCENTRAL/11 BOEST 20280915 GTIA,490000,DOP,49,0,102.774804,14/08/2026,03:40:56 PM,PRESTAMO,PRIMERA PARTE,ROTC,02/12/2026,CONFIRMADA,3284414,0,15/09/2023,15/09/2028,4.845,BANCO CENTRAL DE LA REPUBLICA DOMINICANA,BCENTRAL,59017
DO1002227317,NO150928,BCENTRAL/11 BOEST 20280915 GTIA,490000,DOP,49,5,102.598943,14/08/2026,03:40:55 PM,PLAZO,PRIMERA PARTE,ROTC,12/03/2027,CONFIRMADA,3284415,0,15/09/2023,15/09/2028,0,BANCO CENTRAL DE LA REPUBLICA DOMINICANA,BCENTRAL,57512
DO1002228612,NO031227,BCENTRAL/8 BOEST 20271203 GTIA,520000,DOP,52,0,99.636796,14/08/2026,03:40:54 PM,PLAZO,PRIMERA PARTE,ROTC,12/03/2027,CONFIRMADA,3284416,0,03/12/2024,03/12/2027,0,BANCO CENTRAL DE LA REPUBLICA DOMINICANA,BCENTRAL,56707
DO1002228612,NO031227,BCENTRAL/8 BOEST 20271203 GTIA,520000,DOP,52,5,100.046673,14/08/2026,03:40:53 PM,PRESTAMO,SEGUNDA PARTE,ROTC,02/06/2027,CONFIRMADA,3284417,0,03/12/2024,03/12/2027,4.218131,BANCO CENTRAL DE LA REPUBLICA DOMINICANA,BCENTRAL,58429
DO1002228612,NO031227,BCENTRAL/8 BOEST 20271203 GTIA,520000,DOP,52,0,99.636796,14/08/2026,03:40:53 PM,PRESTAMO,PRIMERA PARTE,ROTC,12/03/2027,CONFIRMADA,3284417,0,03/12/2024,03/12/2027,4.218131,BANCO CENTRAL DE LA REPUBLICA DOMINICANA,BCENTRAL,58303
DO1002223928,NO120227,BCENTRAL/8 BOEST 20270212 GTIA,4990000,DOP,499,1.128459,100.538251,14/08/2026,03:40:52 PM,PLAZO,PRIMERA PARTE,ROTC,14/01/2027,CONFIRMADA,3284440,0,12/02/2022,12/02/2027,0,BANCO CENTRAL DE LA REPUBLICA DOMINICANA,BCENTRAL,60270
DO1002228612,NO031227,BCENTRAL/8 BOEST 20271203 GTIA,520000,DOP,52,5,100.046673,14/08/2026,03:40:51 PM,PLAZO,PRIMERA PARTE,ROTC,02/06/2027,CONFIRMADA,3284418,0,03/12/2024,03/12/2027,0,BANCO CENTRAL DE LA REPUBLICA DOMINICANA,BCENTRAL,56875
DO1002227317,NO150928,BCENTRAL/11 BOEST 20280915 GTIA,510000,DOP,51,0,103.733127,14/08/2026,03:40:50 PM,PLAZO,PRIMERA PARTE,ROTC,02/06/2027,CONFIRMADA,3284419,0,15/09/2023,15/09/2028,0,BANCO CENTRAL DE LA REPUBLICA DOMINICANA,BCENTRAL,57260
DO1002227317,NO150928,BCENTRAL/11 BOEST 20280915 GTIA,510000,DOP,51,5,103.563731,14/08/2026,03:40:49 PM,PRESTAMO,SEGUNDA PARTE,ROTC,12/08/2027,CONFIRMADA,3284420,0,15/09/2023,15/09/2028,3.992969,BANCO CENTRAL DE LA REPUBLICA DOMINICANA,BCENTRAL,58926
DO1002227317,NO150928,BCENTRAL/11 BOEST 20280915 GTIA,510000,DOP,51,0,103.733127,14/08/2026,03:40:49 PM,PRESTAMO,PRIMERA PARTE,ROTC,02/06/2027,CONFIRMADA,3284420,0,15/09/2023,15/09/2028,3.992969,BANCO CENTRAL DE LA REPUBLICA DOMINICANA,BCENTRAL,58919
DO1002227317,NO150928,BCENTRAL/11 BOEST 20280915 GTIA,510000,DOP,51,5,103.563731,14/08/2026,03:40:48 PM,PLAZO,PRIMERA PARTE,ROTC,12/08/2027,CONFIRMADA,3284421,0,15/09/2023,15/09/2028,0,BANCO CENTRAL DE LA REPUBLICA DOMINICANA,BCENTRAL,57379
DO1002223928,NO120227,BCENTRAL/8 BOEST 20270212 GTIA,4990000,DOP,499,7.799921,100.091706,14/08/2026,03:40:48 PM,CONTADO,PRIMERA PARTE,ROTC,17/08/2026,CONFIRMADA,3284439,0,12/02/2022,12/02/2027,0,BANCO CENTRAL DE LA REPUBLICA DOMINICANA,BCENTRAL,61369
USP3579ECP09,BSRD2029, ,11000,USD,11,0,100.028364,14/08/2026,03:40:47 PM,PLAZO,PRIMERA PARTE,ROTC,04/09/2026,CONFIRMADA,3284422,0,22/02/2022,22/02/2029,0,MINISTERIO DE HACIENDA,HACIENDA,44982
USP3579ECB13,BSRD2028,"DOMINICAN, REP /6 BD 20280719 REGS",7000,USD,7,6,99.994196,14/08/2026,03:40:46 PM,CONTADO,PRIMERA PARTE,ROTC,17/08/2026,CONFIRMADA,3284438,0,19/07/2018,19/07/2028,0,MINISTERIO DE HACIENDA,HACIENDA,59192
USP3579ECP09,BSRD2029, ,11000,USD,11,5,99.759727,14/08/2026,03:40:45 PM,PRESTAMO,SEGUNDA PARTE,ROTC,16/11/2026,CONFIRMADA,3284423,0,22/02/2022,22/02/2029,1.004252,MINISTERIO DE HACIENDA,HACIENDA,46396
USP3579ECP09,BSRD2029, ,11000,USD,11,0,100.028364,14/08/2026,03:40:45 PM,PRESTAMO,PRIMERA PARTE,ROTC,04/09/2026,CONFIRMADA,3284423,0,22/02/2022,22/02/2029,1.004252,MINISTERIO DE HACIENDA,HACIENDA,46571
USP3579ECP09,BSRD2029, ,11000,USD,11,5,99.759727,14/08/2026,03:40:44 PM,PLAZO,PRIMERA PARTE,ROTC,16/11/2026,CONFIRMADA,3284424,0,22/02/2022,22/02/2029,0,MINISTERIO DE HACIENDA,HACIENDA,44849
USP3579ECP09,BSRD2029, ,20000,USD,20,0,100.0159,14/08/2026,03:40:43 PM,PLAZO,PRIMERA PARTE,ROTC,04/09/2026,CONFIRMADA,3284425,0,22/02/2022,22/02/2029,0,MINISTERIO DE HACIENDA,HACIENDA,44226
USP3579ECP09,BSRD2029, ,20000,USD,20,5,99.8234,14/08/2026,03:40:42 PM,PRESTAMO,SEGUNDA PARTE,ROTC,16/10/2026,CONFIRMADA,3284426,0,22/02/2022,22/02/2029,0.628425,MINISTERIO DE HACIENDA,HACIENDA,45556
USP3579ECP09,BSRD2029, ,20000,USD,20,0,100.0159,14/08/2026,03:40:42 PM,PRESTAMO,PRIMERA PARTE,ROTC,04/09/2026,CONFIRMADA,3284426,0,22/02/2022,22/02/2029,0.628425,MINISTERIO DE HACIENDA,HACIENDA,45822
USP3579ECP09,BSRD2029, ,20000,USD,20,5,99.8234,14/08/2026,03:40:41 PM,PLAZO,PRIMERA PARTE,ROTC,16/10/2026,CONFIRMADA,3284427,0,22/02/2022,22/02/2029,0,MINISTERIO DE HACIENDA,HACIENDA,44009
USP3579ECP09,BSRD2029, ,56000,USD,56,5.1145,100.897821,14/08/2026,03:40:40 PM,CONTADO,PRIMERA PARTE,ROTC,17/08/2026,CONFIRMADA,3284428,0,22/02/2022,22/02/2029,0,MINISTERIO DE HACIENDA,HACIENDA,47852
USP3579ECP09,BSRD2029, ,56000,USD,56,3.963,100.881018,14/08/2026,03:40:39 PM,PRESTAMO,SEGUNDA PARTE,ROTC,21/08/2026,CONFIRMADA,3284429,0,22/02/2022,22/02/2029,2.623068,MINISTERIO DE HACIENDA,HACIENDA,48139
USP3579ECP09,BSRD2029, ,56000,USD,56,5.1145,100.897821,14/08/2026,03:40:39 PM,PRESTAMO,PRIMERA PARTE,ROTC,17/08/2026,CONFIRMADA,3284429,0,22/02/2022,22/02/2029,2.623068,MINISTERIO DE HACIENDA,HACIENDA,48601
USP3579ECP09,BSRD2029, ,56000,USD,56,3.963,100.881018,14/08/2026,03:40:37 PM,PLAZO,PRIMERA PARTE,ROTC,21/08/2026,CONFIRMADA,3284430,0,22/02/2022,22/02/2029,0,MINISTERIO DE HACIENDA,HACIENDA,46585
DO1005205716,MHUS2027,HACIENDA/6 BOEST 20270305 GTIA,11000,USD,11,11.151,97.287636,14/08/2026,03:40:36 PM,CONTADO,PRIMERA PARTE,ROTC,17/08/2026,CONFIRMADA,3284431,0,05/09/2016,05/03/2027,0,MINISTERIO DE HACIENDA,HACIENDA,59248
DO1005205716,MHUS2027,HACIENDA/6 BOEST 20270305 GTIA,11000,USD,11,6.4137,97.196818,14/08/2026,03:40:35 PM,PRESTAMO,SEGUNDA PARTE,ROTC,04/09/2026,CONFIRMADA,3284432,0,05/09/2016,05/03/2027,2.911395,MINISTERIO DE HACIENDA,HACIENDA,59941
DO1005205716,MHUS2027,HACIENDA/6 BOEST 20270305 GTIA,11000,USD,11,11.151,97.287636,14/08/2026,03:40:35 PM,PRESTAMO,PRIMERA PARTE,ROTC,17/08/2026,CONFIRMADA,3284432,0,05/09/2016,05/03/2027,2.911395,MINISTERIO DE HACIENDA,HACIENDA,59934
DO1005205716,MHUS2027,HACIENDA/6 BOEST 20270305 GTIA,11000,USD,11,6.4137,97.196818,14/08/2026,03:40:34 PM,PLAZO,PRIMERA PARTE,ROTC,04/09/2026,CONFIRMADA,3284433,0,05/09/2016,05/03/2027,0,MINISTERIO DE HACIENDA,HACIENDA,58394
DO1005205716,MHUS2027,HACIENDA/6 BOEST 20270305 GTIA,19000,USD,19,1.3024,102.550842,14/08/2026,03:40:33 PM,CONTADO,PRIMERA PARTE,ROTC,17/08/2026,CONFIRMADA,3284434,0,05/09/2016,05/03/2027,0,MINISTERIO DE HACIENDA,HACIENDA,59535
DO1005205716,MHUS2027,HACIENDA/6 BOEST 20270305 GTIA,19000,USD,19,-7.2028,102.457579,14/08/2026,03:40:32 PM,PRESTAMO,SEGUNDA PARTE,ROTC,04/09/2026,CONFIRMADA,3284435,0,05/09/2016,05/03/2027,2.76388,MINISTERIO DE HACIENDA,HACIENDA,60606
DO1005205716,MHUS2027,HACIENDA/6 BOEST 20270305 GTIA,19000,USD,19,1.3024,102.550842,14/08/2026,03:40:32 PM,PRESTAMO,PRIMERA PARTE,ROTC,17/08/2026,CONFIRMADA,3284435,0,05/09/2016,05/03/2027,2.76388,MINISTERIO DE HACIENDA,HACIENDA,60221
DO1005205716,MHUS2027,HACIENDA/6 BOEST 20270305 GTIA,19000,USD,19,-7.2028,102.457579,14/08/2026,03:40:31 PM,PLAZO,PRIMERA PARTE,ROTC,04/09/2026,CONFIRMADA,3284436,0,05/09/2016,05/03/2027,0,MINISTERIO DE HACIENDA,HACIENDA,59059
DO1002223928,NO120227,BCENTRAL/8 BOEST 20270212 GTIA,525600000,DOP,52560,8.9,99.577257,14/08/2026,03:37:43 PM,CONTADO,PRIMERA PARTE,ROTC,18/08/2026,CONFIRMADA,3284267,0,12/02/2022,12/02/2027,0,BANCO CENTRAL DE LA REPUBLICA DOMINICANA,BCENTRAL,60655
DO1005205310,MH32026,HACIENDA/11 BOEST 20261106 GTIA,500000,DOP,5,10.500006,100.090247,14/08/2026,03:34:25 PM,CONTADO,PRIMERA PARTE,ROTC,17/08/2026,CONFIRMADA,3284367,0,06/05/2016,06/11/2026,0,MINISTERIO DE HACIENDA,HACIENDA,59829
DO1002261324,NO241128,BCENTRAL/9.25 BOEST 20281124 GTIA,6500000,DOP,650,8.9,100.680041,14/08/2026,03:32:06 PM,CONTADO,PRIMERA PARTE,ROTC,17/08/2026,CONFIRMADA,3284366,0,24/11/2025,24/11/2028,0,BANCO CENTRAL DE LA REPUBLICA DOMINICANA,BCENTRAL,60333
DO1002261324,NO241128,BCENTRAL/9.25 BOEST 20281124 GTIA,50000,DOP,5,9,100.477673,14/08/2026,03:31:57 PM,CONTADO,PRIMERA PARTE,ROTC,17/08/2026,CONFIRMADA,3284365,0,24/11/2025,24/11/2028,0,BANCO CENTRAL DE LA REPUBLICA DOMINICANA,BCENTRAL,58331
DO1002223928,NO120227,BCENTRAL/8 BOEST 20270212 GTIA,18060000,DOP,1806,9,99.559079,14/08/2026,03:30:15 PM,PRESTAMO,SEGUNDA PARTE,ROTC,18/01/2027,CONFIRMADA,3284364,0,12/02/2022,12/02/2027,0.02,BANCO CENTRAL DE LA REPUBLICA DOMINICANA,BCENTRAL,59773
DO1002223928,NO120227,BCENTRAL/8 BOEST 20270212 GTIA,18060000,DOP,1806,9,99.559079,14/08/2026,03:30:15 PM,PRESTAMO,PRIMERA PARTE,ROTC,17/08/2026,CONFIRMADA,3284364,0,12/02/2022,12/02/2027,0.02,BANCO CENTRAL DE LA REPUBLICA DOMINICANA,BCENTRAL,59871
DO1002223928,NO120227,BCENTRAL/8 BOEST 20270212 GTIA,18060000,DOP,1806,7.273522,100.039935,14/08/2026,03:30:10 PM,PLAZO,PRIMERA PARTE,ROTC,18/01/2027,CONFIRMADA,3284363,0,12/02/2022,12/02/2027,0,BANCO CENTRAL DE LA REPUBLICA DOMINICANA,BCENTRAL,60844
DO1002223928,NO120227,BCENTRAL/8 BOEST 20270212 GTIA,18060000,DOP,1806,8.941513,99.559079,14/08/2026,03:30:04 PM,CONTADO,PRIMERA PARTE,ROTC,17/08/2026,CONFIRMADA,3284362,0,12/02/2022,12/02/2027,0,BANCO CENTRAL DE LA REPUBLICA DOMINICANA,BCENTRAL,61656
DO1002261225,LE021026,BCENTRAL/ LT 20261002 GTIA,8490000,DOP,849,8,98.93993,14/08/2026,03:29:53 PM,PRESTAMO,SEGUNDA PARTE,ROTC,16/09/2026,CONFIRMADA,3284361,0,02/10/2025,02/10/2026,0.02,BANCO CENTRAL DE LA REPUBLICA DOMINICANA,BCENTRAL,56805
DO1002261225,LE021026,BCENTRAL/ LT 20261002 GTIA,8490000,DOP,849,8,98.93993,14/08/2026,03:29:53 PM,PRESTAMO,PRIMERA PARTE,ROTC,17/08/2026,CONFIRMADA,3284361,0,02/10/2025,02/10/2026,0.02,BANCO CENTRAL DE LA REPUBLICA DOMINICANA,BCENTRAL,56868
DO1002261225,LE021026,BCENTRAL/ LT 20261002 GTIA,8490000,DOP,849,9.084207,99.597881,14/08/2026,03:29:47 PM,PLAZO,PRIMERA PARTE,ROTC,16/09/2026,CONFIRMADA,3284360,0,02/10/2025,02/10/2026,0,BANCO CENTRAL DE LA REPUBLICA DOMINICANA,BCENTRAL,58156
DO1002261225,LE021026,BCENTRAL/ LT 20261002 GTIA,8490000,DOP,849,8.385088,98.93993,14/08/2026,03:29:27 PM,CONTADO,PRIMERA PARTE,ROTC,17/08/2026,CONFIRMADA,3284359,0,02/10/2025,02/10/2026,0,BANCO CENTRAL DE LA REPUBLICA DOMINICANA,BCENTRAL,58744
DO1002223928,NO120227,BCENTRAL/8 BOEST 20270212 GTIA,15480000,DOP,1548,8.6,100.020504,14/08/2026,03:29:13 PM,PRESTAMO,SEGUNDA PARTE,ROTC,05/10/2026,CONFIRMADA,3284358,0,12/02/2022,12/02/2027,0.02,BANCO CENTRAL DE LA REPUBLICA DOMINICANA,BCENTRAL,60564
DO1002223928,NO120227,BCENTRAL/8 BOEST 20270212 GTIA,15480000,DOP,1548,8.6,100.020504,14/08/2026,03:29:13 PM,PRESTAMO,PRIMERA PARTE,ROTC,17/08/2026,CONFIRMADA,3284358,0,12/02/2022,12/02/2027,0.02,BANCO CENTRAL DE LA REPUBLICA DOMINICANA,BCENTRAL,60697
DO1002223928,NO120227,BCENTRAL/8 BOEST 20270212 GTIA,15480000,DOP,1548,7.590773,100.124629,14/08/2026,03:29:07 PM,PLAZO,PRIMERA PARTE,ROTC,05/10/2026,CONFIRMADA,3284357,0,12/02/2022,12/02/2027,0,BANCO CENTRAL DE LA REPUBLICA DOMINICANA,BCENTRAL,60984
DO1002223928,NO120227,BCENTRAL/8 BOEST 20270212 GTIA,15480000,DOP,1548,7.951817,100.020504,14/08/2026,03:28:53 PM,CONTADO,PRIMERA PARTE,ROTC,17/08/2026,CONFIRMADA,3284356,0,12/02/2022,12/02/2027,0,BANCO CENTRAL DE LA REPUBLICA DOMINICANA,BCENTRAL,61873
DO1002223928,NO120227,BCENTRAL/8 BOEST 20270212 GTIA,3200000,DOP,320,9.2,99.891307,14/08/2026,03:28:33 PM,PRESTAMO,SEGUNDA PARTE,ROTC,14/01/2027,CONFIRMADA,3284355,0,12/02/2022,12/02/2027,0.02,BANCO CENTRAL DE LA REPUBLICA DOMINICANA,BCENTRAL,59605
DO1002223928,NO120227,BCENTRAL/8 BOEST 20270212 GTIA,3200000,DOP,320,9.2,99.891307,14/08/2026,03:28:33 PM,PRESTAMO,PRIMERA PARTE,ROTC,17/08/2026,CONFIRMADA,3284355,0,12/02/2022,12/02/2027,0.02,BANCO CENTRAL DE LA REPUBLICA DOMINICANA,BCENTRAL,59731
DO1002223928,NO120227,BCENTRAL/8 BOEST 20270212 GTIA,3200000,DOP,320,2.148496,100.455438,14/08/2026,03:28:29 PM,PLAZO,PRIMERA PARTE,ROTC,14/01/2027,CONFIRMADA,3284354,0,12/02/2022,12/02/2027,0,BANCO CENTRAL DE LA REPUBLICA DOMINICANA,BCENTRAL,60165
DO1002223928,NO120227,BCENTRAL/8 BOEST 20270212 GTIA,3200000,DOP,320,8.227994,99.891307,14/08/2026,03:28:24 PM,CONTADO,PRIMERA PARTE,ROTC,17/08/2026,CONFIRMADA,3284353,0,12/02/2022,12/02/2027,0,BANCO CENTRAL DE LA REPUBLICA DOMINICANA,BCENTRAL,60928
DO1002223928,NO120227,BCENTRAL/8 BOEST 20270212 GTIA,3010000,DOP,301,8.15,99.559105,14/08/2026,03:28:15 PM,PRESTAMO,SEGUNDA PARTE,ROTC,22/09/2026,CONFIRMADA,3284352,0,12/02/2022,12/02/2027,0.02,BANCO CENTRAL DE LA REPUBLICA DOMINICANA,BCENTRAL,59969
DO1002223928,NO120227,BCENTRAL/8 BOEST 20270212 GTIA,3010000,DOP,301,8.15,99.559105,14/08/2026,03:28:15 PM,PRESTAMO,PRIMERA PARTE,ROTC,17/08/2026,CONFIRMADA,3284352,0,12/02/2022,12/02/2027,0.02,BANCO CENTRAL DE LA REPUBLICA DOMINICANA,BCENTRAL,60053
DO1002223928,NO120227,BCENTRAL/8 BOEST 20270212 GTIA,3010000,DOP,301,9.065178,99.586796,14/08/2026,03:28:10 PM,PLAZO,PRIMERA PARTE,ROTC,22/09/2026,CONFIRMADA,3284351,0,12/02/2022,12/02/2027,0,BANCO CENTRAL DE LA REPUBLICA DOMINICANA,BCENTRAL,60004
DO1002223928,NO120227,BCENTRAL/8 BOEST 20270212 GTIA,3010000,DOP,301,8.941457,99.559105,14/08/2026,03:28:03 PM,CONTADO,PRIMERA PARTE,ROTC,17/08/2026,CONFIRMADA,3284350,0,12/02/2022,12/02/2027,0,BANCO CENTRAL DE LA REPUBLICA DOMINICANA,BCENTRAL,60851
DO1002261225,LE021026,BCENTRAL/ LT 20261002 GTIA,3530000,DOP,353,8,99.150142,14/08/2026,03:27:56 PM,PRESTAMO,SEGUNDA PARTE,ROTC,16/09/2026,CONFIRMADA,3284349,0,02/10/2025,02/10/2026,0.02,BANCO CENTRAL DE LA REPUBLICA DOMINICANA,BCENTRAL,56875
DO1002261225,LE021026,BCENTRAL/ LT 20261002 GTIA,3530000,DOP,353,8,99.150142,14/08/2026,03:27:56 PM,PRESTAMO,PRIMERA PARTE,ROTC,17/08/2026,CONFIRMADA,3284349,0,02/10/2025,02/10/2026,0.02,BANCO CENTRAL DE LA REPUBLICA DOMINICANA,BCENTRAL,56938
DO1002261225,LE021026,BCENTRAL/ LT 20261002 GTIA,3530000,DOP,353,4.294657,99.80949,14/08/2026,03:27:51 PM,PLAZO,PRIMERA PARTE,ROTC,16/09/2026,CONFIRMADA,3284348,0,02/10/2025,02/10/2026,0,BANCO CENTRAL DE LA REPUBLICA DOMINICANA,BCENTRAL,57624
DO1002261225,LE021026,BCENTRAL/ LT 20261002 GTIA,3530000,DOP,353,6.708072,99.150142,14/08/2026,03:27:47 PM,CONTADO,PRIMERA PARTE,ROTC,17/08/2026,CONFIRMADA,3284347,0,02/10/2025,02/10/2026,0,BANCO CENTRAL DE LA REPUBLICA DOMINICANA,BCENTRAL,58737
DO1002223928,NO120227,BCENTRAL/8 BOEST 20270212 GTIA,6500000,DOP,650,8.6,99.891305,14/08/2026,03:27:40 PM,PRESTAMO,SEGUNDA PARTE,ROTC,16/10/2026,CONFIRMADA,3284346,0,12/02/2022,12/02/2027,0.02,BANCO CENTRAL DE LA REPUBLICA DOMINICANA,BCENTRAL,59682
DO1002223928,NO120227,BCENTRAL/8 BOEST 20270212 GTIA,6500000,DOP,650,8.6,99.891305,14/08/2026,03:27:40 PM,PRESTAMO,PRIMERA PARTE,ROTC,17/08/2026,CONFIRMADA,3284346,0,12/02/2022,12/02/2027,0.02,BANCO CENTRAL DE LA REPUBLICA DOMINICANA,BCENTRAL,59801
DO1002223928,NO120227,BCENTRAL/8 BOEST 20270212 GTIA,6500000,DOP,650,7.889529,100.016957,14/08/2026,03:27:34 PM,PLAZO,PRIMERA PARTE,ROTC,16/10/2026,CONFIRMADA,3284345,0,12/02/2022,12/02/2027,0,BANCO CENTRAL DE LA REPUBLICA DOMINICANA,BCENTRAL,60312
DO1002223928,NO120227,BCENTRAL/8 BOEST 20270212 GTIA,6500000,DOP,650,8.227998,99.891305,14/08/2026,03:27:26 PM,CONTADO,PRIMERA PARTE,ROTC,17/08/2026,CONFIRMADA,3284344,0,12/02/2022,12/02/2027,0,BANCO CENTRAL DE LA REPUBLICA DOMINICANA,BCENTRAL,61033
DO1005211227,MH32029,HACIENDA/12.75 BOEST 20290923 GTIA,14400000,DOP,144,6.1939,117.350784,14/08/2026,03:26:35 PM,PRESTAMO,SEGUNDA PARTE,ROTC,16/10/2026,CONFIRMADA,3284343,0,23/09/2022,23/09/2029,9.1,MINISTERIO DE HACIENDA,HACIENDA,62209
DO1005211227,MH32029,HACIENDA/12.75 BOEST 20290923 GTIA,14400000,DOP,144,8.5362,111.254044,14/08/2026,03:26:35 PM,PRESTAMO,PRIMERA PARTE,ROTC,17/08/2026,CONFIRMADA,3284343,0,23/09/2022,23/09/2029,9.1,MINISTERIO DE HACIENDA,HACIENDA,62202
DO1005211227,MH32029,HACIENDA/12.75 BOEST 20290923 GTIA,14400000,DOP,144,6.1939,117.350784,14/08/2026,03:26:34 PM,ESTRUCTURADA,SEGUNDA PARTE,ROTC,16/10/2026,CONFIRMADA,3284324,0,23/09/2022,23/09/2029,9.1,MINISTERIO DE HACIENDA,HACIENDA,64302
DO1005211227,MH32029,HACIENDA/12.75 BOEST 20290923 GTIA,14400000,DOP,144,8.5362,111.254044,14/08/2026,03:26:34 PM,ESTRUCTURADA,PRIMERA PARTE,ROTC,17/08/2026,CONFIRMADA,3284324,0,23/09/2022,23/09/2029,9.1,MINISTERIO DE HACIENDA,HACIENDA,64295
DO1002227721,NO111226,BCENTRAL/9 BOEST 20261211 GTIA,750000,DOP,75,8.000003,100.286489,14/08/2026,03:26:34 PM,CONTADO,PRIMERA PARTE,ROTC,17/08/2026,CONFIRMADA,3284342,0,11/12/2023,11/12/2026,0,BANCO CENTRAL DE LA REPUBLICA DOMINICANA,BCENTRAL,60375
DO1002261522,NO180130,BCENTRAL/9.5 BOEST 20300118 GTIA,2000000,DOP,200,9.2,100.848661,14/08/2026,03:26:28 PM,CONTADO,PRIMERA PARTE,ROTC,17/08/2026,CONFIRMADA,3284341,0,18/01/2026,18/01/2030,0,BANCO CENTRAL DE LA REPUBLICA DOMINICANA,BCENTRAL,59892
DO1002227721,NO111226,BCENTRAL/9 BOEST 20261211 GTIA,2000000,DOP,200,8.95,99.992475,14/08/2026,03:26:23 PM,CONTADO,PRIMERA PARTE,ROTC,17/08/2026,CONFIRMADA,3284340,0,11/12/2023,11/12/2026,0,BANCO CENTRAL DE LA REPUBLICA DOMINICANA,BCENTRAL,59402
DO1002261423,NO301129,BCENTRAL/9.5 BOEST 20291130 GTIA,50000,DOP,5,8.671,102.11346,14/08/2026,03:26:22 PM,PRESTAMO,SEGUNDA PARTE,ROTC,16/12/2026,CONFIRMADA,3284339,0,30/11/2025,30/11/2029,7.6,BANCO CENTRAL DE LA REPUBLICA DOMINICANA,BCENTRAL,59479
DO1002261423,NO301129,BCENTRAL/9.5 BOEST 20291130 GTIA,50000,DOP,5,10.246,97.93478,14/08/2026,03:26:22 PM,PRESTAMO,PRIMERA PARTE,ROTC,18/08/2026,CONFIRMADA,3284339,0,30/11/2025,30/11/2029,7.6,BANCO CENTRAL DE LA REPUBLICA DOMINICANA,BCENTRAL,59731
DO1002261423,NO301129,BCENTRAL/9.5 BOEST 20291130 GTIA,50000,DOP,5,8.671,102.11346,14/08/2026,03:26:21 PM,ESTRUCTURADA,SEGUNDA PARTE,ROTC,16/12/2026,CONFIRMADA,3284323,0,30/11/2025,30/11/2029,7.6,BANCO CENTRAL DE LA REPUBLICA DOMINICANA,BCENTRAL,61572
DO1002261423,NO301129,BCENTRAL/9.5 BOEST 20291130 GTIA,50000,DOP,5,10.246,97.93478,14/08/2026,03:26:21 PM,ESTRUCTURADA,PRIMERA PARTE,ROTC,18/08/2026,CONFIRMADA,3284323,0,30/11/2025,30/11/2029,7.6,BANCO CENTRAL DE LA REPUBLICA DOMINICANA,BCENTRAL,61824
DO1002261423,NO301129,BCENTRAL/9.5 BOEST 20291130 GTIA,50000,DOP,5,10.5,97.250965,14/08/2026,03:26:10 PM,CONTADO,PRIMERA PARTE,ROTC,17/08/2026,CONFIRMADA,3284337,0,30/11/2025,30/11/2029,0,BANCO CENTRAL DE LA REPUBLICA DOMINICANA,BCENTRAL,58597
DO1005211227,MH32029,HACIENDA/12.75 BOEST 20290923 GTIA,100000,DOP,1,6.2506,116.71044,14/08/2026,03:26:10 PM,PRESTAMO,SEGUNDA PARTE,ROTC,17/11/2026,CONFIRMADA,3284338,0,23/09/2022,23/09/2029,8.7,MINISTERIO DE HACIENDA,HACIENDA,60235
DO1005211227,MH32029,HACIENDA/12.75 BOEST 20290923 GTIA,100000,DOP,1,8.6542,110.91653,14/08/2026,03:26:10 PM,PRESTAMO,PRIMERA PARTE,ROTC,17/08/2026,CONFIRMADA,3284338,0,23/09/2022,23/09/2029,8.7,MINISTERIO DE HACIENDA,HACIENDA,60396
DO1005211227,MH32029,HACIENDA/12.75 BOEST 20290923 GTIA,100000,DOP,1,6.2506,116.71044,14/08/2026,03:26:09 PM,ESTRUCTURADA,SEGUNDA PARTE,ROTC,17/11/2026,CONFIRMADA,3284322,0,23/09/2022,23/09/2029,8.7,MINISTERIO DE HACIENDA,HACIENDA,62391
DO1005211227,MH32029,HACIENDA/12.75 BOEST 20290923 GTIA,100000,DOP,1,8.6542,110.91653,14/08/2026,03:26:09 PM,ESTRUCTURADA,PRIMERA PARTE,ROTC,17/08/2026,CONFIRMADA,3284322,0,23/09/2022,23/09/2029,8.7,MINISTERIO DE HACIENDA,HACIENDA,62552
USP3579ECP09,BSRD2029, ,85000,USD,85,6.1,98.619865,14/08/2026,03:26:04 PM,CONTADO,PRIMERA PARTE,ROTC,17/08/2026,CONFIRMADA,3284336,0,22/02/2022,22/02/2029,0,MINISTERIO DE HACIENDA,HACIENDA,46613
DO1005211227,MH32029,HACIENDA/12.75 BOEST 20290923 GTIA,500000,DOP,5,10.5911,105.16635,14/08/2026,03:25:58 PM,PRESTAMO,SEGUNDA PARTE,ROTC,17/11/2026,CONFIRMADA,3284334,0,23/09/2022,23/09/2029,7.4,MINISTERIO DE HACIENDA,HACIENDA,60711
DO1005211227,MH32029,HACIENDA/12.75 BOEST 20290923 GTIA,500000,DOP,5,12.7524,99.965092,14/08/2026,03:25:58 PM,PRESTAMO,PRIMERA PARTE,ROTC,17/08/2026,CONFIRMADA,3284334,0,23/09/2022,23/09/2029,7.4,MINISTERIO DE HACIENDA,HACIENDA,60998
USP3579ECP09,BSRD2029, ,82000,USD,82,5.3,100.464013,14/08/2026,03:25:58 PM,CONTADO,PRIMERA PARTE,ROTC,17/08/2026,CONFIRMADA,3284335,0,22/02/2022,22/02/2029,0,MINISTERIO DE HACIENDA,HACIENDA,46739
DO1005211227,MH32029,HACIENDA/12.75 BOEST 20290923 GTIA,500000,DOP,5,10.5911,105.16635,14/08/2026,03:25:57 PM,ESTRUCTURADA,SEGUNDA PARTE,ROTC,17/11/2026,CONFIRMADA,3284321,0,23/09/2022,23/09/2029,7.4,MINISTERIO DE HACIENDA,HACIENDA,62804
DO1005211227,MH32029,HACIENDA/12.75 BOEST 20290923 GTIA,500000,DOP,5,12.7524,99.965092,14/08/2026,03:25:57 PM,ESTRUCTURADA,PRIMERA PARTE,ROTC,17/08/2026,CONFIRMADA,3284321,0,23/09/2022,23/09/2029,7.4,MINISTERIO DE HACIENDA,HACIENDA,63091
DO1005211227,MH32029,HACIENDA/12.75 BOEST 20290923 GTIA,300000,DOP,3,9.7834,107.20627,14/08/2026,03:25:45 PM,PRESTAMO,SEGUNDA PARTE,ROTC,16/11/2026,CONFIRMADA,3284333,0,23/09/2022,23/09/2029,7.4,MINISTERIO DE HACIENDA,HACIENDA,60396
DO1005211227,MH32029,HACIENDA/12.75 BOEST 20290923 GTIA,300000,DOP,3,11.9713,101.941153,14/08/2026,03:25:45 PM,PRESTAMO,PRIMERA PARTE,ROTC,18/08/2026,CONFIRMADA,3284333,0,23/09/2022,23/09/2029,7.4,MINISTERIO DE HACIENDA,HACIENDA,61124
DO1005211227,MH32029,HACIENDA/12.75 BOEST 20290923 GTIA,300000,DOP,3,9.7834,107.20627,14/08/2026,03:25:44 PM,ESTRUCTURADA,SEGUNDA PARTE,ROTC,16/11/2026,CONFIRMADA,3284320,0,23/09/2022,23/09/2029,7.4,MINISTERIO DE HACIENDA,HACIENDA,62489
DO1005211227,MH32029,HACIENDA/12.75 BOEST 20290923 GTIA,300000,DOP,3,11.9713,101.941153,14/08/2026,03:25:44 PM,ESTRUCTURADA,PRIMERA PARTE,ROTC,18/08/2026,CONFIRMADA,3284320,0,23/09/2022,23/09/2029,7.4,MINISTERIO DE HACIENDA,HACIENDA,63217
DO1005205716,MHUS2027,HACIENDA/6 BOEST 20270305 GTIA,191000,USD,191,-5.3262,105.438497,14/08/2026,03:25:22 PM,PRESTAMO,SEGUNDA PARTE,ROTC,16/09/2026,CONFIRMADA,3284332,0,05/09/2016,05/03/2027,4.95,MINISTERIO DE HACIENDA,HACIENDA,61327
DO1005205716,MHUS2027,HACIENDA/6 BOEST 20270305 GTIA,191000,USD,191,1.4409,102.473099,14/08/2026,03:25:22 PM,PRESTAMO,PRIMERA PARTE,ROTC,17/08/2026,CONFIRMADA,3284332,0,05/09/2016,05/03/2027,4.95,MINISTERIO DE HACIENDA,HACIENDA,61033
DO1005205716,MHUS2027,HACIENDA/6 BOEST 20270305 GTIA,191000,USD,191,-5.3262,105.438497,14/08/2026,03:25:21 PM,ESTRUCTURADA,SEGUNDA PARTE,ROTC,16/09/2026,CONFIRMADA,3284265,0,05/09/2016,05/03/2027,4.95,MINISTERIO DE HACIENDA,HACIENDA,63420
DO1005205716,MHUS2027,HACIENDA/6 BOEST 20270305 GTIA,191000,USD,191,1.4409,102.473099,14/08/2026,03:25:21 PM,ESTRUCTURADA,PRIMERA PARTE,ROTC,17/08/2026,CONFIRMADA,3284265,0,05/09/2016,05/03/2027,4.95,MINISTERIO DE HACIENDA,HACIENDA,63126
DO1002261423,NO301129,BCENTRAL/9.5 BOEST 20291130 GTIA,30000,DOP,3,13.7157,90.0105,14/08/2026,03:25:09 PM,PRESTAMO,SEGUNDA PARTE,ROTC,15/12/2026,CONFIRMADA,3284331,0,30/11/2025,30/11/2029,8.7,BANCO CENTRAL DE LA REPUBLICA DOMINICANA,BCENTRAL,59465
DO1002261423,NO301129,BCENTRAL/9.5 BOEST 20291130 GTIA,30000,DOP,3,15.1189,85.8169,14/08/2026,03:25:09 PM,PRESTAMO,PRIMERA PARTE,ROTC,17/08/2026,CONFIRMADA,3284331,0,30/11/2025,30/11/2029,8.7,BANCO CENTRAL DE LA REPUBLICA DOMINICANA,BCENTRAL,59738
DO1002261423,NO301129,BCENTRAL/9.5 BOEST 20291130 GTIA,30000,DOP,3,13.7157,90.0105,14/08/2026,03:25:08 PM,ESTRUCTURADA,SEGUNDA PARTE,ROTC,15/12/2026,CONFIRMADA,3284264,0,30/11/2025,30/11/2029,8.7,BANCO CENTRAL DE LA REPUBLICA DOMINICANA,BCENTRAL,61558
DO1002261423,NO301129,BCENTRAL/9.5 BOEST 20291130 GTIA,30000,DOP,3,15.1189,85.8169,14/08/2026,03:25:08 PM,ESTRUCTURADA,PRIMERA PARTE,ROTC,17/08/2026,CONFIRMADA,3284264,0,30/11/2025,30/11/2029,8.7,BANCO CENTRAL DE LA REPUBLICA DOMINICANA,BCENTRAL,61831
DO1002261225,LE021026,BCENTRAL/ LT 20261002 GTIA,200000,DOP,20,-15.917,100.7125,14/08/2026,03:24:59 PM,PRESTAMO,SEGUNDA PARTE,ROTC,16/09/2026,CONFIRMADA,3284330,0,02/10/2025,02/10/2026,8.55,BANCO CENTRAL DE LA REPUBLICA DOMINICANA,BCENTRAL,57722
DO1002261225,LE021026,BCENTRAL/ LT 20261002 GTIA,200000,DOP,20,0,100,14/08/2026,03:24:59 PM,PRESTAMO,PRIMERA PARTE,ROTC,17/08/2026,CONFIRMADA,3284330,0,02/10/2025,02/10/2026,8.55,BANCO CENTRAL DE LA REPUBLICA DOMINICANA,BCENTRAL,53872
DO1002261225,LE021026,BCENTRAL/ LT 20261002 GTIA,200000,DOP,20,-15.917,100.7125,14/08/2026,03:24:57 PM,ESTRUCTURADA,SEGUNDA PARTE,ROTC,16/09/2026,CONFIRMADA,3284263,0,02/10/2025,02/10/2026,8.55,BANCO CENTRAL DE LA REPUBLICA DOMINICANA,BCENTRAL,59808
DO1002261225,LE021026,BCENTRAL/ LT 20261002 GTIA,200000,DOP,20,0,100,14/08/2026,03:24:57 PM,ESTRUCTURADA,PRIMERA PARTE,ROTC,17/08/2026,CONFIRMADA,3284263,0,02/10/2025,02/10/2026,8.55,BANCO CENTRAL DE LA REPUBLICA DOMINICANA,BCENTRAL,55958
DO1005205716,MHUS2027,HACIENDA/6 BOEST 20270305 GTIA,2000,USD,2,58.7959,83.6905,14/08/2026,03:24:48 PM,PRESTAMO,SEGUNDA PARTE,ROTC,16/10/2026,CONFIRMADA,3284329,0,05/09/2016,05/03/2027,4.05,MINISTERIO DE HACIENDA,HACIENDA,58968
DO1005205716,MHUS2027,HACIENDA/6 BOEST 20270305 GTIA,2000,USD,2,49.052,81.0865,14/08/2026,03:24:48 PM,PRESTAMO,PRIMERA PARTE,ROTC,17/08/2026,CONFIRMADA,3284329,0,05/09/2016,05/03/2027,4.05,MINISTERIO DE HACIENDA,HACIENDA,58569
DO1005205716,MHUS2027,HACIENDA/6 BOEST 20270305 GTIA,2000,USD,2,58.7959,83.6905,14/08/2026,03:24:46 PM,ESTRUCTURADA,SEGUNDA PARTE,ROTC,16/10/2026,CONFIRMADA,3284262,0,05/09/2016,05/03/2027,4.05,MINISTERIO DE HACIENDA,HACIENDA,61054
DO1005205716,MHUS2027,HACIENDA/6 BOEST 20270305 GTIA,2000,USD,2,49.052,81.0865,14/08/2026,03:24:46 PM,ESTRUCTURADA,PRIMERA PARTE,ROTC,17/08/2026,CONFIRMADA,3284262,0,05/09/2016,05/03/2027,4.05,MINISTERIO DE HACIENDA,HACIENDA,60655
DO1005211227,MH32029,HACIENDA/12.75 BOEST 20290923 GTIA,2200000,DOP,22,7.0782,113.666376,14/08/2026,03:24:36 PM,PRESTAMO,SEGUNDA PARTE,ROTC,14/01/2027,CONFIRMADA,3284328,0,23/09/2022,23/09/2029,8.4,MINISTERIO DE HACIENDA,HACIENDA,61446
DO1005211227,MH32029,HACIENDA/12.75 BOEST 20290923 GTIA,2200000,DOP,22,9.5123,108.501433,14/08/2026,03:24:36 PM,PRESTAMO,PRIMERA PARTE,ROTC,17/08/2026,CONFIRMADA,3284328,0,23/09/2022,23/09/2029,8.4,MINISTERIO DE HACIENDA,HACIENDA,61446
DO1005211227,MH32029,HACIENDA/12.75 BOEST 20290923 GTIA,2200000,DOP,22,7.0782,113.666376,14/08/2026,03:24:35 PM,ESTRUCTURADA,SEGUNDA PARTE,ROTC,14/01/2027,CONFIRMADA,3284261,0,23/09/2022,23/09/2029,8.4,MINISTERIO DE HACIENDA,HACIENDA,63539
DO1005211227,MH32029,HACIENDA/12.75 BOEST 20290923 GTIA,2200000,DOP,22,9.5123,108.501433,14/08/2026,03:24:35 PM,ESTRUCTURADA,PRIMERA PARTE,ROTC,17/08/2026,CONFIRMADA,3284261,0,23/09/2022,23/09/2029,8.4,MINISTERIO DE HACIENDA,HACIENDA,63539
DO1002261225,LE021026,BCENTRAL/ LT 20261002 GTIA,5710000,DOP,571,8.310888,98.949212,14/08/2026,03:23:56 PM,CONTADO,PRIMERA PARTE,ROTC,17/08/2026,CONFIRMADA,3284327,0,02/10/2025,02/10/2026,0,BANCO CENTRAL DE LA REPUBLICA DOMINICANA,BCENTRAL,58870
DO1002261225,LE021026,BCENTRAL/ LT 20261002 GTIA,5710000,DOP,571,8,98.949212,14/08/2026,03:23:49 PM,PRESTAMO,SEGUNDA PARTE,ROTC,16/09/2026,CONFIRMADA,3284326,0,02/10/2025,02/10/2026,0.02,BANCO CENTRAL DE LA REPUBLICA DOMINICANA,BCENTRAL,56980
DO1002261225,LE021026,BCENTRAL/ LT 20261002 GTIA,5710000,DOP,571,8,98.949212,14/08/2026,03:23:49 PM,PRESTAMO,PRIMERA PARTE,ROTC,17/08/2026,CONFIRMADA,3284326,0,02/10/2025,02/10/2026,0.02,BANCO CENTRAL DE LA REPUBLICA DOMINICANA,BCENTRAL,57043
DO1002261225,LE021026,BCENTRAL/ LT 20261002 GTIA,5710000,DOP,571,8.872308,99.607224,14/08/2026,03:23:47 PM,PLAZO,PRIMERA PARTE,ROTC,16/09/2026,CONFIRMADA,3284325,0,02/10/2025,02/10/2026,0,BANCO CENTRAL DE LA REPUBLICA DOMINICANA,BCENTRAL,57925
DO1002223928,NO120227,BCENTRAL/8 BOEST 20270212 GTIA,15000000,DOP,1500,8.227998,99.891305,14/08/2026,03:22:32 PM,CONTADO,PRIMERA PARTE,ROTC,17/08/2026,CONFIRMADA,3284319,0,12/02/2022,12/02/2027,0,BANCO CENTRAL DE LA REPUBLICA DOMINICANA,BCENTRAL,61579
DO1002223928,NO120227,BCENTRAL/8 BOEST 20270212 GTIA,15000000,DOP,1500,7.839096,100.025721,14/08/2026,03:22:31 PM,PLAZO,PRIMERA PARTE,ROTC,30/10/2026,CONFIRMADA,3284318,0,12/02/2022,12/02/2027,0,BANCO CENTRAL DE LA REPUBLICA DOMINICANA,BCENTRAL,60711
DO1002223928,NO120227,BCENTRAL/8 BOEST 20270212 GTIA,15000000,DOP,1500,8.5,99.891305,14/08/2026,03:22:21 PM,PRESTAMO,SEGUNDA PARTE,ROTC,30/10/2026,CONFIRMADA,3284317,0,12/02/2022,12/02/2027,0.02,BANCO CENTRAL DE LA REPUBLICA DOMINICANA,BCENTRAL,60207
DO1002223928,NO120227,BCENTRAL/8 BOEST 20270212 GTIA,15000000,DOP,1500,8.5,99.891305,14/08/2026,03:22:21 PM,PRESTAMO,PRIMERA PARTE,ROTC,17/08/2026,CONFIRMADA,3284317,0,12/02/2022,12/02/2027,0.02,BANCO CENTRAL DE LA REPUBLICA DOMINICANA,BCENTRAL,60354
USP3579EBV85,BSDR2027,DOMINICAN Rep/5.95 BD 20270125 Se,5000,USD,5,2.456,101.4948,14/08/2026,03:20:13 PM,CONTADO,PRIMERA PARTE,ROTC,19/08/2026,CONFIRMADA,3284269,0,25/01/2017,25/01/2027,0,MINISTERIO DE HACIENDA,HACIENDA,60263
USP3579EBV85,BSDR2027,DOMINICAN Rep/5.95 BD 20270125 Se,5000,USD,5,2.3399,101.2574,14/08/2026,03:20:12 PM,PRESTAMO,SEGUNDA PARTE,ROTC,18/09/2026,CONFIRMADA,3284270,0,25/01/2017,25/01/2027,0.625261,MINISTERIO DE HACIENDA,HACIENDA,61236
USP3579EBV85,BSDR2027,DOMINICAN Rep/5.95 BD 20270125 Se,5000,USD,5,2.456,101.4948,14/08/2026,03:20:12 PM,PRESTAMO,PRIMERA PARTE,ROTC,19/08/2026,CONFIRMADA,3284270,0,25/01/2017,25/01/2027,0.625261,MINISTERIO DE HACIENDA,HACIENDA,60949
USP3579EBV85,BSDR2027,DOMINICAN Rep/5.95 BD 20270125 Se,5000,USD,5,2.3399,101.2574,14/08/2026,03:20:11 PM,PLAZO,PRIMERA PARTE,ROTC,18/09/2026,CONFIRMADA,3284271,0,25/01/2017,25/01/2027,0,MINISTERIO DE HACIENDA,HACIENDA,59689
DO1002228612,NO031227,BCENTRAL/8 BOEST 20271203 GTIA,600000,DOP,60,8.059,99.909837,14/08/2026,03:20:09 PM,CONTADO,PRIMERA PARTE,ROTC,19/08/2026,CONFIRMADA,3284272,0,03/12/2024,03/12/2027,0,BANCO CENTRAL DE LA REPUBLICA DOMINICANA,BCENTRAL,59143
DO1002228612,NO031227,BCENTRAL/8 BOEST 20271203 GTIA,600000,DOP,60,8.0924,99.876355,14/08/2026,03:20:08 PM,PRESTAMO,SEGUNDA PARTE,ROTC,18/09/2026,CONFIRMADA,3284273,0,03/12/2024,03/12/2027,2.255357,BANCO CENTRAL DE LA REPUBLICA DOMINICANA,BCENTRAL,60095
DO1002228612,NO031227,BCENTRAL/8 BOEST 20271203 GTIA,600000,DOP,60,8.059,99.909837,14/08/2026,03:20:08 PM,PRESTAMO,PRIMERA PARTE,ROTC,19/08/2026,CONFIRMADA,3284273,0,03/12/2024,03/12/2027,2.255357,BANCO CENTRAL DE LA REPUBLICA DOMINICANA,BCENTRAL,59829
DO1002228612,NO031227,BCENTRAL/8 BOEST 20271203 GTIA,600000,DOP,60,8.0924,99.876355,14/08/2026,03:20:07 PM,PLAZO,PRIMERA PARTE,ROTC,18/09/2026,CONFIRMADA,3284274,0,03/12/2024,03/12/2027,0,BANCO CENTRAL DE LA REPUBLICA DOMINICANA,BCENTRAL,58548
DO1002228612,NO031227,BCENTRAL/8 BOEST 20271203 GTIA,3110000,DOP,311,8.0919,99.869996,14/08/2026,03:20:06 PM,CONTADO,PRIMERA PARTE,ROTC,17/08/2026,CONFIRMADA,3284275,0,03/12/2024,03/12/2027,0,BANCO CENTRAL DE LA REPUBLICA DOMINICANA,BCENTRAL,60214
DO1002228612,NO031227,BCENTRAL/8 BOEST 20271203 GTIA,3110000,DOP,311,7.8395,100.151773,14/08/2026,03:20:05 PM,PRESTAMO,SEGUNDA PARTE,ROTC,16/11/2026,CONFIRMADA,3284277,0,03/12/2024,03/12/2027,3.767764,BANCO CENTRAL DE LA REPUBLICA DOMINICANA,BCENTRAL,60879
DO1002228612,NO031227,BCENTRAL/8 BOEST 20271203 GTIA,3110000,DOP,311,8.0919,99.869996,14/08/2026,03:20:05 PM,PRESTAMO,PRIMERA PARTE,ROTC,17/08/2026,CONFIRMADA,3284277,0,03/12/2024,03/12/2027,3.767764,BANCO CENTRAL DE LA REPUBLICA DOMINICANA,BCENTRAL,60900
DO1002228612,NO031227,BCENTRAL/8 BOEST 20271203 GTIA,3110000,DOP,311,7.8395,100.151773,14/08/2026,03:20:04 PM,PLAZO,PRIMERA PARTE,ROTC,16/11/2026,CONFIRMADA,3284278,0,03/12/2024,03/12/2027,0,BANCO CENTRAL DE LA REPUBLICA DOMINICANA,BCENTRAL,59332
USP3579ECF27,BSRD2030,DOMINICAN REP/4.5 BD 20300130 UNS,13000,USD,13,4.4143,100.268846,14/08/2026,03:20:03 PM,CONTADO,PRIMERA PARTE,ROTC,19/08/2026,CONFIRMADA,3284279,0,30/01/2020,30/01/2030,0,MINISTERIO DE HACIENDA,HACIENDA,61306
USP3579ECF27,BSRD2030,DOMINICAN REP/4.5 BD 20300130 UNS,13000,USD,13,4.4307,100.199,14/08/2026,03:20:02 PM,PRESTAMO,SEGUNDA PARTE,ROTC,17/11/2026,CONFIRMADA,3284280,0,30/01/2020,30/01/2030,1.248509,MINISTERIO DE HACIENDA,HACIENDA,60774
USP3579ECF27,BSRD2030,DOMINICAN REP/4.5 BD 20300130 UNS,13000,USD,13,4.4143,100.268846,14/08/2026,03:20:02 PM,PRESTAMO,PRIMERA PARTE,ROTC,19/08/2026,CONFIRMADA,3284280,0,30/01/2020,30/01/2030,1.248509,MINISTERIO DE HACIENDA,HACIENDA,61992
USP3579ECF27,BSRD2030,DOMINICAN REP/4.5 BD 20300130 UNS,13000,USD,13,4.4307,100.199,14/08/2026,03:20:00 PM,PLAZO,PRIMERA PARTE,ROTC,17/11/2026,CONFIRMADA,3284281,0,30/01/2020,30/01/2030,0,MINISTERIO DE HACIENDA,HACIENDA,59220
DO1002223928,NO120227,BCENTRAL/8 BOEST 20270212 GTIA,420000,DOP,42,8.228,99.891305,14/08/2026,03:19:59 PM,CONTADO,PRIMERA PARTE,ROTC,17/08/2026,CONFIRMADA,3284282,0,12/02/2022,12/02/2027,0,BANCO CENTRAL DE LA REPUBLICA DOMINICANA,BCENTRAL,59157
DO1002223928,NO120227,BCENTRAL/8 BOEST 20270212 GTIA,420000,DOP,42,7.2787,100.150126,14/08/2026,03:19:58 PM,PRESTAMO,SEGUNDA PARTE,ROTC,16/11/2026,CONFIRMADA,3284283,0,12/02/2022,12/02/2027,2.29445,BANCO CENTRAL DE LA REPUBLICA DOMINICANA,BCENTRAL,60284
DO1002223928,NO120227,BCENTRAL/8 BOEST 20270212 GTIA,420000,DOP,42,8.228,99.891305,14/08/2026,03:19:58 PM,PRESTAMO,PRIMERA PARTE,ROTC,17/08/2026,CONFIRMADA,3284283,0,12/02/2022,12/02/2027,2.29445,BANCO CENTRAL DE LA REPUBLICA DOMINICANA,BCENTRAL,59843
DO1002223928,NO120227,BCENTRAL/8 BOEST 20270212 GTIA,420000,DOP,42,7.2787,100.150126,14/08/2026,03:19:57 PM,PLAZO,PRIMERA PARTE,ROTC,16/11/2026,CONFIRMADA,3284284,0,12/02/2022,12/02/2027,0,BANCO CENTRAL DE LA REPUBLICA DOMINICANA,BCENTRAL,58737
DO1002223928,NO120227,BCENTRAL/8 BOEST 20270212 GTIA,680000,DOP,68,6.0151,100.936121,14/08/2026,03:19:56 PM,CONTADO,PRIMERA PARTE,ROTC,17/08/2026,CONFIRMADA,3284285,0,12/02/2022,12/02/2027,0,BANCO CENTRAL DE LA REPUBLICA DOMINICANA,BCENTRAL,59724
DO1002223928,NO120227,BCENTRAL/8 BOEST 20270212 GTIA,680000,DOP,68,-0.6573,101.392451,14/08/2026,03:19:55 PM,PRESTAMO,SEGUNDA PARTE,ROTC,15/12/2026,CONFIRMADA,3284286,0,12/02/2022,12/02/2027,3.048436,BANCO CENTRAL DE LA REPUBLICA DOMINICANA,BCENTRAL,60690
DO1002223928,NO120227,BCENTRAL/8 BOEST 20270212 GTIA,680000,DOP,68,6.0151,100.936121,14/08/2026,03:19:55 PM,PRESTAMO,PRIMERA PARTE,ROTC,17/08/2026,CONFIRMADA,3284286,0,12/02/2022,12/02/2027,3.048436,BANCO CENTRAL DE LA REPUBLICA DOMINICANA,BCENTRAL,60410
DO1002223928,NO120227,BCENTRAL/8 BOEST 20270212 GTIA,680000,DOP,68,-0.6573,101.392451,14/08/2026,03:19:54 PM,PLAZO,PRIMERA PARTE,ROTC,15/12/2026,CONFIRMADA,3284287,0,12/02/2022,12/02/2027,0,BANCO CENTRAL DE LA REPUBLICA DOMINICANA,BCENTRAL,59143
DO1002223928,NO120227,BCENTRAL/8 BOEST 20270212 GTIA,80000,DOP,8,12.1617,98.106688,14/08/2026,03:19:52 PM,CONTADO,PRIMERA PARTE,ROTC,19/08/2026,CONFIRMADA,3284288,0,12/02/2022,12/02/2027,0,BANCO CENTRAL DE LA REPUBLICA DOMINICANA,BCENTRAL,59150
DO1002223928,NO120227,BCENTRAL/8 BOEST 20270212 GTIA,80000,DOP,8,16.4397,98.078487,14/08/2026,03:19:51 PM,PRESTAMO,SEGUNDA PARTE,ROTC,17/11/2026,CONFIRMADA,3284289,0,12/02/2022,12/02/2027,2.076613,BANCO CENTRAL DE LA REPUBLICA DOMINICANA,BCENTRAL,59836
DO1002223928,NO120227,BCENTRAL/8 BOEST 20270212 GTIA,80000,DOP,8,12.1617,98.106688,14/08/2026,03:19:51 PM,PRESTAMO,PRIMERA PARTE,ROTC,19/08/2026,CONFIRMADA,3284289,0,12/02/2022,12/02/2027,2.076613,BANCO CENTRAL DE LA REPUBLICA DOMINICANA,BCENTRAL,59836
DO1002223928,NO120227,BCENTRAL/8 BOEST 20270212 GTIA,80000,DOP,8,16.4397,98.078487,14/08/2026,03:19:50 PM,PLAZO,PRIMERA PARTE,ROTC,17/11/2026,CONFIRMADA,3284290,0,12/02/2022,12/02/2027,0,BANCO CENTRAL DE LA REPUBLICA DOMINICANA,BCENTRAL,58289
DO1002227317,NO150928,BCENTRAL/11 BOEST 20280915 GTIA,710000,DOP,71,9.3975,102.940503,14/08/2026,03:19:49 PM,CONTADO,PRIMERA PARTE,ROTC,19/08/2026,CONFIRMADA,3284291,0,15/09/2023,15/09/2028,0,BANCO CENTRAL DE LA REPUBLICA DOMINICANA,BCENTRAL,60235
DO1002227317,NO150928,BCENTRAL/11 BOEST 20280915 GTIA,710000,DOP,71,1.1694,102.851286,14/08/2026,03:19:48 PM,PRESTAMO,SEGUNDA PARTE,ROTC,14/09/2026,CONFIRMADA,3284292,0,15/09/2023,15/09/2028,4.967524,BANCO CENTRAL DE LA REPUBLICA DOMINICANA,BCENTRAL,60809
DO1002227317,NO150928,BCENTRAL/11 BOEST 20280915 GTIA,710000,DOP,71,9.3975,102.940503,14/08/2026,03:19:48 PM,PRESTAMO,PRIMERA PARTE,ROTC,19/08/2026,CONFIRMADA,3284292,0,15/09/2023,15/09/2028,4.967524,BANCO CENTRAL DE LA REPUBLICA DOMINICANA,BCENTRAL,60921
DO1002227317,NO150928,BCENTRAL/11 BOEST 20280915 GTIA,710000,DOP,71,1.1694,102.851286,14/08/2026,03:19:47 PM,PLAZO,PRIMERA PARTE,ROTC,14/09/2026,CONFIRMADA,3284293,0,15/09/2023,15/09/2028,0,BANCO CENTRAL DE LA REPUBLICA DOMINICANA,BCENTRAL,59262
DO1002228612,NO031227,BCENTRAL/8 BOEST 20271203 GTIA,320000,DOP,32,6.857,101.371731,14/08/2026,03:19:46 PM,CONTADO,PRIMERA PARTE,ROTC,19/08/2026,CONFIRMADA,3284294,0,03/12/2024,03/12/2027,0,BANCO CENTRAL DE LA REPUBLICA DOMINICANA,BCENTRAL,59346
DO1002228612,NO031227,BCENTRAL/8 BOEST 20271203 GTIA,320000,DOP,32,6.7305,101.433084,14/08/2026,03:19:44 PM,PRESTAMO,SEGUNDA PARTE,ROTC,18/09/2026,CONFIRMADA,3284295,0,03/12/2024,03/12/2027,2.31291,BANCO CENTRAL DE LA REPUBLICA DOMINICANA,BCENTRAL,60263
DO1002228612,NO031227,BCENTRAL/8 BOEST 20271203 GTIA,320000,DOP,32,6.857,101.371731,14/08/2026,03:19:44 PM,PRESTAMO,PRIMERA PARTE,ROTC,19/08/2026,CONFIRMADA,3284295,0,03/12/2024,03/12/2027,2.31291,BANCO CENTRAL DE LA REPUBLICA DOMINICANA,BCENTRAL,60025
DO1002228612,NO031227,BCENTRAL/8 BOEST 20271203 GTIA,320000,DOP,32,6.7305,101.433084,14/08/2026,03:19:43 PM,PLAZO,PRIMERA PARTE,ROTC,18/09/2026,CONFIRMADA,3284296,0,03/12/2024,03/12/2027,0,BANCO CENTRAL DE LA REPUBLICA DOMINICANA,BCENTRAL,58716
DO1002223928,NO120227,BCENTRAL/8 BOEST 20270212 GTIA,230000,DOP,23,2.7646,102.511578,14/08/2026,03:19:42 PM,CONTADO,PRIMERA PARTE,ROTC,17/08/2026,CONFIRMADA,3284297,0,12/02/2022,12/02/2027,0,BANCO CENTRAL DE LA REPUBLICA DOMINICANA,BCENTRAL,59696
DO1002223928,NO120227,BCENTRAL/8 BOEST 20270212 GTIA,230000,DOP,23,-2.6145,102.569617,14/08/2026,03:19:41 PM,PRESTAMO,SEGUNDA PARTE,ROTC,16/11/2026,CONFIRMADA,3284298,0,12/02/2022,12/02/2027,2.049557,BANCO CENTRAL DE LA REPUBLICA DOMINICANA,BCENTRAL,60585
DO1002223928,NO120227,BCENTRAL/8 BOEST 20270212 GTIA,230000,DOP,23,2.7646,102.511578,14/08/2026,03:19:41 PM,PRESTAMO,PRIMERA PARTE,ROTC,17/08/2026,CONFIRMADA,3284298,0,12/02/2022,12/02/2027,2.049557,BANCO CENTRAL DE LA REPUBLICA DOMINICANA,BCENTRAL,60382
DO1002223928,NO120227,BCENTRAL/8 BOEST 20270212 GTIA,230000,DOP,23,-2.6145,102.569617,14/08/2026,03:19:40 PM,PLAZO,PRIMERA PARTE,ROTC,16/11/2026,CONFIRMADA,3284299,0,12/02/2022,12/02/2027,0,BANCO CENTRAL DE LA REPUBLICA DOMINICANA,BCENTRAL,59038
DO1002223928,NO120227,BCENTRAL/8 BOEST 20270212 GTIA,190000,DOP,19,8.228,99.891305,14/08/2026,03:19:38 PM,CONTADO,PRIMERA PARTE,ROTC,17/08/2026,CONFIRMADA,3284300,0,12/02/2022,12/02/2027,0,BANCO CENTRAL DE LA REPUBLICA DOMINICANA,BCENTRAL,59192
DO1002223928,NO120227,BCENTRAL/8 BOEST 20270212 GTIA,190000,DOP,19,5.9102,100.315942,14/08/2026,03:19:37 PM,PRESTAMO,SEGUNDA PARTE,ROTC,15/12/2026,CONFIRMADA,3284301,0,12/02/2022,12/02/2027,3.049524,BANCO CENTRAL DE LA REPUBLICA DOMINICANA,BCENTRAL,60284
DO1002223928,NO120227,BCENTRAL/8 BOEST 20270212 GTIA,190000,DOP,19,8.228,99.891305,14/08/2026,03:19:37 PM,PRESTAMO,PRIMERA PARTE,ROTC,17/08/2026,CONFIRMADA,3284301,0,12/02/2022,12/02/2027,3.049524,BANCO CENTRAL DE LA REPUBLICA DOMINICANA,BCENTRAL,59878
DO1002223928,NO120227,BCENTRAL/8 BOEST 20270212 GTIA,190000,DOP,19,5.9102,100.315942,14/08/2026,03:19:36 PM,PLAZO,PRIMERA PARTE,ROTC,15/12/2026,CONFIRMADA,3284302,0,12/02/2022,12/02/2027,0,BANCO CENTRAL DE LA REPUBLICA DOMINICANA,BCENTRAL,58737
DO1002228612,NO031227,BCENTRAL/8 BOEST 20271203 GTIA,760000,DOP,76,0,98.954514,14/08/2026,03:19:35 PM,PLAZO,PRIMERA PARTE,ROTC,14/09/2026,CONFIRMADA,3284303,0,03/12/2024,03/12/2027,0,BANCO CENTRAL DE LA REPUBLICA DOMINICANA,BCENTRAL,56805
DO1002228612,NO031227,BCENTRAL/8 BOEST 20271203 GTIA,760000,DOP,76,5,99.180547,14/08/2026,03:19:34 PM,PRESTAMO,SEGUNDA PARTE,ROTC,02/12/2026,CONFIRMADA,3284304,0,03/12/2024,03/12/2027,4.075444,BANCO CENTRAL DE LA REPUBLICA DOMINICANA,BCENTRAL,58296
DO1002228612,NO031227,BCENTRAL/8 BOEST 20271203 GTIA,760000,DOP,76,0,98.954514,14/08/2026,03:19:34 PM,PRESTAMO,PRIMERA PARTE,ROTC,14/09/2026,CONFIRMADA,3284304,0,03/12/2024,03/12/2027,4.075444,BANCO CENTRAL DE LA REPUBLICA DOMINICANA,BCENTRAL,58401
DO1002228612,NO031227,BCENTRAL/8 BOEST 20271203 GTIA,760000,DOP,76,5,99.180547,14/08/2026,03:19:33 PM,PLAZO,PRIMERA PARTE,ROTC,02/12/2026,CONFIRMADA,3284305,0,03/12/2024,03/12/2027,0,BANCO CENTRAL DE LA REPUBLICA DOMINICANA,BCENTRAL,56749
DO1002227317,NO150928,BCENTRAL/11 BOEST 20280915 GTIA,750000,DOP,75,0,102.197513,14/08/2026,03:19:32 PM,PLAZO,PRIMERA PARTE,ROTC,02/12/2026,CONFIRMADA,3284306,0,15/09/2023,15/09/2028,0,BANCO CENTRAL DE LA REPUBLICA DOMINICANA,BCENTRAL,57372
DO1002227317,NO150928,BCENTRAL/11 BOEST 20280915 GTIA,750000,DOP,75,5,101.663708,14/08/2026,03:19:31 PM,PRESTAMO,SEGUNDA PARTE,ROTC,12/03/2027,CONFIRMADA,3284307,0,15/09/2023,15/09/2028,4.55302,BANCO CENTRAL DE LA REPUBLICA DOMINICANA,BCENTRAL,58975
DO1002227317,NO150928,BCENTRAL/11 BOEST 20280915 GTIA,750000,DOP,75,0,102.197513,14/08/2026,03:19:31 PM,PRESTAMO,PRIMERA PARTE,ROTC,02/12/2026,CONFIRMADA,3284307,0,15/09/2023,15/09/2028,4.55302,BANCO CENTRAL DE LA REPUBLICA DOMINICANA,BCENTRAL,58968
DO1002227317,NO150928,BCENTRAL/11 BOEST 20280915 GTIA,750000,DOP,75,5,101.663708,14/08/2026,03:19:30 PM,PLAZO,PRIMERA PARTE,ROTC,12/03/2027,CONFIRMADA,3284308,0,15/09/2023,15/09/2028,0,BANCO CENTRAL DE LA REPUBLICA DOMINICANA,BCENTRAL,57428
DO1002228612,NO031227,BCENTRAL/8 BOEST 20271203 GTIA,790000,DOP,79,0,99.515635,14/08/2026,03:19:29 PM,PLAZO,PRIMERA PARTE,ROTC,12/03/2027,CONFIRMADA,3284309,0,03/12/2024,03/12/2027,0,BANCO CENTRAL DE LA REPUBLICA DOMINICANA,BCENTRAL,56805
DO1002228612,NO031227,BCENTRAL/8 BOEST 20271203 GTIA,790000,DOP,79,5,99.634594,14/08/2026,03:19:28 PM,PRESTAMO,SEGUNDA PARTE,ROTC,17/05/2027,CONFIRMADA,3284310,0,03/12/2024,03/12/2027,3.627055,BANCO CENTRAL DE LA REPUBLICA DOMINICANA,BCENTRAL,58464
DO1002228612,NO031227,BCENTRAL/8 BOEST 20271203 GTIA,790000,DOP,79,0,99.515635,14/08/2026,03:19:28 PM,PRESTAMO,PRIMERA PARTE,ROTC,12/03/2027,CONFIRMADA,3284310,0,03/12/2024,03/12/2027,3.627055,BANCO CENTRAL DE LA REPUBLICA DOMINICANA,BCENTRAL,58401
DO1002228612,NO031227,BCENTRAL/8 BOEST 20271203 GTIA,790000,DOP,79,5,99.634594,14/08/2026,03:19:26 PM,PLAZO,PRIMERA PARTE,ROTC,17/05/2027,CONFIRMADA,3284311,0,03/12/2024,03/12/2027,0,BANCO CENTRAL DE LA REPUBLICA DOMINICANA,BCENTRAL,56910
USP3579EBV85,BSDR2027,DOMINICAN Rep/5.95 BD 20270125 Se,8000,USD,8,-0.8284,102.98725,14/08/2026,03:19:25 PM,CONTADO,PRIMERA PARTE,ROTC,17/08/2026,CONFIRMADA,3284312,0,25/01/2017,25/01/2027,0,MINISTERIO DE HACIENDA,HACIENDA,61439
USP3579EBV85,BSDR2027,DOMINICAN Rep/5.95 BD 20270125 Se,8000,USD,8,-15.131,102.539625,14/08/2026,03:19:24 PM,PRESTAMO,SEGUNDA PARTE,ROTC,14/12/2026,CONFIRMADA,3284313,0,25/01/2017,25/01/2027,1.764406,MINISTERIO DE HACIENDA,HACIENDA,62258
USP3579EBV85,BSDR2027,DOMINICAN Rep/5.95 BD 20270125 Se,8000,USD,8,-0.8284,102.98725,14/08/2026,03:19:24 PM,PRESTAMO,PRIMERA PARTE,ROTC,17/08/2026,CONFIRMADA,3284313,0,25/01/2017,25/01/2027,1.764406,MINISTERIO DE HACIENDA,HACIENDA,62125
USP3579EBV85,BSDR2027,DOMINICAN Rep/5.95 BD 20270125 Se,8000,USD,8,-15.131,102.539625,14/08/2026,03:19:23 PM,PLAZO,PRIMERA PARTE,ROTC,14/12/2026,CONFIRMADA,3284314,0,25/01/2017,25/01/2027,0,MINISTERIO DE HACIENDA,HACIENDA,60711
USP3579ECP09,BSRD2029, ,97000,USD,97,6.200002,98.39231,14/08/2026,03:17:56 PM,CONTADO,PRIMERA PARTE,ROTC,17/08/2026,CONFIRMADA,3284316,0,22/02/2022,22/02/2029,0,MINISTERIO DE HACIENDA,HACIENDA,47950
DO1005254219,MH22041,HACIENDA/12 BOEST 20410529 GTIA,300000000,DOP,3000,11.5,103.47307,14/08/2026,03:17:43 PM,CONTADO,PRIMERA PARTE,ROTC,19/08/2026,CONFIRMADA,3283989,0,29/05/2026,29/05/2041,0,MINISTERIO DE HACIENDA,HACIENDA,59899
DO1002224124,NO120327,BCENTRAL/8 BOEST 20270312 GTIA,10490000,DOP,1049,9.75,99.039333,14/08/2026,03:17:42 PM,CONTADO,PRIMERA PARTE,ROTC,17/08/2026,CONFIRMADA,3284260,0,12/03/2022,12/03/2027,0,BANCO CENTRAL DE LA REPUBLICA DOMINICANA,BCENTRAL,60116
DO1005254219,MH22041,HACIENDA/12 BOEST 20410529 GTIA,300000000,DOP,3000,11.5,103.47307,14/08/2026,03:17:06 PM,CONTADO,PRIMERA PARTE,ROTC,19/08/2026,CONFIRMADA,3283990,0,29/05/2026,29/05/2041,0,MINISTERIO DE HACIENDA,HACIENDA,59892
DO1005254219,MH22041,HACIENDA/12 BOEST 20410529 GTIA,300000000,DOP,3000,11.5,103.47307,14/08/2026,03:16:20 PM,CONTADO,PRIMERA PARTE,ROTC,19/08/2026,CONFIRMADA,3283991,0,29/05/2026,29/05/2041,0,MINISTERIO DE HACIENDA,HACIENDA,59857
DO1005254219,MH22041,HACIENDA/12 BOEST 20410529 GTIA,300000000,DOP,3000,11.5,103.47307,14/08/2026,03:15:35 PM,CONTADO,PRIMERA PARTE,ROTC,19/08/2026,CONFIRMADA,3283992,0,29/05/2026,29/05/2041,0,MINISTERIO DE HACIENDA,HACIENDA,59892
DO1002223928,NO120227,BCENTRAL/8 BOEST 20270212 GTIA,525600000,DOP,52560,8.90636965,99.577257,14/08/2026,03:13:46 PM,CONTADO,PRIMERA PARTE,ROTC,18/08/2026,CONFIRMADA,3283971,0,12/02/2022,12/02/2027,0,BANCO CENTRAL DE LA REPUBLICA DOMINICANA,BCENTRAL,63231
DO1002230824,NO31032028,BCENTRAL/10 BOEST 20280331 GTIA,6000000,DOP,600,9.3,101.013873,14/08/2026,02:58:49 PM,CONTADO,PRIMERA PARTE,ROTC,14/08/2026,CONFIRMADA,3284257,0,31/03/2025,31/03/2028,0,BANCO CENTRAL DE LA REPUBLICA DOMINICANA,BCENTRAL,60249
DO1002230824,NO31032028,BCENTRAL/10 BOEST 20280331 GTIA,3000000,DOP,300,9.3,101.013873,14/08/2026,02:57:59 PM,CONTADO,PRIMERA PARTE,ROTC,14/08/2026,CONFIRMADA,3284258,0,31/03/2025,31/03/2028,0,BANCO CENTRAL DE LA REPUBLICA DOMINICANA,BCENTRAL,60207
USP3579ECJ49,BSRD2041, ,3000,USD,3,6.33,90.341646,14/08/2026,02:57:49 PM,CONTADO,PRIMERA PARTE,ROTC,14/08/2026,CONFIRMADA,3284256,0,21/01/2021,21/01/2041,0,MINISTERIO DE HACIENDA,HACIENDA,46046
DO1002227317,NO150928,BCENTRAL/11 BOEST 20280915 GTIA,100000,DOP,10,9.2,103.330713,14/08/2026,02:57:25 PM,CONTADO,PRIMERA PARTE,ROTC,14/08/2026,CONFIRMADA,3284253,0,15/09/2023,15/09/2028,0,BANCO CENTRAL DE LA REPUBLICA DOMINICANA,BCENTRAL,58884
DO1002261522,NO180130,BCENTRAL/9.5 BOEST 20300118 GTIA,300000,DOP,30,9.5,99.986276,14/08/2026,02:54:36 PM,CONTADO,PRIMERA PARTE,ROTC,14/08/2026,CONFIRMADA,3284254,0,18/01/2026,18/01/2030,0,BANCO CENTRAL DE LA REPUBLICA DOMINICANA,BCENTRAL,59045
DO1005213025,MH22031,HACIENDA/10.25 BOEST 20310209 GTIA,95600000,DOP,956,8.9864,104.521633,14/08/2026,02:52:30 PM,PLAZO,PRIMERA PARTE,ROTC,14/09/2026,CONFIRMADA,3284149,0,09/02/2024,09/02/2031,0,MINISTERIO DE HACIENDA,HACIENDA,60599
USP3579ECN50,BSRD2033, ,10000,USD,10,6.2,98.940193,14/08/2026,02:52:30 PM,CONTADO,PRIMERA PARTE,ROTC,17/08/2026,CONFIRMADA,3284255,0,22/02/2022,22/02/2033,0,MINISTERIO DE HACIENDA,HACIENDA,46291
USP3579ECP09,BSRD2029, ,6000,USD,6,5.14,100.84,14/08/2026,02:52:20 PM,CONTADO,PRIMERA PARTE,ROTC,14/08/2026,CONFIRMADA,3284252,0,22/02/2022,22/02/2029,0,MINISTERIO DE HACIENDA,HACIENDA,44870
USP3579EBV85,BSDR2027,DOMINICAN Rep/5.95 BD 20270125 Se,70000,USD,70,4.25,100.728176,14/08/2026,02:51:15 PM,CONTADO,PRIMERA PARTE,ROTC,17/08/2026,CONFIRMADA,3284245,0,25/01/2017,25/01/2027,0,MINISTERIO DE HACIENDA,HACIENDA,61313
DO1005254219,MH22041,HACIENDA/12 BOEST 20410529 GTIA,75100000,DOP,751,10.29597296,112.755288,14/08/2026,02:50:56 PM,PLAZO,PRIMERA PARTE,ROTC,21/08/2026,CONFIRMADA,3284113,0,29/05/2026,29/05/2041,0,MINISTERIO DE HACIENDA,HACIENDA,61495
DO1002228612,NO031227,BCENTRAL/8 BOEST 20271203 GTIA,20000,DOP,2,8.15000018,99.799812,14/08/2026,02:49:59 PM,CONTADO,PRIMERA PARTE,ROTC,17/08/2026,CONFIRMADA,3284241,0,03/12/2024,03/12/2027,0,BANCO CENTRAL DE LA REPUBLICA DOMINICANA,BCENTRAL,60193
DO1002261126,NO280929,BCENTRAL/9.5 BOEST 20290928 GTIA,400000,DOP,40,9.45,100.112182,14/08/2026,02:49:34 PM,CONTADO,PRIMERA PARTE,ROTC,14/08/2026,CONFIRMADA,3284247,0,28/09/2025,28/09/2029,0,BANCO CENTRAL DE LA REPUBLICA DOMINICANA,BCENTRAL,59731
DO1002223621,NO150127,BCENTRAL/8 BOEST 20270115 GTIA,503310000,DOP,50331,7.546901,100.1732,14/08/2026,02:49:00 PM,CONTADO,PRIMERA PARTE,ROTC,14/08/2026,CONFIRMADA,3283710,0,15/01/2022,15/01/2027,0,BANCO CENTRAL DE LA REPUBLICA DOMINICANA,BCENTRAL,61656
USP3579EDB04,BSRD2038, ,1331000,USD,1331,6.38000003,98.080832,14/08/2026,02:48:48 PM,CONTADO,PRIMERA PARTE,ROTC,14/08/2026,CONFIRMADA,3284240,0,17/02/2026,17/05/2038,0,MINISTERIO DE HACIENDA,HACIENDA,50162
DO1002261522,NO180130,BCENTRAL/9.5 BOEST 20300118 GTIA,1530000,DOP,153,9.6,99.699887,14/08/2026,02:47:26 PM,CONTADO,PRIMERA PARTE,ROTC,14/08/2026,CONFIRMADA,3284246,0,18/01/2026,18/01/2030,0,BANCO CENTRAL DE LA REPUBLICA DOMINICANA,BCENTRAL,59878
DO1005206516,MH32028,HACIENDA/10.75 BOEST 20280811 GTIA,1000000,DOP,10,7.7439,103.667141,14/08/2026,02:46:57 PM,PRESTAMO,SEGUNDA PARTE,ROTC,20/04/2027,CONFIRMADA,3284248,0,10/08/2018,11/08/2028,8.24,MINISTERIO DE HACIENDA,HACIENDA,61397
DO1005206516,MH32028,HACIENDA/10.75 BOEST 20280811 GTIA,1000000,DOP,10,10.838,99.882192,14/08/2026,02:46:57 PM,PRESTAMO,PRIMERA PARTE,ROTC,14/08/2026,CONFIRMADA,3284248,0,10/08/2018,11/08/2028,8.24,MINISTERIO DE HACIENDA,HACIENDA,61229
DO1005206516,MH32028,HACIENDA/10.75 BOEST 20280811 GTIA,1000000,DOP,10,7.7439,103.667141,14/08/2026,02:46:56 PM,ESTRUCTURADA,SEGUNDA PARTE,ROTC,20/04/2027,CONFIRMADA,3284150,0,10/08/2018,11/08/2028,8.24,MINISTERIO DE HACIENDA,HACIENDA,63490
DO1005206516,MH32028,HACIENDA/10.75 BOEST 20280811 GTIA,1000000,DOP,10,10.838,99.882192,14/08/2026,02:46:56 PM,ESTRUCTURADA,PRIMERA PARTE,ROTC,14/08/2026,CONFIRMADA,3284150,0,10/08/2018,11/08/2028,8.24,MINISTERIO DE HACIENDA,HACIENDA,63322
DO1002224124,NO120327,BCENTRAL/8 BOEST 20270312 GTIA,1500000,DOP,150,9.4,99.216563,14/08/2026,02:45:18 PM,CONTADO,PRIMERA PARTE,ROTC,14/08/2026,CONFIRMADA,3284244,0,12/03/2022,12/03/2027,0,BANCO CENTRAL DE LA REPUBLICA DOMINICANA,BCENTRAL,58954
USP3579ECX33,BSDR2055, ,1430000,USD,1430,7.0017,101.818488,14/08/2026,02:45:15 PM,CONTADO,PRIMERA PARTE,ROTC,17/08/2026,CONFIRMADA,3283960,0,24/02/2025,24/02/2055,0,MINISTERIO DE HACIENDA,HACIENDA,49238
USP3579ECG00,BSRD2060,DOMINICAN REP/5.875 BD 20600130 U,98000,USD,98,6.87569996,86.957967,14/08/2026,02:37:52 PM,CONTADO,PRIMERA PARTE,ROTC,14/08/2026,CONFIRMADA,3284227,0,30/01/2020,30/01/2060,0,MINISTERIO DE HACIENDA,HACIENDA,62678
USP3579ECH82,BSRD2032,"DOMINICAN, REP /4.875 BD 20320923",20000,USD,20,5.25558,98.054675,14/08/2026,02:37:15 PM,PRESTAMO,SEGUNDA PARTE,ROTC,14/09/2026,CONFIRMADA,3284243,0,23/09/2020,23/09/2032,4.875,MINISTERIO DE HACIENDA,HACIENDA,61593
USP3579ECH82,BSRD2032,"DOMINICAN, REP /4.875 BD 20320923",20000,USD,20,5.24332,98.0906,14/08/2026,02:37:15 PM,PRESTAMO,PRIMERA PARTE,ROTC,14/08/2026,CONFIRMADA,3284243,0,23/09/2020,23/09/2032,4.875,MINISTERIO DE HACIENDA,HACIENDA,60816
USP3579ECH82,BSRD2032,"DOMINICAN, REP /4.875 BD 20320923",20000,USD,20,5.25558,98.054675,14/08/2026,02:36:56 PM,ESTRUCTURADA,SEGUNDA PARTE,ROTC,14/09/2026,CONFIRMADA,3284242,0,23/09/2020,23/09/2032,4.875,MINISTERIO DE HACIENDA,HACIENDA,63721
USP3579ECH82,BSRD2032,"DOMINICAN, REP /4.875 BD 20320923",20000,USD,20,5.24332,98.0906,14/08/2026,02:36:56 PM,ESTRUCTURADA,PRIMERA PARTE,ROTC,14/08/2026,CONFIRMADA,3284242,0,23/09/2020,23/09/2032,4.875,MINISTERIO DE HACIENDA,HACIENDA,62944
DO1005208322,MHUS2040,HACIENDA/6.75 BOEST 20400724 GTIA,680000,USD,680,4.3216,124.576478,14/08/2026,02:35:06 PM,ESTRUCTURADA,SEGUNDA PARTE,ROTC,10/02/2027,CONFIRMADA,3284231,0,24/07/2020,24/07/2040,6.75,MINISTERIO DE HACIENDA,HACIENDA,64106
DO1005208322,MHUS2040,HACIENDA/6.75 BOEST 20400724 GTIA,680000,USD,680,4.64991,121.366631,14/08/2026,02:35:06 PM,ESTRUCTURADA,PRIMERA PARTE,ROTC,14/08/2026,CONFIRMADA,3284231,0,24/07/2020,24/07/2040,6.75,MINISTERIO DE HACIENDA,HACIENDA,64582
DO1005206516,MH32028,HACIENDA/10.75 BOEST 20280811 GTIA,5900000,DOP,59,9.8681,101.555994,14/08/2026,02:34:42 PM,ESTRUCTURADA,SEGUNDA PARTE,ROTC,28/08/2026,CONFIRMADA,3284228,0,10/08/2018,11/08/2028,9.95,MINISTERIO DE HACIENDA,HACIENDA,63777
DO1005206516,MH32028,HACIENDA/10.75 BOEST 20280811 GTIA,5900000,DOP,59,9.8793,101.574829,14/08/2026,02:34:42 PM,ESTRUCTURADA,PRIMERA PARTE,ROTC,14/08/2026,CONFIRMADA,3284228,0,10/08/2018,11/08/2028,9.95,MINISTERIO DE HACIENDA,HACIENDA,63819
DO1005206516,MH32028,HACIENDA/10.75 BOEST 20280811 GTIA,5900000,DOP,59,9.8681,101.555994,14/08/2026,02:34:41 PM,PRESTAMO,SEGUNDA PARTE,ROTC,28/08/2026,CONFIRMADA,3284229,0,10/08/2018,11/08/2028,0.500854,MINISTERIO DE HACIENDA,HACIENDA,61670
DO1005206516,MH32028,HACIENDA/10.75 BOEST 20280811 GTIA,5900000,DOP,59,9.8793,101.574829,14/08/2026,02:34:41 PM,PRESTAMO,PRIMERA PARTE,ROTC,14/08/2026,CONFIRMADA,3284229,0,10/08/2018,11/08/2028,0.500854,MINISTERIO DE HACIENDA,HACIENDA,61712
DO1005208215,MHUS2029,HACIENDA/6.95 BOEST 20290626 GTIA,177000,USD,177,2.3903,111.860859,14/08/2026,02:34:38 PM,ESTRUCTURADA,SEGUNDA PARTE,ROTC,13/10/2026,CONFIRMADA,3284238,0,26/06/2020,26/06/2029,4.95,MINISTERIO DE HACIENDA,HACIENDA,64253
DO1005208215,MHUS2029,HACIENDA/6.95 BOEST 20290626 GTIA,177000,USD,177,2.5558,112.067684,14/08/2026,02:34:38 PM,ESTRUCTURADA,PRIMERA PARTE,ROTC,14/08/2026,CONFIRMADA,3284238,0,26/06/2020,26/06/2029,4.95,MINISTERIO DE HACIENDA,HACIENDA,64400
DO1005208215,MHUS2029,HACIENDA/6.95 BOEST 20290626 GTIA,177000,USD,177,2.3903,111.860859,14/08/2026,02:34:37 PM,PRESTAMO,SEGUNDA PARTE,ROTC,13/10/2026,CONFIRMADA,3284239,0,26/06/2020,26/06/2029,1.631639,MINISTERIO DE HACIENDA,HACIENDA,62146
DO1005208215,MHUS2029,HACIENDA/6.95 BOEST 20290626 GTIA,177000,USD,177,2.5558,112.067684,14/08/2026,02:34:37 PM,PRESTAMO,PRIMERA PARTE,ROTC,14/08/2026,CONFIRMADA,3284239,0,26/06/2020,26/06/2029,1.631639,MINISTERIO DE HACIENDA,HACIENDA,62293
USP3579ECH82,BSRD2032,"DOMINICAN, REP /4.875 BD 20320923",18000,USD,18,5.26626,97.997042,14/08/2026,02:33:36 PM,PRESTAMO,SEGUNDA PARTE,ROTC,10/09/2026,CONFIRMADA,3284233,0,23/09/2020,23/09/2032,4.875,MINISTERIO DE HACIENDA,HACIENDA,61656
USP3579ECH82,BSRD2032,"DOMINICAN, REP /4.875 BD 20320923",18000,USD,18,5.23385,98.139056,14/08/2026,02:33:36 PM,PRESTAMO,PRIMERA PARTE,ROTC,14/08/2026,CONFIRMADA,3284233,0,23/09/2020,23/09/2032,4.875,MINISTERIO DE HACIENDA,HACIENDA,61691
USP3579ECH82,BSRD2032,"DOMINICAN, REP /4.875 BD 20320923",18000,USD,18,5.26626,97.997042,14/08/2026,02:33:18 PM,ESTRUCTURADA,SEGUNDA PARTE,ROTC,10/09/2026,CONFIRMADA,3284232,0,23/09/2020,23/09/2032,4.875,MINISTERIO DE HACIENDA,HACIENDA,63756
USP3579ECH82,BSRD2032,"DOMINICAN, REP /4.875 BD 20320923",18000,USD,18,5.23385,98.139056,14/08/2026,02:33:18 PM,ESTRUCTURADA,PRIMERA PARTE,ROTC,14/08/2026,CONFIRMADA,3284232,0,23/09/2020,23/09/2032,4.875,MINISTERIO DE HACIENDA,HACIENDA,63791
DO2006901311,BC1ITA01,EGEITABO/5.65 BO 20311208,476000,USD,476000,4.4965,105.316833,14/08/2026,02:32:40 PM,ESTRUCTURADA,SEGUNDA PARTE,ROTC,14/09/2026,CONFIRMADA,3284230,0,08/12/2021,08/12/2031,5.65,"EMPRESA GENERADORA DE ELECTRICIDAD ITABO, S.A.",EGEITABO,61257
DO2006901311,BC1ITA01,EGEITABO/5.65 BO 20311208,476000,USD,476000,4.78686,104.001739,14/08/2026,02:32:40 PM,ESTRUCTURADA,PRIMERA PARTE,ROTC,14/08/2026,CONFIRMADA,3284230,0,08/12/2021,08/12/2031,5.65,"EMPRESA GENERADORA DE ELECTRICIDAD ITABO, S.A.",EGEITABO,61691
USP3579ECH82,BSRD2032,"DOMINICAN, REP /4.875 BD 20320923",22000,USD,22,5.25218,98.071875,14/08/2026,02:32:16 PM,PRESTAMO,SEGUNDA PARTE,ROTC,14/09/2026,CONFIRMADA,3284235,0,23/09/2020,23/09/2032,4.875,MINISTERIO DE HACIENDA,HACIENDA,61551
USP3579ECH82,BSRD2032,"DOMINICAN, REP /4.875 BD 20320923",22000,USD,22,5.24332,98.090636,14/08/2026,02:32:16 PM,PRESTAMO,PRIMERA PARTE,ROTC,14/08/2026,CONFIRMADA,3284235,0,23/09/2020,23/09/2032,4.875,MINISTERIO DE HACIENDA,HACIENDA,61551
USP3579ECH82,BSRD2032,"DOMINICAN, REP /4.875 BD 20320923",22000,USD,22,5.25218,98.071875,14/08/2026,02:31:49 PM,ESTRUCTURADA,SEGUNDA PARTE,ROTC,14/09/2026,CONFIRMADA,3284234,0,23/09/2020,23/09/2032,4.875,MINISTERIO DE HACIENDA,HACIENDA,63686
USP3579ECH82,BSRD2032,"DOMINICAN, REP /4.875 BD 20320923",22000,USD,22,5.24332,98.090636,14/08/2026,02:31:49 PM,ESTRUCTURADA,PRIMERA PARTE,ROTC,14/08/2026,CONFIRMADA,3284234,0,23/09/2020,23/09/2032,4.875,MINISTERIO DE HACIENDA,HACIENDA,63686
USP3579ECH82,BSRD2032,"DOMINICAN, REP /4.875 BD 20320923",29000,USD,29,4.93227,99.703203,14/08/2026,02:30:14 PM,PRESTAMO,SEGUNDA PARTE,ROTC,14/09/2026,CONFIRMADA,3284237,0,23/09/2020,23/09/2032,4.875,MINISTERIO DE HACIENDA,HACIENDA,61565
USP3579ECH82,BSRD2032,"DOMINICAN, REP /4.875 BD 20320923",29000,USD,29,4.93186,99.698207,14/08/2026,02:30:14 PM,PRESTAMO,PRIMERA PARTE,ROTC,14/08/2026,CONFIRMADA,3284237,0,23/09/2020,23/09/2032,4.875,MINISTERIO DE HACIENDA,HACIENDA,61768
USP3579ECH82,BSRD2032,"DOMINICAN, REP /4.875 BD 20320923",29000,USD,29,4.93227,99.703203,14/08/2026,02:29:52 PM,ESTRUCTURADA,SEGUNDA PARTE,ROTC,14/09/2026,CONFIRMADA,3284236,0,23/09/2020,23/09/2032,4.875,MINISTERIO DE HACIENDA,HACIENDA,63735
USP3579ECH82,BSRD2032,"DOMINICAN, REP /4.875 BD 20320923",29000,USD,29,4.93186,99.698207,14/08/2026,02:29:52 PM,ESTRUCTURADA,PRIMERA PARTE,ROTC,14/08/2026,CONFIRMADA,3284236,0,23/09/2020,23/09/2032,4.875,MINISTERIO DE HACIENDA,HACIENDA,63938
DO1002228612,NO031227,BCENTRAL/8 BOEST 20271203 GTIA,150000,DOP,15,8.7796,99.044167,14/08/2026,02:28:56 PM,CONTADO,PRIMERA PARTE,ROTC,17/08/2026,CONFIRMADA,3284153,0,03/12/2024,03/12/2027,0,BANCO CENTRAL DE LA REPUBLICA DOMINICANA,BCENTRAL,59535
DO1002228612,NO031227,BCENTRAL/8 BOEST 20271203 GTIA,150000,DOP,15,8.7894,99.08902,14/08/2026,02:28:55 PM,PRESTAMO,SEGUNDA PARTE,ROTC,16/09/2026,CONFIRMADA,3284154,0,03/12/2024,03/12/2027,2.307988,BANCO CENTRAL DE LA REPUBLICA DOMINICANA,BCENTRAL,59794
DO1002228612,NO031227,BCENTRAL/8 BOEST 20271203 GTIA,150000,DOP,15,8.7796,99.044167,14/08/2026,02:28:55 PM,PRESTAMO,PRIMERA PARTE,ROTC,17/08/2026,CONFIRMADA,3284154,0,03/12/2024,03/12/2027,2.307988,BANCO CENTRAL DE LA REPUBLICA DOMINICANA,BCENTRAL,60221
DO1002228612,NO031227,BCENTRAL/8 BOEST 20271203 GTIA,150000,DOP,15,8.7894,99.08902,14/08/2026,02:28:54 PM,PLAZO,PRIMERA PARTE,ROTC,16/09/2026,CONFIRMADA,3284155,0,03/12/2024,03/12/2027,0,BANCO CENTRAL DE LA REPUBLICA DOMINICANA,BCENTRAL,58247
DO2016300124,BC1GUL01,GULFSTREAM/11.25 BO 20290528,57515,DOP,57515,11.24877792,99.998426,14/08/2026,02:28:53 PM,CONTADO,PRIMERA PARTE,ROTC,17/08/2026,CONFIRMADA,3284156,0,28/05/2019,28/05/2029,0,GULFSTREAM PETROLEUM DOMINICANA S DE RL,GULFSTREAM,61327
DO2016300124,BC1GUL01,GULFSTREAM/11.25 BO 20290528,57515,DOP,57515,11.24877792,99.998426,14/08/2026,02:28:52 PM,CONTADO,PRIMERA PARTE,ROTC,17/08/2026,CONFIRMADA,3284157,0,28/05/2019,28/05/2029,0,GULFSTREAM PETROLEUM DOMINICANA S DE RL,GULFSTREAM,61320
USP3579ECF27,BSRD2030,DOMINICAN REP/4.5 BD 20300130 UNS,5000,USD,5,8.5519,88.0992,14/08/2026,02:28:50 PM,CONTADO,PRIMERA PARTE,ROTC,17/08/2026,CONFIRMADA,3284158,0,30/01/2020,30/01/2030,0,MINISTERIO DE HACIENDA,HACIENDA,59780
USP3579ECF27,BSRD2030,DOMINICAN REP/4.5 BD 20300130 UNS,5000,USD,5,8.4044,87.7336,14/08/2026,02:28:49 PM,PRESTAMO,SEGUNDA PARTE,ROTC,29/01/2027,CONFIRMADA,3284159,0,30/01/2020,30/01/2030,2.080666,MINISTERIO DE HACIENDA,HACIENDA,60375
USP3579ECF27,BSRD2030,DOMINICAN REP/4.5 BD 20300130 UNS,5000,USD,5,8.5519,88.0992,14/08/2026,02:28:49 PM,PRESTAMO,PRIMERA PARTE,ROTC,17/08/2026,CONFIRMADA,3284159,0,30/01/2020,30/01/2030,2.080666,MINISTERIO DE HACIENDA,HACIENDA,60529
USP3579ECF27,BSRD2030,DOMINICAN REP/4.5 BD 20300130 UNS,5000,USD,5,8.4044,87.7336,14/08/2026,02:28:48 PM,PLAZO,PRIMERA PARTE,ROTC,29/01/2027,CONFIRMADA,3284160,0,30/01/2020,30/01/2030,0,MINISTERIO DE HACIENDA,HACIENDA,58828
USP3579EBV85,BSDR2027,DOMINICAN Rep/5.95 BD 20270125 Se,99000,USD,99,4.4382,100.646485,14/08/2026,02:28:47 PM,CONTADO,PRIMERA PARTE,ROTC,17/08/2026,CONFIRMADA,3284161,0,25/01/2017,25/01/2027,0,MINISTERIO DE HACIENDA,HACIENDA,62286
USP3579EBV85,BSDR2027,DOMINICAN Rep/5.95 BD 20270125 Se,99000,USD,99,4.5925,100.470212,14/08/2026,02:28:45 PM,PRESTAMO,SEGUNDA PARTE,ROTC,16/09/2026,CONFIRMADA,3284162,0,25/01/2017,25/01/2027,0.658006,MINISTERIO DE HACIENDA,HACIENDA,62811
USP3579EBV85,BSDR2027,DOMINICAN Rep/5.95 BD 20270125 Se,99000,USD,99,4.4382,100.646485,14/08/2026,02:28:45 PM,PRESTAMO,PRIMERA PARTE,ROTC,17/08/2026,CONFIRMADA,3284162,0,25/01/2017,25/01/2027,0.658006,MINISTERIO DE HACIENDA,HACIENDA,62965
USP3579EBV85,BSDR2027,DOMINICAN Rep/5.95 BD 20270125 Se,99000,USD,99,4.5925,100.470212,14/08/2026,02:28:44 PM,PLAZO,PRIMERA PARTE,ROTC,16/09/2026,CONFIRMADA,3284163,0,25/01/2017,25/01/2027,0,MINISTERIO DE HACIENDA,HACIENDA,61264
DO1002228612,NO031227,BCENTRAL/8 BOEST 20271203 GTIA,240000,DOP,24,7.182,100.977554,14/08/2026,02:28:43 PM,CONTADO,PRIMERA PARTE,ROTC,17/08/2026,CONFIRMADA,3284164,0,03/12/2024,03/12/2027,0,BANCO CENTRAL DE LA REPUBLICA DOMINICANA,BCENTRAL,59360
DO1002228612,NO031227,BCENTRAL/8 BOEST 20271203 GTIA,240000,DOP,24,6.7344,101.267267,14/08/2026,02:28:42 PM,PRESTAMO,SEGUNDA PARTE,ROTC,11/11/2026,CONFIRMADA,3284165,0,03/12/2024,03/12/2027,3.634859,BANCO CENTRAL DE LA REPUBLICA DOMINICANA,BCENTRAL,60235
DO1002228612,NO031227,BCENTRAL/8 BOEST 20271203 GTIA,240000,DOP,24,7.182,100.977554,14/08/2026,02:28:42 PM,PRESTAMO,PRIMERA PARTE,ROTC,17/08/2026,CONFIRMADA,3284165,0,03/12/2024,03/12/2027,3.634859,BANCO CENTRAL DE LA REPUBLICA DOMINICANA,BCENTRAL,60046
DO1002228612,NO031227,BCENTRAL/8 BOEST 20271203 GTIA,240000,DOP,24,6.7344,101.267267,14/08/2026,02:28:41 PM,PLAZO,PRIMERA PARTE,ROTC,11/11/2026,CONFIRMADA,3284166,0,03/12/2024,03/12/2027,0,BANCO CENTRAL DE LA REPUBLICA DOMINICANA,BCENTRAL,58688
DO1002228612,NO031227,BCENTRAL/8 BOEST 20271203 GTIA,1220000,DOP,122,7.8151,100.205068,14/08/2026,02:28:40 PM,CONTADO,PRIMERA PARTE,ROTC,17/08/2026,CONFIRMADA,3284167,0,03/12/2024,03/12/2027,0,BANCO CENTRAL DE LA REPUBLICA DOMINICANA,BCENTRAL,60249
DO1002228612,NO031227,BCENTRAL/8 BOEST 20271203 GTIA,1220000,DOP,122,7.6543,100.353362,14/08/2026,02:28:39 PM,PRESTAMO,SEGUNDA PARTE,ROTC,16/10/2026,CONFIRMADA,3284168,0,03/12/2024,03/12/2027,2.999989,BANCO CENTRAL DE LA REPUBLICA DOMINICANA,BCENTRAL,60907
DO1002228612,NO031227,BCENTRAL/8 BOEST 20271203 GTIA,1220000,DOP,122,7.8151,100.205068,14/08/2026,02:28:39 PM,PRESTAMO,PRIMERA PARTE,ROTC,17/08/2026,CONFIRMADA,3284168,0,03/12/2024,03/12/2027,2.999989,BANCO CENTRAL DE LA REPUBLICA DOMINICANA,BCENTRAL,60998
DO1002228612,NO031227,BCENTRAL/8 BOEST 20271203 GTIA,1220000,DOP,122,7.6543,100.353362,14/08/2026,02:28:37 PM,PLAZO,PRIMERA PARTE,ROTC,16/10/2026,CONFIRMADA,3284169,0,03/12/2024,03/12/2027,0,BANCO CENTRAL DE LA REPUBLICA DOMINICANA,BCENTRAL,59353
DO1002228612,NO031227,BCENTRAL/8 BOEST 20271203 GTIA,120000,DOP,12,9.3549,98.360658,14/08/2026,02:28:36 PM,CONTADO,PRIMERA PARTE,ROTC,17/08/2026,CONFIRMADA,3284170,0,03/12/2024,03/12/2027,0,BANCO CENTRAL DE LA REPUBLICA DOMINICANA,BCENTRAL,59465
DO1002228612,NO031227,BCENTRAL/8 BOEST 20271203 GTIA,120000,DOP,12,9.4806,98.317417,14/08/2026,02:28:35 PM,PRESTAMO,SEGUNDA PARTE,ROTC,16/09/2026,CONFIRMADA,3284171,0,03/12/2024,03/12/2027,2.238133,BANCO CENTRAL DE LA REPUBLICA DOMINICANA,BCENTRAL,60032
DO1002228612,NO031227,BCENTRAL/8 BOEST 20271203 GTIA,120000,DOP,12,9.3549,98.360658,14/08/2026,02:28:35 PM,PRESTAMO,PRIMERA PARTE,ROTC,17/08/2026,CONFIRMADA,3284171,0,03/12/2024,03/12/2027,2.238133,BANCO CENTRAL DE LA REPUBLICA DOMINICANA,BCENTRAL,60151
DO1002228612,NO031227,BCENTRAL/8 BOEST 20271203 GTIA,120000,DOP,12,9.4806,98.317417,14/08/2026,02:28:33 PM,PLAZO,PRIMERA PARTE,ROTC,16/09/2026,CONFIRMADA,3284172,0,03/12/2024,03/12/2027,0,BANCO CENTRAL DE LA REPUBLICA DOMINICANA,BCENTRAL,58478
DO1002223928,NO120227,BCENTRAL/8 BOEST 20270212 GTIA,260000,DOP,26,4.1217,101.826915,14/08/2026,02:28:32 PM,CONTADO,PRIMERA PARTE,ROTC,19/08/2026,CONFIRMADA,3284173,0,12/02/2022,12/02/2027,0,BANCO CENTRAL DE LA REPUBLICA DOMINICANA,BCENTRAL,59689
DO1002223928,NO120227,BCENTRAL/8 BOEST 20270212 GTIA,260000,DOP,26,-4.4805,101.971654,14/08/2026,02:28:31 PM,PRESTAMO,SEGUNDA PARTE,ROTC,17/12/2026,CONFIRMADA,3284174,0,12/02/2022,12/02/2027,2.774313,BANCO CENTRAL DE LA REPUBLICA DOMINICANA,BCENTRAL,60627
DO1002223928,NO120227,BCENTRAL/8 BOEST 20270212 GTIA,260000,DOP,26,4.1217,101.826915,14/08/2026,02:28:31 PM,PRESTAMO,PRIMERA PARTE,ROTC,19/08/2026,CONFIRMADA,3284174,0,12/02/2022,12/02/2027,2.774313,BANCO CENTRAL DE LA REPUBLICA DOMINICANA,BCENTRAL,60375
DO1002223928,NO120227,BCENTRAL/8 BOEST 20270212 GTIA,260000,DOP,26,-4.4805,101.971654,14/08/2026,02:28:29 PM,PLAZO,PRIMERA PARTE,ROTC,17/12/2026,CONFIRMADA,3284175,0,12/02/2022,12/02/2027,0,BANCO CENTRAL DE LA REPUBLICA DOMINICANA,BCENTRAL,59136
DO1002228612,NO031227,BCENTRAL/8 BOEST 20271203 GTIA,150000,DOP,15,5.7983,102.68444,14/08/2026,02:28:28 PM,CONTADO,PRIMERA PARTE,ROTC,19/08/2026,CONFIRMADA,3284176,0,03/12/2024,03/12/2027,0,BANCO CENTRAL DE LA REPUBLICA DOMINICANA,BCENTRAL,59430
DO1002228612,NO031227,BCENTRAL/8 BOEST 20271203 GTIA,150000,DOP,15,5.4832,102.695127,14/08/2026,02:28:27 PM,PRESTAMO,SEGUNDA PARTE,ROTC,19/10/2026,CONFIRMADA,3284177,0,03/12/2024,03/12/2027,2.863529,BANCO CENTRAL DE LA REPUBLICA DOMINICANA,BCENTRAL,60298
DO1002228612,NO031227,BCENTRAL/8 BOEST 20271203 GTIA,150000,DOP,15,5.7983,102.68444,14/08/2026,02:28:27 PM,PRESTAMO,PRIMERA PARTE,ROTC,19/08/2026,CONFIRMADA,3284177,0,03/12/2024,03/12/2027,2.863529,BANCO CENTRAL DE LA REPUBLICA DOMINICANA,BCENTRAL,60116
DO1002228612,NO031227,BCENTRAL/8 BOEST 20271203 GTIA,150000,DOP,15,5.4832,102.695127,14/08/2026,02:28:25 PM,PLAZO,PRIMERA PARTE,ROTC,19/10/2026,CONFIRMADA,3284178,0,03/12/2024,03/12/2027,0,BANCO CENTRAL DE LA REPUBLICA DOMINICANA,BCENTRAL,58744
DO1002228612,NO031227,BCENTRAL/8 BOEST 20271203 GTIA,570000,DOP,57,7.9071,100.093589,14/08/2026,02:28:24 PM,CONTADO,PRIMERA PARTE,ROTC,17/08/2026,CONFIRMADA,3284179,0,03/12/2024,03/12/2027,0,BANCO CENTRAL DE LA REPUBLICA DOMINICANA,BCENTRAL,59794
DO1002228612,NO031227,BCENTRAL/8 BOEST 20271203 GTIA,570000,DOP,57,7.6086,100.380368,14/08/2026,02:28:23 PM,PRESTAMO,SEGUNDA PARTE,ROTC,16/11/2026,CONFIRMADA,3284180,0,03/12/2024,03/12/2027,3.764293,BANCO CENTRAL DE LA REPUBLICA DOMINICANA,BCENTRAL,60347
DO1002228612,NO031227,BCENTRAL/8 BOEST 20271203 GTIA,570000,DOP,57,7.9071,100.093589,14/08/2026,02:28:23 PM,PRESTAMO,PRIMERA PARTE,ROTC,17/08/2026,CONFIRMADA,3284180,0,03/12/2024,03/12/2027,3.764293,BANCO CENTRAL DE LA REPUBLICA DOMINICANA,BCENTRAL,60480
DO1002228612,NO031227,BCENTRAL/8 BOEST 20271203 GTIA,570000,DOP,57,7.6086,100.380368,14/08/2026,02:28:21 PM,PLAZO,PRIMERA PARTE,ROTC,16/11/2026,CONFIRMADA,3284181,0,03/12/2024,03/12/2027,0,BANCO CENTRAL DE LA REPUBLICA DOMINICANA,BCENTRAL,58793
USP3579ECF27,BSRD2030,DOMINICAN REP/4.5 BD 20300130 UNS,52000,USD,52,5.458,97.019462,14/08/2026,02:28:20 PM,CONTADO,PRIMERA PARTE,ROTC,17/08/2026,CONFIRMADA,3284182,0,30/01/2020,30/01/2030,0,MINISTERIO DE HACIENDA,HACIENDA,60767
USP3579ECF27,BSRD2030,DOMINICAN REP/4.5 BD 20300130 UNS,52000,USD,52,5.5617,96.986731,14/08/2026,02:28:18 PM,PRESTAMO,SEGUNDA PARTE,ROTC,15/12/2026,CONFIRMADA,3284183,0,30/01/2020,30/01/2030,1.677002,MINISTERIO DE HACIENDA,HACIENDA,61824
USP3579ECF27,BSRD2030,DOMINICAN REP/4.5 BD 20300130 UNS,52000,USD,52,5.458,97.019462,14/08/2026,02:28:18 PM,PRESTAMO,PRIMERA PARTE,ROTC,17/08/2026,CONFIRMADA,3284183,0,30/01/2020,30/01/2030,1.677002,MINISTERIO DE HACIENDA,HACIENDA,61509
USP3579ECF27,BSRD2030,DOMINICAN REP/4.5 BD 20300130 UNS,52000,USD,52,5.5617,96.986731,14/08/2026,02:28:17 PM,PLAZO,PRIMERA PARTE,ROTC,15/12/2026,CONFIRMADA,3284184,0,30/01/2020,30/01/2030,0,MINISTERIO DE HACIENDA,HACIENDA,60277
DO1002223928,NO120227,BCENTRAL/8 BOEST 20270212 GTIA,110000,DOP,11,5.5011,101.181973,14/08/2026,02:28:16 PM,CONTADO,PRIMERA PARTE,ROTC,17/08/2026,CONFIRMADA,3284185,0,12/02/2022,12/02/2027,0,BANCO CENTRAL DE LA REPUBLICA DOMINICANA,BCENTRAL,59570
DO1002223928,NO120227,BCENTRAL/8 BOEST 20270212 GTIA,110000,DOP,11,-2.1624,101.645764,14/08/2026,02:28:14 PM,PRESTAMO,SEGUNDA PARTE,ROTC,15/12/2026,CONFIRMADA,3284186,0,12/02/2022,12/02/2027,3.048185,BANCO CENTRAL DE LA REPUBLICA DOMINICANA,BCENTRAL,60494
DO1002223928,NO120227,BCENTRAL/8 BOEST 20270212 GTIA,110000,DOP,11,5.5011,101.181973,14/08/2026,02:28:14 PM,PRESTAMO,PRIMERA PARTE,ROTC,17/08/2026,CONFIRMADA,3284186,0,12/02/2022,12/02/2027,3.048185,BANCO CENTRAL DE LA REPUBLICA DOMINICANA,BCENTRAL,60249
DO1002223928,NO120227,BCENTRAL/8 BOEST 20270212 GTIA,110000,DOP,11,-2.1624,101.645764,14/08/2026,02:28:12 PM,PLAZO,PRIMERA PARTE,ROTC,15/12/2026,CONFIRMADA,3284187,0,12/02/2022,12/02/2027,0,BANCO CENTRAL DE LA REPUBLICA DOMINICANA,BCENTRAL,58940
USP3579ECP09,BSRD2029, ,59000,USD,59,7.1717,96.222881,14/08/2026,02:28:10 PM,CONTADO,PRIMERA PARTE,ROTC,19/08/2026,CONFIRMADA,3284188,0,22/02/2022,22/02/2029,0,MINISTERIO DE HACIENDA,HACIENDA,47649
USP3579ECP09,BSRD2029, ,59000,USD,59,6.2698,96.217593,14/08/2026,02:28:07 PM,PRESTAMO,SEGUNDA PARTE,ROTC,21/08/2026,CONFIRMADA,3284189,0,22/02/2022,22/02/2029,2.75834,MINISTERIO DE HACIENDA,HACIENDA,48356
USP3579ECP09,BSRD2029, ,59000,USD,59,7.1717,96.222881,14/08/2026,02:28:07 PM,PRESTAMO,PRIMERA PARTE,ROTC,19/08/2026,CONFIRMADA,3284189,0,22/02/2022,22/02/2029,2.75834,MINISTERIO DE HACIENDA,HACIENDA,48384
USP3579ECP09,BSRD2029, ,59000,USD,59,6.2698,96.217593,14/08/2026,02:28:06 PM,PLAZO,PRIMERA PARTE,ROTC,21/08/2026,CONFIRMADA,3284190,0,22/02/2022,22/02/2029,0,MINISTERIO DE HACIENDA,HACIENDA,46809
DO1002228612,NO031227,BCENTRAL/8 BOEST 20271203 GTIA,500000,DOP,50,5.6965,102.823536,14/08/2026,02:28:04 PM,CONTADO,PRIMERA PARTE,ROTC,17/08/2026,CONFIRMADA,3284191,0,03/12/2024,03/12/2027,0,BANCO CENTRAL DE LA REPUBLICA DOMINICANA,BCENTRAL,59696
DO1002228612,NO031227,BCENTRAL/8 BOEST 20271203 GTIA,500000,DOP,50,5.4895,102.894686,14/08/2026,02:28:03 PM,PRESTAMO,SEGUNDA PARTE,ROTC,16/09/2026,CONFIRMADA,3284192,0,03/12/2024,03/12/2027,2.249489,BANCO CENTRAL DE LA REPUBLICA DOMINICANA,BCENTRAL,60417
DO1002228612,NO031227,BCENTRAL/8 BOEST 20271203 GTIA,500000,DOP,50,5.6965,102.823536,14/08/2026,02:28:03 PM,PRESTAMO,PRIMERA PARTE,ROTC,17/08/2026,CONFIRMADA,3284192,0,03/12/2024,03/12/2027,2.249489,BANCO CENTRAL DE LA REPUBLICA DOMINICANA,BCENTRAL,60382
DO1002228612,NO031227,BCENTRAL/8 BOEST 20271203 GTIA,500000,DOP,50,5.4895,102.894686,14/08/2026,02:28:02 PM,PLAZO,PRIMERA PARTE,ROTC,16/09/2026,CONFIRMADA,3284193,0,03/12/2024,03/12/2027,0,BANCO CENTRAL DE LA REPUBLICA DOMINICANA,BCENTRAL,58870
DO1002227317,NO150928,BCENTRAL/11 BOEST 20280915 GTIA,100000,DOP,10,7.824,105.97216,14/08/2026,02:28:00 PM,CONTADO,PRIMERA PARTE,ROTC,17/08/2026,CONFIRMADA,3284194,0,15/09/2023,15/09/2028,0,BANCO CENTRAL DE LA REPUBLICA DOMINICANA,BCENTRAL,59318
DO1002227317,NO150928,BCENTRAL/11 BOEST 20280915 GTIA,100000,DOP,10,-4.2845,106.00407,14/08/2026,02:27:59 PM,PRESTAMO,SEGUNDA PARTE,ROTC,14/09/2026,CONFIRMADA,3284195,0,15/09/2023,15/09/2028,4.93569,BANCO CENTRAL DE LA REPUBLICA DOMINICANA,BCENTRAL,60599
DO1002227317,NO150928,BCENTRAL/11 BOEST 20280915 GTIA,100000,DOP,10,7.824,105.97216,14/08/2026,02:27:59 PM,PRESTAMO,PRIMERA PARTE,ROTC,17/08/2026,CONFIRMADA,3284195,0,15/09/2023,15/09/2028,4.93569,BANCO CENTRAL DE LA REPUBLICA DOMINICANA,BCENTRAL,60102
DO1002227317,NO150928,BCENTRAL/11 BOEST 20280915 GTIA,100000,DOP,10,-4.2845,106.00407,14/08/2026,02:27:57 PM,PLAZO,PRIMERA PARTE,ROTC,14/09/2026,CONFIRMADA,3284196,0,15/09/2023,15/09/2028,0,BANCO CENTRAL DE LA REPUBLICA DOMINICANA,BCENTRAL,59045
DO1002228612,NO031227,BCENTRAL/8 BOEST 20271203 GTIA,20000,DOP,2,9.3549,98.36065,14/08/2026,02:27:56 PM,CONTADO,PRIMERA PARTE,ROTC,17/08/2026,CONFIRMADA,3284197,0,03/12/2024,03/12/2027,0,BANCO CENTRAL DE LA REPUBLICA DOMINICANA,BCENTRAL,58394
DO1002228612,NO031227,BCENTRAL/8 BOEST 20271203 GTIA,20000,DOP,2,9.6815,98.3559,14/08/2026,02:27:55 PM,PRESTAMO,SEGUNDA PARTE,ROTC,16/11/2026,CONFIRMADA,3284198,0,03/12/2024,03/12/2027,3.553145,BANCO CENTRAL DE LA REPUBLICA DOMINICANA,BCENTRAL,58639
DO1002228612,NO031227,BCENTRAL/8 BOEST 20271203 GTIA,20000,DOP,2,9.3549,98.36065,14/08/2026,02:27:55 PM,PRESTAMO,PRIMERA PARTE,ROTC,17/08/2026,CONFIRMADA,3284198,0,03/12/2024,03/12/2027,3.553145,BANCO CENTRAL DE LA REPUBLICA DOMINICANA,BCENTRAL,59080
DO1002228612,NO031227,BCENTRAL/8 BOEST 20271203 GTIA,20000,DOP,2,9.6815,98.3559,14/08/2026,02:27:53 PM,PLAZO,PRIMERA PARTE,ROTC,16/11/2026,CONFIRMADA,3284199,0,03/12/2024,03/12/2027,0,BANCO CENTRAL DE LA REPUBLICA DOMINICANA,BCENTRAL,57085
DO1002227317,NO150928,BCENTRAL/11 BOEST 20280915 GTIA,590000,DOP,59,9.7574,102.270507,14/08/2026,02:27:52 PM,CONTADO,PRIMERA PARTE,ROTC,17/08/2026,CONFIRMADA,3284200,0,15/09/2023,15/09/2028,0,BANCO CENTRAL DE LA REPUBLICA DOMINICANA,BCENTRAL,60242
DO1002227317,NO150928,BCENTRAL/11 BOEST 20280915 GTIA,590000,DOP,59,6.6187,102.169403,14/08/2026,02:27:50 PM,PRESTAMO,SEGUNDA PARTE,ROTC,14/09/2026,CONFIRMADA,3284201,0,15/09/2023,15/09/2028,4.98795,BANCO CENTRAL DE LA REPUBLICA DOMINICANA,BCENTRAL,60830
DO1002227317,NO150928,BCENTRAL/11 BOEST 20280915 GTIA,590000,DOP,59,9.7574,102.270507,14/08/2026,02:27:50 PM,PRESTAMO,PRIMERA PARTE,ROTC,17/08/2026,CONFIRMADA,3284201,0,15/09/2023,15/09/2028,4.98795,BANCO CENTRAL DE LA REPUBLICA DOMINICANA,BCENTRAL,60921
DO1002227317,NO150928,BCENTRAL/11 BOEST 20280915 GTIA,590000,DOP,59,6.6187,102.169403,14/08/2026,02:27:49 PM,PLAZO,PRIMERA PARTE,ROTC,14/09/2026,CONFIRMADA,3284202,0,15/09/2023,15/09/2028,0,BANCO CENTRAL DE LA REPUBLICA DOMINICANA,BCENTRAL,59346
DO1002228612,NO031227,BCENTRAL/8 BOEST 20271203 GTIA,110000,DOP,11,0,99.099355,14/08/2026,02:27:48 PM,PLAZO,PRIMERA PARTE,ROTC,14/09/2026,CONFIRMADA,3284203,0,03/12/2024,03/12/2027,0,BANCO CENTRAL DE LA REPUBLICA DOMINICANA,BCENTRAL,56693
DO1002228612,NO031227,BCENTRAL/8 BOEST 20271203 GTIA,110000,DOP,11,3,99.601155,14/08/2026,02:27:46 PM,PRESTAMO,SEGUNDA PARTE,ROTC,02/12/2026,CONFIRMADA,3284204,0,03/12/2024,03/12/2027,4.325136,BANCO CENTRAL DE LA REPUBLICA DOMINICANA,BCENTRAL,58086
DO1002228612,NO031227,BCENTRAL/8 BOEST 20271203 GTIA,110000,DOP,11,0,99.099355,14/08/2026,02:27:46 PM,PRESTAMO,PRIMERA PARTE,ROTC,14/09/2026,CONFIRMADA,3284204,0,03/12/2024,03/12/2027,4.325136,BANCO CENTRAL DE LA REPUBLICA DOMINICANA,BCENTRAL,58282
DO1002228612,NO031227,BCENTRAL/8 BOEST 20271203 GTIA,110000,DOP,11,3,99.601155,14/08/2026,02:27:45 PM,PLAZO,PRIMERA PARTE,ROTC,02/12/2026,CONFIRMADA,3284205,0,03/12/2024,03/12/2027,0,BANCO CENTRAL DE LA REPUBLICA DOMINICANA,BCENTRAL,56539
DO1002227317,NO150928,BCENTRAL/11 BOEST 20280915 GTIA,110000,DOP,11,0,101.238927,14/08/2026,02:27:44 PM,PLAZO,PRIMERA PARTE,ROTC,02/12/2026,CONFIRMADA,3284206,0,15/09/2023,15/09/2028,0,BANCO CENTRAL DE LA REPUBLICA DOMINICANA,BCENTRAL,57267
DO1002227317,NO150928,BCENTRAL/11 BOEST 20280915 GTIA,110000,DOP,11,3,101.021245,14/08/2026,02:27:43 PM,PRESTAMO,SEGUNDA PARTE,ROTC,12/03/2027,CONFIRMADA,3284207,0,15/09/2023,15/09/2028,4.877526,BANCO CENTRAL DE LA REPUBLICA DOMINICANA,BCENTRAL,58716
DO1002227317,NO150928,BCENTRAL/11 BOEST 20280915 GTIA,110000,DOP,11,0,101.238927,14/08/2026,02:27:43 PM,PRESTAMO,PRIMERA PARTE,ROTC,02/12/2026,CONFIRMADA,3284207,0,15/09/2023,15/09/2028,4.877526,BANCO CENTRAL DE LA REPUBLICA DOMINICANA,BCENTRAL,58863
DO1002227317,NO150928,BCENTRAL/11 BOEST 20280915 GTIA,110000,DOP,11,3,101.021245,14/08/2026,02:27:41 PM,PLAZO,PRIMERA PARTE,ROTC,12/03/2027,CONFIRMADA,3284208,0,15/09/2023,15/09/2028,0,BANCO CENTRAL DE LA REPUBLICA DOMINICANA,BCENTRAL,57162
DO1002228612,NO031227,BCENTRAL/8 BOEST 20271203 GTIA,120000,DOP,12,0,95.41965,14/08/2026,02:27:40 PM,PLAZO,PRIMERA PARTE,ROTC,12/03/2027,CONFIRMADA,3284209,0,03/12/2024,03/12/2027,0,BANCO CENTRAL DE LA REPUBLICA DOMINICANA,BCENTRAL,56196
DO1002228612,NO031227,BCENTRAL/8 BOEST 20271203 GTIA,120000,DOP,12,3,95.7379,14/08/2026,02:27:39 PM,PRESTAMO,SEGUNDA PARTE,ROTC,02/06/2027,CONFIRMADA,3284210,0,03/12/2024,03/12/2027,4.308514,BANCO CENTRAL DE LA REPUBLICA DOMINICANA,BCENTRAL,57498
DO1002228612,NO031227,BCENTRAL/8 BOEST 20271203 GTIA,120000,DOP,12,0,95.41965,14/08/2026,02:27:39 PM,PRESTAMO,PRIMERA PARTE,ROTC,12/03/2027,CONFIRMADA,3284210,0,03/12/2024,03/12/2027,4.308514,BANCO CENTRAL DE LA REPUBLICA DOMINICANA,BCENTRAL,57855
DO1002228612,NO031227,BCENTRAL/8 BOEST 20271203 GTIA,120000,DOP,12,3,95.7379,14/08/2026,02:27:37 PM,PLAZO,PRIMERA PARTE,ROTC,02/06/2027,CONFIRMADA,3284211,0,03/12/2024,03/12/2027,0,BANCO CENTRAL DE LA REPUBLICA DOMINICANA,BCENTRAL,55944
DO1002227317,NO150928,BCENTRAL/11 BOEST 20280915 GTIA,110000,DOP,11,0,106.450518,14/08/2026,02:27:36 PM,PLAZO,PRIMERA PARTE,ROTC,02/06/2027,CONFIRMADA,3284212,0,15/09/2023,15/09/2028,0,BANCO CENTRAL DE LA REPUBLICA DOMINICANA,BCENTRAL,57281
DO1002227317,NO150928,BCENTRAL/11 BOEST 20280915 GTIA,110000,DOP,11,3,106.331136,14/08/2026,02:27:34 PM,PRESTAMO,SEGUNDA PARTE,ROTC,12/08/2027,CONFIRMADA,3284213,0,15/09/2023,15/09/2028,3.9383880000000002,BANCO CENTRAL DE LA REPUBLICA DOMINICANA,BCENTRAL,58807
DO1002227317,NO150928,BCENTRAL/11 BOEST 20280915 GTIA,110000,DOP,11,0,106.450518,14/08/2026,02:27:34 PM,PRESTAMO,PRIMERA PARTE,ROTC,02/06/2027,CONFIRMADA,3284213,0,15/09/2023,15/09/2028,3.9383880000000002,BANCO CENTRAL DE LA REPUBLICA DOMINICANA,BCENTRAL,58870
DO1002227317,NO150928,BCENTRAL/11 BOEST 20280915 GTIA,110000,DOP,11,3,106.331136,14/08/2026,02:27:33 PM,PLAZO,PRIMERA PARTE,ROTC,12/08/2027,CONFIRMADA,3284214,0,15/09/2023,15/09/2028,0,BANCO CENTRAL DE LA REPUBLICA DOMINICANA,BCENTRAL,57260
DO1002223928,NO120227,BCENTRAL/8 BOEST 20270212 GTIA,630000,DOP,63,0,100.098378,14/08/2026,02:27:32 PM,PLAZO,PRIMERA PARTE,ROTC,14/09/2026,CONFIRMADA,3284215,0,12/02/2022,12/02/2027,0,BANCO CENTRAL DE LA REPUBLICA DOMINICANA,BCENTRAL,57008
DO1002223928,NO120227,BCENTRAL/8 BOEST 20270212 GTIA,630000,DOP,63,3,100.27936,14/08/2026,02:27:30 PM,PRESTAMO,SEGUNDA PARTE,ROTC,16/11/2026,CONFIRMADA,3284216,0,12/02/2022,12/02/2027,2.215514,BANCO CENTRAL DE LA REPUBLICA DOMINICANA,BCENTRAL,58128
DO1002223928,NO120227,BCENTRAL/8 BOEST 20270212 GTIA,630000,DOP,63,0,100.098378,14/08/2026,02:27:30 PM,PRESTAMO,PRIMERA PARTE,ROTC,14/09/2026,CONFIRMADA,3284216,0,12/02/2022,12/02/2027,2.215514,BANCO CENTRAL DE LA REPUBLICA DOMINICANA,BCENTRAL,58597
DO1002223928,NO120227,BCENTRAL/8 BOEST 20270212 GTIA,630000,DOP,63,3,100.27936,14/08/2026,02:27:29 PM,PLAZO,PRIMERA PARTE,ROTC,16/11/2026,CONFIRMADA,3284217,0,12/02/2022,12/02/2027,0,BANCO CENTRAL DE LA REPUBLICA DOMINICANA,BCENTRAL,56644
USP3579ECF27,BSRD2030,DOMINICAN REP/4.5 BD 20300130 UNS,60000,USD,60,0,97.04135,14/08/2026,02:27:28 PM,PLAZO,PRIMERA PARTE,ROTC,21/08/2026,CONFIRMADA,3284218,0,30/01/2020,30/01/2030,0,MINISTERIO DE HACIENDA,HACIENDA,57974
USP3579ECF27,BSRD2030,DOMINICAN REP/4.5 BD 20300130 UNS,60000,USD,60,3,97.067583,14/08/2026,02:27:26 PM,PRESTAMO,SEGUNDA PARTE,ROTC,29/01/2027,CONFIRMADA,3284219,0,30/01/2020,30/01/2030,2.279574,MINISTERIO DE HACIENDA,HACIENDA,59983
USP3579ECF27,BSRD2030,DOMINICAN REP/4.5 BD 20300130 UNS,60000,USD,60,0,97.04135,14/08/2026,02:27:26 PM,PRESTAMO,PRIMERA PARTE,ROTC,21/08/2026,CONFIRMADA,3284219,0,30/01/2020,30/01/2030,2.279574,MINISTERIO DE HACIENDA,HACIENDA,59563
USP3579ECF27,BSRD2030,DOMINICAN REP/4.5 BD 20300130 UNS,60000,USD,60,3,97.067583,14/08/2026,02:27:25 PM,PLAZO,PRIMERA PARTE,ROTC,29/01/2027,CONFIRMADA,3284220,0,30/01/2020,30/01/2030,0,MINISTERIO DE HACIENDA,HACIENDA,58436
DO1005205716,MHUS2027,HACIENDA/6 BOEST 20270305 GTIA,57000,USD,57,0,102.193491,14/08/2026,02:27:24 PM,PLAZO,PRIMERA PARTE,ROTC,29/01/2027,CONFIRMADA,3284221,0,05/09/2016,05/03/2027,0,MINISTERIO DE HACIENDA,HACIENDA,56945
DO1005205716,MHUS2027,HACIENDA/6 BOEST 20270305 GTIA,57000,USD,57,3,102.136474,14/08/2026,02:27:23 PM,PRESTAMO,SEGUNDA PARTE,ROTC,15/02/2027,CONFIRMADA,3284222,0,05/09/2016,05/03/2027,2.501947,MINISTERIO DE HACIENDA,HACIENDA,58457
DO1005205716,MHUS2027,HACIENDA/6 BOEST 20270305 GTIA,57000,USD,57,0,102.193491,14/08/2026,02:27:23 PM,PRESTAMO,PRIMERA PARTE,ROTC,29/01/2027,CONFIRMADA,3284222,0,05/09/2016,05/03/2027,2.501947,MINISTERIO DE HACIENDA,HACIENDA,58541
DO1005205716,MHUS2027,HACIENDA/6 BOEST 20270305 GTIA,57000,USD,57,3,102.136474,14/08/2026,02:27:21 PM,PLAZO,PRIMERA PARTE,ROTC,15/02/2027,CONFIRMADA,3284223,0,05/09/2016,05/03/2027,0,MINISTERIO DE HACIENDA,HACIENDA,56903
DO1005205716,MHUS2027,HACIENDA/6 BOEST 20270305 GTIA,4000,USD,4,0,110.1325,14/08/2026,02:27:20 PM,PLAZO,PRIMERA PARTE,ROTC,29/01/2027,CONFIRMADA,3284224,0,05/09/2016,05/03/2027,0,MINISTERIO DE HACIENDA,HACIENDA,55342
DO1005205716,MHUS2027,HACIENDA/6 BOEST 20270305 GTIA,4000,USD,4,1,110.06675,14/08/2026,02:27:19 PM,PRESTAMO,SEGUNDA PARTE,ROTC,15/02/2027,CONFIRMADA,3284225,0,05/09/2016,05/03/2027,2.318259,MINISTERIO DE HACIENDA,HACIENDA,57344
DO1005205716,MHUS2027,HACIENDA/6 BOEST 20270305 GTIA,4000,USD,4,0,110.1325,14/08/2026,02:27:19 PM,PRESTAMO,PRIMERA PARTE,ROTC,29/01/2027,CONFIRMADA,3284225,0,05/09/2016,05/03/2027,2.318259,MINISTERIO DE HACIENDA,HACIENDA,57001
DO1005205716,MHUS2027,HACIENDA/6 BOEST 20270305 GTIA,4000,USD,4,1,110.06675,14/08/2026,02:27:17 PM,PLAZO,PRIMERA PARTE,ROTC,15/02/2027,CONFIRMADA,3284226,0,05/09/2016,05/03/2027,0,MINISTERIO DE HACIENDA,HACIENDA,55790
USP3579EDB04,BSRD2038, ,1390000,USD,1390,6.39653297,97.950098,14/08/2026,02:22:38 PM,CONTADO,PRIMERA PARTE,ROTC,19/08/2026,CONFIRMADA,3284152,0,17/02/2026,17/05/2038,0,MINISTERIO DE HACIENDA,HACIENDA,50477
USP3579ECX33,BSDR2055, ,1770000,USD,1770,6.44343931,109.166428,14/08/2026,02:22:37 PM,CONTADO,PRIMERA PARTE,ROTC,19/08/2026,CONFIRMADA,3284151,0,24/02/2025,24/02/2055,0,MINISTERIO DE HACIENDA,HACIENDA,50827
DO1005206516,MH32028,HACIENDA/10.75 BOEST 20280811 GTIA,4500000,DOP,45,5.75496,106.710873,14/08/2026,02:22:32 PM,PRESTAMO,SEGUNDA PARTE,ROTC,12/03/2027,CONFIRMADA,3284128,0,10/08/2018,11/08/2028,10.75,MINISTERIO DE HACIENDA,HACIENDA,61824
DO1005206516,MH32028,HACIENDA/10.75 BOEST 20280811 GTIA,4500000,DOP,45,9.51335,102.194741,14/08/2026,02:22:32 PM,PRESTAMO,PRIMERA PARTE,ROTC,14/08/2026,CONFIRMADA,3284128,0,10/08/2018,11/08/2028,10.75,MINISTERIO DE HACIENDA,HACIENDA,61831
DO1005206516,MH32028,HACIENDA/10.75 BOEST 20280811 GTIA,4500000,DOP,45,5.75496,106.710873,14/08/2026,02:21:18 PM,ESTRUCTURADA,SEGUNDA PARTE,ROTC,12/03/2027,CONFIRMADA,3284127,0,10/08/2018,11/08/2028,10.75,MINISTERIO DE HACIENDA,HACIENDA,63945
DO1005206516,MH32028,HACIENDA/10.75 BOEST 20280811 GTIA,4500000,DOP,45,9.51335,102.194741,14/08/2026,02:21:18 PM,ESTRUCTURADA,PRIMERA PARTE,ROTC,14/08/2026,CONFIRMADA,3284127,0,10/08/2018,11/08/2028,10.75,MINISTERIO DE HACIENDA,HACIENDA,63952
DO1002261522,NO180130,BCENTRAL/9.5 BOEST 20300118 GTIA,250000000,DOP,25000,8.9964,101.444216,14/08/2026,02:18:45 PM,CONTADO,PRIMERA PARTE,ROTC,14/08/2026,CONFIRMADA,3284118,0,18/01/2026,18/01/2030,0,BANCO CENTRAL DE LA REPUBLICA DOMINICANA,BCENTRAL,62384
DO1005206516,MH32028,HACIENDA/10.75 BOEST 20280811 GTIA,300000,DOP,3,14.88939,94.843925,14/08/2026,02:17:25 PM,PRESTAMO,SEGUNDA PARTE,ROTC,12/03/2027,CONFIRMADA,3284093,0,10/08/2018,11/08/2028,10.75,MINISTERIO DE HACIENDA,HACIENDA,61229
DO1005206516,MH32028,HACIENDA/10.75 BOEST 20280811 GTIA,300000,DOP,3,16.46857,90.608397,14/08/2026,02:17:25 PM,PRESTAMO,PRIMERA PARTE,ROTC,14/08/2026,CONFIRMADA,3284093,0,10/08/2018,11/08/2028,10.75,MINISTERIO DE HACIENDA,HACIENDA,61285
DO1005206516,MH32028,HACIENDA/10.75 BOEST 20280811 GTIA,300000,DOP,3,14.88939,94.843925,14/08/2026,02:16:23 PM,ESTRUCTURADA,SEGUNDA PARTE,ROTC,12/03/2027,CONFIRMADA,3284092,0,10/08/2018,11/08/2028,10.75,MINISTERIO DE HACIENDA,HACIENDA,63308
DO1005206516,MH32028,HACIENDA/10.75 BOEST 20280811 GTIA,300000,DOP,3,16.46857,90.608397,14/08/2026,02:16:23 PM,ESTRUCTURADA,PRIMERA PARTE,ROTC,14/08/2026,CONFIRMADA,3284092,0,10/08/2018,11/08/2028,10.75,MINISTERIO DE HACIENDA,HACIENDA,63364
USP3579ECV76,BSDR2036, ,100000000,DOP,2000,9.18,109.820944,14/08/2026,02:15:35 PM,CONTADO,PRIMERA PARTE,ROTC,17/08/2026,CONFIRMADA,3283959,0,01/07/2024,01/06/2036,0,MINISTERIO DE HACIENDA,HACIENDA,49112
USP3579ECH82,BSRD2032,"DOMINICAN, REP /4.875 BD 20320923",19000,USD,19,3.66572,106.05275,14/08/2026,02:12:53 PM,PRESTAMO,SEGUNDA PARTE,ROTC,23/02/2027,CONFIRMADA,3284089,0,23/09/2020,23/09/2032,4.875,MINISTERIO DE HACIENDA,HACIENDA,61495
USP3579ECH82,BSRD2032,"DOMINICAN, REP /4.875 BD 20320923",19000,USD,19,4.24524,103.353,14/08/2026,02:12:53 PM,PRESTAMO,PRIMERA PARTE,ROTC,14/08/2026,CONFIRMADA,3284089,0,23/09/2020,23/09/2032,4.875,MINISTERIO DE HACIENDA,HACIENDA,60788
USP3579ECH82,BSRD2032,"DOMINICAN, REP /4.875 BD 20320923",30000,USD,30,4.71693,100.7752,14/08/2026,02:11:25 PM,PRESTAMO,SEGUNDA PARTE,ROTC,11/01/2027,CONFIRMADA,3284130,0,23/09/2020,23/09/2032,4.875,MINISTERIO DE HACIENDA,HACIENDA,60998
USP3579ECH82,BSRD2032,"DOMINICAN, REP /4.875 BD 20320923",30000,USD,30,5.18181,98.405633,14/08/2026,02:11:25 PM,PRESTAMO,PRIMERA PARTE,ROTC,14/08/2026,CONFIRMADA,3284130,0,23/09/2020,23/09/2032,4.875,MINISTERIO DE HACIENDA,HACIENDA,61530
USP3579ECH82,BSRD2032,"DOMINICAN, REP /4.875 BD 20320923",30000,USD,30,4.71693,100.7752,14/08/2026,02:11:09 PM,ESTRUCTURADA,SEGUNDA PARTE,ROTC,11/01/2027,CONFIRMADA,3284129,0,23/09/2020,23/09/2032,4.875,MINISTERIO DE HACIENDA,HACIENDA,63112
USP3579ECH82,BSRD2032,"DOMINICAN, REP /4.875 BD 20320923",30000,USD,30,5.18181,98.405633,14/08/2026,02:11:09 PM,ESTRUCTURADA,PRIMERA PARTE,ROTC,14/08/2026,CONFIRMADA,3284129,0,23/09/2020,23/09/2032,4.875,MINISTERIO DE HACIENDA,HACIENDA,63644
USP3579ECH82,BSRD2032,"DOMINICAN, REP /4.875 BD 20320923",19000,USD,19,3.66572,106.05275,14/08/2026,02:09:22 PM,ESTRUCTURADA,SEGUNDA PARTE,ROTC,23/02/2027,CONFIRMADA,3284088,0,23/09/2020,23/09/2032,4.875,MINISTERIO DE HACIENDA,HACIENDA,63609
USP3579ECH82,BSRD2032,"DOMINICAN, REP /4.875 BD 20320923",19000,USD,19,4.24524,103.353,14/08/2026,02:09:22 PM,ESTRUCTURADA,PRIMERA PARTE,ROTC,14/08/2026,CONFIRMADA,3284088,0,23/09/2020,23/09/2032,4.875,MINISTERIO DE HACIENDA,HACIENDA,62902
USP3579ECH82,BSRD2032,"DOMINICAN, REP /4.875 BD 20320923",51000,USD,51,4.55428,101.62887,14/08/2026,02:08:11 PM,PRESTAMO,SEGUNDA PARTE,ROTC,12/11/2026,CONFIRMADA,3284132,0,23/09/2020,23/09/2032,4.875,MINISTERIO DE HACIENDA,HACIENDA,61453
USP3579ECH82,BSRD2032,"DOMINICAN, REP /4.875 BD 20320923",51000,USD,51,5.04316,99.120176,14/08/2026,02:08:11 PM,PRESTAMO,PRIMERA PARTE,ROTC,14/08/2026,CONFIRMADA,3284132,0,23/09/2020,23/09/2032,4.875,MINISTERIO DE HACIENDA,HACIENDA,61523
USP3579ECH82,BSRD2032,"DOMINICAN, REP /4.875 BD 20320923",51000,USD,51,4.55428,101.62887,14/08/2026,02:07:49 PM,ESTRUCTURADA,SEGUNDA PARTE,ROTC,12/11/2026,CONFIRMADA,3284131,0,23/09/2020,23/09/2032,4.875,MINISTERIO DE HACIENDA,HACIENDA,63623
USP3579ECH82,BSRD2032,"DOMINICAN, REP /4.875 BD 20320923",51000,USD,51,5.04316,99.120176,14/08/2026,02:07:49 PM,ESTRUCTURADA,PRIMERA PARTE,ROTC,14/08/2026,CONFIRMADA,3284131,0,23/09/2020,23/09/2032,4.875,MINISTERIO DE HACIENDA,HACIENDA,63693
USP3579ECH82,BSRD2032,"DOMINICAN, REP /4.875 BD 20320923",20000,USD,20,4.76938,100.537292,14/08/2026,02:06:20 PM,PRESTAMO,SEGUNDA PARTE,ROTC,16/10/2026,CONFIRMADA,3284087,0,23/09/2020,23/09/2032,4.875,MINISTERIO DE HACIENDA,HACIENDA,61775
USP3579ECH82,BSRD2032,"DOMINICAN, REP /4.875 BD 20320923",20000,USD,20,5.24332,98.0906,14/08/2026,02:06:20 PM,PRESTAMO,PRIMERA PARTE,ROTC,14/08/2026,CONFIRMADA,3284087,0,23/09/2020,23/09/2032,4.875,MINISTERIO DE HACIENDA,HACIENDA,60760
DO1005211227,MH32029,HACIENDA/12.75 BOEST 20290923 GTIA,500000,DOP,5,4.4171,115.304688,14/08/2026,02:06:00 PM,PRESTAMO,SEGUNDA PARTE,ROTC,16/09/2026,CONFIRMADA,3284148,0,23/09/2022,23/09/2029,7.55,MINISTERIO DE HACIENDA,HACIENDA,60711
DO1005211227,MH32029,HACIENDA/12.75 BOEST 20290923 GTIA,500000,DOP,5,7.0583,115.593052,14/08/2026,02:06:00 PM,PRESTAMO,PRIMERA PARTE,ROTC,17/08/2026,CONFIRMADA,3284148,0,23/09/2022,23/09/2029,7.55,MINISTERIO DE HACIENDA,HACIENDA,60781
USP3579ECB13,BSRD2028,"DOMINICAN, REP /6 BD 20280719 REGS",65000,USD,65,5.21,101.428676,14/08/2026,02:05:59 PM,CONTADO,PRIMERA PARTE,ROTC,14/08/2026,CONFIRMADA,3284139,0,19/07/2018,19/07/2028,0,MINISTERIO DE HACIENDA,HACIENDA,61124
DO1005211227,MH32029,HACIENDA/12.75 BOEST 20290923 GTIA,500000,DOP,5,4.4171,115.304688,14/08/2026,02:05:59 PM,ESTRUCTURADA,SEGUNDA PARTE,ROTC,16/09/2026,CONFIRMADA,3284146,0,23/09/2022,23/09/2029,7.55,MINISTERIO DE HACIENDA,HACIENDA,62902
DO1005211227,MH32029,HACIENDA/12.75 BOEST 20290923 GTIA,500000,DOP,5,7.0583,115.593052,14/08/2026,02:05:59 PM,ESTRUCTURADA,PRIMERA PARTE,ROTC,17/08/2026,CONFIRMADA,3284146,0,23/09/2022,23/09/2029,7.55,MINISTERIO DE HACIENDA,HACIENDA,62972
DO1005206516,MH32028,HACIENDA/10.75 BOEST 20280811 GTIA,6100000,DOP,61,5.6897,107.172131,14/08/2026,02:05:57 PM,PRESTAMO,SEGUNDA PARTE,ROTC,10/02/2027,CONFIRMADA,3284134,0,10/08/2018,11/08/2028,10.75,MINISTERIO DE HACIENDA,HACIENDA,61418
DO1005206516,MH32028,HACIENDA/10.75 BOEST 20280811 GTIA,6100000,DOP,61,9.43215,102.341208,14/08/2026,02:05:57 PM,PRESTAMO,PRIMERA PARTE,ROTC,14/08/2026,CONFIRMADA,3284134,0,10/08/2018,11/08/2028,10.75,MINISTERIO DE HACIENDA,HACIENDA,61789
DO1002261423,NO301129,BCENTRAL/9.5 BOEST 20291130 GTIA,30000,DOP,3,9.2358,100.6787,14/08/2026,02:05:50 PM,PRESTAMO,SEGUNDA PARTE,ROTC,17/11/2026,CONFIRMADA,3284147,0,30/11/2025,30/11/2029,7.4,BANCO CENTRAL DE LA REPUBLICA DOMINICANA,BCENTRAL,59542
DO1002261423,NO301129,BCENTRAL/9.5 BOEST 20291130 GTIA,30000,DOP,3,9.0948,101.103133,14/08/2026,02:05:50 PM,PRESTAMO,PRIMERA PARTE,ROTC,17/08/2026,CONFIRMADA,3284147,0,30/11/2025,30/11/2029,7.4,BANCO CENTRAL DE LA REPUBLICA DOMINICANA,BCENTRAL,60228
DO1002261423,NO301129,BCENTRAL/9.5 BOEST 20291130 GTIA,30000,DOP,3,9.2358,100.6787,14/08/2026,02:05:49 PM,ESTRUCTURADA,SEGUNDA PARTE,ROTC,17/11/2026,CONFIRMADA,3284145,0,30/11/2025,30/11/2029,7.4,BANCO CENTRAL DE LA REPUBLICA DOMINICANA,BCENTRAL,61698
DO1002261423,NO301129,BCENTRAL/9.5 BOEST 20291130 GTIA,30000,DOP,3,9.0948,101.103133,14/08/2026,02:05:49 PM,ESTRUCTURADA,PRIMERA PARTE,ROTC,17/08/2026,CONFIRMADA,3284145,0,30/11/2025,30/11/2029,7.4,BANCO CENTRAL DE LA REPUBLICA DOMINICANA,BCENTRAL,62384
USP3579ECH82,BSRD2032,"DOMINICAN, REP /4.875 BD 20320923",20000,USD,20,4.76938,100.537292,14/08/2026,02:05:35 PM,ESTRUCTURADA,SEGUNDA PARTE,ROTC,16/10/2026,CONFIRMADA,3284086,0,23/09/2020,23/09/2032,4.875,MINISTERIO DE HACIENDA,HACIENDA,63910
USP3579ECH82,BSRD2032,"DOMINICAN, REP /4.875 BD 20320923",20000,USD,20,5.24332,98.0906,14/08/2026,02:05:35 PM,ESTRUCTURADA,PRIMERA PARTE,ROTC,14/08/2026,CONFIRMADA,3284086,0,23/09/2020,23/09/2032,4.875,MINISTERIO DE HACIENDA,HACIENDA,62895
DO1005206516,MH32028,HACIENDA/10.75 BOEST 20280811 GTIA,6100000,DOP,61,5.6897,107.172131,14/08/2026,02:05:29 PM,ESTRUCTURADA,SEGUNDA PARTE,ROTC,10/02/2027,CONFIRMADA,3284133,0,10/08/2018,11/08/2028,10.75,MINISTERIO DE HACIENDA,HACIENDA,63511
DO1005206516,MH32028,HACIENDA/10.75 BOEST 20280811 GTIA,6100000,DOP,61,9.43215,102.341208,14/08/2026,02:05:29 PM,ESTRUCTURADA,PRIMERA PARTE,ROTC,14/08/2026,CONFIRMADA,3284133,0,10/08/2018,11/08/2028,10.75,MINISTERIO DE HACIENDA,HACIENDA,63882
DO1005208629,MH12031,HACIENDA/8.5 BOEST 20310611 GTIA,21400000,DOP,214,6.5887,107.5459,14/08/2026,02:05:02 PM,PRESTAMO,SEGUNDA PARTE,ROTC,10/02/2027,CONFIRMADA,3284144,0,11/06/2021,11/06/2031,9.24,MINISTERIO DE HACIENDA,HACIENDA,60662
DO1005208629,MH12031,HACIENDA/8.5 BOEST 20310611 GTIA,21400000,DOP,214,7.9447,102.662148,14/08/2026,02:05:02 PM,PRESTAMO,PRIMERA PARTE,ROTC,14/08/2026,CONFIRMADA,3284144,0,11/06/2021,11/06/2031,9.24,MINISTERIO DE HACIENDA,HACIENDA,61432
DO1005208629,MH12031,HACIENDA/8.5 BOEST 20310611 GTIA,21400000,DOP,214,6.5887,107.5459,14/08/2026,02:05:00 PM,ESTRUCTURADA,SEGUNDA PARTE,ROTC,10/02/2027,CONFIRMADA,3284121,0,11/06/2021,11/06/2031,9.24,MINISTERIO DE HACIENDA,HACIENDA,62748
DO1005208629,MH12031,HACIENDA/8.5 BOEST 20310611 GTIA,21400000,DOP,214,7.9447,102.662148,14/08/2026,02:05:00 PM,ESTRUCTURADA,PRIMERA PARTE,ROTC,14/08/2026,CONFIRMADA,3284121,0,11/06/2021,11/06/2031,9.24,MINISTERIO DE HACIENDA,HACIENDA,63518
DO1005205716,MHUS2027,HACIENDA/6 BOEST 20270305 GTIA,96000,USD,96,-7.9891,105.701958,14/08/2026,02:03:04 PM,PRESTAMO,SEGUNDA PARTE,ROTC,16/09/2026,CONFIRMADA,3284143,0,05/09/2016,05/03/2027,4.45,MINISTERIO DE HACIENDA,HACIENDA,60753
DO1005205716,MHUS2027,HACIENDA/6 BOEST 20270305 GTIA,96000,USD,96,0.8968,102.77925,14/08/2026,02:03:04 PM,PRESTAMO,PRIMERA PARTE,ROTC,17/08/2026,CONFIRMADA,3284143,0,05/09/2016,05/03/2027,4.45,MINISTERIO DE HACIENDA,HACIENDA,60123
DO1005205716,MHUS2027,HACIENDA/6 BOEST 20270305 GTIA,96000,USD,96,-7.9891,105.701958,14/08/2026,02:03:03 PM,ESTRUCTURADA,SEGUNDA PARTE,ROTC,16/09/2026,CONFIRMADA,3284138,0,05/09/2016,05/03/2027,4.45,MINISTERIO DE HACIENDA,HACIENDA,62846
DO1005205716,MHUS2027,HACIENDA/6 BOEST 20270305 GTIA,96000,USD,96,0.8968,102.77925,14/08/2026,02:03:03 PM,ESTRUCTURADA,PRIMERA PARTE,ROTC,17/08/2026,CONFIRMADA,3284138,0,05/09/2016,05/03/2027,4.45,MINISTERIO DE HACIENDA,HACIENDA,62216
DO1002261225,LE021026,BCENTRAL/ LT 20261002 GTIA,50000,DOP,5,-14.252,100.6375,14/08/2026,02:02:55 PM,PRESTAMO,SEGUNDA PARTE,ROTC,16/09/2026,CONFIRMADA,3284142,0,02/10/2025,02/10/2026,7.65,BANCO CENTRAL DE LA REPUBLICA DOMINICANA,BCENTRAL,57008
DO1002261225,LE021026,BCENTRAL/ LT 20261002 GTIA,50000,DOP,5,0,100,14/08/2026,02:02:55 PM,PRESTAMO,PRIMERA PARTE,ROTC,17/08/2026,CONFIRMADA,3284142,0,02/10/2025,02/10/2026,7.65,BANCO CENTRAL DE LA REPUBLICA DOMINICANA,BCENTRAL,53179
DO1002261225,LE021026,BCENTRAL/ LT 20261002 GTIA,50000,DOP,5,-14.252,100.6375,14/08/2026,02:02:54 PM,ESTRUCTURADA,SEGUNDA PARTE,ROTC,16/09/2026,CONFIRMADA,3284137,0,02/10/2025,02/10/2026,7.65,BANCO CENTRAL DE LA REPUBLICA DOMINICANA,BCENTRAL,59101
DO1002261225,LE021026,BCENTRAL/ LT 20261002 GTIA,50000,DOP,5,0,100,14/08/2026,02:02:54 PM,ESTRUCTURADA,PRIMERA PARTE,ROTC,17/08/2026,CONFIRMADA,3284137,0,02/10/2025,02/10/2026,7.65,BANCO CENTRAL DE LA REPUBLICA DOMINICANA,BCENTRAL,55272
DO1005211227,MH32029,HACIENDA/12.75 BOEST 20290923 GTIA,200000,DOP,2,7.4568,113.34667,14/08/2026,02:02:44 PM,PRESTAMO,SEGUNDA PARTE,ROTC,17/11/2026,CONFIRMADA,3284141,0,23/09/2022,23/09/2029,7.4,MINISTERIO DE HACIENDA,HACIENDA,60375
DO1005211227,MH32029,HACIENDA/12.75 BOEST 20290923 GTIA,200000,DOP,2,9.7004,107.969385,14/08/2026,02:02:44 PM,PRESTAMO,PRIMERA PARTE,ROTC,19/08/2026,CONFIRMADA,3284141,0,23/09/2022,23/09/2029,7.4,MINISTERIO DE HACIENDA,HACIENDA,60879
DO1005211227,MH32029,HACIENDA/12.75 BOEST 20290923 GTIA,200000,DOP,2,7.4568,113.34667,14/08/2026,02:02:43 PM,ESTRUCTURADA,SEGUNDA PARTE,ROTC,17/11/2026,CONFIRMADA,3284136,0,23/09/2022,23/09/2029,7.4,MINISTERIO DE HACIENDA,HACIENDA,62468
DO1005211227,MH32029,HACIENDA/12.75 BOEST 20290923 GTIA,200000,DOP,2,9.7004,107.969385,14/08/2026,02:02:43 PM,ESTRUCTURADA,PRIMERA PARTE,ROTC,19/08/2026,CONFIRMADA,3284136,0,23/09/2022,23/09/2029,7.4,MINISTERIO DE HACIENDA,HACIENDA,62972
DO1005211227,MH32029,HACIENDA/12.75 BOEST 20290923 GTIA,600000,DOP,6,3.8167,123.894088,14/08/2026,02:02:32 PM,PRESTAMO,SEGUNDA PARTE,ROTC,17/11/2026,CONFIRMADA,3284140,0,23/09/2022,23/09/2029,8.7,MINISTERIO DE HACIENDA,HACIENDA,60795
DO1005211227,MH32029,HACIENDA/12.75 BOEST 20290923 GTIA,600000,DOP,6,6.2867,117.943937,14/08/2026,02:02:32 PM,PRESTAMO,PRIMERA PARTE,ROTC,17/08/2026,CONFIRMADA,3284140,0,23/09/2022,23/09/2029,8.7,MINISTERIO DE HACIENDA,HACIENDA,60935
DO1005211227,MH32029,HACIENDA/12.75 BOEST 20290923 GTIA,600000,DOP,6,3.8167,123.894088,14/08/2026,02:02:31 PM,ESTRUCTURADA,SEGUNDA PARTE,ROTC,17/11/2026,CONFIRMADA,3284135,0,23/09/2022,23/09/2029,8.7,MINISTERIO DE HACIENDA,HACIENDA,62888
DO1005211227,MH32029,HACIENDA/12.75 BOEST 20290923 GTIA,600000,DOP,6,6.2867,117.943937,14/08/2026,02:02:31 PM,ESTRUCTURADA,PRIMERA PARTE,ROTC,17/08/2026,CONFIRMADA,3284135,0,23/09/2022,23/09/2029,8.7,MINISTERIO DE HACIENDA,HACIENDA,63028
USP3579ECX33,BSDR2055, ,1430000,USD,1430,7.00000004,101.838616,14/08/2026,02:02:30 PM,CONTADO,PRIMERA PARTE,ROTC,14/08/2026,CONFIRMADA,3283679,0,24/02/2025,24/02/2055,0,MINISTERIO DE HACIENDA,HACIENDA,50428
DO1005212019,MH32034,HACIENDA/13.625 BOEST 20340210 GTIA,438900000,DOP,4389,10.00420203,118.807176,14/08/2026,02:01:53 PM,CONTADO,PRIMERA PARTE,ROTC,14/08/2026,CONFIRMADA,3284120,0,10/02/2023,10/02/2034,0,MINISTERIO DE HACIENDA,HACIENDA,64246
DO1005206516,MH32028,HACIENDA/10.75 BOEST 20280811 GTIA,2000000,DOP,20,7.44417,104.366438,14/08/2026,02:01:20 PM,PRESTAMO,SEGUNDA PARTE,ROTC,12/03/2027,CONFIRMADA,3284085,0,10/08/2018,11/08/2028,10.75,MINISTERIO DE HACIENDA,HACIENDA,61635
DO1005206516,MH32028,HACIENDA/10.75 BOEST 20280811 GTIA,2000000,DOP,20,10.81603,99.882192,14/08/2026,02:01:20 PM,PRESTAMO,PRIMERA PARTE,ROTC,14/08/2026,CONFIRMADA,3284085,0,10/08/2018,11/08/2028,10.75,MINISTERIO DE HACIENDA,HACIENDA,61775
DO1005254128,MH12041,HACIENDA/12 BOEST 20410310 GTIA,700000000,DOP,7000,10.25,113.055454,14/08/2026,02:00:02 PM,CONTADO,PRIMERA PARTE,ROTC,14/08/2026,CONFIRMADA,3283776,0,10/03/2026,10/03/2041,0,MINISTERIO DE HACIENDA,HACIENDA,60424
DO1005206516,MH32028,HACIENDA/10.75 BOEST 20280811 GTIA,2000000,DOP,20,7.44417,104.366438,14/08/2026,01:58:29 PM,ESTRUCTURADA,SEGUNDA PARTE,ROTC,12/03/2027,CONFIRMADA,3284084,0,10/08/2018,11/08/2028,10.75,MINISTERIO DE HACIENDA,HACIENDA,63875
DO1005206516,MH32028,HACIENDA/10.75 BOEST 20280811 GTIA,2000000,DOP,20,10.81603,99.882192,14/08/2026,01:58:29 PM,ESTRUCTURADA,PRIMERA PARTE,ROTC,14/08/2026,CONFIRMADA,3284084,0,10/08/2018,11/08/2028,10.75,MINISTERIO DE HACIENDA,HACIENDA,64015
DO1005213025,MH22031,HACIENDA/10.25 BOEST 20310209 GTIA,95600000,DOP,956,9.00000359,104.5627,14/08/2026,01:58:04 PM,CONTADO,PRIMERA PARTE,ROTC,14/08/2026,CONFIRMADA,3283750,0,09/02/2024,09/02/2031,0,MINISTERIO DE HACIENDA,HACIENDA,62153
USP3579ECJ49,BSRD2041, ,294000,USD,294,6.613229,88.019405,14/08/2026,01:57:04 PM,ESTRUCTURADA,SEGUNDA PARTE,ROTC,12/11/2026,CONFIRMADA,3284126,0,21/01/2021,21/01/2041,5.51,MINISTERIO DE HACIENDA,HACIENDA,51639
USP3579ECJ49,BSRD2041, ,294000,USD,294,6.59006696,88.096763,14/08/2026,01:57:04 PM,ESTRUCTURADA,PRIMERA PARTE,ROTC,14/08/2026,CONFIRMADA,3284126,0,21/01/2021,21/01/2041,5.51,MINISTERIO DE HACIENDA,HACIENDA,52640
DO1005206516,MH32028,HACIENDA/10.75 BOEST 20280811 GTIA,2100000,DOP,21,8.12464,104.35237,14/08/2026,01:56:39 PM,PRESTAMO,SEGUNDA PARTE,ROTC,13/10/2026,CONFIRMADA,3284115,0,10/08/2018,11/08/2028,10.75,MINISTERIO DE HACIENDA,HACIENDA,61348
DO1005206516,MH32028,HACIENDA/10.75 BOEST 20280811 GTIA,2100000,DOP,21,8.1752,104.644096,14/08/2026,01:56:39 PM,PRESTAMO,PRIMERA PARTE,ROTC,14/08/2026,CONFIRMADA,3284115,0,10/08/2018,11/08/2028,10.75,MINISTERIO DE HACIENDA,HACIENDA,61516
DO1005206516,MH32028,HACIENDA/10.75 BOEST 20280811 GTIA,2100000,DOP,21,8.12464,104.35237,14/08/2026,01:56:14 PM,ESTRUCTURADA,SEGUNDA PARTE,ROTC,13/10/2026,CONFIRMADA,3284114,0,10/08/2018,11/08/2028,10.75,MINISTERIO DE HACIENDA,HACIENDA,63399
DO1005206516,MH32028,HACIENDA/10.75 BOEST 20280811 GTIA,2100000,DOP,21,8.1752,104.644096,14/08/2026,01:56:14 PM,ESTRUCTURADA,PRIMERA PARTE,ROTC,14/08/2026,CONFIRMADA,3284114,0,10/08/2018,11/08/2028,10.75,MINISTERIO DE HACIENDA,HACIENDA,63567
USP3579EAY34,BSRD2044,DOMINICAN Rep/7.45 BD 20440430 GO,38000,USD,38,6.7426,107.192851,14/08/2026,01:56:07 PM,ESTRUCTURADA,SEGUNDA PARTE,ROTC,12/11/2026,CONFIRMADA,3284124,0,30/04/2014,30/04/2044,5.45,MINISTERIO DE HACIENDA,HACIENDA,64533
USP3579EAY34,BSRD2044,DOMINICAN Rep/7.45 BD 20440430 GO,38000,USD,38,6.7162,107.519673,14/08/2026,01:56:07 PM,ESTRUCTURADA,PRIMERA PARTE,ROTC,14/08/2026,CONFIRMADA,3284124,0,30/04/2014,30/04/2044,5.45,MINISTERIO DE HACIENDA,HACIENDA,64666
USP3579EAY34,BSRD2044,DOMINICAN Rep/7.45 BD 20440430 GO,38000,USD,38,0,0,14/08/2026,01:56:06 PM,PRESTAMO,SEGUNDA PARTE,ROTC,29/04/2044,CONFIRMADA,3284125,0,30/04/2014,30/04/2044,0,MINISTERIO DE HACIENDA,HACIENDA,57407
USP3579EAY34,BSRD2044,DOMINICAN Rep/7.45 BD 20440430 GO,38000,USD,38,6.7162,107.519673,14/08/2026,01:56:06 PM,PRESTAMO,PRIMERA PARTE,ROTC,14/08/2026,CONFIRMADA,3284125,0,30/04/2014,30/04/2044,0,MINISTERIO DE HACIENDA,HACIENDA,62559
DO1002226525,NO180228,BCENTRAL/15 BOEST 20280218 GTIA,10000,DOP,1,9,108.3,14/08/2026,01:56:05 PM,CONTADO,PRIMERA PARTE,ROTC,14/08/2026,CONFIRMADA,3284123,0,18/02/2023,18/02/2028,0,BANCO CENTRAL DE LA REPUBLICA DOMINICANA,BCENTRAL,55741
DO1005206516,MH32028,HACIENDA/10.75 BOEST 20280811 GTIA,9600000,DOP,96,4.49409,108.5088,14/08/2026,01:55:52 PM,PRESTAMO,SEGUNDA PARTE,ROTC,12/03/2027,CONFIRMADA,3283773,0,10/08/2018,11/08/2028,10.75,MINISTERIO DE HACIENDA,HACIENDA,61222
DO1005206516,MH32028,HACIENDA/10.75 BOEST 20280811 GTIA,9600000,DOP,96,8.49658,104.048859,14/08/2026,01:55:52 PM,PRESTAMO,PRIMERA PARTE,ROTC,14/08/2026,CONFIRMADA,3283773,0,10/08/2018,11/08/2028,10.75,MINISTERIO DE HACIENDA,HACIENDA,62132
DO1005206516,MH32028,HACIENDA/10.75 BOEST 20280811 GTIA,300000,DOP,3,9.3464,102.508263,14/08/2026,01:55:09 PM,PRESTAMO,SEGUNDA PARTE,ROTC,20/08/2026,CONFIRMADA,3284122,0,10/08/2018,11/08/2028,8.24,MINISTERIO DE HACIENDA,HACIENDA,60704
DO1005206516,MH32028,HACIENDA/10.75 BOEST 20280811 GTIA,300000,DOP,3,9.3398,102.543987,14/08/2026,01:55:09 PM,PRESTAMO,PRIMERA PARTE,ROTC,14/08/2026,CONFIRMADA,3284122,0,10/08/2018,11/08/2028,8.24,MINISTERIO DE HACIENDA,HACIENDA,60914
DO1005206516,MH32028,HACIENDA/10.75 BOEST 20280811 GTIA,300000,DOP,3,9.3464,102.508263,14/08/2026,01:55:08 PM,ESTRUCTURADA,SEGUNDA PARTE,ROTC,20/08/2026,CONFIRMADA,3284119,0,10/08/2018,11/08/2028,8.24,MINISTERIO DE HACIENDA,HACIENDA,62797
DO1005206516,MH32028,HACIENDA/10.75 BOEST 20280811 GTIA,300000,DOP,3,9.3398,102.543987,14/08/2026,01:55:08 PM,ESTRUCTURADA,PRIMERA PARTE,ROTC,14/08/2026,CONFIRMADA,3284119,0,10/08/2018,11/08/2028,8.24,MINISTERIO DE HACIENDA,HACIENDA,63007
DO1005206516,MH32028,HACIENDA/10.75 BOEST 20280811 GTIA,9600000,DOP,96,4.49409,108.5088,14/08/2026,01:54:24 PM,ESTRUCTURADA,SEGUNDA PARTE,ROTC,12/03/2027,CONFIRMADA,3283772,0,10/08/2018,11/08/2028,10.75,MINISTERIO DE HACIENDA,HACIENDA,63308
DO1005206516,MH32028,HACIENDA/10.75 BOEST 20280811 GTIA,9600000,DOP,96,8.49658,104.048859,14/08/2026,01:54:24 PM,ESTRUCTURADA,PRIMERA PARTE,ROTC,14/08/2026,CONFIRMADA,3283772,0,10/08/2018,11/08/2028,10.75,MINISTERIO DE HACIENDA,HACIENDA,64218
DO1005206516,MH32028,HACIENDA/10.75 BOEST 20280811 GTIA,400000,DOP,4,11.0453,99.506507,14/08/2026,01:53:27 PM,PRESTAMO,SEGUNDA PARTE,ROTC,12/11/2026,CONFIRMADA,3284117,0,10/08/2018,11/08/2028,10.75,MINISTERIO DE HACIENDA,HACIENDA,60683
DO1005206516,MH32028,HACIENDA/10.75 BOEST 20280811 GTIA,400000,DOP,4,10.81603,99.882193,14/08/2026,01:53:27 PM,PRESTAMO,PRIMERA PARTE,ROTC,14/08/2026,CONFIRMADA,3284117,0,10/08/2018,11/08/2028,10.75,MINISTERIO DE HACIENDA,HACIENDA,61229
DO1005206516,MH32028,HACIENDA/10.75 BOEST 20280811 GTIA,400000,DOP,4,11.0453,99.506507,14/08/2026,01:53:02 PM,ESTRUCTURADA,SEGUNDA PARTE,ROTC,12/11/2026,CONFIRMADA,3284116,0,10/08/2018,11/08/2028,10.75,MINISTERIO DE HACIENDA,HACIENDA,62734
DO1005206516,MH32028,HACIENDA/10.75 BOEST 20280811 GTIA,400000,DOP,4,10.81603,99.882193,14/08/2026,01:53:02 PM,ESTRUCTURADA,PRIMERA PARTE,ROTC,14/08/2026,CONFIRMADA,3284116,0,10/08/2018,11/08/2028,10.75,MINISTERIO DE HACIENDA,HACIENDA,63280
USP3579EDB04,BSRD2038, ,1999000,USD,1999,6.523366,96.953161,14/08/2026,01:52:31 PM,ESTRUCTURADA,SEGUNDA PARTE,ROTC,14/09/2026,CONFIRMADA,3283265,0,17/02/2026,17/05/2038,5.1,MINISTERIO DE HACIENDA,HACIENDA,52500
USP3579EDB04,BSRD2038, ,1999000,USD,1999,6.51123647,97.026275,14/08/2026,01:52:31 PM,ESTRUCTURADA,PRIMERA PARTE,ROTC,14/08/2026,CONFIRMADA,3283265,0,17/02/2026,17/05/2038,5.1,MINISTERIO DE HACIENDA,HACIENDA,53242
DO1005206516,MH32028,HACIENDA/10.75 BOEST 20280811 GTIA,3000000,DOP,30,8.55855,103.460903,14/08/2026,01:51:41 PM,PRESTAMO,SEGUNDA PARTE,ROTC,11/11/2026,CONFIRMADA,3283771,0,10/08/2018,11/08/2028,10.75,MINISTERIO DE HACIENDA,HACIENDA,61677
DO1005206516,MH32028,HACIENDA/10.75 BOEST 20280811 GTIA,3000000,DOP,30,8.44242,104.148859,14/08/2026,01:51:41 PM,PRESTAMO,PRIMERA PARTE,ROTC,14/08/2026,CONFIRMADA,3283771,0,10/08/2018,11/08/2028,10.75,MINISTERIO DE HACIENDA,HACIENDA,61817
DO1005206516,MH32028,HACIENDA/10.75 BOEST 20280811 GTIA,3000000,DOP,30,8.55855,103.460903,14/08/2026,01:50:53 PM,ESTRUCTURADA,SEGUNDA PARTE,ROTC,11/11/2026,CONFIRMADA,3283770,0,10/08/2018,11/08/2028,10.75,MINISTERIO DE HACIENDA,HACIENDA,63791
DO1005206516,MH32028,HACIENDA/10.75 BOEST 20280811 GTIA,3000000,DOP,30,8.44242,104.148859,14/08/2026,01:50:53 PM,ESTRUCTURADA,PRIMERA PARTE,ROTC,14/08/2026,CONFIRMADA,3283770,0,10/08/2018,11/08/2028,10.75,MINISTERIO DE HACIENDA,HACIENDA,63931
DO1002223928,NO120227,BCENTRAL/8 BOEST 20270212 GTIA,525600000,DOP,52560,9.500001,99.290624,14/08/2026,01:47:25 PM,CONTADO,PRIMERA PARTE,ROTC,14/08/2026,CONFIRMADA,3284110,0,12/02/2022,12/02/2027,0,BANCO CENTRAL DE LA REPUBLICA DOMINICANA,BCENTRAL,62216
DO1005208215,MHUS2029,HACIENDA/6.95 BOEST 20290626 GTIA,132000,USD,132,2.3173,112.400947,14/08/2026,01:47:23 PM,PRESTAMO,SEGUNDA PARTE,ROTC,15/09/2026,CONFIRMADA,3284112,0,26/06/2020,26/06/2029,1.172098,MINISTERIO DE HACIENDA,HACIENDA,61992
DO1005208215,MHUS2029,HACIENDA/6.95 BOEST 20290626 GTIA,132000,USD,132,2.3789,112.590758,14/08/2026,01:47:23 PM,PRESTAMO,PRIMERA PARTE,ROTC,14/08/2026,CONFIRMADA,3284112,0,26/06/2020,26/06/2029,1.172098,MINISTERIO DE HACIENDA,HACIENDA,62202
DO1005208215,MHUS2029,HACIENDA/6.95 BOEST 20290626 GTIA,132000,USD,132,2.3173,112.400947,14/08/2026,01:47:22 PM,ESTRUCTURADA,SEGUNDA PARTE,ROTC,15/09/2026,CONFIRMADA,3284111,0,26/06/2020,26/06/2029,4.05,MINISTERIO DE HACIENDA,HACIENDA,64085
DO1005208215,MHUS2029,HACIENDA/6.95 BOEST 20290626 GTIA,132000,USD,132,2.3789,112.590758,14/08/2026,01:47:22 PM,ESTRUCTURADA,PRIMERA PARTE,ROTC,14/08/2026,CONFIRMADA,3284111,0,26/06/2020,26/06/2029,4.05,MINISTERIO DE HACIENDA,HACIENDA,64295
USP3579ECG00,BSRD2060,DOMINICAN REP/5.875 BD 20600130 U,20000,USD,20,4.7015,119.5656,14/08/2026,01:41:22 PM,ESTRUCTURADA,SEGUNDA PARTE,ROTC,10/02/2027,CONFIRMADA,3284108,0,30/01/2020,30/01/2060,5.05,MINISTERIO DE HACIENDA,HACIENDA,62888
USP3579ECG00,BSRD2060,DOMINICAN REP/5.875 BD 20600130 U,20000,USD,20,4.8677,116.551628,14/08/2026,01:41:22 PM,ESTRUCTURADA,PRIMERA PARTE,ROTC,14/08/2026,CONFIRMADA,3284108,0,30/01/2020,30/01/2060,5.05,MINISTERIO DE HACIENDA,HACIENDA,63805
USP3579ECG00,BSRD2060,DOMINICAN REP/5.875 BD 20600130 U,20000,USD,20,4.7015,119.5656,14/08/2026,01:41:20 PM,PRESTAMO,SEGUNDA PARTE,ROTC,10/02/2027,CONFIRMADA,3284109,0,30/01/2020,30/01/2060,2.653641,MINISTERIO DE HACIENDA,HACIENDA,60774
USP3579ECG00,BSRD2060,DOMINICAN REP/5.875 BD 20600130 U,20000,USD,20,4.8677,116.551628,14/08/2026,01:41:20 PM,PRESTAMO,PRIMERA PARTE,ROTC,14/08/2026,CONFIRMADA,3284109,0,30/01/2020,30/01/2060,2.653641,MINISTERIO DE HACIENDA,HACIENDA,61691
DO1005206516,MH32028,HACIENDA/10.75 BOEST 20280811 GTIA,700000,DOP,7,7.64295,104.095284,14/08/2026,01:41:11 PM,PRESTAMO,SEGUNDA PARTE,ROTC,12/03/2027,CONFIRMADA,3284083,0,10/08/2018,11/08/2028,10.75,MINISTERIO DE HACIENDA,HACIENDA,61082
DO1005206516,MH32028,HACIENDA/10.75 BOEST 20280811 GTIA,700000,DOP,7,10.74127,100.013037,14/08/2026,01:41:11 PM,PRESTAMO,PRIMERA PARTE,ROTC,14/08/2026,CONFIRMADA,3284083,0,10/08/2018,11/08/2028,10.75,MINISTERIO DE HACIENDA,HACIENDA,61320
DO1005206516,MH32028,HACIENDA/10.75 BOEST 20280811 GTIA,700000,DOP,7,7.64295,104.095284,14/08/2026,01:40:49 PM,ESTRUCTURADA,SEGUNDA PARTE,ROTC,12/03/2027,CONFIRMADA,3284082,0,10/08/2018,11/08/2028,10.75,MINISTERIO DE HACIENDA,HACIENDA,63252
DO1005206516,MH32028,HACIENDA/10.75 BOEST 20280811 GTIA,700000,DOP,7,10.74127,100.013037,14/08/2026,01:40:49 PM,ESTRUCTURADA,PRIMERA PARTE,ROTC,14/08/2026,CONFIRMADA,3284082,0,10/08/2018,11/08/2028,10.75,MINISTERIO DE HACIENDA,HACIENDA,63490
USP3579ECZ80,BSRD2035, ,279000,USD,279,5.8907,99.879609,14/08/2026,01:40:30 PM,PRESTAMO,SEGUNDA PARTE,ROTC,21/08/2026,CONFIRMADA,3283974,0,28/10/2025,28/10/2035,1.753992,MINISTERIO DE HACIENDA,HACIENDA,49140
USP3579ECZ80,BSRD2035, ,279000,USD,279,5.8821,99.93948,14/08/2026,01:40:30 PM,PRESTAMO,PRIMERA PARTE,ROTC,14/08/2026,CONFIRMADA,3283974,0,28/10/2025,28/10/2035,1.753992,MINISTERIO DE HACIENDA,HACIENDA,48804
USP3579ECZ80,BSRD2035, ,279000,USD,279,5.8907,99.879609,14/08/2026,01:40:29 PM,PRESTAMO,SEGUNDA PARTE,ROTC,21/08/2026,CONFIRMADA,3283976,0,28/10/2025,28/10/2035,1.753992,MINISTERIO DE HACIENDA,HACIENDA,49196
USP3579ECZ80,BSRD2035, ,279000,USD,279,5.8821,99.93948,14/08/2026,01:40:29 PM,PRESTAMO,PRIMERA PARTE,ROTC,14/08/2026,CONFIRMADA,3283976,0,28/10/2025,28/10/2035,1.753992,MINISTERIO DE HACIENDA,HACIENDA,48860
USP3579ECZ80,BSRD2035, ,279000,USD,279,5.8907,99.879609,14/08/2026,01:40:27 PM,PRESTAMO,SEGUNDA PARTE,ROTC,21/08/2026,CONFIRMADA,3283978,0,28/10/2025,28/10/2035,1.753992,MINISTERIO DE HACIENDA,HACIENDA,49182
USP3579ECZ80,BSRD2035, ,279000,USD,279,5.8821,99.93948,14/08/2026,01:40:27 PM,PRESTAMO,PRIMERA PARTE,ROTC,14/08/2026,CONFIRMADA,3283978,0,28/10/2025,28/10/2035,1.753992,MINISTERIO DE HACIENDA,HACIENDA,48846
USP3579ECZ80,BSRD2035, ,279000,USD,279,5.8907,99.879609,14/08/2026,01:40:26 PM,PRESTAMO,SEGUNDA PARTE,ROTC,21/08/2026,CONFIRMADA,3283980,0,28/10/2025,28/10/2035,1.753992,MINISTERIO DE HACIENDA,HACIENDA,49175
USP3579ECZ80,BSRD2035, ,279000,USD,279,5.8821,99.93948,14/08/2026,01:40:26 PM,PRESTAMO,PRIMERA PARTE,ROTC,14/08/2026,CONFIRMADA,3283980,0,28/10/2025,28/10/2035,1.753992,MINISTERIO DE HACIENDA,HACIENDA,48839
USP3579ECZ80,BSRD2035, ,279000,USD,279,5.8907,99.879609,14/08/2026,01:40:25 PM,PRESTAMO,SEGUNDA PARTE,ROTC,21/08/2026,CONFIRMADA,3283982,0,28/10/2025,28/10/2035,1.753992,MINISTERIO DE HACIENDA,HACIENDA,49168
USP3579ECZ80,BSRD2035, ,279000,USD,279,5.8821,99.93948,14/08/2026,01:40:25 PM,PRESTAMO,PRIMERA PARTE,ROTC,14/08/2026,CONFIRMADA,3283982,0,28/10/2025,28/10/2035,1.753992,MINISTERIO DE HACIENDA,HACIENDA,48832
USP3579ECZ80,BSRD2035, ,279000,USD,279,5.8907,99.879609,14/08/2026,01:40:23 PM,PRESTAMO,SEGUNDA PARTE,ROTC,21/08/2026,CONFIRMADA,3283984,0,28/10/2025,28/10/2035,1.753992,MINISTERIO DE HACIENDA,HACIENDA,49154
USP3579ECZ80,BSRD2035, ,279000,USD,279,5.8821,99.93948,14/08/2026,01:40:23 PM,PRESTAMO,PRIMERA PARTE,ROTC,14/08/2026,CONFIRMADA,3283984,0,28/10/2025,28/10/2035,1.753992,MINISTERIO DE HACIENDA,HACIENDA,48818
DO1005208025,COV2040,HACIENDA/10.875 BOEST 20400228 GTIA,100000,DOP,1,10.8747,99.97735,14/08/2026,01:40:22 PM,PRESTAMO,SEGUNDA PARTE,ROTC,12/11/2026,CONFIRMADA,3283986,0,28/02/2020,28/02/2040,7.059163,MINISTERIO DE HACIENDA,HACIENDA,60914
DO1005208025,COV2040,HACIENDA/10.875 BOEST 20400228 GTIA,100000,DOP,1,11.6149,95.02432,14/08/2026,01:40:22 PM,PRESTAMO,PRIMERA PARTE,ROTC,14/08/2026,CONFIRMADA,3283986,0,28/02/2020,28/02/2040,7.059163,MINISTERIO DE HACIENDA,HACIENDA,60830
USP3579ECZ80,BSRD2035, ,2000,USD,2,5.7315,100.979,14/08/2026,01:40:21 PM,PRESTAMO,SEGUNDA PARTE,ROTC,14/12/2026,CONFIRMADA,3283988,0,28/10/2025,28/10/2035,3.400685,MINISTERIO DE HACIENDA,HACIENDA,46606
USP3579ECZ80,BSRD2035, ,2000,USD,2,6.1221,98.27,14/08/2026,01:40:21 PM,PRESTAMO,PRIMERA PARTE,ROTC,14/08/2026,CONFIRMADA,3283988,0,28/10/2025,28/10/2035,3.400685,MINISTERIO DE HACIENDA,HACIENDA,45969
USP3579ECZ80,BSRD2035, ,149000,USD,149,5.8836,99.932517,14/08/2026,01:40:19 PM,PRESTAMO,SEGUNDA PARTE,ROTC,16/09/2026,CONFIRMADA,3284103,0,28/10/2025,28/10/2035,2.071852,MINISTERIO DE HACIENDA,HACIENDA,49091
USP3579ECZ80,BSRD2035, ,149000,USD,149,5.8639,100.067483,14/08/2026,01:40:19 PM,PRESTAMO,PRIMERA PARTE,ROTC,14/08/2026,CONFIRMADA,3284103,0,28/10/2025,28/10/2035,2.071852,MINISTERIO DE HACIENDA,HACIENDA,49364
DO1005208025,COV2040,HACIENDA/10.875 BOEST 20400228 GTIA,4800000,DOP,48,7.7847,125.499529,14/08/2026,01:40:18 PM,PRESTAMO,SEGUNDA PARTE,ROTC,16/09/2026,CONFIRMADA,3284105,0,28/02/2020,28/02/2040,4.792195,MINISTERIO DE HACIENDA,HACIENDA,62209
DO1005208025,COV2040,HACIENDA/10.875 BOEST 20400228 GTIA,4800000,DOP,48,8.3767,120.024315,14/08/2026,01:40:18 PM,PRESTAMO,PRIMERA PARTE,ROTC,14/08/2026,CONFIRMADA,3284105,0,28/02/2020,28/02/2040,4.792195,MINISTERIO DE HACIENDA,HACIENDA,62041
DO1005208025,COV2040,HACIENDA/10.875 BOEST 20400228 GTIA,4800000,DOP,48,7.7847,125.499529,14/08/2026,01:40:17 PM,ESTRUCTURADA,SEGUNDA PARTE,ROTC,16/09/2026,CONFIRMADA,3284104,0,28/02/2020,28/02/2040,9.3,MINISTERIO DE HACIENDA,HACIENDA,64302
DO1005208025,COV2040,HACIENDA/10.875 BOEST 20400228 GTIA,4800000,DOP,48,8.3767,120.024315,14/08/2026,01:40:17 PM,ESTRUCTURADA,PRIMERA PARTE,ROTC,14/08/2026,CONFIRMADA,3284104,0,28/02/2020,28/02/2040,9.3,MINISTERIO DE HACIENDA,HACIENDA,64134
USP3579ECZ80,BSRD2035, ,149000,USD,149,5.8836,99.932517,14/08/2026,01:40:16 PM,ESTRUCTURADA,SEGUNDA PARTE,ROTC,16/09/2026,CONFIRMADA,3284102,0,28/10/2025,28/10/2035,4.15,MINISTERIO DE HACIENDA,HACIENDA,51170
USP3579ECZ80,BSRD2035, ,149000,USD,149,5.8639,100.067483,14/08/2026,01:40:16 PM,ESTRUCTURADA,PRIMERA PARTE,ROTC,14/08/2026,CONFIRMADA,3284102,0,28/10/2025,28/10/2035,4.15,MINISTERIO DE HACIENDA,HACIENDA,51443
DO1002223621,NO150127,BCENTRAL/8 BOEST 20270115 GTIA,300000000,DOP,30000,9.3,99.465894,14/08/2026,01:38:58 PM,CONTADO,PRIMERA PARTE,ROTC,14/08/2026,CONFIRMADA,3284101,0,15/01/2022,15/01/2027,0,BANCO CENTRAL DE LA REPUBLICA DOMINICANA,BCENTRAL,60396
DO1005208629,MH12031,HACIENDA/8.5 BOEST 20310611 GTIA,3360600000,DOP,33606,9.6875,95.955916,14/08/2026,01:38:00 PM,CONTADO,PRIMERA PARTE,ROTC,14/08/2026,CONFIRMADA,3284100,0,11/06/2021,11/06/2031,0,MINISTERIO DE HACIENDA,HACIENDA,62083
USP3579ECH82,BSRD2032,"DOMINICAN, REP /4.875 BD 20320923",326000,USD,326,4.68596,100.939861,14/08/2026,01:37:59 PM,PRESTAMO,SEGUNDA PARTE,ROTC,14/12/2026,CONFIRMADA,3284091,0,23/09/2020,23/09/2032,4.875,MINISTERIO DE HACIENDA,HACIENDA,62741
USP3579ECH82,BSRD2032,"DOMINICAN, REP /4.875 BD 20320923",326000,USD,326,5.19389,98.343693,14/08/2026,01:37:59 PM,PRESTAMO,PRIMERA PARTE,ROTC,14/08/2026,CONFIRMADA,3284091,0,23/09/2020,23/09/2032,4.875,MINISTERIO DE HACIENDA,HACIENDA,62538
USP3579ECH82,BSRD2032,"DOMINICAN, REP /4.875 BD 20320923",326000,USD,326,4.68596,100.939861,14/08/2026,01:37:40 PM,ESTRUCTURADA,SEGUNDA PARTE,ROTC,14/12/2026,CONFIRMADA,3284090,0,23/09/2020,23/09/2032,4.875,MINISTERIO DE HACIENDA,HACIENDA,64771
USP3579ECH82,BSRD2032,"DOMINICAN, REP /4.875 BD 20320923",326000,USD,326,5.19389,98.343693,14/08/2026,01:37:40 PM,ESTRUCTURADA,PRIMERA PARTE,ROTC,14/08/2026,CONFIRMADA,3284090,0,23/09/2020,23/09/2032,4.875,MINISTERIO DE HACIENDA,HACIENDA,64568
DO1005212019,MH32034,HACIENDA/13.625 BOEST 20340210 GTIA,438900000,DOP,4389,10.00420203,118.807176,14/08/2026,01:37:22 PM,CONTADO,PRIMERA PARTE,ROTC,14/08/2026,CONFIRMADA,3284107,0,10/02/2023,10/02/2034,0,MINISTERIO DE HACIENDA,HACIENDA,64274
DO1005208629,MH12031,HACIENDA/8.5 BOEST 20310611 GTIA,2203500000,DOP,22035,9.6875,95.955916,14/08/2026,01:36:51 PM,CONTADO,PRIMERA PARTE,ROTC,14/08/2026,CONFIRMADA,3284099,0,11/06/2021,11/06/2031,0,MINISTERIO DE HACIENDA,HACIENDA,62027
DO1005207118,MHUS2026,HACIENDA/6.65 BOEST 20261227 GTIA,65000,USD,65,-1.5012,102.338185,14/08/2026,01:36:48 PM,PRESTAMO,SEGUNDA PARTE,ROTC,14/09/2026,CONFIRMADA,3284095,0,27/12/2019,27/12/2026,1.194508,MINISTERIO DE HACIENDA,HACIENDA,61635
DO1005207118,MHUS2026,HACIENDA/6.65 BOEST 20261227 GTIA,65000,USD,65,-0.2052,102.537862,14/08/2026,01:36:48 PM,PRESTAMO,PRIMERA PARTE,ROTC,14/08/2026,CONFIRMADA,3284095,0,27/12/2019,27/12/2026,1.194508,MINISTERIO DE HACIENDA,HACIENDA,61712
DO1005207118,MHUS2026,HACIENDA/6.65 BOEST 20261227 GTIA,65000,USD,65,-1.5012,102.338185,14/08/2026,01:36:47 PM,PLAZO,PRIMERA PARTE,ROTC,14/09/2026,CONFIRMADA,3284096,0,27/12/2019,27/12/2026,0,MINISTERIO DE HACIENDA,HACIENDA,60088
DO1005207118,MHUS2026,HACIENDA/6.65 BOEST 20261227 GTIA,65000,USD,65,-0.2052,102.537862,14/08/2026,01:36:37 PM,CONTADO,PRIMERA PARTE,ROTC,14/08/2026,CONFIRMADA,3284094,0,27/12/2019,27/12/2026,0,MINISTERIO DE HACIENDA,HACIENDA,61005
USP3579ECZ80,BSRD2035, ,2000,USD,2,5.7315,100.979,14/08/2026,01:35:25 PM,ESTRUCTURADA,SEGUNDA PARTE,ROTC,14/12/2026,CONFIRMADA,3283987,0,28/10/2025,28/10/2035,5.1036,MINISTERIO DE HACIENDA,HACIENDA,48762
USP3579ECZ80,BSRD2035, ,2000,USD,2,6.1221,98.27,14/08/2026,01:35:25 PM,ESTRUCTURADA,PRIMERA PARTE,ROTC,14/08/2026,CONFIRMADA,3283987,0,28/10/2025,28/10/2035,5.1036,MINISTERIO DE HACIENDA,HACIENDA,48125
DO1005208025,COV2040,HACIENDA/10.875 BOEST 20400228 GTIA,100000,DOP,1,10.8747,99.97735,14/08/2026,01:35:24 PM,ESTRUCTURADA,SEGUNDA PARTE,ROTC,12/11/2026,CONFIRMADA,3283985,0,28/02/2020,28/02/2040,8.9669,MINISTERIO DE HACIENDA,HACIENDA,63056
DO1005208025,COV2040,HACIENDA/10.875 BOEST 20400228 GTIA,100000,DOP,1,11.6149,95.02432,14/08/2026,01:35:24 PM,ESTRUCTURADA,PRIMERA PARTE,ROTC,14/08/2026,CONFIRMADA,3283985,0,28/02/2020,28/02/2040,8.9669,MINISTERIO DE HACIENDA,HACIENDA,62972
USP3579ECZ80,BSRD2035, ,279000,USD,279,5.8907,99.879609,14/08/2026,01:35:22 PM,ESTRUCTURADA,SEGUNDA PARTE,ROTC,21/08/2026,CONFIRMADA,3283983,0,28/10/2025,28/10/2035,2.75,MINISTERIO DE HACIENDA,HACIENDA,51275
USP3579ECZ80,BSRD2035, ,279000,USD,279,5.8821,99.93948,14/08/2026,01:35:22 PM,ESTRUCTURADA,PRIMERA PARTE,ROTC,14/08/2026,CONFIRMADA,3283983,0,28/10/2025,28/10/2035,2.75,MINISTERIO DE HACIENDA,HACIENDA,50939
USP3579ECZ80,BSRD2035, ,279000,USD,279,5.8907,99.879609,14/08/2026,01:35:21 PM,ESTRUCTURADA,SEGUNDA PARTE,ROTC,21/08/2026,CONFIRMADA,3283981,0,28/10/2025,28/10/2035,2.75,MINISTERIO DE HACIENDA,HACIENDA,51268
USP3579ECZ80,BSRD2035, ,279000,USD,279,5.8821,99.93948,14/08/2026,01:35:21 PM,ESTRUCTURADA,PRIMERA PARTE,ROTC,14/08/2026,CONFIRMADA,3283981,0,28/10/2025,28/10/2035,2.75,MINISTERIO DE HACIENDA,HACIENDA,50932
USP3579ECZ80,BSRD2035, ,279000,USD,279,5.8907,99.879609,14/08/2026,01:35:20 PM,ESTRUCTURADA,SEGUNDA PARTE,ROTC,21/08/2026,CONFIRMADA,3283979,0,28/10/2025,28/10/2035,2.75,MINISTERIO DE HACIENDA,HACIENDA,51261
USP3579ECZ80,BSRD2035, ,279000,USD,279,5.8821,99.93948,14/08/2026,01:35:20 PM,ESTRUCTURADA,PRIMERA PARTE,ROTC,14/08/2026,CONFIRMADA,3283979,0,28/10/2025,28/10/2035,2.75,MINISTERIO DE HACIENDA,HACIENDA,50925
USP3579ECZ80,BSRD2035, ,279000,USD,279,5.8907,99.879609,14/08/2026,01:35:19 PM,ESTRUCTURADA,SEGUNDA PARTE,ROTC,21/08/2026,CONFIRMADA,3283977,0,28/10/2025,28/10/2035,2.75,MINISTERIO DE HACIENDA,HACIENDA,51317
USP3579ECZ80,BSRD2035, ,279000,USD,279,5.8821,99.93948,14/08/2026,01:35:19 PM,ESTRUCTURADA,PRIMERA PARTE,ROTC,14/08/2026,CONFIRMADA,3283977,0,28/10/2025,28/10/2035,2.75,MINISTERIO DE HACIENDA,HACIENDA,50981
USP3579ECZ80,BSRD2035, ,279000,USD,279,5.8907,99.879609,14/08/2026,01:35:17 PM,ESTRUCTURADA,SEGUNDA PARTE,ROTC,21/08/2026,CONFIRMADA,3283975,0,28/10/2025,28/10/2035,2.75,MINISTERIO DE HACIENDA,HACIENDA,51303
USP3579ECZ80,BSRD2035, ,279000,USD,279,5.8821,99.93948,14/08/2026,01:35:17 PM,ESTRUCTURADA,PRIMERA PARTE,ROTC,14/08/2026,CONFIRMADA,3283975,0,28/10/2025,28/10/2035,2.75,MINISTERIO DE HACIENDA,HACIENDA,50967
USP3579ECZ80,BSRD2035, ,279000,USD,279,5.8907,99.879609,14/08/2026,01:35:16 PM,ESTRUCTURADA,SEGUNDA PARTE,ROTC,21/08/2026,CONFIRMADA,3283973,0,28/10/2025,28/10/2035,2.75,MINISTERIO DE HACIENDA,HACIENDA,51296
USP3579ECZ80,BSRD2035, ,279000,USD,279,5.8821,99.93948,14/08/2026,01:35:16 PM,ESTRUCTURADA,PRIMERA PARTE,ROTC,14/08/2026,CONFIRMADA,3283973,0,28/10/2025,28/10/2035,2.75,MINISTERIO DE HACIENDA,HACIENDA,50960
DO2006901311,BC1ITA01,EGEITABO/5.65 BO 20311208,10068,USD,10068,4.6780148,104.538865,14/08/2026,01:34:19 PM,PRESTAMO,SEGUNDA PARTE,ROTC,21/08/2026,CONFIRMADA,3284106,0,08/12/2021,08/12/2031,2.35,"EMPRESA GENERADORA DE ELECTRICIDAD ITABO, S.A.",EGEITABO,59633
DO2006901311,BC1ITA01,EGEITABO/5.65 BO 20311208,10068,USD,10068,4.66845728,104.598951,14/08/2026,01:34:19 PM,PRESTAMO,PRIMERA PARTE,ROTC,14/08/2026,CONFIRMADA,3284106,0,08/12/2021,08/12/2031,2.35,"EMPRESA GENERADORA DE ELECTRICIDAD ITABO, S.A.",EGEITABO,60144
DO2006901311,BC1ITA01,EGEITABO/5.65 BO 20311208,10068,USD,10068,4.6780148,104.538865,14/08/2026,01:34:18 PM,ESTRUCTURADA,SEGUNDA PARTE,ROTC,21/08/2026,CONFIRMADA,3284098,0,08/12/2021,08/12/2031,2.35,"EMPRESA GENERADORA DE ELECTRICIDAD ITABO, S.A.",EGEITABO,61726
DO2006901311,BC1ITA01,EGEITABO/5.65 BO 20311208,10068,USD,10068,4.66845728,104.598951,14/08/2026,01:34:18 PM,ESTRUCTURADA,PRIMERA PARTE,ROTC,14/08/2026,CONFIRMADA,3284098,0,08/12/2021,08/12/2031,2.35,"EMPRESA GENERADORA DE ELECTRICIDAD ITABO, S.A.",EGEITABO,62237
USP3579ECE51,BSRD2049,"DOMINICAN, REP /6.4 BD 20490605",26000,USD,26,4.999,118.837769,14/08/2026,01:32:01 PM,ESTRUCTURADA,SEGUNDA PARTE,ROTC,28/10/2026,CONFIRMADA,3283946,0,05/06/2019,05/06/2049,4.95,MINISTERIO DE HACIENDA,HACIENDA,62664
USP3579ECE51,BSRD2049,"DOMINICAN, REP /6.4 BD 20490605",26000,USD,26,4.9999,118.914368,14/08/2026,01:32:01 PM,ESTRUCTURADA,PRIMERA PARTE,ROTC,14/08/2026,CONFIRMADA,3283946,0,05/06/2019,05/06/2049,4.95,MINISTERIO DE HACIENDA,HACIENDA,63077
USP3579ECE51,BSRD2049,"DOMINICAN, REP /6.4 BD 20490605",26000,USD,26,4.999,118.837769,14/08/2026,01:31:59 PM,PRESTAMO,SEGUNDA PARTE,ROTC,28/10/2026,CONFIRMADA,3283947,0,05/06/2019,05/06/2049,2.031333,MINISTERIO DE HACIENDA,HACIENDA,60648
USP3579ECE51,BSRD2049,"DOMINICAN, REP /6.4 BD 20490605",26000,USD,26,4.9999,118.914368,14/08/2026,01:31:59 PM,PRESTAMO,PRIMERA PARTE,ROTC,14/08/2026,CONFIRMADA,3283947,0,05/06/2019,05/06/2049,2.031333,MINISTERIO DE HACIENDA,HACIENDA,61061
USP3579EBV85,BSDR2027,DOMINICAN Rep/5.95 BD 20270125 Se,10000,USD,10,5.699999,100.102396,14/08/2026,01:30:53 PM,CONTADO,PRIMERA PARTE,ROTC,17/08/2026,CONFIRMADA,3284097,0,25/01/2017,25/01/2027,0,MINISTERIO DE HACIENDA,HACIENDA,62804
DO1002223324,NO271126,BCENTRAL/6.5 BOEST 20261127 GTIA,1580000,DOP,158,3.1337,100.403004,14/08/2026,01:30:40 PM,PRESTAMO,SEGUNDA PARTE,ROTC,13/10/2026,CONFIRMADA,3283778,0,27/11/2021,27/11/2026,2.907184,BANCO CENTRAL DE LA REPUBLICA DOMINICANA,BCENTRAL,61467
DO1002223324,NO271126,BCENTRAL/6.5 BOEST 20261127 GTIA,1580000,DOP,158,6.9268,99.867891,14/08/2026,01:30:40 PM,PRESTAMO,PRIMERA PARTE,ROTC,14/08/2026,CONFIRMADA,3283778,0,27/11/2021,27/11/2026,2.907184,BANCO CENTRAL DE LA REPUBLICA DOMINICANA,BCENTRAL,61663
DO1002223324,NO271126,BCENTRAL/6.5 BOEST 20261127 GTIA,1580000,DOP,158,3.1337,100.403004,14/08/2026,01:30:39 PM,PLAZO,PRIMERA PARTE,ROTC,13/10/2026,CONFIRMADA,3283779,0,27/11/2021,27/11/2026,0,BANCO CENTRAL DE LA REPUBLICA DOMINICANA,BCENTRAL,59983
DO1002261928,LE090427,BCENTRAL/ LT 20270409 GTIA,740000,DOP,74,5.7296,99.085341,14/08/2026,01:30:38 PM,PRESTAMO,SEGUNDA PARTE,ROTC,10/02/2027,CONFIRMADA,3283781,0,09/04/2026,09/04/2027,4.534606,BANCO CENTRAL DE LA REPUBLICA DOMINICANA,BCENTRAL,58156
DO1002261928,LE090427,BCENTRAL/ LT 20270409 GTIA,740000,DOP,74,8.6475,94.592211,14/08/2026,01:30:38 PM,PRESTAMO,PRIMERA PARTE,ROTC,14/08/2026,CONFIRMADA,3283781,0,09/04/2026,09/04/2027,4.534606,BANCO CENTRAL DE LA REPUBLICA DOMINICANA,BCENTRAL,58247
DO1002261928,LE090427,BCENTRAL/ LT 20270409 GTIA,740000,DOP,74,5.7296,99.085341,14/08/2026,01:30:37 PM,PLAZO,PRIMERA PARTE,ROTC,10/02/2027,CONFIRMADA,3283782,0,09/04/2026,09/04/2027,0,BANCO CENTRAL DE LA REPUBLICA DOMINICANA,BCENTRAL,56609
DO1002261928,LE090427,BCENTRAL/ LT 20270409 GTIA,1170000,DOP,117,8.1222,96.768774,14/08/2026,01:30:36 PM,PRESTAMO,SEGUNDA PARTE,ROTC,12/11/2026,CONFIRMADA,3283784,0,09/04/2026,09/04/2027,2.296043,BANCO CENTRAL DE LA REPUBLICA DOMINICANA,BCENTRAL,58800
DO1002261928,LE090427,BCENTRAL/ LT 20270409 GTIA,1170000,DOP,117,8.7241,94.546921,14/08/2026,01:30:36 PM,PRESTAMO,PRIMERA PARTE,ROTC,14/08/2026,CONFIRMADA,3283784,0,09/04/2026,09/04/2027,2.296043,BANCO CENTRAL DE LA REPUBLICA DOMINICANA,BCENTRAL,58870
DO1002261928,LE090427,BCENTRAL/ LT 20270409 GTIA,1170000,DOP,117,8.1222,96.768774,14/08/2026,01:30:35 PM,PLAZO,PRIMERA PARTE,ROTC,12/11/2026,CONFIRMADA,3283785,0,09/04/2026,09/04/2027,0,BANCO CENTRAL DE LA REPUBLICA DOMINICANA,BCENTRAL,57253
DO1002261928,LE090427,BCENTRAL/ LT 20270409 GTIA,2160000,DOP,216,8.7122,96.542156,14/08/2026,01:30:34 PM,PRESTAMO,SEGUNDA PARTE,ROTC,12/11/2026,CONFIRMADA,3283787,0,09/04/2026,09/04/2027,2.3795,BANCO CENTRAL DE LA REPUBLICA DOMINICANA,BCENTRAL,58709
DO1002261928,LE090427,BCENTRAL/ LT 20270409 GTIA,2160000,DOP,216,9.2367,94.244936,14/08/2026,01:30:34 PM,PRESTAMO,PRIMERA PARTE,ROTC,14/08/2026,CONFIRMADA,3283787,0,09/04/2026,09/04/2027,2.3795,BANCO CENTRAL DE LA REPUBLICA DOMINICANA,BCENTRAL,58898
DO1002261928,LE090427,BCENTRAL/ LT 20270409 GTIA,2160000,DOP,216,8.7122,96.542156,14/08/2026,01:30:33 PM,PLAZO,PRIMERA PARTE,ROTC,12/11/2026,CONFIRMADA,3283788,0,09/04/2026,09/04/2027,0,BANCO CENTRAL DE LA REPUBLICA DOMINICANA,BCENTRAL,57162
DO1005207118,MHUS2026,HACIENDA/6.65 BOEST 20261227 GTIA,54000,USD,54,0,101.379278,14/08/2026,01:30:31 PM,PRESTAMO,SEGUNDA PARTE,ROTC,16/09/2026,CONFIRMADA,3283790,0,27/12/2019,27/12/2026,1.243894,MINISTERIO DE HACIENDA,HACIENDA,59528
DO1005207118,MHUS2026,HACIENDA/6.65 BOEST 20261227 GTIA,54000,USD,54,2.2467,101.57563,14/08/2026,01:30:31 PM,PRESTAMO,PRIMERA PARTE,ROTC,17/08/2026,CONFIRMADA,3283790,0,27/12/2019,27/12/2026,1.243894,MINISTERIO DE HACIENDA,HACIENDA,60998
DO1005207118,MHUS2026,HACIENDA/6.65 BOEST 20261227 GTIA,54000,USD,54,0,101.379278,14/08/2026,01:30:30 PM,PLAZO,PRIMERA PARTE,ROTC,16/09/2026,CONFIRMADA,3283791,0,27/12/2019,27/12/2026,0,MINISTERIO DE HACIENDA,HACIENDA,57981
USP3579ECE51,BSRD2049,"DOMINICAN, REP /6.4 BD 20490605",1000000,USD,1000,4.999,118.837767,14/08/2026,01:30:30 PM,PRESTAMO,SEGUNDA PARTE,ROTC,28/10/2026,CONFIRMADA,3283949,0,05/06/2019,05/06/2049,2.031324,MINISTERIO DE HACIENDA,HACIENDA,61796
USP3579ECE51,BSRD2049,"DOMINICAN, REP /6.4 BD 20490605",1000000,USD,1000,4.9999,118.914368,14/08/2026,01:30:30 PM,PRESTAMO,PRIMERA PARTE,ROTC,14/08/2026,CONFIRMADA,3283949,0,05/06/2019,05/06/2049,2.031324,MINISTERIO DE HACIENDA,HACIENDA,62223
DO1002261928,LE090427,BCENTRAL/ LT 20270409 GTIA,320000,DOP,32,0,95.167697,14/08/2026,01:30:29 PM,PRESTAMO,SEGUNDA PARTE,ROTC,16/10/2026,CONFIRMADA,3283793,0,09/04/2026,09/04/2027,1.502095,BANCO CENTRAL DE LA REPUBLICA DOMINICANA,BCENTRAL,56308
DO1002261928,LE090427,BCENTRAL/ LT 20270409 GTIA,320000,DOP,32,10.2334,93.738187,14/08/2026,01:30:29 PM,PRESTAMO,PRIMERA PARTE,ROTC,17/08/2026,CONFIRMADA,3283793,0,09/04/2026,09/04/2027,1.502095,BANCO CENTRAL DE LA REPUBLICA DOMINICANA,BCENTRAL,58492
USP3579ECE51,BSRD2049,"DOMINICAN, REP /6.4 BD 20490605",1000000,USD,1000,4.999,118.837767,14/08/2026,01:30:29 PM,ESTRUCTURADA,SEGUNDA PARTE,ROTC,28/10/2026,CONFIRMADA,3283948,0,05/06/2019,05/06/2049,4.95,MINISTERIO DE HACIENDA,HACIENDA,63952
USP3579ECE51,BSRD2049,"DOMINICAN, REP /6.4 BD 20490605",1000000,USD,1000,4.9999,118.914368,14/08/2026,01:30:29 PM,ESTRUCTURADA,PRIMERA PARTE,ROTC,14/08/2026,CONFIRMADA,3283948,0,05/06/2019,05/06/2049,4.95,MINISTERIO DE HACIENDA,HACIENDA,64379
DO1002261928,LE090427,BCENTRAL/ LT 20270409 GTIA,320000,DOP,32,0,95.167697,14/08/2026,01:30:28 PM,PLAZO,PRIMERA PARTE,ROTC,16/10/2026,CONFIRMADA,3283794,0,09/04/2026,09/04/2027,0,BANCO CENTRAL DE LA REPUBLICA DOMINICANA,BCENTRAL,54761
DO1002261928,LE090427,BCENTRAL/ LT 20270409 GTIA,1060000,DOP,106,0,95.766234,14/08/2026,01:30:27 PM,PRESTAMO,SEGUNDA PARTE,ROTC,16/10/2026,CONFIRMADA,3283796,0,09/04/2026,09/04/2027,1.502093,BANCO CENTRAL DE LA REPUBLICA DOMINICANA,BCENTRAL,56938
DO1002261928,LE090427,BCENTRAL/ LT 20270409 GTIA,1060000,DOP,106,9.212,94.327736,14/08/2026,01:30:27 PM,PRESTAMO,PRIMERA PARTE,ROTC,17/08/2026,CONFIRMADA,3283796,0,09/04/2026,09/04/2027,1.502093,BANCO CENTRAL DE LA REPUBLICA DOMINICANA,BCENTRAL,58478
DO1002261928,LE090427,BCENTRAL/ LT 20270409 GTIA,1060000,DOP,106,0,95.766234,14/08/2026,01:30:26 PM,PLAZO,PRIMERA PARTE,ROTC,16/10/2026,CONFIRMADA,3283797,0,09/04/2026,09/04/2027,0,BANCO CENTRAL DE LA REPUBLICA DOMINICANA,BCENTRAL,55391
DO1002261928,LE090427,BCENTRAL/ LT 20270409 GTIA,1060000,DOP,106,0,95.766234,14/08/2026,01:30:25 PM,PRESTAMO,SEGUNDA PARTE,ROTC,16/10/2026,CONFIRMADA,3283799,0,09/04/2026,09/04/2027,1.502093,BANCO CENTRAL DE LA REPUBLICA DOMINICANA,BCENTRAL,56924
DO1002261928,LE090427,BCENTRAL/ LT 20270409 GTIA,1060000,DOP,106,9.212,94.327736,14/08/2026,01:30:25 PM,PRESTAMO,PRIMERA PARTE,ROTC,17/08/2026,CONFIRMADA,3283799,0,09/04/2026,09/04/2027,1.502093,BANCO CENTRAL DE LA REPUBLICA DOMINICANA,BCENTRAL,58464
DO1002261928,LE090427,BCENTRAL/ LT 20270409 GTIA,1060000,DOP,106,0,95.766234,14/08/2026,01:30:24 PM,PLAZO,PRIMERA PARTE,ROTC,16/10/2026,CONFIRMADA,3283800,0,09/04/2026,09/04/2027,0,BANCO CENTRAL DE LA REPUBLICA DOMINICANA,BCENTRAL,55377
DO1002261928,LE090427,BCENTRAL/ LT 20270409 GTIA,3180000,DOP,318,0,97.317234,14/08/2026,01:30:22 PM,PRESTAMO,SEGUNDA PARTE,ROTC,15/12/2026,CONFIRMADA,3283802,0,09/04/2026,09/04/2027,3.069467,BANCO CENTRAL DE LA REPUBLICA DOMINICANA,BCENTRAL,56938
DO1002261928,LE090427,BCENTRAL/ LT 20270409 GTIA,3180000,DOP,318,9.2079,94.330114,14/08/2026,01:30:22 PM,PRESTAMO,PRIMERA PARTE,ROTC,17/08/2026,CONFIRMADA,3283802,0,09/04/2026,09/04/2027,3.069467,BANCO CENTRAL DE LA REPUBLICA DOMINICANA,BCENTRAL,58828
DO1002261928,LE090427,BCENTRAL/ LT 20270409 GTIA,3180000,DOP,318,0,97.317234,14/08/2026,01:30:21 PM,PLAZO,PRIMERA PARTE,ROTC,15/12/2026,CONFIRMADA,3283803,0,09/04/2026,09/04/2027,0,BANCO CENTRAL DE LA REPUBLICA DOMINICANA,BCENTRAL,55391
DO1002261928,LE090427,BCENTRAL/ LT 20270409 GTIA,1270000,DOP,127,0,97.470489,14/08/2026,01:30:20 PM,PRESTAMO,SEGUNDA PARTE,ROTC,15/12/2026,CONFIRMADA,3283805,0,09/04/2026,09/04/2027,3.069467,BANCO CENTRAL DE LA REPUBLICA DOMINICANA,BCENTRAL,56980
DO1002261928,LE090427,BCENTRAL/ LT 20270409 GTIA,1270000,DOP,127,8.9525,94.478665,14/08/2026,01:30:20 PM,PRESTAMO,PRIMERA PARTE,ROTC,17/08/2026,CONFIRMADA,3283805,0,09/04/2026,09/04/2027,3.069467,BANCO CENTRAL DE LA REPUBLICA DOMINICANA,BCENTRAL,58968
DO1002261928,LE090427,BCENTRAL/ LT 20270409 GTIA,1270000,DOP,127,0,97.470489,14/08/2026,01:30:18 PM,PLAZO,PRIMERA PARTE,ROTC,15/12/2026,CONFIRMADA,3283807,0,09/04/2026,09/04/2027,0,BANCO CENTRAL DE LA REPUBLICA DOMINICANA,BCENTRAL,55489
DO1005207118,MHUS2026,HACIENDA/6.65 BOEST 20261227 GTIA,10000,USD,10,13.5662,98.6777,14/08/2026,01:30:17 PM,PRESTAMO,SEGUNDA PARTE,ROTC,16/10/2026,CONFIRMADA,3283810,0,27/12/2019,27/12/2026,1.617875,MINISTERIO DE HACIENDA,HACIENDA,60585
DO1005207118,MHUS2026,HACIENDA/6.65 BOEST 20261227 GTIA,10000,USD,10,9.3038,99.0708,14/08/2026,01:30:17 PM,PRESTAMO,PRIMERA PARTE,ROTC,17/08/2026,CONFIRMADA,3283810,0,27/12/2019,27/12/2026,1.617875,MINISTERIO DE HACIENDA,HACIENDA,60291
DO1005207118,MHUS2026,HACIENDA/6.65 BOEST 20261227 GTIA,10000,USD,10,13.5662,98.6777,14/08/2026,01:30:16 PM,PLAZO,PRIMERA PARTE,ROTC,16/10/2026,CONFIRMADA,3283811,0,27/12/2019,27/12/2026,0,MINISTERIO DE HACIENDA,HACIENDA,59038
USP3579ECG00,BSRD2060,DOMINICAN REP/5.875 BD 20600130 U,1151000,USD,1151,6.8979,86.7,14/08/2026,01:30:15 PM,CONTADO,PRIMERA PARTE,ROTC,14/08/2026,CONFIRMADA,3283564,0,30/01/2020,30/01/2060,0,MINISTERIO DE HACIENDA,HACIENDA,60375
DO1002261928,LE090427,BCENTRAL/ LT 20270409 GTIA,820000,DOP,82,9.4191,95.693557,14/08/2026,01:30:14 PM,PRESTAMO,SEGUNDA PARTE,ROTC,19/10/2026,CONFIRMADA,3283813,0,09/04/2026,09/04/2027,1.551386,BANCO CENTRAL DE LA REPUBLICA DOMINICANA,BCENTRAL,58184
DO1002261928,LE090427,BCENTRAL/ LT 20270409 GTIA,820000,DOP,82,9.4569,94.20898,14/08/2026,01:30:14 PM,PRESTAMO,PRIMERA PARTE,ROTC,18/08/2026,CONFIRMADA,3283813,0,09/04/2026,09/04/2027,1.551386,BANCO CENTRAL DE LA REPUBLICA DOMINICANA,BCENTRAL,57953
DO1002261928,LE090427,BCENTRAL/ LT 20270409 GTIA,820000,DOP,82,9.4191,95.693557,14/08/2026,01:30:13 PM,PLAZO,PRIMERA PARTE,ROTC,19/10/2026,CONFIRMADA,3283814,0,09/04/2026,09/04/2027,0,BANCO CENTRAL DE LA REPUBLICA DOMINICANA,BCENTRAL,56637
DO1005207118,MHUS2026,HACIENDA/6.65 BOEST 20261227 GTIA,11000,USD,11,-14.063,106.144273,14/08/2026,01:30:12 PM,PRESTAMO,SEGUNDA PARTE,ROTC,16/09/2026,CONFIRMADA,3283818,0,27/12/2019,27/12/2026,1.203899,MINISTERIO DE HACIENDA,HACIENDA,61432
DO1005207118,MHUS2026,HACIENDA/6.65 BOEST 20261227 GTIA,11000,USD,11,-10.06,106.324364,14/08/2026,01:30:12 PM,PRESTAMO,PRIMERA PARTE,ROTC,17/08/2026,CONFIRMADA,3283818,0,27/12/2019,27/12/2026,1.203899,MINISTERIO DE HACIENDA,HACIENDA,61117
DO1005207118,MHUS2026,HACIENDA/6.65 BOEST 20261227 GTIA,11000,USD,11,-14.063,106.144273,14/08/2026,01:30:10 PM,PLAZO,PRIMERA PARTE,ROTC,16/09/2026,CONFIRMADA,3283819,0,27/12/2019,27/12/2026,0,MINISTERIO DE HACIENDA,HACIENDA,59878
DO1002261928,LE090427,BCENTRAL/ LT 20270409 GTIA,950000,DOP,95,9.7878,96.993703,14/08/2026,01:30:09 PM,PRESTAMO,SEGUNDA PARTE,ROTC,16/12/2026,CONFIRMADA,3283821,0,09/04/2026,09/04/2027,3.069467,BANCO CENTRAL DE LA REPUBLICA DOMINICANA,BCENTRAL,58345
DO1002261928,LE090427,BCENTRAL/ LT 20270409 GTIA,950000,DOP,95,9.7912,94.016514,14/08/2026,01:30:09 PM,PRESTAMO,PRIMERA PARTE,ROTC,18/08/2026,CONFIRMADA,3283821,0,09/04/2026,09/04/2027,3.069467,BANCO CENTRAL DE LA REPUBLICA DOMINICANA,BCENTRAL,58268
DO1002261928,LE090427,BCENTRAL/ LT 20270409 GTIA,950000,DOP,95,9.7878,96.993703,14/08/2026,01:30:08 PM,PLAZO,PRIMERA PARTE,ROTC,16/12/2026,CONFIRMADA,3283822,0,09/04/2026,09/04/2027,0,BANCO CENTRAL DE LA REPUBLICA DOMINICANA,BCENTRAL,56798
DO1002261928,LE090427,BCENTRAL/ LT 20270409 GTIA,30000,DOP,3,78.2157,88.808833,14/08/2026,01:30:07 PM,PRESTAMO,SEGUNDA PARTE,ROTC,10/02/2027,CONFIRMADA,3283824,0,09/04/2026,09/04/2027,4.625666,BANCO CENTRAL DE LA REPUBLICA DOMINICANA,BCENTRAL,57736
DO1002261928,LE090427,BCENTRAL/ LT 20270409 GTIA,30000,DOP,3,27.3216,84.700833,14/08/2026,01:30:07 PM,PRESTAMO,PRIMERA PARTE,ROTC,14/08/2026,CONFIRMADA,3283824,0,09/04/2026,09/04/2027,4.625666,BANCO CENTRAL DE LA REPUBLICA DOMINICANA,BCENTRAL,57708
DO1002261928,LE090427,BCENTRAL/ LT 20270409 GTIA,30000,DOP,3,78.2157,88.808833,14/08/2026,01:30:05 PM,PLAZO,PRIMERA PARTE,ROTC,10/02/2027,CONFIRMADA,3283827,0,09/04/2026,09/04/2027,0,BANCO CENTRAL DE LA REPUBLICA DOMINICANA,BCENTRAL,56182
USP3579ECG00,BSRD2060,DOMINICAN REP/5.875 BD 20600130 U,4027000,USD,4027,6.8979,86.7,14/08/2026,01:30:04 PM,CONTADO,PRIMERA PARTE,ROTC,14/08/2026,CONFIRMADA,3283565,0,30/01/2020,30/01/2060,0,MINISTERIO DE HACIENDA,HACIENDA,60431
DO1005207118,MHUS2026,HACIENDA/6.65 BOEST 20261227 GTIA,27000,USD,27,-59.093,102.839926,14/08/2026,01:30:04 PM,PRESTAMO,SEGUNDA PARTE,ROTC,14/12/2026,CONFIRMADA,3283829,0,27/12/2019,27/12/2026,2.261788,MINISTERIO DE HACIENDA,HACIENDA,61649
DO1005207118,MHUS2026,HACIENDA/6.65 BOEST 20261227 GTIA,27000,USD,27,-2.8029,103.541111,14/08/2026,01:30:04 PM,PRESTAMO,PRIMERA PARTE,ROTC,14/08/2026,CONFIRMADA,3283829,0,27/12/2019,27/12/2026,2.261788,MINISTERIO DE HACIENDA,HACIENDA,61551
DO1005207118,MHUS2026,HACIENDA/6.65 BOEST 20261227 GTIA,27000,USD,27,-59.093,102.839926,14/08/2026,01:30:03 PM,PLAZO,PRIMERA PARTE,ROTC,14/12/2026,CONFIRMADA,3283830,0,27/12/2019,27/12/2026,0,MINISTERIO DE HACIENDA,HACIENDA,60102
USP3579EBY25,BSRD2048,DOMINICAN REP/6.5 CHURCH BD UNSEC,15000,USD,15,6.5828,99.063867,14/08/2026,01:30:02 PM,PRESTAMO,SEGUNDA PARTE,ROTC,12/02/2027,CONFIRMADA,3283833,0,08/02/2018,15/02/2048,2.24761,MINISTERIO DE HACIENDA,HACIENDA,63217
USP3579EBY25,BSRD2048,DOMINICAN REP/6.5 CHURCH BD UNSEC,15000,USD,15,6.5033,99.961333,14/08/2026,01:30:02 PM,PRESTAMO,PRIMERA PARTE,ROTC,17/08/2026,CONFIRMADA,3283833,0,08/02/2018,15/02/2048,2.24761,MINISTERIO DE HACIENDA,HACIENDA,63231
USP3579EBY25,BSRD2048,DOMINICAN REP/6.5 CHURCH BD UNSEC,15000,USD,15,6.5828,99.063867,14/08/2026,01:30:00 PM,PLAZO,PRIMERA PARTE,ROTC,12/02/2027,CONFIRMADA,3283835,0,08/02/2018,15/02/2048,0,MINISTERIO DE HACIENDA,HACIENDA,61663
DO1005208322,MHUS2040,HACIENDA/6.75 BOEST 20400724 GTIA,279000,USD,279,4.6457,121.381875,14/08/2026,01:29:59 PM,PRESTAMO,SEGUNDA PARTE,ROTC,25/08/2026,CONFIRMADA,3283837,0,24/07/2020,24/07/2040,0.391428,MINISTERIO DE HACIENDA,HACIENDA,62223
DO1005208322,MHUS2040,HACIENDA/6.75 BOEST 20400724 GTIA,279000,USD,279,4.6398,121.485728,14/08/2026,01:29:59 PM,PRESTAMO,PRIMERA PARTE,ROTC,14/08/2026,CONFIRMADA,3283837,0,24/07/2020,24/07/2040,0.391428,MINISTERIO DE HACIENDA,HACIENDA,62314
DO1005208322,MHUS2040,HACIENDA/6.75 BOEST 20400724 GTIA,279000,USD,279,4.6457,121.381875,14/08/2026,01:29:58 PM,PLAZO,PRIMERA PARTE,ROTC,25/08/2026,CONFIRMADA,3283838,0,24/07/2020,24/07/2040,0,MINISTERIO DE HACIENDA,HACIENDA,60676
DO1002261928,LE090427,BCENTRAL/ LT 20270409 GTIA,160000,DOP,16,1.5178,99.513325,14/08/2026,01:29:57 PM,PRESTAMO,SEGUNDA PARTE,ROTC,14/12/2026,CONFIRMADA,3283840,0,09/04/2026,09/04/2027,3.11903,BANCO CENTRAL DE LA REPUBLICA DOMINICANA,BCENTRAL,58128
DO1002261928,LE090427,BCENTRAL/ LT 20270409 GTIA,160000,DOP,16,5.6333,96.409475,14/08/2026,01:29:57 PM,PRESTAMO,PRIMERA PARTE,ROTC,14/08/2026,CONFIRMADA,3283840,0,09/04/2026,09/04/2027,3.11903,BANCO CENTRAL DE LA REPUBLICA DOMINICANA,BCENTRAL,58261
DO1002261928,LE090427,BCENTRAL/ LT 20270409 GTIA,160000,DOP,16,1.5178,99.513325,14/08/2026,01:29:56 PM,PLAZO,PRIMERA PARTE,ROTC,14/12/2026,CONFIRMADA,3283841,0,09/04/2026,09/04/2027,0,BANCO CENTRAL DE LA REPUBLICA DOMINICANA,BCENTRAL,56581
DO1002261928,LE090427,BCENTRAL/ LT 20270409 GTIA,1040000,DOP,104,9.9461,95.312698,14/08/2026,01:29:55 PM,PRESTAMO,SEGUNDA PARTE,ROTC,13/10/2026,CONFIRMADA,3283845,0,09/04/2026,09/04/2027,1.502093,BANCO CENTRAL DE LA REPUBLICA DOMINICANA,BCENTRAL,58828
DO1002261928,LE090427,BCENTRAL/ LT 20270409 GTIA,1040000,DOP,104,9.8589,93.881012,14/08/2026,01:29:55 PM,PRESTAMO,PRIMERA PARTE,ROTC,14/08/2026,CONFIRMADA,3283845,0,09/04/2026,09/04/2027,1.502093,BANCO CENTRAL DE LA REPUBLICA DOMINICANA,BCENTRAL,58940
DO1002261928,LE090427,BCENTRAL/ LT 20270409 GTIA,1040000,DOP,104,9.9461,95.312698,14/08/2026,01:29:54 PM,PLAZO,PRIMERA PARTE,ROTC,13/10/2026,CONFIRMADA,3283846,0,09/04/2026,09/04/2027,0,BANCO CENTRAL DE LA REPUBLICA DOMINICANA,BCENTRAL,57281
DO1002261928,LE090427,BCENTRAL/ LT 20270409 GTIA,110000,DOP,11,30.7632,95.200881999999993,14/08/2026,01:29:53 PM,PRESTAMO,SEGUNDA PARTE,ROTC,09/02/2027,CONFIRMADA,3283848,0,09/04/2026,09/04/2027,4.510548,BANCO CENTRAL DE LA REPUBLICA DOMINICANA,BCENTRAL,58366
DO1002261928,LE090427,BCENTRAL/ LT 20270409 GTIA,110000,DOP,11,15.1302,90.9068,14/08/2026,01:29:53 PM,PRESTAMO,PRIMERA PARTE,ROTC,14/08/2026,CONFIRMADA,3283848,0,09/04/2026,09/04/2027,4.510548,BANCO CENTRAL DE LA REPUBLICA DOMINICANA,BCENTRAL,57687
DO1002261928,LE090427,BCENTRAL/ LT 20270409 GTIA,110000,DOP,11,30.7632,95.200881999999993,14/08/2026,01:29:52 PM,PLAZO,PRIMERA PARTE,ROTC,09/02/2027,CONFIRMADA,3283849,0,09/04/2026,09/04/2027,0,BANCO CENTRAL DE LA REPUBLICA DOMINICANA,BCENTRAL,56819
DO1002261928,LE090427,BCENTRAL/ LT 20270409 GTIA,350000,DOP,35,0,94.716934,14/08/2026,01:29:51 PM,PRESTAMO,SEGUNDA PARTE,ROTC,14/09/2026,CONFIRMADA,3283851,0,09/04/2026,09/04/2027,0.773282,BANCO CENTRAL DE LA REPUBLICA DOMINICANA,BCENTRAL,56364
DO1002261928,LE090427,BCENTRAL/ LT 20270409 GTIA,350000,DOP,35,9.6815,93.984506,14/08/2026,01:29:51 PM,PRESTAMO,PRIMERA PARTE,ROTC,14/08/2026,CONFIRMADA,3283851,0,09/04/2026,09/04/2027,0.773282,BANCO CENTRAL DE LA REPUBLICA DOMINICANA,BCENTRAL,58296
DO1002261928,LE090427,BCENTRAL/ LT 20270409 GTIA,350000,DOP,35,0,94.716934,14/08/2026,01:29:49 PM,PLAZO,PRIMERA PARTE,ROTC,14/09/2026,CONFIRMADA,3283852,0,09/04/2026,09/04/2027,0,BANCO CENTRAL DE LA REPUBLICA DOMINICANA,BCENTRAL,54873
DO1002261928,LE090427,BCENTRAL/ LT 20270409 GTIA,15920000,DOP,1592,8.8769,96.570979,14/08/2026,01:29:48 PM,PRESTAMO,SEGUNDA PARTE,ROTC,16/11/2026,CONFIRMADA,3283854,0,09/04/2026,09/04/2027,2.296838,BANCO CENTRAL DE LA REPUBLICA DOMINICANA,BCENTRAL,59836
DO1002261928,LE090427,BCENTRAL/ LT 20270409 GTIA,15920000,DOP,1592,9.1686,94.3529,14/08/2026,01:29:48 PM,PRESTAMO,PRIMERA PARTE,ROTC,17/08/2026,CONFIRMADA,3283854,0,09/04/2026,09/04/2027,2.296838,BANCO CENTRAL DE LA REPUBLICA DOMINICANA,BCENTRAL,59080
DO1002261928,LE090427,BCENTRAL/ LT 20270409 GTIA,15920000,DOP,1592,8.8769,96.570979,14/08/2026,01:29:47 PM,PLAZO,PRIMERA PARTE,ROTC,16/11/2026,CONFIRMADA,3283855,0,09/04/2026,09/04/2027,0,BANCO CENTRAL DE LA REPUBLICA DOMINICANA,BCENTRAL,58289
DO1005208322,MHUS2040,HACIENDA/6.75 BOEST 20400724 GTIA,4000,USD,4,4.3721,124.19325,14/08/2026,01:29:45 PM,PRESTAMO,SEGUNDA PARTE,ROTC,14/12/2026,CONFIRMADA,3283857,0,24/07/2020,24/07/2040,1.732006,MINISTERIO DE HACIENDA,HACIENDA,60137
DO1005208322,MHUS2040,HACIENDA/6.75 BOEST 20400724 GTIA,4000,USD,4,4.3726,124.62175,14/08/2026,01:29:45 PM,PRESTAMO,PRIMERA PARTE,ROTC,14/08/2026,CONFIRMADA,3283857,0,24/07/2020,24/07/2040,1.732006,MINISTERIO DE HACIENDA,HACIENDA,60277
DO1005208322,MHUS2040,HACIENDA/6.75 BOEST 20400724 GTIA,4000,USD,4,4.3721,124.19325,14/08/2026,01:29:44 PM,PLAZO,PRIMERA PARTE,ROTC,14/12/2026,CONFIRMADA,3283858,0,24/07/2020,24/07/2040,0,MINISTERIO DE HACIENDA,HACIENDA,58590
DO1005208322,MHUS2040,HACIENDA/6.75 BOEST 20400724 GTIA,1796000,USD,1796,4.6467,121.310307,14/08/2026,01:29:43 PM,PRESTAMO,SEGUNDA PARTE,ROTC,14/09/2026,CONFIRMADA,3283860,0,24/07/2020,24/07/2040,0.71411500000000006,MINISTERIO DE HACIENDA,HACIENDA,62790
DO1005208322,MHUS2040,HACIENDA/6.75 BOEST 20400724 GTIA,1796000,USD,1796,4.6494,121.374816,14/08/2026,01:29:43 PM,PRESTAMO,PRIMERA PARTE,ROTC,14/08/2026,CONFIRMADA,3283860,0,24/07/2020,24/07/2040,0.71411500000000006,MINISTERIO DE HACIENDA,HACIENDA,62951
DO1005208322,MHUS2040,HACIENDA/6.75 BOEST 20400724 GTIA,1796000,USD,1796,4.6467,121.310307,14/08/2026,01:29:42 PM,PLAZO,PRIMERA PARTE,ROTC,14/09/2026,CONFIRMADA,3283861,0,24/07/2020,24/07/2040,0,MINISTERIO DE HACIENDA,HACIENDA,61243
DO1005208322,MHUS2040,HACIENDA/6.75 BOEST 20400724 GTIA,1796000,USD,1796,4.6467,121.310307,14/08/2026,01:29:41 PM,PRESTAMO,SEGUNDA PARTE,ROTC,14/09/2026,CONFIRMADA,3283863,0,24/07/2020,24/07/2040,0.71411500000000006,MINISTERIO DE HACIENDA,HACIENDA,62776
DO1005208322,MHUS2040,HACIENDA/6.75 BOEST 20400724 GTIA,1796000,USD,1796,4.6494,121.374816,14/08/2026,01:29:41 PM,PRESTAMO,PRIMERA PARTE,ROTC,14/08/2026,CONFIRMADA,3283863,0,24/07/2020,24/07/2040,0.71411500000000006,MINISTERIO DE HACIENDA,HACIENDA,62937
DO1005208322,MHUS2040,HACIENDA/6.75 BOEST 20400724 GTIA,1796000,USD,1796,4.6467,121.310307,14/08/2026,01:29:39 PM,PLAZO,PRIMERA PARTE,ROTC,14/09/2026,CONFIRMADA,3283864,0,24/07/2020,24/07/2040,0,MINISTERIO DE HACIENDA,HACIENDA,61285
DO1002261928,LE090427,BCENTRAL/ LT 20270409 GTIA,340000,DOP,34,0,97.542312,14/08/2026,01:29:38 PM,PRESTAMO,SEGUNDA PARTE,ROTC,14/12/2026,CONFIRMADA,3283866,0,09/04/2026,09/04/2027,3.11903,BANCO CENTRAL DE LA REPUBLICA DOMINICANA,BCENTRAL,56273
DO1002261928,LE090427,BCENTRAL/ LT 20270409 GTIA,340000,DOP,34,8.8036,94.499938,14/08/2026,01:29:38 PM,PRESTAMO,PRIMERA PARTE,ROTC,14/08/2026,CONFIRMADA,3283866,0,09/04/2026,09/04/2027,3.11903,BANCO CENTRAL DE LA REPUBLICA DOMINICANA,BCENTRAL,58366
DO1002261928,LE090427,BCENTRAL/ LT 20270409 GTIA,340000,DOP,34,0,97.542312,14/08/2026,01:29:37 PM,PLAZO,PRIMERA PARTE,ROTC,14/12/2026,CONFIRMADA,3283867,0,09/04/2026,09/04/2027,0,BANCO CENTRAL DE LA REPUBLICA DOMINICANA,BCENTRAL,54726
DO1005208322,MHUS2040,HACIENDA/6.75 BOEST 20400724 GTIA,12000,USD,12,4.9453,117.94075,14/08/2026,01:29:35 PM,PRESTAMO,SEGUNDA PARTE,ROTC,15/09/2026,CONFIRMADA,3283869,0,24/07/2020,24/07/2040,0.678528,MINISTERIO DE HACIENDA,HACIENDA,60942
DO1005208322,MHUS2040,HACIENDA/6.75 BOEST 20400724 GTIA,12000,USD,12,4.9393,118.09025,14/08/2026,01:29:35 PM,PRESTAMO,PRIMERA PARTE,ROTC,14/08/2026,CONFIRMADA,3283869,0,24/07/2020,24/07/2040,0.678528,MINISTERIO DE HACIENDA,HACIENDA,60956
DO1005208322,MHUS2040,HACIENDA/6.75 BOEST 20400724 GTIA,12000,USD,12,4.9453,117.94075,14/08/2026,01:29:34 PM,PLAZO,PRIMERA PARTE,ROTC,15/09/2026,CONFIRMADA,3283870,0,24/07/2020,24/07/2040,0,MINISTERIO DE HACIENDA,HACIENDA,59395
DO1005208322,MHUS2040,HACIENDA/6.75 BOEST 20400724 GTIA,839000,USD,839,4.652,121.249667,14/08/2026,01:29:33 PM,PRESTAMO,SEGUNDA PARTE,ROTC,14/09/2026,CONFIRMADA,3283872,0,24/07/2020,24/07/2040,0.714268,MINISTERIO DE HACIENDA,HACIENDA,61803
DO1005208322,MHUS2040,HACIENDA/6.75 BOEST 20400724 GTIA,839000,USD,839,4.6546,121.314424,14/08/2026,01:29:33 PM,PRESTAMO,PRIMERA PARTE,ROTC,14/08/2026,CONFIRMADA,3283872,0,24/07/2020,24/07/2040,0.714268,MINISTERIO DE HACIENDA,HACIENDA,62139
DO1005208322,MHUS2040,HACIENDA/6.75 BOEST 20400724 GTIA,839000,USD,839,4.652,121.249667,14/08/2026,01:29:31 PM,PLAZO,PRIMERA PARTE,ROTC,14/09/2026,CONFIRMADA,3283873,0,24/07/2020,24/07/2040,0,MINISTERIO DE HACIENDA,HACIENDA,60249
DO1005208322,MHUS2040,HACIENDA/6.75 BOEST 20400724 GTIA,3000,USD,3,3.686,132.557667,14/08/2026,01:29:30 PM,PRESTAMO,SEGUNDA PARTE,ROTC,14/12/2026,CONFIRMADA,3283875,0,24/07/2020,24/07/2040,1.647894,MINISTERIO DE HACIENDA,HACIENDA,60228
DO1005208322,MHUS2040,HACIENDA/6.75 BOEST 20400724 GTIA,3000,USD,3,3.7027,132.955,14/08/2026,01:29:30 PM,PRESTAMO,PRIMERA PARTE,ROTC,14/08/2026,CONFIRMADA,3283875,0,24/07/2020,24/07/2040,1.647894,MINISTERIO DE HACIENDA,HACIENDA,59507
DO1005208322,MHUS2040,HACIENDA/6.75 BOEST 20400724 GTIA,3000,USD,3,3.686,132.557667,14/08/2026,01:29:29 PM,PLAZO,PRIMERA PARTE,ROTC,14/12/2026,CONFIRMADA,3283876,0,24/07/2020,24/07/2040,0,MINISTERIO DE HACIENDA,HACIENDA,58744
DO1005208322,MHUS2040,HACIENDA/6.75 BOEST 20400724 GTIA,172000,USD,172,4.6092,121.378198,14/08/2026,01:29:28 PM,PRESTAMO,SEGUNDA PARTE,ROTC,11/01/2027,CONFIRMADA,3283894,0,24/07/2020,24/07/2040,2.241938,MINISTERIO DE HACIENDA,HACIENDA,61999
DO1005208322,MHUS2040,HACIENDA/6.75 BOEST 20400724 GTIA,172000,USD,172,4.6197,121.718023,14/08/2026,01:29:28 PM,PRESTAMO,PRIMERA PARTE,ROTC,14/08/2026,CONFIRMADA,3283894,0,24/07/2020,24/07/2040,2.241938,MINISTERIO DE HACIENDA,HACIENDA,62062
DO1005208322,MHUS2040,HACIENDA/6.75 BOEST 20400724 GTIA,172000,USD,172,4.6092,121.378198,14/08/2026,01:29:26 PM,PLAZO,PRIMERA PARTE,ROTC,11/01/2027,CONFIRMADA,3283895,0,24/07/2020,24/07/2040,0,MINISTERIO DE HACIENDA,HACIENDA,60445
DO1002261928,LE090427,BCENTRAL/ LT 20270409 GTIA,3070000,DOP,307,8.7894,95.255632,14/08/2026,01:29:25 PM,PRESTAMO,SEGUNDA PARTE,ROTC,17/09/2026,CONFIRMADA,3283897,0,09/04/2026,09/04/2027,0.832593,BANCO CENTRAL DE LA REPUBLICA DOMINICANA,BCENTRAL,58968
DO1002261928,LE090427,BCENTRAL/ LT 20270409 GTIA,3070000,DOP,307,8.9802,94.462541,14/08/2026,01:29:25 PM,PRESTAMO,PRIMERA PARTE,ROTC,17/08/2026,CONFIRMADA,3283897,0,09/04/2026,09/04/2027,0.832593,BANCO CENTRAL DE LA REPUBLICA DOMINICANA,BCENTRAL,58947
DO1002261928,LE090427,BCENTRAL/ LT 20270409 GTIA,3070000,DOP,307,8.7894,95.255632,14/08/2026,01:29:24 PM,PLAZO,PRIMERA PARTE,ROTC,17/09/2026,CONFIRMADA,3283898,0,09/04/2026,09/04/2027,0,BANCO CENTRAL DE LA REPUBLICA DOMINICANA,BCENTRAL,57421
DO1002261928,LE090427,BCENTRAL/ LT 20270409 GTIA,3070000,DOP,307,10.3448,94.462541,14/08/2026,01:29:23 PM,PLAZO,PRIMERA PARTE,ROTC,17/09/2026,CONFIRMADA,3283899,0,09/04/2026,09/04/2027,0,BANCO CENTRAL DE LA REPUBLICA DOMINICANA,BCENTRAL,57624
DO1002261928,LE090427,BCENTRAL/ LT 20270409 GTIA,3070000,DOP,307,10.362,95.204465,14/08/2026,01:29:21 PM,PRESTAMO,SEGUNDA PARTE,ROTC,16/10/2026,CONFIRMADA,3283900,0,09/04/2026,09/04/2027,0.779296,BANCO CENTRAL DE LA REPUBLICA DOMINICANA,BCENTRAL,58695
DO1002261928,LE090427,BCENTRAL/ LT 20270409 GTIA,3070000,DOP,307,10.3448,94.462541,14/08/2026,01:29:21 PM,PRESTAMO,PRIMERA PARTE,ROTC,17/09/2026,CONFIRMADA,3283900,0,09/04/2026,09/04/2027,0.779296,BANCO CENTRAL DE LA REPUBLICA DOMINICANA,BCENTRAL,59213
DO1002261928,LE090427,BCENTRAL/ LT 20270409 GTIA,3070000,DOP,307,10.362,95.204465,14/08/2026,01:29:20 PM,PLAZO,PRIMERA PARTE,ROTC,16/10/2026,CONFIRMADA,3283901,0,09/04/2026,09/04/2027,0,BANCO CENTRAL DE LA REPUBLICA DOMINICANA,BCENTRAL,57148
DO1002261928,LE090427,BCENTRAL/ LT 20270409 GTIA,3070000,DOP,307,12.0591,94.462541,14/08/2026,01:29:19 PM,PLAZO,PRIMERA PARTE,ROTC,16/10/2026,CONFIRMADA,3283902,0,09/04/2026,09/04/2027,0,BANCO CENTRAL DE LA REPUBLICA DOMINICANA,BCENTRAL,57582
DO1002261928,LE090427,BCENTRAL/ LT 20270409 GTIA,3070000,DOP,307,12.4678,95.281216,14/08/2026,01:29:17 PM,PRESTAMO,SEGUNDA PARTE,ROTC,17/11/2026,CONFIRMADA,3283903,0,09/04/2026,09/04/2027,0.85922,BANCO CENTRAL DE LA REPUBLICA DOMINICANA,BCENTRAL,59185
DO1002261928,LE090427,BCENTRAL/ LT 20270409 GTIA,3070000,DOP,307,12.0591,94.462541,14/08/2026,01:29:17 PM,PRESTAMO,PRIMERA PARTE,ROTC,16/10/2026,CONFIRMADA,3283903,0,09/04/2026,09/04/2027,0.85922,BANCO CENTRAL DE LA REPUBLICA DOMINICANA,BCENTRAL,59171
DO1002261928,LE090427,BCENTRAL/ LT 20270409 GTIA,3070000,DOP,307,12.4678,95.281216,14/08/2026,01:29:16 PM,PLAZO,PRIMERA PARTE,ROTC,17/11/2026,CONFIRMADA,3283904,0,09/04/2026,09/04/2027,0,BANCO CENTRAL DE LA REPUBLICA DOMINICANA,BCENTRAL,57638
DO1002261928,LE090427,BCENTRAL/ LT 20270409 GTIA,3070000,DOP,307,14.7577,94.462541,14/08/2026,01:29:15 PM,PLAZO,PRIMERA PARTE,ROTC,17/11/2026,CONFIRMADA,3283905,0,09/04/2026,09/04/2027,0,BANCO CENTRAL DE LA REPUBLICA DOMINICANA,BCENTRAL,57659
DO1002261928,LE090427,BCENTRAL/ LT 20270409 GTIA,3070000,DOP,307,15.9575,95.230049,14/08/2026,01:29:14 PM,PRESTAMO,SEGUNDA PARTE,ROTC,17/12/2026,CONFIRMADA,3283906,0,09/04/2026,09/04/2027,0.805952,BANCO CENTRAL DE LA REPUBLICA DOMINICANA,BCENTRAL,59185
DO1002261928,LE090427,BCENTRAL/ LT 20270409 GTIA,3070000,DOP,307,14.7577,94.462541,14/08/2026,01:29:14 PM,PRESTAMO,PRIMERA PARTE,ROTC,17/11/2026,CONFIRMADA,3283906,0,09/04/2026,09/04/2027,0.805952,BANCO CENTRAL DE LA REPUBLICA DOMINICANA,BCENTRAL,59255
DO1002261928,LE090427,BCENTRAL/ LT 20270409 GTIA,3070000,DOP,307,15.9575,95.230049,14/08/2026,01:29:13 PM,PLAZO,PRIMERA PARTE,ROTC,17/12/2026,CONFIRMADA,3283907,0,09/04/2026,09/04/2027,0,BANCO CENTRAL DE LA REPUBLICA DOMINICANA,BCENTRAL,57638
DO1002261928,LE090427,BCENTRAL/ LT 20270409 GTIA,3070000,DOP,307,18.6756,94.462541,14/08/2026,01:29:12 PM,PLAZO,PRIMERA PARTE,ROTC,17/12/2026,CONFIRMADA,3283908,0,09/04/2026,09/04/2027,0,BANCO CENTRAL DE LA REPUBLICA DOMINICANA,BCENTRAL,57659
DO1002261928,LE090427,BCENTRAL/ LT 20270409 GTIA,3070000,DOP,307,21.5875,95.204465,14/08/2026,01:29:11 PM,PRESTAMO,SEGUNDA PARTE,ROTC,15/01/2027,CONFIRMADA,3283909,0,09/04/2026,09/04/2027,0.779296,BANCO CENTRAL DE LA REPUBLICA DOMINICANA,BCENTRAL,59136
DO1002261928,LE090427,BCENTRAL/ LT 20270409 GTIA,3070000,DOP,307,18.6756,94.462541,14/08/2026,01:29:11 PM,PRESTAMO,PRIMERA PARTE,ROTC,17/12/2026,CONFIRMADA,3283909,0,09/04/2026,09/04/2027,0.779296,BANCO CENTRAL DE LA REPUBLICA DOMINICANA,BCENTRAL,59255
DO1002261928,LE090427,BCENTRAL/ LT 20270409 GTIA,3070000,DOP,307,21.5875,95.204465,14/08/2026,01:29:10 PM,PLAZO,PRIMERA PARTE,ROTC,15/01/2027,CONFIRMADA,3283910,0,09/04/2026,09/04/2027,0,BANCO CENTRAL DE LA REPUBLICA DOMINICANA,BCENTRAL,57589
DO1002261928,LE090427,BCENTRAL/ LT 20270409 GTIA,3070000,DOP,307,25.1232,94.462541,14/08/2026,01:29:09 PM,PLAZO,PRIMERA PARTE,ROTC,15/01/2027,CONFIRMADA,3283911,0,09/04/2026,09/04/2027,0,BANCO CENTRAL DE LA REPUBLICA DOMINICANA,BCENTRAL,57554
DO1002261928,LE090427,BCENTRAL/ LT 20270409 GTIA,3070000,DOP,307,31.4244,95.102131,14/08/2026,01:29:08 PM,PRESTAMO,SEGUNDA PARTE,ROTC,09/02/2027,CONFIRMADA,3283912,0,09/04/2026,09/04/2027,0.67253,BANCO CENTRAL DE LA REPUBLICA DOMINICANA,BCENTRAL,59045
DO1002261928,LE090427,BCENTRAL/ LT 20270409 GTIA,3070000,DOP,307,25.1232,94.462541,14/08/2026,01:29:08 PM,PRESTAMO,PRIMERA PARTE,ROTC,15/01/2027,CONFIRMADA,3283912,0,09/04/2026,09/04/2027,0.67253,BANCO CENTRAL DE LA REPUBLICA DOMINICANA,BCENTRAL,59150
DO1002261928,LE090427,BCENTRAL/ LT 20270409 GTIA,3070000,DOP,307,31.4244,95.102131,14/08/2026,01:29:07 PM,PLAZO,PRIMERA PARTE,ROTC,09/02/2027,CONFIRMADA,3283913,0,09/04/2026,09/04/2027,0,BANCO CENTRAL DE LA REPUBLICA DOMINICANA,BCENTRAL,57498
DO1002261928,LE090427,BCENTRAL/ LT 20270409 GTIA,120000,DOP,12,25.0501,96.120717,14/08/2026,01:29:05 PM,PRESTAMO,SEGUNDA PARTE,ROTC,10/02/2027,CONFIRMADA,3283918,0,09/04/2026,09/04/2027,0.253111,BANCO CENTRAL DE LA REPUBLICA DOMINICANA,BCENTRAL,58240
DO1002261928,LE090427,BCENTRAL/ LT 20270409 GTIA,120000,DOP,12,6.504,95.877425,14/08/2026,01:29:05 PM,PRESTAMO,PRIMERA PARTE,ROTC,14/08/2026,CONFIRMADA,3283918,0,09/04/2026,09/04/2027,0.253111,BANCO CENTRAL DE LA REPUBLICA DOMINICANA,BCENTRAL,57806
DO1002261928,LE090427,BCENTRAL/ LT 20270409 GTIA,120000,DOP,12,25.0501,96.120717,14/08/2026,01:29:04 PM,PLAZO,PRIMERA PARTE,ROTC,10/02/2027,CONFIRMADA,3283919,0,09/04/2026,09/04/2027,0,BANCO CENTRAL DE LA REPUBLICA DOMINICANA,BCENTRAL,56693
DO1002261928,LE090427,BCENTRAL/ LT 20270409 GTIA,9860000,DOP,986,8.9795,95.157993,14/08/2026,01:29:03 PM,PRESTAMO,SEGUNDA PARTE,ROTC,17/09/2026,CONFIRMADA,3283996,0,09/04/2026,09/04/2027,0.832593,BANCO CENTRAL DE LA REPUBLICA DOMINICANA,BCENTRAL,59213
DO1002261928,LE090427,BCENTRAL/ LT 20270409 GTIA,9860000,DOP,986,9.1466,94.365714,14/08/2026,01:29:03 PM,PRESTAMO,PRIMERA PARTE,ROTC,17/08/2026,CONFIRMADA,3283996,0,09/04/2026,09/04/2027,0.832593,BANCO CENTRAL DE LA REPUBLICA DOMINICANA,BCENTRAL,59122
DO1002261928,LE090427,BCENTRAL/ LT 20270409 GTIA,9860000,DOP,986,8.9795,95.157993,14/08/2026,01:29:02 PM,PLAZO,PRIMERA PARTE,ROTC,17/09/2026,CONFIRMADA,3283997,0,09/04/2026,09/04/2027,0,BANCO CENTRAL DE LA REPUBLICA DOMINICANA,BCENTRAL,57666
DO1002261928,LE090427,BCENTRAL/ LT 20270409 GTIA,9860000,DOP,986,10.5365,94.365714,14/08/2026,01:29:00 PM,PLAZO,PRIMERA PARTE,ROTC,17/09/2026,CONFIRMADA,3283998,0,09/04/2026,09/04/2027,0,BANCO CENTRAL DE LA REPUBLICA DOMINICANA,BCENTRAL,57799
DO1002261928,LE090427,BCENTRAL/ LT 20270409 GTIA,9860000,DOP,986,10.5837,95.106878,14/08/2026,01:28:59 PM,PRESTAMO,SEGUNDA PARTE,ROTC,16/10/2026,CONFIRMADA,3283999,0,09/04/2026,09/04/2027,0.779296,BANCO CENTRAL DE LA REPUBLICA DOMINICANA,BCENTRAL,59430
DO1002261928,LE090427,BCENTRAL/ LT 20270409 GTIA,9860000,DOP,986,10.5365,94.365714,14/08/2026,01:28:59 PM,PRESTAMO,PRIMERA PARTE,ROTC,17/09/2026,CONFIRMADA,3283999,0,09/04/2026,09/04/2027,0.779296,BANCO CENTRAL DE LA REPUBLICA DOMINICANA,BCENTRAL,59493
DO1002261928,LE090427,BCENTRAL/ LT 20270409 GTIA,9860000,DOP,986,10.5837,95.106878,14/08/2026,01:28:58 PM,PLAZO,PRIMERA PARTE,ROTC,16/10/2026,CONFIRMADA,3284000,0,09/04/2026,09/04/2027,0,BANCO CENTRAL DE LA REPUBLICA DOMINICANA,BCENTRAL,57883
DO1002261928,LE090427,BCENTRAL/ LT 20270409 GTIA,9860000,DOP,986,12.2826,94.365714,14/08/2026,01:28:56 PM,PLAZO,PRIMERA PARTE,ROTC,16/10/2026,CONFIRMADA,3284001,0,09/04/2026,09/04/2027,0,BANCO CENTRAL DE LA REPUBLICA DOMINICANA,BCENTRAL,57813
DO1002261928,LE090427,BCENTRAL/ LT 20270409 GTIA,9860000,DOP,986,12.7389,95.18355,14/08/2026,01:28:55 PM,PRESTAMO,SEGUNDA PARTE,ROTC,17/11/2026,CONFIRMADA,3284002,0,09/04/2026,09/04/2027,0.85922,BANCO CENTRAL DE LA REPUBLICA DOMINICANA,BCENTRAL,59066
DO1002261928,LE090427,BCENTRAL/ LT 20270409 GTIA,9860000,DOP,986,12.2826,94.365714,14/08/2026,01:28:55 PM,PRESTAMO,PRIMERA PARTE,ROTC,16/10/2026,CONFIRMADA,3284002,0,09/04/2026,09/04/2027,0.85922,BANCO CENTRAL DE LA REPUBLICA DOMINICANA,BCENTRAL,59409
DO1002261928,LE090427,BCENTRAL/ LT 20270409 GTIA,9860000,DOP,986,12.7389,95.18355,14/08/2026,01:28:54 PM,PLAZO,PRIMERA PARTE,ROTC,17/11/2026,CONFIRMADA,3284003,0,09/04/2026,09/04/2027,0,BANCO CENTRAL DE LA REPUBLICA DOMINICANA,BCENTRAL,57519
DO1002261928,LE090427,BCENTRAL/ LT 20270409 GTIA,9860000,DOP,986,15.0311,94.365714,14/08/2026,01:28:53 PM,PLAZO,PRIMERA PARTE,ROTC,17/11/2026,CONFIRMADA,3284004,0,09/04/2026,09/04/2027,0,BANCO CENTRAL DE LA REPUBLICA DOMINICANA,BCENTRAL,57736
DO1002261928,LE090427,BCENTRAL/ LT 20270409 GTIA,9860000,DOP,986,16.3007,95.132435,14/08/2026,01:28:51 PM,PRESTAMO,SEGUNDA PARTE,ROTC,17/12/2026,CONFIRMADA,3284005,0,09/04/2026,09/04/2027,0.805952,BANCO CENTRAL DE LA REPUBLICA DOMINICANA,BCENTRAL,59262
DO1002261928,LE090427,BCENTRAL/ LT 20270409 GTIA,9860000,DOP,986,15.0311,94.365714,14/08/2026,01:28:51 PM,PRESTAMO,PRIMERA PARTE,ROTC,17/11/2026,CONFIRMADA,3284005,0,09/04/2026,09/04/2027,0.805952,BANCO CENTRAL DE LA REPUBLICA DOMINICANA,BCENTRAL,59325
DO1002261928,LE090427,BCENTRAL/ LT 20270409 GTIA,9860000,DOP,986,16.3007,95.132435,14/08/2026,01:28:50 PM,PLAZO,PRIMERA PARTE,ROTC,17/12/2026,CONFIRMADA,3284006,0,09/04/2026,09/04/2027,0,BANCO CENTRAL DE LA REPUBLICA DOMINICANA,BCENTRAL,57715
DO1002261928,LE090427,BCENTRAL/ LT 20270409 GTIA,9860000,DOP,986,19.0217,94.365714,14/08/2026,01:28:49 PM,PLAZO,PRIMERA PARTE,ROTC,17/12/2026,CONFIRMADA,3284007,0,09/04/2026,09/04/2027,0,BANCO CENTRAL DE LA REPUBLICA DOMINICANA,BCENTRAL,57841
DO1002261928,LE090427,BCENTRAL/ LT 20270409 GTIA,9860000,DOP,986,22.0494,95.106878,14/08/2026,01:28:47 PM,PRESTAMO,SEGUNDA PARTE,ROTC,15/01/2027,CONFIRMADA,3284008,0,09/04/2026,09/04/2027,0.779296,BANCO CENTRAL DE LA REPUBLICA DOMINICANA,BCENTRAL,59388
DO1002261928,LE090427,BCENTRAL/ LT 20270409 GTIA,9860000,DOP,986,19.0217,94.365714,14/08/2026,01:28:47 PM,PRESTAMO,PRIMERA PARTE,ROTC,17/12/2026,CONFIRMADA,3284008,0,09/04/2026,09/04/2027,0.779296,BANCO CENTRAL DE LA REPUBLICA DOMINICANA,BCENTRAL,59430
DO1002261928,LE090427,BCENTRAL/ LT 20270409 GTIA,9860000,DOP,986,22.0494,95.106878,14/08/2026,01:28:46 PM,PLAZO,PRIMERA PARTE,ROTC,15/01/2027,CONFIRMADA,3284009,0,09/04/2026,09/04/2027,0,BANCO CENTRAL DE LA REPUBLICA DOMINICANA,BCENTRAL,57841
DO1002261928,LE090427,BCENTRAL/ LT 20270409 GTIA,9860000,DOP,986,25.5887,94.365714,14/08/2026,01:28:45 PM,PLAZO,PRIMERA PARTE,ROTC,15/01/2027,CONFIRMADA,3284010,0,09/04/2026,09/04/2027,0,BANCO CENTRAL DE LA REPUBLICA DOMINICANA,BCENTRAL,57897
DO1002261928,LE090427,BCENTRAL/ LT 20270409 GTIA,9860000,DOP,986,35.5198,95.209108,14/08/2026,01:28:44 PM,PRESTAMO,SEGUNDA PARTE,ROTC,17/02/2027,CONFIRMADA,3284011,0,09/04/2026,09/04/2027,0.885833,BANCO CENTRAL DE LA REPUBLICA DOMINICANA,BCENTRAL,59388
DO1002261928,LE090427,BCENTRAL/ LT 20270409 GTIA,9860000,DOP,986,25.5887,94.365714,14/08/2026,01:28:44 PM,PRESTAMO,PRIMERA PARTE,ROTC,15/01/2027,CONFIRMADA,3284011,0,09/04/2026,09/04/2027,0.885833,BANCO CENTRAL DE LA REPUBLICA DOMINICANA,BCENTRAL,59493
DO1002261928,LE090427,BCENTRAL/ LT 20270409 GTIA,9860000,DOP,986,35.5198,95.209108,14/08/2026,01:28:42 PM,PLAZO,PRIMERA PARTE,ROTC,17/02/2027,CONFIRMADA,3284012,0,09/04/2026,09/04/2027,0,BANCO CENTRAL DE LA REPUBLICA DOMINICANA,BCENTRAL,57834
DO1002223621,NO150127,BCENTRAL/8 BOEST 20270115 GTIA,200000,DOP,20,0,0,14/08/2026,01:28:40 PM,PRESTAMO,SEGUNDA PARTE,ROTC,14/01/2027,CONFIRMADA,3284019,0,15/01/2022,15/01/2027,0,BANCO CENTRAL DE LA REPUBLICA DOMINICANA,BCENTRAL,55090
DO1002223621,NO150127,BCENTRAL/8 BOEST 20270115 GTIA,200000,DOP,20,8.6869,99.712021,14/08/2026,01:28:40 PM,PRESTAMO,PRIMERA PARTE,ROTC,14/08/2026,CONFIRMADA,3284019,0,15/01/2022,15/01/2027,0,BANCO CENTRAL DE LA REPUBLICA DOMINICANA,BCENTRAL,60011
DO1002261423,NO301129,BCENTRAL/9.5 BOEST 20291130 GTIA,390000,DOP,39,9.2563,100.625182,14/08/2026,01:28:39 PM,ESTRUCTURADA,SEGUNDA PARTE,ROTC,13/11/2026,CONFIRMADA,3284020,0,30/11/2025,30/11/2029,9.15,BANCO CENTRAL DE LA REPUBLICA DOMINICANA,BCENTRAL,63119
DO1002261423,NO301129,BCENTRAL/9.5 BOEST 20291130 GTIA,390000,DOP,39,9.2743,100.602146,14/08/2026,01:28:39 PM,ESTRUCTURADA,PRIMERA PARTE,ROTC,14/08/2026,CONFIRMADA,3284020,0,30/11/2025,30/11/2029,9.15,BANCO CENTRAL DE LA REPUBLICA DOMINICANA,BCENTRAL,63196
DO1002261423,NO301129,BCENTRAL/9.5 BOEST 20291130 GTIA,390000,DOP,39,0,0,14/08/2026,01:28:37 PM,PRESTAMO,SEGUNDA PARTE,ROTC,29/11/2029,CONFIRMADA,3284021,0,30/11/2025,30/11/2029,0,BANCO CENTRAL DE LA REPUBLICA DOMINICANA,BCENTRAL,56049
DO1002261423,NO301129,BCENTRAL/9.5 BOEST 20291130 GTIA,390000,DOP,39,9.2743,100.602146,14/08/2026,01:28:37 PM,PRESTAMO,PRIMERA PARTE,ROTC,14/08/2026,CONFIRMADA,3284021,0,30/11/2025,30/11/2029,0,BANCO CENTRAL DE LA REPUBLICA DOMINICANA,BCENTRAL,61082
DO1002261423,NO301129,BCENTRAL/9.5 BOEST 20291130 GTIA,80000,DOP,8,10.2378,98.047935,14/08/2026,01:28:36 PM,ESTRUCTURADA,SEGUNDA PARTE,ROTC,16/10/2026,CONFIRMADA,3284022,0,30/11/2025,30/11/2029,9.35,BANCO CENTRAL DE LA REPUBLICA DOMINICANA,BCENTRAL,62496
DO1002261423,NO301129,BCENTRAL/9.5 BOEST 20291130 GTIA,80000,DOP,8,10.2059,98.038043,14/08/2026,01:28:36 PM,ESTRUCTURADA,PRIMERA PARTE,ROTC,14/08/2026,CONFIRMADA,3284022,0,30/11/2025,30/11/2029,9.35,BANCO CENTRAL DE LA REPUBLICA DOMINICANA,BCENTRAL,62496
DO1002261423,NO301129,BCENTRAL/9.5 BOEST 20291130 GTIA,80000,DOP,8,0,0,14/08/2026,01:28:35 PM,PRESTAMO,SEGUNDA PARTE,ROTC,29/11/2029,CONFIRMADA,3284023,0,30/11/2025,30/11/2029,0,BANCO CENTRAL DE LA REPUBLICA DOMINICANA,BCENTRAL,55307
DO1002261423,NO301129,BCENTRAL/9.5 BOEST 20291130 GTIA,80000,DOP,8,10.2059,98.038043,14/08/2026,01:28:35 PM,PRESTAMO,PRIMERA PARTE,ROTC,14/08/2026,CONFIRMADA,3284023,0,30/11/2025,30/11/2029,0,BANCO CENTRAL DE LA REPUBLICA DOMINICANA,BCENTRAL,60389
DO1002261423,NO301129,BCENTRAL/9.5 BOEST 20291130 GTIA,50000,DOP,5,10.266,97.971355,14/08/2026,01:28:34 PM,ESTRUCTURADA,SEGUNDA PARTE,ROTC,14/10/2026,CONFIRMADA,3284024,0,30/11/2025,30/11/2029,8.9,BANCO CENTRAL DE LA REPUBLICA DOMINICANA,BCENTRAL,62055
DO1002261423,NO301129,BCENTRAL/9.5 BOEST 20291130 GTIA,50000,DOP,5,10.2059,98.038043,14/08/2026,01:28:34 PM,ESTRUCTURADA,PRIMERA PARTE,ROTC,14/08/2026,CONFIRMADA,3284024,0,30/11/2025,30/11/2029,8.9,BANCO CENTRAL DE LA REPUBLICA DOMINICANA,BCENTRAL,62440
DO1002261423,NO301129,BCENTRAL/9.5 BOEST 20291130 GTIA,50000,DOP,5,0,0,14/08/2026,01:28:32 PM,PRESTAMO,SEGUNDA PARTE,ROTC,29/11/2029,CONFIRMADA,3284025,0,30/11/2025,30/11/2029,0,BANCO CENTRAL DE LA REPUBLICA DOMINICANA,BCENTRAL,55244
DO1002261423,NO301129,BCENTRAL/9.5 BOEST 20291130 GTIA,50000,DOP,5,10.2059,98.038043,14/08/2026,01:28:32 PM,PRESTAMO,PRIMERA PARTE,ROTC,14/08/2026,CONFIRMADA,3284025,0,30/11/2025,30/11/2029,0,BANCO CENTRAL DE LA REPUBLICA DOMINICANA,BCENTRAL,60326
USP3579EBY25,BSRD2048,DOMINICAN REP/6.5 CHURCH BD UNSEC,33000,USD,33,6.8263,96.354167,14/08/2026,01:28:31 PM,ESTRUCTURADA,SEGUNDA PARTE,ROTC,12/11/2026,CONFIRMADA,3284026,0,08/02/2018,15/02/2048,4.7,MINISTERIO DE HACIENDA,HACIENDA,65296
USP3579EBY25,BSRD2048,DOMINICAN REP/6.5 CHURCH BD UNSEC,33000,USD,33,6.7879,96.768056,14/08/2026,01:28:31 PM,ESTRUCTURADA,PRIMERA PARTE,ROTC,14/08/2026,CONFIRMADA,3284026,0,08/02/2018,15/02/2048,4.7,MINISTERIO DE HACIENDA,HACIENDA,65541
USP3579EBY25,BSRD2048,DOMINICAN REP/6.5 CHURCH BD UNSEC,33000,USD,33,0,0,14/08/2026,01:28:30 PM,PRESTAMO,SEGUNDA PARTE,ROTC,14/02/2048,CONFIRMADA,3284027,0,08/02/2018,15/02/2048,0,MINISTERIO DE HACIENDA,HACIENDA,58429
USP3579EBY25,BSRD2048,DOMINICAN REP/6.5 CHURCH BD UNSEC,33000,USD,33,6.7879,96.768056,14/08/2026,01:28:30 PM,PRESTAMO,PRIMERA PARTE,ROTC,14/08/2026,CONFIRMADA,3284027,0,08/02/2018,15/02/2048,0,MINISTERIO DE HACIENDA,HACIENDA,63434
USP3579EAY34,BSRD2044,DOMINICAN Rep/7.45 BD 20440430 GO,231000,USD,231,6.8423,106.165774,14/08/2026,01:28:29 PM,ESTRUCTURADA,SEGUNDA PARTE,ROTC,21/08/2026,CONFIRMADA,3284028,0,30/04/2014,30/04/2044,1.95,MINISTERIO DE HACIENDA,HACIENDA,65205
USP3579EAY34,BSRD2044,DOMINICAN Rep/7.45 BD 20440430 GO,231000,USD,231,6.8328,106.269522,14/08/2026,01:28:29 PM,ESTRUCTURADA,PRIMERA PARTE,ROTC,14/08/2026,CONFIRMADA,3284028,0,30/04/2014,30/04/2044,1.95,MINISTERIO DE HACIENDA,HACIENDA,65282
USP3579EAY34,BSRD2044,DOMINICAN Rep/7.45 BD 20440430 GO,231000,USD,231,0,0,14/08/2026,01:28:28 PM,PRESTAMO,SEGUNDA PARTE,ROTC,29/04/2044,CONFIRMADA,3284029,0,30/04/2014,30/04/2044,0,MINISTERIO DE HACIENDA,HACIENDA,58030
USP3579EAY34,BSRD2044,DOMINICAN Rep/7.45 BD 20440430 GO,231000,USD,231,6.8328,106.269522,14/08/2026,01:28:28 PM,PRESTAMO,PRIMERA PARTE,ROTC,14/08/2026,CONFIRMADA,3284029,0,30/04/2014,30/04/2044,0,MINISTERIO DE HACIENDA,HACIENDA,63175
USP3579EAY34,BSRD2044,DOMINICAN Rep/7.45 BD 20440430 GO,555000,USD,555,6.8346,106.2471,14/08/2026,01:28:26 PM,ESTRUCTURADA,SEGUNDA PARTE,ROTC,21/08/2026,CONFIRMADA,3284030,0,30/04/2014,30/04/2044,1.95,MINISTERIO DE HACIENDA,HACIENDA,64554
USP3579EAY34,BSRD2044,DOMINICAN Rep/7.45 BD 20440430 GO,555000,USD,555,6.8252,106.350819,14/08/2026,01:28:26 PM,ESTRUCTURADA,PRIMERA PARTE,ROTC,14/08/2026,CONFIRMADA,3284030,0,30/04/2014,30/04/2044,1.95,MINISTERIO DE HACIENDA,HACIENDA,65359
USP3579EAY34,BSRD2044,DOMINICAN Rep/7.45 BD 20440430 GO,555000,USD,555,0,0,14/08/2026,01:28:25 PM,PRESTAMO,SEGUNDA PARTE,ROTC,29/04/2044,CONFIRMADA,3284031,0,30/04/2014,30/04/2044,0,MINISTERIO DE HACIENDA,HACIENDA,58135
USP3579EAY34,BSRD2044,DOMINICAN Rep/7.45 BD 20440430 GO,555000,USD,555,6.8252,106.350819,14/08/2026,01:28:25 PM,PRESTAMO,PRIMERA PARTE,ROTC,14/08/2026,CONFIRMADA,3284031,0,30/04/2014,30/04/2044,0,MINISTERIO DE HACIENDA,HACIENDA,63252
USP3579EAY34,BSRD2044,DOMINICAN Rep/7.45 BD 20440430 GO,555000,USD,555,6.8346,106.247099,14/08/2026,01:28:24 PM,ESTRUCTURADA,SEGUNDA PARTE,ROTC,21/08/2026,CONFIRMADA,3284032,0,30/04/2014,30/04/2044,1.95,MINISTERIO DE HACIENDA,HACIENDA,65331
USP3579EAY34,BSRD2044,DOMINICAN Rep/7.45 BD 20440430 GO,555000,USD,555,6.8252,106.350817,14/08/2026,01:28:24 PM,ESTRUCTURADA,PRIMERA PARTE,ROTC,14/08/2026,CONFIRMADA,3284032,0,30/04/2014,30/04/2044,1.95,MINISTERIO DE HACIENDA,HACIENDA,65331
USP3579EAY34,BSRD2044,DOMINICAN Rep/7.45 BD 20440430 GO,555000,USD,555,0,0,14/08/2026,01:28:23 PM,PRESTAMO,SEGUNDA PARTE,ROTC,29/04/2044,CONFIRMADA,3284033,0,30/04/2014,30/04/2044,0,MINISTERIO DE HACIENDA,HACIENDA,58121
USP3579EAY34,BSRD2044,DOMINICAN Rep/7.45 BD 20440430 GO,555000,USD,555,6.8252,106.350817,14/08/2026,01:28:23 PM,PRESTAMO,PRIMERA PARTE,ROTC,14/08/2026,CONFIRMADA,3284033,0,30/04/2014,30/04/2044,0,MINISTERIO DE HACIENDA,HACIENDA,63224
USP3579ECN50,BSRD2033, ,437000,USD,437,5.9962,100.008971,14/08/2026,01:28:21 PM,ESTRUCTURADA,SEGUNDA PARTE,ROTC,15/12/2026,CONFIRMADA,3284034,0,22/02/2022,22/02/2033,5.45,MINISTERIO DE HACIENDA,HACIENDA,51226
USP3579ECN50,BSRD2033, ,437000,USD,437,5.9794,100.108162,14/08/2026,01:28:21 PM,ESTRUCTURADA,PRIMERA PARTE,ROTC,14/08/2026,CONFIRMADA,3284034,0,22/02/2022,22/02/2033,5.45,MINISTERIO DE HACIENDA,HACIENDA,51289
USP3579ECN50,BSRD2033, ,437000,USD,437,0,0,14/08/2026,01:28:20 PM,PRESTAMO,SEGUNDA PARTE,ROTC,21/02/2033,CONFIRMADA,3284035,0,22/02/2022,22/02/2033,0,MINISTERIO DE HACIENDA,HACIENDA,44002
USP3579ECN50,BSRD2033, ,437000,USD,437,5.9794,100.108162,14/08/2026,01:28:20 PM,PRESTAMO,PRIMERA PARTE,ROTC,14/08/2026,CONFIRMADA,3284035,0,22/02/2022,22/02/2033,0,MINISTERIO DE HACIENDA,HACIENDA,49182
DO1002261423,NO301129,BCENTRAL/9.5 BOEST 20291130 GTIA,100000,DOP,10,9.798,99.19281,14/08/2026,01:28:19 PM,ESTRUCTURADA,SEGUNDA PARTE,ROTC,15/10/2026,CONFIRMADA,3284036,0,30/11/2025,30/11/2029,8.95,BANCO CENTRAL DE LA REPUBLICA DOMINICANA,BCENTRAL,62104
DO1002261423,NO301129,BCENTRAL/9.5 BOEST 20291130 GTIA,100000,DOP,10,9.7678,99.233533,14/08/2026,01:28:19 PM,ESTRUCTURADA,PRIMERA PARTE,ROTC,14/08/2026,CONFIRMADA,3284036,0,30/11/2025,30/11/2029,8.95,BANCO CENTRAL DE LA REPUBLICA DOMINICANA,BCENTRAL,62895
DO1002261423,NO301129,BCENTRAL/9.5 BOEST 20291130 GTIA,100000,DOP,10,0,0,14/08/2026,01:28:18 PM,PRESTAMO,SEGUNDA PARTE,ROTC,29/11/2029,CONFIRMADA,3284037,0,30/11/2025,30/11/2029,0,BANCO CENTRAL DE LA REPUBLICA DOMINICANA,BCENTRAL,55888
DO1002261423,NO301129,BCENTRAL/9.5 BOEST 20291130 GTIA,100000,DOP,10,9.7678,99.233533,14/08/2026,01:28:18 PM,PRESTAMO,PRIMERA PARTE,ROTC,14/08/2026,CONFIRMADA,3284037,0,30/11/2025,30/11/2029,0,BANCO CENTRAL DE LA REPUBLICA DOMINICANA,BCENTRAL,60788
USP3579ECS48,BSDR2035, ,250000,DOP,5,8.6958,115.396,14/08/2026,01:28:17 PM,ESTRUCTURADA,SEGUNDA PARTE,ROTC,15/12/2026,CONFIRMADA,3284038,0,15/09/2023,15/09/2035,9.35,MINISTERIO DE HACIENDA,HACIENDA,49532
USP3579ECS48,BSDR2035, ,250000,DOP,5,8.763,115.34375,14/08/2026,01:28:17 PM,ESTRUCTURADA,PRIMERA PARTE,ROTC,14/08/2026,CONFIRMADA,3284038,0,15/09/2023,15/09/2035,9.35,MINISTERIO DE HACIENDA,HACIENDA,49903
USP3579ECS48,BSDR2035, ,250000,DOP,5,0,0,14/08/2026,01:28:16 PM,PRESTAMO,SEGUNDA PARTE,ROTC,14/09/2035,CONFIRMADA,3284039,0,15/09/2023,15/09/2035,0,MINISTERIO DE HACIENDA,HACIENDA,43365
USP3579ECS48,BSDR2035, ,250000,DOP,5,8.763,115.34375,14/08/2026,01:28:16 PM,PRESTAMO,PRIMERA PARTE,ROTC,14/08/2026,CONFIRMADA,3284039,0,15/09/2023,15/09/2035,0,MINISTERIO DE HACIENDA,HACIENDA,47796
DO1002261423,NO301129,BCENTRAL/9.5 BOEST 20291130 GTIA,130000,DOP,13,9.7383,99.321639,14/08/2026,01:28:14 PM,ESTRUCTURADA,SEGUNDA PARTE,ROTC,31/08/2026,CONFIRMADA,3284040,0,30/11/2025,30/11/2029,5.45,BANCO CENTRAL DE LA REPUBLICA DOMINICANA,BCENTRAL,62818
DO1002261423,NO301129,BCENTRAL/9.5 BOEST 20291130 GTIA,130000,DOP,13,9.6713,99.499374,14/08/2026,01:28:14 PM,ESTRUCTURADA,PRIMERA PARTE,ROTC,14/08/2026,CONFIRMADA,3284040,0,30/11/2025,30/11/2029,5.45,BANCO CENTRAL DE LA REPUBLICA DOMINICANA,BCENTRAL,62944
USP3579ECS48,BSDR2035, ,32350000,DOP,647,9.0248,113.332356,14/08/2026,01:28:13 PM,ESTRUCTURADA,SEGUNDA PARTE,ROTC,12/11/2026,CONFIRMADA,3284041,0,15/09/2023,15/09/2035,9.95,MINISTERIO DE HACIENDA,HACIENDA,51877
USP3579ECS48,BSDR2035, ,32350000,DOP,647,9.0896,113.151879,14/08/2026,01:28:13 PM,ESTRUCTURADA,PRIMERA PARTE,ROTC,14/08/2026,CONFIRMADA,3284041,0,15/09/2023,15/09/2035,9.95,MINISTERIO DE HACIENDA,HACIENDA,52122
USP3579ECS48,BSDR2035, ,32350000,DOP,647,0,0,14/08/2026,01:28:12 PM,PRESTAMO,SEGUNDA PARTE,ROTC,14/09/2035,CONFIRMADA,3284042,0,15/09/2023,15/09/2035,0,MINISTERIO DE HACIENDA,HACIENDA,44807
USP3579ECS48,BSDR2035, ,32350000,DOP,647,9.0896,113.151879,14/08/2026,01:28:12 PM,PRESTAMO,PRIMERA PARTE,ROTC,14/08/2026,CONFIRMADA,3284042,0,15/09/2023,15/09/2035,0,MINISTERIO DE HACIENDA,HACIENDA,50015
DO1002261522,NO180130,BCENTRAL/9.5 BOEST 20300118 GTIA,210000,DOP,21,9.367,100.33374,14/08/2026,01:28:11 PM,ESTRUCTURADA,SEGUNDA PARTE,ROTC,16/12/2026,CONFIRMADA,3284043,0,18/01/2026,18/01/2030,9.25,BANCO CENTRAL DE LA REPUBLICA DOMINICANA,BCENTRAL,62209
DO1002261522,NO180130,BCENTRAL/9.5 BOEST 20300118 GTIA,210000,DOP,21,9.3852,100.316427,14/08/2026,01:28:11 PM,ESTRUCTURADA,PRIMERA PARTE,ROTC,14/08/2026,CONFIRMADA,3284043,0,18/01/2026,18/01/2030,9.25,BANCO CENTRAL DE LA REPUBLICA DOMINICANA,BCENTRAL,63000
DO1002261522,NO180130,BCENTRAL/9.5 BOEST 20300118 GTIA,210000,DOP,21,0,0,14/08/2026,01:28:10 PM,PRESTAMO,SEGUNDA PARTE,ROTC,17/01/2030,CONFIRMADA,3284044,0,18/01/2026,18/01/2030,0,BANCO CENTRAL DE LA REPUBLICA DOMINICANA,BCENTRAL,55734
DO1002261522,NO180130,BCENTRAL/9.5 BOEST 20300118 GTIA,210000,DOP,21,9.3852,100.316427,14/08/2026,01:28:10 PM,PRESTAMO,PRIMERA PARTE,ROTC,14/08/2026,CONFIRMADA,3284044,0,18/01/2026,18/01/2030,0,BANCO CENTRAL DE LA REPUBLICA DOMINICANA,BCENTRAL,60893
USP3579ECN50,BSRD2033, ,92000,USD,92,5.8893,100.557344,14/08/2026,01:28:09 PM,ESTRUCTURADA,SEGUNDA PARTE,ROTC,11/12/2026,CONFIRMADA,3284045,0,22/02/2022,22/02/2033,5.2,MINISTERIO DE HACIENDA,HACIENDA,50561
USP3579ECN50,BSRD2033, ,92000,USD,92,5.864,100.726692,14/08/2026,01:28:09 PM,ESTRUCTURADA,PRIMERA PARTE,ROTC,14/08/2026,CONFIRMADA,3284045,0,22/02/2022,22/02/2033,5.2,MINISTERIO DE HACIENDA,HACIENDA,50302
USP3579ECN50,BSRD2033, ,92000,USD,92,0,0,14/08/2026,01:28:08 PM,PRESTAMO,SEGUNDA PARTE,ROTC,21/02/2033,CONFIRMADA,3284046,0,22/02/2022,22/02/2033,0,MINISTERIO DE HACIENDA,HACIENDA,43330
USP3579ECN50,BSRD2033, ,92000,USD,92,5.864,100.726692,14/08/2026,01:28:08 PM,PRESTAMO,PRIMERA PARTE,ROTC,14/08/2026,CONFIRMADA,3284046,0,22/02/2022,22/02/2033,0,MINISTERIO DE HACIENDA,HACIENDA,48195
DO1002261423,NO301129,BCENTRAL/9.5 BOEST 20291130 GTIA,130000,DOP,13,0,0,14/08/2026,01:28:07 PM,PRESTAMO,SEGUNDA PARTE,ROTC,29/11/2029,CONFIRMADA,3284047,0,30/11/2025,30/11/2029,0,BANCO CENTRAL DE LA REPUBLICA DOMINICANA,BCENTRAL,55916
DO1002261423,NO301129,BCENTRAL/9.5 BOEST 20291130 GTIA,130000,DOP,13,9.6713,99.499374,14/08/2026,01:28:07 PM,PRESTAMO,PRIMERA PARTE,ROTC,14/08/2026,CONFIRMADA,3284047,0,30/11/2025,30/11/2029,0,BANCO CENTRAL DE LA REPUBLICA DOMINICANA,BCENTRAL,60858
DO1002223621,NO150127,BCENTRAL/8 BOEST 20270115 GTIA,200000,DOP,20,4.826,100.248654,14/08/2026,01:28:06 PM,ESTRUCTURADA,SEGUNDA PARTE,ROTC,16/12/2026,CONFIRMADA,3284048,0,15/01/2022,15/01/2027,9.35,BANCO CENTRAL DE LA REPUBLICA DOMINICANA,BCENTRAL,61915
DO1002223621,NO150127,BCENTRAL/8 BOEST 20270115 GTIA,200000,DOP,20,8.6869,99.712021,14/08/2026,01:28:06 PM,ESTRUCTURADA,PRIMERA PARTE,ROTC,14/08/2026,CONFIRMADA,3284048,0,15/01/2022,15/01/2027,9.35,BANCO CENTRAL DE LA REPUBLICA DOMINICANA,BCENTRAL,62125
DO1002261423,NO301129,BCENTRAL/9.5 BOEST 20291130 GTIA,1450000,DOP,145,8.9564,101.455341,14/08/2026,01:28:05 PM,ESTRUCTURADA,SEGUNDA PARTE,ROTC,21/09/2026,CONFIRMADA,3284049,0,30/11/2025,30/11/2029,8.7,BANCO CENTRAL DE LA REPUBLICA DOMINICANA,BCENTRAL,63798
DO1002261423,NO301129,BCENTRAL/9.5 BOEST 20291130 GTIA,1450000,DOP,145,8.9599,101.486319,14/08/2026,01:28:05 PM,ESTRUCTURADA,PRIMERA PARTE,ROTC,14/08/2026,CONFIRMADA,3284049,0,30/11/2025,30/11/2029,8.7,BANCO CENTRAL DE LA REPUBLICA DOMINICANA,BCENTRAL,63987
DO1002261423,NO301129,BCENTRAL/9.5 BOEST 20291130 GTIA,1450000,DOP,145,0,0,14/08/2026,01:28:04 PM,PRESTAMO,SEGUNDA PARTE,ROTC,29/11/2029,CONFIRMADA,3284050,0,30/11/2025,30/11/2029,0,BANCO CENTRAL DE LA REPUBLICA DOMINICANA,BCENTRAL,56651
DO1002261423,NO301129,BCENTRAL/9.5 BOEST 20291130 GTIA,1450000,DOP,145,8.9599,101.486319,14/08/2026,01:28:04 PM,PRESTAMO,PRIMERA PARTE,ROTC,14/08/2026,CONFIRMADA,3284050,0,30/11/2025,30/11/2029,0,BANCO CENTRAL DE LA REPUBLICA DOMINICANA,BCENTRAL,61880
DO1002261423,NO301129,BCENTRAL/9.5 BOEST 20291130 GTIA,100000,DOP,10,8.4062,102.880174,14/08/2026,01:28:03 PM,ESTRUCTURADA,SEGUNDA PARTE,ROTC,12/11/2026,CONFIRMADA,3284051,0,30/11/2025,30/11/2029,9.55,BANCO CENTRAL DE LA REPUBLICA DOMINICANA,BCENTRAL,62902
DO1002261423,NO301129,BCENTRAL/9.5 BOEST 20291130 GTIA,100000,DOP,10,8.5322,102.704623,14/08/2026,01:28:03 PM,ESTRUCTURADA,PRIMERA PARTE,ROTC,14/08/2026,CONFIRMADA,3284051,0,30/11/2025,30/11/2029,9.55,BANCO CENTRAL DE LA REPUBLICA DOMINICANA,BCENTRAL,62979
DO1002261423,NO301129,BCENTRAL/9.5 BOEST 20291130 GTIA,100000,DOP,10,0,0,14/08/2026,01:28:02 PM,PRESTAMO,SEGUNDA PARTE,ROTC,29/11/2029,CONFIRMADA,3284052,0,30/11/2025,30/11/2029,0,BANCO CENTRAL DE LA REPUBLICA DOMINICANA,BCENTRAL,55839
DO1002261423,NO301129,BCENTRAL/9.5 BOEST 20291130 GTIA,100000,DOP,10,8.5322,102.704623,14/08/2026,01:28:02 PM,PRESTAMO,PRIMERA PARTE,ROTC,14/08/2026,CONFIRMADA,3284052,0,30/11/2025,30/11/2029,0,BANCO CENTRAL DE LA REPUBLICA DOMINICANA,BCENTRAL,60872
DO1002261928,LE090427,BCENTRAL/ LT 20270409 GTIA,60000,DOP,6,13.039,93.151017,14/08/2026,01:28:00 PM,ESTRUCTURADA,SEGUNDA PARTE,ROTC,18/09/2026,CONFIRMADA,3284053,0,09/04/2026,09/04/2027,8.3,BANCO CENTRAL DE LA REPUBLICA DOMINICANA,BCENTRAL,59409
DO1002261928,LE090427,BCENTRAL/ LT 20270409 GTIA,60000,DOP,6,12.4318,92.405367,14/08/2026,01:28:00 PM,ESTRUCTURADA,PRIMERA PARTE,ROTC,14/08/2026,CONFIRMADA,3284053,0,09/04/2026,09/04/2027,8.3,BANCO CENTRAL DE LA REPUBLICA DOMINICANA,BCENTRAL,59857
DO1002261928,LE090427,BCENTRAL/ LT 20270409 GTIA,60000,DOP,6,0,0,14/08/2026,01:27:59 PM,PRESTAMO,SEGUNDA PARTE,ROTC,08/04/2027,CONFIRMADA,3284054,0,09/04/2026,09/04/2027,0,BANCO CENTRAL DE LA REPUBLICA DOMINICANA,BCENTRAL,52724
DO1002261928,LE090427,BCENTRAL/ LT 20270409 GTIA,60000,DOP,6,12.4318,92.405367,14/08/2026,01:27:59 PM,PRESTAMO,PRIMERA PARTE,ROTC,14/08/2026,CONFIRMADA,3284054,0,09/04/2026,09/04/2027,0,BANCO CENTRAL DE LA REPUBLICA DOMINICANA,BCENTRAL,57848
USP3579ECQ81,BSDR2033, ,4950000,DOP,99,9.2681,120.400789,14/08/2026,01:27:58 PM,ESTRUCTURADA,SEGUNDA PARTE,ROTC,16/10/2026,CONFIRMADA,3284055,0,03/02/2023,03/02/2033,9.2,MINISTERIO DE HACIENDA,HACIENDA,51324
USP3579ECQ81,BSDR2033, ,4950000,DOP,99,9.2764,120.795802,14/08/2026,01:27:58 PM,ESTRUCTURADA,PRIMERA PARTE,ROTC,14/08/2026,CONFIRMADA,3284055,0,03/02/2023,03/02/2033,9.2,MINISTERIO DE HACIENDA,HACIENDA,51457
USP3579ECQ81,BSDR2033, ,4950000,DOP,99,0,0,14/08/2026,01:27:57 PM,PRESTAMO,SEGUNDA PARTE,ROTC,02/02/2033,CONFIRMADA,3284056,0,03/02/2023,03/02/2033,0,MINISTERIO DE HACIENDA,HACIENDA,44100
USP3579ECQ81,BSDR2033, ,4950000,DOP,99,9.2764,120.795802,14/08/2026,01:27:57 PM,PRESTAMO,PRIMERA PARTE,ROTC,14/08/2026,CONFIRMADA,3284056,0,03/02/2023,03/02/2033,0,MINISTERIO DE HACIENDA,HACIENDA,49350
DO1002223621,NO150127,BCENTRAL/8 BOEST 20270115 GTIA,250000,DOP,25,9.612,99.822751,14/08/2026,01:27:56 PM,ESTRUCTURADA,SEGUNDA PARTE,ROTC,08/12/2026,CONFIRMADA,3284057,0,15/01/2022,15/01/2027,9.3,BANCO CENTRAL DE LA REPUBLICA DOMINICANA,BCENTRAL,61761
DO1002223621,NO150127,BCENTRAL/8 BOEST 20270115 GTIA,250000,DOP,25,9.5953,99.347826,14/08/2026,01:27:56 PM,ESTRUCTURADA,PRIMERA PARTE,ROTC,14/08/2026,CONFIRMADA,3284057,0,15/01/2022,15/01/2027,9.3,BANCO CENTRAL DE LA REPUBLICA DOMINICANA,BCENTRAL,62300
DO1002223621,NO150127,BCENTRAL/8 BOEST 20270115 GTIA,250000,DOP,25,0,0,14/08/2026,01:27:55 PM,PRESTAMO,SEGUNDA PARTE,ROTC,14/01/2027,CONFIRMADA,3284058,0,15/01/2022,15/01/2027,0,BANCO CENTRAL DE LA REPUBLICA DOMINICANA,BCENTRAL,55195
DO1002223621,NO150127,BCENTRAL/8 BOEST 20270115 GTIA,250000,DOP,25,9.5953,99.347826,14/08/2026,01:27:55 PM,PRESTAMO,PRIMERA PARTE,ROTC,14/08/2026,CONFIRMADA,3284058,0,15/01/2022,15/01/2027,0,BANCO CENTRAL DE LA REPUBLICA DOMINICANA,BCENTRAL,60193
DO1002261423,NO301129,BCENTRAL/9.5 BOEST 20291130 GTIA,480000,DOP,48,8.7041,102.156934,14/08/2026,01:27:54 PM,ESTRUCTURADA,SEGUNDA PARTE,ROTC,18/09/2026,CONFIRMADA,3284059,0,30/11/2025,30/11/2029,8.45,BANCO CENTRAL DE LA REPUBLICA DOMINICANA,BCENTRAL,63182
DO1002261423,NO301129,BCENTRAL/9.5 BOEST 20291130 GTIA,480000,DOP,48,8.7069,102.20471,14/08/2026,01:27:54 PM,ESTRUCTURADA,PRIMERA PARTE,ROTC,14/08/2026,CONFIRMADA,3284059,0,30/11/2025,30/11/2029,8.45,BANCO CENTRAL DE LA REPUBLICA DOMINICANA,BCENTRAL,62846
DO1002261423,NO301129,BCENTRAL/9.5 BOEST 20291130 GTIA,410000,DOP,41,8.7283,102.089486,14/08/2026,01:27:53 PM,ESTRUCTURADA,SEGUNDA PARTE,ROTC,18/09/2026,CONFIRMADA,3284060,0,30/11/2025,30/11/2029,9.35,BANCO CENTRAL DE LA REPUBLICA DOMINICANA,BCENTRAL,63182
DO1002261423,NO301129,BCENTRAL/9.5 BOEST 20291130 GTIA,410000,DOP,41,8.7621,102.047543,14/08/2026,01:27:53 PM,ESTRUCTURADA,PRIMERA PARTE,ROTC,14/08/2026,CONFIRMADA,3284060,0,30/11/2025,30/11/2029,9.35,BANCO CENTRAL DE LA REPUBLICA DOMINICANA,BCENTRAL,63098
DO1002261423,NO301129,BCENTRAL/9.5 BOEST 20291130 GTIA,410000,DOP,41,0,0,14/08/2026,01:27:52 PM,PRESTAMO,SEGUNDA PARTE,ROTC,29/11/2029,CONFIRMADA,3284061,0,30/11/2025,30/11/2029,0,BANCO CENTRAL DE LA REPUBLICA DOMINICANA,BCENTRAL,55923
DO1002261423,NO301129,BCENTRAL/9.5 BOEST 20291130 GTIA,410000,DOP,41,8.7621,102.047543,14/08/2026,01:27:52 PM,PRESTAMO,PRIMERA PARTE,ROTC,14/08/2026,CONFIRMADA,3284061,0,30/11/2025,30/11/2029,0,BANCO CENTRAL DE LA REPUBLICA DOMINICANA,BCENTRAL,60991
DO1002261423,NO301129,BCENTRAL/9.5 BOEST 20291130 GTIA,480000,DOP,48,0,0,14/08/2026,01:27:51 PM,PRESTAMO,SEGUNDA PARTE,ROTC,29/11/2029,CONFIRMADA,3284062,0,30/11/2025,30/11/2029,0,BANCO CENTRAL DE LA REPUBLICA DOMINICANA,BCENTRAL,56014
DO1002261423,NO301129,BCENTRAL/9.5 BOEST 20291130 GTIA,480000,DOP,48,8.7069,102.20471,14/08/2026,01:27:51 PM,PRESTAMO,PRIMERA PARTE,ROTC,14/08/2026,CONFIRMADA,3284062,0,30/11/2025,30/11/2029,0,BANCO CENTRAL DE LA REPUBLICA DOMINICANA,BCENTRAL,60725
USP3579ECV76,BSDR2036, ,350000,DOP,7,9.0395,110.58494,14/08/2026,01:27:50 PM,ESTRUCTURADA,SEGUNDA PARTE,ROTC,10/02/2027,CONFIRMADA,3284064,0,01/07/2024,01/06/2036,9.15,MINISTERIO DE HACIENDA,HACIENDA,50176
USP3579ECV76,BSDR2036, ,350000,DOP,7,9.0772,110.677282,14/08/2026,01:27:50 PM,ESTRUCTURADA,PRIMERA PARTE,ROTC,14/08/2026,CONFIRMADA,3284064,0,01/07/2024,01/06/2036,9.15,MINISTERIO DE HACIENDA,HACIENDA,50645
USP3579ECV76,BSDR2036, ,350000,DOP,7,0,0,14/08/2026,01:27:49 PM,PRESTAMO,SEGUNDA PARTE,ROTC,30/05/2036,CONFIRMADA,3284065,0,01/07/2024,01/06/2036,0,MINISTERIO DE HACIENDA,HACIENDA,43421
USP3579ECV76,BSDR2036, ,350000,DOP,7,9.0772,110.677282,14/08/2026,01:27:49 PM,PRESTAMO,PRIMERA PARTE,ROTC,14/08/2026,CONFIRMADA,3284065,0,01/07/2024,01/06/2036,0,MINISTERIO DE HACIENDA,HACIENDA,48601
USP3579ECQ81,BSDR2033, ,3300000,DOP,66,9.1686,120.164994,14/08/2026,01:27:48 PM,ESTRUCTURADA,SEGUNDA PARTE,ROTC,10/02/2027,CONFIRMADA,3284066,0,03/02/2023,03/02/2033,9.95,MINISTERIO DE HACIENDA,HACIENDA,51226
USP3579ECQ81,BSDR2033, ,3300000,DOP,66,9.2764,120.795802,14/08/2026,01:27:48 PM,ESTRUCTURADA,PRIMERA PARTE,ROTC,14/08/2026,CONFIRMADA,3284066,0,03/02/2023,03/02/2033,9.95,MINISTERIO DE HACIENDA,HACIENDA,51324
DO1002261928,LE090427,BCENTRAL/ LT 20270409 GTIA,80000,DOP,8,6.0279,96.697,14/08/2026,01:27:47 PM,ESTRUCTURADA,SEGUNDA PARTE,ROTC,17/09/2026,CONFIRMADA,3284067,0,09/04/2026,09/04/2027,9.35,BANCO CENTRAL DE LA REPUBLICA DOMINICANA,BCENTRAL,58618
DO1002261928,LE090427,BCENTRAL/ LT 20270409 GTIA,80000,DOP,8,6.5481,95.850588,14/08/2026,01:27:47 PM,ESTRUCTURADA,PRIMERA PARTE,ROTC,14/08/2026,CONFIRMADA,3284067,0,09/04/2026,09/04/2027,9.35,BANCO CENTRAL DE LA REPUBLICA DOMINICANA,BCENTRAL,59738
DO1002261928,LE090427,BCENTRAL/ LT 20270409 GTIA,80000,DOP,8,0,0,14/08/2026,01:27:45 PM,PRESTAMO,SEGUNDA PARTE,ROTC,08/04/2027,CONFIRMADA,3284068,0,09/04/2026,09/04/2027,0,BANCO CENTRAL DE LA REPUBLICA DOMINICANA,BCENTRAL,52717
DO1002261928,LE090427,BCENTRAL/ LT 20270409 GTIA,80000,DOP,8,6.5481,95.850588,14/08/2026,01:27:45 PM,PRESTAMO,PRIMERA PARTE,ROTC,14/08/2026,CONFIRMADA,3284068,0,09/04/2026,09/04/2027,0,BANCO CENTRAL DE LA REPUBLICA DOMINICANA,BCENTRAL,57624
USP3579EAY34,BSRD2044,DOMINICAN Rep/7.45 BD 20440430 GO,376000,USD,376,6.8292,106.293597,14/08/2026,01:27:44 PM,ESTRUCTURADA,SEGUNDA PARTE,ROTC,21/09/2026,CONFIRMADA,3284069,0,30/04/2014,30/04/2044,4.8,MINISTERIO DE HACIENDA,HACIENDA,65387
USP3579EAY34,BSRD2044,DOMINICAN Rep/7.45 BD 20440430 GO,376000,USD,376,6.8103,106.508741,14/08/2026,01:27:44 PM,ESTRUCTURADA,PRIMERA PARTE,ROTC,14/08/2026,CONFIRMADA,3284069,0,30/04/2014,30/04/2044,4.8,MINISTERIO DE HACIENDA,HACIENDA,65324
USP3579EAY34,BSRD2044,DOMINICAN Rep/7.45 BD 20440430 GO,376000,USD,376,0,0,14/08/2026,01:27:43 PM,PRESTAMO,SEGUNDA PARTE,ROTC,29/04/2044,CONFIRMADA,3284070,0,30/04/2014,30/04/2044,0,MINISTERIO DE HACIENDA,HACIENDA,58142
USP3579EAY34,BSRD2044,DOMINICAN Rep/7.45 BD 20440430 GO,376000,USD,376,6.8103,106.508741,14/08/2026,01:27:43 PM,PRESTAMO,PRIMERA PARTE,ROTC,14/08/2026,CONFIRMADA,3284070,0,30/04/2014,30/04/2044,0,MINISTERIO DE HACIENDA,HACIENDA,63217
USP3579ECQ81,BSDR2033, ,3300000,DOP,66,0,0,14/08/2026,01:27:42 PM,PRESTAMO,SEGUNDA PARTE,ROTC,02/02/2033,CONFIRMADA,3284071,0,03/02/2023,03/02/2033,0,MINISTERIO DE HACIENDA,HACIENDA,43932
USP3579ECQ81,BSDR2033, ,3300000,DOP,66,9.2764,120.795802,14/08/2026,01:27:42 PM,PRESTAMO,PRIMERA PARTE,ROTC,14/08/2026,CONFIRMADA,3284071,0,03/02/2023,03/02/2033,0,MINISTERIO DE HACIENDA,HACIENDA,49182
USP3579EBY25,BSRD2048,DOMINICAN REP/6.5 CHURCH BD UNSEC,7000,USD,7,6.8309,96.312675,14/08/2026,01:27:41 PM,ESTRUCTURADA,SEGUNDA PARTE,ROTC,14/12/2026,CONFIRMADA,3284072,0,08/02/2018,15/02/2048,5.05,MINISTERIO DE HACIENDA,HACIENDA,64652
USP3579EBY25,BSRD2048,DOMINICAN REP/6.5 CHURCH BD UNSEC,7000,USD,7,6.7879,96.768056,14/08/2026,01:27:41 PM,ESTRUCTURADA,PRIMERA PARTE,ROTC,14/08/2026,CONFIRMADA,3284072,0,08/02/2018,15/02/2048,5.05,MINISTERIO DE HACIENDA,HACIENDA,64883
USP3579EBY25,BSRD2048,DOMINICAN REP/6.5 CHURCH BD UNSEC,7000,USD,7,0,0,14/08/2026,01:27:39 PM,PRESTAMO,SEGUNDA PARTE,ROTC,14/02/2048,CONFIRMADA,3284073,0,08/02/2018,15/02/2048,0,MINISTERIO DE HACIENDA,HACIENDA,57827
USP3579EBY25,BSRD2048,DOMINICAN REP/6.5 CHURCH BD UNSEC,7000,USD,7,6.7879,96.768056,14/08/2026,01:27:39 PM,PRESTAMO,PRIMERA PARTE,ROTC,14/08/2026,CONFIRMADA,3284073,0,08/02/2018,15/02/2048,0,MINISTERIO DE HACIENDA,HACIENDA,62832
DO1002261928,LE090427,BCENTRAL/ LT 20270409 GTIA,150000,DOP,15,12.1939,96.125427,14/08/2026,01:27:38 PM,ESTRUCTURADA,SEGUNDA PARTE,ROTC,11/12/2026,CONFIRMADA,3284074,0,09/04/2026,09/04/2027,9.05,BANCO CENTRAL DE LA REPUBLICA DOMINICANA,BCENTRAL,60522
DO1002261928,LE090427,BCENTRAL/ LT 20270409 GTIA,150000,DOP,15,10.8043,93.333333,14/08/2026,01:27:38 PM,ESTRUCTURADA,PRIMERA PARTE,ROTC,14/08/2026,CONFIRMADA,3284074,0,09/04/2026,09/04/2027,9.05,BANCO CENTRAL DE LA REPUBLICA DOMINICANA,BCENTRAL,60536
DO1002261928,LE090427,BCENTRAL/ LT 20270409 GTIA,1300000,DOP,130,10.0135,96.874278,14/08/2026,01:27:37 PM,ESTRUCTURADA,SEGUNDA PARTE,ROTC,14/12/2026,CONFIRMADA,3284075,0,09/04/2026,09/04/2027,9.25,BANCO CENTRAL DE LA REPUBLICA DOMINICANA,BCENTRAL,61180
DO1002261928,LE090427,BCENTRAL/ LT 20270409 GTIA,1300000,DOP,130,9.7751,93.929839,14/08/2026,01:27:37 PM,ESTRUCTURADA,PRIMERA PARTE,ROTC,14/08/2026,CONFIRMADA,3284075,0,09/04/2026,09/04/2027,9.25,BANCO CENTRAL DE LA REPUBLICA DOMINICANA,BCENTRAL,61082
DO1002261928,LE090427,BCENTRAL/ LT 20270409 GTIA,1300000,DOP,130,0,0,14/08/2026,01:27:36 PM,PRESTAMO,SEGUNDA PARTE,ROTC,08/04/2027,CONFIRMADA,3284076,0,09/04/2026,09/04/2027,0,BANCO CENTRAL DE LA REPUBLICA DOMINICANA,BCENTRAL,54005
DO1002261928,LE090427,BCENTRAL/ LT 20270409 GTIA,1300000,DOP,130,9.7751,93.929839,14/08/2026,01:27:36 PM,PRESTAMO,PRIMERA PARTE,ROTC,14/08/2026,CONFIRMADA,3284076,0,09/04/2026,09/04/2027,0,BANCO CENTRAL DE LA REPUBLICA DOMINICANA,BCENTRAL,58975
DO1002261928,LE090427,BCENTRAL/ LT 20270409 GTIA,150000,DOP,15,0,0,14/08/2026,01:27:35 PM,PRESTAMO,SEGUNDA PARTE,ROTC,08/04/2027,CONFIRMADA,3284077,0,09/04/2026,09/04/2027,0,BANCO CENTRAL DE LA REPUBLICA DOMINICANA,BCENTRAL,53354
DO1002261928,LE090427,BCENTRAL/ LT 20270409 GTIA,150000,DOP,15,10.8043,93.333333,14/08/2026,01:27:35 PM,PRESTAMO,PRIMERA PARTE,ROTC,14/08/2026,CONFIRMADA,3284077,0,09/04/2026,09/04/2027,0,BANCO CENTRAL DE LA REPUBLICA DOMINICANA,BCENTRAL,58415
USP3579EBY25,BSRD2048,DOMINICAN REP/6.5 CHURCH BD UNSEC,8000,USD,8,6.8042,96.588139,14/08/2026,01:27:34 PM,ESTRUCTURADA,SEGUNDA PARTE,ROTC,14/09/2026,CONFIRMADA,3284078,0,08/02/2018,15/02/2048,4.2,MINISTERIO DE HACIENDA,HACIENDA,64750
USP3579EBY25,BSRD2048,DOMINICAN REP/6.5 CHURCH BD UNSEC,8000,USD,8,6.7879,96.768056,14/08/2026,01:27:34 PM,ESTRUCTURADA,PRIMERA PARTE,ROTC,14/08/2026,CONFIRMADA,3284078,0,08/02/2018,15/02/2048,4.2,MINISTERIO DE HACIENDA,HACIENDA,64911
USP3579EBY25,BSRD2048,DOMINICAN REP/6.5 CHURCH BD UNSEC,8000,USD,8,0,0,14/08/2026,01:27:33 PM,PRESTAMO,SEGUNDA PARTE,ROTC,14/02/2048,CONFIRMADA,3284079,0,08/02/2018,15/02/2048,0,MINISTERIO DE HACIENDA,HACIENDA,57799
USP3579EBY25,BSRD2048,DOMINICAN REP/6.5 CHURCH BD UNSEC,8000,USD,8,6.7879,96.768056,14/08/2026,01:27:33 PM,PRESTAMO,PRIMERA PARTE,ROTC,14/08/2026,CONFIRMADA,3284079,0,08/02/2018,15/02/2048,0,MINISTERIO DE HACIENDA,HACIENDA,62804
USP3579ECN50,BSRD2033, ,150000,USD,150,6.0164,99.905473,14/08/2026,01:27:32 PM,ESTRUCTURADA,SEGUNDA PARTE,ROTC,13/10/2026,CONFIRMADA,3284080,0,22/02/2022,22/02/2033,5.4,MINISTERIO DE HACIENDA,HACIENDA,50799
USP3579ECN50,BSRD2033, ,150000,USD,150,6.0065,99.963333,14/08/2026,01:27:32 PM,ESTRUCTURADA,PRIMERA PARTE,ROTC,14/08/2026,CONFIRMADA,3284080,0,22/02/2022,22/02/2033,5.4,MINISTERIO DE HACIENDA,HACIENDA,50911
USP3579ECN50,BSRD2033, ,150000,USD,150,0,0,14/08/2026,01:27:31 PM,PRESTAMO,SEGUNDA PARTE,ROTC,21/02/2033,CONFIRMADA,3284081,0,22/02/2022,22/02/2033,0,MINISTERIO DE HACIENDA,HACIENDA,43897
USP3579ECN50,BSRD2033, ,150000,USD,150,6.0065,99.963333,14/08/2026,01:27:31 PM,PRESTAMO,PRIMERA PARTE,ROTC,14/08/2026,CONFIRMADA,3284081,0,22/02/2022,22/02/2033,0,MINISTERIO DE HACIENDA,HACIENDA,48804
DO1002224124,NO120327,BCENTRAL/8 BOEST 20270312 GTIA,10400000,DOP,1040,8,99.989539,14/08/2026,01:27:15 PM,CONTADO,PRIMERA PARTE,ROTC,14/08/2026,CONFIRMADA,3284015,0,12/03/2022,12/03/2027,0,BANCO CENTRAL DE LA REPUBLICA DOMINICANA,BCENTRAL,59031
DO1002261928,LE090427,BCENTRAL/ LT 20270409 GTIA,9860000,DOP,986,9.1466,94.365714,14/08/2026,01:26:52 PM,CONTADO,PRIMERA PARTE,ROTC,17/08/2026,CONFIRMADA,3283995,0,09/04/2026,09/04/2027,0,BANCO CENTRAL DE LA REPUBLICA DOMINICANA,BCENTRAL,58436
USP3579ECH82,BSRD2032,"DOMINICAN, REP /4.875 BD 20320923",42000,USD,42,5.1,98.830423,14/08/2026,01:26:15 PM,PLAZO,PRIMERA PARTE,ROTC,21/08/2026,CONFIRMADA,3284063,0,23/09/2020,23/09/2032,0,MINISTERIO DE HACIENDA,HACIENDA,58506
DO1002261928,LE090427,BCENTRAL/ LT 20270409 GTIA,120000,DOP,12,6.504,95.877425,14/08/2026,01:25:53 PM,CONTADO,PRIMERA PARTE,ROTC,14/08/2026,CONFIRMADA,3283917,0,09/04/2026,09/04/2027,0,BANCO CENTRAL DE LA REPUBLICA DOMINICANA,BCENTRAL,57106
DO1005208322,MHUS2040,HACIENDA/6.75 BOEST 20400724 GTIA,3000,USD,3,3.7027,132.955,14/08/2026,01:25:14 PM,CONTADO,PRIMERA PARTE,ROTC,14/08/2026,CONFIRMADA,3283874,0,24/07/2020,24/07/2040,0,MINISTERIO DE HACIENDA,HACIENDA,58800
DO1002261928,LE090427,BCENTRAL/ LT 20270409 GTIA,3070000,DOP,307,8.9802,94.462541,14/08/2026,01:24:48 PM,CONTADO,PRIMERA PARTE,ROTC,17/08/2026,CONFIRMADA,3283896,0,09/04/2026,09/04/2027,0,BANCO CENTRAL DE LA REPUBLICA DOMINICANA,BCENTRAL,58254
DO1005208322,MHUS2040,HACIENDA/6.75 BOEST 20400724 GTIA,839000,USD,839,4.6546,121.314424,14/08/2026,01:23:56 PM,CONTADO,PRIMERA PARTE,ROTC,14/08/2026,CONFIRMADA,3283871,0,24/07/2020,24/07/2040,0,MINISTERIO DE HACIENDA,HACIENDA,61439
DO1005206516,MH32028,HACIENDA/10.75 BOEST 20280811 GTIA,2000000,DOP,20,4.66775,108.706,14/08/2026,01:23:38 PM,PRESTAMO,SEGUNDA PARTE,ROTC,10/02/2027,CONFIRMADA,3283769,0,10/08/2018,11/08/2028,10.75,MINISTERIO DE HACIENDA,HACIENDA,60655
DO1005206516,MH32028,HACIENDA/10.75 BOEST 20280811 GTIA,2000000,DOP,20,8.587,103.882192,14/08/2026,01:23:38 PM,PRESTAMO,PRIMERA PARTE,ROTC,14/08/2026,CONFIRMADA,3283769,0,10/08/2018,11/08/2028,10.75,MINISTERIO DE HACIENDA,HACIENDA,61152
DO1005208322,MHUS2040,HACIENDA/6.75 BOEST 20400724 GTIA,172000,USD,172,4.6197,121.718023,14/08/2026,01:23:38 PM,CONTADO,PRIMERA PARTE,ROTC,14/08/2026,CONFIRMADA,3283893,0,24/07/2020,24/07/2040,0,MINISTERIO DE HACIENDA,HACIENDA,61334
USP3579EAG28,BSRD2027,DOMINICAN Rep/8.625 BD 20270420 U,562000,USD,562,0,106.52404,14/08/2026,01:23:16 PM,PRESTAMO,SEGUNDA PARTE,ROTC,10/02/2027,CONFIRMADA,3284016,0,20/03/2006,20/04/2027,4.49,MINISTERIO DE HACIENDA,HACIENDA,60641
USP3579EAG28,BSRD2027,DOMINICAN Rep/8.625 BD 20270420 U,562000,USD,562,2.624,104.031383,14/08/2026,01:23:16 PM,PRESTAMO,PRIMERA PARTE,ROTC,14/08/2026,CONFIRMADA,3284016,0,20/03/2006,20/04/2027,4.49,MINISTERIO DE HACIENDA,HACIENDA,62538
USP3579EAG28,BSRD2027,DOMINICAN Rep/8.625 BD 20270420 U,562000,USD,562,0,106.52404,14/08/2026,01:23:15 PM,ESTRUCTURADA,SEGUNDA PARTE,ROTC,10/02/2027,CONFIRMADA,3283993,0,20/03/2006,20/04/2027,4.49,MINISTERIO DE HACIENDA,HACIENDA,62734
USP3579EAG28,BSRD2027,DOMINICAN Rep/8.625 BD 20270420 U,562000,USD,562,2.624,104.031383,14/08/2026,01:23:15 PM,ESTRUCTURADA,PRIMERA PARTE,ROTC,14/08/2026,CONFIRMADA,3283993,0,20/03/2006,20/04/2027,4.49,MINISTERIO DE HACIENDA,HACIENDA,64631
DO1005206516,MH32028,HACIENDA/10.75 BOEST 20280811 GTIA,2000000,DOP,20,4.66775,108.706,14/08/2026,01:22:11 PM,ESTRUCTURADA,SEGUNDA PARTE,ROTC,10/02/2027,CONFIRMADA,3283768,0,10/08/2018,11/08/2028,10.75,MINISTERIO DE HACIENDA,HACIENDA,62685
DO1005206516,MH32028,HACIENDA/10.75 BOEST 20280811 GTIA,2000000,DOP,20,8.587,103.882192,14/08/2026,01:22:11 PM,ESTRUCTURADA,PRIMERA PARTE,ROTC,14/08/2026,CONFIRMADA,3283768,0,10/08/2018,11/08/2028,10.75,MINISTERIO DE HACIENDA,HACIENDA,63182
DO1005208629,MH12031,HACIENDA/8.5 BOEST 20310611 GTIA,4200000,DOP,42,3.0043,122.659752,14/08/2026,01:21:50 PM,PRESTAMO,SEGUNDA PARTE,ROTC,10/02/2027,CONFIRMADA,3284013,0,11/06/2021,11/06/2031,8.49,MINISTERIO DE HACIENDA,HACIENDA,60536
DO1005208629,MH12031,HACIENDA/8.5 BOEST 20310611 GTIA,4200000,DOP,42,4.5347,117.53529,14/08/2026,01:21:50 PM,PRESTAMO,PRIMERA PARTE,ROTC,14/08/2026,CONFIRMADA,3284013,0,11/06/2021,11/06/2031,8.49,MINISTERIO DE HACIENDA,HACIENDA,60375
DO1002223928,NO120227,BCENTRAL/8 BOEST 20270212 GTIA,525600000,DOP,52560,9.500001,99.290624,14/08/2026,01:21:48 PM,CONTADO,PRIMERA PARTE,ROTC,14/08/2026,CONFIRMADA,3283940,0,12/02/2022,12/02/2027,0,BANCO CENTRAL DE LA REPUBLICA DOMINICANA,BCENTRAL,62195
DO1005208629,MH12031,HACIENDA/8.5 BOEST 20310611 GTIA,4200000,DOP,42,3.0043,122.659752,14/08/2026,01:21:48 PM,ESTRUCTURADA,SEGUNDA PARTE,ROTC,10/02/2027,CONFIRMADA,3283994,0,11/06/2021,11/06/2031,8.49,MINISTERIO DE HACIENDA,HACIENDA,62685
DO1005208629,MH12031,HACIENDA/8.5 BOEST 20310611 GTIA,4200000,DOP,42,4.5347,117.53529,14/08/2026,01:21:48 PM,ESTRUCTURADA,PRIMERA PARTE,ROTC,14/08/2026,CONFIRMADA,3283994,0,11/06/2021,11/06/2031,8.49,MINISTERIO DE HACIENDA,HACIENDA,62524
DO1005213025,MH22031,HACIENDA/10.25 BOEST 20310209 GTIA,9500000,DOP,95,8.8325,105.088561,14/08/2026,01:21:46 PM,PRESTAMO,SEGUNDA PARTE,ROTC,14/09/2026,CONFIRMADA,3283925,0,09/02/2024,09/02/2031,0.939521,MINISTERIO DE HACIENDA,HACIENDA,61397
DO1005213025,MH22031,HACIENDA/10.25 BOEST 20310209 GTIA,9500000,DOP,95,8.8556,105.102693,14/08/2026,01:21:46 PM,PRESTAMO,PRIMERA PARTE,ROTC,14/08/2026,CONFIRMADA,3283925,0,09/02/2024,09/02/2031,0.939521,MINISTERIO DE HACIENDA,HACIENDA,61446
DO1005213025,MH22031,HACIENDA/10.25 BOEST 20310209 GTIA,9500000,DOP,95,8.8325,105.088561,14/08/2026,01:21:45 PM,ESTRUCTURADA,SEGUNDA PARTE,ROTC,14/09/2026,CONFIRMADA,3283924,0,09/02/2024,09/02/2031,9.45,MINISTERIO DE HACIENDA,HACIENDA,63490
DO1005213025,MH22031,HACIENDA/10.25 BOEST 20310209 GTIA,9500000,DOP,95,8.8556,105.102693,14/08/2026,01:21:45 PM,ESTRUCTURADA,PRIMERA PARTE,ROTC,14/08/2026,CONFIRMADA,3283924,0,09/02/2024,09/02/2031,9.45,MINISTERIO DE HACIENDA,HACIENDA,63539
DO1005213025,MH22031,HACIENDA/10.25 BOEST 20310209 GTIA,27500000,DOP,275,8.861,104.983258,14/08/2026,01:21:44 PM,PRESTAMO,SEGUNDA PARTE,ROTC,14/09/2026,CONFIRMADA,3283923,0,09/02/2024,09/02/2031,0.939652,MINISTERIO DE HACIENDA,HACIENDA,61740
DO1005213025,MH22031,HACIENDA/10.25 BOEST 20310209 GTIA,27500000,DOP,275,8.8835,104.99824,14/08/2026,01:21:44 PM,PRESTAMO,PRIMERA PARTE,ROTC,14/08/2026,CONFIRMADA,3283923,0,09/02/2024,09/02/2031,0.939652,MINISTERIO DE HACIENDA,HACIENDA,61838
DO1005213025,MH22031,HACIENDA/10.25 BOEST 20310209 GTIA,27500000,DOP,275,8.861,104.983258,14/08/2026,01:21:43 PM,ESTRUCTURADA,SEGUNDA PARTE,ROTC,14/09/2026,CONFIRMADA,3283922,0,09/02/2024,09/02/2031,9.45,MINISTERIO DE HACIENDA,HACIENDA,63833
DO1005213025,MH22031,HACIENDA/10.25 BOEST 20310209 GTIA,27500000,DOP,275,8.8835,104.99824,14/08/2026,01:21:43 PM,ESTRUCTURADA,PRIMERA PARTE,ROTC,14/08/2026,CONFIRMADA,3283922,0,09/02/2024,09/02/2031,9.45,MINISTERIO DE HACIENDA,HACIENDA,63931
DO1005208322,MHUS2040,HACIENDA/6.75 BOEST 20400724 GTIA,12000,USD,12,4.9393,118.09025,14/08/2026,01:20:14 PM,CONTADO,PRIMERA PARTE,ROTC,14/08/2026,CONFIRMADA,3283868,0,24/07/2020,24/07/2040,0,MINISTERIO DE HACIENDA,HACIENDA,60179
USP3579ECE51,BSRD2049,"DOMINICAN, REP /6.4 BD 20490605",150000,USD,150,6.0000015,104.9244,14/08/2026,01:19:57 PM,CONTADO,PRIMERA PARTE,ROTC,14/08/2026,CONFIRMADA,3283961,0,05/06/2019,05/06/2049,0,MINISTERIO DE HACIENDA,HACIENDA,61061
DO1002261928,LE090427,BCENTRAL/ LT 20270409 GTIA,340000,DOP,34,8.8036,94.499938,14/08/2026,01:19:47 PM,CONTADO,PRIMERA PARTE,ROTC,14/08/2026,CONFIRMADA,3283865,0,09/04/2026,09/04/2027,0,BANCO CENTRAL DE LA REPUBLICA DOMINICANA,BCENTRAL,57666
DO1005208322,MHUS2040,HACIENDA/6.75 BOEST 20400724 GTIA,1796000,USD,1796,4.6494,121.374816,14/08/2026,01:19:21 PM,CONTADO,PRIMERA PARTE,ROTC,14/08/2026,CONFIRMADA,3283862,0,24/07/2020,24/07/2040,0,MINISTERIO DE HACIENDA,HACIENDA,62223
DO1005208322,MHUS2040,HACIENDA/6.75 BOEST 20400724 GTIA,1796000,USD,1796,4.6494,121.374816,14/08/2026,01:18:58 PM,CONTADO,PRIMERA PARTE,ROTC,14/08/2026,CONFIRMADA,3283859,0,24/07/2020,24/07/2040,0,MINISTERIO DE HACIENDA,HACIENDA,62286
USP3579ECB13,BSRD2028,"DOMINICAN, REP /6 BD 20280719 REGS",65000,USD,65,5.2,101.446999,14/08/2026,01:18:44 PM,CONTADO,PRIMERA PARTE,ROTC,14/08/2026,CONFIRMADA,3283970,0,19/07/2018,19/07/2028,0,MINISTERIO DE HACIENDA,HACIENDA,60816
DO1005208322,MHUS2040,HACIENDA/6.75 BOEST 20400724 GTIA,4000,USD,4,4.3726,124.62175,14/08/2026,01:17:44 PM,CONTADO,PRIMERA PARTE,ROTC,14/08/2026,CONFIRMADA,3283856,0,24/07/2020,24/07/2040,0,MINISTERIO DE HACIENDA,HACIENDA,59556
DO1002226525,NO180228,BCENTRAL/15 BOEST 20280218 GTIA,9600000,DOP,960,8.2584,105.958574,14/08/2026,01:17:40 PM,PRESTAMO,SEGUNDA PARTE,ROTC,12/03/2027,CONFIRMADA,3283945,0,18/02/2023,18/02/2028,1.155437,BANCO CENTRAL DE LA REPUBLICA DOMINICANA,BCENTRAL,61537
DO1002226525,NO180228,BCENTRAL/15 BOEST 20280218 GTIA,9600000,DOP,960,9.1335,108.104993,14/08/2026,01:17:40 PM,PRESTAMO,PRIMERA PARTE,ROTC,14/08/2026,CONFIRMADA,3283945,0,18/02/2023,18/02/2028,1.155437,BANCO CENTRAL DE LA REPUBLICA DOMINICANA,BCENTRAL,61537
DO1002226525,NO180228,BCENTRAL/15 BOEST 20280218 GTIA,9600000,DOP,960,8.2584,105.958574,14/08/2026,01:17:39 PM,ESTRUCTURADA,SEGUNDA PARTE,ROTC,12/03/2027,CONFIRMADA,3283944,0,18/02/2023,18/02/2028,9.55,BANCO CENTRAL DE LA REPUBLICA DOMINICANA,BCENTRAL,63693
DO1002226525,NO180228,BCENTRAL/15 BOEST 20280218 GTIA,9600000,DOP,960,9.1335,108.104993,14/08/2026,01:17:39 PM,ESTRUCTURADA,PRIMERA PARTE,ROTC,14/08/2026,CONFIRMADA,3283944,0,18/02/2023,18/02/2028,9.55,BANCO CENTRAL DE LA REPUBLICA DOMINICANA,BCENTRAL,63693
DO1002261928,LE090427,BCENTRAL/ LT 20270409 GTIA,15920000,DOP,1592,9.1686,94.3529,14/08/2026,01:16:39 PM,CONTADO,PRIMERA PARTE,ROTC,17/08/2026,CONFIRMADA,3283853,0,09/04/2026,09/04/2027,0,BANCO CENTRAL DE LA REPUBLICA DOMINICANA,BCENTRAL,58359
DO1005208025,COV2040,HACIENDA/10.875 BOEST 20400228 GTIA,200000,DOP,2,13.3862,84.52935,14/08/2026,01:16:03 PM,ESTRUCTURADA,SEGUNDA PARTE,ROTC,03/09/2026,CONFIRMADA,3283957,0,28/02/2020,28/02/2040,6.95,MINISTERIO DE HACIENDA,HACIENDA,62972
DO1005208025,COV2040,HACIENDA/10.875 BOEST 20400228 GTIA,200000,DOP,2,14.3694,79.40662,14/08/2026,01:16:03 PM,ESTRUCTURADA,PRIMERA PARTE,ROTC,14/08/2026,CONFIRMADA,3283957,0,28/02/2020,28/02/2040,6.95,MINISTERIO DE HACIENDA,HACIENDA,63056
DO1005208025,COV2040,HACIENDA/10.875 BOEST 20400228 GTIA,200000,DOP,2,13.3862,84.52935,14/08/2026,01:16:02 PM,PRESTAMO,SEGUNDA PARTE,ROTC,03/09/2026,CONFIRMADA,3283958,0,28/02/2020,28/02/2040,6.258544,MINISTERIO DE HACIENDA,HACIENDA,60865
DO1005208025,COV2040,HACIENDA/10.875 BOEST 20400228 GTIA,200000,DOP,2,14.3694,79.40662,14/08/2026,01:16:02 PM,PRESTAMO,PRIMERA PARTE,ROTC,14/08/2026,CONFIRMADA,3283958,0,28/02/2020,28/02/2040,6.258544,MINISTERIO DE HACIENDA,HACIENDA,60949
DO1002261928,LE090427,BCENTRAL/ LT 20270409 GTIA,350000,DOP,35,9.6815,93.984506,14/08/2026,01:15:46 PM,CONTADO,PRIMERA PARTE,ROTC,14/08/2026,CONFIRMADA,3283850,0,09/04/2026,09/04/2027,0,BANCO CENTRAL DE LA REPUBLICA DOMINICANA,BCENTRAL,57596
USP3579ECG00,BSRD2060,DOMINICAN REP/5.875 BD 20600130 U,48000,USD,48,5.0592,113.012458,14/08/2026,01:15:06 PM,ESTRUCTURADA,SEGUNDA PARTE,ROTC,19/02/2027,CONFIRMADA,3283942,0,30/01/2020,30/01/2060,4.65,MINISTERIO DE HACIENDA,HACIENDA,63756
USP3579ECG00,BSRD2060,DOMINICAN REP/5.875 BD 20600130 U,48000,USD,48,5.0501,113.250993,14/08/2026,01:15:06 PM,ESTRUCTURADA,PRIMERA PARTE,ROTC,19/08/2026,CONFIRMADA,3283942,0,30/01/2020,30/01/2060,4.65,MINISTERIO DE HACIENDA,HACIENDA,63840
USP3579ECG00,BSRD2060,DOMINICAN REP/5.875 BD 20600130 U,48000,USD,48,5.0592,113.012458,14/08/2026,01:15:05 PM,PRESTAMO,SEGUNDA PARTE,ROTC,19/02/2027,CONFIRMADA,3283943,0,30/01/2020,30/01/2060,0.063119,MINISTERIO DE HACIENDA,HACIENDA,61649
USP3579ECG00,BSRD2060,DOMINICAN REP/5.875 BD 20600130 U,48000,USD,48,5.0501,113.250993,14/08/2026,01:15:05 PM,PRESTAMO,PRIMERA PARTE,ROTC,19/08/2026,CONFIRMADA,3283943,0,30/01/2020,30/01/2060,0.063119,MINISTERIO DE HACIENDA,HACIENDA,61733
USP3579ECG00,BSRD2060,DOMINICAN REP/5.875 BD 20600130 U,400000,USD,400,9.02401964,66.919653,14/08/2026,01:15:00 PM,CONTADO,PRIMERA PARTE,ROTC,14/08/2026,CONFIRMADA,3283955,0,30/01/2020,30/01/2060,0,MINISTERIO DE HACIENDA,HACIENDA,62790
DO1002227721,NO111226,BCENTRAL/9 BOEST 20261211 GTIA,1000000,DOP,100,9.500002,99.823252,14/08/2026,01:14:49 PM,CONTADO,PRIMERA PARTE,ROTC,17/08/2026,CONFIRMADA,3283972,0,11/12/2023,11/12/2026,0,BANCO CENTRAL DE LA REPUBLICA DOMINICANA,BCENTRAL,60613
USP3579EBY25,BSRD2048,DOMINICAN REP/6.5 CHURCH BD UNSEC,181000,USD,181,9.16555858,75.151089,14/08/2026,01:14:42 PM,CONTADO,PRIMERA PARTE,ROTC,14/08/2026,CONFIRMADA,3283954,0,08/02/2018,15/02/2048,0,MINISTERIO DE HACIENDA,HACIENDA,64827
USP3579ECG00,BSRD2060,DOMINICAN REP/5.875 BD 20600130 U,400000,USD,400,9.03628926,66.834826,14/08/2026,01:14:23 PM,PLAZO,PRIMERA PARTE,ROTC,14/09/2026,CONFIRMADA,3283953,0,30/01/2020,30/01/2060,0,MINISTERIO DE HACIENDA,HACIENDA,61971
DO1002261928,LE090427,BCENTRAL/ LT 20270409 GTIA,110000,DOP,11,15.1302,90.9068,14/08/2026,01:14:11 PM,CONTADO,PRIMERA PARTE,ROTC,14/08/2026,CONFIRMADA,3283847,0,09/04/2026,09/04/2027,0,BANCO CENTRAL DE LA REPUBLICA DOMINICANA,BCENTRAL,56910
USP3579EBY25,BSRD2048,DOMINICAN REP/6.5 CHURCH BD UNSEC,181000,USD,181,9.18018477,75.064201,14/08/2026,01:14:01 PM,PLAZO,PRIMERA PARTE,ROTC,14/09/2026,CONFIRMADA,3283952,0,08/02/2018,15/02/2048,0,MINISTERIO DE HACIENDA,HACIENDA,63763
DO1002261928,LE090427,BCENTRAL/ LT 20270409 GTIA,1040000,DOP,104,9.8589,93.881012,14/08/2026,01:13:49 PM,CONTADO,PRIMERA PARTE,ROTC,14/08/2026,CONFIRMADA,3283842,0,09/04/2026,09/04/2027,0,BANCO CENTRAL DE LA REPUBLICA DOMINICANA,BCENTRAL,58219
DO1002261928,LE090427,BCENTRAL/ LT 20270409 GTIA,160000,DOP,16,5.6333,96.409475,14/08/2026,01:13:23 PM,CONTADO,PRIMERA PARTE,ROTC,14/08/2026,CONFIRMADA,3283839,0,09/04/2026,09/04/2027,0,BANCO CENTRAL DE LA REPUBLICA DOMINICANA,BCENTRAL,57470
DO1002226525,NO180228,BCENTRAL/15 BOEST 20280218 GTIA,50000000,DOP,5000,9.40000029,107.71707,14/08/2026,01:13:13 PM,CONTADO,PRIMERA PARTE,ROTC,14/08/2026,CONFIRMADA,3283640,0,18/02/2023,18/02/2028,0,BANCO CENTRAL DE LA REPUBLICA DOMINICANA,BCENTRAL,62342
DO1005208322,MHUS2040,HACIENDA/6.75 BOEST 20400724 GTIA,279000,USD,279,4.6398,121.485728,14/08/2026,01:12:59 PM,CONTADO,PRIMERA PARTE,ROTC,14/08/2026,CONFIRMADA,3283836,0,24/07/2020,24/07/2040,0,MINISTERIO DE HACIENDA,HACIENDA,61565
USP3579ECN50,BSRD2033, ,3000,USD,3,6.33,98.25933,14/08/2026,01:12:37 PM,CONTADO,PRIMERA PARTE,ROTC,17/08/2026,CONFIRMADA,3283964,0,22/02/2022,22/02/2033,0,MINISTERIO DE HACIENDA,HACIENDA,45661
DO1005254128,MH12041,HACIENDA/12 BOEST 20410310 GTIA,100000,DOP,1,10.6,110.235789,14/08/2026,01:12:35 PM,CONTADO,PRIMERA PARTE,ROTC,14/08/2026,CONFIRMADA,3283963,0,10/03/2026,10/03/2041,0,MINISTERIO DE HACIENDA,HACIENDA,58093
DO1005204412,MH12029,HACIENDA/11.375 BOEST 20290706 GTIA,115500000,DOP,1155,8.31944148,106.875271,14/08/2026,01:12:34 PM,PRESTAMO,SEGUNDA PARTE,ROTC,14/12/2026,CONFIRMADA,3283969,0,06/07/2014,06/07/2029,10,MINISTERIO DE HACIENDA,HACIENDA,64631
DO1005204412,MH12029,HACIENDA/11.375 BOEST 20290706 GTIA,115500000,DOP,1155,8.57886484,107.009697,14/08/2026,01:12:34 PM,PRESTAMO,PRIMERA PARTE,ROTC,14/08/2026,CONFIRMADA,3283969,0,06/07/2014,06/07/2029,10,MINISTERIO DE HACIENDA,HACIENDA,64855
DO1005254219,MH22041,HACIENDA/12 BOEST 20410529 GTIA,75100000,DOP,751,10.2930346,112.78922,14/08/2026,01:12:33 PM,CONTADO,PRIMERA PARTE,ROTC,14/08/2026,CONFIRMADA,3283727,0,29/05/2026,29/05/2041,0,MINISTERIO DE HACIENDA,HACIENDA,61488
DO1005204412,MH12029,HACIENDA/11.375 BOEST 20290706 GTIA,115500000,DOP,1155,8.31944148,106.875271,14/08/2026,01:12:33 PM,ESTRUCTURADA,SEGUNDA PARTE,ROTC,14/12/2026,CONFIRMADA,3283962,0,06/07/2014,06/07/2029,10,MINISTERIO DE HACIENDA,HACIENDA,66724
DO1005204412,MH12029,HACIENDA/11.375 BOEST 20290706 GTIA,115500000,DOP,1155,8.57886484,107.009697,14/08/2026,01:12:33 PM,ESTRUCTURADA,PRIMERA PARTE,ROTC,14/08/2026,CONFIRMADA,3283962,0,06/07/2014,06/07/2029,10,MINISTERIO DE HACIENDA,HACIENDA,66948
DO1002223621,NO150127,BCENTRAL/8 BOEST 20270115 GTIA,3480000,DOP,348,8.165083,99.922539,14/08/2026,01:12:05 PM,CONTADO,PRIMERA PARTE,ROTC,14/08/2026,CONFIRMADA,3283968,0,15/01/2022,15/01/2027,0,BANCO CENTRAL DE LA REPUBLICA DOMINICANA,BCENTRAL,60879
DO1002223621,NO150127,BCENTRAL/8 BOEST 20270115 GTIA,3480000,DOP,348,8.9,99.922539,14/08/2026,01:12:00 PM,PRESTAMO,SEGUNDA PARTE,ROTC,12/01/2027,CONFIRMADA,3283967,0,15/01/2022,15/01/2027,0.02,BANCO CENTRAL DE LA REPUBLICA DOMINICANA,BCENTRAL,59640
DO1002223621,NO150127,BCENTRAL/8 BOEST 20270115 GTIA,3480000,DOP,348,8.9,99.922539,14/08/2026,01:12:00 PM,PRESTAMO,PRIMERA PARTE,ROTC,14/08/2026,CONFIRMADA,3283967,0,15/01/2022,15/01/2027,0.02,BANCO CENTRAL DE LA REPUBLICA DOMINICANA,BCENTRAL,59759
DO1002223621,NO150127,BCENTRAL/8 BOEST 20270115 GTIA,3480000,DOP,348,-34.424497,100.386003,14/08/2026,01:11:58 PM,PLAZO,PRIMERA PARTE,ROTC,12/01/2027,CONFIRMADA,3283966,0,15/01/2022,15/01/2027,0,BANCO CENTRAL DE LA REPUBLICA DOMINICANA,BCENTRAL,60802
USP3579EBY25,BSRD2048,DOMINICAN REP/6.5 CHURCH BD UNSEC,15000,USD,15,6.5033,99.961333,14/08/2026,01:09:34 PM,CONTADO,PRIMERA PARTE,ROTC,17/08/2026,CONFIRMADA,3283831,0,08/02/2018,15/02/2048,0,MINISTERIO DE HACIENDA,HACIENDA,62615
USP3579ECG00,BSRD2060,DOMINICAN REP/5.875 BD 20600130 U,9000,USD,9,4.9565,114.909667,14/08/2026,01:09:23 PM,PRESTAMO,SEGUNDA PARTE,ROTC,14/09/2026,CONFIRMADA,3283951,0,30/01/2020,30/01/2060,0.596382,MINISTERIO DE HACIENDA,HACIENDA,61145
USP3579ECG00,BSRD2060,DOMINICAN REP/5.875 BD 20600130 U,9000,USD,9,4.9559,114.938194,14/08/2026,01:09:23 PM,PRESTAMO,PRIMERA PARTE,ROTC,14/08/2026,CONFIRMADA,3283951,0,30/01/2020,30/01/2060,0.596382,MINISTERIO DE HACIENDA,HACIENDA,61201
USP3579ECG00,BSRD2060,DOMINICAN REP/5.875 BD 20600130 U,9000,USD,9,4.9565,114.909667,14/08/2026,01:09:22 PM,ESTRUCTURADA,SEGUNDA PARTE,ROTC,14/09/2026,CONFIRMADA,3283950,0,30/01/2020,30/01/2060,4.65,MINISTERIO DE HACIENDA,HACIENDA,63238
USP3579ECG00,BSRD2060,DOMINICAN REP/5.875 BD 20600130 U,9000,USD,9,4.9559,114.938194,14/08/2026,01:09:22 PM,ESTRUCTURADA,PRIMERA PARTE,ROTC,14/08/2026,CONFIRMADA,3283950,0,30/01/2020,30/01/2060,4.65,MINISTERIO DE HACIENDA,HACIENDA,63294
DO1005207118,MHUS2026,HACIENDA/6.65 BOEST 20261227 GTIA,27000,USD,27,-2.8029,103.541111,14/08/2026,01:08:46 PM,CONTADO,PRIMERA PARTE,ROTC,14/08/2026,CONFIRMADA,3283828,0,27/12/2019,27/12/2026,0,MINISTERIO DE HACIENDA,HACIENDA,60935
DO1002261928,LE090427,BCENTRAL/ LT 20270409 GTIA,30000,DOP,3,27.3216,84.700833,14/08/2026,01:08:12 PM,CONTADO,PRIMERA PARTE,ROTC,14/08/2026,CONFIRMADA,3283823,0,09/04/2026,09/04/2027,0,BANCO CENTRAL DE LA REPUBLICA DOMINICANA,BCENTRAL,57022
DO1002261928,LE090427,BCENTRAL/ LT 20270409 GTIA,950000,DOP,95,9.7912,94.016514,14/08/2026,01:07:34 PM,CONTADO,PRIMERA PARTE,ROTC,18/08/2026,CONFIRMADA,3283820,0,09/04/2026,09/04/2027,0,BANCO CENTRAL DE LA REPUBLICA DOMINICANA,BCENTRAL,57589
DO1005206516,MH32028,HACIENDA/10.75 BOEST 20280811 GTIA,7200000,DOP,72,4.5691,108.847346,14/08/2026,01:06:55 PM,PRESTAMO,SEGUNDA PARTE,ROTC,12/02/2027,CONFIRMADA,3283775,0,10/08/2018,11/08/2028,10.75,MINISTERIO DE HACIENDA,HACIENDA,61502
DO1005206516,MH32028,HACIENDA/10.75 BOEST 20280811 GTIA,7200000,DOP,72,8.49658,104.048858,14/08/2026,01:06:55 PM,PRESTAMO,PRIMERA PARTE,ROTC,14/08/2026,CONFIRMADA,3283775,0,10/08/2018,11/08/2028,10.75,MINISTERIO DE HACIENDA,HACIENDA,62034
DO1005206516,MH32028,HACIENDA/10.75 BOEST 20280811 GTIA,7200000,DOP,72,4.5691,108.847346,14/08/2026,01:06:30 PM,ESTRUCTURADA,SEGUNDA PARTE,ROTC,12/02/2027,CONFIRMADA,3283774,0,10/08/2018,11/08/2028,10.75,MINISTERIO DE HACIENDA,HACIENDA,63553
DO1005206516,MH32028,HACIENDA/10.75 BOEST 20280811 GTIA,7200000,DOP,72,8.49658,104.048858,14/08/2026,01:06:30 PM,ESTRUCTURADA,PRIMERA PARTE,ROTC,14/08/2026,CONFIRMADA,3283774,0,10/08/2018,11/08/2028,10.75,MINISTERIO DE HACIENDA,HACIENDA,64085
DO1005206516,MH32028,HACIENDA/10.75 BOEST 20280811 GTIA,8600000,DOP,86,8.8999,103.191858,14/08/2026,01:04:54 PM,PRESTAMO,SEGUNDA PARTE,ROTC,14/09/2026,CONFIRMADA,3283956,0,10/08/2018,11/08/2028,8.24,MINISTERIO DE HACIENDA,HACIENDA,61698
DO1005206516,MH32028,HACIENDA/10.75 BOEST 20280811 GTIA,8600000,DOP,86,8.8849,103.370564,14/08/2026,01:04:54 PM,PRESTAMO,PRIMERA PARTE,ROTC,14/08/2026,CONFIRMADA,3283956,0,10/08/2018,11/08/2028,8.24,MINISTERIO DE HACIENDA,HACIENDA,61663
DO1005206516,MH32028,HACIENDA/10.75 BOEST 20280811 GTIA,8600000,DOP,86,8.8999,103.191858,14/08/2026,01:04:53 PM,ESTRUCTURADA,SEGUNDA PARTE,ROTC,14/09/2026,CONFIRMADA,3283932,0,10/08/2018,11/08/2028,8.24,MINISTERIO DE HACIENDA,HACIENDA,63791
DO1005206516,MH32028,HACIENDA/10.75 BOEST 20280811 GTIA,8600000,DOP,86,8.8849,103.370564,14/08/2026,01:04:53 PM,ESTRUCTURADA,PRIMERA PARTE,ROTC,14/08/2026,CONFIRMADA,3283932,0,10/08/2018,11/08/2028,8.24,MINISTERIO DE HACIENDA,HACIENDA,63756
DO1005207118,MHUS2026,HACIENDA/6.65 BOEST 20261227 GTIA,11000,USD,11,-10.06,106.324364,14/08/2026,01:04:49 PM,CONTADO,PRIMERA PARTE,ROTC,17/08/2026,CONFIRMADA,3283817,0,27/12/2019,27/12/2026,0,MINISTERIO DE HACIENDA,HACIENDA,60501
USP3579ECE51,BSRD2049,"DOMINICAN, REP /6.4 BD 20490605",15000,USD,15,4.9387,119.7586,14/08/2026,01:04:48 PM,ESTRUCTURADA,SEGUNDA PARTE,ROTC,29/10/2026,CONFIRMADA,3283843,0,05/06/2019,05/06/2049,5.15,MINISTERIO DE HACIENDA,HACIENDA,62286
USP3579ECE51,BSRD2049,"DOMINICAN, REP /6.4 BD 20490605",15000,USD,15,4.9438,119.7764,14/08/2026,01:04:48 PM,ESTRUCTURADA,PRIMERA PARTE,ROTC,14/08/2026,CONFIRMADA,3283843,0,05/06/2019,05/06/2049,5.15,MINISTERIO DE HACIENDA,HACIENDA,62321
USP3579ECE51,BSRD2049,"DOMINICAN, REP /6.4 BD 20490605",15000,USD,15,4.9387,119.7586,14/08/2026,01:04:47 PM,PRESTAMO,SEGUNDA PARTE,ROTC,29/10/2026,CONFIRMADA,3283844,0,05/06/2019,05/06/2049,2.078343,MINISTERIO DE HACIENDA,HACIENDA,60179
USP3579ECE51,BSRD2049,"DOMINICAN, REP /6.4 BD 20490605",15000,USD,15,4.9438,119.7764,14/08/2026,01:04:47 PM,PRESTAMO,PRIMERA PARTE,ROTC,14/08/2026,CONFIRMADA,3283844,0,05/06/2019,05/06/2049,2.078343,MINISTERIO DE HACIENDA,HACIENDA,60214
USP3579ECZ80,BSRD2035, ,6000,USD,6,5.7316,100.978667,14/08/2026,01:04:29 PM,PRESTAMO,SEGUNDA PARTE,ROTC,14/12/2026,CONFIRMADA,3283732,0,28/10/2025,28/10/2035,3.400363,MINISTERIO DE HACIENDA,HACIENDA,47859
USP3579ECZ80,BSRD2035, ,6000,USD,6,6.1221,98.270167,14/08/2026,01:04:29 PM,PRESTAMO,PRIMERA PARTE,ROTC,14/08/2026,CONFIRMADA,3283732,0,28/10/2025,28/10/2035,3.400363,MINISTERIO DE HACIENDA,HACIENDA,47523
DO1005208025,COV2040,HACIENDA/10.875 BOEST 20400228 GTIA,5300000,DOP,53,6.7748,135.699406,14/08/2026,01:04:28 PM,PRESTAMO,SEGUNDA PARTE,ROTC,13/10/2026,CONFIRMADA,3283734,0,28/02/2020,28/02/2040,5.261314,MINISTERIO DE HACIENDA,HACIENDA,62055
DO1005208025,COV2040,HACIENDA/10.875 BOEST 20400228 GTIA,5300000,DOP,53,7.3571,129.858273,14/08/2026,01:04:28 PM,PRESTAMO,PRIMERA PARTE,ROTC,14/08/2026,CONFIRMADA,3283734,0,28/02/2020,28/02/2040,5.261314,MINISTERIO DE HACIENDA,HACIENDA,62125
DO1005208025,COV2040,HACIENDA/10.875 BOEST 20400228 GTIA,700000,DOP,7,6.0883,143.561286,14/08/2026,01:04:27 PM,PRESTAMO,SEGUNDA PARTE,ROTC,16/09/2026,CONFIRMADA,3283736,0,28/02/2020,28/02/2040,4.333613,MINISTERIO DE HACIENDA,HACIENDA,61341
DO1005208025,COV2040,HACIENDA/10.875 BOEST 20400228 GTIA,700000,DOP,7,6.6021,137.881459,14/08/2026,01:04:27 PM,PRESTAMO,PRIMERA PARTE,ROTC,14/08/2026,CONFIRMADA,3283736,0,28/02/2020,28/02/2040,4.333613,MINISTERIO DE HACIENDA,HACIENDA,61383
USP3579ECZ80,BSRD2035, ,10000,USD,10,5.7394,100.9373,14/08/2026,01:04:25 PM,PRESTAMO,SEGUNDA PARTE,ROTC,11/11/2026,CONFIRMADA,3283738,0,28/10/2025,28/10/2035,2.846677,MINISTERIO DE HACIENDA,HACIENDA,47628
USP3579ECZ80,BSRD2035, ,10000,USD,10,6.1221,98.2701,14/08/2026,01:04:25 PM,PRESTAMO,PRIMERA PARTE,ROTC,14/08/2026,CONFIRMADA,3283738,0,28/10/2025,28/10/2035,2.846677,MINISTERIO DE HACIENDA,HACIENDA,47334
DO1005208025,COV2040,HACIENDA/10.875 BOEST 20400228 GTIA,200000,DOP,2,9.4729,110.45735,14/08/2026,01:04:24 PM,PRESTAMO,SEGUNDA PARTE,ROTC,12/11/2026,CONFIRMADA,3283740,0,28/02/2020,28/02/2040,6.749776,MINISTERIO DE HACIENDA,HACIENDA,60809
DO1005208025,COV2040,HACIENDA/10.875 BOEST 20400228 GTIA,200000,DOP,2,10.1733,105.11327,14/08/2026,01:04:24 PM,PRESTAMO,PRIMERA PARTE,ROTC,14/08/2026,CONFIRMADA,3283740,0,28/02/2020,28/02/2040,6.749776,MINISTERIO DE HACIENDA,HACIENDA,61110
DO1005208025,COV2040,HACIENDA/10.875 BOEST 20400228 GTIA,800000,DOP,8,6.9142,133.924841,14/08/2026,01:04:23 PM,PRESTAMO,SEGUNDA PARTE,ROTC,14/12/2026,CONFIRMADA,3283742,0,28/02/2020,28/02/2040,6.793969,MINISTERIO DE HACIENDA,HACIENDA,61243
DO1005208025,COV2040,HACIENDA/10.875 BOEST 20400228 GTIA,800000,DOP,8,7.5588,127.825221,14/08/2026,01:04:23 PM,PRESTAMO,PRIMERA PARTE,ROTC,14/08/2026,CONFIRMADA,3283742,0,28/02/2020,28/02/2040,6.793969,MINISTERIO DE HACIENDA,HACIENDA,61383
USP3579ECZ80,BSRD2035, ,15000,USD,15,5.2515,104.369733,14/08/2026,01:04:22 PM,PRESTAMO,SEGUNDA PARTE,ROTC,14/12/2026,CONFIRMADA,3283744,0,28/10/2025,28/10/2035,3.345624,MINISTERIO DE HACIENDA,HACIENDA,48398
USP3579ECZ80,BSRD2035, ,15000,USD,15,5.6478,101.603467,14/08/2026,01:04:22 PM,PRESTAMO,PRIMERA PARTE,ROTC,14/08/2026,CONFIRMADA,3283744,0,28/10/2025,28/10/2035,3.345624,MINISTERIO DE HACIENDA,HACIENDA,48524
DO1005208025,COV2040,HACIENDA/10.875 BOEST 20400228 GTIA,300000,DOP,3,6.8594,134.50242,14/08/2026,01:04:21 PM,PRESTAMO,SEGUNDA PARTE,ROTC,14/12/2026,CONFIRMADA,3283746,0,28/02/2020,28/02/2040,6.798258,MINISTERIO DE HACIENDA,HACIENDA,60795
DO1005208025,COV2040,HACIENDA/10.875 BOEST 20400228 GTIA,300000,DOP,3,7.5055,128.35765,14/08/2026,01:04:21 PM,PRESTAMO,PRIMERA PARTE,ROTC,14/08/2026,CONFIRMADA,3283746,0,28/02/2020,28/02/2040,6.798258,MINISTERIO DE HACIENDA,HACIENDA,60935
DO1002228125,NO090229,BCENTRAL/10 BOEST 20290209 GTIA,30000,DOP,3,14.9279,90.337267,14/08/2026,01:04:20 PM,PRESTAMO,SEGUNDA PARTE,ROTC,16/09/2026,CONFIRMADA,3283878,0,09/02/2024,09/02/2029,0.984971,BANCO CENTRAL DE LA REPUBLICA DOMINICANA,BCENTRAL,59997
DO1002228125,NO090229,BCENTRAL/10 BOEST 20290209 GTIA,30000,DOP,3,14.7121,90.4699,14/08/2026,01:04:20 PM,PRESTAMO,PRIMERA PARTE,ROTC,14/08/2026,CONFIRMADA,3283878,0,09/02/2024,09/02/2029,0.984971,BANCO CENTRAL DE LA REPUBLICA DOMINICANA,BCENTRAL,59255
DO1005208025,COV2040,HACIENDA/10.875 BOEST 20400228 GTIA,200000,DOP,2,7.3168,129.787485,14/08/2026,01:04:18 PM,PRESTAMO,SEGUNDA PARTE,ROTC,14/12/2026,CONFIRMADA,3283880,0,28/02/2020,28/02/2040,6.906827,MINISTERIO DE HACIENDA,HACIENDA,61320
DO1005208025,COV2040,HACIENDA/10.875 BOEST 20400228 GTIA,200000,DOP,2,7.9698,123.81885,14/08/2026,01:04:18 PM,PRESTAMO,PRIMERA PARTE,ROTC,14/08/2026,CONFIRMADA,3283880,0,28/02/2020,28/02/2040,6.906827,MINISTERIO DE HACIENDA,HACIENDA,61075
DO1002228125,NO090229,BCENTRAL/10 BOEST 20290209 GTIA,20000,DOP,2,10.0893,99.8044,14/08/2026,01:04:17 PM,PRESTAMO,SEGUNDA PARTE,ROTC,14/12/2026,CONFIRMADA,3283882,0,09/02/2024,09/02/2029,3.284426,BANCO CENTRAL DE LA REPUBLICA DOMINICANA,BCENTRAL,59199
DO1002228125,NO090229,BCENTRAL/10 BOEST 20290209 GTIA,20000,DOP,2,10.0616,99.86415,14/08/2026,01:04:17 PM,PRESTAMO,PRIMERA PARTE,ROTC,14/08/2026,CONFIRMADA,3283882,0,09/02/2024,09/02/2029,3.284426,BANCO CENTRAL DE LA REPUBLICA DOMINICANA,BCENTRAL,59640
DO1002228125,NO090229,BCENTRAL/10 BOEST 20290209 GTIA,10000,DOP,1,10.0894,99.8043,14/08/2026,01:04:16 PM,PRESTAMO,SEGUNDA PARTE,ROTC,14/12/2026,CONFIRMADA,3283884,0,09/02/2024,09/02/2029,3.28438,BANCO CENTRAL DE LA REPUBLICA DOMINICANA,BCENTRAL,59178
DO1002228125,NO090229,BCENTRAL/10 BOEST 20290209 GTIA,10000,DOP,1,10.0616,99.8641,14/08/2026,01:04:16 PM,PRESTAMO,PRIMERA PARTE,ROTC,14/08/2026,CONFIRMADA,3283884,0,09/02/2024,09/02/2029,3.28438,BANCO CENTRAL DE LA REPUBLICA DOMINICANA,BCENTRAL,59248
DO1005208025,COV2040,HACIENDA/10.875 BOEST 20400228 GTIA,200000,DOP,2,5.3639,151.665395,14/08/2026,01:04:14 PM,PRESTAMO,SEGUNDA PARTE,ROTC,14/12/2026,CONFIRMADA,3283886,0,28/02/2020,28/02/2040,6.365371,MINISTERIO DE HACIENDA,HACIENDA,61229
DO1005208025,COV2040,HACIENDA/10.875 BOEST 20400228 GTIA,200000,DOP,2,5.9793,145.024315,14/08/2026,01:04:14 PM,PRESTAMO,PRIMERA PARTE,ROTC,14/08/2026,CONFIRMADA,3283886,0,28/02/2020,28/02/2040,6.365371,MINISTERIO DE HACIENDA,HACIENDA,61264
USP3579ECZ80,BSRD2035, ,39000,USD,39,5.3606,103.587282,14/08/2026,01:04:13 PM,PRESTAMO,SEGUNDA PARTE,ROTC,14/12/2026,CONFIRMADA,3283888,0,28/10/2025,28/10/2035,3.358071,MINISTERIO DE HACIENDA,HACIENDA,48496
USP3579ECZ80,BSRD2035, ,39000,USD,39,5.7556,100.834231,14/08/2026,01:04:13 PM,PRESTAMO,PRIMERA PARTE,ROTC,14/08/2026,CONFIRMADA,3283888,0,28/10/2025,28/10/2035,3.358071,MINISTERIO DE HACIENDA,HACIENDA,48552
DO1005208025,COV2040,HACIENDA/10.875 BOEST 20400228 GTIA,700000,DOP,7,5.9729,144.33464,14/08/2026,01:04:12 PM,PRESTAMO,SEGUNDA PARTE,ROTC,14/12/2026,CONFIRMADA,3283890,0,28/02/2020,28/02/2040,6.554273,MINISTERIO DE HACIENDA,HACIENDA,60907
DO1005208025,COV2040,HACIENDA/10.875 BOEST 20400228 GTIA,700000,DOP,7,6.6021,137.881459,14/08/2026,01:04:12 PM,PRESTAMO,PRIMERA PARTE,ROTC,14/08/2026,CONFIRMADA,3283890,0,28/02/2020,28/02/2040,6.554273,MINISTERIO DE HACIENDA,HACIENDA,61341
USP3579ECZ80,BSRD2035, ,2000,USD,2,10.9331,71.7135,14/08/2026,01:04:10 PM,PRESTAMO,SEGUNDA PARTE,ROTC,14/12/2026,CONFIRMADA,3283892,0,28/10/2025,28/10/2035,4.200707,MINISTERIO DE HACIENDA,HACIENDA,46886
USP3579ECZ80,BSRD2035, ,2000,USD,2,11.3009,69.42,14/08/2026,01:04:10 PM,PRESTAMO,PRIMERA PARTE,ROTC,14/08/2026,CONFIRMADA,3283892,0,28/10/2025,28/10/2035,4.200707,MINISTERIO DE HACIENDA,HACIENDA,46270
DO1002224124,NO120327,BCENTRAL/8 BOEST 20270312 GTIA,250000000,DOP,25000,8.54,99.690068,14/08/2026,01:02:50 PM,CONTADO,PRIMERA PARTE,ROTC,14/08/2026,CONFIRMADA,3283005,0,12/03/2022,12/03/2027,0,BANCO CENTRAL DE LA REPUBLICA DOMINICANA,BCENTRAL,60634
USP3579ECG00,BSRD2060,DOMINICAN REP/5.875 BD 20600130 U,300000,USD,300,0,109.7986,14/08/2026,01:02:47 PM,CONTADO,PRIMERA PARTE,MHRD,17/08/2026,CONFIRMADA,3283938,0,30/01/2020,30/01/2060,0,MINISTERIO DE HACIENDA,HACIENDA,59129
USP3579ECE51,BSRD2049,"DOMINICAN, REP /6.4 BD 20490605",150000,USD,150,0,104.9244,14/08/2026,01:02:47 PM,CONTADO,PRIMERA PARTE,MHRD,14/08/2026,CONFIRMADA,3283939,0,05/06/2019,05/06/2049,0,MINISTERIO DE HACIENDA,HACIENDA,58149
DO1005208629,MH12031,HACIENDA/8.5 BOEST 20310611 GTIA,194000000,DOP,1940,8.2134,101.588718,14/08/2026,01:02:40 PM,ESTRUCTURADA,SEGUNDA PARTE,ROTC,17/08/2026,CONFIRMADA,3283486,0,11/06/2021,11/06/2031,9.15,MINISTERIO DE HACIENDA,HACIENDA,64218
DO1005208629,MH12031,HACIENDA/8.5 BOEST 20310611 GTIA,194000000,DOP,1940,8.216,101.581,14/08/2026,01:02:40 PM,ESTRUCTURADA,PRIMERA PARTE,ROTC,14/08/2026,CONFIRMADA,3283486,0,11/06/2021,11/06/2031,9.15,MINISTERIO DE HACIENDA,HACIENDA,62748
USP3579ECZ80,BSRD2035, ,2000,USD,2,10.9331,71.7135,14/08/2026,01:02:12 PM,ESTRUCTURADA,SEGUNDA PARTE,ROTC,14/12/2026,CONFIRMADA,3283891,0,28/10/2025,28/10/2035,5.4493,MINISTERIO DE HACIENDA,HACIENDA,48986
USP3579ECZ80,BSRD2035, ,2000,USD,2,11.3009,69.42,14/08/2026,01:02:12 PM,ESTRUCTURADA,PRIMERA PARTE,ROTC,14/08/2026,CONFIRMADA,3283891,0,28/10/2025,28/10/2035,5.4493,MINISTERIO DE HACIENDA,HACIENDA,48370
DO1005208025,COV2040,HACIENDA/10.875 BOEST 20400228 GTIA,700000,DOP,7,5.9729,144.33464,14/08/2026,01:02:11 PM,ESTRUCTURADA,SEGUNDA PARTE,ROTC,14/12/2026,CONFIRMADA,3283889,0,28/02/2020,28/02/2040,9.6985,MINISTERIO DE HACIENDA,HACIENDA,62986
DO1005208025,COV2040,HACIENDA/10.875 BOEST 20400228 GTIA,700000,DOP,7,6.6021,137.881459,14/08/2026,01:02:11 PM,ESTRUCTURADA,PRIMERA PARTE,ROTC,14/08/2026,CONFIRMADA,3283889,0,28/02/2020,28/02/2040,9.6985,MINISTERIO DE HACIENDA,HACIENDA,63420
USP3579ECZ80,BSRD2035, ,39000,USD,39,5.3606,103.587282,14/08/2026,01:02:10 PM,ESTRUCTURADA,SEGUNDA PARTE,ROTC,14/12/2026,CONFIRMADA,3283887,0,28/10/2025,28/10/2035,5.1035,MINISTERIO DE HACIENDA,HACIENDA,50561
USP3579ECZ80,BSRD2035, ,39000,USD,39,5.7556,100.834231,14/08/2026,01:02:10 PM,ESTRUCTURADA,PRIMERA PARTE,ROTC,14/08/2026,CONFIRMADA,3283887,0,28/10/2025,28/10/2035,5.1035,MINISTERIO DE HACIENDA,HACIENDA,50617
DO1005208025,COV2040,HACIENDA/10.875 BOEST 20400228 GTIA,200000,DOP,2,5.3639,151.665395,14/08/2026,01:02:09 PM,ESTRUCTURADA,SEGUNDA PARTE,ROTC,14/12/2026,CONFIRMADA,3283885,0,28/02/2020,28/02/2040,9.6063,MINISTERIO DE HACIENDA,HACIENDA,63343
DO1005208025,COV2040,HACIENDA/10.875 BOEST 20400228 GTIA,200000,DOP,2,5.9793,145.024315,14/08/2026,01:02:09 PM,ESTRUCTURADA,PRIMERA PARTE,ROTC,14/08/2026,CONFIRMADA,3283885,0,28/02/2020,28/02/2040,9.6063,MINISTERIO DE HACIENDA,HACIENDA,63378
DO1002228125,NO090229,BCENTRAL/10 BOEST 20290209 GTIA,10000,DOP,1,10.0894,99.8043,14/08/2026,01:02:08 PM,ESTRUCTURADA,SEGUNDA PARTE,ROTC,14/12/2026,CONFIRMADA,3283883,0,09/02/2024,09/02/2029,9.606,BANCO CENTRAL DE LA REPUBLICA DOMINICANA,BCENTRAL,61271
DO1002228125,NO090229,BCENTRAL/10 BOEST 20290209 GTIA,10000,DOP,1,10.0616,99.8641,14/08/2026,01:02:08 PM,ESTRUCTURADA,PRIMERA PARTE,ROTC,14/08/2026,CONFIRMADA,3283883,0,09/02/2024,09/02/2029,9.606,BANCO CENTRAL DE LA REPUBLICA DOMINICANA,BCENTRAL,61341
DO1002228125,NO090229,BCENTRAL/10 BOEST 20290209 GTIA,20000,DOP,2,10.0893,99.8044,14/08/2026,01:02:07 PM,ESTRUCTURADA,SEGUNDA PARTE,ROTC,14/12/2026,CONFIRMADA,3283881,0,09/02/2024,09/02/2029,9.6064,BANCO CENTRAL DE LA REPUBLICA DOMINICANA,BCENTRAL,61278
DO1002228125,NO090229,BCENTRAL/10 BOEST 20290209 GTIA,20000,DOP,2,10.0616,99.86415,14/08/2026,01:02:07 PM,ESTRUCTURADA,PRIMERA PARTE,ROTC,14/08/2026,CONFIRMADA,3283881,0,09/02/2024,09/02/2029,9.6064,BANCO CENTRAL DE LA REPUBLICA DOMINICANA,BCENTRAL,61719
DO1005208025,COV2040,HACIENDA/10.875 BOEST 20400228 GTIA,200000,DOP,2,7.3168,129.787485,14/08/2026,01:02:06 PM,ESTRUCTURADA,SEGUNDA PARTE,ROTC,14/12/2026,CONFIRMADA,3283879,0,28/02/2020,28/02/2040,9.6473,MINISTERIO DE HACIENDA,HACIENDA,63385
DO1005208025,COV2040,HACIENDA/10.875 BOEST 20400228 GTIA,200000,DOP,2,7.9698,123.81885,14/08/2026,01:02:06 PM,ESTRUCTURADA,PRIMERA PARTE,ROTC,14/08/2026,CONFIRMADA,3283879,0,28/02/2020,28/02/2040,9.6473,MINISTERIO DE HACIENDA,HACIENDA,63140
DO1002228125,NO090229,BCENTRAL/10 BOEST 20290209 GTIA,30000,DOP,3,14.9279,90.337267,14/08/2026,01:02:05 PM,ESTRUCTURADA,SEGUNDA PARTE,ROTC,16/09/2026,CONFIRMADA,3283877,0,09/02/2024,09/02/2029,9.2,BANCO CENTRAL DE LA REPUBLICA DOMINICANA,BCENTRAL,62104
DO1002228125,NO090229,BCENTRAL/10 BOEST 20290209 GTIA,30000,DOP,3,14.7121,90.4699,14/08/2026,01:02:05 PM,ESTRUCTURADA,PRIMERA PARTE,ROTC,14/08/2026,CONFIRMADA,3283877,0,09/02/2024,09/02/2029,9.2,BANCO CENTRAL DE LA REPUBLICA DOMINICANA,BCENTRAL,61362
USP3579ECN50,BSRD2033, ,101000,USD,101,6.5,97.377465,14/08/2026,01:01:53 PM,CONTADO,PRIMERA PARTE,ROTC,17/08/2026,CONFIRMADA,3283937,0,22/02/2022,22/02/2033,0,MINISTERIO DE HACIENDA,HACIENDA,47019
DO1005204412,MH12029,HACIENDA/11.375 BOEST 20290706 GTIA,23100000,DOP,231,7.99237641,105.855454,14/08/2026,01:01:50 PM,PRESTAMO,SEGUNDA PARTE,ROTC,09/08/2027,CONFIRMADA,3283936,0,06/07/2014,06/07/2029,9.3,MINISTERIO DE HACIENDA,HACIENDA,63959
DO1005204412,MH12029,HACIENDA/11.375 BOEST 20290706 GTIA,23100000,DOP,231,8.57886484,107.009697,14/08/2026,01:01:50 PM,PRESTAMO,PRIMERA PARTE,ROTC,14/08/2026,CONFIRMADA,3283936,0,06/07/2014,06/07/2029,9.3,MINISTERIO DE HACIENDA,HACIENDA,64071
DO1005204412,MH12029,HACIENDA/11.375 BOEST 20290706 GTIA,23100000,DOP,231,7.99237641,105.855454,14/08/2026,01:01:49 PM,ESTRUCTURADA,SEGUNDA PARTE,ROTC,09/08/2027,CONFIRMADA,3283928,0,06/07/2014,06/07/2029,9.3,MINISTERIO DE HACIENDA,HACIENDA,66115
DO1005204412,MH12029,HACIENDA/11.375 BOEST 20290706 GTIA,23100000,DOP,231,8.57886484,107.009697,14/08/2026,01:01:49 PM,ESTRUCTURADA,PRIMERA PARTE,ROTC,14/08/2026,CONFIRMADA,3283928,0,06/07/2014,06/07/2029,9.3,MINISTERIO DE HACIENDA,HACIENDA,66227
DO1005204412,MH12029,HACIENDA/11.375 BOEST 20290706 GTIA,3500000,DOP,35,8.41905075,107.222001,14/08/2026,01:01:48 PM,PRESTAMO,SEGUNDA PARTE,ROTC,14/09/2026,CONFIRMADA,3283935,0,06/07/2014,06/07/2029,8.9,MINISTERIO DE HACIENDA,HACIENDA,63119
DO1005204412,MH12029,HACIENDA/11.375 BOEST 20290706 GTIA,3500000,DOP,35,8.44734648,107.356018,14/08/2026,01:01:48 PM,PRESTAMO,PRIMERA PARTE,ROTC,14/08/2026,CONFIRMADA,3283935,0,06/07/2014,06/07/2029,8.9,MINISTERIO DE HACIENDA,HACIENDA,63350
DO2006901311,BC1ITA01,EGEITABO/5.65 BO 20311208,34794,USD,34794,5.3679,101.252601,14/08/2026,01:01:46 PM,PRESTAMO,SEGUNDA PARTE,ROTC,27/10/2026,CONFIRMADA,3283834,0,08/12/2021,08/12/2031,1.973546,"EMPRESA GENERADORA DE ELECTRICIDAD ITABO, S.A.",EGEITABO,58534
DO2006901311,BC1ITA01,EGEITABO/5.65 BO 20311208,34794,USD,34794,5.65,99.997858,14/08/2026,01:01:46 PM,PRESTAMO,PRIMERA PARTE,ROTC,14/08/2026,CONFIRMADA,3283834,0,08/12/2021,08/12/2031,1.973546,"EMPRESA GENERADORA DE ELECTRICIDAD ITABO, S.A.",EGEITABO,57834
DO1005204412,MH12029,HACIENDA/11.375 BOEST 20290706 GTIA,3500000,DOP,35,8.41905075,107.222001,14/08/2026,01:01:46 PM,ESTRUCTURADA,SEGUNDA PARTE,ROTC,14/09/2026,CONFIRMADA,3283930,0,06/07/2014,06/07/2029,8.9,MINISTERIO DE HACIENDA,HACIENDA,65205
DO1005204412,MH12029,HACIENDA/11.375 BOEST 20290706 GTIA,3500000,DOP,35,8.44734648,107.356018,14/08/2026,01:01:46 PM,ESTRUCTURADA,PRIMERA PARTE,ROTC,14/08/2026,CONFIRMADA,3283930,0,06/07/2014,06/07/2029,8.9,MINISTERIO DE HACIENDA,HACIENDA,65436
DO2006901311,BC1ITA01,EGEITABO/5.65 BO 20311208,34794,USD,34794,5.3679,101.252601,14/08/2026,01:01:45 PM,ESTRUCTURADA,SEGUNDA PARTE,ROTC,27/10/2026,CONFIRMADA,3283832,0,08/12/2021,08/12/2031,4.7,"EMPRESA GENERADORA DE ELECTRICIDAD ITABO, S.A.",EGEITABO,60627
DO2006901311,BC1ITA01,EGEITABO/5.65 BO 20311208,34794,USD,34794,5.65,99.997858,14/08/2026,01:01:45 PM,ESTRUCTURADA,PRIMERA PARTE,ROTC,14/08/2026,CONFIRMADA,3283832,0,08/12/2021,08/12/2031,4.7,"EMPRESA GENERADORA DE ELECTRICIDAD ITABO, S.A.",EGEITABO,59927
DO1005204412,MH12029,HACIENDA/11.375 BOEST 20290706 GTIA,18500000,DOP,185,8.06325136,105.727573,14/08/2026,01:01:45 PM,PRESTAMO,SEGUNDA PARTE,ROTC,09/08/2027,CONFIRMADA,3283934,0,06/07/2014,06/07/2029,9.3,MINISTERIO DE HACIENDA,HACIENDA,64001
DO1005204412,MH12029,HACIENDA/11.375 BOEST 20290706 GTIA,18500000,DOP,185,8.62341872,106.892697,14/08/2026,01:01:45 PM,PRESTAMO,PRIMERA PARTE,ROTC,14/08/2026,CONFIRMADA,3283934,0,06/07/2014,06/07/2029,9.3,MINISTERIO DE HACIENDA,HACIENDA,64155
DO1005204412,MH12029,HACIENDA/11.375 BOEST 20290706 GTIA,18500000,DOP,185,8.06325136,105.727573,14/08/2026,01:01:44 PM,ESTRUCTURADA,SEGUNDA PARTE,ROTC,09/08/2027,CONFIRMADA,3283929,0,06/07/2014,06/07/2029,9.3,MINISTERIO DE HACIENDA,HACIENDA,66094
DO1005204412,MH12029,HACIENDA/11.375 BOEST 20290706 GTIA,18500000,DOP,185,8.62341872,106.892697,14/08/2026,01:01:44 PM,ESTRUCTURADA,PRIMERA PARTE,ROTC,14/08/2026,CONFIRMADA,3283929,0,06/07/2014,06/07/2029,9.3,MINISTERIO DE HACIENDA,HACIENDA,66248
DO1005204412,MH12029,HACIENDA/11.375 BOEST 20290706 GTIA,30800000,DOP,308,8.41058189,106.860014,14/08/2026,01:01:43 PM,PRESTAMO,SEGUNDA PARTE,ROTC,12/11/2026,CONFIRMADA,3283933,0,06/07/2014,06/07/2029,9.798,MINISTERIO DE HACIENDA,HACIENDA,63847
DO1005204412,MH12029,HACIENDA/11.375 BOEST 20290706 GTIA,30800000,DOP,308,8.57732832,107.013735,14/08/2026,01:01:43 PM,PRESTAMO,PRIMERA PARTE,ROTC,14/08/2026,CONFIRMADA,3283933,0,06/07/2014,06/07/2029,9.798,MINISTERIO DE HACIENDA,HACIENDA,63980
DO1005204412,MH12029,HACIENDA/11.375 BOEST 20290706 GTIA,30800000,DOP,308,8.41058189,106.860014,14/08/2026,01:01:42 PM,ESTRUCTURADA,SEGUNDA PARTE,ROTC,12/11/2026,CONFIRMADA,3283927,0,06/07/2014,06/07/2029,9.798,MINISTERIO DE HACIENDA,HACIENDA,65940
DO1005204412,MH12029,HACIENDA/11.375 BOEST 20290706 GTIA,30800000,DOP,308,8.57732832,107.013735,14/08/2026,01:01:42 PM,ESTRUCTURADA,PRIMERA PARTE,ROTC,14/08/2026,CONFIRMADA,3283927,0,06/07/2014,06/07/2029,9.798,MINISTERIO DE HACIENDA,HACIENDA,66073
DO1002261423,NO301129,BCENTRAL/9.5 BOEST 20291130 GTIA,228480000,DOP,22848,8.99772472,101.348143,14/08/2026,01:01:41 PM,ESTRUCTURADA,SEGUNDA PARTE,ROTC,14/09/2026,CONFIRMADA,3283926,0,30/11/2025,30/11/2029,9.5,BANCO CENTRAL DE LA REPUBLICA DOMINICANA,BCENTRAL,66801
DO1002261423,NO301129,BCENTRAL/9.5 BOEST 20291130 GTIA,228480000,DOP,22848,9.02456019,101.303644,14/08/2026,01:01:41 PM,ESTRUCTURADA,PRIMERA PARTE,ROTC,14/08/2026,CONFIRMADA,3283926,0,30/11/2025,30/11/2029,9.5,BANCO CENTRAL DE LA REPUBLICA DOMINICANA,BCENTRAL,66703
DO2018100324,BC1AES03,AESTRELLA/11.25 BO 20301130,293145,DOP,293145,10.5078,102.412397,14/08/2026,01:00:19 PM,ESTRUCTURADA,SEGUNDA PARTE,ROTC,17/11/2026,CONFIRMADA,3283825,0,30/11/2020,30/11/2030,9.3,ACERO ESTRELLA S A,AESTRELLA,62398
DO2018100324,BC1AES03,AESTRELLA/11.25 BO 20301130,293145,DOP,293145,11.2501,99.99337,14/08/2026,01:00:19 PM,ESTRUCTURADA,PRIMERA PARTE,ROTC,14/08/2026,CONFIRMADA,3283825,0,30/11/2020,30/11/2030,9.3,ACERO ESTRELLA S A,AESTRELLA,61873
DO2018100324,BC1AES03,AESTRELLA/11.25 BO 20301130,293145,DOP,293145,10.5078,102.412397,14/08/2026,01:00:18 PM,PRESTAMO,SEGUNDA PARTE,ROTC,17/11/2026,CONFIRMADA,3283826,0,30/11/2020,30/11/2030,4.629549,ACERO ESTRELLA S A,AESTRELLA,60291
DO2018100324,BC1AES03,AESTRELLA/11.25 BO 20301130,293145,DOP,293145,11.2501,99.99337,14/08/2026,01:00:18 PM,PRESTAMO,PRIMERA PARTE,ROTC,14/08/2026,CONFIRMADA,3283826,0,30/11/2020,30/11/2030,4.629549,ACERO ESTRELLA S A,AESTRELLA,59766
DO1002261522,NO180130,BCENTRAL/9.5 BOEST 20300118 GTIA,610000,DOP,61,9.1,101.138598,14/08/2026,12:59:54 PM,CONTADO,PRIMERA PARTE,ROTC,17/08/2026,CONFIRMADA,3283931,0,18/01/2026,18/01/2030,0,BANCO CENTRAL DE LA REPUBLICA DOMINICANA,BCENTRAL,59332
DO1002261928,LE090427,BCENTRAL/ LT 20270409 GTIA,820000,DOP,82,9.4569,94.20898,14/08/2026,12:59:06 PM,CONTADO,PRIMERA PARTE,ROTC,18/08/2026,CONFIRMADA,3283812,0,09/04/2026,09/04/2027,0,BANCO CENTRAL DE LA REPUBLICA DOMINICANA,BCENTRAL,57358
DO2018100324,BC1AES03,AESTRELLA/11.25 BO 20301130,586291,DOP,586291,10.5078,102.412399,14/08/2026,12:57:46 PM,PRESTAMO,SEGUNDA PARTE,ROTC,17/11/2026,CONFIRMADA,3283816,0,30/11/2020,30/11/2030,4.62955,ACERO ESTRELLA S A,AESTRELLA,60508
DO2018100324,BC1AES03,AESTRELLA/11.25 BO 20301130,586291,DOP,586291,11.2501,99.99337,14/08/2026,12:57:46 PM,PRESTAMO,PRIMERA PARTE,ROTC,14/08/2026,CONFIRMADA,3283816,0,30/11/2020,30/11/2030,4.62955,ACERO ESTRELLA S A,AESTRELLA,59969
DO2018100324,BC1AES03,AESTRELLA/11.25 BO 20301130,586291,DOP,586291,10.5078,102.412399,14/08/2026,12:57:45 PM,ESTRUCTURADA,SEGUNDA PARTE,ROTC,17/11/2026,CONFIRMADA,3283815,0,30/11/2020,30/11/2030,9.3,ACERO ESTRELLA S A,AESTRELLA,62601
DO2018100324,BC1AES03,AESTRELLA/11.25 BO 20301130,586291,DOP,586291,11.2501,99.99337,14/08/2026,12:57:45 PM,ESTRUCTURADA,PRIMERA PARTE,ROTC,14/08/2026,CONFIRMADA,3283815,0,30/11/2020,30/11/2030,9.3,ACERO ESTRELLA S A,AESTRELLA,62062
DO1005206516,MH32028,HACIENDA/10.75 BOEST 20280811 GTIA,5800000,DOP,58,4.97027,108.255893,14/08/2026,12:57:41 PM,PRESTAMO,SEGUNDA PARTE,ROTC,11/02/2027,CONFIRMADA,3283767,0,10/08/2018,11/08/2028,10.75,MINISTERIO DE HACIENDA,HACIENDA,61936
DO1005206516,MH32028,HACIENDA/10.75 BOEST 20280811 GTIA,5800000,DOP,58,8.88769,103.330468,14/08/2026,12:57:41 PM,PRESTAMO,PRIMERA PARTE,ROTC,14/08/2026,CONFIRMADA,3283767,0,10/08/2018,11/08/2028,10.75,MINISTERIO DE HACIENDA,HACIENDA,62083
DO1005206516,MH32028,HACIENDA/10.75 BOEST 20280811 GTIA,5800000,DOP,58,4.97027,108.255893,14/08/2026,12:57:22 PM,ESTRUCTURADA,SEGUNDA PARTE,ROTC,11/02/2027,CONFIRMADA,3283766,0,10/08/2018,11/08/2028,10.75,MINISTERIO DE HACIENDA,HACIENDA,64029
DO1005206516,MH32028,HACIENDA/10.75 BOEST 20280811 GTIA,5800000,DOP,58,8.88769,103.330468,14/08/2026,12:57:22 PM,ESTRUCTURADA,PRIMERA PARTE,ROTC,14/08/2026,CONFIRMADA,3283766,0,10/08/2018,11/08/2028,10.75,MINISTERIO DE HACIENDA,HACIENDA,64176
DO1002223621,NO150127,BCENTRAL/8 BOEST 20270115 GTIA,6330000,DOP,633,8.85,99.819624,14/08/2026,12:57:11 PM,PRESTAMO,SEGUNDA PARTE,ROTC,17/11/2026,CONFIRMADA,3283916,0,15/01/2022,15/01/2027,0.02,BANCO CENTRAL DE LA REPUBLICA DOMINICANA,BCENTRAL,60088
DO1002223621,NO150127,BCENTRAL/8 BOEST 20270115 GTIA,6330000,DOP,633,8.85,99.819624,14/08/2026,12:57:11 PM,PRESTAMO,PRIMERA PARTE,ROTC,17/08/2026,CONFIRMADA,3283916,0,15/01/2022,15/01/2027,0.02,BANCO CENTRAL DE LA REPUBLICA DOMINICANA,BCENTRAL,60193
DO1002223621,NO150127,BCENTRAL/8 BOEST 20270115 GTIA,6330000,DOP,633,7.335518,100.088298,14/08/2026,12:57:07 PM,PLAZO,PRIMERA PARTE,ROTC,17/11/2026,CONFIRMADA,3283915,0,15/01/2022,15/01/2027,0,BANCO CENTRAL DE LA REPUBLICA DOMINICANA,BCENTRAL,60256
DO1002223621,NO150127,BCENTRAL/8 BOEST 20270115 GTIA,6330000,DOP,633,8.425828,99.819624,14/08/2026,12:56:45 PM,CONTADO,PRIMERA PARTE,ROTC,17/08/2026,CONFIRMADA,3283914,0,15/01/2022,15/01/2027,0,BANCO CENTRAL DE LA REPUBLICA DOMINICANA,BCENTRAL,60998
DO1005207118,MHUS2026,HACIENDA/6.65 BOEST 20261227 GTIA,10000,USD,10,9.3038,99.0708,14/08/2026,12:56:17 PM,CONTADO,PRIMERA PARTE,ROTC,17/08/2026,CONFIRMADA,3283809,0,27/12/2019,27/12/2026,0,MINISTERIO DE HACIENDA,HACIENDA,59668
DO1002261928,LE090427,BCENTRAL/ LT 20270409 GTIA,1270000,DOP,127,8.9525,94.478665,14/08/2026,12:55:56 PM,CONTADO,PRIMERA PARTE,ROTC,17/08/2026,CONFIRMADA,3283804,0,09/04/2026,09/04/2027,0,BANCO CENTRAL DE LA REPUBLICA DOMINICANA,BCENTRAL,58401
DO1002261928,LE090427,BCENTRAL/ LT 20270409 GTIA,3180000,DOP,318,9.2079,94.330114,14/08/2026,12:55:38 PM,CONTADO,PRIMERA PARTE,ROTC,17/08/2026,CONFIRMADA,3283801,0,09/04/2026,09/04/2027,0,BANCO CENTRAL DE LA REPUBLICA DOMINICANA,BCENTRAL,58247
DO1002261928,LE090427,BCENTRAL/ LT 20270409 GTIA,1060000,DOP,106,9.212,94.327736,14/08/2026,12:55:17 PM,CONTADO,PRIMERA PARTE,ROTC,17/08/2026,CONFIRMADA,3283798,0,09/04/2026,09/04/2027,0,BANCO CENTRAL DE LA REPUBLICA DOMINICANA,BCENTRAL,57841
DO1005206516,MH32028,HACIENDA/10.75 BOEST 20280811 GTIA,2400000,DOP,24,4.50752,108.489434,14/08/2026,12:55:11 PM,PRESTAMO,SEGUNDA PARTE,ROTC,12/03/2027,CONFIRMADA,3283765,0,10/08/2018,11/08/2028,10.75,MINISTERIO DE HACIENDA,HACIENDA,61775
DO1005206516,MH32028,HACIENDA/10.75 BOEST 20280811 GTIA,2400000,DOP,24,8.47521,104.088301,14/08/2026,12:55:11 PM,PRESTAMO,PRIMERA PARTE,ROTC,14/08/2026,CONFIRMADA,3283765,0,10/08/2018,11/08/2028,10.75,MINISTERIO DE HACIENDA,HACIENDA,61796
DO1005208025,COV2040,HACIENDA/10.875 BOEST 20400228 GTIA,300000,DOP,3,6.8594,134.50242,14/08/2026,12:54:58 PM,ESTRUCTURADA,SEGUNDA PARTE,ROTC,14/12/2026,CONFIRMADA,3283745,0,28/02/2020,28/02/2040,9.7087,MINISTERIO DE HACIENDA,HACIENDA,63014
DO1005208025,COV2040,HACIENDA/10.875 BOEST 20400228 GTIA,300000,DOP,3,7.5055,128.35765,14/08/2026,12:54:58 PM,ESTRUCTURADA,PRIMERA PARTE,ROTC,14/08/2026,CONFIRMADA,3283745,0,28/02/2020,28/02/2040,9.7087,MINISTERIO DE HACIENDA,HACIENDA,63154
USP3579ECZ80,BSRD2035, ,15000,USD,15,5.2515,104.369733,14/08/2026,12:54:57 PM,ESTRUCTURADA,SEGUNDA PARTE,ROTC,14/12/2026,CONFIRMADA,3283743,0,28/10/2025,28/10/2035,5.1033,MINISTERIO DE HACIENDA,HACIENDA,50603
USP3579ECZ80,BSRD2035, ,15000,USD,15,5.6478,101.603467,14/08/2026,12:54:57 PM,ESTRUCTURADA,PRIMERA PARTE,ROTC,14/08/2026,CONFIRMADA,3283743,0,28/10/2025,28/10/2035,5.1033,MINISTERIO DE HACIENDA,HACIENDA,50729
DO1005208025,COV2040,HACIENDA/10.875 BOEST 20400228 GTIA,800000,DOP,8,6.9142,133.924841,14/08/2026,12:54:56 PM,ESTRUCTURADA,SEGUNDA PARTE,ROTC,14/12/2026,CONFIRMADA,3283741,0,28/02/2020,28/02/2040,9.6473,MINISTERIO DE HACIENDA,HACIENDA,63434
DO1005208025,COV2040,HACIENDA/10.875 BOEST 20400228 GTIA,800000,DOP,8,7.5588,127.825221,14/08/2026,12:54:56 PM,ESTRUCTURADA,PRIMERA PARTE,ROTC,14/08/2026,CONFIRMADA,3283741,0,28/02/2020,28/02/2040,9.6473,MINISTERIO DE HACIENDA,HACIENDA,63574
DO1002261928,LE090427,BCENTRAL/ LT 20270409 GTIA,1060000,DOP,106,9.212,94.327736,14/08/2026,12:54:56 PM,CONTADO,PRIMERA PARTE,ROTC,17/08/2026,CONFIRMADA,3283795,0,09/04/2026,09/04/2027,0,BANCO CENTRAL DE LA REPUBLICA DOMINICANA,BCENTRAL,57855
DO1005208025,COV2040,HACIENDA/10.875 BOEST 20400228 GTIA,200000,DOP,2,9.4729,110.45735,14/08/2026,12:54:55 PM,ESTRUCTURADA,SEGUNDA PARTE,ROTC,12/11/2026,CONFIRMADA,3283739,0,28/02/2020,28/02/2040,9.566,MINISTERIO DE HACIENDA,HACIENDA,62986
DO1005208025,COV2040,HACIENDA/10.875 BOEST 20400228 GTIA,200000,DOP,2,10.1733,105.11327,14/08/2026,12:54:55 PM,ESTRUCTURADA,PRIMERA PARTE,ROTC,14/08/2026,CONFIRMADA,3283739,0,28/02/2020,28/02/2040,9.566,MINISTERIO DE HACIENDA,HACIENDA,63287
USP3579ECZ80,BSRD2035, ,10000,USD,10,5.7394,100.9373,14/08/2026,12:54:54 PM,ESTRUCTURADA,SEGUNDA PARTE,ROTC,11/11/2026,CONFIRMADA,3283737,0,28/10/2025,28/10/2035,4.65,MINISTERIO DE HACIENDA,HACIENDA,49791
USP3579ECZ80,BSRD2035, ,10000,USD,10,6.1221,98.2701,14/08/2026,12:54:54 PM,ESTRUCTURADA,PRIMERA PARTE,ROTC,14/08/2026,CONFIRMADA,3283737,0,28/10/2025,28/10/2035,4.65,MINISTERIO DE HACIENDA,HACIENDA,49497
DO1005208025,COV2040,HACIENDA/10.875 BOEST 20400228 GTIA,700000,DOP,7,6.0883,143.561286,14/08/2026,12:54:52 PM,ESTRUCTURADA,SEGUNDA PARTE,ROTC,16/09/2026,CONFIRMADA,3283735,0,28/02/2020,28/02/2040,9.7,MINISTERIO DE HACIENDA,HACIENDA,63476
DO1005208025,COV2040,HACIENDA/10.875 BOEST 20400228 GTIA,700000,DOP,7,6.6021,137.881459,14/08/2026,12:54:52 PM,ESTRUCTURADA,PRIMERA PARTE,ROTC,14/08/2026,CONFIRMADA,3283735,0,28/02/2020,28/02/2040,9.7,MINISTERIO DE HACIENDA,HACIENDA,63518
DO1005208025,COV2040,HACIENDA/10.875 BOEST 20400228 GTIA,5300000,DOP,53,6.7748,135.699406,14/08/2026,12:54:51 PM,ESTRUCTURADA,SEGUNDA PARTE,ROTC,13/10/2026,CONFIRMADA,3283733,0,28/02/2020,28/02/2040,9.95,MINISTERIO DE HACIENDA,HACIENDA,64176
DO1005208025,COV2040,HACIENDA/10.875 BOEST 20400228 GTIA,5300000,DOP,53,7.3571,129.858273,14/08/2026,12:54:51 PM,ESTRUCTURADA,PRIMERA PARTE,ROTC,14/08/2026,CONFIRMADA,3283733,0,28/02/2020,28/02/2040,9.95,MINISTERIO DE HACIENDA,HACIENDA,64246
USP3579ECZ80,BSRD2035, ,6000,USD,6,5.7316,100.978667,14/08/2026,12:54:50 PM,ESTRUCTURADA,SEGUNDA PARTE,ROTC,14/12/2026,CONFIRMADA,3283731,0,28/10/2025,28/10/2035,5.1031,MINISTERIO DE HACIENDA,HACIENDA,49966
USP3579ECZ80,BSRD2035, ,6000,USD,6,6.1221,98.270167,14/08/2026,12:54:50 PM,ESTRUCTURADA,PRIMERA PARTE,ROTC,14/08/2026,CONFIRMADA,3283731,0,28/10/2025,28/10/2035,5.1031,MINISTERIO DE HACIENDA,HACIENDA,49630
DO1005206516,MH32028,HACIENDA/10.75 BOEST 20280811 GTIA,2400000,DOP,24,4.50752,108.489434,14/08/2026,12:54:48 PM,ESTRUCTURADA,SEGUNDA PARTE,ROTC,12/03/2027,CONFIRMADA,3283764,0,10/08/2018,11/08/2028,10.75,MINISTERIO DE HACIENDA,HACIENDA,63938
DO1005206516,MH32028,HACIENDA/10.75 BOEST 20280811 GTIA,2400000,DOP,24,8.47521,104.088301,14/08/2026,12:54:48 PM,ESTRUCTURADA,PRIMERA PARTE,ROTC,14/08/2026,CONFIRMADA,3283764,0,10/08/2018,11/08/2028,10.75,MINISTERIO DE HACIENDA,HACIENDA,63959
DO1002261928,LE090427,BCENTRAL/ LT 20270409 GTIA,320000,DOP,32,10.2334,93.738187,14/08/2026,12:54:34 PM,CONTADO,PRIMERA PARTE,ROTC,17/08/2026,CONFIRMADA,3283792,0,09/04/2026,09/04/2027,0,BANCO CENTRAL DE LA REPUBLICA DOMINICANA,BCENTRAL,57827
DO1005207118,MHUS2026,HACIENDA/6.65 BOEST 20261227 GTIA,54000,USD,54,2.2467,101.57563,14/08/2026,12:53:44 PM,CONTADO,PRIMERA PARTE,ROTC,17/08/2026,CONFIRMADA,3283789,0,27/12/2019,27/12/2026,0,MINISTERIO DE HACIENDA,HACIENDA,60382
DO2018100324,BC1AES03,AESTRELLA/11.25 BO 20301130,9771,DOP,9771,10.4515,102.696449,14/08/2026,12:53:10 PM,PRESTAMO,SEGUNDA PARTE,ROTC,09/09/2026,CONFIRMADA,3283808,0,30/11/2020,30/11/2030,2.923495,ACERO ESTRELLA S A,AESTRELLA,59066
DO2018100324,BC1AES03,AESTRELLA/11.25 BO 20301130,9771,DOP,9771,11.2501,99.99337,14/08/2026,12:53:10 PM,PRESTAMO,PRIMERA PARTE,ROTC,14/08/2026,CONFIRMADA,3283808,0,30/11/2020,30/11/2030,2.923495,ACERO ESTRELLA S A,AESTRELLA,58436
DO2018100324,BC1AES03,AESTRELLA/11.25 BO 20301130,9771,DOP,9771,10.4515,102.696449,14/08/2026,12:53:09 PM,ESTRUCTURADA,SEGUNDA PARTE,ROTC,09/09/2026,CONFIRMADA,3283806,0,30/11/2020,30/11/2030,9.05,ACERO ESTRELLA S A,AESTRELLA,61222
DO2018100324,BC1AES03,AESTRELLA/11.25 BO 20301130,9771,DOP,9771,11.2501,99.99337,14/08/2026,12:53:09 PM,ESTRUCTURADA,PRIMERA PARTE,ROTC,14/08/2026,CONFIRMADA,3283806,0,30/11/2020,30/11/2030,9.05,ACERO ESTRELLA S A,AESTRELLA,60592
DO1002261928,LE090427,BCENTRAL/ LT 20270409 GTIA,2160000,DOP,216,9.2367,94.244936,14/08/2026,12:53:04 PM,CONTADO,PRIMERA PARTE,ROTC,14/08/2026,CONFIRMADA,3283786,0,09/04/2026,09/04/2027,0,BANCO CENTRAL DE LA REPUBLICA DOMINICANA,BCENTRAL,58233
DO1002261928,LE090427,BCENTRAL/ LT 20270409 GTIA,1170000,DOP,117,8.7241,94.546921,14/08/2026,12:52:47 PM,CONTADO,PRIMERA PARTE,ROTC,14/08/2026,CONFIRMADA,3283783,0,09/04/2026,09/04/2027,0,BANCO CENTRAL DE LA REPUBLICA DOMINICANA,BCENTRAL,58233
DO1002261928,LE090427,BCENTRAL/ LT 20270409 GTIA,740000,DOP,74,8.6475,94.592211,14/08/2026,12:52:29 PM,CONTADO,PRIMERA PARTE,ROTC,14/08/2026,CONFIRMADA,3283780,0,09/04/2026,09/04/2027,0,BANCO CENTRAL DE LA REPUBLICA DOMINICANA,BCENTRAL,57596
DO1002223324,NO271126,BCENTRAL/6.5 BOEST 20261127 GTIA,1580000,DOP,158,6.9268,99.867891,14/08/2026,12:52:09 PM,CONTADO,PRIMERA PARTE,ROTC,14/08/2026,CONFIRMADA,3283777,0,27/11/2021,27/11/2026,0,BANCO CENTRAL DE LA REPUBLICA DOMINICANA,BCENTRAL,61047
DO1005206516,MH32028,HACIENDA/10.75 BOEST 20280811 GTIA,2000000,DOP,20,10.92376,99.686986,14/08/2026,12:49:35 PM,PRESTAMO,SEGUNDA PARTE,ROTC,10/09/2026,CONFIRMADA,3283763,0,10/08/2018,11/08/2028,10.75,MINISTERIO DE HACIENDA,HACIENDA,61978
DO1005206516,MH32028,HACIENDA/10.75 BOEST 20280811 GTIA,2000000,DOP,20,10.81603,99.882192,14/08/2026,12:49:35 PM,PRESTAMO,PRIMERA PARTE,ROTC,14/08/2026,CONFIRMADA,3283763,0,10/08/2018,11/08/2028,10.75,MINISTERIO DE HACIENDA,HACIENDA,61908
DO1005206516,MH32028,HACIENDA/10.75 BOEST 20280811 GTIA,2000000,DOP,20,10.92376,99.686986,14/08/2026,12:48:52 PM,ESTRUCTURADA,SEGUNDA PARTE,ROTC,10/09/2026,CONFIRMADA,3283762,0,10/08/2018,11/08/2028,10.75,MINISTERIO DE HACIENDA,HACIENDA,64064
DO1005206516,MH32028,HACIENDA/10.75 BOEST 20280811 GTIA,2000000,DOP,20,10.81603,99.882192,14/08/2026,12:48:52 PM,ESTRUCTURADA,PRIMERA PARTE,ROTC,14/08/2026,CONFIRMADA,3283762,0,10/08/2018,11/08/2028,10.75,MINISTERIO DE HACIENDA,HACIENDA,63994
DO1002228729,NO030328,BCENTRAL/9.5 BOEST 20280303 GTIA,20000000,DOP,2000,9.65,99.777282,14/08/2026,12:45:39 PM,CONTADO,PRIMERA PARTE,ROTC,14/08/2026,CONFIRMADA,3282872,0,03/03/2025,03/03/2028,0,BANCO CENTRAL DE LA REPUBLICA DOMINICANA,BCENTRAL,60872
DO2016300124,BC1GUL01,GULFSTREAM/11.25 BO 20290528,122072,DOP,122072,11.91251375,98.635142,14/08/2026,12:42:09 PM,PRESTAMO,SEGUNDA PARTE,ROTC,11/01/2027,CONFIRMADA,3283761,0,28/05/2019,28/05/2029,7.65,GULFSTREAM PETROLEUM DOMINICANA S DE RL,GULFSTREAM,62188
DO2016300124,BC1GUL01,GULFSTREAM/11.25 BO 20290528,122072,DOP,122072,11.25004788,99.994475,14/08/2026,12:42:09 PM,PRESTAMO,PRIMERA PARTE,ROTC,14/08/2026,CONFIRMADA,3283761,0,28/05/2019,28/05/2029,7.65,GULFSTREAM PETROLEUM DOMINICANA S DE RL,GULFSTREAM,62447
DO2016300124,BC1GUL01,GULFSTREAM/11.25 BO 20290528,122072,DOP,122072,11.91251375,98.635142,14/08/2026,12:42:08 PM,ESTRUCTURADA,SEGUNDA PARTE,ROTC,11/01/2027,CONFIRMADA,3283714,0,28/05/2019,28/05/2029,7.65,GULFSTREAM PETROLEUM DOMINICANA S DE RL,GULFSTREAM,64281
DO2016300124,BC1GUL01,GULFSTREAM/11.25 BO 20290528,122072,DOP,122072,11.25004788,99.994475,14/08/2026,12:42:08 PM,ESTRUCTURADA,PRIMERA PARTE,ROTC,14/08/2026,CONFIRMADA,3283714,0,28/05/2019,28/05/2029,7.65,GULFSTREAM PETROLEUM DOMINICANA S DE RL,GULFSTREAM,64540
DO1005208322,MHUS2040,HACIENDA/6.75 BOEST 20400724 GTIA,526000,USD,526,4.62690725,121.356488,14/08/2026,12:42:07 PM,PRESTAMO,SEGUNDA PARTE,ROTC,12/11/2026,CONFIRMADA,3283760,0,24/07/2020,24/07/2040,5.3,MINISTERIO DE HACIENDA,HACIENDA,63476
DO1005208322,MHUS2040,HACIENDA/6.75 BOEST 20400724 GTIA,526000,USD,526,4.64781978,121.393061,14/08/2026,12:42:07 PM,PRESTAMO,PRIMERA PARTE,ROTC,14/08/2026,CONFIRMADA,3283760,0,24/07/2020,24/07/2040,5.3,MINISTERIO DE HACIENDA,HACIENDA,63602
DO1005208322,MHUS2040,HACIENDA/6.75 BOEST 20400724 GTIA,526000,USD,526,4.62690725,121.356488,14/08/2026,12:42:06 PM,ESTRUCTURADA,SEGUNDA PARTE,ROTC,12/11/2026,CONFIRMADA,3283715,0,24/07/2020,24/07/2040,5.3,MINISTERIO DE HACIENDA,HACIENDA,65569
DO1005208322,MHUS2040,HACIENDA/6.75 BOEST 20400724 GTIA,526000,USD,526,4.64781978,121.393061,14/08/2026,12:42:06 PM,ESTRUCTURADA,PRIMERA PARTE,ROTC,14/08/2026,CONFIRMADA,3283715,0,24/07/2020,24/07/2040,5.3,MINISTERIO DE HACIENDA,HACIENDA,65695
DO1005208322,MHUS2040,HACIENDA/6.75 BOEST 20400724 GTIA,821000,USD,821,4.62383083,121.391565,14/08/2026,12:42:04 PM,PRESTAMO,SEGUNDA PARTE,ROTC,12/11/2026,CONFIRMADA,3283759,0,24/07/2020,24/07/2040,5.3,MINISTERIO DE HACIENDA,HACIENDA,63364
DO1005208322,MHUS2040,HACIENDA/6.75 BOEST 20400724 GTIA,821000,USD,821,4.64481915,121.42768,14/08/2026,12:42:04 PM,PRESTAMO,PRIMERA PARTE,ROTC,14/08/2026,CONFIRMADA,3283759,0,24/07/2020,24/07/2040,5.3,MINISTERIO DE HACIENDA,HACIENDA,63168
DO1005208322,MHUS2040,HACIENDA/6.75 BOEST 20400724 GTIA,821000,USD,821,4.62383083,121.391565,14/08/2026,12:42:03 PM,ESTRUCTURADA,SEGUNDA PARTE,ROTC,12/11/2026,CONFIRMADA,3283716,0,24/07/2020,24/07/2040,5.3,MINISTERIO DE HACIENDA,HACIENDA,65457
DO1005208322,MHUS2040,HACIENDA/6.75 BOEST 20400724 GTIA,821000,USD,821,4.64481915,121.42768,14/08/2026,12:42:03 PM,ESTRUCTURADA,PRIMERA PARTE,ROTC,14/08/2026,CONFIRMADA,3283716,0,24/07/2020,24/07/2040,5.3,MINISTERIO DE HACIENDA,HACIENDA,65261
DO1005208322,MHUS2040,HACIENDA/6.75 BOEST 20400724 GTIA,29000,USD,29,4.40466303,123.92443,14/08/2026,12:42:02 PM,PRESTAMO,SEGUNDA PARTE,ROTC,12/11/2026,CONFIRMADA,3283758,0,24/07/2020,24/07/2040,4.35,MINISTERIO DE HACIENDA,HACIENDA,62258
DO1005208322,MHUS2040,HACIENDA/6.75 BOEST 20400724 GTIA,29000,USD,29,4.40640559,124.219466,14/08/2026,12:42:02 PM,PRESTAMO,PRIMERA PARTE,ROTC,14/08/2026,CONFIRMADA,3283758,0,24/07/2020,24/07/2040,4.35,MINISTERIO DE HACIENDA,HACIENDA,62811
DO1005208322,MHUS2040,HACIENDA/6.75 BOEST 20400724 GTIA,29000,USD,29,4.40466303,123.92443,14/08/2026,12:42:01 PM,ESTRUCTURADA,SEGUNDA PARTE,ROTC,12/11/2026,CONFIRMADA,3283717,0,24/07/2020,24/07/2040,4.35,MINISTERIO DE HACIENDA,HACIENDA,64351
DO1005208322,MHUS2040,HACIENDA/6.75 BOEST 20400724 GTIA,29000,USD,29,4.40640559,124.219466,14/08/2026,12:42:01 PM,ESTRUCTURADA,PRIMERA PARTE,ROTC,14/08/2026,CONFIRMADA,3283717,0,24/07/2020,24/07/2040,4.35,MINISTERIO DE HACIENDA,HACIENDA,64904
DO1005208322,MHUS2040,HACIENDA/6.75 BOEST 20400724 GTIA,372000,USD,372,4.62004192,121.434784,14/08/2026,12:42:00 PM,PRESTAMO,SEGUNDA PARTE,ROTC,12/11/2026,CONFIRMADA,3283757,0,24/07/2020,24/07/2040,4.95,MINISTERIO DE HACIENDA,HACIENDA,63294
DO1005208322,MHUS2040,HACIENDA/6.75 BOEST 20400724 GTIA,372000,USD,372,4.63200646,121.575645,14/08/2026,12:42:00 PM,PRESTAMO,PRIMERA PARTE,ROTC,14/08/2026,CONFIRMADA,3283757,0,24/07/2020,24/07/2040,4.95,MINISTERIO DE HACIENDA,HACIENDA,63448
DO1005208322,MHUS2040,HACIENDA/6.75 BOEST 20400724 GTIA,372000,USD,372,4.62004192,121.434784,14/08/2026,12:41:59 PM,ESTRUCTURADA,SEGUNDA PARTE,ROTC,12/11/2026,CONFIRMADA,3283718,0,24/07/2020,24/07/2040,4.95,MINISTERIO DE HACIENDA,HACIENDA,65485
DO1005208322,MHUS2040,HACIENDA/6.75 BOEST 20400724 GTIA,372000,USD,372,4.63200646,121.575645,14/08/2026,12:41:59 PM,ESTRUCTURADA,PRIMERA PARTE,ROTC,14/08/2026,CONFIRMADA,3283718,0,24/07/2020,24/07/2040,4.95,MINISTERIO DE HACIENDA,HACIENDA,65639
USP3579ECQ81,BSDR2033, ,40550000,DOP,811,8.8713934,122.33204,14/08/2026,12:41:58 PM,ESTRUCTURADA,SEGUNDA PARTE,ROTC,12/11/2026,CONFIRMADA,3283719,0,03/02/2023,03/02/2033,9,MINISTERIO DE HACIENDA,HACIENDA,52570
USP3579ECQ81,BSDR2033, ,40550000,DOP,811,8.8943664,122.888243,14/08/2026,12:41:58 PM,ESTRUCTURADA,PRIMERA PARTE,ROTC,14/08/2026,CONFIRMADA,3283719,0,03/02/2023,03/02/2033,9,MINISTERIO DE HACIENDA,HACIENDA,53207
DO1005208322,MHUS2040,HACIENDA/6.75 BOEST 20400724 GTIA,455000,USD,455,4.62797318,121.344337,14/08/2026,12:41:56 PM,PRESTAMO,SEGUNDA PARTE,ROTC,12/11/2026,CONFIRMADA,3283756,0,24/07/2020,24/07/2040,4.95,MINISTERIO DE HACIENDA,HACIENDA,63483
DO1005208322,MHUS2040,HACIENDA/6.75 BOEST 20400724 GTIA,455000,USD,455,4.63974038,121.486303,14/08/2026,12:41:56 PM,PRESTAMO,PRIMERA PARTE,ROTC,14/08/2026,CONFIRMADA,3283756,0,24/07/2020,24/07/2040,4.95,MINISTERIO DE HACIENDA,HACIENDA,63581
DO1005208322,MHUS2040,HACIENDA/6.75 BOEST 20400724 GTIA,455000,USD,455,4.62797318,121.344337,14/08/2026,12:41:55 PM,ESTRUCTURADA,SEGUNDA PARTE,ROTC,12/11/2026,CONFIRMADA,3283720,0,24/07/2020,24/07/2040,4.95,MINISTERIO DE HACIENDA,HACIENDA,65576
DO1005208322,MHUS2040,HACIENDA/6.75 BOEST 20400724 GTIA,455000,USD,455,4.63974038,121.486303,14/08/2026,12:41:55 PM,ESTRUCTURADA,PRIMERA PARTE,ROTC,14/08/2026,CONFIRMADA,3283720,0,24/07/2020,24/07/2040,4.95,MINISTERIO DE HACIENDA,HACIENDA,65674
DO1005204412,MH12029,HACIENDA/11.375 BOEST 20290706 GTIA,2200000,DOP,22,8.06633905,107.702522,14/08/2026,12:41:54 PM,PRESTAMO,SEGUNDA PARTE,ROTC,12/11/2026,CONFIRMADA,3283755,0,06/07/2014,06/07/2029,9.65,MINISTERIO DE HACIENDA,HACIENDA,63105
DO1005204412,MH12029,HACIENDA/11.375 BOEST 20290706 GTIA,2200000,DOP,22,8.25107413,107.875498,14/08/2026,12:41:54 PM,PRESTAMO,PRIMERA PARTE,ROTC,14/08/2026,CONFIRMADA,3283755,0,06/07/2014,06/07/2029,9.65,MINISTERIO DE HACIENDA,HACIENDA,63322
DO1005204412,MH12029,HACIENDA/11.375 BOEST 20290706 GTIA,2200000,DOP,22,8.06633905,107.702522,14/08/2026,12:41:52 PM,ESTRUCTURADA,SEGUNDA PARTE,ROTC,12/11/2026,CONFIRMADA,3283721,0,06/07/2014,06/07/2029,9.65,MINISTERIO DE HACIENDA,HACIENDA,65191
DO1005204412,MH12029,HACIENDA/11.375 BOEST 20290706 GTIA,2200000,DOP,22,8.25107413,107.875498,14/08/2026,12:41:52 PM,ESTRUCTURADA,PRIMERA PARTE,ROTC,14/08/2026,CONFIRMADA,3283721,0,06/07/2014,06/07/2029,9.65,MINISTERIO DE HACIENDA,HACIENDA,65408
DO1005204412,MH12029,HACIENDA/11.375 BOEST 20290706 GTIA,92400000,DOP,924,8.49329226,106.808007,14/08/2026,12:41:51 PM,PRESTAMO,SEGUNDA PARTE,ROTC,19/10/2026,CONFIRMADA,3283754,0,06/07/2014,06/07/2029,9.35,MINISTERIO DE HACIENDA,HACIENDA,64015
DO1005204412,MH12029,HACIENDA/11.375 BOEST 20290706 GTIA,92400000,DOP,924,8.57886484,107.009697,14/08/2026,12:41:51 PM,PRESTAMO,PRIMERA PARTE,ROTC,14/08/2026,CONFIRMADA,3283754,0,06/07/2014,06/07/2029,9.35,MINISTERIO DE HACIENDA,HACIENDA,64246
DO1005204412,MH12029,HACIENDA/11.375 BOEST 20290706 GTIA,92400000,DOP,924,8.49329226,106.808007,14/08/2026,12:41:50 PM,ESTRUCTURADA,SEGUNDA PARTE,ROTC,19/10/2026,CONFIRMADA,3283725,0,06/07/2014,06/07/2029,9.35,MINISTERIO DE HACIENDA,HACIENDA,66108
DO1005204412,MH12029,HACIENDA/11.375 BOEST 20290706 GTIA,92400000,DOP,924,8.57886484,107.009697,14/08/2026,12:41:50 PM,ESTRUCTURADA,PRIMERA PARTE,ROTC,14/08/2026,CONFIRMADA,3283725,0,06/07/2014,06/07/2029,9.35,MINISTERIO DE HACIENDA,HACIENDA,66339
DO1002223928,NO120227,BCENTRAL/8 BOEST 20270212 GTIA,6500000,DOP,650,-1.066332,100.371421,14/08/2026,12:41:39 PM,PLAZO,PRIMERA PARTE,ROTC,28/01/2027,CONFIRMADA,3283753,0,12/02/2022,12/02/2027,0,BANCO CENTRAL DE LA REPUBLICA DOMINICANA,BCENTRAL,60403
DO1005206516,MH32028,HACIENDA/10.75 BOEST 20280811 GTIA,2500000,DOP,25,4.57343,108.394438,14/08/2026,12:41:37 PM,PRESTAMO,SEGUNDA PARTE,ROTC,12/03/2027,CONFIRMADA,3283318,0,10/08/2018,11/08/2028,10.75,MINISTERIO DE HACIENDA,HACIENDA,61824
DO1005206516,MH32028,HACIENDA/10.75 BOEST 20280811 GTIA,2500000,DOP,25,8.587,103.882192,14/08/2026,12:41:37 PM,PRESTAMO,PRIMERA PARTE,ROTC,14/08/2026,CONFIRMADA,3283318,0,10/08/2018,11/08/2028,10.75,MINISTERIO DE HACIENDA,HACIENDA,61229
DO1005208124,INF2040,HACIENDA/10.875 BOEST 20400228 GTIA,103200000,DOP,1032,9.50000005,110.370844,14/08/2026,12:41:27 PM,CONTADO,PRIMERA PARTE,ROTC,14/08/2026,CONFIRMADA,3283726,0,28/02/2020,28/02/2040,0,MINISTERIO DE HACIENDA,HACIENDA,63882
DO1002223928,NO120227,BCENTRAL/8 BOEST 20270212 GTIA,6500000,DOP,650,8.227998,99.891305,14/08/2026,12:41:24 PM,CONTADO,PRIMERA PARTE,ROTC,17/08/2026,CONFIRMADA,3283752,0,12/02/2022,12/02/2027,0,BANCO CENTRAL DE LA REPUBLICA DOMINICANA,BCENTRAL,60991
DO1002223928,NO120227,BCENTRAL/8 BOEST 20270212 GTIA,6500000,DOP,650,8.9,99.891305,14/08/2026,12:41:11 PM,PRESTAMO,SEGUNDA PARTE,ROTC,28/01/2027,CONFIRMADA,3283751,0,12/02/2022,12/02/2027,0.02,BANCO CENTRAL DE LA REPUBLICA DOMINICANA,BCENTRAL,59689
DO1002223928,NO120227,BCENTRAL/8 BOEST 20270212 GTIA,6500000,DOP,650,8.9,99.891305,14/08/2026,12:41:11 PM,PRESTAMO,PRIMERA PARTE,ROTC,17/08/2026,CONFIRMADA,3283751,0,12/02/2022,12/02/2027,0.02,BANCO CENTRAL DE LA REPUBLICA DOMINICANA,BCENTRAL,59780
DO1005206516,MH32028,HACIENDA/10.75 BOEST 20280811 GTIA,2500000,DOP,25,4.57343,108.394438,14/08/2026,12:41:00 PM,ESTRUCTURADA,SEGUNDA PARTE,ROTC,12/03/2027,CONFIRMADA,3283317,0,10/08/2018,11/08/2028,10.75,MINISTERIO DE HACIENDA,HACIENDA,63854
DO1005206516,MH32028,HACIENDA/10.75 BOEST 20280811 GTIA,2500000,DOP,25,8.587,103.882192,14/08/2026,12:41:00 PM,ESTRUCTURADA,PRIMERA PARTE,ROTC,14/08/2026,CONFIRMADA,3283317,0,10/08/2018,11/08/2028,10.75,MINISTERIO DE HACIENDA,HACIENDA,63259
USP3579ECQ81,BSDR2033, ,40850000,DOP,817,8.87369354,122.327134,13/08/2026,12:40:26 PM,ESTRUCTURADA,SEGUNDA PARTE,ROTC,14/08/2026,MODIFICADA,3280875,0,03/02/2023,03/02/2033,9,MINISTERIO DE HACIENDA,HACIENDA,53305
DO1002223928,NO120227,BCENTRAL/8 BOEST 20270212 GTIA,3000000,DOP,300,8.6,99.940251,14/08/2026,12:38:04 PM,PRESTAMO,SEGUNDA PARTE,ROTC,17/11/2026,CONFIRMADA,3283749,0,12/02/2022,12/02/2027,0.02,BANCO CENTRAL DE LA REPUBLICA DOMINICANA,BCENTRAL,59563
DO1002223928,NO120227,BCENTRAL/8 BOEST 20270212 GTIA,3000000,DOP,300,8.6,99.940251,14/08/2026,12:38:04 PM,PRESTAMO,PRIMERA PARTE,ROTC,17/08/2026,CONFIRMADA,3283749,0,12/02/2022,12/02/2027,0.02,BANCO CENTRAL DE LA REPUBLICA DOMINICANA,BCENTRAL,59668
DO1002223928,NO120227,BCENTRAL/8 BOEST 20270212 GTIA,3000000,DOP,300,7.339892,100.133991,14/08/2026,12:37:56 PM,PLAZO,PRIMERA PARTE,ROTC,17/11/2026,CONFIRMADA,3283748,0,12/02/2022,12/02/2027,0,BANCO CENTRAL DE LA REPUBLICA DOMINICANA,BCENTRAL,60186
DO1002223928,NO120227,BCENTRAL/8 BOEST 20270212 GTIA,3000000,DOP,300,8.123284,99.940251,14/08/2026,12:37:39 PM,CONTADO,PRIMERA PARTE,ROTC,17/08/2026,CONFIRMADA,3283747,0,12/02/2022,12/02/2027,0,BANCO CENTRAL DE LA REPUBLICA DOMINICANA,BCENTRAL,60802
DO1002261928,LE090427,BCENTRAL/ LT 20270409 GTIA,170000,DOP,17,10.3374,95.215312,14/08/2026,12:36:11 PM,PRESTAMO,SEGUNDA PARTE,ROTC,16/10/2026,CONFIRMADA,3282932,0,09/04/2026,09/04/2027,1.161355,BANCO CENTRAL DE LA REPUBLICA DOMINICANA,BCENTRAL,58317
DO1002261928,LE090427,BCENTRAL/ LT 20270409 GTIA,170000,DOP,17,9.5885,94.109524,14/08/2026,12:36:11 PM,PRESTAMO,PRIMERA PARTE,ROTC,17/08/2026,CONFIRMADA,3282932,0,09/04/2026,09/04/2027,1.161355,BANCO CENTRAL DE LA REPUBLICA DOMINICANA,BCENTRAL,58261
DO1002261928,LE090427,BCENTRAL/ LT 20270409 GTIA,170000,DOP,17,10.3374,95.215312,14/08/2026,12:36:09 PM,PLAZO,PRIMERA PARTE,ROTC,16/10/2026,CONFIRMADA,3282933,0,09/04/2026,09/04/2027,0,BANCO CENTRAL DE LA REPUBLICA DOMINICANA,BCENTRAL,56826
DO1002261928,LE090427,BCENTRAL/ LT 20270409 GTIA,120000,DOP,12,0,94.991442,14/08/2026,12:36:08 PM,PRESTAMO,SEGUNDA PARTE,ROTC,13/10/2026,CONFIRMADA,3282935,0,09/04/2026,09/04/2027,1.502091,BANCO CENTRAL DE LA REPUBLICA DOMINICANA,BCENTRAL,56238
DO1002261928,LE090427,BCENTRAL/ LT 20270409 GTIA,120000,DOP,12,10.4038,93.564583,14/08/2026,12:36:08 PM,PRESTAMO,PRIMERA PARTE,ROTC,14/08/2026,CONFIRMADA,3282935,0,09/04/2026,09/04/2027,1.502091,BANCO CENTRAL DE LA REPUBLICA DOMINICANA,BCENTRAL,58478
DO1002261928,LE090427,BCENTRAL/ LT 20270409 GTIA,120000,DOP,12,0,94.991442,14/08/2026,12:36:07 PM,PLAZO,PRIMERA PARTE,ROTC,13/10/2026,CONFIRMADA,3282936,0,09/04/2026,09/04/2027,0,BANCO CENTRAL DE LA REPUBLICA DOMINICANA,BCENTRAL,54691
DO1002261928,LE090427,BCENTRAL/ LT 20270409 GTIA,80000,DOP,8,0,90.544875,14/08/2026,12:36:05 PM,PRESTAMO,SEGUNDA PARTE,ROTC,13/10/2026,CONFIRMADA,3283021,0,09/04/2026,09/04/2027,1.502087,BANCO CENTRAL DE LA REPUBLICA DOMINICANA,BCENTRAL,55615
DO1002261928,LE090427,BCENTRAL/ LT 20270409 GTIA,80000,DOP,8,18.3429,89.184813,14/08/2026,12:36:05 PM,PRESTAMO,PRIMERA PARTE,ROTC,14/08/2026,CONFIRMADA,3283021,0,09/04/2026,09/04/2027,1.502087,BANCO CENTRAL DE LA REPUBLICA DOMINICANA,BCENTRAL,57925
DO1002261928,LE090427,BCENTRAL/ LT 20270409 GTIA,80000,DOP,8,0,90.544875,14/08/2026,12:36:04 PM,PLAZO,PRIMERA PARTE,ROTC,13/10/2026,CONFIRMADA,3283022,0,09/04/2026,09/04/2027,0,BANCO CENTRAL DE LA REPUBLICA DOMINICANA,BCENTRAL,54068
DO1002261928,LE090427,BCENTRAL/ LT 20270409 GTIA,760000,DOP,76,9.1469,95.049234,14/08/2026,12:36:03 PM,PRESTAMO,SEGUNDA PARTE,ROTC,16/09/2026,CONFIRMADA,3283027,0,09/04/2026,09/04/2027,0.748521,BANCO CENTRAL DE LA REPUBLICA DOMINICANA,BCENTRAL,58247
DO1002261928,LE090427,BCENTRAL/ LT 20270409 GTIA,760000,DOP,76,9.1947,94.337771,14/08/2026,12:36:03 PM,PRESTAMO,PRIMERA PARTE,ROTC,17/08/2026,CONFIRMADA,3283027,0,09/04/2026,09/04/2027,0.748521,BANCO CENTRAL DE LA REPUBLICA DOMINICANA,BCENTRAL,58352
DO1002261928,LE090427,BCENTRAL/ LT 20270409 GTIA,760000,DOP,76,9.1469,95.049234,14/08/2026,12:36:01 PM,PLAZO,PRIMERA PARTE,ROTC,16/09/2026,CONFIRMADA,3283029,0,09/04/2026,09/04/2027,0,BANCO CENTRAL DE LA REPUBLICA DOMINICANA,BCENTRAL,56693
DO1002261928,LE090427,BCENTRAL/ LT 20270409 GTIA,110000,DOP,11,0,98.152545,14/08/2026,12:36:00 PM,PRESTAMO,SEGUNDA PARTE,ROTC,12/11/2026,CONFIRMADA,3283237,0,09/04/2026,09/04/2027,2.296046,BANCO CENTRAL DE LA REPUBLICA DOMINICANA,BCENTRAL,56147
DO1002261928,LE090427,BCENTRAL/ LT 20270409 GTIA,110000,DOP,11,6.4686,95.898918,14/08/2026,12:36:00 PM,PRESTAMO,PRIMERA PARTE,ROTC,14/08/2026,CONFIRMADA,3283237,0,09/04/2026,09/04/2027,2.296046,BANCO CENTRAL DE LA REPUBLICA DOMINICANA,BCENTRAL,58268
DO1002261928,LE090427,BCENTRAL/ LT 20270409 GTIA,110000,DOP,11,0,98.152545,14/08/2026,12:35:59 PM,PLAZO,PRIMERA PARTE,ROTC,12/11/2026,CONFIRMADA,3283238,0,09/04/2026,09/04/2027,0,BANCO CENTRAL DE LA REPUBLICA DOMINICANA,BCENTRAL,54698
DO1002261928,LE090427,BCENTRAL/ LT 20270409 GTIA,210000,DOP,21,0,96.805257,14/08/2026,12:35:57 PM,PRESTAMO,SEGUNDA PARTE,ROTC,13/10/2026,CONFIRMADA,3283240,0,09/04/2026,09/04/2027,1.502093,BANCO CENTRAL DE LA REPUBLICA DOMINICANA,BCENTRAL,56259
DO1002261928,LE090427,BCENTRAL/ LT 20270409 GTIA,210000,DOP,21,7.3747,95.351152,14/08/2026,12:35:57 PM,PRESTAMO,PRIMERA PARTE,ROTC,14/08/2026,CONFIRMADA,3283240,0,09/04/2026,09/04/2027,1.502093,BANCO CENTRAL DE LA REPUBLICA DOMINICANA,BCENTRAL,58163
DO1002261928,LE090427,BCENTRAL/ LT 20270409 GTIA,210000,DOP,21,0,96.805257,14/08/2026,12:35:56 PM,PLAZO,PRIMERA PARTE,ROTC,13/10/2026,CONFIRMADA,3283241,0,09/04/2026,09/04/2027,0,BANCO CENTRAL DE LA REPUBLICA DOMINICANA,BCENTRAL,54712
DO1002261928,LE090427,BCENTRAL/ LT 20270409 GTIA,910000,DOP,91,0,95.71124,14/08/2026,12:35:55 PM,PRESTAMO,SEGUNDA PARTE,ROTC,12/11/2026,CONFIRMADA,3283245,0,09/04/2026,09/04/2027,2.296043,BANCO CENTRAL DE LA REPUBLICA DOMINICANA,BCENTRAL,55916
DO1002261928,LE090427,BCENTRAL/ LT 20270409 GTIA,910000,DOP,91,10.4918,93.513668,14/08/2026,12:35:55 PM,PRESTAMO,PRIMERA PARTE,ROTC,14/08/2026,CONFIRMADA,3283245,0,09/04/2026,09/04/2027,2.296043,BANCO CENTRAL DE LA REPUBLICA DOMINICANA,BCENTRAL,58618
DO1002261928,LE090427,BCENTRAL/ LT 20270409 GTIA,910000,DOP,91,0,95.71124,14/08/2026,12:35:54 PM,PLAZO,PRIMERA PARTE,ROTC,12/11/2026,CONFIRMADA,3283247,0,09/04/2026,09/04/2027,0,BANCO CENTRAL DE LA REPUBLICA DOMINICANA,BCENTRAL,54369
DO1005208322,MHUS2040,HACIENDA/6.75 BOEST 20400724 GTIA,6000,USD,6,5.4274,112.545,14/08/2026,12:35:53 PM,PRESTAMO,SEGUNDA PARTE,ROTC,22/01/2027,CONFIRMADA,3283249,0,24/07/2020,24/07/2040,2.210285,MINISTERIO DE HACIENDA,HACIENDA,59437
DO1005208322,MHUS2040,HACIENDA/6.75 BOEST 20400724 GTIA,6000,USD,6,5.3794,113.321167,14/08/2026,12:35:53 PM,PRESTAMO,PRIMERA PARTE,ROTC,14/08/2026,CONFIRMADA,3283249,0,24/07/2020,24/07/2040,2.210285,MINISTERIO DE HACIENDA,HACIENDA,60648
DO1005208322,MHUS2040,HACIENDA/6.75 BOEST 20400724 GTIA,6000,USD,6,5.4274,112.545,14/08/2026,12:35:52 PM,PLAZO,PRIMERA PARTE,ROTC,22/01/2027,CONFIRMADA,3283250,0,24/07/2020,24/07/2040,0,MINISTERIO DE HACIENDA,HACIENDA,57890
DO1002261928,LE090427,BCENTRAL/ LT 20270409 GTIA,130000,DOP,13,11.4497,95.504508,14/08/2026,12:35:50 PM,PRESTAMO,SEGUNDA PARTE,ROTC,12/11/2026,CONFIRMADA,3283252,0,09/04/2026,09/04/2027,2.296041,BANCO CENTRAL DE LA REPUBLICA DOMINICANA,BCENTRAL,58366
DO1002261928,LE090427,BCENTRAL/ LT 20270409 GTIA,130000,DOP,13,10.8419,93.311685,14/08/2026,12:35:50 PM,PRESTAMO,PRIMERA PARTE,ROTC,14/08/2026,CONFIRMADA,3283252,0,09/04/2026,09/04/2027,2.296041,BANCO CENTRAL DE LA REPUBLICA DOMINICANA,BCENTRAL,58464
DO1002261928,LE090427,BCENTRAL/ LT 20270409 GTIA,130000,DOP,13,11.4497,95.504508,14/08/2026,12:35:49 PM,PLAZO,PRIMERA PARTE,ROTC,12/11/2026,CONFIRMADA,3283253,0,09/04/2026,09/04/2027,0,BANCO CENTRAL DE LA REPUBLICA DOMINICANA,BCENTRAL,56882
DO1005208322,MHUS2040,HACIENDA/6.75 BOEST 20400724 GTIA,9000,USD,9,4.6478,120.919333,14/08/2026,12:35:48 PM,PRESTAMO,SEGUNDA PARTE,ROTC,19/01/2027,CONFIRMADA,3283255,0,24/07/2020,24/07/2040,2.154132,MINISTERIO DE HACIENDA,HACIENDA,60697
DO1005208322,MHUS2040,HACIENDA/6.75 BOEST 20400724 GTIA,9000,USD,9,4.6364,121.525111,14/08/2026,12:35:48 PM,PRESTAMO,PRIMERA PARTE,ROTC,14/08/2026,CONFIRMADA,3283255,0,24/07/2020,24/07/2040,2.154132,MINISTERIO DE HACIENDA,HACIENDA,60641
DO1005208322,MHUS2040,HACIENDA/6.75 BOEST 20400724 GTIA,9000,USD,9,4.6478,120.919333,14/08/2026,12:35:46 PM,PLAZO,PRIMERA PARTE,ROTC,19/01/2027,CONFIRMADA,3283256,0,24/07/2020,24/07/2040,0,MINISTERIO DE HACIENDA,HACIENDA,59143
DO1002261928,LE090427,BCENTRAL/ LT 20270409 GTIA,560000,DOP,56,2.8114,99.549096,14/08/2026,12:35:45 PM,PRESTAMO,SEGUNDA PARTE,ROTC,10/02/2027,CONFIRMADA,3283258,0,09/04/2026,09/04/2027,4.648392,BANCO CENTRAL DE LA REPUBLICA DOMINICANA,BCENTRAL,58184
DO1002261928,LE090427,BCENTRAL/ LT 20270409 GTIA,560000,DOP,56,8.0925,94.921664,14/08/2026,12:35:45 PM,PRESTAMO,PRIMERA PARTE,ROTC,14/08/2026,CONFIRMADA,3283258,0,09/04/2026,09/04/2027,4.648392,BANCO CENTRAL DE LA REPUBLICA DOMINICANA,BCENTRAL,58296
DO1002261928,LE090427,BCENTRAL/ LT 20270409 GTIA,560000,DOP,56,2.8114,99.549096,14/08/2026,12:35:44 PM,PLAZO,PRIMERA PARTE,ROTC,10/02/2027,CONFIRMADA,3283259,0,09/04/2026,09/04/2027,0,BANCO CENTRAL DE LA REPUBLICA DOMINICANA,BCENTRAL,56637
DO1005208322,MHUS2040,HACIENDA/6.75 BOEST 20400724 GTIA,26000,USD,26,4.534,122.613231,14/08/2026,12:35:43 PM,PRESTAMO,SEGUNDA PARTE,ROTC,14/09/2026,CONFIRMADA,3283300,0,24/07/2020,24/07/2040,0.689533,MINISTERIO DE HACIENDA,HACIENDA,60837
DO1005208322,MHUS2040,HACIENDA/6.75 BOEST 20400724 GTIA,26000,USD,26,4.5354,122.698808,14/08/2026,12:35:43 PM,PRESTAMO,PRIMERA PARTE,ROTC,14/08/2026,CONFIRMADA,3283300,0,24/07/2020,24/07/2040,0.689533,MINISTERIO DE HACIENDA,HACIENDA,61425
DO1005208322,MHUS2040,HACIENDA/6.75 BOEST 20400724 GTIA,26000,USD,26,4.534,122.613231,14/08/2026,12:35:41 PM,PLAZO,PRIMERA PARTE,ROTC,14/09/2026,CONFIRMADA,3283301,0,24/07/2020,24/07/2040,0,MINISTERIO DE HACIENDA,HACIENDA,59283
DO1005205419,MH42026,HACIENDA/11 BOEST 20261204 GTIA,400000,DOP,4,29.0589,97.577055,14/08/2026,12:35:40 PM,PRESTAMO,SEGUNDA PARTE,ROTC,13/10/2026,CONFIRMADA,3283303,0,04/06/2016,04/12/2026,3.609677,MINISTERIO DE HACIENDA,HACIENDA,59717
DO1005205419,MH42026,HACIENDA/11 BOEST 20261204 GTIA,400000,DOP,4,18.3354,97.860275,14/08/2026,12:35:40 PM,PRESTAMO,PRIMERA PARTE,ROTC,14/08/2026,CONFIRMADA,3283303,0,04/06/2016,04/12/2026,3.609677,MINISTERIO DE HACIENDA,HACIENDA,59766
DO1005205419,MH42026,HACIENDA/11 BOEST 20261204 GTIA,400000,DOP,4,29.0589,97.577055,14/08/2026,12:35:39 PM,PLAZO,PRIMERA PARTE,ROTC,13/10/2026,CONFIRMADA,3283305,0,04/06/2016,04/12/2026,0,MINISTERIO DE HACIENDA,HACIENDA,58233
DO1002261928,LE090427,BCENTRAL/ LT 20270409 GTIA,9750000,DOP,975,6.0971,99.027248,14/08/2026,12:35:37 PM,PRESTAMO,SEGUNDA PARTE,ROTC,10/02/2027,CONFIRMADA,3283307,0,09/04/2026,09/04/2027,4.716532,BANCO CENTRAL DE LA REPUBLICA DOMINICANA,BCENTRAL,58982
DO1002261928,LE090427,BCENTRAL/ LT 20270409 GTIA,9750000,DOP,975,9.0468,94.356597,14/08/2026,12:35:37 PM,PRESTAMO,PRIMERA PARTE,ROTC,14/08/2026,CONFIRMADA,3283307,0,09/04/2026,09/04/2027,4.716532,BANCO CENTRAL DE LA REPUBLICA DOMINICANA,BCENTRAL,59185
DO1002261928,LE090427,BCENTRAL/ LT 20270409 GTIA,9750000,DOP,975,6.0971,99.027248,14/08/2026,12:35:36 PM,PLAZO,PRIMERA PARTE,ROTC,10/02/2027,CONFIRMADA,3283308,0,09/04/2026,09/04/2027,0,BANCO CENTRAL DE LA REPUBLICA DOMINICANA,BCENTRAL,57435
DO1005208322,MHUS2040,HACIENDA/6.75 BOEST 20400724 GTIA,2000,USD,2,4.8194,119.187,14/08/2026,12:35:35 PM,PRESTAMO,SEGUNDA PARTE,ROTC,12/11/2026,CONFIRMADA,3283488,0,24/07/2020,24/07/2040,1.311751,MINISTERIO DE HACIENDA,HACIENDA,59465
DO1005208322,MHUS2040,HACIENDA/6.75 BOEST 20400724 GTIA,2000,USD,2,4.8028,119.622,14/08/2026,12:35:35 PM,PRESTAMO,PRIMERA PARTE,ROTC,14/08/2026,CONFIRMADA,3283488,0,24/07/2020,24/07/2040,1.311751,MINISTERIO DE HACIENDA,HACIENDA,59514
DO1005208322,MHUS2040,HACIENDA/6.75 BOEST 20400724 GTIA,2000,USD,2,4.8194,119.187,14/08/2026,12:35:33 PM,PLAZO,PRIMERA PARTE,ROTC,12/11/2026,CONFIRMADA,3283489,0,24/07/2020,24/07/2040,0,MINISTERIO DE HACIENDA,HACIENDA,57911
DO1002261928,LE090427,BCENTRAL/ LT 20270409 GTIA,230000,DOP,23,9.8616,98.436039,14/08/2026,12:35:32 PM,PRESTAMO,SEGUNDA PARTE,ROTC,10/02/2027,CONFIRMADA,3283491,0,09/04/2026,09/04/2027,4.534606,BANCO CENTRAL DE LA REPUBLICA DOMINICANA,BCENTRAL,58107
DO1002261928,LE090427,BCENTRAL/ LT 20270409 GTIA,230000,DOP,23,9.7023,93.972352,14/08/2026,12:35:32 PM,PRESTAMO,PRIMERA PARTE,ROTC,14/08/2026,CONFIRMADA,3283491,0,09/04/2026,09/04/2027,4.534606,BANCO CENTRAL DE LA REPUBLICA DOMINICANA,BCENTRAL,58156
DO1002261928,LE090427,BCENTRAL/ LT 20270409 GTIA,230000,DOP,23,9.8616,98.436039,14/08/2026,12:35:31 PM,PLAZO,PRIMERA PARTE,ROTC,10/02/2027,CONFIRMADA,3283492,0,09/04/2026,09/04/2027,0,BANCO CENTRAL DE LA REPUBLICA DOMINICANA,BCENTRAL,56560
DO1002261928,LE090427,BCENTRAL/ LT 20270409 GTIA,30000,DOP,3,-17.633,109.551633,14/08/2026,12:35:30 PM,PRESTAMO,SEGUNDA PARTE,ROTC,13/10/2026,CONFIRMADA,3283503,0,09/04/2026,09/04/2027,1.16137,BANCO CENTRAL DE LA REPUBLICA DOMINICANA,BCENTRAL,57918
DO1002261928,LE090427,BCENTRAL/ LT 20270409 GTIA,30000,DOP,3,-11.565,108.279333,14/08/2026,12:35:30 PM,PRESTAMO,PRIMERA PARTE,ROTC,14/08/2026,CONFIRMADA,3283503,0,09/04/2026,09/04/2027,1.16137,BANCO CENTRAL DE LA REPUBLICA DOMINICANA,BCENTRAL,58044
DO1002261928,LE090427,BCENTRAL/ LT 20270409 GTIA,30000,DOP,3,-17.633,109.551633,14/08/2026,12:35:29 PM,PLAZO,PRIMERA PARTE,ROTC,13/10/2026,CONFIRMADA,3283504,0,09/04/2026,09/04/2027,0,BANCO CENTRAL DE LA REPUBLICA DOMINICANA,BCENTRAL,56434
DO1005205617,MH12027,HACIENDA/11.25 BOEST 20270205 GTIA,9700000,DOP,97,-100,102.3079,14/08/2026,12:35:28 PM,PRESTAMO,SEGUNDA PARTE,ROTC,04/02/2027,CONFIRMADA,3283506,0,05/08/2016,05/02/2027,4.75739,MINISTERIO DE HACIENDA,HACIENDA,59913
DO1005205617,MH12027,HACIENDA/11.25 BOEST 20270205 GTIA,9700000,DOP,97,5.2682,102.812788,14/08/2026,12:35:28 PM,PRESTAMO,PRIMERA PARTE,ROTC,14/08/2026,CONFIRMADA,3283506,0,05/08/2016,05/02/2027,4.75739,MINISTERIO DE HACIENDA,HACIENDA,61628
DO1005205617,MH12027,HACIENDA/11.25 BOEST 20270205 GTIA,9700000,DOP,97,-100,102.3079,14/08/2026,12:35:27 PM,PLAZO,PRIMERA PARTE,ROTC,04/02/2027,CONFIRMADA,3283507,0,05/08/2016,05/02/2027,0,MINISTERIO DE HACIENDA,HACIENDA,58366
DO1005207118,MHUS2026,HACIENDA/6.65 BOEST 20261227 GTIA,16000,USD,16,-8.0549,104.211375,14/08/2026,12:35:26 PM,PRESTAMO,SEGUNDA PARTE,ROTC,17/09/2026,CONFIRMADA,3283509,0,27/12/2019,27/12/2026,1.236751,MINISTERIO DE HACIENDA,HACIENDA,61649
DO1005207118,MHUS2026,HACIENDA/6.65 BOEST 20261227 GTIA,16000,USD,16,-5.3141,104.398062,14/08/2026,12:35:26 PM,PRESTAMO,PRIMERA PARTE,ROTC,18/08/2026,CONFIRMADA,3283509,0,27/12/2019,27/12/2026,1.236751,MINISTERIO DE HACIENDA,HACIENDA,61691
DO1005207118,MHUS2026,HACIENDA/6.65 BOEST 20261227 GTIA,16000,USD,16,-8.0549,104.211375,14/08/2026,12:35:24 PM,PLAZO,PRIMERA PARTE,ROTC,17/09/2026,CONFIRMADA,3283510,0,27/12/2019,27/12/2026,0,MINISTERIO DE HACIENDA,HACIENDA,60095
DO1002261928,LE090427,BCENTRAL/ LT 20270409 GTIA,120000,DOP,12,1.8904,98.9401,14/08/2026,12:35:23 PM,PRESTAMO,SEGUNDA PARTE,ROTC,17/09/2026,CONFIRMADA,3283512,0,09/04/2026,09/04/2027,0.748525,BANCO CENTRAL DE LA REPUBLICA DOMINICANA,BCENTRAL,57365
DO1002261928,LE090427,BCENTRAL/ LT 20270409 GTIA,120000,DOP,12,2.8208,98.199508,14/08/2026,12:35:23 PM,PRESTAMO,PRIMERA PARTE,ROTC,18/08/2026,CONFIRMADA,3283512,0,09/04/2026,09/04/2027,0.748525,BANCO CENTRAL DE LA REPUBLICA DOMINICANA,BCENTRAL,58212
DO1002261928,LE090427,BCENTRAL/ LT 20270409 GTIA,120000,DOP,12,1.8904,98.9401,14/08/2026,12:35:22 PM,PLAZO,PRIMERA PARTE,ROTC,17/09/2026,CONFIRMADA,3283513,0,09/04/2026,09/04/2027,0,BANCO CENTRAL DE LA REPUBLICA DOMINICANA,BCENTRAL,55818
DO1002261928,LE090427,BCENTRAL/ LT 20270409 GTIA,1300000,DOP,130,8.4636,96.048315,14/08/2026,12:35:21 PM,PRESTAMO,SEGUNDA PARTE,ROTC,16/10/2026,CONFIRMADA,3283515,0,09/04/2026,09/04/2027,1.502093,BANCO CENTRAL DE LA REPUBLICA DOMINICANA,BCENTRAL,58716
DO1002261928,LE090427,BCENTRAL/ LT 20270409 GTIA,1300000,DOP,130,8.735,94.60558,14/08/2026,12:35:21 PM,PRESTAMO,PRIMERA PARTE,ROTC,17/08/2026,CONFIRMADA,3283515,0,09/04/2026,09/04/2027,1.502093,BANCO CENTRAL DE LA REPUBLICA DOMINICANA,BCENTRAL,58142
DO1002261928,LE090427,BCENTRAL/ LT 20270409 GTIA,1300000,DOP,130,8.4636,96.048315,14/08/2026,12:35:19 PM,PLAZO,PRIMERA PARTE,ROTC,16/10/2026,CONFIRMADA,3283516,0,09/04/2026,09/04/2027,0,BANCO CENTRAL DE LA REPUBLICA DOMINICANA,BCENTRAL,57225
USP3579ECV76,BSDR2036, ,357250000,DOP,7145,9.147072,110.144117,14/08/2026,12:35:19 PM,ESTRUCTURADA,SEGUNDA PARTE,ROTC,14/09/2026,CONFIRMADA,3283730,0,01/07/2024,01/06/2036,13,MINISTERIO DE HACIENDA,HACIENDA,53424
USP3579ECV76,BSDR2036, ,357250000,DOP,7145,9.20774608,109.786549,14/08/2026,12:35:19 PM,ESTRUCTURADA,PRIMERA PARTE,ROTC,14/08/2026,CONFIRMADA,3283730,0,01/07/2024,01/06/2036,13,MINISTERIO DE HACIENDA,HACIENDA,54446
DO1005254219,MH22041,HACIENDA/12 BOEST 20410529 GTIA,98000000,DOP,980,7.3516,141.5,14/08/2026,12:35:02 PM,CONTADO,PRIMERA PARTE,ROTC,18/08/2026,CONFIRMADA,3283573,0,29/05/2026,29/05/2041,0,MINISTERIO DE HACIENDA,HACIENDA,58716
DO1002261928,LE090427,BCENTRAL/ LT 20270409 GTIA,1300000,DOP,130,8.735,94.60558,14/08/2026,12:34:37 PM,CONTADO,PRIMERA PARTE,ROTC,17/08/2026,CONFIRMADA,3283514,0,09/04/2026,09/04/2027,0,BANCO CENTRAL DE LA REPUBLICA DOMINICANA,BCENTRAL,57491
DO1002261928,LE090427,BCENTRAL/ LT 20270409 GTIA,120000,DOP,12,2.8208,98.199508,14/08/2026,12:34:13 PM,CONTADO,PRIMERA PARTE,ROTC,18/08/2026,CONFIRMADA,3283511,0,09/04/2026,09/04/2027,0,BANCO CENTRAL DE LA REPUBLICA DOMINICANA,BCENTRAL,57505
DO1005207118,MHUS2026,HACIENDA/6.65 BOEST 20261227 GTIA,16000,USD,16,-5.3141,104.398062,14/08/2026,12:33:56 PM,CONTADO,PRIMERA PARTE,ROTC,18/08/2026,CONFIRMADA,3283508,0,27/12/2019,27/12/2026,0,MINISTERIO DE HACIENDA,HACIENDA,61005
DO1005205617,MH12027,HACIENDA/11.25 BOEST 20270205 GTIA,9700000,DOP,97,5.2682,102.812788,14/08/2026,12:33:34 PM,CONTADO,PRIMERA PARTE,ROTC,14/08/2026,CONFIRMADA,3283505,0,05/08/2016,05/02/2027,0,MINISTERIO DE HACIENDA,HACIENDA,60900
DO1005205419,MH42026,HACIENDA/11 BOEST 20261204 GTIA,48700000,DOP,487,9.2349,100.244635,14/08/2026,12:33:31 PM,PLAZO,PRIMERA PARTE,ROTC,08/10/2026,CONFIRMADA,3283626,0,04/06/2016,04/12/2026,0,MINISTERIO DE HACIENDA,HACIENDA,59563
DO1005205419,MH42026,HACIENDA/11 BOEST 20261204 GTIA,48700000,DOP,487,9.2349,100.244635,14/08/2026,12:33:30 PM,PRESTAMO,SEGUNDA PARTE,ROTC,08/10/2026,CONFIRMADA,3283625,0,04/06/2016,04/12/2026,3.375771,MINISTERIO DE HACIENDA,HACIENDA,61096
DO1005205419,MH42026,HACIENDA/11 BOEST 20261204 GTIA,48700000,DOP,487,9.1367,100.529678,14/08/2026,12:33:30 PM,PRESTAMO,PRIMERA PARTE,ROTC,14/08/2026,CONFIRMADA,3283625,0,04/06/2016,04/12/2026,3.375771,MINISTERIO DE HACIENDA,HACIENDA,61271
DO1005205419,MH42026,HACIENDA/11 BOEST 20261204 GTIA,48700000,DOP,487,9.1367,100.529678,14/08/2026,12:33:29 PM,CONTADO,PRIMERA PARTE,ROTC,14/08/2026,CONFIRMADA,3283624,0,04/06/2016,04/12/2026,0,MINISTERIO DE HACIENDA,HACIENDA,60634
DO1002261928,LE090427,BCENTRAL/ LT 20270409 GTIA,30000,DOP,3,-11.565,108.279333,14/08/2026,12:33:11 PM,CONTADO,PRIMERA PARTE,ROTC,14/08/2026,CONFIRMADA,3283502,0,09/04/2026,09/04/2027,0,BANCO CENTRAL DE LA REPUBLICA DOMINICANA,BCENTRAL,57330
DO1002261928,LE090427,BCENTRAL/ LT 20270409 GTIA,230000,DOP,23,9.7023,93.972352,14/08/2026,12:32:24 PM,CONTADO,PRIMERA PARTE,ROTC,14/08/2026,CONFIRMADA,3283490,0,09/04/2026,09/04/2027,0,BANCO CENTRAL DE LA REPUBLICA DOMINICANA,BCENTRAL,57449
DO1002261522,NO180130,BCENTRAL/9.5 BOEST 20300118 GTIA,80000,DOP,8,9.80000169,99.130168,14/08/2026,12:31:56 PM,CONTADO,PRIMERA PARTE,ROTC,14/08/2026,CONFIRMADA,3283639,0,18/01/2026,18/01/2030,0,BANCO CENTRAL DE LA REPUBLICA DOMINICANA,BCENTRAL,60781
DO1002261423,NO301129,BCENTRAL/9.5 BOEST 20291130 GTIA,28180000,DOP,2818,9,101.372964,14/08/2026,12:31:54 PM,CONTADO,PRIMERA PARTE,ROTC,14/08/2026,CONFIRMADA,3282679,0,30/11/2025,30/11/2029,0,BANCO CENTRAL DE LA REPUBLICA DOMINICANA,BCENTRAL,60109
DO1002261423,NO301129,BCENTRAL/9.5 BOEST 20291130 GTIA,28180000,DOP,2818,8.9804,101.395783,14/08/2026,12:31:53 PM,PLAZO,PRIMERA PARTE,ROTC,14/09/2026,CONFIRMADA,3282680,0,30/11/2025,30/11/2029,0,BANCO CENTRAL DE LA REPUBLICA DOMINICANA,BCENTRAL,61033
DO1002223621,NO150127,BCENTRAL/8 BOEST 20270115 GTIA,15600000,DOP,1560,7.32,100.265548,14/08/2026,12:31:52 PM,CONTADO,PRIMERA PARTE,ROTC,14/08/2026,CONFIRMADA,3282681,0,15/01/2022,15/01/2027,0,BANCO CENTRAL DE LA REPUBLICA DOMINICANA,BCENTRAL,60284
DO1002223621,NO150127,BCENTRAL/8 BOEST 20270115 GTIA,15600000,DOP,1560,6.7385,100.395473,14/08/2026,12:31:51 PM,PLAZO,PRIMERA PARTE,ROTC,14/09/2026,CONFIRMADA,3282682,0,15/01/2022,15/01/2027,0,BANCO CENTRAL DE LA REPUBLICA DOMINICANA,BCENTRAL,60172
USP3579ECN50,BSRD2033, ,17000,USD,17,5.7757,101.185078,14/08/2026,12:30:39 PM,ESTRUCTURADA,SEGUNDA PARTE,ROTC,18/09/2026,CONFIRMADA,3283641,0,22/02/2022,22/02/2033,4.15,MINISTERIO DE HACIENDA,HACIENDA,50596
USP3579ECN50,BSRD2033, ,17000,USD,17,5.752,101.331333,14/08/2026,12:30:39 PM,ESTRUCTURADA,PRIMERA PARTE,ROTC,14/08/2026,CONFIRMADA,3283641,0,22/02/2022,22/02/2033,4.15,MINISTERIO DE HACIENDA,HACIENDA,50113
USP3579ECN50,BSRD2033, ,17000,USD,17,0,0,14/08/2026,12:30:38 PM,PRESTAMO,SEGUNDA PARTE,ROTC,21/02/2033,CONFIRMADA,3283642,0,22/02/2022,22/02/2033,0,MINISTERIO DE HACIENDA,HACIENDA,43274
USP3579ECN50,BSRD2033, ,17000,USD,17,5.752,101.331333,14/08/2026,12:30:38 PM,PRESTAMO,PRIMERA PARTE,ROTC,14/08/2026,CONFIRMADA,3283642,0,22/02/2022,22/02/2033,0,MINISTERIO DE HACIENDA,HACIENDA,48006
DO1002261928,LE090427,BCENTRAL/ LT 20270409 GTIA,220000,DOP,22,10.8274,96.628773,14/08/2026,12:30:37 PM,ESTRUCTURADA,SEGUNDA PARTE,ROTC,14/12/2026,CONFIRMADA,3283643,0,09/04/2026,09/04/2027,9.35,BANCO CENTRAL DE LA REPUBLICA DOMINICANA,BCENTRAL,60543
DO1002261928,LE090427,BCENTRAL/ LT 20270409 GTIA,220000,DOP,22,10.2373,93.661018,14/08/2026,12:30:37 PM,ESTRUCTURADA,PRIMERA PARTE,ROTC,14/08/2026,CONFIRMADA,3283643,0,09/04/2026,09/04/2027,9.35,BANCO CENTRAL DE LA REPUBLICA DOMINICANA,BCENTRAL,60501
DO1002261928,LE090427,BCENTRAL/ LT 20270409 GTIA,220000,DOP,22,0,0,14/08/2026,12:30:36 PM,PRESTAMO,SEGUNDA PARTE,ROTC,08/04/2027,CONFIRMADA,3283644,0,09/04/2026,09/04/2027,0,BANCO CENTRAL DE LA REPUBLICA DOMINICANA,BCENTRAL,53305
DO1002261928,LE090427,BCENTRAL/ LT 20270409 GTIA,220000,DOP,22,10.2373,93.661018,14/08/2026,12:30:36 PM,PRESTAMO,PRIMERA PARTE,ROTC,14/08/2026,CONFIRMADA,3283644,0,09/04/2026,09/04/2027,0,BANCO CENTRAL DE LA REPUBLICA DOMINICANA,BCENTRAL,58394
DO1002261423,NO301129,BCENTRAL/9.5 BOEST 20291130 GTIA,120000,DOP,12,8.4003,103.005928,14/08/2026,12:30:35 PM,ESTRUCTURADA,SEGUNDA PARTE,ROTC,18/09/2026,CONFIRMADA,3283645,0,30/11/2025,30/11/2029,9.35,BANCO CENTRAL DE LA REPUBLICA DOMINICANA,BCENTRAL,62965
DO1002261423,NO301129,BCENTRAL/9.5 BOEST 20291130 GTIA,120000,DOP,12,8.4448,102.955727,14/08/2026,12:30:35 PM,ESTRUCTURADA,PRIMERA PARTE,ROTC,14/08/2026,CONFIRMADA,3283645,0,30/11/2025,30/11/2029,9.35,BANCO CENTRAL DE LA REPUBLICA DOMINICANA,BCENTRAL,63154
DO1002261423,NO301129,BCENTRAL/9.5 BOEST 20291130 GTIA,120000,DOP,12,0,0,14/08/2026,12:30:34 PM,PRESTAMO,SEGUNDA PARTE,ROTC,29/11/2029,CONFIRMADA,3283646,0,30/11/2025,30/11/2029,0,BANCO CENTRAL DE LA REPUBLICA DOMINICANA,BCENTRAL,55867
DO1002261423,NO301129,BCENTRAL/9.5 BOEST 20291130 GTIA,120000,DOP,12,8.4448,102.955727,14/08/2026,12:30:34 PM,PRESTAMO,PRIMERA PARTE,ROTC,14/08/2026,CONFIRMADA,3283646,0,30/11/2025,30/11/2029,0,BANCO CENTRAL DE LA REPUBLICA DOMINICANA,BCENTRAL,61047
DO1002223928,NO120227,BCENTRAL/8 BOEST 20270212 GTIA,1100000,DOP,110,8.15,90.800395,14/08/2026,12:30:34 PM,PRESTAMO,SEGUNDA PARTE,ROTC,29/01/2027,CONFIRMADA,3283724,0,12/02/2022,12/02/2027,0.02,BANCO CENTRAL DE LA REPUBLICA DOMINICANA,BCENTRAL,59836
DO1002223928,NO120227,BCENTRAL/8 BOEST 20270212 GTIA,1100000,DOP,110,8.15,90.800395,14/08/2026,12:30:34 PM,PRESTAMO,PRIMERA PARTE,ROTC,17/08/2026,CONFIRMADA,3283724,0,12/02/2022,12/02/2027,0.02,BANCO CENTRAL DE LA REPUBLICA DOMINICANA,BCENTRAL,59920
DO1002261928,LE090427,BCENTRAL/ LT 20270409 GTIA,430000,DOP,43,8.9891,95.767421,14/08/2026,12:30:33 PM,ESTRUCTURADA,SEGUNDA PARTE,ROTC,14/10/2026,CONFIRMADA,3283647,0,09/04/2026,09/04/2027,8.9,BANCO CENTRAL DE LA REPUBLICA DOMINICANA,BCENTRAL,60249
DO1002261928,LE090427,BCENTRAL/ LT 20270409 GTIA,430000,DOP,43,9.0671,94.344651,14/08/2026,12:30:33 PM,ESTRUCTURADA,PRIMERA PARTE,ROTC,14/08/2026,CONFIRMADA,3283647,0,09/04/2026,09/04/2027,8.9,BANCO CENTRAL DE LA REPUBLICA DOMINICANA,BCENTRAL,60242
DO1002261928,LE090427,BCENTRAL/ LT 20270409 GTIA,430000,DOP,43,0,0,14/08/2026,12:30:31 PM,PRESTAMO,SEGUNDA PARTE,ROTC,08/04/2027,CONFIRMADA,3283648,0,09/04/2026,09/04/2027,0,BANCO CENTRAL DE LA REPUBLICA DOMINICANA,BCENTRAL,53312
DO1002261928,LE090427,BCENTRAL/ LT 20270409 GTIA,430000,DOP,43,9.0671,94.344651,14/08/2026,12:30:31 PM,PRESTAMO,PRIMERA PARTE,ROTC,14/08/2026,CONFIRMADA,3283648,0,09/04/2026,09/04/2027,0,BANCO CENTRAL DE LA REPUBLICA DOMINICANA,BCENTRAL,58128
DO1002261928,LE090427,BCENTRAL/ LT 20270409 GTIA,770000,DOP,77,7.6887,98.506262,14/08/2026,12:30:30 PM,ESTRUCTURADA,SEGUNDA PARTE,ROTC,28/01/2027,CONFIRMADA,3283649,0,09/04/2026,09/04/2027,9.25,BANCO CENTRAL DE LA REPUBLICA DOMINICANA,BCENTRAL,60354
DO1002261928,LE090427,BCENTRAL/ LT 20270409 GTIA,770000,DOP,77,8.8827,94.453297,14/08/2026,12:30:30 PM,ESTRUCTURADA,PRIMERA PARTE,ROTC,14/08/2026,CONFIRMADA,3283649,0,09/04/2026,09/04/2027,9.25,BANCO CENTRAL DE LA REPUBLICA DOMINICANA,BCENTRAL,60438
DO1002261928,LE090427,BCENTRAL/ LT 20270409 GTIA,770000,DOP,77,0,0,14/08/2026,12:30:29 PM,PRESTAMO,SEGUNDA PARTE,ROTC,08/04/2027,CONFIRMADA,3283650,0,09/04/2026,09/04/2027,0,BANCO CENTRAL DE LA REPUBLICA DOMINICANA,BCENTRAL,53459
DO1002261928,LE090427,BCENTRAL/ LT 20270409 GTIA,770000,DOP,77,8.8827,94.453297,14/08/2026,12:30:29 PM,PRESTAMO,PRIMERA PARTE,ROTC,14/08/2026,CONFIRMADA,3283650,0,09/04/2026,09/04/2027,0,BANCO CENTRAL DE LA REPUBLICA DOMINICANA,BCENTRAL,58394
USP3579ECN50,BSRD2033, ,2000,USD,2,6.094,99.501333,14/08/2026,12:30:28 PM,ESTRUCTURADA,SEGUNDA PARTE,ROTC,14/10/2026,CONFIRMADA,3283651,0,22/02/2022,22/02/2033,4.35,MINISTERIO DE HACIENDA,HACIENDA,49000
USP3579ECN50,BSRD2033, ,2000,USD,2,6.0476,99.744833,14/08/2026,12:30:28 PM,ESTRUCTURADA,PRIMERA PARTE,ROTC,14/08/2026,CONFIRMADA,3283651,0,22/02/2022,22/02/2033,4.35,MINISTERIO DE HACIENDA,HACIENDA,49574
USP3579ECN50,BSRD2033, ,2000,USD,2,0,0,14/08/2026,12:30:27 PM,PRESTAMO,SEGUNDA PARTE,ROTC,21/02/2033,CONFIRMADA,3283652,0,22/02/2022,22/02/2033,0,MINISTERIO DE HACIENDA,HACIENDA,42504
USP3579ECN50,BSRD2033, ,2000,USD,2,6.0476,99.744833,14/08/2026,12:30:27 PM,PRESTAMO,PRIMERA PARTE,ROTC,14/08/2026,CONFIRMADA,3283652,0,22/02/2022,22/02/2033,0,MINISTERIO DE HACIENDA,HACIENDA,47467
DO1002261928,LE090427,BCENTRAL/ LT 20270409 GTIA,460000,DOP,46,10.8654,94.955985,14/08/2026,12:30:26 PM,ESTRUCTURADA,SEGUNDA PARTE,ROTC,15/10/2026,CONFIRMADA,3283653,0,09/04/2026,09/04/2027,9.05,BANCO CENTRAL DE LA REPUBLICA DOMINICANA,BCENTRAL,60662
DO1002261928,LE090427,BCENTRAL/ LT 20270409 GTIA,460000,DOP,46,10.5177,93.498704,14/08/2026,12:30:26 PM,ESTRUCTURADA,PRIMERA PARTE,ROTC,14/08/2026,CONFIRMADA,3283653,0,09/04/2026,09/04/2027,9.05,BANCO CENTRAL DE LA REPUBLICA DOMINICANA,BCENTRAL,60676
DO1002261928,LE090427,BCENTRAL/ LT 20270409 GTIA,460000,DOP,46,0,0,14/08/2026,12:30:25 PM,PRESTAMO,SEGUNDA PARTE,ROTC,08/04/2027,CONFIRMADA,3283654,0,09/04/2026,09/04/2027,0,BANCO CENTRAL DE LA REPUBLICA DOMINICANA,BCENTRAL,53375
DO1002261928,LE090427,BCENTRAL/ LT 20270409 GTIA,460000,DOP,46,10.5177,93.498704,14/08/2026,12:30:25 PM,PRESTAMO,PRIMERA PARTE,ROTC,14/08/2026,CONFIRMADA,3283654,0,09/04/2026,09/04/2027,0,BANCO CENTRAL DE LA REPUBLICA DOMINICANA,BCENTRAL,58569
USP3579ECN50,BSRD2033, ,220000,USD,220,5.9919,100.031362,14/08/2026,12:30:24 PM,ESTRUCTURADA,SEGUNDA PARTE,ROTC,21/12/2026,CONFIRMADA,3283655,0,22/02/2022,22/02/2033,5.35,MINISTERIO DE HACIENDA,HACIENDA,50995
USP3579ECN50,BSRD2033, ,220000,USD,220,5.9673,100.172679,14/08/2026,12:30:24 PM,ESTRUCTURADA,PRIMERA PARTE,ROTC,14/08/2026,CONFIRMADA,3283655,0,22/02/2022,22/02/2033,5.35,MINISTERIO DE HACIENDA,HACIENDA,51205
USP3579ECN50,BSRD2033, ,220000,USD,220,0,0,14/08/2026,12:30:23 PM,PRESTAMO,SEGUNDA PARTE,ROTC,21/02/2033,CONFIRMADA,3283656,0,22/02/2022,22/02/2033,0,MINISTERIO DE HACIENDA,HACIENDA,43848
USP3579ECN50,BSRD2033, ,220000,USD,220,5.9673,100.172679,14/08/2026,12:30:23 PM,PRESTAMO,PRIMERA PARTE,ROTC,14/08/2026,CONFIRMADA,3283656,0,22/02/2022,22/02/2033,0,MINISTERIO DE HACIENDA,HACIENDA,49098
USP3579EBY25,BSRD2048,DOMINICAN REP/6.5 CHURCH BD UNSEC,6000,USD,6,6.7922,96.720944,14/08/2026,12:30:22 PM,ESTRUCTURADA,SEGUNDA PARTE,ROTC,13/10/2026,CONFIRMADA,3283657,0,08/02/2018,15/02/2048,4.6,MINISTERIO DE HACIENDA,HACIENDA,64596
USP3579EBY25,BSRD2048,DOMINICAN REP/6.5 CHURCH BD UNSEC,6000,USD,6,6.7652,97.017556,14/08/2026,12:30:22 PM,ESTRUCTURADA,PRIMERA PARTE,ROTC,14/08/2026,CONFIRMADA,3283657,0,08/02/2018,15/02/2048,4.6,MINISTERIO DE HACIENDA,HACIENDA,64708
USP3579EBY25,BSRD2048,DOMINICAN REP/6.5 CHURCH BD UNSEC,6000,USD,6,0,0,14/08/2026,12:30:20 PM,PRESTAMO,SEGUNDA PARTE,ROTC,14/02/2048,CONFIRMADA,3283658,0,08/02/2018,15/02/2048,0,MINISTERIO DE HACIENDA,HACIENDA,57715
USP3579EBY25,BSRD2048,DOMINICAN REP/6.5 CHURCH BD UNSEC,6000,USD,6,6.7652,97.017556,14/08/2026,12:30:20 PM,PRESTAMO,PRIMERA PARTE,ROTC,14/08/2026,CONFIRMADA,3283658,0,08/02/2018,15/02/2048,0,MINISTERIO DE HACIENDA,HACIENDA,62594
USP3579EBY25,BSRD2048,DOMINICAN REP/6.5 CHURCH BD UNSEC,46000,USD,46,6.807,96.557623,14/08/2026,12:30:19 PM,ESTRUCTURADA,SEGUNDA PARTE,ROTC,18/09/2026,CONFIRMADA,3283659,0,08/02/2018,15/02/2048,4.15,MINISTERIO DE HACIENDA,HACIENDA,65100
USP3579EBY25,BSRD2048,DOMINICAN REP/6.5 CHURCH BD UNSEC,46000,USD,46,6.7879,96.768056,14/08/2026,12:30:19 PM,ESTRUCTURADA,PRIMERA PARTE,ROTC,14/08/2026,CONFIRMADA,3283659,0,08/02/2018,15/02/2048,4.15,MINISTERIO DE HACIENDA,HACIENDA,65604
USP3579EBY25,BSRD2048,DOMINICAN REP/6.5 CHURCH BD UNSEC,46000,USD,46,0,0,14/08/2026,12:30:18 PM,PRESTAMO,SEGUNDA PARTE,ROTC,14/02/2048,CONFIRMADA,3283660,0,08/02/2018,15/02/2048,0,MINISTERIO DE HACIENDA,HACIENDA,58492
USP3579EBY25,BSRD2048,DOMINICAN REP/6.5 CHURCH BD UNSEC,46000,USD,46,6.7879,96.768056,14/08/2026,12:30:18 PM,PRESTAMO,PRIMERA PARTE,ROTC,14/08/2026,CONFIRMADA,3283660,0,08/02/2018,15/02/2048,0,MINISTERIO DE HACIENDA,HACIENDA,63497
USP3579ECE51,BSRD2049,"DOMINICAN, REP /6.4 BD 20490605",11000,USD,11,6.8656,94.703253,14/08/2026,12:30:17 PM,ESTRUCTURADA,SEGUNDA PARTE,ROTC,18/12/2026,CONFIRMADA,3283661,0,05/06/2019,05/06/2049,5.1,MINISTERIO DE HACIENDA,HACIENDA,62517
USP3579ECE51,BSRD2049,"DOMINICAN, REP /6.4 BD 20490605",11000,USD,11,6.8179,95.186788,14/08/2026,12:30:17 PM,ESTRUCTURADA,PRIMERA PARTE,ROTC,14/08/2026,CONFIRMADA,3283661,0,05/06/2019,05/06/2049,5.1,MINISTERIO DE HACIENDA,HACIENDA,62720
DO1002223928,NO120227,BCENTRAL/8 BOEST 20270212 GTIA,1100000,DOP,110,208.734783,90.600938,14/08/2026,12:30:17 PM,PLAZO,PRIMERA PARTE,ROTC,29/01/2027,CONFIRMADA,3283723,0,12/02/2022,12/02/2027,0,BANCO CENTRAL DE LA REPUBLICA DOMINICANA,BCENTRAL,60522
USP3579ECE51,BSRD2049,"DOMINICAN, REP /6.4 BD 20490605",11000,USD,11,0,0,14/08/2026,12:30:15 PM,PRESTAMO,SEGUNDA PARTE,ROTC,04/06/2049,CONFIRMADA,3283662,0,05/06/2019,05/06/2049,0,MINISTERIO DE HACIENDA,HACIENDA,55636
USP3579ECE51,BSRD2049,"DOMINICAN, REP /6.4 BD 20490605",11000,USD,11,6.8179,95.186788,14/08/2026,12:30:15 PM,PRESTAMO,PRIMERA PARTE,ROTC,14/08/2026,CONFIRMADA,3283662,0,05/06/2019,05/06/2049,0,MINISTERIO DE HACIENDA,HACIENDA,60606
USP3579ECJ49,BSRD2041, ,12000,USD,12,6.5659,88.344,14/08/2026,12:30:14 PM,ESTRUCTURADA,SEGUNDA PARTE,ROTC,18/09/2026,CONFIRMADA,3283663,0,21/01/2021,21/01/2041,4.15,MINISTERIO DE HACIENDA,HACIENDA,49126
USP3579ECJ49,BSRD2041, ,12000,USD,12,6.5443,88.486222,14/08/2026,12:30:14 PM,ESTRUCTURADA,PRIMERA PARTE,ROTC,14/08/2026,CONFIRMADA,3283663,0,21/01/2021,21/01/2041,4.15,MINISTERIO DE HACIENDA,HACIENDA,50190
USP3579ECJ49,BSRD2041, ,12000,USD,12,0,0,14/08/2026,12:30:13 PM,PRESTAMO,SEGUNDA PARTE,ROTC,18/01/2041,CONFIRMADA,3283664,0,21/01/2021,21/01/2041,0,MINISTERIO DE HACIENDA,HACIENDA,43204
USP3579ECJ49,BSRD2041, ,12000,USD,12,6.5443,88.486222,14/08/2026,12:30:13 PM,PRESTAMO,PRIMERA PARTE,ROTC,14/08/2026,CONFIRMADA,3283664,0,21/01/2021,21/01/2041,0,MINISTERIO DE HACIENDA,HACIENDA,48083
DO1002261126,NO280929,BCENTRAL/9.5 BOEST 20290928 GTIA,70000,DOP,7,11.4488,95.123209,14/08/2026,12:30:12 PM,ESTRUCTURADA,SEGUNDA PARTE,ROTC,18/09/2026,CONFIRMADA,3283665,0,28/09/2025,28/09/2029,8.35,BANCO CENTRAL DE LA REPUBLICA DOMINICANA,BCENTRAL,62608
DO1002261126,NO280929,BCENTRAL/9.5 BOEST 20290928 GTIA,70000,DOP,7,11.3495,95.224571,14/08/2026,12:30:12 PM,ESTRUCTURADA,PRIMERA PARTE,ROTC,14/08/2026,CONFIRMADA,3283665,0,28/09/2025,28/09/2029,8.35,BANCO CENTRAL DE LA REPUBLICA DOMINICANA,BCENTRAL,62643
DO1002223928,NO120227,BCENTRAL/8 BOEST 20270212 GTIA,1100000,DOP,110,29.661413,90.800395,14/08/2026,12:30:12 PM,CONTADO,PRIMERA PARTE,ROTC,17/08/2026,CONFIRMADA,3283722,0,12/02/2022,12/02/2027,0,BANCO CENTRAL DE LA REPUBLICA DOMINICANA,BCENTRAL,61005
DO1002261126,NO280929,BCENTRAL/9.5 BOEST 20290928 GTIA,70000,DOP,7,0,0,14/08/2026,12:30:11 PM,PRESTAMO,SEGUNDA PARTE,ROTC,27/09/2029,CONFIRMADA,3283666,0,28/09/2025,28/09/2029,0,BANCO CENTRAL DE LA REPUBLICA DOMINICANA,BCENTRAL,55447
DO1002261126,NO280929,BCENTRAL/9.5 BOEST 20290928 GTIA,70000,DOP,7,11.3495,95.224571,14/08/2026,12:30:11 PM,PRESTAMO,PRIMERA PARTE,ROTC,14/08/2026,CONFIRMADA,3283666,0,28/09/2025,28/09/2029,0,BANCO CENTRAL DE LA REPUBLICA DOMINICANA,BCENTRAL,60536
USP3579ECY16,BSDR2037, ,1050000,DOP,21,9.2608,108.035762,14/08/2026,12:30:10 PM,ESTRUCTURADA,SEGUNDA PARTE,ROTC,05/01/2027,CONFIRMADA,3283667,0,24/02/2025,15/03/2037,9.15,MINISTERIO DE HACIENDA,HACIENDA,51086
USP3579ECY16,BSDR2037, ,1050000,DOP,21,9.2888,108.035119,14/08/2026,12:30:10 PM,ESTRUCTURADA,PRIMERA PARTE,ROTC,14/08/2026,CONFIRMADA,3283667,0,24/02/2025,15/03/2037,9.15,MINISTERIO DE HACIENDA,HACIENDA,51233
USP3579ECY16,BSDR2037, ,1050000,DOP,21,0,0,14/08/2026,12:30:09 PM,PRESTAMO,SEGUNDA PARTE,ROTC,13/03/2037,CONFIRMADA,3283668,0,24/02/2025,15/03/2037,0,MINISTERIO DE HACIENDA,HACIENDA,43981
USP3579ECY16,BSDR2037, ,1050000,DOP,21,9.2888,108.035119,14/08/2026,12:30:09 PM,PRESTAMO,PRIMERA PARTE,ROTC,14/08/2026,CONFIRMADA,3283668,0,24/02/2025,15/03/2037,0,MINISTERIO DE HACIENDA,HACIENDA,49189
USP3579ECQ81,BSDR2033, ,1650000,DOP,33,9.0468,121.171682,14/08/2026,12:30:07 PM,ESTRUCTURADA,SEGUNDA PARTE,ROTC,14/12/2026,CONFIRMADA,3283669,0,03/02/2023,03/02/2033,9.95,MINISTERIO DE HACIENDA,HACIENDA,51121
USP3579ECQ81,BSDR2033, ,1650000,DOP,33,9.1287,121.599058,14/08/2026,12:30:07 PM,ESTRUCTURADA,PRIMERA PARTE,ROTC,14/08/2026,CONFIRMADA,3283669,0,03/02/2023,03/02/2033,9.95,MINISTERIO DE HACIENDA,HACIENDA,51296
USP3579ECQ81,BSDR2033, ,1650000,DOP,33,0,0,14/08/2026,12:30:06 PM,PRESTAMO,SEGUNDA PARTE,ROTC,02/02/2033,CONFIRMADA,3283670,0,03/02/2023,03/02/2033,0,MINISTERIO DE HACIENDA,HACIENDA,43904
USP3579ECQ81,BSDR2033, ,1650000,DOP,33,9.1287,121.599058,14/08/2026,12:30:06 PM,PRESTAMO,PRIMERA PARTE,ROTC,14/08/2026,CONFIRMADA,3283670,0,03/02/2023,03/02/2033,0,MINISTERIO DE HACIENDA,HACIENDA,49189
USP3579ECQ81,BSDR2033, ,3150000,DOP,63,9.2431,120.547608,14/08/2026,12:30:05 PM,ESTRUCTURADA,SEGUNDA PARTE,ROTC,14/10/2026,CONFIRMADA,3283671,0,03/02/2023,03/02/2033,9.05,MINISTERIO DE HACIENDA,HACIENDA,51065
USP3579ECQ81,BSDR2033, ,3150000,DOP,63,9.2466,120.957212,14/08/2026,12:30:05 PM,ESTRUCTURADA,PRIMERA PARTE,ROTC,14/08/2026,CONFIRMADA,3283671,0,03/02/2023,03/02/2033,9.05,MINISTERIO DE HACIENDA,HACIENDA,51205
USP3579ECQ81,BSDR2033, ,3150000,DOP,63,0,0,14/08/2026,12:30:04 PM,PRESTAMO,SEGUNDA PARTE,ROTC,02/02/2033,CONFIRMADA,3283672,0,03/02/2023,03/02/2033,0,MINISTERIO DE HACIENDA,HACIENDA,43890
USP3579ECQ81,BSDR2033, ,3150000,DOP,63,9.2466,120.957212,14/08/2026,12:30:04 PM,PRESTAMO,PRIMERA PARTE,ROTC,14/08/2026,CONFIRMADA,3283672,0,03/02/2023,03/02/2033,0,MINISTERIO DE HACIENDA,HACIENDA,49098
USP3579ECS48,BSDR2035, ,600000,DOP,12,9.224,111.95713,14/08/2026,12:30:02 PM,ESTRUCTURADA,SEGUNDA PARTE,ROTC,14/12/2026,CONFIRMADA,3283673,0,15/09/2023,15/09/2035,9.35,MINISTERIO DE HACIENDA,HACIENDA,49987
USP3579ECS48,BSDR2035, ,600000,DOP,12,9.2631,112.010417,14/08/2026,12:30:02 PM,ESTRUCTURADA,PRIMERA PARTE,ROTC,14/08/2026,CONFIRMADA,3283673,0,15/09/2023,15/09/2035,9.35,MINISTERIO DE HACIENDA,HACIENDA,50708
USP3579ECS48,BSDR2035, ,600000,DOP,12,0,0,14/08/2026,12:30:01 PM,PRESTAMO,SEGUNDA PARTE,ROTC,14/09/2035,CONFIRMADA,3283674,0,15/09/2023,15/09/2035,0,MINISTERIO DE HACIENDA,HACIENDA,43603
USP3579ECS48,BSDR2035, ,600000,DOP,12,9.2631,112.010417,14/08/2026,12:30:01 PM,PRESTAMO,PRIMERA PARTE,ROTC,14/08/2026,CONFIRMADA,3283674,0,15/09/2023,15/09/2035,0,MINISTERIO DE HACIENDA,HACIENDA,48601
DO1002261423,NO301129,BCENTRAL/9.5 BOEST 20291130 GTIA,50000,DOP,5,9.9612,98.735191,14/08/2026,12:30:00 PM,ESTRUCTURADA,SEGUNDA PARTE,ROTC,18/09/2026,CONFIRMADA,3283675,0,30/11/2025,30/11/2029,8.35,BANCO CENTRAL DE LA REPUBLICA DOMINICANA,BCENTRAL,62118
DO1002261423,NO301129,BCENTRAL/9.5 BOEST 20291130 GTIA,50000,DOP,5,9.9184,98.820563,14/08/2026,12:30:00 PM,ESTRUCTURADA,PRIMERA PARTE,ROTC,14/08/2026,CONFIRMADA,3283675,0,30/11/2025,30/11/2029,8.35,BANCO CENTRAL DE LA REPUBLICA DOMINICANA,BCENTRAL,62160
DO1002261423,NO301129,BCENTRAL/9.5 BOEST 20291130 GTIA,50000,DOP,5,0,0,14/08/2026,12:29:59 PM,PRESTAMO,SEGUNDA PARTE,ROTC,29/11/2029,CONFIRMADA,3283676,0,30/11/2025,30/11/2029,0,BANCO CENTRAL DE LA REPUBLICA DOMINICANA,BCENTRAL,55328
DO1002261423,NO301129,BCENTRAL/9.5 BOEST 20291130 GTIA,50000,DOP,5,9.9184,98.820563,14/08/2026,12:29:59 PM,PRESTAMO,PRIMERA PARTE,ROTC,14/08/2026,CONFIRMADA,3283676,0,30/11/2025,30/11/2029,0,BANCO CENTRAL DE LA REPUBLICA DOMINICANA,BCENTRAL,60214
USP3579ECY16,BSDR2037, ,50000,DOP,1,9.6422,105.545007,14/08/2026,12:29:57 PM,ESTRUCTURADA,SEGUNDA PARTE,ROTC,14/10/2026,CONFIRMADA,3283677,0,24/02/2025,15/03/2037,9.55,MINISTERIO DE HACIENDA,HACIENDA,50134
USP3579ECY16,BSDR2037, ,50000,DOP,1,9.6537,105.517207,14/08/2026,12:29:57 PM,ESTRUCTURADA,PRIMERA PARTE,ROTC,14/08/2026,CONFIRMADA,3283677,0,24/02/2025,15/03/2037,9.55,MINISTERIO DE HACIENDA,HACIENDA,50302
USP3579ECY16,BSDR2037, ,50000,DOP,1,0,0,14/08/2026,12:29:56 PM,PRESTAMO,SEGUNDA PARTE,ROTC,13/03/2037,CONFIRMADA,3283678,0,24/02/2025,15/03/2037,0,MINISTERIO DE HACIENDA,HACIENDA,43022
USP3579ECY16,BSDR2037, ,50000,DOP,1,9.6537,105.517207,14/08/2026,12:29:56 PM,PRESTAMO,PRIMERA PARTE,ROTC,14/08/2026,CONFIRMADA,3283678,0,24/02/2025,15/03/2037,0,MINISTERIO DE HACIENDA,HACIENDA,48195
USP3579ECQ81,BSDR2033, ,5050000,DOP,101,9.2687,120.592526,14/08/2026,12:29:55 PM,ESTRUCTURADA,SEGUNDA PARTE,ROTC,18/09/2026,CONFIRMADA,3283680,0,03/02/2023,03/02/2033,8.15,MINISTERIO DE HACIENDA,HACIENDA,51618
USP3579ECQ81,BSDR2033, ,5050000,DOP,101,9.2539,120.917926,14/08/2026,12:29:55 PM,ESTRUCTURADA,PRIMERA PARTE,ROTC,14/08/2026,CONFIRMADA,3283680,0,03/02/2023,03/02/2033,8.15,MINISTERIO DE HACIENDA,HACIENDA,51653
USP3579ECQ81,BSDR2033, ,5050000,DOP,101,0,0,14/08/2026,12:29:54 PM,PRESTAMO,SEGUNDA PARTE,ROTC,02/02/2033,CONFIRMADA,3283681,0,03/02/2023,03/02/2033,0,MINISTERIO DE HACIENDA,HACIENDA,44275
USP3579ECQ81,BSDR2033, ,5050000,DOP,101,9.2539,120.917926,14/08/2026,12:29:54 PM,PRESTAMO,PRIMERA PARTE,ROTC,14/08/2026,CONFIRMADA,3283681,0,03/02/2023,03/02/2033,0,MINISTERIO DE HACIENDA,HACIENDA,49546
USP3579ECQ81,BSDR2033, ,3350000,DOP,67,9.1555,121.200962,14/08/2026,12:29:53 PM,ESTRUCTURADA,SEGUNDA PARTE,ROTC,18/09/2026,CONFIRMADA,3283682,0,03/02/2023,03/02/2033,8.15,MINISTERIO DE HACIENDA,HACIENDA,51240
USP3579ECQ81,BSDR2033, ,3350000,DOP,67,9.1429,121.521579,14/08/2026,12:29:53 PM,ESTRUCTURADA,PRIMERA PARTE,ROTC,14/08/2026,CONFIRMADA,3283682,0,03/02/2023,03/02/2033,8.15,MINISTERIO DE HACIENDA,HACIENDA,51338
USP3579ECQ81,BSDR2033, ,3350000,DOP,67,0,0,14/08/2026,12:29:52 PM,PRESTAMO,SEGUNDA PARTE,ROTC,02/02/2033,CONFIRMADA,3283683,0,03/02/2023,03/02/2033,0,MINISTERIO DE HACIENDA,HACIENDA,44009
USP3579ECQ81,BSDR2033, ,3350000,DOP,67,9.1429,121.521579,14/08/2026,12:29:52 PM,PRESTAMO,PRIMERA PARTE,ROTC,14/08/2026,CONFIRMADA,3283683,0,03/02/2023,03/02/2033,0,MINISTERIO DE HACIENDA,HACIENDA,49231
DO1002261928,LE090427,BCENTRAL/ LT 20270409 GTIA,470000,DOP,47,7.5179,97.575168,14/08/2026,12:29:51 PM,ESTRUCTURADA,SEGUNDA PARTE,ROTC,11/12/2026,CONFIRMADA,3283684,0,09/04/2026,09/04/2027,9.95,BANCO CENTRAL DE LA REPUBLICA DOMINICANA,BCENTRAL,60361
DO1002261928,LE090427,BCENTRAL/ LT 20270409 GTIA,470000,DOP,47,8.8576,94.468085,14/08/2026,12:29:51 PM,ESTRUCTURADA,PRIMERA PARTE,ROTC,14/08/2026,CONFIRMADA,3283684,0,09/04/2026,09/04/2027,9.95,BANCO CENTRAL DE LA REPUBLICA DOMINICANA,BCENTRAL,60487
DO1002261928,LE090427,BCENTRAL/ LT 20270409 GTIA,470000,DOP,47,0,0,14/08/2026,12:29:50 PM,PRESTAMO,SEGUNDA PARTE,ROTC,08/04/2027,CONFIRMADA,3283685,0,09/04/2026,09/04/2027,0,BANCO CENTRAL DE LA REPUBLICA DOMINICANA,BCENTRAL,53431
DO1002261928,LE090427,BCENTRAL/ LT 20270409 GTIA,470000,DOP,47,8.8576,94.468085,14/08/2026,12:29:50 PM,PRESTAMO,PRIMERA PARTE,ROTC,14/08/2026,CONFIRMADA,3283685,0,09/04/2026,09/04/2027,0,BANCO CENTRAL DE LA REPUBLICA DOMINICANA,BCENTRAL,58380
DO1002261423,NO301129,BCENTRAL/9.5 BOEST 20291130 GTIA,250000,DOP,25,8.7991,101.912068,14/08/2026,12:29:48 PM,ESTRUCTURADA,SEGUNDA PARTE,ROTC,04/09/2026,CONFIRMADA,3283686,0,30/11/2025,30/11/2029,8.45,BANCO CENTRAL DE LA REPUBLICA DOMINICANA,BCENTRAL,63203
DO1002261423,NO301129,BCENTRAL/9.5 BOEST 20291130 GTIA,250000,DOP,25,8.7992,101.942027,14/08/2026,12:29:48 PM,ESTRUCTURADA,PRIMERA PARTE,ROTC,14/08/2026,CONFIRMADA,3283686,0,30/11/2025,30/11/2029,8.45,BANCO CENTRAL DE LA REPUBLICA DOMINICANA,BCENTRAL,63259
DO1002261423,NO301129,BCENTRAL/9.5 BOEST 20291130 GTIA,250000,DOP,25,0,0,14/08/2026,12:29:47 PM,PRESTAMO,SEGUNDA PARTE,ROTC,29/11/2029,CONFIRMADA,3283687,0,30/11/2025,30/11/2029,0,BANCO CENTRAL DE LA REPUBLICA DOMINICANA,BCENTRAL,56007
DO1002261423,NO301129,BCENTRAL/9.5 BOEST 20291130 GTIA,250000,DOP,25,8.7992,101.942027,14/08/2026,12:29:47 PM,PRESTAMO,PRIMERA PARTE,ROTC,14/08/2026,CONFIRMADA,3283687,0,30/11/2025,30/11/2029,0,BANCO CENTRAL DE LA REPUBLICA DOMINICANA,BCENTRAL,61152
DO1002261423,NO301129,BCENTRAL/9.5 BOEST 20291130 GTIA,170000,DOP,17,9.8631,99.022991,14/08/2026,12:29:46 PM,ESTRUCTURADA,SEGUNDA PARTE,ROTC,16/10/2026,CONFIRMADA,3283688,0,30/11/2025,30/11/2029,8.95,BANCO CENTRAL DE LA REPUBLICA DOMINICANA,BCENTRAL,62874
DO1002261423,NO301129,BCENTRAL/9.5 BOEST 20291130 GTIA,170000,DOP,17,9.8285,99.066985,14/08/2026,12:29:46 PM,ESTRUCTURADA,PRIMERA PARTE,ROTC,14/08/2026,CONFIRMADA,3283688,0,30/11/2025,30/11/2029,8.95,BANCO CENTRAL DE LA REPUBLICA DOMINICANA,BCENTRAL,63084
DO1002261423,NO301129,BCENTRAL/9.5 BOEST 20291130 GTIA,170000,DOP,17,0,0,14/08/2026,12:29:45 PM,PRESTAMO,SEGUNDA PARTE,ROTC,29/11/2029,CONFIRMADA,3283689,0,30/11/2025,30/11/2029,0,BANCO CENTRAL DE LA REPUBLICA DOMINICANA,BCENTRAL,56007
DO1002261423,NO301129,BCENTRAL/9.5 BOEST 20291130 GTIA,170000,DOP,17,9.8285,99.066985,14/08/2026,12:29:45 PM,PRESTAMO,PRIMERA PARTE,ROTC,14/08/2026,CONFIRMADA,3283689,0,30/11/2025,30/11/2029,0,BANCO CENTRAL DE LA REPUBLICA DOMINICANA,BCENTRAL,60977
USP3579EBY25,BSRD2048,DOMINICAN REP/6.5 CHURCH BD UNSEC,12000,USD,12,6.8488,96.130722,14/08/2026,12:29:43 PM,ESTRUCTURADA,SEGUNDA PARTE,ROTC,14/01/2027,CONFIRMADA,3283690,0,08/02/2018,15/02/2048,5.1,MINISTERIO DE HACIENDA,HACIENDA,65296
USP3579EBY25,BSRD2048,DOMINICAN REP/6.5 CHURCH BD UNSEC,12000,USD,12,6.7965,96.673639,14/08/2026,12:29:43 PM,ESTRUCTURADA,PRIMERA PARTE,ROTC,14/08/2026,CONFIRMADA,3283690,0,08/02/2018,15/02/2048,5.1,MINISTERIO DE HACIENDA,HACIENDA,65527
USP3579EBY25,BSRD2048,DOMINICAN REP/6.5 CHURCH BD UNSEC,12000,USD,12,0,0,14/08/2026,12:29:42 PM,PRESTAMO,SEGUNDA PARTE,ROTC,14/02/2048,CONFIRMADA,3283691,0,08/02/2018,15/02/2048,0,MINISTERIO DE HACIENDA,HACIENDA,58429
USP3579EBY25,BSRD2048,DOMINICAN REP/6.5 CHURCH BD UNSEC,12000,USD,12,6.7965,96.673639,14/08/2026,12:29:42 PM,PRESTAMO,PRIMERA PARTE,ROTC,14/08/2026,CONFIRMADA,3283691,0,08/02/2018,15/02/2048,0,MINISTERIO DE HACIENDA,HACIENDA,63420
DO1002261928,LE090427,BCENTRAL/ LT 20270409 GTIA,1020000,DOP,102,9.4182,97.824629,14/08/2026,12:29:41 PM,ESTRUCTURADA,SEGUNDA PARTE,ROTC,14/01/2027,CONFIRMADA,3283692,0,09/04/2026,09/04/2027,9.85,BANCO CENTRAL DE LA REPUBLICA DOMINICANA,BCENTRAL,60886
DO1002261928,LE090427,BCENTRAL/ LT 20270409 GTIA,1020000,DOP,102,9.8366,93.893992,14/08/2026,12:29:41 PM,ESTRUCTURADA,PRIMERA PARTE,ROTC,14/08/2026,CONFIRMADA,3283692,0,09/04/2026,09/04/2027,9.85,BANCO CENTRAL DE LA REPUBLICA DOMINICANA,BCENTRAL,61082
DO1002261928,LE090427,BCENTRAL/ LT 20270409 GTIA,1020000,DOP,102,0,0,14/08/2026,12:29:40 PM,PRESTAMO,SEGUNDA PARTE,ROTC,08/04/2027,CONFIRMADA,3283693,0,09/04/2026,09/04/2027,0,BANCO CENTRAL DE LA REPUBLICA DOMINICANA,BCENTRAL,53984
DO1002261928,LE090427,BCENTRAL/ LT 20270409 GTIA,1020000,DOP,102,9.8366,93.893992,14/08/2026,12:29:40 PM,PRESTAMO,PRIMERA PARTE,ROTC,14/08/2026,CONFIRMADA,3283693,0,09/04/2026,09/04/2027,0,BANCO CENTRAL DE LA REPUBLICA DOMINICANA,BCENTRAL,58975
USP3579ECQ81,BSDR2033, ,8600000,DOP,172,9.226,120.631287,14/08/2026,12:29:39 PM,ESTRUCTURADA,SEGUNDA PARTE,ROTC,15/10/2026,CONFIRMADA,3283694,0,03/02/2023,03/02/2033,8.95,MINISTERIO DE HACIENDA,HACIENDA,51198
USP3579ECQ81,BSDR2033, ,8600000,DOP,172,9.2263,121.067431,14/08/2026,12:29:39 PM,ESTRUCTURADA,PRIMERA PARTE,ROTC,14/08/2026,CONFIRMADA,3283694,0,03/02/2023,03/02/2033,8.95,MINISTERIO DE HACIENDA,HACIENDA,51625
DO1002261928,LE090427,BCENTRAL/ LT 20270409 GTIA,210000,DOP,21,4.9623,98.452914,14/08/2026,12:29:38 PM,ESTRUCTURADA,SEGUNDA PARTE,ROTC,16/12/2026,CONFIRMADA,3283695,0,09/04/2026,09/04/2027,9.8,BANCO CENTRAL DE LA REPUBLICA DOMINICANA,BCENTRAL,60242
DO1002261928,LE090427,BCENTRAL/ LT 20270409 GTIA,210000,DOP,21,7.563,95.238095,14/08/2026,12:29:38 PM,ESTRUCTURADA,PRIMERA PARTE,ROTC,14/08/2026,CONFIRMADA,3283695,0,09/04/2026,09/04/2027,9.8,BANCO CENTRAL DE LA REPUBLICA DOMINICANA,BCENTRAL,59962
DO1002261928,LE090427,BCENTRAL/ LT 20270409 GTIA,210000,DOP,21,0,0,14/08/2026,12:29:37 PM,PRESTAMO,SEGUNDA PARTE,ROTC,08/04/2027,CONFIRMADA,3283696,0,09/04/2026,09/04/2027,0,BANCO CENTRAL DE LA REPUBLICA DOMINICANA,BCENTRAL,53354
DO1002261928,LE090427,BCENTRAL/ LT 20270409 GTIA,210000,DOP,21,7.563,95.238095,14/08/2026,12:29:37 PM,PRESTAMO,PRIMERA PARTE,ROTC,14/08/2026,CONFIRMADA,3283696,0,09/04/2026,09/04/2027,0,BANCO CENTRAL DE LA REPUBLICA DOMINICANA,BCENTRAL,57855
USP3579ECQ81,BSDR2033, ,8600000,DOP,172,0,0,14/08/2026,12:29:36 PM,PRESTAMO,SEGUNDA PARTE,ROTC,02/02/2033,CONFIRMADA,3283697,0,03/02/2023,03/02/2033,0,MINISTERIO DE HACIENDA,HACIENDA,44359
USP3579ECQ81,BSDR2033, ,8600000,DOP,172,9.2263,121.067431,14/08/2026,12:29:36 PM,PRESTAMO,PRIMERA PARTE,ROTC,14/08/2026,CONFIRMADA,3283697,0,03/02/2023,03/02/2033,0,MINISTERIO DE HACIENDA,HACIENDA,49504
DO1002261928,LE090427,BCENTRAL/ LT 20270409 GTIA,2120000,DOP,212,9.0916,97.15387,14/08/2026,12:29:35 PM,ESTRUCTURADA,SEGUNDA PARTE,ROTC,14/12/2026,CONFIRMADA,3283698,0,09/04/2026,09/04/2027,9.1,BANCO CENTRAL DE LA REPUBLICA DOMINICANA,BCENTRAL,60564
DO1002261928,LE090427,BCENTRAL/ LT 20270409 GTIA,2120000,DOP,212,9.2325,94.247386,14/08/2026,12:29:35 PM,ESTRUCTURADA,PRIMERA PARTE,ROTC,14/08/2026,CONFIRMADA,3283698,0,09/04/2026,09/04/2027,9.1,BANCO CENTRAL DE LA REPUBLICA DOMINICANA,BCENTRAL,60991
DO1002261928,LE090427,BCENTRAL/ LT 20270409 GTIA,2120000,DOP,212,0,0,14/08/2026,12:29:34 PM,PRESTAMO,SEGUNDA PARTE,ROTC,08/04/2027,CONFIRMADA,3283699,0,09/04/2026,09/04/2027,0,BANCO CENTRAL DE LA REPUBLICA DOMINICANA,BCENTRAL,54033
DO1002261928,LE090427,BCENTRAL/ LT 20270409 GTIA,2120000,DOP,212,9.2325,94.247386,14/08/2026,12:29:34 PM,PRESTAMO,PRIMERA PARTE,ROTC,14/08/2026,CONFIRMADA,3283699,0,09/04/2026,09/04/2027,0,BANCO CENTRAL DE LA REPUBLICA DOMINICANA,BCENTRAL,58884
DO1002261928,LE090427,BCENTRAL/ LT 20270409 GTIA,1060000,DOP,106,8.0466,97.472747,14/08/2026,12:29:33 PM,ESTRUCTURADA,SEGUNDA PARTE,ROTC,14/12/2026,CONFIRMADA,3283700,0,09/04/2026,09/04/2027,9.8,BANCO CENTRAL DE LA REPUBLICA DOMINICANA,BCENTRAL,60956
DO1002261928,LE090427,BCENTRAL/ LT 20270409 GTIA,1060000,DOP,106,9.0756,94.339623,14/08/2026,12:29:33 PM,ESTRUCTURADA,PRIMERA PARTE,ROTC,14/08/2026,CONFIRMADA,3283700,0,09/04/2026,09/04/2027,9.8,BANCO CENTRAL DE LA REPUBLICA DOMINICANA,BCENTRAL,61019
DO1002261928,LE090427,BCENTRAL/ LT 20270409 GTIA,1060000,DOP,106,0,0,14/08/2026,12:29:32 PM,PRESTAMO,SEGUNDA PARTE,ROTC,08/04/2027,CONFIRMADA,3283701,0,09/04/2026,09/04/2027,0,BANCO CENTRAL DE LA REPUBLICA DOMINICANA,BCENTRAL,54047
DO1002261928,LE090427,BCENTRAL/ LT 20270409 GTIA,1060000,DOP,106,9.0756,94.339623,14/08/2026,12:29:32 PM,PRESTAMO,PRIMERA PARTE,ROTC,14/08/2026,CONFIRMADA,3283701,0,09/04/2026,09/04/2027,0,BANCO CENTRAL DE LA REPUBLICA DOMINICANA,BCENTRAL,58912
DO1002261928,LE090427,BCENTRAL/ LT 20270409 GTIA,530000,DOP,53,8.8941,95.810274,14/08/2026,12:29:31 PM,ESTRUCTURADA,SEGUNDA PARTE,ROTC,14/10/2026,CONFIRMADA,3283702,0,09/04/2026,09/04/2027,9.2,BANCO CENTRAL DE LA REPUBLICA DOMINICANA,BCENTRAL,60235
DO1002261928,LE090427,BCENTRAL/ LT 20270409 GTIA,530000,DOP,53,9.0756,94.339623,14/08/2026,12:29:31 PM,ESTRUCTURADA,PRIMERA PARTE,ROTC,14/08/2026,CONFIRMADA,3283702,0,09/04/2026,09/04/2027,9.2,BANCO CENTRAL DE LA REPUBLICA DOMINICANA,BCENTRAL,60347
DO1002261928,LE090427,BCENTRAL/ LT 20270409 GTIA,530000,DOP,53,0,0,14/08/2026,12:29:30 PM,PRESTAMO,SEGUNDA PARTE,ROTC,08/04/2027,CONFIRMADA,3283703,0,09/04/2026,09/04/2027,0,BANCO CENTRAL DE LA REPUBLICA DOMINICANA,BCENTRAL,53375
DO1002261928,LE090427,BCENTRAL/ LT 20270409 GTIA,530000,DOP,53,9.0756,94.339623,14/08/2026,12:29:30 PM,PRESTAMO,PRIMERA PARTE,ROTC,14/08/2026,CONFIRMADA,3283703,0,09/04/2026,09/04/2027,0,BANCO CENTRAL DE LA REPUBLICA DOMINICANA,BCENTRAL,58240
USP3579ECS48,BSDR2035, ,6050000,DOP,121,9.0496,113.070415,14/08/2026,12:29:29 PM,ESTRUCTURADA,SEGUNDA PARTE,ROTC,17/12/2026,CONFIRMADA,3283704,0,15/09/2023,15/09/2035,9.95,MINISTERIO DE HACIENDA,HACIENDA,51548
USP3579ECS48,BSDR2035, ,6050000,DOP,121,9.1346,112.854338,14/08/2026,12:29:29 PM,ESTRUCTURADA,PRIMERA PARTE,ROTC,14/08/2026,CONFIRMADA,3283704,0,15/09/2023,15/09/2035,9.95,MINISTERIO DE HACIENDA,HACIENDA,51681
USP3579ECS48,BSDR2035, ,6050000,DOP,121,0,0,14/08/2026,12:29:28 PM,PRESTAMO,SEGUNDA PARTE,ROTC,14/09/2035,CONFIRMADA,3283705,0,15/09/2023,15/09/2035,0,MINISTERIO DE HACIENDA,HACIENDA,44436
USP3579ECS48,BSDR2035, ,6050000,DOP,121,9.1346,112.854338,14/08/2026,12:29:28 PM,PRESTAMO,PRIMERA PARTE,ROTC,14/08/2026,CONFIRMADA,3283705,0,15/09/2023,15/09/2035,0,MINISTERIO DE HACIENDA,HACIENDA,49574
USP3579EAY34,BSRD2044,DOMINICAN Rep/7.45 BD 20440430 GO,2000,USD,2,6.004,115.510167,14/08/2026,12:29:26 PM,ESTRUCTURADA,SEGUNDA PARTE,ROTC,12/11/2026,CONFIRMADA,3283706,0,30/04/2014,30/04/2044,4.65,MINISTERIO DE HACIENDA,HACIENDA,63266
USP3579EAY34,BSRD2044,DOMINICAN Rep/7.45 BD 20440430 GO,2000,USD,2,5.9761,115.958278,14/08/2026,12:29:26 PM,ESTRUCTURADA,PRIMERA PARTE,ROTC,14/08/2026,CONFIRMADA,3283706,0,30/04/2014,30/04/2044,4.65,MINISTERIO DE HACIENDA,HACIENDA,63980
DO1005208322,MHUS2040,HACIENDA/6.75 BOEST 20400724 GTIA,2000,USD,2,4.8028,119.622,14/08/2026,12:29:25 PM,CONTADO,PRIMERA PARTE,ROTC,14/08/2026,CONFIRMADA,3283487,0,24/07/2020,24/07/2040,0,MINISTERIO DE HACIENDA,HACIENDA,58835
USP3579EAY34,BSRD2044,DOMINICAN Rep/7.45 BD 20440430 GO,2000,USD,2,0,0,14/08/2026,12:29:25 PM,PRESTAMO,SEGUNDA PARTE,ROTC,29/04/2044,CONFIRMADA,3283707,0,30/04/2014,30/04/2044,0,MINISTERIO DE HACIENDA,HACIENDA,56630
USP3579EAY34,BSRD2044,DOMINICAN Rep/7.45 BD 20440430 GO,2000,USD,2,5.9761,115.958278,14/08/2026,12:29:25 PM,PRESTAMO,PRIMERA PARTE,ROTC,14/08/2026,CONFIRMADA,3283707,0,30/04/2014,30/04/2044,0,MINISTERIO DE HACIENDA,HACIENDA,61873
USP3579ECH82,BSRD2032,"DOMINICAN, REP /4.875 BD 20320923",214000,USD,214,4.68228,100.957995,14/08/2026,12:29:07 PM,PRESTAMO,SEGUNDA PARTE,ROTC,15/12/2026,CONFIRMADA,3283312,0,23/09/2020,23/09/2032,4.875,MINISTERIO DE HACIENDA,HACIENDA,62664
USP3579ECH82,BSRD2032,"DOMINICAN, REP /4.875 BD 20320923",214000,USD,214,5.17093,98.461509,14/08/2026,12:29:07 PM,PRESTAMO,PRIMERA PARTE,ROTC,14/08/2026,CONFIRMADA,3283312,0,23/09/2020,23/09/2032,4.875,MINISTERIO DE HACIENDA,HACIENDA,62363
DO1002261928,LE090427,BCENTRAL/ LT 20270409 GTIA,9750000,DOP,975,9.0468,94.356597,14/08/2026,12:28:57 PM,CONTADO,PRIMERA PARTE,ROTC,14/08/2026,CONFIRMADA,3283306,0,09/04/2026,09/04/2027,0,BANCO CENTRAL DE LA REPUBLICA DOMINICANA,BCENTRAL,58520
DO1005205419,MH42026,HACIENDA/11 BOEST 20261204 GTIA,400000,DOP,4,18.3354,97.860275,14/08/2026,12:28:30 PM,CONTADO,PRIMERA PARTE,ROTC,14/08/2026,CONFIRMADA,3283302,0,04/06/2016,04/12/2026,0,MINISTERIO DE HACIENDA,HACIENDA,59080
DO1005208322,MHUS2040,HACIENDA/6.75 BOEST 20400724 GTIA,26000,USD,26,4.5354,122.698808,14/08/2026,12:27:43 PM,CONTADO,PRIMERA PARTE,ROTC,14/08/2026,CONFIRMADA,3283298,0,24/07/2020,24/07/2040,0,MINISTERIO DE HACIENDA,HACIENDA,60739
DO1002261928,LE090427,BCENTRAL/ LT 20270409 GTIA,560000,DOP,56,8.0925,94.921664,14/08/2026,12:27:20 PM,CONTADO,PRIMERA PARTE,ROTC,14/08/2026,CONFIRMADA,3283257,0,09/04/2026,09/04/2027,0,BANCO CENTRAL DE LA REPUBLICA DOMINICANA,BCENTRAL,57561
USP3579ECH82,BSRD2032,"DOMINICAN, REP /4.875 BD 20320923",214000,USD,214,4.68228,100.957995,14/08/2026,12:27:09 PM,ESTRUCTURADA,SEGUNDA PARTE,ROTC,15/12/2026,CONFIRMADA,3283311,0,23/09/2020,23/09/2032,4.875,MINISTERIO DE HACIENDA,HACIENDA,64764
USP3579ECH82,BSRD2032,"DOMINICAN, REP /4.875 BD 20320923",214000,USD,214,5.17093,98.461509,14/08/2026,12:27:09 PM,ESTRUCTURADA,PRIMERA PARTE,ROTC,14/08/2026,CONFIRMADA,3283311,0,23/09/2020,23/09/2032,4.875,MINISTERIO DE HACIENDA,HACIENDA,64463
DO1005208322,MHUS2040,HACIENDA/6.75 BOEST 20400724 GTIA,9000,USD,9,4.6364,121.525111,14/08/2026,12:26:58 PM,CONTADO,PRIMERA PARTE,ROTC,14/08/2026,CONFIRMADA,3283254,0,24/07/2020,24/07/2040,0,MINISTERIO DE HACIENDA,HACIENDA,59955
DO1002223928,NO120227,BCENTRAL/8 BOEST 20270212 GTIA,2080000,DOP,208,8.5,99.888889,14/08/2026,12:26:44 PM,PRESTAMO,SEGUNDA PARTE,ROTC,29/01/2027,CONFIRMADA,3283713,0,12/02/2022,12/02/2027,0.02,BANCO CENTRAL DE LA REPUBLICA DOMINICANA,BCENTRAL,59878
DO1002223928,NO120227,BCENTRAL/8 BOEST 20270212 GTIA,2080000,DOP,208,8.5,99.888889,14/08/2026,12:26:44 PM,PRESTAMO,PRIMERA PARTE,ROTC,17/08/2026,CONFIRMADA,3283713,0,12/02/2022,12/02/2027,0.02,BANCO CENTRAL DE LA REPUBLICA DOMINICANA,BCENTRAL,59962
DO1002223928,NO120227,BCENTRAL/8 BOEST 20270212 GTIA,2080000,DOP,208,2.951088,100.188505,14/08/2026,12:26:40 PM,PLAZO,PRIMERA PARTE,ROTC,29/01/2027,CONFIRMADA,3283712,0,12/02/2022,12/02/2027,0,BANCO CENTRAL DE LA REPUBLICA DOMINICANA,BCENTRAL,60193
DO1002261928,LE090427,BCENTRAL/ LT 20270409 GTIA,130000,DOP,13,10.8419,93.311685,14/08/2026,12:26:38 PM,CONTADO,PRIMERA PARTE,ROTC,14/08/2026,CONFIRMADA,3283251,0,09/04/2026,09/04/2027,0,BANCO CENTRAL DE LA REPUBLICA DOMINICANA,BCENTRAL,57813
DO1002223928,NO120227,BCENTRAL/8 BOEST 20270212 GTIA,2080000,DOP,208,8.233169,99.888889,14/08/2026,12:26:34 PM,CONTADO,PRIMERA PARTE,ROTC,17/08/2026,CONFIRMADA,3283711,0,12/02/2022,12/02/2027,0,BANCO CENTRAL DE LA REPUBLICA DOMINICANA,BCENTRAL,61075
DO1005208322,MHUS2040,HACIENDA/6.75 BOEST 20400724 GTIA,6000,USD,6,5.3794,113.321167,14/08/2026,12:26:15 PM,CONTADO,PRIMERA PARTE,ROTC,14/08/2026,CONFIRMADA,3283248,0,24/07/2020,24/07/2040,0,MINISTERIO DE HACIENDA,HACIENDA,59941
DO1005210922,MH22034,HACIENDA/13 BOEST 20340610 GTIA,800000,DOP,8,7.063818000000001,135.184932,14/08/2026,12:25:58 PM,CONTADO,PRIMERA PARTE,ROTC,14/08/2026,CONFIRMADA,3283628,0,10/06/2022,10/06/2034,0,MINISTERIO DE HACIENDA,HACIENDA,62846
DO1005210922,MH22034,HACIENDA/13 BOEST 20340610 GTIA,800000,DOP,8,0,0,14/08/2026,12:25:56 PM,PRESTAMO,SEGUNDA PARTE,ROTC,09/06/2034,CONFIRMADA,3283629,0,10/06/2022,10/06/2034,0,MINISTERIO DE HACIENDA,HACIENDA,54607
DO1005210922,MH22034,HACIENDA/13 BOEST 20340610 GTIA,800000,DOP,8,6.960748,135.073202,14/08/2026,12:25:56 PM,PRESTAMO,PRIMERA PARTE,ROTC,14/08/2026,CONFIRMADA,3283629,0,10/06/2022,10/06/2034,0,MINISTERIO DE HACIENDA,HACIENDA,60452
DO1005210922,MH22034,HACIENDA/13 BOEST 20340610 GTIA,800000,DOP,8,6.960748,135.073202,14/08/2026,12:25:56 PM,PLAZO,PRIMERA PARTE,ROTC,12/11/2026,CONFIRMADA,3283630,0,10/06/2022,10/06/2034,0,MINISTERIO DE HACIENDA,HACIENDA,58793
DO1002261928,LE090427,BCENTRAL/ LT 20270409 GTIA,910000,DOP,91,10.4918,93.513668,14/08/2026,12:25:55 PM,CONTADO,PRIMERA PARTE,ROTC,14/08/2026,CONFIRMADA,3283243,0,09/04/2026,09/04/2027,0,BANCO CENTRAL DE LA REPUBLICA DOMINICANA,BCENTRAL,57918
DO2014302411,BC1DPP24,DPP/6.25 BO 20270509 GTIA,11500,USD,11500,0.432708,104.26221,14/08/2026,12:25:54 PM,CONTADO,PRIMERA PARTE,ROTC,14/08/2026,CONFIRMADA,3283631,0,09/05/2017,09/05/2027,0,"DOMINICAN POWER PARTNERS, LDC",DPP,57904
DO2014302411,BC1DPP24,DPP/6.25 BO 20270509 GTIA,11500,USD,11500,0,0,14/08/2026,12:25:53 PM,PRESTAMO,SEGUNDA PARTE,ROTC,07/05/2027,CONFIRMADA,3283632,0,09/05/2017,09/05/2027,0,"DOMINICAN POWER PARTNERS, LDC",DPP,53221
DO2014302411,BC1DPP24,DPP/6.25 BO 20270509 GTIA,11500,USD,11500,0,105.54863,14/08/2026,12:25:53 PM,PRESTAMO,PRIMERA PARTE,ROTC,14/08/2026,CONFIRMADA,3283632,0,09/05/2017,09/05/2027,0,"DOMINICAN POWER PARTNERS, LDC",DPP,56182
DO2014302411,BC1DPP24,DPP/6.25 BO 20270509 GTIA,11500,USD,11500,0,105.54863,14/08/2026,12:25:52 PM,PLAZO,PRIMERA PARTE,ROTC,12/11/2026,CONFIRMADA,3283633,0,09/05/2017,09/05/2027,0,"DOMINICAN POWER PARTNERS, LDC",DPP,54516
DO2006901311,BC1ITA01,EGEITABO/5.65 BO 20311208,18788,USD,18788,4.499772,105.413803,14/08/2026,12:25:51 PM,CONTADO,PRIMERA PARTE,ROTC,14/08/2026,CONFIRMADA,3283634,0,08/12/2021,08/12/2031,0,"EMPRESA GENERADORA DE ELECTRICIDAD ITABO, S.A.",EGEITABO,58828
DO2006901311,BC1ITA01,EGEITABO/5.65 BO 20311208,18788,USD,18788,0,0,14/08/2026,12:25:50 PM,PRESTAMO,SEGUNDA PARTE,ROTC,05/12/2031,CONFIRMADA,3283635,0,08/12/2021,08/12/2031,0,"EMPRESA GENERADORA DE ELECTRICIDAD ITABO, S.A.",EGEITABO,53571
DO2006901311,BC1ITA01,EGEITABO/5.65 BO 20311208,18788,USD,18788,4.190592,106.73414,14/08/2026,12:25:50 PM,PRESTAMO,PRIMERA PARTE,ROTC,14/08/2026,CONFIRMADA,3283635,0,08/12/2021,08/12/2031,0,"EMPRESA GENERADORA DE ELECTRICIDAD ITABO, S.A.",EGEITABO,59101
DO2006901311,BC1ITA01,EGEITABO/5.65 BO 20311208,18788,USD,18788,4.190592,106.73414,14/08/2026,12:25:49 PM,PLAZO,PRIMERA PARTE,ROTC,13/10/2026,CONFIRMADA,3283636,0,08/12/2021,08/12/2031,0,"EMPRESA GENERADORA DE ELECTRICIDAD ITABO, S.A.",EGEITABO,57498
DO1002261928,LE090427,BCENTRAL/ LT 20270409 GTIA,210000,DOP,21,7.3747,95.351152,14/08/2026,12:25:32 PM,CONTADO,PRIMERA PARTE,ROTC,14/08/2026,CONFIRMADA,3283239,0,09/04/2026,09/04/2027,0,BANCO CENTRAL DE LA REPUBLICA DOMINICANA,BCENTRAL,57414
DO1002261928,LE090427,BCENTRAL/ LT 20270409 GTIA,110000,DOP,11,6.4686,95.898918,14/08/2026,12:25:10 PM,CONTADO,PRIMERA PARTE,ROTC,14/08/2026,CONFIRMADA,3283236,0,09/04/2026,09/04/2027,0,BANCO CENTRAL DE LA REPUBLICA DOMINICANA,BCENTRAL,57568
DO1002261928,LE090427,BCENTRAL/ LT 20270409 GTIA,760000,DOP,76,9.1947,94.337771,14/08/2026,12:24:50 PM,CONTADO,PRIMERA PARTE,ROTC,17/08/2026,CONFIRMADA,3283025,0,09/04/2026,09/04/2027,0,BANCO CENTRAL DE LA REPUBLICA DOMINICANA,BCENTRAL,57652
DO1005205716,MHUS2027,HACIENDA/6 BOEST 20270305 GTIA,1000,USD,1,-20.366,108.672,14/08/2026,12:24:50 PM,PRESTAMO,SEGUNDA PARTE,ROTC,16/11/2026,CONFIRMADA,3283709,0,05/09/2016,05/03/2027,3.65,MINISTERIO DE HACIENDA,HACIENDA,58660
DO1005205716,MHUS2027,HACIENDA/6 BOEST 20270305 GTIA,1000,USD,1,-4.9213,106.134,14/08/2026,12:24:50 PM,PRESTAMO,PRIMERA PARTE,ROTC,18/08/2026,CONFIRMADA,3283709,0,05/09/2016,05/03/2027,3.65,MINISTERIO DE HACIENDA,HACIENDA,58730
DO1005205716,MHUS2027,HACIENDA/6 BOEST 20270305 GTIA,1000,USD,1,-20.366,108.672,14/08/2026,12:24:49 PM,ESTRUCTURADA,SEGUNDA PARTE,ROTC,16/11/2026,CONFIRMADA,3283708,0,05/09/2016,05/03/2027,3.65,MINISTERIO DE HACIENDA,HACIENDA,60816
DO1005205716,MHUS2027,HACIENDA/6 BOEST 20270305 GTIA,1000,USD,1,-4.9213,106.134,14/08/2026,12:24:49 PM,ESTRUCTURADA,PRIMERA PARTE,ROTC,18/08/2026,CONFIRMADA,3283708,0,05/09/2016,05/03/2027,3.65,MINISTERIO DE HACIENDA,HACIENDA,60886
DO1002261928,LE090427,BCENTRAL/ LT 20270409 GTIA,80000,DOP,8,18.3429,89.184813,14/08/2026,12:24:28 PM,CONTADO,PRIMERA PARTE,ROTC,14/08/2026,CONFIRMADA,3283020,0,09/04/2026,09/04/2027,0,BANCO CENTRAL DE LA REPUBLICA DOMINICANA,BCENTRAL,57246
DO1002261928,LE090427,BCENTRAL/ LT 20270409 GTIA,120000,DOP,12,10.4038,93.564583,14/08/2026,12:23:56 PM,CONTADO,PRIMERA PARTE,ROTC,14/08/2026,CONFIRMADA,3282934,0,09/04/2026,09/04/2027,0,BANCO CENTRAL DE LA REPUBLICA DOMINICANA,BCENTRAL,57778
DO1002261928,LE090427,BCENTRAL/ LT 20270409 GTIA,170000,DOP,17,9.5885,94.109524,14/08/2026,12:23:31 PM,CONTADO,PRIMERA PARTE,ROTC,17/08/2026,CONFIRMADA,3282931,0,09/04/2026,09/04/2027,0,BANCO CENTRAL DE LA REPUBLICA DOMINICANA,BCENTRAL,57554
DO1002261928,LE090427,BCENTRAL/ LT 20270409 GTIA,800000,DOP,80,9.9688,95.37805,14/08/2026,12:23:07 PM,PLAZO,PRIMERA PARTE,ROTC,16/10/2026,CONFIRMADA,3283501,0,09/04/2026,09/04/2027,0,BANCO CENTRAL DE LA REPUBLICA DOMINICANA,BCENTRAL,56329
DO1002261928,LE090427,BCENTRAL/ LT 20270409 GTIA,800000,DOP,80,9.9688,95.37805,14/08/2026,12:23:06 PM,PRESTAMO,SEGUNDA PARTE,ROTC,16/10/2026,CONFIRMADA,3283500,0,09/04/2026,09/04/2027,1.502094,BANCO CENTRAL DE LA REPUBLICA DOMINICANA,BCENTRAL,57862
DO1002261928,LE090427,BCENTRAL/ LT 20270409 GTIA,800000,DOP,80,9.8729,93.945382,14/08/2026,12:23:06 PM,PRESTAMO,PRIMERA PARTE,ROTC,17/08/2026,CONFIRMADA,3283500,0,09/04/2026,09/04/2027,1.502094,BANCO CENTRAL DE LA REPUBLICA DOMINICANA,BCENTRAL,58324
DO1002261928,LE090427,BCENTRAL/ LT 20270409 GTIA,3390000,DOP,339,7.3657,98.827222,14/08/2026,12:23:05 PM,PLAZO,PRIMERA PARTE,ROTC,10/02/2027,CONFIRMADA,3283498,0,09/04/2026,09/04/2027,0,BANCO CENTRAL DE LA REPUBLICA DOMINICANA,BCENTRAL,57330
DO1002261928,LE090427,BCENTRAL/ LT 20270409 GTIA,3390000,DOP,339,7.3657,98.827222,14/08/2026,12:23:03 PM,PRESTAMO,SEGUNDA PARTE,ROTC,10/02/2027,CONFIRMADA,3283497,0,09/04/2026,09/04/2027,4.534606,BANCO CENTRAL DE LA REPUBLICA DOMINICANA,BCENTRAL,58856
DO1002261928,LE090427,BCENTRAL/ LT 20270409 GTIA,3390000,DOP,339,9.0651,94.345797,14/08/2026,12:23:03 PM,PRESTAMO,PRIMERA PARTE,ROTC,14/08/2026,CONFIRMADA,3283497,0,09/04/2026,09/04/2027,4.534606,BANCO CENTRAL DE LA REPUBLICA DOMINICANA,BCENTRAL,58989
DO1002261928,LE090427,BCENTRAL/ LT 20270409 GTIA,6460000,DOP,646,8.9442,95.764899,14/08/2026,12:23:02 PM,PLAZO,PRIMERA PARTE,ROTC,13/10/2026,CONFIRMADA,3283495,0,09/04/2026,09/04/2027,0,BANCO CENTRAL DE LA REPUBLICA DOMINICANA,BCENTRAL,57442
DO1002261928,LE090427,BCENTRAL/ LT 20270409 GTIA,6460000,DOP,646,8.9442,95.764899,14/08/2026,12:23:01 PM,PRESTAMO,SEGUNDA PARTE,ROTC,13/10/2026,CONFIRMADA,3283494,0,09/04/2026,09/04/2027,1.502093,BANCO CENTRAL DE LA REPUBLICA DOMINICANA,BCENTRAL,58975
DO1002261928,LE090427,BCENTRAL/ LT 20270409 GTIA,6460000,DOP,646,9.0981,94.326421,14/08/2026,12:23:01 PM,PRESTAMO,PRIMERA PARTE,ROTC,14/08/2026,CONFIRMADA,3283494,0,09/04/2026,09/04/2027,1.502093,BANCO CENTRAL DE LA REPUBLICA DOMINICANA,BCENTRAL,58912
DO1002261928,LE090427,BCENTRAL/ LT 20270409 GTIA,300000,DOP,30,11.3484,98.356717,14/08/2026,12:22:59 PM,PLAZO,PRIMERA PARTE,ROTC,15/02/2027,CONFIRMADA,3283531,0,09/04/2026,09/04/2027,0,BANCO CENTRAL DE LA REPUBLICA DOMINICANA,BCENTRAL,56910
DO1002261928,LE090427,BCENTRAL/ LT 20270409 GTIA,300000,DOP,30,11.3484,98.356717,14/08/2026,12:22:58 PM,PRESTAMO,SEGUNDA PARTE,ROTC,15/02/2027,CONFIRMADA,3283530,0,09/04/2026,09/04/2027,4.650159,BANCO CENTRAL DE LA REPUBLICA DOMINICANA,BCENTRAL,58443
DO1002261928,LE090427,BCENTRAL/ LT 20270409 GTIA,300000,DOP,30,10.1987,93.782973,14/08/2026,12:22:58 PM,PRESTAMO,PRIMERA PARTE,ROTC,18/08/2026,CONFIRMADA,3283530,0,09/04/2026,09/04/2027,4.650159,BANCO CENTRAL DE LA REPUBLICA DOMINICANA,BCENTRAL,58611
DO1002261928,LE090427,BCENTRAL/ LT 20270409 GTIA,550000,DOP,55,10.5645,94.351595,14/08/2026,12:22:57 PM,PLAZO,PRIMERA PARTE,ROTC,17/09/2026,CONFIRMADA,3283528,0,09/04/2026,09/04/2027,0,BANCO CENTRAL DE LA REPUBLICA DOMINICANA,BCENTRAL,57015
DO1002261928,LE090427,BCENTRAL/ LT 20270409 GTIA,550000,DOP,55,10.5645,94.351595,14/08/2026,12:22:56 PM,PRESTAMO,SEGUNDA PARTE,ROTC,17/09/2026,CONFIRMADA,3283527,0,09/04/2026,09/04/2027,0.748521,BANCO CENTRAL DE LA REPUBLICA DOMINICANA,BCENTRAL,58548
DO1002261928,LE090427,BCENTRAL/ LT 20270409 GTIA,550000,DOP,55,10.4398,93.645353,14/08/2026,12:22:56 PM,PRESTAMO,PRIMERA PARTE,ROTC,18/08/2026,CONFIRMADA,3283527,0,09/04/2026,09/04/2027,0.748521,BANCO CENTRAL DE LA REPUBLICA DOMINICANA,BCENTRAL,58618
DO1002261928,LE090427,BCENTRAL/ LT 20270409 GTIA,330000,DOP,33,11.8457,93.709658,14/08/2026,12:22:54 PM,PLAZO,PRIMERA PARTE,ROTC,17/09/2026,CONFIRMADA,3283525,0,09/04/2026,09/04/2027,0,BANCO CENTRAL DE LA REPUBLICA DOMINICANA,BCENTRAL,57015
DO1002261928,LE090427,BCENTRAL/ LT 20270409 GTIA,330000,DOP,33,11.8457,93.709658,14/08/2026,12:22:53 PM,PRESTAMO,SEGUNDA PARTE,ROTC,17/09/2026,CONFIRMADA,3283524,0,09/04/2026,09/04/2027,0.748524,BANCO CENTRAL DE LA REPUBLICA DOMINICANA,BCENTRAL,58548
DO1002261928,LE090427,BCENTRAL/ LT 20270409 GTIA,330000,DOP,33,11.5652,93.008218,14/08/2026,12:22:53 PM,PRESTAMO,PRIMERA PARTE,ROTC,18/08/2026,CONFIRMADA,3283524,0,09/04/2026,09/04/2027,0.748524,BANCO CENTRAL DE LA REPUBLICA DOMINICANA,BCENTRAL,58457
DO1005207118,MHUS2026,HACIENDA/6.65 BOEST 20261227 GTIA,4000,USD,4,-100,107.9,14/08/2026,12:22:52 PM,PLAZO,PRIMERA PARTE,ROTC,16/12/2026,CONFIRMADA,3283522,0,27/12/2019,27/12/2026,0,MINISTERIO DE HACIENDA,HACIENDA,56413
DO1005207118,MHUS2026,HACIENDA/6.65 BOEST 20261227 GTIA,4000,USD,4,-100,107.9,14/08/2026,12:22:50 PM,PRESTAMO,SEGUNDA PARTE,ROTC,16/12/2026,CONFIRMADA,3283521,0,27/12/2019,27/12/2026,2.266428,MINISTERIO DE HACIENDA,HACIENDA,57939
DO1005207118,MHUS2026,HACIENDA/6.65 BOEST 20261227 GTIA,4000,USD,4,-15.471,108.51725,14/08/2026,12:22:50 PM,PRESTAMO,PRIMERA PARTE,ROTC,18/08/2026,CONFIRMADA,3283521,0,27/12/2019,27/12/2026,2.266428,MINISTERIO DE HACIENDA,HACIENDA,60592
DO1002261928,LE090427,BCENTRAL/ LT 20270409 GTIA,1060000,DOP,106,7.7767,98.868053,14/08/2026,12:22:49 PM,PLAZO,PRIMERA PARTE,ROTC,15/02/2027,CONFIRMADA,3283519,0,09/04/2026,09/04/2027,0,BANCO CENTRAL DE LA REPUBLICA DOMINICANA,BCENTRAL,57393
DO1002261928,LE090427,BCENTRAL/ LT 20270409 GTIA,1060000,DOP,106,7.7767,98.868053,14/08/2026,12:22:48 PM,PRESTAMO,SEGUNDA PARTE,ROTC,15/02/2027,CONFIRMADA,3283518,0,09/04/2026,09/04/2027,4.582681,BANCO CENTRAL DE LA REPUBLICA DOMINICANA,BCENTRAL,58926
DO1002261928,LE090427,BCENTRAL/ LT 20270409 GTIA,1060000,DOP,106,9.1956,94.337245,14/08/2026,12:22:48 PM,PRESTAMO,PRIMERA PARTE,ROTC,17/08/2026,CONFIRMADA,3283518,0,09/04/2026,09/04/2027,4.582681,BANCO CENTRAL DE LA REPUBLICA DOMINICANA,BCENTRAL,58940
DO1005207118,MHUS2026,HACIENDA/6.65 BOEST 20261227 GTIA,5000,USD,5,-6.4423,102.7624,14/08/2026,12:22:46 PM,PRESTAMO,SEGUNDA PARTE,ROTC,13/10/2026,CONFIRMADA,3283537,0,27/12/2019,27/12/2026,1.530221,MINISTERIO DE HACIENDA,HACIENDA,60116
DO1005207118,MHUS2026,HACIENDA/6.65 BOEST 20261227 GTIA,5000,USD,5,-1.7389,103.1274,14/08/2026,12:22:46 PM,PRESTAMO,PRIMERA PARTE,ROTC,14/08/2026,CONFIRMADA,3283537,0,27/12/2019,27/12/2026,1.530221,MINISTERIO DE HACIENDA,HACIENDA,60270
DO1005207118,MHUS2026,HACIENDA/6.65 BOEST 20261227 GTIA,5000,USD,5,-6.4423,102.7624,14/08/2026,12:22:45 PM,PLAZO,PRIMERA PARTE,ROTC,13/10/2026,CONFIRMADA,3283538,0,27/12/2019,27/12/2026,0,MINISTERIO DE HACIENDA,HACIENDA,58569
DO1002261928,LE090427,BCENTRAL/ LT 20270409 GTIA,1060000,DOP,106,9.1956,94.337245,14/08/2026,12:22:01 PM,CONTADO,PRIMERA PARTE,ROTC,17/08/2026,CONFIRMADA,3283517,0,09/04/2026,09/04/2027,0,BANCO CENTRAL DE LA REPUBLICA DOMINICANA,BCENTRAL,58170
USP3579ECV76,BSDR2036, ,53000000,DOP,1060,9.32013,109.027686,14/08/2026,12:21:43 PM,CONTADO,PRIMERA PARTE,ROTC,14/08/2026,CONFIRMADA,3283638,0,01/07/2024,01/06/2036,0,MINISTERIO DE HACIENDA,HACIENDA,49840
USP3579ECV76,BSDR2036, ,53000000,DOP,1060,9.32013,109.027686,14/08/2026,12:21:38 PM,CONTADO,PRIMERA PARTE,ROTC,14/08/2026,CONFIRMADA,3283637,0,01/07/2024,01/06/2036,0,MINISTERIO DE HACIENDA,HACIENDA,49868
DO1005207118,MHUS2026,HACIENDA/6.65 BOEST 20261227 GTIA,4000,USD,4,-15.471,108.51725,14/08/2026,12:21:33 PM,CONTADO,PRIMERA PARTE,ROTC,18/08/2026,CONFIRMADA,3283520,0,27/12/2019,27/12/2026,0,MINISTERIO DE HACIENDA,HACIENDA,59899
USP3579ECN50,BSRD2033, ,260000,USD,260,6.324,98.288132,14/08/2026,12:21:33 PM,CONTADO,PRIMERA PARTE,ROTC,14/08/2026,CONFIRMADA,3283616,0,22/02/2022,22/02/2033,0,MINISTERIO DE HACIENDA,HACIENDA,47747
DO2022700226,BC1HIT02,HIT/8.35 BO 20330323,76695,USD,76695,8.3969898,99.75,14/08/2026,12:21:32 PM,CONTADO,PRIMERA PARTE,ROTC,14/08/2026,CONFIRMADA,3283617,0,23/03/2023,23/03/2033,0,HAINA INVESTMENT CO. LTD.,HIT,55244
DO2022700325,BC1HIT03,HIT/8.3 BO 20330428,53652,USD,53652,8.34502767,99.75,14/08/2026,12:21:31 PM,CONTADO,PRIMERA PARTE,ROTC,14/08/2026,CONFIRMADA,3283618,0,28/04/2023,28/04/2033,0,HAINA INVESTMENT CO. LTD.,HIT,54957
USP3579ECP09,BSRD2029, ,410000,USD,410,4.853,101.467943,14/08/2026,12:21:29 PM,PRESTAMO,SEGUNDA PARTE,ROTC,14/09/2026,CONFIRMADA,3283627,0,22/02/2022,22/02/2029,4.9,MINISTERIO DE HACIENDA,HACIENDA,48783
USP3579ECP09,BSRD2029, ,410000,USD,410,6.0416,98.748525,14/08/2026,12:21:29 PM,PRESTAMO,PRIMERA PARTE,ROTC,14/08/2026,CONFIRMADA,3283627,0,22/02/2022,22/02/2029,4.9,MINISTERIO DE HACIENDA,HACIENDA,48909
USP3579ECP09,BSRD2029, ,410000,USD,410,4.853,101.467943,14/08/2026,12:21:28 PM,ESTRUCTURADA,SEGUNDA PARTE,ROTC,14/09/2026,CONFIRMADA,3283619,0,22/02/2022,22/02/2029,4.9,MINISTERIO DE HACIENDA,HACIENDA,50876
USP3579ECP09,BSRD2029, ,410000,USD,410,6.0416,98.748525,14/08/2026,12:21:28 PM,ESTRUCTURADA,PRIMERA PARTE,ROTC,14/08/2026,CONFIRMADA,3283619,0,22/02/2022,22/02/2029,4.9,MINISTERIO DE HACIENDA,HACIENDA,51002
DO1002261928,LE090427,BCENTRAL/ LT 20270409 GTIA,330000,DOP,33,11.5652,93.008218,14/08/2026,12:20:53 PM,CONTADO,PRIMERA PARTE,ROTC,18/08/2026,CONFIRMADA,3283523,0,09/04/2026,09/04/2027,0,BANCO CENTRAL DE LA REPUBLICA DOMINICANA,BCENTRAL,57750
DO1002261928,LE090427,BCENTRAL/ LT 20270409 GTIA,550000,DOP,55,10.4398,93.645353,14/08/2026,12:20:33 PM,CONTADO,PRIMERA PARTE,ROTC,18/08/2026,CONFIRMADA,3283526,0,09/04/2026,09/04/2027,0,BANCO CENTRAL DE LA REPUBLICA DOMINICANA,BCENTRAL,57876
DO1002261928,LE090427,BCENTRAL/ LT 20270409 GTIA,300000,DOP,30,10.1987,93.782973,14/08/2026,12:20:14 PM,CONTADO,PRIMERA PARTE,ROTC,18/08/2026,CONFIRMADA,3283529,0,09/04/2026,09/04/2027,0,BANCO CENTRAL DE LA REPUBLICA DOMINICANA,BCENTRAL,57848
DO1002223621,NO150127,BCENTRAL/8 BOEST 20270115 GTIA,10000,DOP,1,7.300246,100.273597,14/08/2026,12:20:05 PM,CONTADO,PRIMERA PARTE,ROTC,14/08/2026,CONFIRMADA,3283623,0,15/01/2022,15/01/2027,0,BANCO CENTRAL DE LA REPUBLICA DOMINICANA,BCENTRAL,59521
DO1005207118,MHUS2026,HACIENDA/6.65 BOEST 20261227 GTIA,5000,USD,5,-1.7389,103.1274,14/08/2026,12:19:51 PM,CONTADO,PRIMERA PARTE,ROTC,14/08/2026,CONFIRMADA,3283536,0,27/12/2019,27/12/2026,0,MINISTERIO DE HACIENDA,HACIENDA,59591
DO1002261928,LE090427,BCENTRAL/ LT 20270409 GTIA,2250000,DOP,225,8.21,97.422728,14/08/2026,12:19:25 PM,PLAZO,PRIMERA PARTE,ROTC,14/12/2026,CONFIRMADA,3282930,0,09/04/2026,09/04/2027,0,BANCO CENTRAL DE LA REPUBLICA DOMINICANA,BCENTRAL,56539
DO1002261928,LE090427,BCENTRAL/ LT 20270409 GTIA,2250000,DOP,225,8.21,97.422728,14/08/2026,12:19:24 PM,PRESTAMO,SEGUNDA PARTE,ROTC,14/12/2026,CONFIRMADA,3282929,0,09/04/2026,09/04/2027,3.198483,BANCO CENTRAL DE LA REPUBLICA DOMINICANA,BCENTRAL,58072
DO1002261928,LE090427,BCENTRAL/ LT 20270409 GTIA,2250000,DOP,225,9.1316,94.306678,14/08/2026,12:19:24 PM,PRESTAMO,PRIMERA PARTE,ROTC,14/08/2026,CONFIRMADA,3282929,0,09/04/2026,09/04/2027,3.198483,BANCO CENTRAL DE LA REPUBLICA DOMINICANA,BCENTRAL,58919
DO1002261928,LE090427,BCENTRAL/ LT 20270409 GTIA,20000,DOP,2,-29.408,110.468,14/08/2026,12:19:23 PM,PLAZO,PRIMERA PARTE,ROTC,14/12/2026,CONFIRMADA,3282927,0,09/04/2026,09/04/2027,0,BANCO CENTRAL DE LA REPUBLICA DOMINICANA,BCENTRAL,55335
DO1002261928,LE090427,BCENTRAL/ LT 20270409 GTIA,20000,DOP,2,-29.408,110.468,14/08/2026,12:19:22 PM,PRESTAMO,SEGUNDA PARTE,ROTC,14/12/2026,CONFIRMADA,3282926,0,09/04/2026,09/04/2027,3.055364,BANCO CENTRAL DE LA REPUBLICA DOMINICANA,BCENTRAL,56868
DO1002261928,LE090427,BCENTRAL/ LT 20270409 GTIA,20000,DOP,2,-10.018,107.0928,14/08/2026,12:19:22 PM,PRESTAMO,PRIMERA PARTE,ROTC,14/08/2026,CONFIRMADA,3282926,0,09/04/2026,09/04/2027,3.055364,BANCO CENTRAL DE LA REPUBLICA DOMINICANA,BCENTRAL,57260
DO1005207118,MHUS2026,HACIENDA/6.65 BOEST 20261227 GTIA,13000,USD,13,26.3525,99.332231,14/08/2026,12:19:20 PM,PLAZO,PRIMERA PARTE,ROTC,14/12/2026,CONFIRMADA,3282924,0,27/12/2019,27/12/2026,0,MINISTERIO DE HACIENDA,HACIENDA,59696
DO1005207118,MHUS2026,HACIENDA/6.65 BOEST 20261227 GTIA,13000,USD,13,26.3525,99.332231,14/08/2026,12:19:19 PM,PRESTAMO,SEGUNDA PARTE,ROTC,14/12/2026,CONFIRMADA,3282923,0,27/12/2019,27/12/2026,2.290056,MINISTERIO DE HACIENDA,HACIENDA,61292
DO1005207118,MHUS2026,HACIENDA/6.65 BOEST 20261227 GTIA,13000,USD,13,6.4065,100.083769,14/08/2026,12:19:19 PM,PRESTAMO,PRIMERA PARTE,ROTC,14/08/2026,CONFIRMADA,3282923,0,27/12/2019,27/12/2026,2.290056,MINISTERIO DE HACIENDA,HACIENDA,61390
DO2014304615,BC1DPP46,DPP/6 BO 20270817 GTIA,530,USD,530,5.000001,100.969505,14/08/2026,12:19:01 PM,CONTADO,PRIMERA PARTE,ROTC,17/08/2026,CONFIRMADA,3283600,0,17/08/2017,17/08/2027,0,"DOMINICAN POWER PARTNERS, LDC",DPP,55944
DO1002261928,LE090427,BCENTRAL/ LT 20270409 GTIA,2250000,DOP,225,9.1316,94.306678,14/08/2026,12:18:57 PM,CONTADO,PRIMERA PARTE,ROTC,14/08/2026,CONFIRMADA,3282928,0,09/04/2026,09/04/2027,0,BANCO CENTRAL DE LA REPUBLICA DOMINICANA,BCENTRAL,58261
DO1002261928,LE090427,BCENTRAL/ LT 20270409 GTIA,20000,DOP,2,-10.018,107.0928,14/08/2026,12:18:16 PM,CONTADO,PRIMERA PARTE,ROTC,14/08/2026,CONFIRMADA,3282925,0,09/04/2026,09/04/2027,0,BANCO CENTRAL DE LA REPUBLICA DOMINICANA,BCENTRAL,56581
USP3579ECH82,BSRD2032,"DOMINICAN, REP /4.875 BD 20320923",541000,USD,541,3.6669,106.378808,14/08/2026,12:18:06 PM,PRESTAMO,SEGUNDA PARTE,ROTC,20/10/2026,CONFIRMADA,3283622,0,23/09/2020,23/09/2032,4.49,MINISTERIO DE HACIENDA,HACIENDA,62279
USP3579ECH82,BSRD2032,"DOMINICAN, REP /4.875 BD 20320923",541000,USD,541,4.1357,103.950451,14/08/2026,12:18:06 PM,PRESTAMO,PRIMERA PARTE,ROTC,14/08/2026,CONFIRMADA,3283622,0,23/09/2020,23/09/2032,4.49,MINISTERIO DE HACIENDA,HACIENDA,62251
USP3579ECH82,BSRD2032,"DOMINICAN, REP /4.875 BD 20320923",541000,USD,541,3.6669,106.378808,14/08/2026,12:18:05 PM,ESTRUCTURADA,SEGUNDA PARTE,ROTC,20/10/2026,CONFIRMADA,3283621,0,23/09/2020,23/09/2032,4.49,MINISTERIO DE HACIENDA,HACIENDA,64372
USP3579ECH82,BSRD2032,"DOMINICAN, REP /4.875 BD 20320923",541000,USD,541,4.1357,103.950451,14/08/2026,12:18:05 PM,ESTRUCTURADA,PRIMERA PARTE,ROTC,14/08/2026,CONFIRMADA,3283621,0,23/09/2020,23/09/2032,4.49,MINISTERIO DE HACIENDA,HACIENDA,64344
USP3579ECE51,BSRD2049,"DOMINICAN, REP /6.4 BD 20490605",898000,USD,898,6.85,94.831626,14/08/2026,12:17:41 PM,CONTADO,PRIMERA PARTE,ROTC,14/08/2026,CONFIRMADA,3283607,0,05/06/2019,05/06/2049,0,MINISTERIO DE HACIENDA,HACIENDA,60088
USP3579ECE51,BSRD2049,"DOMINICAN, REP /6.4 BD 20490605",15000,USD,15,6.81999997,95.163022,14/08/2026,12:17:40 PM,CONTADO,PRIMERA PARTE,ROTC,14/08/2026,CONFIRMADA,3283612,0,05/06/2019,05/06/2049,0,MINISTERIO DE HACIENDA,HACIENDA,61418
USP3579ECE51,BSRD2049,"DOMINICAN, REP /6.4 BD 20490605",15000,USD,15,6.75,95.942989,14/08/2026,12:17:33 PM,CONTADO,PRIMERA PARTE,ROTC,14/08/2026,CONFIRMADA,3283613,0,05/06/2019,05/06/2049,0,MINISTERIO DE HACIENDA,HACIENDA,59262
DO1002261928,LE090427,BCENTRAL/ LT 20270409 GTIA,6460000,DOP,646,9.0981,94.326421,14/08/2026,12:17:32 PM,CONTADO,PRIMERA PARTE,ROTC,14/08/2026,CONFIRMADA,3283493,0,09/04/2026,09/04/2027,0,BANCO CENTRAL DE LA REPUBLICA DOMINICANA,BCENTRAL,58268
USP3579ECE51,BSRD2049,"DOMINICAN, REP /6.4 BD 20490605",180000,USD,180,6.77,95.719178,14/08/2026,12:17:22 PM,CONTADO,PRIMERA PARTE,ROTC,14/08/2026,CONFIRMADA,3283611,0,05/06/2019,05/06/2049,0,MINISTERIO DE HACIENDA,HACIENDA,59920
USP3579ECE51,BSRD2049,"DOMINICAN, REP /6.4 BD 20490605",480000,USD,480,6.77,95.719178,14/08/2026,12:17:12 PM,CONTADO,PRIMERA PARTE,ROTC,14/08/2026,CONFIRMADA,3283610,0,05/06/2019,05/06/2049,0,MINISTERIO DE HACIENDA,HACIENDA,59955
DO1002261928,LE090427,BCENTRAL/ LT 20270409 GTIA,3390000,DOP,339,9.0651,94.345797,14/08/2026,12:17:07 PM,CONTADO,PRIMERA PARTE,ROTC,14/08/2026,CONFIRMADA,3283496,0,09/04/2026,09/04/2027,0,BANCO CENTRAL DE LA REPUBLICA DOMINICANA,BCENTRAL,58345
USP3579ECE51,BSRD2049,"DOMINICAN, REP /6.4 BD 20490605",64000,USD,64,6.77,95.719178,14/08/2026,12:16:58 PM,CONTADO,PRIMERA PARTE,ROTC,14/08/2026,CONFIRMADA,3283609,0,05/06/2019,05/06/2049,0,MINISTERIO DE HACIENDA,HACIENDA,59318
DO1002261928,LE090427,BCENTRAL/ LT 20270409 GTIA,800000,DOP,80,9.8729,93.945382,14/08/2026,12:16:39 PM,CONTADO,PRIMERA PARTE,ROTC,17/08/2026,CONFIRMADA,3283499,0,09/04/2026,09/04/2027,0,BANCO CENTRAL DE LA REPUBLICA DOMINICANA,BCENTRAL,57687
DO1005207118,MHUS2026,HACIENDA/6.65 BOEST 20261227 GTIA,13000,USD,13,6.4065,100.083769,14/08/2026,12:16:14 PM,CONTADO,PRIMERA PARTE,ROTC,14/08/2026,CONFIRMADA,3282922,0,27/12/2019,27/12/2026,0,MINISTERIO DE HACIENDA,HACIENDA,60641
USP3579ECE51,BSRD2049,"DOMINICAN, REP /6.4 BD 20490605",174000,USD,174,6.77,95.719178,14/08/2026,12:16:14 PM,CONTADO,PRIMERA PARTE,ROTC,14/08/2026,CONFIRMADA,3283608,0,05/06/2019,05/06/2049,0,MINISTERIO DE HACIENDA,HACIENDA,59962
DO1002261522,NO180130,BCENTRAL/9.5 BOEST 20300118 GTIA,3970000,DOP,397,9.49999992,99.985039,14/08/2026,12:15:43 PM,CONTADO,PRIMERA PARTE,ROTC,17/08/2026,CONFIRMADA,3283545,0,18/01/2026,18/01/2030,0,BANCO CENTRAL DE LA REPUBLICA DOMINICANA,BCENTRAL,62643
DO1002261225,LE021026,BCENTRAL/ LT 20261002 GTIA,40000,DOP,4,-70.131,103.21725,14/08/2026,12:14:45 PM,PRESTAMO,SEGUNDA PARTE,ROTC,16/09/2026,CONFIRMADA,3283620,0,02/10/2025,02/10/2026,7.25,BANCO CENTRAL DE LA REPUBLICA DOMINICANA,BCENTRAL,57330
DO1002261225,LE021026,BCENTRAL/ LT 20261002 GTIA,40000,DOP,4,-19.812,102.5974,14/08/2026,12:14:45 PM,PRESTAMO,PRIMERA PARTE,ROTC,17/08/2026,CONFIRMADA,3283620,0,02/10/2025,02/10/2026,7.25,BANCO CENTRAL DE LA REPUBLICA DOMINICANA,BCENTRAL,57169
DO1002261225,LE021026,BCENTRAL/ LT 20261002 GTIA,40000,DOP,4,-70.131,103.21725,14/08/2026,12:14:44 PM,ESTRUCTURADA,SEGUNDA PARTE,ROTC,16/09/2026,CONFIRMADA,3283544,0,02/10/2025,02/10/2026,7.25,BANCO CENTRAL DE LA REPUBLICA DOMINICANA,BCENTRAL,59423
DO1002261225,LE021026,BCENTRAL/ LT 20261002 GTIA,40000,DOP,4,-19.812,102.5974,14/08/2026,12:14:44 PM,ESTRUCTURADA,PRIMERA PARTE,ROTC,17/08/2026,CONFIRMADA,3283544,0,02/10/2025,02/10/2026,7.25,BANCO CENTRAL DE LA REPUBLICA DOMINICANA,BCENTRAL,59262
DO1002261225,LE021026,BCENTRAL/ LT 20261002 GTIA,140000,DOP,14,48.8231,97.876171,14/08/2026,12:14:34 PM,PRESTAMO,SEGUNDA PARTE,ROTC,16/09/2026,CONFIRMADA,3283615,0,02/10/2025,02/10/2026,7.25,BANCO CENTRAL DE LA REPUBLICA DOMINICANA,BCENTRAL,58296
DO1002261225,LE021026,BCENTRAL/ LT 20261002 GTIA,140000,DOP,14,21.8127,97.288393,14/08/2026,12:14:34 PM,PRESTAMO,PRIMERA PARTE,ROTC,17/08/2026,CONFIRMADA,3283615,0,02/10/2025,02/10/2026,7.25,BANCO CENTRAL DE LA REPUBLICA DOMINICANA,BCENTRAL,58345
DO1002261225,LE021026,BCENTRAL/ LT 20261002 GTIA,140000,DOP,14,48.8231,97.876171,14/08/2026,12:14:33 PM,ESTRUCTURADA,SEGUNDA PARTE,ROTC,16/09/2026,CONFIRMADA,3283543,0,02/10/2025,02/10/2026,7.25,BANCO CENTRAL DE LA REPUBLICA DOMINICANA,BCENTRAL,60389
DO1002261225,LE021026,BCENTRAL/ LT 20261002 GTIA,140000,DOP,14,21.8127,97.288393,14/08/2026,12:14:33 PM,ESTRUCTURADA,PRIMERA PARTE,ROTC,17/08/2026,CONFIRMADA,3283543,0,02/10/2025,02/10/2026,7.25,BANCO CENTRAL DE LA REPUBLICA DOMINICANA,BCENTRAL,60438
DO1005207118,MHUS2026,HACIENDA/6.65 BOEST 20261227 GTIA,3000,USD,3,53.4757,88.876,14/08/2026,12:14:28 PM,PLAZO,PRIMERA PARTE,ROTC,14/09/2026,CONFIRMADA,3282921,0,27/12/2019,27/12/2026,0,MINISTERIO DE HACIENDA,HACIENDA,58156
DO1002261928,LE090427,BCENTRAL/ LT 20270409 GTIA,1200000,DOP,120,6.2426,99.004262,14/08/2026,12:14:27 PM,PRESTAMO,SEGUNDA PARTE,ROTC,10/02/2027,CONFIRMADA,3282852,0,09/04/2026,09/04/2027,4.648391,BANCO CENTRAL DE LA REPUBLICA DOMINICANA,BCENTRAL,58618
DO1002261928,LE090427,BCENTRAL/ LT 20270409 GTIA,1200000,DOP,120,8.9694,94.402157,14/08/2026,12:14:27 PM,PRESTAMO,PRIMERA PARTE,ROTC,14/08/2026,CONFIRMADA,3282852,0,09/04/2026,09/04/2027,4.648391,BANCO CENTRAL DE LA REPUBLICA DOMINICANA,BCENTRAL,58856
DO1002261928,LE090427,BCENTRAL/ LT 20270409 GTIA,1200000,DOP,120,6.2426,99.004262,14/08/2026,12:14:26 PM,PLAZO,PRIMERA PARTE,ROTC,10/02/2027,CONFIRMADA,3282854,0,09/04/2026,09/04/2027,0,BANCO CENTRAL DE LA REPUBLICA DOMINICANA,BCENTRAL,57071
DO1002261928,LE090427,BCENTRAL/ LT 20270409 GTIA,2360000,DOP,236,5.4569,99.128499,14/08/2026,12:14:25 PM,PRESTAMO,SEGUNDA PARTE,ROTC,10/02/2027,CONFIRMADA,3282857,0,09/04/2026,09/04/2027,4.648391,BANCO CENTRAL DE LA REPUBLICA DOMINICANA,BCENTRAL,58912
DO1002261928,LE090427,BCENTRAL/ LT 20270409 GTIA,2360000,DOP,236,8.7686,94.520619,14/08/2026,12:14:25 PM,PRESTAMO,PRIMERA PARTE,ROTC,14/08/2026,CONFIRMADA,3282857,0,09/04/2026,09/04/2027,4.648391,BANCO CENTRAL DE LA REPUBLICA DOMINICANA,BCENTRAL,58975
DO1005211227,MH32029,HACIENDA/12.75 BOEST 20290923 GTIA,3700000,DOP,37,6.5961,114.937875,14/08/2026,12:14:24 PM,PRESTAMO,SEGUNDA PARTE,ROTC,14/01/2027,CONFIRMADA,3283614,0,23/09/2022,23/09/2029,8.4,MINISTERIO DE HACIENDA,HACIENDA,61565
DO1005211227,MH32029,HACIENDA/12.75 BOEST 20290923 GTIA,3700000,DOP,37,9.0728,109.729933,14/08/2026,12:14:24 PM,PRESTAMO,PRIMERA PARTE,ROTC,17/08/2026,CONFIRMADA,3283614,0,23/09/2022,23/09/2029,8.4,MINISTERIO DE HACIENDA,HACIENDA,61670
DO1002261928,LE090427,BCENTRAL/ LT 20270409 GTIA,2360000,DOP,236,5.4569,99.128499,14/08/2026,12:14:23 PM,PLAZO,PRIMERA PARTE,ROTC,10/02/2027,CONFIRMADA,3282858,0,09/04/2026,09/04/2027,0,BANCO CENTRAL DE LA REPUBLICA DOMINICANA,BCENTRAL,57358
DO1005211227,MH32029,HACIENDA/12.75 BOEST 20290923 GTIA,3700000,DOP,37,6.5961,114.937875,14/08/2026,12:14:23 PM,ESTRUCTURADA,SEGUNDA PARTE,ROTC,14/01/2027,CONFIRMADA,3283542,0,23/09/2022,23/09/2029,8.4,MINISTERIO DE HACIENDA,HACIENDA,63658
DO1005211227,MH32029,HACIENDA/12.75 BOEST 20290923 GTIA,3700000,DOP,37,9.0728,109.729933,14/08/2026,12:14:23 PM,ESTRUCTURADA,PRIMERA PARTE,ROTC,17/08/2026,CONFIRMADA,3283542,0,23/09/2022,23/09/2029,8.4,MINISTERIO DE HACIENDA,HACIENDA,63763
DO1005205617,MH12027,HACIENDA/11.25 BOEST 20270205 GTIA,1500000,DOP,15,14.4399,99.271051,14/08/2026,12:14:22 PM,PRESTAMO,SEGUNDA PARTE,ROTC,12/11/2026,CONFIRMADA,3282860,0,05/08/2016,05/02/2027,2.543273,MINISTERIO DE HACIENDA,HACIENDA,61334
DO1005205617,MH12027,HACIENDA/11.25 BOEST 20270205 GTIA,1500000,DOP,15,11.9485,99.720083,14/08/2026,12:14:22 PM,PRESTAMO,PRIMERA PARTE,ROTC,14/08/2026,CONFIRMADA,3282860,0,05/08/2016,05/02/2027,2.543273,MINISTERIO DE HACIENDA,HACIENDA,61467
DO1005205617,MH12027,HACIENDA/11.25 BOEST 20270205 GTIA,1500000,DOP,15,14.4399,99.271051,14/08/2026,12:14:21 PM,PLAZO,PRIMERA PARTE,ROTC,12/11/2026,CONFIRMADA,3282862,0,05/08/2016,05/02/2027,0,MINISTERIO DE HACIENDA,HACIENDA,59787
DO1005208322,MHUS2040,HACIENDA/6.75 BOEST 20400724 GTIA,8000,USD,8,4.3736,124.39375,14/08/2026,12:14:20 PM,PRESTAMO,SEGUNDA PARTE,ROTC,13/10/2026,CONFIRMADA,3282864,0,24/07/2020,24/07/2040,0.993049,MINISTERIO DE HACIENDA,HACIENDA,60186
DO1005208322,MHUS2040,HACIENDA/6.75 BOEST 20400724 GTIA,8000,USD,8,4.3723,124.625,14/08/2026,12:14:20 PM,PRESTAMO,PRIMERA PARTE,ROTC,14/08/2026,CONFIRMADA,3282864,0,24/07/2020,24/07/2040,0.993049,MINISTERIO DE HACIENDA,HACIENDA,59507
DO1005208322,MHUS2040,HACIENDA/6.75 BOEST 20400724 GTIA,8000,USD,8,4.3736,124.39375,14/08/2026,12:14:19 PM,PLAZO,PRIMERA PARTE,ROTC,13/10/2026,CONFIRMADA,3282865,0,24/07/2020,24/07/2040,0,MINISTERIO DE HACIENDA,HACIENDA,58702
DO1002261928,LE090427,BCENTRAL/ LT 20270409 GTIA,1590000,DOP,159,8.9487,95.83127,14/08/2026,12:14:18 PM,PRESTAMO,SEGUNDA PARTE,ROTC,16/10/2026,CONFIRMADA,3282867,0,09/04/2026,09/04/2027,1.502093,BANCO CENTRAL DE LA REPUBLICA DOMINICANA,BCENTRAL,58611
DO1002261928,LE090427,BCENTRAL/ LT 20270409 GTIA,1590000,DOP,159,9.1017,94.391796,14/08/2026,12:14:18 PM,PRESTAMO,PRIMERA PARTE,ROTC,17/08/2026,CONFIRMADA,3282867,0,09/04/2026,09/04/2027,1.502093,BANCO CENTRAL DE LA REPUBLICA DOMINICANA,BCENTRAL,59031
DO1002261928,LE090427,BCENTRAL/ LT 20270409 GTIA,1590000,DOP,159,8.9487,95.83127,14/08/2026,12:14:17 PM,PLAZO,PRIMERA PARTE,ROTC,16/10/2026,CONFIRMADA,3282868,0,09/04/2026,09/04/2027,0,BANCO CENTRAL DE LA REPUBLICA DOMINICANA,BCENTRAL,57064
DO1002261928,LE090427,BCENTRAL/ LT 20270409 GTIA,320000,DOP,32,11.4139,98.347394,14/08/2026,12:14:16 PM,PRESTAMO,SEGUNDA PARTE,ROTC,15/02/2027,CONFIRMADA,3282870,0,09/04/2026,09/04/2027,4.674647,BANCO CENTRAL DE LA REPUBLICA DOMINICANA,BCENTRAL,58429
DO1002261928,LE090427,BCENTRAL/ LT 20270409 GTIA,320000,DOP,32,10.2128,93.75,14/08/2026,12:14:16 PM,PRESTAMO,PRIMERA PARTE,ROTC,17/08/2026,CONFIRMADA,3282870,0,09/04/2026,09/04/2027,4.674647,BANCO CENTRAL DE LA REPUBLICA DOMINICANA,BCENTRAL,57001
DO1002261928,LE090427,BCENTRAL/ LT 20270409 GTIA,320000,DOP,32,11.4139,98.347394,14/08/2026,12:14:15 PM,PLAZO,PRIMERA PARTE,ROTC,15/02/2027,CONFIRMADA,3282871,0,09/04/2026,09/04/2027,0,BANCO CENTRAL DE LA REPUBLICA DOMINICANA,BCENTRAL,56882
DO1002261928,LE090427,BCENTRAL/ LT 20270409 GTIA,3600000,DOP,360,6.5007,99.052022,14/08/2026,12:14:14 PM,PRESTAMO,SEGUNDA PARTE,ROTC,15/02/2027,CONFIRMADA,3282874,0,09/04/2026,09/04/2027,4.651674,BANCO CENTRAL DE LA REPUBLICA DOMINICANA,BCENTRAL,58674
DO1002261928,LE090427,BCENTRAL/ LT 20270409 GTIA,3600000,DOP,360,9.0113,94.444444,14/08/2026,12:14:14 PM,PRESTAMO,PRIMERA PARTE,ROTC,17/08/2026,CONFIRMADA,3282874,0,09/04/2026,09/04/2027,4.651674,BANCO CENTRAL DE LA REPUBLICA DOMINICANA,BCENTRAL,58814
DO1002261928,LE090427,BCENTRAL/ LT 20270409 GTIA,3600000,DOP,360,6.5007,99.052022,14/08/2026,12:14:12 PM,PLAZO,PRIMERA PARTE,ROTC,15/02/2027,CONFIRMADA,3282875,0,09/04/2026,09/04/2027,0,BANCO CENTRAL DE LA REPUBLICA DOMINICANA,BCENTRAL,57120
DO1002261928,LE090427,BCENTRAL/ LT 20270409 GTIA,40000,DOP,4,-18.418,107.9534,14/08/2026,12:14:11 PM,PRESTAMO,SEGUNDA PARTE,ROTC,16/11/2026,CONFIRMADA,3282877,0,09/04/2026,09/04/2027,2.296037,BANCO CENTRAL DE LA REPUBLICA DOMINICANA,BCENTRAL,57246
DO1002261928,LE090427,BCENTRAL/ LT 20270409 GTIA,40000,DOP,4,-7.9855,105.47475,14/08/2026,12:14:11 PM,PRESTAMO,PRIMERA PARTE,ROTC,18/08/2026,CONFIRMADA,3282877,0,09/04/2026,09/04/2027,2.296037,BANCO CENTRAL DE LA REPUBLICA DOMINICANA,BCENTRAL,57813
DO1002261928,LE090427,BCENTRAL/ LT 20270409 GTIA,40000,DOP,4,-18.418,107.9534,14/08/2026,12:14:10 PM,PLAZO,PRIMERA PARTE,ROTC,16/11/2026,CONFIRMADA,3282878,0,09/04/2026,09/04/2027,0,BANCO CENTRAL DE LA REPUBLICA DOMINICANA,BCENTRAL,55699
DO1002261928,LE090427,BCENTRAL/ LT 20270409 GTIA,3600000,DOP,360,10.4609,96.793609,14/08/2026,12:14:09 PM,PRESTAMO,SEGUNDA PARTE,ROTC,16/12/2026,CONFIRMADA,3282880,0,09/04/2026,09/04/2027,3.069467,BANCO CENTRAL DE LA REPUBLICA DOMINICANA,BCENTRAL,59199
DO1002261928,LE090427,BCENTRAL/ LT 20270409 GTIA,3600000,DOP,360,10.1295,93.822561,14/08/2026,12:14:09 PM,PRESTAMO,PRIMERA PARTE,ROTC,18/08/2026,CONFIRMADA,3282880,0,09/04/2026,09/04/2027,3.069467,BANCO CENTRAL DE LA REPUBLICA DOMINICANA,BCENTRAL,59206
DO1002261928,LE090427,BCENTRAL/ LT 20270409 GTIA,3600000,DOP,360,10.4609,96.793609,14/08/2026,12:14:08 PM,PLAZO,PRIMERA PARTE,ROTC,16/12/2026,CONFIRMADA,3282882,0,09/04/2026,09/04/2027,0,BANCO CENTRAL DE LA REPUBLICA DOMINICANA,BCENTRAL,57652
DO1002261928,LE090427,BCENTRAL/ LT 20270409 GTIA,890000,DOP,89,8.8461,95.226497,14/08/2026,12:14:07 PM,PRESTAMO,SEGUNDA PARTE,ROTC,17/09/2026,CONFIRMADA,3282885,0,09/04/2026,09/04/2027,0.748522,BANCO CENTRAL DE LA REPUBLICA DOMINICANA,BCENTRAL,58352
DO1002261928,LE090427,BCENTRAL/ LT 20270409 GTIA,890000,DOP,89,8.9304,94.513706,14/08/2026,12:14:07 PM,PRESTAMO,PRIMERA PARTE,ROTC,18/08/2026,CONFIRMADA,3282885,0,09/04/2026,09/04/2027,0.748522,BANCO CENTRAL DE LA REPUBLICA DOMINICANA,BCENTRAL,58331
DO1002261928,LE090427,BCENTRAL/ LT 20270409 GTIA,890000,DOP,89,8.8461,95.226497,14/08/2026,12:14:06 PM,PLAZO,PRIMERA PARTE,ROTC,17/09/2026,CONFIRMADA,3282886,0,09/04/2026,09/04/2027,0,BANCO CENTRAL DE LA REPUBLICA DOMINICANA,BCENTRAL,56805
DO1002261928,LE090427,BCENTRAL/ LT 20270409 GTIA,610000,DOP,61,17.95,97.425398,14/08/2026,12:14:05 PM,PRESTAMO,SEGUNDA PARTE,ROTC,15/02/2027,CONFIRMADA,3282889,0,09/04/2026,09/04/2027,4.650159,BANCO CENTRAL DE LA REPUBLICA DOMINICANA,BCENTRAL,57792
DO1002261928,LE090427,BCENTRAL/ LT 20270409 GTIA,610000,DOP,61,11.7669,92.894962,14/08/2026,12:14:05 PM,PRESTAMO,PRIMERA PARTE,ROTC,18/08/2026,CONFIRMADA,3282889,0,09/04/2026,09/04/2027,4.650159,BANCO CENTRAL DE LA REPUBLICA DOMINICANA,BCENTRAL,58653
DO1002261928,LE090427,BCENTRAL/ LT 20270409 GTIA,610000,DOP,61,17.95,97.425398,14/08/2026,12:14:04 PM,PLAZO,PRIMERA PARTE,ROTC,15/02/2027,CONFIRMADA,3282890,0,09/04/2026,09/04/2027,0,BANCO CENTRAL DE LA REPUBLICA DOMINICANA,BCENTRAL,56245
DO1002261928,LE090427,BCENTRAL/ LT 20270409 GTIA,240000,DOP,24,5.0435,98.0225,14/08/2026,12:14:03 PM,PRESTAMO,SEGUNDA PARTE,ROTC,16/11/2026,CONFIRMADA,3282892,0,09/04/2026,09/04/2027,2.296042,BANCO CENTRAL DE LA REPUBLICA DOMINICANA,BCENTRAL,57246
DO1002261928,LE090427,BCENTRAL/ LT 20270409 GTIA,240000,DOP,24,6.792,95.771862,14/08/2026,12:14:03 PM,PRESTAMO,PRIMERA PARTE,ROTC,18/08/2026,CONFIRMADA,3282892,0,09/04/2026,09/04/2027,2.296042,BANCO CENTRAL DE LA REPUBLICA DOMINICANA,BCENTRAL,57883
DO1002261928,LE090427,BCENTRAL/ LT 20270409 GTIA,240000,DOP,24,5.0435,98.0225,14/08/2026,12:14:02 PM,PLAZO,PRIMERA PARTE,ROTC,16/11/2026,CONFIRMADA,3282893,0,09/04/2026,09/04/2027,0,BANCO CENTRAL DE LA REPUBLICA DOMINICANA,BCENTRAL,55699
DO1002261928,LE090427,BCENTRAL/ LT 20270409 GTIA,3210000,DOP,321,8.6725,95.888237,14/08/2026,12:14:01 PM,PRESTAMO,SEGUNDA PARTE,ROTC,13/10/2026,CONFIRMADA,3282895,0,09/04/2026,09/04/2027,1.485921,BANCO CENTRAL DE LA REPUBLICA DOMINICANA,BCENTRAL,58793
DO1002261928,LE090427,BCENTRAL/ LT 20270409 GTIA,3210000,DOP,321,8.8655,94.463414,14/08/2026,12:14:01 PM,PRESTAMO,PRIMERA PARTE,ROTC,14/08/2026,CONFIRMADA,3282895,0,09/04/2026,09/04/2027,1.485921,BANCO CENTRAL DE LA REPUBLICA DOMINICANA,BCENTRAL,58835
DO1002261928,LE090427,BCENTRAL/ LT 20270409 GTIA,3210000,DOP,321,8.6725,95.888237,14/08/2026,12:13:59 PM,PLAZO,PRIMERA PARTE,ROTC,13/10/2026,CONFIRMADA,3282896,0,09/04/2026,09/04/2027,0,BANCO CENTRAL DE LA REPUBLICA DOMINICANA,BCENTRAL,57337
DO1002261928,LE090427,BCENTRAL/ LT 20270409 GTIA,10000,DOP,1,-262.49,106.1946,14/08/2026,12:13:58 PM,PRESTAMO,SEGUNDA PARTE,ROTC,01/04/2027,CONFIRMADA,3282898,0,09/04/2026,09/04/2027,5.835607,BANCO CENTRAL DE LA REPUBLICA DOMINICANA,BCENTRAL,57246
DO1002261928,LE090427,BCENTRAL/ LT 20270409 GTIA,10000,DOP,1,0.0038,99.9975,14/08/2026,12:13:58 PM,PRESTAMO,PRIMERA PARTE,ROTC,14/08/2026,CONFIRMADA,3282898,0,09/04/2026,09/04/2027,5.835607,BANCO CENTRAL DE LA REPUBLICA DOMINICANA,BCENTRAL,56770
DO1002261928,LE090427,BCENTRAL/ LT 20270409 GTIA,10000,DOP,1,-262.49,106.1946,14/08/2026,12:13:57 PM,PLAZO,PRIMERA PARTE,ROTC,01/04/2027,CONFIRMADA,3282899,0,09/04/2026,09/04/2027,0,BANCO CENTRAL DE LA REPUBLICA DOMINICANA,BCENTRAL,55699
DO1002261928,LE090427,BCENTRAL/ LT 20270409 GTIA,200000,DOP,20,-5.4688,102.3,14/08/2026,12:13:56 PM,PRESTAMO,SEGUNDA PARTE,ROTC,12/11/2026,CONFIRMADA,3282901,0,09/04/2026,09/04/2027,2.248289,BANCO CENTRAL DE LA REPUBLICA DOMINICANA,BCENTRAL,56812
DO1002261928,LE090427,BCENTRAL/ LT 20270409 GTIA,200000,DOP,20,0,100,14/08/2026,12:13:56 PM,PRESTAMO,PRIMERA PARTE,ROTC,14/08/2026,CONFIRMADA,3282901,0,09/04/2026,09/04/2027,2.248289,BANCO CENTRAL DE LA REPUBLICA DOMINICANA,BCENTRAL,54040
DO1002261928,LE090427,BCENTRAL/ LT 20270409 GTIA,200000,DOP,20,-5.4688,102.3,14/08/2026,12:13:55 PM,PLAZO,PRIMERA PARTE,ROTC,12/11/2026,CONFIRMADA,3282902,0,09/04/2026,09/04/2027,0,BANCO CENTRAL DE LA REPUBLICA DOMINICANA,BCENTRAL,55265
DO1005207118,MHUS2026,HACIENDA/6.65 BOEST 20261227 GTIA,1000,USD,1,-8.5423,101.935,14/08/2026,12:13:54 PM,PRESTAMO,SEGUNDA PARTE,ROTC,12/11/2026,CONFIRMADA,3282904,0,27/12/2019,27/12/2026,1.88896,MINISTERIO DE HACIENDA,HACIENDA,59717
DO1005207118,MHUS2026,HACIENDA/6.65 BOEST 20261227 GTIA,1000,USD,1,-0.043,102.476,14/08/2026,12:13:54 PM,PRESTAMO,PRIMERA PARTE,ROTC,14/08/2026,CONFIRMADA,3282904,0,27/12/2019,27/12/2026,1.88896,MINISTERIO DE HACIENDA,HACIENDA,59402
DO1005207118,MHUS2026,HACIENDA/6.65 BOEST 20261227 GTIA,1000,USD,1,-8.5423,101.935,14/08/2026,12:13:53 PM,PLAZO,PRIMERA PARTE,ROTC,12/11/2026,CONFIRMADA,3282905,0,27/12/2019,27/12/2026,0,MINISTERIO DE HACIENDA,HACIENDA,58170
DO1002261928,LE090427,BCENTRAL/ LT 20270409 GTIA,110000,DOP,11,12.9084,93.0905,14/08/2026,12:13:52 PM,PRESTAMO,SEGUNDA PARTE,ROTC,14/09/2026,CONFIRMADA,3282907,0,09/04/2026,09/04/2027,0.773285,BANCO CENTRAL DE LA REPUBLICA DOMINICANA,BCENTRAL,57631
DO1002261928,LE090427,BCENTRAL/ LT 20270409 GTIA,110000,DOP,11,12.4934,92.370645,14/08/2026,12:13:52 PM,PRESTAMO,PRIMERA PARTE,ROTC,14/08/2026,CONFIRMADA,3282907,0,09/04/2026,09/04/2027,0.773285,BANCO CENTRAL DE LA REPUBLICA DOMINICANA,BCENTRAL,58422
DO1002261928,LE090427,BCENTRAL/ LT 20270409 GTIA,110000,DOP,11,12.9084,93.0905,14/08/2026,12:13:51 PM,PLAZO,PRIMERA PARTE,ROTC,14/09/2026,CONFIRMADA,3282908,0,09/04/2026,09/04/2027,0,BANCO CENTRAL DE LA REPUBLICA DOMINICANA,BCENTRAL,56084
DO1002261928,LE090427,BCENTRAL/ LT 20270409 GTIA,1940000,DOP,194,8.8781,95.79485,14/08/2026,12:13:50 PM,PRESTAMO,SEGUNDA PARTE,ROTC,13/10/2026,CONFIRMADA,3282910,0,09/04/2026,09/04/2027,1.502093,BANCO CENTRAL DE LA REPUBLICA DOMINICANA,BCENTRAL,58597
DO1002261928,LE090427,BCENTRAL/ LT 20270409 GTIA,1940000,DOP,194,9.0479,94.355922,14/08/2026,12:13:50 PM,PRESTAMO,PRIMERA PARTE,ROTC,14/08/2026,CONFIRMADA,3282910,0,09/04/2026,09/04/2027,1.502093,BANCO CENTRAL DE LA REPUBLICA DOMINICANA,BCENTRAL,58975
DO1002261928,LE090427,BCENTRAL/ LT 20270409 GTIA,1940000,DOP,194,8.8781,95.79485,14/08/2026,12:13:49 PM,PLAZO,PRIMERA PARTE,ROTC,13/10/2026,CONFIRMADA,3282911,0,09/04/2026,09/04/2027,0,BANCO CENTRAL DE LA REPUBLICA DOMINICANA,BCENTRAL,57113
DO1002261928,LE090427,BCENTRAL/ LT 20270409 GTIA,30000,DOP,3,-14.131,108.751433,14/08/2026,12:13:48 PM,PRESTAMO,SEGUNDA PARTE,ROTC,16/09/2026,CONFIRMADA,3282913,0,09/04/2026,09/04/2027,0.732098,BANCO CENTRAL DE LA REPUBLICA DOMINICANA,BCENTRAL,57953
DO1002261928,LE090427,BCENTRAL/ LT 20270409 GTIA,30000,DOP,3,-11.288,107.955267,14/08/2026,12:13:48 PM,PRESTAMO,PRIMERA PARTE,ROTC,17/08/2026,CONFIRMADA,3282913,0,09/04/2026,09/04/2027,0.732098,BANCO CENTRAL DE LA REPUBLICA DOMINICANA,BCENTRAL,58156
DO1002261928,LE090427,BCENTRAL/ LT 20270409 GTIA,30000,DOP,3,-14.131,108.751433,14/08/2026,12:13:47 PM,PLAZO,PRIMERA PARTE,ROTC,16/09/2026,CONFIRMADA,3282914,0,09/04/2026,09/04/2027,0,BANCO CENTRAL DE LA REPUBLICA DOMINICANA,BCENTRAL,56406
DO1002261928,LE090427,BCENTRAL/ LT 20270409 GTIA,650000,DOP,65,0,94.535735,14/08/2026,12:13:45 PM,PRESTAMO,SEGUNDA PARTE,ROTC,14/09/2026,CONFIRMADA,3282916,0,09/04/2026,09/04/2027,0.77328,BANCO CENTRAL DE LA REPUBLICA DOMINICANA,BCENTRAL,56378
DO1002261928,LE090427,BCENTRAL/ LT 20270409 GTIA,650000,DOP,65,9.9899,93.804709,14/08/2026,12:13:45 PM,PRESTAMO,PRIMERA PARTE,ROTC,14/08/2026,CONFIRMADA,3282916,0,09/04/2026,09/04/2027,0.77328,BANCO CENTRAL DE LA REPUBLICA DOMINICANA,BCENTRAL,58401
DO1002261928,LE090427,BCENTRAL/ LT 20270409 GTIA,650000,DOP,65,0,94.535735,14/08/2026,12:13:44 PM,PLAZO,PRIMERA PARTE,ROTC,14/09/2026,CONFIRMADA,3282917,0,09/04/2026,09/04/2027,0,BANCO CENTRAL DE LA REPUBLICA DOMINICANA,BCENTRAL,54831
DO1005207118,MHUS2026,HACIENDA/6.65 BOEST 20261227 GTIA,3000,USD,3,53.4757,88.876,14/08/2026,12:13:43 PM,PRESTAMO,SEGUNDA PARTE,ROTC,14/09/2026,CONFIRMADA,3282920,0,27/12/2019,27/12/2026,1.320189,MINISTERIO DE HACIENDA,HACIENDA,59668
DO1005207118,MHUS2026,HACIENDA/6.65 BOEST 20261227 GTIA,3000,USD,3,41.2021,89.123,14/08/2026,12:13:43 PM,PRESTAMO,PRIMERA PARTE,ROTC,14/08/2026,CONFIRMADA,3282920,0,27/12/2019,27/12/2026,1.320189,MINISTERIO DE HACIENDA,HACIENDA,59479
DO1002261928,LE090427,BCENTRAL/ LT 20270409 GTIA,1590000,DOP,159,9.1017,94.391796,14/08/2026,12:12:58 PM,CONTADO,PRIMERA PARTE,ROTC,17/08/2026,CONFIRMADA,3282866,0,09/04/2026,09/04/2027,0,BANCO CENTRAL DE LA REPUBLICA DOMINICANA,BCENTRAL,58352
DO1002261928,LE090427,BCENTRAL/ LT 20270409 GTIA,320000,DOP,32,10.2128,93.75,14/08/2026,12:12:28 PM,CONTADO,PRIMERA PARTE,ROTC,17/08/2026,CONFIRMADA,3282869,0,09/04/2026,09/04/2027,0,BANCO CENTRAL DE LA REPUBLICA DOMINICANA,BCENTRAL,56315
USP3579ECH82,BSRD2032,"DOMINICAN, REP /4.875 BD 20320923",84000,USD,84,1.2325,119.716214,14/08/2026,12:12:17 PM,PRESTAMO,SEGUNDA PARTE,ROTC,10/02/2027,CONFIRMADA,3283606,0,23/09/2020,23/09/2032,4.24,MINISTERIO DE HACIENDA,HACIENDA,61432
USP3579ECH82,BSRD2032,"DOMINICAN, REP /4.875 BD 20320923",84000,USD,84,1.8906,117.138238,14/08/2026,12:12:17 PM,PRESTAMO,PRIMERA PARTE,ROTC,14/08/2026,CONFIRMADA,3283606,0,23/09/2020,23/09/2032,4.24,MINISTERIO DE HACIENDA,HACIENDA,61649
USP3579ECH82,BSRD2032,"DOMINICAN, REP /4.875 BD 20320923",84000,USD,84,1.2325,119.716214,14/08/2026,12:12:16 PM,ESTRUCTURADA,SEGUNDA PARTE,ROTC,10/02/2027,CONFIRMADA,3283576,0,23/09/2020,23/09/2032,4.24,MINISTERIO DE HACIENDA,HACIENDA,63525
USP3579ECH82,BSRD2032,"DOMINICAN, REP /4.875 BD 20320923",84000,USD,84,1.8906,117.138238,14/08/2026,12:12:16 PM,ESTRUCTURADA,PRIMERA PARTE,ROTC,14/08/2026,CONFIRMADA,3283576,0,23/09/2020,23/09/2032,4.24,MINISTERIO DE HACIENDA,HACIENDA,63742
DO1005208322,MHUS2040,HACIENDA/6.75 BOEST 20400724 GTIA,8000,USD,8,4.3723,124.625,14/08/2026,12:12:04 PM,CONTADO,PRIMERA PARTE,ROTC,14/08/2026,CONFIRMADA,3282863,0,24/07/2020,24/07/2040,0,MINISTERIO DE HACIENDA,HACIENDA,58814
DO1005208629,MH12031,HACIENDA/8.5 BOEST 20310611 GTIA,3000000,DOP,30,6.8622,105.866936,14/08/2026,12:11:38 PM,PRESTAMO,SEGUNDA PARTE,ROTC,03/08/2027,CONFIRMADA,3283605,0,11/06/2021,11/06/2031,7.24,MINISTERIO DE HACIENDA,HACIENDA,60732
DO1005208629,MH12031,HACIENDA/8.5 BOEST 20310611 GTIA,3000000,DOP,30,9.0124,98.487671,14/08/2026,12:11:38 PM,PRESTAMO,PRIMERA PARTE,ROTC,14/08/2026,CONFIRMADA,3283605,0,11/06/2021,11/06/2031,7.24,MINISTERIO DE HACIENDA,HACIENDA,60452
DO1005205617,MH12027,HACIENDA/11.25 BOEST 20270205 GTIA,1500000,DOP,15,11.9485,99.720083,14/08/2026,12:11:37 PM,CONTADO,PRIMERA PARTE,ROTC,14/08/2026,CONFIRMADA,3282859,0,05/08/2016,05/02/2027,0,MINISTERIO DE HACIENDA,HACIENDA,60795
DO1005208629,MH12031,HACIENDA/8.5 BOEST 20310611 GTIA,3000000,DOP,30,6.8622,105.866936,14/08/2026,12:11:36 PM,ESTRUCTURADA,SEGUNDA PARTE,ROTC,03/08/2027,CONFIRMADA,3283575,0,11/06/2021,11/06/2031,7.24,MINISTERIO DE HACIENDA,HACIENDA,62818
DO1005208629,MH12031,HACIENDA/8.5 BOEST 20310611 GTIA,3000000,DOP,30,9.0124,98.487671,14/08/2026,12:11:36 PM,ESTRUCTURADA,PRIMERA PARTE,ROTC,14/08/2026,CONFIRMADA,3283575,0,11/06/2021,11/06/2031,7.24,MINISTERIO DE HACIENDA,HACIENDA,62538
DO1005207118,MHUS2026,HACIENDA/6.65 BOEST 20261227 GTIA,3000,USD,3,41.2021,89.123,14/08/2026,12:11:12 PM,CONTADO,PRIMERA PARTE,ROTC,14/08/2026,CONFIRMADA,3282919,0,27/12/2019,27/12/2026,0,MINISTERIO DE HACIENDA,HACIENDA,58744
DO1002261928,LE090427,BCENTRAL/ LT 20270409 GTIA,650000,DOP,65,9.9899,93.804709,14/08/2026,12:10:41 PM,CONTADO,PRIMERA PARTE,ROTC,14/08/2026,CONFIRMADA,3282915,0,09/04/2026,09/04/2027,0,BANCO CENTRAL DE LA REPUBLICA DOMINICANA,BCENTRAL,57659
DO2016300124,BC1GUL01,GULFSTREAM/11.25 BO 20290528,122072,DOP,122072,11.55996899,99.319673,14/08/2026,12:09:58 PM,PRESTAMO,SEGUNDA PARTE,ROTC,12/11/2026,CONFIRMADA,3283604,0,28/05/2019,28/05/2029,8.2,GULFSTREAM PETROLEUM DOMINICANA S DE RL,GULFSTREAM,62496
DO2016300124,BC1GUL01,GULFSTREAM/11.25 BO 20290528,122072,DOP,122072,11.25004788,99.994475,14/08/2026,12:09:58 PM,PRESTAMO,PRIMERA PARTE,ROTC,14/08/2026,CONFIRMADA,3283604,0,28/05/2019,28/05/2029,8.2,GULFSTREAM PETROLEUM DOMINICANA S DE RL,GULFSTREAM,62496
DO2016300124,BC1GUL01,GULFSTREAM/11.25 BO 20290528,122072,DOP,122072,11.55996899,99.319673,14/08/2026,12:09:57 PM,ESTRUCTURADA,SEGUNDA PARTE,ROTC,12/11/2026,CONFIRMADA,3283574,0,28/05/2019,28/05/2029,8.2,GULFSTREAM PETROLEUM DOMINICANA S DE RL,GULFSTREAM,64589
DO2016300124,BC1GUL01,GULFSTREAM/11.25 BO 20290528,122072,DOP,122072,11.25004788,99.994475,14/08/2026,12:09:57 PM,ESTRUCTURADA,PRIMERA PARTE,ROTC,14/08/2026,CONFIRMADA,3283574,0,28/05/2019,28/05/2029,8.2,GULFSTREAM PETROLEUM DOMINICANA S DE RL,GULFSTREAM,64589
DO1005204412,MH12029,HACIENDA/11.375 BOEST 20290706 GTIA,19800000,DOP,198,8.54124148,106.542433,14/08/2026,12:09:56 PM,PRESTAMO,SEGUNDA PARTE,ROTC,12/11/2026,CONFIRMADA,3283603,0,06/07/2014,06/07/2029,9.1,MINISTERIO DE HACIENDA,HACIENDA,64008
DO1005204412,MH12029,HACIENDA/11.375 BOEST 20290706 GTIA,19800000,DOP,198,8.62525516,106.887878,14/08/2026,12:09:56 PM,PRESTAMO,PRIMERA PARTE,ROTC,14/08/2026,CONFIRMADA,3283603,0,06/07/2014,06/07/2029,9.1,MINISTERIO DE HACIENDA,HACIENDA,64323
DO1005204412,MH12029,HACIENDA/11.375 BOEST 20290706 GTIA,19800000,DOP,198,8.54124148,106.542433,14/08/2026,12:09:55 PM,ESTRUCTURADA,SEGUNDA PARTE,ROTC,12/11/2026,CONFIRMADA,3283597,0,06/07/2014,06/07/2029,9.1,MINISTERIO DE HACIENDA,HACIENDA,66101
DO1005204412,MH12029,HACIENDA/11.375 BOEST 20290706 GTIA,19800000,DOP,198,8.62525516,106.887878,14/08/2026,12:09:55 PM,ESTRUCTURADA,PRIMERA PARTE,ROTC,14/08/2026,CONFIRMADA,3283597,0,06/07/2014,06/07/2029,9.1,MINISTERIO DE HACIENDA,HACIENDA,66416
DO1002261423,NO301129,BCENTRAL/9.5 BOEST 20291130 GTIA,200000,DOP,20,8.77709561,101.932053,14/08/2026,12:09:53 PM,PRESTAMO,SEGUNDA PARTE,ROTC,05/10/2026,CONFIRMADA,3283602,0,30/11/2025,30/11/2029,7.75,BANCO CENTRAL DE LA REPUBLICA DOMINICANA,BCENTRAL,62370
DO1002261423,NO301129,BCENTRAL/9.5 BOEST 20291130 GTIA,200000,DOP,20,8.740355,102.109423,14/08/2026,12:09:53 PM,PRESTAMO,PRIMERA PARTE,ROTC,14/08/2026,CONFIRMADA,3283602,0,30/11/2025,30/11/2029,7.75,BANCO CENTRAL DE LA REPUBLICA DOMINICANA,BCENTRAL,61670
DO1002261423,NO301129,BCENTRAL/9.5 BOEST 20291130 GTIA,200000,DOP,20,8.77709561,101.932053,14/08/2026,12:09:52 PM,ESTRUCTURADA,SEGUNDA PARTE,ROTC,05/10/2026,CONFIRMADA,3283598,0,30/11/2025,30/11/2029,7.75,BANCO CENTRAL DE LA REPUBLICA DOMINICANA,BCENTRAL,64463
DO1002261423,NO301129,BCENTRAL/9.5 BOEST 20291130 GTIA,200000,DOP,20,8.740355,102.109423,14/08/2026,12:09:52 PM,ESTRUCTURADA,PRIMERA PARTE,ROTC,14/08/2026,CONFIRMADA,3283598,0,30/11/2025,30/11/2029,7.75,BANCO CENTRAL DE LA REPUBLICA DOMINICANA,BCENTRAL,63763
DO2014304615,BC1DPP46,DPP/6 BO 20270817 GTIA,530,USD,530,5.000001,100.969505,14/08/2026,12:09:51 PM,CONTADO,PRIMERA PARTE,ROTC,17/08/2026,CONFIRMADA,3283599,0,17/08/2017,17/08/2027,0,"DOMINICAN POWER PARTNERS, LDC",DPP,55972
USP3579EBV85,BSDR2027,DOMINICAN Rep/5.95 BD 20270125 Se,45000,USD,45,4.05,100.815145,14/08/2026,12:09:47 PM,CONTADO,PRIMERA PARTE,ROTC,17/08/2026,CONFIRMADA,3283476,0,25/01/2017,25/01/2027,0,MINISTERIO DE HACIENDA,HACIENDA,61341
DO1002223621,NO150127,BCENTRAL/8 BOEST 20270115 GTIA,10000,DOP,1,7.300175,100.273626,14/08/2026,12:08:45 PM,CONTADO,PRIMERA PARTE,ROTC,14/08/2026,CONFIRMADA,3283601,0,15/01/2022,15/01/2027,0,BANCO CENTRAL DE LA REPUBLICA DOMINICANA,BCENTRAL,59549
DO1002261928,LE090427,BCENTRAL/ LT 20270409 GTIA,1060000,DOP,106,32.4087,95.037699,14/08/2026,12:08:07 PM,PLAZO,PRIMERA PARTE,ROTC,10/02/2027,CONFIRMADA,3282987,0,09/04/2026,09/04/2027,0,BANCO CENTRAL DE LA REPUBLICA DOMINICANA,BCENTRAL,57617
DO1002261928,LE090427,BCENTRAL/ LT 20270409 GTIA,1060000,DOP,106,32.4087,95.037699,14/08/2026,12:08:06 PM,PRESTAMO,SEGUNDA PARTE,ROTC,10/02/2027,CONFIRMADA,3282986,0,09/04/2026,09/04/2027,0.737027,BANCO CENTRAL DE LA REPUBLICA DOMINICANA,BCENTRAL,59150
DO1002261928,LE090427,BCENTRAL/ LT 20270409 GTIA,1060000,DOP,106,25.4231,94.337245,14/08/2026,12:08:06 PM,PRESTAMO,PRIMERA PARTE,ROTC,14/01/2027,CONFIRMADA,3282986,0,09/04/2026,09/04/2027,0.737027,BANCO CENTRAL DE LA REPUBLICA DOMINICANA,BCENTRAL,59108
DO1002261928,LE090427,BCENTRAL/ LT 20270409 GTIA,1060000,DOP,106,25.4231,94.337245,14/08/2026,12:08:05 PM,PLAZO,PRIMERA PARTE,ROTC,14/01/2027,CONFIRMADA,3282985,0,09/04/2026,09/04/2027,0,BANCO CENTRAL DE LA REPUBLICA DOMINICANA,BCENTRAL,57498
DO1002261928,LE090427,BCENTRAL/ LT 20270409 GTIA,1060000,DOP,106,21.6281,95.141471,14/08/2026,12:08:04 PM,PLAZO,PRIMERA PARTE,ROTC,14/01/2027,CONFIRMADA,3282984,0,09/04/2026,09/04/2027,0,BANCO CENTRAL DE LA REPUBLICA DOMINICANA,BCENTRAL,57477
DO1002261928,LE090427,BCENTRAL/ LT 20270409 GTIA,1060000,DOP,106,21.6281,95.141471,14/08/2026,12:08:03 PM,PRESTAMO,SEGUNDA PARTE,ROTC,14/01/2027,CONFIRMADA,3282983,0,09/04/2026,09/04/2027,0.845294,BANCO CENTRAL DE LA REPUBLICA DOMINICANA,BCENTRAL,59010
DO1002261928,LE090427,BCENTRAL/ LT 20270409 GTIA,1060000,DOP,106,18.629,94.337245,14/08/2026,12:08:03 PM,PRESTAMO,PRIMERA PARTE,ROTC,14/12/2026,CONFIRMADA,3282983,0,09/04/2026,09/04/2027,0.845294,BANCO CENTRAL DE LA REPUBLICA DOMINICANA,BCENTRAL,58821
DO1002261928,LE090427,BCENTRAL/ LT 20270409 GTIA,1060000,DOP,106,18.629,94.337245,14/08/2026,12:08:02 PM,PLAZO,PRIMERA PARTE,ROTC,14/12/2026,CONFIRMADA,3282982,0,09/04/2026,09/04/2027,0,BANCO CENTRAL DE LA REPUBLICA DOMINICANA,BCENTRAL,57211
DO1002261928,LE090427,BCENTRAL/ LT 20270409 GTIA,1060000,DOP,106,15.8482,95.141471,14/08/2026,12:08:01 PM,PLAZO,PRIMERA PARTE,ROTC,14/12/2026,CONFIRMADA,3282981,0,09/04/2026,09/04/2027,0,BANCO CENTRAL DE LA REPUBLICA DOMINICANA,BCENTRAL,57519
DO1002261928,LE090427,BCENTRAL/ LT 20270409 GTIA,1060000,DOP,106,15.8482,95.141471,14/08/2026,12:08:00 PM,PRESTAMO,SEGUNDA PARTE,ROTC,14/12/2026,CONFIRMADA,3282980,0,09/04/2026,09/04/2027,0.845294,BANCO CENTRAL DE LA REPUBLICA DOMINICANA,BCENTRAL,59052
DO1002261928,LE090427,BCENTRAL/ LT 20270409 GTIA,1060000,DOP,106,14.7004,94.337245,14/08/2026,12:08:00 PM,PRESTAMO,PRIMERA PARTE,ROTC,13/11/2026,CONFIRMADA,3282980,0,09/04/2026,09/04/2027,0.845294,BANCO CENTRAL DE LA REPUBLICA DOMINICANA,BCENTRAL,59052
DO1002261928,LE090427,BCENTRAL/ LT 20270409 GTIA,1060000,DOP,106,14.7004,94.337245,14/08/2026,12:07:59 PM,PLAZO,PRIMERA PARTE,ROTC,13/11/2026,CONFIRMADA,3282979,0,09/04/2026,09/04/2027,0,BANCO CENTRAL DE LA REPUBLICA DOMINICANA,BCENTRAL,57540
DO1002261928,LE090427,BCENTRAL/ LT 20270409 GTIA,1060000,DOP,106,12.5763,95.115527,14/08/2026,12:07:58 PM,PLAZO,PRIMERA PARTE,ROTC,13/11/2026,CONFIRMADA,3282978,0,09/04/2026,09/04/2027,0,BANCO CENTRAL DE LA REPUBLICA DOMINICANA,BCENTRAL,57575
DO1002261928,LE090427,BCENTRAL/ LT 20270409 GTIA,1060000,DOP,106,12.5763,95.115527,14/08/2026,12:07:56 PM,PRESTAMO,SEGUNDA PARTE,ROTC,13/11/2026,CONFIRMADA,3282977,0,09/04/2026,09/04/2027,0.818249,BANCO CENTRAL DE LA REPUBLICA DOMINICANA,BCENTRAL,59101
DO1002261928,LE090427,BCENTRAL/ LT 20270409 GTIA,1060000,DOP,106,12.2088,94.337245,14/08/2026,12:07:56 PM,PRESTAMO,PRIMERA PARTE,ROTC,14/10/2026,CONFIRMADA,3282977,0,09/04/2026,09/04/2027,0.818249,BANCO CENTRAL DE LA REPUBLICA DOMINICANA,BCENTRAL,59157
DO1002261928,LE090427,BCENTRAL/ LT 20270409 GTIA,1060000,DOP,106,12.2088,94.337245,14/08/2026,12:07:55 PM,PLAZO,PRIMERA PARTE,ROTC,14/10/2026,CONFIRMADA,3282976,0,09/04/2026,09/04/2027,0,BANCO CENTRAL DE LA REPUBLICA DOMINICANA,BCENTRAL,57547
DO1002261928,LE090427,BCENTRAL/ LT 20270409 GTIA,740000,DOP,74,8.5155,96.025061,14/08/2026,12:07:54 PM,PLAZO,PRIMERA PARTE,ROTC,16/10/2026,CONFIRMADA,3282975,0,09/04/2026,09/04/2027,0,BANCO CENTRAL DE LA REPUBLICA DOMINICANA,BCENTRAL,56567
DO1002261928,LE090427,BCENTRAL/ LT 20270409 GTIA,740000,DOP,74,8.5155,96.025061,14/08/2026,12:07:53 PM,PRESTAMO,SEGUNDA PARTE,ROTC,16/10/2026,CONFIRMADA,3282974,0,09/04/2026,09/04/2027,1.502092,BANCO CENTRAL DE LA REPUBLICA DOMINICANA,BCENTRAL,58100
DO1002261928,LE090427,BCENTRAL/ LT 20270409 GTIA,740000,DOP,74,8.7742,94.582676,14/08/2026,12:07:53 PM,PRESTAMO,PRIMERA PARTE,ROTC,17/08/2026,CONFIRMADA,3282974,0,09/04/2026,09/04/2027,1.502092,BANCO CENTRAL DE LA REPUBLICA DOMINICANA,BCENTRAL,58373
DO1002261928,LE090427,BCENTRAL/ LT 20270409 GTIA,10000,DOP,1,-58.641,139.8721,14/08/2026,12:07:52 PM,PLAZO,PRIMERA PARTE,ROTC,16/10/2026,CONFIRMADA,3282972,0,09/04/2026,09/04/2027,0,BANCO CENTRAL DE LA REPUBLICA DOMINICANA,BCENTRAL,55734
DO1002261928,LE090427,BCENTRAL/ LT 20270409 GTIA,10000,DOP,1,-58.641,139.8721,14/08/2026,12:07:51 PM,PRESTAMO,SEGUNDA PARTE,ROTC,16/10/2026,CONFIRMADA,3282971,0,09/04/2026,09/04/2027,1.502087,BANCO CENTRAL DE LA REPUBLICA DOMINICANA,BCENTRAL,57267
DO1002261928,LE090427,BCENTRAL/ LT 20270409 GTIA,10000,DOP,1,-41.998,137.7711,14/08/2026,12:07:51 PM,PRESTAMO,PRIMERA PARTE,ROTC,17/08/2026,CONFIRMADA,3282971,0,09/04/2026,09/04/2027,1.502087,BANCO CENTRAL DE LA REPUBLICA DOMINICANA,BCENTRAL,57407
DO1002261928,LE090427,BCENTRAL/ LT 20270409 GTIA,1060000,DOP,106,8.8811,95.141471,14/08/2026,12:07:50 PM,PLAZO,PRIMERA PARTE,ROTC,14/09/2026,CONFIRMADA,3282969,0,09/04/2026,09/04/2027,0,BANCO CENTRAL DE LA REPUBLICA DOMINICANA,BCENTRAL,57232
DO1002261928,LE090427,BCENTRAL/ LT 20270409 GTIA,1060000,DOP,106,8.8811,95.141471,14/08/2026,12:07:49 PM,PRESTAMO,SEGUNDA PARTE,ROTC,14/09/2026,CONFIRMADA,3282968,0,09/04/2026,09/04/2027,0.845294,BANCO CENTRAL DE LA REPUBLICA DOMINICANA,BCENTRAL,58828
DO1002261928,LE090427,BCENTRAL/ LT 20270409 GTIA,1060000,DOP,106,9.0797,94.337245,14/08/2026,12:07:49 PM,PRESTAMO,PRIMERA PARTE,ROTC,14/08/2026,CONFIRMADA,3282968,0,09/04/2026,09/04/2027,0.845294,BANCO CENTRAL DE LA REPUBLICA DOMINICANA,BCENTRAL,58961
DO1002261928,LE090427,BCENTRAL/ LT 20270409 GTIA,90000,DOP,9,11.0193,94.095611,14/08/2026,12:07:48 PM,PLAZO,PRIMERA PARTE,ROTC,16/09/2026,CONFIRMADA,3282942,0,09/04/2026,09/04/2027,0,BANCO CENTRAL DE LA REPUBLICA DOMINICANA,BCENTRAL,56259
DO1002261928,LE090427,BCENTRAL/ LT 20270409 GTIA,90000,DOP,9,11.0193,94.095611,14/08/2026,12:07:46 PM,PRESTAMO,SEGUNDA PARTE,ROTC,16/09/2026,CONFIRMADA,3282941,0,09/04/2026,09/04/2027,0.748518,BANCO CENTRAL DE LA REPUBLICA DOMINICANA,BCENTRAL,57785
DO1002261928,LE090427,BCENTRAL/ LT 20270409 GTIA,90000,DOP,9,10.8404,93.391289,14/08/2026,12:07:46 PM,PRESTAMO,PRIMERA PARTE,ROTC,17/08/2026,CONFIRMADA,3282941,0,09/04/2026,09/04/2027,0.748518,BANCO CENTRAL DE LA REPUBLICA DOMINICANA,BCENTRAL,57925
DO1002261928,LE090427,BCENTRAL/ LT 20270409 GTIA,50000,DOP,5,-1.7919,101.00552,14/08/2026,12:07:45 PM,PLAZO,PRIMERA PARTE,ROTC,21/09/2026,CONFIRMADA,3282939,0,09/04/2026,09/04/2027,0,BANCO CENTRAL DE LA REPUBLICA DOMINICANA,BCENTRAL,56070
DO1002261928,LE090427,BCENTRAL/ LT 20270409 GTIA,50000,DOP,5,-1.7919,101.00552,14/08/2026,12:07:44 PM,PRESTAMO,SEGUNDA PARTE,ROTC,21/09/2026,CONFIRMADA,3282938,0,09/04/2026,09/04/2027,0.998005,BANCO CENTRAL DE LA REPUBLICA DOMINICANA,BCENTRAL,57603
DO1002261928,LE090427,BCENTRAL/ LT 20270409 GTIA,50000,DOP,5,0.0038,99.99748,14/08/2026,12:07:44 PM,PRESTAMO,PRIMERA PARTE,ROTC,14/08/2026,CONFIRMADA,3282938,0,09/04/2026,09/04/2027,0.998005,BANCO CENTRAL DE LA REPUBLICA DOMINICANA,BCENTRAL,57197
DO1005205419,MH42026,HACIENDA/11 BOEST 20261204 GTIA,10000000,DOP,100,7.0023,101.101423,14/08/2026,12:07:20 PM,PLAZO,PRIMERA PARTE,ROTC,21/08/2026,CONFIRMADA,3283556,0,04/06/2016,04/12/2026,0,MINISTERIO DE HACIENDA,HACIENDA,59129
DO1005205419,MH42026,HACIENDA/11 BOEST 20261204 GTIA,10000000,DOP,100,7.0023,101.101423,14/08/2026,12:07:19 PM,PRESTAMO,SEGUNDA PARTE,ROTC,21/08/2026,CONFIRMADA,3283554,0,04/06/2016,04/12/2026,2.214916,MINISTERIO DE HACIENDA,HACIENDA,60725
DO1005205419,MH42026,HACIENDA/11 BOEST 20261204 GTIA,10000000,DOP,100,7.0533,101.160731,14/08/2026,12:07:19 PM,PRESTAMO,PRIMERA PARTE,ROTC,14/08/2026,CONFIRMADA,3283554,0,04/06/2016,04/12/2026,2.214916,MINISTERIO DE HACIENDA,HACIENDA,60893
DO1005205419,MH42026,HACIENDA/11 BOEST 20261204 GTIA,10000000,DOP,100,7.0533,101.160731,14/08/2026,12:07:18 PM,CONTADO,PRIMERA PARTE,ROTC,14/08/2026,CONFIRMADA,3283553,0,04/06/2016,04/12/2026,0,MINISTERIO DE HACIENDA,HACIENDA,60193
DO1002261928,LE090427,BCENTRAL/ LT 20270409 GTIA,50000,DOP,5,0.0038,99.99748,14/08/2026,12:06:49 PM,CONTADO,PRIMERA PARTE,ROTC,14/08/2026,CONFIRMADA,3282937,0,09/04/2026,09/04/2027,0,BANCO CENTRAL DE LA REPUBLICA DOMINICANA,BCENTRAL,56532
USP3579EBV85,BSDR2027,DOMINICAN Rep/5.95 BD 20270125 Se,1983000,USD,1983,4.668999,100.539924,14/08/2026,12:06:17 PM,ESTRUCTURADA,SEGUNDA PARTE,ROTC,18/08/2026,CONFIRMADA,3283264,0,25/01/2017,25/01/2027,5,MINISTERIO DE HACIENDA,HACIENDA,67242
USP3579EBV85,BSDR2027,DOMINICAN Rep/5.95 BD 20270125 Se,1983000,USD,1983,4.679752,100.55,14/08/2026,12:06:17 PM,ESTRUCTURADA,PRIMERA PARTE,ROTC,14/08/2026,CONFIRMADA,3283264,0,25/01/2017,25/01/2027,5,MINISTERIO DE HACIENDA,HACIENDA,65702
DO1005204412,MH12029,HACIENDA/11.375 BOEST 20290706 GTIA,30400000,DOP,304,8.59550429,106.857593,14/08/2026,12:05:51 PM,PLAZO,PRIMERA PARTE,ROTC,31/08/2026,CONFIRMADA,3283294,0,06/07/2014,06/07/2029,0,MINISTERIO DE HACIENDA,HACIENDA,62482
DO1005204412,MH12029,HACIENDA/11.375 BOEST 20290706 GTIA,30400000,DOP,304,8.64393993,106.838862,14/08/2026,12:05:50 PM,CONTADO,PRIMERA PARTE,ROTC,14/08/2026,CONFIRMADA,3283293,0,06/07/2014,06/07/2029,0,MINISTERIO DE HACIENDA,HACIENDA,63427
DO1005208215,MHUS2029,HACIENDA/6.95 BOEST 20290626 GTIA,12000,USD,12,2.37754362,111.553648,14/08/2026,12:05:19 PM,PRESTAMO,SEGUNDA PARTE,ROTC,12/11/2026,CONFIRMADA,3283571,0,26/06/2020,26/06/2029,5,MINISTERIO DE HACIENDA,HACIENDA,62762
DO1005208215,MHUS2029,HACIENDA/6.95 BOEST 20290626 GTIA,12000,USD,12,2.63219463,111.842917,14/08/2026,12:05:19 PM,PRESTAMO,PRIMERA PARTE,ROTC,14/08/2026,CONFIRMADA,3283571,0,26/06/2020,26/06/2029,5,MINISTERIO DE HACIENDA,HACIENDA,62860
USP3579EBV85,BSDR2027,DOMINICAN Rep/5.95 BD 20270125 Se,100000,USD,100,4.8,100.543494,14/08/2026,12:05:19 PM,PRESTAMO,SEGUNDA PARTE,ROTC,20/01/2027,CONFIRMADA,3283572,0,25/01/2017,25/01/2027,0.02,MINISTERIO DE HACIENDA,HACIENDA,62132
USP3579EBV85,BSDR2027,DOMINICAN Rep/5.95 BD 20270125 Se,100000,USD,100,4.8,100.543494,14/08/2026,12:05:19 PM,PRESTAMO,PRIMERA PARTE,ROTC,14/08/2026,CONFIRMADA,3283572,0,25/01/2017,25/01/2027,0.02,MINISTERIO DE HACIENDA,HACIENDA,62258
DO1005208215,MHUS2029,HACIENDA/6.95 BOEST 20290626 GTIA,12000,USD,12,2.37754362,111.553648,14/08/2026,12:05:18 PM,ESTRUCTURADA,SEGUNDA PARTE,ROTC,12/11/2026,CONFIRMADA,3283550,0,26/06/2020,26/06/2029,5,MINISTERIO DE HACIENDA,HACIENDA,64855
DO1005208215,MHUS2029,HACIENDA/6.95 BOEST 20290626 GTIA,12000,USD,12,2.63219463,111.842917,14/08/2026,12:05:18 PM,ESTRUCTURADA,PRIMERA PARTE,ROTC,14/08/2026,CONFIRMADA,3283550,0,26/06/2020,26/06/2029,5,MINISTERIO DE HACIENDA,HACIENDA,64953
DO1005204412,MH12029,HACIENDA/11.375 BOEST 20290706 GTIA,16100000,DOP,161,8.3703858,106.957956,14/08/2026,12:05:17 PM,PRESTAMO,SEGUNDA PARTE,ROTC,12/11/2026,CONFIRMADA,3283570,0,06/07/2014,06/07/2029,9.1,MINISTERIO DE HACIENDA,HACIENDA,63658
DO1005204412,MH12029,HACIENDA/11.375 BOEST 20290706 GTIA,16100000,DOP,161,8.47079866,107.294158,14/08/2026,12:05:17 PM,PRESTAMO,PRIMERA PARTE,ROTC,14/08/2026,CONFIRMADA,3283570,0,06/07/2014,06/07/2029,9.1,MINISTERIO DE HACIENDA,HACIENDA,64127
DO1005204412,MH12029,HACIENDA/11.375 BOEST 20290706 GTIA,16100000,DOP,161,8.3703858,106.957956,14/08/2026,12:05:16 PM,ESTRUCTURADA,SEGUNDA PARTE,ROTC,12/11/2026,CONFIRMADA,3283540,0,06/07/2014,06/07/2029,9.1,MINISTERIO DE HACIENDA,HACIENDA,65751
DO1005204412,MH12029,HACIENDA/11.375 BOEST 20290706 GTIA,16100000,DOP,161,8.47079866,107.294158,14/08/2026,12:05:16 PM,ESTRUCTURADA,PRIMERA PARTE,ROTC,14/08/2026,CONFIRMADA,3283540,0,06/07/2014,06/07/2029,9.1,MINISTERIO DE HACIENDA,HACIENDA,66220
USP3579EBV85,BSDR2027,DOMINICAN Rep/5.95 BD 20270125 Se,100000,USD,100,-0.82276,100.094431,14/08/2026,12:05:15 PM,PLAZO,PRIMERA PARTE,ROTC,20/01/2027,CONFIRMADA,3283569,0,25/01/2017,25/01/2027,0,MINISTERIO DE HACIENDA,HACIENDA,62258
DO2016300124,BC1GUL01,GULFSTREAM/11.25 BO 20290528,122072,DOP,122072,11.36992813,99.717955,14/08/2026,12:05:14 PM,PRESTAMO,SEGUNDA PARTE,ROTC,14/09/2026,CONFIRMADA,3283568,0,28/05/2019,28/05/2029,7.7,GULFSTREAM PETROLEUM DOMINICANA S DE RL,GULFSTREAM,62377
DO2016300124,BC1GUL01,GULFSTREAM/11.25 BO 20290528,122072,DOP,122072,11.25004788,99.994475,14/08/2026,12:05:14 PM,PRESTAMO,PRIMERA PARTE,ROTC,14/08/2026,CONFIRMADA,3283568,0,28/05/2019,28/05/2029,7.7,GULFSTREAM PETROLEUM DOMINICANA S DE RL,GULFSTREAM,62412
DO2016300124,BC1GUL01,GULFSTREAM/11.25 BO 20290528,122072,DOP,122072,11.36992813,99.717955,14/08/2026,12:05:13 PM,ESTRUCTURADA,SEGUNDA PARTE,ROTC,14/09/2026,CONFIRMADA,3283541,0,28/05/2019,28/05/2029,7.7,GULFSTREAM PETROLEUM DOMINICANA S DE RL,GULFSTREAM,64470
DO2016300124,BC1GUL01,GULFSTREAM/11.25 BO 20290528,122072,DOP,122072,11.25004788,99.994475,14/08/2026,12:05:13 PM,ESTRUCTURADA,PRIMERA PARTE,ROTC,14/08/2026,CONFIRMADA,3283541,0,28/05/2019,28/05/2029,7.7,GULFSTREAM PETROLEUM DOMINICANA S DE RL,GULFSTREAM,64505
USP3579EBV85,BSDR2027,DOMINICAN Rep/5.95 BD 20270125 Se,100000,USD,100,4.700258,100.543494,14/08/2026,12:05:08 PM,CONTADO,PRIMERA PARTE,ROTC,14/08/2026,CONFIRMADA,3283567,0,25/01/2017,25/01/2027,0,MINISTERIO DE HACIENDA,HACIENDA,63329
DO1002223928,NO120227,BCENTRAL/8 BOEST 20270212 GTIA,650000,DOP,65,9.05,100.264214,14/08/2026,12:05:01 PM,PRESTAMO,SEGUNDA PARTE,ROTC,12/11/2026,CONFIRMADA,3283566,0,12/02/2022,12/02/2027,0.02,BANCO CENTRAL DE LA REPUBLICA DOMINICANA,BCENTRAL,59444
DO1002223928,NO120227,BCENTRAL/8 BOEST 20270212 GTIA,650000,DOP,65,9.05,100.264214,14/08/2026,12:05:01 PM,PRESTAMO,PRIMERA PARTE,ROTC,14/08/2026,CONFIRMADA,3283566,0,12/02/2022,12/02/2027,0.02,BANCO CENTRAL DE LA REPUBLICA DOMINICANA,BCENTRAL,59563
DO1002223928,NO120227,BCENTRAL/8 BOEST 20270212 GTIA,650000,DOP,65,5.606982,100.572138,14/08/2026,12:04:56 PM,PLAZO,PRIMERA PARTE,ROTC,12/11/2026,CONFIRMADA,3283563,0,12/02/2022,12/02/2027,0,BANCO CENTRAL DE LA REPUBLICA DOMINICANA,BCENTRAL,59514
DO1002223928,NO120227,BCENTRAL/8 BOEST 20270212 GTIA,650000,DOP,65,7.444351,100.264214,14/08/2026,12:04:52 PM,CONTADO,PRIMERA PARTE,ROTC,14/08/2026,CONFIRMADA,3283562,0,12/02/2022,12/02/2027,0,BANCO CENTRAL DE LA REPUBLICA DOMINICANA,BCENTRAL,60347
DO1002223928,NO120227,BCENTRAL/8 BOEST 20270212 GTIA,6500000,DOP,650,9.05,99.956522,14/08/2026,12:04:45 PM,PRESTAMO,SEGUNDA PARTE,ROTC,12/11/2026,CONFIRMADA,3283561,0,12/02/2022,12/02/2027,0.02,BANCO CENTRAL DE LA REPUBLICA DOMINICANA,BCENTRAL,60018
DO1002223928,NO120227,BCENTRAL/8 BOEST 20270212 GTIA,6500000,DOP,650,9.05,99.956522,14/08/2026,12:04:45 PM,PRESTAMO,PRIMERA PARTE,ROTC,14/08/2026,CONFIRMADA,3283561,0,12/02/2022,12/02/2027,0.02,BANCO CENTRAL DE LA REPUBLICA DOMINICANA,BCENTRAL,60137
DO1002223928,NO120227,BCENTRAL/8 BOEST 20270212 GTIA,6500000,DOP,650,6.8742,100.2575,14/08/2026,12:04:42 PM,PLAZO,PRIMERA PARTE,ROTC,12/11/2026,CONFIRMADA,3283560,0,12/02/2022,12/02/2027,0,BANCO CENTRAL DE LA REPUBLICA DOMINICANA,BCENTRAL,58695
DO1002261522,NO180130,BCENTRAL/9.5 BOEST 20300118 GTIA,5000000,DOP,500,10.25,97.863091,14/08/2026,12:04:41 PM,CONTADO,PRIMERA PARTE,ROTC,14/08/2026,CONFIRMADA,3283559,0,18/01/2026,18/01/2030,0,BANCO CENTRAL DE LA REPUBLICA DOMINICANA,BCENTRAL,60228
DO1002223928,NO120227,BCENTRAL/8 BOEST 20270212 GTIA,6500000,DOP,650,8.089666,99.956522,14/08/2026,12:04:37 PM,CONTADO,PRIMERA PARTE,ROTC,14/08/2026,CONFIRMADA,3283558,0,12/02/2022,12/02/2027,0,BANCO CENTRAL DE LA REPUBLICA DOMINICANA,BCENTRAL,60998
DO1002223928,NO120227,BCENTRAL/8 BOEST 20270212 GTIA,770000,DOP,77,9.05,100.476002,14/08/2026,12:04:27 PM,PRESTAMO,SEGUNDA PARTE,ROTC,12/11/2026,CONFIRMADA,3283557,0,12/02/2022,12/02/2027,0.02,BANCO CENTRAL DE LA REPUBLICA DOMINICANA,BCENTRAL,59535
DO1002223928,NO120227,BCENTRAL/8 BOEST 20270212 GTIA,770000,DOP,77,9.05,100.476002,14/08/2026,12:04:27 PM,PRESTAMO,PRIMERA PARTE,ROTC,14/08/2026,CONFIRMADA,3283557,0,12/02/2022,12/02/2027,0.02,BANCO CENTRAL DE LA REPUBLICA DOMINICANA,BCENTRAL,59654
DO1002223928,NO120227,BCENTRAL/8 BOEST 20270212 GTIA,770000,DOP,77,4.74149,100.788708,14/08/2026,12:04:23 PM,PLAZO,PRIMERA PARTE,ROTC,12/11/2026,CONFIRMADA,3283555,0,12/02/2022,12/02/2027,0,BANCO CENTRAL DE LA REPUBLICA DOMINICANA,BCENTRAL,59213
DO1002223928,NO120227,BCENTRAL/8 BOEST 20270212 GTIA,770000,DOP,77,7.002482,100.476002,14/08/2026,12:04:18 PM,CONTADO,PRIMERA PARTE,ROTC,14/08/2026,CONFIRMADA,3283552,0,12/02/2022,12/02/2027,0,BANCO CENTRAL DE LA REPUBLICA DOMINICANA,BCENTRAL,60368
DO1002223928,NO120227,BCENTRAL/8 BOEST 20270212 GTIA,5020000,DOP,502,8.9,99.558116,14/08/2026,12:04:12 PM,PRESTAMO,SEGUNDA PARTE,ROTC,13/01/2027,CONFIRMADA,3283551,0,12/02/2022,12/02/2027,0.02,BANCO CENTRAL DE LA REPUBLICA DOMINICANA,BCENTRAL,59591
DO1002223928,NO120227,BCENTRAL/8 BOEST 20270212 GTIA,5020000,DOP,502,8.9,99.558116,14/08/2026,12:04:12 PM,PRESTAMO,PRIMERA PARTE,ROTC,14/08/2026,CONFIRMADA,3283551,0,12/02/2022,12/02/2027,0.02,BANCO CENTRAL DE LA REPUBLICA DOMINICANA,BCENTRAL,59703
DO1002223928,NO120227,BCENTRAL/8 BOEST 20270212 GTIA,5020000,DOP,502,8.013394,99.988164,14/08/2026,12:04:08 PM,PLAZO,PRIMERA PARTE,ROTC,13/01/2027,CONFIRMADA,3283549,0,12/02/2022,12/02/2027,0,BANCO CENTRAL DE LA REPUBLICA DOMINICANA,BCENTRAL,59913
DO1002223928,NO120227,BCENTRAL/8 BOEST 20270212 GTIA,5020000,DOP,502,8.931189,99.558116,14/08/2026,12:04:04 PM,CONTADO,PRIMERA PARTE,ROTC,14/08/2026,CONFIRMADA,3283547,0,12/02/2022,12/02/2027,0,BANCO CENTRAL DE LA REPUBLICA DOMINICANA,BCENTRAL,60851
USP3579ECG00,BSRD2060,DOMINICAN REP/5.875 BD 20600130 U,1000000,USD,1000,0,85.5327,14/08/2026,12:04:03 PM,CONTADO,PRIMERA PARTE,MHRD,14/08/2026,CONFIRMADA,3283546,0,30/01/2020,30/01/2060,0,MINISTERIO DE HACIENDA,HACIENDA,59318
USP3579ECE51,BSRD2049,"DOMINICAN, REP /6.4 BD 20490605",2000000,USD,2000,0,94.2831,14/08/2026,12:04:03 PM,CONTADO,PRIMERA PARTE,MHRD,14/08/2026,CONFIRMADA,3283548,0,05/06/2019,05/06/2049,0,MINISTERIO DE HACIENDA,HACIENDA,58422
DO1002261928,LE090427,BCENTRAL/ LT 20270409 GTIA,3600000,DOP,360,9.0113,94.444444,14/08/2026,12:02:28 PM,CONTADO,PRIMERA PARTE,ROTC,17/08/2026,CONFIRMADA,3282873,0,09/04/2026,09/04/2027,0,BANCO CENTRAL DE LA REPUBLICA DOMINICANA,BCENTRAL,58135
DO1002261928,LE090427,BCENTRAL/ LT 20270409 GTIA,2360000,DOP,236,8.7686,94.520619,14/08/2026,12:02:04 PM,CONTADO,PRIMERA PARTE,ROTC,14/08/2026,CONFIRMADA,3282856,0,09/04/2026,09/04/2027,0,BANCO CENTRAL DE LA REPUBLICA DOMINICANA,BCENTRAL,58240
DO1002227721,NO111226,BCENTRAL/9 BOEST 20261211 GTIA,1400000,DOP,140,9.17,99.900763,14/08/2026,12:01:35 PM,CONTADO,PRIMERA PARTE,ROTC,14/08/2026,CONFIRMADA,3283271,0,11/12/2023,11/12/2026,0,BANCO CENTRAL DE LA REPUBLICA DOMINICANA,BCENTRAL,59283
DO1002261928,LE090427,BCENTRAL/ LT 20270409 GTIA,740000,DOP,74,8.7742,94.582676,14/08/2026,12:01:23 PM,CONTADO,PRIMERA PARTE,ROTC,17/08/2026,CONFIRMADA,3282973,0,09/04/2026,09/04/2027,0,BANCO CENTRAL DE LA REPUBLICA DOMINICANA,BCENTRAL,57617
DO1002261928,LE090427,BCENTRAL/ LT 20270409 GTIA,90000,DOP,9,10.8404,93.391289,14/08/2026,12:00:59 PM,CONTADO,PRIMERA PARTE,ROTC,17/08/2026,CONFIRMADA,3282940,0,09/04/2026,09/04/2027,0,BANCO CENTRAL DE LA REPUBLICA DOMINICANA,BCENTRAL,57211
DO1002223324,NO271126,BCENTRAL/6.5 BOEST 20261127 GTIA,2200000,DOP,220,9.14,99.230419,14/08/2026,12:00:51 PM,CONTADO,PRIMERA PARTE,ROTC,14/08/2026,CONFIRMADA,3283272,0,27/11/2021,27/11/2026,0,BANCO CENTRAL DE LA REPUBLICA DOMINICANA,BCENTRAL,59906
DO1002261928,LE090427,BCENTRAL/ LT 20270409 GTIA,1060000,DOP,106,9.0797,94.337245,14/08/2026,12:00:37 PM,CONTADO,PRIMERA PARTE,ROTC,14/08/2026,CONFIRMADA,3282967,0,09/04/2026,09/04/2027,0,BANCO CENTRAL DE LA REPUBLICA DOMINICANA,BCENTRAL,58198
DO1002228729,NO030328,BCENTRAL/9.5 BOEST 20280303 GTIA,1870000,DOP,187,9.7,99.709605,14/08/2026,11:59:52 AM,CONTADO,PRIMERA PARTE,ROTC,17/08/2026,CONFIRMADA,3283475,0,03/03/2025,03/03/2028,0,BANCO CENTRAL DE LA REPUBLICA DOMINICANA,BCENTRAL,59899
DO1002261522,NO180130,BCENTRAL/9.5 BOEST 20300118 GTIA,3950000,DOP,395,9.3,100.562136,14/08/2026,11:58:38 AM,CONTADO,PRIMERA PARTE,ROTC,14/08/2026,CONFIRMADA,3283539,0,18/01/2026,18/01/2030,0,BANCO CENTRAL DE LA REPUBLICA DOMINICANA,BCENTRAL,59948
USP3579EBV85,BSDR2027,DOMINICAN Rep/5.95 BD 20270125 Se,45000,USD,45,4.05,100.815145,14/08/2026,11:58:24 AM,CONTADO,PRIMERA PARTE,ROTC,17/08/2026,CONFIRMADA,3283533,0,25/01/2017,25/01/2027,0,MINISTERIO DE HACIENDA,HACIENDA,61222
DO1002261928,LE090427,BCENTRAL/ LT 20270409 GTIA,10000,DOP,1,-41.998,137.7711,14/08/2026,11:57:56 AM,CONTADO,PRIMERA PARTE,ROTC,17/08/2026,CONFIRMADA,3282970,0,09/04/2026,09/04/2027,0,BANCO CENTRAL DE LA REPUBLICA DOMINICANA,BCENTRAL,56672
DO1002228729,NO030328,BCENTRAL/9.5 BOEST 20280303 GTIA,1870000,DOP,187,9.7,99.709605,14/08/2026,11:57:45 AM,CONTADO,PRIMERA PARTE,ROTC,17/08/2026,CONFIRMADA,3283534,0,03/03/2025,03/03/2028,0,BANCO CENTRAL DE LA REPUBLICA DOMINICANA,BCENTRAL,59899
DO1002261928,LE090427,BCENTRAL/ LT 20270409 GTIA,30000,DOP,3,-11.288,107.955267,14/08/2026,11:57:36 AM,CONTADO,PRIMERA PARTE,ROTC,17/08/2026,CONFIRMADA,3282912,0,09/04/2026,09/04/2027,0,BANCO CENTRAL DE LA REPUBLICA DOMINICANA,BCENTRAL,57386
DO1002261928,LE090427,BCENTRAL/ LT 20270409 GTIA,1940000,DOP,194,9.0479,94.355922,14/08/2026,11:57:04 AM,CONTADO,PRIMERA PARTE,ROTC,14/08/2026,CONFIRMADA,3282909,0,09/04/2026,09/04/2027,0,BANCO CENTRAL DE LA REPUBLICA DOMINICANA,BCENTRAL,58219
DO1005206516,MH32028,HACIENDA/10.75 BOEST 20280811 GTIA,2300000,DOP,23,8.2717,103.930539,14/08/2026,11:56:47 AM,PRESTAMO,SEGUNDA PARTE,ROTC,11/11/2026,CONFIRMADA,3283316,0,10/08/2018,11/08/2028,10.75,MINISTERIO DE HACIENDA,HACIENDA,61320
DO1005206516,MH32028,HACIENDA/10.75 BOEST 20280811 GTIA,2300000,DOP,23,8.39851,104.230032,14/08/2026,11:56:47 AM,PRESTAMO,PRIMERA PARTE,ROTC,14/08/2026,CONFIRMADA,3283316,0,10/08/2018,11/08/2028,10.75,MINISTERIO DE HACIENDA,HACIENDA,61719
DO1002261928,LE090427,BCENTRAL/ LT 20270409 GTIA,110000,DOP,11,12.4934,92.370645,14/08/2026,11:56:37 AM,CONTADO,PRIMERA PARTE,ROTC,14/08/2026,CONFIRMADA,3282906,0,09/04/2026,09/04/2027,0,BANCO CENTRAL DE LA REPUBLICA DOMINICANA,BCENTRAL,57687
DO1002261829,NO010330,BCENTRAL/9.5 BOEST 20300301 GTIA,1440000,DOP,144,9.5,99.990212,14/08/2026,11:56:29 AM,CONTADO,PRIMERA PARTE,ROTC,14/08/2026,CONFIRMADA,3283532,0,01/03/2026,01/03/2030,0,BANCO CENTRAL DE LA REPUBLICA DOMINICANA,BCENTRAL,59605
DO1005206516,MH32028,HACIENDA/10.75 BOEST 20280811 GTIA,2300000,DOP,23,8.2717,103.930539,14/08/2026,11:56:21 AM,ESTRUCTURADA,SEGUNDA PARTE,ROTC,11/11/2026,CONFIRMADA,3283315,0,10/08/2018,11/08/2028,10.75,MINISTERIO DE HACIENDA,HACIENDA,63364
DO1005206516,MH32028,HACIENDA/10.75 BOEST 20280811 GTIA,2300000,DOP,23,8.39851,104.230032,14/08/2026,11:56:21 AM,ESTRUCTURADA,PRIMERA PARTE,ROTC,14/08/2026,CONFIRMADA,3283315,0,10/08/2018,11/08/2028,10.75,MINISTERIO DE HACIENDA,HACIENDA,63763
DO1002261928,LE090427,BCENTRAL/ LT 20270409 GTIA,1200000,DOP,120,8.9694,94.402157,14/08/2026,11:56:09 AM,CONTADO,PRIMERA PARTE,ROTC,14/08/2026,CONFIRMADA,3282851,0,09/04/2026,09/04/2027,0,BANCO CENTRAL DE LA REPUBLICA DOMINICANA,BCENTRAL,58093
DO1002261928,LE090427,BCENTRAL/ LT 20270409 GTIA,40000,DOP,4,-7.9855,105.47475,14/08/2026,11:55:43 AM,CONTADO,PRIMERA PARTE,ROTC,18/08/2026,CONFIRMADA,3282876,0,09/04/2026,09/04/2027,0,BANCO CENTRAL DE LA REPUBLICA DOMINICANA,BCENTRAL,57078
DO1005213421,MH22035,HACIENDA/10.5 BOEST 20350510 GTIA,3400000,DOP,34,8.9725,109.079851,14/08/2026,11:55:42 AM,CONTADO,PRIMERA PARTE,ROTC,14/08/2026,CONFIRMADA,3283474,0,10/05/2024,10/05/2035,0,MINISTERIO DE HACIENDA,HACIENDA,60333
DO1002261928,LE090427,BCENTRAL/ LT 20270409 GTIA,270000,DOP,27,5.5293,97.777363,14/08/2026,11:55:18 AM,PLAZO,PRIMERA PARTE,ROTC,12/11/2026,CONFIRMADA,3282850,0,09/04/2026,09/04/2027,0,BANCO CENTRAL DE LA REPUBLICA DOMINICANA,BCENTRAL,56567
DO1002261928,LE090427,BCENTRAL/ LT 20270409 GTIA,270000,DOP,27,5.5293,97.777363,14/08/2026,11:55:17 AM,PRESTAMO,SEGUNDA PARTE,ROTC,12/11/2026,CONFIRMADA,3282849,0,09/04/2026,09/04/2027,2.379503,BANCO CENTRAL DE LA REPUBLICA DOMINICANA,BCENTRAL,58100
DO1002261928,LE090427,BCENTRAL/ LT 20270409 GTIA,270000,DOP,27,7.2092,95.450748,14/08/2026,11:55:17 AM,PRESTAMO,PRIMERA PARTE,ROTC,14/08/2026,CONFIRMADA,3282849,0,09/04/2026,09/04/2027,2.379503,BANCO CENTRAL DE LA REPUBLICA DOMINICANA,BCENTRAL,58142
DO1005207118,MHUS2026,HACIENDA/6.65 BOEST 20261227 GTIA,2000,USD,2,-71.921,141.7685,14/08/2026,11:55:15 AM,PLAZO,PRIMERA PARTE,ROTC,13/10/2026,CONFIRMADA,3282847,0,27/12/2019,27/12/2026,0,MINISTERIO DE HACIENDA,HACIENDA,58513
DO1005207118,MHUS2026,HACIENDA/6.65 BOEST 20261227 GTIA,2000,USD,2,-71.921,141.7685,14/08/2026,11:55:14 AM,PRESTAMO,SEGUNDA PARTE,ROTC,13/10/2026,CONFIRMADA,3282846,0,27/12/2019,27/12/2026,1.303431,MINISTERIO DE HACIENDA,HACIENDA,60046
DO1005207118,MHUS2026,HACIENDA/6.65 BOEST 20261227 GTIA,2000,USD,2,-70.921,141.8625,14/08/2026,11:55:14 AM,PRESTAMO,PRIMERA PARTE,ROTC,14/08/2026,CONFIRMADA,3282846,0,27/12/2019,27/12/2026,1.303431,MINISTERIO DE HACIENDA,HACIENDA,60123
DO1005208322,MHUS2040,HACIENDA/6.75 BOEST 20400724 GTIA,3000,USD,3,4.3102,125.145,14/08/2026,11:55:13 AM,PLAZO,PRIMERA PARTE,ROTC,13/10/2026,CONFIRMADA,3282844,0,24/07/2020,24/07/2040,0,MINISTERIO DE HACIENDA,HACIENDA,57638
DO1005208322,MHUS2040,HACIENDA/6.75 BOEST 20400724 GTIA,3000,USD,3,4.3102,125.145,14/08/2026,11:55:12 AM,PRESTAMO,SEGUNDA PARTE,ROTC,13/10/2026,CONFIRMADA,3282843,0,24/07/2020,24/07/2040,1.032434,MINISTERIO DE HACIENDA,HACIENDA,59171
DO1005208322,MHUS2040,HACIENDA/6.75 BOEST 20400724 GTIA,3000,USD,3,4.3144,125.319,14/08/2026,11:55:12 AM,PRESTAMO,PRIMERA PARTE,ROTC,14/08/2026,CONFIRMADA,3282843,0,24/07/2020,24/07/2040,1.032434,MINISTERIO DE HACIENDA,HACIENDA,59353
DO1002261928,LE090427,BCENTRAL/ LT 20270409 GTIA,220000,DOP,22,5.7384,97.695264,14/08/2026,11:55:11 AM,PLAZO,PRIMERA PARTE,ROTC,12/11/2026,CONFIRMADA,3282841,0,09/04/2026,09/04/2027,0,BANCO CENTRAL DE LA REPUBLICA DOMINICANA,BCENTRAL,56462
DO1002261928,LE090427,BCENTRAL/ LT 20270409 GTIA,220000,DOP,22,5.7384,97.695264,14/08/2026,11:55:10 AM,PRESTAMO,SEGUNDA PARTE,ROTC,12/11/2026,CONFIRMADA,3282840,0,09/04/2026,09/04/2027,2.29604,BANCO CENTRAL DE LA REPUBLICA DOMINICANA,BCENTRAL,57995
DO1002261928,LE090427,BCENTRAL/ LT 20270409 GTIA,220000,DOP,22,7.2069,95.452141,14/08/2026,11:55:10 AM,PRESTAMO,PRIMERA PARTE,ROTC,14/08/2026,CONFIRMADA,3282840,0,09/04/2026,09/04/2027,2.29604,BANCO CENTRAL DE LA REPUBLICA DOMINICANA,BCENTRAL,57974
DO1002261928,LE090427,BCENTRAL/ LT 20270409 GTIA,5380000,DOP,538,33.6435,95.280684,14/08/2026,11:55:09 AM,PLAZO,PRIMERA PARTE,ROTC,15/02/2027,CONFIRMADA,3282814,0,09/04/2026,09/04/2027,0,BANCO CENTRAL DE LA REPUBLICA DOMINICANA,BCENTRAL,57652
DO1002261928,LE090427,BCENTRAL/ LT 20270409 GTIA,5380000,DOP,538,33.6435,95.280684,14/08/2026,11:55:08 AM,PRESTAMO,SEGUNDA PARTE,ROTC,15/02/2027,CONFIRMADA,3282813,0,09/04/2026,09/04/2027,0.832593,BANCO CENTRAL DE LA REPUBLICA DOMINICANA,BCENTRAL,59185
DO1002261928,LE090427,BCENTRAL/ LT 20270409 GTIA,5380000,DOP,538,25.0039,94.487384,14/08/2026,11:55:08 AM,PRESTAMO,PRIMERA PARTE,ROTC,15/01/2027,CONFIRMADA,3282813,0,09/04/2026,09/04/2027,0.832593,BANCO CENTRAL DE LA REPUBLICA DOMINICANA,BCENTRAL,59241
DO1002261928,LE090427,BCENTRAL/ LT 20270409 GTIA,5380000,DOP,538,25.0039,94.487384,14/08/2026,11:55:06 AM,PLAZO,PRIMERA PARTE,ROTC,15/01/2027,CONFIRMADA,3282812,0,09/04/2026,09/04/2027,0,BANCO CENTRAL DE LA REPUBLICA DOMINICANA,BCENTRAL,57624
DO1002261928,LE090427,BCENTRAL/ LT 20270409 GTIA,5380000,DOP,538,21.4692,95.229504,14/08/2026,11:55:05 AM,PLAZO,PRIMERA PARTE,ROTC,15/01/2027,CONFIRMADA,3282811,0,09/04/2026,09/04/2027,0,BANCO CENTRAL DE LA REPUBLICA DOMINICANA,BCENTRAL,57575
DO1002261928,LE090427,BCENTRAL/ LT 20270409 GTIA,5380000,DOP,538,21.4692,95.229504,14/08/2026,11:55:04 AM,PRESTAMO,SEGUNDA PARTE,ROTC,15/01/2027,CONFIRMADA,3282809,0,09/04/2026,09/04/2027,0.779296,BANCO CENTRAL DE LA REPUBLICA DOMINICANA,BCENTRAL,59108
DO1002261928,LE090427,BCENTRAL/ LT 20270409 GTIA,5380000,DOP,538,18.5869,94.487384,14/08/2026,11:55:04 AM,PRESTAMO,PRIMERA PARTE,ROTC,17/12/2026,CONFIRMADA,3282809,0,09/04/2026,09/04/2027,0.779296,BANCO CENTRAL DE LA REPUBLICA DOMINICANA,BCENTRAL,59360
DO1002261928,LE090427,BCENTRAL/ LT 20270409 GTIA,5380000,DOP,538,18.5869,94.487384,14/08/2026,11:55:03 AM,PLAZO,PRIMERA PARTE,ROTC,17/12/2026,CONFIRMADA,3282808,0,09/04/2026,09/04/2027,0,BANCO CENTRAL DE LA REPUBLICA DOMINICANA,BCENTRAL,57750
DO1002261928,LE090427,BCENTRAL/ LT 20270409 GTIA,5380000,DOP,538,15.8695,95.255094,14/08/2026,11:55:02 AM,PLAZO,PRIMERA PARTE,ROTC,17/12/2026,CONFIRMADA,3282807,0,09/04/2026,09/04/2027,0,BANCO CENTRAL DE LA REPUBLICA DOMINICANA,BCENTRAL,57666
DO1002261928,LE090427,BCENTRAL/ LT 20270409 GTIA,5380000,DOP,538,15.8695,95.255094,14/08/2026,11:55:01 AM,PRESTAMO,SEGUNDA PARTE,ROTC,17/12/2026,CONFIRMADA,3282806,0,09/04/2026,09/04/2027,0.805951,BANCO CENTRAL DE LA REPUBLICA DOMINICANA,BCENTRAL,59199
DO1002261928,LE090427,BCENTRAL/ LT 20270409 GTIA,5380000,DOP,538,14.6876,94.487384,14/08/2026,11:55:01 AM,PRESTAMO,PRIMERA PARTE,ROTC,17/11/2026,CONFIRMADA,3282806,0,09/04/2026,09/04/2027,0.805951,BANCO CENTRAL DE LA REPUBLICA DOMINICANA,BCENTRAL,59297
DO1002261928,LE090427,BCENTRAL/ LT 20270409 GTIA,5380000,DOP,538,14.6876,94.487384,14/08/2026,11:55:00 AM,PLAZO,PRIMERA PARTE,ROTC,17/11/2026,CONFIRMADA,3282805,0,09/04/2026,09/04/2027,0,BANCO CENTRAL DE LA REPUBLICA DOMINICANA,BCENTRAL,57687
DO1002261928,LE090427,BCENTRAL/ LT 20270409 GTIA,5380000,DOP,538,12.3983,95.306275,14/08/2026,11:54:59 AM,PLAZO,PRIMERA PARTE,ROTC,17/11/2026,CONFIRMADA,3282804,0,09/04/2026,09/04/2027,0,BANCO CENTRAL DE LA REPUBLICA DOMINICANA,BCENTRAL,57666
DO1002261928,LE090427,BCENTRAL/ LT 20270409 GTIA,5380000,DOP,538,12.3983,95.306275,14/08/2026,11:54:58 AM,PRESTAMO,SEGUNDA PARTE,ROTC,17/11/2026,CONFIRMADA,3282803,0,09/04/2026,09/04/2027,0.85922,BANCO CENTRAL DE LA REPUBLICA DOMINICANA,BCENTRAL,59199
DO1002261928,LE090427,BCENTRAL/ LT 20270409 GTIA,5380000,DOP,538,12.0019,94.487384,14/08/2026,11:54:58 AM,PRESTAMO,PRIMERA PARTE,ROTC,16/10/2026,CONFIRMADA,3282803,0,09/04/2026,09/04/2027,0.85922,BANCO CENTRAL DE LA REPUBLICA DOMINICANA,BCENTRAL,59227
DO1002261928,LE090427,BCENTRAL/ LT 20270409 GTIA,5380000,DOP,538,12.0019,94.487384,14/08/2026,11:54:57 AM,PLAZO,PRIMERA PARTE,ROTC,16/10/2026,CONFIRMADA,3282802,0,09/04/2026,09/04/2027,0,BANCO CENTRAL DE LA REPUBLICA DOMINICANA,BCENTRAL,57617
DO1002261928,LE090427,BCENTRAL/ LT 20270409 GTIA,13770000,DOP,1377,39.6662,94.482459,14/08/2026,11:54:25 AM,PRESTAMO,SEGUNDA PARTE,ROTC,15/02/2027,CONFIRMADA,3282791,0,09/04/2026,09/04/2027,0.081184,BANCO CENTRAL DE LA REPUBLICA DOMINICANA,BCENTRAL,59948
DO1002261928,LE090427,BCENTRAL/ LT 20270409 GTIA,13770000,DOP,1377,38.0941,94.405755,14/08/2026,11:54:25 AM,PRESTAMO,PRIMERA PARTE,ROTC,12/02/2027,CONFIRMADA,3282791,0,09/04/2026,09/04/2027,0.081184,BANCO CENTRAL DE LA REPUBLICA DOMINICANA,BCENTRAL,59899
DO1002261928,LE090427,BCENTRAL/ LT 20270409 GTIA,13770000,DOP,1377,39.6662,94.482459,14/08/2026,11:54:24 AM,PLAZO,PRIMERA PARTE,ROTC,15/02/2027,CONFIRMADA,3282792,0,09/04/2026,09/04/2027,0,BANCO CENTRAL DE LA REPUBLICA DOMINICANA,BCENTRAL,58401
DO1002261928,LE090427,BCENTRAL/ LT 20270409 GTIA,5380000,DOP,538,8.7407,95.280684,14/08/2026,11:54:23 AM,PRESTAMO,SEGUNDA PARTE,ROTC,17/09/2026,CONFIRMADA,3282794,0,09/04/2026,09/04/2027,0.832593,BANCO CENTRAL DE LA REPUBLICA DOMINICANA,BCENTRAL,58891
DO1002261928,LE090427,BCENTRAL/ LT 20270409 GTIA,5380000,DOP,538,8.9376,94.487384,14/08/2026,11:54:23 AM,PRESTAMO,PRIMERA PARTE,ROTC,17/08/2026,CONFIRMADA,3282794,0,09/04/2026,09/04/2027,0.832593,BANCO CENTRAL DE LA REPUBLICA DOMINICANA,BCENTRAL,59031
DO1002261928,LE090427,BCENTRAL/ LT 20270409 GTIA,5380000,DOP,538,8.7407,95.280684,14/08/2026,11:54:21 AM,PLAZO,PRIMERA PARTE,ROTC,17/09/2026,CONFIRMADA,3282795,0,09/04/2026,09/04/2027,0,BANCO CENTRAL DE LA REPUBLICA DOMINICANA,BCENTRAL,57337
DO1002261928,LE090427,BCENTRAL/ LT 20270409 GTIA,5380000,DOP,538,10.2957,94.487384,14/08/2026,11:54:20 AM,PLAZO,PRIMERA PARTE,ROTC,17/09/2026,CONFIRMADA,3282797,0,09/04/2026,09/04/2027,0,BANCO CENTRAL DE LA REPUBLICA DOMINICANA,BCENTRAL,57687
DO1002261928,LE090427,BCENTRAL/ LT 20270409 GTIA,5380000,DOP,538,10.3052,95.229504,14/08/2026,11:54:19 AM,PRESTAMO,SEGUNDA PARTE,ROTC,16/10/2026,CONFIRMADA,3282798,0,09/04/2026,09/04/2027,0.779296,BANCO CENTRAL DE LA REPUBLICA DOMINICANA,BCENTRAL,59052
DO1002261928,LE090427,BCENTRAL/ LT 20270409 GTIA,5380000,DOP,538,10.2957,94.487384,14/08/2026,11:54:19 AM,PRESTAMO,PRIMERA PARTE,ROTC,17/09/2026,CONFIRMADA,3282798,0,09/04/2026,09/04/2027,0.779296,BANCO CENTRAL DE LA REPUBLICA DOMINICANA,BCENTRAL,59346
DO1002261928,LE090427,BCENTRAL/ LT 20270409 GTIA,5380000,DOP,538,10.3052,95.229504,14/08/2026,11:54:17 AM,PLAZO,PRIMERA PARTE,ROTC,16/10/2026,CONFIRMADA,3282801,0,09/04/2026,09/04/2027,0,BANCO CENTRAL DE LA REPUBLICA DOMINICANA,BCENTRAL,57498
DO1002261928,LE090427,BCENTRAL/ LT 20270409 GTIA,13770000,DOP,1377,15.6532,95.19837,14/08/2026,11:54:05 AM,PRESTAMO,SEGUNDA PARTE,ROTC,14/12/2026,CONFIRMADA,3282781,0,09/04/2026,09/04/2027,0.832593,BANCO CENTRAL DE LA REPUBLICA DOMINICANA,BCENTRAL,59500
DO1002261928,LE090427,BCENTRAL/ LT 20270409 GTIA,13770000,DOP,1377,14.512,94.405755,14/08/2026,11:54:05 AM,PRESTAMO,PRIMERA PARTE,ROTC,13/11/2026,CONFIRMADA,3282781,0,09/04/2026,09/04/2027,0.832593,BANCO CENTRAL DE LA REPUBLICA DOMINICANA,BCENTRAL,59465
DO1002261928,LE090427,BCENTRAL/ LT 20270409 GTIA,13770000,DOP,1377,15.6532,95.19837,14/08/2026,11:54:04 AM,PLAZO,PRIMERA PARTE,ROTC,14/12/2026,CONFIRMADA,3282782,0,09/04/2026,09/04/2027,0,BANCO CENTRAL DE LA REPUBLICA DOMINICANA,BCENTRAL,57953
DO1002261928,LE090427,BCENTRAL/ LT 20270409 GTIA,13770000,DOP,1377,18.3902,94.405755,14/08/2026,11:54:03 AM,PLAZO,PRIMERA PARTE,ROTC,14/12/2026,CONFIRMADA,3282783,0,09/04/2026,09/04/2027,0,BANCO CENTRAL DE LA REPUBLICA DOMINICANA,BCENTRAL,58268
DO1002261928,LE090427,BCENTRAL/ LT 20270409 GTIA,13770000,DOP,1377,21.362,95.19837,14/08/2026,11:54:02 AM,PRESTAMO,SEGUNDA PARTE,ROTC,14/01/2027,CONFIRMADA,3282784,0,09/04/2026,09/04/2027,0.832593,BANCO CENTRAL DE LA REPUBLICA DOMINICANA,BCENTRAL,59080
DO1002261928,LE090427,BCENTRAL/ LT 20270409 GTIA,13770000,DOP,1377,18.3902,94.405755,14/08/2026,11:54:02 AM,PRESTAMO,PRIMERA PARTE,ROTC,14/12/2026,CONFIRMADA,3282784,0,09/04/2026,09/04/2027,0.832593,BANCO CENTRAL DE LA REPUBLICA DOMINICANA,BCENTRAL,59864
DO1002261928,LE090427,BCENTRAL/ LT 20270409 GTIA,13770000,DOP,1377,21.362,95.19837,14/08/2026,11:54:00 AM,PLAZO,PRIMERA PARTE,ROTC,14/01/2027,CONFIRMADA,3282786,0,09/04/2026,09/04/2027,0,BANCO CENTRAL DE LA REPUBLICA DOMINICANA,BCENTRAL,57526
DO1002261928,LE090427,BCENTRAL/ LT 20270409 GTIA,13770000,DOP,1377,25.0973,94.405755,14/08/2026,11:53:59 AM,PLAZO,PRIMERA PARTE,ROTC,14/01/2027,CONFIRMADA,3282787,0,09/04/2026,09/04/2027,0,BANCO CENTRAL DE LA REPUBLICA DOMINICANA,BCENTRAL,58352
DO1002261928,LE090427,BCENTRAL/ LT 20270409 GTIA,13770000,DOP,1377,32.7875,95.147233,14/08/2026,11:53:58 AM,PRESTAMO,SEGUNDA PARTE,ROTC,12/02/2027,CONFIRMADA,3282788,0,09/04/2026,09/04/2027,0.779296,BANCO CENTRAL DE LA REPUBLICA DOMINICANA,BCENTRAL,59885
DO1002261928,LE090427,BCENTRAL/ LT 20270409 GTIA,13770000,DOP,1377,25.0973,94.405755,14/08/2026,11:53:58 AM,PRESTAMO,PRIMERA PARTE,ROTC,14/01/2027,CONFIRMADA,3282788,0,09/04/2026,09/04/2027,0.779296,BANCO CENTRAL DE LA REPUBLICA DOMINICANA,BCENTRAL,59948
DO1002261928,LE090427,BCENTRAL/ LT 20270409 GTIA,13770000,DOP,1377,32.7875,95.147233,14/08/2026,11:53:56 AM,PLAZO,PRIMERA PARTE,ROTC,12/02/2027,CONFIRMADA,3282789,0,09/04/2026,09/04/2027,0,BANCO CENTRAL DE LA REPUBLICA DOMINICANA,BCENTRAL,58331
DO1002261928,LE090427,BCENTRAL/ LT 20270409 GTIA,13770000,DOP,1377,38.0941,94.405755,14/08/2026,11:53:55 AM,PLAZO,PRIMERA PARTE,ROTC,12/02/2027,CONFIRMADA,3282790,0,09/04/2026,09/04/2027,0,BANCO CENTRAL DE LA REPUBLICA DOMINICANA,BCENTRAL,58310
DO1002261928,LE090427,BCENTRAL/ LT 20270409 GTIA,13770000,DOP,1377,10.3056,94.405755,14/08/2026,11:53:41 AM,PLAZO,PRIMERA PARTE,ROTC,14/09/2026,CONFIRMADA,3282764,0,09/04/2026,09/04/2027,0,BANCO CENTRAL DE LA REPUBLICA DOMINICANA,BCENTRAL,58261
DO1002261928,LE090427,BCENTRAL/ LT 20270409 GTIA,13770000,DOP,1377,10.316,95.172801,14/08/2026,11:53:40 AM,PRESTAMO,SEGUNDA PARTE,ROTC,14/10/2026,CONFIRMADA,3282765,0,09/04/2026,09/04/2027,0.805952,BANCO CENTRAL DE LA REPUBLICA DOMINICANA,BCENTRAL,59332
DO1002261928,LE090427,BCENTRAL/ LT 20270409 GTIA,13770000,DOP,1377,10.3056,94.405755,14/08/2026,11:53:40 AM,PRESTAMO,PRIMERA PARTE,ROTC,14/09/2026,CONFIRMADA,3282765,0,09/04/2026,09/04/2027,0.805952,BANCO CENTRAL DE LA REPUBLICA DOMINICANA,BCENTRAL,59857
DO1005254219,MH22041,HACIENDA/12 BOEST 20410529 GTIA,300000000,DOP,3000,10.2497,113.146878,14/08/2026,11:53:40 AM,CONTADO,PRIMERA PARTE,ROTC,14/08/2026,CONFIRMADA,3283085,0,29/05/2026,29/05/2041,0,MINISTERIO DE HACIENDA,HACIENDA,61285
DO1002261928,LE090427,BCENTRAL/ LT 20270409 GTIA,13770000,DOP,1377,10.316,95.172801,14/08/2026,11:53:39 AM,PLAZO,PRIMERA PARTE,ROTC,14/10/2026,CONFIRMADA,3282766,0,09/04/2026,09/04/2027,0,BANCO CENTRAL DE LA REPUBLICA DOMINICANA,BCENTRAL,57848
DO1002261928,LE090427,BCENTRAL/ LT 20270409 GTIA,13770000,DOP,1377,12.0524,94.405755,14/08/2026,11:53:38 AM,PLAZO,PRIMERA PARTE,ROTC,14/10/2026,CONFIRMADA,3282767,0,09/04/2026,09/04/2027,0,BANCO CENTRAL DE LA REPUBLICA DOMINICANA,BCENTRAL,58240
DO1002261928,LE090427,BCENTRAL/ LT 20270409 GTIA,13770000,DOP,1377,12.4213,95.172801,14/08/2026,11:53:37 AM,PRESTAMO,SEGUNDA PARTE,ROTC,13/11/2026,CONFIRMADA,3282770,0,09/04/2026,09/04/2027,0.805952,BANCO CENTRAL DE LA REPUBLICA DOMINICANA,BCENTRAL,59724
DO1002261928,LE090427,BCENTRAL/ LT 20270409 GTIA,13770000,DOP,1377,12.0524,94.405755,14/08/2026,11:53:37 AM,PRESTAMO,PRIMERA PARTE,ROTC,14/10/2026,CONFIRMADA,3282770,0,09/04/2026,09/04/2027,0.805952,BANCO CENTRAL DE LA REPUBLICA DOMINICANA,BCENTRAL,59836
DO1002261928,LE090427,BCENTRAL/ LT 20270409 GTIA,13770000,DOP,1377,12.4213,95.172801,14/08/2026,11:53:36 AM,PLAZO,PRIMERA PARTE,ROTC,13/11/2026,CONFIRMADA,3282775,0,09/04/2026,09/04/2027,0,BANCO CENTRAL DE LA REPUBLICA DOMINICANA,BCENTRAL,58177
DO1002261928,LE090427,BCENTRAL/ LT 20270409 GTIA,13770000,DOP,1377,14.512,94.405755,14/08/2026,11:53:34 AM,PLAZO,PRIMERA PARTE,ROTC,13/11/2026,CONFIRMADA,3282779,0,09/04/2026,09/04/2027,0,BANCO CENTRAL DE LA REPUBLICA DOMINICANA,BCENTRAL,57869
DO1002261928,LE090427,BCENTRAL/ LT 20270409 GTIA,150000,DOP,15,1.6875,99.30642,14/08/2026,11:53:22 AM,PRESTAMO,SEGUNDA PARTE,ROTC,11/11/2026,CONFIRMADA,3282720,0,09/04/2026,09/04/2027,2.250281,BANCO CENTRAL DE LA REPUBLICA DOMINICANA,BCENTRAL,57582
DO1002261928,LE090427,BCENTRAL/ LT 20270409 GTIA,150000,DOP,15,4.6409,97.071747,14/08/2026,11:53:22 AM,PRESTAMO,PRIMERA PARTE,ROTC,18/08/2026,CONFIRMADA,3282720,0,09/04/2026,09/04/2027,2.250281,BANCO CENTRAL DE LA REPUBLICA DOMINICANA,BCENTRAL,58107
DO1002261928,LE090427,BCENTRAL/ LT 20270409 GTIA,150000,DOP,15,1.6875,99.30642,14/08/2026,11:53:21 AM,PLAZO,PRIMERA PARTE,ROTC,11/11/2026,CONFIRMADA,3282724,0,09/04/2026,09/04/2027,0,BANCO CENTRAL DE LA REPUBLICA DOMINICANA,BCENTRAL,56035
DO1005208322,MHUS2040,HACIENDA/6.75 BOEST 20400724 GTIA,137000,USD,137,4.6754,120.969701,14/08/2026,11:53:20 AM,PRESTAMO,SEGUNDA PARTE,ROTC,18/09/2026,CONFIRMADA,3282726,0,24/07/2020,24/07/2040,0.757876,MINISTERIO DE HACIENDA,HACIENDA,61936
DO1005208322,MHUS2040,HACIENDA/6.75 BOEST 20400724 GTIA,137000,USD,137,4.6756,121.05773,14/08/2026,11:53:20 AM,PRESTAMO,PRIMERA PARTE,ROTC,19/08/2026,CONFIRMADA,3282726,0,24/07/2020,24/07/2040,0.757876,MINISTERIO DE HACIENDA,HACIENDA,61614
DO1005208322,MHUS2040,HACIENDA/6.75 BOEST 20400724 GTIA,137000,USD,137,4.6754,120.969701,14/08/2026,11:53:18 AM,PLAZO,PRIMERA PARTE,ROTC,18/09/2026,CONFIRMADA,3282727,0,24/07/2020,24/07/2040,0,MINISTERIO DE HACIENDA,HACIENDA,60445
DO1002261928,LE090427,BCENTRAL/ LT 20270409 GTIA,13770000,DOP,1377,8.7719,95.19837,14/08/2026,11:53:17 AM,PRESTAMO,SEGUNDA PARTE,ROTC,14/09/2026,CONFIRMADA,3282762,0,09/04/2026,09/04/2027,0.832593,BANCO CENTRAL DE LA REPUBLICA DOMINICANA,BCENTRAL,59290
DO1002261928,LE090427,BCENTRAL/ LT 20270409 GTIA,13770000,DOP,1377,8.9633,94.405755,14/08/2026,11:53:17 AM,PRESTAMO,PRIMERA PARTE,ROTC,14/08/2026,CONFIRMADA,3282762,0,09/04/2026,09/04/2027,0.832593,BANCO CENTRAL DE LA REPUBLICA DOMINICANA,BCENTRAL,59640
DO1002261928,LE090427,BCENTRAL/ LT 20270409 GTIA,13770000,DOP,1377,8.7719,95.19837,14/08/2026,11:53:16 AM,PLAZO,PRIMERA PARTE,ROTC,14/09/2026,CONFIRMADA,3282763,0,09/04/2026,09/04/2027,0,BANCO CENTRAL DE LA REPUBLICA DOMINICANA,BCENTRAL,57743
DO1005254219,MH22041,HACIENDA/12 BOEST 20410529 GTIA,400000000,DOP,4000,10.2497,113.146878,14/08/2026,11:53:16 AM,CONTADO,PRIMERA PARTE,ROTC,14/08/2026,CONFIRMADA,3283032,0,29/05/2026,29/05/2041,0,MINISTERIO DE HACIENDA,HACIENDA,61320
DO1005207118,MHUS2026,HACIENDA/6.65 BOEST 20261227 GTIA,1000,USD,1,-0.043,102.476,14/08/2026,11:53:04 AM,CONTADO,PRIMERA PARTE,ROTC,14/08/2026,CONFIRMADA,3282903,0,27/12/2019,27/12/2026,0,MINISTERIO DE HACIENDA,HACIENDA,58590
DO1002261928,LE090427,BCENTRAL/ LT 20270409 GTIA,3600000,DOP,360,10.1295,93.822561,14/08/2026,11:52:45 AM,CONTADO,PRIMERA PARTE,ROTC,18/08/2026,CONFIRMADA,3282879,0,09/04/2026,09/04/2027,0,BANCO CENTRAL DE LA REPUBLICA DOMINICANA,BCENTRAL,58415
DO1002261928,LE090427,BCENTRAL/ LT 20270409 GTIA,890000,DOP,89,8.9304,94.513706,14/08/2026,11:52:24 AM,CONTADO,PRIMERA PARTE,ROTC,18/08/2026,CONFIRMADA,3282884,0,09/04/2026,09/04/2027,0,BANCO CENTRAL DE LA REPUBLICA DOMINICANA,BCENTRAL,57533
DO1002261928,LE090427,BCENTRAL/ LT 20270409 GTIA,610000,DOP,61,11.7669,92.894962,14/08/2026,11:52:04 AM,CONTADO,PRIMERA PARTE,ROTC,18/08/2026,CONFIRMADA,3282887,0,09/04/2026,09/04/2027,0,BANCO CENTRAL DE LA REPUBLICA DOMINICANA,BCENTRAL,57855
DO1002261829,NO010330,BCENTRAL/9.5 BOEST 20300301 GTIA,1440000,DOP,144,9.5,99.990212,14/08/2026,11:51:57 AM,CONTADO,PRIMERA PARTE,ROTC,14/08/2026,CONFIRMADA,3283483,0,01/03/2026,01/03/2030,0,BANCO CENTRAL DE LA REPUBLICA DOMINICANA,BCENTRAL,59577
DO1002228612,NO031227,BCENTRAL/8 BOEST 20271203 GTIA,6870000,DOP,687,9,99.16581,14/08/2026,11:51:55 AM,PLAZO,PRIMERA PARTE,ROTC,13/11/2026,CONFIRMADA,3283328,0,03/12/2024,03/12/2027,0,BANCO CENTRAL DE LA REPUBLICA DOMINICANA,BCENTRAL,57092
DO1002227317,NO150928,BCENTRAL/11 BOEST 20280915 GTIA,6700000,DOP,670,0,102.684794,14/08/2026,11:51:54 AM,PLAZO,PRIMERA PARTE,ROTC,13/11/2026,CONFIRMADA,3283329,0,15/09/2023,15/09/2028,0,BANCO CENTRAL DE LA REPUBLICA DOMINICANA,BCENTRAL,58037
DO1002227317,NO150928,BCENTRAL/11 BOEST 20280915 GTIA,6700000,DOP,670,9,102.628979,14/08/2026,11:51:53 AM,PRESTAMO,SEGUNDA PARTE,ROTC,14/12/2026,CONFIRMADA,3283330,0,15/09/2023,15/09/2028,2.542611,BANCO CENTRAL DE LA REPUBLICA DOMINICANA,BCENTRAL,59668
DO1002227317,NO150928,BCENTRAL/11 BOEST 20280915 GTIA,6700000,DOP,670,0,102.684794,14/08/2026,11:51:53 AM,PRESTAMO,PRIMERA PARTE,ROTC,13/11/2026,CONFIRMADA,3283330,0,15/09/2023,15/09/2028,2.542611,BANCO CENTRAL DE LA REPUBLICA DOMINICANA,BCENTRAL,59633
DO1002227317,NO150928,BCENTRAL/11 BOEST 20280915 GTIA,6700000,DOP,670,9,102.628979,14/08/2026,11:51:52 AM,PLAZO,PRIMERA PARTE,ROTC,14/12/2026,CONFIRMADA,3283331,0,15/09/2023,15/09/2028,0,BANCO CENTRAL DE LA REPUBLICA DOMINICANA,BCENTRAL,58121
DO1002228612,NO031227,BCENTRAL/8 BOEST 20271203 GTIA,7060000,DOP,706,0,98.908383,14/08/2026,11:51:51 AM,PLAZO,PRIMERA PARTE,ROTC,14/12/2026,CONFIRMADA,3283332,0,03/12/2024,03/12/2027,0,BANCO CENTRAL DE LA REPUBLICA DOMINICANA,BCENTRAL,57302
DO1002228612,NO031227,BCENTRAL/8 BOEST 20271203 GTIA,7060000,DOP,706,9,99.068051,14/08/2026,11:51:50 AM,PRESTAMO,SEGUNDA PARTE,ROTC,14/01/2027,CONFIRMADA,3283333,0,03/12/2024,03/12/2027,1.08284,BANCO CENTRAL DE LA REPUBLICA DOMINICANA,BCENTRAL,58821
DO1002228612,NO031227,BCENTRAL/8 BOEST 20271203 GTIA,7060000,DOP,706,0,98.908383,14/08/2026,11:51:50 AM,PRESTAMO,PRIMERA PARTE,ROTC,14/12/2026,CONFIRMADA,3283333,0,03/12/2024,03/12/2027,1.08284,BANCO CENTRAL DE LA REPUBLICA DOMINICANA,BCENTRAL,58898
DO1002228612,NO031227,BCENTRAL/8 BOEST 20271203 GTIA,7060000,DOP,706,9,99.068051,14/08/2026,11:51:49 AM,PLAZO,PRIMERA PARTE,ROTC,14/01/2027,CONFIRMADA,3283334,0,03/12/2024,03/12/2027,0,BANCO CENTRAL DE LA REPUBLICA DOMINICANA,BCENTRAL,57337
DO1002228612,NO031227,BCENTRAL/8 BOEST 20271203 GTIA,7010000,DOP,701,0,98.93427,14/08/2026,11:51:48 AM,PLAZO,PRIMERA PARTE,ROTC,14/01/2027,CONFIRMADA,3283335,0,03/12/2024,03/12/2027,0,BANCO CENTRAL DE LA REPUBLICA DOMINICANA,BCENTRAL,56889
DO1002228612,NO031227,BCENTRAL/8 BOEST 20271203 GTIA,7010000,DOP,701,9,99.089247,14/08/2026,11:51:47 AM,PRESTAMO,SEGUNDA PARTE,ROTC,12/02/2027,CONFIRMADA,3283336,0,03/12/2024,03/12/2027,1.704344,BANCO CENTRAL DE LA REPUBLICA DOMINICANA,BCENTRAL,58856
DO1002228612,NO031227,BCENTRAL/8 BOEST 20271203 GTIA,7010000,DOP,701,0,98.93427,14/08/2026,11:51:47 AM,PRESTAMO,PRIMERA PARTE,ROTC,14/01/2027,CONFIRMADA,3283336,0,03/12/2024,03/12/2027,1.704344,BANCO CENTRAL DE LA REPUBLICA DOMINICANA,BCENTRAL,58485
DO1002228612,NO031227,BCENTRAL/8 BOEST 20271203 GTIA,7010000,DOP,701,9,99.089247,14/08/2026,11:51:45 AM,PLAZO,PRIMERA PARTE,ROTC,12/02/2027,CONFIRMADA,3283337,0,03/12/2024,03/12/2027,0,BANCO CENTRAL DE LA REPUBLICA DOMINICANA,BCENTRAL,57302
DO1002228612,NO031227,BCENTRAL/8 BOEST 20271203 GTIA,6960000,DOP,696,0,99.014273,14/08/2026,11:51:44 AM,PLAZO,PRIMERA PARTE,ROTC,12/02/2027,CONFIRMADA,3283338,0,03/12/2024,03/12/2027,0,BANCO CENTRAL DE LA REPUBLICA DOMINICANA,BCENTRAL,57323
DO1002228612,NO031227,BCENTRAL/8 BOEST 20271203 GTIA,6960000,DOP,696,9,99.169402,14/08/2026,11:51:43 AM,PRESTAMO,SEGUNDA PARTE,ROTC,12/03/2027,CONFIRMADA,3283339,0,03/12/2024,03/12/2027,2.300013,BANCO CENTRAL DE LA REPUBLICA DOMINICANA,BCENTRAL,58961
DO1002228612,NO031227,BCENTRAL/8 BOEST 20271203 GTIA,6960000,DOP,696,0,99.014273,14/08/2026,11:51:43 AM,PRESTAMO,PRIMERA PARTE,ROTC,12/02/2027,CONFIRMADA,3283339,0,03/12/2024,03/12/2027,2.300013,BANCO CENTRAL DE LA REPUBLICA DOMINICANA,BCENTRAL,58919
DO1002228612,NO031227,BCENTRAL/8 BOEST 20271203 GTIA,6960000,DOP,696,9,99.169402,14/08/2026,11:51:42 AM,PLAZO,PRIMERA PARTE,ROTC,12/03/2027,CONFIRMADA,3283340,0,03/12/2024,03/12/2027,0,BANCO CENTRAL DE LA REPUBLICA DOMINICANA,BCENTRAL,57414
DO1002261928,LE090427,BCENTRAL/ LT 20270409 GTIA,240000,DOP,24,6.792,95.771862,14/08/2026,11:51:41 AM,CONTADO,PRIMERA PARTE,ROTC,18/08/2026,CONFIRMADA,3282891,0,09/04/2026,09/04/2027,0,BANCO CENTRAL DE LA REPUBLICA DOMINICANA,BCENTRAL,57099
DO1002228612,NO031227,BCENTRAL/8 BOEST 20271203 GTIA,6920000,DOP,692,0,98.980245,14/08/2026,11:51:41 AM,PLAZO,PRIMERA PARTE,ROTC,12/03/2027,CONFIRMADA,3283341,0,03/12/2024,03/12/2027,0,BANCO CENTRAL DE LA REPUBLICA DOMINICANA,BCENTRAL,57323
DO1005206516,MH32028,HACIENDA/10.75 BOEST 20280811 GTIA,9600000,DOP,96,8.34711,103.812402,14/08/2026,11:51:40 AM,PRESTAMO,SEGUNDA PARTE,ROTC,10/11/2026,CONFIRMADA,3283314,0,10/08/2018,11/08/2028,10.75,MINISTERIO DE HACIENDA,HACIENDA,61614
DO1005206516,MH32028,HACIENDA/10.75 BOEST 20280811 GTIA,9600000,DOP,96,8.49658,104.048858,14/08/2026,11:51:40 AM,PRESTAMO,PRIMERA PARTE,ROTC,14/08/2026,CONFIRMADA,3283314,0,10/08/2018,11/08/2028,10.75,MINISTERIO DE HACIENDA,HACIENDA,61978
DO1002228612,NO031227,BCENTRAL/8 BOEST 20271203 GTIA,6920000,DOP,692,9,99.168326,14/08/2026,11:51:40 AM,PRESTAMO,SEGUNDA PARTE,ROTC,14/04/2027,CONFIRMADA,3283342,0,03/12/2024,03/12/2027,3.026547,BANCO CENTRAL DE LA REPUBLICA DOMINICANA,BCENTRAL,58933
DO1002228612,NO031227,BCENTRAL/8 BOEST 20271203 GTIA,6920000,DOP,692,0,98.980245,14/08/2026,11:51:40 AM,PRESTAMO,PRIMERA PARTE,ROTC,12/03/2027,CONFIRMADA,3283342,0,03/12/2024,03/12/2027,3.026547,BANCO CENTRAL DE LA REPUBLICA DOMINICANA,BCENTRAL,58919
DO1002228612,NO031227,BCENTRAL/8 BOEST 20271203 GTIA,6920000,DOP,692,9,99.168326,14/08/2026,11:51:39 AM,PLAZO,PRIMERA PARTE,ROTC,14/04/2027,CONFIRMADA,3283343,0,03/12/2024,03/12/2027,0,BANCO CENTRAL DE LA REPUBLICA DOMINICANA,BCENTRAL,57449
DO1002228612,NO031227,BCENTRAL/8 BOEST 20271203 GTIA,1260000,DOP,126,0,98.548875,14/08/2026,11:51:38 AM,PLAZO,PRIMERA PARTE,ROTC,14/09/2026,CONFIRMADA,3283344,0,03/12/2024,03/12/2027,0,BANCO CENTRAL DE LA REPUBLICA DOMINICANA,BCENTRAL,57365
DO1002228612,NO031227,BCENTRAL/8 BOEST 20271203 GTIA,1260000,DOP,126,0,99.036705,14/08/2026,11:51:36 AM,PRESTAMO,SEGUNDA PARTE,ROTC,02/12/2026,CONFIRMADA,3283345,0,03/12/2024,03/12/2027,4.33527,BANCO CENTRAL DE LA REPUBLICA DOMINICANA,BCENTRAL,58723
DO1002228612,NO031227,BCENTRAL/8 BOEST 20271203 GTIA,1260000,DOP,126,0,98.548875,14/08/2026,11:51:36 AM,PRESTAMO,PRIMERA PARTE,ROTC,14/09/2026,CONFIRMADA,3283345,0,03/12/2024,03/12/2027,4.33527,BANCO CENTRAL DE LA REPUBLICA DOMINICANA,BCENTRAL,58954
DO1002228612,NO031227,BCENTRAL/8 BOEST 20271203 GTIA,1260000,DOP,126,0,99.036705,14/08/2026,11:51:35 AM,PLAZO,PRIMERA PARTE,ROTC,02/12/2026,CONFIRMADA,3283347,0,03/12/2024,03/12/2027,0,BANCO CENTRAL DE LA REPUBLICA DOMINICANA,BCENTRAL,57176
DO1002227317,NO150928,BCENTRAL/11 BOEST 20280915 GTIA,1240000,DOP,124,0,102.33629,14/08/2026,11:51:34 AM,PLAZO,PRIMERA PARTE,ROTC,02/12/2026,CONFIRMADA,3283348,0,15/09/2023,15/09/2028,0,BANCO CENTRAL DE LA REPUBLICA DOMINICANA,BCENTRAL,57491
DO1002227317,NO150928,BCENTRAL/11 BOEST 20280915 GTIA,1240000,DOP,124,0,102.146131,14/08/2026,11:51:33 AM,PRESTAMO,SEGUNDA PARTE,ROTC,12/03/2027,CONFIRMADA,3283349,0,15/09/2023,15/09/2028,4.852106,BANCO CENTRAL DE LA REPUBLICA DOMINICANA,BCENTRAL,59325
DO1002227317,NO150928,BCENTRAL/11 BOEST 20280915 GTIA,1240000,DOP,124,0,102.33629,14/08/2026,11:51:33 AM,PRESTAMO,PRIMERA PARTE,ROTC,02/12/2026,CONFIRMADA,3283349,0,15/09/2023,15/09/2028,4.852106,BANCO CENTRAL DE LA REPUBLICA DOMINICANA,BCENTRAL,59087
DO1002227317,NO150928,BCENTRAL/11 BOEST 20280915 GTIA,1240000,DOP,124,0,102.146131,14/08/2026,11:51:32 AM,PLAZO,PRIMERA PARTE,ROTC,12/03/2027,CONFIRMADA,3283351,0,15/09/2023,15/09/2028,0,BANCO CENTRAL DE LA REPUBLICA DOMINICANA,BCENTRAL,57778
DO1002228612,NO031227,BCENTRAL/8 BOEST 20271203 GTIA,1320000,DOP,132,0,98.89643,14/08/2026,11:51:31 AM,PLAZO,PRIMERA PARTE,ROTC,12/03/2027,CONFIRMADA,3283352,0,03/12/2024,03/12/2027,0,BANCO CENTRAL DE LA REPUBLICA DOMINICANA,BCENTRAL,56840
DO1002228612,NO031227,BCENTRAL/8 BOEST 20271203 GTIA,1320000,DOP,132,0,99.288452,14/08/2026,11:51:30 AM,PRESTAMO,SEGUNDA PARTE,ROTC,02/06/2027,CONFIRMADA,3283353,0,03/12/2024,03/12/2027,4.231813,BANCO CENTRAL DE LA REPUBLICA DOMINICANA,BCENTRAL,58723
DO1002228612,NO031227,BCENTRAL/8 BOEST 20271203 GTIA,1320000,DOP,132,0,98.89643,14/08/2026,11:51:30 AM,PRESTAMO,PRIMERA PARTE,ROTC,12/03/2027,CONFIRMADA,3283353,0,03/12/2024,03/12/2027,4.231813,BANCO CENTRAL DE LA REPUBLICA DOMINICANA,BCENTRAL,58436
DO1002228612,NO031227,BCENTRAL/8 BOEST 20271203 GTIA,7060000,DOP,706,0,98.909705,14/08/2026,11:51:29 AM,PLAZO,PRIMERA PARTE,ROTC,14/06/2027,CONFIRMADA,3283354,0,03/12/2024,03/12/2027,0,BANCO CENTRAL DE LA REPUBLICA DOMINICANA,BCENTRAL,57358
DO1002228612,NO031227,BCENTRAL/8 BOEST 20271203 GTIA,1320000,DOP,132,0,99.288452,14/08/2026,11:51:28 AM,PLAZO,PRIMERA PARTE,ROTC,02/06/2027,CONFIRMADA,3283355,0,03/12/2024,03/12/2027,0,BANCO CENTRAL DE LA REPUBLICA DOMINICANA,BCENTRAL,57232
DO1002227317,NO150928,BCENTRAL/11 BOEST 20280915 GTIA,1300000,DOP,130,0,102.523555,14/08/2026,11:51:27 AM,PLAZO,PRIMERA PARTE,ROTC,02/06/2027,CONFIRMADA,3283356,0,15/09/2023,15/09/2028,0,BANCO CENTRAL DE LA REPUBLICA DOMINICANA,BCENTRAL,57841
DO1002227317,NO150928,BCENTRAL/11 BOEST 20280915 GTIA,1300000,DOP,130,0,102.338537,14/08/2026,11:51:25 AM,PRESTAMO,SEGUNDA PARTE,ROTC,09/08/2027,CONFIRMADA,3283357,0,15/09/2023,15/09/2028,3.943505,BANCO CENTRAL DE LA REPUBLICA DOMINICANA,BCENTRAL,59458
DO1002227317,NO150928,BCENTRAL/11 BOEST 20280915 GTIA,1300000,DOP,130,0,102.523555,14/08/2026,11:51:25 AM,PRESTAMO,PRIMERA PARTE,ROTC,02/06/2027,CONFIRMADA,3283357,0,15/09/2023,15/09/2028,3.943505,BANCO CENTRAL DE LA REPUBLICA DOMINICANA,BCENTRAL,59430
DO1002227317,NO150928,BCENTRAL/11 BOEST 20280915 GTIA,1300000,DOP,130,0,102.338537,14/08/2026,11:51:24 AM,PLAZO,PRIMERA PARTE,ROTC,09/08/2027,CONFIRMADA,3283358,0,15/09/2023,15/09/2028,0,BANCO CENTRAL DE LA REPUBLICA DOMINICANA,BCENTRAL,57911
DO1002228612,NO031227,BCENTRAL/8 BOEST 20271203 GTIA,7060000,DOP,706,9,99.067824,14/08/2026,11:51:23 AM,PRESTAMO,SEGUNDA PARTE,ROTC,14/07/2027,CONFIRMADA,3283360,0,03/12/2024,03/12/2027,1.054674,BANCO CENTRAL DE LA REPUBLICA DOMINICANA,BCENTRAL,58912
DO1002228612,NO031227,BCENTRAL/8 BOEST 20271203 GTIA,7060000,DOP,706,0,98.909705,14/08/2026,11:51:23 AM,PRESTAMO,PRIMERA PARTE,ROTC,14/06/2027,CONFIRMADA,3283360,0,03/12/2024,03/12/2027,1.054674,BANCO CENTRAL DE LA REPUBLICA DOMINICANA,BCENTRAL,58919
DO1002261928,LE090427,BCENTRAL/ LT 20270409 GTIA,3210000,DOP,321,8.8655,94.463414,14/08/2026,11:51:13 AM,CONTADO,PRIMERA PARTE,ROTC,14/08/2026,CONFIRMADA,3282894,0,09/04/2026,09/04/2027,0,BANCO CENTRAL DE LA REPUBLICA DOMINICANA,BCENTRAL,58058
DO1005206516,MH32028,HACIENDA/10.75 BOEST 20280811 GTIA,9600000,DOP,96,8.34711,103.812402,14/08/2026,11:51:10 AM,ESTRUCTURADA,SEGUNDA PARTE,ROTC,10/11/2026,CONFIRMADA,3283313,0,10/08/2018,11/08/2028,10.75,MINISTERIO DE HACIENDA,HACIENDA,63693
DO1005206516,MH32028,HACIENDA/10.75 BOEST 20280811 GTIA,9600000,DOP,96,8.49658,104.048858,14/08/2026,11:51:10 AM,ESTRUCTURADA,PRIMERA PARTE,ROTC,14/08/2026,CONFIRMADA,3283313,0,10/08/2018,11/08/2028,10.75,MINISTERIO DE HACIENDA,HACIENDA,64057
DO1002261928,LE090427,BCENTRAL/ LT 20270409 GTIA,10000,DOP,1,0.0038,99.9975,14/08/2026,11:50:43 AM,CONTADO,PRIMERA PARTE,ROTC,14/08/2026,CONFIRMADA,3282897,0,09/04/2026,09/04/2027,0,BANCO CENTRAL DE LA REPUBLICA DOMINICANA,BCENTRAL,55930
DO1002261928,LE090427,BCENTRAL/ LT 20270409 GTIA,200000,DOP,20,0,100,14/08/2026,11:50:15 AM,CONTADO,PRIMERA PARTE,ROTC,14/08/2026,CONFIRMADA,3282900,0,09/04/2026,09/04/2027,0,BANCO CENTRAL DE LA REPUBLICA DOMINICANA,BCENTRAL,53207
DO1005254219,MH22041,HACIENDA/12 BOEST 20410529 GTIA,3546600000,DOP,35466,8,134.298181,14/08/2026,11:50:00 AM,CONTADO,PRIMERA PARTE,ROTC,14/08/2026,CONFIRMADA,3283287,0,29/05/2026,29/05/2041,0,MINISTERIO DE HACIENDA,HACIENDA,60081
DO1002261928,LE090427,BCENTRAL/ LT 20270409 GTIA,270000,DOP,27,7.2092,95.450748,14/08/2026,11:49:54 AM,CONTADO,PRIMERA PARTE,ROTC,14/08/2026,CONFIRMADA,3282848,0,09/04/2026,09/04/2027,0,BANCO CENTRAL DE LA REPUBLICA DOMINICANA,BCENTRAL,57477
DO1002228612,NO031227,BCENTRAL/8 BOEST 20271203 GTIA,7060000,DOP,706,9,99.067824,14/08/2026,11:49:33 AM,PLAZO,PRIMERA PARTE,ROTC,14/07/2027,CONFIRMADA,3283362,0,03/12/2024,03/12/2027,0,BANCO CENTRAL DE LA REPUBLICA DOMINICANA,BCENTRAL,57428
DO1002228612,NO031227,BCENTRAL/8 BOEST 20271203 GTIA,7010000,DOP,701,0,98.961172,14/08/2026,11:49:32 AM,PLAZO,PRIMERA PARTE,ROTC,14/07/2027,CONFIRMADA,3283364,0,03/12/2024,03/12/2027,0,BANCO CENTRAL DE LA REPUBLICA DOMINICANA,BCENTRAL,57274
DO1002228612,NO031227,BCENTRAL/8 BOEST 20271203 GTIA,7010000,DOP,701,9,99.10324,14/08/2026,11:49:31 AM,PRESTAMO,SEGUNDA PARTE,ROTC,09/08/2027,CONFIRMADA,3283366,0,03/12/2024,03/12/2027,1.59748,BANCO CENTRAL DE LA REPUBLICA DOMINICANA,BCENTRAL,58464
DO1002228612,NO031227,BCENTRAL/8 BOEST 20271203 GTIA,7010000,DOP,701,0,98.961172,14/08/2026,11:49:31 AM,PRESTAMO,PRIMERA PARTE,ROTC,14/07/2027,CONFIRMADA,3283366,0,03/12/2024,03/12/2027,1.59748,BANCO CENTRAL DE LA REPUBLICA DOMINICANA,BCENTRAL,58870
DO1002228612,NO031227,BCENTRAL/8 BOEST 20271203 GTIA,7010000,DOP,701,9,99.10324,14/08/2026,11:49:29 AM,PLAZO,PRIMERA PARTE,ROTC,09/08/2027,CONFIRMADA,3283368,0,03/12/2024,03/12/2027,0,BANCO CENTRAL DE LA REPUBLICA DOMINICANA,BCENTRAL,56973
DO1002228612,NO031227,BCENTRAL/8 BOEST 20271203 GTIA,30000,DOP,3,5.1335,103.5356,14/08/2026,11:49:28 AM,CONTADO,PRIMERA PARTE,ROTC,17/08/2026,CONFIRMADA,3283369,0,03/12/2024,03/12/2027,0,BANCO CENTRAL DE LA REPUBLICA DOMINICANA,BCENTRAL,58135
DO1002228612,NO031227,BCENTRAL/8 BOEST 20271203 GTIA,30000,DOP,3,4.2155,103.879367,14/08/2026,11:49:27 AM,PRESTAMO,SEGUNDA PARTE,ROTC,11/11/2026,CONFIRMADA,3283370,0,03/12/2024,03/12/2027,3.596791,BANCO CENTRAL DE LA REPUBLICA DOMINICANA,BCENTRAL,59493
DO1002228612,NO031227,BCENTRAL/8 BOEST 20271203 GTIA,30000,DOP,3,5.1335,103.5356,14/08/2026,11:49:27 AM,PRESTAMO,PRIMERA PARTE,ROTC,17/08/2026,CONFIRMADA,3283370,0,03/12/2024,03/12/2027,3.596791,BANCO CENTRAL DE LA REPUBLICA DOMINICANA,BCENTRAL,58821
DO1002228612,NO031227,BCENTRAL/8 BOEST 20271203 GTIA,30000,DOP,3,4.2155,103.879367,14/08/2026,11:49:25 AM,PLAZO,PRIMERA PARTE,ROTC,11/11/2026,CONFIRMADA,3283371,0,03/12/2024,03/12/2027,0,BANCO CENTRAL DE LA REPUBLICA DOMINICANA,BCENTRAL,57939
DO1002228612,NO031227,BCENTRAL/8 BOEST 20271203 GTIA,40000,DOP,4,0.4199,109.7789,14/08/2026,11:49:24 AM,CONTADO,PRIMERA PARTE,ROTC,17/08/2026,CONFIRMADA,3283372,0,03/12/2024,03/12/2027,0,BANCO CENTRAL DE LA REPUBLICA DOMINICANA,BCENTRAL,58289
DO1005207118,MHUS2026,HACIENDA/6.65 BOEST 20261227 GTIA,2000,USD,2,-70.921,141.8625,14/08/2026,11:49:23 AM,CONTADO,PRIMERA PARTE,ROTC,14/08/2026,CONFIRMADA,3282845,0,27/12/2019,27/12/2026,0,MINISTERIO DE HACIENDA,HACIENDA,59451
DO1002228612,NO031227,BCENTRAL/8 BOEST 20271203 GTIA,40000,DOP,4,-1.5546,110.2547,14/08/2026,11:49:23 AM,PRESTAMO,SEGUNDA PARTE,ROTC,11/11/2026,CONFIRMADA,3283373,0,03/12/2024,03/12/2027,3.511287,BANCO CENTRAL DE LA REPUBLICA DOMINICANA,BCENTRAL,58982
DO1002228612,NO031227,BCENTRAL/8 BOEST 20271203 GTIA,40000,DOP,4,0.4199,109.7789,14/08/2026,11:49:23 AM,PRESTAMO,PRIMERA PARTE,ROTC,17/08/2026,CONFIRMADA,3283373,0,03/12/2024,03/12/2027,3.511287,BANCO CENTRAL DE LA REPUBLICA DOMINICANA,BCENTRAL,58975
DO1002228612,NO031227,BCENTRAL/8 BOEST 20271203 GTIA,40000,DOP,4,-1.5546,110.2547,14/08/2026,11:49:21 AM,PLAZO,PRIMERA PARTE,ROTC,11/11/2026,CONFIRMADA,3283374,0,03/12/2024,03/12/2027,0,BANCO CENTRAL DE LA REPUBLICA DOMINICANA,BCENTRAL,57428
DO1002228612,NO031227,BCENTRAL/8 BOEST 20271203 GTIA,210000,DOP,21,9.2568,98.476781,14/08/2026,11:49:20 AM,CONTADO,PRIMERA PARTE,ROTC,17/08/2026,CONFIRMADA,3283375,0,03/12/2024,03/12/2027,0,BANCO CENTRAL DE LA REPUBLICA DOMINICANA,BCENTRAL,59367
DO1002228612,NO031227,BCENTRAL/8 BOEST 20271203 GTIA,210000,DOP,21,9.2924,98.713619,14/08/2026,11:49:19 AM,PRESTAMO,SEGUNDA PARTE,ROTC,11/11/2026,CONFIRMADA,3283376,0,03/12/2024,03/12/2027,3.673932,BANCO CENTRAL DE LA REPUBLICA DOMINICANA,BCENTRAL,59899
DO1002228612,NO031227,BCENTRAL/8 BOEST 20271203 GTIA,210000,DOP,21,9.2568,98.476781,14/08/2026,11:49:19 AM,PRESTAMO,PRIMERA PARTE,ROTC,17/08/2026,CONFIRMADA,3283376,0,03/12/2024,03/12/2027,3.673932,BANCO CENTRAL DE LA REPUBLICA DOMINICANA,BCENTRAL,60116
DO1002228612,NO031227,BCENTRAL/8 BOEST 20271203 GTIA,210000,DOP,21,9.2924,98.713619,14/08/2026,11:49:17 AM,PLAZO,PRIMERA PARTE,ROTC,11/11/2026,CONFIRMADA,3283377,0,03/12/2024,03/12/2027,0,BANCO CENTRAL DE LA REPUBLICA DOMINICANA,BCENTRAL,58345
DO1002228612,NO031227,BCENTRAL/8 BOEST 20271203 GTIA,110000,DOP,11,7.5322,100.549245,14/08/2026,11:49:16 AM,CONTADO,PRIMERA PARTE,ROTC,17/08/2026,CONFIRMADA,3283378,0,03/12/2024,03/12/2027,0,BANCO CENTRAL DE LA REPUBLICA DOMINICANA,BCENTRAL,59507
DO1002228612,NO031227,BCENTRAL/8 BOEST 20271203 GTIA,110000,DOP,11,7.1657,100.8299,14/08/2026,11:49:15 AM,PRESTAMO,SEGUNDA PARTE,ROTC,11/11/2026,CONFIRMADA,3283379,0,03/12/2024,03/12/2027,3.641416,BANCO CENTRAL DE LA REPUBLICA DOMINICANA,BCENTRAL,59416
DO1002228612,NO031227,BCENTRAL/8 BOEST 20271203 GTIA,110000,DOP,11,7.5322,100.549245,14/08/2026,11:49:15 AM,PRESTAMO,PRIMERA PARTE,ROTC,17/08/2026,CONFIRMADA,3283379,0,03/12/2024,03/12/2027,3.641416,BANCO CENTRAL DE LA REPUBLICA DOMINICANA,BCENTRAL,60193
DO1002228612,NO031227,BCENTRAL/8 BOEST 20271203 GTIA,110000,DOP,11,7.1657,100.8299,14/08/2026,11:49:14 AM,PLAZO,PRIMERA PARTE,ROTC,11/11/2026,CONFIRMADA,3283380,0,03/12/2024,03/12/2027,0,BANCO CENTRAL DE LA REPUBLICA DOMINICANA,BCENTRAL,57869
DO1002228612,NO031227,BCENTRAL/8 BOEST 20271203 GTIA,70000,DOP,7,11.621,95.732186,14/08/2026,11:49:12 AM,CONTADO,PRIMERA PARTE,ROTC,17/08/2026,CONFIRMADA,3283381,0,03/12/2024,03/12/2027,0,BANCO CENTRAL DE LA REPUBLICA DOMINICANA,BCENTRAL,58562
DO1002228612,NO031227,BCENTRAL/8 BOEST 20271203 GTIA,70000,DOP,7,12.2157,95.911,14/08/2026,11:49:11 AM,PRESTAMO,SEGUNDA PARTE,ROTC,11/11/2026,CONFIRMADA,3283382,0,03/12/2024,03/12/2027,3.719137,BANCO CENTRAL DE LA REPUBLICA DOMINICANA,BCENTRAL,58366
DO1002228612,NO031227,BCENTRAL/8 BOEST 20271203 GTIA,70000,DOP,7,11.621,95.732186,14/08/2026,11:49:11 AM,PRESTAMO,PRIMERA PARTE,ROTC,17/08/2026,CONFIRMADA,3283382,0,03/12/2024,03/12/2027,3.719137,BANCO CENTRAL DE LA REPUBLICA DOMINICANA,BCENTRAL,59248
DO1002228612,NO031227,BCENTRAL/8 BOEST 20271203 GTIA,70000,DOP,7,12.2157,95.911,14/08/2026,11:49:10 AM,PLAZO,PRIMERA PARTE,ROTC,11/11/2026,CONFIRMADA,3283384,0,03/12/2024,03/12/2027,0,BANCO CENTRAL DE LA REPUBLICA DOMINICANA,BCENTRAL,56819
DO1002228612,NO031227,BCENTRAL/8 BOEST 20271203 GTIA,540000,DOP,54,7.4193,100.685548,14/08/2026,11:49:09 AM,CONTADO,PRIMERA PARTE,ROTC,18/08/2026,CONFIRMADA,3283385,0,03/12/2024,03/12/2027,0,BANCO CENTRAL DE LA REPUBLICA DOMINICANA,BCENTRAL,59710
DO1002228612,NO031227,BCENTRAL/8 BOEST 20271203 GTIA,540000,DOP,54,7.0038,100.982757,14/08/2026,11:49:07 AM,PRESTAMO,SEGUNDA PARTE,ROTC,16/11/2026,CONFIRMADA,3283386,0,03/12/2024,03/12/2027,3.752586,BANCO CENTRAL DE LA REPUBLICA DOMINICANA,BCENTRAL,60242
DO1002228612,NO031227,BCENTRAL/8 BOEST 20271203 GTIA,540000,DOP,54,7.4193,100.685548,14/08/2026,11:49:07 AM,PRESTAMO,PRIMERA PARTE,ROTC,18/08/2026,CONFIRMADA,3283386,0,03/12/2024,03/12/2027,3.752586,BANCO CENTRAL DE LA REPUBLICA DOMINICANA,BCENTRAL,60389
DO1002228612,NO031227,BCENTRAL/8 BOEST 20271203 GTIA,540000,DOP,54,7.0038,100.982757,14/08/2026,11:49:06 AM,PLAZO,PRIMERA PARTE,ROTC,16/11/2026,CONFIRMADA,3283387,0,03/12/2024,03/12/2027,0,BANCO CENTRAL DE LA REPUBLICA DOMINICANA,BCENTRAL,58695
DO1002223928,NO120227,BCENTRAL/8 BOEST 20270212 GTIA,2000000,DOP,200,8.228,99.891305,14/08/2026,11:49:05 AM,CONTADO,PRIMERA PARTE,ROTC,17/08/2026,CONFIRMADA,3283388,0,12/02/2022,12/02/2027,0,BANCO CENTRAL DE LA REPUBLICA DOMINICANA,BCENTRAL,59619
DO1002223928,NO120227,BCENTRAL/8 BOEST 20270212 GTIA,2000000,DOP,200,5.9102,100.315942,14/08/2026,11:49:03 AM,PRESTAMO,SEGUNDA PARTE,ROTC,15/12/2026,CONFIRMADA,3283389,0,12/02/2022,12/02/2027,3.049527,BANCO CENTRAL DE LA REPUBLICA DOMINICANA,BCENTRAL,60704
DO1002223928,NO120227,BCENTRAL/8 BOEST 20270212 GTIA,2000000,DOP,200,8.228,99.891305,14/08/2026,11:49:03 AM,PRESTAMO,PRIMERA PARTE,ROTC,17/08/2026,CONFIRMADA,3283389,0,12/02/2022,12/02/2027,3.049527,BANCO CENTRAL DE LA REPUBLICA DOMINICANA,BCENTRAL,60298
DO1002223928,NO120227,BCENTRAL/8 BOEST 20270212 GTIA,2000000,DOP,200,5.9102,100.315942,14/08/2026,11:49:02 AM,PLAZO,PRIMERA PARTE,ROTC,15/12/2026,CONFIRMADA,3283390,0,12/02/2022,12/02/2027,0,BANCO CENTRAL DE LA REPUBLICA DOMINICANA,BCENTRAL,59157
DO1002223928,NO120227,BCENTRAL/8 BOEST 20270212 GTIA,1990000,DOP,199,7.1988,100.372078,14/08/2026,11:49:01 AM,CONTADO,PRIMERA PARTE,ROTC,18/08/2026,CONFIRMADA,3283391,0,12/02/2022,12/02/2027,0,BANCO CENTRAL DE LA REPUBLICA DOMINICANA,BCENTRAL,60487
DO1002223928,NO120227,BCENTRAL/8 BOEST 20270212 GTIA,1990000,DOP,199,2.7636,100.811958,14/08/2026,11:48:59 AM,PRESTAMO,SEGUNDA PARTE,ROTC,16/12/2026,CONFIRMADA,3283392,0,12/02/2022,12/02/2027,3.069993,BANCO CENTRAL DE LA REPUBLICA DOMINICANA,BCENTRAL,61124
DO1002223928,NO120227,BCENTRAL/8 BOEST 20270212 GTIA,1990000,DOP,199,7.1988,100.372078,14/08/2026,11:48:59 AM,PRESTAMO,PRIMERA PARTE,ROTC,18/08/2026,CONFIRMADA,3283392,0,12/02/2022,12/02/2027,3.069993,BANCO CENTRAL DE LA REPUBLICA DOMINICANA,BCENTRAL,61264
DO1002223928,NO120227,BCENTRAL/8 BOEST 20270212 GTIA,1990000,DOP,199,2.7636,100.811958,14/08/2026,11:48:58 AM,PLAZO,PRIMERA PARTE,ROTC,16/12/2026,CONFIRMADA,3283393,0,12/02/2022,12/02/2027,0,BANCO CENTRAL DE LA REPUBLICA DOMINICANA,BCENTRAL,59577
DO1002228612,NO031227,BCENTRAL/8 BOEST 20271203 GTIA,510000,DOP,51,7.3035,100.828751,14/08/2026,11:48:57 AM,CONTADO,PRIMERA PARTE,ROTC,17/08/2026,CONFIRMADA,3283394,0,03/12/2024,03/12/2027,0,BANCO CENTRAL DE LA REPUBLICA DOMINICANA,BCENTRAL,59598
DO1002228612,NO031227,BCENTRAL/8 BOEST 20271203 GTIA,510000,DOP,51,1.0616,101.261431,14/08/2026,11:48:56 AM,PRESTAMO,SEGUNDA PARTE,ROTC,02/12/2026,CONFIRMADA,3283395,0,03/12/2024,03/12/2027,4.19122,BANCO CENTRAL DE LA REPUBLICA DOMINICANA,BCENTRAL,60025
DO1002228612,NO031227,BCENTRAL/8 BOEST 20271203 GTIA,510000,DOP,51,7.3035,100.828751,14/08/2026,11:48:56 AM,PRESTAMO,PRIMERA PARTE,ROTC,17/08/2026,CONFIRMADA,3283395,0,03/12/2024,03/12/2027,4.19122,BANCO CENTRAL DE LA REPUBLICA DOMINICANA,BCENTRAL,60284
DO1005208322,MHUS2040,HACIENDA/6.75 BOEST 20400724 GTIA,3000,USD,3,4.3144,125.319,14/08/2026,11:48:54 AM,CONTADO,PRIMERA PARTE,ROTC,14/08/2026,CONFIRMADA,3282842,0,24/07/2020,24/07/2040,0,MINISTERIO DE HACIENDA,HACIENDA,58716
DO1002228612,NO031227,BCENTRAL/8 BOEST 20271203 GTIA,510000,DOP,51,1.0616,101.261431,14/08/2026,11:48:54 AM,PLAZO,PRIMERA PARTE,ROTC,02/12/2026,CONFIRMADA,3283396,0,03/12/2024,03/12/2027,0,BANCO CENTRAL DE LA REPUBLICA DOMINICANA,BCENTRAL,58471
DO1002227317,NO150928,BCENTRAL/11 BOEST 20280915 GTIA,540000,DOP,54,0,102.891356,14/08/2026,11:48:53 AM,PLAZO,PRIMERA PARTE,ROTC,02/12/2026,CONFIRMADA,3283397,0,15/09/2023,15/09/2028,0,BANCO CENTRAL DE LA REPUBLICA DOMINICANA,BCENTRAL,57295
DO1002227317,NO150928,BCENTRAL/11 BOEST 20280915 GTIA,540000,DOP,54,8,102.716298,14/08/2026,11:48:52 AM,PRESTAMO,SEGUNDA PARTE,ROTC,12/03/2027,CONFIRMADA,3283398,0,15/09/2023,15/09/2028,4.840485,BANCO CENTRAL DE LA REPUBLICA DOMINICANA,BCENTRAL,58905
DO1002227317,NO150928,BCENTRAL/11 BOEST 20280915 GTIA,540000,DOP,54,0,102.891356,14/08/2026,11:48:52 AM,PRESTAMO,PRIMERA PARTE,ROTC,02/12/2026,CONFIRMADA,3283398,0,15/09/2023,15/09/2028,4.840485,BANCO CENTRAL DE LA REPUBLICA DOMINICANA,BCENTRAL,58891
DO2022700119,BC1HIT01,HIT/8.45 BO 20330217,550412,USD,550412,0.1,102.797977,14/08/2026,11:48:51 AM,PRESTAMO,SEGUNDA PARTE,ROTC,18/08/2026,CONFIRMADA,3283363,0,17/02/2023,17/02/2033,3.93736,HAINA INVESTMENT CO. LTD.,HIT,55713
DO2022700119,BC1HIT01,HIT/8.45 BO 20330217,550412,USD,550412,0.1,102.797977,14/08/2026,11:48:51 AM,PRESTAMO,PRIMERA PARTE,ROTC,14/08/2026,CONFIRMADA,3283363,0,17/02/2023,17/02/2033,3.93736,HAINA INVESTMENT CO. LTD.,HIT,55748
DO2014304714,BC1DPP47,DPP/6 BO 20270817 GTIA,70100,USD,70100,0.1,105.4123,14/08/2026,11:48:50 AM,PRESTAMO,SEGUNDA PARTE,ROTC,18/08/2026,CONFIRMADA,3283367,0,17/08/2017,17/08/2027,1.429544,"DOMINICAN POWER PARTNERS, LDC",DPP,55342
DO2014304714,BC1DPP47,DPP/6 BO 20270817 GTIA,70100,USD,70100,0.1,105.4123,14/08/2026,11:48:50 AM,PRESTAMO,PRIMERA PARTE,ROTC,14/08/2026,CONFIRMADA,3283367,0,17/08/2017,17/08/2027,1.429544,"DOMINICAN POWER PARTNERS, LDC",DPP,55377
DO1002227317,NO150928,BCENTRAL/11 BOEST 20280915 GTIA,540000,DOP,54,8,102.716298,14/08/2026,11:48:50 AM,PLAZO,PRIMERA PARTE,ROTC,12/03/2027,CONFIRMADA,3283399,0,15/09/2023,15/09/2028,0,BANCO CENTRAL DE LA REPUBLICA DOMINICANA,BCENTRAL,57351
DO2014304516,BC1DPP45,DPP/6 BO 20270817 GTIA,93223,USD,93223,0.1,105.4123,14/08/2026,11:48:49 AM,PRESTAMO,SEGUNDA PARTE,ROTC,18/08/2026,CONFIRMADA,3283359,0,17/08/2017,17/08/2027,1.429541,"DOMINICAN POWER PARTNERS, LDC",DPP,55538
DO2014304516,BC1DPP45,DPP/6 BO 20270817 GTIA,93223,USD,93223,0.1,105.4123,14/08/2026,11:48:49 AM,PRESTAMO,PRIMERA PARTE,ROTC,14/08/2026,CONFIRMADA,3283359,0,17/08/2017,17/08/2027,1.429541,"DOMINICAN POWER PARTNERS, LDC",DPP,55573
DO1002223928,NO120227,BCENTRAL/8 BOEST 20270212 GTIA,300000,DOP,30,5.0361,101.405443,14/08/2026,11:48:49 AM,CONTADO,PRIMERA PARTE,ROTC,17/08/2026,CONFIRMADA,3283400,0,12/02/2022,12/02/2027,0,BANCO CENTRAL DE LA REPUBLICA DOMINICANA,BCENTRAL,59493
DO2014304417,BC1DPP44,DPP/6 BO 20270817 GTIA,87794,USD,87794,0.1,105.4123,14/08/2026,11:48:48 AM,PRESTAMO,SEGUNDA PARTE,ROTC,18/08/2026,CONFIRMADA,3283361,0,17/08/2017,17/08/2027,1.429541,"DOMINICAN POWER PARTNERS, LDC",DPP,55748
DO2014304417,BC1DPP44,DPP/6 BO 20270817 GTIA,87794,USD,87794,0.1,105.4123,14/08/2026,11:48:48 AM,PRESTAMO,PRIMERA PARTE,ROTC,14/08/2026,CONFIRMADA,3283361,0,17/08/2017,17/08/2027,1.429541,"DOMINICAN POWER PARTNERS, LDC",DPP,55783
DO1002223928,NO120227,BCENTRAL/8 BOEST 20270212 GTIA,300000,DOP,30,-3.5175,101.876013,14/08/2026,11:48:48 AM,PRESTAMO,SEGUNDA PARTE,ROTC,15/12/2026,CONFIRMADA,3283401,0,12/02/2022,12/02/2027,3.047955,BANCO CENTRAL DE LA REPUBLICA DOMINICANA,BCENTRAL,60459
DO1002223928,NO120227,BCENTRAL/8 BOEST 20270212 GTIA,300000,DOP,30,5.0361,101.405443,14/08/2026,11:48:48 AM,PRESTAMO,PRIMERA PARTE,ROTC,17/08/2026,CONFIRMADA,3283401,0,12/02/2022,12/02/2027,3.047955,BANCO CENTRAL DE LA REPUBLICA DOMINICANA,BCENTRAL,60179
DO2014304219,BC1DPP42,DPP/6 BO 20270817 GTIA,6802,USD,6802,0.1,105.4123,14/08/2026,11:48:47 AM,PRESTAMO,SEGUNDA PARTE,ROTC,18/08/2026,CONFIRMADA,3283365,0,17/08/2017,17/08/2027,1.429523,"DOMINICAN POWER PARTNERS, LDC",DPP,54789
DO2014304219,BC1DPP42,DPP/6 BO 20270817 GTIA,6802,USD,6802,0.1,105.4123,14/08/2026,11:48:47 AM,PRESTAMO,PRIMERA PARTE,ROTC,14/08/2026,CONFIRMADA,3283365,0,17/08/2017,17/08/2027,1.429523,"DOMINICAN POWER PARTNERS, LDC",DPP,54824
DO1002223928,NO120227,BCENTRAL/8 BOEST 20270212 GTIA,300000,DOP,30,-3.5175,101.876013,14/08/2026,11:48:46 AM,PLAZO,PRIMERA PARTE,ROTC,15/12/2026,CONFIRMADA,3283402,0,12/02/2022,12/02/2027,0,BANCO CENTRAL DE LA REPUBLICA DOMINICANA,BCENTRAL,58905
DO1002227317,NO150928,BCENTRAL/11 BOEST 20280915 GTIA,510000,DOP,51,0,102.910522,14/08/2026,11:48:45 AM,PLAZO,PRIMERA PARTE,ROTC,02/12/2026,CONFIRMADA,3283403,0,15/09/2023,15/09/2028,0,BANCO CENTRAL DE LA REPUBLICA DOMINICANA,BCENTRAL,57169
DO1002227317,NO150928,BCENTRAL/11 BOEST 20280915 GTIA,510000,DOP,51,9,102.587594,14/08/2026,11:48:44 AM,PRESTAMO,SEGUNDA PARTE,ROTC,12/02/2027,CONFIRMADA,3283404,0,15/09/2023,15/09/2028,3.952644,BANCO CENTRAL DE LA REPUBLICA DOMINICANA,BCENTRAL,58905
DO1002227317,NO150928,BCENTRAL/11 BOEST 20280915 GTIA,510000,DOP,51,0,102.910522,14/08/2026,11:48:44 AM,PRESTAMO,PRIMERA PARTE,ROTC,02/12/2026,CONFIRMADA,3283404,0,15/09/2023,15/09/2028,3.952644,BANCO CENTRAL DE LA REPUBLICA DOMINICANA,BCENTRAL,58765
DO1002227317,NO150928,BCENTRAL/11 BOEST 20280915 GTIA,510000,DOP,51,9,102.587594,14/08/2026,11:48:43 AM,PLAZO,PRIMERA PARTE,ROTC,12/02/2027,CONFIRMADA,3283406,0,15/09/2023,15/09/2028,0,BANCO CENTRAL DE LA REPUBLICA DOMINICANA,BCENTRAL,57358
DO1002228612,NO031227,BCENTRAL/8 BOEST 20271203 GTIA,1450000,DOP,145,0,98.629981,14/08/2026,11:48:41 AM,PLAZO,PRIMERA PARTE,ROTC,14/09/2026,CONFIRMADA,3283408,0,03/12/2024,03/12/2027,0,BANCO CENTRAL DE LA REPUBLICA DOMINICANA,BCENTRAL,57365
DO1002228612,NO031227,BCENTRAL/8 BOEST 20271203 GTIA,1450000,DOP,145,0,99.119594,14/08/2026,11:48:40 AM,PRESTAMO,SEGUNDA PARTE,ROTC,02/12/2026,CONFIRMADA,3283409,0,03/12/2024,03/12/2027,4.333514,BANCO CENTRAL DE LA REPUBLICA DOMINICANA,BCENTRAL,58800
DO1002228612,NO031227,BCENTRAL/8 BOEST 20271203 GTIA,1450000,DOP,145,0,98.629981,14/08/2026,11:48:40 AM,PRESTAMO,PRIMERA PARTE,ROTC,14/09/2026,CONFIRMADA,3283409,0,03/12/2024,03/12/2027,4.333514,BANCO CENTRAL DE LA REPUBLICA DOMINICANA,BCENTRAL,58961
DO1002228612,NO031227,BCENTRAL/8 BOEST 20271203 GTIA,1450000,DOP,145,0,99.119594,14/08/2026,11:48:39 AM,PLAZO,PRIMERA PARTE,ROTC,02/12/2026,CONFIRMADA,3283410,0,03/12/2024,03/12/2027,0,BANCO CENTRAL DE LA REPUBLICA DOMINICANA,BCENTRAL,57316
DO1002227317,NO150928,BCENTRAL/11 BOEST 20280915 GTIA,1420000,DOP,142,0,102.935942,14/08/2026,11:48:38 AM,PLAZO,PRIMERA PARTE,ROTC,02/12/2026,CONFIRMADA,3283411,0,15/09/2023,15/09/2028,0,BANCO CENTRAL DE LA REPUBLICA DOMINICANA,BCENTRAL,57960
DO1002227317,NO150928,BCENTRAL/11 BOEST 20280915 GTIA,1420000,DOP,142,0,102.762096,14/08/2026,11:48:36 AM,PRESTAMO,SEGUNDA PARTE,ROTC,12/03/2027,CONFIRMADA,3283412,0,15/09/2023,15/09/2028,4.839556,BANCO CENTRAL DE LA REPUBLICA DOMINICANA,BCENTRAL,59486
DO1002227317,NO150928,BCENTRAL/11 BOEST 20280915 GTIA,1420000,DOP,142,0,102.935942,14/08/2026,11:48:36 AM,PRESTAMO,PRIMERA PARTE,ROTC,02/12/2026,CONFIRMADA,3283412,0,15/09/2023,15/09/2028,4.839556,BANCO CENTRAL DE LA REPUBLICA DOMINICANA,BCENTRAL,59549
DO1002227317,NO150928,BCENTRAL/11 BOEST 20280915 GTIA,1420000,DOP,142,0,102.762096,14/08/2026,11:48:35 AM,PLAZO,PRIMERA PARTE,ROTC,12/03/2027,CONFIRMADA,3283413,0,15/09/2023,15/09/2028,0,BANCO CENTRAL DE LA REPUBLICA DOMINICANA,BCENTRAL,57939
DO1002228612,NO031227,BCENTRAL/8 BOEST 20271203 GTIA,1520000,DOP,152,0,98.914376,14/08/2026,11:48:34 AM,PLAZO,PRIMERA PARTE,ROTC,12/03/2027,CONFIRMADA,3283414,0,03/12/2024,03/12/2027,0,BANCO CENTRAL DE LA REPUBLICA DOMINICANA,BCENTRAL,57267
DO1002228612,NO031227,BCENTRAL/8 BOEST 20271203 GTIA,1520000,DOP,152,0,99.306787,14/08/2026,11:48:32 AM,PRESTAMO,SEGUNDA PARTE,ROTC,02/06/2027,CONFIRMADA,3283415,0,03/12/2024,03/12/2027,4.231438,BANCO CENTRAL DE LA REPUBLICA DOMINICANA,BCENTRAL,58821
DO1002228612,NO031227,BCENTRAL/8 BOEST 20271203 GTIA,1520000,DOP,152,0,98.914376,14/08/2026,11:48:32 AM,PRESTAMO,PRIMERA PARTE,ROTC,12/03/2027,CONFIRMADA,3283415,0,03/12/2024,03/12/2027,4.231438,BANCO CENTRAL DE LA REPUBLICA DOMINICANA,BCENTRAL,58856
DO1002228612,NO031227,BCENTRAL/8 BOEST 20271203 GTIA,1520000,DOP,152,0,99.306787,14/08/2026,11:48:31 AM,PLAZO,PRIMERA PARTE,ROTC,02/06/2027,CONFIRMADA,3283416,0,03/12/2024,03/12/2027,0,BANCO CENTRAL DE LA REPUBLICA DOMINICANA,BCENTRAL,57274
DO1002227317,NO150928,BCENTRAL/11 BOEST 20280915 GTIA,1490000,DOP,149,0,103.032881,14/08/2026,11:48:30 AM,PLAZO,PRIMERA PARTE,ROTC,02/06/2027,CONFIRMADA,3283417,0,15/09/2023,15/09/2028,0,BANCO CENTRAL DE LA REPUBLICA DOMINICANA,BCENTRAL,57967
DO1002227317,NO150928,BCENTRAL/11 BOEST 20280915 GTIA,1490000,DOP,149,0,102.856834,14/08/2026,11:48:28 AM,PRESTAMO,SEGUNDA PARTE,ROTC,09/08/2027,CONFIRMADA,3283418,0,15/09/2023,15/09/2028,3.932813,BANCO CENTRAL DE LA REPUBLICA DOMINICANA,BCENTRAL,59696
DO1002227317,NO150928,BCENTRAL/11 BOEST 20280915 GTIA,1490000,DOP,149,0,103.032881,14/08/2026,11:48:28 AM,PRESTAMO,PRIMERA PARTE,ROTC,02/06/2027,CONFIRMADA,3283418,0,15/09/2023,15/09/2028,3.932813,BANCO CENTRAL DE LA REPUBLICA DOMINICANA,BCENTRAL,59619
DO1002227317,NO150928,BCENTRAL/11 BOEST 20280915 GTIA,1490000,DOP,149,0,102.856834,14/08/2026,11:48:27 AM,PLAZO,PRIMERA PARTE,ROTC,09/08/2027,CONFIRMADA,3283419,0,15/09/2023,15/09/2028,0,BANCO CENTRAL DE LA REPUBLICA DOMINICANA,BCENTRAL,58149
DO1002227317,NO150928,BCENTRAL/11 BOEST 20280915 GTIA,1020000,DOP,102,0,102.836447,14/08/2026,11:48:26 AM,PLAZO,PRIMERA PARTE,ROTC,02/12/2026,CONFIRMADA,3283420,0,15/09/2023,15/09/2028,0,BANCO CENTRAL DE LA REPUBLICA DOMINICANA,BCENTRAL,57883
DO1002261928,LE090427,BCENTRAL/ LT 20270409 GTIA,220000,DOP,22,7.2069,95.452141,14/08/2026,11:48:25 AM,CONTADO,PRIMERA PARTE,ROTC,14/08/2026,CONFIRMADA,3282839,0,09/04/2026,09/04/2027,0,BANCO CENTRAL DE LA REPUBLICA DOMINICANA,BCENTRAL,57337
DO1005206516,MH32028,HACIENDA/10.75 BOEST 20280811 GTIA,19200000,DOP,192,4.5691,108.847346,14/08/2026,11:48:25 AM,PRESTAMO,SEGUNDA PARTE,ROTC,12/02/2027,CONFIRMADA,3283310,0,10/08/2018,11/08/2028,10.75,MINISTERIO DE HACIENDA,HACIENDA,62139
DO1005206516,MH32028,HACIENDA/10.75 BOEST 20280811 GTIA,19200000,DOP,192,8.49658,104.048859,14/08/2026,11:48:25 AM,PRESTAMO,PRIMERA PARTE,ROTC,14/08/2026,CONFIRMADA,3283310,0,10/08/2018,11/08/2028,10.75,MINISTERIO DE HACIENDA,HACIENDA,62678
DO1002227317,NO150928,BCENTRAL/11 BOEST 20280915 GTIA,1020000,DOP,102,9,102.568218,14/08/2026,11:48:25 AM,PRESTAMO,SEGUNDA PARTE,ROTC,10/02/2027,CONFIRMADA,3283421,0,15/09/2023,15/09/2028,3.949927,BANCO CENTRAL DE LA REPUBLICA DOMINICANA,BCENTRAL,59458
DO1002227317,NO150928,BCENTRAL/11 BOEST 20280915 GTIA,1020000,DOP,102,0,102.836447,14/08/2026,11:48:25 AM,PRESTAMO,PRIMERA PARTE,ROTC,02/12/2026,CONFIRMADA,3283421,0,15/09/2023,15/09/2028,3.949927,BANCO CENTRAL DE LA REPUBLICA DOMINICANA,BCENTRAL,59479
DO1002227317,NO150928,BCENTRAL/11 BOEST 20280915 GTIA,1020000,DOP,102,9,102.568218,14/08/2026,11:48:23 AM,PLAZO,PRIMERA PARTE,ROTC,10/02/2027,CONFIRMADA,3283422,0,15/09/2023,15/09/2028,0,BANCO CENTRAL DE LA REPUBLICA DOMINICANA,BCENTRAL,57904
DO1002228612,NO031227,BCENTRAL/8 BOEST 20271203 GTIA,580000,DOP,58,0,98.528043,14/08/2026,11:48:22 AM,PLAZO,PRIMERA PARTE,ROTC,12/03/2027,CONFIRMADA,3283423,0,03/12/2024,03/12/2027,0,BANCO CENTRAL DE LA REPUBLICA DOMINICANA,BCENTRAL,56588
DO1002228612,NO031227,BCENTRAL/8 BOEST 20271203 GTIA,580000,DOP,58,8,98.912066,14/08/2026,11:48:21 AM,PRESTAMO,SEGUNDA PARTE,ROTC,02/06/2027,CONFIRMADA,3283424,0,03/12/2024,03/12/2027,4.239519,BANCO CENTRAL DE LA REPUBLICA DOMINICANA,BCENTRAL,58205
DO1002228612,NO031227,BCENTRAL/8 BOEST 20271203 GTIA,580000,DOP,58,0,98.528043,14/08/2026,11:48:21 AM,PRESTAMO,PRIMERA PARTE,ROTC,12/03/2027,CONFIRMADA,3283424,0,03/12/2024,03/12/2027,4.239519,BANCO CENTRAL DE LA REPUBLICA DOMINICANA,BCENTRAL,58184
DO1002228612,NO031227,BCENTRAL/8 BOEST 20271203 GTIA,580000,DOP,58,8,98.912066,14/08/2026,11:48:19 AM,PLAZO,PRIMERA PARTE,ROTC,02/06/2027,CONFIRMADA,3283425,0,03/12/2024,03/12/2027,0,BANCO CENTRAL DE LA REPUBLICA DOMINICANA,BCENTRAL,56714
DO1002227317,NO150928,BCENTRAL/11 BOEST 20280915 GTIA,570000,DOP,57,0,102.3635,14/08/2026,11:48:18 AM,PLAZO,PRIMERA PARTE,ROTC,02/06/2027,CONFIRMADA,3283426,0,15/09/2023,15/09/2028,0,BANCO CENTRAL DE LA REPUBLICA DOMINICANA,BCENTRAL,56595
DO1002227317,NO150928,BCENTRAL/11 BOEST 20280915 GTIA,570000,DOP,57,8,102.175661,14/08/2026,11:48:17 AM,PRESTAMO,SEGUNDA PARTE,ROTC,09/08/2027,CONFIRMADA,3283427,0,15/09/2023,15/09/2028,3.946885,BANCO CENTRAL DE LA REPUBLICA DOMINICANA,BCENTRAL,58982
DO1002227317,NO150928,BCENTRAL/11 BOEST 20280915 GTIA,570000,DOP,57,0,102.3635,14/08/2026,11:48:17 AM,PRESTAMO,PRIMERA PARTE,ROTC,02/06/2027,CONFIRMADA,3283427,0,15/09/2023,15/09/2028,3.946885,BANCO CENTRAL DE LA REPUBLICA DOMINICANA,BCENTRAL,58191
DO1002227317,NO150928,BCENTRAL/11 BOEST 20280915 GTIA,570000,DOP,57,8,102.175661,14/08/2026,11:48:15 AM,PLAZO,PRIMERA PARTE,ROTC,09/08/2027,CONFIRMADA,3283428,0,15/09/2023,15/09/2028,0,BANCO CENTRAL DE LA REPUBLICA DOMINICANA,BCENTRAL,57428
DO1002223928,NO120227,BCENTRAL/8 BOEST 20270212 GTIA,20000,DOP,2,0,121.15005,14/08/2026,11:48:14 AM,PLAZO,PRIMERA PARTE,ROTC,14/09/2026,CONFIRMADA,3283429,0,12/02/2022,12/02/2027,0,BANCO CENTRAL DE LA REPUBLICA DOMINICANA,BCENTRAL,55671
DO1002223928,NO120227,BCENTRAL/8 BOEST 20270212 GTIA,20000,DOP,2,0,121.61345,14/08/2026,11:48:13 AM,PRESTAMO,SEGUNDA PARTE,ROTC,11/11/2026,CONFIRMADA,3283430,0,12/02/2022,12/02/2027,1.975578,BANCO CENTRAL DE LA REPUBLICA DOMINICANA,BCENTRAL,57190
DO1002223928,NO120227,BCENTRAL/8 BOEST 20270212 GTIA,20000,DOP,2,0,121.15005,14/08/2026,11:48:13 AM,PRESTAMO,PRIMERA PARTE,ROTC,14/09/2026,CONFIRMADA,3283430,0,12/02/2022,12/02/2027,1.975578,BANCO CENTRAL DE LA REPUBLICA DOMINICANA,BCENTRAL,57267
DO1002223928,NO120227,BCENTRAL/8 BOEST 20270212 GTIA,20000,DOP,2,0,121.61345,14/08/2026,11:48:12 AM,PLAZO,PRIMERA PARTE,ROTC,11/11/2026,CONFIRMADA,3283431,0,12/02/2022,12/02/2027,0,BANCO CENTRAL DE LA REPUBLICA DOMINICANA,BCENTRAL,55643
DO1002223928,NO120227,BCENTRAL/8 BOEST 20270212 GTIA,400000,DOP,40,0,100.099373,14/08/2026,11:48:10 AM,PLAZO,PRIMERA PARTE,ROTC,14/09/2026,CONFIRMADA,3283432,0,12/02/2022,12/02/2027,0,BANCO CENTRAL DE LA REPUBLICA DOMINICANA,BCENTRAL,56798
DO1002223928,NO120227,BCENTRAL/8 BOEST 20270212 GTIA,400000,DOP,40,8,100.730105,14/08/2026,11:48:09 AM,PRESTAMO,SEGUNDA PARTE,ROTC,10/02/2027,CONFIRMADA,3283433,0,12/02/2022,12/02/2027,4.381892,BANCO CENTRAL DE LA REPUBLICA DOMINICANA,BCENTRAL,58275
DO1002223928,NO120227,BCENTRAL/8 BOEST 20270212 GTIA,400000,DOP,40,0,100.099373,14/08/2026,11:48:09 AM,PRESTAMO,PRIMERA PARTE,ROTC,14/09/2026,CONFIRMADA,3283433,0,12/02/2022,12/02/2027,4.381892,BANCO CENTRAL DE LA REPUBLICA DOMINICANA,BCENTRAL,58457
DO1002223928,NO120227,BCENTRAL/8 BOEST 20270212 GTIA,400000,DOP,40,8,100.730105,14/08/2026,11:48:08 AM,PLAZO,PRIMERA PARTE,ROTC,10/02/2027,CONFIRMADA,3283434,0,12/02/2022,12/02/2027,0,BANCO CENTRAL DE LA REPUBLICA DOMINICANA,BCENTRAL,56728
DO1002228612,NO031227,BCENTRAL/8 BOEST 20271203 GTIA,3970000,DOP,397,0,99.00808,14/08/2026,11:48:06 AM,PLAZO,PRIMERA PARTE,ROTC,14/09/2026,CONFIRMADA,3283435,0,03/12/2024,03/12/2027,0,BANCO CENTRAL DE LA REPUBLICA DOMINICANA,BCENTRAL,57036
DO1002228612,NO031227,BCENTRAL/8 BOEST 20271203 GTIA,3970000,DOP,397,8,99.183513,14/08/2026,11:48:05 AM,PRESTAMO,SEGUNDA PARTE,ROTC,14/10/2026,CONFIRMADA,3283436,0,03/12/2024,03/12/2027,3.019413,BANCO CENTRAL DE LA REPUBLICA DOMINICANA,BCENTRAL,58940
DO1002228612,NO031227,BCENTRAL/8 BOEST 20271203 GTIA,3970000,DOP,397,0,99.00808,14/08/2026,11:48:05 AM,PRESTAMO,PRIMERA PARTE,ROTC,14/09/2026,CONFIRMADA,3283436,0,03/12/2024,03/12/2027,3.019413,BANCO CENTRAL DE LA REPUBLICA DOMINICANA,BCENTRAL,58632
DO1002228612,NO031227,BCENTRAL/8 BOEST 20271203 GTIA,3970000,DOP,397,8,99.183513,14/08/2026,11:48:04 AM,PLAZO,PRIMERA PARTE,ROTC,14/10/2026,CONFIRMADA,3283437,0,03/12/2024,03/12/2027,0,BANCO CENTRAL DE LA REPUBLICA DOMINICANA,BCENTRAL,57393
DO1002228612,NO031227,BCENTRAL/8 BOEST 20271203 GTIA,3950000,DOP,395,0,98.865048,14/08/2026,11:48:02 AM,PLAZO,PRIMERA PARTE,ROTC,14/10/2026,CONFIRMADA,3283438,0,03/12/2024,03/12/2027,0,BANCO CENTRAL DE LA REPUBLICA DOMINICANA,BCENTRAL,57358
DO1002228612,NO031227,BCENTRAL/8 BOEST 20271203 GTIA,3950000,DOP,395,8,99.04469,14/08/2026,11:48:01 AM,PRESTAMO,SEGUNDA PARTE,ROTC,13/11/2026,CONFIRMADA,3283439,0,03/12/2024,03/12/2027,3.647377,BANCO CENTRAL DE LA REPUBLICA DOMINICANA,BCENTRAL,58562
DO1002228612,NO031227,BCENTRAL/8 BOEST 20271203 GTIA,3950000,DOP,395,0,98.865048,14/08/2026,11:48:01 AM,PRESTAMO,PRIMERA PARTE,ROTC,14/10/2026,CONFIRMADA,3283439,0,03/12/2024,03/12/2027,3.647377,BANCO CENTRAL DE LA REPUBLICA DOMINICANA,BCENTRAL,58954
DO1002228612,NO031227,BCENTRAL/8 BOEST 20271203 GTIA,3950000,DOP,395,8,99.04469,14/08/2026,11:48:00 AM,PLAZO,PRIMERA PARTE,ROTC,13/11/2026,CONFIRMADA,3283440,0,03/12/2024,03/12/2027,0,BANCO CENTRAL DE LA REPUBLICA DOMINICANA,BCENTRAL,57015
DO1002261928,LE090427,BCENTRAL/ LT 20270409 GTIA,5380000,DOP,538,8.9376,94.487384,14/08/2026,11:47:59 AM,CONTADO,PRIMERA PARTE,ROTC,17/08/2026,CONFIRMADA,3282793,0,09/04/2026,09/04/2027,0,BANCO CENTRAL DE LA REPUBLICA DOMINICANA,BCENTRAL,58415
DO1002227317,NO150928,BCENTRAL/11 BOEST 20280915 GTIA,3850000,DOP,385,0,102.622767,14/08/2026,11:47:59 AM,PLAZO,PRIMERA PARTE,ROTC,13/11/2026,CONFIRMADA,3283441,0,15/09/2023,15/09/2028,0,BANCO CENTRAL DE LA REPUBLICA DOMINICANA,BCENTRAL,58093
DO1002227317,NO150928,BCENTRAL/11 BOEST 20280915 GTIA,3850000,DOP,385,8,102.566425,14/08/2026,11:47:58 AM,PRESTAMO,SEGUNDA PARTE,ROTC,14/12/2026,CONFIRMADA,3283442,0,15/09/2023,15/09/2028,2.543622,BANCO CENTRAL DE LA REPUBLICA DOMINICANA,BCENTRAL,59682
DO1002227317,NO150928,BCENTRAL/11 BOEST 20280915 GTIA,3850000,DOP,385,0,102.622767,14/08/2026,11:47:58 AM,PRESTAMO,PRIMERA PARTE,ROTC,13/11/2026,CONFIRMADA,3283442,0,15/09/2023,15/09/2028,2.543622,BANCO CENTRAL DE LA REPUBLICA DOMINICANA,BCENTRAL,59689
DO1002227317,NO150928,BCENTRAL/11 BOEST 20280915 GTIA,3850000,DOP,385,8,102.566425,14/08/2026,11:47:57 AM,PLAZO,PRIMERA PARTE,ROTC,14/12/2026,CONFIRMADA,3283443,0,15/09/2023,15/09/2028,0,BANCO CENTRAL DE LA REPUBLICA DOMINICANA,BCENTRAL,58135
DO1002228612,NO031227,BCENTRAL/8 BOEST 20271203 GTIA,4050000,DOP,405,0,99.017501,14/08/2026,11:47:55 AM,PLAZO,PRIMERA PARTE,ROTC,14/12/2026,CONFIRMADA,3283445,0,03/12/2024,03/12/2027,0,BANCO CENTRAL DE LA REPUBLICA DOMINICANA,BCENTRAL,57197
DO1002228612,NO031227,BCENTRAL/8 BOEST 20271203 GTIA,4050000,DOP,405,8,99.178094,14/08/2026,11:47:54 AM,PRESTAMO,SEGUNDA PARTE,ROTC,14/01/2027,CONFIRMADA,3283446,0,03/12/2024,03/12/2027,1.082575,BANCO CENTRAL DE LA REPUBLICA DOMINICANA,BCENTRAL,58884
DO1002228612,NO031227,BCENTRAL/8 BOEST 20271203 GTIA,4050000,DOP,405,0,99.017501,14/08/2026,11:47:54 AM,PRESTAMO,PRIMERA PARTE,ROTC,14/12/2026,CONFIRMADA,3283446,0,03/12/2024,03/12/2027,1.082575,BANCO CENTRAL DE LA REPUBLICA DOMINICANA,BCENTRAL,58793
DO1002228612,NO031227,BCENTRAL/8 BOEST 20271203 GTIA,4050000,DOP,405,8,99.178094,14/08/2026,11:47:53 AM,PLAZO,PRIMERA PARTE,ROTC,14/01/2027,CONFIRMADA,3283448,0,03/12/2024,03/12/2027,0,BANCO CENTRAL DE LA REPUBLICA DOMINICANA,BCENTRAL,57337
DO1002228612,NO031227,BCENTRAL/8 BOEST 20271203 GTIA,4030000,DOP,403,0,98.828784,14/08/2026,11:47:52 AM,PLAZO,PRIMERA PARTE,ROTC,14/01/2027,CONFIRMADA,3283449,0,03/12/2024,03/12/2027,0,BANCO CENTRAL DE LA REPUBLICA DOMINICANA,BCENTRAL,57295
DO1002228612,NO031227,BCENTRAL/8 BOEST 20271203 GTIA,4030000,DOP,403,8,98.982925,14/08/2026,11:47:50 AM,PRESTAMO,SEGUNDA PARTE,ROTC,12/02/2027,CONFIRMADA,3283451,0,03/12/2024,03/12/2027,1.705314,BANCO CENTRAL DE LA REPUBLICA DOMINICANA,BCENTRAL,58856
DO1002228612,NO031227,BCENTRAL/8 BOEST 20271203 GTIA,4030000,DOP,403,0,98.828784,14/08/2026,11:47:50 AM,PRESTAMO,PRIMERA PARTE,ROTC,14/01/2027,CONFIRMADA,3283451,0,03/12/2024,03/12/2027,1.705314,BANCO CENTRAL DE LA REPUBLICA DOMINICANA,BCENTRAL,58884
DO1002228612,NO031227,BCENTRAL/8 BOEST 20271203 GTIA,4030000,DOP,403,8,98.982925,14/08/2026,11:47:49 AM,PLAZO,PRIMERA PARTE,ROTC,12/02/2027,CONFIRMADA,3283453,0,03/12/2024,03/12/2027,0,BANCO CENTRAL DE LA REPUBLICA DOMINICANA,BCENTRAL,57372
DO1002228612,NO031227,BCENTRAL/8 BOEST 20271203 GTIA,4000000,DOP,400,0,98.93956,14/08/2026,11:47:48 AM,PLAZO,PRIMERA PARTE,ROTC,12/02/2027,CONFIRMADA,3283454,0,03/12/2024,03/12/2027,0,BANCO CENTRAL DE LA REPUBLICA DOMINICANA,BCENTRAL,56910
DO1002228612,NO031227,BCENTRAL/8 BOEST 20271203 GTIA,4000000,DOP,400,8,99.094117,14/08/2026,11:47:47 AM,PRESTAMO,SEGUNDA PARTE,ROTC,12/03/2027,CONFIRMADA,3283456,0,03/12/2024,03/12/2027,2.301158,BANCO CENTRAL DE LA REPUBLICA DOMINICANA,BCENTRAL,58779
DO1002228612,NO031227,BCENTRAL/8 BOEST 20271203 GTIA,4000000,DOP,400,0,98.93956,14/08/2026,11:47:47 AM,PRESTAMO,PRIMERA PARTE,ROTC,12/02/2027,CONFIRMADA,3283456,0,03/12/2024,03/12/2027,2.301158,BANCO CENTRAL DE LA REPUBLICA DOMINICANA,BCENTRAL,58506
DO1002228612,NO031227,BCENTRAL/8 BOEST 20271203 GTIA,4000000,DOP,400,8,99.094117,14/08/2026,11:47:46 AM,PLAZO,PRIMERA PARTE,ROTC,12/03/2027,CONFIRMADA,3283457,0,03/12/2024,03/12/2027,0,BANCO CENTRAL DE LA REPUBLICA DOMINICANA,BCENTRAL,57232
DO1002228612,NO031227,BCENTRAL/8 BOEST 20271203 GTIA,3980000,DOP,398,0,98.829201,14/08/2026,11:47:45 AM,PLAZO,PRIMERA PARTE,ROTC,12/03/2027,CONFIRMADA,3283458,0,03/12/2024,03/12/2027,0,BANCO CENTRAL DE LA REPUBLICA DOMINICANA,BCENTRAL,57386
DO1002228612,NO031227,BCENTRAL/8 BOEST 20271203 GTIA,3980000,DOP,398,8,99.015917,14/08/2026,11:47:44 AM,PRESTAMO,SEGUNDA PARTE,ROTC,14/04/2027,CONFIRMADA,3283459,0,03/12/2024,03/12/2027,3.029735,BANCO CENTRAL DE LA REPUBLICA DOMINICANA,BCENTRAL,59010
DO1002228612,NO031227,BCENTRAL/8 BOEST 20271203 GTIA,3980000,DOP,398,0,98.829201,14/08/2026,11:47:44 AM,PRESTAMO,PRIMERA PARTE,ROTC,12/03/2027,CONFIRMADA,3283459,0,03/12/2024,03/12/2027,3.029735,BANCO CENTRAL DE LA REPUBLICA DOMINICANA,BCENTRAL,58982
DO1005206516,MH32028,HACIENDA/10.75 BOEST 20280811 GTIA,19200000,DOP,192,4.5691,108.847346,14/08/2026,11:47:42 AM,ESTRUCTURADA,SEGUNDA PARTE,ROTC,12/02/2027,CONFIRMADA,3283309,0,10/08/2018,11/08/2028,10.75,MINISTERIO DE HACIENDA,HACIENDA,64225
DO1005206516,MH32028,HACIENDA/10.75 BOEST 20280811 GTIA,19200000,DOP,192,8.49658,104.048859,14/08/2026,11:47:42 AM,ESTRUCTURADA,PRIMERA PARTE,ROTC,14/08/2026,CONFIRMADA,3283309,0,10/08/2018,11/08/2028,10.75,MINISTERIO DE HACIENDA,HACIENDA,64764
DO1002228612,NO031227,BCENTRAL/8 BOEST 20271203 GTIA,3980000,DOP,398,8,99.015917,14/08/2026,11:47:42 AM,PLAZO,PRIMERA PARTE,ROTC,14/04/2027,CONFIRMADA,3283460,0,03/12/2024,03/12/2027,0,BANCO CENTRAL DE LA REPUBLICA DOMINICANA,BCENTRAL,57456
DO1002228612,NO031227,BCENTRAL/8 BOEST 20271203 GTIA,3950000,DOP,395,0,98.871053,14/08/2026,11:47:41 AM,PLAZO,PRIMERA PARTE,ROTC,14/04/2027,CONFIRMADA,3283461,0,03/12/2024,03/12/2027,0,BANCO CENTRAL DE LA REPUBLICA DOMINICANA,BCENTRAL,57351
DO1002228612,NO031227,BCENTRAL/8 BOEST 20271203 GTIA,3950000,DOP,395,8,99.047092,14/08/2026,11:47:40 AM,PRESTAMO,SEGUNDA PARTE,ROTC,14/05/2027,CONFIRMADA,3283462,0,03/12/2024,03/12/2027,3.641525,BANCO CENTRAL DE LA REPUBLICA DOMINICANA,BCENTRAL,58940
DO1002228612,NO031227,BCENTRAL/8 BOEST 20271203 GTIA,3950000,DOP,395,0,98.871053,14/08/2026,11:47:40 AM,PRESTAMO,PRIMERA PARTE,ROTC,14/04/2027,CONFIRMADA,3283462,0,03/12/2024,03/12/2027,3.641525,BANCO CENTRAL DE LA REPUBLICA DOMINICANA,BCENTRAL,58947
DO1002228612,NO031227,BCENTRAL/8 BOEST 20271203 GTIA,3950000,DOP,395,8,99.047092,14/08/2026,11:47:39 AM,PLAZO,PRIMERA PARTE,ROTC,14/05/2027,CONFIRMADA,3283463,0,03/12/2024,03/12/2027,0,BANCO CENTRAL DE LA REPUBLICA DOMINICANA,BCENTRAL,57456
DO1002227317,NO150928,BCENTRAL/11 BOEST 20280915 GTIA,3850000,DOP,385,0,102.622106,14/08/2026,11:47:38 AM,PLAZO,PRIMERA PARTE,ROTC,14/05/2027,CONFIRMADA,3283464,0,15/09/2023,15/09/2028,0,BANCO CENTRAL DE LA REPUBLICA DOMINICANA,BCENTRAL,58016
DO1002227317,NO150928,BCENTRAL/11 BOEST 20280915 GTIA,3850000,DOP,385,8,102.581123,14/08/2026,11:47:37 AM,PRESTAMO,SEGUNDA PARTE,ROTC,14/06/2027,CONFIRMADA,3283465,0,15/09/2023,15/09/2028,2.544249,BANCO CENTRAL DE LA REPUBLICA DOMINICANA,BCENTRAL,59633
DO1002227317,NO150928,BCENTRAL/11 BOEST 20280915 GTIA,3850000,DOP,385,0,102.622106,14/08/2026,11:47:37 AM,PRESTAMO,PRIMERA PARTE,ROTC,14/05/2027,CONFIRMADA,3283465,0,15/09/2023,15/09/2028,2.544249,BANCO CENTRAL DE LA REPUBLICA DOMINICANA,BCENTRAL,59612
DO1002227317,NO150928,BCENTRAL/11 BOEST 20280915 GTIA,3850000,DOP,385,8,102.581123,14/08/2026,11:47:35 AM,PLAZO,PRIMERA PARTE,ROTC,14/06/2027,CONFIRMADA,3283466,0,15/09/2023,15/09/2028,0,BANCO CENTRAL DE LA REPUBLICA DOMINICANA,BCENTRAL,58079
DO1002228612,NO031227,BCENTRAL/8 BOEST 20271203 GTIA,4050000,DOP,405,0,99.018822,14/08/2026,11:47:34 AM,PLAZO,PRIMERA PARTE,ROTC,14/06/2027,CONFIRMADA,3283467,0,03/12/2024,03/12/2027,0,BANCO CENTRAL DE LA REPUBLICA DOMINICANA,BCENTRAL,57253
DO1002228612,NO031227,BCENTRAL/8 BOEST 20271203 GTIA,4050000,DOP,405,8,99.177838,14/08/2026,11:47:33 AM,PRESTAMO,SEGUNDA PARTE,ROTC,14/07/2027,CONFIRMADA,3283468,0,03/12/2024,03/12/2027,1.05441,BANCO CENTRAL DE LA REPUBLICA DOMINICANA,BCENTRAL,58940
DO1002228612,NO031227,BCENTRAL/8 BOEST 20271203 GTIA,4050000,DOP,405,0,99.018822,14/08/2026,11:47:33 AM,PRESTAMO,PRIMERA PARTE,ROTC,14/06/2027,CONFIRMADA,3283468,0,03/12/2024,03/12/2027,1.05441,BANCO CENTRAL DE LA REPUBLICA DOMINICANA,BCENTRAL,58849
DO1002228612,NO031227,BCENTRAL/8 BOEST 20271203 GTIA,4050000,DOP,405,8,99.177838,14/08/2026,11:47:32 AM,PLAZO,PRIMERA PARTE,ROTC,14/07/2027,CONFIRMADA,3283469,0,03/12/2024,03/12/2027,0,BANCO CENTRAL DE LA REPUBLICA DOMINICANA,BCENTRAL,57393
DO1002228612,NO031227,BCENTRAL/8 BOEST 20271203 GTIA,4030000,DOP,403,0,98.855686,14/08/2026,11:47:31 AM,PLAZO,PRIMERA PARTE,ROTC,14/07/2027,CONFIRMADA,3283470,0,03/12/2024,03/12/2027,0,BANCO CENTRAL DE LA REPUBLICA DOMINICANA,BCENTRAL,57323
DO1002228612,NO031227,BCENTRAL/8 BOEST 20271203 GTIA,4030000,DOP,403,8,98.997004,14/08/2026,11:47:30 AM,PRESTAMO,SEGUNDA PARTE,ROTC,09/08/2027,CONFIRMADA,3283471,0,03/12/2024,03/12/2027,1.598422,BANCO CENTRAL DE LA REPUBLICA DOMINICANA,BCENTRAL,58884
DO1002228612,NO031227,BCENTRAL/8 BOEST 20271203 GTIA,4030000,DOP,403,0,98.855686,14/08/2026,11:47:30 AM,PRESTAMO,PRIMERA PARTE,ROTC,14/07/2027,CONFIRMADA,3283471,0,03/12/2024,03/12/2027,1.598422,BANCO CENTRAL DE LA REPUBLICA DOMINICANA,BCENTRAL,58919
DO1002228612,NO031227,BCENTRAL/8 BOEST 20271203 GTIA,4030000,DOP,403,8,98.997004,14/08/2026,11:47:29 AM,PLAZO,PRIMERA PARTE,ROTC,09/08/2027,CONFIRMADA,3283472,0,03/12/2024,03/12/2027,0,BANCO CENTRAL DE LA REPUBLICA DOMINICANA,BCENTRAL,57400
DO1002261928,LE090427,BCENTRAL/ LT 20270409 GTIA,13770000,DOP,1377,8.9633,94.405755,14/08/2026,11:47:22 AM,CONTADO,PRIMERA PARTE,ROTC,14/08/2026,CONFIRMADA,3282761,0,09/04/2026,09/04/2027,0,BANCO CENTRAL DE LA REPUBLICA DOMINICANA,BCENTRAL,58940
DO1005211227,MH32029,HACIENDA/12.75 BOEST 20290923 GTIA,500000,DOP,5,2.3232,126.189136,14/08/2026,11:47:07 AM,PRESTAMO,SEGUNDA PARTE,ROTC,15/02/2027,CONFIRMADA,3283485,0,23/09/2022,23/09/2029,7.75,MINISTERIO DE HACIENDA,HACIENDA,60613
DO1005211227,MH32029,HACIENDA/12.75 BOEST 20290923 GTIA,500000,DOP,5,5.2562,121.161792,14/08/2026,11:47:07 AM,PRESTAMO,PRIMERA PARTE,ROTC,18/08/2026,CONFIRMADA,3283485,0,23/09/2022,23/09/2029,7.75,MINISTERIO DE HACIENDA,HACIENDA,60739
DO1005211227,MH32029,HACIENDA/12.75 BOEST 20290923 GTIA,500000,DOP,5,2.3232,126.189136,14/08/2026,11:47:06 AM,ESTRUCTURADA,SEGUNDA PARTE,ROTC,15/02/2027,CONFIRMADA,3283480,0,23/09/2022,23/09/2029,7.75,MINISTERIO DE HACIENDA,HACIENDA,62706
DO1005211227,MH32029,HACIENDA/12.75 BOEST 20290923 GTIA,500000,DOP,5,5.2562,121.161792,14/08/2026,11:47:06 AM,ESTRUCTURADA,PRIMERA PARTE,ROTC,18/08/2026,CONFIRMADA,3283480,0,23/09/2022,23/09/2029,7.75,MINISTERIO DE HACIENDA,HACIENDA,62832
DO1002261225,LE021026,BCENTRAL/ LT 20261002 GTIA,330000,DOP,33,25.4557,98.881291,14/08/2026,11:46:53 AM,PRESTAMO,SEGUNDA PARTE,ROTC,16/09/2026,CONFIRMADA,3283484,0,02/10/2025,02/10/2026,7.25,BANCO CENTRAL DE LA REPUBLICA DOMINICANA,BCENTRAL,58254
DO1002261225,LE021026,BCENTRAL/ LT 20261002 GTIA,330000,DOP,33,13.6359,98.28747,14/08/2026,11:46:53 AM,PRESTAMO,PRIMERA PARTE,ROTC,17/08/2026,CONFIRMADA,3283484,0,02/10/2025,02/10/2026,7.25,BANCO CENTRAL DE LA REPUBLICA DOMINICANA,BCENTRAL,57967
DO1002261225,LE021026,BCENTRAL/ LT 20261002 GTIA,330000,DOP,33,25.4557,98.881291,14/08/2026,11:46:52 AM,ESTRUCTURADA,SEGUNDA PARTE,ROTC,16/09/2026,CONFIRMADA,3283479,0,02/10/2025,02/10/2026,7.25,BANCO CENTRAL DE LA REPUBLICA DOMINICANA,BCENTRAL,60347
DO1002261225,LE021026,BCENTRAL/ LT 20261002 GTIA,330000,DOP,33,13.6359,98.28747,14/08/2026,11:46:52 AM,ESTRUCTURADA,PRIMERA PARTE,ROTC,17/08/2026,CONFIRMADA,3283479,0,02/10/2025,02/10/2026,7.25,BANCO CENTRAL DE LA REPUBLICA DOMINICANA,BCENTRAL,60060
DO1005208322,MHUS2040,HACIENDA/6.75 BOEST 20400724 GTIA,137000,USD,137,4.6756,121.05773,14/08/2026,11:46:46 AM,CONTADO,PRIMERA PARTE,ROTC,19/08/2026,CONFIRMADA,3282725,0,24/07/2020,24/07/2040,0,MINISTERIO DE HACIENDA,HACIENDA,60991
DO1002261423,NO301129,BCENTRAL/9.5 BOEST 20291130 GTIA,20000,DOP,2,-0.4391,127.87755,14/08/2026,11:46:40 AM,PRESTAMO,SEGUNDA PARTE,ROTC,16/02/2027,CONFIRMADA,3283482,0,30/11/2025,30/11/2029,7.75,BANCO CENTRAL DE LA REPUBLICA DOMINICANA,BCENTRAL,60123
DO1002261423,NO301129,BCENTRAL/9.5 BOEST 20291130 GTIA,20000,DOP,2,2.2134,122.9606,14/08/2026,11:46:40 AM,PRESTAMO,PRIMERA PARTE,ROTC,17/08/2026,CONFIRMADA,3283482,0,30/11/2025,30/11/2029,7.75,BANCO CENTRAL DE LA REPUBLICA DOMINICANA,BCENTRAL,59430
DO1002261423,NO301129,BCENTRAL/9.5 BOEST 20291130 GTIA,20000,DOP,2,-0.4391,127.87755,14/08/2026,11:46:39 AM,ESTRUCTURADA,SEGUNDA PARTE,ROTC,16/02/2027,CONFIRMADA,3283478,0,30/11/2025,30/11/2029,7.75,BANCO CENTRAL DE LA REPUBLICA DOMINICANA,BCENTRAL,62279
DO1002261423,NO301129,BCENTRAL/9.5 BOEST 20291130 GTIA,20000,DOP,2,2.2134,122.9606,14/08/2026,11:46:39 AM,ESTRUCTURADA,PRIMERA PARTE,ROTC,17/08/2026,CONFIRMADA,3283478,0,30/11/2025,30/11/2029,7.75,BANCO CENTRAL DE LA REPUBLICA DOMINICANA,BCENTRAL,61586
DO1005211227,MH32029,HACIENDA/12.75 BOEST 20290923 GTIA,3600000,DOP,36,6.7071,115.858066,14/08/2026,11:46:24 AM,PRESTAMO,SEGUNDA PARTE,ROTC,16/10/2026,CONFIRMADA,3283481,0,23/09/2022,23/09/2029,8.55,MINISTERIO DE HACIENDA,HACIENDA,61404
DO1005211227,MH32029,HACIENDA/12.75 BOEST 20290923 GTIA,3600000,DOP,36,9.0169,109.88749,14/08/2026,11:46:24 AM,PRESTAMO,PRIMERA PARTE,ROTC,17/08/2026,CONFIRMADA,3283481,0,23/09/2022,23/09/2029,8.55,MINISTERIO DE HACIENDA,HACIENDA,61257
DO1005211227,MH32029,HACIENDA/12.75 BOEST 20290923 GTIA,3600000,DOP,36,6.7071,115.858066,14/08/2026,11:46:23 AM,ESTRUCTURADA,SEGUNDA PARTE,ROTC,16/10/2026,CONFIRMADA,3283477,0,23/09/2022,23/09/2029,8.55,MINISTERIO DE HACIENDA,HACIENDA,63497
DO1005211227,MH32029,HACIENDA/12.75 BOEST 20290923 GTIA,3600000,DOP,36,9.0169,109.88749,14/08/2026,11:46:23 AM,ESTRUCTURADA,PRIMERA PARTE,ROTC,17/08/2026,CONFIRMADA,3283477,0,23/09/2022,23/09/2029,8.55,MINISTERIO DE HACIENDA,HACIENDA,63350
DO1002261928,LE090427,BCENTRAL/ LT 20270409 GTIA,150000,DOP,15,4.6409,97.071747,14/08/2026,11:46:18 AM,CONTADO,PRIMERA PARTE,ROTC,18/08/2026,CONFIRMADA,3282714,0,09/04/2026,09/04/2027,0,BANCO CENTRAL DE LA REPUBLICA DOMINICANA,BCENTRAL,57463
DO1002261928,LE090427,BCENTRAL/ LT 20270409 GTIA,550000,DOP,55,11.1492,97.5823,14/08/2026,11:45:08 AM,PLAZO,PRIMERA PARTE,ROTC,19/01/2027,CONFIRMADA,3282713,0,09/04/2026,09/04/2027,0,BANCO CENTRAL DE LA REPUBLICA DOMINICANA,BCENTRAL,56133
DO1002261928,LE090427,BCENTRAL/ LT 20270409 GTIA,550000,DOP,55,11.1492,97.5823,14/08/2026,11:45:07 AM,PRESTAMO,SEGUNDA PARTE,ROTC,19/01/2027,CONFIRMADA,3282712,0,09/04/2026,09/04/2027,4.083382,BANCO CENTRAL DE LA REPUBLICA DOMINICANA,BCENTRAL,57666
DO1002261928,LE090427,BCENTRAL/ LT 20270409 GTIA,550000,DOP,55,10.3467,93.597642,14/08/2026,11:45:07 AM,PRESTAMO,PRIMERA PARTE,ROTC,14/08/2026,CONFIRMADA,3282712,0,09/04/2026,09/04/2027,4.083382,BANCO CENTRAL DE LA REPUBLICA DOMINICANA,BCENTRAL,58506
DO1002261928,LE090427,BCENTRAL/ LT 20270409 GTIA,550000,DOP,55,10.3467,93.597642,14/08/2026,11:45:00 AM,CONTADO,PRIMERA PARTE,ROTC,14/08/2026,CONFIRMADA,3282711,0,09/04/2026,09/04/2027,0,BANCO CENTRAL DE LA REPUBLICA DOMINICANA,BCENTRAL,57764
DO1005208215,MHUS2029,HACIENDA/6.95 BOEST 20290626 GTIA,11000,USD,11,1.7589,113.188727,14/08/2026,11:44:13 AM,PRESTAMO,SEGUNDA PARTE,ROTC,16/11/2026,CONFIRMADA,3283284,0,26/06/2020,26/06/2029,2.08863,MINISTERIO DE HACIENDA,HACIENDA,61264
DO1005208215,MHUS2029,HACIENDA/6.95 BOEST 20290626 GTIA,11000,USD,11,2.0663,113.471,14/08/2026,11:44:13 AM,PRESTAMO,PRIMERA PARTE,ROTC,18/08/2026,CONFIRMADA,3283284,0,26/06/2020,26/06/2029,2.08863,MINISTERIO DE HACIENDA,HACIENDA,60137
DO1005208215,MHUS2029,HACIENDA/6.95 BOEST 20290626 GTIA,11000,USD,11,1.7589,113.188727,14/08/2026,11:44:12 AM,ESTRUCTURADA,SEGUNDA PARTE,ROTC,16/11/2026,CONFIRMADA,3283283,0,26/06/2020,26/06/2029,4.95,MINISTERIO DE HACIENDA,HACIENDA,63357
DO1005208215,MHUS2029,HACIENDA/6.95 BOEST 20290626 GTIA,11000,USD,11,2.0663,113.471,14/08/2026,11:44:12 AM,ESTRUCTURADA,PRIMERA PARTE,ROTC,18/08/2026,CONFIRMADA,3283283,0,26/06/2020,26/06/2029,4.95,MINISTERIO DE HACIENDA,HACIENDA,62230
DO1005208215,MHUS2029,HACIENDA/6.95 BOEST 20290626 GTIA,441000,USD,441,2.1452,112.184535,14/08/2026,11:44:11 AM,PRESTAMO,SEGUNDA PARTE,ROTC,12/11/2026,CONFIRMADA,3283282,0,26/06/2020,26/06/2029,2.05389,MINISTERIO DE HACIENDA,HACIENDA,61824
DO1005208215,MHUS2029,HACIENDA/6.95 BOEST 20290626 GTIA,441000,USD,441,2.4257,112.452018,14/08/2026,11:44:11 AM,PRESTAMO,PRIMERA PARTE,ROTC,14/08/2026,CONFIRMADA,3283282,0,26/06/2020,26/06/2029,2.05389,MINISTERIO DE HACIENDA,HACIENDA,61943
DO1005208215,MHUS2029,HACIENDA/6.95 BOEST 20290626 GTIA,441000,USD,441,2.1452,112.184535,14/08/2026,11:44:10 AM,ESTRUCTURADA,SEGUNDA PARTE,ROTC,12/11/2026,CONFIRMADA,3283281,0,26/06/2020,26/06/2029,5.05,MINISTERIO DE HACIENDA,HACIENDA,63917
DO1005208215,MHUS2029,HACIENDA/6.95 BOEST 20290626 GTIA,441000,USD,441,2.4257,112.452018,14/08/2026,11:44:10 AM,ESTRUCTURADA,PRIMERA PARTE,ROTC,14/08/2026,CONFIRMADA,3283281,0,26/06/2020,26/06/2029,5.05,MINISTERIO DE HACIENDA,HACIENDA,64036
DO2016300124,BC1GUL01,GULFSTREAM/11.25 BO 20290528,97657,DOP,97657,11.54196279,99.358715,14/08/2026,11:42:36 AM,PRESTAMO,SEGUNDA PARTE,ROTC,12/11/2026,CONFIRMADA,3283455,0,28/05/2019,28/05/2029,8.35,GULFSTREAM PETROLEUM DOMINICANA S DE RL,GULFSTREAM,61824
DO2016300124,BC1GUL01,GULFSTREAM/11.25 BO 20290528,97657,DOP,97657,11.24978199,99.995104,14/08/2026,11:42:36 AM,PRESTAMO,PRIMERA PARTE,ROTC,14/08/2026,CONFIRMADA,3283455,0,28/05/2019,28/05/2029,8.35,GULFSTREAM PETROLEUM DOMINICANA S DE RL,GULFSTREAM,61978
DO2016300124,BC1GUL01,GULFSTREAM/11.25 BO 20290528,97657,DOP,97657,11.54196279,99.358715,14/08/2026,11:42:35 AM,ESTRUCTURADA,SEGUNDA PARTE,ROTC,12/11/2026,CONFIRMADA,3283407,0,28/05/2019,28/05/2029,8.35,GULFSTREAM PETROLEUM DOMINICANA S DE RL,GULFSTREAM,63917
DO2016300124,BC1GUL01,GULFSTREAM/11.25 BO 20290528,97657,DOP,97657,11.24978199,99.995104,14/08/2026,11:42:35 AM,ESTRUCTURADA,PRIMERA PARTE,ROTC,14/08/2026,CONFIRMADA,3283407,0,28/05/2019,28/05/2029,8.35,GULFSTREAM PETROLEUM DOMINICANA S DE RL,GULFSTREAM,64071
DO2006901311,BC1ITA01,EGEITABO/5.65 BO 20311208,2101,USD,2101,4.71421899,104.19932,14/08/2026,11:42:34 AM,PRESTAMO,SEGUNDA PARTE,ROTC,12/11/2026,CONFIRMADA,3283452,0,08/12/2021,08/12/2031,3.65,"EMPRESA GENERADORA DE ELECTRICIDAD ITABO, S.A.",EGEITABO,58611
DO2006901311,BC1ITA01,EGEITABO/5.65 BO 20311208,2101,USD,2101,4.66236111,104.628274,14/08/2026,11:42:34 AM,PRESTAMO,PRIMERA PARTE,ROTC,14/08/2026,CONFIRMADA,3283452,0,08/12/2021,08/12/2031,3.65,"EMPRESA GENERADORA DE ELECTRICIDAD ITABO, S.A.",EGEITABO,58996
DO2006901311,BC1ITA01,EGEITABO/5.65 BO 20311208,2101,USD,2101,4.71421899,104.19932,14/08/2026,11:42:33 AM,ESTRUCTURADA,SEGUNDA PARTE,ROTC,12/11/2026,CONFIRMADA,3283405,0,08/12/2021,08/12/2031,3.65,"EMPRESA GENERADORA DE ELECTRICIDAD ITABO, S.A.",EGEITABO,60704
DO2006901311,BC1ITA01,EGEITABO/5.65 BO 20311208,2101,USD,2101,4.66236111,104.628274,14/08/2026,11:42:33 AM,ESTRUCTURADA,PRIMERA PARTE,ROTC,14/08/2026,CONFIRMADA,3283405,0,08/12/2021,08/12/2031,3.65,"EMPRESA GENERADORA DE ELECTRICIDAD ITABO, S.A.",EGEITABO,61089
DO1002261423,NO301129,BCENTRAL/9.5 BOEST 20291130 GTIA,630000,DOP,63,9.08256187,101.114249,14/08/2026,11:42:31 AM,PRESTAMO,SEGUNDA PARTE,ROTC,14/09/2026,CONFIRMADA,3283450,0,30/11/2025,30/11/2029,7.9,BANCO CENTRAL DE LA REPUBLICA DOMINICANA,BCENTRAL,62328
DO1002261423,NO301129,BCENTRAL/9.5 BOEST 20291130 GTIA,630000,DOP,63,9.05683285,101.212647,14/08/2026,11:42:31 AM,PRESTAMO,PRIMERA PARTE,ROTC,14/08/2026,CONFIRMADA,3283450,0,30/11/2025,30/11/2029,7.9,BANCO CENTRAL DE LA REPUBLICA DOMINICANA,BCENTRAL,62391
DO1002261423,NO301129,BCENTRAL/9.5 BOEST 20291130 GTIA,630000,DOP,63,9.08256187,101.114249,14/08/2026,11:42:30 AM,ESTRUCTURADA,SEGUNDA PARTE,ROTC,14/09/2026,CONFIRMADA,3283383,0,30/11/2025,30/11/2029,7.9,BANCO CENTRAL DE LA REPUBLICA DOMINICANA,BCENTRAL,64421
DO1002261423,NO301129,BCENTRAL/9.5 BOEST 20291130 GTIA,630000,DOP,63,9.05683285,101.212647,14/08/2026,11:42:30 AM,ESTRUCTURADA,PRIMERA PARTE,ROTC,14/08/2026,CONFIRMADA,3283383,0,30/11/2025,30/11/2029,7.9,BANCO CENTRAL DE LA REPUBLICA DOMINICANA,BCENTRAL,64484
DO1005204412,MH12029,HACIENDA/11.375 BOEST 20290706 GTIA,2700000,DOP,27,7.31258962,109.577017,14/08/2026,11:42:29 AM,PRESTAMO,SEGUNDA PARTE,ROTC,12/11/2026,CONFIRMADA,3283447,0,06/07/2014,06/07/2029,8.95,MINISTERIO DE HACIENDA,HACIENDA,63182
DO1005204412,MH12029,HACIENDA/11.375 BOEST 20290706 GTIA,2700000,DOP,27,7.49902587,109.8957,14/08/2026,11:42:29 AM,PRESTAMO,PRIMERA PARTE,ROTC,14/08/2026,CONFIRMADA,3283447,0,06/07/2014,06/07/2029,8.95,MINISTERIO DE HACIENDA,HACIENDA,62699
DO1005204412,MH12029,HACIENDA/11.375 BOEST 20290706 GTIA,2700000,DOP,27,7.31258962,109.577017,14/08/2026,11:42:28 AM,ESTRUCTURADA,SEGUNDA PARTE,ROTC,12/11/2026,CONFIRMADA,3283346,0,06/07/2014,06/07/2029,8.95,MINISTERIO DE HACIENDA,HACIENDA,65275
DO1005204412,MH12029,HACIENDA/11.375 BOEST 20290706 GTIA,2700000,DOP,27,7.49902587,109.8957,14/08/2026,11:42:28 AM,ESTRUCTURADA,PRIMERA PARTE,ROTC,14/08/2026,CONFIRMADA,3283346,0,06/07/2014,06/07/2029,8.95,MINISTERIO DE HACIENDA,HACIENDA,64792
DO2016300124,BC1GUL01,GULFSTREAM/11.25 BO 20290528,191949,DOP,191949,10.65912539,101.295512,14/08/2026,11:42:26 AM,PRESTAMO,SEGUNDA PARTE,ROTC,12/11/2026,CONFIRMADA,3283444,0,28/05/2019,28/05/2029,8.75,GULFSTREAM PETROLEUM DOMINICANA S DE RL,GULFSTREAM,62636
DO2016300124,BC1GUL01,GULFSTREAM/11.25 BO 20290528,191949,DOP,191949,10.49911744,101.790234,14/08/2026,11:42:26 AM,PRESTAMO,PRIMERA PARTE,ROTC,14/08/2026,CONFIRMADA,3283444,0,28/05/2019,28/05/2029,8.75,GULFSTREAM PETROLEUM DOMINICANA S DE RL,GULFSTREAM,62755
DO2016300124,BC1GUL01,GULFSTREAM/11.25 BO 20290528,191949,DOP,191949,10.65912539,101.295512,14/08/2026,11:42:25 AM,ESTRUCTURADA,SEGUNDA PARTE,ROTC,12/11/2026,CONFIRMADA,3283350,0,28/05/2019,28/05/2029,8.75,GULFSTREAM PETROLEUM DOMINICANA S DE RL,GULFSTREAM,64729
DO2016300124,BC1GUL01,GULFSTREAM/11.25 BO 20290528,191949,DOP,191949,10.49911744,101.790234,14/08/2026,11:42:25 AM,ESTRUCTURADA,PRIMERA PARTE,ROTC,14/08/2026,CONFIRMADA,3283350,0,28/05/2019,28/05/2029,8.75,GULFSTREAM PETROLEUM DOMINICANA S DE RL,GULFSTREAM,64848
DO1005208124,INF2040,HACIENDA/10.875 BOEST 20400228 GTIA,25000000,DOP,250,9.50000549,110.3708,14/08/2026,11:40:31 AM,CONTADO,PRIMERA PARTE,ROTC,14/08/2026,CONFIRMADA,3282737,0,28/02/2020,28/02/2040,0,MINISTERIO DE HACIENDA,HACIENDA,62433
DO1002261928,LE090427,BCENTRAL/ LT 20270409 GTIA,170000,DOP,17,6.1997,98.058012,14/08/2026,11:40:18 AM,PRESTAMO,SEGUNDA PARTE,ROTC,15/12/2026,CONFIRMADA,3282647,0,09/04/2026,09/04/2027,3.069468,BANCO CENTRAL DE LA REPUBLICA DOMINICANA,BCENTRAL,58023
DO1002261928,LE090427,BCENTRAL/ LT 20270409 GTIA,170000,DOP,17,7.981,95.048153,14/08/2026,11:40:18 AM,PRESTAMO,PRIMERA PARTE,ROTC,17/08/2026,CONFIRMADA,3282647,0,09/04/2026,09/04/2027,3.069468,BANCO CENTRAL DE LA REPUBLICA DOMINICANA,BCENTRAL,57764
DO1002261928,LE090427,BCENTRAL/ LT 20270409 GTIA,170000,DOP,17,6.1997,98.058012,14/08/2026,11:40:17 AM,PLAZO,PRIMERA PARTE,ROTC,15/12/2026,CONFIRMADA,3282648,0,09/04/2026,09/04/2027,0,BANCO CENTRAL DE LA REPUBLICA DOMINICANA,BCENTRAL,56476
DO1002261928,LE090427,BCENTRAL/ LT 20270409 GTIA,20000,DOP,2,0,77.14285,14/08/2026,11:40:16 AM,PRESTAMO,SEGUNDA PARTE,ROTC,17/09/2026,CONFIRMADA,3282650,0,09/04/2026,09/04/2027,0.748546,BANCO CENTRAL DE LA REPUBLICA DOMINICANA,BCENTRAL,55090
DO1002261928,LE090427,BCENTRAL/ LT 20270409 GTIA,20000,DOP,2,47.0882,76.5654,14/08/2026,11:40:16 AM,PRESTAMO,PRIMERA PARTE,ROTC,18/08/2026,CONFIRMADA,3282650,0,09/04/2026,09/04/2027,0.748546,BANCO CENTRAL DE LA REPUBLICA DOMINICANA,BCENTRAL,57015
DO1002261928,LE090427,BCENTRAL/ LT 20270409 GTIA,20000,DOP,2,0,77.14285,14/08/2026,11:40:14 AM,PLAZO,PRIMERA PARTE,ROTC,17/09/2026,CONFIRMADA,3282651,0,09/04/2026,09/04/2027,0,BANCO CENTRAL DE LA REPUBLICA DOMINICANA,BCENTRAL,53536
DO1002261928,LE090427,BCENTRAL/ LT 20270409 GTIA,5820000,DOP,582,34.4669,94.739129,14/08/2026,11:40:13 AM,PRESTAMO,SEGUNDA PARTE,ROTC,10/02/2027,CONFIRMADA,3282657,0,09/04/2026,09/04/2027,0.253108,BANCO CENTRAL DE LA REPUBLICA DOMINICANA,BCENTRAL,59136
DO1002261928,LE090427,BCENTRAL/ LT 20270409 GTIA,5820000,DOP,582,8.8046,94.499337,14/08/2026,11:40:13 AM,PRESTAMO,PRIMERA PARTE,ROTC,14/08/2026,CONFIRMADA,3282657,0,09/04/2026,09/04/2027,0.253108,BANCO CENTRAL DE LA REPUBLICA DOMINICANA,BCENTRAL,58912
DO1002261928,LE090427,BCENTRAL/ LT 20270409 GTIA,5820000,DOP,582,34.4669,94.739129,14/08/2026,11:40:12 AM,PLAZO,PRIMERA PARTE,ROTC,10/02/2027,CONFIRMADA,3282658,0,09/04/2026,09/04/2027,0,BANCO CENTRAL DE LA REPUBLICA DOMINICANA,BCENTRAL,57589
DO2006901311,BC1ITA01,EGEITABO/5.65 BO 20311208,1954,USD,1954,4.67668156,104.372009,14/08/2026,11:38:26 AM,PRESTAMO,SEGUNDA PARTE,ROTC,12/11/2026,CONFIRMADA,3283327,0,08/12/2021,08/12/2031,4.5,"EMPRESA GENERADORA DE ELECTRICIDAD ITABO, S.A.",EGEITABO,59206
DO2006901311,BC1ITA01,EGEITABO/5.65 BO 20311208,1954,USD,1954,4.6730219,104.577002,14/08/2026,11:38:26 AM,PRESTAMO,PRIMERA PARTE,ROTC,14/08/2026,CONFIRMADA,3283327,0,08/12/2021,08/12/2031,4.5,"EMPRESA GENERADORA DE ELECTRICIDAD ITABO, S.A.",EGEITABO,58870
DO2006901311,BC1ITA01,EGEITABO/5.65 BO 20311208,1954,USD,1954,4.67668156,104.372009,14/08/2026,11:38:25 AM,ESTRUCTURADA,SEGUNDA PARTE,ROTC,12/11/2026,CONFIRMADA,3283242,0,08/12/2021,08/12/2031,4.5,"EMPRESA GENERADORA DE ELECTRICIDAD ITABO, S.A.",EGEITABO,61299
DO2006901311,BC1ITA01,EGEITABO/5.65 BO 20311208,1954,USD,1954,4.6730219,104.577002,14/08/2026,11:38:25 AM,ESTRUCTURADA,PRIMERA PARTE,ROTC,14/08/2026,CONFIRMADA,3283242,0,08/12/2021,08/12/2031,4.5,"EMPRESA GENERADORA DE ELECTRICIDAD ITABO, S.A.",EGEITABO,60963
DO1002261423,NO301129,BCENTRAL/9.5 BOEST 20291130 GTIA,470000,DOP,47,9.74878853,99.293193,14/08/2026,11:38:24 AM,PRESTAMO,SEGUNDA PARTE,ROTC,31/08/2026,CONFIRMADA,3283326,0,30/11/2025,30/11/2029,5.25,BANCO CENTRAL DE LA REPUBLICA DOMINICANA,BCENTRAL,62300
DO1002261423,NO301129,BCENTRAL/9.5 BOEST 20291130 GTIA,470000,DOP,47,9.67811126,99.480558,14/08/2026,11:38:24 AM,PRESTAMO,PRIMERA PARTE,ROTC,14/08/2026,CONFIRMADA,3283326,0,30/11/2025,30/11/2029,5.25,BANCO CENTRAL DE LA REPUBLICA DOMINICANA,BCENTRAL,62265
DO1002261423,NO301129,BCENTRAL/9.5 BOEST 20291130 GTIA,470000,DOP,47,9.74878853,99.293193,14/08/2026,11:38:23 AM,ESTRUCTURADA,SEGUNDA PARTE,ROTC,31/08/2026,CONFIRMADA,3283244,0,30/11/2025,30/11/2029,5.25,BANCO CENTRAL DE LA REPUBLICA DOMINICANA,BCENTRAL,64393
DO1002261423,NO301129,BCENTRAL/9.5 BOEST 20291130 GTIA,470000,DOP,47,9.67811126,99.480558,14/08/2026,11:38:23 AM,ESTRUCTURADA,PRIMERA PARTE,ROTC,14/08/2026,CONFIRMADA,3283244,0,30/11/2025,30/11/2029,5.25,BANCO CENTRAL DE LA REPUBLICA DOMINICANA,BCENTRAL,64358
DO1002261423,NO301129,BCENTRAL/9.5 BOEST 20291130 GTIA,1530000,DOP,153,9.95856973,98.808883,14/08/2026,11:38:22 AM,PRESTAMO,SEGUNDA PARTE,ROTC,12/11/2026,CONFIRMADA,3283325,0,30/11/2025,30/11/2029,8.45,BANCO CENTRAL DE LA REPUBLICA DOMINICANA,BCENTRAL,62944
DO1002261423,NO301129,BCENTRAL/9.5 BOEST 20291130 GTIA,1530000,DOP,153,9.85307933,98.999443,14/08/2026,11:38:22 AM,PRESTAMO,PRIMERA PARTE,ROTC,14/08/2026,CONFIRMADA,3283325,0,30/11/2025,30/11/2029,8.45,BANCO CENTRAL DE LA REPUBLICA DOMINICANA,BCENTRAL,62986
DO1002261423,NO301129,BCENTRAL/9.5 BOEST 20291130 GTIA,1530000,DOP,153,9.95856973,98.808883,14/08/2026,11:38:20 AM,ESTRUCTURADA,SEGUNDA PARTE,ROTC,12/11/2026,CONFIRMADA,3283246,0,30/11/2025,30/11/2029,8.45,BANCO CENTRAL DE LA REPUBLICA DOMINICANA,BCENTRAL,65030
DO1002261423,NO301129,BCENTRAL/9.5 BOEST 20291130 GTIA,1530000,DOP,153,9.85307933,98.999443,14/08/2026,11:38:20 AM,ESTRUCTURADA,PRIMERA PARTE,ROTC,14/08/2026,CONFIRMADA,3283246,0,30/11/2025,30/11/2029,8.45,BANCO CENTRAL DE LA REPUBLICA DOMINICANA,BCENTRAL,65072
DO2006901311,BC1ITA01,EGEITABO/5.65 BO 20311208,5768,USD,5768,4.70124653,104.379972,14/08/2026,11:38:19 AM,PRESTAMO,SEGUNDA PARTE,ROTC,14/09/2026,CONFIRMADA,3283324,0,08/12/2021,08/12/2031,3.25,"EMPRESA GENERADORA DE ELECTRICIDAD ITABO, S.A.",EGEITABO,59374
DO2006901311,BC1ITA01,EGEITABO/5.65 BO 20311208,5768,USD,5768,4.67566413,104.564298,14/08/2026,11:38:19 AM,PRESTAMO,PRIMERA PARTE,ROTC,14/08/2026,CONFIRMADA,3283324,0,08/12/2021,08/12/2031,3.25,"EMPRESA GENERADORA DE ELECTRICIDAD ITABO, S.A.",EGEITABO,59479
DO2006901311,BC1ITA01,EGEITABO/5.65 BO 20311208,5768,USD,5768,4.70124653,104.379972,14/08/2026,11:38:18 AM,ESTRUCTURADA,SEGUNDA PARTE,ROTC,14/09/2026,CONFIRMADA,3283260,0,08/12/2021,08/12/2031,3.25,"EMPRESA GENERADORA DE ELECTRICIDAD ITABO, S.A.",EGEITABO,61467
DO2006901311,BC1ITA01,EGEITABO/5.65 BO 20311208,5768,USD,5768,4.67566413,104.564298,14/08/2026,11:38:18 AM,ESTRUCTURADA,PRIMERA PARTE,ROTC,14/08/2026,CONFIRMADA,3283260,0,08/12/2021,08/12/2031,3.25,"EMPRESA GENERADORA DE ELECTRICIDAD ITABO, S.A.",EGEITABO,61572
DO2006901311,BC1ITA01,EGEITABO/5.65 BO 20311208,7691,USD,7691,4.67599975,104.375149,14/08/2026,11:38:17 AM,PRESTAMO,SEGUNDA PARTE,ROTC,12/11/2026,CONFIRMADA,3283323,0,08/12/2021,08/12/2031,4.65,"EMPRESA GENERADORA DE ELECTRICIDAD ITABO, S.A.",EGEITABO,59402
DO2006901311,BC1ITA01,EGEITABO/5.65 BO 20311208,7691,USD,7691,4.68052042,104.540955,14/08/2026,11:38:17 AM,PRESTAMO,PRIMERA PARTE,ROTC,14/08/2026,CONFIRMADA,3283323,0,08/12/2021,08/12/2031,4.65,"EMPRESA GENERADORA DE ELECTRICIDAD ITABO, S.A.",EGEITABO,59304
DO2006901311,BC1ITA01,EGEITABO/5.65 BO 20311208,7691,USD,7691,4.67599975,104.375149,14/08/2026,11:38:16 AM,ESTRUCTURADA,SEGUNDA PARTE,ROTC,12/11/2026,CONFIRMADA,3283261,0,08/12/2021,08/12/2031,4.65,"EMPRESA GENERADORA DE ELECTRICIDAD ITABO, S.A.",EGEITABO,61495
DO2006901311,BC1ITA01,EGEITABO/5.65 BO 20311208,7691,USD,7691,4.68052042,104.540955,14/08/2026,11:38:16 AM,ESTRUCTURADA,PRIMERA PARTE,ROTC,14/08/2026,CONFIRMADA,3283261,0,08/12/2021,08/12/2031,4.65,"EMPRESA GENERADORA DE ELECTRICIDAD ITABO, S.A.",EGEITABO,61397
DO1002261423,NO301129,BCENTRAL/9.5 BOEST 20291130 GTIA,1520000,DOP,152,9.68989379,99.498887,14/08/2026,11:38:15 AM,PRESTAMO,SEGUNDA PARTE,ROTC,12/11/2026,CONFIRMADA,3283322,0,30/11/2025,30/11/2029,8.75,BANCO CENTRAL DE LA REPUBLICA DOMINICANA,BCENTRAL,63063
DO1002261423,NO301129,BCENTRAL/9.5 BOEST 20291130 GTIA,1520000,DOP,152,9.63462861,99.600576,14/08/2026,11:38:15 AM,PRESTAMO,PRIMERA PARTE,ROTC,14/08/2026,CONFIRMADA,3283322,0,30/11/2025,30/11/2029,8.75,BANCO CENTRAL DE LA REPUBLICA DOMINICANA,BCENTRAL,62881
DO1002261423,NO301129,BCENTRAL/9.5 BOEST 20291130 GTIA,1520000,DOP,152,9.68989379,99.498887,14/08/2026,11:38:14 AM,ESTRUCTURADA,SEGUNDA PARTE,ROTC,12/11/2026,CONFIRMADA,3283262,0,30/11/2025,30/11/2029,8.75,BANCO CENTRAL DE LA REPUBLICA DOMINICANA,BCENTRAL,65156
DO1002261423,NO301129,BCENTRAL/9.5 BOEST 20291130 GTIA,1520000,DOP,152,9.63462861,99.600576,14/08/2026,11:38:14 AM,ESTRUCTURADA,PRIMERA PARTE,ROTC,14/08/2026,CONFIRMADA,3283262,0,30/11/2025,30/11/2029,8.75,BANCO CENTRAL DE LA REPUBLICA DOMINICANA,BCENTRAL,64974
DO1002261423,NO301129,BCENTRAL/9.5 BOEST 20291130 GTIA,970000,DOP,97,8.9162489,101.544466,14/08/2026,11:38:13 AM,PRESTAMO,SEGUNDA PARTE,ROTC,13/10/2026,CONFIRMADA,3283321,0,30/11/2025,30/11/2029,8.2,BANCO CENTRAL DE LA REPUBLICA DOMINICANA,BCENTRAL,62125
DO1002261423,NO301129,BCENTRAL/9.5 BOEST 20291130 GTIA,970000,DOP,97,8.89253236,101.676981,14/08/2026,11:38:13 AM,PRESTAMO,PRIMERA PARTE,ROTC,14/08/2026,CONFIRMADA,3283321,0,30/11/2025,30/11/2029,8.2,BANCO CENTRAL DE LA REPUBLICA DOMINICANA,BCENTRAL,62629
DO1002261423,NO301129,BCENTRAL/9.5 BOEST 20291130 GTIA,970000,DOP,97,8.9162489,101.544466,14/08/2026,11:38:12 AM,ESTRUCTURADA,SEGUNDA PARTE,ROTC,13/10/2026,CONFIRMADA,3283263,0,30/11/2025,30/11/2029,8.2,BANCO CENTRAL DE LA REPUBLICA DOMINICANA,BCENTRAL,64218
DO1002261423,NO301129,BCENTRAL/9.5 BOEST 20291130 GTIA,970000,DOP,97,8.89253236,101.676981,14/08/2026,11:38:12 AM,ESTRUCTURADA,PRIMERA PARTE,ROTC,14/08/2026,CONFIRMADA,3283263,0,30/11/2025,30/11/2029,8.2,BANCO CENTRAL DE LA REPUBLICA DOMINICANA,BCENTRAL,64722
DO2006901311,BC1ITA01,EGEITABO/5.65 BO 20311208,5682,USD,5682,4.70226405,104.375158,14/08/2026,11:38:10 AM,PRESTAMO,SEGUNDA PARTE,ROTC,14/09/2026,CONFIRMADA,3283320,0,08/12/2021,08/12/2031,3.25,"EMPRESA GENERADORA DE ELECTRICIDAD ITABO, S.A.",EGEITABO,59171
DO2006901311,BC1ITA01,EGEITABO/5.65 BO 20311208,5682,USD,5682,4.67666276,104.559498,14/08/2026,11:38:10 AM,PRESTAMO,PRIMERA PARTE,ROTC,14/08/2026,CONFIRMADA,3283320,0,08/12/2021,08/12/2031,3.25,"EMPRESA GENERADORA DE ELECTRICIDAD ITABO, S.A.",EGEITABO,59444
DO2006901311,BC1ITA01,EGEITABO/5.65 BO 20311208,5682,USD,5682,4.70226405,104.375158,14/08/2026,11:38:09 AM,ESTRUCTURADA,SEGUNDA PARTE,ROTC,14/09/2026,CONFIRMADA,3283270,0,08/12/2021,08/12/2031,3.25,"EMPRESA GENERADORA DE ELECTRICIDAD ITABO, S.A.",EGEITABO,61327
DO2006901311,BC1ITA01,EGEITABO/5.65 BO 20311208,5682,USD,5682,4.67666276,104.559498,14/08/2026,11:38:09 AM,ESTRUCTURADA,PRIMERA PARTE,ROTC,14/08/2026,CONFIRMADA,3283270,0,08/12/2021,08/12/2031,3.25,"EMPRESA GENERADORA DE ELECTRICIDAD ITABO, S.A.",EGEITABO,61600
DO2006901311,BC1ITA01,EGEITABO/5.65 BO 20311208,8713,USD,8713,4.67925635,104.360154,14/08/2026,11:38:08 AM,PRESTAMO,SEGUNDA PARTE,ROTC,12/11/2026,CONFIRMADA,3283319,0,08/12/2021,08/12/2031,4.55,"EMPRESA GENERADORA DE ELECTRICIDAD ITABO, S.A.",EGEITABO,59178
DO2006901311,BC1ITA01,EGEITABO/5.65 BO 20311208,8713,USD,8713,4.67817548,104.552226,14/08/2026,11:38:08 AM,PRESTAMO,PRIMERA PARTE,ROTC,14/08/2026,CONFIRMADA,3283319,0,08/12/2021,08/12/2031,4.55,"EMPRESA GENERADORA DE ELECTRICIDAD ITABO, S.A.",EGEITABO,59339
DO2006901311,BC1ITA01,EGEITABO/5.65 BO 20311208,8713,USD,8713,4.67925635,104.360154,14/08/2026,11:38:07 AM,ESTRUCTURADA,SEGUNDA PARTE,ROTC,12/11/2026,CONFIRMADA,3283273,0,08/12/2021,08/12/2031,4.55,"EMPRESA GENERADORA DE ELECTRICIDAD ITABO, S.A.",EGEITABO,61271
DO2006901311,BC1ITA01,EGEITABO/5.65 BO 20311208,8713,USD,8713,4.67817548,104.552226,14/08/2026,11:38:07 AM,ESTRUCTURADA,PRIMERA PARTE,ROTC,14/08/2026,CONFIRMADA,3283273,0,08/12/2021,08/12/2031,4.55,"EMPRESA GENERADORA DE ELECTRICIDAD ITABO, S.A.",EGEITABO,61432
USP3579EBE60,BSRD2045,DOMINICAN Rep/6.85 BD 20450127 Un,15000,USD,15,6.80000001,100.516341,14/08/2026,11:36:31 AM,CONTADO,PRIMERA PARTE,ROTC,14/08/2026,CONFIRMADA,3283235,0,27/01/2015,27/01/2045,0,MINISTERIO DE HACIENDA,HACIENDA,63070
DO1005205716,MHUS2027,HACIENDA/6 BOEST 20270305 GTIA,153000,USD,153,-10.551,105.111902,14/08/2026,11:36:26 AM,PRESTAMO,SEGUNDA PARTE,ROTC,18/11/2026,CONFIRMADA,3283304,0,05/09/2016,05/03/2027,4.55,MINISTERIO DE HACIENDA,HACIENDA,61005
DO1005205716,MHUS2027,HACIENDA/6 BOEST 20270305 GTIA,153000,USD,153,1.5591,102.37081,14/08/2026,11:36:26 AM,PRESTAMO,PRIMERA PARTE,ROTC,20/08/2026,CONFIRMADA,3283304,0,05/09/2016,05/03/2027,4.55,MINISTERIO DE HACIENDA,HACIENDA,60487
DO1005205716,MHUS2027,HACIENDA/6 BOEST 20270305 GTIA,153000,USD,153,-10.551,105.111902,14/08/2026,11:36:25 AM,ESTRUCTURADA,SEGUNDA PARTE,ROTC,18/11/2026,CONFIRMADA,3283280,0,05/09/2016,05/03/2027,4.55,MINISTERIO DE HACIENDA,HACIENDA,63098
DO1005205716,MHUS2027,HACIENDA/6 BOEST 20270305 GTIA,153000,USD,153,1.5591,102.37081,14/08/2026,11:36:25 AM,ESTRUCTURADA,PRIMERA PARTE,ROTC,20/08/2026,CONFIRMADA,3283280,0,05/09/2016,05/03/2027,4.55,MINISTERIO DE HACIENDA,HACIENDA,62580
DO1005211227,MH32029,HACIENDA/12.75 BOEST 20290923 GTIA,2900000,DOP,29,5.811,117.951987,14/08/2026,11:36:16 AM,PRESTAMO,SEGUNDA PARTE,ROTC,18/11/2026,CONFIRMADA,3283299,0,23/09/2022,23/09/2029,8.7,MINISTERIO DE HACIENDA,HACIENDA,61131
DO1005211227,MH32029,HACIENDA/12.75 BOEST 20290923 GTIA,2900000,DOP,29,8.2273,112.11594,14/08/2026,11:36:16 AM,PRESTAMO,PRIMERA PARTE,ROTC,20/08/2026,CONFIRMADA,3283299,0,23/09/2022,23/09/2029,8.7,MINISTERIO DE HACIENDA,HACIENDA,61068
DO1005254128,MH12041,HACIENDA/12 BOEST 20410310 GTIA,2292300000,DOP,22923,8,134.021338,14/08/2026,11:36:14 AM,CONTADO,PRIMERA PARTE,ROTC,14/08/2026,CONFIRMADA,3283274,0,10/03/2026,10/03/2041,0,MINISTERIO DE HACIENDA,HACIENDA,59878
DO1005211227,MH32029,HACIENDA/12.75 BOEST 20290923 GTIA,2900000,DOP,29,5.811,117.951987,14/08/2026,11:36:14 AM,ESTRUCTURADA,SEGUNDA PARTE,ROTC,18/11/2026,CONFIRMADA,3283279,0,23/09/2022,23/09/2029,8.7,MINISTERIO DE HACIENDA,HACIENDA,63217
DO1005211227,MH32029,HACIENDA/12.75 BOEST 20290923 GTIA,2900000,DOP,29,8.2273,112.11594,14/08/2026,11:36:14 AM,ESTRUCTURADA,PRIMERA PARTE,ROTC,20/08/2026,CONFIRMADA,3283279,0,23/09/2022,23/09/2029,8.7,MINISTERIO DE HACIENDA,HACIENDA,63154
DO1002261225,LE021026,BCENTRAL/ LT 20261002 GTIA,10000,DOP,1,-407.61,122.1245,14/08/2026,11:36:02 AM,PRESTAMO,SEGUNDA PARTE,ROTC,16/09/2026,CONFIRMADA,3283292,0,02/10/2025,02/10/2026,7.45,BANCO CENTRAL DE LA REPUBLICA DOMINICANA,BCENTRAL,56833
DO1002261225,LE021026,BCENTRAL/ LT 20261002 GTIA,10000,DOP,1,-137.8,121.371,14/08/2026,11:36:02 AM,PRESTAMO,PRIMERA PARTE,ROTC,17/08/2026,CONFIRMADA,3283292,0,02/10/2025,02/10/2026,7.45,BANCO CENTRAL DE LA REPUBLICA DOMINICANA,BCENTRAL,56217
DO1002261225,LE021026,BCENTRAL/ LT 20261002 GTIA,10000,DOP,1,-407.61,122.1245,14/08/2026,11:36:00 AM,ESTRUCTURADA,SEGUNDA PARTE,ROTC,16/09/2026,CONFIRMADA,3283278,0,02/10/2025,02/10/2026,7.45,BANCO CENTRAL DE LA REPUBLICA DOMINICANA,BCENTRAL,58919
DO1002261225,LE021026,BCENTRAL/ LT 20261002 GTIA,10000,DOP,1,-137.8,121.371,14/08/2026,11:36:00 AM,ESTRUCTURADA,PRIMERA PARTE,ROTC,17/08/2026,CONFIRMADA,3283278,0,02/10/2025,02/10/2026,7.45,BANCO CENTRAL DE LA REPUBLICA DOMINICANA,BCENTRAL,58303
DO1005211227,MH32029,HACIENDA/12.75 BOEST 20290923 GTIA,300000,DOP,3,5.8046,118.00234,14/08/2026,11:35:46 AM,PRESTAMO,SEGUNDA PARTE,ROTC,16/11/2026,CONFIRMADA,3283291,0,23/09/2022,23/09/2029,7.45,MINISTERIO DE HACIENDA,HACIENDA,60200
DO1005211227,MH32029,HACIENDA/12.75 BOEST 20290923 GTIA,300000,DOP,3,8.0919,112.52668,14/08/2026,11:35:46 AM,PRESTAMO,PRIMERA PARTE,ROTC,18/08/2026,CONFIRMADA,3283291,0,23/09/2022,23/09/2029,7.45,MINISTERIO DE HACIENDA,HACIENDA,60431
DO1005211227,MH32029,HACIENDA/12.75 BOEST 20290923 GTIA,300000,DOP,3,5.8046,118.00234,14/08/2026,11:35:45 AM,ESTRUCTURADA,SEGUNDA PARTE,ROTC,16/11/2026,CONFIRMADA,3283277,0,23/09/2022,23/09/2029,7.45,MINISTERIO DE HACIENDA,HACIENDA,62293
DO1005211227,MH32029,HACIENDA/12.75 BOEST 20290923 GTIA,300000,DOP,3,8.0919,112.52668,14/08/2026,11:35:45 AM,ESTRUCTURADA,PRIMERA PARTE,ROTC,18/08/2026,CONFIRMADA,3283277,0,23/09/2022,23/09/2029,7.45,MINISTERIO DE HACIENDA,HACIENDA,62524
USP3579ECP09,BSRD2029, ,1000000,USD,1000,4.5892,101.907104,14/08/2026,11:35:33 AM,PRESTAMO,SEGUNDA PARTE,ROTC,27/11/2026,CONFIRMADA,3283285,0,22/02/2022,22/02/2029,4.9999,MINISTERIO DE HACIENDA,HACIENDA,49574
USP3579ECP09,BSRD2029, ,1000000,USD,1000,5.8254,99.245099,14/08/2026,11:35:33 AM,PRESTAMO,PRIMERA PARTE,ROTC,14/08/2026,CONFIRMADA,3283285,0,22/02/2022,22/02/2029,4.9999,MINISTERIO DE HACIENDA,HACIENDA,49455
DO1005211227,MH32029,HACIENDA/12.75 BOEST 20290923 GTIA,200000,DOP,2,-4.7955,150.986625,14/08/2026,11:35:33 AM,PRESTAMO,SEGUNDA PARTE,ROTC,15/01/2027,CONFIRMADA,3283286,0,23/09/2022,23/09/2029,7.95,MINISTERIO DE HACIENDA,HACIENDA,61012
DO1005211227,MH32029,HACIENDA/12.75 BOEST 20290923 GTIA,200000,DOP,2,-1.3639,144.8302,14/08/2026,11:35:33 AM,PRESTAMO,PRIMERA PARTE,ROTC,18/08/2026,CONFIRMADA,3283286,0,23/09/2022,23/09/2029,7.95,MINISTERIO DE HACIENDA,HACIENDA,60270
DO1005211227,MH32029,HACIENDA/12.75 BOEST 20290923 GTIA,200000,DOP,2,-4.7955,150.986625,14/08/2026,11:35:32 AM,ESTRUCTURADA,SEGUNDA PARTE,ROTC,15/01/2027,CONFIRMADA,3283276,0,23/09/2022,23/09/2029,7.95,MINISTERIO DE HACIENDA,HACIENDA,63105
DO1005211227,MH32029,HACIENDA/12.75 BOEST 20290923 GTIA,200000,DOP,2,-1.3639,144.8302,14/08/2026,11:35:32 AM,ESTRUCTURADA,PRIMERA PARTE,ROTC,18/08/2026,CONFIRMADA,3283276,0,23/09/2022,23/09/2029,7.95,MINISTERIO DE HACIENDA,HACIENDA,62363
USP3579ECP09,BSRD2029, ,1000000,USD,1000,4.5892,101.907104,14/08/2026,11:35:31 AM,ESTRUCTURADA,SEGUNDA PARTE,ROTC,27/11/2026,CONFIRMADA,3283269,0,22/02/2022,22/02/2029,4.9999,MINISTERIO DE HACIENDA,HACIENDA,51660
USP3579ECP09,BSRD2029, ,1000000,USD,1000,5.8254,99.245099,14/08/2026,11:35:31 AM,ESTRUCTURADA,PRIMERA PARTE,ROTC,14/08/2026,CONFIRMADA,3283269,0,22/02/2022,22/02/2029,4.9999,MINISTERIO DE HACIENDA,HACIENDA,51541
USP3579ECP09,BSRD2029, ,1000000,USD,1000,4.5892,101.907105,14/08/2026,11:34:56 AM,PRESTAMO,SEGUNDA PARTE,ROTC,27/11/2026,CONFIRMADA,3283275,0,22/02/2022,22/02/2029,4.9999,MINISTERIO DE HACIENDA,HACIENDA,49609
USP3579ECP09,BSRD2029, ,1000000,USD,1000,5.8254,99.245099,14/08/2026,11:34:56 AM,PRESTAMO,PRIMERA PARTE,ROTC,14/08/2026,CONFIRMADA,3283275,0,22/02/2022,22/02/2029,4.9999,MINISTERIO DE HACIENDA,HACIENDA,49483
USP3579ECP09,BSRD2029, ,1000000,USD,1000,4.5892,101.907105,14/08/2026,11:34:55 AM,ESTRUCTURADA,SEGUNDA PARTE,ROTC,27/11/2026,CONFIRMADA,3283268,0,22/02/2022,22/02/2029,4.9999,MINISTERIO DE HACIENDA,HACIENDA,51702
USP3579ECP09,BSRD2029, ,1000000,USD,1000,5.8254,99.245099,14/08/2026,11:34:55 AM,ESTRUCTURADA,PRIMERA PARTE,ROTC,14/08/2026,CONFIRMADA,3283268,0,22/02/2022,22/02/2029,4.9999,MINISTERIO DE HACIENDA,HACIENDA,51576
DO1014202225,VF3RDV02,FIDSO RD VIAL/12 BOEST 20460729,96507100,DOP,965071,12.00248432,99.960106,14/08/2026,11:33:29 AM,PLAZO,PRIMERA PARTE,ROTC,21/08/2026,CONFIRMADA,3283267,0,29/07/2026,29/07/2046,0,FIDEICOMISO PARA LA OPERACION MANTENIMIENTO Y EXPANSION DE LA RED VIAL PRINCIPAL DE LA REPUBLICA DOMINICANA,FIDSO RD VIAL,63133
DO1014202225,VF3RDV02,FIDSO RD VIAL/12 BOEST 20460729,96507100,DOP,965071,12.00112476,99.975282000000007,14/08/2026,11:33:28 AM,CONTADO,PRIMERA PARTE,ROTC,14/08/2026,CONFIRMADA,3283266,0,29/07/2026,29/07/2046,0,FIDEICOMISO PARA LA OPERACION MANTENIMIENTO Y EXPANSION DE LA RED VIAL PRINCIPAL DE LA REPUBLICA DOMINICANA,FIDSO RD VIAL,64113
DO1005208215,MHUS2029,HACIENDA/6.95 BOEST 20290626 GTIA,19000,USD,19,3.2746,109.121789,14/08/2026,11:30:27 AM,PRESTAMO,SEGUNDA PARTE,ROTC,16/11/2026,CONFIRMADA,3283001,0,26/06/2020,26/06/2029,2.116284,MINISTERIO DE HACIENDA,HACIENDA,61320
DO1005208215,MHUS2029,HACIENDA/6.95 BOEST 20290626 GTIA,19000,USD,19,3.4449,109.458053,14/08/2026,11:30:27 AM,PRESTAMO,PRIMERA PARTE,ROTC,17/08/2026,CONFIRMADA,3283001,0,26/06/2020,26/06/2029,2.116284,MINISTERIO DE HACIENDA,HACIENDA,61425
DO1005208215,MHUS2029,HACIENDA/6.95 BOEST 20290626 GTIA,19000,USD,19,3.2746,109.121789,14/08/2026,11:30:26 AM,ESTRUCTURADA,SEGUNDA PARTE,ROTC,16/11/2026,CONFIRMADA,3283000,0,26/06/2020,26/06/2029,4.95,MINISTERIO DE HACIENDA,HACIENDA,63413
DO1005208215,MHUS2029,HACIENDA/6.95 BOEST 20290626 GTIA,19000,USD,19,3.4449,109.458053,14/08/2026,11:30:26 AM,ESTRUCTURADA,PRIMERA PARTE,ROTC,17/08/2026,CONFIRMADA,3283000,0,26/06/2020,26/06/2029,4.95,MINISTERIO DE HACIENDA,HACIENDA,63518
DO1005213025,MH22031,HACIENDA/10.25 BOEST 20310209 GTIA,600000,DOP,6,9.1398,103.80897,14/08/2026,11:30:25 AM,PRESTAMO,SEGUNDA PARTE,ROTC,16/11/2026,CONFIRMADA,3282999,0,09/02/2024,09/02/2031,2.616073,MINISTERIO DE HACIENDA,HACIENDA,60165
DO1005213025,MH22031,HACIENDA/10.25 BOEST 20310209 GTIA,600000,DOP,6,9.2032,103.800658,14/08/2026,11:30:25 AM,PRESTAMO,PRIMERA PARTE,ROTC,17/08/2026,CONFIRMADA,3282999,0,09/02/2024,09/02/2031,2.616073,MINISTERIO DE HACIENDA,HACIENDA,60480
DO1005213025,MH22031,HACIENDA/10.25 BOEST 20310209 GTIA,600000,DOP,6,9.1398,103.80897,14/08/2026,11:30:24 AM,ESTRUCTURADA,SEGUNDA PARTE,ROTC,16/11/2026,CONFIRMADA,3282998,0,09/02/2024,09/02/2031,9.75,MINISTERIO DE HACIENDA,HACIENDA,62258
DO1005213025,MH22031,HACIENDA/10.25 BOEST 20310209 GTIA,600000,DOP,6,9.2032,103.800658,14/08/2026,11:30:24 AM,ESTRUCTURADA,PRIMERA PARTE,ROTC,17/08/2026,CONFIRMADA,3282998,0,09/02/2024,09/02/2031,9.75,MINISTERIO DE HACIENDA,HACIENDA,62573
DO1005213025,MH22031,HACIENDA/10.25 BOEST 20310209 GTIA,2900000,DOP,29,9.3124,103.332576,14/08/2026,11:30:23 AM,PRESTAMO,SEGUNDA PARTE,ROTC,14/09/2026,CONFIRMADA,3282997,0,09/02/2024,09/02/2031,0.992558,MINISTERIO DE HACIENDA,HACIENDA,61145
DO1005213025,MH22031,HACIENDA/10.25 BOEST 20310209 GTIA,2900000,DOP,29,9.3391,103.307865,14/08/2026,11:30:23 AM,PRESTAMO,PRIMERA PARTE,ROTC,14/08/2026,CONFIRMADA,3282997,0,09/02/2024,09/02/2031,0.992558,MINISTERIO DE HACIENDA,HACIENDA,61264
DO1005213025,MH22031,HACIENDA/10.25 BOEST 20310209 GTIA,2900000,DOP,29,9.3124,103.332576,14/08/2026,11:30:22 AM,ESTRUCTURADA,SEGUNDA PARTE,ROTC,14/09/2026,CONFIRMADA,3282996,0,09/02/2024,09/02/2031,10.05,MINISTERIO DE HACIENDA,HACIENDA,63238
DO1005213025,MH22031,HACIENDA/10.25 BOEST 20310209 GTIA,2900000,DOP,29,9.3391,103.307865,14/08/2026,11:30:22 AM,ESTRUCTURADA,PRIMERA PARTE,ROTC,14/08/2026,CONFIRMADA,3282996,0,09/02/2024,09/02/2031,10.05,MINISTERIO DE HACIENDA,HACIENDA,63357
DO1005213025,MH22031,HACIENDA/10.25 BOEST 20310209 GTIA,2900000,DOP,29,9.3124,103.332576,14/08/2026,11:30:21 AM,PRESTAMO,SEGUNDA PARTE,ROTC,14/09/2026,CONFIRMADA,3282995,0,09/02/2024,09/02/2031,0.992558,MINISTERIO DE HACIENDA,HACIENDA,61131
DO1005213025,MH22031,HACIENDA/10.25 BOEST 20310209 GTIA,2900000,DOP,29,9.3391,103.307865,14/08/2026,11:30:21 AM,PRESTAMO,PRIMERA PARTE,ROTC,14/08/2026,CONFIRMADA,3282995,0,09/02/2024,09/02/2031,0.992558,MINISTERIO DE HACIENDA,HACIENDA,61250
DO1005213025,MH22031,HACIENDA/10.25 BOEST 20310209 GTIA,2900000,DOP,29,9.3124,103.332576,14/08/2026,11:30:20 AM,ESTRUCTURADA,SEGUNDA PARTE,ROTC,14/09/2026,CONFIRMADA,3282994,0,09/02/2024,09/02/2031,10.05,MINISTERIO DE HACIENDA,HACIENDA,63224
DO1005213025,MH22031,HACIENDA/10.25 BOEST 20310209 GTIA,2900000,DOP,29,9.3391,103.307865,14/08/2026,11:30:20 AM,ESTRUCTURADA,PRIMERA PARTE,ROTC,14/08/2026,CONFIRMADA,3282994,0,09/02/2024,09/02/2031,10.05,MINISTERIO DE HACIENDA,HACIENDA,63343
DO1005208215,MHUS2029,HACIENDA/6.95 BOEST 20290626 GTIA,55000,USD,55,2.5623,111.698127,14/08/2026,11:30:19 AM,ESTRUCTURADA,SEGUNDA PARTE,ROTC,15/09/2026,CONFIRMADA,3282992,0,26/06/2020,26/06/2029,4.95,MINISTERIO DE HACIENDA,HACIENDA,63427
DO1005208215,MHUS2029,HACIENDA/6.95 BOEST 20290626 GTIA,55000,USD,55,2.6466,111.8006,14/08/2026,11:30:19 AM,ESTRUCTURADA,PRIMERA PARTE,ROTC,14/08/2026,CONFIRMADA,3282992,0,26/06/2020,26/06/2029,4.95,MINISTERIO DE HACIENDA,HACIENDA,62713
DO1005208215,MHUS2029,HACIENDA/6.95 BOEST 20290626 GTIA,55000,USD,55,2.5623,111.698127,14/08/2026,11:30:18 AM,PRESTAMO,SEGUNDA PARTE,ROTC,15/09/2026,CONFIRMADA,3282993,0,26/06/2020,26/06/2029,1.25652,MINISTERIO DE HACIENDA,HACIENDA,61320
DO1005208215,MHUS2029,HACIENDA/6.95 BOEST 20290626 GTIA,55000,USD,55,2.6466,111.8006,14/08/2026,11:30:18 AM,PRESTAMO,PRIMERA PARTE,ROTC,14/08/2026,CONFIRMADA,3282993,0,26/06/2020,26/06/2029,1.25652,MINISTERIO DE HACIENDA,HACIENDA,60606
DO1002261928,LE090427,BCENTRAL/ LT 20270409 GTIA,5820000,DOP,582,8.8046,94.499337,14/08/2026,11:29:33 AM,CONTADO,PRIMERA PARTE,ROTC,14/08/2026,CONFIRMADA,3282654,0,09/04/2026,09/04/2027,0,BANCO CENTRAL DE LA REPUBLICA DOMINICANA,BCENTRAL,58282
DO1002261928,LE090427,BCENTRAL/ LT 20270409 GTIA,20000,DOP,2,47.0882,76.5654,14/08/2026,11:29:05 AM,CONTADO,PRIMERA PARTE,ROTC,18/08/2026,CONFIRMADA,3282649,0,09/04/2026,09/04/2027,0,BANCO CENTRAL DE LA REPUBLICA DOMINICANA,BCENTRAL,56357
DO1002261928,LE090427,BCENTRAL/ LT 20270409 GTIA,330000,DOP,33,10.7667,94.170076,14/08/2026,11:28:34 AM,PRESTAMO,SEGUNDA PARTE,ROTC,14/09/2026,CONFIRMADA,3282602,0,09/04/2026,09/04/2027,0.773282,BANCO CENTRAL DE LA REPUBLICA DOMINICANA,BCENTRAL,58366
DO1002261928,LE090427,BCENTRAL/ LT 20270409 GTIA,330000,DOP,33,10.6161,93.441876,14/08/2026,11:28:34 AM,PRESTAMO,PRIMERA PARTE,ROTC,14/08/2026,CONFIRMADA,3282602,0,09/04/2026,09/04/2027,0.773282,BANCO CENTRAL DE LA REPUBLICA DOMINICANA,BCENTRAL,58394
DO1002261928,LE090427,BCENTRAL/ LT 20270409 GTIA,330000,DOP,33,10.7667,94.170076,14/08/2026,11:28:33 AM,PLAZO,PRIMERA PARTE,ROTC,14/09/2026,CONFIRMADA,3282603,0,09/04/2026,09/04/2027,0,BANCO CENTRAL DE LA REPUBLICA DOMINICANA,BCENTRAL,56819
DO1002261928,LE090427,BCENTRAL/ LT 20270409 GTIA,110000,DOP,11,5.6931,97.262155,14/08/2026,11:28:32 AM,PRESTAMO,SEGUNDA PARTE,ROTC,13/10/2026,CONFIRMADA,3282605,0,09/04/2026,09/04/2027,1.502088,BANCO CENTRAL DE LA REPUBLICA DOMINICANA,BCENTRAL,57897
DO1002261928,LE090427,BCENTRAL/ LT 20270409 GTIA,110000,DOP,11,6.6295,95.801191,14/08/2026,11:28:32 AM,PRESTAMO,PRIMERA PARTE,ROTC,14/08/2026,CONFIRMADA,3282605,0,09/04/2026,09/04/2027,1.502088,BANCO CENTRAL DE LA REPUBLICA DOMINICANA,BCENTRAL,58023
DO1002261928,LE090427,BCENTRAL/ LT 20270409 GTIA,110000,DOP,11,5.6931,97.262155,14/08/2026,11:28:31 AM,PLAZO,PRIMERA PARTE,ROTC,13/10/2026,CONFIRMADA,3282606,0,09/04/2026,09/04/2027,0,BANCO CENTRAL DE LA REPUBLICA DOMINICANA,BCENTRAL,56350
DO1005208322,MHUS2040,HACIENDA/6.75 BOEST 20400724 GTIA,405000,USD,405,4.6412,120.985481,14/08/2026,11:28:30 AM,PRESTAMO,SEGUNDA PARTE,ROTC,22/01/2027,CONFIRMADA,3282608,0,24/07/2020,24/07/2040,2.488836,MINISTERIO DE HACIENDA,HACIENDA,61803
DO1005208322,MHUS2040,HACIENDA/6.75 BOEST 20400724 GTIA,405000,USD,405,4.6604,121.228788,14/08/2026,11:28:30 AM,PRESTAMO,PRIMERA PARTE,ROTC,14/08/2026,CONFIRMADA,3282608,0,24/07/2020,24/07/2040,2.488836,MINISTERIO DE HACIENDA,HACIENDA,61943
DO1005208322,MHUS2040,HACIENDA/6.75 BOEST 20400724 GTIA,405000,USD,405,4.6412,120.985481,14/08/2026,11:28:28 AM,PLAZO,PRIMERA PARTE,ROTC,22/01/2027,CONFIRMADA,3282609,0,24/07/2020,24/07/2040,0,MINISTERIO DE HACIENDA,HACIENDA,60312
DO1002261928,LE090427,BCENTRAL/ LT 20270409 GTIA,330000,DOP,33,9.1335,95.679139,14/08/2026,11:28:27 AM,PRESTAMO,SEGUNDA PARTE,ROTC,13/10/2026,CONFIRMADA,3282611,0,09/04/2026,09/04/2027,1.428059,BANCO CENTRAL DE LA REPUBLICA DOMINICANA,BCENTRAL,58044
DO1002261928,LE090427,BCENTRAL/ LT 20270409 GTIA,330000,DOP,33,9.2377,94.312785,14/08/2026,11:28:27 AM,PRESTAMO,PRIMERA PARTE,ROTC,17/08/2026,CONFIRMADA,3282611,0,09/04/2026,09/04/2027,1.428059,BANCO CENTRAL DE LA REPUBLICA DOMINICANA,BCENTRAL,58163
DO1002261928,LE090427,BCENTRAL/ LT 20270409 GTIA,330000,DOP,33,9.1335,95.679139,14/08/2026,11:28:26 AM,PLAZO,PRIMERA PARTE,ROTC,13/10/2026,CONFIRMADA,3282612,0,09/04/2026,09/04/2027,0,BANCO CENTRAL DE LA REPUBLICA DOMINICANA,BCENTRAL,56497
DO1002261928,LE090427,BCENTRAL/ LT 20270409 GTIA,1100000,DOP,110,11.9041,94.61857,14/08/2026,11:28:24 AM,PRESTAMO,SEGUNDA PARTE,ROTC,19/10/2026,CONFIRMADA,3282620,0,09/04/2026,09/04/2027,0.078299,BANCO CENTRAL DE LA REPUBLICA DOMINICANA,BCENTRAL,58583
DO1002261928,LE090427,BCENTRAL/ LT 20270409 GTIA,1100000,DOP,110,8.8774,94.544485,14/08/2026,11:28:24 AM,PRESTAMO,PRIMERA PARTE,ROTC,18/08/2026,CONFIRMADA,3282620,0,09/04/2026,09/04/2027,0.078299,BANCO CENTRAL DE LA REPUBLICA DOMINICANA,BCENTRAL,58835
DO1002261928,LE090427,BCENTRAL/ LT 20270409 GTIA,1100000,DOP,110,11.9041,94.61857,14/08/2026,11:28:23 AM,PLAZO,PRIMERA PARTE,ROTC,19/10/2026,CONFIRMADA,3282621,0,09/04/2026,09/04/2027,0,BANCO CENTRAL DE LA REPUBLICA DOMINICANA,BCENTRAL,57036
DO1002261928,LE090427,BCENTRAL/ LT 20270409 GTIA,70000,DOP,7,0,89.798514,14/08/2026,11:28:22 AM,PRESTAMO,SEGUNDA PARTE,ROTC,16/11/2026,CONFIRMADA,3282641,0,09/04/2026,09/04/2027,2.320958,BANCO CENTRAL DE LA REPUBLICA DOMINICANA,BCENTRAL,55580
DO1002261928,LE090427,BCENTRAL/ LT 20270409 GTIA,70000,DOP,7,21.4567,87.714329,14/08/2026,11:28:22 AM,PRESTAMO,PRIMERA PARTE,ROTC,17/08/2026,CONFIRMADA,3282641,0,09/04/2026,09/04/2027,2.320958,BANCO CENTRAL DE LA REPUBLICA DOMINICANA,BCENTRAL,57799
DO1002261928,LE090427,BCENTRAL/ LT 20270409 GTIA,70000,DOP,7,0,89.798514,14/08/2026,11:28:20 AM,PLAZO,PRIMERA PARTE,ROTC,16/11/2026,CONFIRMADA,3282642,0,09/04/2026,09/04/2027,0,BANCO CENTRAL DE LA REPUBLICA DOMINICANA,BCENTRAL,54026
DO1005207118,MHUS2026,HACIENDA/6.65 BOEST 20261227 GTIA,33000,USD,33,0,101.501939,14/08/2026,11:28:19 AM,PRESTAMO,SEGUNDA PARTE,ROTC,16/10/2026,CONFIRMADA,3282644,0,27/12/2019,27/12/2026,1.592658,MINISTERIO DE HACIENDA,HACIENDA,59360
DO1005207118,MHUS2026,HACIENDA/6.65 BOEST 20261227 GTIA,33000,USD,33,1.4294,101.875485,14/08/2026,11:28:19 AM,PRESTAMO,PRIMERA PARTE,ROTC,17/08/2026,CONFIRMADA,3282644,0,27/12/2019,27/12/2026,1.592658,MINISTERIO DE HACIENDA,HACIENDA,61355
DO1005207118,MHUS2026,HACIENDA/6.65 BOEST 20261227 GTIA,33000,USD,33,0,101.501939,14/08/2026,11:28:18 AM,PLAZO,PRIMERA PARTE,ROTC,16/10/2026,CONFIRMADA,3282645,0,27/12/2019,27/12/2026,0,MINISTERIO DE HACIENDA,HACIENDA,57813
DO1002261928,LE090427,BCENTRAL/ LT 20270409 GTIA,170000,DOP,17,7.981,95.048153,14/08/2026,11:28:01 AM,CONTADO,PRIMERA PARTE,ROTC,17/08/2026,CONFIRMADA,3282646,0,09/04/2026,09/04/2027,0,BANCO CENTRAL DE LA REPUBLICA DOMINICANA,BCENTRAL,57057
DO1005207118,MHUS2026,HACIENDA/6.65 BOEST 20261227 GTIA,33000,USD,33,1.4294,101.875485,14/08/2026,11:27:36 AM,CONTADO,PRIMERA PARTE,ROTC,17/08/2026,CONFIRMADA,3282643,0,27/12/2019,27/12/2026,0,MINISTERIO DE HACIENDA,HACIENDA,60648
DO1002261928,LE090427,BCENTRAL/ LT 20270409 GTIA,70000,DOP,7,21.4567,87.714329,14/08/2026,11:27:16 AM,CONTADO,PRIMERA PARTE,ROTC,17/08/2026,CONFIRMADA,3282640,0,09/04/2026,09/04/2027,0,BANCO CENTRAL DE LA REPUBLICA DOMINICANA,BCENTRAL,57120
DO1002261928,LE090427,BCENTRAL/ LT 20270409 GTIA,1100000,DOP,110,8.8774,94.544485,14/08/2026,11:26:53 AM,CONTADO,PRIMERA PARTE,ROTC,18/08/2026,CONFIRMADA,3282619,0,09/04/2026,09/04/2027,0,BANCO CENTRAL DE LA REPUBLICA DOMINICANA,BCENTRAL,58142
DO1002228612,NO031227,BCENTRAL/8 BOEST 20271203 GTIA,3960000,DOP,396,-20.843,100.124831,14/08/2026,11:26:33 AM,PRESTAMO,SEGUNDA PARTE,ROTC,14/09/2026,CONFIRMADA,3283041,0,03/12/2024,03/12/2027,2.378303,BANCO CENTRAL DE LA REPUBLICA DOMINICANA,BCENTRAL,61208
DO1002228612,NO031227,BCENTRAL/8 BOEST 20271203 GTIA,3960000,DOP,396,8.0328,99.941381,14/08/2026,11:26:33 AM,PRESTAMO,PRIMERA PARTE,ROTC,14/08/2026,CONFIRMADA,3283041,0,03/12/2024,03/12/2027,2.378303,BANCO CENTRAL DE LA REPUBLICA DOMINICANA,BCENTRAL,60809
DO1002228612,NO031227,BCENTRAL/8 BOEST 20271203 GTIA,3960000,DOP,396,-20.843,100.124831,14/08/2026,11:26:32 AM,PLAZO,PRIMERA PARTE,ROTC,14/09/2026,CONFIRMADA,3283042,0,03/12/2024,03/12/2027,0,BANCO CENTRAL DE LA REPUBLICA DOMINICANA,BCENTRAL,59661
USP3579EBV85,BSDR2027,DOMINICAN Rep/5.95 BD 20270125 Se,28000,USD,28,7.3707,99.606821,14/08/2026,11:26:31 AM,PRESTAMO,SEGUNDA PARTE,ROTC,16/10/2026,CONFIRMADA,3283045,0,25/01/2017,25/01/2027,0.980337,MINISTERIO DE HACIENDA,HACIENDA,62314
USP3579EBV85,BSDR2027,DOMINICAN Rep/5.95 BD 20270125 Se,28000,USD,28,6.0417,99.955964,14/08/2026,11:26:31 AM,PRESTAMO,PRIMERA PARTE,ROTC,14/08/2026,CONFIRMADA,3283045,0,25/01/2017,25/01/2027,0.980337,MINISTERIO DE HACIENDA,HACIENDA,62475
USP3579EBV85,BSDR2027,DOMINICAN Rep/5.95 BD 20270125 Se,28000,USD,28,7.3707,99.606821,14/08/2026,11:26:30 AM,PLAZO,PRIMERA PARTE,ROTC,16/10/2026,CONFIRMADA,3283046,0,25/01/2017,25/01/2027,0,MINISTERIO DE HACIENDA,HACIENDA,60767
DO1002223928,NO120227,BCENTRAL/8 BOEST 20270212 GTIA,2200000,DOP,220,5.5484,100.762595,14/08/2026,11:26:29 AM,PRESTAMO,SEGUNDA PARTE,ROTC,16/10/2026,CONFIRMADA,3283048,0,12/02/2022,12/02/2027,1.51946,BANCO CENTRAL DE LA REPUBLICA DOMINICANA,BCENTRAL,60879
DO1002223928,NO120227,BCENTRAL/8 BOEST 20270212 GTIA,2200000,DOP,220,6.6731,100.62312,14/08/2026,11:26:29 AM,PRESTAMO,PRIMERA PARTE,ROTC,17/08/2026,CONFIRMADA,3283048,0,12/02/2022,12/02/2027,1.51946,BANCO CENTRAL DE LA REPUBLICA DOMINICANA,BCENTRAL,60501
DO1002223928,NO120227,BCENTRAL/8 BOEST 20270212 GTIA,2200000,DOP,220,5.5484,100.762595,14/08/2026,11:26:27 AM,PLAZO,PRIMERA PARTE,ROTC,16/10/2026,CONFIRMADA,3283049,0,12/02/2022,12/02/2027,0,BANCO CENTRAL DE LA REPUBLICA DOMINICANA,BCENTRAL,59325
DO1002227317,NO150928,BCENTRAL/11 BOEST 20280915 GTIA,290000,DOP,29,0,103.760152,14/08/2026,11:26:26 AM,PLAZO,PRIMERA PARTE,ROTC,02/12/2026,CONFIRMADA,3283050,0,15/09/2023,15/09/2028,0,BANCO CENTRAL DE LA REPUBLICA DOMINICANA,BCENTRAL,57225
DO1002227317,NO150928,BCENTRAL/11 BOEST 20280915 GTIA,290000,DOP,29,9,103.312676,14/08/2026,11:26:25 AM,PRESTAMO,SEGUNDA PARTE,ROTC,10/02/2027,CONFIRMADA,3283051,0,15/09/2023,15/09/2028,3.756391,BANCO CENTRAL DE LA REPUBLICA DOMINICANA,BCENTRAL,58842
DO1002227317,NO150928,BCENTRAL/11 BOEST 20280915 GTIA,290000,DOP,29,0,103.760152,14/08/2026,11:26:25 AM,PRESTAMO,PRIMERA PARTE,ROTC,02/12/2026,CONFIRMADA,3283051,0,15/09/2023,15/09/2028,3.756391,BANCO CENTRAL DE LA REPUBLICA DOMINICANA,BCENTRAL,58821
DO1002227317,NO150928,BCENTRAL/11 BOEST 20280915 GTIA,290000,DOP,29,9,103.312676,14/08/2026,11:26:24 AM,PLAZO,PRIMERA PARTE,ROTC,10/02/2027,CONFIRMADA,3283052,0,15/09/2023,15/09/2028,0,BANCO CENTRAL DE LA REPUBLICA DOMINICANA,BCENTRAL,57295
DO1002228612,NO031227,BCENTRAL/8 BOEST 20271203 GTIA,6920000,DOP,692,0,98.904703,14/08/2026,11:26:23 AM,PLAZO,PRIMERA PARTE,ROTC,14/09/2026,CONFIRMADA,3283053,0,03/12/2024,03/12/2027,0,BANCO CENTRAL DE LA REPUBLICA DOMINICANA,BCENTRAL,57351
DO1002228612,NO031227,BCENTRAL/8 BOEST 20271203 GTIA,6920000,DOP,692,9,99.079288,14/08/2026,11:26:22 AM,PRESTAMO,SEGUNDA PARTE,ROTC,14/10/2026,CONFIRMADA,3283054,0,03/12/2024,03/12/2027,3.021667,BANCO CENTRAL DE LA REPUBLICA DOMINICANA,BCENTRAL,58975
DO1002228612,NO031227,BCENTRAL/8 BOEST 20271203 GTIA,6920000,DOP,692,0,98.904703,14/08/2026,11:26:22 AM,PRESTAMO,PRIMERA PARTE,ROTC,14/09/2026,CONFIRMADA,3283054,0,03/12/2024,03/12/2027,3.021667,BANCO CENTRAL DE LA REPUBLICA DOMINICANA,BCENTRAL,58947
DO1002228612,NO031227,BCENTRAL/8 BOEST 20271203 GTIA,6920000,DOP,692,9,99.079288,14/08/2026,11:26:21 AM,PLAZO,PRIMERA PARTE,ROTC,14/10/2026,CONFIRMADA,3283055,0,03/12/2024,03/12/2027,0,BANCO CENTRAL DE LA REPUBLICA DOMINICANA,BCENTRAL,57428
DO1002228612,NO031227,BCENTRAL/8 BOEST 20271203 GTIA,6870000,DOP,687,0,98.985182,14/08/2026,11:26:20 AM,PLAZO,PRIMERA PARTE,ROTC,14/10/2026,CONFIRMADA,3283056,0,03/12/2024,03/12/2027,0,BANCO CENTRAL DE LA REPUBLICA DOMINICANA,BCENTRAL,57400
DO1002228612,NO031227,BCENTRAL/8 BOEST 20271203 GTIA,6870000,DOP,687,9,99.16581,14/08/2026,11:26:18 AM,PRESTAMO,SEGUNDA PARTE,ROTC,13/11/2026,CONFIRMADA,3283057,0,03/12/2024,03/12/2027,3.644037,BANCO CENTRAL DE LA REPUBLICA DOMINICANA,BCENTRAL,58639
DO1002228612,NO031227,BCENTRAL/8 BOEST 20271203 GTIA,6870000,DOP,687,0,98.985182,14/08/2026,11:26:18 AM,PRESTAMO,PRIMERA PARTE,ROTC,14/10/2026,CONFIRMADA,3283057,0,03/12/2024,03/12/2027,3.644037,BANCO CENTRAL DE LA REPUBLICA DOMINICANA,BCENTRAL,59052
DO1002228612,NO031227,BCENTRAL/8 BOEST 20271203 GTIA,60000,DOP,6,0,99.5359,14/08/2026,11:26:17 AM,PLAZO,PRIMERA PARTE,ROTC,14/09/2026,CONFIRMADA,3283058,0,03/12/2024,03/12/2027,0,BANCO CENTRAL DE LA REPUBLICA DOMINICANA,BCENTRAL,55202
DO1002228612,NO031227,BCENTRAL/8 BOEST 20271203 GTIA,60000,DOP,6,0,100.0454,14/08/2026,11:26:16 AM,PRESTAMO,SEGUNDA PARTE,ROTC,02/12/2026,CONFIRMADA,3283059,0,03/12/2024,03/12/2027,4.314071,BANCO CENTRAL DE LA REPUBLICA DOMINICANA,BCENTRAL,56826
DO1002228612,NO031227,BCENTRAL/8 BOEST 20271203 GTIA,60000,DOP,6,0,99.5359,14/08/2026,11:26:16 AM,PRESTAMO,PRIMERA PARTE,ROTC,14/09/2026,CONFIRMADA,3283059,0,03/12/2024,03/12/2027,4.314071,BANCO CENTRAL DE LA REPUBLICA DOMINICANA,BCENTRAL,56798
DO1002228612,NO031227,BCENTRAL/8 BOEST 20271203 GTIA,60000,DOP,6,0,100.0454,14/08/2026,11:26:15 AM,PLAZO,PRIMERA PARTE,ROTC,02/12/2026,CONFIRMADA,3283060,0,03/12/2024,03/12/2027,0,BANCO CENTRAL DE LA REPUBLICA DOMINICANA,BCENTRAL,55279
DO1002227317,NO150928,BCENTRAL/11 BOEST 20280915 GTIA,60000,DOP,6,0,101.683283,14/08/2026,11:26:14 AM,PLAZO,PRIMERA PARTE,ROTC,02/12/2026,CONFIRMADA,3283061,0,15/09/2023,15/09/2028,0,BANCO CENTRAL DE LA REPUBLICA DOMINICANA,BCENTRAL,56511
DO1002261928,LE090427,BCENTRAL/ LT 20270409 GTIA,330000,DOP,33,9.2377,94.312785,14/08/2026,11:26:13 AM,CONTADO,PRIMERA PARTE,ROTC,17/08/2026,CONFIRMADA,3282610,0,09/04/2026,09/04/2027,0,BANCO CENTRAL DE LA REPUBLICA DOMINICANA,BCENTRAL,57421
USP3579EBV85,BSDR2027,DOMINICAN Rep/5.95 BD 20270125 Se,50000,USD,50,7.2924,99.62778,14/08/2026,11:25:42 AM,PRESTAMO,SEGUNDA PARTE,ROTC,16/10/2026,CONFIRMADA,3283063,0,25/01/2017,25/01/2027,0.997717,MINISTERIO DE HACIENDA,HACIENDA,61964
USP3579EBV85,BSDR2027,DOMINICAN Rep/5.95 BD 20270125 Se,50000,USD,50,6.0346,99.95918,14/08/2026,11:25:42 AM,PRESTAMO,PRIMERA PARTE,ROTC,17/08/2026,CONFIRMADA,3283063,0,25/01/2017,25/01/2027,0.997717,MINISTERIO DE HACIENDA,HACIENDA,62062
USP3579EBV85,BSDR2027,DOMINICAN Rep/5.95 BD 20270125 Se,50000,USD,50,7.2924,99.62778,14/08/2026,11:25:41 AM,PLAZO,PRIMERA PARTE,ROTC,16/10/2026,CONFIRMADA,3283064,0,25/01/2017,25/01/2027,0,MINISTERIO DE HACIENDA,HACIENDA,60417
DO1002228612,NO031227,BCENTRAL/8 BOEST 20271203 GTIA,1870000,DOP,187,7.91,100.083474,14/08/2026,11:25:40 AM,PRESTAMO,SEGUNDA PARTE,ROTC,14/09/2026,CONFIRMADA,3283066,0,03/12/2024,03/12/2027,2.251758,BANCO CENTRAL DE LA REPUBLICA DOMINICANA,BCENTRAL,60221
DO1002228612,NO031227,BCENTRAL/8 BOEST 20271203 GTIA,1870000,DOP,187,7.9596,100.030507,14/08/2026,11:25:40 AM,PRESTAMO,PRIMERA PARTE,ROTC,14/08/2026,CONFIRMADA,3283066,0,03/12/2024,03/12/2027,2.251758,BANCO CENTRAL DE LA REPUBLICA DOMINICANA,BCENTRAL,61005
DO1002228612,NO031227,BCENTRAL/8 BOEST 20271203 GTIA,1870000,DOP,187,7.91,100.083474,14/08/2026,11:25:38 AM,PLAZO,PRIMERA PARTE,ROTC,14/09/2026,CONFIRMADA,3283067,0,03/12/2024,03/12/2027,0,BANCO CENTRAL DE LA REPUBLICA DOMINICANA,BCENTRAL,58730
USP3579EBV85,BSDR2027,DOMINICAN Rep/5.95 BD 20270125 Se,20000,USD,20,-10.676,102.1175,14/08/2026,11:25:37 AM,PRESTAMO,SEGUNDA PARTE,ROTC,11/12/2026,CONFIRMADA,3283069,0,25/01/2017,25/01/2027,1.718483,MINISTERIO DE HACIENDA,HACIENDA,61999
USP3579EBV85,BSDR2027,DOMINICAN Rep/5.95 BD 20270125 Se,20000,USD,20,0.1938,102.5718,14/08/2026,11:25:37 AM,PRESTAMO,PRIMERA PARTE,ROTC,14/08/2026,CONFIRMADA,3283069,0,25/01/2017,25/01/2027,1.718483,MINISTERIO DE HACIENDA,HACIENDA,61859
DO1002227317,NO150928,BCENTRAL/11 BOEST 20280915 GTIA,60000,DOP,6,0,101.475367,14/08/2026,11:25:36 AM,PRESTAMO,SEGUNDA PARTE,ROTC,12/03/2027,CONFIRMADA,3283070,0,15/09/2023,15/09/2028,4.865936,BANCO CENTRAL DE LA REPUBLICA DOMINICANA,BCENTRAL,58100
DO1002227317,NO150928,BCENTRAL/11 BOEST 20280915 GTIA,60000,DOP,6,0,101.683283,14/08/2026,11:25:36 AM,PRESTAMO,PRIMERA PARTE,ROTC,02/12/2026,CONFIRMADA,3283070,0,15/09/2023,15/09/2028,4.865936,BANCO CENTRAL DE LA REPUBLICA DOMINICANA,BCENTRAL,58135
DO1002227317,NO150928,BCENTRAL/11 BOEST 20280915 GTIA,60000,DOP,6,0,101.475367,14/08/2026,11:25:34 AM,PLAZO,PRIMERA PARTE,ROTC,12/03/2027,CONFIRMADA,3283071,0,15/09/2023,15/09/2028,0,BANCO CENTRAL DE LA REPUBLICA DOMINICANA,BCENTRAL,56546
DO1002228612,NO031227,BCENTRAL/8 BOEST 20271203 GTIA,60000,DOP,6,0,104.746217,14/08/2026,11:25:33 AM,PLAZO,PRIMERA PARTE,ROTC,12/03/2027,CONFIRMADA,3283072,0,03/12/2024,03/12/2027,0,BANCO CENTRAL DE LA REPUBLICA DOMINICANA,BCENTRAL,56084
DO1002228612,NO031227,BCENTRAL/8 BOEST 20271203 GTIA,60000,DOP,6,0,105.265233,14/08/2026,11:25:32 AM,PRESTAMO,SEGUNDA PARTE,ROTC,02/06/2027,CONFIRMADA,3283073,0,03/12/2024,03/12/2027,4.116532,BANCO CENTRAL DE LA REPUBLICA DOMINICANA,BCENTRAL,57596
DO1002228612,NO031227,BCENTRAL/8 BOEST 20271203 GTIA,60000,DOP,6,0,104.746217,14/08/2026,11:25:32 AM,PRESTAMO,PRIMERA PARTE,ROTC,12/03/2027,CONFIRMADA,3283073,0,03/12/2024,03/12/2027,4.116532,BANCO CENTRAL DE LA REPUBLICA DOMINICANA,BCENTRAL,57680
DO1002228612,NO031227,BCENTRAL/8 BOEST 20271203 GTIA,60000,DOP,6,0,105.265233,14/08/2026,11:25:31 AM,PLAZO,PRIMERA PARTE,ROTC,02/06/2027,CONFIRMADA,3283074,0,03/12/2024,03/12/2027,0,BANCO CENTRAL DE LA REPUBLICA DOMINICANA,BCENTRAL,56049
DO1002227317,NO150928,BCENTRAL/11 BOEST 20280915 GTIA,60000,DOP,6,0,106.91285,14/08/2026,11:25:29 AM,PLAZO,PRIMERA PARTE,ROTC,02/06/2027,CONFIRMADA,3283075,0,15/09/2023,15/09/2028,0,BANCO CENTRAL DE LA REPUBLICA DOMINICANA,BCENTRAL,56238
DO1002227317,NO150928,BCENTRAL/11 BOEST 20280915 GTIA,60000,DOP,6,0,106.805167,14/08/2026,11:25:28 AM,PRESTAMO,SEGUNDA PARTE,ROTC,09/08/2027,CONFIRMADA,3283076,0,15/09/2023,15/09/2028,3.854645,BANCO CENTRAL DE LA REPUBLICA DOMINICANA,BCENTRAL,58184
DO1002227317,NO150928,BCENTRAL/11 BOEST 20280915 GTIA,60000,DOP,6,0,106.91285,14/08/2026,11:25:28 AM,PRESTAMO,PRIMERA PARTE,ROTC,02/06/2027,CONFIRMADA,3283076,0,15/09/2023,15/09/2028,3.854645,BANCO CENTRAL DE LA REPUBLICA DOMINICANA,BCENTRAL,57834
DO1002227317,NO150928,BCENTRAL/11 BOEST 20280915 GTIA,60000,DOP,6,0,106.805167,14/08/2026,11:25:27 AM,PLAZO,PRIMERA PARTE,ROTC,09/08/2027,CONFIRMADA,3283077,0,15/09/2023,15/09/2028,0,BANCO CENTRAL DE LA REPUBLICA DOMINICANA,BCENTRAL,56637
USP3579EBV85,BSDR2027,DOMINICAN Rep/5.95 BD 20270125 Se,20000,USD,20,-10.676,102.1175,14/08/2026,11:25:25 AM,PLAZO,PRIMERA PARTE,ROTC,11/12/2026,CONFIRMADA,3283078,0,25/01/2017,25/01/2027,0,MINISTERIO DE HACIENDA,HACIENDA,60438
DO1002228612,NO031227,BCENTRAL/8 BOEST 20271203 GTIA,6690000,DOP,669,-29.194,103.269914,14/08/2026,11:25:24 AM,PRESTAMO,SEGUNDA PARTE,ROTC,14/09/2026,CONFIRMADA,3283080,0,03/12/2024,03/12/2027,2.332485,BANCO CENTRAL DE LA REPUBLICA DOMINICANA,BCENTRAL,61404
DO1002228612,NO031227,BCENTRAL/8 BOEST 20271203 GTIA,6690000,DOP,669,5.5238,103.060011,14/08/2026,11:25:24 AM,PRESTAMO,PRIMERA PARTE,ROTC,14/08/2026,CONFIRMADA,3283080,0,03/12/2024,03/12/2027,2.332485,BANCO CENTRAL DE LA REPUBLICA DOMINICANA,BCENTRAL,60970
DO1002228612,NO031227,BCENTRAL/8 BOEST 20271203 GTIA,6690000,DOP,669,-29.194,103.269914,14/08/2026,11:25:23 AM,PLAZO,PRIMERA PARTE,ROTC,14/09/2026,CONFIRMADA,3283081,0,03/12/2024,03/12/2027,0,BANCO CENTRAL DE LA REPUBLICA DOMINICANA,BCENTRAL,59857
DO1002228612,NO031227,BCENTRAL/8 BOEST 20271203 GTIA,30000,DOP,3,15.0485,93.323367,14/08/2026,11:25:22 AM,PRESTAMO,SEGUNDA PARTE,ROTC,12/11/2026,CONFIRMADA,3283087,0,03/12/2024,03/12/2027,3.54943,BANCO CENTRAL DE LA REPUBLICA DOMINICANA,BCENTRAL,59409
DO1002228612,NO031227,BCENTRAL/8 BOEST 20271203 GTIA,30000,DOP,3,13.6486,93.426233,14/08/2026,11:25:22 AM,PRESTAMO,PRIMERA PARTE,ROTC,14/08/2026,CONFIRMADA,3283087,0,03/12/2024,03/12/2027,3.54943,BANCO CENTRAL DE LA REPUBLICA DOMINICANA,BCENTRAL,59535
DO1002228612,NO031227,BCENTRAL/8 BOEST 20271203 GTIA,30000,DOP,3,15.0485,93.323367,14/08/2026,11:25:20 AM,PLAZO,PRIMERA PARTE,ROTC,12/11/2026,CONFIRMADA,3283088,0,03/12/2024,03/12/2027,0,BANCO CENTRAL DE LA REPUBLICA DOMINICANA,BCENTRAL,57855
USP3579EBV85,BSDR2027,DOMINICAN Rep/5.95 BD 20270125 Se,2000,USD,2,23.3033,94.228,14/08/2026,11:25:19 AM,PRESTAMO,SEGUNDA PARTE,ROTC,14/09/2026,CONFIRMADA,3283090,0,25/01/2017,25/01/2027,0.575559,MINISTERIO DE HACIENDA,HACIENDA,60753
USP3579EBV85,BSDR2027,DOMINICAN Rep/5.95 BD 20270125 Se,2000,USD,2,19.3649,94.491,14/08/2026,11:25:19 AM,PRESTAMO,PRIMERA PARTE,ROTC,14/08/2026,CONFIRMADA,3283090,0,25/01/2017,25/01/2027,0.575559,MINISTERIO DE HACIENDA,HACIENDA,60949
USP3579EBV85,BSDR2027,DOMINICAN Rep/5.95 BD 20270125 Se,2000,USD,2,23.3033,94.228,14/08/2026,11:25:18 AM,PLAZO,PRIMERA PARTE,ROTC,14/09/2026,CONFIRMADA,3283091,0,25/01/2017,25/01/2027,0,MINISTERIO DE HACIENDA,HACIENDA,59206
USP3579EBV85,BSDR2027,DOMINICAN Rep/5.95 BD 20270125 Se,20000,USD,20,-0.5024,102.3538,14/08/2026,11:25:16 AM,PRESTAMO,SEGUNDA PARTE,ROTC,14/09/2026,CONFIRMADA,3283093,0,25/01/2017,25/01/2027,0.637773,MINISTERIO DE HACIENDA,HACIENDA,62013
USP3579EBV85,BSDR2027,DOMINICAN Rep/5.95 BD 20270125 Se,20000,USD,20,0.1987,102.5057,14/08/2026,11:25:16 AM,PRESTAMO,PRIMERA PARTE,ROTC,18/08/2026,CONFIRMADA,3283093,0,25/01/2017,25/01/2027,0.637773,MINISTERIO DE HACIENDA,HACIENDA,61866
USP3579EBV85,BSDR2027,DOMINICAN Rep/5.95 BD 20270125 Se,20000,USD,20,-0.5024,102.3538,14/08/2026,11:25:15 AM,PLAZO,PRIMERA PARTE,ROTC,14/09/2026,CONFIRMADA,3283094,0,25/01/2017,25/01/2027,0,MINISTERIO DE HACIENDA,HACIENDA,60466
DO1002223928,NO120227,BCENTRAL/8 BOEST 20270212 GTIA,100000,DOP,10,-0.1719,101.95583,14/08/2026,11:25:14 AM,PRESTAMO,SEGUNDA PARTE,ROTC,16/11/2026,CONFIRMADA,3283096,0,12/02/2022,12/02/2027,2.050176,BANCO CENTRAL DE LA REPUBLICA DOMINICANA,BCENTRAL,60025
DO1002223928,NO120227,BCENTRAL/8 BOEST 20270212 GTIA,100000,DOP,10,3.9943,101.90973,14/08/2026,11:25:14 AM,PRESTAMO,PRIMERA PARTE,ROTC,17/08/2026,CONFIRMADA,3283096,0,12/02/2022,12/02/2027,2.050176,BANCO CENTRAL DE LA REPUBLICA DOMINICANA,BCENTRAL,59878
DO1002223928,NO120227,BCENTRAL/8 BOEST 20270212 GTIA,100000,DOP,10,-0.1719,101.95583,14/08/2026,11:25:13 AM,PLAZO,PRIMERA PARTE,ROTC,16/11/2026,CONFIRMADA,3283098,0,12/02/2022,12/02/2027,0,BANCO CENTRAL DE LA REPUBLICA DOMINICANA,BCENTRAL,58478
DO1002228612,NO031227,BCENTRAL/8 BOEST 20271203 GTIA,6870000,DOP,687,0,98.991186,14/08/2026,11:25:12 AM,PLAZO,PRIMERA PARTE,ROTC,14/04/2027,CONFIRMADA,3283099,0,03/12/2024,03/12/2027,0,BANCO CENTRAL DE LA REPUBLICA DOMINICANA,BCENTRAL,57435
DO1002228612,NO031227,BCENTRAL/8 BOEST 20271203 GTIA,6870000,DOP,687,9,99.168212,14/08/2026,11:25:11 AM,PRESTAMO,SEGUNDA PARTE,ROTC,14/05/2027,CONFIRMADA,3283100,0,03/12/2024,03/12/2027,3.638191,BANCO CENTRAL DE LA REPUBLICA DOMINICANA,BCENTRAL,58947
DO1002228612,NO031227,BCENTRAL/8 BOEST 20271203 GTIA,6870000,DOP,687,0,98.991186,14/08/2026,11:25:11 AM,PRESTAMO,PRIMERA PARTE,ROTC,14/04/2027,CONFIRMADA,3283100,0,03/12/2024,03/12/2027,3.638191,BANCO CENTRAL DE LA REPUBLICA DOMINICANA,BCENTRAL,59031
DO1002228612,NO031227,BCENTRAL/8 BOEST 20271203 GTIA,6870000,DOP,687,9,99.168212,14/08/2026,11:25:09 AM,PLAZO,PRIMERA PARTE,ROTC,14/05/2027,CONFIRMADA,3283101,0,03/12/2024,03/12/2027,0,BANCO CENTRAL DE LA REPUBLICA DOMINICANA,BCENTRAL,57456
DO1002227317,NO150928,BCENTRAL/11 BOEST 20280915 GTIA,6700000,DOP,670,0,102.684134,14/08/2026,11:25:08 AM,PLAZO,PRIMERA PARTE,ROTC,14/05/2027,CONFIRMADA,3283102,0,15/09/2023,15/09/2028,0,BANCO CENTRAL DE LA REPUBLICA DOMINICANA,BCENTRAL,57988
DO1002227317,NO150928,BCENTRAL/11 BOEST 20280915 GTIA,6700000,DOP,670,9,102.643677,14/08/2026,11:25:07 AM,PRESTAMO,SEGUNDA PARTE,ROTC,14/06/2027,CONFIRMADA,3283103,0,15/09/2023,15/09/2028,2.543238,BANCO CENTRAL DE LA REPUBLICA DOMINICANA,BCENTRAL,59640
DO1002227317,NO150928,BCENTRAL/11 BOEST 20280915 GTIA,6700000,DOP,670,0,102.684134,14/08/2026,11:25:07 AM,PRESTAMO,PRIMERA PARTE,ROTC,14/05/2027,CONFIRMADA,3283103,0,15/09/2023,15/09/2028,2.543238,BANCO CENTRAL DE LA REPUBLICA DOMINICANA,BCENTRAL,59584
DO1002227317,NO150928,BCENTRAL/11 BOEST 20280915 GTIA,6700000,DOP,670,9,102.643677,14/08/2026,11:25:06 AM,PLAZO,PRIMERA PARTE,ROTC,14/06/2027,CONFIRMADA,3283104,0,15/09/2023,15/09/2028,0,BANCO CENTRAL DE LA REPUBLICA DOMINICANA,BCENTRAL,58093
DO1002228612,NO031227,BCENTRAL/8 BOEST 20271203 GTIA,470000,DOP,47,7.9536,100.033681,14/08/2026,11:25:05 AM,PRESTAMO,SEGUNDA PARTE,ROTC,14/09/2026,CONFIRMADA,3283106,0,03/12/2024,03/12/2027,2.167547,BANCO CENTRAL DE LA REPUBLICA DOMINICANA,BCENTRAL,60214
DO1002228612,NO031227,BCENTRAL/8 BOEST 20271203 GTIA,470000,DOP,47,7.9288,100.06797,14/08/2026,11:25:05 AM,PRESTAMO,PRIMERA PARTE,ROTC,14/08/2026,CONFIRMADA,3283106,0,03/12/2024,03/12/2027,2.167547,BANCO CENTRAL DE LA REPUBLICA DOMINICANA,BCENTRAL,60018
DO1002228612,NO031227,BCENTRAL/8 BOEST 20271203 GTIA,470000,DOP,47,7.9536,100.033681,14/08/2026,11:25:04 AM,PLAZO,PRIMERA PARTE,ROTC,14/09/2026,CONFIRMADA,3283107,0,03/12/2024,03/12/2027,0,BANCO CENTRAL DE LA REPUBLICA DOMINICANA,BCENTRAL,58667
DO1002228612,NO031227,BCENTRAL/8 BOEST 20271203 GTIA,30000,DOP,3,14.8262,93.047867,14/08/2026,11:25:03 AM,PRESTAMO,SEGUNDA PARTE,ROTC,13/10/2026,CONFIRMADA,3283109,0,03/12/2024,03/12/2027,2.89132,BANCO CENTRAL DE LA REPUBLICA DOMINICANA,BCENTRAL,59458
DO1002228612,NO031227,BCENTRAL/8 BOEST 20271203 GTIA,30000,DOP,3,13.8903,93.159367,14/08/2026,11:25:03 AM,PRESTAMO,PRIMERA PARTE,ROTC,14/08/2026,CONFIRMADA,3283109,0,03/12/2024,03/12/2027,2.89132,BANCO CENTRAL DE LA REPUBLICA DOMINICANA,BCENTRAL,59577
DO1002228612,NO031227,BCENTRAL/8 BOEST 20271203 GTIA,30000,DOP,3,14.8262,93.047867,14/08/2026,11:25:01 AM,PLAZO,PRIMERA PARTE,ROTC,13/10/2026,CONFIRMADA,3283110,0,03/12/2024,03/12/2027,0,BANCO CENTRAL DE LA REPUBLICA DOMINICANA,BCENTRAL,57904
DO1002228612,NO031227,BCENTRAL/8 BOEST 20271203 GTIA,300000,DOP,30,4.6068,98.573247,14/08/2026,11:25:00 AM,PRESTAMO,SEGUNDA PARTE,ROTC,02/12/2026,CONFIRMADA,3283111,0,03/12/2024,03/12/2027,4.02253,BANCO CENTRAL DE LA REPUBLICA DOMINICANA,BCENTRAL,59787
DO1002228612,NO031227,BCENTRAL/8 BOEST 20271203 GTIA,300000,DOP,30,9.2919,98.42623,14/08/2026,11:25:00 AM,PRESTAMO,PRIMERA PARTE,ROTC,14/08/2026,CONFIRMADA,3283111,0,03/12/2024,03/12/2027,4.02253,BANCO CENTRAL DE LA REPUBLICA DOMINICANA,BCENTRAL,59535
DO1002228612,NO031227,BCENTRAL/8 BOEST 20271203 GTIA,300000,DOP,30,4.6068,98.573247,14/08/2026,11:24:59 AM,PLAZO,PRIMERA PARTE,ROTC,02/12/2026,CONFIRMADA,3283112,0,03/12/2024,03/12/2027,0,BANCO CENTRAL DE LA REPUBLICA DOMINICANA,BCENTRAL,58338
DO1002223928,NO120227,BCENTRAL/8 BOEST 20270212 GTIA,9950000,DOP,995,6.7006,100.507762,14/08/2026,11:24:57 AM,PRESTAMO,SEGUNDA PARTE,ROTC,14/09/2026,CONFIRMADA,3283114,0,12/02/2022,12/02/2027,0.756847,BANCO CENTRAL DE LA REPUBLICA DOMINICANA,BCENTRAL,61082
DO1002223928,NO120227,BCENTRAL/8 BOEST 20270212 GTIA,9950000,DOP,995,7.0378,100.459034,14/08/2026,11:24:57 AM,PRESTAMO,PRIMERA PARTE,ROTC,14/08/2026,CONFIRMADA,3283114,0,12/02/2022,12/02/2027,0.756847,BANCO CENTRAL DE LA REPUBLICA DOMINICANA,BCENTRAL,61166
DO1002223928,NO120227,BCENTRAL/8 BOEST 20270212 GTIA,9950000,DOP,995,6.7006,100.507762,14/08/2026,11:24:56 AM,PLAZO,PRIMERA PARTE,ROTC,14/09/2026,CONFIRMADA,3283115,0,12/02/2022,12/02/2027,0,BANCO CENTRAL DE LA REPUBLICA DOMINICANA,BCENTRAL,59535
DO1002223928,NO120227,BCENTRAL/8 BOEST 20270212 GTIA,1590000,DOP,159,-5.5188,101.20299,14/08/2026,11:24:55 AM,PRESTAMO,SEGUNDA PARTE,ROTC,11/01/2027,CONFIRMADA,3283117,0,12/02/2022,12/02/2027,3.752736,BANCO CENTRAL DE LA REPUBLICA DOMINICANA,BCENTRAL,60893
DO1002223928,NO120227,BCENTRAL/8 BOEST 20270212 GTIA,1590000,DOP,159,6.7749,100.585453,14/08/2026,11:24:55 AM,PRESTAMO,PRIMERA PARTE,ROTC,14/08/2026,CONFIRMADA,3283117,0,12/02/2022,12/02/2027,3.752736,BANCO CENTRAL DE LA REPUBLICA DOMINICANA,BCENTRAL,61131
DO1002223928,NO120227,BCENTRAL/8 BOEST 20270212 GTIA,1590000,DOP,159,-5.5188,101.20299,14/08/2026,11:24:54 AM,PLAZO,PRIMERA PARTE,ROTC,11/01/2027,CONFIRMADA,3283118,0,12/02/2022,12/02/2027,0,BANCO CENTRAL DE LA REPUBLICA DOMINICANA,BCENTRAL,59346
DO1002227317,NO150928,BCENTRAL/11 BOEST 20280915 GTIA,370000,DOP,37,5.2458,103.508419,14/08/2026,11:24:52 AM,PRESTAMO,SEGUNDA PARTE,ROTC,14/09/2026,CONFIRMADA,3283120,0,15/09/2023,15/09/2028,4.967857,BANCO CENTRAL DE LA REPUBLICA DOMINICANA,BCENTRAL,60669
DO1002227317,NO150928,BCENTRAL/11 BOEST 20280915 GTIA,370000,DOP,37,9.0772,103.56463,14/08/2026,11:24:52 AM,PRESTAMO,PRIMERA PARTE,ROTC,14/08/2026,CONFIRMADA,3283120,0,15/09/2023,15/09/2028,4.967857,BANCO CENTRAL DE LA REPUBLICA DOMINICANA,BCENTRAL,60375
DO1002227317,NO150928,BCENTRAL/11 BOEST 20280915 GTIA,370000,DOP,37,5.2458,103.508419,14/08/2026,11:24:51 AM,PLAZO,PRIMERA PARTE,ROTC,14/09/2026,CONFIRMADA,3283121,0,15/09/2023,15/09/2028,0,BANCO CENTRAL DE LA REPUBLICA DOMINICANA,BCENTRAL,59122
DO1002228612,NO031227,BCENTRAL/8 BOEST 20271203 GTIA,80000,DOP,8,6.6378,101.362538,14/08/2026,11:24:50 AM,PRESTAMO,SEGUNDA PARTE,ROTC,12/11/2026,CONFIRMADA,3283123,0,03/12/2024,03/12/2027,3.66482,BANCO CENTRAL DE LA REPUBLICA DOMINICANA,BCENTRAL,59479
DO1002228612,NO031227,BCENTRAL/8 BOEST 20271203 GTIA,80000,DOP,8,7.1211,101.059,14/08/2026,11:24:50 AM,PRESTAMO,PRIMERA PARTE,ROTC,14/08/2026,CONFIRMADA,3283123,0,03/12/2024,03/12/2027,3.66482,BANCO CENTRAL DE LA REPUBLICA DOMINICANA,BCENTRAL,58373
DO1002228612,NO031227,BCENTRAL/8 BOEST 20271203 GTIA,80000,DOP,8,6.6378,101.362538,14/08/2026,11:24:49 AM,PLAZO,PRIMERA PARTE,ROTC,12/11/2026,CONFIRMADA,3283124,0,03/12/2024,03/12/2027,0,BANCO CENTRAL DE LA REPUBLICA DOMINICANA,BCENTRAL,57995
DO1002223928,NO120227,BCENTRAL/8 BOEST 20270212 GTIA,140000,DOP,14,-1.6754,104.00305,14/08/2026,11:24:48 AM,PRESTAMO,SEGUNDA PARTE,ROTC,14/09/2026,CONFIRMADA,3283126,0,12/02/2022,12/02/2027,0.755413,BANCO CENTRAL DE LA REPUBLICA DOMINICANA,BCENTRAL,60060
DO1002223928,NO120227,BCENTRAL/8 BOEST 20270212 GTIA,140000,DOP,14,0.0528,103.929371,14/08/2026,11:24:48 AM,PRESTAMO,PRIMERA PARTE,ROTC,14/08/2026,CONFIRMADA,3283126,0,12/02/2022,12/02/2027,0.755413,BANCO CENTRAL DE LA REPUBLICA DOMINICANA,BCENTRAL,60235
DO1002223928,NO120227,BCENTRAL/8 BOEST 20270212 GTIA,140000,DOP,14,-1.6754,104.00305,14/08/2026,11:24:47 AM,PLAZO,PRIMERA PARTE,ROTC,14/09/2026,CONFIRMADA,3283127,0,12/02/2022,12/02/2027,0,BANCO CENTRAL DE LA REPUBLICA DOMINICANA,BCENTRAL,58513
DO1002228612,NO031227,BCENTRAL/8 BOEST 20271203 GTIA,540000,DOP,54,-23.011,101.241276,14/08/2026,11:24:46 AM,PRESTAMO,SEGUNDA PARTE,ROTC,02/12/2026,CONFIRMADA,3283130,0,03/12/2024,03/12/2027,4.489424,BANCO CENTRAL DE LA REPUBLICA DOMINICANA,BCENTRAL,60319
DO1002228612,NO031227,BCENTRAL/8 BOEST 20271203 GTIA,540000,DOP,54,7.5789,100.495672,14/08/2026,11:24:46 AM,PRESTAMO,PRIMERA PARTE,ROTC,14/08/2026,CONFIRMADA,3283130,0,03/12/2024,03/12/2027,4.489424,BANCO CENTRAL DE LA REPUBLICA DOMINICANA,BCENTRAL,60396
DO1002228612,NO031227,BCENTRAL/8 BOEST 20271203 GTIA,540000,DOP,54,-23.011,101.241276,14/08/2026,11:24:45 AM,PLAZO,PRIMERA PARTE,ROTC,02/12/2026,CONFIRMADA,3283131,0,03/12/2024,03/12/2027,0,BANCO CENTRAL DE LA REPUBLICA DOMINICANA,BCENTRAL,58772
USP3579EBV85,BSDR2027,DOMINICAN Rep/5.95 BD 20270125 Se,3000,USD,3,30.3744,92.096,14/08/2026,11:24:43 AM,PRESTAMO,SEGUNDA PARTE,ROTC,14/09/2026,CONFIRMADA,3283133,0,25/01/2017,25/01/2027,0.64689,MINISTERIO DE HACIENDA,HACIENDA,60795
USP3579EBV85,BSDR2027,DOMINICAN Rep/5.95 BD 20270125 Se,3000,USD,3,25.1614,92.305,14/08/2026,11:24:43 AM,PRESTAMO,PRIMERA PARTE,ROTC,14/08/2026,CONFIRMADA,3283133,0,25/01/2017,25/01/2027,0.64689,MINISTERIO DE HACIENDA,HACIENDA,60788
USP3579EBV85,BSDR2027,DOMINICAN Rep/5.95 BD 20270125 Se,3000,USD,3,30.3744,92.096,14/08/2026,11:24:42 AM,PLAZO,PRIMERA PARTE,ROTC,14/09/2026,CONFIRMADA,3283134,0,25/01/2017,25/01/2027,0,MINISTERIO DE HACIENDA,HACIENDA,59248
DO1002223928,NO120227,BCENTRAL/8 BOEST 20270212 GTIA,9450000,DOP,945,6.6339,100.534541,14/08/2026,11:24:41 AM,PRESTAMO,SEGUNDA PARTE,ROTC,14/09/2026,CONFIRMADA,3283136,0,12/02/2022,12/02/2027,0.756835,BANCO CENTRAL DE LA REPUBLICA DOMINICANA,BCENTRAL,60984
DO1002223928,NO120227,BCENTRAL/8 BOEST 20270212 GTIA,9450000,DOP,945,6.9825,100.485622,14/08/2026,11:24:41 AM,PRESTAMO,PRIMERA PARTE,ROTC,14/08/2026,CONFIRMADA,3283136,0,12/02/2022,12/02/2027,0.756835,BANCO CENTRAL DE LA REPUBLICA DOMINICANA,BCENTRAL,61096
DO1002223928,NO120227,BCENTRAL/8 BOEST 20270212 GTIA,9450000,DOP,945,6.6339,100.534541,14/08/2026,11:24:40 AM,PLAZO,PRIMERA PARTE,ROTC,14/09/2026,CONFIRMADA,3283137,0,12/02/2022,12/02/2027,0,BANCO CENTRAL DE LA REPUBLICA DOMINICANA,BCENTRAL,59437
DO1002228612,NO031227,BCENTRAL/8 BOEST 20271203 GTIA,840000,DOP,84,8.2756,99.666698,14/08/2026,11:24:39 AM,PRESTAMO,SEGUNDA PARTE,ROTC,14/09/2026,CONFIRMADA,3283139,0,03/12/2024,03/12/2027,2.258048,BANCO CENTRAL DE LA REPUBLICA DOMINICANA,BCENTRAL,60179
DO1002228612,NO031227,BCENTRAL/8 BOEST 20271203 GTIA,840000,DOP,84,8.3004,99.616706,14/08/2026,11:24:39 AM,PRESTAMO,PRIMERA PARTE,ROTC,14/08/2026,CONFIRMADA,3283139,0,03/12/2024,03/12/2027,2.258048,BANCO CENTRAL DE LA REPUBLICA DOMINICANA,BCENTRAL,60039
DO1002228612,NO031227,BCENTRAL/8 BOEST 20271203 GTIA,840000,DOP,84,8.2756,99.666698,14/08/2026,11:24:37 AM,PLAZO,PRIMERA PARTE,ROTC,14/09/2026,CONFIRMADA,3283140,0,03/12/2024,03/12/2027,0,BANCO CENTRAL DE LA REPUBLICA DOMINICANA,BCENTRAL,58625
DO1002228612,NO031227,BCENTRAL/8 BOEST 20271203 GTIA,1030000,DOP,103,2.3937,100.165282,14/08/2026,11:24:36 AM,PRESTAMO,SEGUNDA PARTE,ROTC,02/12/2026,CONFIRMADA,3283142,0,03/12/2024,03/12/2027,4.288748,BANCO CENTRAL DE LA REPUBLICA DOMINICANA,BCENTRAL,60725
DO1002228612,NO031227,BCENTRAL/8 BOEST 20271203 GTIA,1030000,DOP,103,8.2506,99.676975,14/08/2026,11:24:36 AM,PRESTAMO,PRIMERA PARTE,ROTC,14/08/2026,CONFIRMADA,3283142,0,03/12/2024,03/12/2027,4.288748,BANCO CENTRAL DE LA REPUBLICA DOMINICANA,BCENTRAL,60718
DO1002228612,NO031227,BCENTRAL/8 BOEST 20271203 GTIA,1030000,DOP,103,2.3937,100.165282,14/08/2026,11:24:35 AM,PLAZO,PRIMERA PARTE,ROTC,02/12/2026,CONFIRMADA,3283143,0,03/12/2024,03/12/2027,0,BANCO CENTRAL DE LA REPUBLICA DOMINICANA,BCENTRAL,59178
DO1002227317,NO150928,BCENTRAL/11 BOEST 20280915 GTIA,1380000,DOP,138,0.6832,100.516193,14/08/2026,11:24:34 AM,PRESTAMO,SEGUNDA PARTE,ROTC,14/09/2026,CONFIRMADA,3283157,0,15/09/2023,15/09/2028,5.149077,BANCO CENTRAL DE LA REPUBLICA DOMINICANA,BCENTRAL,61299
DO1002227317,NO150928,BCENTRAL/11 BOEST 20280915 GTIA,1380000,DOP,138,10.6992,100.528986,14/08/2026,11:24:34 AM,PRESTAMO,PRIMERA PARTE,ROTC,14/08/2026,CONFIRMADA,3283157,0,15/09/2023,15/09/2028,5.149077,BANCO CENTRAL DE LA REPUBLICA DOMINICANA,BCENTRAL,61838
DO1002227317,NO150928,BCENTRAL/11 BOEST 20280915 GTIA,1380000,DOP,138,0.6832,100.516193,14/08/2026,11:24:32 AM,PLAZO,PRIMERA PARTE,ROTC,14/09/2026,CONFIRMADA,3283158,0,15/09/2023,15/09/2028,0,BANCO CENTRAL DE LA REPUBLICA DOMINICANA,BCENTRAL,59745
DO1002223928,NO120227,BCENTRAL/8 BOEST 20270212 GTIA,100000,DOP,10,-8.8691,104.38562,14/08/2026,11:24:31 AM,PRESTAMO,SEGUNDA PARTE,ROTC,12/11/2026,CONFIRMADA,3283161,0,12/02/2022,12/02/2027,2.205477,BANCO CENTRAL DE LA REPUBLICA DOMINICANA,BCENTRAL,60060
DO1002223928,NO120227,BCENTRAL/8 BOEST 20270212 GTIA,100000,DOP,10,-0.1608,104.03931,14/08/2026,11:24:31 AM,PRESTAMO,PRIMERA PARTE,ROTC,14/08/2026,CONFIRMADA,3283161,0,12/02/2022,12/02/2027,2.205477,BANCO CENTRAL DE LA REPUBLICA DOMINICANA,BCENTRAL,60004
DO1002223928,NO120227,BCENTRAL/8 BOEST 20270212 GTIA,100000,DOP,10,-8.8691,104.38562,14/08/2026,11:24:30 AM,PLAZO,PRIMERA PARTE,ROTC,12/11/2026,CONFIRMADA,3283162,0,12/02/2022,12/02/2027,0,BANCO CENTRAL DE LA REPUBLICA DOMINICANA,BCENTRAL,58513
DO1002223928,NO120227,BCENTRAL/8 BOEST 20270212 GTIA,770000,DOP,77,2.9213,101.262273,14/08/2026,11:24:29 AM,PRESTAMO,SEGUNDA PARTE,ROTC,11/11/2026,CONFIRMADA,3283164,0,12/02/2022,12/02/2027,2.183186,BANCO CENTRAL DE LA REPUBLICA DOMINICANA,BCENTRAL,60165
DO1002223928,NO120227,BCENTRAL/8 BOEST 20270212 GTIA,770000,DOP,77,5.9448,100.986601,14/08/2026,11:24:29 AM,PRESTAMO,PRIMERA PARTE,ROTC,14/08/2026,CONFIRMADA,3283164,0,12/02/2022,12/02/2027,2.183186,BANCO CENTRAL DE LA REPUBLICA DOMINICANA,BCENTRAL,60431
DO1002223928,NO120227,BCENTRAL/8 BOEST 20270212 GTIA,770000,DOP,77,2.9213,101.262273,14/08/2026,11:24:28 AM,PLAZO,PRIMERA PARTE,ROTC,11/11/2026,CONFIRMADA,3283165,0,12/02/2022,12/02/2027,0,BANCO CENTRAL DE LA REPUBLICA DOMINICANA,BCENTRAL,58618
DO1002227317,NO150928,BCENTRAL/11 BOEST 20280915 GTIA,20000,DOP,2,-0.751,116.3833,14/08/2026,11:24:26 AM,PRESTAMO,SEGUNDA PARTE,ROTC,14/09/2026,CONFIRMADA,3283167,0,15/09/2023,15/09/2028,4.484979,BANCO CENTRAL DE LA REPUBLICA DOMINICANA,BCENTRAL,59080
DO1002227317,NO150928,BCENTRAL/11 BOEST 20280915 GTIA,20000,DOP,2,2.8526,116.3883,14/08/2026,11:24:26 AM,PRESTAMO,PRIMERA PARTE,ROTC,14/08/2026,CONFIRMADA,3283167,0,15/09/2023,15/09/2028,4.484979,BANCO CENTRAL DE LA REPUBLICA DOMINICANA,BCENTRAL,59262
DO1002227317,NO150928,BCENTRAL/11 BOEST 20280915 GTIA,20000,DOP,2,-0.751,116.3833,14/08/2026,11:24:25 AM,PLAZO,PRIMERA PARTE,ROTC,14/09/2026,CONFIRMADA,3283168,0,15/09/2023,15/09/2028,0,BANCO CENTRAL DE LA REPUBLICA DOMINICANA,BCENTRAL,57533
DO1002228612,NO031227,BCENTRAL/8 BOEST 20271203 GTIA,2760000,DOP,276,7.5972,100.395057,14/08/2026,11:24:24 AM,PRESTAMO,SEGUNDA PARTE,ROTC,11/11/2026,CONFIRMADA,3283170,0,03/12/2024,03/12/2027,3.679232,BANCO CENTRAL DE LA REPUBLICA DOMINICANA,BCENTRAL,60928
DO1002228612,NO031227,BCENTRAL/8 BOEST 20271203 GTIA,2760000,DOP,276,7.91,100.090939,14/08/2026,11:24:24 AM,PRESTAMO,PRIMERA PARTE,ROTC,14/08/2026,CONFIRMADA,3283170,0,03/12/2024,03/12/2027,3.679232,BANCO CENTRAL DE LA REPUBLICA DOMINICANA,BCENTRAL,60298
DO1002228612,NO031227,BCENTRAL/8 BOEST 20271203 GTIA,2760000,DOP,276,7.5972,100.395057,14/08/2026,11:24:22 AM,PLAZO,PRIMERA PARTE,ROTC,11/11/2026,CONFIRMADA,3283171,0,03/12/2024,03/12/2027,0,BANCO CENTRAL DE LA REPUBLICA DOMINICANA,BCENTRAL,59374
USP3579EBV85,BSDR2027,DOMINICAN Rep/5.95 BD 20270125 Se,20000,USD,20,8.3898,99.335,14/08/2026,11:24:21 AM,PRESTAMO,SEGUNDA PARTE,ROTC,16/10/2026,CONFIRMADA,3283174,0,25/01/2017,25/01/2027,0.981189,MINISTERIO DE HACIENDA,HACIENDA,61173
USP3579EBV85,BSDR2027,DOMINICAN Rep/5.95 BD 20270125 Se,20000,USD,20,6.6638,99.68595,14/08/2026,11:24:21 AM,PRESTAMO,PRIMERA PARTE,ROTC,14/08/2026,CONFIRMADA,3283174,0,25/01/2017,25/01/2027,0.981189,MINISTERIO DE HACIENDA,HACIENDA,62048
USP3579EBV85,BSDR2027,DOMINICAN Rep/5.95 BD 20270125 Se,20000,USD,20,8.3898,99.335,14/08/2026,11:24:20 AM,PLAZO,PRIMERA PARTE,ROTC,16/10/2026,CONFIRMADA,3283175,0,25/01/2017,25/01/2027,0,MINISTERIO DE HACIENDA,HACIENDA,59626
DO1002228612,NO031227,BCENTRAL/8 BOEST 20271203 GTIA,70000,DOP,7,12.1886,95.356786,14/08/2026,11:24:19 AM,PRESTAMO,SEGUNDA PARTE,ROTC,14/09/2026,CONFIRMADA,3283177,0,03/12/2024,03/12/2027,2.32624,BANCO CENTRAL DE LA REPUBLICA DOMINICANA,BCENTRAL,59675
DO1002228612,NO031227,BCENTRAL/8 BOEST 20271203 GTIA,70000,DOP,7,11.9452,95.337557,14/08/2026,11:24:19 AM,PRESTAMO,PRIMERA PARTE,ROTC,14/08/2026,CONFIRMADA,3283177,0,03/12/2024,03/12/2027,2.32624,BANCO CENTRAL DE LA REPUBLICA DOMINICANA,BCENTRAL,59668
DO1002228612,NO031227,BCENTRAL/8 BOEST 20271203 GTIA,70000,DOP,7,12.1886,95.356786,14/08/2026,11:24:18 AM,PLAZO,PRIMERA PARTE,ROTC,14/09/2026,CONFIRMADA,3283178,0,03/12/2024,03/12/2027,0,BANCO CENTRAL DE LA REPUBLICA DOMINICANA,BCENTRAL,58128
DO1002227317,NO150928,BCENTRAL/11 BOEST 20280915 GTIA,1170000,DOP,117,-1.6243,103.071487,14/08/2026,11:24:17 AM,PRESTAMO,SEGUNDA PARTE,ROTC,14/09/2026,CONFIRMADA,3283180,0,15/09/2023,15/09/2028,5.048157,BANCO CENTRAL DE LA REPUBLICA DOMINICANA,BCENTRAL,61593
DO1002227317,NO150928,BCENTRAL/11 BOEST 20280915 GTIA,1170000,DOP,117,9.3413,103.062246,14/08/2026,11:24:17 AM,PRESTAMO,PRIMERA PARTE,ROTC,14/08/2026,CONFIRMADA,3283180,0,15/09/2023,15/09/2028,5.048157,BANCO CENTRAL DE LA REPUBLICA DOMINICANA,BCENTRAL,61313
DO1002227317,NO150928,BCENTRAL/11 BOEST 20280915 GTIA,1170000,DOP,117,-1.6243,103.071487,14/08/2026,11:24:15 AM,PLAZO,PRIMERA PARTE,ROTC,14/09/2026,CONFIRMADA,3283181,0,15/09/2023,15/09/2028,0,BANCO CENTRAL DE LA REPUBLICA DOMINICANA,BCENTRAL,60039
DO1002228612,NO031227,BCENTRAL/8 BOEST 20271203 GTIA,300000,DOP,30,7.7989,100.210657,14/08/2026,11:24:14 AM,PRESTAMO,SEGUNDA PARTE,ROTC,14/09/2026,CONFIRMADA,3283183,0,03/12/2024,03/12/2027,2.249848,BANCO CENTRAL DE LA REPUBLICA DOMINICANA,BCENTRAL,60165
DO1002228612,NO031227,BCENTRAL/8 BOEST 20271203 GTIA,300000,DOP,30,7.856,100.156783,14/08/2026,11:24:14 AM,PRESTAMO,PRIMERA PARTE,ROTC,14/08/2026,CONFIRMADA,3283183,0,03/12/2024,03/12/2027,2.249848,BANCO CENTRAL DE LA REPUBLICA DOMINICANA,BCENTRAL,59850
DO1002228612,NO031227,BCENTRAL/8 BOEST 20271203 GTIA,300000,DOP,30,7.7989,100.210657,14/08/2026,11:24:13 AM,PLAZO,PRIMERA PARTE,ROTC,14/09/2026,CONFIRMADA,3283184,0,03/12/2024,03/12/2027,0,BANCO CENTRAL DE LA REPUBLICA DOMINICANA,BCENTRAL,58618
DO1002228612,NO031227,BCENTRAL/8 BOEST 20271203 GTIA,1480000,DOP,148,7.9136,100.078104,14/08/2026,11:24:12 AM,PRESTAMO,SEGUNDA PARTE,ROTC,12/11/2026,CONFIRMADA,3283186,0,03/12/2024,03/12/2027,3.707335,BANCO CENTRAL DE LA REPUBLICA DOMINICANA,BCENTRAL,60795
DO1002228612,NO031227,BCENTRAL/8 BOEST 20271203 GTIA,1480000,DOP,148,8.1676,99.777581,14/08/2026,11:24:12 AM,PRESTAMO,PRIMERA PARTE,ROTC,14/08/2026,CONFIRMADA,3283186,0,03/12/2024,03/12/2027,3.707335,BANCO CENTRAL DE LA REPUBLICA DOMINICANA,BCENTRAL,60816
DO1002228612,NO031227,BCENTRAL/8 BOEST 20271203 GTIA,1480000,DOP,148,7.9136,100.078104,14/08/2026,11:24:11 AM,PLAZO,PRIMERA PARTE,ROTC,12/11/2026,CONFIRMADA,3283187,0,03/12/2024,03/12/2027,0,BANCO CENTRAL DE LA REPUBLICA DOMINICANA,BCENTRAL,59248
USP3579ECF27,BSRD2030,DOMINICAN REP/4.5 BD 20300130 UNS,18000,USD,18,5.2629,97.762222,14/08/2026,11:24:09 AM,PRESTAMO,SEGUNDA PARTE,ROTC,12/11/2026,CONFIRMADA,3283189,0,30/01/2020,30/01/2030,1.191303,MINISTERIO DE HACIENDA,HACIENDA,61607
USP3579ECF27,BSRD2030,DOMINICAN REP/4.5 BD 20300130 UNS,18000,USD,18,5.1836,97.857389,14/08/2026,11:24:09 AM,PRESTAMO,PRIMERA PARTE,ROTC,14/08/2026,CONFIRMADA,3283189,0,30/01/2020,30/01/2030,1.191303,MINISTERIO DE HACIENDA,HACIENDA,61852
USP3579ECF27,BSRD2030,DOMINICAN REP/4.5 BD 20300130 UNS,18000,USD,18,5.2629,97.762222,14/08/2026,11:24:08 AM,PLAZO,PRIMERA PARTE,ROTC,12/11/2026,CONFIRMADA,3283190,0,30/01/2020,30/01/2030,0,MINISTERIO DE HACIENDA,HACIENDA,60060
DO1002223928,NO120227,BCENTRAL/8 BOEST 20270212 GTIA,400000,DOP,40,5.6772,100.377623,14/08/2026,11:24:07 AM,PRESTAMO,SEGUNDA PARTE,ROTC,11/12/2026,CONFIRMADA,3283194,0,12/02/2022,12/02/2027,2.962424,BANCO CENTRAL DE LA REPUBLICA DOMINICANA,BCENTRAL,60109
DO1002223928,NO120227,BCENTRAL/8 BOEST 20270212 GTIA,400000,DOP,40,8.0897,99.956522,14/08/2026,11:24:07 AM,PRESTAMO,PRIMERA PARTE,ROTC,14/08/2026,CONFIRMADA,3283194,0,12/02/2022,12/02/2027,2.962424,BANCO CENTRAL DE LA REPUBLICA DOMINICANA,BCENTRAL,60053
DO1002223928,NO120227,BCENTRAL/8 BOEST 20270212 GTIA,400000,DOP,40,5.6772,100.377623,14/08/2026,11:24:06 AM,PLAZO,PRIMERA PARTE,ROTC,11/12/2026,CONFIRMADA,3283196,0,12/02/2022,12/02/2027,0,BANCO CENTRAL DE LA REPUBLICA DOMINICANA,BCENTRAL,58562
DO1002228612,NO031227,BCENTRAL/8 BOEST 20271203 GTIA,390000,DOP,39,6.7069,101.292349,14/08/2026,11:24:04 AM,PRESTAMO,SEGUNDA PARTE,ROTC,12/11/2026,CONFIRMADA,3283199,0,03/12/2024,03/12/2027,3.665819,BANCO CENTRAL DE LA REPUBLICA DOMINICANA,BCENTRAL,60200
DO1002228612,NO031227,BCENTRAL/8 BOEST 20271203 GTIA,390000,DOP,39,7.1768,100.990333,14/08/2026,11:24:04 AM,PRESTAMO,PRIMERA PARTE,ROTC,14/08/2026,CONFIRMADA,3283199,0,03/12/2024,03/12/2027,3.665819,BANCO CENTRAL DE LA REPUBLICA DOMINICANA,BCENTRAL,60305
DO1002228612,NO031227,BCENTRAL/8 BOEST 20271203 GTIA,390000,DOP,39,6.7069,101.292349,14/08/2026,11:24:03 AM,PLAZO,PRIMERA PARTE,ROTC,12/11/2026,CONFIRMADA,3283200,0,03/12/2024,03/12/2027,0,BANCO CENTRAL DE LA REPUBLICA DOMINICANA,BCENTRAL,58653
DO1002223928,NO120227,BCENTRAL/8 BOEST 20270212 GTIA,3980000,DOP,398,-100,101.244483,14/08/2026,11:24:02 AM,PRESTAMO,SEGUNDA PARTE,ROTC,10/02/2027,CONFIRMADA,3283202,0,12/02/2022,12/02/2027,4.507534,BANCO CENTRAL DE LA REPUBLICA DOMINICANA,BCENTRAL,60088
DO1002223928,NO120227,BCENTRAL/8 BOEST 20270212 GTIA,3980000,DOP,398,7.0378,100.459034,14/08/2026,11:24:02 AM,PRESTAMO,PRIMERA PARTE,ROTC,14/08/2026,CONFIRMADA,3283202,0,12/02/2022,12/02/2027,4.507534,BANCO CENTRAL DE LA REPUBLICA DOMINICANA,BCENTRAL,61054
DO1002223928,NO120227,BCENTRAL/8 BOEST 20270212 GTIA,3980000,DOP,398,-100,101.244483,14/08/2026,11:24:00 AM,PLAZO,PRIMERA PARTE,ROTC,10/02/2027,CONFIRMADA,3283203,0,12/02/2022,12/02/2027,0,BANCO CENTRAL DE LA REPUBLICA DOMINICANA,BCENTRAL,58534
DO1002228612,NO031227,BCENTRAL/8 BOEST 20271203 GTIA,300000,DOP,30,8.0523,99.920937,14/08/2026,11:23:59 AM,PRESTAMO,SEGUNDA PARTE,ROTC,14/09/2026,CONFIRMADA,3283206,0,03/12/2024,03/12/2027,2.254205,BANCO CENTRAL DE LA REPUBLICA DOMINICANA,BCENTRAL,59913
DO1002228612,NO031227,BCENTRAL/8 BOEST 20271203 GTIA,300000,DOP,30,8.0922,99.86913,14/08/2026,11:23:59 AM,PRESTAMO,PRIMERA PARTE,ROTC,14/08/2026,CONFIRMADA,3283206,0,03/12/2024,03/12/2027,2.254205,BANCO CENTRAL DE LA REPUBLICA DOMINICANA,BCENTRAL,59633
DO1002228612,NO031227,BCENTRAL/8 BOEST 20271203 GTIA,300000,DOP,30,8.0523,99.920937,14/08/2026,11:23:58 AM,PLAZO,PRIMERA PARTE,ROTC,14/09/2026,CONFIRMADA,3283207,0,03/12/2024,03/12/2027,0,BANCO CENTRAL DE LA REPUBLICA DOMINICANA,BCENTRAL,58366
DO1002228612,NO031227,BCENTRAL/8 BOEST 20271203 GTIA,90000,DOP,9,12.2261,95.911611,14/08/2026,11:23:57 AM,PRESTAMO,SEGUNDA PARTE,ROTC,12/11/2026,CONFIRMADA,3283209,0,03/12/2024,03/12/2027,3.747033,BANCO CENTRAL DE LA REPUBLICA DOMINICANA,BCENTRAL,59451
DO1002228612,NO031227,BCENTRAL/8 BOEST 20271203 GTIA,90000,DOP,9,11.6049,95.726078,14/08/2026,11:23:57 AM,PRESTAMO,PRIMERA PARTE,ROTC,14/08/2026,CONFIRMADA,3283209,0,03/12/2024,03/12/2027,3.747033,BANCO CENTRAL DE LA REPUBLICA DOMINICANA,BCENTRAL,59696
DO1002228612,NO031227,BCENTRAL/8 BOEST 20271203 GTIA,90000,DOP,9,12.2261,95.911611,14/08/2026,11:23:55 AM,PLAZO,PRIMERA PARTE,ROTC,12/11/2026,CONFIRMADA,3283210,0,03/12/2024,03/12/2027,0,BANCO CENTRAL DE LA REPUBLICA DOMINICANA,BCENTRAL,57897
DO1002228612,NO031227,BCENTRAL/8 BOEST 20271203 GTIA,1670000,DOP,167,7.7044,100.287054,14/08/2026,11:23:54 AM,PRESTAMO,SEGUNDA PARTE,ROTC,12/11/2026,CONFIRMADA,3283212,0,03/12/2024,03/12/2027,3.680355,BANCO CENTRAL DE LA REPUBLICA DOMINICANA,BCENTRAL,60858
DO1002228612,NO031227,BCENTRAL/8 BOEST 20271203 GTIA,1670000,DOP,167,7.9791,100.006797,14/08/2026,11:23:54 AM,PRESTAMO,PRIMERA PARTE,ROTC,14/08/2026,CONFIRMADA,3283212,0,03/12/2024,03/12/2027,3.680355,BANCO CENTRAL DE LA REPUBLICA DOMINICANA,BCENTRAL,61075
DO1002228612,NO031227,BCENTRAL/8 BOEST 20271203 GTIA,1670000,DOP,167,7.7044,100.287054,14/08/2026,11:23:53 AM,PLAZO,PRIMERA PARTE,ROTC,12/11/2026,CONFIRMADA,3283213,0,03/12/2024,03/12/2027,0,BANCO CENTRAL DE LA REPUBLICA DOMINICANA,BCENTRAL,59311
DO1002227317,NO150928,BCENTRAL/11 BOEST 20280915 GTIA,60000,DOP,6,4.6785,96.305417,14/08/2026,11:23:51 AM,PRESTAMO,SEGUNDA PARTE,ROTC,14/09/2026,CONFIRMADA,3283215,0,15/09/2023,15/09/2028,5.326444,BANCO CENTRAL DE LA REPUBLICA DOMINICANA,BCENTRAL,59661
DO1002227317,NO150928,BCENTRAL/11 BOEST 20280915 GTIA,60000,DOP,6,13.0371,96.354517,14/08/2026,11:23:51 AM,PRESTAMO,PRIMERA PARTE,ROTC,14/08/2026,CONFIRMADA,3283215,0,15/09/2023,15/09/2028,5.326444,BANCO CENTRAL DE LA REPUBLICA DOMINICANA,BCENTRAL,59983
DO1002227317,NO150928,BCENTRAL/11 BOEST 20280915 GTIA,60000,DOP,6,4.6785,96.305417,14/08/2026,11:23:50 AM,PLAZO,PRIMERA PARTE,ROTC,14/09/2026,CONFIRMADA,3283216,0,15/09/2023,15/09/2028,0,BANCO CENTRAL DE LA REPUBLICA DOMINICANA,BCENTRAL,58114
DO1002223928,NO120227,BCENTRAL/8 BOEST 20270212 GTIA,3260000,DOP,326,7.147,100.388716,14/08/2026,11:23:49 AM,PRESTAMO,SEGUNDA PARTE,ROTC,21/08/2026,CONFIRMADA,3283219,0,12/02/2022,12/02/2027,0.059751,BANCO CENTRAL DE LA REPUBLICA DOMINICANA,BCENTRAL,60599
DO1002223928,NO120227,BCENTRAL/8 BOEST 20270212 GTIA,3260000,DOP,326,6.902,100.524268,14/08/2026,11:23:49 AM,PRESTAMO,PRIMERA PARTE,ROTC,14/08/2026,CONFIRMADA,3283219,0,12/02/2022,12/02/2027,0.059751,BANCO CENTRAL DE LA REPUBLICA DOMINICANA,BCENTRAL,60620
DO1002223928,NO120227,BCENTRAL/8 BOEST 20270212 GTIA,3260000,DOP,326,7.147,100.388716,14/08/2026,11:23:48 AM,PLAZO,PRIMERA PARTE,ROTC,21/08/2026,CONFIRMADA,3283220,0,12/02/2022,12/02/2027,0,BANCO CENTRAL DE LA REPUBLICA DOMINICANA,BCENTRAL,59052
DO1002223928,NO120227,BCENTRAL/8 BOEST 20270212 GTIA,2050000,DOP,205,2.9471,100.849992,14/08/2026,11:23:47 AM,PRESTAMO,SEGUNDA PARTE,ROTC,11/12/2026,CONFIRMADA,3283222,0,12/02/2022,12/02/2027,2.96223,BANCO CENTRAL DE LA REPUBLICA DOMINICANA,BCENTRAL,60907
DO1002223928,NO120227,BCENTRAL/8 BOEST 20270212 GTIA,2050000,DOP,205,7.1294,100.415099,14/08/2026,11:23:47 AM,PRESTAMO,PRIMERA PARTE,ROTC,14/08/2026,CONFIRMADA,3283222,0,12/02/2022,12/02/2027,2.96223,BANCO CENTRAL DE LA REPUBLICA DOMINICANA,BCENTRAL,60935
DO1002223928,NO120227,BCENTRAL/8 BOEST 20270212 GTIA,2050000,DOP,205,2.9471,100.849992,14/08/2026,11:23:46 AM,PLAZO,PRIMERA PARTE,ROTC,11/12/2026,CONFIRMADA,3283223,0,12/02/2022,12/02/2027,0,BANCO CENTRAL DE LA REPUBLICA DOMINICANA,BCENTRAL,59360
DO1002223928,NO120227,BCENTRAL/8 BOEST 20270212 GTIA,130000,DOP,13,9.2261,99.503923,14/08/2026,11:23:45 AM,PRESTAMO,SEGUNDA PARTE,ROTC,14/09/2026,CONFIRMADA,3283225,0,12/02/2022,12/02/2027,0.757278,BANCO CENTRAL DE LA REPUBLICA DOMINICANA,BCENTRAL,59871
DO1002223928,NO120227,BCENTRAL/8 BOEST 20270212 GTIA,130000,DOP,13,9.1345,99.462362,14/08/2026,11:23:45 AM,PRESTAMO,PRIMERA PARTE,ROTC,14/08/2026,CONFIRMADA,3283225,0,12/02/2022,12/02/2027,0.757278,BANCO CENTRAL DE LA REPUBLICA DOMINICANA,BCENTRAL,59948
DO1002223928,NO120227,BCENTRAL/8 BOEST 20270212 GTIA,130000,DOP,13,9.2261,99.503923,14/08/2026,11:23:43 AM,PLAZO,PRIMERA PARTE,ROTC,14/09/2026,CONFIRMADA,3283226,0,12/02/2022,12/02/2027,0,BANCO CENTRAL DE LA REPUBLICA DOMINICANA,BCENTRAL,58317
DO1002223928,NO120227,BCENTRAL/8 BOEST 20270212 GTIA,50000,DOP,5,19.4878,95.64224,14/08/2026,11:23:42 AM,PRESTAMO,SEGUNDA PARTE,ROTC,14/09/2026,CONFIRMADA,3283228,0,12/02/2022,12/02/2027,0.759011,BANCO CENTRAL DE LA REPUBLICA DOMINICANA,BCENTRAL,59255
DO1002223928,NO120227,BCENTRAL/8 BOEST 20270212 GTIA,50000,DOP,5,17.6096,95.62826,14/08/2026,11:23:42 AM,PRESTAMO,PRIMERA PARTE,ROTC,14/08/2026,CONFIRMADA,3283228,0,12/02/2022,12/02/2027,0.759011,BANCO CENTRAL DE LA REPUBLICA DOMINICANA,BCENTRAL,59297
DO1002223928,NO120227,BCENTRAL/8 BOEST 20270212 GTIA,50000,DOP,5,19.4878,95.64224,14/08/2026,11:23:41 AM,PLAZO,PRIMERA PARTE,ROTC,14/09/2026,CONFIRMADA,3283229,0,12/02/2022,12/02/2027,0,BANCO CENTRAL DE LA REPUBLICA DOMINICANA,BCENTRAL,57708
DO1002227317,NO150928,BCENTRAL/11 BOEST 20280915 GTIA,1380000,DOP,138,10.6992,100.528986,14/08/2026,11:22:17 AM,CONTADO,PRIMERA PARTE,ROTC,14/08/2026,CONFIRMADA,3283156,0,15/09/2023,15/09/2028,0,BANCO CENTRAL DE LA REPUBLICA DOMINICANA,BCENTRAL,61138
DO1002261423,NO301129,BCENTRAL/9.5 BOEST 20291130 GTIA,150000,DOP,15,9.59865679,99.7,14/08/2026,11:22:15 AM,CONTADO,PRIMERA PARTE,ROTC,14/08/2026,CONFIRMADA,3283159,0,30/11/2025,30/11/2029,0,BANCO CENTRAL DE LA REPUBLICA DOMINICANA,BCENTRAL,59773
DO1002223928,NO120227,BCENTRAL/8 BOEST 20270212 GTIA,100000,DOP,10,-0.1608,104.03931,14/08/2026,11:22:14 AM,CONTADO,PRIMERA PARTE,ROTC,14/08/2026,CONFIRMADA,3283160,0,12/02/2022,12/02/2027,0,BANCO CENTRAL DE LA REPUBLICA DOMINICANA,BCENTRAL,59304
DO1002223928,NO120227,BCENTRAL/8 BOEST 20270212 GTIA,770000,DOP,77,5.9448,100.986601,14/08/2026,11:22:12 AM,CONTADO,PRIMERA PARTE,ROTC,14/08/2026,CONFIRMADA,3283163,0,12/02/2022,12/02/2027,0,BANCO CENTRAL DE LA REPUBLICA DOMINICANA,BCENTRAL,59668
DO1002227317,NO150928,BCENTRAL/11 BOEST 20280915 GTIA,20000,DOP,2,2.8526,116.3883,14/08/2026,11:22:11 AM,CONTADO,PRIMERA PARTE,ROTC,14/08/2026,CONFIRMADA,3283166,0,15/09/2023,15/09/2028,0,BANCO CENTRAL DE LA REPUBLICA DOMINICANA,BCENTRAL,58513
DO1002228612,NO031227,BCENTRAL/8 BOEST 20271203 GTIA,2760000,DOP,276,7.91,100.090939,14/08/2026,11:22:10 AM,CONTADO,PRIMERA PARTE,ROTC,14/08/2026,CONFIRMADA,3283169,0,03/12/2024,03/12/2027,0,BANCO CENTRAL DE LA REPUBLICA DOMINICANA,BCENTRAL,59556
DO1002261324,NO241128,BCENTRAL/9.25 BOEST 20281124 GTIA,30000,DOP,3,9.69642178,99.08,14/08/2026,11:22:08 AM,CONTADO,PRIMERA PARTE,ROTC,14/08/2026,CONFIRMADA,3283172,0,24/11/2025,24/11/2028,0,BANCO CENTRAL DE LA REPUBLICA DOMINICANA,BCENTRAL,59710
USP3579EBV85,BSDR2027,DOMINICAN Rep/5.95 BD 20270125 Se,20000,USD,20,6.6638,99.68595,14/08/2026,11:22:07 AM,CONTADO,PRIMERA PARTE,ROTC,14/08/2026,CONFIRMADA,3283173,0,25/01/2017,25/01/2027,0,MINISTERIO DE HACIENDA,HACIENDA,61369
DO1002228612,NO031227,BCENTRAL/8 BOEST 20271203 GTIA,70000,DOP,7,11.9452,95.337557,14/08/2026,11:22:06 AM,CONTADO,PRIMERA PARTE,ROTC,14/08/2026,CONFIRMADA,3283176,0,03/12/2024,03/12/2027,0,BANCO CENTRAL DE LA REPUBLICA DOMINICANA,BCENTRAL,58933
DO1002227317,NO150928,BCENTRAL/11 BOEST 20280915 GTIA,1170000,DOP,117,9.3413,103.062246,14/08/2026,11:22:05 AM,CONTADO,PRIMERA PARTE,ROTC,14/08/2026,CONFIRMADA,3283179,0,15/09/2023,15/09/2028,0,BANCO CENTRAL DE LA REPUBLICA DOMINICANA,BCENTRAL,60585
DO1002228612,NO031227,BCENTRAL/8 BOEST 20271203 GTIA,300000,DOP,30,7.856,100.156783,14/08/2026,11:22:04 AM,CONTADO,PRIMERA PARTE,ROTC,14/08/2026,CONFIRMADA,3283182,0,03/12/2024,03/12/2027,0,BANCO CENTRAL DE LA REPUBLICA DOMINICANA,BCENTRAL,59136
DO1002228612,NO031227,BCENTRAL/8 BOEST 20271203 GTIA,1480000,DOP,148,8.1676,99.777581,14/08/2026,11:22:02 AM,CONTADO,PRIMERA PARTE,ROTC,14/08/2026,CONFIRMADA,3283185,0,03/12/2024,03/12/2027,0,BANCO CENTRAL DE LA REPUBLICA DOMINICANA,BCENTRAL,60102
USP3579ECF27,BSRD2030,DOMINICAN REP/4.5 BD 20300130 UNS,18000,USD,18,5.1836,97.857389,14/08/2026,11:22:01 AM,CONTADO,PRIMERA PARTE,ROTC,14/08/2026,CONFIRMADA,3283188,0,30/01/2020,30/01/2030,0,MINISTERIO DE HACIENDA,HACIENDA,61089
USP3579ECF27,BSRD2030,DOMINICAN REP/4.5 BD 20300130 UNS,1000,USD,1,5.3394999,97.15,14/08/2026,11:22:00 AM,CONTADO,PRIMERA PARTE,ROTC,14/08/2026,CONFIRMADA,3283191,0,30/01/2020,30/01/2030,0,MINISTERIO DE HACIENDA,HACIENDA,59920
DO1002223928,NO120227,BCENTRAL/8 BOEST 20270212 GTIA,400000,DOP,40,8.0897,99.956522,14/08/2026,11:21:59 AM,CONTADO,PRIMERA PARTE,ROTC,14/08/2026,CONFIRMADA,3283192,0,12/02/2022,12/02/2027,0,BANCO CENTRAL DE LA REPUBLICA DOMINICANA,BCENTRAL,59388
DO1002228612,NO031227,BCENTRAL/8 BOEST 20271203 GTIA,390000,DOP,39,7.1768,100.990333,14/08/2026,11:21:57 AM,CONTADO,PRIMERA PARTE,ROTC,14/08/2026,CONFIRMADA,3283198,0,03/12/2024,03/12/2027,0,BANCO CENTRAL DE LA REPUBLICA DOMINICANA,BCENTRAL,59647
DO1002223928,NO120227,BCENTRAL/8 BOEST 20270212 GTIA,3980000,DOP,398,7.0378,100.459034,14/08/2026,11:21:56 AM,CONTADO,PRIMERA PARTE,ROTC,14/08/2026,CONFIRMADA,3283201,0,12/02/2022,12/02/2027,0,BANCO CENTRAL DE LA REPUBLICA DOMINICANA,BCENTRAL,60403
DO2035500217,VF1ACR02,FDOVIRF ACR/7.85 BO 20380806,2000,USD,2,7.75498976,101,14/08/2026,11:21:55 AM,CONTADO,PRIMERA PARTE,ROTC,14/08/2026,CONFIRMADA,3283204,0,06/08/2026,06/08/2038,0,FIDEICOMISO DE OFERTA PUBLICA DE VALORES INMOBILIARIOS DE RENTA FIJA ACROPOLIS 02 FU,FDOVIRF ACR,56539
DO1002228612,NO031227,BCENTRAL/8 BOEST 20271203 GTIA,300000,DOP,30,8.0922,99.86913,14/08/2026,11:21:54 AM,CONTADO,PRIMERA PARTE,ROTC,14/08/2026,CONFIRMADA,3283205,0,03/12/2024,03/12/2027,0,BANCO CENTRAL DE LA REPUBLICA DOMINICANA,BCENTRAL,58891
DO1002228612,NO031227,BCENTRAL/8 BOEST 20271203 GTIA,90000,DOP,9,11.6049,95.726078,14/08/2026,11:21:53 AM,CONTADO,PRIMERA PARTE,ROTC,14/08/2026,CONFIRMADA,3283208,0,03/12/2024,03/12/2027,0,BANCO CENTRAL DE LA REPUBLICA DOMINICANA,BCENTRAL,58961
DO1002228612,NO031227,BCENTRAL/8 BOEST 20271203 GTIA,1670000,DOP,167,7.9791,100.006797,14/08/2026,11:21:51 AM,CONTADO,PRIMERA PARTE,ROTC,14/08/2026,CONFIRMADA,3283211,0,03/12/2024,03/12/2027,0,BANCO CENTRAL DE LA REPUBLICA DOMINICANA,BCENTRAL,60347
DO1002227317,NO150928,BCENTRAL/11 BOEST 20280915 GTIA,60000,DOP,6,13.0371,96.354517,14/08/2026,11:21:50 AM,CONTADO,PRIMERA PARTE,ROTC,14/08/2026,CONFIRMADA,3283214,0,15/09/2023,15/09/2028,0,BANCO CENTRAL DE LA REPUBLICA DOMINICANA,BCENTRAL,59269
DO2035500217,VF1ACR02,FDOVIRF ACR/7.85 BO 20380806,2000,USD,2,7.79545536,100.5,14/08/2026,11:21:49 AM,CONTADO,PRIMERA PARTE,ROTC,14/08/2026,CONFIRMADA,3283217,0,06/08/2026,06/08/2038,0,FIDEICOMISO DE OFERTA PUBLICA DE VALORES INMOBILIARIOS DE RENTA FIJA ACROPOLIS 02 FU,FDOVIRF ACR,57169
DO1002223928,NO120227,BCENTRAL/8 BOEST 20270212 GTIA,3260000,DOP,326,6.902,100.524268,14/08/2026,11:21:48 AM,CONTADO,PRIMERA PARTE,ROTC,14/08/2026,CONFIRMADA,3283218,0,12/02/2022,12/02/2027,0,BANCO CENTRAL DE LA REPUBLICA DOMINICANA,BCENTRAL,59906
DO1002223928,NO120227,BCENTRAL/8 BOEST 20270212 GTIA,2050000,DOP,205,7.1294,100.415099,14/08/2026,11:21:47 AM,CONTADO,PRIMERA PARTE,ROTC,14/08/2026,CONFIRMADA,3283221,0,12/02/2022,12/02/2027,0,BANCO CENTRAL DE LA REPUBLICA DOMINICANA,BCENTRAL,60228
DO1002223928,NO120227,BCENTRAL/8 BOEST 20270212 GTIA,130000,DOP,13,9.1345,99.462362,14/08/2026,11:21:45 AM,CONTADO,PRIMERA PARTE,ROTC,14/08/2026,CONFIRMADA,3283224,0,12/02/2022,12/02/2027,0,BANCO CENTRAL DE LA REPUBLICA DOMINICANA,BCENTRAL,59241
DO1002223928,NO120227,BCENTRAL/8 BOEST 20270212 GTIA,50000,DOP,5,17.6096,95.62826,14/08/2026,11:21:44 AM,CONTADO,PRIMERA PARTE,ROTC,14/08/2026,CONFIRMADA,3283227,0,12/02/2022,12/02/2027,0,BANCO CENTRAL DE LA REPUBLICA DOMINICANA,BCENTRAL,58604
DO2016300124,BC1GUL01,GULFSTREAM/11.25 BO 20290528,29300,DOP,29300,11.25406557,99.984969,14/08/2026,11:21:43 AM,CONTADO,PRIMERA PARTE,ROTC,14/08/2026,CONFIRMADA,3283230,0,28/05/2019,28/05/2029,0,GULFSTREAM PETROLEUM DOMINICANA S DE RL,GULFSTREAM,60984
DO2016300124,BC1GUL01,GULFSTREAM/11.25 BO 20290528,29300,DOP,29300,11.25406557,99.984969,14/08/2026,11:21:42 AM,CONTADO,PRIMERA PARTE,ROTC,14/08/2026,CONFIRMADA,3283231,0,28/05/2019,28/05/2029,0,GULFSTREAM PETROLEUM DOMINICANA S DE RL,GULFSTREAM,60977
DO1002228612,NO031227,BCENTRAL/8 BOEST 20271203 GTIA,3960000,DOP,396,8.0328,99.941381,14/08/2026,11:20:59 AM,CONTADO,PRIMERA PARTE,ROTC,14/08/2026,CONFIRMADA,3283040,0,03/12/2024,03/12/2027,0,BANCO CENTRAL DE LA REPUBLICA DOMINICANA,BCENTRAL,60130
USP3579ECF27,BSRD2030,DOMINICAN REP/4.5 BD 20300130 UNS,128000,USD,128,5.48850539,96.92,14/08/2026,11:20:58 AM,CONTADO,PRIMERA PARTE,ROTC,14/08/2026,CONFIRMADA,3283043,0,30/01/2020,30/01/2030,0,MINISTERIO DE HACIENDA,HACIENDA,61817
USP3579EBV85,BSDR2027,DOMINICAN Rep/5.95 BD 20270125 Se,28000,USD,28,6.0417,99.955964,14/08/2026,11:20:57 AM,CONTADO,PRIMERA PARTE,ROTC,14/08/2026,CONFIRMADA,3283044,0,25/01/2017,25/01/2027,0,MINISTERIO DE HACIENDA,HACIENDA,61796
DO1002223928,NO120227,BCENTRAL/8 BOEST 20270212 GTIA,2200000,DOP,220,6.6731,100.62312,14/08/2026,11:20:55 AM,CONTADO,PRIMERA PARTE,ROTC,17/08/2026,CONFIRMADA,3283047,0,12/02/2022,12/02/2027,0,BANCO CENTRAL DE LA REPUBLICA DOMINICANA,BCENTRAL,59759
DO1005208322,MHUS2040,HACIENDA/6.75 BOEST 20400724 GTIA,405000,USD,405,4.6604,121.228788,14/08/2026,11:20:54 AM,CONTADO,PRIMERA PARTE,ROTC,14/08/2026,CONFIRMADA,3282607,0,24/07/2020,24/07/2040,0,MINISTERIO DE HACIENDA,HACIENDA,61236
USP3579EBV85,BSDR2027,DOMINICAN Rep/5.95 BD 20270125 Se,50000,USD,50,6.0346,99.95918,14/08/2026,11:20:54 AM,CONTADO,PRIMERA PARTE,ROTC,17/08/2026,CONFIRMADA,3283062,0,25/01/2017,25/01/2027,0,MINISTERIO DE HACIENDA,HACIENDA,61355
DO1002228612,NO031227,BCENTRAL/8 BOEST 20271203 GTIA,1870000,DOP,187,7.9596,100.030507,14/08/2026,11:20:53 AM,CONTADO,PRIMERA PARTE,ROTC,14/08/2026,CONFIRMADA,3283065,0,03/12/2024,03/12/2027,0,BANCO CENTRAL DE LA REPUBLICA DOMINICANA,BCENTRAL,60305
USP3579EBV85,BSDR2027,DOMINICAN Rep/5.95 BD 20270125 Se,20000,USD,20,0.1938,102.5718,14/08/2026,11:20:52 AM,CONTADO,PRIMERA PARTE,ROTC,14/08/2026,CONFIRMADA,3283068,0,25/01/2017,25/01/2027,0,MINISTERIO DE HACIENDA,HACIENDA,61110
DO1002228612,NO031227,BCENTRAL/8 BOEST 20271203 GTIA,6690000,DOP,669,5.5238,103.060011,14/08/2026,11:20:51 AM,CONTADO,PRIMERA PARTE,ROTC,14/08/2026,CONFIRMADA,3283079,0,03/12/2024,03/12/2027,0,BANCO CENTRAL DE LA REPUBLICA DOMINICANA,BCENTRAL,60242
DO1002228612,NO031227,BCENTRAL/8 BOEST 20271203 GTIA,30000,DOP,3,13.6486,93.426233,14/08/2026,11:20:49 AM,CONTADO,PRIMERA PARTE,ROTC,14/08/2026,CONFIRMADA,3283083,0,03/12/2024,03/12/2027,0,BANCO CENTRAL DE LA REPUBLICA DOMINICANA,BCENTRAL,58870
USP3579EBV85,BSDR2027,DOMINICAN Rep/5.95 BD 20270125 Se,2000,USD,2,19.3649,94.491,14/08/2026,11:20:48 AM,CONTADO,PRIMERA PARTE,ROTC,14/08/2026,CONFIRMADA,3283089,0,25/01/2017,25/01/2027,0,MINISTERIO DE HACIENDA,HACIENDA,60235
USP3579EBV85,BSDR2027,DOMINICAN Rep/5.95 BD 20270125 Se,20000,USD,20,0.1987,102.5057,14/08/2026,11:20:47 AM,CONTADO,PRIMERA PARTE,ROTC,18/08/2026,CONFIRMADA,3283092,0,25/01/2017,25/01/2027,0,MINISTERIO DE HACIENDA,HACIENDA,61166
DO1002223928,NO120227,BCENTRAL/8 BOEST 20270212 GTIA,100000,DOP,10,3.9943,101.90973,14/08/2026,11:20:46 AM,CONTADO,PRIMERA PARTE,ROTC,17/08/2026,CONFIRMADA,3283095,0,12/02/2022,12/02/2027,0,BANCO CENTRAL DE LA REPUBLICA DOMINICANA,BCENTRAL,59185
DO1002228612,NO031227,BCENTRAL/8 BOEST 20271203 GTIA,470000,DOP,47,7.9288,100.06797,14/08/2026,11:20:44 AM,CONTADO,PRIMERA PARTE,ROTC,14/08/2026,CONFIRMADA,3283105,0,03/12/2024,03/12/2027,0,BANCO CENTRAL DE LA REPUBLICA DOMINICANA,BCENTRAL,59311
DO1002228612,NO031227,BCENTRAL/8 BOEST 20271203 GTIA,30000,DOP,3,13.8903,93.159367,14/08/2026,11:20:43 AM,CONTADO,PRIMERA PARTE,ROTC,14/08/2026,CONFIRMADA,3283108,0,03/12/2024,03/12/2027,0,BANCO CENTRAL DE LA REPUBLICA DOMINICANA,BCENTRAL,58877
DO1002223928,NO120227,BCENTRAL/8 BOEST 20270212 GTIA,9950000,DOP,995,7.0378,100.459034,14/08/2026,11:20:42 AM,CONTADO,PRIMERA PARTE,ROTC,14/08/2026,CONFIRMADA,3283113,0,12/02/2022,12/02/2027,0,BANCO CENTRAL DE LA REPUBLICA DOMINICANA,BCENTRAL,60403
DO1002223928,NO120227,BCENTRAL/8 BOEST 20270212 GTIA,1590000,DOP,159,6.7749,100.585453,14/08/2026,11:20:41 AM,CONTADO,PRIMERA PARTE,ROTC,14/08/2026,CONFIRMADA,3283116,0,12/02/2022,12/02/2027,0,BANCO CENTRAL DE LA REPUBLICA DOMINICANA,BCENTRAL,60375
DO1002227317,NO150928,BCENTRAL/11 BOEST 20280915 GTIA,370000,DOP,37,9.0772,103.56463,14/08/2026,11:20:39 AM,CONTADO,PRIMERA PARTE,ROTC,14/08/2026,CONFIRMADA,3283119,0,15/09/2023,15/09/2028,0,BANCO CENTRAL DE LA REPUBLICA DOMINICANA,BCENTRAL,59689
DO1002228612,NO031227,BCENTRAL/8 BOEST 20271203 GTIA,80000,DOP,8,7.1211,101.059,14/08/2026,11:20:38 AM,CONTADO,PRIMERA PARTE,ROTC,14/08/2026,CONFIRMADA,3283122,0,03/12/2024,03/12/2027,0,BANCO CENTRAL DE LA REPUBLICA DOMINICANA,BCENTRAL,57694
DO1002223928,NO120227,BCENTRAL/8 BOEST 20270212 GTIA,140000,DOP,14,0.0528,103.929371,14/08/2026,11:20:37 AM,CONTADO,PRIMERA PARTE,ROTC,14/08/2026,CONFIRMADA,3283125,0,12/02/2022,12/02/2027,0,BANCO CENTRAL DE LA REPUBLICA DOMINICANA,BCENTRAL,59500
DO1002228612,NO031227,BCENTRAL/8 BOEST 20271203 GTIA,300000,DOP,30,9.2919,98.42623,14/08/2026,11:20:36 AM,CONTADO,PRIMERA PARTE,ROTC,14/08/2026,CONFIRMADA,3283128,0,03/12/2024,03/12/2027,0,BANCO CENTRAL DE LA REPUBLICA DOMINICANA,BCENTRAL,58870
DO1002228612,NO031227,BCENTRAL/8 BOEST 20271203 GTIA,540000,DOP,54,7.5789,100.495672,14/08/2026,11:20:35 AM,CONTADO,PRIMERA PARTE,ROTC,14/08/2026,CONFIRMADA,3283129,0,03/12/2024,03/12/2027,0,BANCO CENTRAL DE LA REPUBLICA DOMINICANA,BCENTRAL,59661
USP3579EBV85,BSDR2027,DOMINICAN Rep/5.95 BD 20270125 Se,3000,USD,3,25.1614,92.305,14/08/2026,11:20:33 AM,CONTADO,PRIMERA PARTE,ROTC,14/08/2026,CONFIRMADA,3283132,0,25/01/2017,25/01/2027,0,MINISTERIO DE HACIENDA,HACIENDA,60060
DO1002223928,NO120227,BCENTRAL/8 BOEST 20270212 GTIA,9450000,DOP,945,6.9825,100.485622,14/08/2026,11:20:32 AM,CONTADO,PRIMERA PARTE,ROTC,14/08/2026,CONFIRMADA,3283135,0,12/02/2022,12/02/2027,0,BANCO CENTRAL DE LA REPUBLICA DOMINICANA,BCENTRAL,60375
DO1002228612,NO031227,BCENTRAL/8 BOEST 20271203 GTIA,840000,DOP,84,8.3004,99.616706,14/08/2026,11:20:31 AM,CONTADO,PRIMERA PARTE,ROTC,14/08/2026,CONFIRMADA,3283138,0,03/12/2024,03/12/2027,0,BANCO CENTRAL DE LA REPUBLICA DOMINICANA,BCENTRAL,59262
DO1002228612,NO031227,BCENTRAL/8 BOEST 20271203 GTIA,1030000,DOP,103,8.2506,99.676975,14/08/2026,11:20:30 AM,CONTADO,PRIMERA PARTE,ROTC,14/08/2026,CONFIRMADA,3283141,0,03/12/2024,03/12/2027,0,BANCO CENTRAL DE LA REPUBLICA DOMINICANA,BCENTRAL,59955
DO2016300223,BC1GUL02,GULFSTREAM/11.15 BO 20290624,140881,DOP,140881,9.30409863,104.235293,14/08/2026,11:20:28 AM,ESTRUCTURADA,SEGUNDA PARTE,ROTC,12/11/2026,CONFIRMADA,3283152,0,24/06/2019,24/06/2029,8.1,GULFSTREAM PETROLEUM DOMINICANA S DE RL,GULFSTREAM,64239
DO2016300223,BC1GUL02,GULFSTREAM/11.15 BO 20290624,140881,DOP,140881,10.29994103,102.075618,14/08/2026,11:20:28 AM,ESTRUCTURADA,PRIMERA PARTE,ROTC,14/08/2026,CONFIRMADA,3283152,0,24/06/2019,24/06/2029,8.1,GULFSTREAM PETROLEUM DOMINICANA S DE RL,GULFSTREAM,64673
DO2006901311,BC1ITA01,EGEITABO/5.65 BO 20311208,8523,USD,8523,4.67765911,104.367508,14/08/2026,11:20:27 AM,PRESTAMO,SEGUNDA PARTE,ROTC,12/11/2026,CONFIRMADA,3283234,0,08/12/2021,08/12/2031,4.55,"EMPRESA GENERADORA DE ELECTRICIDAD ITABO, S.A.",EGEITABO,59171
DO2006901311,BC1ITA01,EGEITABO/5.65 BO 20311208,8523,USD,8523,4.67666276,104.559498,14/08/2026,11:20:27 AM,PRESTAMO,PRIMERA PARTE,ROTC,14/08/2026,CONFIRMADA,3283234,0,08/12/2021,08/12/2031,4.55,"EMPRESA GENERADORA DE ELECTRICIDAD ITABO, S.A.",EGEITABO,59395
DO2006901311,BC1ITA01,EGEITABO/5.65 BO 20311208,8523,USD,8523,4.67765911,104.367508,14/08/2026,11:20:26 AM,ESTRUCTURADA,SEGUNDA PARTE,ROTC,12/11/2026,CONFIRMADA,3283153,0,08/12/2021,08/12/2031,4.55,"EMPRESA GENERADORA DE ELECTRICIDAD ITABO, S.A.",EGEITABO,61264
DO2006901311,BC1ITA01,EGEITABO/5.65 BO 20311208,8523,USD,8523,4.67666276,104.559498,14/08/2026,11:20:26 AM,ESTRUCTURADA,PRIMERA PARTE,ROTC,14/08/2026,CONFIRMADA,3283153,0,08/12/2021,08/12/2031,4.55,"EMPRESA GENERADORA DE ELECTRICIDAD ITABO, S.A.",EGEITABO,61488
DO2016300124,BC1GUL01,GULFSTREAM/11.25 BO 20290528,124768,DOP,124768,11.21183302,100.070435,14/08/2026,11:20:25 AM,PRESTAMO,SEGUNDA PARTE,ROTC,10/02/2027,CONFIRMADA,3283233,0,28/05/2019,28/05/2029,7.35,GULFSTREAM PETROLEUM DOMINICANA S DE RL,GULFSTREAM,62349
DO2016300124,BC1GUL01,GULFSTREAM/11.25 BO 20290528,124768,DOP,124768,10.49951481,101.789273,14/08/2026,11:20:25 AM,PRESTAMO,PRIMERA PARTE,ROTC,14/08/2026,CONFIRMADA,3283233,0,28/05/2019,28/05/2029,7.35,GULFSTREAM PETROLEUM DOMINICANA S DE RL,GULFSTREAM,62741
DO2016300124,BC1GUL01,GULFSTREAM/11.25 BO 20290528,124768,DOP,124768,11.21183302,100.070435,14/08/2026,11:20:24 AM,ESTRUCTURADA,SEGUNDA PARTE,ROTC,10/02/2027,CONFIRMADA,3283154,0,28/05/2019,28/05/2029,7.35,GULFSTREAM PETROLEUM DOMINICANA S DE RL,GULFSTREAM,64442
DO2016300124,BC1GUL01,GULFSTREAM/11.25 BO 20290528,124768,DOP,124768,10.49951481,101.789273,14/08/2026,11:20:24 AM,ESTRUCTURADA,PRIMERA PARTE,ROTC,14/08/2026,CONFIRMADA,3283154,0,28/05/2019,28/05/2029,7.35,GULFSTREAM PETROLEUM DOMINICANA S DE RL,GULFSTREAM,64834
DO1005208322,MHUS2040,HACIENDA/6.75 BOEST 20400724 GTIA,57000,USD,57,4.54306844,122.317105,14/08/2026,11:20:22 AM,PRESTAMO,SEGUNDA PARTE,ROTC,12/11/2026,CONFIRMADA,3283232,0,24/07/2020,24/07/2040,5,MINISTERIO DE HACIENDA,HACIENDA,62496
DO1005208322,MHUS2040,HACIENDA/6.75 BOEST 20400724 GTIA,57000,USD,57,4.55824421,122.432018,14/08/2026,11:20:22 AM,PRESTAMO,PRIMERA PARTE,ROTC,14/08/2026,CONFIRMADA,3283232,0,24/07/2020,24/07/2040,5,MINISTERIO DE HACIENDA,HACIENDA,62601
DO1005208322,MHUS2040,HACIENDA/6.75 BOEST 20400724 GTIA,57000,USD,57,4.54306844,122.317105,14/08/2026,11:20:21 AM,ESTRUCTURADA,SEGUNDA PARTE,ROTC,12/11/2026,CONFIRMADA,3283155,0,24/07/2020,24/07/2040,5,MINISTERIO DE HACIENDA,HACIENDA,64589
DO1005208322,MHUS2040,HACIENDA/6.75 BOEST 20400724 GTIA,57000,USD,57,4.55824421,122.432018,14/08/2026,11:20:21 AM,ESTRUCTURADA,PRIMERA PARTE,ROTC,14/08/2026,CONFIRMADA,3283155,0,24/07/2020,24/07/2040,5,MINISTERIO DE HACIENDA,HACIENDA,64694
DO1002261225,LE021026,BCENTRAL/ LT 20261002 GTIA,2780000,DOP,278,7.4,98.825899,14/08/2026,11:19:19 AM,PRESTAMO,SEGUNDA PARTE,ROTC,16/09/2026,CONFIRMADA,3283197,0,02/10/2025,02/10/2026,0.02,BANCO CENTRAL DE LA REPUBLICA DOMINICANA,BCENTRAL,57715
DO1002261225,LE021026,BCENTRAL/ LT 20261002 GTIA,2780000,DOP,278,7.4,98.825899,14/08/2026,11:19:19 AM,PRESTAMO,PRIMERA PARTE,ROTC,17/08/2026,CONFIRMADA,3283197,0,02/10/2025,02/10/2026,0.02,BANCO CENTRAL DE LA REPUBLICA DOMINICANA,BCENTRAL,57778
DO1002261225,LE021026,BCENTRAL/ LT 20261002 GTIA,2780000,DOP,278,12.814818,99.433678,14/08/2026,11:19:18 AM,PLAZO,PRIMERA PARTE,ROTC,16/09/2026,CONFIRMADA,3283195,0,02/10/2025,02/10/2026,0,BANCO CENTRAL DE LA REPUBLICA DOMINICANA,BCENTRAL,58275
DO1002261225,LE021026,BCENTRAL/ LT 20261002 GTIA,2780000,DOP,278,9.297782,98.825899,14/08/2026,11:19:17 AM,CONTADO,PRIMERA PARTE,ROTC,17/08/2026,CONFIRMADA,3283193,0,02/10/2025,02/10/2026,0,BANCO CENTRAL DE LA REPUBLICA DOMINICANA,BCENTRAL,58982
DO1005254219,MH22041,HACIENDA/12 BOEST 20410529 GTIA,300000000,DOP,3000,10.2585,113.146878,14/08/2026,11:18:08 AM,CONTADO,PRIMERA PARTE,ROTC,14/08/2026,CONFIRMADA,3282943,0,29/05/2026,29/05/2041,0,MINISTERIO DE HACIENDA,HACIENDA,61306
DO1005208025,COV2040,HACIENDA/10.875 BOEST 20400228 GTIA,7400000,DOP,74,7.2387,130.704295,14/08/2026,11:17:58 AM,PRESTAMO,SEGUNDA PARTE,ROTC,12/11/2026,CONFIRMADA,3283148,0,28/02/2020,28/02/2040,2.112699,MINISTERIO DE HACIENDA,HACIENDA,61929
DO1005208025,COV2040,HACIENDA/10.875 BOEST 20400228 GTIA,7400000,DOP,74,7.3276,130.15945,14/08/2026,11:17:58 AM,PRESTAMO,PRIMERA PARTE,ROTC,14/08/2026,CONFIRMADA,3283148,0,28/02/2020,28/02/2040,2.112699,MINISTERIO DE HACIENDA,HACIENDA,61677
DO1005208025,COV2040,HACIENDA/10.875 BOEST 20400228 GTIA,7400000,DOP,74,7.2387,130.704295,14/08/2026,11:17:56 AM,ESTRUCTURADA,SEGUNDA PARTE,ROTC,12/11/2026,CONFIRMADA,3283147,0,28/02/2020,28/02/2040,9.55,MINISTERIO DE HACIENDA,HACIENDA,64015
DO1005208025,COV2040,HACIENDA/10.875 BOEST 20400228 GTIA,7400000,DOP,74,7.3276,130.15945,14/08/2026,11:17:56 AM,ESTRUCTURADA,PRIMERA PARTE,ROTC,14/08/2026,CONFIRMADA,3283147,0,28/02/2020,28/02/2040,9.55,MINISTERIO DE HACIENDA,HACIENDA,63763
USP3579EBV85,BSDR2027,DOMINICAN Rep/5.95 BD 20270125 Se,15000,USD,15,6.792402,99.636389,14/08/2026,11:17:43 AM,CONTADO,PRIMERA PARTE,ROTC,17/08/2026,CONFIRMADA,3283151,0,25/01/2017,25/01/2027,0,MINISTERIO DE HACIENDA,HACIENDA,62503
USP3579EBV85,BSDR2027,DOMINICAN Rep/5.95 BD 20270125 Se,15000,USD,15,10.743032,99.095639,14/08/2026,11:17:42 AM,PLAZO,PRIMERA PARTE,ROTC,16/11/2026,CONFIRMADA,3283150,0,25/01/2017,25/01/2027,0,MINISTERIO DE HACIENDA,HACIENDA,61782
USP3579EBV85,BSDR2027,DOMINICAN Rep/5.95 BD 20270125 Se,15000,USD,15,3.7,99.636389,14/08/2026,11:17:35 AM,PRESTAMO,SEGUNDA PARTE,ROTC,16/11/2026,CONFIRMADA,3283149,0,25/01/2017,25/01/2027,0.02,MINISTERIO DE HACIENDA,HACIENDA,61271
USP3579EBV85,BSDR2027,DOMINICAN Rep/5.95 BD 20270125 Se,15000,USD,15,3.7,99.636389,14/08/2026,11:17:35 AM,PRESTAMO,PRIMERA PARTE,ROTC,17/08/2026,CONFIRMADA,3283149,0,25/01/2017,25/01/2027,0.02,MINISTERIO DE HACIENDA,HACIENDA,61383
DO1005254219,MH22041,HACIENDA/12 BOEST 20410529 GTIA,400000000,DOP,4000,10.2585,113.146878,14/08/2026,11:17:16 AM,CONTADO,PRIMERA PARTE,ROTC,14/08/2026,CONFIRMADA,3282944,0,29/05/2026,29/05/2041,0,MINISTERIO DE HACIENDA,HACIENDA,61306
DO1002261928,LE090427,BCENTRAL/ LT 20270409 GTIA,110000,DOP,11,6.6295,95.801191,14/08/2026,11:16:03 AM,CONTADO,PRIMERA PARTE,ROTC,14/08/2026,CONFIRMADA,3282604,0,09/04/2026,09/04/2027,0,BANCO CENTRAL DE LA REPUBLICA DOMINICANA,BCENTRAL,57295
DO1002223928,NO120227,BCENTRAL/8 BOEST 20270212 GTIA,2400000,DOP,240,12.78348,97.807971,14/08/2026,11:16:03 AM,CONTADO,PRIMERA PARTE,ROTC,17/08/2026,CONFIRMADA,3283146,0,12/02/2022,12/02/2027,0,BANCO CENTRAL DE LA REPUBLICA DOMINICANA,BCENTRAL,60746
DO1002223928,NO120227,BCENTRAL/8 BOEST 20270212 GTIA,2400000,DOP,240,8.6,97.807971,14/08/2026,11:15:55 AM,PRESTAMO,SEGUNDA PARTE,ROTC,16/10/2026,CONFIRMADA,3283145,0,12/02/2022,12/02/2027,0.02,BANCO CENTRAL DE LA REPUBLICA DOMINICANA,BCENTRAL,59549
DO1002223928,NO120227,BCENTRAL/8 BOEST 20270212 GTIA,2400000,DOP,240,8.6,97.807971,14/08/2026,11:15:55 AM,PRESTAMO,PRIMERA PARTE,ROTC,17/08/2026,CONFIRMADA,3283145,0,12/02/2022,12/02/2027,0.02,BANCO CENTRAL DE LA REPUBLICA DOMINICANA,BCENTRAL,59668
DO1002223928,NO120227,BCENTRAL/8 BOEST 20270212 GTIA,2400000,DOP,240,14.768349,97.903832,14/08/2026,11:15:54 AM,PLAZO,PRIMERA PARTE,ROTC,16/10/2026,CONFIRMADA,3283144,0,12/02/2022,12/02/2027,0,BANCO CENTRAL DE LA REPUBLICA DOMINICANA,BCENTRAL,60165
USP3579ECZ80,BSRD2035, ,45000,USD,45,5.82,100.373067,14/08/2026,11:15:48 AM,PRESTAMO,SEGUNDA PARTE,ROTC,16/09/2026,CONFIRMADA,3282769,0,28/10/2025,28/10/2035,2.078243,MINISTERIO DE HACIENDA,HACIENDA,47712
USP3579ECZ80,BSRD2035, ,45000,USD,45,5.8038,100.492356,14/08/2026,11:15:48 AM,PRESTAMO,PRIMERA PARTE,ROTC,14/08/2026,CONFIRMADA,3282769,0,28/10/2025,28/10/2035,2.078243,MINISTERIO DE HACIENDA,HACIENDA,48510
DO1005208025,COV2040,HACIENDA/10.875 BOEST 20400228 GTIA,7500000,DOP,75,6.8582,134.938772,14/08/2026,11:15:47 AM,PRESTAMO,SEGUNDA PARTE,ROTC,16/09/2026,CONFIRMADA,3282772,0,28/02/2020,28/02/2040,4.508241,MINISTERIO DE HACIENDA,HACIENDA,62097
DO1005208025,COV2040,HACIENDA/10.875 BOEST 20400228 GTIA,7500000,DOP,75,7.4026,129.395982,14/08/2026,11:15:47 AM,PRESTAMO,PRIMERA PARTE,ROTC,14/08/2026,CONFIRMADA,3282772,0,28/02/2020,28/02/2040,4.508241,MINISTERIO DE HACIENDA,HACIENDA,62097
DO1005208025,COV2040,HACIENDA/10.875 BOEST 20400228 GTIA,200000,DOP,2,10.5787,102.065965,14/08/2026,11:15:46 AM,PRESTAMO,SEGUNDA PARTE,ROTC,12/11/2026,CONFIRMADA,3282774,0,28/02/2020,28/02/2040,7.104807,MINISTERIO DE HACIENDA,HACIENDA,61460
DO1005208025,COV2040,HACIENDA/10.875 BOEST 20400228 GTIA,200000,DOP,2,11.3275,96.91788,14/08/2026,11:15:46 AM,PRESTAMO,PRIMERA PARTE,ROTC,14/08/2026,CONFIRMADA,3282774,0,28/02/2020,28/02/2040,7.104807,MINISTERIO DE HACIENDA,HACIENDA,60942
DO1002228125,NO090229,BCENTRAL/10 BOEST 20290209 GTIA,30000,DOP,3,9.7099,100.5876,14/08/2026,11:15:44 AM,PRESTAMO,SEGUNDA PARTE,ROTC,16/09/2026,CONFIRMADA,3282777,0,09/02/2024,09/02/2029,0.969952,BANCO CENTRAL DE LA REPUBLICA DOMINICANA,BCENTRAL,59227
DO1002228125,NO090229,BCENTRAL/10 BOEST 20290209 GTIA,30000,DOP,3,9.7052,100.634533,14/08/2026,11:15:44 AM,PRESTAMO,PRIMERA PARTE,ROTC,14/08/2026,CONFIRMADA,3282777,0,09/02/2024,09/02/2029,0.969952,BANCO CENTRAL DE LA REPUBLICA DOMINICANA,BCENTRAL,59850
USP3579ECZ80,BSRD2035, ,7000,USD,7,5.7309,100.984857,14/08/2026,11:15:43 AM,PRESTAMO,SEGUNDA PARTE,ROTC,11/12/2026,CONFIRMADA,3282780,0,28/10/2025,28/10/2035,3.359764,MINISTERIO DE HACIENDA,HACIENDA,47740
USP3579ECZ80,BSRD2035, ,7000,USD,7,6.1221,98.270143,14/08/2026,11:15:43 AM,PRESTAMO,PRIMERA PARTE,ROTC,14/08/2026,CONFIRMADA,3282780,0,28/10/2025,28/10/2035,3.359764,MINISTERIO DE HACIENDA,HACIENDA,47383
USP3579ECZ80,BSRD2035, ,7000,USD,7,5.7309,100.984857,14/08/2026,11:15:33 AM,ESTRUCTURADA,SEGUNDA PARTE,ROTC,11/12/2026,CONFIRMADA,3282778,0,28/10/2025,28/10/2035,5.1024,MINISTERIO DE HACIENDA,HACIENDA,49833
USP3579ECZ80,BSRD2035, ,7000,USD,7,6.1221,98.270143,14/08/2026,11:15:33 AM,ESTRUCTURADA,PRIMERA PARTE,ROTC,14/08/2026,CONFIRMADA,3282778,0,28/10/2025,28/10/2035,5.1024,MINISTERIO DE HACIENDA,HACIENDA,49476
DO1002228125,NO090229,BCENTRAL/10 BOEST 20290209 GTIA,30000,DOP,3,9.7099,100.5876,14/08/2026,11:15:32 AM,ESTRUCTURADA,SEGUNDA PARTE,ROTC,16/09/2026,CONFIRMADA,3282776,0,09/02/2024,09/02/2029,9.2,BANCO CENTRAL DE LA REPUBLICA DOMINICANA,BCENTRAL,61306
DO1002228125,NO090229,BCENTRAL/10 BOEST 20290209 GTIA,30000,DOP,3,9.7052,100.634533,14/08/2026,11:15:32 AM,ESTRUCTURADA,PRIMERA PARTE,ROTC,14/08/2026,CONFIRMADA,3282776,0,09/02/2024,09/02/2029,9.2,BANCO CENTRAL DE LA REPUBLICA DOMINICANA,BCENTRAL,61929
DO1005208025,COV2040,HACIENDA/10.875 BOEST 20400228 GTIA,200000,DOP,2,10.5787,102.065965,14/08/2026,11:15:30 AM,ESTRUCTURADA,SEGUNDA PARTE,ROTC,12/11/2026,CONFIRMADA,3282773,0,28/02/2020,28/02/2040,9.566,MINISTERIO DE HACIENDA,HACIENDA,63511
DO1005208025,COV2040,HACIENDA/10.875 BOEST 20400228 GTIA,200000,DOP,2,11.3275,96.91788,14/08/2026,11:15:30 AM,ESTRUCTURADA,PRIMERA PARTE,ROTC,14/08/2026,CONFIRMADA,3282773,0,28/02/2020,28/02/2040,9.566,MINISTERIO DE HACIENDA,HACIENDA,62993
USP3579ECZ80,BSRD2035, ,45000,USD,45,5.82,100.373067,14/08/2026,11:15:29 AM,ESTRUCTURADA,SEGUNDA PARTE,ROTC,16/09/2026,CONFIRMADA,3282768,0,28/10/2025,28/10/2035,4.3,MINISTERIO DE HACIENDA,HACIENDA,49805
USP3579ECZ80,BSRD2035, ,45000,USD,45,5.8038,100.492356,14/08/2026,11:15:29 AM,ESTRUCTURADA,PRIMERA PARTE,ROTC,14/08/2026,CONFIRMADA,3282768,0,28/10/2025,28/10/2035,4.3,MINISTERIO DE HACIENDA,HACIENDA,50603
DO1005208025,COV2040,HACIENDA/10.875 BOEST 20400228 GTIA,7500000,DOP,75,6.8582,134.938772,14/08/2026,11:15:28 AM,ESTRUCTURADA,SEGUNDA PARTE,ROTC,16/09/2026,CONFIRMADA,3282771,0,28/02/2020,28/02/2040,9.2,MINISTERIO DE HACIENDA,HACIENDA,64190
DO1005208025,COV2040,HACIENDA/10.875 BOEST 20400228 GTIA,7500000,DOP,75,7.4026,129.395982,14/08/2026,11:15:28 AM,ESTRUCTURADA,PRIMERA PARTE,ROTC,14/08/2026,CONFIRMADA,3282771,0,28/02/2020,28/02/2040,9.2,MINISTERIO DE HACIENDA,HACIENDA,64190
DO1002261225,LE021026,BCENTRAL/ LT 20261002 GTIA,1010000,DOP,101,7.127328,99.097505,14/08/2026,11:14:23 AM,CONTADO,PRIMERA PARTE,ROTC,17/08/2026,CONFIRMADA,3283097,0,02/10/2025,02/10/2026,0,BANCO CENTRAL DE LA REPUBLICA DOMINICANA,BCENTRAL,58520
DO1005206516,MH32028,HACIENDA/10.75 BOEST 20280811 GTIA,48600000,DOP,486,9.2385,102.591601,14/08/2026,11:14:14 AM,PRESTAMO,SEGUNDA PARTE,ROTC,16/09/2026,CONFIRMADA,3283084,0,10/08/2018,11/08/2028,8.49,MINISTERIO DE HACIENDA,HACIENDA,62132
DO1005206516,MH32028,HACIENDA/10.75 BOEST 20280811 GTIA,48600000,DOP,486,9.2189,102.76285,14/08/2026,11:14:14 AM,PRESTAMO,PRIMERA PARTE,ROTC,14/08/2026,CONFIRMADA,3283084,0,10/08/2018,11/08/2028,8.49,MINISTERIO DE HACIENDA,HACIENDA,61894
DO1002261225,LE021026,BCENTRAL/ LT 20261002 GTIA,1010000,DOP,101,7.5,99.097505,14/08/2026,11:14:14 AM,PRESTAMO,SEGUNDA PARTE,ROTC,16/09/2026,CONFIRMADA,3283086,0,02/10/2025,02/10/2026,0.02,BANCO CENTRAL DE LA REPUBLICA DOMINICANA,BCENTRAL,57344
DO1002261225,LE021026,BCENTRAL/ LT 20261002 GTIA,1010000,DOP,101,7.5,99.097505,14/08/2026,11:14:14 AM,PRESTAMO,PRIMERA PARTE,ROTC,17/08/2026,CONFIRMADA,3283086,0,02/10/2025,02/10/2026,0.02,BANCO CENTRAL DE LA REPUBLICA DOMINICANA,BCENTRAL,57407
DO1002261225,LE021026,BCENTRAL/ LT 20261002 GTIA,1010000,DOP,101,6.426008,99.715213,14/08/2026,11:14:13 AM,PLAZO,PRIMERA PARTE,ROTC,16/09/2026,CONFIRMADA,3283082,0,02/10/2025,02/10/2026,0,BANCO CENTRAL DE LA REPUBLICA DOMINICANA,BCENTRAL,57526
DO1005206516,MH32028,HACIENDA/10.75 BOEST 20280811 GTIA,48600000,DOP,486,9.2385,102.591601,14/08/2026,11:14:12 AM,ESTRUCTURADA,SEGUNDA PARTE,ROTC,16/09/2026,CONFIRMADA,3283039,0,10/08/2018,11/08/2028,8.49,MINISTERIO DE HACIENDA,HACIENDA,64218
DO1005206516,MH32028,HACIENDA/10.75 BOEST 20280811 GTIA,48600000,DOP,486,9.2189,102.76285,14/08/2026,11:14:12 AM,ESTRUCTURADA,PRIMERA PARTE,ROTC,14/08/2026,CONFIRMADA,3283039,0,10/08/2018,11/08/2028,8.49,MINISTERIO DE HACIENDA,HACIENDA,63980
DO1005207118,MHUS2026,HACIENDA/6.65 BOEST 20261227 GTIA,3000,USD,3,-38.605,115.289,14/08/2026,11:14:06 AM,PRESTAMO,SEGUNDA PARTE,ROTC,14/09/2026,CONFIRMADA,3282434,0,27/12/2019,27/12/2026,1.101132,MINISTERIO DE HACIENDA,HACIENDA,59731
DO1005207118,MHUS2026,HACIENDA/6.65 BOEST 20261227 GTIA,3000,USD,3,-29.645,115.443,14/08/2026,11:14:06 AM,PRESTAMO,PRIMERA PARTE,ROTC,14/08/2026,CONFIRMADA,3282434,0,27/12/2019,27/12/2026,1.101132,MINISTERIO DE HACIENDA,HACIENDA,59759
DO1005207118,MHUS2026,HACIENDA/6.65 BOEST 20261227 GTIA,3000,USD,3,-38.605,115.289,14/08/2026,11:14:05 AM,PLAZO,PRIMERA PARTE,ROTC,14/09/2026,CONFIRMADA,3282435,0,27/12/2019,27/12/2026,0,MINISTERIO DE HACIENDA,HACIENDA,58184
DO1002261928,LE090427,BCENTRAL/ LT 20270409 GTIA,170000,DOP,17,12.8936,93.097871,14/08/2026,11:14:04 AM,PRESTAMO,SEGUNDA PARTE,ROTC,14/09/2026,CONFIRMADA,3282437,0,09/04/2026,09/04/2027,0.662933,BANCO CENTRAL DE LA REPUBLICA DOMINICANA,BCENTRAL,58422
DO1002261928,LE090427,BCENTRAL/ LT 20270409 GTIA,170000,DOP,17,12.2985,92.480694,14/08/2026,11:14:04 AM,PRESTAMO,PRIMERA PARTE,ROTC,14/08/2026,CONFIRMADA,3282437,0,09/04/2026,09/04/2027,0.662933,BANCO CENTRAL DE LA REPUBLICA DOMINICANA,BCENTRAL,58450
DO1002261928,LE090427,BCENTRAL/ LT 20270409 GTIA,170000,DOP,17,12.8936,93.097871,14/08/2026,11:14:03 AM,PLAZO,PRIMERA PARTE,ROTC,14/09/2026,CONFIRMADA,3282438,0,09/04/2026,09/04/2027,0,BANCO CENTRAL DE LA REPUBLICA DOMINICANA,BCENTRAL,56875
DO1005208322,MHUS2040,HACIENDA/6.75 BOEST 20400724 GTIA,6000,USD,6,4.9616,117.459833,14/08/2026,11:14:01 AM,PRESTAMO,SEGUNDA PARTE,ROTC,18/01/2027,CONFIRMADA,3282440,0,24/07/2020,24/07/2040,2.193325,MINISTERIO DE HACIENDA,HACIENDA,60487
DO1005208322,MHUS2040,HACIENDA/6.75 BOEST 20400724 GTIA,6000,USD,6,4.9407,118.0745,14/08/2026,11:14:01 AM,PRESTAMO,PRIMERA PARTE,ROTC,14/08/2026,CONFIRMADA,3282440,0,24/07/2020,24/07/2040,2.193325,MINISTERIO DE HACIENDA,HACIENDA,59773
DO1005208322,MHUS2040,HACIENDA/6.75 BOEST 20400724 GTIA,6000,USD,6,4.9616,117.459833,14/08/2026,11:14:00 AM,PLAZO,PRIMERA PARTE,ROTC,18/01/2027,CONFIRMADA,3282441,0,24/07/2020,24/07/2040,0,MINISTERIO DE HACIENDA,HACIENDA,58940
DO1002261928,LE090427,BCENTRAL/ LT 20270409 GTIA,50000,DOP,5,29.0514,90.30742,14/08/2026,11:13:59 AM,PRESTAMO,SEGUNDA PARTE,ROTC,27/11/2026,CONFIRMADA,3282443,0,09/04/2026,09/04/2027,2.696124,BANCO CENTRAL DE LA REPUBLICA DOMINICANA,BCENTRAL,57225
DO1002261928,LE090427,BCENTRAL/ LT 20270409 GTIA,50000,DOP,5,20.8756,87.87262,14/08/2026,11:13:59 AM,PRESTAMO,PRIMERA PARTE,ROTC,14/08/2026,CONFIRMADA,3282443,0,09/04/2026,09/04/2027,2.696124,BANCO CENTRAL DE LA REPUBLICA DOMINICANA,BCENTRAL,57456
DO1002261928,LE090427,BCENTRAL/ LT 20270409 GTIA,50000,DOP,5,29.0514,90.30742,14/08/2026,11:13:58 AM,PLAZO,PRIMERA PARTE,ROTC,27/11/2026,CONFIRMADA,3282444,0,09/04/2026,09/04/2027,0,BANCO CENTRAL DE LA REPUBLICA DOMINICANA,BCENTRAL,55678
DO1002261928,LE090427,BCENTRAL/ LT 20270409 GTIA,30000,DOP,3,-20.325,108.849533,14/08/2026,11:13:57 AM,PRESTAMO,SEGUNDA PARTE,ROTC,16/11/2026,CONFIRMADA,3282446,0,09/04/2026,09/04/2027,2.320941,BANCO CENTRAL DE LA REPUBLICA DOMINICANA,BCENTRAL,57869
DO1002261928,LE090427,BCENTRAL/ LT 20270409 GTIA,30000,DOP,3,-9.1105,106.3232,14/08/2026,11:13:57 AM,PRESTAMO,PRIMERA PARTE,ROTC,17/08/2026,CONFIRMADA,3282446,0,09/04/2026,09/04/2027,2.320941,BANCO CENTRAL DE LA REPUBLICA DOMINICANA,BCENTRAL,57169
DO1002261928,LE090427,BCENTRAL/ LT 20270409 GTIA,30000,DOP,3,-20.325,108.849533,14/08/2026,11:13:56 AM,PLAZO,PRIMERA PARTE,ROTC,16/11/2026,CONFIRMADA,3282447,0,09/04/2026,09/04/2027,0,BANCO CENTRAL DE LA REPUBLICA DOMINICANA,BCENTRAL,56322
DO1005207118,MHUS2026,HACIENDA/6.65 BOEST 20261227 GTIA,10000,USD,10,-43.808,106.6323,14/08/2026,11:13:55 AM,PRESTAMO,SEGUNDA PARTE,ROTC,16/11/2026,CONFIRMADA,3282449,0,27/12/2019,27/12/2026,1.913671,MINISTERIO DE HACIENDA,HACIENDA,60669
DO1005207118,MHUS2026,HACIENDA/6.65 BOEST 20261227 GTIA,10000,USD,10,-12.019,107.1293,14/08/2026,11:13:55 AM,PRESTAMO,PRIMERA PARTE,ROTC,17/08/2026,CONFIRMADA,3282449,0,27/12/2019,27/12/2026,1.913671,MINISTERIO DE HACIENDA,HACIENDA,60725
DO1005207118,MHUS2026,HACIENDA/6.65 BOEST 20261227 GTIA,10000,USD,10,-43.808,106.6323,14/08/2026,11:13:54 AM,PLAZO,PRIMERA PARTE,ROTC,16/11/2026,CONFIRMADA,3282450,0,27/12/2019,27/12/2026,0,MINISTERIO DE HACIENDA,HACIENDA,59122
DO1005205617,MH12027,HACIENDA/11.25 BOEST 20270205 GTIA,3200000,DOP,32,2.2541,102.80692,14/08/2026,11:13:53 AM,PRESTAMO,SEGUNDA PARTE,ROTC,13/10/2026,CONFIRMADA,3282452,0,05/08/2016,05/02/2027,1.750275,MINISTERIO DE HACIENDA,HACIENDA,60739
DO1005205617,MH12027,HACIENDA/11.25 BOEST 20270205 GTIA,3200000,DOP,32,4.6749,103.097005,14/08/2026,11:13:53 AM,PRESTAMO,PRIMERA PARTE,ROTC,14/08/2026,CONFIRMADA,3282452,0,05/08/2016,05/02/2027,1.750275,MINISTERIO DE HACIENDA,HACIENDA,61285
DO1005205617,MH12027,HACIENDA/11.25 BOEST 20270205 GTIA,3200000,DOP,32,2.2541,102.80692,14/08/2026,11:13:51 AM,PLAZO,PRIMERA PARTE,ROTC,13/10/2026,CONFIRMADA,3282453,0,05/08/2016,05/02/2027,0,MINISTERIO DE HACIENDA,HACIENDA,59185
DO1002261928,LE090427,BCENTRAL/ LT 20270409 GTIA,420000,DOP,42,6.9754,96.59365,14/08/2026,11:13:50 AM,PRESTAMO,SEGUNDA PARTE,ROTC,09/10/2026,CONFIRMADA,3282455,0,09/04/2026,09/04/2027,1.403358,BANCO CENTRAL DE LA REPUBLICA DOMINICANA,BCENTRAL,57701
DO1002261928,LE090427,BCENTRAL/ LT 20270409 GTIA,420000,DOP,42,7.563,95.238095,14/08/2026,11:13:50 AM,PRESTAMO,PRIMERA PARTE,ROTC,14/08/2026,CONFIRMADA,3282455,0,09/04/2026,09/04/2027,1.403358,BANCO CENTRAL DE LA REPUBLICA DOMINICANA,BCENTRAL,57701
DO1002261928,LE090427,BCENTRAL/ LT 20270409 GTIA,420000,DOP,42,6.9754,96.59365,14/08/2026,11:13:49 AM,PLAZO,PRIMERA PARTE,ROTC,09/10/2026,CONFIRMADA,3282456,0,09/04/2026,09/04/2027,0,BANCO CENTRAL DE LA REPUBLICA DOMINICANA,BCENTRAL,56217
DO1005208322,MHUS2040,HACIENDA/6.75 BOEST 20400724 GTIA,166000,USD,166,4.6835,120.800711,14/08/2026,11:13:48 AM,PRESTAMO,SEGUNDA PARTE,ROTC,13/10/2026,CONFIRMADA,3282458,0,24/07/2020,24/07/2040,1.02645,MINISTERIO DE HACIENDA,HACIENDA,61810
DO1005208322,MHUS2040,HACIENDA/6.75 BOEST 20400724 GTIA,166000,USD,166,4.6796,121.026801,14/08/2026,11:13:48 AM,PRESTAMO,PRIMERA PARTE,ROTC,14/08/2026,CONFIRMADA,3282458,0,24/07/2020,24/07/2040,1.02645,MINISTERIO DE HACIENDA,HACIENDA,61978
DO1005208322,MHUS2040,HACIENDA/6.75 BOEST 20400724 GTIA,166000,USD,166,4.6835,120.800711,14/08/2026,11:13:47 AM,PLAZO,PRIMERA PARTE,ROTC,13/10/2026,CONFIRMADA,3282459,0,24/07/2020,24/07/2040,0,MINISTERIO DE HACIENDA,HACIENDA,60263
DO1002261928,LE090427,BCENTRAL/ LT 20270409 GTIA,470000,DOP,47,5.1824,99.171979,14/08/2026,11:13:46 AM,PRESTAMO,SEGUNDA PARTE,ROTC,10/02/2027,CONFIRMADA,3282461,0,09/04/2026,09/04/2027,4.625657,BANCO CENTRAL DE LA REPUBLICA DOMINICANA,BCENTRAL,58086
DO1002261928,LE090427,BCENTRAL/ LT 20270409 GTIA,470000,DOP,47,8.6603,94.584623,14/08/2026,11:13:46 AM,PRESTAMO,PRIMERA PARTE,ROTC,14/08/2026,CONFIRMADA,3282461,0,09/04/2026,09/04/2027,4.625657,BANCO CENTRAL DE LA REPUBLICA DOMINICANA,BCENTRAL,58156
DO1002261928,LE090427,BCENTRAL/ LT 20270409 GTIA,470000,DOP,47,5.1824,99.171979,14/08/2026,11:13:45 AM,PLAZO,PRIMERA PARTE,ROTC,10/02/2027,CONFIRMADA,3282462,0,09/04/2026,09/04/2027,0,BANCO CENTRAL DE LA REPUBLICA DOMINICANA,BCENTRAL,56539
DO1002261928,LE090427,BCENTRAL/ LT 20270409 GTIA,2340000,DOP,234,19.2047,94.172435,14/08/2026,11:13:43 AM,PRESTAMO,SEGUNDA PARTE,ROTC,14/12/2026,CONFIRMADA,3282473,0,09/04/2026,09/04/2027,0.167469,BANCO CENTRAL DE LA REPUBLICA DOMINICANA,BCENTRAL,58975
DO1002261928,LE090427,BCENTRAL/ LT 20270409 GTIA,2340000,DOP,234,9.6297,94.014725,14/08/2026,11:13:43 AM,PRESTAMO,PRIMERA PARTE,ROTC,14/08/2026,CONFIRMADA,3282473,0,09/04/2026,09/04/2027,0.167469,BANCO CENTRAL DE LA REPUBLICA DOMINICANA,BCENTRAL,58786
DO1002261928,LE090427,BCENTRAL/ LT 20270409 GTIA,2340000,DOP,234,19.2047,94.172435,14/08/2026,11:13:42 AM,PLAZO,PRIMERA PARTE,ROTC,14/12/2026,CONFIRMADA,3282474,0,09/04/2026,09/04/2027,0,BANCO CENTRAL DE LA REPUBLICA DOMINICANA,BCENTRAL,57428
DO1002261928,LE090427,BCENTRAL/ LT 20270409 GTIA,2180000,DOP,218,9.738,94.746069,14/08/2026,11:13:41 AM,PRESTAMO,SEGUNDA PARTE,ROTC,16/09/2026,CONFIRMADA,3282476,0,09/04/2026,09/04/2027,0.748522,BANCO CENTRAL DE LA REPUBLICA DOMINICANA,BCENTRAL,58471
DO1002261928,LE090427,BCENTRAL/ LT 20270409 GTIA,2180000,DOP,218,9.7143,94.036874,14/08/2026,11:13:41 AM,PRESTAMO,PRIMERA PARTE,ROTC,17/08/2026,CONFIRMADA,3282476,0,09/04/2026,09/04/2027,0.748522,BANCO CENTRAL DE LA REPUBLICA DOMINICANA,BCENTRAL,58821
DO1002261928,LE090427,BCENTRAL/ LT 20270409 GTIA,2180000,DOP,218,9.738,94.746069,14/08/2026,11:13:40 AM,PLAZO,PRIMERA PARTE,ROTC,16/09/2026,CONFIRMADA,3282477,0,09/04/2026,09/04/2027,0,BANCO CENTRAL DE LA REPUBLICA DOMINICANA,BCENTRAL,56924
DO1002261928,LE090427,BCENTRAL/ LT 20270409 GTIA,330000,DOP,33,0,93.258324,14/08/2026,11:13:39 AM,PRESTAMO,SEGUNDA PARTE,ROTC,14/09/2026,CONFIRMADA,3282479,0,09/04/2026,09/04/2027,0.773281,BANCO CENTRAL DE LA REPUBLICA DOMINICANA,BCENTRAL,56182
DO1002261928,LE090427,BCENTRAL/ LT 20270409 GTIA,330000,DOP,33,12.1987,92.537176,14/08/2026,11:13:39 AM,PRESTAMO,PRIMERA PARTE,ROTC,14/08/2026,CONFIRMADA,3282479,0,09/04/2026,09/04/2027,0.773281,BANCO CENTRAL DE LA REPUBLICA DOMINICANA,BCENTRAL,58464
DO1002261928,LE090427,BCENTRAL/ LT 20270409 GTIA,330000,DOP,33,0,93.258324,14/08/2026,11:13:38 AM,PLAZO,PRIMERA PARTE,ROTC,14/09/2026,CONFIRMADA,3282480,0,09/04/2026,09/04/2027,0,BANCO CENTRAL DE LA REPUBLICA DOMINICANA,BCENTRAL,54635
DO1002261928,LE090427,BCENTRAL/ LT 20270409 GTIA,130000,DOP,13,40.6741,94.350185,14/08/2026,11:13:37 AM,PRESTAMO,SEGUNDA PARTE,ROTC,15/02/2027,CONFIRMADA,3282482,0,09/04/2026,09/04/2027,0.255912,BANCO CENTRAL DE LA REPUBLICA DOMINICANA,BCENTRAL,58254
DO1002261928,LE090427,BCENTRAL/ LT 20270409 GTIA,130000,DOP,13,9.5899,94.108731,14/08/2026,11:13:37 AM,PRESTAMO,PRIMERA PARTE,ROTC,17/08/2026,CONFIRMADA,3282482,0,09/04/2026,09/04/2027,0.255912,BANCO CENTRAL DE LA REPUBLICA DOMINICANA,BCENTRAL,58142
DO1002261928,LE090427,BCENTRAL/ LT 20270409 GTIA,130000,DOP,13,40.6741,94.350185,14/08/2026,11:13:36 AM,PLAZO,PRIMERA PARTE,ROTC,15/02/2027,CONFIRMADA,3282483,0,09/04/2026,09/04/2027,0,BANCO CENTRAL DE LA REPUBLICA DOMINICANA,BCENTRAL,56707
DO1002261928,LE090427,BCENTRAL/ LT 20270409 GTIA,1850000,DOP,185,12.299,94.449954,14/08/2026,11:13:34 AM,PRESTAMO,SEGUNDA PARTE,ROTC,19/10/2026,CONFIRMADA,3282485,0,09/04/2026,09/04/2027,0.0783,BANCO CENTRAL DE LA REPUBLICA DOMINICANA,BCENTRAL,58821
DO1002261928,LE090427,BCENTRAL/ LT 20270409 GTIA,1850000,DOP,185,9.1679,94.376,14/08/2026,11:13:34 AM,PRESTAMO,PRIMERA PARTE,ROTC,18/08/2026,CONFIRMADA,3282485,0,09/04/2026,09/04/2027,0.0783,BANCO CENTRAL DE LA REPUBLICA DOMINICANA,BCENTRAL,57848
DO1002261928,LE090427,BCENTRAL/ LT 20270409 GTIA,1850000,DOP,185,12.299,94.449954,14/08/2026,11:13:33 AM,PLAZO,PRIMERA PARTE,ROTC,19/10/2026,CONFIRMADA,3282486,0,09/04/2026,09/04/2027,0,BANCO CENTRAL DE LA REPUBLICA DOMINICANA,BCENTRAL,57274
DO1002261928,LE090427,BCENTRAL/ LT 20270409 GTIA,20000,DOP,2,-18.701,112.04875,14/08/2026,11:13:32 AM,PRESTAMO,SEGUNDA PARTE,ROTC,14/09/2026,CONFIRMADA,3282488,0,09/04/2026,09/04/2027,0.773279,BANCO CENTRAL DE LA REPUBLICA DOMINICANA,BCENTRAL,57449
DO1002261928,LE090427,BCENTRAL/ LT 20270409 GTIA,20000,DOP,2,-15.213,111.1823,14/08/2026,11:13:32 AM,PRESTAMO,PRIMERA PARTE,ROTC,14/08/2026,CONFIRMADA,3282488,0,09/04/2026,09/04/2027,0.773279,BANCO CENTRAL DE LA REPUBLICA DOMINICANA,BCENTRAL,57057
DO1002261928,LE090427,BCENTRAL/ LT 20270409 GTIA,20000,DOP,2,-18.701,112.04875,14/08/2026,11:13:31 AM,PLAZO,PRIMERA PARTE,ROTC,14/09/2026,CONFIRMADA,3282489,0,09/04/2026,09/04/2027,0,BANCO CENTRAL DE LA REPUBLICA DOMINICANA,BCENTRAL,55902
DO1005208322,MHUS2040,HACIENDA/6.75 BOEST 20400724 GTIA,5000,USD,5,3.9447,129.172,14/08/2026,11:13:30 AM,PRESTAMO,SEGUNDA PARTE,ROTC,18/01/2027,CONFIRMADA,3282491,0,24/07/2020,24/07/2040,2.123916,MINISTERIO DE HACIENDA,HACIENDA,59346
DO1005208322,MHUS2040,HACIENDA/6.75 BOEST 20400724 GTIA,5000,USD,5,3.964,129.6218,14/08/2026,11:13:30 AM,PRESTAMO,PRIMERA PARTE,ROTC,14/08/2026,CONFIRMADA,3282491,0,24/07/2020,24/07/2040,2.123916,MINISTERIO DE HACIENDA,HACIENDA,59437
DO1005208322,MHUS2040,HACIENDA/6.75 BOEST 20400724 GTIA,5000,USD,5,3.9447,129.172,14/08/2026,11:13:29 AM,PLAZO,PRIMERA PARTE,ROTC,18/01/2027,CONFIRMADA,3282492,0,24/07/2020,24/07/2040,0,MINISTERIO DE HACIENDA,HACIENDA,57862
DO1002261928,LE090427,BCENTRAL/ LT 20270409 GTIA,20000,DOP,2,-12.744,107.8253,14/08/2026,11:13:28 AM,PRESTAMO,SEGUNDA PARTE,ROTC,16/09/2026,CONFIRMADA,3282494,0,09/04/2026,09/04/2027,0.748526,BANCO CENTRAL DE LA REPUBLICA DOMINICANA,BCENTRAL,57155
DO1002261928,LE090427,BCENTRAL/ LT 20270409 GTIA,20000,DOP,2,-10.046,107.0182,14/08/2026,11:13:28 AM,PRESTAMO,PRIMERA PARTE,ROTC,17/08/2026,CONFIRMADA,3282494,0,09/04/2026,09/04/2027,0.748526,BANCO CENTRAL DE LA REPUBLICA DOMINICANA,BCENTRAL,57120
DO1002261928,LE090427,BCENTRAL/ LT 20270409 GTIA,20000,DOP,2,-12.744,107.8253,14/08/2026,11:13:27 AM,PLAZO,PRIMERA PARTE,ROTC,16/09/2026,CONFIRMADA,3282495,0,09/04/2026,09/04/2027,0,BANCO CENTRAL DE LA REPUBLICA DOMINICANA,BCENTRAL,55608
DO1005207118,MHUS2026,HACIENDA/6.65 BOEST 20261227 GTIA,24000,USD,24,0,101.317333,14/08/2026,11:13:25 AM,PRESTAMO,SEGUNDA PARTE,ROTC,14/12/2026,CONFIRMADA,3282497,0,27/12/2019,27/12/2026,2.273788,MINISTERIO DE HACIENDA,HACIENDA,59248
DO1005207118,MHUS2026,HACIENDA/6.65 BOEST 20261227 GTIA,24000,USD,24,1.105,102.040417,14/08/2026,11:13:25 AM,PRESTAMO,PRIMERA PARTE,ROTC,14/08/2026,CONFIRMADA,3282497,0,27/12/2019,27/12/2026,2.273788,MINISTERIO DE HACIENDA,HACIENDA,60704
DO1005207118,MHUS2026,HACIENDA/6.65 BOEST 20261227 GTIA,24000,USD,24,0,101.317333,14/08/2026,11:13:24 AM,PLAZO,PRIMERA PARTE,ROTC,14/12/2026,CONFIRMADA,3282498,0,27/12/2019,27/12/2026,0,MINISTERIO DE HACIENDA,HACIENDA,57701
DO1005207118,MHUS2026,HACIENDA/6.65 BOEST 20261227 GTIA,5000,USD,5,-20.394,103.1868,14/08/2026,11:13:23 AM,PRESTAMO,SEGUNDA PARTE,ROTC,17/11/2026,CONFIRMADA,3282500,0,27/12/2019,27/12/2026,1.964039,MINISTERIO DE HACIENDA,HACIENDA,60032
DO1005207118,MHUS2026,HACIENDA/6.65 BOEST 20261227 GTIA,5000,USD,5,-3.6103,103.7144,14/08/2026,11:13:23 AM,PRESTAMO,PRIMERA PARTE,ROTC,19/08/2026,CONFIRMADA,3282500,0,27/12/2019,27/12/2026,1.964039,MINISTERIO DE HACIENDA,HACIENDA,60067
DO1005207118,MHUS2026,HACIENDA/6.65 BOEST 20261227 GTIA,5000,USD,5,-20.394,103.1868,14/08/2026,11:13:22 AM,PLAZO,PRIMERA PARTE,ROTC,17/11/2026,CONFIRMADA,3282501,0,27/12/2019,27/12/2026,0,MINISTERIO DE HACIENDA,HACIENDA,58485
DO1002261928,LE090427,BCENTRAL/ LT 20270409 GTIA,15480000,DOP,1548,9.0867,95.10304,14/08/2026,11:13:20 AM,PRESTAMO,SEGUNDA PARTE,ROTC,17/09/2026,CONFIRMADA,3282520,0,09/04/2026,09/04/2027,0.828359,BANCO CENTRAL DE LA REPUBLICA DOMINICANA,BCENTRAL,59087
DO1002261928,LE090427,BCENTRAL/ LT 20270409 GTIA,15480000,DOP,1548,9.2335,94.315245,14/08/2026,11:13:20 AM,PRESTAMO,PRIMERA PARTE,ROTC,17/08/2026,CONFIRMADA,3282520,0,09/04/2026,09/04/2027,0.828359,BANCO CENTRAL DE LA REPUBLICA DOMINICANA,BCENTRAL,59500
DO1002261928,LE090427,BCENTRAL/ LT 20270409 GTIA,15480000,DOP,1548,9.0867,95.10304,14/08/2026,11:13:19 AM,PLAZO,PRIMERA PARTE,ROTC,17/09/2026,CONFIRMADA,3282521,0,09/04/2026,09/04/2027,0,BANCO CENTRAL DE LA REPUBLICA DOMINICANA,BCENTRAL,57603
DO1002261928,LE090427,BCENTRAL/ LT 20270409 GTIA,15480000,DOP,1548,10.6366,94.315245,14/08/2026,11:13:18 AM,PLAZO,PRIMERA PARTE,ROTC,17/09/2026,CONFIRMADA,3282522,0,09/04/2026,09/04/2027,0,BANCO CENTRAL DE LA REPUBLICA DOMINICANA,BCENTRAL,58289
DO1002261928,LE090427,BCENTRAL/ LT 20270409 GTIA,15480000,DOP,1548,10.7081,95.052214,14/08/2026,11:13:17 AM,PRESTAMO,SEGUNDA PARTE,ROTC,16/10/2026,CONFIRMADA,3282523,0,09/04/2026,09/04/2027,0.775331,BANCO CENTRAL DE LA REPUBLICA DOMINICANA,BCENTRAL,59689
DO1002261928,LE090427,BCENTRAL/ LT 20270409 GTIA,15480000,DOP,1548,10.6366,94.315245,14/08/2026,11:13:17 AM,PRESTAMO,PRIMERA PARTE,ROTC,17/09/2026,CONFIRMADA,3282523,0,09/04/2026,09/04/2027,0.775331,BANCO CENTRAL DE LA REPUBLICA DOMINICANA,BCENTRAL,59885
DO1002261928,LE090427,BCENTRAL/ LT 20270409 GTIA,15480000,DOP,1548,10.7081,95.052214,14/08/2026,11:13:15 AM,PLAZO,PRIMERA PARTE,ROTC,16/10/2026,CONFIRMADA,3282524,0,09/04/2026,09/04/2027,0,BANCO CENTRAL DE LA REPUBLICA DOMINICANA,BCENTRAL,58135
DO1002261928,LE090427,BCENTRAL/ LT 20270409 GTIA,15480000,DOP,1548,12.3992,94.315245,14/08/2026,11:13:14 AM,PLAZO,PRIMERA PARTE,ROTC,16/10/2026,CONFIRMADA,3282525,0,09/04/2026,09/04/2027,0,BANCO CENTRAL DE LA REPUBLICA DOMINICANA,BCENTRAL,58226
DO1002261928,LE090427,BCENTRAL/ LT 20270409 GTIA,15480000,DOP,1548,12.8921,95.128453,14/08/2026,11:13:13 AM,PRESTAMO,SEGUNDA PARTE,ROTC,17/11/2026,CONFIRMADA,3282526,0,09/04/2026,09/04/2027,0.854852,BANCO CENTRAL DE LA REPUBLICA DOMINICANA,BCENTRAL,59780
DO1002261928,LE090427,BCENTRAL/ LT 20270409 GTIA,15480000,DOP,1548,12.3992,94.315245,14/08/2026,11:13:13 AM,PRESTAMO,PRIMERA PARTE,ROTC,16/10/2026,CONFIRMADA,3282526,0,09/04/2026,09/04/2027,0.854852,BANCO CENTRAL DE LA REPUBLICA DOMINICANA,BCENTRAL,59822
DO1002261928,LE090427,BCENTRAL/ LT 20270409 GTIA,15480000,DOP,1548,12.8921,95.128453,14/08/2026,11:13:11 AM,PLAZO,PRIMERA PARTE,ROTC,17/11/2026,CONFIRMADA,3282527,0,09/04/2026,09/04/2027,0,BANCO CENTRAL DE LA REPUBLICA DOMINICANA,BCENTRAL,58226
DO1002261928,LE090427,BCENTRAL/ LT 20270409 GTIA,15480000,DOP,1548,15.1739,94.315245,14/08/2026,11:13:10 AM,PLAZO,PRIMERA PARTE,ROTC,17/11/2026,CONFIRMADA,3282528,0,09/04/2026,09/04/2027,0,BANCO CENTRAL DE LA REPUBLICA DOMINICANA,BCENTRAL,58212
DO1002261928,LE090427,BCENTRAL/ LT 20270409 GTIA,15480000,DOP,1548,16.4938,95.077627,14/08/2026,11:13:09 AM,PRESTAMO,SEGUNDA PARTE,ROTC,17/12/2026,CONFIRMADA,3282529,0,09/04/2026,09/04/2027,0.801852,BANCO CENTRAL DE LA REPUBLICA DOMINICANA,BCENTRAL,59920
DO1002261928,LE090427,BCENTRAL/ LT 20270409 GTIA,15480000,DOP,1548,15.1739,94.315245,14/08/2026,11:13:09 AM,PRESTAMO,PRIMERA PARTE,ROTC,17/11/2026,CONFIRMADA,3282529,0,09/04/2026,09/04/2027,0.801852,BANCO CENTRAL DE LA REPUBLICA DOMINICANA,BCENTRAL,59871
DO1002261928,LE090427,BCENTRAL/ LT 20270409 GTIA,15480000,DOP,1548,16.4938,95.077627,14/08/2026,11:13:08 AM,PLAZO,PRIMERA PARTE,ROTC,17/12/2026,CONFIRMADA,3282530,0,09/04/2026,09/04/2027,0,BANCO CENTRAL DE LA REPUBLICA DOMINICANA,BCENTRAL,58373
DO1002261928,LE090427,BCENTRAL/ LT 20270409 GTIA,15480000,DOP,1548,19.2023,94.315245,14/08/2026,11:13:06 AM,PLAZO,PRIMERA PARTE,ROTC,17/12/2026,CONFIRMADA,3282531,0,09/04/2026,09/04/2027,0,BANCO CENTRAL DE LA REPUBLICA DOMINICANA,BCENTRAL,58191
DO1002261928,LE090427,BCENTRAL/ LT 20270409 GTIA,15480000,DOP,1548,22.3086,95.052214,14/08/2026,11:13:05 AM,PRESTAMO,SEGUNDA PARTE,ROTC,15/01/2027,CONFIRMADA,3282532,0,09/04/2026,09/04/2027,0.775331,BANCO CENTRAL DE LA REPUBLICA DOMINICANA,BCENTRAL,59696
DO1002261928,LE090427,BCENTRAL/ LT 20270409 GTIA,15480000,DOP,1548,19.2023,94.315245,14/08/2026,11:13:05 AM,PRESTAMO,PRIMERA PARTE,ROTC,17/12/2026,CONFIRMADA,3282532,0,09/04/2026,09/04/2027,0.775331,BANCO CENTRAL DE LA REPUBLICA DOMINICANA,BCENTRAL,59787
DO1002261928,LE090427,BCENTRAL/ LT 20270409 GTIA,15480000,DOP,1548,22.3086,95.052214,14/08/2026,11:13:04 AM,PLAZO,PRIMERA PARTE,ROTC,15/01/2027,CONFIRMADA,3282533,0,09/04/2026,09/04/2027,0,BANCO CENTRAL DE LA REPUBLICA DOMINICANA,BCENTRAL,58149
DO1002261928,LE090427,BCENTRAL/ LT 20270409 GTIA,15480000,DOP,1548,25.8317,94.315245,14/08/2026,11:13:03 AM,PLAZO,PRIMERA PARTE,ROTC,15/01/2027,CONFIRMADA,3282534,0,09/04/2026,09/04/2027,0,BANCO CENTRAL DE LA REPUBLICA DOMINICANA,BCENTRAL,58212
DO1002261928,LE090427,BCENTRAL/ LT 20270409 GTIA,15480000,DOP,1548,35.9502,95.153865,14/08/2026,11:13:01 AM,PRESTAMO,SEGUNDA PARTE,ROTC,17/02/2027,CONFIRMADA,3282535,0,09/04/2026,09/04/2027,0.88133,BANCO CENTRAL DE LA REPUBLICA DOMINICANA,BCENTRAL,59808
DO1002261928,LE090427,BCENTRAL/ LT 20270409 GTIA,15480000,DOP,1548,25.8317,94.315245,14/08/2026,11:13:01 AM,PRESTAMO,PRIMERA PARTE,ROTC,15/01/2027,CONFIRMADA,3282535,0,09/04/2026,09/04/2027,0.88133,BANCO CENTRAL DE LA REPUBLICA DOMINICANA,BCENTRAL,59801
DO1002261928,LE090427,BCENTRAL/ LT 20270409 GTIA,15480000,DOP,1548,35.9502,95.153865,14/08/2026,11:13:00 AM,PLAZO,PRIMERA PARTE,ROTC,17/02/2027,CONFIRMADA,3282536,0,09/04/2026,09/04/2027,0,BANCO CENTRAL DE LA REPUBLICA DOMINICANA,BCENTRAL,58261
DO1002261928,LE090427,BCENTRAL/ LT 20270409 GTIA,15900000,DOP,1590,8.9912,95.151992,14/08/2026,11:12:59 AM,PRESTAMO,SEGUNDA PARTE,ROTC,17/09/2026,CONFIRMADA,3282538,0,09/04/2026,09/04/2027,0.853759,BANCO CENTRAL DE LA REPUBLICA DOMINICANA,BCENTRAL,59584
DO1002261928,LE090427,BCENTRAL/ LT 20270409 GTIA,15900000,DOP,1590,9.1915,94.339623,14/08/2026,11:12:59 AM,PRESTAMO,PRIMERA PARTE,ROTC,17/08/2026,CONFIRMADA,3282538,0,09/04/2026,09/04/2027,0.853759,BANCO CENTRAL DE LA REPUBLICA DOMINICANA,BCENTRAL,59598
DO1002261928,LE090427,BCENTRAL/ LT 20270409 GTIA,15900000,DOP,1590,8.9912,95.151992,14/08/2026,11:12:58 AM,PLAZO,PRIMERA PARTE,ROTC,17/09/2026,CONFIRMADA,3282539,0,09/04/2026,09/04/2027,0,BANCO CENTRAL DE LA REPUBLICA DOMINICANA,BCENTRAL,58037
DO1002261928,LE090427,BCENTRAL/ LT 20270409 GTIA,15900000,DOP,1590,10.5882,94.339623,14/08/2026,11:12:57 AM,PLAZO,PRIMERA PARTE,ROTC,17/09/2026,CONFIRMADA,3282540,0,09/04/2026,09/04/2027,0,BANCO CENTRAL DE LA REPUBLICA DOMINICANA,BCENTRAL,58317
DO1002261928,LE090427,BCENTRAL/ LT 20270409 GTIA,15900000,DOP,1590,10.6003,95.099581,14/08/2026,11:12:56 AM,PRESTAMO,SEGUNDA PARTE,ROTC,16/10/2026,CONFIRMADA,3282541,0,09/04/2026,09/04/2027,0.799118,BANCO CENTRAL DE LA REPUBLICA DOMINICANA,BCENTRAL,59738
DO1002261928,LE090427,BCENTRAL/ LT 20270409 GTIA,15900000,DOP,1590,10.5882,94.339623,14/08/2026,11:12:56 AM,PRESTAMO,PRIMERA PARTE,ROTC,17/09/2026,CONFIRMADA,3282541,0,09/04/2026,09/04/2027,0.799118,BANCO CENTRAL DE LA REPUBLICA DOMINICANA,BCENTRAL,59913
DO1002261928,LE090427,BCENTRAL/ LT 20270409 GTIA,15900000,DOP,1590,10.6003,95.099581,14/08/2026,11:12:55 AM,PLAZO,PRIMERA PARTE,ROTC,16/10/2026,CONFIRMADA,3282542,0,09/04/2026,09/04/2027,0,BANCO CENTRAL DE LA REPUBLICA DOMINICANA,BCENTRAL,58191
DO1002261928,LE090427,BCENTRAL/ LT 20270409 GTIA,15900000,DOP,1590,12.3429,94.339623,14/08/2026,11:12:54 AM,PLAZO,PRIMERA PARTE,ROTC,16/10/2026,CONFIRMADA,3282543,0,09/04/2026,09/04/2027,0,BANCO CENTRAL DE LA REPUBLICA DOMINICANA,BCENTRAL,58212
DO1002261928,LE090427,BCENTRAL/ LT 20270409 GTIA,15900000,DOP,1590,12.7538,95.178197,14/08/2026,11:12:52 AM,PRESTAMO,SEGUNDA PARTE,ROTC,17/11/2026,CONFIRMADA,3282544,0,09/04/2026,09/04/2027,0.881057,BANCO CENTRAL DE LA REPUBLICA DOMINICANA,BCENTRAL,59843
DO1002261928,LE090427,BCENTRAL/ LT 20270409 GTIA,15900000,DOP,1590,12.3429,94.339623,14/08/2026,11:12:52 AM,PRESTAMO,PRIMERA PARTE,ROTC,16/10/2026,CONFIRMADA,3282544,0,09/04/2026,09/04/2027,0.881057,BANCO CENTRAL DE LA REPUBLICA DOMINICANA,BCENTRAL,59801
DO1002261928,LE090427,BCENTRAL/ LT 20270409 GTIA,15900000,DOP,1590,12.7538,95.178197,14/08/2026,11:12:51 AM,PLAZO,PRIMERA PARTE,ROTC,17/11/2026,CONFIRMADA,3282545,0,09/04/2026,09/04/2027,0,BANCO CENTRAL DE LA REPUBLICA DOMINICANA,BCENTRAL,58296
DO1002261928,LE090427,BCENTRAL/ LT 20270409 GTIA,15900000,DOP,1590,15.1049,94.339623,14/08/2026,11:12:50 AM,PLAZO,PRIMERA PARTE,ROTC,17/11/2026,CONFIRMADA,3282546,0,09/04/2026,09/04/2027,0,BANCO CENTRAL DE LA REPUBLICA DOMINICANA,BCENTRAL,58191
DO1002261928,LE090427,BCENTRAL/ LT 20270409 GTIA,15900000,DOP,1590,16.3241,95.125786,14/08/2026,11:12:49 AM,PRESTAMO,SEGUNDA PARTE,ROTC,17/12/2026,CONFIRMADA,3282547,0,09/04/2026,09/04/2027,0.826446,BANCO CENTRAL DE LA REPUBLICA DOMINICANA,BCENTRAL,59801
DO1002261928,LE090427,BCENTRAL/ LT 20270409 GTIA,15900000,DOP,1590,15.1049,94.339623,14/08/2026,11:12:49 AM,PRESTAMO,PRIMERA PARTE,ROTC,17/11/2026,CONFIRMADA,3282547,0,09/04/2026,09/04/2027,0.826446,BANCO CENTRAL DE LA REPUBLICA DOMINICANA,BCENTRAL,59850
DO1002261928,LE090427,BCENTRAL/ LT 20270409 GTIA,15900000,DOP,1590,16.3241,95.125786,14/08/2026,11:12:48 AM,PLAZO,PRIMERA PARTE,ROTC,17/12/2026,CONFIRMADA,3282548,0,09/04/2026,09/04/2027,0,BANCO CENTRAL DE LA REPUBLICA DOMINICANA,BCENTRAL,58254
DO1002261928,LE090427,BCENTRAL/ LT 20270409 GTIA,15900000,DOP,1590,19.115,94.339623,14/08/2026,11:12:47 AM,PLAZO,PRIMERA PARTE,ROTC,17/12/2026,CONFIRMADA,3282549,0,09/04/2026,09/04/2027,0,BANCO CENTRAL DE LA REPUBLICA DOMINICANA,BCENTRAL,57883
DO1002261928,LE090427,BCENTRAL/ LT 20270409 GTIA,15900000,DOP,1590,22.084,95.099581,14/08/2026,11:12:45 AM,PRESTAMO,SEGUNDA PARTE,ROTC,15/01/2027,CONFIRMADA,3282550,0,09/04/2026,09/04/2027,0.799118,BANCO CENTRAL DE LA REPUBLICA DOMINICANA,BCENTRAL,59430
DO1002261928,LE090427,BCENTRAL/ LT 20270409 GTIA,15900000,DOP,1590,19.115,94.339623,14/08/2026,11:12:45 AM,PRESTAMO,PRIMERA PARTE,ROTC,17/12/2026,CONFIRMADA,3282550,0,09/04/2026,09/04/2027,0.799118,BANCO CENTRAL DE LA REPUBLICA DOMINICANA,BCENTRAL,59472
DO1002261928,LE090427,BCENTRAL/ LT 20270409 GTIA,15900000,DOP,1590,22.084,95.099581,14/08/2026,11:12:44 AM,PLAZO,PRIMERA PARTE,ROTC,15/01/2027,CONFIRMADA,3282551,0,09/04/2026,09/04/2027,0,BANCO CENTRAL DE LA REPUBLICA DOMINICANA,BCENTRAL,57883
DO1002261928,LE090427,BCENTRAL/ LT 20270409 GTIA,15900000,DOP,1590,25.7143,94.339623,14/08/2026,11:12:43 AM,PLAZO,PRIMERA PARTE,ROTC,15/01/2027,CONFIRMADA,3282552,0,09/04/2026,09/04/2027,0,BANCO CENTRAL DE LA REPUBLICA DOMINICANA,BCENTRAL,58205
DO1002261928,LE090427,BCENTRAL/ LT 20270409 GTIA,15900000,DOP,1590,35.5564,95.204403,14/08/2026,11:12:42 AM,PRESTAMO,SEGUNDA PARTE,ROTC,17/02/2027,CONFIRMADA,3282553,0,09/04/2026,09/04/2027,0.90834,BANCO CENTRAL DE LA REPUBLICA DOMINICANA,BCENTRAL,59717
DO1002261928,LE090427,BCENTRAL/ LT 20270409 GTIA,15900000,DOP,1590,25.7143,94.339623,14/08/2026,11:12:42 AM,PRESTAMO,PRIMERA PARTE,ROTC,15/01/2027,CONFIRMADA,3282553,0,09/04/2026,09/04/2027,0.90834,BANCO CENTRAL DE LA REPUBLICA DOMINICANA,BCENTRAL,59801
DO1002261928,LE090427,BCENTRAL/ LT 20270409 GTIA,15900000,DOP,1590,35.5564,95.204403,14/08/2026,11:12:41 AM,PLAZO,PRIMERA PARTE,ROTC,17/02/2027,CONFIRMADA,3282554,0,09/04/2026,09/04/2027,0,BANCO CENTRAL DE LA REPUBLICA DOMINICANA,BCENTRAL,58170
DO1005205419,MH42026,HACIENDA/11 BOEST 20261204 GTIA,1000000,DOP,10,40.9394,96.128721,14/08/2026,11:12:39 AM,PRESTAMO,SEGUNDA PARTE,ROTC,13/10/2026,CONFIRMADA,3282572,0,04/06/2016,04/12/2026,2.214694,MINISTERIO DE HACIENDA,HACIENDA,60165
DO1005205419,MH42026,HACIENDA/11 BOEST 20261204 GTIA,1000000,DOP,10,18.3354,97.860274,14/08/2026,11:12:39 AM,PRESTAMO,PRIMERA PARTE,ROTC,14/08/2026,CONFIRMADA,3282572,0,04/06/2016,04/12/2026,2.214694,MINISTERIO DE HACIENDA,HACIENDA,60298
DO1005205419,MH42026,HACIENDA/11 BOEST 20261204 GTIA,1000000,DOP,10,40.9394,96.128721,14/08/2026,11:12:38 AM,PLAZO,PRIMERA PARTE,ROTC,13/10/2026,CONFIRMADA,3282573,0,04/06/2016,04/12/2026,0,MINISTERIO DE HACIENDA,HACIENDA,58618
DO1002261928,LE090427,BCENTRAL/ LT 20270409 GTIA,850000,DOP,85,0,98.682394,14/08/2026,11:12:37 AM,PRESTAMO,SEGUNDA PARTE,ROTC,10/02/2027,CONFIRMADA,3282575,0,09/04/2026,09/04/2027,4.625656,BANCO CENTRAL DE LA REPUBLICA DOMINICANA,BCENTRAL,56280
DO1002261928,LE090427,BCENTRAL/ LT 20270409 GTIA,850000,DOP,85,9.4537,94.117686,14/08/2026,11:12:37 AM,PRESTAMO,PRIMERA PARTE,ROTC,14/08/2026,CONFIRMADA,3282575,0,09/04/2026,09/04/2027,4.625656,BANCO CENTRAL DE LA REPUBLICA DOMINICANA,BCENTRAL,58219
DO1002261928,LE090427,BCENTRAL/ LT 20270409 GTIA,850000,DOP,85,0,98.682394,14/08/2026,11:12:36 AM,PLAZO,PRIMERA PARTE,ROTC,10/02/2027,CONFIRMADA,3282576,0,09/04/2026,09/04/2027,0,BANCO CENTRAL DE LA REPUBLICA DOMINICANA,BCENTRAL,54733
DO1002261928,LE090427,BCENTRAL/ LT 20270409 GTIA,1060000,DOP,106,7.4455,98.915746,14/08/2026,11:12:34 AM,PRESTAMO,SEGUNDA PARTE,ROTC,15/02/2027,CONFIRMADA,3282578,0,09/04/2026,09/04/2027,4.628688,BANCO CENTRAL DE LA REPUBLICA DOMINICANA,BCENTRAL,58723
DO1002261928,LE090427,BCENTRAL/ LT 20270409 GTIA,1060000,DOP,106,9.1956,94.337245,14/08/2026,11:12:34 AM,PRESTAMO,PRIMERA PARTE,ROTC,17/08/2026,CONFIRMADA,3282578,0,09/04/2026,09/04/2027,4.628688,BANCO CENTRAL DE LA REPUBLICA DOMINICANA,BCENTRAL,58786
DO1002261928,LE090427,BCENTRAL/ LT 20270409 GTIA,1060000,DOP,106,7.4455,98.915746,14/08/2026,11:12:33 AM,PLAZO,PRIMERA PARTE,ROTC,15/02/2027,CONFIRMADA,3282579,0,09/04/2026,09/04/2027,0,BANCO CENTRAL DE LA REPUBLICA DOMINICANA,BCENTRAL,57176
DO1002261928,LE090427,BCENTRAL/ LT 20270409 GTIA,610000,DOP,61,0,99.667316,14/08/2026,11:12:32 AM,PRESTAMO,SEGUNDA PARTE,ROTC,15/02/2027,CONFIRMADA,3282581,0,09/04/2026,09/04/2027,4.674649,BANCO CENTRAL DE LA REPUBLICA DOMINICANA,BCENTRAL,56182
DO1002261928,LE090427,BCENTRAL/ LT 20270409 GTIA,610000,DOP,61,8.0488,95.00822,14/08/2026,11:12:32 AM,PRESTAMO,PRIMERA PARTE,ROTC,17/08/2026,CONFIRMADA,3282581,0,09/04/2026,09/04/2027,4.674649,BANCO CENTRAL DE LA REPUBLICA DOMINICANA,BCENTRAL,57673
DO1002261928,LE090427,BCENTRAL/ LT 20270409 GTIA,610000,DOP,61,0,99.667316,14/08/2026,11:12:31 AM,PLAZO,PRIMERA PARTE,ROTC,15/02/2027,CONFIRMADA,3282582,0,09/04/2026,09/04/2027,0,BANCO CENTRAL DE LA REPUBLICA DOMINICANA,BCENTRAL,54635
DO1005207118,MHUS2026,HACIENDA/6.65 BOEST 20261227 GTIA,30000,USD,30,-3.5143,102.035033,14/08/2026,11:12:30 AM,PRESTAMO,SEGUNDA PARTE,ROTC,16/10/2026,CONFIRMADA,3282584,0,27/12/2019,27/12/2026,1.588066,MINISTERIO DE HACIENDA,HACIENDA,61229
DO1005207118,MHUS2026,HACIENDA/6.65 BOEST 20261227 GTIA,30000,USD,30,2e-4,102.404867,14/08/2026,11:12:30 AM,PRESTAMO,PRIMERA PARTE,ROTC,17/08/2026,CONFIRMADA,3282584,0,27/12/2019,27/12/2026,1.588066,MINISTERIO DE HACIENDA,HACIENDA,61040
DO1005207118,MHUS2026,HACIENDA/6.65 BOEST 20261227 GTIA,30000,USD,30,-3.5143,102.035033,14/08/2026,11:12:29 AM,PLAZO,PRIMERA PARTE,ROTC,16/10/2026,CONFIRMADA,3282585,0,27/12/2019,27/12/2026,0,MINISTERIO DE HACIENDA,HACIENDA,59745
DO1002261928,LE090427,BCENTRAL/ LT 20270409 GTIA,420000,DOP,42,1.2002,99.807007,14/08/2026,11:12:27 AM,PRESTAMO,SEGUNDA PARTE,ROTC,10/02/2027,CONFIRMADA,3282587,0,09/04/2026,09/04/2027,4.580151,BANCO CENTRAL DE LA REPUBLICA DOMINICANA,BCENTRAL,57813
DO1002261928,LE090427,BCENTRAL/ LT 20270409 GTIA,420000,DOP,42,7.567,95.235695,14/08/2026,11:12:27 AM,PRESTAMO,PRIMERA PARTE,ROTC,14/08/2026,CONFIRMADA,3282587,0,09/04/2026,09/04/2027,4.580151,BANCO CENTRAL DE LA REPUBLICA DOMINICANA,BCENTRAL,57771
DO1002261928,LE090427,BCENTRAL/ LT 20270409 GTIA,420000,DOP,42,1.2002,99.807007,14/08/2026,11:12:26 AM,PLAZO,PRIMERA PARTE,ROTC,10/02/2027,CONFIRMADA,3282588,0,09/04/2026,09/04/2027,0,BANCO CENTRAL DE LA REPUBLICA DOMINICANA,BCENTRAL,56266
DO1002261928,LE090427,BCENTRAL/ LT 20270409 GTIA,280000,DOP,28,10.1047,96.01155,14/08/2026,11:12:25 AM,PRESTAMO,SEGUNDA PARTE,ROTC,12/11/2026,CONFIRMADA,3282590,0,09/04/2026,09/04/2027,2.319903,BANCO CENTRAL DE LA REPUBLICA DOMINICANA,BCENTRAL,57827
DO1002261928,LE090427,BCENTRAL/ LT 20270409 GTIA,280000,DOP,28,10.0252,93.784175,14/08/2026,11:12:25 AM,PRESTAMO,PRIMERA PARTE,ROTC,14/08/2026,CONFIRMADA,3282590,0,09/04/2026,09/04/2027,2.319903,BANCO CENTRAL DE LA REPUBLICA DOMINICANA,BCENTRAL,58380
DO1002261928,LE090427,BCENTRAL/ LT 20270409 GTIA,280000,DOP,28,10.1047,96.01155,14/08/2026,11:12:24 AM,PLAZO,PRIMERA PARTE,ROTC,12/11/2026,CONFIRMADA,3282591,0,09/04/2026,09/04/2027,0,BANCO CENTRAL DE LA REPUBLICA DOMINICANA,BCENTRAL,56280
DO1005207118,MHUS2026,HACIENDA/6.65 BOEST 20261227 GTIA,4000,USD,4,71.7455,89.1665,14/08/2026,11:12:23 AM,PRESTAMO,SEGUNDA PARTE,ROTC,13/10/2026,CONFIRMADA,3282593,0,27/12/2019,27/12/2026,1.654702,MINISTERIO DE HACIENDA,HACIENDA,59794
DO1005207118,MHUS2026,HACIENDA/6.65 BOEST 20261227 GTIA,4000,USD,4,39.3858,89.62625,14/08/2026,11:12:23 AM,PRESTAMO,PRIMERA PARTE,ROTC,14/08/2026,CONFIRMADA,3282593,0,27/12/2019,27/12/2026,1.654702,MINISTERIO DE HACIENDA,HACIENDA,60319
DO1005207118,MHUS2026,HACIENDA/6.65 BOEST 20261227 GTIA,4000,USD,4,71.7455,89.1665,14/08/2026,11:12:22 AM,PLAZO,PRIMERA PARTE,ROTC,13/10/2026,CONFIRMADA,3282594,0,27/12/2019,27/12/2026,0,MINISTERIO DE HACIENDA,HACIENDA,58247
DO1002261928,LE090427,BCENTRAL/ LT 20270409 GTIA,30000,DOP,3,-12.033,107.433267,14/08/2026,11:12:21 AM,PRESTAMO,SEGUNDA PARTE,ROTC,14/09/2026,CONFIRMADA,3282596,0,09/04/2026,09/04/2027,0.773286,BANCO CENTRAL DE LA REPUBLICA DOMINICANA,BCENTRAL,57757
DO1002261928,LE090427,BCENTRAL/ LT 20270409 GTIA,30000,DOP,3,-9.3684,106.6025,14/08/2026,11:12:21 AM,PRESTAMO,PRIMERA PARTE,ROTC,14/08/2026,CONFIRMADA,3282596,0,09/04/2026,09/04/2027,0.773286,BANCO CENTRAL DE LA REPUBLICA DOMINICANA,BCENTRAL,57197
DO1002261928,LE090427,BCENTRAL/ LT 20270409 GTIA,30000,DOP,3,-12.033,107.433267,14/08/2026,11:12:20 AM,PLAZO,PRIMERA PARTE,ROTC,14/09/2026,CONFIRMADA,3282597,0,09/04/2026,09/04/2027,0,BANCO CENTRAL DE LA REPUBLICA DOMINICANA,BCENTRAL,56210
DO1002261928,LE090427,BCENTRAL/ LT 20270409 GTIA,1460000,DOP,146,9.7078,94.713141,14/08/2026,11:12:18 AM,PRESTAMO,SEGUNDA PARTE,ROTC,14/09/2026,CONFIRMADA,3282599,0,09/04/2026,09/04/2027,0.773279,BANCO CENTRAL DE LA REPUBLICA DOMINICANA,BCENTRAL,58737
DO1002261928,LE090427,BCENTRAL/ LT 20270409 GTIA,1460000,DOP,146,9.6879,93.980744,14/08/2026,11:12:18 AM,PRESTAMO,PRIMERA PARTE,ROTC,14/08/2026,CONFIRMADA,3282599,0,09/04/2026,09/04/2027,0.773279,BANCO CENTRAL DE LA REPUBLICA DOMINICANA,BCENTRAL,58947
DO1002261928,LE090427,BCENTRAL/ LT 20270409 GTIA,1460000,DOP,146,9.7078,94.713141,14/08/2026,11:12:17 AM,PLAZO,PRIMERA PARTE,ROTC,14/09/2026,CONFIRMADA,3282600,0,09/04/2026,09/04/2027,0,BANCO CENTRAL DE LA REPUBLICA DOMINICANA,BCENTRAL,57190
DO1002223928,NO120227,BCENTRAL/8 BOEST 20270212 GTIA,10000000,DOP,1000,8.123284,99.940251,14/08/2026,11:12:12 AM,CONTADO,PRIMERA PARTE,ROTC,17/08/2026,CONFIRMADA,3283038,0,12/02/2022,12/02/2027,0,BANCO CENTRAL DE LA REPUBLICA DOMINICANA,BCENTRAL,61222
DO1002223928,NO120227,BCENTRAL/8 BOEST 20270212 GTIA,10000000,DOP,1000,8.6,99.940251,14/08/2026,11:12:02 AM,PRESTAMO,SEGUNDA PARTE,ROTC,16/10/2026,CONFIRMADA,3283037,0,12/02/2022,12/02/2027,0.02,BANCO CENTRAL DE LA REPUBLICA DOMINICANA,BCENTRAL,60011
DO1002223928,NO120227,BCENTRAL/8 BOEST 20270212 GTIA,10000000,DOP,1000,8.6,99.940251,14/08/2026,11:12:02 AM,PRESTAMO,PRIMERA PARTE,ROTC,17/08/2026,CONFIRMADA,3283037,0,12/02/2022,12/02/2027,0.02,BANCO CENTRAL DE LA REPUBLICA DOMINICANA,BCENTRAL,60130
DO1002223928,NO120227,BCENTRAL/8 BOEST 20270212 GTIA,10000000,DOP,1000,7.7322939999999996,100.066603,14/08/2026,11:12:01 AM,PLAZO,PRIMERA PARTE,ROTC,16/10/2026,CONFIRMADA,3283036,0,12/02/2022,12/02/2027,0,BANCO CENTRAL DE LA REPUBLICA DOMINICANA,BCENTRAL,60501
DO1005208629,MH12031,HACIENDA/8.5 BOEST 20310611 GTIA,19400000,DOP,194,4.5425,117.219422,14/08/2026,11:11:56 AM,PRESTAMO,SEGUNDA PARTE,ROTC,14/09/2026,CONFIRMADA,3283035,0,11/06/2021,11/06/2031,8.89,MINISTERIO DE HACIENDA,HACIENDA,61327
DO1005208629,MH12031,HACIENDA/8.5 BOEST 20310611 GTIA,19400000,DOP,194,4.6386,117.044372,14/08/2026,11:11:56 AM,PRESTAMO,PRIMERA PARTE,ROTC,14/08/2026,CONFIRMADA,3283035,0,11/06/2021,11/06/2031,8.89,MINISTERIO DE HACIENDA,HACIENDA,61432
DO1005208629,MH12031,HACIENDA/8.5 BOEST 20310611 GTIA,19400000,DOP,194,4.5425,117.219422,14/08/2026,11:11:55 AM,ESTRUCTURADA,SEGUNDA PARTE,ROTC,14/09/2026,CONFIRMADA,3282990,0,11/06/2021,11/06/2031,8.89,MINISTERIO DE HACIENDA,HACIENDA,63420
DO1005208629,MH12031,HACIENDA/8.5 BOEST 20310611 GTIA,19400000,DOP,194,4.6386,117.044372,14/08/2026,11:11:55 AM,ESTRUCTURADA,PRIMERA PARTE,ROTC,14/08/2026,CONFIRMADA,3282990,0,11/06/2021,11/06/2031,8.89,MINISTERIO DE HACIENDA,HACIENDA,63525
DO1002261928,LE090427,BCENTRAL/ LT 20270409 GTIA,330000,DOP,33,10.6161,93.441876,14/08/2026,11:11:11 AM,CONTADO,PRIMERA PARTE,ROTC,14/08/2026,CONFIRMADA,3282601,0,09/04/2026,09/04/2027,0,BANCO CENTRAL DE LA REPUBLICA DOMINICANA,BCENTRAL,57610
DO1002261928,LE090427,BCENTRAL/ LT 20270409 GTIA,1460000,DOP,146,9.6879,93.980744,14/08/2026,11:10:48 AM,CONTADO,PRIMERA PARTE,ROTC,14/08/2026,CONFIRMADA,3282598,0,09/04/2026,09/04/2027,0,BANCO CENTRAL DE LA REPUBLICA DOMINICANA,BCENTRAL,58261
DO1002261928,LE090427,BCENTRAL/ LT 20270409 GTIA,30000,DOP,3,-9.3684,106.6025,14/08/2026,11:10:29 AM,CONTADO,PRIMERA PARTE,ROTC,14/08/2026,CONFIRMADA,3282595,0,09/04/2026,09/04/2027,0,BANCO CENTRAL DE LA REPUBLICA DOMINICANA,BCENTRAL,56546
DO1005208629,MH12031,HACIENDA/8.5 BOEST 20310611 GTIA,3800000,DOP,38,4.614,116.913922,14/08/2026,11:09:46 AM,PRESTAMO,SEGUNDA PARTE,ROTC,11/09/2026,CONFIRMADA,3283033,0,11/06/2021,11/06/2031,7.24,MINISTERIO DE HACIENDA,HACIENDA,60298
DO1005208629,MH12031,HACIENDA/8.5 BOEST 20310611 GTIA,3800000,DOP,38,4.6675,116.908724,14/08/2026,11:09:46 AM,PRESTAMO,PRIMERA PARTE,ROTC,14/08/2026,CONFIRMADA,3283033,0,11/06/2021,11/06/2031,7.24,MINISTERIO DE HACIENDA,HACIENDA,60830
DO1005208629,MH12031,HACIENDA/8.5 BOEST 20310611 GTIA,3800000,DOP,38,4.614,116.913922,14/08/2026,11:09:45 AM,ESTRUCTURADA,SEGUNDA PARTE,ROTC,11/09/2026,CONFIRMADA,3283006,0,11/06/2021,11/06/2031,7.24,MINISTERIO DE HACIENDA,HACIENDA,62391
DO1005208629,MH12031,HACIENDA/8.5 BOEST 20310611 GTIA,3800000,DOP,38,4.6675,116.908724,14/08/2026,11:09:45 AM,ESTRUCTURADA,PRIMERA PARTE,ROTC,14/08/2026,CONFIRMADA,3283006,0,11/06/2021,11/06/2031,7.24,MINISTERIO DE HACIENDA,HACIENDA,62923
DO1002261928,LE090427,BCENTRAL/ LT 20270409 GTIA,420000,DOP,42,7.567,95.235695,14/08/2026,11:09:38 AM,CONTADO,PRIMERA PARTE,ROTC,14/08/2026,CONFIRMADA,3282586,0,09/04/2026,09/04/2027,0,BANCO CENTRAL DE LA REPUBLICA DOMINICANA,BCENTRAL,57134
DO1002261423,NO301129,BCENTRAL/9.5 BOEST 20291130 GTIA,690000,DOP,69,8.91442318,101.524584,14/08/2026,11:09:23 AM,PRESTAMO,SEGUNDA PARTE,ROTC,12/11/2026,CONFIRMADA,3283031,0,30/11/2025,30/11/2029,8.4,BANCO CENTRAL DE LA REPUBLICA DOMINICANA,BCENTRAL,62384
DO1002261423,NO301129,BCENTRAL/9.5 BOEST 20291130 GTIA,690000,DOP,69,8.894414,101.671648,14/08/2026,11:09:23 AM,PRESTAMO,PRIMERA PARTE,ROTC,14/08/2026,CONFIRMADA,3283031,0,30/11/2025,30/11/2029,8.4,BANCO CENTRAL DE LA REPUBLICA DOMINICANA,BCENTRAL,61845
DO1002261423,NO301129,BCENTRAL/9.5 BOEST 20291130 GTIA,690000,DOP,69,8.91442318,101.524584,14/08/2026,11:09:22 AM,ESTRUCTURADA,SEGUNDA PARTE,ROTC,12/11/2026,CONFIRMADA,3283010,0,30/11/2025,30/11/2029,8.4,BANCO CENTRAL DE LA REPUBLICA DOMINICANA,BCENTRAL,64477
DO1002261423,NO301129,BCENTRAL/9.5 BOEST 20291130 GTIA,690000,DOP,69,8.894414,101.671648,14/08/2026,11:09:22 AM,ESTRUCTURADA,PRIMERA PARTE,ROTC,14/08/2026,CONFIRMADA,3283010,0,30/11/2025,30/11/2029,8.4,BANCO CENTRAL DE LA REPUBLICA DOMINICANA,BCENTRAL,63938
DO2006901311,BC1ITA01,EGEITABO/5.65 BO 20311208,2367,USD,2367,4.36875913,105.800975,14/08/2026,11:09:21 AM,PRESTAMO,SEGUNDA PARTE,ROTC,12/11/2026,CONFIRMADA,3283030,0,08/12/2021,08/12/2031,4.5,"EMPRESA GENERADORA DE ELECTRICIDAD ITABO, S.A.",EGEITABO,59185
DO2006901311,BC1ITA01,EGEITABO/5.65 BO 20311208,2367,USD,2367,4.67202319,104.581804,14/08/2026,11:09:21 AM,PRESTAMO,PRIMERA PARTE,ROTC,14/08/2026,CONFIRMADA,3283030,0,08/12/2021,08/12/2031,4.5,"EMPRESA GENERADORA DE ELECTRICIDAD ITABO, S.A.",EGEITABO,59192
DO2006901311,BC1ITA01,EGEITABO/5.65 BO 20311208,2367,USD,2367,4.36875913,105.800975,14/08/2026,11:09:20 AM,ESTRUCTURADA,SEGUNDA PARTE,ROTC,12/11/2026,CONFIRMADA,3283011,0,08/12/2021,08/12/2031,4.5,"EMPRESA GENERADORA DE ELECTRICIDAD ITABO, S.A.",EGEITABO,61278
DO2006901311,BC1ITA01,EGEITABO/5.65 BO 20311208,2367,USD,2367,4.67202319,104.581804,14/08/2026,11:09:20 AM,ESTRUCTURADA,PRIMERA PARTE,ROTC,14/08/2026,CONFIRMADA,3283011,0,08/12/2021,08/12/2031,4.5,"EMPRESA GENERADORA DE ELECTRICIDAD ITABO, S.A.",EGEITABO,61285
DO1002261423,NO301129,BCENTRAL/9.5 BOEST 20291130 GTIA,260000,DOP,26,8.25578586,103.388578,14/08/2026,11:09:19 AM,PRESTAMO,SEGUNDA PARTE,ROTC,28/09/2026,CONFIRMADA,3283028,0,30/11/2025,30/11/2029,7.9,BANCO CENTRAL DE LA REPUBLICA DOMINICANA,BCENTRAL,62608
DO1002261423,NO301129,BCENTRAL/9.5 BOEST 20291130 GTIA,260000,DOP,26,8.25338274,103.50874,14/08/2026,11:09:19 AM,PRESTAMO,PRIMERA PARTE,ROTC,14/08/2026,CONFIRMADA,3283028,0,30/11/2025,30/11/2029,7.9,BANCO CENTRAL DE LA REPUBLICA DOMINICANA,BCENTRAL,62104
DO1002261423,NO301129,BCENTRAL/9.5 BOEST 20291130 GTIA,260000,DOP,26,8.25578586,103.388578,14/08/2026,11:09:18 AM,ESTRUCTURADA,SEGUNDA PARTE,ROTC,28/09/2026,CONFIRMADA,3283012,0,30/11/2025,30/11/2029,7.9,BANCO CENTRAL DE LA REPUBLICA DOMINICANA,BCENTRAL,64701
DO1002261423,NO301129,BCENTRAL/9.5 BOEST 20291130 GTIA,260000,DOP,26,8.25338274,103.50874,14/08/2026,11:09:18 AM,ESTRUCTURADA,PRIMERA PARTE,ROTC,14/08/2026,CONFIRMADA,3283012,0,30/11/2025,30/11/2029,7.9,BANCO CENTRAL DE LA REPUBLICA DOMINICANA,BCENTRAL,64197
DO1002261423,NO301129,BCENTRAL/9.5 BOEST 20291130 GTIA,430000,DOP,43,8.54746629,102.600853,14/08/2026,11:09:17 AM,PRESTAMO,SEGUNDA PARTE,ROTC,14/09/2026,CONFIRMADA,3283026,0,30/11/2025,30/11/2029,7.9,BANCO CENTRAL DE LA REPUBLICA DOMINICANA,BCENTRAL,62398
DO1002261423,NO301129,BCENTRAL/9.5 BOEST 20291130 GTIA,430000,DOP,43,8.53758379,102.689206,14/08/2026,11:09:17 AM,PRESTAMO,PRIMERA PARTE,ROTC,14/08/2026,CONFIRMADA,3283026,0,30/11/2025,30/11/2029,7.9,BANCO CENTRAL DE LA REPUBLICA DOMINICANA,BCENTRAL,62545
DO1002261423,NO301129,BCENTRAL/9.5 BOEST 20291130 GTIA,430000,DOP,43,8.54746629,102.600853,14/08/2026,11:09:15 AM,ESTRUCTURADA,SEGUNDA PARTE,ROTC,14/09/2026,CONFIRMADA,3283013,0,30/11/2025,30/11/2029,7.9,BANCO CENTRAL DE LA REPUBLICA DOMINICANA,BCENTRAL,64484
DO1002261423,NO301129,BCENTRAL/9.5 BOEST 20291130 GTIA,430000,DOP,43,8.53758379,102.689206,14/08/2026,11:09:15 AM,ESTRUCTURADA,PRIMERA PARTE,ROTC,14/08/2026,CONFIRMADA,3283013,0,30/11/2025,30/11/2029,7.9,BANCO CENTRAL DE LA REPUBLICA DOMINICANA,BCENTRAL,64631
DO1005208322,MHUS2040,HACIENDA/6.75 BOEST 20400724 GTIA,24000,USD,24,4.35115207,124.553125,14/08/2026,11:09:14 AM,PRESTAMO,SEGUNDA PARTE,ROTC,12/11/2026,CONFIRMADA,3283024,0,24/07/2020,24/07/2040,5.05,MINISTERIO DE HACIENDA,HACIENDA,62440
DO1005208322,MHUS2040,HACIENDA/6.75 BOEST 20400724 GTIA,24000,USD,24,4.37234766,124.625,14/08/2026,11:09:14 AM,PRESTAMO,PRIMERA PARTE,ROTC,14/08/2026,CONFIRMADA,3283024,0,24/07/2020,24/07/2040,5.05,MINISTERIO DE HACIENDA,HACIENDA,61593
DO1005208322,MHUS2040,HACIENDA/6.75 BOEST 20400724 GTIA,24000,USD,24,4.35115207,124.553125,14/08/2026,11:09:13 AM,ESTRUCTURADA,SEGUNDA PARTE,ROTC,12/11/2026,CONFIRMADA,3283014,0,24/07/2020,24/07/2040,5.05,MINISTERIO DE HACIENDA,HACIENDA,64533
DO1005208322,MHUS2040,HACIENDA/6.75 BOEST 20400724 GTIA,24000,USD,24,4.37234766,124.625,14/08/2026,11:09:13 AM,ESTRUCTURADA,PRIMERA PARTE,ROTC,14/08/2026,CONFIRMADA,3283014,0,24/07/2020,24/07/2040,5.05,MINISTERIO DE HACIENDA,HACIENDA,63686
DO1005204412,MH12029,HACIENDA/11.375 BOEST 20290706 GTIA,1800000,DOP,18,7.31142321,109.294263,14/08/2026,11:09:12 AM,PRESTAMO,SEGUNDA PARTE,ROTC,14/12/2026,CONFIRMADA,3283023,0,06/07/2014,06/07/2029,8.5,MINISTERIO DE HACIENDA,HACIENDA,63028
DO1005204412,MH12029,HACIENDA/11.375 BOEST 20290706 GTIA,1800000,DOP,18,7.49902587,109.8957,14/08/2026,11:09:12 AM,PRESTAMO,PRIMERA PARTE,ROTC,14/08/2026,CONFIRMADA,3283023,0,06/07/2014,06/07/2029,8.5,MINISTERIO DE HACIENDA,HACIENDA,62664
DO1005204412,MH12029,HACIENDA/11.375 BOEST 20290706 GTIA,1800000,DOP,18,7.31142321,109.294263,14/08/2026,11:09:11 AM,ESTRUCTURADA,SEGUNDA PARTE,ROTC,14/12/2026,CONFIRMADA,3283015,0,06/07/2014,06/07/2029,8.5,MINISTERIO DE HACIENDA,HACIENDA,65121
DO1005204412,MH12029,HACIENDA/11.375 BOEST 20290706 GTIA,1800000,DOP,18,7.49902587,109.8957,14/08/2026,11:09:11 AM,ESTRUCTURADA,PRIMERA PARTE,ROTC,14/08/2026,CONFIRMADA,3283015,0,06/07/2014,06/07/2029,8.5,MINISTERIO DE HACIENDA,HACIENDA,64757
DO1002261928,LE090427,BCENTRAL/ LT 20270409 GTIA,280000,DOP,28,10.0252,93.784175,14/08/2026,11:08:57 AM,CONTADO,PRIMERA PARTE,ROTC,14/08/2026,CONFIRMADA,3282589,0,09/04/2026,09/04/2027,0,BANCO CENTRAL DE LA REPUBLICA DOMINICANA,BCENTRAL,57757
DO1005208629,MH12031,HACIENDA/8.5 BOEST 20310611 GTIA,5900000,DOP,59,3.0315,117.317675,14/08/2026,11:08:41 AM,PRESTAMO,SEGUNDA PARTE,ROTC,14/09/2026,CONFIRMADA,3283019,0,11/06/2021,11/06/2031,8.99,MINISTERIO DE HACIENDA,HACIENDA,60662
DO1005208629,MH12031,HACIENDA/8.5 BOEST 20310611 GTIA,5900000,DOP,59,4.6201,117.131739,14/08/2026,11:08:41 AM,PRESTAMO,PRIMERA PARTE,ROTC,14/08/2026,CONFIRMADA,3283019,0,11/06/2021,11/06/2031,8.99,MINISTERIO DE HACIENDA,HACIENDA,60690
DO1005208629,MH12031,HACIENDA/8.5 BOEST 20310611 GTIA,5900000,DOP,59,3.0315,117.317675,14/08/2026,11:08:39 AM,ESTRUCTURADA,SEGUNDA PARTE,ROTC,14/09/2026,CONFIRMADA,3282988,0,11/06/2021,11/06/2031,8.99,MINISTERIO DE HACIENDA,HACIENDA,62811
DO1005208629,MH12031,HACIENDA/8.5 BOEST 20310611 GTIA,5900000,DOP,59,4.6201,117.131739,14/08/2026,11:08:39 AM,ESTRUCTURADA,PRIMERA PARTE,ROTC,14/08/2026,CONFIRMADA,3282988,0,11/06/2021,11/06/2031,8.99,MINISTERIO DE HACIENDA,HACIENDA,62839
DO1005207118,MHUS2026,HACIENDA/6.65 BOEST 20261227 GTIA,4000,USD,4,39.3858,89.62625,14/08/2026,11:08:26 AM,CONTADO,PRIMERA PARTE,ROTC,14/08/2026,CONFIRMADA,3282592,0,27/12/2019,27/12/2026,0,MINISTERIO DE HACIENDA,HACIENDA,59682
DO1002224124,NO120327,BCENTRAL/8 BOEST 20270312 GTIA,470000,DOP,47,0,106.83365,14/08/2026,11:07:56 AM,PLAZO,PRIMERA PARTE,ROTC,14/09/2026,CONFIRMADA,3283018,0,12/03/2022,12/03/2027,0,BANCO CENTRAL DE LA REPUBLICA DOMINICANA,BCENTRAL,56532
DO1002224124,NO120327,BCENTRAL/8 BOEST 20270312 GTIA,470000,DOP,47,0,0,14/08/2026,11:07:55 AM,PRESTAMO,SEGUNDA PARTE,ROTC,11/03/2027,CONFIRMADA,3283017,0,12/03/2022,12/03/2027,0,BANCO CENTRAL DE LA REPUBLICA DOMINICANA,BCENTRAL,55111
DO1002224124,NO120327,BCENTRAL/8 BOEST 20270312 GTIA,470000,DOP,47,0,106.83365,14/08/2026,11:07:55 AM,PRESTAMO,PRIMERA PARTE,ROTC,14/08/2026,CONFIRMADA,3283017,0,12/03/2022,12/03/2027,0,BANCO CENTRAL DE LA REPUBLICA DOMINICANA,BCENTRAL,58121
DO1002224124,NO120327,BCENTRAL/8 BOEST 20270312 GTIA,470000,DOP,47,3.160768,102.749824,14/08/2026,11:07:54 AM,CONTADO,PRIMERA PARTE,ROTC,14/08/2026,CONFIRMADA,3283016,0,12/03/2022,12/03/2027,0,BANCO CENTRAL DE LA REPUBLICA DOMINICANA,BCENTRAL,60347
DO1005207118,MHUS2026,HACIENDA/6.65 BOEST 20261227 GTIA,30000,USD,30,2e-4,102.404867,14/08/2026,11:07:49 AM,CONTADO,PRIMERA PARTE,ROTC,17/08/2026,CONFIRMADA,3282583,0,27/12/2019,27/12/2026,0,MINISTERIO DE HACIENDA,HACIENDA,60445
DO1002261928,LE090427,BCENTRAL/ LT 20270409 GTIA,610000,DOP,61,8.0488,95.00822,14/08/2026,11:07:15 AM,CONTADO,PRIMERA PARTE,ROTC,17/08/2026,CONFIRMADA,3282580,0,09/04/2026,09/04/2027,0,BANCO CENTRAL DE LA REPUBLICA DOMINICANA,BCENTRAL,57015
DO1002261928,LE090427,BCENTRAL/ LT 20270409 GTIA,330000,DOP,33,12.1987,92.537176,14/08/2026,11:06:39 AM,CONTADO,PRIMERA PARTE,ROTC,14/08/2026,CONFIRMADA,3282478,0,09/04/2026,09/04/2027,0,BANCO CENTRAL DE LA REPUBLICA DOMINICANA,BCENTRAL,57785
DO1002261928,LE090427,BCENTRAL/ LT 20270409 GTIA,2180000,DOP,218,9.7143,94.036874,14/08/2026,11:06:14 AM,CONTADO,PRIMERA PARTE,ROTC,17/08/2026,CONFIRMADA,3282475,0,09/04/2026,09/04/2027,0,BANCO CENTRAL DE LA REPUBLICA DOMINICANA,BCENTRAL,58142
DO1002223928,NO120227,BCENTRAL/8 BOEST 20270212 GTIA,30470000,DOP,3047,9.2,99.935204,14/08/2026,11:06:11 AM,PRESTAMO,SEGUNDA PARTE,ROTC,12/01/2027,CONFIRMADA,3283009,0,12/02/2022,12/02/2027,0.02,BANCO CENTRAL DE LA REPUBLICA DOMINICANA,BCENTRAL,60186
DO1002223928,NO120227,BCENTRAL/8 BOEST 20270212 GTIA,30470000,DOP,3047,9.2,99.935204,14/08/2026,11:06:11 AM,PRESTAMO,PRIMERA PARTE,ROTC,18/08/2026,CONFIRMADA,3283009,0,12/02/2022,12/02/2027,0.02,BANCO CENTRAL DE LA REPUBLICA DOMINICANA,BCENTRAL,60333
DO1002223928,NO120227,BCENTRAL/8 BOEST 20270212 GTIA,30470000,DOP,3047,2.106273,100.490512,14/08/2026,11:06:10 AM,PLAZO,PRIMERA PARTE,ROTC,12/01/2027,CONFIRMADA,3283008,0,12/02/2022,12/02/2027,0,BANCO CENTRAL DE LA REPUBLICA DOMINICANA,BCENTRAL,60592
DO1002223928,NO120227,BCENTRAL/8 BOEST 20270212 GTIA,30470000,DOP,3047,8.133944,99.935204,14/08/2026,11:06:09 AM,CONTADO,PRIMERA PARTE,ROTC,18/08/2026,CONFIRMADA,3283007,0,12/02/2022,12/02/2027,0,BANCO CENTRAL DE LA REPUBLICA DOMINICANA,BCENTRAL,61516
DO1002261928,LE090427,BCENTRAL/ LT 20270409 GTIA,2340000,DOP,234,9.6297,94.014725,14/08/2026,11:05:55 AM,CONTADO,PRIMERA PARTE,ROTC,14/08/2026,CONFIRMADA,3282472,0,09/04/2026,09/04/2027,0,BANCO CENTRAL DE LA REPUBLICA DOMINICANA,BCENTRAL,58121
DO1002261928,LE090427,BCENTRAL/ LT 20270409 GTIA,470000,DOP,47,8.6603,94.584623,14/08/2026,11:05:29 AM,CONTADO,PRIMERA PARTE,ROTC,14/08/2026,CONFIRMADA,3282460,0,09/04/2026,09/04/2027,0,BANCO CENTRAL DE LA REPUBLICA DOMINICANA,BCENTRAL,57477
DO1005208322,MHUS2040,HACIENDA/6.75 BOEST 20400724 GTIA,166000,USD,166,4.6796,121.026801,14/08/2026,11:05:04 AM,CONTADO,PRIMERA PARTE,ROTC,14/08/2026,CONFIRMADA,3282457,0,24/07/2020,24/07/2040,0,MINISTERIO DE HACIENDA,HACIENDA,61236
DO1002227317,NO150928,BCENTRAL/11 BOEST 20280915 GTIA,100000,DOP,10,10.5174,104.58817,14/08/2026,11:04:55 AM,CONTADO,PRIMERA PARTE,ROTC,14/08/2026,CONFIRMADA,3282948,0,15/09/2023,15/09/2028,0,BANCO CENTRAL DE LA REPUBLICA DOMINICANA,BCENTRAL,59892
DO1002261928,LE090427,BCENTRAL/ LT 20270409 GTIA,420000,DOP,42,7.563,95.238095,14/08/2026,11:04:42 AM,CONTADO,PRIMERA PARTE,ROTC,14/08/2026,CONFIRMADA,3282454,0,09/04/2026,09/04/2027,0,BANCO CENTRAL DE LA REPUBLICA DOMINICANA,BCENTRAL,57015
DO1005205617,MH12027,HACIENDA/11.25 BOEST 20270205 GTIA,3200000,DOP,32,4.6749,103.097005,14/08/2026,11:03:44 AM,CONTADO,PRIMERA PARTE,ROTC,14/08/2026,CONFIRMADA,3282451,0,05/08/2016,05/02/2027,0,MINISTERIO DE HACIENDA,HACIENDA,60585
DO1005207118,MHUS2026,HACIENDA/6.65 BOEST 20261227 GTIA,10000,USD,10,-12.019,107.1293,14/08/2026,11:03:15 AM,CONTADO,PRIMERA PARTE,ROTC,17/08/2026,CONFIRMADA,3282448,0,27/12/2019,27/12/2026,0,MINISTERIO DE HACIENDA,HACIENDA,59997
DO1002227721,NO111226,BCENTRAL/9 BOEST 20261211 GTIA,30000000,DOP,3000,9,99.976918,14/08/2026,11:02:55 AM,CONTADO,PRIMERA PARTE,ROTC,18/08/2026,CONFIRMADA,3282991,0,11/12/2023,11/12/2026,0,BANCO CENTRAL DE LA REPUBLICA DOMINICANA,BCENTRAL,58919
DO1002261928,LE090427,BCENTRAL/ LT 20270409 GTIA,30000,DOP,3,-9.1105,106.3232,14/08/2026,11:02:54 AM,CONTADO,PRIMERA PARTE,ROTC,17/08/2026,CONFIRMADA,3282445,0,09/04/2026,09/04/2027,0,BANCO CENTRAL DE LA REPUBLICA DOMINICANA,BCENTRAL,56441
DO1005208322,MHUS2040,HACIENDA/6.75 BOEST 20400724 GTIA,64000,USD,64,5.0581,116.703094,14/08/2026,11:02:39 AM,PRESTAMO,SEGUNDA PARTE,ROTC,14/09/2026,CONFIRMADA,3282989,0,24/07/2020,24/07/2040,4.49,MINISTERIO DE HACIENDA,HACIENDA,61173
DO1005208322,MHUS2040,HACIENDA/6.75 BOEST 20400724 GTIA,64000,USD,64,5.0549,116.8125,14/08/2026,11:02:39 AM,PRESTAMO,PRIMERA PARTE,ROTC,14/08/2026,CONFIRMADA,3282989,0,24/07/2020,24/07/2040,4.49,MINISTERIO DE HACIENDA,HACIENDA,60536
DO1005208322,MHUS2040,HACIENDA/6.75 BOEST 20400724 GTIA,64000,USD,64,5.0581,116.703094,14/08/2026,11:02:38 AM,ESTRUCTURADA,SEGUNDA PARTE,ROTC,14/09/2026,CONFIRMADA,3282965,0,24/07/2020,24/07/2040,4.49,MINISTERIO DE HACIENDA,HACIENDA,63266
DO1005208322,MHUS2040,HACIENDA/6.75 BOEST 20400724 GTIA,64000,USD,64,5.0549,116.8125,14/08/2026,11:02:38 AM,ESTRUCTURADA,PRIMERA PARTE,ROTC,14/08/2026,CONFIRMADA,3282965,0,24/07/2020,24/07/2040,4.49,MINISTERIO DE HACIENDA,HACIENDA,62629
DO1002261928,LE090427,BCENTRAL/ LT 20270409 GTIA,130000,DOP,13,9.5899,94.108731,14/08/2026,11:02:01 AM,CONTADO,PRIMERA PARTE,ROTC,17/08/2026,CONFIRMADA,3282481,0,09/04/2026,09/04/2027,0,BANCO CENTRAL DE LA REPUBLICA DOMINICANA,BCENTRAL,57372
DO1002261928,LE090427,BCENTRAL/ LT 20270409 GTIA,1850000,DOP,185,9.1679,94.376,14/08/2026,11:01:34 AM,CONTADO,PRIMERA PARTE,ROTC,18/08/2026,CONFIRMADA,3282484,0,09/04/2026,09/04/2027,0,BANCO CENTRAL DE LA REPUBLICA DOMINICANA,BCENTRAL,57134
DO1005208215,MHUS2029,HACIENDA/6.95 BOEST 20290626 GTIA,49000,USD,49,2.7554,111.083776,14/08/2026,11:01:26 AM,PRESTAMO,SEGUNDA PARTE,ROTC,21/09/2026,CONFIRMADA,3282759,0,26/06/2020,26/06/2029,1.247757,MINISTERIO DE HACIENDA,HACIENDA,61341
DO1005208215,MHUS2029,HACIENDA/6.95 BOEST 20290626 GTIA,49000,USD,49,2.8112,111.318224,14/08/2026,11:01:26 AM,PRESTAMO,PRIMERA PARTE,ROTC,14/08/2026,CONFIRMADA,3282759,0,26/06/2020,26/06/2029,1.247757,MINISTERIO DE HACIENDA,HACIENDA,61271
DO1005208215,MHUS2029,HACIENDA/6.95 BOEST 20290626 GTIA,49000,USD,49,2.7554,111.083776,14/08/2026,11:01:25 AM,ESTRUCTURADA,SEGUNDA PARTE,ROTC,21/09/2026,CONFIRMADA,3282758,0,26/06/2020,26/06/2029,4.05,MINISTERIO DE HACIENDA,HACIENDA,63434
DO1005208215,MHUS2029,HACIENDA/6.95 BOEST 20290626 GTIA,49000,USD,49,2.8112,111.318224,14/08/2026,11:01:25 AM,ESTRUCTURADA,PRIMERA PARTE,ROTC,14/08/2026,CONFIRMADA,3282758,0,26/06/2020,26/06/2029,4.05,MINISTERIO DE HACIENDA,HACIENDA,63364
DO1005213025,MH22031,HACIENDA/10.25 BOEST 20310209 GTIA,2300000,DOP,23,9.0254,104.223496,14/08/2026,11:01:24 AM,PRESTAMO,SEGUNDA PARTE,ROTC,12/11/2026,CONFIRMADA,3282757,0,09/02/2024,09/02/2031,2.510858,MINISTERIO DE HACIENDA,HACIENDA,61005
DO1005213025,MH22031,HACIENDA/10.25 BOEST 20310209 GTIA,2300000,DOP,23,9.0955,104.207415,14/08/2026,11:01:24 AM,PRESTAMO,PRIMERA PARTE,ROTC,14/08/2026,CONFIRMADA,3282757,0,09/02/2024,09/02/2031,2.510858,MINISTERIO DE HACIENDA,HACIENDA,61131
DO1005213025,MH22031,HACIENDA/10.25 BOEST 20310209 GTIA,2300000,DOP,23,9.0254,104.223496,14/08/2026,11:01:23 AM,ESTRUCTURADA,SEGUNDA PARTE,ROTC,12/11/2026,CONFIRMADA,3282756,0,09/02/2024,09/02/2031,9.75,MINISTERIO DE HACIENDA,HACIENDA,63098
DO1005213025,MH22031,HACIENDA/10.25 BOEST 20310209 GTIA,2300000,DOP,23,9.0955,104.207415,14/08/2026,11:01:23 AM,ESTRUCTURADA,PRIMERA PARTE,ROTC,14/08/2026,CONFIRMADA,3282756,0,09/02/2024,09/02/2031,9.75,MINISTERIO DE HACIENDA,HACIENDA,63224
DO2022700416,BC1HIT04,HIT/8.2 BO 20330525,15000,USD,15000,7.25,105.001587,14/08/2026,11:01:21 AM,CONTADO,PRIMERA PARTE,ROTC,14/08/2026,CONFIRMADA,3282755,0,25/05/2023,25/05/2033,0,HAINA INVESTMENT CO. LTD.,HIT,54054
DO1005208215,MHUS2029,HACIENDA/6.95 BOEST 20290626 GTIA,12000,USD,12,3.7572,107.865167,14/08/2026,11:01:20 AM,PRESTAMO,SEGUNDA PARTE,ROTC,16/11/2026,CONFIRMADA,3282754,0,26/06/2020,26/06/2029,2.130289,MINISTERIO DE HACIENDA,HACIENDA,61194
DO1005208215,MHUS2029,HACIENDA/6.95 BOEST 20290626 GTIA,12000,USD,12,3.8814,108.2125,14/08/2026,11:01:20 AM,PRESTAMO,PRIMERA PARTE,ROTC,18/08/2026,CONFIRMADA,3282754,0,26/06/2020,26/06/2029,2.130289,MINISTERIO DE HACIENDA,HACIENDA,60487
DO1005208215,MHUS2029,HACIENDA/6.95 BOEST 20290626 GTIA,12000,USD,12,3.7572,107.865167,14/08/2026,11:01:19 AM,ESTRUCTURADA,SEGUNDA PARTE,ROTC,16/11/2026,CONFIRMADA,3282753,0,26/06/2020,26/06/2029,4.95,MINISTERIO DE HACIENDA,HACIENDA,63350
DO1005208215,MHUS2029,HACIENDA/6.95 BOEST 20290626 GTIA,12000,USD,12,3.8814,108.2125,14/08/2026,11:01:19 AM,ESTRUCTURADA,PRIMERA PARTE,ROTC,18/08/2026,CONFIRMADA,3282753,0,26/06/2020,26/06/2029,4.95,MINISTERIO DE HACIENDA,HACIENDA,62643
DO1005213025,MH22031,HACIENDA/10.25 BOEST 20310209 GTIA,3000000,DOP,30,9.2652,103.368533,14/08/2026,11:01:17 AM,PRESTAMO,SEGUNDA PARTE,ROTC,17/09/2026,CONFIRMADA,3282752,0,09/02/2024,09/02/2031,1.047892,MINISTERIO DE HACIENDA,HACIENDA,61110
DO1005213025,MH22031,HACIENDA/10.25 BOEST 20310209 GTIA,3000000,DOP,30,9.3198,103.369072,14/08/2026,11:01:17 AM,PRESTAMO,PRIMERA PARTE,ROTC,18/08/2026,CONFIRMADA,3282752,0,09/02/2024,09/02/2031,1.047892,MINISTERIO DE HACIENDA,HACIENDA,61208
DO1005213025,MH22031,HACIENDA/10.25 BOEST 20310209 GTIA,3000000,DOP,30,9.2652,103.368533,14/08/2026,11:01:16 AM,ESTRUCTURADA,SEGUNDA PARTE,ROTC,17/09/2026,CONFIRMADA,3282751,0,09/02/2024,09/02/2031,9.75,MINISTERIO DE HACIENDA,HACIENDA,63203
DO1005213025,MH22031,HACIENDA/10.25 BOEST 20310209 GTIA,3000000,DOP,30,9.3198,103.369072,14/08/2026,11:01:16 AM,ESTRUCTURADA,PRIMERA PARTE,ROTC,18/08/2026,CONFIRMADA,3282751,0,09/02/2024,09/02/2031,9.75,MINISTERIO DE HACIENDA,HACIENDA,63301
DO1002261928,LE090427,BCENTRAL/ LT 20270409 GTIA,20000,DOP,2,-15.213,111.1823,14/08/2026,11:01:06 AM,CONTADO,PRIMERA PARTE,ROTC,14/08/2026,CONFIRMADA,3282487,0,09/04/2026,09/04/2027,0,BANCO CENTRAL DE LA REPUBLICA DOMINICANA,BCENTRAL,56350
DO1002261928,LE090427,BCENTRAL/ LT 20270409 GTIA,50000,DOP,5,20.8756,87.87262,14/08/2026,11:00:44 AM,CONTADO,PRIMERA PARTE,ROTC,14/08/2026,CONFIRMADA,3282442,0,09/04/2026,09/04/2027,0,BANCO CENTRAL DE LA REPUBLICA DOMINICANA,BCENTRAL,56693
DO1005208322,MHUS2040,HACIENDA/6.75 BOEST 20400724 GTIA,6000,USD,6,4.9407,118.0745,14/08/2026,11:00:18 AM,CONTADO,PRIMERA PARTE,ROTC,14/08/2026,CONFIRMADA,3282439,0,24/07/2020,24/07/2040,0,MINISTERIO DE HACIENDA,HACIENDA,59101
DO1002261928,LE090427,BCENTRAL/ LT 20270409 GTIA,170000,DOP,17,12.2985,92.480694,14/08/2026,10:59:47 AM,CONTADO,PRIMERA PARTE,ROTC,14/08/2026,CONFIRMADA,3282436,0,09/04/2026,09/04/2027,0,BANCO CENTRAL DE LA REPUBLICA DOMINICANA,BCENTRAL,57862
DO1002261423,NO301129,BCENTRAL/9.5 BOEST 20291130 GTIA,20000000,DOP,2000,9.85,99.007885,14/08/2026,10:59:39 AM,CONTADO,PRIMERA PARTE,ROTC,14/08/2026,CONFIRMADA,3282463,0,30/11/2025,30/11/2029,0,BANCO CENTRAL DE LA REPUBLICA DOMINICANA,BCENTRAL,60683
DO1002261522,NO180130,BCENTRAL/9.5 BOEST 20300118 GTIA,2500000,DOP,250,9.25,100.70408,14/08/2026,10:58:53 AM,CONTADO,PRIMERA PARTE,ROTC,17/08/2026,CONFIRMADA,3282966,0,18/01/2026,18/01/2030,0,BANCO CENTRAL DE LA REPUBLICA DOMINICANA,BCENTRAL,59801
DO1005208322,MHUS2040,HACIENDA/6.75 BOEST 20400724 GTIA,5000,USD,5,3.964,129.6218,14/08/2026,10:58:29 AM,CONTADO,PRIMERA PARTE,ROTC,14/08/2026,CONFIRMADA,3282490,0,24/07/2020,24/07/2040,0,MINISTERIO DE HACIENDA,HACIENDA,58856
DO1002261928,LE090427,BCENTRAL/ LT 20270409 GTIA,20000,DOP,2,-10.046,107.0182,14/08/2026,10:57:59 AM,CONTADO,PRIMERA PARTE,ROTC,17/08/2026,CONFIRMADA,3282493,0,09/04/2026,09/04/2027,0,BANCO CENTRAL DE LA REPUBLICA DOMINICANA,BCENTRAL,56504
DO1002261621,NO010230,BCENTRAL/9.5 BOEST 20300201 GTIA,1970000,DOP,197,9.15,101.012614,14/08/2026,10:57:43 AM,CONTADO,PRIMERA PARTE,ROTC,14/08/2026,CONFIRMADA,3282964,0,01/02/2026,01/02/2030,0,BANCO CENTRAL DE LA REPUBLICA DOMINICANA,BCENTRAL,60109
DO1005207118,MHUS2026,HACIENDA/6.65 BOEST 20261227 GTIA,1200000,USD,1200,10.294,99.272191,14/08/2026,10:57:40 AM,PLAZO,PRIMERA PARTE,ROTC,14/10/2026,CONFIRMADA,3282958,0,27/12/2019,27/12/2026,0,MINISTERIO DE HACIENDA,HACIENDA,60592
DO1005207118,MHUS2026,HACIENDA/6.65 BOEST 20261227 GTIA,1200000,USD,1200,10.294,99.272191,14/08/2026,10:57:39 AM,PRESTAMO,SEGUNDA PARTE,ROTC,14/10/2026,CONFIRMADA,3282957,0,27/12/2019,27/12/2026,1.678762,MINISTERIO DE HACIENDA,HACIENDA,62188
DO1005207118,MHUS2026,HACIENDA/6.65 BOEST 20261227 GTIA,1200000,USD,1200,7.8721,99.558199,14/08/2026,10:57:39 AM,PRESTAMO,PRIMERA PARTE,ROTC,14/08/2026,CONFIRMADA,3282957,0,27/12/2019,27/12/2026,1.678762,MINISTERIO DE HACIENDA,HACIENDA,62468
DO1005207118,MHUS2026,HACIENDA/6.65 BOEST 20261227 GTIA,1200000,USD,1200,7.8721,99.558199,14/08/2026,10:57:38 AM,CONTADO,PRIMERA PARTE,ROTC,14/08/2026,CONFIRMADA,3282955,0,27/12/2019,27/12/2026,0,MINISTERIO DE HACIENDA,HACIENDA,61768
DO1005208322,MHUS2040,HACIENDA/6.75 BOEST 20400724 GTIA,4888000,USD,4888,3.33379896,137.817727,14/08/2026,10:57:36 AM,CONTADO,PRIMERA PARTE,ROTC,19/08/2026,CONFIRMADA,3282960,0,24/07/2020,24/07/2040,0,MINISTERIO DE HACIENDA,HACIENDA,63861
DO1005208322,MHUS2040,HACIENDA/6.75 BOEST 20400724 GTIA,4888000,USD,4888,3.33640455,137.812635,14/08/2026,10:57:35 AM,CONTADO,PRIMERA PARTE,ROTC,14/08/2026,CONFIRMADA,3282959,0,24/07/2020,24/07/2040,0,MINISTERIO DE HACIENDA,HACIENDA,63644
DO1005207118,MHUS2026,HACIENDA/6.65 BOEST 20261227 GTIA,3000,USD,3,-29.645,115.443,14/08/2026,10:57:25 AM,CONTADO,PRIMERA PARTE,ROTC,14/08/2026,CONFIRMADA,3282433,0,27/12/2019,27/12/2026,0,MINISTERIO DE HACIENDA,HACIENDA,59115
DO1005207118,MHUS2026,HACIENDA/6.65 BOEST 20261227 GTIA,5000,USD,5,-3.6103,103.7144,14/08/2026,10:56:59 AM,CONTADO,PRIMERA PARTE,ROTC,19/08/2026,CONFIRMADA,3282499,0,27/12/2019,27/12/2026,0,MINISTERIO DE HACIENDA,HACIENDA,59479
DO1005208629,MH12031,HACIENDA/8.5 BOEST 20310611 GTIA,6300000,DOP,63,4.669,116.632666,14/08/2026,10:56:38 AM,PRESTAMO,SEGUNDA PARTE,ROTC,14/09/2026,CONFIRMADA,3282963,0,11/06/2021,11/06/2031,8.89,MINISTERIO DE HACIENDA,HACIENDA,60396
DO1005208629,MH12031,HACIENDA/8.5 BOEST 20310611 GTIA,6300000,DOP,63,4.7626,116.462073,14/08/2026,10:56:38 AM,PRESTAMO,PRIMERA PARTE,ROTC,14/08/2026,CONFIRMADA,3282963,0,11/06/2021,11/06/2031,8.89,MINISTERIO DE HACIENDA,HACIENDA,60739
DO1005208629,MH12031,HACIENDA/8.5 BOEST 20310611 GTIA,6300000,DOP,63,4.669,116.632666,14/08/2026,10:56:37 AM,ESTRUCTURADA,SEGUNDA PARTE,ROTC,14/09/2026,CONFIRMADA,3282962,0,11/06/2021,11/06/2031,8.89,MINISTERIO DE HACIENDA,HACIENDA,62489
DO1005208629,MH12031,HACIENDA/8.5 BOEST 20310611 GTIA,6300000,DOP,63,4.7626,116.462073,14/08/2026,10:56:37 AM,ESTRUCTURADA,PRIMERA PARTE,ROTC,14/08/2026,CONFIRMADA,3282962,0,11/06/2021,11/06/2031,8.89,MINISTERIO DE HACIENDA,HACIENDA,62832
DO1002261928,LE090427,BCENTRAL/ LT 20270409 GTIA,1060000,DOP,106,9.1956,94.337245,14/08/2026,10:56:26 AM,CONTADO,PRIMERA PARTE,ROTC,17/08/2026,CONFIRMADA,3282577,0,09/04/2026,09/04/2027,0,BANCO CENTRAL DE LA REPUBLICA DOMINICANA,BCENTRAL,58149
DO1005208629,MH12031,HACIENDA/8.5 BOEST 20310611 GTIA,12600000,DOP,126,4.4364,117.714099,14/08/2026,10:55:56 AM,PRESTAMO,SEGUNDA PARTE,ROTC,14/09/2026,CONFIRMADA,3282961,0,11/06/2021,11/06/2031,8.89,MINISTERIO DE HACIENDA,HACIENDA,61383
DO1005208629,MH12031,HACIENDA/8.5 BOEST 20310611 GTIA,12600000,DOP,126,4.5347,117.53529,14/08/2026,10:55:56 AM,PRESTAMO,PRIMERA PARTE,ROTC,14/08/2026,CONFIRMADA,3282961,0,11/06/2021,11/06/2031,8.89,MINISTERIO DE HACIENDA,HACIENDA,61075
DO1005208629,MH12031,HACIENDA/8.5 BOEST 20310611 GTIA,12600000,DOP,126,4.4364,117.714099,14/08/2026,10:55:55 AM,ESTRUCTURADA,SEGUNDA PARTE,ROTC,14/09/2026,CONFIRMADA,3282835,0,11/06/2021,11/06/2031,8.89,MINISTERIO DE HACIENDA,HACIENDA,63476
DO1005208629,MH12031,HACIENDA/8.5 BOEST 20310611 GTIA,12600000,DOP,126,4.5347,117.53529,14/08/2026,10:55:55 AM,ESTRUCTURADA,PRIMERA PARTE,ROTC,14/08/2026,CONFIRMADA,3282835,0,11/06/2021,11/06/2031,8.89,MINISTERIO DE HACIENDA,HACIENDA,63168
DO1002261928,LE090427,BCENTRAL/ LT 20270409 GTIA,850000,DOP,85,9.4537,94.117686,14/08/2026,10:55:54 AM,CONTADO,PRIMERA PARTE,ROTC,14/08/2026,CONFIRMADA,3282574,0,09/04/2026,09/04/2027,0,BANCO CENTRAL DE LA REPUBLICA DOMINICANA,BCENTRAL,57561
DO1005205419,MH42026,HACIENDA/11 BOEST 20261204 GTIA,1000000,DOP,10,18.3354,97.860274,14/08/2026,10:55:35 AM,CONTADO,PRIMERA PARTE,ROTC,14/08/2026,CONFIRMADA,3282571,0,04/06/2016,04/12/2026,0,MINISTERIO DE HACIENDA,HACIENDA,59619
DO1002261928,LE090427,BCENTRAL/ LT 20270409 GTIA,15900000,DOP,1590,9.1915,94.339623,14/08/2026,10:55:09 AM,CONTADO,PRIMERA PARTE,ROTC,17/08/2026,CONFIRMADA,3282537,0,09/04/2026,09/04/2027,0,BANCO CENTRAL DE LA REPUBLICA DOMINICANA,BCENTRAL,58912
DO1005206516,MH32028,HACIENDA/10.75 BOEST 20280811 GTIA,5700000,DOP,57,9.6878,101.820916,14/08/2026,10:55:08 AM,PRESTAMO,SEGUNDA PARTE,ROTC,14/09/2026,CONFIRMADA,3282956,0,10/08/2018,11/08/2028,8.49,MINISTERIO DE HACIENDA,HACIENDA,61509
DO1005206516,MH32028,HACIENDA/10.75 BOEST 20280811 GTIA,5700000,DOP,57,9.6488,101.987455,14/08/2026,10:55:08 AM,PRESTAMO,PRIMERA PARTE,ROTC,14/08/2026,CONFIRMADA,3282956,0,10/08/2018,11/08/2028,8.49,MINISTERIO DE HACIENDA,HACIENDA,61628
DO1005206516,MH32028,HACIENDA/10.75 BOEST 20280811 GTIA,5700000,DOP,57,9.6878,101.820916,14/08/2026,10:55:07 AM,ESTRUCTURADA,SEGUNDA PARTE,ROTC,14/09/2026,CONFIRMADA,3282836,0,10/08/2018,11/08/2028,8.49,MINISTERIO DE HACIENDA,HACIENDA,63602
DO1005206516,MH32028,HACIENDA/10.75 BOEST 20280811 GTIA,5700000,DOP,57,9.6488,101.987455,14/08/2026,10:55:07 AM,ESTRUCTURADA,PRIMERA PARTE,ROTC,14/08/2026,CONFIRMADA,3282836,0,10/08/2018,11/08/2028,8.49,MINISTERIO DE HACIENDA,HACIENDA,63721
DO1005208629,MH12031,HACIENDA/8.5 BOEST 20310611 GTIA,1500000,DOP,15,4.2551,118.595094,14/08/2026,10:55:03 AM,PRESTAMO,SEGUNDA PARTE,ROTC,11/09/2026,CONFIRMADA,3282954,0,11/06/2021,11/06/2031,8.24,MINISTERIO DE HACIENDA,HACIENDA,60585
DO1005208629,MH12031,HACIENDA/8.5 BOEST 20310611 GTIA,1500000,DOP,15,4.3345,118.487671,14/08/2026,10:55:03 AM,PRESTAMO,PRIMERA PARTE,ROTC,14/08/2026,CONFIRMADA,3282954,0,11/06/2021,11/06/2031,8.24,MINISTERIO DE HACIENDA,HACIENDA,60683
DO1005208629,MH12031,HACIENDA/8.5 BOEST 20310611 GTIA,1500000,DOP,15,4.2551,118.595094,14/08/2026,10:55:02 AM,ESTRUCTURADA,SEGUNDA PARTE,ROTC,11/09/2026,CONFIRMADA,3282834,0,11/06/2021,11/06/2031,8.24,MINISTERIO DE HACIENDA,HACIENDA,62678
DO1005208629,MH12031,HACIENDA/8.5 BOEST 20310611 GTIA,1500000,DOP,15,4.3345,118.487671,14/08/2026,10:55:02 AM,ESTRUCTURADA,PRIMERA PARTE,ROTC,14/08/2026,CONFIRMADA,3282834,0,11/06/2021,11/06/2031,8.24,MINISTERIO DE HACIENDA,HACIENDA,62776
DO1002261928,LE090427,BCENTRAL/ LT 20270409 GTIA,15480000,DOP,1548,9.2335,94.315245,14/08/2026,10:54:40 AM,CONTADO,PRIMERA PARTE,ROTC,17/08/2026,CONFIRMADA,3282519,0,09/04/2026,09/04/2027,0,BANCO CENTRAL DE LA REPUBLICA DOMINICANA,BCENTRAL,58849
DO1002227317,NO150928,BCENTRAL/11 BOEST 20280915 GTIA,1320000,DOP,132,0.4442,118.393634,14/08/2026,10:54:34 AM,PRESTAMO,SEGUNDA PARTE,ROTC,14/12/2026,CONFIRMADA,3282883,0,15/09/2023,15/09/2028,6.371231,BANCO CENTRAL DE LA REPUBLICA DOMINICANA,BCENTRAL,61236
DO1002227317,NO150928,BCENTRAL/11 BOEST 20280915 GTIA,1320000,DOP,132,4.2154,113.411067,14/08/2026,10:54:34 AM,PRESTAMO,PRIMERA PARTE,ROTC,14/08/2026,CONFIRMADA,3282883,0,15/09/2023,15/09/2028,6.371231,BANCO CENTRAL DE LA REPUBLICA DOMINICANA,BCENTRAL,61250
USP3579ECH82,BSRD2032,"DOMINICAN, REP /4.875 BD 20320923",643000,USD,643,2.5746000000000002,112.525771,14/08/2026,10:54:18 AM,PRESTAMO,SEGUNDA PARTE,ROTC,27/10/2026,CONFIRMADA,3282953,0,23/09/2020,23/09/2032,4.79,MINISTERIO DE HACIENDA,HACIENDA,62160
USP3579ECH82,BSRD2032,"DOMINICAN, REP /4.875 BD 20320923",643000,USD,643,3.071,109.975187,14/08/2026,10:54:18 AM,PRESTAMO,PRIMERA PARTE,ROTC,14/08/2026,CONFIRMADA,3282953,0,23/09/2020,23/09/2032,4.79,MINISTERIO DE HACIENDA,HACIENDA,61929
USP3579ECH82,BSRD2032,"DOMINICAN, REP /4.875 BD 20320923",643000,USD,643,2.5746000000000002,112.525771,14/08/2026,10:54:16 AM,ESTRUCTURADA,SEGUNDA PARTE,ROTC,27/10/2026,CONFIRMADA,3282950,0,23/09/2020,23/09/2032,4.79,MINISTERIO DE HACIENDA,HACIENDA,64246
USP3579ECH82,BSRD2032,"DOMINICAN, REP /4.875 BD 20320923",643000,USD,643,3.071,109.975187,14/08/2026,10:54:16 AM,ESTRUCTURADA,PRIMERA PARTE,ROTC,14/08/2026,CONFIRMADA,3282950,0,23/09/2020,23/09/2032,4.79,MINISTERIO DE HACIENDA,HACIENDA,64015
DO1002227317,NO150928,BCENTRAL/11 BOEST 20280915 GTIA,1320000,DOP,132,0.4442,118.393634,14/08/2026,10:54:03 AM,ESTRUCTURADA,SEGUNDA PARTE,ROTC,14/12/2026,CONFIRMADA,3282881,0,15/09/2023,15/09/2028,7.94,BANCO CENTRAL DE LA REPUBLICA DOMINICANA,BCENTRAL,63308
DO1002227317,NO150928,BCENTRAL/11 BOEST 20280915 GTIA,1320000,DOP,132,4.2154,113.411067,14/08/2026,10:54:03 AM,ESTRUCTURADA,PRIMERA PARTE,ROTC,14/08/2026,CONFIRMADA,3282881,0,15/09/2023,15/09/2028,7.94,BANCO CENTRAL DE LA REPUBLICA DOMINICANA,BCENTRAL,63322
USP3579ECH82,BSRD2032,"DOMINICAN, REP /4.875 BD 20320923",50000,USD,50,5.3,97.805164,14/08/2026,10:54:03 AM,CONTADO,PRIMERA PARTE,ROTC,18/08/2026,CONFIRMADA,3282952,0,23/09/2020,23/09/2032,0,MINISTERIO DE HACIENDA,HACIENDA,59360
DO1002261928,LE090427,BCENTRAL/ LT 20270409 GTIA,3490000,DOP,349,8.7094,96.543258,14/08/2026,10:53:43 AM,PLAZO,PRIMERA PARTE,ROTC,12/11/2026,CONFIRMADA,3282432,0,09/04/2026,09/04/2027,0,BANCO CENTRAL DE LA REPUBLICA DOMINICANA,BCENTRAL,57281
DO1002261928,LE090427,BCENTRAL/ LT 20270409 GTIA,550000,DOP,55,10.8063,95.090473,14/08/2026,10:53:42 AM,PRESTAMO,SEGUNDA PARTE,ROTC,19/10/2026,CONFIRMADA,3282410,0,09/04/2026,09/04/2027,1.526745,BANCO CENTRAL DE LA REPUBLICA DOMINICANA,BCENTRAL,58331
DO1002261928,LE090427,BCENTRAL/ LT 20270409 GTIA,550000,DOP,55,10.4963,93.638684,14/08/2026,10:53:42 AM,PRESTAMO,PRIMERA PARTE,ROTC,19/08/2026,CONFIRMADA,3282410,0,09/04/2026,09/04/2027,1.526745,BANCO CENTRAL DE LA REPUBLICA DOMINICANA,BCENTRAL,58548
DO1002261928,LE090427,BCENTRAL/ LT 20270409 GTIA,550000,DOP,55,10.8063,95.090473,14/08/2026,10:53:40 AM,PLAZO,PRIMERA PARTE,ROTC,19/10/2026,CONFIRMADA,3282411,0,09/04/2026,09/04/2027,0,BANCO CENTRAL DE LA REPUBLICA DOMINICANA,BCENTRAL,56777
DO1002261928,LE090427,BCENTRAL/ LT 20270409 GTIA,220000,DOP,22,0,97.355341,14/08/2026,10:53:39 AM,PRESTAMO,SEGUNDA PARTE,ROTC,19/10/2026,CONFIRMADA,3282413,0,09/04/2026,09/04/2027,1.52675,BANCO CENTRAL DE LA REPUBLICA DOMINICANA,BCENTRAL,56161
DO1002261928,LE090427,BCENTRAL/ LT 20270409 GTIA,220000,DOP,22,6.6577,95.868968,14/08/2026,10:53:39 AM,PRESTAMO,PRIMERA PARTE,ROTC,19/08/2026,CONFIRMADA,3282413,0,09/04/2026,09/04/2027,1.52675,BANCO CENTRAL DE LA REPUBLICA DOMINICANA,BCENTRAL,58310
DO1005208629,MH12031,HACIENDA/8.5 BOEST 20310611 GTIA,2000000,DOP,20,7.6398,103.779973,14/08/2026,10:53:39 AM,PRESTAMO,SEGUNDA PARTE,ROTC,13/10/2026,CONFIRMADA,3282951,0,11/06/2021,11/06/2031,7.49,MINISTERIO DE HACIENDA,HACIENDA,60676
DO1005208629,MH12031,HACIENDA/8.5 BOEST 20310611 GTIA,2000000,DOP,20,7.6428,103.882107,14/08/2026,10:53:39 AM,PRESTAMO,PRIMERA PARTE,ROTC,14/08/2026,CONFIRMADA,3282951,0,11/06/2021,11/06/2031,7.49,MINISTERIO DE HACIENDA,HACIENDA,60641
DO1002261928,LE090427,BCENTRAL/ LT 20270409 GTIA,220000,DOP,22,0,97.355341,14/08/2026,10:53:38 AM,PLAZO,PRIMERA PARTE,ROTC,19/10/2026,CONFIRMADA,3282414,0,09/04/2026,09/04/2027,0,BANCO CENTRAL DE LA REPUBLICA DOMINICANA,BCENTRAL,54614
DO1005208629,MH12031,HACIENDA/8.5 BOEST 20310611 GTIA,2000000,DOP,20,7.6398,103.779973,14/08/2026,10:53:38 AM,ESTRUCTURADA,SEGUNDA PARTE,ROTC,13/10/2026,CONFIRMADA,3282833,0,11/06/2021,11/06/2031,7.49,MINISTERIO DE HACIENDA,HACIENDA,62769
DO1005208629,MH12031,HACIENDA/8.5 BOEST 20310611 GTIA,2000000,DOP,20,7.6428,103.882107,14/08/2026,10:53:38 AM,ESTRUCTURADA,PRIMERA PARTE,ROTC,14/08/2026,CONFIRMADA,3282833,0,11/06/2021,11/06/2031,7.49,MINISTERIO DE HACIENDA,HACIENDA,62734
DO1002261928,LE090427,BCENTRAL/ LT 20270409 GTIA,60000,DOP,6,0,96.60955,14/08/2026,10:53:37 AM,PRESTAMO,SEGUNDA PARTE,ROTC,17/12/2026,CONFIRMADA,3282416,0,09/04/2026,09/04/2027,3.069469,BANCO CENTRAL DE LA REPUBLICA DOMINICANA,BCENTRAL,55188
DO1002261928,LE090427,BCENTRAL/ LT 20270409 GTIA,60000,DOP,6,10.4867,93.64415,14/08/2026,10:53:37 AM,PRESTAMO,PRIMERA PARTE,ROTC,19/08/2026,CONFIRMADA,3282416,0,09/04/2026,09/04/2027,3.069469,BANCO CENTRAL DE LA REPUBLICA DOMINICANA,BCENTRAL,57428
DO1002261928,LE090427,BCENTRAL/ LT 20270409 GTIA,60000,DOP,6,0,96.60955,14/08/2026,10:53:36 AM,PLAZO,PRIMERA PARTE,ROTC,17/12/2026,CONFIRMADA,3282417,0,09/04/2026,09/04/2027,0,BANCO CENTRAL DE LA REPUBLICA DOMINICANA,BCENTRAL,53641
DO1002261928,LE090427,BCENTRAL/ LT 20270409 GTIA,750000,DOP,75,7.9804,96.327167,14/08/2026,10:53:34 AM,PRESTAMO,SEGUNDA PARTE,ROTC,19/10/2026,CONFIRMADA,3282419,0,09/04/2026,09/04/2027,1.510311,BANCO CENTRAL DE LA REPUBLICA DOMINICANA,BCENTRAL,58128
DO1002261928,LE090427,BCENTRAL/ LT 20270409 GTIA,750000,DOP,75,8.3508,94.872327,14/08/2026,10:53:34 AM,PRESTAMO,PRIMERA PARTE,ROTC,19/08/2026,CONFIRMADA,3282419,0,09/04/2026,09/04/2027,1.510311,BANCO CENTRAL DE LA REPUBLICA DOMINICANA,BCENTRAL,58219
DO1002261928,LE090427,BCENTRAL/ LT 20270409 GTIA,750000,DOP,75,7.9804,96.327167,14/08/2026,10:53:33 AM,PLAZO,PRIMERA PARTE,ROTC,19/10/2026,CONFIRMADA,3282420,0,09/04/2026,09/04/2027,0,BANCO CENTRAL DE LA REPUBLICA DOMINICANA,BCENTRAL,56581
DO1002261928,LE090427,BCENTRAL/ LT 20270409 GTIA,510000,DOP,51,9.4821,94.924525,14/08/2026,10:53:32 AM,PRESTAMO,SEGUNDA PARTE,ROTC,18/09/2026,CONFIRMADA,3282422,0,09/04/2026,09/04/2027,0.748522,BANCO CENTRAL DE LA REPUBLICA DOMINICANA,BCENTRAL,58044
DO1002261928,LE090427,BCENTRAL/ LT 20270409 GTIA,510000,DOP,51,9.4888,94.213994,14/08/2026,10:53:32 AM,PRESTAMO,PRIMERA PARTE,ROTC,19/08/2026,CONFIRMADA,3282422,0,09/04/2026,09/04/2027,0.748522,BANCO CENTRAL DE LA REPUBLICA DOMINICANA,BCENTRAL,58205
DO1002261928,LE090427,BCENTRAL/ LT 20270409 GTIA,510000,DOP,51,9.4821,94.924525,14/08/2026,10:53:31 AM,PLAZO,PRIMERA PARTE,ROTC,18/09/2026,CONFIRMADA,3282423,0,09/04/2026,09/04/2027,0,BANCO CENTRAL DE LA REPUBLICA DOMINICANA,BCENTRAL,56497
DO1002261928,LE090427,BCENTRAL/ LT 20270409 GTIA,80000,DOP,8,-20.415,103.098737,14/08/2026,10:53:29 AM,PRESTAMO,SEGUNDA PARTE,ROTC,15/02/2027,CONFIRMADA,3282425,0,09/04/2026,09/04/2027,4.674645,BANCO CENTRAL DE LA REPUBLICA DOMINICANA,BCENTRAL,57932
DO1002261928,LE090427,BCENTRAL/ LT 20270409 GTIA,80000,DOP,8,2.6822,98.279237,14/08/2026,10:53:29 AM,PRESTAMO,PRIMERA PARTE,ROTC,17/08/2026,CONFIRMADA,3282425,0,09/04/2026,09/04/2027,4.674645,BANCO CENTRAL DE LA REPUBLICA DOMINICANA,BCENTRAL,57512
DO1002261928,LE090427,BCENTRAL/ LT 20270409 GTIA,80000,DOP,8,-20.415,103.098737,14/08/2026,10:53:28 AM,PLAZO,PRIMERA PARTE,ROTC,15/02/2027,CONFIRMADA,3282426,0,09/04/2026,09/04/2027,0,BANCO CENTRAL DE LA REPUBLICA DOMINICANA,BCENTRAL,56385
DO1002261928,LE090427,BCENTRAL/ LT 20270409 GTIA,850000,DOP,85,9.3241,94.911459,14/08/2026,10:53:27 AM,PRESTAMO,SEGUNDA PARTE,ROTC,14/09/2026,CONFIRMADA,3282428,0,09/04/2026,09/04/2027,0.773279,BANCO CENTRAL DE LA REPUBLICA DOMINICANA,BCENTRAL,58121
DO1002261928,LE090427,BCENTRAL/ LT 20270409 GTIA,850000,DOP,85,9.3516,94.177528,14/08/2026,10:53:27 AM,PRESTAMO,PRIMERA PARTE,ROTC,14/08/2026,CONFIRMADA,3282428,0,09/04/2026,09/04/2027,0.773279,BANCO CENTRAL DE LA REPUBLICA DOMINICANA,BCENTRAL,58219
DO1002261928,LE090427,BCENTRAL/ LT 20270409 GTIA,850000,DOP,85,9.3241,94.911459,14/08/2026,10:53:25 AM,PLAZO,PRIMERA PARTE,ROTC,14/09/2026,CONFIRMADA,3282429,0,09/04/2026,09/04/2027,0,BANCO CENTRAL DE LA REPUBLICA DOMINICANA,BCENTRAL,56567
DO1002261928,LE090427,BCENTRAL/ LT 20270409 GTIA,3490000,DOP,349,8.7094,96.543258,14/08/2026,10:53:24 AM,PRESTAMO,SEGUNDA PARTE,ROTC,12/11/2026,CONFIRMADA,3282431,0,09/04/2026,09/04/2027,2.296043,BANCO CENTRAL DE LA REPUBLICA DOMINICANA,BCENTRAL,58814
DO1002261928,LE090427,BCENTRAL/ LT 20270409 GTIA,3490000,DOP,349,9.0978,94.326583,14/08/2026,10:53:24 AM,PRESTAMO,PRIMERA PARTE,ROTC,14/08/2026,CONFIRMADA,3282431,0,09/04/2026,09/04/2027,2.296043,BANCO CENTRAL DE LA REPUBLICA DOMINICANA,BCENTRAL,58954
DO1005206516,MH32028,HACIENDA/10.75 BOEST 20280811 GTIA,3600000,DOP,36,0,102.542599,14/08/2026,10:53:13 AM,PRESTAMO,SEGUNDA PARTE,ROTC,14/09/2026,CONFIRMADA,3282949,0,10/08/2018,11/08/2028,8.99,MINISTERIO DE HACIENDA,HACIENDA,59556
DO1005206516,MH32028,HACIENDA/10.75 BOEST 20280811 GTIA,3600000,DOP,36,0,102.659969,14/08/2026,10:53:13 AM,PRESTAMO,PRIMERA PARTE,ROTC,14/08/2026,CONFIRMADA,3282949,0,10/08/2018,11/08/2028,8.99,MINISTERIO DE HACIENDA,HACIENDA,59682
DO1005206516,MH32028,HACIENDA/10.75 BOEST 20280811 GTIA,3600000,DOP,36,0,102.542599,14/08/2026,10:53:12 AM,ESTRUCTURADA,SEGUNDA PARTE,ROTC,14/09/2026,CONFIRMADA,3282837,0,10/08/2018,11/08/2028,8.99,MINISTERIO DE HACIENDA,HACIENDA,61649
DO1005206516,MH32028,HACIENDA/10.75 BOEST 20280811 GTIA,3600000,DOP,36,0,102.659969,14/08/2026,10:53:12 AM,ESTRUCTURADA,PRIMERA PARTE,ROTC,14/08/2026,CONFIRMADA,3282837,0,10/08/2018,11/08/2028,8.99,MINISTERIO DE HACIENDA,HACIENDA,61775
DO1002261423,NO301129,BCENTRAL/9.5 BOEST 20291130 GTIA,300000,DOP,30,9.06513559,101.162238,14/08/2026,10:53:11 AM,ESTRUCTURADA,SEGUNDA PARTE,ROTC,14/09/2026,CONFIRMADA,3282945,0,30/11/2025,30/11/2029,3.15,BANCO CENTRAL DE LA REPUBLICA DOMINICANA,BCENTRAL,64323
DO1002261423,NO301129,BCENTRAL/9.5 BOEST 20291130 GTIA,300000,DOP,30,8.89098127,101.681377,14/08/2026,10:53:11 AM,ESTRUCTURADA,PRIMERA PARTE,ROTC,14/08/2026,CONFIRMADA,3282945,0,30/11/2025,30/11/2029,3.15,BANCO CENTRAL DE LA REPUBLICA DOMINICANA,BCENTRAL,64512
DO1002261928,LE090427,BCENTRAL/ LT 20270409 GTIA,3490000,DOP,349,9.0978,94.326583,14/08/2026,10:52:59 AM,CONTADO,PRIMERA PARTE,ROTC,14/08/2026,CONFIRMADA,3282430,0,09/04/2026,09/04/2027,0,BANCO CENTRAL DE LA REPUBLICA DOMINICANA,BCENTRAL,58310
DO1002261928,LE090427,BCENTRAL/ LT 20270409 GTIA,850000,DOP,85,9.3516,94.177528,14/08/2026,10:52:27 AM,CONTADO,PRIMERA PARTE,ROTC,14/08/2026,CONFIRMADA,3282427,0,09/04/2026,09/04/2027,0,BANCO CENTRAL DE LA REPUBLICA DOMINICANA,BCENTRAL,57519
USP3579ECH82,BSRD2032,"DOMINICAN, REP /4.875 BD 20320923",59000,USD,59,4.443,102.122763,14/08/2026,10:52:27 AM,PRESTAMO,SEGUNDA PARTE,ROTC,10/02/2027,CONFIRMADA,3282947,0,23/09/2020,23/09/2032,4.49,MINISTERIO DE HACIENDA,HACIENDA,60998
USP3579ECH82,BSRD2032,"DOMINICAN, REP /4.875 BD 20320923",59000,USD,59,4.9151,99.785542,14/08/2026,10:52:27 AM,PRESTAMO,PRIMERA PARTE,ROTC,14/08/2026,CONFIRMADA,3282947,0,23/09/2020,23/09/2032,4.49,MINISTERIO DE HACIENDA,HACIENDA,61334
USP3579ECH82,BSRD2032,"DOMINICAN, REP /4.875 BD 20320923",59000,USD,59,4.443,102.122763,14/08/2026,10:52:26 AM,ESTRUCTURADA,SEGUNDA PARTE,ROTC,10/02/2027,CONFIRMADA,3282832,0,23/09/2020,23/09/2032,4.49,MINISTERIO DE HACIENDA,HACIENDA,63091
USP3579ECH82,BSRD2032,"DOMINICAN, REP /4.875 BD 20320923",59000,USD,59,4.9151,99.785542,14/08/2026,10:52:26 AM,ESTRUCTURADA,PRIMERA PARTE,ROTC,14/08/2026,CONFIRMADA,3282832,0,23/09/2020,23/09/2032,4.49,MINISTERIO DE HACIENDA,HACIENDA,63427
DO1002227317,NO150928,BCENTRAL/11 BOEST 20280915 GTIA,1610000,DOP,161,0.0182,118.380203,14/08/2026,10:52:14 AM,PRESTAMO,SEGUNDA PARTE,ROTC,11/01/2027,CONFIRMADA,3282696,0,15/09/2023,15/09/2028,6.966618,BANCO CENTRAL DE LA REPUBLICA DOMINICANA,BCENTRAL,61103
DO1002227317,NO150928,BCENTRAL/11 BOEST 20280915 GTIA,1610000,DOP,161,4.1885,113.468944,14/08/2026,10:52:14 AM,PRESTAMO,PRIMERA PARTE,ROTC,14/08/2026,CONFIRMADA,3282696,0,15/09/2023,15/09/2028,6.966618,BANCO CENTRAL DE LA REPUBLICA DOMINICANA,BCENTRAL,61432
DO1005208629,MH12031,HACIENDA/8.5 BOEST 20310611 GTIA,9400000,DOP,94,4.4124,117.826451,14/08/2026,10:51:34 AM,PRESTAMO,SEGUNDA PARTE,ROTC,14/09/2026,CONFIRMADA,3282946,0,11/06/2021,11/06/2031,8.99,MINISTERIO DE HACIENDA,HACIENDA,60641
DO1005208629,MH12031,HACIENDA/8.5 BOEST 20310611 GTIA,9400000,DOP,94,4.5133,117.636607,14/08/2026,10:51:34 AM,PRESTAMO,PRIMERA PARTE,ROTC,14/08/2026,CONFIRMADA,3282946,0,11/06/2021,11/06/2031,8.99,MINISTERIO DE HACIENDA,HACIENDA,60718
DO1005208629,MH12031,HACIENDA/8.5 BOEST 20310611 GTIA,9400000,DOP,94,4.4124,117.826451,14/08/2026,10:51:33 AM,ESTRUCTURADA,SEGUNDA PARTE,ROTC,14/09/2026,CONFIRMADA,3282853,0,11/06/2021,11/06/2031,8.99,MINISTERIO DE HACIENDA,HACIENDA,62734
DO1005208629,MH12031,HACIENDA/8.5 BOEST 20310611 GTIA,9400000,DOP,94,4.5133,117.636607,14/08/2026,10:51:33 AM,ESTRUCTURADA,PRIMERA PARTE,ROTC,14/08/2026,CONFIRMADA,3282853,0,11/06/2021,11/06/2031,8.99,MINISTERIO DE HACIENDA,HACIENDA,62811
DO1002261928,LE090427,BCENTRAL/ LT 20270409 GTIA,80000,DOP,8,2.6822,98.279237,14/08/2026,10:51:19 AM,CONTADO,PRIMERA PARTE,ROTC,17/08/2026,CONFIRMADA,3282424,0,09/04/2026,09/04/2027,0,BANCO CENTRAL DE LA REPUBLICA DOMINICANA,BCENTRAL,56798
DO1002227317,NO150928,BCENTRAL/11 BOEST 20280915 GTIA,1610000,DOP,161,0.0182,118.380203,14/08/2026,10:51:17 AM,ESTRUCTURADA,SEGUNDA PARTE,ROTC,11/01/2027,CONFIRMADA,3282695,0,15/09/2023,15/09/2028,8.04,BANCO CENTRAL DE LA REPUBLICA DOMINICANA,BCENTRAL,63217
DO1002227317,NO150928,BCENTRAL/11 BOEST 20280915 GTIA,1610000,DOP,161,4.1885,113.468944,14/08/2026,10:51:17 AM,ESTRUCTURADA,PRIMERA PARTE,ROTC,14/08/2026,CONFIRMADA,3282695,0,15/09/2023,15/09/2028,8.04,BANCO CENTRAL DE LA REPUBLICA DOMINICANA,BCENTRAL,63546
DO1002261928,LE090427,BCENTRAL/ LT 20270409 GTIA,510000,DOP,51,9.4888,94.213994,14/08/2026,10:50:48 AM,CONTADO,PRIMERA PARTE,ROTC,19/08/2026,CONFIRMADA,3282421,0,09/04/2026,09/04/2027,0,BANCO CENTRAL DE LA REPUBLICA DOMINICANA,BCENTRAL,57540
DO1002261928,LE090427,BCENTRAL/ LT 20270409 GTIA,750000,DOP,75,8.3508,94.872327,14/08/2026,10:50:03 AM,CONTADO,PRIMERA PARTE,ROTC,19/08/2026,CONFIRMADA,3282418,0,09/04/2026,09/04/2027,0,BANCO CENTRAL DE LA REPUBLICA DOMINICANA,BCENTRAL,57477
DO1002261928,LE090427,BCENTRAL/ LT 20270409 GTIA,60000,DOP,6,10.4867,93.64415,14/08/2026,10:49:34 AM,CONTADO,PRIMERA PARTE,ROTC,19/08/2026,CONFIRMADA,3282415,0,09/04/2026,09/04/2027,0,BANCO CENTRAL DE LA REPUBLICA DOMINICANA,BCENTRAL,56749
DO1002261928,LE090427,BCENTRAL/ LT 20270409 GTIA,220000,DOP,22,6.6577,95.868968,14/08/2026,10:49:06 AM,CONTADO,PRIMERA PARTE,ROTC,19/08/2026,CONFIRMADA,3282412,0,09/04/2026,09/04/2027,0,BANCO CENTRAL DE LA REPUBLICA DOMINICANA,BCENTRAL,57610
DO1014202225,VF3RDV02,FIDSO RD VIAL/12 BOEST 20460729,956553600,DOP,9565536,12.00248432,99.960106,14/08/2026,10:48:57 AM,PLAZO,PRIMERA PARTE,ROTC,21/08/2026,CONFIRMADA,3282820,0,29/07/2026,29/07/2046,0,FIDEICOMISO PARA LA OPERACION MANTENIMIENTO Y EXPANSION DE LA RED VIAL PRINCIPAL DE LA REPUBLICA DOMINICANA,FIDSO RD VIAL,64001
DO1014202225,VF3RDV02,FIDSO RD VIAL/12 BOEST 20460729,956553600,DOP,9565536,12.00248432,99.960106,14/08/2026,10:48:56 AM,PLAZO,PRIMERA PARTE,ROTC,21/08/2026,CONFIRMADA,3282819,0,29/07/2026,29/07/2046,0,FIDEICOMISO PARA LA OPERACION MANTENIMIENTO Y EXPANSION DE LA RED VIAL PRINCIPAL DE LA REPUBLICA DOMINICANA,FIDSO RD VIAL,63994
DO1014202225,VF3RDV02,FIDSO RD VIAL/12 BOEST 20460729,956553600,DOP,9565536,12.00112476,99.975282000000007,14/08/2026,10:48:55 AM,CONTADO,PRIMERA PARTE,ROTC,14/08/2026,CONFIRMADA,3282818,0,29/07/2026,29/07/2046,0,FIDEICOMISO PARA LA OPERACION MANTENIMIENTO Y EXPANSION DE LA RED VIAL PRINCIPAL DE LA REPUBLICA DOMINICANA,FIDSO RD VIAL,64974
DO1014202225,VF3RDV02,FIDSO RD VIAL/12 BOEST 20460729,956553600,DOP,9565536,12.00112476,99.975282000000007,14/08/2026,10:48:54 AM,CONTADO,PRIMERA PARTE,ROTC,14/08/2026,CONFIRMADA,3282817,0,29/07/2026,29/07/2046,0,FIDEICOMISO PARA LA OPERACION MANTENIMIENTO Y EXPANSION DE LA RED VIAL PRINCIPAL DE LA REPUBLICA DOMINICANA,FIDSO RD VIAL,64967
DO1005208629,MH12031,HACIENDA/8.5 BOEST 20310611 GTIA,5000000,DOP,50,9.0081,98.520665,14/08/2026,10:48:49 AM,PRESTAMO,SEGUNDA PARTE,ROTC,14/09/2026,CONFIRMADA,3282888,0,11/06/2021,11/06/2031,8.89,MINISTERIO DE HACIENDA,HACIENDA,60340
DO1005208629,MH12031,HACIENDA/8.5 BOEST 20310611 GTIA,5000000,DOP,50,9.0124,98.487671,14/08/2026,10:48:49 AM,PRESTAMO,PRIMERA PARTE,ROTC,14/08/2026,CONFIRMADA,3282888,0,11/06/2021,11/06/2031,8.89,MINISTERIO DE HACIENDA,HACIENDA,60445
DO1005208629,MH12031,HACIENDA/8.5 BOEST 20310611 GTIA,5000000,DOP,50,9.0081,98.520665,14/08/2026,10:48:48 AM,ESTRUCTURADA,SEGUNDA PARTE,ROTC,14/09/2026,CONFIRMADA,3282855,0,11/06/2021,11/06/2031,8.89,MINISTERIO DE HACIENDA,HACIENDA,62433
DO1005208629,MH12031,HACIENDA/8.5 BOEST 20310611 GTIA,5000000,DOP,50,9.0124,98.487671,14/08/2026,10:48:48 AM,ESTRUCTURADA,PRIMERA PARTE,ROTC,14/08/2026,CONFIRMADA,3282855,0,11/06/2021,11/06/2031,8.89,MINISTERIO DE HACIENDA,HACIENDA,62538
DO1002261928,LE090427,BCENTRAL/ LT 20270409 GTIA,550000,DOP,55,10.4963,93.638684,14/08/2026,10:48:25 AM,CONTADO,PRIMERA PARTE,ROTC,19/08/2026,CONFIRMADA,3282409,0,09/04/2026,09/04/2027,0,BANCO CENTRAL DE LA REPUBLICA DOMINICANA,BCENTRAL,57890
DO1005206516,MH32028,HACIENDA/10.75 BOEST 20280811 GTIA,1900000,DOP,19,7.8849,105.015779,14/08/2026,10:48:07 AM,PRESTAMO,SEGUNDA PARTE,ROTC,11/09/2026,CONFIRMADA,3282861,0,10/08/2018,11/08/2028,8.49,MINISTERIO DE HACIENDA,HACIENDA,61502
DO1005206516,MH32028,HACIENDA/10.75 BOEST 20280811 GTIA,1900000,DOP,19,7.9242,105.145349,14/08/2026,10:48:07 AM,PRESTAMO,PRIMERA PARTE,ROTC,14/08/2026,CONFIRMADA,3282861,0,10/08/2018,11/08/2028,8.49,MINISTERIO DE HACIENDA,HACIENDA,61474
DO1005206516,MH32028,HACIENDA/10.75 BOEST 20280811 GTIA,1900000,DOP,19,7.8849,105.015779,14/08/2026,10:48:05 AM,ESTRUCTURADA,SEGUNDA PARTE,ROTC,11/09/2026,CONFIRMADA,3282831,0,10/08/2018,11/08/2028,8.49,MINISTERIO DE HACIENDA,HACIENDA,63588
DO1005206516,MH32028,HACIENDA/10.75 BOEST 20280811 GTIA,1900000,DOP,19,7.9242,105.145349,14/08/2026,10:48:05 AM,ESTRUCTURADA,PRIMERA PARTE,ROTC,14/08/2026,CONFIRMADA,3282831,0,10/08/2018,11/08/2028,8.49,MINISTERIO DE HACIENDA,HACIENDA,63560
DO1005206516,MH32028,HACIENDA/10.75 BOEST 20280811 GTIA,4900000,DOP,49,9.7097,101.792001,14/08/2026,10:46:50 AM,PRESTAMO,SEGUNDA PARTE,ROTC,11/09/2026,CONFIRMADA,3282838,0,10/08/2018,11/08/2028,8.74,MINISTERIO DE HACIENDA,HACIENDA,61390
DO1005206516,MH32028,HACIENDA/10.75 BOEST 20280811 GTIA,4900000,DOP,49,9.6847,101.923008,14/08/2026,10:46:50 AM,PRESTAMO,PRIMERA PARTE,ROTC,14/08/2026,CONFIRMADA,3282838,0,10/08/2018,11/08/2028,8.74,MINISTERIO DE HACIENDA,HACIENDA,61502
DO1005206516,MH32028,HACIENDA/10.75 BOEST 20280811 GTIA,4900000,DOP,49,9.7097,101.792001,14/08/2026,10:46:48 AM,ESTRUCTURADA,SEGUNDA PARTE,ROTC,11/09/2026,CONFIRMADA,3282830,0,10/08/2018,11/08/2028,8.74,MINISTERIO DE HACIENDA,HACIENDA,63539
DO1005206516,MH32028,HACIENDA/10.75 BOEST 20280811 GTIA,4900000,DOP,49,9.6847,101.923008,14/08/2026,10:46:48 AM,ESTRUCTURADA,PRIMERA PARTE,ROTC,14/08/2026,CONFIRMADA,3282830,0,10/08/2018,11/08/2028,8.74,MINISTERIO DE HACIENDA,HACIENDA,63651
DO1002261928,LE090427,BCENTRAL/ LT 20270409 GTIA,120000,DOP,12,2.7755,98.909525,14/08/2026,10:46:34 AM,PLAZO,PRIMERA PARTE,ROTC,17/11/2026,CONFIRMADA,3282408,0,09/04/2026,09/04/2027,0,BANCO CENTRAL DE LA REPUBLICA DOMINICANA,BCENTRAL,56497
DO1002261928,LE090427,BCENTRAL/ LT 20270409 GTIA,120000,DOP,12,2.7755,98.909525,14/08/2026,10:46:33 AM,PRESTAMO,SEGUNDA PARTE,ROTC,17/11/2026,CONFIRMADA,3282407,0,09/04/2026,09/04/2027,2.296046,BANCO CENTRAL DE LA REPUBLICA DOMINICANA,BCENTRAL,58030
DO1002261928,LE090427,BCENTRAL/ LT 20270409 GTIA,120000,DOP,12,5.3744,96.638517,14/08/2026,10:46:33 AM,PRESTAMO,PRIMERA PARTE,ROTC,19/08/2026,CONFIRMADA,3282407,0,09/04/2026,09/04/2027,2.296046,BANCO CENTRAL DE LA REPUBLICA DOMINICANA,BCENTRAL,58114
DO1002261928,LE090427,BCENTRAL/ LT 20270409 GTIA,770000,DOP,77,11.4842,98.337375,14/08/2026,10:46:32 AM,PLAZO,PRIMERA PARTE,ROTC,15/02/2027,CONFIRMADA,3282405,0,09/04/2026,09/04/2027,0,BANCO CENTRAL DE LA REPUBLICA DOMINICANA,BCENTRAL,56910
DO1002261928,LE090427,BCENTRAL/ LT 20270409 GTIA,770000,DOP,77,11.4842,98.337375,14/08/2026,10:46:31 AM,PRESTAMO,SEGUNDA PARTE,ROTC,15/02/2027,CONFIRMADA,3282404,0,09/04/2026,09/04/2027,4.625655,BANCO CENTRAL DE LA REPUBLICA DOMINICANA,BCENTRAL,58443
DO1002261928,LE090427,BCENTRAL/ LT 20270409 GTIA,770000,DOP,77,10.2326,93.788627,14/08/2026,10:46:31 AM,PRESTAMO,PRIMERA PARTE,ROTC,19/08/2026,CONFIRMADA,3282404,0,09/04/2026,09/04/2027,4.625655,BANCO CENTRAL DE LA REPUBLICA DOMINICANA,BCENTRAL,58562
DO1002261928,LE090427,BCENTRAL/ LT 20270409 GTIA,970000,DOP,97,9.3931,95.704951,14/08/2026,10:46:30 AM,PLAZO,PRIMERA PARTE,ROTC,19/10/2026,CONFIRMADA,3282402,0,09/04/2026,09/04/2027,0,BANCO CENTRAL DE LA REPUBLICA DOMINICANA,BCENTRAL,56602
DO1002261928,LE090427,BCENTRAL/ LT 20270409 GTIA,970000,DOP,97,9.3931,95.704951,14/08/2026,10:46:28 AM,PRESTAMO,SEGUNDA PARTE,ROTC,19/10/2026,CONFIRMADA,3282401,0,09/04/2026,09/04/2027,1.551386,BANCO CENTRAL DE LA REPUBLICA DOMINICANA,BCENTRAL,58191
DO1002261928,LE090427,BCENTRAL/ LT 20270409 GTIA,970000,DOP,97,9.478,94.220197,14/08/2026,10:46:28 AM,PRESTAMO,PRIMERA PARTE,ROTC,19/08/2026,CONFIRMADA,3282401,0,09/04/2026,09/04/2027,1.551386,BANCO CENTRAL DE LA REPUBLICA DOMINICANA,BCENTRAL,57946
DO1005207118,MHUS2026,HACIENDA/6.65 BOEST 20261227 GTIA,55000,USD,55,-2.8841,102.645382,14/08/2026,10:46:27 AM,PLAZO,PRIMERA PARTE,ROTC,18/09/2026,CONFIRMADA,3282399,0,27/12/2019,27/12/2026,0,MINISTERIO DE HACIENDA,HACIENDA,60088
DO1005207118,MHUS2026,HACIENDA/6.65 BOEST 20261227 GTIA,55000,USD,55,-2.8841,102.645382,14/08/2026,10:46:26 AM,PRESTAMO,SEGUNDA PARTE,ROTC,18/09/2026,CONFIRMADA,3282398,0,27/12/2019,27/12/2026,1.26759,MINISTERIO DE HACIENDA,HACIENDA,61621
DO1005207118,MHUS2026,HACIENDA/6.65 BOEST 20261227 GTIA,55000,USD,55,-1.2703,102.837291,14/08/2026,10:46:26 AM,PRESTAMO,PRIMERA PARTE,ROTC,19/08/2026,CONFIRMADA,3282398,0,27/12/2019,27/12/2026,1.26759,MINISTERIO DE HACIENDA,HACIENDA,61628
DO1005211227,MH32029,HACIENDA/12.75 BOEST 20290923 GTIA,2200000,DOP,22,5.5409,118.732434,14/08/2026,10:44:57 AM,PRESTAMO,SEGUNDA PARTE,ROTC,18/11/2026,CONFIRMADA,3282829,0,23/09/2022,23/09/2029,8.7,MINISTERIO DE HACIENDA,HACIENDA,61341
DO1005211227,MH32029,HACIENDA/12.75 BOEST 20290923 GTIA,2200000,DOP,22,7.9639,112.879773,14/08/2026,10:44:57 AM,PRESTAMO,PRIMERA PARTE,ROTC,20/08/2026,CONFIRMADA,3282829,0,23/09/2022,23/09/2029,8.7,MINISTERIO DE HACIENDA,HACIENDA,61558
DO1005211227,MH32029,HACIENDA/12.75 BOEST 20290923 GTIA,2200000,DOP,22,5.5409,118.732434,14/08/2026,10:44:56 AM,ESTRUCTURADA,SEGUNDA PARTE,ROTC,18/11/2026,CONFIRMADA,3282816,0,23/09/2022,23/09/2029,8.7,MINISTERIO DE HACIENDA,HACIENDA,63434
DO1005211227,MH32029,HACIENDA/12.75 BOEST 20290923 GTIA,2200000,DOP,22,7.9639,112.879773,14/08/2026,10:44:56 AM,ESTRUCTURADA,PRIMERA PARTE,ROTC,20/08/2026,CONFIRMADA,3282816,0,23/09/2022,23/09/2029,8.7,MINISTERIO DE HACIENDA,HACIENDA,63651
DO1005205716,MHUS2027,HACIENDA/6 BOEST 20270305 GTIA,21000,USD,21,-1.783,103.556381,14/08/2026,10:44:45 AM,PRESTAMO,SEGUNDA PARTE,ROTC,21/09/2026,CONFIRMADA,3282828,0,05/09/2016,05/03/2027,3.45,MINISTERIO DE HACIENDA,HACIENDA,60046
DO1005205716,MHUS2027,HACIENDA/6 BOEST 20270305 GTIA,21000,USD,21,4.5641,100.73381,14/08/2026,10:44:45 AM,PRESTAMO,PRIMERA PARTE,ROTC,21/08/2026,CONFIRMADA,3282828,0,05/09/2016,05/03/2027,3.45,MINISTERIO DE HACIENDA,HACIENDA,59731
DO1005205716,MHUS2027,HACIENDA/6 BOEST 20270305 GTIA,21000,USD,21,-1.783,103.556381,14/08/2026,10:44:44 AM,ESTRUCTURADA,SEGUNDA PARTE,ROTC,21/09/2026,CONFIRMADA,3282815,0,05/09/2016,05/03/2027,3.45,MINISTERIO DE HACIENDA,HACIENDA,62139
DO1005205716,MHUS2027,HACIENDA/6 BOEST 20270305 GTIA,21000,USD,21,4.5641,100.73381,14/08/2026,10:44:44 AM,ESTRUCTURADA,PRIMERA PARTE,ROTC,21/08/2026,CONFIRMADA,3282815,0,05/09/2016,05/03/2027,3.45,MINISTERIO DE HACIENDA,HACIENDA,61824
DO1002261928,LE090427,BCENTRAL/ LT 20270409 GTIA,120000,DOP,12,5.3744,96.638517,14/08/2026,10:44:35 AM,CONTADO,PRIMERA PARTE,ROTC,19/08/2026,CONFIRMADA,3282406,0,09/04/2026,09/04/2027,0,BANCO CENTRAL DE LA REPUBLICA DOMINICANA,BCENTRAL,57421
DO1002261423,NO301129,BCENTRAL/9.5 BOEST 20291130 GTIA,70000,DOP,7,10.3938,97.651743,14/08/2026,10:44:32 AM,PRESTAMO,SEGUNDA PARTE,ROTC,19/10/2026,CONFIRMADA,3282827,0,30/11/2025,30/11/2029,7.65,BANCO CENTRAL DE LA REPUBLICA DOMINICANA,BCENTRAL,60256
DO1002261423,NO301129,BCENTRAL/9.5 BOEST 20291130 GTIA,70000,DOP,7,10.246,97.934786,14/08/2026,10:44:32 AM,PRESTAMO,PRIMERA PARTE,ROTC,18/08/2026,CONFIRMADA,3282827,0,30/11/2025,30/11/2029,7.65,BANCO CENTRAL DE LA REPUBLICA DOMINICANA,BCENTRAL,60025
DO1002261423,NO301129,BCENTRAL/9.5 BOEST 20291130 GTIA,70000,DOP,7,10.3938,97.651743,14/08/2026,10:44:31 AM,ESTRUCTURADA,SEGUNDA PARTE,ROTC,19/10/2026,CONFIRMADA,3282741,0,30/11/2025,30/11/2029,7.65,BANCO CENTRAL DE LA REPUBLICA DOMINICANA,BCENTRAL,62349
DO1002261423,NO301129,BCENTRAL/9.5 BOEST 20291130 GTIA,70000,DOP,7,10.246,97.934786,14/08/2026,10:44:31 AM,ESTRUCTURADA,PRIMERA PARTE,ROTC,18/08/2026,CONFIRMADA,3282741,0,30/11/2025,30/11/2029,7.65,BANCO CENTRAL DE LA REPUBLICA DOMINICANA,BCENTRAL,62118
DO1005205716,MHUS2027,HACIENDA/6 BOEST 20270305 GTIA,102000,USD,102,-10.499,105.190706,14/08/2026,10:44:14 AM,PRESTAMO,SEGUNDA PARTE,ROTC,16/11/2026,CONFIRMADA,3282826,0,05/09/2016,05/03/2027,4.55,MINISTERIO DE HACIENDA,HACIENDA,61012
DO1005205716,MHUS2027,HACIENDA/6 BOEST 20270305 GTIA,102000,USD,102,1.4778,102.452392,14/08/2026,10:44:14 AM,PRESTAMO,PRIMERA PARTE,ROTC,17/08/2026,CONFIRMADA,3282826,0,05/09/2016,05/03/2027,4.55,MINISTERIO DE HACIENDA,HACIENDA,60830
DO1005205716,MHUS2027,HACIENDA/6 BOEST 20270305 GTIA,102000,USD,102,-10.499,105.190706,14/08/2026,10:44:13 AM,ESTRUCTURADA,SEGUNDA PARTE,ROTC,16/11/2026,CONFIRMADA,3282740,0,05/09/2016,05/03/2027,4.55,MINISTERIO DE HACIENDA,HACIENDA,63105
DO1005205716,MHUS2027,HACIENDA/6 BOEST 20270305 GTIA,102000,USD,102,1.4778,102.452392,14/08/2026,10:44:13 AM,ESTRUCTURADA,PRIMERA PARTE,ROTC,17/08/2026,CONFIRMADA,3282740,0,05/09/2016,05/03/2027,4.55,MINISTERIO DE HACIENDA,HACIENDA,62923
DO2016300124,BC1GUL01,GULFSTREAM/11.25 BO 20290528,87891,DOP,87891,11.41630623,99.613263,14/08/2026,10:44:11 AM,PRESTAMO,SEGUNDA PARTE,ROTC,28/09/2026,CONFIRMADA,3282825,0,28/05/2019,28/05/2029,7.85,GULFSTREAM PETROLEUM DOMINICANA S DE RL,GULFSTREAM,61684
DO2016300124,BC1GUL01,GULFSTREAM/11.25 BO 20290528,87891,DOP,87891,11.24963427,99.995454,14/08/2026,10:44:11 AM,PRESTAMO,PRIMERA PARTE,ROTC,14/08/2026,CONFIRMADA,3282825,0,28/05/2019,28/05/2029,7.85,GULFSTREAM PETROLEUM DOMINICANA S DE RL,GULFSTREAM,61894
DO2016300124,BC1GUL01,GULFSTREAM/11.25 BO 20290528,87891,DOP,87891,11.41630623,99.613263,14/08/2026,10:44:10 AM,ESTRUCTURADA,SEGUNDA PARTE,ROTC,28/09/2026,CONFIRMADA,3282799,0,28/05/2019,28/05/2029,7.85,GULFSTREAM PETROLEUM DOMINICANA S DE RL,GULFSTREAM,63777
DO2016300124,BC1GUL01,GULFSTREAM/11.25 BO 20290528,87891,DOP,87891,11.24963427,99.995454,14/08/2026,10:44:10 AM,ESTRUCTURADA,PRIMERA PARTE,ROTC,14/08/2026,CONFIRMADA,3282799,0,28/05/2019,28/05/2029,7.85,GULFSTREAM PETROLEUM DOMINICANA S DE RL,GULFSTREAM,63987
DO1005204412,MH12029,HACIENDA/11.375 BOEST 20290706 GTIA,700000,DOP,7,8.10753827,107.815324,14/08/2026,10:44:09 AM,PRESTAMO,SEGUNDA PARTE,ROTC,13/10/2026,CONFIRMADA,3282824,0,06/07/2014,06/07/2029,9,MINISTERIO DE HACIENDA,HACIENDA,62419
DO1005204412,MH12029,HACIENDA/11.375 BOEST 20290706 GTIA,700000,DOP,7,8.18681691,108.046262,14/08/2026,10:44:09 AM,PRESTAMO,PRIMERA PARTE,ROTC,14/08/2026,CONFIRMADA,3282824,0,06/07/2014,06/07/2029,9,MINISTERIO DE HACIENDA,HACIENDA,62573
DO1005204412,MH12029,HACIENDA/11.375 BOEST 20290706 GTIA,700000,DOP,7,8.10753827,107.815324,14/08/2026,10:44:08 AM,ESTRUCTURADA,SEGUNDA PARTE,ROTC,13/10/2026,CONFIRMADA,3282800,0,06/07/2014,06/07/2029,9,MINISTERIO DE HACIENDA,HACIENDA,64512
DO1005204412,MH12029,HACIENDA/11.375 BOEST 20290706 GTIA,700000,DOP,7,8.18681691,108.046262,14/08/2026,10:44:08 AM,ESTRUCTURADA,PRIMERA PARTE,ROTC,14/08/2026,CONFIRMADA,3282800,0,06/07/2014,06/07/2029,9,MINISTERIO DE HACIENDA,HACIENDA,64666
DO1002261423,NO301129,BCENTRAL/9.5 BOEST 20291130 GTIA,630000,DOP,63,8.84564491,101.706732,14/08/2026,10:44:07 AM,PRESTAMO,SEGUNDA PARTE,ROTC,12/11/2026,CONFIRMADA,3282823,0,30/11/2025,30/11/2029,8.1,BANCO CENTRAL DE LA REPUBLICA DOMINICANA,BCENTRAL,62342
DO1002261423,NO301129,BCENTRAL/9.5 BOEST 20291130 GTIA,630000,DOP,63,8.80467604,101.926363,14/08/2026,10:44:07 AM,PRESTAMO,PRIMERA PARTE,ROTC,14/08/2026,CONFIRMADA,3282823,0,30/11/2025,30/11/2029,8.1,BANCO CENTRAL DE LA REPUBLICA DOMINICANA,BCENTRAL,62447
DO1002261423,NO301129,BCENTRAL/9.5 BOEST 20291130 GTIA,630000,DOP,63,8.84564491,101.706732,14/08/2026,10:44:05 AM,ESTRUCTURADA,SEGUNDA PARTE,ROTC,12/11/2026,CONFIRMADA,3282810,0,30/11/2025,30/11/2029,8.1,BANCO CENTRAL DE LA REPUBLICA DOMINICANA,BCENTRAL,64428
DO1002261423,NO301129,BCENTRAL/9.5 BOEST 20291130 GTIA,630000,DOP,63,8.80467604,101.926363,14/08/2026,10:44:05 AM,ESTRUCTURADA,PRIMERA PARTE,ROTC,14/08/2026,CONFIRMADA,3282810,0,30/11/2025,30/11/2029,8.1,BANCO CENTRAL DE LA REPUBLICA DOMINICANA,BCENTRAL,64533
DO1005205716,MHUS2027,HACIENDA/6 BOEST 20270305 GTIA,21000,USD,21,-3.7134,102.960571,14/08/2026,10:43:58 AM,PRESTAMO,SEGUNDA PARTE,ROTC,16/11/2026,CONFIRMADA,3282822,0,05/09/2016,05/03/2027,4.95,MINISTERIO DE HACIENDA,HACIENDA,60368
DO1005205716,MHUS2027,HACIENDA/6 BOEST 20270305 GTIA,21000,USD,21,5.6823,100.14481,14/08/2026,10:43:58 AM,PRESTAMO,PRIMERA PARTE,ROTC,17/08/2026,CONFIRMADA,3282822,0,05/09/2016,05/03/2027,4.95,MINISTERIO DE HACIENDA,HACIENDA,59787
DO1005205716,MHUS2027,HACIENDA/6 BOEST 20270305 GTIA,21000,USD,21,-3.7134,102.960571,14/08/2026,10:43:57 AM,ESTRUCTURADA,SEGUNDA PARTE,ROTC,16/11/2026,CONFIRMADA,3282739,0,05/09/2016,05/03/2027,4.95,MINISTERIO DE HACIENDA,HACIENDA,62461
DO1005205716,MHUS2027,HACIENDA/6 BOEST 20270305 GTIA,21000,USD,21,5.6823,100.14481,14/08/2026,10:43:57 AM,ESTRUCTURADA,PRIMERA PARTE,ROTC,17/08/2026,CONFIRMADA,3282739,0,05/09/2016,05/03/2027,4.95,MINISTERIO DE HACIENDA,HACIENDA,61880
DO1005205716,MHUS2027,HACIENDA/6 BOEST 20270305 GTIA,2000,USD,2,-100,117.4315,14/08/2026,10:43:36 AM,PRESTAMO,SEGUNDA PARTE,ROTC,15/02/2027,CONFIRMADA,3282821,0,05/09/2016,05/03/2027,4.05,MINISTERIO DE HACIENDA,HACIENDA,57806
DO1005205716,MHUS2027,HACIENDA/6 BOEST 20270305 GTIA,2000,USD,2,-18.545,114.989,14/08/2026,10:43:36 AM,PRESTAMO,PRIMERA PARTE,ROTC,17/08/2026,CONFIRMADA,3282821,0,05/09/2016,05/03/2027,4.05,MINISTERIO DE HACIENDA,HACIENDA,58800
DO1005205716,MHUS2027,HACIENDA/6 BOEST 20270305 GTIA,2000,USD,2,-100,117.4315,14/08/2026,10:43:35 AM,ESTRUCTURADA,SEGUNDA PARTE,ROTC,15/02/2027,CONFIRMADA,3282738,0,05/09/2016,05/03/2027,4.05,MINISTERIO DE HACIENDA,HACIENDA,59899
DO1005205716,MHUS2027,HACIENDA/6 BOEST 20270305 GTIA,2000,USD,2,-18.545,114.989,14/08/2026,10:43:35 AM,ESTRUCTURADA,PRIMERA PARTE,ROTC,17/08/2026,CONFIRMADA,3282738,0,05/09/2016,05/03/2027,4.05,MINISTERIO DE HACIENDA,HACIENDA,60893
DO1002261928,LE090427,BCENTRAL/ LT 20270409 GTIA,770000,DOP,77,10.2326,93.788627,14/08/2026,10:43:10 AM,CONTADO,PRIMERA PARTE,ROTC,19/08/2026,CONFIRMADA,3282403,0,09/04/2026,09/04/2027,0,BANCO CENTRAL DE LA REPUBLICA DOMINICANA,BCENTRAL,57827
DO1002261928,LE090427,BCENTRAL/ LT 20270409 GTIA,970000,DOP,97,9.478,94.220197,14/08/2026,10:42:47 AM,CONTADO,PRIMERA PARTE,ROTC,19/08/2026,CONFIRMADA,3282400,0,09/04/2026,09/04/2027,0,BANCO CENTRAL DE LA REPUBLICA DOMINICANA,BCENTRAL,57232
DO1005207118,MHUS2026,HACIENDA/6.65 BOEST 20261227 GTIA,55000,USD,55,-1.2703,102.837291,14/08/2026,10:42:12 AM,CONTADO,PRIMERA PARTE,ROTC,19/08/2026,CONFIRMADA,3282397,0,27/12/2019,27/12/2026,0,MINISTERIO DE HACIENDA,HACIENDA,60872
DO1002227317,NO150928,BCENTRAL/11 BOEST 20280915 GTIA,3550000,DOP,355,0.5572,116.518753,14/08/2026,10:41:19 AM,PRESTAMO,SEGUNDA PARTE,ROTC,10/02/2027,CONFIRMADA,3282700,0,15/09/2023,15/09/2028,7.619086,BANCO CENTRAL DE LA REPUBLICA DOMINICANA,BCENTRAL,61327
DO1002227317,NO150928,BCENTRAL/11 BOEST 20280915 GTIA,3550000,DOP,355,4.9745,111.795678,14/08/2026,10:41:19 AM,PRESTAMO,PRIMERA PARTE,ROTC,14/08/2026,CONFIRMADA,3282700,0,15/09/2023,15/09/2028,7.619086,BANCO CENTRAL DE LA REPUBLICA DOMINICANA,BCENTRAL,61579
DO1002227317,NO150928,BCENTRAL/11 BOEST 20280915 GTIA,100000,DOP,10,10.5174,104.58817,14/08/2026,10:40:34 AM,CONTADO,PRIMERA PARTE,ROTC,14/08/2026,CONFIRMADA,3282796,0,15/09/2023,15/09/2028,0,BANCO CENTRAL DE LA REPUBLICA DOMINICANA,BCENTRAL,59864
DO1005206516,MH32028,HACIENDA/10.75 BOEST 20280811 GTIA,6100000,DOP,61,9.0178,102.985133,14/08/2026,10:39:10 AM,PRESTAMO,SEGUNDA PARTE,ROTC,14/09/2026,CONFIRMADA,3282785,0,10/08/2018,11/08/2028,8.29,MINISTERIO DE HACIENDA,HACIENDA,61341
DO1005206516,MH32028,HACIENDA/10.75 BOEST 20280811 GTIA,6100000,DOP,61,8.9998,103.16088,14/08/2026,10:39:10 AM,PRESTAMO,PRIMERA PARTE,ROTC,14/08/2026,CONFIRMADA,3282785,0,10/08/2018,11/08/2028,8.29,MINISTERIO DE HACIENDA,HACIENDA,61152
DO1005206516,MH32028,HACIENDA/10.75 BOEST 20280811 GTIA,6100000,DOP,61,9.0178,102.985133,14/08/2026,10:39:08 AM,ESTRUCTURADA,SEGUNDA PARTE,ROTC,14/09/2026,CONFIRMADA,3282749,0,10/08/2018,11/08/2028,8.29,MINISTERIO DE HACIENDA,HACIENDA,63490
DO1005206516,MH32028,HACIENDA/10.75 BOEST 20280811 GTIA,6100000,DOP,61,8.9998,103.16088,14/08/2026,10:39:08 AM,ESTRUCTURADA,PRIMERA PARTE,ROTC,14/08/2026,CONFIRMADA,3282749,0,10/08/2018,11/08/2028,8.29,MINISTERIO DE HACIENDA,HACIENDA,63301
DO1005206516,MH32028,HACIENDA/10.75 BOEST 20280811 GTIA,2900000,DOP,29,0,103.173747,14/08/2026,10:37:55 AM,PRESTAMO,SEGUNDA PARTE,ROTC,14/09/2026,CONFIRMADA,3282760,0,10/08/2018,11/08/2028,8.49,MINISTERIO DE HACIENDA,HACIENDA,59612
DO1005206516,MH32028,HACIENDA/10.75 BOEST 20280811 GTIA,2900000,DOP,29,0,103.330468,14/08/2026,10:37:55 AM,PRESTAMO,PRIMERA PARTE,ROTC,14/08/2026,CONFIRMADA,3282760,0,10/08/2018,11/08/2028,8.49,MINISTERIO DE HACIENDA,HACIENDA,59633
DO1005206516,MH32028,HACIENDA/10.75 BOEST 20280811 GTIA,2900000,DOP,29,0,103.173747,14/08/2026,10:37:54 AM,ESTRUCTURADA,SEGUNDA PARTE,ROTC,14/09/2026,CONFIRMADA,3282748,0,10/08/2018,11/08/2028,8.49,MINISTERIO DE HACIENDA,HACIENDA,61705
DO1005206516,MH32028,HACIENDA/10.75 BOEST 20280811 GTIA,2900000,DOP,29,0,103.330468,14/08/2026,10:37:54 AM,ESTRUCTURADA,PRIMERA PARTE,ROTC,14/08/2026,CONFIRMADA,3282748,0,10/08/2018,11/08/2028,8.49,MINISTERIO DE HACIENDA,HACIENDA,61726
DO1002227317,NO150928,BCENTRAL/11 BOEST 20280915 GTIA,3550000,DOP,355,0.5572,116.518753,14/08/2026,10:35:53 AM,ESTRUCTURADA,SEGUNDA PARTE,ROTC,10/02/2027,CONFIRMADA,3282699,0,15/09/2023,15/09/2028,8.04,BANCO CENTRAL DE LA REPUBLICA DOMINICANA,BCENTRAL,63434
DO1002227317,NO150928,BCENTRAL/11 BOEST 20280915 GTIA,3550000,DOP,355,4.9745,111.795678,14/08/2026,10:35:53 AM,ESTRUCTURADA,PRIMERA PARTE,ROTC,14/08/2026,CONFIRMADA,3282699,0,15/09/2023,15/09/2028,8.04,BANCO CENTRAL DE LA REPUBLICA DOMINICANA,BCENTRAL,63686
DO1005206516,MH32028,HACIENDA/10.75 BOEST 20280811 GTIA,50500000,DOP,505,9.1941,102.69364,14/08/2026,10:34:20 AM,PRESTAMO,SEGUNDA PARTE,ROTC,10/09/2026,CONFIRMADA,3282750,0,10/08/2018,11/08/2028,8.24,MINISTERIO DE HACIENDA,HACIENDA,61649
DO1005206516,MH32028,HACIENDA/10.75 BOEST 20280811 GTIA,50500000,DOP,505,9.1694,102.852489,14/08/2026,10:34:20 AM,PRESTAMO,PRIMERA PARTE,ROTC,14/08/2026,CONFIRMADA,3282750,0,10/08/2018,11/08/2028,8.24,MINISTERIO DE HACIENDA,HACIENDA,62160
DO1005206516,MH32028,HACIENDA/10.75 BOEST 20280811 GTIA,50500000,DOP,505,9.1941,102.69364,14/08/2026,10:34:19 AM,ESTRUCTURADA,SEGUNDA PARTE,ROTC,10/09/2026,CONFIRMADA,3282747,0,10/08/2018,11/08/2028,8.24,MINISTERIO DE HACIENDA,HACIENDA,63805
DO1005206516,MH32028,HACIENDA/10.75 BOEST 20280811 GTIA,50500000,DOP,505,9.1694,102.852489,14/08/2026,10:34:19 AM,ESTRUCTURADA,PRIMERA PARTE,ROTC,14/08/2026,CONFIRMADA,3282747,0,10/08/2018,11/08/2028,8.24,MINISTERIO DE HACIENDA,HACIENDA,64316
DO1005208629,MH12031,HACIENDA/8.5 BOEST 20310611 GTIA,2000000,DOP,20,7.9106,102.553562,14/08/2026,10:31:32 AM,PRESTAMO,SEGUNDA PARTE,ROTC,10/02/2027,CONFIRMADA,3282746,0,11/06/2021,11/06/2031,7.99,MINISTERIO DE HACIENDA,HACIENDA,60403
DO1005208629,MH12031,HACIENDA/8.5 BOEST 20310611 GTIA,2000000,DOP,20,9.0124,98.487671,14/08/2026,10:31:32 AM,PRESTAMO,PRIMERA PARTE,ROTC,14/08/2026,CONFIRMADA,3282746,0,11/06/2021,11/06/2031,7.99,MINISTERIO DE HACIENDA,HACIENDA,60291
DO1005208629,MH12031,HACIENDA/8.5 BOEST 20310611 GTIA,2000000,DOP,20,7.9106,102.553562,14/08/2026,10:31:30 AM,ESTRUCTURADA,SEGUNDA PARTE,ROTC,10/02/2027,CONFIRMADA,3282744,0,11/06/2021,11/06/2031,7.99,MINISTERIO DE HACIENDA,HACIENDA,62489
DO1005208629,MH12031,HACIENDA/8.5 BOEST 20310611 GTIA,2000000,DOP,20,9.0124,98.487671,14/08/2026,10:31:30 AM,ESTRUCTURADA,PRIMERA PARTE,ROTC,14/08/2026,CONFIRMADA,3282744,0,11/06/2021,11/06/2031,7.99,MINISTERIO DE HACIENDA,HACIENDA,62377
DO1005208629,MH12031,HACIENDA/8.5 BOEST 20310611 GTIA,17900000,DOP,179,7.8656,102.719015,14/08/2026,10:30:33 AM,PRESTAMO,SEGUNDA PARTE,ROTC,10/02/2027,CONFIRMADA,3282745,0,11/06/2021,11/06/2031,8.24,MINISTERIO DE HACIENDA,HACIENDA,61327
DO1005208629,MH12031,HACIENDA/8.5 BOEST 20310611 GTIA,17900000,DOP,179,9.0022,98.526524,14/08/2026,10:30:33 AM,PRESTAMO,PRIMERA PARTE,ROTC,14/08/2026,CONFIRMADA,3282745,0,11/06/2021,11/06/2031,8.24,MINISTERIO DE HACIENDA,HACIENDA,61089
DO1005208629,MH12031,HACIENDA/8.5 BOEST 20310611 GTIA,17900000,DOP,179,7.8656,102.719015,14/08/2026,10:30:32 AM,ESTRUCTURADA,SEGUNDA PARTE,ROTC,10/02/2027,CONFIRMADA,3282743,0,11/06/2021,11/06/2031,8.24,MINISTERIO DE HACIENDA,HACIENDA,63420
DO1005208629,MH12031,HACIENDA/8.5 BOEST 20310611 GTIA,17900000,DOP,179,9.0022,98.526524,14/08/2026,10:30:32 AM,ESTRUCTURADA,PRIMERA PARTE,ROTC,14/08/2026,CONFIRMADA,3282743,0,11/06/2021,11/06/2031,8.24,MINISTERIO DE HACIENDA,HACIENDA,63182
DO1002227317,NO150928,BCENTRAL/11 BOEST 20280915 GTIA,560000,DOP,56,1.0995,116.374186,14/08/2026,10:29:28 AM,PRESTAMO,SEGUNDA PARTE,ROTC,11/01/2027,CONFIRMADA,3282702,0,15/09/2023,15/09/2028,7.028913,BANCO CENTRAL DE LA REPUBLICA DOMINICANA,BCENTRAL,60704
DO1002227317,NO150928,BCENTRAL/11 BOEST 20280915 GTIA,560000,DOP,56,5.1017,111.52795,14/08/2026,10:29:28 AM,PRESTAMO,PRIMERA PARTE,ROTC,14/08/2026,CONFIRMADA,3282702,0,15/09/2023,15/09/2028,7.028913,BANCO CENTRAL DE LA REPUBLICA DOMINICANA,BCENTRAL,60382
DO1005213025,MH22031,HACIENDA/10.25 BOEST 20310209 GTIA,2900000,DOP,29,9.3394,103.23029,14/08/2026,10:28:58 AM,PRESTAMO,SEGUNDA PARTE,ROTC,16/09/2026,CONFIRMADA,3282511,0,09/02/2024,09/02/2031,1.029551,MINISTERIO DE HACIENDA,HACIENDA,60914
DO1005213025,MH22031,HACIENDA/10.25 BOEST 20310209 GTIA,2900000,DOP,29,9.3601,103.223618,14/08/2026,10:28:58 AM,PRESTAMO,PRIMERA PARTE,ROTC,17/08/2026,CONFIRMADA,3282511,0,09/02/2024,09/02/2031,1.029551,MINISTERIO DE HACIENDA,HACIENDA,61292
DO1005213025,MH22031,HACIENDA/10.25 BOEST 20310209 GTIA,2900000,DOP,29,9.3394,103.23029,14/08/2026,10:28:56 AM,ESTRUCTURADA,SEGUNDA PARTE,ROTC,16/09/2026,CONFIRMADA,3282510,0,09/02/2024,09/02/2031,9.85,MINISTERIO DE HACIENDA,HACIENDA,63000
DO1005213025,MH22031,HACIENDA/10.25 BOEST 20310209 GTIA,2900000,DOP,29,9.3601,103.223618,14/08/2026,10:28:56 AM,ESTRUCTURADA,PRIMERA PARTE,ROTC,17/08/2026,CONFIRMADA,3282510,0,09/02/2024,09/02/2031,9.85,MINISTERIO DE HACIENDA,HACIENDA,63378
DO1005213025,MH22031,HACIENDA/10.25 BOEST 20310209 GTIA,12500000,DOP,125,8.9048,104.642938,14/08/2026,10:28:55 AM,PRESTAMO,SEGUNDA PARTE,ROTC,16/11/2026,CONFIRMADA,3282509,0,09/02/2024,09/02/2031,2.614436,MINISTERIO DE HACIENDA,HACIENDA,61936
DO1005213025,MH22031,HACIENDA/10.25 BOEST 20310209 GTIA,12500000,DOP,125,8.9836,104.614567,14/08/2026,10:28:55 AM,PRESTAMO,PRIMERA PARTE,ROTC,17/08/2026,CONFIRMADA,3282509,0,09/02/2024,09/02/2031,2.614436,MINISTERIO DE HACIENDA,HACIENDA,62062
DO1005213025,MH22031,HACIENDA/10.25 BOEST 20310209 GTIA,12500000,DOP,125,8.9048,104.642938,14/08/2026,10:28:54 AM,ESTRUCTURADA,SEGUNDA PARTE,ROTC,16/11/2026,CONFIRMADA,3282508,0,09/02/2024,09/02/2031,9.75,MINISTERIO DE HACIENDA,HACIENDA,64029
DO1005213025,MH22031,HACIENDA/10.25 BOEST 20310209 GTIA,12500000,DOP,125,8.9836,104.614567,14/08/2026,10:28:54 AM,ESTRUCTURADA,PRIMERA PARTE,ROTC,17/08/2026,CONFIRMADA,3282508,0,09/02/2024,09/02/2031,9.75,MINISTERIO DE HACIENDA,HACIENDA,64155
DO1005208215,MHUS2029,HACIENDA/6.95 BOEST 20290626 GTIA,24000,USD,24,2.2385,111.88175,14/08/2026,10:28:53 AM,PRESTAMO,SEGUNDA PARTE,ROTC,16/11/2026,CONFIRMADA,3282507,0,26/06/2020,26/06/2029,2.095069,MINISTERIO DE HACIENDA,HACIENDA,60907
DO1005208215,MHUS2029,HACIENDA/6.95 BOEST 20290626 GTIA,24000,USD,24,2.5048,112.183917,14/08/2026,10:28:53 AM,PRESTAMO,PRIMERA PARTE,ROTC,17/08/2026,CONFIRMADA,3282507,0,26/06/2020,26/06/2029,2.095069,MINISTERIO DE HACIENDA,HACIENDA,61355
DO1005208215,MHUS2029,HACIENDA/6.95 BOEST 20290626 GTIA,24000,USD,24,2.2385,111.88175,14/08/2026,10:28:51 AM,ESTRUCTURADA,SEGUNDA PARTE,ROTC,16/11/2026,CONFIRMADA,3282506,0,26/06/2020,26/06/2029,4.95,MINISTERIO DE HACIENDA,HACIENDA,62993
DO1005208215,MHUS2029,HACIENDA/6.95 BOEST 20290626 GTIA,24000,USD,24,2.5048,112.183917,14/08/2026,10:28:51 AM,ESTRUCTURADA,PRIMERA PARTE,ROTC,17/08/2026,CONFIRMADA,3282506,0,26/06/2020,26/06/2029,4.95,MINISTERIO DE HACIENDA,HACIENDA,63441
DO1005213025,MH22031,HACIENDA/10.25 BOEST 20310209 GTIA,5100000,DOP,51,8.644,105.577813,14/08/2026,10:28:50 AM,PRESTAMO,SEGUNDA PARTE,ROTC,16/11/2026,CONFIRMADA,3282505,0,09/02/2024,09/02/2031,2.612632,MINISTERIO DE HACIENDA,HACIENDA,60816
DO1005213025,MH22031,HACIENDA/10.25 BOEST 20310209 GTIA,5100000,DOP,51,8.7401,105.526956,14/08/2026,10:28:50 AM,PRESTAMO,PRIMERA PARTE,ROTC,17/08/2026,CONFIRMADA,3282505,0,09/02/2024,09/02/2031,2.612632,MINISTERIO DE HACIENDA,HACIENDA,61264
DO1005213025,MH22031,HACIENDA/10.25 BOEST 20310209 GTIA,5100000,DOP,51,8.644,105.577813,14/08/2026,10:28:49 AM,ESTRUCTURADA,SEGUNDA PARTE,ROTC,16/11/2026,CONFIRMADA,3282504,0,09/02/2024,09/02/2031,9.75,MINISTERIO DE HACIENDA,HACIENDA,62972
DO1005213025,MH22031,HACIENDA/10.25 BOEST 20310209 GTIA,5100000,DOP,51,8.7401,105.526956,14/08/2026,10:28:49 AM,ESTRUCTURADA,PRIMERA PARTE,ROTC,17/08/2026,CONFIRMADA,3282504,0,09/02/2024,09/02/2031,9.75,MINISTERIO DE HACIENDA,HACIENDA,63420
DO1005208215,MHUS2029,HACIENDA/6.95 BOEST 20290626 GTIA,316000,USD,316,2.2102,111.9585,14/08/2026,10:28:48 AM,PRESTAMO,SEGUNDA PARTE,ROTC,16/11/2026,CONFIRMADA,3282503,0,26/06/2020,26/06/2029,2.094474,MINISTERIO DE HACIENDA,HACIENDA,61222
DO1005208215,MHUS2029,HACIENDA/6.95 BOEST 20290626 GTIA,316000,USD,316,2.479,112.259728,14/08/2026,10:28:48 AM,PRESTAMO,PRIMERA PARTE,ROTC,17/08/2026,CONFIRMADA,3282503,0,26/06/2020,26/06/2029,2.094474,MINISTERIO DE HACIENDA,HACIENDA,61824
DO1002227317,NO150928,BCENTRAL/11 BOEST 20280915 GTIA,560000,DOP,56,1.0995,116.374186,14/08/2026,10:28:48 AM,ESTRUCTURADA,SEGUNDA PARTE,ROTC,11/01/2027,CONFIRMADA,3282701,0,15/09/2023,15/09/2028,8.04,BANCO CENTRAL DE LA REPUBLICA DOMINICANA,BCENTRAL,62811
DO1002227317,NO150928,BCENTRAL/11 BOEST 20280915 GTIA,560000,DOP,56,5.1017,111.52795,14/08/2026,10:28:48 AM,ESTRUCTURADA,PRIMERA PARTE,ROTC,14/08/2026,CONFIRMADA,3282701,0,15/09/2023,15/09/2028,8.04,BANCO CENTRAL DE LA REPUBLICA DOMINICANA,BCENTRAL,62489
DO1005208215,MHUS2029,HACIENDA/6.95 BOEST 20290626 GTIA,316000,USD,316,2.2102,111.9585,14/08/2026,10:28:46 AM,ESTRUCTURADA,SEGUNDA PARTE,ROTC,16/11/2026,CONFIRMADA,3282502,0,26/06/2020,26/06/2029,4.95,MINISTERIO DE HACIENDA,HACIENDA,63308
DO1005208215,MHUS2029,HACIENDA/6.95 BOEST 20290626 GTIA,316000,USD,316,2.479,112.259728,14/08/2026,10:28:46 AM,ESTRUCTURADA,PRIMERA PARTE,ROTC,17/08/2026,CONFIRMADA,3282502,0,26/06/2020,26/06/2029,4.95,MINISTERIO DE HACIENDA,HACIENDA,63910
DO1002261928,LE090427,BCENTRAL/ LT 20270409 GTIA,900000,DOP,90,9.923,96.182332,14/08/2026,10:28:12 AM,PRESTAMO,SEGUNDA PARTE,ROTC,16/11/2026,CONFIRMADA,3282179,0,09/04/2026,09/04/2027,2.320962,BANCO CENTRAL DE LA REPUBLICA DOMINICANA,BCENTRAL,57638
DO1002261928,LE090427,BCENTRAL/ LT 20270409 GTIA,900000,DOP,90,9.865,93.949977,14/08/2026,10:28:12 AM,PRESTAMO,PRIMERA PARTE,ROTC,17/08/2026,CONFIRMADA,3282179,0,09/04/2026,09/04/2027,2.320962,BANCO CENTRAL DE LA REPUBLICA DOMINICANA,BCENTRAL,57946
DO1002261928,LE090427,BCENTRAL/ LT 20270409 GTIA,900000,DOP,90,9.923,96.182332,14/08/2026,10:28:11 AM,PLAZO,PRIMERA PARTE,ROTC,16/11/2026,CONFIRMADA,3282180,0,09/04/2026,09/04/2027,0,BANCO CENTRAL DE LA REPUBLICA DOMINICANA,BCENTRAL,56091
DO1005207118,MHUS2026,HACIENDA/6.65 BOEST 20261227 GTIA,20000,USD,20,6.625,99.9955,14/08/2026,10:28:10 AM,PRESTAMO,SEGUNDA PARTE,ROTC,13/10/2026,CONFIRMADA,3282239,0,27/12/2019,27/12/2026,1.552767,MINISTERIO DE HACIENDA,HACIENDA,59787
DO1005207118,MHUS2026,HACIENDA/6.65 BOEST 20261227 GTIA,20000,USD,20,5.5887,100.3799,14/08/2026,10:28:10 AM,PRESTAMO,PRIMERA PARTE,ROTC,14/08/2026,CONFIRMADA,3282239,0,27/12/2019,27/12/2026,1.552767,MINISTERIO DE HACIENDA,HACIENDA,60557
DO1005207118,MHUS2026,HACIENDA/6.65 BOEST 20261227 GTIA,20000,USD,20,6.625,99.9955,14/08/2026,10:28:08 AM,PLAZO,PRIMERA PARTE,ROTC,13/10/2026,CONFIRMADA,3282240,0,27/12/2019,27/12/2026,0,MINISTERIO DE HACIENDA,HACIENDA,58296
DO1002261928,LE090427,BCENTRAL/ LT 20270409 GTIA,430000,DOP,43,6.0632,99.0326,14/08/2026,10:28:07 AM,PRESTAMO,SEGUNDA PARTE,ROTC,10/02/2027,CONFIRMADA,3282242,0,09/04/2026,09/04/2027,4.625656,BANCO CENTRAL DE LA REPUBLICA DOMINICANA,BCENTRAL,57190
DO1002261928,LE090427,BCENTRAL/ LT 20270409 GTIA,430000,DOP,43,8.8854,94.451693,14/08/2026,10:28:07 AM,PRESTAMO,PRIMERA PARTE,ROTC,14/08/2026,CONFIRMADA,3282242,0,09/04/2026,09/04/2027,4.625656,BANCO CENTRAL DE LA REPUBLICA DOMINICANA,BCENTRAL,58184
DO1002261928,LE090427,BCENTRAL/ LT 20270409 GTIA,430000,DOP,43,6.0632,99.0326,14/08/2026,10:28:06 AM,PLAZO,PRIMERA PARTE,ROTC,10/02/2027,CONFIRMADA,3282243,0,09/04/2026,09/04/2027,0,BANCO CENTRAL DE LA REPUBLICA DOMINICANA,BCENTRAL,55643
DO1005208322,MHUS2040,HACIENDA/6.75 BOEST 20400724 GTIA,160000,USD,160,4.6229,121.30125,14/08/2026,10:28:04 AM,PRESTAMO,SEGUNDA PARTE,ROTC,15/12/2026,CONFIRMADA,3282245,0,24/07/2020,24/07/2040,1.816769,MINISTERIO DE HACIENDA,HACIENDA,61341
DO1005208322,MHUS2040,HACIENDA/6.75 BOEST 20400724 GTIA,160000,USD,160,4.6218,121.693206,14/08/2026,10:28:04 AM,PRESTAMO,PRIMERA PARTE,ROTC,14/08/2026,CONFIRMADA,3282245,0,24/07/2020,24/07/2040,1.816769,MINISTERIO DE HACIENDA,HACIENDA,61859
DO1005208322,MHUS2040,HACIENDA/6.75 BOEST 20400724 GTIA,160000,USD,160,4.6229,121.30125,14/08/2026,10:28:03 AM,PLAZO,PRIMERA PARTE,ROTC,15/12/2026,CONFIRMADA,3282246,0,24/07/2020,24/07/2040,0,MINISTERIO DE HACIENDA,HACIENDA,59794
DO1002261928,LE090427,BCENTRAL/ LT 20270409 GTIA,330000,DOP,33,0,94.458376,14/08/2026,10:28:02 AM,PRESTAMO,SEGUNDA PARTE,ROTC,14/09/2026,CONFIRMADA,3282248,0,09/04/2026,09/04/2027,0.77328,BANCO CENTRAL DE LA REPUBLICA DOMINICANA,BCENTRAL,56217
DO1002261928,LE090427,BCENTRAL/ LT 20270409 GTIA,330000,DOP,33,10.122,93.727948,14/08/2026,10:28:02 AM,PRESTAMO,PRIMERA PARTE,ROTC,14/08/2026,CONFIRMADA,3282248,0,09/04/2026,09/04/2027,0.77328,BANCO CENTRAL DE LA REPUBLICA DOMINICANA,BCENTRAL,58002
DO1002261928,LE090427,BCENTRAL/ LT 20270409 GTIA,330000,DOP,33,0,94.458376,14/08/2026,10:28:01 AM,PLAZO,PRIMERA PARTE,ROTC,14/09/2026,CONFIRMADA,3282249,0,09/04/2026,09/04/2027,0,BANCO CENTRAL DE LA REPUBLICA DOMINICANA,BCENTRAL,54670
DO1005207118,MHUS2026,HACIENDA/6.65 BOEST 20261227 GTIA,16000,USD,16,-91.073,104.795,14/08/2026,10:27:59 AM,PRESTAMO,SEGUNDA PARTE,ROTC,14/12/2026,CONFIRMADA,3282251,0,27/12/2019,27/12/2026,2.246802,MINISTERIO DE HACIENDA,HACIENDA,60480
DO1005207118,MHUS2026,HACIENDA/6.65 BOEST 20261227 GTIA,16000,USD,16,-7.6312,105.468125,14/08/2026,10:27:59 AM,PRESTAMO,PRIMERA PARTE,ROTC,14/08/2026,CONFIRMADA,3282251,0,27/12/2019,27/12/2026,2.246802,MINISTERIO DE HACIENDA,HACIENDA,61621
DO1005207118,MHUS2026,HACIENDA/6.65 BOEST 20261227 GTIA,16000,USD,16,-91.073,104.795,14/08/2026,10:27:58 AM,PLAZO,PRIMERA PARTE,ROTC,14/12/2026,CONFIRMADA,3282252,0,27/12/2019,27/12/2026,0,MINISTERIO DE HACIENDA,HACIENDA,58933
DO1002261928,LE090427,BCENTRAL/ LT 20270409 GTIA,640000,DOP,64,8.1399,95.528822,14/08/2026,10:27:57 AM,PRESTAMO,SEGUNDA PARTE,ROTC,14/09/2026,CONFIRMADA,3282254,0,09/04/2026,09/04/2027,0.75632,BANCO CENTRAL DE LA REPUBLICA DOMINICANA,BCENTRAL,58177
DO1002261928,LE090427,BCENTRAL/ LT 20270409 GTIA,640000,DOP,64,8.2864,94.806319,14/08/2026,10:27:57 AM,PRESTAMO,PRIMERA PARTE,ROTC,14/08/2026,CONFIRMADA,3282254,0,09/04/2026,09/04/2027,0.75632,BANCO CENTRAL DE LA REPUBLICA DOMINICANA,BCENTRAL,58212
DO1002261928,LE090427,BCENTRAL/ LT 20270409 GTIA,640000,DOP,64,8.1399,95.528822,14/08/2026,10:27:55 AM,PLAZO,PRIMERA PARTE,ROTC,14/09/2026,CONFIRMADA,3282255,0,09/04/2026,09/04/2027,0,BANCO CENTRAL DE LA REPUBLICA DOMINICANA,BCENTRAL,56623
DO1005207118,MHUS2026,HACIENDA/6.65 BOEST 20261227 GTIA,8000,USD,8,2.6989,100.1385,14/08/2026,10:27:54 AM,PRESTAMO,SEGUNDA PARTE,ROTC,14/12/2026,CONFIRMADA,3282257,0,27/12/2019,27/12/2026,2.283366,MINISTERIO DE HACIENDA,HACIENDA,59850
DO1005207118,MHUS2026,HACIENDA/6.65 BOEST 20261227 GTIA,8000,USD,8,4.2243,100.8785,14/08/2026,10:27:54 AM,PRESTAMO,PRIMERA PARTE,ROTC,14/08/2026,CONFIRMADA,3282257,0,27/12/2019,27/12/2026,2.283366,MINISTERIO DE HACIENDA,HACIENDA,59892
DO1005207118,MHUS2026,HACIENDA/6.65 BOEST 20261227 GTIA,8000,USD,8,2.6989,100.1385,14/08/2026,10:27:53 AM,PLAZO,PRIMERA PARTE,ROTC,14/12/2026,CONFIRMADA,3282258,0,27/12/2019,27/12/2026,0,MINISTERIO DE HACIENDA,HACIENDA,58303
DO1002261928,LE090427,BCENTRAL/ LT 20270409 GTIA,120000,DOP,12,0,99.446108,14/08/2026,10:27:52 AM,PRESTAMO,SEGUNDA PARTE,ROTC,14/12/2026,CONFIRMADA,3282260,0,09/04/2026,09/04/2027,3.119026,BANCO CENTRAL DE LA REPUBLICA DOMINICANA,BCENTRAL,56126
DO1002261928,LE090427,BCENTRAL/ LT 20270409 GTIA,120000,DOP,12,5.7394,96.344358,14/08/2026,10:27:52 AM,PRESTAMO,PRIMERA PARTE,ROTC,14/08/2026,CONFIRMADA,3282260,0,09/04/2026,09/04/2027,3.119026,BANCO CENTRAL DE LA REPUBLICA DOMINICANA,BCENTRAL,58093
DO1002261928,LE090427,BCENTRAL/ LT 20270409 GTIA,120000,DOP,12,0,99.446108,14/08/2026,10:27:50 AM,PLAZO,PRIMERA PARTE,ROTC,14/12/2026,CONFIRMADA,3282261,0,09/04/2026,09/04/2027,0,BANCO CENTRAL DE LA REPUBLICA DOMINICANA,BCENTRAL,54572
DO1005208322,MHUS2040,HACIENDA/6.75 BOEST 20400724 GTIA,14000,USD,14,4.9793,117.494929,14/08/2026,10:27:49 AM,PRESTAMO,SEGUNDA PARTE,ROTC,13/10/2026,CONFIRMADA,3282263,0,24/07/2020,24/07/2040,1.018571,MINISTERIO DE HACIENDA,HACIENDA,61285
DO1005208322,MHUS2040,HACIENDA/6.75 BOEST 20400724 GTIA,14000,USD,14,4.9686,117.764357,14/08/2026,10:27:49 AM,PRESTAMO,PRIMERA PARTE,ROTC,14/08/2026,CONFIRMADA,3282263,0,24/07/2020,24/07/2040,1.018571,MINISTERIO DE HACIENDA,HACIENDA,61376
DO1005208322,MHUS2040,HACIENDA/6.75 BOEST 20400724 GTIA,14000,USD,14,4.9793,117.494929,14/08/2026,10:27:48 AM,PLAZO,PRIMERA PARTE,ROTC,13/10/2026,CONFIRMADA,3282264,0,24/07/2020,24/07/2040,0,MINISTERIO DE HACIENDA,HACIENDA,59738
DO1002261928,LE090427,BCENTRAL/ LT 20270409 GTIA,770000,DOP,77,0,98.639494,14/08/2026,10:27:47 AM,PRESTAMO,SEGUNDA PARTE,ROTC,10/02/2027,CONFIRMADA,3282266,0,09/04/2026,09/04/2027,4.625656,BANCO CENTRAL DE LA REPUBLICA DOMINICANA,BCENTRAL,56357
DO1002261928,LE090427,BCENTRAL/ LT 20270409 GTIA,770000,DOP,77,9.5236,94.07677,14/08/2026,10:27:47 AM,PRESTAMO,PRIMERA PARTE,ROTC,14/08/2026,CONFIRMADA,3282266,0,09/04/2026,09/04/2027,4.625656,BANCO CENTRAL DE LA REPUBLICA DOMINICANA,BCENTRAL,57904
DO1002261928,LE090427,BCENTRAL/ LT 20270409 GTIA,770000,DOP,77,0,98.639494,14/08/2026,10:27:45 AM,PLAZO,PRIMERA PARTE,ROTC,10/02/2027,CONFIRMADA,3282267,0,09/04/2026,09/04/2027,0,BANCO CENTRAL DE LA REPUBLICA DOMINICANA,BCENTRAL,54803
DO1002261928,LE090427,BCENTRAL/ LT 20270409 GTIA,110000,DOP,11,15.9801,91.621936,14/08/2026,10:27:44 AM,PRESTAMO,SEGUNDA PARTE,ROTC,15/09/2026,CONFIRMADA,3282269,0,09/04/2026,09/04/2027,0.78053,BANCO CENTRAL DE LA REPUBLICA DOMINICANA,BCENTRAL,58310
DO1002261928,LE090427,BCENTRAL/ LT 20270409 GTIA,110000,DOP,11,15.1302,90.9068,14/08/2026,10:27:44 AM,PRESTAMO,PRIMERA PARTE,ROTC,14/08/2026,CONFIRMADA,3282269,0,09/04/2026,09/04/2027,0.78053,BANCO CENTRAL DE LA REPUBLICA DOMINICANA,BCENTRAL,57568
DO1002261928,LE090427,BCENTRAL/ LT 20270409 GTIA,110000,DOP,11,15.9801,91.621936,14/08/2026,10:27:43 AM,PLAZO,PRIMERA PARTE,ROTC,15/09/2026,CONFIRMADA,3282270,0,09/04/2026,09/04/2027,0,BANCO CENTRAL DE LA REPUBLICA DOMINICANA,BCENTRAL,56763
DO1002261928,LE090427,BCENTRAL/ LT 20270409 GTIA,110000,DOP,11,30.5032,95.315791,14/08/2026,10:27:42 AM,PRESTAMO,SEGUNDA PARTE,ROTC,10/02/2027,CONFIRMADA,3282293,0,09/04/2026,09/04/2027,4.625657,BANCO CENTRAL DE LA REPUBLICA DOMINICANA,BCENTRAL,58163
DO1002261928,LE090427,BCENTRAL/ LT 20270409 GTIA,110000,DOP,11,15.1302,90.906809,14/08/2026,10:27:42 AM,PRESTAMO,PRIMERA PARTE,ROTC,14/08/2026,CONFIRMADA,3282293,0,09/04/2026,09/04/2027,4.625657,BANCO CENTRAL DE LA REPUBLICA DOMINICANA,BCENTRAL,58289
DO1002261928,LE090427,BCENTRAL/ LT 20270409 GTIA,110000,DOP,11,30.5032,95.315791,14/08/2026,10:27:40 AM,PLAZO,PRIMERA PARTE,ROTC,10/02/2027,CONFIRMADA,3282294,0,09/04/2026,09/04/2027,0,BANCO CENTRAL DE LA REPUBLICA DOMINICANA,BCENTRAL,56609
DO1002261928,LE090427,BCENTRAL/ LT 20270409 GTIA,540000,DOP,54,0,97.13947,14/08/2026,10:27:39 AM,PRESTAMO,SEGUNDA PARTE,ROTC,14/12/2026,CONFIRMADA,3282296,0,09/04/2026,09/04/2027,3.11903,BANCO CENTRAL DE LA REPUBLICA DOMINICANA,BCENTRAL,55902
DO1002261928,LE090427,BCENTRAL/ LT 20270409 GTIA,540000,DOP,54,9.4674,94.109661,14/08/2026,10:27:39 AM,PRESTAMO,PRIMERA PARTE,ROTC,14/08/2026,CONFIRMADA,3282296,0,09/04/2026,09/04/2027,3.11903,BANCO CENTRAL DE LA REPUBLICA DOMINICANA,BCENTRAL,58184
DO1002261928,LE090427,BCENTRAL/ LT 20270409 GTIA,540000,DOP,54,0,97.13947,14/08/2026,10:27:38 AM,PLAZO,PRIMERA PARTE,ROTC,14/12/2026,CONFIRMADA,3282297,0,09/04/2026,09/04/2027,0,BANCO CENTRAL DE LA REPUBLICA DOMINICANA,BCENTRAL,54355
DO1005208322,MHUS2040,HACIENDA/6.75 BOEST 20400724 GTIA,8000,USD,8,4.1747,126.528625,14/08/2026,10:27:37 AM,PRESTAMO,SEGUNDA PARTE,ROTC,14/12/2026,CONFIRMADA,3282299,0,24/07/2020,24/07/2040,1.726626,MINISTERIO DE HACIENDA,HACIENDA,60529
DO1005208322,MHUS2040,HACIENDA/6.75 BOEST 20400724 GTIA,8000,USD,8,4.182,126.923625,14/08/2026,10:27:37 AM,PRESTAMO,PRIMERA PARTE,ROTC,14/08/2026,CONFIRMADA,3282299,0,24/07/2020,24/07/2040,1.726626,MINISTERIO DE HACIENDA,HACIENDA,60228
DO1005208322,MHUS2040,HACIENDA/6.75 BOEST 20400724 GTIA,8000,USD,8,4.1747,126.528625,14/08/2026,10:27:35 AM,PLAZO,PRIMERA PARTE,ROTC,14/12/2026,CONFIRMADA,3282300,0,24/07/2020,24/07/2040,0,MINISTERIO DE HACIENDA,HACIENDA,58975
DO1002261928,LE090427,BCENTRAL/ LT 20270409 GTIA,110000,DOP,11,0,98.3906,14/08/2026,10:27:34 AM,PRESTAMO,SEGUNDA PARTE,ROTC,16/11/2026,CONFIRMADA,3282302,0,09/04/2026,09/04/2027,2.320963,BANCO CENTRAL DE LA REPUBLICA DOMINICANA,BCENTRAL,55405
DO1002261928,LE090427,BCENTRAL/ LT 20270409 GTIA,110000,DOP,11,6.2053,96.106991,14/08/2026,10:27:34 AM,PRESTAMO,PRIMERA PARTE,ROTC,17/08/2026,CONFIRMADA,3282302,0,09/04/2026,09/04/2027,2.320963,BANCO CENTRAL DE LA REPUBLICA DOMINICANA,BCENTRAL,58009
DO1002261928,LE090427,BCENTRAL/ LT 20270409 GTIA,110000,DOP,11,0,98.3906,14/08/2026,10:27:33 AM,PLAZO,PRIMERA PARTE,ROTC,16/11/2026,CONFIRMADA,3282303,0,09/04/2026,09/04/2027,0,BANCO CENTRAL DE LA REPUBLICA DOMINICANA,BCENTRAL,53858
DO1005207118,MHUS2026,HACIENDA/6.65 BOEST 20261227 GTIA,22000,USD,22,0,101.966409,14/08/2026,10:27:32 AM,PRESTAMO,SEGUNDA PARTE,ROTC,16/09/2026,CONFIRMADA,3282305,0,27/12/2019,27/12/2026,1.238768,MINISTERIO DE HACIENDA,HACIENDA,59388
DO1005207118,MHUS2026,HACIENDA/6.65 BOEST 20261227 GTIA,22000,USD,22,0.657,102.160773,14/08/2026,10:27:32 AM,PRESTAMO,PRIMERA PARTE,ROTC,17/08/2026,CONFIRMADA,3282305,0,27/12/2019,27/12/2026,1.238768,MINISTERIO DE HACIENDA,HACIENDA,60844
DO1005207118,MHUS2026,HACIENDA/6.65 BOEST 20261227 GTIA,22000,USD,22,0,101.966409,14/08/2026,10:27:30 AM,PLAZO,PRIMERA PARTE,ROTC,16/09/2026,CONFIRMADA,3282306,0,27/12/2019,27/12/2026,0,MINISTERIO DE HACIENDA,HACIENDA,57834
DO1005208322,MHUS2040,HACIENDA/6.75 BOEST 20400724 GTIA,2000,USD,2,2.4265,149.56,14/08/2026,10:27:29 AM,PRESTAMO,SEGUNDA PARTE,ROTC,19/01/2027,CONFIRMADA,3282311,0,24/07/2020,24/07/2040,2.141434,MINISTERIO DE HACIENDA,HACIENDA,59024
DO1005208322,MHUS2040,HACIENDA/6.75 BOEST 20400724 GTIA,2000,USD,2,2.512,149.5685,14/08/2026,10:27:29 AM,PRESTAMO,PRIMERA PARTE,ROTC,17/08/2026,CONFIRMADA,3282311,0,24/07/2020,24/07/2040,2.141434,MINISTERIO DE HACIENDA,HACIENDA,59479
DO1005208322,MHUS2040,HACIENDA/6.75 BOEST 20400724 GTIA,2000,USD,2,2.4265,149.56,14/08/2026,10:27:28 AM,PLAZO,PRIMERA PARTE,ROTC,19/01/2027,CONFIRMADA,3282312,0,24/07/2020,24/07/2040,0,MINISTERIO DE HACIENDA,HACIENDA,57477
DO1005208322,MHUS2040,HACIENDA/6.75 BOEST 20400724 GTIA,2000,USD,2,4.8135,119.075,14/08/2026,10:27:27 AM,PRESTAMO,SEGUNDA PARTE,ROTC,19/01/2027,CONFIRMADA,3282335,0,24/07/2020,24/07/2040,2.21157,MINISTERIO DE HACIENDA,HACIENDA,59346
DO1005208322,MHUS2040,HACIENDA/6.75 BOEST 20400724 GTIA,2000,USD,2,4.7995,119.6505,14/08/2026,10:27:27 AM,PRESTAMO,PRIMERA PARTE,ROTC,17/08/2026,CONFIRMADA,3282335,0,24/07/2020,24/07/2040,2.21157,MINISTERIO DE HACIENDA,HACIENDA,59892
DO1005208322,MHUS2040,HACIENDA/6.75 BOEST 20400724 GTIA,2000,USD,2,4.8135,119.075,14/08/2026,10:27:25 AM,PLAZO,PRIMERA PARTE,ROTC,19/01/2027,CONFIRMADA,3282336,0,24/07/2020,24/07/2040,0,MINISTERIO DE HACIENDA,HACIENDA,57792
DO1002261928,LE090427,BCENTRAL/ LT 20270409 GTIA,40000,DOP,4,-4.346,102.5376,14/08/2026,10:27:24 AM,PRESTAMO,SEGUNDA PARTE,ROTC,16/09/2026,CONFIRMADA,3282338,0,09/04/2026,09/04/2027,0.74853,BANCO CENTRAL DE LA REPUBLICA DOMINICANA,BCENTRAL,56826
DO1002261928,LE090427,BCENTRAL/ LT 20270409 GTIA,40000,DOP,4,-2.6644,101.770075,14/08/2026,10:27:24 AM,PRESTAMO,PRIMERA PARTE,ROTC,17/08/2026,CONFIRMADA,3282338,0,09/04/2026,09/04/2027,0.74853,BANCO CENTRAL DE LA REPUBLICA DOMINICANA,BCENTRAL,57960
DO1002261928,LE090427,BCENTRAL/ LT 20270409 GTIA,40000,DOP,4,-4.346,102.5376,14/08/2026,10:27:23 AM,PLAZO,PRIMERA PARTE,ROTC,16/09/2026,CONFIRMADA,3282339,0,09/04/2026,09/04/2027,0,BANCO CENTRAL DE LA REPUBLICA DOMINICANA,BCENTRAL,55279
DO1002261928,LE090427,BCENTRAL/ LT 20270409 GTIA,220000,DOP,22,0,93.894395,14/08/2026,10:27:21 AM,PRESTAMO,SEGUNDA PARTE,ROTC,16/09/2026,CONFIRMADA,3282341,0,09/04/2026,09/04/2027,0.748525,BANCO CENTRAL DE LA REPUBLICA DOMINICANA,BCENTRAL,56231
DO1002261928,LE090427,BCENTRAL/ LT 20270409 GTIA,220000,DOP,22,11.1919,93.191573,14/08/2026,10:27:21 AM,PRESTAMO,PRIMERA PARTE,ROTC,17/08/2026,CONFIRMADA,3282341,0,09/04/2026,09/04/2027,0.748525,BANCO CENTRAL DE LA REPUBLICA DOMINICANA,BCENTRAL,58366
DO1002261928,LE090427,BCENTRAL/ LT 20270409 GTIA,220000,DOP,22,0,93.894395,14/08/2026,10:27:20 AM,PLAZO,PRIMERA PARTE,ROTC,16/09/2026,CONFIRMADA,3282342,0,09/04/2026,09/04/2027,0,BANCO CENTRAL DE LA REPUBLICA DOMINICANA,BCENTRAL,54684
DO1002261928,LE090427,BCENTRAL/ LT 20270409 GTIA,20000,DOP,2,-30.756,114.02845,14/08/2026,10:27:19 AM,PRESTAMO,SEGUNDA PARTE,ROTC,16/11/2026,CONFIRMADA,3282344,0,09/04/2026,09/04/2027,2.296006,BANCO CENTRAL DE LA REPUBLICA DOMINICANA,BCENTRAL,57484
DO1002261928,LE090427,BCENTRAL/ LT 20270409 GTIA,20000,DOP,2,-15.756,111.41035,14/08/2026,10:27:19 AM,PRESTAMO,PRIMERA PARTE,ROTC,18/08/2026,CONFIRMADA,3282344,0,09/04/2026,09/04/2027,2.296006,BANCO CENTRAL DE LA REPUBLICA DOMINICANA,BCENTRAL,57561
DO1002261928,LE090427,BCENTRAL/ LT 20270409 GTIA,20000,DOP,2,-30.756,114.02845,14/08/2026,10:27:18 AM,PLAZO,PRIMERA PARTE,ROTC,16/11/2026,CONFIRMADA,3282345,0,09/04/2026,09/04/2027,0,BANCO CENTRAL DE LA REPUBLICA DOMINICANA,BCENTRAL,55937
DO1002261928,LE090427,BCENTRAL/ LT 20270409 GTIA,120000,DOP,12,0,97.015792,14/08/2026,10:27:16 AM,PRESTAMO,SEGUNDA PARTE,ROTC,15/02/2027,CONFIRMADA,3282347,0,09/04/2026,09/04/2027,4.650154,BANCO CENTRAL DE LA REPUBLICA DOMINICANA,BCENTRAL,56126
DO1002261928,LE090427,BCENTRAL/ LT 20270409 GTIA,120000,DOP,12,12.4661,92.504408,14/08/2026,10:27:16 AM,PRESTAMO,PRIMERA PARTE,ROTC,18/08/2026,CONFIRMADA,3282347,0,09/04/2026,09/04/2027,4.650154,BANCO CENTRAL DE LA REPUBLICA DOMINICANA,BCENTRAL,58331
DO1002261928,LE090427,BCENTRAL/ LT 20270409 GTIA,120000,DOP,12,0,97.015792,14/08/2026,10:27:15 AM,PLAZO,PRIMERA PARTE,ROTC,15/02/2027,CONFIRMADA,3282348,0,09/04/2026,09/04/2027,0,BANCO CENTRAL DE LA REPUBLICA DOMINICANA,BCENTRAL,54579
DO1002261928,LE090427,BCENTRAL/ LT 20270409 GTIA,550000,DOP,55,0,96.289302,14/08/2026,10:27:14 AM,PRESTAMO,SEGUNDA PARTE,ROTC,19/10/2026,CONFIRMADA,3282350,0,09/04/2026,09/04/2027,1.551385,BANCO CENTRAL DE LA REPUBLICA DOMINICANA,BCENTRAL,56217
DO1002261928,LE090427,BCENTRAL/ LT 20270409 GTIA,550000,DOP,55,8.4466,94.795484,14/08/2026,10:27:14 AM,PRESTAMO,PRIMERA PARTE,ROTC,18/08/2026,CONFIRMADA,3282350,0,09/04/2026,09/04/2027,1.551385,BANCO CENTRAL DE LA REPUBLICA DOMINICANA,BCENTRAL,58261
DO1002261928,LE090427,BCENTRAL/ LT 20270409 GTIA,550000,DOP,55,0,96.289302,14/08/2026,10:27:12 AM,PLAZO,PRIMERA PARTE,ROTC,19/10/2026,CONFIRMADA,3282351,0,09/04/2026,09/04/2027,0,BANCO CENTRAL DE LA REPUBLICA DOMINICANA,BCENTRAL,54663
DO1002261928,LE090427,BCENTRAL/ LT 20270409 GTIA,1270000,DOP,127,0,96.768803,14/08/2026,10:27:11 AM,PRESTAMO,SEGUNDA PARTE,ROTC,16/11/2026,CONFIRMADA,3282353,0,09/04/2026,09/04/2027,2.296042,BANCO CENTRAL DE LA REPUBLICA DOMINICANA,BCENTRAL,56910
DO1002261928,LE090427,BCENTRAL/ LT 20270409 GTIA,1270000,DOP,127,8.8732,94.54695,14/08/2026,10:27:11 AM,PRESTAMO,PRIMERA PARTE,ROTC,18/08/2026,CONFIRMADA,3282353,0,09/04/2026,09/04/2027,2.296042,BANCO CENTRAL DE LA REPUBLICA DOMINICANA,BCENTRAL,58520
DO1002227317,NO150928,BCENTRAL/11 BOEST 20280915 GTIA,750000,DOP,75,0.5711,117.348783,14/08/2026,10:27:11 AM,PRESTAMO,SEGUNDA PARTE,ROTC,11/01/2027,CONFIRMADA,3282704,0,15/09/2023,15/09/2028,6.99839,BANCO CENTRAL DE LA REPUBLICA DOMINICANA,BCENTRAL,60613
DO1002227317,NO150928,BCENTRAL/11 BOEST 20280915 GTIA,750000,DOP,75,4.6555,112.470957,14/08/2026,10:27:11 AM,PRESTAMO,PRIMERA PARTE,ROTC,14/08/2026,CONFIRMADA,3282704,0,15/09/2023,15/09/2028,6.99839,BANCO CENTRAL DE LA REPUBLICA DOMINICANA,BCENTRAL,60774
DO1002261928,LE090427,BCENTRAL/ LT 20270409 GTIA,1270000,DOP,127,0,96.768803,14/08/2026,10:27:10 AM,PLAZO,PRIMERA PARTE,ROTC,16/11/2026,CONFIRMADA,3282354,0,09/04/2026,09/04/2027,0,BANCO CENTRAL DE LA REPUBLICA DOMINICANA,BCENTRAL,55363
DO1002261928,LE090427,BCENTRAL/ LT 20270409 GTIA,1590000,DOP,159,0,96.49554,14/08/2026,10:27:09 AM,PRESTAMO,SEGUNDA PARTE,ROTC,16/11/2026,CONFIRMADA,3282356,0,09/04/2026,09/04/2027,2.296042,BANCO CENTRAL DE LA REPUBLICA DOMINICANA,BCENTRAL,56658
DO1002261928,LE090427,BCENTRAL/ LT 20270409 GTIA,1590000,DOP,159,9.334,94.279962,14/08/2026,10:27:09 AM,PRESTAMO,PRIMERA PARTE,ROTC,18/08/2026,CONFIRMADA,3282356,0,09/04/2026,09/04/2027,2.296042,BANCO CENTRAL DE LA REPUBLICA DOMINICANA,BCENTRAL,58618
DO1002261928,LE090427,BCENTRAL/ LT 20270409 GTIA,1590000,DOP,159,0,96.49554,14/08/2026,10:27:08 AM,PLAZO,PRIMERA PARTE,ROTC,16/11/2026,CONFIRMADA,3282357,0,09/04/2026,09/04/2027,0,BANCO CENTRAL DE LA REPUBLICA DOMINICANA,BCENTRAL,55111
DO1002261928,LE090427,BCENTRAL/ LT 20270409 GTIA,60000,DOP,6,0,91.661983,14/08/2026,10:27:07 AM,PRESTAMO,SEGUNDA PARTE,ROTC,15/02/2027,CONFIRMADA,3282359,0,09/04/2026,09/04/2027,4.650165,BANCO CENTRAL DE LA REPUBLICA DOMINICANA,BCENTRAL,55517
DO1002261928,LE090427,BCENTRAL/ LT 20270409 GTIA,60000,DOP,6,22.1801,87.39955,14/08/2026,10:27:07 AM,PRESTAMO,PRIMERA PARTE,ROTC,18/08/2026,CONFIRMADA,3282359,0,09/04/2026,09/04/2027,4.650165,BANCO CENTRAL DE LA REPUBLICA DOMINICANA,BCENTRAL,57421
DO1002261928,LE090427,BCENTRAL/ LT 20270409 GTIA,60000,DOP,6,0,91.661983,14/08/2026,10:27:05 AM,PLAZO,PRIMERA PARTE,ROTC,15/02/2027,CONFIRMADA,3282360,0,09/04/2026,09/04/2027,0,BANCO CENTRAL DE LA REPUBLICA DOMINICANA,BCENTRAL,53963
DO1002261928,LE090427,BCENTRAL/ LT 20270409 GTIA,90000,DOP,9,0,96.508922,14/08/2026,10:27:04 AM,PRESTAMO,SEGUNDA PARTE,ROTC,15/02/2027,CONFIRMADA,3282362,0,09/04/2026,09/04/2027,4.650163,BANCO CENTRAL DE LA REPUBLICA DOMINICANA,BCENTRAL,55524
DO1002261928,LE090427,BCENTRAL/ LT 20270409 GTIA,90000,DOP,9,13.3396,92.0211,14/08/2026,10:27:04 AM,PRESTAMO,PRIMERA PARTE,ROTC,18/08/2026,CONFIRMADA,3282362,0,09/04/2026,09/04/2027,4.650163,BANCO CENTRAL DE LA REPUBLICA DOMINICANA,BCENTRAL,56966
DO1002261928,LE090427,BCENTRAL/ LT 20270409 GTIA,90000,DOP,9,0,96.508922,14/08/2026,10:27:03 AM,PLAZO,PRIMERA PARTE,ROTC,15/02/2027,CONFIRMADA,3282363,0,09/04/2026,09/04/2027,0,BANCO CENTRAL DE LA REPUBLICA DOMINICANA,BCENTRAL,53977
DO1005208322,MHUS2040,HACIENDA/6.75 BOEST 20400724 GTIA,21000,USD,21,4.4708,122.92781,14/08/2026,10:27:02 AM,PRESTAMO,SEGUNDA PARTE,ROTC,20/01/2027,CONFIRMADA,3282365,0,24/07/2020,24/07/2040,2.257181,MINISTERIO DE HACIENDA,HACIENDA,60676
DO1005208322,MHUS2040,HACIENDA/6.75 BOEST 20400724 GTIA,21000,USD,21,4.4763,123.378619,14/08/2026,10:27:02 AM,PRESTAMO,PRIMERA PARTE,ROTC,18/08/2026,CONFIRMADA,3282365,0,24/07/2020,24/07/2040,2.257181,MINISTERIO DE HACIENDA,HACIENDA,61229
DO1005208322,MHUS2040,HACIENDA/6.75 BOEST 20400724 GTIA,21000,USD,21,4.4708,122.92781,14/08/2026,10:27:01 AM,PLAZO,PRIMERA PARTE,ROTC,20/01/2027,CONFIRMADA,3282366,0,24/07/2020,24/07/2040,0,MINISTERIO DE HACIENDA,HACIENDA,59129
DO1002261928,LE090427,BCENTRAL/ LT 20270409 GTIA,1750000,DOP,175,0,95.693689,14/08/2026,10:27:00 AM,PRESTAMO,SEGUNDA PARTE,ROTC,19/10/2026,CONFIRMADA,3282368,0,09/04/2026,09/04/2027,1.551386,BANCO CENTRAL DE LA REPUBLICA DOMINICANA,BCENTRAL,57008
DO1002261928,LE090427,BCENTRAL/ LT 20270409 GTIA,1750000,DOP,175,9.4567,94.20911,14/08/2026,10:27:00 AM,PRESTAMO,PRIMERA PARTE,ROTC,18/08/2026,CONFIRMADA,3282368,0,09/04/2026,09/04/2027,1.551386,BANCO CENTRAL DE LA REPUBLICA DOMINICANA,BCENTRAL,58457
DO1002261928,LE090427,BCENTRAL/ LT 20270409 GTIA,1750000,DOP,175,0,95.693689,14/08/2026,10:26:59 AM,PLAZO,PRIMERA PARTE,ROTC,19/10/2026,CONFIRMADA,3282369,0,09/04/2026,09/04/2027,0,BANCO CENTRAL DE LA REPUBLICA DOMINICANA,BCENTRAL,55559
DO1002261928,LE090427,BCENTRAL/ LT 20270409 GTIA,10000,DOP,1,-13.549,106.9217,14/08/2026,10:26:57 AM,PRESTAMO,SEGUNDA PARTE,ROTC,19/10/2026,CONFIRMADA,3282371,0,09/04/2026,09/04/2027,1.643072,BANCO CENTRAL DE LA REPUBLICA DOMINICANA,BCENTRAL,57169
DO1002261928,LE090427,BCENTRAL/ LT 20270409 GTIA,10000,DOP,1,-7.5558,105.1649,14/08/2026,10:26:57 AM,PRESTAMO,PRIMERA PARTE,ROTC,18/08/2026,CONFIRMADA,3282371,0,09/04/2026,09/04/2027,1.643072,BANCO CENTRAL DE LA REPUBLICA DOMINICANA,BCENTRAL,57330
DO1002261928,LE090427,BCENTRAL/ LT 20270409 GTIA,10000,DOP,1,-13.549,106.9217,14/08/2026,10:26:56 AM,PLAZO,PRIMERA PARTE,ROTC,19/10/2026,CONFIRMADA,3282372,0,09/04/2026,09/04/2027,0,BANCO CENTRAL DE LA REPUBLICA DOMINICANA,BCENTRAL,55622
DO1002261928,LE090427,BCENTRAL/ LT 20270409 GTIA,60000,DOP,6,-13.538,105.09845,14/08/2026,10:26:55 AM,PRESTAMO,SEGUNDA PARTE,ROTC,01/12/2026,CONFIRMADA,3282374,0,09/04/2026,09/04/2027,2.696123,BANCO CENTRAL DE LA REPUBLICA DOMINICANA,BCENTRAL,57540
DO1002261928,LE090427,BCENTRAL/ LT 20270409 GTIA,60000,DOP,6,-3.4072,102.264867,14/08/2026,10:26:55 AM,PRESTAMO,PRIMERA PARTE,ROTC,18/08/2026,CONFIRMADA,3282374,0,09/04/2026,09/04/2027,2.696123,BANCO CENTRAL DE LA REPUBLICA DOMINICANA,BCENTRAL,58030
DO1002261928,LE090427,BCENTRAL/ LT 20270409 GTIA,60000,DOP,6,-13.538,105.09845,14/08/2026,10:26:54 AM,PLAZO,PRIMERA PARTE,ROTC,01/12/2026,CONFIRMADA,3282375,0,09/04/2026,09/04/2027,0,BANCO CENTRAL DE LA REPUBLICA DOMINICANA,BCENTRAL,55993
DO1005207118,MHUS2026,HACIENDA/6.65 BOEST 20261227 GTIA,2000,USD,2,-100,104.887,14/08/2026,10:26:53 AM,PRESTAMO,SEGUNDA PARTE,ROTC,16/12/2026,CONFIRMADA,3282377,0,27/12/2019,27/12/2026,2.290306,MINISTERIO DE HACIENDA,HACIENDA,58590
DO1005207118,MHUS2026,HACIENDA/6.65 BOEST 20261227 GTIA,2000,USD,2,-8.2407,105.5465,14/08/2026,10:26:53 AM,PRESTAMO,PRIMERA PARTE,ROTC,18/08/2026,CONFIRMADA,3282377,0,27/12/2019,27/12/2026,2.290306,MINISTERIO DE HACIENDA,HACIENDA,60158
DO1005207118,MHUS2026,HACIENDA/6.65 BOEST 20261227 GTIA,2000,USD,2,-100,104.887,14/08/2026,10:26:52 AM,PLAZO,PRIMERA PARTE,ROTC,16/12/2026,CONFIRMADA,3282378,0,27/12/2019,27/12/2026,0,MINISTERIO DE HACIENDA,HACIENDA,57043
DO1002261928,LE090427,BCENTRAL/ LT 20270409 GTIA,230000,DOP,23,0,98.228874,14/08/2026,10:26:50 AM,PRESTAMO,SEGUNDA PARTE,ROTC,15/02/2027,CONFIRMADA,3282380,0,09/04/2026,09/04/2027,4.65016,BANCO CENTRAL DE LA REPUBLICA DOMINICANA,BCENTRAL,56189
DO1002261928,LE090427,BCENTRAL/ LT 20270409 GTIA,230000,DOP,23,10.4122,93.661074,14/08/2026,10:26:50 AM,PRESTAMO,PRIMERA PARTE,ROTC,18/08/2026,CONFIRMADA,3282380,0,09/04/2026,09/04/2027,4.65016,BANCO CENTRAL DE LA REPUBLICA DOMINICANA,BCENTRAL,58296
DO1002261928,LE090427,BCENTRAL/ LT 20270409 GTIA,230000,DOP,23,0,98.228874,14/08/2026,10:26:49 AM,PLAZO,PRIMERA PARTE,ROTC,15/02/2027,CONFIRMADA,3282381,0,09/04/2026,09/04/2027,0,BANCO CENTRAL DE LA REPUBLICA DOMINICANA,BCENTRAL,54705
DO1005207118,MHUS2026,HACIENDA/6.65 BOEST 20261227 GTIA,8000,USD,8,0,100.351,14/08/2026,10:26:48 AM,PRESTAMO,SEGUNDA PARTE,ROTC,16/11/2026,CONFIRMADA,3282383,0,27/12/2019,27/12/2026,1.971694,MINISTERIO DE HACIENDA,HACIENDA,57575
DO1005207118,MHUS2026,HACIENDA/6.65 BOEST 20261227 GTIA,8000,USD,8,4.0664,100.9085,14/08/2026,10:26:48 AM,PRESTAMO,PRIMERA PARTE,ROTC,18/08/2026,CONFIRMADA,3282383,0,27/12/2019,27/12/2026,1.971694,MINISTERIO DE HACIENDA,HACIENDA,59927
DO1005207118,MHUS2026,HACIENDA/6.65 BOEST 20261227 GTIA,8000,USD,8,0,100.351,14/08/2026,10:26:47 AM,PLAZO,PRIMERA PARTE,ROTC,16/11/2026,CONFIRMADA,3282384,0,27/12/2019,27/12/2026,0,MINISTERIO DE HACIENDA,HACIENDA,56028
DO1002261928,LE090427,BCENTRAL/ LT 20270409 GTIA,30000,DOP,3,0,83.2897,14/08/2026,10:26:46 AM,PRESTAMO,SEGUNDA PARTE,ROTC,19/10/2026,CONFIRMADA,3282386,0,09/04/2026,09/04/2027,1.551372,BANCO CENTRAL DE LA REPUBLICA DOMINICANA,BCENTRAL,54789
DO1002261928,LE090427,BCENTRAL/ LT 20270409 GTIA,30000,DOP,3,33.7767,81.997567,14/08/2026,10:26:46 AM,PRESTAMO,PRIMERA PARTE,ROTC,18/08/2026,CONFIRMADA,3282386,0,09/04/2026,09/04/2027,1.551372,BANCO CENTRAL DE LA REPUBLICA DOMINICANA,BCENTRAL,57904
DO1002261928,LE090427,BCENTRAL/ LT 20270409 GTIA,30000,DOP,3,0,83.2897,14/08/2026,10:26:44 AM,PLAZO,PRIMERA PARTE,ROTC,19/10/2026,CONFIRMADA,3282387,0,09/04/2026,09/04/2027,0,BANCO CENTRAL DE LA REPUBLICA DOMINICANA,BCENTRAL,53235
DO1002261928,LE090427,BCENTRAL/ LT 20270409 GTIA,1030000,DOP,103,9.9148,98.561328,14/08/2026,10:26:43 AM,PRESTAMO,SEGUNDA PARTE,ROTC,15/02/2027,CONFIRMADA,3282389,0,09/04/2026,09/04/2027,4.650159,BANCO CENTRAL DE LA REPUBLICA DOMINICANA,BCENTRAL,58702
DO1002261928,LE090427,BCENTRAL/ LT 20270409 GTIA,1030000,DOP,103,9.8582,93.97807,14/08/2026,10:26:43 AM,PRESTAMO,PRIMERA PARTE,ROTC,18/08/2026,CONFIRMADA,3282389,0,09/04/2026,09/04/2027,4.650159,BANCO CENTRAL DE LA REPUBLICA DOMINICANA,BCENTRAL,58499
DO1002261928,LE090427,BCENTRAL/ LT 20270409 GTIA,1030000,DOP,103,9.9148,98.561328,14/08/2026,10:26:42 AM,PLAZO,PRIMERA PARTE,ROTC,15/02/2027,CONFIRMADA,3282390,0,09/04/2026,09/04/2027,0,BANCO CENTRAL DE LA REPUBLICA DOMINICANA,BCENTRAL,57155
DO1005207118,MHUS2026,HACIENDA/6.65 BOEST 20261227 GTIA,6000,USD,6,0,101.6515,14/08/2026,10:26:41 AM,PRESTAMO,SEGUNDA PARTE,ROTC,17/09/2026,CONFIRMADA,3282392,0,27/12/2019,27/12/2026,1.259063,MINISTERIO DE HACIENDA,HACIENDA,57953
DO1005207118,MHUS2026,HACIENDA/6.65 BOEST 20261227 GTIA,6000,USD,6,1.4689,101.846833,14/08/2026,10:26:41 AM,PRESTAMO,PRIMERA PARTE,ROTC,18/08/2026,CONFIRMADA,3282392,0,27/12/2019,27/12/2026,1.259063,MINISTERIO DE HACIENDA,HACIENDA,60655
DO1005207118,MHUS2026,HACIENDA/6.65 BOEST 20261227 GTIA,6000,USD,6,0,101.6515,14/08/2026,10:26:40 AM,PLAZO,PRIMERA PARTE,ROTC,17/09/2026,CONFIRMADA,3282393,0,27/12/2019,27/12/2026,0,MINISTERIO DE HACIENDA,HACIENDA,56406
DO1002261928,LE090427,BCENTRAL/ LT 20270409 GTIA,620000,DOP,62,0,96.444942,14/08/2026,10:26:39 AM,PRESTAMO,SEGUNDA PARTE,ROTC,17/11/2026,CONFIRMADA,3282395,0,09/04/2026,09/04/2027,2.296043,BANCO CENTRAL DE LA REPUBLICA DOMINICANA,BCENTRAL,56245
DO1002261928,LE090427,BCENTRAL/ LT 20270409 GTIA,620000,DOP,62,9.46,94.230524,14/08/2026,10:26:39 AM,PRESTAMO,PRIMERA PARTE,ROTC,19/08/2026,CONFIRMADA,3282395,0,09/04/2026,09/04/2027,2.296043,BANCO CENTRAL DE LA REPUBLICA DOMINICANA,BCENTRAL,57400
DO1002261928,LE090427,BCENTRAL/ LT 20270409 GTIA,620000,DOP,62,0,96.444942,14/08/2026,10:26:38 AM,PLAZO,PRIMERA PARTE,ROTC,17/11/2026,CONFIRMADA,3282396,0,09/04/2026,09/04/2027,0,BANCO CENTRAL DE LA REPUBLICA DOMINICANA,BCENTRAL,54698
DO1002227317,NO150928,BCENTRAL/11 BOEST 20280915 GTIA,750000,DOP,75,0.5711,117.348783,14/08/2026,10:26:38 AM,ESTRUCTURADA,SEGUNDA PARTE,ROTC,11/01/2027,CONFIRMADA,3282703,0,15/09/2023,15/09/2028,8.04,BANCO CENTRAL DE LA REPUBLICA DOMINICANA,BCENTRAL,62769
DO1002227317,NO150928,BCENTRAL/11 BOEST 20280915 GTIA,750000,DOP,75,4.6555,112.470957,14/08/2026,10:26:38 AM,ESTRUCTURADA,PRIMERA PARTE,ROTC,14/08/2026,CONFIRMADA,3282703,0,15/09/2023,15/09/2028,8.04,BANCO CENTRAL DE LA REPUBLICA DOMINICANA,BCENTRAL,62930
DO1005207118,MHUS2026,HACIENDA/6.65 BOEST 20261227 GTIA,6000,USD,6,1.4689,101.846833,14/08/2026,10:25:25 AM,CONTADO,PRIMERA PARTE,ROTC,18/08/2026,CONFIRMADA,3282391,0,27/12/2019,27/12/2026,0,MINISTERIO DE HACIENDA,HACIENDA,59969
DO1002261928,LE090427,BCENTRAL/ LT 20270409 GTIA,60000,DOP,6,-3.4072,102.264867,14/08/2026,10:24:24 AM,CONTADO,PRIMERA PARTE,ROTC,18/08/2026,CONFIRMADA,3282373,0,09/04/2026,09/04/2027,0,BANCO CENTRAL DE LA REPUBLICA DOMINICANA,BCENTRAL,57295
DO1002261928,LE090427,BCENTRAL/ LT 20270409 GTIA,1750000,DOP,175,9.4567,94.20911,14/08/2026,10:23:43 AM,CONTADO,PRIMERA PARTE,ROTC,18/08/2026,CONFIRMADA,3282367,0,09/04/2026,09/04/2027,0,BANCO CENTRAL DE LA REPUBLICA DOMINICANA,BCENTRAL,57785
DO1002261928,LE090427,BCENTRAL/ LT 20270409 GTIA,90000,DOP,9,13.3396,92.0211,14/08/2026,10:23:19 AM,CONTADO,PRIMERA PARTE,ROTC,18/08/2026,CONFIRMADA,3282361,0,09/04/2026,09/04/2027,0,BANCO CENTRAL DE LA REPUBLICA DOMINICANA,BCENTRAL,56287
DO1002227317,NO150928,BCENTRAL/11 BOEST 20280915 GTIA,350000,DOP,35,0.2849,116.998122,14/08/2026,10:23:06 AM,PRESTAMO,SEGUNDA PARTE,ROTC,10/02/2027,CONFIRMADA,3282706,0,15/09/2023,15/09/2028,7.604273,BANCO CENTRAL DE LA REPUBLICA DOMINICANA,BCENTRAL,60599
DO1002227317,NO150928,BCENTRAL/11 BOEST 20280915 GTIA,350000,DOP,35,4.7565,112.256522,14/08/2026,10:23:06 AM,PRESTAMO,PRIMERA PARTE,ROTC,14/08/2026,CONFIRMADA,3282706,0,15/09/2023,15/09/2028,7.604273,BANCO CENTRAL DE LA REPUBLICA DOMINICANA,BCENTRAL,60662
DO1002261928,LE090427,BCENTRAL/ LT 20270409 GTIA,60000,DOP,6,22.1801,87.39955,14/08/2026,10:22:57 AM,CONTADO,PRIMERA PARTE,ROTC,18/08/2026,CONFIRMADA,3282358,0,09/04/2026,09/04/2027,0,BANCO CENTRAL DE LA REPUBLICA DOMINICANA,BCENTRAL,56728
DO1002227317,NO150928,BCENTRAL/11 BOEST 20280915 GTIA,350000,DOP,35,0.2849,116.998122,14/08/2026,10:22:32 AM,ESTRUCTURADA,SEGUNDA PARTE,ROTC,10/02/2027,CONFIRMADA,3282705,0,15/09/2023,15/09/2028,8.04,BANCO CENTRAL DE LA REPUBLICA DOMINICANA,BCENTRAL,62685
DO1002227317,NO150928,BCENTRAL/11 BOEST 20280915 GTIA,350000,DOP,35,4.7565,112.256522,14/08/2026,10:22:32 AM,ESTRUCTURADA,PRIMERA PARTE,ROTC,14/08/2026,CONFIRMADA,3282705,0,15/09/2023,15/09/2028,8.04,BANCO CENTRAL DE LA REPUBLICA DOMINICANA,BCENTRAL,62748
DO1002261928,LE090427,BCENTRAL/ LT 20270409 GTIA,1030000,DOP,103,9.8582,93.97807,14/08/2026,10:22:16 AM,CONTADO,PRIMERA PARTE,ROTC,18/08/2026,CONFIRMADA,3282388,0,09/04/2026,09/04/2027,0,BANCO CENTRAL DE LA REPUBLICA DOMINICANA,BCENTRAL,57778
DO1005205716,MHUS2027,HACIENDA/6 BOEST 20270305 GTIA,11000,USD,11,-100,108.755455,14/08/2026,10:22:00 AM,PRESTAMO,SEGUNDA PARTE,ROTC,15/02/2027,CONFIRMADA,3282736,0,05/09/2016,05/03/2027,4.25,MINISTERIO DE HACIENDA,HACIENDA,59192
DO1005205716,MHUS2027,HACIENDA/6 BOEST 20270305 GTIA,11000,USD,11,-5.2761,106.378545,14/08/2026,10:22:00 AM,PRESTAMO,PRIMERA PARTE,ROTC,17/08/2026,CONFIRMADA,3282736,0,05/09/2016,05/03/2027,4.25,MINISTERIO DE HACIENDA,HACIENDA,60431
DO1005205716,MHUS2027,HACIENDA/6 BOEST 20270305 GTIA,11000,USD,11,-100,108.755455,14/08/2026,10:21:59 AM,ESTRUCTURADA,SEGUNDA PARTE,ROTC,15/02/2027,CONFIRMADA,3282732,0,05/09/2016,05/03/2027,4.25,MINISTERIO DE HACIENDA,HACIENDA,61383
DO1005205716,MHUS2027,HACIENDA/6 BOEST 20270305 GTIA,11000,USD,11,-5.2761,106.378545,14/08/2026,10:21:59 AM,ESTRUCTURADA,PRIMERA PARTE,ROTC,17/08/2026,CONFIRMADA,3282732,0,05/09/2016,05/03/2027,4.25,MINISTERIO DE HACIENDA,HACIENDA,62622
DO1002261225,LE021026,BCENTRAL/ LT 20261002 GTIA,60000,DOP,6,48.1188,97.906167,14/08/2026,10:21:50 AM,PRESTAMO,SEGUNDA PARTE,ROTC,16/09/2026,CONFIRMADA,3282735,0,02/10/2025,02/10/2026,7.45,BANCO CENTRAL DE LA REPUBLICA DOMINICANA,BCENTRAL,57512
DO1002261225,LE021026,BCENTRAL/ LT 20261002 GTIA,60000,DOP,6,21.6996,97.302083,14/08/2026,10:21:50 AM,PRESTAMO,PRIMERA PARTE,ROTC,17/08/2026,CONFIRMADA,3282735,0,02/10/2025,02/10/2026,7.45,BANCO CENTRAL DE LA REPUBLICA DOMINICANA,BCENTRAL,57505
DO1002261225,LE021026,BCENTRAL/ LT 20261002 GTIA,60000,DOP,6,48.1188,97.906167,14/08/2026,10:21:49 AM,ESTRUCTURADA,SEGUNDA PARTE,ROTC,16/09/2026,CONFIRMADA,3282731,0,02/10/2025,02/10/2026,7.45,BANCO CENTRAL DE LA REPUBLICA DOMINICANA,BCENTRAL,59668
DO1002261225,LE021026,BCENTRAL/ LT 20261002 GTIA,60000,DOP,6,21.6996,97.302083,14/08/2026,10:21:49 AM,ESTRUCTURADA,PRIMERA PARTE,ROTC,17/08/2026,CONFIRMADA,3282731,0,02/10/2025,02/10/2026,7.45,BANCO CENTRAL DE LA REPUBLICA DOMINICANA,BCENTRAL,59661
DO1005211227,MH32029,HACIENDA/12.75 BOEST 20290923 GTIA,400000,DOP,4,10.4295,105.690355,14/08/2026,10:21:38 AM,PRESTAMO,SEGUNDA PARTE,ROTC,23/10/2026,CONFIRMADA,3282734,0,23/09/2022,23/09/2029,8.55,MINISTERIO DE HACIENDA,HACIENDA,60921
DO1005211227,MH32029,HACIENDA/12.75 BOEST 20290923 GTIA,400000,DOP,4,12.7962,99.859197,14/08/2026,10:21:38 AM,PRESTAMO,PRIMERA PARTE,ROTC,24/08/2026,CONFIRMADA,3282734,0,23/09/2022,23/09/2029,8.55,MINISTERIO DE HACIENDA,HACIENDA,60907
DO1005211227,MH32029,HACIENDA/12.75 BOEST 20290923 GTIA,400000,DOP,4,10.4295,105.690355,14/08/2026,10:21:37 AM,ESTRUCTURADA,SEGUNDA PARTE,ROTC,23/10/2026,CONFIRMADA,3282730,0,23/09/2022,23/09/2029,8.55,MINISTERIO DE HACIENDA,HACIENDA,63014
DO1005211227,MH32029,HACIENDA/12.75 BOEST 20290923 GTIA,400000,DOP,4,12.7962,99.859197,14/08/2026,10:21:37 AM,ESTRUCTURADA,PRIMERA PARTE,ROTC,24/08/2026,CONFIRMADA,3282730,0,23/09/2022,23/09/2029,8.55,MINISTERIO DE HACIENDA,HACIENDA,63000
DO1002261928,LE090427,BCENTRAL/ LT 20270409 GTIA,230000,DOP,23,10.4122,93.661074,14/08/2026,10:21:26 AM,CONTADO,PRIMERA PARTE,ROTC,18/08/2026,CONFIRMADA,3282379,0,09/04/2026,09/04/2027,0,BANCO CENTRAL DE LA REPUBLICA DOMINICANA,BCENTRAL,57589
DO1005211227,MH32029,HACIENDA/12.75 BOEST 20290923 GTIA,1800000,DOP,18,6.6971,115.845817,14/08/2026,10:21:26 AM,PRESTAMO,SEGUNDA PARTE,ROTC,19/10/2026,CONFIRMADA,3282733,0,23/09/2022,23/09/2029,7.65,MINISTERIO DE HACIENDA,HACIENDA,61439
DO1005211227,MH32029,HACIENDA/12.75 BOEST 20290923 GTIA,1800000,DOP,18,8.9533,110.044438,14/08/2026,10:21:26 AM,PRESTAMO,PRIMERA PARTE,ROTC,20/08/2026,CONFIRMADA,3282733,0,23/09/2022,23/09/2029,7.65,MINISTERIO DE HACIENDA,HACIENDA,61383
DO1005211227,MH32029,HACIENDA/12.75 BOEST 20290923 GTIA,1800000,DOP,18,6.6971,115.845817,14/08/2026,10:21:25 AM,ESTRUCTURADA,SEGUNDA PARTE,ROTC,19/10/2026,CONFIRMADA,3282729,0,23/09/2022,23/09/2029,7.65,MINISTERIO DE HACIENDA,HACIENDA,63532
DO1005211227,MH32029,HACIENDA/12.75 BOEST 20290923 GTIA,1800000,DOP,18,8.9533,110.044438,14/08/2026,10:21:25 AM,ESTRUCTURADA,PRIMERA PARTE,ROTC,20/08/2026,CONFIRMADA,3282729,0,23/09/2022,23/09/2029,7.65,MINISTERIO DE HACIENDA,HACIENDA,63476
DO1002261928,LE090427,BCENTRAL/ LT 20270409 GTIA,620000,DOP,62,9.46,94.230524,14/08/2026,10:20:55 AM,CONTADO,PRIMERA PARTE,ROTC,19/08/2026,CONFIRMADA,3282394,0,09/04/2026,09/04/2027,0,BANCO CENTRAL DE LA REPUBLICA DOMINICANA,BCENTRAL,56651
USP3579ECB13,BSRD2028,"DOMINICAN, REP /6 BD 20280719 REGS",95000,USD,95,1.058,107.039474,14/08/2026,10:20:10 AM,PRESTAMO,SEGUNDA PARTE,ROTC,10/02/2027,CONFIRMADA,3282708,0,19/07/2018,19/07/2028,2.367996,MINISTERIO DE HACIENDA,HACIENDA,61887
USP3579ECB13,BSRD2028,"DOMINICAN, REP /6 BD 20280719 REGS",95000,USD,95,3.3823,104.846495,14/08/2026,10:20:10 AM,PRESTAMO,PRIMERA PARTE,ROTC,14/08/2026,CONFIRMADA,3282708,0,19/07/2018,19/07/2028,2.367996,MINISTERIO DE HACIENDA,HACIENDA,62426
USP3579ECB13,BSRD2028,"DOMINICAN, REP /6 BD 20280719 REGS",95000,USD,95,1.058,107.039474,14/08/2026,10:19:00 AM,ESTRUCTURADA,SEGUNDA PARTE,ROTC,10/02/2027,CONFIRMADA,3282707,0,19/07/2018,19/07/2028,4.04,MINISTERIO DE HACIENDA,HACIENDA,64036
USP3579ECB13,BSRD2028,"DOMINICAN, REP /6 BD 20280719 REGS",95000,USD,95,3.3823,104.846495,14/08/2026,10:19:00 AM,ESTRUCTURADA,PRIMERA PARTE,ROTC,14/08/2026,CONFIRMADA,3282707,0,19/07/2018,19/07/2028,4.04,MINISTERIO DE HACIENDA,HACIENDA,64575
DO1005207118,MHUS2026,HACIENDA/6.65 BOEST 20261227 GTIA,2000,USD,2,-8.2407,105.5465,14/08/2026,10:18:42 AM,CONTADO,PRIMERA PARTE,ROTC,18/08/2026,CONFIRMADA,3282376,0,27/12/2019,27/12/2026,0,MINISTERIO DE HACIENDA,HACIENDA,59458
DO1002261928,LE090427,BCENTRAL/ LT 20270409 GTIA,30000,DOP,3,33.7767,81.997567,14/08/2026,10:18:21 AM,CONTADO,PRIMERA PARTE,ROTC,18/08/2026,CONFIRMADA,3282385,0,09/04/2026,09/04/2027,0,BANCO CENTRAL DE LA REPUBLICA DOMINICANA,BCENTRAL,57169
DO1005207118,MHUS2026,HACIENDA/6.65 BOEST 20261227 GTIA,8000,USD,8,4.0664,100.9085,14/08/2026,10:18:00 AM,CONTADO,PRIMERA PARTE,ROTC,18/08/2026,CONFIRMADA,3282382,0,27/12/2019,27/12/2026,0,MINISTERIO DE HACIENDA,HACIENDA,59157
DO1014202225,VF3RDV02,FIDSO RD VIAL/12 BOEST 20460729,212886800,DOP,2128868,12.00248432,99.960106,14/08/2026,10:17:47 AM,PLAZO,PRIMERA PARTE,ROTC,21/08/2026,CONFIRMADA,3282710,0,29/07/2026,29/07/2046,0,FIDEICOMISO PARA LA OPERACION MANTENIMIENTO Y EXPANSION DE LA RED VIAL PRINCIPAL DE LA REPUBLICA DOMINICANA,FIDSO RD VIAL,63910
DO1014202225,VF3RDV02,FIDSO RD VIAL/12 BOEST 20460729,212886800,DOP,2128868,12.00112476,99.975282000000007,14/08/2026,10:17:46 AM,CONTADO,PRIMERA PARTE,ROTC,14/08/2026,CONFIRMADA,3282709,0,29/07/2026,29/07/2046,0,FIDEICOMISO PARA LA OPERACION MANTENIMIENTO Y EXPANSION DE LA RED VIAL PRINCIPAL DE LA REPUBLICA DOMINICANA,FIDSO RD VIAL,64890
DO1002261928,LE090427,BCENTRAL/ LT 20270409 GTIA,1270000,DOP,127,8.8732,94.54695,14/08/2026,10:17:36 AM,CONTADO,PRIMERA PARTE,ROTC,18/08/2026,CONFIRMADA,3282352,0,09/04/2026,09/04/2027,0,BANCO CENTRAL DE LA REPUBLICA DOMINICANA,BCENTRAL,57869
DO1002261928,LE090427,BCENTRAL/ LT 20270409 GTIA,550000,DOP,55,8.4466,94.795484,14/08/2026,10:17:08 AM,CONTADO,PRIMERA PARTE,ROTC,18/08/2026,CONFIRMADA,3282349,0,09/04/2026,09/04/2027,0,BANCO CENTRAL DE LA REPUBLICA DOMINICANA,BCENTRAL,57582
DO1002261928,LE090427,BCENTRAL/ LT 20270409 GTIA,120000,DOP,12,12.4661,92.504408,14/08/2026,10:16:42 AM,CONTADO,PRIMERA PARTE,ROTC,18/08/2026,CONFIRMADA,3282346,0,09/04/2026,09/04/2027,0,BANCO CENTRAL DE LA REPUBLICA DOMINICANA,BCENTRAL,57617
DO1002261928,LE090427,BCENTRAL/ LT 20270409 GTIA,900000,DOP,90,9.865,93.949977,14/08/2026,10:16:16 AM,CONTADO,PRIMERA PARTE,ROTC,17/08/2026,CONFIRMADA,3282178,0,09/04/2026,09/04/2027,0,BANCO CENTRAL DE LA REPUBLICA DOMINICANA,BCENTRAL,57260
DO1002224124,NO120327,BCENTRAL/8 BOEST 20270312 GTIA,760000,DOP,76,4.635781,101.893593,14/08/2026,10:13:36 AM,CONTADO,PRIMERA PARTE,ROTC,14/08/2026,CONFIRMADA,3282673,0,12/03/2022,12/03/2027,0,BANCO CENTRAL DE LA REPUBLICA DOMINICANA,BCENTRAL,60382
DO1002224124,NO120327,BCENTRAL/8 BOEST 20270312 GTIA,760000,DOP,76,0,0,14/08/2026,10:13:35 AM,PRESTAMO,SEGUNDA PARTE,ROTC,11/03/2027,CONFIRMADA,3282674,0,12/03/2022,12/03/2027,0,BANCO CENTRAL DE LA REPUBLICA DOMINICANA,BCENTRAL,55097
DO1002224124,NO120327,BCENTRAL/8 BOEST 20270312 GTIA,760000,DOP,76,0,105.944106,14/08/2026,10:13:35 AM,PRESTAMO,PRIMERA PARTE,ROTC,14/08/2026,CONFIRMADA,3282674,0,12/03/2022,12/03/2027,0,BANCO CENTRAL DE LA REPUBLICA DOMINICANA,BCENTRAL,58429
DO1002224124,NO120327,BCENTRAL/8 BOEST 20270312 GTIA,760000,DOP,76,0,105.944106,14/08/2026,10:13:34 AM,PLAZO,PRIMERA PARTE,ROTC,14/09/2026,CONFIRMADA,3282675,0,12/03/2022,12/03/2027,0,BANCO CENTRAL DE LA REPUBLICA DOMINICANA,BCENTRAL,56826
DO1005210922,MH22034,HACIENDA/13 BOEST 20340610 GTIA,1000000,DOP,10,8.13723,127.707218,14/08/2026,10:13:32 AM,CONTADO,PRIMERA PARTE,ROTC,14/08/2026,CONFIRMADA,3282676,0,10/06/2022,10/06/2034,0,MINISTERIO DE HACIENDA,HACIENDA,59787
DO1005210922,MH22034,HACIENDA/13 BOEST 20340610 GTIA,1000000,DOP,10,0,0,14/08/2026,10:13:31 AM,PRESTAMO,SEGUNDA PARTE,ROTC,09/06/2034,CONFIRMADA,3282677,0,10/06/2022,10/06/2034,0,MINISTERIO DE HACIENDA,HACIENDA,54992
DO1005210922,MH22034,HACIENDA/13 BOEST 20340610 GTIA,1000000,DOP,10,8.116779,127.514275,14/08/2026,10:13:31 AM,PRESTAMO,PRIMERA PARTE,ROTC,14/08/2026,CONFIRMADA,3282677,0,10/06/2022,10/06/2034,0,MINISTERIO DE HACIENDA,HACIENDA,60907
DO1005210922,MH22034,HACIENDA/13 BOEST 20340610 GTIA,1000000,DOP,10,8.116779,127.514275,14/08/2026,10:13:30 AM,PLAZO,PRIMERA PARTE,ROTC,29/09/2026,CONFIRMADA,3282678,0,10/06/2022,10/06/2034,0,MINISTERIO DE HACIENDA,HACIENDA,59346
DO1002224124,NO120327,BCENTRAL/8 BOEST 20270312 GTIA,240000,DOP,24,5.283521,101.521768,14/08/2026,10:13:29 AM,CONTADO,PRIMERA PARTE,ROTC,14/08/2026,CONFIRMADA,3282683,0,12/03/2022,12/03/2027,0,BANCO CENTRAL DE LA REPUBLICA DOMINICANA,BCENTRAL,60186
DO1002224124,NO120327,BCENTRAL/8 BOEST 20270312 GTIA,240000,DOP,24,0,0,14/08/2026,10:13:28 AM,PRESTAMO,SEGUNDA PARTE,ROTC,11/03/2027,CONFIRMADA,3282684,0,12/03/2022,12/03/2027,0,BANCO CENTRAL DE LA REPUBLICA DOMINICANA,BCENTRAL,55013
DO1002224124,NO120327,BCENTRAL/8 BOEST 20270312 GTIA,240000,DOP,24,0,105.542622,14/08/2026,10:13:28 AM,PRESTAMO,PRIMERA PARTE,ROTC,14/08/2026,CONFIRMADA,3282684,0,12/03/2022,12/03/2027,0,BANCO CENTRAL DE LA REPUBLICA DOMINICANA,BCENTRAL,58324
DO1002224124,NO120327,BCENTRAL/8 BOEST 20270312 GTIA,240000,DOP,24,0,105.542622,14/08/2026,10:13:27 AM,PLAZO,PRIMERA PARTE,ROTC,14/09/2026,CONFIRMADA,3282685,0,12/03/2022,12/03/2027,0,BANCO CENTRAL DE LA REPUBLICA DOMINICANA,BCENTRAL,56721
DO1002224124,NO120327,BCENTRAL/8 BOEST 20270312 GTIA,470000,DOP,47,1.400828,103.789124,14/08/2026,10:13:26 AM,CONTADO,PRIMERA PARTE,ROTC,14/08/2026,CONFIRMADA,3282686,0,12/03/2022,12/03/2027,0,BANCO CENTRAL DE LA REPUBLICA DOMINICANA,BCENTRAL,60242
DO1002224124,NO120327,BCENTRAL/8 BOEST 20270312 GTIA,470000,DOP,47,0,0,14/08/2026,10:13:24 AM,PRESTAMO,SEGUNDA PARTE,ROTC,11/03/2027,CONFIRMADA,3282687,0,12/03/2022,12/03/2027,0,BANCO CENTRAL DE LA REPUBLICA DOMINICANA,BCENTRAL,55055
DO1002224124,NO120327,BCENTRAL/8 BOEST 20270312 GTIA,470000,DOP,47,0,108.080987,14/08/2026,10:13:24 AM,PRESTAMO,PRIMERA PARTE,ROTC,14/08/2026,CONFIRMADA,3282687,0,12/03/2022,12/03/2027,0,BANCO CENTRAL DE LA REPUBLICA DOMINICANA,BCENTRAL,58464
DO1002224124,NO120327,BCENTRAL/8 BOEST 20270312 GTIA,470000,DOP,47,0,108.080987,14/08/2026,10:13:24 AM,PLAZO,PRIMERA PARTE,ROTC,13/10/2026,CONFIRMADA,3282688,0,12/03/2022,12/03/2027,0,BANCO CENTRAL DE LA REPUBLICA DOMINICANA,BCENTRAL,56805
USP3579ECG00,BSRD2060,DOMINICAN REP/5.875 BD 20600130 U,150000,USD,150,0,109.8,14/08/2026,10:12:56 AM,CONTADO,PRIMERA PARTE,MHRD,14/08/2026,CONFIRMADA,3282691,0,30/01/2020,30/01/2060,0,MINISTERIO DE HACIENDA,HACIENDA,57890
USP3579ECJ49,BSRD2041, ,150000,USD,150,0,93.2984,14/08/2026,10:12:56 AM,CONTADO,PRIMERA PARTE,MHRD,14/08/2026,CONFIRMADA,3282692,0,21/01/2021,21/01/2041,0,MINISTERIO DE HACIENDA,HACIENDA,45416
USP3579ECJ49,BSRD2041, ,150000,USD,150,0,93.2984,14/08/2026,10:12:56 AM,CONTADO,PRIMERA PARTE,MHRD,14/08/2026,CONFIRMADA,3282693,0,21/01/2021,21/01/2041,0,MINISTERIO DE HACIENDA,HACIENDA,45416
DO1005208124,INF2040,HACIENDA/10.875 BOEST 20400228 GTIA,25000000,DOP,250,0,110.3708,14/08/2026,10:12:56 AM,CONTADO,PRIMERA PARTE,MHRD,14/08/2026,CONFIRMADA,3282694,0,28/02/2020,28/02/2040,0,MINISTERIO DE HACIENDA,HACIENDA,59143
USP3579ECG00,BSRD2060,DOMINICAN REP/5.875 BD 20600130 U,150000,USD,150,0,109.8,14/08/2026,10:12:55 AM,CONTADO,PRIMERA PARTE,MHRD,14/08/2026,CONFIRMADA,3282690,0,30/01/2020,30/01/2060,0,MINISTERIO DE HACIENDA,HACIENDA,57883
DO1002261225,LE021026,BCENTRAL/ LT 20261002 GTIA,1080000,DOP,108,42.2824,97.929649,14/08/2026,10:12:23 AM,PRESTAMO,SEGUNDA PARTE,ROTC,14/09/2026,CONFIRMADA,3282689,0,02/10/2025,02/10/2026,8.45,BANCO CENTRAL DE LA REPUBLICA DOMINICANA,BCENTRAL,58898
DO1002261225,LE021026,BCENTRAL/ LT 20261002 GTIA,1080000,DOP,108,20.9913,97.222222,14/08/2026,10:12:23 AM,PRESTAMO,PRIMERA PARTE,ROTC,14/08/2026,CONFIRMADA,3282689,0,02/10/2025,02/10/2026,8.45,BANCO CENTRAL DE LA REPUBLICA DOMINICANA,BCENTRAL,58779
DO1002261225,LE021026,BCENTRAL/ LT 20261002 GTIA,1080000,DOP,108,42.2824,97.929649,14/08/2026,10:12:22 AM,ESTRUCTURADA,SEGUNDA PARTE,ROTC,14/09/2026,CONFIRMADA,3282570,0,02/10/2025,02/10/2026,8.45,BANCO CENTRAL DE LA REPUBLICA DOMINICANA,BCENTRAL,60991
DO1002261225,LE021026,BCENTRAL/ LT 20261002 GTIA,1080000,DOP,108,20.9913,97.222222,14/08/2026,10:12:22 AM,ESTRUCTURADA,PRIMERA PARTE,ROTC,14/08/2026,CONFIRMADA,3282570,0,02/10/2025,02/10/2026,8.45,BANCO CENTRAL DE LA REPUBLICA DOMINICANA,BCENTRAL,60872
DO1005205716,MHUS2027,HACIENDA/6 BOEST 20270305 GTIA,199000,USD,199,-6.1114,105.840156,14/08/2026,10:11:51 AM,PRESTAMO,SEGUNDA PARTE,ROTC,16/09/2026,CONFIRMADA,3282672,0,05/09/2016,05/03/2027,5.1,MINISTERIO DE HACIENDA,HACIENDA,61187
DO1005205716,MHUS2027,HACIENDA/6 BOEST 20270305 GTIA,199000,USD,199,0.8204,102.864623,14/08/2026,10:11:51 AM,PRESTAMO,PRIMERA PARTE,ROTC,14/08/2026,CONFIRMADA,3282672,0,05/09/2016,05/03/2027,5.1,MINISTERIO DE HACIENDA,HACIENDA,60935
DO1005205716,MHUS2027,HACIENDA/6 BOEST 20270305 GTIA,199000,USD,199,-6.1114,105.840156,14/08/2026,10:11:50 AM,ESTRUCTURADA,SEGUNDA PARTE,ROTC,16/09/2026,CONFIRMADA,3282569,0,05/09/2016,05/03/2027,5.1,MINISTERIO DE HACIENDA,HACIENDA,63280
DO1005205716,MHUS2027,HACIENDA/6 BOEST 20270305 GTIA,199000,USD,199,0.8204,102.864623,14/08/2026,10:11:50 AM,ESTRUCTURADA,PRIMERA PARTE,ROTC,14/08/2026,CONFIRMADA,3282569,0,05/09/2016,05/03/2027,5.1,MINISTERIO DE HACIENDA,HACIENDA,63028
DO1005205716,MHUS2027,HACIENDA/6 BOEST 20270305 GTIA,5000,USD,5,5.5209,100.1956,14/08/2026,10:11:24 AM,PRESTAMO,SEGUNDA PARTE,ROTC,15/09/2026,CONFIRMADA,3282671,0,05/09/2016,05/03/2027,4.05,MINISTERIO DE HACIENDA,HACIENDA,58653
DO1005205716,MHUS2027,HACIENDA/6 BOEST 20270305 GTIA,5000,USD,5,10.9796,97.337,14/08/2026,10:11:24 AM,PRESTAMO,PRIMERA PARTE,ROTC,14/08/2026,CONFIRMADA,3282671,0,05/09/2016,05/03/2027,4.05,MINISTERIO DE HACIENDA,HACIENDA,58492
DO1005205716,MHUS2027,HACIENDA/6 BOEST 20270305 GTIA,5000,USD,5,5.5209,100.1956,14/08/2026,10:11:23 AM,ESTRUCTURADA,SEGUNDA PARTE,ROTC,15/09/2026,CONFIRMADA,3282568,0,05/09/2016,05/03/2027,4.05,MINISTERIO DE HACIENDA,HACIENDA,60746
DO1005205716,MHUS2027,HACIENDA/6 BOEST 20270305 GTIA,5000,USD,5,10.9796,97.337,14/08/2026,10:11:23 AM,ESTRUCTURADA,PRIMERA PARTE,ROTC,14/08/2026,CONFIRMADA,3282568,0,05/09/2016,05/03/2027,4.05,MINISTERIO DE HACIENDA,HACIENDA,60585
DO1002261928,LE090427,BCENTRAL/ LT 20270409 GTIA,20000,DOP,2,-15.756,111.41035,14/08/2026,10:11:12 AM,CONTADO,PRIMERA PARTE,ROTC,18/08/2026,CONFIRMADA,3282343,0,09/04/2026,09/04/2027,0,BANCO CENTRAL DE LA REPUBLICA DOMINICANA,BCENTRAL,56770
DO1005205716,MHUS2027,HACIENDA/6 BOEST 20270305 GTIA,29000,USD,29,-1.7794,103.705655,14/08/2026,10:10:58 AM,PRESTAMO,SEGUNDA PARTE,ROTC,14/09/2026,CONFIRMADA,3282670,0,05/09/2016,05/03/2027,4.55,MINISTERIO DE HACIENDA,HACIENDA,60550
DO1005205716,MHUS2027,HACIENDA/6 BOEST 20270305 GTIA,29000,USD,29,4.5184,100.785276,14/08/2026,10:10:58 AM,PRESTAMO,PRIMERA PARTE,ROTC,14/08/2026,CONFIRMADA,3282670,0,05/09/2016,05/03/2027,4.55,MINISTERIO DE HACIENDA,HACIENDA,60277
DO1005205716,MHUS2027,HACIENDA/6 BOEST 20270305 GTIA,29000,USD,29,-1.7794,103.705655,14/08/2026,10:10:57 AM,ESTRUCTURADA,SEGUNDA PARTE,ROTC,14/09/2026,CONFIRMADA,3282567,0,05/09/2016,05/03/2027,4.55,MINISTERIO DE HACIENDA,HACIENDA,62643
DO1005205716,MHUS2027,HACIENDA/6 BOEST 20270305 GTIA,29000,USD,29,4.5184,100.785276,14/08/2026,10:10:57 AM,ESTRUCTURADA,PRIMERA PARTE,ROTC,14/08/2026,CONFIRMADA,3282567,0,05/09/2016,05/03/2027,4.55,MINISTERIO DE HACIENDA,HACIENDA,62370
DO1002261928,LE090427,BCENTRAL/ LT 20270409 GTIA,220000,DOP,22,11.1919,93.191573,14/08/2026,10:10:39 AM,CONTADO,PRIMERA PARTE,ROTC,17/08/2026,CONFIRMADA,3282340,0,09/04/2026,09/04/2027,0,BANCO CENTRAL DE LA REPUBLICA DOMINICANA,BCENTRAL,57680
DO1005205716,MHUS2027,HACIENDA/6 BOEST 20270305 GTIA,474000,USD,474,-5.992,105.813114,14/08/2026,10:10:32 AM,PRESTAMO,SEGUNDA PARTE,ROTC,15/09/2026,CONFIRMADA,3282669,0,05/09/2016,05/03/2027,5.25,MINISTERIO DE HACIENDA,HACIENDA,60816
DO1005205716,MHUS2027,HACIENDA/6 BOEST 20270305 GTIA,474000,USD,474,0.8944,102.822219,14/08/2026,10:10:32 AM,PRESTAMO,PRIMERA PARTE,ROTC,14/08/2026,CONFIRMADA,3282669,0,05/09/2016,05/03/2027,5.25,MINISTERIO DE HACIENDA,HACIENDA,60907
DO1005205716,MHUS2027,HACIENDA/6 BOEST 20270305 GTIA,474000,USD,474,-5.992,105.813114,14/08/2026,10:10:31 AM,ESTRUCTURADA,SEGUNDA PARTE,ROTC,15/09/2026,CONFIRMADA,3282566,0,05/09/2016,05/03/2027,5.25,MINISTERIO DE HACIENDA,HACIENDA,62909
DO1005205716,MHUS2027,HACIENDA/6 BOEST 20270305 GTIA,474000,USD,474,0.8944,102.822219,14/08/2026,10:10:31 AM,ESTRUCTURADA,PRIMERA PARTE,ROTC,14/08/2026,CONFIRMADA,3282566,0,05/09/2016,05/03/2027,5.25,MINISTERIO DE HACIENDA,HACIENDA,63000
DO1002261928,LE090427,BCENTRAL/ LT 20270409 GTIA,40000,DOP,4,-2.6644,101.770075,14/08/2026,10:10:11 AM,CONTADO,PRIMERA PARTE,ROTC,17/08/2026,CONFIRMADA,3282337,0,09/04/2026,09/04/2027,0,BANCO CENTRAL DE LA REPUBLICA DOMINICANA,BCENTRAL,57183
DO1005205716,MHUS2027,HACIENDA/6 BOEST 20270305 GTIA,174000,USD,174,-7.6164,106.658351,14/08/2026,10:10:01 AM,PRESTAMO,SEGUNDA PARTE,ROTC,15/09/2026,CONFIRMADA,3282668,0,05/09/2016,05/03/2027,5.3,MINISTERIO DE HACIENDA,HACIENDA,61152
DO1005205716,MHUS2027,HACIENDA/6 BOEST 20270305 GTIA,174000,USD,174,-0.5549,103.658828,14/08/2026,10:10:01 AM,PRESTAMO,PRIMERA PARTE,ROTC,14/08/2026,CONFIRMADA,3282668,0,05/09/2016,05/03/2027,5.3,MINISTERIO DE HACIENDA,HACIENDA,61236
DO1005205716,MHUS2027,HACIENDA/6 BOEST 20270305 GTIA,174000,USD,174,-7.6164,106.658351,14/08/2026,10:09:59 AM,ESTRUCTURADA,SEGUNDA PARTE,ROTC,15/09/2026,CONFIRMADA,3282565,0,05/09/2016,05/03/2027,5.3,MINISTERIO DE HACIENDA,HACIENDA,63399
DO1005205716,MHUS2027,HACIENDA/6 BOEST 20270305 GTIA,174000,USD,174,-0.5549,103.658828,14/08/2026,10:09:59 AM,ESTRUCTURADA,PRIMERA PARTE,ROTC,14/08/2026,CONFIRMADA,3282565,0,05/09/2016,05/03/2027,5.3,MINISTERIO DE HACIENDA,HACIENDA,63483
DO1005211227,MH32029,HACIENDA/12.75 BOEST 20290923 GTIA,4700000,DOP,47,9.0701,109.537465,14/08/2026,10:09:25 AM,PRESTAMO,SEGUNDA PARTE,ROTC,14/09/2026,CONFIRMADA,3282667,0,23/09/2022,23/09/2029,7.65,MINISTERIO DE HACIENDA,HACIENDA,61439
DO1005211227,MH32029,HACIENDA/12.75 BOEST 20290923 GTIA,4700000,DOP,47,9.0332,109.86348,14/08/2026,10:09:25 AM,PRESTAMO,PRIMERA PARTE,ROTC,14/08/2026,CONFIRMADA,3282667,0,23/09/2022,23/09/2029,7.65,MINISTERIO DE HACIENDA,HACIENDA,61152
DO1005211227,MH32029,HACIENDA/12.75 BOEST 20290923 GTIA,4700000,DOP,47,9.0701,109.537465,14/08/2026,10:09:24 AM,ESTRUCTURADA,SEGUNDA PARTE,ROTC,14/09/2026,CONFIRMADA,3282564,0,23/09/2022,23/09/2029,7.65,MINISTERIO DE HACIENDA,HACIENDA,63532
DO1005211227,MH32029,HACIENDA/12.75 BOEST 20290923 GTIA,4700000,DOP,47,9.0332,109.86348,14/08/2026,10:09:24 AM,ESTRUCTURADA,PRIMERA PARTE,ROTC,14/08/2026,CONFIRMADA,3282564,0,23/09/2022,23/09/2029,7.65,MINISTERIO DE HACIENDA,HACIENDA,63245
DO1002261423,NO301129,BCENTRAL/9.5 BOEST 20291130 GTIA,360000,DOP,36,8.68799784,102.186564,14/08/2026,10:09:17 AM,PRESTAMO,SEGUNDA PARTE,ROTC,28/09/2026,CONFIRMADA,3282666,0,30/11/2025,30/11/2029,7.9,BANCO CENTRAL DE LA REPUBLICA DOMINICANA,BCENTRAL,62615
DO1002261423,NO301129,BCENTRAL/9.5 BOEST 20291130 GTIA,360000,DOP,36,8.66707546,102.31848,14/08/2026,10:09:17 AM,PRESTAMO,PRIMERA PARTE,ROTC,14/08/2026,CONFIRMADA,3282666,0,30/11/2025,30/11/2029,7.9,BANCO CENTRAL DE LA REPUBLICA DOMINICANA,BCENTRAL,62139
DO1002261423,NO301129,BCENTRAL/9.5 BOEST 20291130 GTIA,360000,DOP,36,8.68799784,102.186564,14/08/2026,10:09:15 AM,ESTRUCTURADA,SEGUNDA PARTE,ROTC,28/09/2026,CONFIRMADA,3282637,0,30/11/2025,30/11/2029,7.9,BANCO CENTRAL DE LA REPUBLICA DOMINICANA,BCENTRAL,64701
DO1002261423,NO301129,BCENTRAL/9.5 BOEST 20291130 GTIA,360000,DOP,36,8.66707546,102.31848,14/08/2026,10:09:15 AM,ESTRUCTURADA,PRIMERA PARTE,ROTC,14/08/2026,CONFIRMADA,3282637,0,30/11/2025,30/11/2029,7.9,BANCO CENTRAL DE LA REPUBLICA DOMINICANA,BCENTRAL,64225
DO1005208322,MHUS2040,HACIENDA/6.75 BOEST 20400724 GTIA,94000,USD,94,4.57107473,122.262428,14/08/2026,10:09:14 AM,PRESTAMO,SEGUNDA PARTE,ROTC,20/08/2026,CONFIRMADA,3282665,0,24/07/2020,24/07/2040,5.6,MINISTERIO DE HACIENDA,HACIENDA,62643
DO1005208322,MHUS2040,HACIENDA/6.75 BOEST 20400724 GTIA,94000,USD,94,4.57296695,122.260468,14/08/2026,10:09:14 AM,PRESTAMO,PRIMERA PARTE,ROTC,14/08/2026,CONFIRMADA,3282665,0,24/07/2020,24/07/2040,5.6,MINISTERIO DE HACIENDA,HACIENDA,62846
DO1005208322,MHUS2040,HACIENDA/6.75 BOEST 20400724 GTIA,94000,USD,94,4.57107473,122.262428,14/08/2026,10:09:13 AM,ESTRUCTURADA,SEGUNDA PARTE,ROTC,20/08/2026,CONFIRMADA,3282638,0,24/07/2020,24/07/2040,5.6,MINISTERIO DE HACIENDA,HACIENDA,64736
DO1005208322,MHUS2040,HACIENDA/6.75 BOEST 20400724 GTIA,94000,USD,94,4.57296695,122.260468,14/08/2026,10:09:13 AM,ESTRUCTURADA,PRIMERA PARTE,ROTC,14/08/2026,CONFIRMADA,3282638,0,24/07/2020,24/07/2040,5.6,MINISTERIO DE HACIENDA,HACIENDA,64939
DO1002261423,NO301129,BCENTRAL/9.5 BOEST 20291130 GTIA,250000,DOP,25,8.77902016,101.883567,14/08/2026,10:09:12 AM,PRESTAMO,SEGUNDA PARTE,ROTC,12/11/2026,CONFIRMADA,3282664,0,30/11/2025,30/11/2029,8.4,BANCO CENTRAL DE LA REPUBLICA DOMINICANA,BCENTRAL,62314
DO1002261423,NO301129,BCENTRAL/9.5 BOEST 20291130 GTIA,250000,DOP,25,8.77061633,102.023247,14/08/2026,10:09:12 AM,PRESTAMO,PRIMERA PARTE,ROTC,14/08/2026,CONFIRMADA,3282664,0,30/11/2025,30/11/2029,8.4,BANCO CENTRAL DE LA REPUBLICA DOMINICANA,BCENTRAL,62314
DO1002261423,NO301129,BCENTRAL/9.5 BOEST 20291130 GTIA,250000,DOP,25,8.77902016,101.883567,14/08/2026,10:09:11 AM,ESTRUCTURADA,SEGUNDA PARTE,ROTC,12/11/2026,CONFIRMADA,3282653,0,30/11/2025,30/11/2029,8.4,BANCO CENTRAL DE LA REPUBLICA DOMINICANA,BCENTRAL,64407
DO1002261423,NO301129,BCENTRAL/9.5 BOEST 20291130 GTIA,250000,DOP,25,8.77061633,102.023247,14/08/2026,10:09:11 AM,ESTRUCTURADA,PRIMERA PARTE,ROTC,14/08/2026,CONFIRMADA,3282653,0,30/11/2025,30/11/2029,8.4,BANCO CENTRAL DE LA REPUBLICA DOMINICANA,BCENTRAL,64407
DO2016300124,BC1GUL01,GULFSTREAM/11.25 BO 20290528,162208,DOP,162208,10.96151511,100.608203,14/08/2026,10:09:09 AM,PRESTAMO,SEGUNDA PARTE,ROTC,14/12/2026,CONFIRMADA,3282663,0,28/05/2019,28/05/2029,7.3,GULFSTREAM PETROLEUM DOMINICANA S DE RL,GULFSTREAM,62363
DO2016300124,BC1GUL01,GULFSTREAM/11.25 BO 20290528,162208,DOP,162208,10.49887886,101.79081,14/08/2026,10:09:09 AM,PRESTAMO,PRIMERA PARTE,ROTC,14/08/2026,CONFIRMADA,3282663,0,28/05/2019,28/05/2029,7.3,GULFSTREAM PETROLEUM DOMINICANA S DE RL,GULFSTREAM,62377
DO2016300124,BC1GUL01,GULFSTREAM/11.25 BO 20290528,162208,DOP,162208,10.96151511,100.608203,14/08/2026,10:09:08 AM,ESTRUCTURADA,SEGUNDA PARTE,ROTC,14/12/2026,CONFIRMADA,3282656,0,28/05/2019,28/05/2029,7.3,GULFSTREAM PETROLEUM DOMINICANA S DE RL,GULFSTREAM,64456
DO2016300124,BC1GUL01,GULFSTREAM/11.25 BO 20290528,162208,DOP,162208,10.49887886,101.79081,14/08/2026,10:09:08 AM,ESTRUCTURADA,PRIMERA PARTE,ROTC,14/08/2026,CONFIRMADA,3282656,0,28/05/2019,28/05/2029,7.3,GULFSTREAM PETROLEUM DOMINICANA S DE RL,GULFSTREAM,64470
DO1005211227,MH32029,HACIENDA/12.75 BOEST 20290923 GTIA,2400000,DOP,24,9.3578,108.743252,14/08/2026,10:08:45 AM,PRESTAMO,SEGUNDA PARTE,ROTC,15/09/2026,CONFIRMADA,3282662,0,23/09/2022,23/09/2029,8.4,MINISTERIO DE HACIENDA,HACIENDA,61432
DO1005211227,MH32029,HACIENDA/12.75 BOEST 20290923 GTIA,2400000,DOP,24,9.3369,109.009563,14/08/2026,10:08:45 AM,PRESTAMO,PRIMERA PARTE,ROTC,14/08/2026,CONFIRMADA,3282662,0,23/09/2022,23/09/2029,8.4,MINISTERIO DE HACIENDA,HACIENDA,61474
DO1005211227,MH32029,HACIENDA/12.75 BOEST 20290923 GTIA,2400000,DOP,24,9.3578,108.743252,14/08/2026,10:08:43 AM,ESTRUCTURADA,SEGUNDA PARTE,ROTC,15/09/2026,CONFIRMADA,3282563,0,23/09/2022,23/09/2029,8.4,MINISTERIO DE HACIENDA,HACIENDA,63518
DO1005211227,MH32029,HACIENDA/12.75 BOEST 20290923 GTIA,2400000,DOP,24,9.3369,109.009563,14/08/2026,10:08:43 AM,ESTRUCTURADA,PRIMERA PARTE,ROTC,14/08/2026,CONFIRMADA,3282563,0,23/09/2022,23/09/2029,8.4,MINISTERIO DE HACIENDA,HACIENDA,63560
DO1002261928,LE090427,BCENTRAL/ LT 20270409 GTIA,10000,DOP,1,-7.5558,105.1649,14/08/2026,10:08:19 AM,CONTADO,PRIMERA PARTE,ROTC,18/08/2026,CONFIRMADA,3282370,0,09/04/2026,09/04/2027,0,BANCO CENTRAL DE LA REPUBLICA DOMINICANA,BCENTRAL,56623
DO1005211227,MH32029,HACIENDA/12.75 BOEST 20290923 GTIA,9800000,DOP,98,8.1723,112.033461,14/08/2026,10:08:05 AM,PRESTAMO,SEGUNDA PARTE,ROTC,15/09/2026,CONFIRMADA,3282661,0,23/09/2022,23/09/2029,8,MINISTERIO DE HACIENDA,HACIENDA,61404
DO1005211227,MH32029,HACIENDA/12.75 BOEST 20290923 GTIA,9800000,DOP,98,8.1772,112.316802,14/08/2026,10:08:05 AM,PRESTAMO,PRIMERA PARTE,ROTC,14/08/2026,CONFIRMADA,3282661,0,23/09/2022,23/09/2029,8,MINISTERIO DE HACIENDA,HACIENDA,61502
DO1005211227,MH32029,HACIENDA/12.75 BOEST 20290923 GTIA,9800000,DOP,98,8.1723,112.033461,14/08/2026,10:08:04 AM,ESTRUCTURADA,SEGUNDA PARTE,ROTC,15/09/2026,CONFIRMADA,3282562,0,23/09/2022,23/09/2029,8,MINISTERIO DE HACIENDA,HACIENDA,63497
DO1005211227,MH32029,HACIENDA/12.75 BOEST 20290923 GTIA,9800000,DOP,98,8.1772,112.316802,14/08/2026,10:08:04 AM,ESTRUCTURADA,PRIMERA PARTE,ROTC,14/08/2026,CONFIRMADA,3282562,0,23/09/2022,23/09/2029,8,MINISTERIO DE HACIENDA,HACIENDA,63595
DO1005208322,MHUS2040,HACIENDA/6.75 BOEST 20400724 GTIA,2000,USD,2,4.7995,119.6505,14/08/2026,10:07:59 AM,CONTADO,PRIMERA PARTE,ROTC,17/08/2026,CONFIRMADA,3282334,0,24/07/2020,24/07/2040,0,MINISTERIO DE HACIENDA,HACIENDA,59220
DO1005211227,MH32029,HACIENDA/12.75 BOEST 20290923 GTIA,800000,DOP,8,15.0504,94.558721,14/08/2026,10:07:30 AM,PRESTAMO,SEGUNDA PARTE,ROTC,15/09/2026,CONFIRMADA,3282660,0,23/09/2022,23/09/2029,7.95,MINISTERIO DE HACIENDA,HACIENDA,60683
DO1005211227,MH32029,HACIENDA/12.75 BOEST 20290923 GTIA,800000,DOP,8,14.8124,94.969863,14/08/2026,10:07:30 AM,PRESTAMO,PRIMERA PARTE,ROTC,14/08/2026,CONFIRMADA,3282660,0,23/09/2022,23/09/2029,7.95,MINISTERIO DE HACIENDA,HACIENDA,60858
DO1005211227,MH32029,HACIENDA/12.75 BOEST 20290923 GTIA,800000,DOP,8,15.0504,94.558721,14/08/2026,10:07:29 AM,ESTRUCTURADA,SEGUNDA PARTE,ROTC,15/09/2026,CONFIRMADA,3282561,0,23/09/2022,23/09/2029,7.95,MINISTERIO DE HACIENDA,HACIENDA,62839
DO1005211227,MH32029,HACIENDA/12.75 BOEST 20290923 GTIA,800000,DOP,8,14.8124,94.969863,14/08/2026,10:07:29 AM,ESTRUCTURADA,PRIMERA PARTE,ROTC,14/08/2026,CONFIRMADA,3282561,0,23/09/2022,23/09/2029,7.95,MINISTERIO DE HACIENDA,HACIENDA,63014
DO1005208322,MHUS2040,HACIENDA/6.75 BOEST 20400724 GTIA,2000,USD,2,2.512,149.5685,14/08/2026,10:07:12 AM,CONTADO,PRIMERA PARTE,ROTC,17/08/2026,CONFIRMADA,3282310,0,24/07/2020,24/07/2040,0,MINISTERIO DE HACIENDA,HACIENDA,58716
DO1005211227,MH32029,HACIENDA/12.75 BOEST 20290923 GTIA,3400000,DOP,34,8.0498,112.390091,14/08/2026,10:06:57 AM,PRESTAMO,SEGUNDA PARTE,ROTC,14/09/2026,CONFIRMADA,3282659,0,23/09/2022,23/09/2029,8.45,MINISTERIO DE HACIENDA,HACIENDA,61383
DO1005211227,MH32029,HACIENDA/12.75 BOEST 20290923 GTIA,3400000,DOP,34,8.0741,112.616922,14/08/2026,10:06:57 AM,PRESTAMO,PRIMERA PARTE,ROTC,14/08/2026,CONFIRMADA,3282659,0,23/09/2022,23/09/2029,8.45,MINISTERIO DE HACIENDA,HACIENDA,61404
DO1005211227,MH32029,HACIENDA/12.75 BOEST 20290923 GTIA,3400000,DOP,34,8.0498,112.390091,14/08/2026,10:06:56 AM,ESTRUCTURADA,SEGUNDA PARTE,ROTC,14/09/2026,CONFIRMADA,3282560,0,23/09/2022,23/09/2029,8.45,MINISTERIO DE HACIENDA,HACIENDA,63476
DO1005211227,MH32029,HACIENDA/12.75 BOEST 20290923 GTIA,3400000,DOP,34,8.0741,112.616922,14/08/2026,10:06:56 AM,ESTRUCTURADA,PRIMERA PARTE,ROTC,14/08/2026,CONFIRMADA,3282560,0,23/09/2022,23/09/2029,8.45,MINISTERIO DE HACIENDA,HACIENDA,63497
DO1005207118,MHUS2026,HACIENDA/6.65 BOEST 20261227 GTIA,22000,USD,22,0.657,102.160773,14/08/2026,10:06:37 AM,CONTADO,PRIMERA PARTE,ROTC,17/08/2026,CONFIRMADA,3282304,0,27/12/2019,27/12/2026,0,MINISTERIO DE HACIENDA,HACIENDA,60165
DO1005211227,MH32029,HACIENDA/12.75 BOEST 20290923 GTIA,37500000,DOP,375,7.1859,114.856623,14/08/2026,10:06:25 AM,PRESTAMO,SEGUNDA PARTE,ROTC,16/09/2026,CONFIRMADA,3282655,0,23/09/2022,23/09/2029,9.45,MINISTERIO DE HACIENDA,HACIENDA,62223
DO1005211227,MH32029,HACIENDA/12.75 BOEST 20290923 GTIA,37500000,DOP,375,7.2778,114.969863,14/08/2026,10:06:25 AM,PRESTAMO,PRIMERA PARTE,ROTC,14/08/2026,CONFIRMADA,3282655,0,23/09/2022,23/09/2029,9.45,MINISTERIO DE HACIENDA,HACIENDA,62349
DO1005211227,MH32029,HACIENDA/12.75 BOEST 20290923 GTIA,37500000,DOP,375,7.1859,114.856623,14/08/2026,10:06:23 AM,ESTRUCTURADA,SEGUNDA PARTE,ROTC,16/09/2026,CONFIRMADA,3282559,0,23/09/2022,23/09/2029,9.45,MINISTERIO DE HACIENDA,HACIENDA,64309
DO1005211227,MH32029,HACIENDA/12.75 BOEST 20290923 GTIA,37500000,DOP,375,7.2778,114.969863,14/08/2026,10:06:23 AM,ESTRUCTURADA,PRIMERA PARTE,ROTC,14/08/2026,CONFIRMADA,3282559,0,23/09/2022,23/09/2029,9.45,MINISTERIO DE HACIENDA,HACIENDA,64435
DO1005208322,MHUS2040,HACIENDA/6.75 BOEST 20400724 GTIA,21000,USD,21,4.4763,123.378619,14/08/2026,10:05:55 AM,CONTADO,PRIMERA PARTE,ROTC,18/08/2026,CONFIRMADA,3282364,0,24/07/2020,24/07/2040,0,MINISTERIO DE HACIENDA,HACIENDA,60564
DO1005211227,MH32029,HACIENDA/12.75 BOEST 20290923 GTIA,8800000,DOP,88,7.8857,112.848014,14/08/2026,10:05:44 AM,PRESTAMO,SEGUNDA PARTE,ROTC,15/09/2026,CONFIRMADA,3282652,0,23/09/2022,23/09/2029,7.75,MINISTERIO DE HACIENDA,HACIENDA,61544
DO1005211227,MH32029,HACIENDA/12.75 BOEST 20290923 GTIA,8800000,DOP,88,7.8913,113.151681,14/08/2026,10:05:44 AM,PRESTAMO,PRIMERA PARTE,ROTC,14/08/2026,CONFIRMADA,3282652,0,23/09/2022,23/09/2029,7.75,MINISTERIO DE HACIENDA,HACIENDA,61530
DO1005211227,MH32029,HACIENDA/12.75 BOEST 20290923 GTIA,8800000,DOP,88,7.8857,112.848014,14/08/2026,10:05:43 AM,ESTRUCTURADA,SEGUNDA PARTE,ROTC,15/09/2026,CONFIRMADA,3282558,0,23/09/2022,23/09/2029,7.75,MINISTERIO DE HACIENDA,HACIENDA,63637
DO1005211227,MH32029,HACIENDA/12.75 BOEST 20290923 GTIA,8800000,DOP,88,7.8913,113.151681,14/08/2026,10:05:43 AM,ESTRUCTURADA,PRIMERA PARTE,ROTC,14/08/2026,CONFIRMADA,3282558,0,23/09/2022,23/09/2029,7.75,MINISTERIO DE HACIENDA,HACIENDA,63623
DO1002261928,LE090427,BCENTRAL/ LT 20270409 GTIA,1590000,DOP,159,9.334,94.279962,14/08/2026,10:05:31 AM,CONTADO,PRIMERA PARTE,ROTC,18/08/2026,CONFIRMADA,3282355,0,09/04/2026,09/04/2027,0,BANCO CENTRAL DE LA REPUBLICA DOMINICANA,BCENTRAL,57862
DO1002261928,LE090427,BCENTRAL/ LT 20270409 GTIA,110000,DOP,11,6.2053,96.106991,14/08/2026,10:05:09 AM,CONTADO,PRIMERA PARTE,ROTC,17/08/2026,CONFIRMADA,3282301,0,09/04/2026,09/04/2027,0,BANCO CENTRAL DE LA REPUBLICA DOMINICANA,BCENTRAL,57302
DO1005211227,MH32029,HACIENDA/12.75 BOEST 20290923 GTIA,12800000,DOP,128,8.0654,112.33642999999999,14/08/2026,10:04:41 AM,PRESTAMO,SEGUNDA PARTE,ROTC,15/09/2026,CONFIRMADA,3282639,0,23/09/2022,23/09/2029,12.45,MINISTERIO DE HACIENDA,HACIENDA,61656
DO1005211227,MH32029,HACIENDA/12.75 BOEST 20290923 GTIA,12800000,DOP,128,8.2321,112.157363,14/08/2026,10:04:41 AM,PRESTAMO,PRIMERA PARTE,ROTC,14/08/2026,CONFIRMADA,3282639,0,23/09/2022,23/09/2029,12.45,MINISTERIO DE HACIENDA,HACIENDA,62034
DO1005211227,MH32029,HACIENDA/12.75 BOEST 20290923 GTIA,12800000,DOP,128,8.0654,112.33642999999999,14/08/2026,10:04:40 AM,ESTRUCTURADA,SEGUNDA PARTE,ROTC,15/09/2026,CONFIRMADA,3282557,0,23/09/2022,23/09/2029,12.45,MINISTERIO DE HACIENDA,HACIENDA,63749
DO1005211227,MH32029,HACIENDA/12.75 BOEST 20290923 GTIA,12800000,DOP,128,8.2321,112.157363,14/08/2026,10:04:40 AM,ESTRUCTURADA,PRIMERA PARTE,ROTC,14/08/2026,CONFIRMADA,3282557,0,23/09/2022,23/09/2029,12.45,MINISTERIO DE HACIENDA,HACIENDA,64127
DO1005208322,MHUS2040,HACIENDA/6.75 BOEST 20400724 GTIA,8000,USD,8,4.182,126.923625,14/08/2026,10:04:31 AM,CONTADO,PRIMERA PARTE,ROTC,14/08/2026,CONFIRMADA,3282298,0,24/07/2020,24/07/2040,0,MINISTERIO DE HACIENDA,HACIENDA,59458
DO1005211227,MH32029,HACIENDA/12.75 BOEST 20290923 GTIA,21400000,DOP,214,8.1957,111.96732,14/08/2026,10:04:20 AM,PRESTAMO,SEGUNDA PARTE,ROTC,15/09/2026,CONFIRMADA,3282636,0,23/09/2022,23/09/2029,12.45,MINISTERIO DE HACIENDA,HACIENDA,61677
DO1005211227,MH32029,HACIENDA/12.75 BOEST 20290923 GTIA,21400000,DOP,214,8.3582,111.792293,14/08/2026,10:04:20 AM,PRESTAMO,PRIMERA PARTE,ROTC,14/08/2026,CONFIRMADA,3282636,0,23/09/2022,23/09/2029,12.45,MINISTERIO DE HACIENDA,HACIENDA,62069
DO1005211227,MH32029,HACIENDA/12.75 BOEST 20290923 GTIA,21400000,DOP,214,8.1957,111.96732,14/08/2026,10:04:19 AM,ESTRUCTURADA,SEGUNDA PARTE,ROTC,15/09/2026,CONFIRMADA,3282556,0,23/09/2022,23/09/2029,12.45,MINISTERIO DE HACIENDA,HACIENDA,63833
DO1005211227,MH32029,HACIENDA/12.75 BOEST 20290923 GTIA,21400000,DOP,214,8.3582,111.792293,14/08/2026,10:04:19 AM,ESTRUCTURADA,PRIMERA PARTE,ROTC,14/08/2026,CONFIRMADA,3282556,0,23/09/2022,23/09/2029,12.45,MINISTERIO DE HACIENDA,HACIENDA,64225
DO1005211227,MH32029,HACIENDA/12.75 BOEST 20290923 GTIA,2500000,DOP,25,7.0793,115.180055,14/08/2026,10:04:02 AM,PRESTAMO,SEGUNDA PARTE,ROTC,15/09/2026,CONFIRMADA,3282635,0,23/09/2022,23/09/2029,12.45,MINISTERIO DE HACIENDA,HACIENDA,61285
DO1005211227,MH32029,HACIENDA/12.75 BOEST 20290923 GTIA,2500000,DOP,25,7.2778,114.969863,14/08/2026,10:04:02 AM,PRESTAMO,PRIMERA PARTE,ROTC,14/08/2026,CONFIRMADA,3282635,0,23/09/2022,23/09/2029,12.45,MINISTERIO DE HACIENDA,HACIENDA,61516
DO1005211227,MH32029,HACIENDA/12.75 BOEST 20290923 GTIA,2500000,DOP,25,7.0793,115.180055,14/08/2026,10:04:00 AM,ESTRUCTURADA,SEGUNDA PARTE,ROTC,15/09/2026,CONFIRMADA,3282555,0,23/09/2022,23/09/2029,12.45,MINISTERIO DE HACIENDA,HACIENDA,63371
DO1005211227,MH32029,HACIENDA/12.75 BOEST 20290923 GTIA,2500000,DOP,25,7.2778,114.969863,14/08/2026,10:04:00 AM,ESTRUCTURADA,PRIMERA PARTE,ROTC,14/08/2026,CONFIRMADA,3282555,0,23/09/2022,23/09/2029,12.45,MINISTERIO DE HACIENDA,HACIENDA,63602
DO1002261423,NO301129,BCENTRAL/9.5 BOEST 20291130 GTIA,1350000,DOP,135,8.8920191,101.610118,14/08/2026,10:03:34 AM,PRESTAMO,SEGUNDA PARTE,ROTC,13/10/2026,CONFIRMADA,3282634,0,30/11/2025,30/11/2029,8.2,BANCO CENTRAL DE LA REPUBLICA DOMINICANA,BCENTRAL,62510
DO1002261423,NO301129,BCENTRAL/9.5 BOEST 20291130 GTIA,1350000,DOP,135,8.86968959,101.741747,14/08/2026,10:03:34 AM,PRESTAMO,PRIMERA PARTE,ROTC,14/08/2026,CONFIRMADA,3282634,0,30/11/2025,30/11/2029,8.2,BANCO CENTRAL DE LA REPUBLICA DOMINICANA,BCENTRAL,63266
DO1002261423,NO301129,BCENTRAL/9.5 BOEST 20291130 GTIA,1350000,DOP,135,8.8920191,101.610118,14/08/2026,10:03:33 AM,ESTRUCTURADA,SEGUNDA PARTE,ROTC,13/10/2026,CONFIRMADA,3282622,0,30/11/2025,30/11/2029,8.2,BANCO CENTRAL DE LA REPUBLICA DOMINICANA,BCENTRAL,64603
DO1002261423,NO301129,BCENTRAL/9.5 BOEST 20291130 GTIA,1350000,DOP,135,8.86968959,101.741747,14/08/2026,10:03:33 AM,ESTRUCTURADA,PRIMERA PARTE,ROTC,14/08/2026,CONFIRMADA,3282622,0,30/11/2025,30/11/2029,8.2,BANCO CENTRAL DE LA REPUBLICA DOMINICANA,BCENTRAL,65359
DO1002261928,LE090427,BCENTRAL/ LT 20270409 GTIA,540000,DOP,54,9.4674,94.109661,14/08/2026,10:03:32 AM,CONTADO,PRIMERA PARTE,ROTC,14/08/2026,CONFIRMADA,3282295,0,09/04/2026,09/04/2027,0,BANCO CENTRAL DE LA REPUBLICA DOMINICANA,BCENTRAL,57400
DO2006901311,BC1ITA01,EGEITABO/5.65 BO 20311208,2925,USD,2925,4.67828196,104.36464,14/08/2026,10:03:32 AM,PRESTAMO,SEGUNDA PARTE,ROTC,12/11/2026,CONFIRMADA,3282633,0,08/12/2021,08/12/2031,4.5,"EMPRESA GENERADORA DE ELECTRICIDAD ITABO, S.A.",EGEITABO,58800
DO2006901311,BC1ITA01,EGEITABO/5.65 BO 20311208,2925,USD,2925,4.67453758,104.569714,14/08/2026,10:03:32 AM,PRESTAMO,PRIMERA PARTE,ROTC,14/08/2026,CONFIRMADA,3282633,0,08/12/2021,08/12/2031,4.5,"EMPRESA GENERADORA DE ELECTRICIDAD ITABO, S.A.",EGEITABO,59304
DO2006901311,BC1ITA01,EGEITABO/5.65 BO 20311208,2925,USD,2925,4.67828196,104.36464,14/08/2026,10:03:31 AM,ESTRUCTURADA,SEGUNDA PARTE,ROTC,12/11/2026,CONFIRMADA,3282630,0,08/12/2021,08/12/2031,4.5,"EMPRESA GENERADORA DE ELECTRICIDAD ITABO, S.A.",EGEITABO,60893
DO2006901311,BC1ITA01,EGEITABO/5.65 BO 20311208,2925,USD,2925,4.67453758,104.569714,14/08/2026,10:03:31 AM,ESTRUCTURADA,PRIMERA PARTE,ROTC,14/08/2026,CONFIRMADA,3282630,0,08/12/2021,08/12/2031,4.5,"EMPRESA GENERADORA DE ELECTRICIDAD ITABO, S.A.",EGEITABO,61397
DO2006901311,BC1ITA01,EGEITABO/5.65 BO 20311208,2939,USD,2939,4.68280319,104.343825,14/08/2026,10:03:30 AM,PRESTAMO,SEGUNDA PARTE,ROTC,12/11/2026,CONFIRMADA,3282632,0,08/12/2021,08/12/2031,4.5,"EMPRESA GENERADORA DE ELECTRICIDAD ITABO, S.A.",EGEITABO,59136
DO2006901311,BC1ITA01,EGEITABO/5.65 BO 20311208,2939,USD,2939,4.67881946,104.549131,14/08/2026,10:03:30 AM,PRESTAMO,PRIMERA PARTE,ROTC,14/08/2026,CONFIRMADA,3282632,0,08/12/2021,08/12/2031,4.5,"EMPRESA GENERADORA DE ELECTRICIDAD ITABO, S.A.",EGEITABO,59325
DO2006901311,BC1ITA01,EGEITABO/5.65 BO 20311208,2939,USD,2939,4.68280319,104.343825,14/08/2026,10:03:28 AM,ESTRUCTURADA,SEGUNDA PARTE,ROTC,12/11/2026,CONFIRMADA,3282623,0,08/12/2021,08/12/2031,4.5,"EMPRESA GENERADORA DE ELECTRICIDAD ITABO, S.A.",EGEITABO,61285
DO2006901311,BC1ITA01,EGEITABO/5.65 BO 20311208,2939,USD,2939,4.67881946,104.549131,14/08/2026,10:03:28 AM,ESTRUCTURADA,PRIMERA PARTE,ROTC,14/08/2026,CONFIRMADA,3282623,0,08/12/2021,08/12/2031,4.5,"EMPRESA GENERADORA DE ELECTRICIDAD ITABO, S.A.",EGEITABO,61474
DO1002261423,NO301129,BCENTRAL/9.5 BOEST 20291130 GTIA,420000,DOP,42,8.91300338,101.553257,14/08/2026,10:03:27 AM,PRESTAMO,SEGUNDA PARTE,ROTC,13/10/2026,CONFIRMADA,3282631,0,30/11/2025,30/11/2029,8.15,BANCO CENTRAL DE LA REPUBLICA DOMINICANA,BCENTRAL,62195
DO1002261423,NO301129,BCENTRAL/9.5 BOEST 20291130 GTIA,420000,DOP,42,8.88646643,101.694174,14/08/2026,10:03:27 AM,PRESTAMO,PRIMERA PARTE,ROTC,14/08/2026,CONFIRMADA,3282631,0,30/11/2025,30/11/2029,8.15,BANCO CENTRAL DE LA REPUBLICA DOMINICANA,BCENTRAL,62468
DO1002261423,NO301129,BCENTRAL/9.5 BOEST 20291130 GTIA,420000,DOP,42,8.91300338,101.553257,14/08/2026,10:03:26 AM,ESTRUCTURADA,SEGUNDA PARTE,ROTC,13/10/2026,CONFIRMADA,3282629,0,30/11/2025,30/11/2029,8.15,BANCO CENTRAL DE LA REPUBLICA DOMINICANA,BCENTRAL,64288
DO1002261423,NO301129,BCENTRAL/9.5 BOEST 20291130 GTIA,420000,DOP,42,8.88646643,101.694174,14/08/2026,10:03:26 AM,ESTRUCTURADA,PRIMERA PARTE,ROTC,14/08/2026,CONFIRMADA,3282629,0,30/11/2025,30/11/2029,8.15,BANCO CENTRAL DE LA REPUBLICA DOMINICANA,BCENTRAL,64561
DO1002261928,LE090427,BCENTRAL/ LT 20270409 GTIA,110000,DOP,11,15.1302,90.906809,14/08/2026,10:02:58 AM,CONTADO,PRIMERA PARTE,ROTC,14/08/2026,CONFIRMADA,3282292,0,09/04/2026,09/04/2027,0,BANCO CENTRAL DE LA REPUBLICA DOMINICANA,BCENTRAL,57596
DO1002261928,LE090427,BCENTRAL/ LT 20270409 GTIA,110000,DOP,11,15.1302,90.9068,14/08/2026,10:02:25 AM,CONTADO,PRIMERA PARTE,ROTC,14/08/2026,CONFIRMADA,3282268,0,09/04/2026,09/04/2027,0,BANCO CENTRAL DE LA REPUBLICA DOMINICANA,BCENTRAL,56819
DO1002228729,NO030328,BCENTRAL/9.5 BOEST 20280303 GTIA,80000,DOP,8,7.1781,103.1799,14/08/2026,10:02:06 AM,PRESTAMO,SEGUNDA PARTE,ROTC,14/09/2026,CONFIRMADA,3282628,0,03/03/2025,03/03/2028,7.55,BANCO CENTRAL DE LA REPUBLICA DOMINICANA,BCENTRAL,59584
DO1002228729,NO030328,BCENTRAL/9.5 BOEST 20280303 GTIA,80000,DOP,8,10.5152,98.566525,14/08/2026,10:02:06 AM,PRESTAMO,PRIMERA PARTE,ROTC,14/08/2026,CONFIRMADA,3282628,0,03/03/2025,03/03/2028,7.55,BANCO CENTRAL DE LA REPUBLICA DOMINICANA,BCENTRAL,60354
DO1002228729,NO030328,BCENTRAL/9.5 BOEST 20280303 GTIA,80000,DOP,8,7.1781,103.1799,14/08/2026,10:02:05 AM,ESTRUCTURADA,SEGUNDA PARTE,ROTC,14/09/2026,CONFIRMADA,3282614,0,03/03/2025,03/03/2028,7.55,BANCO CENTRAL DE LA REPUBLICA DOMINICANA,BCENTRAL,61677
DO1002228729,NO030328,BCENTRAL/9.5 BOEST 20280303 GTIA,80000,DOP,8,10.5152,98.566525,14/08/2026,10:02:05 AM,ESTRUCTURADA,PRIMERA PARTE,ROTC,14/08/2026,CONFIRMADA,3282614,0,03/03/2025,03/03/2028,7.55,BANCO CENTRAL DE LA REPUBLICA DOMINICANA,BCENTRAL,62447
DO1002228729,NO030328,BCENTRAL/9.5 BOEST 20280303 GTIA,590000,DOP,59,7.3086,102.831729,14/08/2026,10:02:04 AM,PRESTAMO,SEGUNDA PARTE,ROTC,13/10/2026,CONFIRMADA,3282627,0,03/03/2025,03/03/2028,8.35,BANCO CENTRAL DE LA REPUBLICA DOMINICANA,BCENTRAL,60956
DO1002228729,NO030328,BCENTRAL/9.5 BOEST 20280303 GTIA,590000,DOP,59,10.7641,98.221917,14/08/2026,10:02:04 AM,PRESTAMO,PRIMERA PARTE,ROTC,14/08/2026,CONFIRMADA,3282627,0,03/03/2025,03/03/2028,8.35,BANCO CENTRAL DE LA REPUBLICA DOMINICANA,BCENTRAL,61082
DO1002228729,NO030328,BCENTRAL/9.5 BOEST 20280303 GTIA,590000,DOP,59,7.3086,102.831729,14/08/2026,10:02:02 AM,ESTRUCTURADA,SEGUNDA PARTE,ROTC,13/10/2026,CONFIRMADA,3282615,0,03/03/2025,03/03/2028,8.35,BANCO CENTRAL DE LA REPUBLICA DOMINICANA,BCENTRAL,63042
DO1002228729,NO030328,BCENTRAL/9.5 BOEST 20280303 GTIA,590000,DOP,59,10.7641,98.221917,14/08/2026,10:02:02 AM,ESTRUCTURADA,PRIMERA PARTE,ROTC,14/08/2026,CONFIRMADA,3282615,0,03/03/2025,03/03/2028,8.35,BANCO CENTRAL DE LA REPUBLICA DOMINICANA,BCENTRAL,63168
USP3579ECP09,BSRD2029, ,50000,USD,50,4.0515,102.35,14/08/2026,10:02:01 AM,PRESTAMO,SEGUNDA PARTE,ROTC,10/06/2027,CONFIRMADA,3282626,0,22/02/2022,22/02/2029,4.8,MINISTERIO DE HACIENDA,HACIENDA,46662
USP3579ECP09,BSRD2029, ,50000,USD,50,6.648,97.372222,14/08/2026,10:02:01 AM,PRESTAMO,PRIMERA PARTE,ROTC,14/08/2026,CONFIRMADA,3282626,0,22/02/2022,22/02/2029,4.8,MINISTERIO DE HACIENDA,HACIENDA,47656
USP3579ECP09,BSRD2029, ,50000,USD,50,4.0515,102.35,14/08/2026,10:02:00 AM,ESTRUCTURADA,SEGUNDA PARTE,ROTC,10/06/2027,CONFIRMADA,3282616,0,22/02/2022,22/02/2029,4.8,MINISTERIO DE HACIENDA,HACIENDA,48755
USP3579ECP09,BSRD2029, ,50000,USD,50,6.648,97.372222,14/08/2026,10:02:00 AM,ESTRUCTURADA,PRIMERA PARTE,ROTC,14/08/2026,CONFIRMADA,3282616,0,22/02/2022,22/02/2029,4.8,MINISTERIO DE HACIENDA,HACIENDA,49749
DO1002228729,NO030328,BCENTRAL/9.5 BOEST 20280303 GTIA,440000,DOP,44,6.9748,103.373552,14/08/2026,10:01:59 AM,PRESTAMO,SEGUNDA PARTE,ROTC,28/09/2026,CONFIRMADA,3282625,0,03/03/2025,03/03/2028,8.4,BANCO CENTRAL DE LA REPUBLICA DOMINICANA,BCENTRAL,61075
DO1002228729,NO030328,BCENTRAL/9.5 BOEST 20280303 GTIA,440000,DOP,44,10.4083,98.714973,14/08/2026,10:01:59 AM,PRESTAMO,PRIMERA PARTE,ROTC,14/08/2026,CONFIRMADA,3282625,0,03/03/2025,03/03/2028,8.4,BANCO CENTRAL DE LA REPUBLICA DOMINICANA,BCENTRAL,61103
DO1002228729,NO030328,BCENTRAL/9.5 BOEST 20280303 GTIA,440000,DOP,44,6.9748,103.373552,14/08/2026,10:01:58 AM,ESTRUCTURADA,SEGUNDA PARTE,ROTC,28/09/2026,CONFIRMADA,3282617,0,03/03/2025,03/03/2028,8.4,BANCO CENTRAL DE LA REPUBLICA DOMINICANA,BCENTRAL,63168
DO1002228729,NO030328,BCENTRAL/9.5 BOEST 20280303 GTIA,440000,DOP,44,10.4083,98.714973,14/08/2026,10:01:58 AM,ESTRUCTURADA,PRIMERA PARTE,ROTC,14/08/2026,CONFIRMADA,3282617,0,03/03/2025,03/03/2028,8.4,BANCO CENTRAL DE LA REPUBLICA DOMINICANA,BCENTRAL,63196
DO1002261522,NO180130,BCENTRAL/9.5 BOEST 20300118 GTIA,100000,DOP,10,10.1,98.283194,14/08/2026,10:01:57 AM,CONTADO,PRIMERA PARTE,ROTC,14/08/2026,CONFIRMADA,3282618,0,18/01/2026,18/01/2030,0,BANCO CENTRAL DE LA REPUBLICA DOMINICANA,BCENTRAL,59038
USP3579ECP09,BSRD2029, ,180000,USD,180,2.9963,105.468056,14/08/2026,10:01:56 AM,PRESTAMO,SEGUNDA PARTE,ROTC,12/11/2026,CONFIRMADA,3282624,0,22/02/2022,22/02/2029,4.3,MINISTERIO DE HACIENDA,HACIENDA,49042
USP3579ECP09,BSRD2029, ,180000,USD,180,4.2628,102.927778,14/08/2026,10:01:56 AM,PRESTAMO,PRIMERA PARTE,ROTC,14/08/2026,CONFIRMADA,3282624,0,22/02/2022,22/02/2029,4.3,MINISTERIO DE HACIENDA,HACIENDA,49168
USP3579ECP09,BSRD2029, ,180000,USD,180,2.9963,105.468056,14/08/2026,10:01:54 AM,ESTRUCTURADA,SEGUNDA PARTE,ROTC,12/11/2026,CONFIRMADA,3282613,0,22/02/2022,22/02/2029,4.3,MINISTERIO DE HACIENDA,HACIENDA,51128
USP3579ECP09,BSRD2029, ,180000,USD,180,4.2628,102.927778,14/08/2026,10:01:54 AM,ESTRUCTURADA,PRIMERA PARTE,ROTC,14/08/2026,CONFIRMADA,3282613,0,22/02/2022,22/02/2029,4.3,MINISTERIO DE HACIENDA,HACIENDA,51254
DO1005207118,MHUS2026,HACIENDA/6.65 BOEST 20261227 GTIA,24000,USD,24,1.105,102.040417,14/08/2026,10:01:50 AM,CONTADO,PRIMERA PARTE,ROTC,14/08/2026,CONFIRMADA,3282496,0,27/12/2019,27/12/2026,0,MINISTERIO DE HACIENDA,HACIENDA,59969
DO1002261928,LE090427,BCENTRAL/ LT 20270409 GTIA,770000,DOP,77,9.5236,94.07677,14/08/2026,10:01:06 AM,CONTADO,PRIMERA PARTE,ROTC,14/08/2026,CONFIRMADA,3282265,0,09/04/2026,09/04/2027,0,BANCO CENTRAL DE LA REPUBLICA DOMINICANA,BCENTRAL,57120
DO1002261928,LE090427,BCENTRAL/ LT 20270409 GTIA,640000,DOP,64,8.2864,94.806319,14/08/2026,10:00:34 AM,CONTADO,PRIMERA PARTE,ROTC,14/08/2026,CONFIRMADA,3282253,0,09/04/2026,09/04/2027,0,BANCO CENTRAL DE LA REPUBLICA DOMINICANA,BCENTRAL,57421
DO1005207118,MHUS2026,HACIENDA/6.65 BOEST 20261227 GTIA,16000,USD,16,-7.6312,105.468125,14/08/2026,10:00:02 AM,CONTADO,PRIMERA PARTE,ROTC,14/08/2026,CONFIRMADA,3282250,0,27/12/2019,27/12/2026,0,MINISTERIO DE HACIENDA,HACIENDA,60781
DO1002261928,LE090427,BCENTRAL/ LT 20270409 GTIA,330000,DOP,33,10.122,93.727948,14/08/2026,09:59:36 AM,CONTADO,PRIMERA PARTE,ROTC,14/08/2026,CONFIRMADA,3282247,0,09/04/2026,09/04/2027,0,BANCO CENTRAL DE LA REPUBLICA DOMINICANA,BCENTRAL,57442
DO1005208322,MHUS2040,HACIENDA/6.75 BOEST 20400724 GTIA,160000,USD,160,4.6218,121.693206,14/08/2026,09:59:15 AM,CONTADO,PRIMERA PARTE,ROTC,14/08/2026,CONFIRMADA,3282244,0,24/07/2020,24/07/2040,0,MINISTERIO DE HACIENDA,HACIENDA,61264
DO1002261928,LE090427,BCENTRAL/ LT 20270409 GTIA,430000,DOP,43,8.8854,94.451693,14/08/2026,09:58:46 AM,CONTADO,PRIMERA PARTE,ROTC,14/08/2026,CONFIRMADA,3282241,0,09/04/2026,09/04/2027,0,BANCO CENTRAL DE LA REPUBLICA DOMINICANA,BCENTRAL,57589
DO1005207118,MHUS2026,HACIENDA/6.65 BOEST 20261227 GTIA,20000,USD,20,5.5887,100.3799,14/08/2026,09:58:17 AM,CONTADO,PRIMERA PARTE,ROTC,14/08/2026,CONFIRMADA,3282238,0,27/12/2019,27/12/2026,0,MINISTERIO DE HACIENDA,HACIENDA,59990
DO1002261928,LE090427,BCENTRAL/ LT 20270409 GTIA,2500000,DOP,250,8.193,97.126438,14/08/2026,09:56:10 AM,PLAZO,PRIMERA PARTE,ROTC,30/11/2026,CONFIRMADA,3282333,0,09/04/2026,09/04/2027,0,BANCO CENTRAL DE LA REPUBLICA DOMINICANA,BCENTRAL,56791
DO1002261928,LE090427,BCENTRAL/ LT 20270409 GTIA,2500000,DOP,250,8.193,97.126438,14/08/2026,09:56:08 AM,PRESTAMO,SEGUNDA PARTE,ROTC,30/11/2026,CONFIRMADA,3282332,0,09/04/2026,09/04/2027,2.765117,BANCO CENTRAL DE LA REPUBLICA DOMINICANA,BCENTRAL,58380
DO1002261928,LE090427,BCENTRAL/ LT 20270409 GTIA,2500000,DOP,250,9.0176,94.440778,14/08/2026,09:56:08 AM,PRESTAMO,PRIMERA PARTE,ROTC,17/08/2026,CONFIRMADA,3282332,0,09/04/2026,09/04/2027,2.765117,BANCO CENTRAL DE LA REPUBLICA DOMINICANA,BCENTRAL,58891
DO1005208322,MHUS2040,HACIENDA/6.75 BOEST 20400724 GTIA,85000,USD,85,4.6822,120.8152,14/08/2026,09:56:07 AM,PLAZO,PRIMERA PARTE,ROTC,13/10/2026,CONFIRMADA,3282330,0,24/07/2020,24/07/2040,0,MINISTERIO DE HACIENDA,HACIENDA,58954
DO1005208322,MHUS2040,HACIENDA/6.75 BOEST 20400724 GTIA,85000,USD,85,4.6822,120.8152,14/08/2026,09:56:06 AM,PRESTAMO,SEGUNDA PARTE,ROTC,13/10/2026,CONFIRMADA,3282329,0,24/07/2020,24/07/2040,1.042847,MINISTERIO DE HACIENDA,HACIENDA,60487
DO1005208322,MHUS2040,HACIENDA/6.75 BOEST 20400724 GTIA,85000,USD,85,4.6801,121.021082,14/08/2026,09:56:06 AM,PRESTAMO,PRIMERA PARTE,ROTC,14/08/2026,CONFIRMADA,3282329,0,24/07/2020,24/07/2040,1.042847,MINISTERIO DE HACIENDA,HACIENDA,61243
DO1002261928,LE090427,BCENTRAL/ LT 20270409 GTIA,120000,DOP,12,30.1403,95.751208,14/08/2026,09:56:05 AM,PLAZO,PRIMERA PARTE,ROTC,15/02/2027,CONFIRMADA,3282327,0,09/04/2026,09/04/2027,0,BANCO CENTRAL DE LA REPUBLICA DOMINICANA,BCENTRAL,56700
DO1002261928,LE090427,BCENTRAL/ LT 20270409 GTIA,120000,DOP,12,30.1403,95.751208,14/08/2026,09:56:04 AM,PRESTAMO,SEGUNDA PARTE,ROTC,15/02/2027,CONFIRMADA,3282326,0,09/04/2026,09/04/2027,4.674649,BANCO CENTRAL DE LA REPUBLICA DOMINICANA,BCENTRAL,58233
DO1002261928,LE090427,BCENTRAL/ LT 20270409 GTIA,120000,DOP,12,14.6433,91.275175,14/08/2026,09:56:04 AM,PRESTAMO,PRIMERA PARTE,ROTC,17/08/2026,CONFIRMADA,3282326,0,09/04/2026,09/04/2027,4.674649,BANCO CENTRAL DE LA REPUBLICA DOMINICANA,BCENTRAL,58415
DO1002261928,LE090427,BCENTRAL/ LT 20270409 GTIA,420000,DOP,42,0,95.203057,14/08/2026,09:56:03 AM,PLAZO,PRIMERA PARTE,ROTC,16/09/2026,CONFIRMADA,3282324,0,09/04/2026,09/04/2027,0,BANCO CENTRAL DE LA REPUBLICA DOMINICANA,BCENTRAL,54656
DO1002261928,LE090427,BCENTRAL/ LT 20270409 GTIA,420000,DOP,42,0,95.203057,14/08/2026,09:56:01 AM,PRESTAMO,SEGUNDA PARTE,ROTC,16/09/2026,CONFIRMADA,3282323,0,09/04/2026,09/04/2027,0.74852,BANCO CENTRAL DE LA REPUBLICA DOMINICANA,BCENTRAL,56182
DO1002261928,LE090427,BCENTRAL/ LT 20270409 GTIA,420000,DOP,42,8.9323,94.490443,14/08/2026,09:56:01 AM,PRESTAMO,PRIMERA PARTE,ROTC,17/08/2026,CONFIRMADA,3282323,0,09/04/2026,09/04/2027,0.74852,BANCO CENTRAL DE LA REPUBLICA DOMINICANA,BCENTRAL,58128
DO1005207118,MHUS2026,HACIENDA/6.65 BOEST 20261227 GTIA,4000,USD,4,-20.154,105.72175,14/08/2026,09:56:00 AM,PLAZO,PRIMERA PARTE,ROTC,16/10/2026,CONFIRMADA,3282321,0,27/12/2019,27/12/2026,0,MINISTERIO DE HACIENDA,HACIENDA,58828
DO1005207118,MHUS2026,HACIENDA/6.65 BOEST 20261227 GTIA,4000,USD,4,-20.154,105.72175,14/08/2026,09:55:59 AM,PRESTAMO,SEGUNDA PARTE,ROTC,16/10/2026,CONFIRMADA,3282320,0,27/12/2019,27/12/2026,1.557627,MINISTERIO DE HACIENDA,HACIENDA,60459
DO1005207118,MHUS2026,HACIENDA/6.65 BOEST 20261227 GTIA,4000,USD,4,-9.4237,106.06575,14/08/2026,09:55:59 AM,PRESTAMO,PRIMERA PARTE,ROTC,17/08/2026,CONFIRMADA,3282320,0,27/12/2019,27/12/2026,1.557627,MINISTERIO DE HACIENDA,HACIENDA,60683
DO1002261928,LE090427,BCENTRAL/ LT 20270409 GTIA,640000,DOP,64,0,97.312036,14/08/2026,09:55:58 AM,PLAZO,PRIMERA PARTE,ROTC,16/11/2026,CONFIRMADA,3282318,0,09/04/2026,09/04/2027,0,BANCO CENTRAL DE LA REPUBLICA DOMINICANA,BCENTRAL,54726
DO1002261928,LE090427,BCENTRAL/ LT 20270409 GTIA,640000,DOP,64,0,97.312036,14/08/2026,09:55:56 AM,PRESTAMO,SEGUNDA PARTE,ROTC,16/11/2026,CONFIRMADA,3282317,0,09/04/2026,09/04/2027,2.320962,BANCO CENTRAL DE LA REPUBLICA DOMINICANA,BCENTRAL,56252
DO1002261928,LE090427,BCENTRAL/ LT 20270409 GTIA,640000,DOP,64,7.972,95.053461,14/08/2026,09:55:56 AM,PRESTAMO,PRIMERA PARTE,ROTC,17/08/2026,CONFIRMADA,3282317,0,09/04/2026,09/04/2027,2.320962,BANCO CENTRAL DE LA REPUBLICA DOMINICANA,BCENTRAL,57883
DO1005207118,MHUS2026,HACIENDA/6.65 BOEST 20261227 GTIA,6000,USD,6,-64.676,110.198667,14/08/2026,09:55:55 AM,PLAZO,PRIMERA PARTE,ROTC,16/11/2026,CONFIRMADA,3282315,0,27/12/2019,27/12/2026,0,MINISTERIO DE HACIENDA,HACIENDA,59458
DO1005207118,MHUS2026,HACIENDA/6.65 BOEST 20261227 GTIA,6000,USD,6,-64.676,110.198667,14/08/2026,09:55:54 AM,PRESTAMO,SEGUNDA PARTE,ROTC,16/11/2026,CONFIRMADA,3282314,0,27/12/2019,27/12/2026,1.886762,MINISTERIO DE HACIENDA,HACIENDA,60991
DO1005207118,MHUS2026,HACIENDA/6.65 BOEST 20261227 GTIA,6000,USD,6,-20.209,110.657833,14/08/2026,09:55:54 AM,PRESTAMO,PRIMERA PARTE,ROTC,17/08/2026,CONFIRMADA,3282314,0,27/12/2019,27/12/2026,1.886762,MINISTERIO DE HACIENDA,HACIENDA,60956
DO1005207118,MHUS2026,HACIENDA/6.65 BOEST 20261227 GTIA,10000,USD,10,-11.916,105.566,14/08/2026,09:55:53 AM,PLAZO,PRIMERA PARTE,ROTC,14/09/2026,CONFIRMADA,3282237,0,27/12/2019,27/12/2026,0,MINISTERIO DE HACIENDA,HACIENDA,58884
DO1002261928,LE090427,BCENTRAL/ LT 20270409 GTIA,700000,DOP,70,4.8964,99.217316,14/08/2026,09:55:52 AM,PRESTAMO,SEGUNDA PARTE,ROTC,10/02/2027,CONFIRMADA,3282212,0,09/04/2026,09/04/2027,4.625656,BANCO CENTRAL DE LA REPUBLICA DOMINICANA,BCENTRAL,58079
DO1002261928,LE090427,BCENTRAL/ LT 20270409 GTIA,700000,DOP,70,8.5872,94.627864,14/08/2026,09:55:52 AM,PRESTAMO,PRIMERA PARTE,ROTC,14/08/2026,CONFIRMADA,3282212,0,09/04/2026,09/04/2027,4.625656,BANCO CENTRAL DE LA REPUBLICA DOMINICANA,BCENTRAL,58254
DO1002261928,LE090427,BCENTRAL/ LT 20270409 GTIA,700000,DOP,70,4.8964,99.217316,14/08/2026,09:55:50 AM,PLAZO,PRIMERA PARTE,ROTC,10/02/2027,CONFIRMADA,3282213,0,09/04/2026,09/04/2027,0,BANCO CENTRAL DE LA REPUBLICA DOMINICANA,BCENTRAL,56525
DO1005207118,MHUS2026,HACIENDA/6.65 BOEST 20261227 GTIA,13000,USD,13,2.5164,100.457923,14/08/2026,09:55:49 AM,PRESTAMO,SEGUNDA PARTE,ROTC,16/11/2026,CONFIRMADA,3282215,0,27/12/2019,27/12/2026,1.964562,MINISTERIO DE HACIENDA,HACIENDA,61215
DO1005207118,MHUS2026,HACIENDA/6.65 BOEST 20261227 GTIA,13000,USD,13,3.7746,101.020692,14/08/2026,09:55:49 AM,PRESTAMO,PRIMERA PARTE,ROTC,17/08/2026,CONFIRMADA,3282215,0,27/12/2019,27/12/2026,1.964562,MINISTERIO DE HACIENDA,HACIENDA,61320
DO1005207118,MHUS2026,HACIENDA/6.65 BOEST 20261227 GTIA,13000,USD,13,2.5164,100.457923,14/08/2026,09:55:48 AM,PLAZO,PRIMERA PARTE,ROTC,16/11/2026,CONFIRMADA,3282216,0,27/12/2019,27/12/2026,0,MINISTERIO DE HACIENDA,HACIENDA,59668
DO1005207118,MHUS2026,HACIENDA/6.65 BOEST 20261227 GTIA,18000,USD,18,5.1323,100.298944,14/08/2026,09:55:47 AM,PRESTAMO,SEGUNDA PARTE,ROTC,13/10/2026,CONFIRMADA,3282218,0,27/12/2019,27/12/2026,1.550251,MINISTERIO DE HACIENDA,HACIENDA,61257
DO1005207118,MHUS2026,HACIENDA/6.65 BOEST 20261227 GTIA,18000,USD,18,4.7622,100.681222,14/08/2026,09:55:47 AM,PRESTAMO,PRIMERA PARTE,ROTC,14/08/2026,CONFIRMADA,3282218,0,27/12/2019,27/12/2026,1.550251,MINISTERIO DE HACIENDA,HACIENDA,61320
DO1005207118,MHUS2026,HACIENDA/6.65 BOEST 20261227 GTIA,18000,USD,18,5.1323,100.298944,14/08/2026,09:55:46 AM,PLAZO,PRIMERA PARTE,ROTC,13/10/2026,CONFIRMADA,3282219,0,27/12/2019,27/12/2026,0,MINISTERIO DE HACIENDA,HACIENDA,59710
DO1002261928,LE090427,BCENTRAL/ LT 20270409 GTIA,60000,DOP,6,12.9207,94.090267,14/08/2026,09:55:45 AM,PRESTAMO,SEGUNDA PARTE,ROTC,16/10/2026,CONFIRMADA,3282221,0,09/04/2026,09/04/2027,1.161349,BANCO CENTRAL DE LA REPUBLICA DOMINICANA,BCENTRAL,57694
DO1002261928,LE090427,BCENTRAL/ LT 20270409 GTIA,60000,DOP,6,11.5349,92.99755,14/08/2026,09:55:45 AM,PRESTAMO,PRIMERA PARTE,ROTC,17/08/2026,CONFIRMADA,3282221,0,09/04/2026,09/04/2027,1.161349,BANCO CENTRAL DE LA REPUBLICA DOMINICANA,BCENTRAL,57554
DO1002261928,LE090427,BCENTRAL/ LT 20270409 GTIA,60000,DOP,6,12.9207,94.090267,14/08/2026,09:55:44 AM,PLAZO,PRIMERA PARTE,ROTC,16/10/2026,CONFIRMADA,3282222,0,09/04/2026,09/04/2027,0,BANCO CENTRAL DE LA REPUBLICA DOMINICANA,BCENTRAL,56147
DO1005207118,MHUS2026,HACIENDA/6.65 BOEST 20261227 GTIA,5000,USD,5,65.4571,98.3178,14/08/2026,09:55:42 AM,PRESTAMO,SEGUNDA PARTE,ROTC,15/12/2026,CONFIRMADA,3282224,0,27/12/2019,27/12/2026,2.32902,MINISTERIO DE HACIENDA,HACIENDA,59941
DO1005207118,MHUS2026,HACIENDA/6.65 BOEST 20261227 GTIA,5000,USD,5,9.3038,99.0708,14/08/2026,09:55:42 AM,PRESTAMO,PRIMERA PARTE,ROTC,17/08/2026,CONFIRMADA,3282224,0,27/12/2019,27/12/2026,2.32902,MINISTERIO DE HACIENDA,HACIENDA,59661
DO1005207118,MHUS2026,HACIENDA/6.65 BOEST 20261227 GTIA,5000,USD,5,65.4571,98.3178,14/08/2026,09:55:41 AM,PLAZO,PRIMERA PARTE,ROTC,15/12/2026,CONFIRMADA,3282225,0,27/12/2019,27/12/2026,0,MINISTERIO DE HACIENDA,HACIENDA,58394
DO1002261928,LE090427,BCENTRAL/ LT 20270409 GTIA,3270000,DOP,327,0,95.033471,14/08/2026,09:55:40 AM,PRESTAMO,SEGUNDA PARTE,ROTC,14/09/2026,CONFIRMADA,3282227,0,09/04/2026,09/04/2027,0.773279,BANCO CENTRAL DE LA REPUBLICA DOMINICANA,BCENTRAL,56945
DO1002261928,LE090427,BCENTRAL/ LT 20270409 GTIA,3270000,DOP,327,9.1454,94.298596,14/08/2026,09:55:40 AM,PRESTAMO,PRIMERA PARTE,ROTC,14/08/2026,CONFIRMADA,3282227,0,09/04/2026,09/04/2027,0.773279,BANCO CENTRAL DE LA REPUBLICA DOMINICANA,BCENTRAL,58968
DO1002261928,LE090427,BCENTRAL/ LT 20270409 GTIA,3270000,DOP,327,0,95.033471,14/08/2026,09:55:39 AM,PLAZO,PRIMERA PARTE,ROTC,14/09/2026,CONFIRMADA,3282228,0,09/04/2026,09/04/2027,0,BANCO CENTRAL DE LA REPUBLICA DOMINICANA,BCENTRAL,55461
DO1002261928,LE090427,BCENTRAL/ LT 20270409 GTIA,340000,DOP,34,0,94.404438,14/08/2026,09:55:38 AM,PRESTAMO,SEGUNDA PARTE,ROTC,14/09/2026,CONFIRMADA,3282230,0,09/04/2026,09/04/2027,0.773281,BANCO CENTRAL DE LA REPUBLICA DOMINICANA,BCENTRAL,56280
DO1002261928,LE090427,BCENTRAL/ LT 20270409 GTIA,340000,DOP,34,10.2142,93.674426,14/08/2026,09:55:38 AM,PRESTAMO,PRIMERA PARTE,ROTC,14/08/2026,CONFIRMADA,3282230,0,09/04/2026,09/04/2027,0.773281,BANCO CENTRAL DE LA REPUBLICA DOMINICANA,BCENTRAL,58443
DO1002261928,LE090427,BCENTRAL/ LT 20270409 GTIA,340000,DOP,34,0,94.404438,14/08/2026,09:55:37 AM,PLAZO,PRIMERA PARTE,ROTC,14/09/2026,CONFIRMADA,3282231,0,09/04/2026,09/04/2027,0,BANCO CENTRAL DE LA REPUBLICA DOMINICANA,BCENTRAL,54733
DO1002261928,LE090427,BCENTRAL/ LT 20270409 GTIA,1370000,DOP,137,9.6917,98.85563,14/08/2026,09:55:36 AM,PRESTAMO,SEGUNDA PARTE,ROTC,25/02/2027,CONFIRMADA,3282233,0,09/04/2026,09/04/2027,4.893997,BANCO CENTRAL DE LA REPUBLICA DOMINICANA,BCENTRAL,58576
DO1002261928,LE090427,BCENTRAL/ LT 20270409 GTIA,1370000,DOP,137,9.6247,94.017639,14/08/2026,09:55:36 AM,PRESTAMO,PRIMERA PARTE,ROTC,14/08/2026,CONFIRMADA,3282233,0,09/04/2026,09/04/2027,4.893997,BANCO CENTRAL DE LA REPUBLICA DOMINICANA,BCENTRAL,58933
DO1002261928,LE090427,BCENTRAL/ LT 20270409 GTIA,1370000,DOP,137,9.6917,98.85563,14/08/2026,09:55:34 AM,PLAZO,PRIMERA PARTE,ROTC,25/02/2027,CONFIRMADA,3282234,0,09/04/2026,09/04/2027,0,BANCO CENTRAL DE LA REPUBLICA DOMINICANA,BCENTRAL,57022
DO1005207118,MHUS2026,HACIENDA/6.65 BOEST 20261227 GTIA,10000,USD,10,-11.916,105.566,14/08/2026,09:55:33 AM,PRESTAMO,SEGUNDA PARTE,ROTC,14/09/2026,CONFIRMADA,3282236,0,27/12/2019,27/12/2026,1.169008,MINISTERIO DE HACIENDA,HACIENDA,60410
DO1005207118,MHUS2026,HACIENDA/6.65 BOEST 20261227 GTIA,10000,USD,10,-8.3309,105.7544,14/08/2026,09:55:33 AM,PRESTAMO,PRIMERA PARTE,ROTC,14/08/2026,CONFIRMADA,3282236,0,27/12/2019,27/12/2026,1.169008,MINISTERIO DE HACIENDA,HACIENDA,60858
DO1005207118,MHUS2026,HACIENDA/6.65 BOEST 20261227 GTIA,10000,USD,10,-8.3309,105.7544,14/08/2026,09:54:25 AM,CONTADO,PRIMERA PARTE,ROTC,14/08/2026,CONFIRMADA,3282235,0,27/12/2019,27/12/2026,0,MINISTERIO DE HACIENDA,HACIENDA,60165
DO1002261928,LE090427,BCENTRAL/ LT 20270409 GTIA,1370000,DOP,137,9.6247,94.017639,14/08/2026,09:53:57 AM,CONTADO,PRIMERA PARTE,ROTC,14/08/2026,CONFIRMADA,3282232,0,09/04/2026,09/04/2027,0,BANCO CENTRAL DE LA REPUBLICA DOMINICANA,BCENTRAL,58247
DO1002261928,LE090427,BCENTRAL/ LT 20270409 GTIA,340000,DOP,34,10.2142,93.674426,14/08/2026,09:53:27 AM,CONTADO,PRIMERA PARTE,ROTC,14/08/2026,CONFIRMADA,3282229,0,09/04/2026,09/04/2027,0,BANCO CENTRAL DE LA REPUBLICA DOMINICANA,BCENTRAL,57722
DO1002261928,LE090427,BCENTRAL/ LT 20270409 GTIA,3270000,DOP,327,9.1454,94.298596,14/08/2026,09:52:55 AM,CONTADO,PRIMERA PARTE,ROTC,14/08/2026,CONFIRMADA,3282226,0,09/04/2026,09/04/2027,0,BANCO CENTRAL DE LA REPUBLICA DOMINICANA,BCENTRAL,58296
DO1005207118,MHUS2026,HACIENDA/6.65 BOEST 20261227 GTIA,5000,USD,5,9.3038,99.0708,14/08/2026,09:52:27 AM,CONTADO,PRIMERA PARTE,ROTC,17/08/2026,CONFIRMADA,3282223,0,27/12/2019,27/12/2026,0,MINISTERIO DE HACIENDA,HACIENDA,58968
DO1002261928,LE090427,BCENTRAL/ LT 20270409 GTIA,60000,DOP,6,11.5349,92.99755,14/08/2026,09:52:06 AM,CONTADO,PRIMERA PARTE,ROTC,17/08/2026,CONFIRMADA,3282220,0,09/04/2026,09/04/2027,0,BANCO CENTRAL DE LA REPUBLICA DOMINICANA,BCENTRAL,56819
DO1005207118,MHUS2026,HACIENDA/6.65 BOEST 20261227 GTIA,18000,USD,18,4.7622,100.681222,14/08/2026,09:51:37 AM,CONTADO,PRIMERA PARTE,ROTC,14/08/2026,CONFIRMADA,3282217,0,27/12/2019,27/12/2026,0,MINISTERIO DE HACIENDA,HACIENDA,60592
DO1005207118,MHUS2026,HACIENDA/6.65 BOEST 20261227 GTIA,13000,USD,13,3.7746,101.020692,14/08/2026,09:51:03 AM,CONTADO,PRIMERA PARTE,ROTC,17/08/2026,CONFIRMADA,3282214,0,27/12/2019,27/12/2026,0,MINISTERIO DE HACIENDA,HACIENDA,60529
DO1002261928,LE090427,BCENTRAL/ LT 20270409 GTIA,700000,DOP,70,8.5872,94.627864,14/08/2026,09:50:38 AM,CONTADO,PRIMERA PARTE,ROTC,14/08/2026,CONFIRMADA,3282211,0,09/04/2026,09/04/2027,0,BANCO CENTRAL DE LA REPUBLICA DOMINICANA,BCENTRAL,57554
DO1005207118,MHUS2026,HACIENDA/6.65 BOEST 20261227 GTIA,8000,USD,8,4.2243,100.8785,14/08/2026,09:49:42 AM,CONTADO,PRIMERA PARTE,ROTC,14/08/2026,CONFIRMADA,3282256,0,27/12/2019,27/12/2026,0,MINISTERIO DE HACIENDA,HACIENDA,59262
DO1005208322,MHUS2040,HACIENDA/6.75 BOEST 20400724 GTIA,14000,USD,14,4.9686,117.764357,14/08/2026,09:49:11 AM,CONTADO,PRIMERA PARTE,ROTC,14/08/2026,CONFIRMADA,3282262,0,24/07/2020,24/07/2040,0,MINISTERIO DE HACIENDA,HACIENDA,60690
DO1005207118,MHUS2026,HACIENDA/6.65 BOEST 20261227 GTIA,6000,USD,6,-20.209,110.657833,14/08/2026,09:48:44 AM,CONTADO,PRIMERA PARTE,ROTC,17/08/2026,CONFIRMADA,3282313,0,27/12/2019,27/12/2026,0,MINISTERIO DE HACIENDA,HACIENDA,60270
DO1002261928,LE090427,BCENTRAL/ LT 20270409 GTIA,2500000,DOP,250,9.0176,94.440778,14/08/2026,09:48:17 AM,CONTADO,PRIMERA PARTE,ROTC,17/08/2026,CONFIRMADA,3282331,0,09/04/2026,09/04/2027,0,BANCO CENTRAL DE LA REPUBLICA DOMINICANA,BCENTRAL,58205
DO1002261928,LE090427,BCENTRAL/ LT 20270409 GTIA,640000,DOP,64,7.972,95.053461,14/08/2026,09:47:54 AM,CONTADO,PRIMERA PARTE,ROTC,17/08/2026,CONFIRMADA,3282316,0,09/04/2026,09/04/2027,0,BANCO CENTRAL DE LA REPUBLICA DOMINICANA,BCENTRAL,57183
DO1005207118,MHUS2026,HACIENDA/6.65 BOEST 20261227 GTIA,4000,USD,4,-9.4237,106.06575,14/08/2026,09:47:28 AM,CONTADO,PRIMERA PARTE,ROTC,17/08/2026,CONFIRMADA,3282319,0,27/12/2019,27/12/2026,0,MINISTERIO DE HACIENDA,HACIENDA,59969
DO1002261928,LE090427,BCENTRAL/ LT 20270409 GTIA,420000,DOP,42,8.9323,94.490443,14/08/2026,09:47:05 AM,CONTADO,PRIMERA PARTE,ROTC,17/08/2026,CONFIRMADA,3282322,0,09/04/2026,09/04/2027,0,BANCO CENTRAL DE LA REPUBLICA DOMINICANA,BCENTRAL,57463
DO1002261928,LE090427,BCENTRAL/ LT 20270409 GTIA,120000,DOP,12,14.6433,91.275175,14/08/2026,09:46:43 AM,CONTADO,PRIMERA PARTE,ROTC,17/08/2026,CONFIRMADA,3282325,0,09/04/2026,09/04/2027,0,BANCO CENTRAL DE LA REPUBLICA DOMINICANA,BCENTRAL,57736
DO1005208322,MHUS2040,HACIENDA/6.75 BOEST 20400724 GTIA,85000,USD,85,4.6801,121.021082,14/08/2026,09:46:21 AM,CONTADO,PRIMERA PARTE,ROTC,14/08/2026,CONFIRMADA,3282328,0,24/07/2020,24/07/2040,0,MINISTERIO DE HACIENDA,HACIENDA,60522
DO1002261928,LE090427,BCENTRAL/ LT 20270409 GTIA,980000,DOP,98,6.7472,99.016426,14/08/2026,09:45:57 AM,PLAZO,PRIMERA PARTE,ROTC,15/02/2027,CONFIRMADA,3282309,0,09/04/2026,09/04/2027,0,BANCO CENTRAL DE LA REPUBLICA DOMINICANA,BCENTRAL,56700
DO1002261928,LE090427,BCENTRAL/ LT 20270409 GTIA,980000,DOP,98,6.7472,99.016426,14/08/2026,09:45:56 AM,PRESTAMO,SEGUNDA PARTE,ROTC,15/02/2027,CONFIRMADA,3282308,0,09/04/2026,09/04/2027,4.674649,BANCO CENTRAL DE LA REPUBLICA DOMINICANA,BCENTRAL,58233
DO1002261928,LE090427,BCENTRAL/ LT 20270409 GTIA,980000,DOP,98,9.1087,94.387755,14/08/2026,09:45:56 AM,PRESTAMO,PRIMERA PARTE,ROTC,17/08/2026,CONFIRMADA,3282308,0,09/04/2026,09/04/2027,4.674649,BANCO CENTRAL DE LA REPUBLICA DOMINICANA,BCENTRAL,58415
DO1002261928,LE090427,BCENTRAL/ LT 20270409 GTIA,110000,DOP,11,0,99.0356,14/08/2026,09:45:55 AM,PLAZO,PRIMERA PARTE,ROTC,14/09/2026,CONFIRMADA,3282210,0,09/04/2026,09/04/2027,0,BANCO CENTRAL DE LA REPUBLICA DOMINICANA,BCENTRAL,53956
DO1002261928,LE090427,BCENTRAL/ LT 20270409 GTIA,110000,DOP,11,0,99.0356,14/08/2026,09:45:53 AM,PRESTAMO,SEGUNDA PARTE,ROTC,14/09/2026,CONFIRMADA,3282209,0,09/04/2026,09/04/2027,0.773276,BANCO CENTRAL DE LA REPUBLICA DOMINICANA,BCENTRAL,55482
DO1002261928,LE090427,BCENTRAL/ LT 20270409 GTIA,110000,DOP,11,2.6632,98.269782,14/08/2026,09:45:53 AM,PRESTAMO,PRIMERA PARTE,ROTC,14/08/2026,CONFIRMADA,3282209,0,09/04/2026,09/04/2027,0.773276,BANCO CENTRAL DE LA REPUBLICA DOMINICANA,BCENTRAL,58142
DO1002261928,LE090427,BCENTRAL/ LT 20270409 GTIA,60000,DOP,6,28.8516,91.69585,14/08/2026,09:45:52 AM,PLAZO,PRIMERA PARTE,ROTC,17/12/2026,CONFIRMADA,3282207,0,09/04/2026,09/04/2027,0,BANCO CENTRAL DE LA REPUBLICA DOMINICANA,BCENTRAL,55923
DO1002261928,LE090427,BCENTRAL/ LT 20270409 GTIA,60000,DOP,6,28.8516,91.69585,14/08/2026,09:45:51 AM,PRESTAMO,SEGUNDA PARTE,ROTC,17/12/2026,CONFIRMADA,3282206,0,09/04/2026,09/04/2027,2.454891,BANCO CENTRAL DE LA REPUBLICA DOMINICANA,BCENTRAL,57456
DO1002261928,LE090427,BCENTRAL/ LT 20270409 GTIA,60000,DOP,6,18.233,89.444817,14/08/2026,09:45:51 AM,PRESTAMO,PRIMERA PARTE,ROTC,19/08/2026,CONFIRMADA,3282206,0,09/04/2026,09/04/2027,2.454891,BANCO CENTRAL DE LA REPUBLICA DOMINICANA,BCENTRAL,57491
DO1002261928,LE090427,BCENTRAL/ LT 20270409 GTIA,250000,DOP,25,16.9518,97.565084,14/08/2026,09:45:49 AM,PLAZO,PRIMERA PARTE,ROTC,15/02/2027,CONFIRMADA,3282204,0,09/04/2026,09/04/2027,0,BANCO CENTRAL DE LA REPUBLICA DOMINICANA,BCENTRAL,56980
DO1002261928,LE090427,BCENTRAL/ LT 20270409 GTIA,250000,DOP,25,16.9518,97.565084,14/08/2026,09:45:48 AM,PRESTAMO,SEGUNDA PARTE,ROTC,15/02/2027,CONFIRMADA,3282203,0,09/04/2026,09/04/2027,4.650159,BANCO CENTRAL DE LA REPUBLICA DOMINICANA,BCENTRAL,58513
DO1002261928,LE090427,BCENTRAL/ LT 20270409 GTIA,250000,DOP,25,11.5298,93.028152,14/08/2026,09:45:48 AM,PRESTAMO,PRIMERA PARTE,ROTC,18/08/2026,CONFIRMADA,3282203,0,09/04/2026,09/04/2027,4.650159,BANCO CENTRAL DE LA REPUBLICA DOMINICANA,BCENTRAL,58506
DO1002261928,LE090427,BCENTRAL/ LT 20270409 GTIA,110000,DOP,11,2.6632,98.269782,14/08/2026,09:45:15 AM,CONTADO,PRIMERA PARTE,ROTC,14/08/2026,CONFIRMADA,3282208,0,09/04/2026,09/04/2027,0,BANCO CENTRAL DE LA REPUBLICA DOMINICANA,BCENTRAL,57435
DO1002261928,LE090427,BCENTRAL/ LT 20270409 GTIA,60000,DOP,6,18.233,89.444817,14/08/2026,09:44:47 AM,CONTADO,PRIMERA PARTE,ROTC,19/08/2026,CONFIRMADA,3282205,0,09/04/2026,09/04/2027,0,BANCO CENTRAL DE LA REPUBLICA DOMINICANA,BCENTRAL,56826
DO1002261928,LE090427,BCENTRAL/ LT 20270409 GTIA,890000,DOP,89,9.0658,95.090947,14/08/2026,09:44:17 AM,PLAZO,PRIMERA PARTE,ROTC,16/09/2026,CONFIRMADA,3282288,0,09/04/2026,09/04/2027,0,BANCO CENTRAL DE LA REPUBLICA DOMINICANA,BCENTRAL,56770
DO1002261928,LE090427,BCENTRAL/ LT 20270409 GTIA,890000,DOP,89,9.0658,95.090947,14/08/2026,09:44:16 AM,PRESTAMO,SEGUNDA PARTE,ROTC,16/09/2026,CONFIRMADA,3282287,0,09/04/2026,09/04/2027,0.748522,BANCO CENTRAL DE LA REPUBLICA DOMINICANA,BCENTRAL,58303
DO1002261928,LE090427,BCENTRAL/ LT 20270409 GTIA,890000,DOP,89,9.1234,94.379171,14/08/2026,09:44:16 AM,PRESTAMO,PRIMERA PARTE,ROTC,17/08/2026,CONFIRMADA,3282287,0,09/04/2026,09/04/2027,0.748522,BANCO CENTRAL DE LA REPUBLICA DOMINICANA,BCENTRAL,58289
DO1002261928,LE090427,BCENTRAL/ LT 20270409 GTIA,370000,DOP,37,0,96.765773,14/08/2026,09:44:15 AM,PLAZO,PRIMERA PARTE,ROTC,12/11/2026,CONFIRMADA,3282285,0,09/04/2026,09/04/2027,0,BANCO CENTRAL DE LA REPUBLICA DOMINICANA,BCENTRAL,54768
DO1002261928,LE090427,BCENTRAL/ LT 20270409 GTIA,370000,DOP,37,0,96.765773,14/08/2026,09:44:14 AM,PRESTAMO,SEGUNDA PARTE,ROTC,12/11/2026,CONFIRMADA,3282284,0,09/04/2026,09/04/2027,2.296043,BANCO CENTRAL DE LA REPUBLICA DOMINICANA,BCENTRAL,56301
DO1002261928,LE090427,BCENTRAL/ LT 20270409 GTIA,370000,DOP,37,8.729,94.543989,14/08/2026,09:44:14 AM,PRESTAMO,PRIMERA PARTE,ROTC,14/08/2026,CONFIRMADA,3282284,0,09/04/2026,09/04/2027,2.296043,BANCO CENTRAL DE LA REPUBLICA DOMINICANA,BCENTRAL,57939
DO1005207118,MHUS2026,HACIENDA/6.65 BOEST 20261227 GTIA,2000,USD,2,-30.756,112.181,14/08/2026,09:44:13 AM,PLAZO,PRIMERA PARTE,ROTC,14/09/2026,CONFIRMADA,3282282,0,27/12/2019,27/12/2026,0,MINISTERIO DE HACIENDA,HACIENDA,58142
DO1005207118,MHUS2026,HACIENDA/6.65 BOEST 20261227 GTIA,2000,USD,2,-30.756,112.181,14/08/2026,09:44:11 AM,PRESTAMO,SEGUNDA PARTE,ROTC,14/09/2026,CONFIRMADA,3282281,0,27/12/2019,27/12/2026,1.121277,MINISTERIO DE HACIENDA,HACIENDA,59668
DO1005207118,MHUS2026,HACIENDA/6.65 BOEST 20261227 GTIA,2000,USD,2,-23.299,112.3465,14/08/2026,09:44:11 AM,PRESTAMO,PRIMERA PARTE,ROTC,14/08/2026,CONFIRMADA,3282281,0,27/12/2019,27/12/2026,1.121277,MINISTERIO DE HACIENDA,HACIENDA,60144
DO1002261928,LE090427,BCENTRAL/ LT 20270409 GTIA,20000,DOP,2,57.3946,80.90905,14/08/2026,09:44:10 AM,PLAZO,PRIMERA PARTE,ROTC,12/11/2026,CONFIRMADA,3282279,0,09/04/2026,09/04/2027,0,BANCO CENTRAL DE LA REPUBLICA DOMINICANA,BCENTRAL,55720
DO1002261928,LE090427,BCENTRAL/ LT 20270409 GTIA,20000,DOP,2,57.3946,80.90905,14/08/2026,09:44:09 AM,PRESTAMO,SEGUNDA PARTE,ROTC,12/11/2026,CONFIRMADA,3282278,0,09/04/2026,09/04/2027,2.296035,BANCO CENTRAL DE LA REPUBLICA DOMINICANA,BCENTRAL,57316
DO1002261928,LE090427,BCENTRAL/ LT 20270409 GTIA,20000,DOP,2,40.0841,79.05135,14/08/2026,09:44:09 AM,PRESTAMO,PRIMERA PARTE,ROTC,14/08/2026,CONFIRMADA,3282278,0,09/04/2026,09/04/2027,2.296035,BANCO CENTRAL DE LA REPUBLICA DOMINICANA,BCENTRAL,57309
DO1002261928,LE090427,BCENTRAL/ LT 20270409 GTIA,80000,DOP,8,-1.3626,100.789675,14/08/2026,09:44:08 AM,PLAZO,PRIMERA PARTE,ROTC,14/09/2026,CONFIRMADA,3282276,0,09/04/2026,09/04/2027,0,BANCO CENTRAL DE LA REPUBLICA DOMINICANA,BCENTRAL,56539
DO1002261928,LE090427,BCENTRAL/ LT 20270409 GTIA,80000,DOP,8,-1.3626,100.789675,14/08/2026,09:44:06 AM,PRESTAMO,SEGUNDA PARTE,ROTC,14/09/2026,CONFIRMADA,3282275,0,09/04/2026,09/04/2027,0.785993,BANCO CENTRAL DE LA REPUBLICA DOMINICANA,BCENTRAL,58065
DO1002261928,LE090427,BCENTRAL/ LT 20270409 GTIA,80000,DOP,8,0.0038,99.997475,14/08/2026,09:44:06 AM,PRESTAMO,PRIMERA PARTE,ROTC,14/08/2026,CONFIRMADA,3282275,0,09/04/2026,09/04/2027,0.785993,BANCO CENTRAL DE LA REPUBLICA DOMINICANA,BCENTRAL,57533
DO1002261928,LE090427,BCENTRAL/ LT 20270409 GTIA,380000,DOP,38,9.5884,96.2076,14/08/2026,09:44:05 AM,PLAZO,PRIMERA PARTE,ROTC,12/11/2026,CONFIRMADA,3282273,0,09/04/2026,09/04/2027,0,BANCO CENTRAL DE LA REPUBLICA DOMINICANA,BCENTRAL,55867
DO1002261928,LE090427,BCENTRAL/ LT 20270409 GTIA,380000,DOP,38,9.5884,96.2076,14/08/2026,09:44:04 AM,PRESTAMO,SEGUNDA PARTE,ROTC,12/11/2026,CONFIRMADA,3282272,0,09/04/2026,09/04/2027,2.296041,BANCO CENTRAL DE LA REPUBLICA DOMINICANA,BCENTRAL,57400
DO1002261928,LE090427,BCENTRAL/ LT 20270409 GTIA,380000,DOP,38,9.6573,93.998634,14/08/2026,09:44:04 AM,PRESTAMO,PRIMERA PARTE,ROTC,14/08/2026,CONFIRMADA,3282272,0,09/04/2026,09/04/2027,2.296041,BANCO CENTRAL DE LA REPUBLICA DOMINICANA,BCENTRAL,58310
DO1002261928,LE090427,BCENTRAL/ LT 20270409 GTIA,380000,DOP,38,9.6573,93.998634,14/08/2026,09:43:37 AM,CONTADO,PRIMERA PARTE,ROTC,14/08/2026,CONFIRMADA,3282271,0,09/04/2026,09/04/2027,0,BANCO CENTRAL DE LA REPUBLICA DOMINICANA,BCENTRAL,57652
DO1002261928,LE090427,BCENTRAL/ LT 20270409 GTIA,80000,DOP,8,0.0038,99.997475,14/08/2026,09:43:11 AM,CONTADO,PRIMERA PARTE,ROTC,14/08/2026,CONFIRMADA,3282274,0,09/04/2026,09/04/2027,0,BANCO CENTRAL DE LA REPUBLICA DOMINICANA,BCENTRAL,56805
DO1002261928,LE090427,BCENTRAL/ LT 20270409 GTIA,20000,DOP,2,40.0841,79.05135,14/08/2026,09:42:14 AM,CONTADO,PRIMERA PARTE,ROTC,14/08/2026,CONFIRMADA,3282277,0,09/04/2026,09/04/2027,0,BANCO CENTRAL DE LA REPUBLICA DOMINICANA,BCENTRAL,56574
DO1005207118,MHUS2026,HACIENDA/6.65 BOEST 20261227 GTIA,2000,USD,2,-23.299,112.3465,14/08/2026,09:41:49 AM,CONTADO,PRIMERA PARTE,ROTC,14/08/2026,CONFIRMADA,3282280,0,27/12/2019,27/12/2026,0,MINISTERIO DE HACIENDA,HACIENDA,59507
DO1002261928,LE090427,BCENTRAL/ LT 20270409 GTIA,370000,DOP,37,8.729,94.543989,14/08/2026,09:41:20 AM,CONTADO,PRIMERA PARTE,ROTC,14/08/2026,CONFIRMADA,3282283,0,09/04/2026,09/04/2027,0,BANCO CENTRAL DE LA REPUBLICA DOMINICANA,BCENTRAL,57204
DO1002261928,LE090427,BCENTRAL/ LT 20270409 GTIA,890000,DOP,89,9.1234,94.379171,14/08/2026,09:40:41 AM,CONTADO,PRIMERA PARTE,ROTC,17/08/2026,CONFIRMADA,3282286,0,09/04/2026,09/04/2027,0,BANCO CENTRAL DE LA REPUBLICA DOMINICANA,BCENTRAL,57554
DO1002261928,LE090427,BCENTRAL/ LT 20270409 GTIA,250000,DOP,25,11.5298,93.028152,14/08/2026,09:40:14 AM,CONTADO,PRIMERA PARTE,ROTC,18/08/2026,CONFIRMADA,3282202,0,09/04/2026,09/04/2027,0,BANCO CENTRAL DE LA REPUBLICA DOMINICANA,BCENTRAL,57729
DO1005207118,MHUS2026,HACIENDA/6.65 BOEST 20261227 GTIA,5000,USD,5,-100,107.1656,14/08/2026,09:39:48 AM,PLAZO,PRIMERA PARTE,ROTC,14/12/2026,CONFIRMADA,3282291,0,27/12/2019,27/12/2026,0,MINISTERIO DE HACIENDA,HACIENDA,57512
DO1005207118,MHUS2026,HACIENDA/6.65 BOEST 20261227 GTIA,5000,USD,5,-100,107.1656,14/08/2026,09:39:47 AM,PRESTAMO,SEGUNDA PARTE,ROTC,14/12/2026,CONFIRMADA,3282290,0,27/12/2019,27/12/2026,2.229582,MINISTERIO DE HACIENDA,HACIENDA,59045
DO1005207118,MHUS2026,HACIENDA/6.65 BOEST 20261227 GTIA,5000,USD,5,-13.215,107.8044,14/08/2026,09:39:47 AM,PRESTAMO,PRIMERA PARTE,ROTC,14/08/2026,CONFIRMADA,3282290,0,27/12/2019,27/12/2026,2.229582,MINISTERIO DE HACIENDA,HACIENDA,60200
DO1002261928,LE090427,BCENTRAL/ LT 20270409 GTIA,1620000,DOP,162,9.2837,96.323667,14/08/2026,09:39:46 AM,PLAZO,PRIMERA PARTE,ROTC,12/11/2026,CONFIRMADA,3282201,0,09/04/2026,09/04/2027,0,BANCO CENTRAL DE LA REPUBLICA DOMINICANA,BCENTRAL,57295
DO1002261928,LE090427,BCENTRAL/ LT 20270409 GTIA,1620000,DOP,162,9.2837,96.323667,14/08/2026,09:39:45 AM,PRESTAMO,SEGUNDA PARTE,ROTC,12/11/2026,CONFIRMADA,3282200,0,09/04/2026,09/04/2027,2.296044,BANCO CENTRAL DE LA REPUBLICA DOMINICANA,BCENTRAL,58828
DO1002261928,LE090427,BCENTRAL/ LT 20270409 GTIA,1620000,DOP,162,9.4634,94.112033,14/08/2026,09:39:45 AM,PRESTAMO,PRIMERA PARTE,ROTC,14/08/2026,CONFIRMADA,3282200,0,09/04/2026,09/04/2027,2.296044,BANCO CENTRAL DE LA REPUBLICA DOMINICANA,BCENTRAL,58793
DO1002261928,LE090427,BCENTRAL/ LT 20270409 GTIA,70000,DOP,7,14.4713,93.779871,14/08/2026,09:39:43 AM,PLAZO,PRIMERA PARTE,ROTC,26/10/2026,CONFIRMADA,3282198,0,09/04/2026,09/04/2027,0,BANCO CENTRAL DE LA REPUBLICA DOMINICANA,BCENTRAL,56266
DO1002261928,LE090427,BCENTRAL/ LT 20270409 GTIA,70000,DOP,7,14.4713,93.779871,14/08/2026,09:39:42 AM,PRESTAMO,SEGUNDA PARTE,ROTC,26/10/2026,CONFIRMADA,3282197,0,09/04/2026,09/04/2027,1.748075,BANCO CENTRAL DE LA REPUBLICA DOMINICANA,BCENTRAL,57799
DO1002261928,LE090427,BCENTRAL/ LT 20270409 GTIA,70000,DOP,7,13.067,92.140529,14/08/2026,09:39:42 AM,PRESTAMO,PRIMERA PARTE,ROTC,17/08/2026,CONFIRMADA,3282197,0,09/04/2026,09/04/2027,1.748075,BANCO CENTRAL DE LA REPUBLICA DOMINICANA,BCENTRAL,57421
DO1002261928,LE090427,BCENTRAL/ LT 20270409 GTIA,390000,DOP,39,10.1476,95.299021,14/08/2026,09:39:41 AM,PLAZO,PRIMERA PARTE,ROTC,16/10/2026,CONFIRMADA,3282195,0,09/04/2026,09/04/2027,0,BANCO CENTRAL DE LA REPUBLICA DOMINICANA,BCENTRAL,56882
DO1002261928,LE090427,BCENTRAL/ LT 20270409 GTIA,390000,DOP,39,10.1476,95.299021,14/08/2026,09:39:40 AM,PRESTAMO,SEGUNDA PARTE,ROTC,16/10/2026,CONFIRMADA,3282194,0,09/04/2026,09/04/2027,1.502095,BANCO CENTRAL DE LA REPUBLICA DOMINICANA,BCENTRAL,58415
DO1002261928,LE090427,BCENTRAL/ LT 20270409 GTIA,390000,DOP,39,10.0082,93.867538,14/08/2026,09:39:40 AM,PRESTAMO,PRIMERA PARTE,ROTC,17/08/2026,CONFIRMADA,3282194,0,09/04/2026,09/04/2027,1.502095,BANCO CENTRAL DE LA REPUBLICA DOMINICANA,BCENTRAL,58562
DO1002261928,LE090427,BCENTRAL/ LT 20270409 GTIA,30000,DOP,3,57.759,92.163,14/08/2026,09:39:39 AM,PLAZO,PRIMERA PARTE,ROTC,15/02/2027,CONFIRMADA,3282192,0,09/04/2026,09/04/2027,0,BANCO CENTRAL DE LA REPUBLICA DOMINICANA,BCENTRAL,54782
DO1002261928,LE090427,BCENTRAL/ LT 20270409 GTIA,30000,DOP,3,57.759,92.163,14/08/2026,09:39:37 AM,PRESTAMO,SEGUNDA PARTE,ROTC,15/02/2027,CONFIRMADA,3282191,0,09/04/2026,09/04/2027,4.625681,BANCO CENTRAL DE LA REPUBLICA DOMINICANA,BCENTRAL,56308
DO1002261928,LE090427,BCENTRAL/ LT 20270409 GTIA,30000,DOP,3,21.2691,87.899833,14/08/2026,09:39:37 AM,PRESTAMO,PRIMERA PARTE,ROTC,19/08/2026,CONFIRMADA,3282191,0,09/04/2026,09/04/2027,4.625681,BANCO CENTRAL DE LA REPUBLICA DOMINICANA,BCENTRAL,57932
DO1002261928,LE090427,BCENTRAL/ LT 20270409 GTIA,1270000,DOP,127,8.9419,98.70066,14/08/2026,09:39:36 AM,PLAZO,PRIMERA PARTE,ROTC,15/02/2027,CONFIRMADA,3282189,0,09/04/2026,09/04/2027,0,BANCO CENTRAL DE LA REPUBLICA DOMINICANA,BCENTRAL,56966
DO1002261928,LE090427,BCENTRAL/ LT 20270409 GTIA,1270000,DOP,127,8.9419,98.70066,14/08/2026,09:39:35 AM,PRESTAMO,SEGUNDA PARTE,ROTC,15/02/2027,CONFIRMADA,3282188,0,09/04/2026,09/04/2027,4.628688,BANCO CENTRAL DE LA REPUBLICA DOMINICANA,BCENTRAL,58499
DO1002261928,LE090427,BCENTRAL/ LT 20270409 GTIA,1270000,DOP,127,9.5495,94.132114,14/08/2026,09:39:35 AM,PRESTAMO,PRIMERA PARTE,ROTC,17/08/2026,CONFIRMADA,3282188,0,09/04/2026,09/04/2027,4.628688,BANCO CENTRAL DE LA REPUBLICA DOMINICANA,BCENTRAL,58877
DO1002261928,LE090427,BCENTRAL/ LT 20270409 GTIA,140000,DOP,14,8.8706,96.573364,14/08/2026,09:39:34 AM,PLAZO,PRIMERA PARTE,ROTC,16/11/2026,CONFIRMADA,3282186,0,09/04/2026,09/04/2027,0,BANCO CENTRAL DE LA REPUBLICA DOMINICANA,BCENTRAL,56581
DO1002261928,LE090427,BCENTRAL/ LT 20270409 GTIA,140000,DOP,14,8.8706,96.573364,14/08/2026,09:39:33 AM,PRESTAMO,SEGUNDA PARTE,ROTC,16/11/2026,CONFIRMADA,3282185,0,09/04/2026,09/04/2027,2.272699,BANCO CENTRAL DE LA REPUBLICA DOMINICANA,BCENTRAL,58114
DO1002261928,LE090427,BCENTRAL/ LT 20270409 GTIA,140000,DOP,14,9.1245,94.378543,14/08/2026,09:39:33 AM,PRESTAMO,PRIMERA PARTE,ROTC,17/08/2026,CONFIRMADA,3282185,0,09/04/2026,09/04/2027,2.272699,BANCO CENTRAL DE LA REPUBLICA DOMINICANA,BCENTRAL,58170
DO1002261928,LE090427,BCENTRAL/ LT 20270409 GTIA,3180000,DOP,318,9.1639,95.086478,14/08/2026,09:38:47 AM,PRESTAMO,SEGUNDA PARTE,ROTC,18/09/2026,CONFIRMADA,3282152,0,09/04/2026,09/04/2027,0.785449,BANCO CENTRAL DE LA REPUBLICA DOMINICANA,BCENTRAL,58996
DO1002261928,LE090427,BCENTRAL/ LT 20270409 GTIA,3180000,DOP,318,9.2704,94.339623,14/08/2026,09:38:47 AM,PRESTAMO,PRIMERA PARTE,ROTC,19/08/2026,CONFIRMADA,3282152,0,09/04/2026,09/04/2027,0.785449,BANCO CENTRAL DE LA REPUBLICA DOMINICANA,BCENTRAL,58961
DO1002261928,LE090427,BCENTRAL/ LT 20270409 GTIA,3180000,DOP,318,9.1639,95.086478,14/08/2026,09:38:46 AM,PLAZO,PRIMERA PARTE,ROTC,18/09/2026,CONFIRMADA,3282153,0,09/04/2026,09/04/2027,0,BANCO CENTRAL DE LA REPUBLICA DOMINICANA,BCENTRAL,57449
DO1002261928,LE090427,BCENTRAL/ LT 20270409 GTIA,3180000,DOP,318,10.6404,94.339623,14/08/2026,09:38:45 AM,PLAZO,PRIMERA PARTE,ROTC,18/09/2026,CONFIRMADA,3282154,0,09/04/2026,09/04/2027,0,BANCO CENTRAL DE LA REPUBLICA DOMINICANA,BCENTRAL,57631
DO1002261928,LE090427,BCENTRAL/ LT 20270409 GTIA,3180000,DOP,318,10.7579,95.111373,14/08/2026,09:38:44 AM,PRESTAMO,SEGUNDA PARTE,ROTC,19/10/2026,CONFIRMADA,3282155,0,09/04/2026,09/04/2027,0.811418,BANCO CENTRAL DE LA REPUBLICA DOMINICANA,BCENTRAL,59150
DO1002261928,LE090427,BCENTRAL/ LT 20270409 GTIA,3180000,DOP,318,10.6404,94.339623,14/08/2026,09:38:44 AM,PRESTAMO,PRIMERA PARTE,ROTC,18/09/2026,CONFIRMADA,3282155,0,09/04/2026,09/04/2027,0.811418,BANCO CENTRAL DE LA REPUBLICA DOMINICANA,BCENTRAL,59227
DO1002261928,LE090427,BCENTRAL/ LT 20270409 GTIA,3180000,DOP,318,10.7579,95.111373,14/08/2026,09:38:42 AM,PLAZO,PRIMERA PARTE,ROTC,19/10/2026,CONFIRMADA,3282156,0,09/04/2026,09/04/2027,0,BANCO CENTRAL DE LA REPUBLICA DOMINICANA,BCENTRAL,57596
DO1002261928,LE090427,BCENTRAL/ LT 20270409 GTIA,3180000,DOP,318,12.5581,94.339623,14/08/2026,09:38:41 AM,PLAZO,PRIMERA PARTE,ROTC,19/10/2026,CONFIRMADA,3282157,0,09/04/2026,09/04/2027,0,BANCO CENTRAL DE LA REPUBLICA DOMINICANA,BCENTRAL,57603
DO1002261928,LE090427,BCENTRAL/ LT 20270409 GTIA,3180000,DOP,318,13.1231,95.111373,14/08/2026,09:38:40 AM,PRESTAMO,SEGUNDA PARTE,ROTC,19/11/2026,CONFIRMADA,3282158,0,09/04/2026,09/04/2027,0.811418,BANCO CENTRAL DE LA REPUBLICA DOMINICANA,BCENTRAL,59003
DO1002261928,LE090427,BCENTRAL/ LT 20270409 GTIA,3180000,DOP,318,12.5581,94.339623,14/08/2026,09:38:40 AM,PRESTAMO,PRIMERA PARTE,ROTC,19/10/2026,CONFIRMADA,3282158,0,09/04/2026,09/04/2027,0.811418,BANCO CENTRAL DE LA REPUBLICA DOMINICANA,BCENTRAL,59199
DO1002261928,LE090427,BCENTRAL/ LT 20270409 GTIA,3180000,DOP,318,13.1231,95.111373,14/08/2026,09:38:39 AM,PLAZO,PRIMERA PARTE,ROTC,19/11/2026,CONFIRMADA,3282159,0,09/04/2026,09/04/2027,0,BANCO CENTRAL DE LA REPUBLICA DOMINICANA,BCENTRAL,57519
DO1002261928,LE090427,BCENTRAL/ LT 20270409 GTIA,3180000,DOP,318,15.3191,94.339623,14/08/2026,09:38:38 AM,PLAZO,PRIMERA PARTE,ROTC,19/11/2026,CONFIRMADA,3282160,0,09/04/2026,09/04/2027,0,BANCO CENTRAL DE LA REPUBLICA DOMINICANA,BCENTRAL,57638
DO1002261928,LE090427,BCENTRAL/ LT 20270409 GTIA,3180000,DOP,318,16.6981,95.061583,14/08/2026,09:38:36 AM,PRESTAMO,SEGUNDA PARTE,ROTC,18/12/2026,CONFIRMADA,3282161,0,09/04/2026,09/04/2027,0.759466,BANCO CENTRAL DE LA REPUBLICA DOMINICANA,BCENTRAL,59227
DO1002261928,LE090427,BCENTRAL/ LT 20270409 GTIA,3180000,DOP,318,15.3191,94.339623,14/08/2026,09:38:36 AM,PRESTAMO,PRIMERA PARTE,ROTC,19/11/2026,CONFIRMADA,3282161,0,09/04/2026,09/04/2027,0.759466,BANCO CENTRAL DE LA REPUBLICA DOMINICANA,BCENTRAL,59227
DO1002261928,LE090427,BCENTRAL/ LT 20270409 GTIA,3180000,DOP,318,16.6981,95.061583,14/08/2026,09:38:35 AM,PLAZO,PRIMERA PARTE,ROTC,18/12/2026,CONFIRMADA,3282162,0,09/04/2026,09/04/2027,0,BANCO CENTRAL DE LA REPUBLICA DOMINICANA,BCENTRAL,57680
DO1002261928,LE090427,BCENTRAL/ LT 20270409 GTIA,3180000,DOP,318,19.2857,94.339623,14/08/2026,09:38:34 AM,PLAZO,PRIMERA PARTE,ROTC,18/12/2026,CONFIRMADA,3282163,0,09/04/2026,09/04/2027,0,BANCO CENTRAL DE LA REPUBLICA DOMINICANA,BCENTRAL,57694
DO1002261928,LE090427,BCENTRAL/ LT 20270409 GTIA,3180000,DOP,318,23.0057,95.136268,14/08/2026,09:38:33 AM,PRESTAMO,SEGUNDA PARTE,ROTC,19/01/2027,CONFIRMADA,3282164,0,09/04/2026,09/04/2027,0.837373,BANCO CENTRAL DE LA REPUBLICA DOMINICANA,BCENTRAL,59129
DO1002261928,LE090427,BCENTRAL/ LT 20270409 GTIA,3180000,DOP,318,19.2857,94.339623,14/08/2026,09:38:33 AM,PRESTAMO,PRIMERA PARTE,ROTC,18/12/2026,CONFIRMADA,3282164,0,09/04/2026,09/04/2027,0.837373,BANCO CENTRAL DE LA REPUBLICA DOMINICANA,BCENTRAL,59290
DO1002261928,LE090427,BCENTRAL/ LT 20270409 GTIA,3180000,DOP,318,23.0057,95.136268,14/08/2026,09:38:31 AM,PLAZO,PRIMERA PARTE,ROTC,19/01/2027,CONFIRMADA,3282165,0,09/04/2026,09/04/2027,0,BANCO CENTRAL DE LA REPUBLICA DOMINICANA,BCENTRAL,57575
DO1002261928,LE090427,BCENTRAL/ LT 20270409 GTIA,3180000,DOP,318,27,94.339623,14/08/2026,09:38:30 AM,PLAZO,PRIMERA PARTE,ROTC,19/01/2027,CONFIRMADA,3282166,0,09/04/2026,09/04/2027,0,BANCO CENTRAL DE LA REPUBLICA DOMINICANA,BCENTRAL,55839
DO1002261928,LE090427,BCENTRAL/ LT 20270409 GTIA,3180000,DOP,318,37.7625,95.111373,14/08/2026,09:38:29 AM,PRESTAMO,SEGUNDA PARTE,ROTC,19/02/2027,CONFIRMADA,3282167,0,09/04/2026,09/04/2027,0.811418,BANCO CENTRAL DE LA REPUBLICA DOMINICANA,BCENTRAL,59192
DO1002261928,LE090427,BCENTRAL/ LT 20270409 GTIA,3180000,DOP,318,27,94.339623,14/08/2026,09:38:29 AM,PRESTAMO,PRIMERA PARTE,ROTC,19/01/2027,CONFIRMADA,3282167,0,09/04/2026,09/04/2027,0.811418,BANCO CENTRAL DE LA REPUBLICA DOMINICANA,BCENTRAL,57498
DO1002261928,LE090427,BCENTRAL/ LT 20270409 GTIA,3180000,DOP,318,37.7625,95.111373,14/08/2026,09:38:28 AM,PLAZO,PRIMERA PARTE,ROTC,19/02/2027,CONFIRMADA,3282168,0,09/04/2026,09/04/2027,0,BANCO CENTRAL DE LA REPUBLICA DOMINICANA,BCENTRAL,57645
DO1005205419,MH42026,HACIENDA/11 BOEST 20261204 GTIA,22500000,DOP,225,-13.659,101.56415200000001,14/08/2026,09:38:27 AM,PRESTAMO,SEGUNDA PARTE,ROTC,12/11/2026,CONFIRMADA,3282170,0,04/06/2016,04/12/2026,4.390214,MINISTERIO DE HACIENDA,HACIENDA,61236
DO1005205419,MH42026,HACIENDA/11 BOEST 20261204 GTIA,22500000,DOP,225,5.1562,101.744308,14/08/2026,09:38:27 AM,PRESTAMO,PRIMERA PARTE,ROTC,14/08/2026,CONFIRMADA,3282170,0,04/06/2016,04/12/2026,4.390214,MINISTERIO DE HACIENDA,HACIENDA,61026
DO1005205419,MH42026,HACIENDA/11 BOEST 20261204 GTIA,22500000,DOP,225,-13.659,101.56415200000001,14/08/2026,09:38:25 AM,PLAZO,PRIMERA PARTE,ROTC,12/11/2026,CONFIRMADA,3282171,0,04/06/2016,04/12/2026,0,MINISTERIO DE HACIENDA,HACIENDA,59682
DO1002261928,LE090427,BCENTRAL/ LT 20270409 GTIA,1110000,DOP,111,5.7515,99.16036,14/08/2026,09:38:24 AM,PRESTAMO,SEGUNDA PARTE,ROTC,15/02/2027,CONFIRMADA,3282173,0,09/04/2026,09/04/2027,4.604426,BANCO CENTRAL DE LA REPUBLICA DOMINICANA,BCENTRAL,58310
DO1002261928,LE090427,BCENTRAL/ LT 20270409 GTIA,1110000,DOP,111,8.7912,94.594595,14/08/2026,09:38:24 AM,PRESTAMO,PRIMERA PARTE,ROTC,18/08/2026,CONFIRMADA,3282173,0,09/04/2026,09/04/2027,4.604426,BANCO CENTRAL DE LA REPUBLICA DOMINICANA,BCENTRAL,58905
DO1002261928,LE090427,BCENTRAL/ LT 20270409 GTIA,1110000,DOP,111,5.7515,99.16036,14/08/2026,09:38:23 AM,PLAZO,PRIMERA PARTE,ROTC,15/02/2027,CONFIRMADA,3282174,0,09/04/2026,09/04/2027,0,BANCO CENTRAL DE LA REPUBLICA DOMINICANA,BCENTRAL,56763
DO1002261928,LE090427,BCENTRAL/ LT 20270409 GTIA,30000,DOP,3,-3.6528,102.1137,14/08/2026,09:38:22 AM,PRESTAMO,SEGUNDA PARTE,ROTC,17/09/2026,CONFIRMADA,3282176,0,09/04/2026,09/04/2027,0.748545,BANCO CENTRAL DE LA REPUBLICA DOMINICANA,BCENTRAL,57197
DO1002261928,LE090427,BCENTRAL/ LT 20270409 GTIA,30000,DOP,3,-2.0483,101.349333,14/08/2026,09:38:22 AM,PRESTAMO,PRIMERA PARTE,ROTC,18/08/2026,CONFIRMADA,3282176,0,09/04/2026,09/04/2027,0.748545,BANCO CENTRAL DE LA REPUBLICA DOMINICANA,BCENTRAL,57967
DO1002261928,LE090427,BCENTRAL/ LT 20270409 GTIA,30000,DOP,3,-3.6528,102.1137,14/08/2026,09:38:21 AM,PLAZO,PRIMERA PARTE,ROTC,17/09/2026,CONFIRMADA,3282177,0,09/04/2026,09/04/2027,0,BANCO CENTRAL DE LA REPUBLICA DOMINICANA,BCENTRAL,55650
DO1002261928,LE090427,BCENTRAL/ LT 20270409 GTIA,3550000,DOP,355,9.4162,94.910859,14/08/2026,09:38:19 AM,PRESTAMO,SEGUNDA PARTE,ROTC,16/09/2026,CONFIRMADA,3282182,0,09/04/2026,09/04/2027,0.748521,BANCO CENTRAL DE LA REPUBLICA DOMINICANA,BCENTRAL,58933
DO1002261928,LE090427,BCENTRAL/ LT 20270409 GTIA,3550000,DOP,355,9.4314,94.200431,14/08/2026,09:38:19 AM,PRESTAMO,PRIMERA PARTE,ROTC,17/08/2026,CONFIRMADA,3282182,0,09/04/2026,09/04/2027,0.748521,BANCO CENTRAL DE LA REPUBLICA DOMINICANA,BCENTRAL,58835
DO1002261928,LE090427,BCENTRAL/ LT 20270409 GTIA,3550000,DOP,355,9.4162,94.910859,14/08/2026,09:38:18 AM,PLAZO,PRIMERA PARTE,ROTC,16/09/2026,CONFIRMADA,3282183,0,09/04/2026,09/04/2027,0,BANCO CENTRAL DE LA REPUBLICA DOMINICANA,BCENTRAL,57386
DO1002261928,LE090427,BCENTRAL/ LT 20270409 GTIA,1620000,DOP,162,9.4634,94.112033,14/08/2026,09:37:20 AM,CONTADO,PRIMERA PARTE,ROTC,14/08/2026,CONFIRMADA,3282199,0,09/04/2026,09/04/2027,0,BANCO CENTRAL DE LA REPUBLICA DOMINICANA,BCENTRAL,58037
DO1002261928,LE090427,BCENTRAL/ LT 20270409 GTIA,120000,DOP,12,5.7394,96.344358,14/08/2026,09:36:50 AM,CONTADO,PRIMERA PARTE,ROTC,14/08/2026,CONFIRMADA,3282259,0,09/04/2026,09/04/2027,0,BANCO CENTRAL DE LA REPUBLICA DOMINICANA,BCENTRAL,57442
USP3579ECP09,BSRD2029, ,730000,USD,730,4.2148,102.663356,14/08/2026,09:36:36 AM,PRESTAMO,SEGUNDA PARTE,ROTC,11/12/2026,CONFIRMADA,3282518,0,22/02/2022,22/02/2029,5.15,MINISTERIO DE HACIENDA,HACIENDA,49063
USP3579ECP09,BSRD2029, ,730000,USD,730,5.5189,99.954536,14/08/2026,09:36:36 AM,PRESTAMO,PRIMERA PARTE,ROTC,14/08/2026,CONFIRMADA,3282518,0,22/02/2022,22/02/2029,5.15,MINISTERIO DE HACIENDA,HACIENDA,49035
USP3579ECP09,BSRD2029, ,730000,USD,730,4.2148,102.663356,14/08/2026,09:36:35 AM,ESTRUCTURADA,SEGUNDA PARTE,ROTC,11/12/2026,CONFIRMADA,3282465,0,22/02/2022,22/02/2029,5.15,MINISTERIO DE HACIENDA,HACIENDA,51156
USP3579ECP09,BSRD2029, ,730000,USD,730,5.5189,99.954536,14/08/2026,09:36:35 AM,ESTRUCTURADA,PRIMERA PARTE,ROTC,14/08/2026,CONFIRMADA,3282465,0,22/02/2022,22/02/2029,5.15,MINISTERIO DE HACIENDA,HACIENDA,51128
USP3579ECP09,BSRD2029, ,730000,USD,730,4.2148,102.663358,14/08/2026,09:36:34 AM,PRESTAMO,SEGUNDA PARTE,ROTC,11/12/2026,CONFIRMADA,3282517,0,22/02/2022,22/02/2029,5.15,MINISTERIO DE HACIENDA,HACIENDA,49063
USP3579ECP09,BSRD2029, ,730000,USD,730,5.5189,99.954537,14/08/2026,09:36:34 AM,PRESTAMO,PRIMERA PARTE,ROTC,14/08/2026,CONFIRMADA,3282517,0,22/02/2022,22/02/2029,5.15,MINISTERIO DE HACIENDA,HACIENDA,49028
USP3579ECP09,BSRD2029, ,730000,USD,730,4.2148,102.663358,14/08/2026,09:36:33 AM,ESTRUCTURADA,SEGUNDA PARTE,ROTC,11/12/2026,CONFIRMADA,3282466,0,22/02/2022,22/02/2029,5.15,MINISTERIO DE HACIENDA,HACIENDA,51156
USP3579ECP09,BSRD2029, ,730000,USD,730,5.5189,99.954537,14/08/2026,09:36:33 AM,ESTRUCTURADA,PRIMERA PARTE,ROTC,14/08/2026,CONFIRMADA,3282466,0,22/02/2022,22/02/2029,5.15,MINISTERIO DE HACIENDA,HACIENDA,51121
USP3579ECP09,BSRD2029, ,730000,USD,730,4.2148,102.663358,14/08/2026,09:36:32 AM,PRESTAMO,SEGUNDA PARTE,ROTC,11/12/2026,CONFIRMADA,3282516,0,22/02/2022,22/02/2029,5.15,MINISTERIO DE HACIENDA,HACIENDA,49049
USP3579ECP09,BSRD2029, ,730000,USD,730,5.5189,99.954537,14/08/2026,09:36:32 AM,PRESTAMO,PRIMERA PARTE,ROTC,14/08/2026,CONFIRMADA,3282516,0,22/02/2022,22/02/2029,5.15,MINISTERIO DE HACIENDA,HACIENDA,49014
USP3579ECP09,BSRD2029, ,730000,USD,730,4.2148,102.663358,14/08/2026,09:36:31 AM,ESTRUCTURADA,SEGUNDA PARTE,ROTC,11/12/2026,CONFIRMADA,3282467,0,22/02/2022,22/02/2029,5.15,MINISTERIO DE HACIENDA,HACIENDA,51142
USP3579ECP09,BSRD2029, ,730000,USD,730,5.5189,99.954537,14/08/2026,09:36:31 AM,ESTRUCTURADA,PRIMERA PARTE,ROTC,14/08/2026,CONFIRMADA,3282467,0,22/02/2022,22/02/2029,5.15,MINISTERIO DE HACIENDA,HACIENDA,51107
USP3579ECP09,BSRD2029, ,150000,USD,150,2.9827,105.310576,14/08/2026,09:36:30 AM,PRESTAMO,SEGUNDA PARTE,ROTC,11/12/2026,CONFIRMADA,3282515,0,22/02/2022,22/02/2029,5.15,MINISTERIO DE HACIENDA,HACIENDA,49000
USP3579ECP09,BSRD2029, ,150000,USD,150,4.4168,102.557442,14/08/2026,09:36:30 AM,PRESTAMO,PRIMERA PARTE,ROTC,14/08/2026,CONFIRMADA,3282515,0,22/02/2022,22/02/2029,5.15,MINISTERIO DE HACIENDA,HACIENDA,49098
USP3579ECP09,BSRD2029, ,150000,USD,150,2.9827,105.310576,14/08/2026,09:36:28 AM,ESTRUCTURADA,SEGUNDA PARTE,ROTC,11/12/2026,CONFIRMADA,3282468,0,22/02/2022,22/02/2029,5.15,MINISTERIO DE HACIENDA,HACIENDA,51149
USP3579ECP09,BSRD2029, ,150000,USD,150,4.4168,102.557442,14/08/2026,09:36:28 AM,ESTRUCTURADA,PRIMERA PARTE,ROTC,14/08/2026,CONFIRMADA,3282468,0,22/02/2022,22/02/2029,5.15,MINISTERIO DE HACIENDA,HACIENDA,51247
USP3579ECP09,BSRD2029, ,10000,USD,10,4.8043,101.476178,14/08/2026,09:36:27 AM,PRESTAMO,SEGUNDA PARTE,ROTC,12/11/2026,CONFIRMADA,3282514,0,22/02/2022,22/02/2029,4.2,MINISTERIO DE HACIENDA,HACIENDA,48286
USP3579ECP09,BSRD2029, ,10000,USD,10,5.9304,99.003522,14/08/2026,09:36:27 AM,PRESTAMO,PRIMERA PARTE,ROTC,14/08/2026,CONFIRMADA,3282514,0,22/02/2022,22/02/2029,4.2,MINISTERIO DE HACIENDA,HACIENDA,48048
USP3579ECP09,BSRD2029, ,10000,USD,10,4.8043,101.476178,14/08/2026,09:36:26 AM,ESTRUCTURADA,SEGUNDA PARTE,ROTC,12/11/2026,CONFIRMADA,3282469,0,22/02/2022,22/02/2029,4.2,MINISTERIO DE HACIENDA,HACIENDA,50379
USP3579ECP09,BSRD2029, ,10000,USD,10,5.9304,99.003522,14/08/2026,09:36:26 AM,ESTRUCTURADA,PRIMERA PARTE,ROTC,14/08/2026,CONFIRMADA,3282469,0,22/02/2022,22/02/2029,4.2,MINISTERIO DE HACIENDA,HACIENDA,50141
DO1002228729,NO030328,BCENTRAL/9.5 BOEST 20280303 GTIA,800000,DOP,80,8.3108,101.608335,14/08/2026,09:36:25 AM,PRESTAMO,SEGUNDA PARTE,ROTC,14/09/2026,CONFIRMADA,3282513,0,03/03/2025,03/03/2028,7.55,BANCO CENTRAL DE LA REPUBLICA DOMINICANA,BCENTRAL,60991
DO1002228729,NO030328,BCENTRAL/9.5 BOEST 20280303 GTIA,800000,DOP,80,11.6525,97.005119,14/08/2026,09:36:25 AM,PRESTAMO,PRIMERA PARTE,ROTC,14/08/2026,CONFIRMADA,3282513,0,03/03/2025,03/03/2028,7.55,BANCO CENTRAL DE LA REPUBLICA DOMINICANA,BCENTRAL,61082
DO1002228729,NO030328,BCENTRAL/9.5 BOEST 20280303 GTIA,800000,DOP,80,8.3108,101.608335,14/08/2026,09:36:24 AM,ESTRUCTURADA,SEGUNDA PARTE,ROTC,14/09/2026,CONFIRMADA,3282470,0,03/03/2025,03/03/2028,7.55,BANCO CENTRAL DE LA REPUBLICA DOMINICANA,BCENTRAL,63084
DO1002228729,NO030328,BCENTRAL/9.5 BOEST 20280303 GTIA,800000,DOP,80,11.6525,97.005119,14/08/2026,09:36:24 AM,ESTRUCTURADA,PRIMERA PARTE,ROTC,14/08/2026,CONFIRMADA,3282470,0,03/03/2025,03/03/2028,7.55,BANCO CENTRAL DE LA REPUBLICA DOMINICANA,BCENTRAL,63175
USP3579ECP09,BSRD2029, ,7000,USD,7,4.1838,103.018746,14/08/2026,09:36:23 AM,PRESTAMO,SEGUNDA PARTE,ROTC,14/09/2026,CONFIRMADA,3282512,0,22/02/2022,22/02/2029,3.5,MINISTERIO DE HACIENDA,HACIENDA,47733
USP3579ECP09,BSRD2029, ,7000,USD,7,5.3207,100.416508,14/08/2026,09:36:23 AM,PRESTAMO,PRIMERA PARTE,ROTC,14/08/2026,CONFIRMADA,3282512,0,22/02/2022,22/02/2029,3.5,MINISTERIO DE HACIENDA,HACIENDA,47705
USP3579ECP09,BSRD2029, ,7000,USD,7,4.1838,103.018746,14/08/2026,09:36:22 AM,ESTRUCTURADA,SEGUNDA PARTE,ROTC,14/09/2026,CONFIRMADA,3282471,0,22/02/2022,22/02/2029,3.5,MINISTERIO DE HACIENDA,HACIENDA,49826
USP3579ECP09,BSRD2029, ,7000,USD,7,5.3207,100.416508,14/08/2026,09:36:22 AM,ESTRUCTURADA,PRIMERA PARTE,ROTC,14/08/2026,CONFIRMADA,3282471,0,22/02/2022,22/02/2029,3.5,MINISTERIO DE HACIENDA,HACIENDA,49798
DO1005207118,MHUS2026,HACIENDA/6.65 BOEST 20261227 GTIA,29000,USD,29,-1.6522,102.383103,14/08/2026,09:30:10 AM,PRESTAMO,SEGUNDA PARTE,ROTC,14/09/2026,CONFIRMADA,3282146,0,27/12/2019,27/12/2026,1.202684,MINISTERIO DE HACIENDA,HACIENDA,61446
DO1005207118,MHUS2026,HACIENDA/6.65 BOEST 20261227 GTIA,29000,USD,29,-0.2992,102.573759,14/08/2026,09:30:10 AM,PRESTAMO,PRIMERA PARTE,ROTC,14/08/2026,CONFIRMADA,3282146,0,27/12/2019,27/12/2026,1.202684,MINISTERIO DE HACIENDA,HACIENDA,61670
DO1005207118,MHUS2026,HACIENDA/6.65 BOEST 20261227 GTIA,29000,USD,29,-1.6522,102.383103,14/08/2026,09:30:08 AM,PLAZO,PRIMERA PARTE,ROTC,14/09/2026,CONFIRMADA,3282147,0,27/12/2019,27/12/2026,0,MINISTERIO DE HACIENDA,HACIENDA,59955
DO1005207118,MHUS2026,HACIENDA/6.65 BOEST 20261227 GTIA,29000,USD,29,-0.3882,102.008966,14/08/2026,09:30:07 AM,PLAZO,PRIMERA PARTE,ROTC,14/09/2026,CONFIRMADA,3282148,0,27/12/2019,27/12/2026,0,MINISTERIO DE HACIENDA,HACIENDA,60060
DO1005207118,MHUS2026,HACIENDA/6.65 BOEST 20261227 GTIA,29000,USD,29,-2.1753,101.830621,14/08/2026,09:30:06 AM,PRESTAMO,SEGUNDA PARTE,ROTC,13/10/2026,CONFIRMADA,3282149,0,27/12/2019,27/12/2026,1.723834,MINISTERIO DE HACIENDA,HACIENDA,61439
DO1005207118,MHUS2026,HACIENDA/6.65 BOEST 20261227 GTIA,29000,USD,29,-0.3882,102.008966,14/08/2026,09:30:06 AM,PRESTAMO,PRIMERA PARTE,ROTC,14/09/2026,CONFIRMADA,3282149,0,27/12/2019,27/12/2026,1.723834,MINISTERIO DE HACIENDA,HACIENDA,61656
DO1005207118,MHUS2026,HACIENDA/6.65 BOEST 20261227 GTIA,29000,USD,29,-2.1753,101.830621,14/08/2026,09:30:05 AM,PLAZO,PRIMERA PARTE,ROTC,13/10/2026,CONFIRMADA,3282150,0,27/12/2019,27/12/2026,0,MINISTERIO DE HACIENDA,HACIENDA,59892
DO1002261928,LE090427,BCENTRAL/ LT 20270409 GTIA,70000,DOP,7,13.067,92.140529,14/08/2026,09:29:42 AM,CONTADO,PRIMERA PARTE,ROTC,17/08/2026,CONFIRMADA,3282196,0,09/04/2026,09/04/2027,0,BANCO CENTRAL DE LA REPUBLICA DOMINICANA,BCENTRAL,56721
DO1002261928,LE090427,BCENTRAL/ LT 20270409 GTIA,390000,DOP,39,10.0082,93.867538,14/08/2026,09:29:06 AM,CONTADO,PRIMERA PARTE,ROTC,17/08/2026,CONFIRMADA,3282193,0,09/04/2026,09/04/2027,0,BANCO CENTRAL DE LA REPUBLICA DOMINICANA,BCENTRAL,57876
DO1002261928,LE090427,BCENTRAL/ LT 20270409 GTIA,30000,DOP,3,21.2691,87.899833,14/08/2026,09:28:33 AM,CONTADO,PRIMERA PARTE,ROTC,19/08/2026,CONFIRMADA,3282190,0,09/04/2026,09/04/2027,0,BANCO CENTRAL DE LA REPUBLICA DOMINICANA,BCENTRAL,57197
DO1002261928,LE090427,BCENTRAL/ LT 20270409 GTIA,1270000,DOP,127,9.5495,94.132114,14/08/2026,09:27:59 AM,CONTADO,PRIMERA PARTE,ROTC,17/08/2026,CONFIRMADA,3282187,0,09/04/2026,09/04/2027,0,BANCO CENTRAL DE LA REPUBLICA DOMINICANA,BCENTRAL,58205
DO1002261928,LE090427,BCENTRAL/ LT 20270409 GTIA,140000,DOP,14,9.1245,94.378543,14/08/2026,09:26:06 AM,CONTADO,PRIMERA PARTE,ROTC,17/08/2026,CONFIRMADA,3282184,0,09/04/2026,09/04/2027,0,BANCO CENTRAL DE LA REPUBLICA DOMINICANA,BCENTRAL,57449
DO1002261928,LE090427,BCENTRAL/ LT 20270409 GTIA,3550000,DOP,355,9.4314,94.200431,14/08/2026,09:25:33 AM,CONTADO,PRIMERA PARTE,ROTC,17/08/2026,CONFIRMADA,3282181,0,09/04/2026,09/04/2027,0,BANCO CENTRAL DE LA REPUBLICA DOMINICANA,BCENTRAL,58086
DO1005207118,MHUS2026,HACIENDA/6.65 BOEST 20261227 GTIA,5000,USD,5,-13.215,107.8044,14/08/2026,09:22:20 AM,CONTADO,PRIMERA PARTE,ROTC,14/08/2026,CONFIRMADA,3282289,0,27/12/2019,27/12/2026,0,MINISTERIO DE HACIENDA,HACIENDA,59388
DO1002261928,LE090427,BCENTRAL/ LT 20270409 GTIA,980000,DOP,98,9.1087,94.387755,14/08/2026,09:21:54 AM,CONTADO,PRIMERA PARTE,ROTC,17/08/2026,CONFIRMADA,3282307,0,09/04/2026,09/04/2027,0,BANCO CENTRAL DE LA REPUBLICA DOMINICANA,BCENTRAL,57666
DO1002261928,LE090427,BCENTRAL/ LT 20270409 GTIA,30000,DOP,3,-2.0483,101.349333,14/08/2026,09:21:20 AM,CONTADO,PRIMERA PARTE,ROTC,18/08/2026,CONFIRMADA,3282175,0,09/04/2026,09/04/2027,0,BANCO CENTRAL DE LA REPUBLICA DOMINICANA,BCENTRAL,57204
DO1002261928,LE090427,BCENTRAL/ LT 20270409 GTIA,1110000,DOP,111,8.7912,94.594595,14/08/2026,09:20:51 AM,CONTADO,PRIMERA PARTE,ROTC,18/08/2026,CONFIRMADA,3282172,0,09/04/2026,09/04/2027,0,BANCO CENTRAL DE LA REPUBLICA DOMINICANA,BCENTRAL,58149
DO1005205419,MH42026,HACIENDA/11 BOEST 20261204 GTIA,22500000,DOP,225,5.1562,101.744308,14/08/2026,09:20:16 AM,CONTADO,PRIMERA PARTE,ROTC,14/08/2026,CONFIRMADA,3282169,0,04/06/2016,04/12/2026,0,MINISTERIO DE HACIENDA,HACIENDA,60256
DO1002261928,LE090427,BCENTRAL/ LT 20270409 GTIA,3180000,DOP,318,9.2704,94.339623,14/08/2026,09:19:54 AM,CONTADO,PRIMERA PARTE,ROTC,19/08/2026,CONFIRMADA,3282151,0,09/04/2026,09/04/2027,0,BANCO CENTRAL DE LA REPUBLICA DOMINICANA,BCENTRAL,58247
DO1005207118,MHUS2026,HACIENDA/6.65 BOEST 20261227 GTIA,29000,USD,29,-0.2992,102.573759,14/08/2026,09:19:07 AM,CONTADO,PRIMERA PARTE,ROTC,14/08/2026,CONFIRMADA,3282145,0,27/12/2019,27/12/2026,0,MINISTERIO DE HACIENDA,HACIENDA,61068
DO1002261423,NO301129,BCENTRAL/9.5 BOEST 20291130 GTIA,1150000,DOP,115,9.61064357,99.673391,14/08/2026,09:03:05 AM,PRESTAMO,SEGUNDA PARTE,ROTC,14/09/2026,CONFIRMADA,3282144,0,30/11/2025,30/11/2029,7.95,BANCO CENTRAL DE LA REPUBLICA DOMINICANA,BCENTRAL,62804
DO1002261423,NO301129,BCENTRAL/9.5 BOEST 20291130 GTIA,1150000,DOP,115,9.57076584,99.777174,14/08/2026,09:03:05 AM,PRESTAMO,PRIMERA PARTE,ROTC,14/08/2026,CONFIRMADA,3282144,0,30/11/2025,30/11/2029,7.95,BANCO CENTRAL DE LA REPUBLICA DOMINICANA,BCENTRAL,62958
DO1002261423,NO301129,BCENTRAL/9.5 BOEST 20291130 GTIA,1150000,DOP,115,9.61064357,99.673391,14/08/2026,09:03:04 AM,ESTRUCTURADA,SEGUNDA PARTE,ROTC,14/09/2026,CONFIRMADA,3282141,0,30/11/2025,30/11/2029,7.95,BANCO CENTRAL DE LA REPUBLICA DOMINICANA,BCENTRAL,64897
DO1002261423,NO301129,BCENTRAL/9.5 BOEST 20291130 GTIA,1150000,DOP,115,9.57076584,99.777174,14/08/2026,09:03:04 AM,ESTRUCTURADA,PRIMERA PARTE,ROTC,14/08/2026,CONFIRMADA,3282141,0,30/11/2025,30/11/2029,7.95,BANCO CENTRAL DE LA REPUBLICA DOMINICANA,BCENTRAL,65051
DO2016300124,BC1GUL01,GULFSTREAM/11.25 BO 20290528,107314,DOP,107314,9.42918737,104.18181,14/08/2026,09:03:03 AM,PRESTAMO,SEGUNDA PARTE,ROTC,13/10/2026,CONFIRMADA,3282143,0,28/05/2019,28/05/2029,8.1,GULFSTREAM PETROLEUM DOMINICANA S DE RL,GULFSTREAM,61768
DO2016300124,BC1GUL01,GULFSTREAM/11.25 BO 20290528,107314,DOP,107314,10.49966786,101.788903,14/08/2026,09:03:03 AM,PRESTAMO,PRIMERA PARTE,ROTC,14/08/2026,CONFIRMADA,3282143,0,28/05/2019,28/05/2029,8.1,GULFSTREAM PETROLEUM DOMINICANA S DE RL,GULFSTREAM,62692
DO2016300124,BC1GUL01,GULFSTREAM/11.25 BO 20290528,107314,DOP,107314,9.42918737,104.18181,14/08/2026,09:03:01 AM,ESTRUCTURADA,SEGUNDA PARTE,ROTC,13/10/2026,CONFIRMADA,3282142,0,28/05/2019,28/05/2029,8.1,GULFSTREAM PETROLEUM DOMINICANA S DE RL,GULFSTREAM,63854
DO2016300124,BC1GUL01,GULFSTREAM/11.25 BO 20290528,107314,DOP,107314,10.49966786,101.788903,14/08/2026,09:03:01 AM,ESTRUCTURADA,PRIMERA PARTE,ROTC,14/08/2026,CONFIRMADA,3282142,0,28/05/2019,28/05/2029,8.1,GULFSTREAM PETROLEUM DOMINICANA S DE RL,GULFSTREAM,64778
DO2006901311,BC1ITA01,EGEITABO/5.65 BO 20311208,2152,USD,2152,4.67806912,104.36562,14/08/2026,08:38:20 AM,PRESTAMO,SEGUNDA PARTE,ROTC,12/11/2026,CONFIRMADA,3282140,0,08/12/2021,08/12/2031,4.5,"EMPRESA GENERADORA DE ELECTRICIDAD ITABO, S.A.",EGEITABO,58709
DO2006901311,BC1ITA01,EGEITABO/5.65 BO 20311208,2152,USD,2152,4.67433601,104.570683,14/08/2026,08:38:20 AM,PRESTAMO,PRIMERA PARTE,ROTC,14/08/2026,CONFIRMADA,3282140,0,08/12/2021,08/12/2031,4.5,"EMPRESA GENERADORA DE ELECTRICIDAD ITABO, S.A.",EGEITABO,59150
DO2006901311,BC1ITA01,EGEITABO/5.65 BO 20311208,2152,USD,2152,4.67806912,104.36562,14/08/2026,08:38:19 AM,ESTRUCTURADA,SEGUNDA PARTE,ROTC,12/11/2026,CONFIRMADA,3282115,0,08/12/2021,08/12/2031,4.5,"EMPRESA GENERADORA DE ELECTRICIDAD ITABO, S.A.",EGEITABO,60865
DO2006901311,BC1ITA01,EGEITABO/5.65 BO 20311208,2152,USD,2152,4.67433601,104.570683,14/08/2026,08:38:19 AM,ESTRUCTURADA,PRIMERA PARTE,ROTC,14/08/2026,CONFIRMADA,3282115,0,08/12/2021,08/12/2031,4.5,"EMPRESA GENERADORA DE ELECTRICIDAD ITABO, S.A.",EGEITABO,61306
DO2006901311,BC1ITA01,EGEITABO/5.65 BO 20311208,1190,USD,1190,4.63861575,104.61249,14/08/2026,08:38:18 AM,PRESTAMO,SEGUNDA PARTE,ROTC,13/10/2026,CONFIRMADA,3282139,0,08/12/2021,08/12/2031,5.4,"EMPRESA GENERADORA DE ELECTRICIDAD ITABO, S.A.",EGEITABO,58786
DO2006901311,BC1ITA01,EGEITABO/5.65 BO 20311208,1190,USD,1190,4.67019226,104.590608,14/08/2026,08:38:18 AM,PRESTAMO,PRIMERA PARTE,ROTC,14/08/2026,CONFIRMADA,3282139,0,08/12/2021,08/12/2031,5.4,"EMPRESA GENERADORA DE ELECTRICIDAD ITABO, S.A.",EGEITABO,59227
DO2006901311,BC1ITA01,EGEITABO/5.65 BO 20311208,1190,USD,1190,4.63861575,104.61249,14/08/2026,08:38:17 AM,ESTRUCTURADA,SEGUNDA PARTE,ROTC,13/10/2026,CONFIRMADA,3282116,0,08/12/2021,08/12/2031,5.4,"EMPRESA GENERADORA DE ELECTRICIDAD ITABO, S.A.",EGEITABO,60879
DO2006901311,BC1ITA01,EGEITABO/5.65 BO 20311208,1190,USD,1190,4.67019226,104.590608,14/08/2026,08:38:17 AM,ESTRUCTURADA,PRIMERA PARTE,ROTC,14/08/2026,CONFIRMADA,3282116,0,08/12/2021,08/12/2031,5.4,"EMPRESA GENERADORA DE ELECTRICIDAD ITABO, S.A.",EGEITABO,61320
DO2006901311,BC1ITA01,EGEITABO/5.65 BO 20311208,2878,USD,2878,4.70779724,104.348983,14/08/2026,08:38:16 AM,PRESTAMO,SEGUNDA PARTE,ROTC,14/09/2026,CONFIRMADA,3282138,0,08/12/2021,08/12/2031,3.2,"EMPRESA GENERADORA DE ELECTRICIDAD ITABO, S.A.",EGEITABO,59472
DO2006901311,BC1ITA01,EGEITABO/5.65 BO 20311208,2878,USD,2878,4.68115006,104.537929,14/08/2026,08:38:16 AM,PRESTAMO,PRIMERA PARTE,ROTC,14/08/2026,CONFIRMADA,3282138,0,08/12/2021,08/12/2031,3.2,"EMPRESA GENERADORA DE ELECTRICIDAD ITABO, S.A.",EGEITABO,59416
DO2006901311,BC1ITA01,EGEITABO/5.65 BO 20311208,2878,USD,2878,4.70779724,104.348983,14/08/2026,08:38:14 AM,ESTRUCTURADA,SEGUNDA PARTE,ROTC,14/09/2026,CONFIRMADA,3282117,0,08/12/2021,08/12/2031,3.2,"EMPRESA GENERADORA DE ELECTRICIDAD ITABO, S.A.",EGEITABO,61558
DO2006901311,BC1ITA01,EGEITABO/5.65 BO 20311208,2878,USD,2878,4.68115006,104.537929,14/08/2026,08:38:14 AM,ESTRUCTURADA,PRIMERA PARTE,ROTC,14/08/2026,CONFIRMADA,3282117,0,08/12/2021,08/12/2031,3.2,"EMPRESA GENERADORA DE ELECTRICIDAD ITABO, S.A.",EGEITABO,61502
DO2006901311,BC1ITA01,EGEITABO/5.65 BO 20311208,3504,USD,3504,4.68168938,104.348952,14/08/2026,08:38:13 AM,PRESTAMO,SEGUNDA PARTE,ROTC,12/11/2026,CONFIRMADA,3282137,0,08/12/2021,08/12/2031,4.5,"EMPRESA GENERADORA DE ELECTRICIDAD ITABO, S.A.",EGEITABO,59220
DO2006901311,BC1ITA01,EGEITABO/5.65 BO 20311208,3504,USD,3504,4.67776462,104.554201,14/08/2026,08:38:13 AM,PRESTAMO,PRIMERA PARTE,ROTC,14/08/2026,CONFIRMADA,3282137,0,08/12/2021,08/12/2031,4.5,"EMPRESA GENERADORA DE ELECTRICIDAD ITABO, S.A.",EGEITABO,59213
DO2006901311,BC1ITA01,EGEITABO/5.65 BO 20311208,3504,USD,3504,4.68168938,104.348952,14/08/2026,08:38:12 AM,ESTRUCTURADA,SEGUNDA PARTE,ROTC,12/11/2026,CONFIRMADA,3282118,0,08/12/2021,08/12/2031,4.5,"EMPRESA GENERADORA DE ELECTRICIDAD ITABO, S.A.",EGEITABO,61313
DO2006901311,BC1ITA01,EGEITABO/5.65 BO 20311208,3504,USD,3504,4.67776462,104.554201,14/08/2026,08:38:12 AM,ESTRUCTURADA,PRIMERA PARTE,ROTC,14/08/2026,CONFIRMADA,3282118,0,08/12/2021,08/12/2031,4.5,"EMPRESA GENERADORA DE ELECTRICIDAD ITABO, S.A.",EGEITABO,61306
DO2016300124,BC1GUL01,GULFSTREAM/11.25 BO 20290528,100830,DOP,100830,11.54211547,99.358384,14/08/2026,08:38:11 AM,PRESTAMO,SEGUNDA PARTE,ROTC,12/11/2026,CONFIRMADA,3282136,0,28/05/2019,28/05/2029,8.35,GULFSTREAM PETROLEUM DOMINICANA S DE RL,GULFSTREAM,62132
DO2016300124,BC1GUL01,GULFSTREAM/11.25 BO 20290528,100830,DOP,100830,11.24991907,99.99478,14/08/2026,08:38:11 AM,PRESTAMO,PRIMERA PARTE,ROTC,14/08/2026,CONFIRMADA,3282136,0,28/05/2019,28/05/2029,8.35,GULFSTREAM PETROLEUM DOMINICANA S DE RL,GULFSTREAM,62041
DO2016300124,BC1GUL01,GULFSTREAM/11.25 BO 20290528,100830,DOP,100830,11.54211547,99.358384,14/08/2026,08:38:10 AM,ESTRUCTURADA,SEGUNDA PARTE,ROTC,12/11/2026,CONFIRMADA,3282119,0,28/05/2019,28/05/2029,8.35,GULFSTREAM PETROLEUM DOMINICANA S DE RL,GULFSTREAM,64225
DO2016300124,BC1GUL01,GULFSTREAM/11.25 BO 20290528,100830,DOP,100830,11.24991907,99.99478,14/08/2026,08:38:10 AM,ESTRUCTURADA,PRIMERA PARTE,ROTC,14/08/2026,CONFIRMADA,3282119,0,28/05/2019,28/05/2029,8.35,GULFSTREAM PETROLEUM DOMINICANA S DE RL,GULFSTREAM,64134
DO2006901311,BC1ITA01,EGEITABO/5.65 BO 20311208,3889,USD,3889,4.68585035,104.329799,14/08/2026,08:38:09 AM,PRESTAMO,SEGUNDA PARTE,ROTC,12/11/2026,CONFIRMADA,3282135,0,08/12/2021,08/12/2031,4.5,"EMPRESA GENERADORA DE ELECTRICIDAD ITABO, S.A.",EGEITABO,59472
DO2006901311,BC1ITA01,EGEITABO/5.65 BO 20311208,3889,USD,3889,4.6817053,104.53526,14/08/2026,08:38:09 AM,PRESTAMO,PRIMERA PARTE,ROTC,14/08/2026,CONFIRMADA,3282135,0,08/12/2021,08/12/2031,4.5,"EMPRESA GENERADORA DE ELECTRICIDAD ITABO, S.A.",EGEITABO,58723
DO2006901311,BC1ITA01,EGEITABO/5.65 BO 20311208,3889,USD,3889,4.68585035,104.329799,14/08/2026,08:38:08 AM,ESTRUCTURADA,SEGUNDA PARTE,ROTC,12/11/2026,CONFIRMADA,3282120,0,08/12/2021,08/12/2031,4.5,"EMPRESA GENERADORA DE ELECTRICIDAD ITABO, S.A.",EGEITABO,61565
DO2006901311,BC1ITA01,EGEITABO/5.65 BO 20311208,3889,USD,3889,4.6817053,104.53526,14/08/2026,08:38:08 AM,ESTRUCTURADA,PRIMERA PARTE,ROTC,14/08/2026,CONFIRMADA,3282120,0,08/12/2021,08/12/2031,4.5,"EMPRESA GENERADORA DE ELECTRICIDAD ITABO, S.A.",EGEITABO,60816
DO1005208322,MHUS2040,HACIENDA/6.75 BOEST 20400724 GTIA,166000,USD,166,4.51310292,122.662818,14/08/2026,08:38:06 AM,PRESTAMO,SEGUNDA PARTE,ROTC,12/11/2026,CONFIRMADA,3282134,0,24/07/2020,24/07/2040,4.6,MINISTERIO DE HACIENDA,HACIENDA,63322
DO1005208322,MHUS2040,HACIENDA/6.75 BOEST 20400724 GTIA,166000,USD,166,4.51862445,122.895211,14/08/2026,08:38:06 AM,PRESTAMO,PRIMERA PARTE,ROTC,14/08/2026,CONFIRMADA,3282134,0,24/07/2020,24/07/2040,4.6,MINISTERIO DE HACIENDA,HACIENDA,63490
DO1005208322,MHUS2040,HACIENDA/6.75 BOEST 20400724 GTIA,166000,USD,166,4.51310292,122.662818,14/08/2026,08:38:05 AM,ESTRUCTURADA,SEGUNDA PARTE,ROTC,12/11/2026,CONFIRMADA,3282121,0,24/07/2020,24/07/2040,4.6,MINISTERIO DE HACIENDA,HACIENDA,65415
DO1005208322,MHUS2040,HACIENDA/6.75 BOEST 20400724 GTIA,166000,USD,166,4.51862445,122.895211,14/08/2026,08:38:05 AM,ESTRUCTURADA,PRIMERA PARTE,ROTC,14/08/2026,CONFIRMADA,3282121,0,24/07/2020,24/07/2040,4.6,MINISTERIO DE HACIENDA,HACIENDA,65583
DO1002261423,NO301129,BCENTRAL/9.5 BOEST 20291130 GTIA,430000,DOP,43,9.37127615,100.323302,14/08/2026,08:38:04 AM,PRESTAMO,SEGUNDA PARTE,ROTC,14/09/2026,CONFIRMADA,3282133,0,30/11/2025,30/11/2029,9.1,BANCO CENTRAL DE LA REPUBLICA DOMINICANA,BCENTRAL,62279
DO1002261423,NO301129,BCENTRAL/9.5 BOEST 20291130 GTIA,430000,DOP,43,9.37460291,100.322064,14/08/2026,08:38:04 AM,PRESTAMO,PRIMERA PARTE,ROTC,14/08/2026,CONFIRMADA,3282133,0,30/11/2025,30/11/2029,9.1,BANCO CENTRAL DE LA REPUBLICA DOMINICANA,BCENTRAL,62363
DO1002261423,NO301129,BCENTRAL/9.5 BOEST 20291130 GTIA,430000,DOP,43,9.37127615,100.323302,14/08/2026,08:38:03 AM,ESTRUCTURADA,SEGUNDA PARTE,ROTC,14/09/2026,CONFIRMADA,3282122,0,30/11/2025,30/11/2029,9.1,BANCO CENTRAL DE LA REPUBLICA DOMINICANA,BCENTRAL,64372
DO1002261423,NO301129,BCENTRAL/9.5 BOEST 20291130 GTIA,430000,DOP,43,9.37460291,100.322064,14/08/2026,08:38:03 AM,ESTRUCTURADA,PRIMERA PARTE,ROTC,14/08/2026,CONFIRMADA,3282122,0,30/11/2025,30/11/2029,9.1,BANCO CENTRAL DE LA REPUBLICA DOMINICANA,BCENTRAL,64456
DO1002261423,NO301129,BCENTRAL/9.5 BOEST 20291130 GTIA,510000,DOP,51,9.95296038,98.75307,14/08/2026,08:38:02 AM,PRESTAMO,SEGUNDA PARTE,ROTC,14/09/2026,CONFIRMADA,3282132,0,30/11/2025,30/11/2029,7.9,BANCO CENTRAL DE LA REPUBLICA DOMINICANA,BCENTRAL,61824
DO1002261423,NO301129,BCENTRAL/9.5 BOEST 20291130 GTIA,510000,DOP,51,9.90127719,98.867422,14/08/2026,08:38:02 AM,PRESTAMO,PRIMERA PARTE,ROTC,14/08/2026,CONFIRMADA,3282132,0,30/11/2025,30/11/2029,7.9,BANCO CENTRAL DE LA REPUBLICA DOMINICANA,BCENTRAL,62223
DO1002261423,NO301129,BCENTRAL/9.5 BOEST 20291130 GTIA,510000,DOP,51,9.95296038,98.75307,14/08/2026,08:38:01 AM,ESTRUCTURADA,SEGUNDA PARTE,ROTC,14/09/2026,CONFIRMADA,3282123,0,30/11/2025,30/11/2029,7.9,BANCO CENTRAL DE LA REPUBLICA DOMINICANA,BCENTRAL,63917
DO1002261423,NO301129,BCENTRAL/9.5 BOEST 20291130 GTIA,510000,DOP,51,9.90127719,98.867422,14/08/2026,08:38:01 AM,ESTRUCTURADA,PRIMERA PARTE,ROTC,14/08/2026,CONFIRMADA,3282123,0,30/11/2025,30/11/2029,7.9,BANCO CENTRAL DE LA REPUBLICA DOMINICANA,BCENTRAL,64316
DO1002261423,NO301129,BCENTRAL/9.5 BOEST 20291130 GTIA,1040000,DOP,104,9.68148708,99.498029,14/08/2026,08:38:00 AM,PRESTAMO,SEGUNDA PARTE,ROTC,13/10/2026,CONFIRMADA,3282131,0,30/11/2025,30/11/2029,8.2,BANCO CENTRAL DE LA REPUBLICA DOMINICANA,BCENTRAL,62818
DO1002261423,NO301129,BCENTRAL/9.5 BOEST 20291130 GTIA,1040000,DOP,104,9.61379865,99.658134,14/08/2026,08:38:00 AM,PRESTAMO,PRIMERA PARTE,ROTC,14/08/2026,CONFIRMADA,3282131,0,30/11/2025,30/11/2029,8.2,BANCO CENTRAL DE LA REPUBLICA DOMINICANA,BCENTRAL,62923
DO1002261423,NO301129,BCENTRAL/9.5 BOEST 20291130 GTIA,1040000,DOP,104,9.68148708,99.498029,14/08/2026,08:37:58 AM,ESTRUCTURADA,SEGUNDA PARTE,ROTC,13/10/2026,CONFIRMADA,3282124,0,30/11/2025,30/11/2029,8.2,BANCO CENTRAL DE LA REPUBLICA DOMINICANA,BCENTRAL,65002
DO1002261423,NO301129,BCENTRAL/9.5 BOEST 20291130 GTIA,1040000,DOP,104,9.61379865,99.658134,14/08/2026,08:37:58 AM,ESTRUCTURADA,PRIMERA PARTE,ROTC,14/08/2026,CONFIRMADA,3282124,0,30/11/2025,30/11/2029,8.2,BANCO CENTRAL DE LA REPUBLICA DOMINICANA,BCENTRAL,65107
DO2006901311,BC1ITA01,EGEITABO/5.65 BO 20311208,4873,USD,4873,4.70523651,104.361096,14/08/2026,08:37:57 AM,PRESTAMO,SEGUNDA PARTE,ROTC,14/09/2026,CONFIRMADA,3282130,0,08/12/2021,08/12/2031,3.25,"EMPRESA GENERADORA DE ELECTRICIDAD ITABO, S.A.",EGEITABO,59290
DO2006901311,BC1ITA01,EGEITABO/5.65 BO 20311208,4873,USD,4873,4.67958005,104.545475,14/08/2026,08:37:57 AM,PRESTAMO,PRIMERA PARTE,ROTC,14/08/2026,CONFIRMADA,3282130,0,08/12/2021,08/12/2031,3.25,"EMPRESA GENERADORA DE ELECTRICIDAD ITABO, S.A.",EGEITABO,59458
DO2006901311,BC1ITA01,EGEITABO/5.65 BO 20311208,4873,USD,4873,4.70523651,104.361096,14/08/2026,08:37:56 AM,ESTRUCTURADA,SEGUNDA PARTE,ROTC,14/09/2026,CONFIRMADA,3282125,0,08/12/2021,08/12/2031,3.25,"EMPRESA GENERADORA DE ELECTRICIDAD ITABO, S.A.",EGEITABO,61383
DO2006901311,BC1ITA01,EGEITABO/5.65 BO 20311208,4873,USD,4873,4.67958005,104.545475,14/08/2026,08:37:56 AM,ESTRUCTURADA,PRIMERA PARTE,ROTC,14/08/2026,CONFIRMADA,3282125,0,08/12/2021,08/12/2031,3.25,"EMPRESA GENERADORA DE ELECTRICIDAD ITABO, S.A.",EGEITABO,61551
DO1005208322,MHUS2040,HACIENDA/6.75 BOEST 20400724 GTIA,244000,USD,244,4.55729181,122.296414,14/08/2026,08:37:55 AM,PRESTAMO,SEGUNDA PARTE,ROTC,28/09/2026,CONFIRMADA,3282129,0,24/07/2020,24/07/2040,3.55,MINISTERIO DE HACIENDA,HACIENDA,63469
DO1005208322,MHUS2040,HACIENDA/6.75 BOEST 20400724 GTIA,244000,USD,244,4.54592329,122.57582,14/08/2026,08:37:55 AM,PRESTAMO,PRIMERA PARTE,ROTC,14/08/2026,CONFIRMADA,3282129,0,24/07/2020,24/07/2040,3.55,MINISTERIO DE HACIENDA,HACIENDA,63168
DO1005208322,MHUS2040,HACIENDA/6.75 BOEST 20400724 GTIA,244000,USD,244,4.55729181,122.296414,14/08/2026,08:37:54 AM,ESTRUCTURADA,SEGUNDA PARTE,ROTC,28/09/2026,CONFIRMADA,3282126,0,24/07/2020,24/07/2040,3.55,MINISTERIO DE HACIENDA,HACIENDA,65562
DO1005208322,MHUS2040,HACIENDA/6.75 BOEST 20400724 GTIA,244000,USD,244,4.54592329,122.57582,14/08/2026,08:37:54 AM,ESTRUCTURADA,PRIMERA PARTE,ROTC,14/08/2026,CONFIRMADA,3282126,0,24/07/2020,24/07/2040,3.55,MINISTERIO DE HACIENDA,HACIENDA,65261
DO2006901311,BC1ITA01,EGEITABO/5.65 BO 20311208,6947,USD,6947,4.67733426,104.369004,14/08/2026,08:37:52 AM,PRESTAMO,SEGUNDA PARTE,ROTC,12/11/2026,CONFIRMADA,3282128,0,08/12/2021,08/12/2031,4.55,"EMPRESA GENERADORA DE ELECTRICIDAD ITABO, S.A.",EGEITABO,59290
DO2006901311,BC1ITA01,EGEITABO/5.65 BO 20311208,6947,USD,6947,4.6763551,104.560977,14/08/2026,08:37:52 AM,PRESTAMO,PRIMERA PARTE,ROTC,14/08/2026,CONFIRMADA,3282128,0,08/12/2021,08/12/2031,4.55,"EMPRESA GENERADORA DE ELECTRICIDAD ITABO, S.A.",EGEITABO,59122
DO2006901311,BC1ITA01,EGEITABO/5.65 BO 20311208,6947,USD,6947,4.67733426,104.369004,14/08/2026,08:37:51 AM,ESTRUCTURADA,SEGUNDA PARTE,ROTC,12/11/2026,CONFIRMADA,3282127,0,08/12/2021,08/12/2031,4.55,"EMPRESA GENERADORA DE ELECTRICIDAD ITABO, S.A.",EGEITABO,61383
DO2006901311,BC1ITA01,EGEITABO/5.65 BO 20311208,6947,USD,6947,4.6763551,104.560977,14/08/2026,08:37:51 AM,ESTRUCTURADA,PRIMERA PARTE,ROTC,14/08/2026,CONFIRMADA,3282127,0,08/12/2021,08/12/2031,4.55,"EMPRESA GENERADORA DE ELECTRICIDAD ITABO, S.A.",EGEITABO,61215
